
 /----------------------------------------------------------------------------\
 |  yosys -- Yosys Open SYnthesis Suite                                       |
 |  Copyright (C) 2012 - 2026  Claire Xenia Wolf <claire@yosyshq.com>         |
 |  Distributed under an ISC-like license, type "license" to see terms        |
 \----------------------------------------------------------------------------/
 Yosys 0.67 (git sha1 2d1509d1b, Release, GNU /usr/bin/c++ 13.3.0)

-- Executing script file `seq_equiv_negctl.ys' --

1. Executing Verilog-2005 frontend: /work/designs/g1-guardian/blocks/g1_ctrl/rtl_eco_20260925/g1_sync2.v
Parsing Verilog input from `/work/designs/g1-guardian/blocks/g1_ctrl/rtl_eco_20260925/g1_sync2.v' to AST representation.
Generating RTLIL representation for module `\g1_sync2'.
Successfully finished Verilog frontend.

2. Executing Verilog-2005 frontend: /work/designs/g1-guardian/blocks/g1_ctrl/rtl_eco_20260925/g1_serial.v
Parsing Verilog input from `/work/designs/g1-guardian/blocks/g1_ctrl/rtl_eco_20260925/g1_serial.v' to AST representation.
Generating RTLIL representation for module `\g1_serial'.
Successfully finished Verilog frontend.

3. Executing Verilog-2005 frontend: /work/designs/g1-guardian/blocks/g1_ctrl/rtl_eco_20260925/g1_trip_timer.v
Parsing Verilog input from `/work/designs/g1-guardian/blocks/g1_ctrl/rtl_eco_20260925/g1_trip_timer.v' to AST representation.
Generating RTLIL representation for module `\g1_trip_timer'.
Successfully finished Verilog frontend.

4. Executing Verilog-2005 frontend: /work/designs/g1-guardian/blocks/g1_ctrl/rtl_eco_20260925/g1_regfile.v
Parsing Verilog input from `/work/designs/g1-guardian/blocks/g1_ctrl/rtl_eco_20260925/g1_regfile.v' to AST representation.
Generating RTLIL representation for module `\g1_regfile'.
Successfully finished Verilog frontend.

5. Executing Verilog-2005 frontend: /work/designs/g1-guardian/blocks/g1_seu/rtl_eco_20260925/g1_tmr_reg.v
Parsing Verilog input from `/work/designs/g1-guardian/blocks/g1_seu/rtl_eco_20260925/g1_tmr_reg.v' to AST representation.
Generating RTLIL representation for module `\g1_tmr_copy'.
Generating RTLIL representation for module `\g1_tmr_reg'.
Successfully finished Verilog frontend.

6. Executing Verilog-2005 frontend: /work/designs/g1-guardian/blocks/g1_seu/rtl_eco_20260925/g1_seu_chain.v
Parsing Verilog input from `/work/designs/g1-guardian/blocks/g1_seu/rtl_eco_20260925/g1_seu_chain.v' to AST representation.
Generating RTLIL representation for module `\g1_seu_chain'.
Successfully finished Verilog frontend.

7. Executing Verilog-2005 frontend: /work/designs/g1-guardian/blocks/g1_seu/rtl_eco_20260925/g1_seu.v
Parsing Verilog input from `/work/designs/g1-guardian/blocks/g1_seu/rtl_eco_20260925/g1_seu.v' to AST representation.
Generating RTLIL representation for module `\g1_seu'.
Successfully finished Verilog frontend.

8. Executing Verilog-2005 frontend: /work/designs/g1-guardian/blocks/g1_ctrl/rtl_eco_20260925/g1_digital_top.v
Parsing Verilog input from `/work/designs/g1-guardian/blocks/g1_ctrl/rtl_eco_20260925/g1_digital_top.v' to AST representation.
Generating RTLIL representation for module `\g1_digital_top'.
Successfully finished Verilog frontend.

9. Executing Verilog-2005 frontend: /work/designs/g1-guardian/blocks/g1_ctrl/rtl_eco_20260925/g1_digital.v
Parsing Verilog input from `/work/designs/g1-guardian/blocks/g1_ctrl/rtl_eco_20260925/g1_digital.v' to AST representation.
Generating RTLIL representation for module `\g1_digital'.
Successfully finished Verilog frontend.

10. Executing HIERARCHY pass (managing design hierarchy).

10.1. Analyzing design hierarchy..
Top module:  \g1_digital
Used module:     \g1_digital_top
Used module:         \g1_seu
Used module:             \g1_tmr_reg
Used module:                 \g1_tmr_copy
Used module:             \g1_seu_chain
Used module:         \g1_trip_timer
Used module:             \g1_sync2
Used module:         \g1_regfile
Used module:         \g1_serial
Parameter \W = 3

10.2. Executing AST frontend in derive mode using pre-parsed AST for module `\g1_sync2'.
Parameter \W = 3
Generating RTLIL representation for module `$paramod\g1_sync2\W=s32'00000000000000000000000000000011'.
Parameter \W = 8
Parameter \RST = 8'00000000

10.3. Executing AST frontend in derive mode using pre-parsed AST for module `\g1_tmr_copy'.
Parameter \W = 8
Parameter \RST = 8'00000000
Generating RTLIL representation for module `$paramod\g1_tmr_copy\W=s32'00000000000000000000000000001000\RST=8'00000000'.
Parameter \W = 8
Parameter \RST = 8'00000000
Found cached RTLIL representation for module `$paramod\g1_tmr_copy\W=s32'00000000000000000000000000001000\RST=8'00000000'.
Parameter \W = 8
Parameter \RST = 8'00000000
Found cached RTLIL representation for module `$paramod\g1_tmr_copy\W=s32'00000000000000000000000000001000\RST=8'00000000'.
Parameter \W = 8

10.4. Executing AST frontend in derive mode using pre-parsed AST for module `\g1_tmr_reg'.
Parameter \W = 8
Generating RTLIL representation for module `$paramod\g1_tmr_reg\W=s32'00000000000000000000000000001000'.
Parameter \W = 8
Found cached RTLIL representation for module `$paramod\g1_tmr_reg\W=s32'00000000000000000000000000001000'.
Parameter \W = 8
Found cached RTLIL representation for module `$paramod\g1_tmr_reg\W=s32'00000000000000000000000000001000'.
Parameter \W = 16

10.5. Executing AST frontend in derive mode using pre-parsed AST for module `\g1_tmr_reg'.
Parameter \W = 16
Generating RTLIL representation for module `$paramod\g1_tmr_reg\W=s32'00000000000000000000000000010000'.
Parameter \W = 16
Found cached RTLIL representation for module `$paramod\g1_tmr_reg\W=s32'00000000000000000000000000010000'.
Parameter \LEN = 256

10.6. Executing AST frontend in derive mode using pre-parsed AST for module `\g1_seu_chain'.
Parameter \LEN = 256
Generating RTLIL representation for module `$paramod\g1_seu_chain\LEN=s32'00000000000000000000000100000000'.
Parameter \LEN = 256
Found cached RTLIL representation for module `$paramod\g1_seu_chain\LEN=s32'00000000000000000000000100000000'.
Parameter \LEN = 256
Found cached RTLIL representation for module `$paramod\g1_seu_chain\LEN=s32'00000000000000000000000100000000'.
Parameter \LEN = 1024

10.7. Executing AST frontend in derive mode using pre-parsed AST for module `\g1_seu_chain'.
Parameter \LEN = 1024
Generating RTLIL representation for module `$paramod\g1_seu_chain\LEN=s32'00000000000000000000010000000000'.
Parameter \W = 1

10.8. Executing AST frontend in derive mode using pre-parsed AST for module `\g1_tmr_reg'.
Parameter \W = 1
Generating RTLIL representation for module `$paramod\g1_tmr_reg\W=s32'00000000000000000000000000000001'.
Parameter \W = 2

10.9. Executing AST frontend in derive mode using pre-parsed AST for module `\g1_tmr_reg'.
Parameter \W = 2
Generating RTLIL representation for module `$paramod\g1_tmr_reg\W=s32'00000000000000000000000000000010'.
Parameter \W = 11

10.10. Executing AST frontend in derive mode using pre-parsed AST for module `\g1_tmr_reg'.
Parameter \W = 11
Generating RTLIL representation for module `$paramod\g1_tmr_reg\W=s32'00000000000000000000000000001011'.
Parameter \W = 1
Found cached RTLIL representation for module `$paramod\g1_tmr_reg\W=s32'00000000000000000000000000000001'.
Parameter \PLAIN_LEN = 256
Parameter \TMR_LEN = 128

10.11. Executing AST frontend in derive mode using pre-parsed AST for module `\g1_seu'.
Parameter \PLAIN_LEN = 256
Parameter \TMR_LEN = 128
Generating RTLIL representation for module `$paramod$7cd0e08587c39dd05267ecef85b4bf6c366d07a1\g1_seu'.
Parameter \SEU_PLAIN_LEN = 256
Parameter \SEU_TMR_LEN = 128

10.12. Executing AST frontend in derive mode using pre-parsed AST for module `\g1_digital_top'.
Parameter \SEU_PLAIN_LEN = 256
Parameter \SEU_TMR_LEN = 128
Generating RTLIL representation for module `$paramod$960dff170a40f9afbd2fa5e307e2efb19cec09e9\g1_digital_top'.

10.13. Analyzing design hierarchy..
Top module:  \g1_digital
Used module:     $paramod$960dff170a40f9afbd2fa5e307e2efb19cec09e9\g1_digital_top
Used module:         \g1_seu
Used module:             $paramod\g1_tmr_reg\W=s32'00000000000000000000000000001000
Used module:                 \g1_tmr_copy
Used module:             $paramod\g1_tmr_reg\W=s32'00000000000000000000000000010000
Used module:             $paramod\g1_seu_chain\LEN=s32'00000000000000000000000100000000
Used module:             $paramod\g1_seu_chain\LEN=s32'00000000000000000000010000000000
Used module:             $paramod\g1_tmr_reg\W=s32'00000000000000000000000000000001
Used module:             $paramod\g1_tmr_reg\W=s32'00000000000000000000000000000010
Used module:             $paramod\g1_tmr_reg\W=s32'00000000000000000000000000001011
Used module:         \g1_trip_timer
Used module:             $paramod\g1_sync2\W=s32'00000000000000000000000000000011
Used module:         \g1_regfile
Used module:         \g1_serial
Used module:             \g1_sync2
Parameter \W = 8
Parameter \RST = 8'00000000
Found cached RTLIL representation for module `$paramod\g1_tmr_copy\W=s32'00000000000000000000000000001000\RST=8'00000000'.
Parameter \W = 8
Parameter \RST = 8'00000000
Found cached RTLIL representation for module `$paramod\g1_tmr_copy\W=s32'00000000000000000000000000001000\RST=8'00000000'.
Parameter \W = 8
Parameter \RST = 8'00000000
Found cached RTLIL representation for module `$paramod\g1_tmr_copy\W=s32'00000000000000000000000000001000\RST=8'00000000'.
Parameter \W = 16
Parameter \RST = 16'0000000000000000

10.14. Executing AST frontend in derive mode using pre-parsed AST for module `\g1_tmr_copy'.
Parameter \W = 16
Parameter \RST = 16'0000000000000000
Generating RTLIL representation for module `$paramod$8541b5f35354f640665a7f7c1d1215e141bb33c4\g1_tmr_copy'.
Parameter \W = 16
Parameter \RST = 16'0000000000000000
Found cached RTLIL representation for module `$paramod$8541b5f35354f640665a7f7c1d1215e141bb33c4\g1_tmr_copy'.
Parameter \W = 16
Parameter \RST = 16'0000000000000000
Found cached RTLIL representation for module `$paramod$8541b5f35354f640665a7f7c1d1215e141bb33c4\g1_tmr_copy'.
Parameter \W = 1
Parameter \RST = 1'0

10.15. Executing AST frontend in derive mode using pre-parsed AST for module `\g1_tmr_copy'.
Parameter \W = 1
Parameter \RST = 1'0
Generating RTLIL representation for module `$paramod\g1_tmr_copy\W=s32'00000000000000000000000000000001\RST=1'0'.
Parameter \W = 1
Parameter \RST = 1'0
Found cached RTLIL representation for module `$paramod\g1_tmr_copy\W=s32'00000000000000000000000000000001\RST=1'0'.
Parameter \W = 1
Parameter \RST = 1'0
Found cached RTLIL representation for module `$paramod\g1_tmr_copy\W=s32'00000000000000000000000000000001\RST=1'0'.
Parameter \W = 2
Parameter \RST = 2'00

10.16. Executing AST frontend in derive mode using pre-parsed AST for module `\g1_tmr_copy'.
Parameter \W = 2
Parameter \RST = 2'00
Generating RTLIL representation for module `$paramod\g1_tmr_copy\W=s32'00000000000000000000000000000010\RST=2'00'.
Parameter \W = 2
Parameter \RST = 2'00
Found cached RTLIL representation for module `$paramod\g1_tmr_copy\W=s32'00000000000000000000000000000010\RST=2'00'.
Parameter \W = 2
Parameter \RST = 2'00
Found cached RTLIL representation for module `$paramod\g1_tmr_copy\W=s32'00000000000000000000000000000010\RST=2'00'.
Parameter \W = 11
Parameter \RST = 11'00000000000

10.17. Executing AST frontend in derive mode using pre-parsed AST for module `\g1_tmr_copy'.
Parameter \W = 11
Parameter \RST = 11'00000000000
Generating RTLIL representation for module `$paramod\g1_tmr_copy\W=s32'00000000000000000000000000001011\RST=11'00000000000'.
Parameter \W = 11
Parameter \RST = 11'00000000000
Found cached RTLIL representation for module `$paramod\g1_tmr_copy\W=s32'00000000000000000000000000001011\RST=11'00000000000'.
Parameter \W = 11
Parameter \RST = 11'00000000000
Found cached RTLIL representation for module `$paramod\g1_tmr_copy\W=s32'00000000000000000000000000001011\RST=11'00000000000'.
Parameter \PLAIN_LEN = 256
Parameter \TMR_LEN = 128
Found cached RTLIL representation for module `$paramod$7cd0e08587c39dd05267ecef85b4bf6c366d07a1\g1_seu'.

10.18. Analyzing design hierarchy..
Top module:  \g1_digital
Used module:     $paramod$960dff170a40f9afbd2fa5e307e2efb19cec09e9\g1_digital_top
Used module:         $paramod$7cd0e08587c39dd05267ecef85b4bf6c366d07a1\g1_seu
Used module:             \g1_tmr_reg
Used module:                 $paramod\g1_tmr_copy\W=s32'00000000000000000000000000001000\RST=8'00000000
Used module:             \g1_seu_chain
Used module:         \g1_trip_timer
Used module:             $paramod\g1_sync2\W=s32'00000000000000000000000000000011
Used module:         \g1_regfile
Used module:         \g1_serial
Used module:             \g1_sync2
Parameter \W = 8
Found cached RTLIL representation for module `$paramod\g1_tmr_reg\W=s32'00000000000000000000000000001000'.
Parameter \W = 8
Found cached RTLIL representation for module `$paramod\g1_tmr_reg\W=s32'00000000000000000000000000001000'.
Parameter \W = 8
Found cached RTLIL representation for module `$paramod\g1_tmr_reg\W=s32'00000000000000000000000000001000'.
Parameter \W = 16
Found cached RTLIL representation for module `$paramod\g1_tmr_reg\W=s32'00000000000000000000000000010000'.
Parameter \W = 16
Found cached RTLIL representation for module `$paramod\g1_tmr_reg\W=s32'00000000000000000000000000010000'.
Parameter \LEN = 128

10.19. Executing AST frontend in derive mode using pre-parsed AST for module `\g1_seu_chain'.
Parameter \LEN = 128
Generating RTLIL representation for module `$paramod\g1_seu_chain\LEN=s32'00000000000000000000000010000000'.
Parameter \LEN = 128
Found cached RTLIL representation for module `$paramod\g1_seu_chain\LEN=s32'00000000000000000000000010000000'.
Parameter \LEN = 128
Found cached RTLIL representation for module `$paramod\g1_seu_chain\LEN=s32'00000000000000000000000010000000'.
Parameter \LEN = 256
Found cached RTLIL representation for module `$paramod\g1_seu_chain\LEN=s32'00000000000000000000000100000000'.
Parameter \W = 1
Found cached RTLIL representation for module `$paramod\g1_tmr_reg\W=s32'00000000000000000000000000000001'.
Parameter \W = 2
Found cached RTLIL representation for module `$paramod\g1_tmr_reg\W=s32'00000000000000000000000000000010'.
Parameter \W = 11
Found cached RTLIL representation for module `$paramod\g1_tmr_reg\W=s32'00000000000000000000000000001011'.
Parameter \W = 1
Found cached RTLIL representation for module `$paramod\g1_tmr_reg\W=s32'00000000000000000000000000000001'.

10.20. Analyzing design hierarchy..
Top module:  \g1_digital
Used module:     $paramod$960dff170a40f9afbd2fa5e307e2efb19cec09e9\g1_digital_top
Used module:         $paramod$7cd0e08587c39dd05267ecef85b4bf6c366d07a1\g1_seu
Used module:             $paramod\g1_tmr_reg\W=s32'00000000000000000000000000001000
Used module:                 $paramod\g1_tmr_copy\W=s32'00000000000000000000000000001000\RST=8'00000000
Used module:             $paramod\g1_tmr_reg\W=s32'00000000000000000000000000010000
Used module:                 $paramod$8541b5f35354f640665a7f7c1d1215e141bb33c4\g1_tmr_copy
Used module:             $paramod\g1_seu_chain\LEN=s32'00000000000000000000000010000000
Used module:             $paramod\g1_seu_chain\LEN=s32'00000000000000000000000100000000
Used module:             $paramod\g1_tmr_reg\W=s32'00000000000000000000000000000001
Used module:                 $paramod\g1_tmr_copy\W=s32'00000000000000000000000000000001\RST=1'0
Used module:             $paramod\g1_tmr_reg\W=s32'00000000000000000000000000000010
Used module:                 $paramod\g1_tmr_copy\W=s32'00000000000000000000000000000010\RST=2'00
Used module:             $paramod\g1_tmr_reg\W=s32'00000000000000000000000000001011
Used module:                 $paramod\g1_tmr_copy\W=s32'00000000000000000000000000001011\RST=11'00000000000
Used module:         \g1_trip_timer
Used module:             $paramod\g1_sync2\W=s32'00000000000000000000000000000011
Used module:         \g1_regfile
Used module:         \g1_serial
Used module:             \g1_sync2

10.21. Analyzing design hierarchy..
Top module:  \g1_digital
Used module:     $paramod$960dff170a40f9afbd2fa5e307e2efb19cec09e9\g1_digital_top
Used module:         $paramod$7cd0e08587c39dd05267ecef85b4bf6c366d07a1\g1_seu
Used module:             $paramod\g1_tmr_reg\W=s32'00000000000000000000000000001000
Used module:                 $paramod\g1_tmr_copy\W=s32'00000000000000000000000000001000\RST=8'00000000
Used module:             $paramod\g1_tmr_reg\W=s32'00000000000000000000000000010000
Used module:                 $paramod$8541b5f35354f640665a7f7c1d1215e141bb33c4\g1_tmr_copy
Used module:             $paramod\g1_seu_chain\LEN=s32'00000000000000000000000010000000
Used module:             $paramod\g1_seu_chain\LEN=s32'00000000000000000000000100000000
Used module:             $paramod\g1_tmr_reg\W=s32'00000000000000000000000000000001
Used module:                 $paramod\g1_tmr_copy\W=s32'00000000000000000000000000000001\RST=1'0
Used module:             $paramod\g1_tmr_reg\W=s32'00000000000000000000000000000010
Used module:                 $paramod\g1_tmr_copy\W=s32'00000000000000000000000000000010\RST=2'00
Used module:             $paramod\g1_tmr_reg\W=s32'00000000000000000000000000001011
Used module:                 $paramod\g1_tmr_copy\W=s32'00000000000000000000000000001011\RST=11'00000000000
Used module:         \g1_trip_timer
Used module:             $paramod\g1_sync2\W=s32'00000000000000000000000000000011
Used module:         \g1_regfile
Used module:         \g1_serial
Used module:             \g1_sync2
Removing unused module `$paramod\g1_seu_chain\LEN=s32'00000000000000000000010000000000'.
Removing unused module `\g1_digital_top'.
Removing unused module `\g1_seu'.
Removing unused module `\g1_seu_chain'.
Removing unused module `\g1_tmr_reg'.
Removing unused module `\g1_tmr_copy'.
Removed 6 unused modules.

11. Executing PROC pass (convert processes to netlists).

11.1. Executing PROC_CLEAN pass (remove empty switches from decision trees).
Cleaned up 0 empty switches.

11.2. Executing PROC_RMDEAD pass (remove dead branches from decision trees).
Marked 8 switch rules as full_case in process $proc$/work/designs/g1-guardian/blocks/g1_seu/rtl_eco_20260925/g1_seu.v:100$312 in module $paramod$7cd0e08587c39dd05267ecef85b4bf6c366d07a1\g1_seu.
Marked 2 switch rules as full_case in process $proc$/work/designs/g1-guardian/blocks/g1_seu/rtl_eco_20260925/g1_seu.v:51$283 in module $paramod$7cd0e08587c39dd05267ecef85b4bf6c366d07a1\g1_seu.
Marked 1 switch rules as full_case in process $proc$/work/designs/g1-guardian/blocks/g1_seu/rtl_eco_20260925/g1_seu_chain.v:20$351 in module $paramod\g1_seu_chain\LEN=s32'00000000000000000000000010000000.
Marked 1 switch rules as full_case in process $proc$/work/designs/g1-guardian/blocks/g1_seu/rtl_eco_20260925/g1_seu_chain.v:20$258 in module $paramod\g1_seu_chain\LEN=s32'00000000000000000000000100000000.
Marked 1 switch rules as full_case in process $proc$/work/designs/g1-guardian/blocks/g1_seu/rtl_eco_20260925/g1_tmr_reg.v:20$246 in module $paramod\g1_tmr_copy\W=s32'00000000000000000000000000001000\RST=8'00000000.
Marked 1 switch rules as full_case in process $proc$/work/designs/g1-guardian/blocks/g1_ctrl/rtl_eco_20260925/g1_sync2.v:14$244 in module $paramod\g1_sync2\W=s32'00000000000000000000000000000011.
Marked 1 switch rules as full_case in process $proc$/work/designs/g1-guardian/blocks/g1_seu/rtl_eco_20260925/g1_tmr_reg.v:20$349 in module $paramod\g1_tmr_copy\W=s32'00000000000000000000000000001011\RST=11'00000000000.
Marked 1 switch rules as full_case in process $proc$/work/designs/g1-guardian/blocks/g1_seu/rtl_eco_20260925/g1_tmr_reg.v:20$347 in module $paramod\g1_tmr_copy\W=s32'00000000000000000000000000000010\RST=2'00.
Marked 1 switch rules as full_case in process $proc$/work/designs/g1-guardian/blocks/g1_seu/rtl_eco_20260925/g1_tmr_reg.v:20$345 in module $paramod\g1_tmr_copy\W=s32'00000000000000000000000000000001\RST=1'0.
Marked 1 switch rules as full_case in process $proc$/work/designs/g1-guardian/blocks/g1_seu/rtl_eco_20260925/g1_tmr_reg.v:20$343 in module $paramod$8541b5f35354f640665a7f7c1d1215e141bb33c4\g1_tmr_copy.
Marked 1 switch rules as full_case in process $proc$/work/designs/g1-guardian/blocks/g1_ctrl/rtl_eco_20260925/g1_digital_top.v:108$339 in module $paramod$960dff170a40f9afbd2fa5e307e2efb19cec09e9\g1_digital_top.
Marked 1 switch rules as full_case in process $proc$/work/designs/g1-guardian/blocks/g1_ctrl/rtl_eco_20260925/g1_digital_top.v:99$336 in module $paramod$960dff170a40f9afbd2fa5e307e2efb19cec09e9\g1_digital_top.
Marked 1 switch rules as full_case in process $proc$/work/designs/g1-guardian/blocks/g1_ctrl/rtl_eco_20260925/g1_digital_top.v:86$334 in module $paramod$960dff170a40f9afbd2fa5e307e2efb19cec09e9\g1_digital_top.
Marked 1 switch rules as full_case in process $proc$/work/designs/g1-guardian/blocks/g1_ctrl/rtl_eco_20260925/g1_digital_top.v:67$325 in module $paramod$960dff170a40f9afbd2fa5e307e2efb19cec09e9\g1_digital_top.
Marked 1 switch rules as full_case in process $proc$/work/designs/g1-guardian/blocks/g1_ctrl/rtl_eco_20260925/g1_regfile.v:233$168 in module g1_regfile.
Marked 1 switch rules as full_case in process $proc$/work/designs/g1-guardian/blocks/g1_ctrl/rtl_eco_20260925/g1_regfile.v:218$166 in module g1_regfile.
Marked 2 switch rules as full_case in process $proc$/work/designs/g1-guardian/blocks/g1_ctrl/rtl_eco_20260925/g1_regfile.v:199$160 in module g1_regfile.
Marked 1 switch rules as full_case in process $proc$/work/designs/g1-guardian/blocks/g1_ctrl/rtl_eco_20260925/g1_regfile.v:137$140 in module g1_regfile.
Marked 15 switch rules as full_case in process $proc$/work/designs/g1-guardian/blocks/g1_ctrl/rtl_eco_20260925/g1_trip_timer.v:140$106 in module g1_trip_timer.
Marked 3 switch rules as full_case in process $proc$/work/designs/g1-guardian/blocks/g1_ctrl/rtl_eco_20260925/g1_serial.v:150$32 in module g1_serial.
Marked 1 switch rules as full_case in process $proc$/work/designs/g1-guardian/blocks/g1_ctrl/rtl_eco_20260925/g1_serial.v:121$28 in module g1_serial.
Marked 1 switch rules as full_case in process $proc$/work/designs/g1-guardian/blocks/g1_ctrl/rtl_eco_20260925/g1_serial.v:86$20 in module g1_serial.
Marked 4 switch rules as full_case in process $proc$/work/designs/g1-guardian/blocks/g1_ctrl/rtl_eco_20260925/g1_serial.v:61$12 in module g1_serial.
Marked 2 switch rules as full_case in process $proc$/work/designs/g1-guardian/blocks/g1_ctrl/rtl_eco_20260925/g1_serial.v:39$3 in module g1_serial.
Marked 1 switch rules as full_case in process $proc$/work/designs/g1-guardian/blocks/g1_ctrl/rtl_eco_20260925/g1_sync2.v:14$1 in module g1_sync2.
Removed a total of 0 dead cases.

11.3. Executing PROC_PRUNE pass (remove redundant assignments in processes).
Removed 28 redundant assignments.
Promoted 7 assignments to connections.

11.4. Executing PROC_INIT pass (extract init attributes).

11.5. Executing PROC_ARST pass (detect async resets in processes).
Found async reset \rst_n in `$paramod\g1_seu_chain\LEN=s32'00000000000000000000000010000000.$proc$/work/designs/g1-guardian/blocks/g1_seu/rtl_eco_20260925/g1_seu_chain.v:20$351'.
Found async reset \rst_n in `$paramod\g1_seu_chain\LEN=s32'00000000000000000000000100000000.$proc$/work/designs/g1-guardian/blocks/g1_seu/rtl_eco_20260925/g1_seu_chain.v:20$258'.
Found async reset \rst_n in `$paramod\g1_tmr_copy\W=s32'00000000000000000000000000001000\RST=8'00000000.$proc$/work/designs/g1-guardian/blocks/g1_seu/rtl_eco_20260925/g1_tmr_reg.v:20$246'.
Found async reset \rst_n in `$paramod\g1_sync2\W=s32'00000000000000000000000000000011.$proc$/work/designs/g1-guardian/blocks/g1_ctrl/rtl_eco_20260925/g1_sync2.v:14$244'.
Found async reset \rst_n in `$paramod\g1_tmr_copy\W=s32'00000000000000000000000000001011\RST=11'00000000000.$proc$/work/designs/g1-guardian/blocks/g1_seu/rtl_eco_20260925/g1_tmr_reg.v:20$349'.
Found async reset \rst_n in `$paramod\g1_tmr_copy\W=s32'00000000000000000000000000000010\RST=2'00.$proc$/work/designs/g1-guardian/blocks/g1_seu/rtl_eco_20260925/g1_tmr_reg.v:20$347'.
Found async reset \rst_n in `$paramod\g1_tmr_copy\W=s32'00000000000000000000000000000001\RST=1'0.$proc$/work/designs/g1-guardian/blocks/g1_seu/rtl_eco_20260925/g1_tmr_reg.v:20$345'.
Found async reset \rst_n in `$paramod$8541b5f35354f640665a7f7c1d1215e141bb33c4\g1_tmr_copy.$proc$/work/designs/g1-guardian/blocks/g1_seu/rtl_eco_20260925/g1_tmr_reg.v:20$343'.
Found async reset \rst_n in `$paramod$960dff170a40f9afbd2fa5e307e2efb19cec09e9\g1_digital_top.$proc$/work/designs/g1-guardian/blocks/g1_ctrl/rtl_eco_20260925/g1_digital_top.v:108$339'.
Found async reset \rst_n in `$paramod$960dff170a40f9afbd2fa5e307e2efb19cec09e9\g1_digital_top.$proc$/work/designs/g1-guardian/blocks/g1_ctrl/rtl_eco_20260925/g1_digital_top.v:99$336'.
Found async reset \arst_n in `$paramod$960dff170a40f9afbd2fa5e307e2efb19cec09e9\g1_digital_top.$proc$/work/designs/g1-guardian/blocks/g1_ctrl/rtl_eco_20260925/g1_digital_top.v:86$334'.
Found async reset \por_n in `$paramod$960dff170a40f9afbd2fa5e307e2efb19cec09e9\g1_digital_top.$proc$/work/designs/g1-guardian/blocks/g1_ctrl/rtl_eco_20260925/g1_digital_top.v:67$325'.
Found async reset \rst_n in `\g1_regfile.$proc$/work/designs/g1-guardian/blocks/g1_ctrl/rtl_eco_20260925/g1_regfile.v:218$166'.
Found async reset \rst_n in `\g1_regfile.$proc$/work/designs/g1-guardian/blocks/g1_ctrl/rtl_eco_20260925/g1_regfile.v:199$160'.
Found async reset \rst_n in `\g1_regfile.$proc$/work/designs/g1-guardian/blocks/g1_ctrl/rtl_eco_20260925/g1_regfile.v:137$140'.
Found async reset \rst_n in `\g1_trip_timer.$proc$/work/designs/g1-guardian/blocks/g1_ctrl/rtl_eco_20260925/g1_trip_timer.v:140$106'.
Found async reset \rst_n in `\g1_serial.$proc$/work/designs/g1-guardian/blocks/g1_ctrl/rtl_eco_20260925/g1_serial.v:150$32'.
Found async reset \rst_n in `\g1_serial.$proc$/work/designs/g1-guardian/blocks/g1_ctrl/rtl_eco_20260925/g1_serial.v:121$28'.
Found async reset \rst_n in `\g1_serial.$proc$/work/designs/g1-guardian/blocks/g1_ctrl/rtl_eco_20260925/g1_serial.v:86$20'.
Found async reset \sclk_rst_n in `\g1_serial.$proc$/work/designs/g1-guardian/blocks/g1_ctrl/rtl_eco_20260925/g1_serial.v:61$12'.
Found async reset \rst_n in `\g1_serial.$proc$/work/designs/g1-guardian/blocks/g1_ctrl/rtl_eco_20260925/g1_serial.v:39$3'.
Found async reset \rst_n in `\g1_sync2.$proc$/work/designs/g1-guardian/blocks/g1_ctrl/rtl_eco_20260925/g1_sync2.v:14$1'.

11.6. Executing PROC_ROM pass (convert switches to ROMs).
Converted 0 switches.
<suppressed ~54 debug messages>

11.7. Executing PROC_MUX pass (convert decision trees to multiplexers).
Creating decoders for process `$paramod$7cd0e08587c39dd05267ecef85b4bf6c366d07a1\g1_seu.$proc$/work/designs/g1-guardian/blocks/g1_seu/rtl_eco_20260925/g1_seu.v:100$312'.
     1/14: $4\run_max_n[7:0]
     2/14: $4\run_cur_n[7:0]
     3/14: $3\run_max_n[7:0]
     4/14: $3\run_cur_n[7:0]
     5/14: $2\run_cur_n[7:0]
     6/14: $2\run_max_n[7:0]
     7/14: $2\cnt_unc_n[7:0]
     8/14: $2\cnt_corr_n[15:0]
     9/14: $2\cnt_plain_n[15:0]
    10/14: $1\run_cur_n[7:0]
    11/14: $1\run_max_n[7:0]
    12/14: $1\cnt_unc_n[7:0]
    13/14: $1\cnt_corr_n[15:0]
    14/14: $1\cnt_plain_n[15:0]
Creating decoders for process `$paramod$7cd0e08587c39dd05267ecef85b4bf6c366d07a1\g1_seu.$proc$/work/designs/g1-guardian/blocks/g1_seu/rtl_eco_20260925/g1_seu.v:51$283'.
     1/2: $2\fill_cnt_n[10:0]
     2/2: $1\fill_cnt_n[10:0]
Creating decoders for process `$paramod\g1_seu_chain\LEN=s32'00000000000000000000000010000000.$proc$/work/designs/g1-guardian/blocks/g1_seu/rtl_eco_20260925/g1_seu_chain.v:20$351'.
     1/1: $0\q[127:0]
Creating decoders for process `$paramod\g1_seu_chain\LEN=s32'00000000000000000000000100000000.$proc$/work/designs/g1-guardian/blocks/g1_seu/rtl_eco_20260925/g1_seu_chain.v:20$258'.
     1/1: $0\q[255:0]
Creating decoders for process `$paramod\g1_tmr_copy\W=s32'00000000000000000000000000001000\RST=8'00000000.$proc$/work/designs/g1-guardian/blocks/g1_seu/rtl_eco_20260925/g1_tmr_reg.v:20$246'.
     1/1: $0\q[7:0]
Creating decoders for process `$paramod\g1_sync2\W=s32'00000000000000000000000000000011.$proc$/work/designs/g1-guardian/blocks/g1_ctrl/rtl_eco_20260925/g1_sync2.v:14$244'.
     1/2: $0\s1[2:0]
     2/2: $0\s0[2:0]
Creating decoders for process `$paramod\g1_tmr_copy\W=s32'00000000000000000000000000001011\RST=11'00000000000.$proc$/work/designs/g1-guardian/blocks/g1_seu/rtl_eco_20260925/g1_tmr_reg.v:20$349'.
     1/1: $0\q[10:0]
Creating decoders for process `$paramod\g1_tmr_copy\W=s32'00000000000000000000000000000010\RST=2'00.$proc$/work/designs/g1-guardian/blocks/g1_seu/rtl_eco_20260925/g1_tmr_reg.v:20$347'.
     1/1: $0\q[1:0]
Creating decoders for process `$paramod\g1_tmr_copy\W=s32'00000000000000000000000000000001\RST=1'0.$proc$/work/designs/g1-guardian/blocks/g1_seu/rtl_eco_20260925/g1_tmr_reg.v:20$345'.
     1/1: $0\q[0:0]
Creating decoders for process `$paramod$8541b5f35354f640665a7f7c1d1215e141bb33c4\g1_tmr_copy.$proc$/work/designs/g1-guardian/blocks/g1_seu/rtl_eco_20260925/g1_tmr_reg.v:20$343'.
     1/1: $0\q[15:0]
Creating decoders for process `$paramod$960dff170a40f9afbd2fa5e307e2efb19cec09e9\g1_digital_top.$proc$/work/designs/g1-guardian/blocks/g1_ctrl/rtl_eco_20260925/g1_digital_top.v:108$339'.
     1/1: $0\fast_dly[2:0]
Creating decoders for process `$paramod$960dff170a40f9afbd2fa5e307e2efb19cec09e9\g1_digital_top.$proc$/work/designs/g1-guardian/blocks/g1_ctrl/rtl_eco_20260925/g1_digital_top.v:99$336'.
     1/1: $0\cmp_clk_q[0:0]
Creating decoders for process `$paramod$960dff170a40f9afbd2fa5e307e2efb19cec09e9\g1_digital_top.$proc$/work/designs/g1-guardian/blocks/g1_ctrl/rtl_eco_20260925/g1_digital_top.v:86$334'.
     1/2: $0\rs1[0:0]
     2/2: $0\rs0[0:0]
Creating decoders for process `$paramod$960dff170a40f9afbd2fa5e307e2efb19cec09e9\g1_digital_top.$proc$/work/designs/g1-guardian/blocks/g1_ctrl/rtl_eco_20260925/g1_digital_top.v:67$325'.
     1/4: $0\en_off[0:0]
     2/4: $0\en_hist[6:0]
     3/4: $0\en_sync[1:0]
     4/4: $0\en_seen[0:0]
Creating decoders for process `\g1_regfile.$proc$/work/designs/g1-guardian/blocks/g1_ctrl/rtl_eco_20260925/g1_regfile.v:233$168'.
     1/1: $1\rd_data[7:0]
Creating decoders for process `\g1_regfile.$proc$/work/designs/g1-guardian/blocks/g1_ctrl/rtl_eco_20260925/g1_regfile.v:218$166'.
     1/1: $0\hi_hold[7:0]
Creating decoders for process `\g1_regfile.$proc$/work/designs/g1-guardian/blocks/g1_ctrl/rtl_eco_20260925/g1_regfile.v:199$160'.
     1/2: $0\osc_pre[14:0]
     2/2: $0\osc_cnt[15:0]
Creating decoders for process `\g1_regfile.$proc$/work/designs/g1-guardian/blocks/g1_ctrl/rtl_eco_20260925/g1_regfile.v:137$140'.
     1/16: $0\temp_ctrl[2:0]
     2/16: $0\osc_ctrl[3:0]
     3/16: $0\osc_div[2:0]
     4/16: $0\seu_ctrl[2:0]
     5/16: $0\mode[5:0]
     6/16: $0\soft_cfg[3:0]
     7/16: $0\soft_time_h_sh[7:0]
     8/16: $0\soft_time_h[7:0]
     9/16: $0\soft_time_l[7:0]
    10/16: $0\sense_ofs[7:0]
    11/16: $0\dac_hard_code[7:0]
    12/16: $0\dac_soft_code[7:0]
    13/16: $0\retry_max[7:0]
    14/16: $0\hold_time[7:0]
    15/16: $0\inrush[7:0]
    16/16: $0\hard_n[7:0]
Creating decoders for process `\g1_trip_timer.$proc$/work/designs/g1-guardian/blocks/g1_ctrl/rtl_eco_20260925/g1_trip_timer.v:140$106'.
     1/14: $0\decay_pre[5:0]
     2/14: $0\hold_cnt[20:0]
     3/14: $0\clr_pulse[1:0]
     4/14: $0\clr_mask[2:0]
     5/14: $0\hard_cnt[7:0]
     6/14: $0\soft_cnt[23:0]
     7/14: $0\inrush_done[0:0]
     8/14: $0\inrush_cnt[16:0]
     9/14: $0\tripped[0:0]
    10/14: $0\soft_peak[15:0]
    11/14: $0\trip_cnt[15:0]
    12/14: $0\retry_cnt[7:0]
    13/14: $0\gave_up[0:0]
    14/14: $0\trip_cause[1:0]
Creating decoders for process `\g1_serial.$proc$/work/designs/g1-guardian/blocks/g1_ctrl/rtl_eco_20260925/g1_serial.v:150$32'.
     1/2: $0\sdo_r[0:0]
     2/2: $0\tx[6:0]
Creating decoders for process `\g1_serial.$proc$/work/designs/g1-guardian/blocks/g1_ctrl/rtl_eco_20260925/g1_serial.v:121$28'.
     1/5: $0\rd_en[0:0]
     2/5: $0\wr_en[0:0]
     3/5: $0\rd_tog_d[0:0]
     4/5: $0\wr_tog_d[0:0]
     5/5: $0\rd_hold[7:0]
Creating decoders for process `\g1_serial.$proc$/work/designs/g1-guardian/blocks/g1_ctrl/rtl_eco_20260925/g1_serial.v:86$20'.
     1/7: $0\shreg[6:0]
     2/7: $0\rd_tog[0:0]
     3/7: $0\wr_tog[0:0]
     4/7: $0\wr_data_r[7:0]
     5/7: $0\rd_addr_r[6:0]
     6/7: $0\wr_addr_r[6:0]
     7/7: $0\cmd_addr[6:0]
Creating decoders for process `\g1_serial.$proc$/work/designs/g1-guardian/blocks/g1_ctrl/rtl_eco_20260925/g1_serial.v:61$12'.
     1/2: $0\bit_cnt[4:0]
     2/2: $0\rd_frame[0:0]
Creating decoders for process `\g1_serial.$proc$/work/designs/g1-guardian/blocks/g1_ctrl/rtl_eco_20260925/g1_serial.v:39$3'.
     1/2: $0\frame_rst[0:0]
     2/2: $0\idle_cnt[6:0]
Creating decoders for process `\g1_sync2.$proc$/work/designs/g1-guardian/blocks/g1_ctrl/rtl_eco_20260925/g1_sync2.v:14$1'.
     1/2: $0\s1[0:0]
     2/2: $0\s0[0:0]

11.8. Executing PROC_DLATCH pass (convert process syncs to latches).
No latch inferred for signal `$paramod$7cd0e08587c39dd05267ecef85b4bf6c366d07a1\g1_seu.\cnt_plain_n' from process `$paramod$7cd0e08587c39dd05267ecef85b4bf6c366d07a1\g1_seu.$proc$/work/designs/g1-guardian/blocks/g1_seu/rtl_eco_20260925/g1_seu.v:100$312'.
No latch inferred for signal `$paramod$7cd0e08587c39dd05267ecef85b4bf6c366d07a1\g1_seu.\cnt_corr_n' from process `$paramod$7cd0e08587c39dd05267ecef85b4bf6c366d07a1\g1_seu.$proc$/work/designs/g1-guardian/blocks/g1_seu/rtl_eco_20260925/g1_seu.v:100$312'.
No latch inferred for signal `$paramod$7cd0e08587c39dd05267ecef85b4bf6c366d07a1\g1_seu.\cnt_unc_n' from process `$paramod$7cd0e08587c39dd05267ecef85b4bf6c366d07a1\g1_seu.$proc$/work/designs/g1-guardian/blocks/g1_seu/rtl_eco_20260925/g1_seu.v:100$312'.
No latch inferred for signal `$paramod$7cd0e08587c39dd05267ecef85b4bf6c366d07a1\g1_seu.\run_max_n' from process `$paramod$7cd0e08587c39dd05267ecef85b4bf6c366d07a1\g1_seu.$proc$/work/designs/g1-guardian/blocks/g1_seu/rtl_eco_20260925/g1_seu.v:100$312'.
No latch inferred for signal `$paramod$7cd0e08587c39dd05267ecef85b4bf6c366d07a1\g1_seu.\run_cur_n' from process `$paramod$7cd0e08587c39dd05267ecef85b4bf6c366d07a1\g1_seu.$proc$/work/designs/g1-guardian/blocks/g1_seu/rtl_eco_20260925/g1_seu.v:100$312'.
No latch inferred for signal `$paramod$7cd0e08587c39dd05267ecef85b4bf6c366d07a1\g1_seu.\fill_cnt_n' from process `$paramod$7cd0e08587c39dd05267ecef85b4bf6c366d07a1\g1_seu.$proc$/work/designs/g1-guardian/blocks/g1_seu/rtl_eco_20260925/g1_seu.v:51$283'.
No latch inferred for signal `\g1_regfile.\rd_data' from process `\g1_regfile.$proc$/work/designs/g1-guardian/blocks/g1_ctrl/rtl_eco_20260925/g1_regfile.v:233$168'.

11.9. Executing PROC_DFF pass (convert process syncs to FFs).
Creating register for signal `$paramod\g1_seu_chain\LEN=s32'00000000000000000000000010000000.\q' using process `$paramod\g1_seu_chain\LEN=s32'00000000000000000000000010000000.$proc$/work/designs/g1-guardian/blocks/g1_seu/rtl_eco_20260925/g1_seu_chain.v:20$351'.
  created $adff cell `$procdff$858' with positive edge clock and positive level reset.
Creating register for signal `$paramod\g1_seu_chain\LEN=s32'00000000000000000000000100000000.\q' using process `$paramod\g1_seu_chain\LEN=s32'00000000000000000000000100000000.$proc$/work/designs/g1-guardian/blocks/g1_seu/rtl_eco_20260925/g1_seu_chain.v:20$258'.
  created $adff cell `$procdff$863' with positive edge clock and positive level reset.
Creating register for signal `$paramod\g1_tmr_copy\W=s32'00000000000000000000000000001000\RST=8'00000000.\q' using process `$paramod\g1_tmr_copy\W=s32'00000000000000000000000000001000\RST=8'00000000.$proc$/work/designs/g1-guardian/blocks/g1_seu/rtl_eco_20260925/g1_tmr_reg.v:20$246'.
  created $adff cell `$procdff$868' with positive edge clock and positive level reset.
Creating register for signal `$paramod\g1_sync2\W=s32'00000000000000000000000000000011.\s0' using process `$paramod\g1_sync2\W=s32'00000000000000000000000000000011.$proc$/work/designs/g1-guardian/blocks/g1_ctrl/rtl_eco_20260925/g1_sync2.v:14$244'.
  created $adff cell `$procdff$873' with positive edge clock and positive level reset.
Creating register for signal `$paramod\g1_sync2\W=s32'00000000000000000000000000000011.\s1' using process `$paramod\g1_sync2\W=s32'00000000000000000000000000000011.$proc$/work/designs/g1-guardian/blocks/g1_ctrl/rtl_eco_20260925/g1_sync2.v:14$244'.
  created $adff cell `$procdff$878' with positive edge clock and positive level reset.
Creating register for signal `$paramod\g1_tmr_copy\W=s32'00000000000000000000000000001011\RST=11'00000000000.\q' using process `$paramod\g1_tmr_copy\W=s32'00000000000000000000000000001011\RST=11'00000000000.$proc$/work/designs/g1-guardian/blocks/g1_seu/rtl_eco_20260925/g1_tmr_reg.v:20$349'.
  created $adff cell `$procdff$883' with positive edge clock and positive level reset.
Creating register for signal `$paramod\g1_tmr_copy\W=s32'00000000000000000000000000000010\RST=2'00.\q' using process `$paramod\g1_tmr_copy\W=s32'00000000000000000000000000000010\RST=2'00.$proc$/work/designs/g1-guardian/blocks/g1_seu/rtl_eco_20260925/g1_tmr_reg.v:20$347'.
  created $adff cell `$procdff$888' with positive edge clock and positive level reset.
Creating register for signal `$paramod\g1_tmr_copy\W=s32'00000000000000000000000000000001\RST=1'0.\q' using process `$paramod\g1_tmr_copy\W=s32'00000000000000000000000000000001\RST=1'0.$proc$/work/designs/g1-guardian/blocks/g1_seu/rtl_eco_20260925/g1_tmr_reg.v:20$345'.
  created $adff cell `$procdff$893' with positive edge clock and positive level reset.
Creating register for signal `$paramod$8541b5f35354f640665a7f7c1d1215e141bb33c4\g1_tmr_copy.\q' using process `$paramod$8541b5f35354f640665a7f7c1d1215e141bb33c4\g1_tmr_copy.$proc$/work/designs/g1-guardian/blocks/g1_seu/rtl_eco_20260925/g1_tmr_reg.v:20$343'.
  created $adff cell `$procdff$898' with positive edge clock and positive level reset.
Creating register for signal `$paramod$960dff170a40f9afbd2fa5e307e2efb19cec09e9\g1_digital_top.\fast_dly' using process `$paramod$960dff170a40f9afbd2fa5e307e2efb19cec09e9\g1_digital_top.$proc$/work/designs/g1-guardian/blocks/g1_ctrl/rtl_eco_20260925/g1_digital_top.v:108$339'.
  created $adff cell `$procdff$903' with positive edge clock and positive level reset.
Creating register for signal `$paramod$960dff170a40f9afbd2fa5e307e2efb19cec09e9\g1_digital_top.\cmp_clk_q' using process `$paramod$960dff170a40f9afbd2fa5e307e2efb19cec09e9\g1_digital_top.$proc$/work/designs/g1-guardian/blocks/g1_ctrl/rtl_eco_20260925/g1_digital_top.v:99$336'.
  created $adff cell `$procdff$908' with positive edge clock and positive level reset.
Creating register for signal `$paramod$960dff170a40f9afbd2fa5e307e2efb19cec09e9\g1_digital_top.\rs0' using process `$paramod$960dff170a40f9afbd2fa5e307e2efb19cec09e9\g1_digital_top.$proc$/work/designs/g1-guardian/blocks/g1_ctrl/rtl_eco_20260925/g1_digital_top.v:86$334'.
  created $adff cell `$procdff$913' with positive edge clock and positive level reset.
Creating register for signal `$paramod$960dff170a40f9afbd2fa5e307e2efb19cec09e9\g1_digital_top.\rs1' using process `$paramod$960dff170a40f9afbd2fa5e307e2efb19cec09e9\g1_digital_top.$proc$/work/designs/g1-guardian/blocks/g1_ctrl/rtl_eco_20260925/g1_digital_top.v:86$334'.
  created $adff cell `$procdff$918' with positive edge clock and positive level reset.
Creating register for signal `$paramod$960dff170a40f9afbd2fa5e307e2efb19cec09e9\g1_digital_top.\en_sync' using process `$paramod$960dff170a40f9afbd2fa5e307e2efb19cec09e9\g1_digital_top.$proc$/work/designs/g1-guardian/blocks/g1_ctrl/rtl_eco_20260925/g1_digital_top.v:67$325'.
  created $adff cell `$procdff$923' with positive edge clock and positive level reset.
Creating register for signal `$paramod$960dff170a40f9afbd2fa5e307e2efb19cec09e9\g1_digital_top.\en_hist' using process `$paramod$960dff170a40f9afbd2fa5e307e2efb19cec09e9\g1_digital_top.$proc$/work/designs/g1-guardian/blocks/g1_ctrl/rtl_eco_20260925/g1_digital_top.v:67$325'.
  created $adff cell `$procdff$928' with positive edge clock and positive level reset.
Creating register for signal `$paramod$960dff170a40f9afbd2fa5e307e2efb19cec09e9\g1_digital_top.\en_off' using process `$paramod$960dff170a40f9afbd2fa5e307e2efb19cec09e9\g1_digital_top.$proc$/work/designs/g1-guardian/blocks/g1_ctrl/rtl_eco_20260925/g1_digital_top.v:67$325'.
  created $adff cell `$procdff$933' with positive edge clock and positive level reset.
Creating register for signal `$paramod$960dff170a40f9afbd2fa5e307e2efb19cec09e9\g1_digital_top.\en_seen' using process `$paramod$960dff170a40f9afbd2fa5e307e2efb19cec09e9\g1_digital_top.$proc$/work/designs/g1-guardian/blocks/g1_ctrl/rtl_eco_20260925/g1_digital_top.v:67$325'.
  created $adff cell `$procdff$938' with positive edge clock and positive level reset.
Creating register for signal `\g1_regfile.\hi_hold' using process `\g1_regfile.$proc$/work/designs/g1-guardian/blocks/g1_ctrl/rtl_eco_20260925/g1_regfile.v:218$166'.
  created $adff cell `$procdff$943' with positive edge clock and positive level reset.
Creating register for signal `\g1_regfile.\osc_pre' using process `\g1_regfile.$proc$/work/designs/g1-guardian/blocks/g1_ctrl/rtl_eco_20260925/g1_regfile.v:199$160'.
  created $adff cell `$procdff$948' with positive edge clock and positive level reset.
Creating register for signal `\g1_regfile.\osc_cnt' using process `\g1_regfile.$proc$/work/designs/g1-guardian/blocks/g1_ctrl/rtl_eco_20260925/g1_regfile.v:199$160'.
  created $adff cell `$procdff$953' with positive edge clock and positive level reset.
Creating register for signal `\g1_regfile.\hard_n' using process `\g1_regfile.$proc$/work/designs/g1-guardian/blocks/g1_ctrl/rtl_eco_20260925/g1_regfile.v:137$140'.
  created $adff cell `$procdff$958' with positive edge clock and positive level reset.
Creating register for signal `\g1_regfile.\inrush' using process `\g1_regfile.$proc$/work/designs/g1-guardian/blocks/g1_ctrl/rtl_eco_20260925/g1_regfile.v:137$140'.
  created $adff cell `$procdff$963' with positive edge clock and positive level reset.
Creating register for signal `\g1_regfile.\hold_time' using process `\g1_regfile.$proc$/work/designs/g1-guardian/blocks/g1_ctrl/rtl_eco_20260925/g1_regfile.v:137$140'.
  created $adff cell `$procdff$968' with positive edge clock and positive level reset.
Creating register for signal `\g1_regfile.\retry_max' using process `\g1_regfile.$proc$/work/designs/g1-guardian/blocks/g1_ctrl/rtl_eco_20260925/g1_regfile.v:137$140'.
  created $adff cell `$procdff$973' with positive edge clock and positive level reset.
Creating register for signal `\g1_regfile.\dac_soft_code' using process `\g1_regfile.$proc$/work/designs/g1-guardian/blocks/g1_ctrl/rtl_eco_20260925/g1_regfile.v:137$140'.
  created $adff cell `$procdff$978' with positive edge clock and positive level reset.
Creating register for signal `\g1_regfile.\dac_hard_code' using process `\g1_regfile.$proc$/work/designs/g1-guardian/blocks/g1_ctrl/rtl_eco_20260925/g1_regfile.v:137$140'.
  created $adff cell `$procdff$983' with positive edge clock and positive level reset.
Creating register for signal `\g1_regfile.\sense_ofs' using process `\g1_regfile.$proc$/work/designs/g1-guardian/blocks/g1_ctrl/rtl_eco_20260925/g1_regfile.v:137$140'.
  created $adff cell `$procdff$988' with positive edge clock and positive level reset.
Creating register for signal `\g1_regfile.\soft_time_l' using process `\g1_regfile.$proc$/work/designs/g1-guardian/blocks/g1_ctrl/rtl_eco_20260925/g1_regfile.v:137$140'.
  created $adff cell `$procdff$993' with positive edge clock and positive level reset.
Creating register for signal `\g1_regfile.\soft_time_h' using process `\g1_regfile.$proc$/work/designs/g1-guardian/blocks/g1_ctrl/rtl_eco_20260925/g1_regfile.v:137$140'.
  created $adff cell `$procdff$998' with positive edge clock and positive level reset.
Creating register for signal `\g1_regfile.\soft_time_h_sh' using process `\g1_regfile.$proc$/work/designs/g1-guardian/blocks/g1_ctrl/rtl_eco_20260925/g1_regfile.v:137$140'.
  created $adff cell `$procdff$1003' with positive edge clock and positive level reset.
Creating register for signal `\g1_regfile.\soft_cfg' using process `\g1_regfile.$proc$/work/designs/g1-guardian/blocks/g1_ctrl/rtl_eco_20260925/g1_regfile.v:137$140'.
  created $adff cell `$procdff$1008' with positive edge clock and positive level reset.
Creating register for signal `\g1_regfile.\mode' using process `\g1_regfile.$proc$/work/designs/g1-guardian/blocks/g1_ctrl/rtl_eco_20260925/g1_regfile.v:137$140'.
  created $adff cell `$procdff$1013' with positive edge clock and positive level reset.
Creating register for signal `\g1_regfile.\seu_ctrl' using process `\g1_regfile.$proc$/work/designs/g1-guardian/blocks/g1_ctrl/rtl_eco_20260925/g1_regfile.v:137$140'.
  created $adff cell `$procdff$1018' with positive edge clock and positive level reset.
Creating register for signal `\g1_regfile.\osc_div' using process `\g1_regfile.$proc$/work/designs/g1-guardian/blocks/g1_ctrl/rtl_eco_20260925/g1_regfile.v:137$140'.
  created $adff cell `$procdff$1023' with positive edge clock and positive level reset.
Creating register for signal `\g1_regfile.\osc_ctrl' using process `\g1_regfile.$proc$/work/designs/g1-guardian/blocks/g1_ctrl/rtl_eco_20260925/g1_regfile.v:137$140'.
  created $adff cell `$procdff$1028' with positive edge clock and positive level reset.
Creating register for signal `\g1_regfile.\temp_ctrl' using process `\g1_regfile.$proc$/work/designs/g1-guardian/blocks/g1_ctrl/rtl_eco_20260925/g1_regfile.v:137$140'.
  created $adff cell `$procdff$1033' with positive edge clock and positive level reset.
Creating register for signal `\g1_trip_timer.\trip_cause' using process `\g1_trip_timer.$proc$/work/designs/g1-guardian/blocks/g1_ctrl/rtl_eco_20260925/g1_trip_timer.v:140$106'.
  created $adff cell `$procdff$1038' with positive edge clock and positive level reset.
Creating register for signal `\g1_trip_timer.\gave_up' using process `\g1_trip_timer.$proc$/work/designs/g1-guardian/blocks/g1_ctrl/rtl_eco_20260925/g1_trip_timer.v:140$106'.
  created $adff cell `$procdff$1043' with positive edge clock and positive level reset.
Creating register for signal `\g1_trip_timer.\retry_cnt' using process `\g1_trip_timer.$proc$/work/designs/g1-guardian/blocks/g1_ctrl/rtl_eco_20260925/g1_trip_timer.v:140$106'.
  created $adff cell `$procdff$1048' with positive edge clock and positive level reset.
Creating register for signal `\g1_trip_timer.\trip_cnt' using process `\g1_trip_timer.$proc$/work/designs/g1-guardian/blocks/g1_ctrl/rtl_eco_20260925/g1_trip_timer.v:140$106'.
  created $adff cell `$procdff$1053' with positive edge clock and positive level reset.
Creating register for signal `\g1_trip_timer.\soft_peak' using process `\g1_trip_timer.$proc$/work/designs/g1-guardian/blocks/g1_ctrl/rtl_eco_20260925/g1_trip_timer.v:140$106'.
  created $adff cell `$procdff$1058' with positive edge clock and positive level reset.
Creating register for signal `\g1_trip_timer.\tripped' using process `\g1_trip_timer.$proc$/work/designs/g1-guardian/blocks/g1_ctrl/rtl_eco_20260925/g1_trip_timer.v:140$106'.
  created $adff cell `$procdff$1063' with positive edge clock and positive level reset.
Creating register for signal `\g1_trip_timer.\inrush_cnt' using process `\g1_trip_timer.$proc$/work/designs/g1-guardian/blocks/g1_ctrl/rtl_eco_20260925/g1_trip_timer.v:140$106'.
  created $adff cell `$procdff$1068' with positive edge clock and positive level reset.
Creating register for signal `\g1_trip_timer.\inrush_done' using process `\g1_trip_timer.$proc$/work/designs/g1-guardian/blocks/g1_ctrl/rtl_eco_20260925/g1_trip_timer.v:140$106'.
  created $adff cell `$procdff$1073' with positive edge clock and positive level reset.
Creating register for signal `\g1_trip_timer.\soft_cnt' using process `\g1_trip_timer.$proc$/work/designs/g1-guardian/blocks/g1_ctrl/rtl_eco_20260925/g1_trip_timer.v:140$106'.
  created $adff cell `$procdff$1078' with positive edge clock and positive level reset.
Creating register for signal `\g1_trip_timer.\decay_pre' using process `\g1_trip_timer.$proc$/work/designs/g1-guardian/blocks/g1_ctrl/rtl_eco_20260925/g1_trip_timer.v:140$106'.
  created $adff cell `$procdff$1083' with positive edge clock and positive level reset.
Creating register for signal `\g1_trip_timer.\hard_cnt' using process `\g1_trip_timer.$proc$/work/designs/g1-guardian/blocks/g1_ctrl/rtl_eco_20260925/g1_trip_timer.v:140$106'.
  created $adff cell `$procdff$1088' with positive edge clock and positive level reset.
Creating register for signal `\g1_trip_timer.\clr_mask' using process `\g1_trip_timer.$proc$/work/designs/g1-guardian/blocks/g1_ctrl/rtl_eco_20260925/g1_trip_timer.v:140$106'.
  created $adff cell `$procdff$1093' with positive edge clock and positive level reset.
Creating register for signal `\g1_trip_timer.\clr_pulse' using process `\g1_trip_timer.$proc$/work/designs/g1-guardian/blocks/g1_ctrl/rtl_eco_20260925/g1_trip_timer.v:140$106'.
  created $adff cell `$procdff$1098' with positive edge clock and positive level reset.
Creating register for signal `\g1_trip_timer.\hold_cnt' using process `\g1_trip_timer.$proc$/work/designs/g1-guardian/blocks/g1_ctrl/rtl_eco_20260925/g1_trip_timer.v:140$106'.
  created $adff cell `$procdff$1103' with positive edge clock and positive level reset.
Creating register for signal `\g1_serial.\tx' using process `\g1_serial.$proc$/work/designs/g1-guardian/blocks/g1_ctrl/rtl_eco_20260925/g1_serial.v:150$32'.
  created $adff cell `$procdff$1108' with negative edge clock and positive level reset.
Creating register for signal `\g1_serial.\sdo_r' using process `\g1_serial.$proc$/work/designs/g1-guardian/blocks/g1_ctrl/rtl_eco_20260925/g1_serial.v:150$32'.
  created $adff cell `$procdff$1113' with negative edge clock and positive level reset.
Creating register for signal `\g1_serial.\wr_en' using process `\g1_serial.$proc$/work/designs/g1-guardian/blocks/g1_ctrl/rtl_eco_20260925/g1_serial.v:121$28'.
  created $adff cell `$procdff$1118' with positive edge clock and positive level reset.
Creating register for signal `\g1_serial.\rd_en' using process `\g1_serial.$proc$/work/designs/g1-guardian/blocks/g1_ctrl/rtl_eco_20260925/g1_serial.v:121$28'.
  created $adff cell `$procdff$1123' with positive edge clock and positive level reset.
Creating register for signal `\g1_serial.\wr_tog_d' using process `\g1_serial.$proc$/work/designs/g1-guardian/blocks/g1_ctrl/rtl_eco_20260925/g1_serial.v:121$28'.
  created $adff cell `$procdff$1128' with positive edge clock and positive level reset.
Creating register for signal `\g1_serial.\rd_tog_d' using process `\g1_serial.$proc$/work/designs/g1-guardian/blocks/g1_ctrl/rtl_eco_20260925/g1_serial.v:121$28'.
  created $adff cell `$procdff$1133' with positive edge clock and positive level reset.
Creating register for signal `\g1_serial.\rd_hold' using process `\g1_serial.$proc$/work/designs/g1-guardian/blocks/g1_ctrl/rtl_eco_20260925/g1_serial.v:121$28'.
  created $adff cell `$procdff$1138' with positive edge clock and positive level reset.
Creating register for signal `\g1_serial.\shreg' using process `\g1_serial.$proc$/work/designs/g1-guardian/blocks/g1_ctrl/rtl_eco_20260925/g1_serial.v:86$20'.
  created $adff cell `$procdff$1143' with positive edge clock and positive level reset.
Creating register for signal `\g1_serial.\cmd_addr' using process `\g1_serial.$proc$/work/designs/g1-guardian/blocks/g1_ctrl/rtl_eco_20260925/g1_serial.v:86$20'.
  created $adff cell `$procdff$1148' with positive edge clock and positive level reset.
Creating register for signal `\g1_serial.\wr_addr_r' using process `\g1_serial.$proc$/work/designs/g1-guardian/blocks/g1_ctrl/rtl_eco_20260925/g1_serial.v:86$20'.
  created $adff cell `$procdff$1153' with positive edge clock and positive level reset.
Creating register for signal `\g1_serial.\rd_addr_r' using process `\g1_serial.$proc$/work/designs/g1-guardian/blocks/g1_ctrl/rtl_eco_20260925/g1_serial.v:86$20'.
  created $adff cell `$procdff$1158' with positive edge clock and positive level reset.
Creating register for signal `\g1_serial.\wr_data_r' using process `\g1_serial.$proc$/work/designs/g1-guardian/blocks/g1_ctrl/rtl_eco_20260925/g1_serial.v:86$20'.
  created $adff cell `$procdff$1163' with positive edge clock and positive level reset.
Creating register for signal `\g1_serial.\wr_tog' using process `\g1_serial.$proc$/work/designs/g1-guardian/blocks/g1_ctrl/rtl_eco_20260925/g1_serial.v:86$20'.
  created $adff cell `$procdff$1168' with positive edge clock and positive level reset.
Creating register for signal `\g1_serial.\rd_tog' using process `\g1_serial.$proc$/work/designs/g1-guardian/blocks/g1_ctrl/rtl_eco_20260925/g1_serial.v:86$20'.
  created $adff cell `$procdff$1173' with positive edge clock and positive level reset.
Creating register for signal `\g1_serial.\bit_cnt' using process `\g1_serial.$proc$/work/designs/g1-guardian/blocks/g1_ctrl/rtl_eco_20260925/g1_serial.v:61$12'.
  created $adff cell `$procdff$1178' with positive edge clock and positive level reset.
Creating register for signal `\g1_serial.\rd_frame' using process `\g1_serial.$proc$/work/designs/g1-guardian/blocks/g1_ctrl/rtl_eco_20260925/g1_serial.v:61$12'.
  created $adff cell `$procdff$1183' with positive edge clock and positive level reset.
Creating register for signal `\g1_serial.\idle_cnt' using process `\g1_serial.$proc$/work/designs/g1-guardian/blocks/g1_ctrl/rtl_eco_20260925/g1_serial.v:39$3'.
  created $adff cell `$procdff$1188' with positive edge clock and positive level reset.
Creating register for signal `\g1_serial.\frame_rst' using process `\g1_serial.$proc$/work/designs/g1-guardian/blocks/g1_ctrl/rtl_eco_20260925/g1_serial.v:39$3'.
  created $adff cell `$procdff$1193' with positive edge clock and positive level reset.
Creating register for signal `\g1_sync2.\s0' using process `\g1_sync2.$proc$/work/designs/g1-guardian/blocks/g1_ctrl/rtl_eco_20260925/g1_sync2.v:14$1'.
  created $adff cell `$procdff$1198' with positive edge clock and positive level reset.
Creating register for signal `\g1_sync2.\s1' using process `\g1_sync2.$proc$/work/designs/g1-guardian/blocks/g1_ctrl/rtl_eco_20260925/g1_sync2.v:14$1'.
  created $adff cell `$procdff$1203' with positive edge clock and positive level reset.

11.10. Executing PROC_MEMWR pass (convert process memory writes to cells).

11.11. Executing PROC_CLEAN pass (remove empty switches from decision trees).
Found and cleaned up 8 empty switches in `$paramod$7cd0e08587c39dd05267ecef85b4bf6c366d07a1\g1_seu.$proc$/work/designs/g1-guardian/blocks/g1_seu/rtl_eco_20260925/g1_seu.v:100$312'.
Removing empty process `$paramod$7cd0e08587c39dd05267ecef85b4bf6c366d07a1\g1_seu.$proc$/work/designs/g1-guardian/blocks/g1_seu/rtl_eco_20260925/g1_seu.v:100$312'.
Found and cleaned up 2 empty switches in `$paramod$7cd0e08587c39dd05267ecef85b4bf6c366d07a1\g1_seu.$proc$/work/designs/g1-guardian/blocks/g1_seu/rtl_eco_20260925/g1_seu.v:51$283'.
Removing empty process `$paramod$7cd0e08587c39dd05267ecef85b4bf6c366d07a1\g1_seu.$proc$/work/designs/g1-guardian/blocks/g1_seu/rtl_eco_20260925/g1_seu.v:51$283'.
Removing empty process `$paramod\g1_seu_chain\LEN=s32'00000000000000000000000010000000.$proc$/work/designs/g1-guardian/blocks/g1_seu/rtl_eco_20260925/g1_seu_chain.v:20$351'.
Removing empty process `$paramod\g1_seu_chain\LEN=s32'00000000000000000000000100000000.$proc$/work/designs/g1-guardian/blocks/g1_seu/rtl_eco_20260925/g1_seu_chain.v:20$258'.
Removing empty process `$paramod\g1_tmr_copy\W=s32'00000000000000000000000000001000\RST=8'00000000.$proc$/work/designs/g1-guardian/blocks/g1_seu/rtl_eco_20260925/g1_tmr_reg.v:20$246'.
Removing empty process `$paramod\g1_sync2\W=s32'00000000000000000000000000000011.$proc$/work/designs/g1-guardian/blocks/g1_ctrl/rtl_eco_20260925/g1_sync2.v:14$244'.
Removing empty process `$paramod\g1_tmr_copy\W=s32'00000000000000000000000000001011\RST=11'00000000000.$proc$/work/designs/g1-guardian/blocks/g1_seu/rtl_eco_20260925/g1_tmr_reg.v:20$349'.
Removing empty process `$paramod\g1_tmr_copy\W=s32'00000000000000000000000000000010\RST=2'00.$proc$/work/designs/g1-guardian/blocks/g1_seu/rtl_eco_20260925/g1_tmr_reg.v:20$347'.
Removing empty process `$paramod\g1_tmr_copy\W=s32'00000000000000000000000000000001\RST=1'0.$proc$/work/designs/g1-guardian/blocks/g1_seu/rtl_eco_20260925/g1_tmr_reg.v:20$345'.
Removing empty process `$paramod$8541b5f35354f640665a7f7c1d1215e141bb33c4\g1_tmr_copy.$proc$/work/designs/g1-guardian/blocks/g1_seu/rtl_eco_20260925/g1_tmr_reg.v:20$343'.
Removing empty process `$paramod$960dff170a40f9afbd2fa5e307e2efb19cec09e9\g1_digital_top.$proc$/work/designs/g1-guardian/blocks/g1_ctrl/rtl_eco_20260925/g1_digital_top.v:108$339'.
Removing empty process `$paramod$960dff170a40f9afbd2fa5e307e2efb19cec09e9\g1_digital_top.$proc$/work/designs/g1-guardian/blocks/g1_ctrl/rtl_eco_20260925/g1_digital_top.v:99$336'.
Removing empty process `$paramod$960dff170a40f9afbd2fa5e307e2efb19cec09e9\g1_digital_top.$proc$/work/designs/g1-guardian/blocks/g1_ctrl/rtl_eco_20260925/g1_digital_top.v:86$334'.
Found and cleaned up 1 empty switch in `$paramod$960dff170a40f9afbd2fa5e307e2efb19cec09e9\g1_digital_top.$proc$/work/designs/g1-guardian/blocks/g1_ctrl/rtl_eco_20260925/g1_digital_top.v:67$325'.
Removing empty process `$paramod$960dff170a40f9afbd2fa5e307e2efb19cec09e9\g1_digital_top.$proc$/work/designs/g1-guardian/blocks/g1_ctrl/rtl_eco_20260925/g1_digital_top.v:67$325'.
Found and cleaned up 1 empty switch in `\g1_regfile.$proc$/work/designs/g1-guardian/blocks/g1_ctrl/rtl_eco_20260925/g1_regfile.v:233$168'.
Removing empty process `g1_regfile.$proc$/work/designs/g1-guardian/blocks/g1_ctrl/rtl_eco_20260925/g1_regfile.v:233$168'.
Found and cleaned up 2 empty switches in `\g1_regfile.$proc$/work/designs/g1-guardian/blocks/g1_ctrl/rtl_eco_20260925/g1_regfile.v:218$166'.
Removing empty process `g1_regfile.$proc$/work/designs/g1-guardian/blocks/g1_ctrl/rtl_eco_20260925/g1_regfile.v:218$166'.
Found and cleaned up 2 empty switches in `\g1_regfile.$proc$/work/designs/g1-guardian/blocks/g1_ctrl/rtl_eco_20260925/g1_regfile.v:199$160'.
Removing empty process `g1_regfile.$proc$/work/designs/g1-guardian/blocks/g1_ctrl/rtl_eco_20260925/g1_regfile.v:199$160'.
Found and cleaned up 2 empty switches in `\g1_regfile.$proc$/work/designs/g1-guardian/blocks/g1_ctrl/rtl_eco_20260925/g1_regfile.v:137$140'.
Removing empty process `g1_regfile.$proc$/work/designs/g1-guardian/blocks/g1_ctrl/rtl_eco_20260925/g1_regfile.v:137$140'.
Found and cleaned up 25 empty switches in `\g1_trip_timer.$proc$/work/designs/g1-guardian/blocks/g1_ctrl/rtl_eco_20260925/g1_trip_timer.v:140$106'.
Removing empty process `g1_trip_timer.$proc$/work/designs/g1-guardian/blocks/g1_ctrl/rtl_eco_20260925/g1_trip_timer.v:140$106'.
Found and cleaned up 2 empty switches in `\g1_serial.$proc$/work/designs/g1-guardian/blocks/g1_ctrl/rtl_eco_20260925/g1_serial.v:150$32'.
Removing empty process `g1_serial.$proc$/work/designs/g1-guardian/blocks/g1_ctrl/rtl_eco_20260925/g1_serial.v:150$32'.
Found and cleaned up 1 empty switch in `\g1_serial.$proc$/work/designs/g1-guardian/blocks/g1_ctrl/rtl_eco_20260925/g1_serial.v:121$28'.
Removing empty process `g1_serial.$proc$/work/designs/g1-guardian/blocks/g1_ctrl/rtl_eco_20260925/g1_serial.v:121$28'.
Found and cleaned up 3 empty switches in `\g1_serial.$proc$/work/designs/g1-guardian/blocks/g1_ctrl/rtl_eco_20260925/g1_serial.v:86$20'.
Removing empty process `g1_serial.$proc$/work/designs/g1-guardian/blocks/g1_ctrl/rtl_eco_20260925/g1_serial.v:86$20'.
Found and cleaned up 3 empty switches in `\g1_serial.$proc$/work/designs/g1-guardian/blocks/g1_ctrl/rtl_eco_20260925/g1_serial.v:61$12'.
Removing empty process `g1_serial.$proc$/work/designs/g1-guardian/blocks/g1_ctrl/rtl_eco_20260925/g1_serial.v:61$12'.
Found and cleaned up 2 empty switches in `\g1_serial.$proc$/work/designs/g1-guardian/blocks/g1_ctrl/rtl_eco_20260925/g1_serial.v:39$3'.
Removing empty process `g1_serial.$proc$/work/designs/g1-guardian/blocks/g1_ctrl/rtl_eco_20260925/g1_serial.v:39$3'.
Removing empty process `g1_sync2.$proc$/work/designs/g1-guardian/blocks/g1_ctrl/rtl_eco_20260925/g1_sync2.v:14$1'.
Cleaned up 54 empty switches.

11.12. Executing OPT_EXPR pass (perform const folding).
Optimizing module $paramod$7cd0e08587c39dd05267ecef85b4bf6c366d07a1\g1_seu.
<suppressed ~1 debug messages>
Optimizing module $paramod\g1_tmr_reg\W=s32'00000000000000000000000000001011.
Optimizing module $paramod\g1_tmr_reg\W=s32'00000000000000000000000000000010.
Optimizing module $paramod\g1_tmr_reg\W=s32'00000000000000000000000000000001.
Optimizing module $paramod\g1_seu_chain\LEN=s32'00000000000000000000000010000000.
<suppressed ~2 debug messages>
Optimizing module $paramod\g1_seu_chain\LEN=s32'00000000000000000000000100000000.
<suppressed ~2 debug messages>
Optimizing module $paramod\g1_tmr_reg\W=s32'00000000000000000000000000010000.
Optimizing module $paramod\g1_tmr_reg\W=s32'00000000000000000000000000001000.
Optimizing module $paramod\g1_tmr_copy\W=s32'00000000000000000000000000001000\RST=8'00000000.
<suppressed ~2 debug messages>
Optimizing module $paramod\g1_sync2\W=s32'00000000000000000000000000000011.
<suppressed ~4 debug messages>
Optimizing module g1_digital.
Optimizing module $paramod\g1_tmr_copy\W=s32'00000000000000000000000000001011\RST=11'00000000000.
<suppressed ~2 debug messages>
Optimizing module $paramod\g1_tmr_copy\W=s32'00000000000000000000000000000010\RST=2'00.
<suppressed ~2 debug messages>
Optimizing module $paramod\g1_tmr_copy\W=s32'00000000000000000000000000000001\RST=1'0.
<suppressed ~2 debug messages>
Optimizing module $paramod$8541b5f35354f640665a7f7c1d1215e141bb33c4\g1_tmr_copy.
<suppressed ~2 debug messages>
Optimizing module $paramod$960dff170a40f9afbd2fa5e307e2efb19cec09e9\g1_digital_top.
<suppressed ~17 debug messages>
Optimizing module g1_regfile.
<suppressed ~39 debug messages>
Optimizing module g1_trip_timer.
<suppressed ~41 debug messages>
Optimizing module g1_serial.
<suppressed ~36 debug messages>
Optimizing module g1_sync2.
<suppressed ~4 debug messages>

12. Executing FLATTEN pass (flatten design).
Deleting now unused module $paramod$7cd0e08587c39dd05267ecef85b4bf6c366d07a1\g1_seu.
Deleting now unused module $paramod\g1_tmr_reg\W=s32'00000000000000000000000000001011.
Deleting now unused module $paramod\g1_tmr_reg\W=s32'00000000000000000000000000000010.
Deleting now unused module $paramod\g1_tmr_reg\W=s32'00000000000000000000000000000001.
Deleting now unused module $paramod\g1_seu_chain\LEN=s32'00000000000000000000000010000000.
Deleting now unused module $paramod\g1_seu_chain\LEN=s32'00000000000000000000000100000000.
Deleting now unused module $paramod\g1_tmr_reg\W=s32'00000000000000000000000000010000.
Deleting now unused module $paramod\g1_tmr_reg\W=s32'00000000000000000000000000001000.
Deleting now unused module $paramod\g1_tmr_copy\W=s32'00000000000000000000000000001000\RST=8'00000000.
Deleting now unused module $paramod\g1_sync2\W=s32'00000000000000000000000000000011.
Deleting now unused module $paramod\g1_tmr_copy\W=s32'00000000000000000000000000001011\RST=11'00000000000.
Deleting now unused module $paramod\g1_tmr_copy\W=s32'00000000000000000000000000000010\RST=2'00.
Deleting now unused module $paramod\g1_tmr_copy\W=s32'00000000000000000000000000000001\RST=1'0.
Deleting now unused module $paramod$8541b5f35354f640665a7f7c1d1215e141bb33c4\g1_tmr_copy.
Deleting now unused module $paramod$960dff170a40f9afbd2fa5e307e2efb19cec09e9\g1_digital_top.
Deleting now unused module g1_regfile.
Deleting now unused module g1_trip_timer.
Deleting now unused module g1_serial.
Deleting now unused module g1_sync2.
<suppressed ~37 debug messages>

13. Executing OPT_CLEAN pass (remove unused cells and wires).
Finding unused cells or wires in module \g1_digital..
Removed 149 unused cells and 560 unused wires.
<suppressed ~150 debug messages>
Renaming module \g1_digital to \gold.

14. Executing Liberty frontend: /foss/pdks/ihp-sg13g2/libs.ref/sg13g2_stdcell/lib/sg13g2_stdcell_typ_1p20V_25C.lib
Ignoring cell sg13g2_lgcp_1 with missing function on output int_GATE.
Ignoring cell sg13g2_slgcp_1 with missing function on output int_GATE.
Imported 82 cell types from liberty file.
<suppressed ~2 debug messages>

15. Executing Verilog-2005 frontend: /work/build/g1_gls_eco/in_r3cand/g1_digital.nl.v
Parsing Verilog input from `/work/build/g1_gls_eco/in_r3cand/g1_digital.nl.v' to AST representation.
Generating RTLIL representation for module `\g1_digital'.
Successfully finished Verilog frontend.

16. Executing HIERARCHY pass (managing design hierarchy).

16.1. Analyzing design hierarchy..
Top module:  \g1_digital
Used module:     \sg13g2_buf_1
Used module:     \sg13g2_dlygate4sd3_1
Used module:     \sg13g2_tiehi
Used module:     \sg13g2_inv_1
Used module:     \sg13g2_inv_2
Used module:     \sg13g2_buf_4
Used module:     \sg13g2_buf_8
Used module:     \sg13g2_inv_4
Used module:     \sg13g2_inv_8
Used module:     \sg13g2_buf_16
Used module:     \sg13g2_dfrbpq_1
Used module:     \sg13g2_a21oi_1
Used module:     \sg13g2_nand4_1
Used module:     \sg13g2_o21ai_1
Used module:     \sg13g2_nor4_1
Used module:     \sg13g2_or4_1
Used module:     \sg13g2_a221oi_1
Used module:     \sg13g2_a22oi_1
Used module:     \sg13g2_or2_1
Used module:     \sg13g2_nor2_1
Used module:     \sg13g2_a21o_1
Used module:     \sg13g2_nor3_1
Used module:     \sg13g2_nor2b_1
Used module:     \sg13g2_nand2_1
Used module:     \sg13g2_and3_1
Used module:     \sg13g2_nand3_1
Used module:     \sg13g2_nand2b_1
Used module:     \sg13g2_and2_1
Used module:     \sg13g2_xnor2_1
Used module:     \sg13g2_or3_1
Used module:     \sg13g2_xor2_1
Used module:     \sg13g2_nand3b_1
Used module:     \sg13g2_and4_1
Used module:     \sg13g2_mux2_1
Used module:     \sg13g2_fill_1
Used module:     \sg13g2_fill_2
Used module:     \sg13g2_decap_4
Used module:     \sg13g2_decap_8

16.2. Analyzing design hierarchy..
Top module:  \g1_digital
Used module:     \sg13g2_buf_1
Used module:     \sg13g2_dlygate4sd3_1
Used module:     \sg13g2_tiehi
Used module:     \sg13g2_inv_1
Used module:     \sg13g2_inv_2
Used module:     \sg13g2_buf_4
Used module:     \sg13g2_buf_8
Used module:     \sg13g2_inv_4
Used module:     \sg13g2_inv_8
Used module:     \sg13g2_buf_16
Used module:     \sg13g2_dfrbpq_1
Used module:     \sg13g2_a21oi_1
Used module:     \sg13g2_nand4_1
Used module:     \sg13g2_o21ai_1
Used module:     \sg13g2_nor4_1
Used module:     \sg13g2_or4_1
Used module:     \sg13g2_a221oi_1
Used module:     \sg13g2_a22oi_1
Used module:     \sg13g2_or2_1
Used module:     \sg13g2_nor2_1
Used module:     \sg13g2_a21o_1
Used module:     \sg13g2_nor3_1
Used module:     \sg13g2_nor2b_1
Used module:     \sg13g2_nand2_1
Used module:     \sg13g2_and3_1
Used module:     \sg13g2_nand3_1
Used module:     \sg13g2_nand2b_1
Used module:     \sg13g2_and2_1
Used module:     \sg13g2_xnor2_1
Used module:     \sg13g2_or3_1
Used module:     \sg13g2_xor2_1
Used module:     \sg13g2_nand3b_1
Used module:     \sg13g2_and4_1
Used module:     \sg13g2_mux2_1
Used module:     \sg13g2_fill_1
Used module:     \sg13g2_fill_2
Used module:     \sg13g2_decap_4
Used module:     \sg13g2_decap_8
Removing unused module `\sg13g2_tielo'.
Removing unused module `\sg13g2_sighold'.
Removing unused module `\sg13g2_sdfrbpq_2'.
Removing unused module `\sg13g2_sdfrbpq_1'.
Removing unused module `\sg13g2_sdfrbp_2'.
Removing unused module `\sg13g2_sdfrbp_1'.
Removing unused module `\sg13g2_sdfbbp_1'.
Removing unused module `\sg13g2_or4_2'.
Removing unused module `\sg13g2_or3_2'.
Removing unused module `\sg13g2_or2_2'.
Removing unused module `\sg13g2_nor4_2'.
Removing unused module `\sg13g2_nor3_2'.
Removing unused module `\sg13g2_nor2b_2'.
Removing unused module `\sg13g2_nor2_2'.
Removing unused module `\sg13g2_nand2b_2'.
Removing unused module `\sg13g2_nand2_2'.
Removing unused module `\sg13g2_mux4_1'.
Removing unused module `\sg13g2_mux2_2'.
Removing unused module `\sg13g2_inv_16'.
Removing unused module `\sg13g2_fill_8'.
Removing unused module `\sg13g2_fill_4'.
Removing unused module `\sg13g2_einvn_8'.
Removing unused module `\sg13g2_einvn_4'.
Removing unused module `\sg13g2_einvn_2'.
Removing unused module `\sg13g2_ebufn_8'.
Removing unused module `\sg13g2_ebufn_4'.
Removing unused module `\sg13g2_ebufn_2'.
Removing unused module `\sg13g2_dlygate4sd2_1'.
Removing unused module `\sg13g2_dlygate4sd1_1'.
Removing unused module `\sg13g2_dllrq_1'.
Removing unused module `\sg13g2_dllr_1'.
Removing unused module `\sg13g2_dlhrq_1'.
Removing unused module `\sg13g2_dlhr_1'.
Removing unused module `\sg13g2_dlhq_1'.
Removing unused module `\sg13g2_dfrbpq_2'.
Removing unused module `\sg13g2_dfrbp_2'.
Removing unused module `\sg13g2_dfrbp_1'.
Removing unused module `\sg13g2_buf_2'.
Removing unused module `\sg13g2_antennanp'.
Removing unused module `\sg13g2_and4_2'.
Removing unused module `\sg13g2_and3_2'.
Removing unused module `\sg13g2_and2_2'.
Removing unused module `\sg13g2_a21oi_2'.
Removing unused module `\sg13g2_a21o_2'.
Removed 44 unused modules.

17. Executing FLATTEN pass (flatten design).
Deleting now unused module sg13g2_fill_1.
Deleting now unused module sg13g2_nor3_1.
Deleting now unused module sg13g2_or4_1.
Deleting now unused module sg13g2_nor2b_1.
Deleting now unused module sg13g2_tiehi.
Deleting now unused module sg13g2_nor2_1.
Deleting now unused module sg13g2_nand4_1.
Deleting now unused module sg13g2_dlygate4sd3_1.
Deleting now unused module sg13g2_nand3b_1.
Deleting now unused module sg13g2_nand3_1.
Deleting now unused module sg13g2_or3_1.
Deleting now unused module sg13g2_nand2b_1.
Deleting now unused module sg13g2_xor2_1.
Deleting now unused module sg13g2_nand2_1.
Deleting now unused module sg13g2_or2_1.
Deleting now unused module sg13g2_o21ai_1.
Deleting now unused module sg13g2_dfrbpq_1.
Deleting now unused module sg13g2_mux2_1.
Deleting now unused module sg13g2_inv_8.
Deleting now unused module sg13g2_decap_8.
Deleting now unused module sg13g2_decap_4.
Deleting now unused module sg13g2_buf_8.
Deleting now unused module sg13g2_buf_4.
Deleting now unused module sg13g2_inv_4.
Deleting now unused module sg13g2_buf_16.
Deleting now unused module sg13g2_buf_1.
Deleting now unused module sg13g2_inv_2.
Deleting now unused module sg13g2_xnor2_1.
Deleting now unused module sg13g2_and4_1.
Deleting now unused module sg13g2_inv_1.
Deleting now unused module sg13g2_and3_1.
Deleting now unused module sg13g2_nor4_1.
Deleting now unused module sg13g2_and2_1.
Deleting now unused module sg13g2_a22oi_1.
Deleting now unused module sg13g2_a221oi_1.
Deleting now unused module sg13g2_a21oi_1.
Deleting now unused module sg13g2_fill_2.
Deleting now unused module sg13g2_a21o_1.
<suppressed ~7843 debug messages>

18. Executing OPT_CLEAN pass (remove unused cells and wires).
Finding unused cells or wires in module \g1_digital..
Removed 3699 unused cells and 9281 unused wires.
<suppressed ~4955 debug messages>
Renaming module \g1_digital to \gate.

19. Executing Verilog-2005 frontend: miter_top.v
Parsing Verilog input from `miter_top.v' to AST representation.
Generating RTLIL representation for module `\miter_top'.
Successfully finished Verilog frontend.

20. Executing HIERARCHY pass (managing design hierarchy).

20.1. Analyzing design hierarchy..
Top module:  \miter_top
Used module:     \gate
Used module:     \gold

20.2. Analyzing design hierarchy..
Top module:  \miter_top
Used module:     \gate
Used module:     \gold
Removed 0 unused modules.

21. Executing PROC pass (convert processes to netlists).

21.1. Executing PROC_CLEAN pass (remove empty switches from decision trees).
Cleaned up 0 empty switches.

21.2. Executing PROC_RMDEAD pass (remove dead branches from decision trees).
Removed a total of 0 dead cases.

21.3. Executing PROC_PRUNE pass (remove redundant assignments in processes).
Removed 0 redundant assignments.
Promoted 2 assignments to connections.

21.4. Executing PROC_INIT pass (extract init attributes).
Found init rule in `\miter_top.$proc$miter_top.v:9$9504'.
  Set init value: \started = 1'0

21.5. Executing PROC_ARST pass (detect async resets in processes).

21.6. Executing PROC_ROM pass (convert switches to ROMs).
Converted 0 switches.

21.7. Executing PROC_MUX pass (convert decision trees to multiplexers).
Creating decoders for process `\miter_top.$proc$miter_top.v:9$9504'.
Creating decoders for process `\miter_top.$proc$miter_top.v:10$9500'.

21.8. Executing PROC_DLATCH pass (convert process syncs to latches).

21.9. Executing PROC_DFF pass (convert process syncs to FFs).
Creating register for signal `\miter_top.\started' using process `\miter_top.$proc$miter_top.v:10$9500'.
  created $dff cell `$procdff$9505' with positive edge clock.

21.10. Executing PROC_MEMWR pass (convert process memory writes to cells).

21.11. Executing PROC_CLEAN pass (remove empty switches from decision trees).
Removing empty process `miter_top.$proc$miter_top.v:9$9504'.
Removing empty process `miter_top.$proc$miter_top.v:10$9500'.
Cleaned up 0 empty switches.

21.12. Executing OPT_EXPR pass (perform const folding).
Optimizing module miter_top.
Optimizing module gate.
<suppressed ~172 debug messages>
Optimizing module gold.

22. Executing FLATTEN pass (flatten design).
Deleting now unused module gate.
Deleting now unused module gold.
<suppressed ~2 debug messages>

23. Executing OPT_CLEAN pass (remove unused cells and wires).
Finding unused cells or wires in module \miter_top..
Removed 21 unused cells and 218 unused wires.
<suppressed ~64 debug messages>

24. Executing CLK2FFLOGIC pass (convert clocked FFs to generic $ff cells).

24.1. Executing PEEPOPT pass (run peephole optimizers).
Replacing miter_top.$flatten\u_gate.\_6429_.$auto$liberty.cc:270:create_ff$1317 ($_DFF_PN0_): CLK=\osc_clk, D=\u_gate._6173_.D, Q=\u_gate._6429_.IQ
Replacing miter_top.$flatten\u_gate.\_5863_.$auto$liberty.cc:270:create_ff$1317 ($_DFF_PN0_): CLK=\osc_clk, D=\u_gate._5861_.D, Q=\u_gate._5863_.IQ
Replacing miter_top.$flatten\u_gate.\_6037_.$auto$liberty.cc:270:create_ff$1317 ($_DFF_PN0_): CLK=\osc_clk, D=\u_gate._6036_.IQ, Q=\u_gate._6037_.IQ
Replacing miter_top.$flatten\u_gate.\_5862_.$auto$liberty.cc:270:create_ff$1317 ($_DFF_PN0_): CLK=\osc_clk, D=\u_gate._5861_.D, Q=\u_gate._5862_.IQ
Replacing miter_top.$flatten\u_gate.\_6561_.$auto$liberty.cc:270:create_ff$1317 ($_DFF_PN0_): CLK=\osc_clk, D=\u_gate._6561_.D, Q=\u_gate._6561_.IQ
Replacing miter_top.$flatten\u_gate.\_5861_.$auto$liberty.cc:270:create_ff$1317 ($_DFF_PN0_): CLK=\osc_clk, D=\u_gate._5861_.D, Q=\u_gate._5861_.IQ
Replacing miter_top.$flatten\u_gate.\_6036_.$auto$liberty.cc:270:create_ff$1317 ($_DFF_PN0_): CLK=\osc_clk, D=\u_gate._6035_.IQ, Q=\u_gate._6036_.IQ
Replacing miter_top.$flatten\u_gate.\_6562_.$auto$liberty.cc:270:create_ff$1317 ($_DFF_PN0_): CLK=\osc_clk, D=\u_gate._6546_.D, Q=\u_gate._6562_.IQ
Replacing miter_top.$flatten\u_gate.\_5860_.$auto$liberty.cc:270:create_ff$1317 ($_DFF_PN0_): CLK=\osc_clk, D=\u_gate._5860_.D, Q=\u_gate._5860_.IQ
Replacing miter_top.$flatten\u_gate.\_5859_.$auto$liberty.cc:270:create_ff$1317 ($_DFF_PN0_): CLK=\osc_clk, D=\u_gate._5859_.D, Q=\u_gate._5859_.IQ
Replacing miter_top.$flatten\u_gate.\_5858_.$auto$liberty.cc:270:create_ff$1317 ($_DFF_PN0_): CLK=\osc_clk, D=\u_gate._5858_.D, Q=\u_gate._5858_.IQ
Replacing miter_top.$flatten\u_gate.\_6564_.$auto$liberty.cc:270:create_ff$1317 ($_DFF_PN0_): CLK=\osc_clk, D=\u_gate._6548_.D, Q=\u_gate._6564_.IQ
Replacing miter_top.$flatten\u_gate.\_5857_.$auto$liberty.cc:270:create_ff$1317 ($_DFF_PN0_): CLK=\osc_clk, D=\u_gate._5857_.D, Q=\u_gate._5857_.IQ
Replacing miter_top.$flatten\u_gate.\_6432_.$auto$liberty.cc:270:create_ff$1317 ($_DFF_PN0_): CLK=\osc_clk, D=\u_gate._6176_.D, Q=\u_gate._6432_.IQ
Replacing miter_top.$flatten\u_gate.\_6565_.$auto$liberty.cc:270:create_ff$1317 ($_DFF_PN0_): CLK=\osc_clk, D=\u_gate._6549_.D, Q=\u_gate._6565_.IQ
Replacing miter_top.$flatten\u_gate.\_5856_.$auto$liberty.cc:270:create_ff$1317 ($_DFF_PN0_): CLK=\osc_clk, D=\u_gate._5856_.D, Q=\u_gate._5856_.IQ
Replacing miter_top.$flatten\u_gate.\_6033_.$auto$liberty.cc:270:create_ff$1317 ($_DFF_PN0_): CLK=\osc_clk, D=\u_gate._6032_.IQ, Q=\u_gate._6033_.IQ
Replacing miter_top.$flatten\u_gate.\_5855_.$auto$liberty.cc:270:create_ff$1317 ($_DFF_PN0_): CLK=\osc_clk, D=\u_gate._5855_.D, Q=\u_gate._5855_.IQ
Replacing miter_top.$flatten\u_gate.\_6433_.$auto$liberty.cc:270:create_ff$1317 ($_DFF_PN0_): CLK=\osc_clk, D=\u_gate._6177_.D, Q=\u_gate._6433_.IQ
Replacing miter_top.$flatten\u_gate.\_5854_.$auto$liberty.cc:270:create_ff$1317 ($_DFF_PN0_): CLK=\osc_clk, D=\u_gate._5854_.D, Q=\u_gate._5854_.IQ
Replacing miter_top.$flatten\u_gate.\_6567_.$auto$liberty.cc:270:create_ff$1317 ($_DFF_PN0_): CLK=\osc_clk, D=\u_gate._6551_.D, Q=\u_gate._6567_.IQ
Replacing miter_top.$flatten\u_gate.\_5853_.$auto$liberty.cc:270:create_ff$1317 ($_DFF_PN0_): CLK=\osc_clk, D=\u_gate._5853_.D, Q=\u_gate._5853_.IQ
Replacing miter_top.$flatten\u_gate.\_6132_.$auto$liberty.cc:270:create_ff$1317 ($_DFF_PN0_): CLK=\osc_clk, D=\u_gate._6131_.IQ, Q=\u_gate._6132_.IQ
Replacing miter_top.$flatten\u_gate.\_6568_.$auto$liberty.cc:270:create_ff$1317 ($_DFF_PN0_): CLK=\osc_clk, D=\u_gate._6552_.D, Q=\u_gate._6568_.IQ
Replacing miter_top.$flatten\u_gate.\_5852_.$auto$liberty.cc:270:create_ff$1317 ($_DFF_PN0_): CLK=\osc_clk, D=\u_gate._5852_.D, Q=\u_gate._5852_.IQ
Replacing miter_top.$flatten\u_gate.\_6031_.$auto$liberty.cc:270:create_ff$1317 ($_DFF_PN0_): CLK=\osc_clk, D=\u_gate._6030_.IQ, Q=\u_gate._6031_.IQ
Replacing miter_top.$flatten\u_gate.\_5851_.$auto$liberty.cc:270:create_ff$1317 ($_DFF_PN0_): CLK=\osc_clk, D=\u_gate._5851_.D, Q=\u_gate._5851_.IQ
Replacing miter_top.$flatten\u_gate.\_5850_.$auto$liberty.cc:270:create_ff$1317 ($_DFF_PN0_): CLK=\osc_clk, D=\u_gate._5850_.D, Q=\u_gate._5850_.IQ
Replacing miter_top.$flatten\u_gate.\_6570_.$auto$liberty.cc:270:create_ff$1317 ($_DFF_PN0_): CLK=\osc_clk, D=\u_gate._6554_.D, Q=\u_gate._6570_.IQ
Replacing miter_top.$flatten\u_gate.\_5849_.$auto$liberty.cc:270:create_ff$1317 ($_DFF_PN0_): CLK=\osc_clk, D=\u_gate._5849_.D, Q=\u_gate._5849_.IQ
Replacing miter_top.$flatten\u_gate.\_6571_.$auto$liberty.cc:270:create_ff$1317 ($_DFF_PN0_): CLK=\osc_clk, D=\u_gate._6555_.D, Q=\u_gate._6571_.IQ
Replacing miter_top.$flatten\u_gate.\_5848_.$auto$liberty.cc:270:create_ff$1317 ($_DFF_PN0_): CLK=\osc_clk, D=\u_gate._5848_.D, Q=\u_gate._5848_.IQ
Replacing miter_top.$flatten\u_gate.\_6220_.$auto$liberty.cc:270:create_ff$1317 ($_DFF_PN0_): CLK=\osc_clk, D=\u_gate._6220_.D, Q=\u_gate._6220_.IQ
Replacing miter_top.$flatten\u_gate.\_6436_.$auto$liberty.cc:270:create_ff$1317 ($_DFF_PN0_): CLK=\osc_clk, D=\u_gate._6180_.D, Q=\u_gate._6436_.IQ
Replacing miter_top.$flatten\u_gate.\_5847_.$auto$liberty.cc:270:create_ff$1317 ($_DFF_PN0_): CLK=\osc_clk, D=\u_gate._5847_.D, Q=\u_gate._5847_.IQ
Replacing miter_top.$flatten\u_gate.\_6028_.$auto$liberty.cc:270:create_ff$1317 ($_DFF_PN0_): CLK=\osc_clk, D=\u_gate._6027_.IQ, Q=\u_gate._6028_.IQ
Replacing miter_top.$flatten\u_gate.\_5846_.$auto$liberty.cc:270:create_ff$1317 ($_DFF_PN0_): CLK=\osc_clk, D=\u_gate._5846_.D, Q=\u_gate._5846_.IQ
Replacing miter_top.$flatten\u_gate.\_6573_.$auto$liberty.cc:270:create_ff$1317 ($_DFF_PN0_): CLK=\osc_clk, D=\u_gate._6557_.D, Q=\u_gate._6573_.IQ
Replacing miter_top.$flatten\u_gate.\_5845_.$auto$liberty.cc:270:create_ff$1317 ($_DFF_PN0_): CLK=\osc_clk, D=\u_gate._5845_.D, Q=\u_gate._5845_.IQ
Replacing miter_top.$flatten\u_gate.\_6027_.$auto$liberty.cc:270:create_ff$1317 ($_DFF_PN0_): CLK=\osc_clk, D=\u_gate._6026_.IQ, Q=\u_gate._6027_.IQ
Replacing miter_top.$flatten\u_gate.\_6574_.$auto$liberty.cc:270:create_ff$1317 ($_DFF_PN0_): CLK=\osc_clk, D=\u_gate._6558_.D, Q=\u_gate._6574_.IQ
Replacing miter_top.$flatten\u_gate.\_5844_.$auto$liberty.cc:270:create_ff$1317 ($_DFF_PN0_): CLK=\osc_clk, D=\u_gate._5844_.D, Q=\u_gate._5844_.IQ
Replacing miter_top.$flatten\u_gate.\_5843_.$auto$liberty.cc:270:create_ff$1317 ($_DFF_PN0_): CLK=\osc_clk, D=\u_gate._5843_.D, Q=\u_gate._5843_.IQ
Replacing miter_top.$flatten\u_gate.\_6438_.$auto$liberty.cc:270:create_ff$1317 ($_DFF_PN0_): CLK=\osc_clk, D=\u_gate._6182_.D, Q=\u_gate._6438_.IQ
Replacing miter_top.$flatten\u_gate.\_5842_.$auto$liberty.cc:270:create_ff$1317 ($_DFF_PN0_): CLK=\osc_clk, D=\u_gate._5842_.D, Q=\u_gate._5842_.IQ
Replacing miter_top.$flatten\u_gate.\_6576_.$auto$liberty.cc:270:create_ff$1317 ($_DFF_PN0_): CLK=\osc_clk, D=\u_gate._6560_.D, Q=\u_gate._6576_.IQ
Replacing miter_top.$flatten\u_gate.\_5841_.$auto$liberty.cc:270:create_ff$1317 ($_DFF_PN0_): CLK=\osc_clk, D=\u_gate._5841_.D, Q=\u_gate._5841_.IQ
Replacing miter_top.$flatten\u_gate.\_6577_.$auto$liberty.cc:270:create_ff$1317 ($_DFF_PN0_): CLK=\osc_clk, D=\u_gate._6561_.D, Q=\u_gate._6577_.IQ
Replacing miter_top.$flatten\u_gate.\_5840_.$auto$liberty.cc:270:create_ff$1317 ($_DFF_PN0_): CLK=\osc_clk, D=\u_gate._5840_.D, Q=\u_gate._5840_.IQ
Replacing miter_top.$flatten\u_gate.\_6024_.$auto$liberty.cc:270:create_ff$1317 ($_DFF_PN0_): CLK=\osc_clk, D=\u_gate._6023_.IQ, Q=\u_gate._6024_.IQ
Replacing miter_top.$flatten\u_gate.\_5839_.$auto$liberty.cc:270:create_ff$1317 ($_DFF_PN0_): CLK=\osc_clk, D=\u_gate._5839_.D, Q=\u_gate._5839_.IQ
Replacing miter_top.$flatten\u_gate.\_6186_.$auto$liberty.cc:270:create_ff$1317 ($_DFF_PN0_): CLK=\osc_clk, D=\u_gate._6186_.D, Q=\u_gate._6186_.IQ
Replacing miter_top.$flatten\u_gate.\_5838_.$auto$liberty.cc:270:create_ff$1317 ($_DFF_PN0_): CLK=\osc_clk, D=\u_gate._5838_.D, Q=\u_gate._5838_.IQ
Replacing miter_top.$flatten\u_gate.\_6579_.$auto$liberty.cc:270:create_ff$1317 ($_DFF_PN0_): CLK=\osc_clk, D=\u_gate._6547_.D, Q=\u_gate._6579_.IQ
Replacing miter_top.$flatten\u_gate.\_5837_.$auto$liberty.cc:270:create_ff$1317 ($_DFF_PN0_): CLK=\osc_clk, D=\u_gate._5837_.D, Q=\u_gate._5837_.IQ
Replacing miter_top.$flatten\u_gate.\_6127_.$auto$liberty.cc:270:create_ff$1317 ($_DFF_PN0_): CLK=\osc_clk, D=\u_gate._6126_.IQ, Q=\u_gate._6127_.IQ
Replacing miter_top.$flatten\u_gate.\_6580_.$auto$liberty.cc:270:create_ff$1317 ($_DFF_PN0_): CLK=\osc_clk, D=\u_gate._6548_.D, Q=\u_gate._6580_.IQ
Replacing miter_top.$flatten\u_gate.\_5836_.$auto$liberty.cc:270:create_ff$1317 ($_DFF_PN0_): CLK=\osc_clk, D=\u_gate._5836_.D, Q=\u_gate._5836_.IQ
Replacing miter_top.$flatten\u_gate.\_6022_.$auto$liberty.cc:270:create_ff$1317 ($_DFF_PN0_): CLK=\osc_clk, D=\u_gate._6021_.IQ, Q=\u_gate._6022_.IQ
Replacing miter_top.$flatten\u_gate.\_6441_.$auto$liberty.cc:270:create_ff$1317 ($_DFF_PN0_): CLK=\osc_clk, D=\u_gate._6185_.D, Q=\u_gate._6441_.IQ
Replacing miter_top.$flatten\u_gate.\_5835_.$auto$liberty.cc:270:create_ff$1317 ($_DFF_PN0_): CLK=\osc_clk, D=\u_gate._5835_.D, Q=\u_gate._5835_.IQ
Replacing miter_top.$flatten\u_gate.\_5834_.$auto$liberty.cc:270:create_ff$1317 ($_DFF_PN0_): CLK=\osc_clk, D=\u_gate._5834_.D, Q=\u_gate._5834_.IQ
Replacing miter_top.$flatten\u_gate.\_6582_.$auto$liberty.cc:270:create_ff$1317 ($_DFF_PN0_): CLK=\osc_clk, D=\u_gate._6550_.D, Q=\u_gate._6582_.IQ
Replacing miter_top.$flatten\u_gate.\_5833_.$auto$liberty.cc:270:create_ff$1317 ($_DFF_PN0_): CLK=\osc_clk, D=\u_gate._5833_.D, Q=\u_gate._5833_.IQ
Replacing miter_top.$flatten\u_gate.\_6583_.$auto$liberty.cc:270:create_ff$1317 ($_DFF_PN0_): CLK=\osc_clk, D=\u_gate._6551_.D, Q=\u_gate._6583_.IQ
Replacing miter_top.$flatten\u_gate.\_5832_.$auto$liberty.cc:270:create_ff$1317 ($_DFF_PN0_): CLK=\osc_clk, D=\u_gate._5832_.D, Q=\u_gate._5832_.IQ
Replacing miter_top.$flatten\u_gate.\_5831_.$auto$liberty.cc:270:create_ff$1317 ($_DFF_PN0_): CLK=\osc_clk, D=\u_gate._5831_.D, Q=\u_gate._5831_.IQ
Replacing miter_top.$flatten\u_gate.\_6019_.$auto$liberty.cc:270:create_ff$1317 ($_DFF_PN0_): CLK=\osc_clk, D=\u_gate._6018_.IQ, Q=\u_gate._6019_.IQ
Replacing miter_top.$flatten\u_gate.\_5830_.$auto$liberty.cc:270:create_ff$1317 ($_DFF_PN0_): CLK=\osc_clk, D=\u_gate._5830_.D, Q=\u_gate._5830_.IQ
Replacing miter_top.$flatten\u_gate.\_6585_.$auto$liberty.cc:270:create_ff$1317 ($_DFF_PN0_): CLK=\osc_clk, D=\u_gate._6553_.D, Q=\u_gate._6585_.IQ
Replacing miter_top.$flatten\u_gate.\_5829_.$auto$liberty.cc:270:create_ff$1317 ($_DFF_PN0_): CLK=\osc_clk, D=\u_gate._5829_.D, Q=\u_gate._5829_.IQ
Replacing miter_top.$flatten\u_gate.\_6018_.$auto$liberty.cc:270:create_ff$1317 ($_DFF_PN0_): CLK=\osc_clk, D=\u_gate._6017_.IQ, Q=\u_gate._6018_.IQ
Replacing miter_top.$flatten\u_gate.\_6586_.$auto$liberty.cc:270:create_ff$1317 ($_DFF_PN0_): CLK=\osc_clk, D=\u_gate._6554_.D, Q=\u_gate._6586_.IQ
Replacing miter_top.$flatten\u_gate.\_5828_.$auto$liberty.cc:270:create_ff$1317 ($_DFF_PN0_): CLK=\osc_clk, D=\u_gate._5828_.D, Q=\u_gate._5828_.IQ
Replacing miter_top.$flatten\u_gate.\_5827_.$auto$liberty.cc:270:create_ff$1317 ($_DFF_PN0_): CLK=\osc_clk, D=\u_gate._5827_.D, Q=\u_gate._5827_.IQ
Replacing miter_top.$flatten\u_gate.\_6184_.$auto$liberty.cc:270:create_ff$1317 ($_DFF_PN0_): CLK=\osc_clk, D=\u_gate._6184_.D, Q=\u_gate._6184_.IQ
Replacing miter_top.$flatten\u_gate.\_5826_.$auto$liberty.cc:270:create_ff$1317 ($_DFF_PN0_): CLK=\osc_clk, D=\u_gate._5826_.D, Q=\u_gate._5826_.IQ
Replacing miter_top.$flatten\u_gate.\_6588_.$auto$liberty.cc:270:create_ff$1317 ($_DFF_PN0_): CLK=\osc_clk, D=\u_gate._6556_.D, Q=\u_gate._6588_.IQ
Replacing miter_top.$flatten\u_gate.\_5825_.$auto$liberty.cc:270:create_ff$1317 ($_DFF_PN0_): CLK=\osc_clk, D=\u_gate._5825_.D, Q=\u_gate._5825_.IQ
Replacing miter_top.$flatten\u_gate.\_6589_.$auto$liberty.cc:270:create_ff$1317 ($_DFF_PN0_): CLK=\osc_clk, D=\u_gate._6557_.D, Q=\u_gate._6589_.IQ
Replacing miter_top.$flatten\u_gate.\_5824_.$auto$liberty.cc:270:create_ff$1317 ($_DFF_PN0_): CLK=\osc_clk, D=\u_gate._5824_.D, Q=\u_gate._5824_.IQ
Replacing miter_top.$flatten\u_gate.\_6015_.$auto$liberty.cc:270:create_ff$1317 ($_DFF_PN0_): CLK=\osc_clk, D=\u_gate._6014_.IQ, Q=\u_gate._6015_.IQ
Replacing miter_top.$flatten\u_gate.\_5823_.$auto$liberty.cc:270:create_ff$1317 ($_DFF_PN0_): CLK=\osc_clk, D=\u_gate._5823_.D, Q=\u_gate._5823_.IQ
Replacing miter_top.$flatten\u_gate.\_5822_.$auto$liberty.cc:270:create_ff$1317 ($_DFF_PN0_): CLK=\osc_clk, D=\u_gate._5822_.D, Q=\u_gate._5822_.IQ
Replacing miter_top.$flatten\u_gate.\_6591_.$auto$liberty.cc:270:create_ff$1317 ($_DFF_PN0_): CLK=\osc_clk, D=\u_gate._6559_.D, Q=\u_gate._6591_.IQ
Replacing miter_top.$flatten\u_gate.\_5821_.$auto$liberty.cc:270:create_ff$1317 ($_DFF_PN0_): CLK=\osc_clk, D=\u_gate._5821_.D, Q=\u_gate._5821_.IQ
Replacing miter_top.$flatten\u_gate.\_6553_.$auto$liberty.cc:270:create_ff$1317 ($_DFF_PN0_): CLK=\osc_clk, D=\u_gate._6553_.D, Q=\u_gate._6553_.IQ
Replacing miter_top.$flatten\u_gate.\_6779_.$auto$liberty.cc:270:create_ff$1317 ($_DFF_PN0_): CLK=\osc_clk, D=\u_gate._6778_.IQ, Q=\u_gate._6779_.IQ
Replacing miter_top.$flatten\u_gate.\_6776_.$auto$liberty.cc:270:create_ff$1317 ($_DFF_PN0_): CLK=\osc_clk, D=\u_gate._6775_.IQ, Q=\u_gate._6776_.IQ
Replacing miter_top.$flatten\u_gate.\_6550_.$auto$liberty.cc:270:create_ff$1317 ($_DFF_PN0_): CLK=\osc_clk, D=\u_gate._6550_.D, Q=\u_gate._6550_.IQ
Replacing miter_top.$flatten\u_gate.\_5877_.$auto$liberty.cc:270:create_ff$1317 ($_DFF_PN0_): CLK=\osc_clk, D=\u_gate._5866_.D, Q=\u_gate._5877_.IQ
Replacing miter_top.$flatten\u_gate.\_6773_.$auto$liberty.cc:270:create_ff$1317 ($_DFF_PN0_): CLK=\osc_clk, D=\u_gate._6772_.IQ, Q=\u_gate._6773_.IQ
Replacing miter_top.$flatten\u_gate.\_6770_.$auto$liberty.cc:270:create_ff$1317 ($_DFF_PN0_): CLK=\osc_clk, D=\u_gate._5413_.A1, Q=\u_gate._6770_.IQ
Replacing miter_top.$flatten\u_gate.\_5881_.$auto$liberty.cc:270:create_ff$1317 ($_DFF_PN0_): CLK=\osc_clk, D=\u_gate._5870_.D, Q=\u_gate._5881_.IQ
Replacing miter_top.$flatten\u_gate.\_6767_.$auto$liberty.cc:270:create_ff$1317 ($_DFF_PN0_): CLK=\osc_clk, D=\u_gate._6767_.D, Q=\u_gate._6767_.IQ
Replacing miter_top.$flatten\u_gate.\_6049_.$auto$liberty.cc:270:create_ff$1317 ($_DFF_PN0_): CLK=\osc_clk, D=\u_gate._6048_.IQ, Q=\u_gate._6049_.IQ
Replacing miter_top.$flatten\u_gate.\_6764_.$auto$liberty.cc:270:create_ff$1317 ($_DFF_PN0_): CLK=\osc_clk, D=\u_gate._6763_.IQ, Q=\u_gate._6764_.IQ
Replacing miter_top.$flatten\u_gate.\_5886_.$auto$liberty.cc:270:create_ff$1317 ($_DFF_PN0_): CLK=\osc_clk, D=\u_gate._5864_.D, Q=\u_gate._5886_.IQ
Replacing miter_top.$flatten\u_gate.\_6761_.$auto$liberty.cc:270:create_ff$1317 ($_DFF_PN0_): CLK=\osc_clk, D=\u_gate._5731_.IQ, Q=\u_gate._6761_.IQ
Replacing miter_top.$flatten\u_gate.\_6758_.$auto$liberty.cc:270:create_ff$1317 ($_DFF_PN0_): CLK=\sclk, D=\u_gate._6758_.D, Q=\u_gate._6758_.IQ
Replacing miter_top.$flatten\u_gate.\_5890_.$auto$liberty.cc:270:create_ff$1317 ($_DFF_PN0_): CLK=\osc_clk, D=\u_gate._5868_.D, Q=\u_gate._5890_.IQ
Replacing miter_top.$flatten\u_gate.\_6144_.$auto$liberty.cc:270:create_ff$1317 ($_DFF_PN0_): CLK=\osc_clk, D=\u_gate._6143_.IQ, Q=\u_gate._6144_.IQ
Replacing miter_top.$flatten\u_gate.\_6755_.$auto$liberty.cc:270:create_ff$1317 ($_DFF_PN0_): CLK=\sclk, D=\u_gate._6755_.D, Q=\u_gate._6755_.IQ
Replacing miter_top.$flatten\u_gate.\_6054_.$auto$liberty.cc:270:create_ff$1317 ($_DFF_PN0_): CLK=\osc_clk, D=\u_gate._6053_.IQ, Q=\u_gate._6054_.IQ
Replacing miter_top.$flatten\u_gate.\_6752_.$auto$liberty.cc:270:create_ff$1317 ($_DFF_PN0_): CLK=\sclk, D=\u_gate._6751_.IQ, Q=\u_gate._6752_.IQ
Replacing miter_top.$flatten\u_gate.\_6055_.$auto$liberty.cc:270:create_ff$1317 ($_DFF_PN0_): CLK=\osc_clk, D=\u_gate._6054_.IQ, Q=\u_gate._6055_.IQ
Replacing miter_top.$flatten\u_gate.\_5895_.$auto$liberty.cc:270:create_ff$1317 ($_DFF_PN0_): CLK=\osc_clk, D=\u_gate._5873_.D, Q=\u_gate._5895_.IQ
Replacing miter_top.$flatten\u_gate.\_6749_.$auto$liberty.cc:270:create_ff$1317 ($_DFF_PN0_): CLK=\sclk, D=\u_gate._6748_.IQ, Q=\u_gate._6749_.IQ
Replacing miter_top.$flatten\u_gate.\_6746_.$auto$liberty.cc:270:create_ff$1317 ($_DFF_PN0_): CLK=\osc_clk, D=\u_gate._6764_.IQ, Q=\u_gate._6746_.IQ
Replacing miter_top.$flatten\u_gate.\_5899_.$auto$liberty.cc:270:create_ff$1317 ($_DFF_PN0_): CLK=\osc_clk, D=\u_gate._5675_.IQ, Q=\u_gate._5899_.IQ
Replacing miter_top.$flatten\u_gate.\_6414_.$auto$liberty.cc:270:create_ff$1317 ($_DFF_PN0_): CLK=\osc_clk, D=\u_gate._6286_.D, Q=\u_gate._6414_.IQ
Replacing miter_top.$flatten\u_gate.\_6743_.$auto$liberty.cc:270:create_ff$1317 ($_DFF_PN0_): CLK=\osc_clk, D=\u_gate._6743_.D, Q=\u_gate._6743_.IQ
Replacing miter_top.$flatten\u_gate.\_6531_.$auto$liberty.cc:270:create_ff$1317 ($_DFF_PN0_): CLK=\osc_clk, D=\u_gate._6275_.D, Q=\u_gate._6531_.IQ
Replacing miter_top.$flatten\u_gate.\_6740_.$auto$liberty.cc:270:create_ff$1317 ($_DFF_PN0_): CLK=\osc_clk, D=\u_gate._6740_.D, Q=\u_gate._6740_.IQ
Replacing miter_top.$flatten\u_gate.\_6060_.$auto$liberty.cc:270:create_ff$1317 ($_DFF_PN0_): CLK=\osc_clk, D=\u_gate._6059_.IQ, Q=\u_gate._6060_.IQ
Replacing miter_top.$flatten\u_gate.\_5904_.$auto$liberty.cc:270:create_ff$1317 ($_DFF_PN0_): CLK=\osc_clk, D=\u_gate._4706_.B2, Q=\u_gate._5904_.IQ
Replacing miter_top.$flatten\u_gate.\_6737_.$auto$liberty.cc:270:create_ff$1317 ($_DFF_PN0_): CLK=\osc_clk, D=\u_gate._6737_.D, Q=\u_gate._6737_.IQ
Replacing miter_top.$flatten\u_gate.\_6528_.$auto$liberty.cc:270:create_ff$1317 ($_DFF_PN0_): CLK=\osc_clk, D=\u_gate._6272_.D, Q=\u_gate._6528_.IQ
Replacing miter_top.$flatten\u_gate.\_6734_.$auto$liberty.cc:270:create_ff$1317 ($_DFF_PN0_): CLK=\osc_clk, D=\u_gate._6734_.D, Q=\u_gate._6734_.IQ
Replacing miter_top.$flatten\u_gate.\_5908_.$auto$liberty.cc:270:create_ff$1317 ($_DFF_PN0_): CLK=\osc_clk, D=\u_gate._5907_.IQ, Q=\u_gate._5908_.IQ
Replacing miter_top.$flatten\u_gate.\_6526_.$auto$liberty.cc:270:create_ff$1317 ($_DFF_PN0_): CLK=\osc_clk, D=\u_gate._6270_.D, Q=\u_gate._6526_.IQ
Replacing miter_top.$flatten\u_gate.\_6731_.$auto$liberty.cc:270:create_ff$1317 ($_DFF_PN0_): CLK=\osc_clk, D=\u_gate._6731_.D, Q=\u_gate._6731_.IQ
Replacing miter_top.$flatten\u_gate.\_6728_.$auto$liberty.cc:270:create_ff$1317 ($_DFF_PN0_): CLK=\osc_clk, D=\u_gate._6728_.D, Q=\u_gate._6728_.IQ
Replacing miter_top.$flatten\u_gate.\_6523_.$auto$liberty.cc:270:create_ff$1317 ($_DFF_PN0_): CLK=\osc_clk, D=\u_gate._6267_.D, Q=\u_gate._6523_.IQ
Replacing miter_top.$flatten\u_gate.\_5913_.$auto$liberty.cc:270:create_ff$1317 ($_DFF_PN0_): CLK=\osc_clk, D=\u_gate._5912_.IQ, Q=\u_gate._5913_.IQ
Replacing miter_top.$flatten\u_gate.\_6725_.$auto$liberty.cc:270:create_ff$1317 ($_DFF_PN0_): CLK=\osc_clk, D=\u_gate._6722_.IQ, Q=\u_gate._6725_.IQ
Replacing miter_top.$flatten\u_gate.\_6722_.$auto$liberty.cc:270:create_ff$1317 ($_DFF_PN0_): CLK=\osc_clk, D=\tripped, Q=\u_gate._6722_.IQ
Replacing miter_top.$flatten\u_gate.\_5917_.$auto$liberty.cc:270:create_ff$1317 ($_DFF_PN0_): CLK=\osc_clk, D=\u_gate._5916_.IQ, Q=\u_gate._5917_.IQ
Replacing miter_top.$flatten\u_gate.\_6719_.$auto$liberty.cc:270:create_ff$1317 ($_DFF_PN0_): CLK=\osc_clk, D=\u_gate._6719_.D, Q=\u_gate._6719_.IQ
Replacing miter_top.$flatten\u_gate.\_6716_.$auto$liberty.cc:270:create_ff$1317 ($_DFF_PN0_): CLK=\osc_clk, D=\u_gate._6716_.D, Q=\u_gate._6716_.IQ
Replacing miter_top.$flatten\u_gate.\_5922_.$auto$liberty.cc:270:create_ff$1317 ($_DFF_PN0_): CLK=\osc_clk, D=\u_gate._5921_.IQ, Q=\u_gate._5922_.IQ
Replacing miter_top.$flatten\u_gate.\_6713_.$auto$liberty.cc:270:create_ff$1317 ($_DFF_PN0_): CLK=\osc_clk, D=\u_gate._6697_.D, Q=\u_gate._6713_.IQ
Replacing miter_top.$flatten\u_gate.\_6710_.$auto$liberty.cc:270:create_ff$1317 ($_DFF_PN0_): CLK=\osc_clk, D=\u_gate._6694_.D, Q=\u_gate._6710_.IQ
Replacing miter_top.$flatten\u_gate.\_5926_.$auto$liberty.cc:270:create_ff$1317 ($_DFF_PN0_): CLK=\osc_clk, D=\u_gate._5925_.IQ, Q=\u_gate._5926_.IQ
Replacing miter_top.$flatten\u_gate.\_6073_.$auto$liberty.cc:270:create_ff$1317 ($_DFF_PN0_): CLK=\osc_clk, D=\u_gate._6072_.IQ, Q=\u_gate._6073_.IQ
Replacing miter_top.$flatten\u_gate.\_6707_.$auto$liberty.cc:270:create_ff$1317 ($_DFF_PN0_): CLK=\osc_clk, D=\u_gate._6691_.D, Q=\u_gate._6707_.IQ
Replacing miter_top.$flatten\u_gate.\_6704_.$auto$liberty.cc:270:create_ff$1317 ($_DFF_PN0_): CLK=\osc_clk, D=\u_gate._6696_.D, Q=\u_gate._6704_.IQ
Replacing miter_top.$flatten\u_gate.\_5931_.$auto$liberty.cc:270:create_ff$1317 ($_DFF_PN0_): CLK=\osc_clk, D=\u_gate._5930_.IQ, Q=\u_gate._5931_.IQ
Replacing miter_top.$flatten\u_gate.\_6701_.$auto$liberty.cc:270:create_ff$1317 ($_DFF_PN0_): CLK=\osc_clk, D=\u_gate._6693_.D, Q=\u_gate._6701_.IQ
Replacing miter_top.$flatten\u_gate.\_6400_.$auto$liberty.cc:270:create_ff$1317 ($_DFF_PN0_): CLK=\osc_clk, D=\u_gate._6272_.D, Q=\u_gate._6400_.IQ
Replacing miter_top.$flatten\u_gate.\_6698_.$auto$liberty.cc:270:create_ff$1317 ($_DFF_PN0_): CLK=\osc_clk, D=\u_gate._6690_.D, Q=\u_gate._6698_.IQ
Replacing miter_top.$flatten\u_gate.\_5935_.$auto$liberty.cc:270:create_ff$1317 ($_DFF_PN0_): CLK=\osc_clk, D=\u_gate._5934_.IQ, Q=\u_gate._5935_.IQ
Replacing miter_top.$flatten\u_gate.\_6078_.$auto$liberty.cc:270:create_ff$1317 ($_DFF_PN0_): CLK=\osc_clk, D=\u_gate._6077_.IQ, Q=\u_gate._6078_.IQ
Replacing miter_top.$flatten\u_gate.\_6695_.$auto$liberty.cc:270:create_ff$1317 ($_DFF_PN0_): CLK=\osc_clk, D=\u_gate._6695_.D, Q=\u_gate._6695_.IQ
Replacing miter_top.$flatten\u_gate.\_6504_.$auto$liberty.cc:270:create_ff$1317 ($_DFF_PN0_): CLK=\osc_clk, D=\u_gate._6248_.D, Q=\u_gate._6504_.IQ
Replacing miter_top.$flatten\u_gate.\_6692_.$auto$liberty.cc:270:create_ff$1317 ($_DFF_PN0_): CLK=\osc_clk, D=\u_gate._6692_.D, Q=\u_gate._6692_.IQ
Replacing miter_top.$flatten\u_gate.\_5940_.$auto$liberty.cc:270:create_ff$1317 ($_DFF_PN0_): CLK=\osc_clk, D=\u_gate._5939_.IQ, Q=\u_gate._5940_.IQ
Replacing miter_top.$flatten\u_gate.\_6689_.$auto$liberty.cc:270:create_ff$1317 ($_DFF_PN0_): CLK=\osc_clk, D=\u_gate._6673_.D, Q=\u_gate._6689_.IQ
Replacing miter_top.$flatten\u_gate.\_6501_.$auto$liberty.cc:270:create_ff$1317 ($_DFF_PN0_): CLK=\osc_clk, D=\u_gate._6245_.D, Q=\u_gate._6501_.IQ
Replacing miter_top.$flatten\u_gate.\_6686_.$auto$liberty.cc:270:create_ff$1317 ($_DFF_PN0_): CLK=\osc_clk, D=\u_gate._6670_.D, Q=\u_gate._6686_.IQ
Replacing miter_top.$flatten\u_gate.\_5944_.$auto$liberty.cc:270:create_ff$1317 ($_DFF_PN0_): CLK=\osc_clk, D=\u_gate._5943_.IQ, Q=\u_gate._5944_.IQ
Replacing miter_top.$flatten\u_gate.\_6499_.$auto$liberty.cc:270:create_ff$1317 ($_DFF_PN0_): CLK=\osc_clk, D=\u_gate._6243_.D, Q=\u_gate._6499_.IQ
Replacing miter_top.$flatten\u_gate.\_6683_.$auto$liberty.cc:270:create_ff$1317 ($_DFF_PN0_): CLK=\osc_clk, D=\u_gate._6667_.D, Q=\u_gate._6683_.IQ
Replacing miter_top.$flatten\u_gate.\_6680_.$auto$liberty.cc:270:create_ff$1317 ($_DFF_PN0_): CLK=\osc_clk, D=\u_gate._6672_.D, Q=\u_gate._6680_.IQ
Replacing miter_top.$flatten\u_gate.\_6496_.$auto$liberty.cc:270:create_ff$1317 ($_DFF_PN0_): CLK=\osc_clk, D=\u_gate._6240_.D, Q=\u_gate._6496_.IQ
Replacing miter_top.$flatten\u_gate.\_5949_.$auto$liberty.cc:270:create_ff$1317 ($_DFF_PN0_): CLK=\osc_clk, D=\u_gate._5948_.IQ, Q=\u_gate._5949_.IQ
Replacing miter_top.$flatten\u_gate.\_6677_.$auto$liberty.cc:270:create_ff$1317 ($_DFF_PN0_): CLK=\osc_clk, D=\u_gate._6669_.D, Q=\u_gate._6677_.IQ
Replacing miter_top.$flatten\u_gate.\_6674_.$auto$liberty.cc:270:create_ff$1317 ($_DFF_PN0_): CLK=\osc_clk, D=\u_gate._6666_.D, Q=\u_gate._6674_.IQ
Replacing miter_top.$flatten\u_gate.\_5953_.$auto$liberty.cc:270:create_ff$1317 ($_DFF_PN0_): CLK=\osc_clk, D=\u_gate._5952_.IQ, Q=\u_gate._5953_.IQ
Replacing miter_top.$flatten\u_gate.\_6671_.$auto$liberty.cc:270:create_ff$1317 ($_DFF_PN0_): CLK=\osc_clk, D=\u_gate._6671_.D, Q=\u_gate._6671_.IQ
Replacing miter_top.$flatten\u_gate.\_6668_.$auto$liberty.cc:270:create_ff$1317 ($_DFF_PN0_): CLK=\osc_clk, D=\u_gate._6668_.D, Q=\u_gate._6668_.IQ
Replacing miter_top.$flatten\u_gate.\_5958_.$auto$liberty.cc:270:create_ff$1317 ($_DFF_PN0_): CLK=\osc_clk, D=\u_gate._5957_.IQ, Q=\u_gate._5958_.IQ
Replacing miter_top.$flatten\u_gate.\_6665_.$auto$liberty.cc:270:create_ff$1317 ($_DFF_PN0_): CLK=\osc_clk, D=\u_gate._6649_.D, Q=\u_gate._6665_.IQ
Replacing miter_top.$flatten\u_gate.\_6166_.$auto$liberty.cc:270:create_ff$1317 ($_DFF_PN0_): CLK=\osc_clk, D=\u_gate._6166_.D, Q=\u_gate._6166_.IQ
Replacing miter_top.$flatten\u_gate.\_6662_.$auto$liberty.cc:270:create_ff$1317 ($_DFF_PN0_): CLK=\osc_clk, D=\u_gate._6646_.D, Q=\u_gate._6662_.IQ
Replacing miter_top.$flatten\u_gate.\_5962_.$auto$liberty.cc:270:create_ff$1317 ($_DFF_PN0_): CLK=\osc_clk, D=\u_gate._5961_.IQ, Q=\u_gate._5962_.IQ
Replacing miter_top.$flatten\u_gate.\_6659_.$auto$liberty.cc:270:create_ff$1317 ($_DFF_PN0_): CLK=\osc_clk, D=\u_gate._6643_.D, Q=\u_gate._6659_.IQ
Replacing miter_top.$flatten\u_gate.\_6301_.$auto$liberty.cc:270:create_ff$1317 ($_DFF_PN0_): CLK=\osc_clk, D=\u_gate._6173_.D, Q=\u_gate._6301_.IQ
Replacing miter_top.$flatten\u_gate.\_6656_.$auto$liberty.cc:270:create_ff$1317 ($_DFF_PN0_): CLK=\osc_clk, D=\u_gate._6648_.D, Q=\u_gate._6656_.IQ
Replacing miter_top.$flatten\u_gate.\_6168_.$auto$liberty.cc:270:create_ff$1317 ($_DFF_PN0_): CLK=\osc_clk, D=\u_gate._6168_.D, Q=\u_gate._6168_.IQ
Replacing miter_top.$flatten\u_gate.\_5967_.$auto$liberty.cc:270:create_ff$1317 ($_DFF_PN0_): CLK=\osc_clk, D=\u_gate._5966_.IQ, Q=\u_gate._5967_.IQ
Replacing miter_top.$flatten\u_gate.\_6653_.$auto$liberty.cc:270:create_ff$1317 ($_DFF_PN0_): CLK=\osc_clk, D=\u_gate._6645_.D, Q=\u_gate._6653_.IQ
Replacing miter_top.$flatten\u_gate.\_6650_.$auto$liberty.cc:270:create_ff$1317 ($_DFF_PN0_): CLK=\osc_clk, D=\u_gate._6642_.D, Q=\u_gate._6650_.IQ
Replacing miter_top.$flatten\u_gate.\_5971_.$auto$liberty.cc:270:create_ff$1317 ($_DFF_PN0_): CLK=\osc_clk, D=\u_gate._5970_.IQ, Q=\u_gate._5971_.IQ
Replacing miter_top.$flatten\u_gate.\_6647_.$auto$liberty.cc:270:create_ff$1317 ($_DFF_PN0_): CLK=\osc_clk, D=\u_gate._6647_.D, Q=\u_gate._6647_.IQ
Replacing miter_top.$flatten\u_gate.\_6477_.$auto$liberty.cc:270:create_ff$1317 ($_DFF_PN0_): CLK=\osc_clk, D=\u_gate._6221_.D, Q=\u_gate._6477_.IQ
Replacing miter_top.$flatten\u_gate.\_6644_.$auto$liberty.cc:270:create_ff$1317 ($_DFF_PN0_): CLK=\osc_clk, D=\u_gate._6644_.D, Q=\u_gate._6644_.IQ
Replacing miter_top.$flatten\u_gate.\_6382_.$auto$liberty.cc:270:create_ff$1317 ($_DFF_PN0_): CLK=\osc_clk, D=\u_gate._6254_.D, Q=\u_gate._6382_.IQ
Replacing miter_top.$flatten\u_gate.\_5976_.$auto$liberty.cc:270:create_ff$1317 ($_DFF_PN0_): CLK=\osc_clk, D=\u_gate._5975_.IQ, Q=\u_gate._5976_.IQ
Replacing miter_top.$flatten\u_gate.\_6641_.$auto$liberty.cc:270:create_ff$1317 ($_DFF_PN0_): CLK=\osc_clk, D=\u_gate._6609_.D, Q=\u_gate._6641_.IQ
Replacing miter_top.$flatten\u_gate.\_6474_.$auto$liberty.cc:270:create_ff$1317 ($_DFF_PN0_): CLK=\osc_clk, D=\u_gate._6218_.D, Q=\u_gate._6474_.IQ
Replacing miter_top.$flatten\u_gate.\_6638_.$auto$liberty.cc:270:create_ff$1317 ($_DFF_PN0_): CLK=\osc_clk, D=\u_gate._6606_.D, Q=\u_gate._6638_.IQ
Replacing miter_top.$flatten\u_gate.\_5980_.$auto$liberty.cc:270:create_ff$1317 ($_DFF_PN0_): CLK=\osc_clk, D=\u_gate._5979_.IQ, Q=\u_gate._5980_.IQ
Replacing miter_top.$flatten\u_gate.\_6472_.$auto$liberty.cc:270:create_ff$1317 ($_DFF_PN0_): CLK=\osc_clk, D=\u_gate._6216_.D, Q=\u_gate._6472_.IQ
Replacing miter_top.$flatten\u_gate.\_6635_.$auto$liberty.cc:270:create_ff$1317 ($_DFF_PN0_): CLK=\osc_clk, D=\u_gate._6603_.D, Q=\u_gate._6635_.IQ
Replacing miter_top.$flatten\u_gate.\_6632_.$auto$liberty.cc:270:create_ff$1317 ($_DFF_PN0_): CLK=\osc_clk, D=\u_gate._6600_.D, Q=\u_gate._6632_.IQ
Replacing miter_top.$flatten\u_gate.\_6469_.$auto$liberty.cc:270:create_ff$1317 ($_DFF_PN0_): CLK=\osc_clk, D=\u_gate._6213_.D, Q=\u_gate._6469_.IQ
Replacing miter_top.$flatten\u_gate.\_5985_.$auto$liberty.cc:270:create_ff$1317 ($_DFF_PN0_): CLK=\osc_clk, D=\u_gate._5984_.IQ, Q=\u_gate._5985_.IQ
Replacing miter_top.$flatten\u_gate.\_6629_.$auto$liberty.cc:270:create_ff$1317 ($_DFF_PN0_): CLK=\osc_clk, D=\u_gate._6597_.D, Q=\u_gate._6629_.IQ
Replacing miter_top.$flatten\u_gate.\_6626_.$auto$liberty.cc:270:create_ff$1317 ($_DFF_PN0_): CLK=\osc_clk, D=\u_gate._6594_.D, Q=\u_gate._6626_.IQ
Replacing miter_top.$flatten\u_gate.\_5989_.$auto$liberty.cc:270:create_ff$1317 ($_DFF_PN0_): CLK=\osc_clk, D=\u_gate._5988_.IQ, Q=\u_gate._5989_.IQ
Replacing miter_top.$flatten\u_gate.\_6623_.$auto$liberty.cc:270:create_ff$1317 ($_DFF_PN0_): CLK=\osc_clk, D=\u_gate._6607_.D, Q=\u_gate._6623_.IQ
Replacing miter_top.$flatten\u_gate.\_6375_.$auto$liberty.cc:270:create_ff$1317 ($_DFF_PN0_): CLK=\osc_clk, D=\u_gate._6247_.D, Q=\u_gate._6375_.IQ
Replacing miter_top.$flatten\u_gate.\_6620_.$auto$liberty.cc:270:create_ff$1317 ($_DFF_PN0_): CLK=\osc_clk, D=\u_gate._6604_.D, Q=\u_gate._6620_.IQ
Replacing miter_top.$flatten\u_gate.\_5994_.$auto$liberty.cc:270:create_ff$1317 ($_DFF_PN0_): CLK=\osc_clk, D=\u_gate._5993_.IQ, Q=\u_gate._5994_.IQ
Replacing miter_top.$flatten\u_gate.\_6617_.$auto$liberty.cc:270:create_ff$1317 ($_DFF_PN0_): CLK=\osc_clk, D=\u_gate._6601_.D, Q=\u_gate._6617_.IQ
Replacing miter_top.$flatten\u_gate.\_6112_.$auto$liberty.cc:270:create_ff$1317 ($_DFF_PN0_): CLK=\osc_clk, D=\u_gate._6111_.IQ, Q=\u_gate._6112_.IQ
Replacing miter_top.$flatten\u_gate.\_6614_.$auto$liberty.cc:270:create_ff$1317 ($_DFF_PN0_): CLK=\osc_clk, D=\u_gate._6598_.D, Q=\u_gate._6614_.IQ
Replacing miter_top.$flatten\u_gate.\_5998_.$auto$liberty.cc:270:create_ff$1317 ($_DFF_PN0_): CLK=\osc_clk, D=\u_gate._5997_.IQ, Q=\u_gate._5998_.IQ
Replacing miter_top.$flatten\u_gate.\_6611_.$auto$liberty.cc:270:create_ff$1317 ($_DFF_PN0_): CLK=\osc_clk, D=\u_gate._6595_.D, Q=\u_gate._6611_.IQ
Replacing miter_top.$flatten\u_gate.\_6608_.$auto$liberty.cc:270:create_ff$1317 ($_DFF_PN0_): CLK=\osc_clk, D=\u_gate._6608_.D, Q=\u_gate._6608_.IQ
Replacing miter_top.$flatten\u_gate.\_6003_.$auto$liberty.cc:270:create_ff$1317 ($_DFF_PN0_): CLK=\osc_clk, D=\u_gate._6002_.IQ, Q=\u_gate._6003_.IQ
Replacing miter_top.$flatten\u_gate.\_6605_.$auto$liberty.cc:270:create_ff$1317 ($_DFF_PN0_): CLK=\osc_clk, D=\u_gate._6605_.D, Q=\u_gate._6605_.IQ
Replacing miter_top.$flatten\u_gate.\_6117_.$auto$liberty.cc:270:create_ff$1317 ($_DFF_PN0_): CLK=\osc_clk, D=\u_gate._6116_.IQ, Q=\u_gate._6117_.IQ
Replacing miter_top.$flatten\u_gate.\_6602_.$auto$liberty.cc:270:create_ff$1317 ($_DFF_PN0_): CLK=\osc_clk, D=\u_gate._6602_.D, Q=\u_gate._6602_.IQ
Replacing miter_top.$flatten\u_gate.\_6007_.$auto$liberty.cc:270:create_ff$1317 ($_DFF_PN0_): CLK=\osc_clk, D=\u_gate._6006_.IQ, Q=\u_gate._6007_.IQ
Replacing miter_top.$flatten\u_gate.\_6181_.$auto$liberty.cc:270:create_ff$1317 ($_DFF_PN0_): CLK=\osc_clk, D=\u_gate._6181_.D, Q=\u_gate._6181_.IQ
Replacing miter_top.$flatten\u_gate.\_6599_.$auto$liberty.cc:270:create_ff$1317 ($_DFF_PN0_): CLK=\osc_clk, D=\u_gate._6599_.D, Q=\u_gate._6599_.IQ
Replacing miter_top.$flatten\u_gate.\_6450_.$auto$liberty.cc:270:create_ff$1317 ($_DFF_PN0_): CLK=\osc_clk, D=\u_gate._6194_.D, Q=\u_gate._6450_.IQ
Replacing miter_top.$flatten\u_gate.\_6596_.$auto$liberty.cc:270:create_ff$1317 ($_DFF_PN0_): CLK=\osc_clk, D=\u_gate._6596_.D, Q=\u_gate._6596_.IQ
Replacing miter_top.$flatten\u_gate.\_6012_.$auto$liberty.cc:270:create_ff$1317 ($_DFF_PN0_): CLK=\osc_clk, D=\u_gate._6011_.IQ, Q=\u_gate._6012_.IQ
Replacing miter_top.$flatten\u_gate.\_6593_.$auto$liberty.cc:270:create_ff$1317 ($_DFF_PN0_): CLK=\osc_clk, D=\u_gate._6561_.D, Q=\u_gate._6593_.IQ
Replacing miter_top.$flatten\u_gate.\_6447_.$auto$liberty.cc:270:create_ff$1317 ($_DFF_PN0_): CLK=\osc_clk, D=\u_gate._6191_.D, Q=\u_gate._6447_.IQ
Replacing miter_top.$flatten\u_gate.\_6590_.$auto$liberty.cc:270:create_ff$1317 ($_DFF_PN0_): CLK=\osc_clk, D=\u_gate._6558_.D, Q=\u_gate._6590_.IQ
Replacing miter_top.$flatten\u_gate.\_6016_.$auto$liberty.cc:270:create_ff$1317 ($_DFF_PN0_): CLK=\osc_clk, D=\u_gate._6015_.IQ, Q=\u_gate._6016_.IQ
Replacing miter_top.$flatten\u_gate.\_6445_.$auto$liberty.cc:270:create_ff$1317 ($_DFF_PN0_): CLK=\osc_clk, D=\u_gate._6189_.D, Q=\u_gate._6445_.IQ
Replacing miter_top.$flatten\u_gate.\_6587_.$auto$liberty.cc:270:create_ff$1317 ($_DFF_PN0_): CLK=\osc_clk, D=\u_gate._6555_.D, Q=\u_gate._6587_.IQ
Replacing miter_top.$flatten\u_gate.\_6584_.$auto$liberty.cc:270:create_ff$1317 ($_DFF_PN0_): CLK=\osc_clk, D=\u_gate._6552_.D, Q=\u_gate._6584_.IQ
Replacing miter_top.$flatten\u_gate.\_6442_.$auto$liberty.cc:270:create_ff$1317 ($_DFF_PN0_): CLK=\osc_clk, D=\u_gate._6186_.D, Q=\u_gate._6442_.IQ
Replacing miter_top.$flatten\u_gate.\_6021_.$auto$liberty.cc:270:create_ff$1317 ($_DFF_PN0_): CLK=\osc_clk, D=\u_gate._6020_.IQ, Q=\u_gate._6021_.IQ
Replacing miter_top.$flatten\u_gate.\_6581_.$auto$liberty.cc:270:create_ff$1317 ($_DFF_PN0_): CLK=\osc_clk, D=\u_gate._6549_.D, Q=\u_gate._6581_.IQ
Replacing miter_top.$flatten\u_gate.\_6578_.$auto$liberty.cc:270:create_ff$1317 ($_DFF_PN0_): CLK=\osc_clk, D=\u_gate._6546_.D, Q=\u_gate._6578_.IQ
Replacing miter_top.$flatten\u_gate.\_6025_.$auto$liberty.cc:270:create_ff$1317 ($_DFF_PN0_): CLK=\osc_clk, D=\u_gate._6024_.IQ, Q=\u_gate._6025_.IQ
Replacing miter_top.$flatten\u_gate.\_6575_.$auto$liberty.cc:270:create_ff$1317 ($_DFF_PN0_): CLK=\osc_clk, D=\u_gate._6559_.D, Q=\u_gate._6575_.IQ
Replacing miter_top.$flatten\u_gate.\_6130_.$auto$liberty.cc:270:create_ff$1317 ($_DFF_PN0_): CLK=\osc_clk, D=\u_gate._6129_.IQ, Q=\u_gate._6130_.IQ
Replacing miter_top.$flatten\u_gate.\_6572_.$auto$liberty.cc:270:create_ff$1317 ($_DFF_PN0_): CLK=\osc_clk, D=\u_gate._6556_.D, Q=\u_gate._6572_.IQ
Replacing miter_top.$flatten\u_gate.\_6030_.$auto$liberty.cc:270:create_ff$1317 ($_DFF_PN0_): CLK=\osc_clk, D=\u_gate._6029_.IQ, Q=\u_gate._6030_.IQ
Replacing miter_top.$flatten\u_gate.\_6569_.$auto$liberty.cc:270:create_ff$1317 ($_DFF_PN0_): CLK=\osc_clk, D=\u_gate._6553_.D, Q=\u_gate._6569_.IQ
Replacing miter_top.$flatten\u_gate.\_6566_.$auto$liberty.cc:270:create_ff$1317 ($_DFF_PN0_): CLK=\osc_clk, D=\u_gate._6550_.D, Q=\u_gate._6566_.IQ
Replacing miter_top.$flatten\u_gate.\_6034_.$auto$liberty.cc:270:create_ff$1317 ($_DFF_PN0_): CLK=\osc_clk, D=\u_gate._6033_.IQ, Q=\u_gate._6034_.IQ
Replacing miter_top.$flatten\u_gate.\_6357_.$auto$liberty.cc:270:create_ff$1317 ($_DFF_PN0_): CLK=\osc_clk, D=\u_gate._6229_.D, Q=\u_gate._6357_.IQ
Replacing miter_top.$flatten\u_gate.\_6563_.$auto$liberty.cc:270:create_ff$1317 ($_DFF_PN0_): CLK=\osc_clk, D=\u_gate._6547_.D, Q=\u_gate._6563_.IQ
Replacing miter_top.$flatten\u_gate.\_6135_.$auto$liberty.cc:270:create_ff$1317 ($_DFF_PN0_): CLK=\osc_clk, D=\u_gate._6134_.IQ, Q=\u_gate._6135_.IQ
Replacing miter_top.$flatten\u_gate.\_6560_.$auto$liberty.cc:270:create_ff$1317 ($_DFF_PN0_): CLK=\osc_clk, D=\u_gate._6560_.D, Q=\u_gate._6560_.IQ
Replacing miter_top.$flatten\u_gate.\_6136_.$auto$liberty.cc:270:create_ff$1317 ($_DFF_PN0_): CLK=\osc_clk, D=\u_gate._6135_.IQ, Q=\u_gate._6136_.IQ
Replacing miter_top.$flatten\u_gate.\_6039_.$auto$liberty.cc:270:create_ff$1317 ($_DFF_PN0_): CLK=\osc_clk, D=\u_gate._6038_.IQ, Q=\u_gate._6039_.IQ
Replacing miter_top.$flatten\u_gate.\_6557_.$auto$liberty.cc:270:create_ff$1317 ($_DFF_PN0_): CLK=\osc_clk, D=\u_gate._6557_.D, Q=\u_gate._6557_.IQ
Replacing miter_top.$flatten\u_gate.\_6554_.$auto$liberty.cc:270:create_ff$1317 ($_DFF_PN0_): CLK=\osc_clk, D=\u_gate._6554_.D, Q=\u_gate._6554_.IQ
Replacing miter_top.$flatten\u_gate.\_6043_.$auto$liberty.cc:270:create_ff$1317 ($_DFF_PN0_): CLK=\osc_clk, D=\u_gate._6042_.IQ, Q=\u_gate._6043_.IQ
Replacing miter_top.$flatten\u_gate.\_6551_.$auto$liberty.cc:270:create_ff$1317 ($_DFF_PN0_): CLK=\osc_clk, D=\u_gate._6551_.D, Q=\u_gate._6551_.IQ
Replacing miter_top.$flatten\u_gate.\_6423_.$auto$liberty.cc:270:create_ff$1317 ($_DFF_PN0_): CLK=\osc_clk, D=\u_gate._6167_.D, Q=\u_gate._6423_.IQ
Replacing miter_top.$flatten\u_gate.\_6548_.$auto$liberty.cc:270:create_ff$1317 ($_DFF_PN0_): CLK=\osc_clk, D=\u_gate._6548_.D, Q=\u_gate._6548_.IQ
Replacing miter_top.$flatten\u_gate.\_6141_.$auto$liberty.cc:270:create_ff$1317 ($_DFF_PN0_): CLK=\osc_clk, D=\u_gate._6140_.IQ, Q=\u_gate._6141_.IQ
Replacing miter_top.$flatten\u_gate.\_6048_.$auto$liberty.cc:270:create_ff$1317 ($_DFF_PN0_): CLK=\osc_clk, D=\u_gate._6047_.IQ, Q=\u_gate._6048_.IQ
Replacing miter_top.$flatten\u_gate.\_6545_.$auto$liberty.cc:270:create_ff$1317 ($_DFF_PN0_): CLK=\osc_clk, D=\u_gate._6289_.D, Q=\u_gate._6545_.IQ
Replacing miter_top.$flatten\u_gate.\_6420_.$auto$liberty.cc:270:create_ff$1317 ($_DFF_PN0_): CLK=\osc_clk, D=\u_gate._6164_.D, Q=\u_gate._6420_.IQ
Replacing miter_top.$flatten\u_gate.\_6542_.$auto$liberty.cc:270:create_ff$1317 ($_DFF_PN0_): CLK=\osc_clk, D=\u_gate._6286_.D, Q=\u_gate._6542_.IQ
Replacing miter_top.$flatten\u_gate.\_6052_.$auto$liberty.cc:270:create_ff$1317 ($_DFF_PN0_): CLK=\osc_clk, D=\u_gate._6051_.IQ, Q=\u_gate._6052_.IQ
Replacing miter_top.$flatten\u_gate.\_6418_.$auto$liberty.cc:270:create_ff$1317 ($_DFF_PN0_): CLK=\osc_clk, D=\u_gate._2930_.A, Q=\u_gate._6418_.IQ
Replacing miter_top.$flatten\u_gate.\_6539_.$auto$liberty.cc:270:create_ff$1317 ($_DFF_PN0_): CLK=\osc_clk, D=\u_gate._6283_.D, Q=\u_gate._6539_.IQ
Replacing miter_top.$flatten\u_gate.\_6536_.$auto$liberty.cc:270:create_ff$1317 ($_DFF_PN0_): CLK=\osc_clk, D=\u_gate._6280_.D, Q=\u_gate._6536_.IQ
Replacing miter_top.$flatten\u_gate.\_6415_.$auto$liberty.cc:270:create_ff$1317 ($_DFF_PN0_): CLK=\osc_clk, D=\u_gate._6287_.D, Q=\u_gate._6415_.IQ
Replacing miter_top.$flatten\u_gate.\_6057_.$auto$liberty.cc:270:create_ff$1317 ($_DFF_PN0_): CLK=\osc_clk, D=\u_gate._6056_.IQ, Q=\u_gate._6057_.IQ
Replacing miter_top.$flatten\u_gate.\_6533_.$auto$liberty.cc:270:create_ff$1317 ($_DFF_PN0_): CLK=\osc_clk, D=\u_gate._6277_.D, Q=\u_gate._6533_.IQ
Replacing miter_top.$flatten\u_gate.\_6530_.$auto$liberty.cc:270:create_ff$1317 ($_DFF_PN0_): CLK=\osc_clk, D=\u_gate._6274_.D, Q=\u_gate._6530_.IQ
Replacing miter_top.$flatten\u_gate.\_6061_.$auto$liberty.cc:270:create_ff$1317 ($_DFF_PN0_): CLK=\osc_clk, D=\u_gate._6060_.IQ, Q=\u_gate._6061_.IQ
Replacing miter_top.$flatten\u_gate.\_6527_.$auto$liberty.cc:270:create_ff$1317 ($_DFF_PN0_): CLK=\osc_clk, D=\u_gate._6271_.D, Q=\u_gate._6527_.IQ
Replacing miter_top.$flatten\u_gate.\_6524_.$auto$liberty.cc:270:create_ff$1317 ($_DFF_PN0_): CLK=\osc_clk, D=\u_gate._6268_.D, Q=\u_gate._6524_.IQ
Replacing miter_top.$flatten\u_gate.\_6066_.$auto$liberty.cc:270:create_ff$1317 ($_DFF_PN0_): CLK=\osc_clk, D=\u_gate._6065_.IQ, Q=\u_gate._6066_.IQ
Replacing miter_top.$flatten\u_gate.\_6521_.$auto$liberty.cc:270:create_ff$1317 ($_DFF_PN0_): CLK=\osc_clk, D=\u_gate._6265_.D, Q=\u_gate._6521_.IQ
Replacing miter_top.$flatten\u_gate.\_6343_.$auto$liberty.cc:270:create_ff$1317 ($_DFF_PN0_): CLK=\osc_clk, D=\u_gate._6215_.D, Q=\u_gate._6343_.IQ
Replacing miter_top.$flatten\u_gate.\_6518_.$auto$liberty.cc:270:create_ff$1317 ($_DFF_PN0_): CLK=\osc_clk, D=\u_gate._6262_.D, Q=\u_gate._6518_.IQ
Replacing miter_top.$flatten\u_gate.\_6070_.$auto$liberty.cc:270:create_ff$1317 ($_DFF_PN0_): CLK=\osc_clk, D=\u_gate._6069_.IQ, Q=\u_gate._6070_.IQ
Replacing miter_top.$flatten\u_gate.\_6154_.$auto$liberty.cc:270:create_ff$1317 ($_DFF_PN0_): CLK=\osc_clk, D=\u_gate._6153_.IQ, Q=\u_gate._6154_.IQ
Replacing miter_top.$flatten\u_gate.\_6515_.$auto$liberty.cc:270:create_ff$1317 ($_DFF_PN0_): CLK=\osc_clk, D=\u_gate._6259_.D, Q=\u_gate._6515_.IQ
Replacing miter_top.$flatten\u_gate.\_6512_.$auto$liberty.cc:270:create_ff$1317 ($_DFF_PN0_): CLK=\osc_clk, D=\u_gate._6256_.D, Q=\u_gate._6512_.IQ
Replacing miter_top.$flatten\u_gate.\_6075_.$auto$liberty.cc:270:create_ff$1317 ($_DFF_PN0_): CLK=\osc_clk, D=\u_gate._6074_.IQ, Q=\u_gate._6075_.IQ
Replacing miter_top.$flatten\u_gate.\_6509_.$auto$liberty.cc:270:create_ff$1317 ($_DFF_PN0_): CLK=\osc_clk, D=\u_gate._6253_.D, Q=\u_gate._6509_.IQ
Replacing miter_top.$flatten\u_gate.\_6506_.$auto$liberty.cc:270:create_ff$1317 ($_DFF_PN0_): CLK=\osc_clk, D=\u_gate._6250_.D, Q=\u_gate._6506_.IQ
Replacing miter_top.$flatten\u_gate.\_6079_.$auto$liberty.cc:270:create_ff$1317 ($_DFF_PN0_): CLK=\osc_clk, D=\u_gate._6078_.IQ, Q=\u_gate._6079_.IQ
Replacing miter_top.$flatten\u_gate.\_6159_.$auto$liberty.cc:270:create_ff$1317 ($_DFF_PN0_): CLK=\osc_clk, D=\u_gate._6158_.IQ, Q=\u_gate._6159_.IQ
Replacing miter_top.$flatten\u_gate.\_6503_.$auto$liberty.cc:270:create_ff$1317 ($_DFF_PN0_): CLK=\osc_clk, D=\u_gate._6247_.D, Q=\u_gate._6503_.IQ
Replacing miter_top.$flatten\u_gate.\_6396_.$auto$liberty.cc:270:create_ff$1317 ($_DFF_PN0_): CLK=\osc_clk, D=\u_gate._6268_.D, Q=\u_gate._6396_.IQ
Replacing miter_top.$flatten\u_gate.\_6500_.$auto$liberty.cc:270:create_ff$1317 ($_DFF_PN0_): CLK=\osc_clk, D=\u_gate._6244_.D, Q=\u_gate._6500_.IQ
Replacing miter_top.$flatten\u_gate.\_6084_.$auto$liberty.cc:270:create_ff$1317 ($_DFF_PN0_): CLK=\osc_clk, D=\u_gate._6083_.IQ, Q=\u_gate._6084_.IQ
Replacing miter_top.$flatten\u_gate.\_6497_.$auto$liberty.cc:270:create_ff$1317 ($_DFF_PN0_): CLK=\osc_clk, D=\u_gate._6241_.D, Q=\u_gate._6497_.IQ
Replacing miter_top.$flatten\u_gate.\_6393_.$auto$liberty.cc:270:create_ff$1317 ($_DFF_PN0_): CLK=\osc_clk, D=\u_gate._6265_.D, Q=\u_gate._6393_.IQ
Replacing miter_top.$flatten\u_gate.\_6494_.$auto$liberty.cc:270:create_ff$1317 ($_DFF_PN0_): CLK=\osc_clk, D=\u_gate._6238_.D, Q=\u_gate._6494_.IQ
Replacing miter_top.$flatten\u_gate.\_6088_.$auto$liberty.cc:270:create_ff$1317 ($_DFF_PN0_): CLK=\osc_clk, D=\u_gate._6087_.IQ, Q=\u_gate._6088_.IQ
Replacing miter_top.$flatten\u_gate.\_6391_.$auto$liberty.cc:270:create_ff$1317 ($_DFF_PN0_): CLK=\osc_clk, D=\u_gate._6263_.D, Q=\u_gate._6391_.IQ
Replacing miter_top.$flatten\u_gate.\_6491_.$auto$liberty.cc:270:create_ff$1317 ($_DFF_PN0_): CLK=\osc_clk, D=\u_gate._6235_.D, Q=\u_gate._6491_.IQ
Replacing miter_top.$flatten\u_gate.\_6488_.$auto$liberty.cc:270:create_ff$1317 ($_DFF_PN0_): CLK=\osc_clk, D=\u_gate._6232_.D, Q=\u_gate._6488_.IQ
Replacing miter_top.$flatten\u_gate.\_6388_.$auto$liberty.cc:270:create_ff$1317 ($_DFF_PN0_): CLK=\osc_clk, D=\u_gate._6260_.D, Q=\u_gate._6388_.IQ
Replacing miter_top.$flatten\u_gate.\_6093_.$auto$liberty.cc:270:create_ff$1317 ($_DFF_PN0_): CLK=\osc_clk, D=\u_gate._6092_.IQ, Q=\u_gate._6093_.IQ
Replacing miter_top.$flatten\u_gate.\_6485_.$auto$liberty.cc:270:create_ff$1317 ($_DFF_PN0_): CLK=\osc_clk, D=\u_gate._6229_.D, Q=\u_gate._6485_.IQ
Replacing miter_top.$flatten\u_gate.\_6482_.$auto$liberty.cc:270:create_ff$1317 ($_DFF_PN0_): CLK=\osc_clk, D=\u_gate._6226_.D, Q=\u_gate._6482_.IQ
Replacing miter_top.$flatten\u_gate.\_6097_.$auto$liberty.cc:270:create_ff$1317 ($_DFF_PN0_): CLK=\osc_clk, D=\u_gate._6096_.IQ, Q=\u_gate._6097_.IQ
Replacing miter_top.$flatten\u_gate.\_6479_.$auto$liberty.cc:270:create_ff$1317 ($_DFF_PN0_): CLK=\osc_clk, D=\u_gate._6223_.D, Q=\u_gate._6479_.IQ
Replacing miter_top.$flatten\u_gate.\_6476_.$auto$liberty.cc:270:create_ff$1317 ($_DFF_PN0_): CLK=\osc_clk, D=\u_gate._6220_.D, Q=\u_gate._6476_.IQ
Replacing miter_top.$flatten\u_gate.\_6102_.$auto$liberty.cc:270:create_ff$1317 ($_DFF_PN0_): CLK=\osc_clk, D=\u_gate._6101_.IQ, Q=\u_gate._6102_.IQ
Replacing miter_top.$flatten\u_gate.\_6473_.$auto$liberty.cc:270:create_ff$1317 ($_DFF_PN0_): CLK=\osc_clk, D=\u_gate._6217_.D, Q=\u_gate._6473_.IQ
Replacing miter_top.$flatten\u_gate.\_6470_.$auto$liberty.cc:270:create_ff$1317 ($_DFF_PN0_): CLK=\osc_clk, D=\u_gate._6214_.D, Q=\u_gate._6470_.IQ
Replacing miter_top.$flatten\u_gate.\_6106_.$auto$liberty.cc:270:create_ff$1317 ($_DFF_PN0_): CLK=\osc_clk, D=\u_gate._6105_.IQ, Q=\u_gate._6106_.IQ
Replacing miter_top.$flatten\u_gate.\_6467_.$auto$liberty.cc:270:create_ff$1317 ($_DFF_PN0_): CLK=\osc_clk, D=\u_gate._6211_.D, Q=\u_gate._6467_.IQ
Replacing miter_top.$flatten\u_gate.\_6213_.$auto$liberty.cc:270:create_ff$1317 ($_DFF_PN0_): CLK=\osc_clk, D=\u_gate._6213_.D, Q=\u_gate._6213_.IQ
Replacing miter_top.$flatten\u_gate.\_6464_.$auto$liberty.cc:270:create_ff$1317 ($_DFF_PN0_): CLK=\osc_clk, D=\u_gate._6208_.D, Q=\u_gate._6464_.IQ
Replacing miter_top.$flatten\u_gate.\_6325_.$auto$liberty.cc:270:create_ff$1317 ($_DFF_PN0_): CLK=\osc_clk, D=\u_gate._6197_.D, Q=\u_gate._6325_.IQ
Replacing miter_top.$flatten\u_gate.\_6111_.$auto$liberty.cc:270:create_ff$1317 ($_DFF_PN0_): CLK=\osc_clk, D=\u_gate._6110_.IQ, Q=\u_gate._6111_.IQ
Replacing miter_top.$flatten\u_gate.\_6461_.$auto$liberty.cc:270:create_ff$1317 ($_DFF_PN0_): CLK=\osc_clk, D=\u_gate._6205_.D, Q=\u_gate._6461_.IQ
Replacing miter_top.$flatten\u_gate.\_6324_.$auto$liberty.cc:270:create_ff$1317 ($_DFF_PN0_): CLK=\osc_clk, D=\u_gate._6196_.D, Q=\u_gate._6324_.IQ
Replacing miter_top.$flatten\u_gate.\_6458_.$auto$liberty.cc:270:create_ff$1317 ($_DFF_PN0_): CLK=\osc_clk, D=\u_gate._6202_.D, Q=\u_gate._6458_.IQ
Replacing miter_top.$flatten\u_gate.\_6115_.$auto$liberty.cc:270:create_ff$1317 ($_DFF_PN0_): CLK=\osc_clk, D=\u_gate._6114_.IQ, Q=\u_gate._6115_.IQ
Replacing miter_top.$flatten\u_gate.\_6455_.$auto$liberty.cc:270:create_ff$1317 ($_DFF_PN0_): CLK=\osc_clk, D=\u_gate._6199_.D, Q=\u_gate._6455_.IQ
Replacing miter_top.$flatten\u_gate.\_6369_.$auto$liberty.cc:270:create_ff$1317 ($_DFF_PN0_): CLK=\osc_clk, D=\u_gate._6241_.D, Q=\u_gate._6369_.IQ
Replacing miter_top.$flatten\u_gate.\_6452_.$auto$liberty.cc:270:create_ff$1317 ($_DFF_PN0_): CLK=\osc_clk, D=\u_gate._6196_.D, Q=\u_gate._6452_.IQ
Replacing miter_top.$flatten\u_gate.\_6120_.$auto$liberty.cc:270:create_ff$1317 ($_DFF_PN0_): CLK=\osc_clk, D=\u_gate._6119_.IQ, Q=\u_gate._6120_.IQ
Replacing miter_top.$flatten\u_gate.\_6449_.$auto$liberty.cc:270:create_ff$1317 ($_DFF_PN0_): CLK=\osc_clk, D=\u_gate._6193_.D, Q=\u_gate._6449_.IQ
Replacing miter_top.$flatten\u_gate.\_6366_.$auto$liberty.cc:270:create_ff$1317 ($_DFF_PN0_): CLK=\osc_clk, D=\u_gate._6238_.D, Q=\u_gate._6366_.IQ
Replacing miter_top.$flatten\u_gate.\_6446_.$auto$liberty.cc:270:create_ff$1317 ($_DFF_PN0_): CLK=\osc_clk, D=\u_gate._6190_.D, Q=\u_gate._6446_.IQ
Replacing miter_top.$flatten\u_gate.\_6124_.$auto$liberty.cc:270:create_ff$1317 ($_DFF_PN0_): CLK=\osc_clk, D=\u_gate._6123_.IQ, Q=\u_gate._6124_.IQ
Replacing miter_top.$flatten\u_gate.\_6364_.$auto$liberty.cc:270:create_ff$1317 ($_DFF_PN0_): CLK=\osc_clk, D=\u_gate._6236_.D, Q=\u_gate._6364_.IQ
Replacing miter_top.$flatten\u_gate.\_6443_.$auto$liberty.cc:270:create_ff$1317 ($_DFF_PN0_): CLK=\osc_clk, D=\u_gate._6187_.D, Q=\u_gate._6443_.IQ
Replacing miter_top.$flatten\u_gate.\_6440_.$auto$liberty.cc:270:create_ff$1317 ($_DFF_PN0_): CLK=\osc_clk, D=\u_gate._6184_.D, Q=\u_gate._6440_.IQ
Replacing miter_top.$flatten\u_gate.\_6361_.$auto$liberty.cc:270:create_ff$1317 ($_DFF_PN0_): CLK=\osc_clk, D=\u_gate._6233_.D, Q=\u_gate._6361_.IQ
Replacing miter_top.$flatten\u_gate.\_6129_.$auto$liberty.cc:270:create_ff$1317 ($_DFF_PN0_): CLK=\osc_clk, D=\u_gate._6128_.IQ, Q=\u_gate._6129_.IQ
Replacing miter_top.$flatten\u_gate.\_6437_.$auto$liberty.cc:270:create_ff$1317 ($_DFF_PN0_): CLK=\osc_clk, D=\u_gate._6181_.D, Q=\u_gate._6437_.IQ
Replacing miter_top.$flatten\u_gate.\_6434_.$auto$liberty.cc:270:create_ff$1317 ($_DFF_PN0_): CLK=\osc_clk, D=\u_gate._6178_.D, Q=\u_gate._6434_.IQ
Replacing miter_top.$flatten\u_gate.\_6133_.$auto$liberty.cc:270:create_ff$1317 ($_DFF_PN0_): CLK=\osc_clk, D=\u_gate._6132_.IQ, Q=\u_gate._6133_.IQ
Replacing miter_top.$flatten\u_gate.\_6431_.$auto$liberty.cc:270:create_ff$1317 ($_DFF_PN0_): CLK=\osc_clk, D=\u_gate._6175_.D, Q=\u_gate._6431_.IQ
Replacing miter_top.$flatten\u_gate.\_6428_.$auto$liberty.cc:270:create_ff$1317 ($_DFF_PN0_): CLK=\osc_clk, D=\u_gate._6172_.D, Q=\u_gate._6428_.IQ
Replacing miter_top.$flatten\u_gate.\_6138_.$auto$liberty.cc:270:create_ff$1317 ($_DFF_PN0_): CLK=\osc_clk, D=\u_gate._6137_.IQ, Q=\u_gate._6138_.IQ
Replacing miter_top.$flatten\u_gate.\_6425_.$auto$liberty.cc:270:create_ff$1317 ($_DFF_PN0_): CLK=\osc_clk, D=\u_gate._6169_.D, Q=\u_gate._6425_.IQ
Replacing miter_top.$flatten\u_gate.\_6193_.$auto$liberty.cc:270:create_ff$1317 ($_DFF_PN0_): CLK=\osc_clk, D=\u_gate._6193_.D, Q=\u_gate._6193_.IQ
Replacing miter_top.$flatten\u_gate.\_6422_.$auto$liberty.cc:270:create_ff$1317 ($_DFF_PN0_): CLK=\osc_clk, D=\u_gate._6166_.D, Q=\u_gate._6422_.IQ
Replacing miter_top.$flatten\u_gate.\_6142_.$auto$liberty.cc:270:create_ff$1317 ($_DFF_PN0_): CLK=\osc_clk, D=\u_gate._6141_.IQ, Q=\u_gate._6142_.IQ
Replacing miter_top.$flatten\u_gate.\_6419_.$auto$liberty.cc:270:create_ff$1317 ($_DFF_PN0_): CLK=\osc_clk, D=\u_gate._6163_.D, Q=\u_gate._6419_.IQ
Replacing miter_top.$flatten\u_gate.\_6289_.$auto$liberty.cc:270:create_ff$1317 ($_DFF_PN0_): CLK=\osc_clk, D=\u_gate._6289_.D, Q=\u_gate._6289_.IQ
Replacing miter_top.$flatten\u_gate.\_6416_.$auto$liberty.cc:270:create_ff$1317 ($_DFF_PN0_): CLK=\osc_clk, D=\u_gate._6288_.D, Q=\u_gate._6416_.IQ
Replacing miter_top.$flatten\u_gate.\_6225_.$auto$liberty.cc:270:create_ff$1317 ($_DFF_PN0_): CLK=\osc_clk, D=\u_gate._6225_.D, Q=\u_gate._6225_.IQ
Replacing miter_top.$flatten\u_gate.\_6147_.$auto$liberty.cc:270:create_ff$1317 ($_DFF_PN0_): CLK=\osc_clk, D=\u_gate._6146_.IQ, Q=\u_gate._6147_.IQ
Replacing miter_top.$flatten\u_gate.\_6413_.$auto$liberty.cc:270:create_ff$1317 ($_DFF_PN0_): CLK=\osc_clk, D=\u_gate._6285_.D, Q=\u_gate._6413_.IQ
Replacing miter_top.$flatten\u_gate.\_6198_.$auto$liberty.cc:270:create_ff$1317 ($_DFF_PN0_): CLK=\osc_clk, D=\u_gate._6198_.D, Q=\u_gate._6198_.IQ
Replacing miter_top.$flatten\u_gate.\_6410_.$auto$liberty.cc:270:create_ff$1317 ($_DFF_PN0_): CLK=\osc_clk, D=\u_gate._6282_.D, Q=\u_gate._6410_.IQ
Replacing miter_top.$flatten\u_gate.\_6151_.$auto$liberty.cc:270:create_ff$1317 ($_DFF_PN0_): CLK=\osc_clk, D=\u_gate._6150_.IQ, Q=\u_gate._6151_.IQ
Replacing miter_top.$flatten\u_gate.\_6276_.$auto$liberty.cc:270:create_ff$1317 ($_DFF_PN0_): CLK=\osc_clk, D=\u_gate._6276_.D, Q=\u_gate._6276_.IQ
Replacing miter_top.$flatten\u_gate.\_6407_.$auto$liberty.cc:270:create_ff$1317 ($_DFF_PN0_): CLK=\osc_clk, D=\u_gate._6279_.D, Q=\u_gate._6407_.IQ
Replacing miter_top.$flatten\u_gate.\_6342_.$auto$liberty.cc:270:create_ff$1317 ($_DFF_PN0_): CLK=\osc_clk, D=\u_gate._6214_.D, Q=\u_gate._6342_.IQ
Replacing miter_top.$flatten\u_gate.\_6404_.$auto$liberty.cc:270:create_ff$1317 ($_DFF_PN0_): CLK=\osc_clk, D=\u_gate._6276_.D, Q=\u_gate._6404_.IQ
Replacing miter_top.$flatten\u_gate.\_6306_.$auto$liberty.cc:270:create_ff$1317 ($_DFF_PN0_): CLK=\osc_clk, D=\u_gate._6178_.D, Q=\u_gate._6306_.IQ
Replacing miter_top.$flatten\u_gate.\_6156_.$auto$liberty.cc:270:create_ff$1317 ($_DFF_PN0_): CLK=\osc_clk, D=\u_gate._6155_.IQ, Q=\u_gate._6156_.IQ
Replacing miter_top.$flatten\u_gate.\_6401_.$auto$liberty.cc:270:create_ff$1317 ($_DFF_PN0_): CLK=\osc_clk, D=\u_gate._6273_.D, Q=\u_gate._6401_.IQ
Replacing miter_top.$flatten\u_gate.\_6339_.$auto$liberty.cc:270:create_ff$1317 ($_DFF_PN0_): CLK=\osc_clk, D=\u_gate._6211_.D, Q=\u_gate._6339_.IQ
Replacing miter_top.$flatten\u_gate.\_6398_.$auto$liberty.cc:270:create_ff$1317 ($_DFF_PN0_): CLK=\osc_clk, D=\u_gate._6270_.D, Q=\u_gate._6398_.IQ
Replacing miter_top.$flatten\u_gate.\_6160_.$auto$liberty.cc:270:create_ff$1317 ($_DFF_PN0_): CLK=\osc_clk, D=\u_gate._6159_.IQ, Q=\u_gate._6160_.IQ
Replacing miter_top.$flatten\u_gate.\_6337_.$auto$liberty.cc:270:create_ff$1317 ($_DFF_PN0_): CLK=\osc_clk, D=\u_gate._6209_.D, Q=\u_gate._6337_.IQ
Replacing miter_top.$flatten\u_gate.\_6395_.$auto$liberty.cc:270:create_ff$1317 ($_DFF_PN0_): CLK=\osc_clk, D=\u_gate._6267_.D, Q=\u_gate._6395_.IQ
Replacing miter_top.$flatten\u_gate.\_6392_.$auto$liberty.cc:270:create_ff$1317 ($_DFF_PN0_): CLK=\osc_clk, D=\u_gate._6264_.D, Q=\u_gate._6392_.IQ
Replacing miter_top.$flatten\u_gate.\_6334_.$auto$liberty.cc:270:create_ff$1317 ($_DFF_PN0_): CLK=\osc_clk, D=\u_gate._6206_.D, Q=\u_gate._6334_.IQ
Replacing miter_top.$flatten\u_gate.\_6165_.$auto$liberty.cc:270:create_ff$1317 ($_DFF_PN0_): CLK=\osc_clk, D=\u_gate._6165_.D, Q=\u_gate._6165_.IQ
Replacing miter_top.$flatten\u_gate.\_6389_.$auto$liberty.cc:270:create_ff$1317 ($_DFF_PN0_): CLK=\osc_clk, D=\u_gate._6261_.D, Q=\u_gate._6389_.IQ
Replacing miter_top.$flatten\u_gate.\_6386_.$auto$liberty.cc:270:create_ff$1317 ($_DFF_PN0_): CLK=\osc_clk, D=\u_gate._6258_.D, Q=\u_gate._6386_.IQ
Replacing miter_top.$flatten\u_gate.\_6169_.$auto$liberty.cc:270:create_ff$1317 ($_DFF_PN0_): CLK=\osc_clk, D=\u_gate._6169_.D, Q=\u_gate._6169_.IQ
Replacing miter_top.$flatten\u_gate.\_6383_.$auto$liberty.cc:270:create_ff$1317 ($_DFF_PN0_): CLK=\osc_clk, D=\u_gate._6255_.D, Q=\u_gate._6383_.IQ
Replacing miter_top.$flatten\u_gate.\_6211_.$auto$liberty.cc:270:create_ff$1317 ($_DFF_PN0_): CLK=\osc_clk, D=\u_gate._6211_.D, Q=\u_gate._6211_.IQ
Replacing miter_top.$flatten\u_gate.\_6380_.$auto$liberty.cc:270:create_ff$1317 ($_DFF_PN0_): CLK=\osc_clk, D=\u_gate._6252_.D, Q=\u_gate._6380_.IQ
Replacing miter_top.$flatten\u_gate.\_6174_.$auto$liberty.cc:270:create_ff$1317 ($_DFF_PN0_): CLK=\osc_clk, D=\u_gate._6174_.D, Q=\u_gate._6174_.IQ
Replacing miter_top.$flatten\u_gate.\_6377_.$auto$liberty.cc:270:create_ff$1317 ($_DFF_PN0_): CLK=\osc_clk, D=\u_gate._6249_.D, Q=\u_gate._6377_.IQ
Replacing miter_top.$flatten\u_gate.\_6374_.$auto$liberty.cc:270:create_ff$1317 ($_DFF_PN0_): CLK=\osc_clk, D=\u_gate._6246_.D, Q=\u_gate._6374_.IQ
Replacing miter_top.$flatten\u_gate.\_6178_.$auto$liberty.cc:270:create_ff$1317 ($_DFF_PN0_): CLK=\osc_clk, D=\u_gate._6178_.D, Q=\u_gate._6178_.IQ
Replacing miter_top.$flatten\u_gate.\_6371_.$auto$liberty.cc:270:create_ff$1317 ($_DFF_PN0_): CLK=\osc_clk, D=\u_gate._6243_.D, Q=\u_gate._6371_.IQ
Replacing miter_top.$flatten\u_gate.\_6216_.$auto$liberty.cc:270:create_ff$1317 ($_DFF_PN0_): CLK=\osc_clk, D=\u_gate._6216_.D, Q=\u_gate._6216_.IQ
Replacing miter_top.$flatten\u_gate.\_6368_.$auto$liberty.cc:270:create_ff$1317 ($_DFF_PN0_): CLK=\osc_clk, D=\u_gate._6240_.D, Q=\u_gate._6368_.IQ
Replacing miter_top.$flatten\u_gate.\_6217_.$auto$liberty.cc:270:create_ff$1317 ($_DFF_PN0_): CLK=\osc_clk, D=\u_gate._6217_.D, Q=\u_gate._6217_.IQ
Replacing miter_top.$flatten\u_gate.\_6183_.$auto$liberty.cc:270:create_ff$1317 ($_DFF_PN0_): CLK=\osc_clk, D=\u_gate._6183_.D, Q=\u_gate._6183_.IQ
Replacing miter_top.$flatten\u_gate.\_6365_.$auto$liberty.cc:270:create_ff$1317 ($_DFF_PN0_): CLK=\osc_clk, D=\u_gate._6237_.D, Q=\u_gate._6365_.IQ
Replacing miter_top.$flatten\u_gate.\_6362_.$auto$liberty.cc:270:create_ff$1317 ($_DFF_PN0_): CLK=\osc_clk, D=\u_gate._6234_.D, Q=\u_gate._6362_.IQ
Replacing miter_top.$flatten\u_gate.\_6187_.$auto$liberty.cc:270:create_ff$1317 ($_DFF_PN0_): CLK=\osc_clk, D=\u_gate._6187_.D, Q=\u_gate._6187_.IQ
Replacing miter_top.$flatten\u_gate.\_6238_.$auto$liberty.cc:270:create_ff$1317 ($_DFF_PN0_): CLK=\osc_clk, D=\u_gate._6238_.D, Q=\u_gate._6238_.IQ
Replacing miter_top.$flatten\u_gate.\_6359_.$auto$liberty.cc:270:create_ff$1317 ($_DFF_PN0_): CLK=\osc_clk, D=\u_gate._6231_.D, Q=\u_gate._6359_.IQ
Replacing miter_top.$flatten\u_gate.\_6315_.$auto$liberty.cc:270:create_ff$1317 ($_DFF_PN0_): CLK=\osc_clk, D=\u_gate._6187_.D, Q=\u_gate._6315_.IQ
Replacing miter_top.$flatten\u_gate.\_6356_.$auto$liberty.cc:270:create_ff$1317 ($_DFF_PN0_): CLK=\osc_clk, D=\u_gate._6228_.D, Q=\u_gate._6356_.IQ
Replacing miter_top.$flatten\u_gate.\_6222_.$auto$liberty.cc:270:create_ff$1317 ($_DFF_PN0_): CLK=\osc_clk, D=\u_gate._6222_.D, Q=\u_gate._6222_.IQ
Replacing miter_top.$flatten\u_gate.\_6192_.$auto$liberty.cc:270:create_ff$1317 ($_DFF_PN0_): CLK=\osc_clk, D=\u_gate._6192_.D, Q=\u_gate._6192_.IQ
Replacing miter_top.$flatten\u_gate.\_6353_.$auto$liberty.cc:270:create_ff$1317 ($_DFF_PN0_): CLK=\osc_clk, D=\u_gate._6225_.D, Q=\u_gate._6353_.IQ
Replacing miter_top.$flatten\u_gate.\_6312_.$auto$liberty.cc:270:create_ff$1317 ($_DFF_PN0_): CLK=\osc_clk, D=\u_gate._6184_.D, Q=\u_gate._6312_.IQ
Replacing miter_top.$flatten\u_gate.\_6350_.$auto$liberty.cc:270:create_ff$1317 ($_DFF_PN0_): CLK=\osc_clk, D=\u_gate._6222_.D, Q=\u_gate._6350_.IQ
Replacing miter_top.$flatten\u_gate.\_6196_.$auto$liberty.cc:270:create_ff$1317 ($_DFF_PN0_): CLK=\osc_clk, D=\u_gate._6196_.D, Q=\u_gate._6196_.IQ
Replacing miter_top.$flatten\u_gate.\_6310_.$auto$liberty.cc:270:create_ff$1317 ($_DFF_PN0_): CLK=\osc_clk, D=\u_gate._6182_.D, Q=\u_gate._6310_.IQ
Replacing miter_top.$flatten\u_gate.\_6347_.$auto$liberty.cc:270:create_ff$1317 ($_DFF_PN0_): CLK=\osc_clk, D=\u_gate._6219_.D, Q=\u_gate._6347_.IQ
Replacing miter_top.$flatten\u_gate.\_6344_.$auto$liberty.cc:270:create_ff$1317 ($_DFF_PN0_): CLK=\osc_clk, D=\u_gate._6216_.D, Q=\u_gate._6344_.IQ
Replacing miter_top.$flatten\u_gate.\_6307_.$auto$liberty.cc:270:create_ff$1317 ($_DFF_PN0_): CLK=\osc_clk, D=\u_gate._6179_.D, Q=\u_gate._6307_.IQ
Replacing miter_top.$flatten\u_gate.\_6201_.$auto$liberty.cc:270:create_ff$1317 ($_DFF_PN0_): CLK=\osc_clk, D=\u_gate._6201_.D, Q=\u_gate._6201_.IQ
Replacing miter_top.$flatten\u_gate.\_6341_.$auto$liberty.cc:270:create_ff$1317 ($_DFF_PN0_): CLK=\osc_clk, D=\u_gate._6213_.D, Q=\u_gate._6341_.IQ
Replacing miter_top.$flatten\u_gate.\_6338_.$auto$liberty.cc:270:create_ff$1317 ($_DFF_PN0_): CLK=\osc_clk, D=\u_gate._6210_.D, Q=\u_gate._6338_.IQ
Replacing miter_top.$flatten\u_gate.\_6205_.$auto$liberty.cc:270:create_ff$1317 ($_DFF_PN0_): CLK=\osc_clk, D=\u_gate._6205_.D, Q=\u_gate._6205_.IQ
Replacing miter_top.$flatten\u_gate.\_6335_.$auto$liberty.cc:270:create_ff$1317 ($_DFF_PN0_): CLK=\osc_clk, D=\u_gate._6207_.D, Q=\u_gate._6335_.IQ
Replacing miter_top.$flatten\u_gate.\_6332_.$auto$liberty.cc:270:create_ff$1317 ($_DFF_PN0_): CLK=\osc_clk, D=\u_gate._6204_.D, Q=\u_gate._6332_.IQ
Replacing miter_top.$flatten\u_gate.\_6210_.$auto$liberty.cc:270:create_ff$1317 ($_DFF_PN0_): CLK=\osc_clk, D=\u_gate._6210_.D, Q=\u_gate._6210_.IQ
Replacing miter_top.$flatten\u_gate.\_6329_.$auto$liberty.cc:270:create_ff$1317 ($_DFF_PN0_): CLK=\osc_clk, D=\u_gate._6201_.D, Q=\u_gate._6329_.IQ
Replacing miter_top.$flatten\u_gate.\_6326_.$auto$liberty.cc:270:create_ff$1317 ($_DFF_PN0_): CLK=\osc_clk, D=\u_gate._6198_.D, Q=\u_gate._6326_.IQ
Replacing miter_top.$flatten\u_gate.\_6214_.$auto$liberty.cc:270:create_ff$1317 ($_DFF_PN0_): CLK=\osc_clk, D=\u_gate._6214_.D, Q=\u_gate._6214_.IQ
Replacing miter_top.$flatten\u_gate.\_6235_.$auto$liberty.cc:270:create_ff$1317 ($_DFF_PN0_): CLK=\osc_clk, D=\u_gate._6235_.D, Q=\u_gate._6235_.IQ
Replacing miter_top.$flatten\u_gate.\_6323_.$auto$liberty.cc:270:create_ff$1317 ($_DFF_PN0_): CLK=\osc_clk, D=\u_gate._6195_.D, Q=\u_gate._6323_.IQ
Replacing miter_top.$flatten\u_gate.\_6320_.$auto$liberty.cc:270:create_ff$1317 ($_DFF_PN0_): CLK=\osc_clk, D=\u_gate._6192_.D, Q=\u_gate._6320_.IQ
Replacing miter_top.$flatten\u_gate.\_6219_.$auto$liberty.cc:270:create_ff$1317 ($_DFF_PN0_): CLK=\osc_clk, D=\u_gate._6219_.D, Q=\u_gate._6219_.IQ
Replacing miter_top.$flatten\u_gate.\_6317_.$auto$liberty.cc:270:create_ff$1317 ($_DFF_PN0_): CLK=\osc_clk, D=\u_gate._6189_.D, Q=\u_gate._6317_.IQ
Replacing miter_top.$flatten\u_gate.\_6271_.$auto$liberty.cc:270:create_ff$1317 ($_DFF_PN0_): CLK=\osc_clk, D=\u_gate._6271_.D, Q=\u_gate._6271_.IQ
Replacing miter_top.$flatten\u_gate.\_6314_.$auto$liberty.cc:270:create_ff$1317 ($_DFF_PN0_): CLK=\osc_clk, D=\u_gate._6186_.D, Q=\u_gate._6314_.IQ
Replacing miter_top.$flatten\u_gate.\_6223_.$auto$liberty.cc:270:create_ff$1317 ($_DFF_PN0_): CLK=\osc_clk, D=\u_gate._6223_.D, Q=\u_gate._6223_.IQ
Replacing miter_top.$flatten\u_gate.\_6240_.$auto$liberty.cc:270:create_ff$1317 ($_DFF_PN0_): CLK=\osc_clk, D=\u_gate._6240_.D, Q=\u_gate._6240_.IQ
Replacing miter_top.$flatten\u_gate.\_6311_.$auto$liberty.cc:270:create_ff$1317 ($_DFF_PN0_): CLK=\osc_clk, D=\u_gate._6183_.D, Q=\u_gate._6311_.IQ
Replacing miter_top.$flatten\u_gate.\_6288_.$auto$liberty.cc:270:create_ff$1317 ($_DFF_PN0_): CLK=\osc_clk, D=\u_gate._6288_.D, Q=\u_gate._6288_.IQ
Replacing miter_top.$flatten\u_gate.\_6308_.$auto$liberty.cc:270:create_ff$1317 ($_DFF_PN0_): CLK=\osc_clk, D=\u_gate._6180_.D, Q=\u_gate._6308_.IQ
Replacing miter_top.$flatten\u_gate.\_6228_.$auto$liberty.cc:270:create_ff$1317 ($_DFF_PN0_): CLK=\osc_clk, D=\u_gate._6228_.D, Q=\u_gate._6228_.IQ
Replacing miter_top.$flatten\u_gate.\_6305_.$auto$liberty.cc:270:create_ff$1317 ($_DFF_PN0_): CLK=\osc_clk, D=\u_gate._6177_.D, Q=\u_gate._6305_.IQ
Replacing miter_top.$flatten\u_gate.\_6285_.$auto$liberty.cc:270:create_ff$1317 ($_DFF_PN0_): CLK=\osc_clk, D=\u_gate._6285_.D, Q=\u_gate._6285_.IQ
Replacing miter_top.$flatten\u_gate.\_6302_.$auto$liberty.cc:270:create_ff$1317 ($_DFF_PN0_): CLK=\osc_clk, D=\u_gate._6174_.D, Q=\u_gate._6302_.IQ
Replacing miter_top.$flatten\u_gate.\_6232_.$auto$liberty.cc:270:create_ff$1317 ($_DFF_PN0_): CLK=\osc_clk, D=\u_gate._6232_.D, Q=\u_gate._6232_.IQ
Replacing miter_top.$flatten\u_gate.\_6283_.$auto$liberty.cc:270:create_ff$1317 ($_DFF_PN0_): CLK=\osc_clk, D=\u_gate._6283_.D, Q=\u_gate._6283_.IQ
Replacing miter_top.$flatten\u_gate.\_6299_.$auto$liberty.cc:270:create_ff$1317 ($_DFF_PN0_): CLK=\osc_clk, D=\u_gate._6171_.D, Q=\u_gate._6299_.IQ
Replacing miter_top.$flatten\u_gate.\_6296_.$auto$liberty.cc:270:create_ff$1317 ($_DFF_PN0_): CLK=\osc_clk, D=\u_gate._6168_.D, Q=\u_gate._6296_.IQ
Replacing miter_top.$flatten\u_gate.\_6280_.$auto$liberty.cc:270:create_ff$1317 ($_DFF_PN0_): CLK=\osc_clk, D=\u_gate._6280_.D, Q=\u_gate._6280_.IQ
Replacing miter_top.$flatten\u_gate.\_6237_.$auto$liberty.cc:270:create_ff$1317 ($_DFF_PN0_): CLK=\osc_clk, D=\u_gate._6237_.D, Q=\u_gate._6237_.IQ
Replacing miter_top.$flatten\u_gate.\_6293_.$auto$liberty.cc:270:create_ff$1317 ($_DFF_PN0_): CLK=\osc_clk, D=\u_gate._6165_.D, Q=\u_gate._6293_.IQ
Replacing miter_top.$flatten\u_gate.\_6290_.$auto$liberty.cc:270:create_ff$1317 ($_DFF_PN0_): CLK=\osc_clk, D=\u_gate._2930_.A, Q=\u_gate._6290_.IQ
Replacing miter_top.$flatten\u_gate.\_6241_.$auto$liberty.cc:270:create_ff$1317 ($_DFF_PN0_): CLK=\osc_clk, D=\u_gate._6241_.D, Q=\u_gate._6241_.IQ
Replacing miter_top.$flatten\u_gate.\_6287_.$auto$liberty.cc:270:create_ff$1317 ($_DFF_PN0_): CLK=\osc_clk, D=\u_gate._6287_.D, Q=\u_gate._6287_.IQ
Replacing miter_top.$flatten\u_gate.\_6284_.$auto$liberty.cc:270:create_ff$1317 ($_DFF_PN0_): CLK=\osc_clk, D=\u_gate._6284_.D, Q=\u_gate._6284_.IQ
Replacing miter_top.$flatten\u_gate.\_6246_.$auto$liberty.cc:270:create_ff$1317 ($_DFF_PN0_): CLK=\osc_clk, D=\u_gate._6246_.D, Q=\u_gate._6246_.IQ
Replacing miter_top.$flatten\u_gate.\_6281_.$auto$liberty.cc:270:create_ff$1317 ($_DFF_PN0_): CLK=\osc_clk, D=\u_gate._6281_.D, Q=\u_gate._6281_.IQ
Replacing miter_top.$flatten\u_gate.\_6267_.$auto$liberty.cc:270:create_ff$1317 ($_DFF_PN0_): CLK=\osc_clk, D=\u_gate._6267_.D, Q=\u_gate._6267_.IQ
Replacing miter_top.$flatten\u_gate.\_6278_.$auto$liberty.cc:270:create_ff$1317 ($_DFF_PN0_): CLK=\osc_clk, D=\u_gate._6278_.D, Q=\u_gate._6278_.IQ
Replacing miter_top.$flatten\u_gate.\_6250_.$auto$liberty.cc:270:create_ff$1317 ($_DFF_PN0_): CLK=\osc_clk, D=\u_gate._6250_.D, Q=\u_gate._6250_.IQ
Replacing miter_top.$flatten\u_gate.\_6275_.$auto$liberty.cc:270:create_ff$1317 ($_DFF_PN0_): CLK=\osc_clk, D=\u_gate._6275_.D, Q=\u_gate._6275_.IQ
Replacing miter_top.$flatten\u_gate.\_6265_.$auto$liberty.cc:270:create_ff$1317 ($_DFF_PN0_): CLK=\osc_clk, D=\u_gate._6265_.D, Q=\u_gate._6265_.IQ
Replacing miter_top.$flatten\u_gate.\_6272_.$auto$liberty.cc:270:create_ff$1317 ($_DFF_PN0_): CLK=\osc_clk, D=\u_gate._6272_.D, Q=\u_gate._6272_.IQ
Replacing miter_top.$flatten\u_gate.\_6255_.$auto$liberty.cc:270:create_ff$1317 ($_DFF_PN0_): CLK=\osc_clk, D=\u_gate._6255_.D, Q=\u_gate._6255_.IQ
Replacing miter_top.$flatten\u_gate.\_6269_.$auto$liberty.cc:270:create_ff$1317 ($_DFF_PN0_): CLK=\osc_clk, D=\u_gate._6269_.D, Q=\u_gate._6269_.IQ
Replacing miter_top.$flatten\u_gate.\_6266_.$auto$liberty.cc:270:create_ff$1317 ($_DFF_PN0_): CLK=\osc_clk, D=\u_gate._6266_.D, Q=\u_gate._6266_.IQ
Replacing miter_top.$flatten\u_gate.\_6259_.$auto$liberty.cc:270:create_ff$1317 ($_DFF_PN0_): CLK=\osc_clk, D=\u_gate._6259_.D, Q=\u_gate._6259_.IQ
Replacing miter_top.$flatten\u_gate.\_6263_.$auto$liberty.cc:270:create_ff$1317 ($_DFF_PN0_): CLK=\osc_clk, D=\u_gate._6263_.D, Q=\u_gate._6263_.IQ
Replacing miter_top.$flatten\u_gate.\_6261_.$auto$liberty.cc:270:create_ff$1317 ($_DFF_PN0_): CLK=\osc_clk, D=\u_gate._6261_.D, Q=\u_gate._6261_.IQ
Replacing miter_top.$flatten\u_gate.\_6260_.$auto$liberty.cc:270:create_ff$1317 ($_DFF_PN0_): CLK=\osc_clk, D=\u_gate._6260_.D, Q=\u_gate._6260_.IQ
Replacing miter_top.$flatten\u_gate.\_6262_.$auto$liberty.cc:270:create_ff$1317 ($_DFF_PN0_): CLK=\osc_clk, D=\u_gate._6262_.D, Q=\u_gate._6262_.IQ
Replacing miter_top.$flatten\u_gate.\_6264_.$auto$liberty.cc:270:create_ff$1317 ($_DFF_PN0_): CLK=\osc_clk, D=\u_gate._6264_.D, Q=\u_gate._6264_.IQ
Replacing miter_top.$flatten\u_gate.\_6257_.$auto$liberty.cc:270:create_ff$1317 ($_DFF_PN0_): CLK=\osc_clk, D=\u_gate._6257_.D, Q=\u_gate._6257_.IQ
Replacing miter_top.$flatten\u_gate.\_6258_.$auto$liberty.cc:270:create_ff$1317 ($_DFF_PN0_): CLK=\osc_clk, D=\u_gate._6258_.D, Q=\u_gate._6258_.IQ
Replacing miter_top.$flatten\u_gate.\_6254_.$auto$liberty.cc:270:create_ff$1317 ($_DFF_PN0_): CLK=\osc_clk, D=\u_gate._6254_.D, Q=\u_gate._6254_.IQ
Replacing miter_top.$flatten\u_gate.\_6268_.$auto$liberty.cc:270:create_ff$1317 ($_DFF_PN0_): CLK=\osc_clk, D=\u_gate._6268_.D, Q=\u_gate._6268_.IQ
Replacing miter_top.$flatten\u_gate.\_6256_.$auto$liberty.cc:270:create_ff$1317 ($_DFF_PN0_): CLK=\osc_clk, D=\u_gate._6256_.D, Q=\u_gate._6256_.IQ
Replacing miter_top.$flatten\u_gate.\_6251_.$auto$liberty.cc:270:create_ff$1317 ($_DFF_PN0_): CLK=\osc_clk, D=\u_gate._6251_.D, Q=\u_gate._6251_.IQ
Replacing miter_top.$flatten\u_gate.\_6248_.$auto$liberty.cc:270:create_ff$1317 ($_DFF_PN0_): CLK=\osc_clk, D=\u_gate._6248_.D, Q=\u_gate._6248_.IQ
Replacing miter_top.$flatten\u_gate.\_6253_.$auto$liberty.cc:270:create_ff$1317 ($_DFF_PN0_): CLK=\osc_clk, D=\u_gate._6253_.D, Q=\u_gate._6253_.IQ
Replacing miter_top.$flatten\u_gate.\_6273_.$auto$liberty.cc:270:create_ff$1317 ($_DFF_PN0_): CLK=\osc_clk, D=\u_gate._6273_.D, Q=\u_gate._6273_.IQ
Replacing miter_top.$flatten\u_gate.\_6245_.$auto$liberty.cc:270:create_ff$1317 ($_DFF_PN0_): CLK=\osc_clk, D=\u_gate._6245_.D, Q=\u_gate._6245_.IQ
Replacing miter_top.$flatten\u_gate.\_6242_.$auto$liberty.cc:270:create_ff$1317 ($_DFF_PN0_): CLK=\osc_clk, D=\u_gate._6242_.D, Q=\u_gate._6242_.IQ
Replacing miter_top.$flatten\u_gate.\_6277_.$auto$liberty.cc:270:create_ff$1317 ($_DFF_PN0_): CLK=\osc_clk, D=\u_gate._6277_.D, Q=\u_gate._6277_.IQ
Replacing miter_top.$flatten\u_gate.\_6239_.$auto$liberty.cc:270:create_ff$1317 ($_DFF_PN0_): CLK=\osc_clk, D=\u_gate._6239_.D, Q=\u_gate._6239_.IQ
Replacing miter_top.$flatten\u_gate.\_6236_.$auto$liberty.cc:270:create_ff$1317 ($_DFF_PN0_): CLK=\osc_clk, D=\u_gate._6236_.D, Q=\u_gate._6236_.IQ
Replacing miter_top.$flatten\u_gate.\_6282_.$auto$liberty.cc:270:create_ff$1317 ($_DFF_PN0_): CLK=\osc_clk, D=\u_gate._6282_.D, Q=\u_gate._6282_.IQ
Replacing miter_top.$flatten\u_gate.\_6233_.$auto$liberty.cc:270:create_ff$1317 ($_DFF_PN0_): CLK=\osc_clk, D=\u_gate._6233_.D, Q=\u_gate._6233_.IQ
Replacing miter_top.$flatten\u_gate.\_6274_.$auto$liberty.cc:270:create_ff$1317 ($_DFF_PN0_): CLK=\osc_clk, D=\u_gate._6274_.D, Q=\u_gate._6274_.IQ
Replacing miter_top.$flatten\u_gate.\_6230_.$auto$liberty.cc:270:create_ff$1317 ($_DFF_PN0_): CLK=\osc_clk, D=\u_gate._6230_.D, Q=\u_gate._6230_.IQ
Replacing miter_top.$flatten\u_gate.\_6286_.$auto$liberty.cc:270:create_ff$1317 ($_DFF_PN0_): CLK=\osc_clk, D=\u_gate._6286_.D, Q=\u_gate._6286_.IQ
Replacing miter_top.$flatten\u_gate.\_6227_.$auto$liberty.cc:270:create_ff$1317 ($_DFF_PN0_): CLK=\osc_clk, D=\u_gate._6227_.D, Q=\u_gate._6227_.IQ
Replacing miter_top.$flatten\u_gate.\_6270_.$auto$liberty.cc:270:create_ff$1317 ($_DFF_PN0_): CLK=\osc_clk, D=\u_gate._6270_.D, Q=\u_gate._6270_.IQ
Replacing miter_top.$flatten\u_gate.\_6224_.$auto$liberty.cc:270:create_ff$1317 ($_DFF_PN0_): CLK=\osc_clk, D=\u_gate._6224_.D, Q=\u_gate._6224_.IQ
Replacing miter_top.$flatten\u_gate.\_6249_.$auto$liberty.cc:270:create_ff$1317 ($_DFF_PN0_): CLK=\osc_clk, D=\u_gate._6249_.D, Q=\u_gate._6249_.IQ
Replacing miter_top.$flatten\u_gate.\_6291_.$auto$liberty.cc:270:create_ff$1317 ($_DFF_PN0_): CLK=\osc_clk, D=\u_gate._6163_.D, Q=\u_gate._6291_.IQ
Replacing miter_top.$flatten\u_gate.\_6221_.$auto$liberty.cc:270:create_ff$1317 ($_DFF_PN0_): CLK=\osc_clk, D=\u_gate._6221_.D, Q=\u_gate._6221_.IQ
Replacing miter_top.$flatten\u_gate.\_6279_.$auto$liberty.cc:270:create_ff$1317 ($_DFF_PN0_): CLK=\osc_clk, D=\u_gate._6279_.D, Q=\u_gate._6279_.IQ
Replacing miter_top.$flatten\u_gate.\_6218_.$auto$liberty.cc:270:create_ff$1317 ($_DFF_PN0_): CLK=\osc_clk, D=\u_gate._6218_.D, Q=\u_gate._6218_.IQ
Replacing miter_top.$flatten\u_gate.\_6295_.$auto$liberty.cc:270:create_ff$1317 ($_DFF_PN0_): CLK=\osc_clk, D=\u_gate._6167_.D, Q=\u_gate._6295_.IQ
Replacing miter_top.$flatten\u_gate.\_6247_.$auto$liberty.cc:270:create_ff$1317 ($_DFF_PN0_): CLK=\osc_clk, D=\u_gate._6247_.D, Q=\u_gate._6247_.IQ
Replacing miter_top.$flatten\u_gate.\_6215_.$auto$liberty.cc:270:create_ff$1317 ($_DFF_PN0_): CLK=\osc_clk, D=\u_gate._6215_.D, Q=\u_gate._6215_.IQ
Replacing miter_top.$flatten\u_gate.\_6234_.$auto$liberty.cc:270:create_ff$1317 ($_DFF_PN0_): CLK=\osc_clk, D=\u_gate._6234_.D, Q=\u_gate._6234_.IQ
Replacing miter_top.$flatten\u_gate.\_6212_.$auto$liberty.cc:270:create_ff$1317 ($_DFF_PN0_): CLK=\osc_clk, D=\u_gate._6212_.D, Q=\u_gate._6212_.IQ
Replacing miter_top.$flatten\u_gate.\_6300_.$auto$liberty.cc:270:create_ff$1317 ($_DFF_PN0_): CLK=\osc_clk, D=\u_gate._6172_.D, Q=\u_gate._6300_.IQ
Replacing miter_top.$flatten\u_gate.\_6209_.$auto$liberty.cc:270:create_ff$1317 ($_DFF_PN0_): CLK=\osc_clk, D=\u_gate._6209_.D, Q=\u_gate._6209_.IQ
Replacing miter_top.$flatten\u_gate.\_6231_.$auto$liberty.cc:270:create_ff$1317 ($_DFF_PN0_): CLK=\osc_clk, D=\u_gate._6231_.D, Q=\u_gate._6231_.IQ
Replacing miter_top.$flatten\u_gate.\_6206_.$auto$liberty.cc:270:create_ff$1317 ($_DFF_PN0_): CLK=\osc_clk, D=\u_gate._6206_.D, Q=\u_gate._6206_.IQ
Replacing miter_top.$flatten\u_gate.\_6304_.$auto$liberty.cc:270:create_ff$1317 ($_DFF_PN0_): CLK=\osc_clk, D=\u_gate._6176_.D, Q=\u_gate._6304_.IQ
Replacing miter_top.$flatten\u_gate.\_6229_.$auto$liberty.cc:270:create_ff$1317 ($_DFF_PN0_): CLK=\osc_clk, D=\u_gate._6229_.D, Q=\u_gate._6229_.IQ
Replacing miter_top.$flatten\u_gate.\_6203_.$auto$liberty.cc:270:create_ff$1317 ($_DFF_PN0_): CLK=\osc_clk, D=\u_gate._6203_.D, Q=\u_gate._6203_.IQ
Replacing miter_top.$flatten\u_gate.\_6200_.$auto$liberty.cc:270:create_ff$1317 ($_DFF_PN0_): CLK=\osc_clk, D=\u_gate._6200_.D, Q=\u_gate._6200_.IQ
Replacing miter_top.$flatten\u_gate.\_6226_.$auto$liberty.cc:270:create_ff$1317 ($_DFF_PN0_): CLK=\osc_clk, D=\u_gate._6226_.D, Q=\u_gate._6226_.IQ
Replacing miter_top.$flatten\u_gate.\_6309_.$auto$liberty.cc:270:create_ff$1317 ($_DFF_PN0_): CLK=\osc_clk, D=\u_gate._6181_.D, Q=\u_gate._6309_.IQ
Replacing miter_top.$flatten\u_gate.\_6197_.$auto$liberty.cc:270:create_ff$1317 ($_DFF_PN0_): CLK=\osc_clk, D=\u_gate._6197_.D, Q=\u_gate._6197_.IQ
Replacing miter_top.$flatten\u_gate.\_6194_.$auto$liberty.cc:270:create_ff$1317 ($_DFF_PN0_): CLK=\osc_clk, D=\u_gate._6194_.D, Q=\u_gate._6194_.IQ
Replacing miter_top.$flatten\u_gate.\_6313_.$auto$liberty.cc:270:create_ff$1317 ($_DFF_PN0_): CLK=\osc_clk, D=\u_gate._6185_.D, Q=\u_gate._6313_.IQ
Replacing miter_top.$flatten\u_gate.\_6191_.$auto$liberty.cc:270:create_ff$1317 ($_DFF_PN0_): CLK=\osc_clk, D=\u_gate._6191_.D, Q=\u_gate._6191_.IQ
Replacing miter_top.$flatten\u_gate.\_6292_.$auto$liberty.cc:270:create_ff$1317 ($_DFF_PN0_): CLK=\osc_clk, D=\u_gate._6164_.D, Q=\u_gate._6292_.IQ
Replacing miter_top.$flatten\u_gate.\_6188_.$auto$liberty.cc:270:create_ff$1317 ($_DFF_PN0_): CLK=\osc_clk, D=\u_gate._6188_.D, Q=\u_gate._6188_.IQ
Replacing miter_top.$flatten\u_gate.\_6318_.$auto$liberty.cc:270:create_ff$1317 ($_DFF_PN0_): CLK=\osc_clk, D=\u_gate._6190_.D, Q=\u_gate._6318_.IQ
Replacing miter_top.$flatten\u_gate.\_6185_.$auto$liberty.cc:270:create_ff$1317 ($_DFF_PN0_): CLK=\osc_clk, D=\u_gate._6185_.D, Q=\u_gate._6185_.IQ
Replacing miter_top.$flatten\u_gate.\_6182_.$auto$liberty.cc:270:create_ff$1317 ($_DFF_PN0_): CLK=\osc_clk, D=\u_gate._6182_.D, Q=\u_gate._6182_.IQ
Replacing miter_top.$flatten\u_gate.\_6322_.$auto$liberty.cc:270:create_ff$1317 ($_DFF_PN0_): CLK=\osc_clk, D=\u_gate._6194_.D, Q=\u_gate._6322_.IQ
Replacing miter_top.$flatten\u_gate.\_6179_.$auto$liberty.cc:270:create_ff$1317 ($_DFF_PN0_): CLK=\osc_clk, D=\u_gate._6179_.D, Q=\u_gate._6179_.IQ
Replacing miter_top.$flatten\u_gate.\_6297_.$auto$liberty.cc:270:create_ff$1317 ($_DFF_PN0_): CLK=\osc_clk, D=\u_gate._6169_.D, Q=\u_gate._6297_.IQ
Replacing miter_top.$flatten\u_gate.\_6176_.$auto$liberty.cc:270:create_ff$1317 ($_DFF_PN0_): CLK=\osc_clk, D=\u_gate._6176_.D, Q=\u_gate._6176_.IQ
Replacing miter_top.$flatten\u_gate.\_6298_.$auto$liberty.cc:270:create_ff$1317 ($_DFF_PN0_): CLK=\osc_clk, D=\u_gate._6170_.D, Q=\u_gate._6298_.IQ
Replacing miter_top.$flatten\u_gate.\_6327_.$auto$liberty.cc:270:create_ff$1317 ($_DFF_PN0_): CLK=\osc_clk, D=\u_gate._6199_.D, Q=\u_gate._6327_.IQ
Replacing miter_top.$flatten\u_gate.\_6173_.$auto$liberty.cc:270:create_ff$1317 ($_DFF_PN0_): CLK=\osc_clk, D=\u_gate._6173_.D, Q=\u_gate._6173_.IQ
Replacing miter_top.$flatten\u_gate.\_6170_.$auto$liberty.cc:270:create_ff$1317 ($_DFF_PN0_): CLK=\osc_clk, D=\u_gate._6170_.D, Q=\u_gate._6170_.IQ
Replacing miter_top.$flatten\u_gate.\_6331_.$auto$liberty.cc:270:create_ff$1317 ($_DFF_PN0_): CLK=\osc_clk, D=\u_gate._6203_.D, Q=\u_gate._6331_.IQ
Replacing miter_top.$flatten\u_gate.\_6252_.$auto$liberty.cc:270:create_ff$1317 ($_DFF_PN0_): CLK=\osc_clk, D=\u_gate._6252_.D, Q=\u_gate._6252_.IQ
Replacing miter_top.$flatten\u_gate.\_6167_.$auto$liberty.cc:270:create_ff$1317 ($_DFF_PN0_): CLK=\osc_clk, D=\u_gate._6167_.D, Q=\u_gate._6167_.IQ
Replacing miter_top.$flatten\u_gate.\_6207_.$auto$liberty.cc:270:create_ff$1317 ($_DFF_PN0_): CLK=\osc_clk, D=\u_gate._6207_.D, Q=\u_gate._6207_.IQ
Replacing miter_top.$flatten\u_gate.\_6164_.$auto$liberty.cc:270:create_ff$1317 ($_DFF_PN0_): CLK=\osc_clk, D=\u_gate._6164_.D, Q=\u_gate._6164_.IQ
Replacing miter_top.$flatten\u_gate.\_6303_.$auto$liberty.cc:270:create_ff$1317 ($_DFF_PN0_): CLK=\osc_clk, D=\u_gate._6175_.D, Q=\u_gate._6303_.IQ
Replacing miter_top.$flatten\u_gate.\_6336_.$auto$liberty.cc:270:create_ff$1317 ($_DFF_PN0_): CLK=\osc_clk, D=\u_gate._6208_.D, Q=\u_gate._6336_.IQ
Replacing miter_top.$flatten\u_gate.\_6161_.$auto$liberty.cc:270:create_ff$1317 ($_DFF_PN0_): CLK=\osc_clk, D=\u_gate._6160_.IQ, Q=\u_gate._6161_.IQ
Replacing miter_top.$flatten\u_gate.\_6204_.$auto$liberty.cc:270:create_ff$1317 ($_DFF_PN0_): CLK=\osc_clk, D=\u_gate._6204_.D, Q=\u_gate._6204_.IQ
Replacing miter_top.$flatten\u_gate.\_6158_.$auto$liberty.cc:270:create_ff$1317 ($_DFF_PN0_): CLK=\osc_clk, D=\u_gate._6157_.IQ, Q=\u_gate._6158_.IQ
Replacing miter_top.$flatten\u_gate.\_6340_.$auto$liberty.cc:270:create_ff$1317 ($_DFF_PN0_): CLK=\osc_clk, D=\u_gate._6212_.D, Q=\u_gate._6340_.IQ
Replacing miter_top.$flatten\u_gate.\_6202_.$auto$liberty.cc:270:create_ff$1317 ($_DFF_PN0_): CLK=\osc_clk, D=\u_gate._6202_.D, Q=\u_gate._6202_.IQ
Replacing miter_top.$flatten\u_gate.\_6155_.$auto$liberty.cc:270:create_ff$1317 ($_DFF_PN0_): CLK=\osc_clk, D=\u_gate._6154_.IQ, Q=\u_gate._6155_.IQ
Replacing miter_top.$flatten\u_gate.\_6152_.$auto$liberty.cc:270:create_ff$1317 ($_DFF_PN0_): CLK=\osc_clk, D=\u_gate._6151_.IQ, Q=\u_gate._6152_.IQ
Replacing miter_top.$flatten\u_gate.\_6199_.$auto$liberty.cc:270:create_ff$1317 ($_DFF_PN0_): CLK=\osc_clk, D=\u_gate._6199_.D, Q=\u_gate._6199_.IQ
Replacing miter_top.$flatten\u_gate.\_6345_.$auto$liberty.cc:270:create_ff$1317 ($_DFF_PN0_): CLK=\osc_clk, D=\u_gate._6217_.D, Q=\u_gate._6345_.IQ
Replacing miter_top.$flatten\u_gate.\_6149_.$auto$liberty.cc:270:create_ff$1317 ($_DFF_PN0_): CLK=\osc_clk, D=\u_gate._6148_.IQ, Q=\u_gate._6149_.IQ
Replacing miter_top.$flatten\u_gate.\_6146_.$auto$liberty.cc:270:create_ff$1317 ($_DFF_PN0_): CLK=\osc_clk, D=\u_gate._6145_.IQ, Q=\u_gate._6146_.IQ
Replacing miter_top.$flatten\u_gate.\_6349_.$auto$liberty.cc:270:create_ff$1317 ($_DFF_PN0_): CLK=\osc_clk, D=\u_gate._6221_.D, Q=\u_gate._6349_.IQ
Replacing miter_top.$flatten\u_gate.\_6143_.$auto$liberty.cc:270:create_ff$1317 ($_DFF_PN0_): CLK=\osc_clk, D=\u_gate._6142_.IQ, Q=\u_gate._6143_.IQ
Replacing miter_top.$flatten\u_gate.\_6140_.$auto$liberty.cc:270:create_ff$1317 ($_DFF_PN0_): CLK=\osc_clk, D=\u_gate._6139_.IQ, Q=\u_gate._6140_.IQ
Replacing miter_top.$flatten\u_gate.\_6354_.$auto$liberty.cc:270:create_ff$1317 ($_DFF_PN0_): CLK=\osc_clk, D=\u_gate._6226_.D, Q=\u_gate._6354_.IQ
Replacing miter_top.$flatten\u_gate.\_6137_.$auto$liberty.cc:270:create_ff$1317 ($_DFF_PN0_): CLK=\osc_clk, D=\u_gate._6136_.IQ, Q=\u_gate._6137_.IQ
Replacing miter_top.$flatten\u_gate.\_6134_.$auto$liberty.cc:270:create_ff$1317 ($_DFF_PN0_): CLK=\osc_clk, D=\u_gate._6133_.IQ, Q=\u_gate._6134_.IQ
Replacing miter_top.$flatten\u_gate.\_6358_.$auto$liberty.cc:270:create_ff$1317 ($_DFF_PN0_): CLK=\osc_clk, D=\u_gate._6230_.D, Q=\u_gate._6358_.IQ
Replacing miter_top.$flatten\u_gate.\_6316_.$auto$liberty.cc:270:create_ff$1317 ($_DFF_PN0_): CLK=\osc_clk, D=\u_gate._6188_.D, Q=\u_gate._6316_.IQ
Replacing miter_top.$flatten\u_gate.\_6131_.$auto$liberty.cc:270:create_ff$1317 ($_DFF_PN0_): CLK=\osc_clk, D=\u_gate._6130_.IQ, Q=\u_gate._6131_.IQ
Replacing miter_top.$flatten\u_gate.\_6128_.$auto$liberty.cc:270:create_ff$1317 ($_DFF_PN0_): CLK=\osc_clk, D=\u_gate._6127_.IQ, Q=\u_gate._6128_.IQ
Replacing miter_top.$flatten\u_gate.\_6363_.$auto$liberty.cc:270:create_ff$1317 ($_DFF_PN0_): CLK=\osc_clk, D=\u_gate._6235_.D, Q=\u_gate._6363_.IQ
Replacing miter_top.$flatten\u_gate.\_6125_.$auto$liberty.cc:270:create_ff$1317 ($_DFF_PN0_): CLK=\osc_clk, D=\u_gate._6124_.IQ, Q=\u_gate._6125_.IQ
Replacing miter_top.$flatten\u_gate.\_6294_.$auto$liberty.cc:270:create_ff$1317 ($_DFF_PN0_): CLK=\osc_clk, D=\u_gate._6166_.D, Q=\u_gate._6294_.IQ
Replacing miter_top.$flatten\u_gate.\_6122_.$auto$liberty.cc:270:create_ff$1317 ($_DFF_PN0_): CLK=\osc_clk, D=\u_gate._6121_.IQ, Q=\u_gate._6122_.IQ
Replacing miter_top.$flatten\u_gate.\_6367_.$auto$liberty.cc:270:create_ff$1317 ($_DFF_PN0_): CLK=\osc_clk, D=\u_gate._6239_.D, Q=\u_gate._6367_.IQ
Replacing miter_top.$flatten\u_gate.\_6321_.$auto$liberty.cc:270:create_ff$1317 ($_DFF_PN0_): CLK=\osc_clk, D=\u_gate._6193_.D, Q=\u_gate._6321_.IQ
Replacing miter_top.$flatten\u_gate.\_6119_.$auto$liberty.cc:270:create_ff$1317 ($_DFF_PN0_): CLK=\osc_clk, D=\u_gate._6118_.IQ, Q=\u_gate._6119_.IQ
Replacing miter_top.$flatten\u_gate.\_6180_.$auto$liberty.cc:270:create_ff$1317 ($_DFF_PN0_): CLK=\osc_clk, D=\u_gate._6180_.D, Q=\u_gate._6180_.IQ
Replacing miter_top.$flatten\u_gate.\_6116_.$auto$liberty.cc:270:create_ff$1317 ($_DFF_PN0_): CLK=\osc_clk, D=\u_gate._6115_.IQ, Q=\u_gate._6116_.IQ
Replacing miter_top.$flatten\u_gate.\_6372_.$auto$liberty.cc:270:create_ff$1317 ($_DFF_PN0_): CLK=\osc_clk, D=\u_gate._6244_.D, Q=\u_gate._6372_.IQ
Replacing miter_top.$flatten\u_gate.\_6113_.$auto$liberty.cc:270:create_ff$1317 ($_DFF_PN0_): CLK=\osc_clk, D=\u_gate._6112_.IQ, Q=\u_gate._6113_.IQ
Replacing miter_top.$flatten\u_gate.\_6177_.$auto$liberty.cc:270:create_ff$1317 ($_DFF_PN0_): CLK=\osc_clk, D=\u_gate._6177_.D, Q=\u_gate._6177_.IQ
Replacing miter_top.$flatten\u_gate.\_6110_.$auto$liberty.cc:270:create_ff$1317 ($_DFF_PN0_): CLK=\osc_clk, D=\u_gate._6109_.IQ, Q=\u_gate._6110_.IQ
Replacing miter_top.$flatten\u_gate.\_6376_.$auto$liberty.cc:270:create_ff$1317 ($_DFF_PN0_): CLK=\osc_clk, D=\u_gate._6248_.D, Q=\u_gate._6376_.IQ
Replacing miter_top.$flatten\u_gate.\_6175_.$auto$liberty.cc:270:create_ff$1317 ($_DFF_PN0_): CLK=\osc_clk, D=\u_gate._6175_.D, Q=\u_gate._6175_.IQ
Replacing miter_top.$flatten\u_gate.\_6107_.$auto$liberty.cc:270:create_ff$1317 ($_DFF_PN0_): CLK=\osc_clk, D=\u_gate._6106_.IQ, Q=\u_gate._6107_.IQ
Replacing miter_top.$flatten\u_gate.\_6104_.$auto$liberty.cc:270:create_ff$1317 ($_DFF_PN0_): CLK=\osc_clk, D=\u_gate._6103_.IQ, Q=\u_gate._6104_.IQ
Replacing miter_top.$flatten\u_gate.\_6172_.$auto$liberty.cc:270:create_ff$1317 ($_DFF_PN0_): CLK=\osc_clk, D=\u_gate._6172_.D, Q=\u_gate._6172_.IQ
Replacing miter_top.$flatten\u_gate.\_6381_.$auto$liberty.cc:270:create_ff$1317 ($_DFF_PN0_): CLK=\osc_clk, D=\u_gate._6253_.D, Q=\u_gate._6381_.IQ
Replacing miter_top.$flatten\u_gate.\_6101_.$auto$liberty.cc:270:create_ff$1317 ($_DFF_PN0_): CLK=\osc_clk, D=\u_gate._6100_.IQ, Q=\u_gate._6101_.IQ
Replacing miter_top.$flatten\u_gate.\_6098_.$auto$liberty.cc:270:create_ff$1317 ($_DFF_PN0_): CLK=\osc_clk, D=\u_gate._6097_.IQ, Q=\u_gate._6098_.IQ
Replacing miter_top.$flatten\u_gate.\_6385_.$auto$liberty.cc:270:create_ff$1317 ($_DFF_PN0_): CLK=\osc_clk, D=\u_gate._6257_.D, Q=\u_gate._6385_.IQ
Replacing miter_top.$flatten\u_gate.\_6095_.$auto$liberty.cc:270:create_ff$1317 ($_DFF_PN0_): CLK=\osc_clk, D=\u_gate._6094_.IQ, Q=\u_gate._6095_.IQ
Replacing miter_top.$flatten\u_gate.\_6208_.$auto$liberty.cc:270:create_ff$1317 ($_DFF_PN0_): CLK=\osc_clk, D=\u_gate._6208_.D, Q=\u_gate._6208_.IQ
Replacing miter_top.$flatten\u_gate.\_6092_.$auto$liberty.cc:270:create_ff$1317 ($_DFF_PN0_): CLK=\osc_clk, D=\u_gate._6091_.IQ, Q=\u_gate._6092_.IQ
Replacing miter_top.$flatten\u_gate.\_6390_.$auto$liberty.cc:270:create_ff$1317 ($_DFF_PN0_): CLK=\osc_clk, D=\u_gate._6262_.D, Q=\u_gate._6390_.IQ
Replacing miter_top.$flatten\u_gate.\_6089_.$auto$liberty.cc:270:create_ff$1317 ($_DFF_PN0_): CLK=\osc_clk, D=\u_gate._6088_.IQ, Q=\u_gate._6089_.IQ
Replacing miter_top.$flatten\u_gate.\_6086_.$auto$liberty.cc:270:create_ff$1317 ($_DFF_PN0_): CLK=\osc_clk, D=\u_gate._6085_.IQ, Q=\u_gate._6086_.IQ
Replacing miter_top.$flatten\u_gate.\_6394_.$auto$liberty.cc:270:create_ff$1317 ($_DFF_PN0_): CLK=\osc_clk, D=\u_gate._6266_.D, Q=\u_gate._6394_.IQ
Replacing miter_top.$flatten\u_gate.\_6083_.$auto$liberty.cc:270:create_ff$1317 ($_DFF_PN0_): CLK=\osc_clk, D=\u_gate._6082_.IQ, Q=\u_gate._6083_.IQ
Replacing miter_top.$flatten\u_gate.\_6080_.$auto$liberty.cc:270:create_ff$1317 ($_DFF_PN0_): CLK=\osc_clk, D=\u_gate._6079_.IQ, Q=\u_gate._6080_.IQ
Replacing miter_top.$flatten\u_gate.\_6243_.$auto$liberty.cc:270:create_ff$1317 ($_DFF_PN0_): CLK=\osc_clk, D=\u_gate._6243_.D, Q=\u_gate._6243_.IQ
Replacing miter_top.$flatten\u_gate.\_6399_.$auto$liberty.cc:270:create_ff$1317 ($_DFF_PN0_): CLK=\osc_clk, D=\u_gate._6271_.D, Q=\u_gate._6399_.IQ
Replacing miter_top.$flatten\u_gate.\_6077_.$auto$liberty.cc:270:create_ff$1317 ($_DFF_PN0_): CLK=\osc_clk, D=\u_gate._6076_.IQ, Q=\u_gate._6077_.IQ
Replacing miter_top.$flatten\u_gate.\_6074_.$auto$liberty.cc:270:create_ff$1317 ($_DFF_PN0_): CLK=\osc_clk, D=\u_gate._6073_.IQ, Q=\u_gate._6074_.IQ
Replacing miter_top.$flatten\u_gate.\_6403_.$auto$liberty.cc:270:create_ff$1317 ($_DFF_PN0_): CLK=\osc_clk, D=\u_gate._6275_.D, Q=\u_gate._6403_.IQ
Replacing miter_top.$flatten\u_gate.\_6071_.$auto$liberty.cc:270:create_ff$1317 ($_DFF_PN0_): CLK=\osc_clk, D=\u_gate._6070_.IQ, Q=\u_gate._6071_.IQ
Replacing miter_top.$flatten\u_gate.\_6153_.$auto$liberty.cc:270:create_ff$1317 ($_DFF_PN0_): CLK=\osc_clk, D=\u_gate._6152_.IQ, Q=\u_gate._6153_.IQ
Replacing miter_top.$flatten\u_gate.\_6068_.$auto$liberty.cc:270:create_ff$1317 ($_DFF_PN0_): CLK=\osc_clk, D=\u_gate._6067_.IQ, Q=\u_gate._6068_.IQ
Replacing miter_top.$flatten\u_gate.\_6408_.$auto$liberty.cc:270:create_ff$1317 ($_DFF_PN0_): CLK=\osc_clk, D=\u_gate._6280_.D, Q=\u_gate._6408_.IQ
Replacing miter_top.$flatten\u_gate.\_6065_.$auto$liberty.cc:270:create_ff$1317 ($_DFF_PN0_): CLK=\osc_clk, D=\u_gate._6064_.IQ, Q=\u_gate._6065_.IQ
Replacing miter_top.$flatten\u_gate.\_6150_.$auto$liberty.cc:270:create_ff$1317 ($_DFF_PN0_): CLK=\osc_clk, D=\u_gate._6149_.IQ, Q=\u_gate._6150_.IQ
Replacing miter_top.$flatten\u_gate.\_6062_.$auto$liberty.cc:270:create_ff$1317 ($_DFF_PN0_): CLK=\osc_clk, D=\u_gate._6061_.IQ, Q=\u_gate._6062_.IQ
Replacing miter_top.$flatten\u_gate.\_6412_.$auto$liberty.cc:270:create_ff$1317 ($_DFF_PN0_): CLK=\osc_clk, D=\u_gate._6284_.D, Q=\u_gate._6412_.IQ
Replacing miter_top.$flatten\u_gate.\_6148_.$auto$liberty.cc:270:create_ff$1317 ($_DFF_PN0_): CLK=\osc_clk, D=\u_gate._6147_.IQ, Q=\u_gate._6148_.IQ
Replacing miter_top.$flatten\u_gate.\_6059_.$auto$liberty.cc:270:create_ff$1317 ($_DFF_PN0_): CLK=\osc_clk, D=\u_gate._6058_.IQ, Q=\u_gate._6059_.IQ
Replacing miter_top.$flatten\u_gate.\_6056_.$auto$liberty.cc:270:create_ff$1317 ($_DFF_PN0_): CLK=\osc_clk, D=\u_gate._6055_.IQ, Q=\u_gate._6056_.IQ
Replacing miter_top.$flatten\u_gate.\_6145_.$auto$liberty.cc:270:create_ff$1317 ($_DFF_PN0_): CLK=\osc_clk, D=\u_gate._6144_.IQ, Q=\u_gate._6145_.IQ
Replacing miter_top.$flatten\u_gate.\_6417_.$auto$liberty.cc:270:create_ff$1317 ($_DFF_PN0_): CLK=\osc_clk, D=\u_gate._6289_.D, Q=\u_gate._6417_.IQ
Replacing miter_top.$flatten\u_gate.\_6053_.$auto$liberty.cc:270:create_ff$1317 ($_DFF_PN0_): CLK=\osc_clk, D=\u_gate._6052_.IQ, Q=\u_gate._6053_.IQ
Replacing miter_top.$flatten\u_gate.\_6050_.$auto$liberty.cc:270:create_ff$1317 ($_DFF_PN0_): CLK=\osc_clk, D=\u_gate._6049_.IQ, Q=\u_gate._6050_.IQ
Replacing miter_top.$flatten\u_gate.\_6421_.$auto$liberty.cc:270:create_ff$1317 ($_DFF_PN0_): CLK=\osc_clk, D=\u_gate._6165_.D, Q=\u_gate._6421_.IQ
Replacing miter_top.$flatten\u_gate.\_6047_.$auto$liberty.cc:270:create_ff$1317 ($_DFF_PN0_): CLK=\osc_clk, D=\u_gate._6046_.IQ, Q=\u_gate._6047_.IQ
Replacing miter_top.$flatten\u_gate.\_6044_.$auto$liberty.cc:270:create_ff$1317 ($_DFF_PN0_): CLK=\osc_clk, D=\u_gate._6043_.IQ, Q=\u_gate._6044_.IQ
Replacing miter_top.$flatten\u_gate.\_6426_.$auto$liberty.cc:270:create_ff$1317 ($_DFF_PN0_): CLK=\osc_clk, D=\u_gate._6170_.D, Q=\u_gate._6426_.IQ
Replacing miter_top.$flatten\u_gate.\_6041_.$auto$liberty.cc:270:create_ff$1317 ($_DFF_PN0_): CLK=\osc_clk, D=\u_gate._6040_.IQ, Q=\u_gate._6041_.IQ
Replacing miter_top.$flatten\u_gate.\_6355_.$auto$liberty.cc:270:create_ff$1317 ($_DFF_PN0_): CLK=\osc_clk, D=\u_gate._6227_.D, Q=\u_gate._6355_.IQ
Replacing miter_top.$flatten\u_gate.\_6038_.$auto$liberty.cc:270:create_ff$1317 ($_DFF_PN0_): CLK=\osc_clk, D=\u_gate._6037_.IQ, Q=\u_gate._6038_.IQ
Replacing miter_top.$flatten\u_gate.\_6430_.$auto$liberty.cc:270:create_ff$1317 ($_DFF_PN0_): CLK=\osc_clk, D=\u_gate._6174_.D, Q=\u_gate._6430_.IQ
Replacing miter_top.$flatten\u_gate.\_6190_.$auto$liberty.cc:270:create_ff$1317 ($_DFF_PN0_): CLK=\osc_clk, D=\u_gate._6190_.D, Q=\u_gate._6190_.IQ
Replacing miter_top.$flatten\u_gate.\_6035_.$auto$liberty.cc:270:create_ff$1317 ($_DFF_PN0_): CLK=\osc_clk, D=\u_gate._6034_.IQ, Q=\u_gate._6035_.IQ
Replacing miter_top.$flatten\u_gate.\_6189_.$auto$liberty.cc:270:create_ff$1317 ($_DFF_PN0_): CLK=\osc_clk, D=\u_gate._6189_.D, Q=\u_gate._6189_.IQ
Replacing miter_top.$flatten\u_gate.\_6032_.$auto$liberty.cc:270:create_ff$1317 ($_DFF_PN0_): CLK=\osc_clk, D=\u_gate._6031_.IQ, Q=\u_gate._6032_.IQ
Replacing miter_top.$flatten\u_gate.\_6435_.$auto$liberty.cc:270:create_ff$1317 ($_DFF_PN0_): CLK=\osc_clk, D=\u_gate._6179_.D, Q=\u_gate._6435_.IQ
Replacing miter_top.$flatten\u_gate.\_6029_.$auto$liberty.cc:270:create_ff$1317 ($_DFF_PN0_): CLK=\osc_clk, D=\u_gate._6028_.IQ, Q=\u_gate._6029_.IQ
Replacing miter_top.$flatten\u_gate.\_6360_.$auto$liberty.cc:270:create_ff$1317 ($_DFF_PN0_): CLK=\osc_clk, D=\u_gate._6232_.D, Q=\u_gate._6360_.IQ
Replacing miter_top.$flatten\u_gate.\_6026_.$auto$liberty.cc:270:create_ff$1317 ($_DFF_PN0_): CLK=\osc_clk, D=\u_gate._6025_.IQ, Q=\u_gate._6026_.IQ
Replacing miter_top.$flatten\u_gate.\_6439_.$auto$liberty.cc:270:create_ff$1317 ($_DFF_PN0_): CLK=\osc_clk, D=\u_gate._6183_.D, Q=\u_gate._6439_.IQ
Replacing miter_top.$flatten\u_gate.\_6023_.$auto$liberty.cc:270:create_ff$1317 ($_DFF_PN0_): CLK=\osc_clk, D=\u_gate._6022_.IQ, Q=\u_gate._6023_.IQ
Replacing miter_top.$flatten\u_gate.\_6126_.$auto$liberty.cc:270:create_ff$1317 ($_DFF_PN0_): CLK=\osc_clk, D=\u_gate._6125_.IQ, Q=\u_gate._6126_.IQ
Replacing miter_top.$flatten\u_gate.\_6020_.$auto$liberty.cc:270:create_ff$1317 ($_DFF_PN0_): CLK=\osc_clk, D=\u_gate._6019_.IQ, Q=\u_gate._6020_.IQ
Replacing miter_top.$flatten\u_gate.\_6319_.$auto$liberty.cc:270:create_ff$1317 ($_DFF_PN0_): CLK=\osc_clk, D=\u_gate._6191_.D, Q=\u_gate._6319_.IQ
Replacing miter_top.$flatten\u_gate.\_6444_.$auto$liberty.cc:270:create_ff$1317 ($_DFF_PN0_): CLK=\osc_clk, D=\u_gate._6188_.D, Q=\u_gate._6444_.IQ
Replacing miter_top.$flatten\u_gate.\_6017_.$auto$liberty.cc:270:create_ff$1317 ($_DFF_PN0_): CLK=\osc_clk, D=\u_gate._6016_.IQ, Q=\u_gate._6017_.IQ
Replacing miter_top.$flatten\u_gate.\_6123_.$auto$liberty.cc:270:create_ff$1317 ($_DFF_PN0_): CLK=\osc_clk, D=\u_gate._6122_.IQ, Q=\u_gate._6123_.IQ
Replacing miter_top.$flatten\u_gate.\_6014_.$auto$liberty.cc:270:create_ff$1317 ($_DFF_PN0_): CLK=\osc_clk, D=\u_gate._6013_.IQ, Q=\u_gate._6014_.IQ
Replacing miter_top.$flatten\u_gate.\_6448_.$auto$liberty.cc:270:create_ff$1317 ($_DFF_PN0_): CLK=\osc_clk, D=\u_gate._6192_.D, Q=\u_gate._6448_.IQ
Replacing miter_top.$flatten\u_gate.\_6121_.$auto$liberty.cc:270:create_ff$1317 ($_DFF_PN0_): CLK=\osc_clk, D=\u_gate._6120_.IQ, Q=\u_gate._6121_.IQ
Replacing miter_top.$flatten\u_gate.\_6011_.$auto$liberty.cc:270:create_ff$1317 ($_DFF_PN0_): CLK=\osc_clk, D=\u_gate._6010_.IQ, Q=\u_gate._6011_.IQ
Replacing miter_top.$flatten\u_gate.\_6008_.$auto$liberty.cc:270:create_ff$1317 ($_DFF_PN0_): CLK=\osc_clk, D=\u_gate._6007_.IQ, Q=\u_gate._6008_.IQ
Replacing miter_top.$flatten\u_gate.\_6118_.$auto$liberty.cc:270:create_ff$1317 ($_DFF_PN0_): CLK=\osc_clk, D=\u_gate._6117_.IQ, Q=\u_gate._6118_.IQ
Replacing miter_top.$flatten\u_gate.\_6453_.$auto$liberty.cc:270:create_ff$1317 ($_DFF_PN0_): CLK=\osc_clk, D=\u_gate._6197_.D, Q=\u_gate._6453_.IQ
Replacing miter_top.$flatten\u_gate.\_6005_.$auto$liberty.cc:270:create_ff$1317 ($_DFF_PN0_): CLK=\osc_clk, D=\u_gate._6004_.IQ, Q=\u_gate._6005_.IQ
Replacing miter_top.$flatten\u_gate.\_6002_.$auto$liberty.cc:270:create_ff$1317 ($_DFF_PN0_): CLK=\osc_clk, D=\u_gate._6001_.IQ, Q=\u_gate._6002_.IQ
Replacing miter_top.$flatten\u_gate.\_6457_.$auto$liberty.cc:270:create_ff$1317 ($_DFF_PN0_): CLK=\osc_clk, D=\u_gate._6201_.D, Q=\u_gate._6457_.IQ
Replacing miter_top.$flatten\u_gate.\_5999_.$auto$liberty.cc:270:create_ff$1317 ($_DFF_PN0_): CLK=\osc_clk, D=\u_gate._5998_.IQ, Q=\u_gate._5999_.IQ
Replacing miter_top.$flatten\u_gate.\_6373_.$auto$liberty.cc:270:create_ff$1317 ($_DFF_PN0_): CLK=\osc_clk, D=\u_gate._6245_.D, Q=\u_gate._6373_.IQ
Replacing miter_top.$flatten\u_gate.\_5996_.$auto$liberty.cc:270:create_ff$1317 ($_DFF_PN0_): CLK=\osc_clk, D=\u_gate._5995_.IQ, Q=\u_gate._5996_.IQ
Replacing miter_top.$flatten\u_gate.\_6462_.$auto$liberty.cc:270:create_ff$1317 ($_DFF_PN0_): CLK=\osc_clk, D=\u_gate._6206_.D, Q=\u_gate._6462_.IQ
Replacing miter_top.$flatten\u_gate.\_5993_.$auto$liberty.cc:270:create_ff$1317 ($_DFF_PN0_): CLK=\osc_clk, D=\u_gate._5992_.IQ, Q=\u_gate._5993_.IQ
Replacing miter_top.$flatten\u_gate.\_5990_.$auto$liberty.cc:270:create_ff$1317 ($_DFF_PN0_): CLK=\osc_clk, D=\u_gate._5989_.IQ, Q=\u_gate._5990_.IQ
Replacing miter_top.$flatten\u_gate.\_6466_.$auto$liberty.cc:270:create_ff$1317 ($_DFF_PN0_): CLK=\osc_clk, D=\u_gate._6210_.D, Q=\u_gate._6466_.IQ
Replacing miter_top.$flatten\u_gate.\_5987_.$auto$liberty.cc:270:create_ff$1317 ($_DFF_PN0_): CLK=\osc_clk, D=\u_gate._5986_.IQ, Q=\u_gate._5987_.IQ
Replacing miter_top.$flatten\u_gate.\_6378_.$auto$liberty.cc:270:create_ff$1317 ($_DFF_PN0_): CLK=\osc_clk, D=\u_gate._6250_.D, Q=\u_gate._6378_.IQ
Replacing miter_top.$flatten\u_gate.\_5984_.$auto$liberty.cc:270:create_ff$1317 ($_DFF_PN0_): CLK=\osc_clk, D=\u_gate._5983_.IQ, Q=\u_gate._5984_.IQ
Replacing miter_top.$flatten\u_gate.\_6379_.$auto$liberty.cc:270:create_ff$1317 ($_DFF_PN0_): CLK=\osc_clk, D=\u_gate._6251_.D, Q=\u_gate._6379_.IQ
Replacing miter_top.$flatten\u_gate.\_6471_.$auto$liberty.cc:270:create_ff$1317 ($_DFF_PN0_): CLK=\osc_clk, D=\u_gate._6215_.D, Q=\u_gate._6471_.IQ
Replacing miter_top.$flatten\u_gate.\_5981_.$auto$liberty.cc:270:create_ff$1317 ($_DFF_PN0_): CLK=\osc_clk, D=\u_gate._5980_.IQ, Q=\u_gate._5981_.IQ
Replacing miter_top.$flatten\u_gate.\_5978_.$auto$liberty.cc:270:create_ff$1317 ($_DFF_PN0_): CLK=\osc_clk, D=\u_gate._5977_.IQ, Q=\u_gate._5978_.IQ
Replacing miter_top.$flatten\u_gate.\_6475_.$auto$liberty.cc:270:create_ff$1317 ($_DFF_PN0_): CLK=\osc_clk, D=\u_gate._6219_.D, Q=\u_gate._6475_.IQ
Replacing miter_top.$flatten\u_gate.\_6171_.$auto$liberty.cc:270:create_ff$1317 ($_DFF_PN0_): CLK=\osc_clk, D=\u_gate._6171_.D, Q=\u_gate._6171_.IQ
Replacing miter_top.$flatten\u_gate.\_5975_.$auto$liberty.cc:270:create_ff$1317 ($_DFF_PN0_): CLK=\osc_clk, D=\u_gate._5974_.IQ, Q=\u_gate._5975_.IQ
Replacing miter_top.$flatten\u_gate.\_6099_.$auto$liberty.cc:270:create_ff$1317 ($_DFF_PN0_): CLK=\osc_clk, D=\u_gate._6098_.IQ, Q=\u_gate._6099_.IQ
Replacing miter_top.$flatten\u_gate.\_5972_.$auto$liberty.cc:270:create_ff$1317 ($_DFF_PN0_): CLK=\osc_clk, D=\u_gate._5971_.IQ, Q=\u_gate._5972_.IQ
Replacing miter_top.$flatten\u_gate.\_6384_.$auto$liberty.cc:270:create_ff$1317 ($_DFF_PN0_): CLK=\osc_clk, D=\u_gate._6256_.D, Q=\u_gate._6384_.IQ
Replacing miter_top.$flatten\u_gate.\_6480_.$auto$liberty.cc:270:create_ff$1317 ($_DFF_PN0_): CLK=\osc_clk, D=\u_gate._6224_.D, Q=\u_gate._6480_.IQ
Replacing miter_top.$flatten\u_gate.\_5969_.$auto$liberty.cc:270:create_ff$1317 ($_DFF_PN0_): CLK=\osc_clk, D=\u_gate._5968_.IQ, Q=\u_gate._5969_.IQ
Replacing miter_top.$flatten\u_gate.\_6096_.$auto$liberty.cc:270:create_ff$1317 ($_DFF_PN0_): CLK=\osc_clk, D=\u_gate._6095_.IQ, Q=\u_gate._6096_.IQ
Replacing miter_top.$flatten\u_gate.\_5966_.$auto$liberty.cc:270:create_ff$1317 ($_DFF_PN0_): CLK=\osc_clk, D=\u_gate._5965_.IQ, Q=\u_gate._5966_.IQ
Replacing miter_top.$flatten\u_gate.\_6484_.$auto$liberty.cc:270:create_ff$1317 ($_DFF_PN0_): CLK=\osc_clk, D=\u_gate._6228_.D, Q=\u_gate._6484_.IQ
Replacing miter_top.$flatten\u_gate.\_6094_.$auto$liberty.cc:270:create_ff$1317 ($_DFF_PN0_): CLK=\osc_clk, D=\u_gate._6093_.IQ, Q=\u_gate._6094_.IQ
Replacing miter_top.$flatten\u_gate.\_5963_.$auto$liberty.cc:270:create_ff$1317 ($_DFF_PN0_): CLK=\osc_clk, D=\u_gate._5962_.IQ, Q=\u_gate._5963_.IQ
Replacing miter_top.$flatten\u_gate.\_5960_.$auto$liberty.cc:270:create_ff$1317 ($_DFF_PN0_): CLK=\osc_clk, D=\u_gate._5959_.IQ, Q=\u_gate._5960_.IQ
Replacing miter_top.$flatten\u_gate.\_6091_.$auto$liberty.cc:270:create_ff$1317 ($_DFF_PN0_): CLK=\osc_clk, D=\u_gate._6090_.IQ, Q=\u_gate._6091_.IQ
Replacing miter_top.$flatten\u_gate.\_6489_.$auto$liberty.cc:270:create_ff$1317 ($_DFF_PN0_): CLK=\osc_clk, D=\u_gate._6233_.D, Q=\u_gate._6489_.IQ
Replacing miter_top.$flatten\u_gate.\_5957_.$auto$liberty.cc:270:create_ff$1317 ($_DFF_PN0_): CLK=\osc_clk, D=\u_gate._5956_.IQ, Q=\u_gate._5957_.IQ
Replacing miter_top.$flatten\u_gate.\_5954_.$auto$liberty.cc:270:create_ff$1317 ($_DFF_PN0_): CLK=\osc_clk, D=\u_gate._5953_.IQ, Q=\u_gate._5954_.IQ
Replacing miter_top.$flatten\u_gate.\_6493_.$auto$liberty.cc:270:create_ff$1317 ($_DFF_PN0_): CLK=\osc_clk, D=\u_gate._6237_.D, Q=\u_gate._6493_.IQ
Replacing miter_top.$flatten\u_gate.\_5951_.$auto$liberty.cc:270:create_ff$1317 ($_DFF_PN0_): CLK=\osc_clk, D=\u_gate._5950_.IQ, Q=\u_gate._5951_.IQ
Replacing miter_top.$flatten\u_gate.\_5948_.$auto$liberty.cc:270:create_ff$1317 ($_DFF_PN0_): CLK=\osc_clk, D=\u_gate._5947_.IQ, Q=\u_gate._5948_.IQ
Replacing miter_top.$flatten\u_gate.\_6498_.$auto$liberty.cc:270:create_ff$1317 ($_DFF_PN0_): CLK=\osc_clk, D=\u_gate._6242_.D, Q=\u_gate._6498_.IQ
Replacing miter_top.$flatten\u_gate.\_5945_.$auto$liberty.cc:270:create_ff$1317 ($_DFF_PN0_): CLK=\osc_clk, D=\u_gate._5944_.IQ, Q=\u_gate._5945_.IQ
Replacing miter_top.$flatten\u_gate.\_5942_.$auto$liberty.cc:270:create_ff$1317 ($_DFF_PN0_): CLK=\osc_clk, D=\u_gate._5941_.IQ, Q=\u_gate._5942_.IQ
Replacing miter_top.$flatten\u_gate.\_6502_.$auto$liberty.cc:270:create_ff$1317 ($_DFF_PN0_): CLK=\osc_clk, D=\u_gate._6246_.D, Q=\u_gate._6502_.IQ
Replacing miter_top.$flatten\u_gate.\_6397_.$auto$liberty.cc:270:create_ff$1317 ($_DFF_PN0_): CLK=\osc_clk, D=\u_gate._6269_.D, Q=\u_gate._6397_.IQ
Replacing miter_top.$flatten\u_gate.\_5939_.$auto$liberty.cc:270:create_ff$1317 ($_DFF_PN0_): CLK=\osc_clk, D=\u_gate._5938_.IQ, Q=\u_gate._5939_.IQ
Replacing miter_top.$flatten\u_gate.\_5936_.$auto$liberty.cc:270:create_ff$1317 ($_DFF_PN0_): CLK=\osc_clk, D=\u_gate._5935_.IQ, Q=\u_gate._5936_.IQ
Replacing miter_top.$flatten\u_gate.\_6507_.$auto$liberty.cc:270:create_ff$1317 ($_DFF_PN0_): CLK=\osc_clk, D=\u_gate._6251_.D, Q=\u_gate._6507_.IQ
Replacing miter_top.$flatten\u_gate.\_5933_.$auto$liberty.cc:270:create_ff$1317 ($_DFF_PN0_): CLK=\osc_clk, D=\u_gate._5932_.IQ, Q=\u_gate._5933_.IQ
Replacing miter_top.$flatten\u_gate.\_6157_.$auto$liberty.cc:270:create_ff$1317 ($_DFF_PN0_): CLK=\osc_clk, D=\u_gate._6156_.IQ, Q=\u_gate._6157_.IQ
Replacing miter_top.$flatten\u_gate.\_5930_.$auto$liberty.cc:270:create_ff$1317 ($_DFF_PN0_): CLK=\osc_clk, D=\u_gate._5929_.IQ, Q=\u_gate._5930_.IQ
Replacing miter_top.$flatten\u_gate.\_6511_.$auto$liberty.cc:270:create_ff$1317 ($_DFF_PN0_): CLK=\osc_clk, D=\u_gate._6255_.D, Q=\u_gate._6511_.IQ
Replacing miter_top.$flatten\u_gate.\_6402_.$auto$liberty.cc:270:create_ff$1317 ($_DFF_PN0_): CLK=\osc_clk, D=\u_gate._6274_.D, Q=\u_gate._6402_.IQ
Replacing miter_top.$flatten\u_gate.\_5927_.$auto$liberty.cc:270:create_ff$1317 ($_DFF_PN0_): CLK=\osc_clk, D=\u_gate._5926_.IQ, Q=\u_gate._5927_.IQ
Replacing miter_top.$flatten\u_gate.\_6072_.$auto$liberty.cc:270:create_ff$1317 ($_DFF_PN0_): CLK=\osc_clk, D=\u_gate._6071_.IQ, Q=\u_gate._6072_.IQ
Replacing miter_top.$flatten\u_gate.\_5924_.$auto$liberty.cc:270:create_ff$1317 ($_DFF_PN0_): CLK=\osc_clk, D=\u_gate._5923_.IQ, Q=\u_gate._5924_.IQ
Replacing miter_top.$flatten\u_gate.\_6516_.$auto$liberty.cc:270:create_ff$1317 ($_DFF_PN0_): CLK=\osc_clk, D=\u_gate._6260_.D, Q=\u_gate._6516_.IQ
Replacing miter_top.$flatten\u_gate.\_5921_.$auto$liberty.cc:270:create_ff$1317 ($_DFF_PN0_): CLK=\osc_clk, D=\u_gate._5920_.IQ, Q=\u_gate._5921_.IQ
Replacing miter_top.$flatten\u_gate.\_6069_.$auto$liberty.cc:270:create_ff$1317 ($_DFF_PN0_): CLK=\osc_clk, D=\u_gate._6068_.IQ, Q=\u_gate._6069_.IQ
Replacing miter_top.$flatten\u_gate.\_5918_.$auto$liberty.cc:270:create_ff$1317 ($_DFF_PN0_): CLK=\osc_clk, D=\u_gate._5917_.IQ, Q=\u_gate._5918_.IQ
Replacing miter_top.$flatten\u_gate.\_6520_.$auto$liberty.cc:270:create_ff$1317 ($_DFF_PN0_): CLK=\osc_clk, D=\u_gate._6264_.D, Q=\u_gate._6520_.IQ
Replacing miter_top.$flatten\u_gate.\_6067_.$auto$liberty.cc:270:create_ff$1317 ($_DFF_PN0_): CLK=\osc_clk, D=\u_gate._6066_.IQ, Q=\u_gate._6067_.IQ
Replacing miter_top.$flatten\u_gate.\_5915_.$auto$liberty.cc:270:create_ff$1317 ($_DFF_PN0_): CLK=\osc_clk, D=\u_gate._5914_.IQ, Q=\u_gate._5915_.IQ
Replacing miter_top.$flatten\u_gate.\_5912_.$auto$liberty.cc:270:create_ff$1317 ($_DFF_PN0_): CLK=\osc_clk, D=\u_gate._5911_.IQ, Q=\u_gate._5912_.IQ
Replacing miter_top.$flatten\u_gate.\_6064_.$auto$liberty.cc:270:create_ff$1317 ($_DFF_PN0_): CLK=\osc_clk, D=\u_gate._6063_.IQ, Q=\u_gate._6064_.IQ
Replacing miter_top.$flatten\u_gate.\_6525_.$auto$liberty.cc:270:create_ff$1317 ($_DFF_PN0_): CLK=\osc_clk, D=\u_gate._6269_.D, Q=\u_gate._6525_.IQ
Replacing miter_top.$flatten\u_gate.\_5909_.$auto$liberty.cc:270:create_ff$1317 ($_DFF_PN0_): CLK=\osc_clk, D=\u_gate._5908_.IQ, Q=\u_gate._5909_.IQ
Replacing miter_top.$flatten\u_gate.\_5906_.$auto$liberty.cc:270:create_ff$1317 ($_DFF_PN0_): CLK=\osc_clk, D=\u_gate._5906_.D, Q=\u_gate._5906_.IQ
Replacing miter_top.$flatten\u_gate.\_6529_.$auto$liberty.cc:270:create_ff$1317 ($_DFF_PN0_): CLK=\osc_clk, D=\u_gate._6273_.D, Q=\u_gate._6529_.IQ
Replacing miter_top.$flatten\u_gate.\_5903_.$auto$liberty.cc:270:create_ff$1317 ($_DFF_PN0_): CLK=\osc_clk, D=\u_gate._4706_.B2, Q=\u_gate._5903_.IQ
Replacing miter_top.$flatten\u_gate.\_5900_.$auto$liberty.cc:270:create_ff$1317 ($_DFF_PN0_): CLK=\osc_clk, D=\u_gate._5676_.IQ, Q=\u_gate._5900_.IQ
Replacing miter_top.$flatten\u_gate.\_6534_.$auto$liberty.cc:270:create_ff$1317 ($_DFF_PN0_): CLK=\osc_clk, D=\u_gate._6278_.D, Q=\u_gate._6534_.IQ
Replacing miter_top.$flatten\u_gate.\_5897_.$auto$liberty.cc:270:create_ff$1317 ($_DFF_PN0_): CLK=\osc_clk, D=\u_gate._5675_.IQ, Q=\u_gate._5897_.IQ
Replacing miter_top.$flatten\u_gate.\_5894_.$auto$liberty.cc:270:create_ff$1317 ($_DFF_PN0_): CLK=\osc_clk, D=\u_gate._5872_.D, Q=\u_gate._5894_.IQ
Replacing miter_top.$flatten\u_gate.\_6538_.$auto$liberty.cc:270:create_ff$1317 ($_DFF_PN0_): CLK=\osc_clk, D=\u_gate._6282_.D, Q=\u_gate._6538_.IQ
Replacing miter_top.$flatten\u_gate.\_5891_.$auto$liberty.cc:270:create_ff$1317 ($_DFF_PN0_): CLK=\osc_clk, D=\u_gate._5869_.D, Q=\u_gate._5891_.IQ
Replacing miter_top.$flatten\u_gate.\_6195_.$auto$liberty.cc:270:create_ff$1317 ($_DFF_PN0_): CLK=\osc_clk, D=\u_gate._6195_.D, Q=\u_gate._6195_.IQ
Replacing miter_top.$flatten\u_gate.\_5888_.$auto$liberty.cc:270:create_ff$1317 ($_DFF_PN0_): CLK=\osc_clk, D=\u_gate._5866_.D, Q=\u_gate._5888_.IQ
Replacing miter_top.$flatten\u_gate.\_6543_.$auto$liberty.cc:270:create_ff$1317 ($_DFF_PN0_): CLK=\osc_clk, D=\u_gate._6287_.D, Q=\u_gate._6543_.IQ
Replacing miter_top.$flatten\u_gate.\_5885_.$auto$liberty.cc:270:create_ff$1317 ($_DFF_PN0_): CLK=\osc_clk, D=\u_gate._5874_.D, Q=\u_gate._5885_.IQ
Replacing miter_top.$flatten\u_gate.\_6351_.$auto$liberty.cc:270:create_ff$1317 ($_DFF_PN0_): CLK=\osc_clk, D=\u_gate._6223_.D, Q=\u_gate._6351_.IQ
Replacing miter_top.$flatten\u_gate.\_5882_.$auto$liberty.cc:270:create_ff$1317 ($_DFF_PN0_): CLK=\osc_clk, D=\u_gate._5871_.D, Q=\u_gate._5882_.IQ
Replacing miter_top.$flatten\u_gate.\_6547_.$auto$liberty.cc:270:create_ff$1317 ($_DFF_PN0_): CLK=\osc_clk, D=\u_gate._6547_.D, Q=\u_gate._6547_.IQ
Replacing miter_top.$flatten\u_gate.\_5879_.$auto$liberty.cc:270:create_ff$1317 ($_DFF_PN0_): CLK=\osc_clk, D=\u_gate._5868_.D, Q=\u_gate._5879_.IQ
Replacing miter_top.$flatten\u_gate.\_6045_.$auto$liberty.cc:270:create_ff$1317 ($_DFF_PN0_): CLK=\osc_clk, D=\u_gate._6044_.IQ, Q=\u_gate._6045_.IQ
Replacing miter_top.$flatten\u_gate.\_5876_.$auto$liberty.cc:270:create_ff$1317 ($_DFF_PN0_): CLK=\osc_clk, D=\u_gate._5865_.D, Q=\u_gate._5876_.IQ
Replacing miter_top.$flatten\u_gate.\_6139_.$auto$liberty.cc:270:create_ff$1317 ($_DFF_PN0_): CLK=\osc_clk, D=\u_gate._6138_.IQ, Q=\u_gate._6139_.IQ
Replacing miter_top.$flatten\u_gate.\_6552_.$auto$liberty.cc:270:create_ff$1317 ($_DFF_PN0_): CLK=\osc_clk, D=\u_gate._6552_.D, Q=\u_gate._6552_.IQ
Replacing miter_top.$flatten\u_gate.\_5873_.$auto$liberty.cc:270:create_ff$1317 ($_DFF_PN0_): CLK=\osc_clk, D=\u_gate._5873_.D, Q=\u_gate._5873_.IQ
Replacing miter_top.$flatten\u_gate.\_5872_.$auto$liberty.cc:270:create_ff$1317 ($_DFF_PN0_): CLK=\osc_clk, D=\u_gate._5872_.D, Q=\u_gate._5872_.IQ
Replacing miter_top.$flatten\u_gate.\_6042_.$auto$liberty.cc:270:create_ff$1317 ($_DFF_PN0_): CLK=\osc_clk, D=\u_gate._6041_.IQ, Q=\u_gate._6042_.IQ
Replacing miter_top.$flatten\u_gate.\_5871_.$auto$liberty.cc:270:create_ff$1317 ($_DFF_PN0_): CLK=\osc_clk, D=\u_gate._5871_.D, Q=\u_gate._5871_.IQ
Replacing miter_top.$flatten\u_gate.\_5870_.$auto$liberty.cc:270:create_ff$1317 ($_DFF_PN0_): CLK=\osc_clk, D=\u_gate._5870_.D, Q=\u_gate._5870_.IQ
Replacing miter_top.$flatten\u_gate.\_6555_.$auto$liberty.cc:270:create_ff$1317 ($_DFF_PN0_): CLK=\osc_clk, D=\u_gate._6555_.D, Q=\u_gate._6555_.IQ
Replacing miter_top.$flatten\u_gate.\_5869_.$auto$liberty.cc:270:create_ff$1317 ($_DFF_PN0_): CLK=\osc_clk, D=\u_gate._5869_.D, Q=\u_gate._5869_.IQ
Replacing miter_top.$flatten\u_gate.\_6427_.$auto$liberty.cc:270:create_ff$1317 ($_DFF_PN0_): CLK=\osc_clk, D=\u_gate._6171_.D, Q=\u_gate._6427_.IQ
Replacing miter_top.$flatten\u_gate.\_6556_.$auto$liberty.cc:270:create_ff$1317 ($_DFF_PN0_): CLK=\osc_clk, D=\u_gate._6556_.D, Q=\u_gate._6556_.IQ
Replacing miter_top.$flatten\u_gate.\_5868_.$auto$liberty.cc:270:create_ff$1317 ($_DFF_PN0_): CLK=\osc_clk, D=\u_gate._5868_.D, Q=\u_gate._5868_.IQ
Replacing miter_top.$flatten\u_gate.\_6040_.$auto$liberty.cc:270:create_ff$1317 ($_DFF_PN0_): CLK=\osc_clk, D=\u_gate._6039_.IQ, Q=\u_gate._6040_.IQ
Replacing miter_top.$flatten\u_gate.\_5867_.$auto$liberty.cc:270:create_ff$1317 ($_DFF_PN0_): CLK=\osc_clk, D=\u_gate._5867_.D, Q=\u_gate._5867_.IQ
Replacing miter_top.$flatten\u_gate.\_5866_.$auto$liberty.cc:270:create_ff$1317 ($_DFF_PN0_): CLK=\osc_clk, D=\u_gate._5866_.D, Q=\u_gate._5866_.IQ
Replacing miter_top.$flatten\u_gate.\_6558_.$auto$liberty.cc:270:create_ff$1317 ($_DFF_PN0_): CLK=\osc_clk, D=\u_gate._6558_.D, Q=\u_gate._6558_.IQ
Replacing miter_top.$flatten\u_gate.\_5865_.$auto$liberty.cc:270:create_ff$1317 ($_DFF_PN0_): CLK=\osc_clk, D=\u_gate._5865_.D, Q=\u_gate._5865_.IQ
Replacing miter_top.$flatten\u_gate.\_6559_.$auto$liberty.cc:270:create_ff$1317 ($_DFF_PN0_): CLK=\osc_clk, D=\u_gate._6559_.D, Q=\u_gate._6559_.IQ
Replacing miter_top.$flatten\u_gate.\_5864_.$auto$liberty.cc:270:create_ff$1317 ($_DFF_PN0_): CLK=\osc_clk, D=\u_gate._5864_.D, Q=\u_gate._5864_.IQ
Replacing miter_top.$flatten\u_gate.\_5559_.$auto$liberty.cc:270:create_ff$1317 ($_DFF_PN0_): CLK=\osc_clk, D=\u_gate._5559_.D, Q=\u_gate._5559_.IQ
Replacing miter_top.$flatten\u_gate.\_5560_.$auto$liberty.cc:270:create_ff$1317 ($_DFF_PN0_): CLK=\osc_clk, D=\u_gate._5560_.D, Q=\u_gate._5560_.IQ
Replacing miter_top.$flatten\u_gate.\_5561_.$auto$liberty.cc:270:create_ff$1317 ($_DFF_PN0_): CLK=\osc_clk, D=\u_gate._5561_.D, Q=\u_gate._5561_.IQ
Replacing miter_top.$flatten\u_gate.\_5562_.$auto$liberty.cc:270:create_ff$1317 ($_DFF_PN0_): CLK=\osc_clk, D=\u_gate._5562_.D, Q=\u_gate._5562_.IQ
Replacing miter_top.$flatten\u_gate.\_5563_.$auto$liberty.cc:270:create_ff$1317 ($_DFF_PN0_): CLK=\osc_clk, D=\u_gate._5563_.D, Q=\u_gate._5563_.IQ
Replacing miter_top.$flatten\u_gate.\_5564_.$auto$liberty.cc:270:create_ff$1317 ($_DFF_PN0_): CLK=\osc_clk, D=\u_gate._5564_.D, Q=\u_gate._5564_.IQ
Replacing miter_top.$flatten\u_gate.\_5565_.$auto$liberty.cc:270:create_ff$1317 ($_DFF_PN0_): CLK=\osc_clk, D=\u_gate._5565_.D, Q=\u_gate._5565_.IQ
Replacing miter_top.$flatten\u_gate.\_5566_.$auto$liberty.cc:270:create_ff$1317 ($_DFF_PN0_): CLK=\osc_clk, D=\u_gate._5566_.D, Q=\u_gate._5566_.IQ
Replacing miter_top.$flatten\u_gate.\_5567_.$auto$liberty.cc:270:create_ff$1317 ($_DFF_PN0_): CLK=\osc_clk, D=\u_gate._5567_.D, Q=\u_gate._5567_.IQ
Replacing miter_top.$flatten\u_gate.\_5568_.$auto$liberty.cc:270:create_ff$1317 ($_DFF_PN0_): CLK=\osc_clk, D=\u_gate._5568_.D, Q=\u_gate._5568_.IQ
Replacing miter_top.$flatten\u_gate.\_5569_.$auto$liberty.cc:270:create_ff$1317 ($_DFF_PN0_): CLK=\osc_clk, D=\u_gate._5569_.D, Q=\u_gate._5569_.IQ
Replacing miter_top.$flatten\u_gate.\_6780_.$auto$liberty.cc:270:create_ff$1317 ($_DFF_PN0_): CLK=\osc_clk, D=\u_gate._6779_.IQ, Q=\u_gate._6780_.IQ
Replacing miter_top.$flatten\u_gate.\_5570_.$auto$liberty.cc:270:create_ff$1317 ($_DFF_PN0_): CLK=\osc_clk, D=\u_gate._5570_.D, Q=\u_gate._5570_.IQ
Replacing miter_top.$flatten\u_gate.\_5571_.$auto$liberty.cc:270:create_ff$1317 ($_DFF_PN0_): CLK=\osc_clk, D=\u_gate._5571_.D, Q=\u_gate._5571_.IQ
Replacing miter_top.$flatten\u_gate.\_5572_.$auto$liberty.cc:270:create_ff$1317 ($_DFF_PN0_): CLK=\osc_clk, D=\u_gate._5572_.D, Q=\u_gate._5572_.IQ
Replacing miter_top.$flatten\u_gate.\_6778_.$auto$liberty.cc:270:create_ff$1317 ($_DFF_PN0_): CLK=\osc_clk, D=1'1, Q=\u_gate._6778_.IQ
Replacing miter_top.$flatten\u_gate.\_5874_.$auto$liberty.cc:270:create_ff$1317 ($_DFF_PN0_): CLK=\osc_clk, D=\u_gate._5874_.D, Q=\u_gate._5874_.IQ
Replacing miter_top.$flatten\u_gate.\_5573_.$auto$liberty.cc:270:create_ff$1317 ($_DFF_PN0_): CLK=\osc_clk, D=\u_gate._5573_.D, Q=\u_gate._5573_.IQ
Replacing miter_top.$flatten\u_gate.\_6777_.$auto$liberty.cc:270:create_ff$1317 ($_DFF_PN0_): CLK=\osc_clk, D=\u_gate._6776_.IQ, Q=\u_gate._6777_.IQ
Replacing miter_top.$flatten\u_gate.\_5574_.$auto$liberty.cc:270:create_ff$1317 ($_DFF_PN0_): CLK=\osc_clk, D=\u_gate._5574_.D, Q=\u_gate._5574_.IQ
Replacing miter_top.$flatten\u_gate.\_5875_.$auto$liberty.cc:270:create_ff$1317 ($_DFF_PN0_): CLK=\osc_clk, D=\u_gate._5864_.D, Q=\u_gate._5875_.IQ
Replacing miter_top.$flatten\u_gate.\_5575_.$auto$liberty.cc:270:create_ff$1317 ($_DFF_PN0_): CLK=\osc_clk, D=\u_gate._5575_.D, Q=\u_gate._5575_.IQ
Replacing miter_top.$flatten\u_gate.\_6424_.$auto$liberty.cc:270:create_ff$1317 ($_DFF_PN0_): CLK=\osc_clk, D=\u_gate._6168_.D, Q=\u_gate._6424_.IQ
Replacing miter_top.$flatten\u_gate.\_5576_.$auto$liberty.cc:270:create_ff$1317 ($_DFF_PN0_): CLK=\osc_clk, D=\u_gate._5576_.D, Q=\u_gate._5576_.IQ
Replacing miter_top.$flatten\u_gate.\_6775_.$auto$liberty.cc:270:create_ff$1317 ($_DFF_PN0_): CLK=\osc_clk, D=\u_gate._6774_.IQ, Q=\u_gate._6775_.IQ
Replacing miter_top.$flatten\u_gate.\_5577_.$auto$liberty.cc:270:create_ff$1317 ($_DFF_PN0_): CLK=\osc_clk, D=\u_gate._5577_.D, Q=\u_gate._5577_.IQ
Replacing miter_top.$flatten\u_gate.\_6774_.$auto$liberty.cc:270:create_ff$1317 ($_DFF_PN0_): CLK=\osc_clk, D=\u_gate._6773_.IQ, Q=\u_gate._6774_.IQ
Replacing miter_top.$flatten\u_gate.\_5578_.$auto$liberty.cc:270:create_ff$1317 ($_DFF_PN0_): CLK=\osc_clk, D=\u_gate._5578_.D, Q=\u_gate._5578_.IQ
Replacing miter_top.$flatten\u_gate.\_5579_.$auto$liberty.cc:270:create_ff$1317 ($_DFF_PN0_): CLK=\osc_clk, D=\u_gate._5579_.D, Q=\u_gate._5579_.IQ
Replacing miter_top.$flatten\u_gate.\_6549_.$auto$liberty.cc:270:create_ff$1317 ($_DFF_PN0_): CLK=\osc_clk, D=\u_gate._6549_.D, Q=\u_gate._6549_.IQ
Replacing miter_top.$flatten\u_gate.\_5878_.$auto$liberty.cc:270:create_ff$1317 ($_DFF_PN0_): CLK=\osc_clk, D=\u_gate._5867_.D, Q=\u_gate._5878_.IQ
Replacing miter_top.$flatten\u_gate.\_5580_.$auto$liberty.cc:270:create_ff$1317 ($_DFF_PN0_): CLK=\osc_clk, D=\u_gate._5580_.D, Q=\u_gate._5580_.IQ
Replacing miter_top.$flatten\u_gate.\_6772_.$auto$liberty.cc:270:create_ff$1317 ($_DFF_PN0_): CLK=\osc_clk, D=\u_gate._6771_.IQ, Q=\u_gate._6772_.IQ
Replacing miter_top.$flatten\u_gate.\_6046_.$auto$liberty.cc:270:create_ff$1317 ($_DFF_PN0_): CLK=\osc_clk, D=\u_gate._6045_.IQ, Q=\u_gate._6046_.IQ
Replacing miter_top.$flatten\u_gate.\_5581_.$auto$liberty.cc:270:create_ff$1317 ($_DFF_PN0_): CLK=\osc_clk, D=\u_gate._5581_.D, Q=\u_gate._5581_.IQ
Replacing miter_top.$flatten\u_gate.\_6771_.$auto$liberty.cc:270:create_ff$1317 ($_DFF_PN0_): CLK=\osc_clk, D=\u_gate._6766_.IQ, Q=\u_gate._6771_.IQ
Replacing miter_top.$flatten\u_gate.\_5582_.$auto$liberty.cc:270:create_ff$1317 ($_DFF_PN0_): CLK=\osc_clk, D=\u_gate._5582_.D, Q=\u_gate._5582_.IQ
Replacing miter_top.$flatten\u_gate.\_6352_.$auto$liberty.cc:270:create_ff$1317 ($_DFF_PN0_): CLK=\osc_clk, D=\u_gate._6224_.D, Q=\u_gate._6352_.IQ
Replacing miter_top.$flatten\u_gate.\_5583_.$auto$liberty.cc:270:create_ff$1317 ($_DFF_PN0_): CLK=\osc_clk, D=\u_gate._5583_.D, Q=\u_gate._5583_.IQ
Replacing miter_top.$flatten\u_gate.\_5880_.$auto$liberty.cc:270:create_ff$1317 ($_DFF_PN0_): CLK=\osc_clk, D=\u_gate._5869_.D, Q=\u_gate._5880_.IQ
Replacing miter_top.$flatten\u_gate.\_5584_.$auto$liberty.cc:270:create_ff$1317 ($_DFF_PN0_): CLK=\osc_clk, D=\u_gate._5584_.D, Q=\u_gate._5584_.IQ
Replacing miter_top.$flatten\u_gate.\_6769_.$auto$liberty.cc:270:create_ff$1317 ($_DFF_PN0_): CLK=\osc_clk, D=1'1, Q=\u_gate._6769_.IQ
Replacing miter_top.$flatten\u_gate.\_5585_.$auto$liberty.cc:270:create_ff$1317 ($_DFF_PN0_): CLK=\osc_clk, D=\u_gate._5585_.D, Q=\u_gate._5585_.IQ
Replacing miter_top.$flatten\u_gate.\_6768_.$auto$liberty.cc:270:create_ff$1317 ($_DFF_PN0_): CLK=\osc_clk, D=\u_gate._6769_.IQ, Q=\u_gate._6768_.IQ
Replacing miter_top.$flatten\u_gate.\_5586_.$auto$liberty.cc:270:create_ff$1317 ($_DFF_PN0_): CLK=\osc_clk, D=\u_gate._5586_.D, Q=\u_gate._5586_.IQ
Replacing miter_top.$flatten\u_gate.\_6546_.$auto$liberty.cc:270:create_ff$1317 ($_DFF_PN0_): CLK=\osc_clk, D=\u_gate._6546_.D, Q=\u_gate._6546_.IQ
Replacing miter_top.$flatten\u_gate.\_5587_.$auto$liberty.cc:270:create_ff$1317 ($_DFF_PN0_): CLK=\osc_clk, D=\u_gate._5587_.D, Q=\u_gate._5587_.IQ
Replacing miter_top.$flatten\u_gate.\_5588_.$auto$liberty.cc:270:create_ff$1317 ($_DFF_PN0_): CLK=\osc_clk, D=\u_gate._5588_.D, Q=\u_gate._5588_.IQ
Replacing miter_top.$flatten\u_gate.\_6766_.$auto$liberty.cc:270:create_ff$1317 ($_DFF_PN0_): CLK=\osc_clk, D=\u_gate._6765_.IQ, Q=\u_gate._6766_.IQ
Replacing miter_top.$flatten\u_gate.\_5883_.$auto$liberty.cc:270:create_ff$1317 ($_DFF_PN0_): CLK=\osc_clk, D=\u_gate._5872_.D, Q=\u_gate._5883_.IQ
Replacing miter_top.$flatten\u_gate.\_5589_.$auto$liberty.cc:270:create_ff$1317 ($_DFF_PN0_): CLK=\osc_clk, D=\u_gate._5589_.D, Q=\u_gate._5589_.IQ
Replacing miter_top.$flatten\u_gate.\_6765_.$auto$liberty.cc:270:create_ff$1317 ($_DFF_PN0_): CLK=\osc_clk, D=\en, Q=\u_gate._6765_.IQ
Replacing miter_top.$flatten\u_gate.\_5590_.$auto$liberty.cc:270:create_ff$1317 ($_DFF_PN0_): CLK=\osc_clk, D=\u_gate._5590_.D, Q=\u_gate._5590_.IQ
Replacing miter_top.$flatten\u_gate.\_5884_.$auto$liberty.cc:270:create_ff$1317 ($_DFF_PN0_): CLK=\osc_clk, D=\u_gate._5873_.D, Q=\u_gate._5884_.IQ
Replacing miter_top.$flatten\u_gate.\_5591_.$auto$liberty.cc:270:create_ff$1317 ($_DFF_PN0_): CLK=\osc_clk, D=\u_gate._5591_.D, Q=\u_gate._5591_.IQ
Replacing miter_top.$flatten\u_gate.\_6544_.$auto$liberty.cc:270:create_ff$1317 ($_DFF_PN0_): CLK=\osc_clk, D=\u_gate._6288_.D, Q=\u_gate._6544_.IQ
Replacing miter_top.$flatten\u_gate.\_5592_.$auto$liberty.cc:270:create_ff$1317 ($_DFF_PN0_): CLK=\osc_clk, D=\u_gate._5592_.D, Q=\u_gate._5592_.IQ
Replacing miter_top.$flatten\u_gate.\_6763_.$auto$liberty.cc:270:create_ff$1317 ($_DFF_PN0_): CLK=\osc_clk, D=\u_gate._5732_.IQ, Q=\u_gate._6763_.IQ
Replacing miter_top.$flatten\u_gate.\_5593_.$auto$liberty.cc:270:create_ff$1317 ($_DFF_PN0_): CLK=\osc_clk, D=\u_gate._5593_.D, Q=\u_gate._5593_.IQ
Replacing miter_top.$flatten\u_gate.\_6762_.$auto$liberty.cc:270:create_ff$1317 ($_DFF_PN0_): CLK=\osc_clk, D=\u_gate._6761_.IQ, Q=\u_gate._6762_.IQ
Replacing miter_top.$flatten\u_gate.\_5594_.$auto$liberty.cc:270:create_ff$1317 ($_DFF_PN0_): CLK=\osc_clk, D=\u_gate._5594_.D, Q=\u_gate._5594_.IQ
Replacing miter_top.$flatten\u_gate.\_5595_.$auto$liberty.cc:270:create_ff$1317 ($_DFF_PN0_): CLK=\osc_clk, D=\u_gate._5595_.D, Q=\u_gate._5595_.IQ
Replacing miter_top.$flatten\u_gate.\_5887_.$auto$liberty.cc:270:create_ff$1317 ($_DFF_PN0_): CLK=\osc_clk, D=\u_gate._5865_.D, Q=\u_gate._5887_.IQ
Replacing miter_top.$flatten\u_gate.\_5596_.$auto$liberty.cc:270:create_ff$1317 ($_DFF_PN0_): CLK=\osc_clk, D=\u_gate._5596_.D, Q=\u_gate._5596_.IQ
Replacing miter_top.$flatten\u_gate.\_6760_.$auto$liberty.cc:270:create_ff$1317 ($_DFF_PN0_): CLK=\osc_clk, D=\u_gate._6759_.IQ, Q=\u_gate._6760_.IQ
Replacing miter_top.$flatten\u_gate.\_6051_.$auto$liberty.cc:270:create_ff$1317 ($_DFF_PN0_): CLK=\osc_clk, D=\u_gate._6050_.IQ, Q=\u_gate._6051_.IQ
Replacing miter_top.$flatten\u_gate.\_5597_.$auto$liberty.cc:270:create_ff$1317 ($_DFF_PN0_): CLK=\osc_clk, D=\u_gate._5597_.D, Q=\u_gate._5597_.IQ
Replacing miter_top.$flatten\u_gate.\_6759_.$auto$liberty.cc:270:create_ff$1317 ($_DFF_PN0_): CLK=\osc_clk, D=\sclk, Q=\u_gate._6759_.IQ
Replacing miter_top.$flatten\u_gate.\_5598_.$auto$liberty.cc:270:create_ff$1317 ($_DFF_PN0_): CLK=\osc_clk, D=\u_gate._5598_.D, Q=\u_gate._5598_.IQ
Replacing miter_top.$flatten\u_gate.\_6541_.$auto$liberty.cc:270:create_ff$1317 ($_DFF_PN0_): CLK=\osc_clk, D=\u_gate._6285_.D, Q=\u_gate._6541_.IQ
Replacing miter_top.$flatten\u_gate.\_5599_.$auto$liberty.cc:270:create_ff$1317 ($_DFF_PN0_): CLK=\osc_clk, D=\u_gate._5599_.D, Q=\u_gate._5599_.IQ
Replacing miter_top.$flatten\u_gate.\_5889_.$auto$liberty.cc:270:create_ff$1317 ($_DFF_PN0_): CLK=\osc_clk, D=\u_gate._5867_.D, Q=\u_gate._5889_.IQ
Replacing miter_top.$flatten\u_gate.\_5600_.$auto$liberty.cc:270:create_ff$1317 ($_DFF_PN0_): CLK=\osc_clk, D=\u_gate._5600_.D, Q=\u_gate._5600_.IQ
Replacing miter_top.$flatten\u_gate.\_6757_.$auto$liberty.cc:270:create_ff$1317 ($_DFF_PN0_): CLK=\sclk, D=\u_gate._6757_.D, Q=\u_gate._6757_.IQ
Replacing miter_top.$flatten\u_gate.\_6540_.$auto$liberty.cc:270:create_ff$1317 ($_DFF_PN0_): CLK=\osc_clk, D=\u_gate._6284_.D, Q=\u_gate._6540_.IQ
Replacing miter_top.$flatten\u_gate.\_5601_.$auto$liberty.cc:270:create_ff$1317 ($_DFF_PN0_): CLK=\osc_clk, D=\u_gate._5601_.D, Q=\u_gate._5601_.IQ
Replacing miter_top.$flatten\u_gate.\_6756_.$auto$liberty.cc:270:create_ff$1317 ($_DFF_PN0_): CLK=\sclk, D=\u_gate._6756_.D, Q=\u_gate._6756_.IQ
Replacing miter_top.$flatten\u_gate.\_5602_.$auto$liberty.cc:270:create_ff$1317 ($_DFF_PN0_): CLK=\osc_clk, D=\u_gate._5602_.D, Q=\u_gate._5602_.IQ
Replacing miter_top.$flatten\u_gate.\_5603_.$auto$liberty.cc:270:create_ff$1317 ($_DFF_PN0_): CLK=\osc_clk, D=\u_gate._5603_.D, Q=\u_gate._5603_.IQ
Replacing miter_top.$flatten\u_gate.\_5604_.$auto$liberty.cc:270:create_ff$1317 ($_DFF_PN0_): CLK=\osc_clk, D=\u_gate._5604_.D, Q=\u_gate._5604_.IQ
Replacing miter_top.$flatten\u_gate.\_6754_.$auto$liberty.cc:270:create_ff$1317 ($_DFF_PN0_): CLK=\sclk, D=\u_gate._6754_.D, Q=\u_gate._6754_.IQ
Replacing miter_top.$flatten\u_gate.\_5892_.$auto$liberty.cc:270:create_ff$1317 ($_DFF_PN0_): CLK=\osc_clk, D=\u_gate._5870_.D, Q=\u_gate._5892_.IQ
Replacing miter_top.$flatten\u_gate.\_5605_.$auto$liberty.cc:270:create_ff$1317 ($_DFF_PN0_): CLK=\osc_clk, D=\u_gate._5605_.D, Q=\u_gate._5605_.IQ
Replacing miter_top.$flatten\u_gate.\_6753_.$auto$liberty.cc:270:create_ff$1317 ($_DFF_PN0_): CLK=\sclk, D=\u_gate._6752_.IQ, Q=\u_gate._6753_.IQ
Replacing miter_top.$flatten\u_gate.\_5606_.$auto$liberty.cc:270:create_ff$1317 ($_DFF_PN0_): CLK=\osc_clk, D=\u_gate._5606_.D, Q=\u_gate._5606_.IQ
Replacing miter_top.$flatten\u_gate.\_5893_.$auto$liberty.cc:270:create_ff$1317 ($_DFF_PN0_): CLK=\osc_clk, D=\u_gate._5871_.D, Q=\u_gate._5893_.IQ
Replacing miter_top.$flatten\u_gate.\_5607_.$auto$liberty.cc:270:create_ff$1317 ($_DFF_PN0_): CLK=\osc_clk, D=\u_gate._5607_.D, Q=\u_gate._5607_.IQ
Replacing miter_top.$flatten\u_gate.\_6537_.$auto$liberty.cc:270:create_ff$1317 ($_DFF_PN0_): CLK=\osc_clk, D=\u_gate._6281_.D, Q=\u_gate._6537_.IQ
Replacing miter_top.$flatten\u_gate.\_5608_.$auto$liberty.cc:270:create_ff$1317 ($_DFF_PN0_): CLK=\osc_clk, D=\u_gate._5608_.D, Q=\u_gate._5608_.IQ
Replacing miter_top.$flatten\u_gate.\_6751_.$auto$liberty.cc:270:create_ff$1317 ($_DFF_PN0_): CLK=\sclk, D=\u_gate._6750_.IQ, Q=\u_gate._6751_.IQ
Replacing miter_top.$flatten\u_gate.\_5609_.$auto$liberty.cc:270:create_ff$1317 ($_DFF_PN0_): CLK=\osc_clk, D=\u_gate._5609_.D, Q=\u_gate._5609_.IQ
Replacing miter_top.$flatten\u_gate.\_6750_.$auto$liberty.cc:270:create_ff$1317 ($_DFF_PN0_): CLK=\sclk, D=\u_gate._6749_.IQ, Q=\u_gate._6750_.IQ
Replacing miter_top.$flatten\u_gate.\_5610_.$auto$liberty.cc:270:create_ff$1317 ($_DFF_PN0_): CLK=\osc_clk, D=\u_gate._5610_.D, Q=\u_gate._5610_.IQ
Replacing miter_top.$flatten\u_gate.\_5611_.$auto$liberty.cc:270:create_ff$1317 ($_DFF_PN0_): CLK=\osc_clk, D=\u_gate._5611_.D, Q=\u_gate._5611_.IQ
Replacing miter_top.$flatten\u_gate.\_6348_.$auto$liberty.cc:270:create_ff$1317 ($_DFF_PN0_): CLK=\osc_clk, D=\u_gate._6220_.D, Q=\u_gate._6348_.IQ
Replacing miter_top.$flatten\u_gate.\_5896_.$auto$liberty.cc:270:create_ff$1317 ($_DFF_PN0_): CLK=\osc_clk, D=\u_gate._5874_.D, Q=\u_gate._5896_.IQ
Replacing miter_top.$flatten\u_gate.\_5612_.$auto$liberty.cc:270:create_ff$1317 ($_DFF_PN0_): CLK=\osc_clk, D=\u_gate._5612_.D, Q=\u_gate._5612_.IQ
Replacing miter_top.$flatten\u_gate.\_6748_.$auto$liberty.cc:270:create_ff$1317 ($_DFF_PN0_): CLK=\sclk, D=\u_gate._6747_.IQ, Q=\u_gate._6748_.IQ
Replacing miter_top.$flatten\u_gate.\_6535_.$auto$liberty.cc:270:create_ff$1317 ($_DFF_PN0_): CLK=\osc_clk, D=\u_gate._6279_.D, Q=\u_gate._6535_.IQ
Replacing miter_top.$flatten\u_gate.\_5613_.$auto$liberty.cc:270:create_ff$1317 ($_DFF_PN0_): CLK=\osc_clk, D=\u_gate._5613_.D, Q=\u_gate._5613_.IQ
Replacing miter_top.$flatten\u_gate.\_6747_.$auto$liberty.cc:270:create_ff$1317 ($_DFF_PN0_): CLK=\sclk, D=\sdi, Q=\u_gate._6747_.IQ
Replacing miter_top.$flatten\u_gate.\_5614_.$auto$liberty.cc:270:create_ff$1317 ($_DFF_PN0_): CLK=\osc_clk, D=\u_gate._5614_.D, Q=\u_gate._5614_.IQ
Replacing miter_top.$flatten\u_gate.\_5615_.$auto$liberty.cc:270:create_ff$1317 ($_DFF_PN0_): CLK=\osc_clk, D=\u_gate._5615_.D, Q=\u_gate._5615_.IQ
Replacing miter_top.$flatten\u_gate.\_5898_.$auto$liberty.cc:270:create_ff$1317 ($_DFF_PN0_): CLK=\osc_clk, D=\u_gate._5676_.IQ, Q=\u_gate._5898_.IQ
Replacing miter_top.$flatten\u_gate.\_5616_.$auto$liberty.cc:270:create_ff$1317 ($_DFF_PN0_): CLK=\osc_clk, D=\u_gate._5616_.D, Q=\u_gate._5616_.IQ
Replacing miter_top.$flatten\u_gate.\_6745_.$auto$liberty.cc:270:create_ff$1317 ($_DFF_PN0_): CLK=\osc_clk, D=\u_gate._6762_.IQ, Q=\u_gate._6745_.IQ
Replacing miter_top.$flatten\u_gate.\_5617_.$auto$liberty.cc:270:create_ff$1317 ($_DFF_PN0_): CLK=\osc_clk, D=\u_gate._5617_.D, Q=\u_gate._5617_.IQ
Replacing miter_top.$flatten\u_gate.\_6744_.$auto$liberty.cc:270:create_ff$1317 ($_DFF_PN0_): CLK=\osc_clk, D=\u_gate._6744_.D, Q=\u_gate._6744_.IQ
Replacing miter_top.$flatten\u_gate.\_5618_.$auto$liberty.cc:270:create_ff$1317 ($_DFF_PN0_): CLK=\osc_clk, D=\u_gate._5618_.D, Q=\u_gate._5618_.IQ
Replacing miter_top.$flatten\u_gate.\_6058_.$auto$liberty.cc:270:create_ff$1317 ($_DFF_PN0_): CLK=\osc_clk, D=\u_gate._6057_.IQ, Q=\u_gate._6058_.IQ
Replacing miter_top.$flatten\u_gate.\_5619_.$auto$liberty.cc:270:create_ff$1317 ($_DFF_PN0_): CLK=\osc_clk, D=\u_gate._5619_.D, Q=\u_gate._5619_.IQ
Replacing miter_top.$flatten\u_gate.\_6532_.$auto$liberty.cc:270:create_ff$1317 ($_DFF_PN0_): CLK=\osc_clk, D=\u_gate._6276_.D, Q=\u_gate._6532_.IQ
Replacing miter_top.$flatten\u_gate.\_5620_.$auto$liberty.cc:270:create_ff$1317 ($_DFF_PN0_): CLK=\osc_clk, D=\u_gate._5620_.D, Q=\u_gate._5620_.IQ
Replacing miter_top.$flatten\u_gate.\_6742_.$auto$liberty.cc:270:create_ff$1317 ($_DFF_PN0_): CLK=\osc_clk, D=\u_gate._6742_.D, Q=\u_gate._6742_.IQ
Replacing miter_top.$flatten\u_gate.\_5901_.$auto$liberty.cc:270:create_ff$1317 ($_DFF_PN0_): CLK=\osc_clk, D=\u_gate._5675_.IQ, Q=\u_gate._5901_.IQ
Replacing miter_top.$flatten\u_gate.\_5621_.$auto$liberty.cc:270:create_ff$1317 ($_DFF_PN0_): CLK=\osc_clk, D=\u_gate._5621_.D, Q=\u_gate._5621_.IQ
Replacing miter_top.$flatten\u_gate.\_6741_.$auto$liberty.cc:270:create_ff$1317 ($_DFF_PN0_): CLK=\u_gate._6741_.CLK, D=\u_gate._6741_.D, Q=\u_gate._6741_.IQ
Replacing miter_top.$flatten\u_gate.\_5622_.$auto$liberty.cc:270:create_ff$1317 ($_DFF_PN0_): CLK=\osc_clk, D=\u_gate._5622_.D, Q=\u_gate._5622_.IQ
Replacing miter_top.$flatten\u_gate.\_5902_.$auto$liberty.cc:270:create_ff$1317 ($_DFF_PN0_): CLK=\osc_clk, D=\u_gate._5676_.IQ, Q=\u_gate._5902_.IQ
Replacing miter_top.$flatten\u_gate.\_5623_.$auto$liberty.cc:270:create_ff$1317 ($_DFF_PN0_): CLK=\osc_clk, D=\u_gate._5623_.D, Q=\u_gate._5623_.IQ
Replacing miter_top.$flatten\u_gate.\_5624_.$auto$liberty.cc:270:create_ff$1317 ($_DFF_PN0_): CLK=\osc_clk, D=\u_gate._5624_.D, Q=\u_gate._5624_.IQ
Replacing miter_top.$flatten\u_gate.\_6739_.$auto$liberty.cc:270:create_ff$1317 ($_DFF_PN0_): CLK=\osc_clk, D=\u_gate._6739_.D, Q=\u_gate._6739_.IQ
Replacing miter_top.$flatten\u_gate.\_5625_.$auto$liberty.cc:270:create_ff$1317 ($_DFF_PN0_): CLK=\osc_clk, D=\u_gate._5625_.D, Q=\u_gate._5625_.IQ
Replacing miter_top.$flatten\u_gate.\_6738_.$auto$liberty.cc:270:create_ff$1317 ($_DFF_PN0_): CLK=\osc_clk, D=\u_gate._6738_.D, Q=\u_gate._6738_.IQ
Replacing miter_top.$flatten\u_gate.\_5626_.$auto$liberty.cc:270:create_ff$1317 ($_DFF_PN0_): CLK=\osc_clk, D=\u_gate._5626_.D, Q=\u_gate._5626_.IQ
Replacing miter_top.$flatten\u_gate.\_5627_.$auto$liberty.cc:270:create_ff$1317 ($_DFF_PN0_): CLK=\osc_clk, D=\u_gate._5627_.D, Q=\u_gate._5627_.IQ
Replacing miter_top.$flatten\u_gate.\_6346_.$auto$liberty.cc:270:create_ff$1317 ($_DFF_PN0_): CLK=\osc_clk, D=\u_gate._6218_.D, Q=\u_gate._6346_.IQ
Replacing miter_top.$flatten\u_gate.\_5905_.$auto$liberty.cc:270:create_ff$1317 ($_DFF_PN0_): CLK=\osc_clk, D=\u_gate._4706_.B2, Q=\u_gate._5905_.IQ
Replacing miter_top.$flatten\u_gate.\_5628_.$auto$liberty.cc:270:create_ff$1317 ($_DFF_PN0_): CLK=\osc_clk, D=\u_gate._5628_.D, Q=\u_gate._5628_.IQ
Replacing miter_top.$flatten\u_gate.\_6736_.$auto$liberty.cc:270:create_ff$1317 ($_DFF_PN0_): CLK=\osc_clk, D=\u_gate._6736_.D, Q=\u_gate._6736_.IQ
Replacing miter_top.$flatten\u_gate.\_5629_.$auto$liberty.cc:270:create_ff$1317 ($_DFF_PN0_): CLK=\osc_clk, D=\u_gate._5629_.D, Q=\u_gate._5629_.IQ
Replacing miter_top.$flatten\u_gate.\_6735_.$auto$liberty.cc:270:create_ff$1317 ($_DFF_PN0_): CLK=\osc_clk, D=\u_gate._6735_.D, Q=\u_gate._6735_.IQ
Replacing miter_top.$flatten\u_gate.\_5630_.$auto$liberty.cc:270:create_ff$1317 ($_DFF_PN0_): CLK=\osc_clk, D=\u_gate._5630_.D, Q=\u_gate._5630_.IQ
Replacing miter_top.$flatten\u_gate.\_6411_.$auto$liberty.cc:270:create_ff$1317 ($_DFF_PN0_): CLK=\osc_clk, D=\u_gate._6283_.D, Q=\u_gate._6411_.IQ
Replacing miter_top.$flatten\u_gate.\_5631_.$auto$liberty.cc:270:create_ff$1317 ($_DFF_PN0_): CLK=\osc_clk, D=\u_gate._5631_.D, Q=\u_gate._5631_.IQ
Replacing miter_top.$flatten\u_gate.\_5907_.$auto$liberty.cc:270:create_ff$1317 ($_DFF_PN0_): CLK=\osc_clk, D=\u_gate._5906_.IQ, Q=\u_gate._5907_.IQ
Replacing miter_top.$flatten\u_gate.\_5632_.$auto$liberty.cc:270:create_ff$1317 ($_DFF_PN0_): CLK=\osc_clk, D=\u_gate._5632_.D, Q=\u_gate._5632_.IQ
Replacing miter_top.$flatten\u_gate.\_6733_.$auto$liberty.cc:270:create_ff$1317 ($_DFF_PN0_): CLK=\osc_clk, D=\u_gate._6733_.D, Q=\u_gate._6733_.IQ
Replacing miter_top.$flatten\u_gate.\_5633_.$auto$liberty.cc:270:create_ff$1317 ($_DFF_PN0_): CLK=\osc_clk, D=\u_gate._5633_.D, Q=\u_gate._5633_.IQ
Replacing miter_top.$flatten\u_gate.\_6732_.$auto$liberty.cc:270:create_ff$1317 ($_DFF_PN0_): CLK=\osc_clk, D=\u_gate._6732_.D, Q=\u_gate._6732_.IQ
Replacing miter_top.$flatten\u_gate.\_5634_.$auto$liberty.cc:270:create_ff$1317 ($_DFF_PN0_): CLK=\osc_clk, D=\u_gate._5634_.D, Q=\u_gate._5634_.IQ
Replacing miter_top.$flatten\u_gate.\_6063_.$auto$liberty.cc:270:create_ff$1317 ($_DFF_PN0_): CLK=\osc_clk, D=\u_gate._6062_.IQ, Q=\u_gate._6063_.IQ
Replacing miter_top.$flatten\u_gate.\_5635_.$auto$liberty.cc:270:create_ff$1317 ($_DFF_PN0_): CLK=\osc_clk, D=\u_gate._5635_.D, Q=\u_gate._5635_.IQ
Replacing miter_top.$flatten\u_gate.\_5636_.$auto$liberty.cc:270:create_ff$1317 ($_DFF_PN0_): CLK=\osc_clk, D=\u_gate._5636_.D, Q=\u_gate._5636_.IQ
Replacing miter_top.$flatten\u_gate.\_6730_.$auto$liberty.cc:270:create_ff$1317 ($_DFF_PN0_): CLK=\osc_clk, D=\u_gate._6730_.D, Q=\u_gate._6730_.IQ
Replacing miter_top.$flatten\u_gate.\_5910_.$auto$liberty.cc:270:create_ff$1317 ($_DFF_PN0_): CLK=\osc_clk, D=\u_gate._5909_.IQ, Q=\u_gate._5910_.IQ
Replacing miter_top.$flatten\u_gate.\_5637_.$auto$liberty.cc:270:create_ff$1317 ($_DFF_PN0_): CLK=\osc_clk, D=\u_gate._5637_.D, Q=\u_gate._5637_.IQ
Replacing miter_top.$flatten\u_gate.\_6729_.$auto$liberty.cc:270:create_ff$1317 ($_DFF_PN0_): CLK=\osc_clk, D=\u_gate._6729_.D, Q=\u_gate._6729_.IQ
Replacing miter_top.$flatten\u_gate.\_5638_.$auto$liberty.cc:270:create_ff$1317 ($_DFF_PN0_): CLK=\osc_clk, D=\u_gate._5638_.D, Q=\u_gate._5638_.IQ
Replacing miter_top.$flatten\u_gate.\_5911_.$auto$liberty.cc:270:create_ff$1317 ($_DFF_PN0_): CLK=\osc_clk, D=\u_gate._5910_.IQ, Q=\u_gate._5911_.IQ
Replacing miter_top.$flatten\u_gate.\_5639_.$auto$liberty.cc:270:create_ff$1317 ($_DFF_PN0_): CLK=\osc_clk, D=\u_gate._5639_.D, Q=\u_gate._5639_.IQ
Replacing miter_top.$flatten\u_gate.\_6409_.$auto$liberty.cc:270:create_ff$1317 ($_DFF_PN0_): CLK=\osc_clk, D=\u_gate._6281_.D, Q=\u_gate._6409_.IQ
Replacing miter_top.$flatten\u_gate.\_5640_.$auto$liberty.cc:270:create_ff$1317 ($_DFF_PN0_): CLK=\osc_clk, D=\u_gate._5640_.D, Q=\u_gate._5640_.IQ
Replacing miter_top.$flatten\u_gate.\_6727_.$auto$liberty.cc:270:create_ff$1317 ($_DFF_PN0_): CLK=\osc_clk, D=\u_gate._6727_.D, Q=\u_gate._6727_.IQ
Replacing miter_top.$flatten\u_gate.\_5641_.$auto$liberty.cc:270:create_ff$1317 ($_DFF_PN0_): CLK=\osc_clk, D=\u_gate._5641_.D, Q=\u_gate._5641_.IQ
Replacing miter_top.$flatten\u_gate.\_6726_.$auto$liberty.cc:270:create_ff$1317 ($_DFF_PN0_): CLK=\osc_clk, D=\u_gate._6726_.D, Q=\u_gate._6726_.IQ
Replacing miter_top.$flatten\u_gate.\_5642_.$auto$liberty.cc:270:create_ff$1317 ($_DFF_PN0_): CLK=\osc_clk, D=\u_gate._5642_.D, Q=\u_gate._5642_.IQ
Replacing miter_top.$flatten\u_gate.\_5643_.$auto$liberty.cc:270:create_ff$1317 ($_DFF_PN0_): CLK=\osc_clk, D=\u_gate._5643_.D, Q=\u_gate._5643_.IQ
Replacing miter_top.$flatten\u_gate.\_6522_.$auto$liberty.cc:270:create_ff$1317 ($_DFF_PN0_): CLK=\osc_clk, D=\u_gate._6266_.D, Q=\u_gate._6522_.IQ
Replacing miter_top.$flatten\u_gate.\_5914_.$auto$liberty.cc:270:create_ff$1317 ($_DFF_PN0_): CLK=\osc_clk, D=\u_gate._5913_.IQ, Q=\u_gate._5914_.IQ
Replacing miter_top.$flatten\u_gate.\_5644_.$auto$liberty.cc:270:create_ff$1317 ($_DFF_PN0_): CLK=\osc_clk, D=\u_gate._5644_.D, Q=\u_gate._5644_.IQ
Replacing miter_top.$flatten\u_gate.\_6724_.$auto$liberty.cc:270:create_ff$1317 ($_DFF_PN0_): CLK=\osc_clk, D=\u_gate._6721_.IQ, Q=\u_gate._6724_.IQ
Replacing miter_top.$flatten\u_gate.\_5645_.$auto$liberty.cc:270:create_ff$1317 ($_DFF_PN0_): CLK=\osc_clk, D=\u_gate._5645_.D, Q=\u_gate._5645_.IQ
Replacing miter_top.$flatten\u_gate.\_6723_.$auto$liberty.cc:270:create_ff$1317 ($_DFF_PN0_): CLK=\osc_clk, D=\u_gate._6720_.IQ, Q=\u_gate._6723_.IQ
Replacing miter_top.$flatten\u_gate.\_5646_.$auto$liberty.cc:270:create_ff$1317 ($_DFF_PN0_): CLK=\osc_clk, D=\u_gate._5646_.D, Q=\u_gate._5646_.IQ
Replacing miter_top.$flatten\u_gate.\_5647_.$auto$liberty.cc:270:create_ff$1317 ($_DFF_PN0_): CLK=\osc_clk, D=\u_gate._5647_.D, Q=\u_gate._5647_.IQ
Replacing miter_top.$flatten\u_gate.\_5916_.$auto$liberty.cc:270:create_ff$1317 ($_DFF_PN0_): CLK=\osc_clk, D=\u_gate._5915_.IQ, Q=\u_gate._5916_.IQ
Replacing miter_top.$flatten\u_gate.\_5648_.$auto$liberty.cc:270:create_ff$1317 ($_DFF_PN0_): CLK=\osc_clk, D=\u_gate._5648_.D, Q=\u_gate._5648_.IQ
Replacing miter_top.$flatten\u_gate.\_6721_.$auto$liberty.cc:270:create_ff$1317 ($_DFF_PN0_): CLK=\osc_clk, D=\cmp_hard, Q=\u_gate._6721_.IQ
Replacing miter_top.$flatten\u_gate.\_5649_.$auto$liberty.cc:270:create_ff$1317 ($_DFF_PN0_): CLK=\osc_clk, D=\u_gate._5649_.D, Q=\u_gate._5649_.IQ
Replacing miter_top.$flatten\u_gate.\_6720_.$auto$liberty.cc:270:create_ff$1317 ($_DFF_PN0_): CLK=\osc_clk, D=\cmp_soft, Q=\u_gate._6720_.IQ
Replacing miter_top.$flatten\u_gate.\_5650_.$auto$liberty.cc:270:create_ff$1317 ($_DFF_PN0_): CLK=\osc_clk, D=\u_gate._5650_.D, Q=\u_gate._5650_.IQ
Replacing miter_top.$flatten\u_gate.\_6519_.$auto$liberty.cc:270:create_ff$1317 ($_DFF_PN0_): CLK=\osc_clk, D=\u_gate._6263_.D, Q=\u_gate._6519_.IQ
Replacing miter_top.$flatten\u_gate.\_5651_.$auto$liberty.cc:270:create_ff$1317 ($_DFF_PN0_): CLK=\osc_clk, D=\u_gate._5651_.D, Q=\u_gate._5651_.IQ
Replacing miter_top.$flatten\u_gate.\_6406_.$auto$liberty.cc:270:create_ff$1317 ($_DFF_PN0_): CLK=\osc_clk, D=\u_gate._6278_.D, Q=\u_gate._6406_.IQ
Replacing miter_top.$flatten\u_gate.\_5652_.$auto$liberty.cc:270:create_ff$1317 ($_DFF_PN0_): CLK=\osc_clk, D=\u_gate._5652_.D, Q=\u_gate._5652_.IQ
Replacing miter_top.$flatten\u_gate.\_6718_.$auto$liberty.cc:270:create_ff$1317 ($_DFF_PN0_): CLK=\osc_clk, D=\u_gate._6718_.D, Q=\u_gate._6718_.IQ
Replacing miter_top.$flatten\u_gate.\_5919_.$auto$liberty.cc:270:create_ff$1317 ($_DFF_PN0_): CLK=\osc_clk, D=\u_gate._5918_.IQ, Q=\u_gate._5919_.IQ
Replacing miter_top.$flatten\u_gate.\_5653_.$auto$liberty.cc:270:create_ff$1317 ($_DFF_PN0_): CLK=\osc_clk, D=\u_gate._5653_.D, Q=\u_gate._5653_.IQ
Replacing miter_top.$flatten\u_gate.\_6717_.$auto$liberty.cc:270:create_ff$1317 ($_DFF_PN0_): CLK=\osc_clk, D=\u_gate._6717_.D, Q=\u_gate._6717_.IQ
Replacing miter_top.$flatten\u_gate.\_5654_.$auto$liberty.cc:270:create_ff$1317 ($_DFF_PN0_): CLK=\osc_clk, D=\u_gate._5654_.D, Q=\u_gate._5654_.IQ
Replacing miter_top.$flatten\u_gate.\_5920_.$auto$liberty.cc:270:create_ff$1317 ($_DFF_PN0_): CLK=\osc_clk, D=\u_gate._5919_.IQ, Q=\u_gate._5920_.IQ
Replacing miter_top.$flatten\u_gate.\_5655_.$auto$liberty.cc:270:create_ff$1317 ($_DFF_PN0_): CLK=\osc_clk, D=\u_gate._5655_.D, Q=\u_gate._5655_.IQ
Replacing miter_top.$flatten\u_gate.\_6517_.$auto$liberty.cc:270:create_ff$1317 ($_DFF_PN0_): CLK=\osc_clk, D=\u_gate._6261_.D, Q=\u_gate._6517_.IQ
Replacing miter_top.$flatten\u_gate.\_6405_.$auto$liberty.cc:270:create_ff$1317 ($_DFF_PN0_): CLK=\osc_clk, D=\u_gate._6277_.D, Q=\u_gate._6405_.IQ
Replacing miter_top.$flatten\u_gate.\_5656_.$auto$liberty.cc:270:create_ff$1317 ($_DFF_PN0_): CLK=\osc_clk, D=\u_gate._5656_.D, Q=\u_gate._5656_.IQ
Replacing miter_top.$flatten\u_gate.\_6715_.$auto$liberty.cc:270:create_ff$1317 ($_DFF_PN0_): CLK=\osc_clk, D=\u_gate._6715_.D, Q=\u_gate._6715_.IQ
Replacing miter_top.$flatten\u_gate.\_5657_.$auto$liberty.cc:270:create_ff$1317 ($_DFF_PN0_): CLK=\osc_clk, D=\u_gate._5657_.D, Q=\u_gate._5657_.IQ
Replacing miter_top.$flatten\u_gate.\_6714_.$auto$liberty.cc:270:create_ff$1317 ($_DFF_PN0_): CLK=\osc_clk, D=\u_gate._6714_.D, Q=\u_gate._6714_.IQ
Replacing miter_top.$flatten\u_gate.\_5658_.$auto$liberty.cc:270:create_ff$1317 ($_DFF_PN0_): CLK=\osc_clk, D=\u_gate._5658_.D, Q=\u_gate._5658_.IQ
Replacing miter_top.$flatten\u_gate.\_5659_.$auto$liberty.cc:270:create_ff$1317 ($_DFF_PN0_): CLK=\osc_clk, D=\u_gate._5659_.D, Q=\u_gate._5659_.IQ
Replacing miter_top.$flatten\u_gate.\_5923_.$auto$liberty.cc:270:create_ff$1317 ($_DFF_PN0_): CLK=\osc_clk, D=\u_gate._5922_.IQ, Q=\u_gate._5923_.IQ
Replacing miter_top.$flatten\u_gate.\_5660_.$auto$liberty.cc:270:create_ff$1317 ($_DFF_PN0_): CLK=\osc_clk, D=\u_gate._5660_.D, Q=\u_gate._5660_.IQ
Replacing miter_top.$flatten\u_gate.\_6712_.$auto$liberty.cc:270:create_ff$1317 ($_DFF_PN0_): CLK=\osc_clk, D=\u_gate._6696_.D, Q=\u_gate._6712_.IQ
Replacing miter_top.$flatten\u_gate.\_5661_.$auto$liberty.cc:270:create_ff$1317 ($_DFF_PN0_): CLK=\osc_clk, D=\u_gate._5661_.D, Q=\u_gate._5661_.IQ
Replacing miter_top.$flatten\u_gate.\_6711_.$auto$liberty.cc:270:create_ff$1317 ($_DFF_PN0_): CLK=\osc_clk, D=\u_gate._6695_.D, Q=\u_gate._6711_.IQ
Replacing miter_top.$flatten\u_gate.\_5662_.$auto$liberty.cc:270:create_ff$1317 ($_DFF_PN0_): CLK=\osc_clk, D=\u_gate._5662_.D, Q=\u_gate._5662_.IQ
Replacing miter_top.$flatten\u_gate.\_6514_.$auto$liberty.cc:270:create_ff$1317 ($_DFF_PN0_): CLK=\osc_clk, D=\u_gate._6258_.D, Q=\u_gate._6514_.IQ
Replacing miter_top.$flatten\u_gate.\_5663_.$auto$liberty.cc:270:create_ff$1317 ($_DFF_PN0_): CLK=\osc_clk, D=\u_gate._5663_.D, Q=\u_gate._5663_.IQ
Replacing miter_top.$flatten\u_gate.\_5925_.$auto$liberty.cc:270:create_ff$1317 ($_DFF_PN0_): CLK=\osc_clk, D=\u_gate._5924_.IQ, Q=\u_gate._5925_.IQ
Replacing miter_top.$flatten\u_gate.\_5664_.$auto$liberty.cc:270:create_ff$1317 ($_DFF_PN0_): CLK=\osc_clk, D=\u_gate._5664_.D, Q=\u_gate._5664_.IQ
Replacing miter_top.$flatten\u_gate.\_6709_.$auto$liberty.cc:270:create_ff$1317 ($_DFF_PN0_): CLK=\osc_clk, D=\u_gate._6693_.D, Q=\u_gate._6709_.IQ
Replacing miter_top.$flatten\u_gate.\_6513_.$auto$liberty.cc:270:create_ff$1317 ($_DFF_PN0_): CLK=\osc_clk, D=\u_gate._6257_.D, Q=\u_gate._6513_.IQ
Replacing miter_top.$flatten\u_gate.\_5665_.$auto$liberty.cc:270:create_ff$1317 ($_DFF_PN0_): CLK=\osc_clk, D=\u_gate._5665_.D, Q=\u_gate._5665_.IQ
Replacing miter_top.$flatten\u_gate.\_6708_.$auto$liberty.cc:270:create_ff$1317 ($_DFF_PN0_): CLK=\osc_clk, D=\u_gate._6692_.D, Q=\u_gate._6708_.IQ
Replacing miter_top.$flatten\u_gate.\_5666_.$auto$liberty.cc:270:create_ff$1317 ($_DFF_PN0_): CLK=\osc_clk, D=\u_gate._5666_.D, Q=\u_gate._5666_.IQ
Replacing miter_top.$flatten\u_gate.\_5667_.$auto$liberty.cc:270:create_ff$1317 ($_DFF_PN0_): CLK=\osc_clk, D=\u_gate._5667_.D, Q=\u_gate._5667_.IQ
Replacing miter_top.$flatten\u_gate.\_5668_.$auto$liberty.cc:270:create_ff$1317 ($_DFF_PN0_): CLK=\osc_clk, D=\u_gate._5668_.D, Q=\u_gate._5668_.IQ
Replacing miter_top.$flatten\u_gate.\_6706_.$auto$liberty.cc:270:create_ff$1317 ($_DFF_PN0_): CLK=\osc_clk, D=\u_gate._6690_.D, Q=\u_gate._6706_.IQ
Replacing miter_top.$flatten\u_gate.\_5928_.$auto$liberty.cc:270:create_ff$1317 ($_DFF_PN0_): CLK=\osc_clk, D=\u_gate._5927_.IQ, Q=\u_gate._5928_.IQ
Replacing miter_top.$flatten\u_gate.\_5669_.$auto$liberty.cc:270:create_ff$1317 ($_DFF_PN0_): CLK=\osc_clk, D=\u_gate._5669_.D, Q=\u_gate._5669_.IQ
Replacing miter_top.$flatten\u_gate.\_6705_.$auto$liberty.cc:270:create_ff$1317 ($_DFF_PN0_): CLK=\osc_clk, D=\u_gate._6697_.D, Q=\u_gate._6705_.IQ
Replacing miter_top.$flatten\u_gate.\_5670_.$auto$liberty.cc:270:create_ff$1317 ($_DFF_PN0_): CLK=\osc_clk, D=\u_gate._5670_.D, Q=\u_gate._5670_.IQ
Replacing miter_top.$flatten\u_gate.\_5929_.$auto$liberty.cc:270:create_ff$1317 ($_DFF_PN0_): CLK=\osc_clk, D=\u_gate._5928_.IQ, Q=\u_gate._5929_.IQ
Replacing miter_top.$flatten\u_gate.\_5671_.$auto$liberty.cc:270:create_ff$1317 ($_DFF_PN0_): CLK=\osc_clk, D=\u_gate._5671_.D, Q=\u_gate._5671_.IQ
Replacing miter_top.$flatten\u_gate.\_6510_.$auto$liberty.cc:270:create_ff$1317 ($_DFF_PN0_): CLK=\osc_clk, D=\u_gate._6254_.D, Q=\u_gate._6510_.IQ
Replacing miter_top.$flatten\u_gate.\_5672_.$auto$liberty.cc:270:create_ff$1317 ($_DFF_PN0_): CLK=\osc_clk, D=\u_gate._5672_.D, Q=\u_gate._5672_.IQ
Replacing miter_top.$flatten\u_gate.\_6703_.$auto$liberty.cc:270:create_ff$1317 ($_DFF_PN0_): CLK=\osc_clk, D=\u_gate._6695_.D, Q=\u_gate._6703_.IQ
Replacing miter_top.$flatten\u_gate.\_5673_.$auto$liberty.cc:270:create_ff$1317 ($_DFF_PN0_): CLK=\osc_clk, D=\u_gate._5673_.D, Q=\u_gate._5673_.IQ
Replacing miter_top.$flatten\u_gate.\_6702_.$auto$liberty.cc:270:create_ff$1317 ($_DFF_PN0_): CLK=\osc_clk, D=\u_gate._6694_.D, Q=\u_gate._6702_.IQ
Replacing miter_top.$flatten\u_gate.\_5674_.$auto$liberty.cc:270:create_ff$1317 ($_DFF_PN0_): CLK=\osc_clk, D=\u_gate._5674_.D, Q=\u_gate._5674_.IQ
Replacing miter_top.$flatten\u_gate.\_5675_.$auto$liberty.cc:270:create_ff$1317 ($_DFF_PN0_): CLK=\osc_clk, D=\u_gate._5675_.D, Q=\u_gate._5675_.IQ
Replacing miter_top.$flatten\u_gate.\_6076_.$auto$liberty.cc:270:create_ff$1317 ($_DFF_PN0_): CLK=\osc_clk, D=\u_gate._6075_.IQ, Q=\u_gate._6076_.IQ
Replacing miter_top.$flatten\u_gate.\_5932_.$auto$liberty.cc:270:create_ff$1317 ($_DFF_PN0_): CLK=\osc_clk, D=\u_gate._5931_.IQ, Q=\u_gate._5932_.IQ
Replacing miter_top.$flatten\u_gate.\_5676_.$auto$liberty.cc:270:create_ff$1317 ($_DFF_PN0_): CLK=\osc_clk, D=\u_gate._5676_.D, Q=\u_gate._5676_.IQ
Replacing miter_top.$flatten\u_gate.\_6700_.$auto$liberty.cc:270:create_ff$1317 ($_DFF_PN0_): CLK=\osc_clk, D=\u_gate._6692_.D, Q=\u_gate._6700_.IQ
Replacing miter_top.$flatten\u_gate.\_6508_.$auto$liberty.cc:270:create_ff$1317 ($_DFF_PN0_): CLK=\osc_clk, D=\u_gate._6252_.D, Q=\u_gate._6508_.IQ
Replacing miter_top.$flatten\u_gate.\_5677_.$auto$liberty.cc:270:create_ff$1317 ($_DFF_PN0_): CLK=\osc_clk, D=\u_gate._5677_.D, Q=\u_gate._5677_.IQ
Replacing miter_top.$flatten\u_gate.\_6699_.$auto$liberty.cc:270:create_ff$1317 ($_DFF_PN0_): CLK=\osc_clk, D=\u_gate._6691_.D, Q=\u_gate._6699_.IQ
Replacing miter_top.$flatten\u_gate.\_5678_.$auto$liberty.cc:270:create_ff$1317 ($_DFF_PN0_): CLK=\osc_clk, D=\u_gate._5678_.D, Q=\u_gate._5678_.IQ
Replacing miter_top.$flatten\u_gate.\_5679_.$auto$liberty.cc:270:create_ff$1317 ($_DFF_PN0_): CLK=\osc_clk, D=\u_gate._5679_.D, Q=\u_gate._5679_.IQ
Replacing miter_top.$flatten\u_gate.\_5934_.$auto$liberty.cc:270:create_ff$1317 ($_DFF_PN0_): CLK=\osc_clk, D=\u_gate._5933_.IQ, Q=\u_gate._5934_.IQ
Replacing miter_top.$flatten\u_gate.\_5680_.$auto$liberty.cc:270:create_ff$1317 ($_DFF_PN0_): CLK=\osc_clk, D=\u_gate._5680_.D, Q=\u_gate._5680_.IQ
Replacing miter_top.$flatten\u_gate.\_6697_.$auto$liberty.cc:270:create_ff$1317 ($_DFF_PN0_): CLK=\osc_clk, D=\u_gate._6697_.D, Q=\u_gate._6697_.IQ
Replacing miter_top.$flatten\u_gate.\_5681_.$auto$liberty.cc:270:create_ff$1317 ($_DFF_PN0_): CLK=\osc_clk, D=\u_gate._5681_.D, Q=\u_gate._5681_.IQ
Replacing miter_top.$flatten\u_gate.\_6696_.$auto$liberty.cc:270:create_ff$1317 ($_DFF_PN0_): CLK=\osc_clk, D=\u_gate._6696_.D, Q=\u_gate._6696_.IQ
Replacing miter_top.$flatten\u_gate.\_5682_.$auto$liberty.cc:270:create_ff$1317 ($_DFF_PN0_): CLK=\osc_clk, D=\u_gate._5682_.D, Q=\u_gate._5682_.IQ
Replacing miter_top.$flatten\u_gate.\_5683_.$auto$liberty.cc:270:create_ff$1317 ($_DFF_PN0_): CLK=\osc_clk, D=\u_gate._5683_.D, Q=\u_gate._5683_.IQ
Replacing miter_top.$flatten\u_gate.\_6505_.$auto$liberty.cc:270:create_ff$1317 ($_DFF_PN0_): CLK=\osc_clk, D=\u_gate._6249_.D, Q=\u_gate._6505_.IQ
Replacing miter_top.$flatten\u_gate.\_5684_.$auto$liberty.cc:270:create_ff$1317 ($_DFF_PN0_): CLK=\osc_clk, D=\u_gate._5684_.D, Q=\u_gate._5684_.IQ
Replacing miter_top.$flatten\u_gate.\_6694_.$auto$liberty.cc:270:create_ff$1317 ($_DFF_PN0_): CLK=\osc_clk, D=\u_gate._6694_.D, Q=\u_gate._6694_.IQ
Replacing miter_top.$flatten\u_gate.\_5937_.$auto$liberty.cc:270:create_ff$1317 ($_DFF_PN0_): CLK=\osc_clk, D=\u_gate._5936_.IQ, Q=\u_gate._5937_.IQ
Replacing miter_top.$flatten\u_gate.\_5685_.$auto$liberty.cc:270:create_ff$1317 ($_DFF_PN0_): CLK=\osc_clk, D=\u_gate._5685_.D, Q=\u_gate._5685_.IQ
Replacing miter_top.$flatten\u_gate.\_6693_.$auto$liberty.cc:270:create_ff$1317 ($_DFF_PN0_): CLK=\osc_clk, D=\u_gate._6693_.D, Q=\u_gate._6693_.IQ
Replacing miter_top.$flatten\u_gate.\_5686_.$auto$liberty.cc:270:create_ff$1317 ($_DFF_PN0_): CLK=\osc_clk, D=\u_gate._5686_.D, Q=\u_gate._5686_.IQ
Replacing miter_top.$flatten\u_gate.\_5938_.$auto$liberty.cc:270:create_ff$1317 ($_DFF_PN0_): CLK=\osc_clk, D=\u_gate._5937_.IQ, Q=\u_gate._5938_.IQ
Replacing miter_top.$flatten\u_gate.\_5687_.$auto$liberty.cc:270:create_ff$1317 ($_DFF_PN0_): CLK=\u_gate._5687_.CLK, D=\u_gate._5687_.D, Q=\u_gate._5687_.IQ
Replacing miter_top.$flatten\u_gate.\_5688_.$auto$liberty.cc:270:create_ff$1317 ($_DFF_PN0_): CLK=\u_gate._5688_.CLK, D=\u_gate._5688_.D, Q=\u_gate._5688_.IQ
Replacing miter_top.$flatten\u_gate.\_6691_.$auto$liberty.cc:270:create_ff$1317 ($_DFF_PN0_): CLK=\osc_clk, D=\u_gate._6691_.D, Q=\u_gate._6691_.IQ
Replacing miter_top.$flatten\u_gate.\_5689_.$auto$liberty.cc:270:create_ff$1317 ($_DFF_PN0_): CLK=\u_gate._5689_.CLK, D=\u_gate._5689_.D, Q=\u_gate._5689_.IQ
Replacing miter_top.$flatten\u_gate.\_6690_.$auto$liberty.cc:270:create_ff$1317 ($_DFF_PN0_): CLK=\osc_clk, D=\u_gate._6690_.D, Q=\u_gate._6690_.IQ
Replacing miter_top.$flatten\u_gate.\_5690_.$auto$liberty.cc:270:create_ff$1317 ($_DFF_PN0_): CLK=\u_gate._5690_.CLK, D=\u_gate._5690_.D, Q=\u_gate._5690_.IQ
Replacing miter_top.$flatten\u_gate.\_5691_.$auto$liberty.cc:270:create_ff$1317 ($_DFF_PN0_): CLK=\u_gate._5691_.CLK, D=\u_gate._5691_.D, Q=\u_gate._5691_.IQ
Replacing miter_top.$flatten\u_gate.\_6081_.$auto$liberty.cc:270:create_ff$1317 ($_DFF_PN0_): CLK=\osc_clk, D=\u_gate._6080_.IQ, Q=\u_gate._6081_.IQ
Replacing miter_top.$flatten\u_gate.\_5941_.$auto$liberty.cc:270:create_ff$1317 ($_DFF_PN0_): CLK=\osc_clk, D=\u_gate._5940_.IQ, Q=\u_gate._5941_.IQ
Replacing miter_top.$flatten\u_gate.\_5692_.$auto$liberty.cc:270:create_ff$1317 ($_DFF_PN0_): CLK=\u_gate._5692_.CLK, D=\u_gate._5692_.D, Q=\u_gate._5692_.IQ
Replacing miter_top.$flatten\u_gate.\_6688_.$auto$liberty.cc:270:create_ff$1317 ($_DFF_PN0_): CLK=\osc_clk, D=\u_gate._6672_.D, Q=\u_gate._6688_.IQ
Replacing miter_top.$flatten\u_gate.\_5693_.$auto$liberty.cc:270:create_ff$1317 ($_DFF_PN0_): CLK=\u_gate._5693_.CLK, D=\u_gate._5693_.D, Q=\u_gate._5693_.IQ
Replacing miter_top.$flatten\u_gate.\_6687_.$auto$liberty.cc:270:create_ff$1317 ($_DFF_PN0_): CLK=\osc_clk, D=\u_gate._6671_.D, Q=\u_gate._6687_.IQ
Replacing miter_top.$flatten\u_gate.\_5694_.$auto$liberty.cc:270:create_ff$1317 ($_DFF_PN0_): CLK=\osc_clk, D=\u_gate._5694_.D, Q=\u_gate._5694_.IQ
Replacing miter_top.$flatten\u_gate.\_6082_.$auto$liberty.cc:270:create_ff$1317 ($_DFF_PN0_): CLK=\osc_clk, D=\u_gate._6081_.IQ, Q=\u_gate._6082_.IQ
Replacing miter_top.$flatten\u_gate.\_5695_.$auto$liberty.cc:270:create_ff$1317 ($_DFF_PN0_): CLK=\osc_clk, D=\u_gate._5695_.D, Q=\u_gate._5695_.IQ
Replacing miter_top.$flatten\u_gate.\_5943_.$auto$liberty.cc:270:create_ff$1317 ($_DFF_PN0_): CLK=\osc_clk, D=\u_gate._5942_.IQ, Q=\u_gate._5943_.IQ
Replacing miter_top.$flatten\u_gate.\_5696_.$auto$liberty.cc:270:create_ff$1317 ($_DFF_PN0_): CLK=\osc_clk, D=\u_gate._5696_.D, Q=\u_gate._5696_.IQ
Replacing miter_top.$flatten\u_gate.\_6685_.$auto$liberty.cc:270:create_ff$1317 ($_DFF_PN0_): CLK=\osc_clk, D=\u_gate._6669_.D, Q=\u_gate._6685_.IQ
Replacing miter_top.$flatten\u_gate.\_5697_.$auto$liberty.cc:270:create_ff$1317 ($_DFF_PN0_): CLK=\osc_clk, D=\u_gate._5697_.D, Q=\u_gate._5697_.IQ
Replacing miter_top.$flatten\u_gate.\_6684_.$auto$liberty.cc:270:create_ff$1317 ($_DFF_PN0_): CLK=\osc_clk, D=\u_gate._6668_.D, Q=\u_gate._6684_.IQ
Replacing miter_top.$flatten\u_gate.\_5698_.$auto$liberty.cc:270:create_ff$1317 ($_DFF_PN0_): CLK=\osc_clk, D=\u_gate._5698_.D, Q=\u_gate._5698_.IQ
Replacing miter_top.$flatten\u_gate.\_5699_.$auto$liberty.cc:270:create_ff$1317 ($_DFF_PN0_): CLK=\osc_clk, D=\u_gate._5699_.D, Q=\u_gate._5699_.IQ
Replacing miter_top.$flatten\u_gate.\_5700_.$auto$liberty.cc:270:create_ff$1317 ($_DFF_PN0_): CLK=\osc_clk, D=\u_gate._5700_.D, Q=\u_gate._5700_.IQ
Replacing miter_top.$flatten\u_gate.\_6682_.$auto$liberty.cc:270:create_ff$1317 ($_DFF_PN0_): CLK=\osc_clk, D=\u_gate._6666_.D, Q=\u_gate._6682_.IQ
Replacing miter_top.$flatten\u_gate.\_5946_.$auto$liberty.cc:270:create_ff$1317 ($_DFF_PN0_): CLK=\osc_clk, D=\u_gate._5945_.IQ, Q=\u_gate._5946_.IQ
Replacing miter_top.$flatten\u_gate.\_5701_.$auto$liberty.cc:270:create_ff$1317 ($_DFF_PN0_): CLK=\osc_clk, D=\u_gate._5701_.D, Q=\u_gate._5701_.IQ
Replacing miter_top.$flatten\u_gate.\_6681_.$auto$liberty.cc:270:create_ff$1317 ($_DFF_PN0_): CLK=\osc_clk, D=\u_gate._6673_.D, Q=\u_gate._6681_.IQ
Replacing miter_top.$flatten\u_gate.\_5702_.$auto$liberty.cc:270:create_ff$1317 ($_DFF_PN0_): CLK=\sclk, D=\u_gate._5702_.D, Q=\u_gate._5702_.IQ
Replacing miter_top.$flatten\u_gate.\_5947_.$auto$liberty.cc:270:create_ff$1317 ($_DFF_PN0_): CLK=\osc_clk, D=\u_gate._5946_.IQ, Q=\u_gate._5947_.IQ
Replacing miter_top.$flatten\u_gate.\_5703_.$auto$liberty.cc:270:create_ff$1317 ($_DFF_PN0_): CLK=\sclk, D=\u_gate._5703_.D, Q=\u_gate._5703_.IQ
Replacing miter_top.$flatten\u_gate.\_6162_.$auto$liberty.cc:270:create_ff$1317 ($_DFF_PN0_): CLK=\osc_clk, D=\u_gate._6162_.D, Q=\u_gate._6162_.IQ
Replacing miter_top.$flatten\u_gate.\_6085_.$auto$liberty.cc:270:create_ff$1317 ($_DFF_PN0_): CLK=\osc_clk, D=\u_gate._6084_.IQ, Q=\u_gate._6085_.IQ
Replacing miter_top.$flatten\u_gate.\_5704_.$auto$liberty.cc:270:create_ff$1317 ($_DFF_PN0_): CLK=\sclk, D=\u_gate._5704_.D, Q=\u_gate._5704_.IQ
Replacing miter_top.$flatten\u_gate.\_6679_.$auto$liberty.cc:270:create_ff$1317 ($_DFF_PN0_): CLK=\osc_clk, D=\u_gate._6671_.D, Q=\u_gate._6679_.IQ
Replacing miter_top.$flatten\u_gate.\_5705_.$auto$liberty.cc:270:create_ff$1317 ($_DFF_PN0_): CLK=\sclk, D=\u_gate._5705_.D, Q=\u_gate._5705_.IQ
Replacing miter_top.$flatten\u_gate.\_6678_.$auto$liberty.cc:270:create_ff$1317 ($_DFF_PN0_): CLK=\osc_clk, D=\u_gate._6670_.D, Q=\u_gate._6678_.IQ
Replacing miter_top.$flatten\u_gate.\_5706_.$auto$liberty.cc:270:create_ff$1317 ($_DFF_PN0_): CLK=\sclk, D=\u_gate._5706_.D, Q=\u_gate._5706_.IQ
Replacing miter_top.$flatten\u_gate.\_5707_.$auto$liberty.cc:270:create_ff$1317 ($_DFF_PN0_): CLK=\sclk, D=\u_gate._5707_.D, Q=\u_gate._5707_.IQ
Replacing miter_top.$flatten\u_gate.\_6495_.$auto$liberty.cc:270:create_ff$1317 ($_DFF_PN0_): CLK=\osc_clk, D=\u_gate._6239_.D, Q=\u_gate._6495_.IQ
Replacing miter_top.$flatten\u_gate.\_5950_.$auto$liberty.cc:270:create_ff$1317 ($_DFF_PN0_): CLK=\osc_clk, D=\u_gate._5949_.IQ, Q=\u_gate._5950_.IQ
Replacing miter_top.$flatten\u_gate.\_5708_.$auto$liberty.cc:270:create_ff$1317 ($_DFF_PN0_): CLK=\sclk, D=\u_gate._5708_.D, Q=\u_gate._5708_.IQ
Replacing miter_top.$flatten\u_gate.\_6676_.$auto$liberty.cc:270:create_ff$1317 ($_DFF_PN0_): CLK=\osc_clk, D=\u_gate._6668_.D, Q=\u_gate._6676_.IQ
Replacing miter_top.$flatten\u_gate.\_6163_.$auto$liberty.cc:270:create_ff$1317 ($_DFF_PN0_): CLK=\osc_clk, D=\u_gate._6163_.D, Q=\u_gate._6163_.IQ
Replacing miter_top.$flatten\u_gate.\_5709_.$auto$liberty.cc:270:create_ff$1317 ($_DFF_PN0_): CLK=\sclk, D=\u_gate._5709_.D, Q=\u_gate._5709_.IQ
Replacing miter_top.$flatten\u_gate.\_6675_.$auto$liberty.cc:270:create_ff$1317 ($_DFF_PN0_): CLK=\osc_clk, D=\u_gate._6667_.D, Q=\u_gate._6675_.IQ
Replacing miter_top.$flatten\u_gate.\_5710_.$auto$liberty.cc:270:create_ff$1317 ($_DFF_PN0_): CLK=\sclk, D=\u_gate._5710_.D, Q=\u_gate._5710_.IQ
Replacing miter_top.$flatten\u_gate.\_6087_.$auto$liberty.cc:270:create_ff$1317 ($_DFF_PN0_): CLK=\osc_clk, D=\u_gate._6086_.IQ, Q=\u_gate._6087_.IQ
Replacing miter_top.$flatten\u_gate.\_5711_.$auto$liberty.cc:270:create_ff$1317 ($_DFF_PN0_): CLK=\sclk, D=\u_gate._5711_.D, Q=\u_gate._5711_.IQ
Replacing miter_top.$flatten\u_gate.\_5952_.$auto$liberty.cc:270:create_ff$1317 ($_DFF_PN0_): CLK=\osc_clk, D=\u_gate._5951_.IQ, Q=\u_gate._5952_.IQ
Replacing miter_top.$flatten\u_gate.\_5712_.$auto$liberty.cc:270:create_ff$1317 ($_DFF_PN0_): CLK=\sclk, D=\u_gate._5712_.D, Q=\u_gate._5712_.IQ
Replacing miter_top.$flatten\u_gate.\_6673_.$auto$liberty.cc:270:create_ff$1317 ($_DFF_PN0_): CLK=\osc_clk, D=\u_gate._6673_.D, Q=\u_gate._6673_.IQ
Replacing miter_top.$flatten\u_gate.\_6244_.$auto$liberty.cc:270:create_ff$1317 ($_DFF_PN0_): CLK=\osc_clk, D=\u_gate._6244_.D, Q=\u_gate._6244_.IQ
Replacing miter_top.$flatten\u_gate.\_5713_.$auto$liberty.cc:270:create_ff$1317 ($_DFF_PN0_): CLK=\sclk, D=\u_gate._5713_.D, Q=\u_gate._5713_.IQ
Replacing miter_top.$flatten\u_gate.\_6672_.$auto$liberty.cc:270:create_ff$1317 ($_DFF_PN0_): CLK=\osc_clk, D=\u_gate._6672_.D, Q=\u_gate._6672_.IQ
Replacing miter_top.$flatten\u_gate.\_5714_.$auto$liberty.cc:270:create_ff$1317 ($_DFF_PN0_): CLK=\sclk, D=\u_gate._5714_.D, Q=\u_gate._5714_.IQ
Replacing miter_top.$flatten\u_gate.\_6492_.$auto$liberty.cc:270:create_ff$1317 ($_DFF_PN0_): CLK=\osc_clk, D=\u_gate._6236_.D, Q=\u_gate._6492_.IQ
Replacing miter_top.$flatten\u_gate.\_5715_.$auto$liberty.cc:270:create_ff$1317 ($_DFF_PN0_): CLK=\sclk, D=\u_gate._5715_.D, Q=\u_gate._5715_.IQ
Replacing miter_top.$flatten\u_gate.\_5716_.$auto$liberty.cc:270:create_ff$1317 ($_DFF_PN0_): CLK=\sclk, D=\u_gate._5716_.D, Q=\u_gate._5716_.IQ
Replacing miter_top.$flatten\u_gate.\_6670_.$auto$liberty.cc:270:create_ff$1317 ($_DFF_PN0_): CLK=\osc_clk, D=\u_gate._6670_.D, Q=\u_gate._6670_.IQ
Replacing miter_top.$flatten\u_gate.\_5955_.$auto$liberty.cc:270:create_ff$1317 ($_DFF_PN0_): CLK=\osc_clk, D=\u_gate._5954_.IQ, Q=\u_gate._5955_.IQ
Replacing miter_top.$flatten\u_gate.\_5717_.$auto$liberty.cc:270:create_ff$1317 ($_DFF_PN0_): CLK=\sclk, D=\u_gate._5717_.D, Q=\u_gate._5717_.IQ
Replacing miter_top.$flatten\u_gate.\_6669_.$auto$liberty.cc:270:create_ff$1317 ($_DFF_PN0_): CLK=\osc_clk, D=\u_gate._6669_.D, Q=\u_gate._6669_.IQ
Replacing miter_top.$flatten\u_gate.\_5718_.$auto$liberty.cc:270:create_ff$1317 ($_DFF_PN0_): CLK=\sclk, D=\u_gate._5718_.D, Q=\u_gate._5718_.IQ
Replacing miter_top.$flatten\u_gate.\_5956_.$auto$liberty.cc:270:create_ff$1317 ($_DFF_PN0_): CLK=\osc_clk, D=\u_gate._5955_.IQ, Q=\u_gate._5956_.IQ
Replacing miter_top.$flatten\u_gate.\_5719_.$auto$liberty.cc:270:create_ff$1317 ($_DFF_PN0_): CLK=\sclk, D=\u_gate._5719_.D, Q=\u_gate._5719_.IQ
Replacing miter_top.$flatten\u_gate.\_6490_.$auto$liberty.cc:270:create_ff$1317 ($_DFF_PN0_): CLK=\osc_clk, D=\u_gate._6234_.D, Q=\u_gate._6490_.IQ
Replacing miter_top.$flatten\u_gate.\_6090_.$auto$liberty.cc:270:create_ff$1317 ($_DFF_PN0_): CLK=\osc_clk, D=\u_gate._6089_.IQ, Q=\u_gate._6090_.IQ
Replacing miter_top.$flatten\u_gate.\_5720_.$auto$liberty.cc:270:create_ff$1317 ($_DFF_PN0_): CLK=\sclk, D=\u_gate._5720_.D, Q=\u_gate._5720_.IQ
Replacing miter_top.$flatten\u_gate.\_6667_.$auto$liberty.cc:270:create_ff$1317 ($_DFF_PN0_): CLK=\osc_clk, D=\u_gate._6667_.D, Q=\u_gate._6667_.IQ
Replacing miter_top.$flatten\u_gate.\_5721_.$auto$liberty.cc:270:create_ff$1317 ($_DFF_PN0_): CLK=\sclk, D=\u_gate._5721_.D, Q=\u_gate._5721_.IQ
Replacing miter_top.$flatten\u_gate.\_6666_.$auto$liberty.cc:270:create_ff$1317 ($_DFF_PN0_): CLK=\osc_clk, D=\u_gate._6666_.D, Q=\u_gate._6666_.IQ
Replacing miter_top.$flatten\u_gate.\_5722_.$auto$liberty.cc:270:create_ff$1317 ($_DFF_PN0_): CLK=\sclk, D=\u_gate._5722_.D, Q=\u_gate._5722_.IQ
Replacing miter_top.$flatten\u_gate.\_5723_.$auto$liberty.cc:270:create_ff$1317 ($_DFF_PN0_): CLK=\sclk, D=\u_gate._5723_.D, Q=\u_gate._5723_.IQ
Replacing miter_top.$flatten\u_gate.\_5959_.$auto$liberty.cc:270:create_ff$1317 ($_DFF_PN0_): CLK=\osc_clk, D=\u_gate._5958_.IQ, Q=\u_gate._5959_.IQ
Replacing miter_top.$flatten\u_gate.\_5724_.$auto$liberty.cc:270:create_ff$1317 ($_DFF_PN0_): CLK=\sclk, D=\u_gate._5724_.D, Q=\u_gate._5724_.IQ
Replacing miter_top.$flatten\u_gate.\_6664_.$auto$liberty.cc:270:create_ff$1317 ($_DFF_PN0_): CLK=\osc_clk, D=\u_gate._6648_.D, Q=\u_gate._6664_.IQ
Replacing miter_top.$flatten\u_gate.\_6333_.$auto$liberty.cc:270:create_ff$1317 ($_DFF_PN0_): CLK=\osc_clk, D=\u_gate._6205_.D, Q=\u_gate._6333_.IQ
Replacing miter_top.$flatten\u_gate.\_5725_.$auto$liberty.cc:270:create_ff$1317 ($_DFF_PN0_): CLK=\sclk, D=\u_gate._5725_.D, Q=\u_gate._5725_.IQ
Replacing miter_top.$flatten\u_gate.\_6663_.$auto$liberty.cc:270:create_ff$1317 ($_DFF_PN0_): CLK=\osc_clk, D=\u_gate._6647_.D, Q=\u_gate._6663_.IQ
Replacing miter_top.$flatten\u_gate.\_5726_.$auto$liberty.cc:270:create_ff$1317 ($_DFF_PN0_): CLK=\sclk, D=\u_gate._5726_.D, Q=\u_gate._5726_.IQ
Replacing miter_top.$flatten\u_gate.\_6487_.$auto$liberty.cc:270:create_ff$1317 ($_DFF_PN0_): CLK=\osc_clk, D=\u_gate._6231_.D, Q=\u_gate._6487_.IQ
Replacing miter_top.$flatten\u_gate.\_5727_.$auto$liberty.cc:270:create_ff$1317 ($_DFF_PN0_): CLK=\sclk, D=\u_gate._5727_.D, Q=\u_gate._5727_.IQ
Replacing miter_top.$flatten\u_gate.\_5961_.$auto$liberty.cc:270:create_ff$1317 ($_DFF_PN0_): CLK=\osc_clk, D=\u_gate._5960_.IQ, Q=\u_gate._5961_.IQ
Replacing miter_top.$flatten\u_gate.\_5728_.$auto$liberty.cc:270:create_ff$1317 ($_DFF_PN0_): CLK=\sclk, D=\u_gate._5728_.D, Q=\u_gate._5728_.IQ
Replacing miter_top.$flatten\u_gate.\_6661_.$auto$liberty.cc:270:create_ff$1317 ($_DFF_PN0_): CLK=\osc_clk, D=\u_gate._6645_.D, Q=\u_gate._6661_.IQ
Replacing miter_top.$flatten\u_gate.\_6486_.$auto$liberty.cc:270:create_ff$1317 ($_DFF_PN0_): CLK=\osc_clk, D=\u_gate._6230_.D, Q=\u_gate._6486_.IQ
Replacing miter_top.$flatten\u_gate.\_5729_.$auto$liberty.cc:270:create_ff$1317 ($_DFF_PN0_): CLK=\sclk, D=\u_gate._5729_.D, Q=\u_gate._5729_.IQ
Replacing miter_top.$flatten\u_gate.\_6660_.$auto$liberty.cc:270:create_ff$1317 ($_DFF_PN0_): CLK=\osc_clk, D=\u_gate._6644_.D, Q=\u_gate._6660_.IQ
Replacing miter_top.$flatten\u_gate.\_5730_.$auto$liberty.cc:270:create_ff$1317 ($_DFF_PN0_): CLK=\sclk, D=\u_gate._5730_.D, Q=\u_gate._5730_.IQ
Replacing miter_top.$flatten\u_gate.\_5731_.$auto$liberty.cc:270:create_ff$1317 ($_DFF_PN0_): CLK=\sclk, D=\u_gate._5731_.D, Q=\u_gate._5731_.IQ
Replacing miter_top.$flatten\u_gate.\_6387_.$auto$liberty.cc:270:create_ff$1317 ($_DFF_PN0_): CLK=\osc_clk, D=\u_gate._6259_.D, Q=\u_gate._6387_.IQ
Replacing miter_top.$flatten\u_gate.\_5732_.$auto$liberty.cc:270:create_ff$1317 ($_DFF_PN0_): CLK=\sclk, D=\u_gate._5732_.D, Q=\u_gate._5732_.IQ
Replacing miter_top.$flatten\u_gate.\_6658_.$auto$liberty.cc:270:create_ff$1317 ($_DFF_PN0_): CLK=\osc_clk, D=\u_gate._6642_.D, Q=\u_gate._6658_.IQ
Replacing miter_top.$flatten\u_gate.\_5964_.$auto$liberty.cc:270:create_ff$1317 ($_DFF_PN0_): CLK=\osc_clk, D=\u_gate._5963_.IQ, Q=\u_gate._5964_.IQ
Replacing miter_top.$flatten\u_gate.\_5733_.$auto$liberty.cc:270:create_ff$1317 ($_DFF_PN0_): CLK=\sclk, D=\u_gate._5733_.D, Q=\u_gate._5733_.IQ
Replacing miter_top.$flatten\u_gate.\_6657_.$auto$liberty.cc:270:create_ff$1317 ($_DFF_PN0_): CLK=\osc_clk, D=\u_gate._6649_.D, Q=\u_gate._6657_.IQ
Replacing miter_top.$flatten\u_gate.\_5734_.$auto$liberty.cc:270:create_ff$1317 ($_DFF_PN0_): CLK=\osc_clk, D=\u_gate._5734_.D, Q=\u_gate._5734_.IQ
Replacing miter_top.$flatten\u_gate.\_5965_.$auto$liberty.cc:270:create_ff$1317 ($_DFF_PN0_): CLK=\osc_clk, D=\u_gate._5964_.IQ, Q=\u_gate._5965_.IQ
Replacing miter_top.$flatten\u_gate.\_5735_.$auto$liberty.cc:270:create_ff$1317 ($_DFF_PN0_): CLK=\osc_clk, D=\u_gate._5735_.D, Q=\u_gate._5735_.IQ
Replacing miter_top.$flatten\u_gate.\_6483_.$auto$liberty.cc:270:create_ff$1317 ($_DFF_PN0_): CLK=\osc_clk, D=\u_gate._6227_.D, Q=\u_gate._6483_.IQ
Replacing miter_top.$flatten\u_gate.\_5736_.$auto$liberty.cc:270:create_ff$1317 ($_DFF_PN0_): CLK=\osc_clk, D=\u_gate._5736_.D, Q=\u_gate._5736_.IQ
Replacing miter_top.$flatten\u_gate.\_6655_.$auto$liberty.cc:270:create_ff$1317 ($_DFF_PN0_): CLK=\osc_clk, D=\u_gate._6647_.D, Q=\u_gate._6655_.IQ
Replacing miter_top.$flatten\u_gate.\_5737_.$auto$liberty.cc:270:create_ff$1317 ($_DFF_PN0_): CLK=\osc_clk, D=\u_gate._5737_.D, Q=\u_gate._5737_.IQ
Replacing miter_top.$flatten\u_gate.\_6654_.$auto$liberty.cc:270:create_ff$1317 ($_DFF_PN0_): CLK=\osc_clk, D=\u_gate._6646_.D, Q=\u_gate._6654_.IQ
Replacing miter_top.$flatten\u_gate.\_5738_.$auto$liberty.cc:270:create_ff$1317 ($_DFF_PN0_): CLK=\osc_clk, D=\u_gate._5738_.D, Q=\u_gate._5738_.IQ
Replacing miter_top.$flatten\u_gate.\_5739_.$auto$liberty.cc:270:create_ff$1317 ($_DFF_PN0_): CLK=\osc_clk, D=\u_gate._5739_.D, Q=\u_gate._5739_.IQ
Replacing miter_top.$flatten\u_gate.\_5968_.$auto$liberty.cc:270:create_ff$1317 ($_DFF_PN0_): CLK=\osc_clk, D=\u_gate._5967_.IQ, Q=\u_gate._5968_.IQ
Replacing miter_top.$flatten\u_gate.\_5740_.$auto$liberty.cc:270:create_ff$1317 ($_DFF_PN0_): CLK=\osc_clk, D=\u_gate._5740_.D, Q=\u_gate._5740_.IQ
Replacing miter_top.$flatten\u_gate.\_6652_.$auto$liberty.cc:270:create_ff$1317 ($_DFF_PN0_): CLK=\osc_clk, D=\u_gate._6644_.D, Q=\u_gate._6652_.IQ
Replacing miter_top.$flatten\u_gate.\_6481_.$auto$liberty.cc:270:create_ff$1317 ($_DFF_PN0_): CLK=\osc_clk, D=\u_gate._6225_.D, Q=\u_gate._6481_.IQ
Replacing miter_top.$flatten\u_gate.\_5741_.$auto$liberty.cc:270:create_ff$1317 ($_DFF_PN0_): CLK=\osc_clk, D=\u_gate._5741_.D, Q=\u_gate._5741_.IQ
Replacing miter_top.$flatten\u_gate.\_6651_.$auto$liberty.cc:270:create_ff$1317 ($_DFF_PN0_): CLK=\osc_clk, D=\u_gate._6643_.D, Q=\u_gate._6651_.IQ
Replacing miter_top.$flatten\u_gate.\_5742_.$auto$liberty.cc:270:create_ff$1317 ($_DFF_PN0_): CLK=\osc_clk, D=\u_gate._5742_.D, Q=\u_gate._5742_.IQ
Replacing miter_top.$flatten\u_gate.\_5743_.$auto$liberty.cc:270:create_ff$1317 ($_DFF_PN0_): CLK=\osc_clk, D=\u_gate._5743_.D, Q=\u_gate._5743_.IQ
Replacing miter_top.$flatten\u_gate.\_5970_.$auto$liberty.cc:270:create_ff$1317 ($_DFF_PN0_): CLK=\osc_clk, D=\u_gate._5969_.IQ, Q=\u_gate._5970_.IQ
Replacing miter_top.$flatten\u_gate.\_5744_.$auto$liberty.cc:270:create_ff$1317 ($_DFF_PN0_): CLK=\osc_clk, D=\u_gate._5744_.D, Q=\u_gate._5744_.IQ
Replacing miter_top.$flatten\u_gate.\_6649_.$auto$liberty.cc:270:create_ff$1317 ($_DFF_PN0_): CLK=\osc_clk, D=\u_gate._6649_.D, Q=\u_gate._6649_.IQ
Replacing miter_top.$flatten\u_gate.\_5745_.$auto$liberty.cc:270:create_ff$1317 ($_DFF_PN0_): CLK=\osc_clk, D=\u_gate._5745_.D, Q=\u_gate._5745_.IQ
Replacing miter_top.$flatten\u_gate.\_6648_.$auto$liberty.cc:270:create_ff$1317 ($_DFF_PN0_): CLK=\osc_clk, D=\u_gate._6648_.D, Q=\u_gate._6648_.IQ
Replacing miter_top.$flatten\u_gate.\_5746_.$auto$liberty.cc:270:create_ff$1317 ($_DFF_PN0_): CLK=\osc_clk, D=\u_gate._5746_.D, Q=\u_gate._5746_.IQ
Replacing miter_top.$flatten\u_gate.\_6330_.$auto$liberty.cc:270:create_ff$1317 ($_DFF_PN0_): CLK=\osc_clk, D=\u_gate._6202_.D, Q=\u_gate._6330_.IQ
Replacing miter_top.$flatten\u_gate.\_5747_.$auto$liberty.cc:270:create_ff$1317 ($_DFF_PN0_): CLK=\osc_clk, D=\u_gate._5747_.D, Q=\u_gate._5747_.IQ
Replacing miter_top.$flatten\u_gate.\_6478_.$auto$liberty.cc:270:create_ff$1317 ($_DFF_PN0_): CLK=\osc_clk, D=\u_gate._6222_.D, Q=\u_gate._6478_.IQ
Replacing miter_top.$flatten\u_gate.\_5748_.$auto$liberty.cc:270:create_ff$1317 ($_DFF_PN0_): CLK=\osc_clk, D=\u_gate._5748_.D, Q=\u_gate._5748_.IQ
Replacing miter_top.$flatten\u_gate.\_6646_.$auto$liberty.cc:270:create_ff$1317 ($_DFF_PN0_): CLK=\osc_clk, D=\u_gate._6646_.D, Q=\u_gate._6646_.IQ
Replacing miter_top.$flatten\u_gate.\_5973_.$auto$liberty.cc:270:create_ff$1317 ($_DFF_PN0_): CLK=\osc_clk, D=\u_gate._5972_.IQ, Q=\u_gate._5973_.IQ
Replacing miter_top.$flatten\u_gate.\_5749_.$auto$liberty.cc:270:create_ff$1317 ($_DFF_PN0_): CLK=\osc_clk, D=\u_gate._5749_.D, Q=\u_gate._5749_.IQ
Replacing miter_top.$flatten\u_gate.\_6645_.$auto$liberty.cc:270:create_ff$1317 ($_DFF_PN0_): CLK=\osc_clk, D=\u_gate._6645_.D, Q=\u_gate._6645_.IQ
Replacing miter_top.$flatten\u_gate.\_5750_.$auto$liberty.cc:270:create_ff$1317 ($_DFF_PN0_): CLK=\osc_clk, D=\u_gate._5750_.D, Q=\u_gate._5750_.IQ
Replacing miter_top.$flatten\u_gate.\_5974_.$auto$liberty.cc:270:create_ff$1317 ($_DFF_PN0_): CLK=\osc_clk, D=\u_gate._5973_.IQ, Q=\u_gate._5974_.IQ
Replacing miter_top.$flatten\u_gate.\_5751_.$auto$liberty.cc:270:create_ff$1317 ($_DFF_PN0_): CLK=\osc_clk, D=\u_gate._5751_.D, Q=\u_gate._5751_.IQ
Replacing miter_top.$flatten\u_gate.\_6100_.$auto$liberty.cc:270:create_ff$1317 ($_DFF_PN0_): CLK=\osc_clk, D=\u_gate._6099_.IQ, Q=\u_gate._6100_.IQ
Replacing miter_top.$flatten\u_gate.\_5752_.$auto$liberty.cc:270:create_ff$1317 ($_DFF_PN0_): CLK=\osc_clk, D=\u_gate._5752_.D, Q=\u_gate._5752_.IQ
Replacing miter_top.$flatten\u_gate.\_6643_.$auto$liberty.cc:270:create_ff$1317 ($_DFF_PN0_): CLK=\osc_clk, D=\u_gate._6643_.D, Q=\u_gate._6643_.IQ
Replacing miter_top.$flatten\u_gate.\_5753_.$auto$liberty.cc:270:create_ff$1317 ($_DFF_PN0_): CLK=\osc_clk, D=\u_gate._5753_.D, Q=\u_gate._5753_.IQ
Replacing miter_top.$flatten\u_gate.\_6642_.$auto$liberty.cc:270:create_ff$1317 ($_DFF_PN0_): CLK=\osc_clk, D=\u_gate._6642_.D, Q=\u_gate._6642_.IQ
Replacing miter_top.$flatten\u_gate.\_5754_.$auto$liberty.cc:270:create_ff$1317 ($_DFF_PN0_): CLK=\osc_clk, D=\u_gate._5754_.D, Q=\u_gate._5754_.IQ
Replacing miter_top.$flatten\u_gate.\_5755_.$auto$liberty.cc:270:create_ff$1317 ($_DFF_PN0_): CLK=\osc_clk, D=\u_gate._5755_.D, Q=\u_gate._5755_.IQ
Replacing miter_top.$flatten\u_gate.\_5977_.$auto$liberty.cc:270:create_ff$1317 ($_DFF_PN0_): CLK=\osc_clk, D=\u_gate._5976_.IQ, Q=\u_gate._5977_.IQ
Replacing miter_top.$flatten\u_gate.\_5756_.$auto$liberty.cc:270:create_ff$1317 ($_DFF_PN0_): CLK=\osc_clk, D=\u_gate._5756_.D, Q=\u_gate._5756_.IQ
Replacing miter_top.$flatten\u_gate.\_6640_.$auto$liberty.cc:270:create_ff$1317 ($_DFF_PN0_): CLK=\osc_clk, D=\u_gate._6608_.D, Q=\u_gate._6640_.IQ
Replacing miter_top.$flatten\u_gate.\_5757_.$auto$liberty.cc:270:create_ff$1317 ($_DFF_PN0_): CLK=\osc_clk, D=\u_gate._5757_.D, Q=\u_gate._5757_.IQ
Replacing miter_top.$flatten\u_gate.\_6639_.$auto$liberty.cc:270:create_ff$1317 ($_DFF_PN0_): CLK=\osc_clk, D=\u_gate._6607_.D, Q=\u_gate._6639_.IQ
Replacing miter_top.$flatten\u_gate.\_5758_.$auto$liberty.cc:270:create_ff$1317 ($_DFF_PN0_): CLK=\osc_clk, D=\u_gate._5758_.D, Q=\u_gate._5758_.IQ
Replacing miter_top.$flatten\u_gate.\_5759_.$auto$liberty.cc:270:create_ff$1317 ($_DFF_PN0_): CLK=\osc_clk, D=\u_gate._5759_.D, Q=\u_gate._5759_.IQ
Replacing miter_top.$flatten\u_gate.\_5979_.$auto$liberty.cc:270:create_ff$1317 ($_DFF_PN0_): CLK=\osc_clk, D=\u_gate._5978_.IQ, Q=\u_gate._5979_.IQ
Replacing miter_top.$flatten\u_gate.\_5760_.$auto$liberty.cc:270:create_ff$1317 ($_DFF_PN0_): CLK=\osc_clk, D=\u_gate._5760_.D, Q=\u_gate._5760_.IQ
Replacing miter_top.$flatten\u_gate.\_6637_.$auto$liberty.cc:270:create_ff$1317 ($_DFF_PN0_): CLK=\osc_clk, D=\u_gate._6605_.D, Q=\u_gate._6637_.IQ
Replacing miter_top.$flatten\u_gate.\_6103_.$auto$liberty.cc:270:create_ff$1317 ($_DFF_PN0_): CLK=\osc_clk, D=\u_gate._6102_.IQ, Q=\u_gate._6103_.IQ
Replacing miter_top.$flatten\u_gate.\_5761_.$auto$liberty.cc:270:create_ff$1317 ($_DFF_PN0_): CLK=\osc_clk, D=\u_gate._5761_.D, Q=\u_gate._5761_.IQ
Replacing miter_top.$flatten\u_gate.\_6636_.$auto$liberty.cc:270:create_ff$1317 ($_DFF_PN0_): CLK=\osc_clk, D=\u_gate._6604_.D, Q=\u_gate._6636_.IQ
Replacing miter_top.$flatten\u_gate.\_5762_.$auto$liberty.cc:270:create_ff$1317 ($_DFF_PN0_): CLK=\osc_clk, D=\u_gate._5762_.D, Q=\u_gate._5762_.IQ
Replacing miter_top.$flatten\u_gate.\_6328_.$auto$liberty.cc:270:create_ff$1317 ($_DFF_PN0_): CLK=\osc_clk, D=\u_gate._6200_.D, Q=\u_gate._6328_.IQ
Replacing miter_top.$flatten\u_gate.\_5763_.$auto$liberty.cc:270:create_ff$1317 ($_DFF_PN0_): CLK=\osc_clk, D=\u_gate._5763_.D, Q=\u_gate._5763_.IQ
Replacing miter_top.$flatten\u_gate.\_5764_.$auto$liberty.cc:270:create_ff$1317 ($_DFF_PN0_): CLK=\osc_clk, D=\u_gate._5764_.D, Q=\u_gate._5764_.IQ
Replacing miter_top.$flatten\u_gate.\_6634_.$auto$liberty.cc:270:create_ff$1317 ($_DFF_PN0_): CLK=\osc_clk, D=\u_gate._6602_.D, Q=\u_gate._6634_.IQ
Replacing miter_top.$flatten\u_gate.\_5982_.$auto$liberty.cc:270:create_ff$1317 ($_DFF_PN0_): CLK=\osc_clk, D=\u_gate._5981_.IQ, Q=\u_gate._5982_.IQ
Replacing miter_top.$flatten\u_gate.\_5765_.$auto$liberty.cc:270:create_ff$1317 ($_DFF_PN0_): CLK=\osc_clk, D=\u_gate._5765_.D, Q=\u_gate._5765_.IQ
Replacing miter_top.$flatten\u_gate.\_6633_.$auto$liberty.cc:270:create_ff$1317 ($_DFF_PN0_): CLK=\osc_clk, D=\u_gate._6601_.D, Q=\u_gate._6633_.IQ
Replacing miter_top.$flatten\u_gate.\_5766_.$auto$liberty.cc:270:create_ff$1317 ($_DFF_PN0_): CLK=\osc_clk, D=\u_gate._5766_.D, Q=\u_gate._5766_.IQ
Replacing miter_top.$flatten\u_gate.\_5983_.$auto$liberty.cc:270:create_ff$1317 ($_DFF_PN0_): CLK=\osc_clk, D=\u_gate._5982_.IQ, Q=\u_gate._5983_.IQ
Replacing miter_top.$flatten\u_gate.\_5767_.$auto$liberty.cc:270:create_ff$1317 ($_DFF_PN0_): CLK=\osc_clk, D=\u_gate._5767_.D, Q=\u_gate._5767_.IQ
Replacing miter_top.$flatten\u_gate.\_6105_.$auto$liberty.cc:270:create_ff$1317 ($_DFF_PN0_): CLK=\osc_clk, D=\u_gate._6104_.IQ, Q=\u_gate._6105_.IQ
Replacing miter_top.$flatten\u_gate.\_5768_.$auto$liberty.cc:270:create_ff$1317 ($_DFF_PN0_): CLK=\osc_clk, D=\u_gate._5768_.D, Q=\u_gate._5768_.IQ
Replacing miter_top.$flatten\u_gate.\_6631_.$auto$liberty.cc:270:create_ff$1317 ($_DFF_PN0_): CLK=\osc_clk, D=\u_gate._6599_.D, Q=\u_gate._6631_.IQ
Replacing miter_top.$flatten\u_gate.\_5769_.$auto$liberty.cc:270:create_ff$1317 ($_DFF_PN0_): CLK=\osc_clk, D=\u_gate._5769_.D, Q=\u_gate._5769_.IQ
Replacing miter_top.$flatten\u_gate.\_6630_.$auto$liberty.cc:270:create_ff$1317 ($_DFF_PN0_): CLK=\osc_clk, D=\u_gate._6598_.D, Q=\u_gate._6630_.IQ
Replacing miter_top.$flatten\u_gate.\_5770_.$auto$liberty.cc:270:create_ff$1317 ($_DFF_PN0_): CLK=\osc_clk, D=\u_gate._5770_.D, Q=\u_gate._5770_.IQ
Replacing miter_top.$flatten\u_gate.\_5771_.$auto$liberty.cc:270:create_ff$1317 ($_DFF_PN0_): CLK=\osc_clk, D=\u_gate._5771_.D, Q=\u_gate._5771_.IQ
Replacing miter_top.$flatten\u_gate.\_6468_.$auto$liberty.cc:270:create_ff$1317 ($_DFF_PN0_): CLK=\osc_clk, D=\u_gate._6212_.D, Q=\u_gate._6468_.IQ
Replacing miter_top.$flatten\u_gate.\_5986_.$auto$liberty.cc:270:create_ff$1317 ($_DFF_PN0_): CLK=\osc_clk, D=\u_gate._5985_.IQ, Q=\u_gate._5986_.IQ
Replacing miter_top.$flatten\u_gate.\_5772_.$auto$liberty.cc:270:create_ff$1317 ($_DFF_PN0_): CLK=\osc_clk, D=\u_gate._5772_.D, Q=\u_gate._5772_.IQ
Replacing miter_top.$flatten\u_gate.\_6628_.$auto$liberty.cc:270:create_ff$1317 ($_DFF_PN0_): CLK=\osc_clk, D=\u_gate._6596_.D, Q=\u_gate._6628_.IQ
Replacing miter_top.$flatten\u_gate.\_5773_.$auto$liberty.cc:270:create_ff$1317 ($_DFF_PN0_): CLK=\osc_clk, D=\u_gate._5773_.D, Q=\u_gate._5773_.IQ
Replacing miter_top.$flatten\u_gate.\_6627_.$auto$liberty.cc:270:create_ff$1317 ($_DFF_PN0_): CLK=\osc_clk, D=\u_gate._6595_.D, Q=\u_gate._6627_.IQ
Replacing miter_top.$flatten\u_gate.\_5774_.$auto$liberty.cc:270:create_ff$1317 ($_DFF_PN0_): CLK=\osc_clk, D=\u_gate._5774_.D, Q=\u_gate._5774_.IQ
Replacing miter_top.$flatten\u_gate.\_5775_.$auto$liberty.cc:270:create_ff$1317 ($_DFF_PN0_): CLK=\osc_clk, D=\u_gate._5775_.D, Q=\u_gate._5775_.IQ
Replacing miter_top.$flatten\u_gate.\_5988_.$auto$liberty.cc:270:create_ff$1317 ($_DFF_PN0_): CLK=\osc_clk, D=\u_gate._5987_.IQ, Q=\u_gate._5988_.IQ
Replacing miter_top.$flatten\u_gate.\_5776_.$auto$liberty.cc:270:create_ff$1317 ($_DFF_PN0_): CLK=\osc_clk, D=\u_gate._5776_.D, Q=\u_gate._5776_.IQ
Replacing miter_top.$flatten\u_gate.\_6625_.$auto$liberty.cc:270:create_ff$1317 ($_DFF_PN0_): CLK=\osc_clk, D=\u_gate._6609_.D, Q=\u_gate._6625_.IQ
Replacing miter_top.$flatten\u_gate.\_6108_.$auto$liberty.cc:270:create_ff$1317 ($_DFF_PN0_): CLK=\osc_clk, D=\u_gate._6107_.IQ, Q=\u_gate._6108_.IQ
Replacing miter_top.$flatten\u_gate.\_5777_.$auto$liberty.cc:270:create_ff$1317 ($_DFF_PN0_): CLK=\osc_clk, D=\u_gate._5777_.D, Q=\u_gate._5777_.IQ
Replacing miter_top.$flatten\u_gate.\_6624_.$auto$liberty.cc:270:create_ff$1317 ($_DFF_PN0_): CLK=\osc_clk, D=\u_gate._6608_.D, Q=\u_gate._6624_.IQ
Replacing miter_top.$flatten\u_gate.\_5778_.$auto$liberty.cc:270:create_ff$1317 ($_DFF_PN0_): CLK=\osc_clk, D=\u_gate._5778_.D, Q=\u_gate._5778_.IQ
Replacing miter_top.$flatten\u_gate.\_6465_.$auto$liberty.cc:270:create_ff$1317 ($_DFF_PN0_): CLK=\osc_clk, D=\u_gate._6209_.D, Q=\u_gate._6465_.IQ
Replacing miter_top.$flatten\u_gate.\_5779_.$auto$liberty.cc:270:create_ff$1317 ($_DFF_PN0_): CLK=\osc_clk, D=\u_gate._5779_.D, Q=\u_gate._5779_.IQ
Replacing miter_top.$flatten\u_gate.\_6109_.$auto$liberty.cc:270:create_ff$1317 ($_DFF_PN0_): CLK=\osc_clk, D=\u_gate._6108_.IQ, Q=\u_gate._6109_.IQ
Replacing miter_top.$flatten\u_gate.\_5780_.$auto$liberty.cc:270:create_ff$1317 ($_DFF_PN0_): CLK=\osc_clk, D=\u_gate._5780_.D, Q=\u_gate._5780_.IQ
Replacing miter_top.$flatten\u_gate.\_6622_.$auto$liberty.cc:270:create_ff$1317 ($_DFF_PN0_): CLK=\osc_clk, D=\u_gate._6606_.D, Q=\u_gate._6622_.IQ
Replacing miter_top.$flatten\u_gate.\_5991_.$auto$liberty.cc:270:create_ff$1317 ($_DFF_PN0_): CLK=\osc_clk, D=\u_gate._5990_.IQ, Q=\u_gate._5991_.IQ
Replacing miter_top.$flatten\u_gate.\_5781_.$auto$liberty.cc:270:create_ff$1317 ($_DFF_PN0_): CLK=\osc_clk, D=\u_gate._5781_.D, Q=\u_gate._5781_.IQ
Replacing miter_top.$flatten\u_gate.\_6621_.$auto$liberty.cc:270:create_ff$1317 ($_DFF_PN0_): CLK=\osc_clk, D=\u_gate._6605_.D, Q=\u_gate._6621_.IQ
Replacing miter_top.$flatten\u_gate.\_5782_.$auto$liberty.cc:270:create_ff$1317 ($_DFF_PN0_): CLK=\osc_clk, D=\u_gate._5782_.D, Q=\u_gate._5782_.IQ
Replacing miter_top.$flatten\u_gate.\_5992_.$auto$liberty.cc:270:create_ff$1317 ($_DFF_PN0_): CLK=\osc_clk, D=\u_gate._5991_.IQ, Q=\u_gate._5992_.IQ
Replacing miter_top.$flatten\u_gate.\_5783_.$auto$liberty.cc:270:create_ff$1317 ($_DFF_PN0_): CLK=\osc_clk, D=\u_gate._5783_.D, Q=\u_gate._5783_.IQ
Replacing miter_top.$flatten\u_gate.\_6463_.$auto$liberty.cc:270:create_ff$1317 ($_DFF_PN0_): CLK=\osc_clk, D=\u_gate._6207_.D, Q=\u_gate._6463_.IQ
Replacing miter_top.$flatten\u_gate.\_5784_.$auto$liberty.cc:270:create_ff$1317 ($_DFF_PN0_): CLK=\osc_clk, D=\u_gate._5784_.D, Q=\u_gate._5784_.IQ
Replacing miter_top.$flatten\u_gate.\_6619_.$auto$liberty.cc:270:create_ff$1317 ($_DFF_PN0_): CLK=\osc_clk, D=\u_gate._6603_.D, Q=\u_gate._6619_.IQ
Replacing miter_top.$flatten\u_gate.\_5785_.$auto$liberty.cc:270:create_ff$1317 ($_DFF_PN0_): CLK=\osc_clk, D=\u_gate._5785_.D, Q=\u_gate._5785_.IQ
Replacing miter_top.$flatten\u_gate.\_6618_.$auto$liberty.cc:270:create_ff$1317 ($_DFF_PN0_): CLK=\osc_clk, D=\u_gate._6602_.D, Q=\u_gate._6618_.IQ
Replacing miter_top.$flatten\u_gate.\_5786_.$auto$liberty.cc:270:create_ff$1317 ($_DFF_PN0_): CLK=\osc_clk, D=\u_gate._5786_.D, Q=\u_gate._5786_.IQ
Replacing miter_top.$flatten\u_gate.\_5787_.$auto$liberty.cc:270:create_ff$1317 ($_DFF_PN0_): CLK=\osc_clk, D=\u_gate._5787_.D, Q=\u_gate._5787_.IQ
Replacing miter_top.$flatten\u_gate.\_5995_.$auto$liberty.cc:270:create_ff$1317 ($_DFF_PN0_): CLK=\osc_clk, D=\u_gate._5994_.IQ, Q=\u_gate._5995_.IQ
Replacing miter_top.$flatten\u_gate.\_5788_.$auto$liberty.cc:270:create_ff$1317 ($_DFF_PN0_): CLK=\osc_clk, D=\u_gate._5788_.D, Q=\u_gate._5788_.IQ
Replacing miter_top.$flatten\u_gate.\_6616_.$auto$liberty.cc:270:create_ff$1317 ($_DFF_PN0_): CLK=\osc_clk, D=\u_gate._6600_.D, Q=\u_gate._6616_.IQ
Replacing miter_top.$flatten\u_gate.\_5789_.$auto$liberty.cc:270:create_ff$1317 ($_DFF_PN0_): CLK=\osc_clk, D=\u_gate._5789_.D, Q=\u_gate._5789_.IQ
Replacing miter_top.$flatten\u_gate.\_6615_.$auto$liberty.cc:270:create_ff$1317 ($_DFF_PN0_): CLK=\osc_clk, D=\u_gate._6599_.D, Q=\u_gate._6615_.IQ
Replacing miter_top.$flatten\u_gate.\_5790_.$auto$liberty.cc:270:create_ff$1317 ($_DFF_PN0_): CLK=\osc_clk, D=\u_gate._5790_.D, Q=\u_gate._5790_.IQ
Replacing miter_top.$flatten\u_gate.\_6460_.$auto$liberty.cc:270:create_ff$1317 ($_DFF_PN0_): CLK=\osc_clk, D=\u_gate._6204_.D, Q=\u_gate._6460_.IQ
Replacing miter_top.$flatten\u_gate.\_5791_.$auto$liberty.cc:270:create_ff$1317 ($_DFF_PN0_): CLK=\osc_clk, D=\u_gate._5791_.D, Q=\u_gate._5791_.IQ
Replacing miter_top.$flatten\u_gate.\_5997_.$auto$liberty.cc:270:create_ff$1317 ($_DFF_PN0_): CLK=\osc_clk, D=\u_gate._5996_.IQ, Q=\u_gate._5997_.IQ
Replacing miter_top.$flatten\u_gate.\_5792_.$auto$liberty.cc:270:create_ff$1317 ($_DFF_PN0_): CLK=\osc_clk, D=\u_gate._5792_.D, Q=\u_gate._5792_.IQ
Replacing miter_top.$flatten\u_gate.\_6613_.$auto$liberty.cc:270:create_ff$1317 ($_DFF_PN0_): CLK=\osc_clk, D=\u_gate._6597_.D, Q=\u_gate._6613_.IQ
Replacing miter_top.$flatten\u_gate.\_6459_.$auto$liberty.cc:270:create_ff$1317 ($_DFF_PN0_): CLK=\osc_clk, D=\u_gate._6203_.D, Q=\u_gate._6459_.IQ
Replacing miter_top.$flatten\u_gate.\_5793_.$auto$liberty.cc:270:create_ff$1317 ($_DFF_PN0_): CLK=\osc_clk, D=\u_gate._5793_.D, Q=\u_gate._5793_.IQ
Replacing miter_top.$flatten\u_gate.\_6612_.$auto$liberty.cc:270:create_ff$1317 ($_DFF_PN0_): CLK=\osc_clk, D=\u_gate._6596_.D, Q=\u_gate._6612_.IQ
Replacing miter_top.$flatten\u_gate.\_5794_.$auto$liberty.cc:270:create_ff$1317 ($_DFF_PN0_): CLK=\osc_clk, D=\u_gate._5794_.D, Q=\u_gate._5794_.IQ
Replacing miter_top.$flatten\u_gate.\_5795_.$auto$liberty.cc:270:create_ff$1317 ($_DFF_PN0_): CLK=\osc_clk, D=\u_gate._5795_.D, Q=\u_gate._5795_.IQ
Replacing miter_top.$flatten\u_gate.\_6114_.$auto$liberty.cc:270:create_ff$1317 ($_DFF_PN0_): CLK=\osc_clk, D=\u_gate._6113_.IQ, Q=\u_gate._6114_.IQ
Replacing miter_top.$flatten\u_gate.\_5796_.$auto$liberty.cc:270:create_ff$1317 ($_DFF_PN0_): CLK=\osc_clk, D=\u_gate._5796_.D, Q=\u_gate._5796_.IQ
Replacing miter_top.$flatten\u_gate.\_6610_.$auto$liberty.cc:270:create_ff$1317 ($_DFF_PN0_): CLK=\osc_clk, D=\u_gate._6594_.D, Q=\u_gate._6610_.IQ
Replacing miter_top.$flatten\u_gate.\_6000_.$auto$liberty.cc:270:create_ff$1317 ($_DFF_PN0_): CLK=\osc_clk, D=\u_gate._5999_.IQ, Q=\u_gate._6000_.IQ
Replacing miter_top.$flatten\u_gate.\_5797_.$auto$liberty.cc:270:create_ff$1317 ($_DFF_PN0_): CLK=\osc_clk, D=\u_gate._5797_.D, Q=\u_gate._5797_.IQ
Replacing miter_top.$flatten\u_gate.\_6609_.$auto$liberty.cc:270:create_ff$1317 ($_DFF_PN0_): CLK=\osc_clk, D=\u_gate._6609_.D, Q=\u_gate._6609_.IQ
Replacing miter_top.$flatten\u_gate.\_5798_.$auto$liberty.cc:270:create_ff$1317 ($_DFF_PN0_): CLK=\osc_clk, D=\u_gate._5798_.D, Q=\u_gate._5798_.IQ
Replacing miter_top.$flatten\u_gate.\_6001_.$auto$liberty.cc:270:create_ff$1317 ($_DFF_PN0_): CLK=\osc_clk, D=\u_gate._6000_.IQ, Q=\u_gate._6001_.IQ
Replacing miter_top.$flatten\u_gate.\_5799_.$auto$liberty.cc:270:create_ff$1317 ($_DFF_PN0_): CLK=\osc_clk, D=\u_gate._5799_.D, Q=\u_gate._5799_.IQ
Replacing miter_top.$flatten\u_gate.\_6456_.$auto$liberty.cc:270:create_ff$1317 ($_DFF_PN0_): CLK=\osc_clk, D=\u_gate._6200_.D, Q=\u_gate._6456_.IQ
Replacing miter_top.$flatten\u_gate.\_5800_.$auto$liberty.cc:270:create_ff$1317 ($_DFF_PN0_): CLK=\osc_clk, D=\u_gate._5800_.D, Q=\u_gate._5800_.IQ
Replacing miter_top.$flatten\u_gate.\_6607_.$auto$liberty.cc:270:create_ff$1317 ($_DFF_PN0_): CLK=\osc_clk, D=\u_gate._6607_.D, Q=\u_gate._6607_.IQ
Replacing miter_top.$flatten\u_gate.\_5801_.$auto$liberty.cc:270:create_ff$1317 ($_DFF_PN0_): CLK=\osc_clk, D=\u_gate._5801_.D, Q=\u_gate._5801_.IQ
Replacing miter_top.$flatten\u_gate.\_6606_.$auto$liberty.cc:270:create_ff$1317 ($_DFF_PN0_): CLK=\osc_clk, D=\u_gate._6606_.D, Q=\u_gate._6606_.IQ
Replacing miter_top.$flatten\u_gate.\_5802_.$auto$liberty.cc:270:create_ff$1317 ($_DFF_PN0_): CLK=\osc_clk, D=\u_gate._5802_.D, Q=\u_gate._5802_.IQ
Replacing miter_top.$flatten\u_gate.\_5803_.$auto$liberty.cc:270:create_ff$1317 ($_DFF_PN0_): CLK=\osc_clk, D=\u_gate._5803_.D, Q=\u_gate._5803_.IQ
Replacing miter_top.$flatten\u_gate.\_6370_.$auto$liberty.cc:270:create_ff$1317 ($_DFF_PN0_): CLK=\osc_clk, D=\u_gate._6242_.D, Q=\u_gate._6370_.IQ
Replacing miter_top.$flatten\u_gate.\_6004_.$auto$liberty.cc:270:create_ff$1317 ($_DFF_PN0_): CLK=\osc_clk, D=\u_gate._6003_.IQ, Q=\u_gate._6004_.IQ
Replacing miter_top.$flatten\u_gate.\_5804_.$auto$liberty.cc:270:create_ff$1317 ($_DFF_PN0_): CLK=\osc_clk, D=\u_gate._5804_.D, Q=\u_gate._5804_.IQ
Replacing miter_top.$flatten\u_gate.\_6604_.$auto$liberty.cc:270:create_ff$1317 ($_DFF_PN0_): CLK=\osc_clk, D=\u_gate._6604_.D, Q=\u_gate._6604_.IQ
Replacing miter_top.$flatten\u_gate.\_6454_.$auto$liberty.cc:270:create_ff$1317 ($_DFF_PN0_): CLK=\osc_clk, D=\u_gate._6198_.D, Q=\u_gate._6454_.IQ
Replacing miter_top.$flatten\u_gate.\_5805_.$auto$liberty.cc:270:create_ff$1317 ($_DFF_PN0_): CLK=\osc_clk, D=\u_gate._5805_.D, Q=\u_gate._5805_.IQ
Replacing miter_top.$flatten\u_gate.\_6603_.$auto$liberty.cc:270:create_ff$1317 ($_DFF_PN0_): CLK=\osc_clk, D=\u_gate._6603_.D, Q=\u_gate._6603_.IQ
Replacing miter_top.$flatten\u_gate.\_5806_.$auto$liberty.cc:270:create_ff$1317 ($_DFF_PN0_): CLK=\osc_clk, D=\u_gate._5806_.D, Q=\u_gate._5806_.IQ
Replacing miter_top.$flatten\u_gate.\_5807_.$auto$liberty.cc:270:create_ff$1317 ($_DFF_PN0_): CLK=\osc_clk, D=\u_gate._5807_.D, Q=\u_gate._5807_.IQ
Replacing miter_top.$flatten\u_gate.\_6006_.$auto$liberty.cc:270:create_ff$1317 ($_DFF_PN0_): CLK=\osc_clk, D=\u_gate._6005_.IQ, Q=\u_gate._6006_.IQ
Replacing miter_top.$flatten\u_gate.\_5808_.$auto$liberty.cc:270:create_ff$1317 ($_DFF_PN0_): CLK=\osc_clk, D=\u_gate._5808_.D, Q=\u_gate._5808_.IQ
Replacing miter_top.$flatten\u_gate.\_6601_.$auto$liberty.cc:270:create_ff$1317 ($_DFF_PN0_): CLK=\osc_clk, D=\u_gate._6601_.D, Q=\u_gate._6601_.IQ
Replacing miter_top.$flatten\u_gate.\_5809_.$auto$liberty.cc:270:create_ff$1317 ($_DFF_PN0_): CLK=\osc_clk, D=\u_gate._5809_.D, Q=\u_gate._5809_.IQ
Replacing miter_top.$flatten\u_gate.\_6600_.$auto$liberty.cc:270:create_ff$1317 ($_DFF_PN0_): CLK=\osc_clk, D=\u_gate._6600_.D, Q=\u_gate._6600_.IQ
Replacing miter_top.$flatten\u_gate.\_5810_.$auto$liberty.cc:270:create_ff$1317 ($_DFF_PN0_): CLK=\osc_clk, D=\u_gate._5810_.D, Q=\u_gate._5810_.IQ
Replacing miter_top.$flatten\u_gate.\_5811_.$auto$liberty.cc:270:create_ff$1317 ($_DFF_PN0_): CLK=\osc_clk, D=\u_gate._5811_.D, Q=\u_gate._5811_.IQ
Replacing miter_top.$flatten\u_gate.\_6451_.$auto$liberty.cc:270:create_ff$1317 ($_DFF_PN0_): CLK=\osc_clk, D=\u_gate._6195_.D, Q=\u_gate._6451_.IQ
Replacing miter_top.$flatten\u_gate.\_5812_.$auto$liberty.cc:270:create_ff$1317 ($_DFF_PN0_): CLK=\osc_clk, D=\u_gate._5812_.D, Q=\u_gate._5812_.IQ
Replacing miter_top.$flatten\u_gate.\_6598_.$auto$liberty.cc:270:create_ff$1317 ($_DFF_PN0_): CLK=\osc_clk, D=\u_gate._6598_.D, Q=\u_gate._6598_.IQ
Replacing miter_top.$flatten\u_gate.\_6009_.$auto$liberty.cc:270:create_ff$1317 ($_DFF_PN0_): CLK=\osc_clk, D=\u_gate._6008_.IQ, Q=\u_gate._6009_.IQ
Replacing miter_top.$flatten\u_gate.\_5813_.$auto$liberty.cc:270:create_ff$1317 ($_DFF_PN0_): CLK=\osc_clk, D=\u_gate._5813_.D, Q=\u_gate._5813_.IQ
Replacing miter_top.$flatten\u_gate.\_6597_.$auto$liberty.cc:270:create_ff$1317 ($_DFF_PN0_): CLK=\osc_clk, D=\u_gate._6597_.D, Q=\u_gate._6597_.IQ
Replacing miter_top.$flatten\u_gate.\_5814_.$auto$liberty.cc:270:create_ff$1317 ($_DFF_PN0_): CLK=\osc_clk, D=\u_gate._5814_.D, Q=\u_gate._5814_.IQ
Replacing miter_top.$flatten\u_gate.\_6010_.$auto$liberty.cc:270:create_ff$1317 ($_DFF_PN0_): CLK=\osc_clk, D=\u_gate._6009_.IQ, Q=\u_gate._6010_.IQ
Replacing miter_top.$flatten\u_gate.\_5815_.$auto$liberty.cc:270:create_ff$1317 ($_DFF_PN0_): CLK=\osc_clk, D=\u_gate._5815_.D, Q=\u_gate._5815_.IQ
Replacing miter_top.$flatten\u_gate.\_5816_.$auto$liberty.cc:270:create_ff$1317 ($_DFF_PN0_): CLK=\osc_clk, D=\u_gate._5816_.D, Q=\u_gate._5816_.IQ
Replacing miter_top.$flatten\u_gate.\_6595_.$auto$liberty.cc:270:create_ff$1317 ($_DFF_PN0_): CLK=\osc_clk, D=\u_gate._6595_.D, Q=\u_gate._6595_.IQ
Replacing miter_top.$flatten\u_gate.\_5817_.$auto$liberty.cc:270:create_ff$1317 ($_DFF_PN0_): CLK=\osc_clk, D=\u_gate._5817_.D, Q=\u_gate._5817_.IQ
Replacing miter_top.$flatten\u_gate.\_6594_.$auto$liberty.cc:270:create_ff$1317 ($_DFF_PN0_): CLK=\osc_clk, D=\u_gate._6594_.D, Q=\u_gate._6594_.IQ
Replacing miter_top.$flatten\u_gate.\_5818_.$auto$liberty.cc:270:create_ff$1317 ($_DFF_PN0_): CLK=\osc_clk, D=\u_gate._5818_.D, Q=\u_gate._5818_.IQ
Replacing miter_top.$flatten\u_gate.\_5819_.$auto$liberty.cc:270:create_ff$1317 ($_DFF_PN0_): CLK=\osc_clk, D=\u_gate._5819_.D, Q=\u_gate._5819_.IQ
Replacing miter_top.$flatten\u_gate.\_6013_.$auto$liberty.cc:270:create_ff$1317 ($_DFF_PN0_): CLK=\osc_clk, D=\u_gate._6012_.IQ, Q=\u_gate._6013_.IQ
Replacing miter_top.$flatten\u_gate.\_5820_.$auto$liberty.cc:270:create_ff$1317 ($_DFF_PN0_): CLK=\osc_clk, D=\u_gate._5820_.D, Q=\u_gate._5820_.IQ
Replacing miter_top.$flatten\u_gate.\_6592_.$auto$liberty.cc:270:create_ff$1317 ($_DFF_PN0_): CLK=\osc_clk, D=\u_gate._6560_.D, Q=\u_gate._6592_.IQ
Replacing miter_top.$flatten\u_gold.\u_core.\u_regfile.$procdff$993 ($adff): CLK=\osc_clk, D=$flatten\u_gold.\u_core.\u_regfile.$0\soft_time_l[7:0], Q=\u_gold.u_core.u_regfile.soft_time_l
Replacing miter_top.$flatten\u_gold.\u_core.\u_seu.\u_phase.\u_c.$procdff$893 ($adff): CLK=\osc_clk, D=\u_gold.u_core.u_seu.u_phase.u_a.d, Q=\u_gold.u_core.u_seu.u_phase.u_c.q
Replacing miter_top.$flatten\u_gold.\u_core.\u_regfile.$procdff$998 ($adff): CLK=\osc_clk, D=$flatten\u_gold.\u_core.\u_regfile.$0\soft_time_h[7:0], Q=\u_gold.u_core.u_regfile.soft_time_h
Replacing miter_top.$flatten\u_gold.\u_core.\u_seu.\u_phase.\u_b.$procdff$893 ($adff): CLK=\osc_clk, D=\u_gold.u_core.u_seu.u_phase.u_a.d, Q=\u_gold.u_core.u_seu.u_phase.u_b.q
Replacing miter_top.$flatten\u_gold.\u_core.\u_seu.\u_phase.\u_a.$procdff$893 ($adff): CLK=\osc_clk, D=\u_gold.u_core.u_seu.u_phase.u_a.d, Q=\u_gold.u_core.u_seu.u_phase.u_a.q
Replacing miter_top.$flatten\u_gold.\u_core.\u_seu.\u_fill.\u_c.$procdff$883 ($adff): CLK=\osc_clk, D=\u_gold.u_core.u_seu.u_fill.u_a.d, Q=\u_gold.u_core.u_seu.u_fill.u_c.q
Replacing miter_top.$flatten\u_gold.\u_core.\u_regfile.$procdff$1023 ($adff): CLK=\osc_clk, D=$flatten\u_gold.\u_core.\u_regfile.$0\osc_div[2:0], Q=\u_gold.u_core.u_regfile.osc_div
Replacing miter_top.$flatten\u_gold.\u_core.\u_seu.\u_fill.\u_b.$procdff$883 ($adff): CLK=\osc_clk, D=\u_gold.u_core.u_seu.u_fill.u_a.d, Q=\u_gold.u_core.u_seu.u_fill.u_b.q
Replacing miter_top.$flatten\u_gold.\u_core.$procdff$903 ($adff): CLK=\osc_clk, D={ \u_gold.u_core.fast_dly [1:0] 1'1 }, Q=\u_gold.u_core.fast_dly
Replacing miter_top.$flatten\u_gold.\u_core.\u_seu.\u_fill.\u_a.$procdff$883 ($adff): CLK=\osc_clk, D=\u_gold.u_core.u_seu.u_fill.u_a.d, Q=\u_gold.u_core.u_seu.u_fill.u_a.q
Replacing miter_top.$flatten\u_gold.\u_core.$procdff$928 ($adff): CLK=\osc_clk, D={ \u_gold.u_core.en_hist [5:0] \u_gold.u_core.en_sync [1] }, Q=\u_gold.u_core.en_hist
Replacing miter_top.$flatten\u_gold.\u_core.$procdff$908 ($adff): CLK=\osc_clk, D=$flatten\u_gold.\u_core.$0\cmp_clk_q[0:0], Q=\u_gold.u_core.cmp_clk_q
Replacing miter_top.$flatten\u_gold.\u_core.\u_seu.\u_pat_d.\u_c.$procdff$888 ($adff): CLK=\osc_clk, D=\u_gold.u_core.u_regfile.seu_ctrl [2:1], Q=\u_gold.u_core.u_seu.u_pat_d.u_c.q
Replacing miter_top.$flatten\u_gold.\u_core.\u_seu.\u_pat_d.\u_b.$procdff$888 ($adff): CLK=\osc_clk, D=\u_gold.u_core.u_regfile.seu_ctrl [2:1], Q=\u_gold.u_core.u_seu.u_pat_d.u_b.q
Replacing miter_top.$flatten\u_gold.\u_core.\u_seu.\u_pat_d.\u_a.$procdff$888 ($adff): CLK=\osc_clk, D=\u_gold.u_core.u_regfile.seu_ctrl [2:1], Q=\u_gold.u_core.u_seu.u_pat_d.u_a.q
Replacing miter_top.$flatten\u_gold.\u_core.$procdff$913 ($adff): CLK=\osc_clk, D=1'1, Q=\u_gold.u_core.rs0
Replacing miter_top.$flatten\u_gold.\u_core.$procdff$938 ($adff): CLK=\osc_clk, D=$flatten\u_gold.\u_core.$0\en_seen[0:0], Q=\u_gold.u_core.en_seen
Replacing miter_top.$flatten\u_gold.\u_core.\u_seu.\u_en_d.\u_c.$procdff$893 ($adff): CLK=\osc_clk, D=\u_gold.u_core.u_regfile.seu_ctrl [0], Q=\u_gold.u_core.u_seu.u_en_d.u_c.q
Replacing miter_top.$flatten\u_gold.\u_core.$procdff$918 ($adff): CLK=\osc_clk, D=\u_gold.u_core.rs0, Q=\u_gold.u_core.rs1
Replacing miter_top.$flatten\u_gold.\u_core.\u_seu.\u_en_d.\u_b.$procdff$893 ($adff): CLK=\osc_clk, D=\u_gold.u_core.u_regfile.seu_ctrl [0], Q=\u_gold.u_core.u_seu.u_en_d.u_b.q
Replacing miter_top.$flatten\u_gold.\u_core.\u_seu.\u_en_d.\u_a.$procdff$893 ($adff): CLK=\osc_clk, D=\u_gold.u_core.u_regfile.seu_ctrl [0], Q=\u_gold.u_core.u_seu.u_en_d.u_a.q
Replacing miter_top.$flatten\u_gold.\u_core.$procdff$933 ($adff): CLK=\osc_clk, D=$flatten\u_gold.\u_core.$0\en_off[0:0], Q=\u_gold.u_core.en_off
Replacing miter_top.$flatten\u_gold.\u_core.$procdff$923 ($adff): CLK=\osc_clk, D={ \u_gold.u_core.en_sync [0] \en }, Q=\u_gold.u_core.en_sync
Replacing miter_top.$flatten\u_gold.\u_core.\u_seu.\u_plain.$procdff$863 ($adff): CLK=\osc_clk, D={ \u_gold.u_core.u_seu.u_plain.q [254:0] \u_gold.u_core.u_seu.u_plain.d [0] }, Q=\u_gold.u_core.u_seu.u_plain.q
Replacing miter_top.$flatten\u_gold.\u_core.\u_seu.\u_tmr_a.$procdff$858 ($adff): CLK=\osc_clk, D={ \u_gold.u_core.u_seu.vote [126:0] \u_gold.u_core.u_seu.u_tmr_a.d [0] }, Q=\u_gold.u_core.u_seu.u_tmr_a.q
Replacing miter_top.$flatten\u_gold.\u_core.\u_seu.\u_tmr_b.$procdff$858 ($adff): CLK=\osc_clk, D={ \u_gold.u_core.u_seu.vote [126:0] \u_gold.u_core.u_seu.pat_bit }, Q=\u_gold.u_core.u_seu.u_tmr_b.q
Replacing miter_top.$flatten\u_gold.\u_core.\u_seu.\u_tmr_c.$procdff$858 ($adff): CLK=\osc_clk, D={ \u_gold.u_core.u_seu.vote [126:0] \u_gold.u_core.u_seu.pat_bit }, Q=\u_gold.u_core.u_seu.u_tmr_c.q
Replacing miter_top.$flatten\u_gold.\u_core.\u_serial.\u_sync_rd.$procdff$1203 ($adff): CLK=\osc_clk, D=\u_gold.u_core.u_serial.u_sync_rd.s0, Q=\u_gold.u_core.u_serial.u_sync_rd.s1
Replacing miter_top.$flatten\u_gold.\u_core.\u_serial.\u_sync_rd.$procdff$1198 ($adff): CLK=\osc_clk, D=\u_gold.u_core.u_serial.rd_tog, Q=\u_gold.u_core.u_serial.u_sync_rd.s0
Replacing miter_top.$flatten\u_gold.\u_core.\u_seu.\u_cnt_plain.\u_c.$procdff$898 ($adff): CLK=\osc_clk, D=\u_gold.u_core.u_seu.u_cnt_plain.u_a.d, Q=\u_gold.u_core.u_seu.u_cnt_plain.u_c.q
Replacing miter_top.$flatten\u_gold.\u_core.\u_seu.\u_cnt_plain.\u_b.$procdff$898 ($adff): CLK=\osc_clk, D=\u_gold.u_core.u_seu.u_cnt_plain.u_a.d, Q=\u_gold.u_core.u_seu.u_cnt_plain.u_b.q
Replacing miter_top.$flatten\u_gold.\u_core.\u_seu.\u_cnt_plain.\u_a.$procdff$898 ($adff): CLK=\osc_clk, D=\u_gold.u_core.u_seu.u_cnt_plain.u_a.d, Q=\u_gold.u_core.u_seu.u_cnt_plain.u_a.q
Replacing miter_top.$flatten\u_gold.\u_core.\u_serial.\u_sync_wr.$procdff$1203 ($adff): CLK=\osc_clk, D=\u_gold.u_core.u_serial.u_sync_wr.s0, Q=\u_gold.u_core.u_serial.u_sync_wr.s1
Replacing miter_top.$flatten\u_gold.\u_core.\u_serial.\u_sync_wr.$procdff$1198 ($adff): CLK=\osc_clk, D=\u_gold.u_core.u_serial.wr_tog, Q=\u_gold.u_core.u_serial.u_sync_wr.s0
Replacing miter_top.$flatten\u_gold.\u_core.\u_seu.\u_cnt_corr.\u_c.$procdff$898 ($adff): CLK=\osc_clk, D=\u_gold.u_core.u_seu.u_cnt_corr.u_a.d, Q=\u_gold.u_core.u_seu.u_cnt_corr.u_c.q
Replacing miter_top.$flatten\u_gold.\u_core.\u_seu.\u_cnt_corr.\u_b.$procdff$898 ($adff): CLK=\osc_clk, D=\u_gold.u_core.u_seu.u_cnt_corr.u_a.d, Q=\u_gold.u_core.u_seu.u_cnt_corr.u_b.q
Replacing miter_top.$flatten\u_gold.\u_core.\u_seu.\u_cnt_corr.\u_a.$procdff$898 ($adff): CLK=\osc_clk, D=\u_gold.u_core.u_seu.u_cnt_corr.u_a.d, Q=\u_gold.u_core.u_seu.u_cnt_corr.u_a.q
Replacing miter_top.$flatten\u_gold.\u_core.\u_serial.\u_sync_sclk.$procdff$1203 ($adff): CLK=\osc_clk, D=\u_gold.u_core.u_serial.u_sync_sclk.s0, Q=\u_gold.u_core.u_serial.u_sync_sclk.s1
Replacing miter_top.$flatten\u_gold.\u_core.\u_serial.\u_sync_sclk.$procdff$1198 ($adff): CLK=\osc_clk, D=\sclk, Q=\u_gold.u_core.u_serial.u_sync_sclk.s0
Replacing miter_top.$flatten\u_gold.\u_core.\u_seu.\u_cnt_unc.\u_c.$procdff$868 ($adff): CLK=\osc_clk, D=\u_gold.u_core.u_seu.u_cnt_unc.u_a.d, Q=\u_gold.u_core.u_seu.u_cnt_unc.u_c.q
Replacing miter_top.$flatten\u_gold.\u_core.\u_seu.\u_cnt_unc.\u_b.$procdff$868 ($adff): CLK=\osc_clk, D=\u_gold.u_core.u_seu.u_cnt_unc.u_a.d, Q=\u_gold.u_core.u_seu.u_cnt_unc.u_b.q
Replacing miter_top.$flatten\u_gold.\u_core.\u_serial.$procdff$1163 ($adff): CLK=\sclk, D=$flatten\u_gold.\u_core.\u_serial.$0\wr_data_r[7:0], Q=\u_gold.u_core.u_serial.wr_data_r
Replacing miter_top.$flatten\u_gold.\u_core.\u_seu.\u_cnt_unc.\u_a.$procdff$868 ($adff): CLK=\osc_clk, D=\u_gold.u_core.u_seu.u_cnt_unc.u_a.d, Q=\u_gold.u_core.u_seu.u_cnt_unc.u_a.q
Replacing miter_top.$flatten\u_gold.\u_core.\u_serial.$procdff$1183 ($adff): CLK=\sclk, D=$flatten\u_gold.\u_core.\u_serial.$0\rd_frame[0:0], Q=\u_gold.u_core.u_serial.rd_frame
Replacing miter_top.$flatten\u_gold.\u_core.\u_serial.$procdff$1158 ($adff): CLK=\sclk, D=$flatten\u_gold.\u_core.\u_serial.$0\rd_addr_r[6:0], Q=\u_gold.u_core.u_serial.rd_addr_r
Replacing miter_top.$flatten\u_gold.\u_core.\u_seu.\u_run_max.\u_c.$procdff$868 ($adff): CLK=\osc_clk, D=\u_gold.u_core.u_seu.u_run_max.u_a.d, Q=\u_gold.u_core.u_seu.u_run_max.u_c.q
Replacing miter_top.$flatten\u_gold.\u_core.\u_seu.\u_run_max.\u_b.$procdff$868 ($adff): CLK=\osc_clk, D=\u_gold.u_core.u_seu.u_run_max.u_a.d, Q=\u_gold.u_core.u_seu.u_run_max.u_b.q
Replacing miter_top.$flatten\u_gold.\u_core.\u_seu.\u_run_max.\u_a.$procdff$868 ($adff): CLK=\osc_clk, D=\u_gold.u_core.u_seu.u_run_max.u_a.d, Q=\u_gold.u_core.u_seu.u_run_max.u_a.q
Replacing miter_top.$flatten\u_gold.\u_core.\u_serial.$procdff$1153 ($adff): CLK=\sclk, D=$flatten\u_gold.\u_core.\u_serial.$0\wr_addr_r[6:0], Q=\u_gold.u_core.u_serial.wr_addr_r
Replacing miter_top.$flatten\u_gold.\u_core.\u_seu.\u_run_cur.\u_c.$procdff$868 ($adff): CLK=\osc_clk, D=\u_gold.u_core.u_seu.u_run_cur.u_a.d, Q=\u_gold.u_core.u_seu.u_run_cur.u_c.q
Replacing miter_top.$flatten\u_gold.\u_core.\u_serial.$procdff$1148 ($adff): CLK=\sclk, D=$flatten\u_gold.\u_core.\u_serial.$0\cmd_addr[6:0], Q=\u_gold.u_core.u_serial.cmd_addr
Replacing miter_top.$flatten\u_gold.\u_core.\u_seu.\u_run_cur.\u_b.$procdff$868 ($adff): CLK=\osc_clk, D=\u_gold.u_core.u_seu.u_run_cur.u_a.d, Q=\u_gold.u_core.u_seu.u_run_cur.u_b.q
Replacing miter_top.$flatten\u_gold.\u_core.\u_serial.$procdff$1178 ($adff): CLK=\sclk, D=$flatten\u_gold.\u_core.\u_serial.$0\bit_cnt[4:0], Q=\u_gold.u_core.u_serial.bit_cnt
Replacing miter_top.$flatten\u_gold.\u_core.\u_seu.\u_run_cur.\u_a.$procdff$868 ($adff): CLK=\osc_clk, D=\u_gold.u_core.u_seu.u_run_cur.u_a.d, Q=\u_gold.u_core.u_seu.u_run_cur.u_a.q
Replacing miter_top.$flatten\u_gold.\u_core.\u_serial.$procdff$1143 ($adff): CLK=\sclk, D={ \u_gold.u_core.u_serial.shreg [5:0] \sdi }, Q=\u_gold.u_core.u_serial.shreg
Replacing miter_top.$flatten\u_gold.\u_core.\u_serial.$procdff$1188 ($adff): CLK=\osc_clk, D=$flatten\u_gold.\u_core.\u_serial.$0\idle_cnt[6:0], Q=\u_gold.u_core.u_serial.idle_cnt
Replacing miter_top.$flatten\u_gold.\u_core.\u_serial.$procdff$1138 ($adff): CLK=\osc_clk, D=$flatten\u_gold.\u_core.\u_serial.$0\rd_hold[7:0], Q=\u_gold.u_core.u_serial.rd_hold
Replacing miter_top.$flatten\u_gold.\u_core.\u_trip.$procdff$1103 ($adff): CLK=\osc_clk, D=$flatten\u_gold.\u_core.\u_trip.$0\hold_cnt[20:0], Q=\u_gold.u_core.u_trip.hold_cnt
Replacing miter_top.$flatten\u_gold.\u_core.\u_trip.$procdff$1038 ($adff): CLK=\osc_clk, D=$flatten\u_gold.\u_core.\u_trip.$0\trip_cause[1:0], Q=\u_gold.u_core.u_trip.trip_cause
Replacing miter_top.$flatten\u_gold.\u_core.\u_trip.$procdff$1083 ($adff): CLK=\osc_clk, D=$flatten\u_gold.\u_core.\u_trip.$0\decay_pre[5:0], Q=\u_gold.u_core.u_trip.decay_pre
Replacing miter_top.$flatten\u_gold.\u_core.\u_trip.$procdff$1043 ($adff): CLK=\osc_clk, D=$flatten\u_gold.\u_core.\u_trip.$0\gave_up[0:0], Q=\u_gold.u_core.u_trip.gave_up
Replacing miter_top.$flatten\u_gold.\u_core.\u_serial.$procdff$1133 ($adff): CLK=\osc_clk, D=\u_gold.u_core.u_serial.u_sync_rd.s1, Q=\u_gold.u_core.u_serial.rd_tog_d
Replacing miter_top.$flatten\u_gold.\u_core.\u_serial.$procdff$1173 ($adff): CLK=\sclk, D=$flatten\u_gold.\u_core.\u_serial.$0\rd_tog[0:0], Q=\u_gold.u_core.u_serial.rd_tog
Replacing miter_top.$flatten\u_gold.\u_core.\u_trip.$procdff$1048 ($adff): CLK=\osc_clk, D=$flatten\u_gold.\u_core.\u_trip.$0\retry_cnt[7:0], Q=\u_gold.u_core.u_trip.retry_cnt
Replacing miter_top.$flatten\u_gold.\u_core.\u_trip.$procdff$1098 ($adff): CLK=\osc_clk, D=$flatten\u_gold.\u_core.\u_trip.$0\clr_pulse[1:0], Q=\u_gold.u_core.u_trip.clr_pulse
Replacing miter_top.$flatten\u_gold.\u_core.\u_trip.$procdff$1053 ($adff): CLK=\osc_clk, D=$flatten\u_gold.\u_core.\u_trip.$0\trip_cnt[15:0], Q=\u_gold.u_core.u_trip.trip_cnt
Replacing miter_top.$flatten\u_gold.\u_core.\u_serial.$procdff$1128 ($adff): CLK=\osc_clk, D=\u_gold.u_core.u_serial.u_sync_wr.s1, Q=\u_gold.u_core.u_serial.wr_tog_d
Replacing miter_top.$flatten\u_gold.\u_core.\u_trip.$procdff$1088 ($adff): CLK=\osc_clk, D=$flatten\u_gold.\u_core.\u_trip.$0\hard_cnt[7:0], Q=\u_gold.u_core.u_trip.hard_cnt
Replacing miter_top.$flatten\u_gold.\u_core.\u_trip.$procdff$1058 ($adff): CLK=\osc_clk, D=$flatten\u_gold.\u_core.\u_trip.$0\soft_peak[15:0], Q=\u_gold.u_core.u_trip.soft_peak
Replacing miter_top.$flatten\u_gold.\u_core.\u_serial.$procdff$1193 ($adff): CLK=\osc_clk, D=$flatten\u_gold.\u_core.\u_serial.$0\frame_rst[0:0], Q=\u_gold.u_core.u_serial.frame_rst
Replacing miter_top.$flatten\u_gold.\u_core.\u_trip.$procdff$1063 ($adff): CLK=\osc_clk, D=$flatten\u_gold.\u_core.\u_trip.$0\tripped[0:0], Q=\u_gold.u_core.u_trip.tripped
Replacing miter_top.$flatten\u_gold.\u_core.\u_serial.$procdff$1123 ($adff): CLK=\osc_clk, D=$flatten\u_gold.\u_core.\u_serial.$0\rd_en[0:0], Q=\u_gold.u_core.u_serial.rd_en
Replacing miter_top.$flatten\u_gold.\u_core.\u_trip.$procdff$1068 ($adff): CLK=\osc_clk, D=$flatten\u_gold.\u_core.\u_trip.$0\inrush_cnt[16:0], Q=\u_gold.u_core.u_trip.inrush_cnt
Replacing miter_top.$flatten\u_gold.\u_core.\u_trip.$procdff$1093 ($adff): CLK=\osc_clk, D=$flatten\u_gold.\u_core.\u_trip.$0\clr_mask[2:0], Q=\u_gold.u_core.u_trip.clr_mask
Replacing miter_top.$flatten\u_gold.\u_core.\u_trip.$procdff$1073 ($adff): CLK=\osc_clk, D=$flatten\u_gold.\u_core.\u_trip.$0\inrush_done[0:0], Q=\u_gold.u_core.u_trip.inrush_done
Replacing miter_top.$flatten\u_gold.\u_core.\u_serial.$procdff$1118 ($adff): CLK=\osc_clk, D=$flatten\u_gold.\u_core.\u_serial.$0\wr_en[0:0], Q=\u_gold.u_core.u_serial.wr_en
Replacing miter_top.$flatten\u_gold.\u_core.\u_serial.$procdff$1168 ($adff): CLK=\sclk, D=$flatten\u_gold.\u_core.\u_serial.$0\wr_tog[0:0], Q=\u_gold.u_core.u_serial.wr_tog
Replacing miter_top.$flatten\u_gold.\u_core.\u_trip.$procdff$1078 ($adff): CLK=\osc_clk, D=$flatten\u_gold.\u_core.\u_trip.$0\soft_cnt[23:0], Q=\u_gold.u_core.u_trip.soft_cnt
Replacing miter_top.$flatten\u_gold.\u_core.\u_serial.$procdff$1113 ($adff): CLK=\sclk, D=$flatten\u_gold.\u_core.\u_serial.$0\sdo_r[0:0], Q=\u_gold.u_core.u_serial.sdo_r
Replacing miter_top.$flatten\u_gold.\u_core.\u_trip.\u_sync_in.$procdff$873 ($adff): CLK=\osc_clk, D={ \tripped \cmp_hard \cmp_soft }, Q=\u_gold.u_core.u_trip.u_sync_in.s0
Replacing miter_top.$flatten\u_gold.\u_core.\u_trip.\u_sync_in.$procdff$878 ($adff): CLK=\osc_clk, D=\u_gold.u_core.u_trip.u_sync_in.s0, Q=\u_gold.u_core.u_trip.u_sync_in.s1
Replacing miter_top.$flatten\u_gold.\u_core.\u_serial.$procdff$1108 ($adff): CLK=\sclk, D=$flatten\u_gold.\u_core.\u_serial.$0\tx[6:0], Q=\u_gold.u_core.u_serial.tx
Replacing miter_top.$flatten\u_gold.\u_core.\u_regfile.$procdff$1003 ($adff): CLK=\osc_clk, D=$flatten\u_gold.\u_core.\u_regfile.$0\soft_time_h_sh[7:0], Q=\u_gold.u_core.u_regfile.soft_time_h_sh
Replacing miter_top.$flatten\u_gold.\u_core.\u_regfile.$procdff$943 ($adff): CLK=\osc_clk, D=$flatten\u_gold.\u_core.\u_regfile.$0\hi_hold[7:0], Q=\u_gold.u_core.u_regfile.hi_hold
Replacing miter_top.$flatten\u_gold.\u_core.\u_regfile.$procdff$948 ($adff): CLK=\osc_clk, D=$flatten\u_gold.\u_core.\u_regfile.$0\osc_pre[14:0], Q=\u_gold.u_core.u_regfile.osc_pre
Replacing miter_top.$flatten\u_gold.\u_core.\u_regfile.$procdff$953 ($adff): CLK=\osc_clk, D=$flatten\u_gold.\u_core.\u_regfile.$0\osc_cnt[15:0], Q=\u_gold.u_core.u_regfile.osc_cnt
Replacing miter_top.$flatten\u_gold.\u_core.\u_regfile.$procdff$1008 ($adff): CLK=\osc_clk, D=$flatten\u_gold.\u_core.\u_regfile.$0\soft_cfg[3:0], Q=\u_gold.u_core.u_regfile.soft_cfg
Replacing miter_top.$flatten\u_gold.\u_core.\u_regfile.$procdff$958 ($adff): CLK=\osc_clk, D=$flatten\u_gold.\u_core.\u_regfile.$0\hard_n[7:0], Q=\u_gold.u_core.u_regfile.hard_n
Replacing miter_top.$flatten\u_gold.\u_core.\u_regfile.$procdff$963 ($adff): CLK=\osc_clk, D=$flatten\u_gold.\u_core.\u_regfile.$0\inrush[7:0], Q=\u_gold.u_core.u_regfile.inrush
Replacing miter_top.$flatten\u_gold.\u_core.\u_regfile.$procdff$1033 ($adff): CLK=\osc_clk, D=$flatten\u_gold.\u_core.\u_regfile.$0\temp_ctrl[2:0], Q=\u_gold.u_core.u_regfile.temp_ctrl
Replacing miter_top.$flatten\u_gold.\u_core.\u_regfile.$procdff$968 ($adff): CLK=\osc_clk, D=$flatten\u_gold.\u_core.\u_regfile.$0\hold_time[7:0], Q=\u_gold.u_core.u_regfile.hold_time
Replacing miter_top.$flatten\u_gold.\u_core.\u_regfile.$procdff$1013 ($adff): CLK=\osc_clk, D=$flatten\u_gold.\u_core.\u_regfile.$0\mode[5:0], Q=\u_gold.u_core.u_regfile.mode
Replacing miter_top.$flatten\u_gold.\u_core.\u_regfile.$procdff$973 ($adff): CLK=\osc_clk, D=$flatten\u_gold.\u_core.\u_regfile.$0\retry_max[7:0], Q=\u_gold.u_core.u_regfile.retry_max
Replacing miter_top.$flatten\u_gold.\u_core.\u_regfile.$procdff$978 ($adff): CLK=\osc_clk, D=$flatten\u_gold.\u_core.\u_regfile.$0\dac_soft_code[7:0], Q=\u_gold.u_core.u_regfile.dac_soft_code
Replacing miter_top.$flatten\u_gold.\u_core.\u_regfile.$procdff$1028 ($adff): CLK=\osc_clk, D=$flatten\u_gold.\u_core.\u_regfile.$0\osc_ctrl[3:0], Q=\u_gold.u_core.u_regfile.osc_ctrl
Replacing miter_top.$flatten\u_gold.\u_core.\u_regfile.$procdff$983 ($adff): CLK=\osc_clk, D=$flatten\u_gold.\u_core.\u_regfile.$0\dac_hard_code[7:0], Q=\u_gold.u_core.u_regfile.dac_hard_code
Replacing miter_top.$flatten\u_gold.\u_core.\u_regfile.$procdff$1018 ($adff): CLK=\osc_clk, D=$flatten\u_gold.\u_core.\u_regfile.$0\seu_ctrl[2:0], Q=\u_gold.u_core.u_regfile.seu_ctrl
Replacing miter_top.$procdff$9505 ($dff): CLK=\osc_clk, D=1'1, Q=\started
Replacing miter_top.$flatten\u_gold.\u_core.\u_regfile.$procdff$988 ($adff): CLK=\osc_clk, D=$flatten\u_gold.\u_core.\u_regfile.$0\sense_ofs[7:0], Q=\u_gold.u_core.u_regfile.sense_ofs

25. Executing OPT pass (performing simple optimizations).

25.1. Executing OPT_EXPR pass (perform const folding).
Optimizing module miter_top.
<suppressed ~1320 debug messages>

25.2. Executing OPT_MERGE pass (detect identical cells).
Finding identical cells in module `\miter_top'.
Computing hashes of 27101 cells of `\miter_top'.
Finding duplicate cells in `\miter_top'.
Computing hashes of 23934 cells of `\miter_top'.
Finding duplicate cells in `\miter_top'.
Computing hashes of 21302 cells of `\miter_top'.
Finding duplicate cells in `\miter_top'.
Computing hashes of 21293 cells of `\miter_top'.
Finding duplicate cells in `\miter_top'.
Computing hashes of 21291 cells of `\miter_top'.
Finding duplicate cells in `\miter_top'.
<suppressed ~17430 debug messages>
Removed a total of 5810 cells.

25.3. Executing OPT_DFF pass (perform DFF optimizations).

25.4. Executing OPT_CLEAN pass (remove unused cells and wires).
Finding unused cells or wires in module \miter_top..
Removed 2 unused cells and 7140 unused wires.
<suppressed ~15 debug messages>

25.5. Finished fast OPT passes.

26. Executing OPT_CLEAN pass (remove unused cells and wires).
Finding unused cells or wires in module \miter_top..

27. Executing TECHMAP pass (map to technology primitives).

27.1. Executing Verilog-2005 frontend: /foss/tools/yosys/bin/../share/yosys/techmap.v
Parsing Verilog input from `/foss/tools/yosys/bin/../share/yosys/techmap.v' to AST representation.
Generating RTLIL representation for module `\_90_simplemap_bool_ops'.
Generating RTLIL representation for module `\_90_simplemap_reduce_ops'.
Generating RTLIL representation for module `\_90_simplemap_logic_ops'.
Generating RTLIL representation for module `\_90_simplemap_compare_ops'.
Generating RTLIL representation for module `\_90_simplemap_various'.
Generating RTLIL representation for module `\_90_simplemap_registers'.
Generating RTLIL representation for module `\_90_shift_ops_shr_shl_sshl_sshr'.
Generating RTLIL representation for module `\_90_shift_shiftx'.
Generating RTLIL representation for module `\_90_fa'.
Generating RTLIL representation for module `\_90_lcu_brent_kung'.
Generating RTLIL representation for module `\_90_alu'.
Generating RTLIL representation for module `\_90_macc'.
Generating RTLIL representation for module `\_90_alumacc'.
Generating RTLIL representation for module `$__div_mod_u'.
Generating RTLIL representation for module `$__div_mod_trunc'.
Generating RTLIL representation for module `\_90_div'.
Generating RTLIL representation for module `\_90_mod'.
Generating RTLIL representation for module `$__div_mod_floor'.
Generating RTLIL representation for module `\_90_divfloor'.
Generating RTLIL representation for module `\_90_modfloor'.
Generating RTLIL representation for module `\_90_pow'.
Generating RTLIL representation for module `\_90_demux'.
Generating RTLIL representation for module `\_90_lut'.
Generating RTLIL representation for module `$connect'.
Generating RTLIL representation for module `$input_port'.
Successfully finished Verilog frontend.

27.2. Continuing TECHMAP pass.
Using extmapper simplemap for cells of type $mux.
Using extmapper simplemap for cells of type $ff.
Using extmapper simplemap for cells of type $not.
Using extmapper simplemap for cells of type $eqx.
Using extmapper simplemap for cells of type $and.
Using extmapper simplemap for cells of type $ne.
Using extmapper simplemap for cells of type $or.
Using extmapper simplemap for cells of type $logic_not.
Running "alumacc" on wrapper $extern:wrap:$add:Y_WIDTH=11:B_WIDTH=11:A_WIDTH=11:B_SIGNED=0:A_SIGNED=0:394426c56d1a028ba8fdd5469b163e04011def47.
Using template $extern:wrap:$add:Y_WIDTH=11:B_WIDTH=11:A_WIDTH=11:B_SIGNED=0:A_SIGNED=0:394426c56d1a028ba8fdd5469b163e04011def47 for cells of type $extern:wrap:$add:Y_WIDTH=11:B_WIDTH=11:A_WIDTH=11:B_SIGNED=0:A_SIGNED=0:394426c56d1a028ba8fdd5469b163e04011def47.
Using extmapper simplemap for cells of type $eq.
Using extmapper simplemap for cells of type $xor.
Using extmapper simplemap for cells of type $reduce_or.
Using extmapper simplemap for cells of type $logic_and.
Running "alumacc" on wrapper $extern:wrap:$add:Y_WIDTH=16:B_WIDTH=16:A_WIDTH=16:B_SIGNED=0:A_SIGNED=0:394426c56d1a028ba8fdd5469b163e04011def47.
Using template $extern:wrap:$add:Y_WIDTH=16:B_WIDTH=16:A_WIDTH=16:B_SIGNED=0:A_SIGNED=0:394426c56d1a028ba8fdd5469b163e04011def47 for cells of type $extern:wrap:$add:Y_WIDTH=16:B_WIDTH=16:A_WIDTH=16:B_SIGNED=0:A_SIGNED=0:394426c56d1a028ba8fdd5469b163e04011def47.
Running "alumacc" on wrapper $extern:wrap:$add:Y_WIDTH=8:B_WIDTH=8:A_WIDTH=8:B_SIGNED=0:A_SIGNED=0:394426c56d1a028ba8fdd5469b163e04011def47.
Using template $extern:wrap:$add:Y_WIDTH=8:B_WIDTH=8:A_WIDTH=8:B_SIGNED=0:A_SIGNED=0:394426c56d1a028ba8fdd5469b163e04011def47 for cells of type $extern:wrap:$add:Y_WIDTH=8:B_WIDTH=8:A_WIDTH=8:B_SIGNED=0:A_SIGNED=0:394426c56d1a028ba8fdd5469b163e04011def47.
Running "alumacc" on wrapper $extern:wrap:$gt:Y_WIDTH=1:B_WIDTH=8:A_WIDTH=8:B_SIGNED=0:A_SIGNED=0:394426c56d1a028ba8fdd5469b163e04011def47.
Using template $extern:wrap:$gt:Y_WIDTH=1:B_WIDTH=8:A_WIDTH=8:B_SIGNED=0:A_SIGNED=0:394426c56d1a028ba8fdd5469b163e04011def47 for cells of type $extern:wrap:$gt:Y_WIDTH=1:B_WIDTH=8:A_WIDTH=8:B_SIGNED=0:A_SIGNED=0:394426c56d1a028ba8fdd5469b163e04011def47.
Running "alumacc" on wrapper $extern:wrap:$add:Y_WIDTH=7:B_WIDTH=7:A_WIDTH=7:B_SIGNED=0:A_SIGNED=0:394426c56d1a028ba8fdd5469b163e04011def47.
Using template $extern:wrap:$add:Y_WIDTH=7:B_WIDTH=7:A_WIDTH=7:B_SIGNED=0:A_SIGNED=0:394426c56d1a028ba8fdd5469b163e04011def47 for cells of type $extern:wrap:$add:Y_WIDTH=7:B_WIDTH=7:A_WIDTH=7:B_SIGNED=0:A_SIGNED=0:394426c56d1a028ba8fdd5469b163e04011def47.
Running "alumacc" on wrapper $extern:wrap:$ge:Y_WIDTH=1:B_WIDTH=7:A_WIDTH=7:B_SIGNED=0:A_SIGNED=0:394426c56d1a028ba8fdd5469b163e04011def47.
Using template $extern:wrap:$ge:Y_WIDTH=1:B_WIDTH=7:A_WIDTH=7:B_SIGNED=0:A_SIGNED=0:394426c56d1a028ba8fdd5469b163e04011def47 for cells of type $extern:wrap:$ge:Y_WIDTH=1:B_WIDTH=7:A_WIDTH=7:B_SIGNED=0:A_SIGNED=0:394426c56d1a028ba8fdd5469b163e04011def47.
Running "alumacc" on wrapper $extern:wrap:$lt:Y_WIDTH=1:B_WIDTH=7:A_WIDTH=7:B_SIGNED=0:A_SIGNED=0:394426c56d1a028ba8fdd5469b163e04011def47.
Using template $extern:wrap:$lt:Y_WIDTH=1:B_WIDTH=7:A_WIDTH=7:B_SIGNED=0:A_SIGNED=0:394426c56d1a028ba8fdd5469b163e04011def47 for cells of type $extern:wrap:$lt:Y_WIDTH=1:B_WIDTH=7:A_WIDTH=7:B_SIGNED=0:A_SIGNED=0:394426c56d1a028ba8fdd5469b163e04011def47.
Running "alumacc" on wrapper $extern:wrap:$add:Y_WIDTH=5:B_WIDTH=5:A_WIDTH=5:B_SIGNED=0:A_SIGNED=0:394426c56d1a028ba8fdd5469b163e04011def47.
Using template $extern:wrap:$add:Y_WIDTH=5:B_WIDTH=5:A_WIDTH=5:B_SIGNED=0:A_SIGNED=0:394426c56d1a028ba8fdd5469b163e04011def47 for cells of type $extern:wrap:$add:Y_WIDTH=5:B_WIDTH=5:A_WIDTH=5:B_SIGNED=0:A_SIGNED=0:394426c56d1a028ba8fdd5469b163e04011def47.
Running "alumacc" on wrapper $extern:wrap:$lt:Y_WIDTH=1:B_WIDTH=17:A_WIDTH=17:B_SIGNED=0:A_SIGNED=0:394426c56d1a028ba8fdd5469b163e04011def47.
Using template $extern:wrap:$lt:Y_WIDTH=1:B_WIDTH=17:A_WIDTH=17:B_SIGNED=0:A_SIGNED=0:394426c56d1a028ba8fdd5469b163e04011def47 for cells of type $extern:wrap:$lt:Y_WIDTH=1:B_WIDTH=17:A_WIDTH=17:B_SIGNED=0:A_SIGNED=0:394426c56d1a028ba8fdd5469b163e04011def47.
Running "alumacc" on wrapper $extern:wrap:$ge:Y_WIDTH=1:B_WIDTH=24:A_WIDTH=24:B_SIGNED=0:A_SIGNED=0:394426c56d1a028ba8fdd5469b163e04011def47.
Using template $extern:wrap:$ge:Y_WIDTH=1:B_WIDTH=24:A_WIDTH=24:B_SIGNED=0:A_SIGNED=0:394426c56d1a028ba8fdd5469b163e04011def47 for cells of type $extern:wrap:$ge:Y_WIDTH=1:B_WIDTH=24:A_WIDTH=24:B_SIGNED=0:A_SIGNED=0:394426c56d1a028ba8fdd5469b163e04011def47.
Using extmapper simplemap for cells of type $reduce_bool.
Running "alumacc" on wrapper $extern:wrap:$sub:Y_WIDTH=8:B_WIDTH=8:A_WIDTH=8:B_SIGNED=0:A_SIGNED=0:394426c56d1a028ba8fdd5469b163e04011def47.
Using template $extern:wrap:$sub:Y_WIDTH=8:B_WIDTH=8:A_WIDTH=8:B_SIGNED=0:A_SIGNED=0:394426c56d1a028ba8fdd5469b163e04011def47 for cells of type $extern:wrap:$sub:Y_WIDTH=8:B_WIDTH=8:A_WIDTH=8:B_SIGNED=0:A_SIGNED=0:394426c56d1a028ba8fdd5469b163e04011def47.
Running "alumacc" on wrapper $extern:wrap:$add:Y_WIDTH=10:B_WIDTH=10:A_WIDTH=10:B_SIGNED=1:A_SIGNED=1:394426c56d1a028ba8fdd5469b163e04011def47.
Using template $extern:wrap:$add:Y_WIDTH=10:B_WIDTH=10:A_WIDTH=10:B_SIGNED=1:A_SIGNED=1:394426c56d1a028ba8fdd5469b163e04011def47 for cells of type $extern:wrap:$add:Y_WIDTH=10:B_WIDTH=10:A_WIDTH=10:B_SIGNED=1:A_SIGNED=1:394426c56d1a028ba8fdd5469b163e04011def47.
Running "alumacc" on wrapper $extern:wrap:$ge:Y_WIDTH=1:B_WIDTH=8:A_WIDTH=8:B_SIGNED=0:A_SIGNED=0:394426c56d1a028ba8fdd5469b163e04011def47.
Using template $extern:wrap:$ge:Y_WIDTH=1:B_WIDTH=8:A_WIDTH=8:B_SIGNED=0:A_SIGNED=0:394426c56d1a028ba8fdd5469b163e04011def47 for cells of type $extern:wrap:$ge:Y_WIDTH=1:B_WIDTH=8:A_WIDTH=8:B_SIGNED=0:A_SIGNED=0:394426c56d1a028ba8fdd5469b163e04011def47.
Running "alumacc" on wrapper $extern:wrap:$ge:Y_WIDTH=1:B_WIDTH=21:A_WIDTH=21:B_SIGNED=0:A_SIGNED=0:394426c56d1a028ba8fdd5469b163e04011def47.
Using template $extern:wrap:$ge:Y_WIDTH=1:B_WIDTH=21:A_WIDTH=21:B_SIGNED=0:A_SIGNED=0:394426c56d1a028ba8fdd5469b163e04011def47 for cells of type $extern:wrap:$ge:Y_WIDTH=1:B_WIDTH=21:A_WIDTH=21:B_SIGNED=0:A_SIGNED=0:394426c56d1a028ba8fdd5469b163e04011def47.
Running "alumacc" on wrapper $extern:wrap:$lt:Y_WIDTH=1:B_WIDTH=8:A_WIDTH=8:B_SIGNED=0:A_SIGNED=0:394426c56d1a028ba8fdd5469b163e04011def47.
Using template $extern:wrap:$lt:Y_WIDTH=1:B_WIDTH=8:A_WIDTH=8:B_SIGNED=0:A_SIGNED=0:394426c56d1a028ba8fdd5469b163e04011def47 for cells of type $extern:wrap:$lt:Y_WIDTH=1:B_WIDTH=8:A_WIDTH=8:B_SIGNED=0:A_SIGNED=0:394426c56d1a028ba8fdd5469b163e04011def47.
Using extmapper simplemap for cells of type $logic_or.
Running "alumacc" on wrapper $extern:wrap:$add:Y_WIDTH=17:B_WIDTH=17:A_WIDTH=17:B_SIGNED=0:A_SIGNED=0:394426c56d1a028ba8fdd5469b163e04011def47.
Using template $extern:wrap:$add:Y_WIDTH=17:B_WIDTH=17:A_WIDTH=17:B_SIGNED=0:A_SIGNED=0:394426c56d1a028ba8fdd5469b163e04011def47 for cells of type $extern:wrap:$add:Y_WIDTH=17:B_WIDTH=17:A_WIDTH=17:B_SIGNED=0:A_SIGNED=0:394426c56d1a028ba8fdd5469b163e04011def47.
Running "alumacc" on wrapper $extern:wrap:$add:Y_WIDTH=24:B_WIDTH=24:A_WIDTH=24:B_SIGNED=0:A_SIGNED=0:394426c56d1a028ba8fdd5469b163e04011def47.
Using template $extern:wrap:$add:Y_WIDTH=24:B_WIDTH=24:A_WIDTH=24:B_SIGNED=0:A_SIGNED=0:394426c56d1a028ba8fdd5469b163e04011def47 for cells of type $extern:wrap:$add:Y_WIDTH=24:B_WIDTH=24:A_WIDTH=24:B_SIGNED=0:A_SIGNED=0:394426c56d1a028ba8fdd5469b163e04011def47.
Running "alumacc" on wrapper $extern:wrap:$add:Y_WIDTH=6:B_WIDTH=6:A_WIDTH=6:B_SIGNED=0:A_SIGNED=0:394426c56d1a028ba8fdd5469b163e04011def47.
Using template $extern:wrap:$add:Y_WIDTH=6:B_WIDTH=6:A_WIDTH=6:B_SIGNED=0:A_SIGNED=0:394426c56d1a028ba8fdd5469b163e04011def47 for cells of type $extern:wrap:$add:Y_WIDTH=6:B_WIDTH=6:A_WIDTH=6:B_SIGNED=0:A_SIGNED=0:394426c56d1a028ba8fdd5469b163e04011def47.
Running "alumacc" on wrapper $extern:wrap:$sub:Y_WIDTH=24:B_WIDTH=24:A_WIDTH=24:B_SIGNED=0:A_SIGNED=0:394426c56d1a028ba8fdd5469b163e04011def47.
Using template $extern:wrap:$sub:Y_WIDTH=24:B_WIDTH=24:A_WIDTH=24:B_SIGNED=0:A_SIGNED=0:394426c56d1a028ba8fdd5469b163e04011def47 for cells of type $extern:wrap:$sub:Y_WIDTH=24:B_WIDTH=24:A_WIDTH=24:B_SIGNED=0:A_SIGNED=0:394426c56d1a028ba8fdd5469b163e04011def47.
Running "alumacc" on wrapper $extern:wrap:$gt:Y_WIDTH=1:B_WIDTH=16:A_WIDTH=16:B_SIGNED=0:A_SIGNED=0:394426c56d1a028ba8fdd5469b163e04011def47.
Using template $extern:wrap:$gt:Y_WIDTH=1:B_WIDTH=16:A_WIDTH=16:B_SIGNED=0:A_SIGNED=0:394426c56d1a028ba8fdd5469b163e04011def47 for cells of type $extern:wrap:$gt:Y_WIDTH=1:B_WIDTH=16:A_WIDTH=16:B_SIGNED=0:A_SIGNED=0:394426c56d1a028ba8fdd5469b163e04011def47.
Running "alumacc" on wrapper $extern:wrap:$sub:Y_WIDTH=2:B_WIDTH=2:A_WIDTH=2:B_SIGNED=0:A_SIGNED=0:394426c56d1a028ba8fdd5469b163e04011def47.
Using template $extern:wrap:$sub:Y_WIDTH=2:B_WIDTH=2:A_WIDTH=2:B_SIGNED=0:A_SIGNED=0:394426c56d1a028ba8fdd5469b163e04011def47 for cells of type $extern:wrap:$sub:Y_WIDTH=2:B_WIDTH=2:A_WIDTH=2:B_SIGNED=0:A_SIGNED=0:394426c56d1a028ba8fdd5469b163e04011def47.
Running "alumacc" on wrapper $extern:wrap:$sub:Y_WIDTH=3:B_WIDTH=3:A_WIDTH=3:B_SIGNED=0:A_SIGNED=0:394426c56d1a028ba8fdd5469b163e04011def47.
Using template $extern:wrap:$sub:Y_WIDTH=3:B_WIDTH=3:A_WIDTH=3:B_SIGNED=0:A_SIGNED=0:394426c56d1a028ba8fdd5469b163e04011def47 for cells of type $extern:wrap:$sub:Y_WIDTH=3:B_WIDTH=3:A_WIDTH=3:B_SIGNED=0:A_SIGNED=0:394426c56d1a028ba8fdd5469b163e04011def47.
Running "alumacc" on wrapper $extern:wrap:$add:Y_WIDTH=21:B_WIDTH=21:A_WIDTH=21:B_SIGNED=0:A_SIGNED=0:394426c56d1a028ba8fdd5469b163e04011def47.
Using template $extern:wrap:$add:Y_WIDTH=21:B_WIDTH=21:A_WIDTH=21:B_SIGNED=0:A_SIGNED=0:394426c56d1a028ba8fdd5469b163e04011def47 for cells of type $extern:wrap:$add:Y_WIDTH=21:B_WIDTH=21:A_WIDTH=21:B_SIGNED=0:A_SIGNED=0:394426c56d1a028ba8fdd5469b163e04011def47.
Running "alumacc" on wrapper $extern:wrap:$gt:Y_WIDTH=1:B_WIDTH=5:A_WIDTH=5:B_SIGNED=0:A_SIGNED=0:394426c56d1a028ba8fdd5469b163e04011def47.
Using template $extern:wrap:$gt:Y_WIDTH=1:B_WIDTH=5:A_WIDTH=5:B_SIGNED=0:A_SIGNED=0:394426c56d1a028ba8fdd5469b163e04011def47 for cells of type $extern:wrap:$gt:Y_WIDTH=1:B_WIDTH=5:A_WIDTH=5:B_SIGNED=0:A_SIGNED=0:394426c56d1a028ba8fdd5469b163e04011def47.
Running "alumacc" on wrapper $extern:wrap:$add:Y_WIDTH=4:B_WIDTH=4:A_WIDTH=3:B_SIGNED=0:A_SIGNED=0:394426c56d1a028ba8fdd5469b163e04011def47.
Using template $extern:wrap:$add:Y_WIDTH=4:B_WIDTH=4:A_WIDTH=3:B_SIGNED=0:A_SIGNED=0:394426c56d1a028ba8fdd5469b163e04011def47 for cells of type $extern:wrap:$add:Y_WIDTH=4:B_WIDTH=4:A_WIDTH=3:B_SIGNED=0:A_SIGNED=0:394426c56d1a028ba8fdd5469b163e04011def47.
Using template $paramod$constmap:ebff51d0725b1c50039424772c554b98afc73862$paramod$2a3552d1be971bcd5fcd1344d12e39368013fa5c\_90_shift_ops_shr_shl_sshl_sshr for cells of type $shl.
Running "alumacc" on wrapper $extern:wrap:$sub:Y_WIDTH=15:B_WIDTH=15:A_WIDTH=15:B_SIGNED=0:A_SIGNED=0:394426c56d1a028ba8fdd5469b163e04011def47.
Using template $extern:wrap:$sub:Y_WIDTH=15:B_WIDTH=15:A_WIDTH=15:B_SIGNED=0:A_SIGNED=0:394426c56d1a028ba8fdd5469b163e04011def47 for cells of type $extern:wrap:$sub:Y_WIDTH=15:B_WIDTH=15:A_WIDTH=15:B_SIGNED=0:A_SIGNED=0:394426c56d1a028ba8fdd5469b163e04011def47.
Using template $paramod$constmap:e3b31b15520d8acc28574a6547d54ebd22022aa0$paramod$2054c49dd340e6de8955c83c5df13c9edcfb2c7f\_90_shift_shiftx for cells of type $shiftx.
Running "alumacc" on wrapper $extern:wrap:$add:Y_WIDTH=15:B_WIDTH=15:A_WIDTH=15:B_SIGNED=0:A_SIGNED=0:394426c56d1a028ba8fdd5469b163e04011def47.
Using template $extern:wrap:$add:Y_WIDTH=15:B_WIDTH=15:A_WIDTH=15:B_SIGNED=0:A_SIGNED=0:394426c56d1a028ba8fdd5469b163e04011def47 for cells of type $extern:wrap:$add:Y_WIDTH=15:B_WIDTH=15:A_WIDTH=15:B_SIGNED=0:A_SIGNED=0:394426c56d1a028ba8fdd5469b163e04011def47.
Using extmapper simplemap for cells of type $pmux.
Using template $paramod$a1bc51c02ce12ac21eb18988e83292af48ed7d72\_90_alu for cells of type $alu.
Using extmapper simplemap for cells of type $reduce_and.
Using template $paramod$6df0329addda9228fcc2546de2aaf14ad26c98e1\_90_alu for cells of type $alu.
Using template $paramod$67e8f4b8dba01cd3d8fc718acd02276257d102de\_90_alu for cells of type $alu.
Using template $paramod$1a3a0c35c4a4896fbfd612699525c057298e72d2\_90_alu for cells of type $alu.
Using template $paramod$b18e16801adf491a64caa0542270798e5d4ac6b6\_90_alu for cells of type $alu.
Using template $paramod$950cc9f9d9b07c09d0ee4a231126f2c8a3c4f78a\_90_alu for cells of type $alu.
Using template $paramod$78e969f2586efcf3a5b0b0440bcca0db83d5cca2\_90_alu for cells of type $alu.
Using template $paramod$7e708ae28ab761f11d0fb59d3ffc72f6a4baf5d9\_90_alu for cells of type $alu.
Using template $paramod$e82d3fc1811c5751348a3964470632b35a435fc7\_90_alu for cells of type $alu.
Using template $paramod$00298f3f8094950cb9a5ff2fda48d0d8bde8806c\_90_alu for cells of type $alu.
Using template $paramod$3bb72ad0665cdca279bbc49ed6a39f403f16497f\_90_alu for cells of type $alu.
Using template $paramod$3d4d857737ce5ee764ebe220e87ff73b66d6d0ad\_90_alu for cells of type $alu.
Using template $paramod$dbcdc7e8aa1a4080cea2deda6fdc8772064f4d90\_90_alu for cells of type $alu.
Using template $paramod$ec32b97001540459632a2df9accd677d3703ea0f\_90_alu for cells of type $alu.
Using extmapper simplemap for cells of type $pos.
Using template $paramod\_90_fa\WIDTH=32'00000000000000000000000000001011 for cells of type $fa.
Using template $paramod\_90_lcu_brent_kung\WIDTH=32'00000000000000000000000000001011 for cells of type $lcu.
Using template $paramod\_90_fa\WIDTH=32'00000000000000000000000000010000 for cells of type $fa.
Using template $paramod\_90_lcu_brent_kung\WIDTH=32'00000000000000000000000000010000 for cells of type $lcu.
Using template $paramod\_90_fa\WIDTH=32'00000000000000000000000000001000 for cells of type $fa.
Using template $paramod\_90_lcu_brent_kung\WIDTH=32'00000000000000000000000000001000 for cells of type $lcu.
Using template $paramod\_90_fa\WIDTH=32'00000000000000000000000000000111 for cells of type $fa.
Using template $paramod\_90_lcu_brent_kung\WIDTH=32'00000000000000000000000000000111 for cells of type $lcu.
Using template $paramod\_90_fa\WIDTH=32'00000000000000000000000000000101 for cells of type $fa.
Using template $paramod\_90_lcu_brent_kung\WIDTH=32'00000000000000000000000000000101 for cells of type $lcu.
Using template $paramod\_90_fa\WIDTH=32'00000000000000000000000000010001 for cells of type $fa.
Using template $paramod\_90_lcu_brent_kung\WIDTH=32'00000000000000000000000000010001 for cells of type $lcu.
Using template $paramod\_90_fa\WIDTH=32'00000000000000000000000000011000 for cells of type $fa.
Using template $paramod\_90_lcu_brent_kung\WIDTH=32'00000000000000000000000000011000 for cells of type $lcu.
Using template $paramod\_90_fa\WIDTH=32'00000000000000000000000000001010 for cells of type $fa.
Using template $paramod\_90_lcu_brent_kung\WIDTH=32'00000000000000000000000000001010 for cells of type $lcu.
Using template $paramod\_90_fa\WIDTH=32'00000000000000000000000000010101 for cells of type $fa.
Using template $paramod\_90_lcu_brent_kung\WIDTH=32'00000000000000000000000000010101 for cells of type $lcu.
Using template $paramod\_90_fa\WIDTH=32'00000000000000000000000000000110 for cells of type $fa.
Using template $paramod\_90_lcu_brent_kung\WIDTH=32'00000000000000000000000000000110 for cells of type $lcu.
Using template $paramod\_90_fa\WIDTH=32'00000000000000000000000000000010 for cells of type $fa.
Using template $paramod\_90_lcu_brent_kung\WIDTH=32'00000000000000000000000000000010 for cells of type $lcu.
Using template $paramod\_90_fa\WIDTH=32'00000000000000000000000000000011 for cells of type $fa.
Using template $paramod\_90_lcu_brent_kung\WIDTH=32'00000000000000000000000000000011 for cells of type $lcu.
Using template $paramod\_90_fa\WIDTH=32'00000000000000000000000000000100 for cells of type $fa.
Using template $paramod\_90_lcu_brent_kung\WIDTH=32'00000000000000000000000000000100 for cells of type $lcu.
Using template $paramod\_90_fa\WIDTH=32'00000000000000000000000000001111 for cells of type $fa.
Using template $paramod\_90_lcu_brent_kung\WIDTH=32'00000000000000000000000000001111 for cells of type $lcu.
No more expansions possible.
<suppressed ~5988 debug messages>

28. Executing OPT pass (performing simple optimizations).

28.1. Executing OPT_EXPR pass (perform const folding).
Optimizing module miter_top.
<suppressed ~6761 debug messages>

28.2. Executing OPT_MERGE pass (detect identical cells).
Finding identical cells in module `\miter_top'.
Computing hashes of 32494 cells of `\miter_top'.
Finding duplicate cells in `\miter_top'.
Computing hashes of 32035 cells of `\miter_top'.
Finding duplicate cells in `\miter_top'.
Computing hashes of 31869 cells of `\miter_top'.
Finding duplicate cells in `\miter_top'.
Computing hashes of 31801 cells of `\miter_top'.
Finding duplicate cells in `\miter_top'.
Computing hashes of 31797 cells of `\miter_top'.
Finding duplicate cells in `\miter_top'.
Computing hashes of 31792 cells of `\miter_top'.
Finding duplicate cells in `\miter_top'.
Computing hashes of 31790 cells of `\miter_top'.
Finding duplicate cells in `\miter_top'.
Computing hashes of 31785 cells of `\miter_top'.
Finding duplicate cells in `\miter_top'.
Computing hashes of 31782 cells of `\miter_top'.
Finding duplicate cells in `\miter_top'.
Computing hashes of 31779 cells of `\miter_top'.
Finding duplicate cells in `\miter_top'.
Computing hashes of 31778 cells of `\miter_top'.
Finding duplicate cells in `\miter_top'.
Computing hashes of 31777 cells of `\miter_top'.
Finding duplicate cells in `\miter_top'.
<suppressed ~2151 debug messages>
Removed a total of 717 cells.

28.3. Executing OPT_DFF pass (perform DFF optimizations).

28.4. Executing OPT_CLEAN pass (remove unused cells and wires).
Finding unused cells or wires in module \miter_top..
Removed 381 unused cells and 3024 unused wires.
<suppressed ~383 debug messages>

28.5. Finished fast OPT passes.

29. Executing AIGMAP pass (map logic to AIG).
Module miter_top: replaced 12789 cells with 79071 new cells, skipped 18607 cells.
  replaced 3 cell types:
    8541 $_MUX_
    3484 $_OR_
     764 $_XOR_
  not replaced 4 cell types:
    3853 $_AND_
    4096 $_FF_
    2764 $_NOT_
    7894 $scopeinfo

30. Executing OPT_CLEAN pass (remove unused cells and wires).
Finding unused cells or wires in module \miter_top..
Removed 0 unused cells and 8490 unused wires.
<suppressed ~1 debug messages>

31. Executing SETUNDEF pass (replace undef values with defined constants).

32. Executing SETUNDEF pass (replace undef values with defined constants).

33. Executing OPT_CLEAN pass (remove unused cells and wires).
Finding unused cells or wires in module \miter_top..
miter_top/tripped
miter_top/cmp_hard
miter_top/cmp_soft
miter_top/sdi
miter_top/sclk
miter_top/en
miter_top/por_n
miter_top/osc_clk

34. Printing statistics.

=== miter_top ===

        +----------Local Count, excluding submodules.
        | 
   101728 wires
   109574 wire bits
    20878 public wires
    24742 public wire bits
        9 ports
        9 port bits
    97678 cells
    35252   $_AND_
     4096   $_FF_
    50436   $_NOT_
     7894   $scopeinfo

35. Executing AIGER backend.
Warning: Treating undriven bit miter_top.\osc_clk like $anyseq.
Warning: Treating undriven bit miter_top.\sclk like $anyseq.
Warning: Treating undriven bit miter_top.\sdi like $anyseq.
Warning: Treating undriven bit miter_top.\cmp_soft like $anyseq.
Warning: Treating undriven bit miter_top.\cmp_hard like $anyseq.
Warning: Treating undriven bit miter_top.\tripped like $anyseq.
Warning: Treating undriven bit miter_top.\en like $anyseq.
Warning: Treating a total of 7 undriven bits in miter_top like $anyseq.

Warnings: 8 unique messages, 8 total
End of script. Logfile hash: beffa650c8, time: 6.91s, user: 7.18s, system: 0.39s, MEM: 284.55 MB peak
Yosys 0.67 (git sha1 2d1509d1b, Release, GNU /usr/bin/c++ 13.3.0)
Time spent: 39% 22x opt_clean (2 sec), 11% 36x opt_expr (0 sec), ...
