t_ns,asdrawn_out,asdrawn_core,taper_out,taper_core
0.800000,0.000045,-0.007584,0.000001,-0.007358
0.800300,0.000047,-0.007118,0.000001,-0.006885
0.800600,0.000049,-0.006645,0.000001,-0.006405
0.800900,0.000050,-0.006143,0.000001,-0.005896
0.801200,0.000052,-0.005641,0.000001,-0.005386
0.801500,0.000054,-0.005117,0.000001,-0.004855
0.801800,0.000055,-0.004550,0.000001,-0.004279
0.802100,0.000057,-0.003982,0.000001,-0.003703
0.802400,0.000059,-0.003415,0.000001,-0.003128
0.802700,0.000061,-0.002847,0.000001,-0.002552
0.803000,0.000062,-0.002279,0.000001,-0.001977
0.803300,0.000064,-0.001605,0.000001,-0.001293
0.803600,0.000066,-0.000931,0.000001,-0.000609
0.803900,0.000068,-0.000257,0.000001,0.000074
0.804200,0.000070,0.000418,0.000001,0.000758
0.804500,0.000072,0.001092,0.000001,0.001441
0.804800,0.000074,0.001766,0.000001,0.002125
0.805100,0.000076,0.002484,0.000001,0.002852
0.805400,0.000078,0.003287,0.000001,0.003667
0.805700,0.000080,0.004091,0.000001,0.004481
0.806000,0.000082,0.004895,0.000001,0.005296
0.806300,0.000084,0.005699,0.000001,0.006110
0.806600,0.000086,0.006503,0.000001,0.006925
0.806900,0.000089,0.007307,0.000001,0.007739
0.807200,0.000091,0.008206,0.000001,0.008651
0.807500,0.000093,0.009154,0.000001,0.009611
0.807800,0.000096,0.010101,0.000001,0.010571
0.808100,0.000098,0.011049,0.000001,0.011531
0.808400,0.000100,0.011997,0.000001,0.012491
0.808700,0.000103,0.012944,0.000001,0.013451
0.809000,0.000105,0.013892,0.000001,0.014411
0.809300,0.000108,0.014998,0.000001,0.015532
0.809600,0.000110,0.016105,0.000001,0.016653
0.809900,0.000113,0.017211,0.000001,0.017774
0.810200,0.000115,0.018318,0.000001,0.018895
0.810500,0.000118,0.019424,0.000001,0.020016
0.810800,0.000121,0.020531,0.000001,0.021136
0.811100,0.000123,0.021695,0.000001,0.022316
0.811400,0.000126,0.022976,0.000001,0.023614
0.811700,0.000129,0.024257,0.000001,0.024912
0.812000,0.000132,0.025539,0.000001,0.026210
0.812300,0.000135,0.026820,0.000001,0.027508
0.812600,0.000138,0.028101,0.000001,0.028805
0.812900,0.000141,0.029382,0.000001,0.030103
0.813200,0.000144,0.030790,0.000001,0.031529
0.813500,0.000147,0.032261,0.000001,0.033020
0.813800,0.000150,0.033732,0.000001,0.034510
0.814100,0.000153,0.035203,0.000001,0.036000
0.814400,0.000156,0.036674,0.000001,0.037491
0.814700,0.000159,0.038146,0.000001,0.038981
0.815000,0.000162,0.039617,0.000001,0.040471
0.815300,0.000166,0.041291,0.000001,0.042168
0.815600,0.000169,0.042966,0.000001,0.043864
0.815900,0.000173,0.044641,0.000001,0.045561
0.816200,0.000176,0.046316,0.000001,0.047257
0.816500,0.000179,0.047990,0.000001,0.048954
0.816800,0.000183,0.049665,0.000001,0.050650
0.817100,0.000186,0.051402,0.000001,0.052409
0.817400,0.000190,0.053262,0.000001,0.054294
0.817700,0.000193,0.055123,0.000001,0.056178
0.818000,0.000197,0.056984,0.000001,0.058063
0.818300,0.000200,0.058845,0.000001,0.059948
0.818600,0.000204,0.060760,0.000001,0.061888
0.818900,0.000208,0.062784,0.000001,0.063937
0.819200,0.000212,0.064809,0.000001,0.065987
0.819500,0.000215,0.066833,0.000001,0.068036
0.819800,0.000219,0.068857,0.000001,0.070086
0.820100,0.000223,0.070916,0.000001,0.072170
0.820400,0.000226,0.073057,0.000001,0.074338
0.820700,0.000230,0.075228,0.000001,0.076535
0.821000,0.000234,0.077442,0.000001,0.078776
0.821300,0.000238,0.079656,0.000001,0.081017
0.821600,0.000242,0.081956,0.000001,0.083344
0.821900,0.000246,0.084299,0.000001,0.085715
0.822200,0.000249,0.086642,0.000001,0.088085
0.822500,0.000253,0.088985,0.000001,0.090456
0.822800,0.000257,0.091328,0.000001,0.092826
0.823100,0.000261,0.093734,0.000001,0.095260
0.823400,0.000265,0.096264,0.000001,0.097818
0.823700,0.000269,0.098795,0.000001,0.100377
0.824000,0.000272,0.101326,0.000001,0.102936
0.824300,0.000276,0.103857,0.000001,0.105495
0.824600,0.000280,0.106387,0.000001,0.108054
0.824900,0.000284,0.108918,0.000001,0.110613
0.825200,0.000288,0.111582,0.000001,0.113305
0.825500,0.000291,0.114313,0.000001,0.116064
0.825800,0.000295,0.117043,0.000001,0.118823
0.826100,0.000299,0.119774,0.000001,0.121581
0.826400,0.000303,0.122504,0.000001,0.124340
0.826700,0.000306,0.125235,0.000001,0.127099
0.827000,0.000310,0.127965,0.000001,0.129858
0.827300,0.000314,0.130885,0.000001,0.132806
0.827600,0.000317,0.133804,0.000001,0.135754
0.827900,0.000321,0.136724,0.000001,0.138701
0.828200,0.000325,0.139643,0.000001,0.141649
0.828500,0.000328,0.142563,0.000001,0.144597
0.828800,0.000332,0.145482,0.000001,0.147545
0.829100,0.000336,0.148461,0.000001,0.150552
0.829400,0.000339,0.151558,0.000001,0.153677
0.829700,0.000342,0.154655,0.000001,0.156802
0.830000,0.000346,0.157753,0.000001,0.159927
0.830300,0.000349,0.160850,0.000001,0.163052
0.830600,0.000353,0.163947,0.000001,0.166177
0.830900,0.000356,0.167044,0.000001,0.169303
0.831200,0.000360,0.170252,0.000000,0.172538
0.831500,0.000363,0.173515,0.000000,0.175829
0.831800,0.000366,0.176779,0.000000,0.179120
0.832100,0.000370,0.180042,0.000000,0.182411
0.832400,0.000373,0.183305,0.000000,0.185702
0.832700,0.000376,0.186569,0.000000,0.188992
0.833000,0.000379,0.189832,0.000000,0.192283
0.833300,0.000382,0.193250,0.000000,0.195729
0.833600,0.000386,0.196669,0.000000,0.199174
0.833900,0.000389,0.200087,0.000000,0.202619
0.834200,0.000392,0.203505,0.000000,0.206065
0.834500,0.000395,0.206924,0.000000,0.209510
0.834800,0.000398,0.210342,0.000000,0.212955
0.835100,0.000401,0.213808,0.000000,0.216449
0.835400,0.000404,0.217371,0.000000,0.220038
0.835700,0.000407,0.220933,-0.000000,0.223628
0.836000,0.000410,0.224495,-0.000000,0.227217
0.836300,0.000413,0.228058,-0.000000,0.230806
0.836600,0.000416,0.231620,-0.000000,0.234396
0.836900,0.000419,0.235182,-0.000000,0.237985
0.837200,0.000421,0.238834,-0.000000,0.241663
0.837500,0.000424,0.242529,-0.000000,0.245386
0.837800,0.000427,0.246225,-0.000000,0.249108
0.838100,0.000430,0.249920,-0.000000,0.252831
0.838400,0.000432,0.253616,-0.000000,0.256554
0.838700,0.000435,0.257311,-0.000000,0.260276
0.839000,0.000438,0.261007,-0.000000,0.263999
0.839300,0.000440,0.264825,-0.000000,0.267844
0.839600,0.000443,0.268643,-0.000000,0.271690
0.839900,0.000446,0.272461,-0.000000,0.275535
0.840200,0.000448,0.276279,-0.000000,0.279380
0.840500,0.000451,0.280097,-0.000000,0.283226
0.840800,0.000453,0.283915,-0.000000,0.287071
0.841100,0.000456,0.287770,-0.000000,0.290954
0.841400,0.000458,0.291700,-0.000000,0.294911
0.841700,0.000461,0.295630,-0.000000,0.298869
0.842000,0.000463,0.299560,-0.000000,0.302826
0.842300,0.000466,0.303489,-0.000000,0.306784
0.842600,0.000468,0.307419,-0.000000,0.310741
0.842900,0.000470,0.311349,-0.000000,0.314699
0.843200,0.000473,0.315346,-0.000000,0.318724
0.843500,0.000475,0.319377,-0.000000,0.322783
0.843800,0.000477,0.323408,-0.000000,0.326841
0.844100,0.000479,0.327439,-0.000000,0.330900
0.844400,0.000481,0.331470,-0.000000,0.334959
0.844700,0.000484,0.335500,-0.000000,0.339017
0.845000,0.000486,0.339531,-0.000000,0.343076
0.845300,0.000488,0.343648,-0.000000,0.347224
0.845600,0.000489,0.347764,-0.000000,0.351371
0.845900,0.000491,0.351880,-0.000000,0.355519
0.846200,0.000493,0.355997,-0.000000,0.359666
0.846500,0.000495,0.360113,-0.000000,0.363814
0.846800,0.000496,0.364230,-0.000000,0.367962
0.847100,0.000498,0.368369,-0.000001,0.372134
0.847400,0.000499,0.372554,-0.000001,0.376355
0.847700,0.000500,0.376739,-0.000001,0.380577
0.848000,0.000501,0.380925,-0.000001,0.384798
0.848300,0.000503,0.385110,-0.000001,0.389020
0.848600,0.000504,0.389295,-0.000001,0.393242
0.848900,0.000505,0.393480,-0.000001,0.397463
0.849200,0.000505,0.397701,-0.000001,0.401721
0.849500,0.000505,0.401940,-0.000001,0.405998
0.849800,0.000506,0.406178,-0.000001,0.410275
0.850100,0.000506,0.410417,-0.000001,0.414552
0.850400,0.000506,0.414656,-0.000001,0.418829
0.850700,0.000506,0.418894,-0.000001,0.423106
0.851000,0.000506,0.423133,-0.000001,0.427383
0.851300,0.000505,0.427407,-0.000001,0.431693
0.851600,0.000504,0.431681,-0.000002,0.436004
0.851900,0.000502,0.435955,-0.000002,0.440315
0.852200,0.000501,0.440229,-0.000002,0.444626
0.852500,0.000500,0.444503,-0.000002,0.448936
0.852800,0.000499,0.448777,-0.000002,0.453247
0.853100,0.000497,0.453058,-0.000002,0.457562
0.853400,0.000494,0.457352,-0.000002,0.461886
0.853700,0.000491,0.461647,-0.000003,0.466210
0.854000,0.000488,0.465942,-0.000003,0.470533
0.854300,0.000485,0.470237,-0.000003,0.474857
0.854600,0.000482,0.474532,-0.000003,0.479181
0.854900,0.000479,0.478827,-0.000003,0.483505
0.855200,0.000474,0.483130,-0.000004,0.487826
0.855500,0.000469,0.487436,-0.000004,0.492146
0.855800,0.000464,0.491743,-0.000004,0.496467
0.856100,0.000459,0.496050,-0.000004,0.500787
0.856400,0.000454,0.500357,-0.000005,0.505107
0.856700,0.000448,0.504664,-0.000005,0.509427
0.857000,0.000443,0.508971,-0.000005,0.513748
0.857300,0.000436,0.513284,-0.000005,0.518052
0.857600,0.000428,0.517597,-0.000006,0.522357
0.857900,0.000420,0.521910,-0.000006,0.526661
0.858200,0.000412,0.526223,-0.000006,0.530966
0.858500,0.000405,0.530537,-0.000007,0.535270
0.858800,0.000397,0.534850,-0.000007,0.539574
0.859100,0.000388,0.539164,-0.000007,0.543867
0.859400,0.000378,0.543479,-0.000008,0.548135
0.859700,0.000367,0.547793,-0.000008,0.552403
0.860000,0.000356,0.552108,-0.000008,0.556671
0.860300,0.000345,0.556423,-0.000009,0.560939
0.860600,0.000335,0.560738,-0.000009,0.565207
0.860900,0.000324,0.565053,-0.000009,0.569475
0.861200,0.000311,0.569365,-0.000010,0.573712
0.861500,0.000296,0.573676,-0.000010,0.577934
0.861800,0.000282,0.577988,-0.000011,0.582155
0.862100,0.000268,0.582299,-0.000011,0.586377
0.862400,0.000253,0.586610,-0.000012,0.590599
0.862700,0.000239,0.590921,-0.000012,0.594821
0.863000,0.000224,0.595232,-0.000012,0.599042
0.863300,0.000206,0.599533,-0.000013,0.603220
0.863600,0.000187,0.603833,-0.000013,0.607397
0.863900,0.000169,0.608134,-0.000014,0.611575
0.864200,0.000150,0.612435,-0.000014,0.615752
0.864500,0.000131,0.616736,-0.000015,0.619930
0.864800,0.000113,0.621037,-0.000015,0.624108
0.865100,0.000093,0.625332,-0.000016,0.628266
0.865400,0.000069,0.629616,-0.000016,0.632387
0.865700,0.000046,0.633899,-0.000017,0.636508
0.866000,0.000022,0.638183,-0.000017,0.640628
0.866300,-0.000001,0.642467,-0.000018,0.644749
0.866600,-0.000025,0.646750,-0.000019,0.648870
0.866900,-0.000048,0.651034,-0.000019,0.652990
0.867200,-0.000075,0.655302,-0.000020,0.657064
0.867500,-0.000104,0.659562,-0.000020,0.661115
0.867800,-0.000133,0.663821,-0.000021,0.665166
0.868100,-0.000162,0.668081,-0.000021,0.669217
0.868400,-0.000190,0.672341,-0.000022,0.673268
0.868700,-0.000219,0.676601,-0.000023,0.677319
0.869000,-0.000248,0.680861,-0.000023,0.681370
0.869300,-0.000283,0.685091,-0.000024,0.685342
0.869600,-0.000317,0.689321,-0.000025,0.689315
0.869900,-0.000352,0.693551,-0.000025,0.693287
0.870200,-0.000386,0.697782,-0.000026,0.697259
0.870500,-0.000421,0.702012,-0.000027,0.701232
0.870800,-0.000456,0.706242,-0.000027,0.705204
0.871100,-0.000493,0.710461,-0.000028,0.709149
0.871400,-0.000533,0.714658,-0.000029,0.713038
0.871700,-0.000574,0.718855,-0.000029,0.716928
0.872000,-0.000615,0.723052,-0.000030,0.720818
0.872300,-0.000656,0.727249,-0.000031,0.724707
0.872600,-0.000697,0.731446,-0.000032,0.728597
0.872900,-0.000738,0.735643,-0.000032,0.732487
0.873200,-0.000783,0.739817,-0.000033,0.736324
0.873500,-0.000831,0.743979,-0.000034,0.740135
0.873800,-0.000878,0.748141,-0.000035,0.743945
0.874100,-0.000926,0.752303,-0.000035,0.747756
0.874400,-0.000973,0.756466,-0.000036,0.751567
0.874700,-0.001021,0.760628,-0.000037,0.755378
0.875000,-0.001068,0.764790,-0.000038,0.759189
0.875300,-0.001123,0.768916,-0.000039,0.762928
0.875600,-0.001177,0.773041,-0.000040,0.766667
0.875900,-0.001231,0.777167,-0.000040,0.770407
0.876200,-0.001286,0.781293,-0.000041,0.774146
0.876500,-0.001340,0.785419,-0.000042,0.777885
0.876800,-0.001394,0.789544,-0.000043,0.781625
0.877100,-0.001451,0.793658,-0.000044,0.785341
0.877400,-0.001511,0.797745,-0.000045,0.789012
0.877700,-0.001571,0.801833,-0.000046,0.792684
0.878000,-0.001632,0.805921,-0.000046,0.796355
0.878300,-0.001692,0.810009,-0.000047,0.800026
0.878600,-0.001754,0.814081,-0.000048,0.803670
0.878900,-0.001820,0.818121,-0.000049,0.807257
0.879200,-0.001885,0.822161,-0.000050,0.810844
0.879500,-0.001950,0.826201,-0.000051,0.814431
0.879800,-0.002016,0.830242,-0.000052,0.818018
0.880100,-0.002082,0.834267,-0.000052,0.821581
0.880400,-0.002151,0.838255,-0.000053,0.825086
0.880700,-0.002220,0.842227,-0.000054,0.828566
0.881000,-0.002291,0.846173,-0.000055,0.832011
0.881300,-0.002361,0.850119,-0.000055,0.835455
0.881600,-0.002434,0.854012,-0.000056,0.838831
0.881900,-0.002508,0.857880,-0.000057,0.842173
0.882200,-0.002581,0.861747,-0.000057,0.845514
0.882500,-0.002655,0.865614,-0.000058,0.848856
0.882800,-0.002728,0.869482,-0.000059,0.852197
0.883100,-0.002803,0.873306,-0.000059,0.855482
0.883400,-0.002881,0.877044,-0.000060,0.858652
0.883700,-0.002959,0.880782,-0.000061,0.861822
0.884000,-0.003037,0.884520,-0.000061,0.864992
0.884300,-0.003116,0.888258,-0.000062,0.868162
0.884600,-0.003194,0.891996,-0.000062,0.871332
0.884900,-0.003272,0.895734,-0.000063,0.874501
0.885200,-0.003353,0.899363,-0.000064,0.877534
0.885500,-0.003435,0.902938,-0.000064,0.880497
0.885800,-0.003518,0.906513,-0.000065,0.883461
0.886100,-0.003601,0.910088,-0.000065,0.886424
0.886400,-0.003684,0.913663,-0.000066,0.889387
0.886700,-0.003766,0.917238,-0.000066,0.892351
0.887000,-0.003849,0.920813,-0.000067,0.895314
0.887300,-0.003936,0.924200,-0.000067,0.898069
0.887600,-0.004022,0.927588,-0.000068,0.900824
0.887900,-0.004109,0.930976,-0.000068,0.903579
0.888200,-0.004195,0.934363,-0.000069,0.906334
0.888500,-0.004282,0.937751,-0.000069,0.909089
0.888800,-0.004369,0.941138,-0.000070,0.911843
0.889100,-0.004456,0.944458,-0.000070,0.914529
0.889400,-0.004546,0.947642,-0.000071,0.917078
0.889700,-0.004636,0.950826,-0.000072,0.919626
0.890000,-0.004726,0.954010,-0.000072,0.922174
0.890300,-0.004815,0.957194,-0.000073,0.924722
0.890600,-0.004905,0.960378,-0.000073,0.927271
0.890900,-0.004995,0.963562,-0.000074,0.929819
0.891200,-0.005086,0.966604,-0.000075,0.932235
0.891500,-0.005178,0.969576,-0.000075,0.934584
0.891800,-0.005271,0.972547,-0.000076,0.936933
0.892100,-0.005363,0.975518,-0.000077,0.939282
0.892400,-0.005455,0.978489,-0.000077,0.941631
0.892700,-0.005547,0.981460,-0.000078,0.943981
0.893000,-0.005640,0.984432,-0.000079,0.946330
0.893300,-0.005734,0.987186,-0.000079,0.948493
0.893600,-0.005828,0.989941,-0.000080,0.950656
0.893900,-0.005922,0.992696,-0.000081,0.952819
0.894200,-0.006016,0.995450,-0.000082,0.954982
0.894500,-0.006110,0.998205,-0.000083,0.957145
0.894800,-0.006204,1.000959,-0.000084,0.959307
0.895100,-0.006299,1.003642,-0.000084,0.961415
0.895400,-0.006395,1.006180,-0.000085,0.963413
0.895700,-0.006490,1.008718,-0.000086,0.965410
0.896000,-0.006586,1.011256,-0.000087,0.967407
0.896300,-0.006681,1.013794,-0.000088,0.969405
0.896600,-0.006777,1.016333,-0.000089,0.971402
0.896900,-0.006873,1.018871,-0.000090,0.973400
0.897200,-0.006969,1.021283,-0.000091,0.975303
0.897500,-0.007066,1.023632,-0.000092,0.977159
0.897800,-0.007163,1.025981,-0.000092,0.979015
0.898100,-0.007260,1.028330,-0.000093,0.980871
0.898400,-0.007356,1.030679,-0.000094,0.982727
0.898700,-0.007454,1.032923,-0.000095,0.984509
0.899000,-0.007551,1.035113,-0.000095,0.986254
0.899300,-0.007649,1.037304,-0.000095,0.987999
0.899600,-0.007747,1.039495,-0.000096,0.989744
0.899900,-0.007844,1.041686,-0.000096,0.991489
0.900200,-0.007943,1.043809,-0.000097,0.993213
0.900500,-0.008042,1.045877,-0.000096,0.994908
0.900800,-0.008140,1.047906,-0.000096,0.996572
0.901100,-0.008239,1.049915,-0.000096,0.998221
0.901400,-0.008338,1.051924,-0.000095,0.999869
0.901700,-0.008437,1.053818,-0.000094,1.001439
0.902000,-0.008536,1.055713,-0.000092,1.003008
0.902300,-0.008635,1.057608,-0.000091,1.004578
0.902600,-0.008734,1.059502,-0.000089,1.006147
0.902900,-0.008833,1.061397,-0.000088,1.007716
0.903200,-0.008932,1.063181,-0.000085,1.009208
0.903500,-0.009032,1.064911,-0.000082,1.010660
0.903800,-0.009132,1.066640,-0.000079,1.012112
0.904100,-0.009231,1.068370,-0.000075,1.013564
0.904400,-0.009331,1.070099,-0.000072,1.015016
0.904700,-0.009431,1.071829,-0.000069,1.016468
0.905000,-0.009530,1.073558,-0.000066,1.017920
0.905300,-0.009631,1.075115,-0.000060,1.019249
0.905600,-0.009731,1.076672,-0.000054,1.020578
0.905900,-0.009832,1.078228,-0.000049,1.021907
0.906200,-0.009932,1.079785,-0.000043,1.023235
0.906500,-0.010033,1.081342,-0.000037,1.024564
0.906800,-0.010133,1.082898,-0.000031,1.025893
0.907100,-0.010234,1.084402,-0.000025,1.027184
0.907400,-0.010336,1.085798,-0.000016,1.028400
0.907700,-0.010438,1.087195,-0.000007,1.029615
0.908000,-0.010539,1.088592,0.000002,1.030830
0.908300,-0.010641,1.089988,0.000011,1.032046
0.908600,-0.010742,1.091385,0.000020,1.033261
0.908900,-0.010844,1.092782,0.000029,1.034476
0.909200,-0.010947,1.094080,0.000040,1.035623
0.909500,-0.011050,1.095330,0.000053,1.036734
0.909800,-0.011153,1.096580,0.000065,1.037846
0.910100,-0.011256,1.097829,0.000078,1.038958
0.910400,-0.011358,1.099079,0.000091,1.040070
0.910700,-0.011461,1.100329,0.000103,1.041182
0.911000,-0.011564,1.101579,0.000116,1.042294
0.911300,-0.011669,1.102695,0.000133,1.043310
0.911600,-0.011773,1.103811,0.000150,1.044326
0.911900,-0.011878,1.104927,0.000167,1.045342
0.912200,-0.011982,1.106043,0.000184,1.046358
0.912500,-0.012087,1.107160,0.000202,1.047373
0.912800,-0.012192,1.108276,0.000219,1.048389
0.913100,-0.012297,1.109352,0.000237,1.049375
0.913400,-0.012403,1.110348,0.000259,1.050302
0.913700,-0.012509,1.111344,0.000281,1.051228
0.914000,-0.012615,1.112340,0.000304,1.052154
0.914300,-0.012721,1.113336,0.000326,1.053081
0.914600,-0.012827,1.114332,0.000348,1.054007
0.914900,-0.012934,1.115328,0.000370,1.054934
0.915200,-0.013041,1.116253,0.000395,1.055815
0.915500,-0.013148,1.117142,0.000421,1.056674
0.915800,-0.013256,1.118031,0.000448,1.057533
0.916100,-0.013364,1.118920,0.000475,1.058392
0.916400,-0.013471,1.119809,0.000501,1.059251
0.916700,-0.013579,1.120698,0.000528,1.060110
0.917000,-0.013687,1.121587,0.000554,1.060969
0.917300,-0.013795,1.122393,0.000584,1.061808
0.917600,-0.013903,1.123198,0.000613,1.062646
0.917900,-0.014012,1.124004,0.000642,1.063485
0.918200,-0.014120,1.124809,0.000672,1.064323
0.918500,-0.014229,1.125615,0.000701,1.065162
0.918800,-0.014337,1.126356,0.000731,1.066013
0.919100,-0.014445,1.127098,0.000762,1.066865
0.919400,-0.014553,1.127840,0.000792,1.067716
0.919700,-0.014661,1.128582,0.000822,1.068567
0.920000,-0.014770,1.129323,0.000853,1.069419
0.920300,-0.014877,1.130024,0.000883,1.070286
0.920600,-0.014985,1.130719,0.000914,1.071157
0.920900,-0.015091,1.131391,0.000944,1.072043
0.921200,-0.015198,1.132063,0.000974,1.072929
0.921500,-0.015304,1.132721,0.001005,1.073825
0.921800,-0.015407,1.133353,0.001034,1.074741
0.922100,-0.015511,1.133986,0.001064,1.075657
0.922400,-0.015615,1.134618,0.001094,1.076572
0.922700,-0.015719,1.135250,0.001124,1.077488
0.923000,-0.015823,1.135882,0.001153,1.078404
0.923300,-0.015919,1.136459,0.001181,1.079364
0.923600,-0.016016,1.137035,0.001209,1.080324
0.923900,-0.016112,1.137612,0.001237,1.081284
0.924200,-0.016209,1.138189,0.001266,1.082244
0.924500,-0.016305,1.138765,0.001294,1.083204
0.924800,-0.016402,1.139342,0.001322,1.084164
0.925100,-0.016494,1.139899,0.001349,1.085142
0.925400,-0.016578,1.140417,0.001374,1.086155
0.925700,-0.016662,1.140934,0.001399,1.087169
0.926000,-0.016746,1.141452,0.001424,1.088182
0.926300,-0.016830,1.141969,0.001450,1.089196
0.926600,-0.016914,1.142487,0.001475,1.090209
0.926900,-0.016998,1.143004,0.001500,1.091223
0.927200,-0.017069,1.143485,0.001523,1.092267
0.927500,-0.017134,1.143948,0.001545,1.093326
0.927800,-0.017199,1.144411,0.001567,1.094386
0.928100,-0.017264,1.144874,0.001589,1.095445
0.928400,-0.017329,1.145337,0.001611,1.096505
0.928700,-0.017394,1.145799,0.001633,1.097564
0.929000,-0.017459,1.146262,0.001655,1.098623
0.929300,-0.017498,1.146673,0.001673,1.099711
0.929600,-0.017538,1.147084,0.001691,1.100798
0.929900,-0.017577,1.147495,0.001710,1.101885
0.930200,-0.017616,1.147905,0.001728,1.102972
0.930500,-0.017655,1.148316,0.001746,1.104059
0.930800,-0.017694,1.148727,0.001765,1.105146
0.931100,-0.017722,1.149121,0.001782,1.106235
0.931400,-0.017728,1.149482,0.001797,1.107328
0.931700,-0.017734,1.149842,0.001812,1.108420
0.932000,-0.017740,1.150203,0.001827,1.109513
0.932300,-0.017746,1.150564,0.001842,1.110605
0.932600,-0.017752,1.150925,0.001857,1.111698
0.932900,-0.017758,1.151285,0.001872,1.112790
0.933200,-0.017737,1.151613,0.001885,1.113869
0.933500,-0.017702,1.151925,0.001898,1.114941
0.933800,-0.017667,1.152236,0.001910,1.116013
0.934100,-0.017632,1.152548,0.001922,1.117086
0.934400,-0.017598,1.152859,0.001934,1.118158
0.934700,-0.017563,1.153171,0.001946,1.119230
0.935000,-0.017528,1.153482,0.001958,1.120302
0.935300,-0.017444,1.153745,0.001967,1.121329
0.935600,-0.017360,1.154008,0.001976,1.122355
0.935900,-0.017276,1.154270,0.001985,1.123382
0.936200,-0.017192,1.154533,0.001995,1.124408
0.936500,-0.017108,1.154795,0.002004,1.125435
0.936800,-0.017024,1.155058,0.002013,1.126461
0.937100,-0.016921,1.155304,0.002021,1.127466
0.937400,-0.016780,1.155517,0.002025,1.128428
0.937700,-0.016639,1.155730,0.002030,1.129390
0.938000,-0.016497,1.155943,0.002035,1.130352
0.938300,-0.016356,1.156156,0.002040,1.131313
0.938600,-0.016215,1.156369,0.002045,1.132275
0.938900,-0.016073,1.156582,0.002050,1.133237
0.939200,-0.015888,1.156761,0.002050,1.134143
0.939500,-0.015680,1.156923,0.002047,1.135022
0.939800,-0.015472,1.157085,0.002044,1.135901
0.940100,-0.015265,1.157247,0.002042,1.136779
0.940400,-0.015057,1.157409,0.002039,1.137658
0.940700,-0.014849,1.157572,0.002036,1.138537
0.941000,-0.014642,1.157734,0.002033,1.139416
0.941300,-0.014358,1.157843,0.002020,1.140195
0.941600,-0.014075,1.157952,0.002006,1.140975
0.941900,-0.013792,1.158062,0.001992,1.141755
0.942200,-0.013508,1.158171,0.001978,1.142534
0.942500,-0.013225,1.158280,0.001964,1.143314
0.942800,-0.012942,1.158389,0.001950,1.144094
0.943100,-0.012630,1.158480,0.001932,1.144839
0.943400,-0.012261,1.158534,0.001904,1.145513
0.943700,-0.011892,1.158587,0.001875,1.146188
0.944000,-0.011524,1.158641,0.001847,1.146862
0.944300,-0.011155,1.158694,0.001819,1.147537
0.944600,-0.010786,1.158748,0.001791,1.148211
0.944900,-0.010417,1.158801,0.001763,1.148886
0.945200,-0.009985,1.158815,0.001723,1.149488
0.945500,-0.009521,1.158809,0.001677,1.150053
0.945800,-0.009057,1.158803,0.001630,1.150618
0.946100,-0.008592,1.158797,0.001584,1.151183
0.946400,-0.008128,1.158791,0.001538,1.151748
0.946700,-0.007664,1.158785,0.001492,1.152313
0.947000,-0.007200,1.158780,0.001445,1.152878
0.947300,-0.006637,1.158711,0.001376,1.153330
0.947600,-0.006073,1.158643,0.001307,1.153781
0.947900,-0.005510,1.158575,0.001238,1.154233
0.948200,-0.004946,1.158506,0.001169,1.154685
0.948500,-0.004383,1.158438,0.001100,1.155136
0.948800,-0.003819,1.158370,0.001031,1.155588
0.949100,-0.003218,1.158279,0.000953,1.156000
0.949400,-0.002543,1.158143,0.000857,1.156333
0.949700,-0.001867,1.158007,0.000761,1.156666
0.950000,-0.001191,1.157871,0.000666,1.156999
0.950300,-0.000515,1.157736,0.000570,1.157332
0.950600,0.000161,1.157600,0.000474,1.157665
0.950900,0.000837,1.157464,0.000378,1.157998
0.951200,0.001599,1.157277,0.000261,1.158249
0.951500,0.002403,1.157064,0.000135,1.158458
0.951800,0.003207,1.156851,0.000009,1.158667
0.952100,0.004012,1.156639,-0.000117,1.158876
0.952400,0.004816,1.156426,-0.000243,1.159085
0.952700,0.005620,1.156213,-0.000370,1.159295
0.953000,0.006425,1.156001,-0.000496,1.159504
0.953300,0.007365,1.155702,-0.000655,1.159583
0.953600,0.008305,1.155403,-0.000814,1.159663
0.953900,0.009245,1.155104,-0.000973,1.159743
0.954200,0.010185,1.154805,-0.001132,1.159822
0.954500,0.011125,1.154506,-0.001290,1.159902
0.954800,0.012066,1.154207,-0.001449,1.159982
0.955100,0.013054,1.153876,-0.001620,1.160016
0.955400,0.014140,1.153480,-0.001813,1.159961
0.955700,0.015226,1.153084,-0.002007,1.159906
0.956000,0.016313,1.152688,-0.002200,1.159850
0.956300,0.017399,1.152292,-0.002393,1.159795
0.956600,0.018485,1.151896,-0.002587,1.159739
0.956900,0.019571,1.151500,-0.002780,1.159684
0.957200,0.020759,1.151031,-0.002997,1.159534
0.957500,0.021999,1.150525,-0.003227,1.159338
0.957800,0.023239,1.150020,-0.003456,1.159141
0.958100,0.024478,1.149514,-0.003685,1.158944
0.958400,0.025718,1.149008,-0.003915,1.158747
0.958700,0.026957,1.148502,-0.004144,1.158550
0.959000,0.028197,1.147997,-0.004373,1.158353
0.959300,0.029597,1.147367,-0.004638,1.158003
0.959600,0.030996,1.146737,-0.004902,1.157652
0.959900,0.032396,1.146106,-0.005166,1.157302
0.960200,0.033795,1.145476,-0.005430,1.156952
0.960500,0.035195,1.144846,-0.005695,1.156601
0.960800,0.036594,1.144216,-0.005959,1.156251
0.961100,0.038048,1.143539,-0.006233,1.155842
0.961400,0.039611,1.142769,-0.006526,1.155318
0.961700,0.041174,1.141998,-0.006819,1.154793
0.962000,0.042737,1.141227,-0.007112,1.154269
0.962300,0.044300,1.140456,-0.007405,1.153744
0.962600,0.045863,1.139686,-0.007698,1.153220
0.962900,0.047426,1.138915,-0.007991,1.152695
0.963200,0.049098,1.138039,-0.008296,1.152046
0.963500,0.050824,1.137110,-0.008607,1.151334
0.963800,0.052551,1.136181,-0.008919,1.150622
0.964100,0.054278,1.135252,-0.009230,1.149910
0.964400,0.056004,1.134324,-0.009541,1.149198
0.964700,0.057731,1.133395,-0.009852,1.148486
0.965000,0.059457,1.132466,-0.010164,1.147775
0.965300,0.061344,1.131361,-0.010492,1.146863
0.965600,0.063231,1.130256,-0.010820,1.145951
0.965900,0.065118,1.129151,-0.011148,1.145039
0.966200,0.067005,1.128045,-0.011476,1.144127
0.966500,0.068892,1.126940,-0.011805,1.143215
0.966800,0.070779,1.125835,-0.012133,1.142303
0.967100,0.072718,1.124665,-0.012467,1.141318
0.967400,0.074759,1.123365,-0.012814,1.140188
0.967700,0.076801,1.122065,-0.013160,1.139057
0.968000,0.078842,1.120765,-0.013507,1.137927
0.968300,0.080884,1.119464,-0.013853,1.136797
0.968600,0.082926,1.118164,-0.014200,1.135667
0.968900,0.084967,1.116864,-0.014546,1.134536
0.969200,0.087106,1.115421,-0.014904,1.133249
0.969500,0.089295,1.113907,-0.015267,1.131883
0.969800,0.091483,1.112393,-0.015630,1.130517
0.970100,0.093671,1.110878,-0.015992,1.129151
0.970400,0.095859,1.109364,-0.016355,1.127785
0.970700,0.098048,1.107850,-0.016718,1.126419
0.971000,0.100236,1.106335,-0.017081,1.125053
0.971300,0.102562,1.104588,-0.017463,1.123433
0.971600,0.104888,1.102841,-0.017845,1.121813
0.971900,0.107214,1.101093,-0.018227,1.120194
0.972200,0.109540,1.099346,-0.018609,1.118574
0.972500,0.111866,1.097598,-0.018991,1.116954
0.972800,0.114192,1.095851,-0.019373,1.115334
0.973100,0.116561,1.094020,-0.019762,1.113623
0.973400,0.119015,1.092022,-0.020167,1.111731
0.973700,0.121469,1.090024,-0.020571,1.109840
0.974000,0.123923,1.088026,-0.020976,1.107948
0.974300,0.126377,1.086027,-0.021380,1.106056
0.974600,0.128831,1.084029,-0.021785,1.104164
0.974900,0.131285,1.082031,-0.022189,1.102272
0.975200,0.133817,1.079856,-0.022611,1.100188
0.975500,0.136388,1.077592,-0.023042,1.098007
0.975800,0.138959,1.075329,-0.023473,1.095827
0.976100,0.141531,1.073065,-0.023904,1.093647
0.976400,0.144102,1.070801,-0.024335,1.091466
0.976700,0.146673,1.068537,-0.024766,1.089286
0.977000,0.149244,1.066274,-0.025197,1.087105
0.977300,0.151922,1.063734,-0.025653,1.084625
0.977600,0.154599,1.061194,-0.026109,1.082144
0.977900,0.157276,1.058653,-0.026565,1.079663
0.978200,0.159953,1.056113,-0.027021,1.077183
0.978500,0.162631,1.053573,-0.027477,1.074702
0.978800,0.165308,1.051033,-0.027933,1.072221
0.979100,0.168016,1.048399,-0.028388,1.069635
0.979400,0.170787,1.045576,-0.028844,1.066840
0.979700,0.173558,1.042753,-0.029299,1.064045
0.980000,0.176329,1.039930,-0.029754,1.061249
0.980300,0.179100,1.037107,-0.030209,1.058454
0.980600,0.181872,1.034284,-0.030665,1.055658
0.980900,0.184643,1.031461,-0.031120,1.052863
0.981200,0.187468,1.028448,-0.031542,1.049855
0.981500,0.190320,1.025339,-0.031949,1.046741
0.981800,0.193172,1.022230,-0.032355,1.043626
0.982100,0.196024,1.019122,-0.032761,1.040512
0.982400,0.198877,1.016013,-0.033167,1.037398
0.982700,0.201729,1.012905,-0.033573,1.034283
0.983000,0.204581,1.009796,-0.033979,1.031169
0.983300,0.207501,1.006402,-0.034283,1.027740
0.983600,0.210421,1.003008,-0.034588,1.024312
0.983900,0.213341,0.999615,-0.034892,1.020883
0.984200,0.216262,0.996221,-0.035196,1.017455
0.984500,0.219182,0.992827,-0.035501,1.014026
0.984800,0.222102,0.989433,-0.035805,1.010597
0.985100,0.225040,0.985944,-0.036054,1.007065
0.985400,0.228015,0.982267,-0.036193,1.003324
0.985700,0.230989,0.978590,-0.036332,0.999584
0.986000,0.233964,0.974913,-0.036471,0.995843
0.986300,0.236938,0.971236,-0.036609,0.992103
0.986600,0.239913,0.967559,-0.036748,0.988362
0.986900,0.242888,0.963882,-0.036887,0.984622
0.987200,0.245889,0.960018,-0.036867,0.980677
0.987500,0.248904,0.956062,-0.036767,0.976631
0.987800,0.251920,0.952106,-0.036667,0.972584
0.988100,0.254935,0.948150,-0.036567,0.968538
0.988400,0.257950,0.944193,-0.036467,0.964491
0.988700,0.260965,0.940237,-0.036367,0.960445
0.989000,0.263980,0.936281,-0.036267,0.956399
0.989300,0.267022,0.932052,-0.035845,0.952056
0.989600,0.270064,0.927823,-0.035423,0.947713
0.989900,0.273106,0.923594,-0.035002,0.943370
0.990200,0.276148,0.919365,-0.034580,0.939027
0.990500,0.279190,0.915136,-0.034158,0.934684
0.990800,0.282232,0.910907,-0.033737,0.930340
0.991100,0.285279,0.906590,-0.033177,0.925904
0.991400,0.288334,0.902099,-0.032341,0.921279
0.991700,0.291389,0.897607,-0.031506,0.916655
0.992000,0.294444,0.893115,-0.030671,0.912030
0.992300,0.297499,0.888623,-0.029835,0.907406
0.992600,0.300554,0.884131,-0.029000,0.902781
0.992900,0.303609,0.879639,-0.028164,0.898157
0.993200,0.306664,0.874982,-0.026989,0.893360
0.993500,0.309718,0.870243,-0.025645,0.888477
0.993800,0.312773,0.865503,-0.024300,0.883595
0.994100,0.315827,0.860764,-0.022955,0.878712
0.994400,0.318881,0.856025,-0.021610,0.873829
0.994700,0.321936,0.851285,-0.020265,0.868946
0.995000,0.324990,0.846546,-0.018921,0.864064
0.995300,0.328030,0.841602,-0.016980,0.858954
0.995600,0.331070,0.836658,-0.015039,0.853843
0.995900,0.334111,0.831715,-0.013097,0.848733
0.996200,0.337151,0.826771,-0.011156,0.843623
0.996500,0.340191,0.821827,-0.009215,0.838513
0.996800,0.343231,0.816884,-0.007274,0.833403
0.997100,0.346264,0.811881,-0.005147,0.828234
0.997400,0.349282,0.806759,-0.002647,0.822949
0.997700,0.352301,0.801637,-0.000147,0.817664
0.998000,0.355320,0.796515,0.002353,0.812378
0.998300,0.358339,0.791393,0.004853,0.807093
0.998600,0.361349,0.786226,0.007513,0.801762
0.998900,0.364341,0.780969,0.010494,0.796340
0.999200,0.367334,0.775713,0.013475,0.790919
0.999500,0.370326,0.770456,0.016455,0.785497
0.999800,0.373319,0.765199,0.019436,0.780075
1.000100,0.376305,0.759919,0.022516,0.774625
1.000400,0.379275,0.754577,0.025838,0.769102
1.000700,0.382239,0.749206,0.029241,0.763553
1.001000,0.385193,0.743791,0.032766,0.757964
1.001300,0.388148,0.738376,0.036291,0.752374
1.001600,0.391081,0.732892,0.040053,0.746723
1.001900,0.394004,0.727373,0.043935,0.741041
1.002200,0.396927,0.721854,0.047817,0.735360
1.002500,0.399849,0.716335,0.051699,0.729678
1.002800,0.402772,0.710816,0.055581,0.723996
1.003100,0.405677,0.705243,0.059631,0.718269
1.003400,0.408546,0.699561,0.064015,0.712448
1.003700,0.411415,0.693879,0.068399,0.706628
1.004000,0.414284,0.688197,0.072783,0.700807
1.004300,0.417154,0.682514,0.077167,0.694987
1.004600,0.420023,0.676832,0.081551,0.689166
1.004900,0.422892,0.671150,0.085935,0.683346
1.005200,0.425716,0.665343,0.090651,0.677421
1.005500,0.428517,0.659474,0.095534,0.671445
1.005800,0.431319,0.653605,0.100416,0.665469
1.006100,0.434120,0.647736,0.105299,0.659492
1.006400,0.436922,0.641867,0.110181,0.653516
1.006700,0.439723,0.635998,0.115063,0.647540
1.007000,0.442525,0.630129,0.119946,0.641563
1.007300,0.445251,0.624079,0.125255,0.635445
1.007600,0.447976,0.618029,0.130565,0.629327
1.007900,0.450702,0.611979,0.135875,0.623209
1.008200,0.453427,0.605929,0.141184,0.617091
1.008500,0.456153,0.599879,0.146494,0.610973
1.008800,0.458878,0.593829,0.151804,0.604854
1.009100,0.461576,0.587721,0.157230,0.598694
1.009400,0.464219,0.581497,0.162889,0.592449
1.009700,0.466861,0.575274,0.168547,0.586203
1.010000,0.469503,0.569050,0.174206,0.579958
1.010300,0.472146,0.562827,0.179865,0.573713
1.010600,0.474788,0.556603,0.185523,0.567468
1.010900,0.477430,0.550380,0.191182,0.561223
1.011200,0.480013,0.544047,0.197021,0.554903
1.011500,0.482565,0.537660,0.202951,0.548546
1.011800,0.485118,0.531273,0.208881,0.542189
1.012100,0.487671,0.524886,0.214810,0.535832
1.012400,0.490224,0.518499,0.220740,0.529475
1.012700,0.492776,0.512112,0.226670,0.523118
1.013000,0.495329,0.505725,0.232599,0.516761
1.013300,0.497787,0.499185,0.238725,0.510300
1.013600,0.500244,0.492646,0.244852,0.503838
1.013900,0.502702,0.486106,0.250978,0.497377
1.014200,0.505159,0.479567,0.257104,0.490915
1.014500,0.507617,0.473027,0.263231,0.484454
1.014800,0.510074,0.466488,0.269357,0.477992
1.015100,0.512499,0.459906,0.275526,0.471497
1.015400,0.514856,0.453240,0.281782,0.464933
1.015700,0.517214,0.446573,0.288038,0.458369
1.016000,0.519571,0.439907,0.294293,0.451805
1.016300,0.521929,0.433240,0.300549,0.445241
1.016600,0.524286,0.426574,0.306805,0.438677
1.016900,0.526644,0.419908,0.313060,0.432113
1.017200,0.528941,0.413198,0.319361,0.425505
1.017500,0.531207,0.406466,0.325683,0.418873
1.017800,0.533473,0.399734,0.332006,0.412242
1.018100,0.535740,0.393002,0.338328,0.405611
1.018400,0.538006,0.386270,0.344651,0.398979
1.018700,0.540218,0.379542,0.350989,0.392359
1.019000,0.542403,0.372816,0.357334,0.385744
1.019300,0.544589,0.366090,0.363679,0.379128
1.019600,0.546774,0.359365,0.370025,0.372513
1.019900,0.548959,0.352639,0.376370,0.365898
1.020200,0.551109,0.345930,0.382718,0.359316
1.020500,0.553230,0.339241,0.389067,0.352768
1.020800,0.555328,0.332579,0.395411,0.346260
1.021100,0.557415,0.325931,0.401753,0.339772
1.021400,0.559502,0.319282,0.408094,0.333284
1.021700,0.561550,0.312684,0.414411,0.326946
1.022000,0.563590,0.306097,0.420728,0.320607
1.022300,0.565609,0.299548,0.427045,0.314269
1.022600,0.567607,0.293036,0.433362,0.307931
1.022900,0.569593,0.286546,0.439679,0.301593
1.023200,0.571558,0.280100,0.445958,0.295452
1.023500,0.573505,0.273693,0.452218,0.289410
1.023800,0.575433,0.267329,0.458477,0.283368
1.024100,0.577343,0.261011,0.464737,0.277326
1.024400,0.579235,0.254741,0.470997,0.271284
1.024700,0.581107,0.248522,0.477256,0.265242
1.025000,0.582961,0.242358,0.483516,0.259200
1.025300,0.584796,0.236252,0.489684,0.253582
1.025600,0.586611,0.230205,0.495852,0.247964
1.025900,0.588407,0.224222,0.502020,0.242346
1.026200,0.590183,0.218306,0.508188,0.236727
1.026500,0.591940,0.212459,0.514356,0.231109
1.026800,0.593677,0.206685,0.520524,0.225491
1.027100,0.595393,0.200987,0.526653,0.220046
1.027400,0.597090,0.195368,0.532702,0.214950
1.027700,0.598766,0.189830,0.538751,0.209853
1.028000,0.600421,0.184378,0.544800,0.204756
1.028300,0.602056,0.179013,0.550849,0.199659
1.028600,0.603670,0.173738,0.556898,0.194563
1.028900,0.605263,0.168557,0.562948,0.189466
1.029200,0.606835,0.163470,0.568901,0.184773
1.029500,0.608385,0.158482,0.574808,0.180281
1.029800,0.609914,0.153593,0.580714,0.175790
1.030100,0.611421,0.148806,0.586620,0.171299
1.030400,0.612907,0.144123,0.592526,0.166807
1.030700,0.614370,0.139545,0.598432,0.162316
1.031000,0.615812,0.135074,0.604338,0.157824
1.031300,0.617231,0.130711,0.610091,0.153935
1.031600,0.618628,0.126456,0.615844,0.150045
1.031900,0.620002,0.122311,0.621598,0.146156
1.032200,0.621354,0.118276,0.627351,0.142266
1.032500,0.622683,0.114351,0.633104,0.138377
1.032800,0.623989,0.110537,0.638857,0.134487
1.033100,0.625272,0.106832,0.644551,0.130808
1.033400,0.626532,0.103238,0.650128,0.127549
1.033700,0.627768,0.099752,0.655705,0.124291
1.034000,0.628982,0.096375,0.661281,0.121032
1.034300,0.630172,0.093105,0.666858,0.117773
1.034600,0.631338,0.089941,0.672435,0.114515
1.034900,0.632481,0.086882,0.678012,0.111256
1.035200,0.633601,0.083926,0.683443,0.108455
1.035500,0.634696,0.081072,0.688802,0.105883
1.035800,0.635768,0.078317,0.694161,0.103311
1.036100,0.636816,0.075661,0.699520,0.100739
1.036400,0.637840,0.073100,0.704879,0.098167
1.036700,0.638840,0.070633,0.710238,0.095595
1.037000,0.639816,0.068258,0.715598,0.093024
1.037300,0.640768,0.065971,0.720743,0.091008
1.037600,0.641696,0.063772,0.725889,0.088993
1.037900,0.642600,0.061657,0.731034,0.086977
1.038200,0.643480,0.059625,0.736180,0.084962
1.038500,0.644336,0.057672,0.741325,0.082946
1.038800,0.645168,0.055797,0.746471,0.080931
1.039100,0.645975,0.053997,0.751542,0.079057
1.039400,0.646759,0.052269,0.756464,0.077467
1.039700,0.647518,0.050611,0.761386,0.075877
1.040000,0.648254,0.049021,0.766308,0.074287
1.040300,0.648965,0.047496,0.771230,0.072697
1.040600,0.649652,0.046035,0.776152,0.071107
1.040900,0.650315,0.044633,0.781074,0.069517
1.041200,0.650954,0.043291,0.785828,0.068165
1.041500,0.651570,0.042004,0.790498,0.066931
1.041800,0.652161,0.040772,0.795168,0.065698
1.042100,0.652728,0.039591,0.799838,0.064465
1.042400,0.653272,0.038460,0.804508,0.063232
1.042700,0.653792,0.037376,0.809178,0.061998
1.043000,0.654288,0.036339,0.813848,0.060765
1.043300,0.654760,0.035345,0.818260,0.059789
1.043600,0.655209,0.034393,0.822671,0.058814
1.043900,0.655634,0.033481,0.827083,0.057838
1.044200,0.656036,0.032608,0.831495,0.056862
1.044500,0.656414,0.031771,0.835907,0.055887
1.044800,0.656769,0.030970,0.840319,0.054911
1.045100,0.657101,0.030202,0.844642,0.053997
1.045400,0.657409,0.029466,0.848786,0.053206
1.045700,0.657694,0.028761,0.852930,0.052415
1.046000,0.657956,0.028085,0.857074,0.051624
1.046300,0.658195,0.027437,0.861218,0.050833
1.046600,0.658411,0.026815,0.865362,0.050042
1.046900,0.658604,0.026218,0.869507,0.049251
1.047200,0.658774,0.025646,0.873470,0.048549
1.047500,0.658921,0.025097,0.877343,0.047892
1.047800,0.659046,0.024569,0.881216,0.047234
1.048100,0.659148,0.024063,0.885089,0.046577
1.048400,0.659228,0.023576,0.888962,0.045920
1.048700,0.659285,0.023108,0.892835,0.045262
1.049000,0.659320,0.022658,0.896708,0.044605
1.049300,0.659333,0.022226,0.900309,0.044046
1.049600,0.659323,0.021809,0.903909,0.043487
1.049900,0.659292,0.021408,0.907510,0.042928
1.050200,0.659238,0.021022,0.911110,0.042369
1.050500,0.659162,0.020650,0.914711,0.041810
1.050800,0.659065,0.020291,0.918311,0.041251
1.051100,0.658946,0.019945,0.921822,0.040716
1.051400,0.658805,0.019611,0.925153,0.040227
1.051700,0.658642,0.019289,0.928484,0.039738
1.052000,0.658458,0.018977,0.931815,0.039250
1.052300,0.658252,0.018676,0.935146,0.038761
1.052600,0.658026,0.018385,0.938477,0.038273
1.052900,0.657777,0.018103,0.941808,0.037784
1.053200,0.657508,0.017830,0.944963,0.037329
1.053500,0.657218,0.017566,0.948031,0.036892
1.053800,0.656906,0.017310,0.951099,0.036454
1.054100,0.656574,0.017061,0.954167,0.036016
1.054400,0.656221,0.016820,0.957234,0.035578
1.054700,0.655847,0.016586,0.960302,0.035140
1.055000,0.655452,0.016359,0.963370,0.034702
1.055300,0.655037,0.016138,0.966184,0.034303
1.055600,0.654601,0.015923,0.968998,0.033903
1.055900,0.654145,0.015714,0.971812,0.033504
1.056200,0.653669,0.015511,0.974626,0.033104
1.056500,0.653172,0.015313,0.977439,0.032705
1.056800,0.652655,0.015119,0.980253,0.032305
1.057100,0.652118,0.014931,0.982986,0.031917
1.057400,0.651561,0.014747,0.985558,0.031552
1.057700,0.650985,0.014568,0.988129,0.031187
1.058000,0.650388,0.014393,0.990701,0.030822
1.058300,0.649772,0.014221,0.993272,0.030456
1.058600,0.649136,0.014054,0.995844,0.030091
1.058900,0.648480,0.013890,0.998415,0.029726
1.059200,0.647805,0.013730,1.000834,0.029383
1.059500,0.647111,0.013574,1.003176,0.029051
1.059800,0.646397,0.013420,1.005518,0.028719
1.060100,0.645665,0.013269,1.007860,0.028388
1.060400,0.644913,0.013122,1.010202,0.028056
1.060700,0.644142,0.012977,1.012545,0.027724
1.061000,0.643352,0.012836,1.014887,0.027392
1.061300,0.642543,0.012696,1.017015,0.027085
1.061600,0.641715,0.012560,1.019143,0.026778
1.061900,0.640869,0.012425,1.021271,0.026472
1.062200,0.640004,0.012293,1.023399,0.026165
1.062500,0.639121,0.012164,1.025527,0.025858
1.062800,0.638219,0.012036,1.027655,0.025551
1.063100,0.637298,0.011911,1.029717,0.025247
1.063400,0.636360,0.011788,1.031646,0.024947
1.063700,0.635403,0.011666,1.033575,0.024648
1.064000,0.634428,0.011547,1.035505,0.024348
1.064300,0.633436,0.011429,1.037434,0.024048
1.064600,0.632425,0.011313,1.039364,0.023749
1.064900,0.631396,0.011199,1.041293,0.023449
1.065200,0.630350,0.011087,1.043101,0.023146
1.065500,0.629286,0.010976,1.044847,0.022840
1.065800,0.628205,0.010867,1.046594,0.022535
1.066100,0.627106,0.010759,1.048340,0.022230
1.066400,0.625989,0.010653,1.050087,0.021924
1.066700,0.624855,0.010548,1.051833,0.021619
1.067000,0.623704,0.010444,1.053579,0.021314
1.067300,0.622536,0.010342,1.055158,0.021004
1.067600,0.621351,0.010241,1.056736,0.020695
1.067900,0.620149,0.010142,1.058315,0.020386
1.068200,0.618930,0.010044,1.059893,0.020077
1.068500,0.617694,0.009947,1.061472,0.019767
1.068800,0.616441,0.009851,1.063050,0.019458
1.069100,0.615172,0.009756,1.064578,0.019151
1.069400,0.613886,0.009663,1.066002,0.018847
1.069700,0.612584,0.009570,1.067427,0.018543
1.070000,0.611265,0.009479,1.068851,0.018239
1.070300,0.609930,0.009388,1.070276,0.017935
1.070600,0.608579,0.009299,1.071701,0.017631
1.070900,0.607212,0.009211,1.073125,0.017327
1.071200,0.605829,0.009123,1.074456,0.017033
1.071500,0.604429,0.009037,1.075740,0.016743
1.071800,0.603014,0.008952,1.077023,0.016453
1.072100,0.601584,0.008867,1.078307,0.016163
1.072400,0.600137,0.008783,1.079591,0.015873
1.072700,0.598675,0.008701,1.080875,0.015583
1.073000,0.597197,0.008619,1.082158,0.015294
1.073300,0.595705,0.008538,1.083314,0.015024
1.073600,0.594196,0.008458,1.084469,0.014754
1.073900,0.592673,0.008378,1.085625,0.014484
1.074200,0.591134,0.008300,1.086780,0.014214
1.074500,0.589580,0.008222,1.087936,0.013944
1.074800,0.588012,0.008145,1.089092,0.013674
1.075100,0.586428,0.008068,1.090208,0.013412
1.075400,0.584830,0.007993,1.091247,0.013167
1.075700,0.583217,0.007918,1.092286,0.012921
1.076000,0.581589,0.007844,1.093325,0.012675
1.076300,0.579947,0.007770,1.094364,0.012430
1.076600,0.578290,0.007698,1.095403,0.012184
1.076900,0.576619,0.007626,1.096442,0.011939
1.077200,0.574934,0.007554,1.097418,0.011710
1.077500,0.573234,0.007484,1.098363,0.011490
1.077800,0.571521,0.007413,1.099308,0.011271
1.078100,0.569793,0.007344,1.100254,0.011051
1.078400,0.568052,0.007275,1.101199,0.010831
1.078700,0.566297,0.007207,1.102097,0.010627
1.079000,0.564528,0.007139,1.102972,0.010430
1.079300,0.562745,0.007072,1.103846,0.010234
1.079600,0.560949,0.007006,1.104721,0.010037
1.079900,0.559139,0.006940,1.105596,0.009841
1.080200,0.557317,0.006874,1.106442,0.009662
1.080500,0.555480,0.006810,1.107268,0.009492
1.080800,0.553631,0.006745,1.108079,0.009323
1.081100,0.551769,0.006682,1.108883,0.009154
1.081400,0.549893,0.006618,1.109687,0.008985
1.081700,0.548005,0.006556,1.110449,0.008825
1.082000,0.546104,0.006494,1.111211,0.008665
1.082300,0.544190,0.006432,1.111974,0.008505
1.082600,0.542263,0.006371,1.112736,0.008345
1.082900,0.540324,0.006310,1.113499,0.008185
1.083200,0.538373,0.006250,1.114226,0.008034
1.083500,0.536409,0.006190,1.114937,0.007889
1.083800,0.534433,0.006131,1.115647,0.007743
1.084100,0.532445,0.006072,1.116357,0.007598
1.084400,0.530444,0.006013,1.117067,0.007452
1.084700,0.528432,0.005955,1.117778,0.007306
1.085000,0.526408,0.005898,1.118488,0.007161
1.085300,0.524372,0.005841,1.119154,0.007032
1.085600,0.522324,0.005784,1.119821,0.006904
1.085900,0.520265,0.005727,1.120487,0.006775
1.086200,0.518194,0.005672,1.121153,0.006647
1.086500,0.516112,0.005616,1.121819,0.006518
1.086800,0.514018,0.005561,1.122485,0.006390
1.087100,0.511913,0.005506,1.123142,0.006266
1.087400,0.509798,0.005452,1.123779,0.006152
1.087700,0.507671,0.005398,1.124416,0.006039
1.088000,0.505533,0.005344,1.125054,0.005925
1.088300,0.503384,0.005291,1.125691,0.005812
1.088600,0.501225,0.005238,1.126328,0.005698
1.088900,0.499055,0.005185,1.126965,0.005585
1.089200,0.496874,0.005133,1.127592,0.005480
1.089500,0.494683,0.005081,1.128215,0.005379
1.089800,0.492481,0.005029,1.128837,0.005279
1.090100,0.490270,0.004978,1.129459,0.005179
1.090400,0.488048,0.004927,1.130081,0.005078
1.090700,0.485816,0.004876,1.130703,0.004978
1.091000,0.483574,0.004826,1.131326,0.004877
1.091300,0.481322,0.004776,1.131947,0.004788
1.091600,0.479061,0.004726,1.132568,0.004699
1.091900,0.476790,0.004676,1.133189,0.004610
1.092200,0.474509,0.004627,1.133810,0.004521
1.092500,0.472219,0.004578,1.134432,0.004432
1.092800,0.469919,0.004529,1.135053,0.004343
1.093100,0.467611,0.004481,1.135678,0.004257
1.093400,0.465293,0.004432,1.136310,0.004177
1.093700,0.462966,0.004384,1.136942,0.004097
1.094000,0.460630,0.004337,1.137574,0.004017
1.094300,0.458286,0.004289,1.138206,0.003937
1.094600,0.455932,0.004242,1.138838,0.003857
1.094900,0.453570,0.004195,1.139471,0.003777
1.095200,0.451200,0.004148,1.140114,0.003704
1.095500,0.448821,0.004101,1.140764,0.003634
1.095800,0.446434,0.004055,1.141413,0.003564
1.096100,0.444039,0.004009,1.142063,0.003494
1.096400,0.441635,0.003963,1.142713,0.003425
1.096700,0.439224,0.003917,1.143362,0.003355
1.097000,0.436805,0.003871,1.144012,0.003285
1.097300,0.434378,0.003826,1.144678,0.003228
1.097600,0.431944,0.003781,1.145345,0.003171
1.097900,0.429502,0.003736,1.146012,0.003113
1.098200,0.427052,0.003691,1.146679,0.003056
1.098500,0.424596,0.003646,1.147346,0.002999
1.098800,0.422132,0.003602,1.148021,0.002958
1.099100,0.419661,0.003557,1.148697,0.002916
1.099400,0.417184,0.003513,1.149373,0.002875
1.099700,0.414699,0.003469,1.150049,0.002834
1.100000,0.412208,0.003425,1.150724,0.002792
1.100300,0.409711,0.003382,1.151408,0.002765
1.100600,0.407207,0.003338,1.152090,0.002737
1.100900,0.404696,0.003295,1.152771,0.002714
1.101200,0.402180,0.003251,1.153451,0.002691
1.101500,0.399658,0.003208,1.154130,0.002673
1.101800,0.397129,0.003165,1.154807,0.002663
1.102100,0.394595,0.003123,1.155483,0.002654
1.102400,0.392056,0.003080,1.156160,0.002644
1.102700,0.389510,0.003038,1.156836,0.002634
1.103000,0.386960,0.002995,1.157513,0.002625
1.103300,0.384404,0.002953,1.158179,0.002628
1.103600,0.381843,0.002911,1.158845,0.002632
1.103900,0.379278,0.002869,1.159511,0.002636
1.104200,0.376707,0.002827,1.160177,0.002640
1.104500,0.374132,0.002785,1.160843,0.002644
1.104800,0.371553,0.002743,1.161509,0.002648
1.105100,0.368969,0.002701,1.162168,0.002654
1.105400,0.366381,0.002659,1.162815,0.002667
1.105700,0.363789,0.002617,1.163462,0.002679
1.106000,0.361193,0.002575,1.164108,0.002691
1.106300,0.358593,0.002534,1.164755,0.002703
1.106600,0.355990,0.002492,1.165402,0.002715
1.106900,0.353383,0.002450,1.166048,0.002728
1.107200,0.350773,0.002409,1.166677,0.002741
1.107500,0.348161,0.002368,1.167296,0.002754
1.107800,0.345545,0.002326,1.167915,0.002767
1.108100,0.342926,0.002285,1.168535,0.002780
1.108400,0.340305,0.002244,1.169154,0.002793
1.108700,0.337682,0.002203,1.169774,0.002807
1.109000,0.335057,0.002162,1.170393,0.002820
1.109300,0.332429,0.002121,1.170979,0.002828
1.109600,0.329800,0.002080,1.171565,0.002836
1.109900,0.327169,0.002039,1.172150,0.002844
1.110200,0.324537,0.001998,1.172736,0.002852
1.110500,0.321903,0.001958,1.173322,0.002860
1.110800,0.319269,0.001917,1.173908,0.002868
1.111100,0.316633,0.001877,1.174481,0.002872
1.111400,0.313997,0.001836,1.175029,0.002870
1.111700,0.311361,0.001796,1.175577,0.002868
1.112000,0.308724,0.001756,1.176124,0.002865
1.112300,0.306088,0.001716,1.176672,0.002863
1.112600,0.303451,0.001676,1.177220,0.002861
1.112900,0.300816,0.001636,1.177768,0.002858
1.113200,0.298180,0.001596,1.178287,0.002847
1.113500,0.295546,0.001557,1.178793,0.002832
1.113800,0.292913,0.001517,1.179299,0.002816
1.114100,0.290281,0.001478,1.179804,0.002801
1.114400,0.287651,0.001438,1.180310,0.002785
1.114700,0.285023,0.001399,1.180816,0.002769
1.115000,0.282397,0.001360,1.181321,0.002754
1.115300,0.279773,0.001321,1.181779,0.002724
1.115600,0.277152,0.001282,1.182236,0.002694
1.115900,0.274533,0.001243,1.182694,0.002663
1.116200,0.271918,0.001204,1.183151,0.002633
1.116500,0.269306,0.001165,1.183609,0.002603
1.116800,0.266698,0.001126,1.184066,0.002573
1.117100,0.264094,0.001087,1.184506,0.002538
1.117400,0.261494,0.001049,1.184911,0.002495
1.117700,0.258898,0.001010,1.185316,0.002453
1.118000,0.256307,0.000972,1.185721,0.002410
1.118300,0.253721,0.000933,1.186126,0.002367
1.118600,0.251140,0.000895,1.186510,0.002321
1.118900,0.248565,0.000857,1.186855,0.002268
1.119200,0.245996,0.000819,1.187199,0.002215
1.119500,0.243433,0.000781,1.187544,0.002161
1.119800,0.240876,0.000743,1.187888,0.002108
1.120100,0.238326,0.000705,1.188218,0.002053
1.120400,0.235784,0.000667,1.188511,0.001994
1.120700,0.233248,0.000630,1.188790,0.001933
1.121000,0.230721,0.000592,1.189044,0.001869
1.121300,0.228201,0.000555,1.189299,0.001806
1.121600,0.225690,0.000517,1.189501,0.001739
1.121900,0.223187,0.000480,1.189677,0.001670
1.122200,0.220693,0.000443,1.189853,0.001600
1.122500,0.218208,0.000406,1.190029,0.001531
1.122800,0.215733,0.000369,1.190205,0.001462
1.123100,0.213268,0.000331,1.190335,0.001391
1.123400,0.210813,0.000294,1.190373,0.001314
1.123700,0.208368,0.000257,1.190411,0.001238
1.124000,0.205934,0.000220,1.190448,0.001162
1.124300,0.203512,0.000183,1.190486,0.001086
1.124600,0.201100,0.000146,1.190524,0.001010
1.124900,0.198700,0.000110,1.190562,0.000934
1.125200,0.196313,0.000073,1.190471,0.000854
1.125500,0.193938,0.000036,1.190316,0.000773
1.125800,0.191575,-0.000001,1.190161,0.000691
1.126100,0.189225,-0.000037,1.190006,0.000610
1.126400,0.186889,-0.000074,1.189851,0.000528
1.126700,0.184567,-0.000110,1.189697,0.000447
1.127000,0.182257,-0.000146,1.189542,0.000365
1.127300,0.179963,-0.000182,1.189144,0.000280
1.127600,0.177682,-0.000219,1.188746,0.000195
1.127900,0.175417,-0.000254,1.188348,0.000111
1.128200,0.173166,-0.000290,1.187950,0.000026
1.128500,0.170931,-0.000326,1.187553,-0.000059
1.128800,0.168712,-0.000362,1.187155,-0.000144
1.129100,0.166508,-0.000397,1.186657,-0.000230
1.129400,0.164320,-0.000432,1.185961,-0.000317
1.129700,0.162149,-0.000468,1.185265,-0.000404
1.130000,0.159994,-0.000503,1.184569,-0.000491
1.130300,0.157856,-0.000538,1.183873,-0.000578
1.130600,0.155735,-0.000572,1.183177,-0.000665
1.130900,0.153632,-0.000607,1.182480,-0.000751
1.131200,0.151546,-0.000641,1.181547,-0.000839
1.131500,0.149479,-0.000676,1.180496,-0.000927
1.131800,0.147428,-0.000710,1.179445,-0.001015
1.132100,0.145396,-0.000744,1.178393,-0.001103
1.132400,0.143382,-0.000778,1.177342,-0.001191
1.132700,0.141387,-0.000812,1.176290,-0.001278
1.133000,0.139411,-0.000845,1.175239,-0.001366
1.133300,0.137454,-0.000879,1.173776,-0.001454
1.133600,0.135515,-0.000913,1.172312,-0.001542
1.133900,0.133595,-0.000946,1.170849,-0.001630
1.134200,0.131695,-0.000980,1.169385,-0.001718
1.134500,0.129815,-0.001013,1.167922,-0.001806
1.134800,0.127954,-0.001046,1.166459,-0.001894
1.135100,0.126115,-0.001079,1.164841,-0.001982
1.135400,0.124292,-0.001113,1.162913,-0.002069
1.135700,0.122491,-0.001145,1.160985,-0.002157
1.136000,0.120709,-0.001178,1.159058,-0.002244
1.136300,0.118948,-0.001211,1.157130,-0.002332
1.136600,0.117206,-0.001244,1.155202,-0.002419
1.136900,0.115485,-0.001277,1.153275,-0.002507
1.137200,0.113794,-0.001311,1.151014,-0.002594
1.137500,0.112105,-0.001344,1.148587,-0.002681
1.137800,0.110448,-0.001377,1.146160,-0.002769
1.138100,0.108811,-0.001410,1.143733,-0.002856
1.138400,0.107194,-0.001444,1.141306,-0.002944
1.138700,0.105586,-0.001477,1.138879,-0.003031
1.139000,0.104010,-0.001510,1.136452,-0.003118
1.139300,0.102449,-0.001544,1.133520,-0.003207
1.139600,0.100911,-0.001577,1.130589,-0.003296
1.139900,0.099402,-0.001611,1.127658,-0.003385
1.140200,0.097896,-0.001645,1.124727,-0.003474
1.140500,0.096443,-0.001679,1.121795,-0.003563
1.140800,0.095000,-0.001714,1.118864,-0.003651
1.141100,0.093556,-0.001748,1.115776,-0.003741
1.141400,0.092113,-0.001783,1.112373,-0.003833
1.141700,0.090710,-0.001818,1.108970,-0.003925
1.142000,0.089338,-0.001853,1.105567,-0.004017
1.142300,0.087978,-0.001888,1.102164,-0.004109
1.142600,0.086658,-0.001924,1.098761,-0.004201
1.142900,0.085337,-0.001960,1.095358,-0.004293
1.143200,0.084016,-0.001996,1.091650,-0.004385
1.143500,0.082779,-0.002033,1.087790,-0.004479
1.143800,0.081553,-0.002070,1.083929,-0.004572
1.144100,0.080328,-0.002107,1.080069,-0.004666
1.144400,0.079103,-0.002144,1.076208,-0.004759
1.144700,0.077878,-0.002182,1.072348,-0.004853
1.145000,0.076653,-0.002219,1.068487,-0.004946
1.145300,0.075452,-0.002257,1.064184,-0.005039
1.145600,0.074344,-0.002296,1.059880,-0.005132
1.145900,0.073237,-0.002336,1.055577,-0.005226
1.146200,0.072130,-0.002376,1.051273,-0.005319
1.146500,0.071023,-0.002415,1.046969,-0.005412
1.146800,0.069915,-0.002455,1.042666,-0.005505
1.147100,0.068808,-0.002495,1.038226,-0.005599
1.147400,0.067761,-0.002536,1.033514,-0.005693
1.147700,0.066767,-0.002578,1.028802,-0.005787
1.148000,0.065774,-0.002620,1.024090,-0.005881
1.148300,0.064780,-0.002662,1.019378,-0.005975
1.148600,0.063786,-0.002705,1.014666,-0.006069
1.148900,0.062792,-0.002747,1.009954,-0.006163
1.149200,0.061798,-0.002789,1.004998,-0.006258
1.149500,0.060899,-0.002834,0.999921,-0.006352
1.149800,0.060013,-0.002879,0.994844,-0.006447
1.150100,0.059128,-0.002924,0.989767,-0.006542
1.150400,0.058243,-0.002969,0.984689,-0.006637
1.150700,0.057358,-0.003014,0.979612,-0.006731
1.151000,0.056473,-0.003059,0.974535,-0.006826
1.151300,0.055607,-0.003105,0.969150,-0.006921
1.151600,0.054820,-0.003153,0.963765,-0.007015
1.151900,0.054033,-0.003201,0.958381,-0.007109
1.152200,0.053246,-0.003250,0.952996,-0.007204
1.152500,0.052459,-0.003298,0.947611,-0.007298
1.152800,0.051672,-0.003346,0.942227,-0.007393
1.153100,0.050885,-0.003395,0.936751,-0.007487
1.153400,0.050146,-0.003445,0.931095,-0.007581
1.153700,0.049448,-0.003497,0.925439,-0.007675
1.154000,0.048751,-0.003548,0.919783,-0.007768
1.154300,0.048054,-0.003600,0.914126,-0.007862
1.154600,0.047356,-0.003652,0.908470,-0.007956
1.154900,0.046659,-0.003704,0.902814,-0.008050
1.155200,0.045961,-0.003756,0.897001,-0.008144
1.155500,0.045334,-0.003810,0.891110,-0.008238
1.155800,0.044717,-0.003866,0.885219,-0.008332
1.156100,0.044100,-0.003921,0.879327,-0.008426
1.156400,0.043483,-0.003976,0.873436,-0.008520
1.156700,0.042866,-0.004031,0.867545,-0.008614
1.157000,0.042249,-0.004087,0.861654,-0.008708
1.157300,0.041647,-0.004143,0.855568,-0.008803
1.157600,0.041102,-0.004201,0.849483,-0.008897
1.157900,0.040557,-0.004260,0.843398,-0.008992
1.158200,0.040012,-0.004319,0.837312,-0.009086
1.158500,0.039467,-0.004377,0.831227,-0.009181
1.158800,0.038923,-0.004436,0.825142,-0.009275
1.159100,0.038378,-0.004495,0.819004,-0.009370
1.159400,0.037867,-0.004555,0.812763,-0.009465
1.159700,0.037386,-0.004617,0.806521,-0.009560
1.160000,0.036905,-0.004679,0.800279,-0.009655
1.160300,0.036425,-0.004741,0.794038,-0.009749
1.160600,0.035944,-0.004803,0.787796,-0.009844
1.160900,0.035463,-0.004865,0.781554,-0.009939
1.161200,0.034982,-0.004926,0.775232,-0.010035
1.161500,0.034551,-0.004991,0.768870,-0.010130
1.161800,0.034126,-0.005055,0.762507,-0.010226
1.162100,0.033702,-0.005120,0.756145,-0.010321
1.162400,0.033278,-0.005185,0.749783,-0.010416
1.162700,0.032854,-0.005249,0.743420,-0.010512
1.163000,0.032430,-0.005314,0.737058,-0.010607
1.163300,0.032016,-0.005379,0.730609,-0.010703
1.163600,0.031641,-0.005446,0.724159,-0.010799
1.163900,0.031267,-0.005512,0.717710,-0.010894
1.164200,0.030893,-0.005579,0.711260,-0.010990
1.164500,0.030518,-0.005646,0.704811,-0.011085
1.164800,0.030144,-0.005712,0.698362,-0.011181
1.165100,0.029770,-0.005779,0.691894,-0.011276
1.165400,0.029419,-0.005846,0.685390,-0.011371
1.165700,0.029088,-0.005914,0.678885,-0.011466
1.166000,0.028758,-0.005981,0.672381,-0.011561
1.166300,0.028427,-0.006048,0.665877,-0.011656
1.166600,0.028097,-0.006116,0.659372,-0.011751
1.166900,0.027766,-0.006183,0.652868,-0.011845
1.167200,0.027435,-0.006251,0.646348,-0.011939
1.167500,0.027138,-0.006317,0.639820,-0.012032
1.167800,0.026846,-0.006384,0.633292,-0.012124
1.168100,0.026553,-0.006450,0.626764,-0.012217
1.168400,0.026261,-0.006517,0.620236,-0.012310
1.168700,0.025969,-0.006583,0.613708,-0.012402
1.169000,0.025676,-0.006650,0.607181,-0.012495
1.169300,0.025391,-0.006715,0.600660,-0.012583
1.169600,0.025132,-0.006778,0.594140,-0.012671
1.169900,0.024873,-0.006841,0.587619,-0.012760
1.170200,0.024614,-0.006904,0.581099,-0.012848
1.170500,0.024355,-0.006967,0.574578,-0.012936
1.170800,0.024096,-0.007030,0.568058,-0.013024
1.171100,0.023837,-0.007093,0.561551,-0.013110
1.171400,0.023593,-0.007152,0.555070,-0.013190
1.171700,0.023363,-0.007208,0.548589,-0.013271
1.172000,0.023133,-0.007264,0.542108,-0.013352
1.172300,0.022904,-0.007320,0.535627,-0.013432
1.172600,0.022674,-0.007376,0.529146,-0.013513
1.172900,0.022444,-0.007432,0.522665,-0.013593
1.173200,0.022214,-0.007488,0.516233,-0.013666
1.173500,0.022006,-0.007534,0.509825,-0.013736
1.173800,0.021801,-0.007579,0.503418,-0.013805
1.174100,0.021596,-0.007624,0.497010,-0.013874
1.174400,0.021391,-0.007669,0.490603,-0.013943
1.174700,0.021187,-0.007714,0.484195,-0.014012
1.175000,0.020982,-0.007759,0.477788,-0.014081
1.175300,0.020781,-0.007800,0.471491,-0.014134
1.175600,0.020599,-0.007829,0.465193,-0.014187
1.175900,0.020416,-0.007858,0.458896,-0.014240
1.176200,0.020233,-0.007887,0.452599,-0.014293
1.176500,0.020050,-0.007916,0.446302,-0.014346
1.176800,0.019867,-0.007945,0.440005,-0.014399
1.177100,0.019684,-0.007974,0.433758,-0.014445
1.177400,0.019512,-0.007992,0.427613,-0.014476
1.177700,0.019348,-0.007999,0.421467,-0.014508
1.178000,0.019184,-0.008007,0.415321,-0.014540
1.178300,0.019020,-0.008014,0.409176,-0.014571
1.178600,0.018856,-0.008022,0.403030,-0.014603
1.178900,0.018693,-0.008030,0.396885,-0.014635
1.179200,0.018529,-0.008037,0.390871,-0.014648
1.179500,0.018379,-0.008021,0.384923,-0.014653
1.179800,0.018232,-0.008001,0.378975,-0.014658
1.180100,0.018085,-0.007982,0.373027,-0.014663
1.180400,0.017937,-0.007962,0.367079,-0.014667
1.180700,0.017790,-0.007942,0.361131,-0.014672
1.181000,0.017643,-0.007922,0.355183,-0.014677
1.181300,0.017498,-0.007896,0.349483,-0.014648
1.181600,0.017365,-0.007843,0.343783,-0.014620
1.181900,0.017232,-0.007789,0.338083,-0.014592
1.182200,0.017099,-0.007736,0.332383,-0.014563
1.182500,0.016966,-0.007682,0.326683,-0.014535
1.182800,0.016833,-0.007629,0.320983,-0.014506
1.183100,0.016700,-0.007575,0.315393,-0.014464
1.183400,0.016574,-0.007500,0.310023,-0.014393
1.183700,0.016453,-0.007406,0.304653,-0.014323
1.184000,0.016333,-0.007312,0.299283,-0.014252
1.184300,0.016212,-0.007218,0.293912,-0.014181
1.184600,0.016092,-0.007124,0.288542,-0.014111
1.184900,0.015971,-0.007030,0.283172,-0.014040
1.185200,0.015851,-0.006936,0.278049,-0.013937
1.185500,0.015740,-0.006800,0.273049,-0.013817
1.185800,0.015630,-0.006658,0.268050,-0.013698
1.186100,0.015521,-0.006516,0.263050,-0.013578
1.186400,0.015411,-0.006374,0.258051,-0.013458
1.186700,0.015301,-0.006232,0.253051,-0.013339
1.187000,0.015192,-0.006090,0.248051,-0.013219
1.187300,0.015084,-0.005937,0.243443,-0.013046
1.187600,0.014984,-0.005739,0.238834,-0.012872
1.187900,0.014884,-0.005541,0.234226,-0.012699
1.188200,0.014783,-0.005343,0.229617,-0.012525
1.188500,0.014683,-0.005145,0.225009,-0.012352
1.188800,0.014583,-0.004948,0.220400,-0.012178
1.189100,0.014483,-0.004750,0.215935,-0.011984
1.189400,0.014387,-0.004517,0.211757,-0.011749
1.189700,0.014296,-0.004255,0.207579,-0.011513
1.190000,0.014204,-0.003992,0.203402,-0.011277
1.190300,0.014112,-0.003730,0.199224,-0.011041
1.190600,0.014020,-0.003468,0.195046,-0.010806
1.190900,0.013928,-0.003205,0.190868,-0.010570
1.191200,0.013836,-0.002943,0.186986,-0.010287
1.191500,0.013751,-0.002616,0.183250,-0.009981
1.191800,0.013666,-0.002280,0.179515,-0.009674
1.192100,0.013582,-0.001944,0.175780,-0.009367
1.192400,0.013497,-0.001607,0.172044,-0.009061
1.192700,0.013413,-0.001271,0.168309,-0.008754
1.193000,0.013328,-0.000935,0.164574,-0.008448
1.193300,0.013245,-0.000581,0.161281,-0.008060
1.193600,0.013167,-0.000161,0.157989,-0.007673
1.193900,0.013089,0.000259,0.154696,-0.007286
1.194200,0.013011,0.000679,0.151404,-0.006899
1.194500,0.012933,0.001100,0.148112,-0.006512
1.194800,0.012854,0.001520,0.144819,-0.006125
1.195100,0.012776,0.001940,0.141669,-0.005708
1.195400,0.012701,0.002411,0.138802,-0.005230
1.195700,0.012629,0.002927,0.135935,-0.004752
1.196000,0.012557,0.003442,0.133068,-0.004275
1.196300,0.012484,0.003957,0.130201,-0.003797
1.196600,0.012412,0.004472,0.127334,-0.003319
1.196900,0.012339,0.004987,0.124467,-0.002841
1.197200,0.012267,0.005503,0.121834,-0.002305
1.197500,0.012199,0.006098,0.119317,-0.001739
1.197800,0.012131,0.006705,0.116801,-0.001174
1.198100,0.012063,0.007312,0.114285,-0.000608
1.198400,0.011995,0.007920,0.111769,-0.000042
1.198700,0.011928,0.008549,0.109433,0.000576
1.199000,0.011863,0.009239,0.107187,0.001221
1.199300,0.011798,0.009929,0.104941,0.001866
1.199600,0.011734,0.010619,0.102695,0.002511
1.199900,0.011669,0.011309,0.100450,0.003156
1.200200,0.011606,0.012040,0.098324,0.003841
1.200500,0.011544,0.012804,0.096289,0.004558
1.200800,0.011482,0.013592,0.094315,0.005299
1.201100,0.011421,0.014393,0.092372,0.006052
1.201400,0.011360,0.015195,0.090429,0.006805
1.201700,0.011301,0.016079,0.088668,0.007638
1.202000,0.011243,0.016963,0.086907,0.008471
1.202300,0.011184,0.017848,0.085146,0.009304
1.202600,0.011126,0.018732,0.083385,0.010137
1.202900,0.011067,0.019616,0.081624,0.010971
1.203200,0.011010,0.020591,0.080029,0.011891
1.203500,0.010955,0.021610,0.078516,0.012854
1.203800,0.010900,0.022630,0.077004,0.013817
1.204100,0.010845,0.023650,0.075491,0.014781
1.204400,0.010789,0.024669,0.073979,0.015744
1.204700,0.010734,0.025689,0.072466,0.016707
1.205000,0.010679,0.026708,0.070954,0.017671
1.205300,0.010627,0.027890,0.069680,0.018791
1.205600,0.010575,0.029073,0.068406,0.019911
1.205900,0.010523,0.030255,0.067132,0.021031
1.206200,0.010471,0.031437,0.065858,0.022151
1.206500,0.010419,0.032619,0.064584,0.023271
1.206800,0.010367,0.033801,0.063310,0.024392
1.207100,0.010316,0.035042,0.062104,0.025569
1.207400,0.010267,0.036402,0.061034,0.026861
1.207700,0.010218,0.037762,0.059964,0.028154
1.208000,0.010169,0.039122,0.058894,0.029446
1.208300,0.010120,0.040482,0.057823,0.030738
1.208600,0.010071,0.041842,0.056753,0.032030
1.208900,0.010023,0.043202,0.055683,0.033323
1.209200,0.009976,0.044689,0.054727,0.034740
1.209500,0.009930,0.046241,0.053828,0.036219
1.209800,0.009883,0.047793,0.052929,0.037699
1.210100,0.009837,0.049344,0.052030,0.039178
1.210400,0.009791,0.050896,0.051131,0.040657
1.210700,0.009745,0.052448,0.050232,0.042137
1.211000,0.009699,0.053999,0.049333,0.043616
1.211300,0.009656,0.055754,0.048578,0.045296
1.211600,0.009612,0.057509,0.047822,0.046975
1.211900,0.009569,0.059264,0.047067,0.048655
1.212200,0.009525,0.061018,0.046311,0.050335
1.212500,0.009481,0.062773,0.045556,0.052014
1.212800,0.009438,0.064528,0.044801,0.053694
1.213100,0.009395,0.066353,0.044085,0.055444
1.213400,0.009354,0.068317,0.043450,0.057333
1.213700,0.009313,0.070282,0.042814,0.059222
1.214000,0.009271,0.072246,0.042178,0.061111
1.214300,0.009230,0.074211,0.041543,0.063000
1.214600,0.009189,0.076175,0.040907,0.064889
1.214900,0.009148,0.078140,0.040271,0.066778
1.215200,0.009108,0.080245,0.039702,0.068809
1.215500,0.009069,0.082420,0.039166,0.070911
1.215800,0.009030,0.084596,0.038629,0.073013
1.216100,0.008990,0.086771,0.038093,0.075116
1.216400,0.008951,0.088946,0.037557,0.077218
1.216700,0.008912,0.091122,0.037021,0.079320
1.217000,0.008873,0.093297,0.036484,0.081422
1.217300,0.008835,0.095654,0.036022,0.083709
1.217600,0.008798,0.098012,0.035559,0.085997
1.217900,0.008760,0.100369,0.035097,0.088284
1.218200,0.008723,0.102726,0.034635,0.090572
1.218500,0.008685,0.105083,0.034172,0.092859
1.218800,0.008649,0.107593,0.033763,0.095302
1.219100,0.008613,0.110102,0.033354,0.097745
1.219400,0.008576,0.112611,0.032945,0.100188
1.219700,0.008540,0.115120,0.032536,0.102631
1.220000,0.008504,0.117629,0.032127,0.105074
1.220300,0.008468,0.120239,0.031751,0.107619
1.220600,0.008433,0.122862,0.031379,0.110178
1.220900,0.008398,0.125542,0.031024,0.112796
1.221200,0.008363,0.128222,0.030669,0.115414
1.221500,0.008328,0.130940,0.030324,0.118071
1.221800,0.008294,0.133733,0.030000,0.120805
1.222100,0.008260,0.136525,0.029677,0.123538
1.222400,0.008226,0.139318,0.029353,0.126272
1.222700,0.008192,0.142111,0.029029,0.129005
1.223000,0.008158,0.144903,0.028706,0.131739
1.223300,0.008125,0.147858,0.028424,0.134639
1.223600,0.008092,0.150813,0.028141,0.137538
1.223900,0.008059,0.153768,0.027859,0.140438
1.224200,0.008026,0.156723,0.027577,0.143338
1.224500,0.007993,0.159678,0.027294,0.146238
1.224800,0.007960,0.162633,0.027012,0.149138
1.225100,0.007928,0.165644,0.026743,0.152096
1.225400,0.007896,0.168770,0.026499,0.155171
1.225700,0.007864,0.171896,0.026256,0.158246
1.226000,0.007833,0.175021,0.026012,0.161320
1.226300,0.007801,0.178147,0.025769,0.164395
1.226600,0.007769,0.181273,0.025525,0.167470
1.226900,0.007738,0.184398,0.025282,0.170545
1.227200,0.007707,0.187631,0.025060,0.173729
1.227500,0.007676,0.190917,0.024849,0.176969
1.227800,0.007646,0.194203,0.024638,0.180208
1.228100,0.007615,0.197489,0.024426,0.183447
1.228400,0.007584,0.200775,0.024215,0.186686
1.228700,0.007554,0.204061,0.024004,0.189925
1.229000,0.007523,0.207347,0.023793,0.193164
1.229300,0.007494,0.210783,0.023608,0.196557
1.229600,0.007464,0.214218,0.023424,0.199949
1.229900,0.007435,0.217654,0.023240,0.203342
1.230200,0.007405,0.221090,0.023055,0.206734
1.230500,0.007376,0.224525,0.022871,0.210127
1.230800,0.007346,0.227961,0.022687,0.213520
1.231100,0.007317,0.231443,0.022510,0.216960
1.231400,0.007289,0.235018,0.022348,0.220495
1.231700,0.007260,0.238594,0.022186,0.224031
1.232000,0.007232,0.242169,0.022024,0.227566
1.232300,0.007203,0.245744,0.021862,0.231101
1.232600,0.007175,0.249319,0.021699,0.234637
1.232900,0.007146,0.252894,0.021537,0.238172
1.233200,0.007118,0.256555,0.021388,0.241796
1.233500,0.007091,0.260259,0.021244,0.245464
1.233800,0.007063,0.263964,0.021101,0.249132
1.234100,0.007035,0.267668,0.020958,0.252800
1.234400,0.007008,0.271372,0.020814,0.256468
1.234700,0.006980,0.275076,0.020671,0.260136
1.235000,0.006953,0.278781,0.020528,0.263804
1.235300,0.006926,0.282603,0.020400,0.267594
1.235600,0.006899,0.286426,0.020273,0.271384
1.235900,0.006873,0.290249,0.020145,0.275174
1.236200,0.006846,0.294072,0.020017,0.278964
1.236500,0.006819,0.297894,0.019890,0.282754
1.236800,0.006793,0.301717,0.019762,0.286544
1.237100,0.006766,0.305576,0.019639,0.290372
1.237400,0.006740,0.309507,0.019525,0.294273
1.237700,0.006714,0.313437,0.019410,0.298175
1.238000,0.006689,0.317368,0.019296,0.302077
1.238300,0.006663,0.321299,0.019181,0.305979
1.238600,0.006637,0.325230,0.019067,0.309881
1.238900,0.006611,0.329161,0.018953,0.313783
1.239200,0.006586,0.333156,0.018846,0.317752
1.239500,0.006560,0.337184,0.018743,0.321755
1.239800,0.006535,0.341211,0.018639,0.325757
1.240100,0.006510,0.345239,0.018536,0.329760
1.240400,0.006485,0.349266,0.018433,0.333763
1.240700,0.006460,0.353294,0.018330,0.337766
1.241000,0.006434,0.357322,0.018227,0.341768
1.241300,0.006410,0.361434,0.018133,0.345860
1.241600,0.006385,0.365546,0.018039,0.349952
1.241900,0.006360,0.369659,0.017945,0.354043
1.242200,0.006336,0.373771,0.017852,0.358135
1.242500,0.006311,0.377883,0.017758,0.362227
1.242800,0.006286,0.381995,0.017664,0.366319
1.243100,0.006262,0.386131,0.017573,0.370435
1.243400,0.006237,0.390313,0.017488,0.374601
1.243700,0.006212,0.394496,0.017402,0.378768
1.244000,0.006188,0.398678,0.017316,0.382934
1.244300,0.006163,0.402861,0.017231,0.387100
1.244600,0.006138,0.407043,0.017145,0.391266
1.244900,0.006114,0.411226,0.017059,0.395433
1.245200,0.006089,0.415444,0.016978,0.399637
1.245500,0.006064,0.419680,0.016900,0.403860
1.245800,0.006039,0.423916,0.016821,0.408083
1.246100,0.006014,0.428152,0.016742,0.412306
1.246400,0.005989,0.432388,0.016663,0.416529
1.246700,0.005964,0.436624,0.016585,0.420751
1.247000,0.005939,0.440859,0.016506,0.424974
1.247300,0.005913,0.445131,0.016433,0.429233
1.247600,0.005888,0.449403,0.016360,0.433492
1.247900,0.005862,0.453675,0.016287,0.437751
1.248200,0.005836,0.457947,0.016214,0.442010
1.248500,0.005810,0.462218,0.016142,0.446269
1.248800,0.005784,0.466490,0.016069,0.450528
1.249100,0.005758,0.470769,0.015998,0.454792
1.249400,0.005731,0.475061,0.015930,0.459067
1.249700,0.005704,0.479353,0.015862,0.463342
1.250000,0.005677,0.483646,0.015794,0.467616
1.250300,0.005650,0.487938,0.015727,0.471891
1.250600,0.005623,0.492230,0.015659,0.476166
1.250900,0.005596,0.496523,0.015591,0.480440
1.251200,0.005568,0.500814,0.015526,0.484714
1.251500,0.005539,0.505105,0.015463,0.488988
1.251800,0.005510,0.509396,0.015400,0.493262
1.252100,0.005481,0.513687,0.015337,0.497536
1.252400,0.005452,0.517978,0.015273,0.501810
1.252700,0.005423,0.522269,0.015210,0.506084
1.253000,0.005394,0.526560,0.015147,0.510358
1.253300,0.005363,0.530843,0.015088,0.514607
1.253600,0.005332,0.535127,0.015028,0.518856
1.253900,0.005301,0.539411,0.014969,0.523105
1.254200,0.005270,0.543695,0.014909,0.527353
1.254500,0.005239,0.547979,0.014850,0.531602
1.254800,0.005208,0.552262,0.014791,0.535851
1.255100,0.005176,0.556548,0.014732,0.540088
1.255400,0.005143,0.560837,0.014676,0.544303
1.255700,0.005109,0.565126,0.014620,0.548517
1.256000,0.005075,0.569414,0.014564,0.552732
1.256300,0.005042,0.573703,0.014508,0.556946
1.256600,0.005008,0.577992,0.014453,0.561161
1.256900,0.004975,0.582281,0.014397,0.565375
1.257200,0.004939,0.586570,0.014343,0.569571
1.257500,0.004902,0.590860,0.014290,0.573758
1.257800,0.004866,0.595150,0.014237,0.577945
1.258100,0.004829,0.599440,0.014184,0.582132
1.258400,0.004792,0.603730,0.014131,0.586319
1.258700,0.004755,0.608020,0.014078,0.590506
1.259000,0.004718,0.612310,0.014025,0.594693
1.259300,0.004678,0.616594,0.013975,0.598841
1.259600,0.004637,0.620879,0.013925,0.602989
1.259900,0.004597,0.625164,0.013874,0.607138
1.260200,0.004556,0.629449,0.013824,0.611286
1.260500,0.004515,0.633734,0.013774,0.615434
1.260800,0.004475,0.638019,0.013723,0.619582
1.261100,0.004433,0.642300,0.013674,0.623713
1.261400,0.004388,0.646576,0.013626,0.627808
1.261700,0.004343,0.650852,0.013578,0.631904
1.262000,0.004298,0.655127,0.013530,0.636000
1.262300,0.004253,0.659403,0.013483,0.640096
1.262600,0.004208,0.663678,0.013435,0.644191
1.262900,0.004163,0.667954,0.013387,0.648287
1.263200,0.004114,0.672221,0.013340,0.652340
1.263500,0.004064,0.676483,0.013295,0.656372
1.263800,0.004014,0.680745,0.013249,0.660404
1.264100,0.003964,0.685007,0.013203,0.664436
1.264400,0.003914,0.689269,0.013157,0.668468
1.264700,0.003864,0.693531,0.013112,0.672500
1.265000,0.003815,0.697793,0.013066,0.676532
1.265300,0.003759,0.702041,0.013022,0.680490
1.265600,0.003704,0.706288,0.012978,0.684448
1.265900,0.003648,0.710535,0.012934,0.688407
1.266200,0.003593,0.714782,0.012891,0.692365
1.266500,0.003538,0.719029,0.012847,0.696323
1.266800,0.003482,0.723276,0.012803,0.700281
1.267100,0.003425,0.727518,0.012760,0.704213
1.267400,0.003364,0.731748,0.012718,0.708094
1.267700,0.003303,0.735978,0.012676,0.711974
1.268000,0.003242,0.740209,0.012634,0.715855
1.268300,0.003181,0.744439,0.012592,0.719735
1.268600,0.003119,0.748669,0.012550,0.723615
1.268900,0.003058,0.752899,0.012507,0.727496
1.269200,0.002993,0.757115,0.012466,0.731326
1.269500,0.002926,0.761322,0.012426,0.735131
1.269800,0.002859,0.765530,0.012386,0.738935
1.270100,0.002792,0.769737,0.012345,0.742740
1.270400,0.002725,0.773945,0.012305,0.746545
1.270700,0.002658,0.778152,0.012264,0.750349
1.271000,0.002591,0.782360,0.012224,0.754154
1.271300,0.002518,0.786526,0.012185,0.757891
1.271600,0.002445,0.790693,0.012146,0.761628
1.271900,0.002372,0.794859,0.012107,0.765365
1.272200,0.002299,0.799025,0.012068,0.769102
1.272500,0.002226,0.803191,0.012029,0.772839
1.272800,0.002153,0.807358,0.011990,0.776577
1.273100,0.002078,0.811499,0.011951,0.780289
1.273400,0.002000,0.815592,0.011914,0.783953
1.273700,0.001922,0.819684,0.011876,0.787617
1.274000,0.001843,0.823777,0.011838,0.791281
1.274300,0.001765,0.827869,0.011801,0.794945
1.274600,0.001686,0.831962,0.011763,0.798610
1.274900,0.001608,0.836054,0.011725,0.802274
1.275200,0.001526,0.840067,0.011689,0.805863
1.275500,0.001444,0.844040,0.011652,0.809416
1.275800,0.001361,0.848014,0.011616,0.812969
1.276100,0.001278,0.851987,0.011580,0.816522
1.276400,0.001195,0.855960,0.011544,0.820074
1.276700,0.001113,0.859934,0.011507,0.823627
1.277000,0.001030,0.863907,0.011471,0.827180
1.277300,0.000943,0.867739,0.011436,0.830565
1.277600,0.000856,0.871570,0.011401,0.833951
1.277900,0.000769,0.875402,0.011366,0.837337
1.278200,0.000682,0.879233,0.011331,0.840723
1.278500,0.000595,0.883065,0.011297,0.844109
1.278800,0.000508,0.886896,0.011262,0.847495
1.279100,0.000419,0.890675,0.011227,0.850819
1.279400,0.000328,0.894348,0.011193,0.854022
1.279700,0.000236,0.898022,0.011160,0.857224
1.280000,0.000145,0.901695,0.011126,0.860426
1.280300,0.000054,0.905369,0.011092,0.863628
1.280600,-0.000038,0.909042,0.011059,0.866830
1.280900,-0.000129,0.912716,0.011025,0.870032
1.281200,-0.000223,0.916266,0.010992,0.873110
1.281500,-0.000317,0.919756,0.010960,0.876125
1.281800,-0.000412,0.923246,0.010927,0.879141
1.282100,-0.000507,0.926735,0.010894,0.882156
1.282400,-0.000601,0.930225,0.010862,0.885172
1.282700,-0.000696,0.933714,0.010829,0.888187
1.283000,-0.000790,0.937204,0.010796,0.891203
1.283300,-0.000888,0.940493,0.010765,0.894017
1.283600,-0.000985,0.943783,0.010733,0.896832
1.283900,-0.001083,0.947072,0.010701,0.899647
1.284200,-0.001180,0.950361,0.010670,0.902461
1.284500,-0.001278,0.953651,0.010638,0.905276
1.284800,-0.001375,0.956940,0.010607,0.908090
1.285100,-0.001473,0.960159,0.010575,0.910837
1.285400,-0.001573,0.963237,0.010544,0.913449
1.285700,-0.001672,0.966314,0.010514,0.916060
1.286000,-0.001772,0.969392,0.010483,0.918672
1.286300,-0.001871,0.972470,0.010452,0.921283
1.286600,-0.001971,0.975548,0.010421,0.923895
1.286900,-0.002070,0.978625,0.010391,0.926506
1.287200,-0.002171,0.981558,0.010361,0.928983
1.287500,-0.002272,0.984419,0.010331,0.931394
1.287800,-0.002373,0.987279,0.010301,0.933804
1.288100,-0.002474,0.990139,0.010271,0.936214
1.288400,-0.002575,0.993000,0.010241,0.938624
1.288700,-0.002677,0.995860,0.010211,0.941034
1.289000,-0.002778,0.998720,0.010181,0.943445
1.289300,-0.002880,1.001361,0.010151,0.945662
1.289600,-0.002982,1.004002,0.010122,0.947879
1.289900,-0.003084,1.006642,0.010093,0.950096
1.290200,-0.003186,1.009283,0.010063,0.952313
1.290500,-0.003289,1.011923,0.010034,0.954530
1.290800,-0.003391,1.014564,0.010005,0.956748
1.291100,-0.003493,1.017132,0.009976,0.958908
1.291400,-0.003596,1.019555,0.009947,0.960954
1.291700,-0.003699,1.021977,0.009918,0.963000
1.292000,-0.003802,1.024400,0.009889,0.965047
1.292300,-0.003905,1.026823,0.009861,0.967093
1.292600,-0.004008,1.029246,0.009832,0.969139
1.292900,-0.004111,1.031668,0.009803,0.971186
1.293200,-0.004214,1.033949,0.009775,0.973133
1.293500,-0.004317,1.036159,0.009747,0.975031
1.293800,-0.004420,1.038368,0.009719,0.976929
1.294100,-0.004524,1.040578,0.009691,0.978828
1.294400,-0.004627,1.042788,0.009663,0.980726
1.294700,-0.004730,1.044997,0.009635,0.982624
1.295000,-0.004834,1.047207,0.009608,0.984522
1.295300,-0.004937,1.049212,0.009581,0.986282
1.295600,-0.005041,1.051216,0.009555,0.988041
1.295900,-0.005145,1.053221,0.009528,0.989801
1.296200,-0.005248,1.055226,0.009502,0.991561
1.296500,-0.005352,1.057230,0.009475,0.993320
1.296800,-0.005456,1.059235,0.009449,0.995080
1.297100,-0.005560,1.061182,0.009423,0.996798
1.297400,-0.005664,1.063014,0.009398,0.998431
1.297700,-0.005768,1.064845,0.009373,1.000064
1.298000,-0.005872,1.066677,0.009348,1.001697
1.298300,-0.005976,1.068508,0.009323,1.003330
1.298600,-0.006080,1.070293,0.009298,1.004930
1.298900,-0.006185,1.071985,0.009275,1.006461
1.299200,-0.006289,1.073676,0.009252,1.007992
1.299500,-0.006393,1.075367,0.009229,1.009524
1.299800,-0.006498,1.077059,0.009205,1.011055
1.300100,-0.006603,1.078721,0.009183,1.012573
1.300400,-0.006708,1.080313,0.009161,1.014052
1.300700,-0.006813,1.081883,0.009140,1.015511
1.301000,-0.006918,1.083419,0.009120,1.016941
1.301300,-0.007023,1.084955,0.009099,1.018372
1.301600,-0.007128,1.086426,0.009080,1.019754
1.301900,-0.007233,1.087865,0.009061,1.021113
1.302200,-0.007338,1.089305,0.009042,1.022471
1.302500,-0.007443,1.090744,0.009024,1.023830
1.302800,-0.007549,1.092184,0.009005,1.025189
1.303100,-0.007654,1.093578,0.008987,1.026513
1.303400,-0.007759,1.094881,0.008972,1.027769
1.303700,-0.007864,1.096184,0.008956,1.029025
1.304000,-0.007969,1.097488,0.008941,1.030281
1.304300,-0.008074,1.098791,0.008925,1.031537
1.304600,-0.008180,1.100094,0.008910,1.032793
1.304900,-0.008285,1.101398,0.008894,1.034049
1.305200,-0.008390,1.102609,0.008881,1.035234
1.305500,-0.008495,1.103774,0.008870,1.036385
1.305800,-0.008600,1.104940,0.008859,1.037536
1.306100,-0.008706,1.106105,0.008847,1.038686
1.306400,-0.008811,1.107270,0.008836,1.039837
1.306700,-0.008916,1.108435,0.008824,1.040988
1.307000,-0.009021,1.109601,0.008813,1.042138
1.307300,-0.009126,1.110642,0.008806,1.043192
1.307600,-0.009231,1.111684,0.008799,1.044245
1.307900,-0.009336,1.112726,0.008793,1.045298
1.308200,-0.009440,1.113767,0.008786,1.046351
1.308500,-0.009545,1.114809,0.008779,1.047405
1.308800,-0.009650,1.115851,0.008772,1.048458
1.309100,-0.009754,1.116856,0.008767,1.049481
1.309400,-0.009857,1.117788,0.008766,1.050443
1.309700,-0.009960,1.118721,0.008764,1.051405
1.310000,-0.010064,1.119653,0.008762,1.052367
1.310300,-0.010167,1.120585,0.008761,1.053329
1.310600,-0.010270,1.121518,0.008759,1.054291
1.310900,-0.010373,1.122450,0.008758,1.055253
1.311200,-0.010474,1.123319,0.008759,1.056166
1.311500,-0.010573,1.124155,0.008763,1.057054
1.311800,-0.010673,1.124992,0.008766,1.057943
1.312100,-0.010772,1.125828,0.008769,1.058832
1.312400,-0.010872,1.126665,0.008773,1.059720
1.312700,-0.010971,1.127501,0.008776,1.060609
1.313000,-0.011070,1.128337,0.008779,1.061498
1.313300,-0.011163,1.129090,0.008786,1.062360
1.313600,-0.011255,1.129842,0.008792,1.063222
1.313900,-0.011348,1.130595,0.008799,1.064084
1.314200,-0.011440,1.131347,0.008806,1.064946
1.314500,-0.011533,1.132099,0.008812,1.065809
1.314800,-0.011625,1.132852,0.008819,1.066671
1.315100,-0.011714,1.133579,0.008826,1.067539
1.315400,-0.011795,1.134257,0.008834,1.068420
1.315700,-0.011876,1.134935,0.008842,1.069301
1.316000,-0.011957,1.135613,0.008850,1.070182
1.316300,-0.012038,1.136291,0.008858,1.071063
1.316600,-0.012119,1.136969,0.008866,1.071943
1.316900,-0.012200,1.137647,0.008873,1.072824
1.317200,-0.012271,1.138286,0.008881,1.073728
1.317500,-0.012338,1.138906,0.008889,1.074644
1.317800,-0.012405,1.139525,0.008897,1.075560
1.318100,-0.012471,1.140144,0.008905,1.076476
1.318400,-0.012538,1.140763,0.008913,1.077392
1.318700,-0.012593,1.141352,0.008920,1.078334
1.319000,-0.012643,1.141926,0.008927,1.079290
1.319300,-0.012693,1.142499,0.008933,1.080245
1.319600,-0.012744,1.143073,0.008940,1.081200
1.319900,-0.012794,1.143647,0.008947,1.082156
1.320200,-0.012836,1.144201,0.008953,1.083129
1.320500,-0.012871,1.144741,0.008959,1.084118
1.320800,-0.012901,1.145269,0.008964,1.085119
1.321100,-0.012927,1.145791,0.008969,1.086126
1.321400,-0.012954,1.146313,0.008974,1.087134
1.321700,-0.012960,1.146805,0.008977,1.088175
1.322000,-0.012966,1.147298,0.008980,1.089216
1.322300,-0.012972,1.147790,0.008983,1.090257
1.322600,-0.012978,1.148282,0.008986,1.091298
1.322900,-0.012984,1.148775,0.008989,1.092339
1.323200,-0.012967,1.149238,0.008991,1.093407
1.323500,-0.012937,1.149688,0.008991,1.094490
1.323800,-0.012907,1.150138,0.008991,1.095572
1.324100,-0.012878,1.150587,0.008992,1.096654
1.324400,-0.012848,1.151037,0.008992,1.097736
1.324700,-0.012818,1.151486,0.008993,1.098818
1.325000,-0.012789,1.151936,0.008993,1.099900
1.325300,-0.012713,1.152340,0.008990,1.101015
1.325600,-0.012637,1.152744,0.008987,1.102130
1.325900,-0.012562,1.153148,0.008984,1.103244
1.326200,-0.012486,1.153551,0.008981,1.104359
1.326500,-0.012410,1.153955,0.008978,1.105474
1.326800,-0.012334,1.154359,0.008975,1.106588
1.327100,-0.012240,1.154749,0.008971,1.107706
1.327400,-0.012110,1.155110,0.008964,1.108832
1.327700,-0.011979,1.155472,0.008958,1.109957
1.328000,-0.011849,1.155833,0.008952,1.111083
1.328300,-0.011718,1.156195,0.008946,1.112208
1.328600,-0.011587,1.156556,0.008940,1.113334
1.328900,-0.011457,1.156918,0.008934,1.114459
1.329200,-0.011284,1.157253,0.008925,1.115574
1.329500,-0.011090,1.157574,0.008916,1.116683
1.329800,-0.010896,1.157896,0.008907,1.117792
1.330100,-0.010702,1.158217,0.008897,1.118901
1.330400,-0.010508,1.158539,0.008888,1.120010
1.330700,-0.010314,1.158860,0.008879,1.121119
1.331000,-0.010120,1.159182,0.008869,1.122228
1.331300,-0.009853,1.159465,0.008858,1.123299
1.331600,-0.009586,1.159748,0.008846,1.124371
1.331900,-0.009319,1.160031,0.008834,1.125442
1.332200,-0.009052,1.160314,0.008823,1.126514
1.332500,-0.008786,1.160597,0.008811,1.127585
1.332800,-0.008519,1.160881,0.008800,1.128657
1.333100,-0.008224,1.161151,0.008787,1.129709
1.333400,-0.007875,1.161396,0.008773,1.130725
1.333700,-0.007525,1.161641,0.008759,1.131740
1.334000,-0.007176,1.161886,0.008745,1.132756
1.334300,-0.006826,1.162131,0.008731,1.133772
1.334600,-0.006477,1.162377,0.008717,1.134787
1.334900,-0.006128,1.162622,0.008703,1.135803
1.335200,-0.005716,1.162841,0.008686,1.136768
1.335500,-0.005274,1.163048,0.008666,1.137709
1.335800,-0.004832,1.163255,0.008646,1.138650
1.336100,-0.004389,1.163461,0.008627,1.139590
1.336400,-0.003947,1.163668,0.008607,1.140531
1.336700,-0.003505,1.163875,0.008588,1.141472
1.337000,-0.003062,1.164081,0.008568,1.142413
1.337300,-0.002517,1.164248,0.008538,1.143263
1.337600,-0.001971,1.164415,0.008508,1.144114
1.337900,-0.001425,1.164582,0.008478,1.144965
1.338200,-0.000879,1.164749,0.008448,1.145815
1.338500,-0.000334,1.164916,0.008418,1.146666
1.338800,0.000212,1.165083,0.008388,1.147517
1.339100,0.000796,1.165236,0.008354,1.148334
1.339400,0.001456,1.165362,0.008310,1.149085
1.339700,0.002117,1.165487,0.008266,1.149836
1.340000,0.002777,1.165612,0.008222,1.150587
1.340300,0.003437,1.165737,0.008178,1.151338
1.340600,0.004097,1.165862,0.008134,1.152089
1.340900,0.004758,1.165988,0.008091,1.152840
1.341200,0.005497,1.166084,0.008036,1.153522
1.341500,0.006275,1.166166,0.007975,1.154169
1.341800,0.007054,1.166249,0.007914,1.154816
1.342100,0.007832,1.166331,0.007854,1.155462
1.342400,0.008611,1.166413,0.007793,1.156109
1.342700,0.009389,1.166495,0.007733,1.156756
1.343000,0.010168,1.166578,0.007672,1.157403
1.343300,0.011079,1.166614,0.007586,1.157945
1.343600,0.011989,1.166651,0.007500,1.158487
1.343900,0.012900,1.166687,0.007414,1.159028
1.344200,0.013811,1.166724,0.007328,1.159570
1.344500,0.014721,1.166761,0.007242,1.160111
1.344800,0.015632,1.166797,0.007156,1.160653
1.345100,0.016592,1.166816,0.007060,1.161159
1.345400,0.017652,1.166801,0.006947,1.161593
1.345700,0.018711,1.166785,0.006834,1.162028
1.346000,0.019770,1.166770,0.006721,1.162463
1.346300,0.020829,1.166754,0.006607,1.162898
1.346600,0.021889,1.166738,0.006494,1.163332
1.346900,0.022948,1.166723,0.006381,1.163767
1.347200,0.024116,1.166665,0.006250,1.164129
1.347500,0.025338,1.166586,0.006110,1.164455
1.347800,0.026560,1.166508,0.005970,1.164782
1.348100,0.027783,1.166429,0.005831,1.165108
1.348400,0.029005,1.166350,0.005691,1.165434
1.348700,0.030227,1.166271,0.005552,1.165760
1.349000,0.031449,1.166193,0.005412,1.166086
1.349300,0.032833,1.166048,0.005242,1.166300
1.349600,0.034217,1.165904,0.005071,1.166515
1.349900,0.035601,1.165759,0.004901,1.166729
1.350200,0.036985,1.165615,0.004731,1.166944
1.350500,0.038369,1.165470,0.004560,1.167158
1.350800,0.039753,1.165326,0.004390,1.167373
1.351100,0.041191,1.165159,0.004209,1.167549
1.351400,0.042738,1.164946,0.004007,1.167648
1.351700,0.044285,1.164733,0.003805,1.167748
1.352000,0.045832,1.164520,0.003603,1.167847
1.352300,0.047378,1.164307,0.003401,1.167947
1.352600,0.048925,1.164094,0.003199,1.168046
1.352900,0.050472,1.163881,0.002997,1.168146
1.353200,0.052134,1.163613,0.002773,1.168167
1.353500,0.053854,1.163317,0.002538,1.168148
1.353800,0.055574,1.163021,0.002302,1.168130
1.354100,0.057294,1.162725,0.002067,1.168111
1.354400,0.059014,1.162429,0.001832,1.168092
1.354700,0.060734,1.162133,0.001596,1.168074
1.355000,0.062454,1.161837,0.001361,1.168055
1.355300,0.064343,1.161446,0.001093,1.167910
1.355600,0.066231,1.161055,0.000826,1.167764
1.355900,0.068120,1.160665,0.000558,1.167619
1.356200,0.070008,1.160274,0.000291,1.167473
1.356500,0.071896,1.159884,0.000023,1.167328
1.356800,0.073785,1.159493,-0.000244,1.167182
1.357100,0.075729,1.159068,-0.000519,1.166989
1.357400,0.077783,1.158572,-0.000807,1.166700
1.357700,0.079837,1.158076,-0.001095,1.166411
1.358000,0.081891,1.157581,-0.001383,1.166122
1.358300,0.083945,1.157085,-0.001671,1.165833
1.358600,0.085999,1.156589,-0.001959,1.165544
1.358900,0.088053,1.156094,-0.002248,1.165255
1.359200,0.090214,1.155519,-0.002548,1.164862
1.359500,0.092427,1.154905,-0.002854,1.164418
1.359800,0.094640,1.154291,-0.003160,1.163974
1.360100,0.096853,1.153678,-0.003466,1.163530
1.360400,0.099067,1.153064,-0.003772,1.163086
1.360700,0.101280,1.152450,-0.004078,1.162642
1.361000,0.103493,1.151836,-0.004384,1.162198
1.361300,0.105859,1.151089,-0.004708,1.161589
1.361600,0.108225,1.150343,-0.005032,1.160980
1.361900,0.110591,1.149596,-0.005355,1.160371
1.362200,0.112956,1.148849,-0.005679,1.159763
1.362500,0.115322,1.148103,-0.006003,1.159154
1.362800,0.117688,1.147356,-0.006327,1.158545
1.363100,0.120102,1.146559,-0.006655,1.157876
1.363400,0.122612,1.145663,-0.006990,1.157086
1.363700,0.125123,1.144766,-0.007326,1.156297
1.364000,0.127633,1.143870,-0.007662,1.155507
1.364300,0.130144,1.142973,-0.007997,1.154717
1.364600,0.132654,1.142077,-0.008333,1.153928
1.364900,0.135165,1.141180,-0.008668,1.153138
1.365200,0.137766,1.140171,-0.009012,1.152218
1.365500,0.140413,1.139106,-0.009360,1.151232
1.365800,0.143060,1.138040,-0.009707,1.150246
1.366100,0.145707,1.136975,-0.010055,1.149261
1.366400,0.148354,1.135909,-0.010402,1.148275
1.366700,0.151001,1.134844,-0.010750,1.147289
1.367000,0.153648,1.133779,-0.011097,1.146304
1.367300,0.156422,1.132523,-0.011458,1.145105
1.367600,0.159197,1.131268,-0.011818,1.143906
1.367900,0.161971,1.130013,-0.012178,1.142708
1.368200,0.164745,1.128757,-0.012538,1.141509
1.368500,0.167520,1.127502,-0.012898,1.140310
1.368800,0.170294,1.126247,-0.013258,1.139112
1.369100,0.173107,1.124921,-0.013624,1.137835
1.369400,0.175999,1.123453,-0.014000,1.136404
1.369700,0.178891,1.121986,-0.014375,1.134973
1.370000,0.181783,1.120519,-0.014751,1.133541
1.370300,0.184675,1.119052,-0.015127,1.132110
1.370600,0.187567,1.117584,-0.015503,1.130679
1.370900,0.190459,1.116117,-0.015879,1.129247
1.371200,0.193423,1.114493,-0.016267,1.127647
1.371500,0.196423,1.112791,-0.016662,1.125962
1.371800,0.199422,1.111089,-0.017056,1.124277
1.372100,0.202421,1.109387,-0.017451,1.122592
1.372400,0.205421,1.107685,-0.017845,1.120908
1.372700,0.208420,1.105984,-0.018240,1.119223
1.373000,0.211420,1.104282,-0.018634,1.117538
1.373300,0.214516,1.102324,-0.019046,1.115579
1.373600,0.217612,1.100365,-0.019458,1.113620
1.373900,0.220708,1.098407,-0.019869,1.111660
1.374200,0.223804,1.096449,-0.020281,1.109701
1.374500,0.226900,1.094491,-0.020693,1.107742
1.374800,0.229996,1.092533,-0.021104,1.105783
1.375100,0.233121,1.090483,-0.021514,1.103722
1.375400,0.236302,1.088250,-0.021920,1.101459
1.375700,0.239483,1.086017,-0.022325,1.099196
1.376000,0.242665,1.083784,-0.022730,1.096932
1.376300,0.245846,1.081551,-0.023136,1.094669
1.376600,0.249028,1.079318,-0.023541,1.092405
1.376900,0.252209,1.077085,-0.023947,1.090142
1.377200,0.255440,1.074659,-0.024316,1.087664
1.377500,0.258695,1.072136,-0.024669,1.085080
1.377800,0.261950,1.069613,-0.025021,1.082496
1.378100,0.265205,1.067091,-0.025373,1.079911
1.378400,0.268460,1.064568,-0.025725,1.077327
1.378700,0.271715,1.062045,-0.026077,1.074743
1.379000,0.274970,1.059522,-0.026429,1.072158
1.379300,0.278287,1.056700,-0.026675,1.069251
1.379600,0.281604,1.053878,-0.026922,1.066344
1.379900,0.284921,1.051056,-0.027168,1.063436
1.380200,0.288238,1.048234,-0.027414,1.060529
1.380500,0.291554,1.045412,-0.027660,1.057621
1.380800,0.294871,1.042590,-0.027907,1.054714
1.381100,0.298205,1.039666,-0.028096,1.051697
1.381400,0.301571,1.036539,-0.028173,1.048461
1.381700,0.304937,1.033412,-0.028250,1.045225
1.382000,0.308303,1.030286,-0.028326,1.041990
1.382300,0.311669,1.027159,-0.028403,1.038754
1.382600,0.315036,1.024032,-0.028480,1.035518
1.382900,0.318402,1.020905,-0.028556,1.032282
1.383200,0.321793,1.017574,-0.028471,1.028827
1.383500,0.325196,1.014141,-0.028306,1.025262
1.383800,0.328599,1.010707,-0.028140,1.021697
1.384100,0.332002,1.007274,-0.027974,1.018132
1.384400,0.335405,1.003841,-0.027808,1.014567
1.384700,0.338808,1.000407,-0.027643,1.011003
1.385000,0.342211,0.996974,-0.027477,1.007438
1.385300,0.345638,0.993234,-0.026987,1.003545
1.385600,0.349066,0.989495,-0.026497,0.999652
1.385900,0.352493,0.985755,-0.026007,0.995759
1.386200,0.355920,0.982015,-0.025517,0.991866
1.386500,0.359348,0.978276,-0.025027,0.987973
1.386800,0.362775,0.974536,-0.024537,0.984081
1.387100,0.366206,0.970695,-0.023909,0.980080
1.387400,0.369645,0.966651,-0.023005,0.975863
1.387700,0.373084,0.962607,-0.022100,0.971647
1.388000,0.376522,0.958564,-0.021196,0.967430
1.388300,0.379961,0.954520,-0.020291,0.963214
1.388600,0.383400,0.950476,-0.019387,0.958997
1.388900,0.386839,0.946432,-0.018482,0.954780
1.389200,0.390277,0.942189,-0.017239,0.950353
1.389500,0.393715,0.937845,-0.015826,0.945820
1.389800,0.397152,0.933502,-0.014414,0.941287
1.390100,0.400590,0.929158,-0.013001,0.936753
1.390400,0.404028,0.924814,-0.011589,0.932220
1.390700,0.407466,0.920471,-0.010176,0.927687
1.391000,0.410903,0.916127,-0.008763,0.923154
1.391300,0.414327,0.911492,-0.006759,0.918319
1.391600,0.417751,0.906856,-0.004755,0.913484
1.391900,0.421175,0.902221,-0.002751,0.908649
1.392200,0.424599,0.897585,-0.000747,0.903815
1.392500,0.428023,0.892950,0.001257,0.898980
1.392800,0.431447,0.888314,0.003261,0.894145
1.393100,0.434863,0.883586,0.005475,0.889218
1.393400,0.438261,0.878671,0.008110,0.884108
1.393700,0.441659,0.873757,0.010745,0.878998
1.394000,0.445057,0.868843,0.013379,0.873888
1.394300,0.448455,0.863929,0.016014,0.868778
1.394600,0.451853,0.859015,0.018649,0.863668
1.394900,0.455251,0.854101,0.021284,0.858558
1.395200,0.458624,0.849015,0.024337,0.853288
1.395500,0.461984,0.843843,0.027598,0.847937
1.395800,0.465345,0.838671,0.030859,0.842587
1.396100,0.468705,0.833500,0.034120,0.837237
1.396400,0.472065,0.828328,0.037381,0.831886
1.396700,0.475425,0.823156,0.040642,0.826536
1.397000,0.478786,0.817985,0.043903,0.821186
1.397300,0.482104,0.812614,0.047689,0.815620
1.397600,0.485421,0.807244,0.051474,0.810054
1.397900,0.488739,0.801873,0.055260,0.804488
1.398200,0.492057,0.796502,0.059045,0.798922
1.398500,0.495375,0.791132,0.062831,0.793356
1.398800,,,0.067047,0.787618
1.399100,,,0.071262,0.781879
1.399400,,,0.075478,0.776141
1.399700,,,0.079694,0.770402
1.400000,,,0.083910,0.764664
1.400300,,,0.088424,0.758879
1.400600,,,0.092970,0.753073
1.400900,,,0.097663,0.747189
1.401200,,,0.102356,0.741305
1.401500,,,0.107144,0.735385
1.401800,,,0.112120,0.729390
1.402100,,,0.117095,0.723396
1.402400,,,0.122071,0.717402
1.402700,,,0.127047,0.711407
1.403000,,,0.132023,0.705413
1.403300,,,0.137378,0.699250
1.403600,,,0.142734,0.693086
1.403900,,,0.148090,0.686923
1.404200,,,0.153445,0.680759
1.404500,,,0.158801,0.674596
1.404800,,,0.164157,0.668432
1.405100,,,0.169629,0.662206
1.405400,,,0.175336,0.655853
1.405700,,,0.181042,0.649501
1.406000,,,0.186749,0.643148
1.406300,,,0.192455,0.636796
1.406600,,,0.198162,0.630443
1.406900,,,0.203868,0.624091
1.407200,,,0.209757,0.617621
1.407500,,,0.215737,0.611094
1.407800,,,0.221717,0.604566
1.408100,,,0.227697,0.598039
1.408400,,,0.233677,0.591511
1.408700,,,0.239657,0.584983
1.409000,,,0.245637,0.578456
1.409300,,,0.251816,0.571768
1.409600,,,0.257995,0.565081
1.409900,,,0.264173,0.558394
1.410200,,,0.270352,0.551706
1.410500,,,0.276531,0.545019
1.410800,,,0.282709,0.538331
1.411100,,,0.288931,0.531595
1.411400,,,0.295241,0.524761
1.411700,,,0.301550,0.517926
1.412000,,,0.307859,0.511092
1.412300,,,0.314169,0.504258
1.412600,,,0.320478,0.497423
1.412900,,,0.326787,0.490589
1.413200,,,0.333144,0.483659
1.413500,,,0.339523,0.476681
1.413800,,,0.345903,0.469704
1.414100,,,0.352283,0.462726
1.414400,,,0.358663,0.455748
1.414700,,,0.365042,0.448771
1.415000,,,0.371422,0.441793
1.415300,,,0.377820,0.434695
1.415600,,,0.384218,0.427598
1.415900,,,0.390616,0.420500
1.416200,,,0.397015,0.413403
1.416500,,,0.403413,0.406305
1.416800,,,0.409811,0.399208
1.417100,,,0.416203,0.392105
1.417400,,,0.422582,0.384993
1.417700,,,0.428961,0.377881
1.418000,,,0.435340,0.370769
1.418300,,,0.441719,0.363657
1.418600,,,0.448085,0.356583
1.418900,,,0.454422,0.349584
1.419200,,,0.460759,0.342585
1.419500,,,0.467096,0.335587
1.419800,,,0.473433,0.328588
1.420100,,,0.479759,0.321625
1.420400,,,0.486056,0.314758
1.420700,,,0.492340,0.307936
1.421000,,,0.498605,0.301182
1.421300,,,0.504870,0.294428
1.421600,,,0.511092,0.287836
1.421900,,,0.517291,0.281325
1.422200,,,0.523491,0.274814
1.422500,,,0.529690,0.268304
1.422800,,,0.535890,0.261793
1.423100,,,0.542051,0.255434
1.423400,,,0.548135,0.249377
1.423700,,,0.554219,0.243321
1.424000,,,0.560303,0.237264
1.424300,,,0.566388,0.231208
1.424600,,,0.572472,0.225151
1.424900,,,0.578556,0.219094
1.425200,,,0.584540,0.213453
1.425500,,,0.590473,0.208019
1.425800,,,0.596407,0.202585
1.426100,,,0.602341,0.197150
1.426400,,,0.608274,0.191716
1.426700,,,0.614208,0.186282
1.427000,,,0.620141,0.180848
1.427300,,,0.625902,0.176140
1.427600,,,0.631662,0.171432
1.427900,,,0.637422,0.166725
1.428200,,,0.643182,0.162017
1.428500,,,0.648942,0.157309
1.428800,,,0.654703,0.152601
1.429100,,,0.660398,0.148152
1.429400,,,0.665964,0.144221
1.429700,,,0.671530,0.140290
1.430000,,,0.677096,0.136358
1.430300,,,0.682662,0.132427
1.430600,,,0.688228,0.128496
1.430900,,,0.693794,0.124564
1.431200,,,0.699227,0.121109
1.431500,,,0.704594,0.117892
1.431800,,,0.709961,0.114674
1.432100,,,0.715328,0.111457
1.432400,,,0.720695,0.108239
1.432700,,,0.726062,0.105022
1.433000,,,0.731428,0.101805
1.433300,,,0.736574,0.099257
1.433600,,,0.741720,0.096709
1.433900,,,0.746866,0.094161
1.434200,,,0.752012,0.091613
1.434500,,,0.757157,0.089065
1.434800,,,0.762303,0.086517
1.435100,,,0.767361,0.084183
1.435400,,,0.772244,0.082276
1.435700,,,0.777127,0.080370
1.436000,,,0.782009,0.078463
1.436300,,,0.786892,0.076556
1.436600,,,0.791775,0.074650
1.436900,,,0.796657,0.072743
1.437200,,,0.801362,0.071157
1.437500,,,0.805978,0.069732
1.437800,,,0.810594,0.068306
1.438100,,,0.815210,0.066881
1.438400,,,0.819826,0.065455
1.438700,,,0.824442,0.064030
1.439000,,,0.829058,0.062604
1.439300,,,0.833423,0.061496
1.439600,,,0.837788,0.060388
1.439900,,,0.842153,0.059280
1.440200,,,0.846518,0.058172
1.440500,,,0.850883,0.057064
1.440800,,,0.855248,0.055956
1.441100,,,0.859524,0.054926
1.441400,,,0.863621,0.054051
1.441700,,,0.867718,0.053176
1.442000,,,0.871815,0.052301
1.442300,,,0.875911,0.051425
1.442600,,,0.880008,0.050550
1.442900,,,0.884105,0.049675
1.443200,,,0.888013,0.048913
1.443500,,,0.891827,0.048206
1.443800,,,0.895641,0.047500
1.444100,,,0.899455,0.046794
1.444400,,,0.903269,0.046087
1.444700,,,0.907083,0.045381
1.445000,,,0.910897,0.044675
1.445300,,,0.914432,0.044086
1.445600,,,0.917968,0.043497
1.445900,,,0.921503,0.042908
1.446200,,,0.925039,0.042319
1.446500,,,0.928574,0.041730
1.446800,,,0.932110,0.041141
1.447100,,,0.935553,0.040581
1.447400,,,0.938813,0.040077
1.447700,,,0.942073,0.039573
1.448000,,,0.945333,0.039069
1.448300,,,0.948593,0.038565
1.448600,,,0.951852,0.038061
1.448900,,,0.955112,0.037557
1.449200,,,0.958194,0.037093
1.449500,,,0.961187,0.036649
1.449800,,,0.964179,0.036204
1.450100,,,0.967172,0.035760
1.450400,,,0.970164,0.035316
1.450700,,,0.973157,0.034872
1.451000,,,0.976150,0.034427
1.451300,,,0.978885,0.034026
1.451600,,,0.981621,0.033625
1.451900,,,0.984357,0.033223
1.452200,,,0.987093,0.032822
1.452500,,,0.989829,0.032420
1.452800,,,0.992565,0.032019
1.453100,,,0.995219,0.031628
1.453400,,,0.997711,0.031259
1.453700,,,1.000204,0.030890
1.454000,,,1.002696,0.030521
1.454300,,,1.005188,0.030152
1.454600,,,1.007680,0.029783
1.454900,,,1.010173,0.029414
1.455200,,,1.012512,0.029066
1.455500,,,1.014776,0.028727
1.455800,,,1.017039,0.028388
1.456100,,,1.019302,0.028049
1.456400,,,1.021565,0.027711
1.456700,,,1.023829,0.027372
1.457000,,,1.026092,0.027033
1.457300,,,1.028142,0.026725
1.457600,,,1.030192,0.026417
1.457900,,,1.032242,0.026109
1.458200,,,1.034292,0.025801
1.458500,,,1.036342,0.025493
1.458800,,,1.038392,0.025185
1.459100,,,1.040376,0.024885
1.459400,,,1.042229,0.024601
1.459700,,,1.044082,0.024317
1.460000,,,1.045935,0.024034
1.460300,,,1.047788,0.023750
1.460600,,,1.049641,0.023466
1.460900,,,1.051494,0.023182
1.461200,,,1.053227,0.022903
1.461500,,,1.054900,0.022627
1.461800,,,1.056572,0.022350
1.462100,,,1.058245,0.022074
1.462400,,,1.059918,0.021797
1.462700,,,1.061590,0.021520
1.463000,,,1.063263,0.021244
1.463300,,,1.064771,0.020962
1.463600,,,1.066280,0.020680
1.463900,,,1.067788,0.020398
1.464200,,,1.069297,0.020117
1.464500,,,1.070805,0.019835
1.464800,,,1.072313,0.019553
1.465100,,,1.073772,0.019270
1.465400,,,1.075131,0.018984
1.465700,,,1.076490,0.018699
1.466000,,,1.077849,0.018414
1.466300,,,1.079207,0.018128
1.466600,,,1.080566,0.017843
1.466900,,,1.081925,0.017557
1.467200,,,1.083193,0.017276
1.467500,,,1.084416,0.016996
1.467800,,,1.085639,0.016717
1.468100,,,1.086862,0.016437
1.468400,,,1.088085,0.016158
1.468700,,,1.089308,0.015878
1.469000,,,1.090531,0.015599
1.469300,,,1.091631,0.015334
1.469600,,,1.092730,0.015068
1.469900,,,1.093830,0.014803
1.470200,,,1.094929,0.014538
1.470500,,,1.096029,0.014273
1.470800,,,1.097128,0.014008
1.471100,,,1.098190,0.013749
1.471400,,,1.099178,0.013504
1.471700,,,1.100165,0.013259
1.472000,,,1.101153,0.013014
1.472300,,,1.102140,0.012769
1.472600,,,1.103128,0.012524
1.472900,,,1.104115,0.012279
1.473200,,,1.105035,0.012050
1.473500,,,1.105921,0.011829
1.473800,,,1.106807,0.011608
1.474100,,,1.107693,0.011387
1.474400,,,1.108579,0.011166
1.474700,,,1.109465,0.010945
1.475000,,,1.110351,0.010724
1.475300,,,1.111147,0.010530
1.475600,,,1.111942,0.010336
1.475900,,,1.112737,0.010143
1.476200,,,1.113533,0.009949
1.476500,,,1.114328,0.009755
1.476800,,,1.115124,0.009562
1.477100,,,1.115893,0.009377
1.477400,,,1.116611,0.009212
1.477700,,,1.117328,0.009047
1.478000,,,1.118046,0.008882
1.478300,,,1.118764,0.008717
1.478600,,,1.119481,0.008552
1.478900,,,1.120199,0.008387
1.479200,,,1.120875,0.008239
1.479500,,,1.121529,0.008100
1.479800,,,1.122184,0.007961
1.480100,,,1.122839,0.007821
1.480400,,,1.123494,0.007682
1.480700,,,1.124148,0.007543
1.481000,,,1.124803,0.007403
1.481300,,,1.125410,0.007284
1.481600,,,1.126017,0.007164
1.481900,,,1.126623,0.007045
1.482200,,,1.127230,0.006925
1.482500,,,1.127837,0.006806
1.482800,,,1.128444,0.006687
1.483100,,,1.129039,0.006572
1.483400,,,1.129612,0.006468
1.483700,,,1.130185,0.006363
1.484000,,,1.130757,0.006259
1.484300,,,1.131330,0.006155
1.484600,,,1.131903,0.006051
1.484900,,,1.132476,0.005946
1.485200,,,1.133035,0.005851
1.485500,,,1.133588,0.005759
1.485800,,,1.134140,0.005668
1.486100,,,1.134693,0.005577
1.486400,,,1.135246,0.005485
1.486700,,,1.135798,0.005394
1.487000,,,1.136351,0.005303
1.487300,,,1.136897,0.005223
1.487600,,,1.137444,0.005144
1.487900,,,1.137990,0.005065
1.488200,,,1.138536,0.004985
1.488500,,,1.139083,0.004906
1.488800,,,1.139629,0.004827
1.489100,,,1.140180,0.004750
1.489400,,,1.140742,0.004676
1.489700,,,1.141304,0.004603
1.490000,,,1.141865,0.004530
1.490300,,,1.142427,0.004457
1.490600,,,1.142989,0.004384
1.490900,,,1.143550,0.004311
1.491200,,,1.144122,0.004244
1.491500,,,1.144699,0.004181
1.491800,,,1.145275,0.004118
1.492100,,,1.145852,0.004055
1.492400,,,1.146429,0.003992
1.492700,,,1.147005,0.003929
1.493000,,,1.147582,0.003866
1.493300,,,1.148184,0.003818
1.493600,,,1.148785,0.003770
1.493900,,,1.149387,0.003722
1.494200,,,1.149989,0.003674
1.494500,,,1.150591,0.003626
1.494800,,,1.151192,0.003578
1.495100,,,1.151802,0.003535
1.495400,,,1.152427,0.003501
1.495700,,,1.153053,0.003467
1.496000,,,1.153678,0.003433
1.496300,,,1.154304,0.003399
1.496600,,,1.154929,0.003365
1.496900,,,1.155555,0.003331
1.497200,,,1.156187,0.003314
1.497500,,,1.156821,0.003305
1.497800,,,1.157456,0.003295
1.498100,,,1.158091,0.003286
1.498400,,,1.158726,0.003277
1.498700,,,1.159368,0.003278
1.499000,,,1.160014,0.003285
1.499300,,,1.160660,0.003292
1.499600,,,1.161306,0.003299
1.499900,,,1.161952,0.003305
1.500200,,,1.162602,0.003317
1.500500,,,1.163252,0.003331
1.500800,,,1.163901,0.003348
1.501100,,,1.164549,0.003366
1.501400,,,1.165197,0.003383
1.501700,,,1.165839,0.003408
1.502000,,,1.166482,0.003433
1.502300,,,1.167124,0.003458
1.502600,,,1.167766,0.003483
1.502900,,,1.168409,0.003508
1.503200,,,1.169042,0.003537
1.503500,,,1.169672,0.003568
1.503800,,,1.170301,0.003599
1.504100,,,1.170930,0.003630
1.504400,,,1.171559,0.003661
1.504700,,,1.172189,0.003692
1.505000,,,1.172818,0.003723
1.505300,,,1.173426,0.003755
1.505600,,,1.174033,0.003788
1.505900,,,1.174641,0.003820
1.506200,,,1.175249,0.003852
1.506500,,,1.175857,0.003884
1.506800,,,1.176464,0.003916
1.507100,,,1.177063,0.003946
1.507400,,,1.177643,0.003974
1.507700,,,1.178223,0.004001
1.508000,,,1.178802,0.004028
1.508300,,,1.179382,0.004055
1.508600,,,1.179962,0.004082
1.508900,,,1.180542,0.004109
1.509200,,,1.181100,0.004129
1.509500,,,1.181648,0.004147
1.509800,,,1.182195,0.004165
1.510100,,,1.182743,0.004182
1.510400,,,1.183290,0.004200
1.510700,,,1.183837,0.004217
1.511000,,,1.184385,0.004235
1.511300,,,1.184896,0.004240
1.511600,,,1.185407,0.004246
1.511900,,,1.185918,0.004251
1.512200,,,1.186430,0.004257
1.512500,,,1.186941,0.004262
1.512800,,,1.187452,0.004268
1.513100,,,1.187949,0.004269
1.513400,,,1.188418,0.004262
1.513700,,,1.188888,0.004255
1.514000,,,1.189357,0.004248
1.514300,,,1.189826,0.004241
1.514600,,,1.190295,0.004234
1.514900,,,1.190765,0.004227
1.515200,,,1.191197,0.004212
1.515500,,,1.191610,0.004193
1.515800,,,1.192024,0.004174
1.516100,,,1.192437,0.004155
1.516400,,,1.192851,0.004136
1.516700,,,1.193265,0.004117
1.517000,,,1.193678,0.004098
1.517300,,,1.194024,0.004070
1.517600,,,1.194371,0.004042
1.517900,,,1.194717,0.004014
1.518200,,,1.195063,0.003986
1.518500,,,1.195410,0.003958
1.518800,,,1.195679,0.003924
1.519100,,,1.195948,0.003890
1.519400,,,1.196218,0.003856
1.519700,,,1.196487,0.003822
1.520000,,,1.196756,0.003788
1.520300,,,1.196967,0.003751
1.520600,,,1.197169,0.003714
1.520900,,,1.197333,0.003675
1.521200,,,1.197496,0.003636
1.521500,,,1.197627,0.003597
1.521800,,,1.197694,0.003557
1.522100,,,1.197760,0.003516
1.522400,,,1.197827,0.003476
1.522700,,,1.197894,0.003435
1.523000,,,1.197960,0.003395
1.523300,,,1.197855,0.003353
1.523600,,,1.197751,0.003311
1.523900,,,1.197646,0.003269
1.524200,,,1.197541,0.003228
1.524500,,,1.197436,0.003186
1.524800,,,1.197331,0.003144
1.525100,,,1.197149,0.003102
1.525400,,,1.196812,0.003060
1.525700,,,1.196475,0.003018
1.526000,,,1.196137,0.002976
1.526300,,,1.195800,0.002934
1.526600,,,1.195463,0.002893
1.526900,,,1.195126,0.002851
1.527200,,,1.194596,0.002810
1.527500,,,1.193970,0.002769
1.527800,,,1.193344,0.002729
1.528100,,,1.192718,0.002688
1.528400,,,1.192092,0.002648
1.528700,,,1.191466,0.002607
1.529000,,,1.190839,0.002567
1.529300,,,1.189869,0.002528
1.529600,,,1.188898,0.002490
1.529900,,,1.187927,0.002452
1.530200,,,1.186956,0.002414
1.530500,,,1.185985,0.002375
1.530800,,,1.185014,0.002337
1.531100,,,1.183909,0.002300
1.531400,,,1.182537,0.002265
1.531700,,,1.181164,0.002230
1.532000,,,1.179791,0.002195
1.532300,,,1.178419,0.002159
1.532600,,,1.177046,0.002124
1.532900,,,1.175673,0.002089
1.533200,,,1.173997,0.002057
1.533500,,,1.172169,0.002025
1.533800,,,1.170340,0.001994
1.534100,,,1.168512,0.001962
1.534400,,,1.166684,0.001931
1.534700,,,1.164855,0.001899
1.535000,,,1.163027,0.001868
1.535300,,,1.160701,0.001840
1.535600,,,1.158375,0.001812
1.535900,,,1.156050,0.001784
1.536200,,,1.153724,0.001756
1.536500,,,1.151398,0.001728
1.536800,,,1.149072,0.001700
1.537100,,,1.146577,0.001673
1.537400,,,1.143742,0.001647
1.537700,,,1.140907,0.001621
1.538000,,,1.138072,0.001595
1.538300,,,1.135237,0.001569
1.538600,,,1.132402,0.001543
1.538900,,,1.129567,0.001517
1.539200,,,1.126415,0.001491
1.539500,,,1.123104,0.001465
1.539800,,,1.119793,0.001438
1.540100,,,1.116483,0.001411
1.540400,,,1.113172,0.001385
1.540700,,,1.109861,0.001358
1.541000,,,1.106550,0.001332
1.541300,,,1.102776,0.001306
1.541600,,,1.099002,0.001281
1.541900,,,1.095228,0.001256
1.542200,,,1.091454,0.001230
1.542500,,,1.087680,0.001205
1.542800,,,1.083906,0.001180
1.543100,,,1.079979,0.001156
1.543400,,,1.075745,0.001135
1.543700,,,1.071511,0.001114
1.544000,,,1.067277,0.001092
1.544300,,,1.063043,0.001071
1.544600,,,1.058809,0.001050
1.544900,,,1.054575,0.001029
1.545200,,,1.050072,0.001009
1.545500,,,1.045436,0.000990
1.545800,,,1.040800,0.000971
1.546100,,,1.036164,0.000952
1.546400,,,1.031527,0.000933
1.546700,,,1.026891,0.000914
1.547000,,,1.022255,0.000895
1.547300,,,1.017252,0.000878
1.547600,,,1.012250,0.000862
1.547900,,,1.007247,0.000845
1.548200,,,1.002245,0.000828
1.548500,,,0.997242,0.000811
1.548800,,,0.992240,0.000795
1.549100,,,0.987130,0.000779
1.549400,,,0.981804,0.000765
1.549700,,,0.976478,0.000751
1.550000,,,0.971152,0.000737
1.550300,,,0.965826,0.000723
1.550600,,,0.960500,0.000709
1.550900,,,0.955175,0.000695
1.551200,,,0.949666,0.000683
1.551500,,,0.944067,0.000671
1.551800,,,0.938468,0.000660
1.552100,,,0.932869,0.000648
1.552400,,,0.927269,0.000637
1.552700,,,0.921670,0.000625
1.553000,,,0.916071,0.000614
1.553300,,,0.910230,0.000605
1.553600,,,0.904390,0.000596
1.553900,,,0.898549,0.000587
1.554200,,,0.892709,0.000578
1.554500,,,0.886868,0.000569
1.554800,,,0.881028,0.000560
1.555100,,,0.875121,0.000551
1.555400,,,0.869082,0.000544
1.555700,,,0.863043,0.000537
1.556000,,,0.857005,0.000530
1.556300,,,0.850966,0.000523
1.556600,,,0.844927,0.000516
1.556900,,,0.838888,0.000509
1.557200,,,0.832742,0.000503
1.557500,,,0.826542,0.000497
1.557800,,,0.820341,0.000492
1.558100,,,0.814141,0.000486
1.558400,,,0.807941,0.000481
1.558700,,,0.801740,0.000475
1.559000,,,0.795540,0.000470
1.559300,,,0.789215,0.000465
1.559600,,,0.782889,0.000461
1.559900,,,0.776563,0.000457
1.560200,,,0.770238,0.000452
1.560500,,,0.763912,0.000448
1.560800,,,0.757587,0.000443
1.561100,,,0.751230,0.000439
1.561400,,,0.744813,0.000436
1.561700,,,0.738395,0.000432
1.562000,,,0.731977,0.000429
1.562300,,,0.725560,0.000425
1.562600,,,0.719142,0.000422
1.562900,,,0.712724,0.000418
1.563200,,,0.706266,0.000415
1.563500,,,0.699789,0.000412
1.563800,,,0.693311,0.000409
1.564100,,,0.686833,0.000406
1.564400,,,0.680355,0.000403
1.564700,,,0.673877,0.000400
1.565000,,,0.667399,0.000397
1.565300,,,0.660892,0.000395
1.565600,,,0.654384,0.000392
1.565900,,,0.647877,0.000390
1.566200,,,0.641369,0.000387
1.566500,,,0.634862,0.000385
1.566800,,,0.628354,0.000382
1.567100,,,0.621847,0.000380
1.567400,,,0.615340,0.000377
1.567700,,,0.608834,0.000375
1.568000,,,0.602327,0.000373
1.568300,,,0.595820,0.000371
1.568600,,,0.589313,0.000368
1.568900,,,0.582806,0.000366
1.569200,,,0.576321,0.000364
1.569500,,,0.569845,0.000362
1.569800,,,0.563370,0.000360
1.570100,,,0.556894,0.000358
1.570400,,,0.550419,0.000355
1.570700,,,0.543943,0.000353
1.571000,,,0.537468,0.000351
1.571300,,,0.531056,0.000349
1.571600,,,0.524644,0.000347
1.571900,,,0.518232,0.000345
1.572200,,,0.511821,0.000343
1.572500,,,0.505409,0.000341
1.572800,,,0.498997,0.000339
1.573100,,,0.492618,0.000337
1.573400,,,0.486305,0.000335
1.573700,,,0.479991,0.000333
1.574000,,,0.473678,0.000332
1.574300,,,0.467364,0.000330
1.574600,,,0.461051,0.000328
1.574900,,,0.454737,0.000326
1.575200,,,0.448515,0.000324
1.575500,,,0.442339,0.000322
1.575800,,,0.436162,0.000320
1.576100,,,0.429986,0.000318
1.576400,,,0.423809,0.000317
1.576700,,,0.417633,0.000315
1.577000,,,0.411456,0.000313
1.577300,,,0.405460,0.000311
1.577600,,,0.399463,0.000309
1.577900,,,0.393467,0.000308
1.578200,,,0.387471,0.000306
1.578500,,,0.381474,0.000304
1.578800,,,0.375478,0.000302
1.579100,,,0.369565,0.000301
1.579400,,,0.363819,0.000299
1.579700,,,0.358073,0.000297
1.580000,,,0.352328,0.000296
1.580300,,,0.346582,0.000294
1.580600,,,0.340836,0.000292
1.580900,,,0.335091,0.000291
1.581200,,,0.329542,0.000289
1.581500,,,0.324091,0.000288
1.581800,,,0.318640,0.000286
1.582100,,,0.313190,0.000284
1.582400,,,0.307739,0.000283
1.582700,,,0.302288,0.000281
1.583000,,,0.296838,0.000279
1.583300,,,0.291715,0.000278
1.583600,,,0.286592,0.000276
1.583900,,,0.281469,0.000275
1.584200,,,0.276346,0.000273
1.584500,,,0.271223,0.000272
1.584800,,,0.266099,0.000270
1.585100,,,0.261103,0.000269
1.585400,,,0.256359,0.000268
1.585700,,,0.251615,0.000266
1.586000,,,0.246871,0.000265
1.586300,,,0.242127,0.000264
1.586600,,,0.237383,0.000262
1.586900,,,0.232639,0.000261
1.587200,,,0.228170,0.000260
1.587500,,,0.223837,0.000258
1.587800,,,0.219504,0.000257
1.588100,,,0.215172,0.000256
1.588400,,,0.210839,0.000254
1.588700,,,0.206507,0.000253
1.589000,,,0.202174,0.000252
1.589300,,,0.198276,0.000250
1.589600,,,0.194378,0.000249
1.589900,,,0.190480,0.000248
1.590200,,,0.186582,0.000246
1.590500,,,0.182683,0.000245
1.590800,,,0.178785,0.000243
1.591100,,,0.175034,0.000242
1.591400,,,0.171575,0.000240
1.591700,,,0.168116,0.000239
1.592000,,,0.164657,0.000237
1.592300,,,0.161198,0.000235
1.592600,,,0.157740,0.000234
1.592900,,,0.154281,0.000232
1.593200,,,0.151108,0.000230
1.593500,,,0.148079,0.000228
1.593800,,,0.145049,0.000226
1.594100,,,0.142020,0.000224
1.594400,,,0.138990,0.000222
1.594700,,,0.135961,0.000221
1.595000,,,0.132931,0.000219
1.595300,,,0.130292,0.000216
1.595600,,,0.127653,0.000214
1.595900,,,0.125014,0.000212
1.596200,,,0.122375,0.000209
1.596500,,,0.119737,0.000207
1.596800,,,0.117098,0.000205
1.597100,,,0.114569,0.000202
1.597400,,,0.112262,0.000200
1.597700,,,0.109954,0.000197
1.598000,,,0.107647,0.000195
1.598300,,,0.105340,0.000192
1.598600,,,0.103122,0.000189
1.598900,,,0.101084,0.000187
1.599200,,,0.099046,0.000184
1.599500,,,0.097008,0.000181
1.599800,,,0.094970,0.000179
1.600100,,,0.092988,0.000176
1.600400,,,0.091134,0.000173
1.600700,,,0.089318,0.000171
1.601000,,,0.087557,0.000168
1.601300,,,0.085797,0.000165
1.601600,,,0.084147,0.000162
1.601900,,,0.082553,0.000159
1.602200,,,0.080958,0.000156
1.602500,,,0.079364,0.000153
1.602800,,,0.077769,0.000150
1.603100,,,0.076250,0.000147
1.603400,,,0.074880,0.000145
1.603700,,,0.073511,0.000142
1.604000,,,0.072142,0.000139
1.604300,,,0.070773,0.000136
1.604600,,,0.069404,0.000133
1.604900,,,0.068034,0.000130
1.605200,,,0.066809,0.000128
1.605500,,,0.065656,0.000125
1.605800,,,0.064503,0.000123
1.606100,,,0.063349,0.000120
1.606400,,,0.062196,0.000118
1.606700,,,0.061042,0.000115
1.607000,,,0.059889,0.000112
1.607300,,,0.058919,0.000110
1.607600,,,0.057949,0.000108
1.607900,,,0.056979,0.000105
1.608200,,,0.056009,0.000103
1.608500,,,0.055039,0.000101
1.608800,,,0.054069,0.000098
1.609100,,,0.053151,0.000096
1.609400,,,0.052335,0.000094
1.609700,,,0.051518,0.000091
1.610000,,,0.050702,0.000089
1.610300,,,0.049886,0.000087
1.610600,,,0.049070,0.000085
1.610900,,,0.048254,0.000083
1.611200,,,0.047524,0.000081
1.611500,,,0.046837,0.000079
1.611800,,,0.046149,0.000077
1.612100,,,0.045462,0.000075
1.612400,,,0.044775,0.000073
1.612700,,,0.044088,0.000071
1.613000,,,0.043400,0.000070
1.613300,,,0.042820,0.000068
1.613600,,,0.042240,0.000066
1.613900,,,0.041660,0.000065
1.614200,,,0.041080,0.000063
1.614500,,,0.040500,0.000062
1.614800,,,0.039920,0.000060
1.615100,,,0.039370,0.000059
1.615400,,,0.038879,0.000058
1.615700,,,0.038388,0.000056
1.616000,,,0.037897,0.000055
1.616300,,,0.037406,0.000054
1.616600,,,0.036915,0.000052
1.616900,,,0.036424,0.000051
1.617200,,,0.035977,0.000050
1.617500,,,0.035552,0.000049
1.617800,,,0.035128,0.000048
1.618100,,,0.034703,0.000047
1.618400,,,0.034278,0.000046
1.618700,,,0.033885,0.000045
1.619000,,,0.033508,0.000044
1.619300,,,0.033131,0.000044
1.619600,,,0.032754,0.000043
1.619900,,,0.032378,0.000043
1.620200,,,0.032019,0.000042
1.620500,,,0.031675,0.000042
1.620800,,,0.031342,0.000042
1.621100,,,0.031013,0.000042
1.621400,,,0.030685,0.000041
1.621700,,,0.030385,0.000041
1.622000,,,0.030084,0.000041
1.622300,,,0.029784,0.000041
1.622600,,,0.029484,0.000041
1.622900,,,0.029184,0.000041
1.623200,,,0.028908,0.000041
1.623500,,,0.028645,0.000041
1.623800,,,0.028382,0.000041
1.624100,,,0.028119,0.000041
1.624400,,,0.027856,0.000041
1.624700,,,0.027593,0.000041
1.625000,,,0.027330,0.000042
1.625300,,,0.027102,0.000042
1.625600,,,0.026873,0.000042
1.625900,,,0.026645,0.000043
1.626200,,,0.026417,0.000043
1.626500,,,0.026189,0.000044
1.626800,,,0.025961,0.000044
1.627100,,,0.025743,0.000045
1.627400,,,0.025544,0.000045
1.627700,,,0.025345,0.000046
1.628000,,,0.025146,0.000046
1.628300,,,0.024947,0.000047
1.628600,,,0.024748,0.000048
1.628900,,,0.024549,0.000048
1.629200,,,0.024367,0.000049
1.629500,,,0.024192,0.000050
1.629800,,,0.024017,0.000050
1.630100,,,0.023843,0.000051
1.630400,,,0.023668,0.000052
1.630700,,,0.023493,0.000053
1.631000,,,0.023319,0.000053
1.631300,,,0.023164,0.000054
1.631600,,,0.023010,0.000055
1.631900,,,0.022855,0.000056
1.632200,,,0.022701,0.000056
1.632500,,,0.022546,0.000057
1.632800,,,0.022392,0.000058
1.633100,,,0.022243,0.000059
1.633400,,,0.022106,0.000059
1.633700,,,0.021968,0.000060
1.634000,,,0.021831,0.000061
1.634300,,,0.021694,0.000061
1.634600,,,0.021556,0.000062
1.634900,,,0.021419,0.000063
1.635200,,,0.021291,0.000063
1.635500,,,0.021168,0.000064
1.635800,,,0.021045,0.000064
1.636100,,,0.020922,0.000065
1.636400,,,0.020799,0.000065
1.636700,,,0.020676,0.000066
1.637000,,,0.020553,0.000066
1.637300,,,0.020442,0.000067
1.637600,,,0.020331,0.000067
1.637900,,,0.020220,0.000067
1.638200,,,0.020109,0.000067
1.638500,,,0.019998,0.000068
1.638800,,,0.019887,0.000068
1.639100,,,0.019780,0.000068
1.639400,,,0.019679,0.000068
1.639700,,,0.019578,0.000068
1.640000,,,0.019478,0.000068
1.640300,,,0.019377,0.000068
1.640600,,,0.019276,0.000068
1.640900,,,0.019176,0.000068
1.641200,,,0.019081,0.000068
1.641500,,,0.018989,0.000068
1.641800,,,0.018897,0.000068
1.642100,,,0.018805,0.000067
1.642400,,,0.018714,0.000067
1.642700,,,0.018622,0.000067
1.643000,,,0.018530,0.000067
1.643300,,,0.018445,0.000066
1.643600,,,0.018361,0.000066
1.643900,,,0.018277,0.000065
1.644200,,,0.018192,0.000065
1.644500,,,0.018108,0.000064
1.644800,,,0.018023,0.000064
1.645100,,,0.017941,0.000063
1.645400,,,0.017863,0.000062
1.645700,,,0.017785,0.000062
1.646000,,,0.017707,0.000061
1.646300,,,0.017629,0.000060
1.646600,,,0.017551,0.000059
1.646900,,,0.017473,0.000059
1.647200,,,0.017399,0.000058
1.647500,,,0.017327,0.000057
1.647800,,,0.017254,0.000056
1.648100,,,0.017182,0.000055
1.648400,,,0.017110,0.000054
1.648700,,,0.017037,0.000053
1.649000,,,0.016965,0.000052
1.649300,,,0.016897,0.000050
1.649600,,,0.016830,0.000049
1.649900,,,0.016762,0.000048
1.650200,,,0.016695,0.000047
1.650500,,,0.016627,0.000046
1.650800,,,0.016560,0.000044
1.651100,,,0.016493,0.000043
1.651400,,,0.016430,0.000042
1.651700,,,0.016367,0.000040
1.652000,,,0.016304,0.000039
1.652300,,,0.016240,0.000038
1.652600,,,0.016177,0.000036
1.652900,,,0.016114,0.000035
1.653200,,,0.016053,0.000033
1.653500,,,0.015993,0.000032
1.653800,,,0.015934,0.000030
1.654100,,,0.015874,0.000029
1.654400,,,0.015814,0.000027
1.654700,,,0.015755,0.000026
1.655000,,,0.015695,0.000024
1.655300,,,0.015639,0.000023
1.655600,,,0.015583,0.000021
1.655900,,,0.015526,0.000019
1.656200,,,0.015470,0.000018
1.656500,,,0.015414,0.000016
1.656800,,,0.015358,0.000015
1.657100,,,0.015302,0.000013
1.657400,,,0.015249,0.000011
1.657700,,,0.015195,0.000010
1.658000,,,0.015142,0.000008
1.658300,,,0.015089,0.000006
1.658600,,,0.015035,0.000005
1.658900,,,0.014982,0.000003
1.659200,,,0.014930,0.000001
1.659500,,,0.014880,-0.000001
1.659800,,,0.014829,-0.000002
1.660100,,,0.014778,-0.000004
1.660400,,,0.014727,-0.000006
1.660700,,,0.014677,-0.000007
1.661000,,,0.014626,-0.000009
1.661300,,,0.014577,-0.000011
1.661600,,,0.014529,-0.000012
1.661900,,,0.014481,-0.000014
1.662200,,,0.014432,-0.000016
1.662500,,,0.014384,-0.000017
1.662800,,,0.014335,-0.000019
1.663100,,,0.014288,-0.000021
1.663400,,,0.014241,-0.000022
1.663700,,,0.014195,-0.000024
1.664000,,,0.014149,-0.000026
1.664300,,,0.014102,-0.000027
1.664600,,,0.014056,-0.000029
1.664900,,,0.014010,-0.000031
1.665200,,,0.013965,-0.000032
1.665500,,,0.013920,-0.000034
1.665800,,,0.013876,-0.000035
1.666100,,,0.013832,-0.000037
1.666400,,,0.013787,-0.000039
1.666700,,,0.013743,-0.000040
1.667000,,,0.013699,-0.000042
1.667300,,,0.013656,-0.000043
1.667600,,,0.013613,-0.000045
1.667900,,,0.013571,-0.000046
1.668200,,,0.013528,-0.000048
1.668500,,,0.013485,-0.000049
1.668800,,,0.013443,-0.000051
1.669100,,,0.013401,-0.000052
1.669400,,,0.013360,-0.000054
1.669700,,,0.013319,-0.000055
1.670000,,,0.013278,-0.000056
1.670300,,,0.013237,-0.000058
1.670600,,,0.013196,-0.000059
1.670900,,,0.013155,-0.000061
1.671200,,,0.013115,-0.000062
1.671500,,,0.013075,-0.000063
1.671800,,,0.013035,-0.000065
1.672100,,,0.012996,-0.000066
1.672400,,,0.012956,-0.000067
1.672700,,,0.012917,-0.000068
1.673000,,,0.012877,-0.000070
1.673300,,,0.012839,-0.000071
1.673600,,,0.012801,-0.000072
1.673900,,,0.012763,-0.000073
1.674200,,,0.012725,-0.000075
1.674500,,,0.012686,-0.000076
1.674800,,,0.012648,-0.000077
1.675100,,,0.012611,-0.000078
1.675400,,,0.012574,-0.000079
1.675700,,,0.012537,-0.000080
1.676000,,,0.012500,-0.000081
1.676300,,,0.012463,-0.000082
1.676600,,,0.012426,-0.000083
1.676900,,,0.012389,-0.000085
1.677200,,,0.012353,-0.000086
1.677500,,,0.012317,-0.000087
1.677800,,,0.012282,-0.000087
1.678100,,,0.012246,-0.000088
1.678400,,,0.012210,-0.000089
1.678700,,,0.012174,-0.000090
1.679000,,,0.012139,-0.000091
1.679300,,,0.012104,-0.000092
1.679600,,,0.012069,-0.000093
1.679900,,,0.012035,-0.000094
1.680200,,,0.012000,-0.000095
1.680500,,,0.011966,-0.000096
1.680800,,,0.011931,-0.000096
1.681100,,,0.011897,-0.000097
1.681400,,,0.011863,-0.000098
1.681700,,,0.011830,-0.000099
1.682000,,,0.011796,-0.000099
1.682300,,,0.011762,-0.000100
1.682600,,,0.011729,-0.000101
1.682900,,,0.011695,-0.000102
1.683200,,,0.011662,-0.000102
1.683500,,,0.011630,-0.000103
1.683800,,,0.011597,-0.000104
1.684100,,,0.011565,-0.000104
1.684400,,,0.011532,-0.000105
1.684700,,,0.011499,-0.000105
1.685000,,,0.011467,-0.000106
1.685300,,,0.011435,-0.000107
1.685600,,,0.011403,-0.000107
1.685900,,,0.011372,-0.000108
1.686200,,,0.011340,-0.000108
1.686500,,,0.011308,-0.000109
1.686800,,,0.011277,-0.000109
1.687100,,,0.011245,-0.000110
1.687400,,,0.011215,-0.000110
1.687700,,,0.011184,-0.000110
1.688000,,,0.011153,-0.000111
1.688300,,,0.011122,-0.000111
1.688600,,,0.011091,-0.000112
1.688900,,,0.011060,-0.000112
1.689200,,,0.011030,-0.000112
1.689500,,,0.011000,-0.000113
1.689800,,,0.010970,-0.000113
1.690100,,,0.010940,-0.000113
1.690400,,,0.010910,-0.000113
1.690700,,,0.010880,-0.000114
1.691000,,,0.010850,-0.000114
1.691300,,,0.010821,-0.000114
1.691600,,,0.010792,-0.000114
1.691900,,,0.010763,-0.000115
1.692200,,,0.010734,-0.000115
1.692500,,,0.010704,-0.000115
1.692800,,,0.010675,-0.000115
1.693100,,,0.010646,-0.000115
1.693400,,,0.010618,-0.000115
1.693700,,,0.010589,-0.000116
1.694000,,,0.010561,-0.000116
1.694300,,,0.010533,-0.000116
1.694600,,,0.010504,-0.000116
1.694900,,,0.010476,-0.000116
1.695200,,,0.010448,-0.000116
1.695500,,,0.010420,-0.000116
1.695800,,,0.010392,-0.000116
1.696100,,,0.010365,-0.000116
1.696400,,,0.010337,-0.000116
1.696700,,,0.010309,-0.000116
1.697000,,,0.010281,-0.000116
1.697300,,,0.010254,-0.000116
1.697600,,,0.010227,-0.000116
1.697900,,,0.010200,-0.000116
1.698200,,,0.010173,-0.000116
1.698500,,,0.010146,-0.000116
1.698800,,,0.010119,-0.000116
1.699100,,,0.010093,-0.000115
1.699400,,,0.010066,-0.000115
1.699700,,,0.010039,-0.000115
1.700000,,,0.010013,-0.000115
