 time                   v(clk)                 v(xt.icmp)             v(xt.vth_soft)         v(xt.vth_hard)         v(cmp_soft)            v(cmp_hard)            v(isense)             
 0.000000000000000e+00  0.000000000000000e+00  7.747353901833911e-01  7.383850259399711e-01  9.840375731909886e-01  6.105027418684074e-01  3.453335254473154e-08  1.550156004247967e+00 
 2.000000000000000e-12  0.000000000000000e+00  7.747353901833935e-01  7.383850259399710e-01  9.840375731909906e-01  6.105027418683960e-01  3.453335223248949e-08  1.550156004247995e+00 
 4.000000000000001e-12  0.000000000000000e+00  7.747353901833959e-01  7.383850259399711e-01  9.840375731909924e-01  6.105027418683859e-01  3.453335188250903e-08  1.550156004248026e+00 
 8.000000000000001e-12  0.000000000000000e+00  7.747353901833999e-01  7.383850259399704e-01  9.840375731909932e-01  6.105027418683716e-01  3.453335176237943e-08  1.550156004248041e+00 
 1.600000000000000e-11  0.000000000000000e+00  7.747353901834105e-01  7.383850259399632e-01  9.840375731909746e-01  6.105027418683568e-01  3.453335719358179e-08  1.550156004248051e+00 
 3.200000000000001e-11  0.000000000000000e+00  7.747353901834244e-01  7.383850259399469e-01  9.840375731909760e-01  6.105027418684240e-01  3.453335155199000e-08  1.550156004248097e+00 
 6.400000000000001e-11  0.000000000000000e+00  7.747353901834402e-01  7.383850259399457e-01  9.840375731909544e-01  6.105027418687725e-01  3.453335344296056e-08  1.550156004248152e+00 
 1.280000000000000e-10  0.000000000000000e+00  7.747353901835193e-01  7.383850259399748e-01  9.840375731910073e-01  6.105027447503126e-01  3.453335253055615e-08  1.550156004248173e+00 
 2.560000000000000e-10  0.000000000000000e+00  7.747353901834937e-01  7.383850259400885e-01  9.840375731913782e-01  6.105027366773759e-01  3.453335407748406e-08  1.550156004247726e+00 
 4.560000000000001e-10  0.000000000000000e+00  7.747353901832904e-01  7.383850259402860e-01  9.840375731916967e-01  6.105027463297462e-01  3.453334844692195e-08  1.550156004248912e+00 
 6.560000000000001e-10  0.000000000000000e+00  7.747353901832503e-01  7.383850259402763e-01  9.840375731920292e-01  6.105027387605295e-01  3.453335443269831e-08  1.550156004249322e+00 
 8.560000000000001e-10  0.000000000000000e+00  7.747353901832682e-01  7.383850259402032e-01  9.840375731923505e-01  6.105027441470253e-01  3.453335410776707e-08  1.550156004249374e+00 
 1.056000000000000e-09  0.000000000000000e+00  7.747353901833012e-01  7.383850259401084e-01  9.840375731930623e-01  6.105027402193451e-01  3.453334945398603e-08  1.550156004249250e+00 
 1.256000000000000e-09  0.000000000000000e+00  7.747353901833389e-01  7.383850259400113e-01  9.840375731938559e-01  6.105027430654114e-01  3.453335291171547e-08  1.550156004249039e+00 
 1.456000000000000e-09  0.000000000000000e+00  7.747353901833790e-01  7.383850259399227e-01  9.840375731946142e-01  6.105027409999715e-01  3.453335275155573e-08  1.550156004248784e+00 
 1.656000000000000e-09  0.000000000000000e+00  7.747353901834197e-01  7.383850259398380e-01  9.840375731953034e-01  6.105027424983763e-01  3.453335467461595e-08  1.550156004248512e+00 
 1.856000000000000e-09  0.000000000000000e+00  7.747353901834592e-01  7.383850259397601e-01  9.840375731959071e-01  6.105027414110469e-01  3.453335167688871e-08  1.550156004248225e+00 
 2.056000000000000e-09  0.000000000000000e+00  7.747353901835025e-01  7.383850259396936e-01  9.840375731964323e-01  6.105027422001214e-01  3.453335122110248e-08  1.550156004247940e+00 
 2.256000000000000e-09  0.000000000000000e+00  7.747353901835433e-01  7.383850259396302e-01  9.840375731968924e-01  6.105027416275377e-01  3.453335450705239e-08  1.550156004247655e+00 
 2.456000000000000e-09  0.000000000000000e+00  7.747353901835825e-01  7.383850259395710e-01  9.840375731973028e-01  6.105027420430038e-01  3.453335277968034e-08  1.550156004247366e+00 
 2.656000000000000e-09  0.000000000000000e+00  7.747353901836250e-01  7.383850259395199e-01  9.840375731976581e-01  6.105027417415495e-01  3.453335002520488e-08  1.550156004247081e+00 
 2.856000000000000e-09  0.000000000000000e+00  7.747353901836680e-01  7.383850259394747e-01  9.840375731979734e-01  6.105027419602846e-01  3.453335295197452e-08  1.550156004246794e+00 
 3.056000000000001e-09  0.000000000000000e+00  7.747353901837076e-01  7.383850259394300e-01  9.840375731982433e-01  6.105027418015101e-01  3.453335433299980e-08  1.550156004246505e+00 
 3.256000000000001e-09  0.000000000000000e+00  7.747353901837516e-01  7.383850259393883e-01  9.840375731984740e-01  6.105027419167665e-01  3.453335105816388e-08  1.550156004246217e+00 
 3.456000000000001e-09  0.000000000000000e+00  7.747353901837896e-01  7.383850259393528e-01  9.840375731986724e-01  6.105027418330575e-01  3.453335172713375e-08  1.550156004245931e+00 
 3.656000000000001e-09  0.000000000000000e+00  7.747353901838291e-01  7.383850259393192e-01  9.840375731988403e-01  6.105027418939315e-01  3.453335430475276e-08  1.550156004245640e+00 
 3.856000000000001e-09  0.000000000000000e+00  7.747353901838676e-01  7.383850259392878e-01  9.840375731989823e-01  6.105027418499248e-01  3.453335186241778e-08  1.550156004245347e+00 
 4.056000000000001e-09  0.000000000000000e+00  7.747353901839101e-01  7.383850259392629e-01  9.840375731995167e-01  6.105027418817828e-01  3.453335203453524e-08  1.550156004245054e+00 
 4.256000000000001e-09  0.000000000000000e+00  7.747353901839452e-01  7.383850259392415e-01  9.840375732001264e-01  6.105027418584698e-01  3.453335413602549e-08  1.550156004244758e+00 
 4.456000000000001e-09  0.000000000000000e+00  7.747353901839786e-01  7.383850259392188e-01  9.840375732007156e-01  6.105027418753968e-01  3.453335195400883e-08  1.550156004244461e+00 
 4.656000000000001e-09  0.000000000000000e+00  7.747353901840137e-01  7.383850259391970e-01  9.840375732012384e-01  6.105027418631708e-01  3.453335271033476e-08  1.550156004244158e+00 
 4.856000000000001e-09  0.000000000000000e+00  7.747353901840385e-01  7.383850259391753e-01  9.840375732016972e-01  6.105027418720792e-01  3.453335214528591e-08  1.550156004243848e+00 
 5.056000000000002e-09  0.000000000000000e+00  7.747353901840620e-01  7.383850259391543e-01  9.840375732020964e-01  6.105027418656931e-01  3.453335248745406e-08  1.550156004243543e+00 
 5.256000000000002e-09  0.000000000000000e+00  7.747353901840787e-01  7.383850259391394e-01  9.840375732024434e-01  6.105027418703545e-01  3.453335419820377e-08  1.550156004243236e+00 
 5.456000000000002e-09  0.000000000000000e+00  7.747353901840955e-01  7.383850259391224e-01  9.840375732027448e-01  6.105027418670727e-01  3.453334937320955e-08  1.550156004242924e+00 
 5.656000000000002e-09  0.000000000000000e+00  7.747353901841124e-01  7.383850259391083e-01  9.840375732030029e-01  6.105027418693316e-01  3.453335276059132e-08  1.550156004242619e+00 
 5.856000000000002e-09  0.000000000000000e+00  7.747353901841253e-01  7.383850259390926e-01  9.840375732032236e-01  6.105027418677692e-01  3.453335382259196e-08  1.550156004242311e+00 
 6.056000000000002e-09  0.000000000000000e+00  7.747353901841364e-01  7.383850259390788e-01  9.840375732034099e-01  6.105027418687382e-01  3.453335240679341e-08  1.550156004242001e+00 
 6.256000000000002e-09  0.000000000000000e+00  7.747353901841491e-01  7.383850259390633e-01  9.840375732035571e-01  6.105027418680584e-01  3.453335304539275e-08  1.550156004241682e+00 
 6.456000000000003e-09  0.000000000000000e+00  7.747353901841619e-01  7.383850259390512e-01  9.840375732036780e-01  6.105027418686769e-01  3.453335238670653e-08  1.550156004241369e+00 
 6.656000000000003e-09  0.000000000000000e+00  7.747353901841744e-01  7.383850259390388e-01  9.840375732037748e-01  6.105027418682362e-01  3.453335289714391e-08  1.550156004241052e+00 
 6.856000000000003e-09  0.000000000000000e+00  7.747353901841814e-01  7.383850259390252e-01  9.840375732038523e-01  6.105027418685396e-01  3.453335104642769e-08  1.550156004240734e+00 
 7.056000000000003e-09  0.000000000000000e+00  7.747353901841919e-01  7.383850259390093e-01  9.840375732039118e-01  6.105027418683758e-01  3.453335265282932e-08  1.550156004240421e+00 
 7.256000000000003e-09  0.000000000000000e+00  7.747353901842022e-01  7.383850259389911e-01  9.840375732039548e-01  6.105027418684147e-01  3.453335431532254e-08  1.550156004240109e+00 
 7.456000000000002e-09  0.000000000000000e+00  7.747353901842150e-01  7.383850259389722e-01  9.840375732039838e-01  6.105027418682714e-01  3.453335339603001e-08  1.550156004239799e+00 
 7.656000000000003e-09  0.000000000000000e+00  7.747353901842233e-01  7.383850259389577e-01  9.840375732040002e-01  6.105027418683918e-01  3.453335081205044e-08  1.550156004239488e+00 
 7.856000000000003e-09  0.000000000000000e+00  7.747353901842299e-01  7.383850259389392e-01  9.840375732040064e-01  6.105027418682544e-01  3.453335463437436e-08  1.550156004239180e+00 
 8.056000000000003e-09  0.000000000000000e+00  7.747353901842324e-01  7.383850259389184e-01  9.840375732040062e-01  6.105027418684413e-01  3.453334941340658e-08  1.550156004238871e+00 
 8.256000000000003e-09  0.000000000000000e+00  7.747353901842327e-01  7.383850259388972e-01  9.840375732039965e-01  6.105027418683238e-01  3.453335470375920e-08  1.550156004238557e+00 
 8.456000000000003e-09  0.000000000000000e+00  7.747353901842373e-01  7.383850259388793e-01  9.840375732039705e-01  6.105027418684074e-01  3.453335090477974e-08  1.550156004238244e+00 
 8.656000000000003e-09  0.000000000000000e+00  7.747353901842365e-01  7.383850259388615e-01  9.840375732039357e-01  6.105027418682498e-01  3.453335281235972e-08  1.550156004237930e+00 
 8.856000000000003e-09  0.000000000000000e+00  7.747353901842373e-01  7.383850259388387e-01  9.840375732039046e-01  6.105027418684444e-01  3.453335348587318e-08  1.550156004237616e+00 
 9.056000000000003e-09  0.000000000000000e+00  7.747353901842341e-01  7.383850259388181e-01  9.840375732038632e-01  6.105027418682274e-01  3.453335066872844e-08  1.550156004237297e+00 
 9.256000000000004e-09  0.000000000000000e+00  7.747353901842332e-01  7.383850259387976e-01  9.840375732038257e-01  6.105027418685562e-01  3.453335380457809e-08  1.550156004236984e+00 
 9.456000000000004e-09  0.000000000000000e+00  7.747353901842303e-01  7.383850259387745e-01  9.840375732037843e-01  6.105027418683880e-01  3.453335175393710e-08  1.550156004236664e+00 
 9.656000000000004e-09  0.000000000000000e+00  7.747353901842241e-01  7.383850259387501e-01  9.840375732037427e-01  6.105027418684058e-01  3.453335341941868e-08  1.550156004236344e+00 
 9.856000000000004e-09  0.000000000000000e+00  7.747353901842156e-01  7.383850259387241e-01  9.840375732036970e-01  6.105027418683483e-01  3.453335273275215e-08  1.550156004236027e+00 
 1.005600000000000e-08  0.000000000000000e+00  7.747353901842090e-01  7.383850259387019e-01  9.840375732036506e-01  6.105027418683869e-01  3.453335261548920e-08  1.550156004235705e+00 
 1.025600000000000e-08  0.000000000000000e+00  7.747353901841979e-01  7.383850259386777e-01  9.840375732036045e-01  6.105027418682879e-01  3.453335220195244e-08  1.550156004235383e+00 
 1.045600000000000e-08  0.000000000000000e+00  7.747353901841882e-01  7.383850259386520e-01  9.840375732035556e-01  6.105027418682862e-01  3.453335196226435e-08  1.550156004235058e+00 
 1.065600000000000e-08  0.000000000000000e+00  7.747353901841781e-01  7.383850259383008e-01  9.840375732035057e-01  6.105027418683913e-01  3.453335351324057e-08  1.550156004234736e+00 
 1.085600000000000e-08  0.000000000000000e+00  7.747353901841679e-01  7.383850259378603e-01  9.840375732034563e-01  6.105027418683502e-01  3.453335192514290e-08  1.550156004234413e+00 
 1.105600000000000e-08  0.000000000000000e+00  7.747353901841565e-01  7.383850259374168e-01  9.840375732034060e-01  6.105027418684082e-01  3.453335241399237e-08  1.550156004234089e+00 
 1.125600000000000e-08  0.000000000000000e+00  7.747353901841448e-01  7.383850259369917e-01  9.840375732033630e-01  6.105027418683276e-01  3.453335274627035e-08  1.550156004233762e+00 
 1.145600000000001e-08  0.000000000000000e+00  7.747353901841308e-01  7.383850259365943e-01  9.840375732033207e-01  6.105027418684028e-01  3.453335267722647e-08  1.550156004233437e+00 
 1.165600000000001e-08  0.000000000000000e+00  7.747353901841166e-01  7.383850259362279e-01  9.840375732032733e-01  6.105027418683450e-01  3.453335157406680e-08  1.550156004233107e+00 
 1.185600000000001e-08  0.000000000000000e+00  7.747353901841011e-01  7.383850259358850e-01  9.840375732032309e-01  6.105027418682959e-01  3.453335381166773e-08  1.550156004232781e+00 
 1.205600000000001e-08  0.000000000000000e+00  7.747353901840842e-01  7.383850259355713e-01  9.840375732031909e-01  6.105027418683884e-01  3.453335258728009e-08  1.550156004232461e+00 
 1.225600000000001e-08  0.000000000000000e+00  7.747353901840663e-01  7.383850259352784e-01  9.840375732031509e-01  6.105027418683509e-01  3.453335235425492e-08  1.550156004232139e+00 
 1.245600000000001e-08  0.000000000000000e+00  7.747353901840444e-01  7.383850259350051e-01  9.840375732031135e-01  6.105027418684074e-01  3.453335147390528e-08  1.550156004231809e+00 
 1.265600000000001e-08  0.000000000000000e+00  7.747353901840229e-01  7.383850259347541e-01  9.840375732030784e-01  6.105027418682353e-01  3.453335408536268e-08  1.550156004231479e+00 
 1.285600000000001e-08  0.000000000000000e+00  7.747353901840016e-01  7.383850259345186e-01  9.840375732030433e-01  6.105027418685482e-01  3.453335215026025e-08  1.550156004231153e+00 
 1.305600000000001e-08  0.000000000000000e+00  7.747353901839761e-01  7.383850259343020e-01  9.840375732030076e-01  6.105027418683978e-01  3.453335236176959e-08  1.550156004230829e+00 
 1.325600000000001e-08  0.000000000000000e+00  7.747353901839605e-01  7.383850259340977e-01  9.840375732029722e-01  6.105027418684255e-01  3.453335225423261e-08  1.550156004230504e+00 
 1.345600000000001e-08  0.000000000000000e+00  7.747353901839483e-01  7.383850259339052e-01  9.840375732029368e-01  6.105027418683195e-01  3.453335225780783e-08  1.550156004230184e+00 
 1.365600000000001e-08  0.000000000000000e+00  7.747353901839341e-01  7.383850259337243e-01  9.840375732029034e-01  6.105027418684049e-01  3.453335234055813e-08  1.550156004229859e+00 
 1.385600000000001e-08  0.000000000000000e+00  7.747353901839211e-01  7.383850259335565e-01  9.840375732028703e-01  6.105027418683415e-01  3.453335393969541e-08  1.550156004229541e+00 
 1.405600000000001e-08  0.000000000000000e+00  7.747353901839041e-01  7.383850259334017e-01  9.840375732028398e-01  6.105027418682984e-01  3.453335164709790e-08  1.550156004229219e+00 
 1.425600000000001e-08  0.000000000000000e+00  7.747353901838878e-01  7.383850259332542e-01  9.840375732028089e-01  6.105027418682938e-01  3.453335307612491e-08  1.550156004228902e+00 
 1.445600000000001e-08  0.000000000000000e+00  7.747353901838706e-01  7.383850259331177e-01  9.840375732027745e-01  6.105027418682932e-01  3.453335219171054e-08  1.550156004228585e+00 
 1.465600000000001e-08  0.000000000000000e+00  7.747353901838510e-01  7.383850259329894e-01  9.840375732027372e-01  6.105027418684091e-01  3.453335317034107e-08  1.550156004228266e+00 
 1.485600000000001e-08  0.000000000000000e+00  7.747353901838278e-01  7.383850259328641e-01  9.840375732027083e-01  6.105027418682275e-01  3.453335170275260e-08  1.550156004227945e+00 
 1.505600000000001e-08  0.000000000000000e+00  7.747353901838063e-01  7.383850259327446e-01  9.840375732026819e-01  6.105027418684793e-01  3.453335184475759e-08  1.550156004227625e+00 
 1.525600000000000e-08  0.000000000000000e+00  7.747353901837852e-01  7.383850259326341e-01  9.840375732026574e-01  6.105027418682092e-01  3.453335410296921e-08  1.550156004227305e+00 
 1.545600000000000e-08  0.000000000000000e+00  7.747353901837630e-01  7.383850259325287e-01  9.840375732026347e-01  6.105027418685541e-01  3.453335167813295e-08  1.550156004226980e+00 
 1.565600000000000e-08  0.000000000000000e+00  7.747353901837389e-01  7.383850259324289e-01  9.840375732026133e-01  6.105027418683929e-01  3.453335172645462e-08  1.550156004226647e+00 
 1.585600000000000e-08  0.000000000000000e+00  7.747353901837137e-01  7.383850259323373e-01  9.840375732025862e-01  6.105027418684071e-01  3.453335284368911e-08  1.550156004226314e+00 
 1.605600000000000e-08  0.000000000000000e+00  7.747353901836846e-01  7.383850259322507e-01  9.840375732025660e-01  6.105027418683709e-01  3.453335299591653e-08  1.550156004225985e+00 
 1.625600000000000e-08  0.000000000000000e+00  7.747353901836564e-01  7.383850259321653e-01  9.840375732025421e-01  6.105027418683548e-01  3.453335289286298e-08  1.550156004225657e+00 
 1.645600000000000e-08  0.000000000000000e+00  7.747353901836278e-01  7.383850259320882e-01  9.840375732025244e-01  6.105027418682852e-01  3.453335285032448e-08  1.550156004225329e+00 
 1.665599999999999e-08  0.000000000000000e+00  7.747353901835987e-01  7.383850259320118e-01  9.840375732025102e-01  6.105027418683964e-01  3.453335333313119e-08  1.550156004224999e+00 
 1.685599999999999e-08  0.000000000000000e+00  7.747353901835681e-01  7.383850259319412e-01  9.840375732024984e-01  6.105027418683475e-01  3.453335031538878e-08  1.550156004224663e+00 
 1.705599999999999e-08  0.000000000000000e+00  7.747353901835362e-01  7.383850259318749e-01  9.840375732024872e-01  6.105027418683855e-01  3.453335324973244e-08  1.550156004224321e+00 
 1.725599999999999e-08  0.000000000000000e+00  7.747353901835063e-01  7.383850259318127e-01  9.840375732024750e-01  6.105027418683590e-01  3.453335511943792e-08  1.550156004223978e+00 
 1.745599999999999e-08  0.000000000000000e+00  7.747353901834722e-01  7.383850259317493e-01  9.840375732024628e-01  6.105027418682832e-01  3.453334910798276e-08  1.550156004223637e+00 
 1.765599999999999e-08  0.000000000000000e+00  7.747353901834365e-01  7.383850259316863e-01  9.840375732024512e-01  6.105027418683969e-01  3.453335484866912e-08  1.550156004223298e+00 
 1.785599999999998e-08  0.000000000000000e+00  7.747353901834028e-01  7.383850259316294e-01  9.840375732024437e-01  6.105027418683446e-01  3.453335339547113e-08  1.550156004222957e+00 
 1.805599999999998e-08  0.000000000000000e+00  7.747353901833661e-01  7.383850259315766e-01  9.840375732024359e-01  6.105027418684119e-01  3.453335088171448e-08  1.550156004222619e+00 
 1.825599999999998e-08  0.000000000000000e+00  7.747353901833225e-01  7.383850259315312e-01  9.840375732024284e-01  6.105027418682315e-01  3.453335152265814e-08  1.550156004222282e+00 
 1.845599999999998e-08  0.000000000000000e+00  7.747353901832802e-01  7.383850259314843e-01  9.840375732024215e-01  6.105027418684570e-01  3.453335328113542e-08  1.550156004221948e+00 
 1.865599999999998e-08  0.000000000000000e+00  7.747353901832372e-01  7.383850259314388e-01  9.840375732024150e-01  6.105027418682415e-01  3.453335234376685e-08  1.550156004221610e+00 
 1.885599999999998e-08  0.000000000000000e+00  7.747353901831936e-01  7.383850259313931e-01  9.840375732024091e-01  6.105027418684345e-01  3.453335382536655e-08  1.550156004221272e+00 
 1.905599999999998e-08  0.000000000000000e+00  7.747353901831487e-01  7.383850259313492e-01  9.840375732023969e-01  6.105027418683264e-01  3.453335292409043e-08  1.550156004220936e+00 
 1.925599999999997e-08  0.000000000000000e+00  7.747353901831074e-01  7.383850259313056e-01  9.840375732023913e-01  6.105027418684278e-01  3.453335060019501e-08  1.550156004220596e+00 
 1.945599999999997e-08  0.000000000000000e+00  7.747353901830656e-01  7.383850259312654e-01  9.840375732023880e-01  6.105027418683135e-01  3.453335213947034e-08  1.550156004220252e+00 
 1.965599999999997e-08  0.000000000000000e+00  7.747353901830247e-01  7.383850259312248e-01  9.840375732023796e-01  6.105027418684130e-01  3.453335298599150e-08  1.550156004219903e+00 
 1.982799999999998e-08  0.000000000000000e+00  7.747353901831417e-01  7.383850259311371e-01  9.840375732018920e-01  6.105027418682579e-01  3.453335429489952e-08  1.550156004217985e+00 
 2.000000000000000e-08  0.000000000000000e+00  7.747353901831300e-01  7.383850259314430e-01  9.840375732013765e-01  6.105027418682706e-01  3.453335570485177e-08  1.550156004215898e+00 
 2.000012754439121e-08  7.652663472361863e-04  7.747372777652758e-01  7.383869155336054e-01  9.840376513455311e-01  6.105068541261672e-01  1.175501575436527e-07  1.550156004215898e+00 
 2.000038263317362e-08  2.295799041708559e-03  7.747416611624125e-01  7.383913236440995e-01  9.840378618198864e-01  6.105184774531185e-01  3.217144958073126e-07  1.550156004215897e+00 
 2.000071314985837e-08  4.278899150210030e-03  7.747476711498060e-01  7.383974073190775e-01  9.840381720222384e-01  6.105339885390733e-01  5.595716585180682e-07  1.550156004215906e+00 
 2.000110665992616e-08  6.639959556981625e-03  7.747548061481909e-01  7.384046677159305e-01  9.840385375396222e-01  6.105484358452382e-01  7.696379650291851e-07  1.550156004215911e+00 
 2.000166655069885e-08  9.999304193097174e-03  7.747647287120788e-01  7.384148031090398e-01  9.840390179913417e-01  6.105609194417738e-01  9.637016422908012e-07  1.550156004215911e+00 
 2.000273826491749e-08  1.642958950494703e-02  7.747831084944778e-01  7.384336509993883e-01  9.840398237731740e-01  6.105681759655585e-01  1.132421835156258e-06  1.550156004215921e+00 
 2.000488169335477e-08  2.929016012862690e-02  7.748180136639171e-01  7.384696338695792e-01  9.840411296692771e-01  6.105559785553035e-01  1.103039046019584e-06  1.550156004215892e+00 
 2.000912682108579e-08  5.476092651472633e-02  7.748817565493182e-01  7.385358016185143e-01  9.840429584031772e-01  6.105182029774223e-01  6.857355963701094e-07  1.550156004215906e+00 
 2.001509847645503e-08  9.059085873017343e-02  7.749630835175287e-01  7.386208857861978e-01  9.840444752516446e-01  6.104884131249968e-01  1.514897510954648e-07  1.550156004216289e+00 
 2.002237855219265e-08  1.342713131558794e-01  7.750539443057997e-01  7.387166013675605e-01  9.840453516790286e-01  6.104811533234207e-01 -1.914351382751017e-07  1.550156004219096e+00 
 2.003116306676535e-08  1.869784005920695e-01  7.751567738642680e-01  7.388254320390499e-01  9.840456733881673e-01  6.104863308549112e-01 -3.053005155121379e-07  1.550156004231766e+00 
 2.004242124599842e-08  2.545274759905314e-01  7.752827137437445e-01  7.389590078366935e-01  9.840455932160725e-01  6.104939050422280e-01 -2.556959266928499e-07  1.550156004285048e+00 
 2.005019339170378e-08  3.011603502226485e-01  7.753654133895233e-01  7.390467779621374e-01  9.840453751794686e-01  6.104972585041177e-01 -1.825011816663103e-07  1.550156004362369e+00 
 2.005462793366356e-08  3.277676019813557e-01  7.754097235663803e-01  7.390938186311578e-01  9.840451989761715e-01  6.104984317415539e-01 -1.460611785953064e-07  1.550156004427147e+00 
 2.005945159826531e-08  3.567095895918325e-01  7.754525764556656e-01  7.391393501612938e-01  9.840449309016096e-01  6.104992428546451e-01 -1.244263480404233e-07  1.550156004520925e+00 
 2.006362543747623e-08  3.817526248574064e-01  7.754817165713235e-01  7.391703914122927e-01  9.840445825307282e-01  6.104996558428530e-01 -1.273454792523505e-07  1.550156004626228e+00 
 2.006772729634438e-08  4.063637780662778e-01  7.754988626996709e-01  7.391888135998886e-01  9.840440699480627e-01  6.104998729749638e-01 -1.534902556487097e-07  1.550156004755995e+00 
 2.007187948508623e-08  4.312769105173596e-01  7.754993941809589e-01  7.391897718104775e-01  9.840433072895959e-01  6.104999524710596e-01 -2.038147276306815e-07  1.550156004918883e+00 
 2.007611234812656e-08  4.566740887593822e-01  7.754762249652226e-01  7.391658124956509e-01  9.840422006100128e-01  6.104999230670162e-01 -2.776573181807046e-07  1.550156005123152e+00 
 2.008031580357511e-08  4.818948214506630e-01  7.754223873626828e-01  7.391095857228547e-01  9.840406938531885e-01  6.104998059999044e-01 -3.711627583340323e-07  1.550156005370289e+00 
 2.008440218531794e-08  5.064131119076577e-01  7.753330429453640e-01  7.390159784672001e-01  9.840387615722065e-01  6.104996205596052e-01 -4.800027587092449e-07  1.550156005659158e+00 
 2.008836652100839e-08  5.301991260503339e-01  7.752038951386296e-01  7.388804525311914e-01  9.840363727198153e-01  6.104993768517113e-01 -6.015006816990388e-07  1.550156005991584e+00 
 2.009263088975017e-08  5.557853385009971e-01  7.750091374401396e-01  7.386758638189449e-01  9.840331561697155e-01  6.104990393203871e-01 -7.474678046233245e-07  1.550156006414176e+00 
 2.009652821824726e-08  5.791693094835572e-01  7.747729011980151e-01  7.384275281813057e-01  9.840295684528504e-01  6.104986463239683e-01 -8.920730021478966e-07  1.550156006866068e+00 
 2.010067206056451e-08  6.040323633870808e-01  7.744525857275802e-01  7.380906869992570e-01  9.840250184618557e-01  6.104981168784043e-01 -1.052948742329141e-06  1.550156007423100e+00 
 2.010462024483125e-08  6.277214689874898e-01  7.740742035036950e-01  7.376932977740058e-01  9.840199371091659e-01  6.104974709287495e-01 -1.208649755010584e-06  1.550156008034039e+00 
 2.010894173333421e-08  6.536504000052294e-01  7.735615712466809e-01  7.371660070764614e-01  9.840133855420280e-01  6.104966110217407e-01 -1.388510731219639e-06  1.550156008800412e+00 
 2.011051467733365e-08  6.630880640018747e-01  7.733333263655334e-01  7.369480650721061e-01  9.840105287132799e-01  6.104965061213120e-01 -1.481569888439616e-06  1.550156009105662e+00 
 2.011170136989469e-08  6.702082193681451e-01  7.731325156901021e-01  7.367714052888185e-01  9.840080151048917e-01  6.104967498593347e-01 -1.583501706411972e-06  1.550156009345636e+00 
 2.011302848999643e-08  6.781709399785500e-01  7.728676618053401e-01  7.365549152900716e-01  9.840046863231618e-01  6.104974281644193e-01 -1.744303948239545e-06  1.550156009624196e+00 
 2.011459174365184e-08  6.875504619110493e-01  7.724980395838221e-01  7.362604086612441e-01  9.840000664390645e-01  6.104984584978450e-01 -1.985725990319431e-06  1.550156009966394e+00 
 2.011623086116753e-08  6.973851670051882e-01  7.720555199129900e-01  7.358926037394107e-01  9.839946654947168e-01  6.104989711403382e-01 -2.253863500000473e-06  1.550156010341875e+00 
 2.011803062635328e-08  7.081837581197046e-01  7.715228700051745e-01  7.354188582173330e-01  9.839884385485589e-01  6.104977331861732e-01 -2.511001143927147e-06  1.550156010774116e+00 
 2.011968277902929e-08  7.180966741757154e-01  7.710014920886389e-01  7.349290873332809e-01  9.839826483937063e-01  6.104943984187980e-01 -2.687808414374854e-06  1.550156011189541e+00 
 2.012147624775211e-08  7.288574865126535e-01  7.704076047343217e-01  7.343504101487283e-01  9.839763924003788e-01  6.104884863926835e-01 -2.809308245380927e-06  1.550156011660894e+00 
 2.012338477223760e-08  7.403086334256154e-01  7.697499144105207e-01  7.336933997395206e-01  9.839698336512342e-01  6.104801491353081e-01 -2.863072609636703e-06  1.550156012185857e+00 
 2.012540398458989e-08  7.524239075393347e-01  7.690317349743696e-01  7.329641263574688e-01  9.839630595763963e-01  6.104698217793608e-01 -2.845581858117695e-06  1.550156012767534e+00 
 2.012754546159516e-08  7.652727695709849e-01  7.682520282610842e-01  7.321638287596312e-01  9.839561098510028e-01  6.104580357208085e-01 -2.757823943434247e-06  1.550156013413626e+00 
 2.012986401412953e-08  7.791840847772008e-01  7.673945308552229e-01  7.312773499568771e-01  9.839488958216673e-01  6.104451925123501e-01 -2.601180148739321e-06  1.550156014146347e+00 
 2.013246798425128e-08  7.948079055076580e-01  7.664232280846605e-01  7.302682711866226e-01  9.839411948644642e-01  6.104316339930964e-01 -2.373490840094222e-06  1.550156015008787e+00 
 2.013569224160554e-08  8.141534496332415e-01  7.652199809723169e-01  7.290139073323196e-01  9.839322368825170e-01  6.104175599898214e-01 -2.050860739909004e-06  1.550156016130195e+00 
 2.013888882595717e-08  8.333329557429937e-01  7.640350179690447e-01  7.277760398641477e-01  9.839239261748676e-01  6.104075670108702e-01 -1.718419089993557e-06  1.550156017293334e+00 
 2.014175047167398e-08  8.505028300439071e-01  7.629829457922267e-01  7.266760830139153e-01  9.839168580973678e-01  6.104020636473871e-01 -1.435473203615333e-06  1.550156018370228e+00 
 2.014445563134529e-08  8.667337880717131e-01  7.619947051915564e-01  7.256428975496793e-01  9.839103774482234e-01  6.103995314021637e-01 -1.199768484682912e-06  1.550156019410712e+00 
 2.014746157782466e-08  8.847694669479823e-01  7.609011033612381e-01  7.245005091903682e-01  9.839032710501344e-01  6.103989495684075e-01 -9.876336111934968e-07  1.550156020580029e+00 
 2.015030379580496e-08  9.018227748297346e-01  7.598698872945071e-01  7.234252291789776e-01  9.838965599913376e-01  6.103983104459573e-01 -8.369485729217523e-07  1.550156021684721e+00 
 2.015360581486672e-08  9.216348892003278e-01  7.586793907306206e-01  7.221880150636408e-01  9.838887686959068e-01  6.103871271293276e-01 -7.084351458844750e-07  1.550156022944363e+00 
 2.015689038132107e-08  9.413422879264287e-01  7.575138663245528e-01  7.209842239765757e-01  9.838811144119686e-01  6.103535627269163e-01 -6.061860067002774e-07  1.550156024144462e+00 
 2.015987676743945e-08  9.592606046366675e-01  7.564802819503175e-01  7.199276035554413e-01  9.838743161111173e-01  6.103014227733373e-01 -5.197060247022836e-07  1.550156025163119e+00 
 2.016331705795454e-08  9.799023477272294e-01  7.553304963662096e-01  7.187721553598403e-01  9.838667115925784e-01  6.102265685415271e-01 -4.211043676915875e-07  1.550156026210555e+00 
 2.016658543110163e-08  9.995125866097683e-01  7.542809585926571e-01  7.177428228147638e-01  9.838596380896579e-01  6.101583888194686e-01 -3.377904145363333e-07  1.550156027038144e+00 
 2.017034846252431e-08  1.022090775145833e+00  7.531231183758377e-01  7.166325586875273e-01  9.838515310389598e-01  6.101045910122036e-01 -2.683516698576138e-07  1.550156027722309e+00 
 2.017337162909152e-08  1.040229774549114e+00  7.522333784675014e-01  7.157792786119446e-01  9.838449975425756e-01  6.100902863893426e-01 -2.340272087049053e-07  1.550156028014934e+00 
 2.017630797992866e-08  1.057847879571946e+00  7.514049121089517e-01  7.149631661979761e-01  9.838386025908636e-01  6.101040389798847e-01 -2.165890738473585e-07  1.550156028031746e+00 
 2.017948733671819e-08  1.076924020309156e+00  7.505438525535990e-01  7.140818847681977e-01  9.838315244188302e-01  6.101464629740665e-01 -2.195536557602143e-07  1.550156027693353e+00 
 2.018302039500100e-08  1.098122370005975e+00  7.496310535111592e-01  7.131085345046284e-01  9.838234294833481e-01  6.102176632696801e-01 -2.433740212775225e-07  1.550156026798767e+00 
 2.018680819446756e-08  1.120849166805360e+00  7.487151806195986e-01  7.120902752356181e-01  9.838145984725457e-01  6.103096579843642e-01 -2.687205470802180e-07  1.550156025119103e+00 
 2.019058936209294e-08  1.143536172557616e+00  7.478757252044905e-01  7.111271176135106e-01  9.838057015107343e-01  6.104094219275995e-01 -2.816513956591798e-07  1.550156022564964e+00 
 2.019464146945085e-08  1.167848816705077e+00  7.470653698328207e-01  7.101827155268509e-01  9.837960557867413e-01  6.105232522874964e-01 -2.854831533567748e-07  1.550156018678057e+00 
 2.019732073472542e-08  1.183924408352534e+00  7.465816952898756e-01  7.096174630496568e-01  9.837895834997312e-01  6.106036306828296e-01 -2.876591085297642e-07  1.550156015372808e+00 
 2.020000000000000e-08  1.199999999999991e+00  7.461399395482283e-01  7.091028934292487e-01  9.837829979855746e-01  6.106891392065180e-01 -2.926980439896254e-07  1.550156011405144e+00 
 2.020019206328152e-08  1.200000000000000e+00  7.461064169209332e-01  7.090645423941615e-01  9.837824160312616e-01  6.106907136611962e-01 -3.867487431002958e-07  1.550156011093180e+00 
 2.020057618984458e-08  1.200000000000000e+00  7.460377294395689e-01  7.089863061962529e-01  9.837811715418522e-01  6.106914307057597e-01 -5.920810684685585e-07  1.550156010460058e+00 
 2.020113615908331e-08  1.200000000000000e+00  7.459382655341510e-01  7.088732154638163e-01  9.837793346710948e-01  6.106937864018818e-01 -7.830535074387912e-07  1.550156009510739e+00 
 2.020177099978012e-08  1.200000000000000e+00  7.458292943319327e-01  7.087492489346898e-01  9.837773636680746e-01  6.107010552575071e-01 -8.194450016076049e-07  1.550156008394550e+00 
 2.020272518934001e-08  1.200000000000000e+00  7.456735715348527e-01  7.085719243186795e-01  9.837746844461518e-01  6.107197225355329e-01 -6.340432962530923e-07  1.550156006633925e+00 
 2.020430315898167e-08  1.200000000000000e+00  7.454339125941204e-01  7.082989344057350e-01  9.837708508381783e-01  6.107644615612490e-01 -5.152210317584116e-08  1.550156003493986e+00 
 2.020641246402296e-08  1.200000000000000e+00  7.451428646119190e-01  7.079677244404015e-01  9.837665883589890e-01  6.108419263470725e-01  8.348459141398548e-07  1.550155998826879e+00 
 2.020897969180120e-08  1.200000000000000e+00  7.448280917165971e-01  7.076103071691382e-01  9.837623867793699e-01  6.109537295009533e-01  1.767486075212807e-06  1.550155992368579e+00 
 2.021261387572748e-08  1.200000000000000e+00  7.444479706923600e-01  7.071799221236907e-01  9.837577542965793e-01  6.111340602506230e-01  2.658363667656320e-06  1.550155981620239e+00 
 2.021763951756326e-08  1.200000000000000e+00  7.440333344473351e-01  7.067110965401027e-01  9.837530148856534e-01  6.114193720372235e-01  3.214054281640028e-06  1.550155963250750e+00 
 2.022225976956004e-08  1.200000000000000e+00  7.437518535652047e-01  7.063915162195978e-01  9.837497265046273e-01  6.117225937915625e-01  3.256824656450641e-06  1.550155942320536e+00 
 2.022775197197490e-08  1.200000000000000e+00  7.435213881963749e-01  7.061253677898763e-01  9.837464586516934e-01  6.121468260979168e-01  3.006672949626204e-06  1.550155911644487e+00 
 2.023300116768468e-08  1.200000000000000e+00  7.433881720053269e-01  7.059646222200843e-01  9.837435666693395e-01  6.126228267953404e-01  2.654490408639850e-06  1.550155875649549e+00 
 2.023910230014101e-08  1.200000000000000e+00  7.433131417422445e-01  7.058638865017793e-01  9.837401913614950e-01  6.131895751189343e-01  2.300670845175636e-06  1.550155824403665e+00 
 2.024438807539181e-08  1.200000000000000e+00  7.432926245712128e-01  7.058289227978770e-01  9.837372212801523e-01  6.135841471948391e-01  2.159694188165343e-06  1.550155770832987e+00 
 2.024892969934055e-08  1.200000000000000e+00  7.432860558612446e-01  7.058205754255462e-01  9.837347273383993e-01  6.137885266346236e-01  2.250817439433282e-06  1.550155717260958e+00 
 2.025338270242815e-08  1.200000000000000e+00  7.432692625049134e-01  7.058169880748557e-01  9.837325731962429e-01  6.138144933808876e-01  2.619898492912161e-06  1.550155657288366e+00 
 2.025828913668982e-08  1.200000000000000e+00  7.432224672911070e-01  7.058050187981946e-01  9.837311337072926e-01  6.135636689127246e-01  3.435458559821825e-06  1.550155581862811e+00 
 2.026390683635545e-08  1.200000000000000e+00  7.431295435931154e-01  7.057732617785860e-01  9.837320521565134e-01  6.127888045809543e-01  4.963401242155359e-06  1.550155482332830e+00 
 2.026964922828291e-08  1.200000000000000e+00  7.430062450952958e-01  7.057230218522964e-01  9.837378027544591e-01  6.113179201716616e-01  7.176476120551636e-06  1.550155364744503e+00 
 2.027509835198671e-08  1.200000000000000e+00  7.428823978786069e-01  7.056655843852124e-01  9.837497428639445e-01  6.091691419621705e-01  9.788656955221067e-06  1.550155237083616e+00 
 2.028090012772720e-08  1.200000000000000e+00  7.427613560209329e-01  7.056019865356886e-01  9.837715700822336e-01  6.059285329928501e-01  1.289631062850261e-05  1.550155082486244e+00 
 2.028735366352303e-08  1.200000000000000e+00  7.426529767270912e-01  7.055352795768641e-01  9.838094596785645e-01  6.008890018726146e-01  1.643875865611896e-05  1.550154885997391e+00 
 2.029427696552067e-08  1.200000000000000e+00  7.425744134496254e-01  7.054728825938645e-01  9.838690661959765e-01  5.934586408187267e-01  2.008177238038591e-05  1.550154644136322e+00 
 2.030017571557274e-08  1.200000000000000e+00  7.425404877903740e-01  7.054286965402605e-01  9.839376656530930e-01  5.853498903833568e-01  2.297281420822429e-05  1.550154410927134e+00 
 2.030559421384869e-08  1.200000000000000e+00  7.425369298203679e-01  7.053957039008746e-01  9.840171159738383e-01  5.766387062427543e-01  2.544389543459777e-05  1.550154173280778e+00 
 2.031104999761600e-08  1.200000000000000e+00  7.425606083756018e-01  7.053696177137405e-01  9.841150418690985e-01  5.672376890856899e-01  2.779510931885600e-05  1.550153910010557e+00 
 2.031710905299758e-08  1.200000000000000e+00  7.426196966003390e-01  7.053483606041570e-01  9.842475758653686e-01  5.574783586951698e-01  3.033291220787379e-05  1.550153587843407e+00 
 2.032307384869425e-08  1.200000000000000e+00  7.427120393806782e-01  7.053341367367973e-01  9.844055122511294e-01  5.507728917050049e-01  3.284948359954403e-05  1.550153238537333e+00 
 2.032855731506201e-08  1.200000000000000e+00  7.428273460210625e-01  7.053256898161742e-01  9.845776490962054e-01  5.494539857697972e-01  3.525526371516135e-05  1.550152888005994e+00 
 2.033379054249506e-08  1.200000000000000e+00  7.429657890691715e-01  7.053209287331781e-01  9.847688779818962e-01  5.548845708134204e-01  3.770055804591817e-05  1.550152526108260e+00 
 2.033867486182623e-08  1.200000000000000e+00  7.431218857420889e-01  7.053190131176664e-01  9.849737619697772e-01  5.681114586228254e-01  4.017190768011128e-05  1.550152163357548e+00 
 2.034286809987534e-08  1.200000000000000e+00  7.432783704709670e-01  7.053192269519573e-01  9.851720165386439e-01  5.871965286812664e-01  4.248049535708013e-05  1.550151832110036e+00 
 2.034682822682482e-08  1.200000000000000e+00  7.434469227212644e-01  7.053210220680896e-01  9.853799932417741e-01  6.123578034775804e-01  4.485310756757862e-05  1.550151502006341e+00 
 2.035112903843326e-08  1.200000000000000e+00  7.436548270987455e-01  7.053247540402759e-01  9.856307823599179e-01  6.470320149821973e-01  4.767761660551739e-05  1.550151124015045e+00 
 2.035556348645232e-08  1.200000000000000e+00  7.438983252353825e-01  7.053304683279203e-01  9.859188976510904e-01  6.890796882086420e-01  5.089797818981674e-05  1.550150712535859e+00 
 2.035941999874021e-08  1.200000000000000e+00  7.441355375125447e-01  7.053368046709900e-01  9.861957155994993e-01  7.290557552928623e-01  5.398517585537485e-05  1.550150336376362e+00 
 2.036315840154683e-08  1.200000000000000e+00  7.443892196151225e-01  7.053439297901035e-01  9.864890738901375e-01  7.690975455233197e-01  5.726482050626494e-05  1.550149955167930e+00 
 2.036722926220429e-08  1.200000000000000e+00  7.446932750566162e-01  7.053525140451039e-01  9.868384482190231e-01  8.123536600556641e-01  6.119179908159423e-05  1.550149521165311e+00 
 2.037123210297338e-08  1.200000000000000e+00  7.450217371936988e-01  7.053615845523774e-01  9.872141752062390e-01  8.532135660238156e-01  6.544305960681437e-05  1.550149074891074e+00 
 2.037600069372248e-08  1.200000000000000e+00  7.454529210651299e-01  7.053730305095617e-01  9.877057114072597e-01  8.985099327193932e-01  7.104002605690931e-05  1.550148517530621e+00 
 2.038140647671272e-08  1.200000000000000e+00  7.459961077840671e-01  7.053867717173163e-01  9.883230535292846e-01  9.446463671245846e-01  7.808443854240201e-05  1.550147851293922e+00 
 2.038909859228648e-08  1.200000000000000e+00  7.468705776283721e-01  7.054077556401669e-01  9.893139975694648e-01  1.000525583637250e+00  8.922076464702722e-05  1.550146838960365e+00 
 2.039723006023497e-08  1.200000000000000e+00  7.479220099420802e-01  7.054318073646548e-01  9.905029980278721e-01  1.048077411278412e+00  1.021304889829586e-04  1.550145685082038e+00 
 2.040512322417645e-08  1.200000000000000e+00  7.490602491539214e-01  7.054569226516880e-01  9.917896850166322e-01  1.084406031350022e+00  1.155993835496901e-04  1.550144481255225e+00 
 2.041329919109143e-08  1.200000000000000e+00  7.503503263367267e-01  7.054845672442258e-01  9.932503144540384e-01  1.113569676601493e+00  1.303908529002070e-04  1.550143145924251e+00 
 2.042214446935214e-08  1.200000000000000e+00  7.518570754046321e-01  7.055159741109193e-01  9.949633196802617e-01  1.137374520943478e+00  1.461720402361502e-04  1.550141598727190e+00 
 2.043095746572336e-08  1.200000000000000e+00  7.534530466544541e-01  7.055483764389624e-01  9.967913822360470e-01  1.154850018162424e+00  1.530279238500385e-04  1.550139950257884e+00 
 2.044065583474560e-08  1.200000000000000e+00  7.552878973707011e-01  7.055847558174202e-01  9.989190488351021e-01  1.168706627137653e+00  1.005076873240632e-04  1.550138012229153e+00 
 2.044861598211372e-08  1.200000000000000e+00  7.568290460262002e-01  7.056148052861115e-01  1.000735485940756e+00  1.176877741938249e+00 -7.818973285800257e-05  1.550136324440192e+00 
 2.045513882500991e-08  1.200000000000000e+00  7.580979769024190e-01  7.056393559772238e-01  1.002254791567407e+00  1.181935339475702e+00 -3.902976231216946e-04  1.550134876282019e+00 
 2.046056367102112e-08  1.200000000000000e+00  7.591470905280769e-01  7.056596311059657e-01  1.003528267468661e+00  1.185267633860612e+00 -8.313811331285446e-04  1.550133627404956e+00 
 2.046510418403699e-08  1.200000000000000e+00  7.600137832918130e-01  7.056764467200307e-01  1.004594566180978e+00  1.187566889398775e+00 -1.394918107710216e-03  1.550132551223242e+00 
 2.046921041213912e-08  1.200000000000000e+00  7.607822639675194e-01  7.056914843241011e-01  1.005555613349667e+00  1.189329864008740e+00 -2.126198010682527e-03  1.550131553886438e+00 
 2.047317457036759e-08  1.200000000000000e+00  7.615034455615775e-01  7.057057961521011e-01  1.006478825643023e+00  1.190792128468179e+00 -3.106060614153375e-03  1.550130569501597e+00 
 2.047732325562822e-08  1.200000000000000e+00  7.622273931768672e-01  7.057204919613081e-01  1.007440018279711e+00  1.192108315934146e+00 -4.495176163716426e-03  1.550129516797497e+00 
 2.048199220962176e-08  1.200000000000000e+00  7.629919951574052e-01  7.057366103612228e-01  1.008516099193015e+00  1.193367679488469e+00 -6.559276612412809e-03  1.550128304821615e+00 
 2.048686706401372e-08  1.200000000000000e+00  7.637262549005145e-01  7.057529862548573e-01  1.009630165250133e+00  1.194470448361518e+00 -9.327148796581572e-03  1.550127008934019e+00 
 2.048958401297889e-08  1.200000000000000e+00  7.641101030972559e-01  7.057619877349361e-01  1.010243070516184e+00  1.195001479487863e+00 -1.106692716199390e-02  1.550126273289825e+00 
 2.049217508469375e-08  1.200000000000000e+00  7.644628873749172e-01  7.057705578042219e-01  1.010819077470838e+00  1.195459383914344e+00 -1.272623738419886e-02  1.550125562886088e+00 
 2.049462273224319e-08  1.200000000000000e+00  7.647864440224064e-01  7.057786748600181e-01  1.011353652582163e+00  1.195853000426200e+00 -1.413538137980033e-02  1.550124883944538e+00 
 2.049691829031017e-08  1.200000000000000e+00  7.650825915531079e-01  7.057863200491248e-01  1.011845828851950e+00  1.196190942959625e+00 -1.507466368785891e-02  1.550124240306153e+00 
 2.049961937707154e-08  1.200000000000000e+00  7.654228414252753e-01  7.057953586250730e-01  1.012413749287662e+00  1.196553607719708e+00 -1.523296164551023e-02  1.550123474508190e+00 
 2.050210373808536e-08  1.200000000000000e+00  7.657283858789680e-01  7.058037102171880e-01  1.012926205467431e+00  1.196856643498433e+00 -1.427499089589361e-02  1.550122762153216e+00 
 2.050355856626077e-08  1.200000000000000e+00  7.659042165785644e-01  7.058086179090737e-01  1.013222302064873e+00  1.197021387081030e+00 -1.341529239666041e-02  1.550122341465491e+00 
 2.050483837837358e-08  1.200000000000000e+00  7.660571331796016e-01  7.058129458132385e-01  1.013480558581853e+00  1.197159069438325e+00 -1.258177963770403e-02  1.550121969241721e+00 
 2.050614419826698e-08  1.200000000000000e+00  7.662115922516545e-01  7.058173724602848e-01  1.013742106887005e+00  1.197292964581662e+00 -1.169668322591137e-02  1.550121587397204e+00 
 2.050759726043490e-08  1.200000000000000e+00  7.663818047344191e-01  7.058223122957077e-01  1.014031058888210e+00  1.197434559537494e+00 -1.069035925827161e-02  1.550121160069133e+00 
 2.050920635997951e-08  1.200000000000000e+00  7.665684927398484e-01  7.058278012932657e-01  1.014348713538381e+00  1.197582760873340e+00 -9.568379896405705e-03  1.550120683887472e+00 
 2.051094882771304e-08  1.200000000000000e+00  7.667686949944268e-01  7.058337672572190e-01  1.014689981072967e+00  1.197733640547634e+00 -8.383974612490536e-03  1.550120164748056e+00 
 2.051334895866270e-08  1.200000000000000e+00  7.670410499517503e-01  7.058420155834678e-01  1.015154717400695e+00  1.197926300006515e+00 -6.910978264253739e-03  1.550119443780465e+00 
 2.051499486381370e-08  1.200000000000000e+00  7.672254155206383e-01  7.058476879199953e-01  1.015469157064263e+00  1.198048838070181e+00 -6.057680760356927e-03  1.550118945456950e+00 
 2.051670199654830e-08  1.200000000000000e+00  7.674143867165218e-01  7.058535800102058e-01  1.015790898071517e+00  1.198168264632793e+00 -5.330917512126772e-03  1.550118425260108e+00 
 2.051864038840240e-08  1.200000000000000e+00  7.676260039668307e-01  7.058602764896569e-01  1.016150025051812e+00  1.198295045221188e+00 -4.688423276737608e-03  1.550117830513382e+00 
 2.052073444769547e-08  1.200000000000000e+00  7.678510237257038e-01  7.058675155618560e-01  1.016529860237126e+00  1.198422193309812e+00 -4.169206583064487e-03  1.550117183174252e+00 
 2.052306813212374e-08  1.200000000000000e+00  7.680974569329947e-01  7.058755881022114e-01  1.016942525130863e+00  1.198552794076115e+00 -3.739873405491350e-03  1.550116455913671e+00 
 2.052569859012318e-08  1.200000000000000e+00  7.683699595656794e-01  7.058846944727485e-01  1.017393613555536e+00  1.198687154530077e+00 -3.370913546065347e-03  1.550115628872129e+00 
 2.052877753166518e-08  1.200000000000000e+00  7.686822280237745e-01  7.058953651438750e-01  1.017902156592003e+00  1.198828774269601e+00 -3.020182550018503e-03  1.550114651147410e+00 
 2.053247319329566e-08  1.200000000000000e+00  7.690481155368808e-01  7.059081914575045e-01  1.018484509481086e+00  1.198978933326974e+00 -2.652743101968786e-03  1.550113464051577e+00 
 2.053710543764702e-08  1.200000000000000e+00  7.694936509331216e-01  7.059242927629343e-01  1.019171532247476e+00  1.199140639265948e+00 -2.234135696559685e-03  1.550111955751276e+00 
 2.054314898666455e-08  1.200000000000000e+00  7.700530197461206e-01  7.059453168210632e-01  1.019999006971274e+00  1.199314514243124e+00 -1.747456358474259e-03  1.550109954932072e+00 
 2.054918292179590e-08  1.200000000000000e+00  7.705851244284270e-01  7.059662875097737e-01  1.020753555496309e+00  1.199453448423251e+00 -1.336412791106140e-03  1.550107921365380e+00 
 2.055608288847375e-08  1.200000000000000e+00  7.711574810353685e-01  7.059901869959651e-01  1.021537558535417e+00  1.199578572798833e+00 -9.619861801887760e-04  1.550105553940607e+00 
 2.056304537878912e-08  1.200000000000000e+00  7.716915291325307e-01  7.060141714247751e-01  1.022250383342119e+00  1.199676019578538e+00 -6.788069154775066e-04  1.550103121960990e+00 
 2.057081358954067e-08  1.200000000000000e+00  7.722314396850732e-01  7.060407551832346e-01  1.022958337968275e+00  1.199758623678904e+00 -4.541937157312994e-04  1.550100360624678e+00 
 2.057910093236476e-08  1.200000000000000e+00  7.727391751028807e-01  7.060689199252568e-01  1.023616161600349e+00  1.199823863642056e+00 -2.933482785858093e-04  1.550097363056215e+00 
 2.058748639799936e-08  1.200000000000000e+00  7.731799740940180e-01  7.060972448120416e-01  1.024183227889158e+00  1.199871994326774e+00 -1.878524373055513e-04  1.550094280189277e+00 
 2.059608627205592e-08  1.200000000000000e+00  7.735573904801024e-01  7.061261666355123e-01  1.024667193238504e+00  1.199907700732873e+00 -1.187723422493130e-04  1.550091071515503e+00 
 2.060509651160740e-08  1.200000000000000e+00  7.738772361859176e-01  7.061564073467979e-01  1.025077138905587e+00  1.199934438152529e+00 -7.318604679325714e-05  1.550087664548173e+00 
 2.061456593381263e-08  1.200000000000000e+00  7.741401427098600e-01  7.061882136629681e-01  1.025414463271782e+00  1.199954187570805e+00 -4.358419987718657e-05  1.550084040957699e+00 
 2.062499712629706e-08  1.200000000000000e+00  7.743584899615346e-01  7.062233731067288e-01  1.025694831920912e+00  1.199969095530786e+00 -2.412549098803674e-05  1.550080007202153e+00 
 2.063480886310042e-08  1.200000000000000e+00  7.745103793379451e-01  7.062566126734683e-01  1.025889439374774e+00  1.199978546071978e+00 -1.360948382392486e-05  1.550076180963658e+00 
 2.064571247434604e-08  1.200000000000000e+00  7.746347407480848e-01  7.062937545900383e-01  1.026047222830112e+00  1.199985581294987e+00 -7.055449102508714e-06  1.550071903033533e+00 
 2.065574660901181e-08  1.200000000000000e+00  7.747192856825731e-01  7.063281006926956e-01  1.026152100719386e+00  1.199989847850832e+00 -3.839688062293612e-06  1.550067951184673e+00 
 2.066728177556058e-08  1.200000000000000e+00  7.747924989690758e-01  7.063677247550456e-01  1.026239071214106e+00  1.199993059628710e+00 -1.901155043324216e-06  1.550063402365471e+00 
 2.067902269163130e-08  1.200000000000000e+00  7.748491479281553e-01  7.064081411399298e-01  1.026301368306717e+00  1.199995112856450e+00 -9.301163053622658e-07  1.550058778735423e+00 
 2.069307106002051e-08  1.200000000000000e+00  7.749016548338360e-01  7.064565212637198e-01  1.026351991297798e+00  1.199996585017663e+00 -3.764669265272393e-07  1.550053273757524e+00 
 2.070852716490243e-08  1.200000000000000e+00  7.749469640935633e-01  7.065096823334852e-01  1.026386658668011e+00  1.199997470793897e+00 -1.065921924542422e-07  1.550047275825948e+00 
 2.072760309368274e-08  1.200000000000000e+00  7.749915282645418e-01  7.065750932818882e-01  1.026408452896964e+00  1.199998002014092e+00  3.241990589121545e-08  1.550039997300287e+00 
 2.074993170489840e-08  1.200000000000000e+00  7.750333505048855e-01  7.066512872404529e-01  1.026413115463339e+00  1.199998245317379e+00  9.068048908175783e-08  1.550031708822707e+00 
 2.077604356483548e-08  1.200000000000000e+00  7.750727781224650e-01  7.067398220391622e-01  1.026398066667194e+00  1.199998320290252e+00  1.088209652341142e-07  1.550022411226010e+00 
 2.080225417333262e-08  1.200000000000000e+00  7.751049704757069e-01  7.068280526209049e-01  1.026366410445377e+00  1.199998318649329e+00  1.098109508912594e-07  1.550013581561369e+00 
 2.083195568646006e-08  1.200000000000000e+00  7.751349001372577e-01  7.069272624936342e-01  1.026315601077255e+00  1.199998300887993e+00  1.074090700893434e-07  1.550004265938359e+00 
 2.086286615328480e-08  1.200000000000000e+00  7.751604112143746e-01  7.070296573905260e-01  1.026249941492082e+00  1.199998287565639e+00  1.058151125959500e-07  1.549995416056957e+00 
 2.089853694737021e-08  1.200000000000000e+00  7.751844440920463e-01  7.071467711013283e-01  1.026162077848708e+00  1.199998281089424e+00  1.055956590364316e-07  1.549986331202072e+00 
 2.093750654489187e-08  1.200000000000000e+00  7.752056839502933e-01  7.072734688844114e-01  1.026055124932307e+00  1.199998279965503e+00  1.061747371066966e-07  1.549977814563089e+00 
 2.098351297198532e-08  1.200000000000000e+00  7.752258021239948e-01  7.074214267616994e-01  1.025918304172292e+00  1.199998281338176e+00  1.069162585390781e-07  1.549969630409185e+00 
 2.103598950940752e-08  1.200000000000000e+00  7.752440220830882e-01  7.075881307393992e-01  1.025752513934068e+00  1.199998283532609e+00  1.074323719331421e-07  1.549962656657768e+00 
 2.109966508205782e-08  1.200000000000000e+00  7.752614530972031e-01  7.077875788080924e-01  1.025542139384756e+00  1.199998286048406e+00  1.077038647234156e-07  1.549957289567328e+00 
 2.117564495929260e-08  1.200000000000000e+00  7.752777771743328e-01  7.080216822196335e-01  1.025282902013682e+00  1.199998288847268e+00  1.077973759508821e-07  1.549954756679485e+00 
 2.127114131075679e-08  1.200000000000000e+00  7.752939527207832e-01  7.083102237624255e-01  1.024950075322509e+00  1.199998292291024e+00  1.078144509118155e-07  1.549956428469616e+00 
 2.139020043157702e-08  1.200000000000000e+00  7.753100782223316e-01  7.086615778327147e-01  1.024530320714055e+00  1.199998296584407e+00  1.078081240747567e-07  1.549964118047415e+00 
 2.154369746670829e-08  1.200000000000000e+00  7.753271416117611e-01  7.091017273616830e-01  1.023987980353662e+00  1.199998302115427e+00  1.078016906183282e-07  1.549979857757025e+00 
 2.172636382391894e-08  1.200000000000000e+00  7.753443221594357e-01  7.096080218818018e-01  1.023346731796541e+00  1.199998308657636e+00  1.077991968817675e-07  1.550002828584486e+00 
 2.192636382391894e-08  1.200000000000000e+00  7.753606732845615e-01  7.101421783056928e-01  1.022653810322193e+00  1.199998315758855e+00  1.077990657237729e-07  1.550029227736150e+00 
 2.212636382391894e-08  1.200000000000000e+00  7.753751127946394e-01  7.106567912254639e-01  1.021972508596117e+00  1.199998322792831e+00  1.077993174877554e-07  1.550054278006903e+00 
 2.232636382391894e-08  1.200000000000000e+00  7.753879381966874e-01  7.111532679569833e-01  1.021303689772681e+00  1.199998329760501e+00  1.077994596311519e-07  1.550076570013405e+00 
 2.252636382391894e-08  1.200000000000000e+00  7.753993073724980e-01  7.116328525360158e-01  1.020647587442054e+00  1.199998336662524e+00  1.077994768513304e-07  1.550095600285594e+00 
 2.272636382391893e-08  1.200000000000000e+00  7.754093385044709e-01  7.120966419614841e-01  1.020004116219539e+00  1.199998343499566e+00  1.077994814881500e-07  1.550111414074631e+00 
 2.292636382391893e-08  1.200000000000000e+00  7.754181437261312e-01  7.125456080064585e-01  1.019373034407794e+00  1.199998350272740e+00  1.077995043326401e-07  1.550124336097005e+00 
 2.312636382391893e-08  1.200000000000000e+00  7.754258353626378e-01  7.129806167336716e-01  1.018754027600535e+00  1.199998356983290e+00  1.077995125171959e-07  1.550134797170455e+00 
 2.332636382391893e-08  1.200000000000000e+00  7.754325235544536e-01  7.134024444534437e-01  1.018146751394667e+00  1.199998363631926e+00  1.077995151247242e-07  1.550143235182769e+00 
 2.352636382391893e-08  1.200000000000000e+00  7.754383126604545e-01  7.138117906086906e-01  1.017550853091440e+00  1.199998370219284e+00  1.077995259379289e-07  1.550150045786306e+00 
 2.372636382391893e-08  1.200000000000000e+00  7.754432987276583e-01  7.142092882909380e-01  1.016965982670160e+00  1.199998376746325e+00  1.077995272839172e-07  1.550155563273447e+00 
 2.392636382391893e-08  1.200000000000000e+00  7.754475683219940e-01  7.145955129707651e-01  1.016391798328212e+00  1.199998383213861e+00  1.077995336621933e-07  1.550160058193975e+00 
 2.412636382391892e-08  1.200000000000000e+00  7.754511983958042e-01  7.149709898466579e-01  1.015827969297634e+00  1.199998389623119e+00  1.077995359972829e-07  1.550163743232777e+00 
 2.432636382391892e-08  1.200000000000000e+00  7.754542567878029e-01  7.153362000938051e-01  1.015274177305165e+00  1.199998395974153e+00  1.077995287235875e-07  1.550166782346788e+00 
 2.452636382391892e-08  1.200000000000000e+00  7.754568030395012e-01  7.156915862077635e-01  1.014730117356234e+00  1.199998402268270e+00  1.077995374971657e-07  1.550169300420333e+00 
 2.472636382391892e-08  1.200000000000000e+00  7.754588893225683e-01  7.160375565926403e-01  1.014195498156877e+00  1.199998408506045e+00  1.077995364672285e-07  1.550171392085034e+00 
 2.492636382391892e-08  1.200000000000000e+00  7.754605613592555e-01  7.163744895051161e-01  1.013670042325685e+00  1.199998414688464e+00  1.077995373726479e-07  1.550173129159385e+00 
 2.512636382391892e-08  1.200000000000000e+00  7.754618592762549e-01  7.167027364526700e-01  1.013153486451365e+00  1.199998420815973e+00  1.077995403994825e-07  1.550174566605869e+00 
 2.532636382391891e-08  1.200000000000000e+00  7.754628183674479e-01  7.170226251228560e-01  1.012645581020407e+00  1.199998426889089e+00  1.077995365146478e-07  1.550175747123396e+00 
 2.552636382391891e-08  1.200000000000000e+00  7.754634697604597e-01  7.173344619150021e-01  1.012146090228038e+00  1.199998432909070e+00  1.077995391790334e-07  1.550176704583806e+00 
 2.572636382391891e-08  1.200000000000000e+00  7.754638409918732e-01  7.176385341327504e-01  1.011654791680646e+00  1.199998438875991e+00  1.077995382041602e-07  1.550177466540627e+00 
 2.592636382391891e-08  1.200000000000000e+00  7.754639564999108e-01  7.179351118881786e-01  1.011171475998990e+00  1.199998444791416e+00  1.077995418337054e-07  1.550178056021857e+00 
 2.612636382391891e-08  1.200000000000000e+00  7.754638380448813e-01  7.182244497617962e-01  1.010695946335041e+00  1.199998450655383e+00  1.077995369348670e-07  1.550178492787143e+00 
 2.632636382391891e-08  1.200000000000000e+00  7.754635050674986e-01  7.185067882553799e-01  1.010228017821333e+00  1.199998456468731e+00  1.077995404858679e-07  1.550178794194891e+00 
 2.652636382391891e-08  1.200000000000000e+00  7.754629749942377e-01  7.187823550687820e-01  1.009767516964822e+00  1.199998462232163e+00  1.077995426825440e-07  1.550178975791432e+00 
 2.672636382391890e-08  1.200000000000000e+00  7.754622634976392e-01  7.190513662249295e-01  1.009314281006544e+00  1.199998467945949e+00  1.077995365646329e-07  1.550179051706602e+00 
 2.692636382391890e-08  1.200000000000000e+00  7.754613847186121e-01  7.193140270687978e-01  1.008868157257200e+00  1.199998473611308e+00  1.077995413423699e-07  1.550179034917037e+00 
 2.712636382391890e-08  1.200000000000000e+00  7.754603514565962e-01  7.195705331537910e-01  1.008429002422713e+00  1.199998479228303e+00  1.077995428383095e-07  1.550178937420817e+00 
 2.732636382391890e-08  1.200000000000000e+00  7.754591753325453e-01  7.198210710342705e-01  1.007996681935998e+00  1.199998484798078e+00  1.077995398680939e-07  1.550178770353946e+00 
 2.752636382391890e-08  1.200000000000000e+00  7.754578669288235e-01  7.200658189735505e-01  1.007571069299398e+00  1.199998490320832e+00  1.077995373594781e-07  1.550178544069264e+00 
 2.772636382391890e-08  1.200000000000000e+00  7.754564359097644e-01  7.203049475802943e-01  1.007152045448225e+00  1.199998495797151e+00  1.077995426675250e-07  1.550178268191651e+00 
 2.792636382391890e-08  1.200000000000000e+00  7.754548911255656e-01  7.205386203810180e-01  1.006739498136906e+00  1.199998501227844e+00  1.077995391778083e-07  1.550177951658599e+00 
 2.812636382391889e-08  1.200000000000000e+00  7.754532407022672e-01  7.207669943352901e-01  1.006333321356905e+00  1.199998506613246e+00  1.077995396418942e-07  1.550177602751920e+00 
 2.832636382391889e-08  1.200000000000000e+00  7.754514921197201e-01  7.209902203019040e-01  1.005933414787571e+00  1.199998511954381e+00  1.077995370404366e-07  1.550177229124304e+00 
 2.852636382391889e-08  1.200000000000000e+00  7.754496522793545e-01  7.212084434590785e-01  1.005539683276782e+00  1.199998517251100e+00  1.077995407173870e-07  1.550176837822900e+00 
 2.872636382391889e-08  1.200000000000000e+00  7.754477275633755e-01  7.214218036847246e-01  1.005152036359766e+00  1.199998522504351e+00  1.077995415889487e-07  1.550176435311385e+00 
 2.892636382391889e-08  1.200000000000000e+00  7.754457238863932e-01  7.216304359015452e-01  1.004770387808761e+00  1.199998527714550e+00  1.077995396896792e-07  1.550176027491394e+00 
 2.912636382391889e-08  1.200000000000000e+00  7.754436467406994e-01  7.218344703890249e-01  1.004394655215973e+00  1.199998532882670e+00  1.077995411181854e-07  1.550175619723677e+00 
 2.932636382391888e-08  1.200000000000000e+00  7.754415012361204e-01  7.220340330657085e-01  1.004024759610800e+00  1.199998538008414e+00  1.077995409781998e-07  1.550175216849307e+00 
 2.952636382391888e-08  1.200000000000000e+00  7.754392921350176e-01  7.222292457471347e-01  1.003660625104589e+00  1.199998543092986e+00  1.077995428042484e-07  1.550174823211252e+00 
 2.972636382391888e-08  1.200000000000000e+00  7.754370238833197e-01  7.224202263771212e-01  1.003302178567259e+00  1.199998548136808e+00  1.077995381035404e-07  1.550174442676212e+00 
 2.992636382391888e-08  1.200000000000000e+00  7.754347006378849e-01  7.226070892407569e-01  1.002949349329039e+00  1.199998553140000e+00  1.077995410923728e-07  1.550174078656894e+00 
 3.012636382391888e-08  1.200000000000000e+00  7.754323262909311e-01  7.227899451563199e-01  1.002602068911243e+00  1.199998558103221e+00  1.077995389557213e-07  1.550173734134645e+00 
 3.032636382391888e-08  1.200000000000000e+00  7.754299044917166e-01  7.229689016493712e-01  1.002260270777173e+00  1.199998563026815e+00  1.077995415795524e-07  1.550173411682493e+00 
 3.052636382391889e-08  1.200000000000000e+00  7.754274386658547e-01  7.231440631124327e-01  1.001923890109505e+00  1.199998567911466e+00  1.077995384845132e-07  1.550173113488545e+00 
 3.072636382391889e-08  1.200000000000000e+00  7.754249320326286e-01  7.233155309506090e-01  1.001592863606788e+00  1.199998572757764e+00  1.077995459217588e-07  1.550172841379589e+00 
 3.092636382391889e-08  1.200000000000000e+00  7.754223876205641e-01  7.234834037131600e-01  1.001267129301076e+00  1.199998577565808e+00  1.077995383738993e-07  1.550172596844984e+00 
 3.112636382391889e-08  1.200000000000000e+00  7.754198082814003e-01  7.236477772153593e-01  1.000946626390779e+00  1.199998582336382e+00  1.077995413071038e-07  1.550172381060561e+00 
 3.132636382391889e-08  1.200000000000000e+00  7.754171967026524e-01  7.238087446492526e-01  1.000631295093668e+00  1.199998587069604e+00  1.077995367871419e-07  1.550172194912667e+00 
 3.152636382391889e-08  1.200000000000000e+00  7.754145554190561e-01  7.239663966852240e-01  1.000321076513895e+00  1.199998591766300e+00  1.077995449015389e-07  1.550172039021949e+00 
 3.172636382391890e-08  1.200000000000000e+00  7.754118868228516e-01  7.241208215655226e-01  1.000015912523144e+00  1.199998596426404e+00  1.077995366026582e-07  1.550171913767079e+00 
 3.192636382391890e-08  1.200000000000000e+00  7.754091931731878e-01  7.242721051904392e-01  9.997157456551744e-01  1.199998601050605e+00  1.077995442612299e-07  1.550171819308087e+00 
 3.212636382391890e-08  1.200000000000000e+00  7.754064766046850e-01  7.244203311976974e-01  9.994205190136458e-01  1.199998605639259e+00  1.077995369887036e-07  1.550171755609252e+00 
 3.232636382391890e-08  1.200000000000000e+00  7.754037391352557e-01  7.245655810362284e-01  9.991301761900612e-01  1.199998610192773e+00  1.077995399291128e-07  1.550171722461559e+00 
 3.252636382391890e-08  1.200000000000000e+00  7.754009826732556e-01  7.247079340347797e-01  9.988446611921250e-01  1.199998614711470e+00  1.077995417059989e-07  1.550171719504371e+00 
 3.272636382391890e-08  1.200000000000000e+00  7.753982090241187e-01  7.248474674652390e-01  9.985639183815826e-01  1.199998619196068e+00  1.077995410453841e-07  1.550171746246499e+00 
 3.292636382391891e-08  1.200000000000000e+00  7.753954198964459e-01  7.249842566028969e-01  9.982878924207892e-01  1.199998623646741e+00  1.077995407865414e-07  1.550171802086399e+00 
 3.312636382391891e-08  1.200000000000000e+00  7.753926169075344e-01  7.251183747814115e-01  9.980165282264651e-01  1.199998628064021e+00  1.077995404176025e-07  1.550171886331490e+00 
 3.332636382391891e-08  1.200000000000000e+00  7.753898015886721e-01  7.252498934459238e-01  9.977497709326294e-01  1.199998632448253e+00  1.077995423176919e-07  1.550171998216495e+00 
 3.352636382391891e-08  1.200000000000000e+00  7.753869753899245e-01  7.253788822025402e-01  9.974875658571268e-01  1.199998636799446e+00  1.077995383453269e-07  1.550172136920744e+00 
 3.372636382391891e-08  1.200000000000000e+00  7.753841396846946e-01  7.255054088643398e-01  9.972298584761484e-01  1.199998641118299e+00  1.077995418202512e-07  1.550172301584478e+00 
 3.392636382391892e-08  1.200000000000000e+00  7.753812957739006e-01  7.256295394970272e-01  9.969765944042319e-01  1.199998645404784e+00  1.077995375759432e-07  1.550172491323937e+00 
 3.412636382391892e-08  1.200000000000000e+00  7.753784448899550e-01  7.257513384603137e-01  9.967277193764915e-01  1.199998649659816e+00  1.077995417528736e-07  1.550172705245366e+00 
 3.432636382391892e-08  1.200000000000000e+00  7.753755882004084e-01  7.258708684490546e-01  9.964831792388188e-01  1.199998653883494e+00  1.077995398077962e-07  1.550172942457854e+00 
 3.452636382391892e-08  1.200000000000000e+00  7.753727268115279e-01  7.259881905325807e-01  9.962429199391671e-01  1.199998658076111e+00  1.077995427521508e-07  1.550173202084963e+00 
 3.472636382391892e-08  1.200000000000000e+00  7.753698617715264e-01  7.261033641908353e-01  9.960068875234106e-01  1.199998662238086e+00  1.077995392281208e-07  1.550173483275232e+00 
 3.492636382391892e-08  1.200000000000000e+00  7.753669940736519e-01  7.262164473516910e-01  9.957750281337643e-01  1.199998666369782e+00  1.077995393009132e-07  1.550173785211457e+00 
 3.512636382391893e-08  1.200000000000000e+00  7.753641246591678e-01  7.263274964246551e-01  9.955472880116009e-01  1.199998670471460e+00  1.077995401819115e-07  1.550174107118833e+00 
 3.532636382391893e-08  1.200000000000000e+00  7.753612544201127e-01  7.264365663352537e-01  9.953236135003457e-01  1.199998674543308e+00  1.077995403794898e-07  1.550174448271937e+00 
 3.552636382391893e-08  1.200000000000000e+00  7.753583842018936e-01  7.265437105577157e-01  9.951039510513622e-01  1.199998678586061e+00  1.077995420730477e-07  1.550174808000630e+00 
 3.572636382391893e-08  1.200000000000000e+00  7.753555148058472e-01  7.266489811472711e-01  9.948882472326755e-01  1.199998682599557e+00  1.077995432073126e-07  1.550175185694829e+00 
 3.592636382391893e-08  1.200000000000000e+00  7.753526469916048e-01  7.267524287712112e-01  9.946764487369699e-01  1.199998686584190e+00  1.077995397686063e-07  1.550175580808268e+00 
 3.612636382391894e-08  1.200000000000000e+00  7.753497814793455e-01  7.268541027386228e-01  9.944685023926763e-01  1.199998690540618e+00  1.077995372505107e-07  1.550175992861200e+00 
 3.632636382391894e-08  1.200000000000000e+00  7.753469189519070e-01  7.269540510303586e-01  9.942643551765792e-01  1.199998694468696e+00  1.077995447512517e-07  1.550176421442234e+00 
 3.652636382391894e-08  1.200000000000000e+00  7.753440600569048e-01  7.270523203293443e-01  9.940639542267750e-01  1.199998698368955e+00  1.077995394676005e-07  1.550176866209142e+00 
 3.672636382391894e-08  1.200000000000000e+00  7.753412054085790e-01  7.271489560474574e-01  9.938672468532969e-01  1.199998702241855e+00  1.077995419272196e-07  1.550177326888901e+00 
 3.692636382391894e-08  1.200000000000000e+00  7.753383555897314e-01  7.272440023555262e-01  9.936741805555882e-01  1.199998706087772e+00  1.077995386669699e-07  1.550177803276884e+00 
 3.712636382391894e-08  1.200000000000000e+00  7.753355111534513e-01  7.273375022088019e-01  9.934847030344826e-01  1.199998709906485e+00  1.077995401446584e-07  1.550178295235281e+00 
 3.732636382391895e-08  1.200000000000000e+00  7.753326726247989e-01  7.274294973760324e-01  9.932987622076643e-01  1.199998713698505e+00  1.077995390979139e-07  1.550178802690895e+00 
 3.752636382391895e-08  1.200000000000000e+00  7.753298405023290e-01  7.275200284651244e-01  9.931163062255270e-01  1.199998717464092e+00  1.077995403195004e-07  1.550179325632230e+00 
 3.772636382391895e-08  1.200000000000000e+00  7.753270152596511e-01  7.276091349496577e-01  9.929372834838809e-01  1.199998721203935e+00  1.077995401485993e-07  1.550179864106118e+00 
 3.792636382391895e-08  1.200000000000000e+00  7.753241973468372e-01  7.276968551946970e-01  9.927616426404922e-01  1.199998724917550e+00  1.077995411252592e-07  1.550180418213637e+00 
 3.812636382391895e-08  1.200000000000000e+00  7.753213871917796e-01  7.277832264820292e-01  9.925893326299331e-01  1.199998728605645e+00  1.077995450891227e-07  1.550180988105823e+00 
 3.832636382391896e-08  1.200000000000000e+00  7.753185852014912e-01  7.278682850360005e-01  9.924203026768190e-01  1.199998732268165e+00  1.077995393574369e-07  1.550181573978786e+00 
 3.852636382391896e-08  1.200000000000000e+00  7.753157917632411e-01  7.279520660479173e-01  9.922545023108683e-01  1.199998735906102e+00  1.077995383838496e-07  1.550182176068585e+00 
 3.872636382391896e-08  1.200000000000000e+00  7.753130072457721e-01  7.280346036997638e-01  9.920918813811185e-01  1.199998739519152e+00  1.077995391819588e-07  1.550182794645812e+00 
 3.892636382391896e-08  1.200000000000000e+00  7.753102320003212e-01  7.281159311891280e-01  9.919323900681001e-01  1.199998743107585e+00  1.077995422593447e-07  1.550183430009924e+00 
 3.912636382391896e-08  1.200000000000000e+00  7.753074663615787e-01  7.281960807522986e-01  9.917759788993087e-01  1.199998746671663e+00  1.077995409155092e-07  1.550184082483462e+00 
 3.932636382391896e-08  1.200000000000000e+00  7.753047106487330e-01  7.282750836876031e-01  9.916225987606190e-01  1.199998750211513e+00  1.077995381232972e-07  1.550184752406107e+00 
 3.952636382391897e-08  1.200000000000000e+00  7.753019651662737e-01  7.283529703789147e-01  9.914722009085142e-01  1.199998753727882e+00  1.077995433958461e-07  1.550185440128653e+00 
 3.972636382391897e-08  1.200000000000000e+00  7.752992302048113e-01  7.284297703171356e-01  9.913247369816516e-01  1.199998757220533e+00  1.077995406036697e-07  1.550186146007028e+00 
 3.992636382391897e-08  1.200000000000000e+00  7.752965060418819e-01  7.285055121231698e-01  9.911801590126634e-01  1.199998760689834e+00  1.077995387943654e-07  1.550186870396305e+00 
 4.012636382391897e-08  1.200000000000000e+00  7.752937929426018e-01  7.285802235695185e-01  9.910384194385322e-01  1.199998764136145e+00  1.077995420740220e-07  1.550187613644770e+00 
 4.032636382391897e-08  1.200000000000000e+00  7.752910911603208e-01  7.286539316020647e-01  9.908994711114328e-01  1.199998767559417e+00  1.077995379595373e-07  1.550188376088107e+00 
 4.052636382391897e-08  1.200000000000000e+00  7.752884009373157e-01  7.287266623604042e-01  9.907632673067102e-01  1.199998770960203e+00  1.077995464110173e-07  1.550189158043733e+00 
 4.072636382391898e-08  1.200000000000000e+00  7.752857225052054e-01  7.287984411996168e-01  9.906297617343162e-01  1.199998774338196e+00  1.077995393809520e-07  1.550189959805343e+00 
 4.092636382391898e-08  1.200000000000000e+00  7.752830560855003e-01  7.288692927098003e-01  9.904989085447585e-01  1.199998777694216e+00  1.077995373458187e-07  1.550190781637647e+00 
 4.112636382391898e-08  1.200000000000000e+00  7.752804018900933e-01  7.289392407364369e-01  9.903706623395376e-01  1.199998781028457e+00  1.077995413698047e-07  1.550191623771317e+00 
 4.132636382391898e-08  1.200000000000000e+00  7.752777601216490e-01  7.290083083999744e-01  9.902449781768848e-01  1.199998784340818e+00  1.077995394293388e-07  1.550192486398284e+00 
 4.152636382391898e-08  1.200000000000000e+00  7.752751309739960e-01  7.290765181157134e-01  9.901218115791653e-01  1.199998787631579e+00  1.077995402326158e-07  1.550193369667238e+00 
 4.172636382391899e-08  1.200000000000000e+00  7.752725146324196e-01  7.291438916122386e-01  9.900011185394292e-01  1.199998790900982e+00  1.077995439049385e-07  1.550194273679557e+00 
 4.192636382391899e-08  1.200000000000000e+00  7.752699112739663e-01  7.292104499495892e-01  9.898828555267354e-01  1.199998794149347e+00  1.077995391613047e-07  1.550195198485418e+00 
 4.212636382391899e-08  1.200000000000000e+00  7.752673210677398e-01  7.292762135380937e-01  9.897669794917001e-01  1.199998797376424e+00  1.077995425806824e-07  1.550196144080402e+00 
 4.232636382391899e-08  1.200000000000000e+00  7.752647441751082e-01  7.293412021560017e-01  9.896534478714661e-01  1.199998800583131e+00  1.077995369945836e-07  1.550197110402367e+00 
 4.252636382391899e-08  1.200000000000000e+00  7.752621807498312e-01  7.294054349668554e-01  9.895422185949364e-01  1.199998803769220e+00  1.077995432027032e-07  1.550198097328713e+00 
 4.272636382391899e-08  1.200000000000000e+00  7.752596309383676e-01  7.294689305367844e-01  9.894332500851640e-01  1.199998806934720e+00  1.077995401818712e-07  1.550199104674033e+00 
 4.292636382391900e-08  1.200000000000000e+00  7.752570948799132e-01  7.295317068514739e-01  9.893265012637439e-01  1.199998810080587e+00  1.077995399103476e-07  1.550200132188150e+00 
 4.312636382391900e-08  1.200000000000000e+00  7.752545727065380e-01  7.295937813321598e-01  9.892219315538281e-01  1.199998813206038e+00  1.077995400279226e-07  1.550201179554495e+00 
 4.332636382391900e-08  1.200000000000000e+00  7.752520645433091e-01  7.296551708517069e-01  9.891195008814859e-01  1.199998816311858e+00  1.077995420252582e-07  1.550202246388926e+00 
 4.352636382391900e-08  1.200000000000000e+00  7.752495705083483e-01  7.297158917502021e-01  9.890191696799174e-01  1.199998819398044e+00  1.077995404896053e-07  1.550203332238903e+00 
 4.372636382391900e-08  1.200000000000000e+00  7.752470907128700e-01  7.297759598507856e-01  9.889208988902569e-01  1.199998822464778e+00  1.077995368249657e-07  1.550204436582992e+00 
 4.392636382391901e-08  1.200000000000000e+00  7.752446252612389e-01  7.298353904741286e-01  9.888246499627034e-01  1.199998825512557e+00  1.077995413490153e-07  1.550205558830807e+00 
 4.412636382391901e-08  1.200000000000000e+00  7.752421742509928e-01  7.298941984535164e-01  9.887303848583244e-01  1.199998828541296e+00  1.077995432322497e-07  1.550206698323298e+00 
 4.432636382391901e-08  1.200000000000000e+00  7.752397377728728e-01  7.299523981487028e-01  9.886380660496935e-01  1.199998831551112e+00  1.077995386499450e-07  1.550207854333362e+00 
 4.452636382391901e-08  1.200000000000000e+00  7.752373159108115e-01  7.300100034605599e-01  9.885476565208173e-01  1.199998834542263e+00  1.077995408000648e-07  1.550209026066806e+00 
 4.472636382391901e-08  1.200000000000000e+00  7.752349087419580e-01  7.300670278432619e-01  9.884591197678091e-01  1.199998837514895e+00  1.077995426592592e-07  1.550210212663656e+00 
 4.492636382391901e-08  1.200000000000000e+00  7.752325163366113e-01  7.301234843197605e-01  9.883724197984205e-01  1.199998840469122e+00  1.077995383350780e-07  1.550211413199737e+00 
 4.512636382391902e-08  1.200000000000000e+00  7.752301387582338e-01  7.301793854932740e-01  9.882875211314668e-01  1.199998843405196e+00  1.077995411136588e-07  1.550212626688593e+00 
 4.532636382391902e-08  1.200000000000000e+00  7.752277760633870e-01  7.302347435598734e-01  9.882043887975217e-01  1.199998846323257e+00  1.077995392621331e-07  1.550213852083700e+00 
 4.552636382391902e-08  1.200000000000000e+00  7.752254283017989e-01  7.302895703215431e-01  9.881229883357721e-01  1.199998849223538e+00  1.077995424945591e-07  1.550215088280876e+00 
 4.572636382391902e-08  1.200000000000000e+00  7.752230955162610e-01  7.303438771980478e-01  9.880432857942835e-01  1.199998852106071e+00  1.077995417141006e-07  1.550216334121005e+00 
 4.592636382391902e-08  1.200000000000000e+00  7.752207777426354e-01  7.303976752382304e-01  9.879652477279761e-01  1.199998854971189e+00  1.077995384773056e-07  1.550217588392929e+00 
 4.612636382391902e-08  1.200000000000000e+00  7.752184750098113e-01  7.304509751324095e-01  9.878888411979486e-01  1.199998857819027e+00  1.077995399349244e-07  1.550218849836628e+00 
 4.632636382391903e-08  1.200000000000000e+00  7.752161873396837e-01  7.305037872222331e-01  9.878140337678002e-01  1.199998860649500e+00  1.077995449457162e-07  1.550220117146516e+00 
 4.652636382391903e-08  1.200000000000000e+00  7.752139147471883e-01  7.305561215127543e-01  9.877407935037419e-01  1.199998863462890e+00  1.077995376805837e-07  1.550221388974953e+00 
 4.672636382391903e-08  1.200000000000000e+00  7.752116572401968e-01  7.306079876824205e-01  9.876690889707741e-01  1.199998866259480e+00  1.077995415022331e-07  1.550222663935852e+00 
 4.692636382391903e-08  1.200000000000000e+00  7.752094148196235e-01  7.306593950927414e-01  9.875988892307707e-01  1.199998869039358e+00  1.077995387824466e-07  1.550223940608493e+00 
 4.712636382391903e-08  1.200000000000000e+00  7.752071874793188e-01  7.307103527995675e-01  9.875301638399239e-01  1.199998871802678e+00  1.077995425003549e-07  1.550225217541409e+00 
 4.732636382391904e-08  1.200000000000000e+00  7.752049752061246e-01  7.307608695622463e-01  9.874628828468679e-01  1.199998874549538e+00  1.077995427878623e-07  1.550226493256338e+00 
 4.752636382391904e-08  1.200000000000000e+00  7.752027779799298e-01  7.308109538536259e-01  9.873970167881230e-01  1.199998877279997e+00  1.077995395869790e-07  1.550227766252266e+00 
 4.772636382391904e-08  1.200000000000000e+00  7.752005957735826e-01  7.308606138681032e-01  9.873325366867672e-01  1.199998879994550e+00  1.077995418684349e-07  1.550229035009574e+00 
 4.792636382391904e-08  1.200000000000000e+00  7.751984285530584e-01  7.309098575317508e-01  9.872694140475029e-01  1.199998882693026e+00  1.077995382713936e-07  1.550230297994125e+00 
 4.812636382391904e-08  1.200000000000000e+00  7.751962762774277e-01  7.309586925106203e-01  9.872076208549532e-01  1.199998885375410e+00  1.077995417979870e-07  1.550231553661430e+00 
 4.832636382391904e-08  1.200000000000000e+00  7.751941388989134e-01  7.310071262190534e-01  9.871471295693409e-01  1.199998888042382e+00  1.077995382528144e-07  1.550232800460787e+00 
 4.852636382391905e-08  1.200000000000000e+00  7.751920163629391e-01  7.310551658288961e-01  9.870879131235525e-01  1.199998890693721e+00  1.077995422773703e-07  1.550234036839406e+00 
 4.872636382391905e-08  1.200000000000000e+00  7.751899086082348e-01  7.311028182758780e-01  9.870299449189093e-01  1.199998893329430e+00  1.077995428948052e-07  1.550235261246529e+00 
 4.892636382391905e-08  1.200000000000000e+00  7.751878155669278e-01  7.311500902695416e-01  9.869731988215551e-01  1.199998895949925e+00  1.077995402112686e-07  1.550236472137415e+00 
 4.912636382391905e-08  1.200000000000000e+00  7.751857371645785e-01  7.311969882988553e-01  9.869176491589466e-01  1.199998898555308e+00  1.077995362383274e-07  1.550237667977335e+00 
 4.932636382391905e-08  1.200000000000000e+00  7.751836733203643e-01  7.312435186411075e-01  9.868632707159554e-01  1.199998901145421e+00  1.077995407854283e-07  1.550238847245464e+00 
 4.952636382391906e-08  1.200000000000000e+00  7.751816239471295e-01  7.312896873681323e-01  9.868100387295191e-01  1.199998903720813e+00  1.077995427503782e-07  1.550240008438674e+00 
 4.972636382391906e-08  1.200000000000000e+00  7.751795889378020e-01  7.313355003597896e-01  9.867579288715429e-01  1.199998906293769e+00  1.077995403346375e-07  1.550241150075229e+00 
 4.992636382391906e-08  1.200000000000000e+00  7.751775682016355e-01  7.313809632945211e-01  9.867069172838715e-01  1.199998908842345e+00  1.077995404650707e-07  1.550242270698238e+00 
 5.012636382391906e-08  1.200000000000000e+00  7.751755616374971e-01  7.314260816682590e-01  9.866569805422807e-01  1.199998911373385e+00  1.077995429831037e-07  1.550243368879099e+00 
 5.032636382391906e-08  1.200000000000000e+00  7.751735691355999e-01  7.314708607998333e-01  9.866080956543977e-01  1.199998913890158e+00  1.077995374423703e-07  1.550244443221006e+00 
 5.052636382391906e-08  1.200000000000000e+00  7.751715905796244e-01  7.315153058366428e-01  9.865602400592574e-01  1.199998916392639e+00  1.077995402498959e-07  1.550245492362062e+00 
 5.072636382391907e-08  1.200000000000000e+00  7.751696258476029e-01  7.315594217600651e-01  9.865133916225819e-01  1.199998918881031e+00  1.077995414648480e-07  1.550246514978262e+00 
 5.092636382391907e-08  1.200000000000000e+00  7.751676748122684e-01  7.316032133910229e-01  9.864675286322914e-01  1.199998921355112e+00  1.077995392027015e-07  1.550247509786266e+00 
 5.112636382391907e-08  1.200000000000000e+00  7.751657373413059e-01  7.316466853963044e-01  9.864226297941213e-01  1.199998923815480e+00  1.077995430004887e-07  1.550248475546046e+00 
 5.132636382391907e-08  1.200000000000000e+00  7.751638132975035e-01  7.316898422937280e-01  9.863786742261629e-01  1.199998926261890e+00  1.077995401295662e-07  1.550249411063341e+00 
 5.152636382391907e-08  1.200000000000000e+00  7.751619025390570e-01  7.317326884569900e-01  9.863356414547323e-01  1.199998928695007e+00  1.077995399879100e-07  1.550250315191948e+00 
 5.172636382391908e-08  1.200000000000000e+00  7.751600049197315e-01  7.317752281220148e-01  9.862935114104010e-01  1.199998931113954e+00  1.077995420009422e-07  1.550251186835864e+00 
 5.192636382391908e-08  1.200000000000000e+00  7.751581202890352e-01  7.318174653908350e-01  9.862522644204602e-01  1.199998933519671e+00  1.077995376687917e-07  1.550252024951206e+00 
 5.212636382391908e-08  1.200000000000000e+00  7.751562484925032e-01  7.318594042370359e-01  9.862118812067918e-01  1.199998935912124e+00  1.077995405826754e-07  1.550252828547936e+00 
 5.232636382391908e-08  1.200000000000000e+00  7.751543893719384e-01  7.319010485106627e-01  9.861723428789526e-01  1.199998938291416e+00  1.077995424029249e-07  1.550253596691448e+00 
 5.252636382391908e-08  1.200000000000000e+00  7.751525427655610e-01  7.319424019421400e-01  9.861336309297734e-01  1.199998940657385e+00  1.077995413048895e-07  1.550254328503937e+00 
 5.272636382391908e-08  1.200000000000000e+00  7.751507085083117e-01  7.319834681477243e-01  9.860957272301526e-01  1.199998943010297e+00  1.077995402926574e-07  1.550255023165556e+00 
 5.292636382391909e-08  1.200000000000000e+00  7.751488864320754e-01  7.320242506323791e-01  9.860586140244616e-01  1.199998945350417e+00  1.077995411045949e-07  1.550255679915423e+00 
 5.312636382391909e-08  1.200000000000000e+00  7.751470763659030e-01  7.320647527953724e-01  9.860222739241533e-01  1.199998947677481e+00  1.077995383843285e-07  1.550256298052414e+00 
 5.332636382391909e-08  1.200000000000000e+00  7.751452781362502e-01  7.321049779342467e-01  9.859866899038302e-01  1.199998949991926e+00  1.077995446663639e-07  1.550256876935786e+00 
 5.352636382391909e-08  1.200000000000000e+00  7.751434915672429e-01  7.321449292473551e-01  9.859518452949108e-01  1.199998952293960e+00  1.077995394273974e-07  1.550257415985623e+00 
 5.372636382391909e-08  1.200000000000000e+00  7.751417164809038e-01  7.321846098392432e-01  9.859177237814158e-01  1.199998954583010e+00  1.077995396163501e-07  1.550257914683097e+00 
 5.392636382391909e-08  1.200000000000000e+00  7.751399526973953e-01  7.322240227228910e-01  9.858843093942240e-01  1.199998956860022e+00  1.077995389310254e-07  1.550258372570553e+00 
 5.412636382391910e-08  1.200000000000000e+00  7.751382000353075e-01  7.322631708245161e-01  9.858515865050579e-01  1.199998959124912e+00  1.077995450103310e-07  1.550258789251427e+00 
 5.432636382391910e-08  1.200000000000000e+00  7.751364583117856e-01  7.323020569867471e-01  9.858195398226343e-01  1.199998961377231e+00  1.077995380372378e-07  1.550259164390005e+00 
 5.452636382391910e-08  1.200000000000000e+00  7.751347273429035e-01  7.323406839710913e-01  9.857881543857111e-01  1.199998963617773e+00  1.077995419752139e-07  1.550259497711050e+00 
 5.472636382391910e-08  1.200000000000000e+00  7.751330069438173e-01  7.323790544621730e-01  9.857574155582761e-01  1.199998965846405e+00  1.077995381020443e-07  1.550259788999233e+00 
 5.492636382391910e-08  1.200000000000000e+00  7.751312969290119e-01  7.324171710700847e-01  9.857273090244226e-01  1.199998968062855e+00  1.077995410472156e-07  1.550260038098458e+00 
 5.512636382391911e-08  1.200000000000000e+00  7.751295971125709e-01  7.324550363339286e-01  9.856978207829588e-01  1.199998970267288e+00  1.077995408899744e-07  1.550260244910990e+00 
 5.532636382391911e-08  1.200000000000000e+00  7.751279073083647e-01  7.324926527244947e-01  9.856689371428062e-01  1.199998972460415e+00  1.077995408086338e-07  1.550260409396556e+00 
 5.552636382391911e-08  1.200000000000000e+00  7.751262273302906e-01  7.325300226468721e-01  9.856406447153370e-01  1.199998974641781e+00  1.077995409496855e-07  1.550260531571236e+00 
 5.572636382391911e-08  1.200000000000000e+00  7.751245569924580e-01  7.325671484431473e-01  9.856129304116198e-01  1.199998976811546e+00  1.077995384472734e-07  1.550260611506277e+00 
 5.592636382391911e-08  1.200000000000000e+00  7.751228961094737e-01  7.326040323953109e-01  9.855857814352001e-01  1.199998978969992e+00  1.077995451230935e-07  1.550260649326748e+00 
 5.612636382391911e-08  1.200000000000000e+00  7.751212444965726e-01  7.326406767273929e-01  9.855591852778541e-01  1.199998981117006e+00  1.077995353075902e-07  1.550260645210178e+00 
 5.632636382391912e-08  1.200000000000000e+00  7.751196019698720e-01  7.326770836084275e-01  9.855331297131975e-01  1.199998983252751e+00  1.077995419725258e-07  1.550260599385036e+00 
 5.652636382391912e-08  1.200000000000000e+00  7.751179683465574e-01  7.327132551537326e-01  9.855076027929568e-01  1.199998985377163e+00  1.077995417860007e-07  1.550260512129136e+00 
 5.672636382391912e-08  1.200000000000000e+00  7.751163434450543e-01  7.327491934285554e-01  9.854825928396427e-01  1.199998987490556e+00  1.077995403604370e-07  1.550260383768000e+00 
 5.692636382391912e-08  1.200000000000000e+00  7.751147270852488e-01  7.327849004491992e-01  9.854580884428623e-01  1.199998989593005e+00  1.077995384191541e-07  1.550260214673090e+00 
 5.712636382391912e-08  1.200000000000000e+00  7.751131190886154e-01  7.328203781851806e-01  9.854340784536170e-01  1.199998991684496e+00  1.077995445212267e-07  1.550260005260036e+00 
 5.732636382391913e-08  1.200000000000000e+00  7.751115192784100e-01  7.328556285617456e-01  9.854105519787559e-01  1.199998993765385e+00  1.077995396310436e-07  1.550259755986787e+00 
 5.752636382391913e-08  1.200000000000000e+00  7.751099274798426e-01  7.328906534609321e-01  9.853874983762805e-01  1.199998995835395e+00  1.077995398922367e-07  1.550259467351701e+00 
 5.772636382391913e-08  1.200000000000000e+00  7.751083435201992e-01  7.329254547241798e-01  9.853649072495292e-01  1.199998997894537e+00  1.077995397200141e-07  1.550259139891617e+00 
 5.792636382391913e-08  1.200000000000000e+00  7.751067672290582e-01  7.329600341540479e-01  9.853427684431627e-01  1.199998999943124e+00  1.077995440250354e-07  1.550258774179885e+00 
 5.812636382391913e-08  1.200000000000000e+00  7.751051984383391e-01  7.329943935149220e-01  9.853210720369084e-01  1.199999001981542e+00  1.077995359604071e-07  1.550258370824344e+00 
 5.832636382391913e-08  1.200000000000000e+00  7.751036369825165e-01  7.330285345361300e-01  9.852998083412660e-01  1.199999004009112e+00  1.077995404219798e-07  1.550257930465335e+00 
 5.852636382391914e-08  1.200000000000000e+00  7.751020826986720e-01  7.330624589125304e-01  9.852789678923594e-01  1.199999006026667e+00  1.077995415648479e-07  1.550257453773689e+00 
 5.872636382391914e-08  1.200000000000000e+00  7.751005354266659e-01  7.330961683057818e-01  9.852585414469054e-01  1.199999008033625e+00  1.077995419829351e-07  1.550256941448658e+00 
 5.892636382391914e-08  1.200000000000000e+00  7.750989950092143e-01  7.331296643466979e-01  9.852385199775463e-01  1.199999010030741e+00  1.077995407371815e-07  1.550256394215916e+00 
 5.912636382391914e-08  1.200000000000000e+00  7.750974612919864e-01  7.331629486359009e-01  9.852188946678625e-01  1.199999012017681e+00  1.077995416296881e-07  1.550255812825494e+00 
 5.932636382391914e-08  1.200000000000000e+00  7.750959341237252e-01  7.331960227451811e-01  9.851996569079198e-01  1.199999013994426e+00  1.077995374043436e-07  1.550255198049812e+00 
 5.952636382391914e-08  1.200000000000000e+00  7.750944133563163e-01  7.332288882189297e-01  9.851807982882632e-01  1.199999015961495e+00  1.077995396371195e-07  1.550254550681659e+00 
 5.972636382391915e-08  1.200000000000000e+00  7.750928988448283e-01  7.332615465751902e-01  9.851623105977699e-01  1.199999017918531e+00  1.077995459471127e-07  1.550253871532239e+00 
 5.992636382391915e-08  1.200000000000000e+00  7.750913904476301e-01  7.332939993074843e-01  9.851441858167008e-01  1.199999019865781e+00  1.077995370893082e-07  1.550253161429205e+00 
 6.012636382391915e-08  1.200000000000000e+00  7.750898880264466e-01  7.333262478842490e-01  9.851264161136067e-01  1.199999021803099e+00  1.077995435253479e-07  1.550252421214768e+00 
 6.032636382391915e-08  1.200000000000000e+00  7.750883914463900e-01  7.333582937509817e-01  9.851089938401788e-01  1.199999023730876e+00  1.077995383629690e-07  1.550251651743802e+00 
 6.052636382391915e-08  1.200000000000000e+00  7.750869005760355e-01  7.333901383318042e-01  9.850919115275859e-01  1.199999025649075e+00  1.077995394178401e-07  1.550250853882032e+00 
 6.072636382391916e-08  1.200000000000000e+00  7.750854152874294e-01  7.334217830295696e-01  9.850751618809537e-01  1.199999027557847e+00  1.077995405502124e-07  1.550250028504220e+00 
 6.092636382391916e-08  1.200000000000000e+00  7.750839354561315e-01  7.334532292263602e-01  9.850587377766534e-01  1.199999029457159e+00  1.077995394651602e-07  1.550249176492424e+00 
 6.112636382391916e-08  1.200000000000000e+00  7.750824609612218e-01  7.334844782853567e-01  9.850426322564507e-01  1.199999031347012e+00  1.077995434708454e-07  1.550248298734340e+00 
 6.132636382391916e-08  1.200000000000000e+00  7.750809916853579e-01  7.335155315508011e-01  9.850268385253493e-01  1.199999033227450e+00  1.077995377374610e-07  1.550247396121639e+00 
 6.152636382391916e-08  1.200000000000000e+00  7.750795275147800e-01  7.335463903489359e-01  9.850113499455927e-01  1.199999035098941e+00  1.077995414862844e-07  1.550246469548342e+00 
 6.172636382391916e-08  1.200000000000000e+00  7.750780683392832e-01  7.335770559891694e-01  9.849961600351583e-01  1.199999036960911e+00  1.077995443731416e-07  1.550245519909380e+00 
 6.192636382391917e-08  1.200000000000000e+00  7.750766140522476e-01  7.336075297642943e-01  9.849812624607984e-01  1.199999038814072e+00  1.077995377993664e-07  1.550244548099047e+00 
 6.212636382391917e-08  1.200000000000000e+00  7.750751645506331e-01  7.336378129516657e-01  9.849666510372569e-01  1.199999040658085e+00  1.077995389725454e-07  1.550243555009642e+00 
 6.232636382391917e-08  1.200000000000000e+00  7.750737197349494e-01  7.336679068133084e-01  9.849523197211774e-01  1.199999042493078e+00  1.077995419580574e-07  1.550242541530132e+00 
 6.252636382391917e-08  1.200000000000000e+00  7.750722795092326e-01  7.336978125959905e-01  9.849382626094104e-01  1.199999044319292e+00  1.077995432320867e-07  1.550241508544829e+00 
 6.272636382391917e-08  1.200000000000000e+00  7.750708437810652e-01  7.337275315331830e-01  9.849244739341194e-01  1.199999046136483e+00  1.077995381063303e-07  1.550240456932210e+00 
 6.292636382391918e-08  1.200000000000000e+00  7.750694124615144e-01  7.337570648446083e-01  9.849109480602336e-01  1.199999047944985e+00  1.077995420318951e-07  1.550239387563763e+00 
 6.312636382391918e-08  1.200000000000000e+00  7.750679854650928e-01  7.337864137363969e-01  9.848976794812627e-01  1.199999049744915e+00  1.077995380169580e-07  1.550238301302903e+00 
 6.332636382391918e-08  1.200000000000000e+00  7.750665627097587e-01  7.338155794025454e-01  9.848846628162848e-01  1.199999051536089e+00  1.077995408863762e-07  1.550237199003948e+00 
 6.352636382391918e-08  1.200000000000000e+00  7.750651441168571e-01  7.338445630249298e-01  9.848718928074250e-01  1.199999053318439e+00  1.077995398915634e-07  1.550236081511159e+00 
 6.372636382391918e-08  1.200000000000000e+00  7.750637296110586e-01  7.338733657737102e-01  9.848593643148075e-01  1.199999055092635e+00  1.077995413868838e-07  1.550234949657880e+00 
 6.392636382391918e-08  1.200000000000000e+00  7.750623191203460e-01  7.339019888075599e-01  9.848470723157485e-01  1.199999056858162e+00  1.077995389962836e-07  1.550233804265694e+00 
 6.412636382391919e-08  1.200000000000000e+00  7.750609125759185e-01  7.339304332737896e-01  9.848350119002492e-01  1.199999058615206e+00  1.077995430603056e-07  1.550232646143654e+00 
 6.432636382391919e-08  1.200000000000000e+00  7.750595099122207e-01  7.339587003090554e-01  9.848231782690763e-01  1.199999060364065e+00  1.077995397670701e-07  1.550231476087611e+00 
 6.452636382391919e-08  1.200000000000000e+00  7.750581110668071e-01  7.339867910402379e-01  9.848115667302801e-01  1.199999062104562e+00  1.077995398608082e-07  1.550230294879542e+00 
 6.472636382391919e-08  1.200000000000000e+00  7.750567159803171e-01  7.340147065836721e-01  9.848001726959095e-01  1.199999063836987e+00  1.077995417946951e-07  1.550229103287029e+00 
 6.492636382391919e-08  1.200000000000000e+00  7.750553245964010e-01  7.340424480458903e-01  9.847889916803282e-01  1.199999065560950e+00  1.077995401109251e-07  1.550227902062709e+00 
 6.512636382391920e-08  1.200000000000000e+00  7.750539368616676e-01  7.340700165240738e-01  9.847780192975201e-01  1.199999067277088e+00  1.077995394841695e-07  1.550226691943827e+00 
 6.532636382391920e-08  1.200000000000000e+00  7.750525527256238e-01  7.340974131060712e-01  9.847672512573161e-01  1.199999068984937e+00  1.077995436852314e-07  1.550225473651824e+00 
 6.552636382391920e-08  1.200000000000000e+00  7.750511721406019e-01  7.341246388706338e-01  9.847566833651408e-01  1.199999070684857e+00  1.077995409694586e-07  1.550224247891979e+00 
 6.572636382391920e-08  1.200000000000000e+00  7.750497950616649e-01  7.341516948876662e-01  9.847463115173314e-01  1.199999072376738e+00  1.077995394954087e-07  1.550223015353145e+00 
 6.592636382391920e-08  1.200000000000000e+00  7.750484214465987e-01  7.341785822187901e-01  9.847361316995837e-01  1.199999074060927e+00  1.077995390336161e-07  1.550221776707480e+00 
 6.612636382391920e-08  1.200000000000000e+00  7.750470512557868e-01  7.342053019167291e-01  9.847261399853320e-01  1.199999075737284e+00  1.077995421954509e-07  1.550220532610283e+00 
 6.632636382391921e-08  1.200000000000000e+00  7.750456844521956e-01  7.342318550258766e-01  9.847163325334197e-01  1.199999077405730e+00  1.077995432420405e-07  1.550219283699826e+00 
 6.652636382391921e-08  1.200000000000000e+00  7.750443210012570e-01  7.342582425829247e-01  9.847067055843383e-01  1.199999079066657e+00  1.077995380386669e-07  1.550218030597242e+00 
 6.672636382391921e-08  1.200000000000000e+00  7.750429608707677e-01  7.342844656165177e-01  9.846972554602836e-01  1.199999080719679e+00  1.077995420472403e-07  1.550216773906491e+00 
 6.692636382391921e-08  1.200000000000000e+00  7.750416040308855e-01  7.343105251472355e-01  9.846879785621216e-01  1.199999082365326e+00  1.077995400247755e-07  1.550215514214317e+00 
 6.712636382391921e-08  1.200000000000000e+00  7.750402504540553e-01  7.343364221883160e-01  9.846788713672380e-01  1.199999084003208e+00  1.077995371145637e-07  1.550214252090276e+00 
 6.732636382391921e-08  1.200000000000000e+00  7.750389001148830e-01  7.343621577456420e-01  9.846699304284338e-01  1.199999085633657e+00  1.077995415740539e-07  1.550212988086812e+00 
 6.752636382391922e-08  1.200000000000000e+00  7.750375529901100e-01  7.343877328174476e-01  9.846611523709921e-01  1.199999087256792e+00  1.077995405648210e-07  1.550211722739295e+00 
 6.772636382391922e-08  1.200000000000000e+00  7.750362090585247e-01  7.344131483946299e-01  9.846525338920001e-01  1.199999088872242e+00  1.077995401034369e-07  1.550210456566203e+00 
 6.792636382391922e-08  1.200000000000000e+00  7.750348683008845e-01  7.344384054611881e-01  9.846440717574342e-01  1.199999090480319e+00  1.077995426417391e-07  1.550209190069223e+00 
 6.812636382391922e-08  1.200000000000000e+00  7.750335306998636e-01  7.344635049934483e-01  9.846357628018449e-01  1.199999092081362e+00  1.077995412973948e-07  1.550207923733467e+00 
 6.832636382391922e-08  1.200000000000000e+00  7.750321962399525e-01  7.344884479614551e-01  9.846276039258384e-01  1.199999093674926e+00  1.077995380068592e-07  1.550206658027660e+00 
 6.852636382391923e-08  1.200000000000000e+00  7.750308649074601e-01  7.345132353280949e-01  9.846195920947740e-01  1.199999095261152e+00  1.077995445758861e-07  1.550205393404377e+00 
 6.872636382391923e-08  1.200000000000000e+00  7.750295366903294e-01  7.345378680492216e-01  9.846117243375373e-01  1.199999096840560e+00  1.077995370421905e-07  1.550204130300280e+00 
 6.892636382391923e-08  1.200000000000000e+00  7.750282115781927e-01  7.345623470743153e-01  9.846039977442280e-01  1.199999098412780e+00  1.077995398513358e-07  1.550202869136405e+00 
 6.912636382391923e-08  1.200000000000000e+00  7.750268895622554e-01  7.345866733463290e-01  9.845964094648557e-01  1.199999099977627e+00  1.077995406449065e-07  1.550201610318422e+00 
 6.932636382391923e-08  1.200000000000000e+00  7.750255706351790e-01  7.346108478010630e-01  9.845889567089473e-01  1.199999101535769e+00  1.077995429412550e-07  1.550200354236973e+00 
 6.952636382391923e-08  1.200000000000000e+00  7.750242547911332e-01  7.346348713681994e-01  9.845816367434260e-01  1.199999103086933e+00  1.077995396122801e-07  1.550199101267981e+00 
 6.972636382391924e-08  1.200000000000000e+00  7.750229420256252e-01  7.346587449712811e-01  9.845744468912380e-01  1.199999104631041e+00  1.077995389665910e-07  1.550197851772936e+00 
 6.992636382391924e-08  1.200000000000000e+00  7.750216323354934e-01  7.346824695270883e-01  9.845673845309024e-01  1.199999106168567e+00  1.077995431948001e-07  1.550196606099292e+00 
 7.006318191195962e-08  1.200000000000000e+00  7.750207381605583e-01  7.346986138194505e-01  9.845626255264558e-01  1.199999107213543e+00  1.077995424650314e-07  1.550195756296432e+00 
 7.020000000000001e-08  1.200000000000000e+00  7.750198454236761e-01  7.347146890456105e-01  9.845579242587091e-01  1.199999108257388e+00  1.077995370427755e-07  1.550194908533028e+00 
 7.020018724959301e-08  1.198876502441971e+00  7.750164217505003e-01  7.347113039945592e-01  9.845578557852356e-01  1.199995337470753e+00 -1.939792985961031e-09  1.550194907374169e+00 
 7.020056174877902e-08  1.196629507325911e+00  7.750072996381308e-01  7.347023069645220e-01  9.845576835660181e-01  1.199985716599638e+00 -2.915035590394383e-07  1.550194905056462e+00 
 7.020111683632665e-08  1.193298982040114e+00  7.749923587700663e-01  7.346877206310757e-01  9.845573997981498e-01  1.199972277706504e+00 -6.685103847558355e-07  1.550194901621157e+00 
 7.020174226296086e-08  1.189546422234869e+00  7.749763226440427e-01  7.346723013413837e-01  9.845570844268960e-01  1.199960851840618e+00 -9.003942286738703e-07  1.550194897750586e+00 
 7.020268194452149e-08  1.183908332871076e+00  7.749547554397722e-01  7.346519277633533e-01  9.845566419433013e-01  1.199949904545407e+00 -9.415804727869875e-07  1.550194891935271e+00 
 7.020425579600899e-08  1.174465223946104e+00  7.749234182311552e-01  7.346228435054849e-01  9.845559688642487e-01  1.199941793601120e+00 -6.540943825626352e-07  1.550194882195567e+00 
 7.020666520212967e-08  1.160008787222002e+00  7.748829385428608e-01  7.345857536408855e-01  9.845550580651156e-01  1.199942053040081e+00 -9.268349943428178e-08  1.550194867285640e+00 
 7.020953709681987e-08  1.142777419080827e+00  7.748429103916999e-01  7.345493037965503e-01  9.845541146500023e-01  1.199950652636025e+00  3.579656248572927e-07  1.550194849514624e+00 
 7.021412204883820e-08  1.115267706970834e+00  7.747917430461040e-01  7.345028020358195e-01  9.845528351647016e-01  1.199967327373054e+00  5.795678975914834e-07  1.550194821145083e+00 
 7.022080628682945e-08  1.075162279023369e+00  7.747360657638165e-01  7.344522771467896e-01  9.845512986334315e-01  1.199986797566694e+00  4.555629320088499e-07  1.550194779788992e+00 
 7.023186331395440e-08  1.008820116273646e+00  7.746714029199281e-01  7.343935224669687e-01  9.845492149192390e-01  1.200004542471816e+00  1.699411305010638e-07  1.550194711375821e+00 
 7.024245516026772e-08  9.452690383936992e-01  7.746251848810807e-01  7.343510333824191e-01  9.845474779971365e-01  1.200010496812648e+00  4.849363774807932e-08  1.550194645819770e+00 
 7.025784644353535e-08  8.529213387879615e-01  7.745648021627609e-01  7.342936034253392e-01  9.845451217402535e-01  1.200011453544057e+00  4.443189207417554e-08  1.550194550448479e+00 
 7.026662037762051e-08  8.002777342769756e-01  7.745361601109976e-01  7.342645494968734e-01  9.845439772820207e-01  1.200011753578687e+00  9.739484750420288e-08  1.550194495988635e+00 
 7.027540479955411e-08  7.475712026753663e-01  7.745272119501957e-01  7.342511113667972e-01  9.845433854150427e-01  1.200018271004036e+00  1.917607106776895e-07  1.550194441358046e+00 
 7.028548321415439e-08  6.871007150737038e-01  7.745774126801349e-01  7.342858068761993e-01  9.845442546492105e-01  1.200037982802743e+00  3.054091757053942e-07  1.550194378493135e+00 
 7.029496716837328e-08  6.301969897603400e-01  7.747260245015151e-01  7.344051818190658e-01  9.845475235925878e-01  1.200065519594961e+00  3.766369435822528e-07  1.550194319092835e+00 
 7.030441330764853e-08  5.735201541088676e-01  7.750236550166908e-01  7.346568264101444e-01  9.845541583203394e-01  1.200096682272913e+00  4.087551266612061e-07  1.550194259627462e+00 
 7.031224391515844e-08  5.265365090493997e-01  7.754281722426858e-01  7.350098937993599e-01  9.845629450524985e-01  1.200124224631801e+00  4.195068712001607e-07  1.550194210057177e+00 
 7.031896448554495e-08  4.862130867303666e-01  7.759272543393289e-01  7.354553859903651e-01  9.845733826800307e-01  1.200150086636687e+00  4.237882887132144e-07  1.550194167284964e+00 
 7.032528570767042e-08  4.482857539775066e-01  7.765597396056052e-01  7.360298976069476e-01  9.845860555963932e-01  1.200178097364301e+00  4.237148043817474e-07  1.550194126841339e+00 
 7.033255367641370e-08  4.046779415178230e-01  7.775252368240562e-01  7.369199755255407e-01  9.846045053078984e-01  1.200217401530275e+00  4.128362806801039e-07  1.550194080068858e+00 
 7.033928152871289e-08  3.643108277227050e-01  7.786694544855176e-01  7.379856841379585e-01  9.846255483650745e-01  1.200262987801425e+00  3.855835803605670e-07  1.550194036511811e+00 
 7.034436730999194e-08  3.337961400484261e-01  7.796971973165234e-01  7.389480634644936e-01  9.846440616693124e-01  1.200305047658984e+00  3.551605456981067e-07  1.550194003426133e+00 
 7.034982185870493e-08  3.010688477704432e-01  7.809547689020611e-01  7.401291123577510e-01  9.846664820141607e-01  1.200359452695073e+00  3.328747656078466e-07  1.550193967805401e+00 
 7.035578359059432e-08  2.652984564341005e-01  7.825095854637463e-01  7.415921410760198e-01  9.846941068740761e-01  1.200432486099810e+00  3.299337651481871e-07  1.550193928747663e+00 
 7.036261382311763e-08  2.243170612942854e-01  7.845080048206292e-01  7.434757327563077e-01  9.847298502235686e-01  1.200524786735655e+00  3.443847700031807e-07  1.550193883921848e+00 
 7.036712965370550e-08  1.972220777670335e-01  7.859417702470455e-01  7.448298244475079e-01  9.847558886902468e-01  1.200552036073876e+00  3.583678221978290e-07  1.550193854289204e+00 
 7.037055585845867e-08  1.766648492480212e-01  7.870774054622587e-01  7.459051311710697e-01  9.847769070742579e-01  1.200507559041564e+00  3.694502505582550e-07  1.550193831839518e+00 
 7.037400552997080e-08  1.559668201752165e-01  7.882487021484821e-01  7.470201748661487e-01  9.847991416552474e-01  1.200346744251584e+00  3.804391035277556e-07  1.550193809295609e+00 
 7.037744621438678e-08  1.353227136793758e-01  7.894280156430658e-01  7.481572263488502e-01  9.848223464768754e-01  1.199980385746392e+00  3.908839518868001e-07  1.550193786902430e+00 
 7.038031105208017e-08  1.181336875190375e-01  7.904043620752582e-01  7.491198119861890e-01  9.848424106456359e-01  1.199420510414166e+00  3.992098536491004e-07  1.550193768351565e+00 
 7.038284235248553e-08  1.029458850868414e-01  7.912526020488226e-01  7.499802794240165e-01  9.848606725186559e-01  1.198639754764066e+00  4.074269937363872e-07  1.550193752051264e+00 
 7.038524520247877e-08  8.852878512740481e-02  7.920384623004111e-01  7.508030938687872e-01  9.848784562525845e-01  1.197562358060562e+00  4.176645990805819e-07  1.550193736674197e+00 
 7.038769982891548e-08  7.380102650714160e-02  7.928176705931457e-01  7.516455808605372e-01  9.848970723581367e-01  1.196035964181158e+00  4.320798858634123e-07  1.550193721080968e+00 
 7.039045806147435e-08  5.725163115395970e-02  7.936635767401642e-01  7.525862969898774e-01  9.849185482570131e-01  1.193758199430421e+00  4.539314613890080e-07  1.550193703723446e+00 
 7.039341363339415e-08  3.951819963511105e-02  7.945395597385914e-01  7.535718318959680e-01  9.849422586488034e-01  1.190667461246530e+00  4.841233418378596e-07  1.550193685351326e+00 
 7.039608683091290e-08  2.347901452262402e-02  7.953130514522857e-01  7.544272992358286e-01  9.849643799081698e-01  1.187304696833532e+00  5.170249970263760e-07  1.550193668968641e+00 
 7.039804341545646e-08  1.173950726130668e-02  7.958723319046405e-01  7.550264085933313e-01  9.849810043529448e-01  1.184573508508762e+00  5.431904102478832e-07  1.550193657136052e+00 
 7.040000000000001e-08  0.000000000000000e+00  7.964270885364871e-01  7.556028786427456e-01  9.849980030141197e-01  1.182038680956741e+00  5.682888335979339e-07  1.550193645453431e+00 
 7.040019678416287e-08  0.000000000000000e+00  7.964865132504588e-01  7.556635629363049e-01  9.849998144120455e-01  1.181813684070502e+00  7.145617580937846e-07  1.550193644287672e+00 
 7.040059035248858e-08  0.000000000000000e+00  7.966067898433112e-01  7.557859148620815e-01  9.850034565112309e-01  1.181393916939819e+00  1.028354233817766e-06  1.550193641960244e+00 
 7.040097951303336e-08  0.000000000000000e+00  7.967258691412452e-01  7.559064700809802e-01  9.850070552953747e-01  1.181023434833766e+00  1.230819639912867e-06  1.550193639665210e+00 
 7.040149171416419e-08  0.000000000000000e+00  7.968816001925519e-01  7.560633740143322e-01  9.850117686894502e-01  1.180615501857381e+00  1.284706833071941e-06  1.550193636654846e+00 
 7.040218997875657e-08  0.000000000000000e+00  7.970917425454007e-01  7.562739015953437e-01  9.850181470412830e-01  1.180240397997456e+00  1.081238890770012e-06  1.550193632570501e+00 
 7.040358650794134e-08  0.000000000000000e+00  7.975048236128981e-01  7.566843993713646e-01  9.850307533731930e-01  1.180289353005065e+00  2.959450243651685e-07  1.550193624472976e+00 
 7.040474124193519e-08  0.000000000000000e+00  7.978393754984860e-01  7.570142853111076e-01  9.850410363817610e-01  1.181165059018189e+00 -4.304628827694890e-07  1.550193617852263e+00 
 7.040578904994142e-08  0.000000000000000e+00  7.981377057251712e-01  7.573069817977781e-01  9.850502650612289e-01  1.182537912466782e+00 -1.004887516038722e-06  1.550193611906041e+00 
 7.040689309323558e-08  0.000000000000000e+00  7.984469544831675e-01  7.576092524358213e-01  9.850598915445059e-01  1.184482345990687e+00 -1.462806536357483e-06  1.550193605707034e+00 
 7.040809195811055e-08  0.000000000000000e+00  7.987771815603324e-01  7.579310172679737e-01  9.850702392082272e-01  1.187016205163018e+00 -1.785843239647186e-06  1.550193599056559e+00 
 7.040938872869874e-08  0.000000000000000e+00  7.991281131996718e-01  7.582720424024902e-01  9.850813155470731e-01  1.189999260598892e+00 -1.962752001096260e-06  1.550193591962693e+00 
 7.041099819273933e-08  0.000000000000000e+00  7.995547475082362e-01  7.586855984381059e-01  9.850949030626754e-01  1.193619311268993e+00 -1.999848878709437e-06  1.550193583310991e+00 
 7.041276699009681e-08  0.000000000000000e+00  8.000120541706847e-01  7.591278089916887e-01  9.851096382994061e-01  1.197064202023140e+00 -1.887705261970248e-06  1.550193574010266e+00 
 7.041451993418085e-08  0.000000000000000e+00  8.004529926929101e-01  7.595532365551854e-01  9.851240404638336e-01  1.199711173292953e+00 -1.684699325214985e-06  1.550193565021140e+00 
 7.041610468965847e-08  0.000000000000000e+00  8.008408432755508e-01  7.599266999826078e-01  9.851368881935323e-01  1.201431795852267e+00 -1.462316021132691e-06  1.550193557102188e+00 
 7.041785563557352e-08  0.000000000000000e+00  8.012572007315336e-01  7.603268340917081e-01  9.851508887796391e-01  1.202695966628006e+00 -1.205595518692301e-06  1.550193548597322e+00 
 7.041965808591467e-08  0.000000000000000e+00  8.016722327371786e-01  7.607248667742820e-01  9.851650793150968e-01  1.203464242485732e+00 -9.499851946264889e-07  1.550193540127426e+00 
 7.042180537662641e-08  0.000000000000000e+00  8.021483824959882e-01  7.611804394999881e-01  9.851816696755595e-01  1.203905456971172e+00 -6.738569513723563e-07  1.550193530441605e+00 
 7.042419265223881e-08  0.000000000000000e+00  8.026539961836655e-01  7.616628531951621e-01  9.851996683270466e-01  1.204027399839640e+00 -4.133090497982286e-07  1.550193520228323e+00 
 7.042710203342023e-08  0.000000000000000e+00  8.032357330368211e-01  7.622160189106971e-01  9.852208620366705e-01  1.203904358544116e+00 -1.654640733152538e-07  1.550193508640817e+00 
 7.043047655803592e-08  0.000000000000000e+00  8.038622733664208e-01  7.628093273748248e-01  9.852441862004762e-01  1.203602181124551e+00  3.187667712515468e-08  1.550193496498797e+00 
 7.043462945328954e-08  0.000000000000000e+00  8.045616101122596e-01  7.634683699881974e-01  9.852704316130467e-01  1.203171619257120e+00  1.611659891840277e-07  1.550193483690671e+00 
 7.043901588524144e-08  0.000000000000000e+00  8.052148636236534e-01  7.640810972324794e-01  9.852941171681363e-01  1.202735115142982e+00  1.855439750331894e-07  1.550193473026975e+00 
 7.044426013684755e-08  0.000000000000000e+00  8.058839803356819e-01  7.647072090581225e-01  9.853146457946876e-01  1.202279071722883e+00  1.065230730546395e-07  1.550193464677170e+00 
 7.045002654719373e-08  0.000000000000000e+00  8.064866589552376e-01  7.652739371250927e-01  9.853234659830162e-01  1.201862291698549e+00 -5.865334358283979e-08  1.550193461822574e+00 
 7.045604730283615e-08  0.000000000000000e+00  8.069788679479190e-01  7.657471043503211e-01  9.853121095522925e-01  1.201507910821949e+00 -2.425117394382753e-07  1.550193466950415e+00 
 7.046270721612970e-08  0.000000000000000e+00  8.073769449013903e-01  7.661534132383785e-01  9.852684773584141e-01  1.201193004965777e+00 -3.772903027221552e-07  1.550193483749980e+00 
 7.046882100853790e-08  0.000000000000000e+00  8.076215945447111e-01  7.664383590836799e-01  9.851945757414727e-01  1.200961531205587e+00 -4.146839506413615e-07  1.550193510860058e+00 
 7.047557405737080e-08  0.000000000000000e+00  8.077737396586184e-01  7.666770379470108e-01  9.850700995230010e-01  1.200756736014207e+00 -3.972875518478552e-07  1.550193555655968e+00 
 7.048223707926550e-08  0.000000000000000e+00  8.078163765146763e-01  7.668522680227247e-01  9.848994846400010e-01  1.200596770702756e+00 -3.588950007553642e-07  1.550193617076608e+00 
 7.048979140127167e-08  0.000000000000000e+00  8.077515173360715e-01  7.669973405930911e-01  9.846458199012175e-01  1.200455122478713e+00 -3.143670366473426e-07  1.550193710135807e+00 
 7.049772555186499e-08  0.000000000000000e+00  8.075703321343229e-01  7.671048716422041e-01  9.843095519856968e-01  1.200341759498553e+00 -2.487513561313937e-07  1.550193838011136e+00 
 7.050689936482313e-08  0.000000000000000e+00  8.072404726663225e-01  7.671890685748308e-01  9.838244197932233e-01  1.200244640904507e+00 -8.420869322168806e-08  1.550194029357148e+00 
 7.051081681314623e-08  0.000000000000000e+00  8.070689676013750e-01  7.672144436261857e-01  9.835692701292624e-01  1.200212549597442e+00  2.833983436239390e-07  1.550194126200842e+00 
 7.051374449495974e-08  0.000000000000000e+00  8.069349501752364e-01  7.672302365136665e-01  9.833432698929333e-01  1.200191549108186e+00  8.418869820543337e-07  1.550194204903269e+00 
 7.051690074204148e-08  0.000000000000000e+00  8.067896553277066e-01  7.672448468159373e-01  9.830502807637079e-01  1.200171292948754e+00  1.529272691173575e-06  1.550194296149071e+00 
 7.052071511223759e-08  0.000000000000000e+00  8.066149007536922e-01  7.672597001770963e-01  9.826167599334145e-01  1.200149650593118e+00  1.979030890068324e-06  1.550194415689873e+00 
 7.052526136729572e-08  0.000000000000000e+00  8.064003298124574e-01  7.672739440240547e-01  9.819966697628748e-01  1.200127356098508e+00  1.479750846803546e-06  1.550194572022598e+00 
 7.052883396061691e-08  0.000000000000000e+00  8.062157820215654e-01  7.672827594776426e-01  9.814501341463682e-01  1.200112193998151e+00  3.457426137973979e-07  1.550194705842186e+00 
 7.053276866586749e-08  0.000000000000000e+00  8.059811392503643e-01  7.672902965603139e-01  9.808103359666634e-01  1.200097570575228e+00 -1.077417438526389e-06  1.550194864862413e+00 
 7.053632612759303e-08  0.000000000000000e+00  8.057276087660520e-01  7.672953117207818e-01  9.802140475502557e-01  1.200085997639195e+00 -2.129834414506693e-06  1.550195019501637e+00 
 7.054031982095857e-08  0.000000000000000e+00  8.053853875433551e-01  7.672991037443671e-01  9.795376609991179e-01  1.200074626975589e+00 -2.895559548983691e-06  1.550195205846617e+00 
 7.054470963785049e-08  0.000000000000000e+00  8.049365529737366e-01  7.673012956158743e-01  9.787908898952304e-01  1.200063843751736e+00 -3.358848427815163e-06  1.550195426778145e+00 
 7.055043244811731e-08  0.000000000000000e+00  8.042471339973499e-01  7.673015395568187e-01  9.778042625930532e-01  1.200052053285726e+00 -3.624058937448486e-06  1.550195741149295e+00 
 7.055650255764916e-08  0.000000000000000e+00  8.034032884560894e-01  7.672991096786309e-01  9.767214369839057e-01  1.200041878948731e+00 -3.656635844505622e-06  1.550196108497622e+00 
 7.056259276039202e-08  0.000000000000000e+00  8.024530677786326e-01  7.672943568333815e-01  9.755776373796400e-01  1.200033644807935e+00 -3.529395558470256e-06  1.550196513527795e+00 
 7.056899868395700e-08  0.000000000000000e+00  8.013504617303185e-01  7.672872600139398e-01  9.742964089400994e-01  1.200026701917589e+00 -3.251782391875367e-06  1.550196980516025e+00 
 7.057552202505033e-08  0.000000000000000e+00  8.001260887291846e-01  7.672781588221119e-01  9.728939257767237e-01  1.200021083166994e+00 -2.978018169155034e-06  1.550197500789974e+00 
 7.058082379722422e-08  0.000000000000000e+00  7.990649649669290e-01  7.672695750520176e-01  9.716675749378795e-01  1.200017402065211e+00 -4.948159234598876e-06  1.550197957857026e+00 
 7.058432742547738e-08  0.000000000000000e+00  7.983419882485699e-01  7.672634248481951e-01  9.708066025266205e-01  1.200015340639740e+00 -1.198500637600601e-05  1.550198277110794e+00 
 7.058741271886448e-08  0.000000000000000e+00  7.977004278499749e-01  7.672577673042147e-01  9.700083005604847e-01  1.200013733801174e+00 -2.259576331378700e-05  1.550198569802489e+00 
 7.059067899067603e-08  0.000000000000000e+00  7.970243898579170e-01  7.672515873769968e-01  9.691160394846691e-01  1.200012215915660e+00 -3.532356984933122e-05  1.550198891646603e+00 
 7.059402918800998e-08  0.000000000000000e+00  7.963390641351132e-01  7.672450759512115e-01  9.681516503497362e-01  1.200010829971988e+00 -4.830792509164048e-05  1.550199234736358e+00 
 7.059696693198341e-08  0.000000000000000e+00  7.957437225640600e-01  7.672392190301925e-01  9.672756673756160e-01  1.200009740784030e+00 -5.926277996633200e-05  1.550199546521878e+00 
 7.060000249323559e-08  0.000000000000000e+00  7.951297364798361e-01  7.672330035130662e-01  9.663577399946749e-01  1.200008725404340e+00 -6.978526219325772e-05  1.550199879539065e+00 
 7.060322150594953e-08  0.000000000000000e+00  7.944750591418986e-01  7.672262118612337e-01  9.653878043260681e-01  1.200007759255085e+00 -7.948329006533415e-05  1.550200244850730e+00 
 7.060703419229789e-08  0.000000000000000e+00  7.936908996910088e-01  7.672178941181516e-01  9.642602338156456e-01  1.200006747843433e+00 -8.845459181235343e-05  1.550200693905207e+00 
 7.061103325046111e-08  0.000000000000000e+00  7.928572451267730e-01  7.672088651506155e-01  9.631112290706930e-01  1.200005825186722e+00 -9.484572998441718e-05  1.550201184166388e+00 
 7.061528548675727e-08  0.000000000000000e+00  7.919604367610887e-01  7.671989558479720e-01  9.619283037189889e-01  1.200004979431815e+00 -9.901494542922766e-05  1.550201727293024e+00 
 7.061968238398378e-08  0.000000000000000e+00  7.910253540106826e-01  7.671884143460483e-01  9.607430785781380e-01  1.200004230512242e+00 -1.024116539350096e-04  1.550202312753389e+00 
 7.062442998939939e-08  0.000000000000000e+00  7.900093690916270e-01  7.671767300704684e-01  9.595003535833571e-01  1.200003542579695e+00 -1.076704969591403e-04  1.550202972351662e+00 
 7.062937140112828e-08  0.000000000000000e+00  7.889438754110515e-01  7.671642522640962e-01  9.582420779066104e-01  1.200002938208602e+00 -1.171565204483808e-04  1.550203689324148e+00 
 7.063498837661505e-08  0.000000000000000e+00  7.877140744838850e-01  7.671496635527570e-01  9.568466652408271e-01  1.200002365754213e+00 -1.333387545484283e-04  1.550204542220529e+00 
 7.063929342248990e-08  0.000000000000000e+00  7.867489700336084e-01  7.671381662313436e-01  9.557803543419989e-01  1.200001997696933e+00 -1.453904282314126e-04  1.550205223284139e+00 
 7.064311580153594e-08  0.000000000000000e+00  7.858602593212888e-01  7.671276710663533e-01  9.548277938528624e-01  1.200001713551156e+00 -1.521496637697721e-04  1.550205847929394e+00 
 7.064565151804922e-08  0.000000000000000e+00  7.852427863664818e-01  7.671205131512018e-01  9.542040052460863e-01  1.200001543509224e+00 -1.542655156960898e-04  1.550206272663384e+00 
 7.064841179077060e-08  0.000000000000000e+00  7.845416393420819e-01  7.671125380561226e-01  9.535404539277813e-01  1.200001376041869e+00 -1.542269278748442e-04  1.550206744394450e+00 
 7.065160265912905e-08  0.000000000000000e+00  7.837019828506623e-01  7.671031397606159e-01  9.527964318940524e-01  1.200001207510270e+00 -1.504214238992074e-04  1.550207301889983e+00 
 7.065459282103340e-08  0.000000000000000e+00  7.829034797075690e-01  7.670942509791663e-01  9.521206649641611e-01  1.200001073116683e+00 -1.420047016760053e-04  1.550207836149078e+00 
 7.065783031355623e-08  0.000000000000000e+00  7.820482736068537e-01  7.670846486286799e-01  9.514111611765654e-01  1.200000948077032e+00 -1.250022894686525e-04  1.550208427471766e+00 
 7.066106865982471e-08  0.000000000000000e+00  7.812220445684483e-01  7.670751524615110e-01  9.507255744793225e-01  1.200000837519759e+00 -9.516472397546770e-05  1.550209032296573e+00 
 7.066508097544213e-08  0.000000000000000e+00  7.802601455780798e-01  7.670636116129825e-01  9.499156869648805e-01  1.200000712349591e+00 -2.870710922194854e-05  1.550209800103670e+00 
 7.066889346187385e-08  0.000000000000000e+00  7.794218810848964e-01  7.670528998616023e-01  9.491937100452914e-01  1.200000602067597e+00  8.196782423425383e-05  1.550210548466519e+00 
 7.067365446627127e-08  0.000000000000000e+00  7.784860515622959e-01  7.670398464956495e-01  9.483662220802825e-01  1.200000475233512e+00  3.140765575610962e-04  1.550211508530125e+00 
 7.067911129120900e-08  0.000000000000000e+00  7.775607382995627e-01  7.670252331709934e-01  9.475208996719802e-01  1.200000346502272e+00  7.094016459219415e-04  1.550212643397315e+00 
 7.068469291224250e-08  0.000000000000000e+00  7.767595091282318e-01  7.670105278923863e-01  9.467581060951179e-01  1.200000234547888e+00  1.206147114537723e-03  1.550213841835979e+00 
 7.069021217653013e-08  0.000000000000000e+00  7.760865086520331e-01  7.669960787515253e-01  9.460848951296167e-01  1.200000143378520e+00  1.747165907816887e-03  1.550215063705771e+00 
 7.069575448037606e-08  0.000000000000000e+00  7.755053517575055e-01  7.669815438010207e-01  9.454733192664466e-01  1.200000070514640e+00  2.304908857474378e-03  1.550216326836504e+00 
 7.070140585587870e-08  0.000000000000000e+00  7.749917719519624e-01  7.669666312434847e-01  9.449099653670981e-01  1.200000013548898e+00  2.851369698068824e-03  1.550217651338214e+00 
 7.070745802980299e-08  0.000000000000000e+00  7.745175494014344e-01  7.669505398110370e-01  9.443763911589793e-01  1.199999968101508e+00  3.380126148084166e-03  1.550219109618037e+00 
 7.071423568235629e-08  0.000000000000000e+00  7.740701183821144e-01  7.669323843519020e-01  9.438687761126826e-01  1.199999930481815e+00  3.887533806933255e-03  1.550220790097960e+00 
 7.072125363890403e-08  0.000000000000000e+00  7.736914537227728e-01  7.669134562577525e-01  9.434417736290684e-01  1.199999900970282e+00  4.333521393481640e-03  1.550222581015832e+00 
 7.072853914027889e-08  0.000000000000000e+00  7.733787988867191e-01  7.668936803392666e-01  9.430947750008373e-01  1.199999876858936e+00  4.811114054500359e-03  1.550224492581177e+00 
 7.073553189837908e-08  0.000000000000000e+00  7.731444405060975e-01  7.668745788965164e-01  9.428401717140321e-01  1.199999858299320e+00  5.380557781739789e-03  1.550226375110192e+00 
 7.074250693682070e-08  0.000000000000000e+00  7.729636669903347e-01  7.668554066983634e-01  9.426487318332039e-01  1.199999843528178e+00  5.830501130235005e-03  1.550228296937890e+00 
 7.075155099628240e-08  0.000000000000000e+00  7.727905476324070e-01  7.668303702602011e-01  9.424720306848614e-01  1.199999828969957e+00  5.960318677271277e-03  1.550230849606048e+00 
 7.075973351221163e-08  0.000000000000000e+00  7.726799971488975e-01  7.668075498850275e-01  9.423656173990775e-01  1.199999819331747e+00  5.652811066561051e-03  1.550233213754916e+00 
 7.076819309105890e-08  0.000000000000000e+00  7.725987747037907e-01  7.667837947201761e-01  9.422934862730727e-01  1.199999811956396e+00  4.991639876660526e-03  1.550235707386325e+00 
 7.077688989157742e-08  0.000000000000000e+00  7.725390256136827e-01  7.667592122953719e-01  9.422457970764858e-01  1.199999806364531e+00  4.067818611172336e-03  1.550238317631426e+00 
 7.078643756574157e-08  0.000000000000000e+00  7.724911719742891e-01  7.667320573452381e-01  9.422125623151744e-01  1.199999801924917e+00  3.001930606571368e-03  1.550241230446961e+00 
 7.079647729534932e-08  0.000000000000000e+00  7.724539247132669e-01  7.667033447842264e-01  9.421917435243644e-01  1.199999798598965e+00  2.035824286258392e-03  1.550244337932412e+00 
 7.080734936603388e-08  0.000000000000000e+00  7.724243429169478e-01  7.666721085298385e-01  9.421816825556133e-01  1.199999795967323e+00  1.263783693454004e-03  1.550247743548335e+00 
 7.081750731214614e-08  0.000000000000000e+00  7.724048780245443e-01  7.666428201779869e-01  9.421826549420481e-01  1.199999794058238e+00  7.822381903992389e-04  1.550250953506822e+00 
 7.082850975639184e-08  0.000000000000000e+00  7.723912880598423e-01  7.666110109109381e-01  9.421938362496216e-01  1.199999792378348e+00  4.552415535267987e-04  1.550254449058683e+00 
 7.083965064476984e-08  0.000000000000000e+00  7.723841574628870e-01  7.665787293076075e-01  9.422143339495282e-01  1.199999791021638e+00  2.605740194045175e-04  1.550257996295264e+00 
 7.085244757531617e-08  0.000000000000000e+00  7.723823650102295e-01  7.665415769415376e-01  9.422467543949802e-01  1.199999789860524e+00  1.366626474932074e-04  1.550262064105358e+00 
 7.086662301341214e-08  0.000000000000000e+00  7.723860901226246e-01  7.665003486577333e-01  9.422905533843740e-01  1.199999788998416e+00  6.765077120652978e-05  1.550266541108740e+00 
 7.088387938660628e-08  0.000000000000000e+00  7.723957041363791e-01  7.664500776408277e-01  9.423508987762294e-01  1.199999788377613e+00  3.054509706244300e-05  1.550271917953286e+00 
 7.090454202354354e-08  0.000000000000000e+00  7.724111724987757e-01  7.663897992052519e-01  9.424287842034681e-01  1.199999787995996e+00  1.510130562823817e-05  1.550278202030335e+00 
 7.093147064240886e-08  0.000000000000000e+00  7.724339823437875e-01  7.663111657609910e-01  9.425345196496976e-01  1.199999787772194e+00  1.088880082316305e-05  1.550286054407192e+00 
 7.096726061514958e-08  0.000000000000000e+00  7.724652507805884e-01  7.662066405290883e-01  9.426777515789005e-01  1.199999787656025e+00  1.161873152410444e-05  1.550295750202642e+00 
 7.100226446553595e-08  0.000000000000000e+00  7.724952449556262e-01  7.661045026006246e-01  9.428187246822654e-01  1.199999787620204e+00  1.297330232084430e-05  1.550304289028906e+00 
 7.104353248641065e-08  0.000000000000000e+00  7.725290153701430e-01  7.659843349138371e-01  9.429848748128781e-01  1.199999787608389e+00  1.368418628547740e-05  1.550313031868998e+00 
 7.108503778991474e-08  0.000000000000000e+00  7.725610388369440e-01  7.658638602226423e-01  9.431514727997646e-01  1.199999787606806e+00  1.374858673718061e-05  1.550320316653106e+00 
 7.113400986037971e-08  0.000000000000000e+00  7.725963279931829e-01  7.657223370923675e-01  9.433470497473962e-01  1.199999787606733e+00  1.353963107845452e-05  1.550326967819321e+00 
 7.118647854064852e-08  0.000000000000000e+00  7.726312700309235e-01  7.655715826575697e-01  9.435551191727962e-01  1.199999787605956e+00  1.326080269294018e-05  1.550331857479682e+00 
 7.124991151915106e-08  0.000000000000000e+00  7.726698459419450e-01  7.653906782366691e-01  9.438043411185911e-01  1.199999787604067e+00  1.295158083778915e-05  1.550334951601928e+00 
 7.132225345644387e-08  0.000000000000000e+00  7.727094349952888e-01  7.651863253061346e-01  9.440852482882842e-01  1.199999787601897e+00  1.263554531643592e-05  1.550335212796163e+00 
 7.141332432165011e-08  0.000000000000000e+00  7.727535270054878e-01  7.649322149573189e-01  9.444337937711442e-01  1.199999787599722e+00  1.226919249183649e-05  1.550331553704651e+00 
 7.152564931978367e-08  0.000000000000000e+00  7.728006225860848e-01  7.646238162868684e-01  9.448561093188834e-01  1.199999787598389e+00  1.184844374915183e-05  1.550322553760223e+00 
 7.167912312065324e-08  0.000000000000000e+00  7.728548708306612e-01  7.642115524647396e-01  9.454204707850264e-01  1.199999787597462e+00  1.131817619987038e-05  1.550305369371166e+00 
 7.187912312065324e-08  0.000000000000000e+00  7.729127441703826e-01  7.636900137880611e-01  9.461358471757477e-01  1.199999787597197e+00  1.069389228408350e-05  1.550279343231934e+00 
 7.207912312065324e-08  0.000000000000000e+00  7.729601417126541e-01  7.631858287364242e-01  9.468304775070691e-01  1.199999787596769e+00  1.013461609096423e-05  1.550252965973955e+00 
 7.227912312065324e-08  0.000000000000000e+00  7.730001463028855e-01  7.626983625597478e-01  9.475061569152203e-01  1.199999787596554e+00  9.630851672307818e-06  1.550228603239977e+00 
 7.247912312065325e-08  0.000000000000000e+00  7.730349132260755e-01  7.622268828142774e-01  9.481644032350685e-01  1.199999787596437e+00  9.174776692608690e-06  1.550207372117749e+00 
 7.267912312065325e-08  0.000000000000000e+00  7.730659006430850e-01  7.617706335713541e-01  9.488064821563269e-01  1.199999787596383e+00  8.759956941133179e-06  1.550189545899844e+00 
 7.287912312065325e-08  0.000000000000000e+00  7.730940877370516e-01  7.613288736653331e-01  9.494334572491199e-01  1.199999787596514e+00  8.381050506391229e-06  1.550174922192368e+00 
 7.307912312065325e-08  0.000000000000000e+00  7.731201363469774e-01  7.609008950953654e-01  9.500462348694355e-01  1.199999787596479e+00  8.033591597849006e-06  1.550163081680836e+00 
 7.327912312065325e-08  0.000000000000000e+00  7.731445007335792e-01  7.604860311149817e-01  9.506455988961351e-01  1.199999787596425e+00  7.713822876828643e-06  1.550153545338658e+00 
 7.347912312065325e-08  0.000000000000000e+00  7.731674993932582e-01  7.600836588782345e-01  9.512322367528196e-01  1.199999787596310e+00  7.418562248700784e-06  1.550145858276428e+00 
 7.367912312065326e-08  0.000000000000000e+00  7.731893613137294e-01  7.596931991439108e-01  9.518067589060654e-01  1.199999787596397e+00  7.145097328869650e-06  1.550139627045730e+00 
 7.387912312065326e-08  0.000000000000000e+00  7.732102556400918e-01  7.593141143936309e-01  9.523697135385751e-01  1.199999787596370e+00  6.891101894737992e-06  1.550134530163242e+00 
 7.407912312065326e-08  0.000000000000000e+00  7.732303107574046e-01  7.589459061378835e-01  9.529215975959442e-01  1.199999787596513e+00  6.654569414380853e-06  1.550130314763470e+00 
 7.427912312065326e-08  0.000000000000000e+00  7.732496266718272e-01  7.585881118693837e-01  9.534628650943611e-01  1.199999787596391e+00  6.433759914436746e-06  1.550126787155913e+00 
 7.447912312065326e-08  0.000000000000000e+00  7.732682831519866e-01  7.582403019442717e-01  9.539939333615400e-01  1.199999787596384e+00  6.227157151598603e-06  1.550123801641887e+00 
 7.467912312065326e-08  0.000000000000000e+00  7.732863451765686e-01  7.579020765530609e-01  9.545151877461379e-01  1.199999787596345e+00  6.033433749277447e-06  1.550121249820488e+00 
 7.487912312065327e-08  0.000000000000000e+00  7.733038666537634e-01  7.575730628786528e-01  9.550269852089380e-01  1.199999787596442e+00  5.851422671357986e-06  1.550119051362352e+00 
 7.507912312065327e-08  0.000000000000000e+00  7.733208930168894e-01  7.572529124885883e-01  9.555296571119923e-01  1.199999787596446e+00  5.680093704657536e-06  1.550117146536371e+00 
 7.527912312065327e-08  0.000000000000000e+00  7.733374630763398e-01  7.569412989729829e-01  9.560235114469053e-01  1.199999787596363e+00  5.518534014107288e-06  1.550115490419181e+00 
 7.547912312065327e-08  0.000000000000000e+00  7.733536103696184e-01  7.566379158303144e-01  9.565088346766226e-01  1.199999787596412e+00  5.365931872212323e-06  1.550114048560285e+00 
 7.567912312065327e-08  0.000000000000000e+00  7.733693641661945e-01  7.563424745845689e-01  9.569858933156189e-01  1.199999787596289e+00  5.221563015065199e-06  1.550112793828447e+00 
 7.587912312065328e-08  0.000000000000000e+00  7.733847502292571e-01  7.560547031148318e-01  9.574549353322962e-01  1.199999787596249e+00  5.084779187492226e-06  1.550111704174547e+00 
 7.607912312065328e-08  0.000000000000000e+00  7.733997914037276e-01  7.557743441737166e-01  9.579161914329171e-01  1.199999787596274e+00  4.954998459934869e-06  1.550110761080723e+00 
 7.627912312065328e-08  0.000000000000000e+00  7.734145080770597e-01  7.555011540740674e-01  9.583698762594680e-01  1.199999787596246e+00  4.831696890681995e-06  1.550109948508600e+00 
 7.647912312065328e-08  0.000000000000000e+00  7.734289185459331e-01  7.552349015227272e-01  9.588161895255249e-01  1.199999787596460e+00  4.714401529827790e-06  1.550109252200921e+00 
 7.667912312065328e-08  0.000000000000000e+00  7.734430393117199e-01  7.549753665821699e-01  9.592553170992453e-01  1.199999787596545e+00  4.602684352999982e-06  1.550108659227209e+00 
 7.687912312065328e-08  0.000000000000000e+00  7.734568853216083e-01  7.547223397440006e-01  9.596874320380626e-01  1.199999787596534e+00  4.496157043658219e-06  1.550108157693932e+00 
 7.707912312065329e-08  0.000000000000000e+00  7.734704701676972e-01  7.544756210984460e-01  9.601126955788494e-01  1.199999787596489e+00  4.394466486475773e-06  1.550107736562843e+00 
 7.727912312065329e-08  0.000000000000000e+00  7.734838062528221e-01  7.542350195902556e-01  9.605312580791140e-01  1.199999787596548e+00  4.297290907068415e-06  1.550107385538433e+00 
 7.747912312065329e-08  0.000000000000000e+00  7.734969049302274e-01  7.540003523485179e-01  9.609432599113976e-01  1.199999787596529e+00  4.204336401895242e-06  1.550107094998467e+00 
 7.767912312065329e-08  0.000000000000000e+00  7.735097766221534e-01  7.537714440815334e-01  9.613488323084984e-01  1.199999787596517e+00  4.115334064143701e-06  1.550106855950280e+00 
 7.787912312065329e-08  0.000000000000000e+00  7.735224309212272e-01  7.535481265313353e-01  9.617480981576144e-01  1.199999787596509e+00  4.030037316462555e-06  1.550106660002010e+00 
 7.807912312065330e-08  0.000000000000000e+00  7.735348766779990e-01  7.533302379791169e-01  9.621411727435499e-01  1.199999787596436e+00  3.948219670722753e-06  1.550106499341833e+00 
 7.827912312065330e-08  0.000000000000000e+00  7.735471220767375e-01  7.531176227968498e-01  9.625281644418672e-01  1.199999787596363e+00  3.869672737162839e-06  1.550106366721339e+00 
 7.847912312065330e-08  0.000000000000000e+00  7.735591747015451e-01  7.529101310413907e-01  9.629091753656216e-01  1.199999787596407e+00  3.794204414592676e-06  1.550106255440564e+00 
 7.867912312065330e-08  0.000000000000000e+00  7.735710415943945e-01  7.527076180854063e-01  9.632843019588816e-01  1.199999787596417e+00  3.721637359939760e-06  1.550106159333418e+00 
 7.887912312065330e-08  0.000000000000000e+00  7.735827293062282e-01  7.525099442826753e-01  9.636536355482347e-01  1.199999787596372e+00  3.651807598127501e-06  1.550106072752889e+00 
 7.907912312065330e-08  0.000000000000000e+00  7.735942439422269e-01  7.523169746651539e-01  9.640172628499311e-01  1.199999787596475e+00  3.584563243886887e-06  1.550105990555736e+00 
 7.927912312065331e-08  0.000000000000000e+00  7.736055912019726e-01  7.521285786653811e-01  9.643752664333844e-01  1.199999787596500e+00  3.519763487063962e-06  1.550105908086389e+00 
 7.947912312065331e-08  0.000000000000000e+00  7.736167764152491e-01  7.519446298665948e-01  9.647277251469264e-01  1.199999787596494e+00  3.457277508740972e-06  1.550105821160065e+00 
 7.967912312065331e-08  0.000000000000000e+00  7.736278045740688e-01  7.517650057736401e-01  9.650747145072716e-01  1.199999787596462e+00  3.396983694986295e-06  1.550105726045227e+00 
 7.987912312065331e-08  0.000000000000000e+00  7.736386803614084e-01  7.515895876060987e-01  9.654163070524221e-01  1.199999787596438e+00  3.338768778278599e-06  1.550105619445205e+00 
 8.007912312065331e-08  0.000000000000000e+00  7.736494081770469e-01  7.514182601091087e-01  9.657525726654329e-01  1.199999787596295e+00  3.282527164782053e-06  1.550105498479084e+00 
 8.027912312065332e-08  0.000000000000000e+00  7.736599921608888e-01  7.512509113823880e-01  9.660835788650100e-01  1.199999787596362e+00  3.228160299069580e-06  1.550105360661906e+00 
 8.047912312065332e-08  0.000000000000000e+00  7.736704362140129e-01  7.510874327226278e-01  9.664093910724240e-01  1.199999787596460e+00  3.175576070264333e-06  1.550105203884217e+00 
 8.067912312065332e-08  0.000000000000000e+00  7.736807440177572e-01  7.509277184817593e-01  9.667300728501003e-01  1.199999787596460e+00  3.124688293425604e-06  1.550105026391017e+00 
 8.087912312065332e-08  0.000000000000000e+00  7.736909190510715e-01  7.507716659354469e-01  9.670456861186268e-01  1.199999787596423e+00  3.075416264854774e-06  1.550104826760231e+00 
 8.107912312065332e-08  0.000000000000000e+00  7.737009646062060e-01  7.506191751653464e-01  9.673562913503606e-01  1.199999787596453e+00  3.027684308874241e-06  1.550104603880693e+00 
 8.127912312065332e-08  0.000000000000000e+00  7.737108838031053e-01  7.504701489491072e-01  9.676619477436897e-01  1.199999787596499e+00  2.981421398006790e-06  1.550104356929875e+00 
 8.147912312065333e-08  0.000000000000000e+00  7.737206796024417e-01  7.503244926597789e-01  9.679627133808429e-01  1.199999787596360e+00  2.936560813007151e-06  1.550104085351406e+00 
 8.167912312065333e-08  0.000000000000000e+00  7.737303548176182e-01  7.501821141752646e-01  9.682586453655989e-01  1.199999787596506e+00  2.893039802675811e-06  1.550103788832460e+00 
 8.187912312065333e-08  0.000000000000000e+00  7.737399121256406e-01  7.500429237919518e-01  9.685497999489117e-01  1.199999787596521e+00  2.850799306234285e-06  1.550103467281258e+00 
 8.207912312065333e-08  0.000000000000000e+00  7.737493540771185e-01  7.499068341470668e-01  9.688362326389420e-01  1.199999787596520e+00  2.809783694285490e-06  1.550103120804730e+00 
 8.227912312065333e-08  0.000000000000000e+00  7.737586831054192e-01  7.497737601457107e-01  9.691179982972038e-01  1.199999787596402e+00  2.769940481004038e-06  1.550102749686442e+00 
 8.247912312065333e-08  0.000000000000000e+00  7.737679015350417e-01  7.496436188934066e-01  9.693951512243206e-01  1.199999787596407e+00  2.731220186214291e-06  1.550102354365045e+00 
 8.267912312065334e-08  0.000000000000000e+00  7.737770115893333e-01  7.495163296331927e-01  9.696677452353556e-01  1.199999787596320e+00  2.693576017094354e-06  1.550101935413212e+00 
 8.287912312065334e-08  0.000000000000000e+00  7.737860153975105e-01  7.493918136862392e-01  9.699358337245361e-01  1.199999787596467e+00  2.656963778793884e-06  1.550101493517255e+00 
 8.307912312065334e-08  0.000000000000000e+00  7.737949150011224e-01  7.492699943969346e-01  9.701994697204361e-01  1.199999787596482e+00  2.621341671982753e-06  1.550101029457502e+00 
 8.327912312065334e-08  0.000000000000000e+00  7.738037123600233e-01  7.491507970809059e-01  9.704587059345082e-01  1.199999787596487e+00  2.586670070737929e-06  1.550100544089588e+00 
 8.347912312065334e-08  0.000000000000000e+00  7.738124093577884e-01  7.490341489757599e-01  9.707135948027714e-01  1.199999787596372e+00  2.552911507430296e-06  1.550100038326629e+00 
 8.367912312065335e-08  0.000000000000000e+00  7.738210078067128e-01  7.489199791936832e-01  9.709641885176971e-01  1.199999787596488e+00  2.520030394302384e-06  1.550099513122433e+00 
 8.387912312065335e-08  0.000000000000000e+00  7.738295094524018e-01  7.488082186774295e-01  9.712105390577388e-01  1.199999787596468e+00  2.487993011688005e-06  1.550098969455777e+00 
 8.407912312065335e-08  0.000000000000000e+00  7.738379159780100e-01  7.486988001572031e-01  9.714526982101670e-01  1.199999787596523e+00  2.456767308652541e-06  1.550098408315804e+00 
 8.427912312065335e-08  0.000000000000000e+00  7.738462290080224e-01  7.485916581110791e-01  9.716907175878750e-01  1.199999787596511e+00  2.426322871263856e-06  1.550097830688555e+00 
 8.447912312065335e-08  0.000000000000000e+00  7.738544501119060e-01  7.484867287239839e-01  9.719246486431691e-01  1.199999787596379e+00  2.396630762486101e-06  1.550097237544686e+00 
 8.467912312065335e-08  0.000000000000000e+00  7.738625808072928e-01  7.483839498511090e-01  9.721545426785427e-01  1.199999787596471e+00  2.367663464312119e-06  1.550096629828363e+00 
 8.487912312065336e-08  0.000000000000000e+00  7.738706225629680e-01  7.482832609811468e-01  9.723804508513010e-01  1.199999787596316e+00  2.339394779073233e-06  1.550096008447356e+00 
 8.507912312065336e-08  0.000000000000000e+00  7.738785768016335e-01  7.481846032004374e-01  9.726024241786310e-01  1.199999787596468e+00  2.311799776294745e-06  1.550095374264296e+00 
 8.527912312065336e-08  0.000000000000000e+00  7.738864449023427e-01  7.480879191582016e-01  9.728205135362445e-01  1.199999787596504e+00  2.284854647407655e-06  1.550094728089161e+00 
 8.547912312065336e-08  0.000000000000000e+00  7.738942282028466e-01  7.479931530332061e-01  9.730347696581112e-01  1.199999787596328e+00  2.258536755029185e-06  1.550094070672845e+00 
 8.567912312065336e-08  0.000000000000000e+00  7.739019280017163e-01  7.479002505008200e-01  9.732452431311679e-01  1.199999787596437e+00  2.232824471105412e-06  1.550093402701838e+00 
 8.587912312065337e-08  0.000000000000000e+00  7.739095455602653e-01  7.478091587007722e-01  9.734519843916585e-01  1.199999787596438e+00  2.207697124189856e-06  1.550092724794056e+00 
 8.607912312065337e-08  0.000000000000000e+00  7.739170821042730e-01  7.477198262052653e-01  9.736550437164192e-01  1.199999787596519e+00  2.183135011193019e-06  1.550092037495673e+00 
 8.627912312065337e-08  0.000000000000000e+00  7.739245388257071e-01  7.476322029889193e-01  9.738544712155853e-01  1.199999787596538e+00  2.159119309398491e-06  1.550091341278959e+00 
 8.647912312065337e-08  0.000000000000000e+00  7.739319168841327e-01  7.475462403974018e-01  9.740503168217914e-01  1.199999787596380e+00  2.135631974151426e-06  1.550090636541077e+00 
 8.667912312065337e-08  0.000000000000000e+00  7.739392174081505e-01  7.474618911181581e-01  9.742426302816255e-01  1.199999787596414e+00  2.112655787127624e-06  1.550089923603766e+00 
 8.687912312065337e-08  0.000000000000000e+00  7.739464414966044e-01  7.473791091505966e-01  9.744314611429925e-01  1.199999787596357e+00  2.090174266951290e-06  1.550089202713879e+00 
 8.707912312065338e-08  0.000000000000000e+00  7.739535902198791e-01  7.472978497774911e-01  9.746168587451238e-01  1.199999787596487e+00  2.068171617554006e-06  1.550088474044711e+00 
 8.727912312065338e-08  0.000000000000000e+00  7.739606646208395e-01  7.472180695357219e-01  9.747988722057194e-01  1.199999787596478e+00  2.046632704961525e-06  1.550087737698060e+00 
 8.747912312065338e-08  0.000000000000000e+00  7.739676657159332e-01  7.471397261896319e-01  9.749775504085783e-01  1.199999787596349e+00  2.025543040213348e-06  1.550086993706906e+00 
 8.767912312065338e-08  0.000000000000000e+00  7.739745944960774e-01  7.470627787016713e-01  9.751529419919971e-01  1.199999787596357e+00  2.004888743474789e-06  1.550086242038772e+00 
 8.787912312065338e-08  0.000000000000000e+00  7.739814519275442e-01  7.469871872059969e-01  9.753250953344276e-01  1.199999787596474e+00  1.984656464183806e-06  1.550085482599591e+00 
 8.807912312065338e-08  0.000000000000000e+00  7.739882389528264e-01  7.469129129810315e-01  9.754940585447891e-01  1.199999787596430e+00  1.964833415849626e-06  1.550084715238081e+00 
 8.827912312065339e-08  0.000000000000000e+00  7.739949564913542e-01  7.468399184228887e-01  9.756598794480470e-01  1.199999787596462e+00  1.945407325641563e-06  1.550083939750541e+00 
 8.847912312065339e-08  0.000000000000000e+00  7.740016054402453e-01  7.467681670200503e-01  9.758226055742149e-01  1.199999787596498e+00  1.926366393390196e-06  1.550083155885941e+00 
 8.867912312065339e-08  0.000000000000000e+00  7.740081866749842e-01  7.466976233260364e-01  9.759822841447674e-01  1.199999787596362e+00  1.907699284938074e-06  1.550082363351440e+00 
 8.887912312065339e-08  0.000000000000000e+00  7.740147010500733e-01  7.466282529347666e-01  9.761389620630140e-01  1.199999787596422e+00  1.889395111134800e-06  1.550081561818114e+00 
 8.907912312065339e-08  0.000000000000000e+00  7.740211493996960e-01  7.465600224551283e-01  9.762926859014739e-01  1.199999787596414e+00  1.871443412121360e-06  1.550080750926802e+00 
 8.927912312065340e-08  0.000000000000000e+00  7.740275325382554e-01  7.464928994868149e-01  9.764435018912248e-01  1.199999787596496e+00  1.853834092981333e-06  1.550079930294221e+00 
 8.947912312065340e-08  0.000000000000000e+00  7.740338512610326e-01  7.464268525954334e-01  9.765914559115096e-01  1.199999787596442e+00  1.836557476348829e-06  1.550079099519089e+00 
 8.967912312065340e-08  0.000000000000000e+00  7.740401063447099e-01  7.463618512880056e-01  9.767365934789538e-01  1.199999787596563e+00  1.819604222546918e-06  1.550078258188279e+00 
 8.987912312065340e-08  0.000000000000000e+00  7.740462985479210e-01  7.462978659903544e-01  9.768789597384457e-01  1.199999787596332e+00  1.802965346937937e-06  1.550077405883037e+00 
 9.007912312065340e-08  0.000000000000000e+00  7.740524286117981e-01  7.462348680231594e-01  9.770185994532912e-01  1.199999787596470e+00  1.786632196610632e-06  1.550076542185116e+00 
 9.027912312065340e-08  0.000000000000000e+00  7.740584972605304e-01  7.461728295789212e-01  9.771555569965065e-01  1.199999787596401e+00  1.770596431021166e-06  1.550075666682745e+00 
 9.047912312065341e-08  0.000000000000000e+00  7.740645052018569e-01  7.461117237001509e-01  9.772898763435469e-01  1.199999787596472e+00  1.754849995588700e-06  1.550074778976630e+00 
 9.067912312065341e-08  0.000000000000000e+00  7.740704531275842e-01  7.460515242567338e-01  9.774216010628896e-01  1.199999787596485e+00  1.739385159111304e-06  1.550073878685629e+00 
 9.087912312065341e-08  0.000000000000000e+00  7.740763417141042e-01  7.459922059236901e-01  9.775507743095559e-01  1.199999787596497e+00  1.724194427271786e-06  1.550072965452312e+00 
 9.107912312065341e-08  0.000000000000000e+00  7.740821716228934e-01  7.459337441614392e-01  9.776774388172557e-01  1.199999787596408e+00  1.709270589898450e-06  1.550072038948278e+00 
 9.127912312065341e-08  0.000000000000000e+00  7.740879435010292e-01  7.458761151927861e-01  9.778016368939374e-01  1.199999787596294e+00  1.694606674040432e-06  1.550071098879183e+00 
 9.147912312065342e-08  0.000000000000000e+00  7.740936579816659e-01  7.458192959837046e-01  9.779234104137707e-01  1.199999787596389e+00  1.680195963517213e-06  1.550070144989505e+00 
 9.167912312065342e-08  0.000000000000000e+00  7.740993156845988e-01  7.457632642230418e-01  9.780428008125004e-01  1.199999787596450e+00  1.666031949892057e-06  1.550069177067013e+00 
 9.187912312065342e-08  0.000000000000000e+00  7.741049172166952e-01  7.457079983020433e-01  9.781598490825745e-01  1.199999787596356e+00  1.652108367333265e-06  1.550068194946900e+00 
 9.207912312065342e-08  0.000000000000000e+00  7.741104631724001e-01  7.456534772959497e-01  9.782745957684609e-01  1.199999787596391e+00  1.638419150896651e-06  1.550067198515565e+00 
 9.227912312065342e-08  0.000000000000000e+00  7.741159541342504e-01  7.455996809439176e-01  9.783870809617489e-01  1.199999787596440e+00  1.624958441588674e-06  1.550066187714048e+00 
 9.247912312065342e-08  0.000000000000000e+00  7.741213906733783e-01  7.455465896309356e-01  9.784973442982355e-01  1.199999787596423e+00  1.611720560457717e-06  1.550065162541091e+00 
 9.267912312065343e-08  0.000000000000000e+00  7.741267733500001e-01  7.454941843699886e-01  9.786054249548906e-01  1.199999787596380e+00  1.598700028971847e-06  1.550064123055822e+00 
 9.287912312065343e-08  0.000000000000000e+00  7.741321027138791e-01  7.454424467829992e-01  9.787113616454677e-01  1.199999787596517e+00  1.585891549033901e-06  1.550063069380097e+00 
 9.307912312065343e-08  0.000000000000000e+00  7.741373793048201e-01  7.453913590847716e-01  9.788151926191708e-01  1.199999787596433e+00  1.573289982738159e-06  1.550062001700379e+00 
 9.327912312065343e-08  0.000000000000000e+00  7.741426036531264e-01  7.453409040655318e-01  9.789169556587106e-01  1.199999787596293e+00  1.560890354575256e-06  1.550060920269325e+00 
 9.347912312065343e-08  0.000000000000000e+00  7.741477762801452e-01  7.452910650739621e-01  9.790166880766406e-01  1.199999787596362e+00  1.548687868057142e-06  1.550059825406919e+00 
 9.367912312065344e-08  0.000000000000000e+00  7.741528976986928e-01  7.452418260007342e-01  9.791144267166232e-01  1.199999787596400e+00  1.536677844295683e-06  1.550058717501227e+00 
 9.387912312065344e-08  0.000000000000000e+00  7.741579684135285e-01  7.451931712627550e-01  9.792102079492098e-01  1.199999787596469e+00  1.524855788481037e-06  1.550057597008810e+00 
 9.407912312065344e-08  0.000000000000000e+00  7.741629889218240e-01  7.451450857882799e-01  9.793040676732100e-01  1.199999787596441e+00  1.513217318358759e-06  1.550056464454745e+00 
 9.427912312065344e-08  0.000000000000000e+00  7.741679597135838e-01  7.450975550004633e-01  9.793960413141691e-01  1.199999787596303e+00  1.501758187391714e-06  1.550055320432324e+00 
 9.447912312065344e-08  0.000000000000000e+00  7.741728812721391e-01  7.450505648040604e-01  9.794861638244681e-01  1.199999787596508e+00  1.490474300153950e-06  1.550054165602310e+00 
 9.467912312065344e-08  0.000000000000000e+00  7.741777540745256e-01  7.450041015695025e-01  9.795744696832407e-01  1.199999787596410e+00  1.479361661170466e-06  1.550053000691953e+00 
 9.487912312065345e-08  0.000000000000000e+00  7.741825785919697e-01  7.449581521194432e-01  9.796609928959636e-01  1.199999787596441e+00  1.468416406129903e-06  1.550051826493618e+00 
 9.507912312065345e-08  0.000000000000000e+00  7.741873552902648e-01  7.449127037149390e-01  9.797457669955836e-01  1.199999787596398e+00  1.457634781727790e-06  1.550050643863175e+00 
 9.527912312065345e-08  0.000000000000000e+00  7.741920846301933e-01  7.448677440425330e-01  9.798288250434941e-01  1.199999787596446e+00  1.447013165331816e-06  1.550049453717991e+00 
 9.547912312065345e-08  0.000000000000000e+00  7.741967670678925e-01  7.448232612004816e-01  9.799101996292510e-01  1.199999787596425e+00  1.436548003161864e-06  1.550048257034744e+00 
 9.567912312065345e-08  0.000000000000000e+00  7.742014030552815e-01  7.447792436861103e-01  9.799899228723270e-01  1.199999787596463e+00  1.426235876212721e-06  1.550047054846900e+00 
 9.587912312065345e-08  0.000000000000000e+00  7.742059930403616e-01  7.447356803836789e-01  9.800680264242928e-01  1.199999787596427e+00  1.416073465497453e-06  1.550045848242020e+00 
 9.607912312065346e-08  0.000000000000000e+00  7.742105374676469e-01  7.446925605517629e-01  9.801445414696042e-01  1.199999787596469e+00  1.406057517462890e-06  1.550044638358772e+00 
 9.627912312065346e-08  0.000000000000000e+00  7.742150367784104e-01  7.446498738125247e-01  9.802194987269202e-01  1.199999787596531e+00  1.396184900363570e-06  1.550043426383804e+00 
 9.647912312065346e-08  0.000000000000000e+00  7.742194914111025e-01  7.446076101392446e-01  9.802929284514498e-01  1.199999787596536e+00  1.386452570755678e-06  1.550042213548372e+00 
 9.667912312065346e-08  0.000000000000000e+00  7.742239018015832e-01  7.445657598451374e-01  9.803648604370173e-01  1.199999787596450e+00  1.376857548661856e-06  1.550041001124834e+00 
 9.687912312065346e-08  0.000000000000000e+00  7.742282683834599e-01  7.445243135733871e-01  9.804353240180197e-01  1.199999787596505e+00  1.367396957808646e-06  1.550039790423024e+00 
 9.707912312065347e-08  0.000000000000000e+00  7.742325915883308e-01  7.444832622856319e-01  9.805043480716177e-01  1.199999787596485e+00  1.358067997617371e-06  1.550038582786473e+00 
 9.727912312065347e-08  0.000000000000000e+00  7.742368718460156e-01  7.444425972522775e-01  9.805719610209458e-01  1.199999787596370e+00  1.348867938656006e-06  1.550037379588503e+00 
 9.747912312065347e-08  0.000000000000000e+00  7.742411095848428e-01  7.444023100423265e-01  9.806381908367807e-01  1.199999787596452e+00  1.339794126502610e-06  1.550036182228301e+00 
 9.767912312065347e-08  0.000000000000000e+00  7.742453052318919e-01  7.443623925129507e-01  9.807030650409347e-01  1.199999787596427e+00  1.330843991952558e-06  1.550034992126836e+00 
 9.787912312065347e-08  0.000000000000000e+00  7.742494592131175e-01  7.443228368012824e-01  9.807666107091282e-01  1.199999787596457e+00  1.322015015726948e-06  1.550033810722837e+00 
 9.807912312065347e-08  0.000000000000000e+00  7.742535719536322e-01  7.442836353144483e-01  9.808288544728058e-01  1.199999787596387e+00  1.313304766052261e-06  1.550032639468661e+00 
 9.827912312065348e-08  0.000000000000000e+00  7.742576438777781e-01  7.442447807205701e-01  9.808898225240503e-01  1.199999787596513e+00  1.304710859998447e-06  1.550031479826183e+00 
 9.847912312065348e-08  0.000000000000000e+00  7.742616754093660e-01  7.442062659403630e-01  9.809495406168647e-01  1.199999787596385e+00  1.296230988672970e-06  1.550030333262700e+00 
 9.867912312065348e-08  0.000000000000000e+00  7.742656669717317e-01  7.441680841383789e-01  9.810080340712212e-01  1.199999787596500e+00  1.287862896299866e-06  1.550029201246824e+00 
 9.887912312065348e-08  0.000000000000000e+00  7.742696189879033e-01  7.441302287153290e-01  9.810653277778855e-01  1.199999787596387e+00  1.279604382419585e-06  1.550028085244490e+00 
 9.907912312065348e-08  0.000000000000000e+00  7.742735318807026e-01  7.440926932989296e-01  9.811214461992015e-01  1.199999787596506e+00  1.271453326515504e-06  1.550026986714949e+00 
 9.927912312065349e-08  0.000000000000000e+00  7.742774060728048e-01  7.440554717377441e-01  9.811764133740066e-01  1.199999787596478e+00  1.263407637932721e-06  1.550025907106840e+00 
 9.947912312065349e-08  0.000000000000000e+00  7.742812419867996e-01  7.440185580921449e-01  9.812302529217130e-01  1.199999787596439e+00  1.255465277768660e-06  1.550024847854408e+00 
 9.967912312065349e-08  0.000000000000000e+00  7.742850400452839e-01  7.439819466277576e-01  9.812829880455978e-01  1.199999787596268e+00  1.247624292911727e-06  1.550023810373750e+00 
 9.987912312065349e-08  0.000000000000000e+00  7.742888006708429e-01  7.439456318085902e-01  9.813346415360708e-01  1.199999787596406e+00  1.239882738232016e-06  1.550022796059214e+00 
 1.000791231206535e-07  0.000000000000000e+00  7.742925242860916e-01  7.439096082896121e-01  9.813852357751586e-01  1.199999787596447e+00  1.232238747284971e-06  1.550021806279907e+00 
 1.002791231206535e-07  0.000000000000000e+00  7.742962113136814e-01  7.438738709101591e-01  9.814347927398013e-01  1.199999787596287e+00  1.224690481472761e-06  1.550020842376318e+00 
 1.004791231206535e-07  0.000000000000000e+00  7.742998621763009e-01  7.438384146878284e-01  9.814833340063882e-01  1.199999787596413e+00  1.217236153980801e-06  1.550019905657151e+00 
 1.006791231206535e-07  0.000000000000000e+00  7.743034772966071e-01  7.438032348113877e-01  9.815308807549331e-01  1.199999787596457e+00  1.209874034140672e-06  1.550018997396206e+00 
 1.008791231206535e-07  0.000000000000000e+00  7.743070570972647e-01  7.437683266346663e-01  9.815774537726013e-01  1.199999787596375e+00  1.202602415078707e-06  1.550018118829501e+00 
 1.010791231206535e-07  0.000000000000000e+00  7.743106020007985e-01  7.437336856718804e-01  9.816230734585359e-01  1.199999787596355e+00  1.195419636631366e-06  1.550017271152527e+00 
 1.012791231206535e-07  0.000000000000000e+00  7.743141124296080e-01  7.436993075906672e-01  9.816677598279663e-01  1.199999787596441e+00  1.188324095680973e-06  1.550016455517665e+00 
 1.014791231206535e-07  0.000000000000000e+00  7.743175888058504e-01  7.436651882068651e-01  9.817115325158988e-01  1.199999787596368e+00  1.181314197203095e-06  1.550015673031816e+00 
 1.016791231206535e-07  0.000000000000000e+00  7.743210315513720e-01  7.436313234787331e-01  9.817544107814080e-01  1.199999787596437e+00  1.174388411788815e-06  1.550014924754167e+00 
 1.018791231206535e-07  0.000000000000000e+00  7.743244410876231e-01  7.435977095018436e-01  9.817964135135129e-01  1.199999787596470e+00  1.167545239231716e-06  1.550014211694184e+00 
 1.020791231206535e-07  0.000000000000000e+00  7.743278178355255e-01  7.435643425050164e-01  9.818375592341361e-01  1.199999787596502e+00  1.160783192996484e-06  1.550013534809733e+00 
 1.022791231206535e-07  0.000000000000000e+00  7.743311622153647e-01  7.435312188432185e-01  9.818778661033013e-01  1.199999787596363e+00  1.154100863847122e-06  1.550012895005463e+00 
 1.024791231206535e-07  0.000000000000000e+00  7.743344746467037e-01  7.434983349950677e-01  9.819173519231760e-01  1.199999787596419e+00  1.147496840627647e-06  1.550012293131297e+00 
 1.026791231206535e-07  0.000000000000000e+00  7.743377555481906e-01  7.434656875566660e-01  9.819560341433377e-01  1.199999787596429e+00  1.140969746682311e-06  1.550011729981164e+00 
 1.028791231206535e-07  0.000000000000000e+00  7.743410053375136e-01  7.434332732373109e-01  9.819939298649825e-01  1.199999787596447e+00  1.134518267314053e-06  1.550011206291927e+00 
 1.030791231206535e-07  0.000000000000000e+00  7.743442244311751e-01  7.434010888558570e-01  9.820310558450834e-01  1.199999787596372e+00  1.128141077782353e-06  1.550010722742461e+00 
 1.032791231206535e-07  0.000000000000000e+00  7.743474132443880e-01  7.433691313358687e-01  9.820674285020760e-01  1.199999787596440e+00  1.121836920427826e-06  1.550010279952913e+00 
 1.034791231206535e-07  0.000000000000000e+00  7.743505721909179e-01  7.433373977014861e-01  9.821030639198655e-01  1.199999787596361e+00  1.115604532433879e-06  1.550009878484126e+00 
 1.036791231206535e-07  0.000000000000000e+00  7.743537016829197e-01  7.433058850739542e-01  9.821379778528897e-01  1.199999787596443e+00  1.109442711996482e-06  1.550009518837345e+00 
 1.038791231206535e-07  0.000000000000000e+00  7.743568021307916e-01  7.432745906673438e-01  9.821721857311581e-01  1.199999787596366e+00  1.103350254976059e-06  1.550009201453978e+00 
 1.040791231206535e-07  0.000000000000000e+00  7.743598739430042e-01  7.432435117855688e-01  9.822057026641786e-01  1.199999787596427e+00  1.097326006340886e-06  1.550008926715556e+00 
 1.042791231206535e-07  0.000000000000000e+00  7.743629175259704e-01  7.432126458177251e-01  9.822385434464528e-01  1.199999787596444e+00  1.091368823811399e-06  1.550008694943893e+00 
 1.044791231206535e-07  0.000000000000000e+00  7.743659332838531e-01  7.431819902351960e-01  9.822707225630383e-01  1.199999787596357e+00  1.085477599588892e-06  1.550008506401379e+00 
 1.046791231206535e-07  0.000000000000000e+00  7.743689216183929e-01  7.431515425880554e-01  9.823022541920340e-01  1.199999787596433e+00  1.079651234490032e-06  1.550008361291406e+00 
 1.048791231206535e-07  0.000000000000000e+00  7.743718829287976e-01  7.431213005029191e-01  9.823331522116124e-01  1.199999787596454e+00  1.073888682499693e-06  1.550008259758999e+00 
 1.050791231206535e-07  0.000000000000000e+00  7.743748176115091e-01  7.430912616783945e-01  9.823634302045920e-01  1.199999787596489e+00  1.068188882218133e-06  1.550008201891484e+00 
 1.052791231206535e-07  0.000000000000000e+00  7.743777260601478e-01  7.430614238830194e-01  9.823931014627928e-01  1.199999787596447e+00  1.062550823100829e-06  1.550008187719434e+00 
 1.054791231206535e-07  0.000000000000000e+00  7.743806086652283e-01  7.430317849518066e-01  9.824221789923685e-01  1.199999787596265e+00  1.056973518420758e-06  1.550008217217611e+00 
 1.056791231206535e-07  0.000000000000000e+00  7.743834658140604e-01  7.430023427835765e-01  9.824506755171010e-01  1.199999787596375e+00  1.051455973940102e-06  1.550008290306086e+00 
 1.058791231206535e-07  0.000000000000000e+00  7.743862978906654e-01  7.429730953383424e-01  9.824786034861959e-01  1.199999787596457e+00  1.045997247787848e-06  1.550008406851472e+00 
 1.060791231206535e-07  0.000000000000000e+00  7.743891052754951e-01  7.429440406355744e-01  9.825059750762360e-01  1.199999787596362e+00  1.040596403353371e-06  1.550008566668238e+00 
 1.062791231206535e-07  0.000000000000000e+00  7.743918883453894e-01  7.429151767496038e-01  9.825328021985944e-01  1.199999787596408e+00  1.035252518355375e-06  1.550008769520149e+00 
 1.064791231206535e-07  0.000000000000000e+00  7.743946474734029e-01  7.428865018092918e-01  9.825590965018323e-01  1.199999787596424e+00  1.029964705227944e-06  1.550009015121748e+00 
 1.066791231206536e-07  0.000000000000000e+00  7.743973830286430e-01  7.428580139944519e-01  9.825848693786509e-01  1.199999787596332e+00  1.024732094588858e-06  1.550009303140002e+00 
 1.068791231206536e-07  0.000000000000000e+00  7.744000953761569e-01  7.428297115338475e-01  9.826101319693775e-01  1.199999787596488e+00  1.019553798202919e-06  1.550009633195906e+00 
 1.070791231206536e-07  0.000000000000000e+00  7.744027848768547e-01  7.428015927037925e-01  9.826348951670937e-01  1.199999787596453e+00  1.014429008370604e-06  1.550010004866275e+00 
 1.072791231206536e-07  0.000000000000000e+00  7.744054518872867e-01  7.427736558253771e-01  9.826591696222966e-01  1.199999787596356e+00  1.009356882549916e-06  1.550010417685501e+00 
 1.074791231206536e-07  0.000000000000000e+00  7.744080967596418e-01  7.427458992621068e-01  9.826829657486008e-01  1.199999787596422e+00  1.004336620733791e-06  1.550010871147411e+00 
 1.076791231206536e-07  0.000000000000000e+00  7.744107198415049e-01  7.427183214191554e-01  9.827062937267960e-01  1.199999787596427e+00  9.993674276025918e-07  1.550011364707156e+00 
 1.078791231206536e-07  0.000000000000000e+00  7.744133214759008e-01  7.426909207405527e-01  9.827291635084853e-01  1.199999787596427e+00  9.944485270674494e-07  1.550011897783109e+00 
 1.080791231206536e-07  0.000000000000000e+00  7.744159020010833e-01  7.426636957078921e-01  9.827515848225004e-01  1.199999787596431e+00  9.895791684790273e-07  1.550012469758847e+00 
 1.082791231206536e-07  0.000000000000000e+00  7.744184617505089e-01  7.426366448385362e-01  9.827735671789015e-01  1.199999787596436e+00  9.847586034753637e-07  1.550013079985132e+00 
 1.084791231206536e-07  0.000000000000000e+00  7.744210010527094e-01  7.426097666839226e-01  9.827951198727599e-01  1.199999787596445e+00  9.799860987679185e-07  1.550013727781875e+00 
 1.086791231206536e-07  0.000000000000000e+00  7.744235202312553e-01  7.425830598282500e-01  9.828162519898139e-01  1.199999787596354e+00  9.752609504475301e-07  1.550014412440135e+00 
 1.088791231206536e-07  0.000000000000000e+00  7.744260196046476e-01  7.425565228867194e-01  9.828369724099771e-01  1.199999787596324e+00  9.705824385616939e-07  1.550015133224151e+00 
 1.090791231206536e-07  0.000000000000000e+00  7.744284994862921e-01  7.425301545041408e-01  9.828572898124665e-01  1.199999787596472e+00  9.659499035880988e-07  1.550015889373314e+00 
 1.092791231206536e-07  0.000000000000000e+00  7.744309601844057e-01  7.425039533537534e-01  9.828772126806450e-01  1.199999787596530e+00  9.613626475837702e-07  1.550016680104171e+00 
 1.094791231206536e-07  0.000000000000000e+00  7.744334020020335e-01  7.424779181357342e-01  9.828967493050618e-01  1.199999787596492e+00  9.568200193839979e-07  1.550017504612408e+00 
 1.096791231206536e-07  0.000000000000000e+00  7.744358252369093e-01  7.424520475765711e-01  9.829159077884669e-01  1.199999787596343e+00  9.523213831265257e-07  1.550018362074797e+00 
 1.098791231206536e-07  0.000000000000000e+00  7.744382301814698e-01  7.424263404273034e-01  9.829346960501126e-01  1.199999787596389e+00  9.478660775646251e-07  1.550019251651132e+00 
 1.100791231206536e-07  0.000000000000000e+00  7.744406171228280e-01  7.424007954625268e-01  9.829531218299616e-01  1.199999787596495e+00  9.434535039288110e-07  1.550020172486108e+00 
 1.102791231206536e-07  0.000000000000000e+00  7.744429863427651e-01  7.423754114787705e-01  9.829711926929843e-01  1.199999787596366e+00  9.390830415898178e-07  1.550021123711232e+00 
 1.104791231206536e-07  0.000000000000000e+00  7.744453381176831e-01  7.423501872947632e-01  9.829889160320434e-01  1.199999787596318e+00  9.347540861836753e-07  1.550022104446634e+00 
 1.106791231206536e-07  0.000000000000000e+00  7.744476727186046e-01  7.423251217492690e-01  9.830062990733200e-01  1.199999787596484e+00  9.304660651710781e-07  1.550023113802838e+00 
 1.108791231206536e-07  0.000000000000000e+00  7.744499904111833e-01  7.423002137010152e-01  9.830233488793354e-01  1.199999787596432e+00  9.262183810963805e-07  1.550024150882563e+00 
 1.110791231206536e-07  0.000000000000000e+00  7.744522914556741e-01  7.422754620272212e-01  9.830400723538794e-01  1.199999787596432e+00  9.220104819445014e-07  1.550025214782361e+00 
 1.112791231206536e-07  0.000000000000000e+00  7.744545761069569e-01  7.422508656228808e-01  9.830564762442475e-01  1.199999787596436e+00  9.178418100641479e-07  1.550026304594312e+00 
 1.114791231206536e-07  0.000000000000000e+00  7.744568446146075e-01  7.422264233999071e-01  9.830725671463466e-01  1.199999787596349e+00  9.137118131363528e-07  1.550027419407566e+00 
 1.116791231206536e-07  0.000000000000000e+00  7.744590972228248e-01  7.422021342870329e-01  9.830883515080463e-01  1.199999787596399e+00  9.096199684210937e-07  1.550028558309916e+00 
 1.118791231206536e-07  0.000000000000000e+00  7.744613341705061e-01  7.421779972282923e-01  9.831038356319322e-01  1.199999787596404e+00  9.055657328095355e-07  1.550029720389271e+00 
 1.120791231206536e-07  0.000000000000000e+00  7.744635556912695e-01  7.421540111827933e-01  9.831190256801049e-01  1.199999787596405e+00  9.015486082644689e-07  1.550030904735060e+00 
 1.122791231206536e-07  0.000000000000000e+00  7.744657620134856e-01  7.421301751242722e-01  9.831339276766631e-01  1.199999787596404e+00  8.975680757697689e-07  1.550032110439618e+00 
 1.124791231206536e-07  0.000000000000000e+00  7.744679533603233e-01  7.421064880396114e-01  9.831485475115490e-01  1.199999787596405e+00  8.936236399435538e-07  1.550033336599450e+00 
 1.126791231206536e-07  0.000000000000000e+00  7.744701299498103e-01  7.420829489291776e-01  9.831628909435839e-01  1.199999787596405e+00  8.897148203706514e-07  1.550034582316500e+00 
 1.128791231206536e-07  0.000000000000000e+00  7.744722919948392e-01  7.420595568063003e-01  9.831769636042987e-01  1.199999787596407e+00  8.858411270444305e-07  1.550035846699275e+00 
 1.130791231206536e-07  0.000000000000000e+00  7.744744397032615e-01  7.420363106958987e-01  9.831907710008617e-01  1.199999787596318e+00  8.820020989849142e-07  1.550037128863977e+00 
 1.132791231206536e-07  0.000000000000000e+00  7.744765732779175e-01  7.420132096346688e-01  9.832043185182061e-01  1.199999787596476e+00  8.781972631036041e-07  1.550038427935568e+00 
 1.134791231206536e-07  0.000000000000000e+00  7.744786929167266e-01  7.419902526705997e-01  9.832176114239954e-01  1.199999787596418e+00  8.744261705914281e-07  1.550039743048657e+00 
 1.136791231206536e-07  0.000000000000000e+00  7.744807988127430e-01  7.419674388624672e-01  9.832306548694191e-01  1.199999787596400e+00  8.706883735441709e-07  1.550041073348502e+00 
 1.138791231206536e-07  0.000000000000000e+00  7.744828911542091e-01  7.419447672792924e-01  9.832434538938826e-01  1.199999787596504e+00  8.669834369956086e-07  1.550042417991828e+00 
 1.140791231206536e-07  0.000000000000000e+00  7.744849701246130e-01  7.419222370001786e-01  9.832560134269867e-01  1.199999787596350e+00  8.633109215859839e-07  1.550043776147582e+00 
 1.142791231206536e-07  0.000000000000000e+00  7.744870359028112e-01  7.418998471138998e-01  9.832683382920998e-01  1.199999787596304e+00  8.596704166230477e-07  1.550045146997689e+00 
 1.144791231206536e-07  0.000000000000000e+00  7.744890886630486e-01  7.418775967188687e-01  9.832804332072014e-01  1.199999787596450e+00  8.560614907730285e-07  1.550046529737704e+00 
 1.146791231206536e-07  0.000000000000000e+00  7.744911285750605e-01  7.418554849218395e-01  9.832923027891853e-01  1.199999787596477e+00  8.524837528752863e-07  1.550047923577371e+00 
 1.148791231206536e-07  0.000000000000000e+00  7.744931558041712e-01  7.418335108386552e-01  9.833039515556361e-01  1.199999787596517e+00  8.489367813565752e-07  1.550049327741217e+00 
 1.150791231206536e-07  0.000000000000000e+00  7.744951705113396e-01  7.418116735938708e-01  9.833153839280424e-01  1.199999787596461e+00  8.454201948935349e-07  1.550050741469017e+00 
 1.152791231206536e-07  0.000000000000000e+00  7.744971728532898e-01  7.417899723201213e-01  9.833266042329571e-01  1.199999787596479e+00  8.419335987002873e-07  1.550052164016183e+00 
 1.154791231206536e-07  0.000000000000000e+00  7.744991629825262e-01  7.417684061578048e-01  9.833376167059433e-01  1.199999787596521e+00  8.384766190698589e-07  1.550053594654176e+00 
 1.156791231206536e-07  0.000000000000000e+00  7.745011410474871e-01  7.417469742555076e-01  9.833484254929566e-01  1.199999787596373e+00  8.350488687228414e-07  1.550055032670806e+00 
 1.158791231206536e-07  0.000000000000000e+00  7.745031071926166e-01  7.417256757686046e-01  9.833590346517870e-01  1.199999787596438e+00  8.316499865828898e-07  1.550056477370482e+00 
 1.160791231206536e-07  0.000000000000000e+00  7.745050615583934e-01  7.417045098601373e-01  9.833694481555606e-01  1.199999787596446e+00  8.282796147703838e-07  1.550057928074465e+00 
 1.162791231206536e-07  0.000000000000000e+00  7.745070042814740e-01  7.416834757006221e-01  9.833796698946473e-01  1.199999787596360e+00  8.249373793614031e-07  1.550059384120998e+00 
 1.164791231206536e-07  0.000000000000000e+00  7.745089354948074e-01  7.416625724675567e-01  9.833897036778617e-01  1.199999787596421e+00  8.216229434103539e-07  1.550060844865464e+00 
 1.166791231206536e-07  0.000000000000000e+00  7.745108553276447e-01  7.416417993445400e-01  9.833995532351966e-01  1.199999787596412e+00  8.183359680151547e-07  1.550062309680434e+00 
 1.168791231206536e-07  0.000000000000000e+00  7.745127639056926e-01  7.416211555226492e-01  9.834092222196491e-01  1.199999787596502e+00  8.150760956395630e-07  1.550063777955710e+00 
 1.170791231206536e-07  0.000000000000000e+00  7.745146613459060e-01  7.416006401936562e-01  9.834187142085279e-01  1.199999787596421e+00  8.118374668860144e-07  1.550065249098330e+00 
 1.172791231206536e-07  0.000000000000000e+00  7.745165477700687e-01  7.415802525644150e-01  9.834280327063620e-01  1.199999787596413e+00  8.086300496373641e-07  1.550066722532527e+00 
 1.174791231206536e-07  0.000000000000000e+00  7.745184232955160e-01  7.415599918469691e-01  9.834371811453037e-01  1.199999787596311e+00  8.054498267386929e-07  1.550068197699652e+00 
 1.176791231206537e-07  0.000000000000000e+00  7.745202880350991e-01  7.415398572579741e-01  9.834461628869964e-01  1.199999787596386e+00  8.022953770599926e-07  1.550069674058095e+00 
 1.178791231206537e-07  0.000000000000000e+00  7.745221420981623e-01  7.415198480198599e-01  9.834549812260894e-01  1.199999787596478e+00  7.991663695037919e-07  1.550071151083116e+00 
 1.180791231206537e-07  0.000000000000000e+00  7.745239855908365e-01  7.414999633612603e-01  9.834636393893946e-01  1.199999787596499e+00  7.960625492861037e-07  1.550072628266695e+00 
 1.182791231206537e-07  0.000000000000000e+00  7.745258186163227e-01  7.414802025158372e-01  9.834721405382184e-01  1.199999787596525e+00  7.929836058751465e-07  1.550074105117335e+00 
 1.184791231206537e-07  0.000000000000000e+00  7.745276412748975e-01  7.414605647238959e-01  9.834804877707805e-01  1.199999787596448e+00  7.899292441067150e-07  1.550075581159864e+00 
 1.186791231206537e-07  0.000000000000000e+00  7.745294536640667e-01  7.414410492309644e-01  9.834886841228611e-01  1.199999787596451e+00  7.868991869338181e-07  1.550077055935159e+00 
 1.188791231206537e-07  0.000000000000000e+00  7.745312558786174e-01  7.414216552880273e-01  9.834967325693096e-01  1.199999787596456e+00  7.838931180165530e-07  1.550078528999923e+00 
 1.190791231206537e-07  0.000000000000000e+00  7.745330480106913e-01  7.414023821522979e-01  9.835046360258505e-01  1.199999787596261e+00  7.809107801961819e-07  1.550079999926379e+00 
 1.192791231206537e-07  0.000000000000000e+00  7.745348301498868e-01  7.413832290858466e-01  9.835123973491441e-01  1.199999787596404e+00  7.779518786888811e-07  1.550081468301993e+00 
 1.194791231206537e-07  0.000000000000000e+00  7.745366023833122e-01  7.413641953559229e-01  9.835200193391636e-01  1.199999787596508e+00  7.750161419871004e-07  1.550082933729166e+00 
 1.196791231206536e-07  0.000000000000000e+00  7.745383647957026e-01  7.413452802357470e-01  9.835275047404718e-01  1.199999787596431e+00  7.721032994444064e-07  1.550084395824908e+00 
 1.198395615603268e-07  0.000000000000000e+00  7.745397715427320e-01  7.413301919616098e-01  9.835334124200770e-01  1.199999787596720e+00  7.697847196251846e-07  1.550085566067582e+00 
 1.200000000000000e-07  7.940933880509067e-14  7.745411720627021e-01  7.413151792004405e-01  9.835392352255152e-01  1.199999787596727e+00  7.674791316866005e-07  1.550086733755468e+00 
 1.200001193370395e-07  7.160222367621647e-04  7.745429229405012e-01  7.413169195380145e-01  9.835393110793184e-01  1.200003159436179e+00  8.436155787307220e-07  1.550086734623061e+00 
 1.200003580111183e-07  2.148066709968857e-03  7.745470132426890e-01  7.413210070426621e-01  9.835395141470666e-01  1.200013106591486e+00  1.034674294032520e-06  1.550086736358246e+00 
 1.200006801432138e-07  4.080859282529548e-03  7.745528879402128e-01  7.413269186422983e-01  9.835398277461106e-01  1.200027749401504e+00  1.270762557785410e-06  1.550086738700168e+00 
 1.200010581310905e-07  6.348786543067330e-03  7.745597822493925e-01  7.413338937050130e-01  9.835401949249681e-01  1.200042053652522e+00  1.479019422196901e-06  1.550086741448153e+00 
 1.200015949082569e-07  9.569449541623479e-03  7.745693606650007e-01  7.413436206347384e-01  9.835406802571107e-01  1.200055578124040e+00  1.674608218074983e-06  1.550086745350516e+00 
 1.200025866001828e-07  1.551960109660724e-02  7.745865091690339e-01  7.413610991892038e-01  9.835414748647495e-01  1.200066048592518e+00  1.849449767743830e-06  1.550086752560018e+00 
 1.200045699840344e-07  2.741990420657475e-02  7.746191741749787e-01  7.413945538242345e-01  9.835427901624095e-01  1.200060578855268e+00  1.852542593101629e-06  1.550086766978720e+00 
 1.200085348089943e-07  5.120885396571843e-02  7.746796064556469e-01  7.414568389136282e-01  9.835447245544962e-01  1.200027719852419e+00  1.479398833356509e-06  1.550086795800778e+00 
 1.200145065210801e-07  8.703912648041744e-02  7.747621849648366e-01  7.415425714417839e-01  9.835465597906884e-01  1.199994916459029e+00  9.282760806068099e-07  1.550086839208884e+00 
 1.200214839798068e-07  1.289038788405229e-01  7.748504405565347e-01  7.416347996851882e-01  9.835477289978735e-01  1.199985167923320e+00  5.703417615009112e-07  1.550086889924690e+00 
 1.200302472302621e-07  1.814833815725124e-01  7.749542276427268e-01  7.417437434024636e-01  9.835484256421463e-01  1.199988681031105e+00  4.313645366271854e-07  1.550086953621450e+00 
 1.200410159411423e-07  2.460956468538774e-01  7.750761073880512e-01  7.418719483562902e-01  9.835487697217036e-01  1.199994826982716e+00  4.667344662302036e-07  1.550087031915285e+00 
 1.200501394549972e-07  3.008367299834341e-01  7.751745963289297e-01  7.419755799605164e-01  9.835488608428163e-01  1.199998191695260e+00  5.489837706477985e-07  1.550087098287181e+00 
 1.200546793735314e-07  3.280762411886471e-01  7.752207145940218e-01  7.420240945411811e-01  9.835488484412246e-01  1.199999330577415e+00  5.862822438377959e-07  1.550087131334161e+00 
 1.200596885567804e-07  3.581313406823236e-01  7.752663202056298e-01  7.420720550826831e-01  9.835487563397005e-01  1.200000417501428e+00  6.088386312402220e-07  1.550087167819539e+00 
 1.200638921898956e-07  3.833531393733630e-01  7.752969405430332e-01  7.421042488385478e-01  9.835485630994304e-01  1.200001289353426e+00  6.057812775980484e-07  1.550087198460682e+00 
 1.200680035926840e-07  4.080215561039003e-01  7.753159273656625e-01  7.421242079763730e-01  9.835482066366813e-01  1.200002148847872e+00  5.795570582585799e-07  1.550087228454527e+00 
 1.200721505014182e-07  4.329030085090616e-01  7.753190027860692e-01  7.421274348894109e-01  9.835476075058237e-01  1.200003041383448e+00  5.294643874906822e-07  1.550087258737474e+00 
 1.200763703215165e-07  4.582219290990819e-01  7.752993898470549e-01  7.421067962754613e-01  9.835466738631192e-01  1.200003989093121e+00  4.561446373847755e-07  1.550087289589540e+00 
 1.200805569636450e-07  4.833417818700522e-01  7.752502304201806e-01  7.420550665322895e-01  9.835453453350103e-01  1.200004982233660e+00  3.632492496484507e-07  1.550087320241709e+00 
 1.200846323029411e-07  5.077938176468437e-01  7.751665023682646e-01  7.419669477418069e-01  9.835435890000147e-01  1.200006013157384e+00  2.547642538601631e-07  1.550087350126196e+00 
 1.200885965139262e-07  5.315790835568912e-01  7.750435607145417e-01  7.418375395719740e-01  9.835413680795648e-01  1.200007088139848e+00  1.331649822854629e-07  1.550087379246888e+00 
 1.200928650860405e-07  5.571905162429677e-01  7.748563550163337e-01  7.416404755525388e-01  9.835383299945446e-01  1.200008334370997e+00 -1.316001762728322e-08  1.550087410667656e+00 
 1.200967747355516e-07  5.806484133095851e-01  7.746273369780630e-01  7.413995020015626e-01  9.835348962603280e-01  1.200009555930961e+00 -1.585202089597788e-07  1.550087439511690e+00 
 1.201009469790410e-07  6.056818742457136e-01  7.743131959283455e-01  7.410700440810641e-01  9.835304766927426e-01  1.200010945311405e+00 -3.219962263541903e-07  1.550087470369993e+00 
 1.201049989164354e-07  6.299934986121126e-01  7.739234181996876e-01  7.406707313932328e-01  9.835252841963692e-01  1.200012418079332e+00 -4.953866656865445e-07  1.550087500422093e+00 
 1.201068749048813e-07  6.412494292876157e-01  7.736995709188561e-01  7.404560778459784e-01  9.835223834693484e-01  1.200013346412493e+00 -6.016228881067925e-07  1.550087514365132e+00 
 1.201082816362119e-07  6.496898172713390e-01  7.735003866747230e-01  7.402788683569856e-01  9.835198234472484e-01  1.200014357404382e+00 -7.113638432910269e-07  1.550087524833333e+00 
 1.201098333788513e-07  6.590002731076218e-01  7.732378830530673e-01  7.400598830253667e-01  9.835164671872698e-01  1.200015844750634e+00 -8.750996731620928e-07  1.550087536393888e+00 
 1.201116495774195e-07  6.698974645168808e-01  7.728690110872489e-01  7.397578002988419e-01  9.835118207223512e-01  1.200017746695370e+00 -1.112522153406612e-06  1.550087549942937e+00 
 1.201135284975063e-07  6.811709850378144e-01  7.724268486807669e-01  7.393803972051187e-01  9.835064215019985e-01  1.200019080445131e+00 -1.368807003967847e-06  1.550087563981185e+00 
 1.201154769668014e-07  6.928618008084705e-01  7.719174579165146e-01  7.389186272744445e-01  9.835004797075771e-01  1.200018814282972e+00 -1.601096486781618e-06  1.550087578562530e+00 
 1.201175330469156e-07  7.051982814936477e-01  7.713349124326310e-01  7.383633945625232e-01  9.834940450942610e-01  1.200016185846845e+00 -1.783692168317447e-06  1.550087593975683e+00 
 1.201197816201814e-07  7.186897210886819e-01  7.706538730815280e-01  7.376910522700921e-01  9.834869508234045e-01  1.200010717560726e+00 -1.904030646268130e-06  1.550087610863583e+00 
 1.201218868251903e-07  7.313209511419566e-01  7.699813061588496e-01  7.370124170588532e-01  9.834803310807790e-01  1.200003639623877e+00 -1.946409236046158e-06  1.550087626705141e+00 
 1.201241879983664e-07  7.451279901982792e-01  7.692146667142279e-01  7.362283810915136e-01  9.834731860303191e-01  1.199994482424260e+00 -1.925716612709120e-06  1.550087644055214e+00 
 1.201264946125892e-07  7.589676755350333e-01  7.684202305263634e-01  7.354087639782717e-01  9.834661721931569e-01  1.199984489709734e+00 -1.847483950813585e-06  1.550087661481692e+00 
 1.201290575266941e-07  7.743451601643334e-01  7.675149762699222e-01  7.344694035183246e-01  9.834585976314278e-01  1.199973153174273e+00 -1.709684731044346e-06  1.550087680885288e+00 
 1.201318375537523e-07  7.910253225137057e-01  7.665149310237632e-01  7.334275785671642e-01  9.834506723007107e-01  1.199961405156705e+00 -1.518563300657253e-06  1.550087701979430e+00 
 1.201353227832888e-07  8.119366997325153e-01  7.652489494000893e-01  7.321051446173314e-01  9.834412004256635e-01  1.199948981334484e+00 -1.242408702102800e-06  1.550087728488015e+00 
 1.201389291125568e-07  8.335746753409663e-01  7.639367921412876e-01  7.307323593494032e-01  9.834319164733620e-01  1.199939810530977e+00 -9.406758704989457e-07  1.550087755982514e+00 
 1.201424074142282e-07  8.544444853692662e-01  7.626736264676091e-01  7.294103106855753e-01  9.834233401946584e-01  1.199934614388289e+00 -6.626121010575720e-07  1.550087782550210e+00 
 1.201457061457941e-07  8.742368747647737e-01  7.614776906821771e-01  7.281593817927269e-01  9.834154037702936e-01  1.199932687301651e+00 -4.331501762561835e-07  1.550087807775529e+00 
 1.201488374112885e-07  8.930244677308933e-01  7.603435843483332e-01  7.269750533437298e-01  9.834079377618917e-01  1.199931765304628e+00 -2.573771529178724e-07  1.550087831729818e+00 
 1.201521269518179e-07  9.127617109073507e-01  7.591576790958404e-01  7.257404101487547e-01  9.834001434819675e-01  1.199922315461284e+00 -1.118686772799693e-07  1.550087856882935e+00 
 1.201550381065624e-07  9.302286393745111e-01  7.581212833258923e-01  7.246668675847118e-01  9.833933494620981e-01  1.199896760268370e+00 -2.522174583335229e-09  1.550087879112586e+00 
 1.201582818515811e-07  9.496911094866675e-01  7.569930262988430e-01  7.235083258128102e-01  9.833859847275052e-01  1.199847637180270e+00  1.133408310169913e-07  1.550087903820434e+00 
 1.201614345094955e-07  9.686070569726976e-01  7.559321054222691e-01  7.224348769969466e-01  9.833790662208477e-01  1.199785834666611e+00  2.239985857129673e-07  1.550087927741510e+00 
 1.201648364023146e-07  9.890184138874781e-01  7.548308731394529e-01  7.213442090867811e-01  9.833718030937671e-01  1.199715304819835e+00  3.326748016650900e-07  1.550087953408980e+00 
 1.201683695001964e-07  1.010217001178329e+00  7.537340704873930e-01  7.202815337357810e-01  9.833643451781057e-01  1.199651500951374e+00  4.193847651023583e-07  1.550087979854029e+00 
 1.201716162597320e-07  1.029697558392272e+00  7.527683122159986e-01  7.193488855030306e-01  9.833574837197746e-01  1.199611685604005e+00  4.713328298480354e-07  1.550088003913332e+00 
 1.201746221464111e-07  1.047732878466477e+00  7.519111778509322e-01  7.185013412539308e-01  9.833510834156939e-01  1.199595778653366e+00  4.980451452276519e-07  1.550088025932745e+00 
 1.201777975424655e-07  1.066785254793182e+00  7.510410274179837e-01  7.176096287030518e-01  9.833441776108113e-01  1.199600887498206e+00  5.016132944069863e-07  1.550088048870685e+00 
 1.201813657279228e-07  1.088194367536865e+00  7.501066752390722e-01  7.166148848014497e-01  9.833361963764102e-01  1.199627689353044e+00  4.827528538686558e-07  1.550088074168472e+00 
 1.201850764469370e-07  1.110458681622218e+00  7.491948085797048e-01  7.156061039454459e-01  9.833277618479117e-01  1.199670213891229e+00  4.618012115018694e-07  1.550088099836941e+00 
 1.201888919127943e-07  1.133351476765640e+00  7.483315818546880e-01  7.146229362755504e-01  9.833190306505452e-01  1.199722085595046e+00  4.526237893515139e-07  1.550088125421184e+00 
 1.201930343422498e-07  1.158206053498729e+00  7.474871078128419e-01  7.136466949992762e-01  9.833094702732205e-01  1.199783960122186e+00  4.537124260817552e-07  1.550088152093223e+00 
 1.201965171711249e-07  1.179103026749370e+00  7.468544460995736e-01  7.129135807873703e-01  9.833013127874738e-01  1.199840343624440e+00  4.552158474292398e-07  1.550088173489240e+00 
 1.202000000000000e-07  1.200000000000000e+00  7.462928525725236e-01  7.122658386272008e-01  9.832929683956605e-01  1.199900984940185e+00  4.498731413795330e-07  1.550088193799729e+00 
 1.202002571625859e-07  1.200000000000000e+00  7.462492440739137e-01  7.122165300290648e-01  9.832921897194227e-01  1.199899369215992e+00  3.220995120848530e-07  1.550088195252562e+00 
 1.202007714877577e-07  1.200000000000000e+00  7.461605311707025e-01  7.121165927351082e-01  9.832905435854813e-01  1.199893663963352e+00  7.913126827581440e-08  1.550088198141802e+00 
 1.202014028752704e-07  1.200000000000000e+00  7.460536242761873e-01  7.119962716364449e-01  9.832885489107749e-01  1.199888548605463e+00 -6.399709918773755e-08  1.550088201652876e+00 
 1.202021635035567e-07  1.200000000000000e+00  7.459302958875614e-01  7.118573579244794e-01  9.832863235453195e-01  1.199887463282993e+00 -2.094100402805221e-08  1.550088205826869e+00 
 1.202033090984798e-07  1.200000000000000e+00  7.457552667149766e-01  7.116600533843781e-01  9.832833457909264e-01  1.199894379961131e+00  3.004415281698813e-07  1.550088211993138e+00 
 1.202052497106435e-07  1.200000000000000e+00  7.454830753343001e-01  7.113532403075690e-01  9.832790750202737e-01  1.199921678941883e+00  1.080692471046307e-06  1.550088222091107e+00 
 1.202074026661349e-07  1.200000000000000e+00  7.452118312413643e-01  7.110478364711442e-01  9.832751909426217e-01  1.199966247514880e+00  1.948851044602726e-06  1.550088232751792e+00 
 1.202105302351888e-07  1.200000000000000e+00  7.448678263311463e-01  7.106612071152345e-01  9.832706949811953e-01  1.200044051968203e+00  2.924964243601700e-06  1.550088247133135e+00 
 1.202145089385454e-07  1.200000000000000e+00  7.445059886571720e-01  7.102550594132535e-01  9.832663503086586e-01  1.200152550955259e+00  3.652931577565778e-06  1.550088263334135e+00 
 1.202197586115971e-07  1.200000000000000e+00  7.441410650480398e-01  7.098442845280012e-01  9.832620891702126e-01  1.200303707064449e+00  3.976823283048658e-06  1.550088280627931e+00 
 1.202245781736691e-07  1.200000000000000e+00  7.439033397001397e-01  7.095733637198155e-01  9.832590345846277e-01  1.200453054751712e+00  3.876936304158434e-06  1.550088291882040e+00 
 1.202303476110740e-07  1.200000000000000e+00  7.437195129252522e-01  7.093566692919948e-01  9.832558220499779e-01  1.200655835983641e+00  3.538259880968503e-06  1.550088298638903e+00 
 1.202359159244126e-07  1.200000000000000e+00  7.436259221670510e-01  7.092359318120801e-01  9.832528360025272e-01  1.200878540668115e+00  3.174750147709893e-06  1.550088297265936e+00 
 1.202417432299724e-07  1.200000000000000e+00  7.435920828668091e-01  7.091781889307758e-01  9.832497050127855e-01  1.201105103160575e+00  2.918040967237823e-06  1.550088286367591e+00 
 1.202467447651729e-07  1.200000000000000e+00  7.435936192346763e-01  7.091660788476648e-01  9.832470850182200e-01  1.201272922406931e+00  2.903084152395619e-06  1.550088268401222e+00 
 1.202511757810461e-07  1.200000000000000e+00  7.435987715661742e-01  7.091695073045241e-01  9.832449839857277e-01  1.201402217273775e+00  3.134297385954093e-06  1.550088245149419e+00 
 1.202557275555401e-07  1.200000000000000e+00  7.435883678213245e-01  7.091729663910074e-01  9.832433852370992e-01  1.201517590002319e+00  3.696643208745028e-06  1.550088213395990e+00 
 1.202606572139988e-07  1.200000000000000e+00  7.435452423504901e-01  7.091650670934737e-01  9.832430239091493e-01  1.201615795375376e+00  4.747751263592392e-06  1.550088169197436e+00 
 1.202661822298874e-07  1.200000000000000e+00  7.434578493123676e-01  7.091364260695053e-01  9.832457609425094e-01  1.201681483533680e+00  6.507745240455932e-06  1.550088106440135e+00 
 1.202720577881018e-07  1.200000000000000e+00  7.433373027358390e-01  7.090868749558883e-01  9.832544630533585e-01  1.201702669521512e+00  9.000452179915150e-06  1.550088022996949e+00 
 1.202778720532867e-07  1.200000000000000e+00  7.432126661654105e-01  7.090270957415759e-01  9.832712540152782e-01  1.201701891964112e+00  1.193807399211817e-05  1.550087922023942e+00 
 1.202835353301255e-07  1.200000000000000e+00  7.431032482003354e-01  7.089665180919813e-01  9.832975461703449e-01  1.201730195173720e+00  1.502817491501373e-05  1.550087804655314e+00 
 1.202896388634233e-07  1.200000000000000e+00  7.430098128591595e-01  7.089048222783990e-01  9.833391551276186e-01  1.201851442499345e+00  1.835502758605416e-05  1.550087655473666e+00 
 1.202961422780985e-07  1.200000000000000e+00  7.429441119410028e-01  7.088470679714679e-01  9.834012336181133e-01  1.202059639974263e+00  2.171137374220580e-05  1.550087468644125e+00 
 1.203039991707469e-07  1.200000000000000e+00  7.429152302586164e-01  7.087907992697327e-01  9.835048483278193e-01  1.202374064982549e+00  2.542728159890463e-05  1.550087201467117e+00 
 1.203125512846231e-07  1.200000000000000e+00  7.429490984265192e-01  7.087465607404944e-01  9.836593799064032e-01  1.202823016462543e+00  2.915186809397479e-05  1.550086855003468e+00 
 1.203204693020048e-07  1.200000000000000e+00  7.430427756184136e-01  7.087198388013008e-01  9.838478542650895e-01  1.203252210702931e+00  3.248144579870904e-05  1.550086478829358e+00 
 1.203294929192288e-07  1.200000000000000e+00  7.432247523288928e-01  7.087023264949655e-01  9.841262336956853e-01  1.203521567165507e+00  3.640794458386546e-05  1.550085980395902e+00 
 1.203383300686884e-07  1.200000000000000e+00  7.434854642360013e-01  7.086947219925476e-01  9.844769732470824e-01  1.203470390689030e+00  4.068815843908161e-05  1.550085415699234e+00 
 1.203484406215394e-07  1.200000000000000e+00  7.438971166009362e-01  7.086940823917377e-01  9.849935914395863e-01  1.203138939956854e+00  4.650743318922678e-05  1.550084670778846e+00 
 1.203591748620650e-07  1.200000000000000e+00  7.444908800104579e-01  7.087009520536242e-01  9.857062242542609e-01  1.202640309670048e+00  5.426733779380816e-05  1.550083757819802e+00 
 1.203689593774561e-07  1.200000000000000e+00  7.451976995068753e-01  7.087134930559033e-01  9.865313039787761e-01  1.202156946736272e+00  6.328426754815273e-05  1.550082810795882e+00 
 1.203795808206504e-07  1.200000000000000e+00  7.461701609456178e-01  7.087335571619053e-01  9.876466341817504e-01  1.201668836217587e+00  7.565867185623806e-05  1.550081653139711e+00 
 1.203900893289084e-07  1.200000000000000e+00  7.473553525488292e-01  7.087593621328623e-01  9.889918887168510e-01  1.201254680119085e+00  9.060003359088385e-05  1.550080370109845e+00 
 1.204021570087838e-07  1.200000000000000e+00  7.489816810627907e-01  7.087948478253998e-01  9.908296903520361e-01  1.200874861605806e+00  1.102668767520882e-04  1.550078722193045e+00 
 1.204136320450076e-07  1.200000000000000e+00  7.507644525246492e-01  7.088328187250784e-01  9.928458882152106e-01  1.200602766480490e+00  1.308991350826270e-04  1.550076977968442e+00 
 1.204243284565456e-07  1.200000000000000e+00  7.526016570662534e-01  7.088706356299798e-01  9.949349979823104e-01  1.200415854537833e+00  1.493412235766333e-04  1.550075193779605e+00 
 1.204342655978105e-07  1.200000000000000e+00  7.544269118328870e-01  7.089069355959687e-01  9.970311364241344e-01  1.200288734787557e+00  1.467306843703967e-04  1.550073397881448e+00 
 1.204433243686893e-07  1.200000000000000e+00  7.561575292065037e-01  7.089403867811584e-01  9.990471725821036e-01  1.200203444909038e+00  5.958382143262959e-05  1.550071644053088e+00 
 1.204504805088655e-07  1.200000000000000e+00  7.575471699895748e-01  7.089667505971983e-01  1.000692392128518e+00  1.200152385734522e+00 -1.476473059849048e-04  1.550070179890849e+00 
 1.204565963757763e-07  1.200000000000000e+00  7.587360954405923e-01  7.089890944221674e-01  1.002120813880895e+00  1.200117789767227e+00 -4.881336975391573e-04  1.550068873675949e+00 
 1.204617222643730e-07  1.200000000000000e+00  7.597247171465169e-01  7.090076236791572e-01  1.003324360746208e+00  1.200094011317431e+00 -9.543660709927840e-04  1.550067740109105e+00 
 1.204661375654301e-07  1.200000000000000e+00  7.605638969235703e-01  7.090233954519433e-01  1.004360105661946e+00  1.200076699933871e+00 -1.555306757066193e-03  1.550066735491427e+00 
 1.204701961077181e-07  1.200000000000000e+00  7.613187763584778e-01  7.090376946278398e-01  1.005308338569504e+00  1.200062977183944e+00 -2.340532446087853e-03  1.550065789181980e+00 
 1.204741701877264e-07  1.200000000000000e+00  7.620354146461203e-01  7.090514609316941e-01  1.006232044458259e+00  1.200051281330403e+00 -3.401194855314537e-03  1.550064841497504e+00 
 1.204784299951817e-07  1.200000000000000e+00  7.627689720319607e-01  7.090658912914094e-01  1.007217003523456e+00  1.200040387297633e+00 -4.931377273534011e-03  1.550063802723032e+00 
 1.204830632055898e-07  1.200000000000000e+00  7.635142580385136e-01  7.090811428395021e-01  1.008282457080929e+00  1.200030196687418e+00 -7.107234736812192e-03  1.550062646195661e+00 
 1.204873954538596e-07  1.200000000000000e+00  7.641578841292553e-01  7.090950329250354e-01  1.009269674037000e+00  1.200022037827895e+00 -9.658675004191991e-03  1.550061539895075e+00 
 1.204899663182264e-07  1.200000000000000e+00  7.645187697930078e-01  7.091031798754955e-01  1.009847900637156e+00  1.200017773608691e+00 -1.134353845411900e-02  1.550060872107474e+00 
 1.204928837100871e-07  1.200000000000000e+00  7.649134504914642e-01  7.091124162106834e-01  1.010493556529915e+00  1.200013407704414e+00 -1.328610956127927e-02  1.550060104239794e+00 
 1.204956631762057e-07  1.200000000000000e+00  7.652775453601318e-01  7.091212464207498e-01  1.011095964626515e+00  1.200009676022028e+00 -1.496635433856424e-02  1.550059362808428e+00 
 1.204983401134547e-07  1.200000000000000e+00  7.656187721484301e-01  7.091297936960990e-01  1.011663710250543e+00  1.200006438194892e+00 -1.603852618279758e-02  1.550058639710459e+00 
 1.205008633758653e-07  1.200000000000000e+00  7.659325436430192e-01  7.091378884896674e-01  1.012188142965937e+00  1.200003672902807e+00 -1.607015721195926e-02  1.550057950098588e+00 
 1.205028658083872e-07  1.200000000000000e+00  7.661764347561776e-01  7.091443377987197e-01  1.012597602864703e+00  1.200001658064300e+00 -1.544398429622161e-02  1.550057397333677e+00 
 1.205042904898793e-07  1.200000000000000e+00  7.663474054150549e-01  7.091489405538581e-01  1.012885673709027e+00  1.200000314110149e+00 -1.478110972849479e-02  1.550057001114156e+00 
 1.205056504326865e-07  1.200000000000000e+00  7.665088148042999e-01  7.091533462193635e-01  1.013158417088716e+00  1.199999095936758e+00 -1.400931089179941e-02  1.550056620633871e+00 
 1.205070891254996e-07  1.200000000000000e+00  7.666778975414611e-01  7.091580215067766e-01  1.013444883863592e+00  1.199997872157302e+00 -1.304200941183900e-02  1.550056215727890e+00 
 1.205087464861552e-07  1.200000000000000e+00  7.668708495341969e-01  7.091634279438829e-01  1.013772603269658e+00  1.199996540698106e+00 -1.175254658102593e-02  1.550055746250248e+00 
 1.205104462113696e-07  1.200000000000000e+00  7.670669025167347e-01  7.091689956405506e-01  1.014106263479339e+00  1.199995257455398e+00 -1.030880306378046e-02  1.550055261425847e+00 
 1.205129413147307e-07  1.200000000000000e+00  7.673512217146986e-01  7.091772026789390e-01  1.014590800134101e+00  1.199993511810425e+00 -8.217439323041547e-03  1.550054543650476e+00 
 1.205147725176728e-07  1.200000000000000e+00  7.675570449390848e-01  7.091832449447021e-01  1.014941491233454e+00  1.199992327427667e+00 -6.846511898349534e-03  1.550054012295806e+00 
 1.205166010703065e-07  1.200000000000000e+00  7.677599066702216e-01  7.091892878979270e-01  1.015286547575582e+00  1.199991219350252e+00 -5.697236176062219e-03  1.550053477889334e+00 
 1.205187808911630e-07  1.200000000000000e+00  7.679980106013359e-01  7.091964977745109e-01  1.015690109637540e+00  1.199989987382272e+00 -4.627595367011626e-03  1.550052835884676e+00 
 1.205208113743841e-07  1.200000000000000e+00  7.682161154653915e-01  7.092032175620677e-01  1.016057674959750e+00  1.199988920855474e+00 -3.885959985827439e-03  1.550052233078846e+00 
 1.205233706094971e-07  1.200000000000000e+00  7.684860400102799e-01  7.092116920166640e-01  1.016508698591461e+00  1.199987679731499e+00 -3.208548108672356e-03  1.550051466805280e+00 
 1.205260274197431e-07  1.200000000000000e+00  7.687606582788837e-01  7.092204969472057e-01  1.016961874243531e+00  1.199986504707405e+00 -2.710664497675011e-03  1.550050663753823e+00 
 1.205294905518317e-07  1.200000000000000e+00  7.691106145164026e-01  7.092319883742693e-01  1.017529025196257e+00  1.199985131522856e+00 -2.244445043480211e-03  1.550049605611688e+00 
 1.205334496499277e-07  1.200000000000000e+00  7.695003377442796e-01  7.092451472481249e-01  1.018144482268978e+00  1.199983758907043e+00 -1.852197298441537e-03  1.550048380474653e+00 
 1.205388457352041e-07  1.200000000000000e+00  7.700144993649989e-01  7.092631110872080e-01  1.018927704241529e+00  1.199982177916537e+00 -1.443443951401468e-03  1.550046684845350e+00 
 1.205449404216456e-07  1.200000000000000e+00  7.705711476897399e-01  7.092834106722419e-01  1.019739293992480e+00  1.199980725229819e+00 -1.087973690705489e-03  1.550044735071289e+00 
 1.205512710590248e-07  1.200000000000000e+00  7.711199356696008e-01  7.093044599153491e-01  1.020507793917189e+00  1.199979517431521e+00 -8.041677168981324e-04  1.550042672481334e+00 
 1.205581867628647e-07  1.200000000000000e+00  7.716809539437179e-01  7.093273566571322e-01  1.021268966294447e+00  1.199978474306156e+00 -5.712107248033241e-04  1.550040377899571e+00 
 1.205653752738913e-07  1.200000000000000e+00  7.722169604802341e-01  7.093510103256990e-01  1.021979802080981e+00  1.199977632685638e+00 -3.960415067534538e-04  1.550037949545019e+00 
 1.205732611831033e-07  1.200000000000000e+00  7.727456549139373e-01  7.093767770017070e-01  1.022670138164005e+00  1.199976935336412e+00 -2.628531680087573e-04  1.550035238248267e+00 
 1.205819715643614e-07  1.200000000000000e+00  7.732546026824557e-01  7.094050359641408e-01  1.023327978798138e+00  1.199976381352244e+00 -1.661169243355413e-04  1.550032190479958e+00 
 1.205900544848965e-07  1.200000000000000e+00  7.736560808423228e-01  7.094311067869420e-01  1.023844019483404e+00  1.199976027898189e+00 -1.085649263914436e-04  1.550029316785530e+00 
 1.205992732373627e-07  1.200000000000000e+00  7.740338634015700e-01  7.094607309816945e-01  1.024328702960209e+00  1.199975768624281e+00 -6.661693665184455e-05  1.550025991746191e+00 
 1.206080028756174e-07  1.200000000000000e+00  7.743194410589088e-01  7.094887527276921e-01  1.024695282420651e+00  1.199975632369824e+00 -4.175996308277948e-05  1.550022802022387e+00 
 1.206181335782591e-07  1.200000000000000e+00  7.745757173171050e-01  7.095213362250080e-01  1.025024806709419e+00  1.199975570867441e+00 -2.386905552336752e-05  1.550019058202730e+00 
 1.206285546635152e-07  1.200000000000000e+00  7.747714555020331e-01  7.095550076827714e-01  1.025276693987680e+00  1.199975581431377e+00 -1.306943266442576e-05  1.550015168850849e+00 
 1.206385007290340e-07  1.200000000000000e+00  7.749090229961465e-01  7.095873275375695e-01  1.025453155107455e+00  1.199975633988259e+00 -7.210118045220199e-06  1.550011429267336e+00 
 1.206491943947950e-07  1.200000000000000e+00  7.750181828644032e-01  7.096222731536834e-01  1.025591488132041e+00  1.199975712192382e+00 -3.740700488756858e-06  1.550007388722393e+00 
 1.206595307717350e-07  1.200000000000000e+00  7.750965725543040e-01  7.096562106045418e-01  1.025688195257543e+00  1.199975793974304e+00 -1.990000189408276e-06  1.550003473110603e+00 
 1.206712307831045e-07  1.200000000000000e+00  7.751636210040310e-01  7.096947507252210e-01  1.025766819816555e+00  1.199975883800195e+00 -9.856836371628349e-07  1.549999041296802e+00 
 1.206835770864269e-07  1.200000000000000e+00  7.752176578574271e-01  7.097354885516578e-01  1.025824751352576e+00  1.199975972210214e+00 -4.760994032253023e-07  1.549994379192790e+00 
 1.206981881372581e-07  1.200000000000000e+00  7.752673535778439e-01  7.097836949406151e-01  1.025870423896201e+00  1.199976070372183e+00 -1.891916688290230e-07  1.549988901864154e+00 
 1.207146750642009e-07  1.200000000000000e+00  7.753115013805079e-01  7.098379886121271e-01  1.025901199396727e+00  1.199976178377357e+00 -3.801686681773183e-08  1.549982801332365e+00 
 1.207348968909321e-07  1.200000000000000e+00  7.753547050099472e-01  7.099043334800317e-01  1.025918052558956e+00  1.199976314282427e+00  4.739409657661549e-08  1.549975479402111e+00 
 1.207590333225978e-07  1.200000000000000e+00  7.753959777414461e-01  7.099830788977406e-01  1.025916788596168e+00  1.199976486450565e+00  8.941001583212343e-08  1.549967038447084e+00 
 1.207847187149574e-07  1.200000000000000e+00  7.754313961673474e-01  7.100663037974905e-01  1.025896752516593e+00  1.199976681092617e+00  1.038488861471892e-07  1.549958487153674e+00 
 1.208124596416870e-07  1.200000000000000e+00  7.754625633497216e-01  7.101555103837069e-01  1.025859038403711e+00  1.199976900008440e+00  1.067930515479226e-07  1.549949829421768e+00 
 1.208421334294902e-07  1.200000000000000e+00  7.754898082813445e-01  7.102501605153874e-01  1.025804766332452e+00  1.199977138165064e+00  1.062781067802149e-07  1.549941305587600e+00 
 1.208749033009557e-07  1.200000000000000e+00  7.755143391472267e-01  7.103537814099652e-01  1.025732225393552e+00  1.199977400368876e+00  1.057252697721364e-07  1.549932841663580e+00 
 1.209112883645832e-07  1.200000000000000e+00  7.755363845852521e-01  7.104677542109800e-01  1.025640103963741e+00  1.199977686613761e+00  1.059005371280899e-07  1.549924656096105e+00 
 1.209528063678670e-07  1.200000000000000e+00  7.755565490707407e-01  7.105964627578595e-01  1.025524102911660e+00  1.199978004958329e+00  1.065171072580063e-07  1.549916884865023e+00 
 1.210005583105994e-07  1.200000000000000e+00  7.755749279508567e-01  7.107427885317034e-01  1.025380473613517e+00  1.199978359829653e+00  1.071379611175268e-07  1.549909963343989e+00 
 1.210568578705186e-07  1.200000000000000e+00  7.755919079521688e-01  7.109130472854783e-01  1.025201526654845e+00  1.199978763476409e+00  1.075511725754428e-07  1.549904407974587e+00 
 1.211240869154022e-07  1.200000000000000e+00  7.756076444913809e-01  7.111132877814530e-01  1.024978979070752e+00  1.199979226002119e+00  1.077462691101294e-07  1.549901096972015e+00 
 1.212064612584707e-07  1.200000000000000e+00  7.756225430804303e-01  7.113542922912856e-01  1.024698395708025e+00  1.199979765903074e+00  1.078077958074169e-07  1.549901230609595e+00 
 1.213090153518579e-07  1.200000000000000e+00  7.756369411094046e-01  7.116479979432294e-01  1.024342706330835e+00  1.199980400034993e+00  1.078130575641255e-07  1.549906470451911e+00 
 1.214393156340263e-07  1.200000000000000e+00  7.756513954792773e-01  7.120116292084255e-01  1.023886970499950e+00  1.199981150524356e+00  1.078056084153281e-07  1.549918820970851e+00 
 1.216022387960835e-07  1.200000000000000e+00  7.756661043238995e-01  7.124522961725979e-01  1.023317573891046e+00  1.199982011611744e+00  1.078004292693589e-07  1.549939507799863e+00 
 1.217990087877955e-07  1.200000000000000e+00  7.756810194192112e-01  7.129653074433723e-01  1.022636186206397e+00  1.199982951930657e+00  1.077990206606128e-07  1.549967594937037e+00 
 1.219990087877954e-07  1.200000000000000e+00  7.756940402374637e-01  7.134668064987055e-01  1.021953892814756e+00  1.199983811413190e+00  1.077991064557093e-07  1.549996072557157e+00 
 1.221990087877954e-07  1.200000000000000e+00  7.757053698605038e-01  7.139497001639898e-01  1.021283513847605e+00  1.199984587667739e+00  1.077994182691021e-07  1.550022315657698e+00 
 1.223990087877954e-07  1.200000000000000e+00  7.757152151047435e-01  7.144153163040358e-01  1.020625642094388e+00  1.199985292196585e+00  1.077994721005529e-07  1.550045321710505e+00 
 1.225990087877954e-07  1.200000000000000e+00  7.757236973058088e-01  7.148648242953549e-01  1.019980373172652e+00  1.199985934488379e+00  1.077994798737943e-07  1.550064863468754e+00 
 1.227990087877954e-07  1.200000000000000e+00  7.757309206241755e-01  7.152992560410942e-01  1.019347554429926e+00  1.199986522431338e+00  1.077994880185174e-07  1.550081150838074e+00 
 1.229990087877954e-07  1.200000000000000e+00  7.757369907436681e-01  7.157195274317628e-01  1.018726913434294e+00  1.199987062638741e+00  1.077995068560672e-07  1.550094594669523e+00 
 1.231990087877954e-07  1.200000000000000e+00  7.757420153650924e-01  7.161264563982024e-01  1.018118123731882e+00  1.199987560694300e+00  1.077995170908904e-07  1.550105662493280e+00 
 1.233990087877954e-07  1.200000000000000e+00  7.757461000914505e-01  7.165207774562072e-01  1.017520838343552e+00  1.199988021343730e+00  1.077995193788954e-07  1.550114800531198e+00 
 1.235990087877954e-07  1.200000000000000e+00  7.757493445857415e-01  7.169031534516662e-01  1.016934706743854e+00  1.199988448646477e+00  1.077995243511892e-07  1.550122398115259e+00 
 1.237990087877953e-07  1.200000000000000e+00  7.757518402233665e-01  7.172741852060985e-01  1.016359383432774e+00  1.199988846094957e+00  1.077995322916130e-07  1.550128776872849e+00 
 1.239990087877953e-07  1.200000000000000e+00  7.757536691391606e-01  7.176344195675235e-01  1.015794532271853e+00  1.199989216710395e+00  1.077995313916382e-07  1.550134193030032e+00 
 1.241990087877953e-07  1.200000000000000e+00  7.757549042353908e-01  7.179843562205924e-01  1.015239828704681e+00  1.199989563120108e+00  1.077995369128843e-07  1.550138845700551e+00 
 1.243990087877953e-07  1.200000000000000e+00  7.757556097415643e-01  7.183244534935512e-01  1.014694960925407e+00  1.199989887618587e+00  1.077995302729117e-07  1.550142887081619e+00 
 1.245990087877953e-07  1.200000000000000e+00  7.757558420339717e-01  7.186551333370879e-01  1.014159630513723e+00  1.199990192219620e+00  1.077995408046659e-07  1.550146432409873e+00 
 1.247990087877953e-07  1.200000000000000e+00  7.757556505337189e-01  7.189767856013942e-01  1.013633552777631e+00  1.199990478697377e+00  1.077995364415196e-07  1.550149568690513e+00 
 1.249990087877953e-07  1.200000000000000e+00  7.757550785831865e-01  7.192897717186557e-01  1.013116456910871e+00  1.199990748621605e+00  1.077995330982254e-07  1.550152361871254e+00 
 1.251990087877953e-07  1.200000000000000e+00  7.757541642518774e-01  7.195944278751073e-01  1.012608086008529e+00  1.199991003385280e+00  1.077995380890572e-07  1.550154862480530e+00 
 1.253990087877952e-07  1.200000000000000e+00  7.757529410530095e-01  7.198910677504181e-01  1.012108196957392e+00  1.199991244230207e+00  1.077995426673698e-07  1.550157109911191e+00 
 1.255990087877952e-07  1.200000000000000e+00  7.757514385685518e-01  7.201799848853908e-01  1.011616560211346e+00  1.199991472265550e+00  1.077995388224754e-07  1.550159135587083e+00 
 1.257990087877952e-07  1.200000000000000e+00  7.757496829881805e-01  7.204614547352512e-01  1.011132959459627e+00  1.199991688485674e+00  1.077995373386045e-07  1.550160965250021e+00 
 1.259990087877952e-07  1.200000000000000e+00  7.757476975710769e-01  7.207357364557853e-01  1.010657191201696e+00  1.199991893785351e+00  1.077995397145412e-07  1.550162620578153e+00 
 1.261990087877952e-07  1.200000000000000e+00  7.757455030404433e-01  7.210030744612630e-01  1.010189064241883e+00  1.199992088970433e+00  1.077995425558942e-07  1.550164120310437e+00 
 1.263990087877952e-07  1.200000000000000e+00  7.757431179200013e-01  7.212636997913995e-01  1.009728399120285e+00  1.199992274770035e+00  1.077995368002497e-07  1.550165481015323e+00 
 1.265990087877952e-07  1.200000000000000e+00  7.757405588210617e-01  7.215178313129055e-01  1.009275027493663e+00  1.199992451844251e+00  1.077995418982447e-07  1.550166717608809e+00 
 1.267990087877952e-07  1.200000000000000e+00  7.757378406876615e-01  7.217656767817123e-01  1.008828791487961e+00  1.199992620793440e+00  1.077995381582591e-07  1.550167843699608e+00 
 1.269990087877952e-07  1.200000000000000e+00  7.757349770061681e-01  7.220074337853422e-01  1.008389543030666e+00  1.199992782163371e+00  1.077995398342798e-07  1.550168871817442e+00 
 1.271990087877951e-07  1.200000000000000e+00  7.757319799846910e-01  7.222432905820906e-01  1.007957143181783e+00  1.199992936452725e+00  1.077995400870105e-07  1.550169813563967e+00 
 1.273990087877951e-07  1.200000000000000e+00  7.757288607071116e-01  7.224734268505333e-01  1.007531461468701e+00  1.199993084117019e+00  1.077995421218735e-07  1.550170679713365e+00 
 1.275990087877951e-07  1.200000000000000e+00  7.757256292654552e-01  7.226980143612399e-01  1.007112375235898e+00  1.199993225573568e+00  1.077995359929714e-07  1.550171480280957e+00 
 1.277990087877951e-07  1.200000000000000e+00  7.757222948739917e-01  7.229172175802251e-01  1.006699769019688e+00  1.199993361205282e+00  1.077995443748815e-07  1.550172224571965e+00 
 1.279990087877951e-07  1.200000000000000e+00  7.757188659678571e-01  7.231311942112153e-01  1.006293533946254e+00  1.199993491364530e+00  1.077995381633072e-07  1.550172921218097e+00 
 1.281990087877951e-07  1.200000000000000e+00  7.757153502883115e-01  7.233400956866219e-01  1.005893567162527e+00  1.199993616375324e+00  1.077995387968299e-07  1.550173578207002e+00 
 1.283990087877951e-07  1.200000000000000e+00  7.757117549568388e-01  7.235440676088308e-01  1.005499771298734e+00  1.199993736537290e+00  1.077995409836309e-07  1.550174202907591e+00 
 1.285990087877951e-07  1.200000000000000e+00  7.757080865396916e-01  7.237432501494068e-01  1.005112053963738e+00  1.199993852126770e+00  1.077995396783763e-07  1.550174802093160e+00 
 1.287990087877951e-07  1.200000000000000e+00  7.757043511041248e-01  7.239377784114280e-01  1.004730327275669e+00  1.199993963399317e+00  1.077995392350582e-07  1.550175381963372e+00 
 1.289990087877950e-07  1.200000000000000e+00  7.757005542676364e-01  7.241277827566103e-01  1.004354507424322e+00  1.199994070592760e+00  1.077995458542071e-07  1.550175948165777e+00 
 1.291990087877950e-07  1.200000000000000e+00  7.756967012411990e-01  7.243133891014255e-01  1.003984514267219e+00  1.199994173926577e+00  1.077995388725617e-07  1.550176505817260e+00 
 1.293990087877950e-07  1.200000000000000e+00  7.756927968672138e-01  7.244947191858147e-01  1.003620270957851e+00  1.199994273605245e+00  1.077995389660557e-07  1.550177059525631e+00 
 1.295990087877950e-07  1.200000000000000e+00  7.756888456530193e-01  7.246718908171030e-01  1.003261703602402e+00  1.199994369819720e+00  1.077995380702253e-07  1.550177613411488e+00 
 1.297990087877950e-07  1.200000000000000e+00  7.756848518005525e-01  7.248450180911122e-01  1.002908740945268e+00  1.199994462747154e+00  1.077995407936737e-07  1.550178171130402e+00 
 1.299990087877950e-07  1.200000000000000e+00  7.756808192326464e-01  7.250142115930691e-01  1.002561314082306e+00  1.199994552552368e+00  1.077995437033966e-07  1.550178735895484e+00 
 1.301990087877950e-07  1.200000000000000e+00  7.756767516163002e-01  7.251795785802164e-01  1.002219356199193e+00  1.199994639390491e+00  1.077995389356750e-07  1.550179310500261e+00 
 1.303990087877950e-07  1.200000000000000e+00  7.756726523835449e-01  7.253412231468356e-01  1.001882802332297e+00  1.199994723406062e+00  1.077995382965860e-07  1.550179897341937e+00 
 1.305990087877949e-07  1.200000000000000e+00  7.756685247500287e-01  7.254992463765775e-01  1.001551589152932e+00  1.199994804734292e+00  1.077995424987003e-07  1.550180498444869e+00 
 1.307990087877949e-07  1.200000000000000e+00  7.756643717316654e-01  7.256537464786231e-01  1.001225654771631e+00  1.199994883502100e+00  1.077995415162674e-07  1.550181115484364e+00 
 1.309990087877949e-07  1.200000000000000e+00  7.756601961595500e-01  7.258048189150977e-01  1.000904938560796e+00  1.199994959827885e+00  1.077995382031782e-07  1.550181749810498e+00 
 1.311990087877949e-07  1.200000000000000e+00  7.756560006934750e-01  7.259525565145308e-01  1.000589380996572e+00  1.199995033823776e+00  1.077995418547856e-07  1.550182402472077e+00 
 1.313990087877949e-07  1.200000000000000e+00  7.756517878340193e-01  7.260970495775817e-01  1.000278923515440e+00  1.199995105594575e+00  1.077995446157473e-07  1.550183074240507e+00 
 1.315990087877949e-07  1.200000000000000e+00  7.756475599336300e-01  7.262383859732687e-01  9.999735083863909e-01  1.199995175239248e+00  1.077995370889749e-07  1.550183765633567e+00 
 1.317990087877949e-07  1.200000000000000e+00  7.756433192065104e-01  7.263766512275452e-01  9.996730785987097e-01  1.199995242850603e+00  1.077995404268770e-07  1.550184476938878e+00 
 1.319990087877949e-07  1.200000000000000e+00  7.756390677377519e-01  7.265119286052968e-01  9.993775777591525e-01  1.199995308516479e+00  1.077995414894561e-07  1.550185208237018e+00 
 1.321990087877949e-07  1.200000000000000e+00  7.756348074916382e-01  7.266442991858898e-01  9.990869500044527e-01  1.199995372319437e+00  1.077995400917315e-07  1.550185959424193e+00 
 1.323990087877948e-07  1.200000000000000e+00  7.756305403191919e-01  7.267738419329618e-01  9.988011399225177e-01  1.199995434337631e+00  1.077995434456140e-07  1.550186730234315e+00 
 1.325990087877948e-07  1.200000000000000e+00  7.756262679651349e-01  7.269006337594837e-01  9.985200924848655e-01  1.199995494644825e+00  1.077995372139415e-07  1.550187520260437e+00 
 1.327990087877948e-07  1.200000000000000e+00  7.756219920743207e-01  7.270247495875681e-01  9.982437529865176e-01  1.199995553310554e+00  1.077995418790546e-07  1.550188328975361e+00 
 1.329990087877948e-07  1.200000000000000e+00  7.756177141976461e-01  7.271462624062153e-01  9.979720669963973e-01  1.199995610401593e+00  1.077995374023398e-07  1.550189155751508e+00 
 1.331990087877948e-07  1.200000000000000e+00  7.756134357974628e-01  7.272652433232294e-01  9.977049803137550e-01  1.199995665979313e+00  1.077995425762886e-07  1.550189999879759e+00 
 1.333990087877948e-07  1.200000000000000e+00  7.756091582527400e-01  7.273817616161201e-01  9.974424389310471e-01  1.199995720103987e+00  1.077995400070101e-07  1.550190860587380e+00 
 1.335990087877948e-07  1.200000000000000e+00  7.756048828637256e-01  7.274958847787255e-01  9.971843890049685e-01  1.199995772831336e+00  1.077995413973788e-07  1.550191737054912e+00 
 1.337990087877948e-07  1.200000000000000e+00  7.756006108563415e-01  7.276076785657706e-01  9.969307768324430e-01  1.199995824215117e+00  1.077995385300496e-07  1.550192628431900e+00 
 1.339990087877948e-07  1.200000000000000e+00  7.755963433863750e-01  7.277172070359195e-01  9.966815488309482e-01  1.199995874305618e+00  1.077995412125888e-07  1.550193533851600e+00 
 1.341990087877947e-07  1.200000000000000e+00  7.755920815432555e-01  7.278245325912199e-01  9.964366515242218e-01  1.199995923151027e+00  1.077995444392504e-07  1.550194452444452e+00 
 1.343990087877947e-07  1.200000000000000e+00  7.755878263537337e-01  7.279297160166721e-01  9.961960315324271e-01  1.199995970797151e+00  1.077995363233837e-07  1.550195383350475e+00 
 1.345990087877947e-07  1.200000000000000e+00  7.755835787852825e-01  7.280328165173010e-01  9.959596355652333e-01  1.199996017287695e+00  1.077995399474952e-07  1.550196325730378e+00 
 1.347990087877947e-07  1.200000000000000e+00  7.755793397493160e-01  7.281338917541367e-01  9.957274104179432e-01  1.199996062664223e+00  1.077995458528638e-07  1.550197278775578e+00 
 1.349990087877947e-07  1.200000000000000e+00  7.755751101042229e-01  7.282329978777557e-01  9.954993029724254e-01  1.199996106966178e+00  1.077995386094520e-07  1.550198241717003e+00 
 1.351990087877947e-07  1.200000000000000e+00  7.755708906582676e-01  7.283301895631414e-01  9.952752601989493e-01  1.199996150231108e+00  1.077995381594126e-07  1.550199213832794e+00 
 1.353990087877947e-07  1.200000000000000e+00  7.755666821723141e-01  7.284255200408407e-01  9.950552291612357e-01  1.199996192495165e+00  1.077995400795917e-07  1.550200194454811e+00 
 1.355990087877947e-07  1.200000000000000e+00  7.755624853623821e-01  7.285190411296470e-01  9.948391570228258e-01  1.199996233792640e+00  1.077995434414372e-07  1.550201182974075e+00 
 1.357990087877947e-07  1.200000000000000e+00  7.755583009021851e-01  7.286108032667253e-01  9.946269910546772e-01  1.199996274156071e+00  1.077995382718095e-07  1.550202178845137e+00 
 1.359990087877946e-07  1.200000000000000e+00  7.755541294253507e-01  7.287008555372922e-01  9.944186786455875e-01  1.199996313616712e+00  1.077995412046955e-07  1.550203181589402e+00 
 1.361990087877946e-07  1.200000000000000e+00  7.755499715277206e-01  7.287892457044330e-01  9.942141673140482e-01  1.199996352204971e+00  1.077995395150941e-07  1.550204190797453e+00 
 1.363990087877946e-07  1.200000000000000e+00  7.755458277694427e-01  7.288760202381592e-01  9.940134047192883e-01  1.199996389949104e+00  1.077995429392345e-07  1.550205206130477e+00 
 1.365990087877946e-07  1.200000000000000e+00  7.755416986769736e-01  7.289612243435268e-01  9.938163386749481e-01  1.199996426876160e+00  1.077995410800336e-07  1.550206227320716e+00 
 1.367990087877946e-07  1.200000000000000e+00  7.755375847449857e-01  7.290449019870507e-01  9.936229171624456e-01  1.199996463013111e+00  1.077995416425902e-07  1.550207254171197e+00 
 1.369990087877946e-07  1.200000000000000e+00  7.755334864381879e-01  7.291270959254188e-01  9.934330883447345e-01  1.199996498384522e+00  1.077995386935716e-07  1.550208286554529e+00 
 1.371990087877946e-07  1.200000000000000e+00  7.755294041930635e-01  7.292078477311046e-01  9.932468005821341e-01  1.199996533014383e+00  1.077995415637656e-07  1.550209324411099e+00 
 1.373990087877946e-07  1.200000000000000e+00  7.755253384195030e-01  7.292871978198812e-01  9.930640024457759e-01  1.199996566926128e+00  1.077995425165477e-07  1.550210367746552e+00 
 1.375990087877945e-07  1.200000000000000e+00  7.755212895023286e-01  7.293651854759916e-01  9.928846427327692e-01  1.199996600141345e+00  1.077995362419568e-07  1.550211416628621e+00 
 1.377990087877945e-07  1.200000000000000e+00  7.755172578028109e-01  7.294418488776251e-01  9.927086704825577e-01  1.199996632681640e+00  1.077995444119695e-07  1.550212471183476e+00 
 1.379990087877945e-07  1.200000000000000e+00  7.755132436600529e-01  7.295172251215352e-01  9.925360349892732e-01  1.199996664567311e+00  1.077995378445711e-07  1.550213531591533e+00 
 1.381990087877945e-07  1.200000000000000e+00  7.755092473923062e-01  7.295913502490748e-01  9.923666858188411e-01  1.199996695817547e+00  1.077995419386743e-07  1.550214598082852e+00 
 1.383990087877945e-07  1.200000000000000e+00  7.755052692982262e-01  7.296642592697916e-01  9.922005728225421e-01  1.199996726451781e+00  1.077995388360695e-07  1.550215670932152e+00 
 1.385990087877945e-07  1.200000000000000e+00  7.755013096580478e-01  7.297359861854184e-01  9.920376461511343e-01  1.199996756487293e+00  1.077995405232474e-07  1.550216750453488e+00 
 1.387990087877945e-07  1.200000000000000e+00  7.754973687347275e-01  7.298065640137558e-01  9.918778562692901e-01  1.199996785941751e+00  1.077995451177084e-07  1.550217836994719e+00 
 1.389990087877945e-07  1.200000000000000e+00  7.754934467749307e-01  7.298760248119832e-01  9.917211539686779e-01  1.199996814832184e+00  1.077995349192961e-07  1.550218930931732e+00 
 1.391990087877945e-07  1.200000000000000e+00  7.754895440100437e-01  7.299443996999133e-01  9.915674903812686e-01  1.199996843174324e+00  1.077995405308204e-07  1.550220032662548e+00 
 1.393990087877944e-07  1.200000000000000e+00  7.754856606570674e-01  7.300117188817932e-01  9.914168169925275e-01  1.199996870983302e+00  1.077995420903687e-07  1.550221142601292e+00 
 1.395990087877944e-07  1.200000000000000e+00  7.754817969195122e-01  7.300780116698173e-01  9.912690856530302e-01  1.199996898274456e+00  1.077995403697878e-07  1.550222261172135e+00 
 1.397990087877944e-07  1.200000000000000e+00  7.754779529881664e-01  7.301433065059252e-01  9.911242485899084e-01  1.199996925062242e+00  1.077995401274157e-07  1.550223388803254e+00 
 1.399990087877944e-07  1.200000000000000e+00  7.754741290418355e-01  7.302076309822026e-01  9.909822584189640e-01  1.199996951359960e+00  1.077995437080086e-07  1.550224525920794e+00 
 1.401990087877944e-07  1.200000000000000e+00  7.754703252479914e-01  7.302710118634306e-01  9.908430681546645e-01  1.199996977180935e+00  1.077995415891760e-07  1.550225672942925e+00 
 1.403990087877944e-07  1.200000000000000e+00  7.754665417634773e-01  7.303334751080228e-01  9.907066312202242e-01  1.199997002538474e+00  1.077995399757831e-07  1.550226830274046e+00 
 1.405990087877944e-07  1.200000000000000e+00  7.754627787350178e-01  7.303950458877460e-01  9.905729014574325e-01  1.199997027444741e+00  1.077995371522478e-07  1.550227998299146e+00 
 1.407990087877944e-07  1.200000000000000e+00  7.754590362998159e-01  7.304557486088236e-01  9.904418331359535e-01  1.199997051911447e+00  1.077995400398154e-07  1.550229177378325e+00 
 1.409990087877944e-07  1.200000000000000e+00  7.754553145859842e-01  7.305156069313028e-01  9.903133809602499e-01  1.199997075950151e+00  1.077995405897475e-07  1.550230367841566e+00 
 1.411990087877943e-07  1.200000000000000e+00  7.754516137129931e-01  7.305746437889227e-01  9.901875000797127e-01  1.199997099572263e+00  1.077995408424711e-07  1.550231569983798e+00 
 1.413990087877943e-07  1.200000000000000e+00  7.754479337920651e-01  7.306328814079653e-01  9.900641460951699e-01  1.199997122788057e+00  1.077995440990575e-07  1.550232784060132e+00 
 1.415990087877943e-07  1.200000000000000e+00  7.754442749265367e-01  7.306903413266179e-01  9.899432750646909e-01  1.199997145608272e+00  1.077995403854045e-07  1.550234010281548e+00 
 1.417990087877943e-07  1.200000000000000e+00  7.754406372121976e-01  7.307470444132803e-01  9.898248435106433e-01  1.199997168042995e+00  1.077995405050514e-07  1.550235248810779e+00 
 1.419990087877943e-07  1.200000000000000e+00  7.754370207375136e-01  7.308030108844298e-01  9.897088084263935e-01  1.199997190101463e+00  1.077995375721854e-07  1.550236499758565e+00 
 1.421990087877943e-07  1.200000000000000e+00  7.754334255839294e-01  7.308582603221997e-01  9.895951272804193e-01  1.199997211793403e+00  1.077995398055369e-07  1.550237763180323e+00 
 1.423990087877943e-07  1.200000000000000e+00  7.754298518260360e-01  7.309128116929889e-01  9.894837580222775e-01  1.199997233127625e+00  1.077995428181254e-07  1.550239039073063e+00 
 1.425990087877943e-07  1.200000000000000e+00  7.754262995317859e-01  7.309666833629963e-01  9.893746590853074e-01  1.199997254113330e+00  1.077995399717720e-07  1.550240327372804e+00 
 1.427990087877943e-07  1.200000000000000e+00  7.754227687626166e-01  7.310198931161551e-01  9.892677893920518e-01  1.199997274758717e+00  1.077995415720881e-07  1.550241627952289e+00 
 1.429990087877942e-07  1.200000000000000e+00  7.754192595736099e-01  7.310724581700683e-01  9.891631083570912e-01  1.199997295071753e+00  1.077995391712313e-07  1.550242940619078e+00 
 1.431990087877942e-07  1.200000000000000e+00  7.754157720135912e-01  7.311243951919941e-01  9.890605758893369e-01  1.199997315060855e+00  1.077995397066860e-07  1.550244265114087e+00 
 1.433990087877942e-07  1.200000000000000e+00  7.754123061251827e-01  7.311757203141444e-01  9.889601523962763e-01  1.199997334733235e+00  1.077995405544740e-07  1.550245601110438e+00 
 1.435990087877942e-07  1.200000000000000e+00  7.754088619449101e-01  7.312264491501993e-01  9.888617987852888e-01  1.199997354096517e+00  1.077995428153377e-07  1.550246948212735e+00 
 1.437990087877942e-07  1.200000000000000e+00  7.754054395032093e-01  7.312765968087489e-01  9.887654764656417e-01  1.199997373158572e+00  1.077995400974493e-07  1.550248305956699e+00 
 1.439990087877942e-07  1.200000000000000e+00  7.754020388244969e-01  7.313261779093163e-01  9.886711473488858e-01  1.199997391925363e+00  1.077995405765923e-07  1.550249673809172e+00 
 1.441990087877942e-07  1.200000000000000e+00  7.753986599271843e-01  7.313752065955585e-01  9.885787738519052e-01  1.199997410404108e+00  1.077995406078424e-07  1.550251051168495e+00 
 1.443990087877942e-07  1.200000000000000e+00  7.753953028236105e-01  7.314236965505380e-01  9.884883188965621e-01  1.199997428601008e+00  1.077995413327413e-07  1.550252437365196e+00 
 1.445990087877941e-07  1.200000000000000e+00  7.753919675201306e-01  7.314716610088456e-01  9.883997459102785e-01  1.199997446523129e+00  1.077995375643554e-07  1.550253831663042e+00 
 1.447990087877941e-07  1.200000000000000e+00  7.753886540170767e-01  7.315191127715802e-01  9.883130188259377e-01  1.199997464176581e+00  1.077995435791029e-07  1.550255233260417e+00 
 1.449990087877941e-07  1.200000000000000e+00  7.753853623086898e-01  7.315660642181718e-01  9.882281020826289e-01  1.199997481567028e+00  1.077995409843156e-07  1.550256641292018e+00 
 1.451990087877941e-07  1.200000000000000e+00  7.753820923831738e-01  7.316125273191295e-01  9.881449606239692e-01  1.199997498700320e+00  1.077995411951743e-07  1.550258054830798e+00 
 1.453990087877941e-07  1.200000000000000e+00  7.753788442226043e-01  7.316585136493099e-01  9.880635598994831e-01  1.199997515582276e+00  1.077995366584048e-07  1.550259472890240e+00 
 1.455990087877941e-07  1.200000000000000e+00  7.753756178029240e-01  7.317040343991080e-01  9.879838658611430e-01  1.199997532217970e+00  1.077995421162760e-07  1.550260894426867e+00 
 1.457990087877941e-07  1.200000000000000e+00  7.753724130938942e-01  7.317491003867260e-01  9.879058449645538e-01  1.199997548613326e+00  1.077995418920873e-07  1.550262318342988e+00 
 1.459990087877941e-07  1.200000000000000e+00  7.753692300590973e-01  7.317937220696652e-01  9.878294641657833e-01  1.199997564773362e+00  1.077995372965948e-07  1.550263743489655e+00 
 1.461990087877941e-07  1.200000000000000e+00  7.753660686558493e-01  7.318379095555073e-01  9.877546909202809e-01  1.199997580702670e+00  1.077995460399676e-07  1.550265168669889e+00 
 1.463990087877940e-07  1.200000000000000e+00  7.753629288352577e-01  7.318816726129515e-01  9.876814931819109e-01  1.199997596406729e+00  1.077995357713961e-07  1.550266592642013e+00 
 1.465990087877940e-07  1.200000000000000e+00  7.753598105421291e-01  7.319250206827553e-01  9.876098394001122e-01  1.199997611889605e+00  1.077995421499203e-07  1.550268014123185e+00 
 1.467990087877940e-07  1.200000000000000e+00  7.753567137150172e-01  7.319679628885096e-01  9.875396985184572e-01  1.199997627156671e+00  1.077995402027659e-07  1.550269431793056e+00 
 1.469990087877940e-07  1.200000000000000e+00  7.753536382861448e-01  7.320105080451405e-01  9.874710399710367e-01  1.199997642212039e+00  1.077995433545421e-07  1.550270844297591e+00 
 1.471990087877940e-07  1.200000000000000e+00  7.753505841814365e-01  7.320526646706016e-01  9.874038336809408e-01  1.199997657060214e+00  1.077995370853139e-07  1.550272250252964e+00 
 1.473990087877940e-07  1.200000000000000e+00  7.753475513205307e-01  7.320944409938176e-01  9.873380500580182e-01  1.199997671705188e+00  1.077995437496536e-07  1.550273648249520e+00 
 1.475990087877940e-07  1.200000000000000e+00  7.753445396167825e-01  7.321358449651069e-01  9.872736599947594e-01  1.199997686151067e+00  1.077995368713491e-07  1.550275036855872e+00 
 1.477990087877940e-07  1.200000000000000e+00  7.753415489772825e-01  7.321768842649472e-01  9.872106348636929e-01  1.199997700402496e+00  1.077995417572878e-07  1.550276414622959e+00 
 1.479990087877940e-07  1.200000000000000e+00  7.753385793028762e-01  7.322175663122258e-01  9.871489465156064e-01  1.199997714462557e+00  1.077995425120713e-07  1.550277780088207e+00 
 1.481990087877939e-07  1.200000000000000e+00  7.753356304882126e-01  7.322578982735735e-01  9.870885672742304e-01  1.199997728335663e+00  1.077995413047476e-07  1.550279131779650e+00 
 1.483990087877939e-07  1.200000000000000e+00  7.753327024218147e-01  7.322978870715232e-01  9.870294699349640e-01  1.199997742025326e+00  1.077995391459855e-07  1.550280468220061e+00 
 1.485990087877939e-07  1.200000000000000e+00  7.753297949861356e-01  7.323375393917454e-01  9.869716277590096e-01  1.199997755534886e+00  1.077995384525250e-07  1.550281787931060e+00 
 1.487990087877939e-07  1.200000000000000e+00  7.753269080575949e-01  7.323768616929033e-01  9.869150144724457e-01  1.199997768868361e+00  1.077995432340740e-07  1.550283089437156e+00 
 1.489990087877939e-07  1.200000000000000e+00  7.753240415066682e-01  7.324158602118307e-01  9.868596042606875e-01  1.199997782029059e+00  1.077995408066157e-07  1.550284371269807e+00 
 1.491990087877939e-07  1.200000000000000e+00  7.753211951980282e-01  7.324545409731325e-01  9.868053717648979e-01  1.199997795020072e+00  1.077995384444162e-07  1.550285631971316e+00 
 1.493990087877939e-07  1.200000000000000e+00  7.753183689905804e-01  7.324929097950317e-01  9.867522920789648e-01  1.199997807844453e+00  1.077995445810134e-07  1.550286870098684e+00 
 1.495990087877939e-07  1.200000000000000e+00  7.753155627376225e-01  7.325309722970396e-01  9.867003407445653e-01  1.199997820505769e+00  1.077995358252622e-07  1.550288084227375e+00 
 1.497990087877939e-07  1.200000000000000e+00  7.753127762869254e-01  7.325687339066198e-01  9.866494937473832e-01  1.199997833007229e+00  1.077995406919542e-07  1.550289272954963e+00 
 1.499990087877938e-07  1.200000000000000e+00  7.753100094809408e-01  7.326061998656213e-01  9.865997275124998e-01  1.199997845351702e+00  1.077995456300928e-07  1.550290434904630e+00 
 1.501990087877938e-07  1.200000000000000e+00  7.753072621568609e-01  7.326433752371396e-01  9.865510189015186e-01  1.199997857541746e+00  1.077995354496722e-07  1.550291568728584e+00 
 1.503990087877938e-07  1.200000000000000e+00  7.753045341467876e-01  7.326802649120713e-01  9.865033452073537e-01  1.199997869580872e+00  1.077995433213115e-07  1.550292673111292e+00 
 1.505990087877938e-07  1.200000000000000e+00  7.753018252779438e-01  7.327168736143941e-01  9.864566841494230e-01  1.199997881471450e+00  1.077995380434486e-07  1.550293746772557e+00 
 1.507990087877938e-07  1.200000000000000e+00  7.752991353727721e-01  7.327532059071229e-01  9.864110138693749e-01  1.199997893216493e+00  1.077995433372113e-07  1.550294788470461e+00 
 1.509990087877938e-07  1.200000000000000e+00  7.752964642491892e-01  7.327892661989289e-01  9.863663129269604e-01  1.199997904818217e+00  1.077995404267888e-07  1.550295797004147e+00 
 1.511990087877938e-07  1.200000000000000e+00  7.752938117092044e-01  7.328250587522301e-01  9.863225602837210e-01  1.199997916351777e+00  1.077995385780320e-07  1.550296771216415e+00 
 1.513990087877938e-07  1.200000000000000e+00  7.752911775692426e-01  7.328605876795249e-01  9.862797353284926e-01  1.199997927690176e+00  1.077995419829970e-07  1.550297709996037e+00 
 1.515990087877937e-07  1.200000000000000e+00  7.752885616382333e-01  7.328958569559931e-01  9.862378178501338e-01  1.199997938875671e+00  1.077995429937534e-07  1.550298612280010e+00 
 1.517990087877937e-07  1.200000000000000e+00  7.752859637188336e-01  7.329308704241568e-01  9.861967880327460e-01  1.199997949927558e+00  1.077995381259604e-07  1.550299477055792e+00 
 1.519990087877937e-07  1.200000000000000e+00  7.752833836092833e-01  7.329656317982026e-01  9.861566264544085e-01  1.199997960849863e+00  1.077995390579309e-07  1.550300303363176e+00 
 1.521990087877937e-07  1.200000000000000e+00  7.752808211042965e-01  7.330001446680160e-01  9.861173140822483e-01  1.199997971643739e+00  1.077995425058431e-07  1.550301090295921e+00 
 1.523990087877937e-07  1.200000000000000e+00  7.752782759954040e-01  7.330344125049998e-01  9.860788322671827e-01  1.199997982311571e+00  1.077995403942662e-07  1.550301837003234e+00 
 1.525990087877937e-07  1.200000000000000e+00  7.752757480712188e-01  7.330684386653745e-01  9.860411627394312e-01  1.199997992855469e+00  1.077995410978029e-07  1.550302542691036e+00 
 1.527990087877937e-07  1.200000000000000e+00  7.752732371176717e-01  7.331022263949315e-01  9.860042876035862e-01  1.199998003277954e+00  1.077995393605436e-07  1.550303206623062e+00 
 1.529990087877937e-07  1.200000000000000e+00  7.752707429182693e-01  7.331357788333260e-01  9.859681893330409e-01  1.199998013580562e+00  1.077995438237955e-07  1.550303828121798e+00 
 1.531990087877937e-07  1.200000000000000e+00  7.752682652543165e-01  7.331690990183178e-01  9.859328507649997e-01  1.199998023765478e+00  1.077995384200601e-07  1.550304406569184e+00 
 1.533990087877936e-07  1.200000000000000e+00  7.752658039051459e-01  7.332021898890999e-01  9.858982550950107e-01  1.199998033834778e+00  1.077995400011961e-07  1.550304941407217e+00 
 1.535990087877936e-07  1.200000000000000e+00  7.752633586483709e-01  7.332350542909838e-01  9.858643858731142e-01  1.199998043790553e+00  1.077995391419340e-07  1.550305432138318e+00 
 1.537990087877936e-07  1.200000000000000e+00  7.752609292600946e-01  7.332676949783888e-01  9.858312269967073e-01  1.199998053634506e+00  1.077995399987213e-07  1.550305878325546e+00 
 1.539990087877936e-07  1.200000000000000e+00  7.752585155151854e-01  7.333001146192503e-01  9.857987627063852e-01  1.199998063368410e+00  1.077995413855767e-07  1.550306279592638e+00 
 1.541990087877936e-07  1.200000000000000e+00  7.752561171875000e-01  7.333323157972056e-01  9.857669775807554e-01  1.199998072994428e+00  1.077995416993386e-07  1.550306635623877e+00 
 1.543990087877936e-07  1.200000000000000e+00  7.752537340501030e-01  7.333643010162334e-01  9.857358565303991e-01  1.199998082514150e+00  1.077995402040189e-07  1.550306946163825e+00 
 1.545990087877936e-07  1.200000000000000e+00  7.752513658755218e-01  7.333960727031055e-01  9.857053847936630e-01  1.199998091929581e+00  1.077995400306460e-07  1.550307211016871e+00 
 1.547990087877936e-07  1.200000000000000e+00  7.752490124359728e-01  7.334276332111096e-01  9.856755479303169e-01  1.199998101242052e+00  1.077995397537265e-07  1.550307430046600e+00 
 1.549990087877936e-07  1.200000000000000e+00  7.752466735035790e-01  7.334589848226842e-01  9.856463318161544e-01  1.199998110453387e+00  1.077995414010017e-07  1.550307603175130e+00 
 1.551990087877935e-07  1.200000000000000e+00  7.752443488506181e-01  7.334901297522449e-01  9.856177226391820e-01  1.199998119565401e+00  1.077995441784178e-07  1.550307730382204e+00 
 1.553990087877935e-07  1.200000000000000e+00  7.752420382497109e-01  7.335210701494163e-01  9.855897068926111e-01  1.199998128579479e+00  1.077995373579090e-07  1.550307811704202e+00 
 1.555990087877935e-07  1.200000000000000e+00  7.752397414740424e-01  7.335518081013106e-01  9.855622713703081e-01  1.199998137496735e+00  1.077995409434445e-07  1.550307847233001e+00 
 1.557990087877935e-07  1.200000000000000e+00  7.752374582976185e-01  7.335823456353149e-01  9.855354031616685e-01  1.199998146319610e+00  1.077995426906887e-07  1.550307837114768e+00 
 1.559990087877935e-07  1.200000000000000e+00  7.752351884954362e-01  7.336126847218123e-01  9.855090896448147e-01  1.199998155049140e+00  1.077995364844249e-07  1.550307781548637e+00 
 1.561990087877935e-07  1.200000000000000e+00  7.752329318436930e-01  7.336428272767341e-01  9.854833184832569e-01  1.199998163686838e+00  1.077995415641887e-07  1.550307680785213e+00 
 1.563990087877935e-07  1.200000000000000e+00  7.752306881199702e-01  7.336727751632821e-01  9.854580776199274e-01  1.199998172234410e+00  1.077995439492577e-07  1.550307535125128e+00 
 1.565990087877935e-07  1.200000000000000e+00  7.752284571034245e-01  7.337025301941736e-01  9.854333552716247e-01  1.199998180692786e+00  1.077995389180205e-07  1.550307344917348e+00 
 1.567990087877935e-07  1.200000000000000e+00  7.752262385750038e-01  7.337320941348833e-01  9.854091399235823e-01  1.199998189063480e+00  1.077995391512562e-07  1.550307110557547e+00 
 1.569990087877934e-07  1.200000000000000e+00  7.752240323175974e-01  7.337614687051174e-01  9.853854203244267e-01  1.199998197347846e+00  1.077995402356452e-07  1.550306832486323e+00 
 1.571990087877934e-07  1.200000000000000e+00  7.752218381162154e-01  7.337906555808490e-01  9.853621854811315e-01  1.199998205547658e+00  1.077995445621443e-07  1.550306511187391e+00 
 1.573990087877934e-07  1.200000000000000e+00  7.752196557581130e-01  7.338196563954850e-01  9.853394246535169e-01  1.199998213663512e+00  1.077995377778824e-07  1.550306147185735e+00 
 1.575990087877934e-07  1.200000000000000e+00  7.752174850330270e-01  7.338484727428569e-01  9.853171273506524e-01  1.199998221697256e+00  1.077995415612590e-07  1.550305741045701e+00 
 1.577990087877934e-07  1.200000000000000e+00  7.752153257332175e-01  7.338771061784095e-01  9.852952833233827e-01  1.199998229649704e+00  1.077995394416086e-07  1.550305293368999e+00 
 1.579990087877934e-07  1.200000000000000e+00  7.752131776537196e-01  7.339055582209778e-01  9.852738825599929e-01  1.199998237522153e+00  1.077995384315196e-07  1.550304804792781e+00 
 1.581990087877934e-07  1.200000000000000e+00  7.752110405923848e-01  7.339338303549470e-01  9.852529152828431e-01  1.199998245316087e+00  1.077995417566809e-07  1.550304275987625e+00 
 1.583990087877934e-07  1.200000000000000e+00  7.752089143500647e-01  7.339619240311744e-01  9.852323719414917e-01  1.199998253032764e+00  1.077995391869046e-07  1.550303707655510e+00 
 1.585990087877933e-07  1.200000000000000e+00  7.752067987306798e-01  7.339898406686450e-01  9.852122432079319e-01  1.199998260672808e+00  1.077995459767721e-07  1.550303100527787e+00 
 1.587990087877933e-07  1.200000000000000e+00  7.752046935413803e-01  7.340175816559890e-01  9.851925199727827e-01  1.199998268238095e+00  1.077995400093755e-07  1.550302455363158e+00 
 1.589990087877933e-07  1.200000000000000e+00  7.752025985925960e-01  7.340451483528111e-01  9.851731933398959e-01  1.199998275728629e+00  1.077995362047532e-07  1.550301772945628e+00 
 1.591990087877933e-07  1.200000000000000e+00  7.752005136981800e-01  7.340725420908910e-01  9.851542546207622e-01  1.199998283146342e+00  1.077995426816371e-07  1.550301054082535e+00 
 1.593990087877933e-07  1.200000000000000e+00  7.751984386754417e-01  7.340997641761842e-01  9.851356953311800e-01  1.199998290492406e+00  1.077995409629125e-07  1.550300299602493e+00 
 1.595990087877933e-07  1.200000000000000e+00  7.751963733452805e-01  7.341268158890869e-01  9.851175071861035e-01  1.199998297767154e+00  1.077995383364524e-07  1.550299510353405e+00 
 1.597990087877933e-07  1.200000000000000e+00  7.751943175322002e-01  7.341536984856532e-01  9.850996820947966e-01  1.199998304972155e+00  1.077995443639535e-07  1.550298687200559e+00 
 1.599990087877933e-07  1.200000000000000e+00  7.751922710643797e-01  7.341804131993862e-01  9.850822121564518e-01  1.199998312107940e+00  1.077995419768521e-07  1.550297831024639e+00 
 1.601990087877933e-07  1.200000000000000e+00  7.751902337737814e-01  7.342069612421108e-01  9.850650896553982e-01  1.199998319175974e+00  1.077995363276078e-07  1.550296942719821e+00 
 1.603990087877932e-07  1.200000000000000e+00  7.751882054961354e-01  7.342333438038908e-01  9.850483070578039e-01  1.199998326176755e+00  1.077995407638869e-07  1.550296023191964e+00 
 1.605990087877932e-07  1.200000000000000e+00  7.751861860710275e-01  7.342595620557566e-01  9.850318570061225e-01  1.199998333111852e+00  1.077995395810874e-07  1.550295073356739e+00 
 1.607990087877932e-07  1.200000000000000e+00  7.751841753418689e-01  7.342856171487704e-01  9.850157323149568e-01  1.199998339981889e+00  1.077995435250716e-07  1.550294094137893e+00 
 1.609990087877932e-07  1.200000000000000e+00  7.751821731559849e-01  7.343115102163422e-01  9.849999259675968e-01  1.199998346787773e+00  1.077995374856438e-07  1.550293086465480e+00 
 1.611990087877932e-07  1.200000000000000e+00  7.751801793646043e-01  7.343372423743253e-01  9.849844311118839e-01  1.199998353530048e+00  1.077995432190378e-07  1.550292051274225e+00 
 1.613990087877932e-07  1.200000000000000e+00  7.751781938228774e-01  7.343628147219354e-01  9.849692410551948e-01  1.199998360210104e+00  1.077995403430819e-07  1.550290989501888e+00 
 1.615990087877932e-07  1.200000000000000e+00  7.751762163898824e-01  7.343882283425489e-01  9.849543492617435e-01  1.199998366828667e+00  1.077995384102158e-07  1.550289902087692e+00 
 1.617990087877932e-07  1.200000000000000e+00  7.751742469286276e-01  7.344134843041034e-01  9.849397493473812e-01  1.199998373386697e+00  1.077995416061105e-07  1.550288789970836e+00 
 1.619990087877932e-07  1.200000000000000e+00  7.751722853060581e-01  7.344385836602538e-01  9.849254350764841e-01  1.199998379884630e+00  1.077995418882871e-07  1.550287654089032e+00 
 1.621990087877931e-07  1.200000000000000e+00  7.751703313929774e-01  7.344635274504783e-01  9.849114003586266e-01  1.199998386323700e+00  1.077995430202207e-07  1.550286495377123e+00 
 1.623990087877931e-07  1.200000000000000e+00  7.751683850641338e-01  7.344883167013588e-01  9.848976392439862e-01  1.199998392704309e+00  1.077995382081796e-07  1.550285314765772e+00 
 1.625990087877931e-07  1.200000000000000e+00  7.751664461981282e-01  7.345129524256903e-01  9.848841459205665e-01  1.199998399027168e+00  1.077995373176853e-07  1.550284113180185e+00 
 1.627990087877931e-07  1.200000000000000e+00  7.751645146774043e-01  7.345374356249339e-01  9.848709147107780e-01  1.199998405293689e+00  1.077995440453735e-07  1.550282891538943e+00 
 1.629990087877931e-07  1.200000000000000e+00  7.751625903881982e-01  7.345617672882904e-01  9.848579400669173e-01  1.199998411504257e+00  1.077995407710390e-07  1.550281650752842e+00 
 1.631990087877931e-07  1.200000000000000e+00  7.751606732205299e-01  7.345859483938045e-01  9.848452165687336e-01  1.199998417659495e+00  1.077995420534821e-07  1.550280391723880e+00 
 1.633990087877931e-07  1.200000000000000e+00  7.751587630681896e-01  7.346099799088058e-01  9.848327389197247e-01  1.199998423760417e+00  1.077995359232927e-07  1.550279115344226e+00 
 1.635990087877931e-07  1.200000000000000e+00  7.751568598286176e-01  7.346338627895163e-01  9.848205019441835e-01  1.199998429807511e+00  1.077995399022199e-07  1.550277822495292e+00 
 1.637990087877931e-07  1.200000000000000e+00  7.751549634029112e-01  7.346575979825430e-01  9.848085005842617e-01  1.199998435801759e+00  1.077995459564079e-07  1.550276514046859e+00 
 1.639990087877930e-07  1.200000000000000e+00  7.751530736957573e-01  7.346811864247095e-01  9.847967298968876e-01  1.199998441743162e+00  1.077995370851316e-07  1.550275190856293e+00 
 1.641990087877930e-07  1.200000000000000e+00  7.751511906153771e-01  7.347046290433115e-01  9.847851850504236e-01  1.199998447633254e+00  1.077995434588326e-07  1.550273853767772e+00 
 1.643990087877930e-07  1.200000000000000e+00  7.751493140734949e-01  7.347279267570845e-01  9.847738613219468e-01  1.199998453472346e+00  1.077995378213422e-07  1.550272503611667e+00 
 1.645990087877930e-07  1.200000000000000e+00  7.751474439851992e-01  7.347510804751686e-01  9.847627540945411e-01  1.199998459261328e+00  1.077995413283479e-07  1.550271141203885e+00 
 1.647990087877930e-07  1.200000000000000e+00  7.751455802689937e-01  7.347740910983007e-01  9.847518588547381e-01  1.199998465000381e+00  1.077995386054767e-07  1.550269767345328e+00 
 1.649990087877930e-07  1.200000000000000e+00  7.751437228466295e-01  7.347969595199627e-01  9.847411711890264e-01  1.199998470690364e+00  1.077995418860114e-07  1.550268382821374e+00 
 1.651990087877930e-07  1.200000000000000e+00  7.751418716430949e-01  7.348196866247546e-01  9.847306867824380e-01  1.199998476331803e+00  1.077995396052014e-07  1.550266988401484e+00 
 1.653990087877930e-07  1.200000000000000e+00  7.751400265865418e-01  7.348422732895838e-01  9.847204014149037e-01  1.199998481925501e+00  1.077995416715525e-07  1.550265584838773e+00 
 1.655990087877929e-07  1.200000000000000e+00  7.751381876081949e-01  7.348647203841652e-01  9.847103109597730e-01  1.199998487472182e+00  1.077995398490124e-07  1.550264172869710e+00 
 1.657990087877929e-07  1.200000000000000e+00  7.751363546423111e-01  7.348870287706852e-01  9.847004113810488e-01  1.199998492972306e+00  1.077995421560278e-07  1.550262753213842e+00 
 1.659990087877929e-07  1.200000000000000e+00  7.751345276260937e-01  7.349091993040772e-01  9.846906987307845e-01  1.199998498426260e+00  1.077995378936906e-07  1.550261326573529e+00 
 1.661990087877929e-07  1.200000000000000e+00  7.751327064995972e-01  7.349312328325508e-01  9.846811691464064e-01  1.199998503834747e+00  1.077995439469416e-07  1.550259893633822e+00 
 1.663990087877929e-07  1.200000000000000e+00  7.751308912056712e-01  7.349531301974979e-01  9.846718188502926e-01  1.199998509198260e+00  1.077995381230188e-07  1.550258455062266e+00 
 1.665990087877929e-07  1.200000000000000e+00  7.751290816898995e-01  7.349748922331643e-01  9.846626441463419e-01  1.199998514517528e+00  1.077995417924976e-07  1.550257011508887e+00 
 1.667990087877929e-07  1.200000000000000e+00  7.751272779005164e-01  7.349965197682345e-01  9.846536414178911e-01  1.199998519792994e+00  1.077995424587735e-07  1.550255563606098e+00 
 1.669990087877929e-07  1.200000000000000e+00  7.751254797883049e-01  7.350180136240743e-01  9.846448071259725e-01  1.199998525025020e+00  1.077995416617104e-07  1.550254111968684e+00 
 1.671990087877929e-07  1.200000000000000e+00  7.751236873065501e-01  7.350393746161177e-01  9.846361378076474e-01  1.199998530214544e+00  1.077995352843812e-07  1.550252657193885e+00 
 1.673990087877928e-07  1.200000000000000e+00  7.751219004109589e-01  7.350606035537328e-01  9.846276300733182e-01  1.199998535362238e+00  1.077995416753693e-07  1.550251199861401e+00 
 1.675990087877928e-07  1.200000000000000e+00  7.751201190596151e-01  7.350817012404214e-01  9.846192806065149e-01  1.199998540467974e+00  1.077995415387730e-07  1.550249740533547e+00 
 1.677990087877928e-07  1.200000000000000e+00  7.751183432128338e-01  7.351026684732984e-01  9.846110861601574e-01  1.199998545532481e+00  1.077995391435402e-07  1.550248279755355e+00 
 1.679990087877928e-07  1.200000000000000e+00  7.751165728331610e-01  7.351235060441086e-01  9.846030435563256e-01  1.199998550556230e+00  1.077995408814034e-07  1.550246818054739e+00 
 1.681990087877928e-07  1.200000000000000e+00  7.751148078852264e-01  7.351442147386279e-01  9.845951496836868e-01  1.199998555539792e+00  1.077995407254267e-07  1.550245355942699e+00 
 1.683990087877928e-07  1.200000000000000e+00  7.751130483357546e-01  7.351647953370510e-01  9.845874014966784e-01  1.199998560483719e+00  1.077995432214541e-07  1.550243893913523e+00 
 1.685990087877928e-07  1.200000000000000e+00  7.751112941534312e-01  7.351852486140735e-01  9.845797960133742e-01  1.199998565388196e+00  1.077995384101409e-07  1.550242432445023e+00 
 1.687990087877928e-07  1.200000000000000e+00  7.751095453088861e-01  7.352055753385358e-01  9.845723303141758e-01  1.199998570254153e+00  1.077995401343312e-07  1.550240971998821e+00 
 1.689990087877928e-07  1.200000000000000e+00  7.751078017745454e-01  7.352257762742763e-01  9.845650015399120e-01  1.199998575081612e+00  1.077995422476158e-07  1.550239513020570e+00 
 1.691990087877927e-07  1.200000000000000e+00  7.751060635246640e-01  7.352458521796381e-01  9.845578068916324e-01  1.199998579871409e+00  1.077995377691638e-07  1.550238055940294e+00 
 1.693990087877927e-07  1.200000000000000e+00  7.751043305351528e-01  7.352658038075892e-01  9.845507436280087e-01  1.199998584623572e+00  1.077995437005775e-07  1.550236601172690e+00 
 1.695990087877927e-07  1.200000000000000e+00  7.751026027836017e-01  7.352856319060113e-01  9.845438090651580e-01  1.199998589338959e+00  1.077995403933564e-07  1.550235149117429e+00 
 1.697990087877927e-07  1.200000000000000e+00  7.751008802491749e-01  7.353053372174325e-01  9.845370005742063e-01  1.199998594017349e+00  1.077995388234595e-07  1.550233700159518e+00 
 1.699990087877927e-07  1.200000000000000e+00  7.750991629125381e-01  7.353249204794519e-01  9.845303155805861e-01  1.199998598660001e+00  1.077995398268974e-07  1.550232254669618e+00 
 1.700995043938963e-07  1.200000000000000e+00  7.750983019473177e-01  7.353347147403718e-01  9.845270025355900e-01  1.199998600965808e+00  1.077995485963409e-07  1.550231529736201e+00 
 1.702000000000000e-07  1.200000000000000e+00  7.750974422884436e-01  7.353444784408879e-01  9.845237197936263e-01  1.199998603272057e+00  1.077995324182946e-07  1.550230805804240e+00 
 1.702001438785078e-07  1.199136728953354e+00  7.750950316108551e-01  7.353420915569276e-01  9.845236707438129e-01  1.199995936365506e+00  3.126416216886474e-08  1.550230804768510e+00 
 1.702004316355233e-07  1.197410186860142e+00  7.750883702292507e-01  7.353355014745728e-01  9.845235449598639e-01  1.199988658905076e+00 -1.881236197619207e-07  1.550230802697058e+00 
 1.702009451777485e-07  1.194328933509034e+00  7.750745434878585e-01  7.353219376280717e-01  9.845232854068384e-01  1.199975486329176e+00 -5.752205094675111e-07  1.550230799000277e+00 
 1.702014834489322e-07  1.191099306407119e+00  7.750603029301958e-01  7.353081568492235e-01  9.845230099673069e-01  1.199964454747901e+00 -8.381001815049860e-07  1.550230795125518e+00 
 1.702023070694463e-07  1.186157583322220e+00  7.750405727568186e-01  7.352893820495503e-01  9.845226126264891e-01  1.199952960144472e+00 -9.622272366012485e-07  1.550230789196717e+00 
 1.702036217094748e-07  1.178269743151064e+00  7.750130216117888e-01  7.352636386214607e-01  9.845220322388268e-01  1.199943384781960e+00 -7.969152837176974e-07  1.550230779733483e+00 
 1.702061105261826e-07  1.163336842904164e+00  7.749690960475599e-01  7.352232075836788e-01  9.845210610555272e-01  1.199940398593925e+00 -2.220980457445093e-07  1.550230761818616e+00 
 1.702085377581490e-07  1.148773451105957e+00  7.749335345341579e-01  7.351907535536449e-01  9.845202369031123e-01  1.199946623729374e+00  2.331549702255450e-07  1.550230744347689e+00 
 1.702129084694089e-07  1.122549183546783e+00  7.748815400326491e-01  7.351433999015503e-01  9.845189672702583e-01  1.199962483405028e+00  5.656331455617010e-07  1.550230712889199e+00 
 1.702183710862340e-07  1.089773482596007e+00  7.748319290901340e-01  7.350982629855038e-01  9.845176504645619e-01  1.199980119370442e+00  5.213438614573920e-07  1.550230673573636e+00 
 1.702281323825028e-07  1.031205704983388e+00  7.747683289572711e-01  7.350403676822979e-01  9.845157197464214e-01  1.199999675901021e+00  2.462474822636021e-07  1.550230603320270e+00 
 1.702384307200561e-07  9.694156796635642e-01  7.747197621350526e-01  7.349957941640987e-01  9.845139871117055e-01  1.200008446914927e+00  7.496489422427997e-08  1.550230529188671e+00 
 1.702524299993513e-07  8.854200038923432e-01  7.746630451279138e-01  7.349424143294780e-01  9.845118066574570e-01  1.200010929256168e+00  3.328960096888852e-08  1.550230428345839e+00 
 1.702627415532137e-07  8.235506807177562e-01  7.746250407556475e-01  7.349050082570759e-01  9.845103384035728e-01  1.200010535630850e+00  7.356996450697158e-08  1.550230353974700e+00 
 1.702710822310942e-07  7.735066134348012e-01  7.746048384239936e-01  7.348826474792655e-01  9.845094723327358e-01  1.200013288620955e+00  1.447634928505295e-07  1.550230293729325e+00 
 1.702814568467999e-07  7.112589192007609e-01  7.746247026449014e-01  7.348915924728268e-01  9.845095813734300e-01  1.200028021123930e+00  2.618074828657181e-07  1.550230218625383e+00 
 1.702916276509553e-07  6.502340942682557e-01  7.747381963642538e-01  7.349798196838577e-01  9.845120121153587e-01  1.200054369516361e+00  3.547056238174503e-07  1.550230144750027e+00 
 1.703008740095500e-07  5.947559427001573e-01  7.749695588263840e-01  7.351721970313970e-01  9.845172010235540e-01  1.200083995351099e+00  4.007087073983322e-07  1.550230077312672e+00 
 1.703089656535597e-07  5.462060786419195e-01  7.753157720721324e-01  7.354705922557286e-01  9.845248417223581e-01  1.200111789585605e+00  4.174054398926571e-07  1.550230018030737e+00 
 1.703158668751121e-07  5.047987493274069e-01  7.757538013613284e-01  7.358577072764169e-01  9.845341894125819e-01  1.200137122094898e+00  4.229932313575425e-07  1.550229967240489e+00 
 1.703222259754772e-07  4.666441471370957e-01  7.763076371094297e-01  7.363567069220512e-01  9.845455369114773e-01  1.200163275715759e+00  4.243340608466473e-07  1.550229920230003e+00 
 1.703286878438871e-07  4.278729366775382e-01  7.770532121141278e-01  7.370391588307418e-01  9.845601429366411e-01  1.200194689046870e+00  4.200694651206125e-07  1.550229872236706e+00 
 1.703357493137727e-07  3.855041173638439e-01  7.781129359215773e-01  7.380214020250139e-01  9.845800117088079e-01  1.200237088421340e+00  4.015629459785952e-07  1.550229819523782e+00 
 1.703428849538446e-07  3.426902769327450e-01  7.794585702955660e-01  7.392789124473718e-01  9.846044509998636e-01  1.200291132998215e+00  3.657912648561551e-07  1.550229765982442e+00 
 1.703477388343341e-07  3.135669939952302e-01  7.805313148839581e-01  7.402855727875335e-01  9.846236356877699e-01  1.200336370743150e+00  3.396594925107570e-07  1.550229729415415e+00 
 1.703539402543571e-07  2.763584738573088e-01  7.820849544854538e-01  7.417467707304044e-01  9.846512608714300e-01  1.200407165975079e+00  3.281372724548651e-07  1.550229682557332e+00 
 1.703605431582912e-07  2.367410502530288e-01  7.839550868258186e-01  7.435087531238219e-01  9.846846118956548e-01  1.200497314317442e+00  3.381218997618868e-07  1.550229632560842e+00 
 1.703653416261884e-07  2.079502428694964e-01  7.854409539026127e-01  7.449112318203031e-01  9.847114188560793e-01  1.200549232579228e+00  3.524820071433045e-07  1.550229596209872e+00 
 1.703688237933680e-07  1.870572397919812e-01  7.865757423519633e-01  7.459845364252148e-01  9.847322196388865e-01  1.200542357923362e+00  3.640297583785805e-07  1.550229569850676e+00 
 1.703721058684725e-07  1.673647891649834e-01  7.876780793512523e-01  7.470307110996554e-01  9.847528441054662e-01  1.200456485901752e+00  3.747986746177948e-07  1.550229545047395e+00 
 1.703757033701331e-07  1.457797792014917e-01  7.889072825595158e-01  7.482069236740880e-01  9.847765500621865e-01  1.200201130386495e+00  3.860434162005454e-07  1.550229517939240e+00 
 1.703788364438887e-07  1.269813366681192e-01  7.899801911981669e-01  7.492514368384593e-01  9.847980892442556e-01  1.199747340928779e+00  3.951270955036487e-07  1.550229494425613e+00 
 1.703815048928696e-07  1.109706427825918e-01  7.908836287189031e-01  7.501536033569368e-01  9.848170552990116e-01  1.199095607188537e+00  4.029606160086546e-07  1.550229474489985e+00 
 1.703839464771150e-07  9.632113730997527e-02  7.916934788256295e-01  7.509870546535476e-01  9.848348878862603e-01  1.198196374521262e+00  4.117336522618462e-07  1.550229456340427e+00 
 1.703863453234819e-07  8.192805910870504e-02  7.924680247379303e-01  7.518102556926056e-01  9.848528451222007e-01  1.196943637336215e+00  4.234983533276185e-07  1.550229438610675e+00 
 1.703892066558368e-07  6.476006497899411e-02  7.933608313760111e-01  7.527909331941868e-01  9.848748371062804e-01  1.194875045503431e+00  4.430568284388009e-07  1.550229417621555e+00 
 1.703917978226525e-07  4.921306408525239e-02  7.941413727789741e-01  7.536677339652569e-01  9.848953146652660e-01  1.192451881881136e+00  4.665675050544160e-07  1.550229398788074e+00 
 1.703951502672979e-07  2.909839621251931e-02  7.951207151790776e-01  7.547641709855564e-01  9.849226701482892e-01  1.188546526491900e+00  5.043907480347526e-07  1.550229374714688e+00 
 1.703972803313916e-07  1.631801165057700e-02  7.957318013351069e-01  7.554284961673454e-01  9.849405958864915e-01  1.185623567004171e+00  5.324357755572690e-07  1.550229359612424e+00 
 1.703986401656958e-07  8.159005825263410e-03  7.961190037287459e-01  7.558381302898950e-01  9.849522707205280e-01  1.183669029940900e+00  5.509129024153236e-07  1.550229350057778e+00 
 1.704000000000000e-07  0.000000000000000e+00  7.965040582006158e-01  7.562370687181661e-01  9.849641267042044e-01  1.181867271476694e+00  5.684013278774505e-07  1.550229340577224e+00 
 1.704001069892986e-07  0.000000000000000e+00  7.965360961916307e-01  7.562698646302781e-01  9.849651078338156e-01  1.181738145990002e+00  6.370474467890658e-07  1.550229339834725e+00 
 1.704003209678959e-07  0.000000000000000e+00  7.966012064629854e-01  7.563363511576952e-01  9.849670854935171e-01  1.181489821608921e+00  8.251485905125949e-07  1.550229338350917e+00 
 1.704006277659976e-07  0.000000000000000e+00  7.966952972952290e-01  7.564320778022053e-01  9.849699296626905e-01  1.181156270044078e+00  1.079425478599585e-06  1.550229336226788e+00 
 1.704009813067097e-07  0.000000000000000e+00  7.968035386962796e-01  7.565417611741413e-01  9.849732006350287e-01  1.180805177809445e+00  1.259242128744120e-06  1.550229333784159e+00 
 1.704014644954818e-07  0.000000000000000e+00  7.969504755676161e-01  7.566899928874850e-01  9.849776485580011e-01  1.180392211333405e+00  1.305614004885186e-06  1.550229330454919e+00 
 1.704022836689983e-07  0.000000000000000e+00  7.971968537675707e-01  7.569370199363189e-01  9.849851295348488e-01  1.179916859177830e+00  1.050140240922010e-06  1.550229324835548e+00 
 1.704037564936089e-07  0.000000000000000e+00  7.976315834982346e-01  7.573690382546764e-01  9.849984080813323e-01  1.179972811815444e+00  1.966202682257209e-07  1.550229314814722e+00 
 1.704048963149842e-07  0.000000000000000e+00  7.979609795280579e-01  7.576938155130578e-01  9.850085433652084e-01  1.180840254579776e+00 -5.179718875862604e-07  1.550229307135546e+00 
 1.704059425195402e-07  0.000000000000000e+00  7.982581660489028e-01  7.579854066151598e-01  9.850177459702230e-01  1.182195968319756e+00 -1.077817738658407e-06  1.550229300148328e+00 
 1.704070578209181e-07  0.000000000000000e+00  7.985698622301524e-01  7.582901020311422e-01  9.850274584608574e-01  1.184137361250265e+00 -1.520306604956348e-06  1.550229292767389e+00 
 1.704082559657798e-07  0.000000000000000e+00  7.988991570034203e-01  7.586110041988269e-01  9.850377873696418e-01  1.186637206268107e+00 -1.821236047644045e-06  1.550229284919977e+00 
 1.704095947463054e-07  0.000000000000000e+00  7.992605720536008e-01  7.589622667162578e-01  9.850492076161850e-01  1.189666389693134e+00 -1.981331323896995e-06  1.550229276256863e+00 
 1.704112343889024e-07  0.000000000000000e+00  7.996939073041184e-01  7.593823666261504e-01  9.850630286301902e-01  1.193268849463610e+00 -1.995636521374966e-06  1.550229265807630e+00 
 1.704130213308853e-07  0.000000000000000e+00  8.001542958339353e-01  7.598276052807620e-01  9.850778897002380e-01  1.196639558715812e+00 -1.864766253069534e-06  1.550229254634080e+00 
 1.704146862984574e-07  0.000000000000000e+00  8.005718060409027e-01  7.602304956673505e-01  9.850915493848752e-01  1.199078511127720e+00 -1.663355439478903e-06  1.550229244437161e+00 
 1.704163148349677e-07  0.000000000000000e+00  8.009692161961655e-01  7.606132394344676e-01  9.851047349430353e-01  1.200802124916729e+00 -1.431980938734409e-06  1.550229234675712e+00 
 1.704180327429450e-07  0.000000000000000e+00  8.013764395636365e-01  7.610046706013327e-01  9.851184521180745e-01  1.202015712353911e+00 -1.179768178301809e-06  1.550229224620712e+00 
 1.704199061222951e-07  0.000000000000000e+00  8.018062342715897e-01  7.614169320232599e-01  9.851331760690768e-01  1.202806602084020e+00 -9.161129100711610e-07  1.550229213957676e+00 
 1.704220589142759e-07  0.000000000000000e+00  8.022814177656864e-01  7.618716382672154e-01  9.851497710365262e-01  1.203254959914710e+00 -6.435062381042120e-07  1.550229202120749e+00 
 1.704245471740981e-07  0.000000000000000e+00  8.028052620451553e-01  7.623714780359300e-01  9.851684683091533e-01  1.203405638572325e+00 -3.787405446729897e-07  1.550229189037331e+00 
 1.704275012922297e-07  0.000000000000000e+00  8.033911701472959e-01  7.629285967931418e-01  9.851898750515730e-01  1.203319753053399e+00 -1.369717339246360e-07  1.550229174410749e+00 
 1.704310271882238e-07  0.000000000000000e+00  8.040384666348155e-01  7.635414833723345e-01  9.852140214105765e-01  1.203059872233852e+00  5.616702896445863e-08  1.550229158371713e+00 
 1.704351634361705e-07  0.000000000000000e+00  8.047251112056762e-01  7.641884810509534e-01  9.852397583599946e-01  1.202698006424358e+00  1.698463892810947e-07  1.550229141750364e+00 
 1.704396952303233e-07  0.000000000000000e+00  8.053880695359826e-01  7.648103593031433e-01  9.852635151988930e-01  1.202316754861751e+00  1.813316110673042e-07  1.550229126595754e+00 
 1.704449590113719e-07  0.000000000000000e+00  8.060444977586287e-01  7.654250242745471e-01  9.852827941142449e-01  1.201930403568397e+00  8.943317129743444e-08  1.550229113560073e+00 
 1.704509152295593e-07  0.000000000000000e+00  8.066485956579850e-01  7.659945183280211e-01  9.852894527983102e-01  1.201568105765457e+00 -8.630909790943025e-08  1.550229105602045e+00 
 1.704568745028479e-07  0.000000000000000e+00  8.071175028199232e-01  7.664480523595889e-01  9.852748367268079e-01  1.201273400838309e+00 -2.641450723981417e-07  1.550229105899232e+00 
 1.704635684287392e-07  0.000000000000000e+00  8.074996120786289e-01  7.668431549535492e-01  9.852264128468500e-01  1.201006990126601e+00 -3.875620447578703e-07  1.550229117602099e+00 
 1.704696635885069e-07  0.000000000000000e+00  8.077288396039569e-01  7.671175500231024e-01  9.851478896106416e-01  1.200812566950554e+00 -4.147240472368932e-07  1.550229140125452e+00 
 1.704764786927625e-07  0.000000000000000e+00  8.078675111111506e-01  7.673498617093047e-01  9.850161142146762e-01  1.200638354899792e+00 -3.926085888066207e-07  1.550229180603624e+00 
 1.704831772217826e-07  0.000000000000000e+00  8.078967102716532e-01  7.675192884467226e-01  9.848377891507721e-01  1.200502913011618e+00 -3.533604088026571e-07  1.550229238110667e+00 
 1.704908345808524e-07  0.000000000000000e+00  8.078162065147334e-01  7.676602243095353e-01  9.845720874053900e-01  1.200382185241068e+00 -3.074507010491362e-07  1.550229328212061e+00 
 1.704988551305736e-07  0.000000000000000e+00  8.076184271499123e-01  7.677638540880534e-01  9.842222096760627e-01  1.200286102906547e+00 -2.359738446651872e-07  1.550229453915826e+00 
 1.705081829441529e-07  0.000000000000000e+00  8.072683831075356e-01  7.678448832042282e-01  9.837118397324677e-01  1.200203615799247e+00 -3.959813336821064e-08  1.550229645676593e+00 
 1.705118229303691e-07  0.000000000000000e+00  8.071059333852554e-01  7.678671266838943e-01  9.834622749519065e-01  1.200178703801696e+00  4.130447654447124e-07  1.550229734606841e+00 
 1.705147642800815e-07  0.000000000000000e+00  8.069706498303761e-01  7.678821895261995e-01  9.832212490848948e-01  1.200160979637843e+00  1.059318602566507e-06  1.550229812666062e+00 
 1.705181914236762e-07  0.000000000000000e+00  8.068131809798603e-01  7.678971385752797e-01  9.828797654049913e-01  1.200142581071385e+00  1.765255845482747e-06  1.550229910998034e+00 
 1.705220102891102e-07  0.000000000000000e+00  8.066377067675488e-01  7.679110024608889e-01  9.824167538929307e-01  1.200124544537628e+00  1.973703494407859e-06  1.550230030343604e+00 
 1.705255660671980e-07  0.000000000000000e+00  8.064680819421355e-01  7.679215711316887e-01  9.819178169295156e-01  1.200109804892036e+00  1.362548029573089e-06  1.550230151089053e+00 
 1.705289287663568e-07  0.000000000000000e+00  8.062933235502685e-01  7.679296947942128e-01  9.814009448574258e-01  1.200097473823974e+00  2.431309400023618e-07  1.550230274129054e+00 
 1.705328417795963e-07  0.000000000000000e+00  8.060589193201848e-01  7.679370759422287e-01  9.807640054996501e-01  1.200084844338442e+00 -1.150071686224340e-06  1.550230428554525e+00 
 1.705363841466702e-07  0.000000000000000e+00  8.058053360289357e-01  7.679419832624299e-01  9.801701583365912e-01  1.200074824322828e+00 -2.165441645586141e-06  1.550230579134243e+00 
 1.705404182009985e-07  0.000000000000000e+00  8.054579954615935e-01  7.679457143701454e-01  9.794870562298852e-01  1.200064838635428e+00 -2.913271815115342e-06  1.550230763543692e+00 
 1.705448357310094e-07  0.000000000000000e+00  8.050040239917011e-01  7.679478009290926e-01  9.787356530784761e-01  1.200055414571092e+00 -3.364442563327623e-06  1.550230981835266e+00 
 1.705504771151388e-07  0.000000000000000e+00  8.043223883718644e-01  7.679479070426918e-01  9.777629622414215e-01  1.200045313106120e+00 -3.619603155243260e-06  1.550231286456900e+00 
 1.705565566958788e-07  0.000000000000000e+00  8.034760346896501e-01  7.679453492836026e-01  9.766781799114721e-01  1.200036443880141e+00 -3.649839401622312e-06  1.550231648506432e+00 
 1.705626697866464e-07  0.000000000000000e+00  8.025209122557154e-01  7.679404492253690e-01  9.755294056220625e-01  1.200029252237292e+00 -3.521443954605970e-06  1.550232049272019e+00 
 1.705690662928642e-07  0.000000000000000e+00  8.014185377630628e-01  7.679332253376884e-01  9.742490805265037e-01  1.200023220604287e+00 -3.245097386707883e-06  1.550232509580691e+00 
 1.705756093127927e-07  0.000000000000000e+00  8.001890811653753e-01  7.679239551423622e-01  9.728410429304285e-01  1.200018317208093e+00 -2.978937475583325e-06  1.550233025352332e+00 
 1.705808847901028e-07  0.000000000000000e+00  7.991323394550364e-01  7.679153008910636e-01  9.716195582645721e-01  1.200015130040047e+00 -5.017140742834877e-06  1.550233475250476e+00 
 1.705843784582595e-07  0.000000000000000e+00  7.984111268586424e-01  7.679090960241565e-01  9.707603061008162e-01  1.200013340345262e+00 -1.213421048232126e-05  1.550233790285901e+00 
 1.705874640512633e-07  0.000000000000000e+00  7.977693912703864e-01  7.679033750425941e-01  9.699612325677873e-01  1.200011941017058e+00 -2.279072587294548e-05  1.550234080068966e+00 
 1.705907357028643e-07  0.000000000000000e+00  7.970922302777390e-01  7.678971183483539e-01  9.690666702807310e-01  1.200010617164044e+00 -3.554669749481496e-05  1.550234399343593e+00 
 1.705940766373671e-07  0.000000000000000e+00  7.964088065786664e-01  7.678905568047983e-01  9.681042406278770e-01  1.200009413385257e+00 -4.848985931809073e-05  1.550234738315509e+00 
 1.705970125439030e-07  0.000000000000000e+00  7.958137815345110e-01  7.678846434253068e-01  9.672284791702315e-01  1.200008464747857e+00 -5.942999454265369e-05  1.550235047104550e+00 
 1.706000550370145e-07  0.000000000000000e+00  7.951982599959909e-01  7.678783506921509e-01  9.663083838574862e-01  1.200007577482639e+00 -6.995855851121488e-05  1.550235377991293e+00 
 1.706032742704569e-07  0.000000000000000e+00  7.945433248901302e-01  7.678714911851549e-01  9.653385473311886e-01  1.200006734969715e+00 -7.962811756471967e-05  1.550235740286122e+00 
 1.706071083030905e-07  0.000000000000000e+00  7.937544550302245e-01  7.678630455455662e-01  9.642051196545599e-01  1.200005848473165e+00 -8.859989182390376e-05  1.550236188287054e+00 
 1.706110958320326e-07  0.000000000000000e+00  7.929228568830438e-01  7.678539576297444e-01  9.630600083355982e-01  1.200005047032631e+00 -9.492015377170421e-05  1.550236673453078e+00 
 1.706153678540458e-07  0.000000000000000e+00  7.920215466004712e-01  7.678439112431943e-01  9.618721842024104e-01  1.200004307245302e+00 -9.907554318680381e-05  1.550237215190403e+00 
 1.706197863535934e-07  0.000000000000000e+00  7.910815451183130e-01  7.678332228441406e-01  9.606818258362032e-01  1.200003652649074e+00 -1.024967278898401e-04  1.550237799597536e+00 
 1.706245271184560e-07  0.000000000000000e+00  7.900666669699146e-01  7.678214530107365e-01  9.594415752587679e-01  1.200003055350292e+00 -1.078051489991658e-04  1.550238454080020e+00 
 1.706294893467513e-07  0.000000000000000e+00  7.889961821951916e-01  7.678088146990021e-01  9.581786521806456e-01  1.200002527583450e+00 -1.174340736509382e-04  1.550239169764327e+00 
 1.706351075574371e-07  0.000000000000000e+00  7.877651594464685e-01  7.677940985062722e-01  9.567833442873290e-01  1.200002029618020e+00 -1.336916388554315e-04  1.550240018056881e+00 
 1.706393738145956e-07  0.000000000000000e+00  7.868077725863497e-01  7.677826102829558e-01  9.557261716936802e-01  1.200001712059887e+00 -1.455372082653193e-04  1.550240689247390e+00 
 1.706431852582511e-07  0.000000000000000e+00  7.859202491827688e-01  7.677720595752322e-01  9.547763372359571e-01  1.200001464815154e+00 -1.521850954218284e-04  1.550241308648428e+00 
 1.706457114333477e-07  0.000000000000000e+00  7.853040251576057e-01  7.677648714682537e-01  9.541552131916581e-01  1.200001316672496e+00 -1.542468197520512e-04  1.550241729460884e+00 
 1.706484915972844e-07  0.000000000000000e+00  7.845966548263142e-01  7.677567763983693e-01  9.534874115516057e-01  1.200001169428484e+00 -1.541462810425945e-04  1.550242202053837e+00 
 1.706516811963689e-07  0.000000000000000e+00  7.837563794824421e-01  7.677473123439907e-01  9.527443637686888e-01  1.200001023273690e+00 -1.502409707913647e-04  1.550242756455570e+00 
 1.706546831283184e-07  0.000000000000000e+00  7.829545369146119e-01  7.677383267628315e-01  9.520665393856883e-01  1.200000907185482e+00 -1.416461960916634e-04  1.550243290135516e+00 
 1.706579106529970e-07  0.000000000000000e+00  7.821024806079340e-01  7.677286909275920e-01  9.513598414700728e-01  1.200000800556585e+00 -1.244551796626644e-04  1.550243876758280e+00 
 1.706611716576184e-07  0.000000000000000e+00  7.812717023949605e-01  7.677190674477068e-01  9.506702280994466e-01  1.200000705298110e+00 -9.396582665600981e-05  1.550244482932434e+00 
 1.706652086028705e-07  0.000000000000000e+00  7.803064304707137e-01  7.677073835394043e-01  9.498568464572714e-01  1.200000596803687e+00 -2.593210507864088e-05  1.550245252004679e+00 
 1.706690282271987e-07  0.000000000000000e+00  7.794696332356299e-01  7.676965845974337e-01  9.491353867393014e-01  1.200000500700714e+00  8.689406948915674e-05  1.550245998581197e+00 
 1.706738272469727e-07  0.000000000000000e+00  7.785308108322433e-01  7.676833425535782e-01  9.483042887542878e-01  1.200000388546600e+00  3.245245448335338e-04  1.550246962436862e+00 
 1.706793329360233e-07  0.000000000000000e+00  7.776031767765895e-01  7.676684998095543e-01  9.474555824434537e-01  1.200000274010798e+00  7.275579309203291e-04  1.550248103307099e+00 
 1.706848797301107e-07  0.000000000000000e+00  7.768123352525907e-01  7.676537819163880e-01  9.467012975192370e-01  1.200000175653318e+00  1.223760623030397e-03  1.550249290111963e+00 
 1.706904314358610e-07  0.000000000000000e+00  7.761396346839247e-01  7.676391375106324e-01  9.460270419635326e-01  1.200000094657192e+00  1.769137720212179e-03  1.550250514975279e+00 
 1.706959494210879e-07  0.000000000000000e+00  7.755645090242365e-01  7.676245532238174e-01  9.454206655384043e-01  1.200000030944972e+00  2.324352897141303e-03  1.550251768406543e+00 
 1.707016351003623e-07  0.000000000000000e+00  7.750508208324419e-01  7.676094317167480e-01  9.448564475091945e-01  1.199999981116497e+00  2.872657068397787e-03  1.550253096667842e+00 
 1.707076886453769e-07  0.000000000000000e+00  7.745795235391197e-01  7.675932099340071e-01  9.443257911742473e-01  1.199999942126180e+00  3.398975904283693e-03  1.550254550806959e+00 
 1.707145255924341e-07  0.000000000000000e+00  7.741316132403679e-01  7.675747524305319e-01  9.438176148349706e-01  1.199999909946382e+00  3.907413569394938e-03  1.550256241103825e+00 
 1.707215129665213e-07  0.000000000000000e+00  7.737579091503369e-01  7.675557605097559e-01  9.433963933033090e-01  1.199999885129107e+00  4.349373899112190e-03  1.550258019263177e+00 
 1.707288375794569e-07  0.000000000000000e+00  7.734465731770119e-01  7.675357248912850e-01  9.430511199823233e-01  1.199999864562181e+00  4.833663068742197e-03  1.550259935832870e+00 
 1.707357801526876e-07  0.000000000000000e+00  7.732162440364462e-01  7.675166147092212e-01  9.428011372800787e-01  1.199999848828131e+00  5.400562909012565e-03  1.550261799748614e+00 
 1.707428189919591e-07  0.000000000000000e+00  7.730357563143019e-01  7.674971187885047e-01  9.426102325100739e-01  1.199999836056035e+00  5.844054714860941e-03  1.550263733914890e+00 
 1.707509509440389e-07  0.000000000000000e+00  7.728797760991608e-01  7.674744435674538e-01  9.424510280087312e-01  1.199999824695321e+00  5.966579729988217e-03  1.550266020349063e+00 
 1.707597110641648e-07  0.000000000000000e+00  7.727597490016380e-01  7.674498388593878e-01  9.423351884029814e-01  1.199999815657528e+00  5.653962281094669e-03  1.550268540689576e+00 
 1.707676475414276e-07  0.000000000000000e+00  7.726827503724464e-01  7.674273939854503e-01  9.422666377473163e-01  1.199999809612258e+00  5.041469289397424e-03  1.550270870890487e+00 
 1.707760257791659e-07  0.000000000000000e+00  7.726237374563826e-01  7.674035507256289e-01  9.422191306865393e-01  1.199999804828899e+00  4.160664227821820e-03  1.550273373927237e+00 
 1.707856715045296e-07  0.000000000000000e+00  7.725739736464747e-01  7.673759309765908e-01  9.421840471526982e-01  1.199999800818476e+00  3.080380250382595e-03  1.550276303229607e+00 
 1.707966908282812e-07  0.000000000000000e+00  7.725324536389715e-01  7.673441935526542e-01  9.421605385700553e-01  1.199999797586468e+00  2.017720093931945e-03  1.550279701412555e+00 
 1.708069990579853e-07  0.000000000000000e+00  7.725042787277251e-01  7.673143626566046e-01  9.421508623935543e-01  1.199999795387626e+00  1.283531684564032e-03  1.550282920075967e+00 
 1.708176067002072e-07  0.000000000000000e+00  7.724838072377229e-01  7.672835567023528e-01  9.421517204926011e-01  1.199999793601324e+00  7.770539909387918e-04  1.550286261295989e+00 
 1.708282135880104e-07  0.000000000000000e+00  7.724706323371223e-01  7.672526683801520e-01  9.421624296839480e-01  1.199999792125273e+00  4.611190162042016e-04  1.550289620724610e+00 
 1.708396564853118e-07  0.000000000000000e+00  7.724632049268726e-01  7.672192710397430e-01  9.421833802120529e-01  1.199999790831417e+00  2.598110770579774e-04  1.550293252793760e+00 
 1.708521302518751e-07  0.000000000000000e+00  7.724613835614297e-01  7.671827934464142e-01  9.422149275591765e-01  1.199999789767232e+00  1.386396639735524e-04  1.550297205921933e+00 
 1.708665688569958e-07  0.000000000000000e+00  7.724650855720789e-01  7.671404939232036e-01  9.422594691582705e-01  1.199999788934099e+00  6.768700266752655e-05  1.550301752344565e+00 
 1.708835065605620e-07  0.000000000000000e+00  7.724744550029625e-01  7.670907909361364e-01  9.423186735060644e-01  1.199999788354436e+00  3.102856109289169e-05  1.550307014613052e+00 
 1.709044211084407e-07  0.000000000000000e+00  7.724900341022701e-01  7.670293310217211e-01  9.423974814395462e-01  1.199999787984710e+00  1.512946199157793e-05  1.550313357011109e+00 
 1.709309577440930e-07  0.000000000000000e+00  7.725124499497515e-01  7.669512725783425e-01  9.425016893700311e-01  1.199999787773005e+00  1.091201187931428e-05  1.550321074316075e+00 
 1.709669943723539e-07  0.000000000000000e+00  7.725438604028358e-01  7.668452495948447e-01  9.426459358615312e-01  1.199999787658103e+00  1.160730033104181e-05  1.550330811537958e+00 
 1.710017463621055e-07  0.000000000000000e+00  7.725735811824844e-01  7.667430928190508e-01  9.427859400254299e-01  1.199999787621948e+00  1.295934086328056e-05  1.550339266206375e+00 
 1.710432004096845e-07  0.000000000000000e+00  7.726074378756672e-01  7.666214807759634e-01  9.429528977916791e-01  1.199999787609233e+00  1.368238045622608e-05  1.550348023304978e+00 
 1.710844905133092e-07  0.000000000000000e+00  7.726392301932518e-01  7.665007283913600e-01  9.431186945932652e-01  1.199999787606915e+00  1.374998869501509e-05  1.550355246286890e+00 
 1.711335852325707e-07  0.000000000000000e+00  7.726745312864994e-01  7.663577748799408e-01  9.433148390398700e-01  1.199999787606535e+00  1.354196485351698e-05  1.550361887211617e+00 
 1.711858270981591e-07  0.000000000000000e+00  7.727092411342115e-01  7.662065241737421e-01  9.435220959619701e-01  1.199999787606061e+00  1.326421701796615e-05  1.550366727778049e+00 
 1.712493230301929e-07  0.000000000000000e+00  7.727477582302404e-01  7.660240417455891e-01  9.437716760224085e-01  1.199999787604066e+00  1.295433347400381e-05  1.550369792146347e+00 
 1.713213824841686e-07  0.000000000000000e+00  7.727870829894135e-01  7.658188959533938e-01  9.440516184721829e-01  1.199999787601789e+00  1.263924422104540e-05  1.550370014181673e+00 
 1.714124254066615e-07  0.000000000000000e+00  7.728310245780534e-01  7.655628490611164e-01  9.444002327786060e-01  1.199999787599837e+00  1.227273644150176e-05  1.550366306280092e+00 
 1.715242996053458e-07  0.000000000000000e+00  7.728777633060709e-01  7.652532053465412e-01  9.448210828051401e-01  1.199999787598432e+00  1.185337505573094e-05  1.550357273543499e+00 
 1.716774928090869e-07  0.000000000000000e+00  7.729316843330072e-01  7.648382830224711e-01  9.453847510621823e-01  1.199999787597555e+00  1.132360598620118e-05  1.550340010860283e+00 
 1.718774928090869e-07  0.000000000000000e+00  7.729892352733648e-01  7.643123049225208e-01  9.461005676439248e-01  1.199999787596962e+00  1.069874150835603e-05  1.550313806573183e+00 
 1.720774928090869e-07  0.000000000000000e+00  7.730362812889351e-01  7.638037163309136e-01  9.467956196853007e-01  1.199999787596793e+00  1.013897203938163e-05  1.550287222252942e+00 
 1.722774928090869e-07  0.000000000000000e+00  7.730759150120160e-01  7.633118848032306e-01  9.474717049876439e-01  1.199999787596567e+00  9.634785579903073e-06  1.550262636661464e+00 
 1.724774928090869e-07  0.000000000000000e+00  7.731102989450001e-01  7.628360787985923e-01  9.481303437965855e-01  1.199999787596514e+00  9.178346741739426e-06  1.550241176171866e+00 
 1.726774928090869e-07  0.000000000000000e+00  7.731408961259943e-01  7.623755425086931e-01  9.487728037167591e-01  1.199999787596550e+00  8.763211206240343e-06  1.550223119657513e+00 
 1.728774928090869e-07  0.000000000000000e+00  7.731686889202846e-01  7.619295344722866e-01  9.494001497947411e-01  1.199999787596564e+00  8.384029043846483e-06  1.550208267601728e+00 
 1.730774928090868e-07  0.000000000000000e+00  7.731943412178388e-01  7.614973461763389e-01  9.500132895315775e-01  1.199999787596427e+00  8.036328012623118e-06  1.550196201860391e+00 
 1.732774928090868e-07  0.000000000000000e+00  7.732183086004469e-01  7.610783102556927e-01  9.506130077084534e-01  1.199999787596450e+00  7.716345519112943e-06  1.550186443615063e+00 
 1.734774928090868e-07  0.000000000000000e+00  7.732409104206042e-01  7.606718032001247e-01  9.511999924698560e-01  1.199999787596385e+00  7.420895214723681e-06  1.550178537707739e+00 
 1.736774928090868e-07  0.000000000000000e+00  7.732623762264923e-01  7.602772450936564e-01  9.517748548686260e-01  1.199999787596535e+00  7.147261232008226e-06  1.550172090232821e+00 
 1.738774928090868e-07  0.000000000000000e+00  7.732828755349270e-01  7.598940977518854e-01  9.523381435689828e-01  1.199999787596502e+00  6.893114451504407e-06  1.550166779218187e+00 
 1.740774928090868e-07  0.000000000000000e+00  7.733025369812853e-01  7.595218620382168e-01  9.528903559200324e-01  1.199999787596484e+00  6.656445951698655e-06  1.550162351354180e+00 
 1.742774928090868e-07  0.000000000000000e+00  7.733214607427357e-01  7.591600748241323e-01  9.534319462801348e-01  1.199999787596497e+00  6.435513765676891e-06  1.550158612580487e+00 
 1.744774928090868e-07  0.000000000000000e+00  7.733397267064019e-01  7.588083058709161e-01  9.539633322747442e-01  1.199999787596442e+00  6.228799962997378e-06  1.550155416908060e+00 
 1.746774928090868e-07  0.000000000000000e+00  7.733573999339807e-01  7.584661548028151e-01  9.544848995154275e-01  1.199999787596393e+00  6.034975723744281e-06  1.550152655717828e+00 
 1.748774928090867e-07  0.000000000000000e+00  7.733745343922113e-01  7.581332482630331e-01  9.549970051982544e-01  1.199999787596495e+00  5.852872816376922e-06  1.550150248522773e+00 
 1.750774928090867e-07  0.000000000000000e+00  7.733911755557193e-01  7.578092373038428e-01  9.554999808992607e-01  1.199999787596407e+00  5.681459981806692e-06  1.550148135481997e+00 
 1.752774928090867e-07  0.000000000000000e+00  7.734073622637313e-01  7.574937950243155e-01  9.559941348072828e-01  1.199999787596367e+00  5.519823474493491e-06  1.550146271598770e+00 
 1.754774928090867e-07  0.000000000000000e+00  7.734231280736322e-01  7.571866144533620e-01  9.564797535678303e-01  1.199999787596372e+00  5.367150828773933e-06  1.550144622375993e+00 
 1.756774928090867e-07  0.000000000000000e+00  7.734385022678892e-01  7.568874066656857e-01  9.569571038643921e-01  1.199999787596413e+00  5.222717074669816e-06  1.550143160654981e+00 
 1.758774928090867e-07  0.000000000000000e+00  7.734535106176571e-01  7.565958991086459e-01  9.574264338237215e-01  1.199999787596319e+00  5.085873409486914e-06  1.550141864372487e+00 
 1.760774928090867e-07  0.000000000000000e+00  7.734681759718223e-01  7.563118341199867e-01  9.578879742992291e-01  1.199999787596273e+00  4.956037367834173e-06  1.550140715005603e+00 
 1.762774928090867e-07  0.000000000000000e+00  7.734825187188354e-01  7.560349676132265e-01  9.583419400704476e-01  1.199999787596425e+00  4.832684566741107e-06  1.550139696516898e+00 
 1.764774928090866e-07  0.000000000000000e+00  7.734965571539094e-01  7.557650679099505e-01  9.587885309790081e-01  1.199999787596526e+00  4.715341676780853e-06  1.550138794653839e+00 
 1.766774928090866e-07  0.000000000000000e+00  7.735103077751251e-01  7.555019147003249e-01  9.592279330121974e-01  1.199999787596539e+00  4.603580313000915e-06  1.550137996493058e+00 
 1.768774928090866e-07  0.000000000000000e+00  7.735237855248689e-01  7.552452981154910e-01  9.596603193384735e-01  1.199999787596527e+00  4.497011862226173e-06  1.550137290149570e+00 
 1.770774928090866e-07  0.000000000000000e+00  7.735370039892338e-01  7.549950178966377e-01  9.600858512965951e-01  1.199999787596467e+00  4.395282933468634e-06  1.550136664594404e+00 
 1.772774928090866e-07  0.000000000000000e+00  7.735499755640349e-01  7.547508826502520e-01  9.605046793387433e-01  1.199999787596470e+00  4.298071495862137e-06  1.550136109541719e+00 
 1.774774928090866e-07  0.000000000000000e+00  7.735627115947776e-01  7.545127091759027e-01  9.609169439251276e-01  1.199999787596499e+00  4.205083451030654e-06  1.550135615379058e+00 
 1.776774928090866e-07  0.000000000000000e+00  7.735752224952979e-01  7.542803218618539e-01  9.613227763681637e-01  1.199999787596594e+00  4.116049686155902e-06  1.550135173123510e+00 
 1.778774928090866e-07  0.000000000000000e+00  7.735875178493916e-01  7.540535521391200e-01  9.617222996287221e-01  1.199999787596430e+00  4.030723444275991e-06  1.550134774392852e+00 
 1.780774928090866e-07  0.000000000000000e+00  7.735996064982493e-01  7.538322379852442e-01  9.621156290592271e-01  1.199999787596510e+00  3.948878098566156e-06  1.550134411384783e+00 
 1.782774928090865e-07  0.000000000000000e+00  7.736114966164832e-01  7.536162234762586e-01  9.625028730979753e-01  1.199999787596471e+00  3.870305105484840e-06  1.550134076860221e+00 
 1.784774928090865e-07  0.000000000000000e+00  7.736231957782950e-01  7.534053583797604e-01  9.628841339136023e-01  1.199999787596450e+00  3.794812240351279e-06  1.550133764128353e+00 
 1.786774928090865e-07  0.000000000000000e+00  7.736347110155576e-01  7.531994977868562e-01  9.632595080026797e-01  1.199999787596391e+00  3.722222034454066e-06  1.550133467032077e+00 
 1.788774928090865e-07  0.000000000000000e+00  7.736460488689578e-01  7.529985017760954e-01  9.636290867390840e-01  1.199999787596447e+00  3.652370424142997e-06  1.550133179933217e+00 
 1.790774928090865e-07  0.000000000000000e+00  7.736572154332441e-01  7.528022351090810e-01  9.639929568827896e-01  1.199999787596484e+00  3.585105428328311e-06  1.550132897697186e+00 
 1.792774928090865e-07  0.000000000000000e+00  7.736682163975219e-01  7.526105669546026e-01  9.643512010420057e-01  1.199999787596408e+00  3.520286128085132e-06  1.550132615676925e+00 
 1.794774928090865e-07  0.000000000000000e+00  7.736790570810205e-01  7.524233706373685e-01  9.647038981017879e-01  1.199999787596440e+00  3.457781662267381e-06  1.550132329696056e+00 
 1.796774928090865e-07  0.000000000000000e+00  7.736897424651571e-01  7.522405234092761e-01  9.650511236114934e-01  1.199999787596468e+00  3.397470310204882e-06  1.550132036031307e+00 
 1.798774928090865e-07  0.000000000000000e+00  7.737002772222915e-01  7.520619062411524e-01  9.653929501396447e-01  1.199999787596568e+00  3.339238759267201e-06  1.550131731394165e+00 
 1.800774928090864e-07  0.000000000000000e+00  7.737106657415930e-01  7.518874036347550e-01  9.657294475965985e-01  1.199999787596415e+00  3.282981353174674e-06  1.550131412911775e+00 
 1.802774928090864e-07  0.000000000000000e+00  7.737209121523805e-01  7.517169034506863e-01  9.660606835271367e-01  1.199999787596517e+00  3.228599464863167e-06  1.550131078107154e+00 
 1.804774928090864e-07  0.000000000000000e+00  7.737310203451361e-01  7.515502967506491e-01  9.663867233756175e-01  1.199999787596454e+00  3.176000954346341e-06  1.550130724878749e+00 
 1.806774928090864e-07  0.000000000000000e+00  7.737409939906882e-01  7.513874776556783e-01  9.667076307265648e-01  1.199999787596427e+00  3.125099583738356e-06  1.550130351479400e+00 
 1.808774928090864e-07  0.000000000000000e+00  7.737508365574534e-01  7.512283432155711e-01  9.670234675203587e-01  1.199999787596489e+00  3.075814593500260e-06  1.550129956494802e+00 
 1.810774928090864e-07  0.000000000000000e+00  7.737605513272491e-01  7.510727932883403e-01  9.673342942473421e-01  1.199999787596562e+00  3.028070286666932e-06  1.550129538821559e+00 
 1.812774928090864e-07  0.000000000000000e+00  7.737701414096476e-01  7.509207304325066e-01  9.676401701234915e-01  1.199999787596542e+00  2.981795585924597e-06  1.550129097644852e+00 
 1.814774928090864e-07  0.000000000000000e+00  7.737796097550097e-01  7.507720598057384e-01  9.679411532473298e-01  1.199999787596388e+00  2.936923747384012e-06  1.550128632415978e+00 
 1.816774928090864e-07  0.000000000000000e+00  7.737889591664717e-01  7.506266890735067e-01  9.682373007376951e-01  1.199999787596353e+00  2.893391971583839e-06  1.550128142829770e+00 
 1.818774928090863e-07  0.000000000000000e+00  7.737981923108738e-01  7.504845283234717e-01  9.685286688597842e-01  1.199999787596477e+00  2.851141198004415e-06  1.550127628802064e+00 
 1.820774928090863e-07  0.000000000000000e+00  7.738073117287313e-01  7.503454899868166e-01  9.688153131346926e-01  1.199999787596375e+00  2.810115730017063e-06  1.550127090447394e+00 
 1.822774928090863e-07  0.000000000000000e+00  7.738163198434296e-01  7.502094887657218e-01  9.690972884367665e-01  1.199999787596482e+00  2.770263107658213e-06  1.550126528056926e+00 
 1.824774928090863e-07  0.000000000000000e+00  7.738252189695181e-01  7.500764415661374e-01  9.693746490793834e-01  1.199999787596347e+00  2.731533772575754e-06  1.550125942076854e+00 
 1.826774928090863e-07  0.000000000000000e+00  7.738340113205027e-01  7.499462674339562e-01  9.696474488894619e-01  1.199999787596529e+00  2.693880952271575e-06  1.550125333087396e+00 
 1.828774928090863e-07  0.000000000000000e+00  7.738426990158145e-01  7.498188874968800e-01  9.699157412716979e-01  1.199999787596415e+00  2.657260408572016e-06  1.550124701782362e+00 
 1.830774928090863e-07  0.000000000000000e+00  7.738512840873845e-01  7.496942249082169e-01  9.701795792665532e-01  1.199999787596383e+00  2.621630334622749e-06  1.550124048949569e+00 
 1.832774928090863e-07  0.000000000000000e+00  7.738597684854750e-01  7.495722047946942e-01  9.704390155967030e-01  1.199999787596420e+00  2.586951089394852e-06  1.550123375452074e+00 
 1.834774928090862e-07  0.000000000000000e+00  7.738681540841539e-01  7.494527542078956e-01  9.706941027077425e-01  1.199999787596379e+00  2.553185164230669e-06  1.550122682210404e+00 
 1.836774928090862e-07  0.000000000000000e+00  7.738764426863439e-01  7.493358020768910e-01  9.709448928033174e-01  1.199999787596503e+00  2.520296985839684e-06  1.550121970185715e+00 
 1.838774928090862e-07  0.000000000000000e+00  7.738846360283713e-01  7.492212791630423e-01  9.711914378720685e-01  1.199999787596503e+00  2.488252810766679e-06  1.550121240364052e+00 
 1.840774928090862e-07  0.000000000000000e+00  7.738927357841560e-01  7.491091180180133e-01  9.714337897115465e-01  1.199999787596365e+00  2.457020562596064e-06  1.550120493741784e+00 
 1.842774928090862e-07  0.000000000000000e+00  7.739007435691195e-01  7.489992529436544e-01  9.716719999449394e-01  1.199999787596435e+00  2.426569829189856e-06  1.550119731312102e+00 
 1.844774928090862e-07  0.000000000000000e+00  7.739086609437160e-01  7.488916199512792e-01  9.719061200351906e-01  1.199999787596376e+00  2.396871656869994e-06  1.550118954052713e+00 
 1.846774928090862e-07  0.000000000000000e+00  7.739164894166520e-01  7.487861567247274e-01  9.721362012946989e-01  1.199999787596352e+00  2.367898512041956e-06  1.550118162914759e+00 
 1.848774928090862e-07  0.000000000000000e+00  7.739242304478842e-01  7.486828025832910e-01  9.723622948917001e-01  1.199999787596420e+00  2.339624192958329e-06  1.550117358812886e+00 
 1.850774928090862e-07  0.000000000000000e+00  7.739318854513531e-01  7.485814984459022e-01  9.725844518529070e-01  1.199999787596319e+00  2.312023746694500e-06  1.550116542616516e+00 
 1.852774928090861e-07  0.000000000000000e+00  7.739394557974825e-01  7.484821867969601e-01  9.728027230649281e-01  1.199999787596471e+00  2.285073381732439e-06  1.550115715142289e+00 
 1.854774928090861e-07  0.000000000000000e+00  7.739469428154906e-01  7.483848116519439e-01  9.730171592721190e-01  1.199999787596502e+00  2.258750431427049e-06  1.550114877147615e+00 
 1.856774928090861e-07  0.000000000000000e+00  7.739543477954938e-01  7.482893185257438e-01  9.732278110729130e-01  1.199999787596409e+00  2.233033247894837e-06  1.550114029325402e+00 
 1.858774928090861e-07  0.000000000000000e+00  7.739616719904184e-01  7.481956543989133e-01  9.734347289141604e-01  1.199999787596459e+00  2.207901184025725e-06  1.550113172299837e+00 
 1.860774928090861e-07  0.000000000000000e+00  7.739689166177794e-01  7.481037676869181e-01  9.736379630837344e-01  1.199999787596446e+00  2.183334510794696e-06  1.550112306623219e+00 
 1.862774928090861e-07  0.000000000000000e+00  7.739760828613523e-01  7.480136082095669e-01  9.738375637022133e-01  1.199999787596524e+00  2.159314384403775e-06  1.550111432773821e+00 
 1.864774928090861e-07  0.000000000000000e+00  7.739831718726036e-01  7.479251271593583e-01  9.740335807141400e-01  1.199999787596537e+00  2.135822788660331e-06  1.550110551154625e+00 
 1.866774928090861e-07  0.000000000000000e+00  7.739901847721237e-01  7.478382770723653e-01  9.742260638770655e-01  1.199999787596462e+00  2.112842471037966e-06  1.550109662093042e+00 
 1.868774928090861e-07  0.000000000000000e+00  7.739971226508482e-01  7.477530117989324e-01  9.744150627516397e-01  1.199999787596431e+00  2.090356952057399e-06  1.550108765841438e+00 
 1.870774928090860e-07  0.000000000000000e+00  7.740039865712766e-01  7.476692864742019e-01  9.746006266878107e-01  1.199999787596462e+00  2.068350426787301e-06  1.550107862578430e+00 
 1.872774928090860e-07  0.000000000000000e+00  7.740107775685664e-01  7.475870574896604e-01  9.747828048149707e-01  1.199999787596528e+00  2.046807764734761e-06  1.550106952410967e+00 
 1.874774928090860e-07  0.000000000000000e+00  7.740174966514617e-01  7.475062824654263e-01  9.749616460292979e-01  1.199999787596542e+00  2.025714481416764e-06  1.550106035377016e+00 
 1.876774928090860e-07  0.000000000000000e+00  7.740241448032991e-01  7.474269202213719e-01  9.751371989810128e-01  1.199999787596447e+00  2.005056651407494e-06  1.550105111448900e+00 
 1.878774928090860e-07  0.000000000000000e+00  7.740307229828708e-01  7.473489307514194e-01  9.753095120611698e-01  1.199999787596497e+00  1.984820961274043e-06  1.550104180537182e+00 
 1.880774928090860e-07  0.000000000000000e+00  7.740372321252060e-01  7.472722751952043e-01  9.754786333909182e-01  1.199999787596466e+00  1.964994605251060e-06  1.550103242494993e+00 
 1.882774928090860e-07  0.000000000000000e+00  7.740436731423961e-01  7.471969158114825e-01  9.756446108075911e-01  1.199999787596505e+00  1.945565298985578e-06  1.550102297122864e+00 
 1.884774928090860e-07  0.000000000000000e+00  7.740500469242821e-01  7.471228159526201e-01  9.758074918531000e-01  1.199999787596355e+00  1.926521247456672e-06  1.550101344173839e+00 
 1.886774928090860e-07  0.000000000000000e+00  7.740563543391427e-01  7.470499400389004e-01  9.759673237625691e-01  1.199999787596435e+00  1.907851122414722e-06  1.550100383358955e+00 
 1.888774928090859e-07  0.000000000000000e+00  7.740625962343592e-01  7.469782535310745e-01  9.761241534519756e-01  1.199999787596375e+00  1.889544005874647e-06  1.550099414352951e+00 
 1.890774928090859e-07  0.000000000000000e+00  7.740687734370342e-01  7.469077229074971e-01  9.762780275064868e-01  1.199999787596441e+00  1.871589448857284e-06  1.550098436800175e+00 
 1.892774928090859e-07  0.000000000000000e+00  7.740748867546385e-01  7.468383156388410e-01  9.764289921700351e-01  1.199999787596472e+00  1.853977366486661e-06  1.550097450320648e+00 
 1.894774928090859e-07  0.000000000000000e+00  7.740809369755351e-01  7.467700001621288e-01  9.765770933349067e-01  1.199999787596408e+00  1.836698048469717e-06  1.550096454516196e+00 
 1.896774928090859e-07  0.000000000000000e+00  7.740869248695451e-01  7.467027458582530e-01  9.767223765307049e-01  1.199999787596407e+00  1.819742177337587e-06  1.550095448976634e+00 
 1.898774928090859e-07  0.000000000000000e+00  7.740928511885641e-01  7.466365230277295e-01  9.768648869158005e-01  1.199999787596497e+00  1.803100757441840e-06  1.550094433285977e+00 
 1.900774928090859e-07  0.000000000000000e+00  7.740987166670230e-01  7.465713028675826e-01  9.770046692664400e-01  1.199999787596431e+00  1.786765133149274e-06  1.550093407028503e+00 
 1.902774928090859e-07  0.000000000000000e+00  7.741045220224768e-01  7.465070574484579e-01  9.771417679690302e-01  1.199999787596422e+00  1.770726949194769e-06  1.550092369794886e+00 
 1.904774928090858e-07  0.000000000000000e+00  7.741102679560438e-01  7.464437596920648e-01  9.772762270122177e-01  1.199999787596409e+00  1.754978180194565e-06  1.550091321188039e+00 
 1.906774928090858e-07  0.000000000000000e+00  7.741159551530448e-01  7.463813833485814e-01  9.774080899773886e-01  1.199999787596489e+00  1.739511051636198e-06  1.550090260828888e+00 
 1.908774928090858e-07  0.000000000000000e+00  7.741215842834263e-01  7.463199029750089e-01  9.775374000329549e-01  1.199999787596310e+00  1.724318103039488e-06  1.550089188361877e+00 
 1.910774928090858e-07  0.000000000000000e+00  7.741271560022897e-01  7.462592939148637e-01  9.776641999270597e-01  1.199999787596526e+00  1.709392100349022e-06  1.550088103460329e+00 
 1.912774928090858e-07  0.000000000000000e+00  7.741326709503734e-01  7.461995322755981e-01  9.777885319798857e-01  1.199999787596481e+00  1.694726081917406e-06  1.550087005831455e+00 
 1.914774928090858e-07  0.000000000000000e+00  7.741381297545730e-01  7.461405949090244e-01  9.779104380796003e-01  1.199999787596388e+00  1.680313310339692e-06  1.550085895221144e+00 
 1.916774928090858e-07  0.000000000000000e+00  7.741435330284664e-01  7.460824593905930e-01  9.780299596751298e-01  1.199999787596338e+00  1.666147299125888e-06  1.550084771418434e+00 
 1.918774928090858e-07  0.000000000000000e+00  7.741488813727598e-01  7.460251039999595e-01  9.781471377724114e-01  1.199999787596469e+00  1.652221768783598e-06  1.550083634259618e+00 
 1.920774928090858e-07  0.000000000000000e+00  7.741541753758101e-01  7.459685077015638e-01  9.782620129283820e-01  1.199999787596466e+00  1.638530650453917e-06  1.550082483632049e+00 
 1.922774928090857e-07  0.000000000000000e+00  7.741594156141309e-01  7.459126501251454e-01  9.783746252485735e-01  1.199999787596445e+00  1.625068090227442e-06  1.550081319477616e+00 
 1.924774928090857e-07  0.000000000000000e+00  7.741646026528459e-01  7.458575115476820e-01  9.784850143822497e-01  1.199999787596535e+00  1.611828399446681e-06  1.550080141795745e+00 
 1.926774928090857e-07  0.000000000000000e+00  7.741697370462194e-01  7.458030728749435e-01  9.785932195190928e-01  1.199999787596469e+00  1.598806107855179e-06  1.550078950646152e+00 
 1.928774928090857e-07  0.000000000000000e+00  7.741748193381371e-01  7.457493156233960e-01  9.786992793866498e-01  1.199999787596439e+00  1.585995902822721e-06  1.550077746151142e+00 
 1.930774928090857e-07  0.000000000000000e+00  7.741798500625398e-01  7.456962219028244e-01  9.788032322469454e-01  1.199999787596312e+00  1.573392661712141e-06  1.550076528497521e+00 
 1.932774928090857e-07  0.000000000000000e+00  7.741848297440176e-01  7.456437743996029e-01  9.789051158953729e-01  1.199999787596426e+00  1.560991385567877e-06  1.550075297938160e+00 
 1.934774928090857e-07  0.000000000000000e+00  7.741897588981483e-01  7.455919563596658e-01  9.790049676580620e-01  1.199999787596392e+00  1.548787305148025e-06  1.550074054793148e+00 
 1.936774928090857e-07  0.000000000000000e+00  7.741946380320449e-01  7.455407515722094e-01  9.791028243916994e-01  1.199999787596534e+00  1.536775719410494e-06  1.550072799450550e+00 
 1.938774928090857e-07  0.000000000000000e+00  7.741994676448077e-01  7.454901443539657e-01  9.791987224797365e-01  1.199999787596369e+00  1.524952140143461e-06  1.550071532366868e+00 
 1.940774928090856e-07  0.000000000000000e+00  7.742042482280419e-01  7.454401195335887e-01  9.792926978339302e-01  1.199999787596362e+00  1.513312175328604e-06  1.550070254066980e+00 
 1.942774928090856e-07  0.000000000000000e+00  7.742089802661914e-01  7.453906624358925e-01  9.793847858928142e-01  1.199999787596385e+00  1.501851590114429e-06  1.550068965143875e+00 
 1.944774928090856e-07  0.000000000000000e+00  7.742136642370588e-01  7.453417588674106e-01  9.794750216214620e-01  1.199999787596517e+00  1.490566277498048e-06  1.550067666257991e+00 
 1.946774928090856e-07  0.000000000000000e+00  7.742183006122413e-01  7.452933951027202e-01  9.795634395111867e-01  1.199999787596533e+00  1.479452253058144e-06  1.550066358136120e+00 
 1.948774928090856e-07  0.000000000000000e+00  7.742228898575433e-01  7.452455578689412e-01  9.796500735800873e-01  1.199999787596456e+00  1.468505635130993e-06  1.550065041570117e+00 
 1.950774928090856e-07  0.000000000000000e+00  7.742274324333722e-01  7.451982343328674e-01  9.797349573738543e-01  1.199999787596300e+00  1.457722680636097e-06  1.550063717415246e+00 
 1.952774928090856e-07  0.000000000000000e+00  7.742319287951795e-01  7.451514120872899e-01  9.798181239655260e-01  1.199999787596493e+00  1.447099764075941e-06  1.550062386588232e+00 
 1.954774928090856e-07  0.000000000000000e+00  7.742363793937990e-01  7.451050791373348e-01  9.798996059577207e-01  1.199999787596400e+00  1.436633333676800e-06  1.550061050065030e+00 
 1.956774928090856e-07  0.000000000000000e+00  7.742407846758806e-01  7.450592238887562e-01  9.799794354826125e-01  1.199999787596350e+00  1.426319966073670e-06  1.550059708878328e+00 
 1.958774928090855e-07  0.000000000000000e+00  7.742451450842376e-01  7.450138351350296e-01  9.800576442034902e-01  1.199999787596458e+00  1.416156332464905e-06  1.550058364114814e+00 
 1.960774928090855e-07  0.000000000000000e+00  7.742494610581719e-01  7.449689020450757e-01  9.801342633165021e-01  1.199999787596518e+00  1.406139197476875e-06  1.550057016912280e+00 
 1.962774928090855e-07  0.000000000000000e+00  7.742537330338595e-01  7.449244141516574e-01  9.802093235524003e-01  1.199999787596405e+00  1.396265418052493e-06  1.550055668456393e+00 
 1.964774928090855e-07  0.000000000000000e+00  7.742579614446251e-01  7.448803613398876e-01  9.802828551787376e-01  1.199999787596443e+00  1.386531945586070e-06  1.550054319977422e+00 
 1.966774928090855e-07  0.000000000000000e+00  7.742621467212609e-01  7.448367338359326e-01  9.803548880009875e-01  1.199999787596392e+00  1.376935806631270e-06  1.550052972746671e+00 
 1.968774928090855e-07  0.000000000000000e+00  7.742662892923438e-01  7.447935221956999e-01  9.804254513654380e-01  1.199999787596330e+00  1.367474124469232e-06  1.550051628072895e+00 
 1.970774928090855e-07  0.000000000000000e+00  7.742703895844723e-01  7.447507172958020e-01  9.804945741609099e-01  1.199999787596412e+00  1.358144091710935e-06  1.550050287298468e+00 
 1.972774928090855e-07  0.000000000000000e+00  7.742744480225141e-01  7.447083103212855e-01  9.805622848214084e-01  1.199999787596471e+00  1.348942985258595e-06  1.550048951795532e+00 
 1.974774928090854e-07  0.000000000000000e+00  7.742784650298888e-01  7.446662927569300e-01  9.806286113293602e-01  1.199999787596527e+00  1.339868150629533e-06  1.550047622962057e+00 
 1.976774928090854e-07  0.000000000000000e+00  7.742824410287539e-01  7.446246563769146e-01  9.806935812180974e-01  1.199999787596525e+00  1.330917005800929e-06  1.550046302217769e+00 
 1.978774928090854e-07  0.000000000000000e+00  7.742863764402418e-01  7.445833932355496e-01  9.807572215740563e-01  1.199999787596398e+00  1.322087049368143e-06  1.550044991000105e+00 
 1.980774928090854e-07  0.000000000000000e+00  7.742902716846252e-01  7.445424956583360e-01  9.808195590398224e-01  1.199999787596418e+00  1.313375831624041e-06  1.550043690760081e+00 
 1.982774928090854e-07  0.000000000000000e+00  7.742941271814903e-01  7.445019562321950e-01  9.808806198183427e-01  1.199999787596351e+00  1.304780984864186e-06  1.550042402958219e+00 
 1.984774928090854e-07  0.000000000000000e+00  7.742979433498547e-01  7.444617677974629e-01  9.809404296745634e-01  1.199999787596443e+00  1.296300179625700e-06  1.550041129060440e+00 
 1.986774928090854e-07  0.000000000000000e+00  7.743017206083571e-01  7.444219234392159e-01  9.809990139400834e-01  1.199999787596387e+00  1.287931177770036e-06  1.550039870533945e+00 
 1.988774928090854e-07  0.000000000000000e+00  7.743054593753278e-01  7.443824164789319e-01  9.810563975152781e-01  1.199999787596510e+00  1.279671776691333e-06  1.550038628843216e+00 
 1.990774928090854e-07  0.000000000000000e+00  7.743091600689286e-01  7.443432404663913e-01  9.811126048736037e-01  1.199999787596486e+00  1.271519843421794e-06  1.550037405446027e+00 
 1.992774928090853e-07  0.000000000000000e+00  7.743128231071992e-01  7.443043891725395e-01  9.811676600646058e-01  1.199999787596457e+00  1.263473294214714e-06  1.550036201789532e+00 
 1.994774928090853e-07  0.000000000000000e+00  7.743164489081557e-01  7.442658565809404e-01  9.812215867172260e-01  1.199999787596373e+00  1.255530102311486e-06  1.550035019306435e+00 
 1.996774928090853e-07  0.000000000000000e+00  7.743200378898113e-01  7.442276368812363e-01  9.812744080453635e-01  1.199999787596360e+00  1.247688287374394e-06  1.550033859411266e+00 
 1.998774928090853e-07  0.000000000000000e+00  7.743235904702014e-01  7.441897244623438e-01  9.813261468497323e-01  1.199999787596256e+00  1.239945928344251e-06  1.550032723496797e+00 
 2.000774928090853e-07  0.000000000000000e+00  7.743271070674674e-01  7.441521139041931e-01  9.813768255222509e-01  1.199999787596388e+00  1.232301136392853e-06  1.550031612930522e+00 
 2.002774928090853e-07  0.000000000000000e+00  7.743305880997524e-01  7.441147999720565e-01  9.814264660494469e-01  1.199999787596524e+00  1.224752092228401e-06  1.550030529051304e+00 
 2.004774928090853e-07  0.000000000000000e+00  7.743340339853002e-01  7.440777776094991e-01  9.814750900186250e-01  1.199999787596514e+00  1.217297009216684e-06  1.550029473166136e+00 
 2.006774928090853e-07  0.000000000000000e+00  7.743374451423710e-01  7.440410419327880e-01  9.815227186187395e-01  1.199999787596481e+00  1.209934132418005e-06  1.550028446547134e+00 
 2.008774928090853e-07  0.000000000000000e+00  7.743408219891855e-01  7.440045882240011e-01  9.815693726468391e-01  1.199999787596344e+00  1.202661777669538e-06  1.550027450428601e+00 
 2.010774928090852e-07  0.000000000000000e+00  7.743441649439440e-01  7.439684119253135e-01  9.816150725111437e-01  1.199999787596319e+00  1.195478274760816e-06  1.550026486004267e+00 
 2.012774928090852e-07  0.000000000000000e+00  7.743474744246727e-01  7.439325086331265e-01  9.816598382359610e-01  1.199999787596396e+00  1.188382026529097e-06  1.550025554424741e+00 
 2.014774928090852e-07  0.000000000000000e+00  7.743507508492328e-01  7.438968740930386e-01  9.817036894660338e-01  1.199999787596415e+00  1.181371429846538e-06  1.550024656795109e+00 
 2.016774928090852e-07  0.000000000000000e+00  7.743539946351783e-01  7.438615041935587e-01  9.817466454701054e-01  1.199999787596427e+00  1.174444959738263e-06  1.550023794172731e+00 
 2.018774928090852e-07  0.000000000000000e+00  7.743572061997120e-01  7.438263949613259e-01  9.817887251457742e-01  1.199999787596444e+00  1.167601111983617e-06  1.550022967565184e+00 
 2.020774928090852e-07  0.000000000000000e+00  7.743603859595110e-01  7.437915425561622e-01  9.818299470240190e-01  1.199999787596366e+00  1.160838410745854e-06  1.550022177928458e+00 
 2.022774928090852e-07  0.000000000000000e+00  7.743635343306708e-01  7.437569432654595e-01  9.818703292737423e-01  1.199999787596339e+00  1.154155427696805e-06  1.550021426165262e+00 
 2.024774928090852e-07  0.000000000000000e+00  7.743666517285513e-01  7.437225934998749e-01  9.819098897058423e-01  1.199999787596406e+00  1.147550765143888e-06  1.550020713123553e+00 
 2.026774928090852e-07  0.000000000000000e+00  7.743697385676752e-01  7.436884897884808e-01  9.819486457788662e-01  1.199999787596343e+00  1.141023054282681e-06  1.550020039595293e+00 
 2.028774928090851e-07  0.000000000000000e+00  7.743727952615698e-01  7.436546287743927e-01  9.819866146023033e-01  1.199999787596410e+00  1.134570949890674e-06  1.550019406315320e+00 
 2.030774928090851e-07  0.000000000000000e+00  7.743758222226498e-01  7.436210072103953e-01  9.820238129417193e-01  1.199999787596349e+00  1.128193162991843e-06  1.550018813960425e+00 
 2.032774928090851e-07  0.000000000000000e+00  7.743788198620404e-01  7.435876219549425e-01  9.820602572234571e-01  1.199999787596420e+00  1.121888403640740e-06  1.550018263148676e+00 
 2.034774928090851e-07  0.000000000000000e+00  7.743817885894393e-01  7.435544699674460e-01  9.820959635408127e-01  1.199999787596433e+00  1.115655436891502e-06  1.550017754438805e+00 
 2.036774928090851e-07  0.000000000000000e+00  7.743847288129510e-01  7.435215483044001e-01  9.821309476556477e-01  1.199999787596455e+00  1.109493035102787e-06  1.550017288329893e+00 
 2.038774928090851e-07  0.000000000000000e+00  7.743876409389673e-01  7.434888541168866e-01  9.821652250057116e-01  1.199999787596469e+00  1.103400014998494e-06  1.550016865261149e+00 
 2.040774928090851e-07  0.000000000000000e+00  7.743905253719806e-01  7.434563846447508e-01  9.821988107093358e-01  1.199999787596520e+00  1.097375215910296e-06  1.550016485611897e+00 
 2.042774928090851e-07  0.000000000000000e+00  7.743933825144288e-01  7.434241372144508e-01  9.822317195684599e-01  1.199999787596280e+00  1.091417485964949e-06  1.550016149701705e+00 
 2.044774928090850e-07  0.000000000000000e+00  7.743962127665119e-01  7.433921092351703e-01  9.822639660753971e-01  1.199999787596380e+00  1.085525717713051e-06  1.550015857790644e+00 
 2.046774928090850e-07  0.000000000000000e+00  7.743990165260732e-01  7.433602981959395e-01  9.822955644167043e-01  1.199999787596355e+00  1.079698831714719e-06  1.550015610079771e+00 
 2.048774928090850e-07  0.000000000000000e+00  7.744017941883939e-01  7.433287016613089e-01  9.823265284779304e-01  1.199999787596432e+00  1.073935756722442e-06  1.550015406711752e+00 
 2.050774928090850e-07  0.000000000000000e+00  7.744045461460639e-01  7.432973172698167e-01  9.823568718492874e-01  1.199999787596361e+00  1.068235445460994e-06  1.550015247771541e+00 
 2.052774928090850e-07  0.000000000000000e+00  7.744072727887942e-01  7.432661427290698e-01  9.823866078298776e-01  1.199999787596437e+00  1.062596888344529e-06  1.550015133287268e+00 
 2.054774928090850e-07  0.000000000000000e+00  7.744099745032716e-01  7.432351758145137e-01  9.824157494331227e-01  1.199999787596367e+00  1.057019077761630e-06  1.550015063231197e+00 
 2.056774928090850e-07  0.000000000000000e+00  7.744126516730229e-01  7.432044143653501e-01  9.824443093907529e-01  1.199999787596423e+00  1.051501051793068e-06  1.550015037520917e+00 
 2.058774928090850e-07  0.000000000000000e+00  7.744153046781960e-01  7.431738562831406e-01  9.824723001579229e-01  1.199999787596430e+00  1.046041849479149e-06  1.550015056020473e+00 
 2.060774928090850e-07  0.000000000000000e+00  7.744179338955121e-01  7.431434995281173e-01  9.824997339187179e-01  1.199999787596344e+00  1.040640530320293e-06  1.550015118541765e+00 
 2.062774928090849e-07  0.000000000000000e+00  7.744205396980572e-01  7.431133421172353e-01  9.825266225910544e-01  1.199999787596308e+00  1.035296183010163e-06  1.550015224845918e+00 
 2.064774928090849e-07  0.000000000000000e+00  7.744231224551100e-01  7.430833821213619e-01  9.825529778314611e-01  1.199999787596379e+00  1.030007911524867e-06  1.550015374644869e+00 
 2.066774928090849e-07  0.000000000000000e+00  7.744256825320550e-01  7.430536176635157e-01  9.825788110383824e-01  1.199999787596452e+00  1.024774846921968e-06  1.550015567602862e+00 
 2.068774928090849e-07  0.000000000000000e+00  7.744282202902887e-01  7.430240469158116e-01  9.826041333593222e-01  1.199999787596488e+00  1.019596119328050e-06  1.550015803338196e+00 
 2.070774928090849e-07  0.000000000000000e+00  7.744307360869778e-01  7.429946680979848e-01  9.826289556936807e-01  1.199999787596436e+00  1.014470882978132e-06  1.550016081424920e+00 
 2.072774928090849e-07  0.000000000000000e+00  7.744332302750253e-01  7.429654794752489e-01  9.826532886988163e-01  1.199999787596348e+00  1.009398332772256e-06  1.550016401394630e+00 
 2.074774928090849e-07  0.000000000000000e+00  7.744357032029562e-01  7.429364793561253e-01  9.826771427944847e-01  1.199999787596314e+00  1.004377643828062e-06  1.550016762738339e+00 
 2.076774928090849e-07  0.000000000000000e+00  7.744381552147537e-01  7.429076660900858e-01  9.827005281677685e-01  1.199999787596483e+00  9.994080370553408e-07  1.550017164908332e+00 
 2.078774928090849e-07  0.000000000000000e+00  7.744405866497848e-01  7.428790380672023e-01  9.827234547766808e-01  1.199999787596440e+00  9.944887264901320e-07  1.550017607320092e+00 
 2.080774928090848e-07  0.000000000000000e+00  7.744429978427254e-01  7.428505937145031e-01  9.827459323559942e-01  1.199999787596453e+00  9.896189610881677e-07  1.550018089354289e+00 
 2.082774928090848e-07  0.000000000000000e+00  7.744453891234447e-01  7.428223314953106e-01  9.827679704216925e-01  1.199999787596477e+00  9.847980013667010e-07  1.550018610358704e+00 
 2.084774928090848e-07  0.000000000000000e+00  7.744477608169135e-01  7.427942499076974e-01  9.827895782750282e-01  1.199999787596527e+00  9.800251098964131e-07  1.550019169650265e+00 
 2.086774928090848e-07  0.000000000000000e+00  7.744501132431386e-01  7.427663474828974e-01  9.828107650077057e-01  1.199999787596285e+00  9.752995682754281e-07  1.550019766517039e+00 
 2.088774928090848e-07  0.000000000000000e+00  7.744524467170797e-01  7.427386227835115e-01  9.828315395055163e-01  1.199999787596406e+00  9.706206786736170e-07  1.550020400220194e+00 
 2.090774928090848e-07  0.000000000000000e+00  7.744547615486270e-01  7.427110744023695e-01  9.828519104539601e-01  1.199999787596425e+00  9.659877659668510e-07  1.550021069996063e+00 
 2.092774928090848e-07  0.000000000000000e+00  7.744570580425181e-01  7.426837009609858e-01  9.828718863410484e-01  1.199999787596428e+00  9.614001476755052e-07  1.550021775058100e+00 
 2.094774928090848e-07  0.000000000000000e+00  7.744593364982560e-01  7.426565011081203e-01  9.828914754633927e-01  1.199999787596431e+00  9.568571509812782e-07  1.550022514598842e+00 
 2.096774928090847e-07  0.000000000000000e+00  7.744615972101322e-01  7.426294735189471e-01  9.829106859293208e-01  1.199999787596341e+00  9.523581499381417e-07  1.550023287791923e+00 
 2.098774928090847e-07  0.000000000000000e+00  7.744638404671501e-01  7.426026168937337e-01  9.829295256639509e-01  1.199999787596391e+00  9.479024990725749e-07  1.550024093793913e+00 
 2.100774928090847e-07  0.000000000000000e+00  7.744660665529577e-01  7.425759299562180e-01  9.829480024120327e-01  1.199999787596502e+00  9.434895775955610e-07  1.550024931746341e+00 
 2.102774928090847e-07  0.000000000000000e+00  7.744682757458943e-01  7.425494114537918e-01  9.829661237438605e-01  1.199999787596353e+00  9.391187663346940e-07  1.550025800777466e+00 
 2.104774928090847e-07  0.000000000000000e+00  7.744704683189408e-01  7.425230601548946e-01  9.829838970578761e-01  1.199999787596407e+00  9.347894812548279e-07  1.550026700004172e+00 
 2.106774928090847e-07  0.000000000000000e+00  7.744726445397377e-01  7.424968748493823e-01  9.830013295850981e-01  1.199999787596418e+00  9.305011161444589e-07  1.550027628533723e+00 
 2.108774928090847e-07  0.000000000000000e+00  7.744748046705273e-01  7.424708543467916e-01  9.830184283935933e-01  1.199999787596408e+00  9.262531073344317e-07  1.550028585465524e+00 
 2.110774928090847e-07  0.000000000000000e+00  7.744769489681990e-01  7.424449974757767e-01  9.830352003916667e-01  1.199999787596321e+00  9.220448835091673e-07  1.550029569892834e+00 
 2.112774928090847e-07  0.000000000000000e+00  7.744790776842904e-01  7.424193030832217e-01  9.830516523322288e-01  1.199999787596461e+00  9.178758951070345e-07  1.550030580904367e+00 
 2.114774928090846e-07  0.000000000000000e+00  7.744811910650168e-01  7.423937700333740e-01  9.830677908154309e-01  1.199999787596367e+00  9.137455779112455e-07  1.550031617585942e+00 
 2.116774928090846e-07  0.000000000000000e+00  7.744832893512229e-01  7.423683972070224e-01  9.830836222944550e-01  1.199999787596412e+00  9.096534196192076e-07  1.550032679021988e+00 
 2.118774928090846e-07  0.000000000000000e+00  7.744853727784735e-01  7.423431835014550e-01  9.830991530762238e-01  1.199999787596510e+00  9.055988861892191e-07  1.550033764297017e+00 
 2.120774928090846e-07  0.000000000000000e+00  7.744874415770900e-01  7.423181278285920e-01  9.831143893274683e-01  1.199999787596458e+00  9.015814513765509e-07  1.550034872497062e+00 
 2.122774928090846e-07  0.000000000000000e+00  7.744894959721410e-01  7.422932291154517e-01  9.831293370775296e-01  1.199999787596453e+00  8.976006206264070e-07  1.550036002711042e+00 
 2.124774928090846e-07  0.000000000000000e+00  7.744915361835147e-01  7.422684863028860e-01  9.831440022205657e-01  1.199999787596380e+00  8.936558954205087e-07  1.550037154032054e+00 
 2.126774928090846e-07  0.000000000000000e+00  7.744935624259578e-01  7.422438983455698e-01  9.831583905202697e-01  1.199999787596459e+00  8.897467820274576e-07  1.550038325558579e+00 
 2.128774928090846e-07  0.000000000000000e+00  7.744955749091270e-01  7.422194642107788e-01  9.831725076129132e-01  1.199999787596462e+00  8.858728079221853e-07  1.550039516395699e+00 
 2.130774928090846e-07  0.000000000000000e+00  7.744975738375948e-01  7.421951828781513e-01  9.831863590092079e-01  1.199999787596490e+00  8.820334867054417e-07  1.550040725656165e+00 
 2.132774928090845e-07  0.000000000000000e+00  7.744995594109788e-01  7.421710533397363e-01  9.831999500995601e-01  1.199999787596435e+00  8.782283727099508e-07  1.550041952461421e+00 
 2.134774928090845e-07  0.000000000000000e+00  7.745015318240041e-01  7.421470745992412e-01  9.832132861551470e-01  1.199999787596433e+00  8.744570103821070e-07  1.550043195942638e+00 
 2.136774928090845e-07  0.000000000000000e+00  7.745034912664646e-01  7.421232456706528e-01  9.832263723320337e-01  1.199999787596433e+00  8.707189405653041e-07  1.550044455241601e+00 
 2.138774928090845e-07  0.000000000000000e+00  7.745054379233833e-01  7.420995655792162e-01  9.832392136732424e-01  1.199999787596435e+00  8.670137348076170e-07  1.550045729511528e+00 
 2.140774928090845e-07  0.000000000000000e+00  7.745073719750624e-01  7.420760333602585e-01  9.832518151131074e-01  1.199999787596438e+00  8.633409605535873e-07  1.550047017917873e+00 
 2.142774928090845e-07  0.000000000000000e+00  7.745092935972018e-01  7.420526480592098e-01  9.832641814784089e-01  1.199999787596442e+00  8.597001870824410e-07  1.550048319639074e+00 
 2.144774928090845e-07  0.000000000000000e+00  7.745112029608455e-01  7.420294087309833e-01  9.832763174917045e-01  1.199999787596450e+00  8.560910081720234e-07  1.550049633867172e+00 
 2.146774928090845e-07  0.000000000000000e+00  7.745131002325955e-01  7.420063144401764e-01  9.832882277739450e-01  1.199999787596458e+00  8.525130089050874e-07  1.550050959808423e+00 
 2.148774928090845e-07  0.000000000000000e+00  7.745149855746075e-01  7.419833642598171e-01  9.832999168464317e-01  1.199999787596453e+00  8.489657909414997e-07  1.550052296683835e+00 
 2.150774928090844e-07  0.000000000000000e+00  7.745168591446933e-01  7.419605572722089e-01  9.833113891343978e-01  1.199999787596351e+00  8.454489587260046e-07  1.550053643729674e+00 
 2.152774928090844e-07  0.000000000000000e+00  7.745187210964761e-01  7.419378925682139e-01  9.833226489687464e-01  1.199999787596309e+00  8.419621151275447e-07  1.550055000197855e+00 
 2.154774928090844e-07  0.000000000000000e+00  7.745205715793297e-01  7.419153692462557e-01  9.833337005888677e-01  1.199999787596463e+00  8.385048926978628e-07  1.550056365356333e+00 
 2.156774928090844e-07  0.000000000000000e+00  7.745224107385802e-01  7.418929864135001e-01  9.833445481440872e-01  1.199999787596479e+00  8.350769039692001e-07  1.550057738489400e+00 
 2.158774928090844e-07  0.000000000000000e+00  7.745242387155410e-01  7.418707431847178e-01  9.833551956965069e-01  1.199999787596520e+00  8.316777913035652e-07  1.550059118897964e+00 
 2.160774928090844e-07  0.000000000000000e+00  7.745260556476325e-01  7.418486386821429e-01  9.833656472226504e-01  1.199999787596465e+00  8.283071792409241e-07  1.550060505899787e+00 
 2.162774928090844e-07  0.000000000000000e+00  7.745278616684685e-01  7.418266720356897e-01  9.833759066163087e-01  1.199999787596393e+00  8.249647193216080e-07  1.550061898829624e+00 
 2.164774928090844e-07  0.000000000000000e+00  7.745296569078827e-01  7.418048423822532e-01  9.833859776906339e-01  1.199999787596387e+00  8.216500555023837e-07  1.550063297039368e+00 
 2.166774928090843e-07  0.000000000000000e+00  7.745314414920932e-01  7.417831488660850e-01  9.833958641787340e-01  1.199999787596383e+00  8.183628543230578e-07  1.550064699898061e+00 
 2.168774928090843e-07  0.000000000000000e+00  7.745332155437445e-01  7.417615906384596e-01  9.834055697373902e-01  1.199999787596471e+00  8.151027580174075e-07  1.550066106792035e+00 
 2.170774928090843e-07  0.000000000000000e+00  7.745349791820242e-01  7.417401668575446e-01  9.834150979477037e-01  1.199999787596513e+00  8.118694518072500e-07  1.550067517124865e+00 
 2.172774928090843e-07  0.000000000000000e+00  7.745367325175171e-01  7.417188766818514e-01  9.834244523167348e-01  1.199999787596436e+00  8.086571255391834e-07  1.550068930317309e+00 
 2.174774928090843e-07  0.000000000000000e+00  7.745384756656604e-01  7.416977192855275e-01  9.834336362798936e-01  1.199999787596434e+00  8.054756266934030e-07  1.550070345807256e+00 
 2.176774928090843e-07  0.000000000000000e+00  7.745402087375300e-01  7.416766938483830e-01  9.834426532032021e-01  1.199999787596342e+00  8.023210000473221e-07  1.550071763049628e+00 
 2.178774928090843e-07  0.000000000000000e+00  7.745419318398572e-01  7.416557995548375e-01  9.834515063836577e-01  1.199999787596317e+00  7.991918350978846e-07  1.550073181516225e+00 
 2.180774928090843e-07  0.000000000000000e+00  7.745436450759199e-01  7.416350355955260e-01  9.834601990520979e-01  1.199999787596490e+00  7.960878086700261e-07  1.550074600695583e+00 
 2.182774928090843e-07  0.000000000000000e+00  7.745453485459455e-01  7.416144011666080e-01  9.834687343733434e-01  1.199999787596519e+00  7.930086653327891e-07  1.550076020092769e+00 
 2.184774928090842e-07  0.000000000000000e+00  7.745470423472509e-01  7.415938954702043e-01  9.834771154487097e-01  1.199999787596443e+00  7.899541076534107e-07  1.550077439229159e+00 
 2.186774928090842e-07  0.000000000000000e+00  7.745487265743841e-01  7.415735177151577e-01  9.834853453171121e-01  1.199999787596442e+00  7.869238453008567e-07  1.550078857642226e+00 
 2.188774928090842e-07  0.000000000000000e+00  7.745504013191629e-01  7.415532671153681e-01  9.834934269567757e-01  1.199999787596444e+00  7.839175922909324e-07  1.550080274885253e+00 
 2.190774928090842e-07  0.000000000000000e+00  7.745520666708077e-01  7.415331428905868e-01  9.835013632854073e-01  1.199999787596448e+00  7.809350546582991e-07  1.550081690527078e+00 
 2.192774928090842e-07  0.000000000000000e+00  7.745537227159777e-01  7.415131442667431e-01  9.835091571635682e-01  1.199999787596451e+00  7.779759602701074e-07  1.550083104151789e+00 
 2.194774928090842e-07  0.000000000000000e+00  7.745553695388581e-01  7.414932704750521e-01  9.835168113946415e-01  1.199999787596364e+00  7.750400401082317e-07  1.550084515358392e+00 
 2.196774928090842e-07  0.000000000000000e+00  7.745570072212348e-01  7.414735207521338e-01  9.835243287262181e-01  1.199999787596331e+00  7.721270042309635e-07  1.550085923760514e+00 
 2.198387464045421e-07  0.000000000000000e+00  7.745583210278583e-01  7.414576870493645e-01  9.835302917260590e-01  1.199999787596675e+00  7.697965080009396e-07  1.550087057030878e+00 
 2.200000000000000e-07  0.000000000000000e+00  7.745596289830168e-01  7.414419331345852e-01  9.835361687968539e-01  1.199999787596557e+00  7.674791553155508e-07  1.550088188056993e+00 
 2.200001198765879e-07  7.192595270445806e-04  7.745613889546897e-01  7.414436821525993e-01  9.835362451193820e-01  1.200003181533373e+00  8.440486760560861e-07  1.550088188896971e+00 
 2.200003596297635e-07  2.157778581133742e-03  7.745654992033899e-01  7.414477889525237e-01  9.835364493201788e-01  1.200013181534951e+00  1.035934789834006e-06  1.550088190576919e+00 
 2.200006822702529e-07  4.093621517331446e-03  7.745713833309169e-01  7.414537092004050e-01  9.835367635103863e-01  1.200027837264884e+00  1.272067793975373e-06  1.550088192837645e+00 
 2.200010612657595e-07  6.367594556898359e-03  7.745782949175424e-01  7.414607006958809e-01  9.835371315910932e-01  1.200042150400027e+00  1.480410114537700e-06  1.550088195493238e+00 
 2.200015994157640e-07  9.596494584207169e-03  7.745878957761906e-01  7.414704488889208e-01  9.835376179332854e-01  1.200055659492650e+00  1.675837647404158e-06  1.550088199263993e+00 
 2.200025958548607e-07  1.557512916411877e-02  7.746051213612720e-01  7.414880032431335e-01  9.835384157122108e-01  1.200066083605126e+00  1.850280743330782e-06  1.550088206245856e+00 
 2.200045887330540e-07  2.753239832394198e-02  7.746379276626881e-01  7.415215973354844e-01  9.835397354926124e-01  1.200060448662245e+00  1.851437762137934e-06  1.550088220209299e+00 
 2.200085693134322e-07  5.141588059297649e-02  7.746985602392695e-01  7.415840787419633e-01  9.835416732089496e-01  1.200027449406091e+00  1.475745718901907e-06  1.550088248098828e+00 
 2.200145417956471e-07  8.725077388246692e-02  7.747810956953485e-01  7.416697507516220e-01  9.835435034845318e-01  1.199994804611437e+00  9.256403227253258e-07  1.550088289942013e+00 
 2.200215366082772e-07  1.292196496631146e-01  7.748695247858703e-01  7.417621402626460e-01  9.835446719852743e-01  1.199985159809982e+00  5.686577060602400e-07  1.550088338945214e+00 
 2.200303020129994e-07  1.818120779965946e-01  7.749732961695696e-01  7.418710407348300e-01  9.835453664790487e-01  1.199988717417091e+00  4.311808146377407e-07  1.550088400354430e+00 
 2.200410990453794e-07  2.465942722760924e-01  7.750954576634418e-01  7.419995068897909e-01  9.835457110883106e-01  1.199994864634806e+00  4.673518250971394e-07  1.550088476018417e+00 
 2.200501555767021e-07  3.009334602122891e-01  7.751931921591009e-01  7.421023146477750e-01  9.835458019637715e-01  1.199998195645232e+00  5.491615246557089e-07  1.550088539525712e+00 
 2.200546778789862e-07  3.280672739172529e-01  7.752391280980360e-01  7.421506223860045e-01  9.835457902271375e-01  1.199999329723717e+00  5.863103476821344e-07  1.550088571257633e+00 
 2.200596937874247e-07  3.581627245482651e-01  7.752847887276944e-01  7.421986240303456e-01  9.835456986978049e-01  1.200000418369074e+00  6.088707911356284e-07  1.550088606475963e+00 
 2.200639048261620e-07  3.834289569719492e-01  7.753154358613745e-01  7.422308317831843e-01  9.835455053902505e-01  1.200001291899814e+00  6.057471322669546e-07  1.550088636066515e+00 
 2.200680206492894e-07  4.081238957361860e-01  7.753343863150859e-01  7.422507386895432e-01  9.835451483783253e-01  1.200002152391701e+00  5.794062453304619e-07  1.550088665013306e+00 
 2.200721688373253e-07  4.330130239515859e-01  7.753373733259311e-01  7.422538583401684e-01  9.835445484689369e-01  1.200003045304606e+00  5.292000050194715e-07  1.550088694218081e+00 
 2.200763883064271e-07  4.583298385625836e-01  7.753176409352367e-01  7.422330792741795e-01  9.835436139455532e-01  1.200003993117928e+00  4.557918476589574e-07  1.550088723961544e+00 
 2.200805740638660e-07  4.834443831961315e-01  7.752683441508217e-01  7.421811899712727e-01  9.835422844610352e-01  1.200004986305753e+00  3.628304173428076e-07  1.550088753510299e+00 
 2.200846486456525e-07  5.078918739149361e-01  7.751844616817871e-01  7.420928936066402e-01  9.835405270025636e-01  1.200006017339179e+00  2.542898225820454e-07  1.550088782321634e+00 
 2.200886124621023e-07  5.316747726138532e-01  7.750613400650505e-01  7.419632808656034e-01  9.835383046576371e-01  1.200007092535730e+00  1.326375512122543e-07  1.550088810401100e+00 
 2.200928803707699e-07  5.572822246192015e-01  7.748739280447220e-01  7.417659827543818e-01  9.835352650534682e-01  1.200008338923975e+00 -1.372139556794424e-08  1.550088840699193e+00 
 2.200967899894640e-07  5.807399367837146e-01  7.746446693442021e-01  7.415247401503561e-01  9.835318293370323e-01  1.200009560782956e+00 -1.591167132549559e-07  1.550088868519353e+00 
 2.201009621752738e-07  6.057730516425096e-01  7.743302387708033e-01  7.411949644639605e-01  9.835274074318160e-01  1.200010950469736e+00 -3.226170127565084e-07  1.550088898284993e+00 
 2.201050151673265e-07  6.300910039587001e-01  7.739399683773597e-01  7.407951715263466e-01  9.835222101314789e-01  1.200012424367990e+00 -4.961461234336689e-07  1.550088927284088e+00 
 2.201068898211285e-07  6.413389267707968e-01  7.737159873680697e-01  7.405804400504785e-01  9.835193084219720e-01  1.200013354287266e+00 -6.025050148933397e-07  1.550088940726654e+00 
 2.201082969829343e-07  6.497818976058392e-01  7.735164396483231e-01  7.404029332991282e-01  9.835167442230218e-01  1.200014368855001e+00 -7.125454501381162e-07  1.550088950829841e+00 
 2.201098522720367e-07  6.591136322199581e-01  7.732528832287343e-01  7.401830075224299e-01  9.835133751833587e-01  1.200015863316104e+00 -8.770248321188223e-07  1.550088962009941e+00 
 2.201116685530343e-07  6.700113182059846e-01  7.728834484290630e-01  7.398801457389439e-01  9.835087230350174e-01  1.200017764795176e+00 -1.114680495231321e-06  1.550088975084494e+00 
 2.201135481781840e-07  6.812890691038008e-01  7.724406757737452e-01  7.395017047232637e-01  9.835033186830201e-01  1.200019088187997e+00 -1.370871596661702e-06  1.550088988636415e+00 
 2.201154994685290e-07  6.929968111737053e-01  7.719301432279083e-01  7.390383510057026e-01  9.834973668227983e-01  1.200018800267142e+00 -1.602996374486243e-06  1.550089002728608e+00 
 2.201175555270959e-07  7.053331625755557e-01  7.713472071724410e-01  7.384822741220117e-01  9.834909316047804e-01  1.200016145791914e+00 -1.784964044688163e-06  1.550089017603997e+00 
 2.201198082930609e-07  7.188497583654089e-01  7.706644764957247e-01  7.378078768415693e-01  9.834838239371180e-01  1.200010641622495e+00 -1.904830740096994e-06  1.550089033934430e+00 
 2.201219118140708e-07  7.314708844246007e-01  7.699920815257677e-01  7.371291559115197e-01  9.834772097679600e-01  1.200003550789995e+00 -1.946574019022485e-06  1.550089049213462e+00 
 2.201242167095793e-07  7.453002574756233e-01  7.692238492344082e-01  7.363432858567490e-01  9.834700540123530e-01  1.199994366474269e+00 -1.925278885440626e-06  1.550089065989193e+00 
 2.201265233324774e-07  7.591399948644049e-01  7.684290960129916e-01  7.355231881897994e-01  9.834630415146846e-01  1.199984367947620e+00 -1.846554653948430e-06  1.550089082812969e+00 
 2.201290908083481e-07  7.745448500887697e-01  7.675219290357381e-01  7.345817129817784e-01  9.834554554683530e-01  1.199973012713516e+00 -1.708083087001259e-06  1.550089101580293e+00 
 2.201318744667330e-07  7.912468003981878e-01  7.665203035713637e-01  7.335381315017703e-01  9.834475225784042e-01  1.199961262499577e+00 -1.516360920811918e-06  1.550089121974819e+00 
 2.201353740357473e-07  8.122442144836772e-01  7.652488769939274e-01  7.322099003689628e-01  9.834380166852329e-01  1.199948827354179e+00 -1.238781046675880e-06  1.550089147678539e+00 
 2.201389654186928e-07  8.337925121570217e-01  7.639419622076972e-01  7.308425171118105e-01  9.834287753551073e-01  1.199939739343681e+00 -9.382501359850824e-07  1.550089174121146e+00 
 2.201424576358193e-07  8.547458149159113e-01  7.626735564197855e-01  7.295149264246599e-01  9.834201667179082e-01  1.199934562920750e+00 -6.593904104774603e-07  1.550089199883003e+00 
 2.201457411860599e-07  8.744471163594756e-01  7.614829167950992e-01  7.282694971606993e-01  9.834122672748798e-01  1.199932676448970e+00 -4.314270581878138e-07  1.550089224134626e+00 
 2.201488829547509e-07  8.932977285052436e-01  7.603448072158990e-01  7.270809640125294e-01  9.834047756745822e-01  1.199931727576236e+00 -2.555096749925351e-07  1.550089247348485e+00 
 2.201521663222421e-07  9.129979334522699e-01  7.591610147998847e-01  7.258485152689439e-01  9.833969962321087e-01  1.199922102579777e+00 -1.105875066923813e-07  1.550089271596520e+00 
 2.201550813440478e-07  9.304880642866964e-01  7.581232817160383e-01  7.247736079781030e-01  9.833901947368638e-01  1.199896245403605e+00 -1.140802356660447e-09  1.550089293093885e+00 
 2.201583228762969e-07  9.499372577812444e-01  7.569960113043545e-01  7.236161502595554e-01  9.833828382308000e-01  1.199846851751078e+00  1.147534672133778e-07  1.550089316937417e+00 
 2.201614806131554e-07  9.688836789321776e-01  7.559337294967844e-01  7.225414531775560e-01  9.833759121590123e-01  1.199784750393267e+00  2.256773799788961e-07  1.550089340071098e+00 
 2.201648807005195e-07  9.892842031167085e-01  7.548335181187056e-01  7.214519466495664e-01  9.833686558519963e-01  1.199714177306412e+00  3.341979332377801e-07  1.550089364835094e+00 
 2.201684188669578e-07  1.010513201746931e+00  7.537356257446318e-01  7.203881688576967e-01  9.833611887826365e-01  1.199650381593594e+00  4.207270762257229e-07  1.550089390391373e+00 
 2.201716379316788e-07  1.029827590072914e+00  7.527784365093041e-01  7.194633889096302e-01  9.833543868953617e-01  1.199611061295135e+00  4.719992560504524e-07  1.550089413402749e+00 
 2.201746330504166e-07  1.047798302499426e+00  7.519244160987152e-01  7.186184853776455e-01  9.833480096677037e-01  1.199595314130009e+00  4.984358131518776e-07  1.550089434560501e+00 
 2.201778068956591e-07  1.066841373954271e+00  7.510545844281228e-01  7.177267715745148e-01  9.833411061767948e-01  1.199600519601349e+00  5.017484149840400e-07  1.550089456658194e+00 
 2.201813731603453e-07  1.088238962071436e+00  7.501206098834340e-01  7.167322098061568e-01  9.833331283724158e-01  1.199627401714217e+00  4.827386606998801e-07  1.550089481010934e+00 
 2.201850897102865e-07  1.110538261719133e+00  7.492072909296545e-01  7.157217465284642e-01  9.833246807545988e-01  1.199670072767025e+00  4.617907512285968e-07  1.550089505748443e+00 
 2.201889110709626e-07  1.133466425775389e+00  7.483429070603888e-01  7.147373416319693e-01  9.833159369640901e-01  1.199722097213433e+00  4.527453465233942e-07  1.550089530371888e+00 
 2.201930550334522e-07  1.158330200713426e+00  7.474984794649308e-01  7.137613874514797e-01  9.833063743752734e-01  1.199784063948304e+00  4.539892801639495e-07  1.550089555967407e+00 
 2.201965275167261e-07  1.179165100356679e+00  7.468679578931477e-01  7.130309961600463e-01  9.832982425083079e-01  1.199840323988510e+00  4.555675906449570e-07  1.550089576390323e+00 
 2.202000000000000e-07  1.199999999999931e+00  7.463081131464895e-01  7.123854944251263e-01  9.832899247810595e-01  1.199900807252452e+00  4.502882949061066e-07  1.550089595734037e+00 
 2.202002554493620e-07  1.200000000000000e+00  7.462648000934031e-01  7.123365329392236e-01  9.832891517425358e-01  1.199899211556474e+00  3.233660042390590e-07  1.550089597110665e+00 
 2.202007663480861e-07  1.200000000000000e+00  7.461766694620665e-01  7.122372779514741e-01  9.832875169062203e-01  1.199893537898374e+00  8.115262785032828e-08  1.550089599847724e+00 
 2.202013957905982e-07  1.200000000000000e+00  7.460700515624659e-01  7.121173151360527e-01  9.832855275350815e-01  1.199888400490051e+00 -6.331235011952652e-08  1.550089603184360e+00 
 2.202021531587050e-07  1.200000000000000e+00  7.459471819396346e-01  7.119789568765196e-01  9.832833097166899e-01  1.199887260906882e+00 -2.246906487084199e-08  1.550089607143805e+00 
 2.202032935450544e-07  1.200000000000000e+00  7.457728153034340e-01  7.117824533110554e-01  9.832803416694786e-01  1.199894047177150e+00  2.952786949828728e-07  1.550089612986545e+00 
 2.202052251027282e-07  1.200000000000000e+00  7.455016032046569e-01  7.114768239086423e-01  9.832760832743878e-01  1.199921051851308e+00  1.070802290809025e-06  1.550089622538734e+00 
 2.202073760956840e-07  1.200000000000000e+00  7.452302432876245e-01  7.111713637382751e-01  9.832721945461761e-01  1.199965433215901e+00  1.939389532868915e-06  1.550089632636252e+00 
 2.202104895993473e-07  1.200000000000000e+00  7.448871744461768e-01  7.107858736339969e-01  9.832677076709589e-01  1.200042744178758e+00  2.915023121967484e-06  1.550089646156436e+00 
 2.202144584479889e-07  1.200000000000000e+00  7.445252868607847e-01  7.103797614888721e-01  9.832633604752812e-01  1.200150820977055e+00  3.646915867096083e-06  1.550089661311691e+00 
 2.202197142294566e-07  1.200000000000000e+00  7.441587551686050e-01  7.099672863293902e-01  9.832590826678891e-01  1.200301862344006e+00  3.976481088881559e-06  1.550089677300637e+00 
 2.202245276359629e-07  1.200000000000000e+00  7.439203729095616e-01  7.096957207862238e-01  9.832560266350223e-01  1.200450516132865e+00  3.879139884804730e-06  1.550089687333196e+00 
 2.202303015575395e-07  1.200000000000000e+00  7.437353781252800e-01  7.094777845998883e-01  9.832528089595776e-01  1.200652429819755e+00  3.541256954781588e-06  1.550089692656256e+00 
 2.202358640976177e-07  1.200000000000000e+00  7.436411155541959e-01  7.093563252643100e-01  9.832498264137940e-01  1.200874006864216e+00  3.177689814596978e-06  1.550089689908691e+00 
 2.202423550058248e-07  1.200000000000000e+00  7.436050269606602e-01  7.092938576271222e-01  9.832463484318341e-01  1.201124151569005e+00  2.907793650629067e-06  1.550089675459382e+00 
 2.202482077710606e-07  1.200000000000000e+00  7.436083030746613e-01  7.092836178071003e-01  9.832433663927527e-01  1.201314431311305e+00  2.953036989157380e-06  1.550089650722862e+00 
 2.202535134165778e-07  1.200000000000000e+00  7.436084598817048e-01  7.092885027609949e-01  9.832411468533134e-01  1.201459970094273e+00  3.366508782883101e-06  1.550089617580082e+00 
 2.202583399815908e-07  1.200000000000000e+00  7.435838782483674e-01  7.092881004651413e-01  9.832401001732429e-01  1.201569481552007e+00  4.164449572401953e-06  1.550089577673701e+00 
 2.202635821128382e-07  1.200000000000000e+00  7.435199112052693e-01  7.092714202084696e-01  9.832411228059156e-01  1.201653516590248e+00  5.571480736029982e-06  1.550089522765656e+00 
 2.202695371127088e-07  1.200000000000000e+00  7.434099085792749e-01  7.092306155153726e-01  9.832470422116181e-01  1.201697307175470e+00  7.835363229671257e-06  1.550089444385847e+00 
 2.202755122326961e-07  1.200000000000000e+00  7.432827846049164e-01  7.091737687949095e-01  9.832605019389155e-01  1.201702440741380e+00  1.068318011532049e-05  1.550089347106930e+00 
 2.202810251118288e-07  1.200000000000000e+00  7.431699402567270e-01  7.091154100130455e-01  9.832816950304163e-01  1.201710243015101e+00  1.363496359447786e-05  1.550089239446943e+00 
 2.202873159515073e-07  1.200000000000000e+00  7.430624308189738e-01  7.090500562744292e-01  9.833186914935912e-01  1.201791643055603e+00  1.709130498197425e-05  1.550089093814920e+00 
 2.202936842315314e-07  1.200000000000000e+00  7.429847977596796e-01  7.089902303883429e-01  9.833725708959182e-01  1.201972288323758e+00  2.046488463552237e-05  1.550088919760060e+00 
 2.203007013858651e-07  1.200000000000000e+00  7.429402055774171e-01  7.089348371028297e-01  9.834543064693092e-01  1.202227484247923e+00  2.390882057796777e-05  1.550088694518084e+00 
 2.203084227966199e-07  1.200000000000000e+00  7.429434265646996e-01  7.088878455680515e-01  9.835758041918536e-01  1.202586780176035e+00  2.738457092846681e-05  1.550088403024372e+00 
 2.203161637870193e-07  1.200000000000000e+00  7.430032839752539e-01  7.088547503892528e-01  9.837362072288864e-01  1.203022967085488e+00  3.067121243102136e-05  1.550088061592051e+00 
 2.203244065749210e-07  1.200000000000000e+00  7.431307802317642e-01  7.088325078937419e-01  9.839569205654067e-01  1.203408654811999e+00  3.415992004665461e-05  1.550087640058127e+00 
 2.203329759886687e-07  1.200000000000000e+00  7.433356294925599e-01  7.088200089616823e-01  9.842508897773643e-01  1.203541480965888e+00  3.803083674039321e-05  1.550087134285018e+00 
 2.203421607089750e-07  1.200000000000000e+00  7.436441532037544e-01  7.088150163516170e-01  9.846533199618158e-01  1.203377758209536e+00  4.276309715418901e-05  1.550086510990930e+00 
 2.203517596834065e-07  1.200000000000000e+00  7.440793391934801e-01  7.088166610679767e-01  9.851901953533888e-01  1.203001056511142e+00  4.871955243152692e-05  1.550085764637830e+00 
 2.203623735768035e-07  1.200000000000000e+00  7.447200480346742e-01  7.088254441007910e-01  9.859517248016333e-01  1.202488041019633e+00  5.700676010958987e-05  1.550084820204916e+00 
 2.203721483423630e-07  1.200000000000000e+00  7.454828089214252e-01  7.088397015224127e-01  9.868366035014416e-01  1.202010117834103e+00  6.672466636192689e-05  1.550083834724417e+00 
 2.203828860247157e-07  1.200000000000000e+00  7.465352933134103e-01  7.088617882682194e-01  9.880391584906334e-01  1.201535048167089e+00  8.009849703992567e-05  1.550082618774946e+00 
 2.203936644014150e-07  1.200000000000000e+00  7.478249849655698e-01  7.088898742099032e-01  9.895002542559496e-01  1.201135202058260e+00  9.619748594474447e-05  1.550081252868437e+00 
 2.204061707146373e-07  1.200000000000000e+00  7.495969502009106e-01  7.089281754459179e-01  9.915022203395111e-01  1.200772944682262e+00  1.172621570048463e-04  1.550079479781671e+00 
 2.204169216796974e-07  1.200000000000000e+00  7.513294814548429e-01  7.089646089416821e-01  9.934641125930539e-01  1.200540929515247e+00  1.369989859497325e-04  1.550077790547693e+00 
 2.204271836591637e-07  1.200000000000000e+00  7.531327610649780e-01  7.090012819247660e-01  9.955195731222084e-01  1.200376739702834e+00  1.525083664741286e-04  1.550076033608227e+00 
 2.204367667627233e-07  1.200000000000000e+00  7.549168899337673e-01  7.090364044886075e-01  9.975756236606246e-01  1.200263828855883e+00  1.357241956360629e-04  1.550074264295657e+00 
 2.204455628339109e-07  1.200000000000000e+00  7.566080644697207e-01  7.090688474650459e-01  9.995543578763859e-01  1.200187042500191e+00  1.153599215116680e-05  1.550072530615389e+00 
 2.204523623888989e-07  1.200000000000000e+00  7.579303991697148e-01  7.090938113594206e-01  1.001126914120655e+00  1.200141680981369e+00 -2.331285168669931e-04  1.550071118559268e+00 
 2.204582230739706e-07  1.200000000000000e+00  7.590679360823404e-01  7.091151315398986e-01  1.002499036207034e+00  1.200110369434455e+00 -6.144890899565996e-04  1.550069851357232e+00 
 2.204630954441017e-07  1.200000000000000e+00  7.600042026668703e-01  7.091326626078873e-01  1.003643295832348e+00  1.200088832606260e+00 -1.117751712729091e-03  1.550068762702218e+00 
 2.204673755581637e-07  1.200000000000000e+00  7.608131203728695e-01  7.091478740928261e-01  1.004646354473327e+00  1.200072725916695e+00 -1.767338957981921e-03  1.550067780209017e+00 
 2.204713791140786e-07  1.200000000000000e+00  7.615517975654360e-01  7.091618973930273e-01  1.005580356356657e+00  1.200059682979359e+00 -2.622264023442244e-03  1.550066839195528e+00 
 2.204753891979702e-07  1.200000000000000e+00  7.622665079756926e-01  7.091756895703664e-01  1.006510970018332e+00  1.200048301342958e+00 -3.794818278928349e-03  1.550065875488034e+00 
 2.204801720211597e-07  1.200000000000000e+00  7.630731838611309e-01  7.091917256594200e-01  1.007614840010292e+00  1.200036601597370e+00 -5.684849739663080e-03  1.550064698646050e+00 
 2.204846247864102e-07  1.200000000000000e+00  7.637690751282116e-01  7.092062109111288e-01  1.008636137046014e+00  1.200027298637495e+00 -7.969717518069606e-03  1.550063576461834e+00 
 2.204878875621952e-07  1.200000000000000e+00  7.642452569607537e-01  7.092166073939096e-01  1.009377421542034e+00  1.200021354052248e+00 -9.968395827962901e-03  1.550062738074094e+00 
 2.204902367421687e-07  1.200000000000000e+00  7.645732239638914e-01  7.092240380132225e-01  1.009904806715039e+00  1.200017495776737e+00 -1.151711834996705e-02  1.550062126077980e+00 
 2.204932857242451e-07  1.200000000000000e+00  7.649840752705033e-01  7.092336819218946e-01  1.010578048168767e+00  1.200012967568497e+00 -1.353954302592042e-02  1.550061321441382e+00 
 2.204959494104627e-07  1.200000000000000e+00  7.653317752750057e-01  7.092421393795697e-01  1.011153819109349e+00  1.200009419304426e+00 -1.511061869709295e-02  1.550060609014473e+00 
 2.204986362053309e-07  1.200000000000000e+00  7.656733184525903e-01  7.092507129824986e-01  1.011722347590582e+00  1.200006187306641e+00 -1.609457707571135e-02  1.550059881543331e+00 
 2.205011686878998e-07  1.200000000000000e+00  7.659873702040830e-01  7.092588323075307e-01  1.012247525133182e+00  1.200003427026059e+00 -1.599868670581450e-02  1.550059187778901e+00 
 2.205030408352793e-07  1.200000000000000e+00  7.662149180381721e-01  7.092648577455415e-01  1.012629721121989e+00  1.200001549287359e+00 -1.536537853803283e-02  1.550058669913039e+00 
 2.205044539840447e-07  1.200000000000000e+00  7.663842766795682e-01  7.092694195687738e-01  1.012915166118789e+00  1.200000216692109e+00 -1.469008392342866e-02  1.550058276219565e+00 
 2.205058185989388e-07  1.200000000000000e+00  7.665460488134210e-01  7.092738369601088e-01  1.013188601973233e+00  1.199998994493727e+00 -1.389893036884742e-02  1.550057893781474e+00 
 2.205072797724368e-07  1.200000000000000e+00  7.667175823351366e-01  7.092785820315771e-01  1.013479301438867e+00  1.199997752315869e+00 -1.289727642550909e-02  1.550057481830099e+00 
 2.205089289793250e-07  1.200000000000000e+00  7.669093899495829e-01  7.092839584410908e-01  1.013805150558557e+00  1.199996428526529e+00 -1.159674477451534e-02  1.550057013839487e+00 
 2.205106826664909e-07  1.200000000000000e+00  7.671114433344244e-01  7.092896993326993e-01  1.014149079254124e+00  1.199995106636549e+00 -1.010063050596327e-02  1.550056512704476e+00 
 2.205132248778715e-07  1.200000000000000e+00  7.674006789815938e-01  7.092980556661944e-01  1.014642012619391e+00  1.199993333721262e+00 -7.990076471384434e-03  1.550055779903072e+00 
 2.205150218009608e-07  1.200000000000000e+00  7.676022885159074e-01  7.093039799972177e-01  1.014985462301895e+00  1.199992175363069e+00 -6.673467299937315e-03  1.550055257444635e+00 
 2.205168494384190e-07  1.200000000000000e+00  7.678046795602036e-01  7.093100142592642e-01  1.015329592411110e+00  1.199991070644725e+00 -5.556686837041654e-03  1.550054722278234e+00 
 2.205190199714087e-07  1.200000000000000e+00  7.680413234374058e-01  7.093171862157535e-01  1.015730448972041e+00  1.199989846703243e+00 -4.526401297080344e-03  1.550054081807163e+00 
 2.205210787338829e-07  1.200000000000000e+00  7.682620253679310e-01  7.093239926112709e-01  1.016102078415071e+00  1.199988768075853e+00 -3.801760250763201e-03  1.550053469450285e+00 
 2.205236695133386e-07  1.200000000000000e+00  7.685346771115525e-01  7.093325629007058e-01  1.016557100369290e+00  1.199987516233837e+00 -3.142860289441624e-03  1.550052692201515e+00 
 2.205263887847029e-07  1.200000000000000e+00  7.688150580632390e-01  7.093415661879224e-01  1.017018958705225e+00  1.199986320086330e+00 -2.653458914316520e-03  1.550051868538374e+00 
 2.205299254645303e-07  1.200000000000000e+00  7.691714324207670e-01  7.093532910826245e-01  1.017595014563365e+00  1.199984928886676e+00 -2.195194783387830e-03  1.550050785438402e+00 
 2.205340018459037e-07  1.200000000000000e+00  7.695713381825485e-01  7.093668280567867e-01  1.018224228011552e+00  1.199983531708732e+00 -1.804672017126117e-03  1.550049520779340e+00 
 2.205395609299337e-07  1.200000000000000e+00  7.700986708967525e-01  7.093853174229016e-01  1.019023539975027e+00  1.199981929260096e+00 -1.396542190734925e-03  1.550047768832890e+00 
 2.205456112951254e-07  1.200000000000000e+00  7.706482989913196e-01  7.094054466784134e-01  1.019820910152957e+00  1.199980513727296e+00 -1.054180481043490e-03  1.550045827477322e+00 
 2.205520623519808e-07  1.200000000000000e+00  7.712037797569034e-01  7.094268657450938e-01  1.020595647470312e+00  1.199979306629394e+00 -7.737870071341201e-04  1.550043719486611e+00 
 2.205589605062062e-07  1.200000000000000e+00  7.717585776298984e-01  7.094496658098104e-01  1.021346096955287e+00  1.199978288285625e+00 -5.494171310458087e-04  1.550041424055213e+00 
 2.205662593891889e-07  1.200000000000000e+00  7.722969425258127e-01  7.094736383781316e-01  1.022058585089890e+00  1.199977453806193e+00 -3.783967230161099e-04  1.550038951391285e+00 
 2.205741805641177e-07  1.200000000000000e+00  7.728206985932422e-01  7.094994711755281e-01  1.022741511562855e+00  1.199976772980571e+00 -2.505174683184945e-04  1.550036220286600e+00 
 2.205821697485631e-07  1.200000000000000e+00  7.732829002620558e-01  7.095253501397157e-01  1.023338523659796e+00  1.199976275124968e+00 -1.648417618184026e-04  1.550033419338921e+00 
 2.205907246139954e-07  1.200000000000000e+00  7.737040371475311e-01  7.095529069003417e-01  1.023879761295301e+00  1.199975906094217e+00 -1.051832332565154e-04  1.550030373120615e+00 
 2.205994949602550e-07  1.200000000000000e+00  7.740595920921378e-01  7.095810551340814e-01  1.024335922700920e+00  1.199975664356551e+00 -6.621200798276740e-05  1.550027205067855e+00 
 2.206086431801375e-07  1.200000000000000e+00  7.743555700255407e-01  7.096103898618125e-01  1.024715900468157e+00  1.199975524704372e+00 -4.057147943189717e-05  1.550023857978195e+00 
 2.206184734374332e-07  1.200000000000000e+00  7.746007041439695e-01  7.096419774814791e-01  1.025031154776763e+00  1.199975468530461e+00 -2.357958980202073e-05  1.550020220437411e+00 
 2.206292724243680e-07  1.200000000000000e+00  7.748005214257283e-01  7.096768420811420e-01  1.025288291570484e+00  1.199975481879960e+00 -1.260480451221817e-05  1.550016185326533e+00 
 2.206400849173433e-07  1.200000000000000e+00  7.749454949551269e-01  7.097119615484410e-01  1.025474080577471e+00  1.199975541616314e+00 -6.523568253184882e-06  1.550012114596742e+00 
 2.206502798588752e-07  1.200000000000000e+00  7.750454820304471e-01  7.097452632289838e-01  1.025600506456338e+00  1.199975618131769e+00 -3.463145024941590e-06  1.550008257841047e+00 
 2.206612018139367e-07  1.200000000000000e+00  7.751252970315295e-01  7.097811020075410e-01  1.025698507863746e+00  1.199975705286881e+00 -1.760441735768796e-06  1.550004116900699e+00 
 2.206725042901445e-07  1.200000000000000e+00  7.751876453845936e-01  7.098183053528584e-01  1.025770982935567e+00  1.199975792350662e+00 -8.909738977256210e-07  1.549999833287866e+00 
 2.206854500141515e-07  1.200000000000000e+00  7.752424635033874e-01  7.098609795057965e-01  1.025828897721954e+00  1.199975885228776e+00 -4.125572345893449e-07  1.549994944459137e+00 
 2.206998808961381e-07  1.200000000000000e+00  7.752899971138268e-01  7.099085358024015e-01  1.025871462713114e+00  1.199975982620776e+00 -1.626122565015226e-07  1.549989537195149e+00 
 2.207171377517069e-07  1.200000000000000e+00  7.753349072659558e-01  7.099652843608546e-01  1.025901316257470e+00  1.199976096928367e+00 -2.161128945303526e-08  1.549983160631023e+00 
 2.207374476647998e-07  1.200000000000000e+00  7.753770854246569e-01  7.100318083072712e-01  1.025915848443183e+00  1.199976235622654e+00  5.424751879100939e-08  1.549975826392454e+00 
 2.207626748593078e-07  1.200000000000000e+00  7.754190312963493e-01  7.101139552284810e-01  1.025911972528602e+00  1.199976418815233e+00  9.274340474284650e-08  1.549967046331865e+00 
 2.207879207298219e-07  1.200000000000000e+00  7.754528703358705e-01  7.101955886243017e-01  1.025890137124471e+00  1.199976613159307e+00  1.044929553363657e-07  1.549958697610723e+00 
 2.208165558705874e-07  1.200000000000000e+00  7.754841904071897e-01  7.102874750076900e-01  1.025849298750714e+00  1.199976841826446e+00  1.067740004850442e-07  1.549949840075627e+00 
 2.208459893874662e-07  1.200000000000000e+00  7.755104738349491e-01  7.103811507540757e-01  1.025793825669046e+00  1.199977080140155e+00  1.061516758572872e-07  1.549941482765737e+00 
 2.208797407646705e-07  1.200000000000000e+00  7.755350407142680e-01  7.104876294547168e-01  1.025717588885019e+00  1.199977351893185e+00  1.057046539514674e-07  1.549932895905203e+00 
 2.209162056384110e-07  1.200000000000000e+00  7.755564829382920e-01  7.106015745348605e-01  1.025623885064939e+00  1.199977640123490e+00  1.059639297053085e-07  1.549924855374871e+00 
 2.209589691522791e-07  1.200000000000000e+00  7.755766148834157e-01  7.107338017285078e-01  1.025503093940481e+00  1.199977969237928e+00  1.066127898412110e-07  1.549917067326867e+00 
 2.210072328562648e-07  1.200000000000000e+00  7.755945792435064e-01  7.108812835041012e-01  1.025356719403771e+00  1.199978328975557e+00  1.072040850159402e-07  1.549910344153840e+00 
 2.210653054138885e-07  1.200000000000000e+00  7.756114921573286e-01  7.110563701926309e-01  1.025171010312973e+00  1.199978746250539e+00  1.075897053964452e-07  1.549904969289169e+00 
 2.211337900918034e-07  1.200000000000000e+00  7.756269422015335e-01  7.112596630641950e-01  1.024943302102429e+00  1.199979217983617e+00  1.077594194978787e-07  1.549902038766181e+00 
 2.212190246599356e-07  1.200000000000000e+00  7.756417933072659e-01  7.115080883906453e-01  1.024652126655607e+00  1.199979776571751e+00  1.078106251031736e-07  1.549902727016588e+00 
 2.213242515136084e-07  1.200000000000000e+00  7.756560299511822e-01  7.118081352674508e-01  1.024286571917077e+00  1.199980426045235e+00  1.078121842698187e-07  1.549908735149094e+00 
 2.214594171582389e-07  1.200000000000000e+00  7.756705153515955e-01  7.121834291204217e-01  1.023813646454508e+00  1.199981201451220e+00  1.078047109021278e-07  1.549922196764810e+00 
 2.216256203198248e-07  1.200000000000000e+00  7.756850567266667e-01  7.126303575877027e-01  1.023233240283604e+00  1.199982074452334e+00  1.078000482901009e-07  1.549943778125638e+00 
 2.218256203198248e-07  1.200000000000000e+00  7.756997917331937e-01  7.131485035452961e-01  1.022541858371655e+00  1.199983022895134e+00  1.077990054424352e-07  1.549972431891001e+00 
 2.220256203198248e-07  1.200000000000000e+00  7.757124571238083e-01  7.136467592906447e-01  1.021861119087144e+00  1.199983875368175e+00  1.077991501831494e-07  1.550000656967730e+00 
 2.222256203198248e-07  1.200000000000000e+00  7.757234690916659e-01  7.141265975482249e-01  1.021192414259054e+00  1.199984645591294e+00  1.077994274820187e-07  1.550026458826309e+00 
 2.224256203198247e-07  1.200000000000000e+00  7.757330160776811e-01  7.145893251693219e-01  1.020536250353505e+00  1.199985344901446e+00  1.077994815553132e-07  1.550048958370274e+00 
 2.226256203198247e-07  1.200000000000000e+00  7.757412146718642e-01  7.150360923052810e-01  1.019892679223223e+00  1.199985982647939e+00  1.077994815897090e-07  1.550068003108350e+00 
 2.228256203198247e-07  1.200000000000000e+00  7.757481687583129e-01  7.154679143952509e-01  1.019261526734875e+00  1.199986566608409e+00  1.077994911095390e-07  1.550083840832190e+00 
 2.230256203198247e-07  1.200000000000000e+00  7.757539844577065e-01  7.158856934036031e-01  1.018642510429320e+00  1.199987103306930e+00  1.077995012061076e-07  1.550096896509675e+00 
 2.232256203198247e-07  1.200000000000000e+00  7.757587694663326e-01  7.162902354289801e-01  1.018035299674701e+00  1.199987598255601e+00  1.077995177052521e-07  1.550107638226433e+00 
 2.234256203198247e-07  1.200000000000000e+00  7.757626288035320e-01  7.166822648490282e-01  1.017439546286970e+00  1.199988056140931e+00  1.077995220773580e-07  1.550116506039799e+00 
 2.236256203198247e-07  1.200000000000000e+00  7.757656611407873e-01  7.170624357583389e-01  1.016854900038924e+00  1.199988480973600e+00  1.077995287777152e-07  1.550123880549869e+00 
 2.238256203198247e-07  1.200000000000000e+00  7.757679566592395e-01  7.174313413777681e-01  1.016281016487411e+00  1.199988876205833e+00  1.077995295369793e-07  1.550130074384591e+00 
 2.240256203198247e-07  1.200000000000000e+00  7.757695962520841e-01  7.177895219235501e-01  1.015717560937468e+00  1.199989244825437e+00  1.077995333996139e-07  1.550135335632691e+00 
 2.242256203198246e-07  1.200000000000000e+00  7.757706516281436e-01  7.181374712725264e-01  1.015164210477026e+00  1.199989589431071e+00  1.077995310470872e-07  1.550139856572693e+00 
 2.244256203198246e-07  1.200000000000000e+00  7.757711859212210e-01  7.184756426512283e-01  1.014620655052996e+00  1.199989912293600e+00  1.077995372773333e-07  1.550143783931344e+00 
 2.246256203198246e-07  1.200000000000000e+00  7.757712545288699e-01  7.188044535134694e-01  1.014086598057286e+00  1.199990215406428e+00  1.077995397164376e-07  1.550147228716598e+00 
 2.248256203198246e-07  1.200000000000000e+00  7.757709060123581e-01  7.191242897340528e-01  1.013561756639630e+00  1.199990500526582e+00  1.077995323721551e-07  1.550150274749897e+00 
 2.250256203198246e-07  1.200000000000000e+00  7.757701829658009e-01  7.194355092176654e-01  1.013045861846314e+00  1.199990769208877e+00  1.077995420126485e-07  1.550152985630437e+00 
 2.252256203198246e-07  1.200000000000000e+00  7.757691228109354e-01  7.197384450103113e-01  1.012538658617464e+00  1.199991022833815e+00  1.077995349483374e-07  1.550155410181065e+00 
 2.254256203198246e-07  1.200000000000000e+00  7.757677585015265e-01  7.200334079851535e-01  1.012039905661286e+00  1.199991262631854e+00  1.077995399981188e-07  1.550157586569451e+00 
 2.256256203198246e-07  1.200000000000000e+00  7.757661191365183e-01  7.203206891661065e-01  1.011549375215153e+00  1.199991489702360e+00  1.077995391578119e-07  1.550159545344451e+00 
 2.258256203198246e-07  1.200000000000000e+00  7.757642304882401e-01  7.206005617422948e-01  1.011066852700103e+00  1.199991705031829e+00  1.077995358716654e-07  1.550161311622753e+00 
 2.260256203198245e-07  1.200000000000000e+00  7.757621154546870e-01  7.208732828226041e-01  1.010592136285355e+00  1.199991909507147e+00  1.077995446785673e-07  1.550162906632271e+00 
 2.262256203198245e-07  1.200000000000000e+00  7.757597944458146e-01  7.211390949659791e-01  1.010125036372160e+00  1.199992103927845e+00  1.077995371661763e-07  1.550164348782072e+00 
 2.264256203198245e-07  1.200000000000000e+00  7.757572857129265e-01  7.213982275243922e-01  1.009665375017881e+00  1.199992289017166e+00  1.077995378063063e-07  1.550165654392233e+00 
 2.266256203198245e-07  1.200000000000000e+00  7.757546056298641e-01  7.216508978253339e-01  1.009212985312006e+00  1.199992465430969e+00  1.077995385482164e-07  1.550166838184977e+00 
 2.268256203198245e-07  1.200000000000000e+00  7.757517689329619e-01  7.218973122168270e-01  1.008767710724958e+00  1.199992633764382e+00  1.077995443810851e-07  1.550167913611386e+00 
 2.270256203198245e-07  1.200000000000000e+00  7.757487889264603e-01  7.221376669952164e-01  1.008329404441010e+00  1.199992794559546e+00  1.077995391835878e-07  1.550168893067474e+00 
 2.272256203198245e-07  1.200000000000000e+00  7.757456776581729e-01  7.223721492318783e-01  1.007897928686243e+00  1.199992948311362e+00  1.077995363598232e-07  1.550169788037024e+00 
 2.274256203198245e-07  1.200000000000000e+00  7.757424460704769e-01  7.226009375108823e-01  1.007473154067340e+00  1.199993095472423e+00  1.077995456264911e-07  1.550170609187014e+00 
 2.276256203198244e-07  1.200000000000000e+00  7.757391041301209e-01  7.228242025925634e-01  1.007054958923891e+00  1.199993236456888e+00  1.077995369413713e-07  1.550171366433043e+00 
 2.278256203198244e-07  1.200000000000000e+00  7.757356609400282e-01  7.230421080070260e-01  1.006643228705385e+00  1.199993371645360e+00  1.077995402588776e-07  1.550172068986055e+00 
 2.280256203198244e-07  1.200000000000000e+00  7.757321248360385e-01  7.232548105910060e-01  1.006237855374629e+00  1.199993501387797e+00  1.077995440880181e-07  1.550172725387741e+00 
 2.282256203198244e-07  1.200000000000000e+00  7.757285034706323e-01  7.234624609695749e-01  1.005838736840755e+00  1.199993626006641e+00  1.077995373535752e-07  1.550173343539301e+00 
 2.284256203198244e-07  1.200000000000000e+00  7.757248038856587e-01  7.236652039936444e-01  1.005445776427373e+00  1.199993745798758e+00  1.077995410133960e-07  1.550173930726377e+00 
 2.286256203198244e-07  1.200000000000000e+00  7.757210325756153e-01  7.238631791333290e-01  1.005058882372144e+00  1.199993861039259e+00  1.077995392856580e-07  1.550174493641997e+00 
 2.288256203198244e-07  1.200000000000000e+00  7.757171955429638e-01  7.240565208348615e-01  1.004677967361811e+00  1.199993971982469e+00  1.077995405820117e-07  1.550175038408438e+00 
 2.290256203198244e-07  1.200000000000000e+00  7.757132983464976e-01  7.242453588439467e-01  1.004302948099814e+00  1.199994078864448e+00  1.077995390093247e-07  1.550175570598718e+00 
 2.292256203198244e-07  1.200000000000000e+00  7.757093461438065e-01  7.244298184977491e-01  1.003933744906622e+00  1.199994181903310e+00  1.077995424658697e-07  1.550176095258072e+00 
 2.294256203198243e-07  1.200000000000000e+00  7.757053437286506e-01  7.246100209913037e-01  1.003570281349754e+00  1.199994281302657e+00  1.077995382909226e-07  1.550176616925591e+00 
 2.296256203198243e-07  1.200000000000000e+00  7.757012955638652e-01  7.247860836167848e-01  1.003212483906899e+00  1.199994377251791e+00  1.077995401487432e-07  1.550177139656039e+00 
 2.298256203198243e-07  1.200000000000000e+00  7.756972058106004e-01  7.249581199826618e-01  1.002860281654923e+00  1.199994469927342e+00  1.077995460571241e-07  1.550177667042187e+00 
 2.300256203198243e-07  1.200000000000000e+00  7.756930783541151e-01  7.251262402113184e-01  1.002513605985034e+00  1.199994559493975e+00  1.077995393233050e-07  1.550178202237348e+00 
 2.302256203198243e-07  1.200000000000000e+00  7.756889168268358e-01  7.252905511204747e-01  1.002172390345298e+00  1.199994646104706e+00  1.077995347741535e-07  1.550178747978360e+00 
 2.304256203198243e-07  1.200000000000000e+00  7.756847246287683e-01  7.254511563857643e-01  1.001836570004576e+00  1.199994729903997e+00  1.077995436167565e-07  1.550179306608858e+00 
 2.306256203198243e-07  1.200000000000000e+00  7.756805049458741e-01  7.256081566900077e-01  1.001506081839411e+00  1.199994811026278e+00  1.077995410252646e-07  1.550179880102775e+00 
 2.308256203198243e-07  1.200000000000000e+00  7.756762607664610e-01  7.257616498599286e-01  1.001180864140632e+00  1.199994889597393e+00  1.077995430186488e-07  1.550180470088169e+00 
 2.310256203198243e-07  1.200000000000000e+00  7.756719948959028e-01  7.259117309896009e-01  1.000860856439548e+00  1.199994965735984e+00  1.077995376802254e-07  1.550181077871080e+00 
 2.312256203198242e-07  1.200000000000000e+00  7.756677099699441e-01  7.260584925550274e-01  1.000545999350638e+00  1.199995039552806e+00  1.077995418890691e-07  1.550181704459437e+00 
 2.314256203198242e-07  1.200000000000000e+00  7.756634084667240e-01  7.262020245168137e-01  1.000236234430393e+00  1.199995111152968e+00  1.077995394976797e-07  1.550182350586961e+00 
 2.316256203198242e-07  1.200000000000000e+00  7.756590927175420e-01  7.263424144160976e-01  9.999315040533824e-01  1.199995180634035e+00  1.077995422573861e-07  1.550183016736883e+00 
 2.318256203198242e-07  1.200000000000000e+00  7.756547649167633e-01  7.264797474626645e-01  9.996317512990588e-01  1.199995248089092e+00  1.077995360271068e-07  1.550183703165398e+00 
 2.320256203198242e-07  1.200000000000000e+00  7.756504271308022e-01  7.266141066145849e-01  9.993369198520204e-01  1.199995313605471e+00  1.077995404454049e-07  1.550184409924709e+00 
 2.322256203198242e-07  1.200000000000000e+00  7.756460813063196e-01  7.267455726540860e-01  9.990469539163599e-01  1.199995377265327e+00  1.077995439389322e-07  1.550185136885615e+00 
 2.324256203198242e-07  1.200000000000000e+00  7.756417292776513e-01  7.268742242566577e-01  9.987617981372082e-01  1.199995439145975e+00  1.077995378464850e-07  1.550185883759532e+00 
 2.326256203198242e-07  1.200000000000000e+00  7.756373727737216e-01  7.270001380549423e-01  9.984813975351495e-01  1.199995499321512e+00  1.077995418166667e-07  1.550186650119791e+00 
 2.328256203198242e-07  1.200000000000000e+00  7.756330134244616e-01  7.271233886990331e-01  9.982056974462697e-01  1.199995557860923e+00  1.077995390567221e-07  1.550187435422197e+00 
 2.330256203198241e-07  1.200000000000000e+00  7.756286527665500e-01  7.272440489122541e-01  9.979346434749556e-01  1.199995614830420e+00  1.077995433840772e-07  1.550188239024724e+00 
 2.332256203198241e-07  1.200000000000000e+00  7.756242922488672e-01  7.273621895438632e-01  9.976681814504450e-01  1.199995670292060e+00  1.077995405079637e-07  1.550189060206276e+00 
 2.334256203198241e-07  1.200000000000000e+00  7.756199332374886e-01  7.274778796190392e-01  9.974062573914365e-01  1.199995724304669e+00  1.077995402326349e-07  1.550189898184454e+00 
 2.336256203198241e-07  1.200000000000000e+00  7.756155770204387e-01  7.275911863851202e-01  9.971488174770774e-01  1.199995776924155e+00  1.077995398656467e-07  1.550190752132261e+00 
 2.338256203198241e-07  1.200000000000000e+00  7.756112248120060e-01  7.277021753562705e-01  9.968958080227320e-01  1.199995828204262e+00  1.077995402950683e-07  1.550191621193779e+00 
 2.340256203198241e-07  1.200000000000000e+00  7.756068777568077e-01  7.278109103555570e-01  9.966471754635999e-01  1.199995878195042e+00  1.077995435395870e-07  1.550192504498663e+00 
 2.342256203198241e-07  1.200000000000000e+00  7.756025369336624e-01  7.279174535556531e-01  9.964028663387009e-01  1.199995926944423e+00  1.077995389424849e-07  1.550193401175460e+00 
 2.344256203198241e-07  1.200000000000000e+00  7.755982033591443e-01  7.280218655161687e-01  9.961628272824093e-01  1.199995974498346e+00  1.077995393560212e-07  1.550194310363860e+00 
 2.346256203198240e-07  1.200000000000000e+00  7.755938779910172e-01  7.281242052218057e-01  9.959270050177683e-01  1.199996020899677e+00  1.077995422345846e-07  1.550195231225644e+00 
 2.348256203198240e-07  1.200000000000000e+00  7.755895617313966e-01  7.282245301176237e-01  9.956953463539276e-01  1.199996066190109e+00  1.077995386083015e-07  1.550196162954538e+00 
 2.350256203198240e-07  1.200000000000000e+00  7.755852554298123e-01  7.283228961434020e-01  9.954677981864185e-01  1.199996110409189e+00  1.077995399431502e-07  1.550197104784925e+00 
 2.352256203198240e-07  1.200000000000000e+00  7.755809598859658e-01  7.284193577669128e-01  9.952443074993563e-01  1.199996153593986e+00  1.077995422006493e-07  1.550198055999315e+00 
 2.354256203198240e-07  1.200000000000000e+00  7.755766758525695e-01  7.285139680159665e-01  9.950248213708471e-01  1.199996195780873e+00  1.077995411096471e-07  1.550199015934741e+00 
 2.356256203198240e-07  1.200000000000000e+00  7.755724040378240e-01  7.286067785105057e-01  9.948092869799002e-01  1.199996237003501e+00  1.077995384729701e-07  1.550199983988058e+00 
 2.358256203198240e-07  1.200000000000000e+00  7.755681451079435e-01  7.286978394926564e-01  9.945976516140265e-01  1.199996277294773e+00  1.077995392793848e-07  1.550200959620131e+00 
 2.360256203198240e-07  1.200000000000000e+00  7.755638996893653e-01  7.287871998571315e-01  9.943898626808813e-01  1.199996316685827e+00  1.077995415404399e-07  1.550201942359083e+00 
 2.362256203198240e-07  1.200000000000000e+00  7.755596683710337e-01  7.288749071800971e-01  9.941858677185845e-01  1.199996355206515e+00  1.077995405563741e-07  1.550202931802459e+00 
 2.364256203198239e-07  1.200000000000000e+00  7.755554517064865e-01  7.289610077484078e-01  9.939856144075215e-01  1.199996392885206e+00  1.077995428942608e-07  1.550203927618522e+00 
 2.366256203198239e-07  1.200000000000000e+00  7.755512502157993e-01  7.290455465869895e-01  9.937890505843415e-01  1.199996429749207e+00  1.077995426799835e-07  1.550204929546637e+00 
 2.368256203198239e-07  1.200000000000000e+00  7.755470643875587e-01  7.291285674870031e-01  9.935961242555659e-01  1.199996465824984e+00  1.077995364980812e-07  1.550205937396825e+00 
 2.370256203198239e-07  1.200000000000000e+00  7.755428946806200e-01  7.292101130324148e-01  9.934067836111229e-01  1.199996501137396e+00  1.077995425048036e-07  1.550206951048508e+00 
 2.372256203198239e-07  1.200000000000000e+00  7.755387415258161e-01  7.292902246270396e-01  9.932209770398130e-01  1.199996535709940e+00  1.077995411966169e-07  1.550207970448612e+00 
 2.374256203198239e-07  1.200000000000000e+00  7.755346053276317e-01  7.293689425210491e-01  9.930386531428828e-01  1.199996569565706e+00  1.077995416034033e-07  1.550208995608950e+00 
 2.376256203198239e-07  1.200000000000000e+00  7.755304864656499e-01  7.294463058365900e-01  9.928597607504722e-01  1.199996602726996e+00  1.077995382053224e-07  1.550210026602977e+00 
 2.378256203198239e-07  1.200000000000000e+00  7.755263852961697e-01  7.295223525929290e-01  9.926842489359340e-01  1.199996635215186e+00  1.077995412863048e-07  1.550211063562071e+00 
 2.380256203198239e-07  1.200000000000000e+00  7.755223021534289e-01  7.295971197317913e-01  9.925120670306457e-01  1.199996667049974e+00  1.077995385817597e-07  1.550212106671257e+00 
 2.382256203198238e-07  1.200000000000000e+00  7.755182373510525e-01  7.296706431421840e-01  9.923431646390213e-01  1.199996698251151e+00  1.077995460856785e-07  1.550213156164588e+00 
 2.384256203198239e-07  1.200000000000000e+00  7.755141911832022e-01  7.297429576846940e-01  9.921774916517155e-01  1.199996728837460e+00  1.077995394382419e-07  1.550214212320086e+00 
 2.386256203198239e-07  1.200000000000000e+00  7.755101639257761e-01  7.298140972153255e-01  9.920149982622585e-01  1.199996758826899e+00  1.077995369960432e-07  1.550215275454411e+00 
 2.388256203198239e-07  1.200000000000000e+00  7.755061558375432e-01  7.298840946090732e-01  9.918556349788940e-01  1.199996788236200e+00  1.077995406081731e-07  1.550216345917285e+00 
 2.390256203198239e-07  1.200000000000000e+00  7.755021671611441e-01  7.299529817833970e-01  9.916993526390632e-01  1.199996817082739e+00  1.077995406882203e-07  1.550217424085703e+00 
 2.392256203198239e-07  1.200000000000000e+00  7.754981981240390e-01  7.300207897216214e-01  9.915461024219759e-01  1.199996845382512e+00  1.077995424477520e-07  1.550218510357989e+00 
 2.394256203198239e-07  1.200000000000000e+00  7.754942489394618e-01  7.300875484947306e-01  9.913958358623998e-01  1.199996873150371e+00  1.077995409893750e-07  1.550219605147800e+00 
 2.396256203198239e-07  1.200000000000000e+00  7.754903198072390e-01  7.301532872846349e-01  9.912485048609472e-01  1.199996900401494e+00  1.077995387576198e-07  1.550220708878024e+00 
 2.398256203198240e-07  1.200000000000000e+00  7.754864109145680e-01  7.302180344048683e-01  9.911040616973156e-01  1.199996927149778e+00  1.077995413763079e-07  1.550221821974783e+00 
 2.400256203198240e-07  1.200000000000000e+00  7.754825224367968e-01  7.302818173230309e-01  9.909624590404339e-01  1.199996953409641e+00  1.077995387985206e-07  1.550222944861356e+00 
 2.402256203198240e-07  1.200000000000000e+00  7.754786545380399e-01  7.303446626822118e-01  9.908236499595495e-01  1.199996979193926e+00  1.077995429961957e-07  1.550224077952320e+00 
 2.404256203198240e-07  1.200000000000000e+00  7.754748073718700e-01  7.304065963211852e-01  9.906875879337892e-01  1.199997004515274e+00  1.077995379130608e-07  1.550225221647710e+00 
 2.406256203198240e-07  1.200000000000000e+00  7.754709810818105e-01  7.304676432949962e-01  9.905542268623163e-01  1.199997029386501e+00  1.077995406932941e-07  1.550226376327407e+00 
 2.408256203198240e-07  1.200000000000000e+00  7.754671758019026e-01  7.305278278965430e-01  9.904235210725901e-01  1.199997053818974e+00  1.077995432490177e-07  1.550227542345731e+00 
 2.410256203198241e-07  1.200000000000000e+00  7.754633916571925e-01  7.305871736743097e-01  9.902954253298024e-01  1.199997077824301e+00  1.077995412425510e-07  1.550228720026231e+00 
 2.412256203198241e-07  1.200000000000000e+00  7.754596287641277e-01  7.306457034536007e-01  9.901698948430232e-01  1.199997101414193e+00  1.077995372454168e-07  1.550229909656736e+00 
 2.414256203198241e-07  1.200000000000000e+00  7.754558872309885e-01  7.307034393543265e-01  9.900468852739586e-01  1.199997124598879e+00  1.077995408452166e-07  1.550231111484726e+00 
 2.416256203198241e-07  1.200000000000000e+00  7.754521671582260e-01  7.307604028118758e-01  9.899263527439220e-01  1.199997147388016e+00  1.077995423157502e-07  1.550232325712917e+00 
 2.418256203198241e-07  1.200000000000000e+00  7.754484686387473e-01  7.308166145928371e-01  9.898082538384636e-01  1.199997169792603e+00  1.077995405461203e-07  1.550233552495328e+00 
 2.420256203198241e-07  1.200000000000000e+00  7.754447917582142e-01  7.308720948148785e-01  9.896925456142769e-01  1.199997191822265e+00  1.077995380174722e-07  1.550234791933535e+00 
 2.422256203198241e-07  1.200000000000000e+00  7.754411365952729e-01  7.309268629644332e-01  9.895791856045969e-01  1.199997213485527e+00  1.077995422857677e-07  1.550236044073367e+00 
 2.424256203198242e-07  1.200000000000000e+00  7.754375032217725e-01  7.309809379136951e-01  9.894681318231672e-01  1.199997234792319e+00  1.077995419008374e-07  1.550237308901894e+00 
 2.426256203198242e-07  1.200000000000000e+00  7.754338917029461e-01  7.310343379371027e-01  9.893593427691767e-01  1.199997255750869e+00  1.077995378480483e-07  1.550238586344869e+00 
 2.428256203198242e-07  1.200000000000000e+00  7.754303020975145e-01  7.310870807290946e-01  9.892527774312112e-01  1.199997276369530e+00  1.077995414043665e-07  1.550239876264505e+00 
 2.430256203198242e-07  1.200000000000000e+00  7.754267344578939e-01  7.311391834199272e-01  9.891483952897954e-01  1.199997296656855e+00  1.077995430446118e-07  1.550241178457642e+00 
 2.432256203198242e-07  1.200000000000000e+00  7.754231888302404e-01  7.311906625914746e-01  9.890461563216594e-01  1.199997316620858e+00  1.077995379246181e-07  1.550242492654289e+00 
 2.434256203198242e-07  1.200000000000000e+00  7.754196652545468e-01  7.312415342933236e-01  9.889460210013953e-01  1.199997336268843e+00  1.077995450825896e-07  1.550243818516574e+00 
 2.436256203198242e-07  1.200000000000000e+00  7.754161637646952e-01  7.312918140575020e-01  9.888479503029132e-01  1.199997355608063e+00  1.077995369285409e-07  1.550245155638049e+00 
 2.438256203198243e-07  1.200000000000000e+00  7.754126843885349e-01  7.313415169141971e-01  9.887519057027611e-01  1.199997374646550e+00  1.077995413625731e-07  1.550246503543369e+00 
 2.440256203198243e-07  1.200000000000000e+00  7.754092271478383e-01  7.313906574056934e-01  9.886578491813681e-01  1.199997393390256e+00  1.077995424255942e-07  1.550247861688351e+00 
 2.442256203198243e-07  1.200000000000000e+00  7.754057920584085e-01  7.314392496005315e-01  9.885657432229806e-01  1.199997411846500e+00  1.077995389365769e-07  1.550249229460383e+00 
 2.444256203198243e-07  1.200000000000000e+00  7.754023791300148e-01  7.314873071083109e-01  9.884755508168648e-01  1.199997430021642e+00  1.077995403565987e-07  1.550250606179191e+00 
 2.446256203198243e-07  1.200000000000000e+00  7.753989883663989e-01  7.315348430924726e-01  9.883872354586377e-01  1.199997447922651e+00  1.077995400129150e-07  1.550251991097896e+00 
 2.448256203198243e-07  1.200000000000000e+00  7.753956197653035e-01  7.315818702841567e-01  9.883007611494801e-01  1.199997465554890e+00  1.077995408324208e-07  1.550253383404482e+00 
 2.450256203198244e-07  1.200000000000000e+00  7.753922733183901e-01  7.316284009948406e-01  9.882160923961065e-01  1.199997482924996e+00  1.077995383297963e-07  1.550254782223478e+00 
 2.452256203198244e-07  1.200000000000000e+00  7.753889490112661e-01  7.316744471292876e-01  9.881331942104220e-01  1.199997500038295e+00  1.077995433260032e-07  1.550256186617988e+00 
 2.454256203198244e-07  1.200000000000000e+00  7.753856468234238e-01  7.317200201974504e-01  9.880520321093207e-01  1.199997516900400e+00  1.077995380146698e-07  1.550257595591950e+00 
 2.456256203198244e-07  1.200000000000000e+00  7.753823667281974e-01  7.317651313270394e-01  9.879725721121518e-01  1.199997533517129e+00  1.077995430234382e-07  1.550259008092725e+00 
 2.458256203198244e-07  1.200000000000000e+00  7.753791086927911e-01  7.318097912746682e-01  9.878947807421188e-01  1.199997549893851e+00  1.077995394267914e-07  1.550260423013851e+00 
 2.460256203198244e-07  1.200000000000000e+00  7.753758726782000e-01  7.318540104380183e-01  9.878186250219204e-01  1.199997566035321e+00  1.077995422274108e-07  1.550261839198041e+00 
 2.462256203198244e-07  1.200000000000000e+00  7.753726586391624e-01  7.318977988665618e-01  9.877440724745146e-01  1.199997581946793e+00  1.077995379519101e-07  1.550263255440404e+00 
 2.464256203198245e-07  1.200000000000000e+00  7.753694665242381e-01  7.319411662726799e-01  9.876710911204110e-01  1.199997597633156e+00  1.077995437051294e-07  1.550264670491837e+00 
 2.466256203198245e-07  1.200000000000000e+00  7.753662962756681e-01  7.319841220417003e-01  9.875996494761353e-01  1.199997613099257e+00  1.077995373176904e-07  1.550266083062550e+00 
 2.468256203198245e-07  1.200000000000000e+00  7.753631478293991e-01  7.320266752429431e-01  9.875297165501343e-01  1.199997628349405e+00  1.077995415114643e-07  1.550267491825775e+00 
 2.470256203198245e-07  1.200000000000000e+00  7.753600211151193e-01  7.320688346388141e-01  9.874612618427624e-01  1.199997643388235e+00  1.077995436640912e-07  1.550268895421555e+00 
 2.472256203198245e-07  1.200000000000000e+00  7.753569160561909e-01  7.321106086956805e-01  9.873942553427264e-01  1.199997658220114e+00  1.077995398028421e-07  1.550270292460707e+00 
 2.474256203198245e-07  1.200000000000000e+00  7.753538325697168e-01  7.321520055931169e-01  9.873286675247392e-01  1.199997672849607e+00  1.077995383624666e-07  1.550271681528764e+00 
 2.476256203198245e-07  1.200000000000000e+00  7.753507705664957e-01  7.321930332326461e-01  9.872644693462392e-01  1.199997687279978e+00  1.077995413945109e-07  1.550273061190059e+00 
 2.478256203198246e-07  1.200000000000000e+00  7.753477299510645e-01  7.322336992472608e-01  9.872016322437377e-01  1.199997701515984e+00  1.077995398523523e-07  1.550274429991843e+00 
 2.480256203198246e-07  1.200000000000000e+00  7.753447106217805e-01  7.322740110095096e-01  9.871401281316284e-01  1.199997715561185e+00  1.077995445352799e-07  1.550275786468383e+00 
 2.482256203198246e-07  1.200000000000000e+00  7.753417124707934e-01  7.323139756410675e-01  9.870799293979267e-01  1.199997729419726e+00  1.077995363412604e-07  1.550277129145125e+00 
 2.484256203198246e-07  1.200000000000000e+00  7.753387353841259e-01  7.323536000208083e-01  9.870210089002789e-01  1.199997743095197e+00  1.077995406487074e-07  1.550278456542818e+00 
 2.486256203198246e-07  1.200000000000000e+00  7.753357792417143e-01  7.323928907920106e-01  9.869633399633425e-01  1.199997756590928e+00  1.077995440986713e-07  1.550279767181616e+00 
 2.488256203198246e-07  1.200000000000000e+00  7.753328439175310e-01  7.324318543708329e-01  9.869068963741260e-01  1.199997769910617e+00  1.077995385920290e-07  1.550281059585103e+00 
 2.490256203198247e-07  1.200000000000000e+00  7.753299292796085e-01  7.324704969536519e-01  9.868516523794216e-01  1.199997783057505e+00  1.077995381691117e-07  1.550282332284346e+00 
 2.492256203198247e-07  1.200000000000000e+00  7.753270351901899e-01  7.325088245252294e-01  9.867975826818393e-01  1.199997796035304e+00  1.077995422996026e-07  1.550283583821793e+00 
 2.494256203198247e-07  1.200000000000000e+00  7.753241615057771e-01  7.325468428657627e-01  9.867446624354473e-01  1.199997808847020e+00  1.077995420266399e-07  1.550284812755126e+00 
 2.496256203198247e-07  1.200000000000000e+00  7.753213080772700e-01  7.325845575568534e-01  9.866928672418882e-01  1.199997821495805e+00  1.077995422019714e-07  1.550286017660954e+00 
 2.498256203198247e-07  1.200000000000000e+00  7.753184747501041e-01  7.326219739889636e-01  9.866421731460234e-01  1.199997833984622e+00  1.077995392201522e-07  1.550287197138515e+00 
 2.500256203198247e-07  1.200000000000000e+00  7.753156613643719e-01  7.326590973682792e-01  9.865925566328451e-01  1.199997846316742e+00  1.077995416741553e-07  1.550288349813122e+00 
 2.502256203198247e-07  1.200000000000000e+00  7.753128677549405e-01  7.326959327236857e-01  9.865439946216482e-01  1.199997858495108e+00  1.077995370151162e-07  1.550289474339533e+00 
 2.504256203198248e-07  1.200000000000000e+00  7.753100937516507e-01  7.327324849113945e-01  9.864964644621862e-01  1.199997870522197e+00  1.077995399602936e-07  1.550290569405215e+00 
 2.506256203198248e-07  1.200000000000000e+00  7.753073391794488e-01  7.327687586224507e-01  9.864499439312421e-01  1.199997882401330e+00  1.077995462860524e-07  1.550291633733375e+00 
 2.508256203198248e-07  1.200000000000000e+00  7.753046038585363e-01  7.328047583874291e-01  9.864044112268358e-01  1.199997894134715e+00  1.077995370200101e-07  1.550292666085920e+00 
 2.510256203198248e-07  1.200000000000000e+00  7.753018875929217e-01  7.328404885871332e-01  9.863598449530177e-01  1.199997905798789e+00  1.077995382450693e-07  1.550293665266158e+00 
 2.512256203198248e-07  1.200000000000000e+00  7.752991902011556e-01  7.328759534471406e-01  9.863162241461797e-01  1.199997917264147e+00  1.077995411097316e-07  1.550294630121306e+00 
 2.514256203198248e-07  1.200000000000000e+00  7.752965114941145e-01  7.329111570514053e-01  9.862735282452869e-01  1.199997928574570e+00  1.077995431048530e-07  1.550295559544874e+00 
 2.516256203198248e-07  1.200000000000000e+00  7.752938512761514e-01  7.329461033469700e-01  9.862317370903484e-01  1.199997939748566e+00  1.077995400251892e-07  1.550296452479097e+00 
 2.518256203198249e-07  1.200000000000000e+00  7.752912093469762e-01  7.329807961477303e-01  9.861908309178095e-01  1.199997950790959e+00  1.077995402463687e-07  1.550297307916924e+00 
 2.520256203198249e-07  1.200000000000000e+00  7.752885855026309e-01  7.330152391400322e-01  9.861507903583856e-01  1.199997961703384e+00  1.077995427610088e-07  1.550298124903829e+00 
 2.522256203198249e-07  1.200000000000000e+00  7.752859795357671e-01  7.330494358873798e-01  9.861115964310684e-01  1.199997972487330e+00  1.077995370859243e-07  1.550298902539478e+00 
 2.524256203198249e-07  1.200000000000000e+00  7.752833912359329e-01  7.330833898339425e-01  9.860732305385317e-01  1.199997983145426e+00  1.077995399840212e-07  1.550299639979141e+00 
 2.526256203198249e-07  1.200000000000000e+00  7.752808203898042e-01  7.331171043102465e-01  9.860356744614817e-01  1.199997993679606e+00  1.077995407772801e-07  1.550300336434946e+00 
 2.528256203198249e-07  1.200000000000000e+00  7.752782667814223e-01  7.331505825373098e-01  9.859989103548520e-01  1.199998004092670e+00  1.077995429275173e-07  1.550300991176984e+00 
 2.530256203198250e-07  1.200000000000000e+00  7.752757301924377e-01  7.331838276298653e-01  9.859629207403788e-01  1.199998014385875e+00  1.077995424494941e-07  1.550301603534214e+00 
 2.532256203198250e-07  1.200000000000000e+00  7.752732104023377e-01  7.332168426017275e-01  9.859276885045677e-01  1.199998024561897e+00  1.077995371632377e-07  1.550302172895160e+00 
 2.534256203198250e-07  1.200000000000000e+00  7.752707071886545e-01  7.332496303688447e-01  9.858931968911735e-01  1.199998034621998e+00  1.077995424913994e-07  1.550302698708451e+00 
 2.536256203198250e-07  1.200000000000000e+00  7.752682203272826e-01  7.332821937532115e-01  9.858594294966649e-01  1.199998044568726e+00  1.077995407927021e-07  1.550303180483201e+00 
 2.538256203198250e-07  1.200000000000000e+00  7.752657495926243e-01  7.333145354871672e-01  9.858263702652315e-01  1.199998054404286e+00  1.077995389834727e-07  1.550303617789208e+00 
 2.540256203198250e-07  1.200000000000000e+00  7.752632947578642e-01  7.333466582169651e-01  9.857940034830545e-01  1.199998064129267e+00  1.077995429271718e-07  1.550304010256943e+00 
 2.542256203198250e-07  1.200000000000000e+00  7.752608555952256e-01  7.333785645051997e-01  9.857623137739963e-01  1.199998073746855e+00  1.077995396296027e-07  1.550304357577414e+00 
 2.544256203198251e-07  1.200000000000000e+00  7.752584318761849e-01  7.334102568346330e-01  9.857312860930572e-01  1.199998083258557e+00  1.077995397022625e-07  1.550304659501844e+00 
 2.546256203198251e-07  1.200000000000000e+00  7.752560233716921e-01  7.334417376118929e-01  9.857009057220030e-01  1.199998092665864e+00  1.077995384593824e-07  1.550304915841233e+00 
 2.548256203198251e-07  1.200000000000000e+00  7.752536298524739e-01  7.334730091702958e-01  9.856711582643393e-01  1.199998101970137e+00  1.077995438133895e-07  1.550305126465733e+00 
 2.550256203198251e-07  1.200000000000000e+00  7.752512510891583e-01  7.335040737731650e-01  9.856420296377285e-01  1.199998111173634e+00  1.077995377706803e-07  1.550305291303902e+00 
 2.552256203198251e-07  1.200000000000000e+00  7.752488868525479e-01  7.335349336158236e-01  9.856135060717472e-01  1.199998120277823e+00  1.077995413877990e-07  1.550305410341795e+00 
 2.554256203198251e-07  1.200000000000000e+00  7.752465369138672e-01  7.335655908289276e-01  9.855855741005549e-01  1.199998129284114e+00  1.077995413760564e-07  1.550305483621983e+00 
 2.556256203198251e-07  1.200000000000000e+00  7.752442010449340e-01  7.335960474819840e-01  9.855582205578572e-01  1.199998138194318e+00  1.077995392476401e-07  1.550305511242408e+00 
 2.558256203198252e-07  1.200000000000000e+00  7.752418790183816e-01  7.336263055845837e-01  9.855314325720986e-01  1.199998147009809e+00  1.077995410417520e-07  1.550305493355135e+00 
 2.560256203198252e-07  1.200000000000000e+00  7.752395706078981e-01  7.336563670895965e-01  9.855051975611482e-01  1.199998155731891e+00  1.077995407843968e-07  1.550305430164972e+00 
 2.562256203198252e-07  1.200000000000000e+00  7.752372755883775e-01  7.336862338955106e-01  9.854795032258508e-01  1.199998164362308e+00  1.077995437080457e-07  1.550305321928084e+00 
 2.564256203198252e-07  1.200000000000000e+00  7.752349937361595e-01  7.337159078496478e-01  9.854543375463232e-01  1.199998172902804e+00  1.077995365091074e-07  1.550305168950392e+00 
 2.566256203198252e-07  1.200000000000000e+00  7.752327248292022e-01  7.337453907486542e-01  9.854296887758630e-01  1.199998181354343e+00  1.077995413130329e-07  1.550304971585997e+00 
 2.568256203198252e-07  1.200000000000000e+00  7.752304686472653e-01  7.337746843417668e-01  9.854055454353308e-01  1.199998189718030e+00  1.077995414959220e-07  1.550304730235450e+00 
 2.570256203198253e-07  1.200000000000000e+00  7.752282249720694e-01  7.338037903329400e-01  9.853818963094138e-01  1.199998197995724e+00  1.077995418513037e-07  1.550304445344015e+00 
 2.572256203198253e-07  1.200000000000000e+00  7.752259935874538e-01  7.338327103824596e-01  9.853587304394105e-01  1.199998206188861e+00  1.077995378367867e-07  1.550304117399846e+00 
 2.574256203198253e-07  1.200000000000000e+00  7.752237742795975e-01  7.338614461091764e-01  9.853360371197144e-01  1.199998214298466e+00  1.077995435507019e-07  1.550303746932085e+00 
 2.576256203198253e-07  1.200000000000000e+00  7.752215668371217e-01  7.338899990922375e-01  9.853138058909202e-01  1.199998222325710e+00  1.077995404851112e-07  1.550303334509021e+00 
 2.578256203198253e-07  1.200000000000000e+00  7.752193710512579e-01  7.339183708731128e-01  9.852920265371876e-01  1.199998230271976e+00  1.077995387763135e-07  1.550302880736052e+00 
 2.580256203198253e-07  1.200000000000000e+00  7.752171867159866e-01  7.339465629563958e-01  9.852706890789792e-01  1.199998238138047e+00  1.077995402470906e-07  1.550302386253757e+00 
 2.582256203198253e-07  1.200000000000000e+00  7.752150136281596e-01  7.339745768125616e-01  9.852497837687816e-01  1.199998245925734e+00  1.077995447563963e-07  1.550301851735884e+00 
 2.584256203198254e-07  1.200000000000000e+00  7.752128515876617e-01  7.340024138787288e-01  9.852293010872437e-01  1.199998253636263e+00  1.077995401693996e-07  1.550301277887329e+00 
 2.586256203198254e-07  1.200000000000000e+00  7.752107003974298e-01  7.340300755602943e-01  9.852092317357184e-01  1.199998261270562e+00  1.077995356842559e-07  1.550300665442073e+00 
 2.588256203198254e-07  1.200000000000000e+00  7.752085598636500e-01  7.340575632330205e-01  9.851895666343762e-01  1.199998268829662e+00  1.077995425162269e-07  1.550300015161208e+00 
 2.590256203198254e-07  1.200000000000000e+00  7.752064297958269e-01  7.340848782439294e-01  9.851702969151920e-01  1.199998276314883e+00  1.077995424561078e-07  1.550299327830886e+00 
 2.592256203198254e-07  1.200000000000000e+00  7.752043100069020e-01  7.341120219122983e-01  9.851514139177748e-01  1.199998283726804e+00  1.077995422079098e-07  1.550298604260297e+00 
 2.594256203198254e-07  1.200000000000000e+00  7.752022003132825e-01  7.341389955310017e-01  9.851329091855133e-01  1.199998291067053e+00  1.077995364102711e-07  1.550297845279645e+00 
 2.596256203198254e-07  1.200000000000000e+00  7.752001005349809e-01  7.341658003681238e-01  9.851147744594841e-01  1.199998298336244e+00  1.077995413414037e-07  1.550297051738223e+00 
 2.598256203198255e-07  1.200000000000000e+00  7.751980104956545e-01  7.341924376682822e-01  9.850970016755773e-01  1.199998305535929e+00  1.077995401764082e-07  1.550296224502393e+00 
 2.600256203198255e-07  1.200000000000000e+00  7.751959300226429e-01  7.342189086531268e-01  9.850795829580919e-01  1.199998312666376e+00  1.077995421527338e-07  1.550295364453689e+00 
 2.602256203198255e-07  1.200000000000000e+00  7.751938589470322e-01  7.342452145224725e-01  9.850625106161462e-01  1.199998319729091e+00  1.077995408289243e-07  1.550294472486937e+00 
 2.604256203198255e-07  1.200000000000000e+00  7.751917971037284e-01  7.342713564555117e-01  9.850457771399400e-01  1.199998326724811e+00  1.077995385358386e-07  1.550293549508333e+00 
 2.606256203198255e-07  1.200000000000000e+00  7.751897443314615e-01  7.342973356114543e-01  9.850293751955211e-01  1.199998333654633e+00  1.077995425230350e-07  1.550292596433721e+00 
 2.608256203198255e-07  1.200000000000000e+00  7.751877004728643e-01  7.343231531304159e-01  9.850132976212186e-01  1.199998340519466e+00  1.077995379098462e-07  1.550291614186760e+00 
 2.610256203198256e-07  1.200000000000000e+00  7.751856653744650e-01  7.343488101350812e-01  9.849975374226957e-01  1.199998347320149e+00  1.077995437578966e-07  1.550290603697220e+00 
 2.612256203198256e-07  1.200000000000000e+00  7.751836388866795e-01  7.343743077305056e-01  9.849820877691626e-01  1.199998354057788e+00  1.077995374727184e-07  1.550289565899323e+00 
 2.614256203198256e-07  1.200000000000000e+00  7.751816208638757e-01  7.343996470049934e-01  9.849669419904472e-01  1.199998360733128e+00  1.077995407109556e-07  1.550288501730110e+00 
 2.616256203198256e-07  1.200000000000000e+00  7.751796111643623e-01  7.344248290314930e-01  9.849520935708674e-01  1.199998367346824e+00  1.077995456405650e-07  1.550287412127898e+00 
 2.618256203198256e-07  1.200000000000000e+00  7.751776096503596e-01  7.344498548678507e-01  9.849375361474363e-01  1.199998373899839e+00  1.077995394693043e-07  1.550286298030782e+00 
 2.620256203198256e-07  1.200000000000000e+00  7.751756161880258e-01  7.344747255570040e-01  9.849232635039751e-01  1.199998380393154e+00  1.077995402966943e-07  1.550285160375207e+00 
 2.622256203198256e-07  1.200000000000000e+00  7.751736306474101e-01  7.344994421289170e-01  9.849092695695060e-01  1.199998386827418e+00  1.077995400299972e-07  1.550284000094573e+00 
 2.624256203198257e-07  1.200000000000000e+00  7.751716529024719e-01  7.345240055996451e-01  9.848955484134172e-01  1.199998393203613e+00  1.077995398441892e-07  1.550282818117918e+00 
 2.626256203198257e-07  1.200000000000000e+00  7.751696828310639e-01  7.345484169728657e-01  9.848820942421640e-01  1.199998399522112e+00  1.077995386562743e-07  1.550281615368706e+00 
 2.628256203198257e-07  1.200000000000000e+00  7.751677203148689e-01  7.345726772399176e-01  9.848689013957388e-01  1.199998405784249e+00  1.077995444696705e-07  1.550280392763590e+00 
 2.630256203198257e-07  1.200000000000000e+00  7.751657652393478e-01  7.345967873800193e-01  9.848559643445091e-01  1.199998411990596e+00  1.077995366767403e-07  1.550279151211329e+00 
 2.632256203198257e-07  1.200000000000000e+00  7.751638174937820e-01  7.346207483620624e-01  9.848432776849847e-01  1.199998418141467e+00  1.077995447667118e-07  1.550277891611719e+00 
 2.634256203198257e-07  1.200000000000000e+00  7.751618769711670e-01  7.346445611436825e-01  9.848308361378354e-01  1.199998424238124e+00  1.077995374344891e-07  1.550276614854628e+00 
 2.636256203198257e-07  1.200000000000000e+00  7.751599435681829e-01  7.346682266722954e-01  9.848186345436799e-01  1.199998430280998e+00  1.077995435922447e-07  1.550275321819057e+00 
 2.638256203198258e-07  1.200000000000000e+00  7.751580171851824e-01  7.346917458851209e-01  9.848066678602998e-01  1.199998436270892e+00  1.077995406539544e-07  1.550274013372282e+00 
 2.640256203198258e-07  1.200000000000000e+00  7.751560977260860e-01  7.347151197098565e-01  9.847949311600639e-01  1.199998442208303e+00  1.077995358009005e-07  1.550272690369038e+00 
 2.642256203198258e-07  1.200000000000000e+00  7.751541850983276e-01  7.347383490648551e-01  9.847834196263395e-01  1.199998448094339e+00  1.077995454431864e-07  1.550271353650816e+00 
 2.644256203198258e-07  1.200000000000000e+00  7.751522792128497e-01  7.347614348597568e-01  9.847721285507365e-01  1.199998453929631e+00  1.077995406101363e-07  1.550270004045219e+00 
 2.646256203198258e-07  1.200000000000000e+00  7.751503799840088e-01  7.347843779949734e-01  9.847610533308245e-01  1.199998459714386e+00  1.077995360612539e-07  1.550268642365297e+00 
 2.648256203198258e-07  1.200000000000000e+00  7.751484873294713e-01  7.348071793626904e-01  9.847501894664463e-01  1.199998465449563e+00  1.077995425537439e-07  1.550267269409047e+00 
 2.650256203198259e-07  1.200000000000000e+00  7.751466011702525e-01  7.348298398473844e-01  9.847395325581347e-01  1.199998471135518e+00  1.077995429107670e-07  1.550265885958899e+00 
 2.652256203198259e-07  1.200000000000000e+00  7.751447214305326e-01  7.348523603251723e-01  9.847290783045169e-01  1.199998476773486e+00  1.077995373032871e-07  1.550264492781261e+00 
 2.654256203198259e-07  1.200000000000000e+00  7.751428480376891e-01  7.348747416644013e-01  9.847188224982681e-01  1.199998482363629e+00  1.077995427998212e-07  1.550263090626205e+00 
 2.656256203198259e-07  1.200000000000000e+00  7.751409809221544e-01  7.348969847263070e-01  9.847087610246681e-01  1.199998487906466e+00  1.077995417837201e-07  1.550261680227117e+00 
 2.658256203198259e-07  1.200000000000000e+00  7.751391200173936e-01  7.349190903646660e-01  9.846988898601254e-01  1.199998493402792e+00  1.077995378822335e-07  1.550260262300431e+00 
 2.660256203198259e-07  1.200000000000000e+00  7.751372652597945e-01  7.349410594264236e-01  9.846892050687225e-01  1.199998498853404e+00  1.077995415412089e-07  1.550258837545379e+00 
 2.662256203198259e-07  1.200000000000000e+00  7.751354165886051e-01  7.349628927513353e-01  9.846797028005325e-01  1.199998504258295e+00  1.077995393472580e-07  1.550257406643837e+00 
 2.664256203198260e-07  1.200000000000000e+00  7.751335739458826e-01  7.349845911725489e-01  9.846703792889199e-01  1.199998509618241e+00  1.077995437779188e-07  1.550255970260231e+00 
 2.666256203198260e-07  1.200000000000000e+00  7.751317372763686e-01  7.350061555168376e-01  9.846612308482025e-01  1.199998514933995e+00  1.077995377579383e-07  1.550254529041400e+00 
 2.668256203198260e-07  1.200000000000000e+00  7.751299065274927e-01  7.350275866037731e-01  9.846522538729184e-01  1.199998520206202e+00  1.077995389492521e-07  1.550253083616602e+00 
 2.670256203198260e-07  1.200000000000000e+00  7.751280816492027e-01  7.350488852470670e-01  9.846434448345566e-01  1.199998525435163e+00  1.077995444845542e-07  1.550251634597501e+00 
 2.672256203198260e-07  1.200000000000000e+00  7.751262625939532e-01  7.350700522547002e-01  9.846348002809407e-01  1.199998530621323e+00  1.077995364631350e-07  1.550250182578169e+00 
 2.674256203198260e-07  1.200000000000000e+00  7.751244493166193e-01  7.350910884280020e-01  9.846263168324459e-01  1.199998535765261e+00  1.077995416693625e-07  1.550248728135204e+00 
 2.676256203198261e-07  1.200000000000000e+00  7.751226417744291e-01  7.351119945623106e-01  9.846179911815472e-01  1.199998540867742e+00  1.077995417950633e-07  1.550247271827828e+00 
 2.678256203198261e-07  1.200000000000000e+00  7.751208399268793e-01  7.351327714474712e-01  9.846098200916429e-01  1.199998545928985e+00  1.077995426756447e-07  1.550245814198015e+00 
 2.680256203198261e-07  1.200000000000000e+00  7.751190437356453e-01  7.351534198677049e-01  9.846018003941315e-01  1.199998550949597e+00  1.077995399509496e-07  1.550244355770634e+00 
 2.682256203198261e-07  1.200000000000000e+00  7.751172531645384e-01  7.351739406008199e-01  9.845939289862971e-01  1.199998555929957e+00  1.077995381848985e-07  1.550242897053678e+00 
 2.684256203198261e-07  1.200000000000000e+00  7.751154681793828e-01  7.351943344192715e-01  9.845862028315415e-01  1.199998560870877e+00  1.077995413894249e-07  1.550241438538462e+00 
 2.686256203198261e-07  1.200000000000000e+00  7.751136887480270e-01  7.352146020901236e-01  9.845786189572409e-01  1.199998565772402e+00  1.077995379837528e-07  1.550239980699881e+00 
 2.688256203198261e-07  1.200000000000000e+00  7.751119148402171e-01  7.352347443752751e-01  9.845711744515840e-01  1.199998570635387e+00  1.077995436603109e-07  1.550238523996651e+00 
 2.690256203198262e-07  1.200000000000000e+00  7.751101464275230e-01  7.352547620308609e-01  9.845638664642278e-01  1.199998575459614e+00  1.077995428942509e-07  1.550237068871583e+00 
 2.692256203198262e-07  1.200000000000000e+00  7.751083834833062e-01  7.352746558076367e-01  9.845566922043253e-01  1.199998580246338e+00  1.077995352422227e-07  1.550235615751907e+00 
 2.694256203198262e-07  1.200000000000000e+00  7.751066259826224e-01  7.352944264513418e-01  9.845496489390438e-01  1.199998584995824e+00  1.077995420484573e-07  1.550234165049565e+00 
 2.696256203198262e-07  1.200000000000000e+00  7.751048739021791e-01  7.353140747024450e-01  9.845427339911162e-01  1.199998589708237e+00  1.077995419822025e-07  1.550232717161536e+00 
 2.698256203198262e-07  1.200000000000000e+00  7.751031272202438e-01  7.353336012963096e-01  9.845359447394010e-01  1.199998594384005e+00  1.077995433478264e-07  1.550231272470159e+00 
 2.700128101599131e-07  1.200000000000000e+00  7.751014972879630e-01  7.353517676114194e-01  9.845297019951427e-01  1.199998598725442e+00  1.077995434840525e-07  1.550229923526242e+00 
 2.702000000000000e-07  1.200000000000000e+00  7.750998720520464e-01  7.353698285805523e-01  9.845235650788170e-01  1.199998603037423e+00  1.077995377333691e-07  1.550228577994050e+00 
 2.702002473962823e-07  1.198515622306662e+00  7.750949719015909e-01  7.353649830410578e-01  9.845234691467599e-01  1.199993292724095e+00 -4.829463039375537e-08  1.550228576218010e+00 
 2.702007421888468e-07  1.195546866919431e+00  7.750824876988670e-01  7.353526989752929e-01  9.845232339819748e-01  1.199980762109477e+00 -4.191157201380996e-07  1.550228572665940e+00 
 2.702013622209014e-07  1.191826674591765e+00  7.750660431390546e-01  7.353367187180060e-01  9.845229187529846e-01  1.199967112140052e+00 -7.697986466794621e-07  1.550228568214832e+00 
 2.702021040612051e-07  1.187375632769673e+00  7.750478192102248e-01  7.353193015188662e-01  9.845225554931853e-01  1.199955606750793e+00 -9.412301022176245e-07  1.550228562889337e+00 
 2.702032175163227e-07  1.180694902064116e+00  7.750236203918522e-01  7.352965849979266e-01  9.845220516673371e-01  1.199945672902596e+00 -8.682641396817042e-07  1.550228554896192e+00 
 2.702051407249608e-07  1.169155650235361e+00  7.749877279632524e-01  7.352634232586921e-01  9.845212695810026e-01  1.199940252704584e+00 -4.401985544784034e-07  1.550228541090403e+00 
 2.702076036397352e-07  1.154378161589331e+00  7.749490907101590e-01  7.352280786848742e-01  9.845203892017711e-01  1.199943973459579e+00  8.878474286669324e-08  1.550228523410884e+00 
 2.702111061388402e-07  1.133363166958992e+00  7.749039069223874e-01  7.351868964717617e-01  9.845193093899034e-01  1.199955946027168e+00  4.868719318050323e-07  1.550228498270000e+00 
 2.702162212859904e-07  1.102672284057856e+00  7.748522943497987e-01  7.351399148546037e-01  9.845179868529359e-01  1.199973776397072e+00  5.658854972494243e-07  1.550228461555464e+00 
 2.702249039300052e-07  1.050576419969285e+00  7.747890682047920e-01  7.350823851838221e-01  9.845161587693932e-01  1.199994664203939e+00  3.384239808292954e-07  1.550228399237141e+00 
 2.702351523270708e-07  9.890860375753412e-01  7.747363163252655e-01  7.350341487361368e-01  9.845143624695578e-01  1.200006616774300e+00  1.147380816984671e-07  1.550228325673588e+00 
 2.702478078369941e-07  9.131529780357521e-01  7.746836557996901e-01  7.349850691429204e-01  9.845123566615658e-01  1.200010823136392e+00  3.240021735086661e-08  1.550228234787642e+00 
 2.702601598158996e-07  8.390411046023660e-01  7.746364293609016e-01  7.349393263179235e-01  9.845105320048626e-01  1.200010596266109e+00  5.861690486919395e-08  1.550228145982207e+00 
 2.702686729187496e-07  7.879624875027624e-01  7.746113090680621e-01  7.349129766592175e-01  9.845095181348660e-01  1.200011854204016e+00  1.190906247334426e-07  1.550228084687408e+00 
 2.702785500269792e-07  7.286998381253391e-01  7.746143646394760e-01  7.349083907549321e-01  9.845092136078721e-01  1.200022464070130e+00  2.282111055158928e-07  1.550228013430922e+00 
 2.702888301904165e-07  6.670188575011928e-01  7.746972297595359e-01  7.349703504037465e-01  9.845108986865913e-01  1.200046206329104e+00  3.336214725584586e-07  1.550227939041513e+00 
 2.702981116136905e-07  6.113303178574646e-01  7.748866130866234e-01  7.351254835056288e-01  9.845151354710965e-01  1.200074885657384e+00  3.912139612773828e-07  1.550227871619199e+00 
 2.703066222545505e-07  5.602664726971531e-01  7.752008665775305e-01  7.353937347417300e-01  9.845221253289652e-01  1.200103623769714e+00  4.140199648066225e-07  1.550227809524057e+00 
 2.703137852353932e-07  5.172885876412756e-01  7.756073361195401e-01  7.357504242970579e-01  9.845309003921008e-01  1.200129259980730e+00  4.214456262073910e-07  1.550227757022992e+00 
 2.703202444243381e-07  4.785334539714537e-01  7.761192624042117e-01  7.362090645419440e-01  9.845415307630248e-01  1.200154731232201e+00  4.239393046102675e-07  1.550227709468004e+00 
 2.703265888555893e-07  4.404668664643014e-01  7.767904807062437e-01  7.368205851721157e-01  9.845548720197826e-01  1.200183823077626e+00  4.221431392297751e-07  1.550227662543548e+00 
 2.703337463950672e-07  3.975216295972207e-01  7.777871820003620e-01  7.377413981491202e-01  9.845737855476340e-01  1.200224060279319e+00  4.086845347629937e-07  1.550227609337111e+00 
 2.703404521657799e-07  3.572870053209742e-01  7.789705477407409e-01  7.388449902106247e-01  9.845954538715683e-01  1.200271260867692e+00  3.787324173529921e-07  1.550227559232170e+00 
 2.703452006167812e-07  3.287962993132859e-01  7.799558603749290e-01  7.397683177075784e-01  9.846131661078366e-01  1.200311862940618e+00  3.503003194508213e-07  1.550227523608746e+00 
 2.703509113185090e-07  2.945320889465221e-01  7.813018789254760e-01  7.410330359678616e-01  9.846371469912220e-01  1.200370788621271e+00  3.306415913952379e-07  1.550227480629295e+00 
 2.703569510674384e-07  2.582935953699904e-01  7.829122194376305e-01  7.425489505493928e-01  9.846657776686182e-01  1.200447447568771e+00  3.314976786262906e-07  1.550227435051789e+00 
 2.703629297959516e-07  2.224212242906796e-01  7.846828816647191e-01  7.442185590934890e-01  9.846974887252593e-01  1.200528134409796e+00  3.457137473068198e-07  1.550227389875814e+00 
 2.703670987546252e-07  1.974074722489871e-01  7.860093014192342e-01  7.454716725350961e-01  9.847215879086094e-01  1.200553374970142e+00  3.588458417276043e-07  1.550227358380163e+00 
 2.703704501807216e-07  1.772989156708464e-01  7.871196253234558e-01  7.465232931913792e-01  9.847421312286357e-01  1.200512235792441e+00  3.696805224808787e-07  1.550227333091608e+00 
 2.703739264720087e-07  1.564411679481101e-01  7.882993972751660e-01  7.476465817775705e-01  9.847645140458404e-01  1.200354297701116e+00  3.806163993954129e-07  1.550227306919960e+00 
 2.703774149554030e-07  1.355102675823607e-01  7.894950459854911e-01  7.487993983201505e-01  9.847880307480005e-01  1.199987250741936e+00  3.910188999577471e-07  1.550227280749868e+00 
 2.703803037601182e-07  1.181774392913084e-01  7.904797381211185e-01  7.497701939270173e-01  9.848082637106936e-01  1.199425617933178e+00  3.992585373407270e-07  1.550227259174074e+00 
 2.703828405256870e-07  1.029568458781893e-01  7.913300167913981e-01  7.506327384861071e-01  9.848265691989632e-01  1.198645593758868e+00  4.073712567345678e-07  1.550227240318588e+00 
 2.703852409032181e-07  8.855458069139877e-02  7.921153047662809e-01  7.514549816594812e-01  9.848443389819865e-01  1.197572374112970e+00  4.175088421150969e-07  1.550227222572469e+00 
 2.703876908433382e-07  7.385493997105019e-02  7.928933065407502e-01  7.522962628099892e-01  9.848629232227001e-01  1.196053393149432e+00  4.318310576718540e-07  1.550227204574283e+00 
 2.703904491018491e-07  5.730538890592207e-02  7.937395050038554e-01  7.532377079079720e-01  9.848844025628725e-01  1.193781004762799e+00  4.536292350851290e-07  1.550227184474802e+00 
 2.703933942073601e-07  3.963475583980913e-02  7.946125842744320e-01  7.542210346519678e-01  9.849080302659592e-01  1.190704499427709e+00  4.836655748694310e-07  1.550227163238995e+00 
 2.703960388919743e-07  2.376664815474805e-02  7.953779359959654e-01  7.550692270683862e-01  9.849299110319207e-01  1.187363581429191e+00  5.162052863364255e-07  1.550227144398616e+00 
 2.703980194459871e-07  1.188332407738835e-02  7.959440878362142e-01  7.556771581231332e-01  9.849467349939112e-01  1.184563310378240e+00  5.427206399878648e-07  1.550227130449103e+00 
 2.703990097229936e-07  5.941662038708717e-03  7.962254516682286e-01  7.559722460574634e-01  9.849552908675685e-01  1.183151424786359e+00  5.559477947759961e-07  1.550227123529528e+00 
 2.704000000000000e-07  2.886579864025407e-14  7.965056562199463e-01  7.562617951416228e-01  9.849639427428227e-01  1.181847605012822e+00  5.684997546832188e-07  1.550227116649748e+00 
 2.704001188023073e-07  0.000000000000000e+00  7.965412856665397e-01  7.562982692179475e-01  9.849650330227027e-01  1.181705014952924e+00  6.475011561021815e-07  1.550227115827391e+00 
 2.704003564069219e-07  0.000000000000000e+00  7.966136644140375e-01  7.563721614002582e-01  9.849672300278700e-01  1.181431571396174e+00  8.565429168490984e-07  1.550227114184145e+00 
 2.704006727630900e-07  0.000000000000000e+00  7.967106887489167e-01  7.564708318723583e-01  9.849701623988737e-01  1.181091818046904e+00  1.106933714700026e-06  1.550227111999910e+00 
 2.704010480069044e-07  0.000000000000000e+00  7.968254802288544e-01  7.565870898460390e-01  9.849736319098205e-01  1.180726357568862e+00  1.275393221330731e-06  1.550227109414789e+00 
 2.704015571634711e-07  0.000000000000000e+00  7.969801097543711e-01  7.567429685673205e-01  9.849783142193195e-01  1.180307308587013e+00  1.291803953883119e-06  1.550227105917296e+00 
 2.704024611682159e-07  0.000000000000000e+00  7.972514063164772e-01  7.570146795880552e-01  9.849865569572571e-01  1.179844011616850e+00  9.621520238901893e-07  1.550227099737406e+00 
 2.704037568768863e-07  0.000000000000000e+00  7.976333011304293e-01  7.573939659616721e-01  9.849982268203282e-01  1.179958743813845e+00  1.835679764739667e-07  1.550227090949485e+00 
 2.704047899382715e-07  0.000000000000000e+00  7.979320904752430e-01  7.576886547161814e-01  9.850074172938896e-01  1.180720372335254e+00 -4.700834187083835e-07  1.550227084004199e+00 
 2.704057909149941e-07  0.000000000000000e+00  7.982169968876411e-01  7.579683511408535e-01  9.850162327878390e-01  1.181963978448664e+00 -1.015896587340873e-06  1.550227077328914e+00 
 2.704068897225259e-07  0.000000000000000e+00  7.985248219912584e-01  7.582694222675392e-01  9.850258155246625e-01  1.183817602126137e+00 -1.467980026096521e-06  1.550227070065671e+00 
 2.704080833162300e-07  0.000000000000000e+00  7.988536833722530e-01  7.585900440802412e-01  9.850361203934869e-01  1.186264340414303e+00 -1.786607327230322e-06  1.550227062256013e+00 
 2.704093942726313e-07  0.000000000000000e+00  7.992085410491595e-01  7.589350658035892e-01  9.850473205761676e-01  1.189218604673400e+00 -1.963242409362340e-06  1.550227053779527e+00 
 2.704110200175957e-07  0.000000000000000e+00  7.996395197753062e-01  7.593530266684885e-01  9.850610473001173e-01  1.192828441939260e+00 -1.998264676041951e-06  1.550227043423431e+00 
 2.704127965851154e-07  0.000000000000000e+00  8.000987930139758e-01  7.597973269066499e-01  9.850758478889369e-01  1.196265269798034e+00 -1.883755908309304e-06  1.550227032316357e+00 
 2.704145173298686e-07  0.000000000000000e+00  8.005316789399120e-01  7.602151635324760e-01  9.850899875103898e-01  1.198870627699992e+00 -1.683861064812053e-06  1.550227021780551e+00 
 2.704161122443479e-07  0.000000000000000e+00  8.009221306189227e-01  7.605912951285263e-01  9.851029206301790e-01  1.200627013903351e+00 -1.460243948114316e-06  1.550227012222746e+00 
 2.704178471576144e-07  0.000000000000000e+00  8.013348245096542e-01  7.609880822270925e-01  9.851167967184278e-01  1.201915605520514e+00 -1.206070021199900e-06  1.550227002067571e+00 
 2.704196681449504e-07  0.000000000000000e+00  8.017542745976959e-01  7.613905294727247e-01  9.851311369331810e-01  1.202734562552374e+00 -9.480769821183441e-07  1.550226991696675e+00 
 2.704218137910656e-07  0.000000000000000e+00  8.022301654612349e-01  7.618460549007927e-01  9.851477177211763e-01  1.203225380253703e+00 -6.724927235695830e-07  1.550226979882404e+00 
 2.704242325155611e-07  0.000000000000000e+00  8.027424082412304e-01  7.623350065558177e-01  9.851659535589824e-01  1.203403231281443e+00 -4.091450747732012e-07  1.550226967130612e+00 
 2.704271574909231e-07  0.000000000000000e+00  8.033269274275221e-01  7.628910546638354e-01  9.851872528079069e-01  1.203339993679046e+00 -1.612489996657626e-07  1.550226952581847e+00 
 2.704305842699591e-07  0.000000000000000e+00  8.039622546062924e-01  7.634929316993753e-01  9.852109077809889e-01  1.203097712660251e+00  3.702058481037246e-08  1.550226936871866e+00 
 2.704347178162094e-07  0.000000000000000e+00  8.046569392046540e-01  7.641478758606797e-01  9.852369700771482e-01  1.202737966100652e+00  1.629014908222613e-07  1.550226920058801e+00 
 2.704391472792105e-07  0.000000000000000e+00  8.053149136975792e-01  7.647653491154810e-01  9.852607754532345e-01  1.202361238165313e+00  1.851269562660150e-07  1.550226904950769e+00 
 2.704443783325921e-07  0.000000000000000e+00  8.059800932842661e-01  7.653881877504312e-01  9.852810390382519e-01  1.201970262810199e+00  1.038801211608424e-07  1.550226891520701e+00 
 2.704501948845619e-07  0.000000000000000e+00  8.065852559996992e-01  7.659578382251382e-01  9.852895333071983e-01  1.201608410226567e+00 -6.364581165286924e-08  1.550226883011731e+00 
 2.704562218672130e-07  0.000000000000000e+00  8.070747138878721e-01  7.664292069418358e-01  9.852775148492734e-01  1.201303059730400e+00 -2.469289508250875e-07  1.550226882376490e+00 
 2.704628868722747e-07  0.000000000000000e+00  8.074697080211495e-01  7.668336664031117e-01  9.852329407938863e-01  1.201031564551109e+00 -3.794869578087161e-07  1.550226892857484e+00 
 2.704690058818747e-07  0.000000000000000e+00  8.077116803314137e-01  7.671172195791647e-01  9.851579811883935e-01  1.200831776706917e+00 -4.148303062304678e-07  1.550226914226926e+00 
 2.704757651039889e-07  0.000000000000000e+00  8.078610011050337e-01  7.673546487097281e-01  9.850321360390014e-01  1.200654835308072e+00 -3.963573680968672e-07  1.550226952759091e+00 
 2.704824385109564e-07  0.000000000000000e+00  8.079009572304726e-01  7.675289819557313e-01  9.848598726937696e-01  1.200516433769611e+00 -3.577588922631415e-07  1.550227008128156e+00 
 2.704900055886612e-07  0.000000000000000e+00  8.078330381594313e-01  7.676732247560021e-01  9.846040702238330e-01  1.200393812201627e+00 -3.129991259652638e-07  1.550227094486966e+00 
 2.704979568927115e-07  0.000000000000000e+00  8.076485519097588e-01  7.677800784560035e-01  9.842651239452452e-01  1.200295615635193e+00 -2.462867539287320e-07  1.550227215586728e+00 
 2.705071514944716e-07  0.000000000000000e+00  8.073150436185191e-01  7.678636194273836e-01  9.837757072953938e-01  1.200211493392047e+00 -7.602700377573861e-08  1.550227399444285e+00 
 2.705109775468008e-07  0.000000000000000e+00  8.071469109288321e-01  7.678881489902535e-01  9.835243117502017e-01  1.200184376311820e+00  3.046793318477355e-07  1.550227490680792e+00 
 2.705138997991622e-07  0.000000000000000e+00  8.070130301341485e-01  7.679037855424155e-01  9.832966420294823e-01  1.200166201889770e+00  8.763400499078519e-07  1.550227566606106e+00 
 2.705170926955208e-07  0.000000000000000e+00  8.068660979611439e-01  7.679184300462223e-01  9.829970028851094e-01  1.200148440292685e+00  1.568020960262140e-06  1.550227656084588e+00 
 2.705208978033959e-07  0.000000000000000e+00  8.066917458598608e-01  7.679330863988406e-01  9.825602454969231e-01  1.200129733777471e+00  1.983811644437530e-06  1.550227772020130e+00 
 2.705249852093538e-07  0.000000000000000e+00  8.064991539871862e-01  7.679458775574473e-01  9.820033165958739e-01  1.200112236454745e+00  1.520937777477714e-06  1.550227908302366e+00 
 2.705284194024085e-07  0.000000000000000e+00  8.063236376512438e-01  7.679544947230591e-01  9.814817969339985e-01  1.200099373612801e+00  4.543282817667804e-07  1.550228032556425e+00 
 2.705319285588875e-07  0.000000000000000e+00  8.061200440705973e-01  7.679614803587717e-01  9.809153938839521e-01  1.200087750355001e+00 -8.331291699759276e-07  1.550228169068383e+00 
 2.705356943414435e-07  0.000000000000000e+00  8.058609956624113e-01  7.679671061278343e-01  9.802868736340502e-01  1.200076777323817e+00 -1.990656532452860e-06  1.550228326683240e+00 
 2.705394687113387e-07  0.000000000000000e+00  8.055483835893572e-01  7.679709685959483e-01  9.796485222326118e-01  1.200067150510678e+00 -2.768829728593773e-06  1.550228496599928e+00 
 2.705438571389589e-07  0.000000000000000e+00  8.051138314374159e-01  7.679734815155050e-01  9.789029669532853e-01  1.200057453211623e+00 -3.285456384433724e-06  1.550228709736407e+00 
 2.705496342482229e-07  0.000000000000000e+00  8.044337755393665e-01  7.679740518513186e-01  9.779102416639543e-01  1.200046752607775e+00 -3.595866846008719e-06  1.550229016896261e+00 
 2.705558541156754e-07  0.000000000000000e+00  8.035821402852078e-01  7.679717824414145e-01  9.768064206250743e-01  1.200037409554054e+00 -3.659792222298437e-06  1.550229382751344e+00 
 2.705617267675383e-07  0.000000000000000e+00  8.026776248126967e-01  7.679673551440316e-01  9.757114310469500e-01  1.200030291557403e+00 -3.558359012530501e-06  1.550229762953229e+00 
 2.705682836744751e-07  0.000000000000000e+00  8.015618513684017e-01  7.679602286408420e-01  9.744109413892854e-01  1.200023908285055e+00 -3.291051495411769e-06  1.550230228985964e+00 
 2.705746449179576e-07  0.000000000000000e+00  8.003795111056127e-01  7.679514432684869e-01  9.730561067950623e-01  1.200018987540963e+00 -2.979492656744135e-06  1.550230724487350e+00 
 2.705802155163282e-07  0.000000000000000e+00  7.992721477032947e-01  7.679424612520647e-01  9.717799272390715e-01  1.200015516156004e+00 -4.361405614325799e-06  1.550231194571114e+00 
 2.705838287516381e-07  0.000000000000000e+00  7.985283835872197e-01  7.679361025365510e-01  9.708991273129884e-01  1.200013621075077e+00 -1.061547959302182e-05  1.550231517933246e+00 
 2.705869161956528e-07  0.000000000000000e+00  7.978864447341311e-01  7.679304124259925e-01  9.701067968360735e-01  1.200012191323007e+00 -2.075688021431705e-05  1.550231805972299e+00 
 2.705901345645314e-07  0.000000000000000e+00  7.972192634237811e-01  7.679242869619701e-01  9.692354515805125e-01  1.200010860920085e+00 -3.320542210774168e-05  1.550232117922995e+00 
 2.705935819911056e-07  0.000000000000000e+00  7.965126362401911e-01  7.679175435958492e-01  9.682502211688888e-01  1.200009593284211e+00 -4.660895429754904e-05  1.550232465505390e+00 
 2.705965465555677e-07  0.000000000000000e+00  7.959112047547287e-01  7.679115948775791e-01  9.673695408251185e-01  1.200008618331353e+00 -5.772634577242471e-05  1.550232775638272e+00 
 2.705995243880268e-07  0.000000000000000e+00  7.953089230578991e-01  7.679054625414309e-01  9.664698836927121e-01  1.200007734053274e+00 -6.819416170234828e-05  1.550233097732107e+00 
 2.706027520212048e-07  0.000000000000000e+00  7.946531833367894e-01  7.678986181383022e-01  9.654959014998724e-01  1.200006872790883e+00 -7.816561533139895e-05  1.550233458935396e+00 
 2.706063796567527e-07  0.000000000000000e+00  7.939084051990113e-01  7.678906708118083e-01  9.644191003182401e-01  1.200006014423928e+00 -8.710541725967741e-05  1.550233880063914e+00 
 2.706104990888375e-07  0.000000000000000e+00  7.930512268560019e-01  7.678813316225035e-01  9.632299378761076e-01  1.200005165424627e+00 -9.414901178426884e-05  1.550234377933718e+00 
 2.706145821428894e-07  0.000000000000000e+00  7.921912172593764e-01  7.678717739031878e-01  9.620886368140579e-01  1.200004439869750e+00 -9.842791031029361e-05  1.550234892213583e+00 
 2.706189322979818e-07  0.000000000000000e+00  7.912669700518836e-01  7.678613003958242e-01  9.609100447008727e-01  1.200003775670565e+00 -1.017691433054112e-04  1.550235463123877e+00 
 2.706236567725315e-07  0.000000000000000e+00  7.902567411783445e-01  7.678496228688406e-01  9.596675342388498e-01  1.200003161422054e+00 -1.065804425450568e-04  1.550236110230736e+00 
 2.706285115665824e-07  0.000000000000000e+00  7.892113187397922e-01  7.678373142924724e-01  9.584257325217618e-01  1.200002627700711e+00 -1.151258532060377e-04  1.550236804738727e+00 
 2.706340428225751e-07  0.000000000000000e+00  7.880039713816288e-01  7.678229018685493e-01  9.570469080370548e-01  1.200002119327591e+00 -1.303555378207679e-04  1.550237632713896e+00 
 2.706386512369364e-07  0.000000000000000e+00  7.869751895816841e-01  7.678105532343966e-01  9.559069873674996e-01  1.200001764821787e+00 -1.438219368669028e-04  1.550238352488219e+00 
 2.706425377410007e-07  0.000000000000000e+00  7.860775876426264e-01  7.677998492848511e-01  9.549379343337319e-01  1.200001506718088e+00 -1.513729659679726e-04  1.550238980700032e+00 
 2.706451638293568e-07  0.000000000000000e+00  7.854431486480328e-01  7.677924154300486e-01  9.542896336105277e-01  1.200001349467646e+00 -1.539631165398143e-04  1.550239416162274e+00 
 2.706478110240842e-07  0.000000000000000e+00  7.847757709085950e-01  7.677847436179113e-01  9.536499416093125e-01  1.200001205445411e+00 -1.544121198710181e-04  1.550239864087670e+00 
 2.706510301837427e-07  0.000000000000000e+00  7.839329227715944e-01  7.677752220522246e-01  9.528947891529276e-01  1.200001052616340e+00 -1.514017647065427e-04  1.550240420907204e+00 
 2.706540030488940e-07  0.000000000000000e+00  7.831394405313781e-01  7.677663288983960e-01  9.522190536025733e-01  1.200000933235393e+00 -1.441041852153174e-04  1.550240946914040e+00 
 2.706572793651810e-07  0.000000000000000e+00  7.822707414986741e-01  7.677565321245035e-01  9.514969515700830e-01  1.200000821402031e+00 -1.286506715293062e-04  1.550241539692341e+00 
 2.706604309698563e-07  0.000000000000000e+00  7.814602244779164e-01  7.677472005365563e-01  9.508251736174000e-01  1.200000727237565e+00 -1.024372751086094e-04  1.550242122810081e+00 
 2.706643230130042e-07  0.000000000000000e+00  7.805146689659619e-01  7.677358803746651e-01  9.500316403206983e-01  1.200000620878655e+00 -4.468284975625830e-05  1.550242860309825e+00 
 2.706681277985588e-07  0.000000000000000e+00  7.796629827910376e-01  7.677250625625558e-01  9.493013351340819e-01  1.200000523669327e+00  5.475694766843070e-05  1.550243599749705e+00 
 2.706727027876038e-07  0.000000000000000e+00  7.787426628805375e-01  7.677123666874063e-01  9.484916933151520e-01  1.200000414566755e+00  2.581584728024691e-04  1.550244512881269e+00 
 2.706779625181595e-07  0.000000000000000e+00  7.778230035937195e-01  7.676981137485160e-01  9.476572111092826e-01  1.200000301545543e+00  6.165754518589425e-04  1.550245594758434e+00 
 2.706837142088654e-07  0.000000000000000e+00  7.769706115473959e-01  7.676828042835934e-01  9.468526284505734e-01  1.200000195345500e+00  1.113871621042693e-03  1.550246816599595e+00 
 2.706891034064250e-07  0.000000000000000e+00  7.762940204921115e-01  7.676685777819828e-01  9.461823010784443e-01  1.200000112862955e+00  1.635766019903914e-03  1.550247997647447e+00 
 2.706947691536915e-07  0.000000000000000e+00  7.756834457266134e-01  7.676536124013562e-01  9.455456680195753e-01  1.200000043551102e+00  2.205878994807664e-03  1.550249276381147e+00 
 2.707002773041176e-07  0.000000000000000e+00  7.751696607189694e-01  7.676389822977905e-01  9.449857325471956e-01  1.199999991980024e+00  2.745305539684425e-03  1.550250555238130e+00 
 2.707063297490703e-07  0.000000000000000e+00  7.746816561992816e-01  7.676227867168134e-01  9.444385417533065e-01  1.199999950055565e+00  3.286589135536036e-03  1.550252000028681e+00 
 2.707128488847082e-07  0.000000000000000e+00  7.742362890941820e-01  7.676052108947008e-01  9.439333740389857e-01  1.199999917138609e+00  3.790722343245136e-03  1.550253601200842e+00 
 2.707200090541791e-07  0.000000000000000e+00  7.738342445906037e-01  7.675857727117346e-01  9.434790855869759e-01  1.199999890091902e+00  4.257743344295469e-03  1.550255411635676e+00 
 2.707271056302607e-07  0.000000000000000e+00  7.735160153258424e-01  7.675663828892133e-01  9.431246760167555e-01  1.199999869124592e+00  4.707108385068481e-03  1.550257257319829e+00 
 2.707343356597502e-07  0.000000000000000e+00  7.732620554904017e-01  7.675465037841310e-01  9.428475930938188e-01  1.199999851909191e+00  5.282182036626244e-03  1.550259187728980e+00 
 2.707410709857247e-07  0.000000000000000e+00  7.730787458031368e-01  7.675278697894773e-01  9.426524777197388e-01  1.199999839012910e+00  5.760042349544941e-03  1.550261029121494e+00 
 2.707498095582776e-07  0.000000000000000e+00  7.729009437952630e-01  7.675035274004086e-01  9.424695116516640e-01  1.199999826122890e+00  5.975959522048283e-03  1.550263475759826e+00 
 2.707582876211705e-07  0.000000000000000e+00  7.727785621173200e-01  7.674797342967414e-01  9.423502136568815e-01  1.199999816942222e+00  5.733302464578130e-03  1.550265906922097e+00 
 2.707664967750647e-07  0.000000000000000e+00  7.726945899628667e-01  7.674565360624835e-01  9.422743969170302e-01  1.199999810381537e+00  5.148097940868064e-03  1.550268310100490e+00 
 2.707752805594434e-07  0.000000000000000e+00  7.726303339193780e-01  7.674315498039368e-01  9.422219659660755e-01  1.199999805182782e+00  4.249375080974933e-03  1.550270929268349e+00 
 2.707846801636925e-07  0.000000000000000e+00  7.725805196705786e-01  7.674046424056736e-01  9.421863861006269e-01  1.199999801150967e+00  3.192818525506829e-03  1.550273779740429e+00 
 2.707954943273970e-07  0.000000000000000e+00  7.725385763282523e-01  7.673735043268715e-01  9.421620056856312e-01  1.199999797871358e+00  2.122900528664350e-03  1.550277109964376e+00 
 2.708060389907827e-07  0.000000000000000e+00  7.725088597264065e-01  7.673429936272609e-01  9.421510321992900e-01  1.199999795560897e+00  1.343062239008365e-03  1.550280398947986e+00 
 2.708164724260458e-07  0.000000000000000e+00  7.724880083140924e-01  7.673126942701702e-01  9.421509267942515e-01  1.199999793771820e+00  8.222035675436393e-04  1.550283683105846e+00 
 2.708271911035741e-07  0.000000000000000e+00  7.724740273587000e-01  7.672814792256279e-01  9.421608272075608e-01  1.199999792253869e+00  4.858311032512688e-04  1.550287076705215e+00 
 2.708384139003291e-07  0.000000000000000e+00  7.724661407149469e-01  7.672487216355350e-01  9.421805344777970e-01  1.199999790955762e+00  2.769817411833455e-04  1.550290638922824e+00 
 2.708508590787837e-07  0.000000000000000e+00  7.724637510575940e-01  7.672123240998752e-01  9.422112153860908e-01  1.199999789858762e+00  1.479230532026072e-04  1.550294584575230e+00 
 2.708649608189916e-07  0.000000000000000e+00  7.724668663474735e-01  7.671710068345389e-01  9.422540284107258e-01  1.199999789007753e+00  7.328079103298223e-05  1.550299029320756e+00 
 2.708816959726796e-07  0.000000000000000e+00  7.724756982613373e-01  7.671218919784183e-01  9.423119345421275e-01  1.199999788399987e+00  3.352009207841726e-05  1.550304238129916e+00 
 2.709020266144147e-07  0.000000000000000e+00  7.724905376602809e-01  7.670621384563842e-01  9.423880975780957e-01  1.199999788013931e+00  1.607472440043529e-05  1.550310423133204e+00 
 2.709279753841234e-07  0.000000000000000e+00  7.725122833285920e-01  7.669857928809863e-01  9.424896873005970e-01  1.199999787788449e+00  1.098854770247697e-05  1.550318010583378e+00 
 2.709626644127546e-07  0.000000000000000e+00  7.725425152011081e-01  7.668837015014466e-01  9.426283711525405e-01  1.199999787666730e+00  1.141397997434958e-05  1.550327475203619e+00 
 2.709977672771756e-07  0.000000000000000e+00  7.725726468399783e-01  7.667804674337768e-01  9.427697453287711e-01  1.199999787624762e+00  1.282650083369139e-05  1.550336132786873e+00 
 2.710381741236542e-07  0.000000000000000e+00  7.726058403721380e-01  7.666618585482230e-01  9.429325164506479e-01  1.199999787610005e+00  1.361730366912247e-05  1.550344826660432e+00 
 2.710796421754625e-07  0.000000000000000e+00  7.726379968000321e-01  7.665404992648376e-01  9.430991016592061e-01  1.199999787606993e+00  1.373279725630287e-05  1.550352262675917e+00 
 2.711275504873536e-07  0.000000000000000e+00  7.726727276045195e-01  7.664008799276364e-01  9.432906358415816e-01  1.199999787606600e+00  1.354486314976215e-05  1.550358969989300e+00 
 2.711795338076874e-07  0.000000000000000e+00  7.727075955868468e-01  7.662502221308279e-01  9.434970568425786e-01  1.199999787605831e+00  1.326942092205135e-05  1.550364049201367e+00 
 2.712413796743288e-07  0.000000000000000e+00  7.727455259942270e-01  7.660722599372406e-01  9.437404411397858e-01  1.199999787604147e+00  1.296492089059496e-05  1.550367355429761e+00 
 2.713124503606266e-07  0.000000000000000e+00  7.727848119547294e-01  7.658696215710842e-01  9.440169536556415e-01  1.199999787602078e+00  1.265191455808483e-05  1.550367945866103e+00 
 2.714007359973629e-07  0.000000000000000e+00  7.728280646366361e-01  7.656208600133345e-01  9.443556291593205e-01  1.199999787600086e+00  1.229487521013014e-05  1.550364786973810e+00 
 2.715098788942414e-07  0.000000000000000e+00  7.728744766369645e-01  7.653180487198853e-01  9.447671307386232e-01  1.199999787598552e+00  1.188384038163142e-05  1.550356449644494e+00 
 2.716568711981335e-07  0.000000000000000e+00  7.729273236110961e-01  7.649186409222933e-01  9.453095300254452e-01  1.199999787597751e+00  1.137206650788413e-05  1.550340348677712e+00 
 2.718568711981335e-07  0.000000000000000e+00  7.729861710472612e-01  7.643906689499406e-01  9.460276116212032e-01  1.199999787597219e+00  1.074202716113461e-05  1.550314400663549e+00 
 2.720568711981335e-07  0.000000000000000e+00  7.730341184925001e-01  7.638801439594246e-01  9.467247214915470e-01  1.199999787596854e+00  1.017785113051980e-05  1.550287725409496e+00 
 2.722568711981335e-07  0.000000000000000e+00  7.730743761798642e-01  7.633864491922888e-01  9.474026893968978e-01  1.199999787596481e+00  9.669893358621672e-06  1.550262862906537e+00 
 2.724568711981335e-07  0.000000000000000e+00  7.731091970049404e-01  7.629088587439888e-01  9.480630659346152e-01  1.199999787596376e+00  9.210202364115389e-06  1.550241055945857e+00 
 2.726568711981335e-07  0.000000000000000e+00  7.731401064089326e-01  7.624466169698938e-01  9.487071431017005e-01  1.199999787596517e+00  8.792244351122937e-06  1.550222653339734e+00 
 2.728568711981336e-07  0.000000000000000e+00  7.731681280223405e-01  7.619989798240059e-01  9.493360047301546e-01  1.199999787596536e+00  8.410598097898823e-06  1.550207490868783e+00 
 2.730568711981336e-07  0.000000000000000e+00  7.731939525946938e-01  7.615652349020339e-01  9.499505727883675e-01  1.199999787596476e+00  8.060733650352647e-06  1.550195163678747e+00 
 2.732568711981336e-07  0.000000000000000e+00  7.732180531596585e-01  7.611447104103594e-01  9.505516433405303e-01  1.199999787596504e+00  7.738841538443032e-06  1.550185193880440e+00 
 2.734568711981336e-07  0.000000000000000e+00  7.732407604847306e-01  7.607367782919493e-01  9.511399134620980e-01  1.199999787596387e+00  7.441697195352976e-06  1.550177121228021e+00 
 2.736568711981336e-07  0.000000000000000e+00  7.732623116791277e-01  7.603408541965799e-01  9.517160013756122e-01  1.199999787596389e+00  7.166553494877899e-06  1.550170544484144e+00 
 2.738568711981336e-07  0.000000000000000e+00  7.732828813553393e-01  7.599563957418767e-01  9.522804615914202e-01  1.199999787596311e+00  6.911055481715253e-06  1.550165134144213e+00 
 2.740568711981336e-07  0.000000000000000e+00  7.733026016556763e-01  7.595828998907784e-01  9.528337963083655e-01  1.199999787596385e+00  6.673172806525889e-06  1.550160630141620e+00 
 2.742568711981337e-07  0.000000000000000e+00  7.733215752280892e-01  7.592198999342258e-01  9.533764639872724e-01  1.199999787596432e+00  6.451145581556398e-06  1.550156832797289e+00 
 2.744568711981337e-07  0.000000000000000e+00  7.733398837436741e-01  7.588669623723507e-01  9.539088857915862e-01  1.199999787596389e+00  6.243440769490141e-06  1.550153591677194e+00 
 2.746568711981337e-07  0.000000000000000e+00  7.733575935839188e-01  7.585236838726531e-01  9.544314504450443e-01  1.199999787596368e+00  6.048716806925560e-06  1.550150794771243e+00 
 2.748568711981337e-07  0.000000000000000e+00  7.733747597148953e-01  7.581896884042757e-01  9.549445179293500e-01  1.199999787596379e+00  5.865794552418108e-06  1.550148359077237e+00 
 2.750568711981337e-07  0.000000000000000e+00  7.733914283842604e-01  7.578646246041721e-01  9.554484223491844e-01  1.199999787596340e+00  5.693633485217079e-06  1.550146222930539e+00 
 2.752568711981337e-07  0.000000000000000e+00  7.734076390410083e-01  7.575481633876440e-01  9.559434742111116e-01  1.199999787596397e+00  5.531311855608261e-06  1.550144340036003e+00 
 2.754568711981337e-07  0.000000000000000e+00  7.734234257319161e-01  7.572399958073559e-01  9.564299623049389e-01  1.199999787596368e+00  5.378010272216533e-06  1.550142674985077e+00 
 2.756568711981338e-07  0.000000000000000e+00  7.734388181383721e-01  7.569398311460670e-01  9.569081553043615e-01  1.199999787596320e+00  5.232997824811614e-06  1.550141199985261e+00 
 2.758568711981338e-07  0.000000000000000e+00  7.734538423612569e-01  7.566473952226717e-01  9.573783031883022e-01  1.199999787596415e+00  5.095620470749726e-06  1.550139892533907e+00 
 2.760568711981338e-07  0.000000000000000e+00  7.734685215252732e-01  7.563624288915723e-01  9.578406385346395e-01  1.199999787596451e+00  4.965291202725068e-06  1.550138733801832e+00 
 2.762568711981338e-07  0.000000000000000e+00  7.734828762521457e-01  7.560846867116282e-01  9.582953777276751e-01  1.199999787596412e+00  4.841481669230740e-06  1.550137707534586e+00 
 2.764568711981338e-07  0.000000000000000e+00  7.734969250363255e-01  7.558139357632865e-01  9.587427220982345e-01  1.199999787596504e+00  4.723715005430591e-06  1.550136799321208e+00 
 2.766568711981338e-07  0.000000000000000e+00  7.735106845474953e-01  7.555499545981720e-01  9.591828590136724e-01  1.199999787596509e+00  4.611559743908956e-06  1.550135996117597e+00 
 2.768568711981339e-07  0.000000000000000e+00  7.735241698769786e-01  7.552925322996655e-01  9.596159629180319e-01  1.199999787596457e+00  4.504624519587828e-06  1.550135285941779e+00 
 2.770568711981339e-07  0.000000000000000e+00  7.735373947409618e-01  7.550414676431927e-01  9.600421963251570e-01  1.199999787596475e+00  4.402553511844092e-06  1.550134657682586e+00 
 2.772568711981339e-07  0.000000000000000e+00  7.735503716496815e-01  7.547965683422223e-01  9.604617107681028e-01  1.199999787596502e+00  4.305022529824211e-06  1.550134100981099e+00 
 2.774568711981339e-07  0.000000000000000e+00  7.735631120496940e-01  7.545576503703747e-01  9.608746476969148e-01  1.199999787596439e+00  4.211735530987578e-06  1.550133606157408e+00 
 2.776568711981339e-07  0.000000000000000e+00  7.735756264445856e-01  7.543245373498166e-01  9.612811393301592e-01  1.199999787596476e+00  4.122421671996790e-06  1.550133164164780e+00 
 2.778568711981339e-07  0.000000000000000e+00  7.735879244981035e-01  7.540970599986104e-01  9.616813094541908e-01  1.199999787596459e+00  4.036832643133898e-06  1.550132766559606e+00 
 2.780568711981339e-07  0.000000000000000e+00  7.736000151230603e-01  7.538750556305356e-01  9.620752741729739e-01  1.199999787596449e+00  3.954740428311798e-06  1.550132405480096e+00 
 2.782568711981340e-07  0.000000000000000e+00  7.736119065583149e-01  7.536583677026012e-01  9.624631426067062e-01  1.199999787596488e+00  3.875935212310805e-06  1.550132073629280e+00 
 2.784568711981340e-07  0.000000000000000e+00  7.736236064359113e-01  7.534468454037149e-01  9.628450175421958e-01  1.199999787596501e+00  3.800223638919793e-06  1.550131764259927e+00 
 2.786568711981340e-07  0.000000000000000e+00  7.736351218399682e-01  7.532403432827856e-01  9.632209960344206e-01  1.199999787596337e+00  3.727427228206731e-06  1.550131471160047e+00 
 2.788568711981340e-07  0.000000000000000e+00  7.736464593584464e-01  7.530387209088616e-01  9.635911699614671e-01  1.199999787596448e+00  3.657380954764712e-06  1.550131188638137e+00 
 2.790568711981340e-07  0.000000000000000e+00  7.736576251289932e-01  7.528418425654068e-01  9.639556265358897e-01  1.199999787596493e+00  3.589932001112774e-06  1.550130911507890e+00 
 2.792568711981340e-07  0.000000000000000e+00  7.736686248796459e-01  7.526495769695075e-01  9.643144487745239e-01  1.199999787596417e+00  3.524938696157207e-06  1.550130635072208e+00 
 2.794568711981341e-07  0.000000000000000e+00  7.736794639650940e-01  7.524617970190638e-01  9.646677159271581e-01  1.199999787596461e+00  3.462269446776607e-06  1.550130355106457e+00 
 2.796568711981341e-07  0.000000000000000e+00  7.736901473990988e-01  7.522783795620909e-01  9.650155038695902e-01  1.199999787596485e+00  3.401801905906473e-06  1.550130067840968e+00 
 2.798568711981341e-07  0.000000000000000e+00  7.737006798835450e-01  7.520992051869282e-01  9.653578854621654e-01  1.199999787596423e+00  3.343422175833606e-06  1.550129769942779e+00 
 2.800568711981341e-07  0.000000000000000e+00  7.737110658346145e-01  7.519241580308975e-01  9.656949308752104e-01  1.199999787596466e+00  3.287024051781613e-06  1.550129458496571e+00 
 2.802568711981341e-07  0.000000000000000e+00  7.737213094063136e-01  7.517531256067769e-01  9.660267078847539e-01  1.199999787596524e+00  3.232508437017871e-06  1.550129130984963e+00 
 2.804568711981341e-07  0.000000000000000e+00  7.737314145118155e-01  7.515859986456221e-01  9.663532821400755e-01  1.199999787596384e+00  3.179782702321413e-06  1.550128785268184e+00 
 2.806568711981341e-07  0.000000000000000e+00  7.737413848427136e-01  7.514226709511891e-01  9.666747174066885e-01  1.199999787596424e+00  3.128760219569599e-06  1.550128419563046e+00 
 2.808568711981342e-07  0.000000000000000e+00  7.737512238865056e-01  7.512630392684473e-01  9.669910757844080e-01  1.199999787596399e+00  3.079359846658377e-06  1.550128032421477e+00 
 2.810568711981342e-07  0.000000000000000e+00  7.737609349425429e-01  7.511070031633599e-01  9.673024179052462e-01  1.199999787596549e+00  3.031505504782455e-06  1.550127622708561e+00 
 2.812568711981342e-07  0.000000000000000e+00  7.737705211365464e-01  7.509544649128929e-01  9.676088031085879e-01  1.199999787596420e+00  2.985125823556027e-06  1.550127189580308e+00 
 2.814568711981342e-07  0.000000000000000e+00  7.737799854337006e-01  7.508053294037691e-01  9.679102896010977e-01  1.199999787596508e+00  2.940153733788639e-06  1.550126732461152e+00 
 2.816568711981342e-07  0.000000000000000e+00  7.737893306508256e-01  7.506595040390662e-01  9.682069345967719e-01  1.199999787596446e+00  2.896526160826853e-06  1.550126251021416e+00 
 2.818568711981342e-07  0.000000000000000e+00  7.737985594673670e-01  7.505168986529214e-01  9.684987944429425e-01  1.199999787596520e+00  2.854183784676025e-06  1.550125745154747e+00 
 2.820568711981342e-07  0.000000000000000e+00  7.738076744354472e-01  7.503774254307622e-01  9.687859247334346e-01  1.199999787596426e+00  2.813070677403430e-06  1.550125214955776e+00 
 2.822568711981343e-07  0.000000000000000e+00  7.738166779891510e-01  7.502409988368043e-01  9.690683804046875e-01  1.199999787596463e+00  2.773134133334734e-06  1.550124660698051e+00 
 2.824568711981343e-07  0.000000000000000e+00  7.738255724529658e-01  7.501075355458257e-01  9.693462158240814e-01  1.199999787596505e+00  2.734324401989292e-06  1.550124082812356e+00 
 2.826568711981343e-07  0.000000000000000e+00  7.738343600495088e-01  7.499769543787976e-01  9.696194848655211e-01  1.199999787596551e+00  2.696594514318806e-06  1.550123481865612e+00 
 2.828568711981343e-07  0.000000000000000e+00  7.738430429067040e-01  7.498491762439997e-01  9.698882409740932e-01  1.199999787596313e+00  2.659900045689011e-06  1.550122858540439e+00 
 2.830568711981343e-07  0.000000000000000e+00  7.738516230642565e-01  7.497241240814896e-01  9.701525372256461e-01  1.199999787596423e+00  2.624199024587082e-06  1.550122213615441e+00 
 2.832568711981343e-07  0.000000000000000e+00  7.738601024796848e-01  7.496017228106761e-01  9.704124263731966e-01  1.199999787596519e+00  2.589451650574551e-06  1.550121547946371e+00 
 2.834568711981344e-07  0.000000000000000e+00  7.738684830337810e-01  7.494818992795965e-01  9.706679608899789e-01  1.199999787596351e+00  2.555620281689586e-06  1.550120862448224e+00 
 2.836568711981344e-07  0.000000000000000e+00  7.738767665356745e-01  7.493645822194895e-01  9.709191930024818e-01  1.199999787596467e+00  2.522669174984580e-06  1.550120158078324e+00 
 2.838568711981344e-07  0.000000000000000e+00  7.738849547274445e-01  7.492497021978382e-01  9.711661747203911e-01  1.199999787596430e+00  2.490564480436203e-06  1.550119435820487e+00 
 2.840568711981344e-07  0.000000000000000e+00  7.738930492883886e-01  7.491371915778825e-01  9.714089578601260e-01  1.199999787596379e+00  2.459274010641875e-06  1.550118696670286e+00 
 2.842568711981344e-07  0.000000000000000e+00  7.739010518389071e-01  7.490269844762643e-01  9.716475940617957e-01  1.199999787596474e+00  2.428767215984311e-06  1.550117941621446e+00 
 2.844568711981344e-07  0.000000000000000e+00  7.739089639440750e-01  7.489190167234474e-01  9.718821348046729e-01  1.199999787596522e+00  2.399015044051770e-06  1.550117171653450e+00 
 2.846568711981344e-07  0.000000000000000e+00  7.739167871169216e-01  7.488132258264445e-01  9.721126314162738e-01  1.199999787596485e+00  2.369989869165139e-06  1.550116387720306e+00 
 2.848568711981345e-07  0.000000000000000e+00  7.739245228214441e-01  7.487095509310349e-01  9.723391350796783e-01  1.199999787596426e+00  2.341665388952160e-06  1.550115590740498e+00 
 2.850568711981345e-07  0.000000000000000e+00  7.739321724753663e-01  7.486079327869510e-01  9.725616968361590e-01  1.199999787596413e+00  2.314016566765937e-06  1.550114781588122e+00 
 2.852568711981345e-07  0.000000000000000e+00  7.739397374526263e-01  7.485083137129562e-01  9.727803675872051e-01  1.199999787596386e+00  2.287019512558905e-06  1.550113961085223e+00 
 2.854568711981345e-07  0.000000000000000e+00  7.739472190857397e-01  7.484106375621766e-01  9.729951980910188e-01  1.199999787596368e+00  2.260651499785747e-06  1.550113129995268e+00 
 2.856568711981345e-07  0.000000000000000e+00  7.739546186679450e-01  7.483148496903539e-01  9.732062389619754e-01  1.199999787596530e+00  2.234890801373439e-06  1.550112289017692e+00 
 2.858568711981345e-07  0.000000000000000e+00  7.739619374550823e-01  7.482208969226261e-01  9.734135406623926e-01  1.199999787596467e+00  2.209716696526906e-06  1.550111438783600e+00 
 2.860568711981345e-07  0.000000000000000e+00  7.739691766674253e-01  7.481287275226476e-01  9.736171534975663e-01  1.199999787596451e+00  2.185109393853220e-06  1.550110579852496e+00 
 2.862568711981346e-07  0.000000000000000e+00  7.739763374913038e-01  7.480382911605823e-01  9.738171276055215e-01  1.199999787596445e+00  2.161049983280273e-06  1.550109712710013e+00 
 2.864568711981346e-07  0.000000000000000e+00  7.739834210806670e-01  7.479495388837444e-01  9.740135129498146e-01  1.199999787596427e+00  2.137520394232891e-06  1.550108837766609e+00 
 2.866568711981346e-07  0.000000000000000e+00  7.739904285583991e-01  7.478624230853879e-01  9.742063593078513e-01  1.199999787596475e+00  2.114503312121335e-06  1.550107955357163e+00 
 2.868568711981346e-07  0.000000000000000e+00  7.739973610176755e-01  7.477768974762362e-01  9.743957162602385e-01  1.199999787596454e+00  2.091982209268274e-06  1.550107065741395e+00 
 2.870568711981346e-07  0.000000000000000e+00  7.740042195230560e-01  7.476929170547523e-01  9.745816331804197e-01  1.199999787596513e+00  2.069941237860416e-06  1.550106169105153e+00 
 2.872568711981346e-07  0.000000000000000e+00  7.740110051116583e-01  7.476104380788853e-01  9.747641592208436e-01  1.199999787596383e+00  2.048365208962689e-06  1.550105265562351e+00 
 2.874568711981347e-07  0.000000000000000e+00  7.740177187941454e-01  7.475294180380845e-01  9.749433433023792e-01  1.199999787596494e+00  2.027239584972591e-06  1.550104355157603e+00 
 2.876568711981347e-07  0.000000000000000e+00  7.740243615556501e-01  7.474498156249809e-01  9.751192341009057e-01  1.199999787596473e+00  2.006550427965525e-06  1.550103437869534e+00 
 2.878568711981347e-07  0.000000000000000e+00  7.740309343566623e-01  7.473715907079748e-01  9.752918800354156e-01  1.199999787596420e+00  1.986284357237738e-06  1.550102513614593e+00 
 2.880568711981347e-07  0.000000000000000e+00  7.740374381338673e-01  7.472947043053121e-01  9.754613292554851e-01  1.199999787596328e+00  1.966428535550565e-06  1.550101582251330e+00 
 2.882568711981347e-07  0.000000000000000e+00  7.740438738009290e-01  7.472191185565690e-01  9.756276296284169e-01  1.199999787596482e+00  1.946970640508538e-06  1.550100643585159e+00 
 2.884568711981347e-07  0.000000000000000e+00  7.740502422491877e-01  7.471447966972425e-01  9.757908287274636e-01  1.199999787596440e+00  1.927898861514427e-06  1.550099697373482e+00 
 2.886568711981347e-07  0.000000000000000e+00  7.740565443483599e-01  7.470717030332098e-01  9.759509738198633e-01  1.199999787596380e+00  1.909201804799731e-06  1.550098743331116e+00 
 2.888568711981348e-07  0.000000000000000e+00  7.740627809471936e-01  7.469998029152316e-01  9.761081118550587e-01  1.199999787596460e+00  1.890868542662233e-06  1.550097781135983e+00 
 2.890568711981348e-07  0.000000000000000e+00  7.740689528741358e-01  7.469290627127773e-01  9.762622894531169e-01  1.199999787596489e+00  1.872888592344541e-06  1.550096810435003e+00 
 2.892568711981348e-07  0.000000000000000e+00  7.740750609379111e-01  7.468594497900074e-01  9.764135528937564e-01  1.199999787596425e+00  1.855251838880789e-06  1.550095830850126e+00 
 2.894568711981348e-07  0.000000000000000e+00  7.740811059280596e-01  7.467909324813725e-01  9.765619481061492e-01  1.199999787596333e+00  1.837948552139158e-06  1.550094841984517e+00 
 2.896568711981348e-07  0.000000000000000e+00  7.740870886155781e-01  7.467234800667738e-01  9.767075206578046e-01  1.199999787596285e+00  1.820969368791986e-06  1.550093843428665e+00 
 2.898568711981348e-07  0.000000000000000e+00  7.740930097534321e-01  7.466570627481626e-01  9.768503157458490e-01  1.199999787596400e+00  1.804305285140384e-06  1.550092834766598e+00 
 2.900568711981348e-07  0.000000000000000e+00  7.740988700771371e-01  7.465916516268724e-01  9.769903781865726e-01  1.199999787596495e+00  1.787947621719813e-06  1.550091815582048e+00 
 2.902568711981349e-07  0.000000000000000e+00  7.741046703052230e-01  7.465272186800477e-01  9.771277524075872e-01  1.199999787596425e+00  1.771888002822427e-06  1.550090785464463e+00 
 2.904568711981349e-07  0.000000000000000e+00  7.741104111398278e-01  7.464637367380924e-01  9.772624824385499e-01  1.199999787596408e+00  1.756118364837226e-06  1.550089744014976e+00 
 2.906568711981349e-07  0.000000000000000e+00  7.741160932671470e-01  7.464011794623182e-01  9.773946119037431e-01  1.199999787596490e+00  1.740630935690792e-06  1.550088690852126e+00 
 2.908568711981349e-07  0.000000000000000e+00  7.741217173579396e-01  7.463395213235307e-01  9.775241840147253e-01  1.199999787596404e+00  1.725418213839634e-06  1.550087625617420e+00 
 2.910568711981349e-07  0.000000000000000e+00  7.741272840681547e-01  7.462787375800664e-01  9.776512415629593e-01  1.199999787596470e+00  1.710472957661128e-06  1.550086547980714e+00 
 2.912568711981349e-07  0.000000000000000e+00  7.741327940392878e-01  7.462188042574830e-01  9.777758269136959e-01  1.199999787596466e+00  1.695788188563624e-06  1.550085457645250e+00 
 2.914568711981350e-07  0.000000000000000e+00  7.741382478989736e-01  7.461596981276684e-01  9.778979819992845e-01  1.199999787596453e+00  1.681357151895468e-06  1.550084354352459e+00 
 2.916568711981350e-07  0.000000000000000e+00  7.741436462614311e-01  7.461013966881495e-01  9.780177483150040e-01  1.199999787596450e+00  1.667173341304506e-06  1.550083237886472e+00 
 2.918568711981350e-07  0.000000000000000e+00  7.741489897280001e-01  7.460438781430128e-01  9.781351669126983e-01  1.199999787596459e+00  1.653230465956344e-06  1.550082108078280e+00 
 2.920568711981350e-07  0.000000000000000e+00  7.741542788876012e-01  7.459871213826756e-01  9.782502783963775e-01  1.199999787596546e+00  1.639522422486653e-06  1.550080964809599e+00 
 2.922568711981350e-07  0.000000000000000e+00  7.741595143172897e-01  7.459311059650781e-01  9.783631229183134e-01  1.199999787596470e+00  1.626043378109623e-06  1.550079808016275e+00 
 2.924568711981350e-07  0.000000000000000e+00  7.741646965826673e-01  7.458758120971786e-01  9.784737401748406e-01  1.199999787596442e+00  1.612787601478976e-06  1.550078637691434e+00 
 2.926568711981350e-07  0.000000000000000e+00  7.741698262384192e-01  7.458212206170677e-01  9.785821694035571e-01  1.199999787596417e+00  1.599749612676584e-06  1.550077453888223e+00 
 2.928568711981351e-07  0.000000000000000e+00  7.741749038288335e-01  7.457673129747298e-01  9.786884493797020e-01  1.199999787596473e+00  1.586924109955604e-06  1.550076256722176e+00 
 2.930568711981351e-07  0.000000000000000e+00  7.741799298882074e-01  7.457140712161382e-01  9.787926184136694e-01  1.199999787596455e+00  1.574305917325640e-06  1.550075046373143e+00 
 2.932568711981351e-07  0.000000000000000e+00  7.741849049413955e-01  7.456614779646256e-01  9.788947143492073e-01  1.199999787596411e+00  1.561890074886862e-06  1.550073823086902e+00 
 2.934568711981351e-07  0.000000000000000e+00  7.741898295042472e-01  7.456095164057414e-01  9.789947745613924e-01  1.199999787596457e+00  1.549671747041027e-06  1.550072587176317e+00 
 2.936568711981351e-07  0.000000000000000e+00  7.741947040841053e-01  7.455581702691333e-01  9.790928359549250e-01  1.199999787596527e+00  1.537646264290831e-06  1.550071339022225e+00 
 2.938568711981351e-07  0.000000000000000e+00  7.741995291802446e-01  7.455074238145749e-01  9.791889349624953e-01  1.199999787596461e+00  1.525809106354677e-06  1.550070079073830e+00 
 2.940568711981351e-07  0.000000000000000e+00  7.742043052843558e-01  7.454572618146367e-01  9.792831075446259e-01  1.199999787596522e+00  1.514155883681532e-06  1.550068807848778e+00 
 2.942568711981352e-07  0.000000000000000e+00  7.742090328809677e-01  7.454076695397726e-01  9.793753891894559e-01  1.199999787596536e+00  1.502682341176649e-06  1.550067525932835e+00 
 2.944568711981352e-07  0.000000000000000e+00  7.742137124479258e-01  7.453586327443248e-01  9.794658149101906e-01  1.199999787596449e+00  1.491384369555853e-06  1.550066233979284e+00 
 2.946568711981352e-07  0.000000000000000e+00  7.742183444568345e-01  7.453101376515424e-01  9.795544192476491e-01  1.199999787596516e+00  1.480257968202050e-06  1.550064932707946e+00 
 2.948568711981352e-07  0.000000000000000e+00  7.742229293734670e-01  7.452621709386520e-01  9.796412362685467e-01  1.199999787596409e+00  1.469299259983263e-06  1.550063622903838e+00 
 2.950568711981352e-07  0.000000000000000e+00  7.742274676581443e-01  7.452147197246740e-01  9.797262995677526e-01  1.199999787596435e+00  1.458504480706858e-06  1.550062305415574e+00 
 2.952568711981352e-07  0.000000000000000e+00  7.742319597661977e-01  7.451677715549333e-01  9.798096422672319e-01  1.199999787596385e+00  1.447870000841667e-06  1.550060981153442e+00 
 2.954568711981353e-07  0.000000000000000e+00  7.742364061483019e-01  7.451213143897181e-01  9.798912970183935e-01  1.199999787596409e+00  1.437392262094512e-06  1.550059651087192e+00 
 2.956568711981353e-07  0.000000000000000e+00  7.742408072509360e-01  7.450753365905287e-01  9.799712960016332e-01  1.199999787596469e+00  1.427067832311893e-06  1.550058316243587e+00 
 2.958568711981353e-07  0.000000000000000e+00  7.742451635166930e-01  7.450298269078317e-01  9.800496709284240e-01  1.199999787596536e+00  1.416893379282171e-06  1.550056977703712e+00 
 2.960568711981353e-07  0.000000000000000e+00  7.742494753846222e-01  7.449847744689223e-01  9.801264530437223e-01  1.199999787596553e+00  1.406865653248242e-06  1.550055636600030e+00 
 2.962568711981353e-07  0.000000000000000e+00  7.742537432906056e-01  7.449401687662236e-01  9.802016731259676e-01  1.199999787596459e+00  1.396981512121786e-06  1.550054294113264e+00 
 2.964568711981353e-07  0.000000000000000e+00  7.742579676676550e-01  7.448959996457736e-01  9.802753614904992e-01  1.199999787596296e+00  1.387237897189722e-06  1.550052951469025e+00 
 2.966568711981353e-07  0.000000000000000e+00  7.742621489462259e-01  7.448522572954434e-01  9.803475479905087e-01  1.199999787596363e+00  1.377631832170546e-06  1.550051609934394e+00 
 2.968568711981354e-07  0.000000000000000e+00  7.742662875545293e-01  7.448089322347918e-01  9.804182620190846e-01  1.199999787596377e+00  1.368160430718154e-06  1.550050270814239e+00 
 2.970568711981354e-07  0.000000000000000e+00  7.742703839187770e-01  7.447660153045981e-01  9.804875325128228e-01  1.199999787596280e+00  1.358820877880524e-06  1.550048935447492e+00 
 2.972568711981354e-07  0.000000000000000e+00  7.742744384634266e-01  7.447234976551386e-01  9.805553879528187e-01  1.199999787596423e+00  1.349610452928375e-06  1.550047605203225e+00 
 2.974568711981354e-07  0.000000000000000e+00  7.742784516115083e-01  7.446813707375713e-01  9.806218563679250e-01  1.199999787596379e+00  1.340526478410296e-06  1.550046281476759e+00 
 2.976568711981354e-07  0.000000000000000e+00  7.742824237847152e-01  7.446396262935343e-01  9.806869653377024e-01  1.199999787596366e+00  1.331566395524009e-06  1.550044965685598e+00 
 2.978568711981354e-07  0.000000000000000e+00  7.742863554037135e-01  7.445982563458496e-01  9.807507419947057e-01  1.199999787596364e+00  1.322727671003844e-06  1.550043659265382e+00 
 2.980568711981354e-07  0.000000000000000e+00  7.742902468882690e-01  7.445572531891561e-01  9.808132130275725e-01  1.199999787596364e+00  1.314007869030639e-06  1.550042363665765e+00 
 2.982568711981355e-07  0.000000000000000e+00  7.742940986574768e-01  7.445166093809490e-01  9.808744046843701e-01  1.199999787596365e+00  1.305404601487810e-06  1.550041080346318e+00 
 2.984568711981355e-07  0.000000000000000e+00  7.742979111298598e-01  7.444763177327468e-01  9.809343427750152e-01  1.199999787596452e+00  1.296915548944193e-06  1.550039810772413e+00 
 2.986568711981355e-07  0.000000000000000e+00  7.743016847235269e-01  7.444363713014888e-01  9.809930526758717e-01  1.199999787596422e+00  1.288538457024323e-06  1.550038556411182e+00 
 2.988568711981355e-07  0.000000000000000e+00  7.743054198563181e-01  7.443967633817669e-01  9.810505593318114e-01  1.199999787596445e+00  1.280271133236158e-06  1.550037318727409e+00 
 2.990568711981355e-07  0.000000000000000e+00  7.743091169458516e-01  7.443574874972418e-01  9.811068872597504e-01  1.199999787596382e+00  1.272111418878416e-06  1.550036099179590e+00 
 2.992568711981355e-07  0.000000000000000e+00  7.743127764096520e-01  7.443185373935663e-01  9.811620605537845e-01  1.199999787596360e+00  1.264057245920972e-06  1.550034899216006e+00 
 2.994568711981356e-07  0.000000000000000e+00  7.743163986651812e-01  7.442799070299311e-01  9.812161028860302e-01  1.199999787596349e+00  1.256106579240871e-06  1.550033720270863e+00 
 2.996568711981356e-07  0.000000000000000e+00  7.743199841299301e-01  7.442415905720173e-01  9.812690375128806e-01  1.199999787596440e+00  1.248257424507312e-06  1.550032563760597e+00 
 2.998568711981356e-07  0.000000000000000e+00  7.743235332213804e-01  7.442035823854674e-01  9.813208872773548e-01  1.199999787596283e+00  1.240507870479601e-06  1.550031431080249e+00 
 3.000568711981356e-07  0.000000000000000e+00  7.743270463571352e-01  7.441658770278989e-01  9.813716746134366e-01  1.199999787596313e+00  1.232856014578346e-06  1.550030323599936e+00 
 3.002568711981356e-07  0.000000000000000e+00  7.743305239548516e-01  7.441284692430168e-01  9.814214215497328e-01  1.199999787596507e+00  1.225300046465016e-06  1.550029242661487e+00 
 3.004568711981356e-07  0.000000000000000e+00  7.743339664322121e-01  7.440913539539916e-01  9.814701497141024e-01  1.199999787596486e+00  1.217838154323388e-06  1.550028189575194e+00 
 3.006568711981356e-07  0.000000000000000e+00  7.743373742069649e-01  7.440545262561159e-01  9.815178803366383e-01  1.199999787596446e+00  1.210468613137811e-06  1.550027165616784e+00 
 3.008568711981357e-07  0.000000000000000e+00  7.743407476968479e-01  7.440179814122150e-01  9.815646342546291e-01  1.199999787596365e+00  1.203189703878749e-06  1.550026172024438e+00 
 3.010568711981357e-07  0.000000000000000e+00  7.743440873195311e-01  7.439817148453559e-01  9.816104319168788e-01  1.199999787596337e+00  1.195999764698382e-06  1.550025209996071e+00 
 3.012568711981357e-07  0.000000000000000e+00  7.743473934925640e-01  7.439457221336955e-01  9.816552933873522e-01  1.199999787596407e+00  1.188897202607053e-06  1.550024280686714e+00 
 3.014568711981357e-07  0.000000000000000e+00  7.743506666333509e-01  7.439099990050353e-01  9.816992383491630e-01  1.199999787596438e+00  1.181880405995747e-06  1.550023385206135e+00 
 3.016568711981357e-07  0.000000000000000e+00  7.743539071589630e-01  7.438745413303690e-01  9.817422861093643e-01  1.199999787596379e+00  1.174947842152233e-06  1.550022524616589e+00 
 3.018568711981357e-07  0.000000000000000e+00  7.743571154861258e-01  7.438393451199894e-01  9.817844556046306e-01  1.199999787596454e+00  1.168098014699878e-06  1.550021699930752e+00 
 3.020568711981357e-07  0.000000000000000e+00  7.743602920310988e-01  7.438044065174531e-01  9.818257654033070e-01  1.199999787596411e+00  1.161329435763586e-06  1.550020912109878e+00 
 3.022568711981358e-07  0.000000000000000e+00  7.743634372095638e-01  7.437697217942613e-01  9.818662337112301e-01  1.199999787596518e+00  1.154640682187258e-06  1.550020162062137e+00 
 3.024568711981358e-07  0.000000000000000e+00  7.743665514364582e-01  7.437352873459973e-01  9.819058783764419e-01  1.199999787596379e+00  1.148030351300246e-06  1.550019450641081e+00 
 3.026568711981358e-07  0.000000000000000e+00  7.743696351258988e-01  7.437010996875066e-01  9.819447168933954e-01  1.199999787596475e+00  1.141497063125046e-06  1.550018778644373e+00 
 3.028568711981358e-07  0.000000000000000e+00  7.743726886910607e-01  7.436671554478319e-01  9.819827664071826e-01  1.199999787596432e+00  1.135039484551173e-06  1.550018146812675e+00 
 3.030568711981358e-07  0.000000000000000e+00  7.743757125439847e-01  7.436334513663343e-01  9.820200437189172e-01  1.199999787596355e+00  1.128656313769879e-06  1.550017555828694e+00 
 3.032568711981358e-07  0.000000000000000e+00  7.743787070954711e-01  7.435999842874107e-01  9.820565652904703e-01  1.199999787596434e+00  1.122346267720560e-06  1.550017006316454e+00 
 3.034568711981359e-07  0.000000000000000e+00  7.743816727548836e-01  7.435667511581482e-01  9.820923472482791e-01  1.199999787596462e+00  1.116108097330711e-06  1.550016498840716e+00 
 3.036568711981359e-07  0.000000000000000e+00  7.743846099300440e-01  7.435337490232863e-01  9.821274053888588e-01  1.199999787596482e+00  1.109940591495921e-06  1.550016033906633e+00 
 3.038568711981359e-07  0.000000000000000e+00  7.743875190270747e-01  7.435009750211468e-01  9.821617551830596e-01  1.199999787596437e+00  1.103842541677648e-06  1.550015611959477e+00 
 3.040568711981359e-07  0.000000000000000e+00  7.743904004502106e-01  7.434684263806594e-01  9.821954117817076e-01  1.199999787596452e+00  1.097812798145699e-06  1.550015233384633e+00 
 3.042568711981359e-07  0.000000000000000e+00  7.743932546016346e-01  7.434361004166218e-01  9.822283900196106e-01  1.199999787596487e+00  1.091850210285583e-06  1.550014898507704e+00 
 3.044568711981359e-07  0.000000000000000e+00  7.743960818813282e-01  7.434039945277047e-01  9.822607044210164e-01  1.199999787596447e+00  1.085953665516733e-06  1.550014607594804e+00 
 3.046568711981359e-07  0.000000000000000e+00  7.743988826869093e-01  7.433721061921432e-01  9.822923692035703e-01  1.199999787596267e+00  1.080122077865936e-06  1.550014360852949e+00 
 3.048568711981360e-07  0.000000000000000e+00  7.744016574134933e-01  7.433404329649520e-01  9.823233982838985e-01  1.199999787596382e+00  1.074354378595051e-06  1.550014158430671e+00 
 3.050568711981360e-07  0.000000000000000e+00  7.744044064535096e-01  7.433089724744609e-01  9.823538052824539e-01  1.199999787596495e+00  1.068649519300801e-06  1.550014000418751e+00 
 3.052568711981360e-07  0.000000000000000e+00  7.744071301965173e-01  7.432777224188882e-01  9.823836035277929e-01  1.199999787596469e+00  1.063006487928196e-06  1.550013886851036e+00 
 3.054568711981360e-07  0.000000000000000e+00  7.744098290291168e-01  7.432466805647358e-01  9.824128060625231e-01  1.199999787596514e+00  1.057424279013935e-06  1.550013817705399e+00 
 3.056568711981360e-07  0.000000000000000e+00  7.744125033346544e-01  7.432158447426808e-01  9.824414256475061e-01  1.199999787596467e+00  1.051901921079281e-06  1.550013792904911e+00 
 3.058568711981360e-07  0.000000000000000e+00  7.744151534932605e-01  7.431852128454171e-01  9.824694747669729e-01  1.199999787596506e+00  1.046438447342415e-06  1.550013812319004e+00 
 3.060568711981360e-07  0.000000000000000e+00  7.744177798815381e-01  7.431547828248095e-01  9.824969656328005e-01  1.199999787596360e+00  1.041032942078917e-06  1.550013875764800e+00 
 3.062568711981361e-07  0.000000000000000e+00  7.744203828725341e-01  7.431245526900689e-01  9.825239101892108e-01  1.199999787596427e+00  1.035684461771819e-06  1.550013983008498e+00 
 3.064568711981361e-07  0.000000000000000e+00  7.744229628355207e-01  7.430945205040453e-01  9.825503201192297e-01  1.199999787596342e+00  1.030392129588784e-06  1.550014133766934e+00 
 3.066568711981361e-07  0.000000000000000e+00  7.744255201358736e-01  7.430646843824944e-01  9.825762068487121e-01  1.199999787596398e+00  1.025155061207631e-06  1.550014327709125e+00 
 3.068568711981361e-07  0.000000000000000e+00  7.744280551349217e-01  7.430350424902736e-01  9.826015815505108e-01  1.199999787596407e+00  1.019972389211912e-06  1.550014564457928e+00 
 3.070568711981361e-07  0.000000000000000e+00  7.744305681899032e-01  7.430055930403321e-01  9.826264551494808e-01  1.199999787596415e+00  1.014843287397001e-06  1.550014843591777e+00 
 3.072568711981361e-07  0.000000000000000e+00  7.744330596537201e-01  7.429763342906824e-01  9.826508383281747e-01  1.199999787596317e+00  1.009766909265933e-06  1.550015164646486e+00 
 3.074568711981362e-07  0.000000000000000e+00  7.744355298749377e-01  7.429472645433149e-01  9.826747415301076e-01  1.199999787596485e+00  1.004742466548981e-06  1.550015527117089e+00 
 3.076568711981362e-07  0.000000000000000e+00  7.744379791976058e-01  7.429183821420808e-01  9.826981749660614e-01  1.199999787596447e+00  9.997691483836293e-07  1.550015930459682e+00 
 3.078568711981362e-07  0.000000000000000e+00  7.744404079611772e-01  7.428896854700809e-01  9.827211486175806e-01  1.199999787596262e+00  9.948462042280743e-07  1.550016374093386e+00 
 3.080568711981362e-07  0.000000000000000e+00  7.744428165003790e-01  7.428611729487741e-01  9.827436722428755e-01  1.199999787596481e+00  9.899728410945660e-07  1.550016857402292e+00 
 3.082568711981362e-07  0.000000000000000e+00  7.744452051451738e-01  7.428328430359445e-01  9.827657553795984e-01  1.199999787596348e+00  9.851483407600076e-07  1.550017379737407e+00 
 3.084568711981362e-07  0.000000000000000e+00  7.744475742206453e-01  7.428046942241945e-01  9.827874073515301e-01  1.199999787596402e+00  9.803719653428885e-07  1.550017940418665e+00 
 3.086568711981362e-07  0.000000000000000e+00  7.744499240469030e-01  7.427767250389994e-01  9.828086372713896e-01  1.199999787596412e+00  9.756429832607650e-07  1.550018538736937e+00 
 3.088568711981363e-07  0.000000000000000e+00  7.744522549390889e-01  7.427489340377839e-01  9.828294540465222e-01  1.199999787596417e+00  9.709607209952378e-07  1.550019173955995e+00 
 3.090568711981363e-07  0.000000000000000e+00  7.744545672071856e-01  7.427213198080164e-01  9.828498663821058e-01  1.199999787596408e+00  9.663244772646024e-07  1.550019845314576e+00 
 3.092568711981363e-07  0.000000000000000e+00  7.744568611560754e-01  7.426938809664935e-01  9.828698827872018e-01  1.199999787596413e+00  9.617335631704685e-07  1.550020552028316e+00 
 3.094568711981363e-07  0.000000000000000e+00  7.744591370854119e-01  7.426666161570180e-01  9.828895115773584e-01  1.199999787596403e+00  9.571873367417469e-07  1.550021293291771e+00 
 3.096568711981363e-07  0.000000000000000e+00  7.744613952896334e-01  7.426395240504466e-01  9.829087608808004e-01  1.199999787596403e+00  9.526851464076427e-07  1.550022068280346e+00 
 3.098568711981363e-07  0.000000000000000e+00  7.744636360578617e-01  7.426126033421613e-01  9.829276386404701e-01  1.199999787596406e+00  9.482263548527364e-07  1.550022876152228e+00 
 3.100568711981363e-07  0.000000000000000e+00  7.744658596739397e-01  7.425858527520981e-01  9.829461526203168e-01  1.199999787596409e+00  9.438103269195268e-07  1.550023716050339e+00 
 3.102568711981364e-07  0.000000000000000e+00  7.744680664164099e-01  7.425592710227784e-01  9.829643104079941e-01  1.199999787596503e+00  9.394364638109576e-07  1.550024587104162e+00 
 3.104568711981364e-07  0.000000000000000e+00  7.744702565584144e-01  7.425328569187265e-01  9.829821194198778e-01  1.199999787596446e+00  9.351041667188900e-07  1.550025488431597e+00 
 3.106568711981364e-07  0.000000000000000e+00  7.744724303677505e-01  7.425066092257573e-01  9.829995869042144e-01  1.199999787596454e+00  9.308128351205950e-07  1.550026419140753e+00 
 3.108568711981364e-07  0.000000000000000e+00  7.744745881068645e-01  7.424805267495493e-01  9.830167199451724e-01  1.199999787596474e+00  9.265619047204121e-07  1.550027378331718e+00 
 3.110568711981364e-07  0.000000000000000e+00  7.744767300328208e-01  7.424546083148661e-01  9.830335254677082e-01  1.199999787596517e+00  9.223507836428681e-07  1.550028365098226e+00 
 3.112568711981364e-07  0.000000000000000e+00  7.744788563973264e-01  7.424288527649057e-01  9.830500102407284e-01  1.199999787596463e+00  9.181789553228760e-07  1.550029378529336e+00 
 3.114568711981365e-07  0.000000000000000e+00  7.744809674467460e-01  7.424032589601846e-01  9.830661808801565e-01  1.199999787596486e+00  9.140458321190223e-07  1.550030417711037e+00 
 3.116568711981365e-07  0.000000000000000e+00  7.744830634221432e-01  7.423778257783195e-01  9.830820438537083e-01  1.199999787596428e+00  9.099509117282824e-07  1.550031481727771e+00 
 3.118568711981365e-07  0.000000000000000e+00  7.744851445593048e-01  7.423525521123783e-01  9.830976054838780e-01  1.199999787596328e+00  9.058936415071737e-07  1.550032569663932e+00 
 3.120568711981365e-07  0.000000000000000e+00  7.744872110887087e-01  7.423274368713951e-01  9.831128719512161e-01  1.199999787596380e+00  9.018735162053398e-07  1.550033680605276e+00 
 3.122568711981365e-07  0.000000000000000e+00  7.744892632356113e-01  7.423024789790086e-01  9.831278492990431e-01  1.199999787596477e+00  8.978900332848970e-07  1.550034813640311e+00 
 3.124568711981365e-07  0.000000000000000e+00  7.744913012200737e-01  7.422776773730807e-01  9.831425434352453e-01  1.199999787596528e+00  8.939426893559468e-07  1.550035967861578e+00 
 3.126568711981365e-07  0.000000000000000e+00  7.744933252570042e-01  7.422530310046321e-01  9.831569601374135e-01  1.199999787596486e+00  8.900309879933776e-07  1.550037142366911e+00 
 3.128568711981366e-07  0.000000000000000e+00  7.744953355562206e-01  7.422285388379227e-01  9.831711050542441e-01  1.199999787596420e+00  8.861544633290578e-07  1.550038336260589e+00 
 3.130568711981366e-07  0.000000000000000e+00  7.744973323224870e-01  7.422041998499062e-01  9.831849837096277e-01  1.199999787596401e+00  8.823126332818262e-07  1.550039548654485e+00 
 3.132568711981366e-07  0.000000000000000e+00  7.744993157555998e-01  7.421800130295784e-01  9.831986015058883e-01  1.199999787596507e+00  8.785050359425227e-07  1.550040778669076e+00 
 3.134568711981366e-07  0.000000000000000e+00  7.745012860503956e-01  7.421559773769586e-01  9.832119637269778e-01  1.199999787596451e+00  8.747312258061421e-07  1.550042025434437e+00 
 3.136568711981366e-07  0.000000000000000e+00  7.745032433968418e-01  7.421320919037274e-01  9.832250755401030e-01  1.199999787596349e+00  8.709907356690704e-07  1.550043288091150e+00 
 3.138568711981366e-07  0.000000000000000e+00  7.745051879801634e-01  7.421083556326180e-01  9.832379420002677e-01  1.199999787596398e+00  8.672831467231990e-07  1.550044565791177e+00 
 3.140568711981366e-07  0.000000000000000e+00  7.745071199808081e-01  7.420847675955723e-01  9.832505680526099e-01  1.199999787596506e+00  8.636080220749504e-07  1.550045857698647e+00 
 3.142568711981367e-07  0.000000000000000e+00  7.745090395745625e-01  7.420613268359076e-01  9.832629585348572e-01  1.199999787596446e+00  8.599649164670200e-07  1.550047162990597e+00 
 3.144568711981367e-07  0.000000000000000e+00  7.745109469326324e-01  7.420380324055289e-01  9.832751181805059e-01  1.199999787596356e+00  8.563534569779632e-07  1.550048480857567e+00 
 3.146568711981367e-07  0.000000000000000e+00  7.745128422217428e-01  7.420148833662810e-01  9.832870516206331e-01  1.199999787596411e+00  8.527731940812685e-07  1.550049810504304e+00 
 3.148568711981367e-07  0.000000000000000e+00  7.745147256041817e-01  7.419918787890102e-01  9.832987633868681e-01  1.199999787596419e+00  8.492237361830469e-07  1.550051151150237e+00 
 3.150568711981367e-07  0.000000000000000e+00  7.745165972379029e-01  7.419690177534325e-01  9.833102579144957e-01  1.199999787596403e+00  8.457046993200365e-07  1.550052502029991e+00 
 3.152568711981367e-07  0.000000000000000e+00  7.745184572765775e-01  7.419462993472142e-01  9.833215395440094e-01  1.199999787596416e+00  8.422156807880778e-07  1.550053862393815e+00 
 3.154568711981368e-07  0.000000000000000e+00  7.745203058697289e-01  7.419237226668061e-01  9.833326125238995e-01  1.199999787596309e+00  8.387563102453032e-07  1.550055231507954e+00 
 3.156568711981368e-07  0.000000000000000e+00  7.745221431627748e-01  7.419012868169360e-01  9.833434810127257e-01  1.199999787596458e+00  8.353262004553787e-07  1.550056608654980e+00 
 3.158568711981368e-07  0.000000000000000e+00  7.745239692971210e-01  7.418789909098983e-01  9.833541490810275e-01  1.199999787596468e+00  8.319249874281432e-07  1.550057993134050e+00 
 3.160568711981368e-07  0.000000000000000e+00  7.745257844102669e-01  7.418568340655824e-01  9.833646207146002e-01  1.199999787596409e+00  8.285523075930355e-07  1.550059384261152e+00 
 3.162568711981368e-07  0.000000000000000e+00  7.745275886358778e-01  7.418348154117229e-01  9.833748998164120e-01  1.199999787596403e+00  8.252078053654320e-07  1.550060781369234e+00 
 3.164568711981368e-07  0.000000000000000e+00  7.745293821038999e-01  7.418129340828254e-01  9.833849902068479e-01  1.199999787596510e+00  8.218911281901364e-07  1.550062183808380e+00 
 3.166568711981368e-07  0.000000000000000e+00  7.745311649405939e-01  7.417911892208457e-01  9.833948956276684e-01  1.199999787596447e+00  8.186019284594675e-07  1.550063590945876e+00 
 3.168568711981369e-07  0.000000000000000e+00  7.745329372686616e-01  7.417695799745482e-01  9.834046197431875e-01  1.199999787596358e+00  8.153398623790324e-07  1.550065002166238e+00 
 3.170568711981369e-07  0.000000000000000e+00  7.745346992073393e-01  7.417481054993650e-01  9.834141661415708e-01  1.199999787596413e+00  8.121046146065917e-07  1.550066416871215e+00 
 3.172568711981369e-07  0.000000000000000e+00  7.745364508672523e-01  7.417267649523087e-01  9.834235383379449e-01  1.199999787596406e+00  8.088903676095589e-07  1.550067834479776e+00 
 3.174568711981369e-07  0.000000000000000e+00  7.745381923638729e-01  7.417055575053109e-01  9.834327397756344e-01  1.199999787596504e+00  8.057069678230952e-07  1.550069254428037e+00 
 3.176568711981369e-07  0.000000000000000e+00  7.745399238083139e-01  7.416844823360438e-01  9.834417738277726e-01  1.199999787596425e+00  8.025504635669984e-07  1.550070676169137e+00 
 3.178568711981369e-07  0.000000000000000e+00  7.745416453073157e-01  7.416635386265849e-01  9.834506437980952e-01  1.199999787596418e+00  7.994194503515929e-07  1.550072099173115e+00 
 3.180568711981370e-07  0.000000000000000e+00  7.745433569641788e-01  7.416427255653124e-01  9.834593529243824e-01  1.199999787596316e+00  7.963136001890866e-07  1.550073522926786e+00 
 3.182568711981370e-07  0.000000000000000e+00  7.745450588791284e-01  7.416220423462194e-01  9.834679043779258e-01  1.199999787596484e+00  7.932326436668268e-07  1.550074946933499e+00 
 3.184568711981370e-07  0.000000000000000e+00  7.745467511495125e-01  7.416014881694093e-01  9.834763012667087e-01  1.199999787596508e+00  7.901763047479299e-07  1.550076370712937e+00 
 3.186568711981370e-07  0.000000000000000e+00  7.745484338698517e-01  7.415810622415663e-01  9.834845466358693e-01  1.199999787596429e+00  7.871442743812938e-07  1.550077793800922e+00 
 3.188568711981370e-07  0.000000000000000e+00  7.745501071319429e-01  7.415607637747542e-01  9.834926434696715e-01  1.199999787596421e+00  7.841362805339003e-07  1.550079215749099e+00 
 3.190568711981370e-07  0.000000000000000e+00  7.745517710249792e-01  7.415405919864630e-01  9.835005946925658e-01  1.199999787596413e+00  7.811520213484306e-07  1.550080636124695e+00 
 3.192568711981370e-07  0.000000000000000e+00  7.745534256356141e-01  7.415205461006420e-01  9.835084031703450e-01  1.199999787596403e+00  7.781912263551148e-07  1.550082054510205e+00 
 3.194568711981371e-07  0.000000000000000e+00  7.745550710479990e-01  7.415006253463819e-01  9.835160717124196e-01  1.199999787596500e+00  7.752536188864071e-07  1.550083470503107e+00 
 3.196568711981371e-07  0.000000000000000e+00  7.745567073438892e-01  7.414808289585871e-01  9.835236030721786e-01  1.199999787596528e+00  7.723389273699402e-07  1.550084883715543e+00 
 3.198284355990686e-07  0.000000000000000e+00  7.745581037883308e-01  7.414639457360416e-01  9.835299562698471e-01  1.199999787596490e+00  7.698579837304731e-07  1.550086093514145e+00 
 3.200000000000001e-07  0.000000000000000e+00  7.745594936303644e-01  7.414471530124228e-01  9.835362121199449e-01  1.199999787596571e+00  7.673924430063406e-07  1.550087300772226e+00 
 3.200001266959109e-07  7.601754652084026e-04  7.745613698266260e-01  7.414490180756262e-01  9.835362941753141e-01  1.200003462591842e+00  8.494333401942722e-07  1.550087301662814e+00 
 3.200003800877327e-07  2.280526395625208e-03  7.745657342353377e-01  7.414533807779747e-01  9.835365122514833e-01  1.200014125909846e+00  1.051636218203297e-06  1.550087303443988e+00 
 3.200007092395033e-07  4.255437019214233e-03  7.745717412723170e-01  7.414594272888189e-01  9.835368332907869e-01  1.200028938215270e+00  1.288305925616767e-06  1.550087305757698e+00 
 3.200011009174608e-07  6.605504764434239e-03  7.745788732225184e-01  7.414666439936772e-01  9.835372119159520e-01  1.200043349748218e+00  1.497578156600329e-06  1.550087308510904e+00 
 3.200016565657869e-07  9.939394721113951e-03  7.745887646140770e-01  7.414766899510561e-01  9.835377100295059e-01  1.200056655704040e+00  1.690884252667987e-06  1.550087312416688e+00 
 3.200027145602572e-07  1.628736154309673e-02  7.746069965051040e-01  7.414952760554315e-01  9.835385466635108e-01  1.200066458266615e+00  1.859883639624901e-06  1.550087319853495e+00 
 3.200048305491979e-07  2.898329518674464e-02  7.746416449690808e-01  7.415307728937541e-01  9.835399196966779e-01  1.200058706744963e+00  1.836027939113548e-06  1.550087334726803e+00 
 3.200090184647147e-07  5.411078828801980e-02  7.747049394095220e-01  7.415960354222121e-01  9.835418923104996e-01  1.200024020566914e+00  1.428487433294615e-06  1.550087364162481e+00 
 3.200150000075873e-07  9.000004552372899e-02  7.747869673573552e-01  7.416812283161992e-01  9.835436478339314e-01  1.199993437990727e+00  8.923239579457058e-07  1.550087406202569e+00 
 3.200222218570724e-07  1.333311424339915e-01  7.748777262102905e-01  7.417760906678627e-01  9.835447932494760e-01  1.199985103988384e+00  5.477952165482570e-07  1.550087456957552e+00 
 3.200310168100821e-07  1.861008604919745e-01  7.749813994329984e-01  7.418849151096915e-01  9.835454441251117e-01  1.199989186778327e+00  4.291484396812609e-07  1.550087518770817e+00 
 3.200421876677376e-07  2.531260064249859e-01  7.751073610947907e-01  7.420173836648500e-01  9.835457747462547e-01  1.199995343180018e+00  4.755378053657232e-07  1.550087597307905e+00 
 3.200504252544820e-07  3.025515268914040e-01  7.751959253596805e-01  7.421105444908593e-01  9.835458461458790e-01  1.199998263392823e+00  5.516428335619909e-07  1.550087655259289e+00 
 3.200547511373229e-07  3.285068239368839e-01  7.752398045922293e-01  7.421566886810220e-01  9.835458332702047e-01  1.199999340767219e+00  5.869622124550153e-07  1.550087685709933e+00 
 3.200598139856601e-07  3.588839139604706e-01  7.752857617694113e-01  7.422050012631418e-01  9.835457385460257e-01  1.200000441059407e+00  6.091534627786655e-07  1.550087721371294e+00 
 3.200641029931900e-07  3.846179591399020e-01  7.753165834960288e-01  7.422373915031576e-01  9.835455355725129e-01  1.200001332337068e+00  6.050060242209290e-07  1.550087751606349e+00 
 3.200682693304605e-07  4.096159827625339e-01  7.753349833649125e-01  7.422567184167955e-01  9.835451624685208e-01  1.200002204557807e+00  5.770494773114400e-07  1.550087781002882e+00 
 3.200724350605632e-07  4.346103633788334e-01  7.753367570170790e-01  7.422585609851506e-01  9.835445424089145e-01  1.200003102928875e+00  5.252405683208242e-07  1.550087810426142e+00 
 3.200766516591471e-07  4.599099548824558e-01  7.753153620962093e-01  7.422360318950395e-01  9.835435855296573e-01  1.200004052875669e+00  4.505503536323882e-07  1.550087840245958e+00 
 3.200808263065530e-07  4.849578393176388e-01  7.752641330124288e-01  7.421821080264615e-01  9.835422325376630e-01  1.200005047224281e+00  3.566217811243853e-07  1.550087869812296e+00 
 3.200848904943178e-07  5.093429659063365e-01  7.751780774712592e-01  7.420915229670906e-01  9.835404496018636e-01  1.200006080052411e+00  2.472750185392864e-07  1.550087898643854e+00 
 3.200888486435230e-07  5.330918611374303e-01  7.750524242483637e-01  7.419592436987548e-01  9.835381978310042e-01  1.200007158436261e+00  1.248596869316693e-07  1.550087926774723e+00 
 3.200931071941071e-07  5.586431646424003e-01  7.748621057144237e-01  7.417588861726589e-01  9.835351266138603e-01  1.200008407258601e+00 -2.199611096346740e-08  1.550087957105231e+00 
 3.200970164453917e-07  5.820986723499875e-01  7.746294374727948e-01  7.415140706583300e-01  9.835316533147527e-01  1.200009633572525e+00 -1.679076345067511e-07  1.550087985013788e+00 
 3.201011884932599e-07  6.071309595589137e-01  7.743108038217876e-01  7.411800307752963e-01  9.835271867378302e-01  1.200011028185048e+00 -3.318482440805605e-07  1.550088014876080e+00 
 3.201052592210376e-07  6.315553262250542e-01  7.739127200958766e-01  7.407735768668334e-01  9.835219007140055e-01  1.200012521285200e+00 -5.081055498199448e-07  1.550088044097968e+00 
 3.201071104266805e-07  6.426625600828606e-01  7.736866000363981e-01  7.405587937992687e-01  9.835189769148177e-01  1.200013477312889e+00 -6.171045903264824e-07  1.550088057416067e+00 
 3.201085240057066e-07  6.511440342391529e-01  7.734807707570572e-01  7.403777120700286e-01  9.835163348864280e-01  1.200014548959244e+00 -7.329632849767745e-07  1.550088067598673e+00 
 3.201101430578683e-07  6.608583472094421e-01  7.731979003308690e-01  7.401433458498168e-01  9.835127249588526e-01  1.200016159041638e+00 -9.117800680398178e-07  1.550088079275687e+00 
 3.201119638205168e-07  6.717829231003947e-01  7.728173957538882e-01  7.398303267284376e-01  9.835079517831464e-01  1.200018037837945e+00 -1.154918703289397e-06  1.550088092426320e+00 
 3.201138602350044e-07  6.831614100258414e-01  7.723619951780919e-01  7.394373376328708e-01  9.835024291451975e-01  1.200019177171408e+00 -1.410811972288317e-06  1.550088106145142e+00 
 3.201159641542062e-07  6.957849252369640e-01  7.718019617564145e-01  7.389233960758526e-01  9.834959682788839e-01  1.200018424627929e+00 -1.649847709034313e-06  1.550088121391771e+00 
 3.201179619711869e-07  7.077718271207631e-01  7.712270327801398e-01  7.383702740284949e-01  9.834896964132269e-01  1.200015348567138e+00 -1.812576871545665e-06  1.550088135896000e+00 
 3.201202274906486e-07  7.213649438913177e-01  7.705327835701641e-01  7.376810897216149e-01  9.834825473364192e-01  1.200009364734725e+00 -1.918343043230165e-06  1.550088152375581e+00 
 3.201223254068255e-07  7.339524409525111e-01  7.698562555339464e-01  7.369961107516875e-01  9.834759619495852e-01  1.200001995068339e+00 -1.947691663190670e-06  1.550088167666472e+00 
 3.201246582617212e-07  7.479495703265814e-01  7.690733100198875e-01  7.361936371379155e-01  9.834687433354153e-01  1.199992499605315e+00 -1.914441009369210e-06  1.550088184704312e+00 
 3.201269839473054e-07  7.619036838317570e-01  7.682676718581933e-01  7.353612439076600e-01  9.834617069231670e-01  1.199982332211325e+00 -1.825413447244760e-06  1.550088201725883e+00 
 3.201296019078835e-07  7.776114473006829e-01  7.673389532507325e-01  7.343965703042753e-01  9.834540194128488e-01  1.199970785731458e+00 -1.675872239936989e-06  1.550088220928703e+00 
 3.201324618694878e-07  7.947712169265586e-01  7.663072251933334e-01  7.333209872645733e-01  9.834459338637803e-01  1.199958956045832e+00 -1.472230756033397e-06  1.550088241955520e+00 
 3.201361908880362e-07  8.171453282170051e-01  7.649514423678119e-01  7.319040622401921e-01  9.834359157334862e-01  1.199946424279236e+00 -1.171259034917979e-06  1.550088269441611e+00 
 3.201395643275047e-07  8.373859650279619e-01  7.637240612756581e-01  7.306196746781722e-01  9.834273211608310e-01  1.199938600381982e+00 -8.888431695065410e-07  1.550088294365597e+00 
 3.201426183578169e-07  8.557101469008428e-01  7.626147666090154e-01  7.294586184644554e-01  9.834198238321370e-01  1.199934447511344e+00 -6.466688977969405e-07  1.550088316967715e+00 
 3.201455741065996e-07  8.734446395974174e-01  7.615425947539983e-01  7.283370900410957e-01  9.834127143761611e-01  1.199932825374406e+00 -4.414396375775412e-07  1.550088338865330e+00 
 3.201488194680676e-07  8.929168084050617e-01  7.603664797298958e-01  7.271087787795225e-01  9.834049699881291e-01  1.199931880891022e+00 -2.591036089593692e-07  1.550088362917588e+00 
 3.201519923557177e-07  9.119541343059879e-01  7.592217763331773e-01  7.259168535290925e-01  9.833974455512208e-01  1.199923102922859e+00 -1.186476896930175e-07  1.550088386422048e+00 
 3.201548348781674e-07  9.290092690041654e-01  7.582083392788790e-01  7.248666571241810e-01  9.833908013462330e-01  1.199899043722846e+00 -1.137559504970145e-08  1.550088407451719e+00 
 3.201581235513803e-07  9.487413082812983e-01  7.570623242014363e-01  7.236890482812424e-01  9.833833214079687e-01  1.199850203071058e+00  1.067048787431989e-07  1.550088431721435e+00 
 3.201612198865881e-07  9.673193195283600e-01  7.560179516527034e-01  7.226311344264452e-01  9.833765152866190e-01  1.199789927818260e+00  2.161490817108834e-07  1.550088454482845e+00 
 3.201646468840610e-07  9.878813043658847e-01  7.549058036828308e-01  7.215279297878168e-01  9.833691922907376e-01  1.199718691835591e+00  3.272326768873589e-07  1.550088479532470e+00 
 3.201681368545356e-07  1.008821127213223e+00  7.538195815586428e-01  7.204742212160468e-01  9.833618275660082e-01  1.199654643447806e+00  4.151040647196527e-07  1.550088504837048e+00 
 3.201714928155631e-07  1.028956893378118e+00  7.528189472690563e-01  7.195080401813836e-01  9.833547384689887e-01  1.199612262624639e+00  4.703313827574170e-07  1.550088528919406e+00 
 3.201745366819005e-07  1.047220091402425e+00  7.519496649068951e-01  7.186491068201800e-01  9.833482606343421e-01  1.199595391017418e+00  4.980190568873964e-07  1.550088550500348e+00 
 3.201777161777461e-07  1.066297066476426e+00  7.510773636280843e-01  7.177557911995940e-01  9.833413514684433e-01  1.199599969127487e+00  5.021036417231228e-07  1.550088572719183e+00 
 3.201812923393982e-07  1.087754036389089e+00  7.501397407880120e-01  7.167582405347031e-01  9.833333578077360e-01  1.199626501115229e+00  4.834155741722038e-07  1.550088597232812e+00 
 3.201849798653693e-07  1.109879192215201e+00  7.492320076097311e-01  7.157547849593257e-01  9.833249798708044e-01  1.199668622039759e+00  4.624009772428474e-07  1.550088621878301e+00 
 3.201887855736251e-07  1.132713441749975e+00  7.483688797191970e-01  7.147724240005466e-01  9.833162747456368e-01  1.199720305780405e+00  4.529380067674893e-07  1.550088646514205e+00 
 3.201929364317965e-07  1.157618590778356e+00  7.475202764523671e-01  7.137918682550806e-01  9.833067002034391e-01  1.199782252000904e+00  4.538871641967916e-07  1.550088672282300e+00 
 3.201964682158982e-07  1.178809295389064e+00  7.468772530726900e-01  7.130469661826431e-01  9.832984329271710e-01  1.199839379999392e+00  4.554717966207683e-07  1.550088693158729e+00 
 3.202000000000001e-07  1.200000000000000e+00  7.463073225542600e-01  7.123897985978698e-01  9.832899743023308e-01  1.199900861312664e+00  4.500751813654030e-07  1.550088712920540e+00 
 3.202002632709551e-07  1.200000000000000e+00  7.462626649654929e-01  7.123393231743145e-01  9.832891762470158e-01  1.199899177034172e+00  3.192928901170344e-07  1.550088714345007e+00 
 3.202007898128651e-07  1.200000000000000e+00  7.461718879828737e-01  7.122370942427615e-01  9.832874913620684e-01  1.199893365246613e+00  7.374679025611008e-08  1.550088717176726e+00 
 3.202014281575244e-07  1.200000000000000e+00  7.460639617692388e-01  7.121156587873275e-01  9.832854795686118e-01  1.199888331342913e+00 -6.457702250717290e-08  1.550088720572939e+00 
 3.202022003934077e-07  1.200000000000000e+00  7.459390192453581e-01  7.119749632655460e-01  9.832832295246641e-01  1.199887438768040e+00 -1.360259412053200e-08  1.550088724624084e+00 
 3.202033646287164e-07  1.200000000000000e+00  7.457616465727819e-01  7.117750725361749e-01  9.832802201124545e-01  1.199894811163734e+00  3.206943296994724e-07  1.550088730607334e+00 
 3.202053370955040e-07  1.200000000000000e+00  7.454860702567422e-01  7.114645420355068e-01  9.832759109691371e-01  1.199923113843935e+00  1.117305598302004e-06  1.550088740384429e+00 
 3.202074988807872e-07  1.200000000000000e+00  7.452150387268767e-01  7.111594826784881e-01  9.832720445148351e-01  1.199968309409387e+00  1.984207545061012e-06  1.550088750548652e+00 
 3.202106772896276e-07  1.200000000000000e+00  7.448676837097662e-01  7.107692195130333e-01  9.832675213308879e-01  1.200047732970840e+00  2.961325323128788e-06  1.550088764352495e+00 
 3.202146943058855e-07  1.200000000000000e+00  7.445057298724456e-01  7.103630406038258e-01  9.832631874884715e-01  1.200157472092350e+00  3.674759833393205e-06  1.550088779647771e+00 
 3.202199318710294e-07  1.200000000000000e+00  7.441457048807225e-01  7.099577757454892e-01  9.832589812615609e-01  1.200308383279471e+00  3.977604212755410e-06  1.550088795487006e+00 
 3.202247812141510e-07  1.200000000000000e+00  7.439097289515391e-01  7.096886957337982e-01  9.832559275718414e-01  1.200458790989192e+00  3.867072177548506e-06  1.550088805468029e+00 
 3.202305469315449e-07  1.200000000000000e+00  7.437293300835476e-01  7.094756594250400e-01  9.832527251312654e-01  1.200661745408788e+00  3.524097018563731e-06  1.550088810575188e+00 
 3.202361493776356e-07  1.200000000000000e+00  7.436377905286582e-01  7.093569019759700e-01  9.832497205685585e-01  1.200885536672253e+00  3.160707498579135e-06  1.550088807531701e+00 
 3.202419711249421e-07  1.200000000000000e+00  7.436060773088005e-01  7.093013884677838e-01  9.832465957418548e-01  1.201110438968646e+00  2.912436749711363e-06  1.550088794847104e+00 
 3.202469572893965e-07  1.200000000000000e+00  7.436086538963066e-01  7.092904836840944e-01  9.832439972814200e-01  1.201276459027593e+00  2.908715816183922e-06  1.550088775375082e+00 
 3.202513822798794e-07  1.200000000000000e+00  7.436141694054916e-01  7.092944637801515e-01  9.832419259546915e-01  1.201404708643917e+00  3.152990147572629e-06  1.550088750755297e+00 
 3.202559476443698e-07  1.200000000000000e+00  7.436036461306742e-01  7.092981275860872e-01  9.832403756050591e-01  1.201519613824710e+00  3.734634046370124e-06  1.550088717423633e+00 
 3.202608784418428e-07  1.200000000000000e+00  7.435601524875918e-01  7.092901624456496e-01  9.832401142835403e-01  1.201616876249519e+00  4.807894698146634e-06  1.550088671559655e+00 
 3.202663866550247e-07  1.200000000000000e+00  7.434727878173508e-01  7.092614732633474e-01  9.832430102234926e-01  1.201681384138008e+00  6.585990510977850e-06  1.550088607118070e+00 
 3.202722831502650e-07  1.200000000000000e+00  7.433519203775306e-01  7.092116549222870e-01  9.832520072184399e-01  1.201702037883687e+00  9.107682806195434e-06  1.550088521305213e+00 
 3.202780585566471e-07  1.200000000000000e+00  7.432285006274026e-01  7.091522762926727e-01  9.832690032923229e-01  1.201701468284544e+00  1.203743936769230e-05  1.550088418953467e+00 
 3.202837542051401e-07  1.200000000000000e+00  7.431190627851867e-01  7.090914436883470e-01  9.832958305582175e-01  1.201731427813162e+00  1.514735802274174e-05  1.550088298840977e+00 
 3.202898700329690e-07  1.200000000000000e+00  7.430262866696320e-01  7.090297746032626e-01  9.833380673507249e-01  1.201855298203318e+00  1.847631118093488e-05  1.550088146983192e+00 
 3.202963774200380e-07  1.200000000000000e+00  7.429615607330728e-01  7.089721755780566e-01  9.834008816025478e-01  1.202064797444436e+00  2.182615141742370e-05  1.550087957401139e+00 
 3.203042983569386e-07  1.200000000000000e+00  7.429340078289322e-01  7.089157459050712e-01  9.835064962701233e-01  1.202383857330243e+00  2.556089682824328e-05  1.550087684513838e+00 
 3.203128073165031e-07  1.200000000000000e+00  7.429695728235336e-01  7.088720412954106e-01  9.836617552902187e-01  1.202832692933014e+00  2.925945557455574e-05  1.550087335800185e+00 
 3.203207448238587e-07  1.200000000000000e+00  7.430652454405062e-01  7.088454631988081e-01  9.838522941990233e-01  1.203260955111505e+00  3.259744134163618e-05  1.550086954912242e+00 
 3.203298052830647e-07  1.200000000000000e+00  7.432504169850880e-01  7.088280688554182e-01  9.841342340123271e-01  1.203523786279405e+00  3.655013183774720e-05  1.550086449722769e+00 
 3.203386134273031e-07  1.200000000000000e+00  7.435129892813827e-01  7.088206103275336e-01  9.844866580398030e-01  1.203465896780819e+00  4.083605282497653e-05  1.550085882105974e+00 
 3.203488153327315e-07  1.200000000000000e+00  7.439325519712237e-01  7.088200751468848e-01  9.850124338283424e-01  1.203126629247774e+00  4.674764604347428e-05  1.550085124380510e+00 
 3.203594665303927e-07  1.200000000000000e+00  7.445269701941158e-01  7.088270006030438e-01  9.857252096214214e-01  1.202629880764374e+00  5.450677174264631e-05  1.550084211904727e+00 
 3.203693023965278e-07  1.200000000000000e+00  7.452430022470260e-01  7.088396977602082e-01  9.865605848078982e-01  1.202144325458065e+00  6.364008903858597e-05  1.550083253822006e+00 
 3.203798868828197e-07  1.200000000000000e+00  7.462187591210672e-01  7.088597896368583e-01  9.876793225545353e-01  1.201659251914770e+00  7.605779835578218e-05  1.550082093392617e+00 
 3.203904477715445e-07  1.200000000000000e+00  7.474168272328766e-01  7.088858042303231e-01  9.890389827495037e-01  1.201244879613189e+00  9.115006140120830e-05  1.550080796918108e+00 
 3.204025123741337e-07  1.200000000000000e+00  7.490506887046487e-01  7.089213504072462e-01  9.908852759498695e-01  1.200867462615430e+00  1.108801542777920e-04  1.550079140833736e+00 
 3.204138976253028e-07  1.200000000000000e+00  7.508252487526451e-01  7.089590434985351e-01  9.928924035187583e-01  1.200599125676906e+00  1.313991255528619e-04  1.550077402742213e+00 
 3.204245507755864e-07  1.200000000000000e+00  7.526584802410812e-01  7.089966889157785e-01  9.949773814415391e-01  1.200413872973643e+00  1.496476024827862e-04  1.550075619619561e+00 
 3.204344597339341e-07  1.200000000000000e+00  7.544805665683179e-01  7.090328510275524e-01  9.970704247824294e-01  1.200287626831613e+00  1.461165192047449e-04  1.550073823540593e+00 
 3.204434998092611e-07  1.200000000000000e+00  7.562085474647268e-01  7.090661922132495e-01  9.990840517768463e-01  1.200202799430641e+00  5.629960493171258e-05  1.550072068797405e+00 
 3.204506280418876e-07  1.200000000000000e+00  7.575929765112535e-01  7.090924175899428e-01  1.000723661358375e+00  1.200152071775137e+00 -1.538073853261472e-04  1.550070606995260e+00 
 3.204567269303022e-07  1.200000000000000e+00  7.587784865889604e-01  7.091146682310429e-01  1.002148412611105e+00  1.200117632418338e+00 -4.976291433015062e-04  1.550069301729415e+00 
 3.204618336325374e-07  1.200000000000000e+00  7.597631439986711e-01  7.091331020244065e-01  1.003347484202578e+00  1.200093967952752e+00 -9.669187569568999e-04  1.550068170292157e+00 
 3.204662380816524e-07  1.200000000000000e+00  7.605999092941375e-01  7.091488123953161e-01  1.004380602256923e+00  1.200076706720687e+00 -1.571710867085341e-03  1.550067166413066e+00 
 3.204702915645528e-07  1.200000000000000e+00  7.613533931078640e-01  7.091630724109147e-01  1.005327532956566e+00  1.200063002147624e+00 -2.362266872156385e-03  1.550066219736945e+00 
 3.204742671902229e-07  1.200000000000000e+00  7.620696875478657e-01  7.091768221399491e-01  1.006251469117613e+00  1.200051301009957e+00 -3.431237355767639e-03  1.550065270180127e+00 
 3.204785403230139e-07  1.200000000000000e+00  7.628045563844895e-01  7.091912720932488e-01  1.007239370276091e+00  1.200040374063682e+00 -4.976733305237117e-03  1.550064226503182e+00 
 3.204831725949612e-07  1.200000000000000e+00  7.635483310749480e-01  7.092064919085792e-01  1.008304423258869e+00  1.200030188628024e+00 -7.165368189746292e-03  1.550063068387293e+00 
 3.204874334698340e-07  1.200000000000000e+00  7.641805669992114e-01  7.092201317806465e-01  1.009275168636198e+00  1.200022158081103e+00 -9.682396121145046e-03  1.550061978837176e+00 
 3.204899853844177e-07  1.200000000000000e+00  7.645386592995790e-01  7.092282085686649e-01  1.009849048795130e+00  1.200017915078033e+00 -1.135569443976412e-02  1.550061315236050e+00 
 3.204929216425617e-07  1.200000000000000e+00  7.649357723326197e-01  7.092374937134325e-01  1.010498749479574e+00  1.200013509898299e+00 -1.331026982486993e-02  1.550060541557691e+00 
 3.204956929621157e-07  1.200000000000000e+00  7.652986841395749e-01  7.092462880687733e-01  1.011099230580417e+00  1.200009780390683e+00 -1.498179028313258e-02  1.550059801484247e+00 
 3.204983719130843e-07  1.200000000000000e+00  7.656400774494445e-01  7.092548321826031e-01  1.011667261873626e+00  1.200006531889656e+00 -1.604548749934651e-02  1.550059077065436e+00 
 3.205008950662484e-07  1.200000000000000e+00  7.659537521562747e-01  7.092629176000574e-01  1.012191544504884e+00  1.200003759601116e+00 -1.606376968512446e-02  1.550058386749573e+00 
 3.205028830446990e-07  1.200000000000000e+00  7.661958374920987e-01  7.092693131919831e-01  1.012597978067223e+00  1.200001753559277e+00 -1.543685691623387e-02  1.550057837414369e+00 
 3.205043065873428e-07  1.200000000000000e+00  7.663666531818603e-01  7.092739070928290e-01  1.012885787236750e+00  1.200000406373331e+00 -1.477277843884656e-02  1.550057441123989e+00 
 3.205056671331289e-07  1.200000000000000e+00  7.665281192289984e-01  7.092783097846928e-01  1.013158625298967e+00  1.199999183706073e+00 -1.399901550514525e-02  1.550057060105145e+00 
 3.205071080990063e-07  1.200000000000000e+00  7.666974544293539e-01  7.092829872836245e-01  1.013445518539839e+00  1.199997954055040e+00 -1.302829687751545e-02  1.550056654165430e+00 
 3.205087645464711e-07  1.200000000000000e+00  7.668902852338786e-01  7.092883848257312e-01  1.013773029270593e+00  1.199996619062015e+00 -1.173774577978615e-02  1.550056184492388e+00 
 3.205104693073503e-07  1.200000000000000e+00  7.670869023840536e-01  7.092939629434136e-01  1.014107645052273e+00  1.199995327948379e+00 -1.028897413774906e-02  1.550055697760478e+00 
 3.205129751520656e-07  1.200000000000000e+00  7.673724029747023e-01  7.093021963782199e-01  1.014594183700931e+00  1.199993569658842e+00 -8.190675090271510e-03  1.550054976180285e+00 
 3.205148043439867e-07  1.200000000000000e+00  7.675779591872253e-01  7.093082254280386e-01  1.014944403460733e+00  1.199992383264709e+00 -6.824684336968071e-03  1.550054444878721e+00 
 3.205166337583352e-07  1.200000000000000e+00  7.677808727750272e-01  7.093142645680803e-01  1.015289523712956e+00  1.199991271506651e+00 -5.678853526226408e-03  1.550053909691664e+00 
 3.205188122815839e-07  1.200000000000000e+00  7.680187809099255e-01  7.093214621673709e-01  1.015692714709085e+00  1.199990036732712e+00 -4.614325677052114e-03  1.550053267440753e+00 
 3.205208462616521e-07  1.200000000000000e+00  7.682372085210011e-01  7.093281860555947e-01  1.016060776064647e+00  1.199988965324850e+00 -3.874914764124056e-03  1.550052663008314e+00 
 3.205234091475480e-07  1.200000000000000e+00  7.685074459016716e-01  7.093366632090563e-01  1.016512242317040e+00  1.199987719041635e+00 -3.200008717730745e-03  1.550051894891218e+00 
 3.205260738760793e-07  1.200000000000000e+00  7.687827996420442e-01  7.093454846745225e-01  1.016966519523649e+00  1.199986537542466e+00 -2.703238264118382e-03  1.550051088651039e+00 
 3.205295463211287e-07  1.200000000000000e+00  7.691335746362581e-01  7.093569944507307e-01  1.017534799692875e+00  1.199985157609269e+00 -2.238077009794413e-03  1.550050026597922e+00 
 3.205335205598630e-07  1.200000000000000e+00  7.695246239922975e-01  7.093701893619654e-01  1.018152050517970e+00  1.199983777257873e+00 -1.846044628571377e-03  1.550048795510655e+00 
 3.205389374556096e-07  1.200000000000000e+00  7.700404826779779e-01  7.093882029093979e-01  1.018937346210838e+00  1.199982188226510e+00 -1.437371378276403e-03  1.550047091530617e+00 
 3.205450264144490e-07  1.200000000000000e+00  7.705962359169499e-01  7.094084609273541e-01  1.019747099664531e+00  1.199980735490012e+00 -1.083609405790882e-03  1.550045141525520e+00 
 3.205513722308734e-07  1.200000000000000e+00  7.711458806446108e-01  7.094295364185484e-01  1.020516389116386e+00  1.199979523683669e+00 -8.002397473777434e-04  1.550043071837134e+00 
 3.205582857760952e-07  1.200000000000000e+00  7.717061215222950e-01  7.094523988649717e-01  1.021276201989494e+00  1.199978480157983e+00 -5.683883391750420e-04  1.550040775616264e+00 
 3.205654881844572e-07  1.200000000000000e+00  7.722424342508085e-01  7.094760695227328e-01  1.021987250244264e+00  1.199977636519992e+00 -3.937522887997396e-04  1.550038340118091e+00 
 3.205733784132099e-07  1.200000000000000e+00  7.727704981519743e-01  7.095018186798926e-01  1.022676636420013e+00  1.199976938810332e+00 -2.612527691524880e-04  1.550035624646677e+00 
 3.205821120663627e-07  1.200000000000000e+00  7.732796319141580e-01  7.095301182880752e-01  1.023334646555891e+00  1.199976383757967e+00 -1.648862865513470e-04  1.550032565744840e+00 
 3.205901822461932e-07  1.200000000000000e+00  7.736793599853361e-01  7.095561164216417e-01  1.023848412729328e+00  1.199976031376374e+00 -1.078319677340708e-04  1.550029693855453e+00 
 3.205994347244020e-07  1.200000000000000e+00  7.740572319564188e-01  7.095858139722815e-01  1.024333213025892e+00  1.199975771785796e+00 -6.603793451843845e-05  1.550026353572489e+00 
 3.206081511334256e-07  1.200000000000000e+00  7.743412091868700e-01  7.096137615493893e-01  1.024697752460147e+00  1.199975636375950e+00 -4.141918211805415e-05  1.550023165828113e+00 
 3.206183171987432e-07  1.200000000000000e+00  7.745971807366129e-01  7.096464235118501e-01  1.025026900910285e+00  1.199975575253509e+00 -2.361734311064274e-05  1.550019405705455e+00 
 3.206287381469689e-07  1.200000000000000e+00  7.747918526861386e-01  7.096800596830369e-01  1.025277420546310e+00  1.199975586264910e+00 -1.292404033287396e-05  1.550015513182474e+00 
 3.206386979579027e-07  1.200000000000000e+00  7.749288268214791e-01  7.097123913105597e-01  1.025453105646065e+00  1.199975639057940e+00 -7.119987704473098e-06  1.550011765500017e+00 
 3.206493803562697e-07  1.200000000000000e+00  7.750372546921640e-01  7.097472644570402e-01  1.025590473587434e+00  1.199975717140408e+00 -3.695476667223661e-06  1.550007726241984e+00 
 3.206597364330686e-07  1.200000000000000e+00  7.751153734223676e-01  7.097812312349383e-01  1.025686789339537e+00  1.199975798902826e+00 -1.963521472428398e-06  1.550003800473465e+00 
 3.206714436933010e-07  1.200000000000000e+00  7.751821163700178e-01  7.098197542267044e-01  1.025764968648014e+00  1.199975888542094e+00 -9.723959295837321e-07  1.549999363089579e+00 
 3.206838251020207e-07  1.200000000000000e+00  7.752360428026512e-01  7.098605632224155e-01  1.025822668450907e+00  1.199975976974361e+00 -4.686442733978658e-07  1.549994685048090e+00 
 3.206984649752792e-07  1.200000000000000e+00  7.752856043215165e-01  7.099088103394431e-01  1.025868059776961e+00  1.199976075150569e+00 -1.853997032339838e-07  1.549989194223206e+00 
 3.207150104390921e-07  1.200000000000000e+00  7.753297130165703e-01  7.099632334909385e-01  1.025898606872987e+00  1.199976183468243e+00 -3.589436783918301e-08  1.549983069769246e+00 
 3.207352934296725e-07  1.200000000000000e+00  7.753728593349249e-01  7.100296992137397e-01  1.025915162429617e+00  1.199976319835100e+00  4.845986401849807e-08  1.549975724283008e+00 
 3.207595313996843e-07  1.200000000000000e+00  7.754141226757945e-01  7.101086778026362e-01  1.025913532567729e+00  1.199976492878095e+00  8.989700520193331e-08  1.549967248520538e+00 
 3.207851960371742e-07  1.200000000000000e+00  7.754493565866384e-01  7.101917302325207e-01  1.025893201712772e+00  1.199976687500842e+00  1.039660422617921e-07  1.549958706875345e+00 
 3.208130233050291e-07  1.200000000000000e+00  7.754804860589148e-01  7.102810995651822e-01  1.025855104086090e+00  1.199976907158376e+00  1.068004001964407e-07  1.549950027309126e+00 
 3.208426973598040e-07  1.200000000000000e+00  7.755076091083805e-01  7.103756271683743e-01  1.025800598021940e+00  1.199977145289643e+00  1.062638032244657e-07  1.549941511141818e+00 
 3.208755724806977e-07  1.200000000000000e+00  7.755321038301363e-01  7.104794431959682e-01  1.025727614094823e+00  1.199977408220940e+00  1.057225973783021e-07  1.549933031245097e+00 
 3.209119987612664e-07  1.200000000000000e+00  7.755540626093350e-01  7.105933909666968e-01  1.025635195320855e+00  1.199977694607435e+00  1.059094264395705e-07  1.549924851942849e+00 
 3.209536617824841e-07  1.200000000000000e+00  7.755741870051254e-01  7.107223705382133e-01  1.025518610479690e+00  1.199978013820328e+00  1.065302321760559e-07  1.549917074896298e+00 
 3.210015135606213e-07  1.200000000000000e+00  7.755924932887893e-01  7.108687937660255e-01  1.025374515486144e+00  1.199978369131345e+00  1.071476679408270e-07  1.549910167425999e+00 
 3.210580322109108e-07  1.200000000000000e+00  7.756094265357563e-01  7.110394638290374e-01  1.025194721228284e+00  1.199978773969560e+00  1.075567603378851e-07  1.549904628112078e+00 
 3.211254651861626e-07  1.200000000000000e+00  7.756250948576721e-01  7.112400042281296e-01  1.024971364832974e+00  1.199979237411875e+00  1.077483242660677e-07  1.549901355384660e+00 
 3.212082081112262e-07  1.200000000000000e+00  7.756399395033632e-01  7.114816976879765e-01  1.024689416687951e+00  1.199979779076275e+00  1.078082240295956e-07  1.549901549339092e+00 
 3.213111672029650e-07  1.200000000000000e+00  7.756542672721763e-01  7.117760595085951e-01  1.024332250234035e+00  1.199980414816522e+00  1.078129401262515e-07  1.549906878148420e+00 
 3.214421121375413e-07  1.200000000000000e+00  7.756686566532652e-01  7.121408190939305e-01  1.023874248511079e+00  1.199981167758424e+00  1.078054796924140e-07  1.549919355734296e+00 
 3.216055316857939e-07  1.200000000000000e+00  7.756832636543042e-01  7.125819577935395e-01  1.023303196790506e+00  1.199982029801346e+00  1.078003765784400e-07  1.549940143937055e+00 
 3.218031298197224e-07  1.200000000000000e+00  7.756980825631765e-01  7.130960368971185e-01  1.022619140355511e+00  1.199982972005244e+00  1.077990155973100e-07  1.549968329552938e+00 
 3.220031298197224e-07  1.200000000000000e+00  7.757109517678913e-01  7.135964229634274e-01  1.021937112070004e+00  1.199983829501375e+00  1.077991101057503e-07  1.549996734056643e+00 
 3.222031298197224e-07  1.200000000000000e+00  7.757221361423376e-01  7.140782351896664e-01  1.021267016993027e+00  1.199984604047278e+00  1.077994170033766e-07  1.550022874825032e+00 
 3.224031298197224e-07  1.200000000000000e+00  7.757318396076052e-01  7.145427985011685e-01  1.020609434486434e+00  1.199985307098344e+00  1.077994833181460e-07  1.550045768052078e+00 
 3.226031298197224e-07  1.200000000000000e+00  7.757401827459792e-01  7.149912794025147e-01  1.019964453257770e+00  1.199985948103163e+00  1.077994756369992e-07  1.550065198205763e+00 
 3.228031298197225e-07  1.200000000000000e+00  7.757472696908082e-01  7.154247072822248e-01  1.019331917231350e+00  1.199986534919045e+00  1.077994924018494e-07  1.550081381297676e+00 
 3.230031298197225e-07  1.200000000000000e+00  7.757532062170851e-01  7.158439958864067e-01  1.018711552361015e+00  1.199987074133485e+00  1.077995014591962e-07  1.550094730564306e+00 
 3.232031298197225e-07  1.200000000000000e+00  7.757581000446618e-01  7.162499613202958e-01  1.018103031508694e+00  1.199987571309850e+00  1.077995138119121e-07  1.550105713753711e+00 
 3.234031298197225e-07  1.200000000000000e+00  7.757620566992129e-01  7.166433365335364e-01  1.017506007487496e+00  1.199988031177289e+00  1.077995235277041e-07  1.550114776207176e+00 
 3.236031298197225e-07  1.200000000000000e+00  7.757651756972607e-01  7.170247830208463e-01  1.016920129804811e+00  1.199988457781169e+00  1.077995240701598e-07  1.550122305938232e+00 
 3.238031298197225e-07  1.200000000000000e+00  7.757675482318803e-01  7.173949004295136e-01  1.016345053116550e+00  1.199988854603056e+00  1.077995318543157e-07  1.550128623189703e+00 
 3.240031298197226e-07  1.200000000000000e+00  7.757692562453172e-01  7.177542345838898e-01  1.015780441503092e+00  1.199989224654114e+00  1.077995304181756e-07  1.550133982923034e+00 
 3.242031298197226e-07  1.200000000000000e+00  7.757703724530098e-01  7.181032842710569e-01  1.015225970660070e+00  1.199989570553409e+00  1.077995363848449e-07  1.550138583182600e+00 
 3.244031298197226e-07  1.200000000000000e+00  7.757709609118397e-01  7.184425070310366e-01  1.014681329051609e+00  1.199989894589297e+00  1.077995345263221e-07  1.550142575305465e+00 
 3.246031298197226e-07  1.200000000000000e+00  7.757710778431262e-01  7.187723241195508e-01  1.014146218537178e+00  1.199990198769606e+00  1.077995342490925e-07  1.550146073860618e+00 
 3.248031298197226e-07  1.200000000000000e+00  7.757707725313150e-01  7.190931247716895e-01  1.013620354709858e+00  1.199990484863644e+00  1.077995371365343e-07  1.550149165348655e+00 
 3.250031298197226e-07  1.200000000000000e+00  7.757700881994355e-01  7.194052698735220e-01  1.013103467050218e+00  1.199990754436829e+00  1.077995378510183e-07  1.550151915343617e+00 
 3.252031298197226e-07  1.200000000000000e+00  7.757690628132488e-01  7.197090951247197e-01  1.012595298940518e+00  1.199991008878574e+00  1.077995423670423e-07  1.550154374101494e+00 
 3.254031298197227e-07  1.200000000000000e+00  7.757677297960701e-01  7.200049137693211e-01  1.012095607549833e+00  1.199991249427459e+00  1.077995357726167e-07  1.550156580818470e+00 
 3.256031298197227e-07  1.200000000000000e+00  7.757661186519372e-01  7.202930189571706e-01  1.011604163609969e+00  1.199991477189998e+00  1.077995391385784e-07  1.550158566777172e+00 
 3.258031298197227e-07  1.200000000000000e+00  7.757642555028768e-01  7.205736857908209e-01  1.011120751079544e+00  1.199991693158441e+00  1.077995394628986e-07  1.550160357617824e+00 
 3.260031298197227e-07  1.200000000000000e+00  7.757621635492684e-01  7.208471731071829e-01  1.010645166718812e+00  1.199991898225148e+00  1.077995365833154e-07  1.550161974944747e+00 
 3.262031298197227e-07  1.200000000000000e+00  7.757598634629762e-01  7.211137250306479e-01  1.010177219581199e+00  1.199992093194178e+00  1.077995450185279e-07  1.550163437442281e+00 
 3.264031298197227e-07  1.200000000000000e+00  7.757573737228387e-01  7.213735723360305e-01  1.009716730443283e+00  1.199992278793203e+00  1.077995342226544e-07  1.550164761637239e+00 
 3.266031298197227e-07  1.200000000000000e+00  7.757547109007830e-01  7.216269336482537e-01  1.009263531187294e+00  1.199992455680730e+00  1.077995404575809e-07  1.550165962412698e+00 
 3.268031298197228e-07  1.200000000000000e+00  7.757518899061376e-01  7.218740165017050e-01  1.008817464149396e+00  1.199992624456054e+00  1.077995416458283e-07  1.550167053350243e+00 
 3.270031298197228e-07  1.200000000000000e+00  7.757489241945449e-01  7.221150182797651e-01  1.008378381454886e+00  1.199992785663590e+00  1.077995396395108e-07  1.550168046956337e+00 
 3.272031298197228e-07  1.200000000000000e+00  7.757458259469026e-01  7.223501270519117e-01  1.007946144346886e+00  1.199992939801035e+00  1.077995391331299e-07  1.550168954811853e+00 
 3.274031298197228e-07  1.200000000000000e+00  7.757426062227526e-01  7.225795223223127e-01  1.007520622522304e+00  1.199993087322958e+00  1.077995427928894e-07  1.550169787671954e+00 
 3.276031298197228e-07  1.200000000000000e+00  7.757392750923802e-01  7.228033756997163e-01  1.007101693483077e+00  1.199993228646288e+00  1.077995402568939e-07  1.550170555534125e+00 
 3.278031298197228e-07  1.200000000000000e+00  7.757358417505248e-01  7.230218514993536e-01  1.006689241909942e+00  1.199993364152882e+00  1.077995383885510e-07  1.550171267686601e+00 
 3.280031298197229e-07  1.200000000000000e+00  7.757323146146314e-01  7.232351072851737e-01  1.006283159061391e+00  1.199993494194109e+00  1.077995411008109e-07  1.550171932744822e+00 
 3.282031298197229e-07  1.200000000000000e+00  7.757287014099348e-01  7.234432943576818e-01  1.005883342205683e+00  1.199993619094483e+00  1.077995382109727e-07  1.550172558680711e+00 
 3.284031298197229e-07  1.200000000000000e+00  7.757250092434016e-01  7.236465581964657e-01  1.005489694082769e+00  1.199993739151895e+00  1.077995394503113e-07  1.550173152847964e+00 
 3.286031298197229e-07  1.200000000000000e+00  7.757212446679557e-01  7.238450388578019e-01  1.005102122402356e+00  1.199993854642722e+00  1.077995427268362e-07  1.550173722005136e+00 
 3.288031298197229e-07  1.200000000000000e+00  7.757174137386046e-01  7.240388713354052e-01  1.004720539373402e+00  1.199993965822581e+00  1.077995436544018e-07  1.550174272337627e+00 
 3.290031298197229e-07  1.200000000000000e+00  7.757135220616020e-01  7.242281858880985e-01  1.004344861268120e+00  1.199994072927852e+00  1.077995373570049e-07  1.550174809479153e+00 
 3.292031298197229e-07  1.200000000000000e+00  7.757095748374793e-01  7.244131083354294e-01  1.003975008019030e+00  1.199994176178475e+00  1.077995422427951e-07  1.550175338533236e+00 
 3.294031298197230e-07  1.200000000000000e+00  7.757055768989596e-01  7.245937603244531e-01  1.003610902846658e+00  1.199994275778192e+00  1.077995391937495e-07  1.550175864094782e+00 
 3.296031298197230e-07  1.200000000000000e+00  7.757015327443877e-01  7.247702595748706e-01  1.003252471917481e+00  1.199994371917720e+00  1.077995401125003e-07  1.550176390271951e+00 
 3.298031298197230e-07  1.200000000000000e+00  7.756974465672708e-01  7.249427200984556e-01  1.002899644030167e+00  1.199994464773740e+00  1.077995423522450e-07  1.550176920708336e+00 
 3.300031298197230e-07  1.200000000000000e+00  7.756933222825122e-01  7.251112524006849e-01  1.002552350329287e+00  1.199994554511706e+00  1.077995365489359e-07  1.550177458605561e+00 
 3.302031298197230e-07  1.200000000000000e+00  7.756891635496639e-01  7.252759636613275e-01  1.002210524044149e+00  1.199994641285641e+00  1.077995403588104e-07  1.550178006746145e+00 
 3.304031298197230e-07  1.200000000000000e+00  7.756849737937264e-01  7.254369579010536e-01  1.001874100250305e+00  1.199994725240275e+00  1.077995398046852e-07  1.550178567516765e+00 
 3.306031298197230e-07  1.200000000000000e+00  7.756807562236872e-01  7.255943361321052e-01  1.001543015652983e+00  1.199994806510366e+00  1.077995419255546e-07  1.550179142931775e+00 
 3.308031298197231e-07  1.200000000000000e+00  7.756765138491266e-01  7.257481964955879e-01  1.001217208393293e+00  1.199994885222350e+00  1.077995401510971e-07  1.550179734656941e+00 
 3.310031298197231e-07  1.200000000000000e+00  7.756722494950962e-01  7.258986343864744e-01  1.000896617871169e+00  1.199994961495404e+00  1.077995429880837e-07  1.550180344033336e+00 
 3.312031298197231e-07  1.200000000000000e+00  7.756679658156358e-01  7.260457425689938e-01  1.000581184586859e+00  1.199995035440695e+00  1.077995412271024e-07  1.550180972101235e+00 
 3.314031298197231e-07  1.200000000000000e+00  7.756636653058055e-01  7.261896112812214e-01  1.000270849997644e+00  1.199995107163329e+00  1.077995370029694e-07  1.550181619624035e+00 
 3.316031298197231e-07  1.200000000000000e+00  7.756593503127497e-01  7.263303283316722e-01  9.999655563916821e-01  1.199995176761715e+00  1.077995447495911e-07  1.550182287111975e+00 
 3.318031298197231e-07  1.200000000000000e+00  7.756550230455962e-01  7.264679791872424e-01  9.996652467740661e-01  1.199995244329104e+00  1.077995396848564e-07  1.550182974845627e+00 
 3.320031298197232e-07  1.200000000000000e+00  7.756506855845603e-01  7.266026470552027e-01  9.993698647666710e-01  1.199995309952941e+00  1.077995397650048e-07  1.550183682899021e+00 
 3.322031298197232e-07  1.200000000000000e+00  7.756463398891666e-01  7.267344129586488e-01  9.990793545197346e-01  1.199995373715420e+00  1.077995420799602e-07  1.550184411162272e+00 
 3.324031298197232e-07  1.200000000000000e+00  7.756419878058677e-01  7.268633558060851e-01  9.987936606319207e-01  1.199995435694710e+00  1.077995391619616e-07  1.550185159363664e+00 
 3.326031298197232e-07  1.200000000000000e+00  7.756376310749761e-01  7.269895524558262e-01  9.985127280837742e-01  1.199995495964682e+00  1.077995375477394e-07  1.550185927091036e+00 
 3.328031298197232e-07  1.200000000000000e+00  7.756332713370514e-01  7.271130777776684e-01  9.982365021797693e-01  1.199995554594695e+00  1.077995452402712e-07  1.550186713812429e+00 
 3.330031298197232e-07  1.200000000000000e+00  7.756289101387867e-01  7.272340047085695e-01  9.979649284960065e-01  1.199995611651300e+00  1.077995373084871e-07  1.550187518895899e+00 
 3.332031298197232e-07  1.200000000000000e+00  7.756245489385062e-01  7.273524043054833e-01  9.976979528385638e-01  1.199995667196465e+00  1.077995409864123e-07  1.550188341628342e+00 
 3.334031298197233e-07  1.200000000000000e+00  7.756201891112340e-01  7.274683457958440e-01  9.974355212056562e-01  1.199995721289694e+00  1.077995389381630e-07  1.550189181233418e+00 
 3.336031298197233e-07  1.200000000000000e+00  7.756158319533646e-01  7.275818966240145e-01  9.971775797602324e-01  1.199995773986494e+00  1.077995427775346e-07  1.550190036888371e+00 
 3.338031298197233e-07  1.200000000000000e+00  7.756114786870891e-01  7.276931224966683e-01  9.969240748040125e-01  1.199995825340738e+00  1.077995385519195e-07  1.550190907739830e+00 
 3.340031298197233e-07  1.200000000000000e+00  7.756071304645186e-01  7.278020874241579e-01  9.966749527585741e-01  1.199995875403131e+00  1.077995429686259e-07  1.550191792918403e+00 
 3.342031298197233e-07  1.200000000000000e+00  7.756027883715042e-01  7.279088537619860e-01  9.964301601523911e-01  1.199995924221518e+00  1.077995380344371e-07  1.550192691552165e+00 
 3.344031298197233e-07  1.200000000000000e+00  7.755984534312997e-01  7.280134822489450e-01  9.961896436095030e-01  1.199995971841690e+00  1.077995423676062e-07  1.550193602778987e+00 
 3.346031298197233e-07  1.200000000000000e+00  7.755941266079617e-01  7.281160320447436e-01  9.959533498432266e-01  1.199996018306923e+00  1.077995417601002e-07  1.550194525757688e+00 
 3.348031298197234e-07  1.200000000000000e+00  7.755898088095432e-01  7.282165607651615e-01  9.957212256533866e-01  1.199996063659241e+00  1.077995418579784e-07  1.550195459678013e+00 
 3.350031298197234e-07  1.200000000000000e+00  7.755855008911759e-01  7.283151245169011e-01  9.954932179249458e-01  1.199996107937768e+00  1.077995397568371e-07  1.550196403769390e+00 
 3.352031298197234e-07  1.200000000000000e+00  7.755812036578762e-01  7.284117779308843e-01  9.952692736323463e-01  1.199996151180185e+00  1.077995365594654e-07  1.550197357308572e+00 
 3.354031298197234e-07  1.200000000000000e+00  7.755769178673968e-01  7.285065741951711e-01  9.950493398425921e-01  1.199996193422344e+00  1.077995420742575e-07  1.550198319626233e+00 
 3.356031298197234e-07  1.200000000000000e+00  7.755726442326413e-01  7.285995650858754e-01  9.948333637233325e-01  1.199996234698601e+00  1.077995395657854e-07  1.550199290112294e+00 
 3.358031298197234e-07  1.200000000000000e+00  7.755683834242614e-01  7.286908009977782e-01  9.946212925491887e-01  1.199996275041733e+00  1.077995402753829e-07  1.550200268220266e+00 
 3.360031298197235e-07  1.200000000000000e+00  7.755641360728939e-01  7.287803309749837e-01  9.944130737140832e-01  1.199996314482796e+00  1.077995463793067e-07  1.550201253470613e+00 
 3.362031298197235e-07  1.200000000000000e+00  7.755599027714566e-01  7.288682027403932e-01  9.942086547403465e-01  1.199996353051867e+00  1.077995385666936e-07  1.550202245453047e+00 
 3.364031298197235e-07  1.200000000000000e+00  7.755556840772161e-01  7.289544627234101e-01  9.940079832923784e-01  1.199996390777630e+00  1.077995420355137e-07  1.550203243827859e+00 
 3.366031298197235e-07  1.200000000000000e+00  7.755514805137897e-01  7.290391560889260e-01  9.938110071885807e-01  1.199996427687056e+00  1.077995367402279e-07  1.550204248326448e+00 
 3.368031298197235e-07  1.200000000000000e+00  7.755472925730729e-01  7.291223267648078e-01  9.936176744152867e-01  1.199996463806554e+00  1.077995413330934e-07  1.550205258750969e+00 
 3.370031298197235e-07  1.200000000000000e+00  7.755431207169983e-01  7.292040174693880e-01  9.934279331414607e-01  1.199996499161330e+00  1.077995402162922e-07  1.550206274973173e+00 
 3.372031298197235e-07  1.200000000000000e+00  7.755389653793486e-01  7.292842697373765e-01  9.932417317321754e-01  1.199996533775093e+00  1.077995399373810e-07  1.550207296932542e+00 
 3.374031298197236e-07  1.200000000000000e+00  7.755348269673304e-01  7.293631239464289e-01  9.930590187644511e-01  1.199996567670990e+00  1.077995442127055e-07  1.550208324633765e+00 
 3.376031298197236e-07  1.200000000000000e+00  7.755307058631444e-01  7.294406193439567e-01  9.928797430422900e-01  1.199996600871124e+00  1.077995387371505e-07  1.550209358143581e+00 
 3.378031298197236e-07  1.200000000000000e+00  7.755266024254440e-01  7.295167940711326e-01  9.927038536110658e-01  1.199996633396583e+00  1.077995411967110e-07  1.550210397587071e+00 
 3.380031298197236e-07  1.200000000000000e+00  7.755225169907920e-01  7.295916851893369e-01  9.925312997719842e-01  1.199996665267753e+00  1.077995411993013e-07  1.550211443143501e+00 
 3.382031298197236e-07  1.200000000000000e+00  7.755184498749049e-01  7.296653287040648e-01  9.923620310976730e-01  1.199996696504221e+00  1.077995392974244e-07  1.550212495041676e+00 
 3.384031298197236e-07  1.200000000000000e+00  7.755144013739664e-01  7.297377595895872e-01  9.921959974465386e-01  1.199996727124810e+00  1.077995406153610e-07  1.550213553554976e+00 
 3.386031298197236e-07  1.200000000000000e+00  7.755103717657320e-01  7.298090118132202e-01  9.920331489770714e-01  1.199996757147600e+00  1.077995398530434e-07  1.550214618996025e+00 
 3.388031298197237e-07  1.200000000000000e+00  7.755063613106924e-01  7.298791183588240e-01  9.918734361615317e-01  1.199996786589040e+00  1.077995401469574e-07  1.550215691711144e+00 
 3.390031298197237e-07  1.200000000000000e+00  7.755023702531250e-01  7.299481112498162e-01  9.917168097999844e-01  1.199996815467141e+00  1.077995419601843e-07  1.550216772074585e+00 
 3.392031298197237e-07  1.200000000000000e+00  7.754983988220150e-01  7.300160215725530e-01  9.915632210325991e-01  1.199996843797280e+00  1.077995414523416e-07  1.550217860482611e+00 
 3.394031298197237e-07  1.200000000000000e+00  7.754944472320066e-01  7.300828794994446e-01  9.914126213534608e-01  1.199996871594896e+00  1.077995385582799e-07  1.550218957347474e+00 
 3.396031298197237e-07  1.200000000000000e+00  7.754905156842938e-01  7.301487143099942e-01  9.912649626213280e-01  1.199996898874791e+00  1.077995412285451e-07  1.550220063091390e+00 
 3.398031298197237e-07  1.200000000000000e+00  7.754866043673463e-01  7.302135544143612e-01  9.911201970723467e-01  1.199996925651137e+00  1.077995398198801e-07  1.550221178140433e+00 
 3.400031298197238e-07  1.200000000000000e+00  7.754827134576421e-01  7.302774273729965e-01  9.909782773315053e-01  1.199996951938395e+00  1.077995449366192e-07  1.550222302918534e+00 
 3.402031298197238e-07  1.200000000000000e+00  7.754788431204193e-01  7.303403599202647e-01  9.908391564223500e-01  1.199996977749082e+00  1.077995345044150e-07  1.550223437841557e+00 
 3.404031298197238e-07  1.200000000000000e+00  7.754749935102686e-01  7.304023779840202e-01  9.907027877776133e-01  1.199997003096323e+00  1.077995412364008e-07  1.550224583311503e+00 
 3.406031298197238e-07  1.200000000000000e+00  7.754711647716775e-01  7.304635067062052e-01  9.905691252488957e-01  1.199997027992525e+00  1.077995457520012e-07  1.550225739710828e+00 
 3.408031298197238e-07  1.200000000000000e+00  7.754673570396381e-01  7.305237704632953e-01  9.904381231149079e-01  1.199997052449600e+00  1.077995351324387e-07  1.550226907397011e+00 
 3.410031298197238e-07  1.200000000000000e+00  7.754635704400412e-01  7.305831928859977e-01  9.903097360909737e-01  1.199997076478848e+00  1.077995429342118e-07  1.550228086697351e+00 
 3.412031298197238e-07  1.200000000000000e+00  7.754598050901798e-01  7.306417968795808e-01  9.901839193363295e-01  1.199997100091802e+00  1.077995402142437e-07  1.550229277903976e+00 
 3.414031298197239e-07  1.200000000000000e+00  7.754560610991146e-01  7.306996046421718e-01  9.900606284616325e-01  1.199997123298867e+00  1.077995411277213e-07  1.550230481269137e+00 
 3.416031298197239e-07  1.200000000000000e+00  7.754523385680333e-01  7.307566376839919e-01  9.899398195355295e-01  1.199997146110338e+00  1.077995380310318e-07  1.550231697000855e+00 
 3.418031298197239e-07  1.200000000000000e+00  7.754486375905408e-01  7.308129168455255e-01  9.898214490913460e-01  1.199997168536543e+00  1.077995406613457e-07  1.550232925258821e+00 
 3.420031298197239e-07  1.200000000000000e+00  7.754449582530029e-01  7.308684623166962e-01  9.897054741324178e-01  1.199997190587000e+00  1.077995417622843e-07  1.550234166150749e+00 
 3.422031298197239e-07  1.200000000000000e+00  7.754413006347242e-01  7.309232936527955e-01  9.895918521385311e-01  1.199997212270611e+00  1.077995438423251e-07  1.550235419728881e+00 
 3.424031298197239e-07  1.200000000000000e+00  7.754376648081763e-01  7.309774297936218e-01  9.894805410687730e-01  1.199997233597272e+00  1.077995374748127e-07  1.550236685987077e+00 
 3.426031298197239e-07  1.200000000000000e+00  7.754340508392396e-01  7.310308890798032e-01  9.893714993681311e-01  1.199997254575224e+00  1.077995424407118e-07  1.550237964858132e+00 
 3.428031298197240e-07  1.200000000000000e+00  7.754304587872425e-01  7.310836892695888e-01  9.892646859697132e-01  1.199997275213076e+00  1.077995394755776e-07  1.550239256211537e+00 
 3.430031298197240e-07  1.200000000000000e+00  7.754268887051875e-01  7.311358475551855e-01  9.891600602985798e-01  1.199997295518868e+00  1.077995424788451e-07  1.550240559851600e+00 
 3.432031298197240e-07  1.200000000000000e+00  7.754233406398108e-01  7.311873805787261e-01  9.890575822755295e-01  1.199997315500858e+00  1.077995401579224e-07  1.550241875515945e+00 
 3.434031298197240e-07  1.200000000000000e+00  7.754198146316874e-01  7.312383044485701e-01  9.889572123183450e-01  1.199997335166289e+00  1.077995375710100e-07  1.550243202874402e+00 
 3.436031298197240e-07  1.200000000000000e+00  7.754163107152897e-01  7.312886347538220e-01  9.888589113453434e-01  1.199997354523089e+00  1.077995420594020e-07  1.550244541528268e+00 
 3.438031298197240e-07  1.200000000000000e+00  7.754128289189952e-01  7.313383865795099e-01  9.887626407769174e-01  1.199997373578112e+00  1.077995432960502e-07  1.550245891010014e+00 
 3.440031298197241e-07  1.200000000000000e+00  7.754093692651902e-01  7.313875745213320e-01  9.886683625361409e-01  1.199997392338538e+00  1.077995362389873e-07  1.550247250783215e+00 
 3.442031298197241e-07  1.200000000000000e+00  7.754059317702259e-01  7.314362127002225e-01  9.885760390510638e-01  1.199997410811025e+00  1.077995457420170e-07  1.550248620242954e+00 
 3.444031298197241e-07  1.200000000000000e+00  7.754025164444307e-01  7.314843147760078e-01  9.884856332539669e-01  1.199997429001922e+00  1.077995399644786e-07  1.550249998716531e+00 
 3.446031298197241e-07  1.200000000000000e+00  7.753991232921439e-01  7.315318939613047e-01  9.883971085834740e-01  1.199997446918085e+00  1.077995369203569e-07  1.550251385464547e+00 
 3.448031298197241e-07  1.200000000000000e+00  7.753957523116450e-01  7.315789630347486e-01  9.883104289836104e-01  1.199997464565491e+00  1.077995420098868e-07  1.550252779682260e+00 
 3.450031298197241e-07  1.200000000000000e+00  7.753924034952114e-01  7.316255343538889e-01  9.882255589042502e-01  1.199997481950259e+00  1.077995389006068e-07  1.550254180501268e+00 
 3.452031298197241e-07  1.200000000000000e+00  7.753890768290196e-01  7.316716198676497e-01  9.881424633008135e-01  1.199997499077868e+00  1.077995433309274e-07  1.550255586991511e+00 
 3.454031298197242e-07  1.200000000000000e+00  7.753857722931330e-01  7.317172311294439e-01  9.880611076331399e-01  1.199997515954081e+00  1.077995382886945e-07  1.550256998163505e+00 
 3.456031298197242e-07  1.200000000000000e+00  7.753824898614895e-01  7.317623793088874e-01  9.879814578646247e-01  1.199997532584656e+00  1.077995427001419e-07  1.550258412970851e+00 
 3.458031298197242e-07  1.200000000000000e+00  7.753792295018851e-01  7.318070752031106e-01  9.879034804618256e-01  1.199997548974532e+00  1.077995395809301e-07  1.550259830313018e+00 
 3.460031298197242e-07  1.200000000000000e+00  7.753759911759073e-01  7.318513292493797e-01  9.878271423913420e-01  1.199997565129284e+00  1.077995401699426e-07  1.550261249038327e+00 
 3.462031298197242e-07  1.200000000000000e+00  7.753727748389247e-01  7.318951515353270e-01  9.877524111200622e-01  1.199997581053738e+00  1.077995411689392e-07  1.550262667947114e+00 
 3.464031298197242e-07  1.200000000000000e+00  7.753695804400734e-01  7.319385518094061e-01  9.876792546127192e-01  1.199997596752793e+00  1.077995399485903e-07  1.550264085795109e+00 
 3.466031298197242e-07  1.200000000000000e+00  7.753664079221950e-01  7.319815394930422e-01  9.876076413287660e-01  1.199997612231011e+00  1.077995385255641e-07  1.550265501296946e+00 
 3.468031298197243e-07  1.200000000000000e+00  7.753632572218643e-01  7.320241236903968e-01  9.875375402226080e-01  1.199997627493053e+00  1.077995425541331e-07  1.550266913129866e+00 
 3.470031298197243e-07  1.200000000000000e+00  7.753601282693685e-01  7.320663131972168e-01  9.874689207395250e-01  1.199997642543775e+00  1.077995407048231e-07  1.550268319937490e+00 
 3.472031298197243e-07  1.200000000000000e+00  7.753570209887066e-01  7.321081165126124e-01  9.874017528135433e-01  1.199997657387414e+00  1.077995414494627e-07  1.550269720333749e+00 
 3.474031298197243e-07  1.200000000000000e+00  7.753539352975509e-01  7.321495418470155e-01  9.873360068646324e-01  1.199997672027880e+00  1.077995367484410e-07  1.550271112906839e+00 
 3.476031298197243e-07  1.200000000000000e+00  7.753508711073522e-01  7.321905971323088e-01  9.872716537957960e-01  1.199997686469512e+00  1.077995433672893e-07  1.550272496223321e+00 
 3.478031298197243e-07  1.200000000000000e+00  7.753478283232662e-01  7.322312900304240e-01  9.872086649907478e-01  1.199997700716270e+00  1.077995379320446e-07  1.550273868832194e+00 
 3.480031298197244e-07  1.200000000000000e+00  7.753448068442279e-01  7.322716279428793e-01  9.871470123100220e-01  1.199997714772505e+00  1.077995407768301e-07  1.550275229269032e+00 
 3.482031298197244e-07  1.200000000000000e+00  7.753418065629942e-01  7.323116180185127e-01  9.870866680876951e-01  1.199997728641413e+00  1.077995413306892e-07  1.550276576060093e+00 
 3.484031298197244e-07  1.200000000000000e+00  7.753388273661740e-01  7.323512671621213e-01  9.870276051294957e-01  1.199997742327029e+00  1.077995433368572e-07  1.550277907726479e+00 
 3.486031298197244e-07  1.200000000000000e+00  7.753358691342959e-01  7.323905820428156e-01  9.869697967074499e-01  1.199997755832720e+00  1.077995405704805e-07  1.550279222788245e+00 
 3.488031298197244e-07  1.200000000000000e+00  7.753329317419230e-01  7.324295691015865e-01  9.869132165569822e-01  1.199997769162419e+00  1.077995393970951e-07  1.550280519768437e+00 
 3.490031298197244e-07  1.200000000000000e+00  7.753300150576639e-01  7.324682345590774e-01  9.868578388731591e-01  1.199997782319103e+00  1.077995391190023e-07  1.550281797197119e+00 
 3.492031298197244e-07  1.200000000000000e+00  7.753271189443145e-01  7.325065844223603e-01  9.868036383074795e-01  1.199997795306418e+00  1.077995444246076e-07  1.550283053615297e+00 
 3.494031298197245e-07  1.200000000000000e+00  7.753242432589330e-01  7.325446244937983e-01  9.867505899635688e-01  1.199997808127231e+00  1.077995364765094e-07  1.550284287578789e+00 
 3.496031298197245e-07  1.200000000000000e+00  7.753213878529492e-01  7.325823603763922e-01  9.866986693929395e-01  1.199997820784868e+00  1.077995418328451e-07  1.550285497661951e+00 
 3.498031298197245e-07  1.200000000000000e+00  7.753185525723399e-01  7.326197974819684e-01  9.866478525912745e-01  1.199997833282850e+00  1.077995428777934e-07  1.550286682461306e+00 
 3.500031298197245e-07  1.200000000000000e+00  7.753157372576770e-01  7.326569410364614e-01  9.865981159939026e-01  1.199997845623914e+00  1.077995396145983e-07  1.550287840599092e+00 
 3.502031298197245e-07  1.200000000000000e+00  7.753129417443323e-01  7.326937960877125e-01  9.865494364711276e-01  1.199997857810771e+00  1.077995422124467e-07  1.550288970726643e+00 
 3.504031298197245e-07  1.200000000000000e+00  7.753101658626291e-01  7.327303675104226e-01  9.865017913252319e-01  1.199997869846408e+00  1.077995395185856e-07  1.550290071527640e+00 
 3.506031298197245e-07  1.200000000000000e+00  7.753074094379558e-01  7.327666600133736e-01  9.864551582849748e-01  1.199997881733732e+00  1.077995382743453e-07  1.550291141721166e+00 
 3.508031298197246e-07  1.200000000000000e+00  7.753046722909810e-01  7.328026781451594e-01  9.864095155010639e-01  1.199997893475286e+00  1.077995440518174e-07  1.550292180064664e+00 
 3.510031298197246e-07  1.200000000000000e+00  7.753019542378390e-01  7.328384262990010e-01  9.863648415425531e-01  1.199997905074220e+00  1.077995369232291e-07  1.550293185356698e+00 
 3.512031298197246e-07  1.200000000000000e+00  7.752992550787853e-01  7.328739087228923e-01  9.863211153801091e-01  1.199997916604877e+00  1.077995410627317e-07  1.550294156439545e+00 
 3.514031298197246e-07  1.200000000000000e+00  7.752965746284587e-01  7.329091295145237e-01  9.862783164123767e-01  1.199997927939849e+00  1.077995407197174e-07  1.550295092201519e+00 
 3.516031298197246e-07  1.200000000000000e+00  7.752939126940668e-01  7.329440926344155e-01  9.862364244357924e-01  1.199997939122533e+00  1.077995401905637e-07  1.550295991579209e+00 
 3.518031298197246e-07  1.200000000000000e+00  7.752912690764894e-01  7.329788019111082e-01  9.861954196438595e-01  1.199997950171379e+00  1.077995419482835e-07  1.550296853559733e+00 
 3.520031298197247e-07  1.200000000000000e+00  7.752886435722369e-01  7.330132610447467e-01  9.861552826226460e-01  1.199997961090858e+00  1.077995435400584e-07  1.550297677182572e+00 
 3.522031298197247e-07  1.200000000000000e+00  7.752860359743340e-01  7.330474736114442e-01  9.861159943479741e-01  1.199997971881921e+00  1.077995385238648e-07  1.550298461541207e+00 
 3.524031298197247e-07  1.200000000000000e+00  7.752834460725833e-01  7.330814430683520e-01  9.860775361799367e-01  1.199997982546928e+00  1.077995379710477e-07  1.550299205784635e+00 
 3.526031298197247e-07  1.200000000000000e+00  7.752808736539208e-01  7.331151727582119e-01  9.860398898565161e-01  1.199997993088228e+00  1.077995427912691e-07  1.550299909118597e+00 
 3.528031298197247e-07  1.200000000000000e+00  7.752783185026062e-01  7.331486659132745e-01  9.860030374903985e-01  1.199998003507889e+00  1.077995383125768e-07  1.550300570806669e+00 
 3.530031298197247e-07  1.200000000000000e+00  7.752757804004660e-01  7.331819256599513e-01  9.859669615638451e-01  1.199998013808131e+00  1.077995419023769e-07  1.550301190171206e+00 
 3.532031298197247e-07  1.200000000000000e+00  7.752732591271325e-01  7.332149550225080e-01  9.859316449216655e-01  1.199998023990420e+00  1.077995395511295e-07  1.550301766594054e+00 
 3.534031298197248e-07  1.200000000000000e+00  7.752707544602645e-01  7.332477569274858e-01  9.858970707673652e-01  1.199998034057203e+00  1.077995411956655e-07  1.550302299517127e+00 
 3.536031298197248e-07  1.200000000000000e+00  7.752682661758493e-01  7.332803342071553e-01  9.858632226584771e-01  1.199998044010173e+00  1.077995444163821e-07  1.550302788442772e+00 
 3.538031298197248e-07  1.200000000000000e+00  7.752657940483895e-01  7.333126896033336e-01  9.858300845004742e-01  1.199998053851932e+00  1.077995377201519e-07  1.550303232933997e+00 
 3.540031298197248e-07  1.200000000000000e+00  7.752633378511239e-01  7.333448257705359e-01  9.857976405411912e-01  1.199998063583353e+00  1.077995393603901e-07  1.550303632614497e+00 
 3.542031298197248e-07  1.200000000000000e+00  7.752608973563107e-01  7.333767452808673e-01  9.857658753669862e-01  1.199998073206880e+00  1.077995402421088e-07  1.550303987168538e+00 
 3.544031298197248e-07  1.200000000000000e+00  7.752584723353884e-01  7.334084506251154e-01  9.857347738957771e-01  1.199998082724325e+00  1.077995414996792e-07  1.550304296340634e+00 
 3.546031298197249e-07  1.200000000000000e+00  7.752560625593524e-01  7.334399442181626e-01  9.857043213729866e-01  1.199998092137315e+00  1.077995417458163e-07  1.550304559935111e+00 
 3.548031298197249e-07  1.200000000000000e+00  7.752536677988240e-01  7.334712284010859e-01  9.856745033652997e-01  1.199998101447629e+00  1.077995431736224e-07  1.550304777815549e+00 
 3.550031298197249e-07  1.200000000000000e+00  7.752512878243663e-01  7.335023054439799e-01  9.856453057565829e-01  1.199998110656639e+00  1.077995355779298e-07  1.550304949904021e+00 
 3.552031298197249e-07  1.200000000000000e+00  7.752489224066934e-01  7.335331775497136e-01  9.856167147409702e-01  1.199998119766470e+00  1.077995400915213e-07  1.550305076180224e+00 
 3.554031298197249e-07  1.200000000000000e+00  7.752465713169006e-01  7.335638468555957e-01  9.855887168188614e-01  1.199998128778184e+00  1.077995436934271e-07  1.550305156680453e+00 
 3.556031298197249e-07  1.200000000000000e+00  7.752442343266576e-01  7.335943154373408e-01  9.855612987902516e-01  1.199998137693882e+00  1.077995376045513e-07  1.550305191496516e+00 
 3.558031298197249e-07  1.200000000000000e+00  7.752419112084261e-01  7.336245853108140e-01  9.855344477507472e-01  1.199998146514471e+00  1.077995408734373e-07  1.550305180774489e+00 
 3.560031298197250e-07  1.200000000000000e+00  7.752396017357155e-01  7.336546584347278e-01  9.855081510859731e-01  1.199998155241946e+00  1.077995431528920e-07  1.550305124713374e+00 
 3.562031298197250e-07  1.200000000000000e+00  7.752373056832145e-01  7.336845367138304e-01  9.854823964654550e-01  1.199998163877602e+00  1.077995394423532e-07  1.550305023563670e+00 
 3.564031298197250e-07  1.200000000000000e+00  7.752350228270202e-01  7.337142219998400e-01  9.854571718385201e-01  1.199998172422989e+00  1.077995419004405e-07  1.550304877625828e+00 
 3.566031298197250e-07  1.200000000000000e+00  7.752327529448377e-01  7.337437160947545e-01  9.854324654276022e-01  1.199998180879352e+00  1.077995430970676e-07  1.550304687248646e+00 
 3.568031298197250e-07  1.200000000000000e+00  7.752304958161452e-01  7.337730207527702e-01  9.854082657237423e-01  1.199998189248164e+00  1.077995377825889e-07  1.550304452827582e+00 
 3.570031298197250e-07  1.200000000000000e+00  7.752282512223659e-01  7.338021376826629e-01  9.853845614822624e-01  1.199998197530705e+00  1.077995418388333e-07  1.550304174803002e+00 
 3.572031298197250e-07  1.200000000000000e+00  7.752260189470306e-01  7.338310685488013e-01  9.853613417157795e-01  1.199998205728496e+00  1.077995368372110e-07  1.550303853658356e+00 
 3.574031298197251e-07  1.200000000000000e+00  7.752237987760086e-01  7.338598149742477e-01  9.853385956902865e-01  1.199998213842531e+00  1.077995414217164e-07  1.550303489918336e+00 
 3.576031298197251e-07  1.200000000000000e+00  7.752215904975495e-01  7.338883785424061e-01  9.853163129198230e-01  1.199998221874505e+00  1.077995432347683e-07  1.550303084146939e+00 
 3.578031298197251e-07  1.200000000000000e+00  7.752193939025350e-01  7.339167607980860e-01  9.852944831607426e-01  1.199998229825286e+00  1.077995406958300e-07  1.550302636945546e+00 
 3.580031298197251e-07  1.200000000000000e+00  7.752172087845788e-01  7.339449632496292e-01  9.852730964070701e-01  1.199998237696057e+00  1.077995412551377e-07  1.550302148950922e+00 
 3.582031298197251e-07  1.200000000000000e+00  7.752150349401411e-01  7.339729873707999e-01  9.852521428860262e-01  1.199998245488416e+00  1.077995368871749e-07  1.550301620833207e+00 
 3.584031298197251e-07  1.200000000000000e+00  7.752128721686833e-01  7.340008346025468e-01  9.852316130518675e-01  1.199998253203300e+00  1.077995414396673e-07  1.550301053293935e+00 
 3.586031298197252e-07  1.200000000000000e+00  7.752107202727601e-01  7.340285063533867e-01  9.852114975821538e-01  1.199998260841741e+00  1.077995428186260e-07  1.550300447063974e+00 
 3.588031298197252e-07  1.200000000000000e+00  7.752085790581413e-01  7.340560040014581e-01  9.851917873729286e-01  1.199998268404976e+00  1.077995426691108e-07  1.550299802901505e+00 
 3.590031298197252e-07  1.200000000000000e+00  7.752064483338814e-01  7.340833288966333e-01  9.851724735325282e-01  1.199998275894002e+00  1.077995406653028e-07  1.550299121589990e+00 
 3.592031298197252e-07  1.200000000000000e+00  7.752043279124675e-01  7.341104823610189e-01  9.851535473772024e-01  1.199998283310355e+00  1.077995364018621e-07  1.550298403936160e+00 
 3.594031298197252e-07  1.200000000000000e+00  7.752022176098778e-01  7.341374656900688e-01  9.851350004276178e-01  1.199998290654601e+00  1.077995404717373e-07  1.550297650768024e+00 
 3.596031298197252e-07  1.200000000000000e+00  7.752001172456345e-01  7.341642801545188e-01  9.851168244032519e-01  1.199998297927566e+00  1.077995443169129e-07  1.550296862932856e+00 
 3.598031298197252e-07  1.200000000000000e+00  7.751980266429057e-01  7.341909270011551e-01  9.850990112174559e-01  1.199998305131069e+00  1.077995363412266e-07  1.550296041295234e+00 
 3.600031298197253e-07  1.200000000000000e+00  7.751959456285882e-01  7.342174074534785e-01  9.850815529739080e-01  1.199998312265692e+00  1.077995412705803e-07  1.550295186735136e+00 
 3.602031298197253e-07  1.200000000000000e+00  7.751938740332965e-01  7.342437227135253e-01  9.850644419616055e-01  1.199998319332117e+00  1.077995407957813e-07  1.550294300145991e+00 
 3.604031298197253e-07  1.200000000000000e+00  7.751918116914484e-01  7.342698739620739e-01  9.850476706502699e-01  1.199998326331430e+00  1.077995410205877e-07  1.550293382432868e+00 
 3.606031298197253e-07  1.200000000000000e+00  7.751897584412840e-01  7.342958623601750e-01  9.850312316869306e-01  1.199998333265131e+00  1.077995417662171e-07  1.550292434510640e+00 
 3.608031298197253e-07  1.200000000000000e+00  7.751877141249720e-01  7.343216890500721e-01  9.850151178903509e-01  1.199998340133572e+00  1.077995378489842e-07  1.550291457302220e+00 
 3.610031298197253e-07  1.200000000000000e+00  7.751856785885125e-01  7.343473551558743e-01  9.849993222475083e-01  1.199998346937875e+00  1.077995433476982e-07  1.550290451736819e+00 
 3.612031298197253e-07  1.200000000000000e+00  7.751836516818458e-01  7.343728617843742e-01  9.849838379099092e-01  1.199998353679106e+00  1.077995404369280e-07  1.550289418748289e+00 
 3.614031298197254e-07  1.200000000000000e+00  7.751816332588461e-01  7.343982100255734e-01  9.849686581887799e-01  1.199998360357730e+00  1.077995406268894e-07  1.550288359273454e+00 
 3.616031298197254e-07  1.200000000000000e+00  7.751796231773200e-01  7.344234009536822e-01  9.849537765514588e-01  1.199998366974927e+00  1.077995383617256e-07  1.550287274250602e+00 
 3.618031298197254e-07  1.200000000000000e+00  7.751776212990127e-01  7.344484356272606e-01  9.849391866177406e-01  1.199998373531698e+00  1.077995441176548e-07  1.550286164617983e+00 
 3.620031298197254e-07  1.200000000000000e+00  7.751756274895869e-01  7.344733150912465e-01  9.849248821554953e-01  1.199998380028139e+00  1.077995418387683e-07  1.550285031312315e+00 
 3.622031298197254e-07  1.200000000000000e+00  7.751736416186021e-01  7.344980403763659e-01  9.849108570782296e-01  1.199998386465819e+00  1.077995359140019e-07  1.550283875267430e+00 
 3.624031298197254e-07  1.200000000000000e+00  7.751716635595458e-01  7.345226124998910e-01  9.848971054389939e-01  1.199998392844965e+00  1.077995400411887e-07  1.550282697413000e+00 
 3.626031298197255e-07  1.200000000000000e+00  7.751696931897760e-01  7.345470324661394e-01  9.848836214294282e-01  1.199998399167014e+00  1.077995407727111e-07  1.550281498673185e+00 
 3.628031298197255e-07  1.200000000000000e+00  7.751677303904633e-01  7.345713012678117e-01  9.848703993742232e-01  1.199998405432366e+00  1.077995454529332e-07  1.550280279965493e+00 
 3.630031298197255e-07  1.200000000000000e+00  7.751657750466140e-01  7.345954198859371e-01  9.848574337295111e-01  1.199998411641555e+00  1.077995361862582e-07  1.550279042199677e+00 
 3.632031298197255e-07  1.200000000000000e+00  7.751638270470649e-01  7.346193892893633e-01  9.848447190773129e-01  1.199998417795589e+00  1.077995419349116e-07  1.550277786276634e+00 
 3.634031298197255e-07  1.200000000000000e+00  7.751618862843593e-01  7.346432104369436e-01  9.848322501248921e-01  1.199998423895116e+00  1.077995396010130e-07  1.550276513087416e+00 
 3.636031298197255e-07  1.200000000000000e+00  7.751599526546986e-01  7.346668842766985e-01  9.848200216996564e-01  1.199998429941316e+00  1.077995411361594e-07  1.550275223512351e+00 
 3.638031298197255e-07  1.200000000000000e+00  7.751580260579657e-01  7.346904117468536e-01  9.848080287463832e-01  1.199998435934223e+00  1.077995416492976e-07  1.550273918420086e+00 
 3.640031298197256e-07  1.200000000000000e+00  7.751561063976365e-01  7.347137937758436e-01  9.847962663247046e-01  1.199998441874757e+00  1.077995427820480e-07  1.550272598666862e+00 
 3.642031298197256e-07  1.200000000000000e+00  7.751541935807217e-01  7.347370312826198e-01  9.847847296055080e-01  1.199998447763395e+00  1.077995376522438e-07  1.550271265095725e+00 
 3.644031298197256e-07  1.200000000000000e+00  7.751522875177418e-01  7.347601251770225e-01  9.847734138685698e-01  1.199998453601391e+00  1.077995432956630e-07  1.550269918535899e+00 
 3.646031298197256e-07  1.200000000000000e+00  7.751503881226109e-01  7.347830763607506e-01  9.847623144994817e-01  1.199998459389100e+00  1.077995372124322e-07  1.550268559802152e+00 
 3.648031298197256e-07  1.200000000000000e+00  7.751484953125957e-01  7.348058857266379e-01  9.847514269870831e-01  1.199998465127006e+00  1.077995422771334e-07  1.550267189694213e+00 
 3.650031298197256e-07  1.200000000000000e+00  7.751466090082777e-01  7.348285541592218e-01  9.847407469207221e-01  1.199998470815953e+00  1.077995433967156e-07  1.550265808996324e+00 
 3.652031298197256e-07  1.200000000000000e+00  7.751447291334607e-01  7.348510825357518e-01  9.847302699874408e-01  1.199998476456548e+00  1.077995356363195e-07  1.550264418476761e+00 
 3.654031298197257e-07  1.200000000000000e+00  7.751428556151225e-01  7.348734717250320e-01  9.847199919699927e-01  1.199998482049506e+00  1.077995427396001e-07  1.550263018887504e+00 
 3.656031298197257e-07  1.200000000000000e+00  7.751409883833128e-01  7.348957225888321e-01  9.847099087437653e-01  1.199998487595021e+00  1.077995434974090e-07  1.550261610963853e+00 
 3.658031298197257e-07  1.200000000000000e+00  7.751391273711065e-01  7.349178359814497e-01  9.847000162743490e-01  1.199998493093859e+00  1.077995387707030e-07  1.550260195424174e+00 
 3.660031298197257e-07  1.200000000000000e+00  7.751372725145340e-01  7.349398127503307e-01  9.846903106164473e-01  1.199998498546634e+00  1.077995382398145e-07  1.550258772969693e+00 
 3.662031298197257e-07  1.200000000000000e+00  7.751354237524783e-01  7.349616537353502e-01  9.846807879102454e-01  1.199998503954271e+00  1.077995407128820e-07  1.550257344284272e+00 
 3.664031298197257e-07  1.200000000000000e+00  7.751335810266567e-01  7.349833597702761e-01  9.846714443798604e-01  1.199998509316735e+00  1.077995417806096e-07  1.550255910034358e+00 
 3.666031298197258e-07  1.200000000000000e+00  7.751317442814707e-01  7.350049316820213e-01  9.846622763308659e-01  1.199998514634983e+00  1.077995432817770e-07  1.550254470868807e+00 
 3.668031298197258e-07  1.200000000000000e+00  7.751299134639816e-01  7.350263702913493e-01  9.846532801490240e-01  1.199998519909611e+00  1.077995378378648e-07  1.550253027418880e+00 
 3.670031298197258e-07  1.200000000000000e+00  7.751280885238470e-01  7.350476764122096e-01  9.846444522973831e-01  1.199998525140928e+00  1.077995393653863e-07  1.550251580298241e+00 
 3.672031298197258e-07  1.200000000000000e+00  7.751262694132143e-01  7.350688508528161e-01  9.846357893142934e-01  1.199998530329703e+00  1.077995423413068e-07  1.550250130102985e+00 
 3.674031298197258e-07  1.200000000000000e+00  7.751244560866528e-01  7.350898944147017e-01  9.846272878133023e-01  1.199998535476011e+00  1.077995378932472e-07  1.550248677411717e+00 
 3.676031298197258e-07  1.200000000000000e+00  7.751226485010844e-01  7.351108078940095e-01  9.846189444783835e-01  1.199998540580752e+00  1.077995438157075e-07  1.550247222785627e+00 
 3.678031298197258e-07  1.200000000000000e+00  7.751208466157187e-01  7.351315920803193e-01  9.846107560645982e-01  1.199998545644188e+00  1.077995376919733e-07  1.550245766768651e+00 
 3.680031298197259e-07  1.200000000000000e+00  7.751190503919625e-01  7.351522477581584e-01  9.846027193961203e-01  1.199998550667268e+00  1.077995435387801e-07  1.550244309887620e+00 
 3.682031298197259e-07  1.200000000000000e+00  7.751172597933295e-01  7.351727757061376e-01  9.845948313631250e-01  1.199998555650139e+00  1.077995404272151e-07  1.550242852652455e+00 
 3.684031298197259e-07  1.200000000000000e+00  7.751154747854048e-01  7.351931766970147e-01  9.845870889216241e-01  1.199998560593152e+00  1.077995387244708e-07  1.550241395556357e+00 
 3.686031298197259e-07  1.200000000000000e+00  7.751136953357592e-01  7.352134514985789e-01  9.845794890916558e-01  1.199998565496834e+00  1.077995396093064e-07  1.550239939076085e+00 
 3.688031298197259e-07  1.200000000000000e+00  7.751119214138962e-01  7.352336008726278e-01  9.845720289546772e-01  1.199998570361630e+00  1.077995434882277e-07  1.550238483672202e+00 
 3.690031298197259e-07  1.200000000000000e+00  7.751101529911546e-01  7.352536255755675e-01  9.845647056539095e-01  1.199998575188379e+00  1.077995403447412e-07  1.550237029789343e+00 
 3.692031298197259e-07  1.200000000000000e+00  7.751083900406680e-01  7.352735263588270e-01  9.845575163913245e-01  1.199998579977122e+00  1.077995382207169e-07  1.550235577856503e+00 
 3.694031298197260e-07  1.200000000000000e+00  7.751066325372756e-01  7.352933039683285e-01  9.845504584277140e-01  1.199998584728518e+00  1.077995417295091e-07  1.550234128287359e+00 
 3.696031298197260e-07  1.200000000000000e+00  7.751048804574492e-01  7.353129591448295e-01  9.845435290798055e-01  1.199998589443044e+00  1.077995390554526e-07  1.550232681480565e+00 
 3.698031298197260e-07  1.200000000000000e+00  7.751031337792730e-01  7.353324926239994e-01  9.845367257205107e-01  1.199998594120619e+00  1.077995428956974e-07  1.550231237820148e+00 
 3.700031298197260e-07  1.200000000000000e+00  7.751013924823231e-01  7.353519051367039e-01  9.845300457764201e-01  1.199998598762679e+00  1.077995393476165e-07  1.550229797675802e+00 
 3.702000000000001e-07  1.199999999999960e+00  7.750996836722887e-01  7.353708964204962e-01  9.845235884650005e-01  1.199998603296213e+00  1.077995450013652e-07  1.550228383845493e+00 
 3.702002589551511e-07  1.198446269093832e+00  7.750944939054243e-01  7.353657656330079e-01  9.845234870820322e-01  1.199992998265542e+00 -5.707578864047602e-08  1.550228381988272e+00 
 3.702007768654531e-07  1.195338807281575e+00  7.750813750120147e-01  7.353528651527811e-01  9.845232397864823e-01  1.199979950201969e+00 -4.413123862144486e-07  1.550228378273843e+00 
 3.702014098990850e-07  1.191540605490574e+00  7.750646511046955e-01  7.353366301331486e-01  9.845229184311023e-01  1.199966278028701e+00 -7.856029737574044e-07  1.550228373733787e+00 
 3.702021737085520e-07  1.186957748688585e+00  7.750460376351097e-01  7.353188629276931e-01  9.845225462845475e-01  1.199954801937209e+00 -9.440381851279211e-07  1.550228368255884e+00 
 3.702033218524766e-07  1.180068885141038e+00  7.750213311937597e-01  7.352956987918630e-01  9.845220302365523e-01  1.199945093136343e+00 -8.497611257984872e-07  1.550228360021717e+00 
 3.702053095317874e-07  1.168142809276258e+00  7.749846685038103e-01  7.352618558039881e-01  9.845212288176183e-01  1.199940238916913e+00 -3.996412776116273e-07  1.550228345766948e+00 
 3.702077948917406e-07  1.153230649556877e+00  7.749461794291722e-01  7.352266621669580e-01  9.845203490545458e-01  1.199944526012119e+00  1.211614279366183e-07  1.550228327943627e+00 
 3.702114193014018e-07  1.131484191589347e+00  7.749001279574707e-01  7.351846939540179e-01  9.845192442265644e-01  1.199957105923723e+00  5.046212596285064e-07  1.550228301952931e+00 
 3.702166573597664e-07  1.100055841402131e+00  7.748483193546474e-01  7.351375371210525e-01  9.845179081261293e-01  1.199975121758114e+00  5.587197804452111e-07  1.550228264392686e+00 
 3.702257515649889e-07  1.045490610067222e+00  7.747837904742533e-01  7.350788148209734e-01  9.845160216646460e-01  1.199996110306737e+00  3.154222656395278e-07  1.550228199183332e+00 
 3.702359049664119e-07  9.845702015287090e-01  7.747327642148814e-01  7.350321173847710e-01  9.845142622602050e-01  1.200007111757311e+00  1.050547397840216e-07  1.550228126370788e+00 
 3.702489836890485e-07  9.060978657092086e-01  7.746787667733416e-01  7.349816766910526e-01  9.845121987760758e-01  1.200010907657675e+00  3.139597412859510e-08  1.550228032529913e+00 
 3.702607657331919e-07  8.354056008491043e-01  7.746340529394821e-01  7.349382122647011e-01  9.845104713418562e-01  1.200010567021958e+00  6.182920205010690e-08  1.550227947895193e+00 
 3.702692200553948e-07  7.846796676318385e-01  7.746100004146652e-01  7.349127362617039e-01  9.845094907488467e-01  1.200012122034930e+00  1.246853053675761e-07  1.550227887076132e+00 
 3.702801581969196e-07  7.190508184825305e-01  7.746213530677836e-01  7.349142544404155e-01  9.845093568800515e-01  1.200025281696754e+00  2.441119665375427e-07  1.550227808215963e+00 
 3.702904478425639e-07  6.573129446167280e-01  7.747223252210128e-01  7.349916836688000e-01  9.845114819701325e-01  1.200050594070510e+00  3.450852803907247e-07  1.550227733784401e+00 
 3.702998157746165e-07  6.011053523014437e-01  7.749389269176010e-01  7.351708197015157e-01  9.845163387730700e-01  1.200080262091443e+00  3.983785434297617e-07  1.550227665745539e+00 
 3.703081018244745e-07  5.513890531535147e-01  7.752746558243152e-01  7.354591957496320e-01  9.845237724048413e-01  1.200108634602115e+00  4.177458459302162e-07  1.550227605292903e+00 
 3.703151102183720e-07  5.093386897682634e-01  7.757017589305869e-01  7.358357150990891e-01  9.845329272512119e-01  1.200134171204909e+00  4.235792641863606e-07  1.550227553928053e+00 
 3.703215020891254e-07  4.709874652477883e-01  7.762397574296898e-01  7.363194769167719e-01  9.845440053628451e-01  1.200160079107302e+00  4.248498717835791e-07  1.550227506871166e+00 
 3.703279092842828e-07  4.325442943037192e-01  7.769560008524051e-01  7.369739871986140e-01  9.845581119010313e-01  1.200190572221003e+00  4.211924654470237e-07  1.550227459482644e+00 
 3.703349980258270e-07  3.900118450385899e-01  7.779909773222364e-01  7.379321754898319e-01  9.845776018028505e-01  1.200232113083378e+00  4.043989918060299e-07  1.550227406787469e+00 
 3.703418939395283e-07  3.486363628308289e-01  7.792585364078018e-01  7.391158296478734e-01  9.846006928364087e-01  1.200282869497801e+00  3.708149769162186e-07  1.550227355262484e+00 
 3.703464768807592e-07  3.211387154454461e-01  7.802433216813461e-01  7.400394188476810e-01  9.846183416804327e-01  1.200323944617223e+00  3.442295981896312e-07  1.550227320884368e+00 
 3.703528878026439e-07  2.826731841367415e-01  7.818100288501427e-01  7.415123326124882e-01  9.846462188911084e-01  1.200394130354130e+00  3.284534967448911e-07  1.550227272644341e+00 
 3.703590047786699e-07  2.459713279809950e-01  7.835035112135396e-01  7.431073330891720e-01  9.846763697370485e-01  1.200476123270354e+00  3.347783681002803e-07  1.550227226504808e+00 
 3.703639551986510e-07  2.162688080945536e-01  7.850050087991772e-01  7.445238271367616e-01  9.847033425227808e-01  1.200539615159080e+00  3.485249802188603e-07  1.550227189133015e+00 
 3.703675895680561e-07  1.944625916636500e-01  7.861723483340624e-01  7.456270662232315e-01  9.847246079345556e-01  1.200553962462777e+00  3.604730701945932e-07  1.550227161707986e+00 
 3.703708438203589e-07  1.749370778469059e-01  7.872547672111425e-01  7.466527459875549e-01  9.847446867717340e-01  1.200503802848335e+00  3.711834625818103e-07  1.550227137183847e+00 
 3.703744293473962e-07  1.534239156229389e-01  7.884740395903124e-01  7.478150168416506e-01  9.847679143619996e-01  1.200318460151926e+00  3.824388902185991e-07  1.550227110229758e+00 
 3.703778598654088e-07  1.328408075474441e-01  7.896497546274063e-01  7.489516114642467e-01  9.847911765820162e-01  1.199919384578827e+00  3.924602392157625e-07  1.550227084538451e+00 
 3.703806839955099e-07  1.158960269410956e-01  7.906104810541119e-01  7.499024477383838e-01  9.848110488864575e-01  1.199328180200434e+00  4.004241331845293e-07  1.550227063483953e+00 
 3.703831836016349e-07  1.008983901911917e-01  7.914456169988185e-01  7.507534147445478e-01  9.848291548581730e-01  1.198513919369609e+00  4.085969875014528e-07  1.550227044939752e+00 
 3.703855746495269e-07  8.655210283902259e-02  7.922247129053259e-01  7.515729561672458e-01  9.848469159291359e-01  1.197391711928969e+00  4.191273547558480e-07  1.550227027298095e+00 
 3.703880527015251e-07  7.168379084964194e-02  7.930079399152610e-01  7.524236512987097e-01  9.848657785923290e-01  1.195788076455613e+00  4.342733093583295e-07  1.550227009133669e+00 
 3.703907952317586e-07  5.522860944887964e-02  7.938453358037388e-01  7.533580246784178e-01  9.848872124308978e-01  1.193452343758757e+00  4.567730982245680e-07  1.550226989197541e+00 
 3.703938767186718e-07  3.673968796973948e-02  7.947548720628708e-01  7.543816924370037e-01  9.849120449622579e-01  1.190134093331976e+00  4.891341874365546e-07  1.550226967044653e+00 
 3.703963538555213e-07  2.187686687249824e-02  7.954698166074887e-01  7.551704338525471e-01  9.849326318621271e-01  1.186927499035030e+00  5.203039750954763e-07  1.550226949453872e+00 
 3.703981769277607e-07  1.093843343602541e-02  7.959903829356600e-01  7.557272950356576e-01  9.849481599824202e-01  1.184330886840833e+00  5.448694044831934e-07  1.550226936646322e+00 
 3.704000000000001e-07  0.000000000000000e+00  7.965070670715931e-01  7.562645038418636e-01  9.849640133297536e-01  1.181905365228138e+00  5.683120267840208e-07  1.550226923969659e+00 
 3.704002029095198e-07  0.000000000000000e+00  7.965683550079712e-01  7.563271744928870e-01  9.849658817200799e-01  1.181664959601852e+00  7.196158198843894e-07  1.550226922567809e+00 
 3.704006087285593e-07  0.000000000000000e+00  7.966923697017372e-01  7.564534775273835e-01  9.849696377578336e-01  1.181214674680311e+00  1.039172250923148e-06  1.550226919768463e+00 
 3.704010040099454e-07  0.000000000000000e+00  7.968132771474815e-01  7.565760092153992e-01  9.849732929529786e-01  1.180820394511252e+00  1.236503897029950e-06  1.550226917048383e+00 
 3.704015266883036e-07  0.000000000000000e+00  7.969721028372645e-01  7.567361743256916e-01  9.849781018407641e-01  1.180379230288254e+00  1.279469434352365e-06  1.550226913462328e+00 
 3.704022409414481e-07  0.000000000000000e+00  7.971868917346002e-01  7.569515116081293e-01  9.849846240964366e-01  1.179961713214721e+00  1.057754970465105e-06  1.550226908582384e+00 
 3.704036694477372e-07  0.000000000000000e+00  7.976089638791886e-01  7.573711467578661e-01  9.849975121286811e-01  1.179952034724790e+00  2.438833674300173e-07  1.550226898897145e+00 
 3.704048123584562e-07  0.000000000000000e+00  7.979396879613690e-01  7.576973852637454e-01  9.850076838224391e-01  1.180764138303378e+00 -4.717142435585464e-07  1.550226891223030e+00 
 3.704058602355207e-07  0.000000000000000e+00  7.982377213193481e-01  7.579899095499488e-01  9.850169086436326e-01  1.182077507532562e+00 -1.038178280499819e-06  1.550226884248276e+00 
 3.704069706333299e-07  0.000000000000000e+00  7.985484273264505e-01  7.582937217440417e-01  9.850265860114192e-01  1.183971469320003e+00 -1.488399536554025e-06  1.550226876924520e+00 
 3.704081682512106e-07  0.000000000000000e+00  7.988779800461104e-01  7.586149484312390e-01  9.850369182848888e-01  1.186441789551781e+00 -1.800531081045179e-06  1.550226869106753e+00 
 3.704094863166044e-07  0.000000000000000e+00  7.992342869196012e-01  7.589613166350193e-01  9.850481709963107e-01  1.189414146300133e+00 -1.970032760733806e-06  1.550226860605254e+00 
 3.704111208359654e-07  0.000000000000000e+00  7.996669535779055e-01  7.593808477598565e-01  9.850619611495300e-01  1.193023659885912e+00 -1.996552390616524e-06  1.550226850220847e+00 
 3.704128987501687e-07  0.000000000000000e+00  8.001258322775067e-01  7.598247033015222e-01  9.850767610292396e-01  1.196423418949334e+00 -1.875217479193649e-06  1.550226839136940e+00 
 3.704145940893239e-07  0.000000000000000e+00  8.005516848807961e-01  7.602357043065553e-01  9.850906818674503e-01  1.198953236024080e+00 -1.674753239319995e-06  1.550226828786204e+00 
 3.704162027770267e-07  0.000000000000000e+00  8.009449234970984e-01  7.606144818925772e-01  9.851037176354939e-01  1.200694793270990e+00 -1.447907090997708e-06  1.550226819174046e+00 
 3.704179300542828e-07  0.000000000000000e+00  8.013551400864136e-01  7.610088458230249e-01  9.851175222596769e-01  1.201950842844415e+00 -1.194623851722386e-06  1.550226809095163e+00 
 3.704197735303874e-07  0.000000000000000e+00  8.017789939072428e-01  7.614154716529452e-01  9.851320267928876e-01  1.202758383880385e+00 -9.342046368527798e-07  1.550226798632365e+00 
 3.704219224263748e-07  0.000000000000000e+00  8.022545647952742e-01  7.618706301688231e-01  9.851486142798075e-01  1.203231433703371e+00 -6.599029576557711e-07  1.550226786846702e+00 
 3.704243713552828e-07  0.000000000000000e+00  8.027718127206602e-01  7.623642808967477e-01  9.851670501123866e-01  1.203398305755150e+00 -3.959176416963930e-07  1.550226773995680e+00 
 3.704273094235141e-07  0.000000000000000e+00  8.033569606635047e-01  7.629208197415301e-01  9.851883980861784e-01  1.203325869139335e+00 -1.506612255265660e-07  1.550226759465331e+00 
 3.704307795609883e-07  0.000000000000000e+00  8.039974943126076e-01  7.635274887507595e-01  9.852122677600252e-01  1.203076593701480e+00  4.540950007464115e-08  1.550226743675249e+00 
 3.704349140373748e-07  0.000000000000000e+00  8.046885328403558e-01  7.641788370134628e-01  9.852381837723659e-01  1.202716565353305e+00  1.659034055611838e-07  1.550226727024758e+00 
 3.704393881397907e-07  0.000000000000000e+00  8.053486312682799e-01  7.647981880148533e-01  9.852619673101536e-01  1.202338428855480e+00  1.834317955415506e-07  1.550226711979885e+00 
 3.704446332062512e-07  0.000000000000000e+00  8.060098561457038e-01  7.654173357800885e-01  9.852817958365427e-01  1.201950060345035e+00  9.745896239077984e-08  1.550226698822657e+00 
 3.704505105527394e-07  0.000000000000000e+00  8.066144962298186e-01  7.659868645064573e-01  9.852894919274818e-01  1.201588513526364e+00 -7.373021251541080e-08  1.550226690664137e+00 
 3.704565069318573e-07  0.000000000000000e+00  8.070947431386105e-01  7.664502337528175e-01  9.852763232037266e-01  1.201288321248440e+00 -2.546574414624778e-07  1.550226690555794e+00 
 3.704631840252722e-07  0.000000000000000e+00  8.074839984794513e-01  7.668505102649247e-01  9.852300610973584e-01  1.201019441405201e+00 -3.831646530930936e-07  1.550226701699460e+00 
 3.704692923856610e-07  0.000000000000000e+00  8.077203120537364e-01  7.671299932813975e-01  9.851535284807565e-01  1.200822281450283e+00 -4.148241088519199e-07  1.550226723694437e+00 
 3.704760758324981e-07  0.000000000000000e+00  8.078649326737453e-01  7.673651509324660e-01  9.850250859761436e-01  1.200646768223452e+00 -3.946919261126752e-07  1.550226763208315e+00 
 3.704827602668725e-07  0.000000000000000e+00  8.079001387946940e-01  7.675373125384780e-01  9.848501551613263e-01  1.200509841420471e+00 -3.557963195466047e-07  1.550226819645623e+00 
 3.704903666980287e-07  0.000000000000000e+00  8.078266913419435e-01  7.676800913887879e-01  9.845900213769719e-01  1.200388204564406e+00 -3.105616585273065e-07  1.550226907786666e+00 
 3.704983483401365e-07  0.000000000000000e+00  8.076363524696741e-01  7.677855187776581e-01  9.842462846531976e-01  1.200291057884324e+00 -2.418317141860207e-07  1.550227031057286e+00 
 3.705076010267236e-07  0.000000000000000e+00  8.072955599584501e-01  7.678679478492382e-01  9.837478558467256e-01  1.200207757397129e+00 -6.071706029403198e-08  1.550227218540770e+00 
 3.705112785323972e-07  0.000000000000000e+00  8.071328566663550e-01  7.678910606783231e-01  9.835021687641654e-01  1.200182096829254e+00  3.451857227181401e-07  1.550227307169181e+00 
 3.705142086179971e-07  0.000000000000000e+00  8.069983902175569e-01  7.679064897207466e-01  9.832697270798300e-01  1.200164103632244e+00  9.443267337226613e-07  1.550227383941360e+00 
 3.705174809635251e-07  0.000000000000000e+00  8.068478775514787e-01  7.679212298745031e-01  9.829558747678461e-01  1.200146152918225e+00  1.642757487806470e-06  1.550227476491925e+00 
 3.705212775417267e-07  0.000000000000000e+00  8.066738115623641e-01  7.679355532989854e-01  9.825113595690081e-01  1.200127771304930e+00  1.988369297417376e-06  1.550227593280713e+00 
 3.705251449958726e-07  0.000000000000000e+00  8.064909335647094e-01  7.679474544659683e-01  9.819791555166677e-01  1.200111408377938e+00  1.474119375327338e-06  1.550227723069235e+00 
 3.705285504510430e-07  0.000000000000000e+00  8.063161092696471e-01  7.679559085762309e-01  9.814602060131686e-01  1.200098744057028e+00  3.921639570290437e-07  1.550227846726915e+00 
 3.705320703602265e-07  0.000000000000000e+00  8.061106315635689e-01  7.679628373404053e-01  9.808910044217051e-01  1.200087162176199e+00 -8.937873874140245e-07  1.550227984108568e+00 
 3.705358259788561e-07  0.000000000000000e+00  8.058504351166375e-01  7.679683724449232e-01  9.802636486597290e-01  1.200076290545613e+00 -2.030364967775273e-06  1.550228141796365e+00 
 3.705396248800431e-07  0.000000000000000e+00  8.055335164285150e-01  7.679721890922223e-01  9.796209900463853e-01  1.200066666454736e+00 -2.795746687610495e-06  1.550228313361787e+00 
 3.705440383865946e-07  0.000000000000000e+00  8.050934574323185e-01  7.679746338923134e-01  9.788710303261436e-01  1.200056987586863e+00 -3.300697565973652e-06  1.550228528466570e+00 
 3.705499372501023e-07  0.000000000000000e+00  8.043940256250605e-01  7.679750905258633e-01  9.778564070801086e-01  1.200046169430053e+00 -3.603322521893767e-06  1.550228843547906e+00 
 3.705560683665799e-07  0.000000000000000e+00  8.035496940066498e-01  7.679727359664854e-01  9.767663605895834e-01  1.200037059944954e+00 -3.657914493077844e-06  1.550229205832697e+00 
 3.705620180094608e-07  0.000000000000000e+00  8.026291662403643e-01  7.679681597270819e-01  9.756543238342745e-01  1.200029924115647e+00 -3.548876162131264e-06  1.550229592654054e+00 
 3.705685221094490e-07  0.000000000000000e+00  8.015179512786552e-01  7.679610017881501e-01  9.743606419069930e-01  1.200023662727525e+00 -3.277670552795462e-06  1.550230056859709e+00 
 3.705749383535631e-07  0.000000000000000e+00  8.003213143705014e-01  7.679520669988038e-01  9.729897315573570e-01  1.200018754084708e+00 -2.975747240681120e-06  1.550230558623687e+00 
 3.705804156495105e-07  0.000000000000000e+00  7.992298685206407e-01  7.679431859520004e-01  9.717308316370680e-01  1.200015377489086e+00 -4.543102443999979e-06  1.550231022446741e+00 
 3.705839887463601e-07  0.000000000000000e+00  7.984936897770133e-01  7.679368790712598e-01  9.708574787351618e-01  1.200013519162712e+00 -1.105824170827404e-05  1.550231343021294e+00 
 3.705870743151043e-07  0.000000000000000e+00  7.978520617442333e-01  7.679311812007289e-01  9.700634903158205e-01  1.200012100970227e+00 -2.135966216473698e-05  1.550231631516729e+00 
 3.705903082670529e-07  0.000000000000000e+00  7.971819465368195e-01  7.679250163741652e-01  9.691853396586058e-01  1.200010774260545e+00 -3.390303569441580e-05  1.550231945674017e+00 
 3.705937235361043e-07  0.000000000000000e+00  7.964823305328840e-01  7.679183270098627e-01  9.682069425662008e-01  1.200009527562840e+00 -4.716821777033366e-05  1.550232290724055e+00 
 3.705966784513745e-07  0.000000000000000e+00  7.958830440986513e-01  7.679123903790318e-01  9.673280142654476e-01  1.200008562038036e+00 -5.822963886891342e-05  1.550232600394776e+00 
 3.705996741494004e-07  0.000000000000000e+00  7.952771150821548e-01  7.679062127038582e-01  9.664226525496503e-01  1.200007678254057e+00 -6.871396427947547e-05  1.550232924996160e+00 
 3.706028976958515e-07  0.000000000000000e+00  7.946219522368713e-01  7.678993666209544e-01  9.654503346587067e-01  1.200006823968107e+00 -7.859382831697714e-05  1.550233286393202e+00 
 3.706065828391288e-07  0.000000000000000e+00  7.938648950041193e-01  7.678912796274504e-01  9.643577216703230e-01  1.200005958827310e+00 -8.754345642965865e-05  1.550233715070120e+00 
 3.706106622238993e-07  0.000000000000000e+00  7.930155005257579e-01  7.678820162579947e-01  9.631818546338869e-01  1.200005125098330e+00 -9.437199209796172e-05  1.550234209117169e+00 
 3.706147979948359e-07  0.000000000000000e+00  7.921439696953732e-01  7.678723214112302e-01  9.620275478218487e-01  1.200004396416881e+00 -9.861262986381961e-05  1.550234731110656e+00 
 3.706191558064570e-07  0.000000000000000e+00  7.912177522061840e-01  7.678618146911318e-01  9.608487328021493e-01  1.200003737381508e+00 -1.019573730887554e-04  1.550235304330806e+00 
 3.706238908099234e-07  0.000000000000000e+00  7.902049577119514e-01  7.678500958710882e-01  9.596052446062661e-01  1.200003127763693e+00 -1.069034283716639e-04  1.550235954361370e+00 
 3.706287683211396e-07  0.000000000000000e+00  7.891541517507210e-01  7.678377132928632e-01  9.583593444298056e-01  1.200002597013586e+00 -1.157244575863271e-04  1.550236653756941e+00 
 3.706343283297092e-07  0.000000000000000e+00  7.879393116940220e-01  7.678232040590648e-01  9.569748535424859e-01  1.200002091619029e+00 -1.312635668476068e-04  1.550237488093428e+00 
 3.706388295100415e-07  0.000000000000000e+00  7.869331326849722e-01  7.678111261077163e-01  9.558610222370764e-01  1.200001748817271e+00 -1.442669006481581e-04  1.550238192561327e+00 
 3.706426933483794e-07  0.000000000000000e+00  7.860389837849747e-01  7.678004703493260e-01  9.548976636908643e-01  1.200001494065031e+00 -1.515809646894968e-04  1.550238818026233e+00 
 3.706452859270409e-07  0.000000000000000e+00  7.854111813229532e-01  7.677931215974956e-01  9.542582200738844e-01  1.200001339783857e+00 -1.540329021321790e-04  1.550239248453464e+00 
 3.706479663184133e-07  0.000000000000000e+00  7.847339354945154e-01  7.677853442222311e-01  9.536114039150173e-01  1.200001195039546e+00 -1.543614894632915e-04  1.550239702534297e+00 
 3.706511729996306e-07  0.000000000000000e+00  7.838930579206250e-01  7.677758514272598e-01  9.528603862560512e-01  1.200001044233648e+00 -1.511538267058060e-04  1.550240257881202e+00 
 3.706541222377132e-07  0.000000000000000e+00  7.831056373081073e-01  7.677670266839167e-01  9.521909270600790e-01  1.200000926907723e+00 -1.436784854688591e-04  1.550240780268886e+00 
 3.706574042026263e-07  0.000000000000000e+00  7.822361089092896e-01  7.677572151444565e-01  9.514684922680815e-01  1.200000815760270e+00 -1.278177588652507e-04  1.550241374654530e+00 
 3.706605630367827e-07  0.000000000000000e+00  7.814251620639741e-01  7.677478674636157e-01  9.507961877434880e-01  1.200000721950015e+00 -1.009354451134530e-04  1.550241959697074e+00 
 3.706644954173844e-07  0.000000000000000e+00  7.804726988695830e-01  7.677364401669643e-01  9.499962373382107e-01  1.200000614989862e+00 -4.110445103204085e-05  1.550242705685877e+00 
 3.706682925285135e-07  0.000000000000000e+00  7.796262434428116e-01  7.677256554602939e-01  9.492696402163285e-01  1.200000518393523e+00  6.055355554405789e-05  1.550243444524137e+00 
 3.706729187124384e-07  0.000000000000000e+00  7.787005997356135e-01  7.677128310934046e-01  9.484543265237627e-01  1.200000408626282e+00  2.707211386925759e-04  1.550244369074238e+00 
 3.706782152922342e-07  0.000000000000000e+00  7.777810717029920e-01  7.676984922750364e-01  9.476186455582041e-01  1.200000295633657e+00  6.370460549237861e-04  1.550245460177586e+00 
 3.706839312549354e-07  0.000000000000000e+00  7.769401889170987e-01  7.676832866398829e-01  9.468233852100100e-01  1.200000191003321e+00  1.134677513280140e-03  1.550246676187216e+00 
 3.706893467152636e-07  0.000000000000000e+00  7.762648933871141e-01  7.676689924139317e-01  9.461528757187447e-01  1.200000108947039e+00  1.660684343339956e-03  1.550247864596975e+00 
 3.706949866043798e-07  0.000000000000000e+00  7.756609422733637e-01  7.676540928585547e-01  9.455218101035978e-01  1.200000040766296e+00  2.228338133154262e-03  1.550249139139030e+00 
 3.707005249176755e-07  0.000000000000000e+00  7.751474359883449e-01  7.676393780966526e-01  9.449613192314689e-01  1.199999989611405e+00  2.769279647054521e-03  1.550250426590905e+00 
 3.707065784629239e-07  0.000000000000000e+00  7.746625132179140e-01  7.676231741193735e-01  9.444171224860797e-01  1.199999948303027e+00  3.307907320310770e-03  1.550251873446076e+00 
 3.707131531074037e-07  0.000000000000000e+00  7.742168131186460e-01  7.676054429625480e-01  9.439115238861758e-01  1.199999915592474e+00  3.812676092791662e-03  1.550253490344580e+00 
 3.707202805902754e-07  0.000000000000000e+00  7.738201539795292e-01  7.675860879211015e-01  9.434635075270951e-01  1.199999889020945e+00  4.274680319197497e-03  1.550255294788377e+00 
 3.707274198156111e-07  0.000000000000000e+00  7.735031382581306e-01  7.675665762405550e-01  9.431107181926032e-01  1.199999868157753e+00  4.729765098632014e-03  1.550257153771554e+00 
 3.707345970508393e-07  0.000000000000000e+00  7.732536621379350e-01  7.675468369570208e-01  9.428387868748552e-01  1.199999851246765e+00  5.304439681132088e-03  1.550259072168386e+00 
 3.707413771196357e-07  0.000000000000000e+00  7.730711136929761e-01  7.675280741314373e-01  9.426446994873171e-01  1.199999838407657e+00  5.776511218998577e-03  1.550260927622827e+00 
 3.707501942523893e-07  0.000000000000000e+00  7.728941114616538e-01  7.675035050702054e-01  9.424628802215336e-01  1.199999825579962e+00  5.974090247417908e-03  1.550263398904662e+00 
 3.707586022327783e-07  0.000000000000000e+00  7.727745179567018e-01  7.674799012743790e-01  9.423466240708127e-01  1.199999816608121e+00  5.716376272137690e-03  1.550265812333881e+00 
 3.707668631211285e-07  0.000000000000000e+00  7.726911933196652e-01  7.674565500977424e-01  9.422716665346725e-01  1.199999810097290e+00  5.114672275096388e-03  1.550268232697960e+00 
 3.707755972224765e-07  0.000000000000000e+00  7.726281551924196e-01  7.674316984698285e-01  9.422204736011880e-01  1.199999805000045e+00  4.212993078408488e-03  1.550270838995674e+00 
 3.707850375049432e-07  0.000000000000000e+00  7.725786931068981e-01  7.674046683714937e-01  9.421853466859069e-01  1.199999801006654e+00  3.152812947391398e-03  1.550273703589096e+00 
 3.707959609841670e-07  0.000000000000000e+00  7.725368320564889e-01  7.673732085435564e-01  9.421612794098499e-01  1.199999797742691e+00  2.081976292605438e-03  1.550277069480815e+00 
 3.708064066020639e-07  0.000000000000000e+00  7.725077753946091e-01  7.673429789825130e-01  9.421508652883542e-01  1.199999795483409e+00  1.320292925720962e-03  1.550280329128014e+00 
 3.708169147429221e-07  0.000000000000000e+00  7.724870778243245e-01  7.673124586301132e-01  9.421511575884101e-01  1.199999793698018e+00  8.044757163072410e-04  1.550283637862583e+00 
 3.708275862471923e-07  0.000000000000000e+00  7.724734318691490e-01  7.672813775623804e-01  9.421613893544583e-01  1.199999792199361e+00  4.762056626094338e-04  1.550287017214951e+00 
 3.708388962388905e-07  0.000000000000000e+00  7.724657289902198e-01  7.672483624264865e-01  9.421815902680185e-01  1.199999790903999e+00  2.702144009511583e-04  1.550290607323123e+00 
 3.708513486708420e-07  0.000000000000000e+00  7.724635663989556e-01  7.672119405854422e-01  9.422126055645926e-01  1.199999789820978e+00  1.442803241483330e-04  1.550294554900629e+00 
 3.708655813957746e-07  0.000000000000000e+00  7.724669103293456e-01  7.671702362590006e-01  9.422560915842977e-01  1.199999788977418e+00  7.105972550319189e-05  1.550299039488410e+00 
 3.708823907735657e-07  0.000000000000000e+00  7.724759498770475e-01  7.671208999773405e-01  9.423144886877938e-01  1.199999788381270e+00  3.252507276653660e-05  1.550304268055521e+00 
 3.709029466242655e-07  0.000000000000000e+00  7.724910749119205e-01  7.670604808765932e-01  9.423916728562148e-01  1.199999788001985e+00  1.568357293870975e-05  1.550310514314685e+00 
 3.709291160965656e-07  0.000000000000000e+00  7.725130747829148e-01  7.669834828819230e-01  9.424942504200557e-01  1.199999787782243e+00  1.094382520498318e-05  1.550318150902926e+00 
 3.709643195505465e-07  0.000000000000000e+00  7.725437573458755e-01  7.668798776756268e-01  9.426350592736233e-01  1.199999787663478e+00  1.147873322596088e-05  1.550327721030390e+00 
 3.709992845331733e-07  0.000000000000000e+00  7.725737279902571e-01  7.667770538885819e-01  9.427758961737071e-01  1.199999787623815e+00  1.287005520026110e-05  1.550336300493914e+00 
 3.710400912961970e-07  0.000000000000000e+00  7.726071744811062e-01  7.666572828917214e-01  9.429402670293398e-01  1.199999787609875e+00  1.363510969870485e-05  1.550345020121187e+00 
 3.710814889225035e-07  0.000000000000000e+00  7.726391880263559e-01  7.665361476201467e-01  9.431065417254162e-01  1.199999787607237e+00  1.373177044229158e-05  1.550352374747265e+00 
 3.711298488471847e-07  0.000000000000000e+00  7.726741351657271e-01  7.663952409091074e-01  9.432998320630857e-01  1.199999787606747e+00  1.353615423104513e-05  1.550359058439911e+00 
 3.711819283762569e-07  0.000000000000000e+00  7.727089392035094e-01  7.662443447577570e-01  9.435065631904023e-01  1.199999787606176e+00  1.326000092237510e-05  1.550364047146651e+00 
 3.712444001852296e-07  0.000000000000000e+00  7.727470909362641e-01  7.660646440533539e-01  9.437522997243609e-01  1.199999787604130e+00  1.295375778628040e-05  1.550367263364518e+00 
 3.713158434303629e-07  0.000000000000000e+00  7.727863873275956e-01  7.658610350828546e-01  9.440301048203176e-01  1.199999787601816e+00  1.264031950306758e-05  1.550367714734017e+00 
 3.714051707719050e-07  0.000000000000000e+00  7.728298981643885e-01  7.656094863333598e-01  9.443725385441778e-01  1.199999787599830e+00  1.228008607569826e-05  1.550364350038790e+00 
 3.715153410633803e-07  0.000000000000000e+00  7.728764278678504e-01  7.653040633430727e-01  9.447875587538114e-01  1.199999787598455e+00  1.186634119431151e-05  1.550355750860014e+00 
 3.716646602049945e-07  0.000000000000000e+00  7.729296740820411e-01  7.648987720060318e-01  9.453379481183033e-01  1.199999787597792e+00  1.134830204729348e-05  1.550339213836126e+00 
 3.718646602049945e-07  0.000000000000000e+00  7.729880170278792e-01  7.643714831141554e-01  9.460551716838708e-01  1.199999787597248e+00  1.072080720594857e-05  1.550313165776579e+00 
 3.720646602049945e-07  0.000000000000000e+00  7.730356114391784e-01  7.638616201977754e-01  9.467515024057803e-01  1.199999787596810e+00  1.015879513253759e-05  1.550286524546794e+00 
 3.722646602049946e-07  0.000000000000000e+00  7.730756224324714e-01  7.633685604603194e-01  9.474287578436458e-01  1.199999787596510e+00  9.652688362759263e-06  1.550261768268176e+00 
 3.724646602049946e-07  0.000000000000000e+00  7.731102682386585e-01  7.628915758000745e-01  9.480884770002970e-01  1.199999787596433e+00  9.194592828852642e-06  1.550240094946876e+00 
 3.726646602049946e-07  0.000000000000000e+00  7.731410503812916e-01  7.624299104732688e-01  9.487319425605579e-01  1.199999787596412e+00  8.778019066706531e-06  1.550221826416094e+00 
 3.728646602049946e-07  0.000000000000000e+00  7.731689766842260e-01  7.619828213897103e-01  9.493602311926567e-01  1.199999787596470e+00  8.397581091107701e-06  1.550206784779270e+00 
 3.730646602049946e-07  0.000000000000000e+00  7.731947276142601e-01  7.615495976044985e-01  9.499742593538080e-01  1.199999787596525e+00  8.048777354452552e-06  1.550194559971786e+00 
 3.732646602049946e-07  0.000000000000000e+00  7.732187695274572e-01  7.611295689913277e-01  9.505748188130183e-01  1.199999787596468e+00  7.727821444473026e-06  1.550184673660433e+00 
 3.734646602049947e-07  0.000000000000000e+00  7.732414288257752e-01  7.607221092082199e-01  9.511626032488179e-01  1.199999787596421e+00  7.431507542375842e-06  1.550176667484791e+00 
 3.736646602049947e-07  0.000000000000000e+00  7.732629397282625e-01  7.603266355789263e-01  9.517382281570018e-01  1.199999787596489e+00  7.157103858172669e-06  1.550170142970873e+00 
 3.738646602049947e-07  0.000000000000000e+00  7.732834749006148e-01  7.599426073066557e-01  9.523022458261724e-01  1.199999787596395e+00  6.902268128112139e-06  1.550164773467817e+00 
 3.740646602049947e-07  0.000000000000000e+00  7.733031651460408e-01  7.595695228277424e-01  9.528551566127562e-01  1.199999787596373e+00  6.664980515379993e-06  1.550160301475362e+00 
 3.742646602049947e-07  0.000000000000000e+00  7.733221121694964e-01  7.592069167859549e-01  9.533974174200158e-01  1.199999787596372e+00  6.443489938719460e-06  1.550156529451837e+00 
 3.744646602049947e-07  0.000000000000000e+00  7.733403969615361e-01  7.588543569129479e-01  9.539294480694405e-01  1.199999787596370e+00  6.236270758064002e-06  1.550153308655856e+00 
 3.746646602049947e-07  0.000000000000000e+00  7.733580854003871e-01  7.585114409920124e-01  9.544516361043902e-01  1.199999787596416e+00  6.041987660856334e-06  1.550150528369656e+00 
 3.748646602049948e-07  0.000000000000000e+00  7.733752320711078e-01  7.581777940018508e-01  9.549643404509447e-01  1.199999787596451e+00  5.859466873969846e-06  1.550148106550156e+00 
 3.750646602049948e-07  0.000000000000000e+00  7.733918829267267e-01  7.578530654897978e-01  9.554678942555918e-01  1.199999787596349e+00  5.687672404206388e-06  1.550145982228465e+00 
 3.752646602049948e-07  0.000000000000000e+00  7.734080771838202e-01  7.575369271947905e-01  9.559626071476366e-01  1.199999787596299e+00  5.525686443201795e-06  1.550144109604908e+00 
 3.754646602049948e-07  0.000000000000000e+00  7.734238487026142e-01  7.572290709141364e-01  9.564487671040597e-01  1.199999787596401e+00  5.372692980038627e-06  1.550142453618806e+00 
 3.756646602049948e-07  0.000000000000000e+00  7.734392270124423e-01  7.569292066046990e-01  9.569266420454373e-01  1.199999787596385e+00  5.227964028912902e-06  1.550140986719539e+00 
 3.758646602049948e-07  0.000000000000000e+00  7.734542380884032e-01  7.566370606986365e-01  9.573964812494788e-01  1.199999787596301e+00  5.090848114539854e-06  1.550139686572050e+00 
 3.760646602049948e-07  0.000000000000000e+00  7.734689049500083e-01  7.563523746077878e-01  9.578585166405867e-01  1.199999787596339e+00  4.960760453157719e-06  1.550138534463895e+00 
 3.762646602049949e-07  0.000000000000000e+00  7.734832481299573e-01  7.560749033997558e-01  9.583129639954338e-01  1.199999787596432e+00  4.837174638350176e-06  1.550137514223219e+00 
 3.764646602049949e-07  0.000000000000000e+00  7.734972860466164e-01  7.558044146210261e-01  9.587600240809743e-01  1.199999787596346e+00  4.719615547318080e-06  1.550136611499242e+00 
 3.766646602049949e-07  0.000000000000000e+00  7.735110353040697e-01  7.555406872505297e-01  9.591998837414725e-01  1.199999787596570e+00  4.607653219244383e-06  1.550135813293619e+00 
 3.768646602049949e-07  0.000000000000000e+00  7.735245109366821e-01  7.552835107642610e-01  9.596327169377272e-01  1.199999787596474e+00  4.500897630807946e-06  1.550135107661045e+00 
 3.770646602049949e-07  0.000000000000000e+00  7.735377266108339e-01  7.550326842995652e-01  9.600586857389083e-01  1.199999787596506e+00  4.398994162697529e-06  1.550134483521351e+00 
 3.772646602049949e-07  0.000000000000000e+00  7.735506947929253e-01  7.547880159039402e-01  9.604779412681093e-01  1.199999787596558e+00  4.301619680475182e-06  1.550133930543129e+00 
 3.774646602049950e-07  0.000000000000000e+00  7.735634268907322e-01  7.545493218596202e-01  9.608906246004367e-01  1.199999787596338e+00  4.208479092532516e-06  1.550133439071804e+00 
 3.776646602049950e-07  0.000000000000000e+00  7.735759333733755e-01  7.543164260753462e-01  9.612968676112603e-01  1.199999787596402e+00  4.119302402336190e-06  1.550133000084613e+00 
 3.778646602049950e-07  0.000000000000000e+00  7.735882238738740e-01  7.540891595353428e-01  9.616967937742877e-01  1.199999787596452e+00  4.033842070828670e-06  1.550132605161006e+00 
 3.780646602049950e-07  0.000000000000000e+00  7.736003072774313e-01  7.538673598004755e-01  9.620905189081272e-01  1.199999787596578e+00  3.951870740238697e-06  1.550132246461501e+00 
 3.782646602049950e-07  0.000000000000000e+00  7.736121917981301e-01  7.536508705583029e-01  9.624781518747264e-01  1.199999787596501e+00  3.873179242733175e-06  1.550131916710837e+00 
 3.784646602049950e-07  0.000000000000000e+00  7.736238850456802e-01  7.534395412134208e-01  9.628597952269682e-01  1.199999787596392e+00  3.797574768157708e-06  1.550131609182978e+00 
 3.786646602049950e-07  0.000000000000000e+00  7.736353940839529e-01  7.532332265159650e-01  9.632355458081022e-01  1.199999787596480e+00  3.724879333924305e-06  1.550131317686518e+00 
 3.788646602049951e-07  0.000000000000000e+00  7.736467254825803e-01  7.530317862246177e-01  9.636054953048380e-01  1.199999787596379e+00  3.654928375903129e-06  1.550131036549959e+00 
 3.790646602049951e-07  0.000000000000000e+00  7.736578853625501e-01  7.528350848001153e-01  9.639697307580366e-01  1.199999787596473e+00  3.587569499463456e-06  1.550130760606382e+00 
 3.792646602049951e-07  0.000000000000000e+00  7.736688794367235e-01  7.526429911271514e-01  9.643283350297470e-01  1.199999787596495e+00  3.522661393013718e-06  1.550130485177472e+00 
 3.794646602049951e-07  0.000000000000000e+00  7.736797130459763e-01  7.524553782614219e-01  9.646813872308684e-01  1.199999787596483e+00  3.460072822239917e-06  1.550130206056707e+00 
 3.796646602049951e-07  0.000000000000000e+00  7.736903911913903e-01  7.522721232001369e-01  9.650289631136515e-01  1.199999787596524e+00  3.399681759424969e-06  1.550129919491813e+00 
 3.798646602049951e-07  0.000000000000000e+00  7.737009185632522e-01  7.520931066734784e-01  9.653711354280716e-01  1.199999787596458e+00  3.341374587072178e-06  1.550129622166477e+00 
 3.800646602049951e-07  0.000000000000000e+00  7.737112995671013e-01  7.519182129527853e-01  9.657079742462263e-01  1.199999787596439e+00  3.285045347632098e-06  1.550129311181313e+00 
 3.802646602049952e-07  0.000000000000000e+00  7.737215383472069e-01  7.517473296795435e-01  9.660395472556377e-01  1.199999787596467e+00  3.230595215321520e-06  1.550128984034093e+00 
 3.804646602049952e-07  0.000000000000000e+00  7.737316388077490e-01  7.515803477066172e-01  9.663659200281228e-01  1.199999787596399e+00  3.177931764547385e-06  1.550128638599352e+00 
 3.806646602049952e-07  0.000000000000000e+00  7.737416046320724e-01  7.514171609544367e-01  9.666871562603342e-01  1.199999787596455e+00  3.126968576340728e-06  1.550128273107411e+00 
 3.808646602049952e-07  0.000000000000000e+00  7.737514393000524e-01  7.512576662799397e-01  9.670033179920685e-01  1.199999787596415e+00  3.077624692342957e-06  1.550127886122846e+00 
 3.810646602049952e-07  0.000000000000000e+00  7.737611461040331e-01  7.511017633568999e-01  9.673144658010876e-01  1.199999787596441e+00  3.029824221993539e-06  1.550127476522520e+00 
 3.812646602049952e-07  0.000000000000000e+00  7.737707281632171e-01  7.509493545659066e-01  9.676206589804630e-01  1.199999787596475e+00  2.983495934812448e-06  1.550127043473365e+00 
 3.814646602049953e-07  0.000000000000000e+00  7.737801884368087e-01  7.508003448927911e-01  9.679219556952137e-01  1.199999787596424e+00  2.938572920288251e-06  1.550126586409863e+00 
 3.816646602049953e-07  0.000000000000000e+00  7.737895297360796e-01  7.506546418365573e-01  9.682184131232536e-01  1.199999787596501e+00  2.894992251852646e-06  1.550126105011499e+00 
 3.818646602049953e-07  0.000000000000000e+00  7.737987547353046e-01  7.505121553244402e-01  9.685100875810525e-01  1.199999787596528e+00  2.852694711243624e-06  1.550125599180209e+00 
 3.820646602049953e-07  0.000000000000000e+00  7.738078659818629e-01  7.503727976318456e-01  9.687970346342893e-01  1.199999787596421e+00  2.811624516831892e-06  1.550125069018032e+00 
 3.822646602049953e-07  0.000000000000000e+00  7.738168659053870e-01  7.502364833104009e-01  9.690793091965697e-01  1.199999787596433e+00  2.771729047051769e-06  1.550124514805068e+00 
 3.824646602049953e-07  0.000000000000000e+00  7.738257568262580e-01  7.501031291190484e-01  9.693569656145715e-01  1.199999787596449e+00  2.732958672313769e-06  1.550123936977823e+00 
 3.826646602049953e-07  0.000000000000000e+00  7.738345409632628e-01  7.499726539614481e-01  9.696300577436241e-01  1.199999787596489e+00  2.695266514395684e-06  1.550123336108139e+00 
 3.828646602049954e-07  0.000000000000000e+00  7.738432204407915e-01  7.498449788257857e-01  9.698986390149029e-01  1.199999787596413e+00  2.658608235217879e-06  1.550122712882763e+00 
 3.830646602049954e-07  0.000000000000000e+00  7.738517972952268e-01  7.497200267297373e-01  9.701627624899040e-01  1.199999787596287e+00  2.622941937590749e-06  1.550122068083697e+00 
 3.832646602049954e-07  0.000000000000000e+00  7.738602734809850e-01  7.495977226683168e-01  9.704224809100893e-01  1.199999787596476e+00  2.588227916307563e-06  1.550121402569350e+00 
 3.834646602049954e-07  0.000000000000000e+00  7.738686508759574e-01  7.494779935643603e-01  9.706778467381550e-01  1.199999787596385e+00  2.554428583425436e-06  1.550120717256717e+00 
 3.836646602049954e-07  0.000000000000000e+00  7.738769312865819e-01  7.493607682203782e-01  9.709289121923309e-01  1.199999787596510e+00  2.521508277399532e-06  1.550120013104479e+00 
 3.838646602049954e-07  0.000000000000000e+00  7.738851164524008e-01  7.492459772754873e-01  9.711757292744785e-01  1.199999787596515e+00  2.489433204196702e-06  1.550119291097190e+00 
 3.840646602049954e-07  0.000000000000000e+00  7.738932080503532e-01  7.491335531615568e-01  9.714183497932413e-01  1.199999787596503e+00  2.458171242977443e-06  1.550118552230626e+00 
 3.842646602049955e-07  0.000000000000000e+00  7.739012076985836e-01  7.490234300623076e-01  9.716568253828164e-01  1.199999787596464e+00  2.427691881630587e-06  1.550117797498207e+00 
 3.844646602049955e-07  0.000000000000000e+00  7.739091169601026e-01  7.489155438739220e-01  9.718912075160254e-01  1.199999787596491e+00  2.397966142466013e-06  1.550117027878662e+00 
 3.846646602049955e-07  0.000000000000000e+00  7.739169373459740e-01  7.488098321676122e-01  9.721215475149441e-01  1.199999787596449e+00  2.368966437322526e-06  1.550116244324816e+00 
 3.848646602049955e-07  0.000000000000000e+00  7.739246703183164e-01  7.487062341525876e-01  9.723478965565755e-01  1.199999787596466e+00  2.340666509203759e-06  1.550115447753605e+00 
 3.850646602049955e-07  0.000000000000000e+00  7.739323172930698e-01  7.486046906404193e-01  9.725703056770131e-01  1.199999787596497e+00  2.313041363154938e-06  1.550114639037274e+00 
 3.852646602049955e-07  0.000000000000000e+00  7.739398796425392e-01  7.485051440094442e-01  9.727888257720961e-01  1.199999787596439e+00  2.286067163834274e-06  1.550113818995720e+00 
 3.854646602049956e-07  0.000000000000000e+00  7.739473586976724e-01  7.484075381722171e-01  9.730035075956802e-01  1.199999787596440e+00  2.259721206536496e-06  1.550112988390009e+00 
 3.856646602049956e-07  0.000000000000000e+00  7.739547557501818e-01  7.483118185418597e-01  9.732144017552377e-01  1.199999787596532e+00  2.233981807258594e-06  1.550112147917018e+00 
 3.858646602049956e-07  0.000000000000000e+00  7.739620720544876e-01  7.482179320002906e-01  9.734215587071789e-01  1.199999787596464e+00  2.208828279904942e-06  1.550111298205148e+00 
 3.860646602049956e-07  0.000000000000000e+00  7.739693088295100e-01  7.481258268665419e-01  9.736250287504383e-01  1.199999787596446e+00  2.184240860277866e-06  1.550110439811095e+00 
 3.862646602049956e-07  0.000000000000000e+00  7.739764672603048e-01  7.480354528645559e-01  9.738248620169566e-01  1.199999787596426e+00  2.160200683100577e-06  1.550109573217590e+00 
 3.864646602049956e-07  0.000000000000000e+00  7.739835484995570e-01  7.479467610945568e-01  9.740211084626554e-01  1.199999787596477e+00  2.136689681304046e-06  1.550108698832189e+00 
 3.866646602049956e-07  0.000000000000000e+00  7.739905536689521e-01  7.478597040010759e-01  9.742138178576913e-01  1.199999787596459e+00  2.113690596299143e-06  1.550107816986856e+00 
 3.868646602049957e-07  0.000000000000000e+00  7.739974838605146e-01  7.477742353456968e-01  9.744030397747961e-01  1.199999787596528e+00  2.091186918172869e-06  1.550106927938419e+00 
 3.870646602049957e-07  0.000000000000000e+00  7.740043401377219e-01  7.476903101763480e-01  9.745888235794189e-01  1.199999787596432e+00  2.069162797861921e-06  1.550106031869907e+00 
 3.872646602049957e-07  0.000000000000000e+00  7.740111235366303e-01  7.476078847998314e-01  9.747712184147629e-01  1.199999787596279e+00  2.047603100311638e-06  1.550105128892502e+00 
 3.874646602049957e-07  0.000000000000000e+00  7.740178350668930e-01  7.475269167521847e-01  9.749502731922812e-01  1.199999787596425e+00  2.026493300670836e-06  1.550104219048229e+00 
 3.876646602049957e-07  0.000000000000000e+00  7.740244757126565e-01  7.474473647725128e-01  9.751260365785175e-01  1.199999787596455e+00  2.005819482531826e-06  1.550103302313235e+00 
 3.878646602049957e-07  0.000000000000000e+00  7.740310464334706e-01  7.473691887743479e-01  9.752985569820396e-01  1.199999787596502e+00  1.985568276249826e-06  1.550102378601634e+00 
 3.880646602049957e-07  0.000000000000000e+00  7.740375481650733e-01  7.472923498193700e-01  9.754678825414899e-01  1.199999787596447e+00  1.965726883398219e-06  1.550101447769835e+00 
 3.882646602049958e-07  0.000000000000000e+00  7.740439818202617e-01  7.472168100905473e-01  9.756340611133874e-01  1.199999787596495e+00  1.946282971891456e-06  1.550100509621328e+00 
 3.884646602049958e-07  0.000000000000000e+00  7.740503482894910e-01  7.471425328655615e-01  9.757971402587734e-01  1.199999787596449e+00  1.927224767350428e-06  1.550099563911769e+00 
 3.886646602049958e-07  0.000000000000000e+00  7.740566484416380e-01  7.470694824913419e-01  9.759571672326778e-01  1.199999787596397e+00  1.908540883405486e-06  1.550098610354458e+00 
 3.888646602049958e-07  0.000000000000000e+00  7.740628831246603e-01  7.469976243582506e-01  9.761141889722501e-01  1.199999787596495e+00  1.890220427288925e-06  1.550097648626013e+00 
 3.890646602049958e-07  0.000000000000000e+00  7.740690531662122e-01  7.469269248753155e-01  9.762682520843764e-01  1.199999787596446e+00  1.872252902886210e-06  1.550096678372294e+00 
 3.892646602049958e-07  0.000000000000000e+00  7.740751593742325e-01  7.468573514448749e-01  9.764194028357533e-01  1.199999787596375e+00  1.854628217897158e-06  1.550095699214455e+00 
 3.894646602049959e-07  0.000000000000000e+00  7.740812025375545e-01  7.467888724379352e-01  9.765676871409676e-01  1.199999787596440e+00  1.837336661131468e-06  1.550094710755032e+00 
 3.896646602049959e-07  0.000000000000000e+00  7.740871834264688e-01  7.467214571709332e-01  9.767131505538762e-01  1.199999787596461e+00  1.820368894005972e-06  1.550093712584211e+00 
 3.898646602049959e-07  0.000000000000000e+00  7.740931027932351e-01  7.466550758811751e-01  9.768558382566830e-01  1.199999787596471e+00  1.803715898087891e-06  1.550092704285907e+00 
 3.900646602049959e-07  0.000000000000000e+00  7.740989613726651e-01  7.465896997042633e-01  9.769957950505415e-01  1.199999787596391e+00  1.787369017481404e-06  1.550091685443987e+00 
 3.902646602049959e-07  0.000000000000000e+00  7.741047598826296e-01  7.465253006512331e-01  9.771330653476646e-01  1.199999787596456e+00  1.771319892924876e-06  1.550090655648295e+00 
 3.904646602049959e-07  0.000000000000000e+00  7.741104990246374e-01  7.464618515845952e-01  9.772676931624599e-01  1.199999787596456e+00  1.755560467335741e-06  1.550089614500529e+00 
 3.906646602049959e-07  0.000000000000000e+00  7.741161794842613e-01  7.463993261976275e-01  9.773997221034736e-01  1.199999787596556e+00  1.740082973714501e-06  1.550088561620028e+00 
 3.908646602049960e-07  0.000000000000000e+00  7.741218019317085e-01  7.463376989921416e-01  9.775291953653880e-01  1.199999787596507e+00  1.724879929309480e-06  1.550087496649367e+00 
 3.910646602049960e-07  0.000000000000000e+00  7.741273670223107e-01  7.462769452566521e-01  9.776561557237174e-01  1.199999787596423e+00  1.709944091918161e-06  1.550086419259620e+00 
 3.912646602049960e-07  0.000000000000000e+00  7.741328753970195e-01  7.462170410461886e-01  9.777806455262322e-01  1.199999787596298e+00  1.695268496446195e-06  1.550085329155456e+00 
 3.914646602049960e-07  0.000000000000000e+00  7.741383276829027e-01  7.461579631607846e-01  9.779027066890223e-01  1.199999787596392e+00  1.680846402729983e-06  1.550084226079920e+00 
 3.916646602049960e-07  0.000000000000000e+00  7.741437244936707e-01  7.460996891260125e-01  9.780223806898699e-01  1.199999787596455e+00  1.666671306220288e-06  1.550083109818915e+00 
 3.918646602049960e-07  0.000000000000000e+00  7.741490664301689e-01  7.460421971725651e-01  9.781397085635358e-01  1.199999787596452e+00  1.652736913532734e-06  1.550081980205381e+00 
 3.920646602049960e-07  0.000000000000000e+00  7.741543540808657e-01  7.459854662171310e-01  9.782547308963385e-01  1.199999787596353e+00  1.639037159743017e-06  1.550080837123073e+00 
 3.922646602049961e-07  0.000000000000000e+00  7.741595880223356e-01  7.459294758435567e-01  9.783674878227145e-01  1.199999787596381e+00  1.625566173375902e-06  1.550079680510062e+00 
 3.924646602049961e-07  0.000000000000000e+00  7.741647688197748e-01  7.458742062833401e-01  9.784780190213008e-01  1.199999787596531e+00  1.612318271708501e-06  1.550078510361790e+00 
 3.926646602049961e-07  0.000000000000000e+00  7.741698970274098e-01  7.458196383982023e-01  9.785863637116888e-01  1.199999787596466e+00  1.599287965462319e-06  1.550077326733837e+00 
 3.928646602049961e-07  0.000000000000000e+00  7.741749731891097e-01  7.457657536620178e-01  9.786925606507555e-01  1.199999787596543e+00  1.586469949093419e-06  1.550076129744200e+00 
 3.930646602049961e-07  0.000000000000000e+00  7.741799978388250e-01  7.457125341433057e-01  9.787966481314364e-01  1.199999787596476e+00  1.573859073239180e-06  1.550074919575308e+00 
 3.932646602049961e-07  0.000000000000000e+00  7.741849715010356e-01  7.456599624874123e-01  9.788986639791586e-01  1.199999787596445e+00  1.561450357811096e-06  1.550073696475554e+00 
 3.934646602049962e-07  0.000000000000000e+00  7.741898946912498e-01  7.456080219014555e-01  9.789986455506365e-01  1.199999787596411e+00  1.549238998812883e-06  1.550072460760497e+00 
 3.936646602049962e-07  0.000000000000000e+00  7.741947679164636e-01  7.455566961358501e-01  9.790966297319835e-01  1.199999787596456e+00  1.537220328866187e-06  1.550071212813634e+00 
 3.938646602049962e-07  0.000000000000000e+00  7.741995916756502e-01  7.455059694702726e-01  9.791926529374455e-01  1.199999787596522e+00  1.525389798220872e-06  1.550069953086865e+00 
 3.940646602049962e-07  0.000000000000000e+00  7.742043664602156e-01  7.454558266970115e-01  9.792867511093933e-01  1.199999787596446e+00  1.513743074867543e-06  1.550068682100500e+00 
 3.942646602049962e-07  0.000000000000000e+00  7.742090927544194e-01  7.454062531056470e-01  9.793789597168516e-01  1.199999787596402e+00  1.502275869902705e-06  1.550067400443010e+00 
 3.944646602049962e-07  0.000000000000000e+00  7.742137710358625e-01  7.453572344689260e-01  9.794693137555857e-01  1.199999787596459e+00  1.490984095271372e-06  1.550066108770310e+00 
 3.946646602049962e-07  0.000000000000000e+00  7.742184017758947e-01  7.453087570275221e-01  9.795578477475854e-01  1.199999787596428e+00  1.479863745058399e-06  1.550064807804793e+00 
 3.948646602049963e-07  0.000000000000000e+00  7.742229854400501e-01  7.452608074766528e-01  9.796445957410315e-01  1.199999787596478e+00  1.468910956547125e-06  1.550063498334025e+00 
 3.950646602049963e-07  0.000000000000000e+00  7.742275224884542e-01  7.452133729514057e-01  9.797295913126138e-01  1.199999787596444e+00  1.458121967559585e-06  1.550062181209090e+00 
 3.952646602049963e-07  0.000000000000000e+00  7.742320133762353e-01  7.451664410135836e-01  9.798128675656375e-01  1.199999787596398e+00  1.447493142542345e-06  1.550060857342644e+00 
 3.954646602049963e-07  0.000000000000000e+00  7.742364585539313e-01  7.451199996393520e-01  9.798944571325967e-01  1.199999787596442e+00  1.437020937731234e-06  1.550059527706743e+00 
 3.956646602049963e-07  0.000000000000000e+00  7.742408584678214e-01  7.450740372052886e-01  9.799743921760926e-01  1.199999787596305e+00  1.426701919159229e-06  1.550058193330335e+00 
 3.958646602049963e-07  0.000000000000000e+00  7.742452135603325e-01  7.450285424767341e-01  9.800527043898748e-01  1.199999787596502e+00  1.416532764488514e-06  1.550056855296593e+00 
 3.960646602049964e-07  0.000000000000000e+00  7.742495242704029e-01  7.449835045954916e-01  9.801294250002527e-01  1.199999787596409e+00  1.406510220022224e-06  1.550055514739951e+00 
 3.962646602049964e-07  0.000000000000000e+00  7.742537910338110e-01  7.449389130674989e-01  9.802045847679396e-01  1.199999787596425e+00  1.396631145681583e-06  1.550054172842951e+00 
 3.964646602049964e-07  0.000000000000000e+00  7.742580142834589e-01  7.448947577521770e-01  9.802782139901302e-01  1.199999787596468e+00  1.386892491471915e-06  1.550052830832934e+00 
 3.966646602049964e-07  0.000000000000000e+00  7.742621944496949e-01  7.448510288508466e-01  9.803503425017424e-01  1.199999787596525e+00  1.377291292383150e-06  1.550051489978532e+00 
 3.968646602049964e-07  0.000000000000000e+00  7.742663319606510e-01  7.448077168957016e-01  9.804209996782572e-01  1.199999787596524e+00  1.367824643833847e-06  1.550050151586035e+00 
 3.970646602049964e-07  0.000000000000000e+00  7.742704272424444e-01  7.447648127391374e-01  9.804902144382663e-01  1.199999787596403e+00  1.358489751388098e-06  1.550048816995645e+00 
 3.972646602049964e-07  0.000000000000000e+00  7.742744807195235e-01  7.447223075432946e-01  9.805580152450829e-01  1.199999787596436e+00  1.349283877768148e-06  1.550047487577562e+00 
 3.974646602049965e-07  0.000000000000000e+00  7.742784928147761e-01  7.446801927708446e-01  9.806244301105114e-01  1.199999787596278e+00  1.340204384968775e-06  1.550046164728063e+00 
 3.976646602049965e-07  0.000000000000000e+00  7.742824639498911e-01  7.446384601744764e-01  9.806894865966898e-01  1.199999787596407e+00  1.331248670952562e-06  1.550044849865469e+00 
 3.978646602049965e-07  0.000000000000000e+00  7.742863945454824e-01  7.445971017878544e-01  9.807532118185661e-01  1.199999787596369e+00  1.322414238641717e-06  1.550043544426049e+00 
 3.980646602049965e-07  0.000000000000000e+00  7.742902850213090e-01  7.445561099153473e-01  9.808156324472872e-01  1.199999787596459e+00  1.313698638090335e-06  1.550042249859950e+00 
 3.982646602049965e-07  0.000000000000000e+00  7.742941357964184e-01  7.445154771245935e-01  9.808767747139289e-01  1.199999787596501e+00  1.305099486315531e-06  1.550040967627055e+00 
 3.984646602049965e-07  0.000000000000000e+00  7.742979472893301e-01  7.444751962366833e-01  9.809366644116759e-01  1.199999787596471e+00  1.296614473409355e-06  1.550039699192932e+00 
 3.986646602049965e-07  0.000000000000000e+00  7.743017199181235e-01  7.444352603183707e-01  9.809953268997129e-01  1.199999787596512e+00  1.288241339874806e-06  1.550038446024692e+00 
 3.988646602049966e-07  0.000000000000000e+00  7.743054541006219e-01  7.443956626728301e-01  9.810527871062913e-01  1.199999787596395e+00  1.279977889170330e-06  1.550037209586988e+00 
 3.990646602049966e-07  0.000000000000000e+00  7.743091502544480e-01  7.443563968327267e-01  9.811090695321170e-01  1.199999787596409e+00  1.271821989877703e-06  1.550035991338004e+00 
 3.992646602049966e-07  0.000000000000000e+00  7.743128087970969e-01  7.443174565515619e-01  9.811641982541541e-01  1.199999787596356e+00  1.263771544154395e-06  1.550034792725556e+00 
 3.994646602049966e-07  0.000000000000000e+00  7.743164301460630e-01  7.442788357965675e-01  9.812181969286994e-01  1.199999787596450e+00  1.255824529919641e-06  1.550033615183263e+00 
 3.996646602049966e-07  0.000000000000000e+00  7.743200147188085e-01  7.442405287416036e-01  9.812710887955791e-01  1.199999787596504e+00  1.247978971537641e-06  1.550032460126820e+00 
 3.998646602049966e-07  0.000000000000000e+00  7.743235629328474e-01  7.442025297593585e-01  9.813228966822176e-01  1.199999787596470e+00  1.240232930474135e-06  1.550031328950360e+00 
 4.000646602049967e-07  0.000000000000000e+00  7.743270752057709e-01  7.441648334153866e-01  9.813736430065817e-01  1.199999787596500e+00  1.232584545350946e-06  1.550030223023011e+00 
 4.002646602049967e-07  0.000000000000000e+00  7.743305519552076e-01  7.441274344600481e-01  9.814233497818448e-01  1.199999787596482e+00  1.225031955861919e-06  1.550029143685425e+00 
 4.004646602049967e-07  0.000000000000000e+00  7.743339935988747e-01  7.440903278227083e-01  9.814720386198512e-01  1.199999787596439e+00  1.217573397339931e-06  1.550028092246631e+00 
 4.006646602049967e-07  0.000000000000000e+00  7.743374005545093e-01  7.440535086055838e-01  9.815197307357183e-01  1.199999787596375e+00  1.210207113380100e-06  1.550027069980953e+00 
 4.008646602049967e-07  0.000000000000000e+00  7.743407732398380e-01  7.440169720779178e-01  9.815664469512783e-01  1.199999787596454e+00  1.202931416013722e-06  1.550026078125099e+00 
 4.010646602049967e-07  0.000000000000000e+00  7.743441120725419e-01  7.439807136689066e-01  9.816122077004246e-01  1.199999787596507e+00  1.195744627484630e-06  1.550025117875377e+00 
 4.012646602049967e-07  0.000000000000000e+00  7.743474174701522e-01  7.439447289623866e-01  9.816570330316583e-01  1.199999787596470e+00  1.188645149997055e-06  1.550024190385112e+00 
 4.014646602049968e-07  0.000000000000000e+00  7.743506898500455e-01  7.439090136916523e-01  9.817009426139925e-01  1.199999787596526e+00  1.181631388308821e-06  1.550023296762287e+00 
 4.016646602049968e-07  0.000000000000000e+00  7.743539296293016e-01  7.438735637333689e-01  9.817439557404388e-01  1.199999787596505e+00  1.174701810642456e-06  1.550022438067266e+00 
 4.018646602049968e-07  0.000000000000000e+00  7.743571372246245e-01  7.438383751025910e-01  9.817860913320161e-01  1.199999787596453e+00  1.167854903998564e-06  1.550021615310789e+00 
 4.020646602049968e-07  0.000000000000000e+00  7.743603130522614e-01  7.438034439476865e-01  9.818273679434415e-01  1.199999787596485e+00  1.161089199383870e-06  1.550020829452106e+00 
 4.022646602049968e-07  0.000000000000000e+00  7.743634575278461e-01  7.437687665456337e-01  9.818678037666370e-01  1.199999787596448e+00  1.154403276424848e-06  1.550020081397276e+00 
 4.024646602049968e-07  0.000000000000000e+00  7.743665710663079e-01  7.437343392966550e-01  9.819074166354177e-01  1.199999787596367e+00  1.147795715281843e-06  1.550019371997722e+00 
 4.026646602049968e-07  0.000000000000000e+00  7.743696540817293e-01  7.437001587197201e-01  9.819462240308360e-01  1.199999787596430e+00  1.141265151064750e-06  1.550018702048930e+00 
 4.028646602049969e-07  0.000000000000000e+00  7.743727069872228e-01  7.436662214481997e-01  9.819842430845431e-01  1.199999787596452e+00  1.134810259788602e-06  1.550018072289334e+00 
 4.030646602049969e-07  0.000000000000000e+00  7.743757301947904e-01  7.436325242252264e-01  9.820214905846184e-01  1.199999787596491e+00  1.128429716219532e-06  1.550017483399398e+00 
 4.032646602049969e-07  0.000000000000000e+00  7.743787241151753e-01  7.435990638998702e-01  9.820579829790063e-01  1.199999787596455e+00  1.122122264587163e-06  1.550016936000857e+00 
 4.034646602049969e-07  0.000000000000000e+00  7.743816891576891e-01  7.435658374225155e-01  9.820937363816193e-01  1.199999787596465e+00  1.115886632134133e-06  1.550016430656179e+00 
 4.036646602049969e-07  0.000000000000000e+00  7.743846257301079e-01  7.435328418415567e-01  9.821287665760977e-01  1.199999787596489e+00  1.109721627534600e-06  1.550015967868196e+00 
 4.038646602049969e-07  0.000000000000000e+00  7.743875342384592e-01  7.435000742988139e-01  9.821630890208363e-01  1.199999787596355e+00  1.103626040658087e-06  1.550015548079863e+00 
 4.040646602049970e-07  0.000000000000000e+00  7.743904150868948e-01  7.434675320261027e-01  9.821967188542668e-01  1.199999787596424e+00  1.097598711611603e-06  1.550015171674262e+00 
 4.042646602049970e-07  0.000000000000000e+00  7.743932686775143e-01  7.434352123423802e-01  9.822296708985025e-01  1.199999787596437e+00  1.091638506653691e-06  1.550014838974685e+00 
 4.044646602049970e-07  0.000000000000000e+00  7.743960954102342e-01  7.434031126489564e-01  9.822619596663912e-01  1.199999787596458e+00  1.085744295513932e-06  1.550014550244946e+00 
 4.046646602049970e-07  0.000000000000000e+00  7.743988956825738e-01  7.433712304270049e-01  9.822935993635451e-01  1.199999787596362e+00  1.079915008754866e-06  1.550014305689785e+00 
 4.048646602049970e-07  0.000000000000000e+00  7.744016698895304e-01  7.433395632340821e-01  9.823246038949477e-01  1.199999787596432e+00  1.074149567931278e-06  1.550014105455499e+00 
 4.050646602049970e-07  0.000000000000000e+00  7.744044184234250e-01  7.433081087013648e-01  9.823549868693930e-01  1.199999787596452e+00  1.068446943723395e-06  1.550013949630642e+00 
 4.052646602049970e-07  0.000000000000000e+00  7.744071416737097e-01  7.432768645298422e-01  9.823847616046661e-01  1.199999787596485e+00  1.062806092051673e-06  1.550013838246875e+00 
 4.054646602049971e-07  0.000000000000000e+00  7.744098400268573e-01  7.432458284882875e-01  9.824139411324012e-01  1.199999787596435e+00  1.057226040858019e-06  1.550013771279950e+00 
 4.056646602049971e-07  0.000000000000000e+00  7.744125138661105e-01  7.432149984099120e-01  9.824425382022972e-01  1.199999787596445e+00  1.051705799257666e-06  1.550013748650845e+00 
 4.058646602049971e-07  0.000000000000000e+00  7.744151635714541e-01  7.431843721896223e-01  9.824705652874254e-01  1.199999787596356e+00  1.046244418212493e-06  1.550013770226939e+00 
 4.060646602049971e-07  0.000000000000000e+00  7.744177895193750e-01  7.431539477817812e-01  9.824980345892621e-01  1.199999787596427e+00  1.040840957583269e-06  1.550013835823352e+00 
 4.062646602049971e-07  0.000000000000000e+00  7.744203920827475e-01  7.431237231971257e-01  9.825249580426443e-01  1.199999787596344e+00  1.035494502130860e-06  1.550013945204363e+00 
 4.064646602049971e-07  0.000000000000000e+00  7.744229716307178e-01  7.430936965008651e-01  9.825513473195852e-01  1.199999787596399e+00  1.030204156802612e-06  1.550014098084915e+00 
 4.066646602049971e-07  0.000000000000000e+00  7.744255285284666e-01  7.430638658105916e-01  9.825772138362130e-01  1.199999787596313e+00  1.024969047529270e-06  1.550014294132226e+00 
 4.068646602049972e-07  0.000000000000000e+00  7.744280631371999e-01  7.430342292930202e-01  9.826025687553958e-01  1.199999787596387e+00  1.019788304121089e-06  1.550014532967409e+00 
 4.070646602049972e-07  0.000000000000000e+00  7.744305758139690e-01  7.430047851625183e-01  9.826274229931069e-01  1.199999787596497e+00  1.014661095535782e-06  1.550014814167209e+00 
 4.072646602049972e-07  0.000000000000000e+00  7.744330669115378e-01  7.429755316792518e-01  9.826517872218938e-01  1.199999787596465e+00  1.009586589221902e-06  1.550015137265851e+00 
 4.074646602049972e-07  0.000000000000000e+00  7.744355367782839e-01  7.429464671464683e-01  9.826756718764923e-01  1.199999787596501e+00  1.004563980472625e-06  1.550015501756808e+00 
 4.076646602049972e-07  0.000000000000000e+00  7.744379857580798e-01  7.429175899092119e-01  9.826990871586503e-01  1.199999787596464e+00  9.995924808837524e-07  1.550015907094726e+00 
 4.078646602049972e-07  0.000000000000000e+00  7.744404141902047e-01  7.428888983526907e-01  9.827220430410936e-01  1.199999787596495e+00  9.946713164612752e-07  1.550016352697351e+00 
 4.080646602049973e-07  0.000000000000000e+00  7.744428224091817e-01  7.428603908989451e-01  9.827445492726767e-01  1.199999787596446e+00  9.897997118432884e-07  1.550016837947451e+00 
 4.082646602049973e-07  0.000000000000000e+00  7.744452107448183e-01  7.428320660074531e-01  9.827666153838367e-01  1.199999787596458e+00  9.849769432356012e-07  1.550017362194817e+00 
 4.084646602049973e-07  0.000000000000000e+00  7.744475795219783e-01  7.428039221720900e-01  9.827882506890288e-01  1.199999787596371e+00  9.802022695814989e-07  1.550017924758222e+00 
 4.086646602049973e-07  0.000000000000000e+00  7.744499290606167e-01  7.427759579197127e-01  9.828094642933785e-01  1.199999787596340e+00  9.754749782741247e-07  1.550018524927464e+00 
 4.088646602049973e-07  0.000000000000000e+00  7.744522596756305e-01  7.427481718084119e-01  9.828302650960176e-01  1.199999787596302e+00  9.707943653683529e-07  1.550019161965329e+00 
 4.090646602049973e-07  0.000000000000000e+00  7.744545716768220e-01  7.427205624270203e-01  9.828506617947486e-01  1.199999787596458e+00  9.661597421512484e-07  1.550019835109615e+00 
 4.092646602049973e-07  0.000000000000000e+00  7.744568653688744e-01  7.426931283931686e-01  9.828706628908553e-01  1.199999787596272e+00  9.615704448481576e-07  1.550020543575134e+00 
 4.094646602049974e-07  0.000000000000000e+00  7.744591410512350e-01  7.426658683519558e-01  9.828902766925275e-01  1.199999787596475e+00  9.570258048943655e-07  1.550021286555647e+00 
 4.096646602049974e-07  0.000000000000000e+00  7.744613990181310e-01  7.426387809748879e-01  9.829095113200930e-01  1.199999787596428e+00  9.525251683513918e-07  1.550022063225885e+00 
 4.098646602049974e-07  0.000000000000000e+00  7.744636395585078e-01  7.426118649583653e-01  9.829283747106609e-01  1.199999787596423e+00  9.480679129821766e-07  1.550022872743417e+00 
 4.100646602049974e-07  0.000000000000000e+00  7.744658629559842e-01  7.425851190231437e-01  9.829468746204559e-01  1.199999787596326e+00  9.436534103204179e-07  1.550023714250632e+00 
 4.102646602049974e-07  0.000000000000000e+00  7.744680694889086e-01  7.425585419124014e-01  9.829650186303454e-01  1.199999787596471e+00  9.392810365157536e-07  1.550024586876537e+00 
 4.104646602049974e-07  0.000000000000000e+00  7.744702594302166e-01  7.425321323915696e-01  9.829828141502391e-01  1.199999787596519e+00  9.349502124864275e-07  1.550025489738644e+00 
 4.106646602049974e-07  0.000000000000000e+00  7.744724330474809e-01  7.425058892470057e-01  9.830002684221048e-01  1.199999787596470e+00  9.306603347050981e-07  1.550026421944735e+00 
 4.108646602049975e-07  0.000000000000000e+00  7.744745906029324e-01  7.424798112851592e-01  9.830173885239223e-01  1.199999787596411e+00  9.264108326099558e-07  1.550027382594622e+00 
 4.110646602049975e-07  0.000000000000000e+00  7.744767323534476e-01  7.424538973318626e-01  9.830341813741524e-01  1.199999787596499e+00  9.222011326112879e-07  1.550028370781854e+00 
 4.112646602049975e-07  0.000000000000000e+00  7.744788585505220e-01  7.424281462304232e-01  9.830506537355082e-01  1.199999787596457e+00  9.180306885059040e-07  1.550029385595352e+00 
 4.114646602049975e-07  0.000000000000000e+00  7.744809694403280e-01  7.424025568421929e-01  9.830668122180353e-01  1.199999787596454e+00  9.138989416874435e-07  1.550030426121025e+00 
 4.116646602049975e-07  0.000000000000000e+00  7.744830652637146e-01  7.423771280447251e-01  9.830826632839548e-01  1.199999787596446e+00  9.098053732991182e-07  1.550031491443312e+00 
 4.118646602049975e-07  0.000000000000000e+00  7.744851462562474e-01  7.423518587324998e-01  9.830982132501043e-01  1.199999787596459e+00  9.057494358678095e-07  1.550032580646640e+00 
 4.120646602049976e-07  0.000000000000000e+00  7.744872126482054e-01  7.423267478145674e-01  9.831134682920378e-01  1.199999787596363e+00  9.017306347609631e-07  1.550033692816891e+00 
 4.122646602049976e-07  0.000000000000000e+00  7.744892646646558e-01  7.423017942148875e-01  9.831284344470858e-01  1.199999787596308e+00  8.977484449288750e-07  1.550034827042696e+00 
 4.124646602049976e-07  0.000000000000000e+00  7.744913025254533e-01  7.422769968720220e-01  9.831431176189722e-01  1.199999787596461e+00  8.938023755947920e-07  1.550035982416802e+00 
 4.126646602049976e-07  0.000000000000000e+00  7.744933264453229e-01  7.422523547373904e-01  9.831575235789550e-01  1.199999787596478e+00  8.898919538420516e-07  1.550037158037285e+00 
 4.128646602049976e-07  0.000000000000000e+00  7.744953366338918e-01  7.422278667762168e-01  9.831716579714985e-01  1.199999787596523e+00  8.860166645745589e-07  1.550038353008726e+00 
 4.130646602049976e-07  0.000000000000000e+00  7.744973332957120e-01  7.422035319651914e-01  9.831855263158081e-01  1.199999787596473e+00  8.821760759245629e-07  1.550039566443328e+00 
 4.132646602049976e-07  0.000000000000000e+00  7.744993166303820e-01  7.421793492937201e-01  9.831991340089949e-01  1.199999787596504e+00  8.783696879899020e-07  1.550040797461930e+00 
 4.134646602049977e-07  0.000000000000000e+00  7.745012868325677e-01  7.421553177626943e-01  9.832124863304517e-01  1.199999787596434e+00  8.745970711610476e-07  1.550042045195011e+00 
 4.136646602049977e-07  0.000000000000000e+00  7.745032440920495e-01  7.421314363840961e-01  9.832255884437229e-01  1.199999787596430e+00  8.708577678440641e-07  1.550043308783621e+00 
 4.138646602049977e-07  0.000000000000000e+00  7.745051885938717e-01  7.421077041801390e-01  9.832384453991131e-01  1.199999787596427e+00  8.671513475507303e-07  1.550044587380193e+00 
 4.140646602049977e-07  0.000000000000000e+00  7.745071205182766e-01  7.420841201839947e-01  9.832510621374549e-01  1.199999787596325e+00  8.634773682380960e-07  1.550045880149362e+00 
 4.142646602049977e-07  0.000000000000000e+00  7.745090400408872e-01  7.420606834389630e-01  9.832634434922792e-01  1.199999787596463e+00  8.598354016962098e-07  1.550047186268668e+00 
 4.144646602049977e-07  0.000000000000000e+00  7.745109473327456e-01  7.420373929972875e-01  9.832755941927835e-01  1.199999787596479e+00  8.562250658392139e-07  1.550048504929226e+00 
 4.146646602049977e-07  0.000000000000000e+00  7.745128425603839e-01  7.420142479211929e-01  9.832875188664408e-01  1.199999787596522e+00  8.526459071590109e-07  1.550049835336344e+00 
 4.148646602049978e-07  0.000000000000000e+00  7.745147258859471e-01  7.419912472815646e-01  9.832992220413591e-01  1.199999787596471e+00  8.490975412538438e-07  1.550051176710068e+00 
 4.150646602049978e-07  0.000000000000000e+00  7.745165974672109e-01  7.419683901583839e-01  9.833107081483167e-01  1.199999787596498e+00  8.455795864650506e-07  1.550052528285642e+00 
 4.152646602049978e-07  0.000000000000000e+00  7.745184574576947e-01  7.419456756399484e-01  9.833219815247154e-01  1.199999787596355e+00  8.420916336778625e-07  1.550053889313938e+00 
 4.154646602049978e-07  0.000000000000000e+00  7.745203060067442e-01  7.419231028231409e-01  9.833330464152481e-01  1.199999787596403e+00  8.386333092745897e-07  1.550055259061861e+00 
 4.156646602049978e-07  0.000000000000000e+00  7.745221432596189e-01  7.419006708123180e-01  9.833439069751557e-01  1.199999787596310e+00  8.352042454591090e-07  1.550056636812633e+00 
 4.158646602049978e-07  0.000000000000000e+00  7.745239693576068e-01  7.418783787202154e-01  9.833545672721319e-01  1.199999787596462e+00  8.318040505775160e-07  1.550058021866078e+00 
 4.160646602049979e-07  0.000000000000000e+00  7.745257844380377e-01  7.418562256670365e-01  9.833650312886084e-01  1.199999787596384e+00  8.284323871102717e-07  1.550059413538842e+00 
 4.162646602049979e-07  0.000000000000000e+00  7.745275886344266e-01  7.418342107804232e-01  9.833753029234948e-01  1.199999787596468e+00  8.250888878089045e-07  1.550060811164570e+00 
 4.164646602049979e-07  0.000000000000000e+00  7.745293820765700e-01  7.418123331950145e-01  9.833853859940628e-01  1.199999787596502e+00  8.217731902720931e-07  1.550062214094017e+00 
 4.166646602049979e-07  0.000000000000000e+00  7.745311648906088e-01  7.417905920535818e-01  9.833952842394302e-01  1.199999787596339e+00  8.184849639900263e-07  1.550063621695146e+00 
 4.168646602049979e-07  0.000000000000000e+00  7.745329371991223e-01  7.417689865045975e-01  9.834050013207530e-01  1.199999787596479e+00  8.152238721175532e-07  1.550065033353169e+00 
 4.170646602049979e-07  0.000000000000000e+00  7.745346991211915e-01  7.417475157041883e-01  9.834145408240236e-01  1.199999787596418e+00  8.119895673797399e-07  1.550066448470540e+00 
 4.172646602049979e-07  0.000000000000000e+00  7.745364507673274e-01  7.417261788093606e-01  9.834239062611380e-01  1.199999787596315e+00  8.087762624353451e-07  1.550067866466901e+00 
 4.174646602049980e-07  0.000000000000000e+00  7.745381922528816e-01  7.417049749924607e-01  9.834331010727632e-01  1.199999787596483e+00  8.055937929650636e-07  1.550069286779038e+00 
 4.176646602049980e-07  0.000000000000000e+00  7.745399236888373e-01  7.416839034306910e-01  9.834421286287833e-01  1.199999787596508e+00  8.024382059090454e-07  1.550070708860765e+00 
 4.178646602049980e-07  0.000000000000000e+00  7.745416451818297e-01  7.416629633063981e-01  9.834509922305514e-01  1.199999787596426e+00  7.993080975603040e-07  1.550072132182826e+00 
 4.180646602049980e-07  0.000000000000000e+00  7.745433568350328e-01  7.416421538084458e-01  9.834596951126732e-01  1.199999787596419e+00  7.962031353555550e-07  1.550073556232661e+00 
 4.182646602049980e-07  0.000000000000000e+00  7.745450587485588e-01  7.416214741310519e-01  9.834682404449179e-01  1.199999787596410e+00  7.931230745844262e-07  1.550074980514287e+00 
 4.184646602049980e-07  0.000000000000000e+00  7.745467510196481e-01  7.416009234747437e-01  9.834766313323207e-01  1.199999787596399e+00  7.900676026425226e-07  1.550076404548049e+00 
 4.186646602049980e-07  0.000000000000000e+00  7.745484337427183e-01  7.415805010460010e-01  9.834848708176943e-01  1.199999787596496e+00  7.870364421282801e-07  1.550077827870386e+00 
 4.188646602049981e-07  0.000000000000000e+00  7.745501070094830e-01  7.415602060568776e-01  9.834929618828810e-01  1.199999787596430e+00  7.840292904389892e-07  1.550079250033567e+00 
 4.190646602049981e-07  0.000000000000000e+00  7.745517709090255e-01  7.415400377255229e-01  9.835009074501122e-01  1.199999787596425e+00  7.810458792290058e-07  1.550080670605431e+00 
 4.192646602049981e-07  0.000000000000000e+00  7.745534255279137e-01  7.415199952754362e-01  9.835087103831712e-01  1.199999787596325e+00  7.780859157427126e-07  1.550082089169090e+00 
 4.194646602049981e-07  0.000000000000000e+00  7.745550709501987e-01  7.415000779362337e-01  9.835163734892484e-01  1.199999787596386e+00  7.751491307300423e-07  1.550083505322604e+00 
 4.196646602049981e-07  0.000000000000000e+00  7.745567072575309e-01  7.414802849429679e-01  9.835238995192545e-01  1.199999787596478e+00  7.722352564032296e-07  1.550084918678704e+00 
 4.198323301024991e-07  0.000000000000000e+00  7.745580720867570e-01  7.414637867976036e-01  9.835301051840120e-01  1.199999787596674e+00  7.698113041792643e-07  1.550086101152919e+00 
 4.200000000000001e-07  0.000000000000000e+00  7.745594306093617e-01  7.414473750875732e-01  9.835362178984535e-01  1.199999787596671e+00  7.674018883228072e-07  1.550087281193749e+00 
 4.200001241201839e-07  7.447211033403140e-04  7.745612628361451e-01  7.414491962352996e-01  9.835362977807575e-01  1.200003356062935e+00  8.473768551182925e-07  1.550087282066390e+00 
 4.200003723605517e-07  2.234163309703305e-03  7.745655312437928e-01  7.414534622457991e-01  9.835365106145942e-01  1.200013769870272e+00  1.045713576088708e-06  1.550087283811669e+00 
 4.200006990339511e-07  4.194203706520492e-03  7.745714916583133e-01  7.414594608479782e-01  9.835368290691245e-01  1.200028524457958e+00  1.282186465535740e-06  1.550087286108375e+00 
 4.200010859323119e-07  6.515593871232662e-03  7.745785406612844e-01  7.414665927494141e-01  9.835372037411904e-01  1.200042901800165e+00  1.491139662211649e-06  1.550087288828488e+00 
 4.200016349358548e-07  9.809615128673767e-03  7.745883218013886e-01  7.414765256720079e-01  9.835376974014637e-01  1.200056286335689e+00  1.685264638149470e-06  1.550087292688259e+00 
 4.200026693242148e-07  1.601594528831230e-02  7.746061682568343e-01  7.414947164886416e-01  9.835385192073586e-01  1.200066331463738e+00  1.856409324549682e-06  1.550087299960461e+00 
 4.200047381009346e-07  2.842860560727172e-02  7.746401119785346e-01  7.415294851540611e-01  9.835398720355558e-01  1.200059385685166e+00  1.842123139902951e-06  1.550087314504548e+00 
 4.200088458518935e-07  5.307511136094488e-02  7.747023794348169e-01  7.415936742900006e-01  9.835418313735524e-01  1.200025317996541e+00  1.446538004919260e-06  1.550087343381974e+00 
 4.200148241160826e-07  8.894469649542328e-02  7.747846024168623e-01  7.416790511778386e-01  9.835436152905599e-01  1.199993944130129e+00  9.048714298264416e-07  1.550087385406659e+00 
 4.200219584596736e-07  1.317507580412146e-01  7.748744637867374e-01  7.417729604742785e-01  9.835447696261075e-01  1.199985114928362e+00  5.555398088523053e-07  1.550087435555761e+00 
 4.200307417378501e-07  1.844504271003111e-01  7.749781685716245e-01  7.418818073389328e-01  9.835454369357449e-01  1.199989007361890e+00  4.298066572544805e-07  1.550087497297863e+00 
 4.200417677814494e-07  2.506066886958015e-01  7.751026618054014e-01  7.420127287729693e-01  9.835457728921443e-01  1.199995161770944e+00  4.723174492282049e-07  1.550087574829463e+00 
 4.200503095374796e-07  3.018572248774892e-01  7.751946371630536e-01  7.421094775579173e-01  9.835458514512737e-01  1.199998234078497e+00  5.506166152221929e-07  1.550087634930391e+00 
 4.200547044258381e-07  3.282265550280007e-01  7.752392532698207e-01  7.421563966735684e-01  9.835458391991744e-01  1.199999332087244e+00  5.866167314006604e-07  1.550087665872183e+00 
 4.200597578018825e-07  3.585468112945139e-01  7.752851954590119e-01  7.422046935073108e-01  9.835457458805696e-01  1.200000430152529e+00  6.090371745533056e-07  1.550087701473042e+00 
 4.200640208354492e-07  3.841250126950540e-01  7.753159970702718e-01  7.422370627049203e-01  9.835455467384859e-01  1.200001315491483e+00  6.053147939399234e-07  1.550087731529999e+00 
 4.200681693089134e-07  4.090158534803656e-01  7.753346351680938e-01  7.422566402141254e-01  9.835451800037873e-01  1.200002183485978e+00  5.779964300043489e-07  1.550087760805145e+00 
 4.200723281531523e-07  4.339689189137568e-01  7.753368995164192e-01  7.422589989295029e-01  9.835445680836277e-01  1.200003079662622e+00  5.268264974584054e-07  1.550087790184237e+00 
 4.200765454819565e-07  4.592728917387093e-01  7.753161787316951e-01  7.422371791323022e-01  9.835436203521795e-01  1.200004028635492e+00  4.526544935498124e-07  1.550087820013534e+00 
 4.200807242581140e-07  4.843455486839091e-01  7.752657369392670e-01  7.421840839003114e-01  9.835422770097698e-01  1.200005022428577e+00  3.591191515247075e-07  1.550087849613219e+00 
 4.200847924992835e-07  5.087549957004933e-01  7.751805667349712e-01  7.420944309644030e-01  9.835405044862673e-01  1.200006054496971e+00  2.500985827667661e-07  1.550087878477455e+00 
 4.200887529170217e-07  5.325175021299626e-01  7.750559427900502e-01  7.419632355064583e-01  9.835382646830346e-01  1.200007131588096e+00  1.279902108602959e-07  1.550087906628127e+00 
 4.200930151969940e-07  5.580911819633864e-01  7.748668071696693e-01  7.417641227277563e-01  9.835352063419321e-01  1.200008379413279e+00 -1.866485344406699e-08  1.550087936988982e+00 
 4.200969246043531e-07  5.815476261183069e-01  7.746355241378908e-01  7.415207581907206e-01  9.835317483024330e-01  1.200009603929694e+00 -1.643690838363902e-07  1.550087964902061e+00 
 4.201010966411801e-07  6.065798470801511e-01  7.743186056979476e-01  7.411884559248314e-01  9.835272999671112e-01  1.200010996519906e+00 -3.281274502417268e-07  1.550087994767737e+00 
 4.201051599776135e-07  6.309598656806004e-01  7.739237493547877e-01  7.407847373349803e-01  9.835220506459362e-01  1.200012481599064e+00 -5.032351593709308e-07  1.550088023939595e+00 
 4.201070202949422e-07  6.421217696527310e-01  7.736985775077837e-01  7.405700285119050e-01  9.835191368551465e-01  1.200013426400201e+00 -6.110943571212626e-07  1.550088037324617e+00 
 4.201084308465188e-07  6.505850791127190e-01  7.734954133674569e-01  7.403904817883884e-01  9.835165278824919e-01  1.200014474054662e+00 -7.244991534717179e-07  1.550088047486457e+00 
 4.201100219842289e-07  6.601319053732475e-01  7.732208920883598e-01  7.401624018724138e-01  9.835130219932710e-01  1.200016035283548e+00 -8.971787447071070e-07  1.550088058963176e+00 
 4.201118390680103e-07  6.710344080615213e-01  7.728453756384884e-01  7.398539926442955e-01  9.835083035106946e-01  1.200017924968070e+00 -1.137929051304651e-06  1.550088072088206e+00 
 4.201137271229196e-07  6.823627375170089e-01  7.723956072311136e-01  7.394674488281272e-01  9.835028338894513e-01  1.200019145232674e+00 -1.393931987628272e-06  1.550088085747432e+00 
 4.201158556337154e-07  6.951338022921111e-01  7.718320454359229e-01  7.389520019499265e-01  9.834963118087935e-01  1.200018524934209e+00 -1.639217672727393e-06  1.550088101173331e+00 
 4.201178332862488e-07  7.069997174922057e-01  7.712651698082625e-01  7.384078390731134e-01  9.834901075630998e-01  1.200015613716140e+00 -1.804152682150124e-06  1.550088115532145e+00 
 4.201201277631103e-07  7.207665786615646e-01  7.705641821675324e-01  7.377128949122825e-01  9.834828672912400e-01  1.200009681061460e+00 -1.915439885205421e-06  1.550088132223541e+00 
 4.201222057432728e-07  7.332344596366179e-01  7.698955952388589e-01  7.370364773737538e-01  9.834763412369344e-01  1.200002454664906e+00 -1.947678144350110e-06  1.550088147370221e+00 
 4.201245483707833e-07  7.472902246997024e-01  7.691108047222790e-01  7.362325193525280e-01  9.834690857202533e-01  1.199992971385830e+00 -1.917426464871815e-06  1.550088164480613e+00 
 4.201268552369348e-07  7.611314216083085e-01  7.683127807521068e-01  7.354082612932404e-01  9.834620970380947e-01  1.199982904485147e+00 -1.831587380263233e-06  1.550088181365523e+00 
 4.201294708526475e-07  7.768251158845444e-01  7.673858594372424e-01  7.344456693935637e-01  9.834544035080824e-01  1.199971357036717e+00 -1.684354677769853e-06  1.550088200552300e+00 
 4.201322992296860e-07  7.937953781158232e-01  7.663661720493636e-01  7.333827998665922e-01  9.834463898981913e-01  1.199959587797534e+00 -1.484638439916766e-06  1.550088221347967e+00 
 4.201359728276827e-07  8.158369660961463e-01  7.650307504420258e-01  7.319872973359988e-01  9.834364911115714e-01  1.199947046849669e+00 -1.189393670148527e-06  1.550088248426475e+00 
 4.201393940896902e-07  8.363645381407229e-01  7.637858734123424e-01  7.306846544733351e-01  9.834277513229993e-01  1.199938913707261e+00 -9.028506637634957e-07  1.550088273705143e+00 
 4.201425027321091e-07  8.550163926544530e-01  7.626566736407094e-01  7.295027560084815e-01  9.834201092663423e-01  1.199934553387380e+00 -6.553975295327426e-07  1.550088296713807e+00 
 4.201454756156955e-07  8.728536941726768e-01  7.615782830059080e-01  7.283746829422202e-01  9.834129551344813e-01  1.199932841379243e+00 -4.477073229595258e-07  1.550088318741471e+00 
 4.201487248927224e-07  8.923493563338978e-01  7.604007341554996e-01  7.271447920481215e-01  9.834052006973042e-01  1.199931943018046e+00 -2.637209721391073e-07  1.550088342826797e+00 
 4.201518879807479e-07  9.113278844869136e-01  7.592592912586328e-01  7.259561173357330e-01  9.833976974651574e-01  1.199923655793460e+00 -1.227273959941017e-07  1.550088366263318e+00 
 4.201547080154208e-07  9.282480925242079e-01  7.582532042057852e-01  7.249132891777013e-01  9.833911005626020e-01  1.199900479733507e+00 -1.590974621707222e-08  1.550088387131712e+00 
 4.201580108899614e-07  9.480653397679312e-01  7.571010233312971e-01  7.237288532168059e-01  9.833835791688628e-01  1.199852174760827e+00  1.027530403363390e-07  1.550088411513264e+00 
 4.201610851969867e-07  9.665111819196329e-01  7.560626111621449e-01  7.226762596682260e-01  9.833768125644096e-01  1.199792694953303e+00  2.115157529264389e-07  1.550088434120751e+00 
 4.201645199719178e-07  9.871198315064520e-01  7.549461765989476e-01  7.215677844791856e-01  9.833694666033859e-01  1.199721256585459e+00  3.235053682906081e-07  1.550088459238072e+00 
 4.201679916102251e-07  1.007949661350519e+00  7.538638746314358e-01  7.205171678126049e-01  9.833621395411893e-01  1.199656959750278e+00  4.121019924296747e-07  1.550088484423243e+00 
 4.201714295892129e-07  1.028577535276942e+00  7.528373570467020e-01  7.195262404254891e-01  9.833548771629381e-01  1.199612827977138e+00  4.695350248589553e-07  1.550088509106715e+00 
 4.201745024549040e-07  1.047014729423528e+00  7.519591876707866e-01  7.186589911325733e-01  9.833483382291405e-01  1.199595401721872e+00  4.978314779671179e-07  1.550088530901027e+00 
 4.201776864510400e-07  1.066118706239550e+00  7.510853121395294e-01  7.177644183056073e-01  9.833414214373662e-01  1.199599733677690e+00  5.022432291506770e-07  1.550088553158646e+00 
 4.201812682697666e-07  1.087609618599200e+00  7.501458620090858e-01  7.167652345832736e-01  9.833334172866597e-01  1.199626160455100e+00  4.837176699992903e-07  1.550088577719379e+00 
 4.201849423895262e-07  1.109654337156757e+00  7.492409113509226e-01  7.157651393630111e-01  9.833250710949070e-01  1.199668065031043e+00  4.627383016903019e-07  1.550088602285681e+00 
 4.201887410245000e-07  1.132446146999646e+00  7.483785603902935e-01  7.147838867273019e-01  9.833163830721704e-01  1.199719617645287e+00  4.531387378199289e-07  1.550088626890090e+00 
 4.201928948099308e-07  1.157368859584520e+00  7.475283365441591e-01  7.138015403439041e-01  9.833068029770095e-01  1.199781570574050e+00  4.539678281493056e-07  1.550088652694394e+00 
 4.201964474049654e-07  1.178684429792305e+00  7.468808706506066e-01  7.130514780349838e-01  9.832984880052159e-01  1.199839004324120e+00  4.555353017195174e-07  1.550088673707116e+00 
 4.202000000000001e-07  1.200000000000000e+00  7.463073532854133e-01  7.123901560029531e-01  9.832899797557755e-01  1.199900835057548e+00  4.500820241812135e-07  1.550088693592641e+00 
 4.202002660687062e-07  1.200000000000000e+00  7.462622115940183e-01  7.123391350051461e-01  9.832891727368728e-01  1.199899119031966e+00  3.179312371929394e-07  1.550088695032497e+00 
 4.202007982061184e-07  1.200000000000000e+00  7.461704829931818e-01  7.122358356332206e-01  9.832874699708003e-01  1.199893259052618e+00  7.125591339023074e-08  1.550088697894624e+00 
 4.202014397475025e-07  1.200000000000000e+00  7.460620803226048e-01  7.121138626828688e-01  9.832854501513271e-01  1.199888262993117e+00 -6.485202431148751e-08  1.550088701307948e+00 
 4.202022172908279e-07  1.200000000000000e+00  7.459363911212205e-01  7.119723239524409e-01  9.832831886643583e-01  1.199887460237819e+00 -1.023459192221743e-08  1.550088705386663e+00 
 4.202033900984592e-07  1.200000000000000e+00  7.457579278248131e-01  7.117712025662193e-01  9.832801644464468e-01  1.199895044809967e+00  3.299743195021160e-07  1.550088711412584e+00 
 4.202053770246962e-07  1.200000000000000e+00  7.454808017133664e-01  7.114589291511324e-01  9.832758376972872e-01  1.199923810835215e+00  1.133936327233145e-06  1.550088721255952e+00 
 4.202075429487305e-07  1.200000000000000e+00  7.452098294174863e-01  7.111539451498996e-01  9.832719786015311e-01  1.199969298580463e+00  2.000232660938524e-06  1.550088731430616e+00 
 4.202107444651422e-07  1.200000000000000e+00  7.448609441709947e-01  7.107619752137970e-01  9.832674428944405e-01  1.200049472807530e+00  2.977660820590450e-06  1.550088745313680e+00 
 4.202147790879612e-07  1.200000000000000e+00  7.444989141878309e-01  7.103557105364949e-01  9.832631134725678e-01  1.200159812154524e+00  3.684500101847846e-06  1.550088760632519e+00 
 4.202200099495272e-07  1.200000000000000e+00  7.441411718508231e-01  7.099529728605548e-01  9.832589326528768e-01  1.200310666189297e+00  3.977943745048966e-06  1.550088776381730e+00 
 4.202248722916863e-07  1.200000000000000e+00  7.439060244028601e-01  7.096847450239254e-01  9.832558797084929e-01  1.200461705008327e+00  3.862741146586687e-06  1.550088786310721e+00 
 4.202306347811060e-07  1.200000000000000e+00  7.437272327732731e-01  7.094734225001283e-01  9.832526828977465e-01  1.200665009502034e+00  3.518055784058676e-06  1.550088791301072e+00 
 4.202362514821106e-07  1.200000000000000e+00  7.436366409856880e-01  7.093556040838890e-01  9.832496706580013e-01  1.200889564818276e+00  3.154814506632934e-06  1.550088788112645e+00 
 4.202420623558081e-07  1.200000000000000e+00  7.436058305756175e-01  7.093011298311185e-01  9.832465520660572e-01  1.201113595189420e+00  2.910331579554027e-06  1.550088775288469e+00 
 4.202470346559796e-07  1.200000000000000e+00  7.436086685230137e-01  7.092906689240452e-01  9.832439636864488e-01  1.201278733084111e+00  2.910760395635412e-06  1.550088755735750e+00 
 4.202514549986178e-07  1.200000000000000e+00  7.436140809560930e-01  7.092947489517104e-01  9.832419008954405e-01  1.201406577991294e+00  3.159494883379910e-06  1.550088731024947e+00 
 4.202560305164611e-07  1.200000000000000e+00  7.436031436948888e-01  7.092983195928776e-01  9.832403626232136e-01  1.201521408770035e+00  3.748809925899817e-06  1.550088697481142e+00 
 4.202609608057884e-07  1.200000000000000e+00  7.435590955429607e-01  7.092901094784667e-01  9.832401349082385e-01  1.201618126406573e+00  4.830085504158163e-06  1.550088651449732e+00 
 4.202664793133957e-07  1.200000000000000e+00  7.434710532085425e-01  7.092610648238414e-01  9.832431047953804e-01  1.201682010795292e+00  6.621123447499025e-06  1.550088586663586e+00 
 4.202723770241311e-07  1.200000000000000e+00  7.433499234134128e-01  7.092110045221454e-01  9.832522190039610e-01  1.201702066981348e+00  9.152359153630565e-06  1.550088500553979e+00 
 4.202781342058093e-07  1.200000000000000e+00  7.432269598113193e-01  7.091517253766577e-01  9.832692942075686e-01  1.201701494956007e+00  1.207822004982125e-05  1.550088398258892e+00 
 4.202838479016776e-07  1.200000000000000e+00  7.431174551033350e-01  7.090907206905326e-01  9.832963723514188e-01  1.201732470410542e+00  1.519911365321339e-05  1.550088277477776e+00 
 4.202899670555254e-07  1.200000000000000e+00  7.430250741057284e-01  7.090291090152129e-01  9.833388675438678e-01  1.201857903509915e+00  1.852799138384715e-05  1.550088125162013e+00 
 4.202964808001988e-07  1.200000000000000e+00  7.429608410234937e-01  7.089715950846204e-01  9.834020487496606e-01  1.202068348574316e+00  2.187727309960717e-05  1.550087934942544e+00 
 4.203044409725843e-07  1.200000000000000e+00  7.429340364002393e-01  7.089151193733411e-01  9.835087296692170e-01  1.202390358146256e+00  2.562501677066498e-05  1.550087659962722e+00 
 4.203129247756219e-07  1.200000000000000e+00  7.429705267528920e-01  7.088717950102728e-01  9.836642389978824e-01  1.202839233940166e+00  2.930910255397046e-05  1.550087311386162e+00 
 4.203208743957604e-07  1.200000000000000e+00  7.430672881828664e-01  7.088453619283414e-01  9.838558189665715e-01  1.203266762796501e+00  3.265216818705194e-05  1.550086929061530e+00 
 4.203299623831370e-07  1.200000000000000e+00  7.432543330950707e-01  7.088280915483195e-01  9.841398127646350e-01  1.203525232354671e+00  3.662186398682851e-05  1.550086421117192e+00 
 4.203387505448033e-07  1.200000000000000e+00  7.435177257672414e-01  7.088207756959599e-01  9.844928406831089e-01  1.203462865766365e+00  4.090782540353618e-05  1.550085853508274e+00 
 4.203490160531976e-07  1.200000000000000e+00  7.439421580479118e-01  7.088203585170424e-01  9.850242402097688e-01  1.203118246188816e+00  4.687701146716220e-05  1.550085089222463e+00 
 4.203596102950261e-07  1.200000000000000e+00  7.445361595850252e-01  7.088273622670437e-01  9.857361191473939e-01  1.202622844320323e+00  5.462532447479191e-05  1.550084179605706e+00 
 4.203694818958485e-07  1.200000000000000e+00  7.452576686485888e-01  7.088402013844836e-01  9.865775959044951e-01  1.202135766417979e+00  6.382747750657809e-05  1.550083216183150e+00 
 4.203800405228580e-07  1.200000000000000e+00  7.462345126290878e-01  7.088603434588145e-01  9.876973396522727e-01  1.201652786337628e+00  7.625934599338722e-05  1.550082056463308e+00 
 4.203906378223083e-07  1.200000000000000e+00  7.474403661920528e-01  7.088865343145344e-01  9.890656865104048e-01  1.201238242396483e+00  9.144266741123707e-05  1.550080753234623e+00 
 4.204026997181446e-07  1.200000000000000e+00  7.490780881993572e-01  7.089221548801941e-01  9.909162971490080e-01  1.200862470663420e+00  1.112040776809118e-04  1.550079094586297e+00 
 4.204140323432384e-07  1.200000000000000e+00  7.508474280650400e-01  7.089597206402275e-01  9.929176108505838e-01  1.200596494709981e+00  1.316536961427973e-04  1.550077362133206e+00 
 4.204246590023153e-07  1.200000000000000e+00  7.526778331931621e-01  7.089972925995371e-01  9.949995554661700e-01  1.200412359677701e+00  1.497961555593896e-04  1.550075581730014e+00 
 4.204345519920952e-07  1.200000000000000e+00  7.544979536546983e-01  7.090334032441785e-01  9.970906004400850e-01  1.200286710660122e+00  1.458140748640143e-04  1.550073787219231e+00 
 4.204435827199778e-07  1.200000000000000e+00  7.562245869487667e-01  7.090667099293680e-01  9.991029758223019e-01  1.200202207553604e+00  5.471772092901183e-05  1.550072033230913e+00 
 4.204506979594840e-07  1.200000000000000e+00  7.576065835597890e-01  7.090928850124174e-01  1.000739976608727e+00  1.200151696447199e+00 -1.567680687853079e-04  1.550070573367333e+00 
 4.204567888652107e-07  1.200000000000000e+00  7.587904800491885e-01  7.091151036182497e-01  1.002163002017137e+00  1.200117373401632e+00 -5.021904261333586e-04  1.550069269277162e+00 
 4.204618864991402e-07  1.200000000000000e+00  7.597732561163576e-01  7.091335019721239e-01  1.003359958491746e+00  1.200093792360529e+00 -9.729469325203781e-04  1.550068139464006e+00 
 4.204662857990174e-07  1.200000000000000e+00  7.606088676188340e-01  7.091491914244329e-01  1.004391831387406e+00  1.200076576660118e+00 -1.579584944280642e-03  1.550067136470092e+00 
 4.204703368874988e-07  1.200000000000000e+00  7.613616800602185e-01  7.091634403109274e-01  1.005338148119419e+00  1.200062898048066e+00 -2.372697121043608e-03  1.550066190109732e+00 
 4.204743133090980e-07  1.200000000000000e+00  7.620778079478822e-01  7.091771895534362e-01  1.006262212007386e+00  1.200051209106768e+00 -3.445664963341236e-03  1.550065240129832e+00 
 4.204785929233584e-07  1.200000000000000e+00  7.628133022562070e-01  7.091916568847817e-01  1.007251551695791e+00  1.200040280121501e+00 -4.998554812957929e-03  1.550064194601378e+00 
 4.204832248480456e-07  1.200000000000000e+00  7.635563473242708e-01  7.092068701226761e-01  1.008316444089340e+00  1.200030110001718e+00 -7.193372254402884e-03  1.550063036266468e+00 
 4.204874514739312e-07  1.200000000000000e+00  7.641831094821554e-01  7.092203977560027e-01  1.009279293756320e+00  1.200022151372328e+00 -9.693780624000659e-03  1.550061955290640e+00 
 4.204899945725043e-07  1.200000000000000e+00  7.645398912878334e-01  7.092284463658971e-01  1.009851153138848e+00  1.200017923650373e+00 -1.136170580989626e-02  1.550061293941950e+00 
 4.204929403139829e-07  1.200000000000000e+00  7.649382182029272e-01  7.092377615352247e-01  1.010502888845126e+00  1.200013504794949e+00 -1.332230277547965e-02  1.550060517717941e+00 
 4.204957076542123e-07  1.200000000000000e+00  7.653005440703121e-01  7.092465434607784e-01  1.011102428142897e+00  1.200009781470959e+00 -1.498950524686937e-02  1.550059778654184e+00 
 4.204983875842423e-07  1.200000000000000e+00  7.656420108361117e-01  7.092550909032205e-01  1.011670596991639e+00  1.200006532255282e+00 -1.604892197662425e-02  1.550059053924755e+00 
 4.205009107799839e-07  1.200000000000000e+00  7.659556436395155e-01  7.092631766428927e-01  1.012194825487141e+00  1.200003760317399e+00 -1.606052931237483e-02  1.550058363553003e+00 
 4.205028915835456e-07  1.200000000000000e+00  7.661968283088317e-01  7.092695492641909e-01  1.012599757397984e+00  1.200001761527480e+00 -1.543325667441265e-02  1.550057816174476e+00 
 4.205043145437584e-07  1.200000000000000e+00  7.663675618939596e-01  7.092741413397418e-01  1.012887433469226e+00  1.200000414686307e+00 -1.476857389582514e-02  1.550057420034323e+00 
 4.205056753785507e-07  1.200000000000000e+00  7.665290519592302e-01  7.092785450255198e-01  1.013160316750236e+00  1.199999191554156e+00 -1.399382525997585e-02  1.550057038923512e+00 
 4.205071174887264e-07  1.200000000000000e+00  7.666985114062704e-01  7.092832263203205e-01  1.013447425176960e+00  1.199997960745137e+00 -1.302137899456527e-02  1.550056632648591e+00 
 4.205087734841507e-07  1.200000000000000e+00  7.668912789709498e-01  7.092886224966647e-01  1.013774832959080e+00  1.199996625931385e+00 -1.173027025791081e-02  1.550056163088397e+00 
 4.205104808146986e-07  1.200000000000000e+00  7.670881809663285e-01  7.092942091375865e-01  1.014109936994689e+00  1.199995332730797e+00 -1.027893632940889e-02  1.550055675605055e+00 
 4.205129885212398e-07  1.200000000000000e+00  7.673738712840802e-01  7.093024488345886e-01  1.014596800904880e+00  1.199993573059132e+00 -8.179935265004792e-03  1.550054953456512e+00 
 4.205148158053080e-07  1.200000000000000e+00  7.675791952613674e-01  7.093084716587316e-01  1.014946622707308e+00  1.199992387838077e+00 -6.816690051801897e-03  1.550054422685885e+00 
 4.205166451010076e-07  1.200000000000000e+00  7.677820779832326e-01  7.093145104320838e-01  1.015291685212778e+00  1.199991276038529e+00 -5.672391085492389e-03  1.550053887512644e+00 
 4.205188230999330e-07  1.200000000000000e+00  7.680199076079758e-01  7.093217063059896e-01  1.015694733078385e+00  1.199990041411308e+00 -4.609714617102656e-03  1.550053245392514e+00 
 4.205208584028126e-07  1.200000000000000e+00  7.682384566737652e-01  7.093284345662645e-01  1.016062985370635e+00  1.199988969183825e+00 -3.871057673908196e-03  1.550052640544145e+00 
 4.205234226992127e-07  1.200000000000000e+00  7.685088148034707e-01  7.093369163916510e-01  1.016514628485566e+00  1.199987722129096e+00 -3.196999001070526e-03  1.550051871972057e+00 
 4.205260903091188e-07  1.200000000000000e+00  7.687844343473094e-01  7.093457474206308e-01  1.016969307453757e+00  1.199986539360457e+00 -2.700601254725105e-03  1.550051064820890e+00 
 4.205295660574649e-07  1.200000000000000e+00  7.691354964781247e-01  7.093572682086905e-01  1.017537985871929e+00  1.199985158276180e+00 -2.235806559221194e-03  1.550050001696009e+00 
 4.205335456379810e-07  1.200000000000000e+00  7.695270097141382e-01  7.093704809498184e-01  1.018155865320659e+00  1.199983776437795e+00 -1.843848730623323e-03  1.550048768867575e+00 
 4.205389698516165e-07  1.200000000000000e+00  7.700434593898255e-01  7.093885189155023e-01  1.018941882832802e+00  1.199982186014560e+00 -1.435207656163501e-03  1.550047062437133e+00 
 4.205450568016273e-07  1.200000000000000e+00  7.705988925911699e-01  7.094087701585974e-01  1.019750985048046e+00  1.199980734578840e+00 -1.082049848550141e-03  1.550045112899351e+00 
 4.205514080035331e-07  1.200000000000000e+00  7.711488359031059e-01  7.094298631561391e-01  1.020520549174120e+00  1.199979522456412e+00 -7.988384994746650e-04  1.550043041269955e+00 
 4.205583208117043e-07  1.200000000000000e+00  7.717087984836741e-01  7.094527224808265e-01  1.021279877954484e+00  1.199978479736070e+00 -5.673806920506875e-04  1.550040745089507e+00 
 4.205655281637491e-07  1.200000000000000e+00  7.722452157009360e-01  7.094764085120872e-01  1.021990996504815e+00  1.199977636150740e+00 -3.929363267692375e-04  1.550038307708043e+00 
 4.205734199694337e-07  1.200000000000000e+00  7.727730546709464e-01  7.095021618083653e-01  1.022680043870857e+00  1.199976938952124e+00 -2.606821220875906e-04  1.550035591459707e+00 
 4.205821619182018e-07  1.200000000000000e+00  7.732822519088993e-01  7.095304872388497e-01  1.023338109947858e+00  1.199976384045853e+00 -1.644482121243966e-04  1.550032529387851e+00 
 4.205902276329687e-07  1.200000000000000e+00  7.736813605402667e-01  7.095564702276006e-01  1.023851069804594e+00  1.199976032397107e+00 -1.075703849781623e-04  1.550029658856643e+00 
 4.205994921537719e-07  1.200000000000000e+00  7.740592636045310e-01  7.095862059815161e-01  1.024335908879581e+00  1.199975772988706e+00 -6.583171059804853e-05  1.550026313976636e+00 
 4.206082039621657e-07  1.200000000000000e+00  7.743426760728911e-01  7.096141388368773e-01  1.024699726389893e+00  1.199975638073788e+00 -4.129742991877835e-05  1.550023127696039e+00 
 4.206183827229688e-07  1.200000000000000e+00  7.745985407722161e-01  7.096468422218837e-01  1.025028740442774e+00  1.199975577247194e+00 -2.352753486754031e-05  1.550019362655131e+00 
 4.206288037826196e-07  1.200000000000000e+00  7.747928373313113e-01  7.096804798628740e-01  1.025278775564583e+00  1.199975588527714e+00 -1.287204031088162e-05  1.550015469895209e+00 
 4.206387685287727e-07  1.200000000000000e+00  7.749296015515246e-01  7.097128287131454e-01  1.025454183037748e+00  1.199975641474241e+00 -7.087774490335819e-06  1.550011720221532e+00 
 4.206494470022718e-07  1.200000000000000e+00  7.750377716077070e-01  7.097476901998369e-01  1.025591207584658e+00  1.199975719562020e+00 -3.679267011800829e-06  1.550007682365251e+00 
 4.206598101240349e-07  1.200000000000000e+00  7.751157954209827e-01  7.097816809190720e-01  1.025687382576044e+00  1.199975801346865e+00 -1.954042577697853e-06  1.550003753911871e+00 
 4.206715200434261e-07  1.200000000000000e+00  7.751824320831981e-01  7.098202132322299e-01  1.025765402610392e+00  1.199975890939884e+00 -9.676348939829200e-07  1.549999315582461e+00 
 4.206839140305194e-07  1.200000000000000e+00  7.752363215852938e-01  7.098610638281764e-01  1.025823018663323e+00  1.199975979391248e+00 -4.659793697341314e-07  1.549994632963499e+00 
 4.206985643017583e-07  1.200000000000000e+00  7.752858385156667e-01  7.099093448254026e-01  1.025868308773377e+00  1.199976077578370e+00 -1.840460867584028e-07  1.549989138615731e+00 
 4.207151307785294e-07  1.200000000000000e+00  7.753299368013857e-01  7.099638359956612e-01  1.025898773011463e+00  1.199976186007996e+00 -3.513946746845327e-08  1.549983007088182e+00 
 4.207354357976964e-07  1.200000000000000e+00  7.753730671610333e-01  7.100303717565681e-01  1.025915220756849e+00  1.199976322535632e+00  4.883764230151941e-08  1.549975654975391e+00 
 4.207597102465607e-07  1.200000000000000e+00  7.754143323397964e-01  7.101094656613093e-01  1.025913458008946e+00  1.199976495882880e+00  9.006862018610614e-08  1.549967168925453e+00 
 4.207853675569392e-07  1.200000000000000e+00  7.754495059698722e-01  7.101924901370442e-01  1.025893020323687e+00  1.199976690486791e+00  1.040070467203148e-07  1.549958633037187e+00 
 4.208132258635480e-07  1.200000000000000e+00  7.754806278600390e-01  7.102819542408748e-01  1.025854783261747e+00  1.199976910396931e+00  1.068027637958691e-07  1.549949948154415e+00 
 4.208429001185591e-07  1.200000000000000e+00  7.755077137098045e-01  7.103764769268558e-01  1.025800191544160e+00  1.199977148505059e+00  1.062587225959344e-07  1.549941437389690e+00 
 4.208758131120802e-07  1.200000000000000e+00  7.755322024655904e-01  7.104804060152098e-01  1.025727046377553e+00  1.199977411682290e+00  1.057217251739277e-07  1.549932954711995e+00 
 4.209122543167309e-07  1.200000000000000e+00  7.755541380106934e-01  7.105943926337351e-01  1.025634518533140e+00  1.199977698104324e+00  1.059126495763210e-07  1.549924780896766e+00 
 4.209539695669618e-07  1.200000000000000e+00  7.755742568769007e-01  7.107235240798222e-01  1.025517721139844e+00  1.199978017611939e+00  1.065349604693269e-07  1.549917005473413e+00 
 4.210018573959065e-07  1.200000000000000e+00  7.755925473350550e-01  7.108700450778768e-01  1.025373455620787e+00  1.199978373062310e+00  1.071511011019819e-07  1.549910107267816e+00 
 4.210584550189168e-07  1.200000000000000e+00  7.756094757806630e-01  7.110409369119405e-01  1.025193352864202e+00  1.199978778307770e+00  1.075587556612100e-07  1.549904578701261e+00 
 4.211259616009623e-07  1.200000000000000e+00  7.756251339257558e-01  7.112416734053590e-01  1.024969700998702e+00  1.199979242056363e+00  1.077490454173575e-07  1.549901325599261e+00 
 4.212088374651861e-07  1.200000000000000e+00  7.756399766644043e-01  7.114837226672496e-01  1.024687256142634e+00  1.199979784328153e+00  1.078084050146638e-07  1.549901548402984e+00 
 4.213119426849869e-07  1.200000000000000e+00  7.756543008932745e-01  7.117784546770406e-01  1.024329551277902e+00  1.199980420615830e+00  1.078129032130351e-07  1.549906917960017e+00 
 4.214431200557311e-07  1.200000000000000e+00  7.756686943621479e-01  7.121437899422680e-01  1.023870725664414e+00  1.199981174403748e+00  1.078054296819411e-07  1.549919452187979e+00 
 4.216067186053021e-07  1.200000000000000e+00  7.756832989203343e-01  7.125853095024488e-01  1.023299068550595e+00  1.199982036750577e+00  1.078003504116342e-07  1.549940290098735e+00 
 4.218046153438713e-07  1.200000000000000e+00  7.756981242368117e-01  7.131000269336761e-01  1.022614039681879e+00  1.199982979590475e+00  1.077990158289848e-07  1.549968526836307e+00 
 4.220046153438713e-07  1.200000000000000e+00  7.757109803347860e-01  7.136002688654988e-01  1.021932096263211e+00  1.199983836335966e+00  1.077991090831452e-07  1.549996920674781e+00 
 4.222046153438714e-07  1.200000000000000e+00  7.757221536301114e-01  7.140819471939015e-01  1.021262092819766e+00  1.199984610236765e+00  1.077994221435013e-07  1.550023040164731e+00 
 4.224046153438714e-07  1.200000000000000e+00  7.757318470233137e-01  7.145463857675974e-01  1.020604603920474e+00  1.199985312729964e+00  1.077994780689174e-07  1.550045908220472e+00 
 4.226046153438714e-07  1.200000000000000e+00  7.757401808360586e-01  7.149947500426247e-01  1.019959715808771e+00  1.199985953248820e+00  1.077994809962009e-07  1.550065313508573e+00 
 4.228046153438714e-07  1.200000000000000e+00  7.757472591968161e-01  7.154280684888811e-01  1.019327271187388e+00  1.199986539638867e+00  1.077994851271232e-07  1.550081474225149e+00 
 4.230046153438714e-07  1.200000000000000e+00  7.757531879158271e-01  7.158472540704317e-01  1.018706995436804e+00  1.199987078478211e+00  1.077995049641014e-07  1.550094804456952e+00 
 4.232046153438714e-07  1.200000000000000e+00  7.757580747211924e-01  7.162531222254384e-01  1.018098561176274e+00  1.199987575322501e+00  1.077995158017218e-07  1.550105772025882e+00 
 4.234046153438715e-07  1.200000000000000e+00  7.757620251118028e-01  7.166464053318898e-01  1.017501621146397e+00  1.199988034894755e+00  1.077995262156861e-07  1.550114821954222e+00 
 4.236046153438715e-07  1.200000000000000e+00  7.757651385523726e-01  7.170277643914554e-01  1.016915824868476e+00  1.199988461234690e+00  1.077995271127005e-07  1.550122341780574e+00 
 4.238046153438715e-07  1.200000000000000e+00  7.757675061712689e-01  7.173977986239237e-01  1.016340827056030e+00  1.199988857819522e+00  1.077995250895021e-07  1.550128651249913e+00 
 4.240046153438715e-07  1.200000000000000e+00  7.757692098423256e-01  7.177570534795126e-01  1.015776291869275e+00  1.199989227657433e+00  1.077995331684222e-07  1.550134004869580e+00 
 4.242046153438715e-07  1.200000000000000e+00  7.757703222146536e-01  7.181060274183694e-01  1.015221895094259e+00  1.199989573363992e+00  1.077995373948687e-07  1.550138600300360e+00 
 4.244046153438715e-07  1.200000000000000e+00  7.757709072839546e-01  7.184451776937004e-01  1.014677325292423e+00  1.199989897224830e+00  1.077995319328038e-07  1.550142588571130e+00 
 4.246046153438715e-07  1.200000000000000e+00  7.757710212166861e-01  7.187749253079617e-01  1.014142284423932e+00  1.199990201246228e+00  1.077995364368716e-07  1.550146084011941e+00 
 4.248046153438716e-07  1.200000000000000e+00  7.757707132490629e-01  7.190956592727926e-01  1.013616488184318e+00  1.199990487195196e+00  1.077995379364347e-07  1.550149172943126e+00 
 4.250046153438716e-07  1.200000000000000e+00  7.757700265620204e-01  7.194077402759150e-01  1.013099666158162e+00  1.199990756635650e+00  1.077995358963733e-07  1.550151920805558e+00 
 4.252046153438716e-07  1.200000000000000e+00  7.757689990849574e-01  7.197115038405484e-01  1.012591561829200e+00  1.199991010955841e+00  1.077995386544901e-07  1.550154377758372e+00 
 4.254046153438716e-07  1.200000000000000e+00  7.757676642096988e-01  7.200072630528669e-01  1.012091932469180e+00  1.199991251392770e+00  1.077995416258540e-07  1.550156582928168e+00 
 4.256046153438716e-07  1.200000000000000e+00  7.757660514131540e-01  7.202953109220674e-01  1.011600548908127e+00  1.199991479052261e+00  1.077995365407947e-07  1.550158567547866e+00 
 4.258046153438716e-07  1.200000000000000e+00  7.757641867939108e-01  7.205759224233191e-01  1.011117195202002e+00  1.199991694925499e+00  1.077995373403483e-07  1.550160357222232e+00 
 4.260046153438716e-07  1.200000000000000e+00  7.757620935320744e-01  7.208493562782732e-01  1.010641668203860e+00  1.199991899904144e+00  1.077995426693620e-07  1.550161973530089e+00 
 4.262046153438717e-07  1.200000000000000e+00  7.757597922819848e-01  7.211158565072917e-01  1.010173777056751e+00  1.199992094791699e+00  1.077995384397247e-07  1.550163435137157e+00 
 4.264046153438717e-07  1.200000000000000e+00  7.757573015072000e-01  7.213756537909035e-01  1.009713342621835e+00  1.199992280314714e+00  1.077995398262992e-07  1.550164758556305e+00 
 4.266046153438717e-07  1.200000000000000e+00  7.757546377663667e-01  7.216289666683425e-01  1.009260196860632e+00  1.199992457131633e+00  1.077995411225980e-07  1.550165958659790e+00 
 4.268046153438717e-07  1.200000000000000e+00  7.757518159572209e-01  7.218760025943940e-01  1.008814182184676e+00  1.199992625841255e+00  1.077995390347391e-07  1.550167049020437e+00 
 4.270046153438717e-07  1.200000000000000e+00  7.757488495252689e-01  7.221169588805578e-01  1.008375150789414e+00  1.199992786987491e+00  1.077995375213855e-07  1.550168042137337e+00 
 4.272046153438717e-07  1.200000000000000e+00  7.757457506424614e-01  7.223520235299777e-01  1.007942963983024e+00  1.199992941067096e+00  1.077995416971893e-07  1.550168949584900e+00 
 4.274046153438718e-07  1.200000000000000e+00  7.757425303604861e-01  7.225813759861617e-01  1.007517491522805e+00  1.199993088535656e+00  1.077995388959104e-07  1.550169782112423e+00 
 4.276046153438718e-07  1.200000000000000e+00  7.757391987426943e-01  7.228051878012831e-01  1.007098610966487e+00  1.199993229808632e+00  1.077995399631446e-07  1.550170549711974e+00 
 4.278046153438718e-07  1.200000000000000e+00  7.757357649776422e-01  7.230236232385108e-01  1.006686207045225e+00  1.199993365267793e+00  1.077995418323778e-07  1.550171261666665e+00 
 4.280046153438718e-07  1.200000000000000e+00  7.757322374773282e-01  7.232368398132873e-01  1.006280171064537e+00  1.199993495264526e+00  1.077995414536890e-07  1.550171926587045e+00 
 4.282046153438718e-07  1.200000000000000e+00  7.757286239621122e-01  7.234449887817339e-01  1.005880400335611e+00  1.199993620122914e+00  1.077995397126219e-07  1.550172552440375e+00 
 4.284046153438718e-07  1.200000000000000e+00  7.757249315345850e-01  7.236482155814639e-01  1.005486797636871e+00  1.199993740140918e+00  1.077995378878147e-07  1.550173146575855e+00 
 4.286046153438718e-07  1.200000000000000e+00  7.757211667437461e-01  7.238466602299400e-01  1.005099270712998e+00  1.199993855594500e+00  1.077995431239258e-07  1.550173715747719e+00 
 4.288046153438719e-07  1.200000000000000e+00  7.757173356411068e-01  7.240404576845058e-01  1.004717731804180e+00  1.199993966739032e+00  1.077995401576947e-07  1.550174266137185e+00 
 4.290046153438719e-07  1.200000000000000e+00  7.757134438297140e-01  7.242297381702311e-01  1.004342097212168e+00  1.199994073811018e+00  1.077995387607592e-07  1.550174803373977e+00 
 4.292046153438719e-07  1.200000000000000e+00  7.757094965072207e-01  7.244146274738303e-01  1.003972286894672e+00  1.199994177030022e+00  1.077995415251211e-07  1.550175332557761e+00 
 4.294046153438719e-07  1.200000000000000e+00  7.757054985037156e-01  7.245952472132200e-01  1.003608224095520e+00  1.199994276600188e+00  1.077995404947304e-07  1.550175858279769e+00 
 4.296046153438719e-07  1.200000000000000e+00  7.757014543151882e-01  7.247717150793910e-01  1.003249835002000e+00  1.199994372711390e+00  1.077995401173318e-07  1.550176384644612e+00 
 4.298046153438719e-07  1.200000000000000e+00  7.756973681329612e-01  7.249441450576610e-01  1.002897048430978e+00  1.199994465540384e+00  1.077995424538582e-07  1.550176915292552e+00 
 4.300046153438719e-07  1.200000000000000e+00  7.756932438699492e-01  7.251126476274311e-01  1.002549795543703e+00  1.199994555252788e+00  1.077995403833749e-07  1.550177453422013e+00 
 4.302046153438720e-07  1.200000000000000e+00  7.756890851838715e-01  7.252773299446036e-01  1.002208009583434e+00  1.199994642002589e+00  1.077995374824688e-07  1.550178001812500e+00 
 4.304046153438720e-07  1.200000000000000e+00  7.756848954980792e-01  7.254382960070679e-01  1.001871625638621e+00  1.199994725933901e+00  1.077995426840827e-07  1.550178562847870e+00 
 4.306046153438720e-07  1.200000000000000e+00  7.756806780199939e-01  7.255956468055164e-01  1.001540580426482e+00  1.199994807181966e+00  1.077995400881687e-07  1.550179138539790e+00 
 4.308046153438720e-07  1.200000000000000e+00  7.756764357577530e-01  7.257494804597864e-01  1.001214812097754e+00  1.199994885873213e+00  1.077995422523442e-07  1.550179730551535e+00 
 4.310046153438720e-07  1.200000000000000e+00  7.756721715351197e-01  7.258998923453401e-01  1.000894260061207e+00  1.199994962126108e+00  1.077995374169037e-07  1.550180340221853e+00 
 4.312046153438720e-07  1.200000000000000e+00  7.756678880048785e-01  7.260469752070916e-01  1.000578864824380e+00  1.199995036052294e+00  1.077995395282926e-07  1.550180968588895e+00 
 4.314046153438721e-07  1.200000000000000e+00  7.756635876609672e-01  7.261908192647794e-01  1.000268567851549e+00  1.199995107756940e+00  1.077995434424506e-07  1.550181616414111e+00 
 4.316046153438721e-07  1.200000000000000e+00  7.756592728494700e-01  7.263315123090874e-01  9.999633114367619e-01  1.199995177337787e+00  1.077995376877107e-07  1.550182284205941e+00 
 4.318046153438721e-07  1.200000000000000e+00  7.756549457785290e-01  7.264691397896741e-01  9.996630385897147e-01  1.199995244888400e+00  1.077995421570397e-07  1.550182972243349e+00 
 4.320046153438721e-07  1.200000000000000e+00  7.756506085274169e-01  7.266037848977673e-01  9.993676929366041e-01  1.199995310496220e+00  1.077995424296880e-07  1.550183680598933e+00 
 4.322046153438721e-07  1.200000000000000e+00  7.756462630547785e-01  7.267355286401802e-01  9.990772186308435e-01  1.199995374243248e+00  1.077995414367965e-07  1.550184409161538e+00 
 4.324046153438721e-07  1.200000000000000e+00  7.756419112062471e-01  7.268644499094231e-01  9.987915602746048e-01  1.199995436208011e+00  1.077995362081080e-07  1.550185157658345e+00 
 4.326046153438721e-07  1.200000000000000e+00  7.756375547213930e-01  7.269906255494010e-01  9.985106628510886e-01  1.199995496464089e+00  1.077995434770435e-07  1.550185925676221e+00 
 4.328046153438722e-07  1.200000000000000e+00  7.756331952400469e-01  7.271141304152281e-01  9.982344716666490e-01  1.199995555080705e+00  1.077995397495854e-07  1.550186712682410e+00 
 4.330046153438722e-07  1.200000000000000e+00  7.756288343082403e-01  7.272350374296535e-01  9.979629323001296e-01  1.199995612124233e+00  1.077995383316946e-07  1.550187518044301e+00 
 4.332046153438722e-07  1.200000000000000e+00  7.756244733836652e-01  7.273534176360054e-01  9.976959905582836e-01  1.199995667656937e+00  1.077995436871187e-07  1.550188341048264e+00 
 4.334046153438722e-07  1.200000000000000e+00  7.756201138407046e-01  7.274693402480827e-01  9.974335924410447e-01  1.199995721738000e+00  1.077995384949664e-07  1.550189180917562e+00 
 4.336046153438722e-07  1.200000000000000e+00  7.756157569752208e-01  7.275828726973744e-01  9.971756841118111e-01  1.199995774423425e+00  1.077995404910200e-07  1.550190036829169e+00 
 4.338046153438722e-07  1.200000000000000e+00  7.756114040088662e-01  7.276940806773540e-01  9.969222118738862e-01  1.199995825766658e+00  1.077995450282350e-07  1.550190907929548e+00 
 4.340046153438722e-07  1.200000000000000e+00  7.756070560932252e-01  7.278030281864095e-01  9.966731221497344e-01  1.199995875818636e+00  1.077995365240510e-07  1.550191793349259e+00 
 4.342046153438723e-07  1.200000000000000e+00  7.756027143137041e-01  7.279097775678310e-01  9.964283614684104e-01  1.199995924626518e+00  1.077995443816947e-07  1.550192692216397e+00 
 4.344046153438723e-07  1.200000000000000e+00  7.755983796930946e-01  7.280143895488028e-01  9.961878764547405e-01  1.199995972236749e+00  1.077995360644618e-07  1.550193603668974e+00 
 4.346046153438723e-07  1.200000000000000e+00  7.755940531950140e-01  7.281169232769685e-01  9.959516138223685e-01  1.199996018692463e+00  1.077995399202115e-07  1.550194526866001e+00 
 4.348046153438723e-07  1.200000000000000e+00  7.755897357271464e-01  7.282174363565662e-01  9.957195203716999e-01  1.199996064035673e+00  1.077995448351224e-07  1.550195460997482e+00 
 4.350046153438723e-07  1.200000000000000e+00  7.755854281442074e-01  7.283159848834933e-01  9.954915429887161e-01  1.199996108305396e+00  1.077995391376710e-07  1.550196405293187e+00 
 4.352046153438723e-07  1.200000000000000e+00  7.755811312508808e-01  7.284126234777292e-01  9.952676286484626e-01  1.199996151539227e+00  1.077995402353623e-07  1.550197359030276e+00 
 4.354046153438724e-07  1.200000000000000e+00  7.755768458045432e-01  7.285074053166221e-01  9.950477244184907e-01  1.199996193773064e+00  1.077995385884826e-07  1.550198321539847e+00 
 4.356046153438724e-07  1.200000000000000e+00  7.755725725178055e-01  7.286003821659043e-01  9.948317774668625e-01  1.199996235041443e+00  1.077995411305386e-07  1.550199292212262e+00 
 4.358046153438724e-07  1.200000000000000e+00  7.755683120610249e-01  7.286916044105939e-01  9.946197350695457e-01  1.199996275376574e+00  1.077995409718575e-07  1.550200270501559e+00 
 4.360046153438724e-07  1.200000000000000e+00  7.755640650645446e-01  7.287811210845149e-01  9.944115446214341e-01  1.199996314810319e+00  1.077995397007157e-07  1.550201255928699e+00 
 4.362046153438724e-07  1.200000000000000e+00  7.755598321210234e-01  7.288689799010073e-01  9.942071536458095e-01  1.199996353372320e+00  1.077995414934916e-07  1.550202248083924e+00 
 4.364046153438724e-07  1.200000000000000e+00  7.755556137874489e-01  7.289552272799501e-01  9.940065098079869e-01  1.199996391090978e+00  1.077995397692237e-07  1.550203246628061e+00 
 4.366046153438724e-07  1.200000000000000e+00  7.755514105871997e-01  7.290399083769470e-01  9.938095609276566e-01  1.199996427993674e+00  1.077995452782545e-07  1.550204251293050e+00 
 4.368046153438725e-07  1.200000000000000e+00  7.755472230119687e-01  7.291230671108042e-01  9.936162549924983e-01  1.199996464106692e+00  1.077995371605644e-07  1.550205261881572e+00 
 4.370046153438725e-07  1.200000000000000e+00  7.755430515234696e-01  7.292047461904997e-01  9.934265401728164e-01  1.199996499455218e+00  1.077995401954712e-07  1.550206278265895e+00 
 4.372046153438725e-07  1.200000000000000e+00  7.755388965552568e-01  7.292849871423244e-01  9.932403648354176e-01  1.199996534062741e+00  1.077995404222556e-07  1.550207300386011e+00 
 4.374046153438725e-07  1.200000000000000e+00  7.755347585143776e-01  7.293638303356391e-01  9.930576775591733e-01  1.199996567952818e+00  1.077995413695157e-07  1.550208328247074e+00 
 4.376046153438725e-07  1.200000000000000e+00  7.755306377828398e-01  7.294413150091223e-01  9.928784271493821e-01  1.199996601147180e+00  1.077995384408857e-07  1.550209361916295e+00 
 4.378046153438725e-07  1.200000000000000e+00  7.755265347191486e-01  7.295174792961681e-01  9.927025626525460e-01  1.199996633666777e+00  1.077995418480109e-07  1.550210401519187e+00 
 4.380046153438725e-07  1.200000000000000e+00  7.755224496596872e-01  7.295923602498081e-01  9.925300333731213e-01  1.199996665532637e+00  1.077995444652251e-07  1.550211447235411e+00 
 4.382046153438726e-07  1.200000000000000e+00  7.755183829200615e-01  7.296659938678356e-01  9.923607888852447e-01  1.199996696763974e+00  1.077995391666163e-07  1.550212499294119e+00 
 4.384046153438726e-07  1.200000000000000e+00  7.755143347962851e-01  7.297384151174101e-01  9.921947790491956e-01  1.199996727379538e+00  1.077995383195680e-07  1.550213557969015e+00 
 4.386046153438726e-07  1.200000000000000e+00  7.755103055659971e-01  7.298096579580073e-01  9.920319540261803e-01  1.199996757397139e+00  1.077995419269788e-07  1.550214623572987e+00 
 4.388046153438726e-07  1.200000000000000e+00  7.755062954895717e-01  7.298797553662335e-01  9.918722642908889e-01  1.199996786834088e+00  1.077995395918060e-07  1.550215696452617e+00 
 4.390046153438726e-07  1.200000000000000e+00  7.755023048111623e-01  7.299487393584670e-01  9.917156606456394e-01  1.199996815707324e+00  1.077995390789767e-07  1.550216776982342e+00 
 4.392046153438726e-07  1.200000000000000e+00  7.754983337596603e-01  7.300166410144563e-01  9.915620942331328e-01  1.199996844033016e+00  1.077995412855604e-07  1.550217865558550e+00 
 4.394046153438727e-07  1.200000000000000e+00  7.754943825496149e-01  7.300834904996385e-01  9.914115165498985e-01  1.199996871826158e+00  1.077995420726979e-07  1.550218962593625e+00 
 4.396046153438727e-07  1.200000000000000e+00  7.754904513821003e-01  7.301493170870376e-01  9.912638794575346e-01  1.199996899101567e+00  1.077995400278147e-07  1.550220068509831e+00 
 4.398046153438727e-07  1.200000000000000e+00  7.754865404454915e-01  7.302141491802905e-01  9.911191351953780e-01  1.199996925873939e+00  1.077995386736595e-07  1.550221183733255e+00 
 4.400046153438727e-07  1.200000000000000e+00  7.754826499162177e-01  7.302780143339335e-01  9.909772363910746e-01  1.199996952156961e+00  1.077995451019556e-07  1.550222308687799e+00 
 4.402046153438727e-07  1.200000000000000e+00  7.754787799594262e-01  7.303409392759964e-01  9.908381360714241e-01  1.199996977963770e+00  1.077995378282557e-07  1.550223443789265e+00 
 4.404046153438727e-07  1.200000000000000e+00  7.754749307296352e-01  7.304029499285541e-01  9.907017876720043e-01  1.199997003307281e+00  1.077995398349881e-07  1.550224589439543e+00 
 4.406046153438727e-07  1.200000000000000e+00  7.754711023712776e-01  7.304640714273306e-01  9.905681450473879e-01  1.199997028199749e+00  1.077995391879683e-07  1.550225746020910e+00 
 4.408046153438728e-07  1.200000000000000e+00  7.754672950192508e-01  7.305243281437067e-01  9.904371624800540e-01  1.199997052653213e+00  1.077995416614821e-07  1.550226913890646e+00 
 4.410046153438728e-07  1.200000000000000e+00  7.754635087994084e-01  7.305837437029783e-01  9.903087946885951e-01  1.199997076679064e+00  1.077995412064010e-07  1.550228093375834e+00 
 4.412046153438728e-07  1.200000000000000e+00  7.754597438289735e-01  7.306423410046379e-01  9.901829968352347e-01  1.199997100288520e+00  1.077995424349380e-07  1.550229284768305e+00 
 4.414046153438728e-07  1.200000000000000e+00  7.754560002169543e-01  7.307001422415306e-01  9.900597245338002e-01  1.199997123492188e+00  1.077995374077990e-07  1.550230488320023e+00 
 4.416046153438728e-07  1.200000000000000e+00  7.754522780644844e-01  7.307571689193286e-01  9.899389338568563e-01  1.199997146300367e+00  1.077995396140129e-07  1.550231704238670e+00 
 4.418046153438728e-07  1.200000000000000e+00  7.754485774651284e-01  7.308134418732410e-01  9.898205813407656e-01  1.199997168723381e+00  1.077995447077657e-07  1.550232932683590e+00 
 4.420046153438729e-07  1.200000000000000e+00  7.754448985051934e-01  7.308689812879717e-01  9.897046239927497e-01  1.199997190770648e+00  1.077995384309949e-07  1.550234173762072e+00 
 4.422046153438729e-07  1.200000000000000e+00  7.754412412639464e-01  7.309238067148434e-01  9.895910192955799e-01  1.199997212451583e+00  1.077995404166769e-07  1.550235427525956e+00 
 4.424046153438729e-07  1.200000000000000e+00  7.754376058138008e-01  7.309779370887342e-01  9.894797252123375e-01  1.199997233775000e+00  1.077995409586528e-07  1.550236693968664e+00 
 4.426046153438729e-07  1.200000000000000e+00  7.754339922205796e-01  7.310313907462966e-01  9.893707001914394e-01  1.199997254750235e+00  1.077995392885897e-07  1.550237973022550e+00 
 4.428046153438729e-07  1.200000000000000e+00  7.754304005435897e-01  7.310841854413644e-01  9.892639031695928e-01  1.199997275385230e+00  1.077995427636674e-07  1.550239264556613e+00 
 4.430046153438729e-07  1.200000000000000e+00  7.754268308357982e-01  7.311363383618329e-01  9.891592935760778e-01  1.199997295688312e+00  1.077995402797503e-07  1.550240568374699e+00 
 4.432046153438729e-07  1.200000000000000e+00  7.754232831438933e-01  7.311878661458376e-01  9.890568313350425e-01  1.199997315667449e+00  1.077995419131964e-07  1.550241884213910e+00 
 4.434046153438730e-07  1.200000000000000e+00  7.754197575083724e-01  7.312387848974263e-01  9.889564768684111e-01  1.199997335330281e+00  1.077995366475747e-07  1.550243211743604e+00 
 4.436046153438730e-07  1.200000000000000e+00  7.754162539636785e-01  7.312891102021823e-01  9.888581910976848e-01  1.199997354684316e+00  1.077995435281789e-07  1.550244550564580e+00 
 4.438046153438730e-07  1.200000000000000e+00  7.754127725381876e-01  7.313388571413795e-01  9.887619354469680e-01  1.199997373736945e+00  1.077995373337620e-07  1.550245900208765e+00 
 4.440046153438730e-07  1.200000000000000e+00  7.754093132542014e-01  7.313880403074958e-01  9.886676718428247e-01  1.199997392494790e+00  1.077995432176921e-07  1.550247260139241e+00 
 4.442046153438730e-07  1.200000000000000e+00  7.754058761280450e-01  7.314366738179232e-01  9.885753627170137e-01  1.199997410964800e+00  1.077995409521260e-07  1.550248629750605e+00 
 4.444046153438730e-07  1.200000000000000e+00  7.754024611700269e-01  7.314847713287497e-01  9.884849710057479e-01  1.199997429153578e+00  1.077995401497779e-07  1.550250008369676e+00 
 4.446046153438730e-07  1.200000000000000e+00  7.753990683844267e-01  7.315323460496372e-01  9.883964601518713e-01  1.199997447067542e+00  1.077995411013709e-07  1.550251395256556e+00 
 4.448046153438731e-07  1.200000000000000e+00  7.753956977694989e-01  7.315794107554356e-01  9.883097941029607e-01  1.199997464712646e+00  1.077995402889639e-07  1.550252789606027e+00 
 4.450046153438731e-07  1.200000000000000e+00  7.753923493174651e-01  7.316259778008133e-01  9.882249373128562e-01  1.199997482095211e+00  1.077995396940196e-07  1.550254190549255e+00 
 4.452046153438731e-07  1.200000000000000e+00  7.753890230144495e-01  7.316720591322321e-01  9.881418547404172e-01  1.199997499220562e+00  1.077995426997242e-07  1.550255597155715e+00 
 4.454046153438731e-07  1.200000000000000e+00  7.753857188405021e-01  7.317176662997084e-01  9.880605118489395e-01  1.199997516094799e+00  1.077995385453786e-07  1.550257008435481e+00 
 4.456046153438731e-07  1.200000000000000e+00  7.753824367695229e-01  7.317628104700039e-01  9.879808746060144e-01  1.199997532723175e+00  1.077995392004132e-07  1.550258423341758e+00 
 4.458046153438731e-07  1.200000000000000e+00  7.753791767692489e-01  7.318075024376753e-01  9.879029094813013e-01  1.199997549111047e+00  1.077995436748436e-07  1.550259840773654e+00 
 4.460046153438732e-07  1.200000000000000e+00  7.753759388012211e-01  7.318517526373545e-01  9.878265834454033e-01  1.199997565263989e+00  1.077995410862175e-07  1.550261259579122e+00 
 4.462046153438732e-07  1.200000000000000e+00  7.753727228207780e-01  7.318955711535932e-01  9.877518639695703e-01  1.199997581186420e+00  1.077995391489472e-07  1.550262678558149e+00 
 4.464046153438732e-07  1.200000000000000e+00  7.753695287769833e-01  7.319389677333312e-01  9.876787190214434e-01  1.199997596883538e+00  1.077995388915936e-07  1.550264096466138e+00 
 4.466046153438732e-07  1.200000000000000e+00  7.753663566126818e-01  7.319819517948907e-01  9.876071170649328e-01  1.199997612359989e+00  1.077995400666547e-07  1.550265512017450e+00 
 4.468046153438732e-07  1.200000000000000e+00  7.753632062643806e-01  7.320245324402761e-01  9.875370270577383e-01  1.199997627620456e+00  1.077995430527617e-07  1.550266923889076e+00 
 4.470046153438732e-07  1.200000000000000e+00  7.753600776623258e-01  7.320667184628541e-01  9.874684184487278e-01  1.199997642669384e+00  1.077995406343911e-07  1.550268330724408e+00 
 4.472046153438732e-07  1.200000000000000e+00  7.753569707304547e-01  7.321085183594295e-01  9.874012611753664e-01  1.199997657511182e+00  1.077995387296911e-07  1.550269731137175e+00 
 4.474046153438733e-07  1.200000000000000e+00  7.753538853864423e-01  7.321499403386138e-01  9.873355256611906e-01  1.199997672150058e+00  1.077995397949758e-07  1.550271123715420e+00 
 4.476046153438733e-07  1.200000000000000e+00  7.753508215416656e-01  7.321909923300992e-01  9.872711828130377e-01  1.199997686590009e+00  1.077995403261362e-07  1.550272507025546e+00 
 4.478046153438733e-07  1.200000000000000e+00  7.753477791012489e-01  7.322316819942569e-01  9.872082040182402e-01  1.199997700835350e+00  1.077995412481591e-07  1.550273879616446e+00 
 4.480046153438733e-07  1.200000000000000e+00  7.753447579640775e-01  7.322720167300776e-01  9.871465611402286e-01  1.199997714889732e+00  1.077995428849767e-07  1.550275240023604e+00 
 4.482046153438733e-07  1.200000000000000e+00  7.753417580228688e-01  7.323120036846864e-01  9.870862265173168e-01  1.199997728757179e+00  1.077995431556547e-07  1.550276586773234e+00 
 4.484046153438733e-07  1.200000000000000e+00  7.753387791641980e-01  7.323516497612110e-01  9.870271729581668e-01  1.199997742441405e+00  1.077995373916374e-07  1.550277918386433e+00 
 4.486046153438733e-07  1.200000000000000e+00  7.753358212685624e-01  7.323909616269072e-01  9.869693737381914e-01  1.199997755945527e+00  1.077995416019612e-07  1.550279233383263e+00 
 4.488046153438734e-07  1.200000000000000e+00  7.753328842104662e-01  7.324299457209320e-01  9.869128025964286e-01  1.199997769273728e+00  1.077995393003070e-07  1.550280530286822e+00 
 4.490046153438734e-07  1.200000000000000e+00  7.753299678584782e-01  7.324686082621943e-01  9.868574337317775e-01  1.199997782428875e+00  1.077995429304365e-07  1.550281807627238e+00 
 4.492046153438734e-07  1.200000000000000e+00  7.753270720753419e-01  7.325069552565251e-01  9.868032417989414e-01  1.199997795414817e+00  1.077995389569941e-07  1.550283063945607e+00 
 4.494046153438734e-07  1.200000000000000e+00  7.753241967180911e-01  7.325449925046316e-01  9.867502019052662e-01  1.199997808234222e+00  1.077995383123140e-07  1.550284297797888e+00 
 4.496046153438734e-07  1.200000000000000e+00  7.753213416381191e-01  7.325827256084531e-01  9.866982896049700e-01  1.199997820890681e+00  1.077995407088855e-07  1.550285507758582e+00 
 4.498046153438734e-07  1.200000000000000e+00  7.753185066813629e-01  7.326201599777646e-01  9.866474808968505e-01  1.199997833387312e+00  1.077995428232937e-07  1.550286692424415e+00 
 4.500046153438735e-07  1.200000000000000e+00  7.753156916883794e-01  7.326573008375354e-01  9.865977522191913e-01  1.199997845726878e+00  1.077995394738696e-07  1.550287850417837e+00 
 4.502046153438735e-07  1.200000000000000e+00  7.753128964945020e-01  7.326941532343806e-01  9.865490804467699e-01  1.199997857912661e+00  1.077995388778711e-07  1.550288980390426e+00 
 4.504046153438735e-07  1.200000000000000e+00  7.753101209300177e-01  7.327307220417610e-01  9.865014428843274e-01  1.199997869946889e+00  1.077995449929292e-07  1.550290081026091e+00 
 4.506046153438735e-07  1.200000000000000e+00  7.753073648202730e-01  7.327670119670244e-01  9.864548172635893e-01  1.199997881833033e+00  1.077995397371071e-07  1.550291151044209e+00 
 4.508046153438735e-07  1.200000000000000e+00  7.753046279859197e-01  7.328030275573254e-01  9.864091817386166e-01  1.199997893573553e+00  1.077995370203770e-07  1.550292189202526e+00 
 4.510046153438735e-07  1.200000000000000e+00  7.753019102430486e-01  7.328387732048574e-01  9.863645148812227e-01  1.199997905171006e+00  1.077995436745918e-07  1.550293194299917e+00 
 4.512046153438735e-07  1.200000000000000e+00  7.752992113918948e-01  7.328742531565597e-01  9.863207956653660e-01  1.199997916700308e+00  1.077995378493489e-07  1.550294165179007e+00 
 4.514046153438736e-07  1.200000000000000e+00  7.752965312470694e-01  7.329094715089732e-01  9.862780034927615e-01  1.199997928034567e+00  1.077995411840347e-07  1.550295100728467e+00 
 4.516046153438736e-07  1.200000000000000e+00  7.752938696157545e-01  7.329444322218222e-01  9.862361181629445e-01  1.199997939215792e+00  1.077995431813133e-07  1.550295999885252e+00 
 4.518046153438736e-07  1.200000000000000e+00  7.752912262988111e-01  7.329791391227148e-01  9.861951198723516e-01  1.199997950263795e+00  1.077995373194576e-07  1.550296861636863e+00 
 4.520046153438736e-07  1.200000000000000e+00  7.752886010927277e-01  7.330135959105647e-01  9.861549892100837e-01  1.199997961182026e+00  1.077995434649255e-07  1.550297685023186e+00 
 4.522046153438736e-07  1.200000000000000e+00  7.752859937904985e-01  7.330478061605685e-01  9.861157071548542e-01  1.199997971971928e+00  1.077995405139369e-07  1.550298469138120e+00 
 4.524046153438736e-07  1.200000000000000e+00  7.752834041819329e-01  7.330817733290897e-01  9.860772550689239e-01  1.199997982635957e+00  1.077995406375573e-07  1.550299213131080e+00 
 4.526046153438736e-07  1.200000000000000e+00  7.752808320539203e-01  7.331155007578678e-01  9.860396146937889e-01  1.199997993176326e+00  1.077995379662651e-07  1.550299916208242e+00 
 4.528046153438737e-07  1.200000000000000e+00  7.752782771906938e-01  7.331489916784703e-01  9.860027681449733e-01  1.199998003595188e+00  1.077995465081603e-07  1.550300577633625e+00 
 4.530046153438737e-07  1.200000000000000e+00  7.752757393741033e-01  7.331822492167711e-01  9.859666979062826e-01  1.199998013894020e+00  1.077995349700841e-07  1.550301196730017e+00 
 4.532046153438737e-07  1.200000000000000e+00  7.752732183837451e-01  7.332152763959660e-01  9.859313868261222e-01  1.199998024075347e+00  1.077995421102501e-07  1.550301772879708e+00 
 4.534046153438737e-07  1.200000000000000e+00  7.752707139972926e-01  7.332480761417092e-01  9.858968181107336e-01  1.199998034141141e+00  1.077995393775843e-07  1.550302305525071e+00 
 4.536046153438737e-07  1.200000000000000e+00  7.752682259907160e-01  7.332806512858282e-01  9.858629753198548e-01  1.199998044093361e+00  1.077995407586612e-07  1.550302794168917e+00 
 4.538046153438737e-07  1.200000000000000e+00  7.752657541385088e-01  7.333130045692442e-01  9.858298423617443e-01  1.199998053934022e+00  1.077995402551863e-07  1.550303238374706e+00 
 4.540046153438738e-07  1.200000000000000e+00  7.752632982139102e-01  7.333451386461310e-01  9.857974034869593e-01  1.199998063664747e+00  1.077995431409509e-07  1.550303637766590e+00 
 4.542046153438738e-07  1.200000000000000e+00  7.752608579891467e-01  7.333770560874813e-01  9.857656432839567e-01  1.199998073287308e+00  1.077995427190604e-07  1.550303992029275e+00 
 4.544046153438738e-07  1.200000000000000e+00  7.752584332357071e-01  7.334087593843598e-01  9.857345466732399e-01  1.199998082804009e+00  1.077995403204135e-07  1.550304300907734e+00 
 4.546046153438738e-07  1.200000000000000e+00  7.752560237245265e-01  7.334402509505107e-01  9.857040989023652e-01  1.199998092216003e+00  1.077995361516700e-07  1.550304564206751e+00 
 4.548046153438738e-07  1.200000000000000e+00  7.752536292262570e-01  7.334715331264234e-01  9.856742855411107e-01  1.199998101525403e+00  1.077995426044595e-07  1.550304781790343e+00 
 4.550046153438738e-07  1.200000000000000e+00  7.752512495114902e-01  7.335026081817911e-01  9.856450924748293e-01  1.199998110733793e+00  1.077995408254426e-07  1.550304953581032e+00 
 4.552046153438738e-07  1.200000000000000e+00  7.752488843509437e-01  7.335334783188702e-01  9.856165059001998e-01  1.199998119842444e+00  1.077995406444182e-07  1.550305079558926e+00 
 4.554046153438739e-07  1.200000000000000e+00  7.752465335156853e-01  7.335641456749535e-01  9.855885123199042e-01  1.199998128853364e+00  1.077995411340694e-07  1.550305159760752e+00 
 4.556046153438739e-07  1.200000000000000e+00  7.752441967774146e-01  7.335946123244039e-01  9.855610985368551e-01  1.199998137768391e+00  1.077995395036727e-07  1.550305194278719e+00 
 4.558046153438739e-07  1.200000000000000e+00  7.752418739086040e-01  7.336248802832379e-01  9.855342516482150e-01  1.199998146588183e+00  1.077995381826816e-07  1.550305183259319e+00 
 4.560046153438739e-07  1.200000000000000e+00  7.752395646827829e-01  7.336549515098563e-01  9.855079590414878e-01  1.199998155314887e+00  1.077995409305880e-07  1.550305126901933e+00 
 4.562046153438739e-07  1.200000000000000e+00  7.752372688746314e-01  7.336848279079408e-01  9.854822083889310e-01  1.199998163949818e+00  1.077995432309231e-07  1.550305025457445e+00 
 4.564046153438739e-07  1.200000000000000e+00  7.752349862602795e-01  7.337145113292376e-01  9.854569876413476e-01  1.199998172494545e+00  1.077995402364637e-07  1.550304879226666e+00 
 4.566046153438739e-07  1.200000000000000e+00  7.752327166174448e-01  7.337440035751527e-01  9.854322850234153e-01  1.199998180950084e+00  1.077995407292165e-07  1.550304688558766e+00 
 4.568046153438740e-07  1.200000000000000e+00  7.752304597256076e-01  7.337733064001035e-01  9.854080890280713e-01  1.199998189317991e+00  1.077995437857806e-07  1.550304453849542e+00 
 4.570046153438740e-07  1.200000000000000e+00  7.752282153662141e-01  7.338024215120601e-01  9.853843884127275e-01  1.199998197599945e+00  1.077995359474259e-07  1.550304175539698e+00 
 4.572046153438740e-07  1.200000000000000e+00  7.752259833228446e-01  7.338313505752542e-01  9.853611721915477e-01  1.199998205797051e+00  1.077995405571492e-07  1.550303854112996e+00 
 4.574046153438740e-07  1.200000000000000e+00  7.752237633813570e-01  7.338600952122432e-01  9.853384296326224e-01  1.199998213910622e+00  1.077995445016417e-07  1.550303490094439e+00 
 4.576046153438740e-07  1.200000000000000e+00  7.752215553300562e-01  7.338886570061042e-01  9.853161502517098e-01  1.199998221941717e+00  1.077995372595716e-07  1.550303084048303e+00 
 4.578046153438740e-07  1.200000000000000e+00  7.752193589598374e-01  7.339170375011348e-01  9.852943238070487e-01  1.199998229892012e+00  1.077995434810942e-07  1.550302636576250e+00 
 4.580046153438741e-07  1.200000000000000e+00  7.752171740643305e-01  7.339452382060048e-01  9.852729402944395e-01  1.199998237761974e+00  1.077995375215276e-07  1.550302148315304e+00 
 4.582046153438741e-07  1.200000000000000e+00  7.752150004400193e-01  7.339732605941612e-01  9.852519899427112e-01  1.199998245553396e+00  1.077995431739654e-07  1.550301619935854e+00 
 4.584046153438741e-07  1.200000000000000e+00  7.752128378863901e-01  7.340011061054544e-01  9.852314632084146e-01  1.199998253267769e+00  1.077995372566520e-07  1.550301052139652e+00 
 4.586046153438741e-07  1.200000000000000e+00  7.752106862060222e-01  7.340287761486540e-01  9.852113507701684e-01  1.199998260905617e+00  1.077995426375046e-07  1.550300445657782e+00 
 4.588046153438741e-07  1.200000000000000e+00  7.752085452047006e-01  7.340562721022394e-01  9.851916435253998e-01  1.199998268468341e+00  1.077995377833339e-07  1.550299801248634e+00 
 4.590046153438741e-07  1.200000000000000e+00  7.752064146915373e-01  7.340835953152115e-01  9.851723325838766e-01  1.199998275956746e+00  1.077995434276457e-07  1.550299119695843e+00 
 4.592046153438741e-07  1.200000000000000e+00  7.752042944790470e-01  7.341107471097198e-01  9.851534092644741e-01  1.199998283372142e+00  1.077995428894363e-07  1.550298401806338e+00 
 4.594046153438742e-07  1.200000000000000e+00  7.752021843832093e-01  7.341377287809342e-01  9.851348650884936e-01  1.199998290715890e+00  1.077995352539843e-07  1.550297648408265e+00 
 4.596046153438742e-07  1.200000000000000e+00  7.752000842235993e-01  7.341645415991966e-01  9.851166917771027e-01  1.199998297988441e+00  1.077995447610430e-07  1.550296860349026e+00 
 4.598046153438742e-07  1.200000000000000e+00  7.751979938234280e-01  7.341911868112144e-01  9.850988812450880e-01  1.199998305191240e+00  1.077995362924294e-07  1.550296038493342e+00 
 4.600046153438742e-07  1.200000000000000e+00  7.751959130096084e-01  7.342176656402097e-01  9.850814255978096e-01  1.199998312325257e+00  1.077995410555360e-07  1.550295183721285e+00 
 4.602046153438742e-07  1.200000000000000e+00  7.751938416127829e-01  7.342439792881885e-01  9.850643171250394e-01  1.199998319391072e+00  1.077995430099622e-07  1.550294296926399e+00 
 4.604046153438742e-07  1.200000000000000e+00  7.751917794674243e-01  7.342701289360026e-01  9.850475482977538e-01  1.199998326389953e+00  1.077995395350138e-07  1.550293379013834e+00 
 4.606046153438742e-07  1.200000000000000e+00  7.751897264117686e-01  7.342961157444795e-01  9.850311117643507e-01  1.199998333323091e+00  1.077995392062395e-07  1.550292430898537e+00 
 4.608046153438743e-07  1.200000000000000e+00  7.751876822880269e-01  7.343219408558850e-01  9.850150003448137e-01  1.199998340191102e+00  1.077995407845899e-07  1.550291453503464e+00 
 4.610046153438743e-07  1.200000000000000e+00  7.751856469422498e-01  7.343476053937888e-01  9.849992070276782e-01  1.199998346994790e+00  1.077995404125184e-07  1.550290447757881e+00 
 4.612046153438743e-07  1.200000000000000e+00  7.751836202244221e-01  7.343731104646256e-01  9.849837249655720e-01  1.199998353735439e+00  1.077995427687705e-07  1.550289414595654e+00 
 4.614046153438743e-07  1.200000000000000e+00  7.751816019884055e-01  7.343984571581077e-01  9.849685474709899e-01  1.199998360413612e+00  1.077995419532112e-07  1.550288354953639e+00 
 4.616046153438743e-07  1.200000000000000e+00  7.751795920920598e-01  7.344236465488023e-01  9.849536680129802e-01  1.199998367030197e+00  1.077995385701451e-07  1.550287269770150e+00 
 4.618046153438743e-07  1.200000000000000e+00  7.751775903971748e-01  7.344486796952187e-01  9.849390802121248e-01  1.199998373586541e+00  1.077995402245307e-07  1.550286159983416e+00 
 4.620046153438744e-07  1.200000000000000e+00  7.751755967694378e-01  7.344735576421131e-01  9.849247778367778e-01  1.199998380082460e+00  1.077995420614734e-07  1.550285026530158e+00 
 4.622046153438744e-07  1.200000000000000e+00  7.751736110784342e-01  7.344982814199905e-01  9.849107548011733e-01  1.199998386519680e+00  1.077995404031689e-07  1.550283870344184e+00 
 4.624046153438744e-07  1.200000000000000e+00  7.751716331976829e-01  7.345228520459089e-01  9.848970051604650e-01  1.199998392898535e+00  1.077995378894595e-07  1.550282692355108e+00 
 4.626046153438744e-07  1.200000000000000e+00  7.751696630045701e-01  7.345472705246056e-01  9.848835231068876e-01  1.199998399220006e+00  1.077995410644605e-07  1.550281493487079e+00 
 4.628046153438744e-07  1.200000000000000e+00  7.751677003803272e-01  7.345715378481431e-01  9.848703029660684e-01  1.199998405484760e+00  1.077995431069700e-07  1.550280274657555e+00 
 4.630046153438744e-07  1.200000000000000e+00  7.751657452099979e-01  7.345956549972102e-01  9.848573391951123e-01  1.199998411693545e+00  1.077995402953318e-07  1.550279036776203e+00 
 4.632046153438744e-07  1.200000000000000e+00  7.751637973824401e-01  7.346196229414028e-01  9.848446263774256e-01  1.199998417847005e+00  1.077995383194545e-07  1.550277780743869e+00 
 4.634046153438745e-07  1.200000000000000e+00  7.751618567901943e-01  7.346434426387227e-01  9.848321592207697e-01  1.199998423946116e+00  1.077995419395587e-07  1.550276507451550e+00 
 4.636046153438745e-07  1.200000000000000e+00  7.751599233295040e-01  7.346671150377473e-01  9.848199325527021e-01  1.199998429991629e+00  1.077995399585618e-07  1.550275217779463e+00 
 4.638046153438745e-07  1.200000000000000e+00  7.751579969002950e-01  7.346906410761368e-01  9.848079413197861e-01  1.199998435984193e+00  1.077995415490688e-07  1.550273912596188e+00 
 4.640046153438745e-07  1.200000000000000e+00  7.751560774060842e-01  7.347140216823630e-01  9.847961805821124e-01  1.199998441924193e+00  1.077995404575008e-07  1.550272592757861e+00 
 4.642046153438745e-07  1.200000000000000e+00  7.751541647539023e-01  7.347372577753085e-01  9.847846455113802e-01  1.199998447812898e+00  1.077995409533235e-07  1.550271259107457e+00 
 4.644046153438745e-07  1.200000000000000e+00  7.751522588542801e-01  7.347603502650119e-01  9.847733313882557e-01  1.199998453650315e+00  1.077995385360088e-07  1.550269912474066e+00 
 4.646046153438745e-07  1.200000000000000e+00  7.751503596211724e-01  7.347833000525243e-01  9.847622335991747e-01  1.199998459437378e+00  1.077995444657858e-07  1.550268553672354e+00 
 4.648046153438746e-07  1.200000000000000e+00  7.751484669718626e-01  7.348061080310161e-01  9.847513476337147e-01  1.199998465175178e+00  1.077995370300098e-07  1.550267183501958e+00 
 4.650046153438746e-07  1.200000000000000e+00  7.751465808269765e-01  7.348287750850384e-01  9.847406690819041e-01  1.199998470863628e+00  1.077995425097680e-07  1.550265802746997e+00 
 4.652046153438746e-07  1.200000000000000e+00  7.751447011103523e-01  7.348513020911404e-01  9.847301936317917e-01  1.199998476503705e+00  1.077995381481521e-07  1.550264412175638e+00 
 4.654046153438746e-07  1.200000000000000e+00  7.751428277489774e-01  7.348736899188132e-01  9.847199170667512e-01  1.199998482096037e+00  1.077995410110052e-07  1.550263012539734e+00 
 4.656046153438746e-07  1.200000000000000e+00  7.751409606729489e-01  7.348959394293256e-01  9.847098352626044e-01  1.199998487641289e+00  1.077995406043813e-07  1.550261604574464e+00 
 4.658046153438746e-07  1.200000000000000e+00  7.751390998153440e-01  7.349180514767486e-01  9.846999441857371e-01  1.199998493139967e+00  1.077995430874203e-07  1.550260188998075e+00 
 4.660046153438747e-07  1.200000000000000e+00  7.751372451122424e-01  7.349400269087265e-01  9.846902398912325e-01  1.199998498592425e+00  1.077995401480361e-07  1.550258766511673e+00 
 4.662046153438747e-07  1.200000000000000e+00  7.751353965025316e-01  7.349618665654564e-01  9.846807185203524e-01  1.199998503999400e+00  1.077995409777043e-07  1.550257337798993e+00 
 4.664046153438747e-07  1.200000000000000e+00  7.751335539279439e-01  7.349835712804489e-01  9.846713762975929e-01  1.199998509361705e+00  1.077995411205302e-07  1.550255903526348e+00 
 4.666046153438747e-07  1.200000000000000e+00  7.751317173329254e-01  7.350051418801378e-01  9.846622095294991e-01  1.199998514679553e+00  1.077995392359605e-07  1.550254464342464e+00 
 4.668046153438747e-07  1.200000000000000e+00  7.751298866645676e-01  7.350265791854237e-01  9.846532146020763e-01  1.199998519953794e+00  1.077995410592058e-07  1.550253020878479e+00 
 4.670046153438747e-07  1.200000000000000e+00  7.751280618725352e-01  7.350478840099433e-01  9.846443879787589e-01  1.199998525184428e+00  1.077995384682684e-07  1.550251573747929e+00 
 4.672046153438747e-07  1.200000000000000e+00  7.751262429089986e-01  7.350690571620921e-01  9.846357261987816e-01  1.199998530372758e+00  1.077995413990981e-07  1.550250123546786e+00 
 4.674046153438748e-07  1.200000000000000e+00  7.751244297285403e-01  7.350900994434231e-01  9.846272258757429e-01  1.199998535518985e+00  1.077995436242261e-07  1.550248670853539e+00 
 4.676046153438748e-07  1.200000000000000e+00  7.751226222880975e-01  7.351110116497568e-01  9.846188836947237e-01  1.199998540623441e+00  1.077995361193227e-07  1.550247216229232e+00 
 4.678046153438748e-07  1.200000000000000e+00  7.751208205469101e-01  7.351317945714890e-01  9.846106964112726e-01  1.199998545686705e+00  1.077995411204043e-07  1.550245760217691e+00 
 4.680046153438748e-07  1.200000000000000e+00  7.751190244663946e-01  7.351524489923790e-01  9.846026608493975e-01  1.199998550709166e+00  1.077995430955494e-07  1.550244303345614e+00 
 4.682046153438748e-07  1.200000000000000e+00  7.751172340101019e-01  7.351729756908060e-01  9.845947739006161e-01  1.199998555691674e+00  1.077995396154583e-07  1.550242846122796e+00 
 4.684046153438748e-07  1.200000000000000e+00  7.751154491436305e-01  7.351933754400364e-01  9.845870325209315e-01  1.199998560634510e+00  1.077995392806196e-07  1.550241389042330e+00 
 4.686046153438748e-07  1.200000000000000e+00  7.751136698345661e-01  7.352136490070710e-01  9.845794337303970e-01  1.199998565537759e+00  1.077995434741535e-07  1.550239932580870e+00 
 4.688046153438749e-07  1.200000000000000e+00  7.751118960524492e-01  7.352337971540792e-01  9.845719746117554e-01  1.199998570402303e+00  1.077995375246002e-07  1.550238477198844e+00 
 4.690046153438749e-07  1.200000000000000e+00  7.751101277686213e-01  7.352538206375798e-01  9.845646523081213e-01  1.199998575228781e+00  1.077995435191388e-07  1.550237023340772e+00 
 4.692046153438749e-07  1.200000000000000e+00  7.751083649562265e-01  7.352737202087084e-01  9.845574640226389e-01  1.199998580017367e+00  1.077995406137732e-07  1.550235571435537e+00 
 4.694046153438749e-07  1.200000000000000e+00  7.751066075901110e-01  7.352934966135758e-01  9.845504070158472e-01  1.199998584768387e+00  1.077995412226001e-07  1.550234121896699e+00 
 4.696046153438749e-07  1.200000000000000e+00  7.751048556467774e-01  7.353131505929977e-01  9.845434786055255e-01  1.199998589482524e+00  1.077995393453347e-07  1.550232675122833e+00 
 4.698046153438749e-07  1.200000000000000e+00  7.751031091043102e-01  7.353326828823405e-01  9.845366761642560e-01  1.199998594159975e+00  1.077995415019351e-07  1.550231231497839e+00 
 4.700046153438750e-07  1.200000000000000e+00  7.751013679423066e-01  7.353520942120280e-01  9.845299971196084e-01  1.199998598801553e+00  1.077995396999617e-07  1.550229791391307e+00 
 4.702000000000001e-07  1.199999999999960e+00  7.750996721382524e-01  7.353709414768840e-01  9.845235889667199e-01  1.199998603300639e+00  1.077995384088686e-07  1.550228388254000e+00 
 4.702002571813520e-07  1.198456911888537e+00  7.750945269075943e-01  7.353658545411669e-01  9.845234884221034e-01  1.199993043428275e+00 -5.573239187511847e-08  1.550228386409505e+00 
 4.702007715440558e-07  1.195370735665691e+00  7.750815051478499e-01  7.353530483399560e-01  9.845232429856287e-01  1.199980073894627e+00 -4.379555514164718e-07  1.550228382720534e+00 
 4.702014025748208e-07  1.191584551075431e+00  7.750648238991343e-01  7.353368521824891e-01  9.845229225677797e-01  1.199966404721361e+00 -7.832509858595599e-07  1.550228378194869e+00 
 4.702021630198149e-07  1.187021881111090e+00  7.750462696556768e-01  7.353191381293965e-01  9.845225517755012e-01  1.199954923311384e+00 -9.437004376972036e-07  1.550228372741114e+00 
 4.702033058166221e-07  1.180165100267956e+00  7.750216411014468e-01  7.352960426634356e-01  9.845220376043787e-01  1.199945179358041e+00 -8.526753919116392e-07  1.550228364545323e+00 
 4.702052836719798e-07  1.168297968121332e+00  7.749850943528246e-01  7.352623021627318e-01  9.845212391048949e-01  1.199940237657777e+00 -4.058297440696565e-07  1.550228350361069e+00 
 4.702077653850591e-07  1.153407689645895e+00  7.749465858172733e-01  7.352270884437563e-01  9.845203593183951e-01  1.199944439556239e+00  1.162621660897104e-07  1.550228332563997e+00 
 4.702113710750000e-07  1.131773550000528e+00  7.749006651984631e-01  7.351852387344002e-01  9.845192582891442e-01  1.199956927480889e+00  5.020400584898263e-07  1.550228306707631e+00 
 4.702165898670211e-07  1.100460797873624e+00  7.748488886015010e-01  7.351381105030127e-01  9.845179243396605e-01  1.199974915759979e+00  5.599034245810409e-07  1.550228269285725e+00 
 4.702256205155510e-07  1.046276906694129e+00  7.747845562277010e-01  7.350795682120325e-01  9.845160468189066e-01  1.199995892630392e+00  3.189314059725504e-07  1.550228204532700e+00 
 4.702357874308572e-07  9.852754148574671e-01  7.747332759711043e-01  7.350326445709883e-01  9.845142820244698e-01  1.200007036781774e+00  1.065104077737061e-07  1.550228131624007e+00 
 4.702488007967448e-07  9.071952195317672e-01  7.746794858726824e-01  7.349824157017126e-01  9.845122274185110e-01  1.200010896427458e+00  3.150461830422804e-08  1.550228038253622e+00 
 4.702606664435898e-07  8.360013384613174e-01  7.746343979479871e-01  7.349386133521039e-01  9.845104855177302e-01  1.200010569987672e+00  6.131308582786425e-08  1.550227953020374e+00 
 4.702691289180601e-07  7.852264916397522e-01  7.746101673400394e-01  7.349129924454223e-01  9.845094994608520e-01  1.200012074382609e+00  1.237640228390121e-07  1.550227892144077e+00 
 4.702801030700616e-07  7.193815796308163e-01  7.746211548709099e-01  7.349141850454198e-01  9.845093546088277e-01  1.200025168758707e+00  2.433016388433832e-07  1.550227813026453e+00 
 4.702903200690725e-07  6.580795855655261e-01  7.747202812382862e-01  7.349900945215309e-01  9.845114374908537e-01  1.200050225960896e+00  3.441803284851041e-07  1.550227739123505e+00 
 4.702997433448826e-07  6.015399307048658e-01  7.749366404965966e-01  7.351689445922089e-01  9.845162882738028e-01  1.200080021652995e+00  3.981347460764711e-07  1.550227670686166e+00 
 4.703080760333027e-07  5.515438001839815e-01  7.752734270407461e-01  7.354581910630952e-01  9.845237458597914e-01  1.200108541245091e+00  4.176776141633001e-07  1.550227609895193e+00 
 4.703151072497959e-07  5.093565012248297e-01  7.757016958495679e-01  7.358357307150175e-01  9.845329258091432e-01  1.200134159547715e+00  4.235783486528696e-07  1.550227558363807e+00 
 4.703215036399381e-07  4.709781603714811e-01  7.762400946396425e-01  7.363198552002344e-01  9.845440119141071e-01  1.200160086799591e+00  4.248930470592167e-07  1.550227511274050e+00 
 4.703279088653586e-07  4.325468078487911e-01  7.769561431863555e-01  7.369741887026012e-01  9.845581144667217e-01  1.200190570708180e+00  4.212490467994743e-07  1.550227463900393e+00 
 4.703349984491411e-07  3.900093051537582e-01  7.779912454184005e-01  7.379324933578866e-01  9.845776066773169e-01  1.200232116172496e+00  4.044328116370802e-07  1.550227411199327e+00 
 4.703418950723559e-07  3.486295658650246e-01  7.792589642724025e-01  7.391162971814023e-01  9.846007005326377e-01  1.200282879165788e+00  3.708221075261232e-07  1.550227359669532e+00 
 4.703464784173525e-07  3.211294958852621e-01  7.802438683643357e-01  7.400399981429563e-01  9.846183514591532e-01  1.200323960112505e+00  3.442261566634873e-07  1.550227325288755e+00 
 4.703528891281094e-07  2.826652313441879e-01  7.818105699652120e-01  7.415129068259512e-01  9.846462285622977e-01  1.200394147928480e+00  3.284489222604367e-07  1.550227277050805e+00 
 4.703590066987372e-07  2.459598075774647e-01  7.835042624184285e-01  7.431081051769118e-01  9.846763832447528e-01  1.200476151853368e+00  3.347773600672135e-07  1.550227230907478e+00 
 4.703639568420781e-07  2.162589475320223e-01  7.850057109348891e-01  7.445245531931168e-01  9.847033553324349e-01  1.200539629313923e+00  3.485254970745158e-07  1.550227193538313e+00 
 4.703675908729690e-07  1.944547621864940e-01  7.861729575760793e-01  7.456277049494413e-01  9.847246192457811e-01  1.200553948984548e+00  3.604734616384150e-07  1.550227166116302e+00 
 4.703708451115421e-07  1.749293307480451e-01  7.872553789452218e-01  7.466533883491320e-01  9.847446983659855e-01  1.200503747159067e+00  3.711844563376691e-07  1.550227141592728e+00 
 4.703744308872425e-07  1.534146765455275e-01  7.884747366248116e-01  7.478157454435216e-01  9.847679279898294e-01  1.200318302642840e+00  3.824412349996524e-07  1.550227114637274e+00 
 4.703778610411983e-07  1.328337528103496e-01  7.896503185822266e-01  7.489522222584211e-01  9.847911881019996e-01  1.199919132157701e+00  3.924617747643605e-07  1.550227088949248e+00 
 4.703806849621515e-07  1.158902270913593e-01  7.906109607723233e-01  7.499029881338466e-01  9.848110591450606e-01  1.199327826268633e+00  4.004256638143189e-07  1.550227067896799e+00 
 4.703831844759491e-07  1.008931443057677e-01  7.914460509897655e-01  7.507539221703142e-01  9.848291645943561e-01  1.198513436245890e+00  4.085995190666880e-07  1.550227049353773e+00 
 4.703855755233742e-07  8.654685975515997e-02  7.922251305548181e-01  7.515734603104389e-01  9.848469257905181e-01  1.197391040220489e+00  4.191318303285382e-07  1.550227031712525e+00 
 4.703880537059391e-07  7.167776436565276e-02  7.930083805496642e-01  7.524241943392038e-01  9.848657895974997e-01  1.195787079851060e+00  4.342811685490583e-07  1.550227013547614e+00 
 4.703907962002030e-07  5.522279878263858e-02  7.938457459957456e-01  7.533585435024385e-01  9.848872233457732e-01  1.193451104241347e+00  4.567837754770529e-07  1.550226993612308e+00 
 4.703938782171315e-07  3.673069721136568e-02  7.947554193566365e-01  7.543823613351734e-01  9.849120604616516e-01  1.190131921595103e+00  4.891537978063062e-07  1.550226971456366e+00 
 4.703963546465902e-07  2.187212045942744e-02  7.954701494657072e-01  7.551708519231386e-01  9.849326417401904e-01  1.186925970276355e+00  5.203170976263161e-07  1.550226953871214e+00 
 4.703981773232951e-07  1.093606022949012e-02  7.959905982952862e-01  7.557275788474748e-01  9.849481665928682e-01  1.184329875457897e+00  5.448774578380514e-07  1.550226941066862e+00 
 4.704000000000001e-07  0.000000000000000e+00  7.965071667861315e-01  7.562646628336362e-01  9.849640165319867e-01  1.181904969078472e+00  5.683144266880810e-07  1.550226928393326e+00 
 4.704002029309749e-07  0.000000000000000e+00  7.965684609257160e-01  7.563273395282770e-01  9.849658851204202e-01  1.181664557109553e+00  7.196356835333095e-07  1.550226926991372e+00 
 4.704006087929245e-07  0.000000000000000e+00  7.966924880556959e-01  7.564536546154365e-01  9.849696415541047e-01  1.181214269538745e+00  1.039211602337636e-06  1.550226924191822e+00 
 4.704010040958275e-07  0.000000000000000e+00  7.968134012803444e-01  7.565761915675145e-01  9.849732969443651e-01  1.180820022064644e+00  1.236524919753443e-06  1.550226921471690e+00 
 4.704015268108445e-07  0.000000000000000e+00  7.969722369294618e-01  7.567363659670907e-01  9.849781061619441e-01  1.180378916832540e+00  1.279451836774456e-06  1.550226917885510e+00 
 4.704022411203036e-07  0.000000000000000e+00  7.971870409911808e-01  7.569517174717678e-01  9.849846289183686e-01  1.179961531305088e+00  1.057673295482356e-06  1.550226913005357e+00 
 4.704036697392219e-07  0.000000000000000e+00  7.976091423811433e-01  7.573713799455796e-01  9.849975179300082e-01  1.179952308378363e+00  2.437024568136686e-07  1.550226903319708e+00 
 4.704048124427419e-07  0.000000000000000e+00  7.979398036393344e-01  7.576975555357454e-01  9.850076877565119e-01  1.180764574695025e+00 -4.717653807953526e-07  1.550226895647249e+00 
 4.704058602856501e-07  0.000000000000000e+00  7.982378253395298e-01  7.579900678792190e-01  9.850169122678964e-01  1.182078087789307e+00 -1.038204167287324e-06  1.550226888672989e+00 
 4.704069707145320e-07  0.000000000000000e+00  7.985485381068950e-01  7.582938862829602e-01  9.850265898976924e-01  1.183972259841445e+00 -1.488426425694245e-06  1.550226881349304e+00 
 4.704081683274669e-07  0.000000000000000e+00  7.988780874159312e-01  7.586151093042317e-01  9.850369221180695e-01  1.186442682085914e+00 -1.800543814545197e-06  1.550226873531857e+00 
 4.704094865035997e-07  0.000000000000000e+00  7.992344217665041e-01  7.589615038946584e-01  9.850481757585580e-01  1.189415319704769e+00 -1.970044396676016e-06  1.550226865030000e+00 
 4.704111210332452e-07  0.000000000000000e+00  7.996670877054006e-01  7.593810339637812e-01  9.850619659706240e-01  1.193024762572819e+00 -1.996545534507094e-06  1.550226854645971e+00 
 4.704128990004416e-07  0.000000000000000e+00  8.001259760218215e-01  7.598248984688297e-01  9.850767662554418e-01  1.196424405938202e+00 -1.875193760691660e-06  1.550226843562256e+00 
 4.704145941878562e-07  0.000000000000000e+00  8.005517868746708e-01  7.602358589212646e-01  9.850906858160120e-01  1.198953782263064e+00 -1.674741304458910e-06  1.550226833212945e+00 
 4.704162029722283e-07  0.000000000000000e+00  8.009450457645670e-01  7.606146558207073e-01  9.851037223371314e-01  1.200695266667365e+00 -1.447880738033626e-06  1.550226823600721e+00 
 4.704179301987353e-07  0.000000000000000e+00  8.013552464626433e-01  7.610090042430748e-01  9.851175265164831e-01  1.201951116898367e+00 -1.194605615081022e-06  1.550226813522683e+00 
 4.704197738152187e-07  0.000000000000000e+00  8.017791280284137e-01  7.614156564287573e-01  9.851320321000203e-01  1.202758587833122e+00 -9.341694166501574e-07  1.550226803059693e+00 
 4.704219227218792e-07  0.000000000000000e+00  8.022546951929674e-01  7.618708110397256e-01  9.851486195830522e-01  1.203231525482805e+00 -6.598718132189152e-07  1.550226791274709e+00 
 4.704243718335112e-07  0.000000000000000e+00  8.027719735766133e-01  7.623644903933416e-01  9.851670566505537e-01  1.203398327120846e+00 -3.958757332968993e-07  1.550226778423658e+00 
 4.704273099678119e-07  0.000000000000000e+00  8.033571230771436e-01  7.629210301123612e-01  9.851884048546481e-01  1.203325831075814e+00 -1.506276256666925e-07  1.550226763894146e+00 
 4.704307803620292e-07  0.000000000000000e+00  8.039976876293490e-01  7.635277275978787e-01  9.852122758230679e-01  1.203076508881599e+00  4.543872673522936e-08  1.550226748104404e+00 
 4.704349148351121e-07  0.000000000000000e+00  8.046887035082737e-01  7.641790536219248e-01  9.852381909499031e-01  1.202716474238974e+00  1.659089927685299e-07  1.550226731456006e+00 
 4.704393891998747e-07  0.000000000000000e+00  8.053488145143373e-01  7.647984157938199e-01  9.852619743764285e-01  1.202338324511647e+00  1.834159428126987e-07  1.550226716412828e+00 
 4.704446343385817e-07  0.000000000000000e+00  8.060100153221682e-01  7.654175411464079e-01  9.852818003493411e-01  1.201949967013559e+00  9.742027552760504e-08  1.550226703258883e+00 
 4.704505120395777e-07  0.000000000000000e+00  8.066146523827767e-01  7.659870692597096e-01  9.852894917720276e-01  1.201588417586372e+00 -7.378739269722420e-08  1.550226695104377e+00 
 4.704565082511712e-07  0.000000000000000e+00  8.070948469799050e-01  7.664503932234541e-01  9.852763163807867e-01  1.201288250936963e+00 -2.546998535857704e-07  1.550226695001109e+00 
 4.704631854118584e-07  0.000000000000000e+00  8.074840688396669e-01  7.668506453562658e-01  9.852300444697667e-01  1.201019383172376e+00 -3.831833537903343e-07  1.550226706151111e+00 
 4.704692937162565e-07  0.000000000000000e+00  8.077203498883997e-01  7.671301051415754e-01  9.851535026557406e-01  1.200822235896613e+00 -4.148220712693607e-07  1.550226728152125e+00 
 4.704760773015881e-07  0.000000000000000e+00  8.078649430884650e-01  7.673652495364067e-01  9.850250450538506e-01  1.200646728978660e+00 -3.946808604092002e-07  1.550226767674532e+00 
 4.704827618044461e-07  0.000000000000000e+00  8.079001216308055e-01  7.675373986886849e-01  9.848500985977857e-01  1.200509809046882e+00 -3.557839294283764e-07  1.550226824121029e+00 
 4.704903684634428e-07  0.000000000000000e+00  8.078266419468808e-01  7.676801690166261e-01  9.845899395763084e-01  1.200388176540699e+00 -3.105467136087399e-07  1.550226912275963e+00 
 4.704983502864589e-07  0.000000000000000e+00  8.076362688989894e-01  7.677855881995900e-01  9.842461747013280e-01  1.200291034791729e+00 -2.418049010806823e-07  1.550227035563285e+00 
 4.705076033114089e-07  0.000000000000000e+00  8.072954340545783e-01  7.678680108157315e-01  9.837476926054702e-01  1.200207738140783e+00 -6.062445939290957e-08  1.550227223072786e+00 
 4.705112799965126e-07  0.000000000000000e+00  8.071327608342640e-01  7.678911157870073e-01  9.835020358536946e-01  1.200182085360884e+00  3.454323877654687e-07  1.550227311688834e+00 
 4.705142101289819e-07  0.000000000000000e+00  8.069982909983386e-01  7.679065435987869e-01  9.832695652019739e-01  1.200164093034921e+00  9.447376290395645e-07  1.550227388467712e+00 
 4.705174829804820e-07  0.000000000000000e+00  8.068477555483921e-01  7.679212844284461e-01  9.829556234603872e-01  1.200146140849896e+00  1.643197876889310e-06  1.550227481039511e+00 
 4.705212795505498e-07  0.000000000000000e+00  8.066736890811367e-01  7.679356060063937e-01  9.825110562154890e-01  1.200127760776924e+00  1.988368229992148e-06  1.550227597836975e+00 
 4.705251457891342e-07  0.000000000000000e+00  8.064908641134849e-01  7.679475021575494e-01  9.819789863020849e-01  1.200111404019174e+00  1.473800815632222e-06  1.550227727592286e+00 
 4.705285510819310e-07  0.000000000000000e+00  8.063160425170389e-01  7.679559552310580e-01  9.814600489449962e-01  1.200098740777735e+00  3.917387704738089e-07  1.550227851249151e+00 
 4.705320710585890e-07  0.000000000000000e+00  8.061105517032798e-01  7.679628835698470e-01  9.808908288494179e-01  1.200087159077603e+00 -8.942026602704913e-07  1.550227988638675e+00 
 4.705358266209463e-07  0.000000000000000e+00  8.058503457207563e-01  7.679684180495762e-01  9.802634786910137e-01  1.200076287987169e+00 -2.030643102052601e-06  1.550228146329870e+00 
 4.705396256818417e-07  0.000000000000000e+00  8.055333972344018e-01  7.679722343469584e-01  9.796207919080203e-01  1.200066663839199e+00 -2.795935241747642e-06  1.550228317908601e+00 
 4.705440393834881e-07  0.000000000000000e+00  8.050932969723298e-01  7.679746786626226e-01  9.788707979347401e-01  1.200056984950984e+00 -3.300807765804683e-06  1.550228533030894e+00 
 4.705499391353630e-07  0.000000000000000e+00  8.043937232532880e-01  7.679751344563481e-01  9.778560145750168e-01  1.200046165806629e+00 -3.603377161887035e-06  1.550228848173708e+00 
 4.705560696345833e-07  0.000000000000000e+00  8.035494411678956e-01  7.679727792779050e-01  9.767660631073376e-01  1.200037057850779e+00 -3.657902905405399e-06  1.550229210437808e+00 
 4.705620198419493e-07  0.000000000000000e+00  8.026287953617102e-01  7.679682019350150e-01  9.756539007864306e-01  1.200029921806681e+00 -3.548807845199725e-06  1.550229597311640e+00 
 4.705685235635688e-07  0.000000000000000e+00  8.015176122408912e-01  7.679610437567513e-01  9.743602668022006e-01  1.200023661220434e+00 -3.277572615161331e-06  1.550230061508768e+00 
 4.705749402127819e-07  0.000000000000000e+00  8.003208695569387e-01  7.679521078589550e-01  9.729892373100122e-01  1.200018752607568e+00 -2.975730797535880e-06  1.550230563323234e+00 
 4.705804168177442e-07  0.000000000000000e+00  7.992295420384110e-01  7.679432275663525e-01  9.717304656241497e-01  1.200015376664777e+00 -4.544518764770062e-06  1.550231027103194e+00 
 4.705839896256682e-07  0.000000000000000e+00  7.984934179046482e-01  7.679369210558245e-01  9.708571658017165e-01  1.200013518580966e+00 -1.106161364202145e-05  1.550231347660126e+00 
 4.705870751848366e-07  0.000000000000000e+00  7.978517913695363e-01  7.679312231189414e-01  9.700631636938609e-01  1.200012100454156e+00 -2.136421949249130e-05  1.550231636161423e+00 
 4.705903092554644e-07  0.000000000000000e+00  7.971816538868048e-01  7.679250579930312e-01  9.691849613072855e-01  1.200010773754273e+00 -3.390829725850820e-05  1.550231950337662e+00 
 4.705937242832636e-07  0.000000000000000e+00  7.964820904912728e-01  7.679183690337017e-01  9.682066156698301e-01  1.200009527196605e+00 -4.717243854452996e-05  1.550232295370921e+00 
 4.705966791293280e-07  0.000000000000000e+00  7.958828194955804e-01  7.679124324862919e-01  9.673276996801667e-01  1.200008561728806e+00 -5.823344752505649e-05  1.550232605040420e+00 
 4.705996749664329e-07  0.000000000000000e+00  7.952768620695860e-01  7.679062544587738e-01  9.664222937637614e-01  1.200007677935987e+00 -6.871790226288445e-05  1.550232929663133e+00 
 4.706028984871128e-07  0.000000000000000e+00  7.946217025238060e-01  7.678994083511336e-01  9.654499870678627e-01  1.200006823690276e+00 -7.859708114099032e-05  1.550233291064367e+00 
 4.706065840760579e-07  0.000000000000000e+00  7.938645501377110e-01  7.678913202743011e-01  9.643572516689020e-01  1.200005958485470e+00 -8.754678239145499e-05  1.550233719802196e+00 
 4.706106631614261e-07  0.000000000000000e+00  7.930152138249578e-01  7.678820574690450e-01  9.631814843014489e-01  1.200005124860254e+00 -9.437369577989596e-05  1.550234213823454e+00 
 4.706147993406138e-07  0.000000000000000e+00  7.921435937983784e-01  7.678723615586823e-01  9.620270768774389e-01  1.200004396145019e+00 -9.861404777085098e-05  1.550234735879509e+00 
 4.706191572139000e-07  0.000000000000000e+00  7.912173606052603e-01  7.678618545749439e-01  9.608482594412457e-01  1.200003737140103e+00 -1.019588442674212e-04  1.550235309120715e+00 
 4.706238923024940e-07  0.000000000000000e+00  7.902045455037040e-01  7.678501354249396e-01  9.596047627164259e-01  1.200003127549288e+00 -1.069059702498948e-04  1.550235959177588e+00 
 4.706287699894167e-07  0.000000000000000e+00  7.891536978595748e-01  7.678377522720596e-01  9.583588308958088e-01  1.200002596814989e+00 -1.157291531266131e-04  1.550236658614171e+00 
 4.706343302360011e-07  0.000000000000000e+00  7.879387962868750e-01  7.678232422451509e-01  9.569742921269314e-01  1.200002091435401e+00 -1.312706790877738e-04  1.550237493006076e+00 
 4.706388306299091e-07  0.000000000000000e+00  7.869327824096183e-01  7.678111662705850e-01  9.558606516974902e-01  1.200001748715934e+00 -1.442704783949679e-04  1.550238197365170e+00 
 4.706426943076537e-07  0.000000000000000e+00  7.860386560499721e-01  7.678005108374962e-01  9.548973338035245e-01  1.200001493985645e+00 -1.515826665431362e-04  1.550238822813991e+00 
 4.706452866436187e-07  0.000000000000000e+00  7.854109002503368e-01  7.677931626917835e-01  9.542579550258183e-01  1.200001339724787e+00 -1.540334947991223e-04  1.550239253206999e+00 
 4.706479673047569e-07  0.000000000000000e+00  7.847335737858566e-01  7.677853844547815e-01  9.536110813696588e-01  1.200001194972991e+00 -1.543610429151241e-04  1.550239707339844e+00 
 4.706511739007765e-07  0.000000000000000e+00  7.838927078904915e-01  7.677758918435135e-01  9.528600938787640e-01  1.200001044180946e+00 -1.511516807069266e-04  1.550240262679842e+00 
 4.706541232644583e-07  0.000000000000000e+00  7.831052521150227e-01  7.677670667050255e-01  9.521906150621758e-01  1.200000926858355e+00 -1.436736732484444e-04  1.550240785097039e+00 
 4.706574050666893e-07  0.000000000000000e+00  7.822357737646283e-01  7.677572556727447e-01  9.514682254769763e-01  1.200000815723347e+00 -1.278098731806094e-04  1.550241379461205e+00 
 4.706605641492607e-07  0.000000000000000e+00  7.814247778157195e-01  7.677479073098527e-01  9.507958784481536e-01  1.200000721909582e+00 -1.009192087335457e-04  1.550241964557678e+00 
 4.706644967599130e-07  0.000000000000000e+00  7.804722880012984e-01  7.677364794454264e-01  9.499958994544361e-01  1.200000614946314e+00 -4.106976558409950e-05  1.550242710601086e+00 
 4.706682939144765e-07  0.000000000000000e+00  7.796258577327314e-01  7.677256947250797e-01  9.492693162990017e-01  1.200000518351327e+00  6.061373178899805e-05  1.550243449458938e+00 
 4.706729205008761e-07  0.000000000000000e+00  7.787001828908526e-01  7.677128693748858e-01  9.484539653694557e-01  1.200000408578333e+00  2.708444025471936e-04  1.550244374104312e+00 
 4.706782175500223e-07  0.000000000000000e+00  7.777806383978882e-01  7.676985294202623e-01  9.476182563679332e-01  1.200000295582207e+00  6.372548394840449e-04  1.550245465323995e+00 
 4.706839330845592e-07  0.000000000000000e+00  7.769398804637643e-01  7.676833250075626e-01  9.468230986109220e-01  1.200000190967241e+00  1.134882956844091e-03  1.550246681263608e+00 
 4.706893488662151e-07  0.000000000000000e+00  7.762645903061657e-01  7.676690299456025e-01  9.461525798113823e-01  1.200000108913158e+00  1.660936277631103e-03  1.550247869763263e+00 
 4.706949884485195e-07  0.000000000000000e+00  7.756607101912072e-01  7.676541311729990e-01  9.455215750003442e-01  1.200000040743267e+00  2.228560326718299e-03  1.550249144255885e+00 
 4.707005271039106e-07  0.000000000000000e+00  7.751472028807694e-01  7.676394154542577e-01  9.449610745292577e-01  1.199999989591384e+00  2.769520548324612e-03  1.550250431806391e+00 
 4.707065806265199e-07  0.000000000000000e+00  7.746623135143066e-01  7.676232114806076e-01  9.444169107342062e-01  1.199999948288648e+00  3.308118512634303e-03  1.550251878677744e+00 
 4.707131558622499e-07  0.000000000000000e+00  7.742166078269231e-01  7.676054786698463e-01  9.439113053424408e-01  1.199999915579349e+00  3.812896127334210e-03  1.550253495746365e+00 
 4.707202829959552e-07  0.000000000000000e+00  7.738200036079892e-01  7.675861245175164e-01  9.434633529257334e-01  1.199999889012078e+00  4.274849363650767e-03  1.550255300128510e+00 
 4.707274226676372e-07  0.000000000000000e+00  7.735029992751729e-01  7.675666115605277e-01  9.431105789638822e-01  1.199999868149466e+00  4.729994478805810e-03  1.550257159253969e+00 
 4.707345993563205e-07  0.000000000000000e+00  7.732535684118642e-01  7.675468737233430e-01  9.428386995808310e-01  1.199999851241195e+00  5.304661496936506e-03  1.550259077529550e+00 
 4.707413799084081e-07  0.000000000000000e+00  7.730710267572194e-01  7.675281095064035e-01  9.426446216001979e-01  1.199999838402341e+00  5.776674516862867e-03  1.550260933138287e+00 
 4.707501977932260e-07  0.000000000000000e+00  7.728940334103142e-01  7.675035382665648e-01  9.424628147265179e-01  1.199999825575115e+00  5.974066758051747e-03  1.550263404661991e+00 
 4.707586050859025e-07  0.000000000000000e+00  7.727744673758186e-01  7.674799363232939e-01  9.423465885357080e-01  1.199999816605220e+00  5.716203653374739e-03  1.550265817921659e+00 
 4.707668665014866e-07  0.000000000000000e+00  7.726911491658705e-01  7.674565835842674e-01  9.422716395400211e-01  1.199999810094796e+00  5.114333241330303e-03  1.550268238464747e+00 
 4.707756001080033e-07  0.000000000000000e+00  7.726281231485308e-01  7.674317332923314e-01  9.422204588938246e-01  1.199999804998449e+00  4.212625816888831e-03  1.550270844638652e+00 
 4.707850408251204e-07  0.000000000000000e+00  7.725786644890519e-01  7.674047018812197e-01  9.421853364433264e-01  1.199999801005340e+00  3.152408146091155e-03  1.550273709386356e+00 
 4.707959654298215e-07  0.000000000000000e+00  7.725368042517513e-01  7.673732387350540e-01  9.421612723470242e-01  1.199999797741537e+00  2.081562558888639e-03  1.550277075649979e+00 
 4.708064100542123e-07  0.000000000000000e+00  7.725077542344141e-01  7.673430119879328e-01  9.421508638591547e-01  1.199999795482814e+00  1.320061908826004e-03  1.550280335007534e+00 
 4.708169189634026e-07  0.000000000000000e+00  7.724870582584034e-01  7.673124893564983e-01  9.421511602509820e-01  1.199999793697448e+00  8.042960885218764e-04  1.550283643999063e+00 
 4.708275899900606e-07  0.000000000000000e+00  7.724734157200270e-01  7.672814096386431e-01  9.421613953882909e-01  1.199999792199004e+00  4.761079365031583e-04  1.550287023211289e+00 
 4.708389008806297e-07  0.000000000000000e+00  7.724657147450162e-01  7.672483918407368e-01  9.421816013835178e-01  1.199999790903653e+00  2.701457863292421e-04  1.550290613611154e+00 
 4.708513533895319e-07  0.000000000000000e+00  7.724635544854871e-01  7.672119697350780e-01  9.422126200987443e-01  1.199999789820748e+00  1.442433849164373e-04  1.550294561213572e+00 
 4.708655874653343e-07  0.000000000000000e+00  7.724669007834994e-01  7.671702614075275e-01  9.422561130488437e-01  1.199999788977252e+00  7.103726866546718e-05  1.550299046217055e+00 
 4.708823976091112e-07  0.000000000000000e+00  7.724759424735095e-01  7.671209228298219e-01  9.423145151922808e-01  1.199999788381201e+00  3.251503792768429e-05  1.550304274992953e+00 
 4.709029557860092e-07  0.000000000000000e+00  7.724910704695670e-01  7.670604968403697e-01  9.423917098932310e-01  1.199999788001992e+00  1.567966444901013e-05  1.550310521889952e+00 
 4.709291275399438e-07  0.000000000000000e+00  7.725130729802631e-01  7.669834920831782e-01  9.424942976495684e-01  1.199999787782289e+00  1.094340247322378e-05  1.550318158991122e+00 
 4.709643363260287e-07  0.000000000000000e+00  7.725437602355189e-01  7.668798711616824e-01  9.426351285151776e-01  1.199999787663502e+00  1.147940044912061e-05  1.550327730213767e+00 
 4.709992998988732e-07  0.000000000000000e+00  7.725737292583854e-01  7.667770515451521e-01  9.427759599123497e-01  1.199999787623869e+00  1.287049217356652e-05  1.550336308879435e+00 
 4.710401108076192e-07  0.000000000000000e+00  7.726071784022865e-01  7.666572684723809e-01  9.429403473456235e-01  1.199999787609929e+00  1.363528215016682e-05  1.550345028771757e+00 
 4.710815077152302e-07  0.000000000000000e+00  7.726391905154305e-01  7.665361354578648e-01  9.431066188659100e-01  1.199999787607128e+00  1.373175363934514e-05  1.550352382560321e+00 
 4.711298723273638e-07  0.000000000000000e+00  7.726741399344311e-01  7.663952153494643e-01  9.432999274243464e-01  1.199999787606687e+00  1.353605998438069e-05  1.550359066002591e+00 
 4.711819528615678e-07  0.000000000000000e+00  7.727089433570336e-01  7.662443166640254e-01  9.435066617934498e-01  1.199999787605991e+00  1.325990015123909e-05  1.550364053769387e+00 
 4.712444311773205e-07  0.000000000000000e+00  7.727470974297651e-01  7.660645978418665e-01  9.437524227682078e-01  1.199999787604159e+00  1.295363907230299e-05  1.550367269041041e+00 
 4.713158783016785e-07  0.000000000000000e+00  7.727863939845537e-01  7.658609787075541e-01  9.440302413192646e-01  1.199999787602042e+00  1.264019625535989e-05  1.550367718957908e+00 
 4.714052164950163e-07  0.000000000000000e+00  7.728299075598490e-01  7.656094008604071e-01  9.443727141741051e-01  1.199999787600027e+00  1.227992971056220e-05  1.550364352100890e+00 
 4.715153975054261e-07  0.000000000000000e+00  7.728764385602954e-01  7.653039505399224e-01  9.447877710781847e-01  1.199999787598627e+00  1.186615676283010e-05  1.550355750176999e+00 
 4.716647409812335e-07  0.000000000000000e+00  7.729296890191693e-01  7.648985975883230e-01  9.453382439474740e-01  1.199999787597680e+00  1.134805248109427e-05  1.550339208573481e+00 
 4.718647409812335e-07  0.000000000000000e+00  7.729880268581403e-01  7.643713156250063e-01  9.460554585947036e-01  1.199999787597289e+00  1.072058433683870e-05  1.550313159463466e+00 
 4.720647409812336e-07  0.000000000000000e+00  7.730356177179051e-01  7.638614594140414e-01  9.467517812155886e-01  1.199999787596841e+00  1.015859496743709e-05  1.550286518564534e+00 
 4.722647409812336e-07  0.000000000000000e+00  7.730756262522234e-01  7.633684060979936e-01  9.474290292434755e-01  1.199999787596446e+00  9.652507628501890e-06  1.550261763361561e+00 
 4.724647409812336e-07  0.000000000000000e+00  7.731102703361199e-01  7.628914275532658e-01  9.480887415615032e-01  1.199999787596521e+00  9.194428840768767e-06  1.550240091399977e+00 
 4.726647409812336e-07  0.000000000000000e+00  7.731410512474021e-01  7.624297680357486e-01  9.487322007578683e-01  1.199999787596389e+00  8.777869609715045e-06  1.550221824235321e+00 
 4.728647409812336e-07  0.000000000000000e+00  7.731689766474497e-01  7.619826844657405e-01  9.493604834268424e-01  1.199999787596506e+00  8.397444312009039e-06  1.550206783830095e+00 
 4.730647409812336e-07  0.000000000000000e+00  7.731947268973167e-01  7.615494659138184e-01  9.499745059684245e-01  1.199999787596483e+00  8.048651726144988e-06  1.550194560065764e+00 
 4.732647409812337e-07  0.000000000000000e+00  7.732187682843684e-01  7.611294422713475e-01  9.505750601075796e-01  1.199999787596517e+00  7.727705639024020e-06  1.550184674604221e+00 
 4.734647409812337e-07  0.000000000000000e+00  7.732414271656270e-01  7.607219872143541e-01  9.511628394873568e-01  1.199999787596412e+00  7.431400457175442e-06  1.550176669104167e+00 
 4.736647409812337e-07  0.000000000000000e+00  7.732629377303772e-01  7.603265180842513e-01  9.517384595746898e-01  1.199999787596398e+00  7.157004542659993e-06  1.550170145119780e+00 
 4.738647409812337e-07  0.000000000000000e+00  7.732834726242611e-01  7.599424941008835e-01  9.523024726357509e-01  1.199999787596461e+00  6.902175774340375e-06  1.550164776029335e+00 
 4.740647409812337e-07  0.000000000000000e+00  7.733031626366679e-01  7.595694137159860e-01  9.528553790078363e-01  1.199999787596471e+00  6.664894410175527e-06  1.550160304358816e+00 
 4.742647409812337e-07  0.000000000000000e+00  7.733221094628513e-01  7.592068115867955e-01  9.533976355778865e-01  1.199999787596411e+00  6.443409469156342e-06  1.550156532588438e+00 
 4.744647409812337e-07  0.000000000000000e+00  7.733403940863325e-01  7.588542554583813e-01  9.539296621536105e-01  1.199999787596435e+00  6.236195383673220e-06  1.550153311994154e+00 
 4.746647409812338e-07  0.000000000000000e+00  7.733580823801364e-01  7.585113431251193e-01  9.544518462662750e-01  1.199999787596432e+00  6.041916931594495e-06  1.550150531871412e+00 
 4.748647409812338e-07  0.000000000000000e+00  7.733752289254117e-01  7.581776995765200e-01  9.549645468308857e-01  1.199999787596366e+00  5.859400357769144e-06  1.550148110186979e+00 
 4.750647409812338e-07  0.000000000000000e+00  7.733918796721142e-01  7.578529743698570e-01  9.554680969839232e-01  1.199999787596399e+00  5.687609734403653e-06  1.550145985979088e+00 
 4.752647409812338e-07  0.000000000000000e+00  7.734080738344347e-01  7.575368392523565e-01  9.559628063453043e-01  1.199999787596389e+00  5.525627305033286e-06  1.550144113453153e+00 
 4.754647409812338e-07  0.000000000000000e+00  7.734238452706523e-01  7.572289860289496e-01  9.564489628836523e-01  1.199999787596238e+00  5.372637079863616e-06  1.550142457552067e+00 
 4.756647409812338e-07  0.000000000000000e+00  7.734392235085373e-01  7.569291246641358e-01  9.569268345116402e-01  1.199999787596205e+00  5.227911108342968e-06  1.550140990727679e+00 
 4.758647409812338e-07  0.000000000000000e+00  7.734542345219144e-01  7.566369815956280e-01  9.573966704994237e-01  1.199999787596322e+00  5.090797932611281e-06  1.550139690646668e+00 
 4.760647409812339e-07  0.000000000000000e+00  7.734689013291621e-01  7.563522982415760e-01  9.578587027652017e-01  1.199999787596427e+00  4.960712820185668e-06  1.550138538597786e+00 
 4.762647409812339e-07  0.000000000000000e+00  7.734832444620817e-01  7.560748296748840e-01  9.583131470787933e-01  1.199999787596472e+00  4.837129348571503e-06  1.550137518410037e+00 
 4.764647409812339e-07  0.000000000000000e+00  7.734972823382298e-01  7.558043434471565e-01  9.587602042016831e-01  1.199999787596598e+00  4.719572449941167e-06  1.550136615733263e+00 
 4.766647409812339e-07  0.000000000000000e+00  7.735110315610406e-01  7.555406185415831e-01  9.592000609727607e-01  1.199999787596548e+00  4.607612140780744e-06  1.550135817569605e+00 
 4.768647409812339e-07  0.000000000000000e+00  7.735245071642760e-01  7.552834444381316e-01  9.596328913472774e-01  1.199999787596521e+00  4.500858443644455e-06  1.550135111974124e+00 
 4.770647409812339e-07  0.000000000000000e+00  7.735377228138212e-01  7.550326202776001e-01  9.600588573905411e-01  1.199999787596461e+00  4.398956736144432e-06  1.550134487866965e+00 
 4.772647409812340e-07  0.000000000000000e+00  7.735506909755980e-01  7.547879541114624e-01  9.604781102211873e-01  1.199999787596463e+00  4.301583900293549e-06  1.550133934917022e+00 
 4.774647409812340e-07  0.000000000000000e+00  7.735634230570014e-01  7.545492622247837e-01  9.608907909104434e-01  1.199999787596401e+00  4.208444848029310e-06  1.550133443469995e+00 
 4.776647409812340e-07  0.000000000000000e+00  7.735759295267837e-01  7.543163685294783e-01  9.612970313296534e-01  1.199999787596427e+00  4.119269600489642e-06  1.550133004503376e+00 
 4.778647409812340e-07  0.000000000000000e+00  7.735882200176396e-01  7.540891040121414e-01  9.616969549493340e-01  1.199999787596470e+00  4.033810619537195e-06  1.550132609596846e+00 
 4.780647409812340e-07  0.000000000000000e+00  7.736003034145144e-01  7.538673062368350e-01  9.620906775854717e-01  1.199999787596585e+00  3.951840562694195e-06  1.550132250911139e+00 
 4.782647409812340e-07  0.000000000000000e+00  7.736121879312271e-01  7.536508188933446e-01  9.624783080974521e-01  1.199999787596514e+00  3.873150263677932e-06  1.550131921171252e+00 
 4.784647409812340e-07  0.000000000000000e+00  7.736238811772506e-01  7.534394913886593e-01  9.628599490351623e-01  1.199999787596509e+00  3.797546910093218e-06  1.550131613651355e+00 
 4.786647409812341e-07  0.000000000000000e+00  7.736353902162406e-01  7.532331784745266e-01  9.632356972393867e-01  1.199999787596468e+00  3.724852540069234e-06  1.550131322160266e+00 
 4.788647409812341e-07  0.000000000000000e+00  7.736467216176590e-01  7.530317399117921e-01  9.636056443960360e-01  1.199999787596437e+00  3.654902582045811e-06  1.550131041026688e+00 
 4.790647409812341e-07  0.000000000000000e+00  7.736578815023225e-01  7.528350401630379e-01  9.639698775429842e-01  1.199999787596568e+00  3.587544654958512e-06  1.550130765083908e+00 
 4.792647409812341e-07  0.000000000000000e+00  7.736688755829294e-01  7.526429481149420e-01  9.643284795409831e-01  1.199999787596432e+00  3.522637442306281e-06  1.550130489653805e+00 
 4.794647409812341e-07  0.000000000000000e+00  7.736797092001952e-01  7.524553368246835e-01  9.646815295007072e-01  1.199999787596373e+00  3.460049726259179e-06  1.550130210530043e+00 
 4.796647409812341e-07  0.000000000000000e+00  7.736903873550985e-01  7.522720832910390e-01  9.650291031725488e-01  1.199999787596446e+00  3.399659460024880e-06  1.550129923960541e+00 
 4.798647409812341e-07  0.000000000000000e+00  7.737009147378193e-01  7.520930682453449e-01  9.653712733047544e-01  1.199999787596446e+00  3.341353050083465e-06  1.550129626629169e+00 
 4.800647409812342e-07  0.000000000000000e+00  7.737112957537734e-01  7.519181759608533e-01  9.657081099682989e-01  1.199999787596311e+00  3.285024540146747e-06  1.550129315636688e+00 
 4.802647409812342e-07  0.000000000000000e+00  7.737215345471423e-01  7.517472940800763e-01  9.660396808503233e-01  1.199999787596370e+00  3.230575091192269e-06  1.550128988481040e+00 
 4.804647409812342e-07  0.000000000000000e+00  7.737316350219999e-01  7.515803134575366e-01  9.663660515217652e-01  1.199999787596445e+00  3.177912299718355e-06  1.550128643036919e+00 
 4.806647409812342e-07  0.000000000000000e+00  7.737416008616101e-01  7.514171280144009e-01  9.666872856782974e-01  1.199999787596449e+00  3.126949726568174e-06  1.550128277534775e+00 
 4.808647409812342e-07  0.000000000000000e+00  7.737514355457789e-01  7.512576346093818e-01  9.670034453588788e-01  1.199999787596422e+00  3.077606448058026e-06  1.550127890539322e+00 
 4.810647409812342e-07  0.000000000000000e+00  7.737611423667794e-01  7.511017329168507e-01  9.673145911413487e-01  1.199999787596360e+00  3.029806538466266e-06  1.550127480927547e+00 
 4.812647409812343e-07  0.000000000000000e+00  7.737707244437391e-01  7.509493253179572e-01  9.676207823179050e-01  1.199999787596352e+00  2.983478789215929e-06  1.550127047866489e+00 
 4.814647409812343e-07  0.000000000000000e+00  7.737801847358035e-01  7.508003168000309e-01  9.679220770529725e-01  1.199999787596429e+00  2.938556292251750e-06  1.550126590790744e+00 
 4.816647409812343e-07  0.000000000000000e+00  7.737895260542040e-01  7.506546148634238e-01  9.682185325248238e-01  1.199999787596429e+00  2.894976118049180e-06  1.550126109379896e+00 
 4.818647409812343e-07  0.000000000000000e+00  7.737987510731346e-01  7.505121294358973e-01  9.685102050493137e-01  1.199999787596497e+00  2.852679054768902e-06  1.550125603535958e+00 
 4.820647409812343e-07  0.000000000000000e+00  7.738078623399595e-01  7.503727727944817e-01  9.687971501917156e-01  1.199999787596502e+00  2.811609300250847e-06  1.550125073361061e+00 
 4.822647409812343e-07  0.000000000000000e+00  7.738168622842531e-01  7.502364594909698e-01  9.690794228649177e-01  1.199999787596481e+00  2.771714268053578e-06  1.550124519135367e+00 
 4.824647409812343e-07  0.000000000000000e+00  7.738257532263568e-01  7.501031062856692e-01  9.693570774156587e-01  1.199999787596427e+00  2.732944309094444e-06  1.550123941295452e+00 
 4.826647409812344e-07  0.000000000000000e+00  7.738345373850450e-01  7.499726320822081e-01  9.696301677000079e-01  1.199999787596442e+00  2.695252542564571e-06  1.550123340413203e+00 
 4.828647409812344e-07  0.000000000000000e+00  7.738432168846409e-01  7.498449578700630e-01  9.698987471475247e-01  1.199999787596464e+00  2.658594652503657e-06  1.550122717175417e+00 
 4.830647409812344e-07  0.000000000000000e+00  7.738517937615141e-01  7.497200066684176e-01  9.701628688204859e-01  1.199999787596467e+00  2.622928713162248e-06  1.550122072364126e+00 
 4.832647409812344e-07  0.000000000000000e+00  7.738602699700363e-01  7.495977034725053e-01  9.704225854600402e-01  1.199999787596451e+00  2.588215042143877e-06  1.550121406837786e+00 
 4.834647409812344e-07  0.000000000000000e+00  7.738686473880838e-01  7.494779752059922e-01  9.706779495287542e-01  1.199999787596345e+00  2.554416048128817e-06  1.550120721513395e+00 
 4.836647409812344e-07  0.000000000000000e+00  7.738769278220627e-01  7.493607506722897e-01  9.709290132444174e-01  1.199999787596256e+00  2.521496073720446e-06  1.550120017349638e+00 
 4.838647409812344e-07  0.000000000000000e+00  7.738851130115023e-01  7.492459605111161e-01  9.711758286091146e-01  1.199999787596325e+00  2.489421298952285e-06  1.550119295331104e+00 
 4.840647409812345e-07  0.000000000000000e+00  7.738932046332936e-01  7.491335371547491e-01  9.714184474315344e-01  1.199999787596414e+00  2.458159640858566e-06  1.550118556453553e+00 
 4.842647409812345e-07  0.000000000000000e+00  7.739012043055719e-01  7.490234147876148e-01  9.716569213454711e-01  1.199999787596443e+00  2.427680572380461e-06  1.550117801710409e+00 
 4.844647409812345e-07  0.000000000000000e+00  7.739091135913287e-01  7.489155293069906e-01  9.718913018244564e-01  1.199999787596483e+00  2.397955109335086e-06  1.550117032080397e+00 
 4.846647409812345e-07  0.000000000000000e+00  7.739169340016223e-01  7.488098182851896e-01  9.721216401898868e-01  1.199999787596345e+00  2.368955669191361e-06  1.550116248516333e+00 
 4.848647409812345e-07  0.000000000000000e+00  7.739246669985566e-01  7.487062209311823e-01  9.723479876190289e-01  1.199999787596396e+00  2.340656005544628e-06  1.550115451935133e+00 
 4.850647409812345e-07  0.000000000000000e+00  7.739323139980520e-01  7.486046780572373e-01  9.725703951475815e-01  1.199999787596392e+00  2.313031098703338e-06  1.550114643209019e+00 
 4.852647409812346e-07  0.000000000000000e+00  7.739398763723835e-01  7.485051320429550e-01  9.727889136713426e-01  1.199999787596485e+00  2.286057149995278e-06  1.550113823157882e+00 
 4.854647409812346e-07  0.000000000000000e+00  7.739473554524978e-01  7.484075268012343e-01  9.730035939441491e-01  1.199999787596410e+00  2.259711418756461e-06  1.550112992542764e+00 
 4.856647409812346e-07  0.000000000000000e+00  7.739547525300693e-01  7.483118077459013e-01  9.732144865729966e-01  1.199999787596470e+00  2.233972248306031e-06  1.550112152060516e+00 
 4.858647409812346e-07  0.000000000000000e+00  7.739620688595351e-01  7.482179217593404e-01  9.734216420150997e-01  1.199999787596475e+00  2.208818930291936e-06  1.550111302339498e+00 
 4.860647409812346e-07  0.000000000000000e+00  7.739693056598110e-01  7.481258171603008e-01  9.736251105691418e-01  1.199999787596384e+00  2.184231726501859e-06  1.550110443936383e+00 
 4.862647409812346e-07  0.000000000000000e+00  7.739764641159135e-01  7.480354436742029e-01  9.738249423665764e-01  1.199999787596421e+00  2.160191747139979e-06  1.550109577333894e+00 
 4.864647409812346e-07  0.000000000000000e+00  7.739835453805238e-01  7.479467524015365e-01  9.740211873632133e-01  1.199999787596377e+00  2.136680945635122e-06  1.550108702939531e+00 
 4.866647409812347e-07  0.000000000000000e+00  7.739905505753355e-01  7.478596957877267e-01  9.742138953295887e-01  1.199999787596422e+00  2.113682049054643e-06  1.550107821085227e+00 
 4.868647409812347e-07  0.000000000000000e+00  7.739974807923529e-01  7.477742275943723e-01  9.744031158381280e-01  1.199999787596462e+00  2.091178545926867e-06  1.550106932027807e+00 
 4.870647409812347e-07  0.000000000000000e+00  7.740043370950362e-01  7.476903028701630e-01  9.745888982538337e-01  1.199999787596530e+00  2.069154611211991e-06  1.550106035950257e+00 
 4.872647409812347e-07  0.000000000000000e+00  7.740111205194352e-01  7.476078779221778e-01  9.747712917202072e-01  1.199999787596349e+00  2.047595084535418e-06  1.550105132963735e+00 
 4.874647409812347e-07  0.000000000000000e+00  7.740178320751931e-01  7.475269102875536e-01  9.749503451492244e-01  1.199999787596449e+00  2.026485447388433e-06  1.550104223110237e+00 
 4.876647409812347e-07  0.000000000000000e+00  7.740244727464646e-01  7.474473587053476e-01  9.751261072062400e-01  1.199999787596431e+00  2.005811795245065e-06  1.550103306365887e+00 
 4.878647409812347e-07  0.000000000000000e+00  7.740310434927691e-01  7.473691830897220e-01  9.752986263000045e-01  1.199999787596365e+00  1.985560747389789e-06  1.550102382644770e+00 
 4.880647409812348e-07  0.000000000000000e+00  7.740375452498660e-01  7.472923445024656e-01  9.754679505696154e-01  1.199999787596356e+00  1.965719490539760e-06  1.550101451803279e+00 
 4.882647409812348e-07  0.000000000000000e+00  7.740439789305196e-01  7.472168051271934e-01  9.756341278708801e-01  1.199999787596350e+00  1.946275744327361e-06  1.550100513644881e+00 
 4.884647409812348e-07  0.000000000000000e+00  7.740503454251862e-01  7.471425282423135e-01  9.757972057647132e-01  1.199999787596443e+00  1.927217675130614e-06  1.550099567925229e+00 
 4.886647409812348e-07  0.000000000000000e+00  7.740566456027496e-01  7.470694781951596e-01  9.759572315065155e-01  1.199999787596493e+00  1.908533931015335e-06  1.550098614357591e+00 
 4.888647409812348e-07  0.000000000000000e+00  7.740628803111512e-01  7.469976203767172e-01  9.761142520327440e-01  1.199999787596436e+00  1.890213608014377e-06  1.550097652618575e+00 
 4.890647409812348e-07  0.000000000000000e+00  7.740690503780400e-01  7.469269211959537e-01  9.762683139505346e-01  1.199999787596453e+00  1.872246217179572e-06  1.550096682354050e+00 
 4.892647409812349e-07  0.000000000000000e+00  7.740751566113468e-01  7.468573480553417e-01  9.764194635258588e-01  1.199999787596489e+00  1.854621654101939e-06  1.550095703185156e+00 
 4.894647409812349e-07  0.000000000000000e+00  7.740811997999072e-01  7.467888693266701e-01  9.765677466740086e-01  1.199999787596419e+00  1.837330228393851e-06  1.550094714714429e+00 
 4.896647409812349e-07  0.000000000000000e+00  7.740871807139915e-01  7.467214543267156e-01  9.767132089478163e-01  1.199999787596408e+00  1.820362574511073e-06  1.550093716532012e+00 
 4.898647409812349e-07  0.000000000000000e+00  7.740931001058572e-01  7.466550732932532e-01  9.768558955296440e-01  1.199999787596393e+00  1.803709700963676e-06  1.550092708221858e+00 
 4.900647409812349e-07  0.000000000000000e+00  7.740989587103183e-01  7.465896973623523e-01  9.769958512212440e-01  1.199999787596378e+00  1.787362929591642e-06  1.550091689367826e+00 
 4.902647409812349e-07  0.000000000000000e+00  7.741047572452324e-01  7.465252985445450e-01  9.771331204345883e-01  1.199999787596457e+00  1.771313914021529e-06  1.550090659559760e+00 
 4.904647409812349e-07  0.000000000000000e+00  7.741104964121115e-01  7.464618497035096e-01  9.772677471832305e-01  1.199999787596459e+00  1.755554600493517e-06  1.550089618399375e+00 
 4.906647409812350e-07  0.000000000000000e+00  7.741161768965260e-01  7.463993245325199e-01  9.773997750755383e-01  1.199999787596451e+00  1.740077207859456e-06  1.550088565506038e+00 
 4.908647409812350e-07  0.000000000000000e+00  7.741217993686665e-01  7.463376975336566e-01  9.775292473062458e-01  1.199999787596458e+00  1.724874263814549e-06  1.550087500522312e+00 
 4.910647409812350e-07  0.000000000000000e+00  7.741273644838608e-01  7.462769439961129e-01  9.776562066501563e-01  1.199999787596554e+00  1.709938527434157e-06  1.550086423119281e+00 
 4.912647409812350e-07  0.000000000000000e+00  7.741328728830803e-01  7.462170399746919e-01  9.777806954557933e-01  1.199999787596496e+00  1.695263031422775e-06  1.550085333001632e+00 
 4.914647409812350e-07  0.000000000000000e+00  7.741383251933714e-01  7.461579622702614e-01  9.779027556387366e-01  1.199999787596420e+00  1.680841028924400e-06  1.550084229912435e+00 
 4.916647409812350e-07  0.000000000000000e+00  7.741437220284647e-01  7.460996884081499e-01  9.780224286767003e-01  1.199999787596290e+00  1.666666028303018e-06  1.550083113637623e+00 
 4.918647409812350e-07  0.000000000000000e+00  7.741490639891846e-01  7.460421966198993e-01  9.781397556037217e-01  1.199999787596373e+00  1.652731719009892e-06  1.550081984010129e+00 
 4.920647409812351e-07  0.000000000000000e+00  7.741543516639967e-01  7.459854658225681e-01  9.782547770060901e-01  1.199999787596414e+00  1.639032052863054e-06  1.550080840913759e+00 
 4.922647409812351e-07  0.000000000000000e+00  7.741595856294825e-01  7.459294755995941e-01  9.783675330184145e-01  1.199999787596394e+00  1.625561147467085e-06  1.550079684286593e+00 
 4.924647409812351e-07  0.000000000000000e+00  7.741647664507962e-01  7.458742061831489e-01  9.784780633190430e-01  1.199999787596437e+00  1.612313338775586e-06  1.550078514124104e+00 
 4.926647409812351e-07  0.000000000000000e+00  7.741698946822000e-01  7.458196384349425e-01  9.785864071272761e-01  1.199999787596415e+00  1.599283109747341e-06  1.550077330481885e+00 
 4.928647409812351e-07  0.000000000000000e+00  7.741749708675690e-01  7.457657538289895e-01  9.786926032000978e-01  1.199999787596477e+00  1.586465169819377e-06  1.550076133477974e+00 
 4.930647409812351e-07  0.000000000000000e+00  7.741799955408309e-01  7.457125344342507e-01  9.787966898302054e-01  1.199999787596461e+00  1.573854371853673e-06  1.550074923294816e+00 
 4.932647409812352e-07  0.000000000000000e+00  7.741849692264627e-01  7.456599628969629e-01  9.788987048423136e-01  1.199999787596443e+00  1.561445731494605e-06  1.550073700180852e+00 
 4.934647409812352e-07  0.000000000000000e+00  7.741898924399694e-01  7.456080224232142e-01  9.789986855931799e-01  1.199999787596412e+00  1.549234448939092e-06  1.550072464451643e+00 
 4.936647409812352e-07  0.000000000000000e+00  7.741947656883497e-01  7.455566967645365e-01  9.790966689683184e-01  1.199999787596460e+00  1.537215842217813e-06  1.550071216490731e+00 
 4.938647409812352e-07  0.000000000000000e+00  7.741995894705871e-01  7.455059702002732e-01  9.791926913828823e-01  1.199999787596534e+00  1.525385393592743e-06  1.550069956750029e+00 
 4.940647409812352e-07  0.000000000000000e+00  7.742043642780660e-01  7.454558275230091e-01  9.792867887784602e-01  1.199999787596560e+00  1.513738729616280e-06  1.550068685749901e+00 
 4.942647409812352e-07  0.000000000000000e+00  7.742090905950648e-01  7.454062540227486e-01  9.793789966237038e-01  1.199999787596467e+00  1.502271593615248e-06  1.550067404078833e+00 
 4.944647409812352e-07  0.000000000000000e+00  7.742137688991708e-01  7.453572354723593e-01  9.794693499141347e-01  1.199999787596528e+00  1.490979885031359e-06  1.550066112392772e+00 
 4.946647409812353e-07  0.000000000000000e+00  7.742183996617448e-01  7.453087581128834e-01  9.795578831715649e-01  1.199999787596544e+00  1.479859599113732e-06  1.550064811414137e+00 
 4.948647409812353e-07  0.000000000000000e+00  7.742229833483026e-01  7.452608086392631e-01  9.796446304448028e-01  1.199999787596453e+00  1.468906866203122e-06  1.550063501930520e+00 
 4.950647409812353e-07  0.000000000000000e+00  7.742275204189892e-01  7.452133741868343e-01  9.797296253097002e-01  1.199999787596383e+00  1.458117947064796e-06  1.550062184793029e+00 
 4.952647409812353e-07  0.000000000000000e+00  7.742320113289102e-01  7.451664423177597e-01  9.798129008692590e-01  1.199999787596292e+00  1.447489176899019e-06  1.550060860914350e+00 
 4.954647409812353e-07  0.000000000000000e+00  7.742364565286174e-01  7.451200010082525e-01  9.798944897562339e-01  1.199999787596356e+00  1.437017028393124e-06  1.550059531266561e+00 
 4.956647409812353e-07  0.000000000000000e+00  7.742408564644032e-01  7.450740386351826e-01  9.799744241327363e-01  1.199999787596372e+00  1.426698072896988e-06  1.550058196878636e+00 
 4.958647409812353e-07  0.000000000000000e+00  7.742452115786815e-01  7.450285439642166e-01  9.800527356923062e-01  1.199999787596369e+00  1.416528968270225e-06  1.550056858833763e+00 
 4.960647409812354e-07  0.000000000000000e+00  7.742495223103802e-01  7.449835061371788e-01  9.801294556611669e-01  1.199999787596362e+00  1.406506477150350e-06  1.550055518266395e+00 
 4.962647409812354e-07  0.000000000000000e+00  7.742537890952877e-01  7.449389146602454e-01  9.802046147995251e-01  1.199999787596372e+00  1.396627461567475e-06  1.550054176359101e+00 
 4.964647409812354e-07  0.000000000000000e+00  7.742580123663122e-01  7.448947593927798e-01  9.802782434039935e-01  1.199999787596367e+00  1.386888864413674e-06  1.550052834339243e+00 
 4.966647409812354e-07  0.000000000000000e+00  7.742621925538042e-01  7.448510305359850e-01  9.803503713097621e-01  1.199999787596372e+00  1.377287703898221e-06  1.550051493475476e+00 
 4.968647409812354e-07  0.000000000000000e+00  7.742663300858896e-01  7.448077186222319e-01  9.804210278927769e-01  1.199999787596365e+00  1.367821110492109e-06  1.550050155074105e+00 
 4.970647409812354e-07  0.000000000000000e+00  7.742704253887014e-01  7.447648145038727e-01  9.804902420709213e-01  1.199999787596459e+00  1.358486266242273e-06  1.550048820475326e+00 
 4.972647409812355e-07  0.000000000000000e+00  7.742744788866641e-01  7.447223093438973e-01  9.805580423081407e-01  1.199999787596507e+00  1.349280447343289e-06  1.550047491049372e+00 
 4.974647409812355e-07  0.000000000000000e+00  7.742784910026878e-01  7.446801946047321e-01  9.806244566151243e-01  1.199999787596394e+00  1.340200991296359e-06  1.550046168192528e+00 
 4.976647409812355e-07  0.000000000000000e+00  7.742824621584621e-01  7.446384620391771e-01  9.806895125533402e-01  1.199999787596416e+00  1.331245332212816e-06  1.550044853323117e+00 
 4.978647409812355e-07  0.000000000000000e+00  7.742863927745893e-01  7.445971036804683e-01  9.807532372380439e-01  1.199999787596439e+00  1.322410936374344e-06  1.550043547877427e+00 
 4.980647409812355e-07  0.000000000000000e+00  7.742902832708272e-01  7.445561118340064e-01  9.808156573405632e-01  1.199999787596376e+00  1.313695385364396e-06  1.550042253305599e+00 
 4.982647409812355e-07  0.000000000000000e+00  7.742941340662320e-01  7.445154790675271e-01  9.808767990916250e-01  1.199999787596352e+00  1.305096276474546e-06  1.550040971067522e+00 
 4.984647409812355e-07  0.000000000000000e+00  7.742979455793110e-01  7.444751982016461e-01  9.809366882843897e-01  1.199999787596449e+00  1.296611309123856e-06  1.550039702628774e+00 
 4.986647409812356e-07  0.000000000000000e+00  7.743017182281672e-01  7.444352623031225e-01  9.809953502777545e-01  1.199999787596509e+00  1.288238208559322e-06  1.550038449456457e+00 
 4.988647409812356e-07  0.000000000000000e+00  7.743054524306354e-01  7.443956646753104e-01  9.810528099995115e-01  1.199999787596486e+00  1.279974809850829e-06  1.550037213015221e+00 
 4.990647409812356e-07  0.000000000000000e+00  7.743091486043147e-01  7.443563988510439e-01  9.811090919503607e-01  1.199999787596454e+00  1.271818939363572e-06  1.550035994763255e+00 
 4.992647409812356e-07  0.000000000000000e+00  7.743128071667138e-01  7.443174585840605e-01  9.811642202073962e-01  1.199999787596274e+00  1.263768541182884e-06  1.550034796148372e+00 
 4.994647409812356e-07  0.000000000000000e+00  7.743164285353223e-01  7.442788378420522e-01  9.812182184262541e-01  1.199999787596386e+00  1.255821561161256e-06  1.550033618604180e+00 
 4.996647409812356e-07  0.000000000000000e+00  7.743200131276091e-01  7.442405307981560e-01  9.812711098471362e-01  1.199999787596498e+00  1.247976041599096e-06  1.550032463546365e+00 
 4.998647409812356e-07  0.000000000000000e+00  7.743235613610764e-01  7.442025318256458e-01  9.813229172968971e-01  1.199999787596380e+00  1.240230042633095e-06  1.550031332369066e+00 
 5.000647409812357e-07  0.000000000000000e+00  7.743270736533208e-01  7.441648354896596e-01  9.813736631931018e-01  1.199999787596489e+00  1.232581680632076e-06  1.550030226441365e+00 
 5.002647409812357e-07  0.000000000000000e+00  7.743305504220127e-01  7.441274365409118e-01  9.814233695493848e-01  1.199999787596467e+00  1.225029141572434e-06  1.550029147103940e+00 
 5.004647409812357e-07  0.000000000000000e+00  7.743339920848362e-01  7.440903299092819e-01  9.814720579770984e-01  1.199999787596492e+00  1.217570613033102e-06  1.550028095665799e+00 
 5.006647409812357e-07  0.000000000000000e+00  7.743373990595259e-01  7.440535106968971e-01  9.815197496914047e-01  1.199999787596465e+00  1.210204358583327e-06  1.550027073401249e+00 
 5.008647409812357e-07  0.000000000000000e+00  7.743407717638100e-01  7.440169741723949e-01  9.815664655139309e-01  1.199999787596490e+00  1.202928699206622e-06  1.550026081546988e+00 
 5.010647409812357e-07  0.000000000000000e+00  7.743441106153729e-01  7.439807157652246e-01  9.816122258779140e-01  1.199999787596460e+00  1.195741945363584e-06  1.550025121299292e+00 
 5.012647409812358e-07  0.000000000000000e+00  7.743474160317514e-01  7.439447310597159e-01  9.816570508323319e-01  1.199999787596372e+00  1.188642493843757e-06  1.550024193811482e+00 
 5.014647409812358e-07  0.000000000000000e+00  7.743506884303348e-01  7.439090157890400e-01  9.817009600457012e-01  1.199999787596443e+00  1.181628769490382e-06  1.550023300191511e+00 
 5.016647409812358e-07  0.000000000000000e+00  7.743539282281821e-01  7.438735658299104e-01  9.817439728103792e-01  1.199999787596373e+00  1.174699220899976e-06  1.550022441499739e+00 
 5.018647409812358e-07  0.000000000000000e+00  7.743571358420220e-01  7.438383771974720e-01  9.817861080479151e-01  1.199999787596442e+00  1.167852347187838e-06  1.550021618746875e+00 
 5.020647409812358e-07  0.000000000000000e+00  7.743603116880917e-01  7.438034460401844e-01  9.818273843125406e-01  1.199999787596369e+00  1.161086673732282e-06  1.550020832892149e+00 
 5.022647409812358e-07  0.000000000000000e+00  7.743634561820321e-01  7.437687686344578e-01  9.818678197964180e-01  1.199999787596346e+00  1.154400775624295e-06  1.550020084841598e+00 
 5.024647409812358e-07  0.000000000000000e+00  7.743665697387663e-01  7.437343413811014e-01  9.819074323332236e-01  1.199999787596424e+00  1.147793246276101e-06  1.550019375446649e+00 
 5.026647409812359e-07  0.000000000000000e+00  7.743696527723763e-01  7.437001607989782e-01  9.819462394034985e-01  1.199999787596445e+00  1.141262711407644e-06  1.550018705502740e+00 
 5.028647409812359e-07  0.000000000000000e+00  7.743727056959787e-01  7.436662235218148e-01  9.819842581390461e-01  1.199999787596366e+00  1.134807848782195e-06  1.550018075748285e+00 
 5.030647409812359e-07  0.000000000000000e+00  7.743757289215736e-01  7.436325262925553e-01  9.820215053275460e-01  1.199999787596428e+00  1.128427332133142e-06  1.550017486863720e+00 
 5.032647409812359e-07  0.000000000000000e+00  7.743787228599127e-01  7.435990659602540e-01  9.820579974170915e-01  1.199999787596448e+00  1.122119906927339e-06  1.550016939470752e+00 
 5.034647409812359e-07  0.000000000000000e+00  7.743816879202945e-01  7.435658394753429e-01  9.820937505211307e-01  1.199999787596372e+00  1.115884301759687e-06  1.550016434131855e+00 
 5.036647409812359e-07  0.000000000000000e+00  7.743846245105174e-01  7.435328438862934e-01  9.821287804231931e-01  1.199999787596437e+00  1.109719328780431e-06  1.550015971349819e+00 
 5.038647409812359e-07  0.000000000000000e+00  7.743875330365827e-01  7.435000763346730e-01  9.821631025823806e-01  1.199999787596369e+00  1.103623760369805e-06  1.550015551567584e+00 
 5.040647409812360e-07  0.000000000000000e+00  7.743904139026618e-01  7.434675340529305e-01  9.821967321364231e-01  1.199999787596341e+00  1.097596458597674e-06  1.550015175168205e+00 
 5.042647409812360e-07  0.000000000000000e+00  7.743932675108679e-01  7.434352143595655e-01  9.822296839072195e-01  1.199999787596314e+00  1.091636273829527e-06  1.550014842474938e+00 
 5.044647409812360e-07  0.000000000000000e+00  7.743960942611058e-01  7.434031146564597e-01  9.822619724074722e-01  1.199999787596493e+00  1.085742096633363e-06  1.550014553751577e+00 
 5.046647409812360e-07  0.000000000000000e+00  7.743988945508846e-01  7.433712324243333e-01  9.822936118423615e-01  1.199999787596469e+00  1.079912830127625e-06  1.550014309202850e+00 
 5.048647409812360e-07  0.000000000000000e+00  7.744016687752119e-01  7.433395652209509e-01  9.823246161171973e-01  1.199999787596516e+00  1.074147416343431e-06  1.550014108975033e+00 
 5.050647409812360e-07  0.000000000000000e+00  7.744044173263898e-01  7.433081106772723e-01  9.823549988407911e-01  1.199999787596381e+00  1.068444807879512e-06  1.550013953156642e+00 
 5.052647409812361e-07  0.000000000000000e+00  7.744071405939016e-01  7.432768664949152e-01  9.823847733305621e-01  1.199999787596472e+00  1.062803983895191e-06  1.550013841779332e+00 
 5.054647409812361e-07  0.000000000000000e+00  7.744098389642055e-01  7.432458304421755e-01  9.824139526176389e-01  1.199999787596529e+00  1.057223956330563e-06  1.550013774818838e+00 
 5.056647409812361e-07  0.000000000000000e+00  7.744125128205425e-01  7.432150003521584e-01  9.824425494520580e-01  1.199999787596498e+00  1.051703735211369e-06  1.550013752196096e+00 
 5.058647409812361e-07  0.000000000000000e+00  7.744151625429025e-01  7.431843741200702e-01  9.824705763069742e-01  1.199999787596457e+00  1.046242377751430e-06  1.550013773778461e+00 
 5.060647409812361e-07  0.000000000000000e+00  7.744177885077738e-01  7.431539497000967e-01  9.824980453831422e-01  1.199999787596461e+00  1.040838933850258e-06  1.550013839381050e+00 
 5.062647409812361e-07  0.000000000000000e+00  7.744203910880115e-01  7.431237251032662e-01  9.825249686156010e-01  1.199999787596363e+00  1.035492506422151e-06  1.550013948768127e+00 
 5.064647409812361e-07  0.000000000000000e+00  7.744229706527652e-01  7.430936983945609e-01  9.825513576769239e-01  1.199999787596319e+00  1.030202183848879e-06  1.550014101654595e+00 
 5.066647409812362e-07  0.000000000000000e+00  7.744255275672428e-01  7.430638676911927e-01  9.825772239826409e-01  1.199999787596400e+00  1.024967082700999e-06  1.550014297707658e+00 
 5.068647409812362e-07  0.000000000000000e+00  7.744280621926386e-01  7.430342311604698e-01  9.826025786954821e-01  1.199999787596413e+00  1.019786370806915e-06  1.550014536548403e+00 
 5.070647409812362e-07  0.000000000000000e+00  7.744305748860109e-01  7.430047870169392e-01  9.826274327310114e-01  1.199999787596406e+00  1.014659173468792e-06  1.550014817753580e+00 
 5.072647409812362e-07  0.000000000000000e+00  7.744330660001021e-01  7.429755335201759e-01  9.826517967617776e-01  1.199999787596417e+00  1.009584693754438e-06  1.550015140857388e+00 
 5.074647409812362e-07  0.000000000000000e+00  7.744355358832897e-01  7.429464689739185e-01  9.826756812226364e-01  1.199999787596408e+00  1.004562108668004e-06  1.550015505353294e+00 
 5.076647409812362e-07  0.000000000000000e+00  7.744379848794586e-01  7.429175917230598e-01  9.826990963150463e-01  1.199999787596415e+00  9.995906180628346e-07  1.550015910695925e+00 
 5.078647409812363e-07  0.000000000000000e+00  7.744404133278818e-01  7.428889001527607e-01  9.827220520117799e-01  1.199999787596407e+00  9.946694758710166e-07  1.550016356303006e+00 
 5.080647409812363e-07  0.000000000000000e+00  7.744428215630983e-01  7.428603926857149e-01  9.827445580621901e-01  1.199999787596416e+00  9.897978909353611e-07  1.550016841557298e+00 
 5.082647409812363e-07  0.000000000000000e+00  7.744452099148870e-01  7.428320677809387e-01  9.827666239957520e-01  1.199999787596409e+00  9.849751367010150e-07  1.550017365808577e+00 
 5.084647409812363e-07  0.000000000000000e+00  7.744475787081262e-01  7.428039239321448e-01  9.827882591271468e-01  1.199999787596419e+00  9.802004864751000e-07  1.550017928375611e+00 
 5.086647409812363e-07  0.000000000000000e+00  7.744499282627595e-01  7.427759596658728e-01  9.828094725612883e-01  1.199999787596415e+00  9.754732115479777e-07  1.550018528548163e+00 
 5.088647409812363e-07  0.000000000000000e+00  7.744522588936916e-01  7.427481735411000e-01  9.828302731969958e-01  1.199999787596420e+00  9.707926106004529e-07  1.550019165589017e+00 
 5.090647409812363e-07  0.000000000000000e+00  7.744545709107326e-01  7.427205641462727e-01  9.828506697321745e-01  1.199999787596415e+00  9.661580152388838e-07  1.550019838735980e+00 
 5.092647409812364e-07  0.000000000000000e+00  7.744568646185481e-01  7.426931300992043e-01  9.828706706682470e-01  1.199999787596405e+00  9.615687247976716e-07  1.550020547203841e+00 
 5.094647409812364e-07  0.000000000000000e+00  7.744591403166210e-01  7.426658700447137e-01  9.828902843136266e-01  1.199999787596318e+00  9.570241012058438e-07  1.550021290186355e+00 
 5.096647409812364e-07  0.000000000000000e+00  7.744613982991519e-01  7.426387826542437e-01  9.829095187883852e-01  1.199999787596483e+00  9.525234905963481e-07  1.550022066858247e+00 
 5.098647409812364e-07  0.000000000000000e+00  7.744636388550832e-01  7.426118666241903e-01  9.829283820289183e-01  1.199999787596438e+00  9.480662479215321e-07  1.550022876377098e+00 
 5.100647409812364e-07  0.000000000000000e+00  7.744658622680269e-01  7.425851206753090e-01  9.829468817918720e-01  1.199999787596445e+00  9.436517538271056e-07  1.550023717885262e+00 
 5.102647409812364e-07  0.000000000000000e+00  7.744680688163287e-01  7.425585435511375e-01  9.829650256579887e-01  1.199999787596461e+00  9.392794041657563e-07  1.550024590511756e+00 
 5.104647409812364e-07  0.000000000000000e+00  7.744702587729304e-01  7.425321340171782e-01  9.829828210369209e-01  1.199999787596354e+00  9.349485922699509e-07  1.550025493374082e+00 
 5.106647409812365e-07  0.000000000000000e+00  7.744724324054086e-01  7.425058908594852e-01  9.830002751707291e-01  1.199999787596320e+00  9.306587321505372e-07  1.550026425580027e+00 
 5.108647409812365e-07  0.000000000000000e+00  7.744745899760019e-01  7.424798128844348e-01  9.830173951372186e-01  1.199999787596396e+00  9.264092388012542e-07  1.550027386229400e+00 
 5.110647409812365e-07  0.000000000000000e+00  7.744767317415685e-01  7.424538989174970e-01  9.830341878550267e-01  1.199999787596506e+00  9.221995595422791e-07  1.550028374415738e+00 
 5.112647409812365e-07  0.000000000000000e+00  7.744788579535958e-01  7.424281478022541e-01  9.830506600862574e-01  1.199999787596359e+00  9.180291296945715e-07  1.550029389227977e+00 
 5.114647409812365e-07  0.000000000000000e+00  7.744809688582787e-01  7.424025584001300e-01  9.830668184419119e-01  1.199999787596417e+00  9.138973985877048e-07  1.550030429752026e+00 
 5.116647409812365e-07  0.000000000000000e+00  7.744830646964477e-01  7.423771295890446e-01  9.830826693833606e-01  1.199999787596410e+00  9.098038373238552e-07  1.550031495072318e+00 
 5.118647409812366e-07  0.000000000000000e+00  7.744851457036893e-01  7.423518602632380e-01  9.830982192274264e-01  1.199999787596503e+00  9.057479231567358e-07  1.550032584273281e+00 
 5.120647409812366e-07  0.000000000000000e+00  7.744872121102583e-01  7.423267493320113e-01  9.831134741499530e-01  1.199999787596350e+00  9.017291268140469e-07  1.550033696440784e+00 
 5.122647409812366e-07  0.000000000000000e+00  7.744892641412389e-01  7.423017957193893e-01  9.831284401884927e-01  1.199999787596396e+00  8.977469550242052e-07  1.550034830663465e+00 
 5.124647409812366e-07  0.000000000000000e+00  7.744913020164617e-01  7.422769983636054e-01  9.831431232457867e-01  1.199999787596504e+00  8.938009068977154e-07  1.550035986034084e+00 
 5.126647409812366e-07  0.000000000000000e+00  7.744933259506627e-01  7.422523562163164e-01  9.831575290935751e-01  1.199999787596444e+00  8.898904854138949e-07  1.550037161650716e+00 
 5.128647409812366e-07  0.000000000000000e+00  7.744953361534660e-01  7.422278682421442e-01  9.831716633762214e-01  1.199999787596356e+00  8.860152182571242e-07  1.550038356617950e+00 
 5.130647409812366e-07  0.000000000000000e+00  7.744973328294390e-01  7.422035334186298e-01  9.831855316123399e-01  1.199999787596414e+00  8.821746326288626e-07  1.550039570047988e+00 
 5.132647409812367e-07  0.000000000000000e+00  7.744993161781750e-01  7.421793507347101e-01  9.831991391999985e-01  1.199999787596312e+00  8.783682679703071e-07  1.550040801061664e+00 
 5.134647409812367e-07  0.000000000000000e+00  7.745012863943249e-01  7.421553191908166e-01  9.832124914181686e-01  1.199999787596463e+00  8.745956552089311e-07  1.550042048789474e+00 
 5.136647409812367e-07  0.000000000000000e+00  7.745032436676690e-01  7.421314377994968e-01  9.832255934298342e-01  1.199999787596481e+00  8.708563723467725e-07  1.550043312372468e+00 
 5.138647409812367e-07  0.000000000000000e+00  7.745051881832450e-01  7.421077055831085e-01  9.832384502857391e-01  1.199999787596417e+00  8.671499596238484e-07  1.550044590963083e+00 
 5.140647409812367e-07  0.000000000000000e+00  7.745071201213093e-01  7.420841215748517e-01  9.832510669267275e-01  1.199999787596507e+00  8.634759919247507e-07  1.550045883725958e+00 
 5.142647409812367e-07  0.000000000000000e+00  7.745090396574926e-01  7.420606848173723e-01  9.832634481865552e-01  1.199999787596356e+00  8.598340430492392e-07  1.550047189838643e+00 
 5.144647409812367e-07  0.000000000000000e+00  7.745109469628212e-01  7.420373943637354e-01  9.832755987938815e-01  1.199999787596405e+00  8.562237131273562e-07  1.550048508492264e+00 
 5.146647409812368e-07  0.000000000000000e+00  7.745128422038478e-01  7.420142492756803e-01  9.832875233763618e-01  1.199999787596408e+00  8.526445657528114e-07  1.550049838892164e+00 
 5.148647409812368e-07  0.000000000000000e+00  7.745147255426738e-01  7.419912486243273e-01  9.832992264615584e-01  1.199999787596411e+00  8.490962188431056e-07  1.550051180258352e+00 
 5.150647409812368e-07  0.000000000000000e+00  7.745165971371060e-01  7.419683914890599e-01  9.833107124808530e-01  1.199999787596497e+00  8.455782663094349e-07  1.550052531826082e+00 
 5.152647409812368e-07  0.000000000000000e+00  7.745184571406517e-01  7.419456769586679e-01  9.833219857711971e-01  1.199999787596360e+00  8.420903304214939e-07  1.550053892846231e+00 
 5.154647409812368e-07  0.000000000000000e+00  7.745203057026649e-01  7.419231041298375e-01  9.833330505774960e-01  1.199999787596414e+00  8.386320128389805e-07  1.550055262585716e+00 
 5.156647409812368e-07  0.000000000000000e+00  7.745221429683972e-01  7.419006721072072e-01  9.833439110544835e-01  1.199999787596403e+00  8.352029598618631e-07  1.550056640327780e+00 
 5.158647409812369e-07  0.000000000000000e+00  7.745239690791349e-01  7.418783800032480e-01  9.833545712700384e-01  1.199999787596400e+00  8.318027832501349e-07  1.550058025372245e+00 
 5.160647409812369e-07  0.000000000000000e+00  7.745257841722217e-01  7.418562269384164e-01  9.833650352065146e-01  1.199999787596504e+00  8.284311239700495e-07  1.550059417035766e+00 
 5.162647409812369e-07  0.000000000000000e+00  7.745275883811915e-01  7.418342120404061e-01  9.833753067631174e-01  1.199999787596441e+00  8.250876350615884e-07  1.550060814651994e+00 
 5.164647409812369e-07  0.000000000000000e+00  7.745293818357936e-01  7.418123344438713e-01  9.833853897574888e-01  1.199999787596440e+00  8.217719474177773e-07  1.550062217571696e+00 
 5.166647409812369e-07  0.000000000000000e+00  7.745311646621749e-01  7.417905932909260e-01  9.833952879282607e-01  1.199999787596352e+00  8.184837336283039e-07  1.550063625162836e+00 
 5.168647409812369e-07  0.000000000000000e+00  7.745329369829201e-01  7.417689877305418e-01  9.834050049363596e-01  1.199999787596401e+00  8.152226524865838e-07  1.550065036810637e+00 
 5.170647409812369e-07  0.000000000000000e+00  7.745346989171329e-01  7.417475169189549e-01  9.834145443676147e-01  1.199999787596514e+00  8.119883596872864e-07  1.550066451917552e+00 
 5.172647409812370e-07  0.000000000000000e+00  7.745364505753022e-01  7.417261800127494e-01  9.834239097340651e-01  1.199999787596438e+00  8.087750596986098e-07  1.550067869903241e+00 
 5.174647409812370e-07  0.000000000000000e+00  7.745381920727951e-01  7.417049761842751e-01  9.834331044765491e-01  1.199999787596437e+00  8.055926015154581e-07  1.550069290204483e+00 
 5.176647409812370e-07  0.000000000000000e+00  7.745399235205769e-01  7.416839046114332e-01  9.834421319648676e-01  1.199999787596437e+00  8.024370271248622e-07  1.550070712275119e+00 
 5.178647409812370e-07  0.000000000000000e+00  7.745416450252863e-01  7.416629644764233e-01  9.834509955002395e-01  1.199999787596437e+00  7.993069281583794e-07  1.550072135585883e+00 
 5.180647409812370e-07  0.000000000000000e+00  7.745433566900911e-01  7.416421549673994e-01  9.834596983171451e-01  1.199999787596434e+00  7.962019730762756e-07  1.550073559624237e+00 
 5.182647409812370e-07  0.000000000000000e+00  7.745450586151269e-01  7.416214752793291e-01  9.834682435856351e-01  1.199999787596433e+00  7.931219203954721e-07  1.550074983894192e+00 
 5.184647409812370e-07  0.000000000000000e+00  7.745467508976156e-01  7.416009246126343e-01  9.834766344107243e-01  1.199999787596430e+00  7.900664574612232e-07  1.550076407916095e+00 
 5.186647409812371e-07  0.000000000000000e+00  7.745484336319645e-01  7.415805021731120e-01  9.834848738346903e-01  1.199999787596334e+00  7.870353054528297e-07  1.550077831226408e+00 
 5.188647409812371e-07  0.000000000000000e+00  7.745501069099033e-01  7.415602071732547e-01  9.834929648395598e-01  1.199999787596399e+00  7.840281684939673e-07  1.550079253377399e+00 
 5.190647409812371e-07  0.000000000000000e+00  7.745517708205274e-01  7.415400388313714e-01  9.835009103475465e-01  1.199999787596497e+00  7.810447610773898e-07  1.550080673936916e+00 
 5.192647409812371e-07  0.000000000000000e+00  7.745534254503792e-01  7.415199963709816e-01  9.835087132231687e-01  1.199999787596527e+00  7.780848067050186e-07  1.550082092488077e+00 
 5.194647409812371e-07  0.000000000000000e+00  7.745550708835280e-01  7.415000790217113e-01  9.835163762724769e-01  1.199999787596361e+00  7.751480352804815e-07  1.550083508628961e+00 
 5.196647409812371e-07  0.000000000000000e+00  7.745567072016341e-01  7.414802860185935e-01  9.835239022468045e-01  1.199999787596324e+00  7.722341642774351e-07  1.550084921972290e+00 
 5.198323704906186e-07  0.000000000000000e+00  7.745580717118379e-01  7.414637918284077e-01  9.835301063822173e-01  1.199999787596452e+00  7.698108041030693e-07  1.550086104151363e+00 
 5.200000000000000e-07  0.000000000000000e+00  7.745594299188241e-01  7.414473840318468e-01  9.835362176125239e-01  1.199999787596369e+00  7.674019663835519e-07  1.550087283898144e+00 
