Note: Starting dynamic gmin stepping
Note: Dynamic gmin stepping completed

Note: No compatibility mode selected!


Circuit: * g1_trip kickback: real source (g1_sense output through the conditioning divider) and real dac tap,

Doing analysis at TEMP = 27.000000 and TNOM = 27.000000

Using SPARSE 1.3 as Direct Linear Solver
OSDI(debug) n.xt.xcond.xrc9.nr1: OSDI(debug) n.xt.xcond.xrc8.nr1: OSDI(debug) n.xt.xcond.xrc7.nr1: OSDI(debug) n.xt.xcond.xrc6.nr1: OSDI(debug) n.xt.xcond.xrc5.nr1: OSDI(debug) n.xt.xcond.xrc4.nr1: OSDI(debug) n.xt.xcond.xrc3.nr1: OSDI(debug) n.xt.xcond.xrc2.nr1: WARNING: V(i1,c) voltage is greater than specified by vmax
OSDI(debug) n.xt.xcond.xrc1.nr1: WARNING: V(i1,c) voltage is greater than specified by vmax
OSDI(debug) n.xt.xcond.xrc1.nr1: WARNING: V(i2,c) voltage is greater than specified by vmax
OSDI(debug) n.xt.xcond.xrc0.nr1: WARNING: V(i2,c) voltage is greater than specified by vmax
WARNING: V(i1,c) voltage is greater than specified by vmax
OSDI(debug) n.xt.xcond.xrc8.nr1: WARNING: V(i2,c) voltage is greater than specified by vmax
WARNING: V(i1,c) voltage is greater than specified by vmax
OSDI(debug) n.xt.xcond.xrc7.nr1: WARNING: V(i2,c) voltage is greater than specified by vmax
WARNING: V(i1,c) voltage is greater than specified by vmax
OSDI(debug) n.xt.xcond.xrc6.nr1: WARNING: V(i2,c) voltage is greater than specified by vmax
WARNING: V(i1,c) voltage is greater than specified by vmax
OSDI(debug) n.xt.xcond.xrc5.nr1: WARNING: V(i2,c) voltage is greater than specified by vmax
WARNING: V(i1,c) voltage is greater than specified by vmax
OSDI(debug) n.xt.xcond.xrc4.nr1: WARNING: V(i2,c) voltage is greater than specified by vmax
WARNING: V(i1,c) voltage is greater than specified by vmax
OSDI(debug) n.xt.xcond.xrc3.nr1: WARNING: V(i2,c) voltage is greater than specified by vmax
WARNING: V(i1,c) voltage is greater than specified by vmax
OSDI(debug) n.xt.xcond.xrc2.nr1: WARNING: V(i2,c) voltage is greater than specified by vmax
 Reference value :  0.00000e+00Note: Starting dynamic gmin stepping
Note: Dynamic gmin stepping completed

No. of Data Rows : 1
QUIET icmp= 0.749439  vth_soft= 0.800524  vth_hard= 0.998691  isense= 1.49889
Doing analysis at TEMP = 27.000000 and TNOM = 27.000000

Using SPARSE 1.3 as Direct Linear Solver
OSDI(debug) n.xt.xcond.xrc9.nr1: WARNING: V(i1,c) voltage is greater than specified by vmax
OSDI(debug) n.xt.xcond.xrc8.nr1: WARNING: V(i1,c) voltage is greater than specified by vmax
OSDI(debug) n.xt.xcond.xrc8.nr1: WARNING: V(i2,c) voltage is greater than specified by vmax
OSDI(debug) n.xt.xcond.xrc7.nr1: WARNING: V(i1,c) voltage is greater than specified by vmax
OSDI(debug) n.xt.xcond.xrc7.nr1: WARNING: V(i2,c) voltage is greater than specified by vmax
OSDI(debug) n.xt.xcond.xrc6.nr1: WARNING: V(i1,c) voltage is greater than specified by vmax
OSDI(debug) n.xt.xcond.xrc6.nr1: WARNING: V(i2,c) voltage is greater than specified by vmax
OSDI(debug) n.xt.xcond.xrc4.nr1: WARNING: V(i1,c) voltage is greater than specified by vmax
OSDI(debug) n.xt.xcond.xrc4.nr1: WARNING: V(i2,c) voltage is greater than specified by vmax
OSDI(debug) n.xt.xcond.xrc2.nr1: WARNING: V(i1,c) voltage is greater than specified by vmax
OSDI(debug) n.xt.xcond.xrc2.nr1: WARNING: V(i2,c) voltage is greater than specified by vmax
OSDI(debug) n.xt.xcond.xrc1.nr1: WARNING: V(i1,c) voltage is greater than specified by vmax
OSDI(debug) n.xt.xcond.xrc1.nr1: WARNING: V(i2,c) voltage is greater than specified by vmax
OSDI(debug) n.xt.xcond.xrc0.nr1: WARNING: V(i2,c) voltage is greater than specified by vmax
OSDI(debug) n.xt.xcond.xrc5.nr1: WARNING: V(i1,c) voltage is greater than specified by vmax
OSDI(debug) n.xt.xcond.xrc5.nr1: WARNING: V(i2,c) voltage is greater than specified by vmax
OSDI(debug) n.xt.xcond.xrc3.nr1: WARNING: V(i1,c) voltage is greater than specified by vmax
OSDI(debug) n.xt.xcond.xrc3.nr1: WARNING: V(i2,c) voltage is greater than specified by vmax

Initial Transient Solution
--------------------------

Node                                   Voltage
----                                   -------
vdda                                       3.3
vdd                                        1.2
vref                                      1.04
iptat                                 0.756151
shp                                      0.025
xs.sub!                                      0
xs.vn                                0.0713753
xs.xr1n0.dt                                  0
xs.r2n_0                              0.142751
xs.xr2n0.dt                                  0
xs.r2n_1                              0.214126
xs.xr2n1.dt                                  0
xs.r2n_2                              0.285501
xs.xr2n2.dt                                  0
xs.r2n_3                              0.356877
xs.xr2n3.dt                                  0
xs.r2n_4                              0.428252
xs.xr2n4.dt                                  0
xs.r2n_5                              0.499628
xs.xr2n5.dt                                  0
xs.r2n_6                              0.571003
xs.xr2n6.dt                                  0
xs.r2n_7                              0.642379
xs.xr2n7.dt                                  0
xs.r2n_8                              0.713754
xs.xr2n8.dt                                  0
xs.r2n_9                               0.78513
xs.xr2n9.dt                                  0
xs.r2n_10                             0.856505
xs.xr2n10.dt                                 0
xs.r2n_11                             0.927881
xs.xr2n11.dt                                 0
xs.r2n_12                             0.999257
xs.xr2n12.dt                                 0
xs.r2n_13                              1.07063
xs.xr2n13.dt                                 0
xs.r2n_14                              1.14201
xs.xr2n14.dt                                 0
xs.r2n_15                              1.21338
xs.xr2n15.dt                                 0
xs.r2n_16                              1.28476
xs.xr2n16.dt                                 0
xs.r2n_17                              1.35614
xs.xr2n17.dt                                 0
xs.r2n_18                              1.42751
xs.xr2n18.dt                                 0
isense                                 1.49889
xs.xr2n19.dt                                 0
xs.vp                                0.0714573
xs.xr1p0.dt                                  0
xs.r2p_0                              0.117915
xs.xr2p0.dt                                  0
xs.r2p_1                              0.164372
xs.xr2p1.dt                                  0
xs.r2p_2                              0.210829
xs.xr2p2.dt                                  0
xs.r2p_3                              0.257287
xs.xr2p3.dt                                  0
xs.r2p_4                              0.303744
xs.xr2p4.dt                                  0
xs.r2p_5                              0.350202
xs.xr2p5.dt                                  0
xs.r2p_6                              0.396659
xs.xr2p6.dt                                  0
xs.r2p_7                              0.443116
xs.xr2p7.dt                                  0
xs.r2p_8                              0.489574
xs.xr2p8.dt                                  0
xs.r2p_9                              0.536031
xs.xr2p9.dt                                  0
xs.r2p_10                             0.582489
xs.xr2p10.dt                                 0
xs.r2p_11                             0.628946
xs.xr2p11.dt                                 0
xs.r2p_12                             0.675404
xs.xr2p12.dt                                 0
xs.r2p_13                             0.721862
xs.xr2p13.dt                                 0
xs.r2p_14                             0.768319
xs.xr2p14.dt                                 0
xs.r2p_15                             0.814777
xs.xr2p15.dt                                 0
xs.r2p_16                             0.861234
xs.xr2p16.dt                                 0
xs.r2p_17                             0.907692
xs.xr2p17.dt                                 0
xs.r2p_18                              0.95415
xs.xr2p18.dt                                 0
vped                                   1.00061
xs.xr2p19.dt                                 0
vref_buf                                1.0399
xs.rd1_0                               1.02028
xs.xrd10.dt                                  0
xs.vped_ref                            1.00066
xs.xrd11.dt                                  0
xs.rd2_0                               0.98104
xs.xrd20.dt                                  0
xs.rd2_1                              0.961419
xs.xrd21.dt                                  0
xs.rd2_2                              0.941797
xs.xrd22.dt                                  0
xs.rd2_3                              0.922176
xs.xrd23.dt                                  0
xs.rd2_4                              0.902555
xs.xrd24.dt                                  0
xs.rd2_5                              0.882934
xs.xrd25.dt                                  0
xs.rd2_6                              0.863313
xs.xrd26.dt                                  0
xs.rd2_7                              0.843691
xs.xrd27.dt                                  0
xs.rd2_8                               0.82407
xs.xrd28.dt                                  0
xs.rd2_9                              0.804449
xs.xrd29.dt                                  0
xs.rd2_10                             0.784828
xs.xrd210.dt                                 0
xs.rd2_11                             0.765207
xs.xrd211.dt                                 0
xs.rd2_12                             0.745586
xs.xrd212.dt                                 0
xs.rd2_13                             0.725965
xs.xrd213.dt                                 0
xs.rd2_14                             0.706344
xs.xrd214.dt                                 0
xs.rd2_15                             0.686723
xs.xrd215.dt                                 0
xs.rd2_16                             0.667102
xs.xrd216.dt                                 0
xs.rd2_17                             0.647481
xs.xrd217.dt                                 0
xs.rd2_18                             0.627861
xs.xrd218.dt                                 0
xs.rd2_19                              0.60824
xs.xrd219.dt                                 0
xs.rd2_20                             0.588619
xs.xrd220.dt                                 0
xs.rd2_21                             0.568998
xs.xrd221.dt                                 0
xs.rd2_22                             0.549377
xs.xrd222.dt                                 0
xs.rd2_23                             0.529757
xs.xrd223.dt                                 0
xs.rd2_24                             0.510136
xs.xrd224.dt                                 0
xs.rd2_25                             0.490515
xs.xrd225.dt                                 0
xs.rd2_26                             0.470894
xs.xrd226.dt                                 0
xs.rd2_27                             0.451274
xs.xrd227.dt                                 0
xs.rd2_28                             0.431653
xs.xrd228.dt                                 0
xs.rd2_29                             0.412032
xs.xrd229.dt                                 0
xs.rd2_30                             0.392412
xs.xrd230.dt                                 0
xs.rd2_31                             0.372791
xs.xrd231.dt                                 0
xs.rd2_32                              0.35317
xs.xrd232.dt                                 0
xs.rd2_33                              0.33355
xs.xrd233.dt                                 0
xs.rd2_34                             0.313929
xs.xrd234.dt                                 0
xs.rd2_35                             0.294308
xs.xrd235.dt                                 0
xs.rd2_36                             0.274688
xs.xrd236.dt                                 0
xs.rd2_37                             0.255067
xs.xrd237.dt                                 0
xs.rd2_38                             0.235447
xs.xrd238.dt                                 0
xs.rd2_39                             0.215826
xs.xrd239.dt                                 0
xs.rd2_40                             0.196205
xs.xrd240.dt                                 0
xs.rd2_41                             0.176585
xs.xrd241.dt                                 0
xs.rd2_42                             0.156964
xs.xrd242.dt                                 0
xs.rd2_43                             0.137344
xs.xrd243.dt                                 0
xs.rd2_44                             0.117723
xs.xrd244.dt                                 0
xs.rd2_45                            0.0981026
xs.xrd245.dt                                 0
xs.rd2_46                            0.0784821
xs.xrd246.dt                                 0
xs.rd2_47                            0.0588616
xs.xrd247.dt                                 0
xs.rd2_48                            0.0392411
xs.xrd248.dt                                 0
xs.rd2_49                            0.0196205
xs.xrd249.dt                                 0
xs.xrd250.dt                                 0
xs.xota.vbp                            2.45719
xs.xota.vbnc                           0.96237
xs.xota.vbpc                           2.18296
xs.xota.tail                            1.6145
xs.xota.fn                            0.195465
xs.xota.fp                            0.195088
xs.xota.mir                            2.51466
xs.xota.out1                            2.4509
xs.xota.pc1                            3.07248
xs.xota.pc2                             3.0724
xs.xota.sub!                                 0
xs.xota.cz                              2.4509
xs.xota.xrz.dt                               0
xs.xota.xcc.1                           2.4509
xs.xbuf.vbp                            2.45719
xs.xbuf.vbnc                           0.96237
xs.xbuf.vbpc                           2.18296
xs.xbuf.tail                           2.30767
xs.xbuf.fn                            0.194993
xs.xbuf.fp                            0.194746
xs.xbuf.mir                             2.5139
xs.xbuf.out1                           2.47219
xs.xbuf.pc1                            3.07299
xs.xbuf.pc2                            3.07294
xs.xbuf.sub!                                 0
xs.xbuf.cz                             2.47219
xs.xbuf.xrz.dt                               0
xs.xbuf.xcc.1                          2.47219
xs.xref.vbp                            2.45719
xs.xref.vbnc                           0.96237
xs.xref.vbpc                           2.18296
xs.xref.tail                            2.3365
xs.xref.fn                             0.19498
xs.xref.fp                            0.194532
xs.xref.mir                            2.51387
xs.xref.out1                            2.4381
xs.xref.pc1                            3.07301
xs.xref.pc2                            3.07291
xs.xref.sub!                                 0
xs.xref.cz                              2.4381
xs.xref.xrz.dt                               0
xs.xref.xcc.1                           2.4381
s0                                         1.2
s1                                           0
s2                                           0
s3                                         1.2
s4                                         1.2
s5                                           0
s6                                           0
s7                                         1.2
h0                                           0
h1                                         1.2
h2                                         1.2
h3                                         1.2
h4                                         1.2
h5                                         1.2
h6                                         1.2
h7                                         1.2
clk                                          0
xt.xcond.sub!                                0
xt.xcond.c0                              1.349
xt.xcond.xrc0.dt                             0
xt.xcond.c1                            1.19911
xt.xcond.xrc1.dt                             0
xt.xcond.c2                            1.04922
xt.xcond.xrc2.dt                             0
xt.xcond.c3                           0.899329
xt.xcond.xrc3.dt                             0
xt.icmp                               0.749439
xt.xcond.xrc4.dt                             0
xt.xcond.c5                           0.599551
xt.xcond.xrc5.dt                             0
xt.xcond.c6                           0.449663
xt.xcond.xrc6.dt                             0
xt.xcond.c7                           0.299775
xt.xcond.xrc7.dt                             0
xt.xcond.c8                           0.149888
xt.xcond.xrc8.dt                             0
xt.xcond.xrc9.dt                             0
xt.xcond.xch.1                        0.749439
xt.xdacs.s0                         0.00196205
xt.xdacs.sub!                                0
xt.xdacs.xru0.dt                             0
xt.xdacs.s1                          0.0039241
xt.xdacs.xru1.dt                             0
xt.xdacs.s2                         0.00588614
xt.xdacs.xru2.dt                             0
xt.xdacs.s3                         0.00784819
xt.xdacs.xru3.dt                             0
xt.xdacs.s4                         0.00981024
xt.xdacs.xru4.dt                             0
xt.xdacs.s5                          0.0117723
xt.xdacs.xru5.dt                             0
xt.xdacs.s6                          0.0137343
xt.xdacs.xru6.dt                             0
xt.xdacs.s7                          0.0156964
xt.xdacs.xru7.dt                             0
xt.xdacs.s8                          0.0176584
xt.xdacs.xru8.dt                             0
xt.xdacs.s9                          0.0196205
xt.xdacs.xru9.dt                             0
xt.xdacs.s10                         0.0215825
xt.xdacs.xru10.dt                            0
xt.xdacs.s11                         0.0235446
xt.xdacs.xru11.dt                            0
xt.xdacs.s12                         0.0255066
xt.xdacs.xru12.dt                            0
xt.xdacs.s13                         0.0274687
xt.xdacs.xru13.dt                            0
xt.xdacs.s14                         0.0294307
xt.xdacs.xru14.dt                            0
xt.xdacs.s15                         0.0313928
xt.xdacs.xru15.dt                            0
xt.xdacs.s16                         0.0333548
xt.xdacs.xru16.dt                            0
xt.xdacs.s17                         0.0353169
xt.xdacs.xru17.dt                            0
xt.xdacs.s18                         0.0372789
xt.xdacs.xru18.dt                            0
xt.xdacs.s19                          0.039241
xt.xdacs.xru19.dt                            0
xt.xdacs.s20                          0.041203
xt.xdacs.xru20.dt                            0
xt.xdacs.s21                         0.0431651
xt.xdacs.xru21.dt                            0
xt.xdacs.s22                         0.0451271
xt.xdacs.xru22.dt                            0
xt.xdacs.s23                         0.0470891
xt.xdacs.xru23.dt                            0
xt.xdacs.s24                         0.0490512
xt.xdacs.xru24.dt                            0
xt.xdacs.s25                         0.0510132
xt.xdacs.xru25.dt                            0
xt.xdacs.s26                         0.0529753
xt.xdacs.xru26.dt                            0
xt.xdacs.s27                         0.0549373
xt.xdacs.xru27.dt                            0
xt.xdacs.s28                         0.0568994
xt.xdacs.xru28.dt                            0
xt.xdacs.s29                         0.0588614
xt.xdacs.xru29.dt                            0
xt.xdacs.s30                         0.0608235
xt.xdacs.xru30.dt                            0
xt.xdacs.s31                         0.0627855
xt.xdacs.xru31.dt                            0
xt.xdacs.s32                         0.0647476
xt.xdacs.xru32.dt                            0
xt.xdacs.s33                         0.0667096
xt.xdacs.xru33.dt                            0
xt.xdacs.s34                         0.0686717
xt.xdacs.xru34.dt                            0
xt.xdacs.s35                         0.0706337
xt.xdacs.xru35.dt                            0
xt.xdacs.s36                         0.0725958
xt.xdacs.xru36.dt                            0
xt.xdacs.s37                         0.0745578
xt.xdacs.xru37.dt                            0
xt.xdacs.s38                         0.0765199
xt.xdacs.xru38.dt                            0
xt.xdacs.s39                         0.0784819
xt.xdacs.xru39.dt                            0
xt.xdacs.s40                          0.080444
xt.xdacs.xru40.dt                            0
xt.xdacs.s41                          0.082406
xt.xdacs.xru41.dt                            0
xt.xdacs.s42                         0.0843681
xt.xdacs.xru42.dt                            0
xt.xdacs.s43                         0.0863301
xt.xdacs.xru43.dt                            0
xt.xdacs.s44                         0.0882922
xt.xdacs.xru44.dt                            0
xt.xdacs.s45                         0.0902542
xt.xdacs.xru45.dt                            0
xt.xdacs.s46                         0.0922163
xt.xdacs.xru46.dt                            0
xt.xdacs.s47                         0.0941783
xt.xdacs.xru47.dt                            0
xt.xdacs.s48                         0.0961404
xt.xdacs.xru48.dt                            0
xt.xdacs.s49                         0.0981024
xt.xdacs.xru49.dt                            0
xt.xdacs.s50                          0.100064
xt.xdacs.xru50.dt                            0
xt.xdacs.s51                          0.102027
xt.xdacs.xru51.dt                            0
xt.xdacs.s52                          0.103989
xt.xdacs.xru52.dt                            0
xt.xdacs.s53                          0.105951
xt.xdacs.xru53.dt                            0
xt.xdacs.s54                          0.107913
xt.xdacs.xru54.dt                            0
xt.xdacs.s55                          0.109875
xt.xdacs.xru55.dt                            0
xt.xdacs.s56                          0.111837
xt.xdacs.xru56.dt                            0
xt.xdacs.s57                          0.113799
xt.xdacs.xru57.dt                            0
xt.xdacs.s58                          0.115761
xt.xdacs.xru58.dt                            0
xt.xdacs.s59                          0.117723
xt.xdacs.xru59.dt                            0
xt.xdacs.s60                          0.119685
xt.xdacs.xru60.dt                            0
xt.xdacs.s61                          0.121647
xt.xdacs.xru61.dt                            0
xt.xdacs.s62                          0.123609
xt.xdacs.xru62.dt                            0
xt.xdacs.s63                          0.125571
xt.xdacs.xru63.dt                            0
xt.xdacs.s64                          0.127533
xt.xdacs.xru64.dt                            0
xt.xdacs.s65                          0.129495
xt.xdacs.xru65.dt                            0
xt.xdacs.s66                          0.131457
xt.xdacs.xru66.dt                            0
xt.xdacs.s67                          0.133419
xt.xdacs.xru67.dt                            0
xt.xdacs.s68                          0.135381
xt.xdacs.xru68.dt                            0
xt.xdacs.s69                          0.137343
xt.xdacs.xru69.dt                            0
xt.xdacs.s70                          0.139305
xt.xdacs.xru70.dt                            0
xt.xdacs.s71                          0.141267
xt.xdacs.xru71.dt                            0
xt.xdacs.s72                           0.14323
xt.xdacs.xru72.dt                            0
xt.xdacs.s73                          0.145192
xt.xdacs.xru73.dt                            0
xt.xdacs.s74                          0.147154
xt.xdacs.xru74.dt                            0
xt.xdacs.s75                          0.149116
xt.xdacs.xru75.dt                            0
xt.xdacs.s76                          0.151078
xt.xdacs.xru76.dt                            0
xt.xdacs.s77                           0.15304
xt.xdacs.xru77.dt                            0
xt.xdacs.s78                          0.155002
xt.xdacs.xru78.dt                            0
xt.xdacs.s79                          0.156964
xt.xdacs.xru79.dt                            0
xt.xdacs.s80                          0.158926
xt.xdacs.xru80.dt                            0
xt.xdacs.s81                          0.160888
xt.xdacs.xru81.dt                            0
xt.xdacs.s82                           0.16285
xt.xdacs.xru82.dt                            0
xt.xdacs.s83                          0.164812
xt.xdacs.xru83.dt                            0
xt.xdacs.s84                          0.166774
xt.xdacs.xru84.dt                            0
xt.xdacs.s85                          0.168736
xt.xdacs.xru85.dt                            0
xt.xdacs.s86                          0.170698
xt.xdacs.xru86.dt                            0
xt.xdacs.s87                           0.17266
xt.xdacs.xru87.dt                            0
xt.xdacs.s88                          0.174622
xt.xdacs.xru88.dt                            0
xt.xdacs.s89                          0.176584
xt.xdacs.xru89.dt                            0
xt.xdacs.s90                          0.178546
xt.xdacs.xru90.dt                            0
xt.xdacs.s91                          0.180509
xt.xdacs.xru91.dt                            0
xt.xdacs.s92                          0.182471
xt.xdacs.xru92.dt                            0
xt.xdacs.s93                          0.184433
xt.xdacs.xru93.dt                            0
xt.xdacs.s94                          0.186395
xt.xdacs.xru94.dt                            0
xt.xdacs.s95                          0.188357
xt.xdacs.xru95.dt                            0
xt.xdacs.s96                          0.190319
xt.xdacs.xru96.dt                            0
xt.xdacs.s97                          0.192281
xt.xdacs.xru97.dt                            0
xt.xdacs.s98                          0.194243
xt.xdacs.xru98.dt                            0
xt.xdacs.s99                          0.196205
xt.xdacs.xru99.dt                            0
xt.xdacs.s100                         0.198167
xt.xdacs.xru100.dt                           0
xt.xdacs.s101                         0.200129
xt.xdacs.xru101.dt                           0
xt.xdacs.s102                         0.202091
xt.xdacs.xru102.dt                           0
xt.xdacs.s103                         0.204053
xt.xdacs.xru103.dt                           0
xt.xdacs.s104                         0.206015
xt.xdacs.xru104.dt                           0
xt.xdacs.s105                         0.207977
xt.xdacs.xru105.dt                           0
xt.xdacs.s106                         0.209939
xt.xdacs.xru106.dt                           0
xt.xdacs.s107                         0.211901
xt.xdacs.xru107.dt                           0
xt.xdacs.s108                         0.213863
xt.xdacs.xru108.dt                           0
xt.xdacs.s109                         0.215825
xt.xdacs.xru109.dt                           0
xt.xdacs.s110                         0.217787
xt.xdacs.xru110.dt                           0
xt.xdacs.s111                          0.21975
xt.xdacs.xru111.dt                           0
xt.xdacs.s112                         0.221712
xt.xdacs.xru112.dt                           0
xt.xdacs.s113                         0.223674
xt.xdacs.xru113.dt                           0
xt.xdacs.s114                         0.225636
xt.xdacs.xru114.dt                           0
xt.xdacs.s115                         0.227598
xt.xdacs.xru115.dt                           0
xt.xdacs.s116                          0.22956
xt.xdacs.xru116.dt                           0
xt.xdacs.s117                         0.231522
xt.xdacs.xru117.dt                           0
xt.xdacs.s118                         0.233484
xt.xdacs.xru118.dt                           0
xt.xdacs.s119                         0.235446
xt.xdacs.xru119.dt                           0
xt.xdacs.s120                         0.237408
xt.xdacs.xru120.dt                           0
xt.xdacs.s121                          0.23937
xt.xdacs.xru121.dt                           0
xt.xdacs.s122                         0.241332
xt.xdacs.xru122.dt                           0
xt.xdacs.s123                         0.243294
xt.xdacs.xru123.dt                           0
xt.xdacs.s124                         0.245256
xt.xdacs.xru124.dt                           0
xt.xdacs.s125                         0.247218
xt.xdacs.xru125.dt                           0
xt.xdacs.s126                          0.24918
xt.xdacs.xru126.dt                           0
xt.xdacs.s127                         0.251142
xt.xdacs.xru127.dt                           0
xt.xdacs.s128                         0.253104
xt.xdacs.xru128.dt                           0
xt.xdacs.s129                         0.255066
xt.xdacs.xru129.dt                           0
xt.xdacs.s130                         0.257029
xt.xdacs.xru130.dt                           0
xt.xdacs.s131                         0.258991
xt.xdacs.xru131.dt                           0
xt.xdacs.s132                         0.260953
xt.xdacs.xru132.dt                           0
xt.xdacs.s133                         0.262915
xt.xdacs.xru133.dt                           0
xt.xdacs.s134                         0.264877
xt.xdacs.xru134.dt                           0
xt.xdacs.s135                         0.266839
xt.xdacs.xru135.dt                           0
xt.xdacs.s136                         0.268801
xt.xdacs.xru136.dt                           0
xt.xdacs.s137                         0.270763
xt.xdacs.xru137.dt                           0
xt.xdacs.s138                         0.272725
xt.xdacs.xru138.dt                           0
xt.xdacs.s139                         0.274687
xt.xdacs.xru139.dt                           0
xt.xdacs.s140                         0.276649
xt.xdacs.xru140.dt                           0
xt.xdacs.s141                         0.278611
xt.xdacs.xru141.dt                           0
xt.xdacs.s142                         0.280573
xt.xdacs.xru142.dt                           0
xt.xdacs.s143                         0.282535
xt.xdacs.xru143.dt                           0
xt.xdacs.s144                         0.284497
xt.xdacs.xru144.dt                           0
xt.xdacs.s145                         0.286459
xt.xdacs.xru145.dt                           0
xt.xdacs.s146                         0.288421
xt.xdacs.xru146.dt                           0
xt.xdacs.s147                         0.290383
xt.xdacs.xru147.dt                           0
xt.xdacs.s148                         0.292346
xt.xdacs.xru148.dt                           0
xt.xdacs.s149                         0.294308
xt.xdacs.xru149.dt                           0
xt.xdacs.s150                          0.29627
xt.xdacs.xru150.dt                           0
xt.xdacs.s151                         0.298232
xt.xdacs.xru151.dt                           0
xt.xdacs.s152                         0.300194
xt.xdacs.xru152.dt                           0
xt.xdacs.s153                         0.302156
xt.xdacs.xru153.dt                           0
xt.xdacs.s154                         0.304118
xt.xdacs.xru154.dt                           0
xt.xdacs.s155                          0.30608
xt.xdacs.xru155.dt                           0
xt.xdacs.s156                         0.308042
xt.xdacs.xru156.dt                           0
xt.xdacs.s157                         0.310004
xt.xdacs.xru157.dt                           0
xt.xdacs.s158                         0.311966
xt.xdacs.xru158.dt                           0
xt.xdacs.s159                         0.313928
xt.xdacs.xru159.dt                           0
xt.xdacs.s160                          0.31589
xt.xdacs.xru160.dt                           0
xt.xdacs.s161                         0.317852
xt.xdacs.xru161.dt                           0
xt.xdacs.s162                         0.319814
xt.xdacs.xru162.dt                           0
xt.xdacs.s163                         0.321776
xt.xdacs.xru163.dt                           0
xt.xdacs.s164                         0.323738
xt.xdacs.xru164.dt                           0
xt.xdacs.s165                           0.3257
xt.xdacs.xru165.dt                           0
xt.xdacs.s166                         0.327663
xt.xdacs.xru166.dt                           0
xt.xdacs.s167                         0.329625
xt.xdacs.xru167.dt                           0
xt.xdacs.s168                         0.331587
xt.xdacs.xru168.dt                           0
xt.xdacs.s169                         0.333549
xt.xdacs.xru169.dt                           0
xt.xdacs.s170                         0.335511
xt.xdacs.xru170.dt                           0
xt.xdacs.s171                         0.337473
xt.xdacs.xru171.dt                           0
xt.xdacs.s172                         0.339435
xt.xdacs.xru172.dt                           0
xt.xdacs.s173                         0.341397
xt.xdacs.xru173.dt                           0
xt.xdacs.s174                         0.343359
xt.xdacs.xru174.dt                           0
xt.xdacs.s175                         0.345321
xt.xdacs.xru175.dt                           0
xt.xdacs.s176                         0.347283
xt.xdacs.xru176.dt                           0
xt.xdacs.s177                         0.349245
xt.xdacs.xru177.dt                           0
xt.xdacs.s178                         0.351207
xt.xdacs.xru178.dt                           0
xt.xdacs.s179                         0.353169
xt.xdacs.xru179.dt                           0
xt.xdacs.s180                         0.355131
xt.xdacs.xru180.dt                           0
xt.xdacs.s181                         0.357093
xt.xdacs.xru181.dt                           0
xt.xdacs.s182                         0.359055
xt.xdacs.xru182.dt                           0
xt.xdacs.s183                         0.361018
xt.xdacs.xru183.dt                           0
xt.xdacs.s184                          0.36298
xt.xdacs.xru184.dt                           0
xt.xdacs.s185                         0.364942
xt.xdacs.xru185.dt                           0
xt.xdacs.s186                         0.366904
xt.xdacs.xru186.dt                           0
xt.xdacs.s187                         0.368866
xt.xdacs.xru187.dt                           0
xt.xdacs.s188                         0.370828
xt.xdacs.xru188.dt                           0
xt.xdacs.s189                          0.37279
xt.xdacs.xru189.dt                           0
xt.xdacs.s190                         0.374752
xt.xdacs.xru190.dt                           0
xt.xdacs.s191                         0.376714
xt.xdacs.xru191.dt                           0
xt.xdacs.s192                         0.378676
xt.xdacs.xru192.dt                           0
xt.xdacs.s193                         0.380638
xt.xdacs.xru193.dt                           0
xt.xdacs.s194                           0.3826
xt.xdacs.xru194.dt                           0
xt.xdacs.s195                         0.384562
xt.xdacs.xru195.dt                           0
xt.xdacs.s196                         0.386524
xt.xdacs.xru196.dt                           0
xt.xdacs.s197                         0.388486
xt.xdacs.xru197.dt                           0
xt.xdacs.s198                         0.390448
xt.xdacs.xru198.dt                           0
xt.xdacs.s199                          0.39241
xt.xdacs.xru199.dt                           0
xt.xdacs.s200                         0.394373
xt.xdacs.xru200.dt                           0
xt.xdacs.s201                         0.396335
xt.xdacs.xru201.dt                           0
xt.xdacs.s202                         0.398297
xt.xdacs.xru202.dt                           0
xt.xdacs.s203                         0.400259
xt.xdacs.xru203.dt                           0
xt.xdacs.s204                         0.402221
xt.xdacs.xru204.dt                           0
xt.xdacs.s205                         0.404183
xt.xdacs.xru205.dt                           0
xt.xdacs.s206                         0.406145
xt.xdacs.xru206.dt                           0
xt.xdacs.s207                         0.408107
xt.xdacs.xru207.dt                           0
xt.xdacs.s208                         0.410069
xt.xdacs.xru208.dt                           0
xt.xdacs.s209                         0.412031
xt.xdacs.xru209.dt                           0
xt.xdacs.s210                         0.413993
xt.xdacs.xru210.dt                           0
xt.xdacs.s211                         0.415955
xt.xdacs.xru211.dt                           0
xt.xdacs.s212                         0.417917
xt.xdacs.xru212.dt                           0
xt.xdacs.s213                         0.419879
xt.xdacs.xru213.dt                           0
xt.xdacs.s214                         0.421841
xt.xdacs.xru214.dt                           0
xt.xdacs.s215                         0.423803
xt.xdacs.xru215.dt                           0
xt.xdacs.s216                         0.425766
xt.xdacs.xru216.dt                           0
xt.xdacs.s217                         0.427728
xt.xdacs.xru217.dt                           0
xt.xdacs.s218                          0.42969
xt.xdacs.xru218.dt                           0
xt.xdacs.s219                         0.431652
xt.xdacs.xru219.dt                           0
xt.xdacs.s220                         0.433614
xt.xdacs.xru220.dt                           0
xt.xdacs.s221                         0.435576
xt.xdacs.xru221.dt                           0
xt.xdacs.s222                         0.437538
xt.xdacs.xru222.dt                           0
xt.xdacs.s223                           0.4395
xt.xdacs.xru223.dt                           0
xt.xdacs.s224                         0.441462
xt.xdacs.xru224.dt                           0
xt.xdacs.s225                         0.443424
xt.xdacs.xru225.dt                           0
xt.xdacs.s226                         0.445386
xt.xdacs.xru226.dt                           0
xt.xdacs.s227                         0.447348
xt.xdacs.xru227.dt                           0
xt.xdacs.s228                          0.44931
xt.xdacs.xru228.dt                           0
xt.xdacs.s229                         0.451272
xt.xdacs.xru229.dt                           0
xt.xdacs.s230                         0.453234
xt.xdacs.xru230.dt                           0
xt.xdacs.s231                         0.455197
xt.xdacs.xru231.dt                           0
xt.xdacs.s232                         0.457159
xt.xdacs.xru232.dt                           0
xt.xdacs.s233                         0.459121
xt.xdacs.xru233.dt                           0
xt.xdacs.s234                         0.461083
xt.xdacs.xru234.dt                           0
xt.xdacs.s235                         0.463045
xt.xdacs.xru235.dt                           0
xt.xdacs.s236                         0.465007
xt.xdacs.xru236.dt                           0
xt.xdacs.s237                         0.466969
xt.xdacs.xru237.dt                           0
xt.xdacs.s238                         0.468931
xt.xdacs.xru238.dt                           0
xt.xdacs.s239                         0.470893
xt.xdacs.xru239.dt                           0
xt.xdacs.s240                         0.472855
xt.xdacs.xru240.dt                           0
xt.xdacs.s241                         0.474817
xt.xdacs.xru241.dt                           0
xt.xdacs.s242                         0.476779
xt.xdacs.xru242.dt                           0
xt.xdacs.s243                         0.478741
xt.xdacs.xru243.dt                           0
xt.xdacs.s244                         0.480703
xt.xdacs.xru244.dt                           0
xt.xdacs.s245                         0.482665
xt.xdacs.xru245.dt                           0
xt.xdacs.s246                         0.484628
xt.xdacs.xru246.dt                           0
xt.xdacs.s247                          0.48659
xt.xdacs.xru247.dt                           0
xt.xdacs.s248                         0.488552
xt.xdacs.xru248.dt                           0
xt.xdacs.s249                         0.490514
xt.xdacs.xru249.dt                           0
xt.xdacs.s250                         0.492476
xt.xdacs.xru250.dt                           0
xt.xdacs.s251                         0.494438
xt.xdacs.xru251.dt                           0
xt.xdacs.s252                           0.4964
xt.xdacs.xru252.dt                           0
xt.xdacs.s253                         0.498362
xt.xdacs.xru253.dt                           0
xt.xdacs.t0                           0.500324
xt.xdacs.xru254.dt                           0
xt.xdacs.t1                           0.502286
xt.xdacs.xru255.dt                           0
xt.xdacs.t2                           0.504248
xt.xdacs.xru256.dt                           0
xt.xdacs.t3                            0.50621
xt.xdacs.xru257.dt                           0
xt.xdacs.t4                           0.508172
xt.xdacs.xru258.dt                           0
xt.xdacs.t5                           0.510134
xt.xdacs.xru259.dt                           0
xt.xdacs.t6                           0.512096
xt.xdacs.xru260.dt                           0
xt.xdacs.t7                           0.514059
xt.xdacs.xru261.dt                           0
xt.xdacs.t8                           0.516021
xt.xdacs.xru262.dt                           0
xt.xdacs.t9                           0.517983
xt.xdacs.xru263.dt                           0
xt.xdacs.t10                          0.519945
xt.xdacs.xru264.dt                           0
xt.xdacs.t11                          0.521907
xt.xdacs.xru265.dt                           0
xt.xdacs.t12                          0.523869
xt.xdacs.xru266.dt                           0
xt.xdacs.t13                          0.525831
xt.xdacs.xru267.dt                           0
xt.xdacs.t14                          0.527793
xt.xdacs.xru268.dt                           0
xt.xdacs.t15                          0.529755
xt.xdacs.xru269.dt                           0
xt.xdacs.t16                          0.531717
xt.xdacs.xru270.dt                           0
xt.xdacs.t17                          0.533679
xt.xdacs.xru271.dt                           0
xt.xdacs.t18                          0.535641
xt.xdacs.xru272.dt                           0
xt.xdacs.t19                          0.537603
xt.xdacs.xru273.dt                           0
xt.xdacs.t20                          0.539565
xt.xdacs.xru274.dt                           0
xt.xdacs.t21                          0.541528
xt.xdacs.xru275.dt                           0
xt.xdacs.t22                           0.54349
xt.xdacs.xru276.dt                           0
xt.xdacs.t23                          0.545452
xt.xdacs.xru277.dt                           0
xt.xdacs.t24                          0.547414
xt.xdacs.xru278.dt                           0
xt.xdacs.t25                          0.549376
xt.xdacs.xru279.dt                           0
xt.xdacs.t26                          0.551338
xt.xdacs.xru280.dt                           0
xt.xdacs.t27                            0.5533
xt.xdacs.xru281.dt                           0
xt.xdacs.t28                          0.555262
xt.xdacs.xru282.dt                           0
xt.xdacs.t29                          0.557224
xt.xdacs.xru283.dt                           0
xt.xdacs.t30                          0.559186
xt.xdacs.xru284.dt                           0
xt.xdacs.t31                          0.561148
xt.xdacs.xru285.dt                           0
xt.xdacs.t32                           0.56311
xt.xdacs.xru286.dt                           0
xt.xdacs.t33                          0.565072
xt.xdacs.xru287.dt                           0
xt.xdacs.t34                          0.567035
xt.xdacs.xru288.dt                           0
xt.xdacs.t35                          0.568997
xt.xdacs.xru289.dt                           0
xt.xdacs.t36                          0.570959
xt.xdacs.xru290.dt                           0
xt.xdacs.t37                          0.572921
xt.xdacs.xru291.dt                           0
xt.xdacs.t38                          0.574883
xt.xdacs.xru292.dt                           0
xt.xdacs.t39                          0.576845
xt.xdacs.xru293.dt                           0
xt.xdacs.t40                          0.578807
xt.xdacs.xru294.dt                           0
xt.xdacs.t41                          0.580769
xt.xdacs.xru295.dt                           0
xt.xdacs.t42                          0.582731
xt.xdacs.xru296.dt                           0
xt.xdacs.t43                          0.584693
xt.xdacs.xru297.dt                           0
xt.xdacs.t44                          0.586655
xt.xdacs.xru298.dt                           0
xt.xdacs.t45                          0.588617
xt.xdacs.xru299.dt                           0
xt.xdacs.t46                          0.590579
xt.xdacs.xru300.dt                           0
xt.xdacs.t47                          0.592542
xt.xdacs.xru301.dt                           0
xt.xdacs.t48                          0.594504
xt.xdacs.xru302.dt                           0
xt.xdacs.t49                          0.596466
xt.xdacs.xru303.dt                           0
xt.xdacs.t50                          0.598428
xt.xdacs.xru304.dt                           0
xt.xdacs.t51                           0.60039
xt.xdacs.xru305.dt                           0
xt.xdacs.t52                          0.602352
xt.xdacs.xru306.dt                           0
xt.xdacs.t53                          0.604314
xt.xdacs.xru307.dt                           0
xt.xdacs.t54                          0.606276
xt.xdacs.xru308.dt                           0
xt.xdacs.t55                          0.608238
xt.xdacs.xru309.dt                           0
xt.xdacs.t56                            0.6102
xt.xdacs.xru310.dt                           0
xt.xdacs.t57                          0.612162
xt.xdacs.xru311.dt                           0
xt.xdacs.t58                          0.614124
xt.xdacs.xru312.dt                           0
xt.xdacs.t59                          0.616087
xt.xdacs.xru313.dt                           0
xt.xdacs.t60                          0.618049
xt.xdacs.xru314.dt                           0
xt.xdacs.t61                          0.620011
xt.xdacs.xru315.dt                           0
xt.xdacs.t62                          0.621973
xt.xdacs.xru316.dt                           0
xt.xdacs.t63                          0.623935
xt.xdacs.xru317.dt                           0
xt.xdacs.t64                          0.625897
xt.xdacs.xru318.dt                           0
xt.xdacs.t65                          0.627859
xt.xdacs.xru319.dt                           0
xt.xdacs.t66                          0.629821
xt.xdacs.xru320.dt                           0
xt.xdacs.t67                          0.631783
xt.xdacs.xru321.dt                           0
xt.xdacs.t68                          0.633745
xt.xdacs.xru322.dt                           0
xt.xdacs.t69                          0.635707
xt.xdacs.xru323.dt                           0
xt.xdacs.t70                          0.637669
xt.xdacs.xru324.dt                           0
xt.xdacs.t71                          0.639632
xt.xdacs.xru325.dt                           0
xt.xdacs.t72                          0.641594
xt.xdacs.xru326.dt                           0
xt.xdacs.t73                          0.643556
xt.xdacs.xru327.dt                           0
xt.xdacs.t74                          0.645518
xt.xdacs.xru328.dt                           0
xt.xdacs.t75                           0.64748
xt.xdacs.xru329.dt                           0
xt.xdacs.t76                          0.649442
xt.xdacs.xru330.dt                           0
xt.xdacs.t77                          0.651404
xt.xdacs.xru331.dt                           0
xt.xdacs.t78                          0.653366
xt.xdacs.xru332.dt                           0
xt.xdacs.t79                          0.655328
xt.xdacs.xru333.dt                           0
xt.xdacs.t80                           0.65729
xt.xdacs.xru334.dt                           0
xt.xdacs.t81                          0.659252
xt.xdacs.xru335.dt                           0
xt.xdacs.t82                          0.661214
xt.xdacs.xru336.dt                           0
xt.xdacs.t83                          0.663177
xt.xdacs.xru337.dt                           0
xt.xdacs.t84                          0.665139
xt.xdacs.xru338.dt                           0
xt.xdacs.t85                          0.667101
xt.xdacs.xru339.dt                           0
xt.xdacs.t86                          0.669063
xt.xdacs.xru340.dt                           0
xt.xdacs.t87                          0.671025
xt.xdacs.xru341.dt                           0
xt.xdacs.t88                          0.672987
xt.xdacs.xru342.dt                           0
xt.xdacs.t89                          0.674949
xt.xdacs.xru343.dt                           0
xt.xdacs.t90                          0.676911
xt.xdacs.xru344.dt                           0
xt.xdacs.t91                          0.678873
xt.xdacs.xru345.dt                           0
xt.xdacs.t92                          0.680835
xt.xdacs.xru346.dt                           0
xt.xdacs.t93                          0.682797
xt.xdacs.xru347.dt                           0
xt.xdacs.t94                           0.68476
xt.xdacs.xru348.dt                           0
xt.xdacs.t95                          0.686722
xt.xdacs.xru349.dt                           0
xt.xdacs.t96                          0.688684
xt.xdacs.xru350.dt                           0
xt.xdacs.t97                          0.690646
xt.xdacs.xru351.dt                           0
xt.xdacs.t98                          0.692608
xt.xdacs.xru352.dt                           0
xt.xdacs.t99                           0.69457
xt.xdacs.xru353.dt                           0
xt.xdacs.t100                         0.696532
xt.xdacs.xru354.dt                           0
xt.xdacs.t101                         0.698494
xt.xdacs.xru355.dt                           0
xt.xdacs.t102                         0.700456
xt.xdacs.xru356.dt                           0
xt.xdacs.t103                         0.702418
xt.xdacs.xru357.dt                           0
xt.xdacs.t104                         0.704381
xt.xdacs.xru358.dt                           0
xt.xdacs.t105                         0.706343
xt.xdacs.xru359.dt                           0
xt.xdacs.t106                         0.708305
xt.xdacs.xru360.dt                           0
xt.xdacs.t107                         0.710267
xt.xdacs.xru361.dt                           0
xt.xdacs.t108                         0.712229
xt.xdacs.xru362.dt                           0
xt.xdacs.t109                         0.714191
xt.xdacs.xru363.dt                           0
xt.xdacs.t110                         0.716153
xt.xdacs.xru364.dt                           0
xt.xdacs.t111                         0.718115
xt.xdacs.xru365.dt                           0
xt.xdacs.t112                         0.720077
xt.xdacs.xru366.dt                           0
xt.xdacs.t113                         0.722039
xt.xdacs.xru367.dt                           0
xt.xdacs.t114                         0.724001
xt.xdacs.xru368.dt                           0
xt.xdacs.t115                         0.725964
xt.xdacs.xru369.dt                           0
xt.xdacs.t116                         0.727926
xt.xdacs.xru370.dt                           0
xt.xdacs.t117                         0.729888
xt.xdacs.xru371.dt                           0
xt.xdacs.t118                          0.73185
xt.xdacs.xru372.dt                           0
xt.xdacs.t119                         0.733812
xt.xdacs.xru373.dt                           0
xt.xdacs.t120                         0.735774
xt.xdacs.xru374.dt                           0
xt.xdacs.t121                         0.737736
xt.xdacs.xru375.dt                           0
xt.xdacs.t122                         0.739698
xt.xdacs.xru376.dt                           0
xt.xdacs.t123                          0.74166
xt.xdacs.xru377.dt                           0
xt.xdacs.t124                         0.743622
xt.xdacs.xru378.dt                           0
xt.xdacs.t125                         0.745585
xt.xdacs.xru379.dt                           0
xt.xdacs.t126                         0.747547
xt.xdacs.xru380.dt                           0
xt.xdacs.t127                         0.749509
xt.xdacs.xru381.dt                           0
xt.xdacs.t128                         0.751471
xt.xdacs.xru382.dt                           0
xt.xdacs.t129                         0.753433
xt.xdacs.xru383.dt                           0
xt.xdacs.t130                         0.755395
xt.xdacs.xru384.dt                           0
xt.xdacs.t131                         0.757357
xt.xdacs.xru385.dt                           0
xt.xdacs.t132                         0.759319
xt.xdacs.xru386.dt                           0
xt.xdacs.t133                         0.761281
xt.xdacs.xru387.dt                           0
xt.xdacs.t134                         0.763244
xt.xdacs.xru388.dt                           0
xt.xdacs.t135                         0.765206
xt.xdacs.xru389.dt                           0
xt.xdacs.t136                         0.767168
xt.xdacs.xru390.dt                           0
xt.xdacs.t137                          0.76913
xt.xdacs.xru391.dt                           0
xt.xdacs.t138                         0.771092
xt.xdacs.xru392.dt                           0
xt.xdacs.t139                         0.773054
xt.xdacs.xru393.dt                           0
xt.xdacs.t140                         0.775016
xt.xdacs.xru394.dt                           0
xt.xdacs.t141                         0.776978
xt.xdacs.xru395.dt                           0
xt.xdacs.t142                          0.77894
xt.xdacs.xru396.dt                           0
xt.xdacs.t143                         0.780902
xt.xdacs.xru397.dt                           0
xt.xdacs.t144                         0.782865
xt.xdacs.xru398.dt                           0
xt.xdacs.t145                         0.784827
xt.xdacs.xru399.dt                           0
xt.xdacs.t146                         0.786789
xt.xdacs.xru400.dt                           0
xt.xdacs.t147                         0.788751
xt.xdacs.xru401.dt                           0
xt.xdacs.t148                         0.790713
xt.xdacs.xru402.dt                           0
xt.xdacs.t149                         0.792675
xt.xdacs.xru403.dt                           0
xt.xdacs.t150                         0.794637
xt.xdacs.xru404.dt                           0
xt.xdacs.t151                         0.796599
xt.xdacs.xru405.dt                           0
xt.xdacs.t152                         0.798561
xt.xdacs.xru406.dt                           0
xt.xdacs.t153                         0.800524
xt.xdacs.xru407.dt                           0
xt.xdacs.t154                         0.802486
xt.xdacs.xru408.dt                           0
xt.xdacs.t155                         0.804448
xt.xdacs.xru409.dt                           0
xt.xdacs.t156                          0.80641
xt.xdacs.xru410.dt                           0
xt.xdacs.t157                         0.808372
xt.xdacs.xru411.dt                           0
xt.xdacs.t158                         0.810334
xt.xdacs.xru412.dt                           0
xt.xdacs.t159                         0.812296
xt.xdacs.xru413.dt                           0
xt.xdacs.t160                         0.814258
xt.xdacs.xru414.dt                           0
xt.xdacs.t161                          0.81622
xt.xdacs.xru415.dt                           0
xt.xdacs.t162                         0.818183
xt.xdacs.xru416.dt                           0
xt.xdacs.t163                         0.820145
xt.xdacs.xru417.dt                           0
xt.xdacs.t164                         0.822107
xt.xdacs.xru418.dt                           0
xt.xdacs.t165                         0.824069
xt.xdacs.xru419.dt                           0
xt.xdacs.t166                         0.826031
xt.xdacs.xru420.dt                           0
xt.xdacs.t167                         0.827993
xt.xdacs.xru421.dt                           0
xt.xdacs.t168                         0.829955
xt.xdacs.xru422.dt                           0
xt.xdacs.t169                         0.831917
xt.xdacs.xru423.dt                           0
xt.xdacs.t170                          0.83388
xt.xdacs.xru424.dt                           0
xt.xdacs.t171                         0.835842
xt.xdacs.xru425.dt                           0
xt.xdacs.t172                         0.837804
xt.xdacs.xru426.dt                           0
xt.xdacs.t173                         0.839766
xt.xdacs.xru427.dt                           0
xt.xdacs.t174                         0.841728
xt.xdacs.xru428.dt                           0
xt.xdacs.t175                          0.84369
xt.xdacs.xru429.dt                           0
xt.xdacs.t176                         0.845652
xt.xdacs.xru430.dt                           0
xt.xdacs.t177                         0.847614
xt.xdacs.xru431.dt                           0
xt.xdacs.t178                         0.849577
xt.xdacs.xru432.dt                           0
xt.xdacs.t179                         0.851539
xt.xdacs.xru433.dt                           0
xt.xdacs.t180                         0.853501
xt.xdacs.xru434.dt                           0
xt.xdacs.t181                         0.855463
xt.xdacs.xru435.dt                           0
xt.xdacs.t182                         0.857425
xt.xdacs.xru436.dt                           0
xt.xdacs.t183                         0.859387
xt.xdacs.xru437.dt                           0
xt.xdacs.t184                         0.861349
xt.xdacs.xru438.dt                           0
xt.xdacs.t185                         0.863311
xt.xdacs.xru439.dt                           0
xt.xdacs.t186                         0.865273
xt.xdacs.xru440.dt                           0
xt.xdacs.t187                         0.867236
xt.xdacs.xru441.dt                           0
xt.xdacs.t188                         0.869198
xt.xdacs.xru442.dt                           0
xt.xdacs.t189                          0.87116
xt.xdacs.xru443.dt                           0
xt.xdacs.t190                         0.873122
xt.xdacs.xru444.dt                           0
xt.xdacs.t191                         0.875084
xt.xdacs.xru445.dt                           0
xt.xdacs.t192                         0.877046
xt.xdacs.xru446.dt                           0
xt.xdacs.t193                         0.879008
xt.xdacs.xru447.dt                           0
xt.xdacs.t194                          0.88097
xt.xdacs.xru448.dt                           0
xt.xdacs.t195                         0.882933
xt.xdacs.xru449.dt                           0
xt.xdacs.t196                         0.884895
xt.xdacs.xru450.dt                           0
xt.xdacs.t197                         0.886857
xt.xdacs.xru451.dt                           0
xt.xdacs.t198                         0.888819
xt.xdacs.xru452.dt                           0
xt.xdacs.t199                         0.890781
xt.xdacs.xru453.dt                           0
xt.xdacs.t200                         0.892743
xt.xdacs.xru454.dt                           0
xt.xdacs.t201                         0.894705
xt.xdacs.xru455.dt                           0
xt.xdacs.t202                         0.896668
xt.xdacs.xru456.dt                           0
xt.xdacs.t203                          0.89863
xt.xdacs.xru457.dt                           0
xt.xdacs.t204                         0.900592
xt.xdacs.xru458.dt                           0
xt.xdacs.t205                         0.902554
xt.xdacs.xru459.dt                           0
xt.xdacs.t206                         0.904516
xt.xdacs.xru460.dt                           0
xt.xdacs.t207                         0.906478
xt.xdacs.xru461.dt                           0
xt.xdacs.t208                          0.90844
xt.xdacs.xru462.dt                           0
xt.xdacs.t209                         0.910402
xt.xdacs.xru463.dt                           0
xt.xdacs.t210                         0.912365
xt.xdacs.xru464.dt                           0
xt.xdacs.t211                         0.914327
xt.xdacs.xru465.dt                           0
xt.xdacs.t212                         0.916289
xt.xdacs.xru466.dt                           0
xt.xdacs.t213                         0.918251
xt.xdacs.xru467.dt                           0
xt.xdacs.t214                         0.920213
xt.xdacs.xru468.dt                           0
xt.xdacs.t215                         0.922175
xt.xdacs.xru469.dt                           0
xt.xdacs.t216                         0.924137
xt.xdacs.xru470.dt                           0
xt.xdacs.t217                           0.9261
xt.xdacs.xru471.dt                           0
xt.xdacs.t218                         0.928062
xt.xdacs.xru472.dt                           0
xt.xdacs.t219                         0.930024
xt.xdacs.xru473.dt                           0
xt.xdacs.t220                         0.931986
xt.xdacs.xru474.dt                           0
xt.xdacs.t221                         0.933948
xt.xdacs.xru475.dt                           0
xt.xdacs.t222                          0.93591
xt.xdacs.xru476.dt                           0
xt.xdacs.t223                         0.937872
xt.xdacs.xru477.dt                           0
xt.xdacs.t224                         0.939834
xt.xdacs.xru478.dt                           0
xt.xdacs.t225                         0.941797
xt.xdacs.xru479.dt                           0
xt.xdacs.t226                         0.943759
xt.xdacs.xru480.dt                           0
xt.xdacs.t227                         0.945721
xt.xdacs.xru481.dt                           0
xt.xdacs.t228                         0.947683
xt.xdacs.xru482.dt                           0
xt.xdacs.t229                         0.949645
xt.xdacs.xru483.dt                           0
xt.xdacs.t230                         0.951607
xt.xdacs.xru484.dt                           0
xt.xdacs.t231                         0.953569
xt.xdacs.xru485.dt                           0
xt.xdacs.t232                         0.955532
xt.xdacs.xru486.dt                           0
xt.xdacs.t233                         0.957494
xt.xdacs.xru487.dt                           0
xt.xdacs.t234                         0.959456
xt.xdacs.xru488.dt                           0
xt.xdacs.t235                         0.961418
xt.xdacs.xru489.dt                           0
xt.xdacs.t236                          0.96338
xt.xdacs.xru490.dt                           0
xt.xdacs.t237                         0.965342
xt.xdacs.xru491.dt                           0
xt.xdacs.t238                         0.967304
xt.xdacs.xru492.dt                           0
xt.xdacs.t239                         0.969267
xt.xdacs.xru493.dt                           0
xt.xdacs.t240                         0.971229
xt.xdacs.xru494.dt                           0
xt.xdacs.t241                         0.973191
xt.xdacs.xru495.dt                           0
xt.xdacs.t242                         0.975153
xt.xdacs.xru496.dt                           0
xt.xdacs.t243                         0.977115
xt.xdacs.xru497.dt                           0
xt.xdacs.t244                         0.979077
xt.xdacs.xru498.dt                           0
xt.xdacs.t245                         0.981039
xt.xdacs.xru499.dt                           0
xt.xdacs.t246                         0.983002
xt.xdacs.xru500.dt                           0
xt.xdacs.t247                         0.984964
xt.xdacs.xru501.dt                           0
xt.xdacs.t248                         0.986926
xt.xdacs.xru502.dt                           0
xt.xdacs.t249                         0.988888
xt.xdacs.xru503.dt                           0
xt.xdacs.t250                          0.99085
xt.xdacs.xru504.dt                           0
xt.xdacs.t251                         0.992812
xt.xdacs.xru505.dt                           0
xt.xdacs.t252                         0.994775
xt.xdacs.xru506.dt                           0
xt.xdacs.t253                         0.996737
xt.xdacs.xru507.dt                           0
xt.xdacs.t254                         0.998699
xt.xdacs.xru508.dt                           0
xt.xdacs.t255                          1.00066
xt.xdacs.xru509.dt                           0
xt.xdacs.s510                          1.00262
xt.xdacs.xru510.dt                           0
xt.xdacs.s511                          1.00459
xt.xdacs.xru511.dt                           0
xt.xdacs.s512                          1.00655
xt.xdacs.xru512.dt                           0
xt.xdacs.s513                          1.00851
xt.xdacs.xru513.dt                           0
xt.xdacs.s514                          1.01047
xt.xdacs.xru514.dt                           0
xt.xdacs.s515                          1.01243
xt.xdacs.xru515.dt                           0
xt.xdacs.s516                           1.0144
xt.xdacs.xru516.dt                           0
xt.xdacs.s517                          1.01636
xt.xdacs.xru517.dt                           0
xt.xdacs.s518                          1.01832
xt.xdacs.xru518.dt                           0
xt.xdacs.s519                          1.02028
xt.xdacs.xru519.dt                           0
xt.xdacs.s520                          1.02224
xt.xdacs.xru520.dt                           0
xt.xdacs.s521                          1.02421
xt.xdacs.xru521.dt                           0
xt.xdacs.s522                          1.02617
xt.xdacs.xru522.dt                           0
xt.xdacs.s523                          1.02813
xt.xdacs.xru523.dt                           0
xt.xdacs.s524                          1.03009
xt.xdacs.xru524.dt                           0
xt.xdacs.s525                          1.03206
xt.xdacs.xru525.dt                           0
xt.xdacs.s526                          1.03402
xt.xdacs.xru526.dt                           0
xt.xdacs.s527                          1.03598
xt.xdacs.xru527.dt                           0
xt.xdacs.s528                          1.03794
xt.xdacs.xru528.dt                           0
xt.xdacs.xru529.dt                           0
xt.xdacs.xlu0.ab                   7.74615e-08
xt.xdacs.xlu0.nb                   1.04892e-09
xt.xdacs.xlu0.n                            3.3
xt.xdacs.dh0                               3.3
xt.xdacs.dhn0                      9.49542e-10
xt.xdacs.xlu1.ab                           1.2
xt.xdacs.xlu1.nb                           3.3
xt.xdacs.xlu1.n                    1.04892e-09
xt.xdacs.dh1                       9.49541e-10
xt.xdacs.dhn1                              3.3
xt.xdacs.xlu2.ab                           1.2
xt.xdacs.xlu2.nb                           3.3
xt.xdacs.xlu2.n                    1.04892e-09
xt.xdacs.dh2                        9.4954e-10
xt.xdacs.dhn2                              3.3
xt.xdacs.xlu3.ab                   7.74615e-08
xt.xdacs.xlu3.nb                   1.04892e-09
xt.xdacs.xlu3.n                            3.3
xt.xdacs.dh3                               3.3
xt.xdacs.dhn3                       9.4954e-10
xt.xdacs.xlu4.ab                   7.74615e-08
xt.xdacs.xlu4.nb                   1.04892e-09
xt.xdacs.xlu4.n                            3.3
xt.xdacs.dh4                               3.3
xt.xdacs.dhn4                       9.4954e-10
xt.xdacs.xlu5.ab                           1.2
xt.xdacs.xlu5.nb                           3.3
xt.xdacs.xlu5.n                    1.04892e-09
xt.xdacs.dh5                       9.49541e-10
xt.xdacs.dhn5                              3.3
xt.xdacs.xlu6.ab                           1.2
xt.xdacs.xlu6.nb                           3.3
xt.xdacs.xlu6.n                    1.04892e-09
xt.xdacs.dh6                       9.49541e-10
xt.xdacs.dhn6                              3.3
xt.xdacs.xlu7.ab                   7.74615e-08
xt.xdacs.xlu7.nb                   1.04892e-09
xt.xdacs.xlu7.n                            3.3
xt.xdacs.dh7                               3.3
xt.xdacs.dhn7                       9.4954e-10
xt.xdacs.m0_0                         0.502286
xt.xdacs.m0_1                          0.50621
xt.xdacs.m0_2                         0.510134
xt.xdacs.m0_3                         0.514059
xt.xdacs.m0_4                         0.517983
xt.xdacs.m0_5                         0.521907
xt.xdacs.m0_6                         0.525831
xt.xdacs.m0_7                         0.529755
xt.xdacs.m0_8                         0.533679
xt.xdacs.m0_9                         0.537603
xt.xdacs.m0_10                        0.541528
xt.xdacs.m0_11                        0.545452
xt.xdacs.m0_12                        0.549376
xt.xdacs.m0_13                          0.5533
xt.xdacs.m0_14                        0.557224
xt.xdacs.m0_15                        0.561148
xt.xdacs.m0_16                        0.565072
xt.xdacs.m0_17                        0.568997
xt.xdacs.m0_18                        0.572921
xt.xdacs.m0_19                        0.576845
xt.xdacs.m0_20                        0.580769
xt.xdacs.m0_21                        0.584693
xt.xdacs.m0_22                        0.588617
xt.xdacs.m0_23                        0.592542
xt.xdacs.m0_24                        0.596466
xt.xdacs.m0_25                         0.60039
xt.xdacs.m0_26                        0.604314
xt.xdacs.m0_27                        0.608238
xt.xdacs.m0_28                        0.612162
xt.xdacs.m0_29                        0.616087
xt.xdacs.m0_30                        0.620011
xt.xdacs.m0_31                        0.623935
xt.xdacs.m0_32                        0.627859
xt.xdacs.m0_33                        0.631783
xt.xdacs.m0_34                        0.635707
xt.xdacs.m0_35                        0.639632
xt.xdacs.m0_36                        0.643556
xt.xdacs.m0_37                         0.64748
xt.xdacs.m0_38                        0.651404
xt.xdacs.m0_39                        0.655328
xt.xdacs.m0_40                        0.659252
xt.xdacs.m0_41                        0.663177
xt.xdacs.m0_42                        0.667101
xt.xdacs.m0_43                        0.671025
xt.xdacs.m0_44                        0.674949
xt.xdacs.m0_45                        0.678873
xt.xdacs.m0_46                        0.682797
xt.xdacs.m0_47                        0.686722
xt.xdacs.m0_48                        0.690646
xt.xdacs.m0_49                         0.69457
xt.xdacs.m0_50                        0.698494
xt.xdacs.m0_51                        0.702418
xt.xdacs.m0_52                        0.706343
xt.xdacs.m0_53                        0.710267
xt.xdacs.m0_54                        0.714191
xt.xdacs.m0_55                        0.718115
xt.xdacs.m0_56                        0.722039
xt.xdacs.m0_57                        0.725964
xt.xdacs.m0_58                        0.729888
xt.xdacs.m0_59                        0.733812
xt.xdacs.m0_60                        0.737736
xt.xdacs.m0_61                         0.74166
xt.xdacs.m0_62                        0.745585
xt.xdacs.m0_63                        0.749509
xt.xdacs.m0_64                        0.753433
xt.xdacs.m0_65                        0.757357
xt.xdacs.m0_66                        0.761281
xt.xdacs.m0_67                        0.765206
xt.xdacs.m0_68                         0.76913
xt.xdacs.m0_69                        0.773054
xt.xdacs.m0_70                        0.776978
xt.xdacs.m0_71                        0.780902
xt.xdacs.m0_72                        0.784827
xt.xdacs.m0_73                        0.788751
xt.xdacs.m0_74                        0.792675
xt.xdacs.m0_75                        0.796599
xt.xdacs.m0_76                        0.800524
xt.xdacs.m0_77                        0.804448
xt.xdacs.m0_78                        0.808372
xt.xdacs.m0_79                        0.812296
xt.xdacs.m0_80                         0.81622
xt.xdacs.m0_81                        0.820145
xt.xdacs.m0_82                        0.824069
xt.xdacs.m0_83                        0.827993
xt.xdacs.m0_84                        0.831917
xt.xdacs.m0_85                        0.835842
xt.xdacs.m0_86                        0.839766
xt.xdacs.m0_87                         0.84369
xt.xdacs.m0_88                        0.847614
xt.xdacs.m0_89                        0.851539
xt.xdacs.m0_90                        0.855463
xt.xdacs.m0_91                        0.859387
xt.xdacs.m0_92                        0.863311
xt.xdacs.m0_93                        0.867236
xt.xdacs.m0_94                         0.87116
xt.xdacs.m0_95                        0.875084
xt.xdacs.m0_96                        0.879008
xt.xdacs.m0_97                        0.882933
xt.xdacs.m0_98                        0.886857
xt.xdacs.m0_99                        0.890781
xt.xdacs.m0_100                       0.894705
xt.xdacs.m0_101                        0.89863
xt.xdacs.m0_102                       0.902554
xt.xdacs.m0_103                       0.906478
xt.xdacs.m0_104                       0.910402
xt.xdacs.m0_105                       0.914327
xt.xdacs.m0_106                       0.918251
xt.xdacs.m0_107                       0.922175
xt.xdacs.m0_108                       0.926099
xt.xdacs.m0_109                       0.930024
xt.xdacs.m0_110                       0.933948
xt.xdacs.m0_111                       0.937872
xt.xdacs.m0_112                       0.941797
xt.xdacs.m0_113                       0.945721
xt.xdacs.m0_114                       0.949645
xt.xdacs.m0_115                       0.953569
xt.xdacs.m0_116                       0.957494
xt.xdacs.m0_117                       0.961418
xt.xdacs.m0_118                       0.965342
xt.xdacs.m0_119                       0.969267
xt.xdacs.m0_120                       0.973191
xt.xdacs.m0_121                       0.977115
xt.xdacs.m0_122                       0.981039
xt.xdacs.m0_123                       0.984964
xt.xdacs.m0_124                       0.988888
xt.xdacs.m0_125                       0.992812
xt.xdacs.m0_126                       0.996737
xt.xdacs.m0_127                        1.00066
xt.xdacs.m1_0                         0.502286
xt.xdacs.m1_1                         0.510134
xt.xdacs.m1_2                         0.517983
xt.xdacs.m1_3                         0.525831
xt.xdacs.m1_4                         0.533679
xt.xdacs.m1_5                         0.541528
xt.xdacs.m1_6                         0.549376
xt.xdacs.m1_7                         0.557224
xt.xdacs.m1_8                         0.565072
xt.xdacs.m1_9                         0.572921
xt.xdacs.m1_10                        0.580769
xt.xdacs.m1_11                        0.588617
xt.xdacs.m1_12                        0.596466
xt.xdacs.m1_13                        0.604314
xt.xdacs.m1_14                        0.612162
xt.xdacs.m1_15                        0.620011
xt.xdacs.m1_16                        0.627859
xt.xdacs.m1_17                        0.635707
xt.xdacs.m1_18                        0.643556
xt.xdacs.m1_19                        0.651404
xt.xdacs.m1_20                        0.659252
xt.xdacs.m1_21                        0.667101
xt.xdacs.m1_22                        0.674949
xt.xdacs.m1_23                        0.682797
xt.xdacs.m1_24                        0.690646
xt.xdacs.m1_25                        0.698494
xt.xdacs.m1_26                        0.706343
xt.xdacs.m1_27                        0.714191
xt.xdacs.m1_28                        0.722039
xt.xdacs.m1_29                        0.729888
xt.xdacs.m1_30                        0.737736
xt.xdacs.m1_31                        0.745585
xt.xdacs.m1_32                        0.753433
xt.xdacs.m1_33                        0.761281
xt.xdacs.m1_34                         0.76913
xt.xdacs.m1_35                        0.776978
xt.xdacs.m1_36                        0.784827
xt.xdacs.m1_37                        0.792675
xt.xdacs.m1_38                        0.800524
xt.xdacs.m1_39                        0.808372
xt.xdacs.m1_40                         0.81622
xt.xdacs.m1_41                        0.824069
xt.xdacs.m1_42                        0.831917
xt.xdacs.m1_43                        0.839766
xt.xdacs.m1_44                        0.847614
xt.xdacs.m1_45                        0.855463
xt.xdacs.m1_46                        0.863311
xt.xdacs.m1_47                         0.87116
xt.xdacs.m1_48                        0.879008
xt.xdacs.m1_49                        0.886857
xt.xdacs.m1_50                        0.894705
xt.xdacs.m1_51                        0.902554
xt.xdacs.m1_52                        0.910402
xt.xdacs.m1_53                        0.918251
xt.xdacs.m1_54                        0.926099
xt.xdacs.m1_55                        0.933948
xt.xdacs.m1_56                        0.941797
xt.xdacs.m1_57                        0.949645
xt.xdacs.m1_58                        0.957494
xt.xdacs.m1_59                        0.965342
xt.xdacs.m1_60                        0.973191
xt.xdacs.m1_61                        0.981039
xt.xdacs.m1_62                        0.988888
xt.xdacs.m1_63                        0.996737
xt.xdacs.m2_0                         0.502286
xt.xdacs.m2_1                         0.517983
xt.xdacs.m2_2                         0.533679
xt.xdacs.m2_3                         0.549376
xt.xdacs.m2_4                         0.565072
xt.xdacs.m2_5                         0.580769
xt.xdacs.m2_6                         0.596466
xt.xdacs.m2_7                         0.612162
xt.xdacs.m2_8                         0.627859
xt.xdacs.m2_9                         0.643556
xt.xdacs.m2_10                        0.659252
xt.xdacs.m2_11                        0.674949
xt.xdacs.m2_12                        0.690646
xt.xdacs.m2_13                        0.706343
xt.xdacs.m2_14                        0.722039
xt.xdacs.m2_15                        0.737736
xt.xdacs.m2_16                        0.753433
xt.xdacs.m2_17                         0.76913
xt.xdacs.m2_18                        0.784827
xt.xdacs.m2_19                        0.800524
xt.xdacs.m2_20                         0.81622
xt.xdacs.m2_21                        0.831917
xt.xdacs.m2_22                        0.847614
xt.xdacs.m2_23                        0.863311
xt.xdacs.m2_24                        0.879008
xt.xdacs.m2_25                        0.894705
xt.xdacs.m2_26                        0.910402
xt.xdacs.m2_27                        0.926099
xt.xdacs.m2_28                        0.941797
xt.xdacs.m2_29                        0.957494
xt.xdacs.m2_30                        0.973191
xt.xdacs.m2_31                        0.988888
xt.xdacs.m3_0                         0.517983
xt.xdacs.m3_1                         0.549376
xt.xdacs.m3_2                         0.580769
xt.xdacs.m3_3                         0.612162
xt.xdacs.m3_4                         0.643556
xt.xdacs.m3_5                         0.674949
xt.xdacs.m3_6                         0.706343
xt.xdacs.m3_7                         0.737736
xt.xdacs.m3_8                          0.76913
xt.xdacs.m3_9                         0.800524
xt.xdacs.m3_10                        0.831917
xt.xdacs.m3_11                        0.863311
xt.xdacs.m3_12                        0.894705
xt.xdacs.m3_13                        0.926099
xt.xdacs.m3_14                        0.957494
xt.xdacs.m3_15                        0.988888
xt.xdacs.m4_0                         0.549376
xt.xdacs.m4_1                         0.612162
xt.xdacs.m4_2                         0.674949
xt.xdacs.m4_3                         0.737736
xt.xdacs.m4_4                         0.800524
xt.xdacs.m4_5                         0.863311
xt.xdacs.m4_6                         0.926099
xt.xdacs.m4_7                         0.988888
xt.xdacs.m5_0                         0.549376
xt.xdacs.m5_1                         0.674949
xt.xdacs.m5_2                         0.800524
xt.xdacs.m5_3                         0.926099
xt.xdacs.m6_0                         0.549376
xt.xdacs.m6_1                         0.800524
xt.vth_soft                           0.800524
xt.xdach.s0                         0.00196205
xt.xdach.sub!                                0
xt.xdach.xru0.dt                             0
xt.xdach.s1                         0.00392409
xt.xdach.xru1.dt                             0
xt.xdach.s2                         0.00588614
xt.xdach.xru2.dt                             0
xt.xdach.s3                         0.00784818
xt.xdach.xru3.dt                             0
xt.xdach.s4                         0.00981023
xt.xdach.xru4.dt                             0
xt.xdach.s5                          0.0117723
xt.xdach.xru5.dt                             0
xt.xdach.s6                          0.0137343
xt.xdach.xru6.dt                             0
xt.xdach.s7                          0.0156964
xt.xdach.xru7.dt                             0
xt.xdach.s8                          0.0176584
xt.xdach.xru8.dt                             0
xt.xdach.s9                          0.0196205
xt.xdach.xru9.dt                             0
xt.xdach.s10                         0.0215825
xt.xdach.xru10.dt                            0
xt.xdach.s11                         0.0235445
xt.xdach.xru11.dt                            0
xt.xdach.s12                         0.0255066
xt.xdach.xru12.dt                            0
xt.xdach.s13                         0.0274686
xt.xdach.xru13.dt                            0
xt.xdach.s14                         0.0294307
xt.xdach.xru14.dt                            0
xt.xdach.s15                         0.0313927
xt.xdach.xru15.dt                            0
xt.xdach.s16                         0.0333548
xt.xdach.xru16.dt                            0
xt.xdach.s17                         0.0353168
xt.xdach.xru17.dt                            0
xt.xdach.s18                         0.0372789
xt.xdach.xru18.dt                            0
xt.xdach.s19                         0.0392409
xt.xdach.xru19.dt                            0
xt.xdach.s20                         0.0412029
xt.xdach.xru20.dt                            0
xt.xdach.s21                          0.043165
xt.xdach.xru21.dt                            0
xt.xdach.s22                          0.045127
xt.xdach.xru22.dt                            0
xt.xdach.s23                         0.0470891
xt.xdach.xru23.dt                            0
xt.xdach.s24                         0.0490511
xt.xdach.xru24.dt                            0
xt.xdach.s25                         0.0510132
xt.xdach.xru25.dt                            0
xt.xdach.s26                         0.0529752
xt.xdach.xru26.dt                            0
xt.xdach.s27                         0.0549373
xt.xdach.xru27.dt                            0
xt.xdach.s28                         0.0568993
xt.xdach.xru28.dt                            0
xt.xdach.s29                         0.0588614
xt.xdach.xru29.dt                            0
xt.xdach.s30                         0.0608234
xt.xdach.xru30.dt                            0
xt.xdach.s31                         0.0627854
xt.xdach.xru31.dt                            0
xt.xdach.s32                         0.0647475
xt.xdach.xru32.dt                            0
xt.xdach.s33                         0.0667095
xt.xdach.xru33.dt                            0
xt.xdach.s34                         0.0686716
xt.xdach.xru34.dt                            0
xt.xdach.s35                         0.0706336
xt.xdach.xru35.dt                            0
xt.xdach.s36                         0.0725957
xt.xdach.xru36.dt                            0
xt.xdach.s37                         0.0745577
xt.xdach.xru37.dt                            0
xt.xdach.s38                         0.0765198
xt.xdach.xru38.dt                            0
xt.xdach.s39                         0.0784818
xt.xdach.xru39.dt                            0
xt.xdach.s40                         0.0804439
xt.xdach.xru40.dt                            0
xt.xdach.s41                         0.0824059
xt.xdach.xru41.dt                            0
xt.xdach.s42                          0.084368
xt.xdach.xru42.dt                            0
xt.xdach.s43                           0.08633
xt.xdach.xru43.dt                            0
xt.xdach.s44                          0.088292
xt.xdach.xru44.dt                            0
xt.xdach.s45                         0.0902541
xt.xdach.xru45.dt                            0
xt.xdach.s46                         0.0922161
xt.xdach.xru46.dt                            0
xt.xdach.s47                         0.0941782
xt.xdach.xru47.dt                            0
xt.xdach.s48                         0.0961402
xt.xdach.xru48.dt                            0
xt.xdach.s49                         0.0981023
xt.xdach.xru49.dt                            0
xt.xdach.s50                          0.100064
xt.xdach.xru50.dt                            0
xt.xdach.s51                          0.102026
xt.xdach.xru51.dt                            0
xt.xdach.s52                          0.103988
xt.xdach.xru52.dt                            0
xt.xdach.s53                           0.10595
xt.xdach.xru53.dt                            0
xt.xdach.s54                          0.107913
xt.xdach.xru54.dt                            0
xt.xdach.s55                          0.109875
xt.xdach.xru55.dt                            0
xt.xdach.s56                          0.111837
xt.xdach.xru56.dt                            0
xt.xdach.s57                          0.113799
xt.xdach.xru57.dt                            0
xt.xdach.s58                          0.115761
xt.xdach.xru58.dt                            0
xt.xdach.s59                          0.117723
xt.xdach.xru59.dt                            0
xt.xdach.s60                          0.119685
xt.xdach.xru60.dt                            0
xt.xdach.s61                          0.121647
xt.xdach.xru61.dt                            0
xt.xdach.s62                          0.123609
xt.xdach.xru62.dt                            0
xt.xdach.s63                          0.125571
xt.xdach.xru63.dt                            0
xt.xdach.s64                          0.127533
xt.xdach.xru64.dt                            0
xt.xdach.s65                          0.129495
xt.xdach.xru65.dt                            0
xt.xdach.s66                          0.131457
xt.xdach.xru66.dt                            0
xt.xdach.s67                          0.133419
xt.xdach.xru67.dt                            0
xt.xdach.s68                          0.135381
xt.xdach.xru68.dt                            0
xt.xdach.s69                          0.137343
xt.xdach.xru69.dt                            0
xt.xdach.s70                          0.139305
xt.xdach.xru70.dt                            0
xt.xdach.s71                          0.141267
xt.xdach.xru71.dt                            0
xt.xdach.s72                          0.143229
xt.xdach.xru72.dt                            0
xt.xdach.s73                          0.145191
xt.xdach.xru73.dt                            0
xt.xdach.s74                          0.147153
xt.xdach.xru74.dt                            0
xt.xdach.s75                          0.149115
xt.xdach.xru75.dt                            0
xt.xdach.s76                          0.151078
xt.xdach.xru76.dt                            0
xt.xdach.s77                           0.15304
xt.xdach.xru77.dt                            0
xt.xdach.s78                          0.155002
xt.xdach.xru78.dt                            0
xt.xdach.s79                          0.156964
xt.xdach.xru79.dt                            0
xt.xdach.s80                          0.158926
xt.xdach.xru80.dt                            0
xt.xdach.s81                          0.160888
xt.xdach.xru81.dt                            0
xt.xdach.s82                           0.16285
xt.xdach.xru82.dt                            0
xt.xdach.s83                          0.164812
xt.xdach.xru83.dt                            0
xt.xdach.s84                          0.166774
xt.xdach.xru84.dt                            0
xt.xdach.s85                          0.168736
xt.xdach.xru85.dt                            0
xt.xdach.s86                          0.170698
xt.xdach.xru86.dt                            0
xt.xdach.s87                           0.17266
xt.xdach.xru87.dt                            0
xt.xdach.s88                          0.174622
xt.xdach.xru88.dt                            0
xt.xdach.s89                          0.176584
xt.xdach.xru89.dt                            0
xt.xdach.s90                          0.178546
xt.xdach.xru90.dt                            0
xt.xdach.s91                          0.180508
xt.xdach.xru91.dt                            0
xt.xdach.s92                           0.18247
xt.xdach.xru92.dt                            0
xt.xdach.s93                          0.184432
xt.xdach.xru93.dt                            0
xt.xdach.s94                          0.186394
xt.xdach.xru94.dt                            0
xt.xdach.s95                          0.188356
xt.xdach.xru95.dt                            0
xt.xdach.s96                          0.190319
xt.xdach.xru96.dt                            0
xt.xdach.s97                          0.192281
xt.xdach.xru97.dt                            0
xt.xdach.s98                          0.194243
xt.xdach.xru98.dt                            0
xt.xdach.s99                          0.196205
xt.xdach.xru99.dt                            0
xt.xdach.s100                         0.198167
xt.xdach.xru100.dt                           0
xt.xdach.s101                         0.200129
xt.xdach.xru101.dt                           0
xt.xdach.s102                         0.202091
xt.xdach.xru102.dt                           0
xt.xdach.s103                         0.204053
xt.xdach.xru103.dt                           0
xt.xdach.s104                         0.206015
xt.xdach.xru104.dt                           0
xt.xdach.s105                         0.207977
xt.xdach.xru105.dt                           0
xt.xdach.s106                         0.209939
xt.xdach.xru106.dt                           0
xt.xdach.s107                         0.211901
xt.xdach.xru107.dt                           0
xt.xdach.s108                         0.213863
xt.xdach.xru108.dt                           0
xt.xdach.s109                         0.215825
xt.xdach.xru109.dt                           0
xt.xdach.s110                         0.217787
xt.xdach.xru110.dt                           0
xt.xdach.s111                         0.219749
xt.xdach.xru111.dt                           0
xt.xdach.s112                         0.221711
xt.xdach.xru112.dt                           0
xt.xdach.s113                         0.223673
xt.xdach.xru113.dt                           0
xt.xdach.s114                         0.225635
xt.xdach.xru114.dt                           0
xt.xdach.s115                         0.227597
xt.xdach.xru115.dt                           0
xt.xdach.s116                         0.229559
xt.xdach.xru116.dt                           0
xt.xdach.s117                         0.231522
xt.xdach.xru117.dt                           0
xt.xdach.s118                         0.233484
xt.xdach.xru118.dt                           0
xt.xdach.s119                         0.235446
xt.xdach.xru119.dt                           0
xt.xdach.s120                         0.237408
xt.xdach.xru120.dt                           0
xt.xdach.s121                          0.23937
xt.xdach.xru121.dt                           0
xt.xdach.s122                         0.241332
xt.xdach.xru122.dt                           0
xt.xdach.s123                         0.243294
xt.xdach.xru123.dt                           0
xt.xdach.s124                         0.245256
xt.xdach.xru124.dt                           0
xt.xdach.s125                         0.247218
xt.xdach.xru125.dt                           0
xt.xdach.s126                          0.24918
xt.xdach.xru126.dt                           0
xt.xdach.s127                         0.251142
xt.xdach.xru127.dt                           0
xt.xdach.s128                         0.253104
xt.xdach.xru128.dt                           0
xt.xdach.s129                         0.255066
xt.xdach.xru129.dt                           0
xt.xdach.s130                         0.257028
xt.xdach.xru130.dt                           0
xt.xdach.s131                          0.25899
xt.xdach.xru131.dt                           0
xt.xdach.s132                         0.260952
xt.xdach.xru132.dt                           0
xt.xdach.s133                         0.262914
xt.xdach.xru133.dt                           0
xt.xdach.s134                         0.264876
xt.xdach.xru134.dt                           0
xt.xdach.s135                         0.266838
xt.xdach.xru135.dt                           0
xt.xdach.s136                         0.268801
xt.xdach.xru136.dt                           0
xt.xdach.s137                         0.270763
xt.xdach.xru137.dt                           0
xt.xdach.s138                         0.272725
xt.xdach.xru138.dt                           0
xt.xdach.s139                         0.274687
xt.xdach.xru139.dt                           0
xt.xdach.s140                         0.276649
xt.xdach.xru140.dt                           0
xt.xdach.s141                         0.278611
xt.xdach.xru141.dt                           0
xt.xdach.s142                         0.280573
xt.xdach.xru142.dt                           0
xt.xdach.s143                         0.282535
xt.xdach.xru143.dt                           0
xt.xdach.s144                         0.284497
xt.xdach.xru144.dt                           0
xt.xdach.s145                         0.286459
xt.xdach.xru145.dt                           0
xt.xdach.s146                         0.288421
xt.xdach.xru146.dt                           0
xt.xdach.s147                         0.290383
xt.xdach.xru147.dt                           0
xt.xdach.s148                         0.292345
xt.xdach.xru148.dt                           0
xt.xdach.s149                         0.294307
xt.xdach.xru149.dt                           0
xt.xdach.s150                         0.296269
xt.xdach.xru150.dt                           0
xt.xdach.s151                         0.298231
xt.xdach.xru151.dt                           0
xt.xdach.s152                         0.300193
xt.xdach.xru152.dt                           0
xt.xdach.s153                         0.302155
xt.xdach.xru153.dt                           0
xt.xdach.s154                         0.304117
xt.xdach.xru154.dt                           0
xt.xdach.s155                          0.30608
xt.xdach.xru155.dt                           0
xt.xdach.s156                         0.308042
xt.xdach.xru156.dt                           0
xt.xdach.s157                         0.310004
xt.xdach.xru157.dt                           0
xt.xdach.s158                         0.311966
xt.xdach.xru158.dt                           0
xt.xdach.s159                         0.313928
xt.xdach.xru159.dt                           0
xt.xdach.s160                          0.31589
xt.xdach.xru160.dt                           0
xt.xdach.s161                         0.317852
xt.xdach.xru161.dt                           0
xt.xdach.s162                         0.319814
xt.xdach.xru162.dt                           0
xt.xdach.s163                         0.321776
xt.xdach.xru163.dt                           0
xt.xdach.s164                         0.323738
xt.xdach.xru164.dt                           0
xt.xdach.s165                           0.3257
xt.xdach.xru165.dt                           0
xt.xdach.s166                         0.327662
xt.xdach.xru166.dt                           0
xt.xdach.s167                         0.329624
xt.xdach.xru167.dt                           0
xt.xdach.s168                         0.331586
xt.xdach.xru168.dt                           0
xt.xdach.s169                         0.333548
xt.xdach.xru169.dt                           0
xt.xdach.s170                          0.33551
xt.xdach.xru170.dt                           0
xt.xdach.s171                         0.337472
xt.xdach.xru171.dt                           0
xt.xdach.s172                         0.339434
xt.xdach.xru172.dt                           0
xt.xdach.s173                         0.341396
xt.xdach.xru173.dt                           0
xt.xdach.s174                         0.343359
xt.xdach.xru174.dt                           0
xt.xdach.s175                         0.345321
xt.xdach.xru175.dt                           0
xt.xdach.s176                         0.347283
xt.xdach.xru176.dt                           0
xt.xdach.s177                         0.349245
xt.xdach.xru177.dt                           0
xt.xdach.s178                         0.351207
xt.xdach.xru178.dt                           0
xt.xdach.s179                         0.353169
xt.xdach.xru179.dt                           0
xt.xdach.s180                         0.355131
xt.xdach.xru180.dt                           0
xt.xdach.s181                         0.357093
xt.xdach.xru181.dt                           0
xt.xdach.s182                         0.359055
xt.xdach.xru182.dt                           0
xt.xdach.s183                         0.361017
xt.xdach.xru183.dt                           0
xt.xdach.s184                         0.362979
xt.xdach.xru184.dt                           0
xt.xdach.s185                         0.364941
xt.xdach.xru185.dt                           0
xt.xdach.s186                         0.366903
xt.xdach.xru186.dt                           0
xt.xdach.s187                         0.368865
xt.xdach.xru187.dt                           0
xt.xdach.s188                         0.370827
xt.xdach.xru188.dt                           0
xt.xdach.s189                         0.372789
xt.xdach.xru189.dt                           0
xt.xdach.s190                         0.374751
xt.xdach.xru190.dt                           0
xt.xdach.s191                         0.376713
xt.xdach.xru191.dt                           0
xt.xdach.s192                         0.378676
xt.xdach.xru192.dt                           0
xt.xdach.s193                         0.380638
xt.xdach.xru193.dt                           0
xt.xdach.s194                           0.3826
xt.xdach.xru194.dt                           0
xt.xdach.s195                         0.384562
xt.xdach.xru195.dt                           0
xt.xdach.s196                         0.386524
xt.xdach.xru196.dt                           0
xt.xdach.s197                         0.388486
xt.xdach.xru197.dt                           0
xt.xdach.s198                         0.390448
xt.xdach.xru198.dt                           0
xt.xdach.s199                          0.39241
xt.xdach.xru199.dt                           0
xt.xdach.s200                         0.394372
xt.xdach.xru200.dt                           0
xt.xdach.s201                         0.396334
xt.xdach.xru201.dt                           0
xt.xdach.s202                         0.398296
xt.xdach.xru202.dt                           0
xt.xdach.s203                         0.400258
xt.xdach.xru203.dt                           0
xt.xdach.s204                          0.40222
xt.xdach.xru204.dt                           0
xt.xdach.s205                         0.404182
xt.xdach.xru205.dt                           0
xt.xdach.s206                         0.406144
xt.xdach.xru206.dt                           0
xt.xdach.s207                         0.408106
xt.xdach.xru207.dt                           0
xt.xdach.s208                         0.410068
xt.xdach.xru208.dt                           0
xt.xdach.s209                         0.412031
xt.xdach.xru209.dt                           0
xt.xdach.s210                         0.413993
xt.xdach.xru210.dt                           0
xt.xdach.s211                         0.415955
xt.xdach.xru211.dt                           0
xt.xdach.s212                         0.417917
xt.xdach.xru212.dt                           0
xt.xdach.s213                         0.419879
xt.xdach.xru213.dt                           0
xt.xdach.s214                         0.421841
xt.xdach.xru214.dt                           0
xt.xdach.s215                         0.423803
xt.xdach.xru215.dt                           0
xt.xdach.s216                         0.425765
xt.xdach.xru216.dt                           0
xt.xdach.s217                         0.427727
xt.xdach.xru217.dt                           0
xt.xdach.s218                         0.429689
xt.xdach.xru218.dt                           0
xt.xdach.s219                         0.431651
xt.xdach.xru219.dt                           0
xt.xdach.s220                         0.433613
xt.xdach.xru220.dt                           0
xt.xdach.s221                         0.435575
xt.xdach.xru221.dt                           0
xt.xdach.s222                         0.437537
xt.xdach.xru222.dt                           0
xt.xdach.s223                         0.439499
xt.xdach.xru223.dt                           0
xt.xdach.s224                         0.441461
xt.xdach.xru224.dt                           0
xt.xdach.s225                         0.443424
xt.xdach.xru225.dt                           0
xt.xdach.s226                         0.445386
xt.xdach.xru226.dt                           0
xt.xdach.s227                         0.447348
xt.xdach.xru227.dt                           0
xt.xdach.s228                          0.44931
xt.xdach.xru228.dt                           0
xt.xdach.s229                         0.451272
xt.xdach.xru229.dt                           0
xt.xdach.s230                         0.453234
xt.xdach.xru230.dt                           0
xt.xdach.s231                         0.455196
xt.xdach.xru231.dt                           0
xt.xdach.s232                         0.457158
xt.xdach.xru232.dt                           0
xt.xdach.s233                          0.45912
xt.xdach.xru233.dt                           0
xt.xdach.s234                         0.461082
xt.xdach.xru234.dt                           0
xt.xdach.s235                         0.463044
xt.xdach.xru235.dt                           0
xt.xdach.s236                         0.465006
xt.xdach.xru236.dt                           0
xt.xdach.s237                         0.466968
xt.xdach.xru237.dt                           0
xt.xdach.s238                          0.46893
xt.xdach.xru238.dt                           0
xt.xdach.s239                         0.470892
xt.xdach.xru239.dt                           0
xt.xdach.s240                         0.472854
xt.xdach.xru240.dt                           0
xt.xdach.s241                         0.474817
xt.xdach.xru241.dt                           0
xt.xdach.s242                         0.476779
xt.xdach.xru242.dt                           0
xt.xdach.s243                         0.478741
xt.xdach.xru243.dt                           0
xt.xdach.s244                         0.480703
xt.xdach.xru244.dt                           0
xt.xdach.s245                         0.482665
xt.xdach.xru245.dt                           0
xt.xdach.s246                         0.484627
xt.xdach.xru246.dt                           0
xt.xdach.s247                         0.486589
xt.xdach.xru247.dt                           0
xt.xdach.s248                         0.488551
xt.xdach.xru248.dt                           0
xt.xdach.s249                         0.490513
xt.xdach.xru249.dt                           0
xt.xdach.s250                         0.492475
xt.xdach.xru250.dt                           0
xt.xdach.s251                         0.494437
xt.xdach.xru251.dt                           0
xt.xdach.s252                         0.496399
xt.xdach.xru252.dt                           0
xt.xdach.s253                         0.498361
xt.xdach.xru253.dt                           0
xt.xdach.t0                           0.500323
xt.xdach.xru254.dt                           0
xt.xdach.t1                           0.502285
xt.xdach.xru255.dt                           0
xt.xdach.t2                           0.504247
xt.xdach.xru256.dt                           0
xt.xdach.t3                            0.50621
xt.xdach.xru257.dt                           0
xt.xdach.t4                           0.508172
xt.xdach.xru258.dt                           0
xt.xdach.t5                           0.510134
xt.xdach.xru259.dt                           0
xt.xdach.t6                           0.512096
xt.xdach.xru260.dt                           0
xt.xdach.t7                           0.514058
xt.xdach.xru261.dt                           0
xt.xdach.t8                            0.51602
xt.xdach.xru262.dt                           0
xt.xdach.t9                           0.517982
xt.xdach.xru263.dt                           0
xt.xdach.t10                          0.519944
xt.xdach.xru264.dt                           0
xt.xdach.t11                          0.521906
xt.xdach.xru265.dt                           0
xt.xdach.t12                          0.523868
xt.xdach.xru266.dt                           0
xt.xdach.t13                           0.52583
xt.xdach.xru267.dt                           0
xt.xdach.t14                          0.527792
xt.xdach.xru268.dt                           0
xt.xdach.t15                          0.529754
xt.xdach.xru269.dt                           0
xt.xdach.t16                          0.531716
xt.xdach.xru270.dt                           0
xt.xdach.t17                          0.533679
xt.xdach.xru271.dt                           0
xt.xdach.t18                          0.535641
xt.xdach.xru272.dt                           0
xt.xdach.t19                          0.537603
xt.xdach.xru273.dt                           0
xt.xdach.t20                          0.539565
xt.xdach.xru274.dt                           0
xt.xdach.t21                          0.541527
xt.xdach.xru275.dt                           0
xt.xdach.t22                          0.543489
xt.xdach.xru276.dt                           0
xt.xdach.t23                          0.545451
xt.xdach.xru277.dt                           0
xt.xdach.t24                          0.547413
xt.xdach.xru278.dt                           0
xt.xdach.t25                          0.549375
xt.xdach.xru279.dt                           0
xt.xdach.t26                          0.551337
xt.xdach.xru280.dt                           0
xt.xdach.t27                          0.553299
xt.xdach.xru281.dt                           0
xt.xdach.t28                          0.555261
xt.xdach.xru282.dt                           0
xt.xdach.t29                          0.557223
xt.xdach.xru283.dt                           0
xt.xdach.t30                          0.559185
xt.xdach.xru284.dt                           0
xt.xdach.t31                          0.561148
xt.xdach.xru285.dt                           0
xt.xdach.t32                           0.56311
xt.xdach.xru286.dt                           0
xt.xdach.t33                          0.565072
xt.xdach.xru287.dt                           0
xt.xdach.t34                          0.567034
xt.xdach.xru288.dt                           0
xt.xdach.t35                          0.568996
xt.xdach.xru289.dt                           0
xt.xdach.t36                          0.570958
xt.xdach.xru290.dt                           0
xt.xdach.t37                           0.57292
xt.xdach.xru291.dt                           0
xt.xdach.t38                          0.574882
xt.xdach.xru292.dt                           0
xt.xdach.t39                          0.576844
xt.xdach.xru293.dt                           0
xt.xdach.t40                          0.578806
xt.xdach.xru294.dt                           0
xt.xdach.t41                          0.580768
xt.xdach.xru295.dt                           0
xt.xdach.t42                           0.58273
xt.xdach.xru296.dt                           0
xt.xdach.t43                          0.584692
xt.xdach.xru297.dt                           0
xt.xdach.t44                          0.586654
xt.xdach.xru298.dt                           0
xt.xdach.t45                          0.588617
xt.xdach.xru299.dt                           0
xt.xdach.t46                          0.590579
xt.xdach.xru300.dt                           0
xt.xdach.t47                          0.592541
xt.xdach.xru301.dt                           0
xt.xdach.t48                          0.594503
xt.xdach.xru302.dt                           0
xt.xdach.t49                          0.596465
xt.xdach.xru303.dt                           0
xt.xdach.t50                          0.598427
xt.xdach.xru304.dt                           0
xt.xdach.t51                          0.600389
xt.xdach.xru305.dt                           0
xt.xdach.t52                          0.602351
xt.xdach.xru306.dt                           0
xt.xdach.t53                          0.604313
xt.xdach.xru307.dt                           0
xt.xdach.t54                          0.606275
xt.xdach.xru308.dt                           0
xt.xdach.t55                          0.608237
xt.xdach.xru309.dt                           0
xt.xdach.t56                          0.610199
xt.xdach.xru310.dt                           0
xt.xdach.t57                          0.612161
xt.xdach.xru311.dt                           0
xt.xdach.t58                          0.614124
xt.xdach.xru312.dt                           0
xt.xdach.t59                          0.616086
xt.xdach.xru313.dt                           0
xt.xdach.t60                          0.618048
xt.xdach.xru314.dt                           0
xt.xdach.t61                           0.62001
xt.xdach.xru315.dt                           0
xt.xdach.t62                          0.621972
xt.xdach.xru316.dt                           0
xt.xdach.t63                          0.623934
xt.xdach.xru317.dt                           0
xt.xdach.t64                          0.625896
xt.xdach.xru318.dt                           0
xt.xdach.t65                          0.627858
xt.xdach.xru319.dt                           0
xt.xdach.t66                           0.62982
xt.xdach.xru320.dt                           0
xt.xdach.t67                          0.631782
xt.xdach.xru321.dt                           0
xt.xdach.t68                          0.633744
xt.xdach.xru322.dt                           0
xt.xdach.t69                          0.635706
xt.xdach.xru323.dt                           0
xt.xdach.t70                          0.637669
xt.xdach.xru324.dt                           0
xt.xdach.t71                          0.639631
xt.xdach.xru325.dt                           0
xt.xdach.t72                          0.641593
xt.xdach.xru326.dt                           0
xt.xdach.t73                          0.643555
xt.xdach.xru327.dt                           0
xt.xdach.t74                          0.645517
xt.xdach.xru328.dt                           0
xt.xdach.t75                          0.647479
xt.xdach.xru329.dt                           0
xt.xdach.t76                          0.649441
xt.xdach.xru330.dt                           0
xt.xdach.t77                          0.651403
xt.xdach.xru331.dt                           0
xt.xdach.t78                          0.653365
xt.xdach.xru332.dt                           0
xt.xdach.t79                          0.655327
xt.xdach.xru333.dt                           0
xt.xdach.t80                          0.657289
xt.xdach.xru334.dt                           0
xt.xdach.t81                          0.659251
xt.xdach.xru335.dt                           0
xt.xdach.t82                          0.661214
xt.xdach.xru336.dt                           0
xt.xdach.t83                          0.663176
xt.xdach.xru337.dt                           0
xt.xdach.t84                          0.665138
xt.xdach.xru338.dt                           0
xt.xdach.t85                            0.6671
xt.xdach.xru339.dt                           0
xt.xdach.t86                          0.669062
xt.xdach.xru340.dt                           0
xt.xdach.t87                          0.671024
xt.xdach.xru341.dt                           0
xt.xdach.t88                          0.672986
xt.xdach.xru342.dt                           0
xt.xdach.t89                          0.674948
xt.xdach.xru343.dt                           0
xt.xdach.t90                           0.67691
xt.xdach.xru344.dt                           0
xt.xdach.t91                          0.678872
xt.xdach.xru345.dt                           0
xt.xdach.t92                          0.680834
xt.xdach.xru346.dt                           0
xt.xdach.t93                          0.682797
xt.xdach.xru347.dt                           0
xt.xdach.t94                          0.684759
xt.xdach.xru348.dt                           0
xt.xdach.t95                          0.686721
xt.xdach.xru349.dt                           0
xt.xdach.t96                          0.688683
xt.xdach.xru350.dt                           0
xt.xdach.t97                          0.690645
xt.xdach.xru351.dt                           0
xt.xdach.t98                          0.692607
xt.xdach.xru352.dt                           0
xt.xdach.t99                          0.694569
xt.xdach.xru353.dt                           0
xt.xdach.t100                         0.696531
xt.xdach.xru354.dt                           0
xt.xdach.t101                         0.698493
xt.xdach.xru355.dt                           0
xt.xdach.t102                         0.700455
xt.xdach.xru356.dt                           0
xt.xdach.t103                         0.702417
xt.xdach.xru357.dt                           0
xt.xdach.t104                          0.70438
xt.xdach.xru358.dt                           0
xt.xdach.t105                         0.706342
xt.xdach.xru359.dt                           0
xt.xdach.t106                         0.708304
xt.xdach.xru360.dt                           0
xt.xdach.t107                         0.710266
xt.xdach.xru361.dt                           0
xt.xdach.t108                         0.712228
xt.xdach.xru362.dt                           0
xt.xdach.t109                          0.71419
xt.xdach.xru363.dt                           0
xt.xdach.t110                         0.716152
xt.xdach.xru364.dt                           0
xt.xdach.t111                         0.718114
xt.xdach.xru365.dt                           0
xt.xdach.t112                         0.720076
xt.xdach.xru366.dt                           0
xt.xdach.t113                         0.722038
xt.xdach.xru367.dt                           0
xt.xdach.t114                            0.724
xt.xdach.xru368.dt                           0
xt.xdach.t115                         0.725963
xt.xdach.xru369.dt                           0
xt.xdach.t116                         0.727925
xt.xdach.xru370.dt                           0
xt.xdach.t117                         0.729887
xt.xdach.xru371.dt                           0
xt.xdach.t118                         0.731849
xt.xdach.xru372.dt                           0
xt.xdach.t119                         0.733811
xt.xdach.xru373.dt                           0
xt.xdach.t120                         0.735773
xt.xdach.xru374.dt                           0
xt.xdach.t121                         0.737735
xt.xdach.xru375.dt                           0
xt.xdach.t122                         0.739697
xt.xdach.xru376.dt                           0
xt.xdach.t123                         0.741659
xt.xdach.xru377.dt                           0
xt.xdach.t124                         0.743621
xt.xdach.xru378.dt                           0
xt.xdach.t125                         0.745584
xt.xdach.xru379.dt                           0
xt.xdach.t126                         0.747546
xt.xdach.xru380.dt                           0
xt.xdach.t127                         0.749508
xt.xdach.xru381.dt                           0
xt.xdach.t128                          0.75147
xt.xdach.xru382.dt                           0
xt.xdach.t129                         0.753432
xt.xdach.xru383.dt                           0
xt.xdach.t130                         0.755394
xt.xdach.xru384.dt                           0
xt.xdach.t131                         0.757356
xt.xdach.xru385.dt                           0
xt.xdach.t132                         0.759318
xt.xdach.xru386.dt                           0
xt.xdach.t133                          0.76128
xt.xdach.xru387.dt                           0
xt.xdach.t134                         0.763242
xt.xdach.xru388.dt                           0
xt.xdach.t135                         0.765205
xt.xdach.xru389.dt                           0
xt.xdach.t136                         0.767167
xt.xdach.xru390.dt                           0
xt.xdach.t137                         0.769129
xt.xdach.xru391.dt                           0
xt.xdach.t138                         0.771091
xt.xdach.xru392.dt                           0
xt.xdach.t139                         0.773053
xt.xdach.xru393.dt                           0
xt.xdach.t140                         0.775015
xt.xdach.xru394.dt                           0
xt.xdach.t141                         0.776977
xt.xdach.xru395.dt                           0
xt.xdach.t142                         0.778939
xt.xdach.xru396.dt                           0
xt.xdach.t143                         0.780901
xt.xdach.xru397.dt                           0
xt.xdach.t144                         0.782864
xt.xdach.xru398.dt                           0
xt.xdach.t145                         0.784826
xt.xdach.xru399.dt                           0
xt.xdach.t146                         0.786788
xt.xdach.xru400.dt                           0
xt.xdach.t147                          0.78875
xt.xdach.xru401.dt                           0
xt.xdach.t148                         0.790712
xt.xdach.xru402.dt                           0
xt.xdach.t149                         0.792674
xt.xdach.xru403.dt                           0
xt.xdach.t150                         0.794636
xt.xdach.xru404.dt                           0
xt.xdach.t151                         0.796598
xt.xdach.xru405.dt                           0
xt.xdach.t152                          0.79856
xt.xdach.xru406.dt                           0
xt.xdach.t153                         0.800522
xt.xdach.xru407.dt                           0
xt.xdach.t154                         0.802485
xt.xdach.xru408.dt                           0
xt.xdach.t155                         0.804447
xt.xdach.xru409.dt                           0
xt.xdach.t156                         0.806409
xt.xdach.xru410.dt                           0
xt.xdach.t157                         0.808371
xt.xdach.xru411.dt                           0
xt.xdach.t158                         0.810333
xt.xdach.xru412.dt                           0
xt.xdach.t159                         0.812295
xt.xdach.xru413.dt                           0
xt.xdach.t160                         0.814257
xt.xdach.xru414.dt                           0
xt.xdach.t161                         0.816219
xt.xdach.xru415.dt                           0
xt.xdach.t162                         0.818181
xt.xdach.xru416.dt                           0
xt.xdach.t163                         0.820144
xt.xdach.xru417.dt                           0
xt.xdach.t164                         0.822106
xt.xdach.xru418.dt                           0
xt.xdach.t165                         0.824068
xt.xdach.xru419.dt                           0
xt.xdach.t166                          0.82603
xt.xdach.xru420.dt                           0
xt.xdach.t167                         0.827992
xt.xdach.xru421.dt                           0
xt.xdach.t168                         0.829954
xt.xdach.xru422.dt                           0
xt.xdach.t169                         0.831916
xt.xdach.xru423.dt                           0
xt.xdach.t170                         0.833878
xt.xdach.xru424.dt                           0
xt.xdach.t171                          0.83584
xt.xdach.xru425.dt                           0
xt.xdach.t172                         0.837803
xt.xdach.xru426.dt                           0
xt.xdach.t173                         0.839765
xt.xdach.xru427.dt                           0
xt.xdach.t174                         0.841727
xt.xdach.xru428.dt                           0
xt.xdach.t175                         0.843689
xt.xdach.xru429.dt                           0
xt.xdach.t176                         0.845651
xt.xdach.xru430.dt                           0
xt.xdach.t177                         0.847613
xt.xdach.xru431.dt                           0
xt.xdach.t178                         0.849575
xt.xdach.xru432.dt                           0
xt.xdach.t179                         0.851537
xt.xdach.xru433.dt                           0
xt.xdach.t180                           0.8535
xt.xdach.xru434.dt                           0
xt.xdach.t181                         0.855462
xt.xdach.xru435.dt                           0
xt.xdach.t182                         0.857424
xt.xdach.xru436.dt                           0
xt.xdach.t183                         0.859386
xt.xdach.xru437.dt                           0
xt.xdach.t184                         0.861348
xt.xdach.xru438.dt                           0
xt.xdach.t185                          0.86331
xt.xdach.xru439.dt                           0
xt.xdach.t186                         0.865272
xt.xdach.xru440.dt                           0
xt.xdach.t187                         0.867234
xt.xdach.xru441.dt                           0
xt.xdach.t188                         0.869197
xt.xdach.xru442.dt                           0
xt.xdach.t189                         0.871159
xt.xdach.xru443.dt                           0
xt.xdach.t190                         0.873121
xt.xdach.xru444.dt                           0
xt.xdach.t191                         0.875083
xt.xdach.xru445.dt                           0
xt.xdach.t192                         0.877045
xt.xdach.xru446.dt                           0
xt.xdach.t193                         0.879007
xt.xdach.xru447.dt                           0
xt.xdach.t194                         0.880969
xt.xdach.xru448.dt                           0
xt.xdach.t195                         0.882931
xt.xdach.xru449.dt                           0
xt.xdach.t196                         0.884893
xt.xdach.xru450.dt                           0
xt.xdach.t197                         0.886856
xt.xdach.xru451.dt                           0
xt.xdach.t198                         0.888818
xt.xdach.xru452.dt                           0
xt.xdach.t199                          0.89078
xt.xdach.xru453.dt                           0
xt.xdach.t200                         0.892742
xt.xdach.xru454.dt                           0
xt.xdach.t201                         0.894704
xt.xdach.xru455.dt                           0
xt.xdach.t202                         0.896666
xt.xdach.xru456.dt                           0
xt.xdach.t203                         0.898628
xt.xdach.xru457.dt                           0
xt.xdach.t204                          0.90059
xt.xdach.xru458.dt                           0
xt.xdach.t205                         0.902553
xt.xdach.xru459.dt                           0
xt.xdach.t206                         0.904515
xt.xdach.xru460.dt                           0
xt.xdach.t207                         0.906477
xt.xdach.xru461.dt                           0
xt.xdach.t208                         0.908439
xt.xdach.xru462.dt                           0
xt.xdach.t209                         0.910401
xt.xdach.xru463.dt                           0
xt.xdach.t210                         0.912363
xt.xdach.xru464.dt                           0
xt.xdach.t211                         0.914325
xt.xdach.xru465.dt                           0
xt.xdach.t212                         0.916288
xt.xdach.xru466.dt                           0
xt.xdach.t213                          0.91825
xt.xdach.xru467.dt                           0
xt.xdach.t214                         0.920212
xt.xdach.xru468.dt                           0
xt.xdach.t215                         0.922174
xt.xdach.xru469.dt                           0
xt.xdach.t216                         0.924136
xt.xdach.xru470.dt                           0
xt.xdach.t217                         0.926098
xt.xdach.xru471.dt                           0
xt.xdach.t218                          0.92806
xt.xdach.xru472.dt                           0
xt.xdach.t219                         0.930022
xt.xdach.xru473.dt                           0
xt.xdach.t220                         0.931985
xt.xdach.xru474.dt                           0
xt.xdach.t221                         0.933947
xt.xdach.xru475.dt                           0
xt.xdach.t222                         0.935909
xt.xdach.xru476.dt                           0
xt.xdach.t223                         0.937871
xt.xdach.xru477.dt                           0
xt.xdach.t224                         0.939833
xt.xdach.xru478.dt                           0
xt.xdach.t225                         0.941795
xt.xdach.xru479.dt                           0
xt.xdach.t226                         0.943757
xt.xdach.xru480.dt                           0
xt.xdach.t227                          0.94572
xt.xdach.xru481.dt                           0
xt.xdach.t228                         0.947682
xt.xdach.xru482.dt                           0
xt.xdach.t229                         0.949644
xt.xdach.xru483.dt                           0
xt.xdach.t230                         0.951606
xt.xdach.xru484.dt                           0
xt.xdach.t231                         0.953568
xt.xdach.xru485.dt                           0
xt.xdach.t232                          0.95553
xt.xdach.xru486.dt                           0
xt.xdach.t233                         0.957492
xt.xdach.xru487.dt                           0
xt.xdach.t234                         0.959454
xt.xdach.xru488.dt                           0
xt.xdach.t235                         0.961417
xt.xdach.xru489.dt                           0
xt.xdach.t236                         0.963379
xt.xdach.xru490.dt                           0
xt.xdach.t237                         0.965341
xt.xdach.xru491.dt                           0
xt.xdach.t238                         0.967303
xt.xdach.xru492.dt                           0
xt.xdach.t239                         0.969265
xt.xdach.xru493.dt                           0
xt.xdach.t240                         0.971227
xt.xdach.xru494.dt                           0
xt.xdach.t241                         0.973189
xt.xdach.xru495.dt                           0
xt.xdach.t242                         0.975152
xt.xdach.xru496.dt                           0
xt.xdach.t243                         0.977114
xt.xdach.xru497.dt                           0
xt.xdach.t244                         0.979076
xt.xdach.xru498.dt                           0
xt.xdach.t245                         0.981038
xt.xdach.xru499.dt                           0
xt.xdach.t246                            0.983
xt.xdach.xru500.dt                           0
xt.xdach.t247                         0.984962
xt.xdach.xru501.dt                           0
xt.xdach.t248                         0.986924
xt.xdach.xru502.dt                           0
xt.xdach.t249                         0.988887
xt.xdach.xru503.dt                           0
xt.xdach.t250                         0.990849
xt.xdach.xru504.dt                           0
xt.xdach.t251                         0.992811
xt.xdach.xru505.dt                           0
xt.xdach.t252                         0.994773
xt.xdach.xru506.dt                           0
xt.xdach.t253                         0.996735
xt.xdach.xru507.dt                           0
xt.xdach.t254                         0.998697
xt.xdach.xru508.dt                           0
xt.xdach.t255                          1.00066
xt.xdach.xru509.dt                           0
xt.xdach.s510                          1.00262
xt.xdach.xru510.dt                           0
xt.xdach.s511                          1.00458
xt.xdach.xru511.dt                           0
xt.xdach.s512                          1.00655
xt.xdach.xru512.dt                           0
xt.xdach.s513                          1.00851
xt.xdach.xru513.dt                           0
xt.xdach.s514                          1.01047
xt.xdach.xru514.dt                           0
xt.xdach.s515                          1.01243
xt.xdach.xru515.dt                           0
xt.xdach.s516                           1.0144
xt.xdach.xru516.dt                           0
xt.xdach.s517                          1.01636
xt.xdach.xru517.dt                           0
xt.xdach.s518                          1.01832
xt.xdach.xru518.dt                           0
xt.xdach.s519                          1.02028
xt.xdach.xru519.dt                           0
xt.xdach.s520                          1.02224
xt.xdach.xru520.dt                           0
xt.xdach.s521                          1.02421
xt.xdach.xru521.dt                           0
xt.xdach.s522                          1.02617
xt.xdach.xru522.dt                           0
xt.xdach.s523                          1.02813
xt.xdach.xru523.dt                           0
xt.xdach.s524                          1.03009
xt.xdach.xru524.dt                           0
xt.xdach.s525                          1.03206
xt.xdach.xru525.dt                           0
xt.xdach.s526                          1.03402
xt.xdach.xru526.dt                           0
xt.xdach.s527                          1.03598
xt.xdach.xru527.dt                           0
xt.xdach.s528                          1.03794
xt.xdach.xru528.dt                           0
xt.xdach.xru529.dt                           0
xt.xdach.xlu0.ab                           1.2
xt.xdach.xlu0.nb                           3.3
xt.xdach.xlu0.n                    1.04892e-09
xt.xdach.dh0                        9.4954e-10
xt.xdach.dhn0                              3.3
xt.xdach.xlu1.ab                   7.74615e-08
xt.xdach.xlu1.nb                   1.04892e-09
xt.xdach.xlu1.n                            3.3
xt.xdach.dh1                               3.3
xt.xdach.dhn1                      9.49541e-10
xt.xdach.xlu2.ab                   7.74615e-08
xt.xdach.xlu2.nb                   1.04892e-09
xt.xdach.xlu2.n                            3.3
xt.xdach.dh2                               3.3
xt.xdach.dhn2                       9.4954e-10
xt.xdach.xlu3.ab                   7.74615e-08
xt.xdach.xlu3.nb                   1.04892e-09
xt.xdach.xlu3.n                            3.3
xt.xdach.dh3                               3.3
xt.xdach.dhn3                       9.4954e-10
xt.xdach.xlu4.ab                   7.74615e-08
xt.xdach.xlu4.nb                   1.04892e-09
xt.xdach.xlu4.n                            3.3
xt.xdach.dh4                               3.3
xt.xdach.dhn4                       9.4954e-10
xt.xdach.xlu5.ab                   7.74615e-08
xt.xdach.xlu5.nb                   1.04892e-09
xt.xdach.xlu5.n                            3.3
xt.xdach.dh5                               3.3
xt.xdach.dhn5                       9.4954e-10
xt.xdach.xlu6.ab                   7.74615e-08
xt.xdach.xlu6.nb                   1.04892e-09
xt.xdach.xlu6.n                            3.3
xt.xdach.dh6                               3.3
xt.xdach.dhn6                       9.4954e-10
xt.xdach.xlu7.ab                   7.74615e-08
xt.xdach.xlu7.nb                   1.04892e-09
xt.xdach.xlu7.n                            3.3
xt.xdach.dh7                               3.3
xt.xdach.dhn7                       9.4954e-10
xt.xdach.m0_0                         0.500323
xt.xdach.m0_1                         0.504247
xt.xdach.m0_2                         0.508172
xt.xdach.m0_3                         0.512096
xt.xdach.m0_4                          0.51602
xt.xdach.m0_5                         0.519944
xt.xdach.m0_6                         0.523868
xt.xdach.m0_7                         0.527792
xt.xdach.m0_8                         0.531716
xt.xdach.m0_9                         0.535641
xt.xdach.m0_10                        0.539565
xt.xdach.m0_11                        0.543489
xt.xdach.m0_12                        0.547413
xt.xdach.m0_13                        0.551337
xt.xdach.m0_14                        0.555261
xt.xdach.m0_15                        0.559185
xt.xdach.m0_16                         0.56311
xt.xdach.m0_17                        0.567034
xt.xdach.m0_18                        0.570958
xt.xdach.m0_19                        0.574882
xt.xdach.m0_20                        0.578806
xt.xdach.m0_21                         0.58273
xt.xdach.m0_22                        0.586654
xt.xdach.m0_23                        0.590579
xt.xdach.m0_24                        0.594503
xt.xdach.m0_25                        0.598427
xt.xdach.m0_26                        0.602351
xt.xdach.m0_27                        0.606275
xt.xdach.m0_28                        0.610199
xt.xdach.m0_29                        0.614124
xt.xdach.m0_30                        0.618048
xt.xdach.m0_31                        0.621972
xt.xdach.m0_32                        0.625896
xt.xdach.m0_33                         0.62982
xt.xdach.m0_34                        0.633744
xt.xdach.m0_35                        0.637669
xt.xdach.m0_36                        0.641593
xt.xdach.m0_37                        0.645517
xt.xdach.m0_38                        0.649441
xt.xdach.m0_39                        0.653365
xt.xdach.m0_40                        0.657289
xt.xdach.m0_41                        0.661214
xt.xdach.m0_42                        0.665138
xt.xdach.m0_43                        0.669062
xt.xdach.m0_44                        0.672986
xt.xdach.m0_45                         0.67691
xt.xdach.m0_46                        0.680834
xt.xdach.m0_47                        0.684759
xt.xdach.m0_48                        0.688683
xt.xdach.m0_49                        0.692607
xt.xdach.m0_50                        0.696531
xt.xdach.m0_51                        0.700455
xt.xdach.m0_52                         0.70438
xt.xdach.m0_53                        0.708304
xt.xdach.m0_54                        0.712228
xt.xdach.m0_55                        0.716152
xt.xdach.m0_56                        0.720076
xt.xdach.m0_57                           0.724
xt.xdach.m0_58                        0.727925
xt.xdach.m0_59                        0.731849
xt.xdach.m0_60                        0.735773
xt.xdach.m0_61                        0.739697
xt.xdach.m0_62                        0.743621
xt.xdach.m0_63                        0.747546
xt.xdach.m0_64                         0.75147
xt.xdach.m0_65                        0.755394
xt.xdach.m0_66                        0.759318
xt.xdach.m0_67                        0.763242
xt.xdach.m0_68                        0.767167
xt.xdach.m0_69                        0.771091
xt.xdach.m0_70                        0.775015
xt.xdach.m0_71                        0.778939
xt.xdach.m0_72                        0.782864
xt.xdach.m0_73                        0.786788
xt.xdach.m0_74                        0.790712
xt.xdach.m0_75                        0.794636
xt.xdach.m0_76                         0.79856
xt.xdach.m0_77                        0.802485
xt.xdach.m0_78                        0.806409
xt.xdach.m0_79                        0.810333
xt.xdach.m0_80                        0.814257
xt.xdach.m0_81                        0.818181
xt.xdach.m0_82                        0.822106
xt.xdach.m0_83                         0.82603
xt.xdach.m0_84                        0.829954
xt.xdach.m0_85                        0.833878
xt.xdach.m0_86                        0.837803
xt.xdach.m0_87                        0.841727
xt.xdach.m0_88                        0.845651
xt.xdach.m0_89                        0.849575
xt.xdach.m0_90                          0.8535
xt.xdach.m0_91                        0.857424
xt.xdach.m0_92                        0.861348
xt.xdach.m0_93                        0.865272
xt.xdach.m0_94                        0.869197
xt.xdach.m0_95                        0.873121
xt.xdach.m0_96                        0.877045
xt.xdach.m0_97                        0.880969
xt.xdach.m0_98                        0.884893
xt.xdach.m0_99                        0.888818
xt.xdach.m0_100                       0.892742
xt.xdach.m0_101                       0.896666
xt.xdach.m0_102                        0.90059
xt.xdach.m0_103                       0.904515
xt.xdach.m0_104                       0.908439
xt.xdach.m0_105                       0.912363
xt.xdach.m0_106                       0.916288
xt.xdach.m0_107                       0.920212
xt.xdach.m0_108                       0.924136
xt.xdach.m0_109                        0.92806
xt.xdach.m0_110                       0.931985
xt.xdach.m0_111                       0.935909
xt.xdach.m0_112                       0.939833
xt.xdach.m0_113                       0.943757
xt.xdach.m0_114                       0.947682
xt.xdach.m0_115                       0.951606
xt.xdach.m0_116                        0.95553
xt.xdach.m0_117                       0.959454
xt.xdach.m0_118                       0.963379
xt.xdach.m0_119                       0.967303
xt.xdach.m0_120                       0.971227
xt.xdach.m0_121                       0.975152
xt.xdach.m0_122                       0.979076
xt.xdach.m0_123                          0.983
xt.xdach.m0_124                       0.986924
xt.xdach.m0_125                       0.990849
xt.xdach.m0_126                       0.994773
xt.xdach.m0_127                       0.998697
xt.xdach.m1_0                         0.504247
xt.xdach.m1_1                         0.512096
xt.xdach.m1_2                         0.519944
xt.xdach.m1_3                         0.527792
xt.xdach.m1_4                         0.535641
xt.xdach.m1_5                         0.543489
xt.xdach.m1_6                         0.551337
xt.xdach.m1_7                         0.559185
xt.xdach.m1_8                         0.567034
xt.xdach.m1_9                         0.574882
xt.xdach.m1_10                         0.58273
xt.xdach.m1_11                        0.590579
xt.xdach.m1_12                        0.598427
xt.xdach.m1_13                        0.606275
xt.xdach.m1_14                        0.614124
xt.xdach.m1_15                        0.621972
xt.xdach.m1_16                         0.62982
xt.xdach.m1_17                        0.637669
xt.xdach.m1_18                        0.645517
xt.xdach.m1_19                        0.653365
xt.xdach.m1_20                        0.661214
xt.xdach.m1_21                        0.669062
xt.xdach.m1_22                         0.67691
xt.xdach.m1_23                        0.684759
xt.xdach.m1_24                        0.692607
xt.xdach.m1_25                        0.700455
xt.xdach.m1_26                        0.708304
xt.xdach.m1_27                        0.716152
xt.xdach.m1_28                           0.724
xt.xdach.m1_29                        0.731849
xt.xdach.m1_30                        0.739697
xt.xdach.m1_31                        0.747546
xt.xdach.m1_32                        0.755394
xt.xdach.m1_33                        0.763242
xt.xdach.m1_34                        0.771091
xt.xdach.m1_35                        0.778939
xt.xdach.m1_36                        0.786788
xt.xdach.m1_37                        0.794636
xt.xdach.m1_38                        0.802485
xt.xdach.m1_39                        0.810333
xt.xdach.m1_40                        0.818181
xt.xdach.m1_41                         0.82603
xt.xdach.m1_42                        0.833878
xt.xdach.m1_43                        0.841727
xt.xdach.m1_44                        0.849575
xt.xdach.m1_45                        0.857424
xt.xdach.m1_46                        0.865272
xt.xdach.m1_47                        0.873121
xt.xdach.m1_48                        0.880969
xt.xdach.m1_49                        0.888818
xt.xdach.m1_50                        0.896666
xt.xdach.m1_51                        0.904515
xt.xdach.m1_52                        0.912363
xt.xdach.m1_53                        0.920212
xt.xdach.m1_54                         0.92806
xt.xdach.m1_55                        0.935909
xt.xdach.m1_56                        0.943757
xt.xdach.m1_57                        0.951606
xt.xdach.m1_58                        0.959454
xt.xdach.m1_59                        0.967303
xt.xdach.m1_60                        0.975152
xt.xdach.m1_61                           0.983
xt.xdach.m1_62                        0.990849
xt.xdach.m1_63                        0.998696
xt.xdach.m2_0                         0.512096
xt.xdach.m2_1                         0.527792
xt.xdach.m2_2                         0.543489
xt.xdach.m2_3                         0.559185
xt.xdach.m2_4                         0.574882
xt.xdach.m2_5                         0.590579
xt.xdach.m2_6                         0.606275
xt.xdach.m2_7                         0.621972
xt.xdach.m2_8                         0.637669
xt.xdach.m2_9                         0.653365
xt.xdach.m2_10                        0.669062
xt.xdach.m2_11                        0.684759
xt.xdach.m2_12                        0.700455
xt.xdach.m2_13                        0.716152
xt.xdach.m2_14                        0.731849
xt.xdach.m2_15                        0.747546
xt.xdach.m2_16                        0.763242
xt.xdach.m2_17                        0.778939
xt.xdach.m2_18                        0.794636
xt.xdach.m2_19                        0.810333
xt.xdach.m2_20                         0.82603
xt.xdach.m2_21                        0.841727
xt.xdach.m2_22                        0.857424
xt.xdach.m2_23                        0.873121
xt.xdach.m2_24                        0.888818
xt.xdach.m2_25                        0.904515
xt.xdach.m2_26                        0.920212
xt.xdach.m2_27                        0.935909
xt.xdach.m2_28                        0.951606
xt.xdach.m2_29                        0.967303
xt.xdach.m2_30                           0.983
xt.xdach.m2_31                        0.998695
xt.xdach.m3_0                         0.527792
xt.xdach.m3_1                         0.559185
xt.xdach.m3_2                         0.590579
xt.xdach.m3_3                         0.621972
xt.xdach.m3_4                         0.653365
xt.xdach.m3_5                         0.684759
xt.xdach.m3_6                         0.716152
xt.xdach.m3_7                         0.747546
xt.xdach.m3_8                         0.778939
xt.xdach.m3_9                         0.810333
xt.xdach.m3_10                        0.841727
xt.xdach.m3_11                        0.873121
xt.xdach.m3_12                        0.904515
xt.xdach.m3_13                        0.935909
xt.xdach.m3_14                        0.967303
xt.xdach.m3_15                        0.998694
xt.xdach.m4_0                         0.559185
xt.xdach.m4_1                         0.621972
xt.xdach.m4_2                         0.684759
xt.xdach.m4_3                         0.747546
xt.xdach.m4_4                         0.810333
xt.xdach.m4_5                         0.873121
xt.xdach.m4_6                         0.935909
xt.xdach.m4_7                         0.998694
xt.xdach.m5_0                         0.621972
xt.xdach.m5_1                         0.747546
xt.xdach.m5_2                         0.873121
xt.xdach.m5_3                         0.998693
xt.xdach.m6_0                         0.747546
xt.xdach.m6_1                         0.998692
xt.vth_hard                           0.998691
xt.xchs.1                             0.800524
xt.xchh.1                             0.998691
xt.cmp_clk_n                               1.2
xt.xcs.tail                           0.765635
xt.xcs.xp                                  1.2
xt.xcs.xq                                  1.2
xt.xcs.xn                                  1.2
xt.xcs.yn                                  1.2
xt.xcs.xnb                         2.87179e-08
xt.xcs.ynb                         2.87179e-08
xt.xcs.na                              1.18192
xt.cmp_soft_n                         0.616951
cmp_soft                              0.616951
xt.xcs.nb                              1.18192
xt.xch.tail                         0.00349928
xt.xch.xp                            0.0116716
xt.xch.xq                           0.00901101
xt.xch.xn                             0.577946
xt.xch.yn                             0.579847
xt.xch.xnb                           0.0287126
xt.xch.ynb                            0.027612
xt.xch.na                              1.18143
xt.cmp_hard_n                         0.616673
cmp_hard                               0.61666
xt.xch.nb                              1.18145
vclk#branch                        3.25547e-10
vh7#branch                        -1.77328e-11
vh6#branch                        -1.77328e-11
vh5#branch                        -1.77328e-11
vh4#branch                        -1.77328e-11
vh3#branch                        -1.77328e-11
vh2#branch                        -1.77328e-11
vh1#branch                        -1.77328e-11
vh0#branch                         1.63177e-11
vs7#branch                        -1.77328e-11
vs6#branch                         1.63177e-11
vs5#branch                         1.63177e-11
vs4#branch                        -1.77328e-11
vs3#branch                        -1.77328e-11
vs2#branch                         1.63177e-11
vs1#branch                         1.63177e-11
vs0#branch                        -1.77328e-11
vsh#branch                         4.67071e-06
vref#branch                       -2.08003e-12
vdd#branch                        -0.000278041
vdda#branch                        -0.00103675

 Reference value :  0.00000e+00 Reference value :  8.00000e-12 Reference value :  2.56000e-10 Reference value :  1.25600e-09 Reference value :  2.05600e-09 Reference value :  2.85600e-09 Reference value :  3.65600e-09 Reference value :  4.45600e-09 Reference value :  5.05600e-09 Reference value :  5.45600e-09 Reference value :  5.65600e-09 Reference value :  5.82340e-09 Reference value :  6.15804e-09 Reference value :  6.54092e-09 Reference value :  7.14092e-09 Reference value :  7.54092e-09 Reference value :  8.14092e-09 Reference value :  8.74092e-09 Reference value :  9.14092e-09 Reference value :  9.74092e-09 Reference value :  1.01409e-08 Reference value :  1.05409e-08 Reference value :  1.09409e-08 Reference value :  1.13409e-08 Reference value :  1.17409e-08 Reference value :  1.21409e-08 Reference value :  1.25409e-08 Reference value :  1.29409e-08 Reference value :  1.35409e-08 Reference value :  1.39409e-08 Reference value :  1.45409e-08 Reference value :  1.51409e-08 Reference value :  1.57409e-08 Reference value :  1.67409e-08 Reference value :  1.75409e-08 Reference value :  1.85409e-08 Reference value :  1.93409e-08 Reference value :  2.00000e-08 Reference value :  2.00298e-08 Reference value :  2.01097e-08 Reference value :  2.01747e-08 Reference value :  2.02103e-08 Reference value :  2.02513e-08 Reference value :  2.03372e-08 Reference value :  2.04641e-08 Reference value :  2.05362e-08 Reference value :  2.05896e-08 Reference value :  2.07036e-08 Reference value :  2.09625e-08 Reference value :  2.15147e-08 Reference value :  2.21147e-08 Reference value :  2.27147e-08 Reference value :  2.33147e-08 Reference value :  2.39147e-08 Reference value :  2.45147e-08 Reference value :  2.51147e-08 Reference value :  2.57147e-08 Reference value :  2.63147e-08 Reference value :  2.69147e-08 Reference value :  2.75147e-08 Reference value :  2.81147e-08 Reference value :  2.87147e-08 Reference value :  2.93147e-08 Reference value :  2.99147e-08 Reference value :  3.05147e-08 Reference value :  3.11147e-08 Reference value :  3.19147e-08 Reference value :  3.25147e-08 Reference value :  3.31147e-08 Reference value :  3.37147e-08 Reference value :  3.43147e-08 Reference value :  3.49147e-08 Reference value :  3.57147e-08 Reference value :  3.65147e-08 Reference value :  3.73147e-08 Reference value :  3.83147e-08 Reference value :  3.91147e-08 Reference value :  3.99147e-08 Reference value :  4.09147e-08 Reference value :  4.17147e-08 Reference value :  4.25147e-08 Reference value :  4.33147e-08 Reference value :  4.41147e-08 Reference value :  4.49147e-08 Reference value :  4.59147e-08 Reference value :  4.69147e-08 Reference value :  4.79147e-08 Reference value :  4.87147e-08 Reference value :  4.95147e-08 Reference value :  5.03147e-08 Reference value :  5.09147e-08 Reference value :  5.15147e-08 Reference value :  5.21147e-08 Reference value :  5.27147e-08 Reference value :  5.35147e-08 Reference value :  5.43147e-08 Reference value :  5.49147e-08 Reference value :  5.55147e-08 Reference value :  5.61147e-08 Reference value :  5.69147e-08 Reference value :  5.79147e-08 Reference value :  5.87147e-08 Reference value :  5.95147e-08 Reference value :  6.03147e-08 Reference value :  6.11147e-08 Reference value :  6.19147e-08 Reference value :  6.29147e-08 Reference value :  6.39147e-08 Reference value :  6.49147e-08 Reference value :  6.57147e-08 Reference value :  6.65147e-08 Reference value :  6.75147e-08 Reference value :  6.83147e-08 Reference value :  6.91147e-08 Reference value :  6.99147e-08 Reference value :  7.02600e-08 Reference value :  7.04000e-08 Reference value :  7.04526e-08 Reference value :  7.05184e-08 Reference value :  7.05598e-08 Reference value :  7.06425e-08 Reference value :  7.07297e-08 Reference value :  7.08326e-08 Reference value :  7.08738e-08 Reference value :  7.10427e-08 Reference value :  7.14862e-08 Reference value :  7.20862e-08 Reference value :  7.26862e-08 Reference value :  7.32862e-08 Reference value :  7.38862e-08 Reference value :  7.44862e-08 Reference value :  7.50862e-08 Reference value :  7.56862e-08 Reference value :  7.62862e-08 Reference value :  7.68862e-08 Reference value :  7.76862e-08 Reference value :  7.84862e-08 Reference value :  7.92862e-08 Reference value :  8.00862e-08 Reference value :  8.08862e-08 Reference value :  8.18862e-08 Reference value :  8.28862e-08 Reference value :  8.36862e-08 Reference value :  8.42862e-08 Reference value :  8.48862e-08 Reference value :  8.54862e-08 Reference value :  8.60862e-08 Reference value :  8.66862e-08 Reference value :  8.72862e-08 Reference value :  8.80862e-08 Reference value :  8.88862e-08 Reference value :  8.96862e-08 Reference value :  9.04862e-08 Reference value :  9.10862e-08 Reference value :  9.18862e-08 Reference value :  9.26862e-08 Reference value :  9.34862e-08 Reference value :  9.40862e-08 Reference value :  9.46862e-08 Reference value :  9.54862e-08 Reference value :  9.64862e-08 Reference value :  9.74862e-08 Reference value :  9.80862e-08 Reference value :  9.88862e-08 Reference value :  9.96862e-08 Reference value :  1.00486e-07 Reference value :  1.01286e-07 Reference value :  1.01886e-07 Reference value :  1.02486e-07 Reference value :  1.03286e-07 Reference value :  1.04286e-07 Reference value :  1.05086e-07 Reference value :  1.05886e-07 Reference value :  1.06686e-07 Reference value :  1.07486e-07 Reference value :  1.08486e-07 Reference value :  1.09086e-07 Reference value :  1.09886e-07 Reference value :  1.10486e-07 Reference value :  1.11286e-07 Reference value :  1.12086e-07 Reference value :  1.12886e-07 Reference value :  1.13686e-07 Reference value :  1.14686e-07 Reference value :  1.15286e-07 Reference value :  1.16086e-07 Reference value :  1.16686e-07 Reference value :  1.17486e-07 Reference value :  1.18286e-07 Reference value :  1.19086e-07 Reference value :  1.20000e-07 Reference value :  1.20035e-07 Reference value :  1.20128e-07 Reference value :  1.20164e-07 Reference value :  1.20200e-07 Reference value :  1.20227e-07 Reference value :  1.20293e-07 Reference value :  1.20400e-07 Reference value :  1.20473e-07 Reference value :  1.20531e-07 Reference value :  1.20580e-07 Reference value :  1.20675e-07 Reference value :  1.20803e-07 Reference value :  1.21170e-07 Reference value :  1.21770e-07 Reference value :  1.22370e-07 Reference value :  1.22770e-07 Reference value :  1.23370e-07 Reference value :  1.23770e-07 Reference value :  1.24170e-07 Reference value :  1.24570e-07 Reference value :  1.25170e-07 Reference value :  1.25770e-07 Reference value :  1.26370e-07 Reference value :  1.26770e-07 Reference value :  1.27170e-07 Reference value :  1.27570e-07 Reference value :  1.28170e-07 Reference value :  1.28770e-07 Reference value :  1.29370e-07 Reference value :  1.29970e-07 Reference value :  1.30370e-07 Reference value :  1.30770e-07 Reference value :  1.31370e-07 Reference value :  1.31970e-07 Reference value :  1.32370e-07 Reference value :  1.32770e-07 Reference value :  1.33370e-07 Reference value :  1.33770e-07 Reference value :  1.34370e-07 Reference value :  1.34970e-07 Reference value :  1.35570e-07 Reference value :  1.36370e-07 Reference value :  1.37370e-07 Reference value :  1.38170e-07 Reference value :  1.38770e-07 Reference value :  1.39370e-07 Reference value :  1.40370e-07 Reference value :  1.41370e-07 Reference value :  1.42170e-07 Reference value :  1.42770e-07 Reference value :  1.43570e-07 Reference value :  1.44370e-07 Reference value :  1.45170e-07 Reference value :  1.45970e-07 Reference value :  1.46570e-07 Reference value :  1.47170e-07 Reference value :  1.47970e-07 Reference value :  1.48770e-07 Reference value :  1.49370e-07 Reference value :  1.50170e-07 Reference value :  1.51170e-07 Reference value :  1.51970e-07 Reference value :  1.52770e-07 Reference value :  1.53570e-07 Reference value :  1.54370e-07 Reference value :  1.55170e-07 Reference value :  1.56170e-07 Reference value :  1.57170e-07 Reference value :  1.57970e-07 Reference value :  1.58970e-07 Reference value :  1.59770e-07 Reference value :  1.60770e-07 Reference value :  1.61570e-07 Reference value :  1.62570e-07 Reference value :  1.63370e-07 Reference value :  1.63970e-07 Reference value :  1.64770e-07 Reference value :  1.65570e-07 Reference value :  1.66570e-07 Reference value :  1.67370e-07 Reference value :  1.68170e-07 Reference value :  1.68970e-07 Reference value :  1.69770e-07 Reference value :  1.70216e-07 Reference value :  1.70313e-07 Reference value :  1.70381e-07 Reference value :  1.70404e-07 Reference value :  1.70448e-07 Reference value :  1.70557e-07 Reference value :  1.70641e-07 Reference value :  1.70776e-07 Reference value :  1.71002e-07 Reference value :  1.71546e-07 Reference value :  1.72146e-07 Reference value :  1.72746e-07 Reference value :  1.73546e-07 Reference value :  1.74346e-07 Reference value :  1.74946e-07 Reference value :  1.75546e-07 Reference value :  1.76146e-07 Reference value :  1.76746e-07 Reference value :  1.77346e-07 Reference value :  1.77746e-07 Reference value :  1.78346e-07 Reference value :  1.79146e-07 Reference value :  1.79946e-07 Reference value :  1.80746e-07 Reference value :  1.81546e-07 Reference value :  1.82146e-07 Reference value :  1.82946e-07 Reference value :  1.83746e-07 Reference value :  1.84746e-07 Reference value :  1.85546e-07 Reference value :  1.86346e-07 Reference value :  1.87346e-07 Reference value :  1.88146e-07 Reference value :  1.88746e-07 Reference value :  1.89546e-07 Reference value :  1.90346e-07 Reference value :  1.90946e-07 Reference value :  1.91746e-07 Reference value :  1.92546e-07 Reference value :  1.93146e-07 Reference value :  1.93746e-07 Reference value :  1.94346e-07 Reference value :  1.94946e-07 Reference value :  1.95546e-07 Reference value :  1.96146e-07 Reference value :  1.96746e-07 Reference value :  1.97346e-07 Reference value :  1.97946e-07 Reference value :  1.98546e-07 Reference value :  1.99146e-07 Reference value :  1.99746e-07 Reference value :  2.00546e-07 Reference value :  2.01146e-07 Reference value :  2.01746e-07 Reference value :  2.02346e-07 Reference value :  2.02946e-07 Reference value :  2.03546e-07 Reference value :  2.04146e-07 Reference value :  2.04746e-07 Reference value :  2.05546e-07 Reference value :  2.06146e-07 Reference value :  2.06746e-07 Reference value :  2.07346e-07 Reference value :  2.07946e-07 Reference value :  2.08546e-07 Reference value :  2.09146e-07 Reference value :  2.09546e-07 Reference value :  2.10146e-07 Reference value :  2.10746e-07 Reference value :  2.11346e-07 Reference value :  2.11946e-07 Reference value :  2.12546e-07 Reference value :  2.13146e-07 Reference value :  2.13746e-07 Reference value :  2.14346e-07 Reference value :  2.14946e-07 Reference value :  2.15546e-07 Reference value :  2.16146e-07 Reference value :  2.16746e-07 Reference value :  2.17346e-07 Reference value :  2.17946e-07 Reference value :  2.18546e-07 Reference value :  2.19146e-07 Reference value :  2.19746e-07 Reference value :  2.20010e-07 Reference value :  2.20068e-07 Reference value :  2.20107e-07 Reference value :  2.20147e-07 Reference value :  2.20174e-07 Reference value :  2.20200e-07 Reference value :  2.20210e-07 Reference value :  2.20252e-07 Reference value :  2.20339e-07 Reference value :  2.20467e-07 Reference value :  2.20531e-07 Reference value :  2.20583e-07 Reference value :  2.20685e-07 Reference value :  2.20825e-07 Reference value :  2.21236e-07 Reference value :  2.21636e-07 Reference value :  2.22036e-07 Reference value :  2.22436e-07 Reference value :  2.22836e-07 Reference value :  2.23436e-07 Reference value :  2.23836e-07 Reference value :  2.24236e-07 Reference value :  2.24636e-07 Reference value :  2.25036e-07 Reference value :  2.25436e-07 Reference value :  2.26036e-07 Reference value :  2.26636e-07 Reference value :  2.27236e-07 Reference value :  2.27836e-07 Reference value :  2.28436e-07 Reference value :  2.29036e-07 Reference value :  2.29636e-07 Reference value :  2.30236e-07 Reference value :  2.30636e-07 Reference value :  2.31036e-07 Reference value :  2.31636e-07 Reference value :  2.32036e-07 Reference value :  2.32636e-07 Reference value :  2.33236e-07 Reference value :  2.33836e-07 Reference value :  2.34636e-07 Reference value :  2.35236e-07 Reference value :  2.36236e-07 Reference value :  2.37036e-07 Reference value :  2.37836e-07 Reference value :  2.38636e-07 Reference value :  2.39436e-07 Reference value :  2.40236e-07 Reference value :  2.41036e-07 Reference value :  2.41636e-07 Reference value :  2.42436e-07 Reference value :  2.43236e-07 Reference value :  2.44036e-07 Reference value :  2.44836e-07 Reference value :  2.45636e-07 Reference value :  2.46636e-07 Reference value :  2.47436e-07 Reference value :  2.48236e-07 Reference value :  2.49236e-07 Reference value :  2.50236e-07 Reference value :  2.51036e-07 Reference value :  2.51836e-07 Reference value :  2.52636e-07 Reference value :  2.53236e-07 Reference value :  2.53836e-07 Reference value :  2.54436e-07 Reference value :  2.55036e-07 Reference value :  2.56036e-07 Reference value :  2.56836e-07 Reference value :  2.57436e-07 Reference value :  2.58036e-07 Reference value :  2.58836e-07 Reference value :  2.59836e-07 Reference value :  2.60636e-07 Reference value :  2.61436e-07 Reference value :  2.62036e-07 Reference value :  2.62636e-07 Reference value :  2.63436e-07 Reference value :  2.64236e-07 Reference value :  2.65036e-07 Reference value :  2.65836e-07 Reference value :  2.66636e-07 Reference value :  2.67436e-07 Reference value :  2.68236e-07 Reference value :  2.69036e-07 Reference value :  2.69836e-07 Reference value :  2.70260e-07 Reference value :  2.70400e-07 Reference value :  2.70424e-07 Reference value :  2.70453e-07 Reference value :  2.70560e-07 Reference value :  2.70643e-07 Reference value :  2.70730e-07 Reference value :  2.70921e-07 Reference value :  2.71361e-07 Reference value :  2.72161e-07 Reference value :  2.72961e-07 Reference value :  2.73761e-07 Reference value :  2.74561e-07 Reference value :  2.75361e-07 Reference value :  2.76161e-07 Reference value :  2.76961e-07 Reference value :  2.77761e-07 Reference value :  2.78561e-07 Reference value :  2.79161e-07 Reference value :  2.79761e-07 Reference value :  2.80361e-07 Reference value :  2.81161e-07 Reference value :  2.81961e-07 Reference value :  2.82761e-07 Reference value :  2.83561e-07 Reference value :  2.84361e-07 Reference value :  2.85361e-07 Reference value :  2.86161e-07 Reference value :  2.86961e-07 Reference value :  2.87761e-07 Reference value :  2.88561e-07 Reference value :  2.89361e-07 Reference value :  2.89961e-07 Reference value :  2.90761e-07 Reference value :  2.91561e-07 Reference value :  2.92361e-07 Reference value :  2.93161e-07 Reference value :  2.94161e-07 Reference value :  2.94961e-07 Reference value :  2.95761e-07 Reference value :  2.96561e-07 Reference value :  2.97161e-07 Reference value :  2.97961e-07 Reference value :  2.98761e-07 Reference value :  2.99361e-07 Reference value :  2.99961e-07 Reference value :  3.00761e-07 Reference value :  3.01561e-07 Reference value :  3.02361e-07 Reference value :  3.03161e-07 Reference value :  3.03961e-07 Reference value :  3.04561e-07 Reference value :  3.05361e-07 Reference value :  3.06161e-07 Reference value :  3.06961e-07 Reference value :  3.07761e-07 Reference value :  3.08761e-07 Reference value :  3.09561e-07 Reference value :  3.10361e-07 Reference value :  3.11361e-07 Reference value :  3.12361e-07 Reference value :  3.13361e-07 Reference value :  3.14161e-07 Reference value :  3.14761e-07 Reference value :  3.15361e-07 Reference value :  3.16161e-07 Reference value :  3.16961e-07 Reference value :  3.17761e-07 Reference value :  3.18761e-07 Reference value :  3.19761e-07 Reference value :  3.20009e-07 Reference value :  3.20102e-07 Reference value :  3.20170e-07 Reference value :  3.20203e-07 Reference value :  3.20245e-07 Reference value :  3.20374e-07 Reference value :  3.20451e-07 Reference value :  3.20525e-07 Reference value :  3.20580e-07 Reference value :  3.20694e-07 Reference value :  3.20957e-07 Reference value :  3.21713e-07 Reference value :  3.22313e-07 Reference value :  3.22913e-07 Reference value :  3.23513e-07 Reference value :  3.23913e-07 Reference value :  3.24313e-07 Reference value :  3.24713e-07 Reference value :  3.25113e-07 Reference value :  3.25713e-07 Reference value :  3.26313e-07 Reference value :  3.26913e-07 Reference value :  3.27513e-07 Reference value :  3.28113e-07 Reference value :  3.28713e-07 Reference value :  3.29313e-07 Reference value :  3.29913e-07 Reference value :  3.30513e-07 Reference value :  3.31113e-07 Reference value :  3.31713e-07 Reference value :  3.32313e-07 Reference value :  3.32913e-07 Reference value :  3.33513e-07 Reference value :  3.34313e-07 Reference value :  3.35313e-07 Reference value :  3.36113e-07 Reference value :  3.36913e-07 Reference value :  3.37713e-07 Reference value :  3.38513e-07 Reference value :  3.39313e-07 Reference value :  3.40113e-07 Reference value :  3.40913e-07 Reference value :  3.41713e-07 Reference value :  3.42513e-07 Reference value :  3.43313e-07 Reference value :  3.44113e-07 Reference value :  3.44913e-07 Reference value :  3.45713e-07 Reference value :  3.46513e-07 Reference value :  3.47513e-07 Reference value :  3.48313e-07 Reference value :  3.49113e-07 Reference value :  3.49913e-07 Reference value :  3.50713e-07 Reference value :  3.51513e-07 Reference value :  3.52513e-07 Reference value :  3.53313e-07 Reference value :  3.53913e-07 Reference value :  3.54713e-07 Reference value :  3.55313e-07 Reference value :  3.55913e-07 Reference value :  3.56513e-07 Reference value :  3.57113e-07 Reference value :  3.57713e-07 Reference value :  3.58513e-07 Reference value :  3.59113e-07 Reference value :  3.59713e-07 Reference value :  3.60513e-07 Reference value :  3.61113e-07 Reference value :  3.61713e-07 Reference value :  3.62313e-07 Reference value :  3.62913e-07 Reference value :  3.63513e-07 Reference value :  3.64113e-07 Reference value :  3.64713e-07 Reference value :  3.65513e-07 Reference value :  3.66313e-07 Reference value :  3.67113e-07 Reference value :  3.67713e-07 Reference value :  3.68313e-07 Reference value :  3.69113e-07 Reference value :  3.69913e-07 Reference value :  3.70220e-07 Reference value :  3.70330e-07 Reference value :  3.70400e-07 Reference value :  3.70424e-07 Reference value :  3.70453e-07 Reference value :  3.70518e-07 Reference value :  3.70560e-07 Reference value :  3.70643e-07 Reference value :  3.70730e-07 Reference value :  3.70833e-07 Reference value :  3.71161e-07 Reference value :  3.71761e-07 Reference value :  3.72561e-07 Reference value :  3.73361e-07 Reference value :  3.74161e-07 Reference value :  3.74961e-07 Reference value :  3.75961e-07 Reference value :  3.76961e-07 Reference value :  3.77961e-07 Reference value :  3.78761e-07 Reference value :  3.79561e-07 Reference value :  3.80161e-07 Reference value :  3.80961e-07 Reference value :  3.81761e-07 Reference value :  3.82561e-07 Reference value :  3.83361e-07 Reference value :  3.84161e-07 Reference value :  3.84961e-07 Reference value :  3.85761e-07 Reference value :  3.86561e-07 Reference value :  3.87361e-07 Reference value :  3.88161e-07 Reference value :  3.88761e-07 Reference value :  3.89361e-07 Reference value :  3.89961e-07 Reference value :  3.90761e-07 Reference value :  3.91361e-07 Reference value :  3.92161e-07 Reference value :  3.93161e-07 Reference value :  3.93961e-07 Reference value :  3.94761e-07 Reference value :  3.95561e-07 Reference value :  3.96561e-07 Reference value :  3.97361e-07 Reference value :  3.98161e-07 Reference value :  3.98961e-07 Reference value :  3.99561e-07 Reference value :  4.00361e-07 Reference value :  4.01361e-07 Reference value :  4.02161e-07 Reference value :  4.02961e-07 Reference value :  4.03761e-07 Reference value :  4.04761e-07 Reference value :  4.05561e-07 Reference value :  4.06361e-07 Reference value :  4.07361e-07 Reference value :  4.08361e-07 Reference value :  4.09361e-07 Reference value :  4.09961e-07 Reference value :  4.10761e-07 Reference value :  4.11761e-07 Reference value :  4.12561e-07 Reference value :  4.13361e-07 Reference value :  4.13961e-07 Reference value :  4.14761e-07 Reference value :  4.15761e-07 Reference value :  4.16561e-07 Reference value :  4.17561e-07 Reference value :  4.18561e-07 Reference value :  4.19361e-07 Reference value :  4.19880e-07 Reference value :  4.20009e-07 Reference value :  4.20065e-07 Reference value :  4.20102e-07 Reference value :  4.20170e-07 Reference value :  4.20203e-07 Reference value :  4.20221e-07 Reference value :  4.20279e-07 Reference value :  4.20374e-07 Reference value :  4.20451e-07 Reference value :  4.20524e-07 Reference value :  4.20638e-07 Reference value :  4.20694e-07 Reference value :  4.20851e-07 Reference value :  4.21115e-07 Reference value :  4.21515e-07 Reference value :  4.21915e-07 Reference value :  4.22315e-07 Reference value :  4.22715e-07 Reference value :  4.23315e-07 Reference value :  4.23915e-07 Reference value :  4.24315e-07 Reference value :  4.24915e-07 Reference value :  4.25515e-07 Reference value :  4.26115e-07 Reference value :  4.26715e-07 Reference value :  4.27315e-07 Reference value :  4.27915e-07 Reference value :  4.28515e-07 Reference value :  4.29115e-07 Reference value :  4.29715e-07 Reference value :  4.30115e-07 Reference value :  4.30515e-07 Reference value :  4.31115e-07 Reference value :  4.31715e-07 Reference value :  4.32315e-07 Reference value :  4.32915e-07 Reference value :  4.33515e-07 Reference value :  4.34115e-07 Reference value :  4.34915e-07 Reference value :  4.35715e-07 Reference value :  4.36515e-07 Reference value :  4.37315e-07 Reference value :  4.38115e-07 Reference value :  4.38915e-07 Reference value :  4.39715e-07 Reference value :  4.40515e-07 Reference value :  4.41315e-07 Reference value :  4.42115e-07 Reference value :  4.42915e-07 Reference value :  4.43715e-07 Reference value :  4.44515e-07 Reference value :  4.45315e-07 Reference value :  4.46115e-07 Reference value :  4.46915e-07 Reference value :  4.47715e-07 Reference value :  4.48515e-07 Reference value :  4.49315e-07 Reference value :  4.50115e-07 Reference value :  4.50915e-07 Reference value :  4.51715e-07 Reference value :  4.52515e-07 Reference value :  4.53115e-07 Reference value :  4.53715e-07 Reference value :  4.54515e-07 Reference value :  4.55315e-07 Reference value :  4.56115e-07 Reference value :  4.56915e-07 Reference value :  4.57715e-07 Reference value :  4.58515e-07 Reference value :  4.59115e-07 Reference value :  4.59915e-07 Reference value :  4.60715e-07 Reference value :  4.61515e-07 Reference value :  4.62515e-07 Reference value :  4.63315e-07 Reference value :  4.64315e-07 Reference value :  4.65115e-07 Reference value :  4.65915e-07 Reference value :  4.66715e-07 Reference value :  4.67515e-07 Reference value :  4.68315e-07 Reference value :  4.69115e-07 Reference value :  4.69915e-07 Reference value :  4.70260e-07 Reference value :  4.70400e-07 Reference value :  4.70424e-07 Reference value :  4.70453e-07 Reference value :  4.70560e-07 Reference value :  4.70643e-07 Reference value :  4.70730e-07 Reference value :  4.70833e-07 Reference value :  4.71161e-07 Reference value :  4.71761e-07 Reference value :  4.72561e-07 Reference value :  4.73561e-07 Reference value :  4.74161e-07 Reference value :  4.74761e-07 Reference value :  4.75561e-07 Reference value :  4.76561e-07 Reference value :  4.77561e-07 Reference value :  4.78361e-07 Reference value :  4.79161e-07 Reference value :  4.79961e-07 Reference value :  4.80961e-07 Reference value :  4.81961e-07 Reference value :  4.82961e-07 Reference value :  4.83961e-07 Reference value :  4.84761e-07 Reference value :  4.85361e-07 Reference value :  4.86361e-07 Reference value :  4.87161e-07 Reference value :  4.87961e-07 Reference value :  4.88761e-07 Reference value :  4.89761e-07 Reference value :  4.90761e-07 Reference value :  4.91561e-07 Reference value :  4.92161e-07 Reference value :  4.92961e-07 Reference value :  4.93761e-07 Reference value :  4.94561e-07 Reference value :  4.95361e-07 Reference value :  4.96161e-07 Reference value :  4.96961e-07 Reference value :  4.97561e-07 Reference value :  4.98161e-07 Reference value :  4.98761e-07 Reference value :  4.99561e-07 Reference value :  5.00361e-07 Reference value :  5.01361e-07 Reference value :  5.02161e-07 Reference value :  5.02961e-07 Reference value :  5.03561e-07 Reference value :  5.04361e-07 Reference value :  5.05161e-07 Reference value :  5.05961e-07 Reference value :  5.06961e-07 Reference value :  5.07761e-07 Reference value :  5.08761e-07 Reference value :  5.09761e-07 Reference value :  5.10761e-07 Reference value :  5.11561e-07 Reference value :  5.12361e-07 Reference value :  5.13161e-07 Reference value :  5.13961e-07 Reference value :  5.14761e-07 Reference value :  5.15561e-07 Reference value :  5.16561e-07 Reference value :  5.17361e-07 Reference value :  5.18161e-07 Reference value :  5.19161e-07 Reference value :  5.19880e-07 Reference value :  5.20009e-07 Reference value :  5.20102e-07 Reference value :  5.20170e-07 Reference value :  5.20203e-07 Reference value :  5.20245e-07 Reference value :  5.20374e-07 Reference value :  5.20451e-07 Reference value :  5.20524e-07 Reference value :  5.20581e-07 Reference value :  5.20694e-07 Reference value :  5.20958e-07 Reference value :  5.21515e-07 Reference value :  5.22115e-07 Reference value :  5.22715e-07 Reference value :  5.23315e-07 Reference value :  5.23915e-07 Reference value :  5.24515e-07 Reference value :  5.25115e-07 Reference value :  5.25715e-07 Reference value :  5.26315e-07 Reference value :  5.26915e-07 Reference value :  5.27515e-07 Reference value :  5.28115e-07 Reference value :  5.28715e-07 Reference value :  5.29315e-07 Reference value :  5.29915e-07 Reference value :  5.30515e-07 Reference value :  5.31115e-07 Reference value :  5.31715e-07 Reference value :  5.32315e-07 Reference value :  5.32915e-07 Reference value :  5.33515e-07 Reference value :  5.34115e-07 Reference value :  5.35115e-07 Reference value :  5.35915e-07 Reference value :  5.36715e-07 Reference value :  5.37515e-07 Reference value :  5.38315e-07 Reference value :  5.39115e-07 Reference value :  5.39915e-07 Reference value :  5.40715e-07 Reference value :  5.41515e-07 Reference value :  5.42315e-07 Reference value :  5.43115e-07 Reference value :  5.43915e-07 Reference value :  5.44715e-07 Reference value :  5.45515e-07 Reference value :  5.46515e-07 Reference value :  5.47315e-07 Reference value :  5.48115e-07 Reference value :  5.48915e-07 Reference value :  5.49915e-07 Reference value :  5.50715e-07 Reference value :  5.51515e-07 Reference value :  5.52515e-07 Reference value :  5.53315e-07 Reference value :  5.54315e-07 Reference value :  5.54915e-07 Reference value :  5.55715e-07 Reference value :  5.56515e-07 Reference value :  5.57315e-07 Reference value :  5.58115e-07 Reference value :  5.58915e-07 Reference value :  5.59715e-07 Reference value :  5.60515e-07 Reference value :  5.61315e-07 Reference value :  5.62115e-07 Reference value :  5.62915e-07 Reference value :  5.63715e-07 Reference value :  5.64515e-07 Reference value :  5.65315e-07 Reference value :  5.66115e-07 Reference value :  5.66915e-07 Reference value :  5.67715e-07 Reference value :  5.68515e-07 Reference value :  5.69315e-07 Reference value :  5.70057e-07 Reference value :  5.70260e-07 Reference value :  5.70400e-07 Reference value :  5.70424e-07 Reference value :  5.70453e-07 Reference value :  5.70518e-07 Reference value :  5.70560e-07 Reference value :  5.70643e-07 Reference value :  5.70730e-07 Reference value :  5.70833e-07 Reference value :  5.71161e-07 Reference value :  5.71761e-07 Reference value :  5.72761e-07 Reference value :  5.73561e-07 Reference value :  5.74561e-07 Reference value :  5.75361e-07 Reference value :  5.76161e-07 Reference value :  5.76961e-07 Reference value :  5.77761e-07 Reference value :  5.78561e-07 Reference value :  5.79561e-07 Reference value :  5.80561e-07 Reference value :  5.81361e-07 Reference value :  5.82161e-07 Reference value :  5.82961e-07 Reference value :  5.83761e-07 Reference value :  5.84761e-07 Reference value :  5.85561e-07 Reference value :  5.86361e-07 Reference value :  5.86961e-07 Reference value :  5.87761e-07 Reference value :  5.88561e-07 Reference value :  5.89361e-07 Reference value :  5.90161e-07 Reference value :  5.91161e-07 Reference value :  5.91961e-07 Reference value :  5.92761e-07 Reference value :  5.93561e-07 Reference value :  5.94361e-07 Reference value :  5.95161e-07 Reference value :  5.95961e-07 Reference value :  5.96761e-07 Reference value :  5.97561e-07 Reference value :  5.98361e-07 Reference value :  5.99161e-07 Reference value :  5.99961e-07 Reference value :  6.00961e-07 Reference value :  6.01761e-07 Reference value :  6.02561e-07 Reference value :  6.03561e-07 Reference value :  6.04361e-07 Reference value :  6.05161e-07 Reference value :  6.05761e-07 Reference value :  6.06561e-07 Reference value :  6.07361e-07 Reference value :  6.08161e-07 Reference value :  6.08961e-07 Reference value :  6.09561e-07 Reference value :  6.09961e-07 Reference value :  6.10161e-07 Reference value :  6.10761e-07 Reference value :  6.11561e-07 Reference value :  6.11761e-07 Reference value :  6.12561e-07 Reference value :  6.13361e-07 Reference value :  6.14361e-07 Reference value :  6.15161e-07 Reference value :  6.15961e-07 Reference value :  6.16761e-07 Reference value :  6.17561e-07 Reference value :  6.18561e-07 Reference value :  6.19361e-07 Reference value :  6.20009e-07 Reference value :  6.20102e-07 Reference value :  6.20170e-07 Reference value :  6.20203e-07 Reference value :  6.20245e-07 Reference value :  6.20325e-07 Reference value :  6.20451e-07 Reference value :  6.20524e-07 Reference value :  6.20638e-07 Reference value :  6.20694e-07 Reference value :  6.20958e-07 Reference value :  6.21315e-07 Reference value :  6.21715e-07 Reference value :  6.22115e-07 Reference value :  6.22515e-07 Reference value :  6.23115e-07 Reference value :  6.23715e-07 Reference value :  6.24315e-07 Reference value :  6.24915e-07 Reference value :  6.25515e-07 Reference value :  6.26115e-07 Reference value :  6.26715e-07 Reference value :  6.27315e-07 Reference value :  6.27915e-07 Reference value :  6.28515e-07 Reference value :  6.29115e-07 Reference value :  6.29715e-07 Reference value :  6.30315e-07 Reference value :  6.30915e-07 Reference value :  6.31515e-07 Reference value :  6.31915e-07 Reference value :  6.32315e-07 Reference value :  6.32715e-07 Reference value :  6.33315e-07 Reference value :  6.33915e-07 Reference value :  6.34715e-07 Reference value :  6.35515e-07 Reference value :  6.36315e-07 Reference value :  6.36915e-07 Reference value :  6.37715e-07 Reference value :  6.38515e-07 Reference value :  6.39315e-07 Reference value :  6.40315e-07 Reference value :  6.41115e-07 Reference value :  6.41915e-07 Reference value :  6.42715e-07 Reference value :  6.43515e-07 Reference value :  6.44315e-07 Reference value :  6.45315e-07 Reference value :  6.46115e-07 Reference value :  6.46915e-07 Reference value :  6.47915e-07 Reference value :  6.48715e-07 Reference value :  6.49715e-07 Reference value :  6.50715e-07 Reference value :  6.51515e-07 Reference value :  6.52315e-07 Reference value :  6.53115e-07 Reference value :  6.53915e-07 Reference value :  6.54715e-07 Reference value :  6.55515e-07 Reference value :  6.56315e-07 Reference value :  6.57115e-07 Reference value :  6.57915e-07 Reference value :  6.58715e-07 Reference value :  6.59515e-07 Reference value :  6.60515e-07 Reference value :  6.61515e-07 Reference value :  6.62315e-07 Reference value :  6.63115e-07 Reference value :  6.64115e-07 Reference value :  6.64915e-07 Reference value :  6.65915e-07 Reference value :  6.66715e-07 Reference value :  6.67515e-07 Reference value :  6.68315e-07 Reference value :  6.69115e-07 Reference value :  6.69915e-07 Reference value :  6.70260e-07 Reference value :  6.70400e-07 Reference value :  6.70453e-07 Reference value :  6.70560e-07 Reference value :  6.70643e-07 Reference value :  6.70730e-07 Reference value :  6.70833e-07 Reference value :  6.71161e-07 Reference value :  6.71761e-07 Reference value :  6.72561e-07 Reference value :  6.73361e-07 Reference value :  6.74361e-07 Reference value :  6.74961e-07 Reference value :  6.75761e-07 Reference value :  6.76561e-07 Reference value :  6.77361e-07 Reference value :  6.78161e-07 Reference value :  6.79161e-07 Reference value :  6.79961e-07 Reference value :  6.80761e-07 Reference value :  6.81561e-07 Reference value :  6.82561e-07 Reference value :  6.83561e-07 Reference value :  6.84561e-07 Reference value :  6.85561e-07 Reference value :  6.86361e-07 Reference value :  6.87161e-07 Reference value :  6.87961e-07 Reference value :  6.88961e-07 Reference value :  6.89761e-07 Reference value :  6.90561e-07 Reference value :  6.91361e-07 Reference value :  6.92161e-07 Reference value :  6.92961e-07 Reference value :  6.93961e-07 Reference value :  6.94761e-07 Reference value :  6.95561e-07 Reference value :  6.96361e-07 Reference value :  6.97161e-07 Reference value :  6.97961e-07 Reference value :  6.98961e-07 Reference value :  6.99761e-07 Reference value :  7.00561e-07 Reference value :  7.01361e-07 Reference value :  7.02161e-07 Reference value :  7.03161e-07 Reference value :  7.03961e-07 Reference value :  7.04761e-07 Reference value :  7.05561e-07 Reference value :  7.06361e-07 Reference value :  7.07161e-07 Reference value :  7.07961e-07 Reference value :  7.08961e-07 Reference value :  7.09761e-07 Reference value :  7.10561e-07 Reference value :  7.11361e-07 Reference value :  7.12161e-07 Reference value :  7.12961e-07 Reference value :  7.13961e-07 Reference value :  7.14961e-07 Reference value :  7.15961e-07 Reference value :  7.16961e-07 Reference value :  7.17761e-07 Reference value :  7.18561e-07 Reference value :  7.19361e-07 Reference value :  7.20000e-07 Reference value :  7.20028e-07 Reference value :  7.20102e-07 Reference value :  7.20170e-07 Reference value :  7.20203e-07 Reference value :  7.20221e-07 Reference value :  7.20279e-07 Reference value :  7.20374e-07 Reference value :  7.20451e-07 Reference value :  7.20524e-07 Reference value :  7.20581e-07 Reference value :  7.20694e-07 Reference value :  7.20958e-07 Reference value :  7.21515e-07 Reference value :  7.22115e-07 Reference value :  7.22915e-07 Reference value :  7.23515e-07 Reference value :  7.24115e-07 Reference value :  7.24715e-07 Reference value :  7.25315e-07 Reference value :  7.25915e-07 Reference value :  7.26515e-07 Reference value :  7.27115e-07 Reference value :  7.27715e-07 Reference value :  7.28315e-07 Reference value :  7.28915e-07 Reference value :  7.29515e-07 Reference value :  7.30315e-07 Reference value :  7.30915e-07 Reference value :  7.31515e-07 Reference value :  7.32115e-07 Reference value :  7.32715e-07 Reference value :  7.33315e-07 Reference value :  7.33915e-07 Reference value :  7.34715e-07 Reference value :  7.35715e-07 Reference value :  7.36715e-07 Reference value :  7.37515e-07 Reference value :  7.38315e-07 Reference value :  7.39115e-07 Reference value :  7.39915e-07 Reference value :  7.40715e-07 Reference value :  7.41715e-07 Reference value :  7.42515e-07 Reference value :  7.43515e-07 Reference value :  7.44315e-07 Reference value :  7.45115e-07 Reference value :  7.46115e-07 Reference value :  7.46915e-07 Reference value :  7.47715e-07 Reference value :  7.48515e-07 Reference value :  7.49315e-07 Reference value :  7.50315e-07 Reference value :  7.51115e-07 Reference value :  7.51915e-07 Reference value :  7.52715e-07 Reference value :  7.53515e-07 Reference value :  7.54315e-07 Reference value :  7.55115e-07 Reference value :  7.55915e-07 Reference value :  7.56715e-07 Reference value :  7.57515e-07 Reference value :  7.58315e-07 Reference value :  7.59115e-07 Reference value :  7.59915e-07 Reference value :  7.60715e-07 Reference value :  7.61715e-07 Reference value :  7.62715e-07 Reference value :  7.63515e-07 Reference value :  7.64315e-07 Reference value :  7.65115e-07 Reference value :  7.65915e-07 Reference value :  7.66915e-07 Reference value :  7.67915e-07 Reference value :  7.68915e-07 Reference value :  7.69715e-07 Reference value :  7.70220e-07 Reference value :  7.70400e-07 Reference value :  7.70424e-07 Reference value :  7.70482e-07 Reference value :  7.70560e-07 Reference value :  7.70643e-07 Reference value :  7.70730e-07 Reference value :  7.70833e-07 Reference value :  7.71161e-07 Reference value :  7.71761e-07 Reference value :  7.72561e-07 Reference value :  7.73561e-07 Reference value :  7.74561e-07 Reference value :  7.75361e-07 Reference value :  7.76161e-07 Reference value :  7.76961e-07 Reference value :  7.77761e-07 Reference value :  7.78561e-07 Reference value :  7.79561e-07 Reference value :  7.80361e-07 Reference value :  7.81161e-07 Reference value :  7.81961e-07 Reference value :  7.82761e-07 Reference value :  7.83761e-07 Reference value :  7.84761e-07 Reference value :  7.85761e-07 Reference value :  7.86761e-07 Reference value :  7.87561e-07 Reference value :  7.88361e-07 Reference value :  7.89161e-07 Reference value :  7.89761e-07 Reference value :  7.90561e-07 Reference value :  7.91361e-07 Reference value :  7.92361e-07 Reference value :  7.93161e-07 Reference value :  7.93961e-07 Reference value :  7.94561e-07 Reference value :  7.95361e-07 Reference value :  7.96161e-07 Reference value :  7.96961e-07 Reference value :  7.97961e-07 Reference value :  7.98761e-07 Reference value :  7.99761e-07 Reference value :  8.00561e-07 Reference value :  8.01561e-07 Reference value :  8.02561e-07 Reference value :  8.03361e-07 Reference value :  8.04161e-07 Reference value :  8.04961e-07 Reference value :  8.05761e-07 Reference value :  8.06561e-07 Reference value :  8.07361e-07 Reference value :  8.08161e-07 Reference value :  8.08961e-07 Reference value :  8.09761e-07 Reference value :  8.10361e-07 Reference value :  8.11161e-07 Reference value :  8.11961e-07 Reference value :  8.12761e-07 Reference value :  8.13561e-07 Reference value :  8.14561e-07 Reference value :  8.15561e-07 Reference value :  8.16561e-07 Reference value :  8.17561e-07 Reference value :  8.18561e-07 Reference value :  8.19561e-07 Reference value :  8.20009e-07 Reference value :  8.20102e-07 Reference value :  8.20170e-07 Reference value :  8.20209e-07 Reference value :  8.20245e-07 Reference value :  8.20374e-07 Reference value :  8.20451e-07 Reference value :  8.20524e-07 Reference value :  8.20581e-07 Reference value :  8.20694e-07 Reference value :  8.20958e-07 Reference value :  8.21515e-07 Reference value :  8.22115e-07 Reference value :  8.22715e-07 Reference value :  8.23315e-07 Reference value :  8.23915e-07 Reference value :  8.24515e-07 Reference value :  8.25115e-07 Reference value :  8.25715e-07 Reference value :  8.26315e-07 Reference value :  8.26915e-07 Reference value :  8.27515e-07 Reference value :  8.28115e-07 Reference value :  8.28715e-07 Reference value :  8.29315e-07 Reference value :  8.29915e-07 Reference value :  8.30515e-07 Reference value :  8.31115e-07 Reference value :  8.31715e-07 Reference value :  8.32315e-07 Reference value :  8.32915e-07 Reference value :  8.33515e-07 Reference value :  8.34315e-07 Reference value :  8.35315e-07 Reference value :  8.36115e-07 Reference value :  8.36915e-07 Reference value :  8.37715e-07 Reference value :  8.38315e-07 Reference value :  8.39115e-07 Reference value :  8.39915e-07 Reference value :  8.40915e-07 Reference value :  8.41915e-07 Reference value :  8.42715e-07 Reference value :  8.43515e-07 Reference value :  8.44315e-07 Reference value :  8.45115e-07 Reference value :  8.46115e-07 Reference value :  8.47115e-07 Reference value :  8.48115e-07 Reference value :  8.49115e-07 Reference value :  8.49915e-07 Reference value :  8.50715e-07 Reference value :  8.51515e-07 Reference value :  8.52315e-07 Reference value :  8.53315e-07 Reference value :  8.54115e-07 Reference value :  8.54915e-07 Reference value :  8.55915e-07 Reference value :  8.56715e-07 Reference value :  8.57515e-07 Reference value :  8.58315e-07 Reference value :  8.59115e-07 Reference value :  8.59915e-07 Reference value :  8.60715e-07 Reference value :  8.61315e-07 Reference value :  8.62115e-07 Reference value :  8.62915e-07 Reference value :  8.63515e-07 Reference value :  8.64115e-07 Reference value :  8.64915e-07 Reference value :  8.65515e-07 Reference value :  8.66115e-07 Reference value :  8.66915e-07 Reference value :  8.67515e-07 Reference value :  8.68315e-07 Reference value :  8.69115e-07 Reference value :  8.69715e-07 Reference value :  8.70220e-07 Reference value :  8.70400e-07 Reference value :  8.70424e-07 Reference value :  8.70482e-07 Reference value :  8.70560e-07 Reference value :  8.70603e-07 Reference value :  8.70643e-07 Reference value :  8.70730e-07 Reference value :  8.70833e-07 Reference value :  8.71004e-07 Reference value :  8.71361e-07 Reference value :  8.71961e-07 Reference value :  8.72761e-07 Reference value :  8.73561e-07 Reference value :  8.74161e-07 Reference value :  8.74761e-07 Reference value :  8.75561e-07 Reference value :  8.76361e-07 Reference value :  8.77161e-07 Reference value :  8.77961e-07 Reference value :  8.78561e-07 Reference value :  8.79361e-07 Reference value :  8.79961e-07 Reference value :  8.80561e-07 Reference value :  8.81361e-07 Reference value :  8.82161e-07 Reference value :  8.82961e-07 Reference value :  8.83761e-07 Reference value :  8.84561e-07 Reference value :  8.85361e-07 Reference value :  8.86161e-07 Reference value :  8.86961e-07 Reference value :  8.87761e-07 Reference value :  8.88561e-07 Reference value :  8.89161e-07 Reference value :  8.89961e-07 Reference value :  8.90761e-07 Reference value :  8.91761e-07 Reference value :  8.92561e-07 Reference value :  8.93361e-07 Reference value :  8.94161e-07 Reference value :  8.94961e-07 Reference value :  8.95761e-07 Reference value :  8.96561e-07 Reference value :  8.97361e-07 Reference value :  8.98361e-07 Reference value :  8.99361e-07 Reference value :  9.00161e-07 Reference value :  9.00761e-07 Reference value :  9.01561e-07 Reference value :  9.02361e-07 Reference value :  9.03161e-07 Reference value :  9.03961e-07 Reference value :  9.04761e-07 Reference value :  9.05561e-07 Reference value :  9.06361e-07 Reference value :  9.07161e-07 Reference value :  9.08161e-07 Reference value :  9.08961e-07 Reference value :  9.09761e-07 Reference value :  9.10561e-07 Reference value :  9.11361e-07 Reference value :  9.11961e-07 Reference value :  9.12761e-07 Reference value :  9.13561e-07 Reference value :  9.14361e-07 Reference value :  9.15161e-07 Reference value :  9.15761e-07 Reference value :  9.16561e-07 Reference value :  9.17561e-07 Reference value :  9.18361e-07 Reference value :  9.18961e-07 Reference value :  9.19561e-07 Reference value :  9.20000e-07 Reference value :  9.20009e-07 Reference value :  9.20102e-07 Reference value :  9.20170e-07 Reference value :  9.20203e-07 Reference value :  9.20245e-07 Reference value :  9.20374e-07 Reference value :  9.20451e-07 Reference value :  9.20524e-07 Reference value :  9.20581e-07 Reference value :  9.20694e-07 Reference value :  9.20851e-07 Reference value :  9.21315e-07 Reference value :  9.21915e-07 Reference value :  9.22515e-07 Reference value :  9.23115e-07 Reference value :  9.23515e-07 Reference value :  9.24115e-07 Reference value :  9.24715e-07 Reference value :  9.25315e-07 Reference value :  9.25915e-07 Reference value :  9.26515e-07 Reference value :  9.27115e-07 Reference value :  9.27715e-07 Reference value :  9.28315e-07 Reference value :  9.28915e-07 Reference value :  9.29515e-07 Reference value :  9.30115e-07 Reference value :  9.30715e-07 Reference value :  9.31315e-07 Reference value :  9.31915e-07 Reference value :  9.32515e-07 Reference value :  9.33115e-07 Reference value :  9.33715e-07 Reference value :  9.34515e-07 Reference value :  9.35315e-07 Reference value :  9.36115e-07 Reference value :  9.36915e-07 Reference value :  9.37715e-07 Reference value :  9.38715e-07 Reference value :  9.39515e-07 Reference value :  9.40315e-07 Reference value :  9.41115e-07 Reference value :  9.41715e-07 Reference value :  9.42315e-07 Reference value :  9.43315e-07 Reference value :  9.44115e-07 Reference value :  9.44915e-07 Reference value :  9.45915e-07 Reference value :  9.46915e-07 Reference value :  9.47715e-07 Reference value :  9.48515e-07 Reference value :  9.49115e-07 Reference value :  9.49915e-07 Reference value :  9.50715e-07 Reference value :  9.51515e-07 Reference value :  9.52315e-07 Reference value :  9.53115e-07 Reference value :  9.53715e-07 Reference value :  9.54515e-07 Reference value :  9.55315e-07 Reference value :  9.56115e-07 Reference value :  9.56915e-07 Reference value :  9.57515e-07 Reference value :  9.58115e-07 Reference value :  9.59115e-07 Reference value :  9.59915e-07 Reference value :  9.60915e-07 Reference value :  9.61715e-07 Reference value :  9.62515e-07 Reference value :  9.63515e-07 Reference value :  9.64315e-07 Reference value :  9.65115e-07 Reference value :  9.65915e-07 Reference value :  9.66715e-07 Reference value :  9.67515e-07 Reference value :  9.68315e-07 Reference value :  9.69115e-07 Reference value :  9.69915e-07 Reference value :  9.70260e-07 Reference value :  9.70400e-07 Reference value :  9.70424e-07 Reference value :  9.70482e-07 Reference value :  9.70560e-07 Reference value :  9.70643e-07 Reference value :  9.70730e-07 Reference value :  9.70833e-07 Reference value :  9.71161e-07 Reference value :  9.71761e-07 Reference value :  9.72561e-07 Reference value :  9.73361e-07 Reference value :  9.73961e-07 Reference value :  9.74761e-07 Reference value :  9.75361e-07 Reference value :  9.76161e-07 Reference value :  9.76961e-07 Reference value :  9.77761e-07 Reference value :  9.78561e-07 Reference value :  9.79561e-07 Reference value :  9.80561e-07 Reference value :  9.81361e-07 Reference value :  9.82161e-07 Reference value :  9.82961e-07 Reference value :  9.83761e-07 Reference value :  9.84561e-07 Reference value :  9.85361e-07 Reference value :  9.86161e-07 Reference value :  9.86961e-07 Reference value :  9.87761e-07 Reference value :  9.88561e-07 Reference value :  9.89361e-07 Reference value :  9.90161e-07 Reference value :  9.90961e-07 Reference value :  9.91961e-07 Reference value :  9.92761e-07 Reference value :  9.93561e-07 Reference value :  9.94361e-07 Reference value :  9.95161e-07 Reference value :  9.95961e-07 Reference value :  9.96761e-07 Reference value :  9.97561e-07 Reference value :  9.98361e-07 Reference value :  9.99361e-07 Reference value :  1.00016e-06 Reference value :  1.00096e-06 Reference value :  1.00176e-06 Reference value :  1.00256e-06 Reference value :  1.00356e-06 Reference value :  1.00436e-06 Reference value :  1.00516e-06 Reference value :  1.00596e-06 Reference value :  1.00676e-06 Reference value :  1.00776e-06 Reference value :  1.00856e-06 Reference value :  1.00916e-06 Reference value :  1.00996e-06 Reference value :  1.01096e-06 Reference value :  1.01196e-06 Reference value :  1.01276e-06 Reference value :  1.01376e-06 Reference value :  1.01476e-06 Reference value :  1.01556e-06 Reference value :  1.01636e-06 Reference value :  1.01716e-06 Reference value :  1.01816e-06 Reference value :  1.01916e-06 Reference value :  1.02000e-06 Reference value :  1.02003e-06 Reference value :  1.02010e-06 Reference value :  1.02017e-06 Reference value :  1.02020e-06 Reference value :  1.02022e-06 Reference value :  1.02028e-06 Reference value :  1.02045e-06 Reference value :  1.02052e-06 Reference value :  1.02058e-06 Reference value :  1.02069e-06 Reference value :  1.02096e-06 Reference value :  1.02151e-06 Reference value :  1.02211e-06 Reference value :  1.02271e-06 Reference value :  1.02311e-06 Reference value :  1.02371e-06 Reference value :  1.02431e-06 Reference value :  1.02491e-06 Reference value :  1.02551e-06 Reference value :  1.02611e-06 Reference value :  1.02671e-06 Reference value :  1.02751e-06 Reference value :  1.02811e-06 Reference value :  1.02871e-06 Reference value :  1.02931e-06 Reference value :  1.02991e-06 Reference value :  1.03051e-06 Reference value :  1.03111e-06 Reference value :  1.03171e-06 Reference value :  1.03231e-06 Reference value :  1.03291e-06 Reference value :  1.03351e-06 Reference value :  1.03411e-06 Reference value :  1.03491e-06 Reference value :  1.03571e-06 Reference value :  1.03651e-06 Reference value :  1.03751e-06 Reference value :  1.03851e-06 Reference value :  1.03931e-06 Reference value :  1.04011e-06 Reference value :  1.04091e-06 Reference value :  1.04171e-06 Reference value :  1.04271e-06 Reference value :  1.04351e-06 Reference value :  1.04431e-06 Reference value :  1.04511e-06 Reference value :  1.04591e-06 Reference value :  1.04671e-06 Reference value :  1.04771e-06 Reference value :  1.04851e-06 Reference value :  1.04931e-06 Reference value :  1.04991e-06 Reference value :  1.05071e-06 Reference value :  1.05151e-06 Reference value :  1.05231e-06 Reference value :  1.05331e-06 Reference value :  1.05411e-06 Reference value :  1.05491e-06 Reference value :  1.05571e-06 Reference value :  1.05671e-06 Reference value :  1.05751e-06 Reference value :  1.05851e-06 Reference value :  1.05931e-06 Reference value :  1.06011e-06 Reference value :  1.06091e-06 Reference value :  1.06191e-06 Reference value :  1.06271e-06 Reference value :  1.06331e-06 Reference value :  1.06391e-06 Reference value :  1.06471e-06 Reference value :  1.06571e-06 Reference value :  1.06651e-06 Reference value :  1.06711e-06 Reference value :  1.06771e-06 Reference value :  1.06831e-06 Reference value :  1.06931e-06 Reference value :  1.07006e-06 Reference value :  1.07026e-06 Reference value :  1.07040e-06 Reference value :  1.07042e-06 Reference value :  1.07048e-06 Reference value :  1.07056e-06 Reference value :  1.07064e-06 Reference value :  1.07073e-06 Reference value :  1.07083e-06 Reference value :  1.07116e-06 Reference value :  1.07176e-06 Reference value :  1.07256e-06 Reference value :  1.07336e-06 Reference value :  1.07436e-06 Reference value :  1.07516e-06 Reference value :  1.07596e-06 Reference value :  1.07676e-06 Reference value :  1.07776e-06 Reference value :  1.07876e-06 Reference value :  1.07956e-06 Reference value :  1.08036e-06 Reference value :  1.08116e-06 Reference value :  1.08196e-06 Reference value :  1.08276e-06 Reference value :  1.08356e-06 Reference value :  1.08436e-06 Reference value :  1.08516e-06 Reference value :  1.08596e-06 Reference value :  1.08696e-06 Reference value :  1.08796e-06 Reference value :  1.08896e-06 Reference value :  1.08976e-06 Reference value :  1.09076e-06 Reference value :  1.09156e-06 Reference value :  1.09236e-06 Reference value :  1.09316e-06 Reference value :  1.09396e-06 Reference value :  1.09476e-06 Reference value :  1.09556e-06 Reference value :  1.09636e-06 Reference value :  1.09716e-06 Reference value :  1.09796e-06 Reference value :  1.09876e-06 Reference value :  1.09956e-06 Reference value :  1.10036e-06 Reference value :  1.10096e-06 Reference value :  1.10156e-06 Reference value :  1.10236e-06 Reference value :  1.10336e-06 Reference value :  1.10416e-06 Reference value :  1.10496e-06 Reference value :  1.10576e-06 Reference value :  1.10656e-06 Reference value :  1.10736e-06 Reference value :  1.10816e-06 Reference value :  1.10896e-06 Reference value :  1.10996e-06 Reference value :  1.11076e-06 Reference value :  1.11156e-06 Reference value :  1.11256e-06 Reference value :  1.11356e-06 Reference value :  1.11436e-06 Reference value :  1.11516e-06 Reference value :  1.11596e-06 Reference value :  1.11676e-06 Reference value :  1.11756e-06 Reference value :  1.11836e-06 Reference value :  1.11916e-06 Reference value :  1.12000e-06 Reference value :  1.12003e-06 Reference value :  1.12010e-06 Reference value :  1.12017e-06 Reference value :  1.12020e-06 Reference value :  1.12024e-06 Reference value :  1.12032e-06 Reference value :  1.12045e-06 Reference value :  1.12052e-06 Reference value :  1.12064e-06 Reference value :  1.12076e-06 Reference value :  1.12111e-06 Reference value :  1.12171e-06 Reference value :  1.12231e-06 Reference value :  1.12271e-06 Reference value :  1.12311e-06 Reference value :  1.12371e-06 Reference value :  1.12431e-06 Reference value :  1.12491e-06 Reference value :  1.12551e-06 Reference value :  1.12611e-06 Reference value :  1.12671e-06 Reference value :  1.12751e-06 Reference value :  1.12811e-06 Reference value :  1.12871e-06 Reference value :  1.12931e-06 Reference value :  1.12991e-06 Reference value :  1.13051e-06 Reference value :  1.13111e-06 Reference value :  1.13171e-06 Reference value :  1.13231e-06 Reference value :  1.13271e-06 Reference value :  1.13311e-06 Reference value :  1.13371e-06 Reference value :  1.13431e-06 Reference value :  1.13471e-06 Reference value :  1.13551e-06 Reference value :  1.13651e-06 Reference value :  1.13731e-06 Reference value :  1.13811e-06 Reference value :  1.13891e-06 Reference value :  1.13971e-06 Reference value :  1.14051e-06 Reference value :  1.14131e-06 Reference value :  1.14211e-06 Reference value :  1.14271e-06 Reference value :  1.14351e-06 Reference value :  1.14431e-06 Reference value :  1.14511e-06 Reference value :  1.14591e-06 Reference value :  1.14671e-06 Reference value :  1.14751e-06 Reference value :  1.14831e-06 Reference value :  1.14931e-06 Reference value :  1.15011e-06 Reference value :  1.15111e-06 Reference value :  1.15191e-06 Reference value :  1.15251e-06 Reference value :  1.15311e-06 Reference value :  1.15411e-06 Reference value :  1.15491e-06 Reference value :  1.15571e-06 Reference value :  1.15651e-06 Reference value :  1.15731e-06 Reference value :  1.15811e-06 Reference value :  1.15891e-06 Reference value :  1.15971e-06 Reference value :  1.16031e-06 Reference value :  1.16091e-06 Reference value :  1.16171e-06 Reference value :  1.16251e-06 Reference value :  1.16331e-06 Reference value :  1.16411e-06 Reference value :  1.16491e-06 Reference value :  1.16571e-06 Reference value :  1.16651e-06 Reference value :  1.16731e-06 Reference value :  1.16811e-06 Reference value :  1.16891e-06 Reference value :  1.16971e-06 Reference value :  1.17022e-06 Reference value :  1.17040e-06 Reference value :  1.17042e-06 Reference value :  1.17045e-06 Reference value :  1.17052e-06 Reference value :  1.17056e-06 Reference value :  1.17064e-06 Reference value :  1.17073e-06 Reference value :  1.17092e-06 Reference value :  1.17136e-06 Reference value :  1.17196e-06 Reference value :  1.17256e-06 Reference value :  1.17316e-06 Reference value :  1.17416e-06 Reference value :  1.17476e-06 Reference value :  1.17536e-06 Reference value :  1.17616e-06 Reference value :  1.17656e-06 Reference value :  1.17736e-06 Reference value :  1.17816e-06 Reference value :  1.17896e-06 Reference value :  1.17976e-06 Reference value :  1.18056e-06 Reference value :  1.18136e-06 Reference value :  1.18216e-06 Reference value :  1.18296e-06 Reference value :  1.18396e-06 Reference value :  1.18476e-06 Reference value :  1.18576e-06 Reference value :  1.18676e-06 Reference value :  1.18756e-06 Reference value :  1.18856e-06 Reference value :  1.18936e-06 Reference value :  1.19016e-06 Reference value :  1.19116e-06 Reference value :  1.19196e-06 Reference value :  1.19276e-06 Reference value :  1.19356e-06 Reference value :  1.19416e-06 Reference value :  1.19516e-06 Reference value :  1.19596e-06 Reference value :  1.19676e-06 Reference value :  1.19756e-06 Reference value :  1.19856e-06 Reference value :  1.19936e-06 Reference value :  1.20016e-06 Reference value :  1.20096e-06 Reference value :  1.20176e-06 Reference value :  1.20256e-06 Reference value :  1.20336e-06 Reference value :  1.20416e-06 Reference value :  1.20516e-06 Reference value :  1.20616e-06 Reference value :  1.20676e-06 Reference value :  1.20756e-06 Reference value :  1.20816e-06 Reference value :  1.20896e-06 Reference value :  1.20976e-06 Reference value :  1.21056e-06 Reference value :  1.21136e-06 Reference value :  1.21216e-06 Reference value :  1.21296e-06 Reference value :  1.21376e-06 Reference value :  1.21456e-06 Reference value :  1.21536e-06 Reference value :  1.21616e-06 Reference value :  1.21696e-06 Reference value :  1.21756e-06 Reference value :  1.21836e-06 Reference value :  1.21916e-06 Reference value :  1.21988e-06 Reference value :  1.22003e-06 Reference value :  1.22010e-06 Reference value :  1.22017e-06 Reference value :  1.22020e-06 Reference value :  1.22022e-06 Reference value :  1.22028e-06 Reference value :  1.22045e-06 Reference value :  1.22052e-06 Reference value :  1.22058e-06 Reference value :  1.22064e-06 Reference value :  1.22076e-06 Reference value :  1.22111e-06 Reference value :  1.22171e-06 Reference value :  1.22231e-06 Reference value :  1.22291e-06 Reference value :  1.22351e-06 Reference value :  1.22391e-06 Reference value :  1.22431e-06 Reference value :  1.22471e-06 Reference value :  1.22531e-06 Reference value :  1.22591e-06 Reference value :  1.22651e-06 Reference value :  1.22711e-06 Reference value :  1.22771e-06 Reference value :  1.22811e-06 Reference value :  1.22871e-06 Reference value :  1.22911e-06 Reference value :  1.22971e-06 Reference value :  1.23031e-06 Reference value :  1.23071e-06 Reference value :  1.23111e-06 Reference value :  1.23171e-06 Reference value :  1.23231e-06 Reference value :  1.23291e-06 Reference value :  1.23331e-06 Reference value :  1.23371e-06 Reference value :  1.23431e-06 Reference value :  1.23511e-06 Reference value :  1.23571e-06 Reference value :  1.23651e-06 Reference value :  1.23751e-06 Reference value :  1.23811e-06 Reference value :  1.23871e-06 Reference value :  1.23911e-06 Reference value :  1.23991e-06 Reference value :  1.24071e-06 Reference value :  1.24151e-06 Reference value :  1.24211e-06 Reference value :  1.24291e-06 Reference value :  1.24351e-06 Reference value :  1.24411e-06 Reference value :  1.24471e-06 Reference value :  1.24531e-06 Reference value :  1.24591e-06 Reference value :  1.24651e-06 Reference value :  1.24711e-06 Reference value :  1.24771e-06 Reference value :  1.24831e-06 Reference value :  1.24891e-06 Reference value :  1.24951e-06 Reference value :  1.24991e-06 Reference value :  1.25051e-06 Reference value :  1.25091e-06 Reference value :  1.25151e-06 Reference value :  1.25211e-06 Reference value :  1.25271e-06 Reference value :  1.25331e-06 Reference value :  1.25391e-06 Reference value :  1.25451e-06 Reference value :  1.25511e-06 Reference value :  1.25571e-06 Reference value :  1.25631e-06 Reference value :  1.25691e-06 Reference value :  1.25751e-06 Reference value :  1.25811e-06 Reference value :  1.25851e-06 Reference value :  1.25891e-06 Reference value :  1.25951e-06 Reference value :  1.26011e-06 Reference value :  1.26071e-06 Reference value :  1.26131e-06 Reference value :  1.26191e-06 Reference value :  1.26251e-06 Reference value :  1.26311e-06 Reference value :  1.26371e-06 Reference value :  1.26431e-06 Reference value :  1.26471e-06 Reference value :  1.26531e-06 Reference value :  1.26591e-06 Reference value :  1.26631e-06 Reference value :  1.26651e-06 Reference value :  1.26711e-06 Reference value :  1.26771e-06 Reference value :  1.26831e-06 Reference value :  1.26891e-06 Reference value :  1.26951e-06 Reference value :  1.27006e-06 Reference value :  1.27026e-06 Reference value :  1.27040e-06 Reference value :  1.27042e-06 Reference value :  1.27045e-06 Reference value :  1.27052e-06 Reference value :  1.27056e-06 Reference value :  1.27060e-06 Reference value :  1.27064e-06 Reference value :  1.27073e-06 Reference value :  1.27083e-06 Reference value :  1.27100e-06 Reference value :  1.27156e-06 Reference value :  1.27216e-06 Reference value :  1.27276e-06 Reference value :  1.27336e-06 Reference value :  1.27396e-06 Reference value :  1.27456e-06 Reference value :  1.27476e-06 Reference value :  1.27536e-06 Reference value :  1.27596e-06 Reference value :  1.27656e-06 Reference value :  1.27716e-06 Reference value :  1.27776e-06 Reference value :  1.27836e-06 Reference value :  1.27896e-06 Reference value :  1.27956e-06 Reference value :  1.28016e-06 Reference value :  1.28076e-06 Reference value :  1.28136e-06 Reference value :  1.28196e-06 Reference value :  1.28276e-06 Reference value :  1.28336e-06 Reference value :  1.28416e-06 Reference value :  1.28476e-06 Reference value :  1.28536e-06 Reference value :  1.28596e-06 Reference value :  1.28656e-06 Reference value :  1.28716e-06 Reference value :  1.28756e-06 Reference value :  1.28816e-06 Reference value :  1.28876e-06 Reference value :  1.28936e-06 Reference value :  1.29016e-06 Reference value :  1.29076e-06 Reference value :  1.29156e-06 Reference value :  1.29236e-06 Reference value :  1.29316e-06 Reference value :  1.29356e-06 Reference value :  1.29416e-06 Reference value :  1.29476e-06 Reference value :  1.29536e-06 Reference value :  1.29616e-06 Reference value :  1.29696e-06 Reference value :  1.29756e-06 Reference value :  1.29816e-06 Reference value :  1.29876e-06 Reference value :  1.29936e-06 Reference value :  1.29996e-06 Reference value :  1.30056e-06 Reference value :  1.30116e-06 Reference value :  1.30176e-06 Reference value :  1.30236e-06 Reference value :  1.30296e-06 Reference value :  1.30376e-06 Reference value :  1.30456e-06 Reference value :  1.30556e-06 Reference value :  1.30656e-06 Reference value :  1.30736e-06 Reference value :  1.30816e-06 Reference value :  1.30896e-06 Reference value :  1.30956e-06 Reference value :  1.31016e-06 Reference value :  1.31076e-06 Reference value :  1.31136e-06 Reference value :  1.31216e-06 Reference value :  1.31296e-06 Reference value :  1.31356e-06 Reference value :  1.31436e-06 Reference value :  1.31516e-06 Reference value :  1.31596e-06 Reference value :  1.31676e-06 Reference value :  1.31756e-06 Reference value :  1.31836e-06 Reference value :  1.31896e-06 Reference value :  1.31976e-06 Reference value :  1.32001e-06 Reference value :  1.32006e-06 Reference value :  1.32010e-06 Reference value :  1.32017e-06 Reference value :  1.32020e-06 Reference value :  1.32022e-06 Reference value :  1.32028e-06 Reference value :  1.32037e-06 Reference value :  1.32045e-06 Reference value :  1.32052e-06 Reference value :  1.32058e-06 Reference value :  1.32069e-06 Reference value :  1.32096e-06 Reference value :  1.32151e-06 Reference value :  1.32211e-06 Reference value :  1.32251e-06 Reference value :  1.32271e-06 Reference value :  1.32331e-06 Reference value :  1.32391e-06 Reference value :  1.32451e-06 Reference value :  1.32491e-06 Reference value :  1.32531e-06 Reference value :  1.32571e-06 Reference value :  1.32611e-06 Reference value :  1.32651e-06 Reference value :  1.32691e-06 Reference value :  1.32731e-06 Reference value :  1.32751e-06 Reference value :  1.32771e-06 Reference value :  1.32791e-06 Reference value :  1.32831e-06 Reference value :  1.32871e-06 Reference value :  1.32911e-06 Reference value :  1.32931e-06 Reference value :  1.32971e-06 Reference value :  1.33011e-06 Reference value :  1.33031e-06 Reference value :  1.33051e-06 Reference value :  1.33071e-06 Reference value :  1.33091e-06 Reference value :  1.33111e-06 Reference value :  1.33131e-06 Reference value :  1.33151e-06 Reference value :  1.33171e-06 Reference value :  1.33191e-06 Reference value :  1.33211e-06 Reference value :  1.33231e-06 Reference value :  1.33251e-06 Reference value :  1.33271e-06 Reference value :  1.33291e-06 Reference value :  1.33311e-06 Reference value :  1.33331e-06 Reference value :  1.33351e-06 Reference value :  1.33371e-06 Reference value :  1.33391e-06 Reference value :  1.33431e-06 Reference value :  1.33491e-06 Reference value :  1.33531e-06 Reference value :  1.33571e-06 Reference value :  1.33611e-06 Reference value :  1.33651e-06 Reference value :  1.33691e-06 Reference value :  1.33731e-06 Reference value :  1.33791e-06 Reference value :  1.33811e-06 Reference value :  1.33851e-06 Reference value :  1.33891e-06 Reference value :  1.33931e-06 Reference value :  1.33991e-06 Reference value :  1.34051e-06 Reference value :  1.34091e-06 Reference value :  1.34151e-06 Reference value :  1.34211e-06 Reference value :  1.34271e-06 Reference value :  1.34331e-06 Reference value :  1.34391e-06 Reference value :  1.34451e-06 Reference value :  1.34511e-06 Reference value :  1.34571e-06 Reference value :  1.34611e-06 Reference value :  1.34671e-06 Reference value :  1.34731e-06 Reference value :  1.34791e-06 Reference value :  1.34851e-06 Reference value :  1.34931e-06 Reference value :  1.35011e-06 Reference value :  1.35091e-06 Reference value :  1.35151e-06 Reference value :  1.35211e-06 Reference value :  1.35271e-06 Reference value :  1.35331e-06 Reference value :  1.35391e-06 Reference value :  1.35451e-06 Reference value :  1.35511e-06 Reference value :  1.35571e-06 Reference value :  1.35631e-06 Reference value :  1.35691e-06 Reference value :  1.35751e-06 Reference value :  1.35811e-06 Reference value :  1.35871e-06 Reference value :  1.35931e-06 Reference value :  1.36011e-06 Reference value :  1.36071e-06 Reference value :  1.36131e-06 Reference value :  1.36191e-06 Reference value :  1.36251e-06 Reference value :  1.36311e-06 Reference value :  1.36351e-06 Reference value :  1.36411e-06 Reference value :  1.36471e-06 Reference value :  1.36531e-06 Reference value :  1.36591e-06 Reference value :  1.36651e-06 Reference value :  1.36711e-06 Reference value :  1.36771e-06 Reference value :  1.36851e-06 Reference value :  1.36911e-06 Reference value :  1.36971e-06 Reference value :  1.37020e-06 Reference value :  1.37026e-06 Reference value :  1.37040e-06 Reference value :  1.37042e-06 Reference value :  1.37045e-06 Reference value :  1.37052e-06 Reference value :  1.37056e-06 Reference value :  1.37064e-06 Reference value :  1.37073e-06 Reference value :  1.37083e-06 Reference value :  1.37100e-06 Reference value :  1.37156e-06 Reference value :  1.37216e-06 Reference value :  1.37276e-06 Reference value :  1.37356e-06 Reference value :  1.37416e-06 Reference value :  1.37476e-06 Reference value :  1.37536e-06 Reference value :  1.37596e-06 Reference value :  1.37656e-06 Reference value :  1.37716e-06 Reference value :  1.37776e-06 Reference value :  1.37836e-06 Reference value :  1.37916e-06 Reference value :  1.37976e-06 Reference value :  1.38036e-06 Reference value :  1.38096e-06 Reference value :  1.38156e-06 Reference value :  1.38216e-06 Reference value :  1.38276e-06 Reference value :  1.38336e-06 Reference value :  1.38376e-06 Reference value :  1.38436e-06 Reference value :  1.38496e-06 Reference value :  1.38556e-06 Reference value :  1.38616e-06 Reference value :  1.38696e-06 Reference value :  1.38776e-06 Reference value :  1.38856e-06 Reference value :  1.38916e-06 Reference value :  1.38976e-06 Reference value :  1.39036e-06 Reference value :  1.39096e-06 Reference value :  1.39156e-06 Reference value :  1.39216e-06 Reference value :  1.39276e-06 Reference value :  1.39336e-06 Reference value :  1.39396e-06 Reference value :  1.39456e-06 Reference value :  1.39516e-06 Reference value :  1.39576e-06 Reference value :  1.39636e-06 Reference value :  1.39696e-06 Reference value :  1.39756e-06 Reference value :  1.39816e-06 Reference value :  1.39876e-06 Reference value :  1.39936e-06 Reference value :  1.39996e-06 Reference value :  1.40056e-06 Reference value :  1.40116e-06 Reference value :  1.40176e-06 Reference value :  1.40216e-06 Reference value :  1.40276e-06 Reference value :  1.40336e-06 Reference value :  1.40396e-06 Reference value :  1.40456e-06 Reference value :  1.40516e-06 Reference value :  1.40576e-06 Reference value :  1.40636e-06 Reference value :  1.40696e-06 Reference value :  1.40756e-06 Reference value :  1.40816e-06 Reference value :  1.40876e-06 Reference value :  1.40936e-06 Reference value :  1.40996e-06 Reference value :  1.41056e-06 Reference value :  1.41116e-06 Reference value :  1.41176e-06 Reference value :  1.41236e-06 Reference value :  1.41296e-06 Reference value :  1.41356e-06 Reference value :  1.41416e-06 Reference value :  1.41476e-06 Reference value :  1.41536e-06 Reference value :  1.41596e-06 Reference value :  1.41656e-06 Reference value :  1.41716e-06 Reference value :  1.41776e-06 Reference value :  1.41836e-06 Reference value :  1.41896e-06 Reference value :  1.41956e-06 Reference value :  1.42000e-06 Reference value :  1.42001e-06 Reference value :  1.42006e-06 Reference value :  1.42010e-06 Reference value :  1.42014e-06 Reference value :  1.42020e-06 Reference value :  1.42022e-06 Reference value :  1.42028e-06 Reference value :  1.42037e-06 Reference value :  1.42045e-06 Reference value :  1.42052e-06 Reference value :  1.42058e-06 Reference value :  1.42069e-06 Reference value :  1.42085e-06 Reference value :  1.42111e-06 Reference value :  1.42151e-06 Reference value :  1.42191e-06 Reference value :  1.42231e-06 Reference value :  1.42271e-06 Reference value :  1.42311e-06 Reference value :  1.42351e-06 Reference value :  1.42391e-06 Reference value :  1.42431e-06 Reference value :  1.42471e-06 Reference value :  1.42531e-06 Reference value :  1.42571e-06 Reference value :  1.42611e-06 Reference value :  1.42651e-06 Reference value :  1.42691e-06 Reference value :  1.42731e-06 Reference value :  1.42771e-06 Reference value :  1.42811e-06 Reference value :  1.42851e-06 Reference value :  1.42891e-06 Reference value :  1.42931e-06 Reference value :  1.42971e-06 Reference value :  1.43011e-06 Reference value :  1.43051e-06 Reference value :  1.43091e-06 Reference value :  1.43131e-06 Reference value :  1.43171e-06 Reference value :  1.43211e-06 Reference value :  1.43251e-06 Reference value :  1.43291e-06 Reference value :  1.43331e-06 Reference value :  1.43371e-06 Reference value :  1.43431e-06 Reference value :  1.43491e-06 Reference value :  1.43551e-06 Reference value :  1.43611e-06 Reference value :  1.43671e-06 Reference value :  1.43731e-06 Reference value :  1.43791e-06 Reference value :  1.43851e-06 Reference value :  1.43911e-06 Reference value :  1.43971e-06 Reference value :  1.44031e-06 Reference value :  1.44091e-06 Reference value :  1.44151e-06 Reference value :  1.44211e-06 Reference value :  1.44271e-06 Reference value :  1.44331e-06 Reference value :  1.44391e-06 Reference value :  1.44451e-06 Reference value :  1.44491e-06 Reference value :  1.44551e-06 Reference value :  1.44611e-06 Reference value :  1.44671e-06 Reference value :  1.44731e-06 Reference value :  1.44791e-06 Reference value :  1.44851e-06 Reference value :  1.44911e-06 Reference value :  1.44971e-06 Reference value :  1.45031e-06 Reference value :  1.45091e-06 Reference value :  1.45151e-06 Reference value :  1.45211e-06 Reference value :  1.45271e-06 Reference value :  1.45331e-06 Reference value :  1.45391e-06 Reference value :  1.45451e-06 Reference value :  1.45511e-06 Reference value :  1.45571e-06 Reference value :  1.45631e-06 Reference value :  1.45711e-06 Reference value :  1.45791e-06 Reference value :  1.45851e-06 Reference value :  1.45911e-06 Reference value :  1.45971e-06 Reference value :  1.46031e-06 Reference value :  1.46091e-06 Reference value :  1.46151e-06 Reference value :  1.46211e-06 Reference value :  1.46271e-06 Reference value :  1.46331e-06 Reference value :  1.46391e-06 Reference value :  1.46451e-06 Reference value :  1.46511e-06 Reference value :  1.46571e-06 Reference value :  1.46651e-06 Reference value :  1.46731e-06 Reference value :  1.46811e-06 Reference value :  1.46871e-06 Reference value :  1.46951e-06 Reference value :  1.47006e-06 Reference value :  1.47026e-06 Reference value :  1.47040e-06 Reference value :  1.47042e-06 Reference value :  1.47045e-06 Reference value :  1.47052e-06 Reference value :  1.47056e-06 Reference value :  1.47064e-06 Reference value :  1.47073e-06 Reference value :  1.47083e-06 Reference value :  1.47100e-06 Reference value :  1.47136e-06 Reference value :  1.47176e-06 Reference value :  1.47236e-06 Reference value :  1.47296e-06 Reference value :  1.47356e-06 Reference value :  1.47436e-06 Reference value :  1.47536e-06 Reference value :  1.47616e-06 Reference value :  1.47696e-06 Reference value :  1.47776e-06 Reference value :  1.47856e-06 Reference value :  1.47916e-06 Reference value :  1.47976e-06 Reference value :  1.48036e-06 Reference value :  1.48116e-06 Reference value :  1.48176e-06 Reference value :  1.48236e-06 Reference value :  1.48296e-06 Reference value :  1.48356e-06 Reference value :  1.48416e-06 Reference value :  1.48476e-06 Reference value :  1.48536e-06 Reference value :  1.48596e-06 Reference value :  1.48656e-06 Reference value :  1.48716e-06 Reference value :  1.48796e-06 Reference value :  1.48876e-06 Reference value :  1.48956e-06 Reference value :  1.49016e-06 Reference value :  1.49096e-06 Reference value :  1.49176e-06 Reference value :  1.49236e-06 Reference value :  1.49316e-06 Reference value :  1.49396e-06 Reference value :  1.49456e-06 Reference value :  1.49516e-06 Reference value :  1.49596e-06 Reference value :  1.49676e-06 Reference value :  1.49756e-06 Reference value :  1.49816e-06 Reference value :  1.49896e-06 Reference value :  1.49976e-06 Reference value :  1.50056e-06 Reference value :  1.50136e-06 Reference value :  1.50216e-06 Reference value :  1.50276e-06 Reference value :  1.50336e-06 Reference value :  1.50416e-06 Reference value :  1.50496e-06 Reference value :  1.50576e-06 Reference value :  1.50636e-06 Reference value :  1.50696e-06 Reference value :  1.50756e-06 Reference value :  1.50816e-06 Reference value :  1.50876e-06 Reference value :  1.50936e-06 Reference value :  1.50996e-06 Reference value :  1.51056e-06 Reference value :  1.51116e-06 Reference value :  1.51176e-06 Reference value :  1.51236e-06 Reference value :  1.51316e-06 Reference value :  1.51396e-06 Reference value :  1.51496e-06 Reference value :  1.51596e-06 Reference value :  1.51656e-06 Reference value :  1.51736e-06 Reference value :  1.51816e-06 Reference value :  1.51896e-06 Reference value :  1.51956e-06 Reference value :  1.52000e-06
No. of Data Rows : 8108
icmax               =  3.28689e-02 at=  9.70482e-07
icmin               =  -3.20404e-02 at=  5.20279e-07
icavg               =  4.35580e-07 from=  5.00000e-07 to=  1.50016e-06
vsmax               =  3.20519e-02 at=  6.70560e-07
vsmin               =  -3.21856e-02 at=  5.20325e-07
vsavg               =  2.27398e-05 from=  5.00000e-07 to=  1.50016e-06
vhmax               =  4.25387e-02 at=  7.20757e-07
vhmin               =  -4.26071e-02 at=  5.70777e-07
vhavg               =  5.85847e-05 from=  5.00000e-07 to=  1.50016e-06
KICK icmp mV: max= 32.8689  min= -32.0404  avg= 0.00043558
KICK vth_soft mV: max= 32.0519  min= -32.1856  avg= 0.0227398
KICK vth_hard mV: max= 42.5387  min= -42.6071  avg= 0.0585847
softavg             =  -8.22558e-07 from=  5.00000e-07 to=  1.50016e-06
hardavg             =  -8.86517e-07 from=  5.00000e-07 to=  1.50016e-06
DECISION avg cmp_soft= -8.22558E-07  avg cmp_hard= -8.86517E-07
Note: Simulation executed from .control section 
