
Note: No compatibility mode selected!


Circuit: * g1_t2f joint c-pex: t=12.5 c, vdda=3.3 v, vdd=1.2 v, hbt=typ, mos=tt, r=typ, c=typ, mismatch=false, seed=51001

Doing analysis at TEMP = 25.000000 and TNOM = 27.000000

Using KLU as Direct Linear Solver


The temperature limiting function received NaN.
Please check your power dissipation and improve your heat sink Rth!
    This message will be shown only once.

Note: Starting dynamic gmin stepping
Note: Dynamic gmin stepping completed
 Reference value :  0.00000e+00
No. of Data Rows : 1
BGR_BEFORE_BEGIN
@n.xbgr.xr1.nr1[nsmm_rsh] = 0.000000000000000e+00
@n.xbgr.xr1.nr1[nsmm_w] = 0.000000000000000e+00
@n.xbgr.xr1.nr1[nsmm_l] = 0.000000000000000e+00
@n.xbgr.xr2.nr1[nsmm_rsh] = 0.000000000000000e+00
@n.xbgr.xr2.nr1[nsmm_w] = 0.000000000000000e+00
@n.xbgr.xr2.nr1[nsmm_l] = 0.000000000000000e+00
@n.xbgr.xr3.nr1[nsmm_rsh] = 0.000000000000000e+00
@n.xbgr.xr3.nr1[nsmm_w] = 0.000000000000000e+00
@n.xbgr.xr3.nr1[nsmm_l] = 0.000000000000000e+00
@n.xbgr.xr4.nr1[nsmm_rsh] = 0.000000000000000e+00
@n.xbgr.xr4.nr1[nsmm_w] = 0.000000000000000e+00
@n.xbgr.xr4.nr1[nsmm_l] = 0.000000000000000e+00
@n.xbgr.xr5.nr1[nsmm_rsh] = 0.000000000000000e+00
@n.xbgr.xr5.nr1[nsmm_w] = 0.000000000000000e+00
@n.xbgr.xr5.nr1[nsmm_l] = 0.000000000000000e+00
@n.xbgr.xr6.nr1[nsmm_rsh] = 0.000000000000000e+00
@n.xbgr.xr6.nr1[nsmm_w] = 0.000000000000000e+00
@n.xbgr.xr6.nr1[nsmm_l] = 0.000000000000000e+00
@n.xbgr.xr7.nr1[nsmm_rsh] = 0.000000000000000e+00
@n.xbgr.xr7.nr1[nsmm_w] = 0.000000000000000e+00
@n.xbgr.xr7.nr1[nsmm_l] = 0.000000000000000e+00
@n.xbgr.xr8.nr1[nsmm_rsh] = 0.000000000000000e+00
@n.xbgr.xr8.nr1[nsmm_w] = 0.000000000000000e+00
@n.xbgr.xr8.nr1[nsmm_l] = 0.000000000000000e+00
@n.xbgr.xr9.nr1[nsmm_rsh] = 0.000000000000000e+00
@n.xbgr.xr9.nr1[nsmm_w] = 0.000000000000000e+00
@n.xbgr.xr9.nr1[nsmm_l] = 0.000000000000000e+00
@n.xbgr.xr10.nr1[nsmm_rsh] = 0.000000000000000e+00
@n.xbgr.xr10.nr1[nsmm_w] = 0.000000000000000e+00
@n.xbgr.xr10.nr1[nsmm_l] = 0.000000000000000e+00
@n.xbgr.xr11.nr1[nsmm_rsh] = 0.000000000000000e+00
@n.xbgr.xr11.nr1[nsmm_w] = 0.000000000000000e+00
@n.xbgr.xr11.nr1[nsmm_l] = 0.000000000000000e+00
@n.xbgr.xr12.nr1[nsmm_rsh] = 0.000000000000000e+00
@n.xbgr.xr12.nr1[nsmm_w] = 0.000000000000000e+00
@n.xbgr.xr12.nr1[nsmm_l] = 0.000000000000000e+00
@n.xbgr.xr13.nr1[nsmm_rsh] = 0.000000000000000e+00
@n.xbgr.xr13.nr1[nsmm_w] = 0.000000000000000e+00
@n.xbgr.xr13.nr1[nsmm_l] = 0.000000000000000e+00
@n.xbgr.xr14.nr1[nsmm_rsh] = 0.000000000000000e+00
@n.xbgr.xr14.nr1[nsmm_w] = 0.000000000000000e+00
@n.xbgr.xr14.nr1[nsmm_l] = 0.000000000000000e+00
@n.xbgr.xr15.nr1[nsmm_rsh] = 0.000000000000000e+00
@n.xbgr.xr15.nr1[nsmm_w] = 0.000000000000000e+00
@n.xbgr.xr15.nr1[nsmm_l] = 0.000000000000000e+00
@n.xbgr.xr16.nr1[nsmm_rsh] = 0.000000000000000e+00
@n.xbgr.xr16.nr1[nsmm_w] = 0.000000000000000e+00
@n.xbgr.xr16.nr1[nsmm_l] = 0.000000000000000e+00
@n.xbgr.xr17.nr1[nsmm_rsh] = 0.000000000000000e+00
@n.xbgr.xr17.nr1[nsmm_w] = 0.000000000000000e+00
@n.xbgr.xr17.nr1[nsmm_l] = 0.000000000000000e+00
@n.xbgr.xr18.nr1[nsmm_rsh] = 0.000000000000000e+00
@n.xbgr.xr18.nr1[nsmm_w] = 0.000000000000000e+00
@n.xbgr.xr18.nr1[nsmm_l] = 0.000000000000000e+00
@n.xbgr.xr19.nr1[nsmm_rsh] = 0.000000000000000e+00
@n.xbgr.xr19.nr1[nsmm_w] = 0.000000000000000e+00
@n.xbgr.xr19.nr1[nsmm_l] = 0.000000000000000e+00
@n.xbgr.xr20.nr1[nsmm_rsh] = 0.000000000000000e+00
@n.xbgr.xr20.nr1[nsmm_w] = 0.000000000000000e+00
@n.xbgr.xr20.nr1[nsmm_l] = 0.000000000000000e+00
@n.xbgr.xr21.nr1[nsmm_rsh] = 0.000000000000000e+00
@n.xbgr.xr21.nr1[nsmm_w] = 0.000000000000000e+00
@n.xbgr.xr21.nr1[nsmm_l] = 0.000000000000000e+00
@n.xbgr.xr22.nr1[nsmm_rsh] = 0.000000000000000e+00
@n.xbgr.xr22.nr1[nsmm_w] = 0.000000000000000e+00
@n.xbgr.xr22.nr1[nsmm_l] = 0.000000000000000e+00
@n.xbgr.xr23.nr1[nsmm_rsh] = 0.000000000000000e+00
@n.xbgr.xr23.nr1[nsmm_w] = 0.000000000000000e+00
@n.xbgr.xr23.nr1[nsmm_l] = 0.000000000000000e+00
@n.xbgr.xr24.nr1[nsmm_rsh] = 0.000000000000000e+00
@n.xbgr.xr24.nr1[nsmm_w] = 0.000000000000000e+00
@n.xbgr.xr24.nr1[nsmm_l] = 0.000000000000000e+00
@n.xbgr.xr25.nr1[nsmm_rsh] = 0.000000000000000e+00
@n.xbgr.xr25.nr1[nsmm_w] = 0.000000000000000e+00
@n.xbgr.xr25.nr1[nsmm_l] = 0.000000000000000e+00
@n.xbgr.xr26.nr1[nsmm_rsh] = 0.000000000000000e+00
@n.xbgr.xr26.nr1[nsmm_w] = 0.000000000000000e+00
@n.xbgr.xr26.nr1[nsmm_l] = 0.000000000000000e+00
@n.xbgr.xm27.nsg13_hv_pmos[w] = 2.000000000000000e-06
@n.xbgr.xm27.nsg13_hv_pmos[l] = 5.000000000000000e-07
@n.xbgr.xm27.nsg13_hv_pmos[delvto] = 0.000000000000000e+00
@n.xbgr.xm27.nsg13_hv_pmos[factuo] = 1.000000000000000e+00
@n.xbgr.xm28.nsg13_hv_pmos[w] = 2.000000000000000e-06
@n.xbgr.xm28.nsg13_hv_pmos[l] = 5.000000000000000e-07
@n.xbgr.xm28.nsg13_hv_pmos[delvto] = 0.000000000000000e+00
@n.xbgr.xm28.nsg13_hv_pmos[factuo] = 1.000000000000000e+00
@n.xbgr.xm29.nsg13_hv_nmos[w] = 2.000000000000000e-06
@n.xbgr.xm29.nsg13_hv_nmos[l] = 5.000000000000000e-07
@n.xbgr.xm29.nsg13_hv_nmos[delvto] = 0.000000000000000e+00
@n.xbgr.xm29.nsg13_hv_nmos[factuo] = 1.000000000000000e+00
@n.xbgr.xm30.nsg13_hv_nmos[w] = 1.000000000000000e-06
@n.xbgr.xm30.nsg13_hv_nmos[l] = 4.000000000000000e-06
@n.xbgr.xm30.nsg13_hv_nmos[delvto] = 0.000000000000000e+00
@n.xbgr.xm30.nsg13_hv_nmos[factuo] = 1.000000000000000e+00
@n.xbgr.xm31.nsg13_hv_nmos[w] = 1.000000000000000e-06
@n.xbgr.xm31.nsg13_hv_nmos[l] = 6.000000000000001e-07
@n.xbgr.xm31.nsg13_hv_nmos[delvto] = 0.000000000000000e+00
@n.xbgr.xm31.nsg13_hv_nmos[factuo] = 1.000000000000000e+00
@n.xbgr.xm32.nsg13_hv_nmos[w] = 1.000000000000000e-06
@n.xbgr.xm32.nsg13_hv_nmos[l] = 5.000000000000000e-07
@n.xbgr.xm32.nsg13_hv_nmos[delvto] = 0.000000000000000e+00
@n.xbgr.xm32.nsg13_hv_nmos[factuo] = 1.000000000000000e+00
@n.xbgr.xm33.nsg13_hv_nmos[w] = 1.000000000000000e-06
@n.xbgr.xm33.nsg13_hv_nmos[l] = 6.000000000000001e-07
@n.xbgr.xm33.nsg13_hv_nmos[delvto] = 0.000000000000000e+00
@n.xbgr.xm33.nsg13_hv_nmos[factuo] = 1.000000000000000e+00
@n.xbgr.xm34.nsg13_hv_nmos[w] = 9.999999999999999e-06
@n.xbgr.xm34.nsg13_hv_nmos[l] = 1.000000000000000e-06
@n.xbgr.xm34.nsg13_hv_nmos[delvto] = 0.000000000000000e+00
@n.xbgr.xm34.nsg13_hv_nmos[factuo] = 1.000000000000000e+00
@n.xbgr.xm35.nsg13_hv_nmos[w] = 9.999999999999999e-06
@n.xbgr.xm35.nsg13_hv_nmos[l] = 1.000000000000000e-06
@n.xbgr.xm35.nsg13_hv_nmos[delvto] = 0.000000000000000e+00
@n.xbgr.xm35.nsg13_hv_nmos[factuo] = 1.000000000000000e+00
@n.xbgr.xm36.nsg13_hv_nmos[w] = 9.999999999999999e-06
@n.xbgr.xm36.nsg13_hv_nmos[l] = 1.000000000000000e-06
@n.xbgr.xm36.nsg13_hv_nmos[delvto] = 0.000000000000000e+00
@n.xbgr.xm36.nsg13_hv_nmos[factuo] = 1.000000000000000e+00
@n.xbgr.xm37.nsg13_hv_nmos[w] = 9.999999999999999e-06
@n.xbgr.xm37.nsg13_hv_nmos[l] = 1.000000000000000e-06
@n.xbgr.xm37.nsg13_hv_nmos[delvto] = 0.000000000000000e+00
@n.xbgr.xm37.nsg13_hv_nmos[factuo] = 1.000000000000000e+00
@n.xbgr.xm38.nsg13_hv_pmos[w] = 5.000000000000000e-06
@n.xbgr.xm38.nsg13_hv_pmos[l] = 4.000000000000000e-06
@n.xbgr.xm38.nsg13_hv_pmos[delvto] = 0.000000000000000e+00
@n.xbgr.xm38.nsg13_hv_pmos[factuo] = 1.000000000000000e+00
@n.xbgr.xm39.nsg13_hv_pmos[w] = 5.000000000000000e-06
@n.xbgr.xm39.nsg13_hv_pmos[l] = 4.000000000000000e-06
@n.xbgr.xm39.nsg13_hv_pmos[delvto] = 0.000000000000000e+00
@n.xbgr.xm39.nsg13_hv_pmos[factuo] = 1.000000000000000e+00
@n.xbgr.xm40.nsg13_hv_pmos[w] = 5.000000000000000e-06
@n.xbgr.xm40.nsg13_hv_pmos[l] = 4.000000000000000e-06
@n.xbgr.xm40.nsg13_hv_pmos[delvto] = 0.000000000000000e+00
@n.xbgr.xm40.nsg13_hv_pmos[factuo] = 1.000000000000000e+00
@n.xbgr.xm41.nsg13_hv_pmos[w] = 5.000000000000000e-06
@n.xbgr.xm41.nsg13_hv_pmos[l] = 4.000000000000000e-06
@n.xbgr.xm41.nsg13_hv_pmos[delvto] = 0.000000000000000e+00
@n.xbgr.xm41.nsg13_hv_pmos[factuo] = 1.000000000000000e+00
@n.xbgr.xm42.nsg13_hv_pmos[w] = 5.000000000000000e-06
@n.xbgr.xm42.nsg13_hv_pmos[l] = 4.000000000000000e-06
@n.xbgr.xm42.nsg13_hv_pmos[delvto] = 0.000000000000000e+00
@n.xbgr.xm42.nsg13_hv_pmos[factuo] = 1.000000000000000e+00
@n.xbgr.xm43.nsg13_hv_pmos[w] = 5.000000000000000e-06
@n.xbgr.xm43.nsg13_hv_pmos[l] = 4.000000000000000e-06
@n.xbgr.xm43.nsg13_hv_pmos[delvto] = 0.000000000000000e+00
@n.xbgr.xm43.nsg13_hv_pmos[factuo] = 1.000000000000000e+00
@n.xbgr.xm44.nsg13_hv_pmos[w] = 5.000000000000000e-06
@n.xbgr.xm44.nsg13_hv_pmos[l] = 4.000000000000000e-06
@n.xbgr.xm44.nsg13_hv_pmos[delvto] = 0.000000000000000e+00
@n.xbgr.xm44.nsg13_hv_pmos[factuo] = 1.000000000000000e+00
@n.xbgr.xm45.nsg13_hv_pmos[w] = 5.000000000000000e-06
@n.xbgr.xm45.nsg13_hv_pmos[l] = 4.000000000000000e-06
@n.xbgr.xm45.nsg13_hv_pmos[delvto] = 0.000000000000000e+00
@n.xbgr.xm45.nsg13_hv_pmos[factuo] = 1.000000000000000e+00
@n.xbgr.xm46.nsg13_hv_pmos[w] = 5.000000000000000e-06
@n.xbgr.xm46.nsg13_hv_pmos[l] = 4.000000000000000e-06
@n.xbgr.xm46.nsg13_hv_pmos[delvto] = 0.000000000000000e+00
@n.xbgr.xm46.nsg13_hv_pmos[factuo] = 1.000000000000000e+00
@n.xbgr.xm47.nsg13_hv_pmos[w] = 5.000000000000000e-06
@n.xbgr.xm47.nsg13_hv_pmos[l] = 4.000000000000000e-06
@n.xbgr.xm47.nsg13_hv_pmos[delvto] = 0.000000000000000e+00
@n.xbgr.xm47.nsg13_hv_pmos[factuo] = 1.000000000000000e+00
@n.xbgr.xm48.nsg13_hv_pmos[w] = 5.000000000000000e-06
@n.xbgr.xm48.nsg13_hv_pmos[l] = 4.000000000000000e-06
@n.xbgr.xm48.nsg13_hv_pmos[delvto] = 0.000000000000000e+00
@n.xbgr.xm48.nsg13_hv_pmos[factuo] = 1.000000000000000e+00
@n.xbgr.xm49.nsg13_hv_pmos[w] = 5.000000000000000e-06
@n.xbgr.xm49.nsg13_hv_pmos[l] = 4.000000000000000e-06
@n.xbgr.xm49.nsg13_hv_pmos[delvto] = 0.000000000000000e+00
@n.xbgr.xm49.nsg13_hv_pmos[factuo] = 1.000000000000000e+00
@n.xbgr.xm50.nsg13_hv_pmos[w] = 9.999999999999999e-06
@n.xbgr.xm50.nsg13_hv_pmos[l] = 4.000000000000000e-06
@n.xbgr.xm50.nsg13_hv_pmos[delvto] = 0.000000000000000e+00
@n.xbgr.xm50.nsg13_hv_pmos[factuo] = 1.000000000000000e+00
@n.xbgr.xm51.nsg13_hv_pmos[w] = 9.999999999999999e-06
@n.xbgr.xm51.nsg13_hv_pmos[l] = 4.000000000000000e-06
@n.xbgr.xm51.nsg13_hv_pmos[delvto] = 0.000000000000000e+00
@n.xbgr.xm51.nsg13_hv_pmos[factuo] = 1.000000000000000e+00
@n.xbgr.xm52.nsg13_hv_pmos[w] = 9.999999999999999e-06
@n.xbgr.xm52.nsg13_hv_pmos[l] = 4.000000000000000e-06
@n.xbgr.xm52.nsg13_hv_pmos[delvto] = 0.000000000000000e+00
@n.xbgr.xm52.nsg13_hv_pmos[factuo] = 1.000000000000000e+00
@n.xbgr.xm53.nsg13_hv_pmos[w] = 9.999999999999999e-06
@n.xbgr.xm53.nsg13_hv_pmos[l] = 4.000000000000000e-06
@n.xbgr.xm53.nsg13_hv_pmos[delvto] = 0.000000000000000e+00
@n.xbgr.xm53.nsg13_hv_pmos[factuo] = 1.000000000000000e+00
@n.xbgr.xm54.nsg13_hv_pmos[w] = 9.999999999999999e-06
@n.xbgr.xm54.nsg13_hv_pmos[l] = 4.000000000000000e-06
@n.xbgr.xm54.nsg13_hv_pmos[delvto] = 0.000000000000000e+00
@n.xbgr.xm54.nsg13_hv_pmos[factuo] = 1.000000000000000e+00
@q.xbgr.xq55.qnpn13g2[area] = 1.000000000000000e+00
@q.xbgr.xq56.qnpn13g2[area] = 1.000000000000000e+00
@q.xbgr.xq57.qnpn13g2[area] = 1.000000000000000e+00
@q.xbgr.xq58.qnpn13g2[area] = 1.000000000000000e+00
@q.xbgr.xq59.qnpn13g2[area] = 1.000000000000000e+00
@q.xbgr.xq60.qnpn13g2[area] = 1.000000000000000e+00
@q.xbgr.xq61.qnpn13g2[area] = 1.000000000000000e+00
@q.xbgr.xq62.qnpn13g2[area] = 1.000000000000000e+00
@q.xbgr.xq63.qnpn13g2[area] = 1.000000000000000e+00
@q.xbgr.xq64.qnpn13g2[area] = 1.000000000000000e+00
@q.xbgr.xq65.qnpn13g2[area] = 1.000000000000000e+00
@q.xbgr.xq66.qnpn13g2[area] = 1.000000000000000e+00
@q.xbgr.xq67.qnpn13g2[area] = 1.000000000000000e+00
@q.xbgr.xq68.qnpn13g2[area] = 1.000000000000000e+00
@q.xbgr.xq69.qnpn13g2[area] = 1.000000000000000e+00
@q.xbgr.xq70.qnpn13g2[area] = 1.000000000000000e+00
@q.xbgr.xq71.qnpn13g2[area] = 1.000000000000000e+00
@q.xbgr.xq72.qnpn13g2[area] = 1.000000000000000e+00
@q.xbgr.xq73.qnpn13g2[area] = 1.000000000000000e+00
@q.xbgr.xq74.qnpn13g2[area] = 1.000000000000000e+00
@q.xbgr.xq75.qnpn13g2[area] = 1.000000000000000e+00
@q.xbgr.xq76.qnpn13g2[area] = 1.000000000000000e+00
@n.xbgr.xr77.nr1[nsmm_rsh] = 0.000000000000000e+00
@n.xbgr.xr77.nr1[nsmm_w] = 0.000000000000000e+00
@n.xbgr.xr77.nr1[nsmm_l] = 0.000000000000000e+00
@n.xbgr.xr78.nr1[nsmm_rsh] = 0.000000000000000e+00
@n.xbgr.xr78.nr1[nsmm_w] = 0.000000000000000e+00
@n.xbgr.xr78.nr1[nsmm_l] = 0.000000000000000e+00
@n.xbgr.xr79.nr1[nsmm_rsh] = 0.000000000000000e+00
@n.xbgr.xr79.nr1[nsmm_w] = 0.000000000000000e+00
@n.xbgr.xr79.nr1[nsmm_l] = 0.000000000000000e+00
@n.xbgr.xr80.nr1[nsmm_rsh] = 0.000000000000000e+00
@n.xbgr.xr80.nr1[nsmm_w] = 0.000000000000000e+00
@n.xbgr.xr80.nr1[nsmm_l] = 0.000000000000000e+00
@n.xbgr.xr81.nr1[nsmm_rsh] = 0.000000000000000e+00
@n.xbgr.xr81.nr1[nsmm_w] = 0.000000000000000e+00
@n.xbgr.xr81.nr1[nsmm_l] = 0.000000000000000e+00
@n.xbgr.xr82.nr1[nsmm_rsh] = 0.000000000000000e+00
@n.xbgr.xr82.nr1[nsmm_w] = 0.000000000000000e+00
@n.xbgr.xr82.nr1[nsmm_l] = 0.000000000000000e+00
@n.xbgr.xr83.nr1[nsmm_rsh] = 0.000000000000000e+00
@n.xbgr.xr83.nr1[nsmm_w] = 0.000000000000000e+00
@n.xbgr.xr83.nr1[nsmm_l] = 0.000000000000000e+00
@n.xbgr.xr84.nr1[nsmm_rsh] = 0.000000000000000e+00
@n.xbgr.xr84.nr1[nsmm_w] = 0.000000000000000e+00
@n.xbgr.xr84.nr1[nsmm_l] = 0.000000000000000e+00
@n.xbgr.xr85.nr1[nsmm_rsh] = 0.000000000000000e+00
@n.xbgr.xr85.nr1[nsmm_w] = 0.000000000000000e+00
@n.xbgr.xr85.nr1[nsmm_l] = 0.000000000000000e+00
@n.xbgr.xr86.nr1[nsmm_rsh] = 0.000000000000000e+00
@n.xbgr.xr86.nr1[nsmm_w] = 0.000000000000000e+00
@n.xbgr.xr86.nr1[nsmm_l] = 0.000000000000000e+00
@n.xbgr.xr16_u2.nr1[nsmm_rsh] = 0.000000000000000e+00
@n.xbgr.xr16_u2.nr1[nsmm_w] = 0.000000000000000e+00
@n.xbgr.xr16_u2.nr1[nsmm_l] = 0.000000000000000e+00
@n.xbgr.xr16_u3.nr1[nsmm_rsh] = 0.000000000000000e+00
@n.xbgr.xr16_u3.nr1[nsmm_w] = 0.000000000000000e+00
@n.xbgr.xr16_u3.nr1[nsmm_l] = 0.000000000000000e+00
@n.xbgr.xr16_u4.nr1[nsmm_rsh] = 0.000000000000000e+00
@n.xbgr.xr16_u4.nr1[nsmm_w] = 0.000000000000000e+00
@n.xbgr.xr16_u4.nr1[nsmm_l] = 0.000000000000000e+00
@n.xbgr.xr16_u5.nr1[nsmm_rsh] = 0.000000000000000e+00
@n.xbgr.xr16_u5.nr1[nsmm_w] = 0.000000000000000e+00
@n.xbgr.xr16_u5.nr1[nsmm_l] = 0.000000000000000e+00
@n.xbgr.xr16_u6.nr1[nsmm_rsh] = 0.000000000000000e+00
@n.xbgr.xr16_u6.nr1[nsmm_w] = 0.000000000000000e+00
@n.xbgr.xr16_u6.nr1[nsmm_l] = 0.000000000000000e+00
@n.xbgr.xr16_u7.nr1[nsmm_rsh] = 0.000000000000000e+00
@n.xbgr.xr16_u7.nr1[nsmm_w] = 0.000000000000000e+00
@n.xbgr.xr16_u7.nr1[nsmm_l] = 0.000000000000000e+00
@n.xbgr.xr16_u8.nr1[nsmm_rsh] = 0.000000000000000e+00
@n.xbgr.xr16_u8.nr1[nsmm_w] = 0.000000000000000e+00
@n.xbgr.xr16_u8.nr1[nsmm_l] = 0.000000000000000e+00
@n.xbgr.xr16_u9.nr1[nsmm_rsh] = 0.000000000000000e+00
@n.xbgr.xr16_u9.nr1[nsmm_w] = 0.000000000000000e+00
@n.xbgr.xr16_u9.nr1[nsmm_l] = 0.000000000000000e+00
@n.xbgr.xr16_u10.nr1[nsmm_rsh] = 0.000000000000000e+00
@n.xbgr.xr16_u10.nr1[nsmm_w] = 0.000000000000000e+00
@n.xbgr.xr16_u10.nr1[nsmm_l] = 0.000000000000000e+00
@n.xbgr.xr16_u11.nr1[nsmm_rsh] = 0.000000000000000e+00
@n.xbgr.xr16_u11.nr1[nsmm_w] = 0.000000000000000e+00
@n.xbgr.xr16_u11.nr1[nsmm_l] = 0.000000000000000e+00
@n.xbgr.xr16_u12.nr1[nsmm_rsh] = 0.000000000000000e+00
@n.xbgr.xr16_u12.nr1[nsmm_w] = 0.000000000000000e+00
@n.xbgr.xr16_u12.nr1[nsmm_l] = 0.000000000000000e+00
@n.xbgr.xr16_u13.nr1[nsmm_rsh] = 0.000000000000000e+00
@n.xbgr.xr16_u13.nr1[nsmm_w] = 0.000000000000000e+00
@n.xbgr.xr16_u13.nr1[nsmm_l] = 0.000000000000000e+00
@n.xbgr.xr16_u14.nr1[nsmm_rsh] = 0.000000000000000e+00
@n.xbgr.xr16_u14.nr1[nsmm_w] = 0.000000000000000e+00
@n.xbgr.xr16_u14.nr1[nsmm_l] = 0.000000000000000e+00
@n.xbgr.xr16_u15.nr1[nsmm_rsh] = 0.000000000000000e+00
@n.xbgr.xr16_u15.nr1[nsmm_w] = 0.000000000000000e+00
@n.xbgr.xr16_u15.nr1[nsmm_l] = 0.000000000000000e+00
@n.xbgr.xr16_u16.nr1[nsmm_rsh] = 0.000000000000000e+00
@n.xbgr.xr16_u16.nr1[nsmm_w] = 0.000000000000000e+00
@n.xbgr.xr16_u16.nr1[nsmm_l] = 0.000000000000000e+00
@n.xbgr.xr16_u17.nr1[nsmm_rsh] = 0.000000000000000e+00
@n.xbgr.xr16_u17.nr1[nsmm_w] = 0.000000000000000e+00
@n.xbgr.xr16_u17.nr1[nsmm_l] = 0.000000000000000e+00
@n.xbgr.xr16_u18.nr1[nsmm_rsh] = 0.000000000000000e+00
@n.xbgr.xr16_u18.nr1[nsmm_w] = 0.000000000000000e+00
@n.xbgr.xr16_u18.nr1[nsmm_l] = 0.000000000000000e+00
@n.xbgr.xr16_u19.nr1[nsmm_rsh] = 0.000000000000000e+00
@n.xbgr.xr16_u19.nr1[nsmm_w] = 0.000000000000000e+00
@n.xbgr.xr16_u19.nr1[nsmm_l] = 0.000000000000000e+00
@n.xbgr.xr16_u20.nr1[nsmm_rsh] = 0.000000000000000e+00
@n.xbgr.xr16_u20.nr1[nsmm_w] = 0.000000000000000e+00
@n.xbgr.xr16_u20.nr1[nsmm_l] = 0.000000000000000e+00
@n.xbgr.xr16_u21.nr1[nsmm_rsh] = 0.000000000000000e+00
@n.xbgr.xr16_u21.nr1[nsmm_w] = 0.000000000000000e+00
@n.xbgr.xr16_u21.nr1[nsmm_l] = 0.000000000000000e+00
@n.xbgr.xr16_u22.nr1[nsmm_rsh] = 0.000000000000000e+00
@n.xbgr.xr16_u22.nr1[nsmm_w] = 0.000000000000000e+00
@n.xbgr.xr16_u22.nr1[nsmm_l] = 0.000000000000000e+00
@n.xbgr.xr16_u23.nr1[nsmm_rsh] = 0.000000000000000e+00
@n.xbgr.xr16_u23.nr1[nsmm_w] = 0.000000000000000e+00
@n.xbgr.xr16_u23.nr1[nsmm_l] = 0.000000000000000e+00
@n.xbgr.xr16_u24.nr1[nsmm_rsh] = 0.000000000000000e+00
@n.xbgr.xr16_u24.nr1[nsmm_w] = 0.000000000000000e+00
@n.xbgr.xr16_u24.nr1[nsmm_l] = 0.000000000000000e+00
@n.xbgr.xr17_u2.nr1[nsmm_rsh] = 0.000000000000000e+00
@n.xbgr.xr17_u2.nr1[nsmm_w] = 0.000000000000000e+00
@n.xbgr.xr17_u2.nr1[nsmm_l] = 0.000000000000000e+00
@n.xbgr.xr17_u3.nr1[nsmm_rsh] = 0.000000000000000e+00
@n.xbgr.xr17_u3.nr1[nsmm_w] = 0.000000000000000e+00
@n.xbgr.xr17_u3.nr1[nsmm_l] = 0.000000000000000e+00
@n.xbgr.xr17_u4.nr1[nsmm_rsh] = 0.000000000000000e+00
@n.xbgr.xr17_u4.nr1[nsmm_w] = 0.000000000000000e+00
@n.xbgr.xr17_u4.nr1[nsmm_l] = 0.000000000000000e+00
@n.xbgr.xr18_u2.nr1[nsmm_rsh] = 0.000000000000000e+00
@n.xbgr.xr18_u2.nr1[nsmm_w] = 0.000000000000000e+00
@n.xbgr.xr18_u2.nr1[nsmm_l] = 0.000000000000000e+00
@n.xbgr.xr18_u3.nr1[nsmm_rsh] = 0.000000000000000e+00
@n.xbgr.xr18_u3.nr1[nsmm_w] = 0.000000000000000e+00
@n.xbgr.xr18_u3.nr1[nsmm_l] = 0.000000000000000e+00
@n.xbgr.xr18_u4.nr1[nsmm_rsh] = 0.000000000000000e+00
@n.xbgr.xr18_u4.nr1[nsmm_w] = 0.000000000000000e+00
@n.xbgr.xr18_u4.nr1[nsmm_l] = 0.000000000000000e+00
@n.xbgr.xr19_u2.nr1[nsmm_rsh] = 0.000000000000000e+00
@n.xbgr.xr19_u2.nr1[nsmm_w] = 0.000000000000000e+00
@n.xbgr.xr19_u2.nr1[nsmm_l] = 0.000000000000000e+00
@n.xbgr.xr19_u3.nr1[nsmm_rsh] = 0.000000000000000e+00
@n.xbgr.xr19_u3.nr1[nsmm_w] = 0.000000000000000e+00
@n.xbgr.xr19_u3.nr1[nsmm_l] = 0.000000000000000e+00
@n.xbgr.xr19_u4.nr1[nsmm_rsh] = 0.000000000000000e+00
@n.xbgr.xr19_u4.nr1[nsmm_w] = 0.000000000000000e+00
@n.xbgr.xr19_u4.nr1[nsmm_l] = 0.000000000000000e+00
@n.xbgr.xr20_u2.nr1[nsmm_rsh] = 0.000000000000000e+00
@n.xbgr.xr20_u2.nr1[nsmm_w] = 0.000000000000000e+00
@n.xbgr.xr20_u2.nr1[nsmm_l] = 0.000000000000000e+00
@n.xbgr.xr20_u3.nr1[nsmm_rsh] = 0.000000000000000e+00
@n.xbgr.xr20_u3.nr1[nsmm_w] = 0.000000000000000e+00
@n.xbgr.xr20_u3.nr1[nsmm_l] = 0.000000000000000e+00
@n.xbgr.xr20_u4.nr1[nsmm_rsh] = 0.000000000000000e+00
@n.xbgr.xr20_u4.nr1[nsmm_w] = 0.000000000000000e+00
@n.xbgr.xr20_u4.nr1[nsmm_l] = 0.000000000000000e+00
@n.xbgr.xr21_u2.nr1[nsmm_rsh] = 0.000000000000000e+00
@n.xbgr.xr21_u2.nr1[nsmm_w] = 0.000000000000000e+00
@n.xbgr.xr21_u2.nr1[nsmm_l] = 0.000000000000000e+00
@n.xbgr.xr21_u3.nr1[nsmm_rsh] = 0.000000000000000e+00
@n.xbgr.xr21_u3.nr1[nsmm_w] = 0.000000000000000e+00
@n.xbgr.xr21_u3.nr1[nsmm_l] = 0.000000000000000e+00
@n.xbgr.xr21_u4.nr1[nsmm_rsh] = 0.000000000000000e+00
@n.xbgr.xr21_u4.nr1[nsmm_w] = 0.000000000000000e+00
@n.xbgr.xr21_u4.nr1[nsmm_l] = 0.000000000000000e+00
@n.xbgr.xr22_u2.nr1[nsmm_rsh] = 0.000000000000000e+00
@n.xbgr.xr22_u2.nr1[nsmm_w] = 0.000000000000000e+00
@n.xbgr.xr22_u2.nr1[nsmm_l] = 0.000000000000000e+00
@n.xbgr.xr22_u3.nr1[nsmm_rsh] = 0.000000000000000e+00
@n.xbgr.xr22_u3.nr1[nsmm_w] = 0.000000000000000e+00
@n.xbgr.xr22_u3.nr1[nsmm_l] = 0.000000000000000e+00
@n.xbgr.xr22_u4.nr1[nsmm_rsh] = 0.000000000000000e+00
@n.xbgr.xr22_u4.nr1[nsmm_w] = 0.000000000000000e+00
@n.xbgr.xr22_u4.nr1[nsmm_l] = 0.000000000000000e+00
@n.xbgr.xr23_u2.nr1[nsmm_rsh] = 0.000000000000000e+00
@n.xbgr.xr23_u2.nr1[nsmm_w] = 0.000000000000000e+00
@n.xbgr.xr23_u2.nr1[nsmm_l] = 0.000000000000000e+00
@n.xbgr.xr23_u3.nr1[nsmm_rsh] = 0.000000000000000e+00
@n.xbgr.xr23_u3.nr1[nsmm_w] = 0.000000000000000e+00
@n.xbgr.xr23_u3.nr1[nsmm_l] = 0.000000000000000e+00
@n.xbgr.xr23_u4.nr1[nsmm_rsh] = 0.000000000000000e+00
@n.xbgr.xr23_u4.nr1[nsmm_w] = 0.000000000000000e+00
@n.xbgr.xr23_u4.nr1[nsmm_l] = 0.000000000000000e+00
@n.xbgr.xr23_u5.nr1[nsmm_rsh] = 0.000000000000000e+00
@n.xbgr.xr23_u5.nr1[nsmm_w] = 0.000000000000000e+00
@n.xbgr.xr23_u5.nr1[nsmm_l] = 0.000000000000000e+00
@n.xbgr.xr23_u6.nr1[nsmm_rsh] = 0.000000000000000e+00
@n.xbgr.xr23_u6.nr1[nsmm_w] = 0.000000000000000e+00
@n.xbgr.xr23_u6.nr1[nsmm_l] = 0.000000000000000e+00
@n.xbgr.xr23_u7.nr1[nsmm_rsh] = 0.000000000000000e+00
@n.xbgr.xr23_u7.nr1[nsmm_w] = 0.000000000000000e+00
@n.xbgr.xr23_u7.nr1[nsmm_l] = 0.000000000000000e+00
@n.xbgr.xr23_u8.nr1[nsmm_rsh] = 0.000000000000000e+00
@n.xbgr.xr23_u8.nr1[nsmm_w] = 0.000000000000000e+00
@n.xbgr.xr23_u8.nr1[nsmm_l] = 0.000000000000000e+00
@n.xbgr.xr23_u9.nr1[nsmm_rsh] = 0.000000000000000e+00
@n.xbgr.xr23_u9.nr1[nsmm_w] = 0.000000000000000e+00
@n.xbgr.xr23_u9.nr1[nsmm_l] = 0.000000000000000e+00
@n.xbgr.xr23_u10.nr1[nsmm_rsh] = 0.000000000000000e+00
@n.xbgr.xr23_u10.nr1[nsmm_w] = 0.000000000000000e+00
@n.xbgr.xr23_u10.nr1[nsmm_l] = 0.000000000000000e+00
@n.xbgr.xr23_u11.nr1[nsmm_rsh] = 0.000000000000000e+00
@n.xbgr.xr23_u11.nr1[nsmm_w] = 0.000000000000000e+00
@n.xbgr.xr23_u11.nr1[nsmm_l] = 0.000000000000000e+00
@n.xbgr.xr23_u12.nr1[nsmm_rsh] = 0.000000000000000e+00
@n.xbgr.xr23_u12.nr1[nsmm_w] = 0.000000000000000e+00
@n.xbgr.xr23_u12.nr1[nsmm_l] = 0.000000000000000e+00
@n.xbgr.xr23_u13.nr1[nsmm_rsh] = 0.000000000000000e+00
@n.xbgr.xr23_u13.nr1[nsmm_w] = 0.000000000000000e+00
@n.xbgr.xr23_u13.nr1[nsmm_l] = 0.000000000000000e+00
@n.xbgr.xr23_u14.nr1[nsmm_rsh] = 0.000000000000000e+00
@n.xbgr.xr23_u14.nr1[nsmm_w] = 0.000000000000000e+00
@n.xbgr.xr23_u14.nr1[nsmm_l] = 0.000000000000000e+00
@n.xbgr.xr23_u15.nr1[nsmm_rsh] = 0.000000000000000e+00
@n.xbgr.xr23_u15.nr1[nsmm_w] = 0.000000000000000e+00
@n.xbgr.xr23_u15.nr1[nsmm_l] = 0.000000000000000e+00
@n.xbgr.xr23_u16.nr1[nsmm_rsh] = 0.000000000000000e+00
@n.xbgr.xr23_u16.nr1[nsmm_w] = 0.000000000000000e+00
@n.xbgr.xr23_u16.nr1[nsmm_l] = 0.000000000000000e+00
@n.xbgr.xr23_u17.nr1[nsmm_rsh] = 0.000000000000000e+00
@n.xbgr.xr23_u17.nr1[nsmm_w] = 0.000000000000000e+00
@n.xbgr.xr23_u17.nr1[nsmm_l] = 0.000000000000000e+00
@n.xbgr.xr23_u18.nr1[nsmm_rsh] = 0.000000000000000e+00
@n.xbgr.xr23_u18.nr1[nsmm_w] = 0.000000000000000e+00
@n.xbgr.xr23_u18.nr1[nsmm_l] = 0.000000000000000e+00
@n.xbgr.xr23_u19.nr1[nsmm_rsh] = 0.000000000000000e+00
@n.xbgr.xr23_u19.nr1[nsmm_w] = 0.000000000000000e+00
@n.xbgr.xr23_u19.nr1[nsmm_l] = 0.000000000000000e+00
@n.xbgr.xr23_u20.nr1[nsmm_rsh] = 0.000000000000000e+00
@n.xbgr.xr23_u20.nr1[nsmm_w] = 0.000000000000000e+00
@n.xbgr.xr23_u20.nr1[nsmm_l] = 0.000000000000000e+00
@n.xbgr.xr23_u21.nr1[nsmm_rsh] = 0.000000000000000e+00
@n.xbgr.xr23_u21.nr1[nsmm_w] = 0.000000000000000e+00
@n.xbgr.xr23_u21.nr1[nsmm_l] = 0.000000000000000e+00
@n.xbgr.xr23_u22.nr1[nsmm_rsh] = 0.000000000000000e+00
@n.xbgr.xr23_u22.nr1[nsmm_w] = 0.000000000000000e+00
@n.xbgr.xr23_u22.nr1[nsmm_l] = 0.000000000000000e+00
@n.xbgr.xr23_u23.nr1[nsmm_rsh] = 0.000000000000000e+00
@n.xbgr.xr23_u23.nr1[nsmm_w] = 0.000000000000000e+00
@n.xbgr.xr23_u23.nr1[nsmm_l] = 0.000000000000000e+00
@n.xbgr.xr23_u24.nr1[nsmm_rsh] = 0.000000000000000e+00
@n.xbgr.xr23_u24.nr1[nsmm_w] = 0.000000000000000e+00
@n.xbgr.xr23_u24.nr1[nsmm_l] = 0.000000000000000e+00
@n.xbgr.xr24_u2.nr1[nsmm_rsh] = 0.000000000000000e+00
@n.xbgr.xr24_u2.nr1[nsmm_w] = 0.000000000000000e+00
@n.xbgr.xr24_u2.nr1[nsmm_l] = 0.000000000000000e+00
@n.xbgr.xr24_u3.nr1[nsmm_rsh] = 0.000000000000000e+00
@n.xbgr.xr24_u3.nr1[nsmm_w] = 0.000000000000000e+00
@n.xbgr.xr24_u3.nr1[nsmm_l] = 0.000000000000000e+00
@n.xbgr.xr24_u4.nr1[nsmm_rsh] = 0.000000000000000e+00
@n.xbgr.xr24_u4.nr1[nsmm_w] = 0.000000000000000e+00
@n.xbgr.xr24_u4.nr1[nsmm_l] = 0.000000000000000e+00
@n.xbgr.xr24_u5.nr1[nsmm_rsh] = 0.000000000000000e+00
@n.xbgr.xr24_u5.nr1[nsmm_w] = 0.000000000000000e+00
@n.xbgr.xr24_u5.nr1[nsmm_l] = 0.000000000000000e+00
@n.xbgr.xr24_u6.nr1[nsmm_rsh] = 0.000000000000000e+00
@n.xbgr.xr24_u6.nr1[nsmm_w] = 0.000000000000000e+00
@n.xbgr.xr24_u6.nr1[nsmm_l] = 0.000000000000000e+00
@n.xbgr.xr24_u7.nr1[nsmm_rsh] = 0.000000000000000e+00
@n.xbgr.xr24_u7.nr1[nsmm_w] = 0.000000000000000e+00
@n.xbgr.xr24_u7.nr1[nsmm_l] = 0.000000000000000e+00
@n.xbgr.xr24_u8.nr1[nsmm_rsh] = 0.000000000000000e+00
@n.xbgr.xr24_u8.nr1[nsmm_w] = 0.000000000000000e+00
@n.xbgr.xr24_u8.nr1[nsmm_l] = 0.000000000000000e+00
@n.xbgr.xr24_u9.nr1[nsmm_rsh] = 0.000000000000000e+00
@n.xbgr.xr24_u9.nr1[nsmm_w] = 0.000000000000000e+00
@n.xbgr.xr24_u9.nr1[nsmm_l] = 0.000000000000000e+00
@n.xbgr.xr24_u10.nr1[nsmm_rsh] = 0.000000000000000e+00
@n.xbgr.xr24_u10.nr1[nsmm_w] = 0.000000000000000e+00
@n.xbgr.xr24_u10.nr1[nsmm_l] = 0.000000000000000e+00
@n.xbgr.xr24_u11.nr1[nsmm_rsh] = 0.000000000000000e+00
@n.xbgr.xr24_u11.nr1[nsmm_w] = 0.000000000000000e+00
@n.xbgr.xr24_u11.nr1[nsmm_l] = 0.000000000000000e+00
@n.xbgr.xr24_u12.nr1[nsmm_rsh] = 0.000000000000000e+00
@n.xbgr.xr24_u12.nr1[nsmm_w] = 0.000000000000000e+00
@n.xbgr.xr24_u12.nr1[nsmm_l] = 0.000000000000000e+00
@n.xbgr.xr24_u13.nr1[nsmm_rsh] = 0.000000000000000e+00
@n.xbgr.xr24_u13.nr1[nsmm_w] = 0.000000000000000e+00
@n.xbgr.xr24_u13.nr1[nsmm_l] = 0.000000000000000e+00
@n.xbgr.xr24_u14.nr1[nsmm_rsh] = 0.000000000000000e+00
@n.xbgr.xr24_u14.nr1[nsmm_w] = 0.000000000000000e+00
@n.xbgr.xr24_u14.nr1[nsmm_l] = 0.000000000000000e+00
@n.xbgr.xr24_u15.nr1[nsmm_rsh] = 0.000000000000000e+00
@n.xbgr.xr24_u15.nr1[nsmm_w] = 0.000000000000000e+00
@n.xbgr.xr24_u15.nr1[nsmm_l] = 0.000000000000000e+00
@n.xbgr.xr24_u16.nr1[nsmm_rsh] = 0.000000000000000e+00
@n.xbgr.xr24_u16.nr1[nsmm_w] = 0.000000000000000e+00
@n.xbgr.xr24_u16.nr1[nsmm_l] = 0.000000000000000e+00
@n.xbgr.xr24_u17.nr1[nsmm_rsh] = 0.000000000000000e+00
@n.xbgr.xr24_u17.nr1[nsmm_w] = 0.000000000000000e+00
@n.xbgr.xr24_u17.nr1[nsmm_l] = 0.000000000000000e+00
@n.xbgr.xr24_u18.nr1[nsmm_rsh] = 0.000000000000000e+00
@n.xbgr.xr24_u18.nr1[nsmm_w] = 0.000000000000000e+00
@n.xbgr.xr24_u18.nr1[nsmm_l] = 0.000000000000000e+00
@n.xbgr.xr24_u19.nr1[nsmm_rsh] = 0.000000000000000e+00
@n.xbgr.xr24_u19.nr1[nsmm_w] = 0.000000000000000e+00
@n.xbgr.xr24_u19.nr1[nsmm_l] = 0.000000000000000e+00
@n.xbgr.xr24_u20.nr1[nsmm_rsh] = 0.000000000000000e+00
@n.xbgr.xr24_u20.nr1[nsmm_w] = 0.000000000000000e+00
@n.xbgr.xr24_u20.nr1[nsmm_l] = 0.000000000000000e+00
@n.xbgr.xr24_u21.nr1[nsmm_rsh] = 0.000000000000000e+00
@n.xbgr.xr24_u21.nr1[nsmm_w] = 0.000000000000000e+00
@n.xbgr.xr24_u21.nr1[nsmm_l] = 0.000000000000000e+00
@n.xbgr.xr24_u22.nr1[nsmm_rsh] = 0.000000000000000e+00
@n.xbgr.xr24_u22.nr1[nsmm_w] = 0.000000000000000e+00
@n.xbgr.xr24_u22.nr1[nsmm_l] = 0.000000000000000e+00
@n.xbgr.xr24_u23.nr1[nsmm_rsh] = 0.000000000000000e+00
@n.xbgr.xr24_u23.nr1[nsmm_w] = 0.000000000000000e+00
@n.xbgr.xr24_u23.nr1[nsmm_l] = 0.000000000000000e+00
@n.xbgr.xr24_u24.nr1[nsmm_rsh] = 0.000000000000000e+00
@n.xbgr.xr24_u24.nr1[nsmm_w] = 0.000000000000000e+00
@n.xbgr.xr24_u24.nr1[nsmm_l] = 0.000000000000000e+00
@n.xbgr.xr25_u2.nr1[nsmm_rsh] = 0.000000000000000e+00
@n.xbgr.xr25_u2.nr1[nsmm_w] = 0.000000000000000e+00
@n.xbgr.xr25_u2.nr1[nsmm_l] = 0.000000000000000e+00
@n.xbgr.xr25_u3.nr1[nsmm_rsh] = 0.000000000000000e+00
@n.xbgr.xr25_u3.nr1[nsmm_w] = 0.000000000000000e+00
@n.xbgr.xr25_u3.nr1[nsmm_l] = 0.000000000000000e+00
@n.xbgr.xr25_u4.nr1[nsmm_rsh] = 0.000000000000000e+00
@n.xbgr.xr25_u4.nr1[nsmm_w] = 0.000000000000000e+00
@n.xbgr.xr25_u4.nr1[nsmm_l] = 0.000000000000000e+00
@n.xbgr.xr25_u5.nr1[nsmm_rsh] = 0.000000000000000e+00
@n.xbgr.xr25_u5.nr1[nsmm_w] = 0.000000000000000e+00
@n.xbgr.xr25_u5.nr1[nsmm_l] = 0.000000000000000e+00
@n.xbgr.xr25_u6.nr1[nsmm_rsh] = 0.000000000000000e+00
@n.xbgr.xr25_u6.nr1[nsmm_w] = 0.000000000000000e+00
@n.xbgr.xr25_u6.nr1[nsmm_l] = 0.000000000000000e+00
@n.xbgr.xr25_u7.nr1[nsmm_rsh] = 0.000000000000000e+00
@n.xbgr.xr25_u7.nr1[nsmm_w] = 0.000000000000000e+00
@n.xbgr.xr25_u7.nr1[nsmm_l] = 0.000000000000000e+00
@n.xbgr.xr25_u8.nr1[nsmm_rsh] = 0.000000000000000e+00
@n.xbgr.xr25_u8.nr1[nsmm_w] = 0.000000000000000e+00
@n.xbgr.xr25_u8.nr1[nsmm_l] = 0.000000000000000e+00
@n.xbgr.xr25_u9.nr1[nsmm_rsh] = 0.000000000000000e+00
@n.xbgr.xr25_u9.nr1[nsmm_w] = 0.000000000000000e+00
@n.xbgr.xr25_u9.nr1[nsmm_l] = 0.000000000000000e+00
@n.xbgr.xr25_u10.nr1[nsmm_rsh] = 0.000000000000000e+00
@n.xbgr.xr25_u10.nr1[nsmm_w] = 0.000000000000000e+00
@n.xbgr.xr25_u10.nr1[nsmm_l] = 0.000000000000000e+00
@n.xbgr.xr25_u11.nr1[nsmm_rsh] = 0.000000000000000e+00
@n.xbgr.xr25_u11.nr1[nsmm_w] = 0.000000000000000e+00
@n.xbgr.xr25_u11.nr1[nsmm_l] = 0.000000000000000e+00
@n.xbgr.xr25_u12.nr1[nsmm_rsh] = 0.000000000000000e+00
@n.xbgr.xr25_u12.nr1[nsmm_w] = 0.000000000000000e+00
@n.xbgr.xr25_u12.nr1[nsmm_l] = 0.000000000000000e+00
@n.xbgr.xr25_u13.nr1[nsmm_rsh] = 0.000000000000000e+00
@n.xbgr.xr25_u13.nr1[nsmm_w] = 0.000000000000000e+00
@n.xbgr.xr25_u13.nr1[nsmm_l] = 0.000000000000000e+00
@n.xbgr.xr25_u14.nr1[nsmm_rsh] = 0.000000000000000e+00
@n.xbgr.xr25_u14.nr1[nsmm_w] = 0.000000000000000e+00
@n.xbgr.xr25_u14.nr1[nsmm_l] = 0.000000000000000e+00
@n.xbgr.xr25_u15.nr1[nsmm_rsh] = 0.000000000000000e+00
@n.xbgr.xr25_u15.nr1[nsmm_w] = 0.000000000000000e+00
@n.xbgr.xr25_u15.nr1[nsmm_l] = 0.000000000000000e+00
@n.xbgr.xr25_u16.nr1[nsmm_rsh] = 0.000000000000000e+00
@n.xbgr.xr25_u16.nr1[nsmm_w] = 0.000000000000000e+00
@n.xbgr.xr25_u16.nr1[nsmm_l] = 0.000000000000000e+00
@n.xbgr.xr25_u17.nr1[nsmm_rsh] = 0.000000000000000e+00
@n.xbgr.xr25_u17.nr1[nsmm_w] = 0.000000000000000e+00
@n.xbgr.xr25_u17.nr1[nsmm_l] = 0.000000000000000e+00
@n.xbgr.xr25_u18.nr1[nsmm_rsh] = 0.000000000000000e+00
@n.xbgr.xr25_u18.nr1[nsmm_w] = 0.000000000000000e+00
@n.xbgr.xr25_u18.nr1[nsmm_l] = 0.000000000000000e+00
@n.xbgr.xr25_u19.nr1[nsmm_rsh] = 0.000000000000000e+00
@n.xbgr.xr25_u19.nr1[nsmm_w] = 0.000000000000000e+00
@n.xbgr.xr25_u19.nr1[nsmm_l] = 0.000000000000000e+00
@n.xbgr.xr25_u20.nr1[nsmm_rsh] = 0.000000000000000e+00
@n.xbgr.xr25_u20.nr1[nsmm_w] = 0.000000000000000e+00
@n.xbgr.xr25_u20.nr1[nsmm_l] = 0.000000000000000e+00
@n.xbgr.xr25_u21.nr1[nsmm_rsh] = 0.000000000000000e+00
@n.xbgr.xr25_u21.nr1[nsmm_w] = 0.000000000000000e+00
@n.xbgr.xr25_u21.nr1[nsmm_l] = 0.000000000000000e+00
@n.xbgr.xr25_u22.nr1[nsmm_rsh] = 0.000000000000000e+00
@n.xbgr.xr25_u22.nr1[nsmm_w] = 0.000000000000000e+00
@n.xbgr.xr25_u22.nr1[nsmm_l] = 0.000000000000000e+00
@n.xbgr.xr25_u23.nr1[nsmm_rsh] = 0.000000000000000e+00
@n.xbgr.xr25_u23.nr1[nsmm_w] = 0.000000000000000e+00
@n.xbgr.xr25_u23.nr1[nsmm_l] = 0.000000000000000e+00
@n.xbgr.xr25_u24.nr1[nsmm_rsh] = 0.000000000000000e+00
@n.xbgr.xr25_u24.nr1[nsmm_w] = 0.000000000000000e+00
@n.xbgr.xr25_u24.nr1[nsmm_l] = 0.000000000000000e+00
@n.xbgr.xr26_u2.nr1[nsmm_rsh] = 0.000000000000000e+00
@n.xbgr.xr26_u2.nr1[nsmm_w] = 0.000000000000000e+00
@n.xbgr.xr26_u2.nr1[nsmm_l] = 0.000000000000000e+00
@n.xbgr.xr26_u3.nr1[nsmm_rsh] = 0.000000000000000e+00
@n.xbgr.xr26_u3.nr1[nsmm_w] = 0.000000000000000e+00
@n.xbgr.xr26_u3.nr1[nsmm_l] = 0.000000000000000e+00
@n.xbgr.xr26_u4.nr1[nsmm_rsh] = 0.000000000000000e+00
@n.xbgr.xr26_u4.nr1[nsmm_w] = 0.000000000000000e+00
@n.xbgr.xr26_u4.nr1[nsmm_l] = 0.000000000000000e+00
@n.xbgr.xr26_u5.nr1[nsmm_rsh] = 0.000000000000000e+00
@n.xbgr.xr26_u5.nr1[nsmm_w] = 0.000000000000000e+00
@n.xbgr.xr26_u5.nr1[nsmm_l] = 0.000000000000000e+00
@n.xbgr.xr26_u6.nr1[nsmm_rsh] = 0.000000000000000e+00
@n.xbgr.xr26_u6.nr1[nsmm_w] = 0.000000000000000e+00
@n.xbgr.xr26_u6.nr1[nsmm_l] = 0.000000000000000e+00
@n.xbgr.xr26_u7.nr1[nsmm_rsh] = 0.000000000000000e+00
@n.xbgr.xr26_u7.nr1[nsmm_w] = 0.000000000000000e+00
@n.xbgr.xr26_u7.nr1[nsmm_l] = 0.000000000000000e+00
@n.xbgr.xr26_u8.nr1[nsmm_rsh] = 0.000000000000000e+00
@n.xbgr.xr26_u8.nr1[nsmm_w] = 0.000000000000000e+00
@n.xbgr.xr26_u8.nr1[nsmm_l] = 0.000000000000000e+00
@n.xbgr.xr26_u9.nr1[nsmm_rsh] = 0.000000000000000e+00
@n.xbgr.xr26_u9.nr1[nsmm_w] = 0.000000000000000e+00
@n.xbgr.xr26_u9.nr1[nsmm_l] = 0.000000000000000e+00
@n.xbgr.xr26_u10.nr1[nsmm_rsh] = 0.000000000000000e+00
@n.xbgr.xr26_u10.nr1[nsmm_w] = 0.000000000000000e+00
@n.xbgr.xr26_u10.nr1[nsmm_l] = 0.000000000000000e+00
@n.xbgr.xr26_u11.nr1[nsmm_rsh] = 0.000000000000000e+00
@n.xbgr.xr26_u11.nr1[nsmm_w] = 0.000000000000000e+00
@n.xbgr.xr26_u11.nr1[nsmm_l] = 0.000000000000000e+00
@n.xbgr.xr26_u12.nr1[nsmm_rsh] = 0.000000000000000e+00
@n.xbgr.xr26_u12.nr1[nsmm_w] = 0.000000000000000e+00
@n.xbgr.xr26_u12.nr1[nsmm_l] = 0.000000000000000e+00
@n.xbgr.xr26_u13.nr1[nsmm_rsh] = 0.000000000000000e+00
@n.xbgr.xr26_u13.nr1[nsmm_w] = 0.000000000000000e+00
@n.xbgr.xr26_u13.nr1[nsmm_l] = 0.000000000000000e+00
@n.xbgr.xr26_u14.nr1[nsmm_rsh] = 0.000000000000000e+00
@n.xbgr.xr26_u14.nr1[nsmm_w] = 0.000000000000000e+00
@n.xbgr.xr26_u14.nr1[nsmm_l] = 0.000000000000000e+00
@n.xbgr.xr26_u15.nr1[nsmm_rsh] = 0.000000000000000e+00
@n.xbgr.xr26_u15.nr1[nsmm_w] = 0.000000000000000e+00
@n.xbgr.xr26_u15.nr1[nsmm_l] = 0.000000000000000e+00
@n.xbgr.xr26_u16.nr1[nsmm_rsh] = 0.000000000000000e+00
@n.xbgr.xr26_u16.nr1[nsmm_w] = 0.000000000000000e+00
@n.xbgr.xr26_u16.nr1[nsmm_l] = 0.000000000000000e+00
@n.xbgr.xr26_u17.nr1[nsmm_rsh] = 0.000000000000000e+00
@n.xbgr.xr26_u17.nr1[nsmm_w] = 0.000000000000000e+00
@n.xbgr.xr26_u17.nr1[nsmm_l] = 0.000000000000000e+00
@n.xbgr.xr26_u18.nr1[nsmm_rsh] = 0.000000000000000e+00
@n.xbgr.xr26_u18.nr1[nsmm_w] = 0.000000000000000e+00
@n.xbgr.xr26_u18.nr1[nsmm_l] = 0.000000000000000e+00
@n.xbgr.xr26_u19.nr1[nsmm_rsh] = 0.000000000000000e+00
@n.xbgr.xr26_u19.nr1[nsmm_w] = 0.000000000000000e+00
@n.xbgr.xr26_u19.nr1[nsmm_l] = 0.000000000000000e+00
@n.xbgr.xr26_u20.nr1[nsmm_rsh] = 0.000000000000000e+00
@n.xbgr.xr26_u20.nr1[nsmm_w] = 0.000000000000000e+00
@n.xbgr.xr26_u20.nr1[nsmm_l] = 0.000000000000000e+00
@n.xbgr.xr26_u21.nr1[nsmm_rsh] = 0.000000000000000e+00
@n.xbgr.xr26_u21.nr1[nsmm_w] = 0.000000000000000e+00
@n.xbgr.xr26_u21.nr1[nsmm_l] = 0.000000000000000e+00
@n.xbgr.xr26_u22.nr1[nsmm_rsh] = 0.000000000000000e+00
@n.xbgr.xr26_u22.nr1[nsmm_w] = 0.000000000000000e+00
@n.xbgr.xr26_u22.nr1[nsmm_l] = 0.000000000000000e+00
@n.xbgr.xr26_u23.nr1[nsmm_rsh] = 0.000000000000000e+00
@n.xbgr.xr26_u23.nr1[nsmm_w] = 0.000000000000000e+00
@n.xbgr.xr26_u23.nr1[nsmm_l] = 0.000000000000000e+00
@n.xbgr.xr26_u24.nr1[nsmm_rsh] = 0.000000000000000e+00
@n.xbgr.xr26_u24.nr1[nsmm_w] = 0.000000000000000e+00
@n.xbgr.xr26_u24.nr1[nsmm_l] = 0.000000000000000e+00
@n.xbgr.xm34_u2.nsg13_hv_nmos[w] = 9.999999999999999e-06
@n.xbgr.xm34_u2.nsg13_hv_nmos[l] = 1.000000000000000e-06
@n.xbgr.xm34_u2.nsg13_hv_nmos[delvto] = 0.000000000000000e+00
@n.xbgr.xm34_u2.nsg13_hv_nmos[factuo] = 1.000000000000000e+00
@n.xbgr.xm34_u3.nsg13_hv_nmos[w] = 9.999999999999999e-06
@n.xbgr.xm34_u3.nsg13_hv_nmos[l] = 1.000000000000000e-06
@n.xbgr.xm34_u3.nsg13_hv_nmos[delvto] = 0.000000000000000e+00
@n.xbgr.xm34_u3.nsg13_hv_nmos[factuo] = 1.000000000000000e+00
@n.xbgr.xm34_u4.nsg13_hv_nmos[w] = 9.999999999999999e-06
@n.xbgr.xm34_u4.nsg13_hv_nmos[l] = 1.000000000000000e-06
@n.xbgr.xm34_u4.nsg13_hv_nmos[delvto] = 0.000000000000000e+00
@n.xbgr.xm34_u4.nsg13_hv_nmos[factuo] = 1.000000000000000e+00
@n.xbgr.xm34_u5.nsg13_hv_nmos[w] = 9.999999999999999e-06
@n.xbgr.xm34_u5.nsg13_hv_nmos[l] = 1.000000000000000e-06
@n.xbgr.xm34_u5.nsg13_hv_nmos[delvto] = 0.000000000000000e+00
@n.xbgr.xm34_u5.nsg13_hv_nmos[factuo] = 1.000000000000000e+00
@n.xbgr.xm34_u6.nsg13_hv_nmos[w] = 9.999999999999999e-06
@n.xbgr.xm34_u6.nsg13_hv_nmos[l] = 1.000000000000000e-06
@n.xbgr.xm34_u6.nsg13_hv_nmos[delvto] = 0.000000000000000e+00
@n.xbgr.xm34_u6.nsg13_hv_nmos[factuo] = 1.000000000000000e+00
@n.xbgr.xm34_u7.nsg13_hv_nmos[w] = 9.999999999999999e-06
@n.xbgr.xm34_u7.nsg13_hv_nmos[l] = 1.000000000000000e-06
@n.xbgr.xm34_u7.nsg13_hv_nmos[delvto] = 0.000000000000000e+00
@n.xbgr.xm34_u7.nsg13_hv_nmos[factuo] = 1.000000000000000e+00
@n.xbgr.xm34_u8.nsg13_hv_nmos[w] = 9.999999999999999e-06
@n.xbgr.xm34_u8.nsg13_hv_nmos[l] = 1.000000000000000e-06
@n.xbgr.xm34_u8.nsg13_hv_nmos[delvto] = 0.000000000000000e+00
@n.xbgr.xm34_u8.nsg13_hv_nmos[factuo] = 1.000000000000000e+00
@n.xbgr.xm34_u9.nsg13_hv_nmos[w] = 9.999999999999999e-06
@n.xbgr.xm34_u9.nsg13_hv_nmos[l] = 1.000000000000000e-06
@n.xbgr.xm34_u9.nsg13_hv_nmos[delvto] = 0.000000000000000e+00
@n.xbgr.xm34_u9.nsg13_hv_nmos[factuo] = 1.000000000000000e+00
@n.xbgr.xm34_u10.nsg13_hv_nmos[w] = 9.999999999999999e-06
@n.xbgr.xm34_u10.nsg13_hv_nmos[l] = 1.000000000000000e-06
@n.xbgr.xm34_u10.nsg13_hv_nmos[delvto] = 0.000000000000000e+00
@n.xbgr.xm34_u10.nsg13_hv_nmos[factuo] = 1.000000000000000e+00
@n.xbgr.xm34_u11.nsg13_hv_nmos[w] = 9.999999999999999e-06
@n.xbgr.xm34_u11.nsg13_hv_nmos[l] = 1.000000000000000e-06
@n.xbgr.xm34_u11.nsg13_hv_nmos[delvto] = 0.000000000000000e+00
@n.xbgr.xm34_u11.nsg13_hv_nmos[factuo] = 1.000000000000000e+00
@n.xbgr.xm34_u12.nsg13_hv_nmos[w] = 9.999999999999999e-06
@n.xbgr.xm34_u12.nsg13_hv_nmos[l] = 1.000000000000000e-06
@n.xbgr.xm34_u12.nsg13_hv_nmos[delvto] = 0.000000000000000e+00
@n.xbgr.xm34_u12.nsg13_hv_nmos[factuo] = 1.000000000000000e+00
@n.xbgr.xm34_u13.nsg13_hv_nmos[w] = 9.999999999999999e-06
@n.xbgr.xm34_u13.nsg13_hv_nmos[l] = 1.000000000000000e-06
@n.xbgr.xm34_u13.nsg13_hv_nmos[delvto] = 0.000000000000000e+00
@n.xbgr.xm34_u13.nsg13_hv_nmos[factuo] = 1.000000000000000e+00
@n.xbgr.xm34_u14.nsg13_hv_nmos[w] = 9.999999999999999e-06
@n.xbgr.xm34_u14.nsg13_hv_nmos[l] = 1.000000000000000e-06
@n.xbgr.xm34_u14.nsg13_hv_nmos[delvto] = 0.000000000000000e+00
@n.xbgr.xm34_u14.nsg13_hv_nmos[factuo] = 1.000000000000000e+00
@n.xbgr.xm34_u15.nsg13_hv_nmos[w] = 9.999999999999999e-06
@n.xbgr.xm34_u15.nsg13_hv_nmos[l] = 1.000000000000000e-06
@n.xbgr.xm34_u15.nsg13_hv_nmos[delvto] = 0.000000000000000e+00
@n.xbgr.xm34_u15.nsg13_hv_nmos[factuo] = 1.000000000000000e+00
@n.xbgr.xm34_u16.nsg13_hv_nmos[w] = 9.999999999999999e-06
@n.xbgr.xm34_u16.nsg13_hv_nmos[l] = 1.000000000000000e-06
@n.xbgr.xm34_u16.nsg13_hv_nmos[delvto] = 0.000000000000000e+00
@n.xbgr.xm34_u16.nsg13_hv_nmos[factuo] = 1.000000000000000e+00
@n.xbgr.xm34_u17.nsg13_hv_nmos[w] = 9.999999999999999e-06
@n.xbgr.xm34_u17.nsg13_hv_nmos[l] = 1.000000000000000e-06
@n.xbgr.xm34_u17.nsg13_hv_nmos[delvto] = 0.000000000000000e+00
@n.xbgr.xm34_u17.nsg13_hv_nmos[factuo] = 1.000000000000000e+00
@n.xbgr.xm34_u18.nsg13_hv_nmos[w] = 9.999999999999999e-06
@n.xbgr.xm34_u18.nsg13_hv_nmos[l] = 1.000000000000000e-06
@n.xbgr.xm34_u18.nsg13_hv_nmos[delvto] = 0.000000000000000e+00
@n.xbgr.xm34_u18.nsg13_hv_nmos[factuo] = 1.000000000000000e+00
@n.xbgr.xm34_u19.nsg13_hv_nmos[w] = 9.999999999999999e-06
@n.xbgr.xm34_u19.nsg13_hv_nmos[l] = 1.000000000000000e-06
@n.xbgr.xm34_u19.nsg13_hv_nmos[delvto] = 0.000000000000000e+00
@n.xbgr.xm34_u19.nsg13_hv_nmos[factuo] = 1.000000000000000e+00
@n.xbgr.xm34_u20.nsg13_hv_nmos[w] = 9.999999999999999e-06
@n.xbgr.xm34_u20.nsg13_hv_nmos[l] = 1.000000000000000e-06
@n.xbgr.xm34_u20.nsg13_hv_nmos[delvto] = 0.000000000000000e+00
@n.xbgr.xm34_u20.nsg13_hv_nmos[factuo] = 1.000000000000000e+00
@n.xbgr.xm34_u21.nsg13_hv_nmos[w] = 9.999999999999999e-06
@n.xbgr.xm34_u21.nsg13_hv_nmos[l] = 1.000000000000000e-06
@n.xbgr.xm34_u21.nsg13_hv_nmos[delvto] = 0.000000000000000e+00
@n.xbgr.xm34_u21.nsg13_hv_nmos[factuo] = 1.000000000000000e+00
@n.xbgr.xm34_u22.nsg13_hv_nmos[w] = 9.999999999999999e-06
@n.xbgr.xm34_u22.nsg13_hv_nmos[l] = 1.000000000000000e-06
@n.xbgr.xm34_u22.nsg13_hv_nmos[delvto] = 0.000000000000000e+00
@n.xbgr.xm34_u22.nsg13_hv_nmos[factuo] = 1.000000000000000e+00
@n.xbgr.xm34_u23.nsg13_hv_nmos[w] = 9.999999999999999e-06
@n.xbgr.xm34_u23.nsg13_hv_nmos[l] = 1.000000000000000e-06
@n.xbgr.xm34_u23.nsg13_hv_nmos[delvto] = 0.000000000000000e+00
@n.xbgr.xm34_u23.nsg13_hv_nmos[factuo] = 1.000000000000000e+00
@n.xbgr.xm34_u24.nsg13_hv_nmos[w] = 9.999999999999999e-06
@n.xbgr.xm34_u24.nsg13_hv_nmos[l] = 1.000000000000000e-06
@n.xbgr.xm34_u24.nsg13_hv_nmos[delvto] = 0.000000000000000e+00
@n.xbgr.xm34_u24.nsg13_hv_nmos[factuo] = 1.000000000000000e+00
@n.xbgr.xm35_u2.nsg13_hv_nmos[w] = 9.999999999999999e-06
@n.xbgr.xm35_u2.nsg13_hv_nmos[l] = 1.000000000000000e-06
@n.xbgr.xm35_u2.nsg13_hv_nmos[delvto] = 0.000000000000000e+00
@n.xbgr.xm35_u2.nsg13_hv_nmos[factuo] = 1.000000000000000e+00
@n.xbgr.xm35_u3.nsg13_hv_nmos[w] = 9.999999999999999e-06
@n.xbgr.xm35_u3.nsg13_hv_nmos[l] = 1.000000000000000e-06
@n.xbgr.xm35_u3.nsg13_hv_nmos[delvto] = 0.000000000000000e+00
@n.xbgr.xm35_u3.nsg13_hv_nmos[factuo] = 1.000000000000000e+00
@n.xbgr.xm35_u4.nsg13_hv_nmos[w] = 9.999999999999999e-06
@n.xbgr.xm35_u4.nsg13_hv_nmos[l] = 1.000000000000000e-06
@n.xbgr.xm35_u4.nsg13_hv_nmos[delvto] = 0.000000000000000e+00
@n.xbgr.xm35_u4.nsg13_hv_nmos[factuo] = 1.000000000000000e+00
@n.xbgr.xm35_u5.nsg13_hv_nmos[w] = 9.999999999999999e-06
@n.xbgr.xm35_u5.nsg13_hv_nmos[l] = 1.000000000000000e-06
@n.xbgr.xm35_u5.nsg13_hv_nmos[delvto] = 0.000000000000000e+00
@n.xbgr.xm35_u5.nsg13_hv_nmos[factuo] = 1.000000000000000e+00
@n.xbgr.xm35_u6.nsg13_hv_nmos[w] = 9.999999999999999e-06
@n.xbgr.xm35_u6.nsg13_hv_nmos[l] = 1.000000000000000e-06
@n.xbgr.xm35_u6.nsg13_hv_nmos[delvto] = 0.000000000000000e+00
@n.xbgr.xm35_u6.nsg13_hv_nmos[factuo] = 1.000000000000000e+00
@n.xbgr.xm35_u7.nsg13_hv_nmos[w] = 9.999999999999999e-06
@n.xbgr.xm35_u7.nsg13_hv_nmos[l] = 1.000000000000000e-06
@n.xbgr.xm35_u7.nsg13_hv_nmos[delvto] = 0.000000000000000e+00
@n.xbgr.xm35_u7.nsg13_hv_nmos[factuo] = 1.000000000000000e+00
@n.xbgr.xm35_u8.nsg13_hv_nmos[w] = 9.999999999999999e-06
@n.xbgr.xm35_u8.nsg13_hv_nmos[l] = 1.000000000000000e-06
@n.xbgr.xm35_u8.nsg13_hv_nmos[delvto] = 0.000000000000000e+00
@n.xbgr.xm35_u8.nsg13_hv_nmos[factuo] = 1.000000000000000e+00
@n.xbgr.xm35_u9.nsg13_hv_nmos[w] = 9.999999999999999e-06
@n.xbgr.xm35_u9.nsg13_hv_nmos[l] = 1.000000000000000e-06
@n.xbgr.xm35_u9.nsg13_hv_nmos[delvto] = 0.000000000000000e+00
@n.xbgr.xm35_u9.nsg13_hv_nmos[factuo] = 1.000000000000000e+00
@n.xbgr.xm35_u10.nsg13_hv_nmos[w] = 9.999999999999999e-06
@n.xbgr.xm35_u10.nsg13_hv_nmos[l] = 1.000000000000000e-06
@n.xbgr.xm35_u10.nsg13_hv_nmos[delvto] = 0.000000000000000e+00
@n.xbgr.xm35_u10.nsg13_hv_nmos[factuo] = 1.000000000000000e+00
@n.xbgr.xm35_u11.nsg13_hv_nmos[w] = 9.999999999999999e-06
@n.xbgr.xm35_u11.nsg13_hv_nmos[l] = 1.000000000000000e-06
@n.xbgr.xm35_u11.nsg13_hv_nmos[delvto] = 0.000000000000000e+00
@n.xbgr.xm35_u11.nsg13_hv_nmos[factuo] = 1.000000000000000e+00
@n.xbgr.xm35_u12.nsg13_hv_nmos[w] = 9.999999999999999e-06
@n.xbgr.xm35_u12.nsg13_hv_nmos[l] = 1.000000000000000e-06
@n.xbgr.xm35_u12.nsg13_hv_nmos[delvto] = 0.000000000000000e+00
@n.xbgr.xm35_u12.nsg13_hv_nmos[factuo] = 1.000000000000000e+00
@n.xbgr.xm35_u13.nsg13_hv_nmos[w] = 9.999999999999999e-06
@n.xbgr.xm35_u13.nsg13_hv_nmos[l] = 1.000000000000000e-06
@n.xbgr.xm35_u13.nsg13_hv_nmos[delvto] = 0.000000000000000e+00
@n.xbgr.xm35_u13.nsg13_hv_nmos[factuo] = 1.000000000000000e+00
@n.xbgr.xm35_u14.nsg13_hv_nmos[w] = 9.999999999999999e-06
@n.xbgr.xm35_u14.nsg13_hv_nmos[l] = 1.000000000000000e-06
@n.xbgr.xm35_u14.nsg13_hv_nmos[delvto] = 0.000000000000000e+00
@n.xbgr.xm35_u14.nsg13_hv_nmos[factuo] = 1.000000000000000e+00
@n.xbgr.xm35_u15.nsg13_hv_nmos[w] = 9.999999999999999e-06
@n.xbgr.xm35_u15.nsg13_hv_nmos[l] = 1.000000000000000e-06
@n.xbgr.xm35_u15.nsg13_hv_nmos[delvto] = 0.000000000000000e+00
@n.xbgr.xm35_u15.nsg13_hv_nmos[factuo] = 1.000000000000000e+00
@n.xbgr.xm35_u16.nsg13_hv_nmos[w] = 9.999999999999999e-06
@n.xbgr.xm35_u16.nsg13_hv_nmos[l] = 1.000000000000000e-06
@n.xbgr.xm35_u16.nsg13_hv_nmos[delvto] = 0.000000000000000e+00
@n.xbgr.xm35_u16.nsg13_hv_nmos[factuo] = 1.000000000000000e+00
@n.xbgr.xm35_u17.nsg13_hv_nmos[w] = 9.999999999999999e-06
@n.xbgr.xm35_u17.nsg13_hv_nmos[l] = 1.000000000000000e-06
@n.xbgr.xm35_u17.nsg13_hv_nmos[delvto] = 0.000000000000000e+00
@n.xbgr.xm35_u17.nsg13_hv_nmos[factuo] = 1.000000000000000e+00
@n.xbgr.xm35_u18.nsg13_hv_nmos[w] = 9.999999999999999e-06
@n.xbgr.xm35_u18.nsg13_hv_nmos[l] = 1.000000000000000e-06
@n.xbgr.xm35_u18.nsg13_hv_nmos[delvto] = 0.000000000000000e+00
@n.xbgr.xm35_u18.nsg13_hv_nmos[factuo] = 1.000000000000000e+00
@n.xbgr.xm35_u19.nsg13_hv_nmos[w] = 9.999999999999999e-06
@n.xbgr.xm35_u19.nsg13_hv_nmos[l] = 1.000000000000000e-06
@n.xbgr.xm35_u19.nsg13_hv_nmos[delvto] = 0.000000000000000e+00
@n.xbgr.xm35_u19.nsg13_hv_nmos[factuo] = 1.000000000000000e+00
@n.xbgr.xm35_u20.nsg13_hv_nmos[w] = 9.999999999999999e-06
@n.xbgr.xm35_u20.nsg13_hv_nmos[l] = 1.000000000000000e-06
@n.xbgr.xm35_u20.nsg13_hv_nmos[delvto] = 0.000000000000000e+00
@n.xbgr.xm35_u20.nsg13_hv_nmos[factuo] = 1.000000000000000e+00
@n.xbgr.xm35_u21.nsg13_hv_nmos[w] = 9.999999999999999e-06
@n.xbgr.xm35_u21.nsg13_hv_nmos[l] = 1.000000000000000e-06
@n.xbgr.xm35_u21.nsg13_hv_nmos[delvto] = 0.000000000000000e+00
@n.xbgr.xm35_u21.nsg13_hv_nmos[factuo] = 1.000000000000000e+00
@n.xbgr.xm35_u22.nsg13_hv_nmos[w] = 9.999999999999999e-06
@n.xbgr.xm35_u22.nsg13_hv_nmos[l] = 1.000000000000000e-06
@n.xbgr.xm35_u22.nsg13_hv_nmos[delvto] = 0.000000000000000e+00
@n.xbgr.xm35_u22.nsg13_hv_nmos[factuo] = 1.000000000000000e+00
@n.xbgr.xm35_u23.nsg13_hv_nmos[w] = 9.999999999999999e-06
@n.xbgr.xm35_u23.nsg13_hv_nmos[l] = 1.000000000000000e-06
@n.xbgr.xm35_u23.nsg13_hv_nmos[delvto] = 0.000000000000000e+00
@n.xbgr.xm35_u23.nsg13_hv_nmos[factuo] = 1.000000000000000e+00
@n.xbgr.xm35_u24.nsg13_hv_nmos[w] = 9.999999999999999e-06
@n.xbgr.xm35_u24.nsg13_hv_nmos[l] = 1.000000000000000e-06
@n.xbgr.xm35_u24.nsg13_hv_nmos[delvto] = 0.000000000000000e+00
@n.xbgr.xm35_u24.nsg13_hv_nmos[factuo] = 1.000000000000000e+00
@n.xbgr.xm36_u2.nsg13_hv_nmos[w] = 9.999999999999999e-06
@n.xbgr.xm36_u2.nsg13_hv_nmos[l] = 1.000000000000000e-06
@n.xbgr.xm36_u2.nsg13_hv_nmos[delvto] = 0.000000000000000e+00
@n.xbgr.xm36_u2.nsg13_hv_nmos[factuo] = 1.000000000000000e+00
@n.xbgr.xm36_u3.nsg13_hv_nmos[w] = 9.999999999999999e-06
@n.xbgr.xm36_u3.nsg13_hv_nmos[l] = 1.000000000000000e-06
@n.xbgr.xm36_u3.nsg13_hv_nmos[delvto] = 0.000000000000000e+00
@n.xbgr.xm36_u3.nsg13_hv_nmos[factuo] = 1.000000000000000e+00
@n.xbgr.xm36_u4.nsg13_hv_nmos[w] = 9.999999999999999e-06
@n.xbgr.xm36_u4.nsg13_hv_nmos[l] = 1.000000000000000e-06
@n.xbgr.xm36_u4.nsg13_hv_nmos[delvto] = 0.000000000000000e+00
@n.xbgr.xm36_u4.nsg13_hv_nmos[factuo] = 1.000000000000000e+00
@n.xbgr.xm36_u5.nsg13_hv_nmos[w] = 9.999999999999999e-06
@n.xbgr.xm36_u5.nsg13_hv_nmos[l] = 1.000000000000000e-06
@n.xbgr.xm36_u5.nsg13_hv_nmos[delvto] = 0.000000000000000e+00
@n.xbgr.xm36_u5.nsg13_hv_nmos[factuo] = 1.000000000000000e+00
@n.xbgr.xm36_u6.nsg13_hv_nmos[w] = 9.999999999999999e-06
@n.xbgr.xm36_u6.nsg13_hv_nmos[l] = 1.000000000000000e-06
@n.xbgr.xm36_u6.nsg13_hv_nmos[delvto] = 0.000000000000000e+00
@n.xbgr.xm36_u6.nsg13_hv_nmos[factuo] = 1.000000000000000e+00
@n.xbgr.xm36_u7.nsg13_hv_nmos[w] = 9.999999999999999e-06
@n.xbgr.xm36_u7.nsg13_hv_nmos[l] = 1.000000000000000e-06
@n.xbgr.xm36_u7.nsg13_hv_nmos[delvto] = 0.000000000000000e+00
@n.xbgr.xm36_u7.nsg13_hv_nmos[factuo] = 1.000000000000000e+00
@n.xbgr.xm36_u8.nsg13_hv_nmos[w] = 9.999999999999999e-06
@n.xbgr.xm36_u8.nsg13_hv_nmos[l] = 1.000000000000000e-06
@n.xbgr.xm36_u8.nsg13_hv_nmos[delvto] = 0.000000000000000e+00
@n.xbgr.xm36_u8.nsg13_hv_nmos[factuo] = 1.000000000000000e+00
@n.xbgr.xm36_u9.nsg13_hv_nmos[w] = 9.999999999999999e-06
@n.xbgr.xm36_u9.nsg13_hv_nmos[l] = 1.000000000000000e-06
@n.xbgr.xm36_u9.nsg13_hv_nmos[delvto] = 0.000000000000000e+00
@n.xbgr.xm36_u9.nsg13_hv_nmos[factuo] = 1.000000000000000e+00
@n.xbgr.xm36_u10.nsg13_hv_nmos[w] = 9.999999999999999e-06
@n.xbgr.xm36_u10.nsg13_hv_nmos[l] = 1.000000000000000e-06
@n.xbgr.xm36_u10.nsg13_hv_nmos[delvto] = 0.000000000000000e+00
@n.xbgr.xm36_u10.nsg13_hv_nmos[factuo] = 1.000000000000000e+00
@n.xbgr.xm36_u11.nsg13_hv_nmos[w] = 9.999999999999999e-06
@n.xbgr.xm36_u11.nsg13_hv_nmos[l] = 1.000000000000000e-06
@n.xbgr.xm36_u11.nsg13_hv_nmos[delvto] = 0.000000000000000e+00
@n.xbgr.xm36_u11.nsg13_hv_nmos[factuo] = 1.000000000000000e+00
@n.xbgr.xm36_u12.nsg13_hv_nmos[w] = 9.999999999999999e-06
@n.xbgr.xm36_u12.nsg13_hv_nmos[l] = 1.000000000000000e-06
@n.xbgr.xm36_u12.nsg13_hv_nmos[delvto] = 0.000000000000000e+00
@n.xbgr.xm36_u12.nsg13_hv_nmos[factuo] = 1.000000000000000e+00
@n.xbgr.xm36_u13.nsg13_hv_nmos[w] = 9.999999999999999e-06
@n.xbgr.xm36_u13.nsg13_hv_nmos[l] = 1.000000000000000e-06
@n.xbgr.xm36_u13.nsg13_hv_nmos[delvto] = 0.000000000000000e+00
@n.xbgr.xm36_u13.nsg13_hv_nmos[factuo] = 1.000000000000000e+00
@n.xbgr.xm36_u14.nsg13_hv_nmos[w] = 9.999999999999999e-06
@n.xbgr.xm36_u14.nsg13_hv_nmos[l] = 1.000000000000000e-06
@n.xbgr.xm36_u14.nsg13_hv_nmos[delvto] = 0.000000000000000e+00
@n.xbgr.xm36_u14.nsg13_hv_nmos[factuo] = 1.000000000000000e+00
@n.xbgr.xm36_u15.nsg13_hv_nmos[w] = 9.999999999999999e-06
@n.xbgr.xm36_u15.nsg13_hv_nmos[l] = 1.000000000000000e-06
@n.xbgr.xm36_u15.nsg13_hv_nmos[delvto] = 0.000000000000000e+00
@n.xbgr.xm36_u15.nsg13_hv_nmos[factuo] = 1.000000000000000e+00
@n.xbgr.xm36_u16.nsg13_hv_nmos[w] = 9.999999999999999e-06
@n.xbgr.xm36_u16.nsg13_hv_nmos[l] = 1.000000000000000e-06
@n.xbgr.xm36_u16.nsg13_hv_nmos[delvto] = 0.000000000000000e+00
@n.xbgr.xm36_u16.nsg13_hv_nmos[factuo] = 1.000000000000000e+00
@n.xbgr.xm36_u17.nsg13_hv_nmos[w] = 9.999999999999999e-06
@n.xbgr.xm36_u17.nsg13_hv_nmos[l] = 1.000000000000000e-06
@n.xbgr.xm36_u17.nsg13_hv_nmos[delvto] = 0.000000000000000e+00
@n.xbgr.xm36_u17.nsg13_hv_nmos[factuo] = 1.000000000000000e+00
@n.xbgr.xm36_u18.nsg13_hv_nmos[w] = 9.999999999999999e-06
@n.xbgr.xm36_u18.nsg13_hv_nmos[l] = 1.000000000000000e-06
@n.xbgr.xm36_u18.nsg13_hv_nmos[delvto] = 0.000000000000000e+00
@n.xbgr.xm36_u18.nsg13_hv_nmos[factuo] = 1.000000000000000e+00
@n.xbgr.xm36_u19.nsg13_hv_nmos[w] = 9.999999999999999e-06
@n.xbgr.xm36_u19.nsg13_hv_nmos[l] = 1.000000000000000e-06
@n.xbgr.xm36_u19.nsg13_hv_nmos[delvto] = 0.000000000000000e+00
@n.xbgr.xm36_u19.nsg13_hv_nmos[factuo] = 1.000000000000000e+00
@n.xbgr.xm36_u20.nsg13_hv_nmos[w] = 9.999999999999999e-06
@n.xbgr.xm36_u20.nsg13_hv_nmos[l] = 1.000000000000000e-06
@n.xbgr.xm36_u20.nsg13_hv_nmos[delvto] = 0.000000000000000e+00
@n.xbgr.xm36_u20.nsg13_hv_nmos[factuo] = 1.000000000000000e+00
@n.xbgr.xm36_u21.nsg13_hv_nmos[w] = 9.999999999999999e-06
@n.xbgr.xm36_u21.nsg13_hv_nmos[l] = 1.000000000000000e-06
@n.xbgr.xm36_u21.nsg13_hv_nmos[delvto] = 0.000000000000000e+00
@n.xbgr.xm36_u21.nsg13_hv_nmos[factuo] = 1.000000000000000e+00
@n.xbgr.xm36_u22.nsg13_hv_nmos[w] = 9.999999999999999e-06
@n.xbgr.xm36_u22.nsg13_hv_nmos[l] = 1.000000000000000e-06
@n.xbgr.xm36_u22.nsg13_hv_nmos[delvto] = 0.000000000000000e+00
@n.xbgr.xm36_u22.nsg13_hv_nmos[factuo] = 1.000000000000000e+00
@n.xbgr.xm36_u23.nsg13_hv_nmos[w] = 9.999999999999999e-06
@n.xbgr.xm36_u23.nsg13_hv_nmos[l] = 1.000000000000000e-06
@n.xbgr.xm36_u23.nsg13_hv_nmos[delvto] = 0.000000000000000e+00
@n.xbgr.xm36_u23.nsg13_hv_nmos[factuo] = 1.000000000000000e+00
@n.xbgr.xm36_u24.nsg13_hv_nmos[w] = 9.999999999999999e-06
@n.xbgr.xm36_u24.nsg13_hv_nmos[l] = 1.000000000000000e-06
@n.xbgr.xm36_u24.nsg13_hv_nmos[delvto] = 0.000000000000000e+00
@n.xbgr.xm36_u24.nsg13_hv_nmos[factuo] = 1.000000000000000e+00
@n.xbgr.xm37_u2.nsg13_hv_nmos[w] = 9.999999999999999e-06
@n.xbgr.xm37_u2.nsg13_hv_nmos[l] = 1.000000000000000e-06
@n.xbgr.xm37_u2.nsg13_hv_nmos[delvto] = 0.000000000000000e+00
@n.xbgr.xm37_u2.nsg13_hv_nmos[factuo] = 1.000000000000000e+00
@n.xbgr.xm37_u3.nsg13_hv_nmos[w] = 9.999999999999999e-06
@n.xbgr.xm37_u3.nsg13_hv_nmos[l] = 1.000000000000000e-06
@n.xbgr.xm37_u3.nsg13_hv_nmos[delvto] = 0.000000000000000e+00
@n.xbgr.xm37_u3.nsg13_hv_nmos[factuo] = 1.000000000000000e+00
@n.xbgr.xm37_u4.nsg13_hv_nmos[w] = 9.999999999999999e-06
@n.xbgr.xm37_u4.nsg13_hv_nmos[l] = 1.000000000000000e-06
@n.xbgr.xm37_u4.nsg13_hv_nmos[delvto] = 0.000000000000000e+00
@n.xbgr.xm37_u4.nsg13_hv_nmos[factuo] = 1.000000000000000e+00
@n.xbgr.xm37_u5.nsg13_hv_nmos[w] = 9.999999999999999e-06
@n.xbgr.xm37_u5.nsg13_hv_nmos[l] = 1.000000000000000e-06
@n.xbgr.xm37_u5.nsg13_hv_nmos[delvto] = 0.000000000000000e+00
@n.xbgr.xm37_u5.nsg13_hv_nmos[factuo] = 1.000000000000000e+00
@n.xbgr.xm37_u6.nsg13_hv_nmos[w] = 9.999999999999999e-06
@n.xbgr.xm37_u6.nsg13_hv_nmos[l] = 1.000000000000000e-06
@n.xbgr.xm37_u6.nsg13_hv_nmos[delvto] = 0.000000000000000e+00
@n.xbgr.xm37_u6.nsg13_hv_nmos[factuo] = 1.000000000000000e+00
@n.xbgr.xm37_u7.nsg13_hv_nmos[w] = 9.999999999999999e-06
@n.xbgr.xm37_u7.nsg13_hv_nmos[l] = 1.000000000000000e-06
@n.xbgr.xm37_u7.nsg13_hv_nmos[delvto] = 0.000000000000000e+00
@n.xbgr.xm37_u7.nsg13_hv_nmos[factuo] = 1.000000000000000e+00
@n.xbgr.xm37_u8.nsg13_hv_nmos[w] = 9.999999999999999e-06
@n.xbgr.xm37_u8.nsg13_hv_nmos[l] = 1.000000000000000e-06
@n.xbgr.xm37_u8.nsg13_hv_nmos[delvto] = 0.000000000000000e+00
@n.xbgr.xm37_u8.nsg13_hv_nmos[factuo] = 1.000000000000000e+00
@n.xbgr.xm37_u9.nsg13_hv_nmos[w] = 9.999999999999999e-06
@n.xbgr.xm37_u9.nsg13_hv_nmos[l] = 1.000000000000000e-06
@n.xbgr.xm37_u9.nsg13_hv_nmos[delvto] = 0.000000000000000e+00
@n.xbgr.xm37_u9.nsg13_hv_nmos[factuo] = 1.000000000000000e+00
@n.xbgr.xm37_u10.nsg13_hv_nmos[w] = 9.999999999999999e-06
@n.xbgr.xm37_u10.nsg13_hv_nmos[l] = 1.000000000000000e-06
@n.xbgr.xm37_u10.nsg13_hv_nmos[delvto] = 0.000000000000000e+00
@n.xbgr.xm37_u10.nsg13_hv_nmos[factuo] = 1.000000000000000e+00
@n.xbgr.xm37_u11.nsg13_hv_nmos[w] = 9.999999999999999e-06
@n.xbgr.xm37_u11.nsg13_hv_nmos[l] = 1.000000000000000e-06
@n.xbgr.xm37_u11.nsg13_hv_nmos[delvto] = 0.000000000000000e+00
@n.xbgr.xm37_u11.nsg13_hv_nmos[factuo] = 1.000000000000000e+00
@n.xbgr.xm37_u12.nsg13_hv_nmos[w] = 9.999999999999999e-06
@n.xbgr.xm37_u12.nsg13_hv_nmos[l] = 1.000000000000000e-06
@n.xbgr.xm37_u12.nsg13_hv_nmos[delvto] = 0.000000000000000e+00
@n.xbgr.xm37_u12.nsg13_hv_nmos[factuo] = 1.000000000000000e+00
@n.xbgr.xm37_u13.nsg13_hv_nmos[w] = 9.999999999999999e-06
@n.xbgr.xm37_u13.nsg13_hv_nmos[l] = 1.000000000000000e-06
@n.xbgr.xm37_u13.nsg13_hv_nmos[delvto] = 0.000000000000000e+00
@n.xbgr.xm37_u13.nsg13_hv_nmos[factuo] = 1.000000000000000e+00
@n.xbgr.xm37_u14.nsg13_hv_nmos[w] = 9.999999999999999e-06
@n.xbgr.xm37_u14.nsg13_hv_nmos[l] = 1.000000000000000e-06
@n.xbgr.xm37_u14.nsg13_hv_nmos[delvto] = 0.000000000000000e+00
@n.xbgr.xm37_u14.nsg13_hv_nmos[factuo] = 1.000000000000000e+00
@n.xbgr.xm37_u15.nsg13_hv_nmos[w] = 9.999999999999999e-06
@n.xbgr.xm37_u15.nsg13_hv_nmos[l] = 1.000000000000000e-06
@n.xbgr.xm37_u15.nsg13_hv_nmos[delvto] = 0.000000000000000e+00
@n.xbgr.xm37_u15.nsg13_hv_nmos[factuo] = 1.000000000000000e+00
@n.xbgr.xm37_u16.nsg13_hv_nmos[w] = 9.999999999999999e-06
@n.xbgr.xm37_u16.nsg13_hv_nmos[l] = 1.000000000000000e-06
@n.xbgr.xm37_u16.nsg13_hv_nmos[delvto] = 0.000000000000000e+00
@n.xbgr.xm37_u16.nsg13_hv_nmos[factuo] = 1.000000000000000e+00
@n.xbgr.xm37_u17.nsg13_hv_nmos[w] = 9.999999999999999e-06
@n.xbgr.xm37_u17.nsg13_hv_nmos[l] = 1.000000000000000e-06
@n.xbgr.xm37_u17.nsg13_hv_nmos[delvto] = 0.000000000000000e+00
@n.xbgr.xm37_u17.nsg13_hv_nmos[factuo] = 1.000000000000000e+00
@n.xbgr.xm37_u18.nsg13_hv_nmos[w] = 9.999999999999999e-06
@n.xbgr.xm37_u18.nsg13_hv_nmos[l] = 1.000000000000000e-06
@n.xbgr.xm37_u18.nsg13_hv_nmos[delvto] = 0.000000000000000e+00
@n.xbgr.xm37_u18.nsg13_hv_nmos[factuo] = 1.000000000000000e+00
@n.xbgr.xm37_u19.nsg13_hv_nmos[w] = 9.999999999999999e-06
@n.xbgr.xm37_u19.nsg13_hv_nmos[l] = 1.000000000000000e-06
@n.xbgr.xm37_u19.nsg13_hv_nmos[delvto] = 0.000000000000000e+00
@n.xbgr.xm37_u19.nsg13_hv_nmos[factuo] = 1.000000000000000e+00
@n.xbgr.xm37_u20.nsg13_hv_nmos[w] = 9.999999999999999e-06
@n.xbgr.xm37_u20.nsg13_hv_nmos[l] = 1.000000000000000e-06
@n.xbgr.xm37_u20.nsg13_hv_nmos[delvto] = 0.000000000000000e+00
@n.xbgr.xm37_u20.nsg13_hv_nmos[factuo] = 1.000000000000000e+00
@n.xbgr.xm37_u21.nsg13_hv_nmos[w] = 9.999999999999999e-06
@n.xbgr.xm37_u21.nsg13_hv_nmos[l] = 1.000000000000000e-06
@n.xbgr.xm37_u21.nsg13_hv_nmos[delvto] = 0.000000000000000e+00
@n.xbgr.xm37_u21.nsg13_hv_nmos[factuo] = 1.000000000000000e+00
@n.xbgr.xm37_u22.nsg13_hv_nmos[w] = 9.999999999999999e-06
@n.xbgr.xm37_u22.nsg13_hv_nmos[l] = 1.000000000000000e-06
@n.xbgr.xm37_u22.nsg13_hv_nmos[delvto] = 0.000000000000000e+00
@n.xbgr.xm37_u22.nsg13_hv_nmos[factuo] = 1.000000000000000e+00
@n.xbgr.xm37_u23.nsg13_hv_nmos[w] = 9.999999999999999e-06
@n.xbgr.xm37_u23.nsg13_hv_nmos[l] = 1.000000000000000e-06
@n.xbgr.xm37_u23.nsg13_hv_nmos[delvto] = 0.000000000000000e+00
@n.xbgr.xm37_u23.nsg13_hv_nmos[factuo] = 1.000000000000000e+00
@n.xbgr.xm37_u24.nsg13_hv_nmos[w] = 9.999999999999999e-06
@n.xbgr.xm37_u24.nsg13_hv_nmos[l] = 1.000000000000000e-06
@n.xbgr.xm37_u24.nsg13_hv_nmos[delvto] = 0.000000000000000e+00
@n.xbgr.xm37_u24.nsg13_hv_nmos[factuo] = 1.000000000000000e+00
@n.xbgr.xm38_u2.nsg13_hv_pmos[w] = 5.000000000000000e-06
@n.xbgr.xm38_u2.nsg13_hv_pmos[l] = 4.000000000000000e-06
@n.xbgr.xm38_u2.nsg13_hv_pmos[delvto] = 0.000000000000000e+00
@n.xbgr.xm38_u2.nsg13_hv_pmos[factuo] = 1.000000000000000e+00
@n.xbgr.xm38_u3.nsg13_hv_pmos[w] = 5.000000000000000e-06
@n.xbgr.xm38_u3.nsg13_hv_pmos[l] = 4.000000000000000e-06
@n.xbgr.xm38_u3.nsg13_hv_pmos[delvto] = 0.000000000000000e+00
@n.xbgr.xm38_u3.nsg13_hv_pmos[factuo] = 1.000000000000000e+00
@n.xbgr.xm38_u4.nsg13_hv_pmos[w] = 5.000000000000000e-06
@n.xbgr.xm38_u4.nsg13_hv_pmos[l] = 4.000000000000000e-06
@n.xbgr.xm38_u4.nsg13_hv_pmos[delvto] = 0.000000000000000e+00
@n.xbgr.xm38_u4.nsg13_hv_pmos[factuo] = 1.000000000000000e+00
@n.xbgr.xm38_u5.nsg13_hv_pmos[w] = 5.000000000000000e-06
@n.xbgr.xm38_u5.nsg13_hv_pmos[l] = 4.000000000000000e-06
@n.xbgr.xm38_u5.nsg13_hv_pmos[delvto] = 0.000000000000000e+00
@n.xbgr.xm38_u5.nsg13_hv_pmos[factuo] = 1.000000000000000e+00
@n.xbgr.xm38_u6.nsg13_hv_pmos[w] = 5.000000000000000e-06
@n.xbgr.xm38_u6.nsg13_hv_pmos[l] = 4.000000000000000e-06
@n.xbgr.xm38_u6.nsg13_hv_pmos[delvto] = 0.000000000000000e+00
@n.xbgr.xm38_u6.nsg13_hv_pmos[factuo] = 1.000000000000000e+00
@n.xbgr.xm38_u7.nsg13_hv_pmos[w] = 5.000000000000000e-06
@n.xbgr.xm38_u7.nsg13_hv_pmos[l] = 4.000000000000000e-06
@n.xbgr.xm38_u7.nsg13_hv_pmos[delvto] = 0.000000000000000e+00
@n.xbgr.xm38_u7.nsg13_hv_pmos[factuo] = 1.000000000000000e+00
@n.xbgr.xm38_u8.nsg13_hv_pmos[w] = 5.000000000000000e-06
@n.xbgr.xm38_u8.nsg13_hv_pmos[l] = 4.000000000000000e-06
@n.xbgr.xm38_u8.nsg13_hv_pmos[delvto] = 0.000000000000000e+00
@n.xbgr.xm38_u8.nsg13_hv_pmos[factuo] = 1.000000000000000e+00
@n.xbgr.xm38_u9.nsg13_hv_pmos[w] = 5.000000000000000e-06
@n.xbgr.xm38_u9.nsg13_hv_pmos[l] = 4.000000000000000e-06
@n.xbgr.xm38_u9.nsg13_hv_pmos[delvto] = 0.000000000000000e+00
@n.xbgr.xm38_u9.nsg13_hv_pmos[factuo] = 1.000000000000000e+00
@n.xbgr.xm38_u10.nsg13_hv_pmos[w] = 5.000000000000000e-06
@n.xbgr.xm38_u10.nsg13_hv_pmos[l] = 4.000000000000000e-06
@n.xbgr.xm38_u10.nsg13_hv_pmos[delvto] = 0.000000000000000e+00
@n.xbgr.xm38_u10.nsg13_hv_pmos[factuo] = 1.000000000000000e+00
@n.xbgr.xm38_u11.nsg13_hv_pmos[w] = 5.000000000000000e-06
@n.xbgr.xm38_u11.nsg13_hv_pmos[l] = 4.000000000000000e-06
@n.xbgr.xm38_u11.nsg13_hv_pmos[delvto] = 0.000000000000000e+00
@n.xbgr.xm38_u11.nsg13_hv_pmos[factuo] = 1.000000000000000e+00
@n.xbgr.xm38_u12.nsg13_hv_pmos[w] = 5.000000000000000e-06
@n.xbgr.xm38_u12.nsg13_hv_pmos[l] = 4.000000000000000e-06
@n.xbgr.xm38_u12.nsg13_hv_pmos[delvto] = 0.000000000000000e+00
@n.xbgr.xm38_u12.nsg13_hv_pmos[factuo] = 1.000000000000000e+00
@n.xbgr.xm38_u13.nsg13_hv_pmos[w] = 5.000000000000000e-06
@n.xbgr.xm38_u13.nsg13_hv_pmos[l] = 4.000000000000000e-06
@n.xbgr.xm38_u13.nsg13_hv_pmos[delvto] = 0.000000000000000e+00
@n.xbgr.xm38_u13.nsg13_hv_pmos[factuo] = 1.000000000000000e+00
@n.xbgr.xm38_u14.nsg13_hv_pmos[w] = 5.000000000000000e-06
@n.xbgr.xm38_u14.nsg13_hv_pmos[l] = 4.000000000000000e-06
@n.xbgr.xm38_u14.nsg13_hv_pmos[delvto] = 0.000000000000000e+00
@n.xbgr.xm38_u14.nsg13_hv_pmos[factuo] = 1.000000000000000e+00
@n.xbgr.xm38_u15.nsg13_hv_pmos[w] = 5.000000000000000e-06
@n.xbgr.xm38_u15.nsg13_hv_pmos[l] = 4.000000000000000e-06
@n.xbgr.xm38_u15.nsg13_hv_pmos[delvto] = 0.000000000000000e+00
@n.xbgr.xm38_u15.nsg13_hv_pmos[factuo] = 1.000000000000000e+00
@n.xbgr.xm38_u16.nsg13_hv_pmos[w] = 5.000000000000000e-06
@n.xbgr.xm38_u16.nsg13_hv_pmos[l] = 4.000000000000000e-06
@n.xbgr.xm38_u16.nsg13_hv_pmos[delvto] = 0.000000000000000e+00
@n.xbgr.xm38_u16.nsg13_hv_pmos[factuo] = 1.000000000000000e+00
@n.xbgr.xm38_u17.nsg13_hv_pmos[w] = 5.000000000000000e-06
@n.xbgr.xm38_u17.nsg13_hv_pmos[l] = 4.000000000000000e-06
@n.xbgr.xm38_u17.nsg13_hv_pmos[delvto] = 0.000000000000000e+00
@n.xbgr.xm38_u17.nsg13_hv_pmos[factuo] = 1.000000000000000e+00
@n.xbgr.xm38_u18.nsg13_hv_pmos[w] = 5.000000000000000e-06
@n.xbgr.xm38_u18.nsg13_hv_pmos[l] = 4.000000000000000e-06
@n.xbgr.xm38_u18.nsg13_hv_pmos[delvto] = 0.000000000000000e+00
@n.xbgr.xm38_u18.nsg13_hv_pmos[factuo] = 1.000000000000000e+00
@n.xbgr.xm38_u19.nsg13_hv_pmos[w] = 5.000000000000000e-06
@n.xbgr.xm38_u19.nsg13_hv_pmos[l] = 4.000000000000000e-06
@n.xbgr.xm38_u19.nsg13_hv_pmos[delvto] = 0.000000000000000e+00
@n.xbgr.xm38_u19.nsg13_hv_pmos[factuo] = 1.000000000000000e+00
@n.xbgr.xm38_u20.nsg13_hv_pmos[w] = 5.000000000000000e-06
@n.xbgr.xm38_u20.nsg13_hv_pmos[l] = 4.000000000000000e-06
@n.xbgr.xm38_u20.nsg13_hv_pmos[delvto] = 0.000000000000000e+00
@n.xbgr.xm38_u20.nsg13_hv_pmos[factuo] = 1.000000000000000e+00
@n.xbgr.xm38_u21.nsg13_hv_pmos[w] = 5.000000000000000e-06
@n.xbgr.xm38_u21.nsg13_hv_pmos[l] = 4.000000000000000e-06
@n.xbgr.xm38_u21.nsg13_hv_pmos[delvto] = 0.000000000000000e+00
@n.xbgr.xm38_u21.nsg13_hv_pmos[factuo] = 1.000000000000000e+00
@n.xbgr.xm38_u22.nsg13_hv_pmos[w] = 5.000000000000000e-06
@n.xbgr.xm38_u22.nsg13_hv_pmos[l] = 4.000000000000000e-06
@n.xbgr.xm38_u22.nsg13_hv_pmos[delvto] = 0.000000000000000e+00
@n.xbgr.xm38_u22.nsg13_hv_pmos[factuo] = 1.000000000000000e+00
@n.xbgr.xm38_u23.nsg13_hv_pmos[w] = 5.000000000000000e-06
@n.xbgr.xm38_u23.nsg13_hv_pmos[l] = 4.000000000000000e-06
@n.xbgr.xm38_u23.nsg13_hv_pmos[delvto] = 0.000000000000000e+00
@n.xbgr.xm38_u23.nsg13_hv_pmos[factuo] = 1.000000000000000e+00
@n.xbgr.xm38_u24.nsg13_hv_pmos[w] = 5.000000000000000e-06
@n.xbgr.xm38_u24.nsg13_hv_pmos[l] = 4.000000000000000e-06
@n.xbgr.xm38_u24.nsg13_hv_pmos[delvto] = 0.000000000000000e+00
@n.xbgr.xm38_u24.nsg13_hv_pmos[factuo] = 1.000000000000000e+00
@n.xbgr.xm39_u2.nsg13_hv_pmos[w] = 5.000000000000000e-06
@n.xbgr.xm39_u2.nsg13_hv_pmos[l] = 4.000000000000000e-06
@n.xbgr.xm39_u2.nsg13_hv_pmos[delvto] = 0.000000000000000e+00
@n.xbgr.xm39_u2.nsg13_hv_pmos[factuo] = 1.000000000000000e+00
@n.xbgr.xm39_u3.nsg13_hv_pmos[w] = 5.000000000000000e-06
@n.xbgr.xm39_u3.nsg13_hv_pmos[l] = 4.000000000000000e-06
@n.xbgr.xm39_u3.nsg13_hv_pmos[delvto] = 0.000000000000000e+00
@n.xbgr.xm39_u3.nsg13_hv_pmos[factuo] = 1.000000000000000e+00
@n.xbgr.xm39_u4.nsg13_hv_pmos[w] = 5.000000000000000e-06
@n.xbgr.xm39_u4.nsg13_hv_pmos[l] = 4.000000000000000e-06
@n.xbgr.xm39_u4.nsg13_hv_pmos[delvto] = 0.000000000000000e+00
@n.xbgr.xm39_u4.nsg13_hv_pmos[factuo] = 1.000000000000000e+00
@n.xbgr.xm39_u5.nsg13_hv_pmos[w] = 5.000000000000000e-06
@n.xbgr.xm39_u5.nsg13_hv_pmos[l] = 4.000000000000000e-06
@n.xbgr.xm39_u5.nsg13_hv_pmos[delvto] = 0.000000000000000e+00
@n.xbgr.xm39_u5.nsg13_hv_pmos[factuo] = 1.000000000000000e+00
@n.xbgr.xm39_u6.nsg13_hv_pmos[w] = 5.000000000000000e-06
@n.xbgr.xm39_u6.nsg13_hv_pmos[l] = 4.000000000000000e-06
@n.xbgr.xm39_u6.nsg13_hv_pmos[delvto] = 0.000000000000000e+00
@n.xbgr.xm39_u6.nsg13_hv_pmos[factuo] = 1.000000000000000e+00
@n.xbgr.xm39_u7.nsg13_hv_pmos[w] = 5.000000000000000e-06
@n.xbgr.xm39_u7.nsg13_hv_pmos[l] = 4.000000000000000e-06
@n.xbgr.xm39_u7.nsg13_hv_pmos[delvto] = 0.000000000000000e+00
@n.xbgr.xm39_u7.nsg13_hv_pmos[factuo] = 1.000000000000000e+00
@n.xbgr.xm39_u8.nsg13_hv_pmos[w] = 5.000000000000000e-06
@n.xbgr.xm39_u8.nsg13_hv_pmos[l] = 4.000000000000000e-06
@n.xbgr.xm39_u8.nsg13_hv_pmos[delvto] = 0.000000000000000e+00
@n.xbgr.xm39_u8.nsg13_hv_pmos[factuo] = 1.000000000000000e+00
@n.xbgr.xm39_u9.nsg13_hv_pmos[w] = 5.000000000000000e-06
@n.xbgr.xm39_u9.nsg13_hv_pmos[l] = 4.000000000000000e-06
@n.xbgr.xm39_u9.nsg13_hv_pmos[delvto] = 0.000000000000000e+00
@n.xbgr.xm39_u9.nsg13_hv_pmos[factuo] = 1.000000000000000e+00
@n.xbgr.xm39_u10.nsg13_hv_pmos[w] = 5.000000000000000e-06
@n.xbgr.xm39_u10.nsg13_hv_pmos[l] = 4.000000000000000e-06
@n.xbgr.xm39_u10.nsg13_hv_pmos[delvto] = 0.000000000000000e+00
@n.xbgr.xm39_u10.nsg13_hv_pmos[factuo] = 1.000000000000000e+00
@n.xbgr.xm39_u11.nsg13_hv_pmos[w] = 5.000000000000000e-06
@n.xbgr.xm39_u11.nsg13_hv_pmos[l] = 4.000000000000000e-06
@n.xbgr.xm39_u11.nsg13_hv_pmos[delvto] = 0.000000000000000e+00
@n.xbgr.xm39_u11.nsg13_hv_pmos[factuo] = 1.000000000000000e+00
@n.xbgr.xm39_u12.nsg13_hv_pmos[w] = 5.000000000000000e-06
@n.xbgr.xm39_u12.nsg13_hv_pmos[l] = 4.000000000000000e-06
@n.xbgr.xm39_u12.nsg13_hv_pmos[delvto] = 0.000000000000000e+00
@n.xbgr.xm39_u12.nsg13_hv_pmos[factuo] = 1.000000000000000e+00
@n.xbgr.xm39_u13.nsg13_hv_pmos[w] = 5.000000000000000e-06
@n.xbgr.xm39_u13.nsg13_hv_pmos[l] = 4.000000000000000e-06
@n.xbgr.xm39_u13.nsg13_hv_pmos[delvto] = 0.000000000000000e+00
@n.xbgr.xm39_u13.nsg13_hv_pmos[factuo] = 1.000000000000000e+00
@n.xbgr.xm39_u14.nsg13_hv_pmos[w] = 5.000000000000000e-06
@n.xbgr.xm39_u14.nsg13_hv_pmos[l] = 4.000000000000000e-06
@n.xbgr.xm39_u14.nsg13_hv_pmos[delvto] = 0.000000000000000e+00
@n.xbgr.xm39_u14.nsg13_hv_pmos[factuo] = 1.000000000000000e+00
@n.xbgr.xm39_u15.nsg13_hv_pmos[w] = 5.000000000000000e-06
@n.xbgr.xm39_u15.nsg13_hv_pmos[l] = 4.000000000000000e-06
@n.xbgr.xm39_u15.nsg13_hv_pmos[delvto] = 0.000000000000000e+00
@n.xbgr.xm39_u15.nsg13_hv_pmos[factuo] = 1.000000000000000e+00
@n.xbgr.xm39_u16.nsg13_hv_pmos[w] = 5.000000000000000e-06
@n.xbgr.xm39_u16.nsg13_hv_pmos[l] = 4.000000000000000e-06
@n.xbgr.xm39_u16.nsg13_hv_pmos[delvto] = 0.000000000000000e+00
@n.xbgr.xm39_u16.nsg13_hv_pmos[factuo] = 1.000000000000000e+00
@n.xbgr.xm39_u17.nsg13_hv_pmos[w] = 5.000000000000000e-06
@n.xbgr.xm39_u17.nsg13_hv_pmos[l] = 4.000000000000000e-06
@n.xbgr.xm39_u17.nsg13_hv_pmos[delvto] = 0.000000000000000e+00
@n.xbgr.xm39_u17.nsg13_hv_pmos[factuo] = 1.000000000000000e+00
@n.xbgr.xm39_u18.nsg13_hv_pmos[w] = 5.000000000000000e-06
@n.xbgr.xm39_u18.nsg13_hv_pmos[l] = 4.000000000000000e-06
@n.xbgr.xm39_u18.nsg13_hv_pmos[delvto] = 0.000000000000000e+00
@n.xbgr.xm39_u18.nsg13_hv_pmos[factuo] = 1.000000000000000e+00
@n.xbgr.xm39_u19.nsg13_hv_pmos[w] = 5.000000000000000e-06
@n.xbgr.xm39_u19.nsg13_hv_pmos[l] = 4.000000000000000e-06
@n.xbgr.xm39_u19.nsg13_hv_pmos[delvto] = 0.000000000000000e+00
@n.xbgr.xm39_u19.nsg13_hv_pmos[factuo] = 1.000000000000000e+00
@n.xbgr.xm39_u20.nsg13_hv_pmos[w] = 5.000000000000000e-06
@n.xbgr.xm39_u20.nsg13_hv_pmos[l] = 4.000000000000000e-06
@n.xbgr.xm39_u20.nsg13_hv_pmos[delvto] = 0.000000000000000e+00
@n.xbgr.xm39_u20.nsg13_hv_pmos[factuo] = 1.000000000000000e+00
@n.xbgr.xm39_u21.nsg13_hv_pmos[w] = 5.000000000000000e-06
@n.xbgr.xm39_u21.nsg13_hv_pmos[l] = 4.000000000000000e-06
@n.xbgr.xm39_u21.nsg13_hv_pmos[delvto] = 0.000000000000000e+00
@n.xbgr.xm39_u21.nsg13_hv_pmos[factuo] = 1.000000000000000e+00
@n.xbgr.xm39_u22.nsg13_hv_pmos[w] = 5.000000000000000e-06
@n.xbgr.xm39_u22.nsg13_hv_pmos[l] = 4.000000000000000e-06
@n.xbgr.xm39_u22.nsg13_hv_pmos[delvto] = 0.000000000000000e+00
@n.xbgr.xm39_u22.nsg13_hv_pmos[factuo] = 1.000000000000000e+00
@n.xbgr.xm39_u23.nsg13_hv_pmos[w] = 5.000000000000000e-06
@n.xbgr.xm39_u23.nsg13_hv_pmos[l] = 4.000000000000000e-06
@n.xbgr.xm39_u23.nsg13_hv_pmos[delvto] = 0.000000000000000e+00
@n.xbgr.xm39_u23.nsg13_hv_pmos[factuo] = 1.000000000000000e+00
@n.xbgr.xm39_u24.nsg13_hv_pmos[w] = 5.000000000000000e-06
@n.xbgr.xm39_u24.nsg13_hv_pmos[l] = 4.000000000000000e-06
@n.xbgr.xm39_u24.nsg13_hv_pmos[delvto] = 0.000000000000000e+00
@n.xbgr.xm39_u24.nsg13_hv_pmos[factuo] = 1.000000000000000e+00
@n.xbgr.xm41_u2.nsg13_hv_pmos[w] = 5.000000000000000e-06
@n.xbgr.xm41_u2.nsg13_hv_pmos[l] = 4.000000000000000e-06
@n.xbgr.xm41_u2.nsg13_hv_pmos[delvto] = 0.000000000000000e+00
@n.xbgr.xm41_u2.nsg13_hv_pmos[factuo] = 1.000000000000000e+00
@n.xbgr.xm41_u3.nsg13_hv_pmos[w] = 5.000000000000000e-06
@n.xbgr.xm41_u3.nsg13_hv_pmos[l] = 4.000000000000000e-06
@n.xbgr.xm41_u3.nsg13_hv_pmos[delvto] = 0.000000000000000e+00
@n.xbgr.xm41_u3.nsg13_hv_pmos[factuo] = 1.000000000000000e+00
@n.xbgr.xm41_u4.nsg13_hv_pmos[w] = 5.000000000000000e-06
@n.xbgr.xm41_u4.nsg13_hv_pmos[l] = 4.000000000000000e-06
@n.xbgr.xm41_u4.nsg13_hv_pmos[delvto] = 0.000000000000000e+00
@n.xbgr.xm41_u4.nsg13_hv_pmos[factuo] = 1.000000000000000e+00
@n.xbgr.xm41_u5.nsg13_hv_pmos[w] = 5.000000000000000e-06
@n.xbgr.xm41_u5.nsg13_hv_pmos[l] = 4.000000000000000e-06
@n.xbgr.xm41_u5.nsg13_hv_pmos[delvto] = 0.000000000000000e+00
@n.xbgr.xm41_u5.nsg13_hv_pmos[factuo] = 1.000000000000000e+00
@n.xbgr.xm41_u6.nsg13_hv_pmos[w] = 5.000000000000000e-06
@n.xbgr.xm41_u6.nsg13_hv_pmos[l] = 4.000000000000000e-06
@n.xbgr.xm41_u6.nsg13_hv_pmos[delvto] = 0.000000000000000e+00
@n.xbgr.xm41_u6.nsg13_hv_pmos[factuo] = 1.000000000000000e+00
@n.xbgr.xm41_u7.nsg13_hv_pmos[w] = 5.000000000000000e-06
@n.xbgr.xm41_u7.nsg13_hv_pmos[l] = 4.000000000000000e-06
@n.xbgr.xm41_u7.nsg13_hv_pmos[delvto] = 0.000000000000000e+00
@n.xbgr.xm41_u7.nsg13_hv_pmos[factuo] = 1.000000000000000e+00
@n.xbgr.xm41_u8.nsg13_hv_pmos[w] = 5.000000000000000e-06
@n.xbgr.xm41_u8.nsg13_hv_pmos[l] = 4.000000000000000e-06
@n.xbgr.xm41_u8.nsg13_hv_pmos[delvto] = 0.000000000000000e+00
@n.xbgr.xm41_u8.nsg13_hv_pmos[factuo] = 1.000000000000000e+00
@n.xbgr.xm41_u9.nsg13_hv_pmos[w] = 5.000000000000000e-06
@n.xbgr.xm41_u9.nsg13_hv_pmos[l] = 4.000000000000000e-06
@n.xbgr.xm41_u9.nsg13_hv_pmos[delvto] = 0.000000000000000e+00
@n.xbgr.xm41_u9.nsg13_hv_pmos[factuo] = 1.000000000000000e+00
@n.xbgr.xm41_u10.nsg13_hv_pmos[w] = 5.000000000000000e-06
@n.xbgr.xm41_u10.nsg13_hv_pmos[l] = 4.000000000000000e-06
@n.xbgr.xm41_u10.nsg13_hv_pmos[delvto] = 0.000000000000000e+00
@n.xbgr.xm41_u10.nsg13_hv_pmos[factuo] = 1.000000000000000e+00
@n.xbgr.xm41_u11.nsg13_hv_pmos[w] = 5.000000000000000e-06
@n.xbgr.xm41_u11.nsg13_hv_pmos[l] = 4.000000000000000e-06
@n.xbgr.xm41_u11.nsg13_hv_pmos[delvto] = 0.000000000000000e+00
@n.xbgr.xm41_u11.nsg13_hv_pmos[factuo] = 1.000000000000000e+00
@n.xbgr.xm41_u12.nsg13_hv_pmos[w] = 5.000000000000000e-06
@n.xbgr.xm41_u12.nsg13_hv_pmos[l] = 4.000000000000000e-06
@n.xbgr.xm41_u12.nsg13_hv_pmos[delvto] = 0.000000000000000e+00
@n.xbgr.xm41_u12.nsg13_hv_pmos[factuo] = 1.000000000000000e+00
@n.xbgr.xm41_u13.nsg13_hv_pmos[w] = 5.000000000000000e-06
@n.xbgr.xm41_u13.nsg13_hv_pmos[l] = 4.000000000000000e-06
@n.xbgr.xm41_u13.nsg13_hv_pmos[delvto] = 0.000000000000000e+00
@n.xbgr.xm41_u13.nsg13_hv_pmos[factuo] = 1.000000000000000e+00
@n.xbgr.xm41_u14.nsg13_hv_pmos[w] = 5.000000000000000e-06
@n.xbgr.xm41_u14.nsg13_hv_pmos[l] = 4.000000000000000e-06
@n.xbgr.xm41_u14.nsg13_hv_pmos[delvto] = 0.000000000000000e+00
@n.xbgr.xm41_u14.nsg13_hv_pmos[factuo] = 1.000000000000000e+00
@n.xbgr.xm41_u15.nsg13_hv_pmos[w] = 5.000000000000000e-06
@n.xbgr.xm41_u15.nsg13_hv_pmos[l] = 4.000000000000000e-06
@n.xbgr.xm41_u15.nsg13_hv_pmos[delvto] = 0.000000000000000e+00
@n.xbgr.xm41_u15.nsg13_hv_pmos[factuo] = 1.000000000000000e+00
@n.xbgr.xm41_u16.nsg13_hv_pmos[w] = 5.000000000000000e-06
@n.xbgr.xm41_u16.nsg13_hv_pmos[l] = 4.000000000000000e-06
@n.xbgr.xm41_u16.nsg13_hv_pmos[delvto] = 0.000000000000000e+00
@n.xbgr.xm41_u16.nsg13_hv_pmos[factuo] = 1.000000000000000e+00
@n.xbgr.xm41_u17.nsg13_hv_pmos[w] = 5.000000000000000e-06
@n.xbgr.xm41_u17.nsg13_hv_pmos[l] = 4.000000000000000e-06
@n.xbgr.xm41_u17.nsg13_hv_pmos[delvto] = 0.000000000000000e+00
@n.xbgr.xm41_u17.nsg13_hv_pmos[factuo] = 1.000000000000000e+00
@n.xbgr.xm41_u18.nsg13_hv_pmos[w] = 5.000000000000000e-06
@n.xbgr.xm41_u18.nsg13_hv_pmos[l] = 4.000000000000000e-06
@n.xbgr.xm41_u18.nsg13_hv_pmos[delvto] = 0.000000000000000e+00
@n.xbgr.xm41_u18.nsg13_hv_pmos[factuo] = 1.000000000000000e+00
@n.xbgr.xm41_u19.nsg13_hv_pmos[w] = 5.000000000000000e-06
@n.xbgr.xm41_u19.nsg13_hv_pmos[l] = 4.000000000000000e-06
@n.xbgr.xm41_u19.nsg13_hv_pmos[delvto] = 0.000000000000000e+00
@n.xbgr.xm41_u19.nsg13_hv_pmos[factuo] = 1.000000000000000e+00
@n.xbgr.xm41_u20.nsg13_hv_pmos[w] = 5.000000000000000e-06
@n.xbgr.xm41_u20.nsg13_hv_pmos[l] = 4.000000000000000e-06
@n.xbgr.xm41_u20.nsg13_hv_pmos[delvto] = 0.000000000000000e+00
@n.xbgr.xm41_u20.nsg13_hv_pmos[factuo] = 1.000000000000000e+00
@n.xbgr.xm41_u21.nsg13_hv_pmos[w] = 5.000000000000000e-06
@n.xbgr.xm41_u21.nsg13_hv_pmos[l] = 4.000000000000000e-06
@n.xbgr.xm41_u21.nsg13_hv_pmos[delvto] = 0.000000000000000e+00
@n.xbgr.xm41_u21.nsg13_hv_pmos[factuo] = 1.000000000000000e+00
@n.xbgr.xm41_u22.nsg13_hv_pmos[w] = 5.000000000000000e-06
@n.xbgr.xm41_u22.nsg13_hv_pmos[l] = 4.000000000000000e-06
@n.xbgr.xm41_u22.nsg13_hv_pmos[delvto] = 0.000000000000000e+00
@n.xbgr.xm41_u22.nsg13_hv_pmos[factuo] = 1.000000000000000e+00
@n.xbgr.xm41_u23.nsg13_hv_pmos[w] = 5.000000000000000e-06
@n.xbgr.xm41_u23.nsg13_hv_pmos[l] = 4.000000000000000e-06
@n.xbgr.xm41_u23.nsg13_hv_pmos[delvto] = 0.000000000000000e+00
@n.xbgr.xm41_u23.nsg13_hv_pmos[factuo] = 1.000000000000000e+00
@n.xbgr.xm41_u24.nsg13_hv_pmos[w] = 5.000000000000000e-06
@n.xbgr.xm41_u24.nsg13_hv_pmos[l] = 4.000000000000000e-06
@n.xbgr.xm41_u24.nsg13_hv_pmos[delvto] = 0.000000000000000e+00
@n.xbgr.xm41_u24.nsg13_hv_pmos[factuo] = 1.000000000000000e+00
@n.xbgr.xm43_u2.nsg13_hv_pmos[w] = 5.000000000000000e-06
@n.xbgr.xm43_u2.nsg13_hv_pmos[l] = 4.000000000000000e-06
@n.xbgr.xm43_u2.nsg13_hv_pmos[delvto] = 0.000000000000000e+00
@n.xbgr.xm43_u2.nsg13_hv_pmos[factuo] = 1.000000000000000e+00
@n.xbgr.xm43_u3.nsg13_hv_pmos[w] = 5.000000000000000e-06
@n.xbgr.xm43_u3.nsg13_hv_pmos[l] = 4.000000000000000e-06
@n.xbgr.xm43_u3.nsg13_hv_pmos[delvto] = 0.000000000000000e+00
@n.xbgr.xm43_u3.nsg13_hv_pmos[factuo] = 1.000000000000000e+00
@n.xbgr.xm43_u4.nsg13_hv_pmos[w] = 5.000000000000000e-06
@n.xbgr.xm43_u4.nsg13_hv_pmos[l] = 4.000000000000000e-06
@n.xbgr.xm43_u4.nsg13_hv_pmos[delvto] = 0.000000000000000e+00
@n.xbgr.xm43_u4.nsg13_hv_pmos[factuo] = 1.000000000000000e+00
@n.xbgr.xm44_u2.nsg13_hv_pmos[w] = 5.000000000000000e-06
@n.xbgr.xm44_u2.nsg13_hv_pmos[l] = 4.000000000000000e-06
@n.xbgr.xm44_u2.nsg13_hv_pmos[delvto] = 0.000000000000000e+00
@n.xbgr.xm44_u2.nsg13_hv_pmos[factuo] = 1.000000000000000e+00
@n.xbgr.xm44_u3.nsg13_hv_pmos[w] = 5.000000000000000e-06
@n.xbgr.xm44_u3.nsg13_hv_pmos[l] = 4.000000000000000e-06
@n.xbgr.xm44_u3.nsg13_hv_pmos[delvto] = 0.000000000000000e+00
@n.xbgr.xm44_u3.nsg13_hv_pmos[factuo] = 1.000000000000000e+00
@n.xbgr.xm44_u4.nsg13_hv_pmos[w] = 5.000000000000000e-06
@n.xbgr.xm44_u4.nsg13_hv_pmos[l] = 4.000000000000000e-06
@n.xbgr.xm44_u4.nsg13_hv_pmos[delvto] = 0.000000000000000e+00
@n.xbgr.xm44_u4.nsg13_hv_pmos[factuo] = 1.000000000000000e+00
@n.xbgr.xm45_u2.nsg13_hv_pmos[w] = 5.000000000000000e-06
@n.xbgr.xm45_u2.nsg13_hv_pmos[l] = 4.000000000000000e-06
@n.xbgr.xm45_u2.nsg13_hv_pmos[delvto] = 0.000000000000000e+00
@n.xbgr.xm45_u2.nsg13_hv_pmos[factuo] = 1.000000000000000e+00
@n.xbgr.xm45_u3.nsg13_hv_pmos[w] = 5.000000000000000e-06
@n.xbgr.xm45_u3.nsg13_hv_pmos[l] = 4.000000000000000e-06
@n.xbgr.xm45_u3.nsg13_hv_pmos[delvto] = 0.000000000000000e+00
@n.xbgr.xm45_u3.nsg13_hv_pmos[factuo] = 1.000000000000000e+00
@n.xbgr.xm45_u4.nsg13_hv_pmos[w] = 5.000000000000000e-06
@n.xbgr.xm45_u4.nsg13_hv_pmos[l] = 4.000000000000000e-06
@n.xbgr.xm45_u4.nsg13_hv_pmos[delvto] = 0.000000000000000e+00
@n.xbgr.xm45_u4.nsg13_hv_pmos[factuo] = 1.000000000000000e+00
@n.xbgr.xm45_u5.nsg13_hv_pmos[w] = 5.000000000000000e-06
@n.xbgr.xm45_u5.nsg13_hv_pmos[l] = 4.000000000000000e-06
@n.xbgr.xm45_u5.nsg13_hv_pmos[delvto] = 0.000000000000000e+00
@n.xbgr.xm45_u5.nsg13_hv_pmos[factuo] = 1.000000000000000e+00
@n.xbgr.xm45_u6.nsg13_hv_pmos[w] = 5.000000000000000e-06
@n.xbgr.xm45_u6.nsg13_hv_pmos[l] = 4.000000000000000e-06
@n.xbgr.xm45_u6.nsg13_hv_pmos[delvto] = 0.000000000000000e+00
@n.xbgr.xm45_u6.nsg13_hv_pmos[factuo] = 1.000000000000000e+00
@n.xbgr.xm45_u7.nsg13_hv_pmos[w] = 5.000000000000000e-06
@n.xbgr.xm45_u7.nsg13_hv_pmos[l] = 4.000000000000000e-06
@n.xbgr.xm45_u7.nsg13_hv_pmos[delvto] = 0.000000000000000e+00
@n.xbgr.xm45_u7.nsg13_hv_pmos[factuo] = 1.000000000000000e+00
@n.xbgr.xm45_u8.nsg13_hv_pmos[w] = 5.000000000000000e-06
@n.xbgr.xm45_u8.nsg13_hv_pmos[l] = 4.000000000000000e-06
@n.xbgr.xm45_u8.nsg13_hv_pmos[delvto] = 0.000000000000000e+00
@n.xbgr.xm45_u8.nsg13_hv_pmos[factuo] = 1.000000000000000e+00
@n.xbgr.xm45_u9.nsg13_hv_pmos[w] = 5.000000000000000e-06
@n.xbgr.xm45_u9.nsg13_hv_pmos[l] = 4.000000000000000e-06
@n.xbgr.xm45_u9.nsg13_hv_pmos[delvto] = 0.000000000000000e+00
@n.xbgr.xm45_u9.nsg13_hv_pmos[factuo] = 1.000000000000000e+00
@n.xbgr.xm45_u10.nsg13_hv_pmos[w] = 5.000000000000000e-06
@n.xbgr.xm45_u10.nsg13_hv_pmos[l] = 4.000000000000000e-06
@n.xbgr.xm45_u10.nsg13_hv_pmos[delvto] = 0.000000000000000e+00
@n.xbgr.xm45_u10.nsg13_hv_pmos[factuo] = 1.000000000000000e+00
@n.xbgr.xm45_u11.nsg13_hv_pmos[w] = 5.000000000000000e-06
@n.xbgr.xm45_u11.nsg13_hv_pmos[l] = 4.000000000000000e-06
@n.xbgr.xm45_u11.nsg13_hv_pmos[delvto] = 0.000000000000000e+00
@n.xbgr.xm45_u11.nsg13_hv_pmos[factuo] = 1.000000000000000e+00
@n.xbgr.xm45_u12.nsg13_hv_pmos[w] = 5.000000000000000e-06
@n.xbgr.xm45_u12.nsg13_hv_pmos[l] = 4.000000000000000e-06
@n.xbgr.xm45_u12.nsg13_hv_pmos[delvto] = 0.000000000000000e+00
@n.xbgr.xm45_u12.nsg13_hv_pmos[factuo] = 1.000000000000000e+00
@n.xbgr.xm45_u13.nsg13_hv_pmos[w] = 5.000000000000000e-06
@n.xbgr.xm45_u13.nsg13_hv_pmos[l] = 4.000000000000000e-06
@n.xbgr.xm45_u13.nsg13_hv_pmos[delvto] = 0.000000000000000e+00
@n.xbgr.xm45_u13.nsg13_hv_pmos[factuo] = 1.000000000000000e+00
@n.xbgr.xm45_u14.nsg13_hv_pmos[w] = 5.000000000000000e-06
@n.xbgr.xm45_u14.nsg13_hv_pmos[l] = 4.000000000000000e-06
@n.xbgr.xm45_u14.nsg13_hv_pmos[delvto] = 0.000000000000000e+00
@n.xbgr.xm45_u14.nsg13_hv_pmos[factuo] = 1.000000000000000e+00
@n.xbgr.xm45_u15.nsg13_hv_pmos[w] = 5.000000000000000e-06
@n.xbgr.xm45_u15.nsg13_hv_pmos[l] = 4.000000000000000e-06
@n.xbgr.xm45_u15.nsg13_hv_pmos[delvto] = 0.000000000000000e+00
@n.xbgr.xm45_u15.nsg13_hv_pmos[factuo] = 1.000000000000000e+00
@n.xbgr.xm45_u16.nsg13_hv_pmos[w] = 5.000000000000000e-06
@n.xbgr.xm45_u16.nsg13_hv_pmos[l] = 4.000000000000000e-06
@n.xbgr.xm45_u16.nsg13_hv_pmos[delvto] = 0.000000000000000e+00
@n.xbgr.xm45_u16.nsg13_hv_pmos[factuo] = 1.000000000000000e+00
@n.xbgr.xm45_u17.nsg13_hv_pmos[w] = 5.000000000000000e-06
@n.xbgr.xm45_u17.nsg13_hv_pmos[l] = 4.000000000000000e-06
@n.xbgr.xm45_u17.nsg13_hv_pmos[delvto] = 0.000000000000000e+00
@n.xbgr.xm45_u17.nsg13_hv_pmos[factuo] = 1.000000000000000e+00
@n.xbgr.xm45_u18.nsg13_hv_pmos[w] = 5.000000000000000e-06
@n.xbgr.xm45_u18.nsg13_hv_pmos[l] = 4.000000000000000e-06
@n.xbgr.xm45_u18.nsg13_hv_pmos[delvto] = 0.000000000000000e+00
@n.xbgr.xm45_u18.nsg13_hv_pmos[factuo] = 1.000000000000000e+00
@n.xbgr.xm45_u19.nsg13_hv_pmos[w] = 5.000000000000000e-06
@n.xbgr.xm45_u19.nsg13_hv_pmos[l] = 4.000000000000000e-06
@n.xbgr.xm45_u19.nsg13_hv_pmos[delvto] = 0.000000000000000e+00
@n.xbgr.xm45_u19.nsg13_hv_pmos[factuo] = 1.000000000000000e+00
@n.xbgr.xm45_u20.nsg13_hv_pmos[w] = 5.000000000000000e-06
@n.xbgr.xm45_u20.nsg13_hv_pmos[l] = 4.000000000000000e-06
@n.xbgr.xm45_u20.nsg13_hv_pmos[delvto] = 0.000000000000000e+00
@n.xbgr.xm45_u20.nsg13_hv_pmos[factuo] = 1.000000000000000e+00
@n.xbgr.xm45_u21.nsg13_hv_pmos[w] = 5.000000000000000e-06
@n.xbgr.xm45_u21.nsg13_hv_pmos[l] = 4.000000000000000e-06
@n.xbgr.xm45_u21.nsg13_hv_pmos[delvto] = 0.000000000000000e+00
@n.xbgr.xm45_u21.nsg13_hv_pmos[factuo] = 1.000000000000000e+00
@n.xbgr.xm45_u22.nsg13_hv_pmos[w] = 5.000000000000000e-06
@n.xbgr.xm45_u22.nsg13_hv_pmos[l] = 4.000000000000000e-06
@n.xbgr.xm45_u22.nsg13_hv_pmos[delvto] = 0.000000000000000e+00
@n.xbgr.xm45_u22.nsg13_hv_pmos[factuo] = 1.000000000000000e+00
@n.xbgr.xm45_u23.nsg13_hv_pmos[w] = 5.000000000000000e-06
@n.xbgr.xm45_u23.nsg13_hv_pmos[l] = 4.000000000000000e-06
@n.xbgr.xm45_u23.nsg13_hv_pmos[delvto] = 0.000000000000000e+00
@n.xbgr.xm45_u23.nsg13_hv_pmos[factuo] = 1.000000000000000e+00
@n.xbgr.xm45_u24.nsg13_hv_pmos[w] = 5.000000000000000e-06
@n.xbgr.xm45_u24.nsg13_hv_pmos[l] = 4.000000000000000e-06
@n.xbgr.xm45_u24.nsg13_hv_pmos[delvto] = 0.000000000000000e+00
@n.xbgr.xm45_u24.nsg13_hv_pmos[factuo] = 1.000000000000000e+00
@n.xbgr.xm47_u2.nsg13_hv_pmos[w] = 5.000000000000000e-06
@n.xbgr.xm47_u2.nsg13_hv_pmos[l] = 4.000000000000000e-06
@n.xbgr.xm47_u2.nsg13_hv_pmos[delvto] = 0.000000000000000e+00
@n.xbgr.xm47_u2.nsg13_hv_pmos[factuo] = 1.000000000000000e+00
@n.xbgr.xm47_u3.nsg13_hv_pmos[w] = 5.000000000000000e-06
@n.xbgr.xm47_u3.nsg13_hv_pmos[l] = 4.000000000000000e-06
@n.xbgr.xm47_u3.nsg13_hv_pmos[delvto] = 0.000000000000000e+00
@n.xbgr.xm47_u3.nsg13_hv_pmos[factuo] = 1.000000000000000e+00
@n.xbgr.xm47_u4.nsg13_hv_pmos[w] = 5.000000000000000e-06
@n.xbgr.xm47_u4.nsg13_hv_pmos[l] = 4.000000000000000e-06
@n.xbgr.xm47_u4.nsg13_hv_pmos[delvto] = 0.000000000000000e+00
@n.xbgr.xm47_u4.nsg13_hv_pmos[factuo] = 1.000000000000000e+00
@n.xbgr.xm47_u5.nsg13_hv_pmos[w] = 5.000000000000000e-06
@n.xbgr.xm47_u5.nsg13_hv_pmos[l] = 4.000000000000000e-06
@n.xbgr.xm47_u5.nsg13_hv_pmos[delvto] = 0.000000000000000e+00
@n.xbgr.xm47_u5.nsg13_hv_pmos[factuo] = 1.000000000000000e+00
@n.xbgr.xm47_u6.nsg13_hv_pmos[w] = 5.000000000000000e-06
@n.xbgr.xm47_u6.nsg13_hv_pmos[l] = 4.000000000000000e-06
@n.xbgr.xm47_u6.nsg13_hv_pmos[delvto] = 0.000000000000000e+00
@n.xbgr.xm47_u6.nsg13_hv_pmos[factuo] = 1.000000000000000e+00
@n.xbgr.xm47_u7.nsg13_hv_pmos[w] = 5.000000000000000e-06
@n.xbgr.xm47_u7.nsg13_hv_pmos[l] = 4.000000000000000e-06
@n.xbgr.xm47_u7.nsg13_hv_pmos[delvto] = 0.000000000000000e+00
@n.xbgr.xm47_u7.nsg13_hv_pmos[factuo] = 1.000000000000000e+00
@n.xbgr.xm47_u8.nsg13_hv_pmos[w] = 5.000000000000000e-06
@n.xbgr.xm47_u8.nsg13_hv_pmos[l] = 4.000000000000000e-06
@n.xbgr.xm47_u8.nsg13_hv_pmos[delvto] = 0.000000000000000e+00
@n.xbgr.xm47_u8.nsg13_hv_pmos[factuo] = 1.000000000000000e+00
@n.xbgr.xm47_u9.nsg13_hv_pmos[w] = 5.000000000000000e-06
@n.xbgr.xm47_u9.nsg13_hv_pmos[l] = 4.000000000000000e-06
@n.xbgr.xm47_u9.nsg13_hv_pmos[delvto] = 0.000000000000000e+00
@n.xbgr.xm47_u9.nsg13_hv_pmos[factuo] = 1.000000000000000e+00
@n.xbgr.xm47_u10.nsg13_hv_pmos[w] = 5.000000000000000e-06
@n.xbgr.xm47_u10.nsg13_hv_pmos[l] = 4.000000000000000e-06
@n.xbgr.xm47_u10.nsg13_hv_pmos[delvto] = 0.000000000000000e+00
@n.xbgr.xm47_u10.nsg13_hv_pmos[factuo] = 1.000000000000000e+00
@n.xbgr.xm47_u11.nsg13_hv_pmos[w] = 5.000000000000000e-06
@n.xbgr.xm47_u11.nsg13_hv_pmos[l] = 4.000000000000000e-06
@n.xbgr.xm47_u11.nsg13_hv_pmos[delvto] = 0.000000000000000e+00
@n.xbgr.xm47_u11.nsg13_hv_pmos[factuo] = 1.000000000000000e+00
@n.xbgr.xm47_u12.nsg13_hv_pmos[w] = 5.000000000000000e-06
@n.xbgr.xm47_u12.nsg13_hv_pmos[l] = 4.000000000000000e-06
@n.xbgr.xm47_u12.nsg13_hv_pmos[delvto] = 0.000000000000000e+00
@n.xbgr.xm47_u12.nsg13_hv_pmos[factuo] = 1.000000000000000e+00
@n.xbgr.xm47_u13.nsg13_hv_pmos[w] = 5.000000000000000e-06
@n.xbgr.xm47_u13.nsg13_hv_pmos[l] = 4.000000000000000e-06
@n.xbgr.xm47_u13.nsg13_hv_pmos[delvto] = 0.000000000000000e+00
@n.xbgr.xm47_u13.nsg13_hv_pmos[factuo] = 1.000000000000000e+00
@n.xbgr.xm47_u14.nsg13_hv_pmos[w] = 5.000000000000000e-06
@n.xbgr.xm47_u14.nsg13_hv_pmos[l] = 4.000000000000000e-06
@n.xbgr.xm47_u14.nsg13_hv_pmos[delvto] = 0.000000000000000e+00
@n.xbgr.xm47_u14.nsg13_hv_pmos[factuo] = 1.000000000000000e+00
@n.xbgr.xm47_u15.nsg13_hv_pmos[w] = 5.000000000000000e-06
@n.xbgr.xm47_u15.nsg13_hv_pmos[l] = 4.000000000000000e-06
@n.xbgr.xm47_u15.nsg13_hv_pmos[delvto] = 0.000000000000000e+00
@n.xbgr.xm47_u15.nsg13_hv_pmos[factuo] = 1.000000000000000e+00
@n.xbgr.xm47_u16.nsg13_hv_pmos[w] = 5.000000000000000e-06
@n.xbgr.xm47_u16.nsg13_hv_pmos[l] = 4.000000000000000e-06
@n.xbgr.xm47_u16.nsg13_hv_pmos[delvto] = 0.000000000000000e+00
@n.xbgr.xm47_u16.nsg13_hv_pmos[factuo] = 1.000000000000000e+00
@n.xbgr.xm47_u17.nsg13_hv_pmos[w] = 5.000000000000000e-06
@n.xbgr.xm47_u17.nsg13_hv_pmos[l] = 4.000000000000000e-06
@n.xbgr.xm47_u17.nsg13_hv_pmos[delvto] = 0.000000000000000e+00
@n.xbgr.xm47_u17.nsg13_hv_pmos[factuo] = 1.000000000000000e+00
@n.xbgr.xm47_u18.nsg13_hv_pmos[w] = 5.000000000000000e-06
@n.xbgr.xm47_u18.nsg13_hv_pmos[l] = 4.000000000000000e-06
@n.xbgr.xm47_u18.nsg13_hv_pmos[delvto] = 0.000000000000000e+00
@n.xbgr.xm47_u18.nsg13_hv_pmos[factuo] = 1.000000000000000e+00
@n.xbgr.xm47_u19.nsg13_hv_pmos[w] = 5.000000000000000e-06
@n.xbgr.xm47_u19.nsg13_hv_pmos[l] = 4.000000000000000e-06
@n.xbgr.xm47_u19.nsg13_hv_pmos[delvto] = 0.000000000000000e+00
@n.xbgr.xm47_u19.nsg13_hv_pmos[factuo] = 1.000000000000000e+00
@n.xbgr.xm47_u20.nsg13_hv_pmos[w] = 5.000000000000000e-06
@n.xbgr.xm47_u20.nsg13_hv_pmos[l] = 4.000000000000000e-06
@n.xbgr.xm47_u20.nsg13_hv_pmos[delvto] = 0.000000000000000e+00
@n.xbgr.xm47_u20.nsg13_hv_pmos[factuo] = 1.000000000000000e+00
@n.xbgr.xm47_u21.nsg13_hv_pmos[w] = 5.000000000000000e-06
@n.xbgr.xm47_u21.nsg13_hv_pmos[l] = 4.000000000000000e-06
@n.xbgr.xm47_u21.nsg13_hv_pmos[delvto] = 0.000000000000000e+00
@n.xbgr.xm47_u21.nsg13_hv_pmos[factuo] = 1.000000000000000e+00
@n.xbgr.xm47_u22.nsg13_hv_pmos[w] = 5.000000000000000e-06
@n.xbgr.xm47_u22.nsg13_hv_pmos[l] = 4.000000000000000e-06
@n.xbgr.xm47_u22.nsg13_hv_pmos[delvto] = 0.000000000000000e+00
@n.xbgr.xm47_u22.nsg13_hv_pmos[factuo] = 1.000000000000000e+00
@n.xbgr.xm47_u23.nsg13_hv_pmos[w] = 5.000000000000000e-06
@n.xbgr.xm47_u23.nsg13_hv_pmos[l] = 4.000000000000000e-06
@n.xbgr.xm47_u23.nsg13_hv_pmos[delvto] = 0.000000000000000e+00
@n.xbgr.xm47_u23.nsg13_hv_pmos[factuo] = 1.000000000000000e+00
@n.xbgr.xm47_u24.nsg13_hv_pmos[w] = 5.000000000000000e-06
@n.xbgr.xm47_u24.nsg13_hv_pmos[l] = 4.000000000000000e-06
@n.xbgr.xm47_u24.nsg13_hv_pmos[delvto] = 0.000000000000000e+00
@n.xbgr.xm47_u24.nsg13_hv_pmos[factuo] = 1.000000000000000e+00
@n.xbgr.xm48_u2.nsg13_hv_pmos[w] = 5.000000000000000e-06
@n.xbgr.xm48_u2.nsg13_hv_pmos[l] = 4.000000000000000e-06
@n.xbgr.xm48_u2.nsg13_hv_pmos[delvto] = 0.000000000000000e+00
@n.xbgr.xm48_u2.nsg13_hv_pmos[factuo] = 1.000000000000000e+00
@n.xbgr.xm48_u3.nsg13_hv_pmos[w] = 5.000000000000000e-06
@n.xbgr.xm48_u3.nsg13_hv_pmos[l] = 4.000000000000000e-06
@n.xbgr.xm48_u3.nsg13_hv_pmos[delvto] = 0.000000000000000e+00
@n.xbgr.xm48_u3.nsg13_hv_pmos[factuo] = 1.000000000000000e+00
@n.xbgr.xm48_u4.nsg13_hv_pmos[w] = 5.000000000000000e-06
@n.xbgr.xm48_u4.nsg13_hv_pmos[l] = 4.000000000000000e-06
@n.xbgr.xm48_u4.nsg13_hv_pmos[delvto] = 0.000000000000000e+00
@n.xbgr.xm48_u4.nsg13_hv_pmos[factuo] = 1.000000000000000e+00
@n.xbgr.xm48_u5.nsg13_hv_pmos[w] = 5.000000000000000e-06
@n.xbgr.xm48_u5.nsg13_hv_pmos[l] = 4.000000000000000e-06
@n.xbgr.xm48_u5.nsg13_hv_pmos[delvto] = 0.000000000000000e+00
@n.xbgr.xm48_u5.nsg13_hv_pmos[factuo] = 1.000000000000000e+00
@n.xbgr.xm48_u6.nsg13_hv_pmos[w] = 5.000000000000000e-06
@n.xbgr.xm48_u6.nsg13_hv_pmos[l] = 4.000000000000000e-06
@n.xbgr.xm48_u6.nsg13_hv_pmos[delvto] = 0.000000000000000e+00
@n.xbgr.xm48_u6.nsg13_hv_pmos[factuo] = 1.000000000000000e+00
@n.xbgr.xm48_u7.nsg13_hv_pmos[w] = 5.000000000000000e-06
@n.xbgr.xm48_u7.nsg13_hv_pmos[l] = 4.000000000000000e-06
@n.xbgr.xm48_u7.nsg13_hv_pmos[delvto] = 0.000000000000000e+00
@n.xbgr.xm48_u7.nsg13_hv_pmos[factuo] = 1.000000000000000e+00
@n.xbgr.xm48_u8.nsg13_hv_pmos[w] = 5.000000000000000e-06
@n.xbgr.xm48_u8.nsg13_hv_pmos[l] = 4.000000000000000e-06
@n.xbgr.xm48_u8.nsg13_hv_pmos[delvto] = 0.000000000000000e+00
@n.xbgr.xm48_u8.nsg13_hv_pmos[factuo] = 1.000000000000000e+00
@n.xbgr.xm48_u9.nsg13_hv_pmos[w] = 5.000000000000000e-06
@n.xbgr.xm48_u9.nsg13_hv_pmos[l] = 4.000000000000000e-06
@n.xbgr.xm48_u9.nsg13_hv_pmos[delvto] = 0.000000000000000e+00
@n.xbgr.xm48_u9.nsg13_hv_pmos[factuo] = 1.000000000000000e+00
@n.xbgr.xm48_u10.nsg13_hv_pmos[w] = 5.000000000000000e-06
@n.xbgr.xm48_u10.nsg13_hv_pmos[l] = 4.000000000000000e-06
@n.xbgr.xm48_u10.nsg13_hv_pmos[delvto] = 0.000000000000000e+00
@n.xbgr.xm48_u10.nsg13_hv_pmos[factuo] = 1.000000000000000e+00
@n.xbgr.xm48_u11.nsg13_hv_pmos[w] = 5.000000000000000e-06
@n.xbgr.xm48_u11.nsg13_hv_pmos[l] = 4.000000000000000e-06
@n.xbgr.xm48_u11.nsg13_hv_pmos[delvto] = 0.000000000000000e+00
@n.xbgr.xm48_u11.nsg13_hv_pmos[factuo] = 1.000000000000000e+00
@n.xbgr.xm48_u12.nsg13_hv_pmos[w] = 5.000000000000000e-06
@n.xbgr.xm48_u12.nsg13_hv_pmos[l] = 4.000000000000000e-06
@n.xbgr.xm48_u12.nsg13_hv_pmos[delvto] = 0.000000000000000e+00
@n.xbgr.xm48_u12.nsg13_hv_pmos[factuo] = 1.000000000000000e+00
@n.xbgr.xm48_u13.nsg13_hv_pmos[w] = 5.000000000000000e-06
@n.xbgr.xm48_u13.nsg13_hv_pmos[l] = 4.000000000000000e-06
@n.xbgr.xm48_u13.nsg13_hv_pmos[delvto] = 0.000000000000000e+00
@n.xbgr.xm48_u13.nsg13_hv_pmos[factuo] = 1.000000000000000e+00
@n.xbgr.xm48_u14.nsg13_hv_pmos[w] = 5.000000000000000e-06
@n.xbgr.xm48_u14.nsg13_hv_pmos[l] = 4.000000000000000e-06
@n.xbgr.xm48_u14.nsg13_hv_pmos[delvto] = 0.000000000000000e+00
@n.xbgr.xm48_u14.nsg13_hv_pmos[factuo] = 1.000000000000000e+00
@n.xbgr.xm48_u15.nsg13_hv_pmos[w] = 5.000000000000000e-06
@n.xbgr.xm48_u15.nsg13_hv_pmos[l] = 4.000000000000000e-06
@n.xbgr.xm48_u15.nsg13_hv_pmos[delvto] = 0.000000000000000e+00
@n.xbgr.xm48_u15.nsg13_hv_pmos[factuo] = 1.000000000000000e+00
@n.xbgr.xm48_u16.nsg13_hv_pmos[w] = 5.000000000000000e-06
@n.xbgr.xm48_u16.nsg13_hv_pmos[l] = 4.000000000000000e-06
@n.xbgr.xm48_u16.nsg13_hv_pmos[delvto] = 0.000000000000000e+00
@n.xbgr.xm48_u16.nsg13_hv_pmos[factuo] = 1.000000000000000e+00
@n.xbgr.xm48_u17.nsg13_hv_pmos[w] = 5.000000000000000e-06
@n.xbgr.xm48_u17.nsg13_hv_pmos[l] = 4.000000000000000e-06
@n.xbgr.xm48_u17.nsg13_hv_pmos[delvto] = 0.000000000000000e+00
@n.xbgr.xm48_u17.nsg13_hv_pmos[factuo] = 1.000000000000000e+00
@n.xbgr.xm48_u18.nsg13_hv_pmos[w] = 5.000000000000000e-06
@n.xbgr.xm48_u18.nsg13_hv_pmos[l] = 4.000000000000000e-06
@n.xbgr.xm48_u18.nsg13_hv_pmos[delvto] = 0.000000000000000e+00
@n.xbgr.xm48_u18.nsg13_hv_pmos[factuo] = 1.000000000000000e+00
@n.xbgr.xm48_u19.nsg13_hv_pmos[w] = 5.000000000000000e-06
@n.xbgr.xm48_u19.nsg13_hv_pmos[l] = 4.000000000000000e-06
@n.xbgr.xm48_u19.nsg13_hv_pmos[delvto] = 0.000000000000000e+00
@n.xbgr.xm48_u19.nsg13_hv_pmos[factuo] = 1.000000000000000e+00
@n.xbgr.xm48_u20.nsg13_hv_pmos[w] = 5.000000000000000e-06
@n.xbgr.xm48_u20.nsg13_hv_pmos[l] = 4.000000000000000e-06
@n.xbgr.xm48_u20.nsg13_hv_pmos[delvto] = 0.000000000000000e+00
@n.xbgr.xm48_u20.nsg13_hv_pmos[factuo] = 1.000000000000000e+00
@n.xbgr.xm48_u21.nsg13_hv_pmos[w] = 5.000000000000000e-06
@n.xbgr.xm48_u21.nsg13_hv_pmos[l] = 4.000000000000000e-06
@n.xbgr.xm48_u21.nsg13_hv_pmos[delvto] = 0.000000000000000e+00
@n.xbgr.xm48_u21.nsg13_hv_pmos[factuo] = 1.000000000000000e+00
@n.xbgr.xm48_u22.nsg13_hv_pmos[w] = 5.000000000000000e-06
@n.xbgr.xm48_u22.nsg13_hv_pmos[l] = 4.000000000000000e-06
@n.xbgr.xm48_u22.nsg13_hv_pmos[delvto] = 0.000000000000000e+00
@n.xbgr.xm48_u22.nsg13_hv_pmos[factuo] = 1.000000000000000e+00
@n.xbgr.xm48_u23.nsg13_hv_pmos[w] = 5.000000000000000e-06
@n.xbgr.xm48_u23.nsg13_hv_pmos[l] = 4.000000000000000e-06
@n.xbgr.xm48_u23.nsg13_hv_pmos[delvto] = 0.000000000000000e+00
@n.xbgr.xm48_u23.nsg13_hv_pmos[factuo] = 1.000000000000000e+00
@n.xbgr.xm48_u24.nsg13_hv_pmos[w] = 5.000000000000000e-06
@n.xbgr.xm48_u24.nsg13_hv_pmos[l] = 4.000000000000000e-06
@n.xbgr.xm48_u24.nsg13_hv_pmos[delvto] = 0.000000000000000e+00
@n.xbgr.xm48_u24.nsg13_hv_pmos[factuo] = 1.000000000000000e+00
@n.xbgr.xm50_u2.nsg13_hv_pmos[w] = 9.999999999999999e-06
@n.xbgr.xm50_u2.nsg13_hv_pmos[l] = 4.000000000000000e-06
@n.xbgr.xm50_u2.nsg13_hv_pmos[delvto] = 0.000000000000000e+00
@n.xbgr.xm50_u2.nsg13_hv_pmos[factuo] = 1.000000000000000e+00
@n.xbgr.xm50_u3.nsg13_hv_pmos[w] = 9.999999999999999e-06
@n.xbgr.xm50_u3.nsg13_hv_pmos[l] = 4.000000000000000e-06
@n.xbgr.xm50_u3.nsg13_hv_pmos[delvto] = 0.000000000000000e+00
@n.xbgr.xm50_u3.nsg13_hv_pmos[factuo] = 1.000000000000000e+00
@n.xbgr.xm50_u4.nsg13_hv_pmos[w] = 9.999999999999999e-06
@n.xbgr.xm50_u4.nsg13_hv_pmos[l] = 4.000000000000000e-06
@n.xbgr.xm50_u4.nsg13_hv_pmos[delvto] = 0.000000000000000e+00
@n.xbgr.xm50_u4.nsg13_hv_pmos[factuo] = 1.000000000000000e+00
@n.xbgr.xm50_u5.nsg13_hv_pmos[w] = 9.999999999999999e-06
@n.xbgr.xm50_u5.nsg13_hv_pmos[l] = 4.000000000000000e-06
@n.xbgr.xm50_u5.nsg13_hv_pmos[delvto] = 0.000000000000000e+00
@n.xbgr.xm50_u5.nsg13_hv_pmos[factuo] = 1.000000000000000e+00
@n.xbgr.xm50_u6.nsg13_hv_pmos[w] = 9.999999999999999e-06
@n.xbgr.xm50_u6.nsg13_hv_pmos[l] = 4.000000000000000e-06
@n.xbgr.xm50_u6.nsg13_hv_pmos[delvto] = 0.000000000000000e+00
@n.xbgr.xm50_u6.nsg13_hv_pmos[factuo] = 1.000000000000000e+00
@n.xbgr.xm50_u7.nsg13_hv_pmos[w] = 9.999999999999999e-06
@n.xbgr.xm50_u7.nsg13_hv_pmos[l] = 4.000000000000000e-06
@n.xbgr.xm50_u7.nsg13_hv_pmos[delvto] = 0.000000000000000e+00
@n.xbgr.xm50_u7.nsg13_hv_pmos[factuo] = 1.000000000000000e+00
@n.xbgr.xm50_u8.nsg13_hv_pmos[w] = 9.999999999999999e-06
@n.xbgr.xm50_u8.nsg13_hv_pmos[l] = 4.000000000000000e-06
@n.xbgr.xm50_u8.nsg13_hv_pmos[delvto] = 0.000000000000000e+00
@n.xbgr.xm50_u8.nsg13_hv_pmos[factuo] = 1.000000000000000e+00
@n.xbgr.xm50_u9.nsg13_hv_pmos[w] = 9.999999999999999e-06
@n.xbgr.xm50_u9.nsg13_hv_pmos[l] = 4.000000000000000e-06
@n.xbgr.xm50_u9.nsg13_hv_pmos[delvto] = 0.000000000000000e+00
@n.xbgr.xm50_u9.nsg13_hv_pmos[factuo] = 1.000000000000000e+00
@n.xbgr.xm50_u10.nsg13_hv_pmos[w] = 9.999999999999999e-06
@n.xbgr.xm50_u10.nsg13_hv_pmos[l] = 4.000000000000000e-06
@n.xbgr.xm50_u10.nsg13_hv_pmos[delvto] = 0.000000000000000e+00
@n.xbgr.xm50_u10.nsg13_hv_pmos[factuo] = 1.000000000000000e+00
@n.xbgr.xm50_u11.nsg13_hv_pmos[w] = 9.999999999999999e-06
@n.xbgr.xm50_u11.nsg13_hv_pmos[l] = 4.000000000000000e-06
@n.xbgr.xm50_u11.nsg13_hv_pmos[delvto] = 0.000000000000000e+00
@n.xbgr.xm50_u11.nsg13_hv_pmos[factuo] = 1.000000000000000e+00
@n.xbgr.xm50_u12.nsg13_hv_pmos[w] = 9.999999999999999e-06
@n.xbgr.xm50_u12.nsg13_hv_pmos[l] = 4.000000000000000e-06
@n.xbgr.xm50_u12.nsg13_hv_pmos[delvto] = 0.000000000000000e+00
@n.xbgr.xm50_u12.nsg13_hv_pmos[factuo] = 1.000000000000000e+00
@n.xbgr.xm50_u13.nsg13_hv_pmos[w] = 9.999999999999999e-06
@n.xbgr.xm50_u13.nsg13_hv_pmos[l] = 4.000000000000000e-06
@n.xbgr.xm50_u13.nsg13_hv_pmos[delvto] = 0.000000000000000e+00
@n.xbgr.xm50_u13.nsg13_hv_pmos[factuo] = 1.000000000000000e+00
@n.xbgr.xm50_u14.nsg13_hv_pmos[w] = 9.999999999999999e-06
@n.xbgr.xm50_u14.nsg13_hv_pmos[l] = 4.000000000000000e-06
@n.xbgr.xm50_u14.nsg13_hv_pmos[delvto] = 0.000000000000000e+00
@n.xbgr.xm50_u14.nsg13_hv_pmos[factuo] = 1.000000000000000e+00
@n.xbgr.xm50_u15.nsg13_hv_pmos[w] = 9.999999999999999e-06
@n.xbgr.xm50_u15.nsg13_hv_pmos[l] = 4.000000000000000e-06
@n.xbgr.xm50_u15.nsg13_hv_pmos[delvto] = 0.000000000000000e+00
@n.xbgr.xm50_u15.nsg13_hv_pmos[factuo] = 1.000000000000000e+00
@n.xbgr.xm50_u16.nsg13_hv_pmos[w] = 9.999999999999999e-06
@n.xbgr.xm50_u16.nsg13_hv_pmos[l] = 4.000000000000000e-06
@n.xbgr.xm50_u16.nsg13_hv_pmos[delvto] = 0.000000000000000e+00
@n.xbgr.xm50_u16.nsg13_hv_pmos[factuo] = 1.000000000000000e+00
@n.xbgr.xm50_u17.nsg13_hv_pmos[w] = 9.999999999999999e-06
@n.xbgr.xm50_u17.nsg13_hv_pmos[l] = 4.000000000000000e-06
@n.xbgr.xm50_u17.nsg13_hv_pmos[delvto] = 0.000000000000000e+00
@n.xbgr.xm50_u17.nsg13_hv_pmos[factuo] = 1.000000000000000e+00
@n.xbgr.xm50_u18.nsg13_hv_pmos[w] = 9.999999999999999e-06
@n.xbgr.xm50_u18.nsg13_hv_pmos[l] = 4.000000000000000e-06
@n.xbgr.xm50_u18.nsg13_hv_pmos[delvto] = 0.000000000000000e+00
@n.xbgr.xm50_u18.nsg13_hv_pmos[factuo] = 1.000000000000000e+00
@n.xbgr.xm50_u19.nsg13_hv_pmos[w] = 9.999999999999999e-06
@n.xbgr.xm50_u19.nsg13_hv_pmos[l] = 4.000000000000000e-06
@n.xbgr.xm50_u19.nsg13_hv_pmos[delvto] = 0.000000000000000e+00
@n.xbgr.xm50_u19.nsg13_hv_pmos[factuo] = 1.000000000000000e+00
@n.xbgr.xm50_u20.nsg13_hv_pmos[w] = 9.999999999999999e-06
@n.xbgr.xm50_u20.nsg13_hv_pmos[l] = 4.000000000000000e-06
@n.xbgr.xm50_u20.nsg13_hv_pmos[delvto] = 0.000000000000000e+00
@n.xbgr.xm50_u20.nsg13_hv_pmos[factuo] = 1.000000000000000e+00
@n.xbgr.xm50_u21.nsg13_hv_pmos[w] = 9.999999999999999e-06
@n.xbgr.xm50_u21.nsg13_hv_pmos[l] = 4.000000000000000e-06
@n.xbgr.xm50_u21.nsg13_hv_pmos[delvto] = 0.000000000000000e+00
@n.xbgr.xm50_u21.nsg13_hv_pmos[factuo] = 1.000000000000000e+00
@n.xbgr.xm50_u22.nsg13_hv_pmos[w] = 9.999999999999999e-06
@n.xbgr.xm50_u22.nsg13_hv_pmos[l] = 4.000000000000000e-06
@n.xbgr.xm50_u22.nsg13_hv_pmos[delvto] = 0.000000000000000e+00
@n.xbgr.xm50_u22.nsg13_hv_pmos[factuo] = 1.000000000000000e+00
@n.xbgr.xm50_u23.nsg13_hv_pmos[w] = 9.999999999999999e-06
@n.xbgr.xm50_u23.nsg13_hv_pmos[l] = 4.000000000000000e-06
@n.xbgr.xm50_u23.nsg13_hv_pmos[delvto] = 0.000000000000000e+00
@n.xbgr.xm50_u23.nsg13_hv_pmos[factuo] = 1.000000000000000e+00
@n.xbgr.xm50_u24.nsg13_hv_pmos[w] = 9.999999999999999e-06
@n.xbgr.xm50_u24.nsg13_hv_pmos[l] = 4.000000000000000e-06
@n.xbgr.xm50_u24.nsg13_hv_pmos[delvto] = 0.000000000000000e+00
@n.xbgr.xm50_u24.nsg13_hv_pmos[factuo] = 1.000000000000000e+00
@n.xbgr.xm51_u2.nsg13_hv_pmos[w] = 9.999999999999999e-06
@n.xbgr.xm51_u2.nsg13_hv_pmos[l] = 4.000000000000000e-06
@n.xbgr.xm51_u2.nsg13_hv_pmos[delvto] = 0.000000000000000e+00
@n.xbgr.xm51_u2.nsg13_hv_pmos[factuo] = 1.000000000000000e+00
@n.xbgr.xm51_u3.nsg13_hv_pmos[w] = 9.999999999999999e-06
@n.xbgr.xm51_u3.nsg13_hv_pmos[l] = 4.000000000000000e-06
@n.xbgr.xm51_u3.nsg13_hv_pmos[delvto] = 0.000000000000000e+00
@n.xbgr.xm51_u3.nsg13_hv_pmos[factuo] = 1.000000000000000e+00
@n.xbgr.xm51_u4.nsg13_hv_pmos[w] = 9.999999999999999e-06
@n.xbgr.xm51_u4.nsg13_hv_pmos[l] = 4.000000000000000e-06
@n.xbgr.xm51_u4.nsg13_hv_pmos[delvto] = 0.000000000000000e+00
@n.xbgr.xm51_u4.nsg13_hv_pmos[factuo] = 1.000000000000000e+00
@n.xbgr.xm52_u2.nsg13_hv_pmos[w] = 9.999999999999999e-06
@n.xbgr.xm52_u2.nsg13_hv_pmos[l] = 4.000000000000000e-06
@n.xbgr.xm52_u2.nsg13_hv_pmos[delvto] = 0.000000000000000e+00
@n.xbgr.xm52_u2.nsg13_hv_pmos[factuo] = 1.000000000000000e+00
@n.xbgr.xm52_u3.nsg13_hv_pmos[w] = 9.999999999999999e-06
@n.xbgr.xm52_u3.nsg13_hv_pmos[l] = 4.000000000000000e-06
@n.xbgr.xm52_u3.nsg13_hv_pmos[delvto] = 0.000000000000000e+00
@n.xbgr.xm52_u3.nsg13_hv_pmos[factuo] = 1.000000000000000e+00
@n.xbgr.xm52_u4.nsg13_hv_pmos[w] = 9.999999999999999e-06
@n.xbgr.xm52_u4.nsg13_hv_pmos[l] = 4.000000000000000e-06
@n.xbgr.xm52_u4.nsg13_hv_pmos[delvto] = 0.000000000000000e+00
@n.xbgr.xm52_u4.nsg13_hv_pmos[factuo] = 1.000000000000000e+00
@n.xbgr.xm52_u5.nsg13_hv_pmos[w] = 9.999999999999999e-06
@n.xbgr.xm52_u5.nsg13_hv_pmos[l] = 4.000000000000000e-06
@n.xbgr.xm52_u5.nsg13_hv_pmos[delvto] = 0.000000000000000e+00
@n.xbgr.xm52_u5.nsg13_hv_pmos[factuo] = 1.000000000000000e+00
@n.xbgr.xm52_u6.nsg13_hv_pmos[w] = 9.999999999999999e-06
@n.xbgr.xm52_u6.nsg13_hv_pmos[l] = 4.000000000000000e-06
@n.xbgr.xm52_u6.nsg13_hv_pmos[delvto] = 0.000000000000000e+00
@n.xbgr.xm52_u6.nsg13_hv_pmos[factuo] = 1.000000000000000e+00
@n.xbgr.xm52_u7.nsg13_hv_pmos[w] = 9.999999999999999e-06
@n.xbgr.xm52_u7.nsg13_hv_pmos[l] = 4.000000000000000e-06
@n.xbgr.xm52_u7.nsg13_hv_pmos[delvto] = 0.000000000000000e+00
@n.xbgr.xm52_u7.nsg13_hv_pmos[factuo] = 1.000000000000000e+00
@n.xbgr.xm52_u8.nsg13_hv_pmos[w] = 9.999999999999999e-06
@n.xbgr.xm52_u8.nsg13_hv_pmos[l] = 4.000000000000000e-06
@n.xbgr.xm52_u8.nsg13_hv_pmos[delvto] = 0.000000000000000e+00
@n.xbgr.xm52_u8.nsg13_hv_pmos[factuo] = 1.000000000000000e+00
@n.xbgr.xm52_u9.nsg13_hv_pmos[w] = 9.999999999999999e-06
@n.xbgr.xm52_u9.nsg13_hv_pmos[l] = 4.000000000000000e-06
@n.xbgr.xm52_u9.nsg13_hv_pmos[delvto] = 0.000000000000000e+00
@n.xbgr.xm52_u9.nsg13_hv_pmos[factuo] = 1.000000000000000e+00
@n.xbgr.xm52_u10.nsg13_hv_pmos[w] = 9.999999999999999e-06
@n.xbgr.xm52_u10.nsg13_hv_pmos[l] = 4.000000000000000e-06
@n.xbgr.xm52_u10.nsg13_hv_pmos[delvto] = 0.000000000000000e+00
@n.xbgr.xm52_u10.nsg13_hv_pmos[factuo] = 1.000000000000000e+00
@n.xbgr.xm52_u11.nsg13_hv_pmos[w] = 9.999999999999999e-06
@n.xbgr.xm52_u11.nsg13_hv_pmos[l] = 4.000000000000000e-06
@n.xbgr.xm52_u11.nsg13_hv_pmos[delvto] = 0.000000000000000e+00
@n.xbgr.xm52_u11.nsg13_hv_pmos[factuo] = 1.000000000000000e+00
@n.xbgr.xm52_u12.nsg13_hv_pmos[w] = 9.999999999999999e-06
@n.xbgr.xm52_u12.nsg13_hv_pmos[l] = 4.000000000000000e-06
@n.xbgr.xm52_u12.nsg13_hv_pmos[delvto] = 0.000000000000000e+00
@n.xbgr.xm52_u12.nsg13_hv_pmos[factuo] = 1.000000000000000e+00
@n.xbgr.xm52_u13.nsg13_hv_pmos[w] = 9.999999999999999e-06
@n.xbgr.xm52_u13.nsg13_hv_pmos[l] = 4.000000000000000e-06
@n.xbgr.xm52_u13.nsg13_hv_pmos[delvto] = 0.000000000000000e+00
@n.xbgr.xm52_u13.nsg13_hv_pmos[factuo] = 1.000000000000000e+00
@n.xbgr.xm52_u14.nsg13_hv_pmos[w] = 9.999999999999999e-06
@n.xbgr.xm52_u14.nsg13_hv_pmos[l] = 4.000000000000000e-06
@n.xbgr.xm52_u14.nsg13_hv_pmos[delvto] = 0.000000000000000e+00
@n.xbgr.xm52_u14.nsg13_hv_pmos[factuo] = 1.000000000000000e+00
@n.xbgr.xm52_u15.nsg13_hv_pmos[w] = 9.999999999999999e-06
@n.xbgr.xm52_u15.nsg13_hv_pmos[l] = 4.000000000000000e-06
@n.xbgr.xm52_u15.nsg13_hv_pmos[delvto] = 0.000000000000000e+00
@n.xbgr.xm52_u15.nsg13_hv_pmos[factuo] = 1.000000000000000e+00
@n.xbgr.xm52_u16.nsg13_hv_pmos[w] = 9.999999999999999e-06
@n.xbgr.xm52_u16.nsg13_hv_pmos[l] = 4.000000000000000e-06
@n.xbgr.xm52_u16.nsg13_hv_pmos[delvto] = 0.000000000000000e+00
@n.xbgr.xm52_u16.nsg13_hv_pmos[factuo] = 1.000000000000000e+00
@n.xbgr.xm52_u17.nsg13_hv_pmos[w] = 9.999999999999999e-06
@n.xbgr.xm52_u17.nsg13_hv_pmos[l] = 4.000000000000000e-06
@n.xbgr.xm52_u17.nsg13_hv_pmos[delvto] = 0.000000000000000e+00
@n.xbgr.xm52_u17.nsg13_hv_pmos[factuo] = 1.000000000000000e+00
@n.xbgr.xm52_u18.nsg13_hv_pmos[w] = 9.999999999999999e-06
@n.xbgr.xm52_u18.nsg13_hv_pmos[l] = 4.000000000000000e-06
@n.xbgr.xm52_u18.nsg13_hv_pmos[delvto] = 0.000000000000000e+00
@n.xbgr.xm52_u18.nsg13_hv_pmos[factuo] = 1.000000000000000e+00
@n.xbgr.xm52_u19.nsg13_hv_pmos[w] = 9.999999999999999e-06
@n.xbgr.xm52_u19.nsg13_hv_pmos[l] = 4.000000000000000e-06
@n.xbgr.xm52_u19.nsg13_hv_pmos[delvto] = 0.000000000000000e+00
@n.xbgr.xm52_u19.nsg13_hv_pmos[factuo] = 1.000000000000000e+00
@n.xbgr.xm52_u20.nsg13_hv_pmos[w] = 9.999999999999999e-06
@n.xbgr.xm52_u20.nsg13_hv_pmos[l] = 4.000000000000000e-06
@n.xbgr.xm52_u20.nsg13_hv_pmos[delvto] = 0.000000000000000e+00
@n.xbgr.xm52_u20.nsg13_hv_pmos[factuo] = 1.000000000000000e+00
@n.xbgr.xm52_u21.nsg13_hv_pmos[w] = 9.999999999999999e-06
@n.xbgr.xm52_u21.nsg13_hv_pmos[l] = 4.000000000000000e-06
@n.xbgr.xm52_u21.nsg13_hv_pmos[delvto] = 0.000000000000000e+00
@n.xbgr.xm52_u21.nsg13_hv_pmos[factuo] = 1.000000000000000e+00
@n.xbgr.xm52_u22.nsg13_hv_pmos[w] = 9.999999999999999e-06
@n.xbgr.xm52_u22.nsg13_hv_pmos[l] = 4.000000000000000e-06
@n.xbgr.xm52_u22.nsg13_hv_pmos[delvto] = 0.000000000000000e+00
@n.xbgr.xm52_u22.nsg13_hv_pmos[factuo] = 1.000000000000000e+00
@n.xbgr.xm52_u23.nsg13_hv_pmos[w] = 9.999999999999999e-06
@n.xbgr.xm52_u23.nsg13_hv_pmos[l] = 4.000000000000000e-06
@n.xbgr.xm52_u23.nsg13_hv_pmos[delvto] = 0.000000000000000e+00
@n.xbgr.xm52_u23.nsg13_hv_pmos[factuo] = 1.000000000000000e+00
@n.xbgr.xm52_u24.nsg13_hv_pmos[w] = 9.999999999999999e-06
@n.xbgr.xm52_u24.nsg13_hv_pmos[l] = 4.000000000000000e-06
@n.xbgr.xm52_u24.nsg13_hv_pmos[delvto] = 0.000000000000000e+00
@n.xbgr.xm52_u24.nsg13_hv_pmos[factuo] = 1.000000000000000e+00
@n.xbgr.xm54_u2.nsg13_hv_pmos[w] = 9.999999999999999e-06
@n.xbgr.xm54_u2.nsg13_hv_pmos[l] = 4.000000000000000e-06
@n.xbgr.xm54_u2.nsg13_hv_pmos[delvto] = 0.000000000000000e+00
@n.xbgr.xm54_u2.nsg13_hv_pmos[factuo] = 1.000000000000000e+00
@n.xbgr.xm54_u3.nsg13_hv_pmos[w] = 9.999999999999999e-06
@n.xbgr.xm54_u3.nsg13_hv_pmos[l] = 4.000000000000000e-06
@n.xbgr.xm54_u3.nsg13_hv_pmos[delvto] = 0.000000000000000e+00
@n.xbgr.xm54_u3.nsg13_hv_pmos[factuo] = 1.000000000000000e+00
@n.xbgr.xm54_u4.nsg13_hv_pmos[w] = 9.999999999999999e-06
@n.xbgr.xm54_u4.nsg13_hv_pmos[l] = 4.000000000000000e-06
@n.xbgr.xm54_u4.nsg13_hv_pmos[delvto] = 0.000000000000000e+00
@n.xbgr.xm54_u4.nsg13_hv_pmos[factuo] = 1.000000000000000e+00
@n.xbgr.xm54_u5.nsg13_hv_pmos[w] = 9.999999999999999e-06
@n.xbgr.xm54_u5.nsg13_hv_pmos[l] = 4.000000000000000e-06
@n.xbgr.xm54_u5.nsg13_hv_pmos[delvto] = 0.000000000000000e+00
@n.xbgr.xm54_u5.nsg13_hv_pmos[factuo] = 1.000000000000000e+00
@n.xbgr.xm54_u6.nsg13_hv_pmos[w] = 9.999999999999999e-06
@n.xbgr.xm54_u6.nsg13_hv_pmos[l] = 4.000000000000000e-06
@n.xbgr.xm54_u6.nsg13_hv_pmos[delvto] = 0.000000000000000e+00
@n.xbgr.xm54_u6.nsg13_hv_pmos[factuo] = 1.000000000000000e+00
@n.xbgr.xm54_u7.nsg13_hv_pmos[w] = 9.999999999999999e-06
@n.xbgr.xm54_u7.nsg13_hv_pmos[l] = 4.000000000000000e-06
@n.xbgr.xm54_u7.nsg13_hv_pmos[delvto] = 0.000000000000000e+00
@n.xbgr.xm54_u7.nsg13_hv_pmos[factuo] = 1.000000000000000e+00
@n.xbgr.xm54_u8.nsg13_hv_pmos[w] = 9.999999999999999e-06
@n.xbgr.xm54_u8.nsg13_hv_pmos[l] = 4.000000000000000e-06
@n.xbgr.xm54_u8.nsg13_hv_pmos[delvto] = 0.000000000000000e+00
@n.xbgr.xm54_u8.nsg13_hv_pmos[factuo] = 1.000000000000000e+00
@n.xbgr.xm54_u9.nsg13_hv_pmos[w] = 9.999999999999999e-06
@n.xbgr.xm54_u9.nsg13_hv_pmos[l] = 4.000000000000000e-06
@n.xbgr.xm54_u9.nsg13_hv_pmos[delvto] = 0.000000000000000e+00
@n.xbgr.xm54_u9.nsg13_hv_pmos[factuo] = 1.000000000000000e+00
@n.xbgr.xm54_u10.nsg13_hv_pmos[w] = 9.999999999999999e-06
@n.xbgr.xm54_u10.nsg13_hv_pmos[l] = 4.000000000000000e-06
@n.xbgr.xm54_u10.nsg13_hv_pmos[delvto] = 0.000000000000000e+00
@n.xbgr.xm54_u10.nsg13_hv_pmos[factuo] = 1.000000000000000e+00
@n.xbgr.xm54_u11.nsg13_hv_pmos[w] = 9.999999999999999e-06
@n.xbgr.xm54_u11.nsg13_hv_pmos[l] = 4.000000000000000e-06
@n.xbgr.xm54_u11.nsg13_hv_pmos[delvto] = 0.000000000000000e+00
@n.xbgr.xm54_u11.nsg13_hv_pmos[factuo] = 1.000000000000000e+00
@n.xbgr.xm54_u12.nsg13_hv_pmos[w] = 9.999999999999999e-06
@n.xbgr.xm54_u12.nsg13_hv_pmos[l] = 4.000000000000000e-06
@n.xbgr.xm54_u12.nsg13_hv_pmos[delvto] = 0.000000000000000e+00
@n.xbgr.xm54_u12.nsg13_hv_pmos[factuo] = 1.000000000000000e+00
@n.xbgr.xm54_u13.nsg13_hv_pmos[w] = 9.999999999999999e-06
@n.xbgr.xm54_u13.nsg13_hv_pmos[l] = 4.000000000000000e-06
@n.xbgr.xm54_u13.nsg13_hv_pmos[delvto] = 0.000000000000000e+00
@n.xbgr.xm54_u13.nsg13_hv_pmos[factuo] = 1.000000000000000e+00
@n.xbgr.xm54_u14.nsg13_hv_pmos[w] = 9.999999999999999e-06
@n.xbgr.xm54_u14.nsg13_hv_pmos[l] = 4.000000000000000e-06
@n.xbgr.xm54_u14.nsg13_hv_pmos[delvto] = 0.000000000000000e+00
@n.xbgr.xm54_u14.nsg13_hv_pmos[factuo] = 1.000000000000000e+00
@n.xbgr.xm54_u15.nsg13_hv_pmos[w] = 9.999999999999999e-06
@n.xbgr.xm54_u15.nsg13_hv_pmos[l] = 4.000000000000000e-06
@n.xbgr.xm54_u15.nsg13_hv_pmos[delvto] = 0.000000000000000e+00
@n.xbgr.xm54_u15.nsg13_hv_pmos[factuo] = 1.000000000000000e+00
@n.xbgr.xm54_u16.nsg13_hv_pmos[w] = 9.999999999999999e-06
@n.xbgr.xm54_u16.nsg13_hv_pmos[l] = 4.000000000000000e-06
@n.xbgr.xm54_u16.nsg13_hv_pmos[delvto] = 0.000000000000000e+00
@n.xbgr.xm54_u16.nsg13_hv_pmos[factuo] = 1.000000000000000e+00
@n.xbgr.xm54_u17.nsg13_hv_pmos[w] = 9.999999999999999e-06
@n.xbgr.xm54_u17.nsg13_hv_pmos[l] = 4.000000000000000e-06
@n.xbgr.xm54_u17.nsg13_hv_pmos[delvto] = 0.000000000000000e+00
@n.xbgr.xm54_u17.nsg13_hv_pmos[factuo] = 1.000000000000000e+00
@n.xbgr.xm54_u18.nsg13_hv_pmos[w] = 9.999999999999999e-06
@n.xbgr.xm54_u18.nsg13_hv_pmos[l] = 4.000000000000000e-06
@n.xbgr.xm54_u18.nsg13_hv_pmos[delvto] = 0.000000000000000e+00
@n.xbgr.xm54_u18.nsg13_hv_pmos[factuo] = 1.000000000000000e+00
@n.xbgr.xm54_u19.nsg13_hv_pmos[w] = 9.999999999999999e-06
@n.xbgr.xm54_u19.nsg13_hv_pmos[l] = 4.000000000000000e-06
@n.xbgr.xm54_u19.nsg13_hv_pmos[delvto] = 0.000000000000000e+00
@n.xbgr.xm54_u19.nsg13_hv_pmos[factuo] = 1.000000000000000e+00
@n.xbgr.xm54_u20.nsg13_hv_pmos[w] = 9.999999999999999e-06
@n.xbgr.xm54_u20.nsg13_hv_pmos[l] = 4.000000000000000e-06
@n.xbgr.xm54_u20.nsg13_hv_pmos[delvto] = 0.000000000000000e+00
@n.xbgr.xm54_u20.nsg13_hv_pmos[factuo] = 1.000000000000000e+00
@n.xbgr.xm54_u21.nsg13_hv_pmos[w] = 9.999999999999999e-06
@n.xbgr.xm54_u21.nsg13_hv_pmos[l] = 4.000000000000000e-06
@n.xbgr.xm54_u21.nsg13_hv_pmos[delvto] = 0.000000000000000e+00
@n.xbgr.xm54_u21.nsg13_hv_pmos[factuo] = 1.000000000000000e+00
@n.xbgr.xm54_u22.nsg13_hv_pmos[w] = 9.999999999999999e-06
@n.xbgr.xm54_u22.nsg13_hv_pmos[l] = 4.000000000000000e-06
@n.xbgr.xm54_u22.nsg13_hv_pmos[delvto] = 0.000000000000000e+00
@n.xbgr.xm54_u22.nsg13_hv_pmos[factuo] = 1.000000000000000e+00
@n.xbgr.xm54_u23.nsg13_hv_pmos[w] = 9.999999999999999e-06
@n.xbgr.xm54_u23.nsg13_hv_pmos[l] = 4.000000000000000e-06
@n.xbgr.xm54_u23.nsg13_hv_pmos[delvto] = 0.000000000000000e+00
@n.xbgr.xm54_u23.nsg13_hv_pmos[factuo] = 1.000000000000000e+00
@n.xbgr.xm54_u24.nsg13_hv_pmos[w] = 9.999999999999999e-06
@n.xbgr.xm54_u24.nsg13_hv_pmos[l] = 4.000000000000000e-06
@n.xbgr.xm54_u24.nsg13_hv_pmos[delvto] = 0.000000000000000e+00
@n.xbgr.xm54_u24.nsg13_hv_pmos[factuo] = 1.000000000000000e+00
@q.xbgr.xq56_u2.qnpn13g2[area] = 1.000000000000000e+00
@q.xbgr.xq56_u3.qnpn13g2[area] = 1.000000000000000e+00
@q.xbgr.xq56_u4.qnpn13g2[area] = 1.000000000000000e+00
@q.xbgr.xq56_u5.qnpn13g2[area] = 1.000000000000000e+00
@q.xbgr.xq56_u6.qnpn13g2[area] = 1.000000000000000e+00
@q.xbgr.xq56_u7.qnpn13g2[area] = 1.000000000000000e+00
@q.xbgr.xq56_u8.qnpn13g2[area] = 1.000000000000000e+00
@q.xbgr.xq56_u9.qnpn13g2[area] = 1.000000000000000e+00
@q.xbgr.xq56_u10.qnpn13g2[area] = 1.000000000000000e+00
@q.xbgr.xq56_u11.qnpn13g2[area] = 1.000000000000000e+00
@q.xbgr.xq56_u12.qnpn13g2[area] = 1.000000000000000e+00
@q.xbgr.xq56_u13.qnpn13g2[area] = 1.000000000000000e+00
@q.xbgr.xq56_u14.qnpn13g2[area] = 1.000000000000000e+00
@q.xbgr.xq56_u15.qnpn13g2[area] = 1.000000000000000e+00
@q.xbgr.xq56_u16.qnpn13g2[area] = 1.000000000000000e+00
@q.xbgr.xq56_u17.qnpn13g2[area] = 1.000000000000000e+00
@q.xbgr.xq56_u18.qnpn13g2[area] = 1.000000000000000e+00
@q.xbgr.xq56_u19.qnpn13g2[area] = 1.000000000000000e+00
@q.xbgr.xq56_u20.qnpn13g2[area] = 1.000000000000000e+00
@q.xbgr.xq56_u21.qnpn13g2[area] = 1.000000000000000e+00
@q.xbgr.xq56_u22.qnpn13g2[area] = 1.000000000000000e+00
@q.xbgr.xq56_u23.qnpn13g2[area] = 1.000000000000000e+00
@q.xbgr.xq56_u24.qnpn13g2[area] = 1.000000000000000e+00
@q.xbgr.xq60_u2.qnpn13g2[area] = 1.000000000000000e+00
@q.xbgr.xq60_u3.qnpn13g2[area] = 1.000000000000000e+00
@q.xbgr.xq60_u4.qnpn13g2[area] = 1.000000000000000e+00
@q.xbgr.xq62_u2.qnpn13g2[area] = 1.000000000000000e+00
@q.xbgr.xq62_u3.qnpn13g2[area] = 1.000000000000000e+00
@q.xbgr.xq62_u4.qnpn13g2[area] = 1.000000000000000e+00
@q.xbgr.xq62_u5.qnpn13g2[area] = 1.000000000000000e+00
@q.xbgr.xq62_u6.qnpn13g2[area] = 1.000000000000000e+00
@q.xbgr.xq62_u7.qnpn13g2[area] = 1.000000000000000e+00
@q.xbgr.xq62_u8.qnpn13g2[area] = 1.000000000000000e+00
@q.xbgr.xq62_u9.qnpn13g2[area] = 1.000000000000000e+00
@q.xbgr.xq62_u10.qnpn13g2[area] = 1.000000000000000e+00
@q.xbgr.xq62_u11.qnpn13g2[area] = 1.000000000000000e+00
@q.xbgr.xq62_u12.qnpn13g2[area] = 1.000000000000000e+00
@q.xbgr.xq62_u13.qnpn13g2[area] = 1.000000000000000e+00
@q.xbgr.xq62_u14.qnpn13g2[area] = 1.000000000000000e+00
@q.xbgr.xq62_u15.qnpn13g2[area] = 1.000000000000000e+00
@q.xbgr.xq62_u16.qnpn13g2[area] = 1.000000000000000e+00
@q.xbgr.xq62_u17.qnpn13g2[area] = 1.000000000000000e+00
@q.xbgr.xq62_u18.qnpn13g2[area] = 1.000000000000000e+00
@q.xbgr.xq62_u19.qnpn13g2[area] = 1.000000000000000e+00
@q.xbgr.xq62_u20.qnpn13g2[area] = 1.000000000000000e+00
@q.xbgr.xq62_u21.qnpn13g2[area] = 1.000000000000000e+00
@q.xbgr.xq62_u22.qnpn13g2[area] = 1.000000000000000e+00
@q.xbgr.xq62_u23.qnpn13g2[area] = 1.000000000000000e+00
@q.xbgr.xq62_u24.qnpn13g2[area] = 1.000000000000000e+00
@q.xbgr.xq67_u2.qnpn13g2[area] = 1.000000000000000e+00
@q.xbgr.xq67_u3.qnpn13g2[area] = 1.000000000000000e+00
@q.xbgr.xq67_u4.qnpn13g2[area] = 1.000000000000000e+00
@q.xbgr.xq67_u5.qnpn13g2[area] = 1.000000000000000e+00
@q.xbgr.xq67_u6.qnpn13g2[area] = 1.000000000000000e+00
@q.xbgr.xq67_u7.qnpn13g2[area] = 1.000000000000000e+00
@q.xbgr.xq67_u8.qnpn13g2[area] = 1.000000000000000e+00
@q.xbgr.xq67_u9.qnpn13g2[area] = 1.000000000000000e+00
@q.xbgr.xq67_u10.qnpn13g2[area] = 1.000000000000000e+00
@q.xbgr.xq67_u11.qnpn13g2[area] = 1.000000000000000e+00
@q.xbgr.xq67_u12.qnpn13g2[area] = 1.000000000000000e+00
@q.xbgr.xq67_u13.qnpn13g2[area] = 1.000000000000000e+00
@q.xbgr.xq67_u14.qnpn13g2[area] = 1.000000000000000e+00
@q.xbgr.xq67_u15.qnpn13g2[area] = 1.000000000000000e+00
@q.xbgr.xq67_u16.qnpn13g2[area] = 1.000000000000000e+00
@q.xbgr.xq67_u17.qnpn13g2[area] = 1.000000000000000e+00
@q.xbgr.xq67_u18.qnpn13g2[area] = 1.000000000000000e+00
@q.xbgr.xq67_u19.qnpn13g2[area] = 1.000000000000000e+00
@q.xbgr.xq67_u20.qnpn13g2[area] = 1.000000000000000e+00
@q.xbgr.xq67_u21.qnpn13g2[area] = 1.000000000000000e+00
@q.xbgr.xq67_u22.qnpn13g2[area] = 1.000000000000000e+00
@q.xbgr.xq67_u23.qnpn13g2[area] = 1.000000000000000e+00
@q.xbgr.xq67_u24.qnpn13g2[area] = 1.000000000000000e+00
@q.xbgr.xq68_u2.qnpn13g2[area] = 1.000000000000000e+00
@q.xbgr.xq68_u3.qnpn13g2[area] = 1.000000000000000e+00
@q.xbgr.xq68_u4.qnpn13g2[area] = 1.000000000000000e+00
@q.xbgr.xq68_u5.qnpn13g2[area] = 1.000000000000000e+00
@q.xbgr.xq68_u6.qnpn13g2[area] = 1.000000000000000e+00
@q.xbgr.xq68_u7.qnpn13g2[area] = 1.000000000000000e+00
@q.xbgr.xq68_u8.qnpn13g2[area] = 1.000000000000000e+00
@q.xbgr.xq68_u9.qnpn13g2[area] = 1.000000000000000e+00
@q.xbgr.xq68_u10.qnpn13g2[area] = 1.000000000000000e+00
@q.xbgr.xq68_u11.qnpn13g2[area] = 1.000000000000000e+00
@q.xbgr.xq68_u12.qnpn13g2[area] = 1.000000000000000e+00
@q.xbgr.xq68_u13.qnpn13g2[area] = 1.000000000000000e+00
@q.xbgr.xq68_u14.qnpn13g2[area] = 1.000000000000000e+00
@q.xbgr.xq68_u15.qnpn13g2[area] = 1.000000000000000e+00
@q.xbgr.xq68_u16.qnpn13g2[area] = 1.000000000000000e+00
@q.xbgr.xq68_u17.qnpn13g2[area] = 1.000000000000000e+00
@q.xbgr.xq68_u18.qnpn13g2[area] = 1.000000000000000e+00
@q.xbgr.xq68_u19.qnpn13g2[area] = 1.000000000000000e+00
@q.xbgr.xq68_u20.qnpn13g2[area] = 1.000000000000000e+00
@q.xbgr.xq68_u21.qnpn13g2[area] = 1.000000000000000e+00
@q.xbgr.xq68_u22.qnpn13g2[area] = 1.000000000000000e+00
@q.xbgr.xq68_u23.qnpn13g2[area] = 1.000000000000000e+00
@q.xbgr.xq68_u24.qnpn13g2[area] = 1.000000000000000e+00
@q.xbgr.xq69_u2.qnpn13g2[area] = 1.000000000000000e+00
@q.xbgr.xq69_u3.qnpn13g2[area] = 1.000000000000000e+00
@q.xbgr.xq69_u4.qnpn13g2[area] = 1.000000000000000e+00
@q.xbgr.xq69_u5.qnpn13g2[area] = 1.000000000000000e+00
@q.xbgr.xq69_u6.qnpn13g2[area] = 1.000000000000000e+00
@q.xbgr.xq69_u7.qnpn13g2[area] = 1.000000000000000e+00
@q.xbgr.xq69_u8.qnpn13g2[area] = 1.000000000000000e+00
@q.xbgr.xq69_u9.qnpn13g2[area] = 1.000000000000000e+00
@q.xbgr.xq69_u10.qnpn13g2[area] = 1.000000000000000e+00
@q.xbgr.xq69_u11.qnpn13g2[area] = 1.000000000000000e+00
@q.xbgr.xq69_u12.qnpn13g2[area] = 1.000000000000000e+00
@q.xbgr.xq69_u13.qnpn13g2[area] = 1.000000000000000e+00
@q.xbgr.xq69_u14.qnpn13g2[area] = 1.000000000000000e+00
@q.xbgr.xq69_u15.qnpn13g2[area] = 1.000000000000000e+00
@q.xbgr.xq69_u16.qnpn13g2[area] = 1.000000000000000e+00
@q.xbgr.xq69_u17.qnpn13g2[area] = 1.000000000000000e+00
@q.xbgr.xq69_u18.qnpn13g2[area] = 1.000000000000000e+00
@q.xbgr.xq69_u19.qnpn13g2[area] = 1.000000000000000e+00
@q.xbgr.xq69_u20.qnpn13g2[area] = 1.000000000000000e+00
@q.xbgr.xq69_u21.qnpn13g2[area] = 1.000000000000000e+00
@q.xbgr.xq69_u22.qnpn13g2[area] = 1.000000000000000e+00
@q.xbgr.xq69_u23.qnpn13g2[area] = 1.000000000000000e+00
@q.xbgr.xq69_u24.qnpn13g2[area] = 1.000000000000000e+00
@q.xbgr.xq70_u2.qnpn13g2[area] = 1.000000000000000e+00
@q.xbgr.xq70_u3.qnpn13g2[area] = 1.000000000000000e+00
@q.xbgr.xq70_u4.qnpn13g2[area] = 1.000000000000000e+00
@q.xbgr.xq70_u5.qnpn13g2[area] = 1.000000000000000e+00
@q.xbgr.xq70_u6.qnpn13g2[area] = 1.000000000000000e+00
@q.xbgr.xq70_u7.qnpn13g2[area] = 1.000000000000000e+00
@q.xbgr.xq70_u8.qnpn13g2[area] = 1.000000000000000e+00
@q.xbgr.xq70_u9.qnpn13g2[area] = 1.000000000000000e+00
@q.xbgr.xq70_u10.qnpn13g2[area] = 1.000000000000000e+00
@q.xbgr.xq70_u11.qnpn13g2[area] = 1.000000000000000e+00
@q.xbgr.xq70_u12.qnpn13g2[area] = 1.000000000000000e+00
@q.xbgr.xq70_u13.qnpn13g2[area] = 1.000000000000000e+00
@q.xbgr.xq70_u14.qnpn13g2[area] = 1.000000000000000e+00
@q.xbgr.xq70_u15.qnpn13g2[area] = 1.000000000000000e+00
@q.xbgr.xq70_u16.qnpn13g2[area] = 1.000000000000000e+00
@q.xbgr.xq70_u17.qnpn13g2[area] = 1.000000000000000e+00
@q.xbgr.xq70_u18.qnpn13g2[area] = 1.000000000000000e+00
@q.xbgr.xq70_u19.qnpn13g2[area] = 1.000000000000000e+00
@q.xbgr.xq70_u20.qnpn13g2[area] = 1.000000000000000e+00
@q.xbgr.xq70_u21.qnpn13g2[area] = 1.000000000000000e+00
@q.xbgr.xq70_u22.qnpn13g2[area] = 1.000000000000000e+00
@q.xbgr.xq70_u23.qnpn13g2[area] = 1.000000000000000e+00
@q.xbgr.xq70_u24.qnpn13g2[area] = 1.000000000000000e+00
@q.xbgr.xq71_u2.qnpn13g2[area] = 1.000000000000000e+00
@q.xbgr.xq71_u3.qnpn13g2[area] = 1.000000000000000e+00
@q.xbgr.xq71_u4.qnpn13g2[area] = 1.000000000000000e+00
@q.xbgr.xq71_u5.qnpn13g2[area] = 1.000000000000000e+00
@q.xbgr.xq71_u6.qnpn13g2[area] = 1.000000000000000e+00
@q.xbgr.xq71_u7.qnpn13g2[area] = 1.000000000000000e+00
@q.xbgr.xq71_u8.qnpn13g2[area] = 1.000000000000000e+00
@q.xbgr.xq71_u9.qnpn13g2[area] = 1.000000000000000e+00
@q.xbgr.xq71_u10.qnpn13g2[area] = 1.000000000000000e+00
@q.xbgr.xq71_u11.qnpn13g2[area] = 1.000000000000000e+00
@q.xbgr.xq71_u12.qnpn13g2[area] = 1.000000000000000e+00
@q.xbgr.xq71_u13.qnpn13g2[area] = 1.000000000000000e+00
@q.xbgr.xq71_u14.qnpn13g2[area] = 1.000000000000000e+00
@q.xbgr.xq71_u15.qnpn13g2[area] = 1.000000000000000e+00
@q.xbgr.xq71_u16.qnpn13g2[area] = 1.000000000000000e+00
@q.xbgr.xq71_u17.qnpn13g2[area] = 1.000000000000000e+00
@q.xbgr.xq71_u18.qnpn13g2[area] = 1.000000000000000e+00
@q.xbgr.xq71_u19.qnpn13g2[area] = 1.000000000000000e+00
@q.xbgr.xq71_u20.qnpn13g2[area] = 1.000000000000000e+00
@q.xbgr.xq71_u21.qnpn13g2[area] = 1.000000000000000e+00
@q.xbgr.xq71_u22.qnpn13g2[area] = 1.000000000000000e+00
@q.xbgr.xq71_u23.qnpn13g2[area] = 1.000000000000000e+00
@q.xbgr.xq71_u24.qnpn13g2[area] = 1.000000000000000e+00
@q.xbgr.xq72_u2.qnpn13g2[area] = 1.000000000000000e+00
@q.xbgr.xq72_u3.qnpn13g2[area] = 1.000000000000000e+00
@q.xbgr.xq72_u4.qnpn13g2[area] = 1.000000000000000e+00
@q.xbgr.xq72_u5.qnpn13g2[area] = 1.000000000000000e+00
@q.xbgr.xq72_u6.qnpn13g2[area] = 1.000000000000000e+00
@q.xbgr.xq72_u7.qnpn13g2[area] = 1.000000000000000e+00
@q.xbgr.xq72_u8.qnpn13g2[area] = 1.000000000000000e+00
@q.xbgr.xq72_u9.qnpn13g2[area] = 1.000000000000000e+00
@q.xbgr.xq72_u10.qnpn13g2[area] = 1.000000000000000e+00
@q.xbgr.xq72_u11.qnpn13g2[area] = 1.000000000000000e+00
@q.xbgr.xq72_u12.qnpn13g2[area] = 1.000000000000000e+00
@q.xbgr.xq72_u13.qnpn13g2[area] = 1.000000000000000e+00
@q.xbgr.xq72_u14.qnpn13g2[area] = 1.000000000000000e+00
@q.xbgr.xq72_u15.qnpn13g2[area] = 1.000000000000000e+00
@q.xbgr.xq72_u16.qnpn13g2[area] = 1.000000000000000e+00
@q.xbgr.xq72_u17.qnpn13g2[area] = 1.000000000000000e+00
@q.xbgr.xq72_u18.qnpn13g2[area] = 1.000000000000000e+00
@q.xbgr.xq72_u19.qnpn13g2[area] = 1.000000000000000e+00
@q.xbgr.xq72_u20.qnpn13g2[area] = 1.000000000000000e+00
@q.xbgr.xq72_u21.qnpn13g2[area] = 1.000000000000000e+00
@q.xbgr.xq72_u22.qnpn13g2[area] = 1.000000000000000e+00
@q.xbgr.xq72_u23.qnpn13g2[area] = 1.000000000000000e+00
@q.xbgr.xq72_u24.qnpn13g2[area] = 1.000000000000000e+00
@q.xbgr.xq73_u2.qnpn13g2[area] = 1.000000000000000e+00
@q.xbgr.xq73_u3.qnpn13g2[area] = 1.000000000000000e+00
@q.xbgr.xq73_u4.qnpn13g2[area] = 1.000000000000000e+00
@q.xbgr.xq73_u5.qnpn13g2[area] = 1.000000000000000e+00
@q.xbgr.xq73_u6.qnpn13g2[area] = 1.000000000000000e+00
@q.xbgr.xq73_u7.qnpn13g2[area] = 1.000000000000000e+00
@q.xbgr.xq73_u8.qnpn13g2[area] = 1.000000000000000e+00
@q.xbgr.xq73_u9.qnpn13g2[area] = 1.000000000000000e+00
@q.xbgr.xq73_u10.qnpn13g2[area] = 1.000000000000000e+00
@q.xbgr.xq73_u11.qnpn13g2[area] = 1.000000000000000e+00
@q.xbgr.xq73_u12.qnpn13g2[area] = 1.000000000000000e+00
@q.xbgr.xq73_u13.qnpn13g2[area] = 1.000000000000000e+00
@q.xbgr.xq73_u14.qnpn13g2[area] = 1.000000000000000e+00
@q.xbgr.xq73_u15.qnpn13g2[area] = 1.000000000000000e+00
@q.xbgr.xq73_u16.qnpn13g2[area] = 1.000000000000000e+00
@q.xbgr.xq73_u17.qnpn13g2[area] = 1.000000000000000e+00
@q.xbgr.xq73_u18.qnpn13g2[area] = 1.000000000000000e+00
@q.xbgr.xq73_u19.qnpn13g2[area] = 1.000000000000000e+00
@q.xbgr.xq73_u20.qnpn13g2[area] = 1.000000000000000e+00
@q.xbgr.xq73_u21.qnpn13g2[area] = 1.000000000000000e+00
@q.xbgr.xq73_u22.qnpn13g2[area] = 1.000000000000000e+00
@q.xbgr.xq73_u23.qnpn13g2[area] = 1.000000000000000e+00
@q.xbgr.xq73_u24.qnpn13g2[area] = 1.000000000000000e+00
@q.xbgr.xq74_u2.qnpn13g2[area] = 1.000000000000000e+00
@q.xbgr.xq74_u3.qnpn13g2[area] = 1.000000000000000e+00
@q.xbgr.xq74_u4.qnpn13g2[area] = 1.000000000000000e+00
@q.xbgr.xq74_u5.qnpn13g2[area] = 1.000000000000000e+00
@q.xbgr.xq74_u6.qnpn13g2[area] = 1.000000000000000e+00
@q.xbgr.xq74_u7.qnpn13g2[area] = 1.000000000000000e+00
@q.xbgr.xq74_u8.qnpn13g2[area] = 1.000000000000000e+00
@q.xbgr.xq74_u9.qnpn13g2[area] = 1.000000000000000e+00
@q.xbgr.xq74_u10.qnpn13g2[area] = 1.000000000000000e+00
@q.xbgr.xq74_u11.qnpn13g2[area] = 1.000000000000000e+00
@q.xbgr.xq74_u12.qnpn13g2[area] = 1.000000000000000e+00
@q.xbgr.xq74_u13.qnpn13g2[area] = 1.000000000000000e+00
@q.xbgr.xq74_u14.qnpn13g2[area] = 1.000000000000000e+00
@q.xbgr.xq74_u15.qnpn13g2[area] = 1.000000000000000e+00
@q.xbgr.xq74_u16.qnpn13g2[area] = 1.000000000000000e+00
@q.xbgr.xq74_u17.qnpn13g2[area] = 1.000000000000000e+00
@q.xbgr.xq74_u18.qnpn13g2[area] = 1.000000000000000e+00
@q.xbgr.xq74_u19.qnpn13g2[area] = 1.000000000000000e+00
@q.xbgr.xq74_u20.qnpn13g2[area] = 1.000000000000000e+00
@q.xbgr.xq74_u21.qnpn13g2[area] = 1.000000000000000e+00
@q.xbgr.xq74_u22.qnpn13g2[area] = 1.000000000000000e+00
@q.xbgr.xq74_u23.qnpn13g2[area] = 1.000000000000000e+00
@q.xbgr.xq74_u24.qnpn13g2[area] = 1.000000000000000e+00
@q.xbgr.xq75_u2.qnpn13g2[area] = 1.000000000000000e+00
@q.xbgr.xq75_u3.qnpn13g2[area] = 1.000000000000000e+00
@q.xbgr.xq75_u4.qnpn13g2[area] = 1.000000000000000e+00
@q.xbgr.xq75_u5.qnpn13g2[area] = 1.000000000000000e+00
@q.xbgr.xq75_u6.qnpn13g2[area] = 1.000000000000000e+00
@q.xbgr.xq75_u7.qnpn13g2[area] = 1.000000000000000e+00
@q.xbgr.xq75_u8.qnpn13g2[area] = 1.000000000000000e+00
@q.xbgr.xq75_u9.qnpn13g2[area] = 1.000000000000000e+00
@q.xbgr.xq75_u10.qnpn13g2[area] = 1.000000000000000e+00
@q.xbgr.xq75_u11.qnpn13g2[area] = 1.000000000000000e+00
@q.xbgr.xq75_u12.qnpn13g2[area] = 1.000000000000000e+00
@q.xbgr.xq75_u13.qnpn13g2[area] = 1.000000000000000e+00
@q.xbgr.xq75_u14.qnpn13g2[area] = 1.000000000000000e+00
@q.xbgr.xq75_u15.qnpn13g2[area] = 1.000000000000000e+00
@q.xbgr.xq75_u16.qnpn13g2[area] = 1.000000000000000e+00
@q.xbgr.xq75_u17.qnpn13g2[area] = 1.000000000000000e+00
@q.xbgr.xq75_u18.qnpn13g2[area] = 1.000000000000000e+00
@q.xbgr.xq75_u19.qnpn13g2[area] = 1.000000000000000e+00
@q.xbgr.xq75_u20.qnpn13g2[area] = 1.000000000000000e+00
@q.xbgr.xq75_u21.qnpn13g2[area] = 1.000000000000000e+00
@q.xbgr.xq75_u22.qnpn13g2[area] = 1.000000000000000e+00
@q.xbgr.xq75_u23.qnpn13g2[area] = 1.000000000000000e+00
@q.xbgr.xq75_u24.qnpn13g2[area] = 1.000000000000000e+00
@q.xbgr.xq76_u2.qnpn13g2[area] = 1.000000000000000e+00
@q.xbgr.xq76_u3.qnpn13g2[area] = 1.000000000000000e+00
@q.xbgr.xq76_u4.qnpn13g2[area] = 1.000000000000000e+00
@q.xbgr.xq76_u5.qnpn13g2[area] = 1.000000000000000e+00
@q.xbgr.xq76_u6.qnpn13g2[area] = 1.000000000000000e+00
@q.xbgr.xq76_u7.qnpn13g2[area] = 1.000000000000000e+00
@q.xbgr.xq76_u8.qnpn13g2[area] = 1.000000000000000e+00
@q.xbgr.xq76_u9.qnpn13g2[area] = 1.000000000000000e+00
@q.xbgr.xq76_u10.qnpn13g2[area] = 1.000000000000000e+00
@q.xbgr.xq76_u11.qnpn13g2[area] = 1.000000000000000e+00
@q.xbgr.xq76_u12.qnpn13g2[area] = 1.000000000000000e+00
@q.xbgr.xq76_u13.qnpn13g2[area] = 1.000000000000000e+00
@q.xbgr.xq76_u14.qnpn13g2[area] = 1.000000000000000e+00
@q.xbgr.xq76_u15.qnpn13g2[area] = 1.000000000000000e+00
@q.xbgr.xq76_u16.qnpn13g2[area] = 1.000000000000000e+00
@q.xbgr.xq76_u17.qnpn13g2[area] = 1.000000000000000e+00
@q.xbgr.xq76_u18.qnpn13g2[area] = 1.000000000000000e+00
@q.xbgr.xq76_u19.qnpn13g2[area] = 1.000000000000000e+00
@q.xbgr.xq76_u20.qnpn13g2[area] = 1.000000000000000e+00
@q.xbgr.xq76_u21.qnpn13g2[area] = 1.000000000000000e+00
@q.xbgr.xq76_u22.qnpn13g2[area] = 1.000000000000000e+00
@q.xbgr.xq76_u23.qnpn13g2[area] = 1.000000000000000e+00
@q.xbgr.xq76_u24.qnpn13g2[area] = 1.000000000000000e+00
@n.xbgr.xr77_u2.nr1[nsmm_rsh] = 0.000000000000000e+00
@n.xbgr.xr77_u2.nr1[nsmm_w] = 0.000000000000000e+00
@n.xbgr.xr77_u2.nr1[nsmm_l] = 0.000000000000000e+00
@n.xbgr.xr77_u3.nr1[nsmm_rsh] = 0.000000000000000e+00
@n.xbgr.xr77_u3.nr1[nsmm_w] = 0.000000000000000e+00
@n.xbgr.xr77_u3.nr1[nsmm_l] = 0.000000000000000e+00
@n.xbgr.xr77_u4.nr1[nsmm_rsh] = 0.000000000000000e+00
@n.xbgr.xr77_u4.nr1[nsmm_w] = 0.000000000000000e+00
@n.xbgr.xr77_u4.nr1[nsmm_l] = 0.000000000000000e+00
@n.xbgr.xr77_u5.nr1[nsmm_rsh] = 0.000000000000000e+00
@n.xbgr.xr77_u5.nr1[nsmm_w] = 0.000000000000000e+00
@n.xbgr.xr77_u5.nr1[nsmm_l] = 0.000000000000000e+00
@n.xbgr.xr77_u6.nr1[nsmm_rsh] = 0.000000000000000e+00
@n.xbgr.xr77_u6.nr1[nsmm_w] = 0.000000000000000e+00
@n.xbgr.xr77_u6.nr1[nsmm_l] = 0.000000000000000e+00
@n.xbgr.xr77_u7.nr1[nsmm_rsh] = 0.000000000000000e+00
@n.xbgr.xr77_u7.nr1[nsmm_w] = 0.000000000000000e+00
@n.xbgr.xr77_u7.nr1[nsmm_l] = 0.000000000000000e+00
@n.xbgr.xr77_u8.nr1[nsmm_rsh] = 0.000000000000000e+00
@n.xbgr.xr77_u8.nr1[nsmm_w] = 0.000000000000000e+00
@n.xbgr.xr77_u8.nr1[nsmm_l] = 0.000000000000000e+00
@n.xbgr.xr77_u9.nr1[nsmm_rsh] = 0.000000000000000e+00
@n.xbgr.xr77_u9.nr1[nsmm_w] = 0.000000000000000e+00
@n.xbgr.xr77_u9.nr1[nsmm_l] = 0.000000000000000e+00
@n.xbgr.xr77_u10.nr1[nsmm_rsh] = 0.000000000000000e+00
@n.xbgr.xr77_u10.nr1[nsmm_w] = 0.000000000000000e+00
@n.xbgr.xr77_u10.nr1[nsmm_l] = 0.000000000000000e+00
@n.xbgr.xr77_u11.nr1[nsmm_rsh] = 0.000000000000000e+00
@n.xbgr.xr77_u11.nr1[nsmm_w] = 0.000000000000000e+00
@n.xbgr.xr77_u11.nr1[nsmm_l] = 0.000000000000000e+00
@n.xbgr.xr77_u12.nr1[nsmm_rsh] = 0.000000000000000e+00
@n.xbgr.xr77_u12.nr1[nsmm_w] = 0.000000000000000e+00
@n.xbgr.xr77_u12.nr1[nsmm_l] = 0.000000000000000e+00
@n.xbgr.xr77_u13.nr1[nsmm_rsh] = 0.000000000000000e+00
@n.xbgr.xr77_u13.nr1[nsmm_w] = 0.000000000000000e+00
@n.xbgr.xr77_u13.nr1[nsmm_l] = 0.000000000000000e+00
@n.xbgr.xr77_u14.nr1[nsmm_rsh] = 0.000000000000000e+00
@n.xbgr.xr77_u14.nr1[nsmm_w] = 0.000000000000000e+00
@n.xbgr.xr77_u14.nr1[nsmm_l] = 0.000000000000000e+00
@n.xbgr.xr77_u15.nr1[nsmm_rsh] = 0.000000000000000e+00
@n.xbgr.xr77_u15.nr1[nsmm_w] = 0.000000000000000e+00
@n.xbgr.xr77_u15.nr1[nsmm_l] = 0.000000000000000e+00
@n.xbgr.xr77_u16.nr1[nsmm_rsh] = 0.000000000000000e+00
@n.xbgr.xr77_u16.nr1[nsmm_w] = 0.000000000000000e+00
@n.xbgr.xr77_u16.nr1[nsmm_l] = 0.000000000000000e+00
@n.xbgr.xr77_u17.nr1[nsmm_rsh] = 0.000000000000000e+00
@n.xbgr.xr77_u17.nr1[nsmm_w] = 0.000000000000000e+00
@n.xbgr.xr77_u17.nr1[nsmm_l] = 0.000000000000000e+00
@n.xbgr.xr77_u18.nr1[nsmm_rsh] = 0.000000000000000e+00
@n.xbgr.xr77_u18.nr1[nsmm_w] = 0.000000000000000e+00
@n.xbgr.xr77_u18.nr1[nsmm_l] = 0.000000000000000e+00
@n.xbgr.xr77_u19.nr1[nsmm_rsh] = 0.000000000000000e+00
@n.xbgr.xr77_u19.nr1[nsmm_w] = 0.000000000000000e+00
@n.xbgr.xr77_u19.nr1[nsmm_l] = 0.000000000000000e+00
@n.xbgr.xr77_u20.nr1[nsmm_rsh] = 0.000000000000000e+00
@n.xbgr.xr77_u20.nr1[nsmm_w] = 0.000000000000000e+00
@n.xbgr.xr77_u20.nr1[nsmm_l] = 0.000000000000000e+00
@n.xbgr.xr77_u21.nr1[nsmm_rsh] = 0.000000000000000e+00
@n.xbgr.xr77_u21.nr1[nsmm_w] = 0.000000000000000e+00
@n.xbgr.xr77_u21.nr1[nsmm_l] = 0.000000000000000e+00
@n.xbgr.xr77_u22.nr1[nsmm_rsh] = 0.000000000000000e+00
@n.xbgr.xr77_u22.nr1[nsmm_w] = 0.000000000000000e+00
@n.xbgr.xr77_u22.nr1[nsmm_l] = 0.000000000000000e+00
@n.xbgr.xr77_u23.nr1[nsmm_rsh] = 0.000000000000000e+00
@n.xbgr.xr77_u23.nr1[nsmm_w] = 0.000000000000000e+00
@n.xbgr.xr77_u23.nr1[nsmm_l] = 0.000000000000000e+00
@n.xbgr.xr77_u24.nr1[nsmm_rsh] = 0.000000000000000e+00
@n.xbgr.xr77_u24.nr1[nsmm_w] = 0.000000000000000e+00
@n.xbgr.xr77_u24.nr1[nsmm_l] = 0.000000000000000e+00
@n.xbgr.xr78_u2.nr1[nsmm_rsh] = 0.000000000000000e+00
@n.xbgr.xr78_u2.nr1[nsmm_w] = 0.000000000000000e+00
@n.xbgr.xr78_u2.nr1[nsmm_l] = 0.000000000000000e+00
@n.xbgr.xr78_u3.nr1[nsmm_rsh] = 0.000000000000000e+00
@n.xbgr.xr78_u3.nr1[nsmm_w] = 0.000000000000000e+00
@n.xbgr.xr78_u3.nr1[nsmm_l] = 0.000000000000000e+00
@n.xbgr.xr78_u4.nr1[nsmm_rsh] = 0.000000000000000e+00
@n.xbgr.xr78_u4.nr1[nsmm_w] = 0.000000000000000e+00
@n.xbgr.xr78_u4.nr1[nsmm_l] = 0.000000000000000e+00
@n.xbgr.xr78_u5.nr1[nsmm_rsh] = 0.000000000000000e+00
@n.xbgr.xr78_u5.nr1[nsmm_w] = 0.000000000000000e+00
@n.xbgr.xr78_u5.nr1[nsmm_l] = 0.000000000000000e+00
@n.xbgr.xr78_u6.nr1[nsmm_rsh] = 0.000000000000000e+00
@n.xbgr.xr78_u6.nr1[nsmm_w] = 0.000000000000000e+00
@n.xbgr.xr78_u6.nr1[nsmm_l] = 0.000000000000000e+00
@n.xbgr.xr78_u7.nr1[nsmm_rsh] = 0.000000000000000e+00
@n.xbgr.xr78_u7.nr1[nsmm_w] = 0.000000000000000e+00
@n.xbgr.xr78_u7.nr1[nsmm_l] = 0.000000000000000e+00
@n.xbgr.xr78_u8.nr1[nsmm_rsh] = 0.000000000000000e+00
@n.xbgr.xr78_u8.nr1[nsmm_w] = 0.000000000000000e+00
@n.xbgr.xr78_u8.nr1[nsmm_l] = 0.000000000000000e+00
@n.xbgr.xr78_u9.nr1[nsmm_rsh] = 0.000000000000000e+00
@n.xbgr.xr78_u9.nr1[nsmm_w] = 0.000000000000000e+00
@n.xbgr.xr78_u9.nr1[nsmm_l] = 0.000000000000000e+00
@n.xbgr.xr78_u10.nr1[nsmm_rsh] = 0.000000000000000e+00
@n.xbgr.xr78_u10.nr1[nsmm_w] = 0.000000000000000e+00
@n.xbgr.xr78_u10.nr1[nsmm_l] = 0.000000000000000e+00
@n.xbgr.xr78_u11.nr1[nsmm_rsh] = 0.000000000000000e+00
@n.xbgr.xr78_u11.nr1[nsmm_w] = 0.000000000000000e+00
@n.xbgr.xr78_u11.nr1[nsmm_l] = 0.000000000000000e+00
@n.xbgr.xr78_u12.nr1[nsmm_rsh] = 0.000000000000000e+00
@n.xbgr.xr78_u12.nr1[nsmm_w] = 0.000000000000000e+00
@n.xbgr.xr78_u12.nr1[nsmm_l] = 0.000000000000000e+00
@n.xbgr.xr78_u13.nr1[nsmm_rsh] = 0.000000000000000e+00
@n.xbgr.xr78_u13.nr1[nsmm_w] = 0.000000000000000e+00
@n.xbgr.xr78_u13.nr1[nsmm_l] = 0.000000000000000e+00
@n.xbgr.xr78_u14.nr1[nsmm_rsh] = 0.000000000000000e+00
@n.xbgr.xr78_u14.nr1[nsmm_w] = 0.000000000000000e+00
@n.xbgr.xr78_u14.nr1[nsmm_l] = 0.000000000000000e+00
@n.xbgr.xr78_u15.nr1[nsmm_rsh] = 0.000000000000000e+00
@n.xbgr.xr78_u15.nr1[nsmm_w] = 0.000000000000000e+00
@n.xbgr.xr78_u15.nr1[nsmm_l] = 0.000000000000000e+00
@n.xbgr.xr78_u16.nr1[nsmm_rsh] = 0.000000000000000e+00
@n.xbgr.xr78_u16.nr1[nsmm_w] = 0.000000000000000e+00
@n.xbgr.xr78_u16.nr1[nsmm_l] = 0.000000000000000e+00
@n.xbgr.xr78_u17.nr1[nsmm_rsh] = 0.000000000000000e+00
@n.xbgr.xr78_u17.nr1[nsmm_w] = 0.000000000000000e+00
@n.xbgr.xr78_u17.nr1[nsmm_l] = 0.000000000000000e+00
@n.xbgr.xr78_u18.nr1[nsmm_rsh] = 0.000000000000000e+00
@n.xbgr.xr78_u18.nr1[nsmm_w] = 0.000000000000000e+00
@n.xbgr.xr78_u18.nr1[nsmm_l] = 0.000000000000000e+00
@n.xbgr.xr78_u19.nr1[nsmm_rsh] = 0.000000000000000e+00
@n.xbgr.xr78_u19.nr1[nsmm_w] = 0.000000000000000e+00
@n.xbgr.xr78_u19.nr1[nsmm_l] = 0.000000000000000e+00
@n.xbgr.xr78_u20.nr1[nsmm_rsh] = 0.000000000000000e+00
@n.xbgr.xr78_u20.nr1[nsmm_w] = 0.000000000000000e+00
@n.xbgr.xr78_u20.nr1[nsmm_l] = 0.000000000000000e+00
@n.xbgr.xr78_u21.nr1[nsmm_rsh] = 0.000000000000000e+00
@n.xbgr.xr78_u21.nr1[nsmm_w] = 0.000000000000000e+00
@n.xbgr.xr78_u21.nr1[nsmm_l] = 0.000000000000000e+00
@n.xbgr.xr78_u22.nr1[nsmm_rsh] = 0.000000000000000e+00
@n.xbgr.xr78_u22.nr1[nsmm_w] = 0.000000000000000e+00
@n.xbgr.xr78_u22.nr1[nsmm_l] = 0.000000000000000e+00
@n.xbgr.xr78_u23.nr1[nsmm_rsh] = 0.000000000000000e+00
@n.xbgr.xr78_u23.nr1[nsmm_w] = 0.000000000000000e+00
@n.xbgr.xr78_u23.nr1[nsmm_l] = 0.000000000000000e+00
@n.xbgr.xr78_u24.nr1[nsmm_rsh] = 0.000000000000000e+00
@n.xbgr.xr78_u24.nr1[nsmm_w] = 0.000000000000000e+00
@n.xbgr.xr78_u24.nr1[nsmm_l] = 0.000000000000000e+00
@n.xbgr.xr79_u2.nr1[nsmm_rsh] = 0.000000000000000e+00
@n.xbgr.xr79_u2.nr1[nsmm_w] = 0.000000000000000e+00
@n.xbgr.xr79_u2.nr1[nsmm_l] = 0.000000000000000e+00
@n.xbgr.xr79_u3.nr1[nsmm_rsh] = 0.000000000000000e+00
@n.xbgr.xr79_u3.nr1[nsmm_w] = 0.000000000000000e+00
@n.xbgr.xr79_u3.nr1[nsmm_l] = 0.000000000000000e+00
@n.xbgr.xr79_u4.nr1[nsmm_rsh] = 0.000000000000000e+00
@n.xbgr.xr79_u4.nr1[nsmm_w] = 0.000000000000000e+00
@n.xbgr.xr79_u4.nr1[nsmm_l] = 0.000000000000000e+00
@n.xbgr.xr79_u5.nr1[nsmm_rsh] = 0.000000000000000e+00
@n.xbgr.xr79_u5.nr1[nsmm_w] = 0.000000000000000e+00
@n.xbgr.xr79_u5.nr1[nsmm_l] = 0.000000000000000e+00
@n.xbgr.xr79_u6.nr1[nsmm_rsh] = 0.000000000000000e+00
@n.xbgr.xr79_u6.nr1[nsmm_w] = 0.000000000000000e+00
@n.xbgr.xr79_u6.nr1[nsmm_l] = 0.000000000000000e+00
@n.xbgr.xr79_u7.nr1[nsmm_rsh] = 0.000000000000000e+00
@n.xbgr.xr79_u7.nr1[nsmm_w] = 0.000000000000000e+00
@n.xbgr.xr79_u7.nr1[nsmm_l] = 0.000000000000000e+00
@n.xbgr.xr79_u8.nr1[nsmm_rsh] = 0.000000000000000e+00
@n.xbgr.xr79_u8.nr1[nsmm_w] = 0.000000000000000e+00
@n.xbgr.xr79_u8.nr1[nsmm_l] = 0.000000000000000e+00
@n.xbgr.xr79_u9.nr1[nsmm_rsh] = 0.000000000000000e+00
@n.xbgr.xr79_u9.nr1[nsmm_w] = 0.000000000000000e+00
@n.xbgr.xr79_u9.nr1[nsmm_l] = 0.000000000000000e+00
@n.xbgr.xr79_u10.nr1[nsmm_rsh] = 0.000000000000000e+00
@n.xbgr.xr79_u10.nr1[nsmm_w] = 0.000000000000000e+00
@n.xbgr.xr79_u10.nr1[nsmm_l] = 0.000000000000000e+00
@n.xbgr.xr79_u11.nr1[nsmm_rsh] = 0.000000000000000e+00
@n.xbgr.xr79_u11.nr1[nsmm_w] = 0.000000000000000e+00
@n.xbgr.xr79_u11.nr1[nsmm_l] = 0.000000000000000e+00
@n.xbgr.xr79_u12.nr1[nsmm_rsh] = 0.000000000000000e+00
@n.xbgr.xr79_u12.nr1[nsmm_w] = 0.000000000000000e+00
@n.xbgr.xr79_u12.nr1[nsmm_l] = 0.000000000000000e+00
@n.xbgr.xr79_u13.nr1[nsmm_rsh] = 0.000000000000000e+00
@n.xbgr.xr79_u13.nr1[nsmm_w] = 0.000000000000000e+00
@n.xbgr.xr79_u13.nr1[nsmm_l] = 0.000000000000000e+00
@n.xbgr.xr79_u14.nr1[nsmm_rsh] = 0.000000000000000e+00
@n.xbgr.xr79_u14.nr1[nsmm_w] = 0.000000000000000e+00
@n.xbgr.xr79_u14.nr1[nsmm_l] = 0.000000000000000e+00
@n.xbgr.xr79_u15.nr1[nsmm_rsh] = 0.000000000000000e+00
@n.xbgr.xr79_u15.nr1[nsmm_w] = 0.000000000000000e+00
@n.xbgr.xr79_u15.nr1[nsmm_l] = 0.000000000000000e+00
@n.xbgr.xr79_u16.nr1[nsmm_rsh] = 0.000000000000000e+00
@n.xbgr.xr79_u16.nr1[nsmm_w] = 0.000000000000000e+00
@n.xbgr.xr79_u16.nr1[nsmm_l] = 0.000000000000000e+00
@n.xbgr.xr79_u17.nr1[nsmm_rsh] = 0.000000000000000e+00
@n.xbgr.xr79_u17.nr1[nsmm_w] = 0.000000000000000e+00
@n.xbgr.xr79_u17.nr1[nsmm_l] = 0.000000000000000e+00
@n.xbgr.xr79_u18.nr1[nsmm_rsh] = 0.000000000000000e+00
@n.xbgr.xr79_u18.nr1[nsmm_w] = 0.000000000000000e+00
@n.xbgr.xr79_u18.nr1[nsmm_l] = 0.000000000000000e+00
@n.xbgr.xr79_u19.nr1[nsmm_rsh] = 0.000000000000000e+00
@n.xbgr.xr79_u19.nr1[nsmm_w] = 0.000000000000000e+00
@n.xbgr.xr79_u19.nr1[nsmm_l] = 0.000000000000000e+00
@n.xbgr.xr79_u20.nr1[nsmm_rsh] = 0.000000000000000e+00
@n.xbgr.xr79_u20.nr1[nsmm_w] = 0.000000000000000e+00
@n.xbgr.xr79_u20.nr1[nsmm_l] = 0.000000000000000e+00
@n.xbgr.xr79_u21.nr1[nsmm_rsh] = 0.000000000000000e+00
@n.xbgr.xr79_u21.nr1[nsmm_w] = 0.000000000000000e+00
@n.xbgr.xr79_u21.nr1[nsmm_l] = 0.000000000000000e+00
@n.xbgr.xr79_u22.nr1[nsmm_rsh] = 0.000000000000000e+00
@n.xbgr.xr79_u22.nr1[nsmm_w] = 0.000000000000000e+00
@n.xbgr.xr79_u22.nr1[nsmm_l] = 0.000000000000000e+00
@n.xbgr.xr79_u23.nr1[nsmm_rsh] = 0.000000000000000e+00
@n.xbgr.xr79_u23.nr1[nsmm_w] = 0.000000000000000e+00
@n.xbgr.xr79_u23.nr1[nsmm_l] = 0.000000000000000e+00
@n.xbgr.xr79_u24.nr1[nsmm_rsh] = 0.000000000000000e+00
@n.xbgr.xr79_u24.nr1[nsmm_w] = 0.000000000000000e+00
@n.xbgr.xr79_u24.nr1[nsmm_l] = 0.000000000000000e+00
@n.xbgr.xr80_u2.nr1[nsmm_rsh] = 0.000000000000000e+00
@n.xbgr.xr80_u2.nr1[nsmm_w] = 0.000000000000000e+00
@n.xbgr.xr80_u2.nr1[nsmm_l] = 0.000000000000000e+00
@n.xbgr.xr80_u3.nr1[nsmm_rsh] = 0.000000000000000e+00
@n.xbgr.xr80_u3.nr1[nsmm_w] = 0.000000000000000e+00
@n.xbgr.xr80_u3.nr1[nsmm_l] = 0.000000000000000e+00
@n.xbgr.xr80_u4.nr1[nsmm_rsh] = 0.000000000000000e+00
@n.xbgr.xr80_u4.nr1[nsmm_w] = 0.000000000000000e+00
@n.xbgr.xr80_u4.nr1[nsmm_l] = 0.000000000000000e+00
@n.xbgr.xr80_u5.nr1[nsmm_rsh] = 0.000000000000000e+00
@n.xbgr.xr80_u5.nr1[nsmm_w] = 0.000000000000000e+00
@n.xbgr.xr80_u5.nr1[nsmm_l] = 0.000000000000000e+00
@n.xbgr.xr80_u6.nr1[nsmm_rsh] = 0.000000000000000e+00
@n.xbgr.xr80_u6.nr1[nsmm_w] = 0.000000000000000e+00
@n.xbgr.xr80_u6.nr1[nsmm_l] = 0.000000000000000e+00
@n.xbgr.xr80_u7.nr1[nsmm_rsh] = 0.000000000000000e+00
@n.xbgr.xr80_u7.nr1[nsmm_w] = 0.000000000000000e+00
@n.xbgr.xr80_u7.nr1[nsmm_l] = 0.000000000000000e+00
@n.xbgr.xr80_u8.nr1[nsmm_rsh] = 0.000000000000000e+00
@n.xbgr.xr80_u8.nr1[nsmm_w] = 0.000000000000000e+00
@n.xbgr.xr80_u8.nr1[nsmm_l] = 0.000000000000000e+00
@n.xbgr.xr80_u9.nr1[nsmm_rsh] = 0.000000000000000e+00
@n.xbgr.xr80_u9.nr1[nsmm_w] = 0.000000000000000e+00
@n.xbgr.xr80_u9.nr1[nsmm_l] = 0.000000000000000e+00
@n.xbgr.xr80_u10.nr1[nsmm_rsh] = 0.000000000000000e+00
@n.xbgr.xr80_u10.nr1[nsmm_w] = 0.000000000000000e+00
@n.xbgr.xr80_u10.nr1[nsmm_l] = 0.000000000000000e+00
@n.xbgr.xr80_u11.nr1[nsmm_rsh] = 0.000000000000000e+00
@n.xbgr.xr80_u11.nr1[nsmm_w] = 0.000000000000000e+00
@n.xbgr.xr80_u11.nr1[nsmm_l] = 0.000000000000000e+00
@n.xbgr.xr80_u12.nr1[nsmm_rsh] = 0.000000000000000e+00
@n.xbgr.xr80_u12.nr1[nsmm_w] = 0.000000000000000e+00
@n.xbgr.xr80_u12.nr1[nsmm_l] = 0.000000000000000e+00
@n.xbgr.xr80_u13.nr1[nsmm_rsh] = 0.000000000000000e+00
@n.xbgr.xr80_u13.nr1[nsmm_w] = 0.000000000000000e+00
@n.xbgr.xr80_u13.nr1[nsmm_l] = 0.000000000000000e+00
@n.xbgr.xr80_u14.nr1[nsmm_rsh] = 0.000000000000000e+00
@n.xbgr.xr80_u14.nr1[nsmm_w] = 0.000000000000000e+00
@n.xbgr.xr80_u14.nr1[nsmm_l] = 0.000000000000000e+00
@n.xbgr.xr80_u15.nr1[nsmm_rsh] = 0.000000000000000e+00
@n.xbgr.xr80_u15.nr1[nsmm_w] = 0.000000000000000e+00
@n.xbgr.xr80_u15.nr1[nsmm_l] = 0.000000000000000e+00
@n.xbgr.xr80_u16.nr1[nsmm_rsh] = 0.000000000000000e+00
@n.xbgr.xr80_u16.nr1[nsmm_w] = 0.000000000000000e+00
@n.xbgr.xr80_u16.nr1[nsmm_l] = 0.000000000000000e+00
@n.xbgr.xr80_u17.nr1[nsmm_rsh] = 0.000000000000000e+00
@n.xbgr.xr80_u17.nr1[nsmm_w] = 0.000000000000000e+00
@n.xbgr.xr80_u17.nr1[nsmm_l] = 0.000000000000000e+00
@n.xbgr.xr80_u18.nr1[nsmm_rsh] = 0.000000000000000e+00
@n.xbgr.xr80_u18.nr1[nsmm_w] = 0.000000000000000e+00
@n.xbgr.xr80_u18.nr1[nsmm_l] = 0.000000000000000e+00
@n.xbgr.xr80_u19.nr1[nsmm_rsh] = 0.000000000000000e+00
@n.xbgr.xr80_u19.nr1[nsmm_w] = 0.000000000000000e+00
@n.xbgr.xr80_u19.nr1[nsmm_l] = 0.000000000000000e+00
@n.xbgr.xr80_u20.nr1[nsmm_rsh] = 0.000000000000000e+00
@n.xbgr.xr80_u20.nr1[nsmm_w] = 0.000000000000000e+00
@n.xbgr.xr80_u20.nr1[nsmm_l] = 0.000000000000000e+00
@n.xbgr.xr80_u21.nr1[nsmm_rsh] = 0.000000000000000e+00
@n.xbgr.xr80_u21.nr1[nsmm_w] = 0.000000000000000e+00
@n.xbgr.xr80_u21.nr1[nsmm_l] = 0.000000000000000e+00
@n.xbgr.xr80_u22.nr1[nsmm_rsh] = 0.000000000000000e+00
@n.xbgr.xr80_u22.nr1[nsmm_w] = 0.000000000000000e+00
@n.xbgr.xr80_u22.nr1[nsmm_l] = 0.000000000000000e+00
@n.xbgr.xr80_u23.nr1[nsmm_rsh] = 0.000000000000000e+00
@n.xbgr.xr80_u23.nr1[nsmm_w] = 0.000000000000000e+00
@n.xbgr.xr80_u23.nr1[nsmm_l] = 0.000000000000000e+00
@n.xbgr.xr80_u24.nr1[nsmm_rsh] = 0.000000000000000e+00
@n.xbgr.xr80_u24.nr1[nsmm_w] = 0.000000000000000e+00
@n.xbgr.xr80_u24.nr1[nsmm_l] = 0.000000000000000e+00
@n.xbgr.xr81_u2.nr1[nsmm_rsh] = 0.000000000000000e+00
@n.xbgr.xr81_u2.nr1[nsmm_w] = 0.000000000000000e+00
@n.xbgr.xr81_u2.nr1[nsmm_l] = 0.000000000000000e+00
@n.xbgr.xr81_u3.nr1[nsmm_rsh] = 0.000000000000000e+00
@n.xbgr.xr81_u3.nr1[nsmm_w] = 0.000000000000000e+00
@n.xbgr.xr81_u3.nr1[nsmm_l] = 0.000000000000000e+00
@n.xbgr.xr81_u4.nr1[nsmm_rsh] = 0.000000000000000e+00
@n.xbgr.xr81_u4.nr1[nsmm_w] = 0.000000000000000e+00
@n.xbgr.xr81_u4.nr1[nsmm_l] = 0.000000000000000e+00
@n.xbgr.xr81_u5.nr1[nsmm_rsh] = 0.000000000000000e+00
@n.xbgr.xr81_u5.nr1[nsmm_w] = 0.000000000000000e+00
@n.xbgr.xr81_u5.nr1[nsmm_l] = 0.000000000000000e+00
@n.xbgr.xr81_u6.nr1[nsmm_rsh] = 0.000000000000000e+00
@n.xbgr.xr81_u6.nr1[nsmm_w] = 0.000000000000000e+00
@n.xbgr.xr81_u6.nr1[nsmm_l] = 0.000000000000000e+00
@n.xbgr.xr81_u7.nr1[nsmm_rsh] = 0.000000000000000e+00
@n.xbgr.xr81_u7.nr1[nsmm_w] = 0.000000000000000e+00
@n.xbgr.xr81_u7.nr1[nsmm_l] = 0.000000000000000e+00
@n.xbgr.xr81_u8.nr1[nsmm_rsh] = 0.000000000000000e+00
@n.xbgr.xr81_u8.nr1[nsmm_w] = 0.000000000000000e+00
@n.xbgr.xr81_u8.nr1[nsmm_l] = 0.000000000000000e+00
@n.xbgr.xr81_u9.nr1[nsmm_rsh] = 0.000000000000000e+00
@n.xbgr.xr81_u9.nr1[nsmm_w] = 0.000000000000000e+00
@n.xbgr.xr81_u9.nr1[nsmm_l] = 0.000000000000000e+00
@n.xbgr.xr81_u10.nr1[nsmm_rsh] = 0.000000000000000e+00
@n.xbgr.xr81_u10.nr1[nsmm_w] = 0.000000000000000e+00
@n.xbgr.xr81_u10.nr1[nsmm_l] = 0.000000000000000e+00
@n.xbgr.xr81_u11.nr1[nsmm_rsh] = 0.000000000000000e+00
@n.xbgr.xr81_u11.nr1[nsmm_w] = 0.000000000000000e+00
@n.xbgr.xr81_u11.nr1[nsmm_l] = 0.000000000000000e+00
@n.xbgr.xr81_u12.nr1[nsmm_rsh] = 0.000000000000000e+00
@n.xbgr.xr81_u12.nr1[nsmm_w] = 0.000000000000000e+00
@n.xbgr.xr81_u12.nr1[nsmm_l] = 0.000000000000000e+00
@n.xbgr.xr81_u13.nr1[nsmm_rsh] = 0.000000000000000e+00
@n.xbgr.xr81_u13.nr1[nsmm_w] = 0.000000000000000e+00
@n.xbgr.xr81_u13.nr1[nsmm_l] = 0.000000000000000e+00
@n.xbgr.xr81_u14.nr1[nsmm_rsh] = 0.000000000000000e+00
@n.xbgr.xr81_u14.nr1[nsmm_w] = 0.000000000000000e+00
@n.xbgr.xr81_u14.nr1[nsmm_l] = 0.000000000000000e+00
@n.xbgr.xr81_u15.nr1[nsmm_rsh] = 0.000000000000000e+00
@n.xbgr.xr81_u15.nr1[nsmm_w] = 0.000000000000000e+00
@n.xbgr.xr81_u15.nr1[nsmm_l] = 0.000000000000000e+00
@n.xbgr.xr81_u16.nr1[nsmm_rsh] = 0.000000000000000e+00
@n.xbgr.xr81_u16.nr1[nsmm_w] = 0.000000000000000e+00
@n.xbgr.xr81_u16.nr1[nsmm_l] = 0.000000000000000e+00
@n.xbgr.xr81_u17.nr1[nsmm_rsh] = 0.000000000000000e+00
@n.xbgr.xr81_u17.nr1[nsmm_w] = 0.000000000000000e+00
@n.xbgr.xr81_u17.nr1[nsmm_l] = 0.000000000000000e+00
@n.xbgr.xr81_u18.nr1[nsmm_rsh] = 0.000000000000000e+00
@n.xbgr.xr81_u18.nr1[nsmm_w] = 0.000000000000000e+00
@n.xbgr.xr81_u18.nr1[nsmm_l] = 0.000000000000000e+00
@n.xbgr.xr81_u19.nr1[nsmm_rsh] = 0.000000000000000e+00
@n.xbgr.xr81_u19.nr1[nsmm_w] = 0.000000000000000e+00
@n.xbgr.xr81_u19.nr1[nsmm_l] = 0.000000000000000e+00
@n.xbgr.xr81_u20.nr1[nsmm_rsh] = 0.000000000000000e+00
@n.xbgr.xr81_u20.nr1[nsmm_w] = 0.000000000000000e+00
@n.xbgr.xr81_u20.nr1[nsmm_l] = 0.000000000000000e+00
@n.xbgr.xr81_u21.nr1[nsmm_rsh] = 0.000000000000000e+00
@n.xbgr.xr81_u21.nr1[nsmm_w] = 0.000000000000000e+00
@n.xbgr.xr81_u21.nr1[nsmm_l] = 0.000000000000000e+00
@n.xbgr.xr81_u22.nr1[nsmm_rsh] = 0.000000000000000e+00
@n.xbgr.xr81_u22.nr1[nsmm_w] = 0.000000000000000e+00
@n.xbgr.xr81_u22.nr1[nsmm_l] = 0.000000000000000e+00
@n.xbgr.xr81_u23.nr1[nsmm_rsh] = 0.000000000000000e+00
@n.xbgr.xr81_u23.nr1[nsmm_w] = 0.000000000000000e+00
@n.xbgr.xr81_u23.nr1[nsmm_l] = 0.000000000000000e+00
@n.xbgr.xr81_u24.nr1[nsmm_rsh] = 0.000000000000000e+00
@n.xbgr.xr81_u24.nr1[nsmm_w] = 0.000000000000000e+00
@n.xbgr.xr81_u24.nr1[nsmm_l] = 0.000000000000000e+00
@n.xbgr.xr82_u2.nr1[nsmm_rsh] = 0.000000000000000e+00
@n.xbgr.xr82_u2.nr1[nsmm_w] = 0.000000000000000e+00
@n.xbgr.xr82_u2.nr1[nsmm_l] = 0.000000000000000e+00
@n.xbgr.xr82_u3.nr1[nsmm_rsh] = 0.000000000000000e+00
@n.xbgr.xr82_u3.nr1[nsmm_w] = 0.000000000000000e+00
@n.xbgr.xr82_u3.nr1[nsmm_l] = 0.000000000000000e+00
@n.xbgr.xr82_u4.nr1[nsmm_rsh] = 0.000000000000000e+00
@n.xbgr.xr82_u4.nr1[nsmm_w] = 0.000000000000000e+00
@n.xbgr.xr82_u4.nr1[nsmm_l] = 0.000000000000000e+00
@n.xbgr.xr82_u5.nr1[nsmm_rsh] = 0.000000000000000e+00
@n.xbgr.xr82_u5.nr1[nsmm_w] = 0.000000000000000e+00
@n.xbgr.xr82_u5.nr1[nsmm_l] = 0.000000000000000e+00
@n.xbgr.xr82_u6.nr1[nsmm_rsh] = 0.000000000000000e+00
@n.xbgr.xr82_u6.nr1[nsmm_w] = 0.000000000000000e+00
@n.xbgr.xr82_u6.nr1[nsmm_l] = 0.000000000000000e+00
@n.xbgr.xr82_u7.nr1[nsmm_rsh] = 0.000000000000000e+00
@n.xbgr.xr82_u7.nr1[nsmm_w] = 0.000000000000000e+00
@n.xbgr.xr82_u7.nr1[nsmm_l] = 0.000000000000000e+00
@n.xbgr.xr82_u8.nr1[nsmm_rsh] = 0.000000000000000e+00
@n.xbgr.xr82_u8.nr1[nsmm_w] = 0.000000000000000e+00
@n.xbgr.xr82_u8.nr1[nsmm_l] = 0.000000000000000e+00
@n.xbgr.xr82_u9.nr1[nsmm_rsh] = 0.000000000000000e+00
@n.xbgr.xr82_u9.nr1[nsmm_w] = 0.000000000000000e+00
@n.xbgr.xr82_u9.nr1[nsmm_l] = 0.000000000000000e+00
@n.xbgr.xr82_u10.nr1[nsmm_rsh] = 0.000000000000000e+00
@n.xbgr.xr82_u10.nr1[nsmm_w] = 0.000000000000000e+00
@n.xbgr.xr82_u10.nr1[nsmm_l] = 0.000000000000000e+00
@n.xbgr.xr82_u11.nr1[nsmm_rsh] = 0.000000000000000e+00
@n.xbgr.xr82_u11.nr1[nsmm_w] = 0.000000000000000e+00
@n.xbgr.xr82_u11.nr1[nsmm_l] = 0.000000000000000e+00
@n.xbgr.xr82_u12.nr1[nsmm_rsh] = 0.000000000000000e+00
@n.xbgr.xr82_u12.nr1[nsmm_w] = 0.000000000000000e+00
@n.xbgr.xr82_u12.nr1[nsmm_l] = 0.000000000000000e+00
@n.xbgr.xr82_u13.nr1[nsmm_rsh] = 0.000000000000000e+00
@n.xbgr.xr82_u13.nr1[nsmm_w] = 0.000000000000000e+00
@n.xbgr.xr82_u13.nr1[nsmm_l] = 0.000000000000000e+00
@n.xbgr.xr82_u14.nr1[nsmm_rsh] = 0.000000000000000e+00
@n.xbgr.xr82_u14.nr1[nsmm_w] = 0.000000000000000e+00
@n.xbgr.xr82_u14.nr1[nsmm_l] = 0.000000000000000e+00
@n.xbgr.xr82_u15.nr1[nsmm_rsh] = 0.000000000000000e+00
@n.xbgr.xr82_u15.nr1[nsmm_w] = 0.000000000000000e+00
@n.xbgr.xr82_u15.nr1[nsmm_l] = 0.000000000000000e+00
@n.xbgr.xr82_u16.nr1[nsmm_rsh] = 0.000000000000000e+00
@n.xbgr.xr82_u16.nr1[nsmm_w] = 0.000000000000000e+00
@n.xbgr.xr82_u16.nr1[nsmm_l] = 0.000000000000000e+00
@n.xbgr.xr82_u17.nr1[nsmm_rsh] = 0.000000000000000e+00
@n.xbgr.xr82_u17.nr1[nsmm_w] = 0.000000000000000e+00
@n.xbgr.xr82_u17.nr1[nsmm_l] = 0.000000000000000e+00
@n.xbgr.xr82_u18.nr1[nsmm_rsh] = 0.000000000000000e+00
@n.xbgr.xr82_u18.nr1[nsmm_w] = 0.000000000000000e+00
@n.xbgr.xr82_u18.nr1[nsmm_l] = 0.000000000000000e+00
@n.xbgr.xr82_u19.nr1[nsmm_rsh] = 0.000000000000000e+00
@n.xbgr.xr82_u19.nr1[nsmm_w] = 0.000000000000000e+00
@n.xbgr.xr82_u19.nr1[nsmm_l] = 0.000000000000000e+00
@n.xbgr.xr82_u20.nr1[nsmm_rsh] = 0.000000000000000e+00
@n.xbgr.xr82_u20.nr1[nsmm_w] = 0.000000000000000e+00
@n.xbgr.xr82_u20.nr1[nsmm_l] = 0.000000000000000e+00
@n.xbgr.xr82_u21.nr1[nsmm_rsh] = 0.000000000000000e+00
@n.xbgr.xr82_u21.nr1[nsmm_w] = 0.000000000000000e+00
@n.xbgr.xr82_u21.nr1[nsmm_l] = 0.000000000000000e+00
@n.xbgr.xr82_u22.nr1[nsmm_rsh] = 0.000000000000000e+00
@n.xbgr.xr82_u22.nr1[nsmm_w] = 0.000000000000000e+00
@n.xbgr.xr82_u22.nr1[nsmm_l] = 0.000000000000000e+00
@n.xbgr.xr82_u23.nr1[nsmm_rsh] = 0.000000000000000e+00
@n.xbgr.xr82_u23.nr1[nsmm_w] = 0.000000000000000e+00
@n.xbgr.xr82_u23.nr1[nsmm_l] = 0.000000000000000e+00
@n.xbgr.xr82_u24.nr1[nsmm_rsh] = 0.000000000000000e+00
@n.xbgr.xr82_u24.nr1[nsmm_w] = 0.000000000000000e+00
@n.xbgr.xr82_u24.nr1[nsmm_l] = 0.000000000000000e+00
@n.xbgr.xr83_u2.nr1[nsmm_rsh] = 0.000000000000000e+00
@n.xbgr.xr83_u2.nr1[nsmm_w] = 0.000000000000000e+00
@n.xbgr.xr83_u2.nr1[nsmm_l] = 0.000000000000000e+00
@n.xbgr.xr83_u3.nr1[nsmm_rsh] = 0.000000000000000e+00
@n.xbgr.xr83_u3.nr1[nsmm_w] = 0.000000000000000e+00
@n.xbgr.xr83_u3.nr1[nsmm_l] = 0.000000000000000e+00
@n.xbgr.xr83_u4.nr1[nsmm_rsh] = 0.000000000000000e+00
@n.xbgr.xr83_u4.nr1[nsmm_w] = 0.000000000000000e+00
@n.xbgr.xr83_u4.nr1[nsmm_l] = 0.000000000000000e+00
@n.xbgr.xr83_u5.nr1[nsmm_rsh] = 0.000000000000000e+00
@n.xbgr.xr83_u5.nr1[nsmm_w] = 0.000000000000000e+00
@n.xbgr.xr83_u5.nr1[nsmm_l] = 0.000000000000000e+00
@n.xbgr.xr83_u6.nr1[nsmm_rsh] = 0.000000000000000e+00
@n.xbgr.xr83_u6.nr1[nsmm_w] = 0.000000000000000e+00
@n.xbgr.xr83_u6.nr1[nsmm_l] = 0.000000000000000e+00
@n.xbgr.xr83_u7.nr1[nsmm_rsh] = 0.000000000000000e+00
@n.xbgr.xr83_u7.nr1[nsmm_w] = 0.000000000000000e+00
@n.xbgr.xr83_u7.nr1[nsmm_l] = 0.000000000000000e+00
@n.xbgr.xr83_u8.nr1[nsmm_rsh] = 0.000000000000000e+00
@n.xbgr.xr83_u8.nr1[nsmm_w] = 0.000000000000000e+00
@n.xbgr.xr83_u8.nr1[nsmm_l] = 0.000000000000000e+00
@n.xbgr.xr83_u9.nr1[nsmm_rsh] = 0.000000000000000e+00
@n.xbgr.xr83_u9.nr1[nsmm_w] = 0.000000000000000e+00
@n.xbgr.xr83_u9.nr1[nsmm_l] = 0.000000000000000e+00
@n.xbgr.xr83_u10.nr1[nsmm_rsh] = 0.000000000000000e+00
@n.xbgr.xr83_u10.nr1[nsmm_w] = 0.000000000000000e+00
@n.xbgr.xr83_u10.nr1[nsmm_l] = 0.000000000000000e+00
@n.xbgr.xr83_u11.nr1[nsmm_rsh] = 0.000000000000000e+00
@n.xbgr.xr83_u11.nr1[nsmm_w] = 0.000000000000000e+00
@n.xbgr.xr83_u11.nr1[nsmm_l] = 0.000000000000000e+00
@n.xbgr.xr83_u12.nr1[nsmm_rsh] = 0.000000000000000e+00
@n.xbgr.xr83_u12.nr1[nsmm_w] = 0.000000000000000e+00
@n.xbgr.xr83_u12.nr1[nsmm_l] = 0.000000000000000e+00
@n.xbgr.xr83_u13.nr1[nsmm_rsh] = 0.000000000000000e+00
@n.xbgr.xr83_u13.nr1[nsmm_w] = 0.000000000000000e+00
@n.xbgr.xr83_u13.nr1[nsmm_l] = 0.000000000000000e+00
@n.xbgr.xr83_u14.nr1[nsmm_rsh] = 0.000000000000000e+00
@n.xbgr.xr83_u14.nr1[nsmm_w] = 0.000000000000000e+00
@n.xbgr.xr83_u14.nr1[nsmm_l] = 0.000000000000000e+00
@n.xbgr.xr83_u15.nr1[nsmm_rsh] = 0.000000000000000e+00
@n.xbgr.xr83_u15.nr1[nsmm_w] = 0.000000000000000e+00
@n.xbgr.xr83_u15.nr1[nsmm_l] = 0.000000000000000e+00
@n.xbgr.xr83_u16.nr1[nsmm_rsh] = 0.000000000000000e+00
@n.xbgr.xr83_u16.nr1[nsmm_w] = 0.000000000000000e+00
@n.xbgr.xr83_u16.nr1[nsmm_l] = 0.000000000000000e+00
@n.xbgr.xr83_u17.nr1[nsmm_rsh] = 0.000000000000000e+00
@n.xbgr.xr83_u17.nr1[nsmm_w] = 0.000000000000000e+00
@n.xbgr.xr83_u17.nr1[nsmm_l] = 0.000000000000000e+00
@n.xbgr.xr83_u18.nr1[nsmm_rsh] = 0.000000000000000e+00
@n.xbgr.xr83_u18.nr1[nsmm_w] = 0.000000000000000e+00
@n.xbgr.xr83_u18.nr1[nsmm_l] = 0.000000000000000e+00
@n.xbgr.xr83_u19.nr1[nsmm_rsh] = 0.000000000000000e+00
@n.xbgr.xr83_u19.nr1[nsmm_w] = 0.000000000000000e+00
@n.xbgr.xr83_u19.nr1[nsmm_l] = 0.000000000000000e+00
@n.xbgr.xr83_u20.nr1[nsmm_rsh] = 0.000000000000000e+00
@n.xbgr.xr83_u20.nr1[nsmm_w] = 0.000000000000000e+00
@n.xbgr.xr83_u20.nr1[nsmm_l] = 0.000000000000000e+00
@n.xbgr.xr83_u21.nr1[nsmm_rsh] = 0.000000000000000e+00
@n.xbgr.xr83_u21.nr1[nsmm_w] = 0.000000000000000e+00
@n.xbgr.xr83_u21.nr1[nsmm_l] = 0.000000000000000e+00
@n.xbgr.xr83_u22.nr1[nsmm_rsh] = 0.000000000000000e+00
@n.xbgr.xr83_u22.nr1[nsmm_w] = 0.000000000000000e+00
@n.xbgr.xr83_u22.nr1[nsmm_l] = 0.000000000000000e+00
@n.xbgr.xr83_u23.nr1[nsmm_rsh] = 0.000000000000000e+00
@n.xbgr.xr83_u23.nr1[nsmm_w] = 0.000000000000000e+00
@n.xbgr.xr83_u23.nr1[nsmm_l] = 0.000000000000000e+00
@n.xbgr.xr83_u24.nr1[nsmm_rsh] = 0.000000000000000e+00
@n.xbgr.xr83_u24.nr1[nsmm_w] = 0.000000000000000e+00
@n.xbgr.xr83_u24.nr1[nsmm_l] = 0.000000000000000e+00
@n.xbgr.xr84_u2.nr1[nsmm_rsh] = 0.000000000000000e+00
@n.xbgr.xr84_u2.nr1[nsmm_w] = 0.000000000000000e+00
@n.xbgr.xr84_u2.nr1[nsmm_l] = 0.000000000000000e+00
@n.xbgr.xr84_u3.nr1[nsmm_rsh] = 0.000000000000000e+00
@n.xbgr.xr84_u3.nr1[nsmm_w] = 0.000000000000000e+00
@n.xbgr.xr84_u3.nr1[nsmm_l] = 0.000000000000000e+00
@n.xbgr.xr84_u4.nr1[nsmm_rsh] = 0.000000000000000e+00
@n.xbgr.xr84_u4.nr1[nsmm_w] = 0.000000000000000e+00
@n.xbgr.xr84_u4.nr1[nsmm_l] = 0.000000000000000e+00
@n.xbgr.xr84_u5.nr1[nsmm_rsh] = 0.000000000000000e+00
@n.xbgr.xr84_u5.nr1[nsmm_w] = 0.000000000000000e+00
@n.xbgr.xr84_u5.nr1[nsmm_l] = 0.000000000000000e+00
@n.xbgr.xr84_u6.nr1[nsmm_rsh] = 0.000000000000000e+00
@n.xbgr.xr84_u6.nr1[nsmm_w] = 0.000000000000000e+00
@n.xbgr.xr84_u6.nr1[nsmm_l] = 0.000000000000000e+00
@n.xbgr.xr84_u7.nr1[nsmm_rsh] = 0.000000000000000e+00
@n.xbgr.xr84_u7.nr1[nsmm_w] = 0.000000000000000e+00
@n.xbgr.xr84_u7.nr1[nsmm_l] = 0.000000000000000e+00
@n.xbgr.xr84_u8.nr1[nsmm_rsh] = 0.000000000000000e+00
@n.xbgr.xr84_u8.nr1[nsmm_w] = 0.000000000000000e+00
@n.xbgr.xr84_u8.nr1[nsmm_l] = 0.000000000000000e+00
@n.xbgr.xr84_u9.nr1[nsmm_rsh] = 0.000000000000000e+00
@n.xbgr.xr84_u9.nr1[nsmm_w] = 0.000000000000000e+00
@n.xbgr.xr84_u9.nr1[nsmm_l] = 0.000000000000000e+00
@n.xbgr.xr84_u10.nr1[nsmm_rsh] = 0.000000000000000e+00
@n.xbgr.xr84_u10.nr1[nsmm_w] = 0.000000000000000e+00
@n.xbgr.xr84_u10.nr1[nsmm_l] = 0.000000000000000e+00
@n.xbgr.xr84_u11.nr1[nsmm_rsh] = 0.000000000000000e+00
@n.xbgr.xr84_u11.nr1[nsmm_w] = 0.000000000000000e+00
@n.xbgr.xr84_u11.nr1[nsmm_l] = 0.000000000000000e+00
@n.xbgr.xr84_u12.nr1[nsmm_rsh] = 0.000000000000000e+00
@n.xbgr.xr84_u12.nr1[nsmm_w] = 0.000000000000000e+00
@n.xbgr.xr84_u12.nr1[nsmm_l] = 0.000000000000000e+00
@n.xbgr.xr84_u13.nr1[nsmm_rsh] = 0.000000000000000e+00
@n.xbgr.xr84_u13.nr1[nsmm_w] = 0.000000000000000e+00
@n.xbgr.xr84_u13.nr1[nsmm_l] = 0.000000000000000e+00
@n.xbgr.xr84_u14.nr1[nsmm_rsh] = 0.000000000000000e+00
@n.xbgr.xr84_u14.nr1[nsmm_w] = 0.000000000000000e+00
@n.xbgr.xr84_u14.nr1[nsmm_l] = 0.000000000000000e+00
@n.xbgr.xr84_u15.nr1[nsmm_rsh] = 0.000000000000000e+00
@n.xbgr.xr84_u15.nr1[nsmm_w] = 0.000000000000000e+00
@n.xbgr.xr84_u15.nr1[nsmm_l] = 0.000000000000000e+00
@n.xbgr.xr84_u16.nr1[nsmm_rsh] = 0.000000000000000e+00
@n.xbgr.xr84_u16.nr1[nsmm_w] = 0.000000000000000e+00
@n.xbgr.xr84_u16.nr1[nsmm_l] = 0.000000000000000e+00
@n.xbgr.xr84_u17.nr1[nsmm_rsh] = 0.000000000000000e+00
@n.xbgr.xr84_u17.nr1[nsmm_w] = 0.000000000000000e+00
@n.xbgr.xr84_u17.nr1[nsmm_l] = 0.000000000000000e+00
@n.xbgr.xr84_u18.nr1[nsmm_rsh] = 0.000000000000000e+00
@n.xbgr.xr84_u18.nr1[nsmm_w] = 0.000000000000000e+00
@n.xbgr.xr84_u18.nr1[nsmm_l] = 0.000000000000000e+00
@n.xbgr.xr84_u19.nr1[nsmm_rsh] = 0.000000000000000e+00
@n.xbgr.xr84_u19.nr1[nsmm_w] = 0.000000000000000e+00
@n.xbgr.xr84_u19.nr1[nsmm_l] = 0.000000000000000e+00
@n.xbgr.xr84_u20.nr1[nsmm_rsh] = 0.000000000000000e+00
@n.xbgr.xr84_u20.nr1[nsmm_w] = 0.000000000000000e+00
@n.xbgr.xr84_u20.nr1[nsmm_l] = 0.000000000000000e+00
@n.xbgr.xr84_u21.nr1[nsmm_rsh] = 0.000000000000000e+00
@n.xbgr.xr84_u21.nr1[nsmm_w] = 0.000000000000000e+00
@n.xbgr.xr84_u21.nr1[nsmm_l] = 0.000000000000000e+00
@n.xbgr.xr84_u22.nr1[nsmm_rsh] = 0.000000000000000e+00
@n.xbgr.xr84_u22.nr1[nsmm_w] = 0.000000000000000e+00
@n.xbgr.xr84_u22.nr1[nsmm_l] = 0.000000000000000e+00
@n.xbgr.xr84_u23.nr1[nsmm_rsh] = 0.000000000000000e+00
@n.xbgr.xr84_u23.nr1[nsmm_w] = 0.000000000000000e+00
@n.xbgr.xr84_u23.nr1[nsmm_l] = 0.000000000000000e+00
@n.xbgr.xr84_u24.nr1[nsmm_rsh] = 0.000000000000000e+00
@n.xbgr.xr84_u24.nr1[nsmm_w] = 0.000000000000000e+00
@n.xbgr.xr84_u24.nr1[nsmm_l] = 0.000000000000000e+00
@n.xbgr.xr85_u2.nr1[nsmm_rsh] = 0.000000000000000e+00
@n.xbgr.xr85_u2.nr1[nsmm_w] = 0.000000000000000e+00
@n.xbgr.xr85_u2.nr1[nsmm_l] = 0.000000000000000e+00
@n.xbgr.xr85_u3.nr1[nsmm_rsh] = 0.000000000000000e+00
@n.xbgr.xr85_u3.nr1[nsmm_w] = 0.000000000000000e+00
@n.xbgr.xr85_u3.nr1[nsmm_l] = 0.000000000000000e+00
@n.xbgr.xr85_u4.nr1[nsmm_rsh] = 0.000000000000000e+00
@n.xbgr.xr85_u4.nr1[nsmm_w] = 0.000000000000000e+00
@n.xbgr.xr85_u4.nr1[nsmm_l] = 0.000000000000000e+00
@n.xbgr.xr85_u5.nr1[nsmm_rsh] = 0.000000000000000e+00
@n.xbgr.xr85_u5.nr1[nsmm_w] = 0.000000000000000e+00
@n.xbgr.xr85_u5.nr1[nsmm_l] = 0.000000000000000e+00
@n.xbgr.xr85_u6.nr1[nsmm_rsh] = 0.000000000000000e+00
@n.xbgr.xr85_u6.nr1[nsmm_w] = 0.000000000000000e+00
@n.xbgr.xr85_u6.nr1[nsmm_l] = 0.000000000000000e+00
@n.xbgr.xr85_u7.nr1[nsmm_rsh] = 0.000000000000000e+00
@n.xbgr.xr85_u7.nr1[nsmm_w] = 0.000000000000000e+00
@n.xbgr.xr85_u7.nr1[nsmm_l] = 0.000000000000000e+00
@n.xbgr.xr85_u8.nr1[nsmm_rsh] = 0.000000000000000e+00
@n.xbgr.xr85_u8.nr1[nsmm_w] = 0.000000000000000e+00
@n.xbgr.xr85_u8.nr1[nsmm_l] = 0.000000000000000e+00
@n.xbgr.xr85_u9.nr1[nsmm_rsh] = 0.000000000000000e+00
@n.xbgr.xr85_u9.nr1[nsmm_w] = 0.000000000000000e+00
@n.xbgr.xr85_u9.nr1[nsmm_l] = 0.000000000000000e+00
@n.xbgr.xr85_u10.nr1[nsmm_rsh] = 0.000000000000000e+00
@n.xbgr.xr85_u10.nr1[nsmm_w] = 0.000000000000000e+00
@n.xbgr.xr85_u10.nr1[nsmm_l] = 0.000000000000000e+00
@n.xbgr.xr85_u11.nr1[nsmm_rsh] = 0.000000000000000e+00
@n.xbgr.xr85_u11.nr1[nsmm_w] = 0.000000000000000e+00
@n.xbgr.xr85_u11.nr1[nsmm_l] = 0.000000000000000e+00
@n.xbgr.xr85_u12.nr1[nsmm_rsh] = 0.000000000000000e+00
@n.xbgr.xr85_u12.nr1[nsmm_w] = 0.000000000000000e+00
@n.xbgr.xr85_u12.nr1[nsmm_l] = 0.000000000000000e+00
@n.xbgr.xr85_u13.nr1[nsmm_rsh] = 0.000000000000000e+00
@n.xbgr.xr85_u13.nr1[nsmm_w] = 0.000000000000000e+00
@n.xbgr.xr85_u13.nr1[nsmm_l] = 0.000000000000000e+00
@n.xbgr.xr85_u14.nr1[nsmm_rsh] = 0.000000000000000e+00
@n.xbgr.xr85_u14.nr1[nsmm_w] = 0.000000000000000e+00
@n.xbgr.xr85_u14.nr1[nsmm_l] = 0.000000000000000e+00
@n.xbgr.xr85_u15.nr1[nsmm_rsh] = 0.000000000000000e+00
@n.xbgr.xr85_u15.nr1[nsmm_w] = 0.000000000000000e+00
@n.xbgr.xr85_u15.nr1[nsmm_l] = 0.000000000000000e+00
@n.xbgr.xr85_u16.nr1[nsmm_rsh] = 0.000000000000000e+00
@n.xbgr.xr85_u16.nr1[nsmm_w] = 0.000000000000000e+00
@n.xbgr.xr85_u16.nr1[nsmm_l] = 0.000000000000000e+00
@n.xbgr.xr85_u17.nr1[nsmm_rsh] = 0.000000000000000e+00
@n.xbgr.xr85_u17.nr1[nsmm_w] = 0.000000000000000e+00
@n.xbgr.xr85_u17.nr1[nsmm_l] = 0.000000000000000e+00
@n.xbgr.xr85_u18.nr1[nsmm_rsh] = 0.000000000000000e+00
@n.xbgr.xr85_u18.nr1[nsmm_w] = 0.000000000000000e+00
@n.xbgr.xr85_u18.nr1[nsmm_l] = 0.000000000000000e+00
@n.xbgr.xr85_u19.nr1[nsmm_rsh] = 0.000000000000000e+00
@n.xbgr.xr85_u19.nr1[nsmm_w] = 0.000000000000000e+00
@n.xbgr.xr85_u19.nr1[nsmm_l] = 0.000000000000000e+00
@n.xbgr.xr85_u20.nr1[nsmm_rsh] = 0.000000000000000e+00
@n.xbgr.xr85_u20.nr1[nsmm_w] = 0.000000000000000e+00
@n.xbgr.xr85_u20.nr1[nsmm_l] = 0.000000000000000e+00
@n.xbgr.xr85_u21.nr1[nsmm_rsh] = 0.000000000000000e+00
@n.xbgr.xr85_u21.nr1[nsmm_w] = 0.000000000000000e+00
@n.xbgr.xr85_u21.nr1[nsmm_l] = 0.000000000000000e+00
@n.xbgr.xr85_u22.nr1[nsmm_rsh] = 0.000000000000000e+00
@n.xbgr.xr85_u22.nr1[nsmm_w] = 0.000000000000000e+00
@n.xbgr.xr85_u22.nr1[nsmm_l] = 0.000000000000000e+00
@n.xbgr.xr85_u23.nr1[nsmm_rsh] = 0.000000000000000e+00
@n.xbgr.xr85_u23.nr1[nsmm_w] = 0.000000000000000e+00
@n.xbgr.xr85_u23.nr1[nsmm_l] = 0.000000000000000e+00
@n.xbgr.xr85_u24.nr1[nsmm_rsh] = 0.000000000000000e+00
@n.xbgr.xr85_u24.nr1[nsmm_w] = 0.000000000000000e+00
@n.xbgr.xr85_u24.nr1[nsmm_l] = 0.000000000000000e+00
@n.xbgr.xr86_u2.nr1[nsmm_rsh] = 0.000000000000000e+00
@n.xbgr.xr86_u2.nr1[nsmm_w] = 0.000000000000000e+00
@n.xbgr.xr86_u2.nr1[nsmm_l] = 0.000000000000000e+00
@n.xbgr.xr86_u3.nr1[nsmm_rsh] = 0.000000000000000e+00
@n.xbgr.xr86_u3.nr1[nsmm_w] = 0.000000000000000e+00
@n.xbgr.xr86_u3.nr1[nsmm_l] = 0.000000000000000e+00
@n.xbgr.xr86_u4.nr1[nsmm_rsh] = 0.000000000000000e+00
@n.xbgr.xr86_u4.nr1[nsmm_w] = 0.000000000000000e+00
@n.xbgr.xr86_u4.nr1[nsmm_l] = 0.000000000000000e+00
@n.xbgr.xr86_u5.nr1[nsmm_rsh] = 0.000000000000000e+00
@n.xbgr.xr86_u5.nr1[nsmm_w] = 0.000000000000000e+00
@n.xbgr.xr86_u5.nr1[nsmm_l] = 0.000000000000000e+00
@n.xbgr.xr86_u6.nr1[nsmm_rsh] = 0.000000000000000e+00
@n.xbgr.xr86_u6.nr1[nsmm_w] = 0.000000000000000e+00
@n.xbgr.xr86_u6.nr1[nsmm_l] = 0.000000000000000e+00
@n.xbgr.xr86_u7.nr1[nsmm_rsh] = 0.000000000000000e+00
@n.xbgr.xr86_u7.nr1[nsmm_w] = 0.000000000000000e+00
@n.xbgr.xr86_u7.nr1[nsmm_l] = 0.000000000000000e+00
@n.xbgr.xr86_u8.nr1[nsmm_rsh] = 0.000000000000000e+00
@n.xbgr.xr86_u8.nr1[nsmm_w] = 0.000000000000000e+00
@n.xbgr.xr86_u8.nr1[nsmm_l] = 0.000000000000000e+00
@n.xbgr.xr86_u9.nr1[nsmm_rsh] = 0.000000000000000e+00
@n.xbgr.xr86_u9.nr1[nsmm_w] = 0.000000000000000e+00
@n.xbgr.xr86_u9.nr1[nsmm_l] = 0.000000000000000e+00
@n.xbgr.xr86_u10.nr1[nsmm_rsh] = 0.000000000000000e+00
@n.xbgr.xr86_u10.nr1[nsmm_w] = 0.000000000000000e+00
@n.xbgr.xr86_u10.nr1[nsmm_l] = 0.000000000000000e+00
@n.xbgr.xr86_u11.nr1[nsmm_rsh] = 0.000000000000000e+00
@n.xbgr.xr86_u11.nr1[nsmm_w] = 0.000000000000000e+00
@n.xbgr.xr86_u11.nr1[nsmm_l] = 0.000000000000000e+00
@n.xbgr.xr86_u12.nr1[nsmm_rsh] = 0.000000000000000e+00
@n.xbgr.xr86_u12.nr1[nsmm_w] = 0.000000000000000e+00
@n.xbgr.xr86_u12.nr1[nsmm_l] = 0.000000000000000e+00
@n.xbgr.xr86_u13.nr1[nsmm_rsh] = 0.000000000000000e+00
@n.xbgr.xr86_u13.nr1[nsmm_w] = 0.000000000000000e+00
@n.xbgr.xr86_u13.nr1[nsmm_l] = 0.000000000000000e+00
@n.xbgr.xr86_u14.nr1[nsmm_rsh] = 0.000000000000000e+00
@n.xbgr.xr86_u14.nr1[nsmm_w] = 0.000000000000000e+00
@n.xbgr.xr86_u14.nr1[nsmm_l] = 0.000000000000000e+00
@n.xbgr.xr86_u15.nr1[nsmm_rsh] = 0.000000000000000e+00
@n.xbgr.xr86_u15.nr1[nsmm_w] = 0.000000000000000e+00
@n.xbgr.xr86_u15.nr1[nsmm_l] = 0.000000000000000e+00
@n.xbgr.xr86_u16.nr1[nsmm_rsh] = 0.000000000000000e+00
@n.xbgr.xr86_u16.nr1[nsmm_w] = 0.000000000000000e+00
@n.xbgr.xr86_u16.nr1[nsmm_l] = 0.000000000000000e+00
@n.xbgr.xr86_u17.nr1[nsmm_rsh] = 0.000000000000000e+00
@n.xbgr.xr86_u17.nr1[nsmm_w] = 0.000000000000000e+00
@n.xbgr.xr86_u17.nr1[nsmm_l] = 0.000000000000000e+00
@n.xbgr.xr86_u18.nr1[nsmm_rsh] = 0.000000000000000e+00
@n.xbgr.xr86_u18.nr1[nsmm_w] = 0.000000000000000e+00
@n.xbgr.xr86_u18.nr1[nsmm_l] = 0.000000000000000e+00
@n.xbgr.xr86_u19.nr1[nsmm_rsh] = 0.000000000000000e+00
@n.xbgr.xr86_u19.nr1[nsmm_w] = 0.000000000000000e+00
@n.xbgr.xr86_u19.nr1[nsmm_l] = 0.000000000000000e+00
@n.xbgr.xr86_u20.nr1[nsmm_rsh] = 0.000000000000000e+00
@n.xbgr.xr86_u20.nr1[nsmm_w] = 0.000000000000000e+00
@n.xbgr.xr86_u20.nr1[nsmm_l] = 0.000000000000000e+00
@n.xbgr.xr86_u21.nr1[nsmm_rsh] = 0.000000000000000e+00
@n.xbgr.xr86_u21.nr1[nsmm_w] = 0.000000000000000e+00
@n.xbgr.xr86_u21.nr1[nsmm_l] = 0.000000000000000e+00
@n.xbgr.xr86_u22.nr1[nsmm_rsh] = 0.000000000000000e+00
@n.xbgr.xr86_u22.nr1[nsmm_w] = 0.000000000000000e+00
@n.xbgr.xr86_u22.nr1[nsmm_l] = 0.000000000000000e+00
@n.xbgr.xr86_u23.nr1[nsmm_rsh] = 0.000000000000000e+00
@n.xbgr.xr86_u23.nr1[nsmm_w] = 0.000000000000000e+00
@n.xbgr.xr86_u23.nr1[nsmm_l] = 0.000000000000000e+00
@n.xbgr.xr86_u24.nr1[nsmm_rsh] = 0.000000000000000e+00
@n.xbgr.xr86_u24.nr1[nsmm_w] = 0.000000000000000e+00
@n.xbgr.xr86_u24.nr1[nsmm_l] = 0.000000000000000e+00
BGR_BEFORE_END
T2F_BEFORE_BEGIN
@n.xt2f.xm1.nsg13_hv_nmos[w] = 4.000000000000000e-06
@n.xt2f.xm1.nsg13_hv_nmos[l] = 5.000000000000000e-07
@n.xt2f.xm1.nsg13_hv_nmos[delvto] = 0.000000000000000e+00
@n.xt2f.xm1.nsg13_hv_nmos[factuo] = 1.000000000000000e+00
@n.xt2f.xm2.nsg13_hv_nmos[w] = 4.000000000000000e-06
@n.xt2f.xm2.nsg13_hv_nmos[l] = 5.000000000000000e-07
@n.xt2f.xm2.nsg13_hv_nmos[delvto] = 0.000000000000000e+00
@n.xt2f.xm2.nsg13_hv_nmos[factuo] = 1.000000000000000e+00
@n.xt2f.xr3.nr1[nsmm_rsh] = 0.000000000000000e+00
@n.xt2f.xr3.nr1[nsmm_w] = 0.000000000000000e+00
@n.xt2f.xr3.nr1[nsmm_l] = 0.000000000000000e+00
@n.xt2f.xr4.nr1[nsmm_rsh] = 0.000000000000000e+00
@n.xt2f.xr4.nr1[nsmm_w] = 0.000000000000000e+00
@n.xt2f.xr4.nr1[nsmm_l] = 0.000000000000000e+00
@n.xt2f.xr5.nr1[nsmm_rsh] = 0.000000000000000e+00
@n.xt2f.xr5.nr1[nsmm_w] = 0.000000000000000e+00
@n.xt2f.xr5.nr1[nsmm_l] = 0.000000000000000e+00
@n.xt2f.xr6.nr1[nsmm_rsh] = 0.000000000000000e+00
@n.xt2f.xr6.nr1[nsmm_w] = 0.000000000000000e+00
@n.xt2f.xr6.nr1[nsmm_l] = 0.000000000000000e+00
@n.xt2f.xr7.nr1[nsmm_rsh] = 0.000000000000000e+00
@n.xt2f.xr7.nr1[nsmm_w] = 0.000000000000000e+00
@n.xt2f.xr7.nr1[nsmm_l] = 0.000000000000000e+00
@n.xt2f.xr8.nr1[nsmm_rsh] = 0.000000000000000e+00
@n.xt2f.xr8.nr1[nsmm_w] = 0.000000000000000e+00
@n.xt2f.xr8.nr1[nsmm_l] = 0.000000000000000e+00
@n.xt2f.xr9.nr1[nsmm_rsh] = 0.000000000000000e+00
@n.xt2f.xr9.nr1[nsmm_w] = 0.000000000000000e+00
@n.xt2f.xr9.nr1[nsmm_l] = 0.000000000000000e+00
@n.xt2f.xr10.nr1[nsmm_rsh] = 0.000000000000000e+00
@n.xt2f.xr10.nr1[nsmm_w] = 0.000000000000000e+00
@n.xt2f.xr10.nr1[nsmm_l] = 0.000000000000000e+00
@n.xt2f.xr11.nr1[nsmm_rsh] = 0.000000000000000e+00
@n.xt2f.xr11.nr1[nsmm_w] = 0.000000000000000e+00
@n.xt2f.xr11.nr1[nsmm_l] = 0.000000000000000e+00
@n.xt2f.xr12.nr1[nsmm_rsh] = 0.000000000000000e+00
@n.xt2f.xr12.nr1[nsmm_w] = 0.000000000000000e+00
@n.xt2f.xr12.nr1[nsmm_l] = 0.000000000000000e+00
@n.xt2f.xm13.nsg13_hv_nmos[w] = 4.000000000000000e-06
@n.xt2f.xm13.nsg13_hv_nmos[l] = 5.000000000000000e-07
@n.xt2f.xm13.nsg13_hv_nmos[delvto] = 0.000000000000000e+00
@n.xt2f.xm13.nsg13_hv_nmos[factuo] = 1.000000000000000e+00
@n.xt2f.xm14.nsg13_hv_nmos[w] = 4.000000000000000e-06
@n.xt2f.xm14.nsg13_hv_nmos[l] = 5.000000000000000e-07
@n.xt2f.xm14.nsg13_hv_nmos[delvto] = 0.000000000000000e+00
@n.xt2f.xm14.nsg13_hv_nmos[factuo] = 1.000000000000000e+00
@n.xt2f.xm15.nsg13_lv_pmos[w] = 1.000000000000000e-06
@n.xt2f.xm15.nsg13_lv_pmos[l] = 1.300000000000000e-07
@n.xt2f.xm15.nsg13_lv_pmos[delvto] = 0.000000000000000e+00
@n.xt2f.xm15.nsg13_lv_pmos[factuo] = 1.000000000000000e+00
@n.xt2f.xm16.nsg13_lv_nmos[w] = 5.000000000000000e-07
@n.xt2f.xm16.nsg13_lv_nmos[l] = 1.300000000000000e-07
@n.xt2f.xm16.nsg13_lv_nmos[delvto] = 0.000000000000000e+00
@n.xt2f.xm16.nsg13_lv_nmos[factuo] = 1.000000000000000e+00
@n.xt2f.xm17.nsg13_lv_nmos[w] = 1.000000000000000e-06
@n.xt2f.xm17.nsg13_lv_nmos[l] = 1.300000000000000e-07
@n.xt2f.xm17.nsg13_lv_nmos[delvto] = 0.000000000000000e+00
@n.xt2f.xm17.nsg13_lv_nmos[factuo] = 1.000000000000000e+00
@n.xt2f.xm18.nsg13_lv_pmos[w] = 5.000000000000000e-07
@n.xt2f.xm18.nsg13_lv_pmos[l] = 3.000000000000000e-07
@n.xt2f.xm18.nsg13_lv_pmos[delvto] = 0.000000000000000e+00
@n.xt2f.xm18.nsg13_lv_pmos[factuo] = 1.000000000000000e+00
@n.xt2f.xm19.nsg13_lv_pmos[w] = 5.000000000000000e-07
@n.xt2f.xm19.nsg13_lv_pmos[l] = 3.000000000000000e-07
@n.xt2f.xm19.nsg13_lv_pmos[delvto] = 0.000000000000000e+00
@n.xt2f.xm19.nsg13_lv_pmos[factuo] = 1.000000000000000e+00
@n.xt2f.xm20.nsg13_hv_pmos[w] = 2.000000000000000e-06
@n.xt2f.xm20.nsg13_hv_pmos[l] = 5.000000000000000e-07
@n.xt2f.xm20.nsg13_hv_pmos[delvto] = 0.000000000000000e+00
@n.xt2f.xm20.nsg13_hv_pmos[factuo] = 1.000000000000000e+00
@n.xt2f.xm21.nsg13_hv_pmos[w] = 2.000000000000000e-06
@n.xt2f.xm21.nsg13_hv_pmos[l] = 5.000000000000000e-07
@n.xt2f.xm21.nsg13_hv_pmos[delvto] = 0.000000000000000e+00
@n.xt2f.xm21.nsg13_hv_pmos[factuo] = 1.000000000000000e+00
@n.xt2f.xm22.nsg13_hv_pmos[w] = 2.000000000000000e-06
@n.xt2f.xm22.nsg13_hv_pmos[l] = 5.000000000000000e-07
@n.xt2f.xm22.nsg13_hv_pmos[delvto] = 0.000000000000000e+00
@n.xt2f.xm22.nsg13_hv_pmos[factuo] = 1.000000000000000e+00
@n.xt2f.xm23.nsg13_hv_nmos[w] = 3.000000000000000e-06
@n.xt2f.xm23.nsg13_hv_nmos[l] = 5.000000000000000e-07
@n.xt2f.xm23.nsg13_hv_nmos[delvto] = 0.000000000000000e+00
@n.xt2f.xm23.nsg13_hv_nmos[factuo] = 1.000000000000000e+00
@n.xt2f.xm24.nsg13_hv_nmos[w] = 3.000000000000000e-06
@n.xt2f.xm24.nsg13_hv_nmos[l] = 5.000000000000000e-07
@n.xt2f.xm24.nsg13_hv_nmos[delvto] = 0.000000000000000e+00
@n.xt2f.xm24.nsg13_hv_nmos[factuo] = 1.000000000000000e+00
@n.xt2f.xm25.nsg13_hv_nmos[w] = 3.000000000000000e-06
@n.xt2f.xm25.nsg13_hv_nmos[l] = 5.000000000000000e-07
@n.xt2f.xm25.nsg13_hv_nmos[delvto] = 0.000000000000000e+00
@n.xt2f.xm25.nsg13_hv_nmos[factuo] = 1.000000000000000e+00
@n.xt2f.xm26.nsg13_hv_pmos[w] = 2.000000000000000e-06
@n.xt2f.xm26.nsg13_hv_pmos[l] = 5.000000000000000e-07
@n.xt2f.xm26.nsg13_hv_pmos[delvto] = 0.000000000000000e+00
@n.xt2f.xm26.nsg13_hv_pmos[factuo] = 1.000000000000000e+00
@n.xt2f.xm27.nsg13_hv_pmos[w] = 2.000000000000000e-06
@n.xt2f.xm27.nsg13_hv_pmos[l] = 5.000000000000000e-07
@n.xt2f.xm27.nsg13_hv_pmos[delvto] = 0.000000000000000e+00
@n.xt2f.xm27.nsg13_hv_pmos[factuo] = 1.000000000000000e+00
@n.xt2f.xm28.nsg13_hv_pmos[w] = 2.000000000000000e-06
@n.xt2f.xm28.nsg13_hv_pmos[l] = 5.000000000000000e-07
@n.xt2f.xm28.nsg13_hv_pmos[delvto] = 0.000000000000000e+00
@n.xt2f.xm28.nsg13_hv_pmos[factuo] = 1.000000000000000e+00
@n.xt2f.xm29.nsg13_hv_pmos[w] = 2.000000000000000e-06
@n.xt2f.xm29.nsg13_hv_pmos[l] = 5.000000000000000e-07
@n.xt2f.xm29.nsg13_hv_pmos[delvto] = 0.000000000000000e+00
@n.xt2f.xm29.nsg13_hv_pmos[factuo] = 1.000000000000000e+00
@n.xt2f.xm30.nsg13_hv_pmos[w] = 2.000000000000000e-06
@n.xt2f.xm30.nsg13_hv_pmos[l] = 5.000000000000000e-07
@n.xt2f.xm30.nsg13_hv_pmos[delvto] = 0.000000000000000e+00
@n.xt2f.xm30.nsg13_hv_pmos[factuo] = 1.000000000000000e+00
@n.xt2f.xm31.nsg13_hv_pmos[w] = 2.000000000000000e-06
@n.xt2f.xm31.nsg13_hv_pmos[l] = 5.000000000000000e-07
@n.xt2f.xm31.nsg13_hv_pmos[delvto] = 0.000000000000000e+00
@n.xt2f.xm31.nsg13_hv_pmos[factuo] = 1.000000000000000e+00
@n.xt2f.xm32.nsg13_hv_pmos[w] = 4.000000000000000e-06
@n.xt2f.xm32.nsg13_hv_pmos[l] = 5.000000000000000e-07
@n.xt2f.xm32.nsg13_hv_pmos[delvto] = 0.000000000000000e+00
@n.xt2f.xm32.nsg13_hv_pmos[factuo] = 1.000000000000000e+00
@n.xt2f.xm33.nsg13_hv_pmos[w] = 4.000000000000000e-06
@n.xt2f.xm33.nsg13_hv_pmos[l] = 5.000000000000000e-07
@n.xt2f.xm33.nsg13_hv_pmos[delvto] = 0.000000000000000e+00
@n.xt2f.xm33.nsg13_hv_pmos[factuo] = 1.000000000000000e+00
@n.xt2f.xm34.nsg13_hv_pmos[w] = 4.000000000000000e-06
@n.xt2f.xm34.nsg13_hv_pmos[l] = 5.000000000000000e-07
@n.xt2f.xm34.nsg13_hv_pmos[delvto] = 0.000000000000000e+00
@n.xt2f.xm34.nsg13_hv_pmos[factuo] = 1.000000000000000e+00
@n.xt2f.xm35.nsg13_hv_pmos[w] = 4.000000000000000e-06
@n.xt2f.xm35.nsg13_hv_pmos[l] = 5.000000000000000e-07
@n.xt2f.xm35.nsg13_hv_pmos[delvto] = 0.000000000000000e+00
@n.xt2f.xm35.nsg13_hv_pmos[factuo] = 1.000000000000000e+00
@n.xt2f.xm36.nsg13_hv_nmos[w] = 9.999999999999999e-06
@n.xt2f.xm36.nsg13_hv_nmos[l] = 2.000000000000000e-06
@n.xt2f.xm36.nsg13_hv_nmos[delvto] = 0.000000000000000e+00
@n.xt2f.xm36.nsg13_hv_nmos[factuo] = 1.000000000000000e+00
@n.xt2f.xm37.nsg13_hv_nmos[w] = 9.999999999999999e-06
@n.xt2f.xm37.nsg13_hv_nmos[l] = 2.000000000000000e-06
@n.xt2f.xm37.nsg13_hv_nmos[delvto] = 0.000000000000000e+00
@n.xt2f.xm37.nsg13_hv_nmos[factuo] = 1.000000000000000e+00
@n.xt2f.xm38.nsg13_hv_nmos[w] = 9.999999999999999e-06
@n.xt2f.xm38.nsg13_hv_nmos[l] = 2.000000000000000e-06
@n.xt2f.xm38.nsg13_hv_nmos[delvto] = 0.000000000000000e+00
@n.xt2f.xm38.nsg13_hv_nmos[factuo] = 1.000000000000000e+00
@n.xt2f.xm39.nsg13_hv_nmos[w] = 9.999999999999999e-06
@n.xt2f.xm39.nsg13_hv_nmos[l] = 2.000000000000000e-06
@n.xt2f.xm39.nsg13_hv_nmos[delvto] = 0.000000000000000e+00
@n.xt2f.xm39.nsg13_hv_nmos[factuo] = 1.000000000000000e+00
@q.xt2f.xq40.qnpn13g2[area] = 1.000000000000000e+00
@q.xt2f.xq41.qnpn13g2[area] = 1.000000000000000e+00
@q.xt2f.xq42.qnpn13g2[area] = 1.000000000000000e+00
@q.xt2f.xq43.qnpn13g2[area] = 1.000000000000000e+00
@q.xt2f.xq44.qnpn13g2[area] = 1.000000000000000e+00
@q.xt2f.xq45.qnpn13g2[area] = 1.000000000000000e+00
@n.xt2f.xm46.nsg13_hv_pmos[w] = 4.000000000000000e-06
@n.xt2f.xm46.nsg13_hv_pmos[l] = 1.000000000000000e-06
@n.xt2f.xm46.nsg13_hv_pmos[delvto] = 0.000000000000000e+00
@n.xt2f.xm46.nsg13_hv_pmos[factuo] = 1.000000000000000e+00
@n.xt2f.xm47.nsg13_hv_pmos[w] = 4.000000000000000e-06
@n.xt2f.xm47.nsg13_hv_pmos[l] = 1.000000000000000e-06
@n.xt2f.xm47.nsg13_hv_pmos[delvto] = 0.000000000000000e+00
@n.xt2f.xm47.nsg13_hv_pmos[factuo] = 1.000000000000000e+00
@n.xt2f.xm48.nsg13_hv_pmos[w] = 4.000000000000000e-06
@n.xt2f.xm48.nsg13_hv_pmos[l] = 1.000000000000000e-06
@n.xt2f.xm48.nsg13_hv_pmos[delvto] = 0.000000000000000e+00
@n.xt2f.xm48.nsg13_hv_pmos[factuo] = 1.000000000000000e+00
@n.xt2f.xm49.nsg13_hv_pmos[w] = 4.000000000000000e-06
@n.xt2f.xm49.nsg13_hv_pmos[l] = 1.000000000000000e-06
@n.xt2f.xm49.nsg13_hv_pmos[delvto] = 0.000000000000000e+00
@n.xt2f.xm49.nsg13_hv_pmos[factuo] = 1.000000000000000e+00
@n.xt2f.xm50.nsg13_hv_nmos[w] = 5.000000000000000e-07
@n.xt2f.xm50.nsg13_hv_nmos[l] = 2.000000000000000e-06
@n.xt2f.xm50.nsg13_hv_nmos[delvto] = 0.000000000000000e+00
@n.xt2f.xm50.nsg13_hv_nmos[factuo] = 1.000000000000000e+00
@n.xt2f.xm51.nsg13_hv_nmos[w] = 5.000000000000000e-07
@n.xt2f.xm51.nsg13_hv_nmos[l] = 2.000000000000000e-06
@n.xt2f.xm51.nsg13_hv_nmos[delvto] = 0.000000000000000e+00
@n.xt2f.xm51.nsg13_hv_nmos[factuo] = 1.000000000000000e+00
@n.xt2f.xm52.nsg13_hv_nmos[w] = 5.000000000000000e-07
@n.xt2f.xm52.nsg13_hv_nmos[l] = 2.000000000000000e-06
@n.xt2f.xm52.nsg13_hv_nmos[delvto] = 0.000000000000000e+00
@n.xt2f.xm52.nsg13_hv_nmos[factuo] = 1.000000000000000e+00
@n.xt2f.xm53.nsg13_hv_nmos[w] = 5.000000000000000e-07
@n.xt2f.xm53.nsg13_hv_nmos[l] = 2.000000000000000e-06
@n.xt2f.xm53.nsg13_hv_nmos[delvto] = 0.000000000000000e+00
@n.xt2f.xm53.nsg13_hv_nmos[factuo] = 1.000000000000000e+00
@n.xt2f.xm54.nsg13_hv_nmos[w] = 2.000000000000000e-06
@n.xt2f.xm54.nsg13_hv_nmos[l] = 1.000000000000000e-06
@n.xt2f.xm54.nsg13_hv_nmos[delvto] = 0.000000000000000e+00
@n.xt2f.xm54.nsg13_hv_nmos[factuo] = 1.000000000000000e+00
@n.xt2f.xm55.nsg13_hv_nmos[w] = 2.000000000000000e-06
@n.xt2f.xm55.nsg13_hv_nmos[l] = 1.000000000000000e-06
@n.xt2f.xm55.nsg13_hv_nmos[delvto] = 0.000000000000000e+00
@n.xt2f.xm55.nsg13_hv_nmos[factuo] = 1.000000000000000e+00
@n.xt2f.xm56.nsg13_hv_nmos[w] = 2.000000000000000e-06
@n.xt2f.xm56.nsg13_hv_nmos[l] = 1.000000000000000e-06
@n.xt2f.xm56.nsg13_hv_nmos[delvto] = 0.000000000000000e+00
@n.xt2f.xm56.nsg13_hv_nmos[factuo] = 1.000000000000000e+00
@n.xt2f.xm57.nsg13_hv_nmos[w] = 2.000000000000000e-06
@n.xt2f.xm57.nsg13_hv_nmos[l] = 1.000000000000000e-06
@n.xt2f.xm57.nsg13_hv_nmos[delvto] = 0.000000000000000e+00
@n.xt2f.xm57.nsg13_hv_nmos[factuo] = 1.000000000000000e+00
@n.xt2f.xm58.nsg13_hv_nmos[w] = 2.000000000000000e-06
@n.xt2f.xm58.nsg13_hv_nmos[l] = 1.000000000000000e-06
@n.xt2f.xm58.nsg13_hv_nmos[delvto] = 0.000000000000000e+00
@n.xt2f.xm58.nsg13_hv_nmos[factuo] = 1.000000000000000e+00
@n.xt2f.xm59.nsg13_hv_nmos[w] = 2.000000000000000e-06
@n.xt2f.xm59.nsg13_hv_nmos[l] = 1.000000000000000e-06
@n.xt2f.xm59.nsg13_hv_nmos[delvto] = 0.000000000000000e+00
@n.xt2f.xm59.nsg13_hv_nmos[factuo] = 1.000000000000000e+00
@n.xt2f.xm60.nsg13_hv_nmos[w] = 2.000000000000000e-06
@n.xt2f.xm60.nsg13_hv_nmos[l] = 1.000000000000000e-06
@n.xt2f.xm60.nsg13_hv_nmos[delvto] = 0.000000000000000e+00
@n.xt2f.xm60.nsg13_hv_nmos[factuo] = 1.000000000000000e+00
@n.xt2f.xm61.nsg13_hv_nmos[w] = 2.000000000000000e-06
@n.xt2f.xm61.nsg13_hv_nmos[l] = 1.000000000000000e-06
@n.xt2f.xm61.nsg13_hv_nmos[delvto] = 0.000000000000000e+00
@n.xt2f.xm61.nsg13_hv_nmos[factuo] = 1.000000000000000e+00
@n.xt2f.xm62.nsg13_hv_nmos[w] = 9.999999999999999e-06
@n.xt2f.xm62.nsg13_hv_nmos[l] = 2.000000000000000e-06
@n.xt2f.xm62.nsg13_hv_nmos[delvto] = 0.000000000000000e+00
@n.xt2f.xm62.nsg13_hv_nmos[factuo] = 1.000000000000000e+00
@n.xt2f.xm63.nsg13_hv_nmos[w] = 2.000000000000000e-06
@n.xt2f.xm63.nsg13_hv_nmos[l] = 5.000000000000000e-07
@n.xt2f.xm63.nsg13_hv_nmos[delvto] = 0.000000000000000e+00
@n.xt2f.xm63.nsg13_hv_nmos[factuo] = 1.000000000000000e+00
@n.xt2f.xm64.nsg13_hv_nmos[w] = 2.000000000000000e-06
@n.xt2f.xm64.nsg13_hv_nmos[l] = 5.000000000000000e-07
@n.xt2f.xm64.nsg13_hv_nmos[delvto] = 0.000000000000000e+00
@n.xt2f.xm64.nsg13_hv_nmos[factuo] = 1.000000000000000e+00
@n.xt2f.xm65.nsg13_hv_nmos[w] = 1.000000000000000e-06
@n.xt2f.xm65.nsg13_hv_nmos[l] = 5.000000000000000e-07
@n.xt2f.xm65.nsg13_hv_nmos[delvto] = 0.000000000000000e+00
@n.xt2f.xm65.nsg13_hv_nmos[factuo] = 1.000000000000000e+00
@n.xt2f.xm66.nsg13_hv_nmos[w] = 1.000000000000000e-06
@n.xt2f.xm66.nsg13_hv_nmos[l] = 5.000000000000000e-07
@n.xt2f.xm66.nsg13_hv_nmos[delvto] = 0.000000000000000e+00
@n.xt2f.xm66.nsg13_hv_nmos[factuo] = 1.000000000000000e+00
@n.xt2f.xm67.nsg13_hv_nmos[w] = 1.000000000000000e-06
@n.xt2f.xm67.nsg13_hv_nmos[l] = 5.000000000000000e-07
@n.xt2f.xm67.nsg13_hv_nmos[delvto] = 0.000000000000000e+00
@n.xt2f.xm67.nsg13_hv_nmos[factuo] = 1.000000000000000e+00
@n.xt2f.xm68.nsg13_hv_nmos[w] = 1.000000000000000e-06
@n.xt2f.xm68.nsg13_hv_nmos[l] = 5.000000000000000e-07
@n.xt2f.xm68.nsg13_hv_nmos[delvto] = 0.000000000000000e+00
@n.xt2f.xm68.nsg13_hv_nmos[factuo] = 1.000000000000000e+00
@n.xt2f.xm69.nsg13_hv_nmos[w] = 2.000000000000000e-06
@n.xt2f.xm69.nsg13_hv_nmos[l] = 5.000000000000000e-07
@n.xt2f.xm69.nsg13_hv_nmos[delvto] = 0.000000000000000e+00
@n.xt2f.xm69.nsg13_hv_nmos[factuo] = 1.000000000000000e+00
@n.xt2f.xm70.nsg13_hv_nmos[w] = 2.000000000000000e-06
@n.xt2f.xm70.nsg13_hv_nmos[l] = 5.000000000000000e-07
@n.xt2f.xm70.nsg13_hv_nmos[delvto] = 0.000000000000000e+00
@n.xt2f.xm70.nsg13_hv_nmos[factuo] = 1.000000000000000e+00
@n.xt2f.xm71.nsg13_hv_nmos[w] = 2.000000000000000e-06
@n.xt2f.xm71.nsg13_hv_nmos[l] = 5.000000000000000e-07
@n.xt2f.xm71.nsg13_hv_nmos[delvto] = 0.000000000000000e+00
@n.xt2f.xm71.nsg13_hv_nmos[factuo] = 1.000000000000000e+00
@n.xt2f.xm72.nsg13_hv_nmos[w] = 2.000000000000000e-06
@n.xt2f.xm72.nsg13_hv_nmos[l] = 5.000000000000000e-07
@n.xt2f.xm72.nsg13_hv_nmos[delvto] = 0.000000000000000e+00
@n.xt2f.xm72.nsg13_hv_nmos[factuo] = 1.000000000000000e+00
@n.xt2f.xm73.nsg13_hv_nmos[w] = 2.000000000000000e-06
@n.xt2f.xm73.nsg13_hv_nmos[l] = 5.000000000000000e-07
@n.xt2f.xm73.nsg13_hv_nmos[delvto] = 0.000000000000000e+00
@n.xt2f.xm73.nsg13_hv_nmos[factuo] = 1.000000000000000e+00
@n.xt2f.xm74.nsg13_hv_nmos[w] = 2.000000000000000e-06
@n.xt2f.xm74.nsg13_hv_nmos[l] = 5.000000000000000e-07
@n.xt2f.xm74.nsg13_hv_nmos[delvto] = 0.000000000000000e+00
@n.xt2f.xm74.nsg13_hv_nmos[factuo] = 1.000000000000000e+00
@n.xt2f.xm75.nsg13_hv_nmos[w] = 2.000000000000000e-06
@n.xt2f.xm75.nsg13_hv_nmos[l] = 5.000000000000000e-07
@n.xt2f.xm75.nsg13_hv_nmos[delvto] = 0.000000000000000e+00
@n.xt2f.xm75.nsg13_hv_nmos[factuo] = 1.000000000000000e+00
@n.xt2f.xm76.nsg13_hv_nmos[w] = 2.000000000000000e-06
@n.xt2f.xm76.nsg13_hv_nmos[l] = 5.000000000000000e-07
@n.xt2f.xm76.nsg13_hv_nmos[delvto] = 0.000000000000000e+00
@n.xt2f.xm76.nsg13_hv_nmos[factuo] = 1.000000000000000e+00
@n.xt2f.xm77.nsg13_hv_pmos[w] = 2.000000000000000e-06
@n.xt2f.xm77.nsg13_hv_pmos[l] = 5.000000000000000e-07
@n.xt2f.xm77.nsg13_hv_pmos[delvto] = 0.000000000000000e+00
@n.xt2f.xm77.nsg13_hv_pmos[factuo] = 1.000000000000000e+00
@n.xt2f.xm78.nsg13_hv_pmos[w] = 2.000000000000000e-06
@n.xt2f.xm78.nsg13_hv_pmos[l] = 5.000000000000000e-07
@n.xt2f.xm78.nsg13_hv_pmos[delvto] = 0.000000000000000e+00
@n.xt2f.xm78.nsg13_hv_pmos[factuo] = 1.000000000000000e+00
@n.xt2f.xm79.nsg13_hv_pmos[w] = 2.000000000000000e-06
@n.xt2f.xm79.nsg13_hv_pmos[l] = 5.000000000000000e-07
@n.xt2f.xm79.nsg13_hv_pmos[delvto] = 0.000000000000000e+00
@n.xt2f.xm79.nsg13_hv_pmos[factuo] = 1.000000000000000e+00
@n.xt2f.xm80.nsg13_hv_pmos[w] = 2.000000000000000e-06
@n.xt2f.xm80.nsg13_hv_pmos[l] = 5.000000000000000e-07
@n.xt2f.xm80.nsg13_hv_pmos[delvto] = 0.000000000000000e+00
@n.xt2f.xm80.nsg13_hv_pmos[factuo] = 1.000000000000000e+00
@n.xt2f.xm81.nsg13_hv_pmos[w] = 9.999999999999999e-06
@n.xt2f.xm81.nsg13_hv_pmos[l] = 4.000000000000000e-06
@n.xt2f.xm81.nsg13_hv_pmos[delvto] = 0.000000000000000e+00
@n.xt2f.xm81.nsg13_hv_pmos[factuo] = 1.000000000000000e+00
@n.xt2f.xm82.nsg13_hv_pmos[w] = 9.999999999999999e-06
@n.xt2f.xm82.nsg13_hv_pmos[l] = 4.000000000000000e-06
@n.xt2f.xm82.nsg13_hv_pmos[delvto] = 0.000000000000000e+00
@n.xt2f.xm82.nsg13_hv_pmos[factuo] = 1.000000000000000e+00
@n.xt2f.xm83.nsg13_hv_pmos[w] = 9.999999999999999e-06
@n.xt2f.xm83.nsg13_hv_pmos[l] = 4.000000000000000e-06
@n.xt2f.xm83.nsg13_hv_pmos[delvto] = 0.000000000000000e+00
@n.xt2f.xm83.nsg13_hv_pmos[factuo] = 1.000000000000000e+00
@n.xt2f.xm84.nsg13_hv_pmos[w] = 9.999999999999999e-06
@n.xt2f.xm84.nsg13_hv_pmos[l] = 4.000000000000000e-06
@n.xt2f.xm84.nsg13_hv_pmos[delvto] = 0.000000000000000e+00
@n.xt2f.xm84.nsg13_hv_pmos[factuo] = 1.000000000000000e+00
@n.xt2f.xm85.nsg13_hv_pmos[w] = 2.000000000000000e-06
@n.xt2f.xm85.nsg13_hv_pmos[l] = 2.000000000000000e-06
@n.xt2f.xm85.nsg13_hv_pmos[delvto] = 0.000000000000000e+00
@n.xt2f.xm85.nsg13_hv_pmos[factuo] = 1.000000000000000e+00
@n.xt2f.xm86.nsg13_hv_pmos[w] = 9.999999999999999e-06
@n.xt2f.xm86.nsg13_hv_pmos[l] = 4.000000000000000e-06
@n.xt2f.xm86.nsg13_hv_pmos[delvto] = 0.000000000000000e+00
@n.xt2f.xm86.nsg13_hv_pmos[factuo] = 1.000000000000000e+00
@n.xt2f.xm87.nsg13_hv_pmos[w] = 9.999999999999999e-06
@n.xt2f.xm87.nsg13_hv_pmos[l] = 4.000000000000000e-06
@n.xt2f.xm87.nsg13_hv_pmos[delvto] = 0.000000000000000e+00
@n.xt2f.xm87.nsg13_hv_pmos[factuo] = 1.000000000000000e+00
@n.xt2f.xm88.nsg13_hv_pmos[w] = 9.999999999999999e-06
@n.xt2f.xm88.nsg13_hv_pmos[l] = 4.000000000000000e-06
@n.xt2f.xm88.nsg13_hv_pmos[delvto] = 0.000000000000000e+00
@n.xt2f.xm88.nsg13_hv_pmos[factuo] = 1.000000000000000e+00
@n.xt2f.xm89.nsg13_hv_pmos[w] = 9.999999999999999e-06
@n.xt2f.xm89.nsg13_hv_pmos[l] = 4.000000000000000e-06
@n.xt2f.xm89.nsg13_hv_pmos[delvto] = 0.000000000000000e+00
@n.xt2f.xm89.nsg13_hv_pmos[factuo] = 1.000000000000000e+00
@n.xt2f.xm90.nsg13_hv_pmos[w] = 9.999999999999999e-06
@n.xt2f.xm90.nsg13_hv_pmos[l] = 4.000000000000000e-06
@n.xt2f.xm90.nsg13_hv_pmos[delvto] = 0.000000000000000e+00
@n.xt2f.xm90.nsg13_hv_pmos[factuo] = 1.000000000000000e+00
@n.xt2f.xm91.nsg13_lv_pmos[w] = 2.000000000000000e-06
@n.xt2f.xm91.nsg13_lv_pmos[l] = 1.300000000000000e-07
@n.xt2f.xm91.nsg13_lv_pmos[delvto] = 0.000000000000000e+00
@n.xt2f.xm91.nsg13_lv_pmos[factuo] = 1.000000000000000e+00
@c.xt2f.xc1.c1[scale] = 1.000000000000000e+00
@c.xt2f.xc2.c1[scale] = 1.000000000000000e+00
T2F_BEFORE_END
Doing analysis at TEMP = 25.000000 and TNOM = 27.000000

Using KLU as Direct Linear Solver
Note: Starting dynamic gmin stepping
Note: Dynamic gmin stepping completed

Initial Transient Solution
--------------------------

Node                                   Voltage
----                                   -------
sub!                                         0
vdd                                        3.3
vdd12                                      1.2
r4                                           0
en                                           0
mode                                         0
xbgr.n_23                             0.217743
xbgr.xr1.dt                                  0
xbgr.n_12                              3.04841
xbgr.det                               3.26616
xbgr.xr2.dt                                  0
xbgr.n_13                              2.61292
xbgr.n_24                              2.39518
xbgr.xr3.dt                                  0
xbgr.n_14                              2.17743
xbgr.xr4.dt                                  0
xbgr.n_26                              1.95969
xbgr.xr5.dt                                  0
xbgr.n_15                              1.74195
xbgr.xr6.dt                                  0
xbgr.n_27                               1.5242
xbgr.xr7.dt                                  0
xbgr.n_16                              1.30646
xbgr.xr8.dt                                  0
xbgr.n_21                              1.08872
xbgr.xr9.dt                                  0
xbgr.n_25                              2.83067
xbgr.xr10.dt                                 0
xbgr.xr11.dt                                 0
xbgr.n_17                             0.870972
xbgr.n_22                             0.653229
xbgr.xr12.dt                                 0
xbgr.n_18                             0.435486
xbgr.xr13.dt                                 0
xbgr.xr14.dt                                 0
xbgr.xr15.dt                                 0
dvbe                                 0.0546382
xbgr.xr16.dt                                 0
xbgr.n_7                              0.992066
vref                                    1.0485
xbgr.xr17.dt                                 0
xbgr.n_2                              0.879193
xbgr.n_36                             0.935629
xbgr.xr18.dt                                 0
xbgr.xr19.dt                                 0
xbgr.n_37                             0.822756
xbgr.xr20.dt                                 0
xbgr.n_8                               0.76632
xbgr.xr21.dt                                 0
xbgr.vbe3                             0.709884
xbgr.xr22.dt                                 0
xbgr.n_6                               1.57231
xbgr.vb2                               1.62312
xbgr.xr23.dt                                 0
xbgr.n_9                               1.47069
xbgr.vd1                               1.41989
xbgr.xr24.dt                                 0
xbgr.n_19                               1.5215
xbgr.xr25.dt                                 0
xbgr.xr26.dt                                 0
xbgr.kick                          1.16179e-10
xbgr.r4n                                   3.3
vbe                                   0.709873
xbgr.b1b                            3.1277e-10
pbias                                  2.26811
xbgr.n1                               0.739593
xbgr.c2                               0.750107
pcasc                                  1.73898
xbgr.d1                                2.77131
xbgr.d2                                2.77226
xbgr.d4                                2.77139
xbgr.d5                                2.77167
xbgr.d3                                2.77141
iptat                                        1
xbgr.xq55.s1                                 0
xbgr.xq55.t                                  0
xbgr.xq56.s1                       9.13854e-13
xbgr.xq56.t                          0.0290732
xbgr.xq57.s1                                 0
xbgr.xq57.t                                  0
xbgr.xq58.s1                                 0
xbgr.xq58.t                                  0
xbgr.xq59.s1                                 0
xbgr.xq59.t                                  0
xbgr.xq60.s1                       9.13859e-13
xbgr.xq60.t                          0.0290859
xbgr.xq61.s1                                 0
xbgr.xq61.t                                  0
xbgr.vd2                              0.709943
xbgr.xq62.s1                       9.13888e-13
xbgr.xq62.t                          0.0291536
xbgr.xq63.s1                                 0
xbgr.xq63.t                                  0
xbgr.xq64.s1                                 0
xbgr.xq64.t                                  0
xbgr.xq65.s1                                 0
xbgr.xq65.t                                  0
xbgr.xq66.s1                                 0
xbgr.xq66.t                                  0
xbgr.xq67.s1                       9.11686e-13
xbgr.xq67.t                        4.87727e-11
xbgr.xq68.s1                       9.28046e-13
xbgr.xq68.t                         0.00357884
xbgr.xq69.s1                       9.28046e-13
xbgr.xq69.t                         0.00357884
xbgr.xq70.s1                       9.28046e-13
xbgr.xq70.t                         0.00357884
xbgr.xq71.s1                       9.28046e-13
xbgr.xq71.t                         0.00357884
xbgr.xq72.s1                       9.28046e-13
xbgr.xq72.t                         0.00357884
xbgr.xq73.s1                       9.28046e-13
xbgr.xq73.t                         0.00357884
xbgr.xq74.s1                       9.28046e-13
xbgr.xq74.t                         0.00357884
xbgr.xq75.s1                       1.19787e-12
xbgr.xq75.t                          0.0291536
xbgr.xq76.s1                       9.28046e-13
xbgr.xq76.t                         0.00357884
xbgr.n_4                                2.2152
xbgr.xr77.dt                                 0
xbgr.n_11                              1.79189
xbgr.n_34                               1.8448
xbgr.xr78.dt                                 0
xbgr.n_10                              1.89772
xbgr.xr79.dt                                 0
xbgr.n_3                               2.00354
xbgr.n_31                              2.05646
xbgr.xr80.dt                                 0
xbgr.n_33                              1.95063
xbgr.xr81.dt                                 0
xbgr.n_5                               2.10937
xbgr.xr82.dt                                 0
xbgr.n_30                              2.16229
xbgr.xr83.dt                                 0
xbgr.xr84.dt                                 0
xbgr.xr85.dt                                 0
xbgr.xr86.dt                                 0
xbgr.xr16_u2.dt                              0
xbgr.xr16_u3.dt                              0
xbgr.xr16_u4.dt                              0
xbgr.xr16_u5.dt                              0
xbgr.xr16_u6.dt                              0
xbgr.xr16_u7.dt                              0
xbgr.xr16_u8.dt                              0
xbgr.xr16_u9.dt                              0
xbgr.xr16_u10.dt                             0
xbgr.xr16_u11.dt                             0
xbgr.xr16_u12.dt                             0
xbgr.xr16_u13.dt                             0
xbgr.xr16_u14.dt                             0
xbgr.xr16_u15.dt                             0
xbgr.xr16_u16.dt                             0
xbgr.xr16_u17.dt                             0
xbgr.xr16_u18.dt                             0
xbgr.xr16_u19.dt                             0
xbgr.xr16_u20.dt                             0
xbgr.xr16_u21.dt                             0
xbgr.xr16_u22.dt                             0
xbgr.xr16_u23.dt                             0
xbgr.xr16_u24.dt                             0
xbgr.xr17_u2.dt                              0
xbgr.xr17_u3.dt                              0
xbgr.xr17_u4.dt                              0
xbgr.xr18_u2.dt                              0
xbgr.xr18_u3.dt                              0
xbgr.xr18_u4.dt                              0
xbgr.xr19_u2.dt                              0
xbgr.xr19_u3.dt                              0
xbgr.xr19_u4.dt                              0
xbgr.xr20_u2.dt                              0
xbgr.xr20_u3.dt                              0
xbgr.xr20_u4.dt                              0
xbgr.xr21_u2.dt                              0
xbgr.xr21_u3.dt                              0
xbgr.xr21_u4.dt                              0
xbgr.xr22_u2.dt                              0
xbgr.xr22_u3.dt                              0
xbgr.xr22_u4.dt                              0
xbgr.xr23_u2.dt                              0
xbgr.xr23_u3.dt                              0
xbgr.xr23_u4.dt                              0
xbgr.xr23_u5.dt                              0
xbgr.xr23_u6.dt                              0
xbgr.xr23_u7.dt                              0
xbgr.xr23_u8.dt                              0
xbgr.xr23_u9.dt                              0
xbgr.xr23_u10.dt                             0
xbgr.xr23_u11.dt                             0
xbgr.xr23_u12.dt                             0
xbgr.xr23_u13.dt                             0
xbgr.xr23_u14.dt                             0
xbgr.xr23_u15.dt                             0
xbgr.xr23_u16.dt                             0
xbgr.xr23_u17.dt                             0
xbgr.xr23_u18.dt                             0
xbgr.xr23_u19.dt                             0
xbgr.xr23_u20.dt                             0
xbgr.xr23_u21.dt                             0
xbgr.xr23_u22.dt                             0
xbgr.xr23_u23.dt                             0
xbgr.xr23_u24.dt                             0
xbgr.xr24_u2.dt                              0
xbgr.xr24_u3.dt                              0
xbgr.xr24_u4.dt                              0
xbgr.xr24_u5.dt                              0
xbgr.xr24_u6.dt                              0
xbgr.xr24_u7.dt                              0
xbgr.xr24_u8.dt                              0
xbgr.xr24_u9.dt                              0
xbgr.xr24_u10.dt                             0
xbgr.xr24_u11.dt                             0
xbgr.xr24_u12.dt                             0
xbgr.xr24_u13.dt                             0
xbgr.xr24_u14.dt                             0
xbgr.xr24_u15.dt                             0
xbgr.xr24_u16.dt                             0
xbgr.xr24_u17.dt                             0
xbgr.xr24_u18.dt                             0
xbgr.xr24_u19.dt                             0
xbgr.xr24_u20.dt                             0
xbgr.xr24_u21.dt                             0
xbgr.xr24_u22.dt                             0
xbgr.xr24_u23.dt                             0
xbgr.xr24_u24.dt                             0
xbgr.xr25_u2.dt                              0
xbgr.xr25_u3.dt                              0
xbgr.xr25_u4.dt                              0
xbgr.xr25_u5.dt                              0
xbgr.xr25_u6.dt                              0
xbgr.xr25_u7.dt                              0
xbgr.xr25_u8.dt                              0
xbgr.xr25_u9.dt                              0
xbgr.xr25_u10.dt                             0
xbgr.xr25_u11.dt                             0
xbgr.xr25_u12.dt                             0
xbgr.xr25_u13.dt                             0
xbgr.xr25_u14.dt                             0
xbgr.xr25_u15.dt                             0
xbgr.xr25_u16.dt                             0
xbgr.xr25_u17.dt                             0
xbgr.xr25_u18.dt                             0
xbgr.xr25_u19.dt                             0
xbgr.xr25_u20.dt                             0
xbgr.xr25_u21.dt                             0
xbgr.xr25_u22.dt                             0
xbgr.xr25_u23.dt                             0
xbgr.xr25_u24.dt                             0
xbgr.xr26_u2.dt                              0
xbgr.xr26_u3.dt                              0
xbgr.xr26_u4.dt                              0
xbgr.xr26_u5.dt                              0
xbgr.xr26_u6.dt                              0
xbgr.xr26_u7.dt                              0
xbgr.xr26_u8.dt                              0
xbgr.xr26_u9.dt                              0
xbgr.xr26_u10.dt                             0
xbgr.xr26_u11.dt                             0
xbgr.xr26_u12.dt                             0
xbgr.xr26_u13.dt                             0
xbgr.xr26_u14.dt                             0
xbgr.xr26_u15.dt                             0
xbgr.xr26_u16.dt                             0
xbgr.xr26_u17.dt                             0
xbgr.xr26_u18.dt                             0
xbgr.xr26_u19.dt                             0
xbgr.xr26_u20.dt                             0
xbgr.xr26_u21.dt                             0
xbgr.xr26_u22.dt                             0
xbgr.xr26_u23.dt                             0
xbgr.xr26_u24.dt                             0
xbgr.xq56_u2.s1                    9.13854e-13
xbgr.xq56_u2.t                       0.0290732
xbgr.xq56_u3.s1                    9.13854e-13
xbgr.xq56_u3.t                       0.0290732
xbgr.xq56_u4.s1                    9.13854e-13
xbgr.xq56_u4.t                       0.0290732
xbgr.xq56_u5.s1                    9.13854e-13
xbgr.xq56_u5.t                       0.0290732
xbgr.xq56_u6.s1                    9.13854e-13
xbgr.xq56_u6.t                       0.0290732
xbgr.xq56_u7.s1                    9.13854e-13
xbgr.xq56_u7.t                       0.0290732
xbgr.xq56_u8.s1                    9.13854e-13
xbgr.xq56_u8.t                       0.0290732
xbgr.xq56_u9.s1                    9.13854e-13
xbgr.xq56_u9.t                       0.0290732
xbgr.xq56_u10.s1                   9.13854e-13
xbgr.xq56_u10.t                      0.0290732
xbgr.xq56_u11.s1                   9.13854e-13
xbgr.xq56_u11.t                      0.0290732
xbgr.xq56_u12.s1                   9.13854e-13
xbgr.xq56_u12.t                      0.0290732
xbgr.xq56_u13.s1                   9.13854e-13
xbgr.xq56_u13.t                      0.0290732
xbgr.xq56_u14.s1                   9.13854e-13
xbgr.xq56_u14.t                      0.0290732
xbgr.xq56_u15.s1                   9.13854e-13
xbgr.xq56_u15.t                      0.0290732
xbgr.xq56_u16.s1                   9.13854e-13
xbgr.xq56_u16.t                      0.0290732
xbgr.xq56_u17.s1                   9.13854e-13
xbgr.xq56_u17.t                      0.0290732
xbgr.xq56_u18.s1                   9.13854e-13
xbgr.xq56_u18.t                      0.0290732
xbgr.xq56_u19.s1                   9.13854e-13
xbgr.xq56_u19.t                      0.0290732
xbgr.xq56_u20.s1                   9.13854e-13
xbgr.xq56_u20.t                      0.0290732
xbgr.xq56_u21.s1                   9.13854e-13
xbgr.xq56_u21.t                      0.0290732
xbgr.xq56_u22.s1                   9.13854e-13
xbgr.xq56_u22.t                      0.0290732
xbgr.xq56_u23.s1                   9.13854e-13
xbgr.xq56_u23.t                      0.0290732
xbgr.xq56_u24.s1                   9.13854e-13
xbgr.xq56_u24.t                      0.0290732
xbgr.xq60_u2.s1                    9.13859e-13
xbgr.xq60_u2.t                       0.0290859
xbgr.xq60_u3.s1                    9.13859e-13
xbgr.xq60_u3.t                       0.0290859
xbgr.xq60_u4.s1                    9.13859e-13
xbgr.xq60_u4.t                       0.0290859
xbgr.xq62_u2.s1                    9.13888e-13
xbgr.xq62_u2.t                       0.0291536
xbgr.xq62_u3.s1                    9.13888e-13
xbgr.xq62_u3.t                       0.0291536
xbgr.xq62_u4.s1                    9.13888e-13
xbgr.xq62_u4.t                       0.0291536
xbgr.xq62_u5.s1                    9.13888e-13
xbgr.xq62_u5.t                       0.0291536
xbgr.xq62_u6.s1                    9.13888e-13
xbgr.xq62_u6.t                       0.0291536
xbgr.xq62_u7.s1                    9.13888e-13
xbgr.xq62_u7.t                       0.0291536
xbgr.xq62_u8.s1                    9.13888e-13
xbgr.xq62_u8.t                       0.0291536
xbgr.xq62_u9.s1                    9.13888e-13
xbgr.xq62_u9.t                       0.0291536
xbgr.xq62_u10.s1                   9.13888e-13
xbgr.xq62_u10.t                      0.0291536
xbgr.xq62_u11.s1                   9.13888e-13
xbgr.xq62_u11.t                      0.0291536
xbgr.xq62_u12.s1                   9.13888e-13
xbgr.xq62_u12.t                      0.0291536
xbgr.xq62_u13.s1                   9.13888e-13
xbgr.xq62_u13.t                      0.0291536
xbgr.xq62_u14.s1                   9.13888e-13
xbgr.xq62_u14.t                      0.0291536
xbgr.xq62_u15.s1                   9.13888e-13
xbgr.xq62_u15.t                      0.0291536
xbgr.xq62_u16.s1                   9.13888e-13
xbgr.xq62_u16.t                      0.0291536
xbgr.xq62_u17.s1                   9.13888e-13
xbgr.xq62_u17.t                      0.0291536
xbgr.xq62_u18.s1                   9.13888e-13
xbgr.xq62_u18.t                      0.0291536
xbgr.xq62_u19.s1                   9.13888e-13
xbgr.xq62_u19.t                      0.0291536
xbgr.xq62_u20.s1                   9.13888e-13
xbgr.xq62_u20.t                      0.0291536
xbgr.xq62_u21.s1                   9.13888e-13
xbgr.xq62_u21.t                      0.0291536
xbgr.xq62_u22.s1                   9.13888e-13
xbgr.xq62_u22.t                      0.0291536
xbgr.xq62_u23.s1                   9.13888e-13
xbgr.xq62_u23.t                      0.0291536
xbgr.xq62_u24.s1                   9.13888e-13
xbgr.xq62_u24.t                      0.0291536
xbgr.xq67_u2.s1                    9.11686e-13
xbgr.xq67_u2.t                     4.87727e-11
xbgr.xq67_u3.s1                    9.11686e-13
xbgr.xq67_u3.t                     4.87727e-11
xbgr.xq67_u4.s1                    9.11686e-13
xbgr.xq67_u4.t                     4.87727e-11
xbgr.xq67_u5.s1                    9.11686e-13
xbgr.xq67_u5.t                     4.87727e-11
xbgr.xq67_u6.s1                    9.11686e-13
xbgr.xq67_u6.t                     4.87727e-11
xbgr.xq67_u7.s1                    9.11686e-13
xbgr.xq67_u7.t                     4.87727e-11
xbgr.xq67_u8.s1                    9.11686e-13
xbgr.xq67_u8.t                     4.87727e-11
xbgr.xq67_u9.s1                    9.11686e-13
xbgr.xq67_u9.t                     4.87727e-11
xbgr.xq67_u10.s1                   9.11686e-13
xbgr.xq67_u10.t                    4.87727e-11
xbgr.xq67_u11.s1                   9.11686e-13
xbgr.xq67_u11.t                    4.87727e-11
xbgr.xq67_u12.s1                   9.11686e-13
xbgr.xq67_u12.t                    4.87727e-11
xbgr.xq67_u13.s1                   9.11686e-13
xbgr.xq67_u13.t                    4.87727e-11
xbgr.xq67_u14.s1                   9.11686e-13
xbgr.xq67_u14.t                    4.87727e-11
xbgr.xq67_u15.s1                   9.11686e-13
xbgr.xq67_u15.t                    4.87727e-11
xbgr.xq67_u16.s1                   9.11686e-13
xbgr.xq67_u16.t                    4.87727e-11
xbgr.xq67_u17.s1                   9.11686e-13
xbgr.xq67_u17.t                    4.87727e-11
xbgr.xq67_u18.s1                   9.11686e-13
xbgr.xq67_u18.t                    4.87727e-11
xbgr.xq67_u19.s1                   9.11686e-13
xbgr.xq67_u19.t                    4.87727e-11
xbgr.xq67_u20.s1                   9.11686e-13
xbgr.xq67_u20.t                    4.87727e-11
xbgr.xq67_u21.s1                   9.11686e-13
xbgr.xq67_u21.t                    4.87727e-11
xbgr.xq67_u22.s1                   9.11686e-13
xbgr.xq67_u22.t                    4.87727e-11
xbgr.xq67_u23.s1                   9.11686e-13
xbgr.xq67_u23.t                    4.87727e-11
xbgr.xq67_u24.s1                   9.11686e-13
xbgr.xq67_u24.t                    4.87727e-11
xbgr.xq68_u2.s1                    9.28046e-13
xbgr.xq68_u2.t                      0.00357884
xbgr.xq68_u3.s1                    9.28046e-13
xbgr.xq68_u3.t                      0.00357884
xbgr.xq68_u4.s1                    9.28046e-13
xbgr.xq68_u4.t                      0.00357884
xbgr.xq68_u5.s1                    9.28046e-13
xbgr.xq68_u5.t                      0.00357884
xbgr.xq68_u6.s1                    9.28046e-13
xbgr.xq68_u6.t                      0.00357884
xbgr.xq68_u7.s1                    9.28046e-13
xbgr.xq68_u7.t                      0.00357884
xbgr.xq68_u8.s1                    9.28046e-13
xbgr.xq68_u8.t                      0.00357884
xbgr.xq68_u9.s1                    9.28046e-13
xbgr.xq68_u9.t                      0.00357884
xbgr.xq68_u10.s1                   9.28046e-13
xbgr.xq68_u10.t                     0.00357884
xbgr.xq68_u11.s1                   9.28046e-13
xbgr.xq68_u11.t                     0.00357884
xbgr.xq68_u12.s1                   9.28046e-13
xbgr.xq68_u12.t                     0.00357884
xbgr.xq68_u13.s1                   9.28046e-13
xbgr.xq68_u13.t                     0.00357884
xbgr.xq68_u14.s1                   9.28046e-13
xbgr.xq68_u14.t                     0.00357884
xbgr.xq68_u15.s1                   9.28046e-13
xbgr.xq68_u15.t                     0.00357884
xbgr.xq68_u16.s1                   9.28046e-13
xbgr.xq68_u16.t                     0.00357884
xbgr.xq68_u17.s1                   9.28046e-13
xbgr.xq68_u17.t                     0.00357884
xbgr.xq68_u18.s1                   9.28046e-13
xbgr.xq68_u18.t                     0.00357884
xbgr.xq68_u19.s1                   9.28046e-13
xbgr.xq68_u19.t                     0.00357884
xbgr.xq68_u20.s1                   9.28046e-13
xbgr.xq68_u20.t                     0.00357884
xbgr.xq68_u21.s1                   9.28046e-13
xbgr.xq68_u21.t                     0.00357884
xbgr.xq68_u22.s1                   9.28046e-13
xbgr.xq68_u22.t                     0.00357884
xbgr.xq68_u23.s1                   9.28046e-13
xbgr.xq68_u23.t                     0.00357884
xbgr.xq68_u24.s1                   9.28046e-13
xbgr.xq68_u24.t                     0.00357884
xbgr.xq69_u2.s1                    9.28046e-13
xbgr.xq69_u2.t                      0.00357884
xbgr.xq69_u3.s1                    9.28046e-13
xbgr.xq69_u3.t                      0.00357884
xbgr.xq69_u4.s1                    9.28046e-13
xbgr.xq69_u4.t                      0.00357884
xbgr.xq69_u5.s1                    9.28046e-13
xbgr.xq69_u5.t                      0.00357884
xbgr.xq69_u6.s1                    9.28046e-13
xbgr.xq69_u6.t                      0.00357884
xbgr.xq69_u7.s1                    9.28046e-13
xbgr.xq69_u7.t                      0.00357884
xbgr.xq69_u8.s1                    9.28046e-13
xbgr.xq69_u8.t                      0.00357884
xbgr.xq69_u9.s1                    9.28046e-13
xbgr.xq69_u9.t                      0.00357884
xbgr.xq69_u10.s1                   9.28046e-13
xbgr.xq69_u10.t                     0.00357884
xbgr.xq69_u11.s1                   9.28046e-13
xbgr.xq69_u11.t                     0.00357884
xbgr.xq69_u12.s1                   9.28046e-13
xbgr.xq69_u12.t                     0.00357884
xbgr.xq69_u13.s1                   9.28046e-13
xbgr.xq69_u13.t                     0.00357884
xbgr.xq69_u14.s1                   9.28046e-13
xbgr.xq69_u14.t                     0.00357884
xbgr.xq69_u15.s1                   9.28046e-13
xbgr.xq69_u15.t                     0.00357884
xbgr.xq69_u16.s1                   9.28046e-13
xbgr.xq69_u16.t                     0.00357884
xbgr.xq69_u17.s1                   9.28046e-13
xbgr.xq69_u17.t                     0.00357884
xbgr.xq69_u18.s1                   9.28046e-13
xbgr.xq69_u18.t                     0.00357884
xbgr.xq69_u19.s1                   9.28046e-13
xbgr.xq69_u19.t                     0.00357884
xbgr.xq69_u20.s1                   9.28046e-13
xbgr.xq69_u20.t                     0.00357884
xbgr.xq69_u21.s1                   9.28046e-13
xbgr.xq69_u21.t                     0.00357884
xbgr.xq69_u22.s1                   9.28046e-13
xbgr.xq69_u22.t                     0.00357884
xbgr.xq69_u23.s1                   9.28046e-13
xbgr.xq69_u23.t                     0.00357884
xbgr.xq69_u24.s1                   9.28046e-13
xbgr.xq69_u24.t                     0.00357884
xbgr.xq70_u2.s1                    9.28046e-13
xbgr.xq70_u2.t                      0.00357884
xbgr.xq70_u3.s1                    9.28046e-13
xbgr.xq70_u3.t                      0.00357884
xbgr.xq70_u4.s1                    9.28046e-13
xbgr.xq70_u4.t                      0.00357884
xbgr.xq70_u5.s1                    9.28046e-13
xbgr.xq70_u5.t                      0.00357884
xbgr.xq70_u6.s1                    9.28046e-13
xbgr.xq70_u6.t                      0.00357884
xbgr.xq70_u7.s1                    9.28046e-13
xbgr.xq70_u7.t                      0.00357884
xbgr.xq70_u8.s1                    9.28046e-13
xbgr.xq70_u8.t                      0.00357884
xbgr.xq70_u9.s1                    9.28046e-13
xbgr.xq70_u9.t                      0.00357884
xbgr.xq70_u10.s1                   9.28046e-13
xbgr.xq70_u10.t                     0.00357884
xbgr.xq70_u11.s1                   9.28046e-13
xbgr.xq70_u11.t                     0.00357884
xbgr.xq70_u12.s1                   9.28046e-13
xbgr.xq70_u12.t                     0.00357884
xbgr.xq70_u13.s1                   9.28046e-13
xbgr.xq70_u13.t                     0.00357884
xbgr.xq70_u14.s1                   9.28046e-13
xbgr.xq70_u14.t                     0.00357884
xbgr.xq70_u15.s1                   9.28046e-13
xbgr.xq70_u15.t                     0.00357884
xbgr.xq70_u16.s1                   9.28046e-13
xbgr.xq70_u16.t                     0.00357884
xbgr.xq70_u17.s1                   9.28046e-13
xbgr.xq70_u17.t                     0.00357884
xbgr.xq70_u18.s1                   9.28046e-13
xbgr.xq70_u18.t                     0.00357884
xbgr.xq70_u19.s1                   9.28046e-13
xbgr.xq70_u19.t                     0.00357884
xbgr.xq70_u20.s1                   9.28046e-13
xbgr.xq70_u20.t                     0.00357884
xbgr.xq70_u21.s1                   9.28046e-13
xbgr.xq70_u21.t                     0.00357884
xbgr.xq70_u22.s1                   9.28046e-13
xbgr.xq70_u22.t                     0.00357884
xbgr.xq70_u23.s1                   9.28046e-13
xbgr.xq70_u23.t                     0.00357884
xbgr.xq70_u24.s1                   9.28046e-13
xbgr.xq70_u24.t                     0.00357884
xbgr.xq71_u2.s1                    9.28046e-13
xbgr.xq71_u2.t                      0.00357884
xbgr.xq71_u3.s1                    9.28046e-13
xbgr.xq71_u3.t                      0.00357884
xbgr.xq71_u4.s1                    9.28046e-13
xbgr.xq71_u4.t                      0.00357884
xbgr.xq71_u5.s1                    9.28046e-13
xbgr.xq71_u5.t                      0.00357884
xbgr.xq71_u6.s1                    9.28046e-13
xbgr.xq71_u6.t                      0.00357884
xbgr.xq71_u7.s1                    9.28046e-13
xbgr.xq71_u7.t                      0.00357884
xbgr.xq71_u8.s1                    9.28046e-13
xbgr.xq71_u8.t                      0.00357884
xbgr.xq71_u9.s1                    9.28046e-13
xbgr.xq71_u9.t                      0.00357884
xbgr.xq71_u10.s1                   9.28046e-13
xbgr.xq71_u10.t                     0.00357884
xbgr.xq71_u11.s1                   9.28046e-13
xbgr.xq71_u11.t                     0.00357884
xbgr.xq71_u12.s1                   9.28046e-13
xbgr.xq71_u12.t                     0.00357884
xbgr.xq71_u13.s1                   9.28046e-13
xbgr.xq71_u13.t                     0.00357884
xbgr.xq71_u14.s1                   9.28046e-13
xbgr.xq71_u14.t                     0.00357884
xbgr.xq71_u15.s1                   9.28046e-13
xbgr.xq71_u15.t                     0.00357884
xbgr.xq71_u16.s1                   9.28046e-13
xbgr.xq71_u16.t                     0.00357884
xbgr.xq71_u17.s1                   9.28046e-13
xbgr.xq71_u17.t                     0.00357884
xbgr.xq71_u18.s1                   9.28046e-13
xbgr.xq71_u18.t                     0.00357884
xbgr.xq71_u19.s1                   9.28046e-13
xbgr.xq71_u19.t                     0.00357884
xbgr.xq71_u20.s1                   9.28046e-13
xbgr.xq71_u20.t                     0.00357884
xbgr.xq71_u21.s1                   9.28046e-13
xbgr.xq71_u21.t                     0.00357884
xbgr.xq71_u22.s1                   9.28046e-13
xbgr.xq71_u22.t                     0.00357884
xbgr.xq71_u23.s1                   9.28046e-13
xbgr.xq71_u23.t                     0.00357884
xbgr.xq71_u24.s1                   9.28046e-13
xbgr.xq71_u24.t                     0.00357884
xbgr.xq72_u2.s1                    9.28046e-13
xbgr.xq72_u2.t                      0.00357884
xbgr.xq72_u3.s1                    9.28046e-13
xbgr.xq72_u3.t                      0.00357884
xbgr.xq72_u4.s1                    9.28046e-13
xbgr.xq72_u4.t                      0.00357884
xbgr.xq72_u5.s1                    9.28046e-13
xbgr.xq72_u5.t                      0.00357884
xbgr.xq72_u6.s1                    9.28046e-13
xbgr.xq72_u6.t                      0.00357884
xbgr.xq72_u7.s1                    9.28046e-13
xbgr.xq72_u7.t                      0.00357884
xbgr.xq72_u8.s1                    9.28046e-13
xbgr.xq72_u8.t                      0.00357884
xbgr.xq72_u9.s1                    9.28046e-13
xbgr.xq72_u9.t                      0.00357884
xbgr.xq72_u10.s1                   9.28046e-13
xbgr.xq72_u10.t                     0.00357884
xbgr.xq72_u11.s1                   9.28046e-13
xbgr.xq72_u11.t                     0.00357884
xbgr.xq72_u12.s1                   9.28046e-13
xbgr.xq72_u12.t                     0.00357884
xbgr.xq72_u13.s1                   9.28046e-13
xbgr.xq72_u13.t                     0.00357884
xbgr.xq72_u14.s1                   9.28046e-13
xbgr.xq72_u14.t                     0.00357884
xbgr.xq72_u15.s1                   9.28046e-13
xbgr.xq72_u15.t                     0.00357884
xbgr.xq72_u16.s1                   9.28046e-13
xbgr.xq72_u16.t                     0.00357884
xbgr.xq72_u17.s1                   9.28046e-13
xbgr.xq72_u17.t                     0.00357884
xbgr.xq72_u18.s1                   9.28046e-13
xbgr.xq72_u18.t                     0.00357884
xbgr.xq72_u19.s1                   9.28046e-13
xbgr.xq72_u19.t                     0.00357884
xbgr.xq72_u20.s1                   9.28046e-13
xbgr.xq72_u20.t                     0.00357884
xbgr.xq72_u21.s1                   9.28046e-13
xbgr.xq72_u21.t                     0.00357884
xbgr.xq72_u22.s1                   9.28046e-13
xbgr.xq72_u22.t                     0.00357884
xbgr.xq72_u23.s1                   9.28046e-13
xbgr.xq72_u23.t                     0.00357884
xbgr.xq72_u24.s1                   9.28046e-13
xbgr.xq72_u24.t                     0.00357884
xbgr.xq73_u2.s1                    9.28046e-13
xbgr.xq73_u2.t                      0.00357884
xbgr.xq73_u3.s1                    9.28046e-13
xbgr.xq73_u3.t                      0.00357884
xbgr.xq73_u4.s1                    9.28046e-13
xbgr.xq73_u4.t                      0.00357884
xbgr.xq73_u5.s1                    9.28046e-13
xbgr.xq73_u5.t                      0.00357884
xbgr.xq73_u6.s1                    9.28046e-13
xbgr.xq73_u6.t                      0.00357884
xbgr.xq73_u7.s1                    9.28046e-13
xbgr.xq73_u7.t                      0.00357884
xbgr.xq73_u8.s1                    9.28046e-13
xbgr.xq73_u8.t                      0.00357884
xbgr.xq73_u9.s1                    9.28046e-13
xbgr.xq73_u9.t                      0.00357884
xbgr.xq73_u10.s1                   9.28046e-13
xbgr.xq73_u10.t                     0.00357884
xbgr.xq73_u11.s1                   9.28046e-13
xbgr.xq73_u11.t                     0.00357884
xbgr.xq73_u12.s1                   9.28046e-13
xbgr.xq73_u12.t                     0.00357884
xbgr.xq73_u13.s1                   9.28046e-13
xbgr.xq73_u13.t                     0.00357884
xbgr.xq73_u14.s1                   9.28046e-13
xbgr.xq73_u14.t                     0.00357884
xbgr.xq73_u15.s1                   9.28046e-13
xbgr.xq73_u15.t                     0.00357884
xbgr.xq73_u16.s1                   9.28046e-13
xbgr.xq73_u16.t                     0.00357884
xbgr.xq73_u17.s1                   9.28046e-13
xbgr.xq73_u17.t                     0.00357884
xbgr.xq73_u18.s1                   9.28046e-13
xbgr.xq73_u18.t                     0.00357884
xbgr.xq73_u19.s1                   9.28046e-13
xbgr.xq73_u19.t                     0.00357884
xbgr.xq73_u20.s1                   9.28046e-13
xbgr.xq73_u20.t                     0.00357884
xbgr.xq73_u21.s1                   9.28046e-13
xbgr.xq73_u21.t                     0.00357884
xbgr.xq73_u22.s1                   9.28046e-13
xbgr.xq73_u22.t                     0.00357884
xbgr.xq73_u23.s1                   9.28046e-13
xbgr.xq73_u23.t                     0.00357884
xbgr.xq73_u24.s1                   9.28046e-13
xbgr.xq73_u24.t                     0.00357884
xbgr.xq74_u2.s1                    9.28046e-13
xbgr.xq74_u2.t                      0.00357884
xbgr.xq74_u3.s1                    9.28046e-13
xbgr.xq74_u3.t                      0.00357884
xbgr.xq74_u4.s1                    9.28046e-13
xbgr.xq74_u4.t                      0.00357884
xbgr.xq74_u5.s1                    9.28046e-13
xbgr.xq74_u5.t                      0.00357884
xbgr.xq74_u6.s1                    9.28046e-13
xbgr.xq74_u6.t                      0.00357884
xbgr.xq74_u7.s1                    9.28046e-13
xbgr.xq74_u7.t                      0.00357884
xbgr.xq74_u8.s1                    9.28046e-13
xbgr.xq74_u8.t                      0.00357884
xbgr.xq74_u9.s1                    9.28046e-13
xbgr.xq74_u9.t                      0.00357884
xbgr.xq74_u10.s1                   9.28046e-13
xbgr.xq74_u10.t                     0.00357884
xbgr.xq74_u11.s1                   9.28046e-13
xbgr.xq74_u11.t                     0.00357884
xbgr.xq74_u12.s1                   9.28046e-13
xbgr.xq74_u12.t                     0.00357884
xbgr.xq74_u13.s1                   9.28046e-13
xbgr.xq74_u13.t                     0.00357884
xbgr.xq74_u14.s1                   9.28046e-13
xbgr.xq74_u14.t                     0.00357884
xbgr.xq74_u15.s1                   9.28046e-13
xbgr.xq74_u15.t                     0.00357884
xbgr.xq74_u16.s1                   9.28046e-13
xbgr.xq74_u16.t                     0.00357884
xbgr.xq74_u17.s1                   9.28046e-13
xbgr.xq74_u17.t                     0.00357884
xbgr.xq74_u18.s1                   9.28046e-13
xbgr.xq74_u18.t                     0.00357884
xbgr.xq74_u19.s1                   9.28046e-13
xbgr.xq74_u19.t                     0.00357884
xbgr.xq74_u20.s1                   9.28046e-13
xbgr.xq74_u20.t                     0.00357884
xbgr.xq74_u21.s1                   9.28046e-13
xbgr.xq74_u21.t                     0.00357884
xbgr.xq74_u22.s1                   9.28046e-13
xbgr.xq74_u22.t                     0.00357884
xbgr.xq74_u23.s1                   9.28046e-13
xbgr.xq74_u23.t                     0.00357884
xbgr.xq74_u24.s1                   9.28046e-13
xbgr.xq74_u24.t                     0.00357884
xbgr.xq75_u2.s1                    1.19787e-12
xbgr.xq75_u2.t                       0.0291536
xbgr.xq75_u3.s1                    1.19787e-12
xbgr.xq75_u3.t                       0.0291536
xbgr.xq75_u4.s1                    1.19787e-12
xbgr.xq75_u4.t                       0.0291536
xbgr.xq75_u5.s1                    1.19787e-12
xbgr.xq75_u5.t                       0.0291536
xbgr.xq75_u6.s1                    1.19787e-12
xbgr.xq75_u6.t                       0.0291536
xbgr.xq75_u7.s1                    1.19787e-12
xbgr.xq75_u7.t                       0.0291536
xbgr.xq75_u8.s1                    1.19787e-12
xbgr.xq75_u8.t                       0.0291536
xbgr.xq75_u9.s1                    1.19787e-12
xbgr.xq75_u9.t                       0.0291536
xbgr.xq75_u10.s1                   1.19787e-12
xbgr.xq75_u10.t                      0.0291536
xbgr.xq75_u11.s1                   1.19787e-12
xbgr.xq75_u11.t                      0.0291536
xbgr.xq75_u12.s1                   1.19787e-12
xbgr.xq75_u12.t                      0.0291536
xbgr.xq75_u13.s1                   1.19787e-12
xbgr.xq75_u13.t                      0.0291536
xbgr.xq75_u14.s1                   1.19787e-12
xbgr.xq75_u14.t                      0.0291536
xbgr.xq75_u15.s1                   1.19787e-12
xbgr.xq75_u15.t                      0.0291536
xbgr.xq75_u16.s1                   1.19787e-12
xbgr.xq75_u16.t                      0.0291536
xbgr.xq75_u17.s1                   1.19787e-12
xbgr.xq75_u17.t                      0.0291536
xbgr.xq75_u18.s1                   1.19787e-12
xbgr.xq75_u18.t                      0.0291536
xbgr.xq75_u19.s1                   1.19787e-12
xbgr.xq75_u19.t                      0.0291536
xbgr.xq75_u20.s1                   1.19787e-12
xbgr.xq75_u20.t                      0.0291536
xbgr.xq75_u21.s1                   1.19787e-12
xbgr.xq75_u21.t                      0.0291536
xbgr.xq75_u22.s1                   1.19787e-12
xbgr.xq75_u22.t                      0.0291536
xbgr.xq75_u23.s1                   1.19787e-12
xbgr.xq75_u23.t                      0.0291536
xbgr.xq75_u24.s1                   1.19787e-12
xbgr.xq75_u24.t                      0.0291536
xbgr.xq76_u2.s1                    9.28046e-13
xbgr.xq76_u2.t                      0.00357884
xbgr.xq76_u3.s1                    9.28046e-13
xbgr.xq76_u3.t                      0.00357884
xbgr.xq76_u4.s1                    9.28046e-13
xbgr.xq76_u4.t                      0.00357884
xbgr.xq76_u5.s1                    9.28046e-13
xbgr.xq76_u5.t                      0.00357884
xbgr.xq76_u6.s1                    9.28046e-13
xbgr.xq76_u6.t                      0.00357884
xbgr.xq76_u7.s1                    9.28046e-13
xbgr.xq76_u7.t                      0.00357884
xbgr.xq76_u8.s1                    9.28046e-13
xbgr.xq76_u8.t                      0.00357884
xbgr.xq76_u9.s1                    9.28046e-13
xbgr.xq76_u9.t                      0.00357884
xbgr.xq76_u10.s1                   9.28046e-13
xbgr.xq76_u10.t                     0.00357884
xbgr.xq76_u11.s1                   9.28046e-13
xbgr.xq76_u11.t                     0.00357884
xbgr.xq76_u12.s1                   9.28046e-13
xbgr.xq76_u12.t                     0.00357884
xbgr.xq76_u13.s1                   9.28046e-13
xbgr.xq76_u13.t                     0.00357884
xbgr.xq76_u14.s1                   9.28046e-13
xbgr.xq76_u14.t                     0.00357884
xbgr.xq76_u15.s1                   9.28046e-13
xbgr.xq76_u15.t                     0.00357884
xbgr.xq76_u16.s1                   9.28046e-13
xbgr.xq76_u16.t                     0.00357884
xbgr.xq76_u17.s1                   9.28046e-13
xbgr.xq76_u17.t                     0.00357884
xbgr.xq76_u18.s1                   9.28046e-13
xbgr.xq76_u18.t                     0.00357884
xbgr.xq76_u19.s1                   9.28046e-13
xbgr.xq76_u19.t                     0.00357884
xbgr.xq76_u20.s1                   9.28046e-13
xbgr.xq76_u20.t                     0.00357884
xbgr.xq76_u21.s1                   9.28046e-13
xbgr.xq76_u21.t                     0.00357884
xbgr.xq76_u22.s1                   9.28046e-13
xbgr.xq76_u22.t                     0.00357884
xbgr.xq76_u23.s1                   9.28046e-13
xbgr.xq76_u23.t                     0.00357884
xbgr.xq76_u24.s1                   9.28046e-13
xbgr.xq76_u24.t                     0.00357884
xbgr.xr77_u2.dt                              0
xbgr.xr77_u3.dt                              0
xbgr.xr77_u4.dt                              0
xbgr.xr77_u5.dt                              0
xbgr.xr77_u6.dt                              0
xbgr.xr77_u7.dt                              0
xbgr.xr77_u8.dt                              0
xbgr.xr77_u9.dt                              0
xbgr.xr77_u10.dt                             0
xbgr.xr77_u11.dt                             0
xbgr.xr77_u12.dt                             0
xbgr.xr77_u13.dt                             0
xbgr.xr77_u14.dt                             0
xbgr.xr77_u15.dt                             0
xbgr.xr77_u16.dt                             0
xbgr.xr77_u17.dt                             0
xbgr.xr77_u18.dt                             0
xbgr.xr77_u19.dt                             0
xbgr.xr77_u20.dt                             0
xbgr.xr77_u21.dt                             0
xbgr.xr77_u22.dt                             0
xbgr.xr77_u23.dt                             0
xbgr.xr77_u24.dt                             0
xbgr.xr78_u2.dt                              0
xbgr.xr78_u3.dt                              0
xbgr.xr78_u4.dt                              0
xbgr.xr78_u5.dt                              0
xbgr.xr78_u6.dt                              0
xbgr.xr78_u7.dt                              0
xbgr.xr78_u8.dt                              0
xbgr.xr78_u9.dt                              0
xbgr.xr78_u10.dt                             0
xbgr.xr78_u11.dt                             0
xbgr.xr78_u12.dt                             0
xbgr.xr78_u13.dt                             0
xbgr.xr78_u14.dt                             0
xbgr.xr78_u15.dt                             0
xbgr.xr78_u16.dt                             0
xbgr.xr78_u17.dt                             0
xbgr.xr78_u18.dt                             0
xbgr.xr78_u19.dt                             0
xbgr.xr78_u20.dt                             0
xbgr.xr78_u21.dt                             0
xbgr.xr78_u22.dt                             0
xbgr.xr78_u23.dt                             0
xbgr.xr78_u24.dt                             0
xbgr.xr79_u2.dt                              0
xbgr.xr79_u3.dt                              0
xbgr.xr79_u4.dt                              0
xbgr.xr79_u5.dt                              0
xbgr.xr79_u6.dt                              0
xbgr.xr79_u7.dt                              0
xbgr.xr79_u8.dt                              0
xbgr.xr79_u9.dt                              0
xbgr.xr79_u10.dt                             0
xbgr.xr79_u11.dt                             0
xbgr.xr79_u12.dt                             0
xbgr.xr79_u13.dt                             0
xbgr.xr79_u14.dt                             0
xbgr.xr79_u15.dt                             0
xbgr.xr79_u16.dt                             0
xbgr.xr79_u17.dt                             0
xbgr.xr79_u18.dt                             0
xbgr.xr79_u19.dt                             0
xbgr.xr79_u20.dt                             0
xbgr.xr79_u21.dt                             0
xbgr.xr79_u22.dt                             0
xbgr.xr79_u23.dt                             0
xbgr.xr79_u24.dt                             0
xbgr.xr80_u2.dt                              0
xbgr.xr80_u3.dt                              0
xbgr.xr80_u4.dt                              0
xbgr.xr80_u5.dt                              0
xbgr.xr80_u6.dt                              0
xbgr.xr80_u7.dt                              0
xbgr.xr80_u8.dt                              0
xbgr.xr80_u9.dt                              0
xbgr.xr80_u10.dt                             0
xbgr.xr80_u11.dt                             0
xbgr.xr80_u12.dt                             0
xbgr.xr80_u13.dt                             0
xbgr.xr80_u14.dt                             0
xbgr.xr80_u15.dt                             0
xbgr.xr80_u16.dt                             0
xbgr.xr80_u17.dt                             0
xbgr.xr80_u18.dt                             0
xbgr.xr80_u19.dt                             0
xbgr.xr80_u20.dt                             0
xbgr.xr80_u21.dt                             0
xbgr.xr80_u22.dt                             0
xbgr.xr80_u23.dt                             0
xbgr.xr80_u24.dt                             0
xbgr.xr81_u2.dt                              0
xbgr.xr81_u3.dt                              0
xbgr.xr81_u4.dt                              0
xbgr.xr81_u5.dt                              0
xbgr.xr81_u6.dt                              0
xbgr.xr81_u7.dt                              0
xbgr.xr81_u8.dt                              0
xbgr.xr81_u9.dt                              0
xbgr.xr81_u10.dt                             0
xbgr.xr81_u11.dt                             0
xbgr.xr81_u12.dt                             0
xbgr.xr81_u13.dt                             0
xbgr.xr81_u14.dt                             0
xbgr.xr81_u15.dt                             0
xbgr.xr81_u16.dt                             0
xbgr.xr81_u17.dt                             0
xbgr.xr81_u18.dt                             0
xbgr.xr81_u19.dt                             0
xbgr.xr81_u20.dt                             0
xbgr.xr81_u21.dt                             0
xbgr.xr81_u22.dt                             0
xbgr.xr81_u23.dt                             0
xbgr.xr81_u24.dt                             0
xbgr.xr82_u2.dt                              0
xbgr.xr82_u3.dt                              0
xbgr.xr82_u4.dt                              0
xbgr.xr82_u5.dt                              0
xbgr.xr82_u6.dt                              0
xbgr.xr82_u7.dt                              0
xbgr.xr82_u8.dt                              0
xbgr.xr82_u9.dt                              0
xbgr.xr82_u10.dt                             0
xbgr.xr82_u11.dt                             0
xbgr.xr82_u12.dt                             0
xbgr.xr82_u13.dt                             0
xbgr.xr82_u14.dt                             0
xbgr.xr82_u15.dt                             0
xbgr.xr82_u16.dt                             0
xbgr.xr82_u17.dt                             0
xbgr.xr82_u18.dt                             0
xbgr.xr82_u19.dt                             0
xbgr.xr82_u20.dt                             0
xbgr.xr82_u21.dt                             0
xbgr.xr82_u22.dt                             0
xbgr.xr82_u23.dt                             0
xbgr.xr82_u24.dt                             0
xbgr.xr83_u2.dt                              0
xbgr.xr83_u3.dt                              0
xbgr.xr83_u4.dt                              0
xbgr.xr83_u5.dt                              0
xbgr.xr83_u6.dt                              0
xbgr.xr83_u7.dt                              0
xbgr.xr83_u8.dt                              0
xbgr.xr83_u9.dt                              0
xbgr.xr83_u10.dt                             0
xbgr.xr83_u11.dt                             0
xbgr.xr83_u12.dt                             0
xbgr.xr83_u13.dt                             0
xbgr.xr83_u14.dt                             0
xbgr.xr83_u15.dt                             0
xbgr.xr83_u16.dt                             0
xbgr.xr83_u17.dt                             0
xbgr.xr83_u18.dt                             0
xbgr.xr83_u19.dt                             0
xbgr.xr83_u20.dt                             0
xbgr.xr83_u21.dt                             0
xbgr.xr83_u22.dt                             0
xbgr.xr83_u23.dt                             0
xbgr.xr83_u24.dt                             0
xbgr.xr84_u2.dt                              0
xbgr.xr84_u3.dt                              0
xbgr.xr84_u4.dt                              0
xbgr.xr84_u5.dt                              0
xbgr.xr84_u6.dt                              0
xbgr.xr84_u7.dt                              0
xbgr.xr84_u8.dt                              0
xbgr.xr84_u9.dt                              0
xbgr.xr84_u10.dt                             0
xbgr.xr84_u11.dt                             0
xbgr.xr84_u12.dt                             0
xbgr.xr84_u13.dt                             0
xbgr.xr84_u14.dt                             0
xbgr.xr84_u15.dt                             0
xbgr.xr84_u16.dt                             0
xbgr.xr84_u17.dt                             0
xbgr.xr84_u18.dt                             0
xbgr.xr84_u19.dt                             0
xbgr.xr84_u20.dt                             0
xbgr.xr84_u21.dt                             0
xbgr.xr84_u22.dt                             0
xbgr.xr84_u23.dt                             0
xbgr.xr84_u24.dt                             0
xbgr.xr85_u2.dt                              0
xbgr.xr85_u3.dt                              0
xbgr.xr85_u4.dt                              0
xbgr.xr85_u5.dt                              0
xbgr.xr85_u6.dt                              0
xbgr.xr85_u7.dt                              0
xbgr.xr85_u8.dt                              0
xbgr.xr85_u9.dt                              0
xbgr.xr85_u10.dt                             0
xbgr.xr85_u11.dt                             0
xbgr.xr85_u12.dt                             0
xbgr.xr85_u13.dt                             0
xbgr.xr85_u14.dt                             0
xbgr.xr85_u15.dt                             0
xbgr.xr85_u16.dt                             0
xbgr.xr85_u17.dt                             0
xbgr.xr85_u18.dt                             0
xbgr.xr85_u19.dt                             0
xbgr.xr85_u20.dt                             0
xbgr.xr85_u21.dt                             0
xbgr.xr85_u22.dt                             0
xbgr.xr85_u23.dt                             0
xbgr.xr85_u24.dt                             0
xbgr.xr86_u2.dt                              0
xbgr.xr86_u3.dt                              0
xbgr.xr86_u4.dt                              0
xbgr.xr86_u5.dt                              0
xbgr.xr86_u6.dt                              0
xbgr.xr86_u7.dt                              0
xbgr.xr86_u8.dt                              0
xbgr.xr86_u9.dt                              0
xbgr.xr86_u10.dt                             0
xbgr.xr86_u11.dt                             0
xbgr.xr86_u12.dt                             0
xbgr.xr86_u13.dt                             0
xbgr.xr86_u14.dt                             0
xbgr.xr86_u15.dt                             0
xbgr.xr86_u16.dt                             0
xbgr.xr86_u17.dt                             0
xbgr.xr86_u18.dt                             0
xbgr.xr86_u19.dt                             0
xbgr.xr86_u20.dt                             0
xbgr.xr86_u21.dt                             0
xbgr.xr86_u22.dt                             0
xbgr.xr86_u23.dt                             0
xbgr.xr86_u24.dt                             0
xt2f.vth                               1.04848
xt2f.moden                                 3.3
xt2f.vr                                1.05332
xt2f.n2                               0.947991
xt2f.xr3.dt                                  0
xt2f.n11                              0.105332
xt2f.xr4.dt                                  0
xt2f.n4                               0.842658
xt2f.xr5.dt                                  0
xt2f.n5                               0.737326
xt2f.xr6.dt                                  0
xt2f.n6                               0.631993
xt2f.n7                               0.526661
xt2f.xr7.dt                                  0
xt2f.n8                               0.421329
xt2f.xr8.dt                                  0
xt2f.n9                               0.315997
xt2f.xr9.dt                                  0
xt2f.n10                              0.210664
xt2f.xr10.dt                                 0
xt2f.xr11.dt                                 0
xt2f.xr12.dt                                 0
xt2f.cap1                         -1.32279e-06
xt2f.d1g                                   3.3
xt2f.cap2                          2.50862e-11
xt2f.d2g                                   3.3
xt2f.fon                                   1.2
xt2f.lsb                           8.38386e-09
fout                               6.41532e-09
xt2f.lsa                                   1.2
xt2f.qn                                    3.3
xt2f.q                              9.8838e-11
xt2f.rn                                    3.3
xt2f.ni973                           0.0368304
xt2f.ni974                             2.71421
xt2f.sn                                    3.3
xt2f.isrc                                  3.3
xt2f.c2                              5.557e-11
xt2f.c1                              5.557e-11
xt2f.tail1                            0.321381
xt2f.nbias                            0.741571
xt2f.tail2                            0.321381
xt2f.xq40.s1                                 0
xt2f.xq40.t                                  0
xt2f.xq41.s1                                 0
xt2f.xq41.t                                  0
xt2f.ca1                               1.15209
xt2f.xq42.s1                       1.09347e-12
xt2f.xq42.t                          0.0652558
xt2f.cb2                               1.32118
xt2f.xq43.s1                       1.15621e-12
xt2f.xq43.t                        9.10118e-11
xt2f.ca2                               1.15209
xt2f.xq44.s1                       1.09347e-12
xt2f.xq44.t                          0.0652558
xt2f.cb1                               1.32118
xt2f.xq45.s1                       1.15621e-12
xt2f.xq45.t                        9.10118e-11
xt2f.ob2                               3.29544
xt2f.oa2                                2.2602
xt2f.ob1                               3.29544
xt2f.oa1                                2.2602
xt2f.vcg                               2.25581
xt2f.a                             5.14982e-11
xt2f.ni961                             2.69503
xt2f.ni962                           0.0422684
xt2f.ni960                          4.9419e-11
xt2f.dr                                2.77006
xt2f.db                                2.76995
xt2f.do                                    3.3
xt2f.xc1.1                        -1.32279e-06
xt2f.xc2.1                         2.50862e-11
vload#branch                       3.61746e-06
vmode#branch                                 0
ven#branch                                   0
vr4#branch                                   0
vdd12#branch                      -2.25395e-11
vdd#branch                        -0.000308764
vsub#branch                                  0

 Reference value :  0.00000e+00 Reference value :  1.31400e-07 Reference value :  3.01400e-07 Reference value :  4.76400e-07 Reference value :  6.61400e-07 Reference value :  8.51400e-07 Reference value :  1.00167e-06 Reference value :  1.00388e-06 Reference value :  1.00495e-06 Reference value :  1.00971e-06 Reference value :  1.09672e-06 Reference value :  1.28172e-06 Reference value :  1.37063e-06 Reference value :  1.37457e-06 Reference value :  1.37510e-06 Reference value :  1.37547e-06 Reference value :  1.37586e-06 Reference value :  1.37633e-06 Reference value :  1.37834e-06 Reference value :  1.37906e-06 Reference value :  1.38298e-06 Reference value :  1.48340e-06 Reference value :  1.66840e-06 Reference value :  1.77581e-06 Reference value :  1.78626e-06 Reference value :  1.78753e-06 Reference value :  1.78792e-06 Reference value :  1.78826e-06 Reference value :  1.78855e-06 Reference value :  1.78959e-06 Reference value :  1.79133e-06 Reference value :  1.79381e-06 Reference value :  1.85920e-06 Reference value :  2.04420e-06 Reference value :  2.18697e-06 Reference value :  2.19902e-06 Reference value :  2.19986e-06 Reference value :  2.20023e-06 Reference value :  2.20063e-06 Reference value :  2.20113e-06 Reference value :  2.20325e-06 Reference value :  2.20394e-06 Reference value :  2.20887e-06 Reference value :  2.34390e-06 Reference value :  2.53390e-06 Reference value :  2.60894e-06 Reference value :  2.61192e-06 Reference value :  2.61243e-06 Reference value :  2.61278e-06 Reference value :  2.61314e-06 Reference value :  2.61349e-06 Reference value :  2.61555e-06 Reference value :  2.61618e-06 Reference value :  2.62013e-06 Reference value :  2.72446e-06 Reference value :  2.91446e-06 Reference value :  3.01695e-06 Reference value :  3.02392e-06 Reference value :  3.02460e-06 Reference value :  3.02499e-06 Reference value :  3.02542e-06 Reference value :  3.02590e-06 Reference value :  3.02814e-06 Reference value :  3.02863e-06 Reference value :  3.03353e-06 Reference value :  3.16251e-06 Reference value :  3.35751e-06 Reference value :  3.43186e-06 Reference value :  3.43629e-06 Reference value :  3.43708e-06 Reference value :  3.43742e-06 Reference value :  3.43768e-06 Reference value :  3.43797e-06 Reference value :  3.43826e-06 Reference value :  3.43956e-06 Reference value :  3.44087e-06 Reference value :  3.44157e-06 Reference value :  3.45364e-06 Reference value :  3.59786e-06 Reference value :  3.75286e-06 Reference value :  3.83822e-06 Reference value :  3.84818e-06 Reference value :  3.84928e-06 Reference value :  3.84950e-06 Reference value :  3.84991e-06 Reference value :  3.85046e-06 Reference value :  3.85077e-06 Reference value :  3.85209e-06 Reference value :  3.85320e-06 Reference value :  3.85362e-06 Reference value :  3.85837e-06 Reference value :  3.95774e-06 Reference value :  4.11274e-06 Reference value :  4.23774e-06 Reference value :  4.25962e-06 Reference value :  4.26154e-06 Reference value :  4.26197e-06 Reference value :  4.26229e-06 Reference value :  4.26248e-06 Reference value :  4.26278e-06 Reference value :  4.26304e-06 Reference value :  4.26439e-06 Reference value :  4.26563e-06 Reference value :  4.26607e-06 Reference value :  4.27118e-06 Reference value :  4.36912e-06 Reference value :  4.52412e-06 Reference value :  4.64912e-06 Reference value :  4.67214e-06 Reference value :  4.67381e-06 Reference value :  4.67423e-06 Reference value :  4.67459e-06 Reference value :  4.67489e-06 Reference value :  4.67533e-06 Reference value :  4.67580e-06 Reference value :  4.67778e-06 Reference value :  4.67820e-06 Reference value :  4.68211e-06 Reference value :  4.74701e-06 Reference value :  4.90701e-06 Reference value :  5.04701e-06 Reference value :  5.08442e-06 Reference value :  5.08640e-06 Reference value :  5.08679e-06 Reference value :  5.08710e-06 Reference value :  5.08733e-06 Reference value :  5.08764e-06 Reference value :  5.08808e-06 Reference value :  5.09013e-06 Reference value :  5.09055e-06 Reference value :  5.09359e-06 Reference value :  5.13996e-06 Reference value :  5.30496e-06 Reference value :  5.45496e-06 Reference value :  5.49590e-06 Reference value :  5.49848e-06 Reference value :  5.49894e-06 Reference value :  5.49927e-06 Reference value :  5.49963e-06 Reference value :  5.50012e-06 Reference value :  5.50101e-06 Reference value :  5.50279e-06 Reference value :  5.50349e-06 Reference value :  5.51242e-06 Reference value :  5.65920e-06 Reference value :  5.82420e-06 Reference value :  5.90313e-06 Reference value :  5.91011e-06 Reference value :  5.91137e-06 Reference value :  5.91169e-06 Reference value :  5.91195e-06 Reference value :  5.91230e-06 Reference value :  5.91265e-06 Reference value :  5.91446e-06 Reference value :  5.91529e-06 Reference value :  5.91783e-06 Reference value :  5.95933e-06 Reference value :  6.12433e-06 Reference value :  6.27433e-06 Reference value :  6.32090e-06 Reference value :  6.32320e-06 Reference value :  6.32370e-06 Reference value :  6.32403e-06 Reference value :  6.32436e-06 Reference value :  6.32486e-06 Reference value :  6.32535e-06 Reference value :  6.32744e-06 Reference value :  6.32791e-06 Reference value :  6.33282e-06 Reference value :  6.43892e-06 Reference value :  6.59892e-06 Reference value :  6.71892e-06 Reference value :  6.73395e-06 Reference value :  6.73586e-06 Reference value :  6.73632e-06 Reference value :  6.73665e-06 Reference value :  6.73697e-06 Reference value :  6.73726e-06 Reference value :  6.73837e-06 Reference value :  6.73985e-06 Reference value :  6.74019e-06 Reference value :  6.74408e-06 Reference value :  6.80431e-06 Reference value :  6.95931e-06 Reference value :  7.10431e-06 Reference value :  7.14541e-06 Reference value :  7.14808e-06 Reference value :  7.14853e-06 Reference value :  7.14890e-06 Reference value :  7.14929e-06 Reference value :  7.14968e-06 Reference value :  7.15069e-06 Reference value :  7.15235e-06 Reference value :  7.15301e-06 Reference value :  7.16797e-06 Reference value :  7.34797e-06 Reference value :  7.51797e-06 Reference value :  7.55874e-06 Reference value :  7.56061e-06 Reference value :  7.56104e-06 Reference value :  7.56139e-06 Reference value :  7.56176e-06 Reference value :  7.56212e-06 Reference value :  7.56436e-06 Reference value :  7.56482e-06 Reference value :  7.56972e-06 Reference value :  7.65792e-06 Reference value :  7.82292e-06 Reference value :  7.96056e-06 Reference value :  7.97198e-06 Reference value :  7.97312e-06 Reference value :  7.97347e-06 Reference value :  7.97390e-06 Reference value :  7.97439e-06 Reference value :  7.97572e-06 Reference value :  7.97710e-06 Reference value :  7.97794e-06 Reference value :  7.98576e-06 Reference value :  8.12586e-06 Reference value :  8.28086e-06 Reference value :  8.37339e-06 Reference value :  8.38438e-06 Reference value :  8.38561e-06 Reference value :  8.38586e-06 Reference value :  8.38617e-06 Reference value :  8.38652e-06 Reference value :  8.38678e-06 Reference value :  8.38801e-06 Reference value :  8.38946e-06 Reference value :  8.39016e-06 Reference value :  8.40222e-06 Reference value :  8.55143e-06 Reference value :  8.71143e-06 Reference value :  8.79014e-06 Reference value :  8.79677e-06 Reference value :  8.79787e-06 Reference value :  8.79808e-06 Reference value :  8.79850e-06 Reference value :  8.79905e-06 Reference value :  8.79936e-06 Reference value :  8.80124e-06 Reference value :  8.80194e-06 Reference value :  8.80374e-06 Reference value :  8.83123e-06 Reference value :  8.98123e-06 Reference value :  9.13123e-06 Reference value :  9.20328e-06 Reference value :  9.20940e-06 Reference value :  9.21041e-06 Reference value :  9.21066e-06 Reference value :  9.21096e-06 Reference value :  9.21131e-06 Reference value :  9.21159e-06 Reference value :  9.21279e-06 Reference value :  9.21420e-06 Reference value :  9.21469e-06 Reference value :  9.21940e-06 Reference value :  9.31860e-06 Reference value :  9.47360e-06 Reference value :  9.59860e-06 Reference value :  9.62047e-06 Reference value :  9.62229e-06 Reference value :  9.62273e-06 Reference value :  9.62299e-06 Reference value :  9.62332e-06 Reference value :  9.62387e-06 Reference value :  9.62422e-06 Reference value :  9.62636e-06 Reference value :  9.62681e-06 Reference value :  9.63126e-06 Reference value :  9.73725e-06 Reference value :  9.89725e-06 Reference value :  1.00173e-05 Reference value :  1.00333e-05 Reference value :  1.00349e-05 Reference value :  1.00353e-05 Reference value :  1.00356e-05 Reference value :  1.00359e-05 Reference value :  1.00362e-05 Reference value :  1.00369e-05 Reference value :  1.00387e-05 Reference value :  1.00391e-05 Reference value :  1.00430e-05 Reference value :  1.01185e-05 Reference value :  1.02785e-05 Reference value :  1.04135e-05 Reference value :  1.04451e-05 Reference value :  1.04471e-05 Reference value :  1.04475e-05 Reference value :  1.04478e-05 Reference value :  1.04482e-05 Reference value :  1.04486e-05 Reference value :  1.04497e-05 Reference value :  1.04513e-05 Reference value :  1.04519e-05 Reference value :  1.04610e-05 Reference value :  1.06178e-05 Reference value :  1.07878e-05 Reference value :  1.08566e-05 Reference value :  1.08595e-05 Reference value :  1.08599e-05 Reference value :  1.08603e-05 Reference value :  1.08605e-05 Reference value :  1.08608e-05 Reference value :  1.08611e-05 Reference value :  1.08630e-05 Reference value :  1.08637e-05 Reference value :  1.08658e-05 Reference value :  1.09023e-05 Reference value :  1.10673e-05 Reference value :  1.12173e-05 Reference value :  1.12693e-05 Reference value :  1.12717e-05 Reference value :  1.12722e-05 Reference value :  1.12726e-05 Reference value :  1.12728e-05 Reference value :  1.12734e-05 Reference value :  1.12739e-05 Reference value :  1.12759e-05 Reference value :  1.12765e-05 Reference value :  1.12831e-05 Reference value :  1.14119e-05 Reference value :  1.15719e-05 Reference value :  1.16736e-05 Reference value :  1.16834e-05 Reference value :  1.16846e-05 Reference value :  1.16849e-05 Reference value :  1.16852e-05 Reference value :  1.16855e-05 Reference value :  1.16858e-05 Reference value :  1.16871e-05 Reference value :  1.16884e-05 Reference value :  1.16890e-05 Reference value :  1.16953e-05 Reference value :  1.18279e-05 Reference value :  1.19879e-05 Reference value :  1.20880e-05 Reference value :  1.20958e-05 Reference value :  1.20968e-05 Reference value :  1.20971e-05 Reference value :  1.20975e-05 Reference value :  1.20980e-05 Reference value :  1.20982e-05 Reference value :  1.20999e-05 Reference value :  1.21009e-05 Reference value :  1.21030e-05 Reference value :  1.21468e-05 Reference value :  1.23068e-05 Reference value :  1.24568e-05 Reference value :  1.25066e-05 Reference value :  1.25091e-05 Reference value :  1.25096e-05 Reference value :  1.25099e-05 Reference value :  1.25102e-05 Reference value :  1.25105e-05 Reference value :  1.25118e-05 Reference value :  1.25132e-05 Reference value :  1.25136e-05 Reference value :  1.25193e-05 Reference value :  1.26367e-05 Reference value :  1.27967e-05 Reference value :  1.29093e-05 Reference value :  1.29203e-05 Reference value :  1.29216e-05 Reference value :  1.29218e-05 Reference value :  1.29222e-05 Reference value :  1.29228e-05 Reference value :  1.29230e-05 Reference value :  1.29242e-05 Reference value :  1.29256e-05 Reference value :  1.29265e-05 Reference value :  1.29364e-05 Reference value :  1.30798e-05 Reference value :  1.32398e-05 Reference value :  1.33248e-05 Reference value :  1.33332e-05 Reference value :  1.33342e-05 Reference value :  1.33345e-05 Reference value :  1.33347e-05 Reference value :  1.33351e-05 Reference value :  1.33354e-05 Reference value :  1.33368e-05 Reference value :  1.33380e-05 Reference value :  1.33389e-05 Reference value :  1.33595e-05 Reference value :  1.35095e-05 Reference value :  1.36695e-05 Reference value :  1.37400e-05 Reference value :  1.37454e-05 Reference value :  1.37464e-05 Reference value :  1.37466e-05 Reference value :  1.37470e-05 Reference value :  1.37475e-05 Reference value :  1.37477e-05 Reference value :  1.37490e-05 Reference value :  1.37504e-05 Reference value :  1.37513e-05 Reference value :  1.37611e-05 Reference value :  1.39093e-05 Reference value :  1.40643e-05 Reference value :  1.41493e-05 Reference value :  1.41577e-05 Reference value :  1.41589e-05 Reference value :  1.41592e-05 Reference value :  1.41595e-05 Reference value :  1.41598e-05 Reference value :  1.41601e-05 Reference value :  1.41611e-05 Reference value :  1.41626e-05 Reference value :  1.41629e-05 Reference value :  1.41668e-05 Reference value :  1.42364e-05 Reference value :  1.43964e-05 Reference value :  1.45314e-05 Reference value :  1.45684e-05 Reference value :  1.45708e-05 Reference value :  1.45713e-05 Reference value :  1.45716e-05 Reference value :  1.45720e-05 Reference value :  1.45725e-05 Reference value :  1.45729e-05 Reference value :  1.45750e-05 Reference value :  1.45754e-05 Reference value :  1.45802e-05 Reference value :  1.46794e-05 Reference value :  1.48394e-05 Reference value :  1.49644e-05 Reference value :  1.49820e-05 Reference value :  1.49835e-05 Reference value :  1.49839e-05 Reference value :  1.49843e-05 Reference value :  1.49846e-05 Reference value :  1.49848e-05 Reference value :  1.49859e-05 Reference value :  1.49874e-05 Reference value :  1.49878e-05 Reference value :  1.49922e-05 Reference value :  1.50713e-05 Reference value :  1.52313e-05 Reference value :  1.53613e-05 Reference value :  1.53938e-05 Reference value :  1.53956e-05 Reference value :  1.53961e-05 Reference value :  1.53963e-05 Reference value :  1.53967e-05 Reference value :  1.53972e-05 Reference value :  1.53976e-05 Reference value :  1.53994e-05 Reference value :  1.54001e-05 Reference value :  1.54022e-05 Reference value :  1.54362e-05 Reference value :  1.55912e-05 Reference value :  1.57462e-05 Reference value :  1.58042e-05 Reference value :  1.58077e-05 Reference value :  1.58085e-05 Reference value :  1.58088e-05 Reference value :  1.58091e-05 Reference value :  1.58094e-05 Reference value :  1.58097e-05 Reference value :  1.58110e-05 Reference value :  1.58124e-05 Reference value :  1.58136e-05 Reference value :  1.58298e-05 Reference value :  1.59798e-05 Reference value :  1.61348e-05 Reference value :  1.62131e-05 Reference value :  1.62199e-05 Reference value :  1.62208e-05 Reference value :  1.62211e-05 Reference value :  1.62214e-05 Reference value :  1.62219e-05 Reference value :  1.62221e-05 Reference value :  1.62232e-05 Reference value :  1.62247e-05 Reference value :  1.62252e-05 Reference value :  1.62300e-05 Reference value :  1.63261e-05 Reference value :  1.64761e-05 Reference value :  1.66011e-05 Reference value :  1.66306e-05 Reference value :  1.66329e-05 Reference value :  1.66334e-05 Reference value :  1.66337e-05 Reference value :  1.66339e-05 Reference value :  1.66342e-05 Reference value :  1.66346e-05 Reference value :  1.66361e-05 Reference value :  1.66371e-05 Reference value :  1.66377e-05 Reference value :  1.66427e-05 Reference value :  1.67412e-05 Reference value :  1.68962e-05 Reference value :  1.70162e-05 Reference value :  1.70434e-05 Reference value :  1.70452e-05 Reference value :  1.70457e-05 Reference value :  1.70459e-05 Reference value :  1.70462e-05 Reference value :  1.70468e-05 Reference value :  1.70472e-05 Reference value :  1.70488e-05 Reference value :  1.70496e-05 Reference value :  1.70525e-05 Reference value :  1.70833e-05 Reference value :  1.72333e-05 Reference value :  1.73833e-05 Reference value :  1.74483e-05 Reference value :  1.74568e-05 Reference value :  1.74581e-05 Reference value :  1.74583e-05 Reference value :  1.74586e-05 Reference value :  1.74589e-05 Reference value :  1.74592e-05 Reference value :  1.74596e-05 Reference value :  1.74616e-05 Reference value :  1.74621e-05 Reference value :  1.74659e-05 Reference value :  1.75294e-05 Reference value :  1.76794e-05 Reference value :  1.78194e-05 Reference value :  1.78675e-05 Reference value :  1.78699e-05 Reference value :  1.78704e-05 Reference value :  1.78707e-05 Reference value :  1.78710e-05 Reference value :  1.78716e-05 Reference value :  1.78720e-05 Reference value :  1.78741e-05 Reference value :  1.78745e-05 Reference value :  1.78767e-05 Reference value :  1.79087e-05 Reference value :  1.80587e-05 Reference value :  1.82087e-05 Reference value :  1.82757e-05 Reference value :  1.82819e-05 Reference value :  1.82829e-05 Reference value :  1.82831e-05 Reference value :  1.82834e-05 Reference value :  1.82837e-05 Reference value :  1.82839e-05 Reference value :  1.82845e-05 Reference value :  1.82864e-05 Reference value :  1.82868e-05 Reference value :  1.82882e-05 Reference value :  1.83057e-05 Reference value :  1.84457e-05 Reference value :  1.85907e-05 Reference value :  1.86831e-05 Reference value :  1.86936e-05 Reference value :  1.86950e-05 Reference value :  1.86953e-05 Reference value :  1.86956e-05 Reference value :  1.86959e-05 Reference value :  1.86964e-05 Reference value :  1.86970e-05 Reference value :  1.86988e-05 Reference value :  1.86993e-05 Reference value :  1.87032e-05 Reference value :  1.87628e-05 Reference value :  1.89128e-05 Reference value :  1.90528e-05 Reference value :  1.91042e-05 Reference value :  1.91071e-05 Reference value :  1.91077e-05 Reference value :  1.91080e-05 Reference value :  1.91082e-05 Reference value :  1.91086e-05 Reference value :  1.91088e-05 Reference value :  1.91100e-05 Reference value :  1.91115e-05 Reference value :  1.91121e-05 Reference value :  1.91182e-05 Reference value :  1.92294e-05 Reference value :  1.93794e-05 Reference value :  1.94994e-05 Reference value :  1.95181e-05 Reference value :  1.95196e-05 Reference value :  1.95201e-05 Reference value :  1.95204e-05 Reference value :  1.95207e-05 Reference value :  1.95212e-05 Reference value :  1.95217e-05 Reference value :  1.95237e-05 Reference value :  1.95243e-05 Reference value :  1.95299e-05 Reference value :  1.96527e-05 Reference value :  1.98127e-05 Reference value :  1.99202e-05 Reference value :  1.99312e-05 Reference value :  1.99324e-05 Reference value :  1.99327e-05 Reference value :  1.99330e-05 Reference value :  1.99333e-05 Reference value :  1.99336e-05 Reference value :  1.99347e-05 Reference value :  1.99362e-05 Reference value :  1.99366e-05 Reference value :  1.99414e-05 Reference value :  2.00299e-05 Reference value :  2.01749e-05 Reference value :  2.03049e-05 Reference value :  2.03420e-05 Reference value :  2.03443e-05 Reference value :  2.03447e-05 Reference value :  2.03450e-05 Reference value :  2.03453e-05 Reference value :  2.03459e-05 Reference value :  2.03461e-05 Reference value :  2.03473e-05 Reference value :  2.03487e-05 Reference value :  2.03493e-05 Reference value :  2.03567e-05 Reference value :  2.04846e-05 Reference value :  2.06346e-05 Reference value :  2.07439e-05 Reference value :  2.07554e-05 Reference value :  2.07570e-05 Reference value :  2.07574e-05 Reference value :  2.07577e-05 Reference value :  2.07579e-05 Reference value :  2.07582e-05 Reference value :  2.07585e-05 Reference value :  2.07600e-05 Reference value :  2.07611e-05 Reference value :  2.07617e-05 Reference value :  2.07678e-05 Reference value :  2.08847e-05 Reference value :  2.10297e-05 Reference value :  2.11447e-05 Reference value :  2.11673e-05 Reference value :  2.11691e-05 Reference value :  2.11696e-05 Reference value :  2.11698e-05 Reference value :  2.11701e-05 Reference value :  2.11707e-05 Reference value :  2.11710e-05 Reference value :  2.11730e-05 Reference value :  2.11735e-05 Reference value :  2.11749e-05 Reference value :  2.11952e-05 Reference value :  2.13402e-05 Reference value :  2.14852e-05 Reference value :  2.15708e-05 Reference value :  2.15805e-05 Reference value :  2.15819e-05 Reference value :  2.15822e-05 Reference value :  2.15825e-05 Reference value :  2.15827e-05 Reference value :  2.15831e-05 Reference value :  2.15834e-05 Reference value :  2.15851e-05 Reference value :  2.15859e-05 Reference value :  2.15867e-05 Reference value :  2.15947e-05 Reference value :  2.17249e-05 Reference value :  2.18749e-05 Reference value :  2.19799e-05 Reference value :  2.19924e-05 Reference value :  2.19940e-05 Reference value :  2.19944e-05 Reference value :  2.19947e-05 Reference value :  2.19950e-05 Reference value :  2.19955e-05 Reference value :  2.19959e-05 Reference value :  2.19975e-05 Reference value :  2.19983e-05 Reference value :  2.20012e-05 Reference value :  2.20320e-05 Reference value :  2.21820e-05 Reference value :  2.23320e-05 Reference value :  2.23993e-05 Reference value :  2.24058e-05 Reference value :  2.24068e-05 Reference value :  2.24070e-05 Reference value :  2.24073e-05 Reference value :  2.24077e-05 Reference value :  2.24079e-05 Reference value :  2.24086e-05 Reference value :  2.24104e-05 Reference value :  2.24108e-05 Reference value :  2.24136e-05 Reference value :  2.24493e-05 Reference value :  2.25993e-05 Reference value :  2.27443e-05 Reference value :  2.28116e-05 Reference value :  2.28180e-05 Reference value :  2.28190e-05 Reference value :  2.28193e-05 Reference value :  2.28196e-05 Reference value :  2.28202e-05 Reference value :  2.28204e-05 Reference value :  2.28220e-05 Reference value :  2.28231e-05 Reference value :  2.28236e-05 Reference value :  2.28306e-05 Reference value :  2.29572e-05 Reference value :  2.31072e-05 Reference value :  2.32172e-05 Reference value :  2.32298e-05 Reference value :  2.32313e-05 Reference value :  2.32317e-05 Reference value :  2.32321e-05 Reference value :  2.32324e-05 Reference value :  2.32326e-05 Reference value :  2.32330e-05 Reference value :  2.32349e-05 Reference value :  2.32355e-05 Reference value :  2.32363e-05 Reference value :  2.32442e-05 Reference value :  2.33741e-05 Reference value :  2.35241e-05 Reference value :  2.36291e-05 Reference value :  2.36420e-05 Reference value :  2.36436e-05 Reference value :  2.36440e-05 Reference value :  2.36443e-05 Reference value :  2.36446e-05 Reference value :  2.36451e-05 Reference value :  2.36461e-05 Reference value :  2.36477e-05 Reference value :  2.36480e-05 Reference value :  2.36520e-05 Reference value :  2.37123e-05 Reference value :  2.38623e-05 Reference value :  2.40023e-05 Reference value :  2.40529e-05 Reference value :  2.40559e-05 Reference value :  2.40564e-05 Reference value :  2.40566e-05 Reference value :  2.40569e-05 Reference value :  2.40572e-05 Reference value :  2.40574e-05 Reference value :  2.40580e-05 Reference value :  2.40599e-05 Reference value :  2.40603e-05 Reference value :  2.40642e-05 Reference value :  2.41280e-05 Reference value :  2.42730e-05 Reference value :  2.44130e-05 Reference value :  2.44660e-05 Reference value :  2.44682e-05 Reference value :  2.44687e-05 Reference value :  2.44690e-05 Reference value :  2.44693e-05 Reference value :  2.44698e-05 Reference value :  2.44702e-05 Reference value :  2.44715e-05 Reference value :  2.44726e-05 Reference value :  2.44733e-05 Reference value :  2.44801e-05 Reference value :  2.46066e-05 Reference value :  2.47566e-05 Reference value :  2.48666e-05 Reference value :  2.48793e-05 Reference value :  2.48809e-05 Reference value :  2.48813e-05 Reference value :  2.48816e-05 Reference value :  2.48818e-05 Reference value :  2.48821e-05 Reference value :  2.48824e-05 Reference value :  2.48835e-05 Reference value :  2.48850e-05 Reference value :  2.48855e-05 Reference value :  2.48909e-05 Reference value :  2.50020e-05 Reference value :  2.51520e-05 Reference value :  2.52720e-05 Reference value :  2.52914e-05 Reference value :  2.52931e-05 Reference value :  2.52935e-05 Reference value :  2.52938e-05 Reference value :  2.52941e-05 Reference value :  2.52947e-05 Reference value :  2.52950e-05 Reference value :  2.52971e-05 Reference value :  2.52975e-05 Reference value :  2.53014e-05 Reference value :  2.53668e-05 Reference value :  2.55168e-05 Reference value :  2.56568e-05 Reference value :  2.57025e-05 Reference value :  2.57052e-05 Reference value :  2.57060e-05 Reference value :  2.57063e-05 Reference value :  2.57065e-05 Reference value :  2.57069e-05 Reference value :  2.57071e-05 Reference value :  2.57083e-05 Reference value :  2.57097e-05 Reference value :  2.57102e-05 Reference value :  2.57148e-05 Reference value :  2.58022e-05 Reference value :  2.59522e-05 Reference value :  2.60822e-05 Reference value :  2.61159e-05 Reference value :  2.61178e-05 Reference value :  2.61183e-05 Reference value :  2.61186e-05 Reference value :  2.61189e-05 Reference value :  2.61194e-05 Reference value :  2.61196e-05 Reference value :  2.61209e-05 Reference value :  2.61222e-05 Reference value :  2.61228e-05 Reference value :  2.61286e-05 Reference value :  2.62436e-05 Reference value :  2.63936e-05 Reference value :  2.65036e-05 Reference value :  2.65280e-05 Reference value :  2.65303e-05 Reference value :  2.65308e-05 Reference value :  2.65311e-05 Reference value :  2.65313e-05 Reference value :  2.65316e-05 Reference value :  2.65319e-05 Reference value :  2.65330e-05 Reference value :  2.65344e-05 Reference value :  2.65347e-05 Reference value :  2.65386e-05 Reference value :  2.66032e-05 Reference value :  2.67532e-05 Reference value :  2.68932e-05 Reference value :  2.69396e-05 Reference value :  2.69424e-05 Reference value :  2.69430e-05 Reference value :  2.69432e-05 Reference value :  2.69436e-05 Reference value :  2.69442e-05 Reference value :  2.69444e-05 Reference value :  2.69455e-05 Reference value :  2.69470e-05 Reference value :  2.69475e-05 Reference value :  2.69550e-05 Reference value :  2.70780e-05 Reference value :  2.72280e-05 Reference value :  2.73380e-05 Reference value :  2.73533e-05 Reference value :  2.73552e-05 Reference value :  2.73556e-05 Reference value :  2.73559e-05 Reference value :  2.73561e-05 Reference value :  2.73564e-05 Reference value :  2.73567e-05 Reference value :  2.73579e-05 Reference value :  2.73593e-05 Reference value :  2.73597e-05 Reference value :  2.73640e-05 Reference value :  2.74378e-05 Reference value :  2.75878e-05 Reference value :  2.77228e-05 Reference value :  2.77650e-05 Reference value :  2.77673e-05 Reference value :  2.77678e-05 Reference value :  2.77681e-05 Reference value :  2.77684e-05 Reference value :  2.77690e-05 Reference value :  2.77691e-05 Reference value :  2.77705e-05 Reference value :  2.77718e-05 Reference value :  2.77723e-05 Reference value :  2.77805e-05 Reference value :  2.79106e-05 Reference value :  2.80606e-05 Reference value :  2.81656e-05 Reference value :  2.81785e-05 Reference value :  2.81800e-05 Reference value :  2.81805e-05 Reference value :  2.81808e-05 Reference value :  2.81811e-05 Reference value :  2.81813e-05 Reference value :  2.81817e-05 Reference value :  2.81836e-05 Reference value :  2.81842e-05 Reference value :  2.81850e-05 Reference value :  2.81929e-05 Reference value :  2.83229e-05 Reference value :  2.84729e-05 Reference value :  2.85779e-05 Reference value :  2.85907e-05 Reference value :  2.85923e-05 Reference value :  2.85927e-05 Reference value :  2.85930e-05 Reference value :  2.85932e-05 Reference value :  2.85938e-05 Reference value :  2.85942e-05 Reference value :  2.85963e-05 Reference value :  2.85967e-05 Reference value :  2.86007e-05 Reference value :  2.86607e-05 Reference value :  2.88107e-05 Reference value :  2.89507e-05 Reference value :  2.90019e-05 Reference value :  2.90046e-05 Reference value :  2.90051e-05 Reference value :  2.90054e-05 Reference value :  2.90057e-05 Reference value :  2.90060e-05 Reference value :  2.90063e-05 Reference value :  2.90076e-05 Reference value :  2.90089e-05 Reference value :  2.90093e-05 Reference value :  2.90140e-05 Reference value :  2.91026e-05 Reference value :  2.92476e-05 Reference value :  2.93776e-05 Reference value :  2.94147e-05 Reference value :  2.94169e-05 Reference value :  2.94174e-05 Reference value :  2.94176e-05 Reference value :  2.94180e-05 Reference value :  2.94186e-05 Reference value :  2.94189e-05 Reference value :  2.94207e-05 Reference value :  2.94214e-05 Reference value :  2.94229e-05 Reference value :  2.94351e-05 Reference value :  2.95751e-05 Reference value :  2.97251e-05 Reference value :  2.98176e-05 Reference value :  2.98283e-05 Reference value :  2.98297e-05 Reference value :  2.98301e-05 Reference value :  2.98304e-05 Reference value :  2.98306e-05 Reference value :  2.98309e-05 Reference value :  2.98312e-05 Reference value :  2.98330e-05 Reference value :  2.98337e-05 Reference value :  2.98344e-05 Reference value :  2.98404e-05 Reference value :  2.99622e-05 Reference value :  3.01122e-05 Reference value :  3.02272e-05 Reference value :  3.02402e-05 Reference value :  3.02418e-05 Reference value :  3.02422e-05 Reference value :  3.02426e-05 Reference value :  3.02428e-05 Reference value :  3.02434e-05 Reference value :  3.02436e-05 Reference value :  3.02451e-05 Reference value :  3.02462e-05 Reference value :  3.02471e-05 Reference value :  3.02569e-05 Reference value :  3.03952e-05 Reference value :  3.05452e-05 Reference value :  3.06427e-05 Reference value :  3.06531e-05 Reference value :  3.06545e-05 Reference value :  3.06549e-05 Reference value :  3.06552e-05 Reference value :  3.06555e-05 Reference value :  3.06557e-05 Reference value :  3.06561e-05 Reference value :  3.06580e-05 Reference value :  3.06586e-05 Reference value :  3.06597e-05 Reference value :  3.06722e-05 Reference value :  3.08122e-05 Reference value :  3.09622e-05 Reference value :  3.10547e-05 Reference value :  3.10654e-05 Reference value :  3.10667e-05 Reference value :  3.10671e-05 Reference value :  3.10674e-05 Reference value :  3.10677e-05 Reference value :  3.10682e-05 Reference value :  3.10691e-05 Reference value :  3.10707e-05 Reference value :  3.10712e-05 Reference value :  3.10759e-05 Reference value :  3.11650e-05 Reference value :  3.13150e-05 Reference value :  3.14450e-05 Reference value :  3.14767e-05 Reference value :  3.14787e-05 Reference value :  3.14795e-05 Reference value :  3.14798e-05 Reference value :  3.14801e-05 Reference value :  3.14804e-05 Reference value :  3.14807e-05 Reference value :  3.14819e-05 Reference value :  3.14832e-05 Reference value :  3.14836e-05 Reference value :  3.14884e-05 Reference value :  3.15819e-05 Reference value :  3.17319e-05 Reference value :  3.18569e-05 Reference value :  3.18890e-05 Reference value :  3.18913e-05 Reference value :  3.18917e-05 Reference value :  3.18920e-05 Reference value :  3.18923e-05 Reference value :  3.18927e-05 Reference value :  3.18930e-05 Reference value :  3.18942e-05 Reference value :  3.18957e-05 Reference value :  3.18961e-05 Reference value :  3.19007e-05 Reference value :  3.19745e-05
No. of Data Rows : 15949
BGR_AFTER_BEGIN
@n.xbgr.xr1.nr1[nsmm_rsh] = 0.000000000000000e+00
@n.xbgr.xr1.nr1[nsmm_w] = 0.000000000000000e+00
@n.xbgr.xr1.nr1[nsmm_l] = 0.000000000000000e+00
@n.xbgr.xr2.nr1[nsmm_rsh] = 0.000000000000000e+00
@n.xbgr.xr2.nr1[nsmm_w] = 0.000000000000000e+00
@n.xbgr.xr2.nr1[nsmm_l] = 0.000000000000000e+00
@n.xbgr.xr3.nr1[nsmm_rsh] = 0.000000000000000e+00
@n.xbgr.xr3.nr1[nsmm_w] = 0.000000000000000e+00
@n.xbgr.xr3.nr1[nsmm_l] = 0.000000000000000e+00
@n.xbgr.xr4.nr1[nsmm_rsh] = 0.000000000000000e+00
@n.xbgr.xr4.nr1[nsmm_w] = 0.000000000000000e+00
@n.xbgr.xr4.nr1[nsmm_l] = 0.000000000000000e+00
@n.xbgr.xr5.nr1[nsmm_rsh] = 0.000000000000000e+00
@n.xbgr.xr5.nr1[nsmm_w] = 0.000000000000000e+00
@n.xbgr.xr5.nr1[nsmm_l] = 0.000000000000000e+00
@n.xbgr.xr6.nr1[nsmm_rsh] = 0.000000000000000e+00
@n.xbgr.xr6.nr1[nsmm_w] = 0.000000000000000e+00
@n.xbgr.xr6.nr1[nsmm_l] = 0.000000000000000e+00
@n.xbgr.xr7.nr1[nsmm_rsh] = 0.000000000000000e+00
@n.xbgr.xr7.nr1[nsmm_w] = 0.000000000000000e+00
@n.xbgr.xr7.nr1[nsmm_l] = 0.000000000000000e+00
@n.xbgr.xr8.nr1[nsmm_rsh] = 0.000000000000000e+00
@n.xbgr.xr8.nr1[nsmm_w] = 0.000000000000000e+00
@n.xbgr.xr8.nr1[nsmm_l] = 0.000000000000000e+00
@n.xbgr.xr9.nr1[nsmm_rsh] = 0.000000000000000e+00
@n.xbgr.xr9.nr1[nsmm_w] = 0.000000000000000e+00
@n.xbgr.xr9.nr1[nsmm_l] = 0.000000000000000e+00
@n.xbgr.xr10.nr1[nsmm_rsh] = 0.000000000000000e+00
@n.xbgr.xr10.nr1[nsmm_w] = 0.000000000000000e+00
@n.xbgr.xr10.nr1[nsmm_l] = 0.000000000000000e+00
@n.xbgr.xr11.nr1[nsmm_rsh] = 0.000000000000000e+00
@n.xbgr.xr11.nr1[nsmm_w] = 0.000000000000000e+00
@n.xbgr.xr11.nr1[nsmm_l] = 0.000000000000000e+00
@n.xbgr.xr12.nr1[nsmm_rsh] = 0.000000000000000e+00
@n.xbgr.xr12.nr1[nsmm_w] = 0.000000000000000e+00
@n.xbgr.xr12.nr1[nsmm_l] = 0.000000000000000e+00
@n.xbgr.xr13.nr1[nsmm_rsh] = 0.000000000000000e+00
@n.xbgr.xr13.nr1[nsmm_w] = 0.000000000000000e+00
@n.xbgr.xr13.nr1[nsmm_l] = 0.000000000000000e+00
@n.xbgr.xr14.nr1[nsmm_rsh] = 0.000000000000000e+00
@n.xbgr.xr14.nr1[nsmm_w] = 0.000000000000000e+00
@n.xbgr.xr14.nr1[nsmm_l] = 0.000000000000000e+00
@n.xbgr.xr15.nr1[nsmm_rsh] = 0.000000000000000e+00
@n.xbgr.xr15.nr1[nsmm_w] = 0.000000000000000e+00
@n.xbgr.xr15.nr1[nsmm_l] = 0.000000000000000e+00
@n.xbgr.xr16.nr1[nsmm_rsh] = 0.000000000000000e+00
@n.xbgr.xr16.nr1[nsmm_w] = 0.000000000000000e+00
@n.xbgr.xr16.nr1[nsmm_l] = 0.000000000000000e+00
@n.xbgr.xr17.nr1[nsmm_rsh] = 0.000000000000000e+00
@n.xbgr.xr17.nr1[nsmm_w] = 0.000000000000000e+00
@n.xbgr.xr17.nr1[nsmm_l] = 0.000000000000000e+00
@n.xbgr.xr18.nr1[nsmm_rsh] = 0.000000000000000e+00
@n.xbgr.xr18.nr1[nsmm_w] = 0.000000000000000e+00
@n.xbgr.xr18.nr1[nsmm_l] = 0.000000000000000e+00
@n.xbgr.xr19.nr1[nsmm_rsh] = 0.000000000000000e+00
@n.xbgr.xr19.nr1[nsmm_w] = 0.000000000000000e+00
@n.xbgr.xr19.nr1[nsmm_l] = 0.000000000000000e+00
@n.xbgr.xr20.nr1[nsmm_rsh] = 0.000000000000000e+00
@n.xbgr.xr20.nr1[nsmm_w] = 0.000000000000000e+00
@n.xbgr.xr20.nr1[nsmm_l] = 0.000000000000000e+00
@n.xbgr.xr21.nr1[nsmm_rsh] = 0.000000000000000e+00
@n.xbgr.xr21.nr1[nsmm_w] = 0.000000000000000e+00
@n.xbgr.xr21.nr1[nsmm_l] = 0.000000000000000e+00
@n.xbgr.xr22.nr1[nsmm_rsh] = 0.000000000000000e+00
@n.xbgr.xr22.nr1[nsmm_w] = 0.000000000000000e+00
@n.xbgr.xr22.nr1[nsmm_l] = 0.000000000000000e+00
@n.xbgr.xr23.nr1[nsmm_rsh] = 0.000000000000000e+00
@n.xbgr.xr23.nr1[nsmm_w] = 0.000000000000000e+00
@n.xbgr.xr23.nr1[nsmm_l] = 0.000000000000000e+00
@n.xbgr.xr24.nr1[nsmm_rsh] = 0.000000000000000e+00
@n.xbgr.xr24.nr1[nsmm_w] = 0.000000000000000e+00
@n.xbgr.xr24.nr1[nsmm_l] = 0.000000000000000e+00
@n.xbgr.xr25.nr1[nsmm_rsh] = 0.000000000000000e+00
@n.xbgr.xr25.nr1[nsmm_w] = 0.000000000000000e+00
@n.xbgr.xr25.nr1[nsmm_l] = 0.000000000000000e+00
@n.xbgr.xr26.nr1[nsmm_rsh] = 0.000000000000000e+00
@n.xbgr.xr26.nr1[nsmm_w] = 0.000000000000000e+00
@n.xbgr.xr26.nr1[nsmm_l] = 0.000000000000000e+00
@n.xbgr.xm27.nsg13_hv_pmos[w] = 2.000000000000000e-06
@n.xbgr.xm27.nsg13_hv_pmos[l] = 5.000000000000000e-07
@n.xbgr.xm27.nsg13_hv_pmos[delvto] = 0.000000000000000e+00
@n.xbgr.xm27.nsg13_hv_pmos[factuo] = 1.000000000000000e+00
@n.xbgr.xm28.nsg13_hv_pmos[w] = 2.000000000000000e-06
@n.xbgr.xm28.nsg13_hv_pmos[l] = 5.000000000000000e-07
@n.xbgr.xm28.nsg13_hv_pmos[delvto] = 0.000000000000000e+00
@n.xbgr.xm28.nsg13_hv_pmos[factuo] = 1.000000000000000e+00
@n.xbgr.xm29.nsg13_hv_nmos[w] = 2.000000000000000e-06
@n.xbgr.xm29.nsg13_hv_nmos[l] = 5.000000000000000e-07
@n.xbgr.xm29.nsg13_hv_nmos[delvto] = 0.000000000000000e+00
@n.xbgr.xm29.nsg13_hv_nmos[factuo] = 1.000000000000000e+00
@n.xbgr.xm30.nsg13_hv_nmos[w] = 1.000000000000000e-06
@n.xbgr.xm30.nsg13_hv_nmos[l] = 4.000000000000000e-06
@n.xbgr.xm30.nsg13_hv_nmos[delvto] = 0.000000000000000e+00
@n.xbgr.xm30.nsg13_hv_nmos[factuo] = 1.000000000000000e+00
@n.xbgr.xm31.nsg13_hv_nmos[w] = 1.000000000000000e-06
@n.xbgr.xm31.nsg13_hv_nmos[l] = 6.000000000000001e-07
@n.xbgr.xm31.nsg13_hv_nmos[delvto] = 0.000000000000000e+00
@n.xbgr.xm31.nsg13_hv_nmos[factuo] = 1.000000000000000e+00
@n.xbgr.xm32.nsg13_hv_nmos[w] = 1.000000000000000e-06
@n.xbgr.xm32.nsg13_hv_nmos[l] = 5.000000000000000e-07
@n.xbgr.xm32.nsg13_hv_nmos[delvto] = 0.000000000000000e+00
@n.xbgr.xm32.nsg13_hv_nmos[factuo] = 1.000000000000000e+00
@n.xbgr.xm33.nsg13_hv_nmos[w] = 1.000000000000000e-06
@n.xbgr.xm33.nsg13_hv_nmos[l] = 6.000000000000001e-07
@n.xbgr.xm33.nsg13_hv_nmos[delvto] = 0.000000000000000e+00
@n.xbgr.xm33.nsg13_hv_nmos[factuo] = 1.000000000000000e+00
@n.xbgr.xm34.nsg13_hv_nmos[w] = 9.999999999999999e-06
@n.xbgr.xm34.nsg13_hv_nmos[l] = 1.000000000000000e-06
@n.xbgr.xm34.nsg13_hv_nmos[delvto] = 0.000000000000000e+00
@n.xbgr.xm34.nsg13_hv_nmos[factuo] = 1.000000000000000e+00
@n.xbgr.xm35.nsg13_hv_nmos[w] = 9.999999999999999e-06
@n.xbgr.xm35.nsg13_hv_nmos[l] = 1.000000000000000e-06
@n.xbgr.xm35.nsg13_hv_nmos[delvto] = 0.000000000000000e+00
@n.xbgr.xm35.nsg13_hv_nmos[factuo] = 1.000000000000000e+00
@n.xbgr.xm36.nsg13_hv_nmos[w] = 9.999999999999999e-06
@n.xbgr.xm36.nsg13_hv_nmos[l] = 1.000000000000000e-06
@n.xbgr.xm36.nsg13_hv_nmos[delvto] = 0.000000000000000e+00
@n.xbgr.xm36.nsg13_hv_nmos[factuo] = 1.000000000000000e+00
@n.xbgr.xm37.nsg13_hv_nmos[w] = 9.999999999999999e-06
@n.xbgr.xm37.nsg13_hv_nmos[l] = 1.000000000000000e-06
@n.xbgr.xm37.nsg13_hv_nmos[delvto] = 0.000000000000000e+00
@n.xbgr.xm37.nsg13_hv_nmos[factuo] = 1.000000000000000e+00
@n.xbgr.xm38.nsg13_hv_pmos[w] = 5.000000000000000e-06
@n.xbgr.xm38.nsg13_hv_pmos[l] = 4.000000000000000e-06
@n.xbgr.xm38.nsg13_hv_pmos[delvto] = 0.000000000000000e+00
@n.xbgr.xm38.nsg13_hv_pmos[factuo] = 1.000000000000000e+00
@n.xbgr.xm39.nsg13_hv_pmos[w] = 5.000000000000000e-06
@n.xbgr.xm39.nsg13_hv_pmos[l] = 4.000000000000000e-06
@n.xbgr.xm39.nsg13_hv_pmos[delvto] = 0.000000000000000e+00
@n.xbgr.xm39.nsg13_hv_pmos[factuo] = 1.000000000000000e+00
@n.xbgr.xm40.nsg13_hv_pmos[w] = 5.000000000000000e-06
@n.xbgr.xm40.nsg13_hv_pmos[l] = 4.000000000000000e-06
@n.xbgr.xm40.nsg13_hv_pmos[delvto] = 0.000000000000000e+00
@n.xbgr.xm40.nsg13_hv_pmos[factuo] = 1.000000000000000e+00
@n.xbgr.xm41.nsg13_hv_pmos[w] = 5.000000000000000e-06
@n.xbgr.xm41.nsg13_hv_pmos[l] = 4.000000000000000e-06
@n.xbgr.xm41.nsg13_hv_pmos[delvto] = 0.000000000000000e+00
@n.xbgr.xm41.nsg13_hv_pmos[factuo] = 1.000000000000000e+00
@n.xbgr.xm42.nsg13_hv_pmos[w] = 5.000000000000000e-06
@n.xbgr.xm42.nsg13_hv_pmos[l] = 4.000000000000000e-06
@n.xbgr.xm42.nsg13_hv_pmos[delvto] = 0.000000000000000e+00
@n.xbgr.xm42.nsg13_hv_pmos[factuo] = 1.000000000000000e+00
@n.xbgr.xm43.nsg13_hv_pmos[w] = 5.000000000000000e-06
@n.xbgr.xm43.nsg13_hv_pmos[l] = 4.000000000000000e-06
@n.xbgr.xm43.nsg13_hv_pmos[delvto] = 0.000000000000000e+00
@n.xbgr.xm43.nsg13_hv_pmos[factuo] = 1.000000000000000e+00
@n.xbgr.xm44.nsg13_hv_pmos[w] = 5.000000000000000e-06
@n.xbgr.xm44.nsg13_hv_pmos[l] = 4.000000000000000e-06
@n.xbgr.xm44.nsg13_hv_pmos[delvto] = 0.000000000000000e+00
@n.xbgr.xm44.nsg13_hv_pmos[factuo] = 1.000000000000000e+00
@n.xbgr.xm45.nsg13_hv_pmos[w] = 5.000000000000000e-06
@n.xbgr.xm45.nsg13_hv_pmos[l] = 4.000000000000000e-06
@n.xbgr.xm45.nsg13_hv_pmos[delvto] = 0.000000000000000e+00
@n.xbgr.xm45.nsg13_hv_pmos[factuo] = 1.000000000000000e+00
@n.xbgr.xm46.nsg13_hv_pmos[w] = 5.000000000000000e-06
@n.xbgr.xm46.nsg13_hv_pmos[l] = 4.000000000000000e-06
@n.xbgr.xm46.nsg13_hv_pmos[delvto] = 0.000000000000000e+00
@n.xbgr.xm46.nsg13_hv_pmos[factuo] = 1.000000000000000e+00
@n.xbgr.xm47.nsg13_hv_pmos[w] = 5.000000000000000e-06
@n.xbgr.xm47.nsg13_hv_pmos[l] = 4.000000000000000e-06
@n.xbgr.xm47.nsg13_hv_pmos[delvto] = 0.000000000000000e+00
@n.xbgr.xm47.nsg13_hv_pmos[factuo] = 1.000000000000000e+00
@n.xbgr.xm48.nsg13_hv_pmos[w] = 5.000000000000000e-06
@n.xbgr.xm48.nsg13_hv_pmos[l] = 4.000000000000000e-06
@n.xbgr.xm48.nsg13_hv_pmos[delvto] = 0.000000000000000e+00
@n.xbgr.xm48.nsg13_hv_pmos[factuo] = 1.000000000000000e+00
@n.xbgr.xm49.nsg13_hv_pmos[w] = 5.000000000000000e-06
@n.xbgr.xm49.nsg13_hv_pmos[l] = 4.000000000000000e-06
@n.xbgr.xm49.nsg13_hv_pmos[delvto] = 0.000000000000000e+00
@n.xbgr.xm49.nsg13_hv_pmos[factuo] = 1.000000000000000e+00
@n.xbgr.xm50.nsg13_hv_pmos[w] = 9.999999999999999e-06
@n.xbgr.xm50.nsg13_hv_pmos[l] = 4.000000000000000e-06
@n.xbgr.xm50.nsg13_hv_pmos[delvto] = 0.000000000000000e+00
@n.xbgr.xm50.nsg13_hv_pmos[factuo] = 1.000000000000000e+00
@n.xbgr.xm51.nsg13_hv_pmos[w] = 9.999999999999999e-06
@n.xbgr.xm51.nsg13_hv_pmos[l] = 4.000000000000000e-06
@n.xbgr.xm51.nsg13_hv_pmos[delvto] = 0.000000000000000e+00
@n.xbgr.xm51.nsg13_hv_pmos[factuo] = 1.000000000000000e+00
@n.xbgr.xm52.nsg13_hv_pmos[w] = 9.999999999999999e-06
@n.xbgr.xm52.nsg13_hv_pmos[l] = 4.000000000000000e-06
@n.xbgr.xm52.nsg13_hv_pmos[delvto] = 0.000000000000000e+00
@n.xbgr.xm52.nsg13_hv_pmos[factuo] = 1.000000000000000e+00
@n.xbgr.xm53.nsg13_hv_pmos[w] = 9.999999999999999e-06
@n.xbgr.xm53.nsg13_hv_pmos[l] = 4.000000000000000e-06
@n.xbgr.xm53.nsg13_hv_pmos[delvto] = 0.000000000000000e+00
@n.xbgr.xm53.nsg13_hv_pmos[factuo] = 1.000000000000000e+00
@n.xbgr.xm54.nsg13_hv_pmos[w] = 9.999999999999999e-06
@n.xbgr.xm54.nsg13_hv_pmos[l] = 4.000000000000000e-06
@n.xbgr.xm54.nsg13_hv_pmos[delvto] = 0.000000000000000e+00
@n.xbgr.xm54.nsg13_hv_pmos[factuo] = 1.000000000000000e+00
@q.xbgr.xq55.qnpn13g2[area] = 1.000000000000000e+00
@q.xbgr.xq56.qnpn13g2[area] = 1.000000000000000e+00
@q.xbgr.xq57.qnpn13g2[area] = 1.000000000000000e+00
@q.xbgr.xq58.qnpn13g2[area] = 1.000000000000000e+00
@q.xbgr.xq59.qnpn13g2[area] = 1.000000000000000e+00
@q.xbgr.xq60.qnpn13g2[area] = 1.000000000000000e+00
@q.xbgr.xq61.qnpn13g2[area] = 1.000000000000000e+00
@q.xbgr.xq62.qnpn13g2[area] = 1.000000000000000e+00
@q.xbgr.xq63.qnpn13g2[area] = 1.000000000000000e+00
@q.xbgr.xq64.qnpn13g2[area] = 1.000000000000000e+00
@q.xbgr.xq65.qnpn13g2[area] = 1.000000000000000e+00
@q.xbgr.xq66.qnpn13g2[area] = 1.000000000000000e+00
@q.xbgr.xq67.qnpn13g2[area] = 1.000000000000000e+00
@q.xbgr.xq68.qnpn13g2[area] = 1.000000000000000e+00
@q.xbgr.xq69.qnpn13g2[area] = 1.000000000000000e+00
@q.xbgr.xq70.qnpn13g2[area] = 1.000000000000000e+00
@q.xbgr.xq71.qnpn13g2[area] = 1.000000000000000e+00
@q.xbgr.xq72.qnpn13g2[area] = 1.000000000000000e+00
@q.xbgr.xq73.qnpn13g2[area] = 1.000000000000000e+00
@q.xbgr.xq74.qnpn13g2[area] = 1.000000000000000e+00
@q.xbgr.xq75.qnpn13g2[area] = 1.000000000000000e+00
@q.xbgr.xq76.qnpn13g2[area] = 1.000000000000000e+00
@n.xbgr.xr77.nr1[nsmm_rsh] = 0.000000000000000e+00
@n.xbgr.xr77.nr1[nsmm_w] = 0.000000000000000e+00
@n.xbgr.xr77.nr1[nsmm_l] = 0.000000000000000e+00
@n.xbgr.xr78.nr1[nsmm_rsh] = 0.000000000000000e+00
@n.xbgr.xr78.nr1[nsmm_w] = 0.000000000000000e+00
@n.xbgr.xr78.nr1[nsmm_l] = 0.000000000000000e+00
@n.xbgr.xr79.nr1[nsmm_rsh] = 0.000000000000000e+00
@n.xbgr.xr79.nr1[nsmm_w] = 0.000000000000000e+00
@n.xbgr.xr79.nr1[nsmm_l] = 0.000000000000000e+00
@n.xbgr.xr80.nr1[nsmm_rsh] = 0.000000000000000e+00
@n.xbgr.xr80.nr1[nsmm_w] = 0.000000000000000e+00
@n.xbgr.xr80.nr1[nsmm_l] = 0.000000000000000e+00
@n.xbgr.xr81.nr1[nsmm_rsh] = 0.000000000000000e+00
@n.xbgr.xr81.nr1[nsmm_w] = 0.000000000000000e+00
@n.xbgr.xr81.nr1[nsmm_l] = 0.000000000000000e+00
@n.xbgr.xr82.nr1[nsmm_rsh] = 0.000000000000000e+00
@n.xbgr.xr82.nr1[nsmm_w] = 0.000000000000000e+00
@n.xbgr.xr82.nr1[nsmm_l] = 0.000000000000000e+00
@n.xbgr.xr83.nr1[nsmm_rsh] = 0.000000000000000e+00
@n.xbgr.xr83.nr1[nsmm_w] = 0.000000000000000e+00
@n.xbgr.xr83.nr1[nsmm_l] = 0.000000000000000e+00
@n.xbgr.xr84.nr1[nsmm_rsh] = 0.000000000000000e+00
@n.xbgr.xr84.nr1[nsmm_w] = 0.000000000000000e+00
@n.xbgr.xr84.nr1[nsmm_l] = 0.000000000000000e+00
@n.xbgr.xr85.nr1[nsmm_rsh] = 0.000000000000000e+00
@n.xbgr.xr85.nr1[nsmm_w] = 0.000000000000000e+00
@n.xbgr.xr85.nr1[nsmm_l] = 0.000000000000000e+00
@n.xbgr.xr86.nr1[nsmm_rsh] = 0.000000000000000e+00
@n.xbgr.xr86.nr1[nsmm_w] = 0.000000000000000e+00
@n.xbgr.xr86.nr1[nsmm_l] = 0.000000000000000e+00
@n.xbgr.xr16_u2.nr1[nsmm_rsh] = 0.000000000000000e+00
@n.xbgr.xr16_u2.nr1[nsmm_w] = 0.000000000000000e+00
@n.xbgr.xr16_u2.nr1[nsmm_l] = 0.000000000000000e+00
@n.xbgr.xr16_u3.nr1[nsmm_rsh] = 0.000000000000000e+00
@n.xbgr.xr16_u3.nr1[nsmm_w] = 0.000000000000000e+00
@n.xbgr.xr16_u3.nr1[nsmm_l] = 0.000000000000000e+00
@n.xbgr.xr16_u4.nr1[nsmm_rsh] = 0.000000000000000e+00
@n.xbgr.xr16_u4.nr1[nsmm_w] = 0.000000000000000e+00
@n.xbgr.xr16_u4.nr1[nsmm_l] = 0.000000000000000e+00
@n.xbgr.xr16_u5.nr1[nsmm_rsh] = 0.000000000000000e+00
@n.xbgr.xr16_u5.nr1[nsmm_w] = 0.000000000000000e+00
@n.xbgr.xr16_u5.nr1[nsmm_l] = 0.000000000000000e+00
@n.xbgr.xr16_u6.nr1[nsmm_rsh] = 0.000000000000000e+00
@n.xbgr.xr16_u6.nr1[nsmm_w] = 0.000000000000000e+00
@n.xbgr.xr16_u6.nr1[nsmm_l] = 0.000000000000000e+00
@n.xbgr.xr16_u7.nr1[nsmm_rsh] = 0.000000000000000e+00
@n.xbgr.xr16_u7.nr1[nsmm_w] = 0.000000000000000e+00
@n.xbgr.xr16_u7.nr1[nsmm_l] = 0.000000000000000e+00
@n.xbgr.xr16_u8.nr1[nsmm_rsh] = 0.000000000000000e+00
@n.xbgr.xr16_u8.nr1[nsmm_w] = 0.000000000000000e+00
@n.xbgr.xr16_u8.nr1[nsmm_l] = 0.000000000000000e+00
@n.xbgr.xr16_u9.nr1[nsmm_rsh] = 0.000000000000000e+00
@n.xbgr.xr16_u9.nr1[nsmm_w] = 0.000000000000000e+00
@n.xbgr.xr16_u9.nr1[nsmm_l] = 0.000000000000000e+00
@n.xbgr.xr16_u10.nr1[nsmm_rsh] = 0.000000000000000e+00
@n.xbgr.xr16_u10.nr1[nsmm_w] = 0.000000000000000e+00
@n.xbgr.xr16_u10.nr1[nsmm_l] = 0.000000000000000e+00
@n.xbgr.xr16_u11.nr1[nsmm_rsh] = 0.000000000000000e+00
@n.xbgr.xr16_u11.nr1[nsmm_w] = 0.000000000000000e+00
@n.xbgr.xr16_u11.nr1[nsmm_l] = 0.000000000000000e+00
@n.xbgr.xr16_u12.nr1[nsmm_rsh] = 0.000000000000000e+00
@n.xbgr.xr16_u12.nr1[nsmm_w] = 0.000000000000000e+00
@n.xbgr.xr16_u12.nr1[nsmm_l] = 0.000000000000000e+00
@n.xbgr.xr16_u13.nr1[nsmm_rsh] = 0.000000000000000e+00
@n.xbgr.xr16_u13.nr1[nsmm_w] = 0.000000000000000e+00
@n.xbgr.xr16_u13.nr1[nsmm_l] = 0.000000000000000e+00
@n.xbgr.xr16_u14.nr1[nsmm_rsh] = 0.000000000000000e+00
@n.xbgr.xr16_u14.nr1[nsmm_w] = 0.000000000000000e+00
@n.xbgr.xr16_u14.nr1[nsmm_l] = 0.000000000000000e+00
@n.xbgr.xr16_u15.nr1[nsmm_rsh] = 0.000000000000000e+00
@n.xbgr.xr16_u15.nr1[nsmm_w] = 0.000000000000000e+00
@n.xbgr.xr16_u15.nr1[nsmm_l] = 0.000000000000000e+00
@n.xbgr.xr16_u16.nr1[nsmm_rsh] = 0.000000000000000e+00
@n.xbgr.xr16_u16.nr1[nsmm_w] = 0.000000000000000e+00
@n.xbgr.xr16_u16.nr1[nsmm_l] = 0.000000000000000e+00
@n.xbgr.xr16_u17.nr1[nsmm_rsh] = 0.000000000000000e+00
@n.xbgr.xr16_u17.nr1[nsmm_w] = 0.000000000000000e+00
@n.xbgr.xr16_u17.nr1[nsmm_l] = 0.000000000000000e+00
@n.xbgr.xr16_u18.nr1[nsmm_rsh] = 0.000000000000000e+00
@n.xbgr.xr16_u18.nr1[nsmm_w] = 0.000000000000000e+00
@n.xbgr.xr16_u18.nr1[nsmm_l] = 0.000000000000000e+00
@n.xbgr.xr16_u19.nr1[nsmm_rsh] = 0.000000000000000e+00
@n.xbgr.xr16_u19.nr1[nsmm_w] = 0.000000000000000e+00
@n.xbgr.xr16_u19.nr1[nsmm_l] = 0.000000000000000e+00
@n.xbgr.xr16_u20.nr1[nsmm_rsh] = 0.000000000000000e+00
@n.xbgr.xr16_u20.nr1[nsmm_w] = 0.000000000000000e+00
@n.xbgr.xr16_u20.nr1[nsmm_l] = 0.000000000000000e+00
@n.xbgr.xr16_u21.nr1[nsmm_rsh] = 0.000000000000000e+00
@n.xbgr.xr16_u21.nr1[nsmm_w] = 0.000000000000000e+00
@n.xbgr.xr16_u21.nr1[nsmm_l] = 0.000000000000000e+00
@n.xbgr.xr16_u22.nr1[nsmm_rsh] = 0.000000000000000e+00
@n.xbgr.xr16_u22.nr1[nsmm_w] = 0.000000000000000e+00
@n.xbgr.xr16_u22.nr1[nsmm_l] = 0.000000000000000e+00
@n.xbgr.xr16_u23.nr1[nsmm_rsh] = 0.000000000000000e+00
@n.xbgr.xr16_u23.nr1[nsmm_w] = 0.000000000000000e+00
@n.xbgr.xr16_u23.nr1[nsmm_l] = 0.000000000000000e+00
@n.xbgr.xr16_u24.nr1[nsmm_rsh] = 0.000000000000000e+00
@n.xbgr.xr16_u24.nr1[nsmm_w] = 0.000000000000000e+00
@n.xbgr.xr16_u24.nr1[nsmm_l] = 0.000000000000000e+00
@n.xbgr.xr17_u2.nr1[nsmm_rsh] = 0.000000000000000e+00
@n.xbgr.xr17_u2.nr1[nsmm_w] = 0.000000000000000e+00
@n.xbgr.xr17_u2.nr1[nsmm_l] = 0.000000000000000e+00
@n.xbgr.xr17_u3.nr1[nsmm_rsh] = 0.000000000000000e+00
@n.xbgr.xr17_u3.nr1[nsmm_w] = 0.000000000000000e+00
@n.xbgr.xr17_u3.nr1[nsmm_l] = 0.000000000000000e+00
@n.xbgr.xr17_u4.nr1[nsmm_rsh] = 0.000000000000000e+00
@n.xbgr.xr17_u4.nr1[nsmm_w] = 0.000000000000000e+00
@n.xbgr.xr17_u4.nr1[nsmm_l] = 0.000000000000000e+00
@n.xbgr.xr18_u2.nr1[nsmm_rsh] = 0.000000000000000e+00
@n.xbgr.xr18_u2.nr1[nsmm_w] = 0.000000000000000e+00
@n.xbgr.xr18_u2.nr1[nsmm_l] = 0.000000000000000e+00
@n.xbgr.xr18_u3.nr1[nsmm_rsh] = 0.000000000000000e+00
@n.xbgr.xr18_u3.nr1[nsmm_w] = 0.000000000000000e+00
@n.xbgr.xr18_u3.nr1[nsmm_l] = 0.000000000000000e+00
@n.xbgr.xr18_u4.nr1[nsmm_rsh] = 0.000000000000000e+00
@n.xbgr.xr18_u4.nr1[nsmm_w] = 0.000000000000000e+00
@n.xbgr.xr18_u4.nr1[nsmm_l] = 0.000000000000000e+00
@n.xbgr.xr19_u2.nr1[nsmm_rsh] = 0.000000000000000e+00
@n.xbgr.xr19_u2.nr1[nsmm_w] = 0.000000000000000e+00
@n.xbgr.xr19_u2.nr1[nsmm_l] = 0.000000000000000e+00
@n.xbgr.xr19_u3.nr1[nsmm_rsh] = 0.000000000000000e+00
@n.xbgr.xr19_u3.nr1[nsmm_w] = 0.000000000000000e+00
@n.xbgr.xr19_u3.nr1[nsmm_l] = 0.000000000000000e+00
@n.xbgr.xr19_u4.nr1[nsmm_rsh] = 0.000000000000000e+00
@n.xbgr.xr19_u4.nr1[nsmm_w] = 0.000000000000000e+00
@n.xbgr.xr19_u4.nr1[nsmm_l] = 0.000000000000000e+00
@n.xbgr.xr20_u2.nr1[nsmm_rsh] = 0.000000000000000e+00
@n.xbgr.xr20_u2.nr1[nsmm_w] = 0.000000000000000e+00
@n.xbgr.xr20_u2.nr1[nsmm_l] = 0.000000000000000e+00
@n.xbgr.xr20_u3.nr1[nsmm_rsh] = 0.000000000000000e+00
@n.xbgr.xr20_u3.nr1[nsmm_w] = 0.000000000000000e+00
@n.xbgr.xr20_u3.nr1[nsmm_l] = 0.000000000000000e+00
@n.xbgr.xr20_u4.nr1[nsmm_rsh] = 0.000000000000000e+00
@n.xbgr.xr20_u4.nr1[nsmm_w] = 0.000000000000000e+00
@n.xbgr.xr20_u4.nr1[nsmm_l] = 0.000000000000000e+00
@n.xbgr.xr21_u2.nr1[nsmm_rsh] = 0.000000000000000e+00
@n.xbgr.xr21_u2.nr1[nsmm_w] = 0.000000000000000e+00
@n.xbgr.xr21_u2.nr1[nsmm_l] = 0.000000000000000e+00
@n.xbgr.xr21_u3.nr1[nsmm_rsh] = 0.000000000000000e+00
@n.xbgr.xr21_u3.nr1[nsmm_w] = 0.000000000000000e+00
@n.xbgr.xr21_u3.nr1[nsmm_l] = 0.000000000000000e+00
@n.xbgr.xr21_u4.nr1[nsmm_rsh] = 0.000000000000000e+00
@n.xbgr.xr21_u4.nr1[nsmm_w] = 0.000000000000000e+00
@n.xbgr.xr21_u4.nr1[nsmm_l] = 0.000000000000000e+00
@n.xbgr.xr22_u2.nr1[nsmm_rsh] = 0.000000000000000e+00
@n.xbgr.xr22_u2.nr1[nsmm_w] = 0.000000000000000e+00
@n.xbgr.xr22_u2.nr1[nsmm_l] = 0.000000000000000e+00
@n.xbgr.xr22_u3.nr1[nsmm_rsh] = 0.000000000000000e+00
@n.xbgr.xr22_u3.nr1[nsmm_w] = 0.000000000000000e+00
@n.xbgr.xr22_u3.nr1[nsmm_l] = 0.000000000000000e+00
@n.xbgr.xr22_u4.nr1[nsmm_rsh] = 0.000000000000000e+00
@n.xbgr.xr22_u4.nr1[nsmm_w] = 0.000000000000000e+00
@n.xbgr.xr22_u4.nr1[nsmm_l] = 0.000000000000000e+00
@n.xbgr.xr23_u2.nr1[nsmm_rsh] = 0.000000000000000e+00
@n.xbgr.xr23_u2.nr1[nsmm_w] = 0.000000000000000e+00
@n.xbgr.xr23_u2.nr1[nsmm_l] = 0.000000000000000e+00
@n.xbgr.xr23_u3.nr1[nsmm_rsh] = 0.000000000000000e+00
@n.xbgr.xr23_u3.nr1[nsmm_w] = 0.000000000000000e+00
@n.xbgr.xr23_u3.nr1[nsmm_l] = 0.000000000000000e+00
@n.xbgr.xr23_u4.nr1[nsmm_rsh] = 0.000000000000000e+00
@n.xbgr.xr23_u4.nr1[nsmm_w] = 0.000000000000000e+00
@n.xbgr.xr23_u4.nr1[nsmm_l] = 0.000000000000000e+00
@n.xbgr.xr23_u5.nr1[nsmm_rsh] = 0.000000000000000e+00
@n.xbgr.xr23_u5.nr1[nsmm_w] = 0.000000000000000e+00
@n.xbgr.xr23_u5.nr1[nsmm_l] = 0.000000000000000e+00
@n.xbgr.xr23_u6.nr1[nsmm_rsh] = 0.000000000000000e+00
@n.xbgr.xr23_u6.nr1[nsmm_w] = 0.000000000000000e+00
@n.xbgr.xr23_u6.nr1[nsmm_l] = 0.000000000000000e+00
@n.xbgr.xr23_u7.nr1[nsmm_rsh] = 0.000000000000000e+00
@n.xbgr.xr23_u7.nr1[nsmm_w] = 0.000000000000000e+00
@n.xbgr.xr23_u7.nr1[nsmm_l] = 0.000000000000000e+00
@n.xbgr.xr23_u8.nr1[nsmm_rsh] = 0.000000000000000e+00
@n.xbgr.xr23_u8.nr1[nsmm_w] = 0.000000000000000e+00
@n.xbgr.xr23_u8.nr1[nsmm_l] = 0.000000000000000e+00
@n.xbgr.xr23_u9.nr1[nsmm_rsh] = 0.000000000000000e+00
@n.xbgr.xr23_u9.nr1[nsmm_w] = 0.000000000000000e+00
@n.xbgr.xr23_u9.nr1[nsmm_l] = 0.000000000000000e+00
@n.xbgr.xr23_u10.nr1[nsmm_rsh] = 0.000000000000000e+00
@n.xbgr.xr23_u10.nr1[nsmm_w] = 0.000000000000000e+00
@n.xbgr.xr23_u10.nr1[nsmm_l] = 0.000000000000000e+00
@n.xbgr.xr23_u11.nr1[nsmm_rsh] = 0.000000000000000e+00
@n.xbgr.xr23_u11.nr1[nsmm_w] = 0.000000000000000e+00
@n.xbgr.xr23_u11.nr1[nsmm_l] = 0.000000000000000e+00
@n.xbgr.xr23_u12.nr1[nsmm_rsh] = 0.000000000000000e+00
@n.xbgr.xr23_u12.nr1[nsmm_w] = 0.000000000000000e+00
@n.xbgr.xr23_u12.nr1[nsmm_l] = 0.000000000000000e+00
@n.xbgr.xr23_u13.nr1[nsmm_rsh] = 0.000000000000000e+00
@n.xbgr.xr23_u13.nr1[nsmm_w] = 0.000000000000000e+00
@n.xbgr.xr23_u13.nr1[nsmm_l] = 0.000000000000000e+00
@n.xbgr.xr23_u14.nr1[nsmm_rsh] = 0.000000000000000e+00
@n.xbgr.xr23_u14.nr1[nsmm_w] = 0.000000000000000e+00
@n.xbgr.xr23_u14.nr1[nsmm_l] = 0.000000000000000e+00
@n.xbgr.xr23_u15.nr1[nsmm_rsh] = 0.000000000000000e+00
@n.xbgr.xr23_u15.nr1[nsmm_w] = 0.000000000000000e+00
@n.xbgr.xr23_u15.nr1[nsmm_l] = 0.000000000000000e+00
@n.xbgr.xr23_u16.nr1[nsmm_rsh] = 0.000000000000000e+00
@n.xbgr.xr23_u16.nr1[nsmm_w] = 0.000000000000000e+00
@n.xbgr.xr23_u16.nr1[nsmm_l] = 0.000000000000000e+00
@n.xbgr.xr23_u17.nr1[nsmm_rsh] = 0.000000000000000e+00
@n.xbgr.xr23_u17.nr1[nsmm_w] = 0.000000000000000e+00
@n.xbgr.xr23_u17.nr1[nsmm_l] = 0.000000000000000e+00
@n.xbgr.xr23_u18.nr1[nsmm_rsh] = 0.000000000000000e+00
@n.xbgr.xr23_u18.nr1[nsmm_w] = 0.000000000000000e+00
@n.xbgr.xr23_u18.nr1[nsmm_l] = 0.000000000000000e+00
@n.xbgr.xr23_u19.nr1[nsmm_rsh] = 0.000000000000000e+00
@n.xbgr.xr23_u19.nr1[nsmm_w] = 0.000000000000000e+00
@n.xbgr.xr23_u19.nr1[nsmm_l] = 0.000000000000000e+00
@n.xbgr.xr23_u20.nr1[nsmm_rsh] = 0.000000000000000e+00
@n.xbgr.xr23_u20.nr1[nsmm_w] = 0.000000000000000e+00
@n.xbgr.xr23_u20.nr1[nsmm_l] = 0.000000000000000e+00
@n.xbgr.xr23_u21.nr1[nsmm_rsh] = 0.000000000000000e+00
@n.xbgr.xr23_u21.nr1[nsmm_w] = 0.000000000000000e+00
@n.xbgr.xr23_u21.nr1[nsmm_l] = 0.000000000000000e+00
@n.xbgr.xr23_u22.nr1[nsmm_rsh] = 0.000000000000000e+00
@n.xbgr.xr23_u22.nr1[nsmm_w] = 0.000000000000000e+00
@n.xbgr.xr23_u22.nr1[nsmm_l] = 0.000000000000000e+00
@n.xbgr.xr23_u23.nr1[nsmm_rsh] = 0.000000000000000e+00
@n.xbgr.xr23_u23.nr1[nsmm_w] = 0.000000000000000e+00
@n.xbgr.xr23_u23.nr1[nsmm_l] = 0.000000000000000e+00
@n.xbgr.xr23_u24.nr1[nsmm_rsh] = 0.000000000000000e+00
@n.xbgr.xr23_u24.nr1[nsmm_w] = 0.000000000000000e+00
@n.xbgr.xr23_u24.nr1[nsmm_l] = 0.000000000000000e+00
@n.xbgr.xr24_u2.nr1[nsmm_rsh] = 0.000000000000000e+00
@n.xbgr.xr24_u2.nr1[nsmm_w] = 0.000000000000000e+00
@n.xbgr.xr24_u2.nr1[nsmm_l] = 0.000000000000000e+00
@n.xbgr.xr24_u3.nr1[nsmm_rsh] = 0.000000000000000e+00
@n.xbgr.xr24_u3.nr1[nsmm_w] = 0.000000000000000e+00
@n.xbgr.xr24_u3.nr1[nsmm_l] = 0.000000000000000e+00
@n.xbgr.xr24_u4.nr1[nsmm_rsh] = 0.000000000000000e+00
@n.xbgr.xr24_u4.nr1[nsmm_w] = 0.000000000000000e+00
@n.xbgr.xr24_u4.nr1[nsmm_l] = 0.000000000000000e+00
@n.xbgr.xr24_u5.nr1[nsmm_rsh] = 0.000000000000000e+00
@n.xbgr.xr24_u5.nr1[nsmm_w] = 0.000000000000000e+00
@n.xbgr.xr24_u5.nr1[nsmm_l] = 0.000000000000000e+00
@n.xbgr.xr24_u6.nr1[nsmm_rsh] = 0.000000000000000e+00
@n.xbgr.xr24_u6.nr1[nsmm_w] = 0.000000000000000e+00
@n.xbgr.xr24_u6.nr1[nsmm_l] = 0.000000000000000e+00
@n.xbgr.xr24_u7.nr1[nsmm_rsh] = 0.000000000000000e+00
@n.xbgr.xr24_u7.nr1[nsmm_w] = 0.000000000000000e+00
@n.xbgr.xr24_u7.nr1[nsmm_l] = 0.000000000000000e+00
@n.xbgr.xr24_u8.nr1[nsmm_rsh] = 0.000000000000000e+00
@n.xbgr.xr24_u8.nr1[nsmm_w] = 0.000000000000000e+00
@n.xbgr.xr24_u8.nr1[nsmm_l] = 0.000000000000000e+00
@n.xbgr.xr24_u9.nr1[nsmm_rsh] = 0.000000000000000e+00
@n.xbgr.xr24_u9.nr1[nsmm_w] = 0.000000000000000e+00
@n.xbgr.xr24_u9.nr1[nsmm_l] = 0.000000000000000e+00
@n.xbgr.xr24_u10.nr1[nsmm_rsh] = 0.000000000000000e+00
@n.xbgr.xr24_u10.nr1[nsmm_w] = 0.000000000000000e+00
@n.xbgr.xr24_u10.nr1[nsmm_l] = 0.000000000000000e+00
@n.xbgr.xr24_u11.nr1[nsmm_rsh] = 0.000000000000000e+00
@n.xbgr.xr24_u11.nr1[nsmm_w] = 0.000000000000000e+00
@n.xbgr.xr24_u11.nr1[nsmm_l] = 0.000000000000000e+00
@n.xbgr.xr24_u12.nr1[nsmm_rsh] = 0.000000000000000e+00
@n.xbgr.xr24_u12.nr1[nsmm_w] = 0.000000000000000e+00
@n.xbgr.xr24_u12.nr1[nsmm_l] = 0.000000000000000e+00
@n.xbgr.xr24_u13.nr1[nsmm_rsh] = 0.000000000000000e+00
@n.xbgr.xr24_u13.nr1[nsmm_w] = 0.000000000000000e+00
@n.xbgr.xr24_u13.nr1[nsmm_l] = 0.000000000000000e+00
@n.xbgr.xr24_u14.nr1[nsmm_rsh] = 0.000000000000000e+00
@n.xbgr.xr24_u14.nr1[nsmm_w] = 0.000000000000000e+00
@n.xbgr.xr24_u14.nr1[nsmm_l] = 0.000000000000000e+00
@n.xbgr.xr24_u15.nr1[nsmm_rsh] = 0.000000000000000e+00
@n.xbgr.xr24_u15.nr1[nsmm_w] = 0.000000000000000e+00
@n.xbgr.xr24_u15.nr1[nsmm_l] = 0.000000000000000e+00
@n.xbgr.xr24_u16.nr1[nsmm_rsh] = 0.000000000000000e+00
@n.xbgr.xr24_u16.nr1[nsmm_w] = 0.000000000000000e+00
@n.xbgr.xr24_u16.nr1[nsmm_l] = 0.000000000000000e+00
@n.xbgr.xr24_u17.nr1[nsmm_rsh] = 0.000000000000000e+00
@n.xbgr.xr24_u17.nr1[nsmm_w] = 0.000000000000000e+00
@n.xbgr.xr24_u17.nr1[nsmm_l] = 0.000000000000000e+00
@n.xbgr.xr24_u18.nr1[nsmm_rsh] = 0.000000000000000e+00
@n.xbgr.xr24_u18.nr1[nsmm_w] = 0.000000000000000e+00
@n.xbgr.xr24_u18.nr1[nsmm_l] = 0.000000000000000e+00
@n.xbgr.xr24_u19.nr1[nsmm_rsh] = 0.000000000000000e+00
@n.xbgr.xr24_u19.nr1[nsmm_w] = 0.000000000000000e+00
@n.xbgr.xr24_u19.nr1[nsmm_l] = 0.000000000000000e+00
@n.xbgr.xr24_u20.nr1[nsmm_rsh] = 0.000000000000000e+00
@n.xbgr.xr24_u20.nr1[nsmm_w] = 0.000000000000000e+00
@n.xbgr.xr24_u20.nr1[nsmm_l] = 0.000000000000000e+00
@n.xbgr.xr24_u21.nr1[nsmm_rsh] = 0.000000000000000e+00
@n.xbgr.xr24_u21.nr1[nsmm_w] = 0.000000000000000e+00
@n.xbgr.xr24_u21.nr1[nsmm_l] = 0.000000000000000e+00
@n.xbgr.xr24_u22.nr1[nsmm_rsh] = 0.000000000000000e+00
@n.xbgr.xr24_u22.nr1[nsmm_w] = 0.000000000000000e+00
@n.xbgr.xr24_u22.nr1[nsmm_l] = 0.000000000000000e+00
@n.xbgr.xr24_u23.nr1[nsmm_rsh] = 0.000000000000000e+00
@n.xbgr.xr24_u23.nr1[nsmm_w] = 0.000000000000000e+00
@n.xbgr.xr24_u23.nr1[nsmm_l] = 0.000000000000000e+00
@n.xbgr.xr24_u24.nr1[nsmm_rsh] = 0.000000000000000e+00
@n.xbgr.xr24_u24.nr1[nsmm_w] = 0.000000000000000e+00
@n.xbgr.xr24_u24.nr1[nsmm_l] = 0.000000000000000e+00
@n.xbgr.xr25_u2.nr1[nsmm_rsh] = 0.000000000000000e+00
@n.xbgr.xr25_u2.nr1[nsmm_w] = 0.000000000000000e+00
@n.xbgr.xr25_u2.nr1[nsmm_l] = 0.000000000000000e+00
@n.xbgr.xr25_u3.nr1[nsmm_rsh] = 0.000000000000000e+00
@n.xbgr.xr25_u3.nr1[nsmm_w] = 0.000000000000000e+00
@n.xbgr.xr25_u3.nr1[nsmm_l] = 0.000000000000000e+00
@n.xbgr.xr25_u4.nr1[nsmm_rsh] = 0.000000000000000e+00
@n.xbgr.xr25_u4.nr1[nsmm_w] = 0.000000000000000e+00
@n.xbgr.xr25_u4.nr1[nsmm_l] = 0.000000000000000e+00
@n.xbgr.xr25_u5.nr1[nsmm_rsh] = 0.000000000000000e+00
@n.xbgr.xr25_u5.nr1[nsmm_w] = 0.000000000000000e+00
@n.xbgr.xr25_u5.nr1[nsmm_l] = 0.000000000000000e+00
@n.xbgr.xr25_u6.nr1[nsmm_rsh] = 0.000000000000000e+00
@n.xbgr.xr25_u6.nr1[nsmm_w] = 0.000000000000000e+00
@n.xbgr.xr25_u6.nr1[nsmm_l] = 0.000000000000000e+00
@n.xbgr.xr25_u7.nr1[nsmm_rsh] = 0.000000000000000e+00
@n.xbgr.xr25_u7.nr1[nsmm_w] = 0.000000000000000e+00
@n.xbgr.xr25_u7.nr1[nsmm_l] = 0.000000000000000e+00
@n.xbgr.xr25_u8.nr1[nsmm_rsh] = 0.000000000000000e+00
@n.xbgr.xr25_u8.nr1[nsmm_w] = 0.000000000000000e+00
@n.xbgr.xr25_u8.nr1[nsmm_l] = 0.000000000000000e+00
@n.xbgr.xr25_u9.nr1[nsmm_rsh] = 0.000000000000000e+00
@n.xbgr.xr25_u9.nr1[nsmm_w] = 0.000000000000000e+00
@n.xbgr.xr25_u9.nr1[nsmm_l] = 0.000000000000000e+00
@n.xbgr.xr25_u10.nr1[nsmm_rsh] = 0.000000000000000e+00
@n.xbgr.xr25_u10.nr1[nsmm_w] = 0.000000000000000e+00
@n.xbgr.xr25_u10.nr1[nsmm_l] = 0.000000000000000e+00
@n.xbgr.xr25_u11.nr1[nsmm_rsh] = 0.000000000000000e+00
@n.xbgr.xr25_u11.nr1[nsmm_w] = 0.000000000000000e+00
@n.xbgr.xr25_u11.nr1[nsmm_l] = 0.000000000000000e+00
@n.xbgr.xr25_u12.nr1[nsmm_rsh] = 0.000000000000000e+00
@n.xbgr.xr25_u12.nr1[nsmm_w] = 0.000000000000000e+00
@n.xbgr.xr25_u12.nr1[nsmm_l] = 0.000000000000000e+00
@n.xbgr.xr25_u13.nr1[nsmm_rsh] = 0.000000000000000e+00
@n.xbgr.xr25_u13.nr1[nsmm_w] = 0.000000000000000e+00
@n.xbgr.xr25_u13.nr1[nsmm_l] = 0.000000000000000e+00
@n.xbgr.xr25_u14.nr1[nsmm_rsh] = 0.000000000000000e+00
@n.xbgr.xr25_u14.nr1[nsmm_w] = 0.000000000000000e+00
@n.xbgr.xr25_u14.nr1[nsmm_l] = 0.000000000000000e+00
@n.xbgr.xr25_u15.nr1[nsmm_rsh] = 0.000000000000000e+00
@n.xbgr.xr25_u15.nr1[nsmm_w] = 0.000000000000000e+00
@n.xbgr.xr25_u15.nr1[nsmm_l] = 0.000000000000000e+00
@n.xbgr.xr25_u16.nr1[nsmm_rsh] = 0.000000000000000e+00
@n.xbgr.xr25_u16.nr1[nsmm_w] = 0.000000000000000e+00
@n.xbgr.xr25_u16.nr1[nsmm_l] = 0.000000000000000e+00
@n.xbgr.xr25_u17.nr1[nsmm_rsh] = 0.000000000000000e+00
@n.xbgr.xr25_u17.nr1[nsmm_w] = 0.000000000000000e+00
@n.xbgr.xr25_u17.nr1[nsmm_l] = 0.000000000000000e+00
@n.xbgr.xr25_u18.nr1[nsmm_rsh] = 0.000000000000000e+00
@n.xbgr.xr25_u18.nr1[nsmm_w] = 0.000000000000000e+00
@n.xbgr.xr25_u18.nr1[nsmm_l] = 0.000000000000000e+00
@n.xbgr.xr25_u19.nr1[nsmm_rsh] = 0.000000000000000e+00
@n.xbgr.xr25_u19.nr1[nsmm_w] = 0.000000000000000e+00
@n.xbgr.xr25_u19.nr1[nsmm_l] = 0.000000000000000e+00
@n.xbgr.xr25_u20.nr1[nsmm_rsh] = 0.000000000000000e+00
@n.xbgr.xr25_u20.nr1[nsmm_w] = 0.000000000000000e+00
@n.xbgr.xr25_u20.nr1[nsmm_l] = 0.000000000000000e+00
@n.xbgr.xr25_u21.nr1[nsmm_rsh] = 0.000000000000000e+00
@n.xbgr.xr25_u21.nr1[nsmm_w] = 0.000000000000000e+00
@n.xbgr.xr25_u21.nr1[nsmm_l] = 0.000000000000000e+00
@n.xbgr.xr25_u22.nr1[nsmm_rsh] = 0.000000000000000e+00
@n.xbgr.xr25_u22.nr1[nsmm_w] = 0.000000000000000e+00
@n.xbgr.xr25_u22.nr1[nsmm_l] = 0.000000000000000e+00
@n.xbgr.xr25_u23.nr1[nsmm_rsh] = 0.000000000000000e+00
@n.xbgr.xr25_u23.nr1[nsmm_w] = 0.000000000000000e+00
@n.xbgr.xr25_u23.nr1[nsmm_l] = 0.000000000000000e+00
@n.xbgr.xr25_u24.nr1[nsmm_rsh] = 0.000000000000000e+00
@n.xbgr.xr25_u24.nr1[nsmm_w] = 0.000000000000000e+00
@n.xbgr.xr25_u24.nr1[nsmm_l] = 0.000000000000000e+00
@n.xbgr.xr26_u2.nr1[nsmm_rsh] = 0.000000000000000e+00
@n.xbgr.xr26_u2.nr1[nsmm_w] = 0.000000000000000e+00
@n.xbgr.xr26_u2.nr1[nsmm_l] = 0.000000000000000e+00
@n.xbgr.xr26_u3.nr1[nsmm_rsh] = 0.000000000000000e+00
@n.xbgr.xr26_u3.nr1[nsmm_w] = 0.000000000000000e+00
@n.xbgr.xr26_u3.nr1[nsmm_l] = 0.000000000000000e+00
@n.xbgr.xr26_u4.nr1[nsmm_rsh] = 0.000000000000000e+00
@n.xbgr.xr26_u4.nr1[nsmm_w] = 0.000000000000000e+00
@n.xbgr.xr26_u4.nr1[nsmm_l] = 0.000000000000000e+00
@n.xbgr.xr26_u5.nr1[nsmm_rsh] = 0.000000000000000e+00
@n.xbgr.xr26_u5.nr1[nsmm_w] = 0.000000000000000e+00
@n.xbgr.xr26_u5.nr1[nsmm_l] = 0.000000000000000e+00
@n.xbgr.xr26_u6.nr1[nsmm_rsh] = 0.000000000000000e+00
@n.xbgr.xr26_u6.nr1[nsmm_w] = 0.000000000000000e+00
@n.xbgr.xr26_u6.nr1[nsmm_l] = 0.000000000000000e+00
@n.xbgr.xr26_u7.nr1[nsmm_rsh] = 0.000000000000000e+00
@n.xbgr.xr26_u7.nr1[nsmm_w] = 0.000000000000000e+00
@n.xbgr.xr26_u7.nr1[nsmm_l] = 0.000000000000000e+00
@n.xbgr.xr26_u8.nr1[nsmm_rsh] = 0.000000000000000e+00
@n.xbgr.xr26_u8.nr1[nsmm_w] = 0.000000000000000e+00
@n.xbgr.xr26_u8.nr1[nsmm_l] = 0.000000000000000e+00
@n.xbgr.xr26_u9.nr1[nsmm_rsh] = 0.000000000000000e+00
@n.xbgr.xr26_u9.nr1[nsmm_w] = 0.000000000000000e+00
@n.xbgr.xr26_u9.nr1[nsmm_l] = 0.000000000000000e+00
@n.xbgr.xr26_u10.nr1[nsmm_rsh] = 0.000000000000000e+00
@n.xbgr.xr26_u10.nr1[nsmm_w] = 0.000000000000000e+00
@n.xbgr.xr26_u10.nr1[nsmm_l] = 0.000000000000000e+00
@n.xbgr.xr26_u11.nr1[nsmm_rsh] = 0.000000000000000e+00
@n.xbgr.xr26_u11.nr1[nsmm_w] = 0.000000000000000e+00
@n.xbgr.xr26_u11.nr1[nsmm_l] = 0.000000000000000e+00
@n.xbgr.xr26_u12.nr1[nsmm_rsh] = 0.000000000000000e+00
@n.xbgr.xr26_u12.nr1[nsmm_w] = 0.000000000000000e+00
@n.xbgr.xr26_u12.nr1[nsmm_l] = 0.000000000000000e+00
@n.xbgr.xr26_u13.nr1[nsmm_rsh] = 0.000000000000000e+00
@n.xbgr.xr26_u13.nr1[nsmm_w] = 0.000000000000000e+00
@n.xbgr.xr26_u13.nr1[nsmm_l] = 0.000000000000000e+00
@n.xbgr.xr26_u14.nr1[nsmm_rsh] = 0.000000000000000e+00
@n.xbgr.xr26_u14.nr1[nsmm_w] = 0.000000000000000e+00
@n.xbgr.xr26_u14.nr1[nsmm_l] = 0.000000000000000e+00
@n.xbgr.xr26_u15.nr1[nsmm_rsh] = 0.000000000000000e+00
@n.xbgr.xr26_u15.nr1[nsmm_w] = 0.000000000000000e+00
@n.xbgr.xr26_u15.nr1[nsmm_l] = 0.000000000000000e+00
@n.xbgr.xr26_u16.nr1[nsmm_rsh] = 0.000000000000000e+00
@n.xbgr.xr26_u16.nr1[nsmm_w] = 0.000000000000000e+00
@n.xbgr.xr26_u16.nr1[nsmm_l] = 0.000000000000000e+00
@n.xbgr.xr26_u17.nr1[nsmm_rsh] = 0.000000000000000e+00
@n.xbgr.xr26_u17.nr1[nsmm_w] = 0.000000000000000e+00
@n.xbgr.xr26_u17.nr1[nsmm_l] = 0.000000000000000e+00
@n.xbgr.xr26_u18.nr1[nsmm_rsh] = 0.000000000000000e+00
@n.xbgr.xr26_u18.nr1[nsmm_w] = 0.000000000000000e+00
@n.xbgr.xr26_u18.nr1[nsmm_l] = 0.000000000000000e+00
@n.xbgr.xr26_u19.nr1[nsmm_rsh] = 0.000000000000000e+00
@n.xbgr.xr26_u19.nr1[nsmm_w] = 0.000000000000000e+00
@n.xbgr.xr26_u19.nr1[nsmm_l] = 0.000000000000000e+00
@n.xbgr.xr26_u20.nr1[nsmm_rsh] = 0.000000000000000e+00
@n.xbgr.xr26_u20.nr1[nsmm_w] = 0.000000000000000e+00
@n.xbgr.xr26_u20.nr1[nsmm_l] = 0.000000000000000e+00
@n.xbgr.xr26_u21.nr1[nsmm_rsh] = 0.000000000000000e+00
@n.xbgr.xr26_u21.nr1[nsmm_w] = 0.000000000000000e+00
@n.xbgr.xr26_u21.nr1[nsmm_l] = 0.000000000000000e+00
@n.xbgr.xr26_u22.nr1[nsmm_rsh] = 0.000000000000000e+00
@n.xbgr.xr26_u22.nr1[nsmm_w] = 0.000000000000000e+00
@n.xbgr.xr26_u22.nr1[nsmm_l] = 0.000000000000000e+00
@n.xbgr.xr26_u23.nr1[nsmm_rsh] = 0.000000000000000e+00
@n.xbgr.xr26_u23.nr1[nsmm_w] = 0.000000000000000e+00
@n.xbgr.xr26_u23.nr1[nsmm_l] = 0.000000000000000e+00
@n.xbgr.xr26_u24.nr1[nsmm_rsh] = 0.000000000000000e+00
@n.xbgr.xr26_u24.nr1[nsmm_w] = 0.000000000000000e+00
@n.xbgr.xr26_u24.nr1[nsmm_l] = 0.000000000000000e+00
@n.xbgr.xm34_u2.nsg13_hv_nmos[w] = 9.999999999999999e-06
@n.xbgr.xm34_u2.nsg13_hv_nmos[l] = 1.000000000000000e-06
@n.xbgr.xm34_u2.nsg13_hv_nmos[delvto] = 0.000000000000000e+00
@n.xbgr.xm34_u2.nsg13_hv_nmos[factuo] = 1.000000000000000e+00
@n.xbgr.xm34_u3.nsg13_hv_nmos[w] = 9.999999999999999e-06
@n.xbgr.xm34_u3.nsg13_hv_nmos[l] = 1.000000000000000e-06
@n.xbgr.xm34_u3.nsg13_hv_nmos[delvto] = 0.000000000000000e+00
@n.xbgr.xm34_u3.nsg13_hv_nmos[factuo] = 1.000000000000000e+00
@n.xbgr.xm34_u4.nsg13_hv_nmos[w] = 9.999999999999999e-06
@n.xbgr.xm34_u4.nsg13_hv_nmos[l] = 1.000000000000000e-06
@n.xbgr.xm34_u4.nsg13_hv_nmos[delvto] = 0.000000000000000e+00
@n.xbgr.xm34_u4.nsg13_hv_nmos[factuo] = 1.000000000000000e+00
@n.xbgr.xm34_u5.nsg13_hv_nmos[w] = 9.999999999999999e-06
@n.xbgr.xm34_u5.nsg13_hv_nmos[l] = 1.000000000000000e-06
@n.xbgr.xm34_u5.nsg13_hv_nmos[delvto] = 0.000000000000000e+00
@n.xbgr.xm34_u5.nsg13_hv_nmos[factuo] = 1.000000000000000e+00
@n.xbgr.xm34_u6.nsg13_hv_nmos[w] = 9.999999999999999e-06
@n.xbgr.xm34_u6.nsg13_hv_nmos[l] = 1.000000000000000e-06
@n.xbgr.xm34_u6.nsg13_hv_nmos[delvto] = 0.000000000000000e+00
@n.xbgr.xm34_u6.nsg13_hv_nmos[factuo] = 1.000000000000000e+00
@n.xbgr.xm34_u7.nsg13_hv_nmos[w] = 9.999999999999999e-06
@n.xbgr.xm34_u7.nsg13_hv_nmos[l] = 1.000000000000000e-06
@n.xbgr.xm34_u7.nsg13_hv_nmos[delvto] = 0.000000000000000e+00
@n.xbgr.xm34_u7.nsg13_hv_nmos[factuo] = 1.000000000000000e+00
@n.xbgr.xm34_u8.nsg13_hv_nmos[w] = 9.999999999999999e-06
@n.xbgr.xm34_u8.nsg13_hv_nmos[l] = 1.000000000000000e-06
@n.xbgr.xm34_u8.nsg13_hv_nmos[delvto] = 0.000000000000000e+00
@n.xbgr.xm34_u8.nsg13_hv_nmos[factuo] = 1.000000000000000e+00
@n.xbgr.xm34_u9.nsg13_hv_nmos[w] = 9.999999999999999e-06
@n.xbgr.xm34_u9.nsg13_hv_nmos[l] = 1.000000000000000e-06
@n.xbgr.xm34_u9.nsg13_hv_nmos[delvto] = 0.000000000000000e+00
@n.xbgr.xm34_u9.nsg13_hv_nmos[factuo] = 1.000000000000000e+00
@n.xbgr.xm34_u10.nsg13_hv_nmos[w] = 9.999999999999999e-06
@n.xbgr.xm34_u10.nsg13_hv_nmos[l] = 1.000000000000000e-06
@n.xbgr.xm34_u10.nsg13_hv_nmos[delvto] = 0.000000000000000e+00
@n.xbgr.xm34_u10.nsg13_hv_nmos[factuo] = 1.000000000000000e+00
@n.xbgr.xm34_u11.nsg13_hv_nmos[w] = 9.999999999999999e-06
@n.xbgr.xm34_u11.nsg13_hv_nmos[l] = 1.000000000000000e-06
@n.xbgr.xm34_u11.nsg13_hv_nmos[delvto] = 0.000000000000000e+00
@n.xbgr.xm34_u11.nsg13_hv_nmos[factuo] = 1.000000000000000e+00
@n.xbgr.xm34_u12.nsg13_hv_nmos[w] = 9.999999999999999e-06
@n.xbgr.xm34_u12.nsg13_hv_nmos[l] = 1.000000000000000e-06
@n.xbgr.xm34_u12.nsg13_hv_nmos[delvto] = 0.000000000000000e+00
@n.xbgr.xm34_u12.nsg13_hv_nmos[factuo] = 1.000000000000000e+00
@n.xbgr.xm34_u13.nsg13_hv_nmos[w] = 9.999999999999999e-06
@n.xbgr.xm34_u13.nsg13_hv_nmos[l] = 1.000000000000000e-06
@n.xbgr.xm34_u13.nsg13_hv_nmos[delvto] = 0.000000000000000e+00
@n.xbgr.xm34_u13.nsg13_hv_nmos[factuo] = 1.000000000000000e+00
@n.xbgr.xm34_u14.nsg13_hv_nmos[w] = 9.999999999999999e-06
@n.xbgr.xm34_u14.nsg13_hv_nmos[l] = 1.000000000000000e-06
@n.xbgr.xm34_u14.nsg13_hv_nmos[delvto] = 0.000000000000000e+00
@n.xbgr.xm34_u14.nsg13_hv_nmos[factuo] = 1.000000000000000e+00
@n.xbgr.xm34_u15.nsg13_hv_nmos[w] = 9.999999999999999e-06
@n.xbgr.xm34_u15.nsg13_hv_nmos[l] = 1.000000000000000e-06
@n.xbgr.xm34_u15.nsg13_hv_nmos[delvto] = 0.000000000000000e+00
@n.xbgr.xm34_u15.nsg13_hv_nmos[factuo] = 1.000000000000000e+00
@n.xbgr.xm34_u16.nsg13_hv_nmos[w] = 9.999999999999999e-06
@n.xbgr.xm34_u16.nsg13_hv_nmos[l] = 1.000000000000000e-06
@n.xbgr.xm34_u16.nsg13_hv_nmos[delvto] = 0.000000000000000e+00
@n.xbgr.xm34_u16.nsg13_hv_nmos[factuo] = 1.000000000000000e+00
@n.xbgr.xm34_u17.nsg13_hv_nmos[w] = 9.999999999999999e-06
@n.xbgr.xm34_u17.nsg13_hv_nmos[l] = 1.000000000000000e-06
@n.xbgr.xm34_u17.nsg13_hv_nmos[delvto] = 0.000000000000000e+00
@n.xbgr.xm34_u17.nsg13_hv_nmos[factuo] = 1.000000000000000e+00
@n.xbgr.xm34_u18.nsg13_hv_nmos[w] = 9.999999999999999e-06
@n.xbgr.xm34_u18.nsg13_hv_nmos[l] = 1.000000000000000e-06
@n.xbgr.xm34_u18.nsg13_hv_nmos[delvto] = 0.000000000000000e+00
@n.xbgr.xm34_u18.nsg13_hv_nmos[factuo] = 1.000000000000000e+00
@n.xbgr.xm34_u19.nsg13_hv_nmos[w] = 9.999999999999999e-06
@n.xbgr.xm34_u19.nsg13_hv_nmos[l] = 1.000000000000000e-06
@n.xbgr.xm34_u19.nsg13_hv_nmos[delvto] = 0.000000000000000e+00
@n.xbgr.xm34_u19.nsg13_hv_nmos[factuo] = 1.000000000000000e+00
@n.xbgr.xm34_u20.nsg13_hv_nmos[w] = 9.999999999999999e-06
@n.xbgr.xm34_u20.nsg13_hv_nmos[l] = 1.000000000000000e-06
@n.xbgr.xm34_u20.nsg13_hv_nmos[delvto] = 0.000000000000000e+00
@n.xbgr.xm34_u20.nsg13_hv_nmos[factuo] = 1.000000000000000e+00
@n.xbgr.xm34_u21.nsg13_hv_nmos[w] = 9.999999999999999e-06
@n.xbgr.xm34_u21.nsg13_hv_nmos[l] = 1.000000000000000e-06
@n.xbgr.xm34_u21.nsg13_hv_nmos[delvto] = 0.000000000000000e+00
@n.xbgr.xm34_u21.nsg13_hv_nmos[factuo] = 1.000000000000000e+00
@n.xbgr.xm34_u22.nsg13_hv_nmos[w] = 9.999999999999999e-06
@n.xbgr.xm34_u22.nsg13_hv_nmos[l] = 1.000000000000000e-06
@n.xbgr.xm34_u22.nsg13_hv_nmos[delvto] = 0.000000000000000e+00
@n.xbgr.xm34_u22.nsg13_hv_nmos[factuo] = 1.000000000000000e+00
@n.xbgr.xm34_u23.nsg13_hv_nmos[w] = 9.999999999999999e-06
@n.xbgr.xm34_u23.nsg13_hv_nmos[l] = 1.000000000000000e-06
@n.xbgr.xm34_u23.nsg13_hv_nmos[delvto] = 0.000000000000000e+00
@n.xbgr.xm34_u23.nsg13_hv_nmos[factuo] = 1.000000000000000e+00
@n.xbgr.xm34_u24.nsg13_hv_nmos[w] = 9.999999999999999e-06
@n.xbgr.xm34_u24.nsg13_hv_nmos[l] = 1.000000000000000e-06
@n.xbgr.xm34_u24.nsg13_hv_nmos[delvto] = 0.000000000000000e+00
@n.xbgr.xm34_u24.nsg13_hv_nmos[factuo] = 1.000000000000000e+00
@n.xbgr.xm35_u2.nsg13_hv_nmos[w] = 9.999999999999999e-06
@n.xbgr.xm35_u2.nsg13_hv_nmos[l] = 1.000000000000000e-06
@n.xbgr.xm35_u2.nsg13_hv_nmos[delvto] = 0.000000000000000e+00
@n.xbgr.xm35_u2.nsg13_hv_nmos[factuo] = 1.000000000000000e+00
@n.xbgr.xm35_u3.nsg13_hv_nmos[w] = 9.999999999999999e-06
@n.xbgr.xm35_u3.nsg13_hv_nmos[l] = 1.000000000000000e-06
@n.xbgr.xm35_u3.nsg13_hv_nmos[delvto] = 0.000000000000000e+00
@n.xbgr.xm35_u3.nsg13_hv_nmos[factuo] = 1.000000000000000e+00
@n.xbgr.xm35_u4.nsg13_hv_nmos[w] = 9.999999999999999e-06
@n.xbgr.xm35_u4.nsg13_hv_nmos[l] = 1.000000000000000e-06
@n.xbgr.xm35_u4.nsg13_hv_nmos[delvto] = 0.000000000000000e+00
@n.xbgr.xm35_u4.nsg13_hv_nmos[factuo] = 1.000000000000000e+00
@n.xbgr.xm35_u5.nsg13_hv_nmos[w] = 9.999999999999999e-06
@n.xbgr.xm35_u5.nsg13_hv_nmos[l] = 1.000000000000000e-06
@n.xbgr.xm35_u5.nsg13_hv_nmos[delvto] = 0.000000000000000e+00
@n.xbgr.xm35_u5.nsg13_hv_nmos[factuo] = 1.000000000000000e+00
@n.xbgr.xm35_u6.nsg13_hv_nmos[w] = 9.999999999999999e-06
@n.xbgr.xm35_u6.nsg13_hv_nmos[l] = 1.000000000000000e-06
@n.xbgr.xm35_u6.nsg13_hv_nmos[delvto] = 0.000000000000000e+00
@n.xbgr.xm35_u6.nsg13_hv_nmos[factuo] = 1.000000000000000e+00
@n.xbgr.xm35_u7.nsg13_hv_nmos[w] = 9.999999999999999e-06
@n.xbgr.xm35_u7.nsg13_hv_nmos[l] = 1.000000000000000e-06
@n.xbgr.xm35_u7.nsg13_hv_nmos[delvto] = 0.000000000000000e+00
@n.xbgr.xm35_u7.nsg13_hv_nmos[factuo] = 1.000000000000000e+00
@n.xbgr.xm35_u8.nsg13_hv_nmos[w] = 9.999999999999999e-06
@n.xbgr.xm35_u8.nsg13_hv_nmos[l] = 1.000000000000000e-06
@n.xbgr.xm35_u8.nsg13_hv_nmos[delvto] = 0.000000000000000e+00
@n.xbgr.xm35_u8.nsg13_hv_nmos[factuo] = 1.000000000000000e+00
@n.xbgr.xm35_u9.nsg13_hv_nmos[w] = 9.999999999999999e-06
@n.xbgr.xm35_u9.nsg13_hv_nmos[l] = 1.000000000000000e-06
@n.xbgr.xm35_u9.nsg13_hv_nmos[delvto] = 0.000000000000000e+00
@n.xbgr.xm35_u9.nsg13_hv_nmos[factuo] = 1.000000000000000e+00
@n.xbgr.xm35_u10.nsg13_hv_nmos[w] = 9.999999999999999e-06
@n.xbgr.xm35_u10.nsg13_hv_nmos[l] = 1.000000000000000e-06
@n.xbgr.xm35_u10.nsg13_hv_nmos[delvto] = 0.000000000000000e+00
@n.xbgr.xm35_u10.nsg13_hv_nmos[factuo] = 1.000000000000000e+00
@n.xbgr.xm35_u11.nsg13_hv_nmos[w] = 9.999999999999999e-06
@n.xbgr.xm35_u11.nsg13_hv_nmos[l] = 1.000000000000000e-06
@n.xbgr.xm35_u11.nsg13_hv_nmos[delvto] = 0.000000000000000e+00
@n.xbgr.xm35_u11.nsg13_hv_nmos[factuo] = 1.000000000000000e+00
@n.xbgr.xm35_u12.nsg13_hv_nmos[w] = 9.999999999999999e-06
@n.xbgr.xm35_u12.nsg13_hv_nmos[l] = 1.000000000000000e-06
@n.xbgr.xm35_u12.nsg13_hv_nmos[delvto] = 0.000000000000000e+00
@n.xbgr.xm35_u12.nsg13_hv_nmos[factuo] = 1.000000000000000e+00
@n.xbgr.xm35_u13.nsg13_hv_nmos[w] = 9.999999999999999e-06
@n.xbgr.xm35_u13.nsg13_hv_nmos[l] = 1.000000000000000e-06
@n.xbgr.xm35_u13.nsg13_hv_nmos[delvto] = 0.000000000000000e+00
@n.xbgr.xm35_u13.nsg13_hv_nmos[factuo] = 1.000000000000000e+00
@n.xbgr.xm35_u14.nsg13_hv_nmos[w] = 9.999999999999999e-06
@n.xbgr.xm35_u14.nsg13_hv_nmos[l] = 1.000000000000000e-06
@n.xbgr.xm35_u14.nsg13_hv_nmos[delvto] = 0.000000000000000e+00
@n.xbgr.xm35_u14.nsg13_hv_nmos[factuo] = 1.000000000000000e+00
@n.xbgr.xm35_u15.nsg13_hv_nmos[w] = 9.999999999999999e-06
@n.xbgr.xm35_u15.nsg13_hv_nmos[l] = 1.000000000000000e-06
@n.xbgr.xm35_u15.nsg13_hv_nmos[delvto] = 0.000000000000000e+00
@n.xbgr.xm35_u15.nsg13_hv_nmos[factuo] = 1.000000000000000e+00
@n.xbgr.xm35_u16.nsg13_hv_nmos[w] = 9.999999999999999e-06
@n.xbgr.xm35_u16.nsg13_hv_nmos[l] = 1.000000000000000e-06
@n.xbgr.xm35_u16.nsg13_hv_nmos[delvto] = 0.000000000000000e+00
@n.xbgr.xm35_u16.nsg13_hv_nmos[factuo] = 1.000000000000000e+00
@n.xbgr.xm35_u17.nsg13_hv_nmos[w] = 9.999999999999999e-06
@n.xbgr.xm35_u17.nsg13_hv_nmos[l] = 1.000000000000000e-06
@n.xbgr.xm35_u17.nsg13_hv_nmos[delvto] = 0.000000000000000e+00
@n.xbgr.xm35_u17.nsg13_hv_nmos[factuo] = 1.000000000000000e+00
@n.xbgr.xm35_u18.nsg13_hv_nmos[w] = 9.999999999999999e-06
@n.xbgr.xm35_u18.nsg13_hv_nmos[l] = 1.000000000000000e-06
@n.xbgr.xm35_u18.nsg13_hv_nmos[delvto] = 0.000000000000000e+00
@n.xbgr.xm35_u18.nsg13_hv_nmos[factuo] = 1.000000000000000e+00
@n.xbgr.xm35_u19.nsg13_hv_nmos[w] = 9.999999999999999e-06
@n.xbgr.xm35_u19.nsg13_hv_nmos[l] = 1.000000000000000e-06
@n.xbgr.xm35_u19.nsg13_hv_nmos[delvto] = 0.000000000000000e+00
@n.xbgr.xm35_u19.nsg13_hv_nmos[factuo] = 1.000000000000000e+00
@n.xbgr.xm35_u20.nsg13_hv_nmos[w] = 9.999999999999999e-06
@n.xbgr.xm35_u20.nsg13_hv_nmos[l] = 1.000000000000000e-06
@n.xbgr.xm35_u20.nsg13_hv_nmos[delvto] = 0.000000000000000e+00
@n.xbgr.xm35_u20.nsg13_hv_nmos[factuo] = 1.000000000000000e+00
@n.xbgr.xm35_u21.nsg13_hv_nmos[w] = 9.999999999999999e-06
@n.xbgr.xm35_u21.nsg13_hv_nmos[l] = 1.000000000000000e-06
@n.xbgr.xm35_u21.nsg13_hv_nmos[delvto] = 0.000000000000000e+00
@n.xbgr.xm35_u21.nsg13_hv_nmos[factuo] = 1.000000000000000e+00
@n.xbgr.xm35_u22.nsg13_hv_nmos[w] = 9.999999999999999e-06
@n.xbgr.xm35_u22.nsg13_hv_nmos[l] = 1.000000000000000e-06
@n.xbgr.xm35_u22.nsg13_hv_nmos[delvto] = 0.000000000000000e+00
@n.xbgr.xm35_u22.nsg13_hv_nmos[factuo] = 1.000000000000000e+00
@n.xbgr.xm35_u23.nsg13_hv_nmos[w] = 9.999999999999999e-06
@n.xbgr.xm35_u23.nsg13_hv_nmos[l] = 1.000000000000000e-06
@n.xbgr.xm35_u23.nsg13_hv_nmos[delvto] = 0.000000000000000e+00
@n.xbgr.xm35_u23.nsg13_hv_nmos[factuo] = 1.000000000000000e+00
@n.xbgr.xm35_u24.nsg13_hv_nmos[w] = 9.999999999999999e-06
@n.xbgr.xm35_u24.nsg13_hv_nmos[l] = 1.000000000000000e-06
@n.xbgr.xm35_u24.nsg13_hv_nmos[delvto] = 0.000000000000000e+00
@n.xbgr.xm35_u24.nsg13_hv_nmos[factuo] = 1.000000000000000e+00
@n.xbgr.xm36_u2.nsg13_hv_nmos[w] = 9.999999999999999e-06
@n.xbgr.xm36_u2.nsg13_hv_nmos[l] = 1.000000000000000e-06
@n.xbgr.xm36_u2.nsg13_hv_nmos[delvto] = 0.000000000000000e+00
@n.xbgr.xm36_u2.nsg13_hv_nmos[factuo] = 1.000000000000000e+00
@n.xbgr.xm36_u3.nsg13_hv_nmos[w] = 9.999999999999999e-06
@n.xbgr.xm36_u3.nsg13_hv_nmos[l] = 1.000000000000000e-06
@n.xbgr.xm36_u3.nsg13_hv_nmos[delvto] = 0.000000000000000e+00
@n.xbgr.xm36_u3.nsg13_hv_nmos[factuo] = 1.000000000000000e+00
@n.xbgr.xm36_u4.nsg13_hv_nmos[w] = 9.999999999999999e-06
@n.xbgr.xm36_u4.nsg13_hv_nmos[l] = 1.000000000000000e-06
@n.xbgr.xm36_u4.nsg13_hv_nmos[delvto] = 0.000000000000000e+00
@n.xbgr.xm36_u4.nsg13_hv_nmos[factuo] = 1.000000000000000e+00
@n.xbgr.xm36_u5.nsg13_hv_nmos[w] = 9.999999999999999e-06
@n.xbgr.xm36_u5.nsg13_hv_nmos[l] = 1.000000000000000e-06
@n.xbgr.xm36_u5.nsg13_hv_nmos[delvto] = 0.000000000000000e+00
@n.xbgr.xm36_u5.nsg13_hv_nmos[factuo] = 1.000000000000000e+00
@n.xbgr.xm36_u6.nsg13_hv_nmos[w] = 9.999999999999999e-06
@n.xbgr.xm36_u6.nsg13_hv_nmos[l] = 1.000000000000000e-06
@n.xbgr.xm36_u6.nsg13_hv_nmos[delvto] = 0.000000000000000e+00
@n.xbgr.xm36_u6.nsg13_hv_nmos[factuo] = 1.000000000000000e+00
@n.xbgr.xm36_u7.nsg13_hv_nmos[w] = 9.999999999999999e-06
@n.xbgr.xm36_u7.nsg13_hv_nmos[l] = 1.000000000000000e-06
@n.xbgr.xm36_u7.nsg13_hv_nmos[delvto] = 0.000000000000000e+00
@n.xbgr.xm36_u7.nsg13_hv_nmos[factuo] = 1.000000000000000e+00
@n.xbgr.xm36_u8.nsg13_hv_nmos[w] = 9.999999999999999e-06
@n.xbgr.xm36_u8.nsg13_hv_nmos[l] = 1.000000000000000e-06
@n.xbgr.xm36_u8.nsg13_hv_nmos[delvto] = 0.000000000000000e+00
@n.xbgr.xm36_u8.nsg13_hv_nmos[factuo] = 1.000000000000000e+00
@n.xbgr.xm36_u9.nsg13_hv_nmos[w] = 9.999999999999999e-06
@n.xbgr.xm36_u9.nsg13_hv_nmos[l] = 1.000000000000000e-06
@n.xbgr.xm36_u9.nsg13_hv_nmos[delvto] = 0.000000000000000e+00
@n.xbgr.xm36_u9.nsg13_hv_nmos[factuo] = 1.000000000000000e+00
@n.xbgr.xm36_u10.nsg13_hv_nmos[w] = 9.999999999999999e-06
@n.xbgr.xm36_u10.nsg13_hv_nmos[l] = 1.000000000000000e-06
@n.xbgr.xm36_u10.nsg13_hv_nmos[delvto] = 0.000000000000000e+00
@n.xbgr.xm36_u10.nsg13_hv_nmos[factuo] = 1.000000000000000e+00
@n.xbgr.xm36_u11.nsg13_hv_nmos[w] = 9.999999999999999e-06
@n.xbgr.xm36_u11.nsg13_hv_nmos[l] = 1.000000000000000e-06
@n.xbgr.xm36_u11.nsg13_hv_nmos[delvto] = 0.000000000000000e+00
@n.xbgr.xm36_u11.nsg13_hv_nmos[factuo] = 1.000000000000000e+00
@n.xbgr.xm36_u12.nsg13_hv_nmos[w] = 9.999999999999999e-06
@n.xbgr.xm36_u12.nsg13_hv_nmos[l] = 1.000000000000000e-06
@n.xbgr.xm36_u12.nsg13_hv_nmos[delvto] = 0.000000000000000e+00
@n.xbgr.xm36_u12.nsg13_hv_nmos[factuo] = 1.000000000000000e+00
@n.xbgr.xm36_u13.nsg13_hv_nmos[w] = 9.999999999999999e-06
@n.xbgr.xm36_u13.nsg13_hv_nmos[l] = 1.000000000000000e-06
@n.xbgr.xm36_u13.nsg13_hv_nmos[delvto] = 0.000000000000000e+00
@n.xbgr.xm36_u13.nsg13_hv_nmos[factuo] = 1.000000000000000e+00
@n.xbgr.xm36_u14.nsg13_hv_nmos[w] = 9.999999999999999e-06
@n.xbgr.xm36_u14.nsg13_hv_nmos[l] = 1.000000000000000e-06
@n.xbgr.xm36_u14.nsg13_hv_nmos[delvto] = 0.000000000000000e+00
@n.xbgr.xm36_u14.nsg13_hv_nmos[factuo] = 1.000000000000000e+00
@n.xbgr.xm36_u15.nsg13_hv_nmos[w] = 9.999999999999999e-06
@n.xbgr.xm36_u15.nsg13_hv_nmos[l] = 1.000000000000000e-06
@n.xbgr.xm36_u15.nsg13_hv_nmos[delvto] = 0.000000000000000e+00
@n.xbgr.xm36_u15.nsg13_hv_nmos[factuo] = 1.000000000000000e+00
@n.xbgr.xm36_u16.nsg13_hv_nmos[w] = 9.999999999999999e-06
@n.xbgr.xm36_u16.nsg13_hv_nmos[l] = 1.000000000000000e-06
@n.xbgr.xm36_u16.nsg13_hv_nmos[delvto] = 0.000000000000000e+00
@n.xbgr.xm36_u16.nsg13_hv_nmos[factuo] = 1.000000000000000e+00
@n.xbgr.xm36_u17.nsg13_hv_nmos[w] = 9.999999999999999e-06
@n.xbgr.xm36_u17.nsg13_hv_nmos[l] = 1.000000000000000e-06
@n.xbgr.xm36_u17.nsg13_hv_nmos[delvto] = 0.000000000000000e+00
@n.xbgr.xm36_u17.nsg13_hv_nmos[factuo] = 1.000000000000000e+00
@n.xbgr.xm36_u18.nsg13_hv_nmos[w] = 9.999999999999999e-06
@n.xbgr.xm36_u18.nsg13_hv_nmos[l] = 1.000000000000000e-06
@n.xbgr.xm36_u18.nsg13_hv_nmos[delvto] = 0.000000000000000e+00
@n.xbgr.xm36_u18.nsg13_hv_nmos[factuo] = 1.000000000000000e+00
@n.xbgr.xm36_u19.nsg13_hv_nmos[w] = 9.999999999999999e-06
@n.xbgr.xm36_u19.nsg13_hv_nmos[l] = 1.000000000000000e-06
@n.xbgr.xm36_u19.nsg13_hv_nmos[delvto] = 0.000000000000000e+00
@n.xbgr.xm36_u19.nsg13_hv_nmos[factuo] = 1.000000000000000e+00
@n.xbgr.xm36_u20.nsg13_hv_nmos[w] = 9.999999999999999e-06
@n.xbgr.xm36_u20.nsg13_hv_nmos[l] = 1.000000000000000e-06
@n.xbgr.xm36_u20.nsg13_hv_nmos[delvto] = 0.000000000000000e+00
@n.xbgr.xm36_u20.nsg13_hv_nmos[factuo] = 1.000000000000000e+00
@n.xbgr.xm36_u21.nsg13_hv_nmos[w] = 9.999999999999999e-06
@n.xbgr.xm36_u21.nsg13_hv_nmos[l] = 1.000000000000000e-06
@n.xbgr.xm36_u21.nsg13_hv_nmos[delvto] = 0.000000000000000e+00
@n.xbgr.xm36_u21.nsg13_hv_nmos[factuo] = 1.000000000000000e+00
@n.xbgr.xm36_u22.nsg13_hv_nmos[w] = 9.999999999999999e-06
@n.xbgr.xm36_u22.nsg13_hv_nmos[l] = 1.000000000000000e-06
@n.xbgr.xm36_u22.nsg13_hv_nmos[delvto] = 0.000000000000000e+00
@n.xbgr.xm36_u22.nsg13_hv_nmos[factuo] = 1.000000000000000e+00
@n.xbgr.xm36_u23.nsg13_hv_nmos[w] = 9.999999999999999e-06
@n.xbgr.xm36_u23.nsg13_hv_nmos[l] = 1.000000000000000e-06
@n.xbgr.xm36_u23.nsg13_hv_nmos[delvto] = 0.000000000000000e+00
@n.xbgr.xm36_u23.nsg13_hv_nmos[factuo] = 1.000000000000000e+00
@n.xbgr.xm36_u24.nsg13_hv_nmos[w] = 9.999999999999999e-06
@n.xbgr.xm36_u24.nsg13_hv_nmos[l] = 1.000000000000000e-06
@n.xbgr.xm36_u24.nsg13_hv_nmos[delvto] = 0.000000000000000e+00
@n.xbgr.xm36_u24.nsg13_hv_nmos[factuo] = 1.000000000000000e+00
@n.xbgr.xm37_u2.nsg13_hv_nmos[w] = 9.999999999999999e-06
@n.xbgr.xm37_u2.nsg13_hv_nmos[l] = 1.000000000000000e-06
@n.xbgr.xm37_u2.nsg13_hv_nmos[delvto] = 0.000000000000000e+00
@n.xbgr.xm37_u2.nsg13_hv_nmos[factuo] = 1.000000000000000e+00
@n.xbgr.xm37_u3.nsg13_hv_nmos[w] = 9.999999999999999e-06
@n.xbgr.xm37_u3.nsg13_hv_nmos[l] = 1.000000000000000e-06
@n.xbgr.xm37_u3.nsg13_hv_nmos[delvto] = 0.000000000000000e+00
@n.xbgr.xm37_u3.nsg13_hv_nmos[factuo] = 1.000000000000000e+00
@n.xbgr.xm37_u4.nsg13_hv_nmos[w] = 9.999999999999999e-06
@n.xbgr.xm37_u4.nsg13_hv_nmos[l] = 1.000000000000000e-06
@n.xbgr.xm37_u4.nsg13_hv_nmos[delvto] = 0.000000000000000e+00
@n.xbgr.xm37_u4.nsg13_hv_nmos[factuo] = 1.000000000000000e+00
@n.xbgr.xm37_u5.nsg13_hv_nmos[w] = 9.999999999999999e-06
@n.xbgr.xm37_u5.nsg13_hv_nmos[l] = 1.000000000000000e-06
@n.xbgr.xm37_u5.nsg13_hv_nmos[delvto] = 0.000000000000000e+00
@n.xbgr.xm37_u5.nsg13_hv_nmos[factuo] = 1.000000000000000e+00
@n.xbgr.xm37_u6.nsg13_hv_nmos[w] = 9.999999999999999e-06
@n.xbgr.xm37_u6.nsg13_hv_nmos[l] = 1.000000000000000e-06
@n.xbgr.xm37_u6.nsg13_hv_nmos[delvto] = 0.000000000000000e+00
@n.xbgr.xm37_u6.nsg13_hv_nmos[factuo] = 1.000000000000000e+00
@n.xbgr.xm37_u7.nsg13_hv_nmos[w] = 9.999999999999999e-06
@n.xbgr.xm37_u7.nsg13_hv_nmos[l] = 1.000000000000000e-06
@n.xbgr.xm37_u7.nsg13_hv_nmos[delvto] = 0.000000000000000e+00
@n.xbgr.xm37_u7.nsg13_hv_nmos[factuo] = 1.000000000000000e+00
@n.xbgr.xm37_u8.nsg13_hv_nmos[w] = 9.999999999999999e-06
@n.xbgr.xm37_u8.nsg13_hv_nmos[l] = 1.000000000000000e-06
@n.xbgr.xm37_u8.nsg13_hv_nmos[delvto] = 0.000000000000000e+00
@n.xbgr.xm37_u8.nsg13_hv_nmos[factuo] = 1.000000000000000e+00
@n.xbgr.xm37_u9.nsg13_hv_nmos[w] = 9.999999999999999e-06
@n.xbgr.xm37_u9.nsg13_hv_nmos[l] = 1.000000000000000e-06
@n.xbgr.xm37_u9.nsg13_hv_nmos[delvto] = 0.000000000000000e+00
@n.xbgr.xm37_u9.nsg13_hv_nmos[factuo] = 1.000000000000000e+00
@n.xbgr.xm37_u10.nsg13_hv_nmos[w] = 9.999999999999999e-06
@n.xbgr.xm37_u10.nsg13_hv_nmos[l] = 1.000000000000000e-06
@n.xbgr.xm37_u10.nsg13_hv_nmos[delvto] = 0.000000000000000e+00
@n.xbgr.xm37_u10.nsg13_hv_nmos[factuo] = 1.000000000000000e+00
@n.xbgr.xm37_u11.nsg13_hv_nmos[w] = 9.999999999999999e-06
@n.xbgr.xm37_u11.nsg13_hv_nmos[l] = 1.000000000000000e-06
@n.xbgr.xm37_u11.nsg13_hv_nmos[delvto] = 0.000000000000000e+00
@n.xbgr.xm37_u11.nsg13_hv_nmos[factuo] = 1.000000000000000e+00
@n.xbgr.xm37_u12.nsg13_hv_nmos[w] = 9.999999999999999e-06
@n.xbgr.xm37_u12.nsg13_hv_nmos[l] = 1.000000000000000e-06
@n.xbgr.xm37_u12.nsg13_hv_nmos[delvto] = 0.000000000000000e+00
@n.xbgr.xm37_u12.nsg13_hv_nmos[factuo] = 1.000000000000000e+00
@n.xbgr.xm37_u13.nsg13_hv_nmos[w] = 9.999999999999999e-06
@n.xbgr.xm37_u13.nsg13_hv_nmos[l] = 1.000000000000000e-06
@n.xbgr.xm37_u13.nsg13_hv_nmos[delvto] = 0.000000000000000e+00
@n.xbgr.xm37_u13.nsg13_hv_nmos[factuo] = 1.000000000000000e+00
@n.xbgr.xm37_u14.nsg13_hv_nmos[w] = 9.999999999999999e-06
@n.xbgr.xm37_u14.nsg13_hv_nmos[l] = 1.000000000000000e-06
@n.xbgr.xm37_u14.nsg13_hv_nmos[delvto] = 0.000000000000000e+00
@n.xbgr.xm37_u14.nsg13_hv_nmos[factuo] = 1.000000000000000e+00
@n.xbgr.xm37_u15.nsg13_hv_nmos[w] = 9.999999999999999e-06
@n.xbgr.xm37_u15.nsg13_hv_nmos[l] = 1.000000000000000e-06
@n.xbgr.xm37_u15.nsg13_hv_nmos[delvto] = 0.000000000000000e+00
@n.xbgr.xm37_u15.nsg13_hv_nmos[factuo] = 1.000000000000000e+00
@n.xbgr.xm37_u16.nsg13_hv_nmos[w] = 9.999999999999999e-06
@n.xbgr.xm37_u16.nsg13_hv_nmos[l] = 1.000000000000000e-06
@n.xbgr.xm37_u16.nsg13_hv_nmos[delvto] = 0.000000000000000e+00
@n.xbgr.xm37_u16.nsg13_hv_nmos[factuo] = 1.000000000000000e+00
@n.xbgr.xm37_u17.nsg13_hv_nmos[w] = 9.999999999999999e-06
@n.xbgr.xm37_u17.nsg13_hv_nmos[l] = 1.000000000000000e-06
@n.xbgr.xm37_u17.nsg13_hv_nmos[delvto] = 0.000000000000000e+00
@n.xbgr.xm37_u17.nsg13_hv_nmos[factuo] = 1.000000000000000e+00
@n.xbgr.xm37_u18.nsg13_hv_nmos[w] = 9.999999999999999e-06
@n.xbgr.xm37_u18.nsg13_hv_nmos[l] = 1.000000000000000e-06
@n.xbgr.xm37_u18.nsg13_hv_nmos[delvto] = 0.000000000000000e+00
@n.xbgr.xm37_u18.nsg13_hv_nmos[factuo] = 1.000000000000000e+00
@n.xbgr.xm37_u19.nsg13_hv_nmos[w] = 9.999999999999999e-06
@n.xbgr.xm37_u19.nsg13_hv_nmos[l] = 1.000000000000000e-06
@n.xbgr.xm37_u19.nsg13_hv_nmos[delvto] = 0.000000000000000e+00
@n.xbgr.xm37_u19.nsg13_hv_nmos[factuo] = 1.000000000000000e+00
@n.xbgr.xm37_u20.nsg13_hv_nmos[w] = 9.999999999999999e-06
@n.xbgr.xm37_u20.nsg13_hv_nmos[l] = 1.000000000000000e-06
@n.xbgr.xm37_u20.nsg13_hv_nmos[delvto] = 0.000000000000000e+00
@n.xbgr.xm37_u20.nsg13_hv_nmos[factuo] = 1.000000000000000e+00
@n.xbgr.xm37_u21.nsg13_hv_nmos[w] = 9.999999999999999e-06
@n.xbgr.xm37_u21.nsg13_hv_nmos[l] = 1.000000000000000e-06
@n.xbgr.xm37_u21.nsg13_hv_nmos[delvto] = 0.000000000000000e+00
@n.xbgr.xm37_u21.nsg13_hv_nmos[factuo] = 1.000000000000000e+00
@n.xbgr.xm37_u22.nsg13_hv_nmos[w] = 9.999999999999999e-06
@n.xbgr.xm37_u22.nsg13_hv_nmos[l] = 1.000000000000000e-06
@n.xbgr.xm37_u22.nsg13_hv_nmos[delvto] = 0.000000000000000e+00
@n.xbgr.xm37_u22.nsg13_hv_nmos[factuo] = 1.000000000000000e+00
@n.xbgr.xm37_u23.nsg13_hv_nmos[w] = 9.999999999999999e-06
@n.xbgr.xm37_u23.nsg13_hv_nmos[l] = 1.000000000000000e-06
@n.xbgr.xm37_u23.nsg13_hv_nmos[delvto] = 0.000000000000000e+00
@n.xbgr.xm37_u23.nsg13_hv_nmos[factuo] = 1.000000000000000e+00
@n.xbgr.xm37_u24.nsg13_hv_nmos[w] = 9.999999999999999e-06
@n.xbgr.xm37_u24.nsg13_hv_nmos[l] = 1.000000000000000e-06
@n.xbgr.xm37_u24.nsg13_hv_nmos[delvto] = 0.000000000000000e+00
@n.xbgr.xm37_u24.nsg13_hv_nmos[factuo] = 1.000000000000000e+00
@n.xbgr.xm38_u2.nsg13_hv_pmos[w] = 5.000000000000000e-06
@n.xbgr.xm38_u2.nsg13_hv_pmos[l] = 4.000000000000000e-06
@n.xbgr.xm38_u2.nsg13_hv_pmos[delvto] = 0.000000000000000e+00
@n.xbgr.xm38_u2.nsg13_hv_pmos[factuo] = 1.000000000000000e+00
@n.xbgr.xm38_u3.nsg13_hv_pmos[w] = 5.000000000000000e-06
@n.xbgr.xm38_u3.nsg13_hv_pmos[l] = 4.000000000000000e-06
@n.xbgr.xm38_u3.nsg13_hv_pmos[delvto] = 0.000000000000000e+00
@n.xbgr.xm38_u3.nsg13_hv_pmos[factuo] = 1.000000000000000e+00
@n.xbgr.xm38_u4.nsg13_hv_pmos[w] = 5.000000000000000e-06
@n.xbgr.xm38_u4.nsg13_hv_pmos[l] = 4.000000000000000e-06
@n.xbgr.xm38_u4.nsg13_hv_pmos[delvto] = 0.000000000000000e+00
@n.xbgr.xm38_u4.nsg13_hv_pmos[factuo] = 1.000000000000000e+00
@n.xbgr.xm38_u5.nsg13_hv_pmos[w] = 5.000000000000000e-06
@n.xbgr.xm38_u5.nsg13_hv_pmos[l] = 4.000000000000000e-06
@n.xbgr.xm38_u5.nsg13_hv_pmos[delvto] = 0.000000000000000e+00
@n.xbgr.xm38_u5.nsg13_hv_pmos[factuo] = 1.000000000000000e+00
@n.xbgr.xm38_u6.nsg13_hv_pmos[w] = 5.000000000000000e-06
@n.xbgr.xm38_u6.nsg13_hv_pmos[l] = 4.000000000000000e-06
@n.xbgr.xm38_u6.nsg13_hv_pmos[delvto] = 0.000000000000000e+00
@n.xbgr.xm38_u6.nsg13_hv_pmos[factuo] = 1.000000000000000e+00
@n.xbgr.xm38_u7.nsg13_hv_pmos[w] = 5.000000000000000e-06
@n.xbgr.xm38_u7.nsg13_hv_pmos[l] = 4.000000000000000e-06
@n.xbgr.xm38_u7.nsg13_hv_pmos[delvto] = 0.000000000000000e+00
@n.xbgr.xm38_u7.nsg13_hv_pmos[factuo] = 1.000000000000000e+00
@n.xbgr.xm38_u8.nsg13_hv_pmos[w] = 5.000000000000000e-06
@n.xbgr.xm38_u8.nsg13_hv_pmos[l] = 4.000000000000000e-06
@n.xbgr.xm38_u8.nsg13_hv_pmos[delvto] = 0.000000000000000e+00
@n.xbgr.xm38_u8.nsg13_hv_pmos[factuo] = 1.000000000000000e+00
@n.xbgr.xm38_u9.nsg13_hv_pmos[w] = 5.000000000000000e-06
@n.xbgr.xm38_u9.nsg13_hv_pmos[l] = 4.000000000000000e-06
@n.xbgr.xm38_u9.nsg13_hv_pmos[delvto] = 0.000000000000000e+00
@n.xbgr.xm38_u9.nsg13_hv_pmos[factuo] = 1.000000000000000e+00
@n.xbgr.xm38_u10.nsg13_hv_pmos[w] = 5.000000000000000e-06
@n.xbgr.xm38_u10.nsg13_hv_pmos[l] = 4.000000000000000e-06
@n.xbgr.xm38_u10.nsg13_hv_pmos[delvto] = 0.000000000000000e+00
@n.xbgr.xm38_u10.nsg13_hv_pmos[factuo] = 1.000000000000000e+00
@n.xbgr.xm38_u11.nsg13_hv_pmos[w] = 5.000000000000000e-06
@n.xbgr.xm38_u11.nsg13_hv_pmos[l] = 4.000000000000000e-06
@n.xbgr.xm38_u11.nsg13_hv_pmos[delvto] = 0.000000000000000e+00
@n.xbgr.xm38_u11.nsg13_hv_pmos[factuo] = 1.000000000000000e+00
@n.xbgr.xm38_u12.nsg13_hv_pmos[w] = 5.000000000000000e-06
@n.xbgr.xm38_u12.nsg13_hv_pmos[l] = 4.000000000000000e-06
@n.xbgr.xm38_u12.nsg13_hv_pmos[delvto] = 0.000000000000000e+00
@n.xbgr.xm38_u12.nsg13_hv_pmos[factuo] = 1.000000000000000e+00
@n.xbgr.xm38_u13.nsg13_hv_pmos[w] = 5.000000000000000e-06
@n.xbgr.xm38_u13.nsg13_hv_pmos[l] = 4.000000000000000e-06
@n.xbgr.xm38_u13.nsg13_hv_pmos[delvto] = 0.000000000000000e+00
@n.xbgr.xm38_u13.nsg13_hv_pmos[factuo] = 1.000000000000000e+00
@n.xbgr.xm38_u14.nsg13_hv_pmos[w] = 5.000000000000000e-06
@n.xbgr.xm38_u14.nsg13_hv_pmos[l] = 4.000000000000000e-06
@n.xbgr.xm38_u14.nsg13_hv_pmos[delvto] = 0.000000000000000e+00
@n.xbgr.xm38_u14.nsg13_hv_pmos[factuo] = 1.000000000000000e+00
@n.xbgr.xm38_u15.nsg13_hv_pmos[w] = 5.000000000000000e-06
@n.xbgr.xm38_u15.nsg13_hv_pmos[l] = 4.000000000000000e-06
@n.xbgr.xm38_u15.nsg13_hv_pmos[delvto] = 0.000000000000000e+00
@n.xbgr.xm38_u15.nsg13_hv_pmos[factuo] = 1.000000000000000e+00
@n.xbgr.xm38_u16.nsg13_hv_pmos[w] = 5.000000000000000e-06
@n.xbgr.xm38_u16.nsg13_hv_pmos[l] = 4.000000000000000e-06
@n.xbgr.xm38_u16.nsg13_hv_pmos[delvto] = 0.000000000000000e+00
@n.xbgr.xm38_u16.nsg13_hv_pmos[factuo] = 1.000000000000000e+00
@n.xbgr.xm38_u17.nsg13_hv_pmos[w] = 5.000000000000000e-06
@n.xbgr.xm38_u17.nsg13_hv_pmos[l] = 4.000000000000000e-06
@n.xbgr.xm38_u17.nsg13_hv_pmos[delvto] = 0.000000000000000e+00
@n.xbgr.xm38_u17.nsg13_hv_pmos[factuo] = 1.000000000000000e+00
@n.xbgr.xm38_u18.nsg13_hv_pmos[w] = 5.000000000000000e-06
@n.xbgr.xm38_u18.nsg13_hv_pmos[l] = 4.000000000000000e-06
@n.xbgr.xm38_u18.nsg13_hv_pmos[delvto] = 0.000000000000000e+00
@n.xbgr.xm38_u18.nsg13_hv_pmos[factuo] = 1.000000000000000e+00
@n.xbgr.xm38_u19.nsg13_hv_pmos[w] = 5.000000000000000e-06
@n.xbgr.xm38_u19.nsg13_hv_pmos[l] = 4.000000000000000e-06
@n.xbgr.xm38_u19.nsg13_hv_pmos[delvto] = 0.000000000000000e+00
@n.xbgr.xm38_u19.nsg13_hv_pmos[factuo] = 1.000000000000000e+00
@n.xbgr.xm38_u20.nsg13_hv_pmos[w] = 5.000000000000000e-06
@n.xbgr.xm38_u20.nsg13_hv_pmos[l] = 4.000000000000000e-06
@n.xbgr.xm38_u20.nsg13_hv_pmos[delvto] = 0.000000000000000e+00
@n.xbgr.xm38_u20.nsg13_hv_pmos[factuo] = 1.000000000000000e+00
@n.xbgr.xm38_u21.nsg13_hv_pmos[w] = 5.000000000000000e-06
@n.xbgr.xm38_u21.nsg13_hv_pmos[l] = 4.000000000000000e-06
@n.xbgr.xm38_u21.nsg13_hv_pmos[delvto] = 0.000000000000000e+00
@n.xbgr.xm38_u21.nsg13_hv_pmos[factuo] = 1.000000000000000e+00
@n.xbgr.xm38_u22.nsg13_hv_pmos[w] = 5.000000000000000e-06
@n.xbgr.xm38_u22.nsg13_hv_pmos[l] = 4.000000000000000e-06
@n.xbgr.xm38_u22.nsg13_hv_pmos[delvto] = 0.000000000000000e+00
@n.xbgr.xm38_u22.nsg13_hv_pmos[factuo] = 1.000000000000000e+00
@n.xbgr.xm38_u23.nsg13_hv_pmos[w] = 5.000000000000000e-06
@n.xbgr.xm38_u23.nsg13_hv_pmos[l] = 4.000000000000000e-06
@n.xbgr.xm38_u23.nsg13_hv_pmos[delvto] = 0.000000000000000e+00
@n.xbgr.xm38_u23.nsg13_hv_pmos[factuo] = 1.000000000000000e+00
@n.xbgr.xm38_u24.nsg13_hv_pmos[w] = 5.000000000000000e-06
@n.xbgr.xm38_u24.nsg13_hv_pmos[l] = 4.000000000000000e-06
@n.xbgr.xm38_u24.nsg13_hv_pmos[delvto] = 0.000000000000000e+00
@n.xbgr.xm38_u24.nsg13_hv_pmos[factuo] = 1.000000000000000e+00
@n.xbgr.xm39_u2.nsg13_hv_pmos[w] = 5.000000000000000e-06
@n.xbgr.xm39_u2.nsg13_hv_pmos[l] = 4.000000000000000e-06
@n.xbgr.xm39_u2.nsg13_hv_pmos[delvto] = 0.000000000000000e+00
@n.xbgr.xm39_u2.nsg13_hv_pmos[factuo] = 1.000000000000000e+00
@n.xbgr.xm39_u3.nsg13_hv_pmos[w] = 5.000000000000000e-06
@n.xbgr.xm39_u3.nsg13_hv_pmos[l] = 4.000000000000000e-06
@n.xbgr.xm39_u3.nsg13_hv_pmos[delvto] = 0.000000000000000e+00
@n.xbgr.xm39_u3.nsg13_hv_pmos[factuo] = 1.000000000000000e+00
@n.xbgr.xm39_u4.nsg13_hv_pmos[w] = 5.000000000000000e-06
@n.xbgr.xm39_u4.nsg13_hv_pmos[l] = 4.000000000000000e-06
@n.xbgr.xm39_u4.nsg13_hv_pmos[delvto] = 0.000000000000000e+00
@n.xbgr.xm39_u4.nsg13_hv_pmos[factuo] = 1.000000000000000e+00
@n.xbgr.xm39_u5.nsg13_hv_pmos[w] = 5.000000000000000e-06
@n.xbgr.xm39_u5.nsg13_hv_pmos[l] = 4.000000000000000e-06
@n.xbgr.xm39_u5.nsg13_hv_pmos[delvto] = 0.000000000000000e+00
@n.xbgr.xm39_u5.nsg13_hv_pmos[factuo] = 1.000000000000000e+00
@n.xbgr.xm39_u6.nsg13_hv_pmos[w] = 5.000000000000000e-06
@n.xbgr.xm39_u6.nsg13_hv_pmos[l] = 4.000000000000000e-06
@n.xbgr.xm39_u6.nsg13_hv_pmos[delvto] = 0.000000000000000e+00
@n.xbgr.xm39_u6.nsg13_hv_pmos[factuo] = 1.000000000000000e+00
@n.xbgr.xm39_u7.nsg13_hv_pmos[w] = 5.000000000000000e-06
@n.xbgr.xm39_u7.nsg13_hv_pmos[l] = 4.000000000000000e-06
@n.xbgr.xm39_u7.nsg13_hv_pmos[delvto] = 0.000000000000000e+00
@n.xbgr.xm39_u7.nsg13_hv_pmos[factuo] = 1.000000000000000e+00
@n.xbgr.xm39_u8.nsg13_hv_pmos[w] = 5.000000000000000e-06
@n.xbgr.xm39_u8.nsg13_hv_pmos[l] = 4.000000000000000e-06
@n.xbgr.xm39_u8.nsg13_hv_pmos[delvto] = 0.000000000000000e+00
@n.xbgr.xm39_u8.nsg13_hv_pmos[factuo] = 1.000000000000000e+00
@n.xbgr.xm39_u9.nsg13_hv_pmos[w] = 5.000000000000000e-06
@n.xbgr.xm39_u9.nsg13_hv_pmos[l] = 4.000000000000000e-06
@n.xbgr.xm39_u9.nsg13_hv_pmos[delvto] = 0.000000000000000e+00
@n.xbgr.xm39_u9.nsg13_hv_pmos[factuo] = 1.000000000000000e+00
@n.xbgr.xm39_u10.nsg13_hv_pmos[w] = 5.000000000000000e-06
@n.xbgr.xm39_u10.nsg13_hv_pmos[l] = 4.000000000000000e-06
@n.xbgr.xm39_u10.nsg13_hv_pmos[delvto] = 0.000000000000000e+00
@n.xbgr.xm39_u10.nsg13_hv_pmos[factuo] = 1.000000000000000e+00
@n.xbgr.xm39_u11.nsg13_hv_pmos[w] = 5.000000000000000e-06
@n.xbgr.xm39_u11.nsg13_hv_pmos[l] = 4.000000000000000e-06
@n.xbgr.xm39_u11.nsg13_hv_pmos[delvto] = 0.000000000000000e+00
@n.xbgr.xm39_u11.nsg13_hv_pmos[factuo] = 1.000000000000000e+00
@n.xbgr.xm39_u12.nsg13_hv_pmos[w] = 5.000000000000000e-06
@n.xbgr.xm39_u12.nsg13_hv_pmos[l] = 4.000000000000000e-06
@n.xbgr.xm39_u12.nsg13_hv_pmos[delvto] = 0.000000000000000e+00
@n.xbgr.xm39_u12.nsg13_hv_pmos[factuo] = 1.000000000000000e+00
@n.xbgr.xm39_u13.nsg13_hv_pmos[w] = 5.000000000000000e-06
@n.xbgr.xm39_u13.nsg13_hv_pmos[l] = 4.000000000000000e-06
@n.xbgr.xm39_u13.nsg13_hv_pmos[delvto] = 0.000000000000000e+00
@n.xbgr.xm39_u13.nsg13_hv_pmos[factuo] = 1.000000000000000e+00
@n.xbgr.xm39_u14.nsg13_hv_pmos[w] = 5.000000000000000e-06
@n.xbgr.xm39_u14.nsg13_hv_pmos[l] = 4.000000000000000e-06
@n.xbgr.xm39_u14.nsg13_hv_pmos[delvto] = 0.000000000000000e+00
@n.xbgr.xm39_u14.nsg13_hv_pmos[factuo] = 1.000000000000000e+00
@n.xbgr.xm39_u15.nsg13_hv_pmos[w] = 5.000000000000000e-06
@n.xbgr.xm39_u15.nsg13_hv_pmos[l] = 4.000000000000000e-06
@n.xbgr.xm39_u15.nsg13_hv_pmos[delvto] = 0.000000000000000e+00
@n.xbgr.xm39_u15.nsg13_hv_pmos[factuo] = 1.000000000000000e+00
@n.xbgr.xm39_u16.nsg13_hv_pmos[w] = 5.000000000000000e-06
@n.xbgr.xm39_u16.nsg13_hv_pmos[l] = 4.000000000000000e-06
@n.xbgr.xm39_u16.nsg13_hv_pmos[delvto] = 0.000000000000000e+00
@n.xbgr.xm39_u16.nsg13_hv_pmos[factuo] = 1.000000000000000e+00
@n.xbgr.xm39_u17.nsg13_hv_pmos[w] = 5.000000000000000e-06
@n.xbgr.xm39_u17.nsg13_hv_pmos[l] = 4.000000000000000e-06
@n.xbgr.xm39_u17.nsg13_hv_pmos[delvto] = 0.000000000000000e+00
@n.xbgr.xm39_u17.nsg13_hv_pmos[factuo] = 1.000000000000000e+00
@n.xbgr.xm39_u18.nsg13_hv_pmos[w] = 5.000000000000000e-06
@n.xbgr.xm39_u18.nsg13_hv_pmos[l] = 4.000000000000000e-06
@n.xbgr.xm39_u18.nsg13_hv_pmos[delvto] = 0.000000000000000e+00
@n.xbgr.xm39_u18.nsg13_hv_pmos[factuo] = 1.000000000000000e+00
@n.xbgr.xm39_u19.nsg13_hv_pmos[w] = 5.000000000000000e-06
@n.xbgr.xm39_u19.nsg13_hv_pmos[l] = 4.000000000000000e-06
@n.xbgr.xm39_u19.nsg13_hv_pmos[delvto] = 0.000000000000000e+00
@n.xbgr.xm39_u19.nsg13_hv_pmos[factuo] = 1.000000000000000e+00
@n.xbgr.xm39_u20.nsg13_hv_pmos[w] = 5.000000000000000e-06
@n.xbgr.xm39_u20.nsg13_hv_pmos[l] = 4.000000000000000e-06
@n.xbgr.xm39_u20.nsg13_hv_pmos[delvto] = 0.000000000000000e+00
@n.xbgr.xm39_u20.nsg13_hv_pmos[factuo] = 1.000000000000000e+00
@n.xbgr.xm39_u21.nsg13_hv_pmos[w] = 5.000000000000000e-06
@n.xbgr.xm39_u21.nsg13_hv_pmos[l] = 4.000000000000000e-06
@n.xbgr.xm39_u21.nsg13_hv_pmos[delvto] = 0.000000000000000e+00
@n.xbgr.xm39_u21.nsg13_hv_pmos[factuo] = 1.000000000000000e+00
@n.xbgr.xm39_u22.nsg13_hv_pmos[w] = 5.000000000000000e-06
@n.xbgr.xm39_u22.nsg13_hv_pmos[l] = 4.000000000000000e-06
@n.xbgr.xm39_u22.nsg13_hv_pmos[delvto] = 0.000000000000000e+00
@n.xbgr.xm39_u22.nsg13_hv_pmos[factuo] = 1.000000000000000e+00
@n.xbgr.xm39_u23.nsg13_hv_pmos[w] = 5.000000000000000e-06
@n.xbgr.xm39_u23.nsg13_hv_pmos[l] = 4.000000000000000e-06
@n.xbgr.xm39_u23.nsg13_hv_pmos[delvto] = 0.000000000000000e+00
@n.xbgr.xm39_u23.nsg13_hv_pmos[factuo] = 1.000000000000000e+00
@n.xbgr.xm39_u24.nsg13_hv_pmos[w] = 5.000000000000000e-06
@n.xbgr.xm39_u24.nsg13_hv_pmos[l] = 4.000000000000000e-06
@n.xbgr.xm39_u24.nsg13_hv_pmos[delvto] = 0.000000000000000e+00
@n.xbgr.xm39_u24.nsg13_hv_pmos[factuo] = 1.000000000000000e+00
@n.xbgr.xm41_u2.nsg13_hv_pmos[w] = 5.000000000000000e-06
@n.xbgr.xm41_u2.nsg13_hv_pmos[l] = 4.000000000000000e-06
@n.xbgr.xm41_u2.nsg13_hv_pmos[delvto] = 0.000000000000000e+00
@n.xbgr.xm41_u2.nsg13_hv_pmos[factuo] = 1.000000000000000e+00
@n.xbgr.xm41_u3.nsg13_hv_pmos[w] = 5.000000000000000e-06
@n.xbgr.xm41_u3.nsg13_hv_pmos[l] = 4.000000000000000e-06
@n.xbgr.xm41_u3.nsg13_hv_pmos[delvto] = 0.000000000000000e+00
@n.xbgr.xm41_u3.nsg13_hv_pmos[factuo] = 1.000000000000000e+00
@n.xbgr.xm41_u4.nsg13_hv_pmos[w] = 5.000000000000000e-06
@n.xbgr.xm41_u4.nsg13_hv_pmos[l] = 4.000000000000000e-06
@n.xbgr.xm41_u4.nsg13_hv_pmos[delvto] = 0.000000000000000e+00
@n.xbgr.xm41_u4.nsg13_hv_pmos[factuo] = 1.000000000000000e+00
@n.xbgr.xm41_u5.nsg13_hv_pmos[w] = 5.000000000000000e-06
@n.xbgr.xm41_u5.nsg13_hv_pmos[l] = 4.000000000000000e-06
@n.xbgr.xm41_u5.nsg13_hv_pmos[delvto] = 0.000000000000000e+00
@n.xbgr.xm41_u5.nsg13_hv_pmos[factuo] = 1.000000000000000e+00
@n.xbgr.xm41_u6.nsg13_hv_pmos[w] = 5.000000000000000e-06
@n.xbgr.xm41_u6.nsg13_hv_pmos[l] = 4.000000000000000e-06
@n.xbgr.xm41_u6.nsg13_hv_pmos[delvto] = 0.000000000000000e+00
@n.xbgr.xm41_u6.nsg13_hv_pmos[factuo] = 1.000000000000000e+00
@n.xbgr.xm41_u7.nsg13_hv_pmos[w] = 5.000000000000000e-06
@n.xbgr.xm41_u7.nsg13_hv_pmos[l] = 4.000000000000000e-06
@n.xbgr.xm41_u7.nsg13_hv_pmos[delvto] = 0.000000000000000e+00
@n.xbgr.xm41_u7.nsg13_hv_pmos[factuo] = 1.000000000000000e+00
@n.xbgr.xm41_u8.nsg13_hv_pmos[w] = 5.000000000000000e-06
@n.xbgr.xm41_u8.nsg13_hv_pmos[l] = 4.000000000000000e-06
@n.xbgr.xm41_u8.nsg13_hv_pmos[delvto] = 0.000000000000000e+00
@n.xbgr.xm41_u8.nsg13_hv_pmos[factuo] = 1.000000000000000e+00
@n.xbgr.xm41_u9.nsg13_hv_pmos[w] = 5.000000000000000e-06
@n.xbgr.xm41_u9.nsg13_hv_pmos[l] = 4.000000000000000e-06
@n.xbgr.xm41_u9.nsg13_hv_pmos[delvto] = 0.000000000000000e+00
@n.xbgr.xm41_u9.nsg13_hv_pmos[factuo] = 1.000000000000000e+00
@n.xbgr.xm41_u10.nsg13_hv_pmos[w] = 5.000000000000000e-06
@n.xbgr.xm41_u10.nsg13_hv_pmos[l] = 4.000000000000000e-06
@n.xbgr.xm41_u10.nsg13_hv_pmos[delvto] = 0.000000000000000e+00
@n.xbgr.xm41_u10.nsg13_hv_pmos[factuo] = 1.000000000000000e+00
@n.xbgr.xm41_u11.nsg13_hv_pmos[w] = 5.000000000000000e-06
@n.xbgr.xm41_u11.nsg13_hv_pmos[l] = 4.000000000000000e-06
@n.xbgr.xm41_u11.nsg13_hv_pmos[delvto] = 0.000000000000000e+00
@n.xbgr.xm41_u11.nsg13_hv_pmos[factuo] = 1.000000000000000e+00
@n.xbgr.xm41_u12.nsg13_hv_pmos[w] = 5.000000000000000e-06
@n.xbgr.xm41_u12.nsg13_hv_pmos[l] = 4.000000000000000e-06
@n.xbgr.xm41_u12.nsg13_hv_pmos[delvto] = 0.000000000000000e+00
@n.xbgr.xm41_u12.nsg13_hv_pmos[factuo] = 1.000000000000000e+00
@n.xbgr.xm41_u13.nsg13_hv_pmos[w] = 5.000000000000000e-06
@n.xbgr.xm41_u13.nsg13_hv_pmos[l] = 4.000000000000000e-06
@n.xbgr.xm41_u13.nsg13_hv_pmos[delvto] = 0.000000000000000e+00
@n.xbgr.xm41_u13.nsg13_hv_pmos[factuo] = 1.000000000000000e+00
@n.xbgr.xm41_u14.nsg13_hv_pmos[w] = 5.000000000000000e-06
@n.xbgr.xm41_u14.nsg13_hv_pmos[l] = 4.000000000000000e-06
@n.xbgr.xm41_u14.nsg13_hv_pmos[delvto] = 0.000000000000000e+00
@n.xbgr.xm41_u14.nsg13_hv_pmos[factuo] = 1.000000000000000e+00
@n.xbgr.xm41_u15.nsg13_hv_pmos[w] = 5.000000000000000e-06
@n.xbgr.xm41_u15.nsg13_hv_pmos[l] = 4.000000000000000e-06
@n.xbgr.xm41_u15.nsg13_hv_pmos[delvto] = 0.000000000000000e+00
@n.xbgr.xm41_u15.nsg13_hv_pmos[factuo] = 1.000000000000000e+00
@n.xbgr.xm41_u16.nsg13_hv_pmos[w] = 5.000000000000000e-06
@n.xbgr.xm41_u16.nsg13_hv_pmos[l] = 4.000000000000000e-06
@n.xbgr.xm41_u16.nsg13_hv_pmos[delvto] = 0.000000000000000e+00
@n.xbgr.xm41_u16.nsg13_hv_pmos[factuo] = 1.000000000000000e+00
@n.xbgr.xm41_u17.nsg13_hv_pmos[w] = 5.000000000000000e-06
@n.xbgr.xm41_u17.nsg13_hv_pmos[l] = 4.000000000000000e-06
@n.xbgr.xm41_u17.nsg13_hv_pmos[delvto] = 0.000000000000000e+00
@n.xbgr.xm41_u17.nsg13_hv_pmos[factuo] = 1.000000000000000e+00
@n.xbgr.xm41_u18.nsg13_hv_pmos[w] = 5.000000000000000e-06
@n.xbgr.xm41_u18.nsg13_hv_pmos[l] = 4.000000000000000e-06
@n.xbgr.xm41_u18.nsg13_hv_pmos[delvto] = 0.000000000000000e+00
@n.xbgr.xm41_u18.nsg13_hv_pmos[factuo] = 1.000000000000000e+00
@n.xbgr.xm41_u19.nsg13_hv_pmos[w] = 5.000000000000000e-06
@n.xbgr.xm41_u19.nsg13_hv_pmos[l] = 4.000000000000000e-06
@n.xbgr.xm41_u19.nsg13_hv_pmos[delvto] = 0.000000000000000e+00
@n.xbgr.xm41_u19.nsg13_hv_pmos[factuo] = 1.000000000000000e+00
@n.xbgr.xm41_u20.nsg13_hv_pmos[w] = 5.000000000000000e-06
@n.xbgr.xm41_u20.nsg13_hv_pmos[l] = 4.000000000000000e-06
@n.xbgr.xm41_u20.nsg13_hv_pmos[delvto] = 0.000000000000000e+00
@n.xbgr.xm41_u20.nsg13_hv_pmos[factuo] = 1.000000000000000e+00
@n.xbgr.xm41_u21.nsg13_hv_pmos[w] = 5.000000000000000e-06
@n.xbgr.xm41_u21.nsg13_hv_pmos[l] = 4.000000000000000e-06
@n.xbgr.xm41_u21.nsg13_hv_pmos[delvto] = 0.000000000000000e+00
@n.xbgr.xm41_u21.nsg13_hv_pmos[factuo] = 1.000000000000000e+00
@n.xbgr.xm41_u22.nsg13_hv_pmos[w] = 5.000000000000000e-06
@n.xbgr.xm41_u22.nsg13_hv_pmos[l] = 4.000000000000000e-06
@n.xbgr.xm41_u22.nsg13_hv_pmos[delvto] = 0.000000000000000e+00
@n.xbgr.xm41_u22.nsg13_hv_pmos[factuo] = 1.000000000000000e+00
@n.xbgr.xm41_u23.nsg13_hv_pmos[w] = 5.000000000000000e-06
@n.xbgr.xm41_u23.nsg13_hv_pmos[l] = 4.000000000000000e-06
@n.xbgr.xm41_u23.nsg13_hv_pmos[delvto] = 0.000000000000000e+00
@n.xbgr.xm41_u23.nsg13_hv_pmos[factuo] = 1.000000000000000e+00
@n.xbgr.xm41_u24.nsg13_hv_pmos[w] = 5.000000000000000e-06
@n.xbgr.xm41_u24.nsg13_hv_pmos[l] = 4.000000000000000e-06
@n.xbgr.xm41_u24.nsg13_hv_pmos[delvto] = 0.000000000000000e+00
@n.xbgr.xm41_u24.nsg13_hv_pmos[factuo] = 1.000000000000000e+00
@n.xbgr.xm43_u2.nsg13_hv_pmos[w] = 5.000000000000000e-06
@n.xbgr.xm43_u2.nsg13_hv_pmos[l] = 4.000000000000000e-06
@n.xbgr.xm43_u2.nsg13_hv_pmos[delvto] = 0.000000000000000e+00
@n.xbgr.xm43_u2.nsg13_hv_pmos[factuo] = 1.000000000000000e+00
@n.xbgr.xm43_u3.nsg13_hv_pmos[w] = 5.000000000000000e-06
@n.xbgr.xm43_u3.nsg13_hv_pmos[l] = 4.000000000000000e-06
@n.xbgr.xm43_u3.nsg13_hv_pmos[delvto] = 0.000000000000000e+00
@n.xbgr.xm43_u3.nsg13_hv_pmos[factuo] = 1.000000000000000e+00
@n.xbgr.xm43_u4.nsg13_hv_pmos[w] = 5.000000000000000e-06
@n.xbgr.xm43_u4.nsg13_hv_pmos[l] = 4.000000000000000e-06
@n.xbgr.xm43_u4.nsg13_hv_pmos[delvto] = 0.000000000000000e+00
@n.xbgr.xm43_u4.nsg13_hv_pmos[factuo] = 1.000000000000000e+00
@n.xbgr.xm44_u2.nsg13_hv_pmos[w] = 5.000000000000000e-06
@n.xbgr.xm44_u2.nsg13_hv_pmos[l] = 4.000000000000000e-06
@n.xbgr.xm44_u2.nsg13_hv_pmos[delvto] = 0.000000000000000e+00
@n.xbgr.xm44_u2.nsg13_hv_pmos[factuo] = 1.000000000000000e+00
@n.xbgr.xm44_u3.nsg13_hv_pmos[w] = 5.000000000000000e-06
@n.xbgr.xm44_u3.nsg13_hv_pmos[l] = 4.000000000000000e-06
@n.xbgr.xm44_u3.nsg13_hv_pmos[delvto] = 0.000000000000000e+00
@n.xbgr.xm44_u3.nsg13_hv_pmos[factuo] = 1.000000000000000e+00
@n.xbgr.xm44_u4.nsg13_hv_pmos[w] = 5.000000000000000e-06
@n.xbgr.xm44_u4.nsg13_hv_pmos[l] = 4.000000000000000e-06
@n.xbgr.xm44_u4.nsg13_hv_pmos[delvto] = 0.000000000000000e+00
@n.xbgr.xm44_u4.nsg13_hv_pmos[factuo] = 1.000000000000000e+00
@n.xbgr.xm45_u2.nsg13_hv_pmos[w] = 5.000000000000000e-06
@n.xbgr.xm45_u2.nsg13_hv_pmos[l] = 4.000000000000000e-06
@n.xbgr.xm45_u2.nsg13_hv_pmos[delvto] = 0.000000000000000e+00
@n.xbgr.xm45_u2.nsg13_hv_pmos[factuo] = 1.000000000000000e+00
@n.xbgr.xm45_u3.nsg13_hv_pmos[w] = 5.000000000000000e-06
@n.xbgr.xm45_u3.nsg13_hv_pmos[l] = 4.000000000000000e-06
@n.xbgr.xm45_u3.nsg13_hv_pmos[delvto] = 0.000000000000000e+00
@n.xbgr.xm45_u3.nsg13_hv_pmos[factuo] = 1.000000000000000e+00
@n.xbgr.xm45_u4.nsg13_hv_pmos[w] = 5.000000000000000e-06
@n.xbgr.xm45_u4.nsg13_hv_pmos[l] = 4.000000000000000e-06
@n.xbgr.xm45_u4.nsg13_hv_pmos[delvto] = 0.000000000000000e+00
@n.xbgr.xm45_u4.nsg13_hv_pmos[factuo] = 1.000000000000000e+00
@n.xbgr.xm45_u5.nsg13_hv_pmos[w] = 5.000000000000000e-06
@n.xbgr.xm45_u5.nsg13_hv_pmos[l] = 4.000000000000000e-06
@n.xbgr.xm45_u5.nsg13_hv_pmos[delvto] = 0.000000000000000e+00
@n.xbgr.xm45_u5.nsg13_hv_pmos[factuo] = 1.000000000000000e+00
@n.xbgr.xm45_u6.nsg13_hv_pmos[w] = 5.000000000000000e-06
@n.xbgr.xm45_u6.nsg13_hv_pmos[l] = 4.000000000000000e-06
@n.xbgr.xm45_u6.nsg13_hv_pmos[delvto] = 0.000000000000000e+00
@n.xbgr.xm45_u6.nsg13_hv_pmos[factuo] = 1.000000000000000e+00
@n.xbgr.xm45_u7.nsg13_hv_pmos[w] = 5.000000000000000e-06
@n.xbgr.xm45_u7.nsg13_hv_pmos[l] = 4.000000000000000e-06
@n.xbgr.xm45_u7.nsg13_hv_pmos[delvto] = 0.000000000000000e+00
@n.xbgr.xm45_u7.nsg13_hv_pmos[factuo] = 1.000000000000000e+00
@n.xbgr.xm45_u8.nsg13_hv_pmos[w] = 5.000000000000000e-06
@n.xbgr.xm45_u8.nsg13_hv_pmos[l] = 4.000000000000000e-06
@n.xbgr.xm45_u8.nsg13_hv_pmos[delvto] = 0.000000000000000e+00
@n.xbgr.xm45_u8.nsg13_hv_pmos[factuo] = 1.000000000000000e+00
@n.xbgr.xm45_u9.nsg13_hv_pmos[w] = 5.000000000000000e-06
@n.xbgr.xm45_u9.nsg13_hv_pmos[l] = 4.000000000000000e-06
@n.xbgr.xm45_u9.nsg13_hv_pmos[delvto] = 0.000000000000000e+00
@n.xbgr.xm45_u9.nsg13_hv_pmos[factuo] = 1.000000000000000e+00
@n.xbgr.xm45_u10.nsg13_hv_pmos[w] = 5.000000000000000e-06
@n.xbgr.xm45_u10.nsg13_hv_pmos[l] = 4.000000000000000e-06
@n.xbgr.xm45_u10.nsg13_hv_pmos[delvto] = 0.000000000000000e+00
@n.xbgr.xm45_u10.nsg13_hv_pmos[factuo] = 1.000000000000000e+00
@n.xbgr.xm45_u11.nsg13_hv_pmos[w] = 5.000000000000000e-06
@n.xbgr.xm45_u11.nsg13_hv_pmos[l] = 4.000000000000000e-06
@n.xbgr.xm45_u11.nsg13_hv_pmos[delvto] = 0.000000000000000e+00
@n.xbgr.xm45_u11.nsg13_hv_pmos[factuo] = 1.000000000000000e+00
@n.xbgr.xm45_u12.nsg13_hv_pmos[w] = 5.000000000000000e-06
@n.xbgr.xm45_u12.nsg13_hv_pmos[l] = 4.000000000000000e-06
@n.xbgr.xm45_u12.nsg13_hv_pmos[delvto] = 0.000000000000000e+00
@n.xbgr.xm45_u12.nsg13_hv_pmos[factuo] = 1.000000000000000e+00
@n.xbgr.xm45_u13.nsg13_hv_pmos[w] = 5.000000000000000e-06
@n.xbgr.xm45_u13.nsg13_hv_pmos[l] = 4.000000000000000e-06
@n.xbgr.xm45_u13.nsg13_hv_pmos[delvto] = 0.000000000000000e+00
@n.xbgr.xm45_u13.nsg13_hv_pmos[factuo] = 1.000000000000000e+00
@n.xbgr.xm45_u14.nsg13_hv_pmos[w] = 5.000000000000000e-06
@n.xbgr.xm45_u14.nsg13_hv_pmos[l] = 4.000000000000000e-06
@n.xbgr.xm45_u14.nsg13_hv_pmos[delvto] = 0.000000000000000e+00
@n.xbgr.xm45_u14.nsg13_hv_pmos[factuo] = 1.000000000000000e+00
@n.xbgr.xm45_u15.nsg13_hv_pmos[w] = 5.000000000000000e-06
@n.xbgr.xm45_u15.nsg13_hv_pmos[l] = 4.000000000000000e-06
@n.xbgr.xm45_u15.nsg13_hv_pmos[delvto] = 0.000000000000000e+00
@n.xbgr.xm45_u15.nsg13_hv_pmos[factuo] = 1.000000000000000e+00
@n.xbgr.xm45_u16.nsg13_hv_pmos[w] = 5.000000000000000e-06
@n.xbgr.xm45_u16.nsg13_hv_pmos[l] = 4.000000000000000e-06
@n.xbgr.xm45_u16.nsg13_hv_pmos[delvto] = 0.000000000000000e+00
@n.xbgr.xm45_u16.nsg13_hv_pmos[factuo] = 1.000000000000000e+00
@n.xbgr.xm45_u17.nsg13_hv_pmos[w] = 5.000000000000000e-06
@n.xbgr.xm45_u17.nsg13_hv_pmos[l] = 4.000000000000000e-06
@n.xbgr.xm45_u17.nsg13_hv_pmos[delvto] = 0.000000000000000e+00
@n.xbgr.xm45_u17.nsg13_hv_pmos[factuo] = 1.000000000000000e+00
@n.xbgr.xm45_u18.nsg13_hv_pmos[w] = 5.000000000000000e-06
@n.xbgr.xm45_u18.nsg13_hv_pmos[l] = 4.000000000000000e-06
@n.xbgr.xm45_u18.nsg13_hv_pmos[delvto] = 0.000000000000000e+00
@n.xbgr.xm45_u18.nsg13_hv_pmos[factuo] = 1.000000000000000e+00
@n.xbgr.xm45_u19.nsg13_hv_pmos[w] = 5.000000000000000e-06
@n.xbgr.xm45_u19.nsg13_hv_pmos[l] = 4.000000000000000e-06
@n.xbgr.xm45_u19.nsg13_hv_pmos[delvto] = 0.000000000000000e+00
@n.xbgr.xm45_u19.nsg13_hv_pmos[factuo] = 1.000000000000000e+00
@n.xbgr.xm45_u20.nsg13_hv_pmos[w] = 5.000000000000000e-06
@n.xbgr.xm45_u20.nsg13_hv_pmos[l] = 4.000000000000000e-06
@n.xbgr.xm45_u20.nsg13_hv_pmos[delvto] = 0.000000000000000e+00
@n.xbgr.xm45_u20.nsg13_hv_pmos[factuo] = 1.000000000000000e+00
@n.xbgr.xm45_u21.nsg13_hv_pmos[w] = 5.000000000000000e-06
@n.xbgr.xm45_u21.nsg13_hv_pmos[l] = 4.000000000000000e-06
@n.xbgr.xm45_u21.nsg13_hv_pmos[delvto] = 0.000000000000000e+00
@n.xbgr.xm45_u21.nsg13_hv_pmos[factuo] = 1.000000000000000e+00
@n.xbgr.xm45_u22.nsg13_hv_pmos[w] = 5.000000000000000e-06
@n.xbgr.xm45_u22.nsg13_hv_pmos[l] = 4.000000000000000e-06
@n.xbgr.xm45_u22.nsg13_hv_pmos[delvto] = 0.000000000000000e+00
@n.xbgr.xm45_u22.nsg13_hv_pmos[factuo] = 1.000000000000000e+00
@n.xbgr.xm45_u23.nsg13_hv_pmos[w] = 5.000000000000000e-06
@n.xbgr.xm45_u23.nsg13_hv_pmos[l] = 4.000000000000000e-06
@n.xbgr.xm45_u23.nsg13_hv_pmos[delvto] = 0.000000000000000e+00
@n.xbgr.xm45_u23.nsg13_hv_pmos[factuo] = 1.000000000000000e+00
@n.xbgr.xm45_u24.nsg13_hv_pmos[w] = 5.000000000000000e-06
@n.xbgr.xm45_u24.nsg13_hv_pmos[l] = 4.000000000000000e-06
@n.xbgr.xm45_u24.nsg13_hv_pmos[delvto] = 0.000000000000000e+00
@n.xbgr.xm45_u24.nsg13_hv_pmos[factuo] = 1.000000000000000e+00
@n.xbgr.xm47_u2.nsg13_hv_pmos[w] = 5.000000000000000e-06
@n.xbgr.xm47_u2.nsg13_hv_pmos[l] = 4.000000000000000e-06
@n.xbgr.xm47_u2.nsg13_hv_pmos[delvto] = 0.000000000000000e+00
@n.xbgr.xm47_u2.nsg13_hv_pmos[factuo] = 1.000000000000000e+00
@n.xbgr.xm47_u3.nsg13_hv_pmos[w] = 5.000000000000000e-06
@n.xbgr.xm47_u3.nsg13_hv_pmos[l] = 4.000000000000000e-06
@n.xbgr.xm47_u3.nsg13_hv_pmos[delvto] = 0.000000000000000e+00
@n.xbgr.xm47_u3.nsg13_hv_pmos[factuo] = 1.000000000000000e+00
@n.xbgr.xm47_u4.nsg13_hv_pmos[w] = 5.000000000000000e-06
@n.xbgr.xm47_u4.nsg13_hv_pmos[l] = 4.000000000000000e-06
@n.xbgr.xm47_u4.nsg13_hv_pmos[delvto] = 0.000000000000000e+00
@n.xbgr.xm47_u4.nsg13_hv_pmos[factuo] = 1.000000000000000e+00
@n.xbgr.xm47_u5.nsg13_hv_pmos[w] = 5.000000000000000e-06
@n.xbgr.xm47_u5.nsg13_hv_pmos[l] = 4.000000000000000e-06
@n.xbgr.xm47_u5.nsg13_hv_pmos[delvto] = 0.000000000000000e+00
@n.xbgr.xm47_u5.nsg13_hv_pmos[factuo] = 1.000000000000000e+00
@n.xbgr.xm47_u6.nsg13_hv_pmos[w] = 5.000000000000000e-06
@n.xbgr.xm47_u6.nsg13_hv_pmos[l] = 4.000000000000000e-06
@n.xbgr.xm47_u6.nsg13_hv_pmos[delvto] = 0.000000000000000e+00
@n.xbgr.xm47_u6.nsg13_hv_pmos[factuo] = 1.000000000000000e+00
@n.xbgr.xm47_u7.nsg13_hv_pmos[w] = 5.000000000000000e-06
@n.xbgr.xm47_u7.nsg13_hv_pmos[l] = 4.000000000000000e-06
@n.xbgr.xm47_u7.nsg13_hv_pmos[delvto] = 0.000000000000000e+00
@n.xbgr.xm47_u7.nsg13_hv_pmos[factuo] = 1.000000000000000e+00
@n.xbgr.xm47_u8.nsg13_hv_pmos[w] = 5.000000000000000e-06
@n.xbgr.xm47_u8.nsg13_hv_pmos[l] = 4.000000000000000e-06
@n.xbgr.xm47_u8.nsg13_hv_pmos[delvto] = 0.000000000000000e+00
@n.xbgr.xm47_u8.nsg13_hv_pmos[factuo] = 1.000000000000000e+00
@n.xbgr.xm47_u9.nsg13_hv_pmos[w] = 5.000000000000000e-06
@n.xbgr.xm47_u9.nsg13_hv_pmos[l] = 4.000000000000000e-06
@n.xbgr.xm47_u9.nsg13_hv_pmos[delvto] = 0.000000000000000e+00
@n.xbgr.xm47_u9.nsg13_hv_pmos[factuo] = 1.000000000000000e+00
@n.xbgr.xm47_u10.nsg13_hv_pmos[w] = 5.000000000000000e-06
@n.xbgr.xm47_u10.nsg13_hv_pmos[l] = 4.000000000000000e-06
@n.xbgr.xm47_u10.nsg13_hv_pmos[delvto] = 0.000000000000000e+00
@n.xbgr.xm47_u10.nsg13_hv_pmos[factuo] = 1.000000000000000e+00
@n.xbgr.xm47_u11.nsg13_hv_pmos[w] = 5.000000000000000e-06
@n.xbgr.xm47_u11.nsg13_hv_pmos[l] = 4.000000000000000e-06
@n.xbgr.xm47_u11.nsg13_hv_pmos[delvto] = 0.000000000000000e+00
@n.xbgr.xm47_u11.nsg13_hv_pmos[factuo] = 1.000000000000000e+00
@n.xbgr.xm47_u12.nsg13_hv_pmos[w] = 5.000000000000000e-06
@n.xbgr.xm47_u12.nsg13_hv_pmos[l] = 4.000000000000000e-06
@n.xbgr.xm47_u12.nsg13_hv_pmos[delvto] = 0.000000000000000e+00
@n.xbgr.xm47_u12.nsg13_hv_pmos[factuo] = 1.000000000000000e+00
@n.xbgr.xm47_u13.nsg13_hv_pmos[w] = 5.000000000000000e-06
@n.xbgr.xm47_u13.nsg13_hv_pmos[l] = 4.000000000000000e-06
@n.xbgr.xm47_u13.nsg13_hv_pmos[delvto] = 0.000000000000000e+00
@n.xbgr.xm47_u13.nsg13_hv_pmos[factuo] = 1.000000000000000e+00
@n.xbgr.xm47_u14.nsg13_hv_pmos[w] = 5.000000000000000e-06
@n.xbgr.xm47_u14.nsg13_hv_pmos[l] = 4.000000000000000e-06
@n.xbgr.xm47_u14.nsg13_hv_pmos[delvto] = 0.000000000000000e+00
@n.xbgr.xm47_u14.nsg13_hv_pmos[factuo] = 1.000000000000000e+00
@n.xbgr.xm47_u15.nsg13_hv_pmos[w] = 5.000000000000000e-06
@n.xbgr.xm47_u15.nsg13_hv_pmos[l] = 4.000000000000000e-06
@n.xbgr.xm47_u15.nsg13_hv_pmos[delvto] = 0.000000000000000e+00
@n.xbgr.xm47_u15.nsg13_hv_pmos[factuo] = 1.000000000000000e+00
@n.xbgr.xm47_u16.nsg13_hv_pmos[w] = 5.000000000000000e-06
@n.xbgr.xm47_u16.nsg13_hv_pmos[l] = 4.000000000000000e-06
@n.xbgr.xm47_u16.nsg13_hv_pmos[delvto] = 0.000000000000000e+00
@n.xbgr.xm47_u16.nsg13_hv_pmos[factuo] = 1.000000000000000e+00
@n.xbgr.xm47_u17.nsg13_hv_pmos[w] = 5.000000000000000e-06
@n.xbgr.xm47_u17.nsg13_hv_pmos[l] = 4.000000000000000e-06
@n.xbgr.xm47_u17.nsg13_hv_pmos[delvto] = 0.000000000000000e+00
@n.xbgr.xm47_u17.nsg13_hv_pmos[factuo] = 1.000000000000000e+00
@n.xbgr.xm47_u18.nsg13_hv_pmos[w] = 5.000000000000000e-06
@n.xbgr.xm47_u18.nsg13_hv_pmos[l] = 4.000000000000000e-06
@n.xbgr.xm47_u18.nsg13_hv_pmos[delvto] = 0.000000000000000e+00
@n.xbgr.xm47_u18.nsg13_hv_pmos[factuo] = 1.000000000000000e+00
@n.xbgr.xm47_u19.nsg13_hv_pmos[w] = 5.000000000000000e-06
@n.xbgr.xm47_u19.nsg13_hv_pmos[l] = 4.000000000000000e-06
@n.xbgr.xm47_u19.nsg13_hv_pmos[delvto] = 0.000000000000000e+00
@n.xbgr.xm47_u19.nsg13_hv_pmos[factuo] = 1.000000000000000e+00
@n.xbgr.xm47_u20.nsg13_hv_pmos[w] = 5.000000000000000e-06
@n.xbgr.xm47_u20.nsg13_hv_pmos[l] = 4.000000000000000e-06
@n.xbgr.xm47_u20.nsg13_hv_pmos[delvto] = 0.000000000000000e+00
@n.xbgr.xm47_u20.nsg13_hv_pmos[factuo] = 1.000000000000000e+00
@n.xbgr.xm47_u21.nsg13_hv_pmos[w] = 5.000000000000000e-06
@n.xbgr.xm47_u21.nsg13_hv_pmos[l] = 4.000000000000000e-06
@n.xbgr.xm47_u21.nsg13_hv_pmos[delvto] = 0.000000000000000e+00
@n.xbgr.xm47_u21.nsg13_hv_pmos[factuo] = 1.000000000000000e+00
@n.xbgr.xm47_u22.nsg13_hv_pmos[w] = 5.000000000000000e-06
@n.xbgr.xm47_u22.nsg13_hv_pmos[l] = 4.000000000000000e-06
@n.xbgr.xm47_u22.nsg13_hv_pmos[delvto] = 0.000000000000000e+00
@n.xbgr.xm47_u22.nsg13_hv_pmos[factuo] = 1.000000000000000e+00
@n.xbgr.xm47_u23.nsg13_hv_pmos[w] = 5.000000000000000e-06
@n.xbgr.xm47_u23.nsg13_hv_pmos[l] = 4.000000000000000e-06
@n.xbgr.xm47_u23.nsg13_hv_pmos[delvto] = 0.000000000000000e+00
@n.xbgr.xm47_u23.nsg13_hv_pmos[factuo] = 1.000000000000000e+00
@n.xbgr.xm47_u24.nsg13_hv_pmos[w] = 5.000000000000000e-06
@n.xbgr.xm47_u24.nsg13_hv_pmos[l] = 4.000000000000000e-06
@n.xbgr.xm47_u24.nsg13_hv_pmos[delvto] = 0.000000000000000e+00
@n.xbgr.xm47_u24.nsg13_hv_pmos[factuo] = 1.000000000000000e+00
@n.xbgr.xm48_u2.nsg13_hv_pmos[w] = 5.000000000000000e-06
@n.xbgr.xm48_u2.nsg13_hv_pmos[l] = 4.000000000000000e-06
@n.xbgr.xm48_u2.nsg13_hv_pmos[delvto] = 0.000000000000000e+00
@n.xbgr.xm48_u2.nsg13_hv_pmos[factuo] = 1.000000000000000e+00
@n.xbgr.xm48_u3.nsg13_hv_pmos[w] = 5.000000000000000e-06
@n.xbgr.xm48_u3.nsg13_hv_pmos[l] = 4.000000000000000e-06
@n.xbgr.xm48_u3.nsg13_hv_pmos[delvto] = 0.000000000000000e+00
@n.xbgr.xm48_u3.nsg13_hv_pmos[factuo] = 1.000000000000000e+00
@n.xbgr.xm48_u4.nsg13_hv_pmos[w] = 5.000000000000000e-06
@n.xbgr.xm48_u4.nsg13_hv_pmos[l] = 4.000000000000000e-06
@n.xbgr.xm48_u4.nsg13_hv_pmos[delvto] = 0.000000000000000e+00
@n.xbgr.xm48_u4.nsg13_hv_pmos[factuo] = 1.000000000000000e+00
@n.xbgr.xm48_u5.nsg13_hv_pmos[w] = 5.000000000000000e-06
@n.xbgr.xm48_u5.nsg13_hv_pmos[l] = 4.000000000000000e-06
@n.xbgr.xm48_u5.nsg13_hv_pmos[delvto] = 0.000000000000000e+00
@n.xbgr.xm48_u5.nsg13_hv_pmos[factuo] = 1.000000000000000e+00
@n.xbgr.xm48_u6.nsg13_hv_pmos[w] = 5.000000000000000e-06
@n.xbgr.xm48_u6.nsg13_hv_pmos[l] = 4.000000000000000e-06
@n.xbgr.xm48_u6.nsg13_hv_pmos[delvto] = 0.000000000000000e+00
@n.xbgr.xm48_u6.nsg13_hv_pmos[factuo] = 1.000000000000000e+00
@n.xbgr.xm48_u7.nsg13_hv_pmos[w] = 5.000000000000000e-06
@n.xbgr.xm48_u7.nsg13_hv_pmos[l] = 4.000000000000000e-06
@n.xbgr.xm48_u7.nsg13_hv_pmos[delvto] = 0.000000000000000e+00
@n.xbgr.xm48_u7.nsg13_hv_pmos[factuo] = 1.000000000000000e+00
@n.xbgr.xm48_u8.nsg13_hv_pmos[w] = 5.000000000000000e-06
@n.xbgr.xm48_u8.nsg13_hv_pmos[l] = 4.000000000000000e-06
@n.xbgr.xm48_u8.nsg13_hv_pmos[delvto] = 0.000000000000000e+00
@n.xbgr.xm48_u8.nsg13_hv_pmos[factuo] = 1.000000000000000e+00
@n.xbgr.xm48_u9.nsg13_hv_pmos[w] = 5.000000000000000e-06
@n.xbgr.xm48_u9.nsg13_hv_pmos[l] = 4.000000000000000e-06
@n.xbgr.xm48_u9.nsg13_hv_pmos[delvto] = 0.000000000000000e+00
@n.xbgr.xm48_u9.nsg13_hv_pmos[factuo] = 1.000000000000000e+00
@n.xbgr.xm48_u10.nsg13_hv_pmos[w] = 5.000000000000000e-06
@n.xbgr.xm48_u10.nsg13_hv_pmos[l] = 4.000000000000000e-06
@n.xbgr.xm48_u10.nsg13_hv_pmos[delvto] = 0.000000000000000e+00
@n.xbgr.xm48_u10.nsg13_hv_pmos[factuo] = 1.000000000000000e+00
@n.xbgr.xm48_u11.nsg13_hv_pmos[w] = 5.000000000000000e-06
@n.xbgr.xm48_u11.nsg13_hv_pmos[l] = 4.000000000000000e-06
@n.xbgr.xm48_u11.nsg13_hv_pmos[delvto] = 0.000000000000000e+00
@n.xbgr.xm48_u11.nsg13_hv_pmos[factuo] = 1.000000000000000e+00
@n.xbgr.xm48_u12.nsg13_hv_pmos[w] = 5.000000000000000e-06
@n.xbgr.xm48_u12.nsg13_hv_pmos[l] = 4.000000000000000e-06
@n.xbgr.xm48_u12.nsg13_hv_pmos[delvto] = 0.000000000000000e+00
@n.xbgr.xm48_u12.nsg13_hv_pmos[factuo] = 1.000000000000000e+00
@n.xbgr.xm48_u13.nsg13_hv_pmos[w] = 5.000000000000000e-06
@n.xbgr.xm48_u13.nsg13_hv_pmos[l] = 4.000000000000000e-06
@n.xbgr.xm48_u13.nsg13_hv_pmos[delvto] = 0.000000000000000e+00
@n.xbgr.xm48_u13.nsg13_hv_pmos[factuo] = 1.000000000000000e+00
@n.xbgr.xm48_u14.nsg13_hv_pmos[w] = 5.000000000000000e-06
@n.xbgr.xm48_u14.nsg13_hv_pmos[l] = 4.000000000000000e-06
@n.xbgr.xm48_u14.nsg13_hv_pmos[delvto] = 0.000000000000000e+00
@n.xbgr.xm48_u14.nsg13_hv_pmos[factuo] = 1.000000000000000e+00
@n.xbgr.xm48_u15.nsg13_hv_pmos[w] = 5.000000000000000e-06
@n.xbgr.xm48_u15.nsg13_hv_pmos[l] = 4.000000000000000e-06
@n.xbgr.xm48_u15.nsg13_hv_pmos[delvto] = 0.000000000000000e+00
@n.xbgr.xm48_u15.nsg13_hv_pmos[factuo] = 1.000000000000000e+00
@n.xbgr.xm48_u16.nsg13_hv_pmos[w] = 5.000000000000000e-06
@n.xbgr.xm48_u16.nsg13_hv_pmos[l] = 4.000000000000000e-06
@n.xbgr.xm48_u16.nsg13_hv_pmos[delvto] = 0.000000000000000e+00
@n.xbgr.xm48_u16.nsg13_hv_pmos[factuo] = 1.000000000000000e+00
@n.xbgr.xm48_u17.nsg13_hv_pmos[w] = 5.000000000000000e-06
@n.xbgr.xm48_u17.nsg13_hv_pmos[l] = 4.000000000000000e-06
@n.xbgr.xm48_u17.nsg13_hv_pmos[delvto] = 0.000000000000000e+00
@n.xbgr.xm48_u17.nsg13_hv_pmos[factuo] = 1.000000000000000e+00
@n.xbgr.xm48_u18.nsg13_hv_pmos[w] = 5.000000000000000e-06
@n.xbgr.xm48_u18.nsg13_hv_pmos[l] = 4.000000000000000e-06
@n.xbgr.xm48_u18.nsg13_hv_pmos[delvto] = 0.000000000000000e+00
@n.xbgr.xm48_u18.nsg13_hv_pmos[factuo] = 1.000000000000000e+00
@n.xbgr.xm48_u19.nsg13_hv_pmos[w] = 5.000000000000000e-06
@n.xbgr.xm48_u19.nsg13_hv_pmos[l] = 4.000000000000000e-06
@n.xbgr.xm48_u19.nsg13_hv_pmos[delvto] = 0.000000000000000e+00
@n.xbgr.xm48_u19.nsg13_hv_pmos[factuo] = 1.000000000000000e+00
@n.xbgr.xm48_u20.nsg13_hv_pmos[w] = 5.000000000000000e-06
@n.xbgr.xm48_u20.nsg13_hv_pmos[l] = 4.000000000000000e-06
@n.xbgr.xm48_u20.nsg13_hv_pmos[delvto] = 0.000000000000000e+00
@n.xbgr.xm48_u20.nsg13_hv_pmos[factuo] = 1.000000000000000e+00
@n.xbgr.xm48_u21.nsg13_hv_pmos[w] = 5.000000000000000e-06
@n.xbgr.xm48_u21.nsg13_hv_pmos[l] = 4.000000000000000e-06
@n.xbgr.xm48_u21.nsg13_hv_pmos[delvto] = 0.000000000000000e+00
@n.xbgr.xm48_u21.nsg13_hv_pmos[factuo] = 1.000000000000000e+00
@n.xbgr.xm48_u22.nsg13_hv_pmos[w] = 5.000000000000000e-06
@n.xbgr.xm48_u22.nsg13_hv_pmos[l] = 4.000000000000000e-06
@n.xbgr.xm48_u22.nsg13_hv_pmos[delvto] = 0.000000000000000e+00
@n.xbgr.xm48_u22.nsg13_hv_pmos[factuo] = 1.000000000000000e+00
@n.xbgr.xm48_u23.nsg13_hv_pmos[w] = 5.000000000000000e-06
@n.xbgr.xm48_u23.nsg13_hv_pmos[l] = 4.000000000000000e-06
@n.xbgr.xm48_u23.nsg13_hv_pmos[delvto] = 0.000000000000000e+00
@n.xbgr.xm48_u23.nsg13_hv_pmos[factuo] = 1.000000000000000e+00
@n.xbgr.xm48_u24.nsg13_hv_pmos[w] = 5.000000000000000e-06
@n.xbgr.xm48_u24.nsg13_hv_pmos[l] = 4.000000000000000e-06
@n.xbgr.xm48_u24.nsg13_hv_pmos[delvto] = 0.000000000000000e+00
@n.xbgr.xm48_u24.nsg13_hv_pmos[factuo] = 1.000000000000000e+00
@n.xbgr.xm50_u2.nsg13_hv_pmos[w] = 9.999999999999999e-06
@n.xbgr.xm50_u2.nsg13_hv_pmos[l] = 4.000000000000000e-06
@n.xbgr.xm50_u2.nsg13_hv_pmos[delvto] = 0.000000000000000e+00
@n.xbgr.xm50_u2.nsg13_hv_pmos[factuo] = 1.000000000000000e+00
@n.xbgr.xm50_u3.nsg13_hv_pmos[w] = 9.999999999999999e-06
@n.xbgr.xm50_u3.nsg13_hv_pmos[l] = 4.000000000000000e-06
@n.xbgr.xm50_u3.nsg13_hv_pmos[delvto] = 0.000000000000000e+00
@n.xbgr.xm50_u3.nsg13_hv_pmos[factuo] = 1.000000000000000e+00
@n.xbgr.xm50_u4.nsg13_hv_pmos[w] = 9.999999999999999e-06
@n.xbgr.xm50_u4.nsg13_hv_pmos[l] = 4.000000000000000e-06
@n.xbgr.xm50_u4.nsg13_hv_pmos[delvto] = 0.000000000000000e+00
@n.xbgr.xm50_u4.nsg13_hv_pmos[factuo] = 1.000000000000000e+00
@n.xbgr.xm50_u5.nsg13_hv_pmos[w] = 9.999999999999999e-06
@n.xbgr.xm50_u5.nsg13_hv_pmos[l] = 4.000000000000000e-06
@n.xbgr.xm50_u5.nsg13_hv_pmos[delvto] = 0.000000000000000e+00
@n.xbgr.xm50_u5.nsg13_hv_pmos[factuo] = 1.000000000000000e+00
@n.xbgr.xm50_u6.nsg13_hv_pmos[w] = 9.999999999999999e-06
@n.xbgr.xm50_u6.nsg13_hv_pmos[l] = 4.000000000000000e-06
@n.xbgr.xm50_u6.nsg13_hv_pmos[delvto] = 0.000000000000000e+00
@n.xbgr.xm50_u6.nsg13_hv_pmos[factuo] = 1.000000000000000e+00
@n.xbgr.xm50_u7.nsg13_hv_pmos[w] = 9.999999999999999e-06
@n.xbgr.xm50_u7.nsg13_hv_pmos[l] = 4.000000000000000e-06
@n.xbgr.xm50_u7.nsg13_hv_pmos[delvto] = 0.000000000000000e+00
@n.xbgr.xm50_u7.nsg13_hv_pmos[factuo] = 1.000000000000000e+00
@n.xbgr.xm50_u8.nsg13_hv_pmos[w] = 9.999999999999999e-06
@n.xbgr.xm50_u8.nsg13_hv_pmos[l] = 4.000000000000000e-06
@n.xbgr.xm50_u8.nsg13_hv_pmos[delvto] = 0.000000000000000e+00
@n.xbgr.xm50_u8.nsg13_hv_pmos[factuo] = 1.000000000000000e+00
@n.xbgr.xm50_u9.nsg13_hv_pmos[w] = 9.999999999999999e-06
@n.xbgr.xm50_u9.nsg13_hv_pmos[l] = 4.000000000000000e-06
@n.xbgr.xm50_u9.nsg13_hv_pmos[delvto] = 0.000000000000000e+00
@n.xbgr.xm50_u9.nsg13_hv_pmos[factuo] = 1.000000000000000e+00
@n.xbgr.xm50_u10.nsg13_hv_pmos[w] = 9.999999999999999e-06
@n.xbgr.xm50_u10.nsg13_hv_pmos[l] = 4.000000000000000e-06
@n.xbgr.xm50_u10.nsg13_hv_pmos[delvto] = 0.000000000000000e+00
@n.xbgr.xm50_u10.nsg13_hv_pmos[factuo] = 1.000000000000000e+00
@n.xbgr.xm50_u11.nsg13_hv_pmos[w] = 9.999999999999999e-06
@n.xbgr.xm50_u11.nsg13_hv_pmos[l] = 4.000000000000000e-06
@n.xbgr.xm50_u11.nsg13_hv_pmos[delvto] = 0.000000000000000e+00
@n.xbgr.xm50_u11.nsg13_hv_pmos[factuo] = 1.000000000000000e+00
@n.xbgr.xm50_u12.nsg13_hv_pmos[w] = 9.999999999999999e-06
@n.xbgr.xm50_u12.nsg13_hv_pmos[l] = 4.000000000000000e-06
@n.xbgr.xm50_u12.nsg13_hv_pmos[delvto] = 0.000000000000000e+00
@n.xbgr.xm50_u12.nsg13_hv_pmos[factuo] = 1.000000000000000e+00
@n.xbgr.xm50_u13.nsg13_hv_pmos[w] = 9.999999999999999e-06
@n.xbgr.xm50_u13.nsg13_hv_pmos[l] = 4.000000000000000e-06
@n.xbgr.xm50_u13.nsg13_hv_pmos[delvto] = 0.000000000000000e+00
@n.xbgr.xm50_u13.nsg13_hv_pmos[factuo] = 1.000000000000000e+00
@n.xbgr.xm50_u14.nsg13_hv_pmos[w] = 9.999999999999999e-06
@n.xbgr.xm50_u14.nsg13_hv_pmos[l] = 4.000000000000000e-06
@n.xbgr.xm50_u14.nsg13_hv_pmos[delvto] = 0.000000000000000e+00
@n.xbgr.xm50_u14.nsg13_hv_pmos[factuo] = 1.000000000000000e+00
@n.xbgr.xm50_u15.nsg13_hv_pmos[w] = 9.999999999999999e-06
@n.xbgr.xm50_u15.nsg13_hv_pmos[l] = 4.000000000000000e-06
@n.xbgr.xm50_u15.nsg13_hv_pmos[delvto] = 0.000000000000000e+00
@n.xbgr.xm50_u15.nsg13_hv_pmos[factuo] = 1.000000000000000e+00
@n.xbgr.xm50_u16.nsg13_hv_pmos[w] = 9.999999999999999e-06
@n.xbgr.xm50_u16.nsg13_hv_pmos[l] = 4.000000000000000e-06
@n.xbgr.xm50_u16.nsg13_hv_pmos[delvto] = 0.000000000000000e+00
@n.xbgr.xm50_u16.nsg13_hv_pmos[factuo] = 1.000000000000000e+00
@n.xbgr.xm50_u17.nsg13_hv_pmos[w] = 9.999999999999999e-06
@n.xbgr.xm50_u17.nsg13_hv_pmos[l] = 4.000000000000000e-06
@n.xbgr.xm50_u17.nsg13_hv_pmos[delvto] = 0.000000000000000e+00
@n.xbgr.xm50_u17.nsg13_hv_pmos[factuo] = 1.000000000000000e+00
@n.xbgr.xm50_u18.nsg13_hv_pmos[w] = 9.999999999999999e-06
@n.xbgr.xm50_u18.nsg13_hv_pmos[l] = 4.000000000000000e-06
@n.xbgr.xm50_u18.nsg13_hv_pmos[delvto] = 0.000000000000000e+00
@n.xbgr.xm50_u18.nsg13_hv_pmos[factuo] = 1.000000000000000e+00
@n.xbgr.xm50_u19.nsg13_hv_pmos[w] = 9.999999999999999e-06
@n.xbgr.xm50_u19.nsg13_hv_pmos[l] = 4.000000000000000e-06
@n.xbgr.xm50_u19.nsg13_hv_pmos[delvto] = 0.000000000000000e+00
@n.xbgr.xm50_u19.nsg13_hv_pmos[factuo] = 1.000000000000000e+00
@n.xbgr.xm50_u20.nsg13_hv_pmos[w] = 9.999999999999999e-06
@n.xbgr.xm50_u20.nsg13_hv_pmos[l] = 4.000000000000000e-06
@n.xbgr.xm50_u20.nsg13_hv_pmos[delvto] = 0.000000000000000e+00
@n.xbgr.xm50_u20.nsg13_hv_pmos[factuo] = 1.000000000000000e+00
@n.xbgr.xm50_u21.nsg13_hv_pmos[w] = 9.999999999999999e-06
@n.xbgr.xm50_u21.nsg13_hv_pmos[l] = 4.000000000000000e-06
@n.xbgr.xm50_u21.nsg13_hv_pmos[delvto] = 0.000000000000000e+00
@n.xbgr.xm50_u21.nsg13_hv_pmos[factuo] = 1.000000000000000e+00
@n.xbgr.xm50_u22.nsg13_hv_pmos[w] = 9.999999999999999e-06
@n.xbgr.xm50_u22.nsg13_hv_pmos[l] = 4.000000000000000e-06
@n.xbgr.xm50_u22.nsg13_hv_pmos[delvto] = 0.000000000000000e+00
@n.xbgr.xm50_u22.nsg13_hv_pmos[factuo] = 1.000000000000000e+00
@n.xbgr.xm50_u23.nsg13_hv_pmos[w] = 9.999999999999999e-06
@n.xbgr.xm50_u23.nsg13_hv_pmos[l] = 4.000000000000000e-06
@n.xbgr.xm50_u23.nsg13_hv_pmos[delvto] = 0.000000000000000e+00
@n.xbgr.xm50_u23.nsg13_hv_pmos[factuo] = 1.000000000000000e+00
@n.xbgr.xm50_u24.nsg13_hv_pmos[w] = 9.999999999999999e-06
@n.xbgr.xm50_u24.nsg13_hv_pmos[l] = 4.000000000000000e-06
@n.xbgr.xm50_u24.nsg13_hv_pmos[delvto] = 0.000000000000000e+00
@n.xbgr.xm50_u24.nsg13_hv_pmos[factuo] = 1.000000000000000e+00
@n.xbgr.xm51_u2.nsg13_hv_pmos[w] = 9.999999999999999e-06
@n.xbgr.xm51_u2.nsg13_hv_pmos[l] = 4.000000000000000e-06
@n.xbgr.xm51_u2.nsg13_hv_pmos[delvto] = 0.000000000000000e+00
@n.xbgr.xm51_u2.nsg13_hv_pmos[factuo] = 1.000000000000000e+00
@n.xbgr.xm51_u3.nsg13_hv_pmos[w] = 9.999999999999999e-06
@n.xbgr.xm51_u3.nsg13_hv_pmos[l] = 4.000000000000000e-06
@n.xbgr.xm51_u3.nsg13_hv_pmos[delvto] = 0.000000000000000e+00
@n.xbgr.xm51_u3.nsg13_hv_pmos[factuo] = 1.000000000000000e+00
@n.xbgr.xm51_u4.nsg13_hv_pmos[w] = 9.999999999999999e-06
@n.xbgr.xm51_u4.nsg13_hv_pmos[l] = 4.000000000000000e-06
@n.xbgr.xm51_u4.nsg13_hv_pmos[delvto] = 0.000000000000000e+00
@n.xbgr.xm51_u4.nsg13_hv_pmos[factuo] = 1.000000000000000e+00
@n.xbgr.xm52_u2.nsg13_hv_pmos[w] = 9.999999999999999e-06
@n.xbgr.xm52_u2.nsg13_hv_pmos[l] = 4.000000000000000e-06
@n.xbgr.xm52_u2.nsg13_hv_pmos[delvto] = 0.000000000000000e+00
@n.xbgr.xm52_u2.nsg13_hv_pmos[factuo] = 1.000000000000000e+00
@n.xbgr.xm52_u3.nsg13_hv_pmos[w] = 9.999999999999999e-06
@n.xbgr.xm52_u3.nsg13_hv_pmos[l] = 4.000000000000000e-06
@n.xbgr.xm52_u3.nsg13_hv_pmos[delvto] = 0.000000000000000e+00
@n.xbgr.xm52_u3.nsg13_hv_pmos[factuo] = 1.000000000000000e+00
@n.xbgr.xm52_u4.nsg13_hv_pmos[w] = 9.999999999999999e-06
@n.xbgr.xm52_u4.nsg13_hv_pmos[l] = 4.000000000000000e-06
@n.xbgr.xm52_u4.nsg13_hv_pmos[delvto] = 0.000000000000000e+00
@n.xbgr.xm52_u4.nsg13_hv_pmos[factuo] = 1.000000000000000e+00
@n.xbgr.xm52_u5.nsg13_hv_pmos[w] = 9.999999999999999e-06
@n.xbgr.xm52_u5.nsg13_hv_pmos[l] = 4.000000000000000e-06
@n.xbgr.xm52_u5.nsg13_hv_pmos[delvto] = 0.000000000000000e+00
@n.xbgr.xm52_u5.nsg13_hv_pmos[factuo] = 1.000000000000000e+00
@n.xbgr.xm52_u6.nsg13_hv_pmos[w] = 9.999999999999999e-06
@n.xbgr.xm52_u6.nsg13_hv_pmos[l] = 4.000000000000000e-06
@n.xbgr.xm52_u6.nsg13_hv_pmos[delvto] = 0.000000000000000e+00
@n.xbgr.xm52_u6.nsg13_hv_pmos[factuo] = 1.000000000000000e+00
@n.xbgr.xm52_u7.nsg13_hv_pmos[w] = 9.999999999999999e-06
@n.xbgr.xm52_u7.nsg13_hv_pmos[l] = 4.000000000000000e-06
@n.xbgr.xm52_u7.nsg13_hv_pmos[delvto] = 0.000000000000000e+00
@n.xbgr.xm52_u7.nsg13_hv_pmos[factuo] = 1.000000000000000e+00
@n.xbgr.xm52_u8.nsg13_hv_pmos[w] = 9.999999999999999e-06
@n.xbgr.xm52_u8.nsg13_hv_pmos[l] = 4.000000000000000e-06
@n.xbgr.xm52_u8.nsg13_hv_pmos[delvto] = 0.000000000000000e+00
@n.xbgr.xm52_u8.nsg13_hv_pmos[factuo] = 1.000000000000000e+00
@n.xbgr.xm52_u9.nsg13_hv_pmos[w] = 9.999999999999999e-06
@n.xbgr.xm52_u9.nsg13_hv_pmos[l] = 4.000000000000000e-06
@n.xbgr.xm52_u9.nsg13_hv_pmos[delvto] = 0.000000000000000e+00
@n.xbgr.xm52_u9.nsg13_hv_pmos[factuo] = 1.000000000000000e+00
@n.xbgr.xm52_u10.nsg13_hv_pmos[w] = 9.999999999999999e-06
@n.xbgr.xm52_u10.nsg13_hv_pmos[l] = 4.000000000000000e-06
@n.xbgr.xm52_u10.nsg13_hv_pmos[delvto] = 0.000000000000000e+00
@n.xbgr.xm52_u10.nsg13_hv_pmos[factuo] = 1.000000000000000e+00
@n.xbgr.xm52_u11.nsg13_hv_pmos[w] = 9.999999999999999e-06
@n.xbgr.xm52_u11.nsg13_hv_pmos[l] = 4.000000000000000e-06
@n.xbgr.xm52_u11.nsg13_hv_pmos[delvto] = 0.000000000000000e+00
@n.xbgr.xm52_u11.nsg13_hv_pmos[factuo] = 1.000000000000000e+00
@n.xbgr.xm52_u12.nsg13_hv_pmos[w] = 9.999999999999999e-06
@n.xbgr.xm52_u12.nsg13_hv_pmos[l] = 4.000000000000000e-06
@n.xbgr.xm52_u12.nsg13_hv_pmos[delvto] = 0.000000000000000e+00
@n.xbgr.xm52_u12.nsg13_hv_pmos[factuo] = 1.000000000000000e+00
@n.xbgr.xm52_u13.nsg13_hv_pmos[w] = 9.999999999999999e-06
@n.xbgr.xm52_u13.nsg13_hv_pmos[l] = 4.000000000000000e-06
@n.xbgr.xm52_u13.nsg13_hv_pmos[delvto] = 0.000000000000000e+00
@n.xbgr.xm52_u13.nsg13_hv_pmos[factuo] = 1.000000000000000e+00
@n.xbgr.xm52_u14.nsg13_hv_pmos[w] = 9.999999999999999e-06
@n.xbgr.xm52_u14.nsg13_hv_pmos[l] = 4.000000000000000e-06
@n.xbgr.xm52_u14.nsg13_hv_pmos[delvto] = 0.000000000000000e+00
@n.xbgr.xm52_u14.nsg13_hv_pmos[factuo] = 1.000000000000000e+00
@n.xbgr.xm52_u15.nsg13_hv_pmos[w] = 9.999999999999999e-06
@n.xbgr.xm52_u15.nsg13_hv_pmos[l] = 4.000000000000000e-06
@n.xbgr.xm52_u15.nsg13_hv_pmos[delvto] = 0.000000000000000e+00
@n.xbgr.xm52_u15.nsg13_hv_pmos[factuo] = 1.000000000000000e+00
@n.xbgr.xm52_u16.nsg13_hv_pmos[w] = 9.999999999999999e-06
@n.xbgr.xm52_u16.nsg13_hv_pmos[l] = 4.000000000000000e-06
@n.xbgr.xm52_u16.nsg13_hv_pmos[delvto] = 0.000000000000000e+00
@n.xbgr.xm52_u16.nsg13_hv_pmos[factuo] = 1.000000000000000e+00
@n.xbgr.xm52_u17.nsg13_hv_pmos[w] = 9.999999999999999e-06
@n.xbgr.xm52_u17.nsg13_hv_pmos[l] = 4.000000000000000e-06
@n.xbgr.xm52_u17.nsg13_hv_pmos[delvto] = 0.000000000000000e+00
@n.xbgr.xm52_u17.nsg13_hv_pmos[factuo] = 1.000000000000000e+00
@n.xbgr.xm52_u18.nsg13_hv_pmos[w] = 9.999999999999999e-06
@n.xbgr.xm52_u18.nsg13_hv_pmos[l] = 4.000000000000000e-06
@n.xbgr.xm52_u18.nsg13_hv_pmos[delvto] = 0.000000000000000e+00
@n.xbgr.xm52_u18.nsg13_hv_pmos[factuo] = 1.000000000000000e+00
@n.xbgr.xm52_u19.nsg13_hv_pmos[w] = 9.999999999999999e-06
@n.xbgr.xm52_u19.nsg13_hv_pmos[l] = 4.000000000000000e-06
@n.xbgr.xm52_u19.nsg13_hv_pmos[delvto] = 0.000000000000000e+00
@n.xbgr.xm52_u19.nsg13_hv_pmos[factuo] = 1.000000000000000e+00
@n.xbgr.xm52_u20.nsg13_hv_pmos[w] = 9.999999999999999e-06
@n.xbgr.xm52_u20.nsg13_hv_pmos[l] = 4.000000000000000e-06
@n.xbgr.xm52_u20.nsg13_hv_pmos[delvto] = 0.000000000000000e+00
@n.xbgr.xm52_u20.nsg13_hv_pmos[factuo] = 1.000000000000000e+00
@n.xbgr.xm52_u21.nsg13_hv_pmos[w] = 9.999999999999999e-06
@n.xbgr.xm52_u21.nsg13_hv_pmos[l] = 4.000000000000000e-06
@n.xbgr.xm52_u21.nsg13_hv_pmos[delvto] = 0.000000000000000e+00
@n.xbgr.xm52_u21.nsg13_hv_pmos[factuo] = 1.000000000000000e+00
@n.xbgr.xm52_u22.nsg13_hv_pmos[w] = 9.999999999999999e-06
@n.xbgr.xm52_u22.nsg13_hv_pmos[l] = 4.000000000000000e-06
@n.xbgr.xm52_u22.nsg13_hv_pmos[delvto] = 0.000000000000000e+00
@n.xbgr.xm52_u22.nsg13_hv_pmos[factuo] = 1.000000000000000e+00
@n.xbgr.xm52_u23.nsg13_hv_pmos[w] = 9.999999999999999e-06
@n.xbgr.xm52_u23.nsg13_hv_pmos[l] = 4.000000000000000e-06
@n.xbgr.xm52_u23.nsg13_hv_pmos[delvto] = 0.000000000000000e+00
@n.xbgr.xm52_u23.nsg13_hv_pmos[factuo] = 1.000000000000000e+00
@n.xbgr.xm52_u24.nsg13_hv_pmos[w] = 9.999999999999999e-06
@n.xbgr.xm52_u24.nsg13_hv_pmos[l] = 4.000000000000000e-06
@n.xbgr.xm52_u24.nsg13_hv_pmos[delvto] = 0.000000000000000e+00
@n.xbgr.xm52_u24.nsg13_hv_pmos[factuo] = 1.000000000000000e+00
@n.xbgr.xm54_u2.nsg13_hv_pmos[w] = 9.999999999999999e-06
@n.xbgr.xm54_u2.nsg13_hv_pmos[l] = 4.000000000000000e-06
@n.xbgr.xm54_u2.nsg13_hv_pmos[delvto] = 0.000000000000000e+00
@n.xbgr.xm54_u2.nsg13_hv_pmos[factuo] = 1.000000000000000e+00
@n.xbgr.xm54_u3.nsg13_hv_pmos[w] = 9.999999999999999e-06
@n.xbgr.xm54_u3.nsg13_hv_pmos[l] = 4.000000000000000e-06
@n.xbgr.xm54_u3.nsg13_hv_pmos[delvto] = 0.000000000000000e+00
@n.xbgr.xm54_u3.nsg13_hv_pmos[factuo] = 1.000000000000000e+00
@n.xbgr.xm54_u4.nsg13_hv_pmos[w] = 9.999999999999999e-06
@n.xbgr.xm54_u4.nsg13_hv_pmos[l] = 4.000000000000000e-06
@n.xbgr.xm54_u4.nsg13_hv_pmos[delvto] = 0.000000000000000e+00
@n.xbgr.xm54_u4.nsg13_hv_pmos[factuo] = 1.000000000000000e+00
@n.xbgr.xm54_u5.nsg13_hv_pmos[w] = 9.999999999999999e-06
@n.xbgr.xm54_u5.nsg13_hv_pmos[l] = 4.000000000000000e-06
@n.xbgr.xm54_u5.nsg13_hv_pmos[delvto] = 0.000000000000000e+00
@n.xbgr.xm54_u5.nsg13_hv_pmos[factuo] = 1.000000000000000e+00
@n.xbgr.xm54_u6.nsg13_hv_pmos[w] = 9.999999999999999e-06
@n.xbgr.xm54_u6.nsg13_hv_pmos[l] = 4.000000000000000e-06
@n.xbgr.xm54_u6.nsg13_hv_pmos[delvto] = 0.000000000000000e+00
@n.xbgr.xm54_u6.nsg13_hv_pmos[factuo] = 1.000000000000000e+00
@n.xbgr.xm54_u7.nsg13_hv_pmos[w] = 9.999999999999999e-06
@n.xbgr.xm54_u7.nsg13_hv_pmos[l] = 4.000000000000000e-06
@n.xbgr.xm54_u7.nsg13_hv_pmos[delvto] = 0.000000000000000e+00
@n.xbgr.xm54_u7.nsg13_hv_pmos[factuo] = 1.000000000000000e+00
@n.xbgr.xm54_u8.nsg13_hv_pmos[w] = 9.999999999999999e-06
@n.xbgr.xm54_u8.nsg13_hv_pmos[l] = 4.000000000000000e-06
@n.xbgr.xm54_u8.nsg13_hv_pmos[delvto] = 0.000000000000000e+00
@n.xbgr.xm54_u8.nsg13_hv_pmos[factuo] = 1.000000000000000e+00
@n.xbgr.xm54_u9.nsg13_hv_pmos[w] = 9.999999999999999e-06
@n.xbgr.xm54_u9.nsg13_hv_pmos[l] = 4.000000000000000e-06
@n.xbgr.xm54_u9.nsg13_hv_pmos[delvto] = 0.000000000000000e+00
@n.xbgr.xm54_u9.nsg13_hv_pmos[factuo] = 1.000000000000000e+00
@n.xbgr.xm54_u10.nsg13_hv_pmos[w] = 9.999999999999999e-06
@n.xbgr.xm54_u10.nsg13_hv_pmos[l] = 4.000000000000000e-06
@n.xbgr.xm54_u10.nsg13_hv_pmos[delvto] = 0.000000000000000e+00
@n.xbgr.xm54_u10.nsg13_hv_pmos[factuo] = 1.000000000000000e+00
@n.xbgr.xm54_u11.nsg13_hv_pmos[w] = 9.999999999999999e-06
@n.xbgr.xm54_u11.nsg13_hv_pmos[l] = 4.000000000000000e-06
@n.xbgr.xm54_u11.nsg13_hv_pmos[delvto] = 0.000000000000000e+00
@n.xbgr.xm54_u11.nsg13_hv_pmos[factuo] = 1.000000000000000e+00
@n.xbgr.xm54_u12.nsg13_hv_pmos[w] = 9.999999999999999e-06
@n.xbgr.xm54_u12.nsg13_hv_pmos[l] = 4.000000000000000e-06
@n.xbgr.xm54_u12.nsg13_hv_pmos[delvto] = 0.000000000000000e+00
@n.xbgr.xm54_u12.nsg13_hv_pmos[factuo] = 1.000000000000000e+00
@n.xbgr.xm54_u13.nsg13_hv_pmos[w] = 9.999999999999999e-06
@n.xbgr.xm54_u13.nsg13_hv_pmos[l] = 4.000000000000000e-06
@n.xbgr.xm54_u13.nsg13_hv_pmos[delvto] = 0.000000000000000e+00
@n.xbgr.xm54_u13.nsg13_hv_pmos[factuo] = 1.000000000000000e+00
@n.xbgr.xm54_u14.nsg13_hv_pmos[w] = 9.999999999999999e-06
@n.xbgr.xm54_u14.nsg13_hv_pmos[l] = 4.000000000000000e-06
@n.xbgr.xm54_u14.nsg13_hv_pmos[delvto] = 0.000000000000000e+00
@n.xbgr.xm54_u14.nsg13_hv_pmos[factuo] = 1.000000000000000e+00
@n.xbgr.xm54_u15.nsg13_hv_pmos[w] = 9.999999999999999e-06
@n.xbgr.xm54_u15.nsg13_hv_pmos[l] = 4.000000000000000e-06
@n.xbgr.xm54_u15.nsg13_hv_pmos[delvto] = 0.000000000000000e+00
@n.xbgr.xm54_u15.nsg13_hv_pmos[factuo] = 1.000000000000000e+00
@n.xbgr.xm54_u16.nsg13_hv_pmos[w] = 9.999999999999999e-06
@n.xbgr.xm54_u16.nsg13_hv_pmos[l] = 4.000000000000000e-06
@n.xbgr.xm54_u16.nsg13_hv_pmos[delvto] = 0.000000000000000e+00
@n.xbgr.xm54_u16.nsg13_hv_pmos[factuo] = 1.000000000000000e+00
@n.xbgr.xm54_u17.nsg13_hv_pmos[w] = 9.999999999999999e-06
@n.xbgr.xm54_u17.nsg13_hv_pmos[l] = 4.000000000000000e-06
@n.xbgr.xm54_u17.nsg13_hv_pmos[delvto] = 0.000000000000000e+00
@n.xbgr.xm54_u17.nsg13_hv_pmos[factuo] = 1.000000000000000e+00
@n.xbgr.xm54_u18.nsg13_hv_pmos[w] = 9.999999999999999e-06
@n.xbgr.xm54_u18.nsg13_hv_pmos[l] = 4.000000000000000e-06
@n.xbgr.xm54_u18.nsg13_hv_pmos[delvto] = 0.000000000000000e+00
@n.xbgr.xm54_u18.nsg13_hv_pmos[factuo] = 1.000000000000000e+00
@n.xbgr.xm54_u19.nsg13_hv_pmos[w] = 9.999999999999999e-06
@n.xbgr.xm54_u19.nsg13_hv_pmos[l] = 4.000000000000000e-06
@n.xbgr.xm54_u19.nsg13_hv_pmos[delvto] = 0.000000000000000e+00
@n.xbgr.xm54_u19.nsg13_hv_pmos[factuo] = 1.000000000000000e+00
@n.xbgr.xm54_u20.nsg13_hv_pmos[w] = 9.999999999999999e-06
@n.xbgr.xm54_u20.nsg13_hv_pmos[l] = 4.000000000000000e-06
@n.xbgr.xm54_u20.nsg13_hv_pmos[delvto] = 0.000000000000000e+00
@n.xbgr.xm54_u20.nsg13_hv_pmos[factuo] = 1.000000000000000e+00
@n.xbgr.xm54_u21.nsg13_hv_pmos[w] = 9.999999999999999e-06
@n.xbgr.xm54_u21.nsg13_hv_pmos[l] = 4.000000000000000e-06
@n.xbgr.xm54_u21.nsg13_hv_pmos[delvto] = 0.000000000000000e+00
@n.xbgr.xm54_u21.nsg13_hv_pmos[factuo] = 1.000000000000000e+00
@n.xbgr.xm54_u22.nsg13_hv_pmos[w] = 9.999999999999999e-06
@n.xbgr.xm54_u22.nsg13_hv_pmos[l] = 4.000000000000000e-06
@n.xbgr.xm54_u22.nsg13_hv_pmos[delvto] = 0.000000000000000e+00
@n.xbgr.xm54_u22.nsg13_hv_pmos[factuo] = 1.000000000000000e+00
@n.xbgr.xm54_u23.nsg13_hv_pmos[w] = 9.999999999999999e-06
@n.xbgr.xm54_u23.nsg13_hv_pmos[l] = 4.000000000000000e-06
@n.xbgr.xm54_u23.nsg13_hv_pmos[delvto] = 0.000000000000000e+00
@n.xbgr.xm54_u23.nsg13_hv_pmos[factuo] = 1.000000000000000e+00
@n.xbgr.xm54_u24.nsg13_hv_pmos[w] = 9.999999999999999e-06
@n.xbgr.xm54_u24.nsg13_hv_pmos[l] = 4.000000000000000e-06
@n.xbgr.xm54_u24.nsg13_hv_pmos[delvto] = 0.000000000000000e+00
@n.xbgr.xm54_u24.nsg13_hv_pmos[factuo] = 1.000000000000000e+00
@q.xbgr.xq56_u2.qnpn13g2[area] = 1.000000000000000e+00
@q.xbgr.xq56_u3.qnpn13g2[area] = 1.000000000000000e+00
@q.xbgr.xq56_u4.qnpn13g2[area] = 1.000000000000000e+00
@q.xbgr.xq56_u5.qnpn13g2[area] = 1.000000000000000e+00
@q.xbgr.xq56_u6.qnpn13g2[area] = 1.000000000000000e+00
@q.xbgr.xq56_u7.qnpn13g2[area] = 1.000000000000000e+00
@q.xbgr.xq56_u8.qnpn13g2[area] = 1.000000000000000e+00
@q.xbgr.xq56_u9.qnpn13g2[area] = 1.000000000000000e+00
@q.xbgr.xq56_u10.qnpn13g2[area] = 1.000000000000000e+00
@q.xbgr.xq56_u11.qnpn13g2[area] = 1.000000000000000e+00
@q.xbgr.xq56_u12.qnpn13g2[area] = 1.000000000000000e+00
@q.xbgr.xq56_u13.qnpn13g2[area] = 1.000000000000000e+00
@q.xbgr.xq56_u14.qnpn13g2[area] = 1.000000000000000e+00
@q.xbgr.xq56_u15.qnpn13g2[area] = 1.000000000000000e+00
@q.xbgr.xq56_u16.qnpn13g2[area] = 1.000000000000000e+00
@q.xbgr.xq56_u17.qnpn13g2[area] = 1.000000000000000e+00
@q.xbgr.xq56_u18.qnpn13g2[area] = 1.000000000000000e+00
@q.xbgr.xq56_u19.qnpn13g2[area] = 1.000000000000000e+00
@q.xbgr.xq56_u20.qnpn13g2[area] = 1.000000000000000e+00
@q.xbgr.xq56_u21.qnpn13g2[area] = 1.000000000000000e+00
@q.xbgr.xq56_u22.qnpn13g2[area] = 1.000000000000000e+00
@q.xbgr.xq56_u23.qnpn13g2[area] = 1.000000000000000e+00
@q.xbgr.xq56_u24.qnpn13g2[area] = 1.000000000000000e+00
@q.xbgr.xq60_u2.qnpn13g2[area] = 1.000000000000000e+00
@q.xbgr.xq60_u3.qnpn13g2[area] = 1.000000000000000e+00
@q.xbgr.xq60_u4.qnpn13g2[area] = 1.000000000000000e+00
@q.xbgr.xq62_u2.qnpn13g2[area] = 1.000000000000000e+00
@q.xbgr.xq62_u3.qnpn13g2[area] = 1.000000000000000e+00
@q.xbgr.xq62_u4.qnpn13g2[area] = 1.000000000000000e+00
@q.xbgr.xq62_u5.qnpn13g2[area] = 1.000000000000000e+00
@q.xbgr.xq62_u6.qnpn13g2[area] = 1.000000000000000e+00
@q.xbgr.xq62_u7.qnpn13g2[area] = 1.000000000000000e+00
@q.xbgr.xq62_u8.qnpn13g2[area] = 1.000000000000000e+00
@q.xbgr.xq62_u9.qnpn13g2[area] = 1.000000000000000e+00
@q.xbgr.xq62_u10.qnpn13g2[area] = 1.000000000000000e+00
@q.xbgr.xq62_u11.qnpn13g2[area] = 1.000000000000000e+00
@q.xbgr.xq62_u12.qnpn13g2[area] = 1.000000000000000e+00
@q.xbgr.xq62_u13.qnpn13g2[area] = 1.000000000000000e+00
@q.xbgr.xq62_u14.qnpn13g2[area] = 1.000000000000000e+00
@q.xbgr.xq62_u15.qnpn13g2[area] = 1.000000000000000e+00
@q.xbgr.xq62_u16.qnpn13g2[area] = 1.000000000000000e+00
@q.xbgr.xq62_u17.qnpn13g2[area] = 1.000000000000000e+00
@q.xbgr.xq62_u18.qnpn13g2[area] = 1.000000000000000e+00
@q.xbgr.xq62_u19.qnpn13g2[area] = 1.000000000000000e+00
@q.xbgr.xq62_u20.qnpn13g2[area] = 1.000000000000000e+00
@q.xbgr.xq62_u21.qnpn13g2[area] = 1.000000000000000e+00
@q.xbgr.xq62_u22.qnpn13g2[area] = 1.000000000000000e+00
@q.xbgr.xq62_u23.qnpn13g2[area] = 1.000000000000000e+00
@q.xbgr.xq62_u24.qnpn13g2[area] = 1.000000000000000e+00
@q.xbgr.xq67_u2.qnpn13g2[area] = 1.000000000000000e+00
@q.xbgr.xq67_u3.qnpn13g2[area] = 1.000000000000000e+00
@q.xbgr.xq67_u4.qnpn13g2[area] = 1.000000000000000e+00
@q.xbgr.xq67_u5.qnpn13g2[area] = 1.000000000000000e+00
@q.xbgr.xq67_u6.qnpn13g2[area] = 1.000000000000000e+00
@q.xbgr.xq67_u7.qnpn13g2[area] = 1.000000000000000e+00
@q.xbgr.xq67_u8.qnpn13g2[area] = 1.000000000000000e+00
@q.xbgr.xq67_u9.qnpn13g2[area] = 1.000000000000000e+00
@q.xbgr.xq67_u10.qnpn13g2[area] = 1.000000000000000e+00
@q.xbgr.xq67_u11.qnpn13g2[area] = 1.000000000000000e+00
@q.xbgr.xq67_u12.qnpn13g2[area] = 1.000000000000000e+00
@q.xbgr.xq67_u13.qnpn13g2[area] = 1.000000000000000e+00
@q.xbgr.xq67_u14.qnpn13g2[area] = 1.000000000000000e+00
@q.xbgr.xq67_u15.qnpn13g2[area] = 1.000000000000000e+00
@q.xbgr.xq67_u16.qnpn13g2[area] = 1.000000000000000e+00
@q.xbgr.xq67_u17.qnpn13g2[area] = 1.000000000000000e+00
@q.xbgr.xq67_u18.qnpn13g2[area] = 1.000000000000000e+00
@q.xbgr.xq67_u19.qnpn13g2[area] = 1.000000000000000e+00
@q.xbgr.xq67_u20.qnpn13g2[area] = 1.000000000000000e+00
@q.xbgr.xq67_u21.qnpn13g2[area] = 1.000000000000000e+00
@q.xbgr.xq67_u22.qnpn13g2[area] = 1.000000000000000e+00
@q.xbgr.xq67_u23.qnpn13g2[area] = 1.000000000000000e+00
@q.xbgr.xq67_u24.qnpn13g2[area] = 1.000000000000000e+00
@q.xbgr.xq68_u2.qnpn13g2[area] = 1.000000000000000e+00
@q.xbgr.xq68_u3.qnpn13g2[area] = 1.000000000000000e+00
@q.xbgr.xq68_u4.qnpn13g2[area] = 1.000000000000000e+00
@q.xbgr.xq68_u5.qnpn13g2[area] = 1.000000000000000e+00
@q.xbgr.xq68_u6.qnpn13g2[area] = 1.000000000000000e+00
@q.xbgr.xq68_u7.qnpn13g2[area] = 1.000000000000000e+00
@q.xbgr.xq68_u8.qnpn13g2[area] = 1.000000000000000e+00
@q.xbgr.xq68_u9.qnpn13g2[area] = 1.000000000000000e+00
@q.xbgr.xq68_u10.qnpn13g2[area] = 1.000000000000000e+00
@q.xbgr.xq68_u11.qnpn13g2[area] = 1.000000000000000e+00
@q.xbgr.xq68_u12.qnpn13g2[area] = 1.000000000000000e+00
@q.xbgr.xq68_u13.qnpn13g2[area] = 1.000000000000000e+00
@q.xbgr.xq68_u14.qnpn13g2[area] = 1.000000000000000e+00
@q.xbgr.xq68_u15.qnpn13g2[area] = 1.000000000000000e+00
@q.xbgr.xq68_u16.qnpn13g2[area] = 1.000000000000000e+00
@q.xbgr.xq68_u17.qnpn13g2[area] = 1.000000000000000e+00
@q.xbgr.xq68_u18.qnpn13g2[area] = 1.000000000000000e+00
@q.xbgr.xq68_u19.qnpn13g2[area] = 1.000000000000000e+00
@q.xbgr.xq68_u20.qnpn13g2[area] = 1.000000000000000e+00
@q.xbgr.xq68_u21.qnpn13g2[area] = 1.000000000000000e+00
@q.xbgr.xq68_u22.qnpn13g2[area] = 1.000000000000000e+00
@q.xbgr.xq68_u23.qnpn13g2[area] = 1.000000000000000e+00
@q.xbgr.xq68_u24.qnpn13g2[area] = 1.000000000000000e+00
@q.xbgr.xq69_u2.qnpn13g2[area] = 1.000000000000000e+00
@q.xbgr.xq69_u3.qnpn13g2[area] = 1.000000000000000e+00
@q.xbgr.xq69_u4.qnpn13g2[area] = 1.000000000000000e+00
@q.xbgr.xq69_u5.qnpn13g2[area] = 1.000000000000000e+00
@q.xbgr.xq69_u6.qnpn13g2[area] = 1.000000000000000e+00
@q.xbgr.xq69_u7.qnpn13g2[area] = 1.000000000000000e+00
@q.xbgr.xq69_u8.qnpn13g2[area] = 1.000000000000000e+00
@q.xbgr.xq69_u9.qnpn13g2[area] = 1.000000000000000e+00
@q.xbgr.xq69_u10.qnpn13g2[area] = 1.000000000000000e+00
@q.xbgr.xq69_u11.qnpn13g2[area] = 1.000000000000000e+00
@q.xbgr.xq69_u12.qnpn13g2[area] = 1.000000000000000e+00
@q.xbgr.xq69_u13.qnpn13g2[area] = 1.000000000000000e+00
@q.xbgr.xq69_u14.qnpn13g2[area] = 1.000000000000000e+00
@q.xbgr.xq69_u15.qnpn13g2[area] = 1.000000000000000e+00
@q.xbgr.xq69_u16.qnpn13g2[area] = 1.000000000000000e+00
@q.xbgr.xq69_u17.qnpn13g2[area] = 1.000000000000000e+00
@q.xbgr.xq69_u18.qnpn13g2[area] = 1.000000000000000e+00
@q.xbgr.xq69_u19.qnpn13g2[area] = 1.000000000000000e+00
@q.xbgr.xq69_u20.qnpn13g2[area] = 1.000000000000000e+00
@q.xbgr.xq69_u21.qnpn13g2[area] = 1.000000000000000e+00
@q.xbgr.xq69_u22.qnpn13g2[area] = 1.000000000000000e+00
@q.xbgr.xq69_u23.qnpn13g2[area] = 1.000000000000000e+00
@q.xbgr.xq69_u24.qnpn13g2[area] = 1.000000000000000e+00
@q.xbgr.xq70_u2.qnpn13g2[area] = 1.000000000000000e+00
@q.xbgr.xq70_u3.qnpn13g2[area] = 1.000000000000000e+00
@q.xbgr.xq70_u4.qnpn13g2[area] = 1.000000000000000e+00
@q.xbgr.xq70_u5.qnpn13g2[area] = 1.000000000000000e+00
@q.xbgr.xq70_u6.qnpn13g2[area] = 1.000000000000000e+00
@q.xbgr.xq70_u7.qnpn13g2[area] = 1.000000000000000e+00
@q.xbgr.xq70_u8.qnpn13g2[area] = 1.000000000000000e+00
@q.xbgr.xq70_u9.qnpn13g2[area] = 1.000000000000000e+00
@q.xbgr.xq70_u10.qnpn13g2[area] = 1.000000000000000e+00
@q.xbgr.xq70_u11.qnpn13g2[area] = 1.000000000000000e+00
@q.xbgr.xq70_u12.qnpn13g2[area] = 1.000000000000000e+00
@q.xbgr.xq70_u13.qnpn13g2[area] = 1.000000000000000e+00
@q.xbgr.xq70_u14.qnpn13g2[area] = 1.000000000000000e+00
@q.xbgr.xq70_u15.qnpn13g2[area] = 1.000000000000000e+00
@q.xbgr.xq70_u16.qnpn13g2[area] = 1.000000000000000e+00
@q.xbgr.xq70_u17.qnpn13g2[area] = 1.000000000000000e+00
@q.xbgr.xq70_u18.qnpn13g2[area] = 1.000000000000000e+00
@q.xbgr.xq70_u19.qnpn13g2[area] = 1.000000000000000e+00
@q.xbgr.xq70_u20.qnpn13g2[area] = 1.000000000000000e+00
@q.xbgr.xq70_u21.qnpn13g2[area] = 1.000000000000000e+00
@q.xbgr.xq70_u22.qnpn13g2[area] = 1.000000000000000e+00
@q.xbgr.xq70_u23.qnpn13g2[area] = 1.000000000000000e+00
@q.xbgr.xq70_u24.qnpn13g2[area] = 1.000000000000000e+00
@q.xbgr.xq71_u2.qnpn13g2[area] = 1.000000000000000e+00
@q.xbgr.xq71_u3.qnpn13g2[area] = 1.000000000000000e+00
@q.xbgr.xq71_u4.qnpn13g2[area] = 1.000000000000000e+00
@q.xbgr.xq71_u5.qnpn13g2[area] = 1.000000000000000e+00
@q.xbgr.xq71_u6.qnpn13g2[area] = 1.000000000000000e+00
@q.xbgr.xq71_u7.qnpn13g2[area] = 1.000000000000000e+00
@q.xbgr.xq71_u8.qnpn13g2[area] = 1.000000000000000e+00
@q.xbgr.xq71_u9.qnpn13g2[area] = 1.000000000000000e+00
@q.xbgr.xq71_u10.qnpn13g2[area] = 1.000000000000000e+00
@q.xbgr.xq71_u11.qnpn13g2[area] = 1.000000000000000e+00
@q.xbgr.xq71_u12.qnpn13g2[area] = 1.000000000000000e+00
@q.xbgr.xq71_u13.qnpn13g2[area] = 1.000000000000000e+00
@q.xbgr.xq71_u14.qnpn13g2[area] = 1.000000000000000e+00
@q.xbgr.xq71_u15.qnpn13g2[area] = 1.000000000000000e+00
@q.xbgr.xq71_u16.qnpn13g2[area] = 1.000000000000000e+00
@q.xbgr.xq71_u17.qnpn13g2[area] = 1.000000000000000e+00
@q.xbgr.xq71_u18.qnpn13g2[area] = 1.000000000000000e+00
@q.xbgr.xq71_u19.qnpn13g2[area] = 1.000000000000000e+00
@q.xbgr.xq71_u20.qnpn13g2[area] = 1.000000000000000e+00
@q.xbgr.xq71_u21.qnpn13g2[area] = 1.000000000000000e+00
@q.xbgr.xq71_u22.qnpn13g2[area] = 1.000000000000000e+00
@q.xbgr.xq71_u23.qnpn13g2[area] = 1.000000000000000e+00
@q.xbgr.xq71_u24.qnpn13g2[area] = 1.000000000000000e+00
@q.xbgr.xq72_u2.qnpn13g2[area] = 1.000000000000000e+00
@q.xbgr.xq72_u3.qnpn13g2[area] = 1.000000000000000e+00
@q.xbgr.xq72_u4.qnpn13g2[area] = 1.000000000000000e+00
@q.xbgr.xq72_u5.qnpn13g2[area] = 1.000000000000000e+00
@q.xbgr.xq72_u6.qnpn13g2[area] = 1.000000000000000e+00
@q.xbgr.xq72_u7.qnpn13g2[area] = 1.000000000000000e+00
@q.xbgr.xq72_u8.qnpn13g2[area] = 1.000000000000000e+00
@q.xbgr.xq72_u9.qnpn13g2[area] = 1.000000000000000e+00
@q.xbgr.xq72_u10.qnpn13g2[area] = 1.000000000000000e+00
@q.xbgr.xq72_u11.qnpn13g2[area] = 1.000000000000000e+00
@q.xbgr.xq72_u12.qnpn13g2[area] = 1.000000000000000e+00
@q.xbgr.xq72_u13.qnpn13g2[area] = 1.000000000000000e+00
@q.xbgr.xq72_u14.qnpn13g2[area] = 1.000000000000000e+00
@q.xbgr.xq72_u15.qnpn13g2[area] = 1.000000000000000e+00
@q.xbgr.xq72_u16.qnpn13g2[area] = 1.000000000000000e+00
@q.xbgr.xq72_u17.qnpn13g2[area] = 1.000000000000000e+00
@q.xbgr.xq72_u18.qnpn13g2[area] = 1.000000000000000e+00
@q.xbgr.xq72_u19.qnpn13g2[area] = 1.000000000000000e+00
@q.xbgr.xq72_u20.qnpn13g2[area] = 1.000000000000000e+00
@q.xbgr.xq72_u21.qnpn13g2[area] = 1.000000000000000e+00
@q.xbgr.xq72_u22.qnpn13g2[area] = 1.000000000000000e+00
@q.xbgr.xq72_u23.qnpn13g2[area] = 1.000000000000000e+00
@q.xbgr.xq72_u24.qnpn13g2[area] = 1.000000000000000e+00
@q.xbgr.xq73_u2.qnpn13g2[area] = 1.000000000000000e+00
@q.xbgr.xq73_u3.qnpn13g2[area] = 1.000000000000000e+00
@q.xbgr.xq73_u4.qnpn13g2[area] = 1.000000000000000e+00
@q.xbgr.xq73_u5.qnpn13g2[area] = 1.000000000000000e+00
@q.xbgr.xq73_u6.qnpn13g2[area] = 1.000000000000000e+00
@q.xbgr.xq73_u7.qnpn13g2[area] = 1.000000000000000e+00
@q.xbgr.xq73_u8.qnpn13g2[area] = 1.000000000000000e+00
@q.xbgr.xq73_u9.qnpn13g2[area] = 1.000000000000000e+00
@q.xbgr.xq73_u10.qnpn13g2[area] = 1.000000000000000e+00
@q.xbgr.xq73_u11.qnpn13g2[area] = 1.000000000000000e+00
@q.xbgr.xq73_u12.qnpn13g2[area] = 1.000000000000000e+00
@q.xbgr.xq73_u13.qnpn13g2[area] = 1.000000000000000e+00
@q.xbgr.xq73_u14.qnpn13g2[area] = 1.000000000000000e+00
@q.xbgr.xq73_u15.qnpn13g2[area] = 1.000000000000000e+00
@q.xbgr.xq73_u16.qnpn13g2[area] = 1.000000000000000e+00
@q.xbgr.xq73_u17.qnpn13g2[area] = 1.000000000000000e+00
@q.xbgr.xq73_u18.qnpn13g2[area] = 1.000000000000000e+00
@q.xbgr.xq73_u19.qnpn13g2[area] = 1.000000000000000e+00
@q.xbgr.xq73_u20.qnpn13g2[area] = 1.000000000000000e+00
@q.xbgr.xq73_u21.qnpn13g2[area] = 1.000000000000000e+00
@q.xbgr.xq73_u22.qnpn13g2[area] = 1.000000000000000e+00
@q.xbgr.xq73_u23.qnpn13g2[area] = 1.000000000000000e+00
@q.xbgr.xq73_u24.qnpn13g2[area] = 1.000000000000000e+00
@q.xbgr.xq74_u2.qnpn13g2[area] = 1.000000000000000e+00
@q.xbgr.xq74_u3.qnpn13g2[area] = 1.000000000000000e+00
@q.xbgr.xq74_u4.qnpn13g2[area] = 1.000000000000000e+00
@q.xbgr.xq74_u5.qnpn13g2[area] = 1.000000000000000e+00
@q.xbgr.xq74_u6.qnpn13g2[area] = 1.000000000000000e+00
@q.xbgr.xq74_u7.qnpn13g2[area] = 1.000000000000000e+00
@q.xbgr.xq74_u8.qnpn13g2[area] = 1.000000000000000e+00
@q.xbgr.xq74_u9.qnpn13g2[area] = 1.000000000000000e+00
@q.xbgr.xq74_u10.qnpn13g2[area] = 1.000000000000000e+00
@q.xbgr.xq74_u11.qnpn13g2[area] = 1.000000000000000e+00
@q.xbgr.xq74_u12.qnpn13g2[area] = 1.000000000000000e+00
@q.xbgr.xq74_u13.qnpn13g2[area] = 1.000000000000000e+00
@q.xbgr.xq74_u14.qnpn13g2[area] = 1.000000000000000e+00
@q.xbgr.xq74_u15.qnpn13g2[area] = 1.000000000000000e+00
@q.xbgr.xq74_u16.qnpn13g2[area] = 1.000000000000000e+00
@q.xbgr.xq74_u17.qnpn13g2[area] = 1.000000000000000e+00
@q.xbgr.xq74_u18.qnpn13g2[area] = 1.000000000000000e+00
@q.xbgr.xq74_u19.qnpn13g2[area] = 1.000000000000000e+00
@q.xbgr.xq74_u20.qnpn13g2[area] = 1.000000000000000e+00
@q.xbgr.xq74_u21.qnpn13g2[area] = 1.000000000000000e+00
@q.xbgr.xq74_u22.qnpn13g2[area] = 1.000000000000000e+00
@q.xbgr.xq74_u23.qnpn13g2[area] = 1.000000000000000e+00
@q.xbgr.xq74_u24.qnpn13g2[area] = 1.000000000000000e+00
@q.xbgr.xq75_u2.qnpn13g2[area] = 1.000000000000000e+00
@q.xbgr.xq75_u3.qnpn13g2[area] = 1.000000000000000e+00
@q.xbgr.xq75_u4.qnpn13g2[area] = 1.000000000000000e+00
@q.xbgr.xq75_u5.qnpn13g2[area] = 1.000000000000000e+00
@q.xbgr.xq75_u6.qnpn13g2[area] = 1.000000000000000e+00
@q.xbgr.xq75_u7.qnpn13g2[area] = 1.000000000000000e+00
@q.xbgr.xq75_u8.qnpn13g2[area] = 1.000000000000000e+00
@q.xbgr.xq75_u9.qnpn13g2[area] = 1.000000000000000e+00
@q.xbgr.xq75_u10.qnpn13g2[area] = 1.000000000000000e+00
@q.xbgr.xq75_u11.qnpn13g2[area] = 1.000000000000000e+00
@q.xbgr.xq75_u12.qnpn13g2[area] = 1.000000000000000e+00
@q.xbgr.xq75_u13.qnpn13g2[area] = 1.000000000000000e+00
@q.xbgr.xq75_u14.qnpn13g2[area] = 1.000000000000000e+00
@q.xbgr.xq75_u15.qnpn13g2[area] = 1.000000000000000e+00
@q.xbgr.xq75_u16.qnpn13g2[area] = 1.000000000000000e+00
@q.xbgr.xq75_u17.qnpn13g2[area] = 1.000000000000000e+00
@q.xbgr.xq75_u18.qnpn13g2[area] = 1.000000000000000e+00
@q.xbgr.xq75_u19.qnpn13g2[area] = 1.000000000000000e+00
@q.xbgr.xq75_u20.qnpn13g2[area] = 1.000000000000000e+00
@q.xbgr.xq75_u21.qnpn13g2[area] = 1.000000000000000e+00
@q.xbgr.xq75_u22.qnpn13g2[area] = 1.000000000000000e+00
@q.xbgr.xq75_u23.qnpn13g2[area] = 1.000000000000000e+00
@q.xbgr.xq75_u24.qnpn13g2[area] = 1.000000000000000e+00
@q.xbgr.xq76_u2.qnpn13g2[area] = 1.000000000000000e+00
@q.xbgr.xq76_u3.qnpn13g2[area] = 1.000000000000000e+00
@q.xbgr.xq76_u4.qnpn13g2[area] = 1.000000000000000e+00
@q.xbgr.xq76_u5.qnpn13g2[area] = 1.000000000000000e+00
@q.xbgr.xq76_u6.qnpn13g2[area] = 1.000000000000000e+00
@q.xbgr.xq76_u7.qnpn13g2[area] = 1.000000000000000e+00
@q.xbgr.xq76_u8.qnpn13g2[area] = 1.000000000000000e+00
@q.xbgr.xq76_u9.qnpn13g2[area] = 1.000000000000000e+00
@q.xbgr.xq76_u10.qnpn13g2[area] = 1.000000000000000e+00
@q.xbgr.xq76_u11.qnpn13g2[area] = 1.000000000000000e+00
@q.xbgr.xq76_u12.qnpn13g2[area] = 1.000000000000000e+00
@q.xbgr.xq76_u13.qnpn13g2[area] = 1.000000000000000e+00
@q.xbgr.xq76_u14.qnpn13g2[area] = 1.000000000000000e+00
@q.xbgr.xq76_u15.qnpn13g2[area] = 1.000000000000000e+00
@q.xbgr.xq76_u16.qnpn13g2[area] = 1.000000000000000e+00
@q.xbgr.xq76_u17.qnpn13g2[area] = 1.000000000000000e+00
@q.xbgr.xq76_u18.qnpn13g2[area] = 1.000000000000000e+00
@q.xbgr.xq76_u19.qnpn13g2[area] = 1.000000000000000e+00
@q.xbgr.xq76_u20.qnpn13g2[area] = 1.000000000000000e+00
@q.xbgr.xq76_u21.qnpn13g2[area] = 1.000000000000000e+00
@q.xbgr.xq76_u22.qnpn13g2[area] = 1.000000000000000e+00
@q.xbgr.xq76_u23.qnpn13g2[area] = 1.000000000000000e+00
@q.xbgr.xq76_u24.qnpn13g2[area] = 1.000000000000000e+00
@n.xbgr.xr77_u2.nr1[nsmm_rsh] = 0.000000000000000e+00
@n.xbgr.xr77_u2.nr1[nsmm_w] = 0.000000000000000e+00
@n.xbgr.xr77_u2.nr1[nsmm_l] = 0.000000000000000e+00
@n.xbgr.xr77_u3.nr1[nsmm_rsh] = 0.000000000000000e+00
@n.xbgr.xr77_u3.nr1[nsmm_w] = 0.000000000000000e+00
@n.xbgr.xr77_u3.nr1[nsmm_l] = 0.000000000000000e+00
@n.xbgr.xr77_u4.nr1[nsmm_rsh] = 0.000000000000000e+00
@n.xbgr.xr77_u4.nr1[nsmm_w] = 0.000000000000000e+00
@n.xbgr.xr77_u4.nr1[nsmm_l] = 0.000000000000000e+00
@n.xbgr.xr77_u5.nr1[nsmm_rsh] = 0.000000000000000e+00
@n.xbgr.xr77_u5.nr1[nsmm_w] = 0.000000000000000e+00
@n.xbgr.xr77_u5.nr1[nsmm_l] = 0.000000000000000e+00
@n.xbgr.xr77_u6.nr1[nsmm_rsh] = 0.000000000000000e+00
@n.xbgr.xr77_u6.nr1[nsmm_w] = 0.000000000000000e+00
@n.xbgr.xr77_u6.nr1[nsmm_l] = 0.000000000000000e+00
@n.xbgr.xr77_u7.nr1[nsmm_rsh] = 0.000000000000000e+00
@n.xbgr.xr77_u7.nr1[nsmm_w] = 0.000000000000000e+00
@n.xbgr.xr77_u7.nr1[nsmm_l] = 0.000000000000000e+00
@n.xbgr.xr77_u8.nr1[nsmm_rsh] = 0.000000000000000e+00
@n.xbgr.xr77_u8.nr1[nsmm_w] = 0.000000000000000e+00
@n.xbgr.xr77_u8.nr1[nsmm_l] = 0.000000000000000e+00
@n.xbgr.xr77_u9.nr1[nsmm_rsh] = 0.000000000000000e+00
@n.xbgr.xr77_u9.nr1[nsmm_w] = 0.000000000000000e+00
@n.xbgr.xr77_u9.nr1[nsmm_l] = 0.000000000000000e+00
@n.xbgr.xr77_u10.nr1[nsmm_rsh] = 0.000000000000000e+00
@n.xbgr.xr77_u10.nr1[nsmm_w] = 0.000000000000000e+00
@n.xbgr.xr77_u10.nr1[nsmm_l] = 0.000000000000000e+00
@n.xbgr.xr77_u11.nr1[nsmm_rsh] = 0.000000000000000e+00
@n.xbgr.xr77_u11.nr1[nsmm_w] = 0.000000000000000e+00
@n.xbgr.xr77_u11.nr1[nsmm_l] = 0.000000000000000e+00
@n.xbgr.xr77_u12.nr1[nsmm_rsh] = 0.000000000000000e+00
@n.xbgr.xr77_u12.nr1[nsmm_w] = 0.000000000000000e+00
@n.xbgr.xr77_u12.nr1[nsmm_l] = 0.000000000000000e+00
@n.xbgr.xr77_u13.nr1[nsmm_rsh] = 0.000000000000000e+00
@n.xbgr.xr77_u13.nr1[nsmm_w] = 0.000000000000000e+00
@n.xbgr.xr77_u13.nr1[nsmm_l] = 0.000000000000000e+00
@n.xbgr.xr77_u14.nr1[nsmm_rsh] = 0.000000000000000e+00
@n.xbgr.xr77_u14.nr1[nsmm_w] = 0.000000000000000e+00
@n.xbgr.xr77_u14.nr1[nsmm_l] = 0.000000000000000e+00
@n.xbgr.xr77_u15.nr1[nsmm_rsh] = 0.000000000000000e+00
@n.xbgr.xr77_u15.nr1[nsmm_w] = 0.000000000000000e+00
@n.xbgr.xr77_u15.nr1[nsmm_l] = 0.000000000000000e+00
@n.xbgr.xr77_u16.nr1[nsmm_rsh] = 0.000000000000000e+00
@n.xbgr.xr77_u16.nr1[nsmm_w] = 0.000000000000000e+00
@n.xbgr.xr77_u16.nr1[nsmm_l] = 0.000000000000000e+00
@n.xbgr.xr77_u17.nr1[nsmm_rsh] = 0.000000000000000e+00
@n.xbgr.xr77_u17.nr1[nsmm_w] = 0.000000000000000e+00
@n.xbgr.xr77_u17.nr1[nsmm_l] = 0.000000000000000e+00
@n.xbgr.xr77_u18.nr1[nsmm_rsh] = 0.000000000000000e+00
@n.xbgr.xr77_u18.nr1[nsmm_w] = 0.000000000000000e+00
@n.xbgr.xr77_u18.nr1[nsmm_l] = 0.000000000000000e+00
@n.xbgr.xr77_u19.nr1[nsmm_rsh] = 0.000000000000000e+00
@n.xbgr.xr77_u19.nr1[nsmm_w] = 0.000000000000000e+00
@n.xbgr.xr77_u19.nr1[nsmm_l] = 0.000000000000000e+00
@n.xbgr.xr77_u20.nr1[nsmm_rsh] = 0.000000000000000e+00
@n.xbgr.xr77_u20.nr1[nsmm_w] = 0.000000000000000e+00
@n.xbgr.xr77_u20.nr1[nsmm_l] = 0.000000000000000e+00
@n.xbgr.xr77_u21.nr1[nsmm_rsh] = 0.000000000000000e+00
@n.xbgr.xr77_u21.nr1[nsmm_w] = 0.000000000000000e+00
@n.xbgr.xr77_u21.nr1[nsmm_l] = 0.000000000000000e+00
@n.xbgr.xr77_u22.nr1[nsmm_rsh] = 0.000000000000000e+00
@n.xbgr.xr77_u22.nr1[nsmm_w] = 0.000000000000000e+00
@n.xbgr.xr77_u22.nr1[nsmm_l] = 0.000000000000000e+00
@n.xbgr.xr77_u23.nr1[nsmm_rsh] = 0.000000000000000e+00
@n.xbgr.xr77_u23.nr1[nsmm_w] = 0.000000000000000e+00
@n.xbgr.xr77_u23.nr1[nsmm_l] = 0.000000000000000e+00
@n.xbgr.xr77_u24.nr1[nsmm_rsh] = 0.000000000000000e+00
@n.xbgr.xr77_u24.nr1[nsmm_w] = 0.000000000000000e+00
@n.xbgr.xr77_u24.nr1[nsmm_l] = 0.000000000000000e+00
@n.xbgr.xr78_u2.nr1[nsmm_rsh] = 0.000000000000000e+00
@n.xbgr.xr78_u2.nr1[nsmm_w] = 0.000000000000000e+00
@n.xbgr.xr78_u2.nr1[nsmm_l] = 0.000000000000000e+00
@n.xbgr.xr78_u3.nr1[nsmm_rsh] = 0.000000000000000e+00
@n.xbgr.xr78_u3.nr1[nsmm_w] = 0.000000000000000e+00
@n.xbgr.xr78_u3.nr1[nsmm_l] = 0.000000000000000e+00
@n.xbgr.xr78_u4.nr1[nsmm_rsh] = 0.000000000000000e+00
@n.xbgr.xr78_u4.nr1[nsmm_w] = 0.000000000000000e+00
@n.xbgr.xr78_u4.nr1[nsmm_l] = 0.000000000000000e+00
@n.xbgr.xr78_u5.nr1[nsmm_rsh] = 0.000000000000000e+00
@n.xbgr.xr78_u5.nr1[nsmm_w] = 0.000000000000000e+00
@n.xbgr.xr78_u5.nr1[nsmm_l] = 0.000000000000000e+00
@n.xbgr.xr78_u6.nr1[nsmm_rsh] = 0.000000000000000e+00
@n.xbgr.xr78_u6.nr1[nsmm_w] = 0.000000000000000e+00
@n.xbgr.xr78_u6.nr1[nsmm_l] = 0.000000000000000e+00
@n.xbgr.xr78_u7.nr1[nsmm_rsh] = 0.000000000000000e+00
@n.xbgr.xr78_u7.nr1[nsmm_w] = 0.000000000000000e+00
@n.xbgr.xr78_u7.nr1[nsmm_l] = 0.000000000000000e+00
@n.xbgr.xr78_u8.nr1[nsmm_rsh] = 0.000000000000000e+00
@n.xbgr.xr78_u8.nr1[nsmm_w] = 0.000000000000000e+00
@n.xbgr.xr78_u8.nr1[nsmm_l] = 0.000000000000000e+00
@n.xbgr.xr78_u9.nr1[nsmm_rsh] = 0.000000000000000e+00
@n.xbgr.xr78_u9.nr1[nsmm_w] = 0.000000000000000e+00
@n.xbgr.xr78_u9.nr1[nsmm_l] = 0.000000000000000e+00
@n.xbgr.xr78_u10.nr1[nsmm_rsh] = 0.000000000000000e+00
@n.xbgr.xr78_u10.nr1[nsmm_w] = 0.000000000000000e+00
@n.xbgr.xr78_u10.nr1[nsmm_l] = 0.000000000000000e+00
@n.xbgr.xr78_u11.nr1[nsmm_rsh] = 0.000000000000000e+00
@n.xbgr.xr78_u11.nr1[nsmm_w] = 0.000000000000000e+00
@n.xbgr.xr78_u11.nr1[nsmm_l] = 0.000000000000000e+00
@n.xbgr.xr78_u12.nr1[nsmm_rsh] = 0.000000000000000e+00
@n.xbgr.xr78_u12.nr1[nsmm_w] = 0.000000000000000e+00
@n.xbgr.xr78_u12.nr1[nsmm_l] = 0.000000000000000e+00
@n.xbgr.xr78_u13.nr1[nsmm_rsh] = 0.000000000000000e+00
@n.xbgr.xr78_u13.nr1[nsmm_w] = 0.000000000000000e+00
@n.xbgr.xr78_u13.nr1[nsmm_l] = 0.000000000000000e+00
@n.xbgr.xr78_u14.nr1[nsmm_rsh] = 0.000000000000000e+00
@n.xbgr.xr78_u14.nr1[nsmm_w] = 0.000000000000000e+00
@n.xbgr.xr78_u14.nr1[nsmm_l] = 0.000000000000000e+00
@n.xbgr.xr78_u15.nr1[nsmm_rsh] = 0.000000000000000e+00
@n.xbgr.xr78_u15.nr1[nsmm_w] = 0.000000000000000e+00
@n.xbgr.xr78_u15.nr1[nsmm_l] = 0.000000000000000e+00
@n.xbgr.xr78_u16.nr1[nsmm_rsh] = 0.000000000000000e+00
@n.xbgr.xr78_u16.nr1[nsmm_w] = 0.000000000000000e+00
@n.xbgr.xr78_u16.nr1[nsmm_l] = 0.000000000000000e+00
@n.xbgr.xr78_u17.nr1[nsmm_rsh] = 0.000000000000000e+00
@n.xbgr.xr78_u17.nr1[nsmm_w] = 0.000000000000000e+00
@n.xbgr.xr78_u17.nr1[nsmm_l] = 0.000000000000000e+00
@n.xbgr.xr78_u18.nr1[nsmm_rsh] = 0.000000000000000e+00
@n.xbgr.xr78_u18.nr1[nsmm_w] = 0.000000000000000e+00
@n.xbgr.xr78_u18.nr1[nsmm_l] = 0.000000000000000e+00
@n.xbgr.xr78_u19.nr1[nsmm_rsh] = 0.000000000000000e+00
@n.xbgr.xr78_u19.nr1[nsmm_w] = 0.000000000000000e+00
@n.xbgr.xr78_u19.nr1[nsmm_l] = 0.000000000000000e+00
@n.xbgr.xr78_u20.nr1[nsmm_rsh] = 0.000000000000000e+00
@n.xbgr.xr78_u20.nr1[nsmm_w] = 0.000000000000000e+00
@n.xbgr.xr78_u20.nr1[nsmm_l] = 0.000000000000000e+00
@n.xbgr.xr78_u21.nr1[nsmm_rsh] = 0.000000000000000e+00
@n.xbgr.xr78_u21.nr1[nsmm_w] = 0.000000000000000e+00
@n.xbgr.xr78_u21.nr1[nsmm_l] = 0.000000000000000e+00
@n.xbgr.xr78_u22.nr1[nsmm_rsh] = 0.000000000000000e+00
@n.xbgr.xr78_u22.nr1[nsmm_w] = 0.000000000000000e+00
@n.xbgr.xr78_u22.nr1[nsmm_l] = 0.000000000000000e+00
@n.xbgr.xr78_u23.nr1[nsmm_rsh] = 0.000000000000000e+00
@n.xbgr.xr78_u23.nr1[nsmm_w] = 0.000000000000000e+00
@n.xbgr.xr78_u23.nr1[nsmm_l] = 0.000000000000000e+00
@n.xbgr.xr78_u24.nr1[nsmm_rsh] = 0.000000000000000e+00
@n.xbgr.xr78_u24.nr1[nsmm_w] = 0.000000000000000e+00
@n.xbgr.xr78_u24.nr1[nsmm_l] = 0.000000000000000e+00
@n.xbgr.xr79_u2.nr1[nsmm_rsh] = 0.000000000000000e+00
@n.xbgr.xr79_u2.nr1[nsmm_w] = 0.000000000000000e+00
@n.xbgr.xr79_u2.nr1[nsmm_l] = 0.000000000000000e+00
@n.xbgr.xr79_u3.nr1[nsmm_rsh] = 0.000000000000000e+00
@n.xbgr.xr79_u3.nr1[nsmm_w] = 0.000000000000000e+00
@n.xbgr.xr79_u3.nr1[nsmm_l] = 0.000000000000000e+00
@n.xbgr.xr79_u4.nr1[nsmm_rsh] = 0.000000000000000e+00
@n.xbgr.xr79_u4.nr1[nsmm_w] = 0.000000000000000e+00
@n.xbgr.xr79_u4.nr1[nsmm_l] = 0.000000000000000e+00
@n.xbgr.xr79_u5.nr1[nsmm_rsh] = 0.000000000000000e+00
@n.xbgr.xr79_u5.nr1[nsmm_w] = 0.000000000000000e+00
@n.xbgr.xr79_u5.nr1[nsmm_l] = 0.000000000000000e+00
@n.xbgr.xr79_u6.nr1[nsmm_rsh] = 0.000000000000000e+00
@n.xbgr.xr79_u6.nr1[nsmm_w] = 0.000000000000000e+00
@n.xbgr.xr79_u6.nr1[nsmm_l] = 0.000000000000000e+00
@n.xbgr.xr79_u7.nr1[nsmm_rsh] = 0.000000000000000e+00
@n.xbgr.xr79_u7.nr1[nsmm_w] = 0.000000000000000e+00
@n.xbgr.xr79_u7.nr1[nsmm_l] = 0.000000000000000e+00
@n.xbgr.xr79_u8.nr1[nsmm_rsh] = 0.000000000000000e+00
@n.xbgr.xr79_u8.nr1[nsmm_w] = 0.000000000000000e+00
@n.xbgr.xr79_u8.nr1[nsmm_l] = 0.000000000000000e+00
@n.xbgr.xr79_u9.nr1[nsmm_rsh] = 0.000000000000000e+00
@n.xbgr.xr79_u9.nr1[nsmm_w] = 0.000000000000000e+00
@n.xbgr.xr79_u9.nr1[nsmm_l] = 0.000000000000000e+00
@n.xbgr.xr79_u10.nr1[nsmm_rsh] = 0.000000000000000e+00
@n.xbgr.xr79_u10.nr1[nsmm_w] = 0.000000000000000e+00
@n.xbgr.xr79_u10.nr1[nsmm_l] = 0.000000000000000e+00
@n.xbgr.xr79_u11.nr1[nsmm_rsh] = 0.000000000000000e+00
@n.xbgr.xr79_u11.nr1[nsmm_w] = 0.000000000000000e+00
@n.xbgr.xr79_u11.nr1[nsmm_l] = 0.000000000000000e+00
@n.xbgr.xr79_u12.nr1[nsmm_rsh] = 0.000000000000000e+00
@n.xbgr.xr79_u12.nr1[nsmm_w] = 0.000000000000000e+00
@n.xbgr.xr79_u12.nr1[nsmm_l] = 0.000000000000000e+00
@n.xbgr.xr79_u13.nr1[nsmm_rsh] = 0.000000000000000e+00
@n.xbgr.xr79_u13.nr1[nsmm_w] = 0.000000000000000e+00
@n.xbgr.xr79_u13.nr1[nsmm_l] = 0.000000000000000e+00
@n.xbgr.xr79_u14.nr1[nsmm_rsh] = 0.000000000000000e+00
@n.xbgr.xr79_u14.nr1[nsmm_w] = 0.000000000000000e+00
@n.xbgr.xr79_u14.nr1[nsmm_l] = 0.000000000000000e+00
@n.xbgr.xr79_u15.nr1[nsmm_rsh] = 0.000000000000000e+00
@n.xbgr.xr79_u15.nr1[nsmm_w] = 0.000000000000000e+00
@n.xbgr.xr79_u15.nr1[nsmm_l] = 0.000000000000000e+00
@n.xbgr.xr79_u16.nr1[nsmm_rsh] = 0.000000000000000e+00
@n.xbgr.xr79_u16.nr1[nsmm_w] = 0.000000000000000e+00
@n.xbgr.xr79_u16.nr1[nsmm_l] = 0.000000000000000e+00
@n.xbgr.xr79_u17.nr1[nsmm_rsh] = 0.000000000000000e+00
@n.xbgr.xr79_u17.nr1[nsmm_w] = 0.000000000000000e+00
@n.xbgr.xr79_u17.nr1[nsmm_l] = 0.000000000000000e+00
@n.xbgr.xr79_u18.nr1[nsmm_rsh] = 0.000000000000000e+00
@n.xbgr.xr79_u18.nr1[nsmm_w] = 0.000000000000000e+00
@n.xbgr.xr79_u18.nr1[nsmm_l] = 0.000000000000000e+00
@n.xbgr.xr79_u19.nr1[nsmm_rsh] = 0.000000000000000e+00
@n.xbgr.xr79_u19.nr1[nsmm_w] = 0.000000000000000e+00
@n.xbgr.xr79_u19.nr1[nsmm_l] = 0.000000000000000e+00
@n.xbgr.xr79_u20.nr1[nsmm_rsh] = 0.000000000000000e+00
@n.xbgr.xr79_u20.nr1[nsmm_w] = 0.000000000000000e+00
@n.xbgr.xr79_u20.nr1[nsmm_l] = 0.000000000000000e+00
@n.xbgr.xr79_u21.nr1[nsmm_rsh] = 0.000000000000000e+00
@n.xbgr.xr79_u21.nr1[nsmm_w] = 0.000000000000000e+00
@n.xbgr.xr79_u21.nr1[nsmm_l] = 0.000000000000000e+00
@n.xbgr.xr79_u22.nr1[nsmm_rsh] = 0.000000000000000e+00
@n.xbgr.xr79_u22.nr1[nsmm_w] = 0.000000000000000e+00
@n.xbgr.xr79_u22.nr1[nsmm_l] = 0.000000000000000e+00
@n.xbgr.xr79_u23.nr1[nsmm_rsh] = 0.000000000000000e+00
@n.xbgr.xr79_u23.nr1[nsmm_w] = 0.000000000000000e+00
@n.xbgr.xr79_u23.nr1[nsmm_l] = 0.000000000000000e+00
@n.xbgr.xr79_u24.nr1[nsmm_rsh] = 0.000000000000000e+00
@n.xbgr.xr79_u24.nr1[nsmm_w] = 0.000000000000000e+00
@n.xbgr.xr79_u24.nr1[nsmm_l] = 0.000000000000000e+00
@n.xbgr.xr80_u2.nr1[nsmm_rsh] = 0.000000000000000e+00
@n.xbgr.xr80_u2.nr1[nsmm_w] = 0.000000000000000e+00
@n.xbgr.xr80_u2.nr1[nsmm_l] = 0.000000000000000e+00
@n.xbgr.xr80_u3.nr1[nsmm_rsh] = 0.000000000000000e+00
@n.xbgr.xr80_u3.nr1[nsmm_w] = 0.000000000000000e+00
@n.xbgr.xr80_u3.nr1[nsmm_l] = 0.000000000000000e+00
@n.xbgr.xr80_u4.nr1[nsmm_rsh] = 0.000000000000000e+00
@n.xbgr.xr80_u4.nr1[nsmm_w] = 0.000000000000000e+00
@n.xbgr.xr80_u4.nr1[nsmm_l] = 0.000000000000000e+00
@n.xbgr.xr80_u5.nr1[nsmm_rsh] = 0.000000000000000e+00
@n.xbgr.xr80_u5.nr1[nsmm_w] = 0.000000000000000e+00
@n.xbgr.xr80_u5.nr1[nsmm_l] = 0.000000000000000e+00
@n.xbgr.xr80_u6.nr1[nsmm_rsh] = 0.000000000000000e+00
@n.xbgr.xr80_u6.nr1[nsmm_w] = 0.000000000000000e+00
@n.xbgr.xr80_u6.nr1[nsmm_l] = 0.000000000000000e+00
@n.xbgr.xr80_u7.nr1[nsmm_rsh] = 0.000000000000000e+00
@n.xbgr.xr80_u7.nr1[nsmm_w] = 0.000000000000000e+00
@n.xbgr.xr80_u7.nr1[nsmm_l] = 0.000000000000000e+00
@n.xbgr.xr80_u8.nr1[nsmm_rsh] = 0.000000000000000e+00
@n.xbgr.xr80_u8.nr1[nsmm_w] = 0.000000000000000e+00
@n.xbgr.xr80_u8.nr1[nsmm_l] = 0.000000000000000e+00
@n.xbgr.xr80_u9.nr1[nsmm_rsh] = 0.000000000000000e+00
@n.xbgr.xr80_u9.nr1[nsmm_w] = 0.000000000000000e+00
@n.xbgr.xr80_u9.nr1[nsmm_l] = 0.000000000000000e+00
@n.xbgr.xr80_u10.nr1[nsmm_rsh] = 0.000000000000000e+00
@n.xbgr.xr80_u10.nr1[nsmm_w] = 0.000000000000000e+00
@n.xbgr.xr80_u10.nr1[nsmm_l] = 0.000000000000000e+00
@n.xbgr.xr80_u11.nr1[nsmm_rsh] = 0.000000000000000e+00
@n.xbgr.xr80_u11.nr1[nsmm_w] = 0.000000000000000e+00
@n.xbgr.xr80_u11.nr1[nsmm_l] = 0.000000000000000e+00
@n.xbgr.xr80_u12.nr1[nsmm_rsh] = 0.000000000000000e+00
@n.xbgr.xr80_u12.nr1[nsmm_w] = 0.000000000000000e+00
@n.xbgr.xr80_u12.nr1[nsmm_l] = 0.000000000000000e+00
@n.xbgr.xr80_u13.nr1[nsmm_rsh] = 0.000000000000000e+00
@n.xbgr.xr80_u13.nr1[nsmm_w] = 0.000000000000000e+00
@n.xbgr.xr80_u13.nr1[nsmm_l] = 0.000000000000000e+00
@n.xbgr.xr80_u14.nr1[nsmm_rsh] = 0.000000000000000e+00
@n.xbgr.xr80_u14.nr1[nsmm_w] = 0.000000000000000e+00
@n.xbgr.xr80_u14.nr1[nsmm_l] = 0.000000000000000e+00
@n.xbgr.xr80_u15.nr1[nsmm_rsh] = 0.000000000000000e+00
@n.xbgr.xr80_u15.nr1[nsmm_w] = 0.000000000000000e+00
@n.xbgr.xr80_u15.nr1[nsmm_l] = 0.000000000000000e+00
@n.xbgr.xr80_u16.nr1[nsmm_rsh] = 0.000000000000000e+00
@n.xbgr.xr80_u16.nr1[nsmm_w] = 0.000000000000000e+00
@n.xbgr.xr80_u16.nr1[nsmm_l] = 0.000000000000000e+00
@n.xbgr.xr80_u17.nr1[nsmm_rsh] = 0.000000000000000e+00
@n.xbgr.xr80_u17.nr1[nsmm_w] = 0.000000000000000e+00
@n.xbgr.xr80_u17.nr1[nsmm_l] = 0.000000000000000e+00
@n.xbgr.xr80_u18.nr1[nsmm_rsh] = 0.000000000000000e+00
@n.xbgr.xr80_u18.nr1[nsmm_w] = 0.000000000000000e+00
@n.xbgr.xr80_u18.nr1[nsmm_l] = 0.000000000000000e+00
@n.xbgr.xr80_u19.nr1[nsmm_rsh] = 0.000000000000000e+00
@n.xbgr.xr80_u19.nr1[nsmm_w] = 0.000000000000000e+00
@n.xbgr.xr80_u19.nr1[nsmm_l] = 0.000000000000000e+00
@n.xbgr.xr80_u20.nr1[nsmm_rsh] = 0.000000000000000e+00
@n.xbgr.xr80_u20.nr1[nsmm_w] = 0.000000000000000e+00
@n.xbgr.xr80_u20.nr1[nsmm_l] = 0.000000000000000e+00
@n.xbgr.xr80_u21.nr1[nsmm_rsh] = 0.000000000000000e+00
@n.xbgr.xr80_u21.nr1[nsmm_w] = 0.000000000000000e+00
@n.xbgr.xr80_u21.nr1[nsmm_l] = 0.000000000000000e+00
@n.xbgr.xr80_u22.nr1[nsmm_rsh] = 0.000000000000000e+00
@n.xbgr.xr80_u22.nr1[nsmm_w] = 0.000000000000000e+00
@n.xbgr.xr80_u22.nr1[nsmm_l] = 0.000000000000000e+00
@n.xbgr.xr80_u23.nr1[nsmm_rsh] = 0.000000000000000e+00
@n.xbgr.xr80_u23.nr1[nsmm_w] = 0.000000000000000e+00
@n.xbgr.xr80_u23.nr1[nsmm_l] = 0.000000000000000e+00
@n.xbgr.xr80_u24.nr1[nsmm_rsh] = 0.000000000000000e+00
@n.xbgr.xr80_u24.nr1[nsmm_w] = 0.000000000000000e+00
@n.xbgr.xr80_u24.nr1[nsmm_l] = 0.000000000000000e+00
@n.xbgr.xr81_u2.nr1[nsmm_rsh] = 0.000000000000000e+00
@n.xbgr.xr81_u2.nr1[nsmm_w] = 0.000000000000000e+00
@n.xbgr.xr81_u2.nr1[nsmm_l] = 0.000000000000000e+00
@n.xbgr.xr81_u3.nr1[nsmm_rsh] = 0.000000000000000e+00
@n.xbgr.xr81_u3.nr1[nsmm_w] = 0.000000000000000e+00
@n.xbgr.xr81_u3.nr1[nsmm_l] = 0.000000000000000e+00
@n.xbgr.xr81_u4.nr1[nsmm_rsh] = 0.000000000000000e+00
@n.xbgr.xr81_u4.nr1[nsmm_w] = 0.000000000000000e+00
@n.xbgr.xr81_u4.nr1[nsmm_l] = 0.000000000000000e+00
@n.xbgr.xr81_u5.nr1[nsmm_rsh] = 0.000000000000000e+00
@n.xbgr.xr81_u5.nr1[nsmm_w] = 0.000000000000000e+00
@n.xbgr.xr81_u5.nr1[nsmm_l] = 0.000000000000000e+00
@n.xbgr.xr81_u6.nr1[nsmm_rsh] = 0.000000000000000e+00
@n.xbgr.xr81_u6.nr1[nsmm_w] = 0.000000000000000e+00
@n.xbgr.xr81_u6.nr1[nsmm_l] = 0.000000000000000e+00
@n.xbgr.xr81_u7.nr1[nsmm_rsh] = 0.000000000000000e+00
@n.xbgr.xr81_u7.nr1[nsmm_w] = 0.000000000000000e+00
@n.xbgr.xr81_u7.nr1[nsmm_l] = 0.000000000000000e+00
@n.xbgr.xr81_u8.nr1[nsmm_rsh] = 0.000000000000000e+00
@n.xbgr.xr81_u8.nr1[nsmm_w] = 0.000000000000000e+00
@n.xbgr.xr81_u8.nr1[nsmm_l] = 0.000000000000000e+00
@n.xbgr.xr81_u9.nr1[nsmm_rsh] = 0.000000000000000e+00
@n.xbgr.xr81_u9.nr1[nsmm_w] = 0.000000000000000e+00
@n.xbgr.xr81_u9.nr1[nsmm_l] = 0.000000000000000e+00
@n.xbgr.xr81_u10.nr1[nsmm_rsh] = 0.000000000000000e+00
@n.xbgr.xr81_u10.nr1[nsmm_w] = 0.000000000000000e+00
@n.xbgr.xr81_u10.nr1[nsmm_l] = 0.000000000000000e+00
@n.xbgr.xr81_u11.nr1[nsmm_rsh] = 0.000000000000000e+00
@n.xbgr.xr81_u11.nr1[nsmm_w] = 0.000000000000000e+00
@n.xbgr.xr81_u11.nr1[nsmm_l] = 0.000000000000000e+00
@n.xbgr.xr81_u12.nr1[nsmm_rsh] = 0.000000000000000e+00
@n.xbgr.xr81_u12.nr1[nsmm_w] = 0.000000000000000e+00
@n.xbgr.xr81_u12.nr1[nsmm_l] = 0.000000000000000e+00
@n.xbgr.xr81_u13.nr1[nsmm_rsh] = 0.000000000000000e+00
@n.xbgr.xr81_u13.nr1[nsmm_w] = 0.000000000000000e+00
@n.xbgr.xr81_u13.nr1[nsmm_l] = 0.000000000000000e+00
@n.xbgr.xr81_u14.nr1[nsmm_rsh] = 0.000000000000000e+00
@n.xbgr.xr81_u14.nr1[nsmm_w] = 0.000000000000000e+00
@n.xbgr.xr81_u14.nr1[nsmm_l] = 0.000000000000000e+00
@n.xbgr.xr81_u15.nr1[nsmm_rsh] = 0.000000000000000e+00
@n.xbgr.xr81_u15.nr1[nsmm_w] = 0.000000000000000e+00
@n.xbgr.xr81_u15.nr1[nsmm_l] = 0.000000000000000e+00
@n.xbgr.xr81_u16.nr1[nsmm_rsh] = 0.000000000000000e+00
@n.xbgr.xr81_u16.nr1[nsmm_w] = 0.000000000000000e+00
@n.xbgr.xr81_u16.nr1[nsmm_l] = 0.000000000000000e+00
@n.xbgr.xr81_u17.nr1[nsmm_rsh] = 0.000000000000000e+00
@n.xbgr.xr81_u17.nr1[nsmm_w] = 0.000000000000000e+00
@n.xbgr.xr81_u17.nr1[nsmm_l] = 0.000000000000000e+00
@n.xbgr.xr81_u18.nr1[nsmm_rsh] = 0.000000000000000e+00
@n.xbgr.xr81_u18.nr1[nsmm_w] = 0.000000000000000e+00
@n.xbgr.xr81_u18.nr1[nsmm_l] = 0.000000000000000e+00
@n.xbgr.xr81_u19.nr1[nsmm_rsh] = 0.000000000000000e+00
@n.xbgr.xr81_u19.nr1[nsmm_w] = 0.000000000000000e+00
@n.xbgr.xr81_u19.nr1[nsmm_l] = 0.000000000000000e+00
@n.xbgr.xr81_u20.nr1[nsmm_rsh] = 0.000000000000000e+00
@n.xbgr.xr81_u20.nr1[nsmm_w] = 0.000000000000000e+00
@n.xbgr.xr81_u20.nr1[nsmm_l] = 0.000000000000000e+00
@n.xbgr.xr81_u21.nr1[nsmm_rsh] = 0.000000000000000e+00
@n.xbgr.xr81_u21.nr1[nsmm_w] = 0.000000000000000e+00
@n.xbgr.xr81_u21.nr1[nsmm_l] = 0.000000000000000e+00
@n.xbgr.xr81_u22.nr1[nsmm_rsh] = 0.000000000000000e+00
@n.xbgr.xr81_u22.nr1[nsmm_w] = 0.000000000000000e+00
@n.xbgr.xr81_u22.nr1[nsmm_l] = 0.000000000000000e+00
@n.xbgr.xr81_u23.nr1[nsmm_rsh] = 0.000000000000000e+00
@n.xbgr.xr81_u23.nr1[nsmm_w] = 0.000000000000000e+00
@n.xbgr.xr81_u23.nr1[nsmm_l] = 0.000000000000000e+00
@n.xbgr.xr81_u24.nr1[nsmm_rsh] = 0.000000000000000e+00
@n.xbgr.xr81_u24.nr1[nsmm_w] = 0.000000000000000e+00
@n.xbgr.xr81_u24.nr1[nsmm_l] = 0.000000000000000e+00
@n.xbgr.xr82_u2.nr1[nsmm_rsh] = 0.000000000000000e+00
@n.xbgr.xr82_u2.nr1[nsmm_w] = 0.000000000000000e+00
@n.xbgr.xr82_u2.nr1[nsmm_l] = 0.000000000000000e+00
@n.xbgr.xr82_u3.nr1[nsmm_rsh] = 0.000000000000000e+00
@n.xbgr.xr82_u3.nr1[nsmm_w] = 0.000000000000000e+00
@n.xbgr.xr82_u3.nr1[nsmm_l] = 0.000000000000000e+00
@n.xbgr.xr82_u4.nr1[nsmm_rsh] = 0.000000000000000e+00
@n.xbgr.xr82_u4.nr1[nsmm_w] = 0.000000000000000e+00
@n.xbgr.xr82_u4.nr1[nsmm_l] = 0.000000000000000e+00
@n.xbgr.xr82_u5.nr1[nsmm_rsh] = 0.000000000000000e+00
@n.xbgr.xr82_u5.nr1[nsmm_w] = 0.000000000000000e+00
@n.xbgr.xr82_u5.nr1[nsmm_l] = 0.000000000000000e+00
@n.xbgr.xr82_u6.nr1[nsmm_rsh] = 0.000000000000000e+00
@n.xbgr.xr82_u6.nr1[nsmm_w] = 0.000000000000000e+00
@n.xbgr.xr82_u6.nr1[nsmm_l] = 0.000000000000000e+00
@n.xbgr.xr82_u7.nr1[nsmm_rsh] = 0.000000000000000e+00
@n.xbgr.xr82_u7.nr1[nsmm_w] = 0.000000000000000e+00
@n.xbgr.xr82_u7.nr1[nsmm_l] = 0.000000000000000e+00
@n.xbgr.xr82_u8.nr1[nsmm_rsh] = 0.000000000000000e+00
@n.xbgr.xr82_u8.nr1[nsmm_w] = 0.000000000000000e+00
@n.xbgr.xr82_u8.nr1[nsmm_l] = 0.000000000000000e+00
@n.xbgr.xr82_u9.nr1[nsmm_rsh] = 0.000000000000000e+00
@n.xbgr.xr82_u9.nr1[nsmm_w] = 0.000000000000000e+00
@n.xbgr.xr82_u9.nr1[nsmm_l] = 0.000000000000000e+00
@n.xbgr.xr82_u10.nr1[nsmm_rsh] = 0.000000000000000e+00
@n.xbgr.xr82_u10.nr1[nsmm_w] = 0.000000000000000e+00
@n.xbgr.xr82_u10.nr1[nsmm_l] = 0.000000000000000e+00
@n.xbgr.xr82_u11.nr1[nsmm_rsh] = 0.000000000000000e+00
@n.xbgr.xr82_u11.nr1[nsmm_w] = 0.000000000000000e+00
@n.xbgr.xr82_u11.nr1[nsmm_l] = 0.000000000000000e+00
@n.xbgr.xr82_u12.nr1[nsmm_rsh] = 0.000000000000000e+00
@n.xbgr.xr82_u12.nr1[nsmm_w] = 0.000000000000000e+00
@n.xbgr.xr82_u12.nr1[nsmm_l] = 0.000000000000000e+00
@n.xbgr.xr82_u13.nr1[nsmm_rsh] = 0.000000000000000e+00
@n.xbgr.xr82_u13.nr1[nsmm_w] = 0.000000000000000e+00
@n.xbgr.xr82_u13.nr1[nsmm_l] = 0.000000000000000e+00
@n.xbgr.xr82_u14.nr1[nsmm_rsh] = 0.000000000000000e+00
@n.xbgr.xr82_u14.nr1[nsmm_w] = 0.000000000000000e+00
@n.xbgr.xr82_u14.nr1[nsmm_l] = 0.000000000000000e+00
@n.xbgr.xr82_u15.nr1[nsmm_rsh] = 0.000000000000000e+00
@n.xbgr.xr82_u15.nr1[nsmm_w] = 0.000000000000000e+00
@n.xbgr.xr82_u15.nr1[nsmm_l] = 0.000000000000000e+00
@n.xbgr.xr82_u16.nr1[nsmm_rsh] = 0.000000000000000e+00
@n.xbgr.xr82_u16.nr1[nsmm_w] = 0.000000000000000e+00
@n.xbgr.xr82_u16.nr1[nsmm_l] = 0.000000000000000e+00
@n.xbgr.xr82_u17.nr1[nsmm_rsh] = 0.000000000000000e+00
@n.xbgr.xr82_u17.nr1[nsmm_w] = 0.000000000000000e+00
@n.xbgr.xr82_u17.nr1[nsmm_l] = 0.000000000000000e+00
@n.xbgr.xr82_u18.nr1[nsmm_rsh] = 0.000000000000000e+00
@n.xbgr.xr82_u18.nr1[nsmm_w] = 0.000000000000000e+00
@n.xbgr.xr82_u18.nr1[nsmm_l] = 0.000000000000000e+00
@n.xbgr.xr82_u19.nr1[nsmm_rsh] = 0.000000000000000e+00
@n.xbgr.xr82_u19.nr1[nsmm_w] = 0.000000000000000e+00
@n.xbgr.xr82_u19.nr1[nsmm_l] = 0.000000000000000e+00
@n.xbgr.xr82_u20.nr1[nsmm_rsh] = 0.000000000000000e+00
@n.xbgr.xr82_u20.nr1[nsmm_w] = 0.000000000000000e+00
@n.xbgr.xr82_u20.nr1[nsmm_l] = 0.000000000000000e+00
@n.xbgr.xr82_u21.nr1[nsmm_rsh] = 0.000000000000000e+00
@n.xbgr.xr82_u21.nr1[nsmm_w] = 0.000000000000000e+00
@n.xbgr.xr82_u21.nr1[nsmm_l] = 0.000000000000000e+00
@n.xbgr.xr82_u22.nr1[nsmm_rsh] = 0.000000000000000e+00
@n.xbgr.xr82_u22.nr1[nsmm_w] = 0.000000000000000e+00
@n.xbgr.xr82_u22.nr1[nsmm_l] = 0.000000000000000e+00
@n.xbgr.xr82_u23.nr1[nsmm_rsh] = 0.000000000000000e+00
@n.xbgr.xr82_u23.nr1[nsmm_w] = 0.000000000000000e+00
@n.xbgr.xr82_u23.nr1[nsmm_l] = 0.000000000000000e+00
@n.xbgr.xr82_u24.nr1[nsmm_rsh] = 0.000000000000000e+00
@n.xbgr.xr82_u24.nr1[nsmm_w] = 0.000000000000000e+00
@n.xbgr.xr82_u24.nr1[nsmm_l] = 0.000000000000000e+00
@n.xbgr.xr83_u2.nr1[nsmm_rsh] = 0.000000000000000e+00
@n.xbgr.xr83_u2.nr1[nsmm_w] = 0.000000000000000e+00
@n.xbgr.xr83_u2.nr1[nsmm_l] = 0.000000000000000e+00
@n.xbgr.xr83_u3.nr1[nsmm_rsh] = 0.000000000000000e+00
@n.xbgr.xr83_u3.nr1[nsmm_w] = 0.000000000000000e+00
@n.xbgr.xr83_u3.nr1[nsmm_l] = 0.000000000000000e+00
@n.xbgr.xr83_u4.nr1[nsmm_rsh] = 0.000000000000000e+00
@n.xbgr.xr83_u4.nr1[nsmm_w] = 0.000000000000000e+00
@n.xbgr.xr83_u4.nr1[nsmm_l] = 0.000000000000000e+00
@n.xbgr.xr83_u5.nr1[nsmm_rsh] = 0.000000000000000e+00
@n.xbgr.xr83_u5.nr1[nsmm_w] = 0.000000000000000e+00
@n.xbgr.xr83_u5.nr1[nsmm_l] = 0.000000000000000e+00
@n.xbgr.xr83_u6.nr1[nsmm_rsh] = 0.000000000000000e+00
@n.xbgr.xr83_u6.nr1[nsmm_w] = 0.000000000000000e+00
@n.xbgr.xr83_u6.nr1[nsmm_l] = 0.000000000000000e+00
@n.xbgr.xr83_u7.nr1[nsmm_rsh] = 0.000000000000000e+00
@n.xbgr.xr83_u7.nr1[nsmm_w] = 0.000000000000000e+00
@n.xbgr.xr83_u7.nr1[nsmm_l] = 0.000000000000000e+00
@n.xbgr.xr83_u8.nr1[nsmm_rsh] = 0.000000000000000e+00
@n.xbgr.xr83_u8.nr1[nsmm_w] = 0.000000000000000e+00
@n.xbgr.xr83_u8.nr1[nsmm_l] = 0.000000000000000e+00
@n.xbgr.xr83_u9.nr1[nsmm_rsh] = 0.000000000000000e+00
@n.xbgr.xr83_u9.nr1[nsmm_w] = 0.000000000000000e+00
@n.xbgr.xr83_u9.nr1[nsmm_l] = 0.000000000000000e+00
@n.xbgr.xr83_u10.nr1[nsmm_rsh] = 0.000000000000000e+00
@n.xbgr.xr83_u10.nr1[nsmm_w] = 0.000000000000000e+00
@n.xbgr.xr83_u10.nr1[nsmm_l] = 0.000000000000000e+00
@n.xbgr.xr83_u11.nr1[nsmm_rsh] = 0.000000000000000e+00
@n.xbgr.xr83_u11.nr1[nsmm_w] = 0.000000000000000e+00
@n.xbgr.xr83_u11.nr1[nsmm_l] = 0.000000000000000e+00
@n.xbgr.xr83_u12.nr1[nsmm_rsh] = 0.000000000000000e+00
@n.xbgr.xr83_u12.nr1[nsmm_w] = 0.000000000000000e+00
@n.xbgr.xr83_u12.nr1[nsmm_l] = 0.000000000000000e+00
@n.xbgr.xr83_u13.nr1[nsmm_rsh] = 0.000000000000000e+00
@n.xbgr.xr83_u13.nr1[nsmm_w] = 0.000000000000000e+00
@n.xbgr.xr83_u13.nr1[nsmm_l] = 0.000000000000000e+00
@n.xbgr.xr83_u14.nr1[nsmm_rsh] = 0.000000000000000e+00
@n.xbgr.xr83_u14.nr1[nsmm_w] = 0.000000000000000e+00
@n.xbgr.xr83_u14.nr1[nsmm_l] = 0.000000000000000e+00
@n.xbgr.xr83_u15.nr1[nsmm_rsh] = 0.000000000000000e+00
@n.xbgr.xr83_u15.nr1[nsmm_w] = 0.000000000000000e+00
@n.xbgr.xr83_u15.nr1[nsmm_l] = 0.000000000000000e+00
@n.xbgr.xr83_u16.nr1[nsmm_rsh] = 0.000000000000000e+00
@n.xbgr.xr83_u16.nr1[nsmm_w] = 0.000000000000000e+00
@n.xbgr.xr83_u16.nr1[nsmm_l] = 0.000000000000000e+00
@n.xbgr.xr83_u17.nr1[nsmm_rsh] = 0.000000000000000e+00
@n.xbgr.xr83_u17.nr1[nsmm_w] = 0.000000000000000e+00
@n.xbgr.xr83_u17.nr1[nsmm_l] = 0.000000000000000e+00
@n.xbgr.xr83_u18.nr1[nsmm_rsh] = 0.000000000000000e+00
@n.xbgr.xr83_u18.nr1[nsmm_w] = 0.000000000000000e+00
@n.xbgr.xr83_u18.nr1[nsmm_l] = 0.000000000000000e+00
@n.xbgr.xr83_u19.nr1[nsmm_rsh] = 0.000000000000000e+00
@n.xbgr.xr83_u19.nr1[nsmm_w] = 0.000000000000000e+00
@n.xbgr.xr83_u19.nr1[nsmm_l] = 0.000000000000000e+00
@n.xbgr.xr83_u20.nr1[nsmm_rsh] = 0.000000000000000e+00
@n.xbgr.xr83_u20.nr1[nsmm_w] = 0.000000000000000e+00
@n.xbgr.xr83_u20.nr1[nsmm_l] = 0.000000000000000e+00
@n.xbgr.xr83_u21.nr1[nsmm_rsh] = 0.000000000000000e+00
@n.xbgr.xr83_u21.nr1[nsmm_w] = 0.000000000000000e+00
@n.xbgr.xr83_u21.nr1[nsmm_l] = 0.000000000000000e+00
@n.xbgr.xr83_u22.nr1[nsmm_rsh] = 0.000000000000000e+00
@n.xbgr.xr83_u22.nr1[nsmm_w] = 0.000000000000000e+00
@n.xbgr.xr83_u22.nr1[nsmm_l] = 0.000000000000000e+00
@n.xbgr.xr83_u23.nr1[nsmm_rsh] = 0.000000000000000e+00
@n.xbgr.xr83_u23.nr1[nsmm_w] = 0.000000000000000e+00
@n.xbgr.xr83_u23.nr1[nsmm_l] = 0.000000000000000e+00
@n.xbgr.xr83_u24.nr1[nsmm_rsh] = 0.000000000000000e+00
@n.xbgr.xr83_u24.nr1[nsmm_w] = 0.000000000000000e+00
@n.xbgr.xr83_u24.nr1[nsmm_l] = 0.000000000000000e+00
@n.xbgr.xr84_u2.nr1[nsmm_rsh] = 0.000000000000000e+00
@n.xbgr.xr84_u2.nr1[nsmm_w] = 0.000000000000000e+00
@n.xbgr.xr84_u2.nr1[nsmm_l] = 0.000000000000000e+00
@n.xbgr.xr84_u3.nr1[nsmm_rsh] = 0.000000000000000e+00
@n.xbgr.xr84_u3.nr1[nsmm_w] = 0.000000000000000e+00
@n.xbgr.xr84_u3.nr1[nsmm_l] = 0.000000000000000e+00
@n.xbgr.xr84_u4.nr1[nsmm_rsh] = 0.000000000000000e+00
@n.xbgr.xr84_u4.nr1[nsmm_w] = 0.000000000000000e+00
@n.xbgr.xr84_u4.nr1[nsmm_l] = 0.000000000000000e+00
@n.xbgr.xr84_u5.nr1[nsmm_rsh] = 0.000000000000000e+00
@n.xbgr.xr84_u5.nr1[nsmm_w] = 0.000000000000000e+00
@n.xbgr.xr84_u5.nr1[nsmm_l] = 0.000000000000000e+00
@n.xbgr.xr84_u6.nr1[nsmm_rsh] = 0.000000000000000e+00
@n.xbgr.xr84_u6.nr1[nsmm_w] = 0.000000000000000e+00
@n.xbgr.xr84_u6.nr1[nsmm_l] = 0.000000000000000e+00
@n.xbgr.xr84_u7.nr1[nsmm_rsh] = 0.000000000000000e+00
@n.xbgr.xr84_u7.nr1[nsmm_w] = 0.000000000000000e+00
@n.xbgr.xr84_u7.nr1[nsmm_l] = 0.000000000000000e+00
@n.xbgr.xr84_u8.nr1[nsmm_rsh] = 0.000000000000000e+00
@n.xbgr.xr84_u8.nr1[nsmm_w] = 0.000000000000000e+00
@n.xbgr.xr84_u8.nr1[nsmm_l] = 0.000000000000000e+00
@n.xbgr.xr84_u9.nr1[nsmm_rsh] = 0.000000000000000e+00
@n.xbgr.xr84_u9.nr1[nsmm_w] = 0.000000000000000e+00
@n.xbgr.xr84_u9.nr1[nsmm_l] = 0.000000000000000e+00
@n.xbgr.xr84_u10.nr1[nsmm_rsh] = 0.000000000000000e+00
@n.xbgr.xr84_u10.nr1[nsmm_w] = 0.000000000000000e+00
@n.xbgr.xr84_u10.nr1[nsmm_l] = 0.000000000000000e+00
@n.xbgr.xr84_u11.nr1[nsmm_rsh] = 0.000000000000000e+00
@n.xbgr.xr84_u11.nr1[nsmm_w] = 0.000000000000000e+00
@n.xbgr.xr84_u11.nr1[nsmm_l] = 0.000000000000000e+00
@n.xbgr.xr84_u12.nr1[nsmm_rsh] = 0.000000000000000e+00
@n.xbgr.xr84_u12.nr1[nsmm_w] = 0.000000000000000e+00
@n.xbgr.xr84_u12.nr1[nsmm_l] = 0.000000000000000e+00
@n.xbgr.xr84_u13.nr1[nsmm_rsh] = 0.000000000000000e+00
@n.xbgr.xr84_u13.nr1[nsmm_w] = 0.000000000000000e+00
@n.xbgr.xr84_u13.nr1[nsmm_l] = 0.000000000000000e+00
@n.xbgr.xr84_u14.nr1[nsmm_rsh] = 0.000000000000000e+00
@n.xbgr.xr84_u14.nr1[nsmm_w] = 0.000000000000000e+00
@n.xbgr.xr84_u14.nr1[nsmm_l] = 0.000000000000000e+00
@n.xbgr.xr84_u15.nr1[nsmm_rsh] = 0.000000000000000e+00
@n.xbgr.xr84_u15.nr1[nsmm_w] = 0.000000000000000e+00
@n.xbgr.xr84_u15.nr1[nsmm_l] = 0.000000000000000e+00
@n.xbgr.xr84_u16.nr1[nsmm_rsh] = 0.000000000000000e+00
@n.xbgr.xr84_u16.nr1[nsmm_w] = 0.000000000000000e+00
@n.xbgr.xr84_u16.nr1[nsmm_l] = 0.000000000000000e+00
@n.xbgr.xr84_u17.nr1[nsmm_rsh] = 0.000000000000000e+00
@n.xbgr.xr84_u17.nr1[nsmm_w] = 0.000000000000000e+00
@n.xbgr.xr84_u17.nr1[nsmm_l] = 0.000000000000000e+00
@n.xbgr.xr84_u18.nr1[nsmm_rsh] = 0.000000000000000e+00
@n.xbgr.xr84_u18.nr1[nsmm_w] = 0.000000000000000e+00
@n.xbgr.xr84_u18.nr1[nsmm_l] = 0.000000000000000e+00
@n.xbgr.xr84_u19.nr1[nsmm_rsh] = 0.000000000000000e+00
@n.xbgr.xr84_u19.nr1[nsmm_w] = 0.000000000000000e+00
@n.xbgr.xr84_u19.nr1[nsmm_l] = 0.000000000000000e+00
@n.xbgr.xr84_u20.nr1[nsmm_rsh] = 0.000000000000000e+00
@n.xbgr.xr84_u20.nr1[nsmm_w] = 0.000000000000000e+00
@n.xbgr.xr84_u20.nr1[nsmm_l] = 0.000000000000000e+00
@n.xbgr.xr84_u21.nr1[nsmm_rsh] = 0.000000000000000e+00
@n.xbgr.xr84_u21.nr1[nsmm_w] = 0.000000000000000e+00
@n.xbgr.xr84_u21.nr1[nsmm_l] = 0.000000000000000e+00
@n.xbgr.xr84_u22.nr1[nsmm_rsh] = 0.000000000000000e+00
@n.xbgr.xr84_u22.nr1[nsmm_w] = 0.000000000000000e+00
@n.xbgr.xr84_u22.nr1[nsmm_l] = 0.000000000000000e+00
@n.xbgr.xr84_u23.nr1[nsmm_rsh] = 0.000000000000000e+00
@n.xbgr.xr84_u23.nr1[nsmm_w] = 0.000000000000000e+00
@n.xbgr.xr84_u23.nr1[nsmm_l] = 0.000000000000000e+00
@n.xbgr.xr84_u24.nr1[nsmm_rsh] = 0.000000000000000e+00
@n.xbgr.xr84_u24.nr1[nsmm_w] = 0.000000000000000e+00
@n.xbgr.xr84_u24.nr1[nsmm_l] = 0.000000000000000e+00
@n.xbgr.xr85_u2.nr1[nsmm_rsh] = 0.000000000000000e+00
@n.xbgr.xr85_u2.nr1[nsmm_w] = 0.000000000000000e+00
@n.xbgr.xr85_u2.nr1[nsmm_l] = 0.000000000000000e+00
@n.xbgr.xr85_u3.nr1[nsmm_rsh] = 0.000000000000000e+00
@n.xbgr.xr85_u3.nr1[nsmm_w] = 0.000000000000000e+00
@n.xbgr.xr85_u3.nr1[nsmm_l] = 0.000000000000000e+00
@n.xbgr.xr85_u4.nr1[nsmm_rsh] = 0.000000000000000e+00
@n.xbgr.xr85_u4.nr1[nsmm_w] = 0.000000000000000e+00
@n.xbgr.xr85_u4.nr1[nsmm_l] = 0.000000000000000e+00
@n.xbgr.xr85_u5.nr1[nsmm_rsh] = 0.000000000000000e+00
@n.xbgr.xr85_u5.nr1[nsmm_w] = 0.000000000000000e+00
@n.xbgr.xr85_u5.nr1[nsmm_l] = 0.000000000000000e+00
@n.xbgr.xr85_u6.nr1[nsmm_rsh] = 0.000000000000000e+00
@n.xbgr.xr85_u6.nr1[nsmm_w] = 0.000000000000000e+00
@n.xbgr.xr85_u6.nr1[nsmm_l] = 0.000000000000000e+00
@n.xbgr.xr85_u7.nr1[nsmm_rsh] = 0.000000000000000e+00
@n.xbgr.xr85_u7.nr1[nsmm_w] = 0.000000000000000e+00
@n.xbgr.xr85_u7.nr1[nsmm_l] = 0.000000000000000e+00
@n.xbgr.xr85_u8.nr1[nsmm_rsh] = 0.000000000000000e+00
@n.xbgr.xr85_u8.nr1[nsmm_w] = 0.000000000000000e+00
@n.xbgr.xr85_u8.nr1[nsmm_l] = 0.000000000000000e+00
@n.xbgr.xr85_u9.nr1[nsmm_rsh] = 0.000000000000000e+00
@n.xbgr.xr85_u9.nr1[nsmm_w] = 0.000000000000000e+00
@n.xbgr.xr85_u9.nr1[nsmm_l] = 0.000000000000000e+00
@n.xbgr.xr85_u10.nr1[nsmm_rsh] = 0.000000000000000e+00
@n.xbgr.xr85_u10.nr1[nsmm_w] = 0.000000000000000e+00
@n.xbgr.xr85_u10.nr1[nsmm_l] = 0.000000000000000e+00
@n.xbgr.xr85_u11.nr1[nsmm_rsh] = 0.000000000000000e+00
@n.xbgr.xr85_u11.nr1[nsmm_w] = 0.000000000000000e+00
@n.xbgr.xr85_u11.nr1[nsmm_l] = 0.000000000000000e+00
@n.xbgr.xr85_u12.nr1[nsmm_rsh] = 0.000000000000000e+00
@n.xbgr.xr85_u12.nr1[nsmm_w] = 0.000000000000000e+00
@n.xbgr.xr85_u12.nr1[nsmm_l] = 0.000000000000000e+00
@n.xbgr.xr85_u13.nr1[nsmm_rsh] = 0.000000000000000e+00
@n.xbgr.xr85_u13.nr1[nsmm_w] = 0.000000000000000e+00
@n.xbgr.xr85_u13.nr1[nsmm_l] = 0.000000000000000e+00
@n.xbgr.xr85_u14.nr1[nsmm_rsh] = 0.000000000000000e+00
@n.xbgr.xr85_u14.nr1[nsmm_w] = 0.000000000000000e+00
@n.xbgr.xr85_u14.nr1[nsmm_l] = 0.000000000000000e+00
@n.xbgr.xr85_u15.nr1[nsmm_rsh] = 0.000000000000000e+00
@n.xbgr.xr85_u15.nr1[nsmm_w] = 0.000000000000000e+00
@n.xbgr.xr85_u15.nr1[nsmm_l] = 0.000000000000000e+00
@n.xbgr.xr85_u16.nr1[nsmm_rsh] = 0.000000000000000e+00
@n.xbgr.xr85_u16.nr1[nsmm_w] = 0.000000000000000e+00
@n.xbgr.xr85_u16.nr1[nsmm_l] = 0.000000000000000e+00
@n.xbgr.xr85_u17.nr1[nsmm_rsh] = 0.000000000000000e+00
@n.xbgr.xr85_u17.nr1[nsmm_w] = 0.000000000000000e+00
@n.xbgr.xr85_u17.nr1[nsmm_l] = 0.000000000000000e+00
@n.xbgr.xr85_u18.nr1[nsmm_rsh] = 0.000000000000000e+00
@n.xbgr.xr85_u18.nr1[nsmm_w] = 0.000000000000000e+00
@n.xbgr.xr85_u18.nr1[nsmm_l] = 0.000000000000000e+00
@n.xbgr.xr85_u19.nr1[nsmm_rsh] = 0.000000000000000e+00
@n.xbgr.xr85_u19.nr1[nsmm_w] = 0.000000000000000e+00
@n.xbgr.xr85_u19.nr1[nsmm_l] = 0.000000000000000e+00
@n.xbgr.xr85_u20.nr1[nsmm_rsh] = 0.000000000000000e+00
@n.xbgr.xr85_u20.nr1[nsmm_w] = 0.000000000000000e+00
@n.xbgr.xr85_u20.nr1[nsmm_l] = 0.000000000000000e+00
@n.xbgr.xr85_u21.nr1[nsmm_rsh] = 0.000000000000000e+00
@n.xbgr.xr85_u21.nr1[nsmm_w] = 0.000000000000000e+00
@n.xbgr.xr85_u21.nr1[nsmm_l] = 0.000000000000000e+00
@n.xbgr.xr85_u22.nr1[nsmm_rsh] = 0.000000000000000e+00
@n.xbgr.xr85_u22.nr1[nsmm_w] = 0.000000000000000e+00
@n.xbgr.xr85_u22.nr1[nsmm_l] = 0.000000000000000e+00
@n.xbgr.xr85_u23.nr1[nsmm_rsh] = 0.000000000000000e+00
@n.xbgr.xr85_u23.nr1[nsmm_w] = 0.000000000000000e+00
@n.xbgr.xr85_u23.nr1[nsmm_l] = 0.000000000000000e+00
@n.xbgr.xr85_u24.nr1[nsmm_rsh] = 0.000000000000000e+00
@n.xbgr.xr85_u24.nr1[nsmm_w] = 0.000000000000000e+00
@n.xbgr.xr85_u24.nr1[nsmm_l] = 0.000000000000000e+00
@n.xbgr.xr86_u2.nr1[nsmm_rsh] = 0.000000000000000e+00
@n.xbgr.xr86_u2.nr1[nsmm_w] = 0.000000000000000e+00
@n.xbgr.xr86_u2.nr1[nsmm_l] = 0.000000000000000e+00
@n.xbgr.xr86_u3.nr1[nsmm_rsh] = 0.000000000000000e+00
@n.xbgr.xr86_u3.nr1[nsmm_w] = 0.000000000000000e+00
@n.xbgr.xr86_u3.nr1[nsmm_l] = 0.000000000000000e+00
@n.xbgr.xr86_u4.nr1[nsmm_rsh] = 0.000000000000000e+00
@n.xbgr.xr86_u4.nr1[nsmm_w] = 0.000000000000000e+00
@n.xbgr.xr86_u4.nr1[nsmm_l] = 0.000000000000000e+00
@n.xbgr.xr86_u5.nr1[nsmm_rsh] = 0.000000000000000e+00
@n.xbgr.xr86_u5.nr1[nsmm_w] = 0.000000000000000e+00
@n.xbgr.xr86_u5.nr1[nsmm_l] = 0.000000000000000e+00
@n.xbgr.xr86_u6.nr1[nsmm_rsh] = 0.000000000000000e+00
@n.xbgr.xr86_u6.nr1[nsmm_w] = 0.000000000000000e+00
@n.xbgr.xr86_u6.nr1[nsmm_l] = 0.000000000000000e+00
@n.xbgr.xr86_u7.nr1[nsmm_rsh] = 0.000000000000000e+00
@n.xbgr.xr86_u7.nr1[nsmm_w] = 0.000000000000000e+00
@n.xbgr.xr86_u7.nr1[nsmm_l] = 0.000000000000000e+00
@n.xbgr.xr86_u8.nr1[nsmm_rsh] = 0.000000000000000e+00
@n.xbgr.xr86_u8.nr1[nsmm_w] = 0.000000000000000e+00
@n.xbgr.xr86_u8.nr1[nsmm_l] = 0.000000000000000e+00
@n.xbgr.xr86_u9.nr1[nsmm_rsh] = 0.000000000000000e+00
@n.xbgr.xr86_u9.nr1[nsmm_w] = 0.000000000000000e+00
@n.xbgr.xr86_u9.nr1[nsmm_l] = 0.000000000000000e+00
@n.xbgr.xr86_u10.nr1[nsmm_rsh] = 0.000000000000000e+00
@n.xbgr.xr86_u10.nr1[nsmm_w] = 0.000000000000000e+00
@n.xbgr.xr86_u10.nr1[nsmm_l] = 0.000000000000000e+00
@n.xbgr.xr86_u11.nr1[nsmm_rsh] = 0.000000000000000e+00
@n.xbgr.xr86_u11.nr1[nsmm_w] = 0.000000000000000e+00
@n.xbgr.xr86_u11.nr1[nsmm_l] = 0.000000000000000e+00
@n.xbgr.xr86_u12.nr1[nsmm_rsh] = 0.000000000000000e+00
@n.xbgr.xr86_u12.nr1[nsmm_w] = 0.000000000000000e+00
@n.xbgr.xr86_u12.nr1[nsmm_l] = 0.000000000000000e+00
@n.xbgr.xr86_u13.nr1[nsmm_rsh] = 0.000000000000000e+00
@n.xbgr.xr86_u13.nr1[nsmm_w] = 0.000000000000000e+00
@n.xbgr.xr86_u13.nr1[nsmm_l] = 0.000000000000000e+00
@n.xbgr.xr86_u14.nr1[nsmm_rsh] = 0.000000000000000e+00
@n.xbgr.xr86_u14.nr1[nsmm_w] = 0.000000000000000e+00
@n.xbgr.xr86_u14.nr1[nsmm_l] = 0.000000000000000e+00
@n.xbgr.xr86_u15.nr1[nsmm_rsh] = 0.000000000000000e+00
@n.xbgr.xr86_u15.nr1[nsmm_w] = 0.000000000000000e+00
@n.xbgr.xr86_u15.nr1[nsmm_l] = 0.000000000000000e+00
@n.xbgr.xr86_u16.nr1[nsmm_rsh] = 0.000000000000000e+00
@n.xbgr.xr86_u16.nr1[nsmm_w] = 0.000000000000000e+00
@n.xbgr.xr86_u16.nr1[nsmm_l] = 0.000000000000000e+00
@n.xbgr.xr86_u17.nr1[nsmm_rsh] = 0.000000000000000e+00
@n.xbgr.xr86_u17.nr1[nsmm_w] = 0.000000000000000e+00
@n.xbgr.xr86_u17.nr1[nsmm_l] = 0.000000000000000e+00
@n.xbgr.xr86_u18.nr1[nsmm_rsh] = 0.000000000000000e+00
@n.xbgr.xr86_u18.nr1[nsmm_w] = 0.000000000000000e+00
@n.xbgr.xr86_u18.nr1[nsmm_l] = 0.000000000000000e+00
@n.xbgr.xr86_u19.nr1[nsmm_rsh] = 0.000000000000000e+00
@n.xbgr.xr86_u19.nr1[nsmm_w] = 0.000000000000000e+00
@n.xbgr.xr86_u19.nr1[nsmm_l] = 0.000000000000000e+00
@n.xbgr.xr86_u20.nr1[nsmm_rsh] = 0.000000000000000e+00
@n.xbgr.xr86_u20.nr1[nsmm_w] = 0.000000000000000e+00
@n.xbgr.xr86_u20.nr1[nsmm_l] = 0.000000000000000e+00
@n.xbgr.xr86_u21.nr1[nsmm_rsh] = 0.000000000000000e+00
@n.xbgr.xr86_u21.nr1[nsmm_w] = 0.000000000000000e+00
@n.xbgr.xr86_u21.nr1[nsmm_l] = 0.000000000000000e+00
@n.xbgr.xr86_u22.nr1[nsmm_rsh] = 0.000000000000000e+00
@n.xbgr.xr86_u22.nr1[nsmm_w] = 0.000000000000000e+00
@n.xbgr.xr86_u22.nr1[nsmm_l] = 0.000000000000000e+00
@n.xbgr.xr86_u23.nr1[nsmm_rsh] = 0.000000000000000e+00
@n.xbgr.xr86_u23.nr1[nsmm_w] = 0.000000000000000e+00
@n.xbgr.xr86_u23.nr1[nsmm_l] = 0.000000000000000e+00
@n.xbgr.xr86_u24.nr1[nsmm_rsh] = 0.000000000000000e+00
@n.xbgr.xr86_u24.nr1[nsmm_w] = 0.000000000000000e+00
@n.xbgr.xr86_u24.nr1[nsmm_l] = 0.000000000000000e+00
BGR_AFTER_END
T2F_AFTER_BEGIN
@n.xt2f.xm1.nsg13_hv_nmos[w] = 4.000000000000000e-06
@n.xt2f.xm1.nsg13_hv_nmos[l] = 5.000000000000000e-07
@n.xt2f.xm1.nsg13_hv_nmos[delvto] = 0.000000000000000e+00
@n.xt2f.xm1.nsg13_hv_nmos[factuo] = 1.000000000000000e+00
@n.xt2f.xm2.nsg13_hv_nmos[w] = 4.000000000000000e-06
@n.xt2f.xm2.nsg13_hv_nmos[l] = 5.000000000000000e-07
@n.xt2f.xm2.nsg13_hv_nmos[delvto] = 0.000000000000000e+00
@n.xt2f.xm2.nsg13_hv_nmos[factuo] = 1.000000000000000e+00
@n.xt2f.xr3.nr1[nsmm_rsh] = 0.000000000000000e+00
@n.xt2f.xr3.nr1[nsmm_w] = 0.000000000000000e+00
@n.xt2f.xr3.nr1[nsmm_l] = 0.000000000000000e+00
@n.xt2f.xr4.nr1[nsmm_rsh] = 0.000000000000000e+00
@n.xt2f.xr4.nr1[nsmm_w] = 0.000000000000000e+00
@n.xt2f.xr4.nr1[nsmm_l] = 0.000000000000000e+00
@n.xt2f.xr5.nr1[nsmm_rsh] = 0.000000000000000e+00
@n.xt2f.xr5.nr1[nsmm_w] = 0.000000000000000e+00
@n.xt2f.xr5.nr1[nsmm_l] = 0.000000000000000e+00
@n.xt2f.xr6.nr1[nsmm_rsh] = 0.000000000000000e+00
@n.xt2f.xr6.nr1[nsmm_w] = 0.000000000000000e+00
@n.xt2f.xr6.nr1[nsmm_l] = 0.000000000000000e+00
@n.xt2f.xr7.nr1[nsmm_rsh] = 0.000000000000000e+00
@n.xt2f.xr7.nr1[nsmm_w] = 0.000000000000000e+00
@n.xt2f.xr7.nr1[nsmm_l] = 0.000000000000000e+00
@n.xt2f.xr8.nr1[nsmm_rsh] = 0.000000000000000e+00
@n.xt2f.xr8.nr1[nsmm_w] = 0.000000000000000e+00
@n.xt2f.xr8.nr1[nsmm_l] = 0.000000000000000e+00
@n.xt2f.xr9.nr1[nsmm_rsh] = 0.000000000000000e+00
@n.xt2f.xr9.nr1[nsmm_w] = 0.000000000000000e+00
@n.xt2f.xr9.nr1[nsmm_l] = 0.000000000000000e+00
@n.xt2f.xr10.nr1[nsmm_rsh] = 0.000000000000000e+00
@n.xt2f.xr10.nr1[nsmm_w] = 0.000000000000000e+00
@n.xt2f.xr10.nr1[nsmm_l] = 0.000000000000000e+00
@n.xt2f.xr11.nr1[nsmm_rsh] = 0.000000000000000e+00
@n.xt2f.xr11.nr1[nsmm_w] = 0.000000000000000e+00
@n.xt2f.xr11.nr1[nsmm_l] = 0.000000000000000e+00
@n.xt2f.xr12.nr1[nsmm_rsh] = 0.000000000000000e+00
@n.xt2f.xr12.nr1[nsmm_w] = 0.000000000000000e+00
@n.xt2f.xr12.nr1[nsmm_l] = 0.000000000000000e+00
@n.xt2f.xm13.nsg13_hv_nmos[w] = 4.000000000000000e-06
@n.xt2f.xm13.nsg13_hv_nmos[l] = 5.000000000000000e-07
@n.xt2f.xm13.nsg13_hv_nmos[delvto] = 0.000000000000000e+00
@n.xt2f.xm13.nsg13_hv_nmos[factuo] = 1.000000000000000e+00
@n.xt2f.xm14.nsg13_hv_nmos[w] = 4.000000000000000e-06
@n.xt2f.xm14.nsg13_hv_nmos[l] = 5.000000000000000e-07
@n.xt2f.xm14.nsg13_hv_nmos[delvto] = 0.000000000000000e+00
@n.xt2f.xm14.nsg13_hv_nmos[factuo] = 1.000000000000000e+00
@n.xt2f.xm15.nsg13_lv_pmos[w] = 1.000000000000000e-06
@n.xt2f.xm15.nsg13_lv_pmos[l] = 1.300000000000000e-07
@n.xt2f.xm15.nsg13_lv_pmos[delvto] = 0.000000000000000e+00
@n.xt2f.xm15.nsg13_lv_pmos[factuo] = 1.000000000000000e+00
@n.xt2f.xm16.nsg13_lv_nmos[w] = 5.000000000000000e-07
@n.xt2f.xm16.nsg13_lv_nmos[l] = 1.300000000000000e-07
@n.xt2f.xm16.nsg13_lv_nmos[delvto] = 0.000000000000000e+00
@n.xt2f.xm16.nsg13_lv_nmos[factuo] = 1.000000000000000e+00
@n.xt2f.xm17.nsg13_lv_nmos[w] = 1.000000000000000e-06
@n.xt2f.xm17.nsg13_lv_nmos[l] = 1.300000000000000e-07
@n.xt2f.xm17.nsg13_lv_nmos[delvto] = 0.000000000000000e+00
@n.xt2f.xm17.nsg13_lv_nmos[factuo] = 1.000000000000000e+00
@n.xt2f.xm18.nsg13_lv_pmos[w] = 5.000000000000000e-07
@n.xt2f.xm18.nsg13_lv_pmos[l] = 3.000000000000000e-07
@n.xt2f.xm18.nsg13_lv_pmos[delvto] = 0.000000000000000e+00
@n.xt2f.xm18.nsg13_lv_pmos[factuo] = 1.000000000000000e+00
@n.xt2f.xm19.nsg13_lv_pmos[w] = 5.000000000000000e-07
@n.xt2f.xm19.nsg13_lv_pmos[l] = 3.000000000000000e-07
@n.xt2f.xm19.nsg13_lv_pmos[delvto] = 0.000000000000000e+00
@n.xt2f.xm19.nsg13_lv_pmos[factuo] = 1.000000000000000e+00
@n.xt2f.xm20.nsg13_hv_pmos[w] = 2.000000000000000e-06
@n.xt2f.xm20.nsg13_hv_pmos[l] = 5.000000000000000e-07
@n.xt2f.xm20.nsg13_hv_pmos[delvto] = 0.000000000000000e+00
@n.xt2f.xm20.nsg13_hv_pmos[factuo] = 1.000000000000000e+00
@n.xt2f.xm21.nsg13_hv_pmos[w] = 2.000000000000000e-06
@n.xt2f.xm21.nsg13_hv_pmos[l] = 5.000000000000000e-07
@n.xt2f.xm21.nsg13_hv_pmos[delvto] = 0.000000000000000e+00
@n.xt2f.xm21.nsg13_hv_pmos[factuo] = 1.000000000000000e+00
@n.xt2f.xm22.nsg13_hv_pmos[w] = 2.000000000000000e-06
@n.xt2f.xm22.nsg13_hv_pmos[l] = 5.000000000000000e-07
@n.xt2f.xm22.nsg13_hv_pmos[delvto] = 0.000000000000000e+00
@n.xt2f.xm22.nsg13_hv_pmos[factuo] = 1.000000000000000e+00
@n.xt2f.xm23.nsg13_hv_nmos[w] = 3.000000000000000e-06
@n.xt2f.xm23.nsg13_hv_nmos[l] = 5.000000000000000e-07
@n.xt2f.xm23.nsg13_hv_nmos[delvto] = 0.000000000000000e+00
@n.xt2f.xm23.nsg13_hv_nmos[factuo] = 1.000000000000000e+00
@n.xt2f.xm24.nsg13_hv_nmos[w] = 3.000000000000000e-06
@n.xt2f.xm24.nsg13_hv_nmos[l] = 5.000000000000000e-07
@n.xt2f.xm24.nsg13_hv_nmos[delvto] = 0.000000000000000e+00
@n.xt2f.xm24.nsg13_hv_nmos[factuo] = 1.000000000000000e+00
@n.xt2f.xm25.nsg13_hv_nmos[w] = 3.000000000000000e-06
@n.xt2f.xm25.nsg13_hv_nmos[l] = 5.000000000000000e-07
@n.xt2f.xm25.nsg13_hv_nmos[delvto] = 0.000000000000000e+00
@n.xt2f.xm25.nsg13_hv_nmos[factuo] = 1.000000000000000e+00
@n.xt2f.xm26.nsg13_hv_pmos[w] = 2.000000000000000e-06
@n.xt2f.xm26.nsg13_hv_pmos[l] = 5.000000000000000e-07
@n.xt2f.xm26.nsg13_hv_pmos[delvto] = 0.000000000000000e+00
@n.xt2f.xm26.nsg13_hv_pmos[factuo] = 1.000000000000000e+00
@n.xt2f.xm27.nsg13_hv_pmos[w] = 2.000000000000000e-06
@n.xt2f.xm27.nsg13_hv_pmos[l] = 5.000000000000000e-07
@n.xt2f.xm27.nsg13_hv_pmos[delvto] = 0.000000000000000e+00
@n.xt2f.xm27.nsg13_hv_pmos[factuo] = 1.000000000000000e+00
@n.xt2f.xm28.nsg13_hv_pmos[w] = 2.000000000000000e-06
@n.xt2f.xm28.nsg13_hv_pmos[l] = 5.000000000000000e-07
@n.xt2f.xm28.nsg13_hv_pmos[delvto] = 0.000000000000000e+00
@n.xt2f.xm28.nsg13_hv_pmos[factuo] = 1.000000000000000e+00
@n.xt2f.xm29.nsg13_hv_pmos[w] = 2.000000000000000e-06
@n.xt2f.xm29.nsg13_hv_pmos[l] = 5.000000000000000e-07
@n.xt2f.xm29.nsg13_hv_pmos[delvto] = 0.000000000000000e+00
@n.xt2f.xm29.nsg13_hv_pmos[factuo] = 1.000000000000000e+00
@n.xt2f.xm30.nsg13_hv_pmos[w] = 2.000000000000000e-06
@n.xt2f.xm30.nsg13_hv_pmos[l] = 5.000000000000000e-07
@n.xt2f.xm30.nsg13_hv_pmos[delvto] = 0.000000000000000e+00
@n.xt2f.xm30.nsg13_hv_pmos[factuo] = 1.000000000000000e+00
@n.xt2f.xm31.nsg13_hv_pmos[w] = 2.000000000000000e-06
@n.xt2f.xm31.nsg13_hv_pmos[l] = 5.000000000000000e-07
@n.xt2f.xm31.nsg13_hv_pmos[delvto] = 0.000000000000000e+00
@n.xt2f.xm31.nsg13_hv_pmos[factuo] = 1.000000000000000e+00
@n.xt2f.xm32.nsg13_hv_pmos[w] = 4.000000000000000e-06
@n.xt2f.xm32.nsg13_hv_pmos[l] = 5.000000000000000e-07
@n.xt2f.xm32.nsg13_hv_pmos[delvto] = 0.000000000000000e+00
@n.xt2f.xm32.nsg13_hv_pmos[factuo] = 1.000000000000000e+00
@n.xt2f.xm33.nsg13_hv_pmos[w] = 4.000000000000000e-06
@n.xt2f.xm33.nsg13_hv_pmos[l] = 5.000000000000000e-07
@n.xt2f.xm33.nsg13_hv_pmos[delvto] = 0.000000000000000e+00
@n.xt2f.xm33.nsg13_hv_pmos[factuo] = 1.000000000000000e+00
@n.xt2f.xm34.nsg13_hv_pmos[w] = 4.000000000000000e-06
@n.xt2f.xm34.nsg13_hv_pmos[l] = 5.000000000000000e-07
@n.xt2f.xm34.nsg13_hv_pmos[delvto] = 0.000000000000000e+00
@n.xt2f.xm34.nsg13_hv_pmos[factuo] = 1.000000000000000e+00
@n.xt2f.xm35.nsg13_hv_pmos[w] = 4.000000000000000e-06
@n.xt2f.xm35.nsg13_hv_pmos[l] = 5.000000000000000e-07
@n.xt2f.xm35.nsg13_hv_pmos[delvto] = 0.000000000000000e+00
@n.xt2f.xm35.nsg13_hv_pmos[factuo] = 1.000000000000000e+00
@n.xt2f.xm36.nsg13_hv_nmos[w] = 9.999999999999999e-06
@n.xt2f.xm36.nsg13_hv_nmos[l] = 2.000000000000000e-06
@n.xt2f.xm36.nsg13_hv_nmos[delvto] = 0.000000000000000e+00
@n.xt2f.xm36.nsg13_hv_nmos[factuo] = 1.000000000000000e+00
@n.xt2f.xm37.nsg13_hv_nmos[w] = 9.999999999999999e-06
@n.xt2f.xm37.nsg13_hv_nmos[l] = 2.000000000000000e-06
@n.xt2f.xm37.nsg13_hv_nmos[delvto] = 0.000000000000000e+00
@n.xt2f.xm37.nsg13_hv_nmos[factuo] = 1.000000000000000e+00
@n.xt2f.xm38.nsg13_hv_nmos[w] = 9.999999999999999e-06
@n.xt2f.xm38.nsg13_hv_nmos[l] = 2.000000000000000e-06
@n.xt2f.xm38.nsg13_hv_nmos[delvto] = 0.000000000000000e+00
@n.xt2f.xm38.nsg13_hv_nmos[factuo] = 1.000000000000000e+00
@n.xt2f.xm39.nsg13_hv_nmos[w] = 9.999999999999999e-06
@n.xt2f.xm39.nsg13_hv_nmos[l] = 2.000000000000000e-06
@n.xt2f.xm39.nsg13_hv_nmos[delvto] = 0.000000000000000e+00
@n.xt2f.xm39.nsg13_hv_nmos[factuo] = 1.000000000000000e+00
@q.xt2f.xq40.qnpn13g2[area] = 1.000000000000000e+00
@q.xt2f.xq41.qnpn13g2[area] = 1.000000000000000e+00
@q.xt2f.xq42.qnpn13g2[area] = 1.000000000000000e+00
@q.xt2f.xq43.qnpn13g2[area] = 1.000000000000000e+00
@q.xt2f.xq44.qnpn13g2[area] = 1.000000000000000e+00
@q.xt2f.xq45.qnpn13g2[area] = 1.000000000000000e+00
@n.xt2f.xm46.nsg13_hv_pmos[w] = 4.000000000000000e-06
@n.xt2f.xm46.nsg13_hv_pmos[l] = 1.000000000000000e-06
@n.xt2f.xm46.nsg13_hv_pmos[delvto] = 0.000000000000000e+00
@n.xt2f.xm46.nsg13_hv_pmos[factuo] = 1.000000000000000e+00
@n.xt2f.xm47.nsg13_hv_pmos[w] = 4.000000000000000e-06
@n.xt2f.xm47.nsg13_hv_pmos[l] = 1.000000000000000e-06
@n.xt2f.xm47.nsg13_hv_pmos[delvto] = 0.000000000000000e+00
@n.xt2f.xm47.nsg13_hv_pmos[factuo] = 1.000000000000000e+00
@n.xt2f.xm48.nsg13_hv_pmos[w] = 4.000000000000000e-06
@n.xt2f.xm48.nsg13_hv_pmos[l] = 1.000000000000000e-06
@n.xt2f.xm48.nsg13_hv_pmos[delvto] = 0.000000000000000e+00
@n.xt2f.xm48.nsg13_hv_pmos[factuo] = 1.000000000000000e+00
@n.xt2f.xm49.nsg13_hv_pmos[w] = 4.000000000000000e-06
@n.xt2f.xm49.nsg13_hv_pmos[l] = 1.000000000000000e-06
@n.xt2f.xm49.nsg13_hv_pmos[delvto] = 0.000000000000000e+00
@n.xt2f.xm49.nsg13_hv_pmos[factuo] = 1.000000000000000e+00
@n.xt2f.xm50.nsg13_hv_nmos[w] = 5.000000000000000e-07
@n.xt2f.xm50.nsg13_hv_nmos[l] = 2.000000000000000e-06
@n.xt2f.xm50.nsg13_hv_nmos[delvto] = 0.000000000000000e+00
@n.xt2f.xm50.nsg13_hv_nmos[factuo] = 1.000000000000000e+00
@n.xt2f.xm51.nsg13_hv_nmos[w] = 5.000000000000000e-07
@n.xt2f.xm51.nsg13_hv_nmos[l] = 2.000000000000000e-06
@n.xt2f.xm51.nsg13_hv_nmos[delvto] = 0.000000000000000e+00
@n.xt2f.xm51.nsg13_hv_nmos[factuo] = 1.000000000000000e+00
@n.xt2f.xm52.nsg13_hv_nmos[w] = 5.000000000000000e-07
@n.xt2f.xm52.nsg13_hv_nmos[l] = 2.000000000000000e-06
@n.xt2f.xm52.nsg13_hv_nmos[delvto] = 0.000000000000000e+00
@n.xt2f.xm52.nsg13_hv_nmos[factuo] = 1.000000000000000e+00
@n.xt2f.xm53.nsg13_hv_nmos[w] = 5.000000000000000e-07
@n.xt2f.xm53.nsg13_hv_nmos[l] = 2.000000000000000e-06
@n.xt2f.xm53.nsg13_hv_nmos[delvto] = 0.000000000000000e+00
@n.xt2f.xm53.nsg13_hv_nmos[factuo] = 1.000000000000000e+00
@n.xt2f.xm54.nsg13_hv_nmos[w] = 2.000000000000000e-06
@n.xt2f.xm54.nsg13_hv_nmos[l] = 1.000000000000000e-06
@n.xt2f.xm54.nsg13_hv_nmos[delvto] = 0.000000000000000e+00
@n.xt2f.xm54.nsg13_hv_nmos[factuo] = 1.000000000000000e+00
@n.xt2f.xm55.nsg13_hv_nmos[w] = 2.000000000000000e-06
@n.xt2f.xm55.nsg13_hv_nmos[l] = 1.000000000000000e-06
@n.xt2f.xm55.nsg13_hv_nmos[delvto] = 0.000000000000000e+00
@n.xt2f.xm55.nsg13_hv_nmos[factuo] = 1.000000000000000e+00
@n.xt2f.xm56.nsg13_hv_nmos[w] = 2.000000000000000e-06
@n.xt2f.xm56.nsg13_hv_nmos[l] = 1.000000000000000e-06
@n.xt2f.xm56.nsg13_hv_nmos[delvto] = 0.000000000000000e+00
@n.xt2f.xm56.nsg13_hv_nmos[factuo] = 1.000000000000000e+00
@n.xt2f.xm57.nsg13_hv_nmos[w] = 2.000000000000000e-06
@n.xt2f.xm57.nsg13_hv_nmos[l] = 1.000000000000000e-06
@n.xt2f.xm57.nsg13_hv_nmos[delvto] = 0.000000000000000e+00
@n.xt2f.xm57.nsg13_hv_nmos[factuo] = 1.000000000000000e+00
@n.xt2f.xm58.nsg13_hv_nmos[w] = 2.000000000000000e-06
@n.xt2f.xm58.nsg13_hv_nmos[l] = 1.000000000000000e-06
@n.xt2f.xm58.nsg13_hv_nmos[delvto] = 0.000000000000000e+00
@n.xt2f.xm58.nsg13_hv_nmos[factuo] = 1.000000000000000e+00
@n.xt2f.xm59.nsg13_hv_nmos[w] = 2.000000000000000e-06
@n.xt2f.xm59.nsg13_hv_nmos[l] = 1.000000000000000e-06
@n.xt2f.xm59.nsg13_hv_nmos[delvto] = 0.000000000000000e+00
@n.xt2f.xm59.nsg13_hv_nmos[factuo] = 1.000000000000000e+00
@n.xt2f.xm60.nsg13_hv_nmos[w] = 2.000000000000000e-06
@n.xt2f.xm60.nsg13_hv_nmos[l] = 1.000000000000000e-06
@n.xt2f.xm60.nsg13_hv_nmos[delvto] = 0.000000000000000e+00
@n.xt2f.xm60.nsg13_hv_nmos[factuo] = 1.000000000000000e+00
@n.xt2f.xm61.nsg13_hv_nmos[w] = 2.000000000000000e-06
@n.xt2f.xm61.nsg13_hv_nmos[l] = 1.000000000000000e-06
@n.xt2f.xm61.nsg13_hv_nmos[delvto] = 0.000000000000000e+00
@n.xt2f.xm61.nsg13_hv_nmos[factuo] = 1.000000000000000e+00
@n.xt2f.xm62.nsg13_hv_nmos[w] = 9.999999999999999e-06
@n.xt2f.xm62.nsg13_hv_nmos[l] = 2.000000000000000e-06
@n.xt2f.xm62.nsg13_hv_nmos[delvto] = 0.000000000000000e+00
@n.xt2f.xm62.nsg13_hv_nmos[factuo] = 1.000000000000000e+00
@n.xt2f.xm63.nsg13_hv_nmos[w] = 2.000000000000000e-06
@n.xt2f.xm63.nsg13_hv_nmos[l] = 5.000000000000000e-07
@n.xt2f.xm63.nsg13_hv_nmos[delvto] = 0.000000000000000e+00
@n.xt2f.xm63.nsg13_hv_nmos[factuo] = 1.000000000000000e+00
@n.xt2f.xm64.nsg13_hv_nmos[w] = 2.000000000000000e-06
@n.xt2f.xm64.nsg13_hv_nmos[l] = 5.000000000000000e-07
@n.xt2f.xm64.nsg13_hv_nmos[delvto] = 0.000000000000000e+00
@n.xt2f.xm64.nsg13_hv_nmos[factuo] = 1.000000000000000e+00
@n.xt2f.xm65.nsg13_hv_nmos[w] = 1.000000000000000e-06
@n.xt2f.xm65.nsg13_hv_nmos[l] = 5.000000000000000e-07
@n.xt2f.xm65.nsg13_hv_nmos[delvto] = 0.000000000000000e+00
@n.xt2f.xm65.nsg13_hv_nmos[factuo] = 1.000000000000000e+00
@n.xt2f.xm66.nsg13_hv_nmos[w] = 1.000000000000000e-06
@n.xt2f.xm66.nsg13_hv_nmos[l] = 5.000000000000000e-07
@n.xt2f.xm66.nsg13_hv_nmos[delvto] = 0.000000000000000e+00
@n.xt2f.xm66.nsg13_hv_nmos[factuo] = 1.000000000000000e+00
@n.xt2f.xm67.nsg13_hv_nmos[w] = 1.000000000000000e-06
@n.xt2f.xm67.nsg13_hv_nmos[l] = 5.000000000000000e-07
@n.xt2f.xm67.nsg13_hv_nmos[delvto] = 0.000000000000000e+00
@n.xt2f.xm67.nsg13_hv_nmos[factuo] = 1.000000000000000e+00
@n.xt2f.xm68.nsg13_hv_nmos[w] = 1.000000000000000e-06
@n.xt2f.xm68.nsg13_hv_nmos[l] = 5.000000000000000e-07
@n.xt2f.xm68.nsg13_hv_nmos[delvto] = 0.000000000000000e+00
@n.xt2f.xm68.nsg13_hv_nmos[factuo] = 1.000000000000000e+00
@n.xt2f.xm69.nsg13_hv_nmos[w] = 2.000000000000000e-06
@n.xt2f.xm69.nsg13_hv_nmos[l] = 5.000000000000000e-07
@n.xt2f.xm69.nsg13_hv_nmos[delvto] = 0.000000000000000e+00
@n.xt2f.xm69.nsg13_hv_nmos[factuo] = 1.000000000000000e+00
@n.xt2f.xm70.nsg13_hv_nmos[w] = 2.000000000000000e-06
@n.xt2f.xm70.nsg13_hv_nmos[l] = 5.000000000000000e-07
@n.xt2f.xm70.nsg13_hv_nmos[delvto] = 0.000000000000000e+00
@n.xt2f.xm70.nsg13_hv_nmos[factuo] = 1.000000000000000e+00
@n.xt2f.xm71.nsg13_hv_nmos[w] = 2.000000000000000e-06
@n.xt2f.xm71.nsg13_hv_nmos[l] = 5.000000000000000e-07
@n.xt2f.xm71.nsg13_hv_nmos[delvto] = 0.000000000000000e+00
@n.xt2f.xm71.nsg13_hv_nmos[factuo] = 1.000000000000000e+00
@n.xt2f.xm72.nsg13_hv_nmos[w] = 2.000000000000000e-06
@n.xt2f.xm72.nsg13_hv_nmos[l] = 5.000000000000000e-07
@n.xt2f.xm72.nsg13_hv_nmos[delvto] = 0.000000000000000e+00
@n.xt2f.xm72.nsg13_hv_nmos[factuo] = 1.000000000000000e+00
@n.xt2f.xm73.nsg13_hv_nmos[w] = 2.000000000000000e-06
@n.xt2f.xm73.nsg13_hv_nmos[l] = 5.000000000000000e-07
@n.xt2f.xm73.nsg13_hv_nmos[delvto] = 0.000000000000000e+00
@n.xt2f.xm73.nsg13_hv_nmos[factuo] = 1.000000000000000e+00
@n.xt2f.xm74.nsg13_hv_nmos[w] = 2.000000000000000e-06
@n.xt2f.xm74.nsg13_hv_nmos[l] = 5.000000000000000e-07
@n.xt2f.xm74.nsg13_hv_nmos[delvto] = 0.000000000000000e+00
@n.xt2f.xm74.nsg13_hv_nmos[factuo] = 1.000000000000000e+00
@n.xt2f.xm75.nsg13_hv_nmos[w] = 2.000000000000000e-06
@n.xt2f.xm75.nsg13_hv_nmos[l] = 5.000000000000000e-07
@n.xt2f.xm75.nsg13_hv_nmos[delvto] = 0.000000000000000e+00
@n.xt2f.xm75.nsg13_hv_nmos[factuo] = 1.000000000000000e+00
@n.xt2f.xm76.nsg13_hv_nmos[w] = 2.000000000000000e-06
@n.xt2f.xm76.nsg13_hv_nmos[l] = 5.000000000000000e-07
@n.xt2f.xm76.nsg13_hv_nmos[delvto] = 0.000000000000000e+00
@n.xt2f.xm76.nsg13_hv_nmos[factuo] = 1.000000000000000e+00
@n.xt2f.xm77.nsg13_hv_pmos[w] = 2.000000000000000e-06
@n.xt2f.xm77.nsg13_hv_pmos[l] = 5.000000000000000e-07
@n.xt2f.xm77.nsg13_hv_pmos[delvto] = 0.000000000000000e+00
@n.xt2f.xm77.nsg13_hv_pmos[factuo] = 1.000000000000000e+00
@n.xt2f.xm78.nsg13_hv_pmos[w] = 2.000000000000000e-06
@n.xt2f.xm78.nsg13_hv_pmos[l] = 5.000000000000000e-07
@n.xt2f.xm78.nsg13_hv_pmos[delvto] = 0.000000000000000e+00
@n.xt2f.xm78.nsg13_hv_pmos[factuo] = 1.000000000000000e+00
@n.xt2f.xm79.nsg13_hv_pmos[w] = 2.000000000000000e-06
@n.xt2f.xm79.nsg13_hv_pmos[l] = 5.000000000000000e-07
@n.xt2f.xm79.nsg13_hv_pmos[delvto] = 0.000000000000000e+00
@n.xt2f.xm79.nsg13_hv_pmos[factuo] = 1.000000000000000e+00
@n.xt2f.xm80.nsg13_hv_pmos[w] = 2.000000000000000e-06
@n.xt2f.xm80.nsg13_hv_pmos[l] = 5.000000000000000e-07
@n.xt2f.xm80.nsg13_hv_pmos[delvto] = 0.000000000000000e+00
@n.xt2f.xm80.nsg13_hv_pmos[factuo] = 1.000000000000000e+00
@n.xt2f.xm81.nsg13_hv_pmos[w] = 9.999999999999999e-06
@n.xt2f.xm81.nsg13_hv_pmos[l] = 4.000000000000000e-06
@n.xt2f.xm81.nsg13_hv_pmos[delvto] = 0.000000000000000e+00
@n.xt2f.xm81.nsg13_hv_pmos[factuo] = 1.000000000000000e+00
@n.xt2f.xm82.nsg13_hv_pmos[w] = 9.999999999999999e-06
@n.xt2f.xm82.nsg13_hv_pmos[l] = 4.000000000000000e-06
@n.xt2f.xm82.nsg13_hv_pmos[delvto] = 0.000000000000000e+00
@n.xt2f.xm82.nsg13_hv_pmos[factuo] = 1.000000000000000e+00
@n.xt2f.xm83.nsg13_hv_pmos[w] = 9.999999999999999e-06
@n.xt2f.xm83.nsg13_hv_pmos[l] = 4.000000000000000e-06
@n.xt2f.xm83.nsg13_hv_pmos[delvto] = 0.000000000000000e+00
@n.xt2f.xm83.nsg13_hv_pmos[factuo] = 1.000000000000000e+00
@n.xt2f.xm84.nsg13_hv_pmos[w] = 9.999999999999999e-06
@n.xt2f.xm84.nsg13_hv_pmos[l] = 4.000000000000000e-06
@n.xt2f.xm84.nsg13_hv_pmos[delvto] = 0.000000000000000e+00
@n.xt2f.xm84.nsg13_hv_pmos[factuo] = 1.000000000000000e+00
@n.xt2f.xm85.nsg13_hv_pmos[w] = 2.000000000000000e-06
@n.xt2f.xm85.nsg13_hv_pmos[l] = 2.000000000000000e-06
@n.xt2f.xm85.nsg13_hv_pmos[delvto] = 0.000000000000000e+00
@n.xt2f.xm85.nsg13_hv_pmos[factuo] = 1.000000000000000e+00
@n.xt2f.xm86.nsg13_hv_pmos[w] = 9.999999999999999e-06
@n.xt2f.xm86.nsg13_hv_pmos[l] = 4.000000000000000e-06
@n.xt2f.xm86.nsg13_hv_pmos[delvto] = 0.000000000000000e+00
@n.xt2f.xm86.nsg13_hv_pmos[factuo] = 1.000000000000000e+00
@n.xt2f.xm87.nsg13_hv_pmos[w] = 9.999999999999999e-06
@n.xt2f.xm87.nsg13_hv_pmos[l] = 4.000000000000000e-06
@n.xt2f.xm87.nsg13_hv_pmos[delvto] = 0.000000000000000e+00
@n.xt2f.xm87.nsg13_hv_pmos[factuo] = 1.000000000000000e+00
@n.xt2f.xm88.nsg13_hv_pmos[w] = 9.999999999999999e-06
@n.xt2f.xm88.nsg13_hv_pmos[l] = 4.000000000000000e-06
@n.xt2f.xm88.nsg13_hv_pmos[delvto] = 0.000000000000000e+00
@n.xt2f.xm88.nsg13_hv_pmos[factuo] = 1.000000000000000e+00
@n.xt2f.xm89.nsg13_hv_pmos[w] = 9.999999999999999e-06
@n.xt2f.xm89.nsg13_hv_pmos[l] = 4.000000000000000e-06
@n.xt2f.xm89.nsg13_hv_pmos[delvto] = 0.000000000000000e+00
@n.xt2f.xm89.nsg13_hv_pmos[factuo] = 1.000000000000000e+00
@n.xt2f.xm90.nsg13_hv_pmos[w] = 9.999999999999999e-06
@n.xt2f.xm90.nsg13_hv_pmos[l] = 4.000000000000000e-06
@n.xt2f.xm90.nsg13_hv_pmos[delvto] = 0.000000000000000e+00
@n.xt2f.xm90.nsg13_hv_pmos[factuo] = 1.000000000000000e+00
@n.xt2f.xm91.nsg13_lv_pmos[w] = 2.000000000000000e-06
@n.xt2f.xm91.nsg13_lv_pmos[l] = 1.300000000000000e-07
@n.xt2f.xm91.nsg13_lv_pmos[delvto] = 0.000000000000000e+00
@n.xt2f.xm91.nsg13_lv_pmos[factuo] = 1.000000000000000e+00
@c.xt2f.xc1.c1[scale] = 1.000000000000000e+00
@c.xt2f.xc2.c1[scale] = 1.000000000000000e+00
T2F_AFTER_END
t_a                 =  7.14978e-06
t_b                 =  2.03461e-05
freq = 1.212456566585197e+06
i33_avg             =  -3.15274e-04 from=  7.14978e-06 to=  2.03461e-05
i12_avg             =  -1.95425e-07 from=  7.14978e-06 to=  2.03461e-05
vref_avg            =  1.04852e+00 from=  7.14978e-06 to=  2.03461e-05
vth_avg             =  1.04850e+00 from=  7.14978e-06 to=  2.03461e-05
cap1_max            =  1.09493e+00 at=  1.78709e-05
fout_hi             =  1.21753e+00 at=  7.56172e-06
fout_lo             =  -1.05661e-02 at=  1.95212e-05
t_half_a            =  4.12099e-07 targ=  7.56188e-06 trig=  7.14978e-06
ngspice-46 done
