# G1_TOP run c_mid_sch_c1414_tl_tt_27C_nodcn_clockfix_compact_functional_cdlref1  2026-09-25T12:27:15Z UTC
# in-range hard trip: code 200 (~39.25mV), 1.8A/45mV fault in 20ns; HARD_N=4
# deck build/g1_top/c_mid_sch_c1414_tl_tt_27C_nodcn_clockfix_compact_functional_cdlref1.cir
# supplies VDD 1.2 V, VDDA = IOVDD 3.3 V
# blockset c1414
# WARNING osc: no sch netlist exists for blockset c1414; using the pex netlist
# NOTE bgr: BGR586 source carries 329 historical Sep-19 kpex capacitors, not an extraction of the BGR586 layout
# NOTE trip: NF4 schematic netlist (no parasitics)
# WARNING deviation --inpads nodcn: SENSE_P/SENSE_N use g1_IOPadAnalog_nodcn, a deck-local copy of the PDK sg13g2_IOPadAnalog without its dantenna-based parts (sg13g2_DCNDiode and the SecondaryProtection dantenna D1); clamps, DCPDiode, SecondaryProtection 587 Ohm + dpantenna, ptap resistors and padres kept; VREF pad and PDK file unchanged. Reason: the PDK darea diode model switches formula at -3nVt (measured current step 1e-16->4e-11 A at 78 mV/27 C, 2e-14->2e-10 A at 93 mV/85 C, 1e-12->4e-10 A at 104 mV/125 C), which stalls the transient; removed leakage < 1 nA per pad at 125 C behind the 1 Ohm Kelvin trace (README, Numerical notes).
# netlist sha256 586ffb58b6af31c77a2e7cbcb83b173ffa4713ec62401da30901c5a7e606283b blocks/g1_bgr/layout/coordinated_full_closure/evidence/pex-preparation-20260922-r1/controls/r1/baseline_586.spice
# netlist sha256 bb933fdabf3fd8a5117bf47f33cd40657caf78ef424e6a9bfddda0f11190d782 blocks/g1_trip/sim/qualification/joint586-softinputpair4-nf4-roomcal-s73133-20260924-r1/sense.spice
# netlist sha256 f5f0a90aff361fd782f29112217cbd647d18af593a930ade2d59dfbab5847a92 blocks/g1_trip/sim/qualification/joint586-softinputpair4-nf4-roomcal-s73133-20260924-r1/trip.spice
# netlist sha256 8efd7a09faf173da8604a219f73fd3ea5ec2508618d8361a050770c099d8b1c5 blocks/g1_osc/sim/qualification/fulltree_r095_load_20260924/common/osc.spice
# netlist sha256 846a55e037c5ab6e63a7490e941dc957292fe93de9d1f88bd25ab9ba5610d97c blocks/g1_gate/sim/netlist/g1_gate.spice
# IO models sha256 1d53ab7df431b717ef5aff43e1117c0224681d5cc84886da37a319280ee958d6 /foss/pdks/ihp-sg13g2/libs.ref/sg13g2_io/spice/sg13g2_io.spi
# PDK commit 84374023ee8b4b126bebbba67fcbada0a9c0ff0b
# ngspice-46 : Circuit level simulation program
# Icarus Verilog version 14.0 (devel) (s20260301-328-geda9fdcd-dirty)
# iverilog -g2005 -Wall -Wno-timescale -o /work/build/g1_top/cosim_3242c1d42494bc382e16ade7.vvp.tmp1 /work/designs/g1-guardian/blocks/g1_top/sim/rtl/g1_dig_cosim.v /work/designs/g1-guardian/blocks/g1_ctrl/rtl/g1_sync2.v /work/designs/g1-guardian/blocks/g1_ctrl/rtl/g1_serial.v /work/designs/g1-guardian/blocks/g1_ctrl/rtl/g1_trip_timer.v /work/designs/g1-guardian/blocks/g1_ctrl/rtl/g1_regfile.v /work/designs/g1-guardian/blocks/g1_ctrl/rtl/g1_digital_top.v /work/designs/g1-guardian/blocks/g1_ctrl/rtl/g1_digital.v /work/designs/g1-guardian/blocks/g1_seu/rtl/g1_tmr_reg.v /work/designs/g1-guardian/blocks/g1_seu/rtl/g1_seu_chain.v /work/designs/g1-guardian/blocks/g1_seu/rtl/g1_seu.v
# compiled RTL build/g1_top/cosim_3242c1d42494bc382e16ade7.vvp (tag c_mid_sch_c1414_tl_tt_27C_nodcn_clockfix_compact_functional_cdlref1) sha256 92d26567fbb53232877ebd55a537e6ef34624e8b2d34d15a79ff55969ef25de5
# rtl sha256 63dfb950393fe60c3da1d057f6a5dd86142c8bb670ba0a63b87248675037ccd5 designs/g1-guardian/blocks/g1_top/sim/rtl/g1_dig_cosim.v
# rtl sha256 c14906d7d9256a771cd8fdc0ab14ba291131e151d24bf06b951b6bc693ad8ef2 designs/g1-guardian/blocks/g1_ctrl/rtl/g1_sync2.v
# rtl sha256 df4341e1878caef2f7bf27abb273a7a5af3e41b96658ffa02eedb2af97c48a5d designs/g1-guardian/blocks/g1_ctrl/rtl/g1_serial.v
# rtl sha256 094527d2ccbdfad792d4c2e4d1a602c50051ed1e1c8d1789e4946a44e37af850 designs/g1-guardian/blocks/g1_ctrl/rtl/g1_trip_timer.v
# rtl sha256 16e48edd1b7ac39d4c3ccd7b76b0ff75ba9d71095e188c7c808d7fb587c10d50 designs/g1-guardian/blocks/g1_ctrl/rtl/g1_regfile.v
# rtl sha256 42430b79ddf649d832993aca1cf3c8a548afc97383c59a793cf70b972c8256ac designs/g1-guardian/blocks/g1_ctrl/rtl/g1_digital_top.v
# rtl sha256 36757122c43271dfd439bf1623be6d5413adf3bbb97cbad40d5cccf5892f5c3d designs/g1-guardian/blocks/g1_ctrl/rtl/g1_digital.v
# rtl sha256 f53f82d97b91d4e815e662e72b40968949c7d74ce135f777dba7789201167ac5 designs/g1-guardian/blocks/g1_seu/rtl/g1_tmr_reg.v
# rtl sha256 6e10bbc02a8ff29116067f2067f648b959f17b542cb2360c50e7802010048573 designs/g1-guardian/blocks/g1_seu/rtl/g1_seu_chain.v
# rtl sha256 7c1831c99b5875a2dd48387db70fd5b1a0888a520fe8676bc4e071820b7fa736 designs/g1-guardian/blocks/g1_seu/rtl/g1_seu.v

Note: No compatibility mode selected!


Circuit: * g1_top breaker path, chip level: in-range hard trip: code 200 (~39.25mv), 1.8a/45mv fault in 20ns; hard_n=4

Reducing trtol to 1 for xspice 'A' devices
Doing analysis at TEMP = 27.000000 and TNOM = 27.000000

Using SPARSE 1.3 as Direct Linear Solver


The temperature limiting function received NaN.
Please check your power dissipation and improve your heat sink Rth!
    This message will be shown only once.

Note: Starting dynamic gmin stepping
OSDI(debug) n.xtrip.xcond.xrc8.nr1: WARNING: V(i1,c) voltage is greater than specified by vmax
OSDI(debug) n.xtrip.xcond.xrc7.nr1: WARNING: V(i1,c) voltage is greater than specified by vmax
OSDI(debug) n.xtrip.xcond.xrc7.nr1: WARNING: V(i2,c) voltage is greater than specified by vmax
OSDI(debug) n.xtrip.xcond.xrc6.nr1: WARNING: V(i1,c) voltage is greater than specified by vmax
OSDI(debug) n.xtrip.xcond.xrc6.nr1: WARNING: V(i2,c) voltage is greater than specified by vmax
OSDI(debug) n.xtrip.xcond.xrc5.nr1: WARNING: V(i1,c) voltage is greater than specified by vmax
OSDI(debug) n.xtrip.xcond.xrc5.nr1: WARNING: V(i2,c) voltage is greater than specified by vmax
OSDI(debug) n.xtrip.xcond.xrc4.nr1: WARNING: V(i1,c) voltage is greater than specified by vmax
OSDI(debug) n.xtrip.xcond.xrc4.nr1: WARNING: V(i2,c) voltage is greater than specified by vmax
OSDI(debug) n.xtrip.xcond.xrc3.nr1: WARNING: V(i1,c) voltage is greater than specified by vmax
OSDI(debug) n.xtrip.xcond.xrc3.nr1: WARNING: V(i2,c) voltage is greater than specified by vmax
OSDI(debug) n.xtrip.xcond.xrc2.nr1: WARNING: V(i1,c) voltage is greater than specified by vmax
OSDI(debug) n.xtrip.xcond.xrc2.nr1: WARNING: V(i2,c) voltage is greater than specified by vmax
OSDI(debug) n.xtrip.xcond.xrc1.nr1: WARNING: V(i2,c) voltage is greater than specified by vmax
Note: Dynamic gmin stepping completed

Initial Transient Solution
--------------------------

Node                                   Voltage
----                                   -------
sub!                                         0
rail33                                     3.3
vdda_s                                     3.3
iovdd_s                                    3.3
vdda                                    3.2993
iovdd                                      3.3
vdd_s                                      1.2
vdd                                    1.19986
iprof                                        1
ldi                                2.16874e-07
gfet                                1.2458e-10
shp                                2.16874e-07
shn                                 9.6432e-08
sense_p                            5.03251e-06
sense_n                            4.92194e-06
gate                                1.2458e-10
fault_n                                    3.3
xpsp.xi0.net2                              3.3
xpsp.xi0.xr0.dt                              0
sense_p_res                        5.03829e-06
xpsp.xi3r.dt                                 0
xpsp.xi4.net2                                0
xpsp.xi4.xr0.dt                              0
xpsn.xi0.net2                              3.3
xpsn.xi0.xr0.dt                              0
sense_n_res                        4.92772e-06
xpsn.xi3r.dt                                 0
xpsn.xi4.net2                                0
xpsn.xi4.xr0.dt                              0
vref_pad                               1.04546
xpvref.xi0.net2                            3.3
xpvref.xi0.xr0.dt                            0
vref                                   1.04546
xpvref.xi3.xr0.dt                            0
xpvref.xi4.net2                              0
xpvref.xi4.xr0.dt                            0
en_core                                      0
en_pad                                       0
sclk_core                                    0
sclk_pad                                     0
sdi_core                                     0
sdi_pad                                      0
gate_drv                            1.2458e-10
gate_core                          4.58316e-08
fault_drv                                  3.3
fault_core                             1.19986
osc_en_g                                     0
osc_en                                       0
r4                                           0
vdda_bgr                                3.2993
xbgr.n_23                             0.217018
xbgr.xr1.dt                                  0
xbgr.n_12                              3.03831
xbgr.det                               3.25534
xbgr.xr2.dt                                  0
xbgr.n_13                              2.60426
xbgr.n_24                              2.38723
xbgr.xr3.dt                                  0
xbgr.n_14                               2.1702
xbgr.xr4.dt                                  0
xbgr.n_26                              1.95318
xbgr.xr5.dt                                  0
xbgr.n_15                              1.73616
xbgr.xr6.dt                                  0
xbgr.n_27                              1.51914
xbgr.xr7.dt                                  0
xbgr.n_16                              1.30211
xbgr.xr8.dt                                  0
xbgr.n_21                              1.08509
xbgr.xr9.dt                                  0
xbgr.n_25                              2.82128
xbgr.xr10.dt                                 0
xbgr.xr11.dt                                 0
xbgr.n_17                             0.868074
xbgr.n_22                             0.651055
xbgr.xr12.dt                                 0
xbgr.n_18                             0.434036
xbgr.xr13.dt                                 0
xbgr.xr14.dt                                 0
xbgr.xr15.dt                                 0
dvbe                                 0.0550729
xbgr.xr16.dt                                 0
xbgr.n_7                              0.988387
xbgr.xr17.dt                                 0
xbgr.n_2                              0.874234
xbgr.n_36                              0.93131
xbgr.xr18.dt                                 0
xbgr.xr19.dt                                 0
xbgr.n_37                             0.817157
xbgr.xr20.dt                                 0
xbgr.n_8                               0.76008
xbgr.xr21.dt                                 0
xbgr.vbe3                             0.703003
xbgr.xr22.dt                                 0
xbgr.n_6                               1.55983
xbgr.vb2                                1.6111
xbgr.xr23.dt                                 0
xbgr.n_9                               1.45728
xbgr.vd1                               1.40601
xbgr.xr24.dt                                 0
xbgr.n_19                              1.50855
xbgr.xr25.dt                                 0
xbgr.xr26.dt                                 0
xbgr.kick                          7.87013e-09
xbgr.r4n                                3.2993
vbe                                   0.702963
xbgr.b1b                           6.79613e-08
pbias                                  2.30231
xbgr.n1                               0.721262
xbgr.c2                                0.77803
pcasc                                  1.76834
xbgr.d1                                2.76587
xbgr.d2                                2.76696
xbgr.d4                                2.76588
xbgr.d5                                2.76625
xbgr.d3                                2.76599
iptat                                 0.756244
xbgr.xq55.s1                                 0
xbgr.xq55.t                                  0
xbgr.xq56.s1                       2.81906e-10
xbgr.xq56.t                          0.0329404
xbgr.xq57.s1                                 0
xbgr.xq57.t                                  0
xbgr.xq58.s1                                 0
xbgr.xq58.t                                  0
xbgr.xq59.s1                                 0
xbgr.xq59.t                                  0
xbgr.xq60.s1                       2.81922e-10
xbgr.xq60.t                          0.0329922
xbgr.xq61.s1                                 0
xbgr.xq61.t                                  0
xbgr.vd2                              0.703003
xbgr.xq62.s1                       2.81922e-10
xbgr.xq62.t                          0.0329925
xbgr.xq63.s1                                 0
xbgr.xq63.t                                  0
xbgr.xq64.s1                                 0
xbgr.xq64.t                                  0
xbgr.xq65.s1                                 0
xbgr.xq65.t                                  0
xbgr.xq66.s1                                 0
xbgr.xq66.t                                  0
xbgr.xq67.s1                       2.81988e-10
xbgr.xq67.t                        5.80152e-11
xbgr.xq68.s1                       3.12005e-10
xbgr.xq68.t                         0.00424684
xbgr.xq69.s1                       3.12005e-10
xbgr.xq69.t                         0.00424684
xbgr.xq70.s1                       3.12005e-10
xbgr.xq70.t                         0.00424684
xbgr.xq71.s1                       3.12005e-10
xbgr.xq71.t                         0.00424684
xbgr.xq72.s1                       3.12005e-10
xbgr.xq72.t                         0.00424684
xbgr.xq73.s1                       3.12005e-10
xbgr.xq73.t                         0.00424684
xbgr.xq74.s1                       3.12005e-10
xbgr.xq74.t                         0.00424684
xbgr.xq75.s1                       5.63123e-10
xbgr.xq75.t                          0.0329926
xbgr.xq76.s1                       3.12005e-10
xbgr.xq76.t                         0.00424684
xbgr.n_4                               2.24891
xbgr.xr77.dt                                 0
xbgr.n_11                              1.82174
xbgr.n_34                              1.87513
xbgr.xr78.dt                                 0
xbgr.n_10                              1.92853
xbgr.xr79.dt                                 0
xbgr.n_3                               2.03532
xbgr.n_31                              2.08872
xbgr.xr80.dt                                 0
xbgr.n_33                              1.98193
xbgr.xr81.dt                                 0
xbgr.n_5                               2.14212
xbgr.xr82.dt                                 0
xbgr.n_30                              2.19551
xbgr.xr83.dt                                 0
xbgr.xr84.dt                                 0
xbgr.xr85.dt                                 0
xbgr.xr86.dt                                 0
xbgr.xr16_u2.dt                              0
xbgr.xr16_u3.dt                              0
xbgr.xr16_u4.dt                              0
xbgr.xr16_u5.dt                              0
xbgr.xr16_u6.dt                              0
xbgr.xr16_u7.dt                              0
xbgr.xr16_u8.dt                              0
xbgr.xr16_u9.dt                              0
xbgr.xr16_u10.dt                             0
xbgr.xr16_u11.dt                             0
xbgr.xr16_u12.dt                             0
xbgr.xr16_u13.dt                             0
xbgr.xr16_u14.dt                             0
xbgr.xr16_u15.dt                             0
xbgr.xr16_u16.dt                             0
xbgr.xr16_u17.dt                             0
xbgr.xr16_u18.dt                             0
xbgr.xr16_u19.dt                             0
xbgr.xr16_u20.dt                             0
xbgr.xr16_u21.dt                             0
xbgr.xr16_u22.dt                             0
xbgr.xr16_u23.dt                             0
xbgr.xr16_u24.dt                             0
xbgr.xr17_u2.dt                              0
xbgr.xr17_u3.dt                              0
xbgr.xr17_u4.dt                              0
xbgr.xr18_u2.dt                              0
xbgr.xr18_u3.dt                              0
xbgr.xr18_u4.dt                              0
xbgr.xr19_u2.dt                              0
xbgr.xr19_u3.dt                              0
xbgr.xr19_u4.dt                              0
xbgr.xr20_u2.dt                              0
xbgr.xr20_u3.dt                              0
xbgr.xr20_u4.dt                              0
xbgr.xr21_u2.dt                              0
xbgr.xr21_u3.dt                              0
xbgr.xr21_u4.dt                              0
xbgr.xr22_u2.dt                              0
xbgr.xr22_u3.dt                              0
xbgr.xr22_u4.dt                              0
xbgr.xr23_u2.dt                              0
xbgr.xr23_u3.dt                              0
xbgr.xr23_u4.dt                              0
xbgr.xr23_u5.dt                              0
xbgr.xr23_u6.dt                              0
xbgr.xr23_u7.dt                              0
xbgr.xr23_u8.dt                              0
xbgr.xr23_u9.dt                              0
xbgr.xr23_u10.dt                             0
xbgr.xr23_u11.dt                             0
xbgr.xr23_u12.dt                             0
xbgr.xr23_u13.dt                             0
xbgr.xr23_u14.dt                             0
xbgr.xr23_u15.dt                             0
xbgr.xr23_u16.dt                             0
xbgr.xr23_u17.dt                             0
xbgr.xr23_u18.dt                             0
xbgr.xr23_u19.dt                             0
xbgr.xr23_u20.dt                             0
xbgr.xr23_u21.dt                             0
xbgr.xr23_u22.dt                             0
xbgr.xr23_u23.dt                             0
xbgr.xr23_u24.dt                             0
xbgr.xr24_u2.dt                              0
xbgr.xr24_u3.dt                              0
xbgr.xr24_u4.dt                              0
xbgr.xr24_u5.dt                              0
xbgr.xr24_u6.dt                              0
xbgr.xr24_u7.dt                              0
xbgr.xr24_u8.dt                              0
xbgr.xr24_u9.dt                              0
xbgr.xr24_u10.dt                             0
xbgr.xr24_u11.dt                             0
xbgr.xr24_u12.dt                             0
xbgr.xr24_u13.dt                             0
xbgr.xr24_u14.dt                             0
xbgr.xr24_u15.dt                             0
xbgr.xr24_u16.dt                             0
xbgr.xr24_u17.dt                             0
xbgr.xr24_u18.dt                             0
xbgr.xr24_u19.dt                             0
xbgr.xr24_u20.dt                             0
xbgr.xr24_u21.dt                             0
xbgr.xr24_u22.dt                             0
xbgr.xr24_u23.dt                             0
xbgr.xr24_u24.dt                             0
xbgr.xr25_u2.dt                              0
xbgr.xr25_u3.dt                              0
xbgr.xr25_u4.dt                              0
xbgr.xr25_u5.dt                              0
xbgr.xr25_u6.dt                              0
xbgr.xr25_u7.dt                              0
xbgr.xr25_u8.dt                              0
xbgr.xr25_u9.dt                              0
xbgr.xr25_u10.dt                             0
xbgr.xr25_u11.dt                             0
xbgr.xr25_u12.dt                             0
xbgr.xr25_u13.dt                             0
xbgr.xr25_u14.dt                             0
xbgr.xr25_u15.dt                             0
xbgr.xr25_u16.dt                             0
xbgr.xr25_u17.dt                             0
xbgr.xr25_u18.dt                             0
xbgr.xr25_u19.dt                             0
xbgr.xr25_u20.dt                             0
xbgr.xr25_u21.dt                             0
xbgr.xr25_u22.dt                             0
xbgr.xr25_u23.dt                             0
xbgr.xr25_u24.dt                             0
xbgr.xr26_u2.dt                              0
xbgr.xr26_u3.dt                              0
xbgr.xr26_u4.dt                              0
xbgr.xr26_u5.dt                              0
xbgr.xr26_u6.dt                              0
xbgr.xr26_u7.dt                              0
xbgr.xr26_u8.dt                              0
xbgr.xr26_u9.dt                              0
xbgr.xr26_u10.dt                             0
xbgr.xr26_u11.dt                             0
xbgr.xr26_u12.dt                             0
xbgr.xr26_u13.dt                             0
xbgr.xr26_u14.dt                             0
xbgr.xr26_u15.dt                             0
xbgr.xr26_u16.dt                             0
xbgr.xr26_u17.dt                             0
xbgr.xr26_u18.dt                             0
xbgr.xr26_u19.dt                             0
xbgr.xr26_u20.dt                             0
xbgr.xr26_u21.dt                             0
xbgr.xr26_u22.dt                             0
xbgr.xr26_u23.dt                             0
xbgr.xr26_u24.dt                             0
xbgr.xq56_u2.s1                    2.81906e-10
xbgr.xq56_u2.t                       0.0329404
xbgr.xq56_u3.s1                    2.81906e-10
xbgr.xq56_u3.t                       0.0329404
xbgr.xq56_u4.s1                    2.81906e-10
xbgr.xq56_u4.t                       0.0329404
xbgr.xq56_u5.s1                    2.81906e-10
xbgr.xq56_u5.t                       0.0329404
xbgr.xq56_u6.s1                    2.81906e-10
xbgr.xq56_u6.t                       0.0329404
xbgr.xq56_u7.s1                    2.81906e-10
xbgr.xq56_u7.t                       0.0329404
xbgr.xq56_u8.s1                    2.81906e-10
xbgr.xq56_u8.t                       0.0329404
xbgr.xq56_u9.s1                    2.81906e-10
xbgr.xq56_u9.t                       0.0329404
xbgr.xq56_u10.s1                   2.81906e-10
xbgr.xq56_u10.t                      0.0329404
xbgr.xq56_u11.s1                   2.81906e-10
xbgr.xq56_u11.t                      0.0329404
xbgr.xq56_u12.s1                   2.81906e-10
xbgr.xq56_u12.t                      0.0329404
xbgr.xq56_u13.s1                   2.81906e-10
xbgr.xq56_u13.t                      0.0329404
xbgr.xq56_u14.s1                   2.81906e-10
xbgr.xq56_u14.t                      0.0329404
xbgr.xq56_u15.s1                   2.81906e-10
xbgr.xq56_u15.t                      0.0329404
xbgr.xq56_u16.s1                   2.81906e-10
xbgr.xq56_u16.t                      0.0329404
xbgr.xq56_u17.s1                   2.81906e-10
xbgr.xq56_u17.t                      0.0329404
xbgr.xq56_u18.s1                   2.81906e-10
xbgr.xq56_u18.t                      0.0329404
xbgr.xq56_u19.s1                   2.81906e-10
xbgr.xq56_u19.t                      0.0329404
xbgr.xq56_u20.s1                   2.81906e-10
xbgr.xq56_u20.t                      0.0329404
xbgr.xq56_u21.s1                   2.81906e-10
xbgr.xq56_u21.t                      0.0329404
xbgr.xq56_u22.s1                   2.81906e-10
xbgr.xq56_u22.t                      0.0329404
xbgr.xq56_u23.s1                   2.81906e-10
xbgr.xq56_u23.t                      0.0329404
xbgr.xq56_u24.s1                   2.81906e-10
xbgr.xq56_u24.t                      0.0329404
xbgr.xq60_u2.s1                    2.81922e-10
xbgr.xq60_u2.t                       0.0329922
xbgr.xq60_u3.s1                    2.81922e-10
xbgr.xq60_u3.t                       0.0329922
xbgr.xq60_u4.s1                    2.81922e-10
xbgr.xq60_u4.t                       0.0329922
xbgr.xq62_u2.s1                    2.81922e-10
xbgr.xq62_u2.t                       0.0329925
xbgr.xq62_u3.s1                    2.81922e-10
xbgr.xq62_u3.t                       0.0329925
xbgr.xq62_u4.s1                    2.81922e-10
xbgr.xq62_u4.t                       0.0329925
xbgr.xq62_u5.s1                    2.81922e-10
xbgr.xq62_u5.t                       0.0329925
xbgr.xq62_u6.s1                    2.81922e-10
xbgr.xq62_u6.t                       0.0329925
xbgr.xq62_u7.s1                    2.81922e-10
xbgr.xq62_u7.t                       0.0329925
xbgr.xq62_u8.s1                    2.81922e-10
xbgr.xq62_u8.t                       0.0329925
xbgr.xq62_u9.s1                    2.81922e-10
xbgr.xq62_u9.t                       0.0329925
xbgr.xq62_u10.s1                   2.81922e-10
xbgr.xq62_u10.t                      0.0329925
xbgr.xq62_u11.s1                   2.81922e-10
xbgr.xq62_u11.t                      0.0329925
xbgr.xq62_u12.s1                   2.81922e-10
xbgr.xq62_u12.t                      0.0329925
xbgr.xq62_u13.s1                   2.81922e-10
xbgr.xq62_u13.t                      0.0329925
xbgr.xq62_u14.s1                   2.81922e-10
xbgr.xq62_u14.t                      0.0329925
xbgr.xq62_u15.s1                   2.81922e-10
xbgr.xq62_u15.t                      0.0329925
xbgr.xq62_u16.s1                   2.81922e-10
xbgr.xq62_u16.t                      0.0329925
xbgr.xq62_u17.s1                   2.81922e-10
xbgr.xq62_u17.t                      0.0329925
xbgr.xq62_u18.s1                   2.81922e-10
xbgr.xq62_u18.t                      0.0329925
xbgr.xq62_u19.s1                   2.81922e-10
xbgr.xq62_u19.t                      0.0329925
xbgr.xq62_u20.s1                   2.81922e-10
xbgr.xq62_u20.t                      0.0329925
xbgr.xq62_u21.s1                   2.81922e-10
xbgr.xq62_u21.t                      0.0329925
xbgr.xq62_u22.s1                   2.81922e-10
xbgr.xq62_u22.t                      0.0329925
xbgr.xq62_u23.s1                   2.81922e-10
xbgr.xq62_u23.t                      0.0329925
xbgr.xq62_u24.s1                   2.81922e-10
xbgr.xq62_u24.t                      0.0329925
xbgr.xq67_u2.s1                    2.81988e-10
xbgr.xq67_u2.t                     5.80152e-11
xbgr.xq67_u3.s1                    2.81988e-10
xbgr.xq67_u3.t                     5.80152e-11
xbgr.xq67_u4.s1                    2.81988e-10
xbgr.xq67_u4.t                     5.80152e-11
xbgr.xq67_u5.s1                    2.81988e-10
xbgr.xq67_u5.t                     5.80152e-11
xbgr.xq67_u6.s1                    2.81988e-10
xbgr.xq67_u6.t                     5.80152e-11
xbgr.xq67_u7.s1                    2.81988e-10
xbgr.xq67_u7.t                     5.80152e-11
xbgr.xq67_u8.s1                    2.81988e-10
xbgr.xq67_u8.t                     5.80152e-11
xbgr.xq67_u9.s1                    2.81988e-10
xbgr.xq67_u9.t                     5.80152e-11
xbgr.xq67_u10.s1                   2.81988e-10
xbgr.xq67_u10.t                    5.80152e-11
xbgr.xq67_u11.s1                   2.81988e-10
xbgr.xq67_u11.t                    5.80152e-11
xbgr.xq67_u12.s1                   2.81988e-10
xbgr.xq67_u12.t                    5.80152e-11
xbgr.xq67_u13.s1                   2.81988e-10
xbgr.xq67_u13.t                    5.80152e-11
xbgr.xq67_u14.s1                   2.81988e-10
xbgr.xq67_u14.t                    5.80152e-11
xbgr.xq67_u15.s1                   2.81988e-10
xbgr.xq67_u15.t                    5.80152e-11
xbgr.xq67_u16.s1                   2.81988e-10
xbgr.xq67_u16.t                    5.80152e-11
xbgr.xq67_u17.s1                   2.81988e-10
xbgr.xq67_u17.t                    5.80152e-11
xbgr.xq67_u18.s1                   2.81988e-10
xbgr.xq67_u18.t                    5.80152e-11
xbgr.xq67_u19.s1                   2.81988e-10
xbgr.xq67_u19.t                    5.80152e-11
xbgr.xq67_u20.s1                   2.81988e-10
xbgr.xq67_u20.t                    5.80152e-11
xbgr.xq67_u21.s1                   2.81988e-10
xbgr.xq67_u21.t                    5.80152e-11
xbgr.xq67_u22.s1                   2.81988e-10
xbgr.xq67_u22.t                    5.80152e-11
xbgr.xq67_u23.s1                   2.81988e-10
xbgr.xq67_u23.t                    5.80152e-11
xbgr.xq67_u24.s1                   2.81988e-10
xbgr.xq67_u24.t                    5.80152e-11
xbgr.xq68_u2.s1                    3.12005e-10
xbgr.xq68_u2.t                      0.00424684
xbgr.xq68_u3.s1                    3.12005e-10
xbgr.xq68_u3.t                      0.00424684
xbgr.xq68_u4.s1                    3.12005e-10
xbgr.xq68_u4.t                      0.00424684
xbgr.xq68_u5.s1                    3.12005e-10
xbgr.xq68_u5.t                      0.00424684
xbgr.xq68_u6.s1                    3.12005e-10
xbgr.xq68_u6.t                      0.00424684
xbgr.xq68_u7.s1                    3.12005e-10
xbgr.xq68_u7.t                      0.00424684
xbgr.xq68_u8.s1                    3.12005e-10
xbgr.xq68_u8.t                      0.00424684
xbgr.xq68_u9.s1                    3.12005e-10
xbgr.xq68_u9.t                      0.00424684
xbgr.xq68_u10.s1                   3.12005e-10
xbgr.xq68_u10.t                     0.00424684
xbgr.xq68_u11.s1                   3.12005e-10
xbgr.xq68_u11.t                     0.00424684
xbgr.xq68_u12.s1                   3.12005e-10
xbgr.xq68_u12.t                     0.00424684
xbgr.xq68_u13.s1                   3.12005e-10
xbgr.xq68_u13.t                     0.00424684
xbgr.xq68_u14.s1                   3.12005e-10
xbgr.xq68_u14.t                     0.00424684
xbgr.xq68_u15.s1                   3.12005e-10
xbgr.xq68_u15.t                     0.00424684
xbgr.xq68_u16.s1                   3.12005e-10
xbgr.xq68_u16.t                     0.00424684
xbgr.xq68_u17.s1                   3.12005e-10
xbgr.xq68_u17.t                     0.00424684
xbgr.xq68_u18.s1                   3.12005e-10
xbgr.xq68_u18.t                     0.00424684
xbgr.xq68_u19.s1                   3.12005e-10
xbgr.xq68_u19.t                     0.00424684
xbgr.xq68_u20.s1                   3.12005e-10
xbgr.xq68_u20.t                     0.00424684
xbgr.xq68_u21.s1                   3.12005e-10
xbgr.xq68_u21.t                     0.00424684
xbgr.xq68_u22.s1                   3.12005e-10
xbgr.xq68_u22.t                     0.00424684
xbgr.xq68_u23.s1                   3.12005e-10
xbgr.xq68_u23.t                     0.00424684
xbgr.xq68_u24.s1                   3.12005e-10
xbgr.xq68_u24.t                     0.00424684
xbgr.xq69_u2.s1                    3.12005e-10
xbgr.xq69_u2.t                      0.00424684
xbgr.xq69_u3.s1                    3.12005e-10
xbgr.xq69_u3.t                      0.00424684
xbgr.xq69_u4.s1                    3.12005e-10
xbgr.xq69_u4.t                      0.00424684
xbgr.xq69_u5.s1                    3.12005e-10
xbgr.xq69_u5.t                      0.00424684
xbgr.xq69_u6.s1                    3.12005e-10
xbgr.xq69_u6.t                      0.00424684
xbgr.xq69_u7.s1                    3.12005e-10
xbgr.xq69_u7.t                      0.00424684
xbgr.xq69_u8.s1                    3.12005e-10
xbgr.xq69_u8.t                      0.00424684
xbgr.xq69_u9.s1                    3.12005e-10
xbgr.xq69_u9.t                      0.00424684
xbgr.xq69_u10.s1                   3.12005e-10
xbgr.xq69_u10.t                     0.00424684
xbgr.xq69_u11.s1                   3.12005e-10
xbgr.xq69_u11.t                     0.00424684
xbgr.xq69_u12.s1                   3.12005e-10
xbgr.xq69_u12.t                     0.00424684
xbgr.xq69_u13.s1                   3.12005e-10
xbgr.xq69_u13.t                     0.00424684
xbgr.xq69_u14.s1                   3.12005e-10
xbgr.xq69_u14.t                     0.00424684
xbgr.xq69_u15.s1                   3.12005e-10
xbgr.xq69_u15.t                     0.00424684
xbgr.xq69_u16.s1                   3.12005e-10
xbgr.xq69_u16.t                     0.00424684
xbgr.xq69_u17.s1                   3.12005e-10
xbgr.xq69_u17.t                     0.00424684
xbgr.xq69_u18.s1                   3.12005e-10
xbgr.xq69_u18.t                     0.00424684
xbgr.xq69_u19.s1                   3.12005e-10
xbgr.xq69_u19.t                     0.00424684
xbgr.xq69_u20.s1                   3.12005e-10
xbgr.xq69_u20.t                     0.00424684
xbgr.xq69_u21.s1                   3.12005e-10
xbgr.xq69_u21.t                     0.00424684
xbgr.xq69_u22.s1                   3.12005e-10
xbgr.xq69_u22.t                     0.00424684
xbgr.xq69_u23.s1                   3.12005e-10
xbgr.xq69_u23.t                     0.00424684
xbgr.xq69_u24.s1                   3.12005e-10
xbgr.xq69_u24.t                     0.00424684
xbgr.xq70_u2.s1                    3.12005e-10
xbgr.xq70_u2.t                      0.00424684
xbgr.xq70_u3.s1                    3.12005e-10
xbgr.xq70_u3.t                      0.00424684
xbgr.xq70_u4.s1                    3.12005e-10
xbgr.xq70_u4.t                      0.00424684
xbgr.xq70_u5.s1                    3.12005e-10
xbgr.xq70_u5.t                      0.00424684
xbgr.xq70_u6.s1                    3.12005e-10
xbgr.xq70_u6.t                      0.00424684
xbgr.xq70_u7.s1                    3.12005e-10
xbgr.xq70_u7.t                      0.00424684
xbgr.xq70_u8.s1                    3.12005e-10
xbgr.xq70_u8.t                      0.00424684
xbgr.xq70_u9.s1                    3.12005e-10
xbgr.xq70_u9.t                      0.00424684
xbgr.xq70_u10.s1                   3.12005e-10
xbgr.xq70_u10.t                     0.00424684
xbgr.xq70_u11.s1                   3.12005e-10
xbgr.xq70_u11.t                     0.00424684
xbgr.xq70_u12.s1                   3.12005e-10
xbgr.xq70_u12.t                     0.00424684
xbgr.xq70_u13.s1                   3.12005e-10
xbgr.xq70_u13.t                     0.00424684
xbgr.xq70_u14.s1                   3.12005e-10
xbgr.xq70_u14.t                     0.00424684
xbgr.xq70_u15.s1                   3.12005e-10
xbgr.xq70_u15.t                     0.00424684
xbgr.xq70_u16.s1                   3.12005e-10
xbgr.xq70_u16.t                     0.00424684
xbgr.xq70_u17.s1                   3.12005e-10
xbgr.xq70_u17.t                     0.00424684
xbgr.xq70_u18.s1                   3.12005e-10
xbgr.xq70_u18.t                     0.00424684
xbgr.xq70_u19.s1                   3.12005e-10
xbgr.xq70_u19.t                     0.00424684
xbgr.xq70_u20.s1                   3.12005e-10
xbgr.xq70_u20.t                     0.00424684
xbgr.xq70_u21.s1                   3.12005e-10
xbgr.xq70_u21.t                     0.00424684
xbgr.xq70_u22.s1                   3.12005e-10
xbgr.xq70_u22.t                     0.00424684
xbgr.xq70_u23.s1                   3.12005e-10
xbgr.xq70_u23.t                     0.00424684
xbgr.xq70_u24.s1                   3.12005e-10
xbgr.xq70_u24.t                     0.00424684
xbgr.xq71_u2.s1                    3.12005e-10
xbgr.xq71_u2.t                      0.00424684
xbgr.xq71_u3.s1                    3.12005e-10
xbgr.xq71_u3.t                      0.00424684
xbgr.xq71_u4.s1                    3.12005e-10
xbgr.xq71_u4.t                      0.00424684
xbgr.xq71_u5.s1                    3.12005e-10
xbgr.xq71_u5.t                      0.00424684
xbgr.xq71_u6.s1                    3.12005e-10
xbgr.xq71_u6.t                      0.00424684
xbgr.xq71_u7.s1                    3.12005e-10
xbgr.xq71_u7.t                      0.00424684
xbgr.xq71_u8.s1                    3.12005e-10
xbgr.xq71_u8.t                      0.00424684
xbgr.xq71_u9.s1                    3.12005e-10
xbgr.xq71_u9.t                      0.00424684
xbgr.xq71_u10.s1                   3.12005e-10
xbgr.xq71_u10.t                     0.00424684
xbgr.xq71_u11.s1                   3.12005e-10
xbgr.xq71_u11.t                     0.00424684
xbgr.xq71_u12.s1                   3.12005e-10
xbgr.xq71_u12.t                     0.00424684
xbgr.xq71_u13.s1                   3.12005e-10
xbgr.xq71_u13.t                     0.00424684
xbgr.xq71_u14.s1                   3.12005e-10
xbgr.xq71_u14.t                     0.00424684
xbgr.xq71_u15.s1                   3.12005e-10
xbgr.xq71_u15.t                     0.00424684
xbgr.xq71_u16.s1                   3.12005e-10
xbgr.xq71_u16.t                     0.00424684
xbgr.xq71_u17.s1                   3.12005e-10
xbgr.xq71_u17.t                     0.00424684
xbgr.xq71_u18.s1                   3.12005e-10
xbgr.xq71_u18.t                     0.00424684
xbgr.xq71_u19.s1                   3.12005e-10
xbgr.xq71_u19.t                     0.00424684
xbgr.xq71_u20.s1                   3.12005e-10
xbgr.xq71_u20.t                     0.00424684
xbgr.xq71_u21.s1                   3.12005e-10
xbgr.xq71_u21.t                     0.00424684
xbgr.xq71_u22.s1                   3.12005e-10
xbgr.xq71_u22.t                     0.00424684
xbgr.xq71_u23.s1                   3.12005e-10
xbgr.xq71_u23.t                     0.00424684
xbgr.xq71_u24.s1                   3.12005e-10
xbgr.xq71_u24.t                     0.00424684
xbgr.xq72_u2.s1                    3.12005e-10
xbgr.xq72_u2.t                      0.00424684
xbgr.xq72_u3.s1                    3.12005e-10
xbgr.xq72_u3.t                      0.00424684
xbgr.xq72_u4.s1                    3.12005e-10
xbgr.xq72_u4.t                      0.00424684
xbgr.xq72_u5.s1                    3.12005e-10
xbgr.xq72_u5.t                      0.00424684
xbgr.xq72_u6.s1                    3.12005e-10
xbgr.xq72_u6.t                      0.00424684
xbgr.xq72_u7.s1                    3.12005e-10
xbgr.xq72_u7.t                      0.00424684
xbgr.xq72_u8.s1                    3.12005e-10
xbgr.xq72_u8.t                      0.00424684
xbgr.xq72_u9.s1                    3.12005e-10
xbgr.xq72_u9.t                      0.00424684
xbgr.xq72_u10.s1                   3.12005e-10
xbgr.xq72_u10.t                     0.00424684
xbgr.xq72_u11.s1                   3.12005e-10
xbgr.xq72_u11.t                     0.00424684
xbgr.xq72_u12.s1                   3.12005e-10
xbgr.xq72_u12.t                     0.00424684
xbgr.xq72_u13.s1                   3.12005e-10
xbgr.xq72_u13.t                     0.00424684
xbgr.xq72_u14.s1                   3.12005e-10
xbgr.xq72_u14.t                     0.00424684
xbgr.xq72_u15.s1                   3.12005e-10
xbgr.xq72_u15.t                     0.00424684
xbgr.xq72_u16.s1                   3.12005e-10
xbgr.xq72_u16.t                     0.00424684
xbgr.xq72_u17.s1                   3.12005e-10
xbgr.xq72_u17.t                     0.00424684
xbgr.xq72_u18.s1                   3.12005e-10
xbgr.xq72_u18.t                     0.00424684
xbgr.xq72_u19.s1                   3.12005e-10
xbgr.xq72_u19.t                     0.00424684
xbgr.xq72_u20.s1                   3.12005e-10
xbgr.xq72_u20.t                     0.00424684
xbgr.xq72_u21.s1                   3.12005e-10
xbgr.xq72_u21.t                     0.00424684
xbgr.xq72_u22.s1                   3.12005e-10
xbgr.xq72_u22.t                     0.00424684
xbgr.xq72_u23.s1                   3.12005e-10
xbgr.xq72_u23.t                     0.00424684
xbgr.xq72_u24.s1                   3.12005e-10
xbgr.xq72_u24.t                     0.00424684
xbgr.xq73_u2.s1                    3.12005e-10
xbgr.xq73_u2.t                      0.00424684
xbgr.xq73_u3.s1                    3.12005e-10
xbgr.xq73_u3.t                      0.00424684
xbgr.xq73_u4.s1                    3.12005e-10
xbgr.xq73_u4.t                      0.00424684
xbgr.xq73_u5.s1                    3.12005e-10
xbgr.xq73_u5.t                      0.00424684
xbgr.xq73_u6.s1                    3.12005e-10
xbgr.xq73_u6.t                      0.00424684
xbgr.xq73_u7.s1                    3.12005e-10
xbgr.xq73_u7.t                      0.00424684
xbgr.xq73_u8.s1                    3.12005e-10
xbgr.xq73_u8.t                      0.00424684
xbgr.xq73_u9.s1                    3.12005e-10
xbgr.xq73_u9.t                      0.00424684
xbgr.xq73_u10.s1                   3.12005e-10
xbgr.xq73_u10.t                     0.00424684
xbgr.xq73_u11.s1                   3.12005e-10
xbgr.xq73_u11.t                     0.00424684
xbgr.xq73_u12.s1                   3.12005e-10
xbgr.xq73_u12.t                     0.00424684
xbgr.xq73_u13.s1                   3.12005e-10
xbgr.xq73_u13.t                     0.00424684
xbgr.xq73_u14.s1                   3.12005e-10
xbgr.xq73_u14.t                     0.00424684
xbgr.xq73_u15.s1                   3.12005e-10
xbgr.xq73_u15.t                     0.00424684
xbgr.xq73_u16.s1                   3.12005e-10
xbgr.xq73_u16.t                     0.00424684
xbgr.xq73_u17.s1                   3.12005e-10
xbgr.xq73_u17.t                     0.00424684
xbgr.xq73_u18.s1                   3.12005e-10
xbgr.xq73_u18.t                     0.00424684
xbgr.xq73_u19.s1                   3.12005e-10
xbgr.xq73_u19.t                     0.00424684
xbgr.xq73_u20.s1                   3.12005e-10
xbgr.xq73_u20.t                     0.00424684
xbgr.xq73_u21.s1                   3.12005e-10
xbgr.xq73_u21.t                     0.00424684
xbgr.xq73_u22.s1                   3.12005e-10
xbgr.xq73_u22.t                     0.00424684
xbgr.xq73_u23.s1                   3.12005e-10
xbgr.xq73_u23.t                     0.00424684
xbgr.xq73_u24.s1                   3.12005e-10
xbgr.xq73_u24.t                     0.00424684
xbgr.xq74_u2.s1                    3.12005e-10
xbgr.xq74_u2.t                      0.00424684
xbgr.xq74_u3.s1                    3.12005e-10
xbgr.xq74_u3.t                      0.00424684
xbgr.xq74_u4.s1                    3.12005e-10
xbgr.xq74_u4.t                      0.00424684
xbgr.xq74_u5.s1                    3.12005e-10
xbgr.xq74_u5.t                      0.00424684
xbgr.xq74_u6.s1                    3.12005e-10
xbgr.xq74_u6.t                      0.00424684
xbgr.xq74_u7.s1                    3.12005e-10
xbgr.xq74_u7.t                      0.00424684
xbgr.xq74_u8.s1                    3.12005e-10
xbgr.xq74_u8.t                      0.00424684
xbgr.xq74_u9.s1                    3.12005e-10
xbgr.xq74_u9.t                      0.00424684
xbgr.xq74_u10.s1                   3.12005e-10
xbgr.xq74_u10.t                     0.00424684
xbgr.xq74_u11.s1                   3.12005e-10
xbgr.xq74_u11.t                     0.00424684
xbgr.xq74_u12.s1                   3.12005e-10
xbgr.xq74_u12.t                     0.00424684
xbgr.xq74_u13.s1                   3.12005e-10
xbgr.xq74_u13.t                     0.00424684
xbgr.xq74_u14.s1                   3.12005e-10
xbgr.xq74_u14.t                     0.00424684
xbgr.xq74_u15.s1                   3.12005e-10
xbgr.xq74_u15.t                     0.00424684
xbgr.xq74_u16.s1                   3.12005e-10
xbgr.xq74_u16.t                     0.00424684
xbgr.xq74_u17.s1                   3.12005e-10
xbgr.xq74_u17.t                     0.00424684
xbgr.xq74_u18.s1                   3.12005e-10
xbgr.xq74_u18.t                     0.00424684
xbgr.xq74_u19.s1                   3.12005e-10
xbgr.xq74_u19.t                     0.00424684
xbgr.xq74_u20.s1                   3.12005e-10
xbgr.xq74_u20.t                     0.00424684
xbgr.xq74_u21.s1                   3.12005e-10
xbgr.xq74_u21.t                     0.00424684
xbgr.xq74_u22.s1                   3.12005e-10
xbgr.xq74_u22.t                     0.00424684
xbgr.xq74_u23.s1                   3.12005e-10
xbgr.xq74_u23.t                     0.00424684
xbgr.xq74_u24.s1                   3.12005e-10
xbgr.xq74_u24.t                     0.00424684
xbgr.xq75_u2.s1                    5.63123e-10
xbgr.xq75_u2.t                       0.0329926
xbgr.xq75_u3.s1                    5.63123e-10
xbgr.xq75_u3.t                       0.0329926
xbgr.xq75_u4.s1                    5.63123e-10
xbgr.xq75_u4.t                       0.0329926
xbgr.xq75_u5.s1                    5.63123e-10
xbgr.xq75_u5.t                       0.0329926
xbgr.xq75_u6.s1                    5.63123e-10
xbgr.xq75_u6.t                       0.0329926
xbgr.xq75_u7.s1                    5.63123e-10
xbgr.xq75_u7.t                       0.0329926
xbgr.xq75_u8.s1                    5.63123e-10
xbgr.xq75_u8.t                       0.0329926
xbgr.xq75_u9.s1                    5.63123e-10
xbgr.xq75_u9.t                       0.0329926
xbgr.xq75_u10.s1                   5.63123e-10
xbgr.xq75_u10.t                      0.0329926
xbgr.xq75_u11.s1                   5.63123e-10
xbgr.xq75_u11.t                      0.0329926
xbgr.xq75_u12.s1                   5.63123e-10
xbgr.xq75_u12.t                      0.0329926
xbgr.xq75_u13.s1                   5.63123e-10
xbgr.xq75_u13.t                      0.0329926
xbgr.xq75_u14.s1                   5.63123e-10
xbgr.xq75_u14.t                      0.0329926
xbgr.xq75_u15.s1                   5.63123e-10
xbgr.xq75_u15.t                      0.0329926
xbgr.xq75_u16.s1                   5.63123e-10
xbgr.xq75_u16.t                      0.0329926
xbgr.xq75_u17.s1                   5.63123e-10
xbgr.xq75_u17.t                      0.0329926
xbgr.xq75_u18.s1                   5.63123e-10
xbgr.xq75_u18.t                      0.0329926
xbgr.xq75_u19.s1                   5.63123e-10
xbgr.xq75_u19.t                      0.0329926
xbgr.xq75_u20.s1                   5.63123e-10
xbgr.xq75_u20.t                      0.0329926
xbgr.xq75_u21.s1                   5.63123e-10
xbgr.xq75_u21.t                      0.0329926
xbgr.xq75_u22.s1                   5.63123e-10
xbgr.xq75_u22.t                      0.0329926
xbgr.xq75_u23.s1                   5.63123e-10
xbgr.xq75_u23.t                      0.0329926
xbgr.xq75_u24.s1                   5.63123e-10
xbgr.xq75_u24.t                      0.0329926
xbgr.xq76_u2.s1                    3.12005e-10
xbgr.xq76_u2.t                      0.00424684
xbgr.xq76_u3.s1                    3.12005e-10
xbgr.xq76_u3.t                      0.00424684
xbgr.xq76_u4.s1                    3.12005e-10
xbgr.xq76_u4.t                      0.00424684
xbgr.xq76_u5.s1                    3.12005e-10
xbgr.xq76_u5.t                      0.00424684
xbgr.xq76_u6.s1                    3.12005e-10
xbgr.xq76_u6.t                      0.00424684
xbgr.xq76_u7.s1                    3.12005e-10
xbgr.xq76_u7.t                      0.00424684
xbgr.xq76_u8.s1                    3.12005e-10
xbgr.xq76_u8.t                      0.00424684
xbgr.xq76_u9.s1                    3.12005e-10
xbgr.xq76_u9.t                      0.00424684
xbgr.xq76_u10.s1                   3.12005e-10
xbgr.xq76_u10.t                     0.00424684
xbgr.xq76_u11.s1                   3.12005e-10
xbgr.xq76_u11.t                     0.00424684
xbgr.xq76_u12.s1                   3.12005e-10
xbgr.xq76_u12.t                     0.00424684
xbgr.xq76_u13.s1                   3.12005e-10
xbgr.xq76_u13.t                     0.00424684
xbgr.xq76_u14.s1                   3.12005e-10
xbgr.xq76_u14.t                     0.00424684
xbgr.xq76_u15.s1                   3.12005e-10
xbgr.xq76_u15.t                     0.00424684
xbgr.xq76_u16.s1                   3.12005e-10
xbgr.xq76_u16.t                     0.00424684
xbgr.xq76_u17.s1                   3.12005e-10
xbgr.xq76_u17.t                     0.00424684
xbgr.xq76_u18.s1                   3.12005e-10
xbgr.xq76_u18.t                     0.00424684
xbgr.xq76_u19.s1                   3.12005e-10
xbgr.xq76_u19.t                     0.00424684
xbgr.xq76_u20.s1                   3.12005e-10
xbgr.xq76_u20.t                     0.00424684
xbgr.xq76_u21.s1                   3.12005e-10
xbgr.xq76_u21.t                     0.00424684
xbgr.xq76_u22.s1                   3.12005e-10
xbgr.xq76_u22.t                     0.00424684
xbgr.xq76_u23.s1                   3.12005e-10
xbgr.xq76_u23.t                     0.00424684
xbgr.xq76_u24.s1                   3.12005e-10
xbgr.xq76_u24.t                     0.00424684
xbgr.xr77_u2.dt                              0
xbgr.xr77_u3.dt                              0
xbgr.xr77_u4.dt                              0
xbgr.xr77_u5.dt                              0
xbgr.xr77_u6.dt                              0
xbgr.xr77_u7.dt                              0
xbgr.xr77_u8.dt                              0
xbgr.xr77_u9.dt                              0
xbgr.xr77_u10.dt                             0
xbgr.xr77_u11.dt                             0
xbgr.xr77_u12.dt                             0
xbgr.xr77_u13.dt                             0
xbgr.xr77_u14.dt                             0
xbgr.xr77_u15.dt                             0
xbgr.xr77_u16.dt                             0
xbgr.xr77_u17.dt                             0
xbgr.xr77_u18.dt                             0
xbgr.xr77_u19.dt                             0
xbgr.xr77_u20.dt                             0
xbgr.xr77_u21.dt                             0
xbgr.xr77_u22.dt                             0
xbgr.xr77_u23.dt                             0
xbgr.xr77_u24.dt                             0
xbgr.xr78_u2.dt                              0
xbgr.xr78_u3.dt                              0
xbgr.xr78_u4.dt                              0
xbgr.xr78_u5.dt                              0
xbgr.xr78_u6.dt                              0
xbgr.xr78_u7.dt                              0
xbgr.xr78_u8.dt                              0
xbgr.xr78_u9.dt                              0
xbgr.xr78_u10.dt                             0
xbgr.xr78_u11.dt                             0
xbgr.xr78_u12.dt                             0
xbgr.xr78_u13.dt                             0
xbgr.xr78_u14.dt                             0
xbgr.xr78_u15.dt                             0
xbgr.xr78_u16.dt                             0
xbgr.xr78_u17.dt                             0
xbgr.xr78_u18.dt                             0
xbgr.xr78_u19.dt                             0
xbgr.xr78_u20.dt                             0
xbgr.xr78_u21.dt                             0
xbgr.xr78_u22.dt                             0
xbgr.xr78_u23.dt                             0
xbgr.xr78_u24.dt                             0
xbgr.xr79_u2.dt                              0
xbgr.xr79_u3.dt                              0
xbgr.xr79_u4.dt                              0
xbgr.xr79_u5.dt                              0
xbgr.xr79_u6.dt                              0
xbgr.xr79_u7.dt                              0
xbgr.xr79_u8.dt                              0
xbgr.xr79_u9.dt                              0
xbgr.xr79_u10.dt                             0
xbgr.xr79_u11.dt                             0
xbgr.xr79_u12.dt                             0
xbgr.xr79_u13.dt                             0
xbgr.xr79_u14.dt                             0
xbgr.xr79_u15.dt                             0
xbgr.xr79_u16.dt                             0
xbgr.xr79_u17.dt                             0
xbgr.xr79_u18.dt                             0
xbgr.xr79_u19.dt                             0
xbgr.xr79_u20.dt                             0
xbgr.xr79_u21.dt                             0
xbgr.xr79_u22.dt                             0
xbgr.xr79_u23.dt                             0
xbgr.xr79_u24.dt                             0
xbgr.xr80_u2.dt                              0
xbgr.xr80_u3.dt                              0
xbgr.xr80_u4.dt                              0
xbgr.xr80_u5.dt                              0
xbgr.xr80_u6.dt                              0
xbgr.xr80_u7.dt                              0
xbgr.xr80_u8.dt                              0
xbgr.xr80_u9.dt                              0
xbgr.xr80_u10.dt                             0
xbgr.xr80_u11.dt                             0
xbgr.xr80_u12.dt                             0
xbgr.xr80_u13.dt                             0
xbgr.xr80_u14.dt                             0
xbgr.xr80_u15.dt                             0
xbgr.xr80_u16.dt                             0
xbgr.xr80_u17.dt                             0
xbgr.xr80_u18.dt                             0
xbgr.xr80_u19.dt                             0
xbgr.xr80_u20.dt                             0
xbgr.xr80_u21.dt                             0
xbgr.xr80_u22.dt                             0
xbgr.xr80_u23.dt                             0
xbgr.xr80_u24.dt                             0
xbgr.xr81_u2.dt                              0
xbgr.xr81_u3.dt                              0
xbgr.xr81_u4.dt                              0
xbgr.xr81_u5.dt                              0
xbgr.xr81_u6.dt                              0
xbgr.xr81_u7.dt                              0
xbgr.xr81_u8.dt                              0
xbgr.xr81_u9.dt                              0
xbgr.xr81_u10.dt                             0
xbgr.xr81_u11.dt                             0
xbgr.xr81_u12.dt                             0
xbgr.xr81_u13.dt                             0
xbgr.xr81_u14.dt                             0
xbgr.xr81_u15.dt                             0
xbgr.xr81_u16.dt                             0
xbgr.xr81_u17.dt                             0
xbgr.xr81_u18.dt                             0
xbgr.xr81_u19.dt                             0
xbgr.xr81_u20.dt                             0
xbgr.xr81_u21.dt                             0
xbgr.xr81_u22.dt                             0
xbgr.xr81_u23.dt                             0
xbgr.xr81_u24.dt                             0
xbgr.xr82_u2.dt                              0
xbgr.xr82_u3.dt                              0
xbgr.xr82_u4.dt                              0
xbgr.xr82_u5.dt                              0
xbgr.xr82_u6.dt                              0
xbgr.xr82_u7.dt                              0
xbgr.xr82_u8.dt                              0
xbgr.xr82_u9.dt                              0
xbgr.xr82_u10.dt                             0
xbgr.xr82_u11.dt                             0
xbgr.xr82_u12.dt                             0
xbgr.xr82_u13.dt                             0
xbgr.xr82_u14.dt                             0
xbgr.xr82_u15.dt                             0
xbgr.xr82_u16.dt                             0
xbgr.xr82_u17.dt                             0
xbgr.xr82_u18.dt                             0
xbgr.xr82_u19.dt                             0
xbgr.xr82_u20.dt                             0
xbgr.xr82_u21.dt                             0
xbgr.xr82_u22.dt                             0
xbgr.xr82_u23.dt                             0
xbgr.xr82_u24.dt                             0
xbgr.xr83_u2.dt                              0
xbgr.xr83_u3.dt                              0
xbgr.xr83_u4.dt                              0
xbgr.xr83_u5.dt                              0
xbgr.xr83_u6.dt                              0
xbgr.xr83_u7.dt                              0
xbgr.xr83_u8.dt                              0
xbgr.xr83_u9.dt                              0
xbgr.xr83_u10.dt                             0
xbgr.xr83_u11.dt                             0
xbgr.xr83_u12.dt                             0
xbgr.xr83_u13.dt                             0
xbgr.xr83_u14.dt                             0
xbgr.xr83_u15.dt                             0
xbgr.xr83_u16.dt                             0
xbgr.xr83_u17.dt                             0
xbgr.xr83_u18.dt                             0
xbgr.xr83_u19.dt                             0
xbgr.xr83_u20.dt                             0
xbgr.xr83_u21.dt                             0
xbgr.xr83_u22.dt                             0
xbgr.xr83_u23.dt                             0
xbgr.xr83_u24.dt                             0
xbgr.xr84_u2.dt                              0
xbgr.xr84_u3.dt                              0
xbgr.xr84_u4.dt                              0
xbgr.xr84_u5.dt                              0
xbgr.xr84_u6.dt                              0
xbgr.xr84_u7.dt                              0
xbgr.xr84_u8.dt                              0
xbgr.xr84_u9.dt                              0
xbgr.xr84_u10.dt                             0
xbgr.xr84_u11.dt                             0
xbgr.xr84_u12.dt                             0
xbgr.xr84_u13.dt                             0
xbgr.xr84_u14.dt                             0
xbgr.xr84_u15.dt                             0
xbgr.xr84_u16.dt                             0
xbgr.xr84_u17.dt                             0
xbgr.xr84_u18.dt                             0
xbgr.xr84_u19.dt                             0
xbgr.xr84_u20.dt                             0
xbgr.xr84_u21.dt                             0
xbgr.xr84_u22.dt                             0
xbgr.xr84_u23.dt                             0
xbgr.xr84_u24.dt                             0
xbgr.xr85_u2.dt                              0
xbgr.xr85_u3.dt                              0
xbgr.xr85_u4.dt                              0
xbgr.xr85_u5.dt                              0
xbgr.xr85_u6.dt                              0
xbgr.xr85_u7.dt                              0
xbgr.xr85_u8.dt                              0
xbgr.xr85_u9.dt                              0
xbgr.xr85_u10.dt                             0
xbgr.xr85_u11.dt                             0
xbgr.xr85_u12.dt                             0
xbgr.xr85_u13.dt                             0
xbgr.xr85_u14.dt                             0
xbgr.xr85_u15.dt                             0
xbgr.xr85_u16.dt                             0
xbgr.xr85_u17.dt                             0
xbgr.xr85_u18.dt                             0
xbgr.xr85_u19.dt                             0
xbgr.xr85_u20.dt                             0
xbgr.xr85_u21.dt                             0
xbgr.xr85_u22.dt                             0
xbgr.xr85_u23.dt                             0
xbgr.xr85_u24.dt                             0
xbgr.xr86_u2.dt                              0
xbgr.xr86_u3.dt                              0
xbgr.xr86_u4.dt                              0
xbgr.xr86_u5.dt                              0
xbgr.xr86_u6.dt                              0
xbgr.xr86_u7.dt                              0
xbgr.xr86_u8.dt                              0
xbgr.xr86_u9.dt                              0
xbgr.xr86_u10.dt                             0
xbgr.xr86_u11.dt                             0
xbgr.xr86_u12.dt                             0
xbgr.xr86_u13.dt                             0
xbgr.xr86_u14.dt                             0
xbgr.xr86_u15.dt                             0
xbgr.xr86_u16.dt                             0
xbgr.xr86_u17.dt                             0
xbgr.xr86_u18.dt                             0
xbgr.xr86_u19.dt                             0
xbgr.xr86_u20.dt                             0
xbgr.xr86_u21.dt                             0
xbgr.xr86_u22.dt                             0
xbgr.xr86_u23.dt                             0
xbgr.xr86_u24.dt                             0
vdda_sense                              3.2993
xsense.vn                             0.048001
xsense.xr1n0.dt                              0
xsense.r2n_0                         0.0959972
xsense.xr2n0.dt                              0
xsense.r2n_1                          0.143993
xsense.xr2n1.dt                              0
xsense.r2n_2                          0.191989
xsense.xr2n2.dt                              0
xsense.r2n_3                          0.239986
xsense.xr2n3.dt                              0
xsense.r2n_4                          0.287982
xsense.xr2n4.dt                              0
xsense.r2n_5                          0.335978
xsense.xr2n5.dt                              0
xsense.r2n_6                          0.383974
xsense.xr2n6.dt                              0
xsense.r2n_7                           0.43197
xsense.xr2n7.dt                              0
xsense.r2n_8                          0.479967
xsense.xr2n8.dt                              0
xsense.r2n_9                          0.527963
xsense.xr2n9.dt                              0
xsense.r2n_10                         0.575959
xsense.xr2n10.dt                             0
xsense.r2n_11                         0.623956
xsense.xr2n11.dt                             0
xsense.r2n_12                         0.671952
xsense.xr2n12.dt                             0
xsense.r2n_13                         0.719948
xsense.xr2n13.dt                             0
xsense.r2n_14                         0.767945
xsense.xr2n14.dt                             0
xsense.r2n_15                         0.815941
xsense.xr2n15.dt                             0
xsense.r2n_16                         0.863938
xsense.xr2n16.dt                             0
xsense.r2n_17                         0.911934
xsense.xr2n17.dt                             0
xsense.r2n_18                         0.959931
xsense.xr2n18.dt                             0
isense                                 1.00793
xsense.xr2n19.dt                             0
xsense.vp                             0.047903
xsense.xr1p0.dt                              0
xsense.r2p_0                         0.0958009
xsense.xr2p0.dt                              0
xsense.r2p_1                          0.143699
xsense.xr2p1.dt                              0
xsense.r2p_2                          0.191597
xsense.xr2p2.dt                              0
xsense.r2p_3                          0.239495
xsense.xr2p3.dt                              0
xsense.r2p_4                          0.287393
xsense.xr2p4.dt                              0
xsense.r2p_5                          0.335291
xsense.xr2p5.dt                              0
xsense.r2p_6                          0.383189
xsense.xr2p6.dt                              0
xsense.r2p_7                          0.431087
xsense.xr2p7.dt                              0
xsense.r2p_8                          0.478985
xsense.xr2p8.dt                              0
xsense.r2p_9                          0.526883
xsense.xr2p9.dt                              0
xsense.r2p_10                         0.574781
xsense.xr2p10.dt                             0
xsense.r2p_11                         0.622679
xsense.xr2p11.dt                             0
xsense.r2p_12                         0.670577
xsense.xr2p12.dt                             0
xsense.r2p_13                         0.718476
xsense.xr2p13.dt                             0
xsense.r2p_14                         0.766374
xsense.xr2p14.dt                             0
xsense.r2p_15                         0.814272
xsense.xr2p15.dt                             0
xsense.r2p_16                          0.86217
xsense.xr2p16.dt                             0
xsense.r2p_17                         0.910069
xsense.xr2p17.dt                             0
xsense.r2p_18                         0.957967
xsense.xr2p18.dt                             0
vped                                   1.00587
xsense.xr2p19.dt                             0
vref_buf                               1.04537
xsense.rd1_0                           1.02564
xsense.xrd10.dt                              0
xsense.vped_ref                        1.00592
xsense.xrd11.dt                              0
xsense.rd2_0                          0.986195
xsense.xrd20.dt                              0
xsense.rd2_1                           0.96647
xsense.xrd21.dt                              0
xsense.rd2_2                          0.946746
xsense.xrd22.dt                              0
xsense.rd2_3                          0.927022
xsense.xrd23.dt                              0
xsense.rd2_4                          0.907297
xsense.xrd24.dt                              0
xsense.rd2_5                          0.887573
xsense.xrd25.dt                              0
xsense.rd2_6                          0.867849
xsense.xrd26.dt                              0
xsense.rd2_7                          0.848125
xsense.xrd27.dt                              0
xsense.rd2_8                            0.8284
xsense.xrd28.dt                              0
xsense.rd2_9                          0.808676
xsense.xrd29.dt                              0
xsense.rd2_10                         0.788952
xsense.xrd210.dt                             0
xsense.rd2_11                         0.769228
xsense.xrd211.dt                             0
xsense.rd2_12                         0.749504
xsense.xrd212.dt                             0
xsense.rd2_13                          0.72978
xsense.xrd213.dt                             0
xsense.rd2_14                         0.710056
xsense.xrd214.dt                             0
xsense.rd2_15                         0.690332
xsense.xrd215.dt                             0
xsense.rd2_16                         0.670608
xsense.xrd216.dt                             0
xsense.rd2_17                         0.650884
xsense.xrd217.dt                             0
xsense.rd2_18                          0.63116
xsense.xrd218.dt                             0
xsense.rd2_19                         0.611436
xsense.xrd219.dt                             0
xsense.rd2_20                         0.591712
xsense.xrd220.dt                             0
xsense.rd2_21                         0.571988
xsense.xrd221.dt                             0
xsense.rd2_22                         0.552264
xsense.xrd222.dt                             0
xsense.rd2_23                          0.53254
xsense.xrd223.dt                             0
xsense.rd2_24                         0.512816
xsense.xrd224.dt                             0
xsense.rd2_25                         0.493092
xsense.xrd225.dt                             0
xsense.rd2_26                         0.473369
xsense.xrd226.dt                             0
xsense.rd2_27                         0.453645
xsense.xrd227.dt                             0
xsense.rd2_28                         0.433921
xsense.xrd228.dt                             0
xsense.rd2_29                         0.414197
xsense.xrd229.dt                             0
xsense.rd2_30                         0.394473
xsense.xrd230.dt                             0
xsense.rd2_31                          0.37475
xsense.xrd231.dt                             0
xsense.rd2_32                         0.355026
xsense.xrd232.dt                             0
xsense.rd2_33                         0.335302
xsense.xrd233.dt                             0
xsense.rd2_34                         0.315579
xsense.xrd234.dt                             0
xsense.rd2_35                         0.295855
xsense.xrd235.dt                             0
xsense.rd2_36                         0.276131
xsense.xrd236.dt                             0
xsense.rd2_37                         0.256407
xsense.xrd237.dt                             0
xsense.rd2_38                         0.236684
xsense.xrd238.dt                             0
xsense.rd2_39                          0.21696
xsense.xrd239.dt                             0
xsense.rd2_40                         0.197236
xsense.xrd240.dt                             0
xsense.rd2_41                         0.177513
xsense.xrd241.dt                             0
xsense.rd2_42                         0.157789
xsense.xrd242.dt                             0
xsense.rd2_43                         0.138065
xsense.xrd243.dt                             0
xsense.rd2_44                         0.118342
xsense.xrd244.dt                             0
xsense.rd2_45                        0.0986181
xsense.xrd245.dt                             0
xsense.rd2_46                        0.0788945
xsense.xrd246.dt                             0
xsense.rd2_47                        0.0591709
xsense.xrd247.dt                             0
xsense.rd2_48                        0.0394472
xsense.xrd248.dt                             0
xsense.rd2_49                        0.0197236
xsense.xrd249.dt                             0
xsense.xrd250.dt                             0
xsense.xota.vbp                        2.45637
xsense.xota.vbnc                      0.962532
xsense.xota.vbpc                       2.18203
xsense.xota.tail                       1.48152
xsense.xota.fn                        0.152211
xsense.xota.fp                         0.15249
xsense.xota.mir                        2.41596
xsense.xota.out1                       2.46174
xsense.xota.pc1                        3.13685
xsense.xota.pc2                        3.13687
xsense.xota.cz                         2.46174
xsense.xota.xrz.dt                           0
xsense.xota.xcc.1                      2.46174
xsense.xbuf.vbp                        2.45637
xsense.xbuf.vbnc                      0.962532
xsense.xbuf.vbpc                       2.18203
xsense.xbuf.tail                       2.31144
xsense.xbuf.fn                        0.195038
xsense.xbuf.fp                         0.19479
xsense.xbuf.mir                        2.51307
xsense.xbuf.out1                       2.47117
xsense.xbuf.pc1                        3.07222
xsense.xbuf.pc2                        3.07216
xsense.xbuf.cz                         2.47117
xsense.xbuf.xrz.dt                           0
xsense.xbuf.xcc.1                      2.47117
xsense.xref.vbp                        2.45637
xsense.xref.vbnc                      0.962532
xsense.xref.vbpc                       2.18203
xsense.xref.tail                       2.34041
xsense.xref.fn                        0.195025
xsense.xref.fp                        0.194575
xsense.xref.mir                        2.51305
xsense.xref.out1                       2.43706
xsense.xref.pc1                        3.07224
xsense.xref.pc2                        3.07213
xsense.xref.cz                         2.43706
xsense.xref.xrz.dt                           0
xsense.xref.xcc.1                      2.43706
vdda_trip                               3.2993
vdd_trip                               1.19986
xtrip.xcond.c0                        0.907134
xtrip.xcond.xrc0.dt                          0
xtrip.xcond.c1                        0.806341
xtrip.xcond.xrc1.dt                          0
xtrip.xcond.c2                        0.705548
xtrip.xcond.xrc2.dt                          0
xtrip.xcond.c3                        0.604755
xtrip.xcond.xrc3.dt                          0
xtrip.icmp                            0.503963
xtrip.xcond.xrc4.dt                          0
xtrip.xcond.c5                         0.40317
xtrip.xcond.xrc5.dt                          0
xtrip.xcond.c6                        0.302377
xtrip.xcond.xrc6.dt                          0
xtrip.xcond.c7                        0.201585
xtrip.xcond.xrc7.dt                          0
xtrip.xcond.c8                        0.100792
xtrip.xcond.xrc8.dt                          0
xtrip.xcond.xrc9.dt                          0
xtrip.xcond.xch.1                     0.503963
xtrip.xdacs.s0                      0.00197234
xtrip.xdacs.xru0.dt                          0
xtrip.xdacs.s1                      0.00394468
xtrip.xdacs.xru1.dt                          0
xtrip.xdacs.s2                      0.00591702
xtrip.xdacs.xru2.dt                          0
xtrip.xdacs.s3                      0.00788936
xtrip.xdacs.xru3.dt                          0
xtrip.xdacs.s4                       0.0098617
xtrip.xdacs.xru4.dt                          0
xtrip.xdacs.s5                        0.011834
xtrip.xdacs.xru5.dt                          0
xtrip.xdacs.s6                       0.0138064
xtrip.xdacs.xru6.dt                          0
xtrip.xdacs.s7                       0.0157787
xtrip.xdacs.xru7.dt                          0
xtrip.xdacs.s8                       0.0177511
xtrip.xdacs.xru8.dt                          0
xtrip.xdacs.s9                       0.0197234
xtrip.xdacs.xru9.dt                          0
xtrip.xdacs.s10                      0.0216957
xtrip.xdacs.xru10.dt                         0
xtrip.xdacs.s11                      0.0236681
xtrip.xdacs.xru11.dt                         0
xtrip.xdacs.s12                      0.0256404
xtrip.xdacs.xru12.dt                         0
xtrip.xdacs.s13                      0.0276128
xtrip.xdacs.xru13.dt                         0
xtrip.xdacs.s14                      0.0295851
xtrip.xdacs.xru14.dt                         0
xtrip.xdacs.s15                      0.0315575
xtrip.xdacs.xru15.dt                         0
xtrip.xdacs.s16                      0.0335298
xtrip.xdacs.xru16.dt                         0
xtrip.xdacs.s17                      0.0355021
xtrip.xdacs.xru17.dt                         0
xtrip.xdacs.s18                      0.0374745
xtrip.xdacs.xru18.dt                         0
xtrip.xdacs.s19                      0.0394468
xtrip.xdacs.xru19.dt                         0
xtrip.xdacs.s20                      0.0414192
xtrip.xdacs.xru20.dt                         0
xtrip.xdacs.s21                      0.0433915
xtrip.xdacs.xru21.dt                         0
xtrip.xdacs.s22                      0.0453638
xtrip.xdacs.xru22.dt                         0
xtrip.xdacs.s23                      0.0473362
xtrip.xdacs.xru23.dt                         0
xtrip.xdacs.s24                      0.0493085
xtrip.xdacs.xru24.dt                         0
xtrip.xdacs.s25                      0.0512809
xtrip.xdacs.xru25.dt                         0
xtrip.xdacs.s26                      0.0532532
xtrip.xdacs.xru26.dt                         0
xtrip.xdacs.s27                      0.0552255
xtrip.xdacs.xru27.dt                         0
xtrip.xdacs.s28                      0.0571979
xtrip.xdacs.xru28.dt                         0
xtrip.xdacs.s29                      0.0591702
xtrip.xdacs.xru29.dt                         0
xtrip.xdacs.s30                      0.0611426
xtrip.xdacs.xru30.dt                         0
xtrip.xdacs.s31                      0.0631149
xtrip.xdacs.xru31.dt                         0
xtrip.xdacs.s32                      0.0650873
xtrip.xdacs.xru32.dt                         0
xtrip.xdacs.s33                      0.0670596
xtrip.xdacs.xru33.dt                         0
xtrip.xdacs.s34                      0.0690319
xtrip.xdacs.xru34.dt                         0
xtrip.xdacs.s35                      0.0710043
xtrip.xdacs.xru35.dt                         0
xtrip.xdacs.s36                      0.0729766
xtrip.xdacs.xru36.dt                         0
xtrip.xdacs.s37                       0.074949
xtrip.xdacs.xru37.dt                         0
xtrip.xdacs.s38                      0.0769213
xtrip.xdacs.xru38.dt                         0
xtrip.xdacs.s39                      0.0788936
xtrip.xdacs.xru39.dt                         0
xtrip.xdacs.s40                       0.080866
xtrip.xdacs.xru40.dt                         0
xtrip.xdacs.s41                      0.0828383
xtrip.xdacs.xru41.dt                         0
xtrip.xdacs.s42                      0.0848107
xtrip.xdacs.xru42.dt                         0
xtrip.xdacs.s43                       0.086783
xtrip.xdacs.xru43.dt                         0
xtrip.xdacs.s44                      0.0887554
xtrip.xdacs.xru44.dt                         0
xtrip.xdacs.s45                      0.0907277
xtrip.xdacs.xru45.dt                         0
xtrip.xdacs.s46                         0.0927
xtrip.xdacs.xru46.dt                         0
xtrip.xdacs.s47                      0.0946724
xtrip.xdacs.xru47.dt                         0
xtrip.xdacs.s48                      0.0966447
xtrip.xdacs.xru48.dt                         0
xtrip.xdacs.s49                      0.0986171
xtrip.xdacs.xru49.dt                         0
xtrip.xdacs.s50                       0.100589
xtrip.xdacs.xru50.dt                         0
xtrip.xdacs.s51                       0.102562
xtrip.xdacs.xru51.dt                         0
xtrip.xdacs.s52                       0.104534
xtrip.xdacs.xru52.dt                         0
xtrip.xdacs.s53                       0.106506
xtrip.xdacs.xru53.dt                         0
xtrip.xdacs.s54                       0.108479
xtrip.xdacs.xru54.dt                         0
xtrip.xdacs.s55                       0.110451
xtrip.xdacs.xru55.dt                         0
xtrip.xdacs.s56                       0.112423
xtrip.xdacs.xru56.dt                         0
xtrip.xdacs.s57                       0.114396
xtrip.xdacs.xru57.dt                         0
xtrip.xdacs.s58                       0.116368
xtrip.xdacs.xru58.dt                         0
xtrip.xdacs.s59                        0.11834
xtrip.xdacs.xru59.dt                         0
xtrip.xdacs.s60                       0.120313
xtrip.xdacs.xru60.dt                         0
xtrip.xdacs.s61                       0.122285
xtrip.xdacs.xru61.dt                         0
xtrip.xdacs.s62                       0.124258
xtrip.xdacs.xru62.dt                         0
xtrip.xdacs.s63                        0.12623
xtrip.xdacs.xru63.dt                         0
xtrip.xdacs.s64                       0.128202
xtrip.xdacs.xru64.dt                         0
xtrip.xdacs.s65                       0.130175
xtrip.xdacs.xru65.dt                         0
xtrip.xdacs.s66                       0.132147
xtrip.xdacs.xru66.dt                         0
xtrip.xdacs.s67                       0.134119
xtrip.xdacs.xru67.dt                         0
xtrip.xdacs.s68                       0.136092
xtrip.xdacs.xru68.dt                         0
xtrip.xdacs.s69                       0.138064
xtrip.xdacs.xru69.dt                         0
xtrip.xdacs.s70                       0.140036
xtrip.xdacs.xru70.dt                         0
xtrip.xdacs.s71                       0.142009
xtrip.xdacs.xru71.dt                         0
xtrip.xdacs.s72                       0.143981
xtrip.xdacs.xru72.dt                         0
xtrip.xdacs.s73                       0.145953
xtrip.xdacs.xru73.dt                         0
xtrip.xdacs.s74                       0.147926
xtrip.xdacs.xru74.dt                         0
xtrip.xdacs.s75                       0.149898
xtrip.xdacs.xru75.dt                         0
xtrip.xdacs.s76                        0.15187
xtrip.xdacs.xru76.dt                         0
xtrip.xdacs.s77                       0.153843
xtrip.xdacs.xru77.dt                         0
xtrip.xdacs.s78                       0.155815
xtrip.xdacs.xru78.dt                         0
xtrip.xdacs.s79                       0.157787
xtrip.xdacs.xru79.dt                         0
xtrip.xdacs.s80                        0.15976
xtrip.xdacs.xru80.dt                         0
xtrip.xdacs.s81                       0.161732
xtrip.xdacs.xru81.dt                         0
xtrip.xdacs.s82                       0.163704
xtrip.xdacs.xru82.dt                         0
xtrip.xdacs.s83                       0.165677
xtrip.xdacs.xru83.dt                         0
xtrip.xdacs.s84                       0.167649
xtrip.xdacs.xru84.dt                         0
xtrip.xdacs.s85                       0.169621
xtrip.xdacs.xru85.dt                         0
xtrip.xdacs.s86                       0.171594
xtrip.xdacs.xru86.dt                         0
xtrip.xdacs.s87                       0.173566
xtrip.xdacs.xru87.dt                         0
xtrip.xdacs.s88                       0.175538
xtrip.xdacs.xru88.dt                         0
xtrip.xdacs.s89                       0.177511
xtrip.xdacs.xru89.dt                         0
xtrip.xdacs.s90                       0.179483
xtrip.xdacs.xru90.dt                         0
xtrip.xdacs.s91                       0.181455
xtrip.xdacs.xru91.dt                         0
xtrip.xdacs.s92                       0.183428
xtrip.xdacs.xru92.dt                         0
xtrip.xdacs.s93                         0.1854
xtrip.xdacs.xru93.dt                         0
xtrip.xdacs.s94                       0.187373
xtrip.xdacs.xru94.dt                         0
xtrip.xdacs.s95                       0.189345
xtrip.xdacs.xru95.dt                         0
xtrip.xdacs.s96                       0.191317
xtrip.xdacs.xru96.dt                         0
xtrip.xdacs.s97                        0.19329
xtrip.xdacs.xru97.dt                         0
xtrip.xdacs.s98                       0.195262
xtrip.xdacs.xru98.dt                         0
xtrip.xdacs.s99                       0.197234
xtrip.xdacs.xru99.dt                         0
xtrip.xdacs.s100                      0.199207
xtrip.xdacs.xru100.dt                        0
xtrip.xdacs.s101                      0.201179
xtrip.xdacs.xru101.dt                        0
xtrip.xdacs.s102                      0.203151
xtrip.xdacs.xru102.dt                        0
xtrip.xdacs.s103                      0.205124
xtrip.xdacs.xru103.dt                        0
xtrip.xdacs.s104                      0.207096
xtrip.xdacs.xru104.dt                        0
xtrip.xdacs.s105                      0.209068
xtrip.xdacs.xru105.dt                        0
xtrip.xdacs.s106                      0.211041
xtrip.xdacs.xru106.dt                        0
xtrip.xdacs.s107                      0.213013
xtrip.xdacs.xru107.dt                        0
xtrip.xdacs.s108                      0.214985
xtrip.xdacs.xru108.dt                        0
xtrip.xdacs.s109                      0.216958
xtrip.xdacs.xru109.dt                        0
xtrip.xdacs.s110                       0.21893
xtrip.xdacs.xru110.dt                        0
xtrip.xdacs.s111                      0.220902
xtrip.xdacs.xru111.dt                        0
xtrip.xdacs.s112                      0.222875
xtrip.xdacs.xru112.dt                        0
xtrip.xdacs.s113                      0.224847
xtrip.xdacs.xru113.dt                        0
xtrip.xdacs.s114                      0.226819
xtrip.xdacs.xru114.dt                        0
xtrip.xdacs.s115                      0.228792
xtrip.xdacs.xru115.dt                        0
xtrip.xdacs.s116                      0.230764
xtrip.xdacs.xru116.dt                        0
xtrip.xdacs.s117                      0.232736
xtrip.xdacs.xru117.dt                        0
xtrip.xdacs.s118                      0.234709
xtrip.xdacs.xru118.dt                        0
xtrip.xdacs.s119                      0.236681
xtrip.xdacs.xru119.dt                        0
xtrip.xdacs.s120                      0.238653
xtrip.xdacs.xru120.dt                        0
xtrip.xdacs.s121                      0.240626
xtrip.xdacs.xru121.dt                        0
xtrip.xdacs.s122                      0.242598
xtrip.xdacs.xru122.dt                        0
xtrip.xdacs.s123                      0.244571
xtrip.xdacs.xru123.dt                        0
xtrip.xdacs.s124                      0.246543
xtrip.xdacs.xru124.dt                        0
xtrip.xdacs.s125                      0.248515
xtrip.xdacs.xru125.dt                        0
xtrip.xdacs.s126                      0.250488
xtrip.xdacs.xru126.dt                        0
xtrip.xdacs.s127                       0.25246
xtrip.xdacs.xru127.dt                        0
xtrip.xdacs.s128                      0.254432
xtrip.xdacs.xru128.dt                        0
xtrip.xdacs.s129                      0.256405
xtrip.xdacs.xru129.dt                        0
xtrip.xdacs.s130                      0.258377
xtrip.xdacs.xru130.dt                        0
xtrip.xdacs.s131                      0.260349
xtrip.xdacs.xru131.dt                        0
xtrip.xdacs.s132                      0.262322
xtrip.xdacs.xru132.dt                        0
xtrip.xdacs.s133                      0.264294
xtrip.xdacs.xru133.dt                        0
xtrip.xdacs.s134                      0.266266
xtrip.xdacs.xru134.dt                        0
xtrip.xdacs.s135                      0.268239
xtrip.xdacs.xru135.dt                        0
xtrip.xdacs.s136                      0.270211
xtrip.xdacs.xru136.dt                        0
xtrip.xdacs.s137                      0.272183
xtrip.xdacs.xru137.dt                        0
xtrip.xdacs.s138                      0.274156
xtrip.xdacs.xru138.dt                        0
xtrip.xdacs.s139                      0.276128
xtrip.xdacs.xru139.dt                        0
xtrip.xdacs.s140                        0.2781
xtrip.xdacs.xru140.dt                        0
xtrip.xdacs.s141                      0.280073
xtrip.xdacs.xru141.dt                        0
xtrip.xdacs.s142                      0.282045
xtrip.xdacs.xru142.dt                        0
xtrip.xdacs.s143                      0.284017
xtrip.xdacs.xru143.dt                        0
xtrip.xdacs.s144                       0.28599
xtrip.xdacs.xru144.dt                        0
xtrip.xdacs.s145                      0.287962
xtrip.xdacs.xru145.dt                        0
xtrip.xdacs.s146                      0.289935
xtrip.xdacs.xru146.dt                        0
xtrip.xdacs.s147                      0.291907
xtrip.xdacs.xru147.dt                        0
xtrip.xdacs.s148                      0.293879
xtrip.xdacs.xru148.dt                        0
xtrip.xdacs.s149                      0.295852
xtrip.xdacs.xru149.dt                        0
xtrip.xdacs.s150                      0.297824
xtrip.xdacs.xru150.dt                        0
xtrip.xdacs.s151                      0.299796
xtrip.xdacs.xru151.dt                        0
xtrip.xdacs.s152                      0.301769
xtrip.xdacs.xru152.dt                        0
xtrip.xdacs.s153                      0.303741
xtrip.xdacs.xru153.dt                        0
xtrip.xdacs.s154                      0.305713
xtrip.xdacs.xru154.dt                        0
xtrip.xdacs.s155                      0.307686
xtrip.xdacs.xru155.dt                        0
xtrip.xdacs.s156                      0.309658
xtrip.xdacs.xru156.dt                        0
xtrip.xdacs.s157                       0.31163
xtrip.xdacs.xru157.dt                        0
xtrip.xdacs.s158                      0.313603
xtrip.xdacs.xru158.dt                        0
xtrip.xdacs.s159                      0.315575
xtrip.xdacs.xru159.dt                        0
xtrip.xdacs.s160                      0.317547
xtrip.xdacs.xru160.dt                        0
xtrip.xdacs.s161                       0.31952
xtrip.xdacs.xru161.dt                        0
xtrip.xdacs.s162                      0.321492
xtrip.xdacs.xru162.dt                        0
xtrip.xdacs.s163                      0.323464
xtrip.xdacs.xru163.dt                        0
xtrip.xdacs.s164                      0.325437
xtrip.xdacs.xru164.dt                        0
xtrip.xdacs.s165                      0.327409
xtrip.xdacs.xru165.dt                        0
xtrip.xdacs.s166                      0.329381
xtrip.xdacs.xru166.dt                        0
xtrip.xdacs.s167                      0.331354
xtrip.xdacs.xru167.dt                        0
xtrip.xdacs.s168                      0.333326
xtrip.xdacs.xru168.dt                        0
xtrip.xdacs.s169                      0.335299
xtrip.xdacs.xru169.dt                        0
xtrip.xdacs.s170                      0.337271
xtrip.xdacs.xru170.dt                        0
xtrip.xdacs.s171                      0.339243
xtrip.xdacs.xru171.dt                        0
xtrip.xdacs.s172                      0.341216
xtrip.xdacs.xru172.dt                        0
xtrip.xdacs.s173                      0.343188
xtrip.xdacs.xru173.dt                        0
xtrip.xdacs.s174                       0.34516
xtrip.xdacs.xru174.dt                        0
xtrip.xdacs.s175                      0.347133
xtrip.xdacs.xru175.dt                        0
xtrip.xdacs.s176                      0.349105
xtrip.xdacs.xru176.dt                        0
xtrip.xdacs.s177                      0.351077
xtrip.xdacs.xru177.dt                        0
xtrip.xdacs.s178                       0.35305
xtrip.xdacs.xru178.dt                        0
xtrip.xdacs.s179                      0.355022
xtrip.xdacs.xru179.dt                        0
xtrip.xdacs.s180                      0.356994
xtrip.xdacs.xru180.dt                        0
xtrip.xdacs.s181                      0.358967
xtrip.xdacs.xru181.dt                        0
xtrip.xdacs.s182                      0.360939
xtrip.xdacs.xru182.dt                        0
xtrip.xdacs.s183                      0.362911
xtrip.xdacs.xru183.dt                        0
xtrip.xdacs.s184                      0.364884
xtrip.xdacs.xru184.dt                        0
xtrip.xdacs.s185                      0.366856
xtrip.xdacs.xru185.dt                        0
xtrip.xdacs.s186                      0.368829
xtrip.xdacs.xru186.dt                        0
xtrip.xdacs.s187                      0.370801
xtrip.xdacs.xru187.dt                        0
xtrip.xdacs.s188                      0.372773
xtrip.xdacs.xru188.dt                        0
xtrip.xdacs.s189                      0.374746
xtrip.xdacs.xru189.dt                        0
xtrip.xdacs.s190                      0.376718
xtrip.xdacs.xru190.dt                        0
xtrip.xdacs.s191                       0.37869
xtrip.xdacs.xru191.dt                        0
xtrip.xdacs.s192                      0.380663
xtrip.xdacs.xru192.dt                        0
xtrip.xdacs.s193                      0.382635
xtrip.xdacs.xru193.dt                        0
xtrip.xdacs.s194                      0.384607
xtrip.xdacs.xru194.dt                        0
xtrip.xdacs.s195                       0.38658
xtrip.xdacs.xru195.dt                        0
xtrip.xdacs.s196                      0.388552
xtrip.xdacs.xru196.dt                        0
xtrip.xdacs.s197                      0.390524
xtrip.xdacs.xru197.dt                        0
xtrip.xdacs.s198                      0.392497
xtrip.xdacs.xru198.dt                        0
xtrip.xdacs.s199                      0.394469
xtrip.xdacs.xru199.dt                        0
xtrip.xdacs.s200                      0.396441
xtrip.xdacs.xru200.dt                        0
xtrip.xdacs.s201                      0.398414
xtrip.xdacs.xru201.dt                        0
xtrip.xdacs.s202                      0.400386
xtrip.xdacs.xru202.dt                        0
xtrip.xdacs.s203                      0.402359
xtrip.xdacs.xru203.dt                        0
xtrip.xdacs.s204                      0.404331
xtrip.xdacs.xru204.dt                        0
xtrip.xdacs.s205                      0.406303
xtrip.xdacs.xru205.dt                        0
xtrip.xdacs.s206                      0.408276
xtrip.xdacs.xru206.dt                        0
xtrip.xdacs.s207                      0.410248
xtrip.xdacs.xru207.dt                        0
xtrip.xdacs.s208                       0.41222
xtrip.xdacs.xru208.dt                        0
xtrip.xdacs.s209                      0.414193
xtrip.xdacs.xru209.dt                        0
xtrip.xdacs.s210                      0.416165
xtrip.xdacs.xru210.dt                        0
xtrip.xdacs.s211                      0.418137
xtrip.xdacs.xru211.dt                        0
xtrip.xdacs.s212                       0.42011
xtrip.xdacs.xru212.dt                        0
xtrip.xdacs.s213                      0.422082
xtrip.xdacs.xru213.dt                        0
xtrip.xdacs.s214                      0.424054
xtrip.xdacs.xru214.dt                        0
xtrip.xdacs.s215                      0.426027
xtrip.xdacs.xru215.dt                        0
xtrip.xdacs.s216                      0.427999
xtrip.xdacs.xru216.dt                        0
xtrip.xdacs.s217                      0.429972
xtrip.xdacs.xru217.dt                        0
xtrip.xdacs.s218                      0.431944
xtrip.xdacs.xru218.dt                        0
xtrip.xdacs.s219                      0.433916
xtrip.xdacs.xru219.dt                        0
xtrip.xdacs.s220                      0.435889
xtrip.xdacs.xru220.dt                        0
xtrip.xdacs.s221                      0.437861
xtrip.xdacs.xru221.dt                        0
xtrip.xdacs.s222                      0.439833
xtrip.xdacs.xru222.dt                        0
xtrip.xdacs.s223                      0.441806
xtrip.xdacs.xru223.dt                        0
xtrip.xdacs.s224                      0.443778
xtrip.xdacs.xru224.dt                        0
xtrip.xdacs.s225                       0.44575
xtrip.xdacs.xru225.dt                        0
xtrip.xdacs.s226                      0.447723
xtrip.xdacs.xru226.dt                        0
xtrip.xdacs.s227                      0.449695
xtrip.xdacs.xru227.dt                        0
xtrip.xdacs.s228                      0.451667
xtrip.xdacs.xru228.dt                        0
xtrip.xdacs.s229                       0.45364
xtrip.xdacs.xru229.dt                        0
xtrip.xdacs.s230                      0.455612
xtrip.xdacs.xru230.dt                        0
xtrip.xdacs.s231                      0.457585
xtrip.xdacs.xru231.dt                        0
xtrip.xdacs.s232                      0.459557
xtrip.xdacs.xru232.dt                        0
xtrip.xdacs.s233                      0.461529
xtrip.xdacs.xru233.dt                        0
xtrip.xdacs.s234                      0.463502
xtrip.xdacs.xru234.dt                        0
xtrip.xdacs.s235                      0.465474
xtrip.xdacs.xru235.dt                        0
xtrip.xdacs.s236                      0.467446
xtrip.xdacs.xru236.dt                        0
xtrip.xdacs.s237                      0.469419
xtrip.xdacs.xru237.dt                        0
xtrip.xdacs.s238                      0.471391
xtrip.xdacs.xru238.dt                        0
xtrip.xdacs.s239                      0.473363
xtrip.xdacs.xru239.dt                        0
xtrip.xdacs.s240                      0.475336
xtrip.xdacs.xru240.dt                        0
xtrip.xdacs.s241                      0.477308
xtrip.xdacs.xru241.dt                        0
xtrip.xdacs.s242                       0.47928
xtrip.xdacs.xru242.dt                        0
xtrip.xdacs.s243                      0.481253
xtrip.xdacs.xru243.dt                        0
xtrip.xdacs.s244                      0.483225
xtrip.xdacs.xru244.dt                        0
xtrip.xdacs.s245                      0.485198
xtrip.xdacs.xru245.dt                        0
xtrip.xdacs.s246                       0.48717
xtrip.xdacs.xru246.dt                        0
xtrip.xdacs.s247                      0.489142
xtrip.xdacs.xru247.dt                        0
xtrip.xdacs.s248                      0.491115
xtrip.xdacs.xru248.dt                        0
xtrip.xdacs.s249                      0.493087
xtrip.xdacs.xru249.dt                        0
xtrip.xdacs.s250                      0.495059
xtrip.xdacs.xru250.dt                        0
xtrip.xdacs.s251                      0.497032
xtrip.xdacs.xru251.dt                        0
xtrip.xdacs.s252                      0.499004
xtrip.xdacs.xru252.dt                        0
xtrip.xdacs.s253                      0.500976
xtrip.xdacs.xru253.dt                        0
xtrip.xdacs.t0                        0.502949
xtrip.xdacs.xru254.dt                        0
xtrip.xdacs.t1                        0.504921
xtrip.xdacs.xru255.dt                        0
xtrip.xdacs.t2                        0.506894
xtrip.xdacs.xru256.dt                        0
xtrip.xdacs.t3                        0.508866
xtrip.xdacs.xru257.dt                        0
xtrip.xdacs.t4                        0.510838
xtrip.xdacs.xru258.dt                        0
xtrip.xdacs.t5                        0.512811
xtrip.xdacs.xru259.dt                        0
xtrip.xdacs.t6                        0.514783
xtrip.xdacs.xru260.dt                        0
xtrip.xdacs.t7                        0.516755
xtrip.xdacs.xru261.dt                        0
xtrip.xdacs.t8                        0.518728
xtrip.xdacs.xru262.dt                        0
xtrip.xdacs.t9                          0.5207
xtrip.xdacs.xru263.dt                        0
xtrip.xdacs.t10                       0.522672
xtrip.xdacs.xru264.dt                        0
xtrip.xdacs.t11                       0.524645
xtrip.xdacs.xru265.dt                        0
xtrip.xdacs.t12                       0.526617
xtrip.xdacs.xru266.dt                        0
xtrip.xdacs.t13                        0.52859
xtrip.xdacs.xru267.dt                        0
xtrip.xdacs.t14                       0.530562
xtrip.xdacs.xru268.dt                        0
xtrip.xdacs.t15                       0.532534
xtrip.xdacs.xru269.dt                        0
xtrip.xdacs.t16                       0.534507
xtrip.xdacs.xru270.dt                        0
xtrip.xdacs.t17                       0.536479
xtrip.xdacs.xru271.dt                        0
xtrip.xdacs.t18                       0.538451
xtrip.xdacs.xru272.dt                        0
xtrip.xdacs.t19                       0.540424
xtrip.xdacs.xru273.dt                        0
xtrip.xdacs.t20                       0.542396
xtrip.xdacs.xru274.dt                        0
xtrip.xdacs.t21                       0.544368
xtrip.xdacs.xru275.dt                        0
xtrip.xdacs.t22                       0.546341
xtrip.xdacs.xru276.dt                        0
xtrip.xdacs.t23                       0.548313
xtrip.xdacs.xru277.dt                        0
xtrip.xdacs.t24                       0.550286
xtrip.xdacs.xru278.dt                        0
xtrip.xdacs.t25                       0.552258
xtrip.xdacs.xru279.dt                        0
xtrip.xdacs.t26                        0.55423
xtrip.xdacs.xru280.dt                        0
xtrip.xdacs.t27                       0.556203
xtrip.xdacs.xru281.dt                        0
xtrip.xdacs.t28                       0.558175
xtrip.xdacs.xru282.dt                        0
xtrip.xdacs.t29                       0.560147
xtrip.xdacs.xru283.dt                        0
xtrip.xdacs.t30                        0.56212
xtrip.xdacs.xru284.dt                        0
xtrip.xdacs.t31                       0.564092
xtrip.xdacs.xru285.dt                        0
xtrip.xdacs.t32                       0.566065
xtrip.xdacs.xru286.dt                        0
xtrip.xdacs.t33                       0.568037
xtrip.xdacs.xru287.dt                        0
xtrip.xdacs.t34                       0.570009
xtrip.xdacs.xru288.dt                        0
xtrip.xdacs.t35                       0.571982
xtrip.xdacs.xru289.dt                        0
xtrip.xdacs.t36                       0.573954
xtrip.xdacs.xru290.dt                        0
xtrip.xdacs.t37                       0.575926
xtrip.xdacs.xru291.dt                        0
xtrip.xdacs.t38                       0.577899
xtrip.xdacs.xru292.dt                        0
xtrip.xdacs.t39                       0.579871
xtrip.xdacs.xru293.dt                        0
xtrip.xdacs.t40                       0.581844
xtrip.xdacs.xru294.dt                        0
xtrip.xdacs.t41                       0.583816
xtrip.xdacs.xru295.dt                        0
xtrip.xdacs.t42                       0.585788
xtrip.xdacs.xru296.dt                        0
xtrip.xdacs.t43                       0.587761
xtrip.xdacs.xru297.dt                        0
xtrip.xdacs.t44                       0.589733
xtrip.xdacs.xru298.dt                        0
xtrip.xdacs.t45                       0.591706
xtrip.xdacs.xru299.dt                        0
xtrip.xdacs.t46                       0.593678
xtrip.xdacs.xru300.dt                        0
xtrip.xdacs.t47                        0.59565
xtrip.xdacs.xru301.dt                        0
xtrip.xdacs.t48                       0.597623
xtrip.xdacs.xru302.dt                        0
xtrip.xdacs.t49                       0.599595
xtrip.xdacs.xru303.dt                        0
xtrip.xdacs.t50                       0.601567
xtrip.xdacs.xru304.dt                        0
xtrip.xdacs.t51                        0.60354
xtrip.xdacs.xru305.dt                        0
xtrip.xdacs.t52                       0.605512
xtrip.xdacs.xru306.dt                        0
xtrip.xdacs.t53                       0.607485
xtrip.xdacs.xru307.dt                        0
xtrip.xdacs.t54                       0.609457
xtrip.xdacs.xru308.dt                        0
xtrip.xdacs.t55                       0.611429
xtrip.xdacs.xru309.dt                        0
xtrip.xdacs.t56                       0.613402
xtrip.xdacs.xru310.dt                        0
xtrip.xdacs.t57                       0.615374
xtrip.xdacs.xru311.dt                        0
xtrip.xdacs.t58                       0.617347
xtrip.xdacs.xru312.dt                        0
xtrip.xdacs.t59                       0.619319
xtrip.xdacs.xru313.dt                        0
xtrip.xdacs.t60                       0.621291
xtrip.xdacs.xru314.dt                        0
xtrip.xdacs.t61                       0.623264
xtrip.xdacs.xru315.dt                        0
xtrip.xdacs.t62                       0.625236
xtrip.xdacs.xru316.dt                        0
xtrip.xdacs.t63                       0.627208
xtrip.xdacs.xru317.dt                        0
xtrip.xdacs.t64                       0.629181
xtrip.xdacs.xru318.dt                        0
xtrip.xdacs.t65                       0.631153
xtrip.xdacs.xru319.dt                        0
xtrip.xdacs.t66                       0.633126
xtrip.xdacs.xru320.dt                        0
xtrip.xdacs.t67                       0.635098
xtrip.xdacs.xru321.dt                        0
xtrip.xdacs.t68                        0.63707
xtrip.xdacs.xru322.dt                        0
xtrip.xdacs.t69                       0.639043
xtrip.xdacs.xru323.dt                        0
xtrip.xdacs.t70                       0.641015
xtrip.xdacs.xru324.dt                        0
xtrip.xdacs.t71                       0.642988
xtrip.xdacs.xru325.dt                        0
xtrip.xdacs.t72                        0.64496
xtrip.xdacs.xru326.dt                        0
xtrip.xdacs.t73                       0.646932
xtrip.xdacs.xru327.dt                        0
xtrip.xdacs.t74                       0.648905
xtrip.xdacs.xru328.dt                        0
xtrip.xdacs.t75                       0.650877
xtrip.xdacs.xru329.dt                        0
xtrip.xdacs.t76                        0.65285
xtrip.xdacs.xru330.dt                        0
xtrip.xdacs.t77                       0.654822
xtrip.xdacs.xru331.dt                        0
xtrip.xdacs.t78                       0.656794
xtrip.xdacs.xru332.dt                        0
xtrip.xdacs.t79                       0.658767
xtrip.xdacs.xru333.dt                        0
xtrip.xdacs.t80                       0.660739
xtrip.xdacs.xru334.dt                        0
xtrip.xdacs.t81                       0.662712
xtrip.xdacs.xru335.dt                        0
xtrip.xdacs.t82                       0.664684
xtrip.xdacs.xru336.dt                        0
xtrip.xdacs.t83                       0.666656
xtrip.xdacs.xru337.dt                        0
xtrip.xdacs.t84                       0.668629
xtrip.xdacs.xru338.dt                        0
xtrip.xdacs.t85                       0.670601
xtrip.xdacs.xru339.dt                        0
xtrip.xdacs.t86                       0.672574
xtrip.xdacs.xru340.dt                        0
xtrip.xdacs.t87                       0.674546
xtrip.xdacs.xru341.dt                        0
xtrip.xdacs.t88                       0.676518
xtrip.xdacs.xru342.dt                        0
xtrip.xdacs.t89                       0.678491
xtrip.xdacs.xru343.dt                        0
xtrip.xdacs.t90                       0.680463
xtrip.xdacs.xru344.dt                        0
xtrip.xdacs.t91                       0.682436
xtrip.xdacs.xru345.dt                        0
xtrip.xdacs.t92                       0.684408
xtrip.xdacs.xru346.dt                        0
xtrip.xdacs.t93                        0.68638
xtrip.xdacs.xru347.dt                        0
xtrip.xdacs.t94                       0.688353
xtrip.xdacs.xru348.dt                        0
xtrip.xdacs.t95                       0.690325
xtrip.xdacs.xru349.dt                        0
xtrip.xdacs.t96                       0.692298
xtrip.xdacs.xru350.dt                        0
xtrip.xdacs.t97                        0.69427
xtrip.xdacs.xru351.dt                        0
xtrip.xdacs.t98                       0.696242
xtrip.xdacs.xru352.dt                        0
xtrip.xdacs.t99                       0.698215
xtrip.xdacs.xru353.dt                        0
xtrip.xdacs.t100                      0.700187
xtrip.xdacs.xru354.dt                        0
xtrip.xdacs.t101                       0.70216
xtrip.xdacs.xru355.dt                        0
xtrip.xdacs.t102                      0.704132
xtrip.xdacs.xru356.dt                        0
xtrip.xdacs.t103                      0.706104
xtrip.xdacs.xru357.dt                        0
xtrip.xdacs.t104                      0.708077
xtrip.xdacs.xru358.dt                        0
xtrip.xdacs.t105                      0.710049
xtrip.xdacs.xru359.dt                        0
xtrip.xdacs.t106                      0.712022
xtrip.xdacs.xru360.dt                        0
xtrip.xdacs.t107                      0.713994
xtrip.xdacs.xru361.dt                        0
xtrip.xdacs.t108                      0.715967
xtrip.xdacs.xru362.dt                        0
xtrip.xdacs.t109                      0.717939
xtrip.xdacs.xru363.dt                        0
xtrip.xdacs.t110                      0.719911
xtrip.xdacs.xru364.dt                        0
xtrip.xdacs.t111                      0.721884
xtrip.xdacs.xru365.dt                        0
xtrip.xdacs.t112                      0.723856
xtrip.xdacs.xru366.dt                        0
xtrip.xdacs.t113                      0.725829
xtrip.xdacs.xru367.dt                        0
xtrip.xdacs.t114                      0.727801
xtrip.xdacs.xru368.dt                        0
xtrip.xdacs.t115                      0.729773
xtrip.xdacs.xru369.dt                        0
xtrip.xdacs.t116                      0.731746
xtrip.xdacs.xru370.dt                        0
xtrip.xdacs.t117                      0.733718
xtrip.xdacs.xru371.dt                        0
xtrip.xdacs.t118                      0.735691
xtrip.xdacs.xru372.dt                        0
xtrip.xdacs.t119                      0.737663
xtrip.xdacs.xru373.dt                        0
xtrip.xdacs.t120                      0.739636
xtrip.xdacs.xru374.dt                        0
xtrip.xdacs.t121                      0.741608
xtrip.xdacs.xru375.dt                        0
xtrip.xdacs.t122                       0.74358
xtrip.xdacs.xru376.dt                        0
xtrip.xdacs.t123                      0.745553
xtrip.xdacs.xru377.dt                        0
xtrip.xdacs.t124                      0.747525
xtrip.xdacs.xru378.dt                        0
xtrip.xdacs.t125                      0.749498
xtrip.xdacs.xru379.dt                        0
xtrip.xdacs.t126                       0.75147
xtrip.xdacs.xru380.dt                        0
xtrip.xdacs.t127                      0.753442
xtrip.xdacs.xru381.dt                        0
xtrip.xdacs.t128                      0.755415
xtrip.xdacs.xru382.dt                        0
xtrip.xdacs.t129                      0.757387
xtrip.xdacs.xru383.dt                        0
xtrip.xdacs.t130                       0.75936
xtrip.xdacs.xru384.dt                        0
xtrip.xdacs.t131                      0.761332
xtrip.xdacs.xru385.dt                        0
xtrip.xdacs.t132                      0.763305
xtrip.xdacs.xru386.dt                        0
xtrip.xdacs.t133                      0.765277
xtrip.xdacs.xru387.dt                        0
xtrip.xdacs.t134                      0.767249
xtrip.xdacs.xru388.dt                        0
xtrip.xdacs.t135                      0.769222
xtrip.xdacs.xru389.dt                        0
xtrip.xdacs.t136                      0.771194
xtrip.xdacs.xru390.dt                        0
xtrip.xdacs.t137                      0.773167
xtrip.xdacs.xru391.dt                        0
xtrip.xdacs.t138                      0.775139
xtrip.xdacs.xru392.dt                        0
xtrip.xdacs.t139                      0.777112
xtrip.xdacs.xru393.dt                        0
xtrip.xdacs.t140                      0.779084
xtrip.xdacs.xru394.dt                        0
xtrip.xdacs.t141                      0.781056
xtrip.xdacs.xru395.dt                        0
xtrip.xdacs.t142                      0.783029
xtrip.xdacs.xru396.dt                        0
xtrip.xdacs.t143                      0.785001
xtrip.xdacs.xru397.dt                        0
xtrip.xdacs.t144                      0.786974
xtrip.xdacs.xru398.dt                        0
xtrip.xdacs.t145                      0.788946
xtrip.xdacs.xru399.dt                        0
xtrip.xdacs.t146                      0.790919
xtrip.xdacs.xru400.dt                        0
xtrip.xdacs.t147                      0.792891
xtrip.xdacs.xru401.dt                        0
xtrip.xdacs.t148                      0.794863
xtrip.xdacs.xru402.dt                        0
xtrip.xdacs.t149                      0.796836
xtrip.xdacs.xru403.dt                        0
xtrip.xdacs.t150                      0.798808
xtrip.xdacs.xru404.dt                        0
xtrip.xdacs.t151                      0.800781
xtrip.xdacs.xru405.dt                        0
xtrip.xdacs.t152                      0.802753
xtrip.xdacs.xru406.dt                        0
xtrip.xdacs.t153                      0.804726
xtrip.xdacs.xru407.dt                        0
xtrip.xdacs.t154                      0.806698
xtrip.xdacs.xru408.dt                        0
xtrip.xdacs.t155                      0.808671
xtrip.xdacs.xru409.dt                        0
xtrip.xdacs.t156                      0.810643
xtrip.xdacs.xru410.dt                        0
xtrip.xdacs.t157                      0.812615
xtrip.xdacs.xru411.dt                        0
xtrip.xdacs.t158                      0.814588
xtrip.xdacs.xru412.dt                        0
xtrip.xdacs.t159                       0.81656
xtrip.xdacs.xru413.dt                        0
xtrip.xdacs.t160                      0.818533
xtrip.xdacs.xru414.dt                        0
xtrip.xdacs.t161                      0.820505
xtrip.xdacs.xru415.dt                        0
xtrip.xdacs.t162                      0.822478
xtrip.xdacs.xru416.dt                        0
xtrip.xdacs.t163                       0.82445
xtrip.xdacs.xru417.dt                        0
xtrip.xdacs.t164                      0.826423
xtrip.xdacs.xru418.dt                        0
xtrip.xdacs.t165                      0.828395
xtrip.xdacs.xru419.dt                        0
xtrip.xdacs.t166                      0.830367
xtrip.xdacs.xru420.dt                        0
xtrip.xdacs.t167                       0.83234
xtrip.xdacs.xru421.dt                        0
xtrip.xdacs.t168                      0.834312
xtrip.xdacs.xru422.dt                        0
xtrip.xdacs.t169                      0.836285
xtrip.xdacs.xru423.dt                        0
xtrip.xdacs.t170                      0.838257
xtrip.xdacs.xru424.dt                        0
xtrip.xdacs.t171                       0.84023
xtrip.xdacs.xru425.dt                        0
xtrip.xdacs.t172                      0.842202
xtrip.xdacs.xru426.dt                        0
xtrip.xdacs.t173                      0.844175
xtrip.xdacs.xru427.dt                        0
xtrip.xdacs.t174                      0.846147
xtrip.xdacs.xru428.dt                        0
xtrip.xdacs.t175                       0.84812
xtrip.xdacs.xru429.dt                        0
xtrip.xdacs.t176                      0.850092
xtrip.xdacs.xru430.dt                        0
xtrip.xdacs.t177                      0.852064
xtrip.xdacs.xru431.dt                        0
xtrip.xdacs.t178                      0.854037
xtrip.xdacs.xru432.dt                        0
xtrip.xdacs.t179                      0.856009
xtrip.xdacs.xru433.dt                        0
xtrip.xdacs.t180                      0.857982
xtrip.xdacs.xru434.dt                        0
xtrip.xdacs.t181                      0.859954
xtrip.xdacs.xru435.dt                        0
xtrip.xdacs.t182                      0.861927
xtrip.xdacs.xru436.dt                        0
xtrip.xdacs.t183                      0.863899
xtrip.xdacs.xru437.dt                        0
xtrip.xdacs.t184                      0.865872
xtrip.xdacs.xru438.dt                        0
xtrip.xdacs.t185                      0.867844
xtrip.xdacs.xru439.dt                        0
xtrip.xdacs.t186                      0.869817
xtrip.xdacs.xru440.dt                        0
xtrip.xdacs.t187                      0.871789
xtrip.xdacs.xru441.dt                        0
xtrip.xdacs.t188                      0.873761
xtrip.xdacs.xru442.dt                        0
xtrip.xdacs.t189                      0.875734
xtrip.xdacs.xru443.dt                        0
xtrip.xdacs.t190                      0.877706
xtrip.xdacs.xru444.dt                        0
xtrip.xdacs.t191                      0.879679
xtrip.xdacs.xru445.dt                        0
xtrip.xdacs.t192                      0.881651
xtrip.xdacs.xru446.dt                        0
xtrip.xdacs.t193                      0.883624
xtrip.xdacs.xru447.dt                        0
xtrip.xdacs.t194                      0.885596
xtrip.xdacs.xru448.dt                        0
xtrip.xdacs.t195                      0.887569
xtrip.xdacs.xru449.dt                        0
xtrip.xdacs.t196                      0.889541
xtrip.xdacs.xru450.dt                        0
xtrip.xdacs.t197                      0.891514
xtrip.xdacs.xru451.dt                        0
xtrip.xdacs.t198                      0.893486
xtrip.xdacs.xru452.dt                        0
xtrip.xdacs.t199                      0.895459
xtrip.xdacs.xru453.dt                        0
xtrip.xdacs.t200                      0.897431
xtrip.xdacs.xru454.dt                        0
xtrip.xdacs.t201                      0.899404
xtrip.xdacs.xru455.dt                        0
xtrip.xdacs.t202                      0.901376
xtrip.xdacs.xru456.dt                        0
xtrip.xdacs.t203                      0.903348
xtrip.xdacs.xru457.dt                        0
xtrip.xdacs.t204                      0.905321
xtrip.xdacs.xru458.dt                        0
xtrip.xdacs.t205                      0.907293
xtrip.xdacs.xru459.dt                        0
xtrip.xdacs.t206                      0.909266
xtrip.xdacs.xru460.dt                        0
xtrip.xdacs.t207                      0.911238
xtrip.xdacs.xru461.dt                        0
xtrip.xdacs.t208                      0.913211
xtrip.xdacs.xru462.dt                        0
xtrip.xdacs.t209                      0.915183
xtrip.xdacs.xru463.dt                        0
xtrip.xdacs.t210                      0.917156
xtrip.xdacs.xru464.dt                        0
xtrip.xdacs.t211                      0.919128
xtrip.xdacs.xru465.dt                        0
xtrip.xdacs.t212                      0.921101
xtrip.xdacs.xru466.dt                        0
xtrip.xdacs.t213                      0.923073
xtrip.xdacs.xru467.dt                        0
xtrip.xdacs.t214                      0.925046
xtrip.xdacs.xru468.dt                        0
xtrip.xdacs.t215                      0.927018
xtrip.xdacs.xru469.dt                        0
xtrip.xdacs.t216                      0.928991
xtrip.xdacs.xru470.dt                        0
xtrip.xdacs.t217                      0.930963
xtrip.xdacs.xru471.dt                        0
xtrip.xdacs.t218                      0.932936
xtrip.xdacs.xru472.dt                        0
xtrip.xdacs.t219                      0.934908
xtrip.xdacs.xru473.dt                        0
xtrip.xdacs.t220                      0.936881
xtrip.xdacs.xru474.dt                        0
xtrip.xdacs.t221                      0.938853
xtrip.xdacs.xru475.dt                        0
xtrip.xdacs.t222                      0.940826
xtrip.xdacs.xru476.dt                        0
xtrip.xdacs.t223                      0.942798
xtrip.xdacs.xru477.dt                        0
xtrip.xdacs.t224                      0.944771
xtrip.xdacs.xru478.dt                        0
xtrip.xdacs.t225                      0.946743
xtrip.xdacs.xru479.dt                        0
xtrip.xdacs.t226                      0.948716
xtrip.xdacs.xru480.dt                        0
xtrip.xdacs.t227                      0.950688
xtrip.xdacs.xru481.dt                        0
xtrip.xdacs.t228                      0.952661
xtrip.xdacs.xru482.dt                        0
xtrip.xdacs.t229                      0.954633
xtrip.xdacs.xru483.dt                        0
xtrip.xdacs.t230                      0.956605
xtrip.xdacs.xru484.dt                        0
xtrip.xdacs.t231                      0.958578
xtrip.xdacs.xru485.dt                        0
xtrip.xdacs.t232                       0.96055
xtrip.xdacs.xru486.dt                        0
xtrip.xdacs.t233                      0.962523
xtrip.xdacs.xru487.dt                        0
xtrip.xdacs.t234                      0.964495
xtrip.xdacs.xru488.dt                        0
xtrip.xdacs.t235                      0.966468
xtrip.xdacs.xru489.dt                        0
xtrip.xdacs.t236                       0.96844
xtrip.xdacs.xru490.dt                        0
xtrip.xdacs.t237                      0.970413
xtrip.xdacs.xru491.dt                        0
xtrip.xdacs.t238                      0.972385
xtrip.xdacs.xru492.dt                        0
xtrip.xdacs.t239                      0.974358
xtrip.xdacs.xru493.dt                        0
xtrip.xdacs.t240                       0.97633
xtrip.xdacs.xru494.dt                        0
xtrip.xdacs.t241                      0.978303
xtrip.xdacs.xru495.dt                        0
xtrip.xdacs.t242                      0.980275
xtrip.xdacs.xru496.dt                        0
xtrip.xdacs.t243                      0.982248
xtrip.xdacs.xru497.dt                        0
xtrip.xdacs.t244                       0.98422
xtrip.xdacs.xru498.dt                        0
xtrip.xdacs.t245                      0.986193
xtrip.xdacs.xru499.dt                        0
xtrip.xdacs.t246                      0.988165
xtrip.xdacs.xru500.dt                        0
xtrip.xdacs.t247                      0.990138
xtrip.xdacs.xru501.dt                        0
xtrip.xdacs.t248                       0.99211
xtrip.xdacs.xru502.dt                        0
xtrip.xdacs.t249                      0.994083
xtrip.xdacs.xru503.dt                        0
xtrip.xdacs.t250                      0.996055
xtrip.xdacs.xru504.dt                        0
xtrip.xdacs.t251                      0.998028
xtrip.xdacs.xru505.dt                        0
xtrip.xdacs.t252                             1
xtrip.xdacs.xru506.dt                        0
xtrip.xdacs.t253                       1.00197
xtrip.xdacs.xru507.dt                        0
xtrip.xdacs.t254                       1.00395
xtrip.xdacs.xru508.dt                        0
xtrip.xdacs.t255                       1.00592
xtrip.xdacs.xru509.dt                        0
xtrip.xdacs.s510                       1.00789
xtrip.xdacs.xru510.dt                        0
xtrip.xdacs.s511                       1.00986
xtrip.xdacs.xru511.dt                        0
xtrip.xdacs.s512                       1.01184
xtrip.xdacs.xru512.dt                        0
xtrip.xdacs.s513                       1.01381
xtrip.xdacs.xru513.dt                        0
xtrip.xdacs.s514                       1.01578
xtrip.xdacs.xru514.dt                        0
xtrip.xdacs.s515                       1.01775
xtrip.xdacs.xru515.dt                        0
xtrip.xdacs.s516                       1.01973
xtrip.xdacs.xru516.dt                        0
xtrip.xdacs.s517                        1.0217
xtrip.xdacs.xru517.dt                        0
xtrip.xdacs.s518                       1.02367
xtrip.xdacs.xru518.dt                        0
xtrip.xdacs.s519                       1.02564
xtrip.xdacs.xru519.dt                        0
xtrip.xdacs.s520                       1.02762
xtrip.xdacs.xru520.dt                        0
xtrip.xdacs.s521                       1.02959
xtrip.xdacs.xru521.dt                        0
xtrip.xdacs.s522                       1.03156
xtrip.xdacs.xru522.dt                        0
xtrip.xdacs.s523                       1.03353
xtrip.xdacs.xru523.dt                        0
xtrip.xdacs.s524                       1.03551
xtrip.xdacs.xru524.dt                        0
xtrip.xdacs.s525                       1.03748
xtrip.xdacs.xru525.dt                        0
xtrip.xdacs.s526                       1.03945
xtrip.xdacs.xru526.dt                        0
xtrip.xdacs.s527                       1.04142
xtrip.xdacs.xru527.dt                        0
xtrip.xdacs.s528                        1.0434
xtrip.xdacs.xru528.dt                        0
xtrip.xdacs.xru529.dt                        0
xtrip.xdacs.xlu0.ab                    1.19986
soft0                                        0
xtrip.xdacs.xlu0.nb                     3.2993
xtrip.xdacs.xlu0.n                 7.88533e-09
xtrip.xdacs.dh0                    3.21785e-09
xtrip.xdacs.dhn0                        3.2993
xtrip.xdacs.xlu1.ab                    1.19986
soft1                                        0
xtrip.xdacs.xlu1.nb                     3.2993
xtrip.xdacs.xlu1.n                 7.88533e-09
xtrip.xdacs.dh1                    3.21785e-09
xtrip.xdacs.dhn1                        3.2993
xtrip.xdacs.xlu2.ab                    1.19986
soft2                                        0
xtrip.xdacs.xlu2.nb                     3.2993
xtrip.xdacs.xlu2.n                 7.88533e-09
xtrip.xdacs.dh2                    3.21785e-09
xtrip.xdacs.dhn2                        3.2993
xtrip.xdacs.xlu3.ab                    1.19986
soft3                                        0
xtrip.xdacs.xlu3.nb                     3.2993
xtrip.xdacs.xlu3.n                 7.88533e-09
xtrip.xdacs.dh3                    3.21785e-09
xtrip.xdacs.dhn3                        3.2993
xtrip.xdacs.xlu4.ab                    1.19986
soft4                                        0
xtrip.xdacs.xlu4.nb                     3.2993
xtrip.xdacs.xlu4.n                 7.88533e-09
xtrip.xdacs.dh4                    3.21785e-09
xtrip.xdacs.dhn4                        3.2993
xtrip.xdacs.xlu5.ab                    1.19986
soft5                                        0
xtrip.xdacs.xlu5.nb                     3.2993
xtrip.xdacs.xlu5.n                 7.88533e-09
xtrip.xdacs.dh5                    3.21785e-09
xtrip.xdacs.dhn5                        3.2993
xtrip.xdacs.xlu6.ab                    1.19986
soft6                                        0
xtrip.xdacs.xlu6.nb                     3.2993
xtrip.xdacs.xlu6.n                 7.88533e-09
xtrip.xdacs.dh6                    3.21785e-09
xtrip.xdacs.dhn6                        3.2993
xtrip.xdacs.xlu7.ab                    1.19986
soft7                                        0
xtrip.xdacs.xlu7.nb                     3.2993
xtrip.xdacs.xlu7.n                 7.88533e-09
xtrip.xdacs.dh7                    3.21785e-09
xtrip.xdacs.dhn7                        3.2993
xtrip.xdacs.m0_0                      0.502949
xtrip.xdacs.m0_1                      0.506894
xtrip.xdacs.m0_2                      0.510838
xtrip.xdacs.m0_3                      0.514783
xtrip.xdacs.m0_4                      0.518728
xtrip.xdacs.m0_5                      0.522672
xtrip.xdacs.m0_6                      0.526617
xtrip.xdacs.m0_7                      0.530562
xtrip.xdacs.m0_8                      0.534507
xtrip.xdacs.m0_9                      0.538451
xtrip.xdacs.m0_10                     0.542396
xtrip.xdacs.m0_11                     0.546341
xtrip.xdacs.m0_12                     0.550286
xtrip.xdacs.m0_13                      0.55423
xtrip.xdacs.m0_14                     0.558175
xtrip.xdacs.m0_15                      0.56212
xtrip.xdacs.m0_16                     0.566065
xtrip.xdacs.m0_17                     0.570009
xtrip.xdacs.m0_18                     0.573954
xtrip.xdacs.m0_19                     0.577899
xtrip.xdacs.m0_20                     0.581844
xtrip.xdacs.m0_21                     0.585788
xtrip.xdacs.m0_22                     0.589733
xtrip.xdacs.m0_23                     0.593678
xtrip.xdacs.m0_24                     0.597623
xtrip.xdacs.m0_25                     0.601567
xtrip.xdacs.m0_26                     0.605512
xtrip.xdacs.m0_27                     0.609457
xtrip.xdacs.m0_28                     0.613402
xtrip.xdacs.m0_29                     0.617347
xtrip.xdacs.m0_30                     0.621291
xtrip.xdacs.m0_31                     0.625236
xtrip.xdacs.m0_32                     0.629181
xtrip.xdacs.m0_33                     0.633126
xtrip.xdacs.m0_34                      0.63707
xtrip.xdacs.m0_35                     0.641015
xtrip.xdacs.m0_36                      0.64496
xtrip.xdacs.m0_37                     0.648905
xtrip.xdacs.m0_38                      0.65285
xtrip.xdacs.m0_39                     0.656794
xtrip.xdacs.m0_40                     0.660739
xtrip.xdacs.m0_41                     0.664684
xtrip.xdacs.m0_42                     0.668629
xtrip.xdacs.m0_43                     0.672574
xtrip.xdacs.m0_44                     0.676518
xtrip.xdacs.m0_45                     0.680463
xtrip.xdacs.m0_46                     0.684408
xtrip.xdacs.m0_47                     0.688353
xtrip.xdacs.m0_48                     0.692298
xtrip.xdacs.m0_49                     0.696242
xtrip.xdacs.m0_50                     0.700187
xtrip.xdacs.m0_51                     0.704132
xtrip.xdacs.m0_52                     0.708077
xtrip.xdacs.m0_53                     0.712022
xtrip.xdacs.m0_54                     0.715967
xtrip.xdacs.m0_55                     0.719911
xtrip.xdacs.m0_56                     0.723856
xtrip.xdacs.m0_57                     0.727801
xtrip.xdacs.m0_58                     0.731746
xtrip.xdacs.m0_59                     0.735691
xtrip.xdacs.m0_60                     0.739635
xtrip.xdacs.m0_61                      0.74358
xtrip.xdacs.m0_62                     0.747525
xtrip.xdacs.m0_63                      0.75147
xtrip.xdacs.m0_64                     0.755415
xtrip.xdacs.m0_65                      0.75936
xtrip.xdacs.m0_66                     0.763305
xtrip.xdacs.m0_67                     0.767249
xtrip.xdacs.m0_68                     0.771194
xtrip.xdacs.m0_69                     0.775139
xtrip.xdacs.m0_70                     0.779084
xtrip.xdacs.m0_71                     0.783029
xtrip.xdacs.m0_72                     0.786974
xtrip.xdacs.m0_73                     0.790919
xtrip.xdacs.m0_74                     0.794863
xtrip.xdacs.m0_75                     0.798808
xtrip.xdacs.m0_76                     0.802753
xtrip.xdacs.m0_77                     0.806698
xtrip.xdacs.m0_78                     0.810643
xtrip.xdacs.m0_79                     0.814588
xtrip.xdacs.m0_80                     0.818533
xtrip.xdacs.m0_81                     0.822478
xtrip.xdacs.m0_82                     0.826423
xtrip.xdacs.m0_83                     0.830367
xtrip.xdacs.m0_84                     0.834312
xtrip.xdacs.m0_85                     0.838257
xtrip.xdacs.m0_86                     0.842202
xtrip.xdacs.m0_87                     0.846147
xtrip.xdacs.m0_88                     0.850092
xtrip.xdacs.m0_89                     0.854037
xtrip.xdacs.m0_90                     0.857982
xtrip.xdacs.m0_91                     0.861927
xtrip.xdacs.m0_92                     0.865872
xtrip.xdacs.m0_93                     0.869817
xtrip.xdacs.m0_94                     0.873761
xtrip.xdacs.m0_95                     0.877706
xtrip.xdacs.m0_96                     0.881651
xtrip.xdacs.m0_97                     0.885596
xtrip.xdacs.m0_98                     0.889541
xtrip.xdacs.m0_99                     0.893486
xtrip.xdacs.m0_100                    0.897431
xtrip.xdacs.m0_101                    0.901376
xtrip.xdacs.m0_102                    0.905321
xtrip.xdacs.m0_103                    0.909266
xtrip.xdacs.m0_104                    0.913211
xtrip.xdacs.m0_105                    0.917156
xtrip.xdacs.m0_106                    0.921101
xtrip.xdacs.m0_107                    0.925046
xtrip.xdacs.m0_108                    0.928991
xtrip.xdacs.m0_109                    0.932936
xtrip.xdacs.m0_110                    0.936881
xtrip.xdacs.m0_111                    0.940826
xtrip.xdacs.m0_112                    0.944771
xtrip.xdacs.m0_113                    0.948716
xtrip.xdacs.m0_114                    0.952661
xtrip.xdacs.m0_115                    0.956605
xtrip.xdacs.m0_116                     0.96055
xtrip.xdacs.m0_117                    0.964495
xtrip.xdacs.m0_118                     0.96844
xtrip.xdacs.m0_119                    0.972385
xtrip.xdacs.m0_120                     0.97633
xtrip.xdacs.m0_121                    0.980275
xtrip.xdacs.m0_122                     0.98422
xtrip.xdacs.m0_123                    0.988165
xtrip.xdacs.m0_124                     0.99211
xtrip.xdacs.m0_125                    0.996055
xtrip.xdacs.m0_126                           1
xtrip.xdacs.m0_127                     1.00395
xtrip.xdacs.m1_0                      0.502949
xtrip.xdacs.m1_1                      0.510838
xtrip.xdacs.m1_2                      0.518728
xtrip.xdacs.m1_3                      0.526617
xtrip.xdacs.m1_4                      0.534507
xtrip.xdacs.m1_5                      0.542396
xtrip.xdacs.m1_6                      0.550286
xtrip.xdacs.m1_7                      0.558175
xtrip.xdacs.m1_8                      0.566065
xtrip.xdacs.m1_9                      0.573954
xtrip.xdacs.m1_10                     0.581844
xtrip.xdacs.m1_11                     0.589733
xtrip.xdacs.m1_12                     0.597623
xtrip.xdacs.m1_13                     0.605512
xtrip.xdacs.m1_14                     0.613402
xtrip.xdacs.m1_15                     0.621291
xtrip.xdacs.m1_16                     0.629181
xtrip.xdacs.m1_17                      0.63707
xtrip.xdacs.m1_18                      0.64496
xtrip.xdacs.m1_19                      0.65285
xtrip.xdacs.m1_20                     0.660739
xtrip.xdacs.m1_21                     0.668629
xtrip.xdacs.m1_22                     0.676518
xtrip.xdacs.m1_23                     0.684408
xtrip.xdacs.m1_24                     0.692298
xtrip.xdacs.m1_25                     0.700187
xtrip.xdacs.m1_26                     0.708077
xtrip.xdacs.m1_27                     0.715966
xtrip.xdacs.m1_28                     0.723856
xtrip.xdacs.m1_29                     0.731746
xtrip.xdacs.m1_30                     0.739635
xtrip.xdacs.m1_31                     0.747525
xtrip.xdacs.m1_32                     0.755415
xtrip.xdacs.m1_33                     0.763305
xtrip.xdacs.m1_34                     0.771194
xtrip.xdacs.m1_35                     0.779084
xtrip.xdacs.m1_36                     0.786974
xtrip.xdacs.m1_37                     0.794863
xtrip.xdacs.m1_38                     0.802753
xtrip.xdacs.m1_39                     0.810643
xtrip.xdacs.m1_40                     0.818533
xtrip.xdacs.m1_41                     0.826423
xtrip.xdacs.m1_42                     0.834312
xtrip.xdacs.m1_43                     0.842202
xtrip.xdacs.m1_44                     0.850092
xtrip.xdacs.m1_45                     0.857982
xtrip.xdacs.m1_46                     0.865872
xtrip.xdacs.m1_47                     0.873761
xtrip.xdacs.m1_48                     0.881651
xtrip.xdacs.m1_49                     0.889541
xtrip.xdacs.m1_50                     0.897431
xtrip.xdacs.m1_51                     0.905321
xtrip.xdacs.m1_52                     0.913211
xtrip.xdacs.m1_53                     0.921101
xtrip.xdacs.m1_54                     0.928991
xtrip.xdacs.m1_55                     0.936881
xtrip.xdacs.m1_56                     0.944771
xtrip.xdacs.m1_57                     0.952661
xtrip.xdacs.m1_58                      0.96055
xtrip.xdacs.m1_59                      0.96844
xtrip.xdacs.m1_60                      0.97633
xtrip.xdacs.m1_61                      0.98422
xtrip.xdacs.m1_62                      0.99211
xtrip.xdacs.m1_63                            1
xtrip.xdacs.m2_0                      0.502949
xtrip.xdacs.m2_1                      0.518728
xtrip.xdacs.m2_2                      0.534507
xtrip.xdacs.m2_3                      0.550286
xtrip.xdacs.m2_4                      0.566065
xtrip.xdacs.m2_5                      0.581844
xtrip.xdacs.m2_6                      0.597623
xtrip.xdacs.m2_7                      0.613402
xtrip.xdacs.m2_8                      0.629181
xtrip.xdacs.m2_9                       0.64496
xtrip.xdacs.m2_10                     0.660739
xtrip.xdacs.m2_11                     0.676518
xtrip.xdacs.m2_12                     0.692298
xtrip.xdacs.m2_13                     0.708077
xtrip.xdacs.m2_14                     0.723856
xtrip.xdacs.m2_15                     0.739635
xtrip.xdacs.m2_16                     0.755415
xtrip.xdacs.m2_17                     0.771194
xtrip.xdacs.m2_18                     0.786974
xtrip.xdacs.m2_19                     0.802753
xtrip.xdacs.m2_20                     0.818533
xtrip.xdacs.m2_21                     0.834312
xtrip.xdacs.m2_22                     0.850092
xtrip.xdacs.m2_23                     0.865872
xtrip.xdacs.m2_24                     0.881651
xtrip.xdacs.m2_25                     0.897431
xtrip.xdacs.m2_26                     0.913211
xtrip.xdacs.m2_27                     0.928991
xtrip.xdacs.m2_28                     0.944771
xtrip.xdacs.m2_29                      0.96055
xtrip.xdacs.m2_30                      0.97633
xtrip.xdacs.m2_31                      0.99211
xtrip.xdacs.m3_0                      0.502949
xtrip.xdacs.m3_1                      0.534507
xtrip.xdacs.m3_2                      0.566065
xtrip.xdacs.m3_3                      0.597623
xtrip.xdacs.m3_4                      0.629181
xtrip.xdacs.m3_5                      0.660739
xtrip.xdacs.m3_6                      0.692298
xtrip.xdacs.m3_7                      0.723856
xtrip.xdacs.m3_8                      0.755415
xtrip.xdacs.m3_9                      0.786974
xtrip.xdacs.m3_10                     0.818533
xtrip.xdacs.m3_11                     0.850092
xtrip.xdacs.m3_12                     0.881651
xtrip.xdacs.m3_13                     0.913211
xtrip.xdacs.m3_14                     0.944771
xtrip.xdacs.m3_15                      0.97633
xtrip.xdacs.m4_0                      0.502949
xtrip.xdacs.m4_1                      0.566065
xtrip.xdacs.m4_2                      0.629181
xtrip.xdacs.m4_3                      0.692298
xtrip.xdacs.m4_4                      0.755415
xtrip.xdacs.m4_5                      0.818533
xtrip.xdacs.m4_6                      0.881651
xtrip.xdacs.m4_7                      0.944771
xtrip.xdacs.m5_0                      0.502949
xtrip.xdacs.m5_1                      0.629181
xtrip.xdacs.m5_2                      0.755415
xtrip.xdacs.m5_3                      0.881651
xtrip.xdacs.m6_0                      0.502949
xtrip.xdacs.m6_1                      0.755415
xtrip.vth_soft                        0.502949
xtrip.xdach.s0                      0.00197234
xtrip.xdach.xru0.dt                          0
xtrip.xdach.s1                      0.00394468
xtrip.xdach.xru1.dt                          0
xtrip.xdach.s2                      0.00591702
xtrip.xdach.xru2.dt                          0
xtrip.xdach.s3                      0.00788936
xtrip.xdach.xru3.dt                          0
xtrip.xdach.s4                       0.0098617
xtrip.xdach.xru4.dt                          0
xtrip.xdach.s5                        0.011834
xtrip.xdach.xru5.dt                          0
xtrip.xdach.s6                       0.0138064
xtrip.xdach.xru6.dt                          0
xtrip.xdach.s7                       0.0157787
xtrip.xdach.xru7.dt                          0
xtrip.xdach.s8                       0.0177511
xtrip.xdach.xru8.dt                          0
xtrip.xdach.s9                       0.0197234
xtrip.xdach.xru9.dt                          0
xtrip.xdach.s10                      0.0216957
xtrip.xdach.xru10.dt                         0
xtrip.xdach.s11                      0.0236681
xtrip.xdach.xru11.dt                         0
xtrip.xdach.s12                      0.0256404
xtrip.xdach.xru12.dt                         0
xtrip.xdach.s13                      0.0276128
xtrip.xdach.xru13.dt                         0
xtrip.xdach.s14                      0.0295851
xtrip.xdach.xru14.dt                         0
xtrip.xdach.s15                      0.0315574
xtrip.xdach.xru15.dt                         0
xtrip.xdach.s16                      0.0335298
xtrip.xdach.xru16.dt                         0
xtrip.xdach.s17                      0.0355021
xtrip.xdach.xru17.dt                         0
xtrip.xdach.s18                      0.0374745
xtrip.xdach.xru18.dt                         0
xtrip.xdach.s19                      0.0394468
xtrip.xdach.xru19.dt                         0
xtrip.xdach.s20                      0.0414191
xtrip.xdach.xru20.dt                         0
xtrip.xdach.s21                      0.0433915
xtrip.xdach.xru21.dt                         0
xtrip.xdach.s22                      0.0453638
xtrip.xdach.xru22.dt                         0
xtrip.xdach.s23                      0.0473362
xtrip.xdach.xru23.dt                         0
xtrip.xdach.s24                      0.0493085
xtrip.xdach.xru24.dt                         0
xtrip.xdach.s25                      0.0512808
xtrip.xdach.xru25.dt                         0
xtrip.xdach.s26                      0.0532532
xtrip.xdach.xru26.dt                         0
xtrip.xdach.s27                      0.0552255
xtrip.xdach.xru27.dt                         0
xtrip.xdach.s28                      0.0571979
xtrip.xdach.xru28.dt                         0
xtrip.xdach.s29                      0.0591702
xtrip.xdach.xru29.dt                         0
xtrip.xdach.s30                      0.0611425
xtrip.xdach.xru30.dt                         0
xtrip.xdach.s31                      0.0631149
xtrip.xdach.xru31.dt                         0
xtrip.xdach.s32                      0.0650872
xtrip.xdach.xru32.dt                         0
xtrip.xdach.s33                      0.0670596
xtrip.xdach.xru33.dt                         0
xtrip.xdach.s34                      0.0690319
xtrip.xdach.xru34.dt                         0
xtrip.xdach.s35                      0.0710042
xtrip.xdach.xru35.dt                         0
xtrip.xdach.s36                      0.0729766
xtrip.xdach.xru36.dt                         0
xtrip.xdach.s37                      0.0749489
xtrip.xdach.xru37.dt                         0
xtrip.xdach.s38                      0.0769213
xtrip.xdach.xru38.dt                         0
xtrip.xdach.s39                      0.0788936
xtrip.xdach.xru39.dt                         0
xtrip.xdach.s40                      0.0808659
xtrip.xdach.xru40.dt                         0
xtrip.xdach.s41                      0.0828383
xtrip.xdach.xru41.dt                         0
xtrip.xdach.s42                      0.0848106
xtrip.xdach.xru42.dt                         0
xtrip.xdach.s43                       0.086783
xtrip.xdach.xru43.dt                         0
xtrip.xdach.s44                      0.0887553
xtrip.xdach.xru44.dt                         0
xtrip.xdach.s45                      0.0907276
xtrip.xdach.xru45.dt                         0
xtrip.xdach.s46                         0.0927
xtrip.xdach.xru46.dt                         0
xtrip.xdach.s47                      0.0946723
xtrip.xdach.xru47.dt                         0
xtrip.xdach.s48                      0.0966447
xtrip.xdach.xru48.dt                         0
xtrip.xdach.s49                       0.098617
xtrip.xdach.xru49.dt                         0
xtrip.xdach.s50                       0.100589
xtrip.xdach.xru50.dt                         0
xtrip.xdach.s51                       0.102562
xtrip.xdach.xru51.dt                         0
xtrip.xdach.s52                       0.104534
xtrip.xdach.xru52.dt                         0
xtrip.xdach.s53                       0.106506
xtrip.xdach.xru53.dt                         0
xtrip.xdach.s54                       0.108479
xtrip.xdach.xru54.dt                         0
xtrip.xdach.s55                       0.110451
xtrip.xdach.xru55.dt                         0
xtrip.xdach.s56                       0.112423
xtrip.xdach.xru56.dt                         0
xtrip.xdach.s57                       0.114396
xtrip.xdach.xru57.dt                         0
xtrip.xdach.s58                       0.116368
xtrip.xdach.xru58.dt                         0
xtrip.xdach.s59                        0.11834
xtrip.xdach.xru59.dt                         0
xtrip.xdach.s60                       0.120313
xtrip.xdach.xru60.dt                         0
xtrip.xdach.s61                       0.122285
xtrip.xdach.xru61.dt                         0
xtrip.xdach.s62                       0.124257
xtrip.xdach.xru62.dt                         0
xtrip.xdach.s63                        0.12623
xtrip.xdach.xru63.dt                         0
xtrip.xdach.s64                       0.128202
xtrip.xdach.xru64.dt                         0
xtrip.xdach.s65                       0.130174
xtrip.xdach.xru65.dt                         0
xtrip.xdach.s66                       0.132147
xtrip.xdach.xru66.dt                         0
xtrip.xdach.s67                       0.134119
xtrip.xdach.xru67.dt                         0
xtrip.xdach.s68                       0.136091
xtrip.xdach.xru68.dt                         0
xtrip.xdach.s69                       0.138064
xtrip.xdach.xru69.dt                         0
xtrip.xdach.s70                       0.140036
xtrip.xdach.xru70.dt                         0
xtrip.xdach.s71                       0.142009
xtrip.xdach.xru71.dt                         0
xtrip.xdach.s72                       0.143981
xtrip.xdach.xru72.dt                         0
xtrip.xdach.s73                       0.145953
xtrip.xdach.xru73.dt                         0
xtrip.xdach.s74                       0.147926
xtrip.xdach.xru74.dt                         0
xtrip.xdach.s75                       0.149898
xtrip.xdach.xru75.dt                         0
xtrip.xdach.s76                        0.15187
xtrip.xdach.xru76.dt                         0
xtrip.xdach.s77                       0.153843
xtrip.xdach.xru77.dt                         0
xtrip.xdach.s78                       0.155815
xtrip.xdach.xru78.dt                         0
xtrip.xdach.s79                       0.157787
xtrip.xdach.xru79.dt                         0
xtrip.xdach.s80                        0.15976
xtrip.xdach.xru80.dt                         0
xtrip.xdach.s81                       0.161732
xtrip.xdach.xru81.dt                         0
xtrip.xdach.s82                       0.163704
xtrip.xdach.xru82.dt                         0
xtrip.xdach.s83                       0.165677
xtrip.xdach.xru83.dt                         0
xtrip.xdach.s84                       0.167649
xtrip.xdach.xru84.dt                         0
xtrip.xdach.s85                       0.169621
xtrip.xdach.xru85.dt                         0
xtrip.xdach.s86                       0.171594
xtrip.xdach.xru86.dt                         0
xtrip.xdach.s87                       0.173566
xtrip.xdach.xru87.dt                         0
xtrip.xdach.s88                       0.175538
xtrip.xdach.xru88.dt                         0
xtrip.xdach.s89                       0.177511
xtrip.xdach.xru89.dt                         0
xtrip.xdach.s90                       0.179483
xtrip.xdach.xru90.dt                         0
xtrip.xdach.s91                       0.181455
xtrip.xdach.xru91.dt                         0
xtrip.xdach.s92                       0.183428
xtrip.xdach.xru92.dt                         0
xtrip.xdach.s93                         0.1854
xtrip.xdach.xru93.dt                         0
xtrip.xdach.s94                       0.187372
xtrip.xdach.xru94.dt                         0
xtrip.xdach.s95                       0.189345
xtrip.xdach.xru95.dt                         0
xtrip.xdach.s96                       0.191317
xtrip.xdach.xru96.dt                         0
xtrip.xdach.s97                       0.193289
xtrip.xdach.xru97.dt                         0
xtrip.xdach.s98                       0.195262
xtrip.xdach.xru98.dt                         0
xtrip.xdach.s99                       0.197234
xtrip.xdach.xru99.dt                         0
xtrip.xdach.s100                      0.199206
xtrip.xdach.xru100.dt                        0
xtrip.xdach.s101                      0.201179
xtrip.xdach.xru101.dt                        0
xtrip.xdach.s102                      0.203151
xtrip.xdach.xru102.dt                        0
xtrip.xdach.s103                      0.205123
xtrip.xdach.xru103.dt                        0
xtrip.xdach.s104                      0.207096
xtrip.xdach.xru104.dt                        0
xtrip.xdach.s105                      0.209068
xtrip.xdach.xru105.dt                        0
xtrip.xdach.s106                      0.211041
xtrip.xdach.xru106.dt                        0
xtrip.xdach.s107                      0.213013
xtrip.xdach.xru107.dt                        0
xtrip.xdach.s108                      0.214985
xtrip.xdach.xru108.dt                        0
xtrip.xdach.s109                      0.216958
xtrip.xdach.xru109.dt                        0
xtrip.xdach.s110                       0.21893
xtrip.xdach.xru110.dt                        0
xtrip.xdach.s111                      0.220902
xtrip.xdach.xru111.dt                        0
xtrip.xdach.s112                      0.222875
xtrip.xdach.xru112.dt                        0
xtrip.xdach.s113                      0.224847
xtrip.xdach.xru113.dt                        0
xtrip.xdach.s114                      0.226819
xtrip.xdach.xru114.dt                        0
xtrip.xdach.s115                      0.228792
xtrip.xdach.xru115.dt                        0
xtrip.xdach.s116                      0.230764
xtrip.xdach.xru116.dt                        0
xtrip.xdach.s117                      0.232736
xtrip.xdach.xru117.dt                        0
xtrip.xdach.s118                      0.234709
xtrip.xdach.xru118.dt                        0
xtrip.xdach.s119                      0.236681
xtrip.xdach.xru119.dt                        0
xtrip.xdach.s120                      0.238653
xtrip.xdach.xru120.dt                        0
xtrip.xdach.s121                      0.240626
xtrip.xdach.xru121.dt                        0
xtrip.xdach.s122                      0.242598
xtrip.xdach.xru122.dt                        0
xtrip.xdach.s123                       0.24457
xtrip.xdach.xru123.dt                        0
xtrip.xdach.s124                      0.246543
xtrip.xdach.xru124.dt                        0
xtrip.xdach.s125                      0.248515
xtrip.xdach.xru125.dt                        0
xtrip.xdach.s126                      0.250487
xtrip.xdach.xru126.dt                        0
xtrip.xdach.s127                       0.25246
xtrip.xdach.xru127.dt                        0
xtrip.xdach.s128                      0.254432
xtrip.xdach.xru128.dt                        0
xtrip.xdach.s129                      0.256404
xtrip.xdach.xru129.dt                        0
xtrip.xdach.s130                      0.258377
xtrip.xdach.xru130.dt                        0
xtrip.xdach.s131                      0.260349
xtrip.xdach.xru131.dt                        0
xtrip.xdach.s132                      0.262321
xtrip.xdach.xru132.dt                        0
xtrip.xdach.s133                      0.264294
xtrip.xdach.xru133.dt                        0
xtrip.xdach.s134                      0.266266
xtrip.xdach.xru134.dt                        0
xtrip.xdach.s135                      0.268239
xtrip.xdach.xru135.dt                        0
xtrip.xdach.s136                      0.270211
xtrip.xdach.xru136.dt                        0
xtrip.xdach.s137                      0.272183
xtrip.xdach.xru137.dt                        0
xtrip.xdach.s138                      0.274156
xtrip.xdach.xru138.dt                        0
xtrip.xdach.s139                      0.276128
xtrip.xdach.xru139.dt                        0
xtrip.xdach.s140                        0.2781
xtrip.xdach.xru140.dt                        0
xtrip.xdach.s141                      0.280073
xtrip.xdach.xru141.dt                        0
xtrip.xdach.s142                      0.282045
xtrip.xdach.xru142.dt                        0
xtrip.xdach.s143                      0.284017
xtrip.xdach.xru143.dt                        0
xtrip.xdach.s144                       0.28599
xtrip.xdach.xru144.dt                        0
xtrip.xdach.s145                      0.287962
xtrip.xdach.xru145.dt                        0
xtrip.xdach.s146                      0.289934
xtrip.xdach.xru146.dt                        0
xtrip.xdach.s147                      0.291907
xtrip.xdach.xru147.dt                        0
xtrip.xdach.s148                      0.293879
xtrip.xdach.xru148.dt                        0
xtrip.xdach.s149                      0.295851
xtrip.xdach.xru149.dt                        0
xtrip.xdach.s150                      0.297824
xtrip.xdach.xru150.dt                        0
xtrip.xdach.s151                      0.299796
xtrip.xdach.xru151.dt                        0
xtrip.xdach.s152                      0.301768
xtrip.xdach.xru152.dt                        0
xtrip.xdach.s153                      0.303741
xtrip.xdach.xru153.dt                        0
xtrip.xdach.s154                      0.305713
xtrip.xdach.xru154.dt                        0
xtrip.xdach.s155                      0.307685
xtrip.xdach.xru155.dt                        0
xtrip.xdach.s156                      0.309658
xtrip.xdach.xru156.dt                        0
xtrip.xdach.s157                       0.31163
xtrip.xdach.xru157.dt                        0
xtrip.xdach.s158                      0.313603
xtrip.xdach.xru158.dt                        0
xtrip.xdach.s159                      0.315575
xtrip.xdach.xru159.dt                        0
xtrip.xdach.s160                      0.317547
xtrip.xdach.xru160.dt                        0
xtrip.xdach.s161                       0.31952
xtrip.xdach.xru161.dt                        0
xtrip.xdach.s162                      0.321492
xtrip.xdach.xru162.dt                        0
xtrip.xdach.s163                      0.323464
xtrip.xdach.xru163.dt                        0
xtrip.xdach.s164                      0.325437
xtrip.xdach.xru164.dt                        0
xtrip.xdach.s165                      0.327409
xtrip.xdach.xru165.dt                        0
xtrip.xdach.s166                      0.329381
xtrip.xdach.xru166.dt                        0
xtrip.xdach.s167                      0.331354
xtrip.xdach.xru167.dt                        0
xtrip.xdach.s168                      0.333326
xtrip.xdach.xru168.dt                        0
xtrip.xdach.s169                      0.335298
xtrip.xdach.xru169.dt                        0
xtrip.xdach.s170                      0.337271
xtrip.xdach.xru170.dt                        0
xtrip.xdach.s171                      0.339243
xtrip.xdach.xru171.dt                        0
xtrip.xdach.s172                      0.341215
xtrip.xdach.xru172.dt                        0
xtrip.xdach.s173                      0.343188
xtrip.xdach.xru173.dt                        0
xtrip.xdach.s174                       0.34516
xtrip.xdach.xru174.dt                        0
xtrip.xdach.s175                      0.347132
xtrip.xdach.xru175.dt                        0
xtrip.xdach.s176                      0.349105
xtrip.xdach.xru176.dt                        0
xtrip.xdach.s177                      0.351077
xtrip.xdach.xru177.dt                        0
xtrip.xdach.s178                       0.35305
xtrip.xdach.xru178.dt                        0
xtrip.xdach.s179                      0.355022
xtrip.xdach.xru179.dt                        0
xtrip.xdach.s180                      0.356994
xtrip.xdach.xru180.dt                        0
xtrip.xdach.s181                      0.358967
xtrip.xdach.xru181.dt                        0
xtrip.xdach.s182                      0.360939
xtrip.xdach.xru182.dt                        0
xtrip.xdach.s183                      0.362911
xtrip.xdach.xru183.dt                        0
xtrip.xdach.s184                      0.364884
xtrip.xdach.xru184.dt                        0
xtrip.xdach.s185                      0.366856
xtrip.xdach.xru185.dt                        0
xtrip.xdach.s186                      0.368828
xtrip.xdach.xru186.dt                        0
xtrip.xdach.s187                      0.370801
xtrip.xdach.xru187.dt                        0
xtrip.xdach.s188                      0.372773
xtrip.xdach.xru188.dt                        0
xtrip.xdach.s189                      0.374745
xtrip.xdach.xru189.dt                        0
xtrip.xdach.s190                      0.376718
xtrip.xdach.xru190.dt                        0
xtrip.xdach.s191                       0.37869
xtrip.xdach.xru191.dt                        0
xtrip.xdach.s192                      0.380662
xtrip.xdach.xru192.dt                        0
xtrip.xdach.s193                      0.382635
xtrip.xdach.xru193.dt                        0
xtrip.xdach.s194                      0.384607
xtrip.xdach.xru194.dt                        0
xtrip.xdach.s195                      0.386579
xtrip.xdach.xru195.dt                        0
xtrip.xdach.s196                      0.388552
xtrip.xdach.xru196.dt                        0
xtrip.xdach.s197                      0.390524
xtrip.xdach.xru197.dt                        0
xtrip.xdach.s198                      0.392497
xtrip.xdach.xru198.dt                        0
xtrip.xdach.s199                      0.394469
xtrip.xdach.xru199.dt                        0
xtrip.xdach.s200                      0.396441
xtrip.xdach.xru200.dt                        0
xtrip.xdach.s201                      0.398414
xtrip.xdach.xru201.dt                        0
xtrip.xdach.s202                      0.400386
xtrip.xdach.xru202.dt                        0
xtrip.xdach.s203                      0.402358
xtrip.xdach.xru203.dt                        0
xtrip.xdach.s204                      0.404331
xtrip.xdach.xru204.dt                        0
xtrip.xdach.s205                      0.406303
xtrip.xdach.xru205.dt                        0
xtrip.xdach.s206                      0.408275
xtrip.xdach.xru206.dt                        0
xtrip.xdach.s207                      0.410248
xtrip.xdach.xru207.dt                        0
xtrip.xdach.s208                       0.41222
xtrip.xdach.xru208.dt                        0
xtrip.xdach.s209                      0.414192
xtrip.xdach.xru209.dt                        0
xtrip.xdach.s210                      0.416165
xtrip.xdach.xru210.dt                        0
xtrip.xdach.s211                      0.418137
xtrip.xdach.xru211.dt                        0
xtrip.xdach.s212                      0.420109
xtrip.xdach.xru212.dt                        0
xtrip.xdach.s213                      0.422082
xtrip.xdach.xru213.dt                        0
xtrip.xdach.s214                      0.424054
xtrip.xdach.xru214.dt                        0
xtrip.xdach.s215                      0.426027
xtrip.xdach.xru215.dt                        0
xtrip.xdach.s216                      0.427999
xtrip.xdach.xru216.dt                        0
xtrip.xdach.s217                      0.429971
xtrip.xdach.xru217.dt                        0
xtrip.xdach.s218                      0.431944
xtrip.xdach.xru218.dt                        0
xtrip.xdach.s219                      0.433916
xtrip.xdach.xru219.dt                        0
xtrip.xdach.s220                      0.435888
xtrip.xdach.xru220.dt                        0
xtrip.xdach.s221                      0.437861
xtrip.xdach.xru221.dt                        0
xtrip.xdach.s222                      0.439833
xtrip.xdach.xru222.dt                        0
xtrip.xdach.s223                      0.441805
xtrip.xdach.xru223.dt                        0
xtrip.xdach.s224                      0.443778
xtrip.xdach.xru224.dt                        0
xtrip.xdach.s225                       0.44575
xtrip.xdach.xru225.dt                        0
xtrip.xdach.s226                      0.447722
xtrip.xdach.xru226.dt                        0
xtrip.xdach.s227                      0.449695
xtrip.xdach.xru227.dt                        0
xtrip.xdach.s228                      0.451667
xtrip.xdach.xru228.dt                        0
xtrip.xdach.s229                       0.45364
xtrip.xdach.xru229.dt                        0
xtrip.xdach.s230                      0.455612
xtrip.xdach.xru230.dt                        0
xtrip.xdach.s231                      0.457584
xtrip.xdach.xru231.dt                        0
xtrip.xdach.s232                      0.459557
xtrip.xdach.xru232.dt                        0
xtrip.xdach.s233                      0.461529
xtrip.xdach.xru233.dt                        0
xtrip.xdach.s234                      0.463501
xtrip.xdach.xru234.dt                        0
xtrip.xdach.s235                      0.465474
xtrip.xdach.xru235.dt                        0
xtrip.xdach.s236                      0.467446
xtrip.xdach.xru236.dt                        0
xtrip.xdach.s237                      0.469418
xtrip.xdach.xru237.dt                        0
xtrip.xdach.s238                      0.471391
xtrip.xdach.xru238.dt                        0
xtrip.xdach.s239                      0.473363
xtrip.xdach.xru239.dt                        0
xtrip.xdach.s240                      0.475335
xtrip.xdach.xru240.dt                        0
xtrip.xdach.s241                      0.477308
xtrip.xdach.xru241.dt                        0
xtrip.xdach.s242                       0.47928
xtrip.xdach.xru242.dt                        0
xtrip.xdach.s243                      0.481253
xtrip.xdach.xru243.dt                        0
xtrip.xdach.s244                      0.483225
xtrip.xdach.xru244.dt                        0
xtrip.xdach.s245                      0.485197
xtrip.xdach.xru245.dt                        0
xtrip.xdach.s246                       0.48717
xtrip.xdach.xru246.dt                        0
xtrip.xdach.s247                      0.489142
xtrip.xdach.xru247.dt                        0
xtrip.xdach.s248                      0.491114
xtrip.xdach.xru248.dt                        0
xtrip.xdach.s249                      0.493087
xtrip.xdach.xru249.dt                        0
xtrip.xdach.s250                      0.495059
xtrip.xdach.xru250.dt                        0
xtrip.xdach.s251                      0.497031
xtrip.xdach.xru251.dt                        0
xtrip.xdach.s252                      0.499004
xtrip.xdach.xru252.dt                        0
xtrip.xdach.s253                      0.500976
xtrip.xdach.xru253.dt                        0
xtrip.xdach.t0                        0.502949
xtrip.xdach.xru254.dt                        0
xtrip.xdach.t1                        0.504921
xtrip.xdach.xru255.dt                        0
xtrip.xdach.t2                        0.506893
xtrip.xdach.xru256.dt                        0
xtrip.xdach.t3                        0.508866
xtrip.xdach.xru257.dt                        0
xtrip.xdach.t4                        0.510838
xtrip.xdach.xru258.dt                        0
xtrip.xdach.t5                         0.51281
xtrip.xdach.xru259.dt                        0
xtrip.xdach.t6                        0.514783
xtrip.xdach.xru260.dt                        0
xtrip.xdach.t7                        0.516755
xtrip.xdach.xru261.dt                        0
xtrip.xdach.t8                        0.518727
xtrip.xdach.xru262.dt                        0
xtrip.xdach.t9                          0.5207
xtrip.xdach.xru263.dt                        0
xtrip.xdach.t10                       0.522672
xtrip.xdach.xru264.dt                        0
xtrip.xdach.t11                       0.524645
xtrip.xdach.xru265.dt                        0
xtrip.xdach.t12                       0.526617
xtrip.xdach.xru266.dt                        0
xtrip.xdach.t13                       0.528589
xtrip.xdach.xru267.dt                        0
xtrip.xdach.t14                       0.530562
xtrip.xdach.xru268.dt                        0
xtrip.xdach.t15                       0.532534
xtrip.xdach.xru269.dt                        0
xtrip.xdach.t16                       0.534506
xtrip.xdach.xru270.dt                        0
xtrip.xdach.t17                       0.536479
xtrip.xdach.xru271.dt                        0
xtrip.xdach.t18                       0.538451
xtrip.xdach.xru272.dt                        0
xtrip.xdach.t19                       0.540423
xtrip.xdach.xru273.dt                        0
xtrip.xdach.t20                       0.542396
xtrip.xdach.xru274.dt                        0
xtrip.xdach.t21                       0.544368
xtrip.xdach.xru275.dt                        0
xtrip.xdach.t22                       0.546341
xtrip.xdach.xru276.dt                        0
xtrip.xdach.t23                       0.548313
xtrip.xdach.xru277.dt                        0
xtrip.xdach.t24                       0.550285
xtrip.xdach.xru278.dt                        0
xtrip.xdach.t25                       0.552258
xtrip.xdach.xru279.dt                        0
xtrip.xdach.t26                        0.55423
xtrip.xdach.xru280.dt                        0
xtrip.xdach.t27                       0.556202
xtrip.xdach.xru281.dt                        0
xtrip.xdach.t28                       0.558175
xtrip.xdach.xru282.dt                        0
xtrip.xdach.t29                       0.560147
xtrip.xdach.xru283.dt                        0
xtrip.xdach.t30                        0.56212
xtrip.xdach.xru284.dt                        0
xtrip.xdach.t31                       0.564092
xtrip.xdach.xru285.dt                        0
xtrip.xdach.t32                       0.566064
xtrip.xdach.xru286.dt                        0
xtrip.xdach.t33                       0.568037
xtrip.xdach.xru287.dt                        0
xtrip.xdach.t34                       0.570009
xtrip.xdach.xru288.dt                        0
xtrip.xdach.t35                       0.571981
xtrip.xdach.xru289.dt                        0
xtrip.xdach.t36                       0.573954
xtrip.xdach.xru290.dt                        0
xtrip.xdach.t37                       0.575926
xtrip.xdach.xru291.dt                        0
xtrip.xdach.t38                       0.577899
xtrip.xdach.xru292.dt                        0
xtrip.xdach.t39                       0.579871
xtrip.xdach.xru293.dt                        0
xtrip.xdach.t40                       0.581843
xtrip.xdach.xru294.dt                        0
xtrip.xdach.t41                       0.583816
xtrip.xdach.xru295.dt                        0
xtrip.xdach.t42                       0.585788
xtrip.xdach.xru296.dt                        0
xtrip.xdach.t43                       0.587761
xtrip.xdach.xru297.dt                        0
xtrip.xdach.t44                       0.589733
xtrip.xdach.xru298.dt                        0
xtrip.xdach.t45                       0.591705
xtrip.xdach.xru299.dt                        0
xtrip.xdach.t46                       0.593678
xtrip.xdach.xru300.dt                        0
xtrip.xdach.t47                        0.59565
xtrip.xdach.xru301.dt                        0
xtrip.xdach.t48                       0.597622
xtrip.xdach.xru302.dt                        0
xtrip.xdach.t49                       0.599595
xtrip.xdach.xru303.dt                        0
xtrip.xdach.t50                       0.601567
xtrip.xdach.xru304.dt                        0
xtrip.xdach.t51                        0.60354
xtrip.xdach.xru305.dt                        0
xtrip.xdach.t52                       0.605512
xtrip.xdach.xru306.dt                        0
xtrip.xdach.t53                       0.607484
xtrip.xdach.xru307.dt                        0
xtrip.xdach.t54                       0.609457
xtrip.xdach.xru308.dt                        0
xtrip.xdach.t55                       0.611429
xtrip.xdach.xru309.dt                        0
xtrip.xdach.t56                       0.613402
xtrip.xdach.xru310.dt                        0
xtrip.xdach.t57                       0.615374
xtrip.xdach.xru311.dt                        0
xtrip.xdach.t58                       0.617346
xtrip.xdach.xru312.dt                        0
xtrip.xdach.t59                       0.619319
xtrip.xdach.xru313.dt                        0
xtrip.xdach.t60                       0.621291
xtrip.xdach.xru314.dt                        0
xtrip.xdach.t61                       0.623263
xtrip.xdach.xru315.dt                        0
xtrip.xdach.t62                       0.625236
xtrip.xdach.xru316.dt                        0
xtrip.xdach.t63                       0.627208
xtrip.xdach.xru317.dt                        0
xtrip.xdach.t64                       0.629181
xtrip.xdach.xru318.dt                        0
xtrip.xdach.t65                       0.631153
xtrip.xdach.xru319.dt                        0
xtrip.xdach.t66                       0.633125
xtrip.xdach.xru320.dt                        0
xtrip.xdach.t67                       0.635098
xtrip.xdach.xru321.dt                        0
xtrip.xdach.t68                        0.63707
xtrip.xdach.xru322.dt                        0
xtrip.xdach.t69                       0.639043
xtrip.xdach.xru323.dt                        0
xtrip.xdach.t70                       0.641015
xtrip.xdach.xru324.dt                        0
xtrip.xdach.t71                       0.642987
xtrip.xdach.xru325.dt                        0
xtrip.xdach.t72                        0.64496
xtrip.xdach.xru326.dt                        0
xtrip.xdach.t73                       0.646932
xtrip.xdach.xru327.dt                        0
xtrip.xdach.t74                       0.648905
xtrip.xdach.xru328.dt                        0
xtrip.xdach.t75                       0.650877
xtrip.xdach.xru329.dt                        0
xtrip.xdach.t76                       0.652849
xtrip.xdach.xru330.dt                        0
xtrip.xdach.t77                       0.654822
xtrip.xdach.xru331.dt                        0
xtrip.xdach.t78                       0.656794
xtrip.xdach.xru332.dt                        0
xtrip.xdach.t79                       0.658767
xtrip.xdach.xru333.dt                        0
xtrip.xdach.t80                       0.660739
xtrip.xdach.xru334.dt                        0
xtrip.xdach.t81                       0.662711
xtrip.xdach.xru335.dt                        0
xtrip.xdach.t82                       0.664684
xtrip.xdach.xru336.dt                        0
xtrip.xdach.t83                       0.666656
xtrip.xdach.xru337.dt                        0
xtrip.xdach.t84                       0.668629
xtrip.xdach.xru338.dt                        0
xtrip.xdach.t85                       0.670601
xtrip.xdach.xru339.dt                        0
xtrip.xdach.t86                       0.672573
xtrip.xdach.xru340.dt                        0
xtrip.xdach.t87                       0.674546
xtrip.xdach.xru341.dt                        0
xtrip.xdach.t88                       0.676518
xtrip.xdach.xru342.dt                        0
xtrip.xdach.t89                       0.678491
xtrip.xdach.xru343.dt                        0
xtrip.xdach.t90                       0.680463
xtrip.xdach.xru344.dt                        0
xtrip.xdach.t91                       0.682435
xtrip.xdach.xru345.dt                        0
xtrip.xdach.t92                       0.684408
xtrip.xdach.xru346.dt                        0
xtrip.xdach.t93                        0.68638
xtrip.xdach.xru347.dt                        0
xtrip.xdach.t94                       0.688353
xtrip.xdach.xru348.dt                        0
xtrip.xdach.t95                       0.690325
xtrip.xdach.xru349.dt                        0
xtrip.xdach.t96                       0.692297
xtrip.xdach.xru350.dt                        0
xtrip.xdach.t97                        0.69427
xtrip.xdach.xru351.dt                        0
xtrip.xdach.t98                       0.696242
xtrip.xdach.xru352.dt                        0
xtrip.xdach.t99                       0.698215
xtrip.xdach.xru353.dt                        0
xtrip.xdach.t100                      0.700187
xtrip.xdach.xru354.dt                        0
xtrip.xdach.t101                      0.702159
xtrip.xdach.xru355.dt                        0
xtrip.xdach.t102                      0.704132
xtrip.xdach.xru356.dt                        0
xtrip.xdach.t103                      0.706104
xtrip.xdach.xru357.dt                        0
xtrip.xdach.t104                      0.708077
xtrip.xdach.xru358.dt                        0
xtrip.xdach.t105                      0.710049
xtrip.xdach.xru359.dt                        0
xtrip.xdach.t106                      0.712022
xtrip.xdach.xru360.dt                        0
xtrip.xdach.t107                      0.713994
xtrip.xdach.xru361.dt                        0
xtrip.xdach.t108                      0.715966
xtrip.xdach.xru362.dt                        0
xtrip.xdach.t109                      0.717939
xtrip.xdach.xru363.dt                        0
xtrip.xdach.t110                      0.719911
xtrip.xdach.xru364.dt                        0
xtrip.xdach.t111                      0.721884
xtrip.xdach.xru365.dt                        0
xtrip.xdach.t112                      0.723856
xtrip.xdach.xru366.dt                        0
xtrip.xdach.t113                      0.725828
xtrip.xdach.xru367.dt                        0
xtrip.xdach.t114                      0.727801
xtrip.xdach.xru368.dt                        0
xtrip.xdach.t115                      0.729773
xtrip.xdach.xru369.dt                        0
xtrip.xdach.t116                      0.731746
xtrip.xdach.xru370.dt                        0
xtrip.xdach.t117                      0.733718
xtrip.xdach.xru371.dt                        0
xtrip.xdach.t118                      0.735691
xtrip.xdach.xru372.dt                        0
xtrip.xdach.t119                      0.737663
xtrip.xdach.xru373.dt                        0
xtrip.xdach.t120                      0.739635
xtrip.xdach.xru374.dt                        0
xtrip.xdach.t121                      0.741608
xtrip.xdach.xru375.dt                        0
xtrip.xdach.t122                       0.74358
xtrip.xdach.xru376.dt                        0
xtrip.xdach.t123                      0.745553
xtrip.xdach.xru377.dt                        0
xtrip.xdach.t124                      0.747525
xtrip.xdach.xru378.dt                        0
xtrip.xdach.t125                      0.749497
xtrip.xdach.xru379.dt                        0
xtrip.xdach.t126                       0.75147
xtrip.xdach.xru380.dt                        0
xtrip.xdach.t127                      0.753442
xtrip.xdach.xru381.dt                        0
xtrip.xdach.t128                      0.755415
xtrip.xdach.xru382.dt                        0
xtrip.xdach.t129                      0.757387
xtrip.xdach.xru383.dt                        0
xtrip.xdach.t130                       0.75936
xtrip.xdach.xru384.dt                        0
xtrip.xdach.t131                      0.761332
xtrip.xdach.xru385.dt                        0
xtrip.xdach.t132                      0.763304
xtrip.xdach.xru386.dt                        0
xtrip.xdach.t133                      0.765277
xtrip.xdach.xru387.dt                        0
xtrip.xdach.t134                      0.767249
xtrip.xdach.xru388.dt                        0
xtrip.xdach.t135                      0.769222
xtrip.xdach.xru389.dt                        0
xtrip.xdach.t136                      0.771194
xtrip.xdach.xru390.dt                        0
xtrip.xdach.t137                      0.773167
xtrip.xdach.xru391.dt                        0
xtrip.xdach.t138                      0.775139
xtrip.xdach.xru392.dt                        0
xtrip.xdach.t139                      0.777111
xtrip.xdach.xru393.dt                        0
xtrip.xdach.t140                      0.779084
xtrip.xdach.xru394.dt                        0
xtrip.xdach.t141                      0.781056
xtrip.xdach.xru395.dt                        0
xtrip.xdach.t142                      0.783029
xtrip.xdach.xru396.dt                        0
xtrip.xdach.t143                      0.785001
xtrip.xdach.xru397.dt                        0
xtrip.xdach.t144                      0.786974
xtrip.xdach.xru398.dt                        0
xtrip.xdach.t145                      0.788946
xtrip.xdach.xru399.dt                        0
xtrip.xdach.t146                      0.790918
xtrip.xdach.xru400.dt                        0
xtrip.xdach.t147                      0.792891
xtrip.xdach.xru401.dt                        0
xtrip.xdach.t148                      0.794863
xtrip.xdach.xru402.dt                        0
xtrip.xdach.t149                      0.796836
xtrip.xdach.xru403.dt                        0
xtrip.xdach.t150                      0.798808
xtrip.xdach.xru404.dt                        0
xtrip.xdach.t151                      0.800781
xtrip.xdach.xru405.dt                        0
xtrip.xdach.t152                      0.802753
xtrip.xdach.xru406.dt                        0
xtrip.xdach.t153                      0.804726
xtrip.xdach.xru407.dt                        0
xtrip.xdach.t154                      0.806698
xtrip.xdach.xru408.dt                        0
xtrip.xdach.t155                       0.80867
xtrip.xdach.xru409.dt                        0
xtrip.xdach.t156                      0.810643
xtrip.xdach.xru410.dt                        0
xtrip.xdach.t157                      0.812615
xtrip.xdach.xru411.dt                        0
xtrip.xdach.t158                      0.814588
xtrip.xdach.xru412.dt                        0
xtrip.xdach.t159                       0.81656
xtrip.xdach.xru413.dt                        0
xtrip.xdach.t160                      0.818533
xtrip.xdach.xru414.dt                        0
xtrip.xdach.t161                      0.820505
xtrip.xdach.xru415.dt                        0
xtrip.xdach.t162                      0.822478
xtrip.xdach.xru416.dt                        0
xtrip.xdach.t163                       0.82445
xtrip.xdach.xru417.dt                        0
xtrip.xdach.t164                      0.826422
xtrip.xdach.xru418.dt                        0
xtrip.xdach.t165                      0.828395
xtrip.xdach.xru419.dt                        0
xtrip.xdach.t166                      0.830367
xtrip.xdach.xru420.dt                        0
xtrip.xdach.t167                       0.83234
xtrip.xdach.xru421.dt                        0
xtrip.xdach.t168                      0.834312
xtrip.xdach.xru422.dt                        0
xtrip.xdach.t169                      0.836285
xtrip.xdach.xru423.dt                        0
xtrip.xdach.t170                      0.838257
xtrip.xdach.xru424.dt                        0
xtrip.xdach.t171                       0.84023
xtrip.xdach.xru425.dt                        0
xtrip.xdach.t172                      0.842202
xtrip.xdach.xru426.dt                        0
xtrip.xdach.t173                      0.844175
xtrip.xdach.xru427.dt                        0
xtrip.xdach.t174                      0.846147
xtrip.xdach.xru428.dt                        0
xtrip.xdach.t175                      0.848119
xtrip.xdach.xru429.dt                        0
xtrip.xdach.t176                      0.850092
xtrip.xdach.xru430.dt                        0
xtrip.xdach.t177                      0.852064
xtrip.xdach.xru431.dt                        0
xtrip.xdach.t178                      0.854037
xtrip.xdach.xru432.dt                        0
xtrip.xdach.t179                      0.856009
xtrip.xdach.xru433.dt                        0
xtrip.xdach.t180                      0.857982
xtrip.xdach.xru434.dt                        0
xtrip.xdach.t181                      0.859954
xtrip.xdach.xru435.dt                        0
xtrip.xdach.t182                      0.861927
xtrip.xdach.xru436.dt                        0
xtrip.xdach.t183                      0.863899
xtrip.xdach.xru437.dt                        0
xtrip.xdach.t184                      0.865872
xtrip.xdach.xru438.dt                        0
xtrip.xdach.t185                      0.867844
xtrip.xdach.xru439.dt                        0
xtrip.xdach.t186                      0.869816
xtrip.xdach.xru440.dt                        0
xtrip.xdach.t187                      0.871789
xtrip.xdach.xru441.dt                        0
xtrip.xdach.t188                      0.873761
xtrip.xdach.xru442.dt                        0
xtrip.xdach.t189                      0.875734
xtrip.xdach.xru443.dt                        0
xtrip.xdach.t190                      0.877706
xtrip.xdach.xru444.dt                        0
xtrip.xdach.t191                      0.879679
xtrip.xdach.xru445.dt                        0
xtrip.xdach.t192                      0.881651
xtrip.xdach.xru446.dt                        0
xtrip.xdach.t193                      0.883624
xtrip.xdach.xru447.dt                        0
xtrip.xdach.t194                      0.885596
xtrip.xdach.xru448.dt                        0
xtrip.xdach.t195                      0.887569
xtrip.xdach.xru449.dt                        0
xtrip.xdach.t196                      0.889541
xtrip.xdach.xru450.dt                        0
xtrip.xdach.t197                      0.891514
xtrip.xdach.xru451.dt                        0
xtrip.xdach.t198                      0.893486
xtrip.xdach.xru452.dt                        0
xtrip.xdach.t199                      0.895459
xtrip.xdach.xru453.dt                        0
xtrip.xdach.t200                      0.897431
xtrip.xdach.xru454.dt                        0
xtrip.xdach.t201                      0.899403
xtrip.xdach.xru455.dt                        0
xtrip.xdach.t202                      0.901376
xtrip.xdach.xru456.dt                        0
xtrip.xdach.t203                      0.903348
xtrip.xdach.xru457.dt                        0
xtrip.xdach.t204                      0.905321
xtrip.xdach.xru458.dt                        0
xtrip.xdach.t205                      0.907293
xtrip.xdach.xru459.dt                        0
xtrip.xdach.t206                      0.909266
xtrip.xdach.xru460.dt                        0
xtrip.xdach.t207                      0.911238
xtrip.xdach.xru461.dt                        0
xtrip.xdach.t208                      0.913211
xtrip.xdach.xru462.dt                        0
xtrip.xdach.t209                      0.915183
xtrip.xdach.xru463.dt                        0
xtrip.xdach.t210                      0.917156
xtrip.xdach.xru464.dt                        0
xtrip.xdach.t211                      0.919128
xtrip.xdach.xru465.dt                        0
xtrip.xdach.t212                      0.921101
xtrip.xdach.xru466.dt                        0
xtrip.xdach.t213                      0.923073
xtrip.xdach.xru467.dt                        0
xtrip.xdach.t214                      0.925046
xtrip.xdach.xru468.dt                        0
xtrip.xdach.t215                      0.927018
xtrip.xdach.xru469.dt                        0
xtrip.xdach.t216                      0.928991
xtrip.xdach.xru470.dt                        0
xtrip.xdach.t217                      0.930963
xtrip.xdach.xru471.dt                        0
xtrip.xdach.t218                      0.932936
xtrip.xdach.xru472.dt                        0
xtrip.xdach.t219                      0.934908
xtrip.xdach.xru473.dt                        0
xtrip.xdach.t220                      0.936881
xtrip.xdach.xru474.dt                        0
xtrip.xdach.t221                      0.938853
xtrip.xdach.xru475.dt                        0
xtrip.xdach.t222                      0.940826
xtrip.xdach.xru476.dt                        0
xtrip.xdach.t223                      0.942798
xtrip.xdach.xru477.dt                        0
xtrip.xdach.t224                      0.944771
xtrip.xdach.xru478.dt                        0
xtrip.xdach.t225                      0.946743
xtrip.xdach.xru479.dt                        0
xtrip.xdach.t226                      0.948715
xtrip.xdach.xru480.dt                        0
xtrip.xdach.t227                      0.950688
xtrip.xdach.xru481.dt                        0
xtrip.xdach.t228                       0.95266
xtrip.xdach.xru482.dt                        0
xtrip.xdach.t229                      0.954633
xtrip.xdach.xru483.dt                        0
xtrip.xdach.t230                      0.956605
xtrip.xdach.xru484.dt                        0
xtrip.xdach.t231                      0.958578
xtrip.xdach.xru485.dt                        0
xtrip.xdach.t232                       0.96055
xtrip.xdach.xru486.dt                        0
xtrip.xdach.t233                      0.962523
xtrip.xdach.xru487.dt                        0
xtrip.xdach.t234                      0.964495
xtrip.xdach.xru488.dt                        0
xtrip.xdach.t235                      0.966468
xtrip.xdach.xru489.dt                        0
xtrip.xdach.t236                       0.96844
xtrip.xdach.xru490.dt                        0
xtrip.xdach.t237                      0.970413
xtrip.xdach.xru491.dt                        0
xtrip.xdach.t238                      0.972385
xtrip.xdach.xru492.dt                        0
xtrip.xdach.t239                      0.974358
xtrip.xdach.xru493.dt                        0
xtrip.xdach.t240                       0.97633
xtrip.xdach.xru494.dt                        0
xtrip.xdach.t241                      0.978303
xtrip.xdach.xru495.dt                        0
xtrip.xdach.t242                      0.980275
xtrip.xdach.xru496.dt                        0
xtrip.xdach.t243                      0.982248
xtrip.xdach.xru497.dt                        0
xtrip.xdach.t244                       0.98422
xtrip.xdach.xru498.dt                        0
xtrip.xdach.t245                      0.986193
xtrip.xdach.xru499.dt                        0
xtrip.xdach.t246                      0.988165
xtrip.xdach.xru500.dt                        0
xtrip.xdach.t247                      0.990138
xtrip.xdach.xru501.dt                        0
xtrip.xdach.t248                       0.99211
xtrip.xdach.xru502.dt                        0
xtrip.xdach.t249                      0.994083
xtrip.xdach.xru503.dt                        0
xtrip.xdach.t250                      0.996055
xtrip.xdach.xru504.dt                        0
xtrip.xdach.t251                      0.998028
xtrip.xdach.xru505.dt                        0
xtrip.xdach.t252                             1
xtrip.xdach.xru506.dt                        0
xtrip.xdach.t253                       1.00197
xtrip.xdach.xru507.dt                        0
xtrip.xdach.t254                       1.00395
xtrip.xdach.xru508.dt                        0
xtrip.xdach.t255                       1.00592
xtrip.xdach.xru509.dt                        0
xtrip.xdach.s510                       1.00789
xtrip.xdach.xru510.dt                        0
xtrip.xdach.s511                       1.00986
xtrip.xdach.xru511.dt                        0
xtrip.xdach.s512                       1.01184
xtrip.xdach.xru512.dt                        0
xtrip.xdach.s513                       1.01381
xtrip.xdach.xru513.dt                        0
xtrip.xdach.s514                       1.01578
xtrip.xdach.xru514.dt                        0
xtrip.xdach.s515                       1.01775
xtrip.xdach.xru515.dt                        0
xtrip.xdach.s516                       1.01973
xtrip.xdach.xru516.dt                        0
xtrip.xdach.s517                        1.0217
xtrip.xdach.xru517.dt                        0
xtrip.xdach.s518                       1.02367
xtrip.xdach.xru518.dt                        0
xtrip.xdach.s519                       1.02564
xtrip.xdach.xru519.dt                        0
xtrip.xdach.s520                       1.02762
xtrip.xdach.xru520.dt                        0
xtrip.xdach.s521                       1.02959
xtrip.xdach.xru521.dt                        0
xtrip.xdach.s522                       1.03156
xtrip.xdach.xru522.dt                        0
xtrip.xdach.s523                       1.03353
xtrip.xdach.xru523.dt                        0
xtrip.xdach.s524                       1.03551
xtrip.xdach.xru524.dt                        0
xtrip.xdach.s525                       1.03748
xtrip.xdach.xru525.dt                        0
xtrip.xdach.s526                       1.03945
xtrip.xdach.xru526.dt                        0
xtrip.xdach.s527                       1.04142
xtrip.xdach.xru527.dt                        0
xtrip.xdach.s528                        1.0434
xtrip.xdach.xru528.dt                        0
xtrip.xdach.xru529.dt                        0
xtrip.xdach.xlu0.ab                    1.19986
hard0                                        0
xtrip.xdach.xlu0.nb                     3.2993
xtrip.xdach.xlu0.n                 7.88533e-09
xtrip.xdach.dh0                    3.21785e-09
xtrip.xdach.dhn0                        3.2993
xtrip.xdach.xlu1.ab                    1.19986
hard1                                        0
xtrip.xdach.xlu1.nb                     3.2993
xtrip.xdach.xlu1.n                 7.88533e-09
xtrip.xdach.dh1                    3.21785e-09
xtrip.xdach.dhn1                        3.2993
xtrip.xdach.xlu2.ab                    1.19986
hard2                                        0
xtrip.xdach.xlu2.nb                     3.2993
xtrip.xdach.xlu2.n                 7.88533e-09
xtrip.xdach.dh2                    3.21785e-09
xtrip.xdach.dhn2                        3.2993
xtrip.xdach.xlu3.ab                    1.19986
hard3                                        0
xtrip.xdach.xlu3.nb                     3.2993
xtrip.xdach.xlu3.n                 7.88533e-09
xtrip.xdach.dh3                    3.21785e-09
xtrip.xdach.dhn3                        3.2993
xtrip.xdach.xlu4.ab                    1.19986
hard4                                        0
xtrip.xdach.xlu4.nb                     3.2993
xtrip.xdach.xlu4.n                 7.88533e-09
xtrip.xdach.dh4                    3.21785e-09
xtrip.xdach.dhn4                        3.2993
xtrip.xdach.xlu5.ab                    1.19986
hard5                                        0
xtrip.xdach.xlu5.nb                     3.2993
xtrip.xdach.xlu5.n                 7.88533e-09
xtrip.xdach.dh5                    3.21785e-09
xtrip.xdach.dhn5                        3.2993
xtrip.xdach.xlu6.ab                    1.19986
hard6                                        0
xtrip.xdach.xlu6.nb                     3.2993
xtrip.xdach.xlu6.n                 7.88533e-09
xtrip.xdach.dh6                    3.21785e-09
xtrip.xdach.dhn6                        3.2993
xtrip.xdach.xlu7.ab                    1.19986
hard7                                        0
xtrip.xdach.xlu7.nb                     3.2993
xtrip.xdach.xlu7.n                 7.88533e-09
xtrip.xdach.dh7                    3.21785e-09
xtrip.xdach.dhn7                        3.2993
xtrip.xdach.m0_0                      0.502948
xtrip.xdach.m0_1                      0.506893
xtrip.xdach.m0_2                      0.510838
xtrip.xdach.m0_3                      0.514783
xtrip.xdach.m0_4                      0.518727
xtrip.xdach.m0_5                      0.522672
xtrip.xdach.m0_6                      0.526617
xtrip.xdach.m0_7                      0.530562
xtrip.xdach.m0_8                      0.534506
xtrip.xdach.m0_9                      0.538451
xtrip.xdach.m0_10                     0.542396
xtrip.xdach.m0_11                     0.546341
xtrip.xdach.m0_12                     0.550285
xtrip.xdach.m0_13                      0.55423
xtrip.xdach.m0_14                     0.558175
xtrip.xdach.m0_15                      0.56212
xtrip.xdach.m0_16                     0.566064
xtrip.xdach.m0_17                     0.570009
xtrip.xdach.m0_18                     0.573954
xtrip.xdach.m0_19                     0.577899
xtrip.xdach.m0_20                     0.581843
xtrip.xdach.m0_21                     0.585788
xtrip.xdach.m0_22                     0.589733
xtrip.xdach.m0_23                     0.593678
xtrip.xdach.m0_24                     0.597622
xtrip.xdach.m0_25                     0.601567
xtrip.xdach.m0_26                     0.605512
xtrip.xdach.m0_27                     0.609457
xtrip.xdach.m0_28                     0.613402
xtrip.xdach.m0_29                     0.617346
xtrip.xdach.m0_30                     0.621291
xtrip.xdach.m0_31                     0.625236
xtrip.xdach.m0_32                     0.629181
xtrip.xdach.m0_33                     0.633125
xtrip.xdach.m0_34                      0.63707
xtrip.xdach.m0_35                     0.641015
xtrip.xdach.m0_36                      0.64496
xtrip.xdach.m0_37                     0.648905
xtrip.xdach.m0_38                     0.652849
xtrip.xdach.m0_39                     0.656794
xtrip.xdach.m0_40                     0.660739
xtrip.xdach.m0_41                     0.664684
xtrip.xdach.m0_42                     0.668629
xtrip.xdach.m0_43                     0.672573
xtrip.xdach.m0_44                     0.676518
xtrip.xdach.m0_45                     0.680463
xtrip.xdach.m0_46                     0.684408
xtrip.xdach.m0_47                     0.688353
xtrip.xdach.m0_48                     0.692297
xtrip.xdach.m0_49                     0.696242
xtrip.xdach.m0_50                     0.700187
xtrip.xdach.m0_51                     0.704132
xtrip.xdach.m0_52                     0.708077
xtrip.xdach.m0_53                     0.712022
xtrip.xdach.m0_54                     0.715966
xtrip.xdach.m0_55                     0.719911
xtrip.xdach.m0_56                     0.723856
xtrip.xdach.m0_57                     0.727801
xtrip.xdach.m0_58                     0.731746
xtrip.xdach.m0_59                     0.735691
xtrip.xdach.m0_60                     0.739635
xtrip.xdach.m0_61                      0.74358
xtrip.xdach.m0_62                     0.747525
xtrip.xdach.m0_63                      0.75147
xtrip.xdach.m0_64                     0.755415
xtrip.xdach.m0_65                      0.75936
xtrip.xdach.m0_66                     0.763304
xtrip.xdach.m0_67                     0.767249
xtrip.xdach.m0_68                     0.771194
xtrip.xdach.m0_69                     0.775139
xtrip.xdach.m0_70                     0.779084
xtrip.xdach.m0_71                     0.783029
xtrip.xdach.m0_72                     0.786974
xtrip.xdach.m0_73                     0.790918
xtrip.xdach.m0_74                     0.794863
xtrip.xdach.m0_75                     0.798808
xtrip.xdach.m0_76                     0.802753
xtrip.xdach.m0_77                     0.806698
xtrip.xdach.m0_78                     0.810643
xtrip.xdach.m0_79                     0.814588
xtrip.xdach.m0_80                     0.818533
xtrip.xdach.m0_81                     0.822478
xtrip.xdach.m0_82                     0.826422
xtrip.xdach.m0_83                     0.830367
xtrip.xdach.m0_84                     0.834312
xtrip.xdach.m0_85                     0.838257
xtrip.xdach.m0_86                     0.842202
xtrip.xdach.m0_87                     0.846147
xtrip.xdach.m0_88                     0.850092
xtrip.xdach.m0_89                     0.854037
xtrip.xdach.m0_90                     0.857982
xtrip.xdach.m0_91                     0.861927
xtrip.xdach.m0_92                     0.865872
xtrip.xdach.m0_93                     0.869816
xtrip.xdach.m0_94                     0.873761
xtrip.xdach.m0_95                     0.877706
xtrip.xdach.m0_96                     0.881651
xtrip.xdach.m0_97                     0.885596
xtrip.xdach.m0_98                     0.889541
xtrip.xdach.m0_99                     0.893486
xtrip.xdach.m0_100                    0.897431
xtrip.xdach.m0_101                    0.901376
xtrip.xdach.m0_102                    0.905321
xtrip.xdach.m0_103                    0.909266
xtrip.xdach.m0_104                    0.913211
xtrip.xdach.m0_105                    0.917156
xtrip.xdach.m0_106                    0.921101
xtrip.xdach.m0_107                    0.925046
xtrip.xdach.m0_108                    0.928991
xtrip.xdach.m0_109                    0.932936
xtrip.xdach.m0_110                    0.936881
xtrip.xdach.m0_111                    0.940826
xtrip.xdach.m0_112                     0.94477
xtrip.xdach.m0_113                    0.948715
xtrip.xdach.m0_114                     0.95266
xtrip.xdach.m0_115                    0.956605
xtrip.xdach.m0_116                     0.96055
xtrip.xdach.m0_117                    0.964495
xtrip.xdach.m0_118                     0.96844
xtrip.xdach.m0_119                    0.972385
xtrip.xdach.m0_120                     0.97633
xtrip.xdach.m0_121                    0.980275
xtrip.xdach.m0_122                     0.98422
xtrip.xdach.m0_123                    0.988165
xtrip.xdach.m0_124                     0.99211
xtrip.xdach.m0_125                    0.996055
xtrip.xdach.m0_126                           1
xtrip.xdach.m0_127                     1.00395
xtrip.xdach.m1_0                      0.502948
xtrip.xdach.m1_1                      0.510838
xtrip.xdach.m1_2                      0.518727
xtrip.xdach.m1_3                      0.526617
xtrip.xdach.m1_4                      0.534506
xtrip.xdach.m1_5                      0.542396
xtrip.xdach.m1_6                      0.550285
xtrip.xdach.m1_7                      0.558175
xtrip.xdach.m1_8                      0.566064
xtrip.xdach.m1_9                      0.573954
xtrip.xdach.m1_10                     0.581843
xtrip.xdach.m1_11                     0.589733
xtrip.xdach.m1_12                     0.597622
xtrip.xdach.m1_13                     0.605512
xtrip.xdach.m1_14                     0.613401
xtrip.xdach.m1_15                     0.621291
xtrip.xdach.m1_16                     0.629181
xtrip.xdach.m1_17                      0.63707
xtrip.xdach.m1_18                      0.64496
xtrip.xdach.m1_19                     0.652849
xtrip.xdach.m1_20                     0.660739
xtrip.xdach.m1_21                     0.668629
xtrip.xdach.m1_22                     0.676518
xtrip.xdach.m1_23                     0.684408
xtrip.xdach.m1_24                     0.692297
xtrip.xdach.m1_25                     0.700187
xtrip.xdach.m1_26                     0.708077
xtrip.xdach.m1_27                     0.715966
xtrip.xdach.m1_28                     0.723856
xtrip.xdach.m1_29                     0.731746
xtrip.xdach.m1_30                     0.739635
xtrip.xdach.m1_31                     0.747525
xtrip.xdach.m1_32                     0.755415
xtrip.xdach.m1_33                     0.763304
xtrip.xdach.m1_34                     0.771194
xtrip.xdach.m1_35                     0.779084
xtrip.xdach.m1_36                     0.786974
xtrip.xdach.m1_37                     0.794863
xtrip.xdach.m1_38                     0.802753
xtrip.xdach.m1_39                     0.810643
xtrip.xdach.m1_40                     0.818533
xtrip.xdach.m1_41                     0.826422
xtrip.xdach.m1_42                     0.834312
xtrip.xdach.m1_43                     0.842202
xtrip.xdach.m1_44                     0.850092
xtrip.xdach.m1_45                     0.857982
xtrip.xdach.m1_46                     0.865872
xtrip.xdach.m1_47                     0.873761
xtrip.xdach.m1_48                     0.881651
xtrip.xdach.m1_49                     0.889541
xtrip.xdach.m1_50                     0.897431
xtrip.xdach.m1_51                     0.905321
xtrip.xdach.m1_52                     0.913211
xtrip.xdach.m1_53                     0.921101
xtrip.xdach.m1_54                     0.928991
xtrip.xdach.m1_55                     0.936881
xtrip.xdach.m1_56                      0.94477
xtrip.xdach.m1_57                      0.95266
xtrip.xdach.m1_58                      0.96055
xtrip.xdach.m1_59                      0.96844
xtrip.xdach.m1_60                      0.97633
xtrip.xdach.m1_61                      0.98422
xtrip.xdach.m1_62                      0.99211
xtrip.xdach.m1_63                            1
xtrip.xdach.m2_0                      0.502948
xtrip.xdach.m2_1                      0.518727
xtrip.xdach.m2_2                      0.534506
xtrip.xdach.m2_3                      0.550285
xtrip.xdach.m2_4                      0.566064
xtrip.xdach.m2_5                      0.581843
xtrip.xdach.m2_6                      0.597622
xtrip.xdach.m2_7                      0.613401
xtrip.xdach.m2_8                      0.629181
xtrip.xdach.m2_9                       0.64496
xtrip.xdach.m2_10                     0.660739
xtrip.xdach.m2_11                     0.676518
xtrip.xdach.m2_12                     0.692297
xtrip.xdach.m2_13                     0.708077
xtrip.xdach.m2_14                     0.723856
xtrip.xdach.m2_15                     0.739635
xtrip.xdach.m2_16                     0.755415
xtrip.xdach.m2_17                     0.771194
xtrip.xdach.m2_18                     0.786974
xtrip.xdach.m2_19                     0.802753
xtrip.xdach.m2_20                     0.818533
xtrip.xdach.m2_21                     0.834312
xtrip.xdach.m2_22                     0.850092
xtrip.xdach.m2_23                     0.865872
xtrip.xdach.m2_24                     0.881651
xtrip.xdach.m2_25                     0.897431
xtrip.xdach.m2_26                     0.913211
xtrip.xdach.m2_27                     0.928991
xtrip.xdach.m2_28                      0.94477
xtrip.xdach.m2_29                      0.96055
xtrip.xdach.m2_30                      0.97633
xtrip.xdach.m2_31                      0.99211
xtrip.xdach.m3_0                      0.502948
xtrip.xdach.m3_1                      0.534506
xtrip.xdach.m3_2                      0.566064
xtrip.xdach.m3_3                      0.597622
xtrip.xdach.m3_4                      0.629181
xtrip.xdach.m3_5                      0.660739
xtrip.xdach.m3_6                      0.692297
xtrip.xdach.m3_7                      0.723856
xtrip.xdach.m3_8                      0.755415
xtrip.xdach.m3_9                      0.786974
xtrip.xdach.m3_10                     0.818533
xtrip.xdach.m3_11                     0.850092
xtrip.xdach.m3_12                     0.881651
xtrip.xdach.m3_13                     0.913211
xtrip.xdach.m3_14                      0.94477
xtrip.xdach.m3_15                      0.97633
xtrip.xdach.m4_0                      0.502948
xtrip.xdach.m4_1                      0.566064
xtrip.xdach.m4_2                      0.629181
xtrip.xdach.m4_3                      0.692297
xtrip.xdach.m4_4                      0.755415
xtrip.xdach.m4_5                      0.818533
xtrip.xdach.m4_6                      0.881651
xtrip.xdach.m4_7                       0.94477
xtrip.xdach.m5_0                      0.502948
xtrip.xdach.m5_1                      0.629181
xtrip.xdach.m5_2                      0.755415
xtrip.xdach.m5_3                      0.881651
xtrip.xdach.m6_0                      0.502948
xtrip.xdach.m6_1                      0.755415
xtrip.vth_hard                        0.502948
xtrip.xchs.1                          0.502949
xtrip.xchh.1                          0.502948
xtrip.cmp_clk_n                        1.19985
cmp_clk                                      0
xtrip.xcs.tail                        0.539966
xtrip.xcs.xp                           1.19986
xtrip.xcs.xq                           1.19986
xtrip.xcs.xn                           1.19986
xtrip.xcs.yn                           1.19986
xtrip.xcs.xnb                      2.88789e-08
xtrip.xcs.ynb                      2.88789e-08
xtrip.xcs.na                           1.18178
xtrip.cmp_soft_n                      0.616882
cmp_soft                              0.616882
xtrip.xcs.nb                           1.18178
xtrip.xch.tail                      0.00587309
xtrip.xch.xp                         0.0423206
xtrip.xch.xq                         0.0425324
xtrip.xch.xn                          0.513695
xtrip.xch.yn                          0.513531
xtrip.xch.xnb                         0.324354
xtrip.xch.ynb                          0.32664
xtrip.xch.na                           1.19959
xtrip.cmp_hard_n                       1.19942
cmp_hard                           1.26595e-07
xtrip.xch.nb                           1.19986
vdd_osc                                1.19986
osc_i                                        0
osc_clk                                      0
vdda_gate                               3.2993
vdd_gate                               1.19986
xgate.fast_n                           1.19986
fast_en                                      0
xgate.xna.m                          0.0507938
xgate.fast                         9.23803e-08
xgate.xu0.ab                           1.19986
xgate.xu0.nb                            3.2993
xgate.xu0.n                        7.88533e-09
xgate.fast_h                       3.21785e-09
xgate.xu1.ab                           1.19986
trip_d                                       0
xgate.xu1.nb                            3.2993
xgate.xu1.n                        7.88533e-09
xgate.trip_h                       3.21785e-09
xgate.xu2.ab                           1.19986
clr_d                                        0
xgate.xu2.nb                            3.2993
xgate.xu2.n                        7.88533e-09
xgate.clr_h                        3.21785e-09
xgate.xu3.ab                           1.19986
xgate.xu3.nb                            3.2993
xgate.xu3.n                        7.88533e-09
xgate.en_h                         3.21785e-09
xgate.xn1.m                             3.2993
xgate.set_n                             3.2993
xgate.set                          3.21785e-09
xgate.en_hn                             3.2993
xgate.xn2.m                            0.95002
xgate.rst_n                        5.72303e-09
xgate.rst                               3.2993
xgate.xl1.m                            2.30945
xgate.q                            1.78607e-09
xgate.qb                                3.2993
xgate.xl2.m                             3.2993
xgate.xg.m                             0.95002
xgate.gate_h                       5.72303e-09
xgate.gate_hn                           3.2993
xgate.xd1.yb                           1.19986
xgate.xd2.yb                       4.58316e-08
xgate.xd3.yb                           1.19986
tripped                            4.58316e-08
trim3                                        0
trim2                                        0
trim1                                        0
trim0                                        0
dig_trip                                     0
dig_gate_en                                  0
cause1                                       0
cause0                                       0
sdo                                          0
sp15                                         0
sp14                                         0
sp13                                         0
sp12                                         0
sp11                                         0
sp10                                         0
sp9                                          0
sp8                                          0
sp7                                          0
sp6                                          0
sp5                                          0
sp4                                          0
sp3                                          0
sp2                                          0
sp1                                          0
sp0                                          0
inrush_active                                0
soft_armed                                   0
bosc_clk#branch                              0
bosc#branch                                  0
bfault_drv#branch                     -6.6e-12
bgate_drv#branch                  -3.73741e-22
bsdi_core#branch                             0
bsclk_core#branch                            0
ben_core#branch                    3.42157e-11
vm_gated#branch                    6.52647e-10
vm_gatea#branch                    5.62972e-10
vosc_i#branch                                0
vm_osc#branch                      2.39971e-12
vm_tripd#branch                    0.000289181
vm_tripa#branch                    3.03065e-09
vm_sense#branch                     0.00108882
vm_bgr#branch                      0.000319704
vr4#branch                                   0
vsdi#branch                                  0
vsclk#branch                                 0
ven#branch                                   0
vim#branch                         2.06115e-09
vprof#branch                            -1e-12
v12#branch                        -0.000289181
vmi#branch                         3.50066e-10
vma#branch                          0.00140853
v33#branch                         -0.00140853
vsub#branch                        2.49312e-10
adac#branch_1_0                    3.23337e-10
adac#branch_1_1                    1.63107e-11
adac#branch_1_2                    1.63107e-11
adac#branch_1_3                    1.63107e-11
adac#branch_1_4                    1.63107e-11
adac#branch_1_5                    1.63107e-11
adac#branch_1_6                    1.63107e-11
adac#branch_1_7                    1.63107e-11
adac#branch_1_8                    1.63107e-11
adac#branch_1_9                    1.63107e-11
adac#branch_1_10                   1.63107e-11
adac#branch_1_11                   1.63107e-11
adac#branch_1_12                   1.63107e-11
adac#branch_1_13                   1.63107e-11
adac#branch_1_14                   1.63107e-11
adac#branch_1_15                   1.63107e-11
adac#branch_1_16                   1.63107e-11
adac#branch_1_17                   3.42157e-11
adac#branch_1_18                   3.42157e-11
adac#branch_1_19                   3.31184e-11
adac#branch_1_20                             0
adac#branch_1_21                             0
adac#branch_1_22                             0
adac#branch_1_23                             0
adac#branch_1_24                             0
adac#branch_1_25                             0
adac#branch_1_26                             0
adac#branch_1_27                             0
adac#branch_1_28                             0
adac#branch_1_29                             0
adac#branch_1_30                             0
adac#branch_1_31                             0
adac#branch_1_32                             0
adac#branch_1_33                             0
adac#branch_1_34                             0
adac#branch_1_35                             0
adac#branch_1_36                             0
adac#branch_1_37                             0
adac#branch_1_38                             0
adac#branch_1_39                             0
adac#branch_1_40                             0
adac#branch_1_41                             0
adac#branch_1_42                             0
adac#branch_1_43                             0
adac#branch_1_44                             0
adac#branch_1_45                             0
adac#branch_1_46                             0
adac#branch_1_47                             0

 Reference value :  0.00000e+00 Reference value :  2.00000e-10 Reference value :  1.02412e-09 Reference value :  1.16294e-09 Reference value :  1.27926e-09 Reference value :  1.42552e-09 Reference value :  1.56122e-09 Reference value :  1.62842e-09 Reference value :  1.73828e-09 Reference value :  1.81475e-09 Reference value :  1.85286e-09 Reference value :  1.88159e-09 Reference value :  1.91514e-09 Reference value :  1.98069e-09 Reference value :  2.06929e-09 Reference value :  2.18968e-09 Reference value :  2.32088e-09 Reference value :  2.50268e-09 Reference value :  2.95534e-09 Reference value :  3.38343e-09 Reference value :  4.21015e-09 Reference value :  5.87238e-09 Reference value :  1.12327e-08 Reference value :  2.36456e-08 Reference value :  4.43975e-08 Reference value :  8.43975e-08 Reference value :  1.01000e-07 Reference value :  1.14890e-07 Reference value :  1.21222e-07 Reference value :  1.23573e-07 Reference value :  1.25986e-07 Reference value :  1.30380e-07 Reference value :  1.50263e-07 Reference value :  1.53685e-07 Reference value :  1.54003e-07 Reference value :  1.58083e-07 Reference value :  1.92179e-07 Reference value :  2.06038e-07 Reference value :  2.06992e-07 Reference value :  2.15672e-07 Reference value :  2.54817e-07 Reference value :  2.59962e-07 Reference value :  2.60110e-07 Reference value :  2.79481e-07 Reference value :  3.11950e-07 Reference value :  3.12434e-07 Reference value :  3.13034e-07 Reference value :  3.24082e-07 Reference value :  3.62010e-07 Reference value :  3.65649e-07 Reference value :  3.65969e-07 Reference value :  3.67985e-07 Reference value :  3.99129e-07 Reference value :  4.17952e-07 Reference value :  4.18925e-07 Reference value :  4.21086e-07 Reference value :  4.57622e-07 Reference value :  4.71507e-07 Reference value :  4.71930e-07 Reference value :  4.74291e-07 Reference value :  5.11431e-07 Reference value :  5.23954e-07 Reference value :  5.24900e-07 Reference value :  5.26424e-07 Reference value :  5.61032e-07 Reference value :  5.77311e-07 Reference value :  5.77895e-07 Reference value :  5.79935e-07 Reference value :  6.16079e-07 Reference value :  6.29938e-07 Reference value :  6.30892e-07 Reference value :  6.39572e-07 Reference value :  6.78717e-07 Reference value :  6.83862e-07 Reference value :  6.83936e-07 Reference value :  6.93381e-07 Reference value :  7.28381e-07 Reference value :  7.35875e-07 Reference value :  7.36850e-07 Reference value :  7.39286e-07 Reference value :  7.76651e-07 Reference value :  7.89355e-07 Reference value :  7.89848e-07 Reference value :  7.92967e-07 Reference value :  8.26097e-07 Reference value :  8.41843e-07 Reference value :  8.42512e-07 Reference value :  8.43197e-07 Reference value :  8.63957e-07 Reference value :  8.94813e-07 Reference value :  8.95812e-07 Reference value :  8.95940e-07 Reference value :  9.09004e-07 Reference value :  9.43402e-07 Reference value :  9.48079e-07 Reference value :  9.48851e-07 Reference value :  9.57497e-07 Reference value :  9.96642e-07 Reference value :  1.00179e-06 Reference value :  1.00194e-06 Reference value :  1.02131e-06 Reference value :  1.05378e-06 Reference value :  1.05452e-06 Reference value :  1.05515e-06 Reference value :  1.08091e-06 Reference value :  1.10682e-06 Reference value :  1.10776e-06 Reference value :  1.10827e-06 Reference value :  1.13595e-06 Reference value :  1.15976e-06 Reference value :  1.16075e-06 Reference value :  1.16291e-06 Reference value :  1.19945e-06 Reference value :  1.21333e-06 Reference value :  1.21375e-06 Reference value :  1.21612e-06 Reference value :  1.24826e-06 Reference value :  1.26575e-06 Reference value :  1.26672e-06 Reference value :  1.26825e-06 Reference value :  1.30286e-06 Reference value :  1.31914e-06 Reference value :  1.31972e-06 Reference value :  1.32074e-06 Reference value :  1.34790e-06 Reference value :  1.37171e-06 Reference value :  1.37270e-06 Reference value :  1.37377e-06 Reference value :  1.40640e-06 Reference value :  1.42528e-06 Reference value :  1.42570e-06 Reference value :  1.42807e-06 Reference value :  1.46521e-06 Reference value :  1.47773e-06 Reference value :  1.47867e-06 Reference value :  1.48020e-06 Reference value :  1.51481e-06 Reference value :  1.53084e-06 Reference value :  1.53166e-06 Reference value :  1.53217e-06 Reference value :  1.55985e-06 Reference value :  1.58366e-06 Reference value :  1.58465e-06 Reference value :  1.58645e-06 Reference value :  1.62190e-06 Reference value :  1.63729e-06 Reference value :  1.63765e-06 Reference value :  1.64173e-06 Reference value :  1.68083e-06 Reference value :  1.68976e-06 Reference value :  1.69064e-06 Reference value :  1.69932e-06 Reference value :  1.73847e-06 Reference value :  1.74361e-06 Reference value :  1.74376e-06 Reference value :  1.76313e-06 Reference value :  1.79561e-06 Reference value :  1.79634e-06 Reference value :  1.79697e-06 Reference value :  1.81773e-06 Reference value :  1.84566e-06 Reference value :  1.84930e-06 Reference value :  1.84960e-06 Reference value :  1.85163e-06 Reference value :  1.88278e-06 Reference value :  1.90160e-06 Reference value :  1.90258e-06 Reference value :  1.90365e-06 Reference value :  1.93627e-06 Reference value :  1.95482e-06 Reference value :  1.95557e-06 Reference value :  1.95675e-06 Reference value :  1.99008e-06 Reference value :  2.00757e-06 Reference value :  2.00855e-06 Reference value :  2.00931e-06 Reference value :  2.03468e-06 Reference value :  2.06060e-06 Reference value :  2.06154e-06 Reference value :  2.06205e-06 Reference value :  2.08973e-06 Reference value :  2.11353e-06 Reference value :  2.11452e-06 Reference value :  2.11560e-06 Reference value :  2.14322e-06 Reference value :  2.16677e-06 Reference value :  2.16752e-06 Reference value :  2.16870e-06 Reference value :  2.19703e-06 Reference value :  2.21951e-06 Reference value :  2.22024e-06 Reference value :  2.22087e-06 Reference value :  2.24163e-06 Reference value :  2.27249e-06 Reference value :  2.27349e-06 Reference value :  2.27355e-06 Reference value :  2.27758e-06 Reference value :  2.31168e-06 Reference value :  2.32548e-06 Reference value :  2.32609e-06 Reference value :  2.32669e-06 Reference value :  2.34872e-06 Reference value :  2.37876e-06 Reference value :  2.37947e-06 Reference value :  2.38049e-06 Reference value :  2.40765e-06 Reference value :  2.43146e-06 Reference value :  2.43245e-06 Reference value :  2.43352e-06 Reference value :  2.46615e-06 Reference value :  2.48503e-06 Reference value :  2.48545e-06 Reference value :  2.48782e-06 Reference value :  2.52496e-06 Reference value :  2.53748e-06 Reference value :  2.53842e-06 Reference value :  2.53995e-06 Reference value :  2.57456e-06 Reference value :  2.59059e-06 Reference value :  2.59141e-06 Reference value :  2.59192e-06 Reference value :  2.61460e-06 Reference value :  2.64341e-06 Reference value :  2.64402e-06 Reference value :  2.64484e-06 Reference value :  2.67165e-06 Reference value :  2.69669e-06 Reference value :  2.69739e-06 Reference value :  2.69764e-06 Reference value :  2.71558e-06 Reference value :  2.74938e-06 Reference value :  2.75037e-06 Reference value :  2.75145e-06 Reference value :  2.78407e-06 Reference value :  2.80296e-06 Reference value :  2.80338e-06 Reference value :  2.80812e-06 Reference value :  2.84788e-06 Reference value :  2.85547e-06 Reference value :  2.85636e-06 Reference value :  2.86248e-06 Reference value :  2.89748e-06 Reference value :  2.90876e-06 Reference value :  2.90934e-06 Reference value :  2.90985e-06 Reference value :  2.93253e-06 Reference value :  2.96133e-06 Reference value :  2.96232e-06 Reference value :  2.96449e-06 Reference value :  3.00102e-06 Reference value :  3.01431e-06 Reference value :  3.01433e-06 Reference value :  3.01493e-06 Reference value :  3.01531e-06 Reference value :  3.01533e-06 Reference value :  3.01543e-06 Reference value :  3.01557e-06 Reference value :  3.01579e-06 Reference value :  3.01631e-06 Reference value :  3.01631e-06 Reference value :  3.01631e-06 Reference value :  3.01631e-06 Reference value :  3.01636e-06 Reference value :  3.01649e-06 Reference value :  3.01656e-06 Reference value :  3.01661e-06 Reference value :  3.01665e-06 Reference value :  3.01670e-06 Reference value :  3.01674e-06 Reference value :  3.01679e-06 Reference value :  3.01682e-06 Reference value :  3.01684e-06 Reference value :  3.01686e-06 Reference value :  3.01687e-06 Reference value :  3.01687e-06 Reference value :  3.01689e-06 Reference value :  3.01696e-06 Reference value :  3.01749e-06 Reference value :  3.03227e-06 Reference value :  3.05727e-06 Reference value :  3.06731e-06 Reference value :  3.06799e-06 Reference value :  3.06867e-06 Reference value :  3.07943e-06 Reference value :  3.10443e-06 Reference value :  3.12035e-06 Reference value :  3.12129e-06 Reference value :  3.12180e-06 Reference value :  3.13448e-06 Reference value :  3.15948e-06 Reference value :  3.17330e-06 Reference value :  3.17427e-06 Reference value :  3.17535e-06 Reference value :  3.19297e-06 Reference value :  3.21797e-06 Reference value :  3.22686e-06 Reference value :  3.22728e-06 Reference value :  3.22964e-06 Reference value :  3.25178e-06 Reference value :  3.27926e-06 Reference value :  3.27999e-06 Reference value :  3.28062e-06 Reference value :  3.28104e-06 Reference value :  3.28112e-06 Reference value :  3.28115e-06 Reference value :  3.28117e-06 Reference value :  3.28119e-06 Reference value :  3.28124e-06 Reference value :  3.28129e-06 Reference value :  3.28138e-06 Reference value :  3.28154e-06 Reference value :  3.28161e-06 Reference value :  3.28163e-06 Reference value :  3.28168e-06 Reference value :  3.28188e-06 Reference value :  3.28270e-06 Reference value :  3.29075e-06 Reference value :  3.31575e-06 Reference value :  3.33244e-06 Reference value :  3.33324e-06 Reference value :  3.33417e-06 Reference value :  3.36071e-06 Reference value :  3.38524e-06 Reference value :  3.38622e-06 Reference value :  3.38664e-06 Reference value :  3.38691e-06 Reference value :  3.38705e-06 Reference value :  3.38712e-06 Reference value :  3.38714e-06 Reference value :  3.38717e-06 Reference value :  3.38719e-06 Reference value :  3.38724e-06 Reference value :  3.38728e-06 Reference value :  3.38733e-06 Reference value :  3.38740e-06 Reference value :  3.38747e-06 Reference value :  3.38759e-06 Reference value :  3.38805e-06 Reference value :  3.39138e-06 Reference value :  3.41127e-06 Reference value :  3.43821e-06 Reference value :  3.43921e-06 Reference value :  3.43942e-06 Reference value :  3.45587e-06 Reference value :  3.49120e-06 Reference value :  3.49155e-06 Reference value :  3.49228e-06 Reference value :  3.49288e-06 Reference value :  3.49297e-06 Reference value :  3.49302e-06 Reference value :  3.49304e-06 Reference value :  3.49307e-06 Reference value :  3.49312e-06 Reference value :  3.49316e-06 Reference value :  3.49323e-06 Reference value :  3.49338e-06 Reference value :  3.49346e-06 Reference value :  3.49350e-06 Reference value :  3.49352e-06 Reference value :  3.49357e-06 Reference value :  3.49376e-06 Reference value :  3.49458e-06 Reference value :  3.50251e-06 Reference value :  3.52751e-06 Reference value :  3.54439e-06 Reference value :  3.54519e-06 Reference value :  3.54607e-06 Reference value :  3.57729e-06 Reference value :  3.59720e-06 Reference value :  3.59817e-06 Reference value :  3.59881e-06 Reference value :  3.59895e-06 Reference value :  3.59905e-06 Reference value :  3.59908e-06 Reference value :  3.59910e-06 Reference value :  3.59912e-06 Reference value :  3.59916e-06 Reference value :  3.59920e-06 Reference value :  3.59925e-06 Reference value :  3.59928e-06 Reference value :  3.59933e-06 Reference value :  3.59937e-06 Reference value :  3.59947e-06 Reference value :  3.59963e-06 Reference value :  3.60134e-06 Reference value :  3.61452e-06 Reference value :  3.63952e-06 Reference value :  3.65057e-06 Reference value :  3.65117e-06 Reference value :  3.65167e-06 Reference value :  3.67435e-06 Reference value :  3.70315e-06 Reference value :  3.70343e-06 Reference value :  3.70420e-06 Reference value :  3.70472e-06 Reference value :  3.70478e-06 Reference value :  3.70482e-06 Reference value :  3.70486e-06 Reference value :  3.70488e-06 Reference value :  3.70494e-06 Reference value :  3.70498e-06 Reference value :  3.70505e-06 Reference value :  3.70518e-06 Reference value :  3.70528e-06 Reference value :  3.70532e-06 Reference value :  3.70535e-06 Reference value :  3.70538e-06 Reference value :  3.70551e-06 Reference value :  3.70593e-06 Reference value :  3.70903e-06 Reference value :  3.72940e-06 Reference value :  3.75614e-06 Reference value :  3.75714e-06 Reference value :  3.75735e-06 Reference value :  3.77414e-06 Reference value :  3.80912e-06 Reference value :  3.80977e-06 Reference value :  3.81053e-06 Reference value :  3.81082e-06 Reference value :  3.81096e-06 Reference value :  3.81103e-06 Reference value :  3.81105e-06 Reference value :  3.81107e-06 Reference value :  3.81110e-06 Reference value :  3.81113e-06 Reference value :  3.81118e-06 Reference value :  3.81123e-06 Reference value :  3.81126e-06 Reference value :  3.81131e-06 Reference value :  3.81138e-06 Reference value :  3.81154e-06 Reference value :  3.81219e-06 Reference value :  3.81742e-06 Reference value :  3.84073e-06 Reference value :  3.86218e-06 Reference value :  3.86311e-06 Reference value :  3.86337e-06 Reference value :  3.88130e-06 Reference value :  3.91511e-06 Reference value :  3.91610e-06 Reference value :  3.91667e-06 Reference value :  3.91668e-06 Reference value :  3.91677e-06 Reference value :  3.91682e-06 Reference value :  3.91685e-06 Reference value :  3.91691e-06 Reference value :  3.91695e-06 Reference value :  3.91702e-06 Reference value :  3.91717e-06 Reference value :  3.91725e-06 Reference value :  3.91729e-06 Reference value :  3.91731e-06 Reference value :  3.91736e-06 Reference value :  3.91755e-06 Reference value :  3.91838e-06 Reference value :  3.92632e-06 Reference value :  3.95132e-06 Reference value :  3.96830e-06 Reference value :  3.96909e-06 Reference value :  3.97083e-06 Reference value :  4.00105e-06 Reference value :  4.02108e-06 Reference value :  4.02174e-06 Reference value :  4.02245e-06 Reference value :  4.02281e-06 Reference value :  4.02297e-06 Reference value :  4.02301e-06 Reference value :  4.02303e-06 Reference value :  4.02305e-06 Reference value :  4.02308e-06 Reference value :  4.02315e-06 Reference value :  4.02320e-06 Reference value :  4.02324e-06 Reference value :  4.02329e-06 Reference value :  4.02335e-06 Reference value :  4.02347e-06 Reference value :  4.02392e-06 Reference value :  4.02719e-06 Reference value :  4.04723e-06 Reference value :  4.07406e-06 Reference value :  4.07406e-06 Reference value :  4.07427e-06 Reference value :  4.07506e-06 Reference value :  4.07557e-06 Reference value :  4.10325e-06 Reference value :  4.12706e-06 Reference value :  4.12805e-06 Reference value :  4.12862e-06 Reference value :  4.12868e-06 Reference value :  4.12874e-06 Reference value :  4.12877e-06 Reference value :  4.12880e-06 Reference value :  4.12886e-06 Reference value :  4.12890e-06 Reference value :  4.12897e-06 Reference value :  4.12912e-06 Reference value :  4.12920e-06 Reference value :  4.12924e-06 Reference value :  4.12926e-06 Reference value :  4.12931e-06 Reference value :  4.12950e-06 Reference value :  4.13033e-06 Reference value :  4.13827e-06 Reference value :  4.16327e-06 Reference value :  4.18004e-06 Reference value :  4.18006e-06 Reference value :  4.18093e-06 Reference value :  4.18104e-06 Reference value :  4.18123e-06 Reference value :  4.18211e-06 Reference value :  4.19315e-06 Reference value :  4.23303e-06 Reference value :  4.23365e-06 Reference value :  4.23445e-06 Reference value :  4.23467e-06 Reference value :  4.23485e-06 Reference value :  4.23492e-06 Reference value :  4.23494e-06 Reference value :  4.23496e-06 Reference value :  4.23498e-06 Reference value :  4.23502e-06 Reference value :  4.23507e-06 Reference value :  4.23512e-06 Reference value :  4.23518e-06 Reference value :  4.23523e-06 Reference value :  4.23532e-06 Reference value :  4.23560e-06 Reference value :  4.23843e-06 Reference value :  4.25670e-06 Reference value :  4.28601e-06 Reference value :  4.28602e-06 Reference value :  4.28645e-06 Reference value :  4.28701e-06 Reference value :  4.28708e-06 Reference value :  4.28751e-06 Reference value :  4.28816e-06 Reference value :  4.30812e-06 Reference value :  4.33901e-06 Reference value :  4.33969e-06 Reference value :  4.34037e-06 Reference value :  4.34073e-06 Reference value :  4.34081e-06 Reference value :  4.34084e-06 Reference value :  4.34086e-06 Reference value :  4.34091e-06 Reference value :  4.34095e-06 Reference value :  4.34102e-06 Reference value :  4.34109e-06 Reference value :  4.34123e-06 Reference value :  4.34128e-06 Reference value :  4.34131e-06 Reference value :  4.34133e-06 Reference value :  4.34138e-06 Reference value :  4.34157e-06 Reference value :  4.34235e-06 Reference value :  4.34986e-06 Reference value :  4.37486e-06 Reference value :  4.39199e-06 Reference value :  4.39202e-06 Reference value :  4.39288e-06 Reference value :  4.39299e-06 Reference value :  4.39313e-06 Reference value :  4.39406e-06 Reference value :  4.41010e-06 Reference value :  4.44497e-06 Reference value :  4.44528e-06 Reference value :  4.44607e-06 Reference value :  4.44661e-06 Reference value :  4.44675e-06 Reference value :  4.44685e-06 Reference value :  4.44688e-06 Reference value :  4.44690e-06 Reference value :  4.44693e-06 Reference value :  4.44697e-06 Reference value :  4.44702e-06 Reference value :  4.44707e-06 Reference value :  4.44713e-06 Reference value :  4.44718e-06 Reference value :  4.44727e-06 Reference value :  4.44755e-06 Reference value :  4.45037e-06 Reference value :  4.47361e-06 Reference value :  4.49796e-06 Reference value :  4.49798e-06 Reference value :  4.49886e-06 Reference value :  4.49897e-06 Reference value :  4.49916e-06 Reference value :  4.50003e-06 Reference value :  4.51507e-06 Reference value :  4.54801e-06 Reference value :  4.55114e-06 Reference value :  4.55196e-06 Reference value :  4.55265e-06 Reference value :  4.55274e-06 Reference value :  4.55279e-06 Reference value :  4.55281e-06 Reference value :  4.55286e-06 Reference value :  4.55290e-06 Reference value :  4.55297e-06 Reference value :  4.55304e-06 Reference value :  4.55318e-06 Reference value :  4.55323e-06 Reference value :  4.55326e-06 Reference value :  4.55328e-06 Reference value :  4.55333e-06 Reference value :  4.55352e-06 Reference value :  4.55430e-06 Reference value :  4.56181e-06 Reference value :  4.58681e-06 Reference value :  4.60394e-06 Reference value :  4.60397e-06 Reference value :  4.60483e-06 Reference value :  4.60494e-06 Reference value :  4.60508e-06 Reference value :  4.60601e-06 Reference value :  4.62205e-06 Reference value :  4.65693e-06 Reference value :  4.65792e-06 Reference value :  4.65856e-06 Reference value :  4.65870e-06 Reference value :  4.65880e-06 Reference value :  4.65883e-06 Reference value :  4.65885e-06 Reference value :  4.65888e-06 Reference value :  4.65892e-06 Reference value :  4.65897e-06 Reference value :  4.65902e-06 Reference value :  4.65908e-06 Reference value :  4.65913e-06 Reference value :  4.65920e-06 Reference value :  4.65940e-06 Reference value :  4.66129e-06 Reference value :  4.67552e-06 Reference value :  4.70522e-06 Reference value :  4.70991e-06 Reference value :  4.71003e-06 Reference value :  4.71084e-06 Reference value :  4.71094e-06 Reference value :  4.71141e-06 Reference value :  4.71222e-06 Reference value :  4.73702e-06 Reference value :  4.76291e-06 Reference value :  4.76359e-06 Reference value :  4.76427e-06 Reference value :  4.76463e-06 Reference value :  4.76471e-06 Reference value :  4.76474e-06 Reference value :  4.76476e-06 Reference value :  4.76481e-06 Reference value :  4.76485e-06 Reference value :  4.76492e-06 Reference value :  4.76499e-06 Reference value :  4.76513e-06 Reference value :  4.76518e-06 Reference value :  4.76521e-06 Reference value :  4.76523e-06 Reference value :  4.76528e-06 Reference value :  4.76547e-06 Reference value :  4.76625e-06 Reference value :  4.77376e-06 Reference value :  4.79876e-06 Reference value :  4.81589e-06 Reference value :  4.81590e-06 Reference value :  4.81678e-06 Reference value :  4.81689e-06 Reference value :  4.81708e-06 Reference value :  4.81796e-06 Reference value :  4.82900e-06 Reference value :  4.86888e-06 Reference value :  4.86950e-06 Reference value :  4.87030e-06 Reference value :  4.87055e-06 Reference value :  4.87070e-06 Reference value :  4.87077e-06 Reference value :  4.87079e-06 Reference value :  4.87081e-06 Reference value :  4.87083e-06 Reference value :  4.87087e-06 Reference value :  4.87092e-06 Reference value :  4.87097e-06 Reference value :  4.87103e-06 Reference value :  4.87106e-06 Reference value :  4.87115e-06 Reference value :  4.87135e-06 Reference value :  4.87323e-06 Reference value :  4.88744e-06 Reference value :  4.91244e-06 Reference value :  4.92186e-06 Reference value :  4.92193e-06 Reference value :  4.92277e-06 Reference value :  4.92287e-06 Reference value :  4.92305e-06 Reference value :  4.92393e-06 Reference value :  4.93897e-06 Reference value :  4.97191e-06 Reference value :  4.97504e-06 Reference value :  4.97586e-06 Reference value :  4.97655e-06 Reference value :  4.97664e-06 Reference value :  4.97669e-06 Reference value :  4.97671e-06 Reference value :  4.97676e-06 Reference value :  4.97680e-06 Reference value :  4.97687e-06 Reference value :  4.97694e-06 Reference value :  4.97708e-06 Reference value :  4.97713e-06 Reference value :  4.97716e-06 Reference value :  4.97718e-06 Reference value :  4.97723e-06 Reference value :  4.97742e-06 Reference value :  4.97820e-06 Reference value :  4.98571e-06 Reference value :  5.01071e-06 Reference value :  5.02784e-06 Reference value :  5.02787e-06 Reference value :  5.02873e-06 Reference value :  5.02884e-06 Reference value :  5.02903e-06 Reference value :  5.03000e-06 Reference value :  5.05095e-06 Reference value :  5.08083e-06 Reference value :  5.08182e-06 Reference value :  5.08246e-06 Reference value :  5.08260e-06 Reference value :  5.08270e-06 Reference value :  5.08273e-06 Reference value :  5.08275e-06 Reference value :  5.08278e-06 Reference value :  5.08282e-06 Reference value :  5.08287e-06 Reference value :  5.08292e-06 Reference value :  5.08298e-06 Reference value :  5.08303e-06 Reference value :  5.08312e-06 Reference value :  5.08340e-06 Reference value :  5.08619e-06 Reference value :  5.10436e-06 Reference value :  5.13381e-06 Reference value :  5.13382e-06 Reference value :  5.13434e-06 Reference value :  5.13481e-06 Reference value :  5.13492e-06 Reference value :  5.13582e-06 Reference value :  5.14092e-06 Reference value :  5.17592e-06 Reference value :  5.18684e-06 Reference value :  5.18780e-06 Reference value :  5.18849e-06 Reference value :  5.18853e-06 Reference value :  5.18861e-06 Reference value :  5.18864e-06 Reference value :  5.18866e-06 Reference value :  5.18871e-06 Reference value :  5.18875e-06 Reference value :  5.18882e-06 Reference value :  5.18889e-06 Reference value :  5.18903e-06 Reference value :  5.18908e-06 Reference value :  5.18911e-06 Reference value :  5.18913e-06 Reference value :  5.18918e-06 Reference value :  5.18937e-06 Reference value :  5.19015e-06 Reference value :  5.19766e-06 Reference value :  5.22266e-06 Reference value :  5.23979e-06 Reference value :  5.23982e-06 Reference value :  5.24069e-06 Reference value :  5.24079e-06 Reference value :  5.24098e-06 Reference value :  5.24186e-06 Reference value :  5.25290e-06 Reference value :  5.29278e-06 Reference value :  5.29340e-06 Reference value :  5.29420e-06 Reference value :  5.29442e-06 Reference value :  5.29460e-06 Reference value :  5.29467e-06 Reference value :  5.29469e-06 Reference value :  5.29471e-06 Reference value :  5.29473e-06 Reference value :  5.29477e-06 Reference value :  5.29482e-06 Reference value :  5.29487e-06 Reference value :  5.29493e-06 Reference value :  5.29496e-06 Reference value :  5.29504e-06 Reference value :  5.29524e-06 Reference value :  5.29712e-06 Reference value :  5.31128e-06 Reference value :  5.33628e-06 Reference value :  5.34576e-06 Reference value :  5.34583e-06 Reference value :  5.34669e-06 Reference value :  5.34678e-06 Reference value :  5.34695e-06 Reference value :  5.34779e-06 Reference value :  5.35787e-06 Reference value :  5.39581e-06 Reference value :  5.39894e-06 Reference value :  5.39976e-06 Reference value :  5.40045e-06 Reference value :  5.40054e-06 Reference value :  5.40059e-06 Reference value :  5.40061e-06 Reference value :  5.40066e-06 Reference value :  5.40069e-06 Reference value :  5.40072e-06 Reference value :  5.40077e-06 Reference value :  5.40082e-06 Reference value :  5.40094e-06 Reference value :  5.40103e-06 Reference value :  5.40106e-06 Reference value :  5.40108e-06 Reference value :  5.40113e-06 Reference value :  5.40132e-06 Reference value :  5.40210e-06 Reference value :  5.40961e-06 Reference value :  5.43461e-06 Reference value :  5.45174e-06 Reference value :  5.45175e-06 Reference value :  5.45263e-06 Reference value :  5.45274e-06 Reference value :  5.45285e-06 Reference value :  5.45376e-06 Reference value :  5.45985e-06 Reference value :  5.49985e-06 Reference value :  5.50503e-06 Reference value :  5.50577e-06 Reference value :  5.50636e-06 Reference value :  5.50650e-06 Reference value :  5.50660e-06 Reference value :  5.50663e-06 Reference value :  5.50665e-06 Reference value :  5.50668e-06 Reference value :  5.50672e-06 Reference value :  5.50677e-06 Reference value :  5.50682e-06 Reference value :  5.50688e-06 Reference value :  5.50691e-06 Reference value :  5.50699e-06 Reference value :  5.50710e-06 Reference value :  5.50730e-06 Reference value :  5.50828e-06 Reference value :  5.51189e-06 Reference value :  5.52320e-06 Reference value :  5.53820e-06 Reference value :  5.55771e-06 Reference value :  5.55771e-06 Reference value :  5.55772e-06 Reference value :  5.55778e-06 Reference value :  5.55861e-06 Reference value :  5.55871e-06 Reference value :  5.55872e-06 Reference value :  5.55881e-06 Reference value :  5.55901e-06 Reference value :  5.55972e-06 Reference value :  5.56002e-06 Reference value :  5.56482e-06 Reference value :  5.58482e-06 Reference value :  5.60482e-06 Reference value :  5.61071e-06 Reference value :  5.61089e-06 Reference value :  5.61139e-06 Reference value :  5.61174e-06 Reference value :  5.61239e-06 Reference value :  5.61240e-06 Reference value :  5.61247e-06 Reference value :  5.61249e-06 Reference value :  5.61253e-06 Reference value :  5.61255e-06 Reference value :  5.61257e-06 Reference value :  5.61261e-06 Reference value :  5.61264e-06 Reference value :  5.61267e-06 Reference value :  5.61272e-06 Reference value :  5.61274e-06 Reference value :  5.61282e-06 Reference value :  5.61289e-06 Reference value :  5.61295e-06 Reference value :  5.61299e-06 Reference value :  5.61301e-06 Reference value :  5.61302e-06 Reference value :  5.61304e-06 Reference value :  5.61306e-06 Reference value :  5.61314e-06 Reference value :  5.61327e-06 Reference value :  5.61359e-06 Reference value :  5.61454e-06 Reference value :  5.61845e-06 Reference value :  5.63156e-06 Reference value :  5.64656e-06 Reference value :  5.66368e-06 Reference value :  5.66369e-06 Reference value :  5.66369e-06 Reference value :  5.66376e-06 Reference value :  5.66458e-06 Reference value :  5.66469e-06 Reference value :  5.66470e-06 Reference value :  5.66479e-06 Reference value :  5.66498e-06 Reference value :  5.66571e-06 Reference value :  5.66643e-06 Reference value :  5.67680e-06 Reference value :  5.69680e-06 Reference value :  5.71667e-06 Reference value :  5.71674e-06 Reference value :  5.71730e-06 Reference value :  5.71772e-06 Reference value :  5.71831e-06 Reference value :  5.71839e-06 Reference value :  5.71850e-06 Reference value :  5.71857e-06 Reference value :  5.71859e-06 Reference value :  5.71861e-06 Reference value :  5.71863e-06 Reference value :  5.71869e-06 Reference value :  5.71874e-06 Reference value :  5.71878e-06 Reference value :  5.71885e-06 Reference value :  5.71890e-06 Reference value :  5.71905e-06 Reference value :  5.71980e-06 Reference value :  5.73012e-06 Reference value :  5.76012e-06 Reference value :  5.76966e-06 Reference value :  5.76981e-06 Reference value :  5.77063e-06 Reference value :  5.77073e-06 Reference value :  5.77141e-06 Reference value :  5.77229e-06 Reference value :  5.80177e-06 Reference value :  5.82266e-06 Reference value :  5.82334e-06 Reference value :  5.82434e-06 Reference value :  5.82438e-06 Reference value :  5.82446e-06 Reference value :  5.82449e-06 Reference value :  5.82451e-06 Reference value :  5.82456e-06 Reference value :  5.82460e-06 Reference value :  5.82467e-06 Reference value :  5.82477e-06 Reference value :  5.82490e-06 Reference value :  5.82494e-06 Reference value :  5.82497e-06 Reference value :  5.82500e-06 Reference value :  5.82517e-06 Reference value :  5.82571e-06 Reference value :  5.83040e-06 Reference value :  5.85351e-06 Reference value :  5.87563e-06 Reference value :  5.87566e-06 Reference value :  5.87653e-06 Reference value :  5.87664e-06 Reference value :  5.87683e-06 Reference value :  5.87771e-06 Reference value :  5.89375e-06 Reference value :  5.92863e-06 Reference value :  5.92962e-06 Reference value :  5.93026e-06 Reference value :  5.93040e-06 Reference value :  5.93050e-06 Reference value :  5.93053e-06 Reference value :  5.93055e-06 Reference value :  5.93057e-06 Reference value :  5.93061e-06 Reference value :  5.93066e-06 Reference value :  5.93072e-06 Reference value :  5.93078e-06 Reference value :  5.93083e-06 Reference value :  5.93092e-06 Reference value :  5.93120e-06 Reference value :  5.93397e-06 Reference value :  5.95205e-06 Reference value :  5.98161e-06 Reference value :  5.98161e-06 Reference value :  5.98192e-06 Reference value :  5.98261e-06 Reference value :  5.98271e-06 Reference value :  5.98361e-06 Reference value :  5.98488e-06 Reference value :  6.01372e-06 Reference value :  6.03461e-06 Reference value :  6.03529e-06 Reference value :  6.03597e-06 Reference value :  6.03633e-06 Reference value :  6.03641e-06 Reference value :  6.03644e-06 Reference value :  6.03646e-06 Reference value :  6.03651e-06 Reference value :  6.03655e-06 Reference value :  6.03662e-06 Reference value :  6.03669e-06 Reference value :  6.03683e-06 Reference value :  6.03688e-06 Reference value :  6.03691e-06 Reference value :  6.03693e-06 Reference value :  6.03698e-06 Reference value :  6.03717e-06 Reference value :  6.03795e-06 Reference value :  6.04235e-06 Reference value :  6.06046e-06 Reference value :  6.08046e-06 Reference value :  6.08759e-06 Reference value :  6.08775e-06 Reference value :  6.08855e-06 Reference value :  6.08865e-06 Reference value :  6.08933e-06 Reference value :  6.09110e-06 Reference value :  6.12570e-06 Reference value :  6.14072e-06 Reference value :  6.14159e-06 Reference value :  6.14221e-06 Reference value :  6.14235e-06 Reference value :  6.14245e-06 Reference value :  6.14248e-06 Reference value :  6.14250e-06 Reference value :  6.14252e-06 Reference value :  6.14256e-06 Reference value :  6.14261e-06 Reference value :  6.14267e-06 Reference value :  6.14273e-06 Reference value :  6.14278e-06 Reference value :  6.14287e-06 Reference value :  6.14304e-06 Reference value :  6.14491e-06 Reference value :  6.15898e-06 Reference value :  6.18898e-06 Reference value :  6.19356e-06 Reference value :  6.19417e-06 Reference value :  6.19456e-06 Reference value :  6.19468e-06 Reference value :  6.19557e-06 Reference value :  6.20067e-06 Reference value :  6.24067e-06 Reference value :  6.24664e-06 Reference value :  6.24756e-06 Reference value :  6.24825e-06 Reference value :  6.24834e-06 Reference value :  6.24839e-06 Reference value :  6.24841e-06 Reference value :  6.24846e-06 Reference value :  6.24850e-06 Reference value :  6.24857e-06 Reference value :  6.24867e-06 Reference value :  6.24880e-06 Reference value :  6.24886e-06 Reference value :  6.24888e-06 Reference value :  6.24896e-06 Reference value :  6.24921e-06 Reference value :  6.25039e-06 Reference value :  6.25741e-06 Reference value :  6.28741e-06 Reference value :  6.29954e-06 Reference value :  6.29970e-06 Reference value :  6.30050e-06 Reference value :  6.30060e-06 Reference value :  6.30128e-06 Reference value :  6.30304e-06 Reference value :  6.33765e-06 Reference value :  6.35259e-06 Reference value :  6.35354e-06 Reference value :  6.35416e-06 Reference value :  6.35430e-06 Reference value :  6.35440e-06 Reference value :  6.35443e-06 Reference value :  6.35445e-06 Reference value :  6.35447e-06 Reference value :  6.35451e-06 Reference value :  6.35456e-06 Reference value :  6.35462e-06 Reference value :  6.35468e-06 Reference value :  6.35473e-06 Reference value :  6.35482e-06 Reference value :  6.35509e-06 Reference value :  6.35786e-06 Reference value :  6.37590e-06 Reference value :  6.40551e-06 Reference value :  6.40552e-06 Reference value :  6.40641e-06 Reference value :  6.40652e-06 Reference value :  6.40670e-06 Reference value :  6.40754e-06 Reference value :  6.41262e-06 Reference value :  6.45262e-06 Reference value :  6.45859e-06 Reference value :  6.45950e-06 Reference value :  6.46019e-06 Reference value :  6.46027e-06 Reference value :  6.46031e-06 Reference value :  6.46035e-06 Reference value :  6.46038e-06 Reference value :  6.46044e-06 Reference value :  6.46050e-06 Reference value :  6.46057e-06 Reference value :  6.46069e-06 Reference value :  6.46078e-06 Reference value :  6.46081e-06 Reference value :  6.46083e-06 Reference value :  6.46088e-06 Reference value :  6.46107e-06 Reference value :  6.46185e-06 Reference value :  6.46936e-06 Reference value :  6.49436e-06 Reference value :  6.51149e-06 Reference value :  6.51153e-06 Reference value :  6.51239e-06 Reference value :  6.51249e-06 Reference value :  6.51263e-06 Reference value :  6.51355e-06 Reference value :  6.52960e-06 Reference value :  6.56448e-06 Reference value :  6.56547e-06 Reference value :  6.56610e-06 Reference value :  6.56619e-06 Reference value :  6.56635e-06 Reference value :  6.56638e-06 Reference value :  6.56640e-06 Reference value :  6.56643e-06 Reference value :  6.56647e-06 Reference value :  6.56652e-06 Reference value :  6.56658e-06 Reference value :  6.56665e-06 Reference value :  6.56670e-06 Reference value :  6.56685e-06 Reference value :  6.56760e-06 Reference value :  6.57783e-06 Reference value :  6.60783e-06 Reference value :  6.61746e-06 Reference value :  6.61781e-06 Reference value :  6.61843e-06 Reference value :  6.61853e-06 Reference value :  6.61921e-06 Reference value :  6.62009e-06 Reference value :  6.64957e-06 Reference value :  6.67046e-06 Reference value :  6.67114e-06 Reference value :  6.67182e-06 Reference value :  6.67218e-06 Reference value :  6.67226e-06 Reference value :  6.67229e-06 Reference value :  6.67231e-06 Reference value :  6.67236e-06 Reference value :  6.67240e-06 Reference value :  6.67247e-06 Reference value :  6.67257e-06 Reference value :  6.67270e-06 Reference value :  6.67276e-06 Reference value :  6.67278e-06 Reference value :  6.67283e-06 Reference value :  6.67302e-06 Reference value :  6.67429e-06 Reference value :  6.68631e-06 Reference value :  6.71631e-06 Reference value :  6.72344e-06 Reference value :  6.72352e-06 Reference value :  6.72436e-06 Reference value :  6.72447e-06 Reference value :  6.72494e-06 Reference value :  6.72618e-06 Reference value :  6.75655e-06 Reference value :  6.77649e-06 Reference value :  6.77744e-06 Reference value :  6.77806e-06 Reference value :  6.77820e-06 Reference value :  6.77830e-06 Reference value :  6.77833e-06 Reference value :  6.77835e-06 Reference value :  6.77838e-06 Reference value :  6.77842e-06 Reference value :  6.77847e-06 Reference value :  6.77852e-06 Reference value :  6.77858e-06 Reference value :  6.77863e-06 Reference value :  6.77869e-06 Reference value :  6.77884e-06 Reference value :  6.77996e-06 Reference value :  6.78976e-06 Reference value :  6.81476e-06 Reference value :  6.82941e-06 Reference value :  6.82959e-06 Reference value :  6.83038e-06 Reference value :  6.83048e-06 Reference value :  6.83116e-06 Reference value :  6.83172e-06 Reference value :  6.85652e-06 Reference value :  6.88241e-06 Reference value :  6.88309e-06 Reference value :  6.88377e-06 Reference value :  6.88413e-06 Reference value :  6.88421e-06 Reference value :  6.88424e-06 Reference value :  6.88426e-06 Reference value :  6.88431e-06 Reference value :  6.88435e-06 Reference value :  6.88442e-06 Reference value :  6.88449e-06 Reference value :  6.88463e-06 Reference value :  6.88468e-06 Reference value :  6.88471e-06 Reference value :  6.88473e-06 Reference value :  6.88478e-06 Reference value :  6.88497e-06 Reference value :  6.88575e-06 Reference value :  6.89826e-06 Reference value :  6.92826e-06 Reference value :  6.93539e-06 Reference value :  6.93557e-06 Reference value :  6.93631e-06 Reference value :  6.93642e-06 Reference value :  6.93689e-06 Reference value :  6.93813e-06 Reference value :  6.96850e-06 Reference value :  6.98840e-06 Reference value :  6.98937e-06 Reference value :  6.99000e-06 Reference value :  6.99009e-06 Reference value :  6.99025e-06 Reference value :  6.99028e-06 Reference value :  6.99030e-06 Reference value :  6.99033e-06 Reference value :  6.99036e-06 Reference value :  6.99041e-06 Reference value :  6.99047e-06 Reference value :  6.99053e-06 Reference value :  6.99058e-06 Reference value :  6.99064e-06 Reference value :  6.99079e-06 Reference value :  6.99191e-06 Reference value :  7.00169e-06 Reference value :  7.02669e-06 Reference value :  7.04136e-06 Reference value :  7.04155e-06 Reference value :  7.04233e-06 Reference value :  7.04239e-06 Reference value :  7.04286e-06 Reference value :  7.04351e-06 Reference value :  7.06347e-06 Reference value :  7.09436e-06 Reference value :  7.09504e-06 Reference value :  7.09572e-06 Reference value :  7.09608e-06 Reference value :  7.09616e-06 Reference value :  7.09619e-06 Reference value :  7.09621e-06 Reference value :  7.09626e-06 Reference value :  7.09630e-06 Reference value :  7.09637e-06 Reference value :  7.09644e-06 Reference value :  7.09658e-06 Reference value :  7.09663e-06 Reference value :  7.09666e-06 Reference value :  7.09668e-06 Reference value :  7.09673e-06 Reference value :  7.09692e-06 Reference value :  7.09770e-06 Reference value :  7.10521e-06 Reference value :  7.13021e-06 Reference value :  7.14734e-06 Reference value :  7.14736e-06 Reference value :  7.14823e-06 Reference value :  7.14834e-06 Reference value :  7.14853e-06 Reference value :  7.14950e-06 Reference value :  7.17045e-06 Reference value :  7.20033e-06 Reference value :  7.20132e-06 Reference value :  7.20195e-06 Reference value :  7.20200e-06 Reference value :  7.20215e-06 Reference value :  7.20222e-06 Reference value :  7.20224e-06 Reference value :  7.20226e-06 Reference value :  7.20228e-06 Reference value :  7.20232e-06 Reference value :  7.20237e-06 Reference value :  7.20242e-06 Reference value :  7.20248e-06 Reference value :  7.20253e-06 Reference value :  7.20262e-06 Reference value :  7.20289e-06 Reference value :  7.20564e-06 Reference value :  7.22363e-06 Reference value :  7.25331e-06 Reference value :  7.25332e-06 Reference value :  7.25395e-06 Reference value :  7.25431e-06 Reference value :  7.25443e-06 Reference value :  7.25532e-06 Reference value :  7.26042e-06 Reference value :  7.30042e-06 Reference value :  7.30639e-06 Reference value :  7.30731e-06 Reference value :  7.30800e-06 Reference value :  7.30809e-06 Reference value :  7.30813e-06 Reference value :  7.30815e-06 Reference value :  7.30818e-06 Reference value :  7.30824e-06 Reference value :  7.30828e-06 Reference value :  7.30834e-06 Reference value :  7.30849e-06 Reference value :  7.30858e-06 Reference value :  7.30861e-06 Reference value :  7.30863e-06 Reference value :  7.30868e-06 Reference value :  7.30887e-06 Reference value :  7.30965e-06 Reference value :  7.31716e-06 Reference value :  7.34216e-06 Reference value :  7.35929e-06 Reference value :  7.35931e-06 Reference value :  7.36018e-06 Reference value :  7.36029e-06 Reference value :  7.36048e-06 Reference value :  7.36145e-06 Reference value :  7.38240e-06 Reference value :  7.41228e-06 Reference value :  7.41327e-06 Reference value :  7.41391e-06 Reference value :  7.41405e-06 Reference value :  7.41415e-06 Reference value :  7.41418e-06 Reference value :  7.41420e-06 Reference value :  7.41423e-06 Reference value :  7.41426e-06 Reference value :  7.41431e-06 Reference value :  7.41437e-06 Reference value :  7.41443e-06 Reference value :  7.41448e-06 Reference value :  7.41457e-06 Reference value :  7.41484e-06 Reference value :  7.41759e-06 Reference value :  7.44056e-06 Reference value :  7.46526e-06 Reference value :  7.46529e-06 Reference value :  7.46617e-06 Reference value :  7.46628e-06 Reference value :  7.46656e-06 Reference value :  7.46741e-06 Reference value :  7.48737e-06 Reference value :  7.51826e-06 Reference value :  7.51894e-06 Reference value :  7.51962e-06 Reference value :  7.51998e-06 Reference value :  7.52006e-06 Reference value :  7.52009e-06 Reference value :  7.52011e-06 Reference value :  7.52016e-06 Reference value :  7.52020e-06 Reference value :  7.52027e-06 Reference value :  7.52037e-06 Reference value :  7.52050e-06 Reference value :  7.52054e-06 Reference value :  7.52057e-06 Reference value :  7.52060e-06 Reference value :  7.52073e-06 Reference value :  7.52114e-06 Reference value :  7.52407e-06 Reference value :  7.54411e-06 Reference value :  7.57123e-06 Reference value :  7.57124e-06 Reference value :  7.57188e-06 Reference value :  7.57224e-06 Reference value :  7.57235e-06 Reference value :  7.57326e-06 Reference value :  7.58435e-06 Reference value :  7.62422e-06 Reference value :  7.62485e-06 Reference value :  7.62543e-06 Reference value :  7.62587e-06 Reference value :  7.62605e-06 Reference value :  7.62612e-06 Reference value :  7.62614e-06 Reference value :  7.62616e-06 Reference value :  7.62618e-06 Reference value :  7.62622e-06 Reference value :  7.62627e-06 Reference value :  7.62633e-06 Reference value :  7.62640e-06 Reference value :  7.62644e-06 Reference value :  7.62660e-06 Reference value :  7.62734e-06 Reference value :  7.63749e-06 Reference value :  7.66249e-06 Reference value :  7.67721e-06 Reference value :  7.67741e-06 Reference value :  7.67818e-06 Reference value :  7.67828e-06 Reference value :  7.67896e-06 Reference value :  7.67952e-06 Reference value :  7.70432e-06 Reference value :  7.73021e-06 Reference value :  7.73092e-06 Reference value :  7.73192e-06 Reference value :  7.73196e-06 Reference value :  7.73204e-06 Reference value :  7.73207e-06 Reference value :  7.73210e-06 Reference value :  7.73216e-06 Reference value :  7.73221e-06 Reference value :  7.73230e-06 Reference value :  7.73242e-06 Reference value :  7.73251e-06 Reference value :  7.73254e-06 Reference value :  7.73257e-06 Reference value :  7.73263e-06 Reference value :  7.73290e-06 Reference value :  7.73416e-06 Reference value :  7.74674e-06 Reference value :  7.77174e-06 Reference value :  7.78319e-06 Reference value :  7.78339e-06 Reference value :  7.78415e-06 Reference value :  7.78425e-06 Reference value :  7.78493e-06 Reference value :  7.78669e-06 Reference value :  7.82130e-06 Reference value :  7.83632e-06 Reference value :  7.83719e-06 Reference value :  7.83781e-06 Reference value :  7.83795e-06 Reference value :  7.83805e-06 Reference value :  7.83808e-06 Reference value :  7.83810e-06 Reference value :  7.83813e-06 Reference value :  7.83816e-06 Reference value :  7.83821e-06 Reference value :  7.83827e-06 Reference value :  7.83833e-06 Reference value :  7.83838e-06 Reference value :  7.83847e-06 Reference value :  7.83864e-06 Reference value :  7.84148e-06 Reference value :  7.85943e-06 Reference value :  7.88916e-06 Reference value :  7.88917e-06 Reference value :  7.88957e-06 Reference value :  7.89016e-06 Reference value :  7.89026e-06 Reference value :  7.89116e-06 Reference value :  7.89243e-06 Reference value :  7.92127e-06 Reference value :  7.94216e-06 Reference value :  7.94284e-06 Reference value :  7.94352e-06 Reference value :  7.94388e-06 Reference value :  7.94396e-06 Reference value :  7.94399e-06 Reference value :  7.94401e-06 Reference value :  7.94406e-06 Reference value :  7.94410e-06 Reference value :  7.94417e-06 Reference value :  7.94427e-06 Reference value :  7.94440e-06 Reference value :  7.94446e-06 Reference value :  7.94449e-06 Reference value :  7.94459e-06 Reference value :  7.94491e-06 Reference value :  7.94677e-06 Reference value :  7.96301e-06 Reference value :  7.99157e-06 Reference value :  7.99514e-06 Reference value :  7.99555e-06 Reference value :  7.99614e-06 Reference value :  7.99623e-06 Reference value :  7.99713e-06 Reference value :  8.00018e-06 Reference value :  8.03325e-06 Reference value :  8.04819e-06 Reference value :  8.04914e-06 Reference value :  8.04976e-06 Reference value :  8.04990e-06 Reference value :  8.05000e-06 Reference value :  8.05003e-06 Reference value :  8.05005e-06 Reference value :  8.05008e-06 Reference value :  8.05011e-06 Reference value :  8.05016e-06 Reference value :  8.05022e-06 Reference value :  8.05028e-06 Reference value :  8.05033e-06 Reference value :  8.05042e-06 Reference value :  8.05059e-06 Reference value :  8.05244e-06 Reference value :  8.06637e-06 Reference value :  8.09637e-06 Reference value :  8.10112e-06 Reference value :  8.10177e-06 Reference value :  8.10211e-06 Reference value :  8.10223e-06 Reference value :  8.10312e-06 Reference value :  8.10822e-06 Reference value :  8.14822e-06 Reference value :  8.15419e-06 Reference value :  8.15511e-06 Reference value :  8.15580e-06 Reference value :  8.15589e-06 Reference value :  8.15594e-06 Reference value :  8.15596e-06 Reference value :  8.15601e-06 Reference value :  8.15605e-06 Reference value :  8.15612e-06 Reference value :  8.15619e-06 Reference value :  8.15633e-06 Reference value :  8.15638e-06 Reference value :  8.15641e-06 Reference value :  8.15644e-06 Reference value :  8.15654e-06 Reference value :  8.15699e-06 Reference value :  8.16185e-06 Reference value :  8.18496e-06 Reference value :  8.20708e-06 Reference value :  8.20711e-06 Reference value :  8.20798e-06 Reference value :  8.20809e-06 Reference value :  8.20828e-06 Reference value :  8.20925e-06 Reference value :  8.23020e-06 Reference value :  8.26008e-06 Reference value :  8.26070e-06 Reference value :  8.26150e-06 Reference value :  8.26175e-06 Reference value :  8.26190e-06 Reference value :  8.26197e-06 Reference value :  8.26199e-06 Reference value :  8.26202e-06 Reference value :  8.26206e-06 Reference value :  8.26211e-06 Reference value :  8.26217e-06 Reference value :  8.26223e-06 Reference value :  8.26228e-06 Reference value :  8.26237e-06 Reference value :  8.26264e-06 Reference value :  8.26537e-06 Reference value :  8.28330e-06 Reference value :  8.31306e-06 Reference value :  8.31307e-06 Reference value :  8.31373e-06 Reference value :  8.31406e-06 Reference value :  8.31418e-06 Reference value :  8.31507e-06 Reference value :  8.31761e-06 Reference value :  8.35517e-06 Reference value :  8.36609e-06 Reference value :  8.36705e-06 Reference value :  8.36775e-06 Reference value :  8.36784e-06 Reference value :  8.36789e-06 Reference value :  8.36791e-06 Reference value :  8.36796e-06 Reference value :  8.36800e-06 Reference value :  8.36807e-06 Reference value :  8.36817e-06 Reference value :  8.36830e-06 Reference value :  8.36836e-06 Reference value :  8.36839e-06 Reference value :  8.36849e-06 Reference value :  8.36881e-06 Reference value :  8.37067e-06 Reference value :  8.38691e-06 Reference value :  8.41547e-06 Reference value :  8.41904e-06 Reference value :  8.41970e-06 Reference value :  8.42004e-06 Reference value :  8.42014e-06 Reference value :  8.42106e-06 Reference value :  8.43215e-06 Reference value :  8.47203e-06 Reference value :  8.47265e-06 Reference value :  8.47345e-06 Reference value :  8.47370e-06 Reference value :  8.47385e-06 Reference value :  8.47392e-06 Reference value :  8.47394e-06 Reference value :  8.47396e-06 Reference value :  8.47398e-06 Reference value :  8.47402e-06 Reference value :  8.47407e-06 Reference value :  8.47413e-06 Reference value :  8.47420e-06 Reference value :  8.47424e-06 Reference value :  8.47440e-06 Reference value :  8.47555e-06 Reference value :  8.49024e-06 Reference value :  8.52024e-06 Reference value :  8.52502e-06 Reference value :  8.52546e-06 Reference value :  8.52601e-06 Reference value :  8.52613e-06 Reference value :  8.52702e-06 Reference value :  8.53212e-06 Reference value :  8.57212e-06 Reference value :  8.57809e-06 Reference value :  8.57901e-06 Reference value :  8.57970e-06 Reference value :  8.57979e-06 Reference value :  8.57984e-06 Reference value :  8.57986e-06 Reference value :  8.57991e-06 Reference value :  8.57995e-06 Reference value :  8.58002e-06 Reference value :  8.58012e-06 Reference value :  8.58025e-06 Reference value :  8.58031e-06 Reference value :  8.58034e-06 Reference value :  8.58044e-06 Reference value :  8.58089e-06 Reference value :  8.58575e-06 Reference value :  8.61386e-06 Reference value :  8.63099e-06 Reference value :  8.63104e-06 Reference value :  8.63189e-06 Reference value :  8.63200e-06 Reference value :  8.63228e-06 Reference value :  8.63334e-06 Reference value :  8.65910e-06 Reference value :  8.68398e-06 Reference value :  8.68498e-06 Reference value :  8.68561e-06 Reference value :  8.68575e-06 Reference value :  8.68585e-06 Reference value :  8.68588e-06 Reference value :  8.68590e-06 Reference value :  8.68593e-06 Reference value :  8.68597e-06 Reference value :  8.68602e-06 Reference value :  8.68608e-06 Reference value :  8.68615e-06 Reference value :  8.68619e-06 Reference value :  8.68635e-06 Reference value :  8.68750e-06 Reference value :  8.70222e-06 Reference value :  8.73222e-06 Reference value :  8.73697e-06 Reference value :  8.73742e-06 Reference value :  8.73796e-06 Reference value :  8.73808e-06 Reference value :  8.73897e-06 Reference value :  8.74407e-06 Reference value :  8.78407e-06 Reference value :  8.79004e-06 Reference value :  8.79096e-06 Reference value :  8.79165e-06 Reference value :  8.79174e-06 Reference value :  8.79179e-06 Reference value :  8.79181e-06 Reference value :  8.79186e-06 Reference value :  8.79190e-06 Reference value :  8.79197e-06 Reference value :  8.79204e-06 Reference value :  8.79218e-06 Reference value :  8.79223e-06 Reference value :  8.79226e-06 Reference value :  8.79228e-06 Reference value :  8.79233e-06 Reference value :  8.79261e-06 Reference value :  8.79379e-06 Reference value :  8.81081e-06 Reference value :  8.83937e-06 Reference value :  8.84294e-06 Reference value :  8.84383e-06 Reference value :  8.84394e-06 Reference value :  8.84413e-06 Reference value :  8.84510e-06 Reference value :  8.86605e-06 Reference value :  8.89593e-06 Reference value :  8.89693e-06 Reference value :  8.89756e-06 Reference value :  8.89770e-06 Reference value :  8.89780e-06 Reference value :  8.89783e-06 Reference value :  8.89785e-06 Reference value :  8.89788e-06 Reference value :  8.89791e-06 Reference value :  8.89796e-06 Reference value :  8.89802e-06 Reference value :  8.89808e-06 Reference value :  8.89813e-06 Reference value :  8.89822e-06 Reference value :  8.89849e-06 Reference value :  8.90122e-06 Reference value :  8.91916e-06 Reference value :  8.94891e-06 Reference value :  8.94892e-06 Reference value :  8.94981e-06 Reference value :  8.94992e-06 Reference value :  8.95005e-06 Reference value :  8.95094e-06 Reference value :  8.96102e-06 Reference value :  8.99896e-06 Reference value :  9.00209e-06 Reference value :  9.00294e-06 Reference value :  9.00360e-06 Reference value :  9.00369e-06 Reference value :  9.00374e-06 Reference value :  9.00376e-06 Reference value :  9.00381e-06 Reference value :  9.00385e-06 Reference value :  9.00392e-06 Reference value :  9.00399e-06 Reference value :  9.00413e-06 Reference value :  9.00418e-06 Reference value :  9.00421e-06 Reference value :  9.00423e-06 Reference value :  9.00428e-06 Reference value :  9.00456e-06 Reference value :  9.00574e-06 Reference value :  9.01776e-06 Reference value :  9.04776e-06 Reference value :  9.05489e-06 Reference value :  9.05512e-06 Reference value :  9.05589e-06 Reference value :  9.05598e-06 Reference value :  9.05688e-06 Reference value :  9.05993e-06 Reference value :  9.09800e-06 Reference value :  9.10802e-06 Reference value :  9.10889e-06 Reference value :  9.10951e-06 Reference value :  9.10965e-06 Reference value :  9.10975e-06 Reference value :  9.10978e-06 Reference value :  9.10980e-06 Reference value :  9.10983e-06 Reference value :  9.10986e-06 Reference value :  9.10991e-06 Reference value :  9.10997e-06 Reference value :  9.11003e-06 Reference value :  9.11008e-06 Reference value :  9.11017e-06 Reference value :  9.11044e-06 Reference value :  9.11317e-06 Reference value :  9.13109e-06 Reference value :  9.16086e-06 Reference value :  9.16087e-06 Reference value :  9.16176e-06 Reference value :  9.16187e-06 Reference value :  9.16205e-06 Reference value :  9.16293e-06 Reference value :  9.17797e-06 Reference value :  9.21385e-06 Reference value :  9.21423e-06 Reference value :  9.21493e-06 Reference value :  9.21556e-06 Reference value :  9.21564e-06 Reference value :  9.21569e-06 Reference value :  9.21571e-06 Reference value :  9.21576e-06 Reference value :  9.21580e-06 Reference value :  9.21587e-06 Reference value :  9.21594e-06 Reference value :  9.21608e-06 Reference value :  9.21613e-06 Reference value :  9.21616e-06 Reference value :  9.21618e-06 Reference value :  9.21623e-06 Reference value :  9.21642e-06 Reference value :  9.21720e-06 Reference value :  9.22471e-06 Reference value :  9.24971e-06 Reference value :  9.26684e-06 Reference value :  9.26696e-06 Reference value :  9.26776e-06 Reference value :  9.26787e-06 Reference value :  9.26833e-06 Reference value :  9.26957e-06 Reference value :  9.29995e-06 Reference value :  9.31985e-06 Reference value :  9.32083e-06 Reference value :  9.32146e-06 Reference value :  9.32160e-06 Reference value :  9.32170e-06 Reference value :  9.32173e-06 Reference value :  9.32175e-06 Reference value :  9.32178e-06 Reference value :  9.32182e-06 Reference value :  9.32187e-06 Reference value :  9.32193e-06 Reference value :  9.32200e-06 Reference value :  9.32204e-06 Reference value :  9.32220e-06 Reference value :  9.32294e-06 Reference value :  9.33302e-06 Reference value :  9.36302e-06 Reference value :  9.37281e-06 Reference value :  9.37330e-06 Reference value :  9.37381e-06 Reference value :  9.37392e-06 Reference value :  9.37482e-06 Reference value :  9.37992e-06 Reference value :  9.41992e-06 Reference value :  9.42589e-06 Reference value :  9.42681e-06 Reference value :  9.42750e-06 Reference value :  9.42759e-06 Reference value :  9.42764e-06 Reference value :  9.42766e-06 Reference value :  9.42771e-06 Reference value :  9.42775e-06 Reference value :  9.42782e-06 Reference value :  9.42792e-06 Reference value :  9.42805e-06 Reference value :  9.42811e-06 Reference value :  9.42813e-06 Reference value :  9.42821e-06 Reference value :  9.42856e-06 Reference value :  9.43042e-06 Reference value :  9.44666e-06 Reference value :  9.47522e-06 Reference value :  9.47879e-06 Reference value :  9.47928e-06 Reference value :  9.47979e-06 Reference value :  9.47990e-06 Reference value :  9.48080e-06 Reference value :  9.49190e-06 Reference value :  9.53178e-06 Reference value :  9.53240e-06 Reference value :  9.53320e-06 Reference value :  9.53345e-06 Reference value :  9.53360e-06 Reference value :  9.53367e-06 Reference value :  9.53369e-06 Reference value :  9.53371e-06 Reference value :  9.53373e-06 Reference value :  9.53377e-06 Reference value :  9.53382e-06 Reference value :  9.53388e-06 Reference value :  9.53395e-06 Reference value :  9.53399e-06 Reference value :  9.53415e-06 Reference value :  9.53489e-06 Reference value :  9.54089e-06 Reference value :  9.56495e-06 Reference value :  9.58476e-06 Reference value :  9.58482e-06 Reference value :  9.58567e-06 Reference value :  9.58578e-06 Reference value :  9.58605e-06 Reference value :  9.58691e-06 Reference value :  9.60687e-06 Reference value :  9.63776e-06 Reference value :  9.63844e-06 Reference value :  9.63944e-06 Reference value :  9.63948e-06 Reference value :  9.63956e-06 Reference value :  9.63960e-06 Reference value :  9.63963e-06 Reference value :  9.63969e-06 Reference value :  9.63975e-06 Reference value :  9.63982e-06 Reference value :  9.63998e-06 Reference value :  9.64003e-06 Reference value :  9.64006e-06 Reference value :  9.64009e-06 Reference value :  9.64016e-06 Reference value :  9.64041e-06 Reference value :  9.64237e-06 Reference value :  9.66361e-06 Reference value :  9.69073e-06 Reference value :  9.69075e-06 Reference value :  9.69163e-06 Reference value :  9.69174e-06 Reference value :  9.69193e-06 Reference value :  9.69290e-06 Reference value :  9.71385e-06 Reference value :  9.74373e-06 Reference value :  9.74473e-06 Reference value :  9.74536e-06 Reference value :  9.74550e-06 Reference value :  9.74560e-06 Reference value :  9.74563e-06 Reference value :  9.74565e-06 Reference value :  9.74568e-06 Reference value :  9.74572e-06 Reference value :  9.74577e-06 Reference value :  9.74582e-06 Reference value :  9.74586e-06 Reference value :  9.74591e-06 Reference value :  9.74599e-06 Reference value :  9.74618e-06 Reference value :  9.74891e-06 Reference value :  9.77151e-06 Reference value :  9.79671e-06 Reference value :  9.79674e-06 Reference value :  9.79762e-06 Reference value :  9.79773e-06 Reference value :  9.79800e-06 Reference value :  9.79886e-06 Reference value :  9.81882e-06 Reference value :  9.84971e-06 Reference value :  9.85039e-06 Reference value :  9.85139e-06 Reference value :  9.85147e-06 Reference value :  9.85151e-06 Reference value :  9.85155e-06 Reference value :  9.85158e-06 Reference value :  9.85164e-06 Reference value :  9.85170e-06 Reference value :  9.85179e-06 Reference value :  9.85195e-06 Reference value :  9.85201e-06 Reference value :  9.85204e-06 Reference value :  9.85214e-06 Reference value :  9.85259e-06 Reference value :  9.85745e-06 Reference value :  9.88556e-06 Reference value :  9.90269e-06 Reference value :  9.90282e-06 Reference value :  9.90369e-06 Reference value :  9.90378e-06 Reference value :  9.90468e-06 Reference value :  9.90773e-06 Reference value :  9.94580e-06 Reference value :  9.95598e-06 Reference value :  9.95677e-06 Reference value :  9.95732e-06 Reference value :  9.95750e-06 Reference value :  9.95757e-06 Reference value :  9.95759e-06 Reference value :  9.95762e-06 Reference value :  9.95766e-06 Reference value :  9.95771e-06 Reference value :  9.95777e-06 Reference value :  9.95781e-06 Reference value :  9.95786e-06 Reference value :  9.95794e-06 Reference value :  9.95813e-06 Reference value :  9.95992e-06 Reference value :  9.97842e-06 Reference value :  1.00060e-05 Reference value :  1.00087e-05 Reference value :  1.00096e-05 Reference value :  1.00097e-05 Reference value :  1.00100e-05 Reference value :  1.00108e-05 Reference value :  1.00308e-05 Reference value :  1.00617e-05 Reference value :  1.00623e-05 Reference value :  1.00630e-05 Reference value :  1.00634e-05 Reference value :  1.00634e-05 Reference value :  1.00635e-05 Reference value :  1.00635e-05 Reference value :  1.00636e-05 Reference value :  1.00637e-05 Reference value :  1.00637e-05 Reference value :  1.00639e-05 Reference value :  1.00639e-05 Reference value :  1.00640e-05 Reference value :  1.00640e-05 Reference value :  1.00641e-05 Reference value :  1.00644e-05 Reference value :  1.00675e-05 Reference value :  1.00925e-05 Reference value :  1.01146e-05 Reference value :  1.01147e-05 Reference value :  1.01155e-05 Reference value :  1.01157e-05 Reference value :  1.01159e-05 Reference value :  1.01170e-05 Reference value :  1.01428e-05 Reference value :  1.01677e-05 Reference value :  1.01686e-05 Reference value :  1.01693e-05 Reference value :  1.01694e-05 Reference value :  1.01695e-05 Reference value :  1.01695e-05 Reference value :  1.01696e-05 Reference value :  1.01696e-05 Reference value :  1.01696e-05 Reference value :  1.01697e-05 Reference value :  1.01697e-05 Reference value :  1.01698e-05 Reference value :  1.01698e-05 Reference value :  1.01699e-05 Reference value :  1.01700e-05 Reference value :  1.01711e-05 Reference value :  1.01853e-05 Reference value :  1.02103e-05 Reference value :  1.02206e-05 Reference value :  1.02209e-05 Reference value :  1.02216e-05 Reference value :  1.02217e-05 Reference value :  1.02226e-05 Reference value :  1.02239e-05 Reference value :  1.02577e-05 Reference value :  1.02736e-05 Reference value :  1.02746e-05 Reference value :  1.02753e-05 Reference value :  1.02754e-05 Reference value :  1.02754e-05 Reference value :  1.02755e-05 Reference value :  1.02755e-05 Reference value :  1.02756e-05 Reference value :  1.02756e-05 Reference value :  1.02757e-05 Reference value :  1.02759e-05 Reference value :  1.02759e-05 Reference value :  1.02759e-05 Reference value :  1.02760e-05 Reference value :  1.02761e-05 Reference value :  1.02765e-05 Reference value :  1.02813e-05 Reference value :  1.03095e-05 Reference value :  1.03266e-05 Reference value :  1.03267e-05 Reference value :  1.03276e-05 Reference value :  1.03277e-05 Reference value :  1.03286e-05 Reference value :  1.03316e-05 Reference value :  1.03747e-05 Reference value :  1.03799e-05 Reference value :  1.03806e-05 Reference value :  1.03812e-05 Reference value :  1.03814e-05 Reference value :  1.03814e-05 Reference value :  1.03815e-05 Reference value :  1.03815e-05 Reference value :  1.03815e-05 Reference value :  1.03816e-05 Reference value :  1.03816e-05 Reference value :  1.03817e-05 Reference value :  1.03817e-05 Reference value :  1.03817e-05 Reference value :  1.03818e-05 Reference value :  1.03819e-05 Reference value :  1.03821e-05 Reference value :  1.03865e-05 Reference value :  1.04073e-05 Reference value :  1.04326e-05 Reference value :  1.04326e-05 Reference value :  1.04335e-05 Reference value :  1.04336e-05 Reference value :  1.04338e-05 Reference value :  1.04346e-05 Reference value :  1.04497e-05 Reference value :  1.04855e-05 Reference value :  1.04859e-05 Reference value :  1.04867e-05 Reference value :  1.04873e-05 Reference value :  1.04873e-05 Reference value :  1.04874e-05 Reference value :  1.04874e-05 Reference value :  1.04875e-05 Reference value :  1.04875e-05 Reference value :  1.04876e-05 Reference value :  1.04877e-05 Reference value :  1.04878e-05 Reference value :  1.04879e-05 Reference value :  1.04879e-05 Reference value :  1.04880e-05 Reference value :  1.04884e-05 Reference value :  1.04914e-05 Reference value :  1.05114e-05 Reference value :  1.05385e-05 Reference value :  1.05385e-05 Reference value :  1.05394e-05 Reference value :  1.05395e-05 Reference value :  1.05397e-05 Reference value :  1.05407e-05 Reference value :  1.05616e-05 Reference value :  1.05915e-05 Reference value :  1.05925e-05 Reference value :  1.05932e-05 Reference value :  1.05933e-05 Reference value :  1.05934e-05 Reference value :  1.05934e-05 Reference value :  1.05935e-05 Reference value :  1.05935e-05 Reference value :  1.05935e-05 Reference value :  1.05936e-05 Reference value :  1.05936e-05 Reference value :  1.05937e-05 Reference value :  1.05937e-05 Reference value :  1.05937e-05 Reference value :  1.05939e-05 Reference value :  1.05946e-05 Reference value :  1.06042e-05 Reference value :  1.06292e-05 Reference value :  1.06445e-05 Reference value :  1.06446e-05 Reference value :  1.06454e-05 Reference value :  1.06455e-05 Reference value :  1.06460e-05 Reference value :  1.06468e-05 Reference value :  1.06716e-05 Reference value :  1.06975e-05 Reference value :  1.06982e-05 Reference value :  1.06989e-05 Reference value :  1.06992e-05 Reference value :  1.06993e-05 Reference value :  1.06994e-05 Reference value :  1.06994e-05 Reference value :  1.06994e-05 Reference value :  1.06995e-05 Reference value :  1.06996e-05 Reference value :  1.06997e-05 Reference value :  1.06998e-05 Reference value :  1.06998e-05 Reference value :  1.06998e-05 Reference value :  1.06999e-05 Reference value :  1.07002e-05 Reference value :  1.07021e-05 Reference value :  1.07184e-05 Reference value :  1.07469e-05 Reference value :  1.07505e-05 Reference value :  1.07510e-05 Reference value :  1.07515e-05 Reference value :  1.07516e-05 Reference value :  1.07525e-05 Reference value :  1.07636e-05 Reference value :  1.08035e-05 Reference value :  1.08041e-05 Reference value :  1.08049e-05 Reference value :  1.08051e-05 Reference value :  1.08053e-05 Reference value :  1.08054e-05 Reference value :  1.08054e-05 Reference value :  1.08054e-05 Reference value :  1.08055e-05 Reference value :  1.08055e-05 Reference value :  1.08056e-05 Reference value :  1.08056e-05 Reference value :  1.08056e-05 Reference value :  1.08057e-05 Reference value :  1.08058e-05 Reference value :  1.08062e-05 Reference value :  1.08103e-05 Reference value :  1.08361e-05 Reference value :  1.08565e-05 Reference value :  1.08565e-05 Reference value :  1.08574e-05 Reference value :  1.08575e-05 Reference value :  1.08578e-05 Reference value :  1.08586e-05 Reference value :  1.08786e-05 Reference value :  1.09095e-05 Reference value :  1.09098e-05 Reference value :  1.09106e-05 Reference value :  1.09112e-05 Reference value :  1.09112e-05 Reference value :  1.09113e-05 Reference value :  1.09113e-05 Reference value :  1.09114e-05 Reference value :  1.09114e-05 Reference value :  1.09115e-05 Reference value :  1.09116e-05 Reference value :  1.09117e-05 Reference value :  1.09118e-05 Reference value :  1.09118e-05 Reference value :  1.09119e-05 Reference value :  1.09122e-05 Reference value :  1.09153e-05 Reference value :  1.09403e-05 Reference value :  1.09625e-05 Reference value :  1.09634e-05 Reference value :  1.09642e-05 Reference value :  1.09948e-05 Reference value :  1.10154e-05 Reference value :  1.10161e-05 Reference value :  1.10168e-05 Reference value :  1.10172e-05 Reference value :  1.10173e-05 Reference value :  1.10174e-05 Reference value :  1.10174e-05 Reference value :  1.10174e-05 Reference value :  1.10175e-05 Reference value :  1.10175e-05 Reference value :  1.10176e-05 Reference value :  1.10176e-05 Reference value :  1.10176e-05 Reference value :  1.10177e-05 Reference value :  1.10178e-05 Reference value :  1.10182e-05 Reference value :  1.10220e-05 Reference value :  1.10427e-05 Reference value :  1.10685e-05 Reference value :  1.10694e-05 Reference value :  1.10699e-05 Reference value :  1.10976e-05 Reference value :  1.11214e-05 Reference value :  1.11224e-05 Reference value :  1.11230e-05 Reference value :  1.11230e-05 Reference value :  1.11231e-05 Reference value :  1.11231e-05 Reference value :  1.11232e-05 Reference value :  1.11232e-05 Reference value :  1.11233e-05 Reference value :  1.11233e-05 Reference value :  1.11235e-05 Reference value :  1.11236e-05 Reference value :  1.11236e-05 Reference value :  1.11236e-05 Reference value :  1.11237e-05 Reference value :  1.11238e-05 Reference value :  1.11239e-05 Reference value :  1.11240e-05 Reference value :  1.11240e-05 Reference value :  1.11241e-05 Reference value :  1.11243e-05 Reference value :  1.11246e-05 Reference value :  1.11248e-05 Reference value :  1.11250e-05 Reference value :  1.11254e-05 Reference value :  1.11272e-05 Reference value :  1.11349e-05 Reference value :  1.11520e-05 Reference value :  1.11750e-05 Reference value :  1.11754e-05 Reference value :  1.11854e-05 Reference value :  1.12204e-05 Reference value :  1.12275e-05 Reference value :  1.12284e-05 Reference value :  1.12291e-05 Reference value :  1.12292e-05 Reference value :  1.12293e-05 Reference value :  1.12294e-05 Reference value :  1.12294e-05 Reference value :  1.12294e-05 Reference value :  1.12295e-05 Reference value :  1.12295e-05 Reference value :  1.12295e-05 Reference value :  1.12296e-05 Reference value :  1.12297e-05 Reference value :  1.12297e-05 Reference value :  1.12300e-05 Reference value :  1.12335e-05 Reference value :  1.12582e-05 Reference value :  1.12804e-05 Reference value :  1.12814e-05 Reference value :  1.12816e-05 Reference value :  1.13027e-05 Reference value :  1.13334e-05 Reference value :  1.13340e-05 Reference value :  1.13350e-05 Reference value :  1.13351e-05 Reference value :  1.13352e-05 Reference value :  1.13352e-05 Reference value :  1.13352e-05 Reference value :  1.13353e-05 Reference value :  1.13354e-05 Reference value :  1.13355e-05 Reference value :  1.13356e-05 Reference value :  1.13356e-05 Reference value :  1.13357e-05 Reference value :  1.13357e-05 Reference value :  1.13358e-05 Reference value :  1.13362e-05 Reference value :  1.13412e-05 Reference value :  1.13693e-05 Reference value :  1.13866e-05 Reference value :  1.13873e-05 Reference value :  1.13906e-05 Reference value :  1.14238e-05 Reference value :  1.14394e-05 Reference value :  1.14403e-05 Reference value :  1.14410e-05 Reference value :  1.14412e-05 Reference value :  1.14413e-05 Reference value :  1.14413e-05 Reference value :  1.14413e-05 Reference value :  1.14414e-05 Reference value :  1.14414e-05 Reference value :  1.14415e-05 Reference value :  1.14415e-05 Reference value :  1.14416e-05 Reference value :  1.14417e-05 Reference value :  1.14420e-05 Reference value :  1.14452e-05 Reference value :  1.14693e-05 Reference value :  1.14924e-05 Reference value :  1.14933e-05 Reference value :  1.14946e-05 Reference value :  1.15284e-05 Reference value :  1.15453e-05 Reference value :  1.15460e-05 Reference value :  1.15470e-05 Reference value :  1.15471e-05 Reference value :  1.15471e-05 Reference value :  1.15472e-05 Reference value :  1.15472e-05 Reference value :  1.15473e-05 Reference value :  1.15473e-05 Reference value :  1.15474e-05 Reference value :  1.15475e-05 Reference value :  1.15476e-05 Reference value :  1.15476e-05 Reference value :  1.15477e-05 Reference value :  1.15478e-05 Reference value :  1.15481e-05 Reference value :  1.15500e-05 Reference value :  1.15661e-05 Reference value :  1.15947e-05 Reference value :  1.15993e-05 Reference value :  1.15995e-05 Reference value :  1.16206e-05 Reference value :  1.16513e-05 Reference value :  1.16520e-05 Reference value :  1.16526e-05 Reference value :  1.16530e-05 Reference value :  1.16532e-05 Reference value :  1.16532e-05 Reference value :  1.16533e-05 Reference value :  1.16533e-05 Reference value :  1.16533e-05 Reference value :  1.16534e-05 Reference value :  1.16534e-05 Reference value :  1.16535e-05 Reference value :  1.16536e-05 Reference value :  1.16537e-05 Reference value :  1.16540e-05 Reference value :  1.16560e-05 Reference value :  1.16768e-05 Reference value :  1.17043e-05 Reference value :  1.17053e-05 Reference value :  1.17060e-05 Reference value :  1.17361e-05 Reference value :  1.17573e-05 Reference value :  1.17579e-05 Reference value :  1.17590e-05 Reference value :  1.17590e-05 Reference value :  1.17591e-05 Reference value :  1.17591e-05 Reference value :  1.17592e-05 Reference value :  1.17592e-05 Reference value :  1.17593e-05 Reference value :  1.17594e-05 Reference value :  1.17595e-05 Reference value :  1.17596e-05 Reference value :  1.17596e-05 Reference value :  1.17596e-05 Reference value :  1.17598e-05 Reference value :  1.17603e-05 Reference value :  1.17652e-05 Reference value :  1.17933e-05 Reference value :  1.18105e-05 Reference value :  1.18112e-05 Reference value :  1.18129e-05 Reference value :  1.18479e-05 Reference value :  1.18632e-05 Reference value :  1.18639e-05 Reference value :  1.18646e-05 Reference value :  1.18650e-05 Reference value :  1.18651e-05 Reference value :  1.18652e-05 Reference value :  1.18652e-05 Reference value :  1.18652e-05 Reference value :  1.18653e-05 Reference value :  1.18653e-05 Reference value :  1.18654e-05 Reference value :  1.18654e-05 Reference value :  1.18655e-05 Reference value :  1.18657e-05 Reference value :  1.18666e-05 Reference value :  1.18740e-05 Reference value :  1.18984e-05 Reference value :  1.19165e-05 Reference value :  1.19172e-05 Reference value :  1.19186e-05 Reference value :  1.19526e-05 Reference value :  1.19692e-05 Reference value :  1.19699e-05 Reference value :  1.19709e-05 Reference value :  1.19710e-05 Reference value :  1.19710e-05 Reference value :  1.19711e-05 Reference value :  1.19711e-05 Reference value :  1.19712e-05 Reference value :  1.19712e-05 Reference value :  1.19713e-05 Reference value :  1.19714e-05 Reference value :  1.19715e-05 Reference value :  1.19715e-05 Reference value :  1.19716e-05 Reference value :  1.19716e-05 Reference value :  1.19719e-05 Reference value :  1.19731e-05 Reference value :  1.19850e-05 Reference value :  1.20100e-05 Reference value :  1.20227e-05 Reference value :  1.20232e-05 Reference value :  1.20263e-05 Reference value :  1.20645e-05 Reference value :  1.20753e-05 Reference value :  1.20762e-05 Reference value :  1.20769e-05 Reference value :  1.20771e-05 Reference value :  1.20771e-05 Reference value :  1.20771e-05 Reference value :  1.20772e-05 Reference value :  1.20772e-05 Reference value :  1.20772e-05 Reference value :  1.20773e-05 Reference value :  1.20773e-05 Reference value :  1.20774e-05 Reference value :  1.20775e-05 Reference value :  1.20776e-05 Reference value :  1.20779e-05 Reference value :  1.20799e-05 Reference value :  1.21005e-05 Reference value :  1.21282e-05 Reference value :  1.21292e-05 Reference value :  1.21298e-05 Reference value :  1.21597e-05 Reference value :  1.21812e-05 Reference value :  1.21819e-05 Reference value :  1.21829e-05 Reference value :  1.21829e-05 Reference value :  1.21830e-05 Reference value :  1.21830e-05 Reference value :  1.21831e-05 Reference value :  1.21831e-05 Reference value :  1.21832e-05 Reference value :  1.21833e-05 Reference value :  1.21834e-05 Reference value :  1.21835e-05 Reference value :  1.21835e-05 Reference value :  1.21835e-05 Reference value :  1.21837e-05 Reference value :  1.21842e-05 Reference value :  1.21890e-05 Reference value :  1.22120e-05 Reference value :  1.22342e-05 Reference value :  1.22351e-05 Reference value :  1.22359e-05 Reference value :  1.22665e-05 Reference value :  1.22871e-05 Reference value :  1.22878e-05 Reference value :  1.22885e-05 Reference value :  1.22889e-05 Reference value :  1.22890e-05 Reference value :  1.22891e-05 Reference value :  1.22891e-05 Reference value :  1.22891e-05 Reference value :  1.22892e-05 Reference value :  1.22892e-05 Reference value :  1.22893e-05 Reference value :  1.22893e-05 Reference value :  1.22894e-05 Reference value :  1.22894e-05 Reference value :  1.22895e-05 Reference value :  1.22900e-05 Reference value :  1.22930e-05 Reference value :  1.23121e-05 Reference value :  1.23401e-05 Reference value :  1.23411e-05 Reference value :  1.23412e-05 Reference value :  1.23563e-05 Reference value :  1.23897e-05 Reference value :  1.23933e-05 Reference value :  1.23941e-05 Reference value :  1.23948e-05 Reference value :  1.23949e-05 Reference value :  1.23950e-05 Reference value :  1.23950e-05 Reference value :  1.23950e-05 Reference value :  1.23951e-05 Reference value :  1.23952e-05 Reference value :  1.23953e-05 Reference value :  1.23954e-05 Reference value :  1.23954e-05 Reference value :  1.23954e-05 Reference value :  1.23955e-05 Reference value :  1.23956e-05 Reference value :  1.23962e-05 Reference value :  1.24039e-05 Reference value :  1.24289e-05 Reference value :  1.24463e-05 Reference value :  1.24471e-05 Reference value :  1.24487e-05 Reference value :  1.24834e-05 Reference value :  1.24991e-05 Reference value :  1.24998e-05 Reference value :  1.25004e-05 Reference value :  1.25008e-05 Reference value :  1.25010e-05 Reference value :  1.25010e-05 Reference value :  1.25011e-05 Reference value :  1.25011e-05 Reference value :  1.25011e-05 Reference value :  1.25012e-05 Reference value :  1.25012e-05 Reference value :  1.25013e-05 Reference value :  1.25013e-05 Reference value :  1.25014e-05 Reference value :  1.25015e-05 Reference value :  1.25025e-05 Reference value :  1.25147e-05 Reference value :  1.25447e-05 Reference value :  1.25531e-05 Reference value :  1.25532e-05 Reference value :  1.25740e-05 Reference value :  1.26051e-05 Reference value :  1.26054e-05 Reference value :  1.26061e-05 Reference value :  1.26068e-05 Reference value :  1.26068e-05 Reference value :  1.26069e-05 Reference value :  1.26069e-05 Reference value :  1.26070e-05 Reference value :  1.26070e-05 Reference value :  1.26071e-05 Reference value :  1.26072e-05 Reference value :  1.26073e-05 Reference value :  1.26073e-05 Reference value :  1.26074e-05 Reference value :  1.26074e-05 Reference value :  1.26075e-05 Reference value :  1.26081e-05 Reference value :  1.26125e-05 Reference value :  1.26349e-05 Reference value :  1.26581e-05 Reference value :  1.26590e-05 Reference value :  1.26597e-05 Reference value :  1.26889e-05 Reference value :  1.27110e-05 Reference value :  1.27118e-05 Reference value :  1.27124e-05 Reference value :  1.27128e-05 Reference value :  1.27130e-05 Reference value :  1.27130e-05 Reference value :  1.27131e-05 Reference value :  1.27131e-05 Reference value :  1.27131e-05 Reference value :  1.27132e-05 Reference value :  1.27132e-05 Reference value :  1.27133e-05 Reference value :  1.27133e-05 Reference value :  1.27134e-05 Reference value :  1.27136e-05 Reference value :  1.27150e-05 Reference value :  1.27319e-05 Reference value :  1.27605e-05 Reference value :  1.27650e-05 Reference value :  1.27652e-05 Reference value :  1.27864e-05 Reference value :  1.28170e-05 Reference value :  1.28177e-05 Reference value :  1.28184e-05 Reference value :  1.28187e-05 Reference value :  1.28188e-05 Reference value :  1.28188e-05 Reference value :  1.28189e-05 Reference value :  1.28189e-05 Reference value :  1.28190e-05 Reference value :  1.28191e-05 Reference value :  1.28192e-05 Reference value :  1.28193e-05 Reference value :  1.28193e-05 Reference value :  1.28193e-05 Reference value :  1.28195e-05 Reference value :  1.28200e-05 Reference value :  1.28246e-05 Reference value :  1.28473e-05 Reference value :  1.28701e-05 Reference value :  1.28710e-05 Reference value :  1.28717e-05 Reference value :  1.29015e-05 Reference value :  1.29230e-05 Reference value :  1.29237e-05 Reference value :  1.29243e-05 Reference value :  1.29248e-05 Reference value :  1.29249e-05 Reference value :  1.29250e-05 Reference value :  1.29250e-05 Reference value :  1.29250e-05 Reference value :  1.29250e-05 Reference value :  1.29251e-05 Reference value :  1.29252e-05 Reference value :  1.29252e-05 Reference value :  1.29253e-05 Reference value :  1.29253e-05 Reference value :  1.29255e-05 Reference value :  1.29269e-05 Reference value :  1.29383e-05 Reference value :  1.29633e-05 Reference value :  1.29765e-05 Reference value :  1.29770e-05 Reference value :  1.29797e-05 Reference value :  1.30175e-05 Reference value :  1.30290e-05 Reference value :  1.30300e-05 Reference value :  1.30307e-05 Reference value :  1.30308e-05 Reference value :  1.30308e-05 Reference value :  1.30308e-05 Reference value :  1.30309e-05 Reference value :  1.30310e-05 Reference value :  1.30310e-05 Reference value :  1.30312e-05 Reference value :  1.30312e-05 Reference value :  1.30313e-05 Reference value :  1.30313e-05 Reference value :  1.30314e-05 Reference value :  1.30319e-05 Reference value :  1.30368e-05 Reference value :  1.30648e-05 Reference value :  1.30825e-05 Reference value :  1.30830e-05 Reference value :  1.30893e-05 Reference value :  1.31293e-05 Reference value :  1.31350e-05 Reference value :  1.31359e-05 Reference value :  1.31366e-05 Reference value :  1.31368e-05 Reference value :  1.31369e-05 Reference value :  1.31369e-05 Reference value :  1.31369e-05 Reference value :  1.31369e-05 Reference value :  1.31370e-05 Reference value :  1.31370e-05 Reference value :  1.31371e-05 Reference value :  1.31371e-05 Reference value :  1.31372e-05 Reference value :  1.31374e-05 Reference value :  1.31380e-05 Reference value :  1.31426e-05 Reference value :  1.31648e-05 Reference value :  1.31880e-05 Reference value :  1.31889e-05 Reference value :  1.31895e-05 Reference value :  1.32189e-05 Reference value :  1.32409e-05 Reference value :  1.32416e-05 Reference value :  1.32423e-05 Reference value :  1.32427e-05 Reference value :  1.32428e-05 Reference value :  1.32428e-05 Reference value :  1.32428e-05 Reference value :  1.32429e-05 Reference value :  1.32429e-05 Reference value :  1.32430e-05 Reference value :  1.32431e-05 Reference value :  1.32432e-05 Reference value :  1.32432e-05 Reference value :  1.32433e-05 Reference value :  1.32433e-05 Reference value :  1.32434e-05 Reference value :  1.32438e-05 Reference value :  1.32468e-05 Reference value :  1.32667e-05 Reference value :  1.32939e-05 Reference value :  1.32949e-05 Reference value :  1.32951e-05 Reference value :  1.33162e-05 Reference value :  1.33469e-05 Reference value :  1.33472e-05 Reference value :  1.33480e-05 Reference value :  1.33486e-05 Reference value :  1.33488e-05 Reference value :  1.33488e-05 Reference value :  1.33488e-05 Reference value :  1.33489e-05 Reference value :  1.33489e-05 Reference value :  1.33489e-05 Reference value :  1.33490e-05 Reference value :  1.33491e-05 Reference value :  1.33491e-05 Reference value :  1.33492e-05 Reference value :  1.33493e-05 Reference value :  1.33498e-05 Reference value :  1.33537e-05 Reference value :  1.33747e-05 Reference value :  1.33999e-05 Reference value :  1.34009e-05 Reference value :  1.34014e-05 Reference value :  1.34291e-05 Reference value :  1.34529e-05 Reference value :  1.34538e-05 Reference value :  1.34544e-05 Reference value :  1.34545e-05 Reference value :  1.34545e-05 Reference value :  1.34546e-05 Reference value :  1.34546e-05 Reference value :  1.34547e-05 Reference value :  1.34548e-05 Reference value :  1.34549e-05 Reference value :  1.34550e-05 Reference value :  1.34550e-05 Reference value :  1.34550e-05 Reference value :  1.34551e-05 Reference value :  1.34552e-05 Reference value :  1.34561e-05 Reference value :  1.34685e-05 Reference value :  1.34985e-05 Reference value :  1.35068e-05 Reference value :  1.35070e-05 Reference value :  1.35278e-05 Reference value :  1.35588e-05 Reference value :  1.35595e-05 Reference value :  1.35602e-05 Reference value :  1.35606e-05 Reference value :  1.35608e-05 Reference value :  1.35608e-05 Reference value :  1.35608e-05 Reference value :  1.35608e-05 Reference value :  1.35609e-05 Reference value :  1.35609e-05 Reference value :  1.35610e-05 Reference value :  1.35610e-05 Reference value :  1.35611e-05 Reference value :  1.35613e-05 Reference value :  1.35619e-05 Reference value :  1.35697e-05 Reference value :  1.35947e-05 Reference value :  1.36120e-05 Reference value :  1.36128e-05 Reference value :  1.36132e-05 Reference value :  1.36342e-05 Reference value :  1.36648e-05 Reference value :  1.36652e-05 Reference value :  1.36658e-05 Reference value :  1.36665e-05 Reference value :  1.36666e-05 Reference value :  1.36666e-05 Reference value :  1.36667e-05 Reference value :  1.36667e-05 Reference value :  1.36667e-05 Reference value :  1.36668e-05 Reference value :  1.36669e-05 Reference value :  1.36670e-05 Reference value :  1.36671e-05 Reference value :  1.36671e-05 Reference value :  1.36671e-05 Reference value :  1.36673e-05 Reference value :  1.36678e-05 Reference value :  1.36724e-05 Reference value :  1.37000e-05 Reference value :  1.37180e-05 Reference value :  1.37188e-05 Reference value :  1.37215e-05 Reference value :  1.37592e-05 Reference value :  1.37708e-05 Reference value :  1.37718e-05 Reference value :  1.37725e-05 Reference value :  1.37727e-05 Reference value :  1.37728e-05 Reference value :  1.37728e-05 Reference value :  1.37728e-05 Reference value :  1.37728e-05 Reference value :  1.37729e-05 Reference value :  1.37729e-05 Reference value :  1.37730e-05 Reference value :  1.37730e-05 Reference value :  1.37731e-05 Reference value :  1.37733e-05 Reference value :  1.37741e-05 Reference value :  1.37860e-05 Reference value :  1.38110e-05 Reference value :  1.38243e-05 Reference value :  1.38248e-05 Reference value :  1.38302e-05 Reference value :  1.38702e-05 Reference value :  1.38769e-05 Reference value :  1.38778e-05 Reference value :  1.38785e-05 Reference value :  1.38786e-05 Reference value :  1.38786e-05 Reference value :  1.38786e-05 Reference value :  1.38787e-05 Reference value :  1.38788e-05 Reference value :  1.38788e-05 Reference value :  1.38790e-05 Reference value :  1.38790e-05 Reference value :  1.38791e-05 Reference value :  1.38791e-05 Reference value :  1.38792e-05 Reference value :  1.38795e-05 Reference value :  1.38826e-05 Reference value :  1.39026e-05 Reference value :  1.39297e-05 Reference value :  1.39307e-05 Reference value :  1.39309e-05 Reference value :  1.39521e-05 Reference value :  1.39827e-05 Reference value :  1.39834e-05 Reference value :  1.39841e-05 Reference value :  1.39845e-05 Reference value :  1.39846e-05 Reference value :  1.39847e-05 Reference value :  1.39847e-05 Reference value :  1.39847e-05 Reference value :  1.39848e-05 Reference value :  1.39848e-05 Reference value :  1.39849e-05 Reference value :  1.39849e-05 Reference value :  1.39850e-05 Reference value :  1.39851e-05 Reference value :  1.39854e-05 Reference value :  1.39886e-05 Reference value :  1.40128e-05 Reference value :  1.40358e-05 Reference value :  1.40367e-05 Reference value :  1.40380e-05 Reference value :  1.40719e-05 Reference value :  1.40887e-05 Reference value :  1.40897e-05 Reference value :  1.40904e-05 Reference value :  1.40905e-05 Reference value :  1.40906e-05 Reference value :  1.40906e-05 Reference value :  1.40907e-05 Reference value :  1.40907e-05 Reference value :  1.40908e-05 Reference value :  1.40909e-05 Reference value :  1.40910e-05 Reference value :  1.40910e-05 Reference value :  1.40911e-05 Reference value :  1.40911e-05 Reference value :  1.40914e-05 Reference value :  1.40934e-05 Reference value :  1.41095e-05 Reference value :  1.41381e-05 Reference value :  1.41427e-05 Reference value :  1.41429e-05 Reference value :  1.41590e-05 Reference value :  1.41890e-05 Reference value :  1.41948e-05 Reference value :  1.41957e-05 Reference value :  1.41964e-05 Reference value :  1.41966e-05 Reference value :  1.41966e-05 Reference value :  1.41966e-05 Reference value :  1.41967e-05 Reference value :  1.41967e-05 Reference value :  1.41967e-05 Reference value :  1.41968e-05 Reference value :  1.41968e-05 Reference value :  1.41969e-05 Reference value :  1.41970e-05 Reference value :  1.41971e-05 Reference value :  1.41981e-05 Reference value :  1.42056e-05 Reference value :  1.42353e-05 Reference value :  1.42482e-05 Reference value :  1.42487e-05 Reference value :  1.42516e-05 Reference value :  1.42896e-05 Reference value :  1.43007e-05 Reference value :  1.43017e-05 Reference value :  1.43023e-05 Reference value :  1.43024e-05 Reference value :  1.43025e-05 Reference value :  1.43025e-05 Reference value :  1.43026e-05 Reference value :  1.43026e-05 Reference value :  1.43027e-05 Reference value :  1.43028e-05 Reference value :  1.43029e-05 Reference value :  1.43029e-05 Reference value :  1.43030e-05 Reference value :  1.43030e-05 Reference value :  1.43032e-05 Reference value :  1.43040e-05 Reference value :  1.43164e-05 Reference value :  1.43464e-05 Reference value :  1.43546e-05 Reference value :  1.43548e-05 Reference value :  1.43709e-05 Reference value :  1.44066e-05 Reference value :  1.44070e-05 Reference value :  1.44077e-05 Reference value :  1.44083e-05 Reference value :  1.44085e-05 Reference value :  1.44086e-05 Reference value :  1.44086e-05 Reference value :  1.44086e-05 Reference value :  1.44086e-05 Reference value :  1.44087e-05 Reference value :  1.44087e-05 Reference value :  1.44088e-05 Reference value :  1.44088e-05 Reference value :  1.44089e-05 Reference value :  1.44090e-05 Reference value :  1.44091e-05 Reference value :  1.44100e-05 Reference value :  1.44175e-05 Reference value :  1.44422e-05 Reference value :  1.44601e-05 Reference value :  1.44606e-05 Reference value :  1.44636e-05 Reference value :  1.45015e-05 Reference value :  1.45127e-05 Reference value :  1.45136e-05 Reference value :  1.45143e-05 Reference value :  1.45144e-05 Reference value :  1.45144e-05 Reference value :  1.45145e-05 Reference value :  1.45145e-05 Reference value :  1.45146e-05 Reference value :  1.45147e-05 Reference value :  1.45148e-05 Reference value :  1.45149e-05 Reference value :  1.45149e-05 Reference value :  1.45149e-05 Reference value :  1.45150e-05 Reference value :  1.45153e-05 Reference value :  1.45165e-05 Reference value :  1.45286e-05 Reference value :  1.45586e-05 Reference value :  1.45666e-05 Reference value :  1.45668e-05 Reference value :  1.45882e-05 Reference value :  1.46186e-05 Reference value :  1.46189e-05 Reference value :  1.46197e-05 Reference value :  1.46203e-05 Reference value :  1.46204e-05 Reference value :  1.46205e-05 Reference value :  1.46205e-05 Reference value :  1.46206e-05 Reference value :  1.46206e-05 Reference value :  1.46206e-05 Reference value :  1.46207e-05 Reference value :  1.46207e-05 Reference value :  1.46208e-05 Reference value :  1.46208e-05 Reference value :  1.46210e-05 Reference value :  1.46214e-05 Reference value :  1.46245e-05 Reference value :  1.46438e-05 Reference value :  1.46716e-05 Reference value :  1.46726e-05 Reference value :  1.46727e-05 Reference value :  1.46929e-05 Reference value :  1.47246e-05 Reference value :  1.47253e-05 Reference value :  1.47259e-05 Reference value :  1.47263e-05 Reference value :  1.47264e-05 Reference value :  1.47264e-05 Reference value :  1.47265e-05 Reference value :  1.47265e-05 Reference value :  1.47265e-05 Reference value :  1.47266e-05 Reference value :  1.47268e-05 Reference value :  1.47269e-05 Reference value :  1.47269e-05 Reference value :  1.47269e-05 Reference value :  1.47270e-05 Reference value :  1.47273e-05 Reference value :  1.47292e-05 Reference value :  1.47504e-05 Reference value :  1.47775e-05 Reference value :  1.47785e-05 Reference value :  1.47787e-05 Reference value :  1.47999e-05 Reference value :  1.48305e-05 Reference value :  1.48312e-05 Reference value :  1.48322e-05 Reference value :  1.48323e-05 Reference value :  1.48324e-05 Reference value :  1.48325e-05 Reference value :  1.48325e-05 Reference value :  1.48325e-05 Reference value :  1.48326e-05 Reference value :  1.48326e-05 Reference value :  1.48327e-05 Reference value :  1.48327e-05 Reference value :  1.48328e-05 Reference value :  1.48328e-05 Reference value :  1.48331e-05 Reference value :  1.48344e-05 Reference value :  1.48458e-05 Reference value :  1.48708e-05 Reference value :  1.48841e-05 Reference value :  1.48845e-05 Reference value :  1.48900e-05 Reference value :  1.49300e-05 Reference value :  1.49366e-05 Reference value :  1.49375e-05 Reference value :  1.49382e-05 Reference value :  1.49383e-05 Reference value :  1.49384e-05 Reference value :  1.49384e-05 Reference value :  1.49385e-05 Reference value :  1.49385e-05 Reference value :  1.49386e-05 Reference value :  1.49387e-05 Reference value :  1.49388e-05 Reference value :  1.49388e-05 Reference value :  1.49388e-05 Reference value :  1.49389e-05 Reference value :  1.49391e-05 Reference value :  1.49399e-05 Reference value :  1.49474e-05 Reference value :  1.49724e-05 Reference value :  1.49897e-05 Reference value :  1.49905e-05 Reference value :  1.49921e-05 Reference value :  1.50268e-05 Reference value :  1.50425e-05 Reference value :  1.50432e-05 Reference value :  1.50438e-05 Reference value :  1.50442e-05 Reference value :  1.50444e-05 Reference value :  1.50444e-05 Reference value :  1.50445e-05 Reference value :  1.50445e-05 Reference value :  1.50445e-05 Reference value :  1.50446e-05 Reference value :  1.50446e-05 Reference value :  1.50447e-05 Reference value :  1.50447e-05 Reference value :  1.50448e-05 Reference value :  1.50450e-05 Reference value :  1.50458e-05 Reference value :  1.50529e-05 Reference value :  1.50774e-05 Reference value :  1.50957e-05 Reference value :  1.50965e-05 Reference value :  1.50977e-05 Reference value :  1.51315e-05 Reference value :  1.51485e-05 Reference value :  1.51492e-05 Reference value :  1.51498e-05 Reference value :  1.51502e-05 Reference value :  1.51503e-05 Reference value :  1.51503e-05 Reference value :  1.51504e-05 Reference value :  1.51504e-05 Reference value :  1.51505e-05 Reference value :  1.51506e-05 Reference value :  1.51507e-05 Reference value :  1.51508e-05 Reference value :  1.51508e-05 Reference value :  1.51508e-05 Reference value :  1.51509e-05 Reference value :  1.51510e-05 Reference value :  1.51519e-05 Reference value :  1.51593e-05 Reference value :  1.51843e-05 Reference value :  1.52017e-05 Reference value :  1.52024e-05 Reference value :  1.52040e-05 Reference value :  1.52337e-05 Reference value :  1.52544e-05 Reference value :  1.52551e-05 Reference value :  1.52558e-05 Reference value :  1.52562e-05 Reference value :  1.52564e-05 Reference value :  1.52564e-05 Reference value :  1.52564e-05 Reference value :  1.52564e-05 Reference value :  1.52565e-05 Reference value :  1.52565e-05 Reference value :  1.52566e-05 Reference value :  1.52566e-05 Reference value :  1.52567e-05 Reference value :  1.52568e-05 Reference value :  1.52571e-05 Reference value :  1.52597e-05 Reference value :  1.52773e-05 Reference value :  1.53048e-05 Reference value :  1.53084e-05 Reference value :  1.53085e-05 Reference value :  1.53266e-05 Reference value :  1.53604e-05 Reference value :  1.53614e-05 Reference value :  1.53620e-05 Reference value :  1.53620e-05 Reference value :  1.53621e-05 Reference value :  1.53621e-05 Reference value :  1.53622e-05 Reference value :  1.53622e-05 Reference value :  1.53623e-05 Reference value :  1.53625e-05 Reference value :  1.53626e-05 Reference value :  1.53626e-05 Reference value :  1.53626e-05 Reference value :  1.53627e-05 Reference value :  1.53630e-05 Reference value :  1.53661e-05 Reference value :  1.53910e-05 Reference value :  1.54135e-05 Reference value :  1.54144e-05 Reference value :  1.54159e-05 Reference value :  1.54504e-05 Reference value :  1.54664e-05 Reference value :  1.54674e-05 Reference value :  1.54681e-05 Reference value :  1.54683e-05 Reference value :  1.54683e-05 Reference value :  1.54684e-05 Reference value :  1.54684e-05 Reference value :  1.54684e-05 Reference value :  1.54685e-05 Reference value :  1.54685e-05 Reference value :  1.54686e-05 Reference value :  1.54686e-05 Reference value :  1.54687e-05 Reference value :  1.54688e-05 Reference value :  1.54694e-05 Reference value :  1.54773e-05 Reference value :  1.55073e-05 Reference value :  1.55204e-05 Reference value :  1.55206e-05 Reference value :  1.55417e-05 Reference value :  1.55724e-05 Reference value :  1.55730e-05 Reference value :  1.55740e-05 Reference value :  1.55741e-05 Reference value :  1.55742e-05 Reference value :  1.55742e-05 Reference value :  1.55742e-05 Reference value :  1.55743e-05 Reference value :  1.55743e-05 Reference value :  1.55744e-05 Reference value :  1.55745e-05 Reference value :  1.55746e-05 Reference value :  1.55746e-05 Reference value :  1.55747e-05 Reference value :  1.55747e-05 Reference value :  1.55751e-05 Reference value :  1.55769e-05 Reference value :  1.55926e-05 Reference value :  1.56215e-05 Reference value :  1.56263e-05 Reference value :  1.56265e-05 Reference value :  1.56468e-05 Reference value :  1.56783e-05 Reference value :  1.56790e-05 Reference value :  1.56800e-05 Reference value :  1.56801e-05 Reference value :  1.56803e-05 Reference value :  1.56803e-05 Reference value :  1.56803e-05 Reference value :  1.56804e-05 Reference value :  1.56804e-05 Reference value :  1.56804e-05 Reference value :  1.56805e-05 Reference value :  1.56806e-05 Reference value :  1.56806e-05 Reference value :  1.56807e-05 Reference value :  1.56809e-05 Reference value :  1.56822e-05 Reference value :  1.56986e-05 Reference value :  1.57275e-05 Reference value :  1.57323e-05 Reference value :  1.57325e-05 Reference value :  1.57528e-05 Reference value :  1.57843e-05 Reference value :  1.57850e-05 Reference value :  1.57857e-05 Reference value :  1.57861e-05 Reference value :  1.57861e-05 Reference value :  1.57862e-05 Reference value :  1.57862e-05 Reference value :  1.57863e-05 Reference value :  1.57863e-05 Reference value :  1.57865e-05 Reference value :  1.57866e-05 Reference value :  1.57866e-05 Reference value :  1.57866e-05 Reference value :  1.57867e-05 Reference value :  1.57868e-05 Reference value :  1.57872e-05 Reference value :  1.57922e-05 Reference value :  1.58152e-05 Reference value :  1.58374e-05 Reference value :  1.58383e-05 Reference value :  1.58385e-05 Reference value :  1.58596e-05 Reference value :  1.58903e-05 Reference value :  1.58910e-05 Reference value :  1.58916e-05 Reference value :  1.58920e-05 Reference value :  1.58922e-05 Reference value :  1.58922e-05 Reference value :  1.58923e-05 Reference value :  1.58923e-05 Reference value :  1.58923e-05 Reference value :  1.58924e-05 Reference value :  1.58924e-05 Reference value :  1.58924e-05 Reference value :  1.58925e-05 Reference value :  1.58926e-05 Reference value :  1.58927e-05 Reference value :  1.58936e-05 Reference value :  1.59053e-05 Reference value :  1.59353e-05 Reference value :  1.59443e-05 Reference value :  1.59444e-05 Reference value :  1.59645e-05 Reference value :  1.59963e-05 Reference value :  1.59970e-05 Reference value :  1.59976e-05 Reference value :  1.59980e-05 Reference value :  1.59981e-05 Reference value :  1.59981e-05 Reference value :  1.59982e-05 Reference value :  1.59982e-05 Reference value :  1.59983e-05 Reference value :  1.59983e-05 Reference value :  1.59985e-05 Reference value :  1.59986e-05 Reference value :  1.59986e-05 Reference value :  1.59986e-05 Reference value :  1.59987e-05 Reference value :  1.59992e-05 Reference value :  1.60003e-05 Reference value :  1.60099e-05 Reference value :  1.60235e-05 Reference value :  1.60492e-05 Reference value :  1.60502e-05 Reference value :  1.60505e-05 Reference value :  1.60722e-05 Reference value :  1.61022e-05 Reference value :  1.61032e-05 Reference value :  1.61039e-05 Reference value :  1.61040e-05 Reference value :  1.61041e-05 Reference value :  1.61041e-05 Reference value :  1.61042e-05 Reference value :  1.61042e-05 Reference value :  1.61042e-05 Reference value :  1.61043e-05 Reference value :  1.61043e-05 Reference value :  1.61044e-05 Reference value :  1.61045e-05 Reference value :  1.61046e-05 Reference value :  1.61046e-05 Reference value :  1.61046e-05 Reference value :  1.61048e-05 Reference value :  1.61051e-05 Reference value :  1.61091e-05 Reference value :  1.61356e-05 Reference value :  1.61555e-05 Reference value :  1.61562e-05 Reference value :  1.61565e-05 Reference value :  1.61794e-05 Reference value :  1.62082e-05 Reference value :  1.62092e-05 Reference value :  1.62098e-05 Reference value :  1.62098e-05 Reference value :  1.62099e-05 Reference value :  1.62099e-05 Reference value :  1.62099e-05 Reference value :  1.62100e-05 Reference value :  1.62101e-05 Reference value :  1.62101e-05 Reference value :  1.62102e-05 Reference value :  1.62102e-05 Reference value :  1.62104e-05 Reference value :  1.62104e-05 Reference value :  1.62104e-05 Reference value :  1.62105e-05 Reference value :  1.62109e-05 Reference value :  1.62134e-05 Reference value :  1.62316e-05 Reference value :  1.62612e-05 Reference value :  1.62622e-05 Reference value :  1.62627e-05 Reference value :  1.62904e-05 Reference value :  1.63142e-05 Reference value :  1.63152e-05 Reference value :  1.63157e-05 Reference value :  1.63159e-05 Reference value :  1.63160e-05 Reference value :  1.63160e-05 Reference value :  1.63160e-05 Reference value :  1.63161e-05 Reference value :  1.63161e-05 Reference value :  1.63161e-05 Reference value :  1.63162e-05 Reference value :  1.63162e-05 Reference value :  1.63163e-05 Reference value :  1.63163e-05 Reference value :  1.63164e-05 Reference value :  1.63165e-05 Reference value :  1.63175e-05 Reference value :  1.63305e-05 Reference value :  1.63555e-05 Reference value :  1.63676e-05 Reference value :  1.63682e-05 Reference value :  1.63754e-05 Reference value :  1.64154e-05 Reference value :  1.64205e-05 Reference value :  1.64213e-05 Reference value :  1.64218e-05 Reference value :  1.64219e-05 Reference value :  1.64219e-05 Reference value :  1.64219e-05 Reference value :  1.64220e-05 Reference value :  1.64220e-05 Reference value :  1.64221e-05 Reference value :  1.64221e-05 Reference value :  1.64223e-05 Reference value :  1.64223e-05 Reference value :  1.64224e-05 Reference value :  1.64224e-05 Reference value :  1.64225e-05 Reference value :  1.64229e-05 Reference value :  1.64271e-05 Reference value :  1.64540e-05 Reference value :  1.64738e-05 Reference value :  1.64742e-05 Reference value :  1.64762e-05 Reference value :  1.65023e-05 Reference value :  1.65262e-05 Reference value :  1.65271e-05 Reference value :  1.65277e-05 Reference value :  1.65277e-05 Reference value :  1.65279e-05 Reference value :  1.65280e-05 Reference value :  1.65280e-05 Reference value :  1.65280e-05 Reference value :  1.65280e-05 Reference value :  1.65281e-05 Reference value :  1.65281e-05 Reference value :  1.65282e-05 Reference value :  1.65282e-05 Reference value :  1.65283e-05 Reference value :  1.65284e-05 Reference value :  1.65291e-05 Reference value :  1.65372e-05 Reference value :  1.65672e-05 Reference value :  1.65796e-05 Reference value :  1.65801e-05 Reference value :  1.65869e-05 Reference value :  1.66269e-05 Reference value :  1.66323e-05 Reference value :  1.66331e-05 Reference value :  1.66338e-05 Reference value :  1.66339e-05 Reference value :  1.66339e-05 Reference value :  1.66340e-05 Reference value :  1.66340e-05 Reference value :  1.66341e-05 Reference value :  1.66342e-05 Reference value :  1.66343e-05 Reference value :  1.66344e-05 Reference value :  1.66344e-05 Reference value :  1.66344e-05 Reference value :  1.66345e-05 Reference value :  1.66349e-05 Reference value :  1.66391e-05 Reference value :  1.66661e-05 Reference value :  1.66857e-05 Reference value :  1.66861e-05 Reference value :  1.66902e-05 Reference value :  1.67293e-05 Reference value :  1.67384e-05 Reference value :  1.67392e-05 Reference value :  1.67396e-05 Reference value :  1.67398e-05 Reference value :  1.67399e-05 Reference value :  1.67399e-05 Reference value :  1.67399e-05 Reference value :  1.67400e-05 Reference value :  1.67400e-05 Reference value :  1.67401e-05 Reference value :  1.67401e-05 Reference value :  1.67402e-05 Reference value :  1.67402e-05 Reference value :  1.67403e-05 Reference value :  1.67405e-05 Reference value :  1.67429e-05 Reference value :  1.67642e-05 Reference value :  1.67911e-05 Reference value :  1.67921e-05 Reference value :  1.67923e-05 Reference value :  1.68138e-05 Reference value :  1.68441e-05 Reference value :  1.68447e-05 Reference value :  1.68454e-05 Reference value :  1.68458e-05 Reference value :  1.68458e-05 Reference value :  1.68459e-05 Reference value :  1.68459e-05 Reference value :  1.68459e-05 Reference value :  1.68460e-05 Reference value :  1.68460e-05 Reference value :  1.68461e-05 Reference value :  1.68463e-05 Reference value :  1.68463e-05 Reference value :  1.68463e-05 Reference value :  1.68463e-05 Reference value :  1.68464e-05 Reference value :  1.68467e-05 Reference value :  1.68490e-05 Reference value :  1.68712e-05 Reference value :  1.68971e-05 Reference value :  1.68980e-05 Reference value :  1.68985e-05 Reference value :  1.69262e-05 Reference value :  1.69500e-05 Reference value :  1.69510e-05 Reference value :  1.69516e-05 Reference value :  1.69517e-05 Reference value :  1.69518e-05 Reference value :  1.69519e-05 Reference value :  1.69519e-05 Reference value :  1.69519e-05 Reference value :  1.69519e-05 Reference value :  1.69520e-05 Reference value :  1.69520e-05 Reference value :  1.69521e-05 Reference value :  1.69521e-05 Reference value :  1.69522e-05 Reference value :  1.69523e-05 Reference value :  1.69530e-05 Reference value :  1.69580e-05 Reference value :  1.69811e-05 Reference value :  1.70031e-05 Reference value :  1.70040e-05 Reference value :  1.70049e-05 Reference value :  1.70358e-05 Reference value :  1.70560e-05 Reference value :  1.70567e-05 Reference value :  1.70577e-05 Reference value :  1.70577e-05 Reference value :  1.70578e-05 Reference value :  1.70578e-05 Reference value :  1.70579e-05 Reference value :  1.70579e-05 Reference value :  1.70579e-05 Reference value :  1.70580e-05 Reference value :  1.70581e-05 Reference value :  1.70582e-05 Reference value :  1.70583e-05 Reference value :  1.70583e-05 Reference value :  1.70583e-05 Reference value :  1.70585e-05 Reference value :  1.70585e-05 Reference value :  1.70586e-05 Reference value :  1.70586e-05 Reference value :  1.70587e-05 Reference value :  1.70588e-05 Reference value :  1.70588e-05 Reference value :  1.70589e-05 Reference value :  1.70590e-05 Reference value :  1.70591e-05 Reference value :  1.70591e-05 Reference value :  1.70591e-05 Reference value :  1.70592e-05 Reference value :  1.70597e-05 Reference value :  1.70663e-05 Reference value :  1.70857e-05 Reference value :  1.71090e-05 Reference value :  1.71100e-05 Reference value :  1.71101e-05 Reference value :  1.71261e-05 Reference value :  1.71574e-05 Reference value :  1.71623e-05 Reference value :  1.71631e-05 Reference value :  1.71636e-05 Reference value :  1.71637e-05 Reference value :  1.71638e-05 Reference value :  1.71638e-05 Reference value :  1.71639e-05 Reference value :  1.71639e-05 Reference value :  1.71640e-05 Reference value :  1.71640e-05 Reference value :  1.71641e-05 Reference value :  1.71642e-05 Reference value :  1.71643e-05 Reference value :  1.71650e-05 Reference value :  1.71734e-05 Reference value :  1.72034e-05 Reference value :  1.72154e-05 Reference value :  1.72160e-05 Reference value :  1.72196e-05 Reference value :  1.72483e-05 Reference value :  1.72680e-05 Reference value :  1.72689e-05 Reference value :  1.72696e-05 Reference value :  1.72696e-05 Reference value :  1.72697e-05 Reference value :  1.72697e-05 Reference value :  1.72697e-05 Reference value :  1.72698e-05 Reference value :  1.72699e-05 Reference value :  1.72699e-05 Reference value :  1.72701e-05 Reference value :  1.72701e-05 Reference value :  1.72702e-05 Reference value :  1.72702e-05 Reference value :  1.72703e-05 Reference value :  1.72707e-05 Reference value :  1.72744e-05 Reference value :  1.73005e-05 Reference value :  1.73210e-05 Reference value :  1.73219e-05 Reference value :  1.73224e-05 Reference value :  1.73401e-05 Reference value :  1.73695e-05 Reference value :  1.73742e-05 Reference value :  1.73750e-05 Reference value :  1.73755e-05 Reference value :  1.73756e-05 Reference value :  1.73757e-05 Reference value :  1.73758e-05 Reference value :  1.73758e-05 Reference value :  1.73758e-05 Reference value :  1.73759e-05 Reference value :  1.73759e-05 Reference value :  1.73760e-05 Reference value :  1.73760e-05 Reference value :  1.73761e-05 Reference value :  1.73762e-05 Reference value :  1.73763e-05 Reference value :  1.73764e-05 Reference value :  1.73779e-05 Reference value :  1.73897e-05 Reference value :  1.74197e-05 Reference value :  1.74279e-05 Reference value :  1.74281e-05 Reference value :  1.74391e-05 Reference value :  1.74691e-05 Reference value :  1.74799e-05 Reference value :  1.74809e-05 Reference value :  1.74816e-05 Reference value :  1.74817e-05 Reference value :  1.74817e-05 Reference value :  1.74818e-05 Reference value :  1.74818e-05 Reference value :  1.74818e-05 Reference value :  1.74819e-05 Reference value :  1.74819e-05 Reference value :  1.74820e-05 Reference value :  1.74821e-05 Reference value :  1.74822e-05 Reference value :  1.74822e-05 Reference value :  1.74822e-05 Reference value :  1.74823e-05 Reference value :  1.74824e-05 Reference value :  1.74835e-05 Reference value :  1.74975e-05 Reference value :  1.75275e-05 Reference value :  1.75333e-05 Reference value :  1.75339e-05 Reference value :  1.75359e-05 Reference value :  1.75621e-05 Reference value :  1.75859e-05 Reference value :  1.75869e-05 Reference value :  1.75874e-05 Reference value :  1.75876e-05 Reference value :  1.75876e-05 Reference value :  1.75877e-05 Reference value :  1.75877e-05 Reference value :  1.75878e-05 Reference value :  1.75878e-05 Reference value :  1.75879e-05 Reference value :  1.75879e-05 Reference value :  1.75880e-05 Reference value :  1.75881e-05 Reference value :  1.75882e-05 Reference value :  1.75896e-05 Reference value :  1.76059e-05 Reference value :  1.76349e-05 Reference value :  1.76399e-05 Reference value :  1.76400e-05 Reference value :  1.76551e-05 Reference value :  1.76851e-05 Reference value :  1.76920e-05 Reference value :  1.76929e-05 Reference value :  1.76936e-05 Reference value :  1.76937e-05 Reference value :  1.76937e-05 Reference value :  1.76937e-05 Reference value :  1.76938e-05 Reference value :  1.76938e-05 Reference value :  1.76939e-05 Reference value :  1.76939e-05 Reference value :  1.76940e-05 Reference value :  1.76941e-05 Reference value :  1.76942e-05 Reference value :  1.76942e-05 Reference value :  1.76943e-05 Reference value :  1.76945e-05 Reference value :  1.76965e-05 Reference value :  1.77122e-05 Reference value :  1.77372e-05 Reference value :  1.77458e-05 Reference value :  1.77460e-05 Reference value :  1.77614e-05 Reference value :  1.77914e-05 Reference value :  1.77980e-05 Reference value :  1.77989e-05 Reference value :  1.77995e-05 Reference value :  1.77997e-05 Reference value :  1.77998e-05 Reference value :  1.77998e-05 Reference value :  1.77998e-05 Reference value :  1.77999e-05 Reference value :  1.77999e-05 Reference value :  1.78000e-05 Reference value :  1.78000e-05 Reference value :  1.78001e-05 Reference value :  1.78002e-05 Reference value :  1.78003e-05 Reference value :  1.78018e-05 Reference value :  1.78193e-05 Reference value :  1.78508e-05 Reference value :  1.78518e-05 Reference value :  1.78520e-05 Reference value :  1.78742e-05 Reference value :  1.79038e-05 Reference value :  1.79048e-05 Reference value :  1.79054e-05 Reference value :  1.79055e-05 Reference value :  1.79055e-05 Reference value :  1.79056e-05 Reference value :  1.79056e-05 Reference value :  1.79057e-05 Reference value :  1.79057e-05 Reference value :  1.79059e-05 Reference value :  1.79060e-05 Reference value :  1.79060e-05 Reference value :  1.79060e-05 Reference value :  1.79061e-05 Reference value :  1.79063e-05 Reference value :  1.79083e-05 Reference value :  1.79289e-05 Reference value :  1.79569e-05 Reference value :  1.79578e-05 Reference value :  1.79591e-05 Reference value :  1.79931e-05 Reference value :  1.80098e-05 Reference value :  1.80108e-05 Reference value :  1.80115e-05 Reference value :  1.80117e-05 Reference value :  1.80118e-05 Reference value :  1.80118e-05 Reference value :  1.80118e-05 Reference value :  1.80119e-05 Reference value :  1.80119e-05 Reference value :  1.80120e-05 Reference value :  1.80120e-05 Reference value :  1.80121e-05 Reference value :  1.80122e-05 Reference value :  1.80129e-05 Reference value :  1.80214e-05 Reference value :  1.80464e-05 Reference value :  1.80632e-05 Reference value :  1.80638e-05 Reference value :  1.80658e-05 Reference value :  1.81020e-05 Reference value :  1.81159e-05 Reference value :  1.81168e-05 Reference value :  1.81173e-05 Reference value :  1.81174e-05 Reference value :  1.81175e-05 Reference value :  1.81175e-05 Reference value :  1.81175e-05 Reference value :  1.81176e-05 Reference value :  1.81176e-05 Reference value :  1.81177e-05 Reference value :  1.81178e-05 Reference value :  1.81179e-05 Reference value :  1.81179e-05 Reference value :  1.81180e-05 Reference value :  1.81181e-05 Reference value :  1.81187e-05 Reference value :  1.81263e-05 Reference value :  1.81563e-05 Reference value :  1.81697e-05 Reference value :  1.81699e-05 Reference value :  1.81907e-05 Reference value :  1.82217e-05 Reference value :  1.82224e-05 Reference value :  1.82234e-05 Reference value :  1.82236e-05 Reference value :  1.82236e-05 Reference value :  1.82237e-05 Reference value :  1.82237e-05 Reference value :  1.82237e-05 Reference value :  1.82238e-05 Reference value :  1.82238e-05 Reference value :  1.82239e-05 Reference value :  1.82239e-05 Reference value :  1.82240e-05 Reference value :  1.82241e-05 Reference value :  1.82247e-05 Reference value :  1.82290e-05 Reference value :  1.82511e-05 Reference value :  1.82748e-05 Reference value :  1.82757e-05 Reference value :  1.82763e-05 Reference value :  1.83045e-05 Reference value :  1.83277e-05 Reference value :  1.83287e-05 Reference value :  1.83292e-05 Reference value :  1.83293e-05 Reference value :  1.83294e-05 Reference value :  1.83294e-05 Reference value :  1.83294e-05 Reference value :  1.83295e-05 Reference value :  1.83295e-05 Reference value :  1.83296e-05 Reference value :  1.83297e-05 Reference value :  1.83298e-05 Reference value :  1.83298e-05 Reference value :  1.83299e-05 Reference value :  1.83300e-05 Reference value :  1.83305e-05 Reference value :  1.83362e-05 Reference value :  1.83645e-05 Reference value :  1.83811e-05 Reference value :  1.83817e-05 Reference value :  1.83837e-05 Reference value :  1.84199e-05 Reference value :  1.84338e-05 Reference value :  1.84347e-05 Reference value :  1.84352e-05 Reference value :  1.84354e-05 Reference value :  1.84354e-05 Reference value :  1.84355e-05 Reference value :  1.84355e-05 Reference value :  1.84355e-05 Reference value :  1.84356e-05 Reference value :  1.84357e-05 Reference value :  1.84357e-05 Reference value :  1.84358e-05 Reference value :  1.84358e-05 Reference value :  1.84359e-05 Reference value :  1.84363e-05 Reference value :  1.84397e-05 Reference value :  1.84595e-05 Reference value :  1.84867e-05 Reference value :  1.84877e-05 Reference value :  1.84885e-05 Reference value :  1.85240e-05 Reference value :  1.85397e-05 Reference value :  1.85407e-05 Reference value :  1.85413e-05 Reference value :  1.85414e-05 Reference value :  1.85415e-05 Reference value :  1.85415e-05 Reference value :  1.85415e-05 Reference value :  1.85416e-05 Reference value :  1.85416e-05 Reference value :  1.85418e-05 Reference value :  1.85419e-05 Reference value :  1.85419e-05 Reference value :  1.85420e-05 Reference value :  1.85421e-05 Reference value :  1.85424e-05 Reference value :  1.85442e-05 Reference value :  1.85600e-05 Reference value :  1.85888e-05 Reference value :  1.85936e-05 Reference value :  1.85938e-05 Reference value :  1.86192e-05 Reference value :  1.86456e-05 Reference value :  1.86463e-05 Reference value :  1.86473e-05 Reference value :  1.86475e-05 Reference value :  1.86475e-05 Reference value :  1.86476e-05 Reference value :  1.86476e-05 Reference value :  1.86477e-05 Reference value :  1.86477e-05 Reference value :  1.86478e-05 Reference value :  1.86478e-05 Reference value :  1.86479e-05 Reference value :  1.86480e-05 Reference value :  1.86481e-05 Reference value :  1.86487e-05 Reference value :  1.86571e-05 Reference value :  1.86871e-05 Reference value :  1.86996e-05 Reference value :  1.86998e-05 Reference value :  1.87270e-05 Reference value :  1.87516e-05 Reference value :  1.87526e-05 Reference value :  1.87532e-05 Reference value :  1.87533e-05 Reference value :  1.87533e-05 Reference value :  1.87534e-05 Reference value :  1.87534e-05 Reference value :  1.87534e-05 Reference value :  1.87535e-05 Reference value :  1.87536e-05 Reference value :  1.87537e-05 Reference value :  1.87538e-05 Reference value :  1.87538e-05 Reference value :  1.87539e-05 Reference value :  1.87543e-05 Reference value :  1.87573e-05 Reference value :  1.87771e-05 Reference value :  1.88046e-05 Reference value :  1.88056e-05 Reference value :  1.88058e-05 Reference value :  1.88264e-05 Reference value :  1.88576e-05 Reference value :  1.88583e-05 Reference value :  1.88593e-05 Reference value :  1.88594e-05 Reference value :  1.88595e-05 Reference value :  1.88595e-05 Reference value :  1.88596e-05 Reference value :  1.88596e-05 Reference value :  1.88596e-05 Reference value :  1.88597e-05 Reference value :  1.88597e-05 Reference value :  1.88598e-05 Reference value :  1.88599e-05 Reference value :  1.88600e-05 Reference value :  1.88606e-05 Reference value :  1.88676e-05 Reference value :  1.88966e-05 Reference value :  1.89116e-05 Reference value :  1.89117e-05 Reference value :  1.89298e-05 Reference value :  1.89636e-05 Reference value :  1.89645e-05 Reference value :  1.89651e-05 Reference value :  1.89652e-05 Reference value :  1.89653e-05 Reference value :  1.89653e-05 Reference value :  1.89653e-05 Reference value :  1.89654e-05 Reference value :  1.89654e-05 Reference value :  1.89655e-05 Reference value :  1.89656e-05 Reference value :  1.89657e-05 Reference value :  1.89657e-05 Reference value :  1.89658e-05 Reference value :  1.89659e-05 Reference value :  1.89665e-05 Reference value :  1.89712e-05 Reference value :  1.89991e-05 Reference value :  1.90171e-05 Reference value :  1.90176e-05 Reference value :  1.90190e-05 Reference value :  1.90585e-05 Reference value :  1.90696e-05 Reference value :  1.90705e-05 Reference value :  1.90712e-05 Reference value :  1.90714e-05 Reference value :  1.90715e-05 Reference value :  1.90715e-05 Reference value :  1.90715e-05 Reference value :  1.90715e-05 Reference value :  1.90716e-05 Reference value :  1.90717e-05 Reference value :  1.90717e-05 Reference value :  1.90718e-05 Reference value :  1.90719e-05 Reference value :  1.90721e-05 Reference value :  1.90740e-05 Reference value :  1.90890e-05 Reference value :  1.91183e-05 Reference value :  1.91235e-05 Reference value :  1.91237e-05 Reference value :  1.91425e-05 Reference value :  1.91755e-05 Reference value :  1.91765e-05 Reference value :  1.91770e-05 Reference value :  1.91771e-05 Reference value :  1.91772e-05 Reference value :  1.91772e-05 Reference value :  1.91772e-05 Reference value :  1.91773e-05 Reference value :  1.91773e-05 Reference value :  1.91775e-05 Reference value :  1.91776e-05 Reference value :  1.91776e-05 Reference value :  1.91777e-05 Reference value :  1.91778e-05 Reference value :  1.91781e-05 Reference value :  1.91811e-05 Reference value :  1.92059e-05 Reference value :  1.92286e-05 Reference value :  1.92295e-05 Reference value :  1.92323e-05 Reference value :  1.92702e-05 Reference value :  1.92815e-05 Reference value :  1.92825e-05 Reference value :  1.92832e-05 Reference value :  1.92834e-05 Reference value :  1.92834e-05 Reference value :  1.92835e-05 Reference value :  1.92835e-05 Reference value :  1.92835e-05 Reference value :  1.92836e-05 Reference value :  1.92836e-05 Reference value :  1.92837e-05 Reference value :  1.92838e-05 Reference value :  1.92839e-05 Reference value :  1.92841e-05 Reference value :  1.92877e-05 Reference value :  1.93129e-05 Reference value :  1.93345e-05 Reference value :  1.93355e-05 Reference value :  1.93364e-05 Reference value :  1.93679e-05 Reference value :  1.93875e-05 Reference value :  1.93885e-05 Reference value :  1.93890e-05 Reference value :  1.93891e-05 Reference value :  1.93892e-05 Reference value :  1.93892e-05 Reference value :  1.93893e-05 Reference value :  1.93893e-05 Reference value :  1.93893e-05 Reference value :  1.93895e-05 Reference value :  1.93896e-05 Reference value :  1.93896e-05 Reference value :  1.93897e-05 Reference value :  1.93897e-05 Reference value :  1.93900e-05 Reference value :  1.93912e-05 Reference value :  1.94076e-05 Reference value :  1.94404e-05 Reference value :  1.94414e-05 Reference value :  1.94421e-05 Reference value :  1.94718e-05 Reference value :  1.94934e-05 Reference value :  1.94944e-05 Reference value :  1.94951e-05 Reference value :  1.94953e-05 Reference value :  1.94954e-05 Reference value :  1.94954e-05 Reference value :  1.94954e-05 Reference value :  1.94955e-05 Reference value :  1.94955e-05 Reference value :  1.94956e-05 Reference value :  1.94956e-05 Reference value :  1.94957e-05 Reference value :  1.94958e-05 Reference value :  1.94960e-05 Reference value :  1.94983e-05 Reference value :  1.95149e-05 Reference value :  1.95464e-05 Reference value :  1.95474e-05 Reference value :  1.95479e-05 Reference value :  1.95747e-05 Reference value :  1.95994e-05 Reference value :  1.96004e-05 Reference value :  1.96010e-05 Reference value :  1.96011e-05 Reference value :  1.96011e-05 Reference value :  1.96012e-05 Reference value :  1.96012e-05 Reference value :  1.96012e-05 Reference value :  1.96013e-05 Reference value :  1.96014e-05 Reference value :  1.96015e-05 Reference value :  1.96016e-05 Reference value :  1.96016e-05 Reference value :  1.96017e-05 Reference value :  1.96018e-05 Reference value :  1.96024e-05 Reference value :  1.96102e-05 Reference value :  1.96352e-05 Reference value :  1.96529e-05 Reference value :  1.96534e-05 Reference value :  1.96596e-05 Reference value :  1.97025e-05 Reference value :  1.97056e-05 Reference value :  1.97064e-05 Reference value :  1.97071e-05 Reference value :  1.97072e-05 Reference value :  1.97073e-05 Reference value :  1.97074e-05 Reference value :  1.97074e-05 Reference value :  1.97074e-05 Reference value :  1.97075e-05 Reference value :  1.97075e-05 Reference value :  1.97076e-05 Reference value :  1.97077e-05 Reference value :  1.97078e-05 Reference value :  1.97081e-05 Reference value :  1.97119e-05 Reference value :  1.97374e-05 Reference value :  1.97585e-05 Reference value :  1.97594e-05 Reference value :  1.97604e-05 Reference value :  1.97926e-05 Reference value :  1.98114e-05 Reference value :  1.98124e-05 Reference value :  1.98129e-05 Reference value :  1.98130e-05 Reference value :  1.98130e-05 Reference value :  1.98131e-05 Reference value :  1.98131e-05 Reference value :  1.98132e-05 Reference value :  1.98132e-05 Reference value :  1.98133e-05 Reference value :  1.98134e-05 Reference value :  1.98135e-05 Reference value :  1.98135e-05 Reference value :  1.98136e-05 Reference value :  1.98137e-05 Reference value :  1.98143e-05 Reference value :  1.98219e-05 Reference value :  1.98469e-05 Reference value :  1.98649e-05 Reference value :  1.98654e-05 Reference value :  1.98713e-05 Reference value :  1.99113e-05 Reference value :  1.99175e-05 Reference value :  1.99184e-05 Reference value :  1.99190e-05 Reference value :  1.99192e-05 Reference value :  1.99193e-05 Reference value :  1.99193e-05 Reference value :  1.99193e-05 Reference value :  1.99193e-05 Reference value :  1.99194e-05 Reference value :  1.99195e-05 Reference value :  1.99195e-05 Reference value :  1.99196e-05 Reference value :  1.99197e-05 Reference value :  1.99198e-05 Reference value :  1.99206e-05 Reference value :  1.99318e-05 Reference value :  1.99618e-05 Reference value :  1.99713e-05 Reference value :  1.99716e-05 Reference value :  2.00003e-05 Reference value :  2.00233e-05 Reference value :  2.00243e-05 Reference value :  2.00248e-05 Reference value :  2.00249e-05 Reference value :  2.00250e-05 Reference value :  2.00250e-05 Reference value :  2.00250e-05 Reference value :  2.00251e-05 Reference value :  2.00251e-05 Reference value :  2.00253e-05 Reference value :  2.00254e-05 Reference value :  2.00254e-05 Reference value :  2.00254e-05 Reference value :  2.00255e-05 Reference value :  2.00258e-05 Reference value :  2.00277e-05 Reference value :  2.00484e-05 Reference value :  2.00764e-05 Reference value :  2.00773e-05 Reference value :  2.00786e-05 Reference value :  2.01175e-05 Reference value :  2.01294e-05 Reference value :  2.01303e-05 Reference value :  2.01310e-05 Reference value :  2.01312e-05 Reference value :  2.01313e-05 Reference value :  2.01313e-05 Reference value :  2.01313e-05 Reference value :  2.01314e-05 Reference value :  2.01314e-05 Reference value :  2.01315e-05 Reference value :  2.01315e-05 Reference value :  2.01316e-05 Reference value :  2.01317e-05 Reference value :  2.01324e-05 Reference value :  2.01416e-05 Reference value :  2.01716e-05 Reference value :  2.01830e-05 Reference value :  2.01833e-05 Reference value :  2.01915e-05 Reference value :  2.02309e-05 Reference value :  2.02355e-05 Reference value :  2.02364e-05 Reference value :  2.02368e-05 Reference value :  2.02369e-05 Reference value :  2.02370e-05 Reference value :  2.02370e-05 Reference value :  2.02370e-05 Reference value :  2.02371e-05 Reference value :  2.02371e-05 Reference value :  2.02372e-05 Reference value :  2.02373e-05 Reference value :  2.02374e-05 Reference value :  2.02374e-05 Reference value :  2.02375e-05 Reference value :  2.02376e-05 Reference value :  2.02382e-05 Reference value :  2.02458e-05 Reference value :  2.02708e-05 Reference value :  2.02888e-05 Reference value :  2.02893e-05 Reference value :  2.02952e-05 Reference value :  2.03352e-05 Reference value :  2.03414e-05 Reference value :  2.03423e-05 Reference value :  2.03429e-05 Reference value :  2.03431e-05 Reference value :  2.03432e-05 Reference value :  2.03432e-05 Reference value :  2.03432e-05 Reference value :  2.03432e-05 Reference value :  2.03433e-05 Reference value :  2.03434e-05 Reference value :  2.03434e-05 Reference value :  2.03435e-05 Reference value :  2.03436e-05 Reference value :  2.03437e-05 Reference value :  2.03450e-05 Reference value :  2.03607e-05 Reference value :  2.03942e-05 Reference value :  2.03952e-05 Reference value :  2.03958e-05 Reference value :  2.04243e-05 Reference value :  2.04472e-05 Reference value :  2.04482e-05 Reference value :  2.04487e-05 Reference value :  2.04488e-05 Reference value :  2.04489e-05 Reference value :  2.04489e-05 Reference value :  2.04489e-05 Reference value :  2.04490e-05 Reference value :  2.04491e-05 Reference value :  2.04492e-05 Reference value :  2.04493e-05 Reference value :  2.04493e-05 Reference value :  2.04494e-05 Reference value :  2.04495e-05 Reference value :  2.04501e-05 Reference value :  2.04546e-05 Reference value :  2.04773e-05 Reference value :  2.05003e-05 Reference value :  2.05012e-05 Reference value :  2.05018e-05 Reference value :  2.05315e-05 Reference value :  2.05532e-05 Reference value :  2.05539e-05 Reference value :  2.05549e-05 Reference value :  2.05550e-05 Reference value :  2.05551e-05 Reference value :  2.05552e-05 Reference value :  2.05552e-05 Reference value :  2.05552e-05 Reference value :  2.05553e-05 Reference value :  2.05553e-05 Reference value :  2.05554e-05 Reference value :  2.05554e-05 Reference value :  2.05555e-05 Reference value :  2.05556e-05 Reference value :  2.05563e-05 Reference value :  2.05649e-05 Reference value :  2.05949e-05 Reference value :  2.06069e-05 Reference value :  2.06072e-05 Reference value :  2.06204e-05 Reference value :  2.06591e-05 Reference value :  2.06597e-05 Reference value :  2.06607e-05 Reference value :  2.06607e-05 Reference value :  2.06608e-05 Reference value :  2.06609e-05 Reference value :  2.06609e-05 Reference value :  2.06610e-05 Reference value :  2.06610e-05 Reference value :  2.06611e-05 Reference value :  2.06612e-05 Reference value :  2.06613e-05 Reference value :  2.06613e-05 Reference value :  2.06613e-05 Reference value :  2.06614e-05 Reference value :  2.06616e-05 Reference value :  2.06629e-05 Reference value :  2.06797e-05 Reference value :  2.07121e-05 Reference value :  2.07131e-05 Reference value :  2.07133e-05 Reference value :  2.07341e-05 Reference value :  2.07651e-05 Reference value :  2.07658e-05 Reference value :  2.07665e-05 Reference value :  2.07669e-05 Reference value :  2.07670e-05 Reference value :  2.07671e-05 Reference value :  2.07671e-05 Reference value :  2.07671e-05 Reference value :  2.07672e-05 Reference value :  2.07672e-05 Reference value :  2.07673e-05 Reference value :  2.07673e-05 Reference value :  2.07674e-05 Reference value :  2.07675e-05 Reference value :  2.07681e-05 Reference value :  2.07754e-05 Reference value :  2.08046e-05 Reference value :  2.08191e-05 Reference value :  2.08193e-05 Reference value :  2.08382e-05 Reference value :  2.08711e-05 Reference value :  2.08721e-05 Reference value :  2.08726e-05 Reference value :  2.08727e-05 Reference value :  2.08728e-05 Reference value :  2.08728e-05 Reference value :  2.08728e-05 Reference value :  2.08729e-05 Reference value :  2.08729e-05 Reference value :  2.08730e-05 Reference value :  2.08732e-05 Reference value :  2.08732e-05 Reference value :  2.08733e-05 Reference value :  2.08733e-05 Reference value :  2.08737e-05 Reference value :  2.08767e-05 Reference value :  2.09013e-05 Reference value :  2.09242e-05 Reference value :  2.09251e-05 Reference value :  2.09264e-05 Reference value :  2.09604e-05 Reference value :  2.09771e-05 Reference value :  2.09781e-05 Reference value :  2.09788e-05 Reference value :  2.09790e-05 Reference value :  2.09790e-05 Reference value :  2.09791e-05 Reference value :  2.09791e-05 Reference value :  2.09791e-05 Reference value :  2.09792e-05 Reference value :  2.09792e-05 Reference value :  2.09793e-05 Reference value :  2.09793e-05 Reference value :  2.09794e-05 Reference value :  2.09795e-05 Reference value :  2.09802e-05 Reference value :  2.09885e-05 Reference value :  2.10185e-05 Reference value :  2.10305e-05 Reference value :  2.10311e-05 Reference value :  2.10434e-05 Reference value :  2.10830e-05 Reference value :  2.10836e-05 Reference value :  2.10845e-05 Reference value :  2.10847e-05 Reference value :  2.10848e-05 Reference value :  2.10848e-05 Reference value :  2.10848e-05 Reference value :  2.10849e-05 Reference value :  2.10849e-05 Reference value :  2.10850e-05 Reference value :  2.10851e-05 Reference value :  2.10852e-05 Reference value :  2.10853e-05 Reference value :  2.10853e-05 Reference value :  2.10853e-05 Reference value :  2.10855e-05 Reference value :  2.10868e-05 Reference value :  2.11036e-05 Reference value :  2.11323e-05 Reference value :  2.11370e-05 Reference value :  2.11372e-05 Reference value :  2.11579e-05 Reference value :  2.11890e-05 Reference value :  2.11897e-05 Reference value :  2.11904e-05 Reference value :  2.11908e-05 Reference value :  2.11909e-05 Reference value :  2.11910e-05 Reference value :  2.11910e-05 Reference value :  2.11910e-05 Reference value :  2.11911e-05 Reference value :  2.11912e-05 Reference value :  2.11912e-05 Reference value :  2.11913e-05 Reference value :  2.11914e-05 Reference value :  2.11915e-05 Reference value :  2.11934e-05 Reference value :  2.12131e-05 Reference value :  2.12421e-05 Reference value :  2.12430e-05 Reference value :  2.12440e-05 Reference value :  2.12762e-05 Reference value :  2.12950e-05 Reference value :  2.12960e-05 Reference value :  2.12966e-05 Reference value :  2.12966e-05 Reference value :  2.12967e-05 Reference value :  2.12967e-05 Reference value :  2.12968e-05 Reference value :  2.12968e-05 Reference value :  2.12969e-05 Reference value :  2.12969e-05 Reference value :  2.12971e-05 Reference value :  2.12972e-05 Reference value :  2.12972e-05 Reference value :  2.12972e-05 Reference value :  2.12973e-05 Reference value :  2.12979e-05 Reference value :  2.13056e-05 Reference value :  2.13356e-05 Reference value :  2.13490e-05 Reference value :  2.13492e-05 Reference value :  2.13699e-05 Reference value :  2.14010e-05 Reference value :  2.14017e-05 Reference value :  2.14027e-05 Reference value :  2.14028e-05 Reference value :  2.14029e-05 Reference value :  2.14029e-05 Reference value :  2.14030e-05 Reference value :  2.14030e-05 Reference value :  2.14030e-05 Reference value :  2.14031e-05 Reference value :  2.14031e-05 Reference value :  2.14032e-05 Reference value :  2.14033e-05 Reference value :  2.14034e-05 Reference value :  2.14040e-05 Reference value :  2.14112e-05 Reference value :  2.14404e-05 Reference value :  2.14546e-05 Reference value :  2.14550e-05 Reference value :  2.14595e-05 Reference value :  2.14990e-05 Reference value :  2.15071e-05 Reference value :  2.15080e-05 Reference value :  2.15085e-05 Reference value :  2.15086e-05 Reference value :  2.15086e-05 Reference value :  2.15086e-05 Reference value :  2.15087e-05 Reference value :  2.15087e-05 Reference value :  2.15088e-05 Reference value :  2.15090e-05 Reference value :  2.15091e-05 Reference value :  2.15091e-05 Reference value :  2.15091e-05 Reference value :  2.15092e-05 Reference value :  2.15097e-05 Reference value :  2.15126e-05 Reference value :  2.15323e-05 Reference value :  2.15599e-05 Reference value :  2.15609e-05 Reference value :  2.15616e-05 Reference value :  2.15866e-05 Reference value :  2.16129e-05 Reference value :  2.16136e-05 Reference value :  2.16143e-05 Reference value :  2.16147e-05 Reference value :  2.16148e-05 Reference value :  2.16149e-05 Reference value :  2.16149e-05 Reference value :  2.16149e-05 Reference value :  2.16150e-05 Reference value :  2.16151e-05 Reference value :  2.16151e-05 Reference value :  2.16151e-05 Reference value :  2.16152e-05 Reference value :  2.16153e-05 Reference value :  2.16155e-05 Reference value :  2.16180e-05 Reference value :  2.16400e-05 Reference value :  2.16660e-05 Reference value :  2.16669e-05 Reference value :  2.16674e-05 Reference value :  2.16951e-05 Reference value :  2.17189e-05 Reference value :  2.17199e-05 Reference value :  2.17205e-05 Reference value :  2.17206e-05 Reference value :  2.17206e-05 Reference value :  2.17206e-05 Reference value :  2.17207e-05 Reference value :  2.17207e-05 Reference value :  2.17208e-05 Reference value :  2.17208e-05 Reference value :  2.17210e-05 Reference value :  2.17211e-05 Reference value :  2.17211e-05 Reference value :  2.17211e-05 Reference value :  2.17212e-05 Reference value :  2.17218e-05 Reference value :  2.17295e-05 Reference value :  2.17595e-05 Reference value :  2.17729e-05 Reference value :  2.17731e-05 Reference value :  2.17888e-05 Reference value :  2.18249e-05 Reference value :  2.18253e-05 Reference value :  2.18261e-05 Reference value :  2.18266e-05 Reference value :  2.18267e-05 Reference value :  2.18268e-05 Reference value :  2.18269e-05 Reference value :  2.18269e-05 Reference value :  2.18269e-05 Reference value :  2.18270e-05 Reference value :  2.18270e-05 Reference value :  2.18271e-05 Reference value :  2.18272e-05 Reference value :  2.18273e-05 Reference value :  2.18279e-05 Reference value :  2.18351e-05 Reference value :  2.18594e-05 Reference value :  2.18785e-05 Reference value :  2.18789e-05 Reference value :  2.18834e-05 Reference value :  2.19229e-05 Reference value :  2.19310e-05 Reference value :  2.19319e-05 Reference value :  2.19324e-05 Reference value :  2.19325e-05 Reference value :  2.19325e-05 Reference value :  2.19325e-05 Reference value :  2.19325e-05 Reference value :  2.19326e-05 Reference value :  2.19326e-05 Reference value :  2.19327e-05 Reference value :  2.19329e-05 Reference value :  2.19330e-05 Reference value :  2.19330e-05 Reference value :  2.19330e-05 Reference value :  2.19331e-05 Reference value :  2.19337e-05 Reference value :  2.19383e-05 Reference value :  2.19661e-05 Reference value :  2.19844e-05 Reference value :  2.19849e-05 Reference value :  2.19903e-05 Reference value :  2.20303e-05 Reference value :  2.20369e-05 Reference value :  2.20378e-05 Reference value :  2.20385e-05 Reference value :  2.20387e-05 Reference value :  2.20388e-05 Reference value :  2.20388e-05 Reference value :  2.20389e-05 Reference value :  2.20389e-05 Reference value :  2.20390e-05 Reference value :  2.20390e-05 Reference value :  2.20391e-05 Reference value :  2.20391e-05 Reference value :  2.20392e-05 Reference value :  2.20396e-05 Reference value :  2.20428e-05 Reference value :  2.20681e-05 Reference value :  2.20899e-05 Reference value :  2.20908e-05 Reference value :  2.20917e-05 Reference value :  2.21229e-05 Reference value :  2.21428e-05 Reference value :  2.21438e-05 Reference value :  2.21444e-05 Reference value :  2.21445e-05 Reference value :  2.21446e-05 Reference value :  2.21446e-05 Reference value :  2.21446e-05 Reference value :  2.21447e-05 Reference value :  2.21447e-05 Reference value :  2.21448e-05 Reference value :  2.21449e-05 Reference value :  2.21450e-05 Reference value :  2.21451e-05 Reference value :  2.21451e-05 Reference value :  2.21452e-05 Reference value :  2.21458e-05 Reference value :  2.21533e-05 Reference value :  2.21830e-05 Reference value :  2.21968e-05 Reference value :  2.21970e-05 Reference value :  2.22172e-05 Reference value :  2.22488e-05 Reference value :  2.22495e-05 Reference value :  2.22505e-05 Reference value :  2.22506e-05 Reference value :  2.22507e-05 Reference value :  2.22508e-05 Reference value :  2.22508e-05 Reference value :  2.22508e-05 Reference value :  2.22508e-05 Reference value :  2.22509e-05 Reference value :  2.22510e-05 Reference value :  2.22510e-05 Reference value :  2.22511e-05 Reference value :  2.22512e-05 Reference value :  2.22514e-05 Reference value :  2.22536e-05 Reference value :  2.22751e-05 Reference value :  2.23018e-05 Reference value :  2.23028e-05 Reference value :  2.23036e-05 Reference value :  2.23348e-05 Reference value :  2.23548e-05 Reference value :  2.23557e-05 Reference value :  2.23564e-05 Reference value :  2.23565e-05 Reference value :  2.23565e-05 Reference value :  2.23565e-05 Reference value :  2.23566e-05 Reference value :  2.23566e-05 Reference value :  2.23566e-05 Reference value :  2.23567e-05 Reference value :  2.23567e-05 Reference value :  2.23569e-05 Reference value :  2.23570e-05 Reference value :  2.23570e-05 Reference value :  2.23570e-05 Reference value :  2.23572e-05 Reference value :  2.23581e-05 Reference value :  2.23712e-05 Reference value :  2.24012e-05 Reference value :  2.24087e-05 Reference value :  2.24090e-05 Reference value :  2.24311e-05 Reference value :  2.24607e-05 Reference value :  2.24617e-05 Reference value :  2.24623e-05 Reference value :  2.24624e-05 Reference value :  2.24625e-05 Reference value :  2.24626e-05 Reference value :  2.24626e-05 Reference value :  2.24627e-05 Reference value :  2.24627e-05 Reference value :  2.24628e-05 Reference value :  2.24628e-05 Reference value :  2.24629e-05 Reference value :  2.24630e-05 Reference value :  2.24634e-05 Reference value :  2.24659e-05 Reference value :  2.24837e-05 Reference value :  2.25137e-05 Reference value :  2.25147e-05 Reference value :  2.25152e-05 Reference value :  2.25429e-05 Reference value :  2.25667e-05 Reference value :  2.25677e-05 Reference value :  2.25683e-05 Reference value :  2.25683e-05 Reference value :  2.25684e-05 Reference value :  2.25684e-05 Reference value :  2.25685e-05 Reference value :  2.25685e-05 Reference value :  2.25686e-05 Reference value :  2.25686e-05 Reference value :  2.25688e-05 Reference value :  2.25689e-05 Reference value :  2.25689e-05 Reference value :  2.25689e-05 Reference value :  2.25690e-05 Reference value :  2.25695e-05 Reference value :  2.25743e-05 Reference value :  2.26023e-05 Reference value :  2.26199e-05 Reference value :  2.26207e-05 Reference value :  2.26222e-05 Reference value :  2.26566e-05 Reference value :  2.26727e-05 Reference value :  2.26737e-05 Reference value :  2.26744e-05 Reference value :  2.26745e-05 Reference value :  2.26746e-05 Reference value :  2.26747e-05 Reference value :  2.26747e-05 Reference value :  2.26747e-05 Reference value :  2.26748e-05 Reference value :  2.26748e-05 Reference value :  2.26749e-05 Reference value :  2.26750e-05 Reference value :  2.26751e-05 Reference value :  2.26757e-05 Reference value :  2.26829e-05 Reference value :  2.27121e-05 Reference value :  2.27263e-05 Reference value :  2.27267e-05 Reference value :  2.27311e-05 Reference value :  2.27706e-05 Reference value :  2.27788e-05 Reference value :  2.27797e-05 Reference value :  2.27802e-05 Reference value :  2.27803e-05 Reference value :  2.27803e-05 Reference value :  2.27803e-05 Reference value :  2.27804e-05 Reference value :  2.27804e-05 Reference value :  2.27805e-05 Reference value :  2.27806e-05 Reference value :  2.27807e-05 Reference value :  2.27808e-05 Reference value :  2.27808e-05 Reference value :  2.27808e-05 Reference value :  2.27810e-05 Reference value :  2.27823e-05 Reference value :  2.27987e-05 Reference value :  2.28277e-05 Reference value :  2.28326e-05 Reference value :  2.28328e-05 Reference value :  2.28528e-05 Reference value :  2.28846e-05 Reference value :  2.28853e-05 Reference value :  2.28863e-05 Reference value :  2.28865e-05 Reference value :  2.28866e-05 Reference value :  2.28866e-05 Reference value :  2.28866e-05 Reference value :  2.28867e-05 Reference value :  2.28867e-05 Reference value :  2.28868e-05 Reference value :  2.28868e-05 Reference value :  2.28869e-05 Reference value :  2.28870e-05 Reference value :  2.28871e-05 Reference value :  2.28878e-05 Reference value :  2.28931e-05 Reference value :  2.29214e-05 Reference value :  2.29381e-05 Reference value :  2.29386e-05 Reference value :  2.29407e-05 Reference value :  2.29768e-05 Reference value :  2.29907e-05 Reference value :  2.29917e-05 Reference value :  2.29922e-05 Reference value :  2.29923e-05 Reference value :  2.29923e-05 Reference value :  2.29923e-05 Reference value :  2.29924e-05 Reference value :  2.29924e-05 Reference value :  2.29925e-05 Reference value :  2.29925e-05 Reference value :  2.29927e-05 Reference value :  2.29928e-05 Reference value :  2.29928e-05 Reference value :  2.29928e-05 Reference value :  2.29929e-05 Reference value :  2.29935e-05 Reference value :  2.30012e-05 Reference value :  2.30312e-05 Reference value :  2.30441e-05 Reference value :  2.30446e-05 Reference value :  2.30505e-05 Reference value :  2.30905e-05 Reference value :  2.30968e-05 Reference value :  2.30976e-05 Reference value :  2.30983e-05 Reference value :  2.30984e-05 Reference value :  2.30985e-05 Reference value :  2.30986e-05 Reference value :  2.30986e-05 Reference value :  2.30986e-05 Reference value :  2.30987e-05 Reference value :  2.30987e-05 Reference value :  2.30988e-05 Reference value :  2.30989e-05 Reference value :  2.30990e-05 Reference value :  2.30994e-05 Reference value :  2.31039e-05 Reference value :  2.31260e-05 Reference value :  2.31496e-05 Reference value :  2.31506e-05 Reference value :  2.31511e-05 Reference value :  2.31796e-05 Reference value :  2.32026e-05 Reference value :  2.32035e-05 Reference value :  2.32041e-05 Reference value :  2.32042e-05 Reference value :  2.32042e-05 Reference value :  2.32042e-05 Reference value :  2.32043e-05 Reference value :  2.32043e-05 Reference value :  2.32044e-05 Reference value :  2.32045e-05 Reference value :  2.32046e-05 Reference value :  2.32047e-05 Reference value :  2.32047e-05 Reference value :  2.32047e-05 Reference value :  2.32049e-05 Reference value :  2.32057e-05 Reference value :  2.32130e-05 Reference value :  2.32428e-05 Reference value :  2.32565e-05 Reference value :  2.32567e-05 Reference value :  2.32770e-05 Reference value :  2.33085e-05 Reference value :  2.33092e-05 Reference value :  2.33099e-05 Reference value :  2.33103e-05 Reference value :  2.33104e-05 Reference value :  2.33105e-05 Reference value :  2.33105e-05 Reference value :  2.33106e-05 Reference value :  2.33106e-05 Reference value :  2.33107e-05 Reference value :  2.33107e-05 Reference value :  2.33108e-05 Reference value :  2.33109e-05 Reference value :  2.33110e-05 Reference value :  2.33116e-05 Reference value :  2.33198e-05 Reference value :  2.33448e-05 Reference value :  2.33620e-05 Reference value :  2.33625e-05 Reference value :  2.33695e-05 Reference value :  2.34095e-05 Reference value :  2.34148e-05 Reference value :  2.34156e-05 Reference value :  2.34162e-05 Reference value :  2.34162e-05 Reference value :  2.34163e-05 Reference value :  2.34163e-05 Reference value :  2.34164e-05 Reference value :  2.34164e-05 Reference value :  2.34165e-05 Reference value :  2.34167e-05 Reference value :  2.34167e-05 Reference value :  2.34168e-05 Reference value :  2.34168e-05 Reference value :  2.34169e-05 Reference value :  2.34173e-05 Reference value :  2.34202e-05 Reference value :  2.34398e-05 Reference value :  2.34675e-05 Reference value :  2.34685e-05 Reference value :  2.34687e-05 Reference value :  2.34890e-05 Reference value :  2.35205e-05 Reference value :  2.35212e-05 Reference value :  2.35222e-05 Reference value :  2.35223e-05 Reference value :  2.35224e-05 Reference value :  2.35225e-05 Reference value :  2.35225e-05 Reference value :  2.35225e-05 Reference value :  2.35226e-05 Reference value :  2.35226e-05 Reference value :  2.35227e-05 Reference value :  2.35227e-05 Reference value :  2.35228e-05 Reference value :  2.35229e-05 Reference value :  2.35236e-05 Reference value :  2.35317e-05 Reference value :  2.35617e-05 Reference value :  2.35739e-05 Reference value :  2.35745e-05 Reference value :  2.35780e-05 Reference value :  2.36165e-05 Reference value :  2.36266e-05 Reference value :  2.36275e-05 Reference value :  2.36281e-05 Reference value :  2.36282e-05 Reference value :  2.36282e-05 Reference value :  2.36283e-05 Reference value :  2.36283e-05 Reference value :  2.36283e-05 Reference value :  2.36284e-05 Reference value :  2.36285e-05 Reference value :  2.36286e-05 Reference value :  2.36287e-05 Reference value :  2.36287e-05 Reference value :  2.36288e-05 Reference value :  2.36290e-05 Reference value :  2.36310e-05 Reference value :  2.36516e-05 Reference value :  2.36795e-05 Reference value :  2.36804e-05 Reference value :  2.36818e-05 Reference value :  2.37158e-05 Reference value :  2.37325e-05 Reference value :  2.37334e-05 Reference value :  2.37341e-05 Reference value :  2.37343e-05 Reference value :  2.37344e-05 Reference value :  2.37344e-05 Reference value :  2.37345e-05 Reference value :  2.37345e-05 Reference value :  2.37346e-05 Reference value :  2.37346e-05 Reference value :  2.37347e-05 Reference value :  2.37347e-05 Reference value :  2.37348e-05 Reference value :  2.37352e-05 Reference value :  2.37385e-05 Reference value :  2.37588e-05 Reference value :  2.37855e-05 Reference value :  2.37864e-05 Reference value :  2.37882e-05 Reference value :  2.38236e-05 Reference value :  2.38385e-05 Reference value :  2.38394e-05 Reference value :  2.38400e-05 Reference value :  2.38401e-05 Reference value :  2.38402e-05 Reference value :  2.38402e-05 Reference value :  2.38402e-05 Reference value :  2.38403e-05 Reference value :  2.38403e-05 Reference value :  2.38404e-05 Reference value :  2.38406e-05 Reference value :  2.38406e-05 Reference value :  2.38407e-05 Reference value :  2.38407e-05 Reference value :  2.38409e-05 Reference value :  2.38417e-05 Reference value :  2.38488e-05 Reference value :  2.38737e-05 Reference value :  2.38919e-05 Reference value :  2.38924e-05 Reference value :  2.38951e-05 Reference value :  2.39378e-05 Reference value :  2.39446e-05 Reference value :  2.39454e-05 Reference value :  2.39461e-05 Reference value :  2.39463e-05 Reference value :  2.39464e-05 Reference value :  2.39464e-05 Reference value :  2.39464e-05 Reference value :  2.39464e-05 Reference value :  2.39465e-05 Reference value :  2.39465e-05 Reference value :  2.39466e-05 Reference value :  2.39467e-05 Reference value :  2.39468e-05 Reference value :  2.39470e-05 Reference value :  2.39505e-05 Reference value :  2.39756e-05 Reference value :  2.39976e-05 Reference value :  2.39984e-05 Reference value :  2.40001e-05 Reference value :  2.40354e-05 Reference value :  2.40505e-05 Reference value :  2.40514e-05 Reference value :  2.40520e-05 Reference value :  2.40521e-05 Reference value :  2.40521e-05 Reference value :  2.40522e-05 Reference value :  2.40522e-05 Reference value :  2.40522e-05 Reference value :  2.40523e-05 Reference value :  2.40524e-05 Reference value :  2.40526e-05 Reference value :  2.40526e-05 Reference value :  2.40526e-05 Reference value :  2.40527e-05 Reference value :  2.40530e-05 Reference value :  2.40560e-05 Reference value :  2.40755e-05 Reference value :  2.41034e-05 Reference value :  2.41043e-05 Reference value :  2.41050e-05 Reference value :  2.41347e-05 Reference value :  2.41563e-05 Reference value :  2.41570e-05 Reference value :  2.41580e-05 Reference value :  2.41581e-05 Reference value :  2.41582e-05 Reference value :  2.41583e-05 Reference value :  2.41583e-05 Reference value :  2.41584e-05 Reference value :  2.41584e-05 Reference value :  2.41585e-05 Reference value :  2.41585e-05 Reference value :  2.41586e-05 Reference value :  2.41587e-05 Reference value :  2.41588e-05 Reference value :  2.41594e-05 Reference value :  2.41677e-05 Reference value :  2.41977e-05 Reference value :  2.42103e-05 Reference value :  2.42105e-05 Reference value :  2.42325e-05 Reference value :  2.42623e-05 Reference value :  2.42633e-05 Reference value :  2.42639e-05 Reference value :  2.42640e-05 Reference value :  2.42641e-05 Reference value :  2.42641e-05 Reference value :  2.42642e-05 Reference value :  2.42642e-05 Reference value :  2.42643e-05 Reference value :  2.42644e-05 Reference value :  2.42645e-05 Reference value :  2.42645e-05 Reference value :  2.42646e-05 Reference value :  2.42647e-05 Reference value :  2.42652e-05 Reference value :  2.42692e-05 Reference value :  2.42960e-05 Reference value :  2.43159e-05 Reference value :  2.43163e-05 Reference value :  2.43183e-05 Reference value :  2.43545e-05 Reference value :  2.43683e-05 Reference value :  2.43693e-05 Reference value :  2.43698e-05 Reference value :  2.43700e-05 Reference value :  2.43700e-05 Reference value :  2.43701e-05 Reference value :  2.43701e-05 Reference value :  2.43701e-05 Reference value :  2.43702e-05 Reference value :  2.43703e-05 Reference value :  2.43703e-05 Reference value :  2.43704e-05 Reference value :  2.43704e-05 Reference value :  2.43705e-05 Reference value :  2.43709e-05 Reference value :  2.43743e-05 Reference value :  2.43991e-05 Reference value :  2.44215e-05 Reference value :  2.44223e-05 Reference value :  2.44239e-05 Reference value :  2.44586e-05 Reference value :  2.44743e-05 Reference value :  2.44753e-05 Reference value :  2.44759e-05 Reference value :  2.44760e-05 Reference value :  2.44761e-05 Reference value :  2.44761e-05 Reference value :  2.44761e-05 Reference value :  2.44762e-05 Reference value :  2.44763e-05 Reference value :  2.44764e-05 Reference value :  2.44765e-05 Reference value :  2.44765e-05 Reference value :  2.44766e-05 Reference value :  2.44766e-05 Reference value :  2.44768e-05 Reference value :  2.44781e-05 Reference value :  2.44946e-05 Reference value :  2.45234e-05 Reference value :  2.45282e-05 Reference value :  2.45284e-05 Reference value :  2.45488e-05 Reference value :  2.45802e-05 Reference value :  2.45809e-05 Reference value :  2.45819e-05 Reference value :  2.45821e-05 Reference value :  2.45821e-05 Reference value :  2.45822e-05 Reference value :  2.45822e-05 Reference value :  2.45822e-05 Reference value :  2.45823e-05 Reference value :  2.45824e-05 Reference value :  2.45824e-05 Reference value :  2.45824e-05 Reference value :  2.45825e-05 Reference value :  2.45826e-05 Reference value :  2.45828e-05 Reference value :  2.45851e-05 Reference value :  2.46067e-05 Reference value :  2.46333e-05 Reference value :  2.46342e-05 Reference value :  2.46347e-05 Reference value :  2.46616e-05 Reference value :  2.46862e-05 Reference value :  2.46872e-05 Reference value :  2.46878e-05 Reference value :  2.46879e-05 Reference value :  2.46879e-05 Reference value :  2.46880e-05 Reference value :  2.46880e-05 Reference value :  2.46880e-05 Reference value :  2.46881e-05 Reference value :  2.46882e-05 Reference value :  2.46883e-05 Reference value :  2.46884e-05 Reference value :  2.46884e-05 Reference value :  2.46885e-05 Reference value :  2.46887e-05 Reference value :  2.46899e-05 Reference value :  2.47068e-05 Reference value :  2.47355e-05 Reference value :  2.47402e-05 Reference value :  2.47404e-05 Reference value :  2.47611e-05 Reference value :  2.47922e-05 Reference value :  2.47929e-05 Reference value :  2.47935e-05 Reference value :  2.47939e-05 Reference value :  2.47941e-05 Reference value :  2.47941e-05 Reference value :  2.47942e-05 Reference value :  2.47942e-05 Reference value :  2.47942e-05 Reference value :  2.47943e-05 Reference value :  2.47943e-05 Reference value :  2.47944e-05 Reference value :  2.47945e-05 Reference value :  2.47946e-05 Reference value :  2.47952e-05 Reference value :  2.48022e-05 Reference value :  2.48312e-05 Reference value :  2.48462e-05 Reference value :  2.48463e-05 Reference value :  2.48644e-05 Reference value :  2.48982e-05 Reference value :  2.48991e-05 Reference value :  2.48997e-05 Reference value :  2.48998e-05 Reference value :  2.48998e-05 Reference value :  2.48999e-05 Reference value :  2.48999e-05 Reference value :  2.49000e-05 Reference value :  2.49000e-05 Reference value :  2.49001e-05 Reference value :  2.49002e-05 Reference value :  2.49003e-05 Reference value :  2.49003e-05 Reference value :  2.49003e-05 Reference value :  2.49004e-05 Reference value :  2.49006e-05 Reference value :  2.49014e-05 Reference value :  2.49137e-05 Reference value :  2.49437e-05 Reference value :  2.49521e-05 Reference value :  2.49523e-05 Reference value :  2.49731e-05 Reference value :  2.50041e-05 Reference value :  2.50045e-05 Reference value :  2.50052e-05 Reference value :  2.50058e-05 Reference value :  2.50060e-05 Reference value :  2.50061e-05 Reference value :  2.50061e-05 Reference value :  2.50061e-05 Reference value :  2.50062e-05 Reference value :  2.50062e-05 Reference value :  2.50063e-05 Reference value :  2.50063e-05 Reference value :  2.50064e-05 Reference value :  2.50065e-05 Reference value :  2.50067e-05 Reference value :  2.50086e-05 Reference value :  2.50286e-05 Reference value :  2.50572e-05 Reference value :  2.50581e-05 Reference value :  2.50587e-05 Reference value :  2.50871e-05 Reference value :  2.51101e-05 Reference value :  2.51111e-05 Reference value :  2.51116e-05 Reference value :  2.51117e-05 Reference value :  2.51118e-05 Reference value :  2.51118e-05 Reference value :  2.51118e-05 Reference value :  2.51119e-05 Reference value :  2.51119e-05 Reference value :  2.51121e-05 Reference value :  2.51122e-05 Reference value :  2.51122e-05 Reference value :  2.51122e-05 Reference value :  2.51123e-05 Reference value :  2.51124e-05 Reference value :  2.51133e-05 Reference value :  2.51255e-05 Reference value :  2.51505e-05 Reference value :  2.51636e-05 Reference value :  2.51641e-05 Reference value :  2.51669e-05 Reference value :  2.52047e-05 Reference value :  2.52161e-05 Reference value :  2.52171e-05 Reference value :  2.52178e-05 Reference value :  2.52180e-05 Reference value :  2.52180e-05 Reference value :  2.52181e-05 Reference value :  2.52181e-05 Reference value :  2.52181e-05 Reference value :  2.52182e-05 Reference value :  2.52182e-05 Reference value :  2.52183e-05 Reference value :  2.52184e-05 Reference value :  2.52185e-05 Reference value :  2.52187e-05 Reference value :  2.52211e-05 Reference value :  2.52381e-05 Reference value :  2.52661e-05 Reference value :  2.52698e-05 Reference value :  2.52701e-05 Reference value :  2.52742e-05 Reference value :  2.53133e-05 Reference value :  2.53223e-05 Reference value :  2.53231e-05 Reference value :  2.53236e-05 Reference value :  2.53237e-05 Reference value :  2.53238e-05 Reference value :  2.53238e-05 Reference value :  2.53238e-05 Reference value :  2.53239e-05 Reference value :  2.53239e-05 Reference value :  2.53240e-05 Reference value :  2.53241e-05 Reference value :  2.53242e-05 Reference value :  2.53242e-05 Reference value :  2.53243e-05 Reference value :  2.53244e-05 Reference value :  2.53248e-05 Reference value :  2.53297e-05 Reference value :  2.53576e-05 Reference value :  2.53756e-05 Reference value :  2.53761e-05 Reference value :  2.53820e-05 Reference value :  2.54220e-05 Reference value :  2.54282e-05 Reference value :  2.54290e-05 Reference value :  2.54297e-05 Reference value :  2.54299e-05 Reference value :  2.54300e-05 Reference value :  2.54300e-05 Reference value :  2.54300e-05 Reference value :  2.54300e-05 Reference value :  2.54301e-05 Reference value :  2.54302e-05 Reference value :  2.54302e-05 Reference value :  2.54303e-05 Reference value :  2.54304e-05 Reference value :  2.54305e-05 Reference value :  2.54313e-05 Reference value :  2.54425e-05 Reference value :  2.54675e-05 Reference value :  2.54816e-05 Reference value :  2.54820e-05 Reference value :  2.54865e-05 Reference value :  2.55261e-05 Reference value :  2.55341e-05 Reference value :  2.55350e-05 Reference value :  2.55355e-05 Reference value :  2.55356e-05 Reference value :  2.55357e-05 Reference value :  2.55357e-05 Reference value :  2.55357e-05 Reference value :  2.55358e-05 Reference value :  2.55358e-05 Reference value :  2.55359e-05 Reference value :  2.55360e-05 Reference value :  2.55361e-05 Reference value :  2.55361e-05 Reference value :  2.55362e-05 Reference value :  2.55364e-05 Reference value :  2.55376e-05 Reference value :  2.55492e-05 Reference value :  2.55792e-05 Reference value :  2.55880e-05 Reference value :  2.55882e-05 Reference value :  2.56084e-05 Reference value :  2.56400e-05 Reference value :  2.56407e-05 Reference value :  2.56413e-05 Reference value :  2.56418e-05 Reference value :  2.56419e-05 Reference value :  2.56420e-05 Reference value :  2.56420e-05 Reference value :  2.56420e-05 Reference value :  2.56421e-05 Reference value :  2.56421e-05 Reference value :  2.56422e-05 Reference value :  2.56422e-05 Reference value :  2.56423e-05 Reference value :  2.56424e-05 Reference value :  2.56426e-05 Reference value :  2.56448e-05 Reference value :  2.56613e-05 Reference value :  2.56896e-05 Reference value :  2.56940e-05 Reference value :  2.56941e-05 Reference value :  2.57110e-05 Reference value :  2.57460e-05 Reference value :  2.57469e-05 Reference value :  2.57476e-05 Reference value :  2.57477e-05 Reference value :  2.57477e-05 Reference value :  2.57477e-05 Reference value :  2.57478e-05 Reference value :  2.57478e-05 Reference value :  2.57479e-05 Reference value :  2.57479e-05 Reference value :  2.57480e-05 Reference value :  2.57481e-05 Reference value :  2.57482e-05 Reference value :  2.57482e-05 Reference value :  2.57482e-05 Reference value :  2.57484e-05 Reference value :  2.57488e-05 Reference value :  2.57517e-05 Reference value :  2.57717e-05 Reference value :  2.57989e-05 Reference value :  2.57999e-05 Reference value :  2.58001e-05 Reference value :  2.58211e-05 Reference value :  2.58519e-05 Reference value :  2.58526e-05 Reference value :  2.58533e-05 Reference value :  2.58537e-05 Reference value :  2.58538e-05 Reference value :  2.58539e-05 Reference value :  2.58539e-05 Reference value :  2.58539e-05 Reference value :  2.58540e-05 Reference value :  2.58541e-05 Reference value :  2.58541e-05 Reference value :  2.58541e-05 Reference value :  2.58542e-05 Reference value :  2.58543e-05 Reference value :  2.58545e-05 Reference value :  2.58560e-05 Reference value :  2.58681e-05 Reference value :  2.58981e-05 Reference value :  2.59059e-05 Reference value :  2.59061e-05 Reference value :  2.59278e-05 Reference value :  2.59579e-05 Reference value :  2.59586e-05 Reference value :  2.59593e-05 Reference value :  2.59596e-05 Reference value :  2.59597e-05 Reference value :  2.59597e-05 Reference value :  2.59598e-05 Reference value :  2.59598e-05 Reference value :  2.59598e-05 Reference value :  2.59599e-05 Reference value :  2.59600e-05 Reference value :  2.59601e-05 Reference value :  2.59602e-05 Reference value :  2.59602e-05 Reference value :  2.59603e-05 Reference value :  2.59604e-05 Reference value :  2.59612e-05 Reference value :  2.59684e-05 Reference value :  2.59931e-05 Reference value :  2.60111e-05 Reference value :  2.60119e-05 Reference value :  2.60132e-05 Reference value :  2.60473e-05 Reference value :  2.60639e-05 Reference value :  2.60649e-05 Reference value :  2.60656e-05 Reference value :  2.60658e-05 Reference value :  2.60658e-05 Reference value :  2.60659e-05 Reference value :  2.60659e-05 Reference value :  2.60659e-05 Reference value :  2.60660e-05 Reference value :  2.60660e-05 Reference value :  2.60661e-05 Reference value :  2.60661e-05 Reference value :  2.60662e-05 Reference value :  2.60663e-05 Reference value :  2.60666e-05 Reference value :  2.60699e-05 Reference value :  2.60902e-05 Reference value :  2.61169e-05 Reference value :  2.61179e-05 Reference value :  2.61187e-05 Reference value :  2.61499e-05 Reference value :  2.61699e-05 Reference value :  2.61709e-05 Reference value :  2.61715e-05 Reference value :  2.61716e-05 Reference value :  2.61716e-05 Reference value :  2.61716e-05 Reference value :  2.61717e-05 Reference value :  2.61717e-05 Reference value :  2.61718e-05 Reference value :  2.61718e-05 Reference value :  2.61719e-05 Reference value :  2.61721e-05 Reference value :  2.61721e-05 Reference value :  2.61721e-05 Reference value :  2.61722e-05 Reference value :  2.61725e-05 Reference value :  2.61738e-05 Reference value :  2.61863e-05 Reference value :  2.62113e-05 Reference value :  2.62233e-05 Reference value :  2.62239e-05 Reference value :  2.62275e-05 Reference value :  2.62662e-05 Reference value :  2.62761e-05 Reference value :  2.62769e-05 Reference value :  2.62774e-05 Reference value :  2.62776e-05 Reference value :  2.62777e-05 Reference value :  2.62777e-05 Reference value :  2.62777e-05 Reference value :  2.62777e-05 Reference value :  2.62778e-05 Reference value :  2.62779e-05 Reference value :  2.62780e-05 Reference value :  2.62780e-05 Reference value :  2.62781e-05 Reference value :  2.62785e-05 Reference value :  2.62814e-05 Reference value :  2.63052e-05 Reference value :  2.63289e-05 Reference value :  2.63298e-05 Reference value :  2.63304e-05 Reference value :  2.63586e-05 Reference value :  2.63818e-05 Reference value :  2.63828e-05 Reference value :  2.63833e-05 Reference value :  2.63834e-05 Reference value :  2.63835e-05 Reference value :  2.63835e-05 Reference value :  2.63835e-05 Reference value :  2.63836e-05 Reference value :  2.63836e-05 Reference value :  2.63837e-05 Reference value :  2.63838e-05 Reference value :  2.63839e-05 Reference value :  2.63840e-05 Reference value :  2.63840e-05 Reference value :  2.63841e-05 Reference value :  2.63845e-05 Reference value :  2.63872e-05 Reference value :  2.64111e-05 Reference value :  2.64349e-05 Reference value :  2.64358e-05 Reference value :  2.64363e-05 Reference value :  2.64645e-05 Reference value :  2.64878e-05 Reference value :  2.64888e-05 Reference value :  2.64893e-05 Reference value :  2.64895e-05 Reference value :  2.64895e-05 Reference value :  2.64896e-05 Reference value :  2.64896e-05 Reference value :  2.64897e-05 Reference value :  2.64897e-05 Reference value :  2.64898e-05 Reference value :  2.64898e-05 Reference value :  2.64899e-05 Reference value :  2.64900e-05 Reference value :  2.64902e-05 Reference value :  2.64921e-05 Reference value :  2.65116e-05 Reference value :  2.65409e-05 Reference value :  2.65418e-05 Reference value :  2.65423e-05 Reference value :  2.65700e-05 Reference value :  2.65938e-05 Reference value :  2.65947e-05 Reference value :  2.65953e-05 Reference value :  2.65954e-05 Reference value :  2.65954e-05 Reference value :  2.65955e-05 Reference value :  2.65955e-05 Reference value :  2.65955e-05 Reference value :  2.65956e-05 Reference value :  2.65957e-05 Reference value :  2.65958e-05 Reference value :  2.65959e-05 Reference value :  2.65959e-05 Reference value :  2.65959e-05 Reference value :  2.65960e-05 Reference value :  2.65962e-05 Reference value :  2.65975e-05 Reference value :  2.66143e-05 Reference value :  2.66430e-05 Reference value :  2.66477e-05 Reference value :  2.66479e-05 Reference value :  2.66687e-05 Reference value :  2.66997e-05 Reference value :  2.67004e-05 Reference value :  2.67011e-05 Reference value :  2.67015e-05 Reference value :  2.67016e-05 Reference value :  2.67017e-05 Reference value :  2.67017e-05 Reference value :  2.67017e-05 Reference value :  2.67018e-05 Reference value :  2.67018e-05 Reference value :  2.67019e-05 Reference value :  2.67019e-05 Reference value :  2.67020e-05 Reference value :  2.67021e-05 Reference value :  2.67027e-05 Reference value :  2.67099e-05 Reference value :  2.67342e-05 Reference value :  2.67530e-05 Reference value :  2.67537e-05 Reference value :  2.67548e-05 Reference value :  2.67877e-05 Reference value :  2.68057e-05 Reference value :  2.68067e-05 Reference value :  2.68072e-05 Reference value :  2.68073e-05 Reference value :  2.68074e-05 Reference value :  2.68074e-05 Reference value :  2.68074e-05 Reference value :  2.68075e-05 Reference value :  2.68075e-05 Reference value :  2.68077e-05 Reference value :  2.68078e-05 Reference value :  2.68078e-05 Reference value :  2.68079e-05 Reference value :  2.68079e-05 Reference value :  2.68080e-05 Reference value :  2.68086e-05 Reference value :  2.68128e-05 Reference value :  2.68401e-05 Reference value :  2.68590e-05 Reference value :  2.68597e-05 Reference value :  2.68608e-05 Reference value :  2.68936e-05 Reference value :  2.69117e-05 Reference value :  2.69127e-05 Reference value :  2.69132e-05 Reference value :  2.69133e-05 Reference value :  2.69134e-05 Reference value :  2.69135e-05 Reference value :  2.69135e-05 Reference value :  2.69135e-05 Reference value :  2.69136e-05 Reference value :  2.69137e-05 Reference value :  2.69138e-05 Reference value :  2.69138e-05 Reference value :  2.69140e-05 Reference value :  2.69148e-05 Reference value :  2.69219e-05 Reference value :  2.69462e-05 Reference value :  2.69649e-05 Reference value :  2.69657e-05 Reference value :  2.69668e-05 Reference value :  2.69998e-05 Reference value :  2.70177e-05 Reference value :  2.70186e-05 Reference value :  2.70192e-05 Reference value :  2.70192e-05 Reference value :  2.70193e-05 Reference value :  2.70193e-05 Reference value :  2.70193e-05 Reference value :  2.70194e-05 Reference value :  2.70194e-05 Reference value :  2.70195e-05 Reference value :  2.70196e-05 Reference value :  2.70197e-05 Reference value :  2.70198e-05 Reference value :  2.70198e-05 Reference value :  2.70198e-05 Reference value :  2.70200e-05 Reference value :  2.70208e-05 Reference value :  2.70280e-05 Reference value :  2.70527e-05 Reference value :  2.70709e-05 Reference value :  2.70716e-05 Reference value :  2.70729e-05 Reference value :  2.71068e-05 Reference value :  2.71236e-05 Reference value :  2.71243e-05 Reference value :  2.71250e-05 Reference value :  2.71254e-05 Reference value :  2.71256e-05 Reference value :  2.71256e-05 Reference value :  2.71256e-05 Reference value :  2.71257e-05 Reference value :  2.71257e-05 Reference value :  2.71258e-05 Reference value :  2.71258e-05 Reference value :  2.71259e-05 Reference value :  2.71260e-05 Reference value :  2.71261e-05 Reference value :  2.71268e-05 Reference value :  2.71322e-05 Reference value :  2.71605e-05 Reference value :  2.71771e-05 Reference value :  2.71776e-05 Reference value :  2.71786e-05 Reference value :  2.72058e-05 Reference value :  2.72296e-05 Reference value :  2.72302e-05 Reference value :  2.72311e-05 Reference value :  2.72312e-05 Reference value :  2.72313e-05 Reference value :  2.72313e-05 Reference value :  2.72313e-05 Reference value :  2.72314e-05 Reference value :  2.72314e-05 Reference value :  2.72315e-05 Reference value :  2.72315e-05 Reference value :  2.72317e-05 Reference value :  2.72318e-05 Reference value :  2.72318e-05 Reference value :  2.72318e-05 Reference value :  2.72319e-05 Reference value :  2.72324e-05 Reference value :  2.72353e-05 Reference value :  2.72552e-05 Reference value :  2.72826e-05 Reference value :  2.72836e-05 Reference value :  2.72838e-05 Reference value :  2.73045e-05 Reference value :  2.73356e-05 Reference value :  2.73363e-05 Reference value :  2.73369e-05 Reference value :  2.73373e-05 Reference value :  2.73375e-05 Reference value :  2.73375e-05 Reference value :  2.73376e-05 Reference value :  2.73376e-05 Reference value :  2.73376e-05 Reference value :  2.73377e-05 Reference value :  2.73377e-05 Reference value :  2.73378e-05 Reference value :  2.73379e-05 Reference value :  2.73380e-05 Reference value :  2.73381e-05 Reference value :  2.73401e-05 Reference value :  2.73550e-05 Reference value :  2.73843e-05 Reference value :  2.73896e-05 Reference value :  2.73897e-05 Reference value :  2.74086e-05 Reference value :  2.74416e-05 Reference value :  2.74425e-05 Reference value :  2.74431e-05 Reference value :  2.74432e-05 Reference value :  2.74432e-05 Reference value :  2.74432e-05 Reference value :  2.74433e-05 Reference value :  2.74433e-05 Reference value :  2.74433e-05 Reference value :  2.74434e-05 Reference value :  2.74435e-05 Reference value :  2.74436e-05 Reference value :  2.74437e-05 Reference value :  2.74437e-05 Reference value :  2.74437e-05 Reference value :  2.74439e-05 Reference value :  2.74447e-05 Reference value :  2.74520e-05 Reference value :  2.74768e-05 Reference value :  2.74948e-05 Reference value :  2.74955e-05 Reference value :  2.74969e-05 Reference value :  2.75310e-05 Reference value :  2.75475e-05 Reference value :  2.75482e-05 Reference value :  2.75489e-05 Reference value :  2.75493e-05 Reference value :  2.75494e-05 Reference value :  2.75495e-05 Reference value :  2.75495e-05 Reference value :  2.75495e-05 Reference value :  2.75496e-05 Reference value :  2.75497e-05 Reference value :  2.75497e-05 Reference value :  2.75497e-05 Reference value :  2.75498e-05 Reference value :  2.75499e-05 Reference value :  2.75500e-05 Reference value :  2.75523e-05 Reference value :  2.75688e-05 Reference value :  2.75971e-05 Reference value :  2.76015e-05 Reference value :  2.76017e-05 Reference value :  2.76235e-05 Reference value :  2.76535e-05 Reference value :  2.76545e-05 Reference value :  2.76551e-05 Reference value :  2.76552e-05 Reference value :  2.76553e-05 Reference value :  2.76553e-05 Reference value :  2.76553e-05 Reference value :  2.76554e-05 Reference value :  2.76554e-05 Reference value :  2.76555e-05 Reference value :  2.76556e-05 Reference value :  2.76557e-05 Reference value :  2.76557e-05 Reference value :  2.76558e-05 Reference value :  2.76558e-05 Reference value :  2.76560e-05 Reference value :  2.76568e-05 Reference value :  2.76687e-05 Reference value :  2.76987e-05 Reference value :  2.77075e-05 Reference value :  2.77077e-05 Reference value :  2.77279e-05 Reference value :  2.77595e-05 Reference value :  2.77602e-05 Reference value :  2.77612e-05 Reference value :  2.77613e-05 Reference value :  2.77614e-05 Reference value :  2.77615e-05 Reference value :  2.77615e-05 Reference value :  2.77615e-05 Reference value :  2.77616e-05 Reference value :  2.77616e-05 Reference value :  2.77617e-05 Reference value :  2.77617e-05 Reference value :  2.77618e-05 Reference value :  2.77619e-05 Reference value :  2.77622e-05 Reference value :  2.77678e-05 Reference value :  2.77958e-05 Reference value :  2.78129e-05 Reference value :  2.78135e-05 Reference value :  2.78170e-05 Reference value :  2.78556e-05 Reference value :  2.78656e-05 Reference value :  2.78665e-05 Reference value :  2.78671e-05 Reference value :  2.78672e-05 Reference value :  2.78672e-05 Reference value :  2.78672e-05 Reference value :  2.78673e-05 Reference value :  2.78673e-05 Reference value :  2.78673e-05 Reference value :  2.78674e-05 Reference value :  2.78675e-05 Reference value :  2.78677e-05 Reference value :  2.78677e-05 Reference value :  2.78677e-05 Reference value :  2.78678e-05 Reference value :  2.78682e-05 Reference value :  2.78716e-05 Reference value :  2.78973e-05 Reference value :  2.79185e-05 Reference value :  2.79194e-05 Reference value :  2.79199e-05 Reference value :  2.79476e-05 Reference value :  2.79714e-05 Reference value :  2.79724e-05 Reference value :  2.79730e-05 Reference value :  2.79731e-05 Reference value :  2.79732e-05 Reference value :  2.79733e-05 Reference value :  2.79733e-05 Reference value :  2.79733e-05 Reference value :  2.79734e-05 Reference value :  2.79734e-05 Reference value :  2.79735e-05 Reference value :  2.79736e-05 Reference value :  2.79736e-05 Reference value :  2.79737e-05 Reference value :  2.79744e-05 Reference value :  2.79794e-05
No. of Data Rows : 27086
vref_q              =  1.04546e+00 from=  1.40000e-05 to=  1.60000e-05
isense_q            =  1.50734e+00 from=  1.40000e-05 to=  1.60000e-05
icmp_q              =  7.54006e-01 from=  1.40000e-05 to=  1.60000e-05
vths_q              =  8.05121e-01 from=  1.40000e-05 to=  1.60000e-05
vthh_q              =  8.97365e-01 from=  1.40000e-05 to=  1.60000e-05
vref_i              =  1.04547e+00
isense_i            =  1.50738e+00
icmp_i              =  7.39161e-01
vths_i              =  7.90520e-01
vthh_i              =  9.01371e-01
iload_q             =  1.00000e+00
gate_q              =  3.30000e+00
fastq               =  0.00000e+00
t_inrush_off        =  7.73207e-06
inrush_q            =  0.00000e+00
softarmed_end       =  0.00000e+00
code_soft           =  1.53000e+02
code_hard           =  2.00000e+02
QUIET window_us=14-16 vref= 1.04546  isense= 1.50734  icmp= 0.754006  vth_soft= 0.805121  vth_hard= 0.897365  vref_inst= 1.04547  isense_inst= 1.50738  icmp_inst= 0.739161  vth_soft_inst= 0.79052  vth_hard_inst= 0.901371  iload_A= 1  gate= 3.3  code_soft= 153  code_hard= 200  fast_en= 0  inrush_active= 0  t_inrush_off_us= 7.73207  soft_armed_end= 0
tosc1               =  1.18637e-05
tosc2               =  1.39832e-05
tcc1                =  1.19711e-05
tcc2                =  1.40906e-05
CLOCK f_osc_MHz= 9.43619  f_cmp_MHz= 4.71809  (RTL clock: ideal source at the block-simulated frequency)
ia_vdda             =  1.42116e-03 from=  1.38565e-05 to=  1.60000e-05
ia_iovdd            =  3.50687e-10 from=  1.38565e-05 to=  1.60000e-05
ia_vdd              =  3.08998e-06 from=  1.38565e-05 to=  1.60000e-05
ia_bgr              =  3.19704e-04 from=  1.38565e-05 to=  1.60000e-05
ia_sense            =  1.10145e-03 from=  1.38565e-05 to=  1.60000e-05
ia_tripa            =  5.60676e-09 from=  1.38565e-05 to=  1.60000e-05
ia_tripd            =  3.10247e-06 from=  1.38565e-05 to=  1.60000e-05
ia_osc              =  2.40000e-12 from=  1.38565e-05 to=  1.60000e-05
ia_gatea            =  5.63300e-10 from=  1.38565e-05 to=  1.60000e-05
ia_gated            =  7.26609e-10 from=  1.38565e-05 to=  1.60000e-05
SUPPLY_uA window=13.8565-16us VDDA= 1421.16  IOVDD= 0.000350687  VDD= 3.08998  | bgr= 319.704  sense= 1101.45  trip_3v3= 0.00560676  trip_1v2= 3.10247  osc= 2.4E-06  gate_3v3= 0.0005633  gate_1v2= 0.000726609
tripped_max         =  1.20002e+00 at=  1.72698e-05
tripped_pre         =  6.12613e-07 at=  1.35613e-05
t_tripped           =  1.70591e-05
t_trip_d            =  1.70578e-05
t_gate1v            =  1.73444e-05
t_gate03            =  1.76603e-05
gate_min            =  1.24577e-10 at=  2.79733e-05
gate_end            =  1.24580e-10
ipk                 =  1.80000e+00 at=  1.70591e-05
i_end               =  3.71008e-09
isense_pk           =  1.91228e+00 at=  1.71681e-05
cause1e             =  1.20000e+00
cause0e             =  0.00000e+00
fault_end           =  1.24580e-10
soft_peak           =  0.00000e+00
TRIP tripped_max= 1.20002  tripped_before_event= 6.12613E-07  t_tripped_us= 1.0591  t_trip_d_us= 1.05782  t_gate_1V_us= 1.34439  t_gate_0.33V_us= 1.66035  gate_min= 1.24577E-10  gate_end= 1.2458E-10  ipk_A= 1.8  i_end_A= 3.71008E-09  isense_pk= 1.91228  cause= 2  fault_n_end= 1.2458E-10  soft_peak= 0
q_step              =  1.28080e-05
q_end               =  1.51130e-05
CHARGE after_event_As= 2.305E-06
Note: Simulation executed from .control section 

# run status completed
# ngspice exit 0, wall time 1655 s
