# G1 CDL-driven full-chip run cdl_gB_pd_pex_tt_27C_gear_por_functional_cdlpwr  2026-09-25T14:41:46Z UTC
# (g-B) power-up: VDD ramp 1-3 us, IOVDD/VDDA 5-7 us, EN low until 12 us; 10 kOhm external pull-down on GATE
# deck build/g1_top/cdl_gB_pd_pex_tt_27C_gear_por_functional_cdlpwr.cir
# CDL sha256 af5a4dbd0b17013b11d32f31221353a22b2676ea884e3487db3f14d9c5443a36 blocks/g1_padring/netlist/g1_chip_top_1414.cdl
# g1_bgr <- sha256 01227a3d8d8210d10d2d1ee6933842351140b8825fe29282f0327936a3064ad5 blocks/g1_bgr/sim/postlayout/g1_bgr586_pex.spice
# g1_sense <- sha256 ffb14762659eaf02b6a62e9edea3caa0e143cbc7881378b329d6ab9945a6554b blocks/g1_sense/sim/postlayout/g1_sense_r100_partialc.spice
# g1_trip <- sha256 ba86b7b2a530abae365d539297909e033b24a54597f9cc75d8dff273c30d401c blocks/g1_trip/sim/postlayout/g1_trip_nf4_pex.spice
# g1_gate <- sha256 e91617f5fcf6f5a0dc721a2ba53b507a05cc226d6dbf0bebaa858a1e7d876765 blocks/g1_gate/sim/postlayout/g1_gate_pex.spice
# g1_t2f <- sha256 441edabc0484c9de1e035d585369f37d460afe32370e73935044693bbfd0c78a blocks/g1_t2f/sim/postlayout/g1_t2f_pex.spice
# translation {'subckts': 40, 'devices': {'removed dantenna': 8, 'D dpantenna': 7, 'M sg13_lv_nmos': 8, 'M sg13_lv_pmos': 7, 'ptap1 R from sg13g2_io.spi': 42, 'R ptap1': 42, 'M sg13_hv_nmos': 191, 'Q npn13G2': 1, 'M sg13_hv_pmos': 18, 'R rppd': 29, 'X': 36}, 'merged': 4833, 'meters': ['vm_bgr', 'vm_gatea', 'vm_gated', 'vm_ls', 'vm_lsd', 'vm_osc', 'vm_sense', 'vm_t2f', 'vm_t2fd', 'vm_tripa', 'vm_tripd'], 'swaps': {'g1_bgr': 'g1_bgr/sim/postlayout/g1_bgr586_pex.spice', 'g1_sense': 'g1_sense/sim/postlayout/g1_sense_r100_partialc.spice', 'g1_trip': 'g1_trip/sim/postlayout/g1_trip_nf4_pex.spice', 'g1_gate': 'g1_gate/sim/postlayout/g1_gate_pex.spice', 'g1_t2f': 'g1_t2f/sim/postlayout/g1_t2f_pex.spice'}, 'replaced': ['g1_digital', 'g1_osc']}
# IO models sha256 1d53ab7df431b717ef5aff43e1117c0224681d5cc84886da37a319280ee958d6 /foss/pdks/ihp-sg13g2/libs.ref/sg13g2_io/spice/sg13g2_io.spi (ptap1 values only)
# PDK commit 84374023ee8b4b126bebbba67fcbada0a9c0ff0b
# ngspice-46 : Circuit level simulation program
# Icarus Verilog version 14.0 (devel) (s20260301-328-geda9fdcd-dirty)
# iverilog -g2005 -Wall -Wno-timescale -o /work/build/g1_top/cosim_1f8d3e0d307a5af6f7fb7159.vvp.tmp1 /work/designs/g1-guardian/blocks/g1_top/sim/rtl/g1_dig_cosim_cdl_por.v /work/designs/g1-guardian/blocks/g1_ctrl/rtl/g1_sync2.v /work/designs/g1-guardian/blocks/g1_ctrl/rtl/g1_serial.v /work/designs/g1-guardian/blocks/g1_ctrl/rtl/g1_trip_timer.v /work/designs/g1-guardian/blocks/g1_ctrl/rtl/g1_regfile.v /work/designs/g1-guardian/blocks/g1_ctrl/rtl/g1_digital_top.v /work/designs/g1-guardian/blocks/g1_ctrl/rtl/g1_digital.v /work/designs/g1-guardian/blocks/g1_seu/rtl/g1_tmr_reg.v /work/designs/g1-guardian/blocks/g1_seu/rtl/g1_seu_chain.v /work/designs/g1-guardian/blocks/g1_seu/rtl/g1_seu.v
# compiled RTL build/g1_top/cosim_1f8d3e0d307a5af6f7fb7159.vvp (tag cdl_gB_pd_pex_tt_27C_gear_por_functional_cdlpwr) sha256 0ceba6b49db3da15e91b8586b7e5f2627bfb9bc20ef70dc09a91b21af93c1a92
# rtl sha256 07113cd7a5584bb21908a08be43a2a0fad52ecafa571066935fda37a2c80b1b3 designs/g1-guardian/blocks/g1_top/sim/rtl/g1_dig_cosim_cdl_por.v
# rtl sha256 c14906d7d9256a771cd8fdc0ab14ba291131e151d24bf06b951b6bc693ad8ef2 designs/g1-guardian/blocks/g1_ctrl/rtl/g1_sync2.v
# rtl sha256 df4341e1878caef2f7bf27abb273a7a5af3e41b96658ffa02eedb2af97c48a5d designs/g1-guardian/blocks/g1_ctrl/rtl/g1_serial.v
# rtl sha256 094527d2ccbdfad792d4c2e4d1a602c50051ed1e1c8d1789e4946a44e37af850 designs/g1-guardian/blocks/g1_ctrl/rtl/g1_trip_timer.v
# rtl sha256 16e48edd1b7ac39d4c3ccd7b76b0ff75ba9d71095e188c7c808d7fb587c10d50 designs/g1-guardian/blocks/g1_ctrl/rtl/g1_regfile.v
# rtl sha256 42430b79ddf649d832993aca1cf3c8a548afc97383c59a793cf70b972c8256ac designs/g1-guardian/blocks/g1_ctrl/rtl/g1_digital_top.v
# rtl sha256 36757122c43271dfd439bf1623be6d5413adf3bbb97cbad40d5cccf5892f5c3d designs/g1-guardian/blocks/g1_ctrl/rtl/g1_digital.v
# rtl sha256 f53f82d97b91d4e815e662e72b40968949c7d74ce135f777dba7789201167ac5 designs/g1-guardian/blocks/g1_seu/rtl/g1_tmr_reg.v
# rtl sha256 6e10bbc02a8ff29116067f2067f648b959f17b542cb2360c50e7802010048573 designs/g1-guardian/blocks/g1_seu/rtl/g1_seu_chain.v
# rtl sha256 7c1831c99b5875a2dd48387db70fd5b1a0888a520fe8676bc4e071820b7fa736 designs/g1-guardian/blocks/g1_seu/rtl/g1_seu.v

Note: No compatibility mode selected!


Circuit: * g1_top breaker path, chip level: (g-b) power-up: vdd ramp 1-3 us, iovdd/vdda 5-7 us, en low until 12 us; 10 kohm external pull-down on gate

Reducing trtol to 1 for xspice 'A' devices
Doing analysis at TEMP = 27.000000 and TNOM = 27.000000

Using SPARSE 1.3 as Direct Linear Solver


The temperature limiting function received NaN.
Please check your power dissipation and improve your heat sink Rth!
    This message will be shown only once.

Note: Starting dynamic gmin stepping
Note: Dynamic gmin stepping completed

Initial Transient Solution
--------------------------

Node                                   Voltage
----                                   -------
sub!                                         0
rail33                                       0
vdda_s                                       0
iovdd_s                                      0
vdda                                3.2373e-21
iovdd                              1.19288e-20
vdd_s                                        0
vdd                                6.36867e-25
iprof                                        1
ldi                                7.21404e-11
gfet                               9.54304e-28
shp                                7.21404e-11
shn                                2.06115e-11
sense_p                            7.21404e-11
sense_n                            2.06115e-11
gate                               9.54304e-28
fault_n                            4.21551e-21
en_pad                                       0
sclk_pad                                     0
sdi_pad                                      0
xchip.xi_core_u_bgr.n_i43          1.45163e-22
xchip.i_core_vref                  1.45163e-22
xchip.xi_core_u_bgr.xr1.dt                   0
xchip.xi_core_u_bgr.n_i42          1.45163e-22
xchip.xi_core_u_bgr.n_17           1.45163e-22
xchip.xi_core_u_bgr.xr2.dt                   0
xchip.xi_core_u_bgr.xr3.dt                   0
xchip.xi_core_u_bgr.n_i39          1.45163e-22
xchip.xi_core_u_bgr.xr4.dt                   0
xchip.xi_core_u_bgr.n_i29          1.45163e-22
xchip.xi_core_u_bgr.xr5.dt                   0
xchip.xi_core_u_bgr.xr6.dt                   0
xchip.xi_core_u_bgr.xr7.dt                   0
xchip.xi_core_u_bgr.xr8.dt                   0
xchip.xi_core_u_bgr.n_i36          1.45163e-22
xchip.xi_core_u_bgr.xr9.dt                   0
xchip.xi_core_u_bgr.xr10.dt                  0
xchip.xi_core_u_bgr.xr11.dt                  0
xchip.xi_core_u_bgr.xr12.dt                  0
xchip.xi_core_u_bgr.xr13.dt                  0
xchip.xi_core_u_bgr.xr14.dt                  0
xchip.xi_core_u_bgr.xr15.dt                  0
xchip.xi_core_u_bgr.xr16.dt                  0
xchip.xi_core_u_bgr.xr17.dt                  0
xchip.xi_core_u_bgr.xr18.dt                  0
xchip.xi_core_u_bgr.xr19.dt                  0
xchip.xi_core_u_bgr.xr20.dt                  0
xchip.xi_core_u_bgr.xr21.dt                  0
xchip.xi_core_u_bgr.xr22.dt                  0
xchip.xi_core_u_bgr.xr23.dt                  0
xchip.xi_core_u_bgr.xr24.dt                  0
xchip.xi_core_u_bgr.n_i31          1.02931e-27
xchip.xi_core_u_bgr.xr25.dt                  0
xchip.xi_core_u_bgr.n_i17          2.05863e-27
xchip.xi_core_u_bgr.n_i33          3.08794e-27
xchip.xi_core_u_bgr.xr26.dt                  0
xchip.xi_core_u_bgr.n_i16          4.11726e-27
xchip.xi_core_u_bgr.xr27.dt                  0
xchip.xi_core_u_bgr.n_i19          1.23519e-26
xchip.xi_core_u_bgr.n_i32          1.33812e-26
xchip.xi_core_u_bgr.xr28.dt                  0
xchip.xi_core_u_bgr.n_i15          1.44106e-26
xchip.xi_core_u_bgr.xr29.dt                  0
xchip.xi_core_u_bgr.n_i28          5.14657e-27
xchip.xi_core_u_bgr.xr30.dt                  0
xchip.xi_core_u_bgr.n_10             1.544e-26
xchip.xi_core_u_bgr.xr31.dt                  0
xchip.xi_core_u_bgr.xr32.dt                  0
xchip.xi_core_u_bgr.n_i25          1.13225e-26
xchip.xi_core_u_bgr.xr33.dt                  0
xchip.xi_core_u_bgr.n_i22          6.17589e-27
xchip.xi_core_u_bgr.n_i27          7.20522e-27
xchip.xi_core_u_bgr.xr34.dt                  0
xchip.xi_core_u_bgr.xr35.dt                  0
xchip.xi_core_u_bgr.n_i20          1.02932e-26
xchip.xi_core_u_bgr.xr36.dt                  0
xchip.xi_core_u_bgr.n_i21          8.23454e-27
xchip.xi_core_u_bgr.n_i26          9.26387e-27
xchip.xi_core_u_bgr.xr37.dt                  0
xchip.xi_core_u_bgr.xr38.dt                  0
xchip.xi_core_u_bgr.xr39.dt                  0
xchip.i_core_dvbe                  7.90121e-31
xchip.xi_core_u_bgr.xr40.dt                  0
xchip.xi_core_u_bgr.xr41.dt                  0
xchip.xi_core_u_bgr.xr42.dt                  0
xchip.xi_core_u_bgr.xr43.dt                  0
xchip.xi_core_u_bgr.xr44.dt                  0
xchip.xi_core_u_bgr.xr45.dt                  0
xchip.xi_core_u_bgr.xr46.dt                  0
xchip.xi_core_u_bgr.xr47.dt                  0
xchip.xi_core_u_bgr.xr48.dt                  0
xchip.xi_core_u_bgr.xr49.dt                  0
xchip.xi_core_u_bgr.xr50.dt                  0
xchip.xi_core_u_bgr.xr51.dt                  0
xchip.xi_core_u_bgr.xr52.dt                  0
xchip.xi_core_u_bgr.xr53.dt                  0
xchip.xi_core_u_bgr.xr54.dt                  0
xchip.xi_core_u_bgr.xr55.dt                  0
xchip.xi_core_u_bgr.xr56.dt                  0
xchip.xi_core_u_bgr.xr57.dt                  0
xchip.xi_core_u_bgr.xr58.dt                  0
xchip.xi_core_u_bgr.xr59.dt                  0
xchip.xi_core_u_bgr.xr60.dt                  0
xchip.xi_core_u_bgr.xr61.dt                  0
xchip.xi_core_u_bgr.xr62.dt                  0
xchip.xi_core_u_bgr.xr63.dt                  0
xchip.xi_core_u_bgr.n_i13          5.03365e-23
xchip.xi_core_u_bgr.n_16           5.03366e-23
xchip.xi_core_u_bgr.xr64.dt                  0
xchip.xi_core_u_bgr.xr65.dt                  0
xchip.xi_core_u_bgr.n_i24          5.03365e-23
xchip.xi_core_u_bgr.xr66.dt                  0
xchip.xi_core_u_bgr.n_i14          5.03365e-23
xchip.xi_core_u_bgr.n_18           5.03365e-23
xchip.xi_core_u_bgr.xr67.dt                  0
xchip.xi_core_u_bgr.xr68.dt                  0
xchip.xi_core_u_bgr.xr69.dt                  0
xchip.xi_core_u_bgr.xr70.dt                  0
xchip.xi_core_u_bgr.xr71.dt                  0
xchip.xi_core_u_bgr.xr72.dt                  0
xchip.xi_core_u_bgr.xr73.dt                  0
xchip.xi_core_u_bgr.xr74.dt                  0
xchip.xi_core_u_bgr.xr75.dt                  0
xchip.xi_core_u_bgr.xr76.dt                  0
xchip.xi_core_u_bgr.xr77.dt                  0
xchip.xi_core_u_bgr.xr78.dt                  0
xchip.xi_core_u_bgr.xr79.dt                  0
xchip.xi_core_u_bgr.xr80.dt                  0
xchip.xi_core_u_bgr.xr81.dt                  0
xchip.xi_core_u_bgr.xr82.dt                  0
xchip.xi_core_u_bgr.xr83.dt                  0
xchip.xi_core_u_bgr.xr84.dt                  0
xchip.xi_core_u_bgr.xr85.dt                  0
xchip.xi_core_u_bgr.xr86.dt                  0
xchip.xi_core_u_bgr.xr87.dt                  0
xchip.xi_core_u_bgr.xr88.dt                  0
xchip.xi_core_u_bgr.xr89.dt                  0
xchip.xi_core_u_bgr.xr90.dt                  0
xchip.xi_core_u_bgr.xr91.dt                  0
xchip.xi_core_u_bgr.xr92.dt                  0
xchip.xi_core_u_bgr.xr93.dt                  0
xchip.xi_core_u_bgr.xr94.dt                  0
xchip.xi_core_u_bgr.xr95.dt                  0
xchip.xi_core_u_bgr.xr96.dt                  0
xchip.xi_core_u_bgr.xr97.dt                  0
xchip.xi_core_u_bgr.xr98.dt                  0
xchip.xi_core_u_bgr.xr99.dt                  0
xchip.xi_core_u_bgr.xr100.dt                 0
xchip.xi_core_u_bgr.xr101.dt                 0
xchip.xi_core_u_bgr.xr102.dt                 0
xchip.xi_core_u_bgr.xr103.dt                 0
xchip.xi_core_u_bgr.xr104.dt                 0
xchip.xi_core_u_bgr.xr105.dt                 0
xchip.xi_core_u_bgr.xr106.dt                 0
xchip.xi_core_u_bgr.xr107.dt                 0
xchip.xi_core_u_bgr.xr108.dt                 0
xchip.xi_core_u_bgr.xr109.dt                 0
xchip.xi_core_u_bgr.xr110.dt                 0
xchip.xi_core_u_bgr.xr111.dt                 0
xchip.xi_core_u_bgr.xr112.dt                 0
xchip.xi_core_u_bgr.xr113.dt                 0
xchip.xi_core_u_bgr.xr114.dt                 0
xchip.xi_core_u_bgr.xr115.dt                 0
xchip.xi_core_u_bgr.xr116.dt                 0
xchip.xi_core_u_bgr.xr117.dt                 0
xchip.xi_core_u_bgr.xr118.dt                 0
xchip.xi_core_u_bgr.xr119.dt                 0
xchip.xi_core_u_bgr.xr120.dt                 0
xchip.xi_core_u_bgr.xr121.dt                 0
xchip.xi_core_u_bgr.xr122.dt                 0
xchip.xi_core_u_bgr.xr123.dt                 0
xchip.xi_core_u_bgr.xr124.dt                 0
xchip.xi_core_u_bgr.xr125.dt                 0
xchip.xi_core_u_bgr.xr126.dt                 0
xchip.xi_core_u_bgr.xr127.dt                 0
xchip.xi_core_u_bgr.xr128.dt                 0
xchip.xi_core_u_bgr.xr129.dt                 0
xchip.xi_core_u_bgr.xr130.dt                 0
xchip.xi_core_u_bgr.xr131.dt                 0
xchip.xi_core_u_bgr.xr132.dt                 0
xchip.xi_core_u_bgr.xr133.dt                 0
xchip.xi_core_u_bgr.xr134.dt                 0
xchip.xi_core_u_bgr.xr135.dt                 0
xchip.xi_core_u_bgr.xr136.dt                 0
xchip.xi_core_u_bgr.xr137.dt                 0
xchip.xi_core_u_bgr.xr138.dt                 0
xchip.xi_core_u_bgr.xr139.dt                 0
xchip.xi_core_u_bgr.xr140.dt                 0
xchip.xi_core_u_bgr.xr141.dt                 0
xchip.xi_core_u_bgr.xr142.dt                 0
xchip.xi_core_u_bgr.xr143.dt                 0
xchip.xi_core_u_bgr.xr144.dt                 0
xchip.xi_core_u_bgr.xr145.dt                 0
xchip.xi_core_u_bgr.xr146.dt                 0
xchip.xi_core_u_bgr.xr147.dt                 0
xchip.xi_core_u_bgr.xr148.dt                 0
xchip.xi_core_u_bgr.xr149.dt                 0
xchip.xi_core_u_bgr.xr150.dt                 0
xchip.xi_core_u_bgr.xr151.dt                 0
xchip.xi_core_u_bgr.xr152.dt                 0
xchip.xi_core_u_bgr.xr153.dt                 0
xchip.xi_core_u_bgr.xr154.dt                 0
xchip.xi_core_u_bgr.xr155.dt                 0
xchip.xi_core_u_bgr.xr156.dt                 0
xchip.xi_core_u_bgr.xr157.dt                 0
xchip.xi_core_u_bgr.xr158.dt                 0
xchip.xi_core_u_bgr.xr159.dt                 0
xchip.xi_core_u_bgr.n_i40          2.93351e-23
xchip.i_core_pbias                 2.93351e-23
xchip.xi_core_u_bgr.xr160.dt                 0
xchip.xi_core_u_bgr.n_i34          2.93351e-23
xchip.xi_core_u_bgr.xr161.dt                 0
xchip.xi_core_u_bgr.xr162.dt                 0
xchip.xi_core_u_bgr.xr163.dt                 0
xchip.xi_core_u_bgr.xr164.dt                 0
xchip.xi_core_u_bgr.xr165.dt                 0
xchip.xi_core_u_bgr.n_i41          2.93351e-23
xchip.xi_core_u_bgr.xr166.dt                 0
xchip.xi_core_u_bgr.xr167.dt                 0
xchip.xi_core_u_bgr.xr168.dt                 0
xchip.xi_core_u_bgr.xr169.dt                 0
xchip.xi_core_u_bgr.xr170.dt                 0
xchip.xi_core_u_bgr.xr171.dt                 0
xchip.xi_core_u_bgr.xr172.dt                 0
xchip.xi_core_u_bgr.xr173.dt                 0
xchip.xi_core_u_bgr.xr174.dt                 0
xchip.xi_core_u_bgr.n_i35          2.93351e-23
xchip.xi_core_u_bgr.xr175.dt                 0
xchip.xi_core_u_bgr.xr176.dt                 0
xchip.xi_core_u_bgr.xr177.dt                 0
xchip.xi_core_u_bgr.xr178.dt                 0
xchip.xi_core_u_bgr.xr179.dt                 0
xchip.xi_core_u_bgr.xr180.dt                 0
xchip.xi_core_u_bgr.xr181.dt                 0
xchip.xi_core_u_bgr.xr182.dt                 0
xchip.xi_core_u_bgr.xr183.dt                 0
xchip.xi_core_u_bgr.xr184.dt                 0
xchip.xi_core_u_bgr.n_i18          2.93351e-23
xchip.xi_core_u_bgr.n_i37          2.93351e-23
xchip.xi_core_u_bgr.xr185.dt                 0
xchip.xi_core_u_bgr.xr186.dt                 0
xchip.xi_core_u_bgr.xr187.dt                 0
xchip.xi_core_u_bgr.xr188.dt                 0
xchip.xi_core_u_bgr.n_i30          2.93351e-23
xchip.xi_core_u_bgr.xr189.dt                 0
xchip.xi_core_u_bgr.xr190.dt                 0
xchip.xi_core_u_bgr.xr191.dt                 0
xchip.xi_core_u_bgr.xr192.dt                 0
xchip.xi_core_u_bgr.xr193.dt                 0
xchip.xi_core_u_bgr.xr194.dt                 0
xchip.xi_core_u_bgr.xr195.dt                 0
xchip.xi_core_u_bgr.xr196.dt                 0
xchip.xi_core_u_bgr.xr197.dt                 0
xchip.xi_core_u_bgr.xr198.dt                 0
xchip.xi_core_u_bgr.xr199.dt                 0
xchip.xi_core_u_bgr.xr200.dt                 0
xchip.xi_core_u_bgr.xr201.dt                 0
xchip.xi_core_u_bgr.xr202.dt                 0
xchip.xi_core_u_bgr.xr203.dt                 0
xchip.xi_core_u_bgr.xr204.dt                 0
xchip.xi_core_u_bgr.xr205.dt                 0
xchip.xi_core_u_bgr.xr206.dt                 0
xchip.xi_core_u_bgr.xr207.dt                 0
xchip.xi_core_u_bgr.xr208.dt                 0
xchip.xi_core_u_bgr.n_i23          2.93351e-23
xchip.xi_core_u_bgr.n_i38          2.93351e-23
xchip.xi_core_u_bgr.xr209.dt                 0
xchip.xi_core_u_bgr.xr210.dt                 0
xchip.xi_core_u_bgr.xr211.dt                 0
xchip.xi_core_u_bgr.xr212.dt                 0
xchip.xi_core_u_bgr.xr213.dt                 0
xchip.xi_core_u_bgr.xr214.dt                 0
xchip.xi_core_u_bgr.xr215.dt                 0
xchip.xi_core_u_bgr.xr216.dt                 0
xchip.xi_core_u_bgr.xr217.dt                 0
xchip.xi_core_u_bgr.xr218.dt                 0
xchip.xi_core_u_bgr.xr219.dt                 0
xchip.xi_core_u_bgr.xr220.dt                 0
xchip.xi_core_u_bgr.xr221.dt                 0
xchip.xi_core_u_bgr.xr222.dt                 0
xchip.xi_core_u_bgr.xr223.dt                 0
xchip.xi_core_u_bgr.xr224.dt                 0
xchip.xi_core_u_bgr.xr225.dt                 0
xchip.xi_core_u_bgr.xr226.dt                 0
xchip.xi_core_u_bgr.xr227.dt                 0
xchip.xi_core_u_bgr.xr228.dt                 0
xchip.xi_core_u_bgr.xr229.dt                 0
xchip.xi_core_u_bgr.xr230.dt                 0
xchip.xi_core_u_bgr.xr231.dt                 0
xchip.xi_core_u_bgr.xr232.dt                 0
xchip.xi_core_u_bgr.xr233.dt                 0
xchip.xi_core_u_bgr.xr234.dt                 0
xchip.xi_core_u_bgr.xr235.dt                 0
xchip.xi_core_u_bgr.xr236.dt                 0
xchip.xi_core_u_bgr.xr237.dt                 0
xchip.xi_core_u_bgr.xr238.dt                 0
xchip.xi_core_u_bgr.xr239.dt                 0
xchip.xi_core_u_bgr.xr240.dt                 0
xchip.xi_core_u_bgr.xr241.dt                 0
xchip.xi_core_u_bgr.xr242.dt                 0
xchip.xi_core_u_bgr.xr243.dt                 0
xchip.xi_core_u_bgr.xr244.dt                 0
xchip.xi_core_u_bgr.xr245.dt                 0
xchip.xi_core_u_bgr.xr246.dt                 0
xchip.xi_core_u_bgr.xr247.dt                 0
xchip.xi_core_u_bgr.xr248.dt                 0
xchip.xi_core_u_bgr.xr249.dt                 0
xchip.xi_core_u_bgr.xr250.dt                 0
xchip.xi_core_u_bgr.xr251.dt                 0
xchip.xi_core_u_bgr.xr252.dt                 0
xchip.xi_core_u_bgr.xr253.dt                 0
xchip.xi_core_u_bgr.xr254.dt                 0
xchip.xi_core_u_bgr.xr255.dt                 0
xchip.xi_core_u_bgr.xr256.dt                 0
xchip.xi_core_u_bgr.xr257.dt                 0
xchip.xi_core_u_bgr.xr258.dt                 0
xchip.xi_core_u_bgr.xr259.dt                 0
xchip.xi_core_u_bgr.xr260.dt                 0
xchip.xi_core_u_bgr.xr261.dt                 0
xchip.xi_core_u_bgr.xr262.dt                 0
xchip.xi_core_u_bgr.xr263.dt                 0
xchip.xi_core_u_bgr.xr264.dt                 0
xchip.xi_core_u_bgr.xr265.dt                 0
xchip.xi_core_u_bgr.xr266.dt                 0
xchip.xi_core_u_bgr.xr267.dt                 0
xchip.xi_core_u_bgr.xr268.dt                 0
xchip.xi_core_u_bgr.xr269.dt                 0
xchip.xi_core_u_bgr.xr270.dt                 0
xchip.xi_core_u_bgr.xr271.dt                 0
xchip.xi_core_u_bgr.xr272.dt                 0
xchip.xi_core_u_bgr.xr273.dt                 0
xchip.xi_core_u_bgr.xr274.dt                 0
xchip.xi_core_u_bgr.xr275.dt                 0
xchip.xi_core_u_bgr.xr276.dt                 0
xchip.xi_core_u_bgr.xr277.dt                 0
xchip.xi_core_u_bgr.xr278.dt                 0
xchip.xi_core_u_bgr.xr279.dt                 0
xchip.xi_core_u_bgr.xr280.dt                 0
xchip.xi_core_u_bgr.xr281.dt                 0
xchip.xi_core_u_bgr.xr282.dt                 0
xchip.xi_core_u_bgr.xr283.dt                 0
xchip.xi_core_u_bgr.xr284.dt                 0
xchip.xi_core_u_bgr.xr285.dt                 0
xchip.xi_core_u_bgr.xr286.dt                 0
xchip.xi_core_u_bgr.xr287.dt                 0
xchip.xi_core_u_bgr.xr288.dt                 0
xchip.xi_core_u_bgr.xr289.dt                 0
xchip.xi_core_u_bgr.xr290.dt                 0
xchip.xi_core_u_bgr.xr291.dt                 0
xchip.xi_core_u_bgr.xr292.dt                 0
xchip.xi_core_u_bgr.xr293.dt                 0
xchip.xi_core_u_bgr.xr294.dt                 0
xchip.xi_core_u_bgr.xr295.dt                 0
xchip.xi_core_u_bgr.xr296.dt                 0
xchip.xi_core_u_bgr.xr297.dt                 0
xchip.xi_core_u_bgr.xr298.dt                 0
xchip.xi_core_u_bgr.xr299.dt                 0
xchip.xi_core_u_bgr.xr300.dt                 0
xchip.xi_core_u_bgr.xr301.dt                 0
xchip.xi_core_u_bgr.xr302.dt                 0
xchip.i_core_pcasc                  2.9335e-23
xchip.xi_core_u_bgr.xr303.dt                 0
xchip.xi_core_u_bgr.xr304.dt                 0
xchip.xi_core_u_bgr.xr305.dt                 0
xchip.xi_core_u_bgr.xr306.dt                 0
xchip.xi_core_u_bgr.xr307.dt                 0
xchip.xi_core_u_bgr.xr308.dt                 0
xchip.xi_core_u_bgr.xr309.dt                 0
xchip.xi_core_u_bgr.xr310.dt                 0
xchip.xi_core_u_bgr.xr311.dt                 0
xchip.xi_core_u_bgr.xr312.dt                 0
xchip.xi_core_u_bgr.xr313.dt                 0
xchip.xi_core_u_bgr.xr314.dt                 0
xchip.xi_core_u_bgr.xr315.dt                 0
xchip.xi_core_u_bgr.xr316.dt                 0
xchip.xi_core_u_bgr.xr317.dt                 0
xchip.xi_core_u_bgr.xr318.dt                 0
xchip.xi_core_u_bgr.xr319.dt                 0
xchip.xi_core_u_bgr.xr320.dt                 0
xchip.xi_core_u_bgr.xr321.dt                 0
xchip.xi_core_u_bgr.xr322.dt                 0
xchip.xi_core_u_bgr.xr323.dt                 0
xchip.xi_core_u_bgr.xr324.dt                 0
xchip.xi_core_u_bgr.xr325.dt                 0
xchip.xi_core_u_bgr.xr326.dt                 0
xchip.xi_core_u_bgr.xr327.dt                 0
xchip.xi_core_u_bgr.xr328.dt                 0
xchip.xi_core_u_bgr.xr329.dt                 0
xchip.xi_core_u_bgr.xr330.dt                 0
xchip.xi_core_u_bgr.xr331.dt                 0
xchip.xi_core_u_bgr.xr332.dt                 0
xchip.xi_core_u_bgr.xr333.dt                 0
xchip.xi_core_u_bgr.xr334.dt                 0
xchip.xi_core_u_bgr.xr335.dt                 0
xchip.xi_core_u_bgr.xr336.dt                 0
xchip.xi_core_u_bgr.xr337.dt                 0
xchip.xi_core_u_bgr.xr338.dt                 0
xchip.xi_core_u_bgr.xr339.dt                 0
xchip.xi_core_u_bgr.xr340.dt                 0
xchip.xi_core_u_bgr.xr341.dt                 0
xchip.xi_core_u_bgr.xr342.dt                 0
xchip.xi_core_u_bgr.xr343.dt                 0
xchip.xi_core_u_bgr.xr344.dt                 0
xchip.xi_core_u_bgr.xr345.dt                 0
xchip.xi_core_u_bgr.xr346.dt                 0
xchip.xi_core_u_bgr.xr347.dt                 0
xchip.xi_core_u_bgr.xr348.dt                 0
xchip.xi_core_u_bgr.xr349.dt                 0
xchip.xi_core_u_bgr.xr350.dt                 0
xchip.xi_core_u_bgr.xr351.dt                 0
xchip.xi_core_u_bgr.xr352.dt                 0
xchip.xi_core_u_bgr.xr353.dt                 0
xchip.xi_core_u_bgr.xr354.dt                 0
xchip.xi_core_u_bgr.xr355.dt                 0
xchip.xi_core_u_bgr.xr356.dt                 0
xchip.xi_core_u_bgr.xr357.dt                 0
xchip.xi_core_u_bgr.xr358.dt                 0
xchip.xi_core_u_bgr.xr359.dt                 0
xchip.xi_core_u_bgr.xr360.dt                 0
xchip.xi_core_u_bgr.xr361.dt                 0
xchip.xi_core_u_bgr.xr362.dt                 0
xchip.xi_core_u_bgr.xr363.dt                 0
xchip.xi_core_u_bgr.xr364.dt                 0
xchip.xi_core_u_bgr.xr365.dt                 0
xchip.xi_core_u_bgr.xr366.dt                 0
xchip.xi_core_u_bgr.xr367.dt                 0
xchip.xi_core_u_bgr.xr368.dt                 0
xchip.xi_core_u_bgr.xr369.dt                 0
xchip.xi_core_u_bgr.xr370.dt                 0
xchip.xi_core_u_bgr.xr371.dt                 0
xchip.xi_core_u_bgr.xr372.dt                 0
xchip.xi_core_u_bgr.xr373.dt                 0
xchip.xi_core_u_bgr.xr374.dt                 0
xchip.xi_core_u_bgr.xr375.dt                 0
xchip.xi_core_u_bgr.xr376.dt                 0
xchip.xi_core_u_bgr.xr377.dt                 0
xchip.xi_core_u_bgr.xr378.dt                 0
xchip.xi_core_u_bgr.xr379.dt                 0
xchip.xi_core_u_bgr.xr380.dt                 0
xchip.xi_core_u_bgr.xr381.dt                 0
xchip.xi_core_u_bgr.xr382.dt                 0
xchip.xi_core_u_bgr.xr383.dt                 0
xchip.xi_core_u_bgr.xr384.dt                 0
xchip.xi_core_u_bgr.xr385.dt                 0
xchip.xi_core_u_bgr.xr386.dt                 0
xchip.xi_core_u_bgr.xr387.dt                 0
xchip.xi_core_u_bgr.xr388.dt                 0
xchip.xi_core_u_bgr.xr389.dt                 0
xchip.xi_core_u_bgr.xr390.dt                 0
xchip.xi_core_u_bgr.xr391.dt                 0
xchip.xi_core_u_bgr.xr392.dt                 0
xchip.xi_core_u_bgr.xr393.dt                 0
xchip.xi_core_u_bgr.xr394.dt                 0
xchip.xi_core_u_bgr.xr395.dt                 0
xchip.xi_core_u_bgr.xr396.dt                 0
xchip.xi_core_u_bgr.xr397.dt                 0
xchip.xi_core_u_bgr.xr398.dt                 0
xchip.xi_core_u_bgr.xr399.dt                 0
xchip.xi_core_u_bgr.n_i11           6.8082e-22
xchip.i_core_bgr_r4_33             3.86693e-22
xchip.vdda__vm_bgr                  3.2373e-21
xchip.i_core_unused_vbe            3.70703e-24
xchip.xi_core_u_bgr.n_20           1.28994e-24
xchip.i_core_iptat                  4.8162e-23
xchip.xi_core_u_bgr.n_i6           7.69182e-22
xchip.xi_core_u_bgr.n_i10          6.84854e-22
xchip.xi_core_u_bgr.n_i7           2.90486e-22
xchip.xi_core_u_bgr.n_i4           9.04184e-22
xchip.xi_core_u_bgr.n_i5           8.93236e-22
xchip.xi_core_u_bgr.n_21           2.59967e-24
xchip.xi_core_u_bgr.n_i8           8.71196e-22
xchip.xi_core_u_bgr.n_i9           8.67346e-22
xchip.xi_core_u_bgr.n_i12           9.0812e-24
xchip.xi_core_u_bgr.xq736.s1       3.81287e-33
xchip.xi_core_u_bgr.xq736.t       -9.31019e-57
xchip.xi_core_u_bgr.xq737.s1       3.81287e-33
xchip.xi_core_u_bgr.xq737.t       -9.31019e-57
xchip.xi_core_u_bgr.xq738.s1       3.81287e-33
xchip.xi_core_u_bgr.xq738.t       -9.31019e-57
xchip.xi_core_u_bgr.xq739.s1       3.81287e-33
xchip.xi_core_u_bgr.xq739.t       -9.31019e-57
xchip.xi_core_u_bgr.xq740.s1       3.81287e-33
xchip.xi_core_u_bgr.xq740.t       -9.31019e-57
xchip.xi_core_u_bgr.xq741.s1       3.81287e-33
xchip.xi_core_u_bgr.xq741.t       -9.31019e-57
xchip.xi_core_u_bgr.xq742.s1       3.81287e-33
xchip.xi_core_u_bgr.xq742.t       -9.31019e-57
xchip.xi_core_u_bgr.xq743.s1       3.81287e-33
xchip.xi_core_u_bgr.xq743.t       -9.31019e-57
xchip.xi_core_u_bgr.xq744.s1       3.81287e-33
xchip.xi_core_u_bgr.xq744.t       -9.31019e-57
xchip.xi_core_u_bgr.xq745.s1       3.81287e-33
xchip.xi_core_u_bgr.xq745.t       -9.31019e-57
xchip.xi_core_u_bgr.xq746.s1       3.81287e-33
xchip.xi_core_u_bgr.xq746.t       -9.31019e-57
xchip.xi_core_u_bgr.xq747.s1       3.81287e-33
xchip.xi_core_u_bgr.xq747.t       -9.31019e-57
xchip.xi_core_u_bgr.xq748.s1       3.81287e-33
xchip.xi_core_u_bgr.xq748.t       -9.31019e-57
xchip.xi_core_u_bgr.xq749.s1       3.81287e-33
xchip.xi_core_u_bgr.xq749.t       -9.31019e-57
xchip.xi_core_u_bgr.xq750.s1       3.81287e-33
xchip.xi_core_u_bgr.xq750.t       -9.31019e-57
xchip.xi_core_u_bgr.xq751.s1       3.81287e-33
xchip.xi_core_u_bgr.xq751.t       -9.31019e-57
xchip.xi_core_u_bgr.xq752.s1       3.81287e-33
xchip.xi_core_u_bgr.xq752.t       -9.31019e-57
xchip.xi_core_u_bgr.xq753.s1       3.81287e-33
xchip.xi_core_u_bgr.xq753.t       -9.31019e-57
xchip.xi_core_u_bgr.xq754.s1       3.81287e-33
xchip.xi_core_u_bgr.xq754.t       -9.31019e-57
xchip.xi_core_u_bgr.xq755.s1       3.81287e-33
xchip.xi_core_u_bgr.xq755.t       -9.31019e-57
xchip.xi_core_u_bgr.xq756.s1       3.81287e-33
xchip.xi_core_u_bgr.xq756.t       -9.31019e-57
xchip.xi_core_u_bgr.xq757.s1       3.81287e-33
xchip.xi_core_u_bgr.xq757.t       -9.31019e-57
xchip.xi_core_u_bgr.xq758.s1       3.81287e-33
xchip.xi_core_u_bgr.xq758.t       -9.31019e-57
xchip.xi_core_u_bgr.xq759.s1       3.81287e-33
xchip.xi_core_u_bgr.xq759.t       -9.31019e-57
xchip.xi_core_u_bgr.xq760.s1       1.60879e-33
xchip.xi_core_u_bgr.xq760.t        5.24509e-57
xchip.xi_core_u_bgr.xq761.s1       1.60879e-33
xchip.xi_core_u_bgr.xq761.t        5.24509e-57
xchip.xi_core_u_bgr.xq762.s1       1.60879e-33
xchip.xi_core_u_bgr.xq762.t        5.24509e-57
xchip.xi_core_u_bgr.xq763.s1       1.60879e-33
xchip.xi_core_u_bgr.xq763.t        5.24509e-57
xchip.xi_core_u_bgr.xq764.s1       1.60879e-33
xchip.xi_core_u_bgr.xq764.t        5.24509e-57
xchip.xi_core_u_bgr.xq765.s1       1.60879e-33
xchip.xi_core_u_bgr.xq765.t        5.24509e-57
xchip.xi_core_u_bgr.xq766.s1       1.60879e-33
xchip.xi_core_u_bgr.xq766.t        5.24509e-57
xchip.xi_core_u_bgr.xq767.s1       1.60879e-33
xchip.xi_core_u_bgr.xq767.t        5.24509e-57
xchip.xi_core_u_bgr.xq768.s1       1.60879e-33
xchip.xi_core_u_bgr.xq768.t        5.24509e-57
xchip.xi_core_u_bgr.xq769.s1       1.60879e-33
xchip.xi_core_u_bgr.xq769.t        5.24509e-57
xchip.xi_core_u_bgr.xq770.s1       1.60879e-33
xchip.xi_core_u_bgr.xq770.t        5.24509e-57
xchip.xi_core_u_bgr.xq771.s1       1.60879e-33
xchip.xi_core_u_bgr.xq771.t        5.24509e-57
xchip.xi_core_u_bgr.xq772.s1       1.60879e-33
xchip.xi_core_u_bgr.xq772.t        5.24509e-57
xchip.xi_core_u_bgr.xq773.s1       1.60879e-33
xchip.xi_core_u_bgr.xq773.t        5.24509e-57
xchip.xi_core_u_bgr.xq774.s1       1.60879e-33
xchip.xi_core_u_bgr.xq774.t        5.24509e-57
xchip.xi_core_u_bgr.xq775.s1       1.60879e-33
xchip.xi_core_u_bgr.xq775.t        5.24509e-57
xchip.xi_core_u_bgr.xq776.s1       1.60879e-33
xchip.xi_core_u_bgr.xq776.t        5.24509e-57
xchip.xi_core_u_bgr.xq777.s1       1.60879e-33
xchip.xi_core_u_bgr.xq777.t        5.24509e-57
xchip.xi_core_u_bgr.xq778.s1       1.60879e-33
xchip.xi_core_u_bgr.xq778.t        5.24509e-57
xchip.xi_core_u_bgr.xq779.s1       1.60879e-33
xchip.xi_core_u_bgr.xq779.t        5.24509e-57
xchip.xi_core_u_bgr.xq780.s1       1.60879e-33
xchip.xi_core_u_bgr.xq780.t        5.24509e-57
xchip.xi_core_u_bgr.xq781.s1       1.60879e-33
xchip.xi_core_u_bgr.xq781.t        5.24509e-57
xchip.xi_core_u_bgr.xq782.s1       1.60879e-33
xchip.xi_core_u_bgr.xq782.t        5.24509e-57
xchip.xi_core_u_bgr.xq783.s1       1.60879e-33
xchip.xi_core_u_bgr.xq783.t        5.24509e-57
xchip.xi_core_u_bgr.xq784.s1       1.60879e-33
xchip.xi_core_u_bgr.xq784.t        9.68898e-57
xchip.xi_core_u_bgr.xq785.s1       1.60879e-33
xchip.xi_core_u_bgr.xq785.t        9.68898e-57
xchip.xi_core_u_bgr.xq786.s1       1.60879e-33
xchip.xi_core_u_bgr.xq786.t        9.68898e-57
xchip.xi_core_u_bgr.xq787.s1       1.60879e-33
xchip.xi_core_u_bgr.xq787.t        9.68898e-57
xchip.xi_core_u_bgr.xq788.s1       1.60879e-33
xchip.xi_core_u_bgr.xq788.t        9.68898e-57
xchip.xi_core_u_bgr.xq789.s1       1.60879e-33
xchip.xi_core_u_bgr.xq789.t        9.68898e-57
xchip.xi_core_u_bgr.xq790.s1       1.60879e-33
xchip.xi_core_u_bgr.xq790.t        9.68898e-57
xchip.xi_core_u_bgr.xq791.s1       1.60879e-33
xchip.xi_core_u_bgr.xq791.t        9.68898e-57
xchip.xi_core_u_bgr.xq792.s1       1.60879e-33
xchip.xi_core_u_bgr.xq792.t        9.68898e-57
xchip.xi_core_u_bgr.xq793.s1       1.60879e-33
xchip.xi_core_u_bgr.xq793.t        9.68898e-57
xchip.xi_core_u_bgr.xq794.s1       1.60879e-33
xchip.xi_core_u_bgr.xq794.t        9.68898e-57
xchip.xi_core_u_bgr.xq795.s1       1.60879e-33
xchip.xi_core_u_bgr.xq795.t        9.68898e-57
xchip.xi_core_u_bgr.xq796.s1       1.60879e-33
xchip.xi_core_u_bgr.xq796.t        9.68898e-57
xchip.xi_core_u_bgr.xq797.s1       1.60879e-33
xchip.xi_core_u_bgr.xq797.t        9.68898e-57
xchip.xi_core_u_bgr.xq798.s1       1.60879e-33
xchip.xi_core_u_bgr.xq798.t        9.68898e-57
xchip.xi_core_u_bgr.xq799.s1       1.60879e-33
xchip.xi_core_u_bgr.xq799.t        9.68898e-57
xchip.xi_core_u_bgr.xq800.s1       1.60879e-33
xchip.xi_core_u_bgr.xq800.t        9.68898e-57
xchip.xi_core_u_bgr.xq801.s1       1.60879e-33
xchip.xi_core_u_bgr.xq801.t        9.68898e-57
xchip.xi_core_u_bgr.xq802.s1       1.60879e-33
xchip.xi_core_u_bgr.xq802.t        9.68898e-57
xchip.xi_core_u_bgr.xq803.s1       1.60879e-33
xchip.xi_core_u_bgr.xq803.t        9.68898e-57
xchip.xi_core_u_bgr.xq804.s1       1.60879e-33
xchip.xi_core_u_bgr.xq804.t        9.68898e-57
xchip.xi_core_u_bgr.xq805.s1       1.60879e-33
xchip.xi_core_u_bgr.xq805.t        9.68898e-57
xchip.xi_core_u_bgr.xq806.s1       1.60879e-33
xchip.xi_core_u_bgr.xq806.t        9.68898e-57
xchip.xi_core_u_bgr.xq807.s1       1.60879e-33
xchip.xi_core_u_bgr.xq807.t        9.68898e-57
xchip.xi_core_u_bgr.xq808.s1       1.11044e-33
xchip.xi_core_u_bgr.xq808.t        3.72787e-57
xchip.xi_core_u_bgr.xq809.s1       1.11044e-33
xchip.xi_core_u_bgr.xq809.t        3.72787e-57
xchip.xi_core_u_bgr.xq810.s1       1.11044e-33
xchip.xi_core_u_bgr.xq810.t        3.72787e-57
xchip.xi_core_u_bgr.xq811.s1       1.11044e-33
xchip.xi_core_u_bgr.xq811.t        3.72787e-57
xchip.xi_core_u_bgr.xq812.s1       1.11044e-33
xchip.xi_core_u_bgr.xq812.t        3.72787e-57
xchip.xi_core_u_bgr.xq813.s1       1.11044e-33
xchip.xi_core_u_bgr.xq813.t        3.72787e-57
xchip.xi_core_u_bgr.xq814.s1       1.11044e-33
xchip.xi_core_u_bgr.xq814.t        3.72787e-57
xchip.xi_core_u_bgr.xq815.s1       1.11044e-33
xchip.xi_core_u_bgr.xq815.t        3.72787e-57
xchip.xi_core_u_bgr.xq816.s1       1.11044e-33
xchip.xi_core_u_bgr.xq816.t        3.72787e-57
xchip.xi_core_u_bgr.xq817.s1       1.11044e-33
xchip.xi_core_u_bgr.xq817.t        3.72787e-57
xchip.xi_core_u_bgr.xq818.s1       1.11044e-33
xchip.xi_core_u_bgr.xq818.t        3.72787e-57
xchip.xi_core_u_bgr.xq819.s1       1.11044e-33
xchip.xi_core_u_bgr.xq819.t        3.72787e-57
xchip.xi_core_u_bgr.xq820.s1       1.11044e-33
xchip.xi_core_u_bgr.xq820.t        3.72787e-57
xchip.xi_core_u_bgr.xq821.s1       1.11044e-33
xchip.xi_core_u_bgr.xq821.t        3.72787e-57
xchip.xi_core_u_bgr.xq822.s1       1.11044e-33
xchip.xi_core_u_bgr.xq822.t        3.72787e-57
xchip.xi_core_u_bgr.xq823.s1       1.11044e-33
xchip.xi_core_u_bgr.xq823.t        3.72787e-57
xchip.xi_core_u_bgr.xq824.s1       1.11044e-33
xchip.xi_core_u_bgr.xq824.t        3.72787e-57
xchip.xi_core_u_bgr.xq825.s1       1.11044e-33
xchip.xi_core_u_bgr.xq825.t        3.72787e-57
xchip.xi_core_u_bgr.xq826.s1       1.11044e-33
xchip.xi_core_u_bgr.xq826.t        3.72787e-57
xchip.xi_core_u_bgr.xq827.s1       1.11044e-33
xchip.xi_core_u_bgr.xq827.t        3.72787e-57
xchip.xi_core_u_bgr.xq828.s1       1.11044e-33
xchip.xi_core_u_bgr.xq828.t        3.72787e-57
xchip.xi_core_u_bgr.xq829.s1       1.11044e-33
xchip.xi_core_u_bgr.xq829.t        3.72787e-57
xchip.xi_core_u_bgr.xq830.s1       1.11044e-33
xchip.xi_core_u_bgr.xq830.t        3.72787e-57
xchip.xi_core_u_bgr.xq831.s1       1.11044e-33
xchip.xi_core_u_bgr.xq831.t        3.72787e-57
xchip.xi_core_u_bgr.xq832.s1       1.11044e-33
xchip.xi_core_u_bgr.xq832.t        3.72787e-57
xchip.xi_core_u_bgr.xq833.s1       1.11044e-33
xchip.xi_core_u_bgr.xq833.t        3.72787e-57
xchip.xi_core_u_bgr.xq834.s1       1.11044e-33
xchip.xi_core_u_bgr.xq834.t        3.72787e-57
xchip.xi_core_u_bgr.xq835.s1       1.11044e-33
xchip.xi_core_u_bgr.xq835.t        3.72787e-57
xchip.xi_core_u_bgr.xq836.s1       1.11044e-33
xchip.xi_core_u_bgr.xq836.t        3.72787e-57
xchip.xi_core_u_bgr.xq837.s1       1.11044e-33
xchip.xi_core_u_bgr.xq837.t        3.72787e-57
xchip.xi_core_u_bgr.xq838.s1       1.11044e-33
xchip.xi_core_u_bgr.xq838.t        3.72787e-57
xchip.xi_core_u_bgr.xq839.s1       1.11044e-33
xchip.xi_core_u_bgr.xq839.t        3.72787e-57
xchip.xi_core_u_bgr.xq840.s1       1.11044e-33
xchip.xi_core_u_bgr.xq840.t        3.72787e-57
xchip.xi_core_u_bgr.xq841.s1       1.11044e-33
xchip.xi_core_u_bgr.xq841.t        3.72787e-57
xchip.xi_core_u_bgr.xq842.s1       1.11044e-33
xchip.xi_core_u_bgr.xq842.t        3.72787e-57
xchip.xi_core_u_bgr.xq843.s1       1.11044e-33
xchip.xi_core_u_bgr.xq843.t        3.72787e-57
xchip.xi_core_u_bgr.xq844.s1       1.11044e-33
xchip.xi_core_u_bgr.xq844.t        3.72787e-57
xchip.xi_core_u_bgr.xq845.s1       1.11044e-33
xchip.xi_core_u_bgr.xq845.t        3.72787e-57
xchip.xi_core_u_bgr.xq846.s1       1.11044e-33
xchip.xi_core_u_bgr.xq846.t        3.72787e-57
xchip.xi_core_u_bgr.xq847.s1       1.11044e-33
xchip.xi_core_u_bgr.xq847.t        3.72787e-57
xchip.xi_core_u_bgr.xq848.s1       1.11044e-33
xchip.xi_core_u_bgr.xq848.t        3.72787e-57
xchip.xi_core_u_bgr.xq849.s1       1.11044e-33
xchip.xi_core_u_bgr.xq849.t        3.72787e-57
xchip.xi_core_u_bgr.xq850.s1       1.11044e-33
xchip.xi_core_u_bgr.xq850.t        3.72787e-57
xchip.xi_core_u_bgr.xq851.s1       1.11044e-33
xchip.xi_core_u_bgr.xq851.t        3.72787e-57
xchip.xi_core_u_bgr.xq852.s1       1.11044e-33
xchip.xi_core_u_bgr.xq852.t        3.72787e-57
xchip.xi_core_u_bgr.xq853.s1       1.11044e-33
xchip.xi_core_u_bgr.xq853.t        3.72787e-57
xchip.xi_core_u_bgr.xq854.s1       1.11044e-33
xchip.xi_core_u_bgr.xq854.t        3.72787e-57
xchip.xi_core_u_bgr.xq855.s1       1.11044e-33
xchip.xi_core_u_bgr.xq855.t        3.72787e-57
xchip.xi_core_u_bgr.xq856.s1       1.11044e-33
xchip.xi_core_u_bgr.xq856.t        3.72787e-57
xchip.xi_core_u_bgr.xq857.s1       1.11044e-33
xchip.xi_core_u_bgr.xq857.t        3.72787e-57
xchip.xi_core_u_bgr.xq858.s1       1.11044e-33
xchip.xi_core_u_bgr.xq858.t        3.72787e-57
xchip.xi_core_u_bgr.xq859.s1       1.11044e-33
xchip.xi_core_u_bgr.xq859.t        3.72787e-57
xchip.xi_core_u_bgr.xq860.s1       1.11044e-33
xchip.xi_core_u_bgr.xq860.t        3.72787e-57
xchip.xi_core_u_bgr.xq861.s1       1.11044e-33
xchip.xi_core_u_bgr.xq861.t        3.72787e-57
xchip.xi_core_u_bgr.xq862.s1       1.11044e-33
xchip.xi_core_u_bgr.xq862.t        3.72787e-57
xchip.xi_core_u_bgr.xq863.s1       1.11044e-33
xchip.xi_core_u_bgr.xq863.t        3.72787e-57
xchip.xi_core_u_bgr.xq864.s1       1.11044e-33
xchip.xi_core_u_bgr.xq864.t        3.72787e-57
xchip.xi_core_u_bgr.xq865.s1       1.11044e-33
xchip.xi_core_u_bgr.xq865.t        3.72787e-57
xchip.xi_core_u_bgr.xq866.s1       1.11044e-33
xchip.xi_core_u_bgr.xq866.t        3.72787e-57
xchip.xi_core_u_bgr.xq867.s1       1.11044e-33
xchip.xi_core_u_bgr.xq867.t        3.72787e-57
xchip.xi_core_u_bgr.xq868.s1       1.11044e-33
xchip.xi_core_u_bgr.xq868.t        3.72787e-57
xchip.xi_core_u_bgr.xq869.s1       1.11044e-33
xchip.xi_core_u_bgr.xq869.t        3.72787e-57
xchip.xi_core_u_bgr.xq870.s1       1.11044e-33
xchip.xi_core_u_bgr.xq870.t        3.72787e-57
xchip.xi_core_u_bgr.xq871.s1       1.11044e-33
xchip.xi_core_u_bgr.xq871.t        3.72787e-57
xchip.xi_core_u_bgr.xq872.s1       1.11044e-33
xchip.xi_core_u_bgr.xq872.t        3.72787e-57
xchip.xi_core_u_bgr.xq873.s1       1.11044e-33
xchip.xi_core_u_bgr.xq873.t        3.72787e-57
xchip.xi_core_u_bgr.xq874.s1       1.11044e-33
xchip.xi_core_u_bgr.xq874.t        3.72787e-57
xchip.xi_core_u_bgr.xq875.s1       1.11044e-33
xchip.xi_core_u_bgr.xq875.t        3.72787e-57
xchip.xi_core_u_bgr.xq876.s1       1.11044e-33
xchip.xi_core_u_bgr.xq876.t        3.72787e-57
xchip.xi_core_u_bgr.xq877.s1       1.11044e-33
xchip.xi_core_u_bgr.xq877.t        3.72787e-57
xchip.xi_core_u_bgr.xq878.s1       1.11044e-33
xchip.xi_core_u_bgr.xq878.t        3.72787e-57
xchip.xi_core_u_bgr.xq879.s1       1.11044e-33
xchip.xi_core_u_bgr.xq879.t        3.72787e-57
xchip.xi_core_u_bgr.xq880.s1       1.11044e-33
xchip.xi_core_u_bgr.xq880.t        3.72787e-57
xchip.xi_core_u_bgr.xq881.s1       1.11044e-33
xchip.xi_core_u_bgr.xq881.t        3.72787e-57
xchip.xi_core_u_bgr.xq882.s1       1.11044e-33
xchip.xi_core_u_bgr.xq882.t        3.72787e-57
xchip.xi_core_u_bgr.xq883.s1       1.11044e-33
xchip.xi_core_u_bgr.xq883.t        3.72787e-57
xchip.xi_core_u_bgr.xq884.s1       1.11044e-33
xchip.xi_core_u_bgr.xq884.t        3.72787e-57
xchip.xi_core_u_bgr.xq885.s1       1.11044e-33
xchip.xi_core_u_bgr.xq885.t        3.72787e-57
xchip.xi_core_u_bgr.xq886.s1       1.11044e-33
xchip.xi_core_u_bgr.xq886.t        3.72787e-57
xchip.xi_core_u_bgr.xq887.s1       1.11044e-33
xchip.xi_core_u_bgr.xq887.t        3.72787e-57
xchip.xi_core_u_bgr.xq888.s1       1.11044e-33
xchip.xi_core_u_bgr.xq888.t        3.72787e-57
xchip.xi_core_u_bgr.xq889.s1       1.11044e-33
xchip.xi_core_u_bgr.xq889.t        3.72787e-57
xchip.xi_core_u_bgr.xq890.s1       1.11044e-33
xchip.xi_core_u_bgr.xq890.t        3.72787e-57
xchip.xi_core_u_bgr.xq891.s1       1.11044e-33
xchip.xi_core_u_bgr.xq891.t        3.72787e-57
xchip.xi_core_u_bgr.xq892.s1       1.11044e-33
xchip.xi_core_u_bgr.xq892.t        3.72787e-57
xchip.xi_core_u_bgr.xq893.s1       1.11044e-33
xchip.xi_core_u_bgr.xq893.t        3.72787e-57
xchip.xi_core_u_bgr.xq894.s1       1.11044e-33
xchip.xi_core_u_bgr.xq894.t        3.72787e-57
xchip.xi_core_u_bgr.xq895.s1       1.11044e-33
xchip.xi_core_u_bgr.xq895.t        3.72787e-57
xchip.xi_core_u_bgr.xq896.s1       1.11044e-33
xchip.xi_core_u_bgr.xq896.t        3.72787e-57
xchip.xi_core_u_bgr.xq897.s1       1.11044e-33
xchip.xi_core_u_bgr.xq897.t        3.72787e-57
xchip.xi_core_u_bgr.xq898.s1       1.11044e-33
xchip.xi_core_u_bgr.xq898.t        3.72787e-57
xchip.xi_core_u_bgr.xq899.s1       1.11044e-33
xchip.xi_core_u_bgr.xq899.t        3.72787e-57
xchip.xi_core_u_bgr.xq900.s1       1.11044e-33
xchip.xi_core_u_bgr.xq900.t        3.72787e-57
xchip.xi_core_u_bgr.xq901.s1       1.11044e-33
xchip.xi_core_u_bgr.xq901.t        3.72787e-57
xchip.xi_core_u_bgr.xq902.s1       1.11044e-33
xchip.xi_core_u_bgr.xq902.t        3.72787e-57
xchip.xi_core_u_bgr.xq903.s1       1.11044e-33
xchip.xi_core_u_bgr.xq903.t        3.72787e-57
xchip.xi_core_u_bgr.xq904.s1       1.11044e-33
xchip.xi_core_u_bgr.xq904.t        3.72787e-57
xchip.xi_core_u_bgr.xq905.s1       1.11044e-33
xchip.xi_core_u_bgr.xq905.t        3.72787e-57
xchip.xi_core_u_bgr.xq906.s1       1.11044e-33
xchip.xi_core_u_bgr.xq906.t        3.72787e-57
xchip.xi_core_u_bgr.xq907.s1       1.11044e-33
xchip.xi_core_u_bgr.xq907.t        3.72787e-57
xchip.xi_core_u_bgr.xq908.s1       1.11044e-33
xchip.xi_core_u_bgr.xq908.t        3.72787e-57
xchip.xi_core_u_bgr.xq909.s1       1.11044e-33
xchip.xi_core_u_bgr.xq909.t        3.72787e-57
xchip.xi_core_u_bgr.xq910.s1       1.11044e-33
xchip.xi_core_u_bgr.xq910.t        3.72787e-57
xchip.xi_core_u_bgr.xq911.s1       1.11044e-33
xchip.xi_core_u_bgr.xq911.t        3.72787e-57
xchip.xi_core_u_bgr.xq912.s1       1.11044e-33
xchip.xi_core_u_bgr.xq912.t        3.72787e-57
xchip.xi_core_u_bgr.xq913.s1       1.11044e-33
xchip.xi_core_u_bgr.xq913.t        3.72787e-57
xchip.xi_core_u_bgr.xq914.s1       1.11044e-33
xchip.xi_core_u_bgr.xq914.t        3.72787e-57
xchip.xi_core_u_bgr.xq915.s1       1.11044e-33
xchip.xi_core_u_bgr.xq915.t        3.72787e-57
xchip.xi_core_u_bgr.xq916.s1       1.11044e-33
xchip.xi_core_u_bgr.xq916.t        3.72787e-57
xchip.xi_core_u_bgr.xq917.s1       1.11044e-33
xchip.xi_core_u_bgr.xq917.t        3.72787e-57
xchip.xi_core_u_bgr.xq918.s1       1.11044e-33
xchip.xi_core_u_bgr.xq918.t        3.72787e-57
xchip.xi_core_u_bgr.xq919.s1       1.11044e-33
xchip.xi_core_u_bgr.xq919.t        3.72787e-57
xchip.xi_core_u_bgr.xq920.s1       1.11044e-33
xchip.xi_core_u_bgr.xq920.t        3.72787e-57
xchip.xi_core_u_bgr.xq921.s1       1.11044e-33
xchip.xi_core_u_bgr.xq921.t        3.72787e-57
xchip.xi_core_u_bgr.xq922.s1       1.11044e-33
xchip.xi_core_u_bgr.xq922.t        3.72787e-57
xchip.xi_core_u_bgr.xq923.s1       1.11044e-33
xchip.xi_core_u_bgr.xq923.t        3.72787e-57
xchip.xi_core_u_bgr.xq924.s1       1.11044e-33
xchip.xi_core_u_bgr.xq924.t        3.72787e-57
xchip.xi_core_u_bgr.xq925.s1       1.11044e-33
xchip.xi_core_u_bgr.xq925.t        3.72787e-57
xchip.xi_core_u_bgr.xq926.s1       1.11044e-33
xchip.xi_core_u_bgr.xq926.t        3.72787e-57
xchip.xi_core_u_bgr.xq927.s1       1.11044e-33
xchip.xi_core_u_bgr.xq927.t        3.72787e-57
xchip.xi_core_u_bgr.xq928.s1       1.11044e-33
xchip.xi_core_u_bgr.xq928.t        3.72787e-57
xchip.xi_core_u_bgr.xq929.s1       1.11044e-33
xchip.xi_core_u_bgr.xq929.t        3.72787e-57
xchip.xi_core_u_bgr.xq930.s1       1.11044e-33
xchip.xi_core_u_bgr.xq930.t        3.72787e-57
xchip.xi_core_u_bgr.xq931.s1       1.11044e-33
xchip.xi_core_u_bgr.xq931.t        3.72787e-57
xchip.xi_core_u_bgr.xq932.s1       1.11044e-33
xchip.xi_core_u_bgr.xq932.t        3.72787e-57
xchip.xi_core_u_bgr.xq933.s1       1.11044e-33
xchip.xi_core_u_bgr.xq933.t        3.72787e-57
xchip.xi_core_u_bgr.xq934.s1       1.11044e-33
xchip.xi_core_u_bgr.xq934.t        3.72787e-57
xchip.xi_core_u_bgr.xq935.s1       1.11044e-33
xchip.xi_core_u_bgr.xq935.t        3.72787e-57
xchip.xi_core_u_bgr.xq936.s1       1.11044e-33
xchip.xi_core_u_bgr.xq936.t        3.72787e-57
xchip.xi_core_u_bgr.xq937.s1       1.11044e-33
xchip.xi_core_u_bgr.xq937.t        3.72787e-57
xchip.xi_core_u_bgr.xq938.s1       1.11044e-33
xchip.xi_core_u_bgr.xq938.t        3.72787e-57
xchip.xi_core_u_bgr.xq939.s1       1.11044e-33
xchip.xi_core_u_bgr.xq939.t        3.72787e-57
xchip.xi_core_u_bgr.xq940.s1       1.11044e-33
xchip.xi_core_u_bgr.xq940.t        3.72787e-57
xchip.xi_core_u_bgr.xq941.s1       1.11044e-33
xchip.xi_core_u_bgr.xq941.t        3.72787e-57
xchip.xi_core_u_bgr.xq942.s1       1.11044e-33
xchip.xi_core_u_bgr.xq942.t        3.72787e-57
xchip.xi_core_u_bgr.xq943.s1       1.11044e-33
xchip.xi_core_u_bgr.xq943.t        3.72787e-57
xchip.xi_core_u_bgr.xq944.s1       1.11044e-33
xchip.xi_core_u_bgr.xq944.t        3.72787e-57
xchip.xi_core_u_bgr.xq945.s1       1.11044e-33
xchip.xi_core_u_bgr.xq945.t        3.72787e-57
xchip.xi_core_u_bgr.xq946.s1       1.11044e-33
xchip.xi_core_u_bgr.xq946.t        3.72787e-57
xchip.xi_core_u_bgr.xq947.s1       1.11044e-33
xchip.xi_core_u_bgr.xq947.t        3.72787e-57
xchip.xi_core_u_bgr.xq948.s1       1.11044e-33
xchip.xi_core_u_bgr.xq948.t        3.72787e-57
xchip.xi_core_u_bgr.xq949.s1       1.11044e-33
xchip.xi_core_u_bgr.xq949.t        3.72787e-57
xchip.xi_core_u_bgr.xq950.s1       1.11044e-33
xchip.xi_core_u_bgr.xq950.t        3.72787e-57
xchip.xi_core_u_bgr.xq951.s1       1.11044e-33
xchip.xi_core_u_bgr.xq951.t        3.72787e-57
xchip.xi_core_u_bgr.xq952.s1       1.11044e-33
xchip.xi_core_u_bgr.xq952.t        3.72787e-57
xchip.xi_core_u_bgr.xq953.s1       1.11044e-33
xchip.xi_core_u_bgr.xq953.t        3.72787e-57
xchip.xi_core_u_bgr.xq954.s1       1.11044e-33
xchip.xi_core_u_bgr.xq954.t        3.72787e-57
xchip.xi_core_u_bgr.xq955.s1       1.11044e-33
xchip.xi_core_u_bgr.xq955.t        3.72787e-57
xchip.xi_core_u_bgr.xq956.s1       1.11044e-33
xchip.xi_core_u_bgr.xq956.t        3.72787e-57
xchip.xi_core_u_bgr.xq957.s1       1.11044e-33
xchip.xi_core_u_bgr.xq957.t        3.72787e-57
xchip.xi_core_u_bgr.xq958.s1       1.11044e-33
xchip.xi_core_u_bgr.xq958.t        3.72787e-57
xchip.xi_core_u_bgr.xq959.s1       1.11044e-33
xchip.xi_core_u_bgr.xq959.t        3.72787e-57
xchip.xi_core_u_bgr.xq960.s1       1.11044e-33
xchip.xi_core_u_bgr.xq960.t        3.72787e-57
xchip.xi_core_u_bgr.xq961.s1       1.11044e-33
xchip.xi_core_u_bgr.xq961.t        3.72787e-57
xchip.xi_core_u_bgr.xq962.s1       1.11044e-33
xchip.xi_core_u_bgr.xq962.t        3.72787e-57
xchip.xi_core_u_bgr.xq963.s1       1.11044e-33
xchip.xi_core_u_bgr.xq963.t        3.72787e-57
xchip.xi_core_u_bgr.xq964.s1       1.11044e-33
xchip.xi_core_u_bgr.xq964.t        3.72787e-57
xchip.xi_core_u_bgr.xq965.s1       1.11044e-33
xchip.xi_core_u_bgr.xq965.t        3.72787e-57
xchip.xi_core_u_bgr.xq966.s1       1.11044e-33
xchip.xi_core_u_bgr.xq966.t        3.72787e-57
xchip.xi_core_u_bgr.xq967.s1       1.11044e-33
xchip.xi_core_u_bgr.xq967.t        3.72787e-57
xchip.xi_core_u_bgr.xq968.s1       1.11044e-33
xchip.xi_core_u_bgr.xq968.t        3.72787e-57
xchip.xi_core_u_bgr.xq969.s1       1.11044e-33
xchip.xi_core_u_bgr.xq969.t        3.72787e-57
xchip.xi_core_u_bgr.xq970.s1       1.11044e-33
xchip.xi_core_u_bgr.xq970.t        3.72787e-57
xchip.xi_core_u_bgr.xq971.s1       1.11044e-33
xchip.xi_core_u_bgr.xq971.t        3.72787e-57
xchip.xi_core_u_bgr.xq972.s1       1.11044e-33
xchip.xi_core_u_bgr.xq972.t        3.72787e-57
xchip.xi_core_u_bgr.xq973.s1       1.11044e-33
xchip.xi_core_u_bgr.xq973.t        3.72787e-57
xchip.xi_core_u_bgr.xq974.s1       1.11044e-33
xchip.xi_core_u_bgr.xq974.t        3.72787e-57
xchip.xi_core_u_bgr.xq975.s1       1.11044e-33
xchip.xi_core_u_bgr.xq975.t        3.72787e-57
xchip.xi_core_u_bgr.xq976.s1       1.11044e-33
xchip.xi_core_u_bgr.xq976.t        3.72787e-57
xchip.xi_core_u_bgr.xq977.s1       1.11044e-33
xchip.xi_core_u_bgr.xq977.t        3.72787e-57
xchip.xi_core_u_bgr.xq978.s1       1.11044e-33
xchip.xi_core_u_bgr.xq978.t        3.72787e-57
xchip.xi_core_u_bgr.xq979.s1       1.11044e-33
xchip.xi_core_u_bgr.xq979.t        3.72787e-57
xchip.xi_core_u_bgr.xq980.s1       1.11044e-33
xchip.xi_core_u_bgr.xq980.t        3.72787e-57
xchip.xi_core_u_bgr.xq981.s1       1.11044e-33
xchip.xi_core_u_bgr.xq981.t        3.72787e-57
xchip.xi_core_u_bgr.xq982.s1       1.11044e-33
xchip.xi_core_u_bgr.xq982.t        3.72787e-57
xchip.xi_core_u_bgr.xq983.s1       1.11044e-33
xchip.xi_core_u_bgr.xq983.t        3.72787e-57
xchip.xi_core_u_bgr.xq984.s1       1.11044e-33
xchip.xi_core_u_bgr.xq984.t        3.72787e-57
xchip.xi_core_u_bgr.xq985.s1       1.11044e-33
xchip.xi_core_u_bgr.xq985.t        3.72787e-57
xchip.xi_core_u_bgr.xq986.s1       1.11044e-33
xchip.xi_core_u_bgr.xq986.t        3.72787e-57
xchip.xi_core_u_bgr.xq987.s1       1.11044e-33
xchip.xi_core_u_bgr.xq987.t        3.72787e-57
xchip.xi_core_u_bgr.xq988.s1       1.11044e-33
xchip.xi_core_u_bgr.xq988.t        3.72787e-57
xchip.xi_core_u_bgr.xq989.s1       1.11044e-33
xchip.xi_core_u_bgr.xq989.t        3.72787e-57
xchip.xi_core_u_bgr.xq990.s1       1.11044e-33
xchip.xi_core_u_bgr.xq990.t        3.72787e-57
xchip.xi_core_u_bgr.xq991.s1       1.11044e-33
xchip.xi_core_u_bgr.xq991.t        3.72787e-57
xchip.xi_core_u_bgr.xq992.s1       1.11044e-33
xchip.xi_core_u_bgr.xq992.t        3.72787e-57
xchip.xi_core_u_bgr.xq993.s1       1.11044e-33
xchip.xi_core_u_bgr.xq993.t        3.72787e-57
xchip.xi_core_u_bgr.xq994.s1       1.11044e-33
xchip.xi_core_u_bgr.xq994.t        3.72787e-57
xchip.xi_core_u_bgr.xq995.s1       1.11044e-33
xchip.xi_core_u_bgr.xq995.t        3.72787e-57
xchip.xi_core_u_bgr.xq996.s1       1.11044e-33
xchip.xi_core_u_bgr.xq996.t        3.72787e-57
xchip.xi_core_u_bgr.xq997.s1       1.11044e-33
xchip.xi_core_u_bgr.xq997.t        3.72787e-57
xchip.xi_core_u_bgr.xq998.s1       1.11044e-33
xchip.xi_core_u_bgr.xq998.t        3.72787e-57
xchip.xi_core_u_bgr.xq999.s1       1.11044e-33
xchip.xi_core_u_bgr.xq999.t        3.72787e-57
xchip.xi_core_u_bgr.xq1000.s1       2.1005e-32
xchip.xi_core_u_bgr.xq1000.t      -3.79746e-55
xchip.xi_core_u_bgr.xq1001.s1       2.1005e-32
xchip.xi_core_u_bgr.xq1001.t      -3.79746e-55
xchip.xi_core_u_bgr.xq1002.s1       2.1005e-32
xchip.xi_core_u_bgr.xq1002.t      -3.79746e-55
xchip.xi_core_u_bgr.xq1003.s1       2.1005e-32
xchip.xi_core_u_bgr.xq1003.t      -3.79746e-55
xchip.xi_core_u_bgr.xq1004.s1       2.1005e-32
xchip.xi_core_u_bgr.xq1004.t      -3.79746e-55
xchip.xi_core_u_bgr.xq1005.s1       2.1005e-32
xchip.xi_core_u_bgr.xq1005.t      -3.79746e-55
xchip.xi_core_u_bgr.xq1006.s1       2.1005e-32
xchip.xi_core_u_bgr.xq1006.t      -3.79746e-55
xchip.xi_core_u_bgr.xq1007.s1       2.1005e-32
xchip.xi_core_u_bgr.xq1007.t      -3.79746e-55
xchip.xi_core_u_bgr.xq1008.s1       2.1005e-32
xchip.xi_core_u_bgr.xq1008.t      -3.79746e-55
xchip.xi_core_u_bgr.xq1009.s1       2.1005e-32
xchip.xi_core_u_bgr.xq1009.t      -3.79746e-55
xchip.xi_core_u_bgr.xq1010.s1       2.1005e-32
xchip.xi_core_u_bgr.xq1010.t      -3.79746e-55
xchip.xi_core_u_bgr.xq1011.s1       2.1005e-32
xchip.xi_core_u_bgr.xq1011.t      -3.79746e-55
xchip.xi_core_u_bgr.xq1012.s1       2.1005e-32
xchip.xi_core_u_bgr.xq1012.t      -3.79746e-55
xchip.xi_core_u_bgr.xq1013.s1       2.1005e-32
xchip.xi_core_u_bgr.xq1013.t      -3.79746e-55
xchip.xi_core_u_bgr.xq1014.s1       2.1005e-32
xchip.xi_core_u_bgr.xq1014.t      -3.79746e-55
xchip.xi_core_u_bgr.xq1015.s1       2.1005e-32
xchip.xi_core_u_bgr.xq1015.t      -3.79746e-55
xchip.xi_core_u_bgr.xq1016.s1       2.1005e-32
xchip.xi_core_u_bgr.xq1016.t      -3.79746e-55
xchip.xi_core_u_bgr.xq1017.s1       2.1005e-32
xchip.xi_core_u_bgr.xq1017.t      -3.79746e-55
xchip.xi_core_u_bgr.xq1018.s1       2.1005e-32
xchip.xi_core_u_bgr.xq1018.t      -3.79746e-55
xchip.xi_core_u_bgr.xq1019.s1       2.1005e-32
xchip.xi_core_u_bgr.xq1019.t      -3.79746e-55
xchip.xi_core_u_bgr.xq1020.s1       2.1005e-32
xchip.xi_core_u_bgr.xq1020.t      -3.79746e-55
xchip.xi_core_u_bgr.xq1021.s1       2.1005e-32
xchip.xi_core_u_bgr.xq1021.t      -3.79746e-55
xchip.xi_core_u_bgr.xq1022.s1       2.1005e-32
xchip.xi_core_u_bgr.xq1022.t      -3.79746e-55
xchip.xi_core_u_bgr.xq1023.s1       2.1005e-32
xchip.xi_core_u_bgr.xq1023.t      -3.79746e-55
xchip.xi_core_u_bgr.xq1024.s1      6.90097e-32
xchip.xi_core_u_bgr.xq1024.t       9.66708e-53
xchip.xi_core_u_bgr.xq1025.s1      6.90097e-32
xchip.xi_core_u_bgr.xq1025.t       9.66708e-53
xchip.xi_core_u_bgr.xq1026.s1      6.90097e-32
xchip.xi_core_u_bgr.xq1026.t       9.66708e-53
xchip.xi_core_u_bgr.xq1027.s1      6.90097e-32
xchip.xi_core_u_bgr.xq1027.t       9.66708e-53
xchip.xi_core_u_bgr.xq1028.s1    -3.73955e-142
xchip.xi_core_u_bgr.xq1028.t      4.43002e-261
xchip.xi_core_u_bgr.xq1029.s1    -3.73955e-142
xchip.xi_core_u_bgr.xq1029.t      4.43002e-261
xchip.xi_core_u_bgr.xq1030.s1    -3.73955e-142
xchip.xi_core_u_bgr.xq1030.t      4.43002e-261
xchip.xi_core_u_bgr.xq1031.s1    -3.73955e-142
xchip.xi_core_u_bgr.xq1031.t      4.43002e-261
xchip.xi_core_u_bgr.xq1032.s1    -3.73955e-142
xchip.xi_core_u_bgr.xq1032.t      4.43002e-261
xchip.xi_core_u_bgr.xq1033.s1    -3.73955e-142
xchip.xi_core_u_bgr.xq1033.t      4.43002e-261
xchip.xi_core_u_bgr.xq1034.s1    -3.73955e-142
xchip.xi_core_u_bgr.xq1034.t      4.43002e-261
xchip.xi_core_u_bgr.xq1035.s1    -3.73955e-142
xchip.xi_core_u_bgr.xq1035.t      4.43001e-261
xchip.xi_core_u_bgr.xq1036.s1    -3.73956e-142
xchip.xi_core_u_bgr.xq1036.t      4.43003e-261
xchip.i_core_osc_clk                         0
xchip.en_i                         2.78925e-25
xchip.i_core_sclk_i                3.74077e-25
xchip.i_core_sdi_i                 3.13643e-25
xchip.net                          4.88358e-25
xchip.i_core_cmp_soft              1.49175e-23
xchip.i_core_cmp_hard              2.73568e-23
xchip.i_core_tripped               2.77752e-25
xchip.i_core_cmp_clk                         0
xchip.i_core_dac_soft_7_                     0
xchip.i_core_dac_soft_6_                     0
xchip.i_core_dac_soft_5_                     0
xchip.i_core_dac_soft_4_                     0
xchip.i_core_dac_soft_3_                     0
xchip.i_core_dac_soft_2_                     0
xchip.i_core_dac_soft_1_                     0
xchip.i_core_dac_soft_0_                     0
xchip.i_core_dac_hard_7_                     0
xchip.i_core_dac_hard_6_                     0
xchip.i_core_dac_hard_5_                     0
xchip.i_core_dac_hard_4_                     0
xchip.i_core_dac_hard_3_                     0
xchip.i_core_dac_hard_2_                     0
xchip.i_core_dac_hard_1_                     0
xchip.i_core_dac_hard_0_                     0
xchip.i_core_trip_d                          0
xchip.i_core_clr_d                           0
xchip.i_core_fast_en                         0
xchip.i_core_osc_en                          0
xchip.i_core_osc_trim_3_                     0
xchip.i_core_osc_trim_2_                     0
xchip.i_core_osc_trim_1_                     0
xchip.i_core_osc_trim_0_                     0
xchip.i_core_trip                            0
xchip.i_core_gate_en                         0
xchip.i_core_trip_cause_1_                   0
xchip.i_core_trip_cause_0_                   0
xchip.i_core_sdo_o                           0
xchip.xi_core_u_digital.sp15                 0
xchip.xi_core_u_digital.sp14                 0
xchip.xi_core_u_digital.sp13                 0
xchip.xi_core_u_digital.sp12                 0
xchip.xi_core_u_digital.sp11                 0
xchip.xi_core_u_digital.sp10                 0
xchip.xi_core_u_digital.sp9                  0
xchip.xi_core_u_digital.sp8                  0
xchip.xi_core_u_digital.sp7                  0
xchip.xi_core_u_digital.sp6                  0
xchip.xi_core_u_digital.sp5                  0
xchip.xi_core_u_digital.sp4                  0
xchip.xi_core_u_digital.sp3                  0
xchip.xi_core_u_digital.sp2                  0
xchip.xi_core_u_digital.sp1                  0
xchip.xi_core_u_digital.sp0                  0
xchip.xi_core_u_digital.inrush_active               0
xchip.xi_core_u_digital.soft_armed               0
xchip.i_core_t2f_en_12                       0
xchip.i_core_t2f_mode_12                     0
xchip.i_core_bgr_r4_12                       0
xchip.i_core_fault_n_dig                     0
xchip.i_core_trip_set_sel                    0
xchip.i_core_clk_div_out                     0
xchip.xi_core_u_digital_1.net3     9.23855e-28
xchip.xi_core_u_digital_1.net2     3.84575e-25
xchip.xi_core_u_digital_1.net1     5.60709e-28
d_elt                              1.31213e-25
g_shared                           1.31213e-25
d_std                              1.31213e-25
hbt_c                              1.31213e-25
hbt_b                              1.31213e-25
hbt_e                              1.31213e-25
xchip.xi_core_u_dut.xq1.s1         5.24866e-35
xchip.xi_core_u_dut.xq1.t            -5.14e-63
xchip.vdd__vm_gated                6.36867e-25
xchip.xi_core_u_gate.n_11          3.57832e-25
xchip.gate_o                       2.20008e-25
xchip.xi_core_u_gate.n_13          3.57878e-25
xchip.xi_core_u_gate.n_12          3.57832e-25
xchip.fault_n_o                    2.20008e-25
xchip.xi_core_u_gate.n_6           2.98836e-25
xchip.xi_core_u_gate.n_4             4.089e-25
xchip.xi_core_u_gate.n_10          3.48153e-25
xchip.xi_core_u_gate.n_9            3.4802e-25
xchip.xi_core_u_gate.n_8            3.4802e-25
xchip.xi_core_u_gate.n_7            3.4816e-25
xchip.xi_core_u_gate.n_i233        1.36545e-25
xchip.xi_core_u_gate.n_36          2.78384e-22
xchip.xi_core_u_gate.n_37          5.69984e-22
xchip.xi_core_u_gate.n_35            2.463e-22
xchip.xi_core_u_gate.n_34          2.03587e-22
xchip.xi_core_u_gate.n_i234        2.20341e-21
xchip.xi_core_u_gate.n_19          4.57005e-22
xchip.vdda__vm_gatea                3.2373e-21
xchip.xi_core_u_gate.n_29          3.24481e-22
xchip.xi_core_u_gate.n_22          4.57005e-22
xchip.xi_core_u_gate.n_i235        2.20341e-21
xchip.xi_core_u_gate.n_31          3.37799e-22
xchip.xi_core_u_gate.n_32          3.24481e-22
xchip.xi_core_u_gate.n_25          4.57005e-22
xchip.xi_core_u_gate.n_i236        2.24448e-21
xchip.xi_core_u_gate.n_30          4.57005e-22
xchip.xi_core_u_gate.n_i237        2.22736e-21
xchip.xi_core_u_gate.n_i238        2.26673e-21
xchip.xi_core_u_gate.n_33          4.57005e-22
xchip.xi_core_u_gate.n_18          4.68397e-22
xchip.xi_core_u_gate.n_21          4.68397e-22
xchip.xi_core_u_gate.n_24          4.68397e-22
xchip.xi_core_u_gate.n_28          4.57006e-22
xchip.xi_core_u_gate.n_27          4.68397e-22
xchip.xi_core_u_gate.n_17          6.99717e-22
xchip.xi_core_u_gate.n_26          6.99717e-22
xchip.xi_core_u_gate.n_23          6.99717e-22
xchip.xi_core_u_gate.n_20          6.99717e-22
xchip.xi_core_u_ls_en.inb           3.4802e-25
xchip.vdd__vm_lsd                  6.36867e-25
xchip.xi_core_u_ls_en.nb           4.54515e-22
xchip.xi_core_u_ls_en.n            6.88279e-22
xchip.vdda__vm_ls                   3.2373e-21
xchip.i_core_t2f_en_33             2.72735e-22
xchip.xi_core_u_ls_mode.inb         3.4802e-25
xchip.xi_core_u_ls_mode.nb         4.54515e-22
xchip.xi_core_u_ls_mode.n          6.88279e-22
xchip.i_core_t2f_mode_33           3.86693e-22
xchip.xi_core_u_ls_r4.inb           3.4802e-25
xchip.xi_core_u_ls_r4.nb           4.54515e-22
xchip.xi_core_u_ls_r4.n            6.88279e-22
xchip.xi_core_u_osc.osc_i                    0
xchip.xi_core_u_osc.en_g                     0
xchip.vdd__vm_osc                  6.36867e-25
xchip.xi_core_u_sense.vn           1.99473e-11
xchip.xi_core_u_sense.xr1n0.dt               0
xchip.xi_core_u_sense.r2n_0        1.92832e-11
xchip.xi_core_u_sense.xr2n0.dt               0
xchip.xi_core_u_sense.r2n_1         1.8619e-11
xchip.xi_core_u_sense.xr2n1.dt               0
xchip.xi_core_u_sense.r2n_2        1.79549e-11
xchip.xi_core_u_sense.xr2n2.dt               0
xchip.xi_core_u_sense.r2n_3        1.72908e-11
xchip.xi_core_u_sense.xr2n3.dt               0
xchip.xi_core_u_sense.r2n_4        1.66266e-11
xchip.xi_core_u_sense.xr2n4.dt               0
xchip.xi_core_u_sense.r2n_5        1.59625e-11
xchip.xi_core_u_sense.xr2n5.dt               0
xchip.xi_core_u_sense.r2n_6        1.52984e-11
xchip.xi_core_u_sense.xr2n6.dt               0
xchip.xi_core_u_sense.r2n_7        1.46342e-11
xchip.xi_core_u_sense.xr2n7.dt               0
xchip.xi_core_u_sense.r2n_8        1.39701e-11
xchip.xi_core_u_sense.xr2n8.dt               0
xchip.xi_core_u_sense.r2n_9        1.33059e-11
xchip.xi_core_u_sense.xr2n9.dt               0
xchip.xi_core_u_sense.r2n_10       1.26418e-11
xchip.xi_core_u_sense.xr2n10.dt               0
xchip.xi_core_u_sense.r2n_11       1.19777e-11
xchip.xi_core_u_sense.xr2n11.dt               0
xchip.xi_core_u_sense.r2n_12       1.13135e-11
xchip.xi_core_u_sense.xr2n12.dt               0
xchip.xi_core_u_sense.r2n_13       1.06494e-11
xchip.xi_core_u_sense.xr2n13.dt               0
xchip.xi_core_u_sense.r2n_14       9.98528e-12
xchip.xi_core_u_sense.xr2n14.dt               0
xchip.xi_core_u_sense.r2n_15       9.32114e-12
xchip.xi_core_u_sense.xr2n15.dt               0
xchip.xi_core_u_sense.r2n_16       8.65701e-12
xchip.xi_core_u_sense.xr2n16.dt               0
xchip.xi_core_u_sense.r2n_17       7.99288e-12
xchip.xi_core_u_sense.xr2n17.dt               0
xchip.xi_core_u_sense.r2n_18       7.32874e-12
xchip.xi_core_u_sense.xr2n18.dt               0
xchip.i_core_isense                6.66461e-12
xchip.xi_core_u_sense.xr2n19.dt               0
xchip.xi_core_u_sense.vp           7.21403e-11
xchip.xi_core_u_sense.xr1p0.dt               0
xchip.xi_core_u_sense.r2p_0        7.21401e-11
xchip.xi_core_u_sense.xr2p0.dt               0
xchip.xi_core_u_sense.r2p_1          7.214e-11
xchip.xi_core_u_sense.xr2p1.dt               0
xchip.xi_core_u_sense.r2p_2        7.21399e-11
xchip.xi_core_u_sense.xr2p2.dt               0
xchip.xi_core_u_sense.r2p_3        7.21398e-11
xchip.xi_core_u_sense.xr2p3.dt               0
xchip.xi_core_u_sense.r2p_4        7.21397e-11
xchip.xi_core_u_sense.xr2p4.dt               0
xchip.xi_core_u_sense.r2p_5        7.21396e-11
xchip.xi_core_u_sense.xr2p5.dt               0
xchip.xi_core_u_sense.r2p_6        7.21395e-11
xchip.xi_core_u_sense.xr2p6.dt               0
xchip.xi_core_u_sense.r2p_7        7.21394e-11
xchip.xi_core_u_sense.xr2p7.dt               0
xchip.xi_core_u_sense.r2p_8        7.21393e-11
xchip.xi_core_u_sense.xr2p8.dt               0
xchip.xi_core_u_sense.r2p_9        7.21392e-11
xchip.xi_core_u_sense.xr2p9.dt               0
xchip.xi_core_u_sense.r2p_10       7.21391e-11
xchip.xi_core_u_sense.xr2p10.dt               0
xchip.xi_core_u_sense.r2p_11        7.2139e-11
xchip.xi_core_u_sense.xr2p11.dt               0
xchip.xi_core_u_sense.r2p_12       7.21389e-11
xchip.xi_core_u_sense.xr2p12.dt               0
xchip.xi_core_u_sense.r2p_13       7.21388e-11
xchip.xi_core_u_sense.xr2p13.dt               0
xchip.xi_core_u_sense.r2p_14       7.21387e-11
xchip.xi_core_u_sense.xr2p14.dt               0
xchip.xi_core_u_sense.r2p_15       7.21386e-11
xchip.xi_core_u_sense.xr2p15.dt               0
xchip.xi_core_u_sense.r2p_16       7.21386e-11
xchip.xi_core_u_sense.xr2p16.dt               0
xchip.xi_core_u_sense.r2p_17       7.21385e-11
xchip.xi_core_u_sense.xr2p17.dt               0
xchip.xi_core_u_sense.r2p_18       7.21384e-11
xchip.xi_core_u_sense.xr2p18.dt               0
xchip.i_core_unused_vped           7.21383e-11
xchip.xi_core_u_sense.xr2p19.dt               0
xchip.i_core_vref_buf              1.16354e-27
xchip.xi_core_u_sense.rd1_0        1.14159e-27
xchip.xi_core_u_sense.xrd10.dt               0
xchip.xi_core_u_sense.vped_ref     1.11963e-27
xchip.xi_core_u_sense.xrd11.dt               0
xchip.xi_core_u_sense.rd2_0        1.09768e-27
xchip.xi_core_u_sense.xrd20.dt               0
xchip.xi_core_u_sense.rd2_1        1.07573e-27
xchip.xi_core_u_sense.xrd21.dt               0
xchip.xi_core_u_sense.rd2_2        1.05377e-27
xchip.xi_core_u_sense.xrd22.dt               0
xchip.xi_core_u_sense.rd2_3        1.03182e-27
xchip.xi_core_u_sense.xrd23.dt               0
xchip.xi_core_u_sense.rd2_4        1.00986e-27
xchip.xi_core_u_sense.xrd24.dt               0
xchip.xi_core_u_sense.rd2_5         9.8791e-28
xchip.xi_core_u_sense.xrd25.dt               0
xchip.xi_core_u_sense.rd2_6        9.65956e-28
xchip.xi_core_u_sense.xrd26.dt               0
xchip.xi_core_u_sense.rd2_7        9.44002e-28
xchip.xi_core_u_sense.xrd27.dt               0
xchip.xi_core_u_sense.rd2_8        9.22048e-28
xchip.xi_core_u_sense.xrd28.dt               0
xchip.xi_core_u_sense.rd2_9        9.00094e-28
xchip.xi_core_u_sense.xrd29.dt               0
xchip.xi_core_u_sense.rd2_10        8.7814e-28
xchip.xi_core_u_sense.xrd210.dt               0
xchip.xi_core_u_sense.rd2_11       8.56186e-28
xchip.xi_core_u_sense.xrd211.dt               0
xchip.xi_core_u_sense.rd2_12       8.34232e-28
xchip.xi_core_u_sense.xrd212.dt               0
xchip.xi_core_u_sense.rd2_13       8.12279e-28
xchip.xi_core_u_sense.xrd213.dt               0
xchip.xi_core_u_sense.rd2_14       7.90325e-28
xchip.xi_core_u_sense.xrd214.dt               0
xchip.xi_core_u_sense.rd2_15       7.68371e-28
xchip.xi_core_u_sense.xrd215.dt               0
xchip.xi_core_u_sense.rd2_16       7.46417e-28
xchip.xi_core_u_sense.xrd216.dt               0
xchip.xi_core_u_sense.rd2_17       7.24464e-28
xchip.xi_core_u_sense.xrd217.dt               0
xchip.xi_core_u_sense.rd2_18        7.0251e-28
xchip.xi_core_u_sense.xrd218.dt               0
xchip.xi_core_u_sense.rd2_19       6.80556e-28
xchip.xi_core_u_sense.xrd219.dt               0
xchip.xi_core_u_sense.rd2_20       6.58603e-28
xchip.xi_core_u_sense.xrd220.dt               0
xchip.xi_core_u_sense.rd2_21       6.36649e-28
xchip.xi_core_u_sense.xrd221.dt               0
xchip.xi_core_u_sense.rd2_22       6.14695e-28
xchip.xi_core_u_sense.xrd222.dt               0
xchip.xi_core_u_sense.rd2_23       5.92742e-28
xchip.xi_core_u_sense.xrd223.dt               0
xchip.xi_core_u_sense.rd2_24       5.70788e-28
xchip.xi_core_u_sense.xrd224.dt               0
xchip.xi_core_u_sense.rd2_25       5.48835e-28
xchip.xi_core_u_sense.xrd225.dt               0
xchip.xi_core_u_sense.rd2_26       5.26881e-28
xchip.xi_core_u_sense.xrd226.dt               0
xchip.xi_core_u_sense.rd2_27       5.04928e-28
xchip.xi_core_u_sense.xrd227.dt               0
xchip.xi_core_u_sense.rd2_28       4.82974e-28
xchip.xi_core_u_sense.xrd228.dt               0
xchip.xi_core_u_sense.rd2_29       4.61021e-28
xchip.xi_core_u_sense.xrd229.dt               0
xchip.xi_core_u_sense.rd2_30       4.39067e-28
xchip.xi_core_u_sense.xrd230.dt               0
xchip.xi_core_u_sense.rd2_31       4.17114e-28
xchip.xi_core_u_sense.xrd231.dt               0
xchip.xi_core_u_sense.rd2_32        3.9516e-28
xchip.xi_core_u_sense.xrd232.dt               0
xchip.xi_core_u_sense.rd2_33       3.73207e-28
xchip.xi_core_u_sense.xrd233.dt               0
xchip.xi_core_u_sense.rd2_34       3.51254e-28
xchip.xi_core_u_sense.xrd234.dt               0
xchip.xi_core_u_sense.rd2_35         3.293e-28
xchip.xi_core_u_sense.xrd235.dt               0
xchip.xi_core_u_sense.rd2_36       3.07347e-28
xchip.xi_core_u_sense.xrd236.dt               0
xchip.xi_core_u_sense.rd2_37       2.85393e-28
xchip.xi_core_u_sense.xrd237.dt               0
xchip.xi_core_u_sense.rd2_38        2.6344e-28
xchip.xi_core_u_sense.xrd238.dt               0
xchip.xi_core_u_sense.rd2_39       2.41487e-28
xchip.xi_core_u_sense.xrd239.dt               0
xchip.xi_core_u_sense.rd2_40       2.19533e-28
xchip.xi_core_u_sense.xrd240.dt               0
xchip.xi_core_u_sense.rd2_41        1.9758e-28
xchip.xi_core_u_sense.xrd241.dt               0
xchip.xi_core_u_sense.rd2_42       1.75627e-28
xchip.xi_core_u_sense.xrd242.dt               0
xchip.xi_core_u_sense.rd2_43       1.53673e-28
xchip.xi_core_u_sense.xrd243.dt               0
xchip.xi_core_u_sense.rd2_44        1.3172e-28
xchip.xi_core_u_sense.xrd244.dt               0
xchip.xi_core_u_sense.rd2_45       1.09767e-28
xchip.xi_core_u_sense.xrd245.dt               0
xchip.xi_core_u_sense.rd2_46       8.78133e-29
xchip.xi_core_u_sense.xrd246.dt               0
xchip.xi_core_u_sense.rd2_47         6.586e-29
xchip.xi_core_u_sense.xrd247.dt               0
xchip.xi_core_u_sense.rd2_48       4.39067e-29
xchip.xi_core_u_sense.xrd248.dt               0
xchip.xi_core_u_sense.rd2_49       2.19533e-29
xchip.xi_core_u_sense.xrd249.dt               0
xchip.xi_core_u_sense.xrd250.dt               0
xchip.xi_core_u_sense.__pex_xota_vbp     3.67468e-22
xchip.vdda__vm_sense                3.2373e-21
xchip.xi_core_u_sense.__pex_xota_vbnc     3.79544e-22
xchip.xi_core_u_sense.__pex_xota_vbpc     4.66661e-22
xchip.xi_core_u_sense.__pex_xota_tail     6.41251e-21
xchip.xi_core_u_sense.__pex_xota_fn    -2.15899e-22
xchip.xi_core_u_sense.__pex_xota_fp    -1.55684e-22
xchip.xi_core_u_sense.__pex_xota_mir     -7.6119e-23
xchip.xi_core_u_sense.__pex_xota_out1     -5.5174e-23
xchip.xi_core_u_sense.__pex_xota_pc1     2.52634e-21
xchip.xi_core_u_sense.__pex_xota_pc2      2.7471e-21
xchip.xi_core_u_sense.__pex_xota_cz     -5.5174e-23
xchip.xi_core_u_sense.xota.xrz.dt               0
xchip.xi_core_u_sense.xota.xcc.1     -5.5174e-23
xchip.xi_core_u_sense.__pex_xbuf_vbp     3.67468e-22
xchip.xi_core_u_sense.__pex_xbuf_vbnc     3.79544e-22
xchip.xi_core_u_sense.__pex_xbuf_vbpc     4.66662e-22
xchip.xi_core_u_sense.__pex_xbuf_tail     2.56919e-21
xchip.xi_core_u_sense.__pex_xbuf_fn     5.86195e-22
xchip.xi_core_u_sense.__pex_xbuf_fp     6.39621e-22
xchip.xi_core_u_sense.__pex_xbuf_mir    -3.52637e-22
xchip.xi_core_u_sense.__pex_xbuf_out1    -2.26021e-22
xchip.xi_core_u_sense.__pex_xbuf_pc1     2.80267e-21
xchip.xi_core_u_sense.__pex_xbuf_pc2      3.1311e-21
xchip.xi_core_u_sense.__pex_xbuf_cz    -2.26021e-22
xchip.xi_core_u_sense.xbuf.xrz.dt               0
xchip.xi_core_u_sense.xbuf.xcc.1    -2.26021e-22
xchip.xi_core_u_sense.__pex_xref_vbp     3.67468e-22
xchip.xi_core_u_sense.__pex_xref_vbnc     3.79544e-22
xchip.xi_core_u_sense.__pex_xref_vbpc     4.66662e-22
xchip.xi_core_u_sense.__pex_xref_tail     2.56919e-21
xchip.xi_core_u_sense.__pex_xref_fn     5.86195e-22
xchip.xi_core_u_sense.__pex_xref_fp     6.39622e-22
xchip.xi_core_u_sense.__pex_xref_mir    -3.52637e-22
xchip.xi_core_u_sense.__pex_xref_out1    -2.26021e-22
xchip.xi_core_u_sense.__pex_xref_pc1     2.80267e-21
xchip.xi_core_u_sense.__pex_xref_pc2      3.1311e-21
xchip.xi_core_u_sense.__pex_xref_cz    -2.26021e-22
xchip.xi_core_u_sense.xref.xrz.dt               0
xchip.xi_core_u_sense.xref.xcc.1    -2.26021e-22
xchip.xi_core_u_t2f.vth            6.14021e-23
xchip.xi_core_u_t2f.moden           6.8082e-22
xchip.xi_core_u_t2f.vr             1.47853e-28
xchip.xi_core_u_t2f.n2             1.33068e-28
xchip.xi_core_u_t2f.xr3.dt                   0
xchip.xi_core_u_t2f.n11            1.47853e-29
xchip.xi_core_u_t2f.xr4.dt                   0
xchip.xi_core_u_t2f.n4             1.18282e-28
xchip.xi_core_u_t2f.xr5.dt                   0
xchip.xi_core_u_t2f.n5             1.03497e-28
xchip.xi_core_u_t2f.xr6.dt                   0
xchip.xi_core_u_t2f.n6             8.87118e-29
xchip.xi_core_u_t2f.n7             7.39265e-29
xchip.xi_core_u_t2f.xr7.dt                   0
xchip.xi_core_u_t2f.n8             5.91412e-29
xchip.xi_core_u_t2f.xr8.dt                   0
xchip.xi_core_u_t2f.n9             4.43559e-29
xchip.xi_core_u_t2f.xr9.dt                   0
xchip.xi_core_u_t2f.n10            2.95706e-29
xchip.xi_core_u_t2f.xr10.dt                  0
xchip.xi_core_u_t2f.xr11.dt                  0
xchip.xi_core_u_t2f.xr12.dt                  0
xchip.xi_core_u_t2f.cap1           3.28118e-22
xchip.xi_core_u_t2f.d1g            8.90416e-22
xchip.xi_core_u_t2f.cap2           3.28118e-22
xchip.xi_core_u_t2f.d2g            5.96576e-22
xchip.xi_core_u_t2f.fon            2.94004e-25
xchip.xi_core_u_t2f.lsb            1.88177e-25
xchip.vdd__vm_t2fd                 6.36867e-25
xchip.i_core_temp_out_o            2.52255e-25
xchip.xi_core_u_t2f.lsa            2.58592e-25
xchip.xi_core_u_t2f.qn             8.81031e-22
xchip.vdda__vm_t2f                  3.2373e-21
xchip.xi_core_u_t2f.q              6.67456e-22
xchip.xi_core_u_t2f.rn             4.85355e-22
xchip.xi_core_u_t2f.ni973          1.74186e-23
xchip.xi_core_u_t2f.ni974          3.58941e-23
xchip.xi_core_u_t2f.sn             4.85355e-22
xchip.xi_core_u_t2f.isrc           1.82615e-21
xchip.xi_core_u_t2f.c2             5.46901e-22
xchip.xi_core_u_t2f.c1             5.46901e-22
xchip.xi_core_u_t2f.tail1          6.72652e-23
xchip.xi_core_u_t2f.nbias          3.84905e-23
xchip.xi_core_u_t2f.tail2          6.72652e-23
xchip.xi_core_u_t2f.xq40.s1      -3.73955e-142
xchip.xi_core_u_t2f.xq40.t        4.43002e-261
xchip.xi_core_u_t2f.xq41.s1      -3.73955e-142
xchip.xi_core_u_t2f.xq41.t        4.43002e-261
xchip.xi_core_u_t2f.ca1            2.24449e-23
xchip.xi_core_u_t2f.xq42.s1         9.3391e-33
xchip.xi_core_u_t2f.xq42.t         2.95877e-55
xchip.xi_core_u_t2f.cb2            7.35127e-23
xchip.xi_core_u_t2f.xq43.s1        3.05555e-32
xchip.xi_core_u_t2f.xq43.t        -1.89573e-53
xchip.xi_core_u_t2f.ca2            2.24449e-23
xchip.xi_core_u_t2f.xq44.s1        9.33909e-33
xchip.xi_core_u_t2f.xq44.t         2.95877e-55
xchip.xi_core_u_t2f.cb1            7.35127e-23
xchip.xi_core_u_t2f.xq45.s1        3.05555e-32
xchip.xi_core_u_t2f.xq45.t        -1.89573e-53
xchip.xi_core_u_t2f.ob2            4.88013e-22
xchip.xi_core_u_t2f.oa2            4.84545e-22
xchip.xi_core_u_t2f.ob1            4.88013e-22
xchip.xi_core_u_t2f.oa1            4.84545e-22
xchip.xi_core_u_t2f.vcg            2.09015e-22
xchip.xi_core_u_t2f.a               6.8082e-22
xchip.xi_core_u_t2f.ni961          2.94879e-23
xchip.xi_core_u_t2f.ni962           3.0898e-23
xchip.xi_core_u_t2f.ni960          3.12135e-23
xchip.xi_core_u_t2f.dr             4.60812e-22
xchip.xi_core_u_t2f.db             4.36295e-22
xchip.xi_core_u_t2f.do             6.79872e-22
xchip.xi_core_u_t2f.xc1.1          3.28118e-22
xchip.xi_core_u_t2f.xc2.1          3.28118e-22
xchip.xi_core_u_trip.n18            3.2621e-25
xchip.xi_core_u_trip.n19            3.2621e-25
xchip.xi_core_u_trip.n20            3.2621e-25
xchip.xi_core_u_trip.n21            3.2621e-25
xchip.xi_core_u_trip.n22            3.2621e-25
xchip.xi_core_u_trip.n23            3.2621e-25
xchip.xi_core_u_trip.n24            3.2621e-25
xchip.xi_core_u_trip.n25            3.2621e-25
xchip.xi_core_u_trip.n26            3.2621e-25
xchip.xi_core_u_trip.n27            3.2621e-25
xchip.xi_core_u_trip.n28            3.2621e-25
xchip.xi_core_u_trip.n29            3.2621e-25
xchip.xi_core_u_trip.n30            3.2621e-25
xchip.xi_core_u_trip.n31            3.2621e-25
xchip.xi_core_u_trip.n32            3.2621e-25
xchip.xi_core_u_trip.n33            3.2621e-25
xchip.xi_core_u_trip.n34           4.68397e-22
xchip.xi_core_u_trip.n66           6.99717e-22
xchip.xi_core_u_trip.n35            2.3665e-23
xchip.xi_core_u_trip.n67           2.40164e-23
xchip.xi_core_u_trip.n36           4.68397e-22
xchip.xi_core_u_trip.n68           6.99717e-22
xchip.xi_core_u_trip.n37           4.45103e-23
xchip.xi_core_u_trip.n69           4.57712e-23
xchip.xi_core_u_trip.n38           4.68397e-22
xchip.xi_core_u_trip.n70           6.99717e-22
xchip.xi_core_u_trip.n39           7.96959e-23
xchip.xi_core_u_trip.n71           8.38526e-23
xchip.xi_core_u_trip.n40           4.68397e-22
xchip.xi_core_u_trip.n72           6.99717e-22
xchip.xi_core_u_trip.n41           1.32463e-22
xchip.xi_core_u_trip.n73           1.44556e-22
xchip.xi_core_u_trip.n42           4.68397e-22
xchip.xi_core_u_trip.n74           6.99717e-22
xchip.xi_core_u_trip.n43           2.00104e-22
xchip.xi_core_u_trip.n75           2.30376e-22
xchip.xi_core_u_trip.n44           4.68397e-22
xchip.xi_core_u_trip.n76           6.99717e-22
xchip.xi_core_u_trip.n45           2.72735e-22
xchip.xi_core_u_trip.n77           3.37798e-22
xchip.xi_core_u_trip.n46           4.68397e-22
xchip.xi_core_u_trip.n78           6.99717e-22
xchip.xi_core_u_trip.n47           3.37799e-22
xchip.xi_core_u_trip.n79           4.57006e-22
xchip.xi_core_u_trip.n48           4.68397e-22
xchip.xi_core_u_trip.n80           6.99717e-22
xchip.xi_core_u_trip.n49           3.86693e-22
xchip.xi_core_u_trip.n81           5.69984e-22
xchip.xi_core_u_trip.n50           4.68397e-22
xchip.xi_core_u_trip.n82           6.99717e-22
xchip.xi_core_u_trip.n51            2.3665e-23
xchip.xi_core_u_trip.n83           2.40164e-23
xchip.xi_core_u_trip.n52           4.68397e-22
xchip.xi_core_u_trip.n84           6.99717e-22
xchip.xi_core_u_trip.n53           4.45102e-23
xchip.xi_core_u_trip.n85           4.57712e-23
xchip.xi_core_u_trip.n54           4.68397e-22
xchip.xi_core_u_trip.n86           6.99717e-22
xchip.xi_core_u_trip.n55           7.96959e-23
xchip.xi_core_u_trip.n87           8.38526e-23
xchip.xi_core_u_trip.n56           4.68397e-22
xchip.xi_core_u_trip.n88           6.99717e-22
xchip.xi_core_u_trip.n57           1.32463e-22
xchip.xi_core_u_trip.n89           1.44556e-22
xchip.xi_core_u_trip.n58           4.68397e-22
xchip.xi_core_u_trip.n90           6.99717e-22
xchip.xi_core_u_trip.n59           2.00104e-22
xchip.xi_core_u_trip.n91           2.30376e-22
xchip.xi_core_u_trip.n60           4.68397e-22
xchip.xi_core_u_trip.n92           6.99717e-22
xchip.xi_core_u_trip.n61           2.72735e-22
xchip.xi_core_u_trip.n93           3.37798e-22
xchip.xi_core_u_trip.n62           4.68397e-22
xchip.xi_core_u_trip.n94           6.99717e-22
xchip.xi_core_u_trip.n63           3.37799e-22
xchip.xi_core_u_trip.n95           4.57006e-22
xchip.xi_core_u_trip.n64           4.68397e-22
xchip.xi_core_u_trip.n96           6.99717e-22
xchip.xi_core_u_trip.n65           3.86693e-22
xchip.xi_core_u_trip.n97           5.69984e-22
xchip.xi_core_u_trip.n161          4.90725e-23
xchip.xi_core_u_trip.n152           8.6079e-28
xchip.xi_core_u_trip.n162          8.64091e-28
xchip.xi_core_u_trip.n217          4.90725e-23
xchip.xi_core_u_trip.n187          8.67376e-28
xchip.xi_core_u_trip.n218          8.70645e-28
xchip.xi_core_u_trip.n114          4.90725e-23
xchip.xi_core_u_trip.n101           8.5414e-28
xchip.xi_core_u_trip.n115          8.57473e-28
xchip.xi_core_u_trip.n188          2.02447e-22
xchip.xi_core_u_trip.n265          4.90725e-23
xchip.xi_core_u_trip.n134          2.02447e-22
xchip.xi_core_u_trip.n189          8.29293e-22
xchip.xi_core_u_trip.n190          4.90729e-23
xchip.xi_core_u_trip.n163          1.14526e-27
xchip.xi_core_u_trip.n191          1.14393e-27
xchip.xi_core_u_trip.n243          4.90729e-23
xchip.xi_core_u_trip.n219          1.14259e-27
xchip.xi_core_u_trip.n252          1.14124e-27
xchip.xi_core_u_trip.n135          4.90729e-23
xchip.xi_core_u_trip.n116          1.14786e-27
xchip.xi_core_u_trip.n136          1.14657e-27
xchip.xi_core_u_trip.n164          2.02447e-22
xchip.xi_core_u_trip.n221          8.29293e-22
xchip.xi_core_u_trip.n220          2.02447e-22
xchip.xi_core_u_trip.n117          4.90729e-23
xchip.xi_core_u_trip.n102          1.14913e-27
xchip.xi_core_u_trip.n118          1.15039e-27
xchip.xi_core_u_trip.n222          4.90729e-23
xchip.xi_core_u_trip.n192          1.15408e-27
xchip.xi_core_u_trip.n223          1.15527e-27
xchip.xi_core_u_trip.n165          4.90729e-23
xchip.xi_core_u_trip.n137          1.15164e-27
xchip.xi_core_u_trip.n166          1.15287e-27
xchip.xi_core_u_trip.n193          8.29293e-22
xchip.xi_core_u_trip.n138          2.02447e-22
xchip.xi_core_u_trip.n194          2.02447e-22
xchip.xi_core_u_trip.n266          4.90729e-23
xchip.xi_core_u_trip.n139          4.90732e-23
xchip.xi_core_u_trip.n119           1.1795e-27
xchip.xi_core_u_trip.n140          1.18028e-27
xchip.xi_core_u_trip.n244          4.90732e-23
xchip.xi_core_u_trip.n224          1.18253e-27
xchip.xi_core_u_trip.n254          1.18324e-27
xchip.xi_core_u_trip.n195          4.90732e-23
xchip.xi_core_u_trip.n167          1.18104e-27
xchip.xi_core_u_trip.n196          1.18179e-27
xchip.xi_core_u_trip.n225          8.29293e-22
xchip.xi_core_u_trip.n168          2.02447e-22
xchip.xi_core_u_trip.n226          2.02447e-22
xchip.xi_core_u_trip.n124          2.10192e-23
xchip.xi_core_u_trip.n107          6.87586e-28
xchip.xi_core_u_trip.n125          6.90275e-28
xchip.xi_core_u_trip.n232          2.10192e-23
xchip.xi_core_u_trip.n202          6.98301e-28
xchip.xi_core_u_trip.n233          7.00962e-28
xchip.xi_core_u_trip.n174          2.10192e-23
xchip.xi_core_u_trip.n143          6.92957e-28
xchip.xi_core_u_trip.n175          6.95633e-28
xchip.xi_core_u_trip.n204          7.73098e-23
xchip.xi_core_u_trip.n267          2.10192e-23
xchip.xi_core_u_trip.n203          2.31672e-22
xchip.xi_core_u_trip.n144          7.73098e-23
xchip.xi_core_u_trip.n145          2.10196e-23
xchip.xi_core_u_trip.n126          9.72869e-28
xchip.xi_core_u_trip.n146          9.71065e-28
xchip.xi_core_u_trip.n205          2.10196e-23
xchip.xi_core_u_trip.n176          9.69255e-28
xchip.xi_core_u_trip.n206          9.67438e-28
xchip.xi_core_u_trip.n245          2.10196e-23
xchip.xi_core_u_trip.n234          9.65613e-28
xchip.xi_core_u_trip.n261          9.63782e-28
xchip.xi_core_u_trip.n235          2.31672e-22
xchip.xi_core_u_trip.n177          7.73098e-23
xchip.xi_core_u_trip.n236          7.73098e-23
xchip.xi_core_u_trip.n178          2.10196e-23
xchip.xi_core_u_trip.n147          9.78236e-28
xchip.xi_core_u_trip.n179          9.80011e-28
xchip.xi_core_u_trip.n237          2.10196e-23
xchip.xi_core_u_trip.n207          9.81779e-28
xchip.xi_core_u_trip.n238           9.8354e-28
xchip.xi_core_u_trip.n127          2.10196e-23
xchip.xi_core_u_trip.n108          9.74665e-28
xchip.xi_core_u_trip.n128          9.76454e-28
xchip.xi_core_u_trip.n148          7.73098e-23
xchip.xi_core_u_trip.n209          7.73098e-23
xchip.xi_core_u_trip.n268          2.10196e-23
xchip.xi_core_u_trip.n208          2.31672e-22
xchip.xi_core_u_trip.n211          2.10199e-23
xchip.xi_core_u_trip.n180          1.14381e-27
xchip.xi_core_u_trip.n210          1.14289e-27
xchip.xi_core_u_trip.n149          2.10199e-23
xchip.xi_core_u_trip.n129          1.14562e-27
xchip.xi_core_u_trip.n150          1.14472e-27
xchip.xi_core_u_trip.n246          2.10199e-23
xchip.xi_core_u_trip.n239          1.14197e-27
xchip.xi_core_u_trip.n263          1.14104e-27
xchip.xi_core_u_trip.n240          2.31672e-22
xchip.xi_core_u_trip.n181          7.73097e-23
xchip.xi_core_u_trip.n241          7.73097e-23
xchip.xi_core_u_trip.n251          8.73897e-28
xchip.xi_core_u_trip.n273          8.77133e-28
xchip.xi_core_u_trip.n288          4.90729e-23
xchip.xi_core_u_trip.n253          1.15645e-27
xchip.xi_core_u_trip.n275          1.15761e-27
xchip.xi_core_u_trip.n290          4.90732e-23
xchip.xi_core_u_trip.n260          7.03617e-28
xchip.xi_core_u_trip.n282          7.06264e-28
xchip.xi_core_u_trip.n292          2.10196e-23
xchip.xi_core_u_trip.n262          9.85294e-28
xchip.xi_core_u_trip.n284          9.87041e-28
xchip.xi_core_u_trip.n294          2.10199e-23
xchip.xi_core_u_trip.n287          4.28901e-21
xchip.xi_core_u_trip.n299          8.29293e-22
xchip.xi_core_u_trip.n276          1.18394e-27
xchip.xi_core_u_trip.n303          1.18463e-27
xchip.xi_core_u_trip.n283          9.61944e-28
xchip.xi_core_u_trip.n311          9.60098e-28
xchip.xi_core_u_trip.n293          6.87584e-22
xchip.xi_core_u_trip.n313          2.31672e-22
xchip.xi_core_u_trip.n285           1.1401e-27
xchip.xi_core_u_trip.n314          1.13915e-27
xchip.xi_core_u_trip.n274          1.13986e-27
xchip.xi_core_u_trip.n300          1.13847e-27
xchip.xi_core_u_trip.n289          4.28901e-21
xchip.xi_core_u_trip.n302          8.29293e-22
xchip.xi_core_u_trip.n291          6.87584e-22
xchip.xi_core_u_trip.n310          2.31672e-22
xchip.xi_core_u_trip.n317          4.90725e-23
xchip.xi_core_u_trip.n298          8.80353e-28
xchip.xi_core_u_trip.n329          8.83557e-28
xchip.xi_core_u_trip.n318          4.28901e-21
xchip.xi_core_u_trip.n331          8.29293e-22
xchip.xi_core_u_trip.n319          4.90729e-23
xchip.xi_core_u_trip.n301          1.15876e-27
xchip.xi_core_u_trip.n332          1.15989e-27
xchip.xi_core_u_trip.n320          4.28901e-21
xchip.xi_core_u_trip.n334          8.29293e-22
xchip.xi_core_u_trip.n321          2.10192e-23
xchip.xi_core_u_trip.n309          7.08904e-28
xchip.xi_core_u_trip.n340          7.11537e-28
xchip.xi_core_u_trip.n322          6.87584e-22
xchip.xi_core_u_trip.n342          2.31672e-22
xchip.xi_core_u_trip.n323          2.10196e-23
xchip.xi_core_u_trip.n312          9.88781e-28
xchip.xi_core_u_trip.n343          9.90514e-28
xchip.xi_core_u_trip.n324          6.87584e-22
xchip.xi_core_u_trip.n345          2.31672e-22
xchip.xi_core_u_trip.n352          2.02447e-22
xchip.xi_core_u_trip.n373          4.90725e-23
xchip.xi_core_u_trip.n357          4.90732e-23
xchip.xi_core_u_trip.n333           1.1853e-27
xchip.xi_core_u_trip.n358          1.18595e-27
xchip.xi_core_u_trip.n365          7.73098e-23
xchip.xi_core_u_trip.n377          2.10192e-23
xchip.xi_core_u_trip.n366          2.10196e-23
xchip.xi_core_u_trip.n341          9.58246e-28
xchip.xi_core_u_trip.n367          9.56386e-28
xchip.xi_core_u_trip.n369          7.73098e-23
xchip.xi_core_u_trip.n379          2.10196e-23
xchip.xi_core_u_trip.n371          2.10199e-23
xchip.xi_core_u_trip.n344           1.1382e-27
xchip.xi_core_u_trip.n370          1.13724e-27
xchip.xi_core_u_trip.n353          4.90729e-23
xchip.xi_core_u_trip.n330          1.13707e-27
xchip.xi_core_u_trip.n354          1.13565e-27
xchip.xi_core_u_trip.n356          2.02447e-22
xchip.xi_core_u_trip.n375          4.90729e-23
xchip.xi_core_u_trip.n351          8.86745e-28
xchip.xi_core_u_trip.n385          8.89916e-28
xchip.xi_core_u_trip.n374          2.02447e-22
xchip.xi_core_u_trip.n399          4.90729e-23
xchip.xi_core_u_trip.n355            1.161e-27
xchip.xi_core_u_trip.n387           1.1621e-27
xchip.xi_core_u_trip.n376          2.02447e-22
xchip.xi_core_u_trip.n400          4.90732e-23
xchip.xi_core_u_trip.n364          7.14163e-28
xchip.xi_core_u_trip.n394          7.16782e-28
xchip.xi_core_u_trip.n378          7.73098e-23
xchip.xi_core_u_trip.n401          2.10196e-23
xchip.xi_core_u_trip.n368           9.9224e-28
xchip.xi_core_u_trip.n396          9.93959e-28
xchip.xi_core_u_trip.n380          7.73097e-23
xchip.xi_core_u_trip.n402          2.10199e-23
xchip.xi_core_u_trip.n408          2.02447e-22
xchip.xi_core_u_trip.n386          1.13421e-27
xchip.xi_core_u_trip.n409          1.13275e-27
xchip.xi_core_u_trip.n411          2.02447e-22
xchip.xi_core_u_trip.n388          1.18658e-27
xchip.xi_core_u_trip.n412           1.1872e-27
xchip.xi_core_u_trip.n419          7.73098e-23
xchip.xi_core_u_trip.n395           9.5452e-28
xchip.xi_core_u_trip.n420          9.52646e-28
xchip.xi_core_u_trip.n422          7.73098e-23
xchip.xi_core_u_trip.n397          1.13627e-27
xchip.xi_core_u_trip.n423           1.1353e-27
xchip.xi_core_u_trip.n425          4.90725e-23
xchip.xi_core_u_trip.n407          8.93071e-28
xchip.xi_core_u_trip.n433           8.9621e-28
xchip.xi_core_u_trip.n435          2.02447e-22
xchip.xi_core_u_trip.n426          4.90729e-23
xchip.xi_core_u_trip.n410          1.16318e-27
xchip.xi_core_u_trip.n436          1.16425e-27
xchip.xi_core_u_trip.n438          2.02447e-22
xchip.xi_core_u_trip.n427          2.10192e-23
xchip.xi_core_u_trip.n418          7.19394e-28
xchip.xi_core_u_trip.n444          7.21999e-28
xchip.xi_core_u_trip.n446          7.73098e-23
xchip.xi_core_u_trip.n428          2.10196e-23
xchip.xi_core_u_trip.n421          9.95671e-28
xchip.xi_core_u_trip.n447          9.97376e-28
xchip.xi_core_u_trip.n449          7.73097e-23
xchip.xi_core_u_trip.n473          4.90726e-23
xchip.xi_core_u_trip.n452          4.90732e-23
xchip.xi_core_u_trip.n437          1.18781e-27
xchip.xi_core_u_trip.n462          1.18839e-27
xchip.xi_core_u_trip.n475          2.10192e-23
xchip.xi_core_u_trip.n453          2.10195e-23
xchip.xi_core_u_trip.n445          9.50765e-28
xchip.xi_core_u_trip.n469          9.48878e-28
xchip.xi_core_u_trip.n476          2.10196e-23
xchip.xi_core_u_trip.n454          2.10199e-23
xchip.xi_core_u_trip.n448          1.13432e-27
xchip.xi_core_u_trip.n471          1.13333e-27
xchip.xi_core_u_trip.n451          4.90729e-23
xchip.xi_core_u_trip.n434          1.13128e-27
xchip.xi_core_u_trip.n460           1.1298e-27
xchip.xi_core_u_trip.n474           4.9073e-23
xchip.xi_core_u_trip.n459          8.99333e-28
xchip.xi_core_u_trip.n481           9.0244e-28
xchip.xi_core_u_trip.n502          4.90729e-23
xchip.xi_core_u_trip.n461           1.1653e-27
xchip.xi_core_u_trip.n483          1.16633e-27
xchip.xi_core_u_trip.n507          4.90732e-23
xchip.xi_core_u_trip.n468          7.24597e-28
xchip.xi_core_u_trip.n490          7.27188e-28
xchip.xi_core_u_trip.n516          2.10195e-23
xchip.xi_core_u_trip.n470          9.99073e-28
xchip.xi_core_u_trip.n492          1.00076e-27
xchip.xi_core_u_trip.n521          2.10199e-23
xchip.xi_core_u_trip.n501          2.83442e-20
xchip.xi_core_u_trip.n500          4.28901e-21
xchip.xi_core_u_trip.n484          1.18896e-27
xchip.xi_core_u_trip.n508          1.18952e-27
xchip.xi_core_u_trip.n514          2.92497e-21
xchip.xi_core_u_trip.n515          6.87584e-22
xchip.xi_core_u_trip.n491          9.46983e-28
xchip.xi_core_u_trip.n517          9.45081e-28
xchip.xi_core_u_trip.n519          2.92497e-21
xchip.xi_core_u_trip.n520          6.87584e-22
xchip.xi_core_u_trip.n493          1.13234e-27
xchip.xi_core_u_trip.n522          1.13134e-27
xchip.xi_core_u_trip.n482          1.12829e-27
xchip.xi_core_u_trip.n503          1.12678e-27
xchip.xi_core_u_trip.n505          2.83442e-20
xchip.xi_core_u_trip.n506          4.28901e-21
xchip.xi_core_u_trip.n524          4.90726e-23
xchip.xi_core_u_trip.n499           9.0553e-28
xchip.xi_core_u_trip.n537          9.08604e-28
xchip.xi_core_u_trip.n525          2.83442e-20
xchip.xi_core_u_trip.n539          4.28901e-21
xchip.xi_core_u_trip.n526           4.9073e-23
xchip.xi_core_u_trip.n504          1.16735e-27
xchip.xi_core_u_trip.n540          1.16835e-27
xchip.xi_core_u_trip.n527          2.83442e-20
xchip.xi_core_u_trip.n542          4.28901e-21
xchip.xi_core_u_trip.n529          2.10192e-23
xchip.xi_core_u_trip.n513          7.29772e-28
xchip.xi_core_u_trip.n548          7.32349e-28
xchip.xi_core_u_trip.n530          2.92497e-21
xchip.xi_core_u_trip.n550          6.87584e-22
xchip.xi_core_u_trip.n531          2.10196e-23
xchip.xi_core_u_trip.n518          1.00245e-27
xchip.xi_core_u_trip.n551          1.00412e-27
xchip.xi_core_u_trip.n532          2.92497e-21
xchip.xi_core_u_trip.n553          6.87584e-22
xchip.xi_core_u_trip.n555          2.02447e-22
xchip.xi_core_u_trip.n581          4.90726e-23
xchip.xi_core_u_trip.n556          4.90729e-23
xchip.xi_core_u_trip.n538          1.12524e-27
xchip.xi_core_u_trip.n568          1.12369e-27
xchip.xi_core_u_trip.n557          2.02447e-22
xchip.xi_core_u_trip.n583           4.9073e-23
xchip.xi_core_u_trip.n558          4.90732e-23
xchip.xi_core_u_trip.n541          1.19006e-27
xchip.xi_core_u_trip.n570          1.19058e-27
xchip.xi_core_u_trip.n559          7.73098e-23
xchip.xi_core_u_trip.n585          2.10192e-23
xchip.xi_core_u_trip.n560          2.10195e-23
xchip.xi_core_u_trip.n549          9.43173e-28
xchip.xi_core_u_trip.n577          9.41257e-28
xchip.xi_core_u_trip.n561          7.73098e-23
xchip.xi_core_u_trip.n587          2.10196e-23
xchip.xi_core_u_trip.n562          2.10199e-23
xchip.xi_core_u_trip.n552          1.13033e-27
xchip.xi_core_u_trip.n579          1.12931e-27
xchip.xi_core_u_trip.n567          9.11662e-28
xchip.xi_core_u_trip.n593          9.14704e-28
xchip.xi_core_u_trip.n582          2.02447e-22
xchip.xi_core_u_trip.n607          4.90729e-23
xchip.xi_core_u_trip.n569          1.16933e-27
xchip.xi_core_u_trip.n595           1.1703e-27
xchip.xi_core_u_trip.n584          2.02447e-22
xchip.xi_core_u_trip.n609          4.90732e-23
xchip.xi_core_u_trip.n576          7.34919e-28
xchip.xi_core_u_trip.n602          7.37482e-28
xchip.xi_core_u_trip.n586          7.73098e-23
xchip.xi_core_u_trip.n611          2.10195e-23
xchip.xi_core_u_trip.n578          1.00579e-27
xchip.xi_core_u_trip.n604          1.00746e-27
xchip.xi_core_u_trip.n588          7.73097e-23
xchip.xi_core_u_trip.n613          2.10199e-23
xchip.xi_core_u_trip.n606          8.29293e-22
xchip.xi_core_u_trip.n619          2.02447e-22
xchip.xi_core_u_trip.n594          1.12212e-27
xchip.xi_core_u_trip.n620          1.12054e-27
xchip.xi_core_u_trip.n608          8.29293e-22
xchip.xi_core_u_trip.n622          2.02447e-22
xchip.xi_core_u_trip.n596          1.19109e-27
xchip.xi_core_u_trip.n623          1.19158e-27
xchip.xi_core_u_trip.n610          2.31672e-22
xchip.xi_core_u_trip.n629          7.73098e-23
xchip.xi_core_u_trip.n603          9.39334e-28
xchip.xi_core_u_trip.n630          9.37404e-28
xchip.xi_core_u_trip.n612          2.31672e-22
xchip.xi_core_u_trip.n632          7.73098e-23
xchip.xi_core_u_trip.n605          1.12829e-27
xchip.xi_core_u_trip.n633          1.12726e-27
xchip.xi_core_u_trip.n639          4.90726e-23
xchip.xi_core_u_trip.n618          9.17729e-28
xchip.xi_core_u_trip.n638          9.20739e-28
xchip.xi_core_u_trip.n641          8.29293e-22
xchip.xi_core_u_trip.n642          2.02447e-22
xchip.xi_core_u_trip.n643           4.9073e-23
xchip.xi_core_u_trip.n621          1.17125e-27
xchip.xi_core_u_trip.n644          1.17219e-27
xchip.xi_core_u_trip.n647          8.29293e-22
xchip.xi_core_u_trip.n646          2.02447e-22
xchip.xi_core_u_trip.n652          2.10192e-23
xchip.xi_core_u_trip.n628          7.40037e-28
xchip.xi_core_u_trip.n653          7.42586e-28
xchip.xi_core_u_trip.n655          2.31672e-22
xchip.xi_core_u_trip.n656          7.73098e-23
xchip.xi_core_u_trip.n657          2.10196e-23
xchip.xi_core_u_trip.n631          1.00911e-27
xchip.xi_core_u_trip.n658          1.01076e-27
xchip.xi_core_u_trip.n660          2.31672e-22
xchip.xi_core_u_trip.n661          7.73097e-23
xchip.xi_core_u_trip.n687          4.90726e-23
xchip.xi_core_u_trip.n662          4.90729e-23
xchip.xi_core_u_trip.n640          1.11894e-27
xchip.xi_core_u_trip.n671          1.11732e-27
xchip.xi_core_u_trip.n689           4.9073e-23
xchip.xi_core_u_trip.n697          2.10193e-23
xchip.xi_core_u_trip.n664          2.10195e-23
xchip.xi_core_u_trip.n654          9.35467e-28
xchip.xi_core_u_trip.n679          9.33523e-28
xchip.xi_core_u_trip.n699          2.10197e-23
xchip.xi_core_u_trip.n665          2.10199e-23
xchip.xi_core_u_trip.n659          1.12622e-27
xchip.xi_core_u_trip.n681          1.12518e-27
xchip.xi_core_u_trip.n663          4.90732e-23
xchip.xi_core_u_trip.n645          1.19205e-27
xchip.xi_core_u_trip.n673          1.19251e-27
xchip.xi_core_u_trip.n670          9.23732e-28
xchip.xi_core_u_trip.n686          9.26709e-28
xchip.xi_core_u_trip.n702          4.90729e-23
xchip.xi_core_u_trip.n672          1.17311e-27
xchip.xi_core_u_trip.n690          1.17401e-27
xchip.xi_core_u_trip.n703          4.90731e-23
xchip.xi_core_u_trip.n678          7.45128e-28
xchip.xi_core_u_trip.n696          7.47662e-28
xchip.xi_core_u_trip.n704          2.10195e-23
xchip.xi_core_u_trip.n680           1.0124e-27
xchip.xi_core_u_trip.n700          1.01404e-27
xchip.xi_core_u_trip.n705          2.10199e-23
xchip.xi_core_u_trip.n711          8.29293e-22
xchip.xi_core_u_trip.n688          1.11569e-27
xchip.xi_core_u_trip.n712          1.11404e-27
xchip.xi_core_u_trip.n714          8.29293e-22
xchip.xi_core_u_trip.n691          1.19295e-27
xchip.xi_core_u_trip.n715          1.19337e-27
xchip.xi_core_u_trip.n698          9.31573e-28
xchip.xi_core_u_trip.n722          9.29615e-28
xchip.xi_core_u_trip.n724          2.31672e-22
xchip.xi_core_u_trip.n701          1.12413e-27
xchip.xi_core_u_trip.n725          1.12307e-27
xchip.xi_core_u_trip.n721          2.31672e-22
xchip.xi_core_u_trip.n731          4.90726e-23
xchip.xi_core_u_trip.n710           9.2967e-28
xchip.xi_core_u_trip.n730          9.32614e-28
xchip.xi_core_u_trip.n733          8.29293e-22
xchip.xi_core_u_trip.n734           4.9073e-23
xchip.xi_core_u_trip.n713           1.1749e-27
xchip.xi_core_u_trip.n735          1.17577e-27
xchip.xi_core_u_trip.n737          8.29293e-22
xchip.xi_core_u_trip.n742          2.10193e-23
xchip.xi_core_u_trip.n720           7.5019e-28
xchip.xi_core_u_trip.n743          7.52711e-28
xchip.xi_core_u_trip.n745          2.31672e-22
xchip.xi_core_u_trip.n746          2.10197e-23
xchip.xi_core_u_trip.n723          1.01566e-27
xchip.xi_core_u_trip.n747          1.01728e-27
xchip.xi_core_u_trip.n749          2.31672e-22
xchip.xi_core_u_trip.n750          2.02447e-22
xchip.xi_core_u_trip.n778          4.90726e-23
xchip.xi_core_u_trip.n751          4.90728e-23
xchip.xi_core_u_trip.n732          1.11238e-27
xchip.xi_core_u_trip.n763           1.1107e-27
xchip.xi_core_u_trip.n752          2.02447e-22
xchip.xi_core_u_trip.n782           4.9073e-23
xchip.xi_core_u_trip.n753          4.90731e-23
xchip.xi_core_u_trip.n736          1.19378e-27
xchip.xi_core_u_trip.n765          1.19418e-27
xchip.xi_core_u_trip.n754          7.73098e-23
xchip.xi_core_u_trip.n790          2.10193e-23
xchip.xi_core_u_trip.n755          2.10195e-23
xchip.xi_core_u_trip.n744           9.2765e-28
xchip.xi_core_u_trip.n771          9.25678e-28
xchip.xi_core_u_trip.n756          7.73098e-23
xchip.xi_core_u_trip.n794          2.10197e-23
xchip.xi_core_u_trip.n757          2.10199e-23
xchip.xi_core_u_trip.n748          1.12201e-27
xchip.xi_core_u_trip.n773          1.12094e-27
xchip.xi_core_u_trip.n762          9.35543e-28
xchip.xi_core_u_trip.n779          9.38455e-28
xchip.xi_core_u_trip.n781          2.02447e-22
xchip.xi_core_u_trip.n798          4.90728e-23
xchip.xi_core_u_trip.n764          1.17662e-27
xchip.xi_core_u_trip.n783          1.17746e-27
xchip.xi_core_u_trip.n785          2.02447e-22
xchip.xi_core_u_trip.n799          4.90731e-23
xchip.xi_core_u_trip.n770          7.55224e-28
xchip.xi_core_u_trip.n791          7.57731e-28
xchip.xi_core_u_trip.n793          7.73098e-23
xchip.xi_core_u_trip.n800          2.10195e-23
xchip.xi_core_u_trip.n772           1.0189e-27
xchip.xi_core_u_trip.n795           1.0205e-27
xchip.xi_core_u_trip.n797          7.73097e-23
xchip.xi_core_u_trip.n801          2.10199e-23
xchip.xi_core_u_trip.n807          2.02447e-22
xchip.xi_core_u_trip.n784          1.19455e-27
xchip.xi_core_u_trip.n811          1.19491e-27
xchip.xi_core_u_trip.n817          7.73098e-23
xchip.xi_core_u_trip.n792          9.23698e-28
xchip.xi_core_u_trip.n818          9.21712e-28
xchip.xi_core_u_trip.n820          7.73098e-23
xchip.xi_core_u_trip.n796          1.11986e-27
xchip.xi_core_u_trip.n821          1.11877e-27
xchip.xi_core_u_trip.n780            1.109e-27
xchip.xi_core_u_trip.n808          1.10729e-27
xchip.xi_core_u_trip.n810          2.02447e-22
xchip.xi_core_u_trip.n826          4.90726e-23
xchip.xi_core_u_trip.n806          9.41351e-28
xchip.xi_core_u_trip.n827          9.44231e-28
xchip.xi_core_u_trip.n829          2.02447e-22
xchip.xi_core_u_trip.n830           4.9073e-23
xchip.xi_core_u_trip.n809          1.17828e-27
xchip.xi_core_u_trip.n831          1.17909e-27
xchip.xi_core_u_trip.n833          2.02447e-22
xchip.xi_core_u_trip.n838          2.10193e-23
xchip.xi_core_u_trip.n816           7.6023e-28
xchip.xi_core_u_trip.n839          7.62723e-28
xchip.xi_core_u_trip.n841          7.73098e-23
xchip.xi_core_u_trip.n842          2.10197e-23
xchip.xi_core_u_trip.n819           1.0221e-27
xchip.xi_core_u_trip.n843           1.0237e-27
xchip.xi_core_u_trip.n845          7.73097e-23
xchip.xi_core_u_trip.n866          4.90726e-23
xchip.xi_core_u_trip.n846          4.90728e-23
xchip.xi_core_u_trip.n828          1.10556e-27
xchip.xi_core_u_trip.n855          1.10381e-27
xchip.xi_core_u_trip.n847          4.90731e-23
xchip.xi_core_u_trip.n832          1.19526e-27
xchip.xi_core_u_trip.n857          1.19559e-27
xchip.xi_core_u_trip.n868          2.10193e-23
xchip.xi_core_u_trip.n848          2.10195e-23
xchip.xi_core_u_trip.n840          9.19719e-28
xchip.xi_core_u_trip.n863          9.17719e-28
xchip.xi_core_u_trip.n869          2.10197e-23
xchip.xi_core_u_trip.n849          2.10199e-23
xchip.xi_core_u_trip.n844          1.11768e-27
xchip.xi_core_u_trip.n865          1.11658e-27
xchip.xi_core_u_trip.n867           4.9073e-23
xchip.xi_core_u_trip.n854          9.47094e-28
xchip.xi_core_u_trip.n874          9.49942e-28
xchip.xi_core_u_trip.n887          4.90728e-23
xchip.xi_core_u_trip.n856          1.17988e-27
xchip.xi_core_u_trip.n876          1.18065e-27
xchip.xi_core_u_trip.n889          4.90731e-23
xchip.xi_core_u_trip.n862          7.65208e-28
xchip.xi_core_u_trip.n882          7.67687e-28
xchip.xi_core_u_trip.n891          2.10195e-23
xchip.xi_core_u_trip.n864          1.02528e-27
xchip.xi_core_u_trip.n884          1.02686e-27
xchip.xi_core_u_trip.n893          2.10199e-23
xchip.xi_core_u_trip.n886          2.10566e-19
xchip.xi_core_u_trip.n1276         2.83442e-20
xchip.xi_core_u_trip.n875          1.10205e-27
xchip.xi_core_u_trip.n899          1.10027e-27
xchip.xi_core_u_trip.n888          2.10566e-19
xchip.xi_core_u_trip.n1278         2.83442e-20
xchip.xi_core_u_trip.n877           1.1959e-27
xchip.xi_core_u_trip.n901          1.19619e-27
xchip.xi_core_u_trip.n890          2.23098e-20
xchip.xi_core_u_trip.n1280         2.92497e-21
xchip.xi_core_u_trip.n883          9.15712e-28
xchip.xi_core_u_trip.n907          9.13698e-28
xchip.xi_core_u_trip.n892          2.23098e-20
xchip.xi_core_u_trip.n1282         2.92497e-21
xchip.xi_core_u_trip.n885          1.11547e-27
xchip.xi_core_u_trip.n909          1.11436e-27
xchip.xi_core_u_trip.n914          4.90726e-23
xchip.xi_core_u_trip.n898          9.52773e-28
xchip.xi_core_u_trip.n915          9.55588e-28
xchip.xi_core_u_trip.n917          2.10566e-19
xchip.xi_core_u_trip.n1305         2.83442e-20
xchip.xi_core_u_trip.n918           4.9073e-23
xchip.xi_core_u_trip.n900          1.18141e-27
xchip.xi_core_u_trip.n919          1.18215e-27
xchip.xi_core_u_trip.n921          2.10566e-19
xchip.xi_core_u_trip.n1307         2.83442e-20
xchip.xi_core_u_trip.n927          2.10193e-23
xchip.xi_core_u_trip.n906          7.70158e-28
xchip.xi_core_u_trip.n926          7.72622e-28
xchip.xi_core_u_trip.n929          2.23098e-20
xchip.xi_core_u_trip.n1309         2.92497e-21
xchip.xi_core_u_trip.n930          2.10197e-23
xchip.xi_core_u_trip.n908          1.02843e-27
xchip.xi_core_u_trip.n931          1.02999e-27
xchip.xi_core_u_trip.n933          2.23098e-20
xchip.xi_core_u_trip.n1311         2.92497e-21
xchip.xi_core_u_trip.n934          2.02447e-22
xchip.xi_core_u_trip.n962          4.90726e-23
xchip.xi_core_u_trip.n936          2.02447e-22
xchip.xi_core_u_trip.n965           4.9073e-23
xchip.xi_core_u_trip.n937          4.90731e-23
xchip.xi_core_u_trip.n920          1.19647e-27
xchip.xi_core_u_trip.n949          1.19673e-27
xchip.xi_core_u_trip.n939          2.10195e-23
xchip.xi_core_u_trip.n928          9.11676e-28
xchip.xi_core_u_trip.n955          9.09648e-28
xchip.xi_core_u_trip.n940          7.73098e-23
xchip.xi_core_u_trip.n977          2.10197e-23
xchip.xi_core_u_trip.n941          2.10199e-23
xchip.xi_core_u_trip.n932          1.11324e-27
xchip.xi_core_u_trip.n957          1.11211e-27
xchip.xi_core_u_trip.n935          4.90728e-23
xchip.xi_core_u_trip.n916          1.09848e-27
xchip.xi_core_u_trip.n947          1.09667e-27
xchip.xi_core_u_trip.n938          7.73098e-23
xchip.xi_core_u_trip.n973          2.10193e-23
xchip.xi_core_u_trip.n946          9.58386e-28
xchip.xi_core_u_trip.n961          9.61169e-28
xchip.xi_core_u_trip.n964          2.02447e-22
xchip.xi_core_u_trip.n985          4.90728e-23
xchip.xi_core_u_trip.n948          1.18288e-27
xchip.xi_core_u_trip.n966          1.18359e-27
xchip.xi_core_u_trip.n968          2.02447e-22
xchip.xi_core_u_trip.n987          4.90731e-23
xchip.xi_core_u_trip.n954           7.7508e-28
xchip.xi_core_u_trip.n974           7.7753e-28
xchip.xi_core_u_trip.n976          7.73098e-23
xchip.xi_core_u_trip.n989          2.10195e-23
xchip.xi_core_u_trip.n956          1.03155e-27
xchip.xi_core_u_trip.n978           1.0331e-27
xchip.xi_core_u_trip.n980          7.73097e-23
xchip.xi_core_u_trip.n991          2.10198e-23
xchip.xi_core_u_trip.n969           1.6034e-18
xchip.xi_core_u_trip.n981          2.12161e-19
xchip.xi_core_u_trip.n984          8.29293e-22
xchip.xi_core_u_trip.n997          2.02447e-22
xchip.xi_core_u_trip.n963          1.09484e-27
xchip.xi_core_u_trip.n998            1.093e-27
xchip.xi_core_u_trip.n986          8.29293e-22
xchip.xi_core_u_trip.n1000         2.02447e-22
xchip.xi_core_u_trip.n967          1.19698e-27
xchip.xi_core_u_trip.n1001         1.19721e-27
xchip.xi_core_u_trip.n975          9.07613e-28
xchip.xi_core_u_trip.n1008          9.0557e-28
xchip.xi_core_u_trip.n990          2.31672e-22
xchip.xi_core_u_trip.n1010         7.73098e-23
xchip.xi_core_u_trip.n979          1.11097e-27
xchip.xi_core_u_trip.n1011         1.10983e-27
xchip.xi_core_u_trip.n988          2.31672e-22
xchip.xi_core_u_trip.n1007         7.73098e-23
xchip.xi_core_u_trip.n1016         4.90726e-23
xchip.xi_core_u_trip.n996          9.63935e-28
xchip.xi_core_u_trip.n1017         9.66686e-28
xchip.xi_core_u_trip.n1019         8.29293e-22
xchip.xi_core_u_trip.n1020         2.02447e-22
xchip.xi_core_u_trip.n1022          4.9073e-23
xchip.xi_core_u_trip.n999          1.18428e-27
xchip.xi_core_u_trip.n1021         1.18495e-27
xchip.xi_core_u_trip.n1023         8.29293e-22
xchip.xi_core_u_trip.n1024         2.02447e-22
xchip.xi_core_u_trip.n1028         2.10193e-23
xchip.xi_core_u_trip.n1006         7.79973e-28
xchip.xi_core_u_trip.n1029         7.82409e-28
xchip.xi_core_u_trip.n1031         2.31672e-22
xchip.xi_core_u_trip.n1032         7.73098e-23
xchip.xi_core_u_trip.n1033         2.10197e-23
xchip.xi_core_u_trip.n1009         1.03464e-27
xchip.xi_core_u_trip.n1034         1.03618e-27
xchip.xi_core_u_trip.n1036         2.31672e-22
xchip.xi_core_u_trip.n1037         7.73097e-23
xchip.xi_core_u_trip.vth_soft      6.32787e-18
xchip.xi_core_u_trip.n1051          1.6034e-18
xchip.xi_core_u_trip.vth_hard      2.09974e-18
xchip.xi_core_u_trip.n1061         2.12161e-19
xchip.xi_core_u_trip.n1064         4.90726e-23
xchip.xi_core_u_trip.n1046         4.90728e-23
xchip.xi_core_u_trip.n1018         1.09114e-27
xchip.xi_core_u_trip.n1047         1.08926e-27
xchip.xi_core_u_trip.n1065          4.9073e-23
xchip.xi_core_u_trip.n1049         4.90731e-23
xchip.xi_core_u_trip.n1039         1.19743e-27
xchip.xi_core_u_trip.n1050         1.19763e-27
xchip.xi_core_u_trip.n1067         2.10197e-23
xchip.xi_core_u_trip.n1059         2.10198e-23
xchip.xi_core_u_trip.n1035         1.10868e-27
xchip.xi_core_u_trip.n1060         1.10753e-27
xchip.xi_core_u_trip.n1066         2.10193e-23
xchip.xi_core_u_trip.n1056         2.10195e-23
xchip.xi_core_u_trip.n1030         9.03521e-28
xchip.xi_core_u_trip.n1057         9.01464e-28
xchip.xi_core_u_trip.n1062         9.69419e-28
xchip.xi_core_u_trip.n1072         9.72137e-28
xchip.xi_core_u_trip.n1085         4.90728e-23
xchip.xi_core_u_trip.n1048         1.18561e-27
xchip.xi_core_u_trip.n1074         1.18626e-27
xchip.xi_core_u_trip.n1087         4.90731e-23
xchip.xi_core_u_trip.n1063         7.84839e-28
xchip.xi_core_u_trip.n1080         7.87261e-28
xchip.xi_core_u_trip.n1089         2.10195e-23
xchip.xi_core_u_trip.n1058         1.03771e-27
xchip.xi_core_u_trip.n1082         1.03923e-27
xchip.xi_core_u_trip.n1091         2.10198e-23
xchip.xi_core_u_trip.n1084         4.28901e-21
xchip.xi_core_u_trip.n1097         8.29293e-22
xchip.xi_core_u_trip.n1073         1.08737e-27
xchip.xi_core_u_trip.n1098         1.08546e-27
xchip.xi_core_u_trip.n1086         4.28901e-21
xchip.xi_core_u_trip.n1100         8.29293e-22
xchip.xi_core_u_trip.n1075         1.19781e-27
xchip.xi_core_u_trip.n1101         1.19797e-27
xchip.xi_core_u_trip.n1081         8.99401e-28
xchip.xi_core_u_trip.n1108         8.97331e-28
xchip.xi_core_u_trip.n1090         6.87584e-22
xchip.xi_core_u_trip.n1110         2.31672e-22
xchip.xi_core_u_trip.n1083         1.10636e-27
xchip.xi_core_u_trip.n1111         1.10519e-27
xchip.xi_core_u_trip.n1088         6.87584e-22
xchip.xi_core_u_trip.n1107         2.31672e-22
xchip.xi_core_u_trip.n1116         4.90726e-23
xchip.xi_core_u_trip.n1096         9.74839e-28
xchip.xi_core_u_trip.n1117         9.77524e-28
xchip.xi_core_u_trip.n1119         4.28901e-21
xchip.xi_core_u_trip.n1120         8.29293e-22
xchip.xi_core_u_trip.n1121          4.9073e-23
xchip.xi_core_u_trip.n1099         1.18689e-27
xchip.xi_core_u_trip.n1122          1.1875e-27
xchip.xi_core_u_trip.n1124         4.28901e-21
xchip.xi_core_u_trip.n1125         8.29293e-22
xchip.xi_core_u_trip.n1130         2.10193e-23
xchip.xi_core_u_trip.n1106         7.89676e-28
xchip.xi_core_u_trip.n1131         7.92084e-28
xchip.xi_core_u_trip.n1133         6.87584e-22
xchip.xi_core_u_trip.n1134         2.31672e-22
xchip.xi_core_u_trip.n1135         2.10197e-23
xchip.xi_core_u_trip.n1109         1.04075e-27
xchip.xi_core_u_trip.n1136         1.04225e-27
xchip.xi_core_u_trip.n1138         6.87584e-22
xchip.xi_core_u_trip.n1139         2.31672e-22
xchip.xi_core_u_trip.n1140         2.02447e-22
xchip.xi_core_u_trip.n1168         4.90727e-23
xchip.xi_core_u_trip.n1141         4.90728e-23
xchip.xi_core_u_trip.n1118         1.08354e-27
xchip.xi_core_u_trip.n1153          1.0816e-27
xchip.xi_core_u_trip.n1142         2.02447e-22
xchip.xi_core_u_trip.n1172          4.9073e-23
xchip.xi_core_u_trip.n1143         4.90731e-23
xchip.xi_core_u_trip.n1123         1.19812e-27
xchip.xi_core_u_trip.n1155         1.19826e-27
xchip.xi_core_u_trip.n1144         7.73098e-23
xchip.xi_core_u_trip.n1180         2.10193e-23
xchip.xi_core_u_trip.n1145         2.10195e-23
xchip.xi_core_u_trip.n1132         8.95253e-28
xchip.xi_core_u_trip.n1161         8.93168e-28
xchip.xi_core_u_trip.n1146         7.73098e-23
xchip.xi_core_u_trip.n1184         2.10197e-23
xchip.xi_core_u_trip.n1147         2.10198e-23
xchip.xi_core_u_trip.n1137         1.10401e-27
xchip.xi_core_u_trip.n1163         1.10283e-27
xchip.xi_core_u_trip.n1152         9.80193e-28
xchip.xi_core_u_trip.n1169         9.82846e-28
xchip.xi_core_u_trip.n1171         2.02447e-22
xchip.xi_core_u_trip.n1188         4.90728e-23
xchip.xi_core_u_trip.n1154         1.18809e-27
xchip.xi_core_u_trip.n1173         1.18867e-27
xchip.xi_core_u_trip.n1175         2.02447e-22
xchip.xi_core_u_trip.n1189         4.90731e-23
xchip.xi_core_u_trip.n1160         7.94485e-28
xchip.xi_core_u_trip.n1181         7.96879e-28
xchip.xi_core_u_trip.n1183         7.73098e-23
xchip.xi_core_u_trip.n1190         2.10195e-23
xchip.xi_core_u_trip.n1162         1.04376e-27
xchip.xi_core_u_trip.n1185         1.04525e-27
xchip.xi_core_u_trip.n1187         7.73097e-23
xchip.xi_core_u_trip.n1191         2.10198e-23
xchip.xi_core_u_trip.n1197         2.02447e-22
xchip.xi_core_u_trip.n1200         2.02447e-22
xchip.xi_core_u_trip.n1174         1.19837e-27
xchip.xi_core_u_trip.n1201         1.19848e-27
xchip.xi_core_u_trip.n1207         7.73098e-23
xchip.xi_core_u_trip.n1182         8.91077e-28
xchip.xi_core_u_trip.n1208         8.88978e-28
xchip.xi_core_u_trip.n1210         7.73098e-23
xchip.xi_core_u_trip.n1170         1.07964e-27
xchip.xi_core_u_trip.n1198         1.07767e-27
xchip.xi_core_u_trip.n1186         1.10164e-27
xchip.xi_core_u_trip.n1211         1.10044e-27
xchip.xi_core_u_trip.n1216         4.90727e-23
xchip.xi_core_u_trip.n1196         9.85483e-28
xchip.xi_core_u_trip.n1217         9.88104e-28
xchip.xi_core_u_trip.n1219         2.02447e-22
xchip.xi_core_u_trip.n1220          4.9073e-23
xchip.xi_core_u_trip.n1199         1.18924e-27
xchip.xi_core_u_trip.n1221         1.18978e-27
xchip.xi_core_u_trip.n1223         2.02447e-22
xchip.xi_core_u_trip.n1228         2.10193e-23
xchip.xi_core_u_trip.n1206         7.99266e-28
xchip.xi_core_u_trip.n1229         8.01646e-28
xchip.xi_core_u_trip.n1231         7.73098e-23
xchip.xi_core_u_trip.n1233         2.10197e-23
xchip.xi_core_u_trip.n1209         1.04674e-27
xchip.xi_core_u_trip.n1232         1.04822e-27
xchip.xi_core_u_trip.n1235         7.73097e-23
xchip.xi_core_u_trip.n1256         4.90727e-23
xchip.xi_core_u_trip.n1237         4.90731e-23
xchip.xi_core_u_trip.n1222         1.19856e-27
xchip.xi_core_u_trip.n1247         1.19863e-27
xchip.xi_core_u_trip.n1258         2.10193e-23
xchip.xi_core_u_trip.n1238         2.10194e-23
xchip.xi_core_u_trip.n1230         8.86873e-28
xchip.xi_core_u_trip.n1253          8.8476e-28
xchip.xi_core_u_trip.n1259         2.10197e-23
xchip.xi_core_u_trip.n1239         2.10198e-23
xchip.xi_core_u_trip.n1234         1.09923e-27
xchip.xi_core_u_trip.n1255         1.09802e-27
xchip.xi_core_u_trip.n1236         4.90728e-23
xchip.xi_core_u_trip.n1218         1.07568e-27
xchip.xi_core_u_trip.n1245         1.07368e-27
xchip.xi_core_u_trip.n1257          4.9073e-23
xchip.xi_core_u_trip.n1244         9.90708e-28
xchip.xi_core_u_trip.n1264         9.93296e-28
xchip.xi_core_u_trip.n1277         4.90728e-23
xchip.xi_core_u_trip.n1246         1.19031e-27
xchip.xi_core_u_trip.n1266         1.19083e-27
xchip.xi_core_u_trip.n1279         4.90731e-23
xchip.xi_core_u_trip.n1252         8.04019e-28
xchip.xi_core_u_trip.n1272         8.06385e-28
xchip.xi_core_u_trip.n1281         2.10194e-23
xchip.xi_core_u_trip.n1254         1.04969e-27
xchip.xi_core_u_trip.n1274         1.05115e-27
xchip.xi_core_u_trip.n1283         2.10198e-23
xchip.xi_core_u_trip.n1289         4.28901e-21
xchip.xi_core_u_trip.n1267         1.19868e-27
xchip.xi_core_u_trip.n1293         1.19872e-27
xchip.xi_core_u_trip.n1299         6.87584e-22
xchip.xi_core_u_trip.n1273          8.8264e-28
xchip.xi_core_u_trip.n1300         8.80513e-28
xchip.xi_core_u_trip.n1302         6.87584e-22
xchip.xi_core_u_trip.n1275          1.0968e-27
xchip.xi_core_u_trip.n1303         1.09558e-27
xchip.xi_core_u_trip.n1265         1.07165e-27
xchip.xi_core_u_trip.n1290         1.06962e-27
xchip.xi_core_u_trip.n1292         4.28901e-21
xchip.xi_core_u_trip.n1304         4.90727e-23
xchip.xi_core_u_trip.n1288         9.95868e-28
xchip.xi_core_u_trip.n1316         9.98424e-28
xchip.xi_core_u_trip.n1318         4.28901e-21
xchip.xi_core_u_trip.n1306          4.9073e-23
xchip.xi_core_u_trip.n1291         1.19133e-27
xchip.xi_core_u_trip.n1319         1.19181e-27
xchip.xi_core_u_trip.n1321         4.28901e-21
xchip.xi_core_u_trip.n1308         2.10193e-23
xchip.xi_core_u_trip.n1298         8.08744e-28
xchip.xi_core_u_trip.n1326         8.11095e-28
xchip.xi_core_u_trip.n1328         6.87584e-22
xchip.xi_core_u_trip.n1310         2.10197e-23
xchip.xi_core_u_trip.n1301         1.05261e-27
xchip.xi_core_u_trip.n1329         1.05406e-27
xchip.xi_core_u_trip.n1331         6.87584e-22
xchip.xi_core_u_trip.n1332         2.02447e-22
xchip.xi_core_u_trip.n1356         4.90727e-23
xchip.xi_core_u_trip.n1333         4.90728e-23
xchip.xi_core_u_trip.n1317         1.06756e-27
xchip.xi_core_u_trip.n1345         1.06549e-27
xchip.xi_core_u_trip.n1335         4.90731e-23
xchip.xi_core_u_trip.n1320         1.19874e-27
xchip.xi_core_u_trip.n1347         1.19874e-27
xchip.xi_core_u_trip.n1336         7.73098e-23
xchip.xi_core_u_trip.n1360         2.10193e-23
xchip.xi_core_u_trip.n1337         2.10194e-23
xchip.xi_core_u_trip.n1327          8.7838e-28
xchip.xi_core_u_trip.n1353         8.76239e-28
xchip.xi_core_u_trip.n1338         7.73098e-23
xchip.xi_core_u_trip.n1362         2.10197e-23
xchip.xi_core_u_trip.n1339         2.10198e-23
xchip.xi_core_u_trip.n1330         1.09434e-27
xchip.xi_core_u_trip.n1355          1.0931e-27
xchip.xi_core_u_trip.n1334         2.02447e-22
xchip.xi_core_u_trip.n1358          4.9073e-23
xchip.xi_core_u_trip.n1344         1.00096e-27
xchip.xi_core_u_trip.n1368         1.00349e-27
xchip.xi_core_u_trip.n1357         2.02447e-22
xchip.xi_core_u_trip.n1381         4.90728e-23
xchip.xi_core_u_trip.n1346         1.19227e-27
xchip.xi_core_u_trip.n1370         1.19272e-27
xchip.xi_core_u_trip.n1359         2.02447e-22
xchip.xi_core_u_trip.n1383         4.90731e-23
xchip.xi_core_u_trip.n1352          8.1344e-28
xchip.xi_core_u_trip.n1376         8.15778e-28
xchip.xi_core_u_trip.n1361         7.73098e-23
xchip.xi_core_u_trip.n1385         2.10194e-23
xchip.xi_core_u_trip.n1354         1.05551e-27
xchip.xi_core_u_trip.n1378         1.05695e-27
xchip.xi_core_u_trip.n1363         7.73097e-23
xchip.xi_core_u_trip.n1387         2.10198e-23
xchip.xi_core_u_trip.n1380         8.29293e-22
xchip.xi_core_u_trip.n1393         2.02447e-22
xchip.xi_core_u_trip.n1369         1.06341e-27
xchip.xi_core_u_trip.n1394         1.06131e-27
xchip.xi_core_u_trip.n1382         8.29293e-22
xchip.xi_core_u_trip.n1396         2.02447e-22
xchip.xi_core_u_trip.n1371         1.19873e-27
xchip.xi_core_u_trip.n1397          1.1987e-27
xchip.xi_core_u_trip.n1384         2.31672e-22
xchip.xi_core_u_trip.n1403         7.73098e-23
xchip.xi_core_u_trip.n1377         8.74091e-28
xchip.xi_core_u_trip.n1404         8.71936e-28
xchip.xi_core_u_trip.n1386         2.31672e-22
xchip.xi_core_u_trip.n1406         7.73098e-23
xchip.xi_core_u_trip.n1379         1.09185e-27
xchip.xi_core_u_trip.n1407          1.0906e-27
xchip.xi_core_u_trip.n1408         4.90727e-23
xchip.xi_core_u_trip.n1392         1.00599e-27
xchip.xi_core_u_trip.n1420         1.00848e-27
xchip.xi_core_u_trip.n1409         8.29293e-22
xchip.xi_core_u_trip.n1422         2.02447e-22
xchip.xi_core_u_trip.n1410          4.9073e-23
xchip.xi_core_u_trip.n1395         1.19316e-27
xchip.xi_core_u_trip.n1423         1.19357e-27
xchip.xi_core_u_trip.n1411         8.29293e-22
xchip.xi_core_u_trip.n1425         2.02447e-22
xchip.xi_core_u_trip.n1412         2.10194e-23
xchip.xi_core_u_trip.n1402         8.18109e-28
xchip.xi_core_u_trip.n1430         8.20432e-28
xchip.xi_core_u_trip.n1413         2.31672e-22
xchip.xi_core_u_trip.n1432         7.73098e-23
xchip.xi_core_u_trip.n1414         2.10197e-23
xchip.xi_core_u_trip.n1405         1.05838e-27
xchip.xi_core_u_trip.n1433          1.0598e-27
xchip.xi_core_u_trip.n1415         2.31672e-22
xchip.xi_core_u_trip.n1435         7.73097e-23
xchip.xi_core_u_trip.n1456         4.90727e-23
xchip.xi_core_u_trip.n1437         4.90731e-23
xchip.xi_core_u_trip.n1424         1.19866e-27
xchip.xi_core_u_trip.n1447          1.1986e-27
xchip.xi_core_u_trip.n1458         2.10194e-23
xchip.xi_core_u_trip.n1438         2.10194e-23
xchip.xi_core_u_trip.n1431         8.69774e-28
xchip.xi_core_u_trip.n1453         8.67605e-28
xchip.xi_core_u_trip.n1459         2.10197e-23
xchip.xi_core_u_trip.n1439         2.10198e-23
xchip.xi_core_u_trip.n1434         1.08934e-27
xchip.xi_core_u_trip.n1455         1.08807e-27
xchip.xi_core_u_trip.n1436         4.90728e-23
xchip.xi_core_u_trip.n1421         1.05919e-27
xchip.xi_core_u_trip.n1445         1.05705e-27
xchip.xi_core_u_trip.n1457          4.9073e-23
xchip.xi_core_u_trip.n1444         1.01096e-27
xchip.xi_core_u_trip.n1464         1.01342e-27
xchip.xi_core_u_trip.n1482         4.90728e-23
xchip.xi_core_u_trip.n1446         1.19398e-27
xchip.xi_core_u_trip.n1466         1.19436e-27
xchip.xi_core_u_trip.n1486         4.90731e-23
xchip.xi_core_u_trip.n1452         8.22749e-28
xchip.xi_core_u_trip.n1472         8.25059e-28
xchip.xi_core_u_trip.n1494         2.10194e-23
xchip.xi_core_u_trip.n1454         1.06122e-27
xchip.xi_core_u_trip.n1474         1.06263e-27
xchip.xi_core_u_trip.n1498         2.10198e-23
xchip.xi_core_u_trip.n1481         8.29293e-22
xchip.xi_core_u_trip.n1485         8.29293e-22
xchip.xi_core_u_trip.n1467         1.19852e-27
xchip.xi_core_u_trip.n1487         1.19843e-27
xchip.xi_core_u_trip.n1493         2.31672e-22
xchip.xi_core_u_trip.n1473         8.65429e-28
xchip.xi_core_u_trip.n1495         8.63246e-28
xchip.xi_core_u_trip.n1497         2.31672e-22
xchip.xi_core_u_trip.n1475         1.08679e-27
xchip.xi_core_u_trip.n1499         1.08551e-27
xchip.xi_core_u_trip.n1465          1.0549e-27
xchip.xi_core_u_trip.n1483         1.05273e-27
xchip.xi_core_u_trip.n1500         4.90727e-23
xchip.xi_core_u_trip.n1480         1.01586e-27
xchip.xi_core_u_trip.n1508         1.01829e-27
xchip.xi_core_u_trip.n1510         8.29293e-22
xchip.xi_core_u_trip.n1501         4.90731e-23
xchip.xi_core_u_trip.n1484         1.19473e-27
xchip.xi_core_u_trip.n1511         1.19508e-27
xchip.xi_core_u_trip.n1513         8.29293e-22
xchip.xi_core_u_trip.n1502         2.10194e-23
xchip.xi_core_u_trip.n1492         8.27361e-28
xchip.xi_core_u_trip.n1518         8.29657e-28
xchip.xi_core_u_trip.n1520         2.31672e-22
xchip.xi_core_u_trip.n1503         2.10198e-23
xchip.xi_core_u_trip.n1496         1.06403e-27
xchip.xi_core_u_trip.n1521         1.06542e-27
xchip.xi_core_u_trip.n1523         2.31672e-22
xchip.xi_core_u_trip.n1524         2.02447e-22
xchip.xi_core_u_trip.n1547         4.90727e-23
xchip.xi_core_u_trip.n1526         2.02447e-22
xchip.xi_core_u_trip.n1549         4.90731e-23
xchip.xi_core_u_trip.n1527         4.90731e-23
xchip.xi_core_u_trip.n1512         1.19832e-27
xchip.xi_core_u_trip.n1539         1.19819e-27
xchip.xi_core_u_trip.n1528         7.73098e-23
xchip.xi_core_u_trip.n1552         2.10194e-23
xchip.xi_core_u_trip.n1529         2.10194e-23
xchip.xi_core_u_trip.n1519         8.61056e-28
xchip.xi_core_u_trip.n1544         8.58859e-28
xchip.xi_core_u_trip.n1530         7.73098e-23
xchip.xi_core_u_trip.n1554         2.10198e-23
xchip.xi_core_u_trip.n1525         4.90727e-23
xchip.xi_core_u_trip.n1509         1.05055e-27
xchip.xi_core_u_trip.n1537         1.04835e-27
xchip.xi_core_u_trip.n1531         2.10198e-23
xchip.xi_core_u_trip.n1522         1.08422e-27
xchip.xi_core_u_trip.n1546         1.08292e-27
xchip.xi_core_u_trip.n1536          1.0207e-27
xchip.xi_core_u_trip.n1560         1.02309e-27
xchip.xi_core_u_trip.n1548         2.02447e-22
xchip.xi_core_u_trip.n1572         4.90727e-23
xchip.xi_core_u_trip.n1538         1.19542e-27
xchip.xi_core_u_trip.n1562         1.19574e-27
xchip.xi_core_u_trip.n1550         2.02447e-22
xchip.xi_core_u_trip.n1573         4.90731e-23
xchip.xi_core_u_trip.n1551         8.31945e-28
xchip.xi_core_u_trip.n1568         8.34227e-28
xchip.xi_core_u_trip.n1553         7.73098e-23
xchip.xi_core_u_trip.n1574         2.10194e-23
xchip.xi_core_u_trip.n1545         1.06681e-27
xchip.xi_core_u_trip.n1570         1.06819e-27
xchip.xi_core_u_trip.n1555         7.73097e-23
xchip.xi_core_u_trip.n1575         2.10198e-23
xchip.xi_core_u_trip.n1581         2.02447e-22
xchip.xi_core_u_trip.n1563         1.19805e-27
xchip.xi_core_u_trip.n1585         1.19789e-27
xchip.xi_core_u_trip.n1591         7.73098e-23
xchip.xi_core_u_trip.n1569         8.56655e-28
xchip.xi_core_u_trip.n1592         8.54444e-28
xchip.xi_core_u_trip.n1594         7.73098e-23
xchip.xi_core_u_trip.n1571         1.08162e-27
xchip.xi_core_u_trip.n1595         1.08031e-27
xchip.xi_core_u_trip.n1561         1.04614e-27
xchip.xi_core_u_trip.n1582         1.04391e-27
xchip.xi_core_u_trip.n1584         2.02447e-22
xchip.xi_core_u_trip.n1600         4.90727e-23
xchip.xi_core_u_trip.n1580         1.02547e-27
xchip.xi_core_u_trip.n1601         1.02783e-27
xchip.xi_core_u_trip.n1603         2.02447e-22
xchip.xi_core_u_trip.n1604         4.90731e-23
xchip.xi_core_u_trip.n1583         1.19604e-27
xchip.xi_core_u_trip.n1605         1.19633e-27
xchip.xi_core_u_trip.n1607         2.02447e-22
xchip.xi_core_u_trip.n1613         2.10194e-23
xchip.xi_core_u_trip.n1590         8.36501e-28
xchip.xi_core_u_trip.n1612         8.38769e-28
xchip.xi_core_u_trip.n1615         7.73098e-23
xchip.xi_core_u_trip.n1617         2.10198e-23
xchip.xi_core_u_trip.n1593         1.06957e-27
xchip.xi_core_u_trip.n1616         1.07094e-27
xchip.xi_core_u_trip.n1619         7.73097e-23
xchip.xi_core_u_trip.n1640         4.90727e-23
xchip.xi_core_u_trip.n1620         4.90727e-23
xchip.xi_core_u_trip.n1602         1.04166e-27
xchip.xi_core_u_trip.n1629         1.03939e-27
xchip.xi_core_u_trip.n1641         4.90731e-23
xchip.xi_core_u_trip.n1621         4.90731e-23
xchip.xi_core_u_trip.n1606         1.19772e-27
xchip.xi_core_u_trip.n1631         1.19753e-27
xchip.xi_core_u_trip.n1642         2.10194e-23
xchip.xi_core_u_trip.n1622         2.10194e-23
xchip.xi_core_u_trip.n1614         8.52225e-28
xchip.xi_core_u_trip.n1637             8.5e-28
xchip.xi_core_u_trip.n1643         2.10198e-23
xchip.xi_core_u_trip.n1623         2.10198e-23
xchip.xi_core_u_trip.n1618         1.07899e-27
xchip.xi_core_u_trip.n1639         1.07767e-27
xchip.xi_core_u_trip.n1628         1.03017e-27
xchip.xi_core_u_trip.n1648          1.0325e-27
xchip.xi_core_u_trip.n1662         4.90727e-23
xchip.xi_core_u_trip.n1630          1.1966e-27
xchip.xi_core_u_trip.n1650         1.19686e-27
xchip.xi_core_u_trip.n1663         4.90731e-23
xchip.xi_core_u_trip.n1636         8.41029e-28
xchip.xi_core_u_trip.n1656         8.43282e-28
xchip.xi_core_u_trip.n1664         2.10194e-23
xchip.xi_core_u_trip.n1638          1.0723e-27
xchip.xi_core_u_trip.n1658         1.07365e-27
xchip.xi_core_u_trip.n1665         2.10198e-23
xchip.xi_core_u_trip.n1649         1.03711e-27
xchip.xi_core_u_trip.n1666         1.03482e-27
xchip.xi_core_u_trip.n1651         1.19732e-27
xchip.xi_core_u_trip.n1667          1.1971e-27
xchip.xi_core_u_trip.n1657         8.47768e-28
xchip.xi_core_u_trip.n1670         8.45529e-28
xchip.xi_core_u_trip.n1659         1.07633e-27
xchip.xi_core_u_trip.n1671         1.07499e-27
xchip.xi_core_u_trip.n1695          1.5332e-23
xchip.xi_core_u_trip.n1688         3.16368e-20
xchip.xi_core_u_trip.n1689         3.71336e-17
xchip.xi_core_u_trip.n1691         1.88819e-16
xchip.xi_core_u_trip.n1693         3.76088e-17
xchip.xi_core_u_trip.n1690         1.89817e-16
xchip.xi_core_u_trip.n1692         1.88717e-16
xchip.xi_core_u_trip.icmp           3.3323e-12
xchip.xi_core_u_trip.n1694          3.1659e-20
xchip.xi_core_u_trip.n1703         2.75811e-23
xchip.xi_core_u_trip.n1696         5.90875e-20
xchip.xi_core_u_trip.n1697         5.83426e-17
xchip.xi_core_u_trip.n1698         7.18341e-17
xchip.xi_core_u_trip.n1701         5.59691e-17
xchip.xi_core_u_trip.n1699         6.95234e-17
xchip.xi_core_u_trip.n1700         7.04912e-17
xchip.xi_core_u_trip.cmp_clk_n    -8.27778e-19
xchip.xi_core_u_trip.n1702         5.85387e-20
xchip.vdd__vm_tripd                6.36867e-25
xchip.vdda__vm_tripa                3.2373e-21
xchip.xi_core_u_trip.n1704         2.24225e-23
xchip.xi_core_u_trip.n1706         2.26177e-23
xchip.xi_core_u_trip.n1707         4.11126e-23
xchip.xi_core_u_trip.n1708         4.09449e-23
xchip.xi_core_u_trip.n100          4.25394e-28
xchip.xi_core_u_trip.n111          4.22045e-28
xchip.xi_core_u_trip.xr1247.dt               0
xchip.xi_core_u_trip.n112          4.28744e-28
xchip.xi_core_u_trip.xr1248.dt               0
xchip.xi_core_u_trip.n113           8.5079e-28
xchip.xi_core_u_trip.xr1249.dt               0
xchip.xi_core_u_trip.xr1250.dt               0
xchip.xi_core_u_trip.xr1251.dt               0
xchip.xi_core_u_trip.xr1252.dt               0
xchip.xi_core_u_trip.n103           1.1787e-27
xchip.xi_core_u_trip.xr1253.dt               0
xchip.xi_core_u_trip.n120           1.1779e-27
xchip.xi_core_u_trip.xr1254.dt               0
xchip.xi_core_u_trip.n106          3.42444e-28
xchip.xi_core_u_trip.n121          3.39747e-28
xchip.xi_core_u_trip.xr1255.dt               0
xchip.xi_core_u_trip.n122           3.4514e-28
xchip.xi_core_u_trip.xr1256.dt               0
xchip.xi_core_u_trip.n123          6.84889e-28
xchip.xi_core_u_trip.xr1257.dt               0
xchip.xi_core_u_trip.xr1258.dt               0
xchip.xi_core_u_trip.xr1259.dt               0
xchip.xi_core_u_trip.xr1260.dt               0
xchip.xi_core_u_trip.n109          1.14652e-27
xchip.xi_core_u_trip.xr1261.dt               0
xchip.xi_core_u_trip.n130          1.14741e-27
xchip.xi_core_u_trip.xr1262.dt               0
xchip.xi_core_u_trip.n131          3.34956e-30
xchip.xi_core_u_trip.xr1263.dt               0
xchip.xi_core_u_trip.n132          4.18695e-28
xchip.xi_core_u_trip.xr1264.dt               0
xchip.xi_core_u_trip.n133          4.32093e-28
xchip.xi_core_u_trip.xr1265.dt               0
xchip.xi_core_u_trip.n151          8.47441e-28
xchip.xi_core_u_trip.xr1266.dt               0
xchip.xi_core_u_trip.xr1267.dt               0
xchip.xi_core_u_trip.xr1268.dt               0
xchip.xi_core_u_trip.xr1269.dt               0
xchip.xi_core_u_trip.xr1270.dt               0
xchip.xi_core_u_trip.n141           1.1771e-27
xchip.xi_core_u_trip.xr1271.dt               0
xchip.xi_core_u_trip.n153          2.69641e-30
xchip.xi_core_u_trip.xr1272.dt               0
xchip.xi_core_u_trip.n154          3.37051e-28
xchip.xi_core_u_trip.xr1273.dt               0
xchip.xi_core_u_trip.n155          3.47837e-28
xchip.xi_core_u_trip.xr1274.dt               0
xchip.xi_core_u_trip.n142          6.82193e-28
xchip.xi_core_u_trip.xr1275.dt               0
xchip.xi_core_u_trip.xr1276.dt               0
xchip.xi_core_u_trip.xr1277.dt               0
xchip.xi_core_u_trip.xr1278.dt               0
xchip.xi_core_u_trip.xr1279.dt               0
xchip.xi_core_u_trip.n156          1.14831e-27
xchip.xi_core_u_trip.xr1280.dt               0
xchip.xi_core_u_trip.n157          6.69912e-30
xchip.xi_core_u_trip.xr1281.dt               0
xchip.xi_core_u_trip.n158          4.15345e-28
xchip.xi_core_u_trip.xr1282.dt               0
xchip.xi_core_u_trip.n159          4.35443e-28
xchip.xi_core_u_trip.xr1283.dt               0
xchip.xi_core_u_trip.n160          8.44091e-28
xchip.xi_core_u_trip.xr1284.dt               0
xchip.xi_core_u_trip.xr1285.dt               0
xchip.xi_core_u_trip.xr1286.dt               0
xchip.xi_core_u_trip.xr1287.dt               0
xchip.xi_core_u_trip.xr1288.dt               0
xchip.xi_core_u_trip.n169          1.17631e-27
xchip.xi_core_u_trip.xr1289.dt               0
xchip.xi_core_u_trip.n170          5.39281e-30
xchip.xi_core_u_trip.xr1290.dt               0
xchip.xi_core_u_trip.n171          3.34355e-28
xchip.xi_core_u_trip.xr1291.dt               0
xchip.xi_core_u_trip.n172          3.50533e-28
xchip.xi_core_u_trip.xr1292.dt               0
xchip.xi_core_u_trip.n173          6.79496e-28
xchip.xi_core_u_trip.xr1293.dt               0
xchip.xi_core_u_trip.xr1294.dt               0
xchip.xi_core_u_trip.xr1295.dt               0
xchip.xi_core_u_trip.xr1296.dt               0
xchip.xi_core_u_trip.xr1297.dt               0
xchip.xi_core_u_trip.n182          1.14921e-27
xchip.xi_core_u_trip.xr1298.dt               0
xchip.xi_core_u_trip.n183          1.00487e-29
xchip.xi_core_u_trip.xr1299.dt               0
xchip.xi_core_u_trip.n184          4.11996e-28
xchip.xi_core_u_trip.xr1300.dt               0
xchip.xi_core_u_trip.n185          4.38792e-28
xchip.xi_core_u_trip.xr1301.dt               0
xchip.xi_core_u_trip.n186          8.40741e-28
xchip.xi_core_u_trip.xr1302.dt               0
xchip.xi_core_u_trip.xr1303.dt               0
xchip.xi_core_u_trip.xr1304.dt               0
xchip.xi_core_u_trip.xr1305.dt               0
xchip.xi_core_u_trip.xr1306.dt               0
xchip.xi_core_u_trip.n197          1.17551e-27
xchip.xi_core_u_trip.xr1307.dt               0
xchip.xi_core_u_trip.n198          8.08922e-30
xchip.xi_core_u_trip.xr1308.dt               0
xchip.xi_core_u_trip.n199          3.31658e-28
xchip.xi_core_u_trip.xr1309.dt               0
xchip.xi_core_u_trip.n200          3.53229e-28
xchip.xi_core_u_trip.xr1310.dt               0
xchip.xi_core_u_trip.n201            6.768e-28
xchip.xi_core_u_trip.xr1311.dt               0
xchip.xi_core_u_trip.xr1312.dt               0
xchip.xi_core_u_trip.xr1313.dt               0
xchip.xi_core_u_trip.xr1314.dt               0
xchip.xi_core_u_trip.xr1315.dt               0
xchip.xi_core_u_trip.n212           1.1501e-27
xchip.xi_core_u_trip.xr1316.dt               0
xchip.xi_core_u_trip.n213          1.33982e-29
xchip.xi_core_u_trip.xr1317.dt               0
xchip.xi_core_u_trip.n214          4.08646e-28
xchip.xi_core_u_trip.xr1318.dt               0
xchip.xi_core_u_trip.n215          4.42142e-28
xchip.xi_core_u_trip.xr1319.dt               0
xchip.xi_core_u_trip.n216          8.37392e-28
xchip.xi_core_u_trip.xr1320.dt               0
xchip.xi_core_u_trip.xr1321.dt               0
xchip.xi_core_u_trip.xr1322.dt               0
xchip.xi_core_u_trip.xr1323.dt               0
xchip.xi_core_u_trip.xr1324.dt               0
xchip.xi_core_u_trip.n227          1.17471e-27
xchip.xi_core_u_trip.xr1325.dt               0
xchip.xi_core_u_trip.n228          1.07856e-29
xchip.xi_core_u_trip.xr1326.dt               0
xchip.xi_core_u_trip.n229          3.28962e-28
xchip.xi_core_u_trip.xr1327.dt               0
xchip.xi_core_u_trip.n230          3.55926e-28
xchip.xi_core_u_trip.xr1328.dt               0
xchip.xi_core_u_trip.n231          6.74104e-28
xchip.xi_core_u_trip.xr1329.dt               0
xchip.xi_core_u_trip.xr1330.dt               0
xchip.xi_core_u_trip.xr1331.dt               0
xchip.xi_core_u_trip.xr1332.dt               0
xchip.xi_core_u_trip.xr1333.dt               0
xchip.xi_core_u_trip.n242            1.151e-27
xchip.xi_core_u_trip.xr1334.dt               0
xchip.xi_core_u_trip.n247          1.67478e-29
xchip.xi_core_u_trip.xr1335.dt               0
xchip.xi_core_u_trip.n248          4.05297e-28
xchip.xi_core_u_trip.xr1336.dt               0
xchip.xi_core_u_trip.n249          4.45492e-28
xchip.xi_core_u_trip.xr1337.dt               0
xchip.xi_core_u_trip.n250          8.34042e-28
xchip.xi_core_u_trip.xr1338.dt               0
xchip.xi_core_u_trip.xr1339.dt               0
xchip.xi_core_u_trip.xr1340.dt               0
xchip.xi_core_u_trip.xr1341.dt               0
xchip.xi_core_u_trip.xr1342.dt               0
xchip.xi_core_u_trip.n255          1.17391e-27
xchip.xi_core_u_trip.xr1343.dt               0
xchip.xi_core_u_trip.n256           1.3482e-29
xchip.xi_core_u_trip.xr1344.dt               0
xchip.xi_core_u_trip.n257          3.26265e-28
xchip.xi_core_u_trip.xr1345.dt               0
xchip.xi_core_u_trip.n258          3.58622e-28
xchip.xi_core_u_trip.xr1346.dt               0
xchip.xi_core_u_trip.n259          6.71407e-28
xchip.xi_core_u_trip.xr1347.dt               0
xchip.xi_core_u_trip.xr1348.dt               0
xchip.xi_core_u_trip.xr1349.dt               0
xchip.xi_core_u_trip.xr1350.dt               0
xchip.xi_core_u_trip.xr1351.dt               0
xchip.xi_core_u_trip.n264          1.15189e-27
xchip.xi_core_u_trip.xr1352.dt               0
xchip.xi_core_u_trip.n269          2.00973e-29
xchip.xi_core_u_trip.xr1353.dt               0
xchip.xi_core_u_trip.n270          4.01947e-28
xchip.xi_core_u_trip.xr1354.dt               0
xchip.xi_core_u_trip.n271          4.48841e-28
xchip.xi_core_u_trip.xr1355.dt               0
xchip.xi_core_u_trip.n272          8.30693e-28
xchip.xi_core_u_trip.xr1356.dt               0
xchip.xi_core_u_trip.xr1357.dt               0
xchip.xi_core_u_trip.xr1358.dt               0
xchip.xi_core_u_trip.xr1359.dt               0
xchip.xi_core_u_trip.xr1360.dt               0
xchip.xi_core_u_trip.n277          1.17312e-27
xchip.xi_core_u_trip.xr1361.dt               0
xchip.xi_core_u_trip.n278          1.61784e-29
xchip.xi_core_u_trip.xr1362.dt               0
xchip.xi_core_u_trip.n279          3.23569e-28
xchip.xi_core_u_trip.xr1363.dt               0
xchip.xi_core_u_trip.n280          3.61319e-28
xchip.xi_core_u_trip.xr1364.dt               0
xchip.xi_core_u_trip.n281          6.68711e-28
xchip.xi_core_u_trip.xr1365.dt               0
xchip.xi_core_u_trip.xr1366.dt               0
xchip.xi_core_u_trip.xr1367.dt               0
xchip.xi_core_u_trip.xr1368.dt               0
xchip.xi_core_u_trip.xr1369.dt               0
xchip.xi_core_u_trip.n286          1.15279e-27
xchip.xi_core_u_trip.xr1370.dt               0
xchip.xi_core_u_trip.n316          2.34469e-29
xchip.xi_core_u_trip.xr1371.dt               0
xchip.xi_core_u_trip.n295          3.98598e-28
xchip.xi_core_u_trip.xr1372.dt               0
xchip.xi_core_u_trip.n296          4.52191e-28
xchip.xi_core_u_trip.xr1373.dt               0
xchip.xi_core_u_trip.n297          8.27343e-28
xchip.xi_core_u_trip.xr1374.dt               0
xchip.xi_core_u_trip.xr1375.dt               0
xchip.xi_core_u_trip.xr1376.dt               0
xchip.xi_core_u_trip.xr1377.dt               0
xchip.xi_core_u_trip.xr1378.dt               0
xchip.xi_core_u_trip.n304          1.17232e-27
xchip.xi_core_u_trip.xr1379.dt               0
xchip.xi_core_u_trip.n305          1.88748e-29
xchip.xi_core_u_trip.xr1380.dt               0
xchip.xi_core_u_trip.n306          3.20873e-28
xchip.xi_core_u_trip.xr1381.dt               0
xchip.xi_core_u_trip.n307          3.64015e-28
xchip.xi_core_u_trip.xr1382.dt               0
xchip.xi_core_u_trip.n308          6.66014e-28
xchip.xi_core_u_trip.xr1383.dt               0
xchip.xi_core_u_trip.xr1384.dt               0
xchip.xi_core_u_trip.xr1385.dt               0
xchip.xi_core_u_trip.xr1386.dt               0
xchip.xi_core_u_trip.xr1387.dt               0
xchip.xi_core_u_trip.n315          1.15369e-27
xchip.xi_core_u_trip.xr1388.dt               0
xchip.xi_core_u_trip.n325          2.67965e-29
xchip.xi_core_u_trip.xr1389.dt               0
xchip.xi_core_u_trip.n326          3.95248e-28
xchip.xi_core_u_trip.xr1390.dt               0
xchip.xi_core_u_trip.n327           4.5554e-28
xchip.xi_core_u_trip.xr1391.dt               0
xchip.xi_core_u_trip.n328          8.23994e-28
xchip.xi_core_u_trip.xr1392.dt               0
xchip.xi_core_u_trip.xr1393.dt               0
xchip.xi_core_u_trip.xr1394.dt               0
xchip.xi_core_u_trip.xr1395.dt               0
xchip.xi_core_u_trip.xr1396.dt               0
xchip.xi_core_u_trip.n335          1.17152e-27
xchip.xi_core_u_trip.xr1397.dt               0
xchip.xi_core_u_trip.n336          2.15712e-29
xchip.xi_core_u_trip.xr1398.dt               0
xchip.xi_core_u_trip.n337          3.18176e-28
xchip.xi_core_u_trip.xr1399.dt               0
xchip.xi_core_u_trip.n338          3.66712e-28
xchip.xi_core_u_trip.xr1400.dt               0
xchip.xi_core_u_trip.n339          6.63318e-28
xchip.xi_core_u_trip.xr1401.dt               0
xchip.xi_core_u_trip.xr1402.dt               0
xchip.xi_core_u_trip.xr1403.dt               0
xchip.xi_core_u_trip.xr1404.dt               0
xchip.xi_core_u_trip.xr1405.dt               0
xchip.xi_core_u_trip.n346          1.15458e-27
xchip.xi_core_u_trip.xr1406.dt               0
xchip.xi_core_u_trip.n347           3.0146e-29
xchip.xi_core_u_trip.xr1407.dt               0
xchip.xi_core_u_trip.n348          3.91898e-28
xchip.xi_core_u_trip.xr1408.dt               0
xchip.xi_core_u_trip.n349           4.5889e-28
xchip.xi_core_u_trip.xr1409.dt               0
xchip.xi_core_u_trip.n350          8.20644e-28
xchip.xi_core_u_trip.xr1410.dt               0
xchip.xi_core_u_trip.xr1411.dt               0
xchip.xi_core_u_trip.xr1412.dt               0
xchip.xi_core_u_trip.xr1413.dt               0
xchip.xi_core_u_trip.xr1414.dt               0
xchip.xi_core_u_trip.n359          1.17072e-27
xchip.xi_core_u_trip.xr1415.dt               0
xchip.xi_core_u_trip.n360          2.42677e-29
xchip.xi_core_u_trip.xr1416.dt               0
xchip.xi_core_u_trip.n361           3.1548e-28
xchip.xi_core_u_trip.xr1417.dt               0
xchip.xi_core_u_trip.n362          3.69408e-28
xchip.xi_core_u_trip.xr1418.dt               0
xchip.xi_core_u_trip.n363          6.60621e-28
xchip.xi_core_u_trip.xr1419.dt               0
xchip.xi_core_u_trip.xr1420.dt               0
xchip.xi_core_u_trip.xr1421.dt               0
xchip.xi_core_u_trip.xr1422.dt               0
xchip.xi_core_u_trip.xr1423.dt               0
xchip.xi_core_u_trip.n372          1.15548e-27
xchip.xi_core_u_trip.xr1424.dt               0
xchip.xi_core_u_trip.n381          3.34956e-29
xchip.xi_core_u_trip.xr1425.dt               0
xchip.xi_core_u_trip.n382          3.88549e-28
xchip.xi_core_u_trip.xr1426.dt               0
xchip.xi_core_u_trip.n383          4.62239e-28
xchip.xi_core_u_trip.xr1427.dt               0
xchip.xi_core_u_trip.n384          8.17294e-28
xchip.xi_core_u_trip.xr1428.dt               0
xchip.xi_core_u_trip.xr1429.dt               0
xchip.xi_core_u_trip.xr1430.dt               0
xchip.xi_core_u_trip.xr1431.dt               0
xchip.xi_core_u_trip.xr1432.dt               0
xchip.xi_core_u_trip.n389          1.16992e-27
xchip.xi_core_u_trip.xr1433.dt               0
xchip.xi_core_u_trip.n390          2.69641e-29
xchip.xi_core_u_trip.xr1434.dt               0
xchip.xi_core_u_trip.n391          3.12783e-28
xchip.xi_core_u_trip.xr1435.dt               0
xchip.xi_core_u_trip.n392          3.72104e-28
xchip.xi_core_u_trip.xr1436.dt               0
xchip.xi_core_u_trip.n393          6.57925e-28
xchip.xi_core_u_trip.xr1437.dt               0
xchip.xi_core_u_trip.xr1438.dt               0
xchip.xi_core_u_trip.xr1439.dt               0
xchip.xi_core_u_trip.xr1440.dt               0
xchip.xi_core_u_trip.xr1441.dt               0
xchip.xi_core_u_trip.n398          1.15637e-27
xchip.xi_core_u_trip.xr1442.dt               0
xchip.xi_core_u_trip.n403          3.68451e-29
xchip.xi_core_u_trip.xr1443.dt               0
xchip.xi_core_u_trip.n404          3.85199e-28
xchip.xi_core_u_trip.xr1444.dt               0
xchip.xi_core_u_trip.n405          4.65589e-28
xchip.xi_core_u_trip.xr1445.dt               0
xchip.xi_core_u_trip.n406          8.13945e-28
xchip.xi_core_u_trip.xr1446.dt               0
xchip.xi_core_u_trip.xr1447.dt               0
xchip.xi_core_u_trip.xr1448.dt               0
xchip.xi_core_u_trip.xr1449.dt               0
xchip.xi_core_u_trip.xr1450.dt               0
xchip.xi_core_u_trip.n413          1.16913e-27
xchip.xi_core_u_trip.xr1451.dt               0
xchip.xi_core_u_trip.n414          2.96605e-29
xchip.xi_core_u_trip.xr1452.dt               0
xchip.xi_core_u_trip.n415          3.10087e-28
xchip.xi_core_u_trip.xr1453.dt               0
xchip.xi_core_u_trip.n416          3.74801e-28
xchip.xi_core_u_trip.xr1454.dt               0
xchip.xi_core_u_trip.n417          6.55229e-28
xchip.xi_core_u_trip.xr1455.dt               0
xchip.xi_core_u_trip.xr1456.dt               0
xchip.xi_core_u_trip.xr1457.dt               0
xchip.xi_core_u_trip.xr1458.dt               0
xchip.xi_core_u_trip.xr1459.dt               0
xchip.xi_core_u_trip.n424          1.15727e-27
xchip.xi_core_u_trip.xr1460.dt               0
xchip.xi_core_u_trip.n429          4.01947e-29
xchip.xi_core_u_trip.xr1461.dt               0
xchip.xi_core_u_trip.n430           3.8185e-28
xchip.xi_core_u_trip.xr1462.dt               0
xchip.xi_core_u_trip.n431          4.68938e-28
xchip.xi_core_u_trip.xr1463.dt               0
xchip.xi_core_u_trip.n432          8.10595e-28
xchip.xi_core_u_trip.xr1464.dt               0
xchip.xi_core_u_trip.xr1465.dt               0
xchip.xi_core_u_trip.xr1466.dt               0
xchip.xi_core_u_trip.xr1467.dt               0
xchip.xi_core_u_trip.xr1468.dt               0
xchip.xi_core_u_trip.n439          1.16833e-27
xchip.xi_core_u_trip.xr1469.dt               0
xchip.xi_core_u_trip.n440          3.23569e-29
xchip.xi_core_u_trip.xr1470.dt               0
xchip.xi_core_u_trip.n441           3.0739e-28
xchip.xi_core_u_trip.xr1471.dt               0
xchip.xi_core_u_trip.n442          3.77497e-28
xchip.xi_core_u_trip.xr1472.dt               0
xchip.xi_core_u_trip.n443          6.52532e-28
xchip.xi_core_u_trip.xr1473.dt               0
xchip.xi_core_u_trip.xr1474.dt               0
xchip.xi_core_u_trip.xr1475.dt               0
xchip.xi_core_u_trip.xr1476.dt               0
xchip.xi_core_u_trip.xr1477.dt               0
xchip.xi_core_u_trip.n450          1.15817e-27
xchip.xi_core_u_trip.xr1478.dt               0
xchip.xi_core_u_trip.n455          4.35442e-29
xchip.xi_core_u_trip.xr1479.dt               0
xchip.xi_core_u_trip.n456            3.785e-28
xchip.xi_core_u_trip.xr1480.dt               0
xchip.xi_core_u_trip.n457          4.72288e-28
xchip.xi_core_u_trip.xr1481.dt               0
xchip.xi_core_u_trip.n458          8.07246e-28
xchip.xi_core_u_trip.xr1482.dt               0
xchip.xi_core_u_trip.xr1483.dt               0
xchip.xi_core_u_trip.xr1484.dt               0
xchip.xi_core_u_trip.xr1485.dt               0
xchip.xi_core_u_trip.xr1486.dt               0
xchip.xi_core_u_trip.n463          1.16753e-27
xchip.xi_core_u_trip.xr1487.dt               0
xchip.xi_core_u_trip.n464          3.50533e-29
xchip.xi_core_u_trip.xr1488.dt               0
xchip.xi_core_u_trip.n465          3.04694e-28
xchip.xi_core_u_trip.xr1489.dt               0
xchip.xi_core_u_trip.n466          3.80194e-28
xchip.xi_core_u_trip.xr1490.dt               0
xchip.xi_core_u_trip.n467          6.49836e-28
xchip.xi_core_u_trip.xr1491.dt               0
xchip.xi_core_u_trip.xr1492.dt               0
xchip.xi_core_u_trip.xr1493.dt               0
xchip.xi_core_u_trip.xr1494.dt               0
xchip.xi_core_u_trip.xr1495.dt               0
xchip.xi_core_u_trip.n472          1.15906e-27
xchip.xi_core_u_trip.xr1496.dt               0
xchip.xi_core_u_trip.n477          4.68938e-29
xchip.xi_core_u_trip.xr1497.dt               0
xchip.xi_core_u_trip.n478          3.75151e-28
xchip.xi_core_u_trip.xr1498.dt               0
xchip.xi_core_u_trip.n479          4.75638e-28
xchip.xi_core_u_trip.xr1499.dt               0
xchip.xi_core_u_trip.n480          8.03896e-28
xchip.xi_core_u_trip.xr1500.dt               0
xchip.xi_core_u_trip.xr1501.dt               0
xchip.xi_core_u_trip.xr1502.dt               0
xchip.xi_core_u_trip.xr1503.dt               0
xchip.xi_core_u_trip.xr1504.dt               0
xchip.xi_core_u_trip.n485          1.16673e-27
xchip.xi_core_u_trip.xr1505.dt               0
xchip.xi_core_u_trip.n486          3.77497e-29
xchip.xi_core_u_trip.xr1506.dt               0
xchip.xi_core_u_trip.n487          3.01998e-28
xchip.xi_core_u_trip.xr1507.dt               0
xchip.xi_core_u_trip.n488           3.8289e-28
xchip.xi_core_u_trip.xr1508.dt               0
xchip.xi_core_u_trip.n489          6.47139e-28
xchip.xi_core_u_trip.xr1509.dt               0
xchip.xi_core_u_trip.xr1510.dt               0
xchip.xi_core_u_trip.xr1511.dt               0
xchip.xi_core_u_trip.xr1512.dt               0
xchip.xi_core_u_trip.xr1513.dt               0
xchip.xi_core_u_trip.n494          1.15996e-27
xchip.xi_core_u_trip.xr1514.dt               0
xchip.xi_core_u_trip.n495          5.02434e-29
xchip.xi_core_u_trip.xr1515.dt               0
xchip.xi_core_u_trip.n496          3.71801e-28
xchip.xi_core_u_trip.xr1516.dt               0
xchip.xi_core_u_trip.n497          4.78987e-28
xchip.xi_core_u_trip.xr1517.dt               0
xchip.xi_core_u_trip.n498          8.00546e-28
xchip.xi_core_u_trip.xr1518.dt               0
xchip.xi_core_u_trip.xr1519.dt               0
xchip.xi_core_u_trip.xr1520.dt               0
xchip.xi_core_u_trip.xr1521.dt               0
xchip.xi_core_u_trip.xr1522.dt               0
xchip.xi_core_u_trip.n528          1.16594e-27
xchip.xi_core_u_trip.xr1523.dt               0
xchip.xi_core_u_trip.n509          4.04461e-29
xchip.xi_core_u_trip.xr1524.dt               0
xchip.xi_core_u_trip.n510          2.99301e-28
xchip.xi_core_u_trip.xr1525.dt               0
xchip.xi_core_u_trip.n511          3.85586e-28
xchip.xi_core_u_trip.xr1526.dt               0
xchip.xi_core_u_trip.n512          6.44443e-28
xchip.xi_core_u_trip.xr1527.dt               0
xchip.xi_core_u_trip.xr1528.dt               0
xchip.xi_core_u_trip.xr1529.dt               0
xchip.xi_core_u_trip.xr1530.dt               0
xchip.xi_core_u_trip.xr1531.dt               0
xchip.xi_core_u_trip.n523          1.16085e-27
xchip.xi_core_u_trip.xr1532.dt               0
xchip.xi_core_u_trip.n533          5.35929e-29
xchip.xi_core_u_trip.xr1533.dt               0
xchip.xi_core_u_trip.n534          3.68452e-28
xchip.xi_core_u_trip.xr1534.dt               0
xchip.xi_core_u_trip.n535          4.82337e-28
xchip.xi_core_u_trip.xr1535.dt               0
xchip.xi_core_u_trip.n536          7.97197e-28
xchip.xi_core_u_trip.xr1536.dt               0
xchip.xi_core_u_trip.xr1537.dt               0
xchip.xi_core_u_trip.xr1538.dt               0
xchip.xi_core_u_trip.xr1539.dt               0
xchip.xi_core_u_trip.xr1540.dt               0
xchip.xi_core_u_trip.n543          1.16514e-27
xchip.xi_core_u_trip.xr1541.dt               0
xchip.xi_core_u_trip.n544          4.31425e-29
xchip.xi_core_u_trip.xr1542.dt               0
xchip.xi_core_u_trip.n545          2.96605e-28
xchip.xi_core_u_trip.xr1543.dt               0
xchip.xi_core_u_trip.n546          3.88283e-28
xchip.xi_core_u_trip.xr1544.dt               0
xchip.xi_core_u_trip.n547          6.41746e-28
xchip.xi_core_u_trip.xr1545.dt               0
xchip.xi_core_u_trip.xr1546.dt               0
xchip.xi_core_u_trip.xr1547.dt               0
xchip.xi_core_u_trip.xr1548.dt               0
xchip.xi_core_u_trip.xr1549.dt               0
xchip.xi_core_u_trip.n554          1.16175e-27
xchip.xi_core_u_trip.xr1550.dt               0
xchip.xi_core_u_trip.n563          5.69425e-29
xchip.xi_core_u_trip.xr1551.dt               0
xchip.xi_core_u_trip.n564          3.65102e-28
xchip.xi_core_u_trip.xr1552.dt               0
xchip.xi_core_u_trip.n565          4.85686e-28
xchip.xi_core_u_trip.xr1553.dt               0
xchip.xi_core_u_trip.n566          7.93847e-28
xchip.xi_core_u_trip.xr1554.dt               0
xchip.xi_core_u_trip.xr1555.dt               0
xchip.xi_core_u_trip.xr1556.dt               0
xchip.xi_core_u_trip.xr1557.dt               0
xchip.xi_core_u_trip.xr1558.dt               0
xchip.xi_core_u_trip.n571          1.16434e-27
xchip.xi_core_u_trip.xr1559.dt               0
xchip.xi_core_u_trip.n572          4.58389e-29
xchip.xi_core_u_trip.xr1560.dt               0
xchip.xi_core_u_trip.n573          2.93908e-28
xchip.xi_core_u_trip.xr1561.dt               0
xchip.xi_core_u_trip.n574          3.90979e-28
xchip.xi_core_u_trip.xr1562.dt               0
xchip.xi_core_u_trip.n575           6.3905e-28
xchip.xi_core_u_trip.xr1563.dt               0
xchip.xi_core_u_trip.xr1564.dt               0
xchip.xi_core_u_trip.xr1565.dt               0
xchip.xi_core_u_trip.xr1566.dt               0
xchip.xi_core_u_trip.xr1567.dt               0
xchip.xi_core_u_trip.n580          1.16265e-27
xchip.xi_core_u_trip.xr1568.dt               0
xchip.xi_core_u_trip.n589           6.0292e-29
xchip.xi_core_u_trip.xr1569.dt               0
xchip.xi_core_u_trip.n590          3.61752e-28
xchip.xi_core_u_trip.xr1570.dt               0
xchip.xi_core_u_trip.n591          4.89036e-28
xchip.xi_core_u_trip.xr1571.dt               0
xchip.xi_core_u_trip.n592          7.90498e-28
xchip.xi_core_u_trip.xr1572.dt               0
xchip.xi_core_u_trip.xr1573.dt               0
xchip.xi_core_u_trip.xr1574.dt               0
xchip.xi_core_u_trip.xr1575.dt               0
xchip.xi_core_u_trip.xr1576.dt               0
xchip.xi_core_u_trip.xr1577.dt               0
xchip.xi_core_u_trip.n598          4.85353e-29
xchip.xi_core_u_trip.xr1578.dt               0
xchip.xi_core_u_trip.n599          2.91212e-28
xchip.xi_core_u_trip.xr1579.dt               0
xchip.xi_core_u_trip.n600          3.93676e-28
xchip.xi_core_u_trip.xr1580.dt               0
xchip.xi_core_u_trip.n601          6.36354e-28
xchip.xi_core_u_trip.xr1581.dt               0
xchip.xi_core_u_trip.xr1582.dt               0
xchip.xi_core_u_trip.xr1583.dt               0
xchip.xi_core_u_trip.xr1584.dt               0
xchip.xi_core_u_trip.xr1585.dt               0
xchip.xi_core_u_trip.xr1586.dt               0
xchip.xi_core_u_trip.n614          6.36416e-29
xchip.xi_core_u_trip.xr1587.dt               0
xchip.xi_core_u_trip.n615          3.58403e-28
xchip.xi_core_u_trip.xr1588.dt               0
xchip.xi_core_u_trip.n616          4.92385e-28
xchip.xi_core_u_trip.xr1589.dt               0
xchip.xi_core_u_trip.n617          7.87148e-28
xchip.xi_core_u_trip.xr1590.dt               0
xchip.xi_core_u_trip.xr1591.dt               0
xchip.xi_core_u_trip.xr1592.dt               0
xchip.xi_core_u_trip.xr1593.dt               0
xchip.xi_core_u_trip.xr1594.dt               0
xchip.xi_core_u_trip.n624          5.12317e-29
xchip.xi_core_u_trip.xr1595.dt               0
xchip.xi_core_u_trip.n625          2.88516e-28
xchip.xi_core_u_trip.xr1596.dt               0
xchip.xi_core_u_trip.n626          3.96372e-28
xchip.xi_core_u_trip.xr1597.dt               0
xchip.xi_core_u_trip.n627          6.33657e-28
xchip.xi_core_u_trip.xr1598.dt               0
xchip.xi_core_u_trip.xr1599.dt               0
xchip.xi_core_u_trip.xr1600.dt               0
xchip.xi_core_u_trip.xr1601.dt               0
xchip.xi_core_u_trip.xr1602.dt               0
xchip.xi_core_u_trip.n634          6.69912e-29
xchip.xi_core_u_trip.xr1603.dt               0
xchip.xi_core_u_trip.n635          3.55053e-28
xchip.xi_core_u_trip.xr1604.dt               0
xchip.xi_core_u_trip.n636          4.95735e-28
xchip.xi_core_u_trip.xr1605.dt               0
xchip.xi_core_u_trip.n637          7.83799e-28
xchip.xi_core_u_trip.xr1606.dt               0
xchip.xi_core_u_trip.xr1607.dt               0
xchip.xi_core_u_trip.xr1608.dt               0
xchip.xi_core_u_trip.xr1609.dt               0
xchip.xi_core_u_trip.xr1610.dt               0
xchip.xi_core_u_trip.n648          5.39281e-29
xchip.xi_core_u_trip.xr1611.dt               0
xchip.xi_core_u_trip.n649          2.85819e-28
xchip.xi_core_u_trip.xr1612.dt               0
xchip.xi_core_u_trip.n650          3.99069e-28
xchip.xi_core_u_trip.xr1613.dt               0
xchip.xi_core_u_trip.n651          6.30961e-28
xchip.xi_core_u_trip.xr1614.dt               0
xchip.xi_core_u_trip.xr1615.dt               0
xchip.xi_core_u_trip.xr1616.dt               0
xchip.xi_core_u_trip.xr1617.dt               0
xchip.xi_core_u_trip.xr1618.dt               0
xchip.xi_core_u_trip.n666          7.03407e-29
xchip.xi_core_u_trip.xr1619.dt               0
xchip.xi_core_u_trip.n667          3.51704e-28
xchip.xi_core_u_trip.xr1620.dt               0
xchip.xi_core_u_trip.n668          4.99085e-28
xchip.xi_core_u_trip.xr1621.dt               0
xchip.xi_core_u_trip.n669          7.80449e-28
xchip.xi_core_u_trip.xr1622.dt               0
xchip.xi_core_u_trip.xr1623.dt               0
xchip.xi_core_u_trip.xr1624.dt               0
xchip.xi_core_u_trip.xr1625.dt               0
xchip.xi_core_u_trip.xr1626.dt               0
xchip.xi_core_u_trip.n674          5.66245e-29
xchip.xi_core_u_trip.xr1627.dt               0
xchip.xi_core_u_trip.n675          2.83123e-28
xchip.xi_core_u_trip.xr1628.dt               0
xchip.xi_core_u_trip.n676          4.01765e-28
xchip.xi_core_u_trip.xr1629.dt               0
xchip.xi_core_u_trip.n677          6.28264e-28
xchip.xi_core_u_trip.xr1630.dt               0
xchip.xi_core_u_trip.xr1631.dt               0
xchip.xi_core_u_trip.xr1632.dt               0
xchip.xi_core_u_trip.xr1633.dt               0
xchip.xi_core_u_trip.xr1634.dt               0
xchip.xi_core_u_trip.n682          7.36903e-29
xchip.xi_core_u_trip.xr1635.dt               0
xchip.xi_core_u_trip.n683          3.48354e-28
xchip.xi_core_u_trip.xr1636.dt               0
xchip.xi_core_u_trip.n684          5.02434e-28
xchip.xi_core_u_trip.xr1637.dt               0
xchip.xi_core_u_trip.n685          7.77099e-28
xchip.xi_core_u_trip.xr1638.dt               0
xchip.xi_core_u_trip.xr1639.dt               0
xchip.xi_core_u_trip.xr1640.dt               0
xchip.xi_core_u_trip.xr1641.dt               0
xchip.xi_core_u_trip.xr1642.dt               0
xchip.xi_core_u_trip.n692          5.93209e-29
xchip.xi_core_u_trip.xr1643.dt               0
xchip.xi_core_u_trip.n693          2.80426e-28
xchip.xi_core_u_trip.xr1644.dt               0
xchip.xi_core_u_trip.n694          4.04461e-28
xchip.xi_core_u_trip.xr1645.dt               0
xchip.xi_core_u_trip.n695          6.25568e-28
xchip.xi_core_u_trip.xr1646.dt               0
xchip.xi_core_u_trip.xr1647.dt               0
xchip.xi_core_u_trip.xr1648.dt               0
xchip.xi_core_u_trip.xr1649.dt               0
xchip.xi_core_u_trip.xr1650.dt               0
xchip.xi_core_u_trip.n706          7.70398e-29
xchip.xi_core_u_trip.xr1651.dt               0
xchip.xi_core_u_trip.n707          3.45005e-28
xchip.xi_core_u_trip.xr1652.dt               0
xchip.xi_core_u_trip.n708          5.05784e-28
xchip.xi_core_u_trip.xr1653.dt               0
xchip.xi_core_u_trip.n709           7.7375e-28
xchip.xi_core_u_trip.xr1654.dt               0
xchip.xi_core_u_trip.xr1655.dt               0
xchip.xi_core_u_trip.xr1656.dt               0
xchip.xi_core_u_trip.xr1657.dt               0
xchip.xi_core_u_trip.xr1658.dt               0
xchip.xi_core_u_trip.n716          6.20173e-29
xchip.xi_core_u_trip.xr1659.dt               0
xchip.xi_core_u_trip.n717           2.7773e-28
xchip.xi_core_u_trip.xr1660.dt               0
xchip.xi_core_u_trip.n718          4.07158e-28
xchip.xi_core_u_trip.xr1661.dt               0
xchip.xi_core_u_trip.n719          6.22871e-28
xchip.xi_core_u_trip.xr1662.dt               0
xchip.xi_core_u_trip.xr1663.dt               0
xchip.xi_core_u_trip.xr1664.dt               0
xchip.xi_core_u_trip.xr1665.dt               0
xchip.xi_core_u_trip.xr1666.dt               0
xchip.xi_core_u_trip.n726          8.03894e-29
xchip.xi_core_u_trip.xr1667.dt               0
xchip.xi_core_u_trip.n727          3.41655e-28
xchip.xi_core_u_trip.xr1668.dt               0
xchip.xi_core_u_trip.n728          5.09133e-28
xchip.xi_core_u_trip.xr1669.dt               0
xchip.xi_core_u_trip.n729            7.704e-28
xchip.xi_core_u_trip.xr1670.dt               0
xchip.xi_core_u_trip.xr1671.dt               0
xchip.xi_core_u_trip.xr1672.dt               0
xchip.xi_core_u_trip.xr1673.dt               0
xchip.xi_core_u_trip.xr1674.dt               0
xchip.xi_core_u_trip.n738          6.47137e-29
xchip.xi_core_u_trip.xr1675.dt               0
xchip.xi_core_u_trip.n739          2.75034e-28
xchip.xi_core_u_trip.xr1676.dt               0
xchip.xi_core_u_trip.n740          4.09854e-28
xchip.xi_core_u_trip.xr1677.dt               0
xchip.xi_core_u_trip.n741          6.20175e-28
xchip.xi_core_u_trip.xr1678.dt               0
xchip.xi_core_u_trip.xr1679.dt               0
xchip.xi_core_u_trip.xr1680.dt               0
xchip.xi_core_u_trip.xr1681.dt               0
xchip.xi_core_u_trip.xr1682.dt               0
xchip.xi_core_u_trip.n758          8.37389e-29
xchip.xi_core_u_trip.xr1683.dt               0
xchip.xi_core_u_trip.n759          3.38305e-28
xchip.xi_core_u_trip.xr1684.dt               0
xchip.xi_core_u_trip.n760          5.12483e-28
xchip.xi_core_u_trip.xr1685.dt               0
xchip.xi_core_u_trip.n761          7.67051e-28
xchip.xi_core_u_trip.xr1686.dt               0
xchip.xi_core_u_trip.xr1687.dt               0
xchip.xi_core_u_trip.xr1688.dt               0
xchip.xi_core_u_trip.xr1689.dt               0
xchip.xi_core_u_trip.xr1690.dt               0
xchip.xi_core_u_trip.n766          6.74102e-29
xchip.xi_core_u_trip.xr1691.dt               0
xchip.xi_core_u_trip.n767          2.72337e-28
xchip.xi_core_u_trip.xr1692.dt               0
xchip.xi_core_u_trip.n768          4.12551e-28
xchip.xi_core_u_trip.xr1693.dt               0
xchip.xi_core_u_trip.n769          6.17479e-28
xchip.xi_core_u_trip.xr1694.dt               0
xchip.xi_core_u_trip.xr1695.dt               0
xchip.xi_core_u_trip.xr1696.dt               0
xchip.xi_core_u_trip.xr1697.dt               0
xchip.xi_core_u_trip.xr1698.dt               0
xchip.xi_core_u_trip.n774          8.70885e-29
xchip.xi_core_u_trip.xr1699.dt               0
xchip.xi_core_u_trip.n775          3.34956e-28
xchip.xi_core_u_trip.xr1700.dt               0
xchip.xi_core_u_trip.n776          5.15832e-28
xchip.xi_core_u_trip.xr1701.dt               0
xchip.xi_core_u_trip.n777          7.63701e-28
xchip.xi_core_u_trip.xr1702.dt               0
xchip.xi_core_u_trip.xr1703.dt               0
xchip.xi_core_u_trip.xr1704.dt               0
xchip.xi_core_u_trip.xr1705.dt               0
xchip.xi_core_u_trip.xr1706.dt               0
xchip.xi_core_u_trip.n786          7.01066e-29
xchip.xi_core_u_trip.xr1707.dt               0
xchip.xi_core_u_trip.n787          2.69641e-28
xchip.xi_core_u_trip.xr1708.dt               0
xchip.xi_core_u_trip.n788          4.15247e-28
xchip.xi_core_u_trip.xr1709.dt               0
xchip.xi_core_u_trip.n789          6.14782e-28
xchip.xi_core_u_trip.xr1710.dt               0
xchip.xi_core_u_trip.xr1711.dt               0
xchip.xi_core_u_trip.xr1712.dt               0
xchip.xi_core_u_trip.xr1713.dt               0
xchip.xi_core_u_trip.xr1714.dt               0
xchip.xi_core_u_trip.n802          9.04381e-29
xchip.xi_core_u_trip.xr1715.dt               0
xchip.xi_core_u_trip.n803          3.31606e-28
xchip.xi_core_u_trip.xr1716.dt               0
xchip.xi_core_u_trip.n804          5.19182e-28
xchip.xi_core_u_trip.xr1717.dt               0
xchip.xi_core_u_trip.n805          7.60351e-28
xchip.xi_core_u_trip.xr1718.dt               0
xchip.xi_core_u_trip.xr1719.dt               0
xchip.xi_core_u_trip.xr1720.dt               0
xchip.xi_core_u_trip.xr1721.dt               0
xchip.xi_core_u_trip.xr1722.dt               0
xchip.xi_core_u_trip.n812           7.2803e-29
xchip.xi_core_u_trip.xr1723.dt               0
xchip.xi_core_u_trip.n813          2.66944e-28
xchip.xi_core_u_trip.xr1724.dt               0
xchip.xi_core_u_trip.n814          4.17943e-28
xchip.xi_core_u_trip.xr1725.dt               0
xchip.xi_core_u_trip.n815          6.12086e-28
xchip.xi_core_u_trip.xr1726.dt               0
xchip.xi_core_u_trip.xr1727.dt               0
xchip.xi_core_u_trip.xr1728.dt               0
xchip.xi_core_u_trip.xr1729.dt               0
xchip.xi_core_u_trip.xr1730.dt               0
xchip.xi_core_u_trip.n822          9.37876e-29
xchip.xi_core_u_trip.xr1731.dt               0
xchip.xi_core_u_trip.n823          3.28257e-28
xchip.xi_core_u_trip.xr1732.dt               0
xchip.xi_core_u_trip.n824          5.22532e-28
xchip.xi_core_u_trip.xr1733.dt               0
xchip.xi_core_u_trip.n825          7.57002e-28
xchip.xi_core_u_trip.xr1734.dt               0
xchip.xi_core_u_trip.xr1735.dt               0
xchip.xi_core_u_trip.xr1736.dt               0
xchip.xi_core_u_trip.xr1737.dt               0
xchip.xi_core_u_trip.xr1738.dt               0
xchip.xi_core_u_trip.n834          7.54994e-29
xchip.xi_core_u_trip.xr1739.dt               0
xchip.xi_core_u_trip.n835          2.64248e-28
xchip.xi_core_u_trip.xr1740.dt               0
xchip.xi_core_u_trip.n836           4.2064e-28
xchip.xi_core_u_trip.xr1741.dt               0
xchip.xi_core_u_trip.n837          6.09389e-28
xchip.xi_core_u_trip.xr1742.dt               0
xchip.xi_core_u_trip.xr1743.dt               0
xchip.xi_core_u_trip.xr1744.dt               0
xchip.xi_core_u_trip.xr1745.dt               0
xchip.xi_core_u_trip.xr1746.dt               0
xchip.xi_core_u_trip.n850          9.71372e-29
xchip.xi_core_u_trip.xr1747.dt               0
xchip.xi_core_u_trip.n851          3.24907e-28
xchip.xi_core_u_trip.xr1748.dt               0
xchip.xi_core_u_trip.n852          5.25881e-28
xchip.xi_core_u_trip.xr1749.dt               0
xchip.xi_core_u_trip.n853          7.53652e-28
xchip.xi_core_u_trip.xr1750.dt               0
xchip.xi_core_u_trip.xr1751.dt               0
xchip.xi_core_u_trip.xr1752.dt               0
xchip.xi_core_u_trip.xr1753.dt               0
xchip.xi_core_u_trip.xr1754.dt               0
xchip.xi_core_u_trip.n858          7.81958e-29
xchip.xi_core_u_trip.xr1755.dt               0
xchip.xi_core_u_trip.n859          2.61552e-28
xchip.xi_core_u_trip.xr1756.dt               0
xchip.xi_core_u_trip.n860          4.23336e-28
xchip.xi_core_u_trip.xr1757.dt               0
xchip.xi_core_u_trip.n861          6.06693e-28
xchip.xi_core_u_trip.xr1758.dt               0
xchip.xi_core_u_trip.xr1759.dt               0
xchip.xi_core_u_trip.xr1760.dt               0
xchip.xi_core_u_trip.xr1761.dt               0
xchip.xi_core_u_trip.xr1762.dt               0
xchip.xi_core_u_trip.n870          1.00487e-28
xchip.xi_core_u_trip.xr1763.dt               0
xchip.xi_core_u_trip.n871          3.21558e-28
xchip.xi_core_u_trip.xr1764.dt               0
xchip.xi_core_u_trip.n872          5.29231e-28
xchip.xi_core_u_trip.xr1765.dt               0
xchip.xi_core_u_trip.n873          7.50303e-28
xchip.xi_core_u_trip.xr1766.dt               0
xchip.xi_core_u_trip.xr1767.dt               0
xchip.xi_core_u_trip.xr1768.dt               0
xchip.xi_core_u_trip.xr1769.dt               0
xchip.xi_core_u_trip.xr1770.dt               0
xchip.xi_core_u_trip.n878          8.08922e-29
xchip.xi_core_u_trip.xr1771.dt               0
xchip.xi_core_u_trip.n879          2.58855e-28
xchip.xi_core_u_trip.xr1772.dt               0
xchip.xi_core_u_trip.n880          4.26033e-28
xchip.xi_core_u_trip.xr1773.dt               0
xchip.xi_core_u_trip.n881          6.03996e-28
xchip.xi_core_u_trip.xr1774.dt               0
xchip.xi_core_u_trip.xr1775.dt               0
xchip.xi_core_u_trip.xr1776.dt               0
xchip.xi_core_u_trip.xr1777.dt               0
xchip.xi_core_u_trip.xr1778.dt               0
xchip.xi_core_u_trip.n894          1.03836e-28
xchip.xi_core_u_trip.xr1779.dt               0
xchip.xi_core_u_trip.n895          3.18208e-28
xchip.xi_core_u_trip.xr1780.dt               0
xchip.xi_core_u_trip.n896           5.3258e-28
xchip.xi_core_u_trip.xr1781.dt               0
xchip.xi_core_u_trip.n897          7.46953e-28
xchip.xi_core_u_trip.xr1782.dt               0
xchip.xi_core_u_trip.xr1783.dt               0
xchip.xi_core_u_trip.xr1784.dt               0
xchip.xi_core_u_trip.xr1785.dt               0
xchip.xi_core_u_trip.xr1786.dt               0
xchip.xi_core_u_trip.n902          8.35886e-29
xchip.xi_core_u_trip.xr1787.dt               0
xchip.xi_core_u_trip.n903          2.56159e-28
xchip.xi_core_u_trip.xr1788.dt               0
xchip.xi_core_u_trip.n904          4.28729e-28
xchip.xi_core_u_trip.xr1789.dt               0
xchip.xi_core_u_trip.n905            6.013e-28
xchip.xi_core_u_trip.xr1790.dt               0
xchip.xi_core_u_trip.xr1791.dt               0
xchip.xi_core_u_trip.xr1792.dt               0
xchip.xi_core_u_trip.xr1793.dt               0
xchip.xi_core_u_trip.xr1794.dt               0
xchip.xi_core_u_trip.n910          1.07186e-28
xchip.xi_core_u_trip.xr1795.dt               0
xchip.xi_core_u_trip.n911          3.14859e-28
xchip.xi_core_u_trip.xr1796.dt               0
xchip.xi_core_u_trip.n912           5.3593e-28
xchip.xi_core_u_trip.xr1797.dt               0
xchip.xi_core_u_trip.n913          7.43604e-28
xchip.xi_core_u_trip.xr1798.dt               0
xchip.xi_core_u_trip.xr1799.dt               0
xchip.xi_core_u_trip.xr1800.dt               0
xchip.xi_core_u_trip.xr1801.dt               0
xchip.xi_core_u_trip.xr1802.dt               0
xchip.xi_core_u_trip.n922           8.6285e-29
xchip.xi_core_u_trip.xr1803.dt               0
xchip.xi_core_u_trip.n923          2.53462e-28
xchip.xi_core_u_trip.xr1804.dt               0
xchip.xi_core_u_trip.n924          4.31426e-28
xchip.xi_core_u_trip.xr1805.dt               0
xchip.xi_core_u_trip.n925          5.98604e-28
xchip.xi_core_u_trip.xr1806.dt               0
xchip.xi_core_u_trip.xr1807.dt               0
xchip.xi_core_u_trip.xr1808.dt               0
xchip.xi_core_u_trip.xr1809.dt               0
xchip.xi_core_u_trip.xr1810.dt               0
xchip.xi_core_u_trip.n942          1.10535e-28
xchip.xi_core_u_trip.xr1811.dt               0
xchip.xi_core_u_trip.n943          3.11509e-28
xchip.xi_core_u_trip.xr1812.dt               0
xchip.xi_core_u_trip.n944          5.39279e-28
xchip.xi_core_u_trip.xr1813.dt               0
xchip.xi_core_u_trip.n945          7.40254e-28
xchip.xi_core_u_trip.xr1814.dt               0
xchip.xi_core_u_trip.xr1815.dt               0
xchip.xi_core_u_trip.xr1816.dt               0
xchip.xi_core_u_trip.xr1817.dt               0
xchip.xi_core_u_trip.xr1818.dt               0
xchip.xi_core_u_trip.n950          8.89814e-29
xchip.xi_core_u_trip.xr1819.dt               0
xchip.xi_core_u_trip.n951          2.50766e-28
xchip.xi_core_u_trip.xr1820.dt               0
xchip.xi_core_u_trip.n952          4.34122e-28
xchip.xi_core_u_trip.xr1821.dt               0
xchip.xi_core_u_trip.n953          5.95907e-28
xchip.xi_core_u_trip.xr1822.dt               0
xchip.xi_core_u_trip.xr1823.dt               0
xchip.xi_core_u_trip.xr1824.dt               0
xchip.xi_core_u_trip.xr1825.dt               0
xchip.xi_core_u_trip.xr1826.dt               0
xchip.xi_core_u_trip.n958          1.13885e-28
xchip.xi_core_u_trip.xr1827.dt               0
xchip.xi_core_u_trip.n959          3.08159e-28
xchip.xi_core_u_trip.xr1828.dt               0
xchip.xi_core_u_trip.n982          5.42629e-28
xchip.xi_core_u_trip.xr1829.dt               0
xchip.xi_core_u_trip.n960          7.36904e-28
xchip.xi_core_u_trip.xr1830.dt               0
xchip.xi_core_u_trip.xr1831.dt               0
xchip.xi_core_u_trip.xr1832.dt               0
xchip.xi_core_u_trip.xr1833.dt               0
xchip.xi_core_u_trip.xr1834.dt               0
xchip.xi_core_u_trip.n970          9.16778e-29
xchip.xi_core_u_trip.xr1835.dt               0
xchip.xi_core_u_trip.n971          2.48069e-28
xchip.xi_core_u_trip.xr1836.dt               0
xchip.xi_core_u_trip.n972          4.36818e-28
xchip.xi_core_u_trip.xr1837.dt               0
xchip.xi_core_u_trip.n983          5.93211e-28
xchip.xi_core_u_trip.xr1838.dt               0
xchip.xi_core_u_trip.xr1839.dt               0
xchip.xi_core_u_trip.xr1840.dt               0
xchip.xi_core_u_trip.xr1841.dt               0
xchip.xi_core_u_trip.xr1842.dt               0
xchip.xi_core_u_trip.n992          1.17235e-28
xchip.xi_core_u_trip.xr1843.dt               0
xchip.xi_core_u_trip.n993           3.0481e-28
xchip.xi_core_u_trip.xr1844.dt               0
xchip.xi_core_u_trip.n994          5.45979e-28
xchip.xi_core_u_trip.xr1845.dt               0
xchip.xi_core_u_trip.n995          7.33555e-28
xchip.xi_core_u_trip.xr1846.dt               0
xchip.xi_core_u_trip.xr1847.dt               0
xchip.xi_core_u_trip.xr1848.dt               0
xchip.xi_core_u_trip.xr1849.dt               0
xchip.xi_core_u_trip.xr1850.dt               0
xchip.xi_core_u_trip.n1002         9.43742e-29
xchip.xi_core_u_trip.xr1851.dt               0
xchip.xi_core_u_trip.n1003         2.45373e-28
xchip.xi_core_u_trip.xr1852.dt               0
xchip.xi_core_u_trip.n1004         4.39515e-28
xchip.xi_core_u_trip.xr1853.dt               0
xchip.xi_core_u_trip.n1005         5.90514e-28
xchip.xi_core_u_trip.xr1854.dt               0
xchip.xi_core_u_trip.xr1855.dt               0
xchip.xi_core_u_trip.xr1856.dt               0
xchip.xi_core_u_trip.xr1857.dt               0
xchip.xi_core_u_trip.xr1858.dt               0
xchip.xi_core_u_trip.n1012         1.20584e-28
xchip.xi_core_u_trip.xr1859.dt               0
xchip.xi_core_u_trip.n1013          3.0146e-28
xchip.xi_core_u_trip.xr1860.dt               0
xchip.xi_core_u_trip.n1014         5.49328e-28
xchip.xi_core_u_trip.xr1861.dt               0
xchip.xi_core_u_trip.n1015         7.30205e-28
xchip.xi_core_u_trip.xr1862.dt               0
xchip.xi_core_u_trip.xr1863.dt               0
xchip.xi_core_u_trip.xr1864.dt               0
xchip.xi_core_u_trip.xr1865.dt               0
xchip.xi_core_u_trip.xr1866.dt               0
xchip.xi_core_u_trip.n1040         9.70706e-29
xchip.xi_core_u_trip.xr1867.dt               0
xchip.xi_core_u_trip.n1026         2.42677e-28
xchip.xi_core_u_trip.xr1868.dt               0
xchip.xi_core_u_trip.n1027         4.42211e-28
xchip.xi_core_u_trip.xr1869.dt               0
xchip.xi_core_u_trip.n1041         5.87818e-28
xchip.xi_core_u_trip.xr1870.dt               0
xchip.xi_core_u_trip.xr1871.dt               0
xchip.xi_core_u_trip.xr1872.dt               0
xchip.xi_core_u_trip.xr1873.dt               0
xchip.xi_core_u_trip.xr1874.dt               0
xchip.xi_core_u_trip.n1042         1.23934e-28
xchip.xi_core_u_trip.xr1875.dt               0
xchip.xi_core_u_trip.n1043         2.98111e-28
xchip.xi_core_u_trip.xr1876.dt               0
xchip.xi_core_u_trip.n1044         5.52678e-28
xchip.xi_core_u_trip.xr1877.dt               0
xchip.xi_core_u_trip.n1045         7.26856e-28
xchip.xi_core_u_trip.xr1878.dt               0
xchip.xi_core_u_trip.xr1879.dt               0
xchip.xi_core_u_trip.xr1880.dt               0
xchip.xi_core_u_trip.xr1881.dt               0
xchip.xi_core_u_trip.xr1882.dt               0
xchip.xi_core_u_trip.n1052          9.9767e-29
xchip.xi_core_u_trip.xr1883.dt               0
xchip.xi_core_u_trip.n1053          2.3998e-28
xchip.xi_core_u_trip.xr1884.dt               0
xchip.xi_core_u_trip.n1054         4.44908e-28
xchip.xi_core_u_trip.xr1885.dt               0
xchip.xi_core_u_trip.n1055         5.85121e-28
xchip.xi_core_u_trip.xr1886.dt               0
xchip.xi_core_u_trip.xr1887.dt               0
xchip.xi_core_u_trip.xr1888.dt               0
xchip.xi_core_u_trip.xr1889.dt               0
xchip.xi_core_u_trip.xr1890.dt               0
xchip.xi_core_u_trip.n1068         1.27283e-28
xchip.xi_core_u_trip.xr1891.dt               0
xchip.xi_core_u_trip.n1069         2.94761e-28
xchip.xi_core_u_trip.xr1892.dt               0
xchip.xi_core_u_trip.n1070         5.56027e-28
xchip.xi_core_u_trip.xr1893.dt               0
xchip.xi_core_u_trip.n1071         7.23506e-28
xchip.xi_core_u_trip.xr1894.dt               0
xchip.xi_core_u_trip.xr1895.dt               0
xchip.xi_core_u_trip.xr1896.dt               0
xchip.xi_core_u_trip.xr1897.dt               0
xchip.xi_core_u_trip.xr1898.dt               0
xchip.xi_core_u_trip.n1076         1.02463e-28
xchip.xi_core_u_trip.xr1899.dt               0
xchip.xi_core_u_trip.n1077         2.37284e-28
xchip.xi_core_u_trip.xr1900.dt               0
xchip.xi_core_u_trip.n1078         4.47604e-28
xchip.xi_core_u_trip.xr1901.dt               0
xchip.xi_core_u_trip.n1079         5.82425e-28
xchip.xi_core_u_trip.xr1902.dt               0
xchip.xi_core_u_trip.xr1903.dt               0
xchip.xi_core_u_trip.xr1904.dt               0
xchip.xi_core_u_trip.xr1905.dt               0
xchip.xi_core_u_trip.xr1906.dt               0
xchip.xi_core_u_trip.n1092         1.30633e-28
xchip.xi_core_u_trip.xr1907.dt               0
xchip.xi_core_u_trip.n1093         2.91412e-28
xchip.xi_core_u_trip.xr1908.dt               0
xchip.xi_core_u_trip.n1094         5.59377e-28
xchip.xi_core_u_trip.xr1909.dt               0
xchip.xi_core_u_trip.n1095         7.20156e-28
xchip.xi_core_u_trip.xr1910.dt               0
xchip.xi_core_u_trip.xr1911.dt               0
xchip.xi_core_u_trip.xr1912.dt               0
xchip.xi_core_u_trip.xr1913.dt               0
xchip.xi_core_u_trip.xr1914.dt               0
xchip.xi_core_u_trip.n1102          1.0516e-28
xchip.xi_core_u_trip.xr1915.dt               0
xchip.xi_core_u_trip.n1103         2.34587e-28
xchip.xi_core_u_trip.xr1916.dt               0
xchip.xi_core_u_trip.n1104           4.503e-28
xchip.xi_core_u_trip.xr1917.dt               0
xchip.xi_core_u_trip.n1105         5.79729e-28
xchip.xi_core_u_trip.xr1918.dt               0
xchip.xi_core_u_trip.xr1919.dt               0
xchip.xi_core_u_trip.xr1920.dt               0
xchip.xi_core_u_trip.xr1921.dt               0
xchip.xi_core_u_trip.xr1922.dt               0
xchip.xi_core_u_trip.n1112         1.33982e-28
xchip.xi_core_u_trip.xr1923.dt               0
xchip.xi_core_u_trip.n1113         2.88062e-28
xchip.xi_core_u_trip.xr1924.dt               0
xchip.xi_core_u_trip.n1114         5.62726e-28
xchip.xi_core_u_trip.xr1925.dt               0
xchip.xi_core_u_trip.n1115         7.16807e-28
xchip.xi_core_u_trip.xr1926.dt               0
xchip.xi_core_u_trip.xr1927.dt               0
xchip.xi_core_u_trip.xr1928.dt               0
xchip.xi_core_u_trip.xr1929.dt               0
xchip.xi_core_u_trip.xr1930.dt               0
xchip.xi_core_u_trip.n1126         1.07856e-28
xchip.xi_core_u_trip.xr1931.dt               0
xchip.xi_core_u_trip.n1127         2.31891e-28
xchip.xi_core_u_trip.xr1932.dt               0
xchip.xi_core_u_trip.n1128         4.52997e-28
xchip.xi_core_u_trip.xr1933.dt               0
xchip.xi_core_u_trip.n1129         5.77032e-28
xchip.xi_core_u_trip.xr1934.dt               0
xchip.xi_core_u_trip.xr1935.dt               0
xchip.xi_core_u_trip.xr1936.dt               0
xchip.xi_core_u_trip.xr1937.dt               0
xchip.xi_core_u_trip.xr1938.dt               0
xchip.xi_core_u_trip.n1148         1.37332e-28
xchip.xi_core_u_trip.xr1939.dt               0
xchip.xi_core_u_trip.n1149         2.84712e-28
xchip.xi_core_u_trip.xr1940.dt               0
xchip.xi_core_u_trip.n1150         5.66076e-28
xchip.xi_core_u_trip.xr1941.dt               0
xchip.xi_core_u_trip.n1151         7.13457e-28
xchip.xi_core_u_trip.xr1942.dt               0
xchip.xi_core_u_trip.xr1943.dt               0
xchip.xi_core_u_trip.xr1944.dt               0
xchip.xi_core_u_trip.xr1945.dt               0
xchip.xi_core_u_trip.xr1946.dt               0
xchip.xi_core_u_trip.n1156         1.10553e-28
xchip.xi_core_u_trip.xr1947.dt               0
xchip.xi_core_u_trip.n1157         2.29195e-28
xchip.xi_core_u_trip.xr1948.dt               0
xchip.xi_core_u_trip.n1158         4.55693e-28
xchip.xi_core_u_trip.xr1949.dt               0
xchip.xi_core_u_trip.n1159         5.74336e-28
xchip.xi_core_u_trip.xr1950.dt               0
xchip.xi_core_u_trip.xr1951.dt               0
xchip.xi_core_u_trip.xr1952.dt               0
xchip.xi_core_u_trip.xr1953.dt               0
xchip.xi_core_u_trip.xr1954.dt               0
xchip.xi_core_u_trip.n1164         1.40681e-28
xchip.xi_core_u_trip.xr1955.dt               0
xchip.xi_core_u_trip.n1165         2.81363e-28
xchip.xi_core_u_trip.xr1956.dt               0
xchip.xi_core_u_trip.n1166         5.69426e-28
xchip.xi_core_u_trip.xr1957.dt               0
xchip.xi_core_u_trip.n1167         7.10108e-28
xchip.xi_core_u_trip.xr1958.dt               0
xchip.xi_core_u_trip.xr1959.dt               0
xchip.xi_core_u_trip.xr1960.dt               0
xchip.xi_core_u_trip.xr1961.dt               0
xchip.xi_core_u_trip.xr1962.dt               0
xchip.xi_core_u_trip.n1176         1.13249e-28
xchip.xi_core_u_trip.xr1963.dt               0
xchip.xi_core_u_trip.n1177         2.26498e-28
xchip.xi_core_u_trip.xr1964.dt               0
xchip.xi_core_u_trip.n1178          4.5839e-28
xchip.xi_core_u_trip.xr1965.dt               0
xchip.xi_core_u_trip.n1179         5.71639e-28
xchip.xi_core_u_trip.xr1966.dt               0
xchip.xi_core_u_trip.xr1967.dt               0
xchip.xi_core_u_trip.xr1968.dt               0
xchip.xi_core_u_trip.xr1969.dt               0
xchip.xi_core_u_trip.xr1970.dt               0
xchip.xi_core_u_trip.n1192         1.44031e-28
xchip.xi_core_u_trip.xr1971.dt               0
xchip.xi_core_u_trip.n1193         2.78013e-28
xchip.xi_core_u_trip.xr1972.dt               0
xchip.xi_core_u_trip.n1194         5.72775e-28
xchip.xi_core_u_trip.xr1973.dt               0
xchip.xi_core_u_trip.n1195         7.06758e-28
xchip.xi_core_u_trip.xr1974.dt               0
xchip.xi_core_u_trip.xr1975.dt               0
xchip.xi_core_u_trip.xr1976.dt               0
xchip.xi_core_u_trip.xr1977.dt               0
xchip.xi_core_u_trip.xr1978.dt               0
xchip.xi_core_u_trip.n1202         1.15945e-28
xchip.xi_core_u_trip.xr1979.dt               0
xchip.xi_core_u_trip.n1203         2.23802e-28
xchip.xi_core_u_trip.xr1980.dt               0
xchip.xi_core_u_trip.n1204         4.61086e-28
xchip.xi_core_u_trip.xr1981.dt               0
xchip.xi_core_u_trip.n1205         5.68943e-28
xchip.xi_core_u_trip.xr1982.dt               0
xchip.xi_core_u_trip.xr1983.dt               0
xchip.xi_core_u_trip.xr1984.dt               0
xchip.xi_core_u_trip.xr1985.dt               0
xchip.xi_core_u_trip.xr1986.dt               0
xchip.xi_core_u_trip.n1212         1.47381e-28
xchip.xi_core_u_trip.xr1987.dt               0
xchip.xi_core_u_trip.n1213         2.74664e-28
xchip.xi_core_u_trip.xr1988.dt               0
xchip.xi_core_u_trip.n1214         5.76125e-28
xchip.xi_core_u_trip.xr1989.dt               0
xchip.xi_core_u_trip.n1215         7.03409e-28
xchip.xi_core_u_trip.xr1990.dt               0
xchip.xi_core_u_trip.xr1991.dt               0
xchip.xi_core_u_trip.xr1992.dt               0
xchip.xi_core_u_trip.xr1993.dt               0
xchip.xi_core_u_trip.xr1994.dt               0
xchip.xi_core_u_trip.n1224         1.18642e-28
xchip.xi_core_u_trip.xr1995.dt               0
xchip.xi_core_u_trip.n1225         2.21105e-28
xchip.xi_core_u_trip.xr1996.dt               0
xchip.xi_core_u_trip.n1226         4.63783e-28
xchip.xi_core_u_trip.xr1997.dt               0
xchip.xi_core_u_trip.n1227         5.66246e-28
xchip.xi_core_u_trip.xr1998.dt               0
xchip.xi_core_u_trip.xr1999.dt               0
xchip.xi_core_u_trip.xr2000.dt               0
xchip.xi_core_u_trip.xr2001.dt               0
xchip.xi_core_u_trip.xr2002.dt               0
xchip.xi_core_u_trip.n1240          1.5073e-28
xchip.xi_core_u_trip.xr2003.dt               0
xchip.xi_core_u_trip.n1241         2.71314e-28
xchip.xi_core_u_trip.xr2004.dt               0
xchip.xi_core_u_trip.n1242         5.79474e-28
xchip.xi_core_u_trip.xr2005.dt               0
xchip.xi_core_u_trip.n1243         7.00059e-28
xchip.xi_core_u_trip.xr2006.dt               0
xchip.xi_core_u_trip.xr2007.dt               0
xchip.xi_core_u_trip.xr2008.dt               0
xchip.xi_core_u_trip.xr2009.dt               0
xchip.xi_core_u_trip.xr2010.dt               0
xchip.xi_core_u_trip.n1248         1.21338e-28
xchip.xi_core_u_trip.xr2011.dt               0
xchip.xi_core_u_trip.n1249         2.18409e-28
xchip.xi_core_u_trip.xr2012.dt               0
xchip.xi_core_u_trip.n1250         4.66479e-28
xchip.xi_core_u_trip.xr2013.dt               0
xchip.xi_core_u_trip.n1251          5.6355e-28
xchip.xi_core_u_trip.xr2014.dt               0
xchip.xi_core_u_trip.xr2015.dt               0
xchip.xi_core_u_trip.xr2016.dt               0
xchip.xi_core_u_trip.xr2017.dt               0
xchip.xi_core_u_trip.xr2018.dt               0
xchip.xi_core_u_trip.n1260          1.5408e-28
xchip.xi_core_u_trip.xr2019.dt               0
xchip.xi_core_u_trip.n1261         2.67965e-28
xchip.xi_core_u_trip.xr2020.dt               0
xchip.xi_core_u_trip.n1262         5.82824e-28
xchip.xi_core_u_trip.xr2021.dt               0
xchip.xi_core_u_trip.n1263         6.96709e-28
xchip.xi_core_u_trip.xr2022.dt               0
xchip.xi_core_u_trip.xr2023.dt               0
xchip.xi_core_u_trip.xr2024.dt               0
xchip.xi_core_u_trip.xr2025.dt               0
xchip.xi_core_u_trip.xr2026.dt               0
xchip.xi_core_u_trip.n1268         1.24035e-28
xchip.xi_core_u_trip.xr2027.dt               0
xchip.xi_core_u_trip.n1269         2.15713e-28
xchip.xi_core_u_trip.xr2028.dt               0
xchip.xi_core_u_trip.n1270         4.69175e-28
xchip.xi_core_u_trip.xr2029.dt               0
xchip.xi_core_u_trip.n1271         5.60854e-28
xchip.xi_core_u_trip.xr2030.dt               0
xchip.xi_core_u_trip.xr2031.dt               0
xchip.xi_core_u_trip.xr2032.dt               0
xchip.xi_core_u_trip.xr2033.dt               0
xchip.xi_core_u_trip.xr2034.dt               0
xchip.xi_core_u_trip.n1284         1.57429e-28
xchip.xi_core_u_trip.xr2035.dt               0
xchip.xi_core_u_trip.n1285         2.64615e-28
xchip.xi_core_u_trip.xr2036.dt               0
xchip.xi_core_u_trip.n1286         5.86173e-28
xchip.xi_core_u_trip.xr2037.dt               0
xchip.xi_core_u_trip.n1287          6.9336e-28
xchip.xi_core_u_trip.xr2038.dt               0
xchip.xi_core_u_trip.xr2039.dt               0
xchip.xi_core_u_trip.xr2040.dt               0
xchip.xi_core_u_trip.xr2041.dt               0
xchip.xi_core_u_trip.xr2042.dt               0
xchip.xi_core_u_trip.n1294         1.26731e-28
xchip.xi_core_u_trip.xr2043.dt               0
xchip.xi_core_u_trip.n1295         2.13016e-28
xchip.xi_core_u_trip.xr2044.dt               0
xchip.xi_core_u_trip.n1296         4.71872e-28
xchip.xi_core_u_trip.xr2045.dt               0
xchip.xi_core_u_trip.n1297         5.58157e-28
xchip.xi_core_u_trip.xr2046.dt               0
xchip.xi_core_u_trip.xr2047.dt               0
xchip.xi_core_u_trip.xr2048.dt               0
xchip.xi_core_u_trip.xr2049.dt               0
xchip.xi_core_u_trip.xr2050.dt               0
xchip.xi_core_u_trip.n1312         1.60779e-28
xchip.xi_core_u_trip.xr2051.dt               0
xchip.xi_core_u_trip.n1313         2.61266e-28
xchip.xi_core_u_trip.xr2052.dt               0
xchip.xi_core_u_trip.n1314         5.89523e-28
xchip.xi_core_u_trip.xr2053.dt               0
xchip.xi_core_u_trip.n1315          6.9001e-28
xchip.xi_core_u_trip.xr2054.dt               0
xchip.xi_core_u_trip.xr2055.dt               0
xchip.xi_core_u_trip.xr2056.dt               0
xchip.xi_core_u_trip.xr2057.dt               0
xchip.xi_core_u_trip.xr2058.dt               0
xchip.xi_core_u_trip.n1322         1.29428e-28
xchip.xi_core_u_trip.xr2059.dt               0
xchip.xi_core_u_trip.n1323          2.1032e-28
xchip.xi_core_u_trip.xr2060.dt               0
xchip.xi_core_u_trip.n1324         4.74568e-28
xchip.xi_core_u_trip.xr2061.dt               0
xchip.xi_core_u_trip.n1325         5.55461e-28
xchip.xi_core_u_trip.xr2062.dt               0
xchip.xi_core_u_trip.xr2063.dt               0
xchip.xi_core_u_trip.xr2064.dt               0
xchip.xi_core_u_trip.xr2065.dt               0
xchip.xi_core_u_trip.xr2066.dt               0
xchip.xi_core_u_trip.n1340         1.64128e-28
xchip.xi_core_u_trip.xr2067.dt               0
xchip.xi_core_u_trip.n1341         2.57916e-28
xchip.xi_core_u_trip.xr2068.dt               0
xchip.xi_core_u_trip.n1342         5.92873e-28
xchip.xi_core_u_trip.xr2069.dt               0
xchip.xi_core_u_trip.n1343         6.86661e-28
xchip.xi_core_u_trip.xr2070.dt               0
xchip.xi_core_u_trip.xr2071.dt               0
xchip.xi_core_u_trip.xr2072.dt               0
xchip.xi_core_u_trip.xr2073.dt               0
xchip.xi_core_u_trip.xr2074.dt               0
xchip.xi_core_u_trip.n1348         1.32124e-28
xchip.xi_core_u_trip.xr2075.dt               0
xchip.xi_core_u_trip.n1349         2.07623e-28
xchip.xi_core_u_trip.xr2076.dt               0
xchip.xi_core_u_trip.n1350         4.77265e-28
xchip.xi_core_u_trip.xr2077.dt               0
xchip.xi_core_u_trip.n1351         5.52764e-28
xchip.xi_core_u_trip.xr2078.dt               0
xchip.xi_core_u_trip.xr2079.dt               0
xchip.xi_core_u_trip.xr2080.dt               0
xchip.xi_core_u_trip.xr2081.dt               0
xchip.xi_core_u_trip.xr2082.dt               0
xchip.xi_core_u_trip.n1364         1.67478e-28
xchip.xi_core_u_trip.xr2083.dt               0
xchip.xi_core_u_trip.n1365         2.54566e-28
xchip.xi_core_u_trip.xr2084.dt               0
xchip.xi_core_u_trip.n1366         5.96222e-28
xchip.xi_core_u_trip.xr2085.dt               0
xchip.xi_core_u_trip.n1367         6.83311e-28
xchip.xi_core_u_trip.xr2086.dt               0
xchip.xi_core_u_trip.xr2087.dt               0
xchip.xi_core_u_trip.xr2088.dt               0
xchip.xi_core_u_trip.xr2089.dt               0
xchip.xi_core_u_trip.xr2090.dt               0
xchip.xi_core_u_trip.n1372          1.3482e-28
xchip.xi_core_u_trip.xr2091.dt               0
xchip.xi_core_u_trip.n1373         2.04927e-28
xchip.xi_core_u_trip.xr2092.dt               0
xchip.xi_core_u_trip.n1374         4.79961e-28
xchip.xi_core_u_trip.xr2093.dt               0
xchip.xi_core_u_trip.n1375         5.50068e-28
xchip.xi_core_u_trip.xr2094.dt               0
xchip.xi_core_u_trip.xr2095.dt               0
xchip.xi_core_u_trip.xr2096.dt               0
xchip.xi_core_u_trip.xr2097.dt               0
xchip.xi_core_u_trip.xr2098.dt               0
xchip.xi_core_u_trip.n1388         1.70827e-28
xchip.xi_core_u_trip.xr2099.dt               0
xchip.xi_core_u_trip.n1389         2.51217e-28
xchip.xi_core_u_trip.xr2100.dt               0
xchip.xi_core_u_trip.n1390         5.99572e-28
xchip.xi_core_u_trip.xr2101.dt               0
xchip.xi_core_u_trip.n1391         6.79962e-28
xchip.xi_core_u_trip.xr2102.dt               0
xchip.xi_core_u_trip.xr2103.dt               0
xchip.xi_core_u_trip.xr2104.dt               0
xchip.xi_core_u_trip.xr2105.dt               0
xchip.xi_core_u_trip.xr2106.dt               0
xchip.xi_core_u_trip.n1398         1.37517e-28
xchip.xi_core_u_trip.xr2107.dt               0
xchip.xi_core_u_trip.n1399         2.02231e-28
xchip.xi_core_u_trip.xr2108.dt               0
xchip.xi_core_u_trip.n1400         4.82657e-28
xchip.xi_core_u_trip.xr2109.dt               0
xchip.xi_core_u_trip.n1401         5.47372e-28
xchip.xi_core_u_trip.xr2110.dt               0
xchip.xi_core_u_trip.xr2111.dt               0
xchip.xi_core_u_trip.xr2112.dt               0
xchip.xi_core_u_trip.xr2113.dt               0
xchip.xi_core_u_trip.xr2114.dt               0
xchip.xi_core_u_trip.n1416         1.74177e-28
xchip.xi_core_u_trip.xr2115.dt               0
xchip.xi_core_u_trip.n1417         2.47867e-28
xchip.xi_core_u_trip.xr2116.dt               0
xchip.xi_core_u_trip.n1418         6.02921e-28
xchip.xi_core_u_trip.xr2117.dt               0
xchip.xi_core_u_trip.n1419         6.76612e-28
xchip.xi_core_u_trip.xr2118.dt               0
xchip.xi_core_u_trip.xr2119.dt               0
xchip.xi_core_u_trip.xr2120.dt               0
xchip.xi_core_u_trip.xr2121.dt               0
xchip.xi_core_u_trip.xr2122.dt               0
xchip.xi_core_u_trip.n1426         1.40213e-28
xchip.xi_core_u_trip.xr2123.dt               0
xchip.xi_core_u_trip.n1427         1.99534e-28
xchip.xi_core_u_trip.xr2124.dt               0
xchip.xi_core_u_trip.n1428         4.85354e-28
xchip.xi_core_u_trip.xr2125.dt               0
xchip.xi_core_u_trip.n1429         5.44675e-28
xchip.xi_core_u_trip.xr2126.dt               0
xchip.xi_core_u_trip.xr2127.dt               0
xchip.xi_core_u_trip.xr2128.dt               0
xchip.xi_core_u_trip.xr2129.dt               0
xchip.xi_core_u_trip.xr2130.dt               0
xchip.xi_core_u_trip.n1440         1.77527e-28
xchip.xi_core_u_trip.xr2131.dt               0
xchip.xi_core_u_trip.n1441         2.44518e-28
xchip.xi_core_u_trip.xr2132.dt               0
xchip.xi_core_u_trip.n1442         6.06271e-28
xchip.xi_core_u_trip.xr2133.dt               0
xchip.xi_core_u_trip.n1443         6.73262e-28
xchip.xi_core_u_trip.xr2134.dt               0
xchip.xi_core_u_trip.xr2135.dt               0
xchip.xi_core_u_trip.xr2136.dt               0
xchip.xi_core_u_trip.xr2137.dt               0
xchip.xi_core_u_trip.xr2138.dt               0
xchip.xi_core_u_trip.n1448          1.4291e-28
xchip.xi_core_u_trip.xr2139.dt               0
xchip.xi_core_u_trip.n1449         1.96838e-28
xchip.xi_core_u_trip.xr2140.dt               0
xchip.xi_core_u_trip.n1450          4.8805e-28
xchip.xi_core_u_trip.xr2141.dt               0
xchip.xi_core_u_trip.n1451         5.41979e-28
xchip.xi_core_u_trip.xr2142.dt               0
xchip.xi_core_u_trip.xr2143.dt               0
xchip.xi_core_u_trip.xr2144.dt               0
xchip.xi_core_u_trip.xr2145.dt               0
xchip.xi_core_u_trip.xr2146.dt               0
xchip.xi_core_u_trip.n1460         1.80876e-28
xchip.xi_core_u_trip.xr2147.dt               0
xchip.xi_core_u_trip.n1461         2.41168e-28
xchip.xi_core_u_trip.xr2148.dt               0
xchip.xi_core_u_trip.n1462          6.0962e-28
xchip.xi_core_u_trip.xr2149.dt               0
xchip.xi_core_u_trip.n1463         6.69913e-28
xchip.xi_core_u_trip.xr2150.dt               0
xchip.xi_core_u_trip.xr2151.dt               0
xchip.xi_core_u_trip.xr2152.dt               0
xchip.xi_core_u_trip.xr2153.dt               0
xchip.xi_core_u_trip.xr2154.dt               0
xchip.xi_core_u_trip.n1468         1.45606e-28
xchip.xi_core_u_trip.xr2155.dt               0
xchip.xi_core_u_trip.n1469         1.94141e-28
xchip.xi_core_u_trip.xr2156.dt               0
xchip.xi_core_u_trip.n1470         4.90747e-28
xchip.xi_core_u_trip.xr2157.dt               0
xchip.xi_core_u_trip.n1471         5.39282e-28
xchip.xi_core_u_trip.xr2158.dt               0
xchip.xi_core_u_trip.xr2159.dt               0
xchip.xi_core_u_trip.xr2160.dt               0
xchip.xi_core_u_trip.xr2161.dt               0
xchip.xi_core_u_trip.xr2162.dt               0
xchip.xi_core_u_trip.n1476         1.84226e-28
xchip.xi_core_u_trip.xr2163.dt               0
xchip.xi_core_u_trip.n1477         2.37819e-28
xchip.xi_core_u_trip.xr2164.dt               0
xchip.xi_core_u_trip.n1478          6.1297e-28
xchip.xi_core_u_trip.xr2165.dt               0
xchip.xi_core_u_trip.n1479         6.66563e-28
xchip.xi_core_u_trip.xr2166.dt               0
xchip.xi_core_u_trip.xr2167.dt               0
xchip.xi_core_u_trip.xr2168.dt               0
xchip.xi_core_u_trip.xr2169.dt               0
xchip.xi_core_u_trip.xr2170.dt               0
xchip.xi_core_u_trip.n1488         1.48302e-28
xchip.xi_core_u_trip.xr2171.dt               0
xchip.xi_core_u_trip.n1489         1.91445e-28
xchip.xi_core_u_trip.xr2172.dt               0
xchip.xi_core_u_trip.n1490         4.93443e-28
xchip.xi_core_u_trip.xr2173.dt               0
xchip.xi_core_u_trip.n1491         5.36586e-28
xchip.xi_core_u_trip.xr2174.dt               0
xchip.xi_core_u_trip.xr2175.dt               0
xchip.xi_core_u_trip.xr2176.dt               0
xchip.xi_core_u_trip.xr2177.dt               0
xchip.xi_core_u_trip.xr2178.dt               0
xchip.xi_core_u_trip.n1504         1.87575e-28
xchip.xi_core_u_trip.xr2179.dt               0
xchip.xi_core_u_trip.n1505         2.34469e-28
xchip.xi_core_u_trip.xr2180.dt               0
xchip.xi_core_u_trip.n1506          6.1632e-28
xchip.xi_core_u_trip.xr2181.dt               0
xchip.xi_core_u_trip.n1507         6.63214e-28
xchip.xi_core_u_trip.xr2182.dt               0
xchip.xi_core_u_trip.xr2183.dt               0
xchip.xi_core_u_trip.xr2184.dt               0
xchip.xi_core_u_trip.xr2185.dt               0
xchip.xi_core_u_trip.xr2186.dt               0
xchip.xi_core_u_trip.n1514         1.50999e-28
xchip.xi_core_u_trip.xr2187.dt               0
xchip.xi_core_u_trip.n1515         1.88748e-28
xchip.xi_core_u_trip.xr2188.dt               0
xchip.xi_core_u_trip.n1516          4.9614e-28
xchip.xi_core_u_trip.xr2189.dt               0
xchip.xi_core_u_trip.n1517         5.33889e-28
xchip.xi_core_u_trip.xr2190.dt               0
xchip.xi_core_u_trip.xr2191.dt               0
xchip.xi_core_u_trip.xr2192.dt               0
xchip.xi_core_u_trip.xr2193.dt               0
xchip.xi_core_u_trip.xr2194.dt               0
xchip.xi_core_u_trip.n1532         1.90925e-28
xchip.xi_core_u_trip.xr2195.dt               0
xchip.xi_core_u_trip.n1533          2.3112e-28
xchip.xi_core_u_trip.xr2196.dt               0
xchip.xi_core_u_trip.n1534         6.19669e-28
xchip.xi_core_u_trip.xr2197.dt               0
xchip.xi_core_u_trip.n1535         6.59864e-28
xchip.xi_core_u_trip.xr2198.dt               0
xchip.xi_core_u_trip.xr2199.dt               0
xchip.xi_core_u_trip.xr2200.dt               0
xchip.xi_core_u_trip.xr2201.dt               0
xchip.xi_core_u_trip.xr2202.dt               0
xchip.xi_core_u_trip.n1540         1.53695e-28
xchip.xi_core_u_trip.xr2203.dt               0
xchip.xi_core_u_trip.n1541         1.86052e-28
xchip.xi_core_u_trip.xr2204.dt               0
xchip.xi_core_u_trip.n1542         4.98836e-28
xchip.xi_core_u_trip.xr2205.dt               0
xchip.xi_core_u_trip.n1543         5.31193e-28
xchip.xi_core_u_trip.xr2206.dt               0
xchip.xi_core_u_trip.xr2207.dt               0
xchip.xi_core_u_trip.xr2208.dt               0
xchip.xi_core_u_trip.xr2209.dt               0
xchip.xi_core_u_trip.xr2210.dt               0
xchip.xi_core_u_trip.n1556         1.94274e-28
xchip.xi_core_u_trip.xr2211.dt               0
xchip.xi_core_u_trip.n1557          2.2777e-28
xchip.xi_core_u_trip.xr2212.dt               0
xchip.xi_core_u_trip.n1558         6.23019e-28
xchip.xi_core_u_trip.xr2213.dt               0
xchip.xi_core_u_trip.n1559         6.56514e-28
xchip.xi_core_u_trip.xr2214.dt               0
xchip.xi_core_u_trip.xr2215.dt               0
xchip.xi_core_u_trip.xr2216.dt               0
xchip.xi_core_u_trip.xr2217.dt               0
xchip.xi_core_u_trip.xr2218.dt               0
xchip.xi_core_u_trip.n1564         1.56392e-28
xchip.xi_core_u_trip.xr2219.dt               0
xchip.xi_core_u_trip.n1565         1.83356e-28
xchip.xi_core_u_trip.xr2220.dt               0
xchip.xi_core_u_trip.n1566         5.01532e-28
xchip.xi_core_u_trip.xr2221.dt               0
xchip.xi_core_u_trip.n1567         5.28497e-28
xchip.xi_core_u_trip.xr2222.dt               0
xchip.xi_core_u_trip.xr2223.dt               0
xchip.xi_core_u_trip.xr2224.dt               0
xchip.xi_core_u_trip.xr2225.dt               0
xchip.xi_core_u_trip.xr2226.dt               0
xchip.xi_core_u_trip.n1576         1.97624e-28
xchip.xi_core_u_trip.xr2227.dt               0
xchip.xi_core_u_trip.n1577          2.2442e-28
xchip.xi_core_u_trip.xr2228.dt               0
xchip.xi_core_u_trip.n1578         6.26368e-28
xchip.xi_core_u_trip.xr2229.dt               0
xchip.xi_core_u_trip.n1579         6.53165e-28
xchip.xi_core_u_trip.xr2230.dt               0
xchip.xi_core_u_trip.xr2231.dt               0
xchip.xi_core_u_trip.xr2232.dt               0
xchip.xi_core_u_trip.xr2233.dt               0
xchip.xi_core_u_trip.xr2234.dt               0
xchip.xi_core_u_trip.n1586         1.59088e-28
xchip.xi_core_u_trip.xr2235.dt               0
xchip.xi_core_u_trip.n1587         1.80659e-28
xchip.xi_core_u_trip.xr2236.dt               0
xchip.xi_core_u_trip.n1588         5.04229e-28
xchip.xi_core_u_trip.xr2237.dt               0
xchip.xi_core_u_trip.n1589           5.258e-28
xchip.xi_core_u_trip.xr2238.dt               0
xchip.xi_core_u_trip.xr2239.dt               0
xchip.xi_core_u_trip.xr2240.dt               0
xchip.xi_core_u_trip.xr2241.dt               0
xchip.xi_core_u_trip.xr2242.dt               0
xchip.xi_core_u_trip.n1596         2.00973e-28
xchip.xi_core_u_trip.xr2243.dt               0
xchip.xi_core_u_trip.n1597         2.21071e-28
xchip.xi_core_u_trip.xr2244.dt               0
xchip.xi_core_u_trip.n1598         6.29718e-28
xchip.xi_core_u_trip.xr2245.dt               0
xchip.xi_core_u_trip.n1599         6.49815e-28
xchip.xi_core_u_trip.xr2246.dt               0
xchip.xi_core_u_trip.xr2247.dt               0
xchip.xi_core_u_trip.xr2248.dt               0
xchip.xi_core_u_trip.xr2249.dt               0
xchip.xi_core_u_trip.xr2250.dt               0
xchip.xi_core_u_trip.n1608         1.61784e-28
xchip.xi_core_u_trip.xr2251.dt               0
xchip.xi_core_u_trip.n1609         1.77963e-28
xchip.xi_core_u_trip.xr2252.dt               0
xchip.xi_core_u_trip.n1610         5.06925e-28
xchip.xi_core_u_trip.xr2253.dt               0
xchip.xi_core_u_trip.n1611         5.23104e-28
xchip.xi_core_u_trip.xr2254.dt               0
xchip.xi_core_u_trip.xr2255.dt               0
xchip.xi_core_u_trip.xr2256.dt               0
xchip.xi_core_u_trip.xr2257.dt               0
xchip.xi_core_u_trip.xr2258.dt               0
xchip.xi_core_u_trip.n1624         2.04323e-28
xchip.xi_core_u_trip.xr2259.dt               0
xchip.xi_core_u_trip.n1625         2.17721e-28
xchip.xi_core_u_trip.xr2260.dt               0
xchip.xi_core_u_trip.n1626         6.33067e-28
xchip.xi_core_u_trip.xr2261.dt               0
xchip.xi_core_u_trip.n1627         6.46466e-28
xchip.xi_core_u_trip.xr2262.dt               0
xchip.xi_core_u_trip.xr2263.dt               0
xchip.xi_core_u_trip.xr2264.dt               0
xchip.xi_core_u_trip.xr2265.dt               0
xchip.xi_core_u_trip.xr2266.dt               0
xchip.xi_core_u_trip.n1632         1.64481e-28
xchip.xi_core_u_trip.xr2267.dt               0
xchip.xi_core_u_trip.n1633         1.75266e-28
xchip.xi_core_u_trip.xr2268.dt               0
xchip.xi_core_u_trip.n1634         5.09622e-28
xchip.xi_core_u_trip.xr2269.dt               0
xchip.xi_core_u_trip.n1635         5.20407e-28
xchip.xi_core_u_trip.xr2270.dt               0
xchip.xi_core_u_trip.xr2271.dt               0
xchip.xi_core_u_trip.xr2272.dt               0
xchip.xi_core_u_trip.xr2273.dt               0
xchip.xi_core_u_trip.xr2274.dt               0
xchip.xi_core_u_trip.n1644         2.07673e-28
xchip.xi_core_u_trip.xr2275.dt               0
xchip.xi_core_u_trip.n1645         2.14372e-28
xchip.xi_core_u_trip.xr2276.dt               0
xchip.xi_core_u_trip.n1646         6.36417e-28
xchip.xi_core_u_trip.xr2277.dt               0
xchip.xi_core_u_trip.n1647         6.43116e-28
xchip.xi_core_u_trip.xr2278.dt               0
xchip.xi_core_u_trip.xr2279.dt               0
xchip.xi_core_u_trip.xr2280.dt               0
xchip.xi_core_u_trip.xr2281.dt               0
xchip.xi_core_u_trip.xr2282.dt               0
xchip.xi_core_u_trip.n1652         1.67177e-28
xchip.xi_core_u_trip.xr2283.dt               0
xchip.xi_core_u_trip.n1653          1.7257e-28
xchip.xi_core_u_trip.xr2284.dt               0
xchip.xi_core_u_trip.n1654         5.12318e-28
xchip.xi_core_u_trip.xr2285.dt               0
xchip.xi_core_u_trip.n1655         5.17711e-28
xchip.xi_core_u_trip.xr2286.dt               0
xchip.xi_core_u_trip.xr2287.dt               0
xchip.xi_core_u_trip.xr2288.dt               0
xchip.xi_core_u_trip.xr2289.dt               0
xchip.xi_core_u_trip.xr2290.dt               0
xchip.xi_core_u_trip.n1660         2.11022e-28
xchip.xi_core_u_trip.xr2291.dt               0
xchip.xi_core_u_trip.xr2292.dt               0
xchip.xi_core_u_trip.n1661         6.39767e-28
xchip.xi_core_u_trip.xr2293.dt               0
xchip.xi_core_u_trip.xr2294.dt               0
xchip.xi_core_u_trip.xr2295.dt               0
xchip.xi_core_u_trip.xr2296.dt               0
xchip.xi_core_u_trip.xr2297.dt               0
xchip.xi_core_u_trip.xr2298.dt               0
xchip.xi_core_u_trip.n1668         1.69874e-28
xchip.xi_core_u_trip.xr2299.dt               0
xchip.xi_core_u_trip.xr2300.dt               0
xchip.xi_core_u_trip.n1669         5.15014e-28
xchip.xi_core_u_trip.xr2301.dt               0
xchip.xi_core_u_trip.xr2302.dt               0
xchip.xi_core_u_trip.xr2303.dt               0
xchip.xi_core_u_trip.xr2304.dt               0
xchip.xi_core_u_trip.xr2305.dt               0
xchip.xi_core_u_trip.xr2306.dt               0
xchip.xi_core_u_trip.n1709         6.33138e-12
xchip.xi_core_u_trip.xr2307.dt               0
xchip.xi_core_u_trip.n1674         5.99815e-12
xchip.xi_core_u_trip.xr2308.dt               0
xchip.xi_core_u_trip.n1710         5.66492e-12
xchip.xi_core_u_trip.xr2309.dt               0
xchip.xi_core_u_trip.n1675         5.33169e-12
xchip.xi_core_u_trip.xr2310.dt               0
xchip.xi_core_u_trip.n1711         4.99846e-12
xchip.xi_core_u_trip.xr2311.dt               0
xchip.xi_core_u_trip.n1676         4.66523e-12
xchip.xi_core_u_trip.xr2312.dt               0
xchip.xi_core_u_trip.n1712         4.33199e-12
xchip.xi_core_u_trip.xr2313.dt               0
xchip.xi_core_u_trip.n1677         3.99876e-12
xchip.xi_core_u_trip.xr2314.dt               0
xchip.xi_core_u_trip.n1713         3.66553e-12
xchip.xi_core_u_trip.xr2315.dt               0
xchip.xi_core_u_trip.xr2316.dt               0
xchip.xi_core_u_trip.n1714         2.99907e-12
xchip.xi_core_u_trip.xr2317.dt               0
xchip.xi_core_u_trip.n1678         2.66584e-12
xchip.xi_core_u_trip.xr2318.dt               0
xchip.xi_core_u_trip.n1715         2.33261e-12
xchip.xi_core_u_trip.xr2319.dt               0
xchip.xi_core_u_trip.n1679         1.99938e-12
xchip.xi_core_u_trip.xr2320.dt               0
xchip.xi_core_u_trip.n1716         1.66615e-12
xchip.xi_core_u_trip.xr2321.dt               0
xchip.xi_core_u_trip.n1680         1.33292e-12
xchip.xi_core_u_trip.xr2322.dt               0
xchip.xi_core_u_trip.n1717         9.99691e-13
xchip.xi_core_u_trip.xr2323.dt               0
xchip.xi_core_u_trip.n1681          6.6646e-13
xchip.xi_core_u_trip.xr2324.dt               0
xchip.xi_core_u_trip.n1718          3.3323e-13
xchip.xi_core_u_trip.xr2325.dt               0
xchip.xi_core_u_trip.xr2326.dt               0
xchip.xi_core_u_trip.xchs.1        6.32787e-18
xchip.xi_core_u_trip.xchh.1        2.09974e-18
xchip.xi_core_u_trip.xch.1          3.3323e-12
xchip.xpad01_vdd.net3              1.10264e-26
xchip.xpad01_vdd.xi4.net15         6.36864e-25
xchip.xpad01_vdd.xi4.net16         6.36864e-25
xchip.xpad01_vdd.xi4.xrr15.dt                0
xchip.xpad01_vdd.xi4.net20         6.36863e-25
xchip.xpad01_vdd.xi4.net21         6.36863e-25
xchip.xpad01_vdd.xi4.xrr20.dt                0
xchip.xpad01_vdd.xi4.net23         6.36863e-25
xchip.xpad01_vdd.xi4.net24         6.36863e-25
xchip.xpad01_vdd.xi4.xrr23.dt                0
xchip.xpad01_vdd.xi4.net17         6.36864e-25
xchip.xpad01_vdd.xi4.net18         6.36864e-25
xchip.xpad01_vdd.xi4.xrr17.dt                0
xchip.xpad01_vdd.xi4.xrr16.dt                0
xchip.xpad01_vdd.xi4.net25         6.36863e-25
xchip.xpad01_vdd.net1              6.36863e-25
xchip.xpad01_vdd.xi4.xrr25.dt                0
xchip.xpad01_vdd.xi4.net22         6.36863e-25
xchip.xpad01_vdd.xi4.xrr22.dt                0
xchip.xpad01_vdd.xi4.net19         6.36864e-25
xchip.xpad01_vdd.xi4.xrr19.dt                0
xchip.xpad01_vdd.xi4.xrr24.dt                0
xchip.xpad01_vdd.xi4.xrr21.dt                0
xchip.xpad01_vdd.xi4.xrr18.dt                0
xchip.xpad01_vdd.xi4.net5          6.36866e-25
xchip.xpad01_vdd.xi4.net6          6.36866e-25
xchip.xpad01_vdd.xi4.xrr5.dt                 0
xchip.xpad01_vdd.xi4.net8          6.36865e-25
xchip.xpad01_vdd.xi4.net9          6.36865e-25
xchip.xpad01_vdd.xi4.xrr8.dt                 0
xchip.xpad01_vdd.xi4.net11         6.36865e-25
xchip.xpad01_vdd.xi4.net12         6.36864e-25
xchip.xpad01_vdd.xi4.xrr11.dt                0
xchip.xpad01_vdd.xi4.net14         6.36864e-25
xchip.xpad01_vdd.xi4.xrr14.dt                0
xchip.xpad01_vdd.xi4.net2          6.36866e-25
xchip.xpad01_vdd.xi4.net3          6.36866e-25
xchip.xpad01_vdd.xi4.xrr2.dt                 0
xchip.xpad01_vdd.xi4.net1          6.36867e-25
xchip.xpad01_vdd.xi4.xrr1.dt                 0
xchip.xpad01_vdd.xi4.net13         6.36864e-25
xchip.xpad01_vdd.xi4.xrr13.dt                0
xchip.xpad01_vdd.xi4.net10         6.36865e-25
xchip.xpad01_vdd.xi4.xrr10.dt                0
xchip.xpad01_vdd.xi4.net7          6.36865e-25
xchip.xpad01_vdd.xi4.xrr7.dt                 0
xchip.xpad01_vdd.xi4.net4          6.36866e-25
xchip.xpad01_vdd.xi4.xrr4.dt                 0
xchip.xpad01_vdd.xi4.xrr12.dt                0
xchip.xpad01_vdd.xi4.xrr9.dt                 0
xchip.xpad01_vdd.xi4.xrr6.dt                 0
xchip.xpad01_vdd.xi4.xrr3.dt                 0
xchip.xpad01_vdd.xi4.xrr0.dt                 0
xchip.xpad03_iovdd.net4           -5.78226e-22
xchip.xpad03_iovdd.xi3.net15       1.19287e-20
xchip.xpad03_iovdd.xi3.net16       1.19287e-20
xchip.xpad03_iovdd.xi3.xrr15.dt               0
xchip.xpad03_iovdd.xi3.net20       1.19287e-20
xchip.xpad03_iovdd.xi3.net21       1.19287e-20
xchip.xpad03_iovdd.xi3.xrr20.dt               0
xchip.xpad03_iovdd.xi3.net23       1.19287e-20
xchip.xpad03_iovdd.xi3.net24       1.19287e-20
xchip.xpad03_iovdd.xi3.xrr23.dt               0
xchip.xpad03_iovdd.xi3.net17       1.19287e-20
xchip.xpad03_iovdd.xi3.net18       1.19287e-20
xchip.xpad03_iovdd.xi3.xrr17.dt               0
xchip.xpad03_iovdd.xi3.xrr16.dt               0
xchip.xpad03_iovdd.xi3.net25       1.19287e-20
xchip.xpad03_iovdd.net1            1.19287e-20
xchip.xpad03_iovdd.xi3.xrr25.dt               0
xchip.xpad03_iovdd.xi3.net22       1.19287e-20
xchip.xpad03_iovdd.xi3.xrr22.dt               0
xchip.xpad03_iovdd.xi3.net19       1.19287e-20
xchip.xpad03_iovdd.xi3.xrr19.dt               0
xchip.xpad03_iovdd.xi3.xrr24.dt               0
xchip.xpad03_iovdd.xi3.xrr21.dt               0
xchip.xpad03_iovdd.xi3.xrr18.dt               0
xchip.xpad03_iovdd.xi3.net5        1.19288e-20
xchip.xpad03_iovdd.xi3.net6        1.19288e-20
xchip.xpad03_iovdd.xi3.xrr5.dt               0
xchip.xpad03_iovdd.xi3.net8        1.19288e-20
xchip.xpad03_iovdd.xi3.net9        1.19288e-20
xchip.xpad03_iovdd.xi3.xrr8.dt               0
xchip.xpad03_iovdd.xi3.net11       1.19288e-20
xchip.xpad03_iovdd.xi3.net12       1.19288e-20
xchip.xpad03_iovdd.xi3.xrr11.dt               0
xchip.xpad03_iovdd.xi3.net14       1.19288e-20
xchip.xpad03_iovdd.xi3.xrr14.dt               0
xchip.xpad03_iovdd.xi3.net2        1.19288e-20
xchip.xpad03_iovdd.xi3.net3        1.19288e-20
xchip.xpad03_iovdd.xi3.xrr2.dt               0
xchip.xpad03_iovdd.xi3.net1        1.19288e-20
xchip.xpad03_iovdd.xi3.xrr1.dt               0
xchip.xpad03_iovdd.xi3.net13       1.19288e-20
xchip.xpad03_iovdd.xi3.xrr13.dt               0
xchip.xpad03_iovdd.xi3.net10       1.19288e-20
xchip.xpad03_iovdd.xi3.xrr10.dt               0
xchip.xpad03_iovdd.xi3.net7        1.19288e-20
xchip.xpad03_iovdd.xi3.xrr7.dt               0
xchip.xpad03_iovdd.xi3.net4        1.19288e-20
xchip.xpad03_iovdd.xi3.xrr4.dt               0
xchip.xpad03_iovdd.xi3.xrr12.dt               0
xchip.xpad03_iovdd.xi3.xrr9.dt               0
xchip.xpad03_iovdd.xi3.xrr6.dt               0
xchip.xpad03_iovdd.xi3.xrr3.dt               0
xchip.xpad03_iovdd.xi3.xrr0.dt               0
xchip.xpad07_vdda.xi0.net2         1.19288e-20
xchip.xpad07_vdda.xi0.xrr0.dt                0
xchip._nc1                          3.2373e-21
xchip.xpad07_vdda.xi3.xrr0.dt                0
xchip.xpad07_vdda.xi4.net2                   0
xchip.xpad07_vdda.xi4.xrr0.dt                0
xchip.xpad08_sense_p.xi0.net2      1.19288e-20
xchip.xpad08_sense_p.xi0.xrr0.dt               0
xchip._nc2                         7.21404e-11
xchip.xpad08_sense_p.xi3.xrr0.dt               0
xchip.xpad08_sense_p.xi4.net2                0
xchip.xpad08_sense_p.xi4.xrr0.dt               0
xchip.xpad09_sense_n.xi0.net2      1.19288e-20
xchip.xpad09_sense_n.xi0.xrr0.dt               0
xchip._nc3                         2.06115e-11
xchip.xpad09_sense_n.xi3.xrr0.dt               0
xchip.xpad09_sense_n.xi4.net2                0
xchip.xpad09_sense_n.xi4.xrr0.dt               0
xchip.xpad10_gate.xi2.xi1.net2     3.47712e-25
xchip.xpad10_gate.net1             3.62233e-21
xchip.xpad10_gate.xi2.xi1.net4      1.7291e-21
xchip.xpad10_gate.xi2.xi1.net3     2.58496e-21
xchip.xpad10_gate.xi2.xi0.net2     3.47712e-25
xchip.xpad10_gate.net2             2.24743e-21
xchip.xpad10_gate.xi2.xi0.net4      1.7291e-21
xchip.xpad10_gate.xi2.xi0.net3     2.58496e-21
xchip.xpad11_fault_n.xi2.xi1.net2     3.47712e-25
xchip.xpad11_fault_n.net1          3.62234e-21
xchip.xpad11_fault_n.xi2.xi1.net4      1.7291e-21
xchip.xpad11_fault_n.xi2.xi1.net3     2.58496e-21
xchip.xpad11_fault_n.xi2.xi0.net2     3.47712e-25
xchip.xpad11_fault_n.net2          2.24744e-21
xchip.xpad11_fault_n.xi2.xi0.net4      1.7291e-21
xchip.xpad11_fault_n.xi2.xi0.net3     2.58496e-21
xchip.xpad12_en.xi0.net4           2.13243e-21
xchip.xpad12_en.xi0.net7           1.42989e-21
xchip.xpad12_en.xi0.net1           2.08933e-29
xchip.xpad12_en.xi0.net2           3.02889e-27
xchip.xpad12_en.xi0.xi0.xrr0.dt               0
trip_set                           1.31214e-25
xchip.xpad13_trip_set.xi0.net2     1.19288e-20
xchip.xpad13_trip_set.xi0.xrr0.dt               0
xchip.i_core_trip_set              1.31234e-25
xchip.xpad13_trip_set.xi3.xrr0.dt               0
xchip.xpad13_trip_set.xi4.net2               0
xchip.xpad13_trip_set.xi4.xrr0.dt               0
xchip.xpad14_sclk.xi0.net4         2.13243e-21
xchip.xpad14_sclk.xi0.net7         1.42989e-21
xchip.xpad14_sclk.xi0.net1         2.08933e-29
xchip.xpad14_sclk.xi0.net2         3.15089e-27
xchip.xpad14_sclk.xi0.xi0.xrr0.dt               0
xchip.xpad15_sdi.xi0.net4          2.13243e-21
xchip.xpad15_sdi.xi0.net7          1.42989e-21
xchip.xpad15_sdi.xi0.net1          2.08933e-29
xchip.xpad15_sdi.xi0.net2          3.11915e-27
xchip.xpad15_sdi.xi0.xi0.xrr0.dt               0
xchip.xpad16_sdo.xi2.xi1.net2      3.47587e-25
xchip.xpad16_sdo.net1              3.62234e-21
xchip.xpad16_sdo.xi2.xi1.net4       1.7291e-21
xchip.xpad16_sdo.xi2.xi1.net3      2.58496e-21
xchip.xpad16_sdo.xi2.xi0.net2      3.47587e-25
xchip.xpad16_sdo.net2              2.24744e-21
xchip.xpad16_sdo.xi2.xi0.net4       1.7291e-21
xchip.xpad16_sdo.xi2.xi0.net3      2.58496e-21
sdo_pad                            4.21551e-21
xchip.xpad17_temp_out.xi2.xi1.net2     3.47728e-25
xchip.xpad17_temp_out.net1         3.62234e-21
xchip.xpad17_temp_out.xi2.xi1.net4      1.7291e-21
xchip.xpad17_temp_out.xi2.xi1.net3     2.58496e-21
xchip.xpad17_temp_out.xi2.xi0.net2     3.47728e-25
xchip.xpad17_temp_out.net2         2.24743e-21
xchip.xpad17_temp_out.xi2.xi0.net4      1.7291e-21
xchip.xpad17_temp_out.xi2.xi0.net3     2.58496e-21
temp_out_pad                      -3.93133e-22
vref_pad                           1.45163e-22
xchip.xpad18_vref.xi0.net2         1.19288e-20
xchip.xpad18_vref.xi0.xrr0.dt                0
xchip.xpad18_vref.xi3.xrr0.dt                0
xchip.xpad18_vref.xi4.net2                   0
xchip.xpad18_vref.xi4.xrr0.dt                0
xchip.xpad19_g_shared.xi0.net2     1.19288e-20
xchip.xpad19_g_shared.xi0.xrr0.dt               0
xchip._nc4                         1.31234e-25
xchip.xpad19_g_shared.xi3.xrr0.dt               0
xchip.xpad19_g_shared.xi4.net2               0
xchip.xpad19_g_shared.xi4.xrr0.dt               0
xchip.xpad20_d_std.xi0.net2        1.19288e-20
xchip.xpad20_d_std.xi0.xrr0.dt               0
xchip._nc5                         1.31234e-25
xchip.xpad20_d_std.xi3.xrr0.dt               0
xchip.xpad20_d_std.xi4.net2                  0
xchip.xpad20_d_std.xi4.xrr0.dt               0
xchip.xpad21_d_elt.xi0.net2        1.19288e-20
xchip.xpad21_d_elt.xi0.xrr0.dt               0
xchip._nc6                         1.31234e-25
xchip.xpad21_d_elt.xi3.xrr0.dt               0
xchip.xpad21_d_elt.xi4.net2                  0
xchip.xpad21_d_elt.xi4.xrr0.dt               0
xchip.xpad22_hbt_e.xi0.net2        1.19288e-20
xchip.xpad22_hbt_e.xi0.xrr0.dt               0
xchip._nc7                         1.31234e-25
xchip.xpad22_hbt_e.xi3.xrr0.dt               0
xchip.xpad22_hbt_e.xi4.net2                  0
xchip.xpad22_hbt_e.xi4.xrr0.dt               0
xchip.xpad23_hbt_b.xi0.net2        1.19288e-20
xchip.xpad23_hbt_b.xi0.xrr0.dt               0
xchip._nc8                         1.31234e-25
xchip.xpad23_hbt_b.xi3.xrr0.dt               0
xchip.xpad23_hbt_b.xi4.net2                  0
xchip.xpad23_hbt_b.xi4.xrr0.dt               0
xchip.xpad24_hbt_c.xi0.net2        1.19288e-20
xchip.xpad24_hbt_c.xi0.xrr0.dt               0
xchip._nc9                         1.31234e-25
xchip.xpad24_hbt_c.xi3.xrr0.dt               0
xchip.xpad24_hbt_c.xi4.net2                  0
xchip.xpad24_hbt_c.xi4.xrr0.dt               0
b.xchip.xi_core_u_osc.bosc_clk#branch               0
b.xchip.xi_core_u_osc.ben_g#branch               0
v.xchip.vm_tripd#branch           -1.27373e-24
v.xchip.vm_tripa#branch            9.94482e-31
v.xchip.vm_t2fd#branch             4.71687e-36
v.xchip.vm_t2f#branch              4.02443e-31
v.xchip.vm_sense#branch           -6.47461e-21
v.xchip.vm_osc#branch              1.27527e-36
v.xchip.vm_lsd#branch              1.93198e-36
v.xchip.vm_ls#branch               9.55092e-32
v.xchip.vm_gated#branch            4.64242e-36
v.xchip.vm_gatea#branch            3.97957e-31
v.xchip.vm_bgr#branch              2.40644e-30
v.xchip.xi_core_u_osc.vosc_i#branch               0
vsdi#branch                        1.07359e-31
vsclk#branch                       1.07359e-31
ven#branch                         1.07359e-31
vim#branch                         2.06115e-09
vprof#branch                            -1e-12
v12#branch                         1.27373e-24
vmi#branch                        -2.38576e-20
vma#branch                        -6.47461e-21
v33#branch                         3.03322e-20
vsub#branch                                  0
a.xchip.xi_core_u_digital.adac#branch_1_0      6.2541e-28
a.xchip.xi_core_u_digital.adac#branch_1_1    -1.41648e-39
a.xchip.xi_core_u_digital.adac#branch_1_2    -1.41648e-39
a.xchip.xi_core_u_digital.adac#branch_1_3    -1.41648e-39
a.xchip.xi_core_u_digital.adac#branch_1_4    -1.41648e-39
a.xchip.xi_core_u_digital.adac#branch_1_5    -1.41648e-39
a.xchip.xi_core_u_digital.adac#branch_1_6    -1.41648e-39
a.xchip.xi_core_u_digital.adac#branch_1_7    -1.41648e-39
a.xchip.xi_core_u_digital.adac#branch_1_8    -1.41648e-39
a.xchip.xi_core_u_digital.adac#branch_1_9    -1.41648e-39
a.xchip.xi_core_u_digital.adac#branch_1_10    -1.41648e-39
a.xchip.xi_core_u_digital.adac#branch_1_11    -1.41648e-39
a.xchip.xi_core_u_digital.adac#branch_1_12    -1.41648e-39
a.xchip.xi_core_u_digital.adac#branch_1_13    -1.41648e-39
a.xchip.xi_core_u_digital.adac#branch_1_14    -1.41648e-39
a.xchip.xi_core_u_digital.adac#branch_1_15    -1.41648e-39
a.xchip.xi_core_u_digital.adac#branch_1_16    -1.41648e-39
a.xchip.xi_core_u_digital.adac#branch_1_17    -2.52456e-39
a.xchip.xi_core_u_digital.adac#branch_1_18    -2.52456e-39
a.xchip.xi_core_u_digital.adac#branch_1_19    -8.38835e-40
a.xchip.xi_core_u_digital.adac#branch_1_20               0
a.xchip.xi_core_u_digital.adac#branch_1_21               0
a.xchip.xi_core_u_digital.adac#branch_1_22               0
a.xchip.xi_core_u_digital.adac#branch_1_23               0
a.xchip.xi_core_u_digital.adac#branch_1_24               0
a.xchip.xi_core_u_digital.adac#branch_1_25               0
a.xchip.xi_core_u_digital.adac#branch_1_26               0
a.xchip.xi_core_u_digital.adac#branch_1_27               0
a.xchip.xi_core_u_digital.adac#branch_1_28               0
a.xchip.xi_core_u_digital.adac#branch_1_29    -1.01163e-38
a.xchip.xi_core_u_digital.adac#branch_1_30               0
a.xchip.xi_core_u_digital.adac#branch_1_31               0
a.xchip.xi_core_u_digital.adac#branch_1_32               0
a.xchip.xi_core_u_digital.adac#branch_1_33               0
a.xchip.xi_core_u_digital.adac#branch_1_34               0
a.xchip.xi_core_u_digital.adac#branch_1_35               0
a.xchip.xi_core_u_digital.adac#branch_1_36               0
a.xchip.xi_core_u_digital.adac#branch_1_37               0
a.xchip.xi_core_u_digital.adac#branch_1_38               0
a.xchip.xi_core_u_digital.adac#branch_1_39               0
a.xchip.xi_core_u_digital.adac#branch_1_40               0
a.xchip.xi_core_u_digital.adac#branch_1_41               0
a.xchip.xi_core_u_digital.adac#branch_1_42               0
a.xchip.xi_core_u_digital.adac#branch_1_43               0
a.xchip.xi_core_u_digital.adac#branch_1_44               0
a.xchip.xi_core_u_digital.adac#branch_1_45               0
a.xchip.xi_core_u_digital.adac#branch_1_46               0
a.xchip.xi_core_u_digital.adac#branch_1_47               0
a.xchip.xi_core_u_digital.adac#branch_1_48    -2.52456e-39
a.xchip.xi_core_u_digital.adac#branch_1_49    -2.52456e-39
a.xchip.xi_core_u_digital.adac#branch_1_50    -2.52456e-39
a.xchip.xi_core_u_digital.adac#branch_1_51               0
a.xchip.xi_core_u_digital.adac#branch_1_52               0
a.xchip.xi_core_u_digital.adac#branch_1_53               0

 Reference value :  0.00000e+00 Reference value :  2.00000e-10 Reference value :  1.00000e-09 Reference value :  1.00155e-09 Reference value :  1.01084e-09 Reference value :  1.08310e-09 Reference value :  1.12733e-09 Reference value :  1.15837e-09 Reference value :  1.18922e-09 Reference value :  1.21588e-09 Reference value :  1.27878e-09 Reference value :  1.30779e-09 Reference value :  1.33295e-09 Reference value :  1.36949e-09 Reference value :  1.42761e-09 Reference value :  1.60791e-09 Reference value :  2.18567e-09 Reference value :  3.04299e-09 Reference value :  4.46368e-09 Reference value :  8.36125e-09 Reference value :  3.46842e-08 Reference value :  8.73421e-08 Reference value :  1.00300e-07 Reference value :  1.01070e-07 Reference value :  1.02050e-07 Reference value :  1.09890e-07 Reference value :  1.36770e-07 Reference value :  1.53288e-07 Reference value :  1.53988e-07 Reference value :  1.54478e-07 Reference value :  1.58397e-07 Reference value :  1.89757e-07 Reference value :  2.06275e-07 Reference value :  2.06975e-07 Reference value :  2.07465e-07 Reference value :  2.11385e-07 Reference value :  2.42745e-07 Reference value :  2.59263e-07 Reference value :  2.59962e-07 Reference value :  2.60452e-07 Reference value :  2.64372e-07 Reference value :  2.95732e-07 Reference value :  3.12250e-07 Reference value :  3.12950e-07 Reference value :  3.13440e-07 Reference value :  3.17360e-07 Reference value :  3.48720e-07 Reference value :  3.65237e-07 Reference value :  3.65937e-07 Reference value :  3.66427e-07 Reference value :  3.70347e-07 Reference value :  4.01707e-07 Reference value :  4.18225e-07 Reference value :  4.18925e-07 Reference value :  4.19415e-07 Reference value :  4.23335e-07 Reference value :  4.54695e-07 Reference value :  4.71213e-07 Reference value :  4.71913e-07 Reference value :  4.72403e-07 Reference value :  4.76323e-07 Reference value :  5.07683e-07 Reference value :  5.24200e-07 Reference value :  5.24900e-07 Reference value :  5.25390e-07 Reference value :  5.29310e-07 Reference value :  5.60670e-07 Reference value :  5.77188e-07 Reference value :  5.77887e-07 Reference value :  5.78377e-07 Reference value :  5.82297e-07 Reference value :  6.13657e-07 Reference value :  6.30175e-07 Reference value :  6.30875e-07 Reference value :  6.31365e-07 Reference value :  6.35285e-07 Reference value :  6.66645e-07 Reference value :  6.83163e-07 Reference value :  6.83862e-07 Reference value :  6.84352e-07 Reference value :  6.88272e-07 Reference value :  7.19632e-07 Reference value :  7.37850e-07 Reference value :  7.65850e-07 Reference value :  7.88938e-07 Reference value :  7.89487e-07 Reference value :  7.89838e-07 Reference value :  7.90327e-07 Reference value :  7.94247e-07 Reference value :  8.25607e-07 Reference value :  8.42125e-07 Reference value :  8.42825e-07 Reference value :  8.43315e-07 Reference value :  8.47235e-07 Reference value :  8.78595e-07 Reference value :  8.95113e-07 Reference value :  8.95812e-07 Reference value :  8.96302e-07 Reference value :  9.00222e-07 Reference value :  9.31582e-07 Reference value :  9.48100e-07 Reference value :  9.48800e-07 Reference value :  9.49290e-07 Reference value :  9.53210e-07 Reference value :  9.83325e-07 Reference value :  1.00005e-06 Reference value :  1.00047e-06 Reference value :  1.00080e-06 Reference value :  1.00104e-06 Reference value :  1.00155e-06 Reference value :  1.00184e-06 Reference value :  1.00251e-06 Reference value :  1.00766e-06 Reference value :  1.03929e-06 Reference value :  1.05407e-06 Reference value :  1.05443e-06 Reference value :  1.05485e-06 Reference value :  1.05583e-06 Reference value :  1.06367e-06 Reference value :  1.10676e-06 Reference value :  1.10741e-06 Reference value :  1.10783e-06 Reference value :  1.10881e-06 Reference value :  1.11665e-06 Reference value :  1.15975e-06 Reference value :  1.16005e-06 Reference value :  1.16075e-06 Reference value :  1.16124e-06 Reference value :  1.16516e-06 Reference value :  1.19652e-06 Reference value :  1.21304e-06 Reference value :  1.21374e-06 Reference value :  1.21423e-06 Reference value :  1.21815e-06 Reference value :  1.24951e-06 Reference value :  1.26583e-06 Reference value :  1.26638e-06 Reference value :  1.26694e-06 Reference value :  1.26889e-06 Reference value :  1.28457e-06 Reference value :  1.31871e-06 Reference value :  1.31936e-06 Reference value :  1.31978e-06 Reference value :  1.32076e-06 Reference value :  1.32860e-06 Reference value :  1.35548e-06 Reference value :  1.37180e-06 Reference value :  1.37235e-06 Reference value :  1.37291e-06 Reference value :  1.37487e-06 Reference value :  1.39055e-06 Reference value :  1.42469e-06 Reference value :  1.42534e-06 Reference value :  1.42576e-06 Reference value :  1.42674e-06 Reference value :  1.43458e-06 Reference value :  1.46146e-06 Reference value :  1.47778e-06 Reference value :  1.47832e-06 Reference value :  1.47888e-06 Reference value :  1.48084e-06 Reference value :  1.49652e-06 Reference value :  1.52087e-06 Reference value :  1.53096e-06 Reference value :  1.53166e-06 Reference value :  1.53215e-06 Reference value :  1.53607e-06 Reference value :  1.54951e-06 Reference value :  1.56376e-06 Reference value :  1.58365e-06 Reference value :  1.58564e-06 Reference value :  1.59758e-06 Reference value :  1.62506e-06 Reference value :  1.63674e-06 Reference value :  1.63729e-06 Reference value :  1.63764e-06 Reference value :  1.63813e-06 Reference value :  1.64205e-06 Reference value :  1.65549e-06 Reference value :  1.68963e-06 Reference value :  1.68993e-06 Reference value :  1.69063e-06 Reference value :  1.69111e-06 Reference value :  1.69503e-06 Reference value :  1.70847e-06 Reference value :  1.73369e-06 Reference value :  1.74291e-06 Reference value :  1.74361e-06 Reference value :  1.74410e-06 Reference value :  1.74802e-06 Reference value :  1.75186e-06 Reference value :  1.75633e-06 Reference value :  1.75915e-06 Reference value :  1.76626e-06 Reference value :  1.77560e-06 Reference value :  1.78398e-06 Reference value :  1.78796e-06 Reference value :  1.79560e-06 Reference value :  1.79590e-06 Reference value :  1.79660e-06 Reference value :  1.79709e-06 Reference value :  1.80101e-06 Reference value :  1.81445e-06 Reference value :  1.84859e-06 Reference value :  1.84924e-06 Reference value :  1.84966e-06 Reference value :  1.85064e-06 Reference value :  1.85848e-06 Reference value :  1.86506e-06 Reference value :  1.86870e-06 Reference value :  1.87290e-06 Reference value :  1.87806e-06 Reference value :  1.88036e-06 Reference value :  1.88720e-06 Reference value :  1.89606e-06 Reference value :  1.90167e-06 Reference value :  1.90223e-06 Reference value :  1.90279e-06 Reference value :  1.90475e-06 Reference value :  1.92043e-06 Reference value :  1.95456e-06 Reference value :  1.95521e-06 Reference value :  1.95556e-06 Reference value :  1.95605e-06 Reference value :  1.95997e-06 Reference value :  1.97341e-06 Reference value :  2.00755e-06 Reference value :  2.00785e-06 Reference value :  2.00855e-06 Reference value :  2.00904e-06 Reference value :  2.01296e-06 Reference value :  2.02640e-06 Reference value :  2.06054e-06 Reference value :  2.06119e-06 Reference value :  2.06154e-06 Reference value :  2.06203e-06 Reference value :  2.06595e-06 Reference value :  2.07939e-06 Reference value :  2.11352e-06 Reference value :  2.11382e-06 Reference value :  2.11452e-06 Reference value :  2.11501e-06 Reference value :  2.11894e-06 Reference value :  2.13238e-06 Reference value :  2.16651e-06 Reference value :  2.16716e-06 Reference value :  2.16751e-06 Reference value :  2.16800e-06 Reference value :  2.17192e-06 Reference value :  2.20328e-06 Reference value :  2.21960e-06 Reference value :  2.22015e-06 Reference value :  2.22071e-06 Reference value :  2.22267e-06 Reference value :  2.23835e-06 Reference value :  2.27249e-06 Reference value :  2.27314e-06 Reference value :  2.27349e-06 Reference value :  2.27398e-06 Reference value :  2.27790e-06 Reference value :  2.30926e-06 Reference value :  2.32747e-06 Reference value :  2.33181e-06 Reference value :  2.33268e-06 Reference value :  2.33455e-06 Reference value :  2.34953e-06 Reference value :  2.37846e-06 Reference value :  2.37911e-06 Reference value :  2.37946e-06 Reference value :  2.37995e-06 Reference value :  2.38387e-06 Reference value :  2.41523e-06 Reference value :  2.43155e-06 Reference value :  2.43210e-06 Reference value :  2.43266e-06 Reference value :  2.43462e-06 Reference value :  2.45030e-06 Reference value :  2.48444e-06 Reference value :  2.48509e-06 Reference value :  2.48551e-06 Reference value :  2.48649e-06 Reference value :  2.49433e-06 Reference value :  2.53742e-06 Reference value :  2.53772e-06 Reference value :  2.53842e-06 Reference value :  2.53891e-06 Reference value :  2.54283e-06 Reference value :  2.57419e-06 Reference value :  2.59071e-06 Reference value :  2.59141e-06 Reference value :  2.59190e-06 Reference value :  2.59582e-06 Reference value :  2.62718e-06 Reference value :  2.64540e-06 Reference value :  2.64640e-06 Reference value :  2.64641e-06 Reference value :  2.64644e-06 Reference value :  2.64652e-06 Reference value :  2.64654e-06 Reference value :  2.64659e-06 Reference value :  2.64663e-06 Reference value :  2.64668e-06 Reference value :  2.64671e-06 Reference value :  2.64677e-06 Reference value :  2.64686e-06 Reference value :  2.64690e-06 Reference value :  2.64699e-06 Reference value :  2.64702e-06 Reference value :  2.64705e-06 Reference value :  2.64713e-06 Reference value :  2.64723e-06 Reference value :  2.64734e-06 Reference value :  2.64756e-06 Reference value :  2.64824e-06 Reference value :  2.65010e-06 Reference value :  2.65516e-06 Reference value :  2.67133e-06 Reference value :  2.68928e-06 Reference value :  2.69669e-06 Reference value :  2.69739e-06 Reference value :  2.69788e-06 Reference value :  2.70180e-06 Reference value :  2.73316e-06 Reference value :  2.74947e-06 Reference value :  2.75002e-06 Reference value :  2.75058e-06 Reference value :  2.75103e-06 Reference value :  2.75104e-06 Reference value :  2.75108e-06 Reference value :  2.75117e-06 Reference value :  2.75121e-06 Reference value :  2.75133e-06 Reference value :  2.75134e-06 Reference value :  2.75136e-06 Reference value :  2.75143e-06 Reference value :  2.75154e-06 Reference value :  2.75165e-06 Reference value :  2.75180e-06 Reference value :  2.75204e-06 Reference value :  2.75237e-06 Reference value :  2.75279e-06 Reference value :  2.75490e-06 Reference value :  2.76104e-06 Reference value :  2.77624e-06 Reference value :  2.80236e-06 Reference value :  2.80301e-06 Reference value :  2.80336e-06 Reference value :  2.80385e-06 Reference value :  2.80777e-06 Reference value :  2.83913e-06 Reference value :  2.85545e-06 Reference value :  2.85600e-06 Reference value :  2.85656e-06 Reference value :  2.85700e-06 Reference value :  2.85701e-06 Reference value :  2.85706e-06 Reference value :  2.85712e-06 Reference value :  2.85715e-06 Reference value :  2.85721e-06 Reference value :  2.85726e-06 Reference value :  2.85729e-06 Reference value :  2.85731e-06 Reference value :  2.85733e-06 Reference value :  2.85735e-06 Reference value :  2.85739e-06 Reference value :  2.85746e-06 Reference value :  2.85757e-06 Reference value :  2.85773e-06 Reference value :  2.85795e-06 Reference value :  2.85818e-06 Reference value :  2.85857e-06 Reference value :  2.85942e-06 Reference value :  2.86073e-06 Reference value :  2.86339e-06 Reference value :  2.88411e-06 Reference value :  2.90844e-06 Reference value :  2.90899e-06 Reference value :  2.90941e-06 Reference value :  2.91039e-06 Reference value :  2.91823e-06 Reference value :  2.96132e-06 Reference value :  2.96162e-06 Reference value :  2.96232e-06 Reference value :  2.96281e-06 Reference value :  2.96298e-06 Reference value :  2.96299e-06 Reference value :  2.96303e-06 Reference value :  2.96311e-06 Reference value :  2.96321e-06 Reference value :  2.96328e-06 Reference value :  2.96330e-06 Reference value :  2.96332e-06 Reference value :  2.96338e-06 Reference value :  2.96346e-06 Reference value :  2.96355e-06 Reference value :  2.96367e-06 Reference value :  2.96391e-06 Reference value :  2.96418e-06 Reference value :  2.96490e-06 Reference value :  2.96677e-06 Reference value :  2.97277e-06 Reference value :  2.98742e-06 Reference value :  3.00000e-06 Reference value :  3.00880e-06 Reference value :  3.01461e-06 Reference value :  3.01531e-06 Reference value :  3.01580e-06 Reference value :  3.01972e-06 Reference value :  3.05108e-06 Reference value :  3.06930e-06 Reference value :  3.07030e-06 Reference value :  3.07031e-06 Reference value :  3.07034e-06 Reference value :  3.07042e-06 Reference value :  3.07045e-06 Reference value :  3.07050e-06 Reference value :  3.07056e-06 Reference value :  3.07061e-06 Reference value :  3.07066e-06 Reference value :  3.07074e-06 Reference value :  3.07092e-06 Reference value :  3.07100e-06 Reference value :  3.07122e-06 Reference value :  3.07144e-06 Reference value :  3.07205e-06 Reference value :  3.07376e-06 Reference value :  3.07863e-06 Reference value :  3.09461e-06 Reference value :  3.12029e-06 Reference value :  3.12094e-06 Reference value :  3.12136e-06 Reference value :  3.12234e-06 Reference value :  3.13018e-06 Reference value :  3.15706e-06 Reference value :  3.17337e-06 Reference value :  3.17392e-06 Reference value :  3.17448e-06 Reference value :  3.17493e-06 Reference value :  3.17494e-06 Reference value :  3.17498e-06 Reference value :  3.17507e-06 Reference value :  3.17517e-06 Reference value :  3.17522e-06 Reference value :  3.17524e-06 Reference value :  3.17528e-06 Reference value :  3.17534e-06 Reference value :  3.17541e-06 Reference value :  3.17549e-06 Reference value :  3.17562e-06 Reference value :  3.17584e-06 Reference value :  3.17610e-06 Reference value :  3.17681e-06 Reference value :  3.17868e-06 Reference value :  3.19088e-06 Reference value :  3.21809e-06 Reference value :  3.22656e-06 Reference value :  3.22726e-06 Reference value :  3.22775e-06 Reference value :  3.23167e-06 Reference value :  3.26303e-06 Reference value :  3.27935e-06 Reference value :  3.27990e-06 Reference value :  3.28046e-06 Reference value :  3.28090e-06 Reference value :  3.28091e-06 Reference value :  3.28096e-06 Reference value :  3.28102e-06 Reference value :  3.28105e-06 Reference value :  3.28110e-06 Reference value :  3.28115e-06 Reference value :  3.28120e-06 Reference value :  3.28122e-06 Reference value :  3.28125e-06 Reference value :  3.28133e-06 Reference value :  3.28141e-06 Reference value :  3.28157e-06 Reference value :  3.28176e-06 Reference value :  3.28184e-06 Reference value :  3.28206e-06 Reference value :  3.28276e-06 Reference value :  3.28480e-06 Reference value :  3.29834e-06 Reference value :  3.32026e-06 Reference value :  3.33254e-06 Reference value :  3.33324e-06 Reference value :  3.33373e-06 Reference value :  3.33765e-06 Reference value :  3.36901e-06 Reference value :  3.38722e-06 Reference value :  3.38823e-06 Reference value :  3.38823e-06 Reference value :  3.38827e-06 Reference value :  3.38835e-06 Reference value :  3.38845e-06 Reference value :  3.38853e-06 Reference value :  3.38855e-06 Reference value :  3.38856e-06 Reference value :  3.38861e-06 Reference value :  3.38869e-06 Reference value :  3.38877e-06 Reference value :  3.38899e-06 Reference value :  3.38924e-06 Reference value :  3.38971e-06 Reference value :  3.39146e-06 Reference value :  3.39645e-06 Reference value :  3.42042e-06 Reference value :  3.43821e-06 Reference value :  3.43886e-06 Reference value :  3.43928e-06 Reference value :  3.44026e-06 Reference value :  3.44810e-06 Reference value :  3.47498e-06 Reference value :  3.49130e-06 Reference value :  3.49185e-06 Reference value :  3.49241e-06 Reference value :  3.49285e-06 Reference value :  3.49286e-06 Reference value :  3.49291e-06 Reference value :  3.49297e-06 Reference value :  3.49300e-06 Reference value :  3.49305e-06 Reference value :  3.49310e-06 Reference value :  3.49315e-06 Reference value :  3.49317e-06 Reference value :  3.49320e-06 Reference value :  3.49329e-06 Reference value :  3.49337e-06 Reference value :  3.49353e-06 Reference value :  3.49372e-06 Reference value :  3.49381e-06 Reference value :  3.49404e-06 Reference value :  3.49481e-06 Reference value :  3.49710e-06 Reference value :  3.50382e-06 Reference value :  3.52287e-06 Reference value :  3.54419e-06 Reference value :  3.54484e-06 Reference value :  3.54526e-06 Reference value :  3.54624e-06 Reference value :  3.55408e-06 Reference value :  3.58096e-06 Reference value :  3.59727e-06 Reference value :  3.59782e-06 Reference value :  3.59838e-06 Reference value :  3.59883e-06 Reference value :  3.59884e-06 Reference value :  3.59888e-06 Reference value :  3.59897e-06 Reference value :  3.59907e-06 Reference value :  3.59914e-06 Reference value :  3.59918e-06 Reference value :  3.59924e-06 Reference value :  3.59931e-06 Reference value :  3.59939e-06 Reference value :  3.59962e-06 Reference value :  3.59987e-06 Reference value :  3.60039e-06 Reference value :  3.60135e-06 Reference value :  3.60469e-06 Reference value :  3.61492e-06 Reference value :  3.63412e-06 Reference value :  3.65016e-06 Reference value :  3.65081e-06 Reference value :  3.65116e-06 Reference value :  3.65165e-06 Reference value :  3.65557e-06 Reference value :  3.68693e-06 Reference value :  3.70325e-06 Reference value :  3.70380e-06 Reference value :  3.70436e-06 Reference value :  3.70480e-06 Reference value :  3.70483e-06 Reference value :  3.70489e-06 Reference value :  3.70492e-06 Reference value :  3.70495e-06 Reference value :  3.70500e-06 Reference value :  3.70505e-06 Reference value :  3.70510e-06 Reference value :  3.70512e-06 Reference value :  3.70515e-06 Reference value :  3.70523e-06 Reference value :  3.70531e-06 Reference value :  3.70547e-06 Reference value :  3.70566e-06 Reference value :  3.70574e-06 Reference value :  3.70596e-06 Reference value :  3.70666e-06 Reference value :  3.70870e-06 Reference value :  3.72226e-06 Reference value :  3.74417e-06 Reference value :  3.75644e-06 Reference value :  3.75714e-06 Reference value :  3.75763e-06 Reference value :  3.76155e-06 Reference value :  3.79291e-06 Reference value :  3.80942e-06 Reference value :  3.81012e-06 Reference value :  3.81061e-06 Reference value :  3.81078e-06 Reference value :  3.81079e-06 Reference value :  3.81083e-06 Reference value :  3.81092e-06 Reference value :  3.81102e-06 Reference value :  3.81107e-06 Reference value :  3.81111e-06 Reference value :  3.81113e-06 Reference value :  3.81119e-06 Reference value :  3.81126e-06 Reference value :  3.81134e-06 Reference value :  3.81157e-06 Reference value :  3.81196e-06 Reference value :  3.81266e-06 Reference value :  3.81457e-06 Reference value :  3.82686e-06 Reference value :  3.84604e-06 Reference value :  3.86211e-06 Reference value :  3.86276e-06 Reference value :  3.86311e-06 Reference value :  3.86360e-06 Reference value :  3.86752e-06 Reference value :  3.89888e-06 Reference value :  3.91520e-06 Reference value :  3.91575e-06 Reference value :  3.91631e-06 Reference value :  3.91675e-06 Reference value :  3.91676e-06 Reference value :  3.91681e-06 Reference value :  3.91687e-06 Reference value :  3.91690e-06 Reference value :  3.91695e-06 Reference value :  3.91700e-06 Reference value :  3.91705e-06 Reference value :  3.91708e-06 Reference value :  3.91718e-06 Reference value :  3.91726e-06 Reference value :  3.91742e-06 Reference value :  3.91761e-06 Reference value :  3.91769e-06 Reference value :  3.91791e-06 Reference value :  3.91861e-06 Reference value :  3.92065e-06 Reference value :  3.92665e-06 Reference value :  3.95611e-06 Reference value :  3.96839e-06 Reference value :  3.96909e-06 Reference value :  3.96958e-06 Reference value :  3.97350e-06 Reference value :  4.00486e-06 Reference value :  4.02118e-06 Reference value :  4.02172e-06 Reference value :  4.02228e-06 Reference value :  4.02273e-06 Reference value :  4.02274e-06 Reference value :  4.02282e-06 Reference value :  4.02287e-06 Reference value :  4.02297e-06 Reference value :  4.02302e-06 Reference value :  4.02304e-06 Reference value :  4.02308e-06 Reference value :  4.02314e-06 Reference value :  4.02321e-06 Reference value :  4.02329e-06 Reference value :  4.02342e-06 Reference value :  4.02365e-06 Reference value :  4.02391e-06 Reference value :  4.02461e-06 Reference value :  4.02858e-06 Reference value :  4.03881e-06 Reference value :  4.05799e-06 Reference value :  4.07406e-06 Reference value :  4.07471e-06 Reference value :  4.07506e-06 Reference value :  4.07555e-06 Reference value :  4.07947e-06 Reference value :  4.11083e-06 Reference value :  4.12715e-06 Reference value :  4.12770e-06 Reference value :  4.12826e-06 Reference value :  4.12870e-06 Reference value :  4.12871e-06 Reference value :  4.12876e-06 Reference value :  4.12882e-06 Reference value :  4.12885e-06 Reference value :  4.12890e-06 Reference value :  4.12895e-06 Reference value :  4.12900e-06 Reference value :  4.12903e-06 Reference value :  4.12908e-06 Reference value :  4.12921e-06 Reference value :  4.12937e-06 Reference value :  4.12956e-06 Reference value :  4.12975e-06 Reference value :  4.13022e-06 Reference value :  4.13124e-06 Reference value :  4.13483e-06 Reference value :  4.14614e-06 Reference value :  4.18004e-06 Reference value :  4.18069e-06 Reference value :  4.18104e-06 Reference value :  4.18153e-06 Reference value :  4.18545e-06 Reference value :  4.21681e-06 Reference value :  4.23313e-06 Reference value :  4.23367e-06 Reference value :  4.23423e-06 Reference value :  4.23468e-06 Reference value :  4.23469e-06 Reference value :  4.23473e-06 Reference value :  4.23482e-06 Reference value :  4.23492e-06 Reference value :  4.23497e-06 Reference value :  4.23499e-06 Reference value :  4.23503e-06 Reference value :  4.23509e-06 Reference value :  4.23516e-06 Reference value :  4.23524e-06 Reference value :  4.23537e-06