
Circuit 1 cell sg13_hv_nmos and Circuit 2 cell sg13_hv_nmos are black boxes.

Subcircuit pins:
Circuit 1: sg13_hv_nmos                    |Circuit 2: sg13_hv_nmos                    
-------------------------------------------|-------------------------------------------
1                                          |1                                          
2                                          |2                                          
3                                          |3                                          
4                                          |4                                          
---------------------------------------------------------------------------------------
Cell pin lists are equivalent.
Device classes sg13_hv_nmos and sg13_hv_nmos are equivalent.

Circuit 1 cell sg13_hv_pmos and Circuit 2 cell sg13_hv_pmos are black boxes.

Subcircuit pins:
Circuit 1: sg13_hv_pmos                    |Circuit 2: sg13_hv_pmos                    
-------------------------------------------|-------------------------------------------
1                                          |1                                          
2                                          |2                                          
3                                          |3                                          
4                                          |4                                          
---------------------------------------------------------------------------------------
Cell pin lists are equivalent.
Device classes sg13_hv_pmos and sg13_hv_pmos are equivalent.

Circuit 1 cell sg13_lv_pmos and Circuit 2 cell sg13_lv_pmos are black boxes.

Subcircuit pins:
Circuit 1: sg13_lv_pmos                    |Circuit 2: sg13_lv_pmos                    
-------------------------------------------|-------------------------------------------
1                                          |1                                          
2                                          |2                                          
3                                          |3                                          
4                                          |4                                          
---------------------------------------------------------------------------------------
Cell pin lists are equivalent.
Device classes sg13_lv_pmos and sg13_lv_pmos are equivalent.

Circuit 1 cell sg13_lv_nmos and Circuit 2 cell sg13_lv_nmos are black boxes.

Subcircuit pins:
Circuit 1: sg13_lv_nmos                    |Circuit 2: sg13_lv_nmos                    
-------------------------------------------|-------------------------------------------
1                                          |1                                          
2                                          |2                                          
3                                          |3                                          
4                                          |4                                          
---------------------------------------------------------------------------------------
Cell pin lists are equivalent.
Device classes sg13_lv_nmos and sg13_lv_nmos are equivalent.

Circuit 1 cell dpantenna and Circuit 2 cell dpantenna are black boxes.

Subcircuit pins:
Circuit 1: dpantenna                       |Circuit 2: dpantenna                       
-------------------------------------------|-------------------------------------------
1                                          |1                                          
2                                          |2                                          
---------------------------------------------------------------------------------------
Cell pin lists are equivalent.
Device classes dpantenna and dpantenna are equivalent.

Circuit 1 cell rppd and Circuit 2 cell rppd are black boxes.

Subcircuit pins:
Circuit 1: rppd                            |Circuit 2: rppd                            
-------------------------------------------|-------------------------------------------
1                                          |1                                          
2                                          |2                                          
3                                          |3                                          
---------------------------------------------------------------------------------------
Cell pin lists are equivalent.
Device classes rppd and rppd are equivalent.

Circuit 1 cell dantenna and Circuit 2 cell dantenna are black boxes.

Subcircuit pins:
Circuit 1: dantenna                        |Circuit 2: dantenna                        
-------------------------------------------|-------------------------------------------
1                                          |1                                          
2                                          |2                                          
---------------------------------------------------------------------------------------
Cell pin lists are equivalent.
Device classes dantenna and dantenna are equivalent.

Subcircuit summary:
Circuit 1: sg13g2_LevelUpInv               |Circuit 2: sg13g2_LevelUpInv               
-------------------------------------------|-------------------------------------------
sg13_hv_nmos (3)                           |sg13_hv_nmos (3)                           
sg13_hv_pmos (3)                           |sg13_hv_pmos (3)                           
sg13_lv_pmos (1)                           |sg13_lv_pmos (1)                           
sg13_lv_nmos (1)                           |sg13_lv_nmos (1)                           
(no matching element)                      |ptap1 (1)                                  
Number of devices: 8 **Mismatch**          |Number of devices: 9 **Mismatch**          
Number of nets: 8 **Mismatch**             |Number of nets: 9 **Mismatch**             
---------------------------------------------------------------------------------------
NET mismatches: Class fragments follow (with fanout counts):
Circuit 1: sg13g2_LevelUpInv               |Circuit 2: sg13g2_LevelUpInv               

---------------------------------------------------------------------------------------
Net: vss                                   |Net: vss                                   
  sg13_lv_nmos/(1|3) = 1                   |  sg13_lv_nmos/(1|3) = 1                   
  sg13_hv_nmos/(1|3) = 3                   |  sg13_hv_nmos/(1|3) = 3                   
  sg13_hv_nmos/4 = 3                       |  ptap1/(1|2) = 1                          
  sg13_lv_nmos/4 = 1                       |                                           
                                           |                                           
(no matching net)                          |Net: sub!                                  
                                           |  sg13_lv_nmos/4 = 1                       
                                           |  sg13_hv_nmos/4 = 3                       
                                           |  ptap1/(1|2) = 1                          
---------------------------------------------------------------------------------------
DEVICE mismatches: Class fragments follow (with node fanout counts):
Circuit 1: sg13g2_LevelUpInv               |Circuit 2: sg13g2_LevelUpInv               

---------------------------------------------------------------------------------------
(no matching instance)                     |Instance: ptap1:R0                         
                                           |  (1,2) = (5,5)                            
                                           |                                           
---------------------------------------------------------------------------------------
Netlists do not match.
Port matching may fail to disambiguate symmetries.
  Flattening non-matched subcircuits sg13g2_LevelUpInv sg13g2_LevelUpInv

Subcircuit summary:
Circuit 1: sg13g2_SecondaryProtection      |Circuit 2: sg13g2_SecondaryProtection      
-------------------------------------------|-------------------------------------------
dpantenna (1)                              |dpantenna (1)                              
rppd (1)                                   |rppd (1)                                   
dantenna (1)                               |dantenna (1)                               
(no matching element)                      |ptap1 (1)                                  
Number of devices: 3 **Mismatch**          |Number of devices: 4 **Mismatch**          
Number of nets: 4 **Mismatch**             |Number of nets: 5 **Mismatch**             
---------------------------------------------------------------------------------------
NET mismatches: Class fragments follow (with fanout counts):
Circuit 1: sg13g2_SecondaryProtection      |Circuit 2: sg13g2_SecondaryProtection      

---------------------------------------------------------------------------------------
Net: minus                                 |Net: minus                                 
  rppd/3 = 1                               |  ptap1/(1|2) = 1                          
  dantenna/1 = 1                           |                                           
                                           |                                           
(no matching net)                          |Net: sub!                                  
                                           |  rppd/3 = 1                               
                                           |  dantenna/1 = 1                           
                                           |  ptap1/(1|2) = 1                          
---------------------------------------------------------------------------------------
DEVICE mismatches: Class fragments follow (with node fanout counts):
Circuit 1: sg13g2_SecondaryProtection      |Circuit 2: sg13g2_SecondaryProtection      

---------------------------------------------------------------------------------------
(no matching instance)                     |Instance: ptap1:R1                         
                                           |  (1,2) = (3,1)                            
                                           |                                           
---------------------------------------------------------------------------------------
Netlists do not match.
Port matching may fail to disambiguate symmetries.
  Flattening non-matched subcircuits sg13g2_SecondaryProtection sg13g2_SecondaryProtection

Cell sg13g2_DCNDiode (0) disconnected node: guard
Cell sg13g2_DCNDiode (1) disconnected node: guard
Class sg13g2_DCNDiode (1):  Merged 1 parallel devices.
Cell sg13g2_DCNDiode (0) disconnected node: guard
Cell sg13g2_DCNDiode (1) disconnected node: guard
Subcircuit summary:
Circuit 1: sg13g2_DCNDiode                 |Circuit 2: sg13g2_DCNDiode                 
-------------------------------------------|-------------------------------------------
dantenna (2)                               |dantenna (2->1) **Mismatch**               
(no matching element)                      |ptap1 (1)                                  
Number of devices: 2                       |Number of devices: 2                       
Number of nets: 3                          |Number of nets: 3                          
---------------------------------------------------------------------------------------
NET mismatches: Class fragments follow (with fanout counts):
Circuit 1: sg13g2_DCNDiode                 |Circuit 2: sg13g2_DCNDiode                 

---------------------------------------------------------------------------------------
Net: cathode_uq0                           |Net: anode                                 
  dantenna/2 = 1                           |  ptap1/(1|2) = 1                          
                                           |                                           
Net: cathode                               |Net: cathode                               
  dantenna/2 = 1                           |  dantenna/2 = 1                           
---------------------------------------------------------------------------------------

---------------------------------------------------------------------------------------
Net: anode                                 |Net: sub!                                  
  dantenna/1 = 2                           |  dantenna/1 = 1                           
                                           |  ptap1/(1|2) = 1                          
---------------------------------------------------------------------------------------
DEVICE mismatches: Class fragments follow (with node fanout counts):
Circuit 1: sg13g2_DCNDiode                 |Circuit 2: sg13g2_DCNDiode                 

---------------------------------------------------------------------------------------
Instance: dantenna:0                       |Instance: dantenna:D1                      
  1 = 2                                    |  1 = 2                                    
  2 = 1                                    |  2 = 1                                    
                                           |                                           
Instance: dantenna:1                       |Instance: ptap1:R0                         
  1 = 2                                    |  (1,2) = (2,1)                            
  2 = 1                                    |                                           
---------------------------------------------------------------------------------------
Netlists do not match.
Port matching may fail to disambiguate symmetries.
  Flattening non-matched subcircuits sg13g2_DCNDiode sg13g2_DCNDiode

Cell sg13g2_Clamp_P20N0D (0) disconnected node: iovss
Class sg13g2_Clamp_P20N0D (0):  Merged 30 parallel devices.
Class sg13g2_Clamp_P20N0D (1):  Merged 1 parallel devices.
Cell sg13g2_Clamp_P20N0D (0) disconnected node: iovss
Subcircuit summary:
Circuit 1: sg13g2_Clamp_P20N0D             |Circuit 2: sg13g2_Clamp_P20N0D             
-------------------------------------------|-------------------------------------------
sg13_hv_pmos (40->10)                      |sg13_hv_pmos (2->1) **Mismatch**           
rppd (1)                                   |rppd (1)                                   
(no matching element)                      |ptap1 (1)                                  
Number of devices: 11 **Mismatch**         |Number of devices: 3 **Mismatch**          
Number of nets: 12 **Mismatch**            |Number of nets: 5 **Mismatch**             
---------------------------------------------------------------------------------------
NET mismatches: Class fragments follow (with fanout counts):
Circuit 1: sg13g2_Clamp_P20N0D             |Circuit 2: sg13g2_Clamp_P20N0D             

---------------------------------------------------------------------------------------
Net: pad                                   |Net: pad                                   
  sg13_hv_pmos/(1|3) = 1                   |  sg13_hv_pmos/(1|3) = 1                   
                                           |                                           
Net: pad_uq2                               |Net: iovss                                 
  sg13_hv_pmos/(1|3) = 1                   |  ptap1/(1|2) = 1                          
                                           |                                           
Net: pad_uq6                               |Net: sub!                                  
  sg13_hv_pmos/(1|3) = 1                   |  ptap1/(1|2) = 1                          
                                           |                                           
Net: pad_uq5                               |Net: net2                                  
  sg13_hv_pmos/(1|3) = 1                   |  sg13_hv_pmos/2 = 1                       
                                           |  rppd/(1|2) = 1                           
                                           |                                           
Net: iovdd                                 |Net: iovdd                                 
  sg13_hv_pmos/(1|3) = 10                  |  sg13_hv_pmos/(1|3) = 1                   
  sg13_hv_pmos/4 = 10                      |  sg13_hv_pmos/4 = 1                       
  rppd/(1|2) = 1                           |  rppd/(1|2) = 1                           
  rppd/3 = 1                               |  rppd/3 = 1                               
                                           |                                           
Net: pad_uq3                               |(no matching net)                          
  sg13_hv_pmos/(1|3) = 1                   |                                           
                                           |                                           
Net: pad_uq7                               |(no matching net)                          
  sg13_hv_pmos/(1|3) = 1                   |                                           
                                           |                                           
Net: pad_uq0                               |(no matching net)                          
  sg13_hv_pmos/(1|3) = 1                   |                                           
                                           |                                           
Net: pad_uq8                               |(no matching net)                          
  sg13_hv_pmos/(1|3) = 1                   |                                           
                                           |                                           
Net: pad_uq4                               |(no matching net)                          
  sg13_hv_pmos/(1|3) = 1                   |                                           
                                           |                                           
Net: a_5044_476#                           |(no matching net)                          
  sg13_hv_pmos/2 = 10                      |                                           
  rppd/(1|2) = 1                           |                                           
                                           |                                           
Net: pad_uq1                               |(no matching net)                          
  sg13_hv_pmos/(1|3) = 1                   |                                           
---------------------------------------------------------------------------------------
DEVICE mismatches: Class fragments follow (with node fanout counts):
Circuit 1: sg13g2_Clamp_P20N0D             |Circuit 2: sg13g2_Clamp_P20N0D             

---------------------------------------------------------------------------------------
Instance: sg13_hv_pmos:0                   |Instance: sg13_hv_pmos:P1                  
  (1,3) = (22,1)                           |  (1,3) = (4,1)                            
  2 = 11                                   |  2 = 2                                    
  4 = 22                                   |  4 = 4                                    
                                           |                                           
Instance: sg13_hv_pmos:2                   |Instance: ptap1:R1                         
  (1,3) = (22,1)                           |  (1,2) = (1,1)                            
  2 = 11                                   |                                           
  4 = 22                                   |                                           
                                           |                                           
Instance: sg13_hv_pmos:3                   |(no matching instance)                     
  (1,3) = (22,1)                           |                                           
  2 = 11                                   |                                           
  4 = 22                                   |                                           
                                           |                                           
                                           |                                           
Instance: sg13_hv_pmos:7                   |(no matching instance)                     
  (1,3) = (22,1)                           |                                           
  2 = 11                                   |                                           
  4 = 22                                   |                                           
                                           |                                           
                                           |                                           
Instance: sg13_hv_pmos:8                   |(no matching instance)                     
  (1,3) = (22,1)                           |                                           
  2 = 11                                   |                                           
  4 = 22                                   |                                           
                                           |                                           
                                           |                                           
Instance: sg13_hv_pmos:9                   |(no matching instance)                     
  (1,3) = (22,1)                           |                                           
  2 = 11                                   |                                           
  4 = 22                                   |                                           
                                           |                                           
                                           |                                           
Instance: sg13_hv_pmos:11                  |(no matching instance)                     
  (1,3) = (22,1)                           |                                           
  2 = 11                                   |                                           
  4 = 22                                   |                                           
                                           |                                           
                                           |                                           
Instance: sg13_hv_pmos:12                  |(no matching instance)                     
  (1,3) = (22,1)                           |                                           
  2 = 11                                   |                                           
  4 = 22                                   |                                           
                                           |                                           
                                           |                                           
Instance: sg13_hv_pmos:16                  |(no matching instance)                     
  (1,3) = (22,1)                           |                                           
  2 = 11                                   |                                           
  4 = 22                                   |                                           
                                           |                                           
                                           |                                           
Instance: sg13_hv_pmos:19                  |(no matching instance)                     
  (1,3) = (22,1)                           |                                           
  2 = 11                                   |                                           
  4 = 22                                   |                                           
                                           |                                           
---------------------------------------------------------------------------------------
Netlists do not match.
Port matching may fail to disambiguate symmetries.
  Flattening non-matched subcircuits sg13g2_Clamp_P20N0D sg13g2_Clamp_P20N0D

Cell sg13g2_DCPDiode (0) disconnected node: guard
Class sg13g2_DCPDiode (1):  Merged 1 parallel devices.
Cell sg13g2_DCPDiode (0) disconnected node: guard
Subcircuit summary:
Circuit 1: sg13g2_DCPDiode                 |Circuit 2: sg13g2_DCPDiode                 
-------------------------------------------|-------------------------------------------
dpantenna (2)                              |dpantenna (2->1) **Mismatch**              
(no matching element)                      |ptap1 (1)                                  
Number of devices: 2                       |Number of devices: 2                       
Number of nets: 3 **Mismatch**             |Number of nets: 4 **Mismatch**             
---------------------------------------------------------------------------------------
NET mismatches: Class fragments follow (with fanout counts):
Circuit 1: sg13g2_DCPDiode                 |Circuit 2: sg13g2_DCPDiode                 

---------------------------------------------------------------------------------------
Net: anode_uq0                             |Net: guard                                 
  dpantenna/1 = 1                          |  ptap1/(1|2) = 1                          
                                           |                                           
Net: anode                                 |Net: anode                                 
  dpantenna/1 = 1                          |  dpantenna/1 = 1                          
                                           |                                           
Net: cathode                               |Net: cathode                               
  dpantenna/2 = 2                          |  dpantenna/2 = 1                          
                                           |                                           
(no matching net)                          |Net: sub!                                  
                                           |  ptap1/(1|2) = 1                          
---------------------------------------------------------------------------------------
DEVICE mismatches: Class fragments follow (with node fanout counts):
Circuit 1: sg13g2_DCPDiode                 |Circuit 2: sg13g2_DCPDiode                 

---------------------------------------------------------------------------------------
Instance: dpantenna:0                      |Instance: dpantenna:D1                     
  1 = 1                                    |  1 = 1                                    
  2 = 2                                    |  2 = 1                                    
                                           |                                           
Instance: dpantenna:1                      |Instance: ptap1:R0                         
  1 = 1                                    |  (1,2) = (1,1)                            
  2 = 2                                    |                                           
---------------------------------------------------------------------------------------
Netlists do not match.
Port matching may fail to disambiguate symmetries.
  Flattening non-matched subcircuits sg13g2_DCPDiode sg13g2_DCPDiode

Cell sg13g2_Clamp_N20N0D (0) disconnected node: w_n124_n124#
Class sg13g2_Clamp_N20N0D (0):  Merged 10 parallel devices.
Cell sg13g2_Clamp_N20N0D (0) disconnected node: w_n124_n124#
Subcircuit summary:
Circuit 1: sg13g2_Clamp_N20N0D             |Circuit 2: sg13g2_Clamp_N20N0D             
-------------------------------------------|-------------------------------------------
sg13_hv_nmos (20->10)                      |sg13_hv_nmos (1) **Mismatch**              
rppd (1)                                   |rppd (1)                                   
(no matching element)                      |ptap1 (1)                                  
Number of devices: 11 **Mismatch**         |Number of devices: 3 **Mismatch**          
Number of nets: 12 **Mismatch**            |Number of nets: 4 **Mismatch**             
---------------------------------------------------------------------------------------
NET mismatches: Class fragments follow (with fanout counts):
Circuit 1: sg13g2_Clamp_N20N0D             |Circuit 2: sg13g2_Clamp_N20N0D             

---------------------------------------------------------------------------------------
Net: pad                                   |Net: pad                                   
  sg13_hv_nmos/(1|3) = 1                   |  sg13_hv_nmos/(1|3) = 1                   
                                           |                                           
Net: a_5044_476#                           |Net: net2                                  
  sg13_hv_nmos/2 = 10                      |  sg13_hv_nmos/2 = 1                       
  rppd/(1|2) = 1                           |  rppd/(1|2) = 1                           
                                           |                                           
Net: iovss                                 |Net: iovss                                 
  sg13_hv_nmos/(1|3) = 10                  |  sg13_hv_nmos/(1|3) = 1                   
  sg13_hv_nmos/4 = 10                      |  ptap1/(1|2) = 1                          
  rppd/(1|2) = 1                           |  rppd/(1|2) = 1                           
  rppd/3 = 1                               |                                           
                                           |                                           
Net: pad_uq2                               |Net: sub!                                  
  sg13_hv_nmos/(1|3) = 1                   |  sg13_hv_nmos/4 = 1                       
                                           |  ptap1/(1|2) = 1                          
                                           |  rppd/3 = 1                               
                                           |                                           
Net: pad_uq3                               |(no matching net)                          
  sg13_hv_nmos/(1|3) = 1                   |                                           
                                           |                                           
Net: pad_uq7                               |(no matching net)                          
  sg13_hv_nmos/(1|3) = 1                   |                                           
                                           |                                           
Net: pad_uq0                               |(no matching net)                          
  sg13_hv_nmos/(1|3) = 1                   |                                           
                                           |                                           
Net: pad_uq8                               |(no matching net)                          
  sg13_hv_nmos/(1|3) = 1                   |                                           
                                           |                                           
Net: pad_uq6                               |(no matching net)                          
  sg13_hv_nmos/(1|3) = 1                   |                                           
                                           |                                           
Net: pad_uq4                               |(no matching net)                          
  sg13_hv_nmos/(1|3) = 1                   |                                           
                                           |                                           
Net: pad_uq5                               |(no matching net)                          
  sg13_hv_nmos/(1|3) = 1                   |                                           
                                           |                                           
Net: pad_uq1                               |(no matching net)                          
  sg13_hv_nmos/(1|3) = 1                   |                                           
---------------------------------------------------------------------------------------
DEVICE mismatches: Class fragments follow (with node fanout counts):
Circuit 1: sg13g2_Clamp_N20N0D             |Circuit 2: sg13g2_Clamp_N20N0D             

---------------------------------------------------------------------------------------
Instance: sg13_hv_nmos:0                   |Instance: sg13_hv_nmos:N0                  
  (1,3) = (22,1)                           |  (1,3) = (3,1)                            
  2 = 11                                   |  2 = 2                                    
  4 = 22                                   |  4 = 3                                    
                                           |                                           
Instance: sg13_hv_nmos:1                   |Instance: ptap1:R1                         
  (1,3) = (22,1)                           |  (1,2) = (3,3)                            
  2 = 11                                   |                                           
  4 = 22                                   |                                           
                                           |                                           
Instance: sg13_hv_nmos:2                   |(no matching instance)                     
  (1,3) = (22,1)                           |                                           
  2 = 11                                   |                                           
  4 = 22                                   |                                           
                                           |                                           
                                           |                                           
Instance: sg13_hv_nmos:4                   |(no matching instance)                     
  (1,3) = (22,1)                           |                                           
  2 = 11                                   |                                           
  4 = 22                                   |                                           
                                           |                                           
                                           |                                           
Instance: sg13_hv_nmos:5                   |(no matching instance)                     
  (1,3) = (22,1)                           |                                           
  2 = 11                                   |                                           
  4 = 22                                   |                                           
                                           |                                           
                                           |                                           
Instance: sg13_hv_nmos:9                   |(no matching instance)                     
  (1,3) = (22,1)                           |                                           
  2 = 11                                   |                                           
  4 = 22                                   |                                           
                                           |                                           
                                           |                                           
Instance: sg13_hv_nmos:10                  |(no matching instance)                     
  (1,3) = (22,1)                           |                                           
  2 = 11                                   |                                           
  4 = 22                                   |                                           
                                           |                                           
                                           |                                           
Instance: sg13_hv_nmos:11                  |(no matching instance)                     
  (1,3) = (22,1)                           |                                           
  2 = 11                                   |                                           
  4 = 22                                   |                                           
                                           |                                           
                                           |                                           
Instance: sg13_hv_nmos:15                  |(no matching instance)                     
  (1,3) = (22,1)                           |                                           
  2 = 11                                   |                                           
  4 = 22                                   |                                           
                                           |                                           
                                           |                                           
Instance: sg13_hv_nmos:16                  |(no matching instance)                     
  (1,3) = (22,1)                           |                                           
  2 = 11                                   |                                           
  4 = 22                                   |                                           
                                           |                                           
---------------------------------------------------------------------------------------
Netlists do not match.
Port matching may fail to disambiguate symmetries.
  Flattening non-matched subcircuits sg13g2_Clamp_N20N0D sg13g2_Clamp_N20N0D

Cell sg13g2_Clamp_N15N15D (0) disconnected node: w_n124_n124#
Class sg13g2_Clamp_N15N15D (0):  Merged 7 parallel devices.
Cell sg13g2_Clamp_N15N15D (0) disconnected node: w_n124_n124#
Subcircuit summary:
Circuit 1: sg13g2_Clamp_N15N15D            |Circuit 2: sg13g2_Clamp_N15N15D            
-------------------------------------------|-------------------------------------------
sg13_hv_nmos (15->8)                       |sg13_hv_nmos (1) **Mismatch**              
dantenna (1)                               |dantenna (1)                               
(no matching element)                      |ptap1 (1)                                  
Number of devices: 9 **Mismatch**          |Number of devices: 3 **Mismatch**          
Number of nets: 10 **Mismatch**            |Number of nets: 4 **Mismatch**             
---------------------------------------------------------------------------------------
NET mismatches: Class fragments follow (with fanout counts):
Circuit 1: sg13g2_Clamp_N15N15D            |Circuit 2: sg13g2_Clamp_N15N15D            

---------------------------------------------------------------------------------------
Net: pad                                   |Net: pad                                   
  sg13_hv_nmos/(1|3) = 1                   |  sg13_hv_nmos/(1|3) = 1                   
                                           |                                           
Net: iovss                                 |Net: iovss                                 
  sg13_hv_nmos/4 = 8                       |  ptap1/(1|2) = 1                          
  sg13_hv_nmos/(1|3) = 8                   |  sg13_hv_nmos/(1|3) = 1                   
  dantenna/1 = 1                           |                                           
                                           |                                           
Net: gate                                  |Net: gate                                  
  sg13_hv_nmos/2 = 8                       |  sg13_hv_nmos/2 = 1                       
  dantenna/2 = 1                           |  dantenna/2 = 1                           
                                           |                                           
Net: pad_uq4                               |Net: sub!                                  
  sg13_hv_nmos/(1|3) = 1                   |  ptap1/(1|2) = 1                          
                                           |  sg13_hv_nmos/4 = 1                       
                                           |  dantenna/1 = 1                           
                                           |                                           
Net: pad_uq2                               |(no matching net)                          
  sg13_hv_nmos/(1|3) = 1                   |                                           
                                           |                                           
Net: pad_uq1                               |(no matching net)                          
  sg13_hv_nmos/(1|3) = 1                   |                                           
                                           |                                           
Net: pad_uq5                               |(no matching net)                          
  sg13_hv_nmos/(1|3) = 1                   |                                           
                                           |                                           
Net: pad_uq6                               |(no matching net)                          
  sg13_hv_nmos/(1|3) = 1                   |                                           
                                           |                                           
Net: pad_uq3                               |(no matching net)                          
  sg13_hv_nmos/(1|3) = 1                   |                                           
                                           |                                           
Net: pad_uq0                               |(no matching net)                          
  sg13_hv_nmos/(1|3) = 1                   |                                           
---------------------------------------------------------------------------------------
DEVICE mismatches: Class fragments follow (with node fanout counts):
Circuit 1: sg13g2_Clamp_N15N15D            |Circuit 2: sg13g2_Clamp_N15N15D            

---------------------------------------------------------------------------------------
Instance: sg13_hv_nmos:0                   |Instance: sg13_hv_nmos:N0                  
  (1,3) = (17,1)                           |  (1,3) = (2,1)                            
  2 = 9                                    |  2 = 2                                    
  4 = 17                                   |  4 = 3                                    
                                           |                                           
Instance: sg13_hv_nmos:2                   |Instance: ptap1:R0                         
  (1,3) = (17,1)                           |  (1,2) = (3,2)                            
  2 = 9                                    |                                           
  4 = 17                                   |                                           
                                           |                                           
Instance: sg13_hv_nmos:3                   |(no matching instance)                     
  (1,3) = (17,1)                           |                                           
  2 = 9                                    |                                           
  4 = 17                                   |                                           
                                           |                                           
                                           |                                           
Instance: sg13_hv_nmos:4                   |(no matching instance)                     
  (1,3) = (17,1)                           |                                           
  2 = 9                                    |                                           
  4 = 17                                   |                                           
                                           |                                           
                                           |                                           
Instance: sg13_hv_nmos:7                   |(no matching instance)                     
  (1,3) = (17,1)                           |                                           
  2 = 9                                    |                                           
  4 = 17                                   |                                           
                                           |                                           
                                           |                                           
Instance: sg13_hv_nmos:8                   |(no matching instance)                     
  (1,3) = (17,1)                           |                                           
  2 = 9                                    |                                           
  4 = 17                                   |                                           
                                           |                                           
                                           |                                           
Instance: sg13_hv_nmos:10                  |(no matching instance)                     
  (1,3) = (17,1)                           |                                           
  2 = 9                                    |                                           
  4 = 17                                   |                                           
                                           |                                           
                                           |                                           
Instance: sg13_hv_nmos:11                  |(no matching instance)                     
  (1,3) = (17,1)                           |                                           
  2 = 9                                    |                                           
  4 = 17                                   |                                           
                                           |                                           
---------------------------------------------------------------------------------------
Netlists do not match.
Port matching may fail to disambiguate symmetries.
  Flattening non-matched subcircuits sg13g2_Clamp_N15N15D sg13g2_Clamp_N15N15D

Subcircuit summary:
Circuit 1: sg13g2_GateLevelUpInv           |Circuit 2: sg13g2_GateLevelUpInv           
-------------------------------------------|-------------------------------------------
sg13_hv_nmos (6)                           |sg13_hv_nmos (6)                           
sg13_hv_pmos (6)                           |sg13_hv_pmos (6)                           
sg13_lv_pmos (2)                           |sg13_lv_pmos (2)                           
sg13_lv_nmos (2)                           |sg13_lv_nmos (2)                           
(no matching element)                      |ptap1 (2)                                  
Number of devices: 16 **Mismatch**         |Number of devices: 18 **Mismatch**         
Number of nets: 12 **Mismatch**            |Number of nets: 14 **Mismatch**            
---------------------------------------------------------------------------------------
NET mismatches: Class fragments follow (with fanout counts):
Circuit 1: sg13g2_GateLevelUpInv           |Circuit 2: sg13g2_GateLevelUpInv           

---------------------------------------------------------------------------------------
Net: vss                                   |Net: vss                                   
  sg13_lv_nmos/(1|3) = 2                   |  sg13_lv_nmos/(1|3) = 2                   
  sg13_hv_nmos/(1|3) = 6                   |  sg13_hv_nmos/(1|3) = 6                   
  sg13_hv_nmos/4 = 6                       |  ptap1/(1|2) = 2                          
  sg13_lv_nmos/4 = 2                       |                                           
                                           |                                           
(no matching net)                          |Net: sg13g2_LevelUpInv:I0/sub!             
                                           |  sg13_lv_nmos/4 = 1                       
                                           |  sg13_hv_nmos/4 = 3                       
                                           |  ptap1/(1|2) = 1                          
                                           |                                           
(no matching net)                          |Net: sg13g2_LevelUpInv:I1/sub!             
                                           |  sg13_lv_nmos/4 = 1                       
                                           |  sg13_hv_nmos/4 = 3                       
                                           |  ptap1/(1|2) = 1                          
---------------------------------------------------------------------------------------
DEVICE mismatches: Class fragments follow (with node fanout counts):
Circuit 1: sg13g2_GateLevelUpInv           |Circuit 2: sg13g2_GateLevelUpInv           

---------------------------------------------------------------------------------------
(no matching instance)                     |Instance: sg13g2_LevelUpInv:I1/ptap1:R0    
                                           |  (1,2) = (10,5)                           
                                           |                                           
                                           |                                           
(no matching instance)                     |Instance: sg13g2_LevelUpInv:I0/ptap1:R0    
                                           |  (1,2) = (10,5)                           
                                           |                                           
---------------------------------------------------------------------------------------
Netlists do not match.
Port matching may fail to disambiguate symmetries.
  Flattening non-matched subcircuits sg13g2_GateLevelUpInv sg13g2_GateLevelUpInv

Cell sg13g2_Clamp_P15N15D (0) disconnected node: iovss
Class sg13g2_Clamp_P15N15D (0):  Merged 22 parallel devices.
Class sg13g2_Clamp_P15N15D (1):  Merged 1 parallel devices.
Cell sg13g2_Clamp_P15N15D (0) disconnected node: iovss
Subcircuit summary:
Circuit 1: sg13g2_Clamp_P15N15D            |Circuit 2: sg13g2_Clamp_P15N15D            
-------------------------------------------|-------------------------------------------
sg13_hv_pmos (30->8)                       |sg13_hv_pmos (2->1) **Mismatch**           
dpantenna (1)                              |dpantenna (1)                              
(no matching element)                      |ptap1 (1)                                  
Number of devices: 9 **Mismatch**          |Number of devices: 3 **Mismatch**          
Number of nets: 10 **Mismatch**            |Number of nets: 5 **Mismatch**             
---------------------------------------------------------------------------------------
NET mismatches: Class fragments follow (with fanout counts):
Circuit 1: sg13g2_Clamp_P15N15D            |Circuit 2: sg13g2_Clamp_P15N15D            

---------------------------------------------------------------------------------------
Net: pad                                   |Net: pad                                   
  sg13_hv_pmos/(1|3) = 1                   |  sg13_hv_pmos/(1|3) = 1                   
                                           |                                           
Net: pad_uq2                               |Net: iovss                                 
  sg13_hv_pmos/(1|3) = 1                   |  ptap1/(1|2) = 1                          
                                           |                                           
Net: pad_uq5                               |Net: sub!                                  
  sg13_hv_pmos/(1|3) = 1                   |  ptap1/(1|2) = 1                          
                                           |                                           
Net: gate                                  |Net: gate                                  
  sg13_hv_pmos/2 = 8                       |  sg13_hv_pmos/2 = 1                       
  dpantenna/1 = 1                          |  dpantenna/1 = 1                          
                                           |                                           
Net: iovdd                                 |Net: iovdd                                 
  sg13_hv_pmos/(1|3) = 8                   |  sg13_hv_pmos/(1|3) = 1                   
  sg13_hv_pmos/4 = 8                       |  sg13_hv_pmos/4 = 1                       
  dpantenna/2 = 1                          |  dpantenna/2 = 1                          
                                           |                                           
Net: pad_uq4                               |(no matching net)                          
  sg13_hv_pmos/(1|3) = 1                   |                                           
                                           |                                           
Net: pad_uq0                               |(no matching net)                          
  sg13_hv_pmos/(1|3) = 1                   |                                           
                                           |                                           
Net: pad_uq3                               |(no matching net)                          
  sg13_hv_pmos/(1|3) = 1                   |                                           
                                           |                                           
Net: pad_uq6                               |(no matching net)                          
  sg13_hv_pmos/(1|3) = 1                   |                                           
                                           |                                           
Net: pad_uq1                               |(no matching net)                          
  sg13_hv_pmos/(1|3) = 1                   |                                           
---------------------------------------------------------------------------------------
DEVICE mismatches: Class fragments follow (with node fanout counts):
Circuit 1: sg13g2_Clamp_P15N15D            |Circuit 2: sg13g2_Clamp_P15N15D            

---------------------------------------------------------------------------------------
Instance: sg13_hv_pmos:0                   |Instance: sg13_hv_pmos:P1                  
  (1,3) = (17,1)                           |  (1,3) = (3,1)                            
  2 = 9                                    |  2 = 2                                    
  4 = 17                                   |  4 = 3                                    
                                           |                                           
Instance: sg13_hv_pmos:1                   |Instance: ptap1:R0                         
  (1,3) = (17,1)                           |  (1,2) = (1,1)                            
  2 = 9                                    |                                           
  4 = 17                                   |                                           
                                           |                                           
Instance: sg13_hv_pmos:2                   |(no matching instance)                     
  (1,3) = (17,1)                           |                                           
  2 = 9                                    |                                           
  4 = 17                                   |                                           
                                           |                                           
                                           |                                           
Instance: sg13_hv_pmos:3                   |(no matching instance)                     
  (1,3) = (17,1)                           |                                           
  2 = 9                                    |                                           
  4 = 17                                   |                                           
                                           |                                           
                                           |                                           
Instance: sg13_hv_pmos:4                   |(no matching instance)                     
  (1,3) = (17,1)                           |                                           
  2 = 9                                    |                                           
  4 = 17                                   |                                           
                                           |                                           
                                           |                                           
Instance: sg13_hv_pmos:5                   |(no matching instance)                     
  (1,3) = (17,1)                           |                                           
  2 = 9                                    |                                           
  4 = 17                                   |                                           
                                           |                                           
                                           |                                           
Instance: sg13_hv_pmos:13                  |(no matching instance)                     
  (1,3) = (17,1)                           |                                           
  2 = 9                                    |                                           
  4 = 17                                   |                                           
                                           |                                           
                                           |                                           
Instance: sg13_hv_pmos:14                  |(no matching instance)                     
  (1,3) = (17,1)                           |                                           
  2 = 9                                    |                                           
  4 = 17                                   |                                           
                                           |                                           
---------------------------------------------------------------------------------------
Netlists do not match.
Port matching may fail to disambiguate symmetries.
  Flattening non-matched subcircuits sg13g2_Clamp_P15N15D sg13g2_Clamp_P15N15D

Cell sg13g2_Clamp_N43N43D4R (0) disconnected node: w_n124_n124#
Class sg13g2_Clamp_N43N43D4R (0):  Merged 150 parallel devices.
Class sg13g2_Clamp_N43N43D4R (1):  Merged 171 parallel devices.
Cell sg13g2_Clamp_N43N43D4R (0) disconnected node: w_n124_n124#
Subcircuit summary:
Circuit 1: sg13g2_Clamp_N43N43D4R          |Circuit 2: sg13g2_Clamp_N43N43D4R          
-------------------------------------------|-------------------------------------------
sg13_hv_nmos (172->22)                     |sg13_hv_nmos (172->1) **Mismatch**         
dantenna (1)                               |dantenna (1)                               
(no matching element)                      |ptap1 (1)                                  
Number of devices: 23 **Mismatch**         |Number of devices: 3 **Mismatch**          
Number of nets: 24 **Mismatch**            |Number of nets: 4 **Mismatch**             
---------------------------------------------------------------------------------------
NET mismatches: Class fragments follow (with fanout counts):
Circuit 1: sg13g2_Clamp_N43N43D4R          |Circuit 2: sg13g2_Clamp_N43N43D4R          

---------------------------------------------------------------------------------------
Net: pad                                   |Net: pad                                   
  sg13_hv_nmos/(1|3) = 1                   |  sg13_hv_nmos/(1|3) = 1                   
                                           |                                           
Net: gate                                  |Net: gate                                  
  sg13_hv_nmos/2 = 22                      |  sg13_hv_nmos/2 = 1                       
  dantenna/2 = 1                           |  dantenna/2 = 1                           
                                           |                                           
Net: iovss                                 |Net: iovss                                 
  sg13_hv_nmos/(1|3) = 22                  |  sg13_hv_nmos/(1|3) = 1                   
  sg13_hv_nmos/4 = 22                      |  ptap1/(1|2) = 1                          
  dantenna/1 = 1                           |                                           
                                           |                                           
Net: pad_uq3                               |Net: sub!                                  
  sg13_hv_nmos/(1|3) = 1                   |  sg13_hv_nmos/4 = 1                       
                                           |  ptap1/(1|2) = 1                          
                                           |  dantenna/1 = 1                           
                                           |                                           
Net: pad_uq6                               |(no matching net)                          
  sg13_hv_nmos/(1|3) = 1                   |                                           
                                           |                                           
Net: pad_uq12                              |(no matching net)                          
  sg13_hv_nmos/(1|3) = 1                   |                                           
                                           |                                           
Net: pad_uq8                               |(no matching net)                          
  sg13_hv_nmos/(1|3) = 1                   |                                           
                                           |                                           
Net: pad_uq5                               |(no matching net)                          
  sg13_hv_nmos/(1|3) = 1                   |                                           
                                           |                                           
Net: pad_uq9                               |(no matching net)                          
  sg13_hv_nmos/(1|3) = 1                   |                                           
                                           |                                           
Net: pad_uq1                               |(no matching net)                          
  sg13_hv_nmos/(1|3) = 1                   |                                           
                                           |                                           
Net: pad_uq19                              |(no matching net)                          
  sg13_hv_nmos/(1|3) = 1                   |                                           
                                           |                                           
Net: pad_uq11                              |(no matching net)                          
  sg13_hv_nmos/(1|3) = 1                   |                                           
                                           |                                           
Net: pad_uq14                              |(no matching net)                          
  sg13_hv_nmos/(1|3) = 1                   |                                           
                                           |                                           
Net: pad_uq2                               |(no matching net)                          
  sg13_hv_nmos/(1|3) = 1                   |                                           
                                           |                                           
Net: pad_uq10                              |(no matching net)                          
  sg13_hv_nmos/(1|3) = 1                   |                                           
                                           |                                           
Net: pad_uq17                              |(no matching net)                          
  sg13_hv_nmos/(1|3) = 1                   |                                           
                                           |                                           
Net: pad_uq0                               |(no matching net)                          
  sg13_hv_nmos/(1|3) = 1                   |                                           
                                           |                                           
Net: pad_uq7                               |(no matching net)                          
  sg13_hv_nmos/(1|3) = 1                   |                                           
                                           |                                           
Net: pad_uq13                              |(no matching net)                          
  sg13_hv_nmos/(1|3) = 1                   |                                           
                                           |                                           
Net: pad_uq20                              |(no matching net)                          
  sg13_hv_nmos/(1|3) = 1                   |                                           
                                           |                                           
Net: pad_uq16                              |(no matching net)                          
  sg13_hv_nmos/(1|3) = 1                   |                                           
                                           |                                           
Net: pad_uq15                              |(no matching net)                          
  sg13_hv_nmos/(1|3) = 1                   |                                           
                                           |                                           
Net: pad_uq18                              |(no matching net)                          
  sg13_hv_nmos/(1|3) = 1                   |                                           
                                           |                                           
Net: pad_uq4                               |(no matching net)                          
  sg13_hv_nmos/(1|3) = 1                   |                                           
---------------------------------------------------------------------------------------
DEVICE mismatches: Class fragments follow (with node fanout counts):
Circuit 1: sg13g2_Clamp_N43N43D4R          |Circuit 2: sg13g2_Clamp_N43N43D4R          

---------------------------------------------------------------------------------------
Instance: sg13_hv_nmos:0                   |Instance: sg13_hv_nmos:N0[1]               
  (1,3) = (45,1)                           |  (1,3) = (2,1)                            
  2 = 23                                   |  2 = 2                                    
  4 = 45                                   |  4 = 3                                    
                                           |                                           
Instance: sg13_hv_nmos:1                   |Instance: ptap1:R0                         
  (1,3) = (45,1)                           |  (1,2) = (3,2)                            
  2 = 23                                   |                                           
  4 = 45                                   |                                           
                                           |                                           
Instance: sg13_hv_nmos:2                   |(no matching instance)                     
  (1,3) = (45,1)                           |                                           
  2 = 23                                   |                                           
  4 = 45                                   |                                           
                                           |                                           
                                           |                                           
Instance: sg13_hv_nmos:3                   |(no matching instance)                     
  (1,3) = (45,1)                           |                                           
  2 = 23                                   |                                           
  4 = 45                                   |                                           
                                           |                                           
                                           |                                           
Instance: sg13_hv_nmos:5                   |(no matching instance)                     
  (1,3) = (45,1)                           |                                           
  2 = 23                                   |                                           
  4 = 45                                   |                                           
                                           |                                           
                                           |                                           
Instance: sg13_hv_nmos:6                   |(no matching instance)                     
  (1,3) = (45,1)                           |                                           
  2 = 23                                   |                                           
  4 = 45                                   |                                           
                                           |                                           
                                           |                                           
Instance: sg13_hv_nmos:8                   |(no matching instance)                     
  (1,3) = (45,1)                           |                                           
  2 = 23                                   |                                           
  4 = 45                                   |                                           
                                           |                                           
                                           |                                           
Instance: sg13_hv_nmos:9                   |(no matching instance)                     
  (1,3) = (45,1)                           |                                           
  2 = 23                                   |                                           
  4 = 45                                   |                                           
                                           |                                           
                                           |                                           
Instance: sg13_hv_nmos:11                  |(no matching instance)                     
  (1,3) = (45,1)                           |                                           
  2 = 23                                   |                                           
  4 = 45                                   |                                           
                                           |                                           
                                           |                                           
Instance: sg13_hv_nmos:12                  |(no matching instance)                     
  (1,3) = (45,1)                           |                                           
  2 = 23                                   |                                           
  4 = 45                                   |                                           
                                           |                                           
                                           |                                           
Instance: sg13_hv_nmos:13                  |(no matching instance)                     
  (1,3) = (45,1)                           |                                           
  2 = 23                                   |                                           
  4 = 45                                   |                                           
                                           |                                           
                                           |                                           
Instance: sg13_hv_nmos:17                  |(no matching instance)                     
  (1,3) = (45,1)                           |                                           
  2 = 23                                   |                                           
  4 = 45                                   |                                           
                                           |                                           
                                           |                                           
Instance: sg13_hv_nmos:18                  |(no matching instance)                     
  (1,3) = (45,1)                           |                                           
  2 = 23                                   |                                           
  4 = 45                                   |                                           
                                           |                                           
                                           |                                           
Instance: sg13_hv_nmos:19                  |(no matching instance)                     
  (1,3) = (45,1)                           |                                           
  2 = 23                                   |                                           
  4 = 45                                   |                                           
                                           |                                           
                                           |                                           
Instance: sg13_hv_nmos:20                  |(no matching instance)                     
  (1,3) = (45,1)                           |                                           
  2 = 23                                   |                                           
  4 = 45                                   |                                           
                                           |                                           
                                           |                                           
Instance: sg13_hv_nmos:22                  |(no matching instance)                     
  (1,3) = (45,1)                           |                                           
  2 = 23                                   |                                           
  4 = 45                                   |                                           
                                           |                                           
                                           |                                           
Instance: sg13_hv_nmos:24                  |(no matching instance)                     
  (1,3) = (45,1)                           |                                           
  2 = 23                                   |                                           
  4 = 45                                   |                                           
                                           |                                           
                                           |                                           
Instance: sg13_hv_nmos:25                  |(no matching instance)                     
  (1,3) = (45,1)                           |                                           
  2 = 23                                   |                                           
  4 = 45                                   |                                           
                                           |                                           
                                           |                                           
Instance: sg13_hv_nmos:30                  |(no matching instance)                     
  (1,3) = (45,1)                           |                                           
  2 = 23                                   |                                           
  4 = 45                                   |                                           
                                           |                                           
                                           |                                           
Instance: sg13_hv_nmos:36                  |(no matching instance)                     
  (1,3) = (45,1)                           |                                           
  2 = 23                                   |                                           
  4 = 45                                   |                                           
                                           |                                           
                                           |                                           
Instance: sg13_hv_nmos:41                  |(no matching instance)                     
  (1,3) = (45,1)                           |                                           
  2 = 23                                   |                                           
  4 = 45                                   |                                           
                                           |                                           
                                           |                                           
Instance: sg13_hv_nmos:58                  |(no matching instance)                     
  (1,3) = (45,1)                           |                                           
  2 = 23                                   |                                           
  4 = 45                                   |                                           
                                           |                                           
---------------------------------------------------------------------------------------
Netlists do not match.
Port matching may fail to disambiguate symmetries.
  Flattening non-matched subcircuits sg13g2_Clamp_N43N43D4R sg13g2_Clamp_N43N43D4R

Class sg13g2_RCClampInverter (0):  Merged 73 parallel devices.
Class sg13g2_RCClampInverter (1):  Merged 2 parallel devices.
Subcircuit summary:
Circuit 1: sg13g2_RCClampInverter          |Circuit 2: sg13g2_RCClampInverter          
-------------------------------------------|-------------------------------------------
sg13_hv_nmos (26->2)                       |sg13_hv_nmos (4->2)                        
sg13_hv_pmos (50->1)                       |sg13_hv_pmos (1)                           
(no matching element)                      |ptap1 (1)                                  
Number of devices: 3 **Mismatch**          |Number of devices: 4 **Mismatch**          
Number of nets: 4 **Mismatch**             |Number of nets: 5 **Mismatch**             
---------------------------------------------------------------------------------------
NET mismatches: Class fragments follow (with fanout counts):
Circuit 1: sg13g2_RCClampInverter          |Circuit 2: sg13g2_RCClampInverter          

---------------------------------------------------------------------------------------
Net: iovss                                 |Net: iovss                                 
  sg13_hv_nmos/(1|3) = 3                   |  sg13_hv_nmos/(1|3) = 3                   
  sg13_hv_nmos/4 = 2                       |  ptap1/(1|2) = 1                          
                                           |                                           
(no matching net)                          |Net: sub!                                  
                                           |  sg13_hv_nmos/4 = 2                       
                                           |  ptap1/(1|2) = 1                          
---------------------------------------------------------------------------------------
DEVICE mismatches: Class fragments follow (with node fanout counts):
Circuit 1: sg13g2_RCClampInverter          |Circuit 2: sg13g2_RCClampInverter          

---------------------------------------------------------------------------------------
(no matching instance)                     |Instance: ptap1:R0                         
                                           |  (1,2) = (4,3)                            
                                           |                                           
---------------------------------------------------------------------------------------
Netlists do not match.
Port matching may fail to disambiguate symmetries.
  Flattening non-matched subcircuits sg13g2_RCClampInverter sg13g2_RCClampInverter

Class sg13g2_RCClampResistor (0):  Merged 25 series devices.
Class sg13g2_RCClampResistor (1):  Merged 25 series devices.
Subcircuit summary:
Circuit 1: sg13g2_RCClampResistor          |Circuit 2: sg13g2_RCClampResistor          
-------------------------------------------|-------------------------------------------
rppd (26->1)                               |rppd (26->1)                               
Number of devices: 1                       |Number of devices: 1                       
Number of nets: 3                          |Number of nets: 3                          
---------------------------------------------------------------------------------------
Resolving symmetries by property value.
Resolving symmetries by pin name.
Netlists match uniquely with port and property errors.
  Parallelized instances disagree on pin connections.
    Circuit1 instance rppd:18 pin sub connections are tied together (0)
    Circuit2 instance rppd:R25 pin sub! connections are no connects (1)
rppd:18 vs. rppd:R25:
Property R in circuit2 has no matching property in circuit1

Subcircuit pins:
Circuit 1: sg13g2_RCClampResistor          |Circuit 2: sg13g2_RCClampResistor          
-------------------------------------------|-------------------------------------------
sub                                        |(no pin, node is sub!)                     
pin1                                       |pin1                                       
pin2                                       |pin2                                       
---------------------------------------------------------------------------------------
Cell pin lists for sg13g2_RCClampResistor and sg13g2_RCClampResistor altered to match.
Device classes sg13g2_RCClampResistor and sg13g2_RCClampResistor are equivalent.

Cell sg13g2_Clamp_P2N2D (0) disconnected node: iovss
Class sg13g2_Clamp_P2N2D (0):  Merged 3 parallel devices.
Class sg13g2_Clamp_P2N2D (1):  Merged 1 parallel devices.
Cell sg13g2_Clamp_P2N2D (0) disconnected node: iovss
Subcircuit summary:
Circuit 1: sg13g2_Clamp_P2N2D              |Circuit 2: sg13g2_Clamp_P2N2D              
-------------------------------------------|-------------------------------------------
dpantenna (1)                              |dpantenna (1)                              
sg13_hv_pmos (4->1)                        |sg13_hv_pmos (2->1)                        
(no matching element)                      |ptap1 (1)                                  
Number of devices: 2 **Mismatch**          |Number of devices: 3 **Mismatch**          
Number of nets: 3 **Mismatch**             |Number of nets: 5 **Mismatch**             
---------------------------------------------------------------------------------------
NET mismatches: Class fragments follow (with fanout counts):
Circuit 1: sg13g2_Clamp_P2N2D              |Circuit 2: sg13g2_Clamp_P2N2D              

---------------------------------------------------------------------------------------
(no matching net)                          |Net: iovss                                 
                                           |  ptap1/(1|2) = 1                          
                                           |                                           
(no matching net)                          |Net: sub!                                  
                                           |  ptap1/(1|2) = 1                          
---------------------------------------------------------------------------------------
DEVICE mismatches: Class fragments follow (with node fanout counts):
Circuit 1: sg13g2_Clamp_P2N2D              |Circuit 2: sg13g2_Clamp_P2N2D              

---------------------------------------------------------------------------------------
(no matching instance)                     |Instance: ptap1:R0                         
                                           |  (1,2) = (1,1)                            
                                           |                                           
---------------------------------------------------------------------------------------
Netlists do not match.
Port matching may fail to disambiguate symmetries.
  Flattening non-matched subcircuits sg13g2_Clamp_P2N2D sg13g2_Clamp_P2N2D

Cell sg13g2_Clamp_N2N2D (0) disconnected node: w_n124_n124#
Class sg13g2_Clamp_N2N2D (0):  Merged 1 parallel devices.
Cell sg13g2_Clamp_N2N2D (0) disconnected node: w_n124_n124#
Subcircuit summary:
Circuit 1: sg13g2_Clamp_N2N2D              |Circuit 2: sg13g2_Clamp_N2N2D              
-------------------------------------------|-------------------------------------------
dantenna (1)                               |dantenna (1)                               
sg13_hv_nmos (2->1)                        |sg13_hv_nmos (1)                           
(no matching element)                      |ptap1 (1)                                  
Number of devices: 2 **Mismatch**          |Number of devices: 3 **Mismatch**          
Number of nets: 3 **Mismatch**             |Number of nets: 4 **Mismatch**             
---------------------------------------------------------------------------------------
NET mismatches: Class fragments follow (with fanout counts):
Circuit 1: sg13g2_Clamp_N2N2D              |Circuit 2: sg13g2_Clamp_N2N2D              

---------------------------------------------------------------------------------------
Net: gate                                  |Net: gate                                  
  sg13_hv_nmos/2 = 1                       |  sg13_hv_nmos/2 = 1                       
  dantenna/2 = 1                           |  dantenna/2 = 1                           
                                           |                                           
(no matching net)                          |Net: iovss                                 
                                           |  ptap1/(1|2) = 1                          
                                           |  sg13_hv_nmos/(1|3) = 1                   
---------------------------------------------------------------------------------------

---------------------------------------------------------------------------------------
Net: pad                                   |Net: pad                                   
  sg13_hv_nmos/(1|3) = 1                   |  sg13_hv_nmos/(1|3) = 1                   
---------------------------------------------------------------------------------------

---------------------------------------------------------------------------------------
Net: iovss                                 |Net: sub!                                  
  dantenna/1 = 1                           |  dantenna/1 = 1                           
  sg13_hv_nmos/(1|3) = 1                   |  ptap1/(1|2) = 1                          
  sg13_hv_nmos/4 = 1                       |  sg13_hv_nmos/4 = 1                       
---------------------------------------------------------------------------------------
DEVICE mismatches: Class fragments follow (with node fanout counts):
Circuit 1: sg13g2_Clamp_N2N2D              |Circuit 2: sg13g2_Clamp_N2N2D              

---------------------------------------------------------------------------------------
(no matching instance)                     |Instance: ptap1:R0                         
                                           |  (1,2) = (3,2)                            
                                           |                                           
---------------------------------------------------------------------------------------

---------------------------------------------------------------------------------------
Instance: sg13_hv_nmos:1                   |Instance: sg13_hv_nmos:N1                  
  (1,3) = (3,1)                            |  (1,3) = (2,1)                            
  2 = 2                                    |  2 = 2                                    
  4 = 3                                    |  4 = 3                                    
---------------------------------------------------------------------------------------
Netlists do not match.
Port matching may fail to disambiguate symmetries.
  Flattening non-matched subcircuits sg13g2_Clamp_N2N2D sg13g2_Clamp_N2N2D

Cell sg13g2_LevelDown (0) disconnected node: a_1826_n1666#
Class sg13g2_LevelDown (0):  Merged 2 parallel devices.
Cell sg13g2_LevelDown (0) disconnected node: a_1826_n1666#
Subcircuit summary:
Circuit 1: sg13g2_LevelDown                |Circuit 2: sg13g2_LevelDown                
-------------------------------------------|-------------------------------------------
dpantenna (1)                              |dpantenna (1)                              
rppd (1)                                   |rppd (1)                                   
dantenna (1)                               |dantenna (1)                               
sg13_hv_pmos (5->3)                        |sg13_hv_pmos (3)                           
sg13_hv_nmos (4)                           |sg13_hv_nmos (4)                           
sg13_lv_pmos (1)                           |sg13_lv_pmos (1)                           
sg13_lv_nmos (1)                           |sg13_lv_nmos (1)                           
(no matching element)                      |ptap1 (3)                                  
Number of devices: 12 **Mismatch**         |Number of devices: 15 **Mismatch**         
Number of nets: 9 **Mismatch**             |Number of nets: 12 **Mismatch**            
---------------------------------------------------------------------------------------
NET mismatches: Class fragments follow (with fanout counts):
Circuit 1: sg13g2_LevelDown                |Circuit 2: sg13g2_LevelDown                

---------------------------------------------------------------------------------------
Net: vss                                   |Net: vss                                   
  sg13_hv_nmos/(1|3) = 3                   |  sg13_hv_nmos/(1|3) = 1                   
  sg13_lv_nmos/(1|3) = 1                   |  sg13_lv_nmos/(1|3) = 1                   
  rppd/3 = 1                               |  ptap1/(1|2) = 1                          
  sg13_hv_nmos/4 = 4                       |                                           
  dantenna/1 = 1                           |                                           
  sg13_lv_nmos/4 = 1                       |                                           
                                           |                                           
(no matching net)                          |Net: sg13g2_SecondaryProtection:I0/sub!    
                                           |  rppd/3 = 1                               
                                           |  dantenna/1 = 1                           
                                           |  ptap1/(1|2) = 1                          
                                           |                                           
(no matching net)                          |Net: iovss                                 
                                           |  sg13_hv_nmos/(1|3) = 2                   
                                           |  ptap1/(1|2) = 2                          
                                           |                                           
(no matching net)                          |Net: sub!                                  
                                           |  sg13_hv_nmos/4 = 4                       
                                           |  sg13_lv_nmos/4 = 1                       
                                           |  ptap1/(1|2) = 2                          
---------------------------------------------------------------------------------------
DEVICE mismatches: Class fragments follow (with node fanout counts):
Circuit 1: sg13g2_LevelDown                |Circuit 2: sg13g2_LevelDown                

---------------------------------------------------------------------------------------
(no matching instance)                     |Instance: ptap1:R1                         
                                           |  (1,2) = (7,4)                            
                                           |                                           
                                           |                                           
(no matching instance)                     |Instance: ptap1:R0                         
                                           |  (1,2) = (7,3)                            
                                           |                                           
                                           |                                           
(no matching instance)                     |Instance: sg13g2_SecondaryProtection:I0/pt 
                                           |  (1,2) = (4,3)                            
                                           |                                           
---------------------------------------------------------------------------------------
Netlists do not match.
Port matching may fail to disambiguate symmetries.
  Flattening non-matched subcircuits sg13g2_LevelDown sg13g2_LevelDown

Cell sg13g2_Clamp_P8N8D (0) disconnected node: iovss
Class sg13g2_Clamp_P8N8D (0):  Merged 12 parallel devices.
Class sg13g2_Clamp_P8N8D (1):  Merged 1 parallel devices.
Cell sg13g2_Clamp_P8N8D (0) disconnected node: iovss
Subcircuit summary:
Circuit 1: sg13g2_Clamp_P8N8D              |Circuit 2: sg13g2_Clamp_P8N8D              
-------------------------------------------|-------------------------------------------
sg13_hv_pmos (16->4)                       |sg13_hv_pmos (2->1) **Mismatch**           
dpantenna (1)                              |dpantenna (1)                              
(no matching element)                      |ptap1 (1)                                  
Number of devices: 5 **Mismatch**          |Number of devices: 3 **Mismatch**          
Number of nets: 6 **Mismatch**             |Number of nets: 5 **Mismatch**             
---------------------------------------------------------------------------------------
NET mismatches: Class fragments follow (with fanout counts):
Circuit 1: sg13g2_Clamp_P8N8D              |Circuit 2: sg13g2_Clamp_P8N8D              

---------------------------------------------------------------------------------------
Net: pad                                   |Net: pad                                   
  sg13_hv_pmos/(1|3) = 1                   |  sg13_hv_pmos/(1|3) = 1                   
                                           |                                           
Net: pad_uq2                               |Net: iovss                                 
  sg13_hv_pmos/(1|3) = 1                   |  ptap1/(1|2) = 1                          
                                           |                                           
Net: pad_uq0                               |Net: sub!                                  
  sg13_hv_pmos/(1|3) = 1                   |  ptap1/(1|2) = 1                          
                                           |                                           
Net: gate                                  |Net: gate                                  
  sg13_hv_pmos/2 = 4                       |  sg13_hv_pmos/2 = 1                       
  dpantenna/1 = 1                          |  dpantenna/1 = 1                          
                                           |                                           
Net: iovdd                                 |Net: iovdd                                 
  sg13_hv_pmos/(1|3) = 4                   |  sg13_hv_pmos/(1|3) = 1                   
  sg13_hv_pmos/4 = 4                       |  sg13_hv_pmos/4 = 1                       
  dpantenna/2 = 1                          |  dpantenna/2 = 1                          
                                           |                                           
Net: pad_uq1                               |(no matching net)                          
  sg13_hv_pmos/(1|3) = 1                   |                                           
---------------------------------------------------------------------------------------
DEVICE mismatches: Class fragments follow (with node fanout counts):
Circuit 1: sg13g2_Clamp_P8N8D              |Circuit 2: sg13g2_Clamp_P8N8D              

---------------------------------------------------------------------------------------
Instance: sg13_hv_pmos:0                   |Instance: sg13_hv_pmos:P2                  
  (1,3) = (9,1)                            |  (1,3) = (3,1)                            
  2 = 5                                    |  2 = 2                                    
  4 = 9                                    |  4 = 3                                    
                                           |                                           
Instance: sg13_hv_pmos:2                   |Instance: ptap1:R0                         
  (1,3) = (9,1)                            |  (1,2) = (1,1)                            
  2 = 5                                    |                                           
  4 = 9                                    |                                           
                                           |                                           
Instance: sg13_hv_pmos:3                   |(no matching instance)                     
  (1,3) = (9,1)                            |                                           
  2 = 5                                    |                                           
  4 = 9                                    |                                           
                                           |                                           
                                           |                                           
Instance: sg13_hv_pmos:6                   |(no matching instance)                     
  (1,3) = (9,1)                            |                                           
  2 = 5                                    |                                           
  4 = 9                                    |                                           
                                           |                                           
---------------------------------------------------------------------------------------
Netlists do not match.
Port matching may fail to disambiguate symmetries.
  Flattening non-matched subcircuits sg13g2_Clamp_P8N8D sg13g2_Clamp_P8N8D

Cell sg13g2_Clamp_N8N8D (0) disconnected node: w_n124_n124#
Class sg13g2_Clamp_N8N8D (0):  Merged 4 parallel devices.
Cell sg13g2_Clamp_N8N8D (0) disconnected node: w_n124_n124#
Subcircuit summary:
Circuit 1: sg13g2_Clamp_N8N8D              |Circuit 2: sg13g2_Clamp_N8N8D              
-------------------------------------------|-------------------------------------------
sg13_hv_nmos (8->4)                        |sg13_hv_nmos (1) **Mismatch**              
dantenna (1)                               |dantenna (1)                               
(no matching element)                      |ptap1 (1)                                  
Number of devices: 5 **Mismatch**          |Number of devices: 3 **Mismatch**          
Number of nets: 6 **Mismatch**             |Number of nets: 4 **Mismatch**             
---------------------------------------------------------------------------------------
NET mismatches: Class fragments follow (with fanout counts):
Circuit 1: sg13g2_Clamp_N8N8D              |Circuit 2: sg13g2_Clamp_N8N8D              

---------------------------------------------------------------------------------------
Net: pad                                   |Net: pad                                   
  sg13_hv_nmos/(1|3) = 1                   |  sg13_hv_nmos/(1|3) = 1                   
                                           |                                           
Net: iovss                                 |Net: iovss                                 
  sg13_hv_nmos/4 = 4                       |  ptap1/(1|2) = 1                          
  sg13_hv_nmos/(1|3) = 4                   |  sg13_hv_nmos/(1|3) = 1                   
  dantenna/1 = 1                           |                                           
                                           |                                           
Net: gate                                  |Net: gate                                  
  sg13_hv_nmos/2 = 4                       |  sg13_hv_nmos/2 = 1                       
  dantenna/2 = 1                           |  dantenna/2 = 1                           
                                           |                                           
Net: pad_uq2                               |Net: sub!                                  
  sg13_hv_nmos/(1|3) = 1                   |  ptap1/(1|2) = 1                          
                                           |  sg13_hv_nmos/4 = 1                       
                                           |  dantenna/1 = 1                           
                                           |                                           
Net: pad_uq1                               |(no matching net)                          
  sg13_hv_nmos/(1|3) = 1                   |                                           
                                           |                                           
Net: pad_uq0                               |(no matching net)                          
  sg13_hv_nmos/(1|3) = 1                   |                                           
---------------------------------------------------------------------------------------
DEVICE mismatches: Class fragments follow (with node fanout counts):
Circuit 1: sg13g2_Clamp_N8N8D              |Circuit 2: sg13g2_Clamp_N8N8D              

---------------------------------------------------------------------------------------
Instance: sg13_hv_nmos:0                   |Instance: sg13_hv_nmos:N0                  
  (1,3) = (9,1)                            |  (1,3) = (2,1)                            
  2 = 5                                    |  2 = 2                                    
  4 = 9                                    |  4 = 3                                    
                                           |                                           
Instance: sg13_hv_nmos:1                   |Instance: ptap1:R0                         
  (1,3) = (9,1)                            |  (1,2) = (3,2)                            
  2 = 5                                    |                                           
  4 = 9                                    |                                           
                                           |                                           
Instance: sg13_hv_nmos:4                   |(no matching instance)                     
  (1,3) = (9,1)                            |                                           
  2 = 5                                    |                                           
  4 = 9                                    |                                           
                                           |                                           
                                           |                                           
Instance: sg13_hv_nmos:6                   |(no matching instance)                     
  (1,3) = (9,1)                            |                                           
  2 = 5                                    |                                           
  4 = 9                                    |                                           
                                           |                                           
---------------------------------------------------------------------------------------
Netlists do not match.
Port matching may fail to disambiguate symmetries.
  Flattening non-matched subcircuits sg13g2_Clamp_N8N8D sg13g2_Clamp_N8N8D

Class sg13g2_decap_8 (0):  Merged 2 parallel devices.
Subcircuit summary:
Circuit 1: sg13g2_decap_8                  |Circuit 2: sg13g2_decap_8                  
-------------------------------------------|-------------------------------------------
sg13_lv_pmos (2->1)                        |sg13_lv_pmos (1)                           
sg13_lv_nmos (2->1)                        |sg13_lv_nmos (1)                           
Number of devices: 2                       |Number of devices: 2                       
Number of nets: 2                          |Number of nets: 2                          
---------------------------------------------------------------------------------------
Netlists match uniquely.

Subcircuit pins:
Circuit 1: sg13g2_decap_8                  |Circuit 2: sg13g2_decap_8                  
-------------------------------------------|-------------------------------------------
VSS                                        |VSS                                        
VDD                                        |VDD                                        
---------------------------------------------------------------------------------------
Cell pin lists are equivalent.
Device classes sg13g2_decap_8 and sg13g2_decap_8 are equivalent.

Cell sg13g2_IOPadAnalog (0) disconnected node: iovss
Cell sg13g2_IOPadAnalog (0) disconnected node: vdd
Cell sg13g2_IOPadAnalog (0) disconnected node: sg13g2_DCNDiode_0/guard
Cell sg13g2_IOPadAnalog (1) disconnected node: vdd
Class sg13g2_IOPadAnalog (0):  Merged 20 parallel devices.
Class sg13g2_IOPadAnalog (1):  Merged 1 parallel devices.
Class sg13g2_IOPadAnalog (1):  Merged 1 series devices.
Cell sg13g2_IOPadAnalog (0) disconnected node: iovss
Cell sg13g2_IOPadAnalog (0) disconnected node: vdd
Cell sg13g2_IOPadAnalog (0) disconnected node: sg13g2_DCNDiode_0/guard
Cell sg13g2_IOPadAnalog (1) disconnected node: vdd
Subcircuit summary:
Circuit 1: sg13g2_IOPadAnalog              |Circuit 2: sg13g2_IOPadAnalog              
-------------------------------------------|-------------------------------------------
dantenna (3->2)                            |dantenna (3->2)                            
dpantenna (3->2)                           |dpantenna (3->2)                           
rppd (3)                                   |rppd (3)                                   
sg13_hv_pmos (40->1)                       |sg13_hv_pmos (2->1)                        
sg13_hv_nmos (20->1)                       |sg13_hv_nmos (1)                           
(no matching element)                      |ptap1 (7->5)                               
Number of devices: 9 **Mismatch**          |Number of devices: 14 **Mismatch**         
Number of nets: 7 **Mismatch**             |Number of nets: 11 **Mismatch**            
---------------------------------------------------------------------------------------
NET mismatches: Class fragments follow (with fanout counts):
Circuit 1: sg13g2_IOPadAnalog              |Circuit 2: sg13g2_IOPadAnalog              

---------------------------------------------------------------------------------------
Net: pad                                   |Net: pad                                   
  sg13_hv_pmos/(1|3) = 1                   |  sg13_hv_pmos/(1|3) = 1                   
  dantenna/2 = 1                           |  dantenna/2 = 1                           
  dpantenna/1 = 1                          |  dpantenna/1 = 1                          
  rppd/(1|2) = 1                           |  rppd/(1|2) = 1                           
  sg13_hv_nmos/(1|3) = 1                   |  sg13_hv_nmos/(1|3) = 1                   
                                           |                                           
Net: iovdd_uq0                             |Net: vss                                   
  sg13_hv_pmos/(1|3) = 1                   |  ptap1/(1|2) = 1                          
  sg13_hv_pmos/4 = 1                       |                                           
  rppd/(1|2) = 1                           |                                           
  rppd/3 = 1                               |                                           
  dpantenna/2 = 1                          |                                           
                                           |                                           
Net: iovdd                                 |Net: iovdd                                 
  dpantenna/2 = 1                          |  dpantenna/2 = 2                          
                                           |  sg13_hv_pmos/4 = 1                       
                                           |  rppd/(1|2) = 1                           
                                           |  rppd/3 = 1                               
                                           |  sg13_hv_pmos/(1|3) = 1                   
                                           |                                           
Net: padres                                |Net: padres                                
  rppd/(1|2) = 1                           |  rppd/(1|2) = 1                           
  dantenna/2 = 1                           |  dantenna/2 = 1                           
  dpantenna/1 = 1                          |  dpantenna/1 = 1                          
                                           |                                           
Net: /sg13g2_Clamp_N20N0D_0/a_5044_476#    |Net: sg13g2_SecondaryProtection:I3/sub!    
  sg13_hv_nmos/2 = 1                       |  rppd/3 = 1                               
  rppd/(1|2) = 1                           |  dantenna/1 = 1                           
                                           |  ptap1/(1|2) = 1                          
                                           |                                           
(no matching net)                          |Net: sg13g2_Clamp_N20N0D:I4/sub!           
                                           |  sg13_hv_nmos/4 = 1                       
                                           |  ptap1/(1|2) = 1                          
                                           |  rppd/3 = 1                               
                                           |                                           
(no matching net)                          |Net: sg13g2_DCNDiode:I5/sub!               
                                           |  dantenna/1 = 1                           
                                           |  ptap1/(1|2) = 1                          
                                           |                                           
(no matching net)                          |Net: sg13g2_Clamp_N20N0D:I4/net2           
                                           |  sg13_hv_nmos/2 = 1                       
                                           |  rppd/(1|2) = 1                           
                                           |                                           
(no matching net)                          |Net: sg13g2_Clamp_P20N0D:I0/sub!           
                                           |  ptap1/(1|2) = 1                          
---------------------------------------------------------------------------------------

---------------------------------------------------------------------------------------
Net: vss                                   |Net: iovss                                 
  dantenna/1 = 2                           |  ptap1/(1|2) = 5                          
  sg13_hv_nmos/(1|3) = 1                   |  sg13_hv_nmos/(1|3) = 1                   
  rppd/(1|2) = 1                           |  rppd/(1|2) = 1                           
  sg13_hv_nmos/4 = 1                       |                                           
  rppd/3 = 2                               |                                           
---------------------------------------------------------------------------------------
DEVICE mismatches: Class fragments follow (with node fanout counts):
Circuit 1: sg13g2_IOPadAnalog              |Circuit 2: sg13g2_IOPadAnalog              

---------------------------------------------------------------------------------------
(no matching instance)                     |Instance: sg13g2_Clamp_P20N0D:I0/ptap1:R1  
                                           |  (1,2) = (7,1)                            
                                           |                                           
                                           |                                           
(no matching instance)                     |Instance: sg13g2_DCNDiode:I5/ptap1:R0      
                                           |  (1,2) = (7,2)                            
                                           |                                           
                                           |                                           
(no matching instance)                     |Instance: sg13g2_SecondaryProtection:I3/pt 
                                           |  (1,2) = (7,3)                            
                                           |                                           
                                           |                                           
(no matching instance)                     |Instance: sg13g2_Clamp_N20N0D:I4/ptap1:R1  
                                           |  (1,2) = (7,3)                            
                                           |                                           
                                           |                                           
(no matching instance)                     |Instance: ptap1:R0                         
                                           |  (1,2) = (7,1)                            
                                           |                                           
---------------------------------------------------------------------------------------

---------------------------------------------------------------------------------------
Instance: sg13g2_Clamp_N20N0D_0/sg13_hv_nm |Instance: sg13g2_Clamp_N20N0D:I4/sg13_hv_n 
  (1,3) = (7,5)                            |  (1,3) = (7,5)                            
  2 = 2                                    |  2 = 2                                    
  4 = 7                                    |  4 = 3                                    
---------------------------------------------------------------------------------------

---------------------------------------------------------------------------------------
Instance: sg13g2_Clamp_N20N0D_0/rppd:3     |Instance: sg13g2_Clamp_N20N0D:I4/rppd:R0   
  (1,2) = (7,2)                            |  (1,2) = (7,2)                            
  3 = 7                                    |  3 = 3                                    
                                           |                                           
Instance: sg13g2_SecondaryProtection_0/rpp |Instance: sg13g2_SecondaryProtection:I3/rp 
  (1,2) = (5,3)                            |  (1,2) = (5,3)                            
  3 = 7                                    |  3 = 3                                    
---------------------------------------------------------------------------------------

---------------------------------------------------------------------------------------
Instance: sg13g2_SecondaryProtection_0/dan |Instance: sg13g2_SecondaryProtection:I3/da 
  1 = 7                                    |  1 = 3                                    
  2 = 3                                    |  2 = 3                                    
                                           |                                           
Instance: sg13g2_DCNDiode_0/dantenna:0     |Instance: sg13g2_DCNDiode:I5/dantenna:D1   
  1 = 7                                    |  1 = 2                                    
  2 = 5                                    |  2 = 5                                    
---------------------------------------------------------------------------------------
Netlists do not match.
Port matching may fail to disambiguate symmetries.
  Flattening non-matched subcircuits sg13g2_IOPadAnalog sg13g2_IOPadAnalog

Cell sg13g2_IOPadOut30mA (0) disconnected node: iovss
Cell sg13g2_IOPadOut30mA (0) disconnected node: sg13g2_DCNDiode_0/guard
Class sg13g2_IOPadOut30mA (0):  Merged 16 parallel devices.
Class sg13g2_IOPadOut30mA (1):  Merged 1 parallel devices.
Class sg13g2_IOPadOut30mA (1):  Merged 1 series devices.
Cell sg13g2_IOPadOut30mA (0) disconnected node: iovss
Cell sg13g2_IOPadOut30mA (0) disconnected node: sg13g2_DCNDiode_0/guard
Subcircuit summary:
Circuit 1: sg13g2_IOPadOut30mA             |Circuit 2: sg13g2_IOPadOut30mA             
-------------------------------------------|-------------------------------------------
dantenna (3->2)                            |dantenna (3->2)                            
sg13_hv_nmos (21->7)                       |sg13_hv_nmos (7)                           
dpantenna (3->2)                           |dpantenna (3->2)                           
sg13_hv_pmos (36->7)                       |sg13_hv_pmos (8->7)                        
sg13_lv_pmos (2)                           |sg13_lv_pmos (2)                           
sg13_lv_nmos (2)                           |sg13_lv_nmos (2)                           
(no matching element)                      |ptap1 (8->6)                               
Number of devices: 22 **Mismatch**         |Number of devices: 28 **Mismatch**         
Number of nets: 14 **Mismatch**            |Number of nets: 19 **Mismatch**            
---------------------------------------------------------------------------------------
NET mismatches: Class fragments follow (with fanout counts):
Circuit 1: sg13g2_IOPadOut30mA             |Circuit 2: sg13g2_IOPadOut30mA             

---------------------------------------------------------------------------------------
Net: vss                                   |Net: vss                                   
  sg13_lv_nmos/(1|3) = 2                   |  sg13_lv_nmos/(1|3) = 2                   
  sg13_hv_nmos/(1|3) = 7                   |  sg13_hv_nmos/(1|3) = 6                   
  sg13_hv_nmos/4 = 7                       |  ptap1/(1|2) = 3                          
  dantenna/1 = 2                           |                                           
  sg13_lv_nmos/4 = 2                       |                                           
                                           |                                           
Net: iovdd_uq0                             |Net: sg13g2_GateLevelUpInv:I2/sg13g2_Level 
  dpantenna/2 = 2                          |  sg13_lv_nmos/4 = 1                       
  sg13_hv_pmos/(1|3) = 1                   |  sg13_hv_nmos/4 = 3                       
  sg13_hv_pmos/4 = 1                       |  ptap1/(1|2) = 1                          
                                           |                                           
Net: iovdd                                 |Net: iovdd                                 
  sg13_hv_pmos/(1|3) = 6                   |  sg13_hv_pmos/(1|3) = 7                   
  sg13_hv_pmos/4 = 6                       |  sg13_hv_pmos/4 = 7                       
                                           |  dpantenna/2 = 2                          
                                           |                                           
(no matching net)                          |Net: sg13g2_Clamp_N15N15D:I3/sub!          
                                           |  ptap1/(1|2) = 1                          
                                           |  sg13_hv_nmos/4 = 1                       
                                           |  dantenna/1 = 1                           
                                           |                                           
(no matching net)                          |Net: sg13g2_GateLevelUpInv:I2/sg13g2_Level 
                                           |  sg13_lv_nmos/4 = 1                       
                                           |  sg13_hv_nmos/4 = 3                       
                                           |  ptap1/(1|2) = 1                          
                                           |                                           
(no matching net)                          |Net: iovss                                 
                                           |  ptap1/(1|2) = 4                          
                                           |  sg13_hv_nmos/(1|3) = 1                   
                                           |                                           
(no matching net)                          |Net: sg13g2_DCNDiode:I4/sub!               
                                           |  dantenna/1 = 1                           
                                           |  ptap1/(1|2) = 1                          
                                           |                                           
(no matching net)                          |Net: sg13g2_Clamp_P15N15D:I1/sub!          
                                           |  ptap1/(1|2) = 1                          
---------------------------------------------------------------------------------------
DEVICE mismatches: Class fragments follow (with node fanout counts):
Circuit 1: sg13g2_IOPadOut30mA             |Circuit 2: sg13g2_IOPadOut30mA             

---------------------------------------------------------------------------------------
(no matching instance)                     |Instance: sg13g2_GateLevelUpInv:I2/sg13g2_ 
                                           |  (1,2) = (11,5)                           
                                           |                                           
                                           |                                           
(no matching instance)                     |Instance: sg13g2_GateLevelUpInv:I2/sg13g2_ 
                                           |  (1,2) = (11,5)                           
                                           |                                           
                                           |                                           
(no matching instance)                     |Instance: sg13g2_Clamp_P15N15D:I1/ptap1:R0 
                                           |  (1,2) = (5,1)                            
                                           |                                           
                                           |                                           
(no matching instance)                     |Instance: sg13g2_Clamp_N15N15D:I3/ptap1:R0 
                                           |  (1,2) = (5,3)                            
                                           |                                           
                                           |                                           
(no matching instance)                     |Instance: sg13g2_DCNDiode:I4/ptap1:R0      
                                           |  (1,2) = (5,2)                            
                                           |                                           
                                           |                                           
(no matching instance)                     |Instance: ptap1:R0                         
                                           |  (1,2) = (11,5)                           
                                           |                                           
---------------------------------------------------------------------------------------
Netlists do not match.
Port matching may fail to disambiguate symmetries.
  Flattening non-matched subcircuits sg13g2_IOPadOut30mA sg13g2_IOPadOut30mA

Cell sg13g2_IOPadIOVss (0) disconnected node: vdd
Cell sg13g2_IOPadIOVss (0) disconnected node: sg13g2_DCNDiode_0/guard
Cell sg13g2_IOPadIOVss (1) disconnected node: vdd
Class sg13g2_IOPadIOVss (0):  Merged 2 parallel devices.
Class sg13g2_IOPadIOVss (1):  Merged 1 series devices.
Cell sg13g2_IOPadIOVss (0) disconnected node: vdd
Cell sg13g2_IOPadIOVss (0) disconnected node: sg13g2_DCNDiode_0/guard
Cell sg13g2_IOPadIOVss (1) disconnected node: vdd
Subcircuit summary:
Circuit 1: sg13g2_IOPadIOVss               |Circuit 2: sg13g2_IOPadIOVss               
-------------------------------------------|-------------------------------------------
dantenna (2->1)                            |dantenna (2->1)                            
dpantenna (2->1)                           |dpantenna (2->1)                           
(no matching element)                      |ptap1 (4->3)                               
Number of devices: 2 **Mismatch**          |Number of devices: 5 **Mismatch**          
Number of nets: 2 **Mismatch**             |Number of nets: 5 **Mismatch**             
---------------------------------------------------------------------------------------
NET mismatches: Class fragments follow (with fanout counts):
Circuit 1: sg13g2_IOPadIOVss               |Circuit 2: sg13g2_IOPadIOVss               

---------------------------------------------------------------------------------------
Net: vss                                   |Net: vss                                   
  dantenna/1 = 1                           |  ptap1/(1|2) = 1                          
  dantenna/2 = 1                           |                                           
  dpantenna/1 = 1                          |                                           
                                           |                                           
(no matching net)                          |Net: sg13g2_DCPDiode:I2/sub!               
                                           |  ptap1/(1|2) = 1                          
                                           |                                           
(no matching net)                          |Net: iovss                                 
                                           |  dantenna/2 = 1                           
                                           |  ptap1/(1|2) = 3                          
                                           |  dpantenna/1 = 1                          
                                           |                                           
(no matching net)                          |Net: sg13g2_DCNDiode:I3/sub!               
                                           |  dantenna/1 = 1                           
                                           |  ptap1/(1|2) = 1                          
---------------------------------------------------------------------------------------
DEVICE mismatches: Class fragments follow (with node fanout counts):
Circuit 1: sg13g2_IOPadIOVss               |Circuit 2: sg13g2_IOPadIOVss               

---------------------------------------------------------------------------------------
(no matching instance)                     |Instance: sg13g2_DCNDiode:I3/ptap1:R0      
                                           |  (1,2) = (5,2)                            
                                           |                                           
                                           |                                           
(no matching instance)                     |Instance: sg13g2_DCPDiode:I2/ptap1:R0      
                                           |  (1,2) = (5,1)                            
                                           |                                           
                                           |                                           
(no matching instance)                     |Instance: ptap1:R1                         
                                           |  (1,2) = (5,1)                            
                                           |                                           
---------------------------------------------------------------------------------------
Netlists do not match.
Port matching may fail to disambiguate symmetries.
  Flattening non-matched subcircuits sg13g2_IOPadIOVss sg13g2_IOPadIOVss

Subcircuit summary:
Circuit 1: sg13g2_dlygate4sd3_1            |Circuit 2: sg13g2_dlygate4sd3_1            
-------------------------------------------|-------------------------------------------
sg13_lv_pmos (4)                           |sg13_lv_pmos (4)                           
sg13_lv_nmos (4)                           |sg13_lv_nmos (4)                           
Number of devices: 8                       |Number of devices: 8                       
Number of nets: 7                          |Number of nets: 7                          
---------------------------------------------------------------------------------------
Netlists match uniquely.

Subcircuit pins:
Circuit 1: sg13g2_dlygate4sd3_1            |Circuit 2: sg13g2_dlygate4sd3_1            
-------------------------------------------|-------------------------------------------
X                                          |X                                          
A                                          |A                                          
VDD                                        |VDD                                        
VSS                                        |VSS                                        
---------------------------------------------------------------------------------------
Cell pin lists are equivalent.
Device classes sg13g2_dlygate4sd3_1 and sg13g2_dlygate4sd3_1 are equivalent.

Cell sg13g2_IOPadIOVdd (0) disconnected node: vdd
Cell sg13g2_IOPadIOVdd (0) disconnected node: iovss
Cell sg13g2_IOPadIOVdd (1) disconnected node: vdd
Class sg13g2_IOPadIOVdd (0):  Merged 21 parallel devices.
Class sg13g2_IOPadIOVdd (1):  Merged 1 series devices.
Cell sg13g2_IOPadIOVdd (0) disconnected node: vdd
Cell sg13g2_IOPadIOVdd (0) disconnected node: iovss
Cell sg13g2_IOPadIOVdd (1) disconnected node: vdd
Subcircuit summary:
Circuit 1: sg13g2_IOPadIOVdd               |Circuit 2: sg13g2_IOPadIOVdd               
-------------------------------------------|-------------------------------------------
sg13_hv_nmos (198->3)                      |sg13_hv_nmos (176->3)                      
dantenna (1)                               |dantenna (1)                               
sg13_hv_pmos (50->1)                       |sg13_hv_pmos (1)                           
sg13g2_RCClampResistor (1)                 |sg13g2_RCClampResistor (1)                 
(no matching element)                      |ptap1 (4->3)                               
Number of devices: 6 **Mismatch**          |Number of devices: 9 **Mismatch**          
Number of nets: 4 **Mismatch**             |Number of nets: 8 **Mismatch**             
---------------------------------------------------------------------------------------
NET mismatches: Class fragments follow (with fanout counts):
Circuit 1: sg13g2_IOPadIOVdd               |Circuit 2: sg13g2_IOPadIOVdd               

---------------------------------------------------------------------------------------
Net: vss                                   |Net: vss                                   
  sg13_hv_nmos/(1|3) = 4                   |  ptap1/(1|2) = 1                          
  sg13_hv_nmos/4 = 3                       |                                           
  dantenna/1 = 1                           |                                           
  sg13g2_RCClampResistor/sub = 1           |                                           
                                           |                                           
(no matching net)                          |Net: iovss                                 
                                           |  sg13_hv_nmos/(1|3) = 4                   
                                           |  ptap1/(1|2) = 3                          
                                           |                                           
(no matching net)                          |Net: dummy_14                              
                                           |  sg13g2_RCClampResistor/proxysub = 1      
                                           |                                           
(no matching net)                          |Net: sg13g2_Clamp_N43N43D4R:I1/sub!        
                                           |  sg13_hv_nmos/4 = 1                       
                                           |  ptap1/(1|2) = 1                          
                                           |  dantenna/1 = 1                           
                                           |                                           
(no matching net)                          |Net: sg13g2_RCClampInverter:I2/sub!        
                                           |  sg13_hv_nmos/4 = 2                       
                                           |  ptap1/(1|2) = 1                          
---------------------------------------------------------------------------------------
DEVICE mismatches: Class fragments follow (with node fanout counts):
Circuit 1: sg13g2_IOPadIOVdd               |Circuit 2: sg13g2_IOPadIOVdd               

---------------------------------------------------------------------------------------
(no matching instance)                     |Instance: sg13g2_Clamp_N43N43D4R:I1/ptap1: 
                                           |  (1,2) = (7,3)                            
                                           |                                           
                                           |                                           
(no matching instance)                     |Instance: sg13g2_RCClampInverter:I2/ptap1: 
                                           |  (1,2) = (7,3)                            
                                           |                                           
                                           |                                           
(no matching instance)                     |Instance: ptap1:R1                         
                                           |  (1,2) = (7,1)                            
                                           |                                           
---------------------------------------------------------------------------------------
Netlists do not match.
Port matching may fail to disambiguate symmetries.
  Flattening non-matched subcircuits sg13g2_IOPadIOVdd sg13g2_IOPadIOVdd

Cell sg13g2_IOPadVss (0) disconnected node: vdd
Cell sg13g2_IOPadVss (0) disconnected node: sg13g2_DCNDiode_0/guard
Cell sg13g2_IOPadVss (1) disconnected node: vdd
Class sg13g2_IOPadVss (0):  Merged 2 parallel devices.
Class sg13g2_IOPadVss (1):  Merged 1 series devices.
Cell sg13g2_IOPadVss (0) disconnected node: vdd
Cell sg13g2_IOPadVss (0) disconnected node: sg13g2_DCNDiode_0/guard
Cell sg13g2_IOPadVss (1) disconnected node: vdd
Subcircuit summary:
Circuit 1: sg13g2_IOPadVss                 |Circuit 2: sg13g2_IOPadVss                 
-------------------------------------------|-------------------------------------------
dantenna (2->1)                            |dantenna (2->1)                            
dpantenna (2->1)                           |dpantenna (2->1)                           
(no matching element)                      |ptap1 (4->3)                               
Number of devices: 2 **Mismatch**          |Number of devices: 5 **Mismatch**          
Number of nets: 2 **Mismatch**             |Number of nets: 5 **Mismatch**             
---------------------------------------------------------------------------------------
NET mismatches: Class fragments follow (with fanout counts):
Circuit 1: sg13g2_IOPadVss                 |Circuit 2: sg13g2_IOPadVss                 

---------------------------------------------------------------------------------------
Net: vss                                   |Net: vss                                   
  dantenna/2 = 1                           |  dantenna/2 = 1                           
  dpantenna/1 = 1                          |  dpantenna/1 = 1                          
  dantenna/1 = 1                           |  ptap1/(1|2) = 1                          
                                           |                                           
(no matching net)                          |Net: iovss                                 
                                           |  ptap1/(1|2) = 3                          
                                           |                                           
(no matching net)                          |Net: sg13g2_DCPDiode:I2/sub!               
                                           |  ptap1/(1|2) = 1                          
                                           |                                           
(no matching net)                          |Net: sg13g2_DCNDiode:I1/sub!               
                                           |  dantenna/1 = 1                           
                                           |  ptap1/(1|2) = 1                          
---------------------------------------------------------------------------------------
DEVICE mismatches: Class fragments follow (with node fanout counts):
Circuit 1: sg13g2_IOPadVss                 |Circuit 2: sg13g2_IOPadVss                 

---------------------------------------------------------------------------------------
(no matching instance)                     |Instance: sg13g2_DCNDiode:I1/ptap1:R0      
                                           |  (1,2) = (3,2)                            
                                           |                                           
                                           |                                           
(no matching instance)                     |Instance: sg13g2_DCPDiode:I2/ptap1:R0      
                                           |  (1,2) = (3,1)                            
                                           |                                           
                                           |                                           
(no matching instance)                     |Instance: ptap1:R1                         
                                           |  (1,2) = (3,3)                            
                                           |                                           
---------------------------------------------------------------------------------------
Netlists do not match.
Port matching may fail to disambiguate symmetries.
  Flattening non-matched subcircuits sg13g2_IOPadVss sg13g2_IOPadVss

Subcircuit summary:
Circuit 1: sg13g2_decap_4                  |Circuit 2: sg13g2_decap_4                  
-------------------------------------------|-------------------------------------------
sg13_lv_pmos (1)                           |sg13_lv_pmos (1)                           
sg13_lv_nmos (1)                           |sg13_lv_nmos (1)                           
Number of devices: 2                       |Number of devices: 2                       
Number of nets: 2                          |Number of nets: 2                          
---------------------------------------------------------------------------------------
Netlists match uniquely.

Subcircuit pins:
Circuit 1: sg13g2_decap_4                  |Circuit 2: sg13g2_decap_4                  
-------------------------------------------|-------------------------------------------
VSS                                        |VSS                                        
VDD                                        |VDD                                        
---------------------------------------------------------------------------------------
Cell pin lists are equivalent.
Device classes sg13g2_decap_4 and sg13g2_decap_4 are equivalent.

Cell sg13g2_IOPadOut4mA (0) disconnected node: iovss
Cell sg13g2_IOPadOut4mA (0) disconnected node: sg13g2_DCNDiode_0/guard
Class sg13g2_IOPadOut4mA (0):  Merged 2 parallel devices.
Class sg13g2_IOPadOut4mA (1):  Merged 1 parallel devices.
Class sg13g2_IOPadOut4mA (1):  Merged 1 series devices.
Cell sg13g2_IOPadOut4mA (0) disconnected node: iovss
Cell sg13g2_IOPadOut4mA (0) disconnected node: sg13g2_DCNDiode_0/guard
Subcircuit summary:
Circuit 1: sg13g2_IOPadOut4mA              |Circuit 2: sg13g2_IOPadOut4mA              
-------------------------------------------|-------------------------------------------
dantenna (3->2)                            |dantenna (3->2)                            
dpantenna (3->2)                           |dpantenna (3->2)                           
sg13_hv_pmos (10->7)                       |sg13_hv_pmos (8->7)                        
sg13_hv_nmos (8->7)                        |sg13_hv_nmos (7)                           
sg13_lv_pmos (2)                           |sg13_lv_pmos (2)                           
sg13_lv_nmos (2)                           |sg13_lv_nmos (2)                           
(no matching element)                      |ptap1 (8->6)                               
Number of devices: 22 **Mismatch**         |Number of devices: 28 **Mismatch**         
Number of nets: 14 **Mismatch**            |Number of nets: 19 **Mismatch**            
---------------------------------------------------------------------------------------
NET mismatches: Class fragments follow (with fanout counts):
Circuit 1: sg13g2_IOPadOut4mA              |Circuit 2: sg13g2_IOPadOut4mA              

---------------------------------------------------------------------------------------
Net: vss                                   |Net: vss                                   
  sg13_lv_nmos/(1|3) = 2                   |  sg13_lv_nmos/(1|3) = 2                   
  sg13_hv_nmos/(1|3) = 7                   |  sg13_hv_nmos/(1|3) = 6                   
  sg13_hv_nmos/4 = 7                       |  ptap1/(1|2) = 3                          
  dantenna/1 = 2                           |                                           
  sg13_lv_nmos/4 = 2                       |                                           
                                           |                                           
Net: iovdd_uq0                             |Net: sg13g2_GateLevelUpInv:I2/sg13g2_Level 
  dpantenna/2 = 2                          |  sg13_lv_nmos/4 = 1                       
  sg13_hv_pmos/(1|3) = 1                   |  sg13_hv_nmos/4 = 3                       
  sg13_hv_pmos/4 = 1                       |  ptap1/(1|2) = 1                          
                                           |                                           
Net: iovdd                                 |Net: iovdd                                 
  sg13_hv_pmos/(1|3) = 6                   |  sg13_hv_pmos/(1|3) = 7                   
  sg13_hv_pmos/4 = 6                       |  sg13_hv_pmos/4 = 7                       
                                           |  dpantenna/2 = 2                          
                                           |                                           
(no matching net)                          |Net: sg13g2_Clamp_N2N2D:I3/sub!            
                                           |  ptap1/(1|2) = 1                          
                                           |  sg13_hv_nmos/4 = 1                       
                                           |  dantenna/1 = 1                           
                                           |                                           
(no matching net)                          |Net: sg13g2_GateLevelUpInv:I2/sg13g2_Level 
                                           |  sg13_lv_nmos/4 = 1                       
                                           |  sg13_hv_nmos/4 = 3                       
                                           |  ptap1/(1|2) = 1                          
                                           |                                           
(no matching net)                          |Net: iovss                                 
                                           |  ptap1/(1|2) = 4                          
                                           |  sg13_hv_nmos/(1|3) = 1                   
                                           |                                           
(no matching net)                          |Net: sg13g2_DCNDiode:I4/sub!               
                                           |  dantenna/1 = 1                           
                                           |  ptap1/(1|2) = 1                          
                                           |                                           
(no matching net)                          |Net: sg13g2_Clamp_P2N2D:I0/sub!            
                                           |  ptap1/(1|2) = 1                          
---------------------------------------------------------------------------------------
DEVICE mismatches: Class fragments follow (with node fanout counts):
Circuit 1: sg13g2_IOPadOut4mA              |Circuit 2: sg13g2_IOPadOut4mA              

---------------------------------------------------------------------------------------
(no matching instance)                     |Instance: sg13g2_GateLevelUpInv:I2/sg13g2_ 
                                           |  (1,2) = (11,5)                           
                                           |                                           
                                           |                                           
(no matching instance)                     |Instance: sg13g2_GateLevelUpInv:I2/sg13g2_ 
                                           |  (1,2) = (11,5)                           
                                           |                                           
                                           |                                           
(no matching instance)                     |Instance: sg13g2_Clamp_P2N2D:I0/ptap1:R0   
                                           |  (1,2) = (5,1)                            
                                           |                                           
                                           |                                           
(no matching instance)                     |Instance: sg13g2_Clamp_N2N2D:I3/ptap1:R0   
                                           |  (1,2) = (5,3)                            
                                           |                                           
                                           |                                           
(no matching instance)                     |Instance: sg13g2_DCNDiode:I4/ptap1:R0      
                                           |  (1,2) = (5,2)                            
                                           |                                           
                                           |                                           
(no matching instance)                     |Instance: ptap1:R1                         
                                           |  (1,2) = (11,5)                           
                                           |                                           
---------------------------------------------------------------------------------------
Netlists do not match.
Port matching may fail to disambiguate symmetries.
  Flattening non-matched subcircuits sg13g2_IOPadOut4mA sg13g2_IOPadOut4mA

Cell sg13g2_IOPadVdd (0) disconnected node: iovdd
Cell sg13g2_IOPadVdd (0) disconnected node: iovss
Cell sg13g2_IOPadVdd (0) disconnected node: iovdd_uq0
Cell sg13g2_IOPadVdd (0) disconnected node: w_n124_1076#
Cell sg13g2_IOPadVdd (1) disconnected node: iovdd
Class sg13g2_IOPadVdd (0):  Merged 21 parallel devices.
Class sg13g2_IOPadVdd (1):  Merged 1 series devices.
Cell sg13g2_IOPadVdd (0) disconnected node: iovdd
Cell sg13g2_IOPadVdd (0) disconnected node: iovss
Cell sg13g2_IOPadVdd (0) disconnected node: iovdd_uq0
Cell sg13g2_IOPadVdd (0) disconnected node: w_n124_1076#
Cell sg13g2_IOPadVdd (1) disconnected node: iovdd
Subcircuit summary:
Circuit 1: sg13g2_IOPadVdd                 |Circuit 2: sg13g2_IOPadVdd                 
-------------------------------------------|-------------------------------------------
sg13_hv_nmos (198->3)                      |sg13_hv_nmos (176->3)                      
dantenna (1)                               |dantenna (1)                               
sg13_hv_pmos (50->1)                       |sg13_hv_pmos (1)                           
sg13g2_RCClampResistor (1)                 |sg13g2_RCClampResistor (1)                 
(no matching element)                      |ptap1 (4->3)                               
Number of devices: 6 **Mismatch**          |Number of devices: 9 **Mismatch**          
Number of nets: 4 **Mismatch**             |Number of nets: 8 **Mismatch**             
---------------------------------------------------------------------------------------
NET mismatches: Class fragments follow (with fanout counts):
Circuit 1: sg13g2_IOPadVdd                 |Circuit 2: sg13g2_IOPadVdd                 

---------------------------------------------------------------------------------------
Net: vss                                   |Net: vss                                   
  sg13_hv_nmos/(1|3) = 4                   |  ptap1/(1|2) = 1                          
  sg13_hv_nmos/4 = 3                       |                                           
  dantenna/1 = 1                           |                                           
  sg13g2_RCClampResistor/sub = 1           |                                           
                                           |                                           
(no matching net)                          |Net: iovss                                 
                                           |  sg13_hv_nmos/(1|3) = 4                   
                                           |  ptap1/(1|2) = 3                          
                                           |                                           
(no matching net)                          |Net: dummy_14                              
                                           |  sg13g2_RCClampResistor/proxysub = 1      
                                           |                                           
(no matching net)                          |Net: sg13g2_Clamp_N43N43D4R:I1/sub!        
                                           |  sg13_hv_nmos/4 = 1                       
                                           |  ptap1/(1|2) = 1                          
                                           |  dantenna/1 = 1                           
                                           |                                           
(no matching net)                          |Net: sg13g2_RCClampInverter:I3/sub!        
                                           |  sg13_hv_nmos/4 = 2                       
                                           |  ptap1/(1|2) = 1                          
---------------------------------------------------------------------------------------
DEVICE mismatches: Class fragments follow (with node fanout counts):
Circuit 1: sg13g2_IOPadVdd                 |Circuit 2: sg13g2_IOPadVdd                 

---------------------------------------------------------------------------------------
(no matching instance)                     |Instance: sg13g2_Clamp_N43N43D4R:I1/ptap1: 
                                           |  (1,2) = (7,3)                            
                                           |                                           
                                           |                                           
(no matching instance)                     |Instance: ptap1:R1                         
                                           |  (1,2) = (7,1)                            
                                           |                                           
                                           |                                           
(no matching instance)                     |Instance: sg13g2_RCClampInverter:I3/ptap1: 
                                           |  (1,2) = (7,3)                            
                                           |                                           
---------------------------------------------------------------------------------------
Netlists do not match.
Port matching may fail to disambiguate symmetries.
  Flattening non-matched subcircuits sg13g2_IOPadVdd sg13g2_IOPadVdd

Subcircuit summary:
Circuit 1: sg13g2_dfrbpq_1                 |Circuit 2: sg13g2_dfrbpq_1                 
-------------------------------------------|-------------------------------------------
sg13_lv_pmos (16)                          |sg13_lv_pmos (16)                          
sg13_lv_nmos (16)                          |sg13_lv_nmos (16)                          
Number of devices: 32                      |Number of devices: 32                      
Number of nets: 21                         |Number of nets: 21                         
---------------------------------------------------------------------------------------
Netlists match uniquely.

Subcircuit pins:
Circuit 1: sg13g2_dfrbpq_1                 |Circuit 2: sg13g2_dfrbpq_1                 
-------------------------------------------|-------------------------------------------
D                                          |D                                          
CLK                                        |CLK                                        
Q                                          |Q                                          
VSS                                        |VSS                                        
RESET_B                                    |RESET_B                                    
VDD                                        |VDD                                        
---------------------------------------------------------------------------------------
Cell pin lists are equivalent.
Device classes sg13g2_dfrbpq_1 and sg13g2_dfrbpq_1 are equivalent.

Cell sg13g2_IOPadIn (0) disconnected node: sg13g2_DCNDiode_0/guard
Class sg13g2_IOPadIn (0):  Merged 2 parallel devices.
Class sg13g2_IOPadIn (1):  Merged 1 series devices.
Cell sg13g2_IOPadIn (0) disconnected node: sg13g2_DCNDiode_0/guard
Subcircuit summary:
Circuit 1: sg13g2_IOPadIn                  |Circuit 2: sg13g2_IOPadIn                  
-------------------------------------------|-------------------------------------------
dantenna (3->2)                            |dantenna (3->2)                            
dpantenna (3->2)                           |dpantenna (3->2)                           
rppd (1)                                   |rppd (1)                                   
sg13_hv_pmos (5->3)                        |sg13_hv_pmos (3)                           
sg13_hv_nmos (4)                           |sg13_hv_nmos (4)                           
sg13_lv_pmos (1)                           |sg13_lv_pmos (1)                           
sg13_lv_nmos (1)                           |sg13_lv_nmos (1)                           
(no matching element)                      |ptap1 (7->6)                               
Number of devices: 14 **Mismatch**         |Number of devices: 20 **Mismatch**         
Number of nets: 9 **Mismatch**             |Number of nets: 14 **Mismatch**            
---------------------------------------------------------------------------------------
NET mismatches: Class fragments follow (with fanout counts):
Circuit 1: sg13g2_IOPadIn                  |Circuit 2: sg13g2_IOPadIn                  

---------------------------------------------------------------------------------------
Net: vss                                   |Net: vss                                   
  sg13_hv_nmos/(1|3) = 3                   |  sg13_hv_nmos/(1|3) = 1                   
  sg13_lv_nmos/(1|3) = 1                   |  sg13_lv_nmos/(1|3) = 1                   
  dantenna/1 = 2                           |  ptap1/(1|2) = 2                          
  sg13_hv_nmos/4 = 4                       |                                           
  rppd/3 = 1                               |                                           
  sg13_lv_nmos/4 = 1                       |                                           
                                           |                                           
(no matching net)                          |Net: iovss                                 
                                           |  sg13_hv_nmos/(1|3) = 2                   
                                           |  ptap1/(1|2) = 5                          
                                           |                                           
(no matching net)                          |Net: sg13g2_LevelDown:I0/sub!              
                                           |  sg13_hv_nmos/4 = 4                       
                                           |  sg13_lv_nmos/4 = 1                       
                                           |  ptap1/(1|2) = 2                          
                                           |                                           
(no matching net)                          |Net: sg13g2_DCNDiode:I2/sub!               
                                           |  dantenna/1 = 1                           
                                           |  ptap1/(1|2) = 1                          
                                           |                                           
(no matching net)                          |Net: sg13g2_LevelDown:I0/sg13g2_SecondaryP 
                                           |  rppd/3 = 1                               
                                           |  dantenna/1 = 1                           
                                           |  ptap1/(1|2) = 1                          
                                           |                                           
(no matching net)                          |Net: sg13g2_DCPDiode:I1/sub!               
                                           |  ptap1/(1|2) = 1                          
---------------------------------------------------------------------------------------
DEVICE mismatches: Class fragments follow (with node fanout counts):
Circuit 1: sg13g2_IOPadIn                  |Circuit 2: sg13g2_IOPadIn                  

---------------------------------------------------------------------------------------
(no matching instance)                     |Instance: sg13g2_LevelDown:I0/ptap1:R1     
                                           |  (1,2) = (7,7)                            
                                           |                                           
                                           |                                           
(no matching instance)                     |Instance: sg13g2_LevelDown:I0/ptap1:R0     
                                           |  (1,2) = (7,4)                            
                                           |                                           
                                           |                                           
(no matching instance)                     |Instance: sg13g2_LevelDown:I0/sg13g2_Secon 
                                           |  (1,2) = (7,3)                            
                                           |                                           
                                           |                                           
(no matching instance)                     |Instance: sg13g2_DCNDiode:I2/ptap1:R0      
                                           |  (1,2) = (7,2)                            
                                           |                                           
                                           |                                           
(no matching instance)                     |Instance: sg13g2_DCPDiode:I1/ptap1:R0      
                                           |  (1,2) = (7,1)                            
                                           |                                           
                                           |                                           
(no matching instance)                     |Instance: ptap1:R0                         
                                           |  (1,2) = (7,4)                            
                                           |                                           
---------------------------------------------------------------------------------------
Netlists do not match.
Port matching may fail to disambiguate symmetries.
  Flattening non-matched subcircuits sg13g2_IOPadIn sg13g2_IOPadIn

Subcircuit summary:
Circuit 1: sg13g2_and2_1                   |Circuit 2: sg13g2_and2_1                   
-------------------------------------------|-------------------------------------------
sg13_lv_pmos (3)                           |sg13_lv_pmos (3)                           
sg13_lv_nmos (3)                           |sg13_lv_nmos (3)                           
Number of devices: 6                       |Number of devices: 6                       
Number of nets: 7                          |Number of nets: 7                          
---------------------------------------------------------------------------------------
Netlists match uniquely.

Subcircuit pins:
Circuit 1: sg13g2_and2_1                   |Circuit 2: sg13g2_and2_1                   
-------------------------------------------|-------------------------------------------
VDD                                        |VDD                                        
VSS                                        |VSS                                        
X                                          |X                                          
B                                          |B                                          
A                                          |A                                          
---------------------------------------------------------------------------------------
Cell pin lists are equivalent.
Device classes sg13g2_and2_1 and sg13g2_and2_1 are equivalent.

Subcircuit summary:
Circuit 1: sg13g2_tiehi                    |Circuit 2: sg13g2_tiehi                    
-------------------------------------------|-------------------------------------------
sg13_lv_pmos (2)                           |sg13_lv_pmos (2)                           
sg13_lv_nmos (2)                           |sg13_lv_nmos (2)                           
Number of devices: 4                       |Number of devices: 4                       
Number of nets: 6                          |Number of nets: 6                          
---------------------------------------------------------------------------------------
Netlists match uniquely.

Subcircuit pins:
Circuit 1: sg13g2_tiehi                    |Circuit 2: sg13g2_tiehi                    
-------------------------------------------|-------------------------------------------
VSS                                        |VSS                                        
VDD                                        |VDD                                        
L_HI                                       |L_HI                                       
---------------------------------------------------------------------------------------
Cell pin lists are equivalent.
Device classes sg13g2_tiehi and sg13g2_tiehi are equivalent.

Cell sg13g2_IOPadOut16mA (0) disconnected node: iovss
Cell sg13g2_IOPadOut16mA (0) disconnected node: sg13g2_DCNDiode_0/guard
Class sg13g2_IOPadOut16mA (0):  Merged 8 parallel devices.
Class sg13g2_IOPadOut16mA (1):  Merged 1 parallel devices.
Class sg13g2_IOPadOut16mA (1):  Merged 1 series devices.
Cell sg13g2_IOPadOut16mA (0) disconnected node: iovss
Cell sg13g2_IOPadOut16mA (0) disconnected node: sg13g2_DCNDiode_0/guard
Subcircuit summary:
Circuit 1: sg13g2_IOPadOut16mA             |Circuit 2: sg13g2_IOPadOut16mA             
-------------------------------------------|-------------------------------------------
dantenna (3->2)                            |dantenna (3->2)                            
sg13_hv_pmos (22->7)                       |sg13_hv_pmos (8->7)                        
dpantenna (3->2)                           |dpantenna (3->2)                           
sg13_hv_nmos (14->7)                       |sg13_hv_nmos (7)                           
sg13_lv_pmos (2)                           |sg13_lv_pmos (2)                           
sg13_lv_nmos (2)                           |sg13_lv_nmos (2)                           
(no matching element)                      |ptap1 (8->6)                               
Number of devices: 22 **Mismatch**         |Number of devices: 28 **Mismatch**         
Number of nets: 14 **Mismatch**            |Number of nets: 19 **Mismatch**            
---------------------------------------------------------------------------------------
NET mismatches: Class fragments follow (with fanout counts):
Circuit 1: sg13g2_IOPadOut16mA             |Circuit 2: sg13g2_IOPadOut16mA             

---------------------------------------------------------------------------------------
Net: vss                                   |Net: vss                                   
  sg13_lv_nmos/(1|3) = 2                   |  sg13_lv_nmos/(1|3) = 2                   
  sg13_hv_nmos/(1|3) = 7                   |  sg13_hv_nmos/(1|3) = 6                   
  sg13_hv_nmos/4 = 7                       |  ptap1/(1|2) = 3                          
  dantenna/1 = 2                           |                                           
  sg13_lv_nmos/4 = 2                       |                                           
                                           |                                           
Net: iovdd_uq0                             |Net: sg13g2_GateLevelUpInv:I2/sg13g2_Level 
  sg13_hv_pmos/(1|3) = 1                   |  sg13_lv_nmos/4 = 1                       
  sg13_hv_pmos/4 = 1                       |  sg13_hv_nmos/4 = 3                       
  dpantenna/2 = 2                          |  ptap1/(1|2) = 1                          
                                           |                                           
Net: iovdd                                 |Net: iovdd                                 
  sg13_hv_pmos/(1|3) = 6                   |  sg13_hv_pmos/(1|3) = 7                   
  sg13_hv_pmos/4 = 6                       |  sg13_hv_pmos/4 = 7                       
                                           |  dpantenna/2 = 2                          
                                           |                                           
(no matching net)                          |Net: sg13g2_Clamp_N8N8D:I3/sub!            
                                           |  ptap1/(1|2) = 1                          
                                           |  sg13_hv_nmos/4 = 1                       
                                           |  dantenna/1 = 1                           
                                           |                                           
(no matching net)                          |Net: sg13g2_GateLevelUpInv:I2/sg13g2_Level 
                                           |  sg13_lv_nmos/4 = 1                       
                                           |  sg13_hv_nmos/4 = 3                       
                                           |  ptap1/(1|2) = 1                          
                                           |                                           
(no matching net)                          |Net: iovss                                 
                                           |  ptap1/(1|2) = 4                          
                                           |  sg13_hv_nmos/(1|3) = 1                   
                                           |                                           
(no matching net)                          |Net: sg13g2_DCNDiode:I4/sub!               
                                           |  dantenna/1 = 1                           
                                           |  ptap1/(1|2) = 1                          
                                           |                                           
(no matching net)                          |Net: sg13g2_Clamp_P8N8D:I0/sub!            
                                           |  ptap1/(1|2) = 1                          
---------------------------------------------------------------------------------------
DEVICE mismatches: Class fragments follow (with node fanout counts):
Circuit 1: sg13g2_IOPadOut16mA             |Circuit 2: sg13g2_IOPadOut16mA             

---------------------------------------------------------------------------------------
(no matching instance)                     |Instance: sg13g2_GateLevelUpInv:I2/sg13g2_ 
                                           |  (1,2) = (11,5)                           
                                           |                                           
                                           |                                           
(no matching instance)                     |Instance: sg13g2_GateLevelUpInv:I2/sg13g2_ 
                                           |  (1,2) = (11,5)                           
                                           |                                           
                                           |                                           
(no matching instance)                     |Instance: sg13g2_Clamp_P8N8D:I0/ptap1:R0   
                                           |  (1,2) = (5,1)                            
                                           |                                           
                                           |                                           
(no matching instance)                     |Instance: sg13g2_DCNDiode:I4/ptap1:R0      
                                           |  (1,2) = (5,2)                            
                                           |                                           
                                           |                                           
(no matching instance)                     |Instance: sg13g2_Clamp_N8N8D:I3/ptap1:R0   
                                           |  (1,2) = (5,3)                            
                                           |                                           
                                           |                                           
(no matching instance)                     |Instance: ptap1:R0                         
                                           |  (1,2) = (11,5)                           
                                           |                                           
---------------------------------------------------------------------------------------
Netlists do not match.
Port matching may fail to disambiguate symmetries.
  Flattening non-matched subcircuits sg13g2_IOPadOut16mA sg13g2_IOPadOut16mA

Subcircuit summary:
Circuit 1: sg13g2_inv_1                    |Circuit 2: sg13g2_inv_1                    
-------------------------------------------|-------------------------------------------
sg13_lv_pmos (1)                           |sg13_lv_pmos (1)                           
sg13_lv_nmos (1)                           |sg13_lv_nmos (1)                           
Number of devices: 2                       |Number of devices: 2                       
Number of nets: 4                          |Number of nets: 4                          
---------------------------------------------------------------------------------------
Netlists match uniquely.

Subcircuit pins:
Circuit 1: sg13g2_inv_1                    |Circuit 2: sg13g2_inv_1                    
-------------------------------------------|-------------------------------------------
Y                                          |Y                                          
A                                          |A                                          
VSS                                        |VSS                                        
VDD                                        |VDD                                        
---------------------------------------------------------------------------------------
Cell pin lists are equivalent.
Device classes sg13g2_inv_1 and sg13g2_inv_1 are equivalent.
Flattening unmatched subcell sg13g2_fill_2 in circuit g1_chip_top (1)(105 instances)
Flattening unmatched subcell sg13g2_fill_1 in circuit g1_chip_top (1)(3 instances)
Flattening unmatched subcell sg13g2_Corner in circuit g1_chip_top (1)(4 instances)
Flattening unmatched subcell sg13g2_Filler400 in circuit g1_chip_top (1)(8 instances)
Flattening unmatched subcell sg13g2_Filler200 in circuit g1_chip_top (1)(20 instances)

Class g1_chip_top (0):  Merged 12390 parallel devices.
Class g1_chip_top (1):  Merged 12429 parallel devices.
Class g1_chip_top (1):  Merged 32 series devices.
Class g1_chip_top (1):  Merged 32 parallel devices.
Subcircuit summary:
Circuit 1: g1_chip_top                     |Circuit 2: g1_chip_top                     
-------------------------------------------|-------------------------------------------
sg13g2_decap_8 (12381->1)                  |sg13g2_decap_8 (12381->1)                  
dantenna (62->38)                          |dantenna (62->41) **Mismatch**             
dpantenna (59->35)                         |dpantenna (59->36) **Mismatch**            
rppd (33)                                  |rppd (33)                                  
sg13_hv_pmos (643->48)                     |sg13_hv_pmos (64->48)                      
sg13_hv_nmos (857->59)                     |sg13_hv_nmos (578->59)                     
sg13_lv_pmos (11)                          |sg13_lv_pmos (11)                          
sg13_lv_nmos (11)                          |sg13_lv_nmos (11)                          
sg13g2_dlygate4sd3_1 (1)                   |sg13g2_dlygate4sd3_1 (1)                   
sg13g2_RCClampResistor (3)                 |sg13g2_RCClampResistor (3)                 
sg13g2_decap_4 (3->1)                      |sg13g2_decap_4 (3->1)                      
sg13g2_dfrbpq_1 (1)                        |sg13g2_dfrbpq_1 (1)                        
sg13g2_and2_1 (1)                          |sg13g2_and2_1 (1)                          
sg13g2_tiehi (1)                           |sg13g2_tiehi (1)                           
sg13g2_inv_1 (1)                           |sg13g2_inv_1 (1)                           
(no matching element)                      |bondpad_70x70_tm1 (24)                     
(no matching element)                      |ptap1 (215->70)                            
Number of devices: 245 **Mismatch**        |Number of devices: 343 **Mismatch**        
Number of nets: 108 **Mismatch**           |Number of nets: 178 **Mismatch**           
---------------------------------------------------------------------------------------
NET mismatches: Class fragments follow (with fanout counts):
Circuit 1: g1_chip_top                     |Circuit 2: g1_chip_top                     

---------------------------------------------------------------------------------------
Net: VDD                                   |Net: VDD                                   
  sg13g2_decap_8/VDD = 1                   |  sg13g2_decap_8/VDD = 1                   
  sg13_lv_pmos/(1|3) = 11                  |  sg13_lv_pmos/(1|3) = 11                  
  sg13_lv_pmos/4 = 11                      |  sg13_lv_pmos/4 = 11                      
  sg13g2_dlygate4sd3_1/VDD = 1             |  sg13g2_dlygate4sd3_1/VDD = 1             
  sg13g2_decap_4/VDD = 1                   |  sg13g2_decap_4/VDD = 1                   
  sg13_hv_nmos/(1|3) = 5                   |  sg13_hv_nmos/(1|3) = 5                   
  sg13_hv_pmos/(1|3) = 4                   |  sg13_hv_pmos/(1|3) = 4                   
  sg13_hv_pmos/4 = 3                       |  sg13_hv_pmos/4 = 3                       
  sg13g2_RCClampResistor/pin1 = 2          |  sg13g2_RCClampResistor/pin1 = 2          
  sg13g2_dfrbpq_1/VDD = 1                  |  sg13g2_dfrbpq_1/VDD = 1                  
  sg13_hv_pmos/2 = 1                       |  sg13_hv_pmos/2 = 1                       
  sg13g2_and2_1/VDD = 1                    |  sg13g2_and2_1/VDD = 1                    
  sg13g2_tiehi/VDD = 1                     |  sg13g2_tiehi/VDD = 1                     
  sg13g2_inv_1/VDD = 1                     |  sg13g2_inv_1/VDD = 1                     
                                           |  bondpad_70x70_tm1/pad = 2                
                                           |                                           
Net: VSS                                   |Net: VSS                                   
  sg13g2_decap_8/VSS = 1                   |  sg13g2_decap_8/VSS = 1                   
  sg13g2_decap_4/VSS = 1                   |  sg13g2_decap_4/VSS = 1                   
  rppd/3 = 23                              |  bondpad_70x70_tm1/pad = 2                
  dantenna/1 = 38                          |  ptap1/(1|2) = 12                         
  sg13g2_inv_1/VSS = 1                     |  sg13g2_inv_1/VSS = 1                     
  sg13g2_and2_1/VSS = 1                    |  sg13g2_and2_1/VSS = 1                    
  sg13g2_dfrbpq_1/VSS = 1                  |  sg13g2_dfrbpq_1/VSS = 1                  
  sg13g2_tiehi/VSS = 1                     |  sg13g2_tiehi/VSS = 1                     
  sg13g2_dlygate4sd3_1/VSS = 1             |  sg13g2_dlygate4sd3_1/VSS = 1             
  dantenna/2 = 1                           |  dantenna/2 = 2                           
  dpantenna/1 = 1                          |  dpantenna/1 = 1                          
  sg13_lv_nmos/(1|3) = 11                  |  sg13_lv_nmos/(1|3) = 11                  
  sg13_hv_nmos/(1|3) = 59                  |  sg13_hv_nmos/(1|3) = 27                  
  sg13g2_RCClampResistor/sub = 3           |                                           
  rppd/(1|2) = 10                          |                                           
  sg13_lv_nmos/4 = 11                      |                                           
  sg13_hv_nmos/4 = 59                      |                                           
                                           |                                           
Net: SENSE_P                               |Net: SENSE_P                               
  dantenna/2 = 1                           |  dantenna/2 = 1                           
  rppd/(1|2) = 1                           |  rppd/(1|2) = 1                           
  sg13_hv_pmos/(1|3) = 1                   |  sg13_hv_pmos/(1|3) = 1                   
  dpantenna/1 = 1                          |  dpantenna/1 = 1                          
  sg13_hv_nmos/(1|3) = 1                   |  sg13_hv_nmos/(1|3) = 1                   
                                           |  bondpad_70x70_tm1/pad = 1                
                                           |                                           
Net: D_STD                                 |Net: D_STD                                 
  dantenna/2 = 1                           |  dantenna/2 = 1                           
  rppd/(1|2) = 1                           |  rppd/(1|2) = 1                           
  sg13_hv_pmos/(1|3) = 1                   |  sg13_hv_pmos/(1|3) = 1                   
  dpantenna/1 = 1                          |  dpantenna/1 = 1                          
  sg13_hv_nmos/(1|3) = 1                   |  sg13_hv_nmos/(1|3) = 1                   
                                           |  bondpad_70x70_tm1/pad = 1                
                                           |                                           
Net: G_SHARED                              |Net: G_SHARED                              
  dantenna/2 = 1                           |  dantenna/2 = 1                           
  rppd/(1|2) = 1                           |  rppd/(1|2) = 1                           
  sg13_hv_pmos/(1|3) = 1                   |  sg13_hv_pmos/(1|3) = 1                   
  dpantenna/1 = 1                          |  dpantenna/1 = 1                          
  sg13_hv_nmos/(1|3) = 1                   |  sg13_hv_nmos/(1|3) = 1                   
                                           |  bondpad_70x70_tm1/pad = 1                
                                           |                                           
Net: HBT_C                                 |Net: HBT_C                                 
  dantenna/2 = 1                           |  dantenna/2 = 1                           
  rppd/(1|2) = 1                           |  rppd/(1|2) = 1                           
  sg13_hv_pmos/(1|3) = 1                   |  sg13_hv_pmos/(1|3) = 1                   
  dpantenna/1 = 1                          |  dpantenna/1 = 1                          
  sg13_hv_nmos/(1|3) = 1                   |  sg13_hv_nmos/(1|3) = 1                   
                                           |  bondpad_70x70_tm1/pad = 1                
                                           |                                           
Net: HBT_B                                 |Net: HBT_B                                 
  dantenna/2 = 1                           |  dantenna/2 = 1                           
  rppd/(1|2) = 1                           |  rppd/(1|2) = 1                           
  sg13_hv_pmos/(1|3) = 1                   |  sg13_hv_pmos/(1|3) = 1                   
  dpantenna/1 = 1                          |  dpantenna/1 = 1                          
  sg13_hv_nmos/(1|3) = 1                   |  sg13_hv_nmos/(1|3) = 1                   
                                           |  bondpad_70x70_tm1/pad = 1                
                                           |                                           
Net: TRIP_SET                              |Net: TRIP_SET                              
  dantenna/2 = 1                           |  dantenna/2 = 1                           
  rppd/(1|2) = 1                           |  rppd/(1|2) = 1                           
  sg13_hv_pmos/(1|3) = 1                   |  sg13_hv_pmos/(1|3) = 1                   
  dpantenna/1 = 1                          |  dpantenna/1 = 1                          
  sg13_hv_nmos/(1|3) = 1                   |  sg13_hv_nmos/(1|3) = 1                   
                                           |  bondpad_70x70_tm1/pad = 1                
                                           |                                           
Net: VREF                                  |Net: VREF                                  
  dantenna/2 = 1                           |  dantenna/2 = 1                           
  rppd/(1|2) = 1                           |  rppd/(1|2) = 1                           
  sg13_hv_pmos/(1|3) = 1                   |  sg13_hv_pmos/(1|3) = 1                   
  dpantenna/1 = 1                          |  dpantenna/1 = 1                          
  sg13_hv_nmos/(1|3) = 1                   |  sg13_hv_nmos/(1|3) = 1                   
                                           |  bondpad_70x70_tm1/pad = 1                
                                           |                                           
Net: HBT_E                                 |Net: HBT_E                                 
  dantenna/2 = 1                           |  dantenna/2 = 1                           
  rppd/(1|2) = 1                           |  rppd/(1|2) = 1                           
  sg13_hv_pmos/(1|3) = 1                   |  sg13_hv_pmos/(1|3) = 1                   
  dpantenna/1 = 1                          |  dpantenna/1 = 1                          
  sg13_hv_nmos/(1|3) = 1                   |  sg13_hv_nmos/(1|3) = 1                   
                                           |  bondpad_70x70_tm1/pad = 1                
                                           |                                           
Net: D_ELT                                 |Net: D_ELT                                 
  dantenna/2 = 1                           |  dantenna/2 = 1                           
  rppd/(1|2) = 1                           |  rppd/(1|2) = 1                           
  sg13_hv_pmos/(1|3) = 1                   |  sg13_hv_pmos/(1|3) = 1                   
  dpantenna/1 = 1                          |  dpantenna/1 = 1                          
  sg13_hv_nmos/(1|3) = 1                   |  sg13_hv_nmos/(1|3) = 1                   
                                           |  bondpad_70x70_tm1/pad = 1                
                                           |                                           
Net: SENSE_N                               |Net: SENSE_N                               
  dantenna/2 = 1                           |  dantenna/2 = 1                           
  rppd/(1|2) = 1                           |  rppd/(1|2) = 1                           
  sg13_hv_pmos/(1|3) = 1                   |  sg13_hv_pmos/(1|3) = 1                   
  dpantenna/1 = 1                          |  dpantenna/1 = 1                          
  sg13_hv_nmos/(1|3) = 1                   |  sg13_hv_nmos/(1|3) = 1                   
                                           |  bondpad_70x70_tm1/pad = 1                
                                           |                                           
Net: SCLK                                  |Net: SCLK                                  
  dantenna/2 = 1                           |  dantenna/2 = 1                           
  dpantenna/1 = 1                          |  dpantenna/1 = 1                          
  rppd/(1|2) = 1                           |  rppd/(1|2) = 1                           
                                           |  bondpad_70x70_tm1/pad = 1                
                                           |                                           
Net: SDI                                   |Net: SDI                                   
  dantenna/2 = 1                           |  dantenna/2 = 1                           
  dpantenna/1 = 1                          |  dpantenna/1 = 1                          
  rppd/(1|2) = 1                           |  rppd/(1|2) = 1                           
                                           |  bondpad_70x70_tm1/pad = 1                
                                           |                                           
Net: EN                                    |Net: EN                                    
  dantenna/2 = 1                           |  dantenna/2 = 1                           
  dpantenna/1 = 1                          |  dpantenna/1 = 1                          
  rppd/(1|2) = 1                           |  rppd/(1|2) = 1                           
                                           |  bondpad_70x70_tm1/pad = 1                
                                           |                                           
Net: IOVDD                                 |Net: IOVDD                                 
  dpantenna/2 = 35                         |  dpantenna/2 = 36                         
  sg13_hv_pmos/(1|3) = 45                  |  sg13_hv_pmos/(1|3) = 45                  
  sg13_hv_pmos/4 = 45                      |  sg13_hv_pmos/4 = 45                      
  rppd/(1|2) = 10                          |  rppd/(1|2) = 10                          
  rppd/3 = 10                              |  rppd/3 = 10                              
  sg13_hv_nmos/(1|3) = 1                   |  sg13_hv_nmos/(1|3) = 1                   
  sg13g2_RCClampResistor/pin1 = 1          |  sg13g2_RCClampResistor/pin1 = 1          
                                           |  bondpad_70x70_tm1/pad = 1                
                                           |                                           
Net: GATE                                  |Net: GATE                                  
  dantenna/2 = 1                           |  dantenna/2 = 1                           
  sg13_hv_nmos/(1|3) = 1                   |  sg13_hv_nmos/(1|3) = 1                   
  dpantenna/1 = 1                          |  dpantenna/1 = 1                          
  sg13_hv_pmos/(1|3) = 1                   |  sg13_hv_pmos/(1|3) = 1                   
                                           |  bondpad_70x70_tm1/pad = 1                
                                           |                                           
Net: FAULT_N                               |Net: FAULT_N                               
  dantenna/2 = 1                           |  dantenna/2 = 1                           
  sg13_hv_pmos/(1|3) = 1                   |  sg13_hv_pmos/(1|3) = 1                   
  sg13_hv_nmos/(1|3) = 1                   |  sg13_hv_nmos/(1|3) = 1                   
  dpantenna/1 = 1                          |  dpantenna/1 = 1                          
                                           |  bondpad_70x70_tm1/pad = 1                
                                           |                                           
Net: SDO                                   |Net: SDO                                   
  dantenna/2 = 1                           |  dantenna/2 = 1                           
  sg13_hv_pmos/(1|3) = 1                   |  sg13_hv_pmos/(1|3) = 1                   
  sg13_hv_nmos/(1|3) = 1                   |  sg13_hv_nmos/(1|3) = 1                   
  dpantenna/1 = 1                          |  dpantenna/1 = 1                          
                                           |  bondpad_70x70_tm1/pad = 1                
                                           |                                           
Net: TEMP_OUT                              |Net: TEMP_OUT                              
  dantenna/2 = 1                           |  dantenna/2 = 1                           
  sg13_hv_pmos/(1|3) = 1                   |  sg13_hv_pmos/(1|3) = 1                   
  sg13_hv_nmos/(1|3) = 1                   |  sg13_hv_nmos/(1|3) = 1                   
  dpantenna/1 = 1                          |  dpantenna/1 = 1                          
                                           |  bondpad_70x70_tm1/pad = 1                
                                           |                                           
(no matching net)                          |Net: pad23_hbt_b/sg13g2_SecondaryProtectio 
                                           |  rppd/3 = 1                               
                                           |  dantenna/1 = 1                           
                                           |  ptap1/(1|2) = 1                          
                                           |                                           
(no matching net)                          |Net: pad24_hbt_c/sg13g2_SecondaryProtectio 
                                           |  rppd/3 = 1                               
                                           |  dantenna/1 = 1                           
                                           |  ptap1/(1|2) = 1                          
                                           |                                           
(no matching net)                          |Net: pad12_en/sg13g2_LevelDown:I0/sg13g2_S 
                                           |  rppd/3 = 1                               
                                           |  dantenna/1 = 1                           
                                           |  ptap1/(1|2) = 1                          
                                           |                                           
(no matching net)                          |Net: pad14_sclk/sg13g2_LevelDown:I0/sg13g2 
                                           |  rppd/3 = 1                               
                                           |  dantenna/1 = 1                           
                                           |  ptap1/(1|2) = 1                          
                                           |                                           
(no matching net)                          |Net: pad15_sdi/sg13g2_LevelDown:I0/sg13g2_ 
                                           |  rppd/3 = 1                               
                                           |  dantenna/1 = 1                           
                                           |  ptap1/(1|2) = 1                          
                                           |                                           
(no matching net)                          |Net: pad08_sense_p/sg13g2_Clamp_N20N0D:I4/ 
                                           |  sg13_hv_nmos/4 = 1                       
                                           |  ptap1/(1|2) = 1                          
                                           |  rppd/3 = 1                               
                                           |                                           
(no matching net)                          |Net: pad09_sense_n/sg13g2_Clamp_N20N0D:I4/ 
                                           |  sg13_hv_nmos/4 = 1                       
                                           |  ptap1/(1|2) = 1                          
                                           |  rppd/3 = 1                               
                                           |                                           
(no matching net)                          |Net: pad13_trip_set/sg13g2_Clamp_N20N0D:I4 
                                           |  sg13_hv_nmos/4 = 1                       
                                           |  ptap1/(1|2) = 1                          
                                           |  rppd/3 = 1                               
                                           |                                           
(no matching net)                          |Net: pad18_vref/sg13g2_Clamp_N20N0D:I4/sub 
                                           |  sg13_hv_nmos/4 = 1                       
                                           |  ptap1/(1|2) = 1                          
                                           |  rppd/3 = 1                               
                                           |                                           
(no matching net)                          |Net: pad19_g_shared/sg13g2_Clamp_N20N0D:I4 
                                           |  sg13_hv_nmos/4 = 1                       
                                           |  ptap1/(1|2) = 1                          
                                           |  rppd/3 = 1                               
                                           |                                           
(no matching net)                          |Net: pad20_d_std/sg13g2_Clamp_N20N0D:I4/su 
                                           |  sg13_hv_nmos/4 = 1                       
                                           |  ptap1/(1|2) = 1                          
                                           |  rppd/3 = 1                               
                                           |                                           
(no matching net)                          |Net: pad21_d_elt/sg13g2_Clamp_N20N0D:I4/su 
                                           |  sg13_hv_nmos/4 = 1                       
                                           |  ptap1/(1|2) = 1                          
                                           |  rppd/3 = 1                               
                                           |                                           
(no matching net)                          |Net: pad22_hbt_e/sg13g2_Clamp_N20N0D:I4/su 
                                           |  sg13_hv_nmos/4 = 1                       
                                           |  ptap1/(1|2) = 1                          
                                           |  rppd/3 = 1                               
                                           |                                           
(no matching net)                          |Net: pad23_hbt_b/sg13g2_Clamp_N20N0D:I4/su 
                                           |  sg13_hv_nmos/4 = 1                       
                                           |  ptap1/(1|2) = 1                          
                                           |  rppd/3 = 1                               
                                           |                                           
(no matching net)                          |Net: pad24_hbt_c/sg13g2_Clamp_N20N0D:I4/su 
                                           |  sg13_hv_nmos/4 = 1                       
                                           |  ptap1/(1|2) = 1                          
                                           |  rppd/3 = 1                               
                                           |                                           
(no matching net)                          |Net: pad10_gate/sg13g2_Clamp_N15N15D:I3/su 
                                           |  ptap1/(1|2) = 1                          
                                           |  sg13_hv_nmos/4 = 1                       
                                           |  dantenna/1 = 1                           
                                           |                                           
(no matching net)                          |Net: pad11_fault_n/sg13g2_Clamp_N2N2D:I3/s 
                                           |  ptap1/(1|2) = 1                          
                                           |  sg13_hv_nmos/4 = 1                       
                                           |  dantenna/1 = 1                           
                                           |                                           
(no matching net)                          |Net: pad16_sdo/sg13g2_Clamp_N2N2D:I3/sub!  
                                           |  ptap1/(1|2) = 1                          
                                           |  sg13_hv_nmos/4 = 1                       
                                           |  dantenna/1 = 1                           
                                           |                                           
(no matching net)                          |Net: pad17_temp_out/sg13g2_Clamp_N8N8D:I3/ 
                                           |  ptap1/(1|2) = 1                          
                                           |  sg13_hv_nmos/4 = 1                       
                                           |  dantenna/1 = 1                           
                                           |                                           
(no matching net)                          |Net: pad03_iovdd/sg13g2_Clamp_N43N43D4R:I1 
                                           |  sg13_hv_nmos/4 = 1                       
                                           |  ptap1/(1|2) = 1                          
                                           |  dantenna/1 = 1                           
                                           |                                           
(no matching net)                          |Net: pad01_vdd/sg13g2_Clamp_N43N43D4R:I1/s 
                                           |  sg13_hv_nmos/4 = 1                       
                                           |  ptap1/(1|2) = 1                          
                                           |  dantenna/1 = 1                           
                                           |                                           
(no matching net)                          |Net: pad07_vdd/sg13g2_Clamp_N43N43D4R:I1/s 
                                           |  sg13_hv_nmos/4 = 1                       
                                           |  ptap1/(1|2) = 1                          
                                           |  dantenna/1 = 1                           
                                           |                                           
(no matching net)                          |Net: pad03_iovdd/sg13g2_RCClampInverter:I2 
                                           |  sg13_hv_nmos/4 = 2                       
                                           |  ptap1/(1|2) = 1                          
                                           |                                           
(no matching net)                          |Net: pad01_vdd/sg13g2_RCClampInverter:I3/s 
                                           |  sg13_hv_nmos/4 = 2                       
                                           |  ptap1/(1|2) = 1                          
                                           |                                           
(no matching net)                          |Net: pad07_vdd/sg13g2_RCClampInverter:I3/s 
                                           |  sg13_hv_nmos/4 = 2                       
                                           |  ptap1/(1|2) = 1                          
                                           |                                           
(no matching net)                          |Net: pad13_trip_set/sg13g2_SecondaryProtec 
                                           |  rppd/3 = 1                               
                                           |  dantenna/1 = 1                           
                                           |  ptap1/(1|2) = 1                          
                                           |                                           
(no matching net)                          |Net: pad08_sense_p/sg13g2_SecondaryProtect 
                                           |  rppd/3 = 1                               
                                           |  dantenna/1 = 1                           
                                           |  ptap1/(1|2) = 1                          
                                           |                                           
(no matching net)                          |Net: pad09_sense_n/sg13g2_SecondaryProtect 
                                           |  rppd/3 = 1                               
                                           |  dantenna/1 = 1                           
                                           |  ptap1/(1|2) = 1                          
                                           |                                           
(no matching net)                          |Net: pad08_sense_p/sg13g2_DCNDiode:I5/sub! 
                                           |  dantenna/1 = 1                           
                                           |  ptap1/(1|2) = 1                          
                                           |                                           
(no matching net)                          |Net: pad09_sense_n/sg13g2_DCNDiode:I5/sub! 
                                           |  dantenna/1 = 1                           
                                           |  ptap1/(1|2) = 1                          
                                           |                                           
(no matching net)                          |Net: pad13_trip_set/sg13g2_DCNDiode:I5/sub 
                                           |  dantenna/1 = 1                           
                                           |  ptap1/(1|2) = 1                          
                                           |                                           
(no matching net)                          |Net: pad18_vref/sg13g2_DCNDiode:I5/sub!    
                                           |  dantenna/1 = 1                           
                                           |  ptap1/(1|2) = 1                          
                                           |                                           
(no matching net)                          |Net: pad19_g_shared/sg13g2_DCNDiode:I5/sub 
                                           |  dantenna/1 = 1                           
                                           |  ptap1/(1|2) = 1                          
                                           |                                           
(no matching net)                          |Net: pad20_d_std/sg13g2_DCNDiode:I5/sub!   
                                           |  dantenna/1 = 1                           
                                           |  ptap1/(1|2) = 1                          
                                           |                                           
(no matching net)                          |Net: pad21_d_elt/sg13g2_DCNDiode:I5/sub!   
                                           |  dantenna/1 = 1                           
                                           |  ptap1/(1|2) = 1                          
                                           |                                           
(no matching net)                          |Net: pad22_hbt_e/sg13g2_DCNDiode:I5/sub!   
                                           |  dantenna/1 = 1                           
                                           |  ptap1/(1|2) = 1                          
                                           |                                           
(no matching net)                          |Net: pad23_hbt_b/sg13g2_DCNDiode:I5/sub!   
                                           |  dantenna/1 = 1                           
                                           |  ptap1/(1|2) = 1                          
                                           |                                           
(no matching net)                          |Net: pad24_hbt_c/sg13g2_DCNDiode:I5/sub!   
                                           |  dantenna/1 = 1                           
                                           |  ptap1/(1|2) = 1                          
                                           |                                           
(no matching net)                          |Net: pad10_gate/sg13g2_DCNDiode:I4/sub!    
                                           |  dantenna/1 = 1                           
                                           |  ptap1/(1|2) = 1                          
                                           |                                           
(no matching net)                          |Net: pad04_iovss/sg13g2_DCNDiode:I3/sub!   
                                           |  dantenna/1 = 1                           
                                           |  ptap1/(1|2) = 1                          
                                           |                                           
(no matching net)                          |Net: pad06_iovss/sg13g2_DCNDiode:I3/sub!   
                                           |  dantenna/1 = 1                           
                                           |  ptap1/(1|2) = 1                          
                                           |                                           
(no matching net)                          |Net: pad02_vss/sg13g2_DCNDiode:I1/sub!     
                                           |  dantenna/1 = 1                           
                                           |  ptap1/(1|2) = 1                          
                                           |                                           
(no matching net)                          |Net: pad05_vss/sg13g2_DCNDiode:I1/sub!     
                                           |  dantenna/1 = 1                           
                                           |  ptap1/(1|2) = 1                          
                                           |                                           
(no matching net)                          |Net: pad11_fault_n/sg13g2_DCNDiode:I4/sub! 
                                           |  dantenna/1 = 1                           
                                           |  ptap1/(1|2) = 1                          
                                           |                                           
(no matching net)                          |Net: pad16_sdo/sg13g2_DCNDiode:I4/sub!     
                                           |  dantenna/1 = 1                           
                                           |  ptap1/(1|2) = 1                          
                                           |                                           
(no matching net)                          |Net: pad12_en/sg13g2_DCNDiode:I2/sub!      
                                           |  dantenna/1 = 1                           
                                           |  ptap1/(1|2) = 1                          
                                           |                                           
(no matching net)                          |Net: pad14_sclk/sg13g2_DCNDiode:I2/sub!    
                                           |  dantenna/1 = 1                           
                                           |  ptap1/(1|2) = 1                          
                                           |                                           
(no matching net)                          |Net: pad15_sdi/sg13g2_DCNDiode:I2/sub!     
                                           |  dantenna/1 = 1                           
                                           |  ptap1/(1|2) = 1                          
                                           |                                           
(no matching net)                          |Net: pad17_temp_out/sg13g2_DCNDiode:I4/sub 
                                           |  dantenna/1 = 1                           
                                           |  ptap1/(1|2) = 1                          
                                           |                                           
(no matching net)                          |Net: pad12_en/sg13g2_LevelDown:I0/sub!     
                                           |  sg13_hv_nmos/4 = 4                       
                                           |  sg13_lv_nmos/4 = 1                       
                                           |  ptap1/(1|2) = 2                          
                                           |                                           
(no matching net)                          |Net: pad14_sclk/sg13g2_LevelDown:I0/sub!   
                                           |  sg13_hv_nmos/4 = 4                       
                                           |  sg13_lv_nmos/4 = 1                       
                                           |  ptap1/(1|2) = 2                          
                                           |                                           
(no matching net)                          |Net: pad15_sdi/sg13g2_LevelDown:I0/sub!    
                                           |  sg13_hv_nmos/4 = 4                       
                                           |  sg13_lv_nmos/4 = 1                       
                                           |  ptap1/(1|2) = 2                          
                                           |                                           
(no matching net)                          |Net: pad19_g_shared/sg13g2_SecondaryProtec 
                                           |  rppd/3 = 1                               
                                           |  dantenna/1 = 1                           
                                           |  ptap1/(1|2) = 1                          
                                           |                                           
(no matching net)                          |Net: pad20_d_std/sg13g2_SecondaryProtectio 
                                           |  rppd/3 = 1                               
                                           |  dantenna/1 = 1                           
                                           |  ptap1/(1|2) = 1                          
                                           |                                           
(no matching net)                          |Net: pad18_vref/sg13g2_SecondaryProtection 
                                           |  rppd/3 = 1                               
                                           |  dantenna/1 = 1                           
                                           |  ptap1/(1|2) = 1                          
                                           |                                           
(no matching net)                          |Net: IOVSS                                 
                                           |  bondpad_70x70_tm1/pad = 2                
                                           |  ptap1/(1|2) = 59                         
                                           |  sg13_hv_nmos/(1|3) = 32                  
                                           |  dantenna/2 = 2                           
                                           |  dpantenna/1 = 1                          
                                           |  rppd/(1|2) = 10                          
                                           |                                           
(no matching net)                          |Net: pad21_d_elt/sg13g2_SecondaryProtectio 
                                           |  rppd/3 = 1                               
                                           |  dantenna/1 = 1                           
                                           |  ptap1/(1|2) = 1                          
                                           |                                           
(no matching net)                          |Net: pad17_temp_out/sg13g2_GateLevelUpInv: 
                                           |  sg13_lv_nmos/4 = 1                       
                                           |  sg13_hv_nmos/4 = 3                       
                                           |  ptap1/(1|2) = 1                          
                                           |                                           
(no matching net)                          |Net: pad11_fault_n/sg13g2_GateLevelUpInv:I 
                                           |  sg13_lv_nmos/4 = 1                       
                                           |  sg13_hv_nmos/4 = 3                       
                                           |  ptap1/(1|2) = 1                          
                                           |                                           
(no matching net)                          |Net: pad16_sdo/sg13g2_GateLevelUpInv:I2/sg 
                                           |  sg13_lv_nmos/4 = 1                       
                                           |  sg13_hv_nmos/4 = 3                       
                                           |  ptap1/(1|2) = 1                          
                                           |                                           
(no matching net)                          |Net: pad10_gate/sg13g2_GateLevelUpInv:I2/s 
                                           |  sg13_lv_nmos/4 = 1                       
                                           |  sg13_hv_nmos/4 = 3                       
                                           |  ptap1/(1|2) = 1                          
                                           |                                           
(no matching net)                          |Net: pad22_hbt_e/sg13g2_SecondaryProtectio 
                                           |  rppd/3 = 1                               
                                           |  dantenna/1 = 1                           
                                           |  ptap1/(1|2) = 1                          
                                           |                                           
(no matching net)                          |Net: pad17_temp_out/sg13g2_GateLevelUpInv: 
                                           |  sg13_lv_nmos/4 = 1                       
                                           |  sg13_hv_nmos/4 = 3                       
                                           |  ptap1/(1|2) = 1                          
                                           |                                           
(no matching net)                          |Net: pad16_sdo/sg13g2_GateLevelUpInv:I2/sg 
                                           |  sg13_lv_nmos/4 = 1                       
                                           |  sg13_hv_nmos/4 = 3                       
                                           |  ptap1/(1|2) = 1                          
                                           |                                           
(no matching net)                          |Net: pad11_fault_n/sg13g2_GateLevelUpInv:I 
                                           |  sg13_lv_nmos/4 = 1                       
                                           |  sg13_hv_nmos/4 = 3                       
                                           |  ptap1/(1|2) = 1                          
                                           |                                           
(no matching net)                          |Net: pad10_gate/sg13g2_GateLevelUpInv:I2/s 
                                           |  sg13_lv_nmos/4 = 1                       
                                           |  sg13_hv_nmos/4 = 3                       
                                           |  ptap1/(1|2) = 1                          
                                           |                                           
(no matching net)                          |Net: pad03_iovdd/dummy_14                  
                                           |  sg13g2_RCClampResistor/proxysub = 1      
                                           |                                           
(no matching net)                          |Net: pad01_vdd/dummy_14                    
                                           |  sg13g2_RCClampResistor/proxysub = 1      
                                           |                                           
(no matching net)                          |Net: pad07_vdd/dummy_14                    
                                           |  sg13g2_RCClampResistor/proxysub = 1      
                                           |                                           
(no matching net)                          |Net: pad02_vss/sg13g2_DCPDiode:I2/sub!     
                                           |  ptap1/(1|2) = 1                          
---------------------------------------------------------------------------------------
DEVICE mismatches: Class fragments follow (with node fanout counts):
Circuit 1: g1_chip_top                     |Circuit 2: g1_chip_top                     

---------------------------------------------------------------------------------------
Instance: sg13g2_IOPadAnalog_0//sg13g2_DCN |Instance: pad02_vss/sg13g2_DCNDiode:I1/dan 
  1 = 223                                  |  1 = 2                                    
  2 = 5                                    |  2 = 62                                   
                                           |                                           
Instance: sg13g2_IOPadAnalog_1//sg13g2_DCN |Instance: pad04_iovss/sg13g2_DCNDiode:I3/d 
  1 = 223                                  |  1 = 2                                    
  2 = 5                                    |  2 = 106                                  
                                           |                                           
Instance: sg13g2_IOPadAnalog_2//sg13g2_DCN |Instance: pad05_vss/sg13g2_DCNDiode:I1/dan 
  1 = 223                                  |  1 = 2                                    
  2 = 5                                    |  2 = 62                                   
                                           |                                           
Instance: sg13g2_IOPadAnalog_3//sg13g2_DCN |Instance: pad06_iovss/sg13g2_DCNDiode:I3/d 
  1 = 223                                  |  1 = 2                                    
  2 = 5                                    |  2 = 106                                  
                                           |                                           
Instance: sg13g2_IOPadAnalog_4//sg13g2_DCN |Instance: pad08_sense_p/sg13g2_DCNDiode:I5 
  1 = 223                                  |  1 = 2                                    
  2 = 5                                    |  2 = 6                                    
                                           |                                           
Instance: sg13g2_IOPadAnalog_5//sg13g2_DCN |Instance: pad09_sense_n/sg13g2_DCNDiode:I5 
  1 = 223                                  |  1 = 2                                    
  2 = 5                                    |  2 = 6                                    
                                           |                                           
Instance: sg13g2_IOPadOut30mA_0//sg13g2_DC |Instance: pad10_gate/sg13g2_DCNDiode:I4/da 
  1 = 223                                  |  1 = 2                                    
  2 = 4                                    |  2 = 5                                    
                                           |                                           
Instance: sg13g2_IOPadIOVss_0//sg13g2_DCND |Instance: pad11_fault_n/sg13g2_DCNDiode:I4 
  1 = 223                                  |  1 = 2                                    
  2 = 223                                  |  2 = 5                                    
                                           |                                           
Instance: sg13g2_IOPadAnalog_6//sg13g2_DCN |Instance: pad12_en/sg13g2_DCNDiode:I2/dant 
  1 = 223                                  |  1 = 2                                    
  2 = 5                                    |  2 = 4                                    
                                           |                                           
Instance: sg13g2_IOPadAnalog_7//sg13g2_DCN |Instance: pad13_trip_set/sg13g2_DCNDiode:I 
  1 = 223                                  |  1 = 2                                    
  2 = 5                                    |  2 = 6                                    
                                           |                                           
Instance: sg13g2_IOPadAnalog_8//sg13g2_DCN |Instance: pad14_sclk/sg13g2_DCNDiode:I2/da 
  1 = 223                                  |  1 = 2                                    
  2 = 5                                    |  2 = 4                                    
                                           |                                           
Instance: sg13g2_IOPadAnalog_9//sg13g2_DCN |Instance: pad15_sdi/sg13g2_DCNDiode:I2/dan 
  1 = 223                                  |  1 = 2                                    
  2 = 5                                    |  2 = 4                                    
                                           |                                           
Instance: sg13g2_IOPadOut4mA_0//sg13g2_DCN |Instance: pad16_sdo/sg13g2_DCNDiode:I4/dan 
  1 = 223                                  |  1 = 2                                    
  2 = 4                                    |  2 = 5                                    
                                           |                                           
Instance: sg13g2_IOPadOut4mA_1//sg13g2_DCN |Instance: pad17_temp_out/sg13g2_DCNDiode:I 
  1 = 223                                  |  1 = 2                                    
  2 = 4                                    |  2 = 5                                    
                                           |                                           
Instance: sg13g2_IOPadIn_0//sg13g2_DCNDiod |Instance: pad18_vref/sg13g2_DCNDiode:I5/da 
  1 = 223                                  |  1 = 2                                    
  2 = 3                                    |  2 = 6                                    
                                           |                                           
Instance: sg13g2_IOPadIn_1//sg13g2_DCNDiod |Instance: pad19_g_shared/sg13g2_DCNDiode:I 
  1 = 223                                  |  1 = 2                                    
  2 = 3                                    |  2 = 6                                    
                                           |                                           
Instance: sg13g2_IOPadIn_2//sg13g2_DCNDiod |Instance: pad20_d_std/sg13g2_DCNDiode:I5/d 
  1 = 223                                  |  1 = 2                                    
  2 = 3                                    |  2 = 6                                    
                                           |                                           
Instance: sg13g2_IOPadOut16mA_0//sg13g2_DC |Instance: pad21_d_elt/sg13g2_DCNDiode:I5/d 
  1 = 223                                  |  1 = 2                                    
  2 = 4                                    |  2 = 6                                    
                                           |                                           
Instance: sg13g2_IOPadAnalog_0//sg13g2_DCP |Instance: pad22_hbt_e/sg13g2_DCNDiode:I5/d 
  1 = 5                                    |  1 = 2                                    
  2 = 147                                  |  2 = 6                                    
                                           |                                           
Instance: sg13g2_IOPadAnalog_1//sg13g2_DCP |Instance: pad23_hbt_b/sg13g2_DCNDiode:I5/d 
  1 = 5                                    |  1 = 2                                    
  2 = 147                                  |  2 = 6                                    
                                           |                                           
Instance: sg13g2_IOPadAnalog_2//sg13g2_DCP |Instance: pad24_hbt_c/sg13g2_DCNDiode:I5/d 
  1 = 5                                    |  1 = 2                                    
  2 = 147                                  |  2 = 6                                    
                                           |                                           
Instance: sg13g2_IOPadAnalog_3//sg13g2_DCP |Instance: pad02_vss/sg13g2_DCPDiode:I2/dpa 
  1 = 5                                    |  1 = 62                                   
  2 = 147                                  |  2 = 149                                  
                                           |                                           
Instance: sg13g2_IOPadAnalog_4//sg13g2_DCP |Instance: pad04_iovss/sg13g2_DCPDiode:I2/d 
  1 = 5                                    |  1 = 106                                  
  2 = 147                                  |  2 = 149                                  
                                           |                                           
Instance: sg13g2_IOPadAnalog_5//sg13g2_DCP |Instance: pad08_sense_p/sg13g2_DCPDiode:I2 
  1 = 5                                    |  1 = 6                                    
  2 = 147                                  |  2 = 149                                  
                                           |                                           
Instance: sg13g2_IOPadOut30mA_0//sg13g2_DC |Instance: pad09_sense_n/sg13g2_DCPDiode:I2 
  1 = 4                                    |  1 = 6                                    
  2 = 147                                  |  2 = 149                                  
                                           |                                           
Instance: sg13g2_IOPadIOVss_0//sg13g2_DCPD |Instance: pad10_gate/sg13g2_DCPDiode:I0/dp 
  1 = 223                                  |  1 = 5                                    
  2 = 147                                  |  2 = 149                                  
                                           |                                           
Instance: sg13g2_IOPadAnalog_6//sg13g2_DCP |Instance: pad11_fault_n/sg13g2_DCPDiode:I1 
  1 = 5                                    |  1 = 5                                    
  2 = 147                                  |  2 = 149                                  
                                           |                                           
Instance: sg13g2_IOPadAnalog_7//sg13g2_DCP |Instance: pad12_en/sg13g2_DCPDiode:I1/dpan 
  1 = 5                                    |  1 = 4                                    
  2 = 147                                  |  2 = 149                                  
                                           |                                           
Instance: sg13g2_IOPadAnalog_8//sg13g2_DCP |Instance: pad13_trip_set/sg13g2_DCPDiode:I 
  1 = 5                                    |  1 = 6                                    
  2 = 147                                  |  2 = 149                                  
                                           |                                           
Instance: sg13g2_IOPadAnalog_9//sg13g2_DCP |Instance: pad14_sclk/sg13g2_DCPDiode:I1/dp 
  1 = 5                                    |  1 = 4                                    
  2 = 147                                  |  2 = 149                                  
                                           |                                           
Instance: sg13g2_IOPadOut4mA_0//sg13g2_DCP |Instance: pad15_sdi/sg13g2_DCPDiode:I1/dpa 
  1 = 4                                    |  1 = 4                                    
  2 = 147                                  |  2 = 149                                  
                                           |                                           
Instance: sg13g2_IOPadOut4mA_1//sg13g2_DCP |Instance: pad16_sdo/sg13g2_DCPDiode:I1/dpa 
  1 = 4                                    |  1 = 5                                    
  2 = 147                                  |  2 = 149                                  
                                           |                                           
Instance: sg13g2_IOPadIn_0//sg13g2_DCPDiod |Instance: pad17_temp_out/sg13g2_DCPDiode:I 
  1 = 3                                    |  1 = 5                                    
  2 = 147                                  |  2 = 149                                  
                                           |                                           
Instance: sg13g2_IOPadIn_1//sg13g2_DCPDiod |Instance: pad18_vref/sg13g2_DCPDiode:I2/dp 
  1 = 3                                    |  1 = 6                                    
  2 = 147                                  |  2 = 149                                  
                                           |                                           
Instance: sg13g2_IOPadIn_2//sg13g2_DCPDiod |Instance: pad19_g_shared/sg13g2_DCPDiode:I 
  1 = 3                                    |  1 = 6                                    
  2 = 147                                  |  2 = 149                                  
                                           |                                           
Instance: sg13g2_IOPadOut16mA_0//sg13g2_DC |Instance: pad20_d_std/sg13g2_DCPDiode:I2/d 
  1 = 4                                    |  1 = 6                                    
  2 = 147                                  |  2 = 149                                  
                                           |                                           
(no matching instance)                     |Instance: pad21_d_elt/sg13g2_DCPDiode:I2/d 
                                           |  1 = 6                                    
                                           |  2 = 149                                  
                                           |                                           
(no matching instance)                     |Instance: pad22_hbt_e/sg13g2_DCPDiode:I2/d 
                                           |  1 = 6                                    
                                           |  2 = 149                                  
                                           |                                           
(no matching instance)                     |Instance: pad23_hbt_b/sg13g2_DCPDiode:I2/d 
                                           |  1 = 6                                    
                                           |  2 = 149                                  
                                           |                                           
(no matching instance)                     |Instance: pad24_hbt_c/sg13g2_DCPDiode:I2/d 
                                           |  1 = 6                                    
                                           |  2 = 149                                  
                                           |                                           
(no matching instance)                     |Instance: IO_BOND_pad01_vdd                
                                           |  pad = 46                                 
                                           |                                           
(no matching instance)                     |Instance: IO_BOND_pad02_vss                
                                           |  pad = 62                                 
                                           |                                           
(no matching instance)                     |Instance: IO_BOND_pad03_iovdd              
                                           |  pad = 149                                
                                           |                                           
(no matching instance)                     |Instance: IO_BOND_pad04_iovss              
                                           |  pad = 106                                
                                           |                                           
(no matching instance)                     |Instance: IO_BOND_pad05_vss                
                                           |  pad = 62                                 
                                           |                                           
(no matching instance)                     |Instance: IO_BOND_pad06_iovss              
                                           |  pad = 106                                
                                           |                                           
(no matching instance)                     |Instance: IO_BOND_pad07_vdd                
                                           |  pad = 46                                 
                                           |                                           
(no matching instance)                     |Instance: IO_BOND_pad08_sense_p            
                                           |  pad = 6                                  
                                           |                                           
(no matching instance)                     |Instance: IO_BOND_pad09_sense_n            
                                           |  pad = 6                                  
                                           |                                           
(no matching instance)                     |Instance: IO_BOND_pad10_gate               
                                           |  pad = 5                                  
                                           |                                           
(no matching instance)                     |Instance: IO_BOND_pad11_fault_n            
                                           |  pad = 5                                  
                                           |                                           
(no matching instance)                     |Instance: IO_BOND_pad12_en                 
                                           |  pad = 4                                  
                                           |                                           
(no matching instance)                     |Instance: IO_BOND_pad13_trip_set           
                                           |  pad = 6                                  
                                           |                                           
(no matching instance)                     |Instance: IO_BOND_pad14_sclk               
                                           |  pad = 4                                  
                                           |                                           
(no matching instance)                     |Instance: IO_BOND_pad15_sdi                
                                           |  pad = 4                                  
                                           |                                           
(no matching instance)                     |Instance: IO_BOND_pad16_sdo                
                                           |  pad = 5                                  
                                           |                                           
(no matching instance)                     |Instance: IO_BOND_pad17_temp_out           
                                           |  pad = 5                                  
                                           |                                           
(no matching instance)                     |Instance: IO_BOND_pad18_vref               
                                           |  pad = 6                                  
                                           |                                           
(no matching instance)                     |Instance: IO_BOND_pad19_g_shared           
                                           |  pad = 6                                  
                                           |                                           
(no matching instance)                     |Instance: IO_BOND_pad20_d_std              
                                           |  pad = 6                                  
                                           |                                           
(no matching instance)                     |Instance: IO_BOND_pad21_d_elt              
                                           |  pad = 6                                  
                                           |                                           
(no matching instance)                     |Instance: IO_BOND_pad22_hbt_e              
                                           |  pad = 6                                  
                                           |                                           
(no matching instance)                     |Instance: IO_BOND_pad23_hbt_b              
                                           |  pad = 6                                  
                                           |                                           
(no matching instance)                     |Instance: IO_BOND_pad24_hbt_c              
                                           |  pad = 6                                  
                                           |                                           
(no matching instance)                     |Instance: IO_CORNER_NORTH_EAST_INST/ptap1: 
                                           |  (1,2) = (106,62)                         
                                           |                                           
                                           |                                           
(no matching instance)                     |Instance: pad01_vdd/sg13g2_Clamp_N43N43D4R 
                                           |  (1,2) = (106,3)                          
                                           |                                           
                                           |                                           
(no matching instance)                     |Instance: pad01_vdd/sg13g2_RCClampInverter 
                                           |  (1,2) = (106,3)                          
                                           |                                           
                                           |                                           
(no matching instance)                     |Instance: pad02_vss/sg13g2_DCNDiode:I1/pta 
                                           |  (1,2) = (106,2)                          
                                           |                                           
                                           |                                           
(no matching instance)                     |Instance: pad02_vss/sg13g2_DCPDiode:I2/pta 
                                           |  (1,2) = (106,1)                          
                                           |                                           
                                           |                                           
(no matching instance)                     |Instance: pad03_iovdd/sg13g2_Clamp_N43N43D 
                                           |  (1,2) = (106,3)                          
                                           |                                           
                                           |                                           
(no matching instance)                     |Instance: pad03_iovdd/sg13g2_RCClampInvert 
                                           |  (1,2) = (106,3)                          
                                           |                                           
                                           |                                           
(no matching instance)                     |Instance: pad04_iovss/sg13g2_DCNDiode:I3/p 
                                           |  (1,2) = (106,2)                          
                                           |                                           
                                           |                                           
(no matching instance)                     |Instance: pad05_vss/sg13g2_DCNDiode:I1/pta 
                                           |  (1,2) = (106,2)                          
                                           |                                           
                                           |                                           
(no matching instance)                     |Instance: pad06_iovss/sg13g2_DCNDiode:I3/p 
                                           |  (1,2) = (106,2)                          
                                           |                                           
                                           |                                           
(no matching instance)                     |Instance: pad07_vdd/sg13g2_Clamp_N43N43D4R 
                                           |  (1,2) = (106,3)                          
                                           |                                           
                                           |                                           
(no matching instance)                     |Instance: pad07_vdd/sg13g2_RCClampInverter 
                                           |  (1,2) = (106,3)                          
                                           |                                           
                                           |                                           
(no matching instance)                     |Instance: pad08_sense_p/sg13g2_DCNDiode:I5 
                                           |  (1,2) = (106,2)                          
                                           |                                           
                                           |                                           
(no matching instance)                     |Instance: pad08_sense_p/sg13g2_SecondaryPr 
                                           |  (1,2) = (106,3)                          
                                           |                                           
                                           |                                           
(no matching instance)                     |Instance: pad08_sense_p/sg13g2_Clamp_N20N0 
                                           |  (1,2) = (106,3)                          
                                           |                                           
                                           |                                           
(no matching instance)                     |Instance: pad09_sense_n/sg13g2_DCNDiode:I5 
                                           |  (1,2) = (106,2)                          
                                           |                                           
                                           |                                           
(no matching instance)                     |Instance: pad09_sense_n/sg13g2_SecondaryPr 
                                           |  (1,2) = (106,3)                          
                                           |                                           
                                           |                                           
(no matching instance)                     |Instance: pad09_sense_n/sg13g2_Clamp_N20N0 
                                           |  (1,2) = (106,3)                          
                                           |                                           
                                           |                                           
(no matching instance)                     |Instance: pad10_gate/sg13g2_GateLevelUpInv 
                                           |  (1,2) = (62,5)                           
                                           |                                           
                                           |                                           
(no matching instance)                     |Instance: pad10_gate/sg13g2_GateLevelUpInv 
                                           |  (1,2) = (62,5)                           
                                           |                                           
                                           |                                           
(no matching instance)                     |Instance: pad10_gate/sg13g2_Clamp_N15N15D: 
                                           |  (1,2) = (106,3)                          
                                           |                                           
                                           |                                           
(no matching instance)                     |Instance: pad10_gate/sg13g2_DCNDiode:I4/pt 
                                           |  (1,2) = (106,2)                          
                                           |                                           
                                           |                                           
(no matching instance)                     |Instance: pad11_fault_n/sg13g2_GateLevelUp 
                                           |  (1,2) = (62,5)                           
                                           |                                           
                                           |                                           
(no matching instance)                     |Instance: pad11_fault_n/sg13g2_GateLevelUp 
                                           |  (1,2) = (62,5)                           
                                           |                                           
                                           |                                           
(no matching instance)                     |Instance: pad11_fault_n/sg13g2_Clamp_N2N2D 
                                           |  (1,2) = (106,3)                          
                                           |                                           
                                           |                                           
(no matching instance)                     |Instance: pad11_fault_n/sg13g2_DCNDiode:I4 
                                           |  (1,2) = (106,2)                          
                                           |                                           
                                           |                                           
(no matching instance)                     |Instance: pad12_en/sg13g2_LevelDown:I0/pta 
                                           |  (1,2) = (106,7)                          
                                           |                                           
                                           |                                           
(no matching instance)                     |Instance: pad12_en/sg13g2_LevelDown:I0/pta 
                                           |  (1,2) = (62,7)                           
                                           |                                           
                                           |                                           
(no matching instance)                     |Instance: pad12_en/sg13g2_LevelDown:I0/sg1 
                                           |  (1,2) = (106,3)                          
                                           |                                           
                                           |                                           
(no matching instance)                     |Instance: pad12_en/sg13g2_DCNDiode:I2/ptap 
                                           |  (1,2) = (106,2)                          
                                           |                                           
                                           |                                           
(no matching instance)                     |Instance: pad13_trip_set/sg13g2_DCNDiode:I 
                                           |  (1,2) = (106,2)                          
                                           |                                           
                                           |                                           
(no matching instance)                     |Instance: pad13_trip_set/sg13g2_SecondaryP 
                                           |  (1,2) = (106,3)                          
                                           |                                           
                                           |                                           
(no matching instance)                     |Instance: pad13_trip_set/sg13g2_Clamp_N20N 
                                           |  (1,2) = (106,3)                          
                                           |                                           
                                           |                                           
(no matching instance)                     |Instance: pad14_sclk/sg13g2_LevelDown:I0/p 
                                           |  (1,2) = (106,7)                          
                                           |                                           
                                           |                                           
(no matching instance)                     |Instance: pad14_sclk/sg13g2_LevelDown:I0/p 
                                           |  (1,2) = (62,7)                           
                                           |                                           
                                           |                                           
(no matching instance)                     |Instance: pad14_sclk/sg13g2_LevelDown:I0/s 
                                           |  (1,2) = (106,3)                          
                                           |                                           
                                           |                                           
(no matching instance)                     |Instance: pad14_sclk/sg13g2_DCNDiode:I2/pt 
                                           |  (1,2) = (106,2)                          
                                           |                                           
                                           |                                           
(no matching instance)                     |Instance: pad15_sdi/sg13g2_LevelDown:I0/pt 
                                           |  (1,2) = (106,7)                          
                                           |                                           
                                           |                                           
(no matching instance)                     |Instance: pad15_sdi/sg13g2_LevelDown:I0/pt 
                                           |  (1,2) = (62,7)                           
                                           |                                           
                                           |                                           
(no matching instance)                     |Instance: pad15_sdi/sg13g2_LevelDown:I0/sg 
                                           |  (1,2) = (106,3)                          
                                           |                                           
                                           |                                           
(no matching instance)                     |Instance: pad15_sdi/sg13g2_DCNDiode:I2/pta 
                                           |  (1,2) = (106,2)                          
                                           |                                           
                                           |                                           
(no matching instance)                     |Instance: pad16_sdo/sg13g2_GateLevelUpInv: 
                                           |  (1,2) = (62,5)                           
                                           |                                           
                                           |                                           
(no matching instance)                     |Instance: pad16_sdo/sg13g2_GateLevelUpInv: 
                                           |  (1,2) = (62,5)                           
                                           |                                           
                                           |                                           
(no matching instance)                     |Instance: pad16_sdo/sg13g2_Clamp_N2N2D:I3/ 
                                           |  (1,2) = (106,3)                          
                                           |                                           
                                           |                                           
(no matching instance)                     |Instance: pad16_sdo/sg13g2_DCNDiode:I4/pta 
                                           |  (1,2) = (106,2)                          
                                           |                                           
                                           |                                           
(no matching instance)                     |Instance: pad17_temp_out/sg13g2_GateLevelU 
                                           |  (1,2) = (62,5)                           
                                           |                                           
                                           |                                           
(no matching instance)                     |Instance: pad17_temp_out/sg13g2_GateLevelU 
                                           |  (1,2) = (62,5)                           
                                           |                                           
                                           |                                           
(no matching instance)                     |Instance: pad17_temp_out/sg13g2_DCNDiode:I 
                                           |  (1,2) = (106,2)                          
                                           |                                           
                                           |                                           
(no matching instance)                     |Instance: pad17_temp_out/sg13g2_Clamp_N8N8 
                                           |  (1,2) = (106,3)                          
                                           |                                           
                                           |                                           
(no matching instance)                     |Instance: pad18_vref/sg13g2_DCNDiode:I5/pt 
                                           |  (1,2) = (106,2)                          
                                           |                                           
                                           |                                           
(no matching instance)                     |Instance: pad18_vref/sg13g2_SecondaryProte 
                                           |  (1,2) = (106,3)                          
                                           |                                           
                                           |                                           
(no matching instance)                     |Instance: pad18_vref/sg13g2_Clamp_N20N0D:I 
                                           |  (1,2) = (106,3)                          
                                           |                                           
                                           |                                           
(no matching instance)                     |Instance: pad19_g_shared/sg13g2_DCNDiode:I 
                                           |  (1,2) = (106,2)                          
                                           |                                           
                                           |                                           
(no matching instance)                     |Instance: pad19_g_shared/sg13g2_SecondaryP 
                                           |  (1,2) = (106,3)                          
                                           |                                           
                                           |                                           
(no matching instance)                     |Instance: pad19_g_shared/sg13g2_Clamp_N20N 
                                           |  (1,2) = (106,3)                          
                                           |                                           
                                           |                                           
(no matching instance)                     |Instance: pad20_d_std/sg13g2_DCNDiode:I5/p 
                                           |  (1,2) = (106,2)                          
                                           |                                           
                                           |                                           
(no matching instance)                     |Instance: pad20_d_std/sg13g2_SecondaryProt 
                                           |  (1,2) = (106,3)                          
                                           |                                           
                                           |                                           
(no matching instance)                     |Instance: pad20_d_std/sg13g2_Clamp_N20N0D: 
                                           |  (1,2) = (106,3)                          
                                           |                                           
                                           |                                           
(no matching instance)                     |Instance: pad21_d_elt/sg13g2_DCNDiode:I5/p 
                                           |  (1,2) = (106,2)                          
                                           |                                           
                                           |                                           
(no matching instance)                     |Instance: pad21_d_elt/sg13g2_SecondaryProt 
                                           |  (1,2) = (106,3)                          
                                           |                                           
                                           |                                           
(no matching instance)                     |Instance: pad21_d_elt/sg13g2_Clamp_N20N0D: 
                                           |  (1,2) = (106,3)                          
                                           |                                           
                                           |                                           
(no matching instance)                     |Instance: pad22_hbt_e/sg13g2_DCNDiode:I5/p 
                                           |  (1,2) = (106,2)                          
                                           |                                           
                                           |                                           
(no matching instance)                     |Instance: pad22_hbt_e/sg13g2_SecondaryProt 
                                           |  (1,2) = (106,3)                          
                                           |                                           
                                           |                                           
(no matching instance)                     |Instance: pad22_hbt_e/sg13g2_Clamp_N20N0D: 
                                           |  (1,2) = (106,3)                          
                                           |                                           
                                           |                                           
(no matching instance)                     |Instance: pad23_hbt_b/sg13g2_DCNDiode:I5/p 
                                           |  (1,2) = (106,2)                          
                                           |                                           
                                           |                                           
(no matching instance)                     |Instance: pad23_hbt_b/sg13g2_SecondaryProt 
                                           |  (1,2) = (106,3)                          
                                           |                                           
                                           |                                           
(no matching instance)                     |Instance: pad23_hbt_b/sg13g2_Clamp_N20N0D: 
                                           |  (1,2) = (106,3)                          
                                           |                                           
                                           |                                           
(no matching instance)                     |Instance: pad24_hbt_c/sg13g2_DCNDiode:I5/p 
                                           |  (1,2) = (106,2)                          
                                           |                                           
                                           |                                           
(no matching instance)                     |Instance: pad24_hbt_c/sg13g2_SecondaryProt 
                                           |  (1,2) = (106,3)                          
                                           |                                           
                                           |                                           
(no matching instance)                     |Instance: pad24_hbt_c/sg13g2_Clamp_N20N0D: 
                                           |  (1,2) = (106,3)                          
                                           |                                           
---------------------------------------------------------------------------------------
Netlists do not match.
Port matching may fail to disambiguate symmetries.

Subcircuit pins:
Circuit 1: g1_chip_top                     |Circuit 2: g1_chip_top                     
-------------------------------------------|-------------------------------------------
VDD                                        |GATE **Mismatch**                          
VSS                                        |FAULT_N **Mismatch**                       
SENSE_P                                    |SDO **Mismatch**                           
D_STD                                      |TEMP_OUT **Mismatch**                      
G_SHARED                                   |(no pin, node is pad10_gate/sg13g2_GateLev 
HBT_C                                      |(no pin, node is pad10_gate/sg13g2_GateLev 
HBT_B                                      |(no pin, node is pad11_fault_n/sg13g2_Gate 
TRIP_SET                                   |(no pin, node is pad11_fault_n/sg13g2_Gate 
VREF                                       |(no pin, node is pad16_sdo/sg13g2_GateLeve 
HBT_E                                      |(no pin, node is pad16_sdo/sg13g2_GateLeve 
D_ELT                                      |(no pin, node is pad17_temp_out/sg13g2_Gat 
SENSE_N                                    |(no pin, node is pad17_temp_out/sg13g2_Gat 
SCLK                                       |(no pin, node is pad08_sense_p/sg13g2_Seco 
SDI                                        |(no pin, node is pad09_sense_n/sg13g2_Seco 
EN                                         |(no pin, node is pad13_trip_set/sg13g2_Sec 
IOVDD                                      |(no pin, node is pad18_vref/sg13g2_Seconda 
GATE                                       |(no pin, node is pad19_g_shared/sg13g2_Sec 
FAULT_N                                    |(no pin, node is pad20_d_std/sg13g2_Second 
SDO                                        |(no pin, node is pad21_d_elt/sg13g2_Second 
TEMP_OUT                                   |(no pin, node is pad22_hbt_e/sg13g2_Second 
(no pin, node is TEMP_OUT)                 |D_ELT                                      
(no pin, node is TEMP_OUT)                 |D_STD                                      
(no pin, node is TEMP_OUT)                 |EN                                         
(no pin, node is TEMP_OUT)                 |G_SHARED                                   
(no pin, node is TEMP_OUT)                 |HBT_B                                      
(no pin, node is TEMP_OUT)                 |HBT_C                                      
(no pin, node is TEMP_OUT)                 |HBT_E                                      
(no pin, node is TEMP_OUT)                 |SCLK                                       
(no pin, node is TEMP_OUT)                 |SDI                                        
(no pin, node is TEMP_OUT)                 |SENSE_N                                    
(no pin, node is TEMP_OUT)                 |SENSE_P                                    
(no pin, node is TEMP_OUT)                 |TRIP_SET                                   
(no pin, node is TEMP_OUT)                 |VREF                                       
(no pin, node is TEMP_OUT)                 |VDD                                        
(no pin, node is TEMP_OUT)                 |VSS                                        
(no pin, node is TEMP_OUT)                 |IOVDD                                      
(no pin, node is TEMP_OUT)                 |IOVSS                                      
---------------------------------------------------------------------------------------
Cell pin lists for g1_chip_top and g1_chip_top altered to match.
Device classes g1_chip_top and g1_chip_top are equivalent.

Final result: Top level cell failed pin matching.

The following cells had property errors:
 sg13g2_RCClampResistor
