
Note: No compatibility mode selected!


Circuit: * g1_t2f joint c-pex: t=12.5 c, vdda=3.3 v, vdd=1.2 v, hbt=typ, mos=tt, r=typ, c=typ, mismatch=false, seed=51001

Reset re-loads circuit * g1_t2f joint c-pex: t=12.5 c, vdda=3.3 v, vdd=1.2 v, hbt=typ, mos=tt, r=typ, c=typ, mismatch=false, seed=51001

Circuit: * g1_t2f joint c-pex: t=12.5 c, vdda=3.3 v, vdd=1.2 v, hbt=typ, mos=tt, r=typ, c=typ, mismatch=false, seed=51001

PHASE0_BEGIN
Doing analysis at TEMP = 125.000000 and TNOM = 27.000000

Using SPARSE 1.3 as Direct Linear Solver
OSDI(debug) n.xbgr.xr84_u15.nr1: WARNING: V(i1,c) voltage is greater than specified by vmax
OSDI(debug) n.xbgr.xr84_u15.nr1: WARNING: V(i2,c) voltage is greater than specified by vmax
OSDI(debug) n.xbgr.xr84_u14.nr1: WARNING: V(i1,c) voltage is greater than specified by vmax
OSDI(debug) n.xbgr.xr84_u14.nr1: WARNING: V(i2,c) voltage is greater than specified by vmax
OSDI(debug) n.xbgr.xr84_u13.nr1: WARNING: V(i1,c) voltage is greater than specified by vmax
OSDI(debug) n.xbgr.xr84_u13.nr1: WARNING: V(i2,c) voltage is greater than specified by vmax
OSDI(debug) n.xbgr.xr84_u12.nr1: WARNING: V(i1,c) voltage is greater than specified by vmax
OSDI(debug) n.xbgr.xr84_u12.nr1: WARNING: V(i2,c) voltage is greater than specified by vmax
OSDI(debug) n.xbgr.xr84_u11.nr1: WARNING: V(i1,c) voltage is greater than specified by vmax
OSDI(debug) n.xbgr.xr84_u11.nr1: WARNING: V(i2,c) voltage is greater than specified by vmax
OSDI(debug) n.xbgr.xr84_u10.nr1: WARNING: V(i1,c) voltage is greater than specified by vmax
OSDI(debug) n.xbgr.xr84_u10.nr1: WARNING: V(i2,c) voltage is greater than specified by vmax
OSDI(debug) n.xbgr.xr84_u9.nr1: WARNING: V(i1,c) voltage is greater than specified by vmax
OSDI(debug) n.xbgr.xr84_u9.nr1: WARNING: V(i2,c) voltage is greater than specified by vmax
OSDI(debug) n.xbgr.xr84_u8.nr1: WARNING: V(i1,c) voltage is greater than specified by vmax
OSDI(debug) n.xbgr.xr84_u8.nr1: WARNING: V(i2,c) voltage is greater than specified by vmax
OSDI(debug) n.xbgr.xr84_u7.nr1: WARNING: V(i1,c) voltage is greater than specified by vmax
OSDI(debug) n.xbgr.xr84_u7.nr1: WARNING: V(i2,c) voltage is greater than specified by vmax
OSDI(debug) n.xbgr.xr84_u6.nr1: WARNING: V(i1,c) voltage is greater than specified by vmax
OSDI(debug) n.xbgr.xr84_u6.nr1: WARNING: V(i2,c) voltage is greater than specified by vmax
OSDI(debug) n.xbgr.xr84_u5.nr1: WARNING: V(i1,c) voltage is greater than specified by vmax
OSDI(debug) n.xbgr.xr84_u5.nr1: WARNING: V(i2,c) voltage is greater than specified by vmax
OSDI(debug) n.xbgr.xr84_u4.nr1: WARNING: V(i1,c) voltage is greater than specified by vmax
OSDI(debug) n.xbgr.xr84_u4.nr1: WARNING: V(i2,c) voltage is greater than specified by vmax
OSDI(debug) n.xbgr.xr84_u3.nr1: WARNING: V(i1,c) voltage is greater than specified by vmax
OSDI(debug) n.xbgr.xr84_u3.nr1: WARNING: V(i2,c) voltage is greater than specified by vmax
OSDI(debug) n.xbgr.xr84_u2.nr1: WARNING: V(i1,c) voltage is greater than specified by vmax
OSDI(debug) n.xbgr.xr84_u2.nr1: WARNING: V(i2,c) voltage is greater than specified by vmax
OSDI(debug) n.xbgr.xr83_u24.nr1: WARNING: V(i1,c) voltage is greater than specified by vmax
OSDI(debug) n.xbgr.xr83_u24.nr1: WARNING: V(i2,c) voltage is greater than specified by vmax
OSDI(debug) n.xbgr.xr83_u23.nr1: WARNING: V(i1,c) voltage is greater than specified by vmax
OSDI(debug) n.xbgr.xr83_u23.nr1: WARNING: V(i2,c) voltage is greater than specified by vmax
OSDI(debug) n.xbgr.xr83_u22.nr1: WARNING: V(i1,c) voltage is greater than specified by vmax
OSDI(debug) n.xbgr.xr83_u22.nr1: WARNING: V(i2,c) voltage is greater than specified by vmax
OSDI(debug) n.xbgr.xr83_u21.nr1: WARNING: V(i1,c) voltage is greater than specified by vmax
OSDI(debug) n.xbgr.xr83_u21.nr1: WARNING: V(i2,c) voltage is greater than specified by vmax
OSDI(debug) n.xbgr.xr83_u20.nr1: WARNING: V(i1,c) voltage is greater than specified by vmax
OSDI(debug) n.xbgr.xr83_u20.nr1: WARNING: V(i2,c) voltage is greater than specified by vmax
OSDI(debug) n.xbgr.xr83_u19.nr1: WARNING: V(i1,c) voltage is greater than specified by vmax
OSDI(debug) n.xbgr.xr83_u19.nr1: WARNING: V(i2,c) voltage is greater than specified by vmax
OSDI(debug) n.xbgr.xr83_u18.nr1: WARNING: V(i1,c) voltage is greater than specified by vmax
OSDI(debug) n.xbgr.xr83_u18.nr1: WARNING: V(i2,c) voltage is greater than specified by vmax
OSDI(debug) n.xbgr.xr83_u17.nr1: WARNING: V(i1,c) voltage is greater than specified by vmax
OSDI(debug) n.xbgr.xr83_u17.nr1: WARNING: V(i2,c) voltage is greater than specified by vmax
OSDI(debug) n.xbgr.xr83_u16.nr1: WARNING: V(i1,c) voltage is greater than specified by vmax
OSDI(debug) n.xbgr.xr83_u16.nr1: WARNING: V(i2,c) voltage is greater than specified by vmax
OSDI(debug) n.xbgr.xr83_u15.nr1: WARNING: V(i1,c) voltage is greater than specified by vmax
OSDI(debug) n.xbgr.xr83_u15.nr1: WARNING: V(i2,c) voltage is greater than specified by vmax
OSDI(debug) n.xbgr.xr83_u14.nr1: WARNING: V(i1,c) voltage is greater than specified by vmax
OSDI(debug) n.xbgr.xr83_u14.nr1: WARNING: V(i2,c) voltage is greater than specified by vmax
OSDI(debug) n.xbgr.xr83_u13.nr1: WARNING: V(i1,c) voltage is greater than specified by vmax
OSDI(debug) n.xbgr.xr83_u13.nr1: WARNING: V(i2,c) voltage is greater than specified by vmax
OSDI(debug) n.xbgr.xr83_u12.nr1: WARNING: V(i1,c) voltage is greater than specified by vmax
OSDI(debug) n.xbgr.xr83_u12.nr1: WARNING: V(i2,c) voltage is greater than specified by vmax
OSDI(debug) n.xbgr.xr83_u11.nr1: WARNING: V(i1,c) voltage is greater than specified by vmax
OSDI(debug) n.xbgr.xr83_u11.nr1: WARNING: V(i2,c) voltage is greater than specified by vmax
OSDI(debug) n.xbgr.xr83_u10.nr1: WARNING: V(i1,c) voltage is greater than specified by vmax
OSDI(debug) n.xbgr.xr83_u10.nr1: WARNING: V(i2,c) voltage is greater than specified by vmax
OSDI(debug) n.xbgr.xr83_u9.nr1: WARNING: V(i1,c) voltage is greater than specified by vmax
OSDI(debug) n.xbgr.xr83_u9.nr1: WARNING: V(i2,c) voltage is greater than specified by vmax
OSDI(debug) n.xbgr.xr83_u8.nr1: WARNING: V(i1,c) voltage is greater than specified by vmax
OSDI(debug) n.xbgr.xr83_u8.nr1: WARNING: V(i2,c) voltage is greater than specified by vmax
OSDI(debug) n.xbgr.xr83_u7.nr1: WARNING: V(i1,c) voltage is greater than specified by vmax
OSDI(debug) n.xbgr.xr83_u7.nr1: WARNING: V(i2,c) voltage is greater than specified by vmax
OSDI(debug) n.xbgr.xr83_u6.nr1: WARNING: V(i1,c) voltage is greater than specified by vmax
OSDI(debug) n.xbgr.xr83_u6.nr1: WARNING: V(i2,c) voltage is greater than specified by vmax
OSDI(debug) n.xbgr.xr83_u5.nr1: WARNING: V(i1,c) voltage is greater than specified by vmax
OSDI(debug) n.xbgr.xr83_u5.nr1: WARNING: V(i2,c) voltage is greater than specified by vmax
OSDI(debug) n.xbgr.xr83_u4.nr1: WARNING: V(i1,c) voltage is greater than specified by vmax
OSDI(debug) n.xbgr.xr83_u4.nr1: WARNING: V(i2,c) voltage is greater than specified by vmax
OSDI(debug) n.xbgr.xr83_u3.nr1: WARNING: V(i1,c) voltage is greater than specified by vmax
OSDI(debug) n.xbgr.xr83_u3.nr1: WARNING: V(i2,c) voltage is greater than specified by vmax
OSDI(debug) n.xbgr.xr83_u2.nr1: WARNING: V(i1,c) voltage is greater than specified by vmax
OSDI(debug) n.xbgr.xr83_u2.nr1: WARNING: V(i2,c) voltage is greater than specified by vmax
OSDI(debug) n.xbgr.xr82_u24.nr1: WARNING: V(i1,c) voltage is greater than specified by vmax
OSDI(debug) n.xbgr.xr82_u24.nr1: WARNING: V(i2,c) voltage is greater than specified by vmax
OSDI(debug) n.xbgr.xr82_u23.nr1: WARNING: V(i1,c) voltage is greater than specified by vmax
OSDI(debug) n.xbgr.xr82_u23.nr1: WARNING: V(i2,c) voltage is greater than specified by vmax
OSDI(debug) n.xbgr.xr82_u22.nr1: WARNING: V(i1,c) voltage is greater than specified by vmax
OSDI(debug) n.xbgr.xr82_u22.nr1: WARNING: V(i2,c) voltage is greater than specified by vmax
OSDI(debug) n.xbgr.xr82_u21.nr1: WARNING: V(i1,c) voltage is greater than specified by vmax
OSDI(debug) n.xbgr.xr82_u21.nr1: WARNING: V(i2,c) voltage is greater than specified by vmax
OSDI(debug) n.xbgr.xr82_u20.nr1: WARNING: V(i1,c) voltage is greater than specified by vmax
OSDI(debug) n.xbgr.xr82_u20.nr1: WARNING: V(i2,c) voltage is greater than specified by vmax
OSDI(debug) n.xbgr.xr82_u19.nr1: WARNING: V(i1,c) voltage is greater than specified by vmax
OSDI(debug) n.xbgr.xr82_u19.nr1: WARNING: V(i2,c) voltage is greater than specified by vmax
OSDI(debug) n.xbgr.xr82_u18.nr1: WARNING: V(i1,c) voltage is greater than specified by vmax
OSDI(debug) n.xbgr.xr82_u18.nr1: WARNING: V(i2,c) voltage is greater than specified by vmax
OSDI(debug) n.xbgr.xr82_u17.nr1: WARNING: V(i1,c) voltage is greater than specified by vmax
OSDI(debug) n.xbgr.xr82_u17.nr1: WARNING: V(i2,c) voltage is greater than specified by vmax
OSDI(debug) n.xbgr.xr82_u16.nr1: WARNING: V(i1,c) voltage is greater than specified by vmax
OSDI(debug) n.xbgr.xr82_u16.nr1: WARNING: V(i2,c) voltage is greater than specified by vmax
OSDI(debug) n.xbgr.xr82_u15.nr1: WARNING: V(i1,c) voltage is greater than specified by vmax
OSDI(debug) n.xbgr.xr82_u15.nr1: WARNING: V(i2,c) voltage is greater than specified by vmax
OSDI(debug) n.xbgr.xr82_u14.nr1: WARNING: V(i1,c) voltage is greater than specified by vmax
OSDI(debug) n.xbgr.xr82_u14.nr1: WARNING: V(i2,c) voltage is greater than specified by vmax
OSDI(debug) n.xbgr.xr82_u13.nr1: WARNING: V(i1,c) voltage is greater than specified by vmax
OSDI(debug) n.xbgr.xr82_u13.nr1: WARNING: V(i2,c) voltage is greater than specified by vmax
OSDI(debug) n.xbgr.xr82_u12.nr1: WARNING: V(i1,c) voltage is greater than specified by vmax
OSDI(debug) n.xbgr.xr82_u12.nr1: WARNING: V(i2,c) voltage is greater than specified by vmax
OSDI(debug) n.xbgr.xr82_u11.nr1: WARNING: V(i1,c) voltage is greater than specified by vmax
OSDI(debug) n.xbgr.xr82_u11.nr1: WARNING: V(i2,c) voltage is greater than specified by vmax
OSDI(debug) n.xbgr.xr82_u10.nr1: WARNING: V(i1,c) voltage is greater than specified by vmax
OSDI(debug) n.xbgr.xr82_u10.nr1: WARNING: V(i2,c) voltage is greater than specified by vmax
OSDI(debug) n.xbgr.xr82_u9.nr1: WARNING: V(i1,c) voltage is greater than specified by vmax
OSDI(debug) n.xbgr.xr82_u9.nr1: WARNING: V(i2,c) voltage is greater than specified by vmax
OSDI(debug) n.xbgr.xr82_u8.nr1: WARNING: V(i1,c) voltage is greater than specified by vmax
OSDI(debug) n.xbgr.xr82_u8.nr1: WARNING: V(i2,c) voltage is greater than specified by vmax
OSDI(debug) n.xbgr.xr82_u7.nr1: WARNING: V(i1,c) voltage is greater than specified by vmax
OSDI(debug) n.xbgr.xr82_u7.nr1: WARNING: V(i2,c) voltage is greater than specified by vmax
OSDI(debug) n.xbgr.xr82_u6.nr1: WARNING: V(i1,c) voltage is greater than specified by vmax
OSDI(debug) n.xbgr.xr82_u6.nr1: WARNING: V(i2,c) voltage is greater than specified by vmax
OSDI(debug) n.xbgr.xr82_u5.nr1: WARNING: V(i1,c) voltage is greater than specified by vmax
OSDI(debug) n.xbgr.xr82_u5.nr1: WARNING: V(i2,c) voltage is greater than specified by vmax
OSDI(debug) n.xbgr.xr82_u4.nr1: WARNING: V(i1,c) voltage is greater than specified by vmax
OSDI(debug) n.xbgr.xr82_u4.nr1: WARNING: V(i2,c) voltage is greater than specified by vmax
OSDI(debug) n.xbgr.xr82_u3.nr1: WARNING: V(i1,c) voltage is greater than specified by vmax
OSDI(debug) n.xbgr.xr82_u3.nr1: WARNING: V(i2,c) voltage is greater than specified by vmax
OSDI(debug) n.xbgr.xr82_u2.nr1: WARNING: V(i1,c) voltage is greater than specified by vmax
OSDI(debug) n.xbgr.xr82_u2.nr1: WARNING: V(i2,c) voltage is greater than specified by vmax
OSDI(debug) n.xbgr.xr81_u24.nr1: WARNING: V(i1,c) voltage is greater than specified by vmax
OSDI(debug) n.xbgr.xr81_u24.nr1: WARNING: V(i2,c) voltage is greater than specified by vmax
OSDI(debug) n.xbgr.xr81_u23.nr1: WARNING: V(i1,c) voltage is greater than specified by vmax
OSDI(debug) n.xbgr.xr81_u23.nr1: WARNING: V(i2,c) voltage is greater than specified by vmax
OSDI(debug) n.xbgr.xr81_u22.nr1: WARNING: V(i1,c) voltage is greater than specified by vmax
OSDI(debug) n.xbgr.xr81_u22.nr1: WARNING: V(i2,c) voltage is greater than specified by vmax
OSDI(debug) n.xbgr.xr81_u21.nr1: WARNING: V(i1,c) voltage is greater than specified by vmax
OSDI(debug) n.xbgr.xr81_u21.nr1: WARNING: V(i2,c) voltage is greater than specified by vmax
OSDI(debug) n.xbgr.xr81_u20.nr1: WARNING: V(i1,c) voltage is greater than specified by vmax
OSDI(debug) n.xbgr.xr81_u20.nr1: WARNING: V(i2,c) voltage is greater than specified by vmax
OSDI(debug) n.xbgr.xr81_u19.nr1: WARNING: V(i1,c) voltage is greater than specified by vmax
OSDI(debug) n.xbgr.xr81_u19.nr1: WARNING: V(i2,c) voltage is greater than specified by vmax
OSDI(debug) n.xbgr.xr81_u18.nr1: WARNING: V(i1,c) voltage is greater than specified by vmax
OSDI(debug) n.xbgr.xr81_u18.nr1: WARNING: V(i2,c) voltage is greater than specified by vmax
OSDI(debug) n.xbgr.xr81_u17.nr1: WARNING: V(i1,c) voltage is greater than specified by vmax
OSDI(debug) n.xbgr.xr81_u17.nr1: WARNING: V(i2,c) voltage is greater than specified by vmax
OSDI(debug) n.xbgr.xr81_u16.nr1: WARNING: V(i1,c) voltage is greater than specified by vmax
OSDI(debug) n.xbgr.xr81_u16.nr1: WARNING: V(i2,c) voltage is greater than specified by vmax
OSDI(debug) n.xbgr.xr81_u15.nr1: WARNING: V(i1,c) voltage is greater than specified by vmax
OSDI(debug) n.xbgr.xr81_u15.nr1: WARNING: V(i2,c) voltage is greater than specified by vmax
OSDI(debug) n.xbgr.xr81_u14.nr1: WARNING: V(i1,c) voltage is greater than specified by vmax
OSDI(debug) n.xbgr.xr81_u14.nr1: WARNING: V(i2,c) voltage is greater than specified by vmax
OSDI(debug) n.xbgr.xr81_u13.nr1: WARNING: V(i1,c) voltage is greater than specified by vmax
OSDI(debug) n.xbgr.xr81_u13.nr1: WARNING: V(i2,c) voltage is greater than specified by vmax
OSDI(debug) n.xbgr.xr81_u12.nr1: WARNING: V(i1,c) voltage is greater than specified by vmax
OSDI(debug) n.xbgr.xr81_u12.nr1: WARNING: V(i2,c) voltage is greater than specified by vmax
OSDI(debug) n.xbgr.xr81_u11.nr1: WARNING: V(i1,c) voltage is greater than specified by vmax
OSDI(debug) n.xbgr.xr81_u11.nr1: WARNING: V(i2,c) voltage is greater than specified by vmax
OSDI(debug) n.xbgr.xr81_u10.nr1: WARNING: V(i1,c) voltage is greater than specified by vmax
OSDI(debug) n.xbgr.xr81_u10.nr1: WARNING: V(i2,c) voltage is greater than specified by vmax
OSDI(debug) n.xbgr.xr81_u9.nr1: WARNING: V(i1,c) voltage is greater than specified by vmax
OSDI(debug) n.xbgr.xr81_u9.nr1: WARNING: V(i2,c) voltage is greater than specified by vmax
OSDI(debug) n.xbgr.xr81_u8.nr1: WARNING: V(i1,c) voltage is greater than specified by vmax
OSDI(debug) n.xbgr.xr81_u8.nr1: WARNING: V(i2,c) voltage is greater than specified by vmax
OSDI(debug) n.xbgr.xr81_u7.nr1: WARNING: V(i1,c) voltage is greater than specified by vmax
OSDI(debug) n.xbgr.xr81_u7.nr1: WARNING: V(i2,c) voltage is greater than specified by vmax
OSDI(debug) n.xbgr.xr81_u6.nr1: WARNING: V(i1,c) voltage is greater than specified by vmax
OSDI(debug) n.xbgr.xr81_u6.nr1: WARNING: V(i2,c) voltage is greater than specified by vmax
OSDI(debug) n.xbgr.xr81_u5.nr1: WARNING: V(i1,c) voltage is greater than specified by vmax
OSDI(debug) n.xbgr.xr81_u5.nr1: WARNING: V(i2,c) voltage is greater than specified by vmax
OSDI(debug) n.xbgr.xr81_u4.nr1: WARNING: V(i1,c) voltage is greater than specified by vmax
OSDI(debug) n.xbgr.xr81_u4.nr1: WARNING: V(i2,c) voltage is greater than specified by vmax
OSDI(debug) n.xbgr.xr81_u3.nr1: WARNING: V(i1,c) voltage is greater than specified by vmax
OSDI(debug) n.xbgr.xr81_u3.nr1: WARNING: V(i2,c) voltage is greater than specified by vmax
OSDI(debug) n.xbgr.xr81_u2.nr1: WARNING: V(i1,c) voltage is greater than specified by vmax
OSDI(debug) n.xbgr.xr81_u2.nr1: WARNING: V(i2,c) voltage is greater than specified by vmax
OSDI(debug) n.xbgr.xr80_u24.nr1: WARNING: V(i1,c) voltage is greater than specified by vmax
OSDI(debug) n.xbgr.xr80_u24.nr1: WARNING: V(i2,c) voltage is greater than specified by vmax
OSDI(debug) n.xbgr.xr80_u23.nr1: WARNING: V(i1,c) voltage is greater than specified by vmax
OSDI(debug) n.xbgr.xr80_u23.nr1: WARNING: V(i2,c) voltage is greater than specified by vmax
OSDI(debug) n.xbgr.xr80_u22.nr1: WARNING: V(i1,c) voltage is greater than specified by vmax
OSDI(debug) n.xbgr.xr80_u22.nr1: WARNING: V(i2,c) voltage is greater than specified by vmax
OSDI(debug) n.xbgr.xr80_u21.nr1: WARNING: V(i1,c) voltage is greater than specified by vmax
OSDI(debug) n.xbgr.xr80_u21.nr1: WARNING: V(i2,c) voltage is greater than specified by vmax
OSDI(debug) n.xbgr.xr80_u20.nr1: WARNING: V(i1,c) voltage is greater than specified by vmax
OSDI(debug) n.xbgr.xr80_u20.nr1: WARNING: V(i2,c) voltage is greater than specified by vmax
OSDI(debug) n.xbgr.xr80_u19.nr1: WARNING: V(i1,c) voltage is greater than specified by vmax
OSDI(debug) n.xbgr.xr80_u19.nr1: WARNING: V(i2,c) voltage is greater than specified by vmax
OSDI(debug) n.xbgr.xr80_u18.nr1: WARNING: V(i1,c) voltage is greater than specified by vmax
OSDI(debug) n.xbgr.xr80_u18.nr1: WARNING: V(i2,c) voltage is greater than specified by vmax
OSDI(debug) n.xbgr.xr80_u17.nr1: WARNING: V(i1,c) voltage is greater than specified by vmax
OSDI(debug) n.xbgr.xr80_u17.nr1: WARNING: V(i2,c) voltage is greater than specified by vmax
OSDI(debug) n.xbgr.xr80_u16.nr1: WARNING: V(i1,c) voltage is greater than specified by vmax
OSDI(debug) n.xbgr.xr80_u16.nr1: WARNING: V(i2,c) voltage is greater than specified by vmax
OSDI(debug) n.xbgr.xr80_u15.nr1: WARNING: V(i1,c) voltage is greater than specified by vmax
OSDI(debug) n.xbgr.xr80_u15.nr1: WARNING: V(i2,c) voltage is greater than specified by vmax
OSDI(debug) n.xbgr.xr80_u14.nr1: WARNING: V(i1,c) voltage is greater than specified by vmax
OSDI(debug) n.xbgr.xr80_u14.nr1: WARNING: V(i2,c) voltage is greater than specified by vmax
OSDI(debug) n.xbgr.xr80_u13.nr1: WARNING: V(i1,c) voltage is greater than specified by vmax
OSDI(debug) n.xbgr.xr80_u13.nr1: WARNING: V(i2,c) voltage is greater than specified by vmax
OSDI(debug) n.xbgr.xr80_u12.nr1: WARNING: V(i1,c) voltage is greater than specified by vmax
OSDI(debug) n.xbgr.xr80_u12.nr1: WARNING: V(i2,c) voltage is greater than specified by vmax
OSDI(debug) n.xbgr.xr80_u11.nr1: WARNING: V(i1,c) voltage is greater than specified by vmax
OSDI(debug) n.xbgr.xr80_u11.nr1: WARNING: V(i2,c) voltage is greater than specified by vmax
OSDI(debug) n.xbgr.xr80_u10.nr1: WARNING: V(i1,c) voltage is greater than specified by vmax
OSDI(debug) n.xbgr.xr80_u10.nr1: WARNING: V(i2,c) voltage is greater than specified by vmax
OSDI(debug) n.xbgr.xr80_u9.nr1: WARNING: V(i1,c) voltage is greater than specified by vmax
OSDI(debug) n.xbgr.xr80_u9.nr1: WARNING: V(i2,c) voltage is greater than specified by vmax
OSDI(debug) n.xbgr.xr80_u8.nr1: WARNING: V(i1,c) voltage is greater than specified by vmax
OSDI(debug) n.xbgr.xr80_u8.nr1: WARNING: V(i2,c) voltage is greater than specified by vmax
OSDI(debug) n.xbgr.xr80_u7.nr1: WARNING: V(i1,c) voltage is greater than specified by vmax
OSDI(debug) n.xbgr.xr80_u7.nr1: WARNING: V(i2,c) voltage is greater than specified by vmax
OSDI(debug) n.xbgr.xr80_u6.nr1: WARNING: V(i1,c) voltage is greater than specified by vmax
OSDI(debug) n.xbgr.xr80_u6.nr1: WARNING: V(i2,c) voltage is greater than specified by vmax
OSDI(debug) n.xbgr.xr80_u5.nr1: WARNING: V(i1,c) voltage is greater than specified by vmax
OSDI(debug) n.xbgr.xr80_u5.nr1: WARNING: V(i2,c) voltage is greater than specified by vmax
OSDI(debug) n.xbgr.xr80_u4.nr1: WARNING: V(i1,c) voltage is greater than specified by vmax
OSDI(debug) n.xbgr.xr80_u4.nr1: WARNING: V(i2,c) voltage is greater than specified by vmax
OSDI(debug) n.xbgr.xr80_u3.nr1: WARNING: V(i1,c) voltage is greater than specified by vmax
OSDI(debug) n.xbgr.xr80_u3.nr1: WARNING: V(i2,c) voltage is greater than specified by vmax
OSDI(debug) n.xbgr.xr80_u2.nr1: WARNING: V(i1,c) voltage is greater than specified by vmax
OSDI(debug) n.xbgr.xr80_u2.nr1: WARNING: V(i2,c) voltage is greater than specified by vmax
OSDI(debug) n.xbgr.xr79_u24.nr1: WARNING: V(i1,c) voltage is greater than specified by vmax
OSDI(debug) n.xbgr.xr79_u24.nr1: WARNING: V(i2,c) voltage is greater than specified by vmax
OSDI(debug) n.xbgr.xr79_u23.nr1: WARNING: V(i1,c) voltage is greater than specified by vmax
OSDI(debug) n.xbgr.xr79_u23.nr1: WARNING: V(i2,c) voltage is greater than specified by vmax
OSDI(debug) n.xbgr.xr79_u22.nr1: WARNING: V(i1,c) voltage is greater than specified by vmax
OSDI(debug) n.xbgr.xr79_u22.nr1: WARNING: V(i2,c) voltage is greater than specified by vmax
OSDI(debug) n.xbgr.xr79_u21.nr1: WARNING: V(i1,c) voltage is greater than specified by vmax
OSDI(debug) n.xbgr.xr79_u21.nr1: WARNING: V(i2,c) voltage is greater than specified by vmax
OSDI(debug) n.xbgr.xr79_u20.nr1: WARNING: V(i1,c) voltage is greater than specified by vmax
OSDI(debug) n.xbgr.xr79_u20.nr1: WARNING: V(i2,c) voltage is greater than specified by vmax
OSDI(debug) n.xbgr.xr79_u19.nr1: WARNING: V(i1,c) voltage is greater than specified by vmax
OSDI(debug) n.xbgr.xr79_u19.nr1: WARNING: V(i2,c) voltage is greater than specified by vmax
OSDI(debug) n.xbgr.xr79_u18.nr1: WARNING: V(i1,c) voltage is greater than specified by vmax
OSDI(debug) n.xbgr.xr79_u18.nr1: WARNING: V(i2,c) voltage is greater than specified by vmax
OSDI(debug) n.xbgr.xr79_u17.nr1: WARNING: V(i1,c) voltage is greater than specified by vmax
OSDI(debug) n.xbgr.xr79_u17.nr1: WARNING: V(i2,c) voltage is greater than specified by vmax
OSDI(debug) n.xbgr.xr79_u16.nr1: WARNING: V(i1,c) voltage is greater than specified by vmax
OSDI(debug) n.xbgr.xr79_u16.nr1: WARNING: V(i2,c) voltage is greater than specified by vmax
OSDI(debug) n.xbgr.xr79_u15.nr1: WARNING: V(i1,c) voltage is greater than specified by vmax
OSDI(debug) n.xbgr.xr79_u15.nr1: WARNING: V(i2,c) voltage is greater than specified by vmax
OSDI(debug) n.xbgr.xr79_u14.nr1: WARNING: V(i1,c) voltage is greater than specified by vmax
OSDI(debug) n.xbgr.xr79_u14.nr1: WARNING: V(i2,c) voltage is greater than specified by vmax
OSDI(debug) n.xbgr.xr79_u13.nr1: WARNING: V(i1,c) voltage is greater than specified by vmax
OSDI(debug) n.xbgr.xr79_u13.nr1: WARNING: V(i2,c) voltage is greater than specified by vmax
OSDI(debug) n.xbgr.xr79_u12.nr1: WARNING: V(i1,c) voltage is greater than specified by vmax
OSDI(debug) n.xbgr.xr79_u12.nr1: WARNING: V(i2,c) voltage is greater than specified by vmax
OSDI(debug) n.xbgr.xr79_u11.nr1: WARNING: V(i1,c) voltage is greater than specified by vmax
OSDI(debug) n.xbgr.xr79_u11.nr1: WARNING: V(i2,c) voltage is greater than specified by vmax
OSDI(debug) n.xbgr.xr79_u10.nr1: WARNING: V(i1,c) voltage is greater than specified by vmax
OSDI(debug) n.xbgr.xr79_u10.nr1: WARNING: V(i2,c) voltage is greater than specified by vmax
OSDI(debug) n.xbgr.xr79_u9.nr1: WARNING: V(i1,c) voltage is greater than specified by vmax
OSDI(debug) n.xbgr.xr79_u9.nr1: WARNING: V(i2,c) voltage is greater than specified by vmax
OSDI(debug) n.xbgr.xr79_u8.nr1: WARNING: V(i1,c) voltage is greater than specified by vmax
OSDI(debug) n.xbgr.xr79_u8.nr1: WARNING: V(i2,c) voltage is greater than specified by vmax
OSDI(debug) n.xbgr.xr79_u7.nr1: WARNING: V(i1,c) voltage is greater than specified by vmax
OSDI(debug) n.xbgr.xr79_u7.nr1: WARNING: V(i2,c) voltage is greater than specified by vmax
OSDI(debug) n.xbgr.xr79_u6.nr1: WARNING: V(i1,c) voltage is greater than specified by vmax
OSDI(debug) n.xbgr.xr79_u6.nr1: WARNING: V(i2,c) voltage is greater than specified by vmax
OSDI(debug) n.xbgr.xr79_u5.nr1: WARNING: V(i1,c) voltage is greater than specified by vmax
OSDI(debug) n.xbgr.xr79_u5.nr1: WARNING: V(i2,c) voltage is greater than specified by vmax
OSDI(debug) n.xbgr.xr79_u4.nr1: WARNING: V(i1,c) voltage is greater than specified by vmax
OSDI(debug) n.xbgr.xr79_u4.nr1: WARNING: V(i2,c) voltage is greater than specified by vmax
OSDI(debug) n.xbgr.xr79_u3.nr1: WARNING: V(i1,c) voltage is greater than specified by vmax
OSDI(debug) n.xbgr.xr79_u3.nr1: WARNING: V(i2,c) voltage is greater than specified by vmax
OSDI(debug) n.xbgr.xr79_u2.nr1: WARNING: V(i1,c) voltage is greater than specified by vmax
OSDI(debug) n.xbgr.xr79_u2.nr1: WARNING: V(i2,c) voltage is greater than specified by vmax
OSDI(debug) n.xbgr.xr78_u24.nr1: WARNING: V(i1,c) voltage is greater than specified by vmax
OSDI(debug) n.xbgr.xr78_u24.nr1: WARNING: V(i2,c) voltage is greater than specified by vmax
OSDI(debug) n.xbgr.xr78_u23.nr1: WARNING: V(i1,c) voltage is greater than specified by vmax
OSDI(debug) n.xbgr.xr78_u23.nr1: WARNING: V(i2,c) voltage is greater than specified by vmax
OSDI(debug) n.xbgr.xr78_u22.nr1: WARNING: V(i1,c) voltage is greater than specified by vmax
OSDI(debug) n.xbgr.xr78_u22.nr1: WARNING: V(i2,c) voltage is greater than specified by vmax
OSDI(debug) n.xbgr.xr78_u21.nr1: WARNING: V(i1,c) voltage is greater than specified by vmax
OSDI(debug) n.xbgr.xr78_u21.nr1: WARNING: V(i2,c) voltage is greater than specified by vmax
OSDI(debug) n.xbgr.xr78_u20.nr1: WARNING: V(i1,c) voltage is greater than specified by vmax
OSDI(debug) n.xbgr.xr78_u20.nr1: WARNING: V(i2,c) voltage is greater than specified by vmax
OSDI(debug) n.xbgr.xr78_u19.nr1: WARNING: V(i1,c) voltage is greater than specified by vmax
OSDI(debug) n.xbgr.xr78_u19.nr1: WARNING: V(i2,c) voltage is greater than specified by vmax
OSDI(debug) n.xbgr.xr78_u18.nr1: WARNING: V(i1,c) voltage is greater than specified by vmax
OSDI(debug) n.xbgr.xr78_u18.nr1: WARNING: V(i2,c) voltage is greater than specified by vmax
OSDI(debug) n.xbgr.xr78_u17.nr1: WARNING: V(i1,c) voltage is greater than specified by vmax
OSDI(debug) n.xbgr.xr78_u17.nr1: WARNING: V(i2,c) voltage is greater than specified by vmax
OSDI(debug) n.xbgr.xr78_u16.nr1: WARNING: V(i1,c) voltage is greater than specified by vmax
OSDI(debug) n.xbgr.xr78_u16.nr1: WARNING: V(i2,c) voltage is greater than specified by vmax
OSDI(debug) n.xbgr.xr78_u15.nr1: WARNING: V(i1,c) voltage is greater than specified by vmax
OSDI(debug) n.xbgr.xr78_u15.nr1: WARNING: V(i2,c) voltage is greater than specified by vmax
OSDI(debug) n.xbgr.xr78_u14.nr1: WARNING: V(i1,c) voltage is greater than specified by vmax
OSDI(debug) n.xbgr.xr78_u14.nr1: WARNING: V(i2,c) voltage is greater than specified by vmax
OSDI(debug) n.xbgr.xr78_u13.nr1: WARNING: V(i1,c) voltage is greater than specified by vmax
OSDI(debug) n.xbgr.xr78_u13.nr1: WARNING: V(i2,c) voltage is greater than specified by vmax
OSDI(debug) n.xbgr.xr78_u12.nr1: WARNING: V(i1,c) voltage is greater than specified by vmax
OSDI(debug) n.xbgr.xr78_u12.nr1: WARNING: V(i2,c) voltage is greater than specified by vmax
OSDI(debug) n.xbgr.xr78_u11.nr1: WARNING: V(i1,c) voltage is greater than specified by vmax
OSDI(debug) n.xbgr.xr78_u11.nr1: WARNING: V(i2,c) voltage is greater than specified by vmax
OSDI(debug) n.xbgr.xr78_u10.nr1: WARNING: V(i1,c) voltage is greater than specified by vmax
OSDI(debug) n.xbgr.xr78_u10.nr1: WARNING: V(i2,c) voltage is greater than specified by vmax
OSDI(debug) n.xbgr.xr78_u9.nr1: WARNING: V(i1,c) voltage is greater than specified by vmax
OSDI(debug) n.xbgr.xr78_u9.nr1: WARNING: V(i2,c) voltage is greater than specified by vmax
OSDI(debug) n.xbgr.xr78_u8.nr1: WARNING: V(i1,c) voltage is greater than specified by vmax
OSDI(debug) n.xbgr.xr78_u8.nr1: WARNING: V(i2,c) voltage is greater than specified by vmax
OSDI(debug) n.xbgr.xr78_u7.nr1: WARNING: V(i1,c) voltage is greater than specified by vmax
OSDI(debug) n.xbgr.xr78_u7.nr1: WARNING: V(i2,c) voltage is greater than specified by vmax
OSDI(debug) n.xbgr.xr78_u6.nr1: WARNING: V(i1,c) voltage is greater than specified by vmax
OSDI(debug) n.xbgr.xr78_u6.nr1: WARNING: V(i2,c) voltage is greater than specified by vmax
OSDI(debug) n.xbgr.xr78_u5.nr1: WARNING: V(i1,c) voltage is greater than specified by vmax
OSDI(debug) n.xbgr.xr78_u5.nr1: WARNING: V(i2,c) voltage is greater than specified by vmax
OSDI(debug) n.xbgr.xr78_u4.nr1: WARNING: V(i1,c) voltage is greater than specified by vmax
OSDI(debug) n.xbgr.xr78_u4.nr1: WARNING: V(i2,c) voltage is greater than specified by vmax
OSDI(debug) n.xbgr.xr78_u3.nr1: WARNING: V(i1,c) voltage is greater than specified by vmax
OSDI(debug) n.xbgr.xr78_u3.nr1: WARNING: V(i2,c) voltage is greater than specified by vmax
OSDI(debug) n.xbgr.xr78_u2.nr1: WARNING: V(i1,c) voltage is greater than specified by vmax
OSDI(debug) n.xbgr.xr78_u2.nr1: WARNING: V(i2,c) voltage is greater than specified by vmax
OSDI(debug) n.xbgr.xr77_u24.nr1: WARNING: V(i1,c) voltage is greater than specified by vmax
OSDI(debug) n.xbgr.xr77_u24.nr1: WARNING: V(i2,c) voltage is greater than specified by vmax
OSDI(debug) n.xbgr.xr77_u23.nr1: WARNING: V(i1,c) voltage is greater than specified by vmax
OSDI(debug) n.xbgr.xr77_u23.nr1: WARNING: V(i2,c) voltage is greater than specified by vmax
OSDI(debug) n.xbgr.xr77_u22.nr1: WARNING: V(i1,c) voltage is greater than specified by vmax
OSDI(debug) n.xbgr.xr77_u22.nr1: WARNING: V(i2,c) voltage is greater than specified by vmax
OSDI(debug) n.xbgr.xr77_u21.nr1: WARNING: V(i1,c) voltage is greater than specified by vmax
OSDI(debug) n.xbgr.xr77_u21.nr1: WARNING: V(i2,c) voltage is greater than specified by vmax
OSDI(debug) n.xbgr.xr77_u20.nr1: WARNING: V(i1,c) voltage is greater than specified by vmax
OSDI(debug) n.xbgr.xr77_u20.nr1: WARNING: V(i2,c) voltage is greater than specified by vmax
OSDI(debug) n.xbgr.xr77_u19.nr1: WARNING: V(i1,c) voltage is greater than specified by vmax
OSDI(debug) n.xbgr.xr77_u19.nr1: WARNING: V(i2,c) voltage is greater than specified by vmax
OSDI(debug) n.xbgr.xr77_u18.nr1: WARNING: V(i1,c) voltage is greater than specified by vmax
OSDI(debug) n.xbgr.xr77_u18.nr1: WARNING: V(i2,c) voltage is greater than specified by vmax
OSDI(debug) n.xbgr.xr77_u17.nr1: WARNING: V(i1,c) voltage is greater than specified by vmax
OSDI(debug) n.xbgr.xr77_u17.nr1: WARNING: V(i2,c) voltage is greater than specified by vmax
OSDI(debug) n.xbgr.xr77_u16.nr1: WARNING: V(i1,c) voltage is greater than specified by vmax
OSDI(debug) n.xbgr.xr77_u16.nr1: WARNING: V(i2,c) voltage is greater than specified by vmax
OSDI(debug) n.xbgr.xr77_u15.nr1: WARNING: V(i1,c) voltage is greater than specified by vmax
OSDI(debug) n.xbgr.xr77_u15.nr1: WARNING: V(i2,c) voltage is greater than specified by vmax
OSDI(debug) n.xbgr.xr77_u14.nr1: WARNING: V(i1,c) voltage is greater than specified by vmax
OSDI(debug) n.xbgr.xr77_u14.nr1: WARNING: V(i2,c) voltage is greater than specified by vmax
OSDI(debug) n.xbgr.xr77_u13.nr1: WARNING: V(i1,c) voltage is greater than specified by vmax
OSDI(debug) n.xbgr.xr77_u13.nr1: WARNING: V(i2,c) voltage is greater than specified by vmax
OSDI(debug) n.xbgr.xr77_u12.nr1: WARNING: V(i1,c) voltage is greater than specified by vmax
OSDI(debug) n.xbgr.xr77_u12.nr1: WARNING: V(i2,c) voltage is greater than specified by vmax
OSDI(debug) n.xbgr.xr77_u11.nr1: WARNING: V(i1,c) voltage is greater than specified by vmax
OSDI(debug) n.xbgr.xr77_u11.nr1: WARNING: V(i2,c) voltage is greater than specified by vmax
OSDI(debug) n.xbgr.xr77_u10.nr1: WARNING: V(i1,c) voltage is greater than specified by vmax
OSDI(debug) n.xbgr.xr77_u10.nr1: WARNING: V(i2,c) voltage is greater than specified by vmax
OSDI(debug) n.xbgr.xr77_u9.nr1: WARNING: V(i1,c) voltage is greater than specified by vmax
OSDI(debug) n.xbgr.xr77_u9.nr1: WARNING: V(i2,c) voltage is greater than specified by vmax
OSDI(debug) n.xbgr.xr77_u8.nr1: WARNING: V(i1,c) voltage is greater than specified by vmax
OSDI(debug) n.xbgr.xr77_u8.nr1: WARNING: V(i2,c) voltage is greater than specified by vmax
OSDI(debug) n.xbgr.xr77_u7.nr1: WARNING: V(i1,c) voltage is greater than specified by vmax
OSDI(debug) n.xbgr.xr77_u7.nr1: WARNING: V(i2,c) voltage is greater than specified by vmax
OSDI(debug) n.xbgr.xr77_u6.nr1: WARNING: V(i1,c) voltage is greater than specified by vmax
OSDI(debug) n.xbgr.xr77_u6.nr1: WARNING: V(i2,c) voltage is greater than specified by vmax
OSDI(debug) n.xbgr.xr77_u5.nr1: WARNING: V(i1,c) voltage is greater than specified by vmax
OSDI(debug) n.xbgr.xr77_u5.nr1: WARNING: V(i2,c) voltage is greater than specified by vmax
OSDI(debug) n.xbgr.xr77_u4.nr1: WARNING: V(i1,c) voltage is greater than specified by vmax
OSDI(debug) n.xbgr.xr77_u4.nr1: WARNING: V(i2,c) voltage is greater than specified by vmax
OSDI(debug) n.xbgr.xr77_u3.nr1: WARNING: V(i1,c) voltage is greater than specified by vmax
OSDI(debug) n.xbgr.xr77_u3.nr1: WARNING: V(i2,c) voltage is greater than specified by vmax
OSDI(debug) n.xbgr.xr77_u2.nr1: WARNING: V(i1,c) voltage is greater than specified by vmax
OSDI(debug) n.xbgr.xr77_u2.nr1: WARNING: V(i2,c) voltage is greater than specified by vmax
OSDI(debug) n.xbgr.xr26_u24.nr1: WARNING: V(i1,c) voltage is greater than specified by vmax
OSDI(debug) n.xbgr.xr26_u24.nr1: WARNING: V(i2,c) voltage is greater than specified by vmax
OSDI(debug) n.xbgr.xr26_u23.nr1: WARNING: V(i1,c) voltage is greater than specified by vmax
OSDI(debug) n.xbgr.xr26_u23.nr1: WARNING: V(i2,c) voltage is greater than specified by vmax
OSDI(debug) n.xbgr.xr26_u22.nr1: WARNING: V(i1,c) voltage is greater than specified by vmax
OSDI(debug) n.xbgr.xr26_u22.nr1: WARNING: V(i2,c) voltage is greater than specified by vmax
OSDI(debug) n.xbgr.xr26_u21.nr1: WARNING: V(i1,c) voltage is greater than specified by vmax
OSDI(debug) n.xbgr.xr26_u21.nr1: WARNING: V(i2,c) voltage is greater than specified by vmax
OSDI(debug) n.xbgr.xr26_u20.nr1: WARNING: V(i1,c) voltage is greater than specified by vmax
OSDI(debug) n.xbgr.xr26_u20.nr1: WARNING: V(i2,c) voltage is greater than specified by vmax
OSDI(debug) n.xbgr.xr26_u19.nr1: WARNING: V(i1,c) voltage is greater than specified by vmax
OSDI(debug) n.xbgr.xr26_u19.nr1: WARNING: V(i2,c) voltage is greater than specified by vmax
OSDI(debug) n.xbgr.xr26_u18.nr1: WARNING: V(i1,c) voltage is greater than specified by vmax
OSDI(debug) n.xbgr.xr26_u18.nr1: WARNING: V(i2,c) voltage is greater than specified by vmax
OSDI(debug) n.xbgr.xr26_u17.nr1: WARNING: V(i1,c) voltage is greater than specified by vmax
OSDI(debug) n.xbgr.xr26_u17.nr1: WARNING: V(i2,c) voltage is greater than specified by vmax
OSDI(debug) n.xbgr.xr26_u16.nr1: WARNING: V(i1,c) voltage is greater than specified by vmax
OSDI(debug) n.xbgr.xr26_u16.nr1: WARNING: V(i2,c) voltage is greater than specified by vmax
OSDI(debug) n.xbgr.xr26_u15.nr1: WARNING: V(i1,c) voltage is greater than specified by vmax
OSDI(debug) n.xbgr.xr26_u15.nr1: WARNING: V(i2,c) voltage is greater than specified by vmax
OSDI(debug) n.xbgr.xr26_u14.nr1: WARNING: V(i1,c) voltage is greater than specified by vmax
OSDI(debug) n.xbgr.xr26_u14.nr1: WARNING: V(i2,c) voltage is greater than specified by vmax
OSDI(debug) n.xbgr.xr26_u13.nr1: WARNING: V(i1,c) voltage is greater than specified by vmax
OSDI(debug) n.xbgr.xr26_u13.nr1: WARNING: V(i2,c) voltage is greater than specified by vmax
OSDI(debug) n.xbgr.xr26_u12.nr1: WARNING: V(i1,c) voltage is greater than specified by vmax
OSDI(debug) n.xbgr.xr26_u12.nr1: WARNING: V(i2,c) voltage is greater than specified by vmax
OSDI(debug) n.xbgr.xr26_u11.nr1: WARNING: V(i1,c) voltage is greater than specified by vmax
OSDI(debug) n.xbgr.xr26_u11.nr1: WARNING: V(i2,c) voltage is greater than specified by vmax
OSDI(debug) n.xbgr.xr26_u10.nr1: WARNING: V(i1,c) voltage is greater than specified by vmax
OSDI(debug) n.xbgr.xr26_u10.nr1: WARNING: V(i2,c) voltage is greater than specified by vmax
OSDI(debug) n.xbgr.xr26_u9.nr1: WARNING: V(i1,c) voltage is greater than specified by vmax
OSDI(debug) n.xbgr.xr26_u9.nr1: WARNING: V(i2,c) voltage is greater than specified by vmax
OSDI(debug) n.xbgr.xr26_u8.nr1: WARNING: V(i1,c) voltage is greater than specified by vmax
OSDI(debug) n.xbgr.xr26_u8.nr1: WARNING: V(i2,c) voltage is greater than specified by vmax
OSDI(debug) n.xbgr.xr26_u7.nr1: WARNING: V(i1,c) voltage is greater than specified by vmax
OSDI(debug) n.xbgr.xr26_u7.nr1: WARNING: V(i2,c) voltage is greater than specified by vmax
OSDI(debug) n.xbgr.xr26_u6.nr1: WARNING: V(i1,c) voltage is greater than specified by vmax
OSDI(debug) n.xbgr.xr26_u6.nr1: WARNING: V(i2,c) voltage is greater than specified by vmax
OSDI(debug) n.xbgr.xr26_u5.nr1: WARNING: V(i1,c) voltage is greater than specified by vmax
OSDI(debug) n.xbgr.xr26_u5.nr1: WARNING: V(i2,c) voltage is greater than specified by vmax
OSDI(debug) n.xbgr.xr26_u4.nr1: WARNING: V(i1,c) voltage is greater than specified by vmax
OSDI(debug) n.xbgr.xr26_u4.nr1: WARNING: V(i2,c) voltage is greater than specified by vmax
OSDI(debug) n.xbgr.xr26_u3.nr1: WARNING: V(i1,c) voltage is greater than specified by vmax
OSDI(debug) n.xbgr.xr26_u3.nr1: WARNING: V(i2,c) voltage is greater than specified by vmax
OSDI(debug) n.xbgr.xr26_u2.nr1: WARNING: V(i1,c) voltage is greater than specified by vmax
OSDI(debug) n.xbgr.xr26_u2.nr1: WARNING: V(i2,c) voltage is greater than specified by vmax
OSDI(debug) n.xbgr.xr25_u24.nr1: WARNING: V(i1,c) voltage is greater than specified by vmax
OSDI(debug) n.xbgr.xr25_u24.nr1: WARNING: V(i2,c) voltage is greater than specified by vmax
OSDI(debug) n.xbgr.xr25_u23.nr1: WARNING: V(i1,c) voltage is greater than specified by vmax
OSDI(debug) n.xbgr.xr25_u23.nr1: WARNING: V(i2,c) voltage is greater than specified by vmax
OSDI(debug) n.xbgr.xr25_u22.nr1: WARNING: V(i1,c) voltage is greater than specified by vmax
OSDI(debug) n.xbgr.xr25_u22.nr1: WARNING: V(i2,c) voltage is greater than specified by vmax
OSDI(debug) n.xbgr.xr25_u21.nr1: WARNING: V(i1,c) voltage is greater than specified by vmax
OSDI(debug) n.xbgr.xr25_u21.nr1: WARNING: V(i2,c) voltage is greater than specified by vmax
OSDI(debug) n.xbgr.xr25_u20.nr1: WARNING: V(i1,c) voltage is greater than specified by vmax
OSDI(debug) n.xbgr.xr25_u20.nr1: WARNING: V(i2,c) voltage is greater than specified by vmax
OSDI(debug) n.xbgr.xr25_u19.nr1: WARNING: V(i1,c) voltage is greater than specified by vmax
OSDI(debug) n.xbgr.xr25_u19.nr1: WARNING: V(i2,c) voltage is greater than specified by vmax
OSDI(debug) n.xbgr.xr25_u18.nr1: WARNING: V(i1,c) voltage is greater than specified by vmax
OSDI(debug) n.xbgr.xr25_u18.nr1: WARNING: V(i2,c) voltage is greater than specified by vmax
OSDI(debug) n.xbgr.xr25_u17.nr1: WARNING: V(i1,c) voltage is greater than specified by vmax
OSDI(debug) n.xbgr.xr25_u17.nr1: WARNING: V(i2,c) voltage is greater than specified by vmax
OSDI(debug) n.xbgr.xr25_u16.nr1: WARNING: V(i1,c) voltage is greater than specified by vmax
OSDI(debug) n.xbgr.xr25_u16.nr1: WARNING: V(i2,c) voltage is greater than specified by vmax
OSDI(debug) n.xbgr.xr25_u15.nr1: WARNING: V(i1,c) voltage is greater than specified by vmax
OSDI(debug) n.xbgr.xr25_u15.nr1: WARNING: V(i2,c) voltage is greater than specified by vmax
OSDI(debug) n.xbgr.xr25_u14.nr1: WARNING: V(i1,c) voltage is greater than specified by vmax
OSDI(debug) n.xbgr.xr25_u14.nr1: WARNING: V(i2,c) voltage is greater than specified by vmax
OSDI(debug) n.xbgr.xr25_u13.nr1: WARNING: V(i1,c) voltage is greater than specified by vmax
OSDI(debug) n.xbgr.xr25_u13.nr1: WARNING: V(i2,c) voltage is greater than specified by vmax
OSDI(debug) n.xbgr.xr25_u12.nr1: WARNING: V(i1,c) voltage is greater than specified by vmax
OSDI(debug) n.xbgr.xr25_u12.nr1: WARNING: V(i2,c) voltage is greater than specified by vmax
OSDI(debug) n.xbgr.xr25_u11.nr1: WARNING: V(i1,c) voltage is greater than specified by vmax
OSDI(debug) n.xbgr.xr25_u11.nr1: WARNING: V(i2,c) voltage is greater than specified by vmax
OSDI(debug) n.xbgr.xr25_u10.nr1: WARNING: V(i1,c) voltage is greater than specified by vmax
OSDI(debug) n.xbgr.xr25_u10.nr1: WARNING: V(i2,c) voltage is greater than specified by vmax
OSDI(debug) n.xbgr.xr25_u9.nr1: WARNING: V(i1,c) voltage is greater than specified by vmax
OSDI(debug) n.xbgr.xr25_u9.nr1: WARNING: V(i2,c) voltage is greater than specified by vmax
OSDI(debug) n.xbgr.xr25_u8.nr1: WARNING: V(i1,c) voltage is greater than specified by vmax
OSDI(debug) n.xbgr.xr25_u8.nr1: WARNING: V(i2,c) voltage is greater than specified by vmax
OSDI(debug) n.xbgr.xr25_u7.nr1: WARNING: V(i1,c) voltage is greater than specified by vmax
OSDI(debug) n.xbgr.xr25_u7.nr1: WARNING: V(i2,c) voltage is greater than specified by vmax
OSDI(debug) n.xbgr.xr25_u6.nr1: WARNING: V(i1,c) voltage is greater than specified by vmax
OSDI(debug) n.xbgr.xr25_u6.nr1: WARNING: V(i2,c) voltage is greater than specified by vmax
OSDI(debug) n.xbgr.xr25_u5.nr1: WARNING: V(i1,c) voltage is greater than specified by vmax
OSDI(debug) n.xbgr.xr25_u5.nr1: WARNING: V(i2,c) voltage is greater than specified by vmax
OSDI(debug) n.xbgr.xr25_u4.nr1: WARNING: V(i1,c) voltage is greater than specified by vmax
OSDI(debug) n.xbgr.xr25_u4.nr1: WARNING: V(i2,c) voltage is greater than specified by vmax
OSDI(debug) n.xbgr.xr25_u3.nr1: WARNING: V(i1,c) voltage is greater than specified by vmax
OSDI(debug) n.xbgr.xr25_u3.nr1: WARNING: V(i2,c) voltage is greater than specified by vmax
OSDI(debug) n.xbgr.xr25_u2.nr1: WARNING: V(i1,c) voltage is greater than specified by vmax
OSDI(debug) n.xbgr.xr25_u2.nr1: WARNING: V(i2,c) voltage is greater than specified by vmax
OSDI(debug) n.xbgr.xr24_u24.nr1: WARNING: V(i1,c) voltage is greater than specified by vmax
OSDI(debug) n.xbgr.xr24_u24.nr1: WARNING: V(i2,c) voltage is greater than specified by vmax
OSDI(debug) n.xbgr.xr24_u23.nr1: WARNING: V(i1,c) voltage is greater than specified by vmax
OSDI(debug) n.xbgr.xr24_u23.nr1: WARNING: V(i2,c) voltage is greater than specified by vmax
OSDI(debug) n.xbgr.xr24_u22.nr1: WARNING: V(i1,c) voltage is greater than specified by vmax
OSDI(debug) n.xbgr.xr24_u22.nr1: WARNING: V(i2,c) voltage is greater than specified by vmax
OSDI(debug) n.xbgr.xr24_u21.nr1: WARNING: V(i1,c) voltage is greater than specified by vmax
OSDI(debug) n.xbgr.xr24_u21.nr1: WARNING: V(i2,c) voltage is greater than specified by vmax
OSDI(debug) n.xbgr.xr24_u20.nr1: WARNING: V(i1,c) voltage is greater than specified by vmax
OSDI(debug) n.xbgr.xr24_u20.nr1: WARNING: V(i2,c) voltage is greater than specified by vmax
OSDI(debug) n.xbgr.xr24_u19.nr1: WARNING: V(i1,c) voltage is greater than specified by vmax
OSDI(debug) n.xbgr.xr24_u19.nr1: WARNING: V(i2,c) voltage is greater than specified by vmax
OSDI(debug) n.xbgr.xr24_u18.nr1: WARNING: V(i1,c) voltage is greater than specified by vmax
OSDI(debug) n.xbgr.xr24_u18.nr1: WARNING: V(i2,c) voltage is greater than specified by vmax
OSDI(debug) n.xbgr.xr24_u17.nr1: WARNING: V(i1,c) voltage is greater than specified by vmax
OSDI(debug) n.xbgr.xr24_u17.nr1: WARNING: V(i2,c) voltage is greater than specified by vmax
OSDI(debug) n.xbgr.xr24_u16.nr1: WARNING: V(i1,c) voltage is greater than specified by vmax
OSDI(debug) n.xbgr.xr24_u16.nr1: WARNING: V(i2,c) voltage is greater than specified by vmax
OSDI(debug) n.xbgr.xr24_u15.nr1: WARNING: V(i1,c) voltage is greater than specified by vmax
OSDI(debug) n.xbgr.xr24_u15.nr1: WARNING: V(i2,c) voltage is greater than specified by vmax
OSDI(debug) n.xbgr.xr24_u14.nr1: WARNING: V(i1,c) voltage is greater than specified by vmax
OSDI(debug) n.xbgr.xr24_u14.nr1: WARNING: V(i2,c) voltage is greater than specified by vmax
OSDI(debug) n.xbgr.xr24_u13.nr1: WARNING: V(i1,c) voltage is greater than specified by vmax
OSDI(debug) n.xbgr.xr24_u13.nr1: WARNING: V(i2,c) voltage is greater than specified by vmax
OSDI(debug) n.xbgr.xr24_u12.nr1: WARNING: V(i1,c) voltage is greater than specified by vmax
OSDI(debug) n.xbgr.xr24_u12.nr1: WARNING: V(i2,c) voltage is greater than specified by vmax
OSDI(debug) n.xbgr.xr24_u11.nr1: WARNING: V(i1,c) voltage is greater than specified by vmax
OSDI(debug) n.xbgr.xr24_u11.nr1: WARNING: V(i2,c) voltage is greater than specified by vmax
OSDI(debug) n.xbgr.xr24_u10.nr1: WARNING: V(i1,c) voltage is greater than specified by vmax
OSDI(debug) n.xbgr.xr24_u10.nr1: WARNING: V(i2,c) voltage is greater than specified by vmax
OSDI(debug) n.xbgr.xr24_u9.nr1: WARNING: V(i1,c) voltage is greater than specified by vmax
OSDI(debug) n.xbgr.xr24_u9.nr1: WARNING: V(i2,c) voltage is greater than specified by vmax
OSDI(debug) n.xbgr.xr24_u8.nr1: WARNING: V(i1,c) voltage is greater than specified by vmax
OSDI(debug) n.xbgr.xr24_u8.nr1: WARNING: V(i2,c) voltage is greater than specified by vmax
OSDI(debug) n.xbgr.xr24_u7.nr1: WARNING: V(i1,c) voltage is greater than specified by vmax
OSDI(debug) n.xbgr.xr24_u7.nr1: WARNING: V(i2,c) voltage is greater than specified by vmax
OSDI(debug) n.xbgr.xr24_u6.nr1: WARNING: V(i1,c) voltage is greater than specified by vmax
OSDI(debug) n.xbgr.xr24_u6.nr1: WARNING: V(i2,c) voltage is greater than specified by vmax
OSDI(debug) n.xbgr.xr24_u5.nr1: WARNING: V(i1,c) voltage is greater than specified by vmax
OSDI(debug) n.xbgr.xr24_u5.nr1: WARNING: V(i2,c) voltage is greater than specified by vmax
OSDI(debug) n.xbgr.xr24_u4.nr1: WARNING: V(i1,c) voltage is greater than specified by vmax
OSDI(debug) n.xbgr.xr24_u4.nr1: WARNING: V(i2,c) voltage is greater than specified by vmax
OSDI(debug) n.xbgr.xr24_u3.nr1: WARNING: V(i1,c) voltage is greater than specified by vmax
OSDI(debug) n.xbgr.xr24_u3.nr1: WARNING: V(i2,c) voltage is greater than specified by vmax
OSDI(debug) n.xbgr.xr24_u2.nr1: WARNING: V(i1,c) voltage is greater than specified by vmax
OSDI(debug) n.xbgr.xr24_u2.nr1: WARNING: V(i2,c) voltage is greater than specified by vmax
OSDI(debug) n.xbgr.xr23_u24.nr1: WARNING: V(i1,c) voltage is greater than specified by vmax
OSDI(debug) n.xbgr.xr23_u24.nr1: WARNING: V(i2,c) voltage is greater than specified by vmax
OSDI(debug) n.xbgr.xr23_u23.nr1: WARNING: V(i1,c) voltage is greater than specified by vmax
OSDI(debug) n.xbgr.xr23_u23.nr1: WARNING: V(i2,c) voltage is greater than specified by vmax
OSDI(debug) n.xbgr.xr23_u22.nr1: WARNING: V(i1,c) voltage is greater than specified by vmax
OSDI(debug) n.xbgr.xr23_u22.nr1: WARNING: V(i2,c) voltage is greater than specified by vmax
OSDI(debug) n.xbgr.xr23_u21.nr1: WARNING: V(i1,c) voltage is greater than specified by vmax
OSDI(debug) n.xbgr.xr23_u21.nr1: WARNING: V(i2,c) voltage is greater than specified by vmax
OSDI(debug) n.xbgr.xr23_u20.nr1: WARNING: V(i1,c) voltage is greater than specified by vmax
OSDI(debug) n.xbgr.xr23_u20.nr1: WARNING: V(i2,c) voltage is greater than specified by vmax
OSDI(debug) n.xbgr.xr23_u19.nr1: WARNING: V(i1,c) voltage is greater than specified by vmax
OSDI(debug) n.xbgr.xr23_u19.nr1: WARNING: V(i2,c) voltage is greater than specified by vmax
OSDI(debug) n.xbgr.xr23_u18.nr1: WARNING: V(i1,c) voltage is greater than specified by vmax
OSDI(debug) n.xbgr.xr23_u18.nr1: WARNING: V(i2,c) voltage is greater than specified by vmax
OSDI(debug) n.xbgr.xr23_u17.nr1: WARNING: V(i1,c) voltage is greater than specified by vmax
OSDI(debug) n.xbgr.xr23_u17.nr1: WARNING: V(i2,c) voltage is greater than specified by vmax
OSDI(debug) n.xbgr.xr23_u16.nr1: WARNING: V(i1,c) voltage is greater than specified by vmax
OSDI(debug) n.xbgr.xr23_u16.nr1: WARNING: V(i2,c) voltage is greater than specified by vmax
OSDI(debug) n.xbgr.xr23_u15.nr1: WARNING: V(i1,c) voltage is greater than specified by vmax
OSDI(debug) n.xbgr.xr23_u15.nr1: WARNING: V(i2,c) voltage is greater than specified by vmax
OSDI(debug) n.xbgr.xr23_u14.nr1: WARNING: V(i1,c) voltage is greater than specified by vmax
OSDI(debug) n.xbgr.xr23_u14.nr1: WARNING: V(i2,c) voltage is greater than specified by vmax
OSDI(debug) n.xbgr.xr23_u13.nr1: WARNING: V(i1,c) voltage is greater than specified by vmax
OSDI(debug) n.xbgr.xr23_u13.nr1: WARNING: V(i2,c) voltage is greater than specified by vmax
OSDI(debug) n.xbgr.xr23_u12.nr1: WARNING: V(i1,c) voltage is greater than specified by vmax
OSDI(debug) n.xbgr.xr23_u12.nr1: WARNING: V(i2,c) voltage is greater than specified by vmax
OSDI(debug) n.xbgr.xr23_u11.nr1: WARNING: V(i1,c) voltage is greater than specified by vmax
OSDI(debug) n.xbgr.xr23_u11.nr1: WARNING: V(i2,c) voltage is greater than specified by vmax
OSDI(debug) n.xbgr.xr23_u10.nr1: WARNING: V(i1,c) voltage is greater than specified by vmax
OSDI(debug) n.xbgr.xr23_u10.nr1: WARNING: V(i2,c) voltage is greater than specified by vmax
OSDI(debug) n.xbgr.xr23_u9.nr1: WARNING: V(i1,c) voltage is greater than specified by vmax
OSDI(debug) n.xbgr.xr23_u9.nr1: WARNING: V(i2,c) voltage is greater than specified by vmax
OSDI(debug) n.xbgr.xr23_u8.nr1: WARNING: V(i1,c) voltage is greater than specified by vmax
OSDI(debug) n.xbgr.xr23_u8.nr1: WARNING: V(i2,c) voltage is greater than specified by vmax
OSDI(debug) n.xbgr.xr23_u7.nr1: WARNING: V(i1,c) voltage is greater than specified by vmax
OSDI(debug) n.xbgr.xr23_u7.nr1: WARNING: V(i2,c) voltage is greater than specified by vmax
OSDI(debug) n.xbgr.xr23_u6.nr1: WARNING: V(i1,c) voltage is greater than specified by vmax
OSDI(debug) n.xbgr.xr23_u6.nr1: WARNING: V(i2,c) voltage is greater than specified by vmax
OSDI(debug) n.xbgr.xr23_u5.nr1: WARNING: V(i1,c) voltage is greater than specified by vmax
OSDI(debug) n.xbgr.xr23_u5.nr1: WARNING: V(i2,c) voltage is greater than specified by vmax
OSDI(debug) n.xbgr.xr23_u4.nr1: WARNING: V(i1,c) voltage is greater than specified by vmax
OSDI(debug) n.xbgr.xr23_u4.nr1: WARNING: V(i2,c) voltage is greater than specified by vmax
OSDI(debug) n.xbgr.xr23_u3.nr1: WARNING: V(i1,c) voltage is greater than specified by vmax
OSDI(debug) n.xbgr.xr23_u3.nr1: WARNING: V(i2,c) voltage is greater than specified by vmax
OSDI(debug) n.xbgr.xr23_u2.nr1: WARNING: V(i1,c) voltage is greater than specified by vmax
OSDI(debug) n.xbgr.xr23_u2.nr1: WARNING: V(i2,c) voltage is greater than specified by vmax
OSDI(debug) n.xbgr.xr22_u4.nr1: WARNING: V(i1,c) voltage is greater than specified by vmax
OSDI(debug) n.xbgr.xr22_u3.nr1: WARNING: V(i1,c) voltage is greater than specified by vmax
OSDI(debug) n.xbgr.xr22_u2.nr1: WARNING: V(i1,c) voltage is greater than specified by vmax
OSDI(debug) n.xbgr.xr21_u4.nr1: WARNING: V(i1,c) voltage is greater than specified by vmax
OSDI(debug) n.xbgr.xr21_u4.nr1: WARNING: V(i2,c) voltage is greater than specified by vmax
OSDI(debug) n.xbgr.xr21_u3.nr1: WARNING: V(i1,c) voltage is greater than specified by vmax
OSDI(debug) n.xbgr.xr21_u3.nr1: WARNING: V(i2,c) voltage is greater than specified by vmax
OSDI(debug) n.xbgr.xr21_u2.nr1: WARNING: V(i1,c) voltage is greater than specified by vmax
OSDI(debug) n.xbgr.xr21_u2.nr1: WARNING: V(i2,c) voltage is greater than specified by vmax
OSDI(debug) n.xbgr.xr20_u4.nr1: WARNING: V(i1,c) voltage is greater than specified by vmax
OSDI(debug) n.xbgr.xr20_u4.nr1: WARNING: V(i2,c) voltage is greater than specified by vmax
OSDI(debug) n.xbgr.xr20_u3.nr1: WARNING: V(i1,c) voltage is greater than specified by vmax
OSDI(debug) n.xbgr.xr20_u3.nr1: WARNING: V(i2,c) voltage is greater than specified by vmax
OSDI(debug) n.xbgr.xr20_u2.nr1: WARNING: V(i1,c) voltage is greater than specified by vmax
OSDI(debug) n.xbgr.xr20_u2.nr1: WARNING: V(i2,c) voltage is greater than specified by vmax
OSDI(debug) n.xbgr.xr19_u4.nr1: WARNING: V(i1,c) voltage is greater than specified by vmax
OSDI(debug) n.xbgr.xr19_u4.nr1: WARNING: V(i2,c) voltage is greater than specified by vmax
OSDI(debug) n.xbgr.xr19_u3.nr1: WARNING: V(i1,c) voltage is greater than specified by vmax
OSDI(debug) n.xbgr.xr19_u3.nr1: WARNING: V(i2,c) voltage is greater than specified by vmax
OSDI(debug) n.xbgr.xr19_u2.nr1: WARNING: V(i1,c) voltage is greater than specified by vmax
OSDI(debug) n.xbgr.xr19_u2.nr1: WARNING: V(i2,c) voltage is greater than specified by vmax
OSDI(debug) n.xbgr.xr18_u4.nr1: WARNING: V(i1,c) voltage is greater than specified by vmax
OSDI(debug) n.xbgr.xr18_u4.nr1: WARNING: V(i2,c) voltage is greater than specified by vmax
OSDI(debug) n.xbgr.xr18_u3.nr1: WARNING: V(i1,c) voltage is greater than specified by vmax
OSDI(debug) n.xbgr.xr18_u3.nr1: WARNING: V(i2,c) voltage is greater than specified by vmax
OSDI(debug) n.xbgr.xr18_u2.nr1: WARNING: V(i1,c) voltage is greater than specified by vmax
OSDI(debug) n.xbgr.xr18_u2.nr1: WARNING: V(i2,c) voltage is greater than specified by vmax
OSDI(debug) n.xbgr.xr17_u4.nr1: WARNING: V(i1,c) voltage is greater than specified by vmax
OSDI(debug) n.xbgr.xr17_u4.nr1: WARNING: V(i2,c) voltage is greater than specified by vmax
OSDI(debug) n.xbgr.xr17_u3.nr1: WARNING: V(i1,c) voltage is greater than specified by vmax
OSDI(debug) n.xbgr.xr17_u3.nr1: WARNING: V(i2,c) voltage is greater than specified by vmax
OSDI(debug) n.xbgr.xr17_u2.nr1: WARNING: V(i1,c) voltage is greater than specified by vmax
OSDI(debug) n.xbgr.xr17_u2.nr1: WARNING: V(i2,c) voltage is greater than specified by vmax
OSDI(debug) n.xbgr.xr16_u24.nr1: WARNING: V(i2,c) voltage is greater than specified by vmax
OSDI(debug) n.xbgr.xr16_u23.nr1: WARNING: V(i2,c) voltage is greater than specified by vmax
OSDI(debug) n.xbgr.xr16_u22.nr1: WARNING: V(i2,c) voltage is greater than specified by vmax
OSDI(debug) n.xbgr.xr16_u21.nr1: WARNING: V(i2,c) voltage is greater than specified by vmax
OSDI(debug) n.xbgr.xr16_u20.nr1: WARNING: V(i2,c) voltage is greater than specified by vmax
OSDI(debug) n.xbgr.xr16_u19.nr1: WARNING: V(i2,c) voltage is greater than specified by vmax
OSDI(debug) n.xbgr.xr16_u18.nr1: WARNING: V(i2,c) voltage is greater than specified by vmax
OSDI(debug) n.xbgr.xr16_u17.nr1: WARNING: V(i2,c) voltage is greater than specified by vmax
OSDI(debug) n.xbgr.xr16_u16.nr1: WARNING: V(i2,c) voltage is greater than specified by vmax
OSDI(debug) n.xbgr.xr16_u15.nr1: WARNING: V(i2,c) voltage is greater than specified by vmax
OSDI(debug) n.xbgr.xr16_u14.nr1: WARNING: V(i2,c) voltage is greater than specified by vmax
OSDI(debug) n.xbgr.xr16_u13.nr1: WARNING: V(i2,c) voltage is greater than specified by vmax
OSDI(debug) n.xbgr.xr16_u12.nr1: WARNING: V(i2,c) voltage is greater than specified by vmax
OSDI(debug) n.xbgr.xr16_u11.nr1: WARNING: V(i2,c) voltage is greater than specified by vmax
OSDI(debug) n.xbgr.xr16_u10.nr1: WARNING: V(i2,c) voltage is greater than specified by vmax
OSDI(debug) n.xbgr.xr16_u9.nr1: WARNING: V(i2,c) voltage is greater than specified by vmax
OSDI(debug) n.xbgr.xr16_u8.nr1: WARNING: V(i2,c) voltage is greater than specified by vmax
OSDI(debug) n.xbgr.xr16_u7.nr1: WARNING: V(i2,c) voltage is greater than specified by vmax
OSDI(debug) n.xbgr.xr16_u6.nr1: WARNING: V(i2,c) voltage is greater than specified by vmax
OSDI(debug) n.xbgr.xr16_u5.nr1: WARNING: V(i2,c) voltage is greater than specified by vmax
OSDI(debug) n.xbgr.xr16_u4.nr1: WARNING: V(i2,c) voltage is greater than specified by vmax
OSDI(debug) n.xbgr.xr16_u3.nr1: WARNING: V(i2,c) voltage is greater than specified by vmax
OSDI(debug) n.xbgr.xr16_u2.nr1: WARNING: V(i2,c) voltage is greater than specified by vmax
OSDI(debug) n.xbgr.xr86.nr1: WARNING: V(i1,c) voltage is greater than specified by vmax
OSDI(debug) n.xbgr.xr86.nr1: WARNING: V(i2,c) voltage is greater than specified by vmax
OSDI(debug) n.xbgr.xr85.nr1: WARNING: V(i1,c) voltage is greater than specified by vmax
OSDI(debug) n.xbgr.xr85.nr1: WARNING: V(i2,c) voltage is greater than specified by vmax
OSDI(debug) n.xbgr.xr84.nr1: WARNING: V(i1,c) voltage is greater than specified by vmax
OSDI(debug) n.xbgr.xr84.nr1: WARNING: V(i2,c) voltage is greater than specified by vmax
OSDI(debug) n.xbgr.xr83.nr1: WARNING: V(i1,c) voltage is greater than specified by vmax
OSDI(debug) n.xbgr.xr83.nr1: WARNING: V(i2,c) voltage is greater than specified by vmax
OSDI(debug) n.xbgr.xr82.nr1: WARNING: V(i1,c) voltage is greater than specified by vmax
OSDI(debug) n.xbgr.xr82.nr1: WARNING: V(i2,c) voltage is greater than specified by vmax
OSDI(debug) n.xbgr.xr81.nr1: WARNING: V(i1,c) voltage is greater than specified by vmax
OSDI(debug) n.xbgr.xr81.nr1: WARNING: V(i2,c) voltage is greater than specified by vmax
OSDI(debug) n.xbgr.xr80.nr1: WARNING: V(i1,c) voltage is greater than specified by vmax
OSDI(debug) n.xbgr.xr80.nr1: WARNING: V(i2,c) voltage is greater than specified by vmax
OSDI(debug) n.xbgr.xr79.nr1: WARNING: V(i1,c) voltage is greater than specified by vmax
OSDI(debug) n.xbgr.xr79.nr1: WARNING: V(i2,c) voltage is greater than specified by vmax
OSDI(debug) n.xbgr.xr78.nr1: WARNING: V(i1,c) voltage is greater than specified by vmax
OSDI(debug) n.xbgr.xr78.nr1: WARNING: V(i2,c) voltage is greater than specified by vmax
OSDI(debug) n.xbgr.xr77.nr1: WARNING: V(i1,c) voltage is greater than specified by vmax
OSDI(debug) n.xbgr.xr77.nr1: WARNING: V(i2,c) voltage is greater than specified by vmax
OSDI(debug) n.xbgr.xr26.nr1: WARNING: V(i1,c) voltage is greater than specified by vmax
OSDI(debug) n.xbgr.xr26.nr1: WARNING: V(i2,c) voltage is greater than specified by vmax
OSDI(debug) n.xbgr.xr25.nr1: WARNING: V(i1,c) voltage is greater than specified by vmax
OSDI(debug) n.xbgr.xr25.nr1: WARNING: V(i2,c) voltage is greater than specified by vmax
OSDI(debug) n.xbgr.xr24.nr1: WARNING: V(i1,c) voltage is greater than specified by vmax
OSDI(debug) n.xbgr.xr24.nr1: WARNING: V(i2,c) voltage is greater than specified by vmax
OSDI(debug) n.xbgr.xr23.nr1: WARNING: V(i1,c) voltage is greater than specified by vmax
OSDI(debug) n.xbgr.xr23.nr1: WARNING: V(i2,c) voltage is greater than specified by vmax
OSDI(debug) n.xbgr.xr22.nr1: WARNING: V(i1,c) voltage is greater than specified by vmax
OSDI(debug) n.xbgr.xr21.nr1: WARNING: V(i1,c) voltage is greater than specified by vmax
OSDI(debug) n.xbgr.xr21.nr1: WARNING: V(i2,c) voltage is greater than specified by vmax
OSDI(debug) n.xbgr.xr20.nr1: WARNING: V(i1,c) voltage is greater than specified by vmax
OSDI(debug) n.xbgr.xr20.nr1: WARNING: V(i2,c) voltage is greater than specified by vmax
OSDI(debug) n.xbgr.xr19.nr1: WARNING: V(i1,c) voltage is greater than specified by vmax
OSDI(debug) n.xbgr.xr19.nr1: WARNING: V(i2,c) voltage is greater than specified by vmax
OSDI(debug) n.xbgr.xr18.nr1: WARNING: V(i1,c) voltage is greater than specified by vmax
OSDI(debug) n.xbgr.xr18.nr1: WARNING: V(i2,c) voltage is greater than specified by vmax
OSDI(debug) n.xbgr.xr17.nr1: WARNING: V(i1,c) voltage is greater than specified by vmax
OSDI(debug) n.xbgr.xr17.nr1: WARNING: V(i2,c) voltage is greater than specified by vmax
OSDI(debug) n.xbgr.xr16.nr1: WARNING: V(i2,c) voltage is greater than specified by vmax
OSDI(debug) n.xbgr.xr11.nr1: WARNING: V(i1,c) voltage is greater than specified by vmax
OSDI(debug) n.xbgr.xr11.nr1: WARNING: V(i2,c) voltage is greater than specified by vmax
OSDI(debug) n.xbgr.xr10.nr1: WARNING: V(i1,c) voltage is greater than specified by vmax
OSDI(debug) n.xbgr.xr10.nr1: WARNING: V(i2,c) voltage is greater than specified by vmax
OSDI(debug) n.xbgr.xr9.nr1: WARNING: V(i1,c) voltage is greater than specified by vmax
OSDI(debug) n.xbgr.xr8.nr1: WARNING: V(i1,c) voltage is greater than specified by vmax
OSDI(debug) n.xbgr.xr8.nr1: WARNING: V(i2,c) voltage is greater than specified by vmax
OSDI(debug) n.xbgr.xr7.nr1: WARNING: V(i1,c) voltage is greater than specified by vmax
OSDI(debug) n.xbgr.xr7.nr1: WARNING: V(i2,c) voltage is greater than specified by vmax
OSDI(debug) n.xbgr.xr6.nr1: WARNING: V(i1,c) voltage is greater than specified by vmax
OSDI(debug) n.xbgr.xr6.nr1: WARNING: V(i2,c) voltage is greater than specified by vmax
OSDI(debug) n.xbgr.xr5.nr1: WARNING: V(i1,c) voltage is greater than specified by vmax
OSDI(debug) n.xbgr.xr5.nr1: WARNING: V(i2,c) voltage is greater than specified by vmax
OSDI(debug) n.xbgr.xr4.nr1: WARNING: V(i1,c) voltage is greater than specified by vmax
OSDI(debug) n.xbgr.xr4.nr1: WARNING: V(i2,c) voltage is greater than specified by vmax
OSDI(debug) n.xbgr.xr3.nr1: WARNING: V(i1,c) voltage is greater than specified by vmax
OSDI(debug) n.xbgr.xr3.nr1: WARNING: V(i2,c) voltage is greater than specified by vmax
OSDI(debug) n.xbgr.xr2.nr1: WARNING: V(i1,c) voltage is greater than specified by vmax
OSDI(debug) n.xbgr.xr2.nr1: WARNING: V(i2,c) voltage is greater than specified by vmax
OSDI(debug) n.xt2f.xr12.nr1: WARNING: V(i1,c) voltage is greater than specified by vmax
OSDI(debug) n.xt2f.xr12.nr1: WARNING: V(i2,c) voltage is greater than specified by vmax
OSDI(debug) n.xt2f.xr11.nr1: WARNING: V(i1,c) voltage is greater than specified by vmax
OSDI(debug) n.xt2f.xr11.nr1: WARNING: V(i2,c) voltage is greater than specified by vmax
OSDI(debug) n.xt2f.xr10.nr1: WARNING: V(i1,c) voltage is greater than specified by vmax
OSDI(debug) n.xt2f.xr10.nr1: WARNING: V(i2,c) voltage is greater than specified by vmax
OSDI(debug) n.xt2f.xr9.nr1: WARNING: V(i1,c) voltage is greater than specified by vmax
OSDI(debug) n.xt2f.xr9.nr1: WARNING: V(i2,c) voltage is greater than specified by vmax
OSDI(debug) n.xt2f.xr8.nr1: WARNING: V(i1,c) voltage is greater than specified by vmax
OSDI(debug) n.xt2f.xr8.nr1: WARNING: V(i2,c) voltage is greater than specified by vmax
OSDI(debug) n.xt2f.xr7.nr1: WARNING: V(i1,c) voltage is greater than specified by vmax
OSDI(debug) n.xt2f.xr7.nr1: WARNING: V(i2,c) voltage is greater than specified by vmax
OSDI(debug) n.xt2f.xr6.nr1: WARNING: V(i1,c) voltage is greater than specified by vmax
OSDI(debug) n.xt2f.xr6.nr1: WARNING: V(i2,c) voltage is greater than specified by vmax
OSDI(debug) n.xt2f.xr5.nr1: WARNING: V(i1,c) voltage is greater than specified by vmax
OSDI(debug) n.xt2f.xr5.nr1: WARNING: V(i2,c) voltage is greater than specified by vmax
OSDI(debug) n.xt2f.xr4.nr1: WARNING: V(i2,c) voltage is greater than specified by vmax
OSDI(debug) n.xt2f.xr3.nr1: WARNING: V(i1,c) voltage is greater than specified by vmax
OSDI(debug) n.xt2f.xr3.nr1: WARNING: V(i2,c) voltage is greater than specified by vmax
OSDI(debug) n.xbgr.xr86_u24.nr1: WARNING: V(i1,c) voltage is greater than specified by vmax
OSDI(debug) n.xbgr.xr86_u24.nr1: WARNING: V(i2,c) voltage is greater than specified by vmax
OSDI(debug) n.xbgr.xr86_u23.nr1: WARNING: V(i1,c) voltage is greater than specified by vmax
OSDI(debug) n.xbgr.xr86_u23.nr1: WARNING: V(i2,c) voltage is greater than specified by vmax
OSDI(debug) n.xbgr.xr86_u22.nr1: WARNING: V(i1,c) voltage is greater than specified by vmax
OSDI(debug) n.xbgr.xr86_u22.nr1: WARNING: V(i2,c) voltage is greater than specified by vmax
OSDI(debug) n.xbgr.xr86_u21.nr1: WARNING: V(i1,c) voltage is greater than specified by vmax
OSDI(debug) n.xbgr.xr86_u21.nr1: WARNING: V(i2,c) voltage is greater than specified by vmax
OSDI(debug) n.xbgr.xr86_u20.nr1: WARNING: V(i1,c) voltage is greater than specified by vmax
OSDI(debug) n.xbgr.xr86_u20.nr1: WARNING: V(i2,c) voltage is greater than specified by vmax
OSDI(debug) n.xbgr.xr86_u19.nr1: WARNING: V(i1,c) voltage is greater than specified by vmax
OSDI(debug) n.xbgr.xr86_u19.nr1: WARNING: V(i2,c) voltage is greater than specified by vmax
OSDI(debug) n.xbgr.xr86_u18.nr1: WARNING: V(i1,c) voltage is greater than specified by vmax
OSDI(debug) n.xbgr.xr86_u18.nr1: WARNING: V(i2,c) voltage is greater than specified by vmax
OSDI(debug) n.xbgr.xr86_u17.nr1: WARNING: V(i1,c) voltage is greater than specified by vmax
OSDI(debug) n.xbgr.xr86_u17.nr1: WARNING: V(i2,c) voltage is greater than specified by vmax
OSDI(debug) n.xbgr.xr86_u16.nr1: WARNING: V(i1,c) voltage is greater than specified by vmax
OSDI(debug) n.xbgr.xr86_u16.nr1: WARNING: V(i2,c) voltage is greater than specified by vmax
OSDI(debug) n.xbgr.xr86_u15.nr1: WARNING: V(i1,c) voltage is greater than specified by vmax
OSDI(debug) n.xbgr.xr86_u15.nr1: WARNING: V(i2,c) voltage is greater than specified by vmax
OSDI(debug) n.xbgr.xr86_u14.nr1: WARNING: V(i1,c) voltage is greater than specified by vmax
OSDI(debug) n.xbgr.xr86_u14.nr1: WARNING: V(i2,c) voltage is greater than specified by vmax
OSDI(debug) n.xbgr.xr86_u13.nr1: WARNING: V(i1,c) voltage is greater than specified by vmax
OSDI(debug) n.xbgr.xr86_u13.nr1: WARNING: V(i2,c) voltage is greater than specified by vmax
OSDI(debug) n.xbgr.xr86_u12.nr1: WARNING: V(i1,c) voltage is greater than specified by vmax
OSDI(debug) n.xbgr.xr86_u12.nr1: WARNING: V(i2,c) voltage is greater than specified by vmax
OSDI(debug) n.xbgr.xr86_u11.nr1: WARNING: V(i1,c) voltage is greater than specified by vmax
OSDI(debug) n.xbgr.xr86_u11.nr1: WARNING: V(i2,c) voltage is greater than specified by vmax
OSDI(debug) n.xbgr.xr86_u10.nr1: WARNING: V(i1,c) voltage is greater than specified by vmax
OSDI(debug) n.xbgr.xr86_u10.nr1: WARNING: V(i2,c) voltage is greater than specified by vmax
OSDI(debug) n.xbgr.xr86_u9.nr1: WARNING: V(i1,c) voltage is greater than specified by vmax
OSDI(debug) n.xbgr.xr86_u9.nr1: WARNING: V(i2,c) voltage is greater than specified by vmax
OSDI(debug) n.xbgr.xr86_u8.nr1: WARNING: V(i1,c) voltage is greater than specified by vmax
OSDI(debug) n.xbgr.xr86_u8.nr1: WARNING: V(i2,c) voltage is greater than specified by vmax
OSDI(debug) n.xbgr.xr86_u7.nr1: WARNING: V(i1,c) voltage is greater than specified by vmax
OSDI(debug) n.xbgr.xr86_u7.nr1: WARNING: V(i2,c) voltage is greater than specified by vmax
OSDI(debug) n.xbgr.xr86_u6.nr1: WARNING: V(i1,c) voltage is greater than specified by vmax
OSDI(debug) n.xbgr.xr86_u6.nr1: WARNING: V(i2,c) voltage is greater than specified by vmax
OSDI(debug) n.xbgr.xr86_u5.nr1: WARNING: V(i1,c) voltage is greater than specified by vmax
OSDI(debug) n.xbgr.xr86_u5.nr1: WARNING: V(i2,c) voltage is greater than specified by vmax
OSDI(debug) n.xbgr.xr86_u4.nr1: WARNING: V(i1,c) voltage is greater than specified by vmax
OSDI(debug) n.xbgr.xr86_u4.nr1: WARNING: V(i2,c) voltage is greater than specified by vmax
OSDI(debug) n.xbgr.xr86_u3.nr1: WARNING: V(i1,c) voltage is greater than specified by vmax
OSDI(debug) n.xbgr.xr86_u3.nr1: WARNING: V(i2,c) voltage is greater than specified by vmax
OSDI(debug) n.xbgr.xr86_u2.nr1: WARNING: V(i1,c) voltage is greater than specified by vmax
OSDI(debug) n.xbgr.xr86_u2.nr1: WARNING: V(i2,c) voltage is greater than specified by vmax
OSDI(debug) n.xbgr.xr85_u24.nr1: WARNING: V(i1,c) voltage is greater than specified by vmax
OSDI(debug) n.xbgr.xr85_u24.nr1: WARNING: V(i2,c) voltage is greater than specified by vmax
OSDI(debug) n.xbgr.xr85_u23.nr1: WARNING: V(i1,c) voltage is greater than specified by vmax
OSDI(debug) n.xbgr.xr85_u23.nr1: WARNING: V(i2,c) voltage is greater than specified by vmax
OSDI(debug) n.xbgr.xr85_u22.nr1: WARNING: V(i1,c) voltage is greater than specified by vmax
OSDI(debug) n.xbgr.xr85_u22.nr1: WARNING: V(i2,c) voltage is greater than specified by vmax
OSDI(debug) n.xbgr.xr85_u21.nr1: WARNING: V(i1,c) voltage is greater than specified by vmax
OSDI(debug) n.xbgr.xr85_u21.nr1: WARNING: V(i2,c) voltage is greater than specified by vmax
OSDI(debug) n.xbgr.xr85_u20.nr1: WARNING: V(i1,c) voltage is greater than specified by vmax
OSDI(debug) n.xbgr.xr85_u20.nr1: WARNING: V(i2,c) voltage is greater than specified by vmax
OSDI(debug) n.xbgr.xr85_u19.nr1: WARNING: V(i1,c) voltage is greater than specified by vmax
OSDI(debug) n.xbgr.xr85_u19.nr1: WARNING: V(i2,c) voltage is greater than specified by vmax
OSDI(debug) n.xbgr.xr85_u18.nr1: WARNING: V(i1,c) voltage is greater than specified by vmax
OSDI(debug) n.xbgr.xr85_u18.nr1: WARNING: V(i2,c) voltage is greater than specified by vmax
OSDI(debug) n.xbgr.xr85_u17.nr1: WARNING: V(i1,c) voltage is greater than specified by vmax
OSDI(debug) n.xbgr.xr85_u17.nr1: WARNING: V(i2,c) voltage is greater than specified by vmax
OSDI(debug) n.xbgr.xr85_u16.nr1: WARNING: V(i1,c) voltage is greater than specified by vmax
OSDI(debug) n.xbgr.xr85_u16.nr1: WARNING: V(i2,c) voltage is greater than specified by vmax
OSDI(debug) n.xbgr.xr85_u15.nr1: WARNING: V(i1,c) voltage is greater than specified by vmax
OSDI(debug) n.xbgr.xr85_u15.nr1: WARNING: V(i2,c) voltage is greater than specified by vmax
OSDI(debug) n.xbgr.xr85_u14.nr1: WARNING: V(i1,c) voltage is greater than specified by vmax
OSDI(debug) n.xbgr.xr85_u14.nr1: WARNING: V(i2,c) voltage is greater than specified by vmax
OSDI(debug) n.xbgr.xr85_u13.nr1: WARNING: V(i1,c) voltage is greater than specified by vmax
OSDI(debug) n.xbgr.xr85_u13.nr1: WARNING: V(i2,c) voltage is greater than specified by vmax
OSDI(debug) n.xbgr.xr85_u12.nr1: WARNING: V(i1,c) voltage is greater than specified by vmax
OSDI(debug) n.xbgr.xr85_u12.nr1: WARNING: V(i2,c) voltage is greater than specified by vmax
OSDI(debug) n.xbgr.xr85_u11.nr1: WARNING: V(i1,c) voltage is greater than specified by vmax
OSDI(debug) n.xbgr.xr85_u11.nr1: WARNING: V(i2,c) voltage is greater than specified by vmax
OSDI(debug) n.xbgr.xr85_u10.nr1: WARNING: V(i1,c) voltage is greater than specified by vmax
OSDI(debug) n.xbgr.xr85_u10.nr1: WARNING: V(i2,c) voltage is greater than specified by vmax
OSDI(debug) n.xbgr.xr85_u9.nr1: WARNING: V(i1,c) voltage is greater than specified by vmax
OSDI(debug) n.xbgr.xr85_u9.nr1: WARNING: V(i2,c) voltage is greater than specified by vmax
OSDI(debug) n.xbgr.xr85_u8.nr1: WARNING: V(i1,c) voltage is greater than specified by vmax
OSDI(debug) n.xbgr.xr85_u8.nr1: WARNING: V(i2,c) voltage is greater than specified by vmax
OSDI(debug) n.xbgr.xr85_u7.nr1: WARNING: V(i1,c) voltage is greater than specified by vmax
OSDI(debug) n.xbgr.xr85_u7.nr1: WARNING: V(i2,c) voltage is greater than specified by vmax
OSDI(debug) n.xbgr.xr85_u6.nr1: WARNING: V(i1,c) voltage is greater than specified by vmax
OSDI(debug) n.xbgr.xr85_u6.nr1: WARNING: V(i2,c) voltage is greater than specified by vmax
OSDI(debug) n.xbgr.xr85_u5.nr1: WARNING: V(i1,c) voltage is greater than specified by vmax
OSDI(debug) n.xbgr.xr85_u5.nr1: WARNING: V(i2,c) voltage is greater than specified by vmax
OSDI(debug) n.xbgr.xr85_u4.nr1: WARNING: V(i1,c) voltage is greater than specified by vmax
OSDI(debug) n.xbgr.xr85_u4.nr1: WARNING: V(i2,c) voltage is greater than specified by vmax
OSDI(debug) n.xbgr.xr85_u3.nr1: WARNING: V(i1,c) voltage is greater than specified by vmax
OSDI(debug) n.xbgr.xr85_u3.nr1: WARNING: V(i2,c) voltage is greater than specified by vmax
OSDI(debug) n.xbgr.xr85_u2.nr1: WARNING: V(i1,c) voltage is greater than specified by vmax
OSDI(debug) n.xbgr.xr85_u2.nr1: WARNING: V(i2,c) voltage is greater than specified by vmax
OSDI(debug) n.xbgr.xr84_u24.nr1: WARNING: V(i1,c) voltage is greater than specified by vmax
OSDI(debug) n.xbgr.xr84_u24.nr1: WARNING: V(i2,c) voltage is greater than specified by vmax
OSDI(debug) n.xbgr.xr84_u23.nr1: WARNING: V(i1,c) voltage is greater than specified by vmax
OSDI(debug) n.xbgr.xr84_u23.nr1: WARNING: V(i2,c) voltage is greater than specified by vmax
OSDI(debug) n.xbgr.xr84_u22.nr1: WARNING: V(i1,c) voltage is greater than specified by vmax
OSDI(debug) n.xbgr.xr84_u22.nr1: WARNING: V(i2,c) voltage is greater than specified by vmax
OSDI(debug) n.xbgr.xr84_u21.nr1: WARNING: V(i1,c) voltage is greater than specified by vmax
OSDI(debug) n.xbgr.xr84_u21.nr1: WARNING: V(i2,c) voltage is greater than specified by vmax
OSDI(debug) n.xbgr.xr84_u20.nr1: WARNING: V(i1,c) voltage is greater than specified by vmax
OSDI(debug) n.xbgr.xr84_u20.nr1: WARNING: V(i2,c) voltage is greater than specified by vmax
OSDI(debug) n.xbgr.xr84_u19.nr1: WARNING: V(i1,c) voltage is greater than specified by vmax
OSDI(debug) n.xbgr.xr84_u19.nr1: WARNING: V(i2,c) voltage is greater than specified by vmax
OSDI(debug) n.xbgr.xr84_u18.nr1: WARNING: V(i1,c) voltage is greater than specified by vmax
OSDI(debug) n.xbgr.xr84_u18.nr1: WARNING: V(i2,c) voltage is greater than specified by vmax
OSDI(debug) n.xbgr.xr84_u17.nr1: WARNING: V(i1,c) voltage is greater than specified by vmax
OSDI(debug) n.xbgr.xr84_u17.nr1: WARNING: V(i2,c) voltage is greater than specified by vmax
OSDI(debug) n.xbgr.xr84_u16.nr1: WARNING: V(i1,c) voltage is greater than specified by vmax
OSDI(debug) n.xbgr.xr84_u16.nr1: WARNING: V(i2,c) voltage is greater than specified by vmax
OSDI(debug) n.xbgr.xr84_u15.nr1: WARNING: V(i1,c) voltage is greater than specified by vmax
OSDI(debug) n.xbgr.xr84_u15.nr1: WARNING: V(i2,c) voltage is greater than specified by vmax
OSDI(debug) n.xbgr.xr84_u14.nr1: WARNING: V(i1,c) voltage is greater than specified by vmax
OSDI(debug) n.xbgr.xr84_u14.nr1: WARNING: V(i2,c) voltage is greater than specified by vmax
OSDI(debug) n.xbgr.xr84_u13.nr1: WARNING: V(i1,c) voltage is greater than specified by vmax
OSDI(debug) n.xbgr.xr84_u13.nr1: WARNING: V(i2,c) voltage is greater than specified by vmax
OSDI(debug) n.xbgr.xr84_u12.nr1: WARNING: V(i1,c) voltage is greater than specified by vmax
OSDI(debug) n.xbgr.xr84_u12.nr1: WARNING: V(i2,c) voltage is greater than specified by vmax
OSDI(debug) n.xbgr.xr84_u11.nr1: WARNING: V(i1,c) voltage is greater than specified by vmax
OSDI(debug) n.xbgr.xr84_u11.nr1: WARNING: V(i2,c) voltage is greater than specified by vmax
OSDI(debug) n.xbgr.xr84_u10.nr1: WARNING: V(i1,c) voltage is greater than specified by vmax
OSDI(debug) n.xbgr.xr84_u10.nr1: WARNING: V(i2,c) voltage is greater than specified by vmax
OSDI(debug) n.xbgr.xr84_u9.nr1: WARNING: V(i1,c) voltage is greater than specified by vmax
OSDI(debug) n.xbgr.xr84_u9.nr1: WARNING: V(i2,c) voltage is greater than specified by vmax
OSDI(debug) n.xbgr.xr84_u8.nr1: WARNING: V(i1,c) voltage is greater than specified by vmax
OSDI(debug) n.xbgr.xr84_u8.nr1: WARNING: V(i2,c) voltage is greater than specified by vmax
OSDI(debug) n.xbgr.xr84_u7.nr1: WARNING: V(i1,c) voltage is greater than specified by vmax
OSDI(debug) n.xbgr.xr84_u7.nr1: WARNING: V(i2,c) voltage is greater than specified by vmax
OSDI(debug) n.xbgr.xr84_u6.nr1: WARNING: V(i1,c) voltage is greater than specified by vmax
OSDI(debug) n.xbgr.xr84_u6.nr1: WARNING: V(i2,c) voltage is greater than specified by vmax
OSDI(debug) n.xbgr.xr84_u5.nr1: WARNING: V(i1,c) voltage is greater than specified by vmax
OSDI(debug) n.xbgr.xr84_u5.nr1: WARNING: V(i2,c) voltage is greater than specified by vmax
OSDI(debug) n.xbgr.xr84_u4.nr1: WARNING: V(i1,c) voltage is greater than specified by vmax
OSDI(debug) n.xbgr.xr84_u4.nr1: WARNING: V(i2,c) voltage is greater than specified by vmax
OSDI(debug) n.xbgr.xr84_u3.nr1: WARNING: V(i1,c) voltage is greater than specified by vmax
OSDI(debug) n.xbgr.xr84_u3.nr1: WARNING: V(i2,c) voltage is greater than specified by vmax
OSDI(debug) n.xbgr.xr84_u2.nr1: WARNING: V(i1,c) voltage is greater than specified by vmax
OSDI(debug) n.xbgr.xr84_u2.nr1: WARNING: V(i2,c) voltage is greater than specified by vmax
OSDI(debug) n.xbgr.xr83_u24.nr1: WARNING: V(i1,c) voltage is greater than specified by vmax
OSDI(debug) n.xbgr.xr83_u24.nr1: WARNING: V(i2,c) voltage is greater than specified by vmax
OSDI(debug) n.xbgr.xr83_u23.nr1: WARNING: V(i1,c) voltage is greater than specified by vmax
OSDI(debug) n.xbgr.xr83_u23.nr1: WARNING: V(i2,c) voltage is greater than specified by vmax
OSDI(debug) n.xbgr.xr83_u22.nr1: WARNING: V(i1,c) voltage is greater than specified by vmax
OSDI(debug) n.xbgr.xr83_u22.nr1: WARNING: V(i2,c) voltage is greater than specified by vmax
OSDI(debug) n.xbgr.xr83_u21.nr1: WARNING: V(i1,c) voltage is greater than specified by vmax
OSDI(debug) n.xbgr.xr83_u21.nr1: WARNING: V(i2,c) voltage is greater than specified by vmax
OSDI(debug) n.xbgr.xr83_u20.nr1: WARNING: V(i1,c) voltage is greater than specified by vmax
OSDI(debug) n.xbgr.xr83_u20.nr1: WARNING: V(i2,c) voltage is greater than specified by vmax
OSDI(debug) n.xbgr.xr83_u19.nr1: WARNING: V(i1,c) voltage is greater than specified by vmax
OSDI(debug) n.xbgr.xr83_u19.nr1: WARNING: V(i2,c) voltage is greater than specified by vmax
OSDI(debug) n.xbgr.xr83_u18.nr1: WARNING: V(i1,c) voltage is greater than specified by vmax
OSDI(debug) n.xbgr.xr83_u18.nr1: WARNING: V(i2,c) voltage is greater than specified by vmax
OSDI(debug) n.xbgr.xr83_u17.nr1: WARNING: V(i1,c) voltage is greater than specified by vmax
OSDI(debug) n.xbgr.xr83_u17.nr1: WARNING: V(i2,c) voltage is greater than specified by vmax
OSDI(debug) n.xbgr.xr83_u16.nr1: WARNING: V(i1,c) voltage is greater than specified by vmax
OSDI(debug) n.xbgr.xr83_u16.nr1: WARNING: V(i2,c) voltage is greater than specified by vmax
OSDI(debug) n.xbgr.xr83_u15.nr1: WARNING: V(i1,c) voltage is greater than specified by vmax
OSDI(debug) n.xbgr.xr83_u15.nr1: WARNING: V(i2,c) voltage is greater than specified by vmax
OSDI(debug) n.xbgr.xr83_u14.nr1: WARNING: V(i1,c) voltage is greater than specified by vmax
OSDI(debug) n.xbgr.xr83_u14.nr1: WARNING: V(i2,c) voltage is greater than specified by vmax
OSDI(debug) n.xbgr.xr83_u13.nr1: WARNING: V(i1,c) voltage is greater than specified by vmax
OSDI(debug) n.xbgr.xr83_u13.nr1: WARNING: V(i2,c) voltage is greater than specified by vmax
OSDI(debug) n.xbgr.xr83_u12.nr1: WARNING: V(i1,c) voltage is greater than specified by vmax
OSDI(debug) n.xbgr.xr83_u12.nr1: WARNING: V(i2,c) voltage is greater than specified by vmax
OSDI(debug) n.xbgr.xr83_u11.nr1: WARNING: V(i1,c) voltage is greater than specified by vmax
OSDI(debug) n.xbgr.xr83_u11.nr1: WARNING: V(i2,c) voltage is greater than specified by vmax
OSDI(debug) n.xbgr.xr83_u10.nr1: WARNING: V(i1,c) voltage is greater than specified by vmax
OSDI(debug) n.xbgr.xr83_u10.nr1: WARNING: V(i2,c) voltage is greater than specified by vmax
OSDI(debug) n.xbgr.xr83_u9.nr1: WARNING: V(i1,c) voltage is greater than specified by vmax
OSDI(debug) n.xbgr.xr83_u9.nr1: WARNING: V(i2,c) voltage is greater than specified by vmax
OSDI(debug) n.xbgr.xr83_u8.nr1: WARNING: V(i1,c) voltage is greater than specified by vmax
OSDI(debug) n.xbgr.xr83_u8.nr1: WARNING: V(i2,c) voltage is greater than specified by vmax
OSDI(debug) n.xbgr.xr83_u7.nr1: WARNING: V(i1,c) voltage is greater than specified by vmax
OSDI(debug) n.xbgr.xr83_u7.nr1: WARNING: V(i2,c) voltage is greater than specified by vmax
OSDI(debug) n.xbgr.xr83_u6.nr1: WARNING: V(i1,c) voltage is greater than specified by vmax
OSDI(debug) n.xbgr.xr83_u6.nr1: WARNING: V(i2,c) voltage is greater than specified by vmax
OSDI(debug) n.xbgr.xr83_u5.nr1: WARNING: V(i1,c) voltage is greater than specified by vmax
OSDI(debug) n.xbgr.xr83_u5.nr1: WARNING: V(i2,c) voltage is greater than specified by vmax
OSDI(debug) n.xbgr.xr83_u4.nr1: WARNING: V(i1,c) voltage is greater than specified by vmax
OSDI(debug) n.xbgr.xr83_u4.nr1: WARNING: V(i2,c) voltage is greater than specified by vmax
OSDI(debug) n.xbgr.xr83_u3.nr1: WARNING: V(i1,c) voltage is greater than specified by vmax
OSDI(debug) n.xbgr.xr83_u3.nr1: WARNING: V(i2,c) voltage is greater than specified by vmax
OSDI(debug) n.xbgr.xr83_u2.nr1: WARNING: V(i1,c) voltage is greater than specified by vmax
OSDI(debug) n.xbgr.xr83_u2.nr1: WARNING: V(i2,c) voltage is greater than specified by vmax
OSDI(debug) n.xbgr.xr82_u24.nr1: WARNING: V(i1,c) voltage is greater than specified by vmax
OSDI(debug) n.xbgr.xr82_u24.nr1: WARNING: V(i2,c) voltage is greater than specified by vmax
OSDI(debug) n.xbgr.xr82_u23.nr1: WARNING: V(i1,c) voltage is greater than specified by vmax
OSDI(debug) n.xbgr.xr82_u23.nr1: WARNING: V(i2,c) voltage is greater than specified by vmax
OSDI(debug) n.xbgr.xr82_u22.nr1: WARNING: V(i1,c) voltage is greater than specified by vmax
OSDI(debug) n.xbgr.xr82_u22.nr1: WARNING: V(i2,c) voltage is greater than specified by vmax
OSDI(debug) n.xbgr.xr82_u21.nr1: WARNING: V(i1,c) voltage is greater than specified by vmax
OSDI(debug) n.xbgr.xr82_u21.nr1: WARNING: V(i2,c) voltage is greater than specified by vmax
OSDI(debug) n.xbgr.xr82_u20.nr1: WARNING: V(i1,c) voltage is greater than specified by vmax
OSDI(debug) n.xbgr.xr82_u20.nr1: WARNING: V(i2,c) voltage is greater than specified by vmax
OSDI(debug) n.xbgr.xr82_u19.nr1: WARNING: V(i1,c) voltage is greater than specified by vmax
OSDI(debug) n.xbgr.xr82_u19.nr1: WARNING: V(i2,c) voltage is greater than specified by vmax
OSDI(debug) n.xbgr.xr82_u18.nr1: WARNING: V(i1,c) voltage is greater than specified by vmax
OSDI(debug) n.xbgr.xr82_u18.nr1: WARNING: V(i2,c) voltage is greater than specified by vmax
OSDI(debug) n.xbgr.xr82_u17.nr1: WARNING: V(i1,c) voltage is greater than specified by vmax
OSDI(debug) n.xbgr.xr82_u17.nr1: WARNING: V(i2,c) voltage is greater than specified by vmax
OSDI(debug) n.xbgr.xr82_u16.nr1: WARNING: V(i1,c) voltage is greater than specified by vmax
OSDI(debug) n.xbgr.xr82_u16.nr1: WARNING: V(i2,c) voltage is greater than specified by vmax
OSDI(debug) n.xbgr.xr82_u15.nr1: WARNING: V(i1,c) voltage is greater than specified by vmax
OSDI(debug) n.xbgr.xr82_u15.nr1: WARNING: V(i2,c) voltage is greater than specified by vmax
OSDI(debug) n.xbgr.xr82_u14.nr1: WARNING: V(i1,c) voltage is greater than specified by vmax
OSDI(debug) n.xbgr.xr82_u14.nr1: WARNING: V(i2,c) voltage is greater than specified by vmax
OSDI(debug) n.xbgr.xr82_u13.nr1: WARNING: V(i1,c) voltage is greater than specified by vmax
OSDI(debug) n.xbgr.xr82_u13.nr1: WARNING: V(i2,c) voltage is greater than specified by vmax
OSDI(debug) n.xbgr.xr82_u12.nr1: WARNING: V(i1,c) voltage is greater than specified by vmax
OSDI(debug) n.xbgr.xr82_u12.nr1: WARNING: V(i2,c) voltage is greater than specified by vmax
OSDI(debug) n.xbgr.xr82_u11.nr1: WARNING: V(i1,c) voltage is greater than specified by vmax
OSDI(debug) n.xbgr.xr82_u11.nr1: WARNING: V(i2,c) voltage is greater than specified by vmax
OSDI(debug) n.xbgr.xr82_u10.nr1: WARNING: V(i1,c) voltage is greater than specified by vmax
OSDI(debug) n.xbgr.xr82_u10.nr1: WARNING: V(i2,c) voltage is greater than specified by vmax
OSDI(debug) n.xbgr.xr82_u9.nr1: WARNING: V(i1,c) voltage is greater than specified by vmax
OSDI(debug) n.xbgr.xr82_u9.nr1: WARNING: V(i2,c) voltage is greater than specified by vmax
OSDI(debug) n.xbgr.xr82_u8.nr1: WARNING: V(i1,c) voltage is greater than specified by vmax
OSDI(debug) n.xbgr.xr82_u8.nr1: WARNING: V(i2,c) voltage is greater than specified by vmax
OSDI(debug) n.xbgr.xr82_u7.nr1: WARNING: V(i1,c) voltage is greater than specified by vmax
OSDI(debug) n.xbgr.xr82_u7.nr1: WARNING: V(i2,c) voltage is greater than specified by vmax
OSDI(debug) n.xbgr.xr82_u6.nr1: WARNING: V(i1,c) voltage is greater than specified by vmax
OSDI(debug) n.xbgr.xr82_u6.nr1: WARNING: V(i2,c) voltage is greater than specified by vmax
OSDI(debug) n.xbgr.xr82_u5.nr1: WARNING: V(i1,c) voltage is greater than specified by vmax
OSDI(debug) n.xbgr.xr82_u5.nr1: WARNING: V(i2,c) voltage is greater than specified by vmax
OSDI(debug) n.xbgr.xr82_u4.nr1: WARNING: V(i1,c) voltage is greater than specified by vmax
OSDI(debug) n.xbgr.xr82_u4.nr1: WARNING: V(i2,c) voltage is greater than specified by vmax
OSDI(debug) n.xbgr.xr82_u3.nr1: WARNING: V(i1,c) voltage is greater than specified by vmax
OSDI(debug) n.xbgr.xr82_u3.nr1: WARNING: V(i2,c) voltage is greater than specified by vmax
OSDI(debug) n.xbgr.xr82_u2.nr1: WARNING: V(i1,c) voltage is greater than specified by vmax
OSDI(debug) n.xbgr.xr82_u2.nr1: WARNING: V(i2,c) voltage is greater than specified by vmax
OSDI(debug) n.xbgr.xr81_u24.nr1: WARNING: V(i1,c) voltage is greater than specified by vmax
OSDI(debug) n.xbgr.xr81_u24.nr1: WARNING: V(i2,c) voltage is greater than specified by vmax
OSDI(debug) n.xbgr.xr81_u23.nr1: WARNING: V(i1,c) voltage is greater than specified by vmax
OSDI(debug) n.xbgr.xr81_u23.nr1: WARNING: V(i2,c) voltage is greater than specified by vmax
OSDI(debug) n.xbgr.xr81_u22.nr1: WARNING: V(i1,c) voltage is greater than specified by vmax
OSDI(debug) n.xbgr.xr81_u22.nr1: WARNING: V(i2,c) voltage is greater than specified by vmax
OSDI(debug) n.xbgr.xr81_u21.nr1: WARNING: V(i1,c) voltage is greater than specified by vmax
OSDI(debug) n.xbgr.xr81_u21.nr1: WARNING: V(i2,c) voltage is greater than specified by vmax
OSDI(debug) n.xbgr.xr81_u20.nr1: WARNING: V(i1,c) voltage is greater than specified by vmax
OSDI(debug) n.xbgr.xr81_u20.nr1: WARNING: V(i2,c) voltage is greater than specified by vmax
OSDI(debug) n.xbgr.xr81_u19.nr1: WARNING: V(i1,c) voltage is greater than specified by vmax
OSDI(debug) n.xbgr.xr81_u19.nr1: WARNING: V(i2,c) voltage is greater than specified by vmax
OSDI(debug) n.xbgr.xr81_u18.nr1: WARNING: V(i1,c) voltage is greater than specified by vmax
OSDI(debug) n.xbgr.xr81_u18.nr1: WARNING: V(i2,c) voltage is greater than specified by vmax
OSDI(debug) n.xbgr.xr81_u17.nr1: WARNING: V(i1,c) voltage is greater than specified by vmax
OSDI(debug) n.xbgr.xr81_u17.nr1: WARNING: V(i2,c) voltage is greater than specified by vmax
OSDI(debug) n.xbgr.xr81_u16.nr1: WARNING: V(i1,c) voltage is greater than specified by vmax
OSDI(debug) n.xbgr.xr81_u16.nr1: WARNING: V(i2,c) voltage is greater than specified by vmax
OSDI(debug) n.xbgr.xr81_u15.nr1: WARNING: V(i1,c) voltage is greater than specified by vmax
OSDI(debug) n.xbgr.xr81_u15.nr1: WARNING: V(i2,c) voltage is greater than specified by vmax
OSDI(debug) n.xbgr.xr81_u14.nr1: WARNING: V(i1,c) voltage is greater than specified by vmax
OSDI(debug) n.xbgr.xr81_u14.nr1: WARNING: V(i2,c) voltage is greater than specified by vmax
OSDI(debug) n.xbgr.xr81_u13.nr1: WARNING: V(i1,c) voltage is greater than specified by vmax
OSDI(debug) n.xbgr.xr81_u13.nr1: WARNING: V(i2,c) voltage is greater than specified by vmax
OSDI(debug) n.xbgr.xr81_u12.nr1: WARNING: V(i1,c) voltage is greater than specified by vmax
OSDI(debug) n.xbgr.xr81_u12.nr1: WARNING: V(i2,c) voltage is greater than specified by vmax
OSDI(debug) n.xbgr.xr81_u11.nr1: WARNING: V(i1,c) voltage is greater than specified by vmax
OSDI(debug) n.xbgr.xr81_u11.nr1: WARNING: V(i2,c) voltage is greater than specified by vmax
OSDI(debug) n.xbgr.xr81_u10.nr1: WARNING: V(i1,c) voltage is greater than specified by vmax
OSDI(debug) n.xbgr.xr81_u10.nr1: WARNING: V(i2,c) voltage is greater than specified by vmax
OSDI(debug) n.xbgr.xr81_u9.nr1: WARNING: V(i1,c) voltage is greater than specified by vmax
OSDI(debug) n.xbgr.xr81_u9.nr1: WARNING: V(i2,c) voltage is greater than specified by vmax
OSDI(debug) n.xbgr.xr81_u8.nr1: WARNING: V(i1,c) voltage is greater than specified by vmax
OSDI(debug) n.xbgr.xr81_u8.nr1: WARNING: V(i2,c) voltage is greater than specified by vmax
OSDI(debug) n.xbgr.xr81_u7.nr1: WARNING: V(i1,c) voltage is greater than specified by vmax
OSDI(debug) n.xbgr.xr81_u7.nr1: WARNING: V(i2,c) voltage is greater than specified by vmax
OSDI(debug) n.xbgr.xr81_u6.nr1: WARNING: V(i1,c) voltage is greater than specified by vmax
OSDI(debug) n.xbgr.xr81_u6.nr1: WARNING: V(i2,c) voltage is greater than specified by vmax
OSDI(debug) n.xbgr.xr81_u5.nr1: WARNING: V(i1,c) voltage is greater than specified by vmax
OSDI(debug) n.xbgr.xr81_u5.nr1: WARNING: V(i2,c) voltage is greater than specified by vmax
OSDI(debug) n.xbgr.xr81_u4.nr1: WARNING: V(i1,c) voltage is greater than specified by vmax
OSDI(debug) n.xbgr.xr81_u4.nr1: WARNING: V(i2,c) voltage is greater than specified by vmax
OSDI(debug) n.xbgr.xr81_u3.nr1: WARNING: V(i1,c) voltage is greater than specified by vmax
OSDI(debug) n.xbgr.xr81_u3.nr1: WARNING: V(i2,c) voltage is greater than specified by vmax
OSDI(debug) n.xbgr.xr81_u2.nr1: WARNING: V(i1,c) voltage is greater than specified by vmax
OSDI(debug) n.xbgr.xr81_u2.nr1: WARNING: V(i2,c) voltage is greater than specified by vmax
OSDI(debug) n.xbgr.xr80_u24.nr1: WARNING: V(i1,c) voltage is greater than specified by vmax
OSDI(debug) n.xbgr.xr80_u24.nr1: WARNING: V(i2,c) voltage is greater than specified by vmax
OSDI(debug) n.xbgr.xr80_u23.nr1: WARNING: V(i1,c) voltage is greater than specified by vmax
OSDI(debug) n.xbgr.xr80_u23.nr1: WARNING: V(i2,c) voltage is greater than specified by vmax
OSDI(debug) n.xbgr.xr80_u22.nr1: WARNING: V(i1,c) voltage is greater than specified by vmax
OSDI(debug) n.xbgr.xr80_u22.nr1: WARNING: V(i2,c) voltage is greater than specified by vmax
OSDI(debug) n.xbgr.xr80_u21.nr1: WARNING: V(i1,c) voltage is greater than specified by vmax
OSDI(debug) n.xbgr.xr80_u21.nr1: WARNING: V(i2,c) voltage is greater than specified by vmax
OSDI(debug) n.xbgr.xr80_u20.nr1: WARNING: V(i1,c) voltage is greater than specified by vmax
OSDI(debug) n.xbgr.xr80_u20.nr1: WARNING: V(i2,c) voltage is greater than specified by vmax
OSDI(debug) n.xbgr.xr80_u19.nr1: WARNING: V(i1,c) voltage is greater than specified by vmax
OSDI(debug) n.xbgr.xr80_u19.nr1: WARNING: V(i2,c) voltage is greater than specified by vmax
OSDI(debug) n.xbgr.xr80_u18.nr1: WARNING: V(i1,c) voltage is greater than specified by vmax
OSDI(debug) n.xbgr.xr80_u18.nr1: WARNING: V(i2,c) voltage is greater than specified by vmax
OSDI(debug) n.xbgr.xr80_u17.nr1: WARNING: V(i1,c) voltage is greater than specified by vmax
OSDI(debug) n.xbgr.xr80_u17.nr1: WARNING: V(i2,c) voltage is greater than specified by vmax
OSDI(debug) n.xbgr.xr80_u16.nr1: WARNING: V(i1,c) voltage is greater than specified by vmax
OSDI(debug) n.xbgr.xr80_u16.nr1: WARNING: V(i2,c) voltage is greater than specified by vmax
OSDI(debug) n.xbgr.xr80_u15.nr1: WARNING: V(i1,c) voltage is greater than specified by vmax
OSDI(debug) n.xbgr.xr80_u15.nr1: WARNING: V(i2,c) voltage is greater than specified by vmax
OSDI(debug) n.xbgr.xr80_u14.nr1: WARNING: V(i1,c) voltage is greater than specified by vmax
OSDI(debug) n.xbgr.xr80_u14.nr1: WARNING: V(i2,c) voltage is greater than specified by vmax
OSDI(debug) n.xbgr.xr80_u13.nr1: WARNING: V(i1,c) voltage is greater than specified by vmax
OSDI(debug) n.xbgr.xr80_u13.nr1: WARNING: V(i2,c) voltage is greater than specified by vmax
OSDI(debug) n.xbgr.xr80_u12.nr1: WARNING: V(i1,c) voltage is greater than specified by vmax
OSDI(debug) n.xbgr.xr80_u12.nr1: WARNING: V(i2,c) voltage is greater than specified by vmax
OSDI(debug) n.xbgr.xr80_u11.nr1: WARNING: V(i1,c) voltage is greater than specified by vmax
OSDI(debug) n.xbgr.xr80_u11.nr1: WARNING: V(i2,c) voltage is greater than specified by vmax
OSDI(debug) n.xbgr.xr80_u10.nr1: WARNING: V(i1,c) voltage is greater than specified by vmax
OSDI(debug) n.xbgr.xr80_u10.nr1: WARNING: V(i2,c) voltage is greater than specified by vmax
OSDI(debug) n.xbgr.xr80_u9.nr1: WARNING: V(i1,c) voltage is greater than specified by vmax
OSDI(debug) n.xbgr.xr80_u9.nr1: WARNING: V(i2,c) voltage is greater than specified by vmax
OSDI(debug) n.xbgr.xr80_u8.nr1: WARNING: V(i1,c) voltage is greater than specified by vmax
OSDI(debug) n.xbgr.xr80_u8.nr1: WARNING: V(i2,c) voltage is greater than specified by vmax
OSDI(debug) n.xbgr.xr80_u7.nr1: WARNING: V(i1,c) voltage is greater than specified by vmax
OSDI(debug) n.xbgr.xr80_u7.nr1: WARNING: V(i2,c) voltage is greater than specified by vmax
OSDI(debug) n.xbgr.xr80_u6.nr1: WARNING: V(i1,c) voltage is greater than specified by vmax
OSDI(debug) n.xbgr.xr80_u6.nr1: WARNING: V(i2,c) voltage is greater than specified by vmax
OSDI(debug) n.xbgr.xr80_u5.nr1: WARNING: V(i1,c) voltage is greater than specified by vmax
OSDI(debug) n.xbgr.xr80_u5.nr1: WARNING: V(i2,c) voltage is greater than specified by vmax
OSDI(debug) n.xbgr.xr80_u4.nr1: WARNING: V(i1,c) voltage is greater than specified by vmax
OSDI(debug) n.xbgr.xr80_u4.nr1: WARNING: V(i2,c) voltage is greater than specified by vmax
OSDI(debug) n.xbgr.xr80_u3.nr1: WARNING: V(i1,c) voltage is greater than specified by vmax
OSDI(debug) n.xbgr.xr80_u3.nr1: WARNING: V(i2,c) voltage is greater than specified by vmax
OSDI(debug) n.xbgr.xr80_u2.nr1: WARNING: V(i1,c) voltage is greater than specified by vmax
OSDI(debug) n.xbgr.xr80_u2.nr1: WARNING: V(i2,c) voltage is greater than specified by vmax
OSDI(debug) n.xbgr.xr79_u24.nr1: WARNING: V(i1,c) voltage is greater than specified by vmax
OSDI(debug) n.xbgr.xr79_u24.nr1: WARNING: V(i2,c) voltage is greater than specified by vmax
OSDI(debug) n.xbgr.xr79_u23.nr1: WARNING: V(i1,c) voltage is greater than specified by vmax
OSDI(debug) n.xbgr.xr79_u23.nr1: WARNING: V(i2,c) voltage is greater than specified by vmax
OSDI(debug) n.xbgr.xr79_u22.nr1: WARNING: V(i1,c) voltage is greater than specified by vmax
OSDI(debug) n.xbgr.xr79_u22.nr1: WARNING: V(i2,c) voltage is greater than specified by vmax
OSDI(debug) n.xbgr.xr79_u21.nr1: WARNING: V(i1,c) voltage is greater than specified by vmax
OSDI(debug) n.xbgr.xr79_u21.nr1: WARNING: V(i2,c) voltage is greater than specified by vmax
OSDI(debug) n.xbgr.xr79_u20.nr1: WARNING: V(i1,c) voltage is greater than specified by vmax
OSDI(debug) n.xbgr.xr79_u20.nr1: WARNING: V(i2,c) voltage is greater than specified by vmax
OSDI(debug) n.xbgr.xr79_u19.nr1: WARNING: V(i1,c) voltage is greater than specified by vmax
OSDI(debug) n.xbgr.xr79_u19.nr1: WARNING: V(i2,c) voltage is greater than specified by vmax
OSDI(debug) n.xbgr.xr79_u18.nr1: WARNING: V(i1,c) voltage is greater than specified by vmax
OSDI(debug) n.xbgr.xr79_u18.nr1: WARNING: V(i2,c) voltage is greater than specified by vmax
OSDI(debug) n.xbgr.xr79_u17.nr1: WARNING: V(i1,c) voltage is greater than specified by vmax
OSDI(debug) n.xbgr.xr79_u17.nr1: WARNING: V(i2,c) voltage is greater than specified by vmax
OSDI(debug) n.xbgr.xr79_u16.nr1: WARNING: V(i1,c) voltage is greater than specified by vmax
OSDI(debug) n.xbgr.xr79_u16.nr1: WARNING: V(i2,c) voltage is greater than specified by vmax
OSDI(debug) n.xbgr.xr79_u15.nr1: WARNING: V(i1,c) voltage is greater than specified by vmax
OSDI(debug) n.xbgr.xr79_u15.nr1: WARNING: V(i2,c) voltage is greater than specified by vmax
OSDI(debug) n.xbgr.xr79_u14.nr1: WARNING: V(i1,c) voltage is greater than specified by vmax
OSDI(debug) n.xbgr.xr79_u14.nr1: WARNING: V(i2,c) voltage is greater than specified by vmax
OSDI(debug) n.xbgr.xr79_u13.nr1: WARNING: V(i1,c) voltage is greater than specified by vmax
OSDI(debug) n.xbgr.xr79_u13.nr1: WARNING: V(i2,c) voltage is greater than specified by vmax
OSDI(debug) n.xbgr.xr79_u12.nr1: WARNING: V(i1,c) voltage is greater than specified by vmax
OSDI(debug) n.xbgr.xr79_u12.nr1: WARNING: V(i2,c) voltage is greater than specified by vmax
OSDI(debug) n.xbgr.xr79_u11.nr1: WARNING: V(i1,c) voltage is greater than specified by vmax
OSDI(debug) n.xbgr.xr79_u11.nr1: WARNING: V(i2,c) voltage is greater than specified by vmax
OSDI(debug) n.xbgr.xr79_u10.nr1: WARNING: V(i1,c) voltage is greater than specified by vmax
OSDI(debug) n.xbgr.xr79_u10.nr1: WARNING: V(i2,c) voltage is greater than specified by vmax
OSDI(debug) n.xbgr.xr79_u9.nr1: WARNING: V(i1,c) voltage is greater than specified by vmax
OSDI(debug) n.xbgr.xr79_u9.nr1: WARNING: V(i2,c) voltage is greater than specified by vmax
OSDI(debug) n.xbgr.xr79_u8.nr1: WARNING: V(i1,c) voltage is greater than specified by vmax
OSDI(debug) n.xbgr.xr79_u8.nr1: WARNING: V(i2,c) voltage is greater than specified by vmax
OSDI(debug) n.xbgr.xr79_u7.nr1: WARNING: V(i1,c) voltage is greater than specified by vmax
OSDI(debug) n.xbgr.xr79_u7.nr1: WARNING: V(i2,c) voltage is greater than specified by vmax
OSDI(debug) n.xbgr.xr79_u6.nr1: WARNING: V(i1,c) voltage is greater than specified by vmax
OSDI(debug) n.xbgr.xr79_u6.nr1: WARNING: V(i2,c) voltage is greater than specified by vmax
OSDI(debug) n.xbgr.xr79_u5.nr1: WARNING: V(i1,c) voltage is greater than specified by vmax
OSDI(debug) n.xbgr.xr79_u5.nr1: WARNING: V(i2,c) voltage is greater than specified by vmax
OSDI(debug) n.xbgr.xr79_u4.nr1: WARNING: V(i1,c) voltage is greater than specified by vmax
OSDI(debug) n.xbgr.xr79_u4.nr1: WARNING: V(i2,c) voltage is greater than specified by vmax
OSDI(debug) n.xbgr.xr79_u3.nr1: WARNING: V(i1,c) voltage is greater than specified by vmax
OSDI(debug) n.xbgr.xr79_u3.nr1: WARNING: V(i2,c) voltage is greater than specified by vmax
OSDI(debug) n.xbgr.xr79_u2.nr1: WARNING: V(i1,c) voltage is greater than specified by vmax
OSDI(debug) n.xbgr.xr79_u2.nr1: WARNING: V(i2,c) voltage is greater than specified by vmax
OSDI(debug) n.xbgr.xr78_u24.nr1: WARNING: V(i1,c) voltage is greater than specified by vmax
OSDI(debug) n.xbgr.xr78_u24.nr1: WARNING: V(i2,c) voltage is greater than specified by vmax
OSDI(debug) n.xbgr.xr78_u23.nr1: WARNING: V(i1,c) voltage is greater than specified by vmax
OSDI(debug) n.xbgr.xr78_u23.nr1: WARNING: V(i2,c) voltage is greater than specified by vmax
OSDI(debug) n.xbgr.xr78_u22.nr1: WARNING: V(i1,c) voltage is greater than specified by vmax
OSDI(debug) n.xbgr.xr78_u22.nr1: WARNING: V(i2,c) voltage is greater than specified by vmax
OSDI(debug) n.xbgr.xr78_u21.nr1: WARNING: V(i1,c) voltage is greater than specified by vmax
OSDI(debug) n.xbgr.xr78_u21.nr1: WARNING: V(i2,c) voltage is greater than specified by vmax
OSDI(debug) n.xbgr.xr78_u20.nr1: WARNING: V(i1,c) voltage is greater than specified by vmax
OSDI(debug) n.xbgr.xr78_u20.nr1: WARNING: V(i2,c) voltage is greater than specified by vmax
OSDI(debug) n.xbgr.xr78_u19.nr1: WARNING: V(i1,c) voltage is greater than specified by vmax
OSDI(debug) n.xbgr.xr78_u19.nr1: WARNING: V(i2,c) voltage is greater than specified by vmax
OSDI(debug) n.xbgr.xr78_u18.nr1: WARNING: V(i1,c) voltage is greater than specified by vmax
OSDI(debug) n.xbgr.xr78_u18.nr1: WARNING: V(i2,c) voltage is greater than specified by vmax
OSDI(debug) n.xbgr.xr78_u17.nr1: WARNING: V(i1,c) voltage is greater than specified by vmax
OSDI(debug) n.xbgr.xr78_u17.nr1: WARNING: V(i2,c) voltage is greater than specified by vmax
OSDI(debug) n.xbgr.xr78_u16.nr1: WARNING: V(i1,c) voltage is greater than specified by vmax
OSDI(debug) n.xbgr.xr78_u16.nr1: WARNING: V(i2,c) voltage is greater than specified by vmax
OSDI(debug) n.xbgr.xr78_u15.nr1: WARNING: V(i1,c) voltage is greater than specified by vmax
OSDI(debug) n.xbgr.xr78_u15.nr1: WARNING: V(i2,c) voltage is greater than specified by vmax
OSDI(debug) n.xbgr.xr78_u14.nr1: WARNING: V(i1,c) voltage is greater than specified by vmax
OSDI(debug) n.xbgr.xr78_u14.nr1: WARNING: V(i2,c) voltage is greater than specified by vmax
OSDI(debug) n.xbgr.xr78_u13.nr1: WARNING: V(i1,c) voltage is greater than specified by vmax
OSDI(debug) n.xbgr.xr78_u13.nr1: WARNING: V(i2,c) voltage is greater than specified by vmax
OSDI(debug) n.xbgr.xr78_u12.nr1: WARNING: V(i1,c) voltage is greater than specified by vmax
OSDI(debug) n.xbgr.xr78_u12.nr1: WARNING: V(i2,c) voltage is greater than specified by vmax
OSDI(debug) n.xbgr.xr78_u11.nr1: WARNING: V(i1,c) voltage is greater than specified by vmax
OSDI(debug) n.xbgr.xr78_u11.nr1: WARNING: V(i2,c) voltage is greater than specified by vmax
OSDI(debug) n.xbgr.xr78_u10.nr1: WARNING: V(i1,c) voltage is greater than specified by vmax
OSDI(debug) n.xbgr.xr78_u10.nr1: WARNING: V(i2,c) voltage is greater than specified by vmax
OSDI(debug) n.xbgr.xr78_u9.nr1: WARNING: V(i1,c) voltage is greater than specified by vmax
OSDI(debug) n.xbgr.xr78_u9.nr1: WARNING: V(i2,c) voltage is greater than specified by vmax
OSDI(debug) n.xbgr.xr78_u8.nr1: WARNING: V(i1,c) voltage is greater than specified by vmax
OSDI(debug) n.xbgr.xr78_u8.nr1: WARNING: V(i2,c) voltage is greater than specified by vmax
OSDI(debug) n.xbgr.xr78_u7.nr1: WARNING: V(i1,c) voltage is greater than specified by vmax
OSDI(debug) n.xbgr.xr78_u7.nr1: WARNING: V(i2,c) voltage is greater than specified by vmax
OSDI(debug) n.xbgr.xr78_u6.nr1: WARNING: V(i1,c) voltage is greater than specified by vmax
OSDI(debug) n.xbgr.xr78_u6.nr1: WARNING: V(i2,c) voltage is greater than specified by vmax
OSDI(debug) n.xbgr.xr78_u5.nr1: WARNING: V(i1,c) voltage is greater than specified by vmax
OSDI(debug) n.xbgr.xr78_u5.nr1: WARNING: V(i2,c) voltage is greater than specified by vmax
OSDI(debug) n.xbgr.xr78_u4.nr1: WARNING: V(i1,c) voltage is greater than specified by vmax
OSDI(debug) n.xbgr.xr78_u4.nr1: WARNING: V(i2,c) voltage is greater than specified by vmax
OSDI(debug) n.xbgr.xr78_u3.nr1: WARNING: V(i1,c) voltage is greater than specified by vmax
OSDI(debug) n.xbgr.xr78_u3.nr1: WARNING: V(i2,c) voltage is greater than specified by vmax
OSDI(debug) n.xbgr.xr78_u2.nr1: WARNING: V(i1,c) voltage is greater than specified by vmax
OSDI(debug) n.xbgr.xr78_u2.nr1: WARNING: V(i2,c) voltage is greater than specified by vmax
OSDI(debug) n.xbgr.xr77_u24.nr1: WARNING: V(i1,c) voltage is greater than specified by vmax
OSDI(debug) n.xbgr.xr77_u24.nr1: WARNING: V(i2,c) voltage is greater than specified by vmax
OSDI(debug) n.xbgr.xr77_u23.nr1: WARNING: V(i1,c) voltage is greater than specified by vmax
OSDI(debug) n.xbgr.xr77_u23.nr1: WARNING: V(i2,c) voltage is greater than specified by vmax
OSDI(debug) n.xbgr.xr77_u22.nr1: WARNING: V(i1,c) voltage is greater than specified by vmax
OSDI(debug) n.xbgr.xr77_u22.nr1: WARNING: V(i2,c) voltage is greater than specified by vmax
OSDI(debug) n.xbgr.xr77_u21.nr1: WARNING: V(i1,c) voltage is greater than specified by vmax
OSDI(debug) n.xbgr.xr77_u21.nr1: WARNING: V(i2,c) voltage is greater than specified by vmax
OSDI(debug) n.xbgr.xr77_u20.nr1: WARNING: V(i1,c) voltage is greater than specified by vmax
OSDI(debug) n.xbgr.xr77_u20.nr1: WARNING: V(i2,c) voltage is greater than specified by vmax
OSDI(debug) n.xbgr.xr77_u19.nr1: WARNING: V(i1,c) voltage is greater than specified by vmax
OSDI(debug) n.xbgr.xr77_u19.nr1: WARNING: V(i2,c) voltage is greater than specified by vmax
OSDI(debug) n.xbgr.xr77_u18.nr1: WARNING: V(i1,c) voltage is greater than specified by vmax
OSDI(debug) n.xbgr.xr77_u18.nr1: WARNING: V(i2,c) voltage is greater than specified by vmax
OSDI(debug) n.xbgr.xr77_u17.nr1: WARNING: V(i1,c) voltage is greater than specified by vmax
OSDI(debug) n.xbgr.xr77_u17.nr1: WARNING: V(i2,c) voltage is greater than specified by vmax
OSDI(debug) n.xbgr.xr77_u16.nr1: WARNING: V(i1,c) voltage is greater than specified by vmax
OSDI(debug) n.xbgr.xr77_u16.nr1: WARNING: V(i2,c) voltage is greater than specified by vmax
OSDI(debug) n.xbgr.xr77_u15.nr1: WARNING: V(i1,c) voltage is greater than specified by vmax
OSDI(debug) n.xbgr.xr77_u15.nr1: WARNING: V(i2,c) voltage is greater than specified by vmax
OSDI(debug) n.xbgr.xr77_u14.nr1: WARNING: V(i1,c) voltage is greater than specified by vmax
OSDI(debug) n.xbgr.xr77_u14.nr1: WARNING: V(i2,c) voltage is greater than specified by vmax
OSDI(debug) n.xbgr.xr77_u13.nr1: WARNING: V(i1,c) voltage is greater than specified by vmax
OSDI(debug) n.xbgr.xr77_u13.nr1: WARNING: V(i2,c) voltage is greater than specified by vmax
OSDI(debug) n.xbgr.xr77_u12.nr1: WARNING: V(i1,c) voltage is greater than specified by vmax
OSDI(debug) n.xbgr.xr77_u12.nr1: WARNING: V(i2,c) voltage is greater than specified by vmax
OSDI(debug) n.xbgr.xr77_u11.nr1: WARNING: V(i1,c) voltage is greater than specified by vmax
OSDI(debug) n.xbgr.xr77_u11.nr1: WARNING: V(i2,c) voltage is greater than specified by vmax
OSDI(debug) n.xbgr.xr77_u10.nr1: WARNING: V(i1,c) voltage is greater than specified by vmax
OSDI(debug) n.xbgr.xr77_u10.nr1: WARNING: V(i2,c) voltage is greater than specified by vmax
OSDI(debug) n.xbgr.xr77_u9.nr1: WARNING: V(i1,c) voltage is greater than specified by vmax
OSDI(debug) n.xbgr.xr77_u9.nr1: WARNING: V(i2,c) voltage is greater than specified by vmax
OSDI(debug) n.xbgr.xr77_u8.nr1: WARNING: V(i1,c) voltage is greater than specified by vmax
OSDI(debug) n.xbgr.xr77_u8.nr1: WARNING: V(i2,c) voltage is greater than specified by vmax
OSDI(debug) n.xbgr.xr77_u7.nr1: WARNING: V(i1,c) voltage is greater than specified by vmax
OSDI(debug) n.xbgr.xr77_u7.nr1: WARNING: V(i2,c) voltage is greater than specified by vmax
OSDI(debug) n.xbgr.xr77_u6.nr1: WARNING: V(i1,c) voltage is greater than specified by vmax
OSDI(debug) n.xbgr.xr77_u6.nr1: WARNING: V(i2,c) voltage is greater than specified by vmax
OSDI(debug) n.xbgr.xr77_u5.nr1: WARNING: V(i1,c) voltage is greater than specified by vmax
OSDI(debug) n.xbgr.xr77_u5.nr1: WARNING: V(i2,c) voltage is greater than specified by vmax
OSDI(debug) n.xbgr.xr77_u4.nr1: WARNING: V(i1,c) voltage is greater than specified by vmax
OSDI(debug) n.xbgr.xr77_u4.nr1: WARNING: V(i2,c) voltage is greater than specified by vmax
OSDI(debug) n.xbgr.xr77_u3.nr1: WARNING: V(i1,c) voltage is greater than specified by vmax
OSDI(debug) n.xbgr.xr77_u3.nr1: WARNING: V(i2,c) voltage is greater than specified by vmax
OSDI(debug) n.xbgr.xr77_u2.nr1: WARNING: V(i1,c) voltage is greater than specified by vmax
OSDI(debug) n.xbgr.xr77_u2.nr1: WARNING: V(i2,c) voltage is greater than specified by vmax
OSDI(debug) n.xbgr.xr26_u24.nr1: WARNING: V(i1,c) voltage is greater than specified by vmax
OSDI(debug) n.xbgr.xr26_u24.nr1: WARNING: V(i2,c) voltage is greater than specified by vmax
OSDI(debug) n.xbgr.xr26_u23.nr1: WARNING: V(i1,c) voltage is greater than specified by vmax
OSDI(debug) n.xbgr.xr26_u23.nr1: WARNING: V(i2,c) voltage is greater than specified by vmax
OSDI(debug) n.xbgr.xr26_u22.nr1: WARNING: V(i1,c) voltage is greater than specified by vmax
OSDI(debug) n.xbgr.xr26_u22.nr1: WARNING: V(i2,c) voltage is greater than specified by vmax
OSDI(debug) n.xbgr.xr26_u21.nr1: WARNING: V(i1,c) voltage is greater than specified by vmax
OSDI(debug) n.xbgr.xr26_u21.nr1: WARNING: V(i2,c) voltage is greater than specified by vmax
OSDI(debug) n.xbgr.xr26_u20.nr1: WARNING: V(i1,c) voltage is greater than specified by vmax
OSDI(debug) n.xbgr.xr26_u20.nr1: WARNING: V(i2,c) voltage is greater than specified by vmax
OSDI(debug) n.xbgr.xr26_u19.nr1: WARNING: V(i1,c) voltage is greater than specified by vmax
OSDI(debug) n.xbgr.xr26_u19.nr1: WARNING: V(i2,c) voltage is greater than specified by vmax
OSDI(debug) n.xbgr.xr26_u18.nr1: WARNING: V(i1,c) voltage is greater than specified by vmax
OSDI(debug) n.xbgr.xr26_u18.nr1: WARNING: V(i2,c) voltage is greater than specified by vmax
OSDI(debug) n.xbgr.xr26_u17.nr1: WARNING: V(i1,c) voltage is greater than specified by vmax
OSDI(debug) n.xbgr.xr26_u17.nr1: WARNING: V(i2,c) voltage is greater than specified by vmax
OSDI(debug) n.xbgr.xr26_u16.nr1: WARNING: V(i1,c) voltage is greater than specified by vmax
OSDI(debug) n.xbgr.xr26_u16.nr1: WARNING: V(i2,c) voltage is greater than specified by vmax
OSDI(debug) n.xbgr.xr26_u15.nr1: WARNING: V(i1,c) voltage is greater than specified by vmax
OSDI(debug) n.xbgr.xr26_u15.nr1: WARNING: V(i2,c) voltage is greater than specified by vmax
OSDI(debug) n.xbgr.xr26_u14.nr1: WARNING: V(i1,c) voltage is greater than specified by vmax
OSDI(debug) n.xbgr.xr26_u14.nr1: WARNING: V(i2,c) voltage is greater than specified by vmax
OSDI(debug) n.xbgr.xr26_u13.nr1: WARNING: V(i1,c) voltage is greater than specified by vmax
OSDI(debug) n.xbgr.xr26_u13.nr1: WARNING: V(i2,c) voltage is greater than specified by vmax
OSDI(debug) n.xbgr.xr26_u12.nr1: WARNING: V(i1,c) voltage is greater than specified by vmax
OSDI(debug) n.xbgr.xr26_u12.nr1: WARNING: V(i2,c) voltage is greater than specified by vmax
OSDI(debug) n.xbgr.xr26_u11.nr1: WARNING: V(i1,c) voltage is greater than specified by vmax
OSDI(debug) n.xbgr.xr26_u11.nr1: WARNING: V(i2,c) voltage is greater than specified by vmax
OSDI(debug) n.xbgr.xr26_u10.nr1: WARNING: V(i1,c) voltage is greater than specified by vmax
OSDI(debug) n.xbgr.xr26_u10.nr1: WARNING: V(i2,c) voltage is greater than specified by vmax
OSDI(debug) n.xbgr.xr26_u9.nr1: WARNING: V(i1,c) voltage is greater than specified by vmax
OSDI(debug) n.xbgr.xr26_u9.nr1: WARNING: V(i2,c) voltage is greater than specified by vmax
OSDI(debug) n.xbgr.xr26_u8.nr1: WARNING: V(i1,c) voltage is greater than specified by vmax
OSDI(debug) n.xbgr.xr26_u8.nr1: WARNING: V(i2,c) voltage is greater than specified by vmax
OSDI(debug) n.xbgr.xr26_u7.nr1: WARNING: V(i1,c) voltage is greater than specified by vmax
OSDI(debug) n.xbgr.xr26_u7.nr1: WARNING: V(i2,c) voltage is greater than specified by vmax
OSDI(debug) n.xbgr.xr26_u6.nr1: WARNING: V(i1,c) voltage is greater than specified by vmax
OSDI(debug) n.xbgr.xr26_u6.nr1: WARNING: V(i2,c) voltage is greater than specified by vmax
OSDI(debug) n.xbgr.xr26_u5.nr1: WARNING: V(i1,c) voltage is greater than specified by vmax
OSDI(debug) n.xbgr.xr26_u5.nr1: WARNING: V(i2,c) voltage is greater than specified by vmax
OSDI(debug) n.xbgr.xr26_u4.nr1: WARNING: V(i1,c) voltage is greater than specified by vmax
OSDI(debug) n.xbgr.xr26_u4.nr1: WARNING: V(i2,c) voltage is greater than specified by vmax
OSDI(debug) n.xbgr.xr26_u3.nr1: WARNING: V(i1,c) voltage is greater than specified by vmax
OSDI(debug) n.xbgr.xr26_u3.nr1: WARNING: V(i2,c) voltage is greater than specified by vmax
OSDI(debug) n.xbgr.xr26_u2.nr1: WARNING: V(i1,c) voltage is greater than specified by vmax
OSDI(debug) n.xbgr.xr26_u2.nr1: WARNING: V(i2,c) voltage is greater than specified by vmax
OSDI(debug) n.xbgr.xr25_u24.nr1: WARNING: V(i1,c) voltage is greater than specified by vmax
OSDI(debug) n.xbgr.xr25_u24.nr1: WARNING: V(i2,c) voltage is greater than specified by vmax
OSDI(debug) n.xbgr.xr25_u23.nr1: WARNING: V(i1,c) voltage is greater than specified by vmax
OSDI(debug) n.xbgr.xr25_u23.nr1: WARNING: V(i2,c) voltage is greater than specified by vmax
OSDI(debug) n.xbgr.xr25_u22.nr1: WARNING: V(i1,c) voltage is greater than specified by vmax
OSDI(debug) n.xbgr.xr25_u22.nr1: WARNING: V(i2,c) voltage is greater than specified by vmax
OSDI(debug) n.xbgr.xr25_u21.nr1: WARNING: V(i1,c) voltage is greater than specified by vmax
OSDI(debug) n.xbgr.xr25_u21.nr1: WARNING: V(i2,c) voltage is greater than specified by vmax
OSDI(debug) n.xbgr.xr25_u20.nr1: WARNING: V(i1,c) voltage is greater than specified by vmax
OSDI(debug) n.xbgr.xr25_u20.nr1: WARNING: V(i2,c) voltage is greater than specified by vmax
OSDI(debug) n.xbgr.xr25_u19.nr1: WARNING: V(i1,c) voltage is greater than specified by vmax
OSDI(debug) n.xbgr.xr25_u19.nr1: WARNING: V(i2,c) voltage is greater than specified by vmax
OSDI(debug) n.xbgr.xr25_u18.nr1: WARNING: V(i1,c) voltage is greater than specified by vmax
OSDI(debug) n.xbgr.xr25_u18.nr1: WARNING: V(i2,c) voltage is greater than specified by vmax
OSDI(debug) n.xbgr.xr25_u17.nr1: WARNING: V(i1,c) voltage is greater than specified by vmax
OSDI(debug) n.xbgr.xr25_u17.nr1: WARNING: V(i2,c) voltage is greater than specified by vmax
OSDI(debug) n.xbgr.xr25_u16.nr1: WARNING: V(i1,c) voltage is greater than specified by vmax
OSDI(debug) n.xbgr.xr25_u16.nr1: WARNING: V(i2,c) voltage is greater than specified by vmax
OSDI(debug) n.xbgr.xr25_u15.nr1: WARNING: V(i1,c) voltage is greater than specified by vmax
OSDI(debug) n.xbgr.xr25_u15.nr1: WARNING: V(i2,c) voltage is greater than specified by vmax
OSDI(debug) n.xbgr.xr25_u14.nr1: WARNING: V(i1,c) voltage is greater than specified by vmax
OSDI(debug) n.xbgr.xr25_u14.nr1: WARNING: V(i2,c) voltage is greater than specified by vmax
OSDI(debug) n.xbgr.xr25_u13.nr1: WARNING: V(i1,c) voltage is greater than specified by vmax
OSDI(debug) n.xbgr.xr25_u13.nr1: WARNING: V(i2,c) voltage is greater than specified by vmax
OSDI(debug) n.xbgr.xr25_u12.nr1: WARNING: V(i1,c) voltage is greater than specified by vmax
OSDI(debug) n.xbgr.xr25_u12.nr1: WARNING: V(i2,c) voltage is greater than specified by vmax
OSDI(debug) n.xbgr.xr25_u11.nr1: WARNING: V(i1,c) voltage is greater than specified by vmax
OSDI(debug) n.xbgr.xr25_u11.nr1: WARNING: V(i2,c) voltage is greater than specified by vmax
OSDI(debug) n.xbgr.xr25_u10.nr1: WARNING: V(i1,c) voltage is greater than specified by vmax
OSDI(debug) n.xbgr.xr25_u10.nr1: WARNING: V(i2,c) voltage is greater than specified by vmax
OSDI(debug) n.xbgr.xr25_u9.nr1: WARNING: V(i1,c) voltage is greater than specified by vmax
OSDI(debug) n.xbgr.xr25_u9.nr1: WARNING: V(i2,c) voltage is greater than specified by vmax
OSDI(debug) n.xbgr.xr25_u8.nr1: WARNING: V(i1,c) voltage is greater than specified by vmax
OSDI(debug) n.xbgr.xr25_u8.nr1: WARNING: V(i2,c) voltage is greater than specified by vmax
OSDI(debug) n.xbgr.xr25_u7.nr1: WARNING: V(i1,c) voltage is greater than specified by vmax
OSDI(debug) n.xbgr.xr25_u7.nr1: WARNING: V(i2,c) voltage is greater than specified by vmax
OSDI(debug) n.xbgr.xr25_u6.nr1: WARNING: V(i1,c) voltage is greater than specified by vmax
OSDI(debug) n.xbgr.xr25_u6.nr1: WARNING: V(i2,c) voltage is greater than specified by vmax
OSDI(debug) n.xbgr.xr25_u5.nr1: WARNING: V(i1,c) voltage is greater than specified by vmax
OSDI(debug) n.xbgr.xr25_u5.nr1: WARNING: V(i2,c) voltage is greater than specified by vmax
OSDI(debug) n.xbgr.xr25_u4.nr1: WARNING: V(i1,c) voltage is greater than specified by vmax
OSDI(debug) n.xbgr.xr25_u4.nr1: WARNING: V(i2,c) voltage is greater than specified by vmax
OSDI(debug) n.xbgr.xr25_u3.nr1: WARNING: V(i1,c) voltage is greater than specified by vmax
OSDI(debug) n.xbgr.xr25_u3.nr1: WARNING: V(i2,c) voltage is greater than specified by vmax
OSDI(debug) n.xbgr.xr25_u2.nr1: WARNING: V(i1,c) voltage is greater than specified by vmax
OSDI(debug) n.xbgr.xr25_u2.nr1: WARNING: V(i2,c) voltage is greater than specified by vmax
OSDI(debug) n.xbgr.xr24_u24.nr1: WARNING: V(i1,c) voltage is greater than specified by vmax
OSDI(debug) n.xbgr.xr24_u24.nr1: WARNING: V(i2,c) voltage is greater than specified by vmax
OSDI(debug) n.xbgr.xr24_u23.nr1: WARNING: V(i1,c) voltage is greater than specified by vmax
OSDI(debug) n.xbgr.xr24_u23.nr1: WARNING: V(i2,c) voltage is greater than specified by vmax
OSDI(debug) n.xbgr.xr24_u22.nr1: WARNING: V(i1,c) voltage is greater than specified by vmax
OSDI(debug) n.xbgr.xr24_u22.nr1: WARNING: V(i2,c) voltage is greater than specified by vmax
OSDI(debug) n.xbgr.xr24_u21.nr1: WARNING: V(i1,c) voltage is greater than specified by vmax
OSDI(debug) n.xbgr.xr24_u21.nr1: WARNING: V(i2,c) voltage is greater than specified by vmax
OSDI(debug) n.xbgr.xr24_u20.nr1: WARNING: V(i1,c) voltage is greater than specified by vmax
OSDI(debug) n.xbgr.xr24_u20.nr1: WARNING: V(i2,c) voltage is greater than specified by vmax
OSDI(debug) n.xbgr.xr24_u19.nr1: WARNING: V(i1,c) voltage is greater than specified by vmax
OSDI(debug) n.xbgr.xr24_u19.nr1: WARNING: V(i2,c) voltage is greater than specified by vmax
OSDI(debug) n.xbgr.xr24_u18.nr1: WARNING: V(i1,c) voltage is greater than specified by vmax
OSDI(debug) n.xbgr.xr24_u18.nr1: WARNING: V(i2,c) voltage is greater than specified by vmax
OSDI(debug) n.xbgr.xr24_u17.nr1: WARNING: V(i1,c) voltage is greater than specified by vmax
OSDI(debug) n.xbgr.xr24_u17.nr1: WARNING: V(i2,c) voltage is greater than specified by vmax
OSDI(debug) n.xbgr.xr24_u16.nr1: WARNING: V(i1,c) voltage is greater than specified by vmax
OSDI(debug) n.xbgr.xr24_u16.nr1: WARNING: V(i2,c) voltage is greater than specified by vmax
OSDI(debug) n.xbgr.xr24_u15.nr1: WARNING: V(i1,c) voltage is greater than specified by vmax
OSDI(debug) n.xbgr.xr24_u15.nr1: WARNING: V(i2,c) voltage is greater than specified by vmax
OSDI(debug) n.xbgr.xr24_u14.nr1: WARNING: V(i1,c) voltage is greater than specified by vmax
OSDI(debug) n.xbgr.xr24_u14.nr1: WARNING: V(i2,c) voltage is greater than specified by vmax
OSDI(debug) n.xbgr.xr24_u13.nr1: WARNING: V(i1,c) voltage is greater than specified by vmax
OSDI(debug) n.xbgr.xr24_u13.nr1: WARNING: V(i2,c) voltage is greater than specified by vmax
OSDI(debug) n.xbgr.xr24_u12.nr1: WARNING: V(i1,c) voltage is greater than specified by vmax
OSDI(debug) n.xbgr.xr24_u12.nr1: WARNING: V(i2,c) voltage is greater than specified by vmax
OSDI(debug) n.xbgr.xr24_u11.nr1: WARNING: V(i1,c) voltage is greater than specified by vmax
OSDI(debug) n.xbgr.xr24_u11.nr1: WARNING: V(i2,c) voltage is greater than specified by vmax
OSDI(debug) n.xbgr.xr24_u10.nr1: WARNING: V(i1,c) voltage is greater than specified by vmax
OSDI(debug) n.xbgr.xr24_u10.nr1: WARNING: V(i2,c) voltage is greater than specified by vmax
OSDI(debug) n.xbgr.xr24_u9.nr1: WARNING: V(i1,c) voltage is greater than specified by vmax
OSDI(debug) n.xbgr.xr24_u9.nr1: WARNING: V(i2,c) voltage is greater than specified by vmax
OSDI(debug) n.xbgr.xr24_u8.nr1: WARNING: V(i1,c) voltage is greater than specified by vmax
OSDI(debug) n.xbgr.xr24_u8.nr1: WARNING: V(i2,c) voltage is greater than specified by vmax
OSDI(debug) n.xbgr.xr24_u7.nr1: WARNING: V(i1,c) voltage is greater than specified by vmax
OSDI(debug) n.xbgr.xr24_u7.nr1: WARNING: V(i2,c) voltage is greater than specified by vmax
OSDI(debug) n.xbgr.xr24_u6.nr1: WARNING: V(i1,c) voltage is greater than specified by vmax
OSDI(debug) n.xbgr.xr24_u6.nr1: WARNING: V(i2,c) voltage is greater than specified by vmax
OSDI(debug) n.xbgr.xr24_u5.nr1: WARNING: V(i1,c) voltage is greater than specified by vmax
OSDI(debug) n.xbgr.xr24_u5.nr1: WARNING: V(i2,c) voltage is greater than specified by vmax
OSDI(debug) n.xbgr.xr24_u4.nr1: WARNING: V(i1,c) voltage is greater than specified by vmax
OSDI(debug) n.xbgr.xr24_u4.nr1: WARNING: V(i2,c) voltage is greater than specified by vmax
OSDI(debug) n.xbgr.xr24_u3.nr1: WARNING: V(i1,c) voltage is greater than specified by vmax
OSDI(debug) n.xbgr.xr24_u3.nr1: WARNING: V(i2,c) voltage is greater than specified by vmax
OSDI(debug) n.xbgr.xr24_u2.nr1: WARNING: V(i1,c) voltage is greater than specified by vmax
OSDI(debug) n.xbgr.xr24_u2.nr1: WARNING: V(i2,c) voltage is greater than specified by vmax
OSDI(debug) n.xbgr.xr23_u24.nr1: WARNING: V(i1,c) voltage is greater than specified by vmax
OSDI(debug) n.xbgr.xr23_u24.nr1: WARNING: V(i2,c) voltage is greater than specified by vmax
OSDI(debug) n.xbgr.xr23_u23.nr1: WARNING: V(i1,c) voltage is greater than specified by vmax
OSDI(debug) n.xbgr.xr23_u23.nr1: WARNING: V(i2,c) voltage is greater than specified by vmax
OSDI(debug) n.xbgr.xr23_u22.nr1: WARNING: V(i1,c) voltage is greater than specified by vmax
OSDI(debug) n.xbgr.xr23_u22.nr1: WARNING: V(i2,c) voltage is greater than specified by vmax
OSDI(debug) n.xbgr.xr23_u21.nr1: WARNING: V(i1,c) voltage is greater than specified by vmax
OSDI(debug) n.xbgr.xr23_u21.nr1: WARNING: V(i2,c) voltage is greater than specified by vmax
OSDI(debug) n.xbgr.xr23_u20.nr1: WARNING: V(i1,c) voltage is greater than specified by vmax
OSDI(debug) n.xbgr.xr23_u20.nr1: WARNING: V(i2,c) voltage is greater than specified by vmax
OSDI(debug) n.xbgr.xr23_u19.nr1: WARNING: V(i1,c) voltage is greater than specified by vmax
OSDI(debug) n.xbgr.xr23_u19.nr1: WARNING: V(i2,c) voltage is greater than specified by vmax
OSDI(debug) n.xbgr.xr23_u18.nr1: WARNING: V(i1,c) voltage is greater than specified by vmax
OSDI(debug) n.xbgr.xr23_u18.nr1: WARNING: V(i2,c) voltage is greater than specified by vmax
OSDI(debug) n.xbgr.xr23_u17.nr1: WARNING: V(i1,c) voltage is greater than specified by vmax
OSDI(debug) n.xbgr.xr23_u17.nr1: WARNING: V(i2,c) voltage is greater than specified by vmax
OSDI(debug) n.xbgr.xr23_u16.nr1: WARNING: V(i1,c) voltage is greater than specified by vmax
OSDI(debug) n.xbgr.xr23_u16.nr1: WARNING: V(i2,c) voltage is greater than specified by vmax
OSDI(debug) n.xbgr.xr23_u15.nr1: WARNING: V(i1,c) voltage is greater than specified by vmax
OSDI(debug) n.xbgr.xr23_u15.nr1: WARNING: V(i2,c) voltage is greater than specified by vmax
OSDI(debug) n.xbgr.xr23_u14.nr1: WARNING: V(i1,c) voltage is greater than specified by vmax
OSDI(debug) n.xbgr.xr23_u14.nr1: WARNING: V(i2,c) voltage is greater than specified by vmax
OSDI(debug) n.xbgr.xr23_u13.nr1: WARNING: V(i1,c) voltage is greater than specified by vmax
OSDI(debug) n.xbgr.xr23_u13.nr1: WARNING: V(i2,c) voltage is greater than specified by vmax
OSDI(debug) n.xbgr.xr23_u12.nr1: WARNING: V(i1,c) voltage is greater than specified by vmax
OSDI(debug) n.xbgr.xr23_u12.nr1: WARNING: V(i2,c) voltage is greater than specified by vmax
OSDI(debug) n.xbgr.xr23_u11.nr1: WARNING: V(i1,c) voltage is greater than specified by vmax
OSDI(debug) n.xbgr.xr23_u11.nr1: WARNING: V(i2,c) voltage is greater than specified by vmax
OSDI(debug) n.xbgr.xr23_u10.nr1: WARNING: V(i1,c) voltage is greater than specified by vmax
OSDI(debug) n.xbgr.xr23_u10.nr1: WARNING: V(i2,c) voltage is greater than specified by vmax
OSDI(debug) n.xbgr.xr23_u9.nr1: WARNING: V(i1,c) voltage is greater than specified by vmax
OSDI(debug) n.xbgr.xr23_u9.nr1: WARNING: V(i2,c) voltage is greater than specified by vmax
OSDI(debug) n.xbgr.xr23_u8.nr1: WARNING: V(i1,c) voltage is greater than specified by vmax
OSDI(debug) n.xbgr.xr23_u8.nr1: WARNING: V(i2,c) voltage is greater than specified by vmax
OSDI(debug) n.xbgr.xr23_u7.nr1: WARNING: V(i1,c) voltage is greater than specified by vmax
OSDI(debug) n.xbgr.xr23_u7.nr1: WARNING: V(i2,c) voltage is greater than specified by vmax
OSDI(debug) n.xbgr.xr23_u6.nr1: WARNING: V(i1,c) voltage is greater than specified by vmax
OSDI(debug) n.xbgr.xr23_u6.nr1: WARNING: V(i2,c) voltage is greater than specified by vmax
OSDI(debug) n.xbgr.xr23_u5.nr1: WARNING: V(i1,c) voltage is greater than specified by vmax
OSDI(debug) n.xbgr.xr23_u5.nr1: WARNING: V(i2,c) voltage is greater than specified by vmax
OSDI(debug) n.xbgr.xr23_u4.nr1: WARNING: V(i1,c) voltage is greater than specified by vmax
OSDI(debug) n.xbgr.xr23_u4.nr1: WARNING: V(i2,c) voltage is greater than specified by vmax
OSDI(debug) n.xbgr.xr23_u3.nr1: WARNING: V(i1,c) voltage is greater than specified by vmax
OSDI(debug) n.xbgr.xr23_u3.nr1: WARNING: V(i2,c) voltage is greater than specified by vmax
OSDI(debug) n.xbgr.xr23_u2.nr1: WARNING: V(i1,c) voltage is greater than specified by vmax
OSDI(debug) n.xbgr.xr23_u2.nr1: WARNING: V(i2,c) voltage is greater than specified by vmax
OSDI(debug) n.xbgr.xr22_u4.nr1: WARNING: V(i1,c) voltage is greater than specified by vmax
OSDI(debug) n.xbgr.xr22_u3.nr1: WARNING: V(i1,c) voltage is greater than specified by vmax
OSDI(debug) n.xbgr.xr22_u2.nr1: WARNING: V(i1,c) voltage is greater than specified by vmax
OSDI(debug) n.xbgr.xr21_u4.nr1: WARNING: V(i1,c) voltage is greater than specified by vmax
OSDI(debug) n.xbgr.xr21_u4.nr1: WARNING: V(i2,c) voltage is greater than specified by vmax
OSDI(debug) n.xbgr.xr21_u3.nr1: WARNING: V(i1,c) voltage is greater than specified by vmax
OSDI(debug) n.xbgr.xr21_u3.nr1: WARNING: V(i2,c) voltage is greater than specified by vmax
OSDI(debug) n.xbgr.xr21_u2.nr1: WARNING: V(i1,c) voltage is greater than specified by vmax
OSDI(debug) n.xbgr.xr21_u2.nr1: WARNING: V(i2,c) voltage is greater than specified by vmax
OSDI(debug) n.xbgr.xr20_u4.nr1: WARNING: V(i1,c) voltage is greater than specified by vmax
OSDI(debug) n.xbgr.xr20_u4.nr1: WARNING: V(i2,c) voltage is greater than specified by vmax
OSDI(debug) n.xbgr.xr20_u3.nr1: WARNING: V(i1,c) voltage is greater than specified by vmax
OSDI(debug) n.xbgr.xr20_u3.nr1: WARNING: V(i2,c) voltage is greater than specified by vmax
OSDI(debug) n.xbgr.xr20_u2.nr1: WARNING: V(i1,c) voltage is greater than specified by vmax
OSDI(debug) n.xbgr.xr20_u2.nr1: WARNING: V(i2,c) voltage is greater than specified by vmax
OSDI(debug) n.xbgr.xr19_u4.nr1: WARNING: V(i1,c) voltage is greater than specified by vmax
OSDI(debug) n.xbgr.xr19_u4.nr1: WARNING: V(i2,c) voltage is greater than specified by vmax
OSDI(debug) n.xbgr.xr19_u3.nr1: WARNING: V(i1,c) voltage is greater than specified by vmax
OSDI(debug) n.xbgr.xr19_u3.nr1: WARNING: V(i2,c) voltage is greater than specified by vmax
OSDI(debug) n.xbgr.xr19_u2.nr1: WARNING: V(i1,c) voltage is greater than specified by vmax
OSDI(debug) n.xbgr.xr19_u2.nr1: WARNING: V(i2,c) voltage is greater than specified by vmax
OSDI(debug) n.xbgr.xr18_u4.nr1: WARNING: V(i1,c) voltage is greater than specified by vmax
OSDI(debug) n.xbgr.xr18_u4.nr1: WARNING: V(i2,c) voltage is greater than specified by vmax
OSDI(debug) n.xbgr.xr18_u3.nr1: WARNING: V(i1,c) voltage is greater than specified by vmax
OSDI(debug) n.xbgr.xr18_u3.nr1: WARNING: V(i2,c) voltage is greater than specified by vmax
OSDI(debug) n.xbgr.xr18_u2.nr1: WARNING: V(i1,c) voltage is greater than specified by vmax
OSDI(debug) n.xbgr.xr18_u2.nr1: WARNING: V(i2,c) voltage is greater than specified by vmax
OSDI(debug) n.xbgr.xr17_u4.nr1: WARNING: V(i1,c) voltage is greater than specified by vmax
OSDI(debug) n.xbgr.xr17_u4.nr1: WARNING: V(i2,c) voltage is greater than specified by vmax
OSDI(debug) n.xbgr.xr17_u3.nr1: WARNING: V(i1,c) voltage is greater than specified by vmax
OSDI(debug) n.xbgr.xr17_u3.nr1: WARNING: V(i2,c) voltage is greater than specified by vmax
OSDI(debug) n.xbgr.xr17_u2.nr1: WARNING: V(i1,c) voltage is greater than specified by vmax
OSDI(debug) n.xbgr.xr17_u2.nr1: WARNING: V(i2,c) voltage is greater than specified by vmax
OSDI(debug) n.xbgr.xr16_u24.nr1: WARNING: V(i2,c) voltage is greater than specified by vmax
OSDI(debug) n.xbgr.xr16_u23.nr1: WARNING: V(i2,c) voltage is greater than specified by vmax
OSDI(debug) n.xbgr.xr16_u22.nr1: WARNING: V(i2,c) voltage is greater than specified by vmax
OSDI(debug) n.xbgr.xr16_u21.nr1: WARNING: V(i2,c) voltage is greater than specified by vmax
OSDI(debug) n.xbgr.xr16_u20.nr1: WARNING: V(i2,c) voltage is greater than specified by vmax
OSDI(debug) n.xbgr.xr16_u19.nr1: WARNING: V(i2,c) voltage is greater than specified by vmax
OSDI(debug) n.xbgr.xr16_u18.nr1: WARNING: V(i2,c) voltage is greater than specified by vmax
OSDI(debug) n.xbgr.xr16_u17.nr1: WARNING: V(i2,c) voltage is greater than specified by vmax
OSDI(debug) n.xbgr.xr16_u16.nr1: WARNING: V(i2,c) voltage is greater than specified by vmax
OSDI(debug) n.xbgr.xr16_u15.nr1: WARNING: V(i2,c) voltage is greater than specified by vmax
OSDI(debug) n.xbgr.xr16_u14.nr1: WARNING: V(i2,c) voltage is greater than specified by vmax
OSDI(debug) n.xbgr.xr16_u13.nr1: WARNING: V(i2,c) voltage is greater than specified by vmax
OSDI(debug) n.xbgr.xr16_u12.nr1: WARNING: V(i2,c) voltage is greater than specified by vmax
OSDI(debug) n.xbgr.xr16_u11.nr1: WARNING: V(i2,c) voltage is greater than specified by vmax
OSDI(debug) n.xbgr.xr16_u10.nr1: WARNING: V(i2,c) voltage is greater than specified by vmax
OSDI(debug) n.xbgr.xr16_u9.nr1: WARNING: V(i2,c) voltage is greater than specified by vmax
OSDI(debug) n.xbgr.xr16_u8.nr1: WARNING: V(i2,c) voltage is greater than specified by vmax
OSDI(debug) n.xbgr.xr16_u7.nr1: WARNING: V(i2,c) voltage is greater than specified by vmax
OSDI(debug) n.xbgr.xr16_u6.nr1: WARNING: V(i2,c) voltage is greater than specified by vmax
OSDI(debug) n.xbgr.xr16_u5.nr1: WARNING: V(i2,c) voltage is greater than specified by vmax
OSDI(debug) n.xbgr.xr16_u4.nr1: WARNING: V(i2,c) voltage is greater than specified by vmax
OSDI(debug) n.xbgr.xr16_u3.nr1: WARNING: V(i2,c) voltage is greater than specified by vmax
OSDI(debug) n.xbgr.xr16_u2.nr1: WARNING: V(i2,c) voltage is greater than specified by vmax
OSDI(debug) n.xbgr.xr86.nr1: WARNING: V(i1,c) voltage is greater than specified by vmax
OSDI(debug) n.xbgr.xr86.nr1: WARNING: V(i2,c) voltage is greater than specified by vmax
OSDI(debug) n.xbgr.xr85.nr1: WARNING: V(i1,c) voltage is greater than specified by vmax
OSDI(debug) n.xbgr.xr85.nr1: WARNING: V(i2,c) voltage is greater than specified by vmax
OSDI(debug) n.xbgr.xr84.nr1: WARNING: V(i1,c) voltage is greater than specified by vmax
OSDI(debug) n.xbgr.xr84.nr1: WARNING: V(i2,c) voltage is greater than specified by vmax
OSDI(debug) n.xbgr.xr83.nr1: WARNING: V(i1,c) voltage is greater than specified by vmax
OSDI(debug) n.xbgr.xr83.nr1: WARNING: V(i2,c) voltage is greater than specified by vmax
OSDI(debug) n.xbgr.xr82.nr1: WARNING: V(i1,c) voltage is greater than specified by vmax
OSDI(debug) n.xbgr.xr82.nr1: WARNING: V(i2,c) voltage is greater than specified by vmax
OSDI(debug) n.xbgr.xr81.nr1: WARNING: V(i1,c) voltage is greater than specified by vmax
OSDI(debug) n.xbgr.xr81.nr1: WARNING: V(i2,c) voltage is greater than specified by vmax
OSDI(debug) n.xbgr.xr80.nr1: WARNING: V(i1,c) voltage is greater than specified by vmax
OSDI(debug) n.xbgr.xr80.nr1: WARNING: V(i2,c) voltage is greater than specified by vmax
OSDI(debug) n.xbgr.xr79.nr1: WARNING: V(i1,c) voltage is greater than specified by vmax
OSDI(debug) n.xbgr.xr79.nr1: WARNING: V(i2,c) voltage is greater than specified by vmax
OSDI(debug) n.xbgr.xr78.nr1: WARNING: V(i1,c) voltage is greater than specified by vmax
OSDI(debug) n.xbgr.xr78.nr1: WARNING: V(i2,c) voltage is greater than specified by vmax
OSDI(debug) n.xbgr.xr77.nr1: WARNING: V(i1,c) voltage is greater than specified by vmax
OSDI(debug) n.xbgr.xr77.nr1: WARNING: V(i2,c) voltage is greater than specified by vmax
OSDI(debug) n.xbgr.xr26.nr1: WARNING: V(i1,c) voltage is greater than specified by vmax
OSDI(debug) n.xbgr.xr26.nr1: WARNING: V(i2,c) voltage is greater than specified by vmax
OSDI(debug) n.xbgr.xr25.nr1: WARNING: V(i1,c) voltage is greater than specified by vmax
OSDI(debug) n.xbgr.xr25.nr1: WARNING: V(i2,c) voltage is greater than specified by vmax
OSDI(debug) n.xbgr.xr24.nr1: WARNING: V(i1,c) voltage is greater than specified by vmax
OSDI(debug) n.xbgr.xr24.nr1: WARNING: V(i2,c) voltage is greater than specified by vmax
OSDI(debug) n.xbgr.xr23.nr1: WARNING: V(i1,c) voltage is greater than specified by vmax
OSDI(debug) n.xbgr.xr23.nr1: WARNING: V(i2,c) voltage is greater than specified by vmax
OSDI(debug) n.xbgr.xr22.nr1: WARNING: V(i1,c) voltage is greater than specified by vmax
OSDI(debug) n.xbgr.xr21.nr1: WARNING: V(i1,c) voltage is greater than specified by vmax
OSDI(debug) n.xbgr.xr21.nr1: WARNING: V(i2,c) voltage is greater than specified by vmax
OSDI(debug) n.xbgr.xr20.nr1: WARNING: V(i1,c) voltage is greater than specified by vmax
OSDI(debug) n.xbgr.xr20.nr1: WARNING: V(i2,c) voltage is greater than specified by vmax
OSDI(debug) n.xbgr.xr19.nr1: WARNING: V(i1,c) voltage is greater than specified by vmax
OSDI(debug) n.xbgr.xr19.nr1: WARNING: V(i2,c) voltage is greater than specified by vmax
OSDI(debug) n.xbgr.xr18.nr1: WARNING: V(i1,c) voltage is greater than specified by vmax
OSDI(debug) n.xbgr.xr18.nr1: WARNING: V(i2,c) voltage is greater than specified by vmax
OSDI(debug) n.xbgr.xr17.nr1: WARNING: V(i1,c) voltage is greater than specified by vmax
OSDI(debug) n.xbgr.xr17.nr1: WARNING: V(i2,c) voltage is greater than specified by vmax
OSDI(debug) n.xbgr.xr16.nr1: WARNING: V(i2,c) voltage is greater than specified by vmax
OSDI(debug) n.xbgr.xr11.nr1: WARNING: V(i1,c) voltage is greater than specified by vmax
OSDI(debug) n.xbgr.xr11.nr1: WARNING: V(i2,c) voltage is greater than specified by vmax
OSDI(debug) n.xbgr.xr10.nr1: WARNING: V(i1,c) voltage is greater than specified by vmax
OSDI(debug) n.xbgr.xr10.nr1: WARNING: V(i2,c) voltage is greater than specified by vmax
OSDI(debug) n.xbgr.xr9.nr1: WARNING: V(i1,c) voltage is greater than specified by vmax
OSDI(debug) n.xbgr.xr8.nr1: WARNING: V(i1,c) voltage is greater than specified by vmax
OSDI(debug) n.xbgr.xr8.nr1: WARNING: V(i2,c) voltage is greater than specified by vmax
OSDI(debug) n.xbgr.xr7.nr1: WARNING: V(i1,c) voltage is greater than specified by vmax
OSDI(debug) n.xbgr.xr7.nr1: WARNING: V(i2,c) voltage is greater than specified by vmax
OSDI(debug) n.xbgr.xr6.nr1: WARNING: V(i1,c) voltage is greater than specified by vmax
OSDI(debug) n.xbgr.xr6.nr1: WARNING: V(i2,c) voltage is greater than specified by vmax
OSDI(debug) n.xbgr.xr5.nr1: WARNING: V(i1,c) voltage is greater than specified by vmax
OSDI(debug) n.xbgr.xr5.nr1: WARNING: V(i2,c) voltage is greater than specified by vmax
OSDI(debug) n.xbgr.xr4.nr1: WARNING: V(i1,c) voltage is greater than specified by vmax
OSDI(debug) n.xbgr.xr4.nr1: WARNING: V(i2,c) voltage is greater than specified by vmax
OSDI(debug) n.xbgr.xr3.nr1: WARNING: V(i1,c) voltage is greater than specified by vmax
OSDI(debug) n.xbgr.xr3.nr1: WARNING: V(i2,c) voltage is greater than specified by vmax
OSDI(debug) n.xbgr.xr2.nr1: WARNING: V(i1,c) voltage is greater than specified by vmax
OSDI(debug) n.xbgr.xr2.nr1: WARNING: V(i2,c) voltage is greater than specified by vmax
OSDI(debug) n.xt2f.xr12.nr1: WARNING: V(i1,c) voltage is greater than specified by vmax
OSDI(debug) n.xt2f.xr12.nr1: WARNING: V(i2,c) voltage is greater than specified by vmax
OSDI(debug) n.xt2f.xr11.nr1: WARNING: V(i1,c) voltage is greater than specified by vmax
OSDI(debug) n.xt2f.xr11.nr1: WARNING: V(i2,c) voltage is greater than specified by vmax
OSDI(debug) n.xt2f.xr10.nr1: WARNING: V(i1,c) voltage is greater than specified by vmax
OSDI(debug) n.xt2f.xr10.nr1: WARNING: V(i2,c) voltage is greater than specified by vmax
OSDI(debug) n.xt2f.xr9.nr1: WARNING: V(i1,c) voltage is greater than specified by vmax
OSDI(debug) n.xt2f.xr9.nr1: WARNING: V(i2,c) voltage is greater than specified by vmax
OSDI(debug) n.xt2f.xr8.nr1: WARNING: V(i1,c) voltage is greater than specified by vmax
OSDI(debug) n.xt2f.xr8.nr1: WARNING: V(i2,c) voltage is greater than specified by vmax
OSDI(debug) n.xt2f.xr7.nr1: WARNING: V(i1,c) voltage is greater than specified by vmax
OSDI(debug) n.xt2f.xr7.nr1: WARNING: V(i2,c) voltage is greater than specified by vmax
OSDI(debug) n.xt2f.xr6.nr1: WARNING: V(i1,c) voltage is greater than specified by vmax
OSDI(debug) n.xt2f.xr6.nr1: WARNING: V(i2,c) voltage is greater than specified by vmax
OSDI(debug) n.xt2f.xr5.nr1: WARNING: V(i1,c) voltage is greater than specified by vmax
OSDI(debug) n.xt2f.xr5.nr1: WARNING: V(i2,c) voltage is greater than specified by vmax
OSDI(debug) n.xt2f.xr4.nr1: WARNING: V(i2,c) voltage is greater than specified by vmax
OSDI(debug) n.xt2f.xr3.nr1: WARNING: V(i1,c) voltage is greater than specified by vmax
OSDI(debug) n.xt2f.xr3.nr1: WARNING: V(i2,c) voltage is greater than specified by vmax
OSDI(debug) n.xbgr.xr86_u24.nr1: WARNING: V(i1,c) voltage is greater than specified by vmax
OSDI(debug) n.xbgr.xr86_u24.nr1: WARNING: V(i2,c) voltage is greater than specified by vmax
OSDI(debug) n.xbgr.xr86_u23.nr1: WARNING: V(i1,c) voltage is greater than specified by vmax
OSDI(debug) n.xbgr.xr86_u23.nr1: WARNING: V(i2,c) voltage is greater than specified by vmax
OSDI(debug) n.xbgr.xr86_u22.nr1: WARNING: V(i1,c) voltage is greater than specified by vmax
OSDI(debug) n.xbgr.xr86_u22.nr1: WARNING: V(i2,c) voltage is greater than specified by vmax
OSDI(debug) n.xbgr.xr86_u21.nr1: WARNING: V(i1,c) voltage is greater than specified by vmax
OSDI(debug) n.xbgr.xr86_u21.nr1: WARNING: V(i2,c) voltage is greater than specified by vmax
OSDI(debug) n.xbgr.xr86_u20.nr1: WARNING: V(i1,c) voltage is greater than specified by vmax
OSDI(debug) n.xbgr.xr86_u20.nr1: WARNING: V(i2,c) voltage is greater than specified by vmax
OSDI(debug) n.xbgr.xr86_u19.nr1: WARNING: V(i1,c) voltage is greater than specified by vmax
OSDI(debug) n.xbgr.xr86_u19.nr1: WARNING: V(i2,c) voltage is greater than specified by vmax
OSDI(debug) n.xbgr.xr86_u18.nr1: WARNING: V(i1,c) voltage is greater than specified by vmax
OSDI(debug) n.xbgr.xr86_u18.nr1: WARNING: V(i2,c) voltage is greater than specified by vmax
OSDI(debug) n.xbgr.xr86_u17.nr1: WARNING: V(i1,c) voltage is greater than specified by vmax
OSDI(debug) n.xbgr.xr86_u17.nr1: WARNING: V(i2,c) voltage is greater than specified by vmax
OSDI(debug) n.xbgr.xr86_u16.nr1: WARNING: V(i1,c) voltage is greater than specified by vmax
OSDI(debug) n.xbgr.xr86_u16.nr1: WARNING: V(i2,c) voltage is greater than specified by vmax
OSDI(debug) n.xbgr.xr86_u15.nr1: WARNING: V(i1,c) voltage is greater than specified by vmax
OSDI(debug) n.xbgr.xr86_u15.nr1: WARNING: V(i2,c) voltage is greater than specified by vmax
OSDI(debug) n.xbgr.xr86_u14.nr1: WARNING: V(i1,c) voltage is greater than specified by vmax
OSDI(debug) n.xbgr.xr86_u14.nr1: WARNING: V(i2,c) voltage is greater than specified by vmax
OSDI(debug) n.xbgr.xr86_u13.nr1: WARNING: V(i1,c) voltage is greater than specified by vmax
OSDI(debug) n.xbgr.xr86_u13.nr1: WARNING: V(i2,c) voltage is greater than specified by vmax
OSDI(debug) n.xbgr.xr86_u12.nr1: WARNING: V(i1,c) voltage is greater than specified by vmax
OSDI(debug) n.xbgr.xr86_u12.nr1: WARNING: V(i2,c) voltage is greater than specified by vmax
OSDI(debug) n.xbgr.xr86_u11.nr1: WARNING: V(i1,c) voltage is greater than specified by vmax
OSDI(debug) n.xbgr.xr86_u11.nr1: WARNING: V(i2,c) voltage is greater than specified by vmax
OSDI(debug) n.xbgr.xr86_u10.nr1: WARNING: V(i1,c) voltage is greater than specified by vmax
OSDI(debug) n.xbgr.xr86_u10.nr1: WARNING: V(i2,c) voltage is greater than specified by vmax
OSDI(debug) n.xbgr.xr86_u9.nr1: WARNING: V(i1,c) voltage is greater than specified by vmax
OSDI(debug) n.xbgr.xr86_u9.nr1: WARNING: V(i2,c) voltage is greater than specified by vmax
OSDI(debug) n.xbgr.xr86_u8.nr1: WARNING: V(i1,c) voltage is greater than specified by vmax
OSDI(debug) n.xbgr.xr86_u8.nr1: WARNING: V(i2,c) voltage is greater than specified by vmax
OSDI(debug) n.xbgr.xr86_u7.nr1: WARNING: V(i1,c) voltage is greater than specified by vmax
OSDI(debug) n.xbgr.xr86_u7.nr1: WARNING: V(i2,c) voltage is greater than specified by vmax
OSDI(debug) n.xbgr.xr86_u6.nr1: WARNING: V(i1,c) voltage is greater than specified by vmax
OSDI(debug) n.xbgr.xr86_u6.nr1: WARNING: V(i2,c) voltage is greater than specified by vmax
OSDI(debug) n.xbgr.xr86_u5.nr1: WARNING: V(i1,c) voltage is greater than specified by vmax
OSDI(debug) n.xbgr.xr86_u5.nr1: WARNING: V(i2,c) voltage is greater than specified by vmax
OSDI(debug) n.xbgr.xr86_u4.nr1: WARNING: V(i1,c) voltage is greater than specified by vmax
OSDI(debug) n.xbgr.xr86_u4.nr1: WARNING: V(i2,c) voltage is greater than specified by vmax
OSDI(debug) n.xbgr.xr86_u3.nr1: WARNING: V(i1,c) voltage is greater than specified by vmax
OSDI(debug) n.xbgr.xr86_u3.nr1: WARNING: V(i2,c) voltage is greater than specified by vmax
OSDI(debug) n.xbgr.xr86_u2.nr1: WARNING: V(i1,c) voltage is greater than specified by vmax
OSDI(debug) n.xbgr.xr86_u2.nr1: WARNING: V(i2,c) voltage is greater than specified by vmax
OSDI(debug) n.xbgr.xr85_u24.nr1: WARNING: V(i1,c) voltage is greater than specified by vmax
OSDI(debug) n.xbgr.xr85_u24.nr1: WARNING: V(i2,c) voltage is greater than specified by vmax
OSDI(debug) n.xbgr.xr85_u23.nr1: WARNING: V(i1,c) voltage is greater than specified by vmax
OSDI(debug) n.xbgr.xr85_u23.nr1: WARNING: V(i2,c) voltage is greater than specified by vmax
OSDI(debug) n.xbgr.xr85_u22.nr1: WARNING: V(i1,c) voltage is greater than specified by vmax
OSDI(debug) n.xbgr.xr85_u22.nr1: WARNING: V(i2,c) voltage is greater than specified by vmax
OSDI(debug) n.xbgr.xr85_u21.nr1: WARNING: V(i1,c) voltage is greater than specified by vmax
OSDI(debug) n.xbgr.xr85_u21.nr1: WARNING: V(i2,c) voltage is greater than specified by vmax
OSDI(debug) n.xbgr.xr85_u20.nr1: WARNING: V(i1,c) voltage is greater than specified by vmax
OSDI(debug) n.xbgr.xr85_u20.nr1: WARNING: V(i2,c) voltage is greater than specified by vmax
OSDI(debug) n.xbgr.xr85_u19.nr1: WARNING: V(i1,c) voltage is greater than specified by vmax
OSDI(debug) n.xbgr.xr85_u19.nr1: WARNING: V(i2,c) voltage is greater than specified by vmax
OSDI(debug) n.xbgr.xr85_u18.nr1: WARNING: V(i1,c) voltage is greater than specified by vmax
OSDI(debug) n.xbgr.xr85_u18.nr1: WARNING: V(i2,c) voltage is greater than specified by vmax
OSDI(debug) n.xbgr.xr85_u17.nr1: WARNING: V(i1,c) voltage is greater than specified by vmax
OSDI(debug) n.xbgr.xr85_u17.nr1: WARNING: V(i2,c) voltage is greater than specified by vmax
OSDI(debug) n.xbgr.xr85_u16.nr1: WARNING: V(i1,c) voltage is greater than specified by vmax
OSDI(debug) n.xbgr.xr85_u16.nr1: WARNING: V(i2,c) voltage is greater than specified by vmax
OSDI(debug) n.xbgr.xr85_u15.nr1: WARNING: V(i1,c) voltage is greater than specified by vmax
OSDI(debug) n.xbgr.xr85_u15.nr1: WARNING: V(i2,c) voltage is greater than specified by vmax
OSDI(debug) n.xbgr.xr85_u14.nr1: WARNING: V(i1,c) voltage is greater than specified by vmax
OSDI(debug) n.xbgr.xr85_u14.nr1: WARNING: V(i2,c) voltage is greater than specified by vmax
OSDI(debug) n.xbgr.xr85_u13.nr1: WARNING: V(i1,c) voltage is greater than specified by vmax
OSDI(debug) n.xbgr.xr85_u13.nr1: WARNING: V(i2,c) voltage is greater than specified by vmax
OSDI(debug) n.xbgr.xr85_u12.nr1: WARNING: V(i1,c) voltage is greater than specified by vmax
OSDI(debug) n.xbgr.xr85_u12.nr1: WARNING: V(i2,c) voltage is greater than specified by vmax
OSDI(debug) n.xbgr.xr85_u11.nr1: WARNING: V(i1,c) voltage is greater than specified by vmax
OSDI(debug) n.xbgr.xr85_u11.nr1: WARNING: V(i2,c) voltage is greater than specified by vmax
OSDI(debug) n.xbgr.xr85_u10.nr1: WARNING: V(i1,c) voltage is greater than specified by vmax
OSDI(debug) n.xbgr.xr85_u10.nr1: WARNING: V(i2,c) voltage is greater than specified by vmax
OSDI(debug) n.xbgr.xr85_u9.nr1: WARNING: V(i1,c) voltage is greater than specified by vmax
OSDI(debug) n.xbgr.xr85_u9.nr1: WARNING: V(i2,c) voltage is greater than specified by vmax
OSDI(debug) n.xbgr.xr85_u8.nr1: WARNING: V(i1,c) voltage is greater than specified by vmax
OSDI(debug) n.xbgr.xr85_u8.nr1: WARNING: V(i2,c) voltage is greater than specified by vmax
OSDI(debug) n.xbgr.xr85_u7.nr1: WARNING: V(i1,c) voltage is greater than specified by vmax
OSDI(debug) n.xbgr.xr85_u7.nr1: WARNING: V(i2,c) voltage is greater than specified by vmax
OSDI(debug) n.xbgr.xr85_u6.nr1: WARNING: V(i1,c) voltage is greater than specified by vmax
OSDI(debug) n.xbgr.xr85_u6.nr1: WARNING: V(i2,c) voltage is greater than specified by vmax
OSDI(debug) n.xbgr.xr85_u5.nr1: WARNING: V(i1,c) voltage is greater than specified by vmax
OSDI(debug) n.xbgr.xr85_u5.nr1: WARNING: V(i2,c) voltage is greater than specified by vmax
OSDI(debug) n.xbgr.xr85_u4.nr1: WARNING: V(i1,c) voltage is greater than specified by vmax
OSDI(debug) n.xbgr.xr85_u4.nr1: WARNING: V(i2,c) voltage is greater than specified by vmax
OSDI(debug) n.xbgr.xr85_u3.nr1: WARNING: V(i1,c) voltage is greater than specified by vmax
OSDI(debug) n.xbgr.xr85_u3.nr1: WARNING: V(i2,c) voltage is greater than specified by vmax
OSDI(debug) n.xbgr.xr85_u2.nr1: WARNING: V(i1,c) voltage is greater than specified by vmax
OSDI(debug) n.xbgr.xr85_u2.nr1: WARNING: V(i2,c) voltage is greater than specified by vmax
OSDI(debug) n.xbgr.xr84_u24.nr1: WARNING: V(i1,c) voltage is greater than specified by vmax
OSDI(debug) n.xbgr.xr84_u24.nr1: WARNING: V(i2,c) voltage is greater than specified by vmax
OSDI(debug) n.xbgr.xr84_u23.nr1: WARNING: V(i1,c) voltage is greater than specified by vmax
OSDI(debug) n.xbgr.xr84_u23.nr1: WARNING: V(i2,c) voltage is greater than specified by vmax
OSDI(debug) n.xbgr.xr84_u22.nr1: WARNING: V(i1,c) voltage is greater than specified by vmax
OSDI(debug) n.xbgr.xr84_u22.nr1: WARNING: V(i2,c) voltage is greater than specified by vmax
OSDI(debug) n.xbgr.xr84_u21.nr1: WARNING: V(i1,c) voltage is greater than specified by vmax
OSDI(debug) n.xbgr.xr84_u21.nr1: WARNING: V(i2,c) voltage is greater than specified by vmax
OSDI(debug) n.xbgr.xr84_u20.nr1: WARNING: V(i1,c) voltage is greater than specified by vmax
OSDI(debug) n.xbgr.xr84_u20.nr1: WARNING: V(i2,c) voltage is greater than specified by vmax
OSDI(debug) n.xbgr.xr84_u19.nr1: WARNING: V(i1,c) voltage is greater than specified by vmax
OSDI(debug) n.xbgr.xr84_u19.nr1: WARNING: V(i2,c) voltage is greater than specified by vmax
OSDI(debug) n.xbgr.xr84_u18.nr1: WARNING: V(i1,c) voltage is greater than specified by vmax
OSDI(debug) n.xbgr.xr84_u18.nr1: WARNING: V(i2,c) voltage is greater than specified by vmax
OSDI(debug) n.xbgr.xr84_u17.nr1: WARNING: V(i1,c) voltage is greater than specified by vmax
OSDI(debug) n.xbgr.xr84_u17.nr1: WARNING: V(i2,c) voltage is greater than specified by vmax
OSDI(debug) n.xbgr.xr84_u16.nr1: WARNING: V(i1,c) voltage is greater than specified by vmax
OSDI(debug) n.xbgr.xr84_u16.nr1: WARNING: V(i2,c) voltage is greater than specified by vmax


The temperature limiting function received NaN.
Please check your power dissipation and improve your heat sink Rth!
    This message will be shown only once.

Note: Starting dynamic gmin stepping
OSDI(debug) n.xbgr.xr22_u4.nr1: WARNING: V(i1,c) voltage is greater than specified by vmax
OSDI(debug) n.xbgr.xr22_u4.nr1: WARNING: V(i2,c) voltage is greater than specified by vmax
OSDI(debug) n.xbgr.xr22_u3.nr1: WARNING: V(i1,c) voltage is greater than specified by vmax
OSDI(debug) n.xbgr.xr22_u3.nr1: WARNING: V(i2,c) voltage is greater than specified by vmax
OSDI(debug) n.xbgr.xr22_u2.nr1: WARNING: V(i1,c) voltage is greater than specified by vmax
OSDI(debug) n.xbgr.xr22_u2.nr1: WARNING: V(i2,c) voltage is greater than specified by vmax
OSDI(debug) n.xbgr.xr21_u4.nr1: WARNING: V(i1,c) voltage is greater than specified by vmax
OSDI(debug) n.xbgr.xr21_u4.nr1: WARNING: V(i2,c) voltage is greater than specified by vmax
OSDI(debug) n.xbgr.xr21_u3.nr1: WARNING: V(i1,c) voltage is greater than specified by vmax
OSDI(debug) n.xbgr.xr21_u3.nr1: WARNING: V(i2,c) voltage is greater than specified by vmax
OSDI(debug) n.xbgr.xr21_u2.nr1: WARNING: V(i1,c) voltage is greater than specified by vmax
OSDI(debug) n.xbgr.xr21_u2.nr1: WARNING: V(i2,c) voltage is greater than specified by vmax
OSDI(debug) n.xbgr.xr20_u4.nr1: WARNING: V(i1,c) voltage is greater than specified by vmax
OSDI(debug) n.xbgr.xr20_u4.nr1: WARNING: V(i2,c) voltage is greater than specified by vmax
OSDI(debug) n.xbgr.xr20_u3.nr1: WARNING: V(i1,c) voltage is greater than specified by vmax
OSDI(debug) n.xbgr.xr20_u3.nr1: WARNING: V(i2,c) voltage is greater than specified by vmax
OSDI(debug) n.xbgr.xr20_u2.nr1: WARNING: V(i1,c) voltage is greater than specified by vmax
OSDI(debug) n.xbgr.xr20_u2.nr1: WARNING: V(i2,c) voltage is greater than specified by vmax
OSDI(debug) n.xbgr.xr19_u4.nr1: WARNING: V(i1,c) voltage is greater than specified by vmax
OSDI(debug) n.xbgr.xr19_u4.nr1: WARNING: V(i2,c) voltage is greater than specified by vmax
OSDI(debug) n.xbgr.xr19_u3.nr1: WARNING: V(i1,c) voltage is greater than specified by vmax
OSDI(debug) n.xbgr.xr19_u3.nr1: WARNING: V(i2,c) voltage is greater than specified by vmax
OSDI(debug) n.xbgr.xr19_u2.nr1: WARNING: V(i1,c) voltage is greater than specified by vmax
OSDI(debug) n.xbgr.xr19_u2.nr1: WARNING: V(i2,c) voltage is greater than specified by vmax
OSDI(debug) n.xbgr.xr18_u4.nr1: WARNING: V(i1,c) voltage is greater than specified by vmax
OSDI(debug) n.xbgr.xr18_u4.nr1: WARNING: V(i2,c) voltage is greater than specified by vmax
OSDI(debug) n.xbgr.xr18_u3.nr1: WARNING: V(i1,c) voltage is greater than specified by vmax
OSDI(debug) n.xbgr.xr18_u3.nr1: WARNING: V(i2,c) voltage is greater than specified by vmax
OSDI(debug) n.xbgr.xr18_u2.nr1: WARNING: V(i1,c) voltage is greater than specified by vmax
OSDI(debug) n.xbgr.xr18_u2.nr1: WARNING: V(i2,c) voltage is greater than specified by vmax
OSDI(debug) n.xbgr.xr17_u4.nr1: WARNING: V(i1,c) voltage is greater than specified by vmax
OSDI(debug) n.xbgr.xr17_u4.nr1: WARNING: V(i2,c) voltage is greater than specified by vmax
OSDI(debug) n.xbgr.xr17_u3.nr1: WARNING: V(i1,c) voltage is greater than specified by vmax
OSDI(debug) n.xbgr.xr17_u3.nr1: WARNING: V(i2,c) voltage is greater than specified by vmax
OSDI(debug) n.xbgr.xr17_u2.nr1: WARNING: V(i1,c) voltage is greater than specified by vmax
OSDI(debug) n.xbgr.xr17_u2.nr1: WARNING: V(i2,c) voltage is greater than specified by vmax
OSDI(debug) n.xbgr.xr22.nr1: WARNING: V(i1,c) voltage is greater than specified by vmax
OSDI(debug) n.xbgr.xr22.nr1: WARNING: V(i2,c) voltage is greater than specified by vmax
OSDI(debug) n.xbgr.xr21.nr1: WARNING: V(i1,c) voltage is greater than specified by vmax
OSDI(debug) n.xbgr.xr21.nr1: WARNING: V(i2,c) voltage is greater than specified by vmax
OSDI(debug) n.xbgr.xr20.nr1: WARNING: V(i1,c) voltage is greater than specified by vmax
OSDI(debug) n.xbgr.xr20.nr1: WARNING: V(i2,c) voltage is greater than specified by vmax
OSDI(debug) n.xbgr.xr19.nr1: WARNING: V(i1,c) voltage is greater than specified by vmax
OSDI(debug) n.xbgr.xr19.nr1: WARNING: V(i2,c) voltage is greater than specified by vmax
OSDI(debug) n.xbgr.xr18.nr1: WARNING: V(i1,c) voltage is greater than specified by vmax
OSDI(debug) n.xbgr.xr18.nr1: WARNING: V(i2,c) voltage is greater than specified by vmax
OSDI(debug) n.xbgr.xr17.nr1: WARNING: V(i1,c) voltage is greater than specified by vmax
OSDI(debug) n.xbgr.xr17.nr1: WARNING: V(i2,c) voltage is greater than specified by vmax
OSDI(debug) n.xt2f.xr12.nr1: WARNING: V(i1,c) voltage is greater than specified by vmax
OSDI(debug) n.xt2f.xr12.nr1: WARNING: V(i2,c) voltage is greater than specified by vmax
OSDI(debug) n.xt2f.xr11.nr1: WARNING: V(i1,c) voltage is greater than specified by vmax
OSDI(debug) n.xt2f.xr11.nr1: WARNING: V(i2,c) voltage is greater than specified by vmax
OSDI(debug) n.xt2f.xr10.nr1: WARNING: V(i1,c) voltage is greater than specified by vmax
OSDI(debug) n.xt2f.xr10.nr1: WARNING: V(i2,c) voltage is greater than specified by vmax
OSDI(debug) n.xt2f.xr9.nr1: WARNING: V(i1,c) voltage is greater than specified by vmax
OSDI(debug) n.xt2f.xr9.nr1: WARNING: V(i2,c) voltage is greater than specified by vmax
OSDI(debug) n.xt2f.xr8.nr1: WARNING: V(i1,c) voltage is greater than specified by vmax
OSDI(debug) n.xt2f.xr8.nr1: WARNING: V(i2,c) voltage is greater than specified by vmax
OSDI(debug) n.xt2f.xr7.nr1: WARNING: V(i1,c) voltage is greater than specified by vmax
OSDI(debug) n.xt2f.xr7.nr1: WARNING: V(i2,c) voltage is greater than specified by vmax
OSDI(debug) n.xt2f.xr6.nr1: WARNING: V(i1,c) voltage is greater than specified by vmax
OSDI(debug) n.xt2f.xr6.nr1: WARNING: V(i2,c) voltage is greater than specified by vmax
OSDI(debug) n.xt2f.xr5.nr1: WARNING: V(i1,c) voltage is greater than specified by vmax
OSDI(debug) n.xt2f.xr5.nr1: WARNING: V(i2,c) voltage is greater than specified by vmax
OSDI(debug) n.xt2f.xr4.nr1: WARNING: V(i1,c) voltage is greater than specified by vmax
OSDI(debug) n.xt2f.xr4.nr1: WARNING: V(i2,c) voltage is greater than specified by vmax
OSDI(debug) n.xt2f.xr3.nr1: WARNING: V(i1,c) voltage is greater than specified by vmax
OSDI(debug) n.xt2f.xr3.nr1: WARNING: V(i2,c) voltage is greater than specified by vmax
OSDI(debug) n.xbgr.xr22_u4.nr1: WARNING: V(i1,c) voltage is greater than specified by vmax
OSDI(debug) n.xbgr.xr22_u4.nr1: WARNING: V(i2,c) voltage is greater than specified by vmax
OSDI(debug) n.xbgr.xr22_u3.nr1: WARNING: V(i1,c) voltage is greater than specified by vmax
OSDI(debug) n.xbgr.xr22_u3.nr1: WARNING: V(i2,c) voltage is greater than specified by vmax
OSDI(debug) n.xbgr.xr22_u2.nr1: WARNING: V(i1,c) voltage is greater than specified by vmax
OSDI(debug) n.xbgr.xr22_u2.nr1: WARNING: V(i2,c) voltage is greater than specified by vmax
OSDI(debug) n.xbgr.xr21_u4.nr1: WARNING: V(i1,c) voltage is greater than specified by vmax
OSDI(debug) n.xbgr.xr21_u4.nr1: WARNING: V(i2,c) voltage is greater than specified by vmax
OSDI(debug) n.xbgr.xr21_u3.nr1: WARNING: V(i1,c) voltage is greater than specified by vmax
OSDI(debug) n.xbgr.xr21_u3.nr1: WARNING: V(i2,c) voltage is greater than specified by vmax
OSDI(debug) n.xbgr.xr21_u2.nr1: WARNING: V(i1,c) voltage is greater than specified by vmax
OSDI(debug) n.xbgr.xr21_u2.nr1: WARNING: V(i2,c) voltage is greater than specified by vmax
OSDI(debug) n.xbgr.xr20_u4.nr1: WARNING: V(i1,c) voltage is greater than specified by vmax
OSDI(debug) n.xbgr.xr20_u4.nr1: WARNING: V(i2,c) voltage is greater than specified by vmax
OSDI(debug) n.xbgr.xr20_u3.nr1: WARNING: V(i1,c) voltage is greater than specified by vmax
OSDI(debug) n.xbgr.xr20_u3.nr1: WARNING: V(i2,c) voltage is greater than specified by vmax
OSDI(debug) n.xbgr.xr20_u2.nr1: WARNING: V(i1,c) voltage is greater than specified by vmax
OSDI(debug) n.xbgr.xr20_u2.nr1: WARNING: V(i2,c) voltage is greater than specified by vmax
OSDI(debug) n.xbgr.xr19_u4.nr1: WARNING: V(i1,c) voltage is greater than specified by vmax
OSDI(debug) n.xbgr.xr19_u4.nr1: WARNING: V(i2,c) voltage is greater than specified by vmax
OSDI(debug) n.xbgr.xr19_u3.nr1: WARNING: V(i1,c) voltage is greater than specified by vmax
OSDI(debug) n.xbgr.xr19_u3.nr1: WARNING: V(i2,c) voltage is greater than specified by vmax
OSDI(debug) n.xbgr.xr19_u2.nr1: WARNING: V(i1,c) voltage is greater than specified by vmax
OSDI(debug) n.xbgr.xr19_u2.nr1: WARNING: V(i2,c) voltage is greater than specified by vmax
OSDI(debug) n.xbgr.xr18_u4.nr1: WARNING: V(i1,c) voltage is greater than specified by vmax
OSDI(debug) n.xbgr.xr18_u4.nr1: WARNING: V(i2,c) voltage is greater than specified by vmax
OSDI(debug) n.xbgr.xr18_u3.nr1: WARNING: V(i1,c) voltage is greater than specified by vmax
OSDI(debug) n.xbgr.xr18_u3.nr1: WARNING: V(i2,c) voltage is greater than specified by vmax
OSDI(debug) n.xbgr.xr18_u2.nr1: WARNING: V(i1,c) voltage is greater than specified by vmax
OSDI(debug) n.xbgr.xr18_u2.nr1: WARNING: V(i2,c) voltage is greater than specified by vmax
OSDI(debug) n.xbgr.xr17_u4.nr1: WARNING: V(i1,c) voltage is greater than specified by vmax
OSDI(debug) n.xbgr.xr17_u4.nr1: WARNING: V(i2,c) voltage is greater than specified by vmax
OSDI(debug) n.xbgr.xr17_u3.nr1: WARNING: V(i1,c) voltage is greater than specified by vmax
OSDI(debug) n.xbgr.xr17_u3.nr1: WARNING: V(i2,c) voltage is greater than specified by vmax
OSDI(debug) n.xbgr.xr17_u2.nr1: WARNING: V(i1,c) voltage is greater than specified by vmax
OSDI(debug) n.xbgr.xr17_u2.nr1: WARNING: V(i2,c) voltage is greater than specified by vmax
OSDI(debug) n.xbgr.xr22.nr1: WARNING: V(i1,c) voltage is greater than specified by vmax
OSDI(debug) n.xbgr.xr22.nr1: WARNING: V(i2,c) voltage is greater than specified by vmax
OSDI(debug) n.xbgr.xr21.nr1: WARNING: V(i1,c) voltage is greater than specified by vmax
OSDI(debug) n.xbgr.xr21.nr1: WARNING: V(i2,c) voltage is greater than specified by vmax
OSDI(debug) n.xbgr.xr20.nr1: WARNING: V(i1,c) voltage is greater than specified by vmax
OSDI(debug) n.xbgr.xr20.nr1: WARNING: V(i2,c) voltage is greater than specified by vmax
OSDI(debug) n.xbgr.xr19.nr1: WARNING: V(i1,c) voltage is greater than specified by vmax
OSDI(debug) n.xbgr.xr19.nr1: WARNING: V(i2,c) voltage is greater than specified by vmax
OSDI(debug) n.xbgr.xr18.nr1: WARNING: V(i1,c) voltage is greater than specified by vmax
OSDI(debug) n.xbgr.xr18.nr1: WARNING: V(i2,c) voltage is greater than specified by vmax
OSDI(debug) n.xbgr.xr17.nr1: WARNING: V(i1,c) voltage is greater than specified by vmax
OSDI(debug) n.xbgr.xr17.nr1: WARNING: V(i2,c) voltage is greater than specified by vmax
OSDI(debug) n.xt2f.xr12.nr1: WARNING: V(i1,c) voltage is greater than specified by vmax
OSDI(debug) n.xt2f.xr12.nr1: WARNING: V(i2,c) voltage is greater than specified by vmax
OSDI(debug) n.xt2f.xr11.nr1: WARNING: V(i1,c) voltage is greater than specified by vmax
OSDI(debug) n.xt2f.xr11.nr1: WARNING: V(i2,c) voltage is greater than specified by vmax
OSDI(debug) n.xt2f.xr10.nr1: WARNING: V(i1,c) voltage is greater than specified by vmax
OSDI(debug) n.xt2f.xr10.nr1: WARNING: V(i2,c) voltage is greater than specified by vmax
OSDI(debug) n.xt2f.xr9.nr1: WARNING: V(i1,c) voltage is greater than specified by vmax
OSDI(debug) n.xt2f.xr9.nr1: WARNING: V(i2,c) voltage is greater than specified by vmax
OSDI(debug) n.xt2f.xr8.nr1: WARNING: V(i1,c) voltage is greater than specified by vmax
OSDI(debug) n.xt2f.xr8.nr1: WARNING: V(i2,c) voltage is greater than specified by vmax
OSDI(debug) n.xt2f.xr7.nr1: WARNING: V(i1,c) voltage is greater than specified by vmax
OSDI(debug) n.xt2f.xr7.nr1: WARNING: V(i2,c) voltage is greater than specified by vmax
OSDI(debug) n.xt2f.xr6.nr1: WARNING: V(i1,c) voltage is greater than specified by vmax
OSDI(debug) n.xt2f.xr6.nr1: WARNING: V(i2,c) voltage is greater than specified by vmax
OSDI(debug) n.xt2f.xr5.nr1: WARNING: V(i1,c) voltage is greater than specified by vmax
OSDI(debug) n.xt2f.xr5.nr1: WARNING: V(i2,c) voltage is greater than specified by vmax
OSDI(debug) n.xt2f.xr4.nr1: WARNING: V(i1,c) voltage is greater than specified by vmax
OSDI(debug) n.xt2f.xr4.nr1: WARNING: V(i2,c) voltage is greater than specified by vmax
OSDI(debug) n.xt2f.xr3.nr1: WARNING: V(i1,c) voltage is greater than specified by vmax
OSDI(debug) n.xt2f.xr3.nr1: WARNING: V(i2,c) voltage is greater than specified by vmax
Note: Dynamic gmin stepping completed
 Reference value :  0.00000e+00
No. of Data Rows : 1
P0_BGR_BEFORE_BEGIN
@n.xbgr.xr1.nr1[nsmm_rsh] = 4.139634259128620e-01
@n.xbgr.xr1.nr1[nsmm_w] = -3.51037643963089e-01
@n.xbgr.xr1.nr1[nsmm_l] = -1.10582608219927e+00
@n.xbgr.xr2.nr1[nsmm_rsh] = -2.52096582481732e-01
@n.xbgr.xr2.nr1[nsmm_w] = -5.61652515335063e-01
@n.xbgr.xr2.nr1[nsmm_l] = 1.063207447273389e+00
@n.xbgr.xr3.nr1[nsmm_rsh] = -1.13162570801700e+00
@n.xbgr.xr3.nr1[nsmm_w] = -1.12822255490739e+00
@n.xbgr.xr3.nr1[nsmm_l] = -1.32703197116490e+00
@n.xbgr.xr4.nr1[nsmm_rsh] = 2.025888058051348e-02
@n.xbgr.xr4.nr1[nsmm_w] = 4.977334886884126e-01
@n.xbgr.xr4.nr1[nsmm_l] = 1.479054862583489e+00
@n.xbgr.xr5.nr1[nsmm_rsh] = 2.935908273909224e-02
@n.xbgr.xr5.nr1[nsmm_w] = 1.367158219189331e+00
@n.xbgr.xr5.nr1[nsmm_l] = -1.42273796428994e-01
@n.xbgr.xr6.nr1[nsmm_rsh] = -5.92666713733609e-01
@n.xbgr.xr6.nr1[nsmm_w] = -6.33669534684642e-01
@n.xbgr.xr6.nr1[nsmm_l] = -2.86334107029320e-01
@n.xbgr.xr7.nr1[nsmm_rsh] = 5.230094129939944e-01
@n.xbgr.xr7.nr1[nsmm_w] = -1.52617180764621e+00
@n.xbgr.xr7.nr1[nsmm_l] = 7.117679264540249e-01
@n.xbgr.xr8.nr1[nsmm_rsh] = 2.242880985153125e-01
@n.xbgr.xr8.nr1[nsmm_w] = 2.850004301136673e-01
@n.xbgr.xr8.nr1[nsmm_l] = 4.669779013524779e-01
@n.xbgr.xr9.nr1[nsmm_rsh] = -8.15840527652896e-01
@n.xbgr.xr9.nr1[nsmm_w] = 1.042451301972335e+00
@n.xbgr.xr9.nr1[nsmm_l] = -7.66007966654770e-01
@n.xbgr.xr10.nr1[nsmm_rsh] = -8.05602988489848e-01
@n.xbgr.xr10.nr1[nsmm_w] = -8.93366415528814e-01
@n.xbgr.xr10.nr1[nsmm_l] = 5.611148124250482e-01
@n.xbgr.xr11.nr1[nsmm_rsh] = -5.18227562801154e-01
@n.xbgr.xr11.nr1[nsmm_w] = -9.27581109238686e-02
@n.xbgr.xr11.nr1[nsmm_l] = 1.412773647619910e-01
@n.xbgr.xr12.nr1[nsmm_rsh] = -1.44180512862361e-01
@n.xbgr.xr12.nr1[nsmm_w] = -2.00111954863566e-01
@n.xbgr.xr12.nr1[nsmm_l] = -9.79556521347985e-01
@n.xbgr.xr13.nr1[nsmm_rsh] = 4.434562243293949e-01
@n.xbgr.xr13.nr1[nsmm_w] = -3.21314957239200e-01
@n.xbgr.xr13.nr1[nsmm_l] = 6.894562512239902e-01
@n.xbgr.xr14.nr1[nsmm_rsh] = 1.438095590376640e+00
@n.xbgr.xr14.nr1[nsmm_w] = 7.337552870230451e-03
@n.xbgr.xr14.nr1[nsmm_l] = 1.569066620375318e+00
@n.xbgr.xr15.nr1[nsmm_rsh] = 4.401804282089782e-01
@n.xbgr.xr15.nr1[nsmm_w] = 7.179315064047590e-03
@n.xbgr.xr15.nr1[nsmm_l] = -2.58854659843774e-01
@n.xbgr.xr16.nr1[nsmm_rsh] = -9.39594716375091e-02
@n.xbgr.xr16.nr1[nsmm_w] = 9.155549285766488e-01
@n.xbgr.xr16.nr1[nsmm_l] = -1.87882905656505e+00
@n.xbgr.xr17.nr1[nsmm_rsh] = -8.34155357046160e-01
@n.xbgr.xr17.nr1[nsmm_w] = -1.82527701354339e-01
@n.xbgr.xr17.nr1[nsmm_l] = 3.333484610931375e-01
@n.xbgr.xr18.nr1[nsmm_rsh] = -4.80946742960462e-01
@n.xbgr.xr18.nr1[nsmm_w] = 8.707539147801030e-02
@n.xbgr.xr18.nr1[nsmm_l] = 4.486371799786932e-01
@n.xbgr.xr19.nr1[nsmm_rsh] = 9.688128550740602e-01
@n.xbgr.xr19.nr1[nsmm_w] = -4.17199669018732e-01
@n.xbgr.xr19.nr1[nsmm_l] = -2.74775775187014e-01
@n.xbgr.xr20.nr1[nsmm_rsh] = -2.98262436604513e-01
@n.xbgr.xr20.nr1[nsmm_w] = -3.07188956997377e-01
@n.xbgr.xr20.nr1[nsmm_l] = -3.50011563821357e-01
@n.xbgr.xr21.nr1[nsmm_rsh] = 9.798884572427375e-01
@n.xbgr.xr21.nr1[nsmm_w] = -6.01976842719102e-01
@n.xbgr.xr21.nr1[nsmm_l] = 8.483105042465888e-01
@n.xbgr.xr22.nr1[nsmm_rsh] = -1.31162794175357e+00
@n.xbgr.xr22.nr1[nsmm_w] = -8.34915678138081e-01
@n.xbgr.xr22.nr1[nsmm_l] = 4.007808229102201e-01
@n.xbgr.xr23.nr1[nsmm_rsh] = 1.416637528331391e+00
@n.xbgr.xr23.nr1[nsmm_w] = 1.293247078567716e-01
@n.xbgr.xr23.nr1[nsmm_l] = -1.64058389381207e-01
@n.xbgr.xr24.nr1[nsmm_rsh] = -8.49572473300788e-01
@n.xbgr.xr24.nr1[nsmm_w] = -1.44293195222290e-01
@n.xbgr.xr24.nr1[nsmm_l] = 5.354390118012822e-01
@n.xbgr.xr25.nr1[nsmm_rsh] = -2.55815408519684e-02
@n.xbgr.xr25.nr1[nsmm_w] = -6.84215263844361e-01
@n.xbgr.xr25.nr1[nsmm_l] = 8.525535047561870e-01
@n.xbgr.xr26.nr1[nsmm_rsh] = -1.79666802886068e+00
@n.xbgr.xr26.nr1[nsmm_w] = 1.584892017936192e+00
@n.xbgr.xr26.nr1[nsmm_l] = -1.94885180159832e-01
@n.xbgr.xm27.nsg13_hv_pmos[w] = 1.995611786681699e-06
@n.xbgr.xm27.nsg13_hv_pmos[l] = 4.987097192765263e-07
@n.xbgr.xm27.nsg13_hv_pmos[delvto] = -9.66258136086440e-04
@n.xbgr.xm27.nsg13_hv_pmos[factuo] = 9.937994327247652e-01
@n.xbgr.xm28.nsg13_hv_pmos[w] = 1.997461053147851e-06
@n.xbgr.xm28.nsg13_hv_pmos[l] = 5.006539251248678e-07
@n.xbgr.xm28.nsg13_hv_pmos[delvto] = 1.189765339478428e-03
@n.xbgr.xm28.nsg13_hv_pmos[factuo] = 1.002554546986159e+00
@n.xbgr.xm29.nsg13_hv_nmos[w] = 1.995977910140209e-06
@n.xbgr.xm29.nsg13_hv_nmos[l] = 5.034297665216226e-07
@n.xbgr.xm29.nsg13_hv_nmos[delvto] = 1.089378884173846e-02
@n.xbgr.xm29.nsg13_hv_nmos[factuo] = 1.006580398681466e+00
@n.xbgr.xm30.nsg13_hv_nmos[w] = 9.995424602447485e-07
@n.xbgr.xm30.nsg13_hv_nmos[l] = 3.998850365661657e-06
@n.xbgr.xm30.nsg13_hv_nmos[delvto] = -2.92743860786929e-03
@n.xbgr.xm30.nsg13_hv_nmos[factuo] = 1.001250766264120e+00
@n.xbgr.xm31.nsg13_hv_nmos[w] = 1.004855185486612e-06
@n.xbgr.xm31.nsg13_hv_nmos[l] = 5.945956193442049e-07
@n.xbgr.xm31.nsg13_hv_nmos[delvto] = 1.374603061163050e-02
@n.xbgr.xm31.nsg13_hv_nmos[factuo] = 1.000480299496120e+00
@n.xbgr.xm32.nsg13_hv_nmos[w] = 9.977838566947588e-07
@n.xbgr.xm32.nsg13_hv_nmos[l] = 5.025345379518007e-07
@n.xbgr.xm32.nsg13_hv_nmos[delvto] = 1.138739639052724e-02
@n.xbgr.xm32.nsg13_hv_nmos[factuo] = 9.913575456636103e-01
@n.xbgr.xm33.nsg13_hv_nmos[w] = 1.002103154084242e-06
@n.xbgr.xm33.nsg13_hv_nmos[l] = 5.956177093288614e-07
@n.xbgr.xm33.nsg13_hv_nmos[delvto] = 3.404971444626840e-03
@n.xbgr.xm33.nsg13_hv_nmos[factuo] = 1.002044759076240e+00
@n.xbgr.xm34.nsg13_hv_nmos[w] = 1.000230639448942e-05
@n.xbgr.xm34.nsg13_hv_nmos[l] = 9.940279564277433e-07
@n.xbgr.xm34.nsg13_hv_nmos[delvto] = -9.94973510033019e-04
@n.xbgr.xm34.nsg13_hv_nmos[factuo] = 9.997609696333288e-01
@n.xbgr.xm35.nsg13_hv_nmos[w] = 1.000564095015901e-05
@n.xbgr.xm35.nsg13_hv_nmos[l] = 1.004649228966783e-06
@n.xbgr.xm35.nsg13_hv_nmos[delvto] = -1.83008473616466e-03
@n.xbgr.xm35.nsg13_hv_nmos[factuo] = 1.000926284152867e+00
@n.xbgr.xm36.nsg13_hv_nmos[w] = 1.000496714620807e-05
@n.xbgr.xm36.nsg13_hv_nmos[l] = 9.999512819972360e-07
@n.xbgr.xm36.nsg13_hv_nmos[delvto] = -2.45605282994588e-03
@n.xbgr.xm36.nsg13_hv_nmos[factuo] = 9.978395043214195e-01
@n.xbgr.xm37.nsg13_hv_nmos[w] = 9.999967715206227e-06
@n.xbgr.xm37.nsg13_hv_nmos[l] = 9.983789137416005e-07
@n.xbgr.xm37.nsg13_hv_nmos[delvto] = 1.681960885715505e-03
@n.xbgr.xm37.nsg13_hv_nmos[factuo] = 9.983103465577365e-01
@n.xbgr.xm38.nsg13_hv_pmos[w] = 5.000206510892482e-06
@n.xbgr.xm38.nsg13_hv_pmos[l] = 4.001579154408469e-06
@n.xbgr.xm38.nsg13_hv_pmos[delvto] = -8.64127211114801e-04
@n.xbgr.xm38.nsg13_hv_pmos[factuo] = 1.000977689941684e+00
@n.xbgr.xm39.nsg13_hv_pmos[w] = 4.996573701742150e-06
@n.xbgr.xm39.nsg13_hv_pmos[l] = 4.001604858252031e-06
@n.xbgr.xm39.nsg13_hv_pmos[delvto] = -3.33187494581817e-03
@n.xbgr.xm39.nsg13_hv_pmos[factuo] = 1.000084124659912e+00
@n.xbgr.xm40.nsg13_hv_pmos[w] = 5.000211008732773e-06
@n.xbgr.xm40.nsg13_hv_pmos[l] = 3.999101250823057e-06
@n.xbgr.xm40.nsg13_hv_pmos[delvto] = -8.65090799334457e-04
@n.xbgr.xm40.nsg13_hv_pmos[factuo] = 9.997540708623728e-01
@n.xbgr.xm41.nsg13_hv_pmos[w] = 5.001429490585525e-06
@n.xbgr.xm41.nsg13_hv_pmos[l] = 3.998344477412047e-06
@n.xbgr.xm41.nsg13_hv_pmos[delvto] = 7.859147216013534e-04
@n.xbgr.xm41.nsg13_hv_pmos[factuo] = 9.995990093058957e-01
@n.xbgr.xm42.nsg13_hv_pmos[w] = 5.001225574591372e-06
@n.xbgr.xm42.nsg13_hv_pmos[l] = 3.994233184452493e-06
@n.xbgr.xm42.nsg13_hv_pmos[delvto] = 3.075915679248024e-04
@n.xbgr.xm42.nsg13_hv_pmos[factuo] = 1.000320712840220e+00
@n.xbgr.xm43.nsg13_hv_pmos[w] = 4.996735421993098e-06
@n.xbgr.xm43.nsg13_hv_pmos[l] = 3.996058625989295e-06
@n.xbgr.xm43.nsg13_hv_pmos[delvto] = 3.942235158846423e-04
@n.xbgr.xm43.nsg13_hv_pmos[factuo] = 9.981956744982228e-01
@n.xbgr.xm44.nsg13_hv_pmos[w] = 4.998315742508936e-06
@n.xbgr.xm44.nsg13_hv_pmos[l] = 4.003136629129115e-06
@n.xbgr.xm44.nsg13_hv_pmos[delvto] = -4.95091722926792e-04
@n.xbgr.xm44.nsg13_hv_pmos[factuo] = 9.987734542102824e-01
@n.xbgr.xm45.nsg13_hv_pmos[w] = 5.001034026024042e-06
@n.xbgr.xm45.nsg13_hv_pmos[l] = 3.996109045426879e-06
@n.xbgr.xm45.nsg13_hv_pmos[delvto] = 1.656002414284749e-03
@n.xbgr.xm45.nsg13_hv_pmos[factuo] = 9.993852580749316e-01
@n.xbgr.xm46.nsg13_hv_pmos[w] = 5.002693593852128e-06
@n.xbgr.xm46.nsg13_hv_pmos[l] = 4.001471812559350e-06
@n.xbgr.xm46.nsg13_hv_pmos[delvto] = -1.35479782896886e-03
@n.xbgr.xm46.nsg13_hv_pmos[factuo] = 1.001543055673186e+00
@n.xbgr.xm47.nsg13_hv_pmos[w] = 4.999578464462081e-06
@n.xbgr.xm47.nsg13_hv_pmos[l] = 4.003250751452284e-06
@n.xbgr.xm47.nsg13_hv_pmos[delvto] = 5.263698996739721e-04
@n.xbgr.xm47.nsg13_hv_pmos[factuo] = 9.990649461746107e-01
@n.xbgr.xm48.nsg13_hv_pmos[w] = 4.993910324885135e-06
@n.xbgr.xm48.nsg13_hv_pmos[l] = 3.994689142296820e-06
@n.xbgr.xm48.nsg13_hv_pmos[delvto] = -1.13580689084513e-03
@n.xbgr.xm48.nsg13_hv_pmos[factuo] = 9.994937982294270e-01
@n.xbgr.xm49.nsg13_hv_pmos[w] = 5.001942064185601e-06
@n.xbgr.xm49.nsg13_hv_pmos[l] = 3.998943927861780e-06
@n.xbgr.xm49.nsg13_hv_pmos[delvto] = -2.11529437266835e-04
@n.xbgr.xm49.nsg13_hv_pmos[factuo] = 9.997748502617914e-01
@n.xbgr.xm50.nsg13_hv_pmos[w] = 1.000481159918661e-05
@n.xbgr.xm50.nsg13_hv_pmos[l] = 3.998273388038805e-06
@n.xbgr.xm50.nsg13_hv_pmos[delvto] = 8.099786432359861e-04
@n.xbgr.xm50.nsg13_hv_pmos[factuo] = 1.000004656585022e+00
@n.xbgr.xm51.nsg13_hv_pmos[w] = 9.998324052364703e-06
@n.xbgr.xm51.nsg13_hv_pmos[l] = 3.999132561471697e-06
@n.xbgr.xm51.nsg13_hv_pmos[delvto] = 2.127151297385115e-04
@n.xbgr.xm51.nsg13_hv_pmos[factuo] = 9.988363551576072e-01
@n.xbgr.xm52.nsg13_hv_pmos[w] = 1.000069461285574e-05
@n.xbgr.xm52.nsg13_hv_pmos[l] = 4.003465412115171e-06
@n.xbgr.xm52.nsg13_hv_pmos[delvto] = -9.18609222492069e-04
@n.xbgr.xm52.nsg13_hv_pmos[factuo] = 1.000510423279677e+00
@n.xbgr.xm53.nsg13_hv_pmos[w] = 1.000158903133739e-05
@n.xbgr.xm53.nsg13_hv_pmos[l] = 4.003949979249682e-06
@n.xbgr.xm53.nsg13_hv_pmos[delvto] = -1.13732172736746e-03
@n.xbgr.xm53.nsg13_hv_pmos[factuo] = 9.997388654495476e-01
@n.xbgr.xm54.nsg13_hv_pmos[w] = 9.999607681410043e-06
@n.xbgr.xm54.nsg13_hv_pmos[l] = 3.998252368969604e-06
@n.xbgr.xm54.nsg13_hv_pmos[delvto] = -6.26456489068889e-07
@n.xbgr.xm54.nsg13_hv_pmos[factuo] = 1.000772123204760e+00
@q.xbgr.xq55.qnpn13g2[area] = 1.011673735857611e+00
@q.xbgr.xq56.qnpn13g2[area] = 1.135116214204815e+00
@q.xbgr.xq57.qnpn13g2[area] = 9.643704565317042e-01
@q.xbgr.xq58.qnpn13g2[area] = 1.105195211477950e+00
@q.xbgr.xq59.qnpn13g2[area] = 1.222626763763456e+00
@q.xbgr.xq60.qnpn13g2[area] = 8.686505917407511e-01
@q.xbgr.xq61.qnpn13g2[area] = 1.024471327197009e+00
@q.xbgr.xq62.qnpn13g2[area] = 9.674817618154068e-01
@q.xbgr.xq63.qnpn13g2[area] = 1.111746119451704e+00
@q.xbgr.xq64.qnpn13g2[area] = 1.006425588002644e+00
@q.xbgr.xq65.qnpn13g2[area] = 1.027636594664901e+00
@q.xbgr.xq66.qnpn13g2[area] = 1.000460883981499e+00
@q.xbgr.xq67.qnpn13g2[area] = 1.122232385488174e+00
@q.xbgr.xq68.qnpn13g2[area] = 9.236984420119224e-01
@q.xbgr.xq69.qnpn13g2[area] = 8.586347173465729e-01
@q.xbgr.xq70.qnpn13g2[area] = 1.049971996987370e+00
@q.xbgr.xq71.qnpn13g2[area] = 1.008678826297667e+00
@q.xbgr.xq72.qnpn13g2[area] = 9.777803516116795e-01
@q.xbgr.xq73.qnpn13g2[area] = 1.100000078793805e+00
@q.xbgr.xq74.qnpn13g2[area] = 1.167521084027813e+00
@q.xbgr.xq75.qnpn13g2[area] = 1.139754663730674e+00
@q.xbgr.xq76.qnpn13g2[area] = 1.012030560614390e+00
@n.xbgr.xr77.nr1[nsmm_rsh] = -1.00115248782807e+00
@n.xbgr.xr77.nr1[nsmm_w] = -1.34982598596245e+00
@n.xbgr.xr77.nr1[nsmm_l] = 7.770027138270748e-01
@n.xbgr.xr78.nr1[nsmm_rsh] = 1.206765310498570e+00
@n.xbgr.xr78.nr1[nsmm_w] = 3.903228779641028e-01
@n.xbgr.xr78.nr1[nsmm_l] = -5.72801087138446e-01
@n.xbgr.xr79.nr1[nsmm_rsh] = -3.31140060117073e-01
@n.xbgr.xr79.nr1[nsmm_w] = 1.612166219147276e+00
@n.xbgr.xr79.nr1[nsmm_l] = 6.548007047100360e-01
@n.xbgr.xr80.nr1[nsmm_rsh] = -2.11530734006476e+00
@n.xbgr.xr80.nr1[nsmm_w] = 8.996308518938185e-01
@n.xbgr.xr80.nr1[nsmm_l] = -2.27876046966029e-01
@n.xbgr.xr81.nr1[nsmm_rsh] = -8.48717614534249e-01
@n.xbgr.xr81.nr1[nsmm_w] = -2.44381094096567e+00
@n.xbgr.xr81.nr1[nsmm_l] = 1.485426958847786e+00
@n.xbgr.xr82.nr1[nsmm_rsh] = -6.05007147132874e-01
@n.xbgr.xr82.nr1[nsmm_w] = 1.268417387923600e+00
@n.xbgr.xr82.nr1[nsmm_l] = -2.14140784203429e+00
@n.xbgr.xr83.nr1[nsmm_rsh] = -8.12634786798533e-01
@n.xbgr.xr83.nr1[nsmm_w] = -2.81817925275698e-01
@n.xbgr.xr83.nr1[nsmm_l] = -1.53054184087049e-01
@n.xbgr.xr84.nr1[nsmm_rsh] = 1.269224025448870e+00
@n.xbgr.xr84.nr1[nsmm_w] = 1.239256641456083e-01
@n.xbgr.xr84.nr1[nsmm_l] = 1.359438341226906e+00
@n.xbgr.xr85.nr1[nsmm_rsh] = -9.66051551462298e-01
@n.xbgr.xr85.nr1[nsmm_w] = 7.666956320336716e-01
@n.xbgr.xr85.nr1[nsmm_l] = 1.071179331618999e-01
@n.xbgr.xr86.nr1[nsmm_rsh] = 3.346638236678909e+00
@n.xbgr.xr86.nr1[nsmm_w] = 6.313499699807265e-02
@n.xbgr.xr86.nr1[nsmm_l] = -7.80237179294777e-02
@n.xbgr.xr16_u2.nr1[nsmm_rsh] = -1.15792790419730e+00
@n.xbgr.xr16_u2.nr1[nsmm_w] = 1.294603968969860e+00
@n.xbgr.xr16_u2.nr1[nsmm_l] = -1.15417535929108e-01
@n.xbgr.xr16_u3.nr1[nsmm_rsh] = 8.675339770770770e-01
@n.xbgr.xr16_u3.nr1[nsmm_w] = -5.39000365639251e-01
@n.xbgr.xr16_u3.nr1[nsmm_l] = -5.46613769550988e-01
@n.xbgr.xr16_u4.nr1[nsmm_rsh] = 6.636688094389706e-01
@n.xbgr.xr16_u4.nr1[nsmm_w] = -5.86299963440972e-01
@n.xbgr.xr16_u4.nr1[nsmm_l] = -8.90106112691911e-01
@n.xbgr.xr16_u5.nr1[nsmm_rsh] = -8.21899395256171e-01
@n.xbgr.xr16_u5.nr1[nsmm_w] = -8.90990511600130e-01
@n.xbgr.xr16_u5.nr1[nsmm_l] = 1.935640168005214e+00
@n.xbgr.xr16_u6.nr1[nsmm_rsh] = 1.733562970339730e+00
@n.xbgr.xr16_u6.nr1[nsmm_w] = -1.20645704805286e-01
@n.xbgr.xr16_u6.nr1[nsmm_l] = -4.90183701967043e-01
@n.xbgr.xr16_u7.nr1[nsmm_rsh] = 1.195262268110878e-03
@n.xbgr.xr16_u7.nr1[nsmm_w] = 5.147727641736852e-01
@n.xbgr.xr16_u7.nr1[nsmm_l] = 1.754568898708963e+00
@n.xbgr.xr16_u8.nr1[nsmm_rsh] = -6.55421820907703e-01
@n.xbgr.xr16_u8.nr1[nsmm_w] = -2.69523982245864e+00
@n.xbgr.xr16_u8.nr1[nsmm_l] = 1.371846950543653e+00
@n.xbgr.xr16_u9.nr1[nsmm_rsh] = -2.77788164634280e-01
@n.xbgr.xr16_u9.nr1[nsmm_w] = 9.003314291786019e-01
@n.xbgr.xr16_u9.nr1[nsmm_l] = 1.082371920894535e+00
@n.xbgr.xr16_u10.nr1[nsmm_rsh] = 3.070219902280514e-01
@n.xbgr.xr16_u10.nr1[nsmm_w] = 1.170864003355370e+00
@n.xbgr.xr16_u10.nr1[nsmm_l] = -4.63610531044246e-01
@n.xbgr.xr16_u11.nr1[nsmm_rsh] = -3.59461123706040e-01
@n.xbgr.xr16_u11.nr1[nsmm_w] = 1.783782514304892e+00
@n.xbgr.xr16_u11.nr1[nsmm_l] = 9.176232625634778e-01
@n.xbgr.xr16_u12.nr1[nsmm_rsh] = 1.894195071249143e-01
@n.xbgr.xr16_u12.nr1[nsmm_w] = -7.90204200470993e-01
@n.xbgr.xr16_u12.nr1[nsmm_l] = -4.04964846690836e-01
@n.xbgr.xr16_u13.nr1[nsmm_rsh] = -2.65118639297970e-01
@n.xbgr.xr16_u13.nr1[nsmm_w] = 5.780730695451577e-01
@n.xbgr.xr16_u13.nr1[nsmm_l] = -1.42135621702596e-01
@n.xbgr.xr16_u14.nr1[nsmm_rsh] = 7.582804228649349e-01
@n.xbgr.xr16_u14.nr1[nsmm_w] = -1.30096902528884e-01
@n.xbgr.xr16_u14.nr1[nsmm_l] = 8.160819872923714e-01
@n.xbgr.xr16_u15.nr1[nsmm_rsh] = -1.41131767828904e-01
@n.xbgr.xr16_u15.nr1[nsmm_w] = -1.47173296024987e+00
@n.xbgr.xr16_u15.nr1[nsmm_l] = -5.31473899592791e-01
@n.xbgr.xr16_u16.nr1[nsmm_rsh] = 2.056303220865763e+00
@n.xbgr.xr16_u16.nr1[nsmm_w] = 5.876245515027718e-01
@n.xbgr.xr16_u16.nr1[nsmm_l] = -6.40819432075575e-01
@n.xbgr.xr16_u17.nr1[nsmm_rsh] = 8.815595585120384e-01
@n.xbgr.xr16_u17.nr1[nsmm_w] = -1.65918356641018e+00
@n.xbgr.xr16_u17.nr1[nsmm_l] = -4.75103587686708e-01
@n.xbgr.xr16_u18.nr1[nsmm_rsh] = 5.670033984009174e-01
@n.xbgr.xr16_u18.nr1[nsmm_w] = -8.10434516794844e-02
@n.xbgr.xr16_u18.nr1[nsmm_l] = -2.76864440119169e-01
@n.xbgr.xr16_u19.nr1[nsmm_rsh] = 6.005618165220988e-01
@n.xbgr.xr16_u19.nr1[nsmm_w] = -8.25376155389969e-02
@n.xbgr.xr16_u19.nr1[nsmm_l] = 1.449869299664644e+00
@n.xbgr.xr16_u20.nr1[nsmm_rsh] = 3.182102964098535e-01
@n.xbgr.xr16_u20.nr1[nsmm_w] = -1.19453157221235e+00
@n.xbgr.xr16_u20.nr1[nsmm_l] = 7.385712481877671e-01
@n.xbgr.xr16_u21.nr1[nsmm_rsh] = -9.79197959526331e-01
@n.xbgr.xr16_u21.nr1[nsmm_w] = -1.25632110053281e+00
@n.xbgr.xr16_u21.nr1[nsmm_l] = -6.17649720017625e-01
@n.xbgr.xr16_u22.nr1[nsmm_rsh] = 2.818044450946948e+00
@n.xbgr.xr16_u22.nr1[nsmm_w] = 3.334715386356848e-01
@n.xbgr.xr16_u22.nr1[nsmm_l] = 1.227353785427967e+00
@n.xbgr.xr16_u23.nr1[nsmm_rsh] = -3.90596539995236e-01
@n.xbgr.xr16_u23.nr1[nsmm_w] = -6.10001959808875e-01
@n.xbgr.xr16_u23.nr1[nsmm_l] = -5.01966692465562e-01
@n.xbgr.xr16_u24.nr1[nsmm_rsh] = 1.121913266835398e+00
@n.xbgr.xr16_u24.nr1[nsmm_w] = -1.60100565719689e+00
@n.xbgr.xr16_u24.nr1[nsmm_l] = -6.13014985706177e-01
@n.xbgr.xr17_u2.nr1[nsmm_rsh] = -3.03947451497664e-01
@n.xbgr.xr17_u2.nr1[nsmm_w] = 3.646269034661609e-01
@n.xbgr.xr17_u2.nr1[nsmm_l] = 4.193274239768018e-02
@n.xbgr.xr17_u3.nr1[nsmm_rsh] = 5.042402007172979e-01
@n.xbgr.xr17_u3.nr1[nsmm_w] = -4.31650328099544e-01
@n.xbgr.xr17_u3.nr1[nsmm_l] = 3.124339832158107e-01
@n.xbgr.xr17_u4.nr1[nsmm_rsh] = 1.423348221720709e+00
@n.xbgr.xr17_u4.nr1[nsmm_w] = 9.688161108261599e-01
@n.xbgr.xr17_u4.nr1[nsmm_l] = 1.917525028171834e-01
@n.xbgr.xr18_u2.nr1[nsmm_rsh] = 4.047166270108071e-01
@n.xbgr.xr18_u2.nr1[nsmm_w] = -5.59488416514591e-01
@n.xbgr.xr18_u2.nr1[nsmm_l] = 2.447519296350637e+00
@n.xbgr.xr18_u3.nr1[nsmm_rsh] = 1.523586061760164e+00
@n.xbgr.xr18_u3.nr1[nsmm_w] = 4.262178330709355e-01
@n.xbgr.xr18_u3.nr1[nsmm_l] = -8.08055068566828e-01
@n.xbgr.xr18_u4.nr1[nsmm_rsh] = -1.39847239680057e+00
@n.xbgr.xr18_u4.nr1[nsmm_w] = -8.04510187511338e-01
@n.xbgr.xr18_u4.nr1[nsmm_l] = -3.44498273381747e-01
@n.xbgr.xr19_u2.nr1[nsmm_rsh] = -7.47625421179399e-01
@n.xbgr.xr19_u2.nr1[nsmm_w] = -7.11661409998678e-02
@n.xbgr.xr19_u2.nr1[nsmm_l] = 1.849496068780050e-01
@n.xbgr.xr19_u3.nr1[nsmm_rsh] = 1.251580287135562e+00
@n.xbgr.xr19_u3.nr1[nsmm_w] = -1.00455714718437e+00
@n.xbgr.xr19_u3.nr1[nsmm_l] = -1.02886903315716e-01
@n.xbgr.xr19_u4.nr1[nsmm_rsh] = -2.23365675721083e+00
@n.xbgr.xr19_u4.nr1[nsmm_w] = -8.68717724959255e-02
@n.xbgr.xr19_u4.nr1[nsmm_l] = -1.76809828452175e-01
@n.xbgr.xr20_u2.nr1[nsmm_rsh] = 4.474262050587970e-01
@n.xbgr.xr20_u2.nr1[nsmm_w] = -4.53351146520673e-01
@n.xbgr.xr20_u2.nr1[nsmm_l] = 4.238879757366383e-01
@n.xbgr.xr20_u3.nr1[nsmm_rsh] = -8.55883110580470e-02
@n.xbgr.xr20_u3.nr1[nsmm_w] = -6.25895176521139e-01
@n.xbgr.xr20_u3.nr1[nsmm_l] = -5.61636802183941e-01
@n.xbgr.xr20_u4.nr1[nsmm_rsh] = -1.02231712811266e+00
@n.xbgr.xr20_u4.nr1[nsmm_w] = 7.311350868437160e-01
@n.xbgr.xr20_u4.nr1[nsmm_l] = 1.644985745470441e+00
@n.xbgr.xr21_u2.nr1[nsmm_rsh] = -1.07083513173631e+00
@n.xbgr.xr21_u2.nr1[nsmm_w] = -1.28924609218626e+00
@n.xbgr.xr21_u2.nr1[nsmm_l] = -1.76872812360150e-01
@n.xbgr.xr21_u3.nr1[nsmm_rsh] = -9.48189604058966e-02
@n.xbgr.xr21_u3.nr1[nsmm_w] = 2.509331283817165e-01
@n.xbgr.xr21_u3.nr1[nsmm_l] = -9.42270896023164e-01
@n.xbgr.xr21_u4.nr1[nsmm_rsh] = 1.891214299393424e-01
@n.xbgr.xr21_u4.nr1[nsmm_w] = -4.29807542490358e-01
@n.xbgr.xr21_u4.nr1[nsmm_l] = 7.690276991782062e-01
@n.xbgr.xr22_u2.nr1[nsmm_rsh] = 3.122423189981291e-02
@n.xbgr.xr22_u2.nr1[nsmm_w] = 5.606936329731871e-01
@n.xbgr.xr22_u2.nr1[nsmm_l] = -7.37713088451612e-01
@n.xbgr.xr22_u3.nr1[nsmm_rsh] = 9.738991927162087e-01
@n.xbgr.xr22_u3.nr1[nsmm_w] = 7.506860775170164e-01
@n.xbgr.xr22_u3.nr1[nsmm_l] = 2.627130977290546e-01
@n.xbgr.xr22_u4.nr1[nsmm_rsh] = -1.16135695806962e-01
@n.xbgr.xr22_u4.nr1[nsmm_w] = -1.06435432798248e+00
@n.xbgr.xr22_u4.nr1[nsmm_l] = -3.06931098902091e+00
@n.xbgr.xr23_u2.nr1[nsmm_rsh] = 1.935358649107908e-01
@n.xbgr.xr23_u2.nr1[nsmm_w] = 7.348923415606117e-01
@n.xbgr.xr23_u2.nr1[nsmm_l] = 7.787938028085949e-01
@n.xbgr.xr23_u3.nr1[nsmm_rsh] = -4.27790964021823e-01
@n.xbgr.xr23_u3.nr1[nsmm_w] = 2.006802561431405e+00
@n.xbgr.xr23_u3.nr1[nsmm_l] = -3.56756644275687e-01
@n.xbgr.xr23_u4.nr1[nsmm_rsh] = -1.62585306849627e-01
@n.xbgr.xr23_u4.nr1[nsmm_w] = -5.16827554271982e-01
@n.xbgr.xr23_u4.nr1[nsmm_l] = 8.090082277648851e-01
@n.xbgr.xr23_u5.nr1[nsmm_rsh] = 6.636811617478385e-01
@n.xbgr.xr23_u5.nr1[nsmm_w] = -1.10354100225628e+00
@n.xbgr.xr23_u5.nr1[nsmm_l] = -1.51575913832878e-01
@n.xbgr.xr23_u6.nr1[nsmm_rsh] = 2.058195456723069e-01
@n.xbgr.xr23_u6.nr1[nsmm_w] = -3.86099611309213e-01
@n.xbgr.xr23_u6.nr1[nsmm_l] = -4.08545416069985e-02
@n.xbgr.xr23_u7.nr1[nsmm_rsh] = 2.889967064941619e+00
@n.xbgr.xr23_u7.nr1[nsmm_w] = 5.036723793649001e-01
@n.xbgr.xr23_u7.nr1[nsmm_l] = 3.044211983422906e-01
@n.xbgr.xr23_u8.nr1[nsmm_rsh] = -1.56487901301203e+00
@n.xbgr.xr23_u8.nr1[nsmm_w] = -1.84195637229448e+00
@n.xbgr.xr23_u8.nr1[nsmm_l] = 3.572066934341470e-01
@n.xbgr.xr23_u9.nr1[nsmm_rsh] = 1.207034195622224e+00
@n.xbgr.xr23_u9.nr1[nsmm_w] = 6.352241486446630e-01
@n.xbgr.xr23_u9.nr1[nsmm_l] = -6.27254149250034e-02
@n.xbgr.xr23_u10.nr1[nsmm_rsh] = -1.02544449549685e+00
@n.xbgr.xr23_u10.nr1[nsmm_w] = -9.03041353942592e-01
@n.xbgr.xr23_u10.nr1[nsmm_l] = -8.74196258665501e-01
@n.xbgr.xr23_u11.nr1[nsmm_rsh] = 1.554100971079050e+00
@n.xbgr.xr23_u11.nr1[nsmm_w] = 7.859793924212762e-01
@n.xbgr.xr23_u11.nr1[nsmm_l] = 4.788623613331274e-02
@n.xbgr.xr23_u12.nr1[nsmm_rsh] = -1.14883460319701e+00
@n.xbgr.xr23_u12.nr1[nsmm_w] = -1.77289178002688e+00
@n.xbgr.xr23_u12.nr1[nsmm_l] = 4.719393565718017e-01
@n.xbgr.xr23_u13.nr1[nsmm_rsh] = 5.198746724056087e-01
@n.xbgr.xr23_u13.nr1[nsmm_w] = 1.101795017036020e+00
@n.xbgr.xr23_u13.nr1[nsmm_l] = -1.26020207880162e+00
@n.xbgr.xr23_u14.nr1[nsmm_rsh] = 1.231849506456234e+00
@n.xbgr.xr23_u14.nr1[nsmm_w] = 1.316044585821634e+00
@n.xbgr.xr23_u14.nr1[nsmm_l] = -3.00780484976673e-01
@n.xbgr.xr23_u15.nr1[nsmm_rsh] = 2.442611127457218e-01
@n.xbgr.xr23_u15.nr1[nsmm_w] = -6.75938872412768e-01
@n.xbgr.xr23_u15.nr1[nsmm_l] = -1.29082615712324e+00
@n.xbgr.xr23_u16.nr1[nsmm_rsh] = 1.301758613316288e+00
@n.xbgr.xr23_u16.nr1[nsmm_w] = -7.73014859387616e-02
@n.xbgr.xr23_u16.nr1[nsmm_l] = -9.90484806113416e-01
@n.xbgr.xr23_u17.nr1[nsmm_rsh] = -1.48402978126547e+00
@n.xbgr.xr23_u17.nr1[nsmm_w] = 1.935980138446111e-01
@n.xbgr.xr23_u17.nr1[nsmm_l] = 1.380236351682159e+00
@n.xbgr.xr23_u18.nr1[nsmm_rsh] = -3.21251164016976e-02
@n.xbgr.xr23_u18.nr1[nsmm_w] = 6.438937085304317e-01
@n.xbgr.xr23_u18.nr1[nsmm_l] = 1.555545841758081e+00
@n.xbgr.xr23_u19.nr1[nsmm_rsh] = -7.53205985746305e-02
@n.xbgr.xr23_u19.nr1[nsmm_w] = -1.02127969022575e+00
@n.xbgr.xr23_u19.nr1[nsmm_l] = 4.160131786598688e-01
@n.xbgr.xr23_u20.nr1[nsmm_rsh] = 7.207098278797328e-01
@n.xbgr.xr23_u20.nr1[nsmm_w] = 5.156126564975340e-01
@n.xbgr.xr23_u20.nr1[nsmm_l] = 4.544748957088897e-01
@n.xbgr.xr23_u21.nr1[nsmm_rsh] = -7.12576487134573e-01
@n.xbgr.xr23_u21.nr1[nsmm_w] = -9.92864298957881e-02
@n.xbgr.xr23_u21.nr1[nsmm_l] = 2.296453025398593e+00
@n.xbgr.xr23_u22.nr1[nsmm_rsh] = -3.75170623546108e-01
@n.xbgr.xr23_u22.nr1[nsmm_w] = 2.607915171040472e-01
@n.xbgr.xr23_u22.nr1[nsmm_l] = 1.297228300626851e+00
@n.xbgr.xr23_u23.nr1[nsmm_rsh] = -1.64317692887982e+00
@n.xbgr.xr23_u23.nr1[nsmm_w] = -6.39137836384080e-01
@n.xbgr.xr23_u23.nr1[nsmm_l] = 5.170029962876952e-01
@n.xbgr.xr23_u24.nr1[nsmm_rsh] = 5.570909133931036e-01
@n.xbgr.xr23_u24.nr1[nsmm_w] = -8.47728225102358e-01
@n.xbgr.xr23_u24.nr1[nsmm_l] = 9.865970618505297e-03
@n.xbgr.xr24_u2.nr1[nsmm_rsh] = 1.405241379908709e-01
@n.xbgr.xr24_u2.nr1[nsmm_w] = 6.313258619828563e-01
@n.xbgr.xr24_u2.nr1[nsmm_l] = -4.89071547115963e-01
@n.xbgr.xr24_u3.nr1[nsmm_rsh] = 7.987487882758850e-01
@n.xbgr.xr24_u3.nr1[nsmm_w] = -3.06403073326456e+00
@n.xbgr.xr24_u3.nr1[nsmm_l] = -2.05665056453348e+00
@n.xbgr.xr24_u4.nr1[nsmm_rsh] = -1.28115179694922e+00
@n.xbgr.xr24_u4.nr1[nsmm_w] = 1.536285914441976e+00
@n.xbgr.xr24_u4.nr1[nsmm_l] = 6.155659267591518e-01
@n.xbgr.xr24_u5.nr1[nsmm_rsh] = 1.151671112104439e+00
@n.xbgr.xr24_u5.nr1[nsmm_w] = 1.235035670049056e+00
@n.xbgr.xr24_u5.nr1[nsmm_l] = -1.38359211356424e+00
@n.xbgr.xr24_u6.nr1[nsmm_rsh] = 2.053977311843736e+00
@n.xbgr.xr24_u6.nr1[nsmm_w] = 1.079659639077904e-01
@n.xbgr.xr24_u6.nr1[nsmm_l] = 8.236007964349611e-01
@n.xbgr.xr24_u7.nr1[nsmm_rsh] = -1.15783934412180e-03
@n.xbgr.xr24_u7.nr1[nsmm_w] = 1.561293280366725e-01
@n.xbgr.xr24_u7.nr1[nsmm_l] = 1.355146737176638e-02
@n.xbgr.xr24_u8.nr1[nsmm_rsh] = -1.05112006143711e+00
@n.xbgr.xr24_u8.nr1[nsmm_w] = -3.83755019147491e-01
@n.xbgr.xr24_u8.nr1[nsmm_l] = -1.38501038448128e+00
@n.xbgr.xr24_u9.nr1[nsmm_rsh] = -2.85538064872393e-01
@n.xbgr.xr24_u9.nr1[nsmm_w] = 7.194961941785217e-01
@n.xbgr.xr24_u9.nr1[nsmm_l] = 4.259570529504755e-01
@n.xbgr.xr24_u10.nr1[nsmm_rsh] = -8.03392564563366e-01
@n.xbgr.xr24_u10.nr1[nsmm_w] = -4.66435025407100e-01
@n.xbgr.xr24_u10.nr1[nsmm_l] = -6.34271314410282e-01
@n.xbgr.xr24_u11.nr1[nsmm_rsh] = 2.099184999783713e+00
@n.xbgr.xr24_u11.nr1[nsmm_w] = -4.84327904480345e-01
@n.xbgr.xr24_u11.nr1[nsmm_l] = -5.61235450790592e-01
@n.xbgr.xr24_u12.nr1[nsmm_rsh] = -1.47210685384210e+00
@n.xbgr.xr24_u12.nr1[nsmm_w] = 3.735363454697056e-01
@n.xbgr.xr24_u12.nr1[nsmm_l] = -5.38748411348710e-01
@n.xbgr.xr24_u13.nr1[nsmm_rsh] = -1.25424805588331e-02
@n.xbgr.xr24_u13.nr1[nsmm_w] = 2.552059356850460e-01
@n.xbgr.xr24_u13.nr1[nsmm_l] = -6.81305222225676e-01
@n.xbgr.xr24_u14.nr1[nsmm_rsh] = 4.062220397147889e-02
@n.xbgr.xr24_u14.nr1[nsmm_w] = 7.579381415544049e-01
@n.xbgr.xr24_u14.nr1[nsmm_l] = -4.38885245420009e-01
@n.xbgr.xr24_u15.nr1[nsmm_rsh] = 1.454465983093566e+00
@n.xbgr.xr24_u15.nr1[nsmm_w] = 1.670900221557769e+00
@n.xbgr.xr24_u15.nr1[nsmm_l] = -1.08005326209454e-01
@n.xbgr.xr24_u16.nr1[nsmm_rsh] = 5.252197085605358e-01
@n.xbgr.xr24_u16.nr1[nsmm_w] = 1.409662607790546e+00
@n.xbgr.xr24_u16.nr1[nsmm_l] = 1.687021097133009e+00
@n.xbgr.xr24_u17.nr1[nsmm_rsh] = 1.952363682367133e-01
@n.xbgr.xr24_u17.nr1[nsmm_w] = 1.289666127809657e+00
@n.xbgr.xr24_u17.nr1[nsmm_l] = -1.62607043948034e+00
@n.xbgr.xr24_u18.nr1[nsmm_rsh] = -2.43987768903830e+00
@n.xbgr.xr24_u18.nr1[nsmm_w] = -1.06013804670205e+00
@n.xbgr.xr24_u18.nr1[nsmm_l] = 1.283286286237580e+00
@n.xbgr.xr24_u19.nr1[nsmm_rsh] = 7.956852813529046e-01
@n.xbgr.xr24_u19.nr1[nsmm_w] = -7.47207482361580e-01
@n.xbgr.xr24_u19.nr1[nsmm_l] = -1.23164600849884e+00
@n.xbgr.xr24_u20.nr1[nsmm_rsh] = -1.80521123123136e+00
@n.xbgr.xr24_u20.nr1[nsmm_w] = 1.156284161853481e+00
@n.xbgr.xr24_u20.nr1[nsmm_l] = 5.900739724267495e-01
@n.xbgr.xr24_u21.nr1[nsmm_rsh] = 5.627640121402117e-01
@n.xbgr.xr24_u21.nr1[nsmm_w] = -2.39593539496571e-01
@n.xbgr.xr24_u21.nr1[nsmm_l] = 7.700468341669332e-01
@n.xbgr.xr24_u22.nr1[nsmm_rsh] = -1.02691043535657e+00
@n.xbgr.xr24_u22.nr1[nsmm_w] = -7.19493134653927e-01
@n.xbgr.xr24_u22.nr1[nsmm_l] = 6.819248829653084e-01
@n.xbgr.xr24_u23.nr1[nsmm_rsh] = 8.126710158351851e-01
@n.xbgr.xr24_u23.nr1[nsmm_w] = -6.78198989642842e-01
@n.xbgr.xr24_u23.nr1[nsmm_l] = 4.603111768274884e-01
@n.xbgr.xr24_u24.nr1[nsmm_rsh] = -2.00365443655952e+00
@n.xbgr.xr24_u24.nr1[nsmm_w] = 1.166163669263667e+00
@n.xbgr.xr24_u24.nr1[nsmm_l] = -6.87615220994845e-01
@n.xbgr.xr25_u2.nr1[nsmm_rsh] = -3.83589060628540e-01
@n.xbgr.xr25_u2.nr1[nsmm_w] = -6.78002247613340e-01
@n.xbgr.xr25_u2.nr1[nsmm_l] = 3.584660133721917e+00
@n.xbgr.xr25_u3.nr1[nsmm_rsh] = -8.20853191119579e-01
@n.xbgr.xr25_u3.nr1[nsmm_w] = 9.453363329942420e-01
@n.xbgr.xr25_u3.nr1[nsmm_l] = 1.558640211111230e-01
@n.xbgr.xr25_u4.nr1[nsmm_rsh] = -7.87592954773844e-01
@n.xbgr.xr25_u4.nr1[nsmm_w] = -2.49804330144985e-01
@n.xbgr.xr25_u4.nr1[nsmm_l] = 2.377524048912800e+00
@n.xbgr.xr25_u5.nr1[nsmm_rsh] = -4.80226763768841e-01
@n.xbgr.xr25_u5.nr1[nsmm_w] = -9.67096817794139e-02
@n.xbgr.xr25_u5.nr1[nsmm_l] = -5.55885084242943e-01
@n.xbgr.xr25_u6.nr1[nsmm_rsh] = -5.42193304678914e-01
@n.xbgr.xr25_u6.nr1[nsmm_w] = -1.85930016206315e+00
@n.xbgr.xr25_u6.nr1[nsmm_l] = 4.357500636845983e-01
@n.xbgr.xr25_u7.nr1[nsmm_rsh] = 1.030071737165234e+00
@n.xbgr.xr25_u7.nr1[nsmm_w] = -5.36396624468445e-01
@n.xbgr.xr25_u7.nr1[nsmm_l] = 1.186798393249156e+00
@n.xbgr.xr25_u8.nr1[nsmm_rsh] = -1.02575921066479e+00
@n.xbgr.xr25_u8.nr1[nsmm_w] = -2.51870503531977e+00
@n.xbgr.xr25_u8.nr1[nsmm_l] = 7.777502642799726e-01
@n.xbgr.xr25_u9.nr1[nsmm_rsh] = -3.90664014971108e-01
@n.xbgr.xr25_u9.nr1[nsmm_w] = 3.339631169437554e-01
@n.xbgr.xr25_u9.nr1[nsmm_l] = -5.74742728615623e-02
@n.xbgr.xr25_u10.nr1[nsmm_rsh] = -3.42112882680887e-01
@n.xbgr.xr25_u10.nr1[nsmm_w] = -2.41157555461560e+00
@n.xbgr.xr25_u10.nr1[nsmm_l] = -1.45690584536507e+00
@n.xbgr.xr25_u11.nr1[nsmm_rsh] = 2.519816006434422e-01
@n.xbgr.xr25_u11.nr1[nsmm_w] = -8.51584058429046e-01
@n.xbgr.xr25_u11.nr1[nsmm_l] = 7.216032803979040e-01
@n.xbgr.xr25_u12.nr1[nsmm_rsh] = 3.775750958624990e-01
@n.xbgr.xr25_u12.nr1[nsmm_w] = 5.638945980478912e-01
@n.xbgr.xr25_u12.nr1[nsmm_l] = 1.107525901701980e+00
@n.xbgr.xr25_u13.nr1[nsmm_rsh] = 1.500354300997012e+00
@n.xbgr.xr25_u13.nr1[nsmm_w] = 1.020772316009650e+00
@n.xbgr.xr25_u13.nr1[nsmm_l] = -3.05647966480359e-01
@n.xbgr.xr25_u14.nr1[nsmm_rsh] = -2.85860899903000e+00
@n.xbgr.xr25_u14.nr1[nsmm_w] = 4.373034595444869e-01
@n.xbgr.xr25_u14.nr1[nsmm_l] = -6.54619992445203e-01
@n.xbgr.xr25_u15.nr1[nsmm_rsh] = 1.449503539813518e-01
@n.xbgr.xr25_u15.nr1[nsmm_w] = -6.79759805043641e-01
@n.xbgr.xr25_u15.nr1[nsmm_l] = 8.725135625713609e-01
@n.xbgr.xr25_u16.nr1[nsmm_rsh] = -4.09514059948859e-01
@n.xbgr.xr25_u16.nr1[nsmm_w] = -6.01110165010298e-01
@n.xbgr.xr25_u16.nr1[nsmm_l] = -1.37185738785288e-02
@n.xbgr.xr25_u17.nr1[nsmm_rsh] = -1.15572405958232e+00
@n.xbgr.xr25_u17.nr1[nsmm_w] = -9.18167785509533e-01
@n.xbgr.xr25_u17.nr1[nsmm_l] = 7.916744831251343e-01
@n.xbgr.xr25_u18.nr1[nsmm_rsh] = -2.52660506038934e-01
@n.xbgr.xr25_u18.nr1[nsmm_w] = -4.46580681641554e-02
@n.xbgr.xr25_u18.nr1[nsmm_l] = 7.546840571255100e-01
@n.xbgr.xr25_u19.nr1[nsmm_rsh] = -2.15406785088603e-01
@n.xbgr.xr25_u19.nr1[nsmm_w] = -1.50843368653163e+00
@n.xbgr.xr25_u19.nr1[nsmm_l] = -3.86506862894271e-01
@n.xbgr.xr25_u20.nr1[nsmm_rsh] = 1.916197861015626e-01
@n.xbgr.xr25_u20.nr1[nsmm_w] = 3.023012362978602e-01
@n.xbgr.xr25_u20.nr1[nsmm_l] = 7.609262655859830e-01
@n.xbgr.xr25_u21.nr1[nsmm_rsh] = 1.525731847695741e+00
@n.xbgr.xr25_u21.nr1[nsmm_w] = 4.404480129331796e-01
@n.xbgr.xr25_u21.nr1[nsmm_l] = 1.569057444200144e-02
@n.xbgr.xr25_u22.nr1[nsmm_rsh] = -1.09901774854270e+00
@n.xbgr.xr25_u22.nr1[nsmm_w] = -1.42153374270383e+00
@n.xbgr.xr25_u22.nr1[nsmm_l] = -1.34900139947725e+00
@n.xbgr.xr25_u23.nr1[nsmm_rsh] = -3.03173014738767e+00
@n.xbgr.xr25_u23.nr1[nsmm_w] = -4.43457767947887e-01
@n.xbgr.xr25_u23.nr1[nsmm_l] = 1.008319803619556e+00
@n.xbgr.xr25_u24.nr1[nsmm_rsh] = 1.449796512025339e+00
@n.xbgr.xr25_u24.nr1[nsmm_w] = -5.74225684930557e-02
@n.xbgr.xr25_u24.nr1[nsmm_l] = 3.387996010151966e-01
@n.xbgr.xr26_u2.nr1[nsmm_rsh] = 7.695437592918006e-01
@n.xbgr.xr26_u2.nr1[nsmm_w] = -7.88718098185120e-02
@n.xbgr.xr26_u2.nr1[nsmm_l] = -8.44583729362924e-01
@n.xbgr.xr26_u3.nr1[nsmm_rsh] = -1.05012115823687e+00
@n.xbgr.xr26_u3.nr1[nsmm_w] = -2.50834626594087e-01
@n.xbgr.xr26_u3.nr1[nsmm_l] = -2.77712579483206e-01
@n.xbgr.xr26_u4.nr1[nsmm_rsh] = 7.896547906787442e-01
@n.xbgr.xr26_u4.nr1[nsmm_w] = 4.728958422571466e-01
@n.xbgr.xr26_u4.nr1[nsmm_l] = -9.07975595329528e-01
@n.xbgr.xr26_u5.nr1[nsmm_rsh] = 5.845456886112724e-01
@n.xbgr.xr26_u5.nr1[nsmm_w] = 1.638772455874328e+00
@n.xbgr.xr26_u5.nr1[nsmm_l] = 4.296726302869432e-01
@n.xbgr.xr26_u6.nr1[nsmm_rsh] = 5.071222688089675e-01
@n.xbgr.xr26_u6.nr1[nsmm_w] = 1.597190840427459e-01
@n.xbgr.xr26_u6.nr1[nsmm_l] = -1.68874521027497e+00
@n.xbgr.xr26_u7.nr1[nsmm_rsh] = -9.64007928042350e-01
@n.xbgr.xr26_u7.nr1[nsmm_w] = 9.704754763265075e-01
@n.xbgr.xr26_u7.nr1[nsmm_l] = -4.98572675438145e-01
@n.xbgr.xr26_u8.nr1[nsmm_rsh] = -3.94674068853818e-01
@n.xbgr.xr26_u8.nr1[nsmm_w] = -4.13720721273086e-01
@n.xbgr.xr26_u8.nr1[nsmm_l] = 5.363224672764234e-01
@n.xbgr.xr26_u9.nr1[nsmm_rsh] = -3.14894063730538e-01
@n.xbgr.xr26_u9.nr1[nsmm_w] = 7.156884854165853e-01
@n.xbgr.xr26_u9.nr1[nsmm_l] = 1.147804903980614e-01
@n.xbgr.xr26_u10.nr1[nsmm_rsh] = -4.70037664093312e-01
@n.xbgr.xr26_u10.nr1[nsmm_w] = 2.277679789282691e+00
@n.xbgr.xr26_u10.nr1[nsmm_l] = 1.453018163220905e+00
@n.xbgr.xr26_u11.nr1[nsmm_rsh] = 9.226664650878108e-02
@n.xbgr.xr26_u11.nr1[nsmm_w] = 6.773386832992803e-01
@n.xbgr.xr26_u11.nr1[nsmm_l] = 1.537577951656284e-01
@n.xbgr.xr26_u12.nr1[nsmm_rsh] = -6.09656263294163e-01
@n.xbgr.xr26_u12.nr1[nsmm_w] = 5.429023578608597e-02
@n.xbgr.xr26_u12.nr1[nsmm_l] = 1.121014221625135e-01
@n.xbgr.xr26_u13.nr1[nsmm_rsh] = 4.673414431425167e-01
@n.xbgr.xr26_u13.nr1[nsmm_w] = -8.33490759928197e-01
@n.xbgr.xr26_u13.nr1[nsmm_l] = 1.986844737449985e-01
@n.xbgr.xr26_u14.nr1[nsmm_rsh] = 1.003925141761666e-01
@n.xbgr.xr26_u14.nr1[nsmm_w] = -4.76359582004303e-01
@n.xbgr.xr26_u14.nr1[nsmm_l] = 8.076216854768401e-01
@n.xbgr.xr26_u15.nr1[nsmm_rsh] = -6.13521664126441e-01
@n.xbgr.xr26_u15.nr1[nsmm_w] = 1.326438043871279e+00
@n.xbgr.xr26_u15.nr1[nsmm_l] = 2.404176793208567e+00
@n.xbgr.xr26_u16.nr1[nsmm_rsh] = -4.01481580703118e-01
@n.xbgr.xr26_u16.nr1[nsmm_w] = -3.03758228642671e-01
@n.xbgr.xr26_u16.nr1[nsmm_l] = 2.797050310453376e-01
@n.xbgr.xr26_u17.nr1[nsmm_rsh] = -4.05370810603672e-01
@n.xbgr.xr26_u17.nr1[nsmm_w] = -1.59182885674850e-01
@n.xbgr.xr26_u17.nr1[nsmm_l] = 5.504043214081210e-01
@n.xbgr.xr26_u18.nr1[nsmm_rsh] = -5.45633181803084e-01
@n.xbgr.xr26_u18.nr1[nsmm_w] = -1.29474122439580e+00
@n.xbgr.xr26_u18.nr1[nsmm_l] = -5.62112085961399e-01
@n.xbgr.xr26_u19.nr1[nsmm_rsh] = -1.40383380752045e+00
@n.xbgr.xr26_u19.nr1[nsmm_w] = -8.14752530986944e-01
@n.xbgr.xr26_u19.nr1[nsmm_l] = -3.70555802572892e-01
@n.xbgr.xr26_u20.nr1[nsmm_rsh] = 1.079956920883677e+00
@n.xbgr.xr26_u20.nr1[nsmm_w] = -5.95252332786660e-02
@n.xbgr.xr26_u20.nr1[nsmm_l] = 5.558237698381224e-01
@n.xbgr.xr26_u21.nr1[nsmm_rsh] = 9.980776976086300e-01
@n.xbgr.xr26_u21.nr1[nsmm_w] = -2.94136396284920e-01
@n.xbgr.xr26_u21.nr1[nsmm_l] = -5.78583004745872e-01
@n.xbgr.xr26_u22.nr1[nsmm_rsh] = -1.29988702181916e+00
@n.xbgr.xr26_u22.nr1[nsmm_w] = 1.245182526494416e+00
@n.xbgr.xr26_u22.nr1[nsmm_l] = 6.843437310613181e-01
@n.xbgr.xr26_u23.nr1[nsmm_rsh] = 8.434459331320919e-01
@n.xbgr.xr26_u23.nr1[nsmm_w] = -1.30568620032504e-01
@n.xbgr.xr26_u23.nr1[nsmm_l] = 3.535480551115063e-02
@n.xbgr.xr26_u24.nr1[nsmm_rsh] = -5.95965339588577e-01
@n.xbgr.xr26_u24.nr1[nsmm_w] = -2.27446610202539e-01
@n.xbgr.xr26_u24.nr1[nsmm_l] = -4.64359841838170e-01
@n.xbgr.xm34_u2.nsg13_hv_nmos[w] = 1.000117462389418e-05
@n.xbgr.xm34_u2.nsg13_hv_nmos[l] = 1.003558871499451e-06
@n.xbgr.xm34_u2.nsg13_hv_nmos[delvto] = 2.773921714307265e-03
@n.xbgr.xm34_u2.nsg13_hv_nmos[factuo] = 9.999560422906280e-01
@n.xbgr.xm34_u3.nsg13_hv_nmos[w] = 9.997179030562464e-06
@n.xbgr.xm34_u3.nsg13_hv_nmos[l] = 9.996246418677497e-07
@n.xbgr.xm34_u3.nsg13_hv_nmos[delvto] = -3.91262622301103e-03
@n.xbgr.xm34_u3.nsg13_hv_nmos[factuo] = 9.968772766424164e-01
@n.xbgr.xm34_u4.nsg13_hv_nmos[w] = 9.992774841956541e-06
@n.xbgr.xm34_u4.nsg13_hv_nmos[l] = 9.994319801191742e-07
@n.xbgr.xm34_u4.nsg13_hv_nmos[delvto] = -2.90539178405957e-03
@n.xbgr.xm34_u4.nsg13_hv_nmos[factuo] = 1.000613171937827e+00
@n.xbgr.xm34_u5.nsg13_hv_nmos[w] = 9.998569837725146e-06
@n.xbgr.xm34_u5.nsg13_hv_nmos[l] = 9.975614268520474e-07
@n.xbgr.xm34_u5.nsg13_hv_nmos[delvto] = 5.748435747626087e-03
@n.xbgr.xm34_u5.nsg13_hv_nmos[factuo] = 9.997338767894576e-01
@n.xbgr.xm34_u6.nsg13_hv_nmos[w] = 1.000232655624070e-05
@n.xbgr.xm34_u6.nsg13_hv_nmos[l] = 9.998063547223689e-07
@n.xbgr.xm34_u6.nsg13_hv_nmos[delvto] = -2.06334606194438e-03
@n.xbgr.xm34_u6.nsg13_hv_nmos[factuo] = 1.000929976365574e+00
@n.xbgr.xm34_u7.nsg13_hv_nmos[w] = 9.998762636615431e-06
@n.xbgr.xm34_u7.nsg13_hv_nmos[l] = 9.972812100856276e-07
@n.xbgr.xm34_u7.nsg13_hv_nmos[delvto] = -2.31709794821745e-04
@n.xbgr.xm34_u7.nsg13_hv_nmos[factuo] = 1.000097927732239e+00
@n.xbgr.xm34_u8.nsg13_hv_nmos[w] = 1.000282013871286e-05
@n.xbgr.xm34_u8.nsg13_hv_nmos[l] = 1.004702548698793e-06
@n.xbgr.xm34_u8.nsg13_hv_nmos[delvto] = -2.38092269968643e-03
@n.xbgr.xm34_u8.nsg13_hv_nmos[factuo] = 9.974963989801999e-01
@n.xbgr.xm34_u9.nsg13_hv_nmos[w] = 9.999679426441396e-06
@n.xbgr.xm34_u9.nsg13_hv_nmos[l] = 9.989975693022252e-07
@n.xbgr.xm34_u9.nsg13_hv_nmos[delvto] = -2.36669897048969e-03
@n.xbgr.xm34_u9.nsg13_hv_nmos[factuo] = 1.000996459640927e+00
@n.xbgr.xm34_u10.nsg13_hv_nmos[w] = 9.995355172291903e-06
@n.xbgr.xm34_u10.nsg13_hv_nmos[l] = 1.005010176486264e-06
@n.xbgr.xm34_u10.nsg13_hv_nmos[delvto] = 7.482014293985175e-04
@n.xbgr.xm34_u10.nsg13_hv_nmos[factuo] = 9.979018260870958e-01
@n.xbgr.xm34_u11.nsg13_hv_nmos[w] = 9.997392708053347e-06
@n.xbgr.xm34_u11.nsg13_hv_nmos[l] = 9.964089567241632e-07
@n.xbgr.xm34_u11.nsg13_hv_nmos[delvto] = -1.34262612359383e-04
@n.xbgr.xm34_u11.nsg13_hv_nmos[factuo] = 9.979733458646852e-01
@n.xbgr.xm34_u12.nsg13_hv_nmos[w] = 9.995072717360979e-06
@n.xbgr.xm34_u12.nsg13_hv_nmos[l] = 9.954987763392861e-07
@n.xbgr.xm34_u12.nsg13_hv_nmos[delvto] = 8.396210878532235e-04
@n.xbgr.xm34_u12.nsg13_hv_nmos[factuo] = 9.997050302225714e-01
@n.xbgr.xm34_u13.nsg13_hv_nmos[w] = 1.000062801896991e-05
@n.xbgr.xm34_u13.nsg13_hv_nmos[l] = 1.003957695734915e-06
@n.xbgr.xm34_u13.nsg13_hv_nmos[delvto] = 1.496476876627373e-03
@n.xbgr.xm34_u13.nsg13_hv_nmos[factuo] = 9.963488347324292e-01
@n.xbgr.xm34_u14.nsg13_hv_nmos[w] = 9.996719215335031e-06
@n.xbgr.xm34_u14.nsg13_hv_nmos[l] = 1.003237200286331e-06
@n.xbgr.xm34_u14.nsg13_hv_nmos[delvto] = -7.44421639406849e-04
@n.xbgr.xm34_u14.nsg13_hv_nmos[factuo] = 1.000632652525055e+00
@n.xbgr.xm34_u15.nsg13_hv_nmos[w] = 9.999427255719386e-06
@n.xbgr.xm34_u15.nsg13_hv_nmos[l] = 9.980105552425998e-07
@n.xbgr.xm34_u15.nsg13_hv_nmos[delvto] = 2.095754594642578e-03
@n.xbgr.xm34_u15.nsg13_hv_nmos[factuo] = 9.981177135770616e-01
@n.xbgr.xm34_u16.nsg13_hv_nmos[w] = 1.000573324256421e-05
@n.xbgr.xm34_u16.nsg13_hv_nmos[l] = 9.929333912054057e-07
@n.xbgr.xm34_u16.nsg13_hv_nmos[delvto] = 3.313602808872364e-04
@n.xbgr.xm34_u16.nsg13_hv_nmos[factuo] = 1.000235431742602e+00
@n.xbgr.xm34_u17.nsg13_hv_nmos[w] = 9.994815185672535e-06
@n.xbgr.xm34_u17.nsg13_hv_nmos[l] = 1.002027270980196e-06
@n.xbgr.xm34_u17.nsg13_hv_nmos[delvto] = 2.705417703284719e-03
@n.xbgr.xm34_u17.nsg13_hv_nmos[factuo] = 1.001660970155438e+00
@n.xbgr.xm34_u18.nsg13_hv_nmos[w] = 9.995655998936162e-06
@n.xbgr.xm34_u18.nsg13_hv_nmos[l] = 1.001692303902962e-06
@n.xbgr.xm34_u18.nsg13_hv_nmos[delvto] = -1.18787263928444e-03
@n.xbgr.xm34_u18.nsg13_hv_nmos[factuo] = 9.996690628440598e-01
@n.xbgr.xm34_u19.nsg13_hv_nmos[w] = 9.998527962886376e-06
@n.xbgr.xm34_u19.nsg13_hv_nmos[l] = 1.000198527620325e-06
@n.xbgr.xm34_u19.nsg13_hv_nmos[delvto] = -1.46516470387923e-03
@n.xbgr.xm34_u19.nsg13_hv_nmos[factuo] = 1.001364962280811e+00
@n.xbgr.xm34_u20.nsg13_hv_nmos[w] = 9.997745829357727e-06
@n.xbgr.xm34_u20.nsg13_hv_nmos[l] = 1.000687550011792e-06
@n.xbgr.xm34_u20.nsg13_hv_nmos[delvto] = 5.735698690488568e-04
@n.xbgr.xm34_u20.nsg13_hv_nmos[factuo] = 9.978291106886625e-01
@n.xbgr.xm34_u21.nsg13_hv_nmos[w] = 1.000263937866576e-05
@n.xbgr.xm34_u21.nsg13_hv_nmos[l] = 9.986595923930720e-07
@n.xbgr.xm34_u21.nsg13_hv_nmos[delvto] = 2.935836227652961e-03
@n.xbgr.xm34_u21.nsg13_hv_nmos[factuo] = 9.990779889355280e-01
@n.xbgr.xm34_u22.nsg13_hv_nmos[w] = 1.000254854581722e-05
@n.xbgr.xm34_u22.nsg13_hv_nmos[l] = 9.957780558417917e-07
@n.xbgr.xm34_u22.nsg13_hv_nmos[delvto] = 1.398608610655288e-03
@n.xbgr.xm34_u22.nsg13_hv_nmos[factuo] = 1.001394472691325e+00
@n.xbgr.xm34_u23.nsg13_hv_nmos[w] = 9.997426481063394e-06
@n.xbgr.xm34_u23.nsg13_hv_nmos[l] = 9.968518305082233e-07
@n.xbgr.xm34_u23.nsg13_hv_nmos[delvto] = 1.604962538478815e-03
@n.xbgr.xm34_u23.nsg13_hv_nmos[factuo] = 9.986978024311778e-01
@n.xbgr.xm34_u24.nsg13_hv_nmos[w] = 9.996281459813647e-06
@n.xbgr.xm34_u24.nsg13_hv_nmos[l] = 1.006446660469934e-06
@n.xbgr.xm34_u24.nsg13_hv_nmos[delvto] = -1.29164443943225e-03
@n.xbgr.xm34_u24.nsg13_hv_nmos[factuo] = 9.979382092129920e-01
@n.xbgr.xm35_u2.nsg13_hv_nmos[w] = 1.000162151749829e-05
@n.xbgr.xm35_u2.nsg13_hv_nmos[l] = 9.965365584876660e-07
@n.xbgr.xm35_u2.nsg13_hv_nmos[delvto] = -2.61364712511275e-03
@n.xbgr.xm35_u2.nsg13_hv_nmos[factuo] = 9.992863727317124e-01
@n.xbgr.xm35_u3.nsg13_hv_nmos[w] = 1.000183193366276e-05
@n.xbgr.xm35_u3.nsg13_hv_nmos[l] = 9.902047643746803e-07
@n.xbgr.xm35_u3.nsg13_hv_nmos[delvto] = -2.20474113463537e-03
@n.xbgr.xm35_u3.nsg13_hv_nmos[factuo] = 1.000677919858350e+00
@n.xbgr.xm35_u4.nsg13_hv_nmos[w] = 1.000152595201614e-05
@n.xbgr.xm35_u4.nsg13_hv_nmos[l] = 9.983451723319897e-07
@n.xbgr.xm35_u4.nsg13_hv_nmos[delvto] = -7.97864269689237e-04
@n.xbgr.xm35_u4.nsg13_hv_nmos[factuo] = 1.000687146003661e+00
@n.xbgr.xm35_u5.nsg13_hv_nmos[w] = 9.995555398715108e-06
@n.xbgr.xm35_u5.nsg13_hv_nmos[l] = 1.001334146934367e-06
@n.xbgr.xm35_u5.nsg13_hv_nmos[delvto] = 1.967450346577877e-03
@n.xbgr.xm35_u5.nsg13_hv_nmos[factuo] = 9.994929058446570e-01
@n.xbgr.xm35_u6.nsg13_hv_nmos[w] = 9.997100860091820e-06
@n.xbgr.xm35_u6.nsg13_hv_nmos[l] = 1.002008120511620e-06
@n.xbgr.xm35_u6.nsg13_hv_nmos[delvto] = -5.24300541475454e-04
@n.xbgr.xm35_u6.nsg13_hv_nmos[factuo] = 9.992716859882171e-01
@n.xbgr.xm35_u7.nsg13_hv_nmos[w] = 1.000112790890578e-05
@n.xbgr.xm35_u7.nsg13_hv_nmos[l] = 1.003380177235539e-06
@n.xbgr.xm35_u7.nsg13_hv_nmos[delvto] = 6.449964462880874e-04
@n.xbgr.xm35_u7.nsg13_hv_nmos[factuo] = 9.991948715524016e-01
@n.xbgr.xm35_u8.nsg13_hv_nmos[w] = 1.000462432392889e-05
@n.xbgr.xm35_u8.nsg13_hv_nmos[l] = 9.977782937584097e-07
@n.xbgr.xm35_u8.nsg13_hv_nmos[delvto] = -3.63627324374703e-04
@n.xbgr.xm35_u8.nsg13_hv_nmos[factuo] = 9.969271416189176e-01
@n.xbgr.xm35_u9.nsg13_hv_nmos[w] = 9.997318002406300e-06
@n.xbgr.xm35_u9.nsg13_hv_nmos[l] = 1.000252224048392e-06
@n.xbgr.xm35_u9.nsg13_hv_nmos[delvto] = 8.794830433245441e-04
@n.xbgr.xm35_u9.nsg13_hv_nmos[factuo] = 1.000281959884242e+00
@n.xbgr.xm35_u10.nsg13_hv_nmos[w] = 9.997841235131723e-06
@n.xbgr.xm35_u10.nsg13_hv_nmos[l] = 1.002828675833047e-06
@n.xbgr.xm35_u10.nsg13_hv_nmos[delvto] = 1.413376213839709e-03
@n.xbgr.xm35_u10.nsg13_hv_nmos[factuo] = 9.996158232626896e-01
@n.xbgr.xm35_u11.nsg13_hv_nmos[w] = 1.000449532500215e-05
@n.xbgr.xm35_u11.nsg13_hv_nmos[l] = 1.003462992329177e-06
@n.xbgr.xm35_u11.nsg13_hv_nmos[delvto] = -2.26171579334817e-03
@n.xbgr.xm35_u11.nsg13_hv_nmos[factuo] = 1.001214815620636e+00
@n.xbgr.xm35_u12.nsg13_hv_nmos[w] = 1.000280375213873e-05
@n.xbgr.xm35_u12.nsg13_hv_nmos[l] = 1.004032752430280e-06
@n.xbgr.xm35_u12.nsg13_hv_nmos[delvto] = 4.295806784473571e-05
@n.xbgr.xm35_u12.nsg13_hv_nmos[factuo] = 9.984240161777835e-01
@n.xbgr.xm35_u13.nsg13_hv_nmos[w] = 1.000507388312164e-05
@n.xbgr.xm35_u13.nsg13_hv_nmos[l] = 1.002699667251823e-06
@n.xbgr.xm35_u13.nsg13_hv_nmos[delvto] = 1.174541778846435e-03
@n.xbgr.xm35_u13.nsg13_hv_nmos[factuo] = 1.000871466710462e+00
@n.xbgr.xm35_u14.nsg13_hv_nmos[w] = 1.000040567352880e-05
@n.xbgr.xm35_u14.nsg13_hv_nmos[l] = 9.978217118767472e-07
@n.xbgr.xm35_u14.nsg13_hv_nmos[delvto] = 4.783779031111050e-04
@n.xbgr.xm35_u14.nsg13_hv_nmos[factuo] = 9.988280699662908e-01
@n.xbgr.xm35_u15.nsg13_hv_nmos[w] = 1.000627382772114e-05
@n.xbgr.xm35_u15.nsg13_hv_nmos[l] = 1.001711277631680e-06
@n.xbgr.xm35_u15.nsg13_hv_nmos[delvto] = -8.91200995419596e-04
@n.xbgr.xm35_u15.nsg13_hv_nmos[factuo] = 1.000333345501832e+00
@n.xbgr.xm35_u16.nsg13_hv_nmos[w] = 9.997291913245567e-06
@n.xbgr.xm35_u16.nsg13_hv_nmos[l] = 9.976777282303369e-07
@n.xbgr.xm35_u16.nsg13_hv_nmos[delvto] = 2.137306759909066e-03
@n.xbgr.xm35_u16.nsg13_hv_nmos[factuo] = 9.961175438315542e-01
@n.xbgr.xm35_u17.nsg13_hv_nmos[w] = 1.000148274920946e-05
@n.xbgr.xm35_u17.nsg13_hv_nmos[l] = 9.935133167841650e-07
@n.xbgr.xm35_u17.nsg13_hv_nmos[delvto] = 4.532958180531392e-04
@n.xbgr.xm35_u17.nsg13_hv_nmos[factuo] = 1.000843474350763e+00
@n.xbgr.xm35_u18.nsg13_hv_nmos[w] = 9.997062127347139e-06
@n.xbgr.xm35_u18.nsg13_hv_nmos[l] = 9.983739848643322e-07
@n.xbgr.xm35_u18.nsg13_hv_nmos[delvto] = -2.04382376924664e-03
@n.xbgr.xm35_u18.nsg13_hv_nmos[factuo] = 1.002457739551466e+00
@n.xbgr.xm35_u19.nsg13_hv_nmos[w] = 1.000013087804511e-05
@n.xbgr.xm35_u19.nsg13_hv_nmos[l] = 9.962092869951480e-07
@n.xbgr.xm35_u19.nsg13_hv_nmos[delvto] = -1.16403507847140e-03
@n.xbgr.xm35_u19.nsg13_hv_nmos[factuo] = 9.979378071832852e-01
@n.xbgr.xm35_u20.nsg13_hv_nmos[w] = 9.998740237940212e-06
@n.xbgr.xm35_u20.nsg13_hv_nmos[l] = 1.000168543550775e-06
@n.xbgr.xm35_u20.nsg13_hv_nmos[delvto] = -8.54593231245676e-04
@n.xbgr.xm35_u20.nsg13_hv_nmos[factuo] = 1.003024138950039e+00
@n.xbgr.xm35_u21.nsg13_hv_nmos[w] = 1.000322053714863e-05
@n.xbgr.xm35_u21.nsg13_hv_nmos[l] = 9.942947287233764e-07
@n.xbgr.xm35_u21.nsg13_hv_nmos[delvto] = 2.169604834230331e-03
@n.xbgr.xm35_u21.nsg13_hv_nmos[factuo] = 1.000409256132297e+00
@n.xbgr.xm35_u22.nsg13_hv_nmos[w] = 1.000238893519431e-05
@n.xbgr.xm35_u22.nsg13_hv_nmos[l] = 1.001454127236560e-06
@n.xbgr.xm35_u22.nsg13_hv_nmos[delvto] = 1.154909042032646e-03
@n.xbgr.xm35_u22.nsg13_hv_nmos[factuo] = 9.994643799991901e-01
@n.xbgr.xm35_u23.nsg13_hv_nmos[w] = 1.000073073402095e-05
@n.xbgr.xm35_u23.nsg13_hv_nmos[l] = 1.000193410773340e-06
@n.xbgr.xm35_u23.nsg13_hv_nmos[delvto] = -6.52555020854463e-04
@n.xbgr.xm35_u23.nsg13_hv_nmos[factuo] = 9.990837637663300e-01
@n.xbgr.xm35_u24.nsg13_hv_nmos[w] = 9.995694463370175e-06
@n.xbgr.xm35_u24.nsg13_hv_nmos[l] = 1.004529801311501e-06
@n.xbgr.xm35_u24.nsg13_hv_nmos[delvto] = -1.47026408805177e-03
@n.xbgr.xm35_u24.nsg13_hv_nmos[factuo] = 9.977839449046135e-01
@n.xbgr.xm36_u2.nsg13_hv_nmos[w] = 9.998243364577596e-06
@n.xbgr.xm36_u2.nsg13_hv_nmos[l] = 9.951656627239215e-07
@n.xbgr.xm36_u2.nsg13_hv_nmos[delvto] = 2.744463616424713e-03
@n.xbgr.xm36_u2.nsg13_hv_nmos[factuo] = 1.000090531946038e+00
@n.xbgr.xm36_u3.nsg13_hv_nmos[w] = 1.000284631343768e-05
@n.xbgr.xm36_u3.nsg13_hv_nmos[l] = 1.001952161799149e-06
@n.xbgr.xm36_u3.nsg13_hv_nmos[delvto] = 2.601670315302509e-04
@n.xbgr.xm36_u3.nsg13_hv_nmos[factuo] = 1.000877530891703e+00
@n.xbgr.xm36_u4.nsg13_hv_nmos[w] = 9.996757912930137e-06
@n.xbgr.xm36_u4.nsg13_hv_nmos[l] = 9.979942401406433e-07
@n.xbgr.xm36_u4.nsg13_hv_nmos[delvto] = 2.753139944022103e-03
@n.xbgr.xm36_u4.nsg13_hv_nmos[factuo] = 1.001073259238840e+00
@n.xbgr.xm36_u5.nsg13_hv_nmos[w] = 1.000132127027824e-05
@n.xbgr.xm36_u5.nsg13_hv_nmos[l] = 1.000904695281229e-06
@n.xbgr.xm36_u5.nsg13_hv_nmos[delvto] = -1.73443214991532e-03
@n.xbgr.xm36_u5.nsg13_hv_nmos[factuo] = 9.998268449159368e-01
@n.xbgr.xm36_u6.nsg13_hv_nmos[w] = 1.000378587063309e-05
@n.xbgr.xm36_u6.nsg13_hv_nmos[l] = 1.000789023988240e-06
@n.xbgr.xm36_u6.nsg13_hv_nmos[delvto] = -1.62544097882087e-03
@n.xbgr.xm36_u6.nsg13_hv_nmos[factuo] = 1.002449250473587e+00
@n.xbgr.xm36_u7.nsg13_hv_nmos[w] = 9.999150484649871e-06
@n.xbgr.xm36_u7.nsg13_hv_nmos[l] = 9.967461015098617e-07
@n.xbgr.xm36_u7.nsg13_hv_nmos[delvto] = -4.24480011548189e-03
@n.xbgr.xm36_u7.nsg13_hv_nmos[factuo] = 9.997668935511422e-01
@n.xbgr.xm36_u8.nsg13_hv_nmos[w] = 1.000131416048009e-05
@n.xbgr.xm36_u8.nsg13_hv_nmos[l] = 9.984277350734352e-07
@n.xbgr.xm36_u8.nsg13_hv_nmos[delvto] = 2.190878939047467e-03
@n.xbgr.xm36_u8.nsg13_hv_nmos[factuo] = 9.992391951030710e-01
@n.xbgr.xm36_u9.nsg13_hv_nmos[w] = 9.999368712462230e-06
@n.xbgr.xm36_u9.nsg13_hv_nmos[l] = 9.979045846153297e-07
@n.xbgr.xm36_u9.nsg13_hv_nmos[delvto] = -4.55579438999881e-03
@n.xbgr.xm36_u9.nsg13_hv_nmos[factuo] = 9.993136710696000e-01
@n.xbgr.xm36_u10.nsg13_hv_nmos[w] = 9.999565013026260e-06
@n.xbgr.xm36_u10.nsg13_hv_nmos[l] = 1.000494570110162e-06
@n.xbgr.xm36_u10.nsg13_hv_nmos[delvto] = -8.57428428865439e-04
@n.xbgr.xm36_u10.nsg13_hv_nmos[factuo] = 9.992448189531123e-01
@n.xbgr.xm36_u11.nsg13_hv_nmos[w] = 9.999047445726379e-06
@n.xbgr.xm36_u11.nsg13_hv_nmos[l] = 9.999523501420369e-07
@n.xbgr.xm36_u11.nsg13_hv_nmos[delvto] = -2.42876362602139e-03
@n.xbgr.xm36_u11.nsg13_hv_nmos[factuo] = 1.000947413964465e+00
@n.xbgr.xm36_u12.nsg13_hv_nmos[w] = 9.998169442118639e-06
@n.xbgr.xm36_u12.nsg13_hv_nmos[l] = 9.963307830136081e-07
@n.xbgr.xm36_u12.nsg13_hv_nmos[delvto] = -2.35797789464165e-03
@n.xbgr.xm36_u12.nsg13_hv_nmos[factuo] = 9.997982741645906e-01
@n.xbgr.xm36_u13.nsg13_hv_nmos[w] = 9.997937018889215e-06
@n.xbgr.xm36_u13.nsg13_hv_nmos[l] = 9.970594546266085e-07
@n.xbgr.xm36_u13.nsg13_hv_nmos[delvto] = -4.12834573792901e-03
@n.xbgr.xm36_u13.nsg13_hv_nmos[factuo] = 9.980207301616144e-01
@n.xbgr.xm36_u14.nsg13_hv_nmos[w] = 9.994291285004615e-06
@n.xbgr.xm36_u14.nsg13_hv_nmos[l] = 1.001904284583253e-06
@n.xbgr.xm36_u14.nsg13_hv_nmos[delvto] = 2.281326862965312e-03
@n.xbgr.xm36_u14.nsg13_hv_nmos[factuo] = 1.001161811113240e+00
@n.xbgr.xm36_u15.nsg13_hv_nmos[w] = 9.994333094392254e-06
@n.xbgr.xm36_u15.nsg13_hv_nmos[l] = 9.984992908295928e-07
@n.xbgr.xm36_u15.nsg13_hv_nmos[delvto] = 5.795513689844327e-05
@n.xbgr.xm36_u15.nsg13_hv_nmos[factuo] = 1.000548933605782e+00
@n.xbgr.xm36_u16.nsg13_hv_nmos[w] = 1.000451129535544e-05
@n.xbgr.xm36_u16.nsg13_hv_nmos[l] = 1.003860435456869e-06
@n.xbgr.xm36_u16.nsg13_hv_nmos[delvto] = -3.58253741829345e-03
@n.xbgr.xm36_u16.nsg13_hv_nmos[factuo] = 1.000887331302102e+00
@n.xbgr.xm36_u17.nsg13_hv_nmos[w] = 1.000096582552551e-05
@n.xbgr.xm36_u17.nsg13_hv_nmos[l] = 1.002813093802055e-06
@n.xbgr.xm36_u17.nsg13_hv_nmos[delvto] = -1.25181539052876e-04
@n.xbgr.xm36_u17.nsg13_hv_nmos[factuo] = 1.001839271248651e+00
@n.xbgr.xm36_u18.nsg13_hv_nmos[w] = 9.997406273060141e-06
@n.xbgr.xm36_u18.nsg13_hv_nmos[l] = 1.002202996585084e-06
@n.xbgr.xm36_u18.nsg13_hv_nmos[delvto] = 9.045187709482067e-04
@n.xbgr.xm36_u18.nsg13_hv_nmos[factuo] = 9.998081909528248e-01
@n.xbgr.xm36_u19.nsg13_hv_nmos[w] = 1.000101109031590e-05
@n.xbgr.xm36_u19.nsg13_hv_nmos[l] = 1.003074228446078e-06
@n.xbgr.xm36_u19.nsg13_hv_nmos[delvto] = 2.918608857589881e-03
@n.xbgr.xm36_u19.nsg13_hv_nmos[factuo] = 1.001802740422160e+00
@n.xbgr.xm36_u20.nsg13_hv_nmos[w] = 1.000198310523437e-05
@n.xbgr.xm36_u20.nsg13_hv_nmos[l] = 1.000278338632766e-06
@n.xbgr.xm36_u20.nsg13_hv_nmos[delvto] = -1.31426551136058e-03
@n.xbgr.xm36_u20.nsg13_hv_nmos[factuo] = 1.001714108333992e+00
@n.xbgr.xm36_u21.nsg13_hv_nmos[w] = 9.997220325859864e-06
@n.xbgr.xm36_u21.nsg13_hv_nmos[l] = 9.992635692363421e-07
@n.xbgr.xm36_u21.nsg13_hv_nmos[delvto] = 1.308744451792372e-03
@n.xbgr.xm36_u21.nsg13_hv_nmos[factuo] = 1.000976959661964e+00
@n.xbgr.xm36_u22.nsg13_hv_nmos[w] = 1.000228775026984e-05
@n.xbgr.xm36_u22.nsg13_hv_nmos[l] = 9.938755956885666e-07
@n.xbgr.xm36_u22.nsg13_hv_nmos[delvto] = 1.377505059787323e-03
@n.xbgr.xm36_u22.nsg13_hv_nmos[factuo] = 1.001383207953154e+00
@n.xbgr.xm36_u23.nsg13_hv_nmos[w] = 9.995063135737615e-06
@n.xbgr.xm36_u23.nsg13_hv_nmos[l] = 1.000617344360694e-06
@n.xbgr.xm36_u23.nsg13_hv_nmos[delvto] = 1.448566947224484e-03
@n.xbgr.xm36_u23.nsg13_hv_nmos[factuo] = 9.988184086487080e-01
@n.xbgr.xm36_u24.nsg13_hv_nmos[w] = 1.000609096438456e-05
@n.xbgr.xm36_u24.nsg13_hv_nmos[l] = 1.005412863686612e-06
@n.xbgr.xm36_u24.nsg13_hv_nmos[delvto] = 1.258200795925179e-03
@n.xbgr.xm36_u24.nsg13_hv_nmos[factuo] = 9.983870606205428e-01
@n.xbgr.xm37_u2.nsg13_hv_nmos[w] = 1.000140121388717e-05
@n.xbgr.xm37_u2.nsg13_hv_nmos[l] = 9.979977211696818e-07
@n.xbgr.xm37_u2.nsg13_hv_nmos[delvto] = 4.349548702076153e-04
@n.xbgr.xm37_u2.nsg13_hv_nmos[factuo] = 9.995276218975692e-01
@n.xbgr.xm37_u3.nsg13_hv_nmos[w] = 1.000293274782889e-05
@n.xbgr.xm37_u3.nsg13_hv_nmos[l] = 1.002047863815286e-06
@n.xbgr.xm37_u3.nsg13_hv_nmos[delvto] = -4.84894283315625e-04
@n.xbgr.xm37_u3.nsg13_hv_nmos[factuo] = 1.000396953067535e+00
@n.xbgr.xm37_u4.nsg13_hv_nmos[w] = 9.999498853317775e-06
@n.xbgr.xm37_u4.nsg13_hv_nmos[l] = 9.991156439044364e-07
@n.xbgr.xm37_u4.nsg13_hv_nmos[delvto] = -1.82056315777799e-03
@n.xbgr.xm37_u4.nsg13_hv_nmos[factuo] = 9.985060633206532e-01
@n.xbgr.xm37_u5.nsg13_hv_nmos[w] = 9.999350765279647e-06
@n.xbgr.xm37_u5.nsg13_hv_nmos[l] = 1.004847831378192e-06
@n.xbgr.xm37_u5.nsg13_hv_nmos[delvto] = -1.77638455074988e-03
@n.xbgr.xm37_u5.nsg13_hv_nmos[factuo] = 9.986259157387896e-01
@n.xbgr.xm37_u6.nsg13_hv_nmos[w] = 1.000104651023348e-05
@n.xbgr.xm37_u6.nsg13_hv_nmos[l] = 9.997602521028689e-07
@n.xbgr.xm37_u6.nsg13_hv_nmos[delvto] = 1.535278898296230e-03
@n.xbgr.xm37_u6.nsg13_hv_nmos[factuo] = 9.974042403983088e-01
@n.xbgr.xm37_u7.nsg13_hv_nmos[w] = 9.998095665973464e-06
@n.xbgr.xm37_u7.nsg13_hv_nmos[l] = 9.933090234453126e-07
@n.xbgr.xm37_u7.nsg13_hv_nmos[delvto] = -3.09857033184293e-04
@n.xbgr.xm37_u7.nsg13_hv_nmos[factuo] = 9.999714160594180e-01
@n.xbgr.xm37_u8.nsg13_hv_nmos[w] = 9.998825221324918e-06
@n.xbgr.xm37_u8.nsg13_hv_nmos[l] = 1.002457745560074e-06
@n.xbgr.xm37_u8.nsg13_hv_nmos[delvto] = -2.55873046552991e-03
@n.xbgr.xm37_u8.nsg13_hv_nmos[factuo] = 1.000787856121473e+00
@n.xbgr.xm37_u9.nsg13_hv_nmos[w] = 1.000291530649731e-05
@n.xbgr.xm37_u9.nsg13_hv_nmos[l] = 1.000951686681484e-06
@n.xbgr.xm37_u9.nsg13_hv_nmos[delvto] = 1.377042801143236e-03
@n.xbgr.xm37_u9.nsg13_hv_nmos[factuo] = 1.000576724271901e+00
@n.xbgr.xm37_u10.nsg13_hv_nmos[w] = 1.000278523208538e-05
@n.xbgr.xm37_u10.nsg13_hv_nmos[l] = 1.000819001618494e-06
@n.xbgr.xm37_u10.nsg13_hv_nmos[delvto] = 1.281398494659257e-03
@n.xbgr.xm37_u10.nsg13_hv_nmos[factuo] = 1.001614195505292e+00
@n.xbgr.xm37_u11.nsg13_hv_nmos[w] = 1.000044740176071e-05
@n.xbgr.xm37_u11.nsg13_hv_nmos[l] = 9.975925179718626e-07
@n.xbgr.xm37_u11.nsg13_hv_nmos[delvto] = 2.141974737394097e-03
@n.xbgr.xm37_u11.nsg13_hv_nmos[factuo] = 1.002954013800673e+00
@n.xbgr.xm37_u12.nsg13_hv_nmos[w] = 1.000315203099810e-05
@n.xbgr.xm37_u12.nsg13_hv_nmos[l] = 9.991467805048017e-07
@n.xbgr.xm37_u12.nsg13_hv_nmos[delvto] = 1.495290094595980e-04
@n.xbgr.xm37_u12.nsg13_hv_nmos[factuo] = 1.004021134931556e+00
@n.xbgr.xm37_u13.nsg13_hv_nmos[w] = 9.999925334499115e-06
@n.xbgr.xm37_u13.nsg13_hv_nmos[l] = 1.000423918052529e-06
@n.xbgr.xm37_u13.nsg13_hv_nmos[delvto] = 9.376726367823344e-04
@n.xbgr.xm37_u13.nsg13_hv_nmos[factuo] = 1.000269187884024e+00
@n.xbgr.xm37_u14.nsg13_hv_nmos[w] = 9.997395685263364e-06
@n.xbgr.xm37_u14.nsg13_hv_nmos[l] = 1.003049700911830e-06
@n.xbgr.xm37_u14.nsg13_hv_nmos[delvto] = -5.57715602648042e-04
@n.xbgr.xm37_u14.nsg13_hv_nmos[factuo] = 9.989421370730118e-01
@n.xbgr.xm37_u15.nsg13_hv_nmos[w] = 9.999433111593994e-06
@n.xbgr.xm37_u15.nsg13_hv_nmos[l] = 1.004147320969485e-06
@n.xbgr.xm37_u15.nsg13_hv_nmos[delvto] = -4.86341684880289e-05
@n.xbgr.xm37_u15.nsg13_hv_nmos[factuo] = 1.001719885569551e+00
@n.xbgr.xm37_u16.nsg13_hv_nmos[w] = 1.000096092648388e-05
@n.xbgr.xm37_u16.nsg13_hv_nmos[l] = 1.002215164453596e-06
@n.xbgr.xm37_u16.nsg13_hv_nmos[delvto] = 1.265602499220522e-03
@n.xbgr.xm37_u16.nsg13_hv_nmos[factuo] = 9.970326967608836e-01
@n.xbgr.xm37_u17.nsg13_hv_nmos[w] = 1.000062407176357e-05
@n.xbgr.xm37_u17.nsg13_hv_nmos[l] = 1.008360878664302e-06
@n.xbgr.xm37_u17.nsg13_hv_nmos[delvto] = 1.350600361595756e-03
@n.xbgr.xm37_u17.nsg13_hv_nmos[factuo] = 1.002526112426570e+00
@n.xbgr.xm37_u18.nsg13_hv_nmos[w] = 9.999375794686260e-06
@n.xbgr.xm37_u18.nsg13_hv_nmos[l] = 9.960539316996729e-07
@n.xbgr.xm37_u18.nsg13_hv_nmos[delvto] = -2.42137304892902e-03
@n.xbgr.xm37_u18.nsg13_hv_nmos[factuo] = 9.996314651364617e-01
@n.xbgr.xm37_u19.nsg13_hv_nmos[w] = 1.000174287580514e-05
@n.xbgr.xm37_u19.nsg13_hv_nmos[l] = 1.005270391225653e-06
@n.xbgr.xm37_u19.nsg13_hv_nmos[delvto] = 2.472891495915294e-03
@n.xbgr.xm37_u19.nsg13_hv_nmos[factuo] = 9.988987771777336e-01
@n.xbgr.xm37_u20.nsg13_hv_nmos[w] = 9.999581835299147e-06
@n.xbgr.xm37_u20.nsg13_hv_nmos[l] = 1.001044939275230e-06
@n.xbgr.xm37_u20.nsg13_hv_nmos[delvto] = -1.57118981625878e-03
@n.xbgr.xm37_u20.nsg13_hv_nmos[factuo] = 1.001895677687927e+00
@n.xbgr.xm37_u21.nsg13_hv_nmos[w] = 1.000062602185823e-05
@n.xbgr.xm37_u21.nsg13_hv_nmos[l] = 1.000618284280464e-06
@n.xbgr.xm37_u21.nsg13_hv_nmos[delvto] = -2.58594911923030e-03
@n.xbgr.xm37_u21.nsg13_hv_nmos[factuo] = 9.990513109276292e-01
@n.xbgr.xm37_u22.nsg13_hv_nmos[w] = 9.997980847022990e-06
@n.xbgr.xm37_u22.nsg13_hv_nmos[l] = 1.000987319869835e-06
@n.xbgr.xm37_u22.nsg13_hv_nmos[delvto] = -8.67528108330611e-05
@n.xbgr.xm37_u22.nsg13_hv_nmos[factuo] = 1.001645123882199e+00
@n.xbgr.xm37_u23.nsg13_hv_nmos[w] = 9.996588208210431e-06
@n.xbgr.xm37_u23.nsg13_hv_nmos[l] = 9.978559989825816e-07
@n.xbgr.xm37_u23.nsg13_hv_nmos[delvto] = -8.60721968931104e-04
@n.xbgr.xm37_u23.nsg13_hv_nmos[factuo] = 9.988357984233259e-01
@n.xbgr.xm37_u24.nsg13_hv_nmos[w] = 1.000151905028349e-05
@n.xbgr.xm37_u24.nsg13_hv_nmos[l] = 1.000005332743920e-06
@n.xbgr.xm37_u24.nsg13_hv_nmos[delvto] = -3.14378861430051e-03
@n.xbgr.xm37_u24.nsg13_hv_nmos[factuo] = 1.000561632575992e+00
@n.xbgr.xm38_u2.nsg13_hv_pmos[w] = 4.998170690610989e-06
@n.xbgr.xm38_u2.nsg13_hv_pmos[l] = 3.995581334524677e-06
@n.xbgr.xm38_u2.nsg13_hv_pmos[delvto] = -1.05981612648476e-03
@n.xbgr.xm38_u2.nsg13_hv_pmos[factuo] = 1.000519441247359e+00
@n.xbgr.xm38_u3.nsg13_hv_pmos[w] = 5.000796628619453e-06
@n.xbgr.xm38_u3.nsg13_hv_pmos[l] = 3.995196435910355e-06
@n.xbgr.xm38_u3.nsg13_hv_pmos[delvto] = 2.297530111691825e-03
@n.xbgr.xm38_u3.nsg13_hv_pmos[factuo] = 1.001015573413547e+00
@n.xbgr.xm38_u4.nsg13_hv_pmos[w] = 4.998304302581634e-06
@n.xbgr.xm38_u4.nsg13_hv_pmos[l] = 3.999009124639353e-06
@n.xbgr.xm38_u4.nsg13_hv_pmos[delvto] = 5.216608688050965e-04
@n.xbgr.xm38_u4.nsg13_hv_pmos[factuo] = 9.996883098522812e-01
@n.xbgr.xm38_u5.nsg13_hv_pmos[w] = 5.001249880222668e-06
@n.xbgr.xm38_u5.nsg13_hv_pmos[l] = 3.999190375606644e-06
@n.xbgr.xm38_u5.nsg13_hv_pmos[delvto] = -1.29383310229637e-03
@n.xbgr.xm38_u5.nsg13_hv_pmos[factuo] = 1.000514912789046e+00
@n.xbgr.xm38_u6.nsg13_hv_pmos[w] = 4.999777371581680e-06
@n.xbgr.xm38_u6.nsg13_hv_pmos[l] = 3.998630836546403e-06
@n.xbgr.xm38_u6.nsg13_hv_pmos[delvto] = -3.25559206772470e-04
@n.xbgr.xm38_u6.nsg13_hv_pmos[factuo] = 1.000479676937106e+00
@n.xbgr.xm38_u7.nsg13_hv_pmos[w] = 5.003256328438024e-06
@n.xbgr.xm38_u7.nsg13_hv_pmos[l] = 3.999209464678629e-06
@n.xbgr.xm38_u7.nsg13_hv_pmos[delvto] = -4.59298303176179e-04
@n.xbgr.xm38_u7.nsg13_hv_pmos[factuo] = 9.989224532567936e-01
@n.xbgr.xm38_u8.nsg13_hv_pmos[w] = 4.999597111052124e-06
@n.xbgr.xm38_u8.nsg13_hv_pmos[l] = 4.001749266776850e-06
@n.xbgr.xm38_u8.nsg13_hv_pmos[delvto] = 9.176968720396083e-04
@n.xbgr.xm38_u8.nsg13_hv_pmos[factuo] = 9.988811445430976e-01
@n.xbgr.xm38_u9.nsg13_hv_pmos[w] = 4.999391212502877e-06
@n.xbgr.xm38_u9.nsg13_hv_pmos[l] = 4.000635481451689e-06
@n.xbgr.xm38_u9.nsg13_hv_pmos[delvto] = 8.590682371946581e-04
@n.xbgr.xm38_u9.nsg13_hv_pmos[factuo] = 9.995095844034946e-01
@n.xbgr.xm38_u10.nsg13_hv_pmos[w] = 5.000489394365049e-06
@n.xbgr.xm38_u10.nsg13_hv_pmos[l] = 3.997230364910931e-06
@n.xbgr.xm38_u10.nsg13_hv_pmos[delvto] = -3.74303458066226e-04
@n.xbgr.xm38_u10.nsg13_hv_pmos[factuo] = 1.001138283221336e+00
@n.xbgr.xm38_u11.nsg13_hv_pmos[w] = 4.998574161676234e-06
@n.xbgr.xm38_u11.nsg13_hv_pmos[l] = 3.994402894642414e-06
@n.xbgr.xm38_u11.nsg13_hv_pmos[delvto] = 8.290263480212589e-04
@n.xbgr.xm38_u11.nsg13_hv_pmos[factuo] = 1.000756248858982e+00
@n.xbgr.xm38_u12.nsg13_hv_pmos[w] = 4.999439580017144e-06
@n.xbgr.xm38_u12.nsg13_hv_pmos[l] = 4.001455238335709e-06
@n.xbgr.xm38_u12.nsg13_hv_pmos[delvto] = -2.86929486303506e-04
@n.xbgr.xm38_u12.nsg13_hv_pmos[factuo] = 1.000292152810451e+00
@n.xbgr.xm38_u13.nsg13_hv_pmos[w] = 4.996538652538135e-06
@n.xbgr.xm38_u13.nsg13_hv_pmos[l] = 4.005156651328416e-06
@n.xbgr.xm38_u13.nsg13_hv_pmos[delvto] = -9.05930888095058e-04
@n.xbgr.xm38_u13.nsg13_hv_pmos[factuo] = 9.997597155825920e-01
@n.xbgr.xm38_u14.nsg13_hv_pmos[w] = 4.999715333223209e-06
@n.xbgr.xm38_u14.nsg13_hv_pmos[l] = 4.000346700544404e-06
@n.xbgr.xm38_u14.nsg13_hv_pmos[delvto] = -1.26795901705165e-04
@n.xbgr.xm38_u14.nsg13_hv_pmos[factuo] = 1.000033644257326e+00
@n.xbgr.xm38_u15.nsg13_hv_pmos[w] = 5.000242046261539e-06
@n.xbgr.xm38_u15.nsg13_hv_pmos[l] = 3.998684010023734e-06
@n.xbgr.xm38_u15.nsg13_hv_pmos[delvto] = 1.440444530782938e-03
@n.xbgr.xm38_u15.nsg13_hv_pmos[factuo] = 9.997213535901656e-01
@n.xbgr.xm38_u16.nsg13_hv_pmos[w] = 5.003094011655354e-06
@n.xbgr.xm38_u16.nsg13_hv_pmos[l] = 3.996021706516446e-06
@n.xbgr.xm38_u16.nsg13_hv_pmos[delvto] = -3.65345002490878e-04
@n.xbgr.xm38_u16.nsg13_hv_pmos[factuo] = 1.000796648474734e+00
@n.xbgr.xm38_u17.nsg13_hv_pmos[w] = 4.997799285074897e-06
@n.xbgr.xm38_u17.nsg13_hv_pmos[l] = 4.001044495420247e-06
@n.xbgr.xm38_u17.nsg13_hv_pmos[delvto] = 2.203612755530572e-04
@n.xbgr.xm38_u17.nsg13_hv_pmos[factuo] = 1.000084418215600e+00
@n.xbgr.xm38_u18.nsg13_hv_pmos[w] = 4.997441749223747e-06
@n.xbgr.xm38_u18.nsg13_hv_pmos[l] = 4.000529876459346e-06
@n.xbgr.xm38_u18.nsg13_hv_pmos[delvto] = 6.092263796681261e-04
@n.xbgr.xm38_u18.nsg13_hv_pmos[factuo] = 1.001239071810288e+00
@n.xbgr.xm38_u19.nsg13_hv_pmos[w] = 5.001416466905252e-06
@n.xbgr.xm38_u19.nsg13_hv_pmos[l] = 4.001572500845422e-06
@n.xbgr.xm38_u19.nsg13_hv_pmos[delvto] = -7.85361604556614e-04
@n.xbgr.xm38_u19.nsg13_hv_pmos[factuo] = 9.992199778284436e-01
@n.xbgr.xm38_u20.nsg13_hv_pmos[w] = 5.003998858912154e-06
@n.xbgr.xm38_u20.nsg13_hv_pmos[l] = 3.994655574220571e-06
@n.xbgr.xm38_u20.nsg13_hv_pmos[delvto] = 3.474681084717538e-05
@n.xbgr.xm38_u20.nsg13_hv_pmos[factuo] = 1.000589136005967e+00
@n.xbgr.xm38_u21.nsg13_hv_pmos[w] = 5.001696115475822e-06
@n.xbgr.xm38_u21.nsg13_hv_pmos[l] = 3.996067109399412e-06
@n.xbgr.xm38_u21.nsg13_hv_pmos[delvto] = 4.978148102556250e-04
@n.xbgr.xm38_u21.nsg13_hv_pmos[factuo] = 1.000568751596205e+00
@n.xbgr.xm38_u22.nsg13_hv_pmos[w] = 4.993591248590121e-06
@n.xbgr.xm38_u22.nsg13_hv_pmos[l] = 3.998802129253603e-06
@n.xbgr.xm38_u22.nsg13_hv_pmos[delvto] = -5.86368775213055e-04
@n.xbgr.xm38_u22.nsg13_hv_pmos[factuo] = 1.000401669204620e+00
@n.xbgr.xm38_u23.nsg13_hv_pmos[w] = 4.995932465800490e-06
@n.xbgr.xm38_u23.nsg13_hv_pmos[l] = 4.006061884007008e-06
@n.xbgr.xm38_u23.nsg13_hv_pmos[delvto] = 1.564984816233654e-04
@n.xbgr.xm38_u23.nsg13_hv_pmos[factuo] = 1.000971471130116e+00
@n.xbgr.xm38_u24.nsg13_hv_pmos[w] = 5.000553748355586e-06
@n.xbgr.xm38_u24.nsg13_hv_pmos[l] = 4.002936359136157e-06
@n.xbgr.xm38_u24.nsg13_hv_pmos[delvto] = -1.35397638052571e-04
@n.xbgr.xm38_u24.nsg13_hv_pmos[factuo] = 9.994718590944568e-01
@n.xbgr.xm39_u2.nsg13_hv_pmos[w] = 5.008231245484949e-06
@n.xbgr.xm39_u2.nsg13_hv_pmos[l] = 4.001562702738141e-06
@n.xbgr.xm39_u2.nsg13_hv_pmos[delvto] = 1.226030352240541e-03
@n.xbgr.xm39_u2.nsg13_hv_pmos[factuo] = 1.001255412709721e+00
@n.xbgr.xm39_u3.nsg13_hv_pmos[w] = 5.007162626549203e-06
@n.xbgr.xm39_u3.nsg13_hv_pmos[l] = 3.997334260443217e-06
@n.xbgr.xm39_u3.nsg13_hv_pmos[delvto] = 1.083230962470410e-03
@n.xbgr.xm39_u3.nsg13_hv_pmos[factuo] = 1.000486786264984e+00
@n.xbgr.xm39_u4.nsg13_hv_pmos[w] = 4.998697201920877e-06
@n.xbgr.xm39_u4.nsg13_hv_pmos[l] = 3.997813799823329e-06
@n.xbgr.xm39_u4.nsg13_hv_pmos[delvto] = 1.305245341323319e-03
@n.xbgr.xm39_u4.nsg13_hv_pmos[factuo] = 1.000695336902263e+00
@n.xbgr.xm39_u5.nsg13_hv_pmos[w] = 4.997860127991078e-06
@n.xbgr.xm39_u5.nsg13_hv_pmos[l] = 3.997016717826161e-06
@n.xbgr.xm39_u5.nsg13_hv_pmos[delvto] = -2.29933075958599e-04
@n.xbgr.xm39_u5.nsg13_hv_pmos[factuo] = 9.990504132933620e-01
@n.xbgr.xm39_u6.nsg13_hv_pmos[w] = 5.000356772653366e-06
@n.xbgr.xm39_u6.nsg13_hv_pmos[l] = 3.998631351852424e-06
@n.xbgr.xm39_u6.nsg13_hv_pmos[delvto] = 3.266276280624189e-04
@n.xbgr.xm39_u6.nsg13_hv_pmos[factuo] = 9.990324976599980e-01
@n.xbgr.xm39_u7.nsg13_hv_pmos[w] = 5.001065884754377e-06
@n.xbgr.xm39_u7.nsg13_hv_pmos[l] = 4.001214986946396e-06
@n.xbgr.xm39_u7.nsg13_hv_pmos[delvto] = 6.888918646364676e-04
@n.xbgr.xm39_u7.nsg13_hv_pmos[factuo] = 1.000389245331265e+00
@n.xbgr.xm39_u8.nsg13_hv_pmos[w] = 4.997989997339222e-06
@n.xbgr.xm39_u8.nsg13_hv_pmos[l] = 4.004530699154535e-06
@n.xbgr.xm39_u8.nsg13_hv_pmos[delvto] = 1.130638288944923e-03
@n.xbgr.xm39_u8.nsg13_hv_pmos[factuo] = 9.985890040177968e-01
@n.xbgr.xm39_u9.nsg13_hv_pmos[w] = 5.000631138533156e-06
@n.xbgr.xm39_u9.nsg13_hv_pmos[l] = 4.004855603103662e-06
@n.xbgr.xm39_u9.nsg13_hv_pmos[delvto] = 1.258493698637034e-03
@n.xbgr.xm39_u9.nsg13_hv_pmos[factuo] = 9.996732694772343e-01
@n.xbgr.xm39_u10.nsg13_hv_pmos[w] = 4.998993866668352e-06
@n.xbgr.xm39_u10.nsg13_hv_pmos[l] = 3.995195743615777e-06
@n.xbgr.xm39_u10.nsg13_hv_pmos[delvto] = 4.295995708330168e-04
@n.xbgr.xm39_u10.nsg13_hv_pmos[factuo] = 1.001957059003324e+00
@n.xbgr.xm39_u11.nsg13_hv_pmos[w] = 4.998078327466693e-06
@n.xbgr.xm39_u11.nsg13_hv_pmos[l] = 4.004621662004072e-06
@n.xbgr.xm39_u11.nsg13_hv_pmos[delvto] = -1.18087637118668e-03
@n.xbgr.xm39_u11.nsg13_hv_pmos[factuo] = 1.000344301601465e+00
@n.xbgr.xm39_u12.nsg13_hv_pmos[w] = 4.996098857942351e-06
@n.xbgr.xm39_u12.nsg13_hv_pmos[l] = 4.000496923840695e-06
@n.xbgr.xm39_u12.nsg13_hv_pmos[delvto] = -9.40605673553136e-04
@n.xbgr.xm39_u12.nsg13_hv_pmos[factuo] = 9.981548443664435e-01
@n.xbgr.xm39_u13.nsg13_hv_pmos[w] = 4.994448731202204e-06
@n.xbgr.xm39_u13.nsg13_hv_pmos[l] = 4.002415478474840e-06
@n.xbgr.xm39_u13.nsg13_hv_pmos[delvto] = 1.531811182976171e-04
@n.xbgr.xm39_u13.nsg13_hv_pmos[factuo] = 9.995408776211768e-01
@n.xbgr.xm39_u14.nsg13_hv_pmos[w] = 4.998131118684359e-06
@n.xbgr.xm39_u14.nsg13_hv_pmos[l] = 4.000264951209304e-06
@n.xbgr.xm39_u14.nsg13_hv_pmos[delvto] = -8.09751368451952e-04
@n.xbgr.xm39_u14.nsg13_hv_pmos[factuo] = 1.000589470142483e+00
@n.xbgr.xm39_u15.nsg13_hv_pmos[w] = 5.001265914378280e-06
@n.xbgr.xm39_u15.nsg13_hv_pmos[l] = 4.000509122608763e-06
@n.xbgr.xm39_u15.nsg13_hv_pmos[delvto] = -1.79157126072065e-03
@n.xbgr.xm39_u15.nsg13_hv_pmos[factuo] = 9.997581930730451e-01
@n.xbgr.xm39_u16.nsg13_hv_pmos[w] = 4.995597000286042e-06
@n.xbgr.xm39_u16.nsg13_hv_pmos[l] = 3.999413014050035e-06
@n.xbgr.xm39_u16.nsg13_hv_pmos[delvto] = -1.61538690826857e-04
@n.xbgr.xm39_u16.nsg13_hv_pmos[factuo] = 9.995475787428992e-01
@n.xbgr.xm39_u17.nsg13_hv_pmos[w] = 4.999184666690979e-06
@n.xbgr.xm39_u17.nsg13_hv_pmos[l] = 4.005949529190452e-06
@n.xbgr.xm39_u17.nsg13_hv_pmos[delvto] = -1.06116855671679e-03
@n.xbgr.xm39_u17.nsg13_hv_pmos[factuo] = 1.000431082688059e+00
@n.xbgr.xm39_u18.nsg13_hv_pmos[w] = 4.995120632664093e-06
@n.xbgr.xm39_u18.nsg13_hv_pmos[l] = 4.003649130849866e-06
@n.xbgr.xm39_u18.nsg13_hv_pmos[delvto] = -4.13529399294277e-04
@n.xbgr.xm39_u18.nsg13_hv_pmos[factuo] = 1.000454229228116e+00
@n.xbgr.xm39_u19.nsg13_hv_pmos[w] = 4.998545605760103e-06
@n.xbgr.xm39_u19.nsg13_hv_pmos[l] = 3.996721865609061e-06
@n.xbgr.xm39_u19.nsg13_hv_pmos[delvto] = 2.173862574230095e-04
@n.xbgr.xm39_u19.nsg13_hv_pmos[factuo] = 1.000140902893838e+00
@n.xbgr.xm39_u20.nsg13_hv_pmos[w] = 5.002626187900247e-06
@n.xbgr.xm39_u20.nsg13_hv_pmos[l] = 4.000619536526771e-06
@n.xbgr.xm39_u20.nsg13_hv_pmos[delvto] = -1.59032672435317e-04
@n.xbgr.xm39_u20.nsg13_hv_pmos[factuo] = 9.993631688476324e-01
@n.xbgr.xm39_u21.nsg13_hv_pmos[w] = 4.996807770507325e-06
@n.xbgr.xm39_u21.nsg13_hv_pmos[l] = 4.002360327454613e-06
@n.xbgr.xm39_u21.nsg13_hv_pmos[delvto] = -7.54656968674874e-04
@n.xbgr.xm39_u21.nsg13_hv_pmos[factuo] = 1.001165739131801e+00
@n.xbgr.xm39_u22.nsg13_hv_pmos[w] = 5.002215094407667e-06
@n.xbgr.xm39_u22.nsg13_hv_pmos[l] = 3.999839184960837e-06
@n.xbgr.xm39_u22.nsg13_hv_pmos[delvto] = -2.19629800033199e-05
@n.xbgr.xm39_u22.nsg13_hv_pmos[factuo] = 9.988511016354080e-01
@n.xbgr.xm39_u23.nsg13_hv_pmos[w] = 5.003402694202359e-06
@n.xbgr.xm39_u23.nsg13_hv_pmos[l] = 4.003972693853764e-06
@n.xbgr.xm39_u23.nsg13_hv_pmos[delvto] = 2.008553136698463e-04
@n.xbgr.xm39_u23.nsg13_hv_pmos[factuo] = 9.993609030926016e-01
@n.xbgr.xm39_u24.nsg13_hv_pmos[w] = 4.998410968819550e-06
@n.xbgr.xm39_u24.nsg13_hv_pmos[l] = 3.995926065528460e-06
@n.xbgr.xm39_u24.nsg13_hv_pmos[delvto] = 6.546085599958225e-04
@n.xbgr.xm39_u24.nsg13_hv_pmos[factuo] = 9.998453808325546e-01
@n.xbgr.xm41_u2.nsg13_hv_pmos[w] = 5.001227775237616e-06
@n.xbgr.xm41_u2.nsg13_hv_pmos[l] = 4.001090492260721e-06
@n.xbgr.xm41_u2.nsg13_hv_pmos[delvto] = -4.95879276483960e-04
@n.xbgr.xm41_u2.nsg13_hv_pmos[factuo] = 1.001098321395327e+00
@n.xbgr.xm41_u3.nsg13_hv_pmos[w] = 4.996100327814593e-06
@n.xbgr.xm41_u3.nsg13_hv_pmos[l] = 4.001133459807499e-06
@n.xbgr.xm41_u3.nsg13_hv_pmos[delvto] = 2.079166268540569e-04
@n.xbgr.xm41_u3.nsg13_hv_pmos[factuo] = 9.994903310500097e-01
@n.xbgr.xm41_u4.nsg13_hv_pmos[w] = 5.004317020977113e-06
@n.xbgr.xm41_u4.nsg13_hv_pmos[l] = 3.999511845631954e-06
@n.xbgr.xm41_u4.nsg13_hv_pmos[delvto] = -5.72513709069988e-04
@n.xbgr.xm41_u4.nsg13_hv_pmos[factuo] = 1.000758698173390e+00
@n.xbgr.xm41_u5.nsg13_hv_pmos[w] = 4.997950178074526e-06
@n.xbgr.xm41_u5.nsg13_hv_pmos[l] = 3.998959216711351e-06
@n.xbgr.xm41_u5.nsg13_hv_pmos[delvto] = -5.05496943298654e-04
@n.xbgr.xm41_u5.nsg13_hv_pmos[factuo] = 9.997736865772612e-01
@n.xbgr.xm41_u6.nsg13_hv_pmos[w] = 4.999309557816577e-06
@n.xbgr.xm41_u6.nsg13_hv_pmos[l] = 3.996144388431456e-06
@n.xbgr.xm41_u6.nsg13_hv_pmos[delvto] = -9.81802782895703e-04
@n.xbgr.xm41_u6.nsg13_hv_pmos[factuo] = 1.002220915030387e+00
@n.xbgr.xm41_u7.nsg13_hv_pmos[w] = 4.998290273314186e-06
@n.xbgr.xm41_u7.nsg13_hv_pmos[l] = 4.001187595881943e-06
@n.xbgr.xm41_u7.nsg13_hv_pmos[delvto] = -1.82428762348183e-03
@n.xbgr.xm41_u7.nsg13_hv_pmos[factuo] = 1.001521859040652e+00
@n.xbgr.xm41_u8.nsg13_hv_pmos[w] = 4.997149564504552e-06
@n.xbgr.xm41_u8.nsg13_hv_pmos[l] = 4.006506353485586e-06
@n.xbgr.xm41_u8.nsg13_hv_pmos[delvto] = 9.092234118274635e-04
@n.xbgr.xm41_u8.nsg13_hv_pmos[factuo] = 1.000299814306649e+00
@n.xbgr.xm41_u9.nsg13_hv_pmos[w] = 5.005604588418030e-06
@n.xbgr.xm41_u9.nsg13_hv_pmos[l] = 3.997570325798179e-06
@n.xbgr.xm41_u9.nsg13_hv_pmos[delvto] = 5.656635954566188e-04
@n.xbgr.xm41_u9.nsg13_hv_pmos[factuo] = 1.000792074207203e+00
@n.xbgr.xm41_u10.nsg13_hv_pmos[w] = 5.003543986791616e-06
@n.xbgr.xm41_u10.nsg13_hv_pmos[l] = 4.003247350309285e-06
@n.xbgr.xm41_u10.nsg13_hv_pmos[delvto] = -2.25189480638044e-03
@n.xbgr.xm41_u10.nsg13_hv_pmos[factuo] = 1.000910230018337e+00
@n.xbgr.xm41_u11.nsg13_hv_pmos[w] = 5.007125485402562e-06
@n.xbgr.xm41_u11.nsg13_hv_pmos[l] = 4.001005562546269e-06
@n.xbgr.xm41_u11.nsg13_hv_pmos[delvto] = -3.84695683354176e-05
@n.xbgr.xm41_u11.nsg13_hv_pmos[factuo] = 1.000431066867229e+00
@n.xbgr.xm41_u12.nsg13_hv_pmos[w] = 5.001952802399718e-06
@n.xbgr.xm41_u12.nsg13_hv_pmos[l] = 4.003975776110673e-06
@n.xbgr.xm41_u12.nsg13_hv_pmos[delvto] = 1.090760915465017e-03
@n.xbgr.xm41_u12.nsg13_hv_pmos[factuo] = 1.000350160310738e+00
@n.xbgr.xm41_u13.nsg13_hv_pmos[w] = 5.000169699559217e-06
@n.xbgr.xm41_u13.nsg13_hv_pmos[l] = 4.000207415291830e-06
@n.xbgr.xm41_u13.nsg13_hv_pmos[delvto] = -4.65684839491167e-04
@n.xbgr.xm41_u13.nsg13_hv_pmos[factuo] = 1.001232394284732e+00
@n.xbgr.xm41_u14.nsg13_hv_pmos[w] = 4.999257522424749e-06
@n.xbgr.xm41_u14.nsg13_hv_pmos[l] = 4.000783265316083e-06
@n.xbgr.xm41_u14.nsg13_hv_pmos[delvto] = -1.02042169276119e-03
@n.xbgr.xm41_u14.nsg13_hv_pmos[factuo] = 1.000139493368366e+00
@n.xbgr.xm41_u15.nsg13_hv_pmos[w] = 4.999148278050466e-06
@n.xbgr.xm41_u15.nsg13_hv_pmos[l] = 3.998780880784839e-06
@n.xbgr.xm41_u15.nsg13_hv_pmos[delvto] = -1.45943495764722e-03
@n.xbgr.xm41_u15.nsg13_hv_pmos[factuo] = 9.993562753002295e-01
@n.xbgr.xm41_u16.nsg13_hv_pmos[w] = 5.002954012106934e-06
@n.xbgr.xm41_u16.nsg13_hv_pmos[l] = 4.000195645239235e-06
@n.xbgr.xm41_u16.nsg13_hv_pmos[delvto] = -1.96785087115263e-03
@n.xbgr.xm41_u16.nsg13_hv_pmos[factuo] = 9.995869318271218e-01
@n.xbgr.xm41_u17.nsg13_hv_pmos[w] = 4.999364237881889e-06
@n.xbgr.xm41_u17.nsg13_hv_pmos[l] = 3.998347310713632e-06
@n.xbgr.xm41_u17.nsg13_hv_pmos[delvto] = -4.32494193069053e-04
@n.xbgr.xm41_u17.nsg13_hv_pmos[factuo] = 9.999726976325346e-01
@n.xbgr.xm41_u18.nsg13_hv_pmos[w] = 4.997608829821818e-06
@n.xbgr.xm41_u18.nsg13_hv_pmos[l] = 4.001705797946021e-06
@n.xbgr.xm41_u18.nsg13_hv_pmos[delvto] = -4.74606925071531e-04
@n.xbgr.xm41_u18.nsg13_hv_pmos[factuo] = 9.996300036282688e-01
@n.xbgr.xm41_u19.nsg13_hv_pmos[w] = 5.005380376656460e-06
@n.xbgr.xm41_u19.nsg13_hv_pmos[l] = 4.000598778330345e-06
@n.xbgr.xm41_u19.nsg13_hv_pmos[delvto] = -1.38254050523859e-03
@n.xbgr.xm41_u19.nsg13_hv_pmos[factuo] = 9.993566216707404e-01
@n.xbgr.xm41_u20.nsg13_hv_pmos[w] = 4.997689933364169e-06
@n.xbgr.xm41_u20.nsg13_hv_pmos[l] = 3.998557418369680e-06
@n.xbgr.xm41_u20.nsg13_hv_pmos[delvto] = 8.763535207201356e-04
@n.xbgr.xm41_u20.nsg13_hv_pmos[factuo] = 1.000082055143826e+00
@n.xbgr.xm41_u21.nsg13_hv_pmos[w] = 4.999687025132592e-06
@n.xbgr.xm41_u21.nsg13_hv_pmos[l] = 3.999792334343238e-06
@n.xbgr.xm41_u21.nsg13_hv_pmos[delvto] = 1.161905876396394e-03
@n.xbgr.xm41_u21.nsg13_hv_pmos[factuo] = 1.000046978794614e+00
@n.xbgr.xm41_u22.nsg13_hv_pmos[w] = 5.005344282503689e-06
@n.xbgr.xm41_u22.nsg13_hv_pmos[l] = 4.004692039228405e-06
@n.xbgr.xm41_u22.nsg13_hv_pmos[delvto] = -6.43546751126407e-05
@n.xbgr.xm41_u22.nsg13_hv_pmos[factuo] = 1.000710874153853e+00
@n.xbgr.xm41_u23.nsg13_hv_pmos[w] = 5.001387846624990e-06
@n.xbgr.xm41_u23.nsg13_hv_pmos[l] = 4.000954461875227e-06
@n.xbgr.xm41_u23.nsg13_hv_pmos[delvto] = 8.393208938563225e-04
@n.xbgr.xm41_u23.nsg13_hv_pmos[factuo] = 9.996429821584544e-01
@n.xbgr.xm41_u24.nsg13_hv_pmos[w] = 4.999413117224659e-06
@n.xbgr.xm41_u24.nsg13_hv_pmos[l] = 3.999165617508032e-06
@n.xbgr.xm41_u24.nsg13_hv_pmos[delvto] = -6.72566144746326e-04
@n.xbgr.xm41_u24.nsg13_hv_pmos[factuo] = 1.000662973004214e+00
@n.xbgr.xm43_u2.nsg13_hv_pmos[w] = 4.998848143830226e-06
@n.xbgr.xm43_u2.nsg13_hv_pmos[l] = 3.995485754401289e-06
@n.xbgr.xm43_u2.nsg13_hv_pmos[delvto] = 9.201747436036947e-04
@n.xbgr.xm43_u2.nsg13_hv_pmos[factuo] = 1.001245282285977e+00
@n.xbgr.xm43_u3.nsg13_hv_pmos[w] = 5.002419086667008e-06
@n.xbgr.xm43_u3.nsg13_hv_pmos[l] = 3.998410314627106e-06
@n.xbgr.xm43_u3.nsg13_hv_pmos[delvto] = 2.654173903739029e-04
@n.xbgr.xm43_u3.nsg13_hv_pmos[factuo] = 9.997822399352768e-01
@n.xbgr.xm43_u4.nsg13_hv_pmos[w] = 5.002522253667586e-06
@n.xbgr.xm43_u4.nsg13_hv_pmos[l] = 4.003056138721568e-06
@n.xbgr.xm43_u4.nsg13_hv_pmos[delvto] = 4.285471238683258e-04
@n.xbgr.xm43_u4.nsg13_hv_pmos[factuo] = 1.000336122248857e+00
@n.xbgr.xm44_u2.nsg13_hv_pmos[w] = 4.999991216981172e-06
@n.xbgr.xm44_u2.nsg13_hv_pmos[l] = 3.996091653760635e-06
@n.xbgr.xm44_u2.nsg13_hv_pmos[delvto] = 5.765782550659411e-04
@n.xbgr.xm44_u2.nsg13_hv_pmos[factuo] = 9.995992440385668e-01
@n.xbgr.xm44_u3.nsg13_hv_pmos[w] = 4.996561791214380e-06
@n.xbgr.xm44_u3.nsg13_hv_pmos[l] = 3.999629749306141e-06
@n.xbgr.xm44_u3.nsg13_hv_pmos[delvto] = -4.27488919858189e-04
@n.xbgr.xm44_u3.nsg13_hv_pmos[factuo] = 9.977924275622316e-01
@n.xbgr.xm44_u4.nsg13_hv_pmos[w] = 4.998846224670207e-06
@n.xbgr.xm44_u4.nsg13_hv_pmos[l] = 3.996904135553723e-06
@n.xbgr.xm44_u4.nsg13_hv_pmos[delvto] = -4.33767026899484e-04
@n.xbgr.xm44_u4.nsg13_hv_pmos[factuo] = 9.998711987910388e-01
@n.xbgr.xm45_u2.nsg13_hv_pmos[w] = 4.999266947183511e-06
@n.xbgr.xm45_u2.nsg13_hv_pmos[l] = 4.004634861817137e-06
@n.xbgr.xm45_u2.nsg13_hv_pmos[delvto] = -1.29924605008508e-03
@n.xbgr.xm45_u2.nsg13_hv_pmos[factuo] = 9.979464311745628e-01
@n.xbgr.xm45_u3.nsg13_hv_pmos[w] = 4.999431145744620e-06
@n.xbgr.xm45_u3.nsg13_hv_pmos[l] = 4.003570144911540e-06
@n.xbgr.xm45_u3.nsg13_hv_pmos[delvto] = -5.24558717237163e-04
@n.xbgr.xm45_u3.nsg13_hv_pmos[factuo] = 9.995126671744707e-01
@n.xbgr.xm45_u4.nsg13_hv_pmos[w] = 5.007105387577078e-06
@n.xbgr.xm45_u4.nsg13_hv_pmos[l] = 3.994733751291108e-06
@n.xbgr.xm45_u4.nsg13_hv_pmos[delvto] = -1.66479855100120e-04
@n.xbgr.xm45_u4.nsg13_hv_pmos[factuo] = 9.983015503515120e-01
@n.xbgr.xm45_u5.nsg13_hv_pmos[w] = 4.996880730980833e-06
@n.xbgr.xm45_u5.nsg13_hv_pmos[l] = 3.997548848253786e-06
@n.xbgr.xm45_u5.nsg13_hv_pmos[delvto] = 8.799836762513028e-04
@n.xbgr.xm45_u5.nsg13_hv_pmos[factuo] = 1.000626606579110e+00
@n.xbgr.xm45_u6.nsg13_hv_pmos[w] = 5.005106133375846e-06
@n.xbgr.xm45_u6.nsg13_hv_pmos[l] = 3.993282228701106e-06
@n.xbgr.xm45_u6.nsg13_hv_pmos[delvto] = -8.86450262770902e-04
@n.xbgr.xm45_u6.nsg13_hv_pmos[factuo] = 9.991742271635283e-01
@n.xbgr.xm45_u7.nsg13_hv_pmos[w] = 5.002915660853235e-06
@n.xbgr.xm45_u7.nsg13_hv_pmos[l] = 4.001050166832336e-06
@n.xbgr.xm45_u7.nsg13_hv_pmos[delvto] = 1.688138493445427e-05
@n.xbgr.xm45_u7.nsg13_hv_pmos[factuo] = 1.000640635948791e+00
@n.xbgr.xm45_u8.nsg13_hv_pmos[w] = 5.001069890015896e-06
@n.xbgr.xm45_u8.nsg13_hv_pmos[l] = 4.000617497022216e-06
@n.xbgr.xm45_u8.nsg13_hv_pmos[delvto] = 1.023827363630233e-04
@n.xbgr.xm45_u8.nsg13_hv_pmos[factuo] = 1.001507841006633e+00
@n.xbgr.xm45_u9.nsg13_hv_pmos[w] = 5.000634539497173e-06
@n.xbgr.xm45_u9.nsg13_hv_pmos[l] = 3.999581319248089e-06
@n.xbgr.xm45_u9.nsg13_hv_pmos[delvto] = -8.19615933033249e-04
@n.xbgr.xm45_u9.nsg13_hv_pmos[factuo] = 9.991572440299500e-01
@n.xbgr.xm45_u10.nsg13_hv_pmos[w] = 4.999934462056456e-06
@n.xbgr.xm45_u10.nsg13_hv_pmos[l] = 4.000101842751991e-06
@n.xbgr.xm45_u10.nsg13_hv_pmos[delvto] = 8.970102637524090e-04
@n.xbgr.xm45_u10.nsg13_hv_pmos[factuo] = 9.997343764334312e-01
@n.xbgr.xm45_u11.nsg13_hv_pmos[w] = 4.997736525559234e-06
@n.xbgr.xm45_u11.nsg13_hv_pmos[l] = 4.001601590906332e-06
@n.xbgr.xm45_u11.nsg13_hv_pmos[delvto] = -5.74924129324795e-04
@n.xbgr.xm45_u11.nsg13_hv_pmos[factuo] = 9.984691665367400e-01
@n.xbgr.xm45_u12.nsg13_hv_pmos[w] = 5.004354331517277e-06
@n.xbgr.xm45_u12.nsg13_hv_pmos[l] = 4.005721521056584e-06
@n.xbgr.xm45_u12.nsg13_hv_pmos[delvto] = 4.449660456397306e-05
@n.xbgr.xm45_u12.nsg13_hv_pmos[factuo] = 9.997121193078956e-01
@n.xbgr.xm45_u13.nsg13_hv_pmos[w] = 4.999190079604264e-06
@n.xbgr.xm45_u13.nsg13_hv_pmos[l] = 4.002048491107577e-06
@n.xbgr.xm45_u13.nsg13_hv_pmos[delvto] = -2.41052632972278e-04
@n.xbgr.xm45_u13.nsg13_hv_pmos[factuo] = 1.000135511252910e+00
@n.xbgr.xm45_u14.nsg13_hv_pmos[w] = 5.000347194965219e-06
@n.xbgr.xm45_u14.nsg13_hv_pmos[l] = 4.003857875975044e-06
@n.xbgr.xm45_u14.nsg13_hv_pmos[delvto] = 6.101035023546120e-04
@n.xbgr.xm45_u14.nsg13_hv_pmos[factuo] = 9.997076990659876e-01
@n.xbgr.xm45_u15.nsg13_hv_pmos[w] = 4.996366947082072e-06
@n.xbgr.xm45_u15.nsg13_hv_pmos[l] = 4.003639763230742e-06
@n.xbgr.xm45_u15.nsg13_hv_pmos[delvto] = -4.30985724763373e-04
@n.xbgr.xm45_u15.nsg13_hv_pmos[factuo] = 9.991464762745887e-01
@n.xbgr.xm45_u16.nsg13_hv_pmos[w] = 5.000589323606879e-06
@n.xbgr.xm45_u16.nsg13_hv_pmos[l] = 4.000181760370313e-06
@n.xbgr.xm45_u16.nsg13_hv_pmos[delvto] = -1.88168518209979e-03
@n.xbgr.xm45_u16.nsg13_hv_pmos[factuo] = 1.001319155929836e+00
@n.xbgr.xm45_u17.nsg13_hv_pmos[w] = 4.997646576310387e-06
@n.xbgr.xm45_u17.nsg13_hv_pmos[l] = 4.004466891655433e-06
@n.xbgr.xm45_u17.nsg13_hv_pmos[delvto] = 5.293070762752334e-04
@n.xbgr.xm45_u17.nsg13_hv_pmos[factuo] = 9.986995872594684e-01
@n.xbgr.xm45_u18.nsg13_hv_pmos[w] = 5.006390462582337e-06
@n.xbgr.xm45_u18.nsg13_hv_pmos[l] = 4.002073779278249e-06
@n.xbgr.xm45_u18.nsg13_hv_pmos[delvto] = 4.257264070760101e-04
@n.xbgr.xm45_u18.nsg13_hv_pmos[factuo] = 1.000739464098374e+00
@n.xbgr.xm45_u19.nsg13_hv_pmos[w] = 5.001186458443237e-06
@n.xbgr.xm45_u19.nsg13_hv_pmos[l] = 3.999099497884884e-06
@n.xbgr.xm45_u19.nsg13_hv_pmos[delvto] = 2.708837487638727e-04
@n.xbgr.xm45_u19.nsg13_hv_pmos[factuo] = 9.996705392345812e-01
@n.xbgr.xm45_u20.nsg13_hv_pmos[w] = 4.995512539985002e-06
@n.xbgr.xm45_u20.nsg13_hv_pmos[l] = 3.997965261599628e-06
@n.xbgr.xm45_u20.nsg13_hv_pmos[delvto] = 4.568622924875394e-04
@n.xbgr.xm45_u20.nsg13_hv_pmos[factuo] = 1.000777374131171e+00
@n.xbgr.xm45_u21.nsg13_hv_pmos[w] = 4.998722408751016e-06
@n.xbgr.xm45_u21.nsg13_hv_pmos[l] = 4.000832242161731e-06
@n.xbgr.xm45_u21.nsg13_hv_pmos[delvto] = -1.34993772080471e-03
@n.xbgr.xm45_u21.nsg13_hv_pmos[factuo] = 9.999145649395927e-01
@n.xbgr.xm45_u22.nsg13_hv_pmos[w] = 5.006851577955498e-06
@n.xbgr.xm45_u22.nsg13_hv_pmos[l] = 3.995378557341818e-06
@n.xbgr.xm45_u22.nsg13_hv_pmos[delvto] = -1.12520128598444e-03
@n.xbgr.xm45_u22.nsg13_hv_pmos[factuo] = 1.000135399643099e+00
@n.xbgr.xm45_u23.nsg13_hv_pmos[w] = 5.000120367779548e-06
@n.xbgr.xm45_u23.nsg13_hv_pmos[l] = 4.000911145234888e-06
@n.xbgr.xm45_u23.nsg13_hv_pmos[delvto] = 1.686158958232104e-04
@n.xbgr.xm45_u23.nsg13_hv_pmos[factuo] = 9.993466505147438e-01
@n.xbgr.xm45_u24.nsg13_hv_pmos[w] = 5.002545240317675e-06
@n.xbgr.xm45_u24.nsg13_hv_pmos[l] = 4.000898977464464e-06
@n.xbgr.xm45_u24.nsg13_hv_pmos[delvto] = 8.470485700824424e-06
@n.xbgr.xm45_u24.nsg13_hv_pmos[factuo] = 1.000726199524381e+00
@n.xbgr.xm47_u2.nsg13_hv_pmos[w] = 4.998741781298781e-06
@n.xbgr.xm47_u2.nsg13_hv_pmos[l] = 4.000682829048930e-06
@n.xbgr.xm47_u2.nsg13_hv_pmos[delvto] = -5.32375006217794e-05
@n.xbgr.xm47_u2.nsg13_hv_pmos[factuo] = 9.997621426330576e-01
@n.xbgr.xm47_u3.nsg13_hv_pmos[w] = 4.995715907574023e-06
@n.xbgr.xm47_u3.nsg13_hv_pmos[l] = 4.002948884183146e-06
@n.xbgr.xm47_u3.nsg13_hv_pmos[delvto] = -9.28415859084269e-04
@n.xbgr.xm47_u3.nsg13_hv_pmos[factuo] = 1.000727423534377e+00
@n.xbgr.xm47_u4.nsg13_hv_pmos[w] = 5.003427379148077e-06
@n.xbgr.xm47_u4.nsg13_hv_pmos[l] = 4.000208215193737e-06
@n.xbgr.xm47_u4.nsg13_hv_pmos[delvto] = -7.25346784841940e-05
@n.xbgr.xm47_u4.nsg13_hv_pmos[factuo] = 1.000417445709487e+00
@n.xbgr.xm47_u5.nsg13_hv_pmos[w] = 5.002294881512296e-06
@n.xbgr.xm47_u5.nsg13_hv_pmos[l] = 3.997879428464134e-06
@n.xbgr.xm47_u5.nsg13_hv_pmos[delvto] = 1.622647287023218e-03
@n.xbgr.xm47_u5.nsg13_hv_pmos[factuo] = 9.991648819414920e-01
@n.xbgr.xm47_u6.nsg13_hv_pmos[w] = 4.998267661311947e-06
@n.xbgr.xm47_u6.nsg13_hv_pmos[l] = 4.003467674922000e-06
@n.xbgr.xm47_u6.nsg13_hv_pmos[delvto] = 1.302063215946235e-03
@n.xbgr.xm47_u6.nsg13_hv_pmos[factuo] = 9.985741608976846e-01
@n.xbgr.xm47_u7.nsg13_hv_pmos[w] = 4.996835138643235e-06
@n.xbgr.xm47_u7.nsg13_hv_pmos[l] = 4.002520007754433e-06
@n.xbgr.xm47_u7.nsg13_hv_pmos[delvto] = 4.134296119368323e-04
@n.xbgr.xm47_u7.nsg13_hv_pmos[factuo] = 1.000129811942184e+00
@n.xbgr.xm47_u8.nsg13_hv_pmos[w] = 4.999341921193040e-06
@n.xbgr.xm47_u8.nsg13_hv_pmos[l] = 4.003122216056052e-06
@n.xbgr.xm47_u8.nsg13_hv_pmos[delvto] = 4.648903882506506e-04
@n.xbgr.xm47_u8.nsg13_hv_pmos[factuo] = 9.994433293935020e-01
@n.xbgr.xm47_u9.nsg13_hv_pmos[w] = 4.998615871978511e-06
@n.xbgr.xm47_u9.nsg13_hv_pmos[l] = 4.000876748800610e-06
@n.xbgr.xm47_u9.nsg13_hv_pmos[delvto] = 6.633491027489643e-04
@n.xbgr.xm47_u9.nsg13_hv_pmos[factuo] = 1.001031200263407e+00
@n.xbgr.xm47_u10.nsg13_hv_pmos[w] = 5.001117422121715e-06
@n.xbgr.xm47_u10.nsg13_hv_pmos[l] = 4.001921577346029e-06
@n.xbgr.xm47_u10.nsg13_hv_pmos[delvto] = 3.055625887470821e-03
@n.xbgr.xm47_u10.nsg13_hv_pmos[factuo] = 1.000480080760490e+00
@n.xbgr.xm47_u11.nsg13_hv_pmos[w] = 5.000921221016547e-06
@n.xbgr.xm47_u11.nsg13_hv_pmos[l] = 3.993841542556445e-06
@n.xbgr.xm47_u11.nsg13_hv_pmos[delvto] = -1.29342267313089e-05
@n.xbgr.xm47_u11.nsg13_hv_pmos[factuo] = 1.000448960638355e+00
@n.xbgr.xm47_u12.nsg13_hv_pmos[w] = 5.007085842927044e-06
@n.xbgr.xm47_u12.nsg13_hv_pmos[l] = 3.996995059561488e-06
@n.xbgr.xm47_u12.nsg13_hv_pmos[delvto] = 1.993425051972330e-04
@n.xbgr.xm47_u12.nsg13_hv_pmos[factuo] = 9.989338040465368e-01
@n.xbgr.xm47_u13.nsg13_hv_pmos[w] = 5.002109511026330e-06
@n.xbgr.xm47_u13.nsg13_hv_pmos[l] = 4.005091401440129e-06
@n.xbgr.xm47_u13.nsg13_hv_pmos[delvto] = -2.41192067858531e-04
@n.xbgr.xm47_u13.nsg13_hv_pmos[factuo] = 9.999981276510675e-01
@n.xbgr.xm47_u14.nsg13_hv_pmos[w] = 5.001549454653252e-06
@n.xbgr.xm47_u14.nsg13_hv_pmos[l] = 4.002572534774021e-06
@n.xbgr.xm47_u14.nsg13_hv_pmos[delvto] = -2.19941363319964e-04
@n.xbgr.xm47_u14.nsg13_hv_pmos[factuo] = 1.000227102991968e+00
@n.xbgr.xm47_u15.nsg13_hv_pmos[w] = 4.999610239257041e-06
@n.xbgr.xm47_u15.nsg13_hv_pmos[l] = 4.003778840824961e-06
@n.xbgr.xm47_u15.nsg13_hv_pmos[delvto] = -3.78053540994928e-04
@n.xbgr.xm47_u15.nsg13_hv_pmos[factuo] = 1.000809054863683e+00
@n.xbgr.xm47_u16.nsg13_hv_pmos[w] = 4.998180451687529e-06
@n.xbgr.xm47_u16.nsg13_hv_pmos[l] = 3.996825299686971e-06
@n.xbgr.xm47_u16.nsg13_hv_pmos[delvto] = -3.02110493880734e-04
@n.xbgr.xm47_u16.nsg13_hv_pmos[factuo] = 9.998755108077692e-01
@n.xbgr.xm47_u17.nsg13_hv_pmos[w] = 5.002757005420418e-06
@n.xbgr.xm47_u17.nsg13_hv_pmos[l] = 4.000432675328290e-06
@n.xbgr.xm47_u17.nsg13_hv_pmos[delvto] = 1.523417934973701e-04
@n.xbgr.xm47_u17.nsg13_hv_pmos[factuo] = 1.000264248942094e+00
@n.xbgr.xm47_u18.nsg13_hv_pmos[w] = 5.000179580680167e-06
@n.xbgr.xm47_u18.nsg13_hv_pmos[l] = 3.998814725452930e-06
@n.xbgr.xm47_u18.nsg13_hv_pmos[delvto] = -4.13600546842065e-04
@n.xbgr.xm47_u18.nsg13_hv_pmos[factuo] = 9.995989989577676e-01
@n.xbgr.xm47_u19.nsg13_hv_pmos[w] = 4.997350817012804e-06
@n.xbgr.xm47_u19.nsg13_hv_pmos[l] = 3.999477548298565e-06
@n.xbgr.xm47_u19.nsg13_hv_pmos[delvto] = -9.75689506994938e-04
@n.xbgr.xm47_u19.nsg13_hv_pmos[factuo] = 1.000656889784199e+00
@n.xbgr.xm47_u20.nsg13_hv_pmos[w] = 4.999513256616709e-06
@n.xbgr.xm47_u20.nsg13_hv_pmos[l] = 3.997713701846582e-06
@n.xbgr.xm47_u20.nsg13_hv_pmos[delvto] = 6.871547042205746e-04
@n.xbgr.xm47_u20.nsg13_hv_pmos[factuo] = 9.986944749882760e-01
@n.xbgr.xm47_u21.nsg13_hv_pmos[w] = 5.005424438472132e-06
@n.xbgr.xm47_u21.nsg13_hv_pmos[l] = 3.997851139509442e-06
@n.xbgr.xm47_u21.nsg13_hv_pmos[delvto] = 1.397759100456653e-03
@n.xbgr.xm47_u21.nsg13_hv_pmos[factuo] = 9.988779465190878e-01
@n.xbgr.xm47_u22.nsg13_hv_pmos[w] = 5.002953632172196e-06
@n.xbgr.xm47_u22.nsg13_hv_pmos[l] = 4.001779901588010e-06
@n.xbgr.xm47_u22.nsg13_hv_pmos[delvto] = -1.37819230478982e-03
@n.xbgr.xm47_u22.nsg13_hv_pmos[factuo] = 9.997112839719378e-01
@n.xbgr.xm47_u23.nsg13_hv_pmos[w] = 5.001525396251070e-06
@n.xbgr.xm47_u23.nsg13_hv_pmos[l] = 3.999202054164587e-06
@n.xbgr.xm47_u23.nsg13_hv_pmos[delvto] = -1.31349274387647e-04
@n.xbgr.xm47_u23.nsg13_hv_pmos[factuo] = 1.000193175160246e+00
@n.xbgr.xm47_u24.nsg13_hv_pmos[w] = 4.996779892916317e-06
@n.xbgr.xm47_u24.nsg13_hv_pmos[l] = 4.003824131583860e-06
@n.xbgr.xm47_u24.nsg13_hv_pmos[delvto] = -2.24441880703757e-04
@n.xbgr.xm47_u24.nsg13_hv_pmos[factuo] = 1.000513060373507e+00
@n.xbgr.xm48_u2.nsg13_hv_pmos[w] = 5.001625276686668e-06
@n.xbgr.xm48_u2.nsg13_hv_pmos[l] = 4.002662712409109e-06
@n.xbgr.xm48_u2.nsg13_hv_pmos[delvto] = -5.42153549614386e-04
@n.xbgr.xm48_u2.nsg13_hv_pmos[factuo] = 9.995477875230104e-01
@n.xbgr.xm48_u3.nsg13_hv_pmos[w] = 5.002773685701107e-06
@n.xbgr.xm48_u3.nsg13_hv_pmos[l] = 3.999502090729537e-06
@n.xbgr.xm48_u3.nsg13_hv_pmos[delvto] = -6.62708934178392e-04
@n.xbgr.xm48_u3.nsg13_hv_pmos[factuo] = 1.000657231814801e+00
@n.xbgr.xm48_u4.nsg13_hv_pmos[w] = 5.002734863353398e-06
@n.xbgr.xm48_u4.nsg13_hv_pmos[l] = 3.996423667943966e-06
@n.xbgr.xm48_u4.nsg13_hv_pmos[delvto] = 1.755813264681969e-03
@n.xbgr.xm48_u4.nsg13_hv_pmos[factuo] = 1.000600022628832e+00
@n.xbgr.xm48_u5.nsg13_hv_pmos[w] = 4.999501684398382e-06
@n.xbgr.xm48_u5.nsg13_hv_pmos[l] = 3.997570466992843e-06
@n.xbgr.xm48_u5.nsg13_hv_pmos[delvto] = -1.36095805319236e-03
@n.xbgr.xm48_u5.nsg13_hv_pmos[factuo] = 1.001146142960977e+00
@n.xbgr.xm48_u6.nsg13_hv_pmos[w] = 5.001357988127297e-06
@n.xbgr.xm48_u6.nsg13_hv_pmos[l] = 3.998704790337518e-06
@n.xbgr.xm48_u6.nsg13_hv_pmos[delvto] = -1.72884204201930e-04
@n.xbgr.xm48_u6.nsg13_hv_pmos[factuo] = 1.000106467013073e+00
@n.xbgr.xm48_u7.nsg13_hv_pmos[w] = 5.003433168652790e-06
@n.xbgr.xm48_u7.nsg13_hv_pmos[l] = 3.995539273314160e-06
@n.xbgr.xm48_u7.nsg13_hv_pmos[delvto] = 1.031501857655496e-04
@n.xbgr.xm48_u7.nsg13_hv_pmos[factuo] = 9.988238528123696e-01
@n.xbgr.xm48_u8.nsg13_hv_pmos[w] = 5.001963509366583e-06
@n.xbgr.xm48_u8.nsg13_hv_pmos[l] = 3.998501508605274e-06
@n.xbgr.xm48_u8.nsg13_hv_pmos[delvto] = 9.913386763223074e-04
@n.xbgr.xm48_u8.nsg13_hv_pmos[factuo] = 1.000622837030308e+00
@n.xbgr.xm48_u9.nsg13_hv_pmos[w] = 5.005539551011180e-06
@n.xbgr.xm48_u9.nsg13_hv_pmos[l] = 4.001454448259841e-06
@n.xbgr.xm48_u9.nsg13_hv_pmos[delvto] = -1.55118768994478e-03
@n.xbgr.xm48_u9.nsg13_hv_pmos[factuo] = 9.996774756038795e-01
@n.xbgr.xm48_u10.nsg13_hv_pmos[w] = 5.001391954249095e-06
@n.xbgr.xm48_u10.nsg13_hv_pmos[l] = 3.999654926740254e-06
@n.xbgr.xm48_u10.nsg13_hv_pmos[delvto] = -8.35976162206475e-06
@n.xbgr.xm48_u10.nsg13_hv_pmos[factuo] = 9.994833649740594e-01
@n.xbgr.xm48_u11.nsg13_hv_pmos[w] = 4.997792753901900e-06
@n.xbgr.xm48_u11.nsg13_hv_pmos[l] = 3.995110053139691e-06
@n.xbgr.xm48_u11.nsg13_hv_pmos[delvto] = 2.143247121890190e-03
@n.xbgr.xm48_u11.nsg13_hv_pmos[factuo] = 1.000179299469007e+00
@n.xbgr.xm48_u12.nsg13_hv_pmos[w] = 4.994876081034476e-06
@n.xbgr.xm48_u12.nsg13_hv_pmos[l] = 4.003756995843306e-06
@n.xbgr.xm48_u12.nsg13_hv_pmos[delvto] = 2.090022815967450e-04
@n.xbgr.xm48_u12.nsg13_hv_pmos[factuo] = 9.986560324743696e-01
@n.xbgr.xm48_u13.nsg13_hv_pmos[w] = 5.001262563671078e-06
@n.xbgr.xm48_u13.nsg13_hv_pmos[l] = 3.998542629308350e-06
@n.xbgr.xm48_u13.nsg13_hv_pmos[delvto] = 1.572480843477522e-03
@n.xbgr.xm48_u13.nsg13_hv_pmos[factuo] = 9.996946188963107e-01
@n.xbgr.xm48_u14.nsg13_hv_pmos[w] = 5.000641989978961e-06
@n.xbgr.xm48_u14.nsg13_hv_pmos[l] = 3.998983600706976e-06
@n.xbgr.xm48_u14.nsg13_hv_pmos[delvto] = -1.37878971016431e-03
@n.xbgr.xm48_u14.nsg13_hv_pmos[factuo] = 9.994096445501398e-01
@n.xbgr.xm48_u15.nsg13_hv_pmos[w] = 4.999236194425273e-06
@n.xbgr.xm48_u15.nsg13_hv_pmos[l] = 3.996635430911401e-06
@n.xbgr.xm48_u15.nsg13_hv_pmos[delvto] = -1.35911643260426e-03
@n.xbgr.xm48_u15.nsg13_hv_pmos[factuo] = 9.995226894866680e-01
@n.xbgr.xm48_u16.nsg13_hv_pmos[w] = 5.005887701475139e-06
@n.xbgr.xm48_u16.nsg13_hv_pmos[l] = 4.001623323929572e-06
@n.xbgr.xm48_u16.nsg13_hv_pmos[delvto] = 1.600655721930185e-03
@n.xbgr.xm48_u16.nsg13_hv_pmos[factuo] = 9.994266732789976e-01
@n.xbgr.xm48_u17.nsg13_hv_pmos[w] = 5.004156713329846e-06
@n.xbgr.xm48_u17.nsg13_hv_pmos[l] = 4.000863961809321e-06
@n.xbgr.xm48_u17.nsg13_hv_pmos[delvto] = -1.51818571968092e-04
@n.xbgr.xm48_u17.nsg13_hv_pmos[factuo] = 9.993485648333672e-01
@n.xbgr.xm48_u18.nsg13_hv_pmos[w] = 5.001880567268914e-06
@n.xbgr.xm48_u18.nsg13_hv_pmos[l] = 3.998263066247378e-06
@n.xbgr.xm48_u18.nsg13_hv_pmos[delvto] = -1.35640514889441e-03
@n.xbgr.xm48_u18.nsg13_hv_pmos[factuo] = 9.989882618730592e-01
@n.xbgr.xm48_u19.nsg13_hv_pmos[w] = 5.000254500996726e-06
@n.xbgr.xm48_u19.nsg13_hv_pmos[l] = 3.998186559204250e-06
@n.xbgr.xm48_u19.nsg13_hv_pmos[delvto] = -1.57941079342141e-03
@n.xbgr.xm48_u19.nsg13_hv_pmos[factuo] = 1.000434615474057e+00
@n.xbgr.xm48_u20.nsg13_hv_pmos[w] = 4.997787572747802e-06
@n.xbgr.xm48_u20.nsg13_hv_pmos[l] = 3.996864749068531e-06
@n.xbgr.xm48_u20.nsg13_hv_pmos[delvto] = -1.08637940307649e-03
@n.xbgr.xm48_u20.nsg13_hv_pmos[factuo] = 9.995271467202348e-01
@n.xbgr.xm48_u21.nsg13_hv_pmos[w] = 4.996746522373874e-06
@n.xbgr.xm48_u21.nsg13_hv_pmos[l] = 3.999891653201179e-06
@n.xbgr.xm48_u21.nsg13_hv_pmos[delvto] = 1.200306289155904e-03
@n.xbgr.xm48_u21.nsg13_hv_pmos[factuo] = 9.996118515506692e-01
@n.xbgr.xm48_u22.nsg13_hv_pmos[w] = 5.000340178002866e-06
@n.xbgr.xm48_u22.nsg13_hv_pmos[l] = 4.000495729245713e-06
@n.xbgr.xm48_u22.nsg13_hv_pmos[delvto] = 1.210236720317214e-04
@n.xbgr.xm48_u22.nsg13_hv_pmos[factuo] = 1.002267949446928e+00
@n.xbgr.xm48_u23.nsg13_hv_pmos[w] = 4.998695565769656e-06
@n.xbgr.xm48_u23.nsg13_hv_pmos[l] = 3.998034293607147e-06
@n.xbgr.xm48_u23.nsg13_hv_pmos[delvto] = 1.607215026378744e-03
@n.xbgr.xm48_u23.nsg13_hv_pmos[factuo] = 9.999932251188414e-01
@n.xbgr.xm48_u24.nsg13_hv_pmos[w] = 4.996201827596727e-06
@n.xbgr.xm48_u24.nsg13_hv_pmos[l] = 3.995754236185174e-06
@n.xbgr.xm48_u24.nsg13_hv_pmos[delvto] = -3.30004515713104e-04
@n.xbgr.xm48_u24.nsg13_hv_pmos[factuo] = 9.992998530075966e-01
@n.xbgr.xm50_u2.nsg13_hv_pmos[w] = 1.000420895463332e-05
@n.xbgr.xm50_u2.nsg13_hv_pmos[l] = 3.995795879715118e-06
@n.xbgr.xm50_u2.nsg13_hv_pmos[delvto] = -2.22676001697605e-04
@n.xbgr.xm50_u2.nsg13_hv_pmos[factuo] = 9.991794358974688e-01
@n.xbgr.xm50_u3.nsg13_hv_pmos[w] = 1.000155730358841e-05
@n.xbgr.xm50_u3.nsg13_hv_pmos[l] = 4.004556824567254e-06
@n.xbgr.xm50_u3.nsg13_hv_pmos[delvto] = 2.033592950849671e-04
@n.xbgr.xm50_u3.nsg13_hv_pmos[factuo] = 1.000696194808853e+00
@n.xbgr.xm50_u4.nsg13_hv_pmos[w] = 9.993828895853460e-06
@n.xbgr.xm50_u4.nsg13_hv_pmos[l] = 3.999602325616973e-06
@n.xbgr.xm50_u4.nsg13_hv_pmos[delvto] = 1.491487684702775e-03
@n.xbgr.xm50_u4.nsg13_hv_pmos[factuo] = 1.000574670675891e+00
@n.xbgr.xm50_u5.nsg13_hv_pmos[w] = 9.996391960203395e-06
@n.xbgr.xm50_u5.nsg13_hv_pmos[l] = 3.999087786001711e-06
@n.xbgr.xm50_u5.nsg13_hv_pmos[delvto] = 2.881583685040536e-04
@n.xbgr.xm50_u5.nsg13_hv_pmos[factuo] = 9.994960167118180e-01
@n.xbgr.xm50_u6.nsg13_hv_pmos[w] = 9.998298211241806e-06
@n.xbgr.xm50_u6.nsg13_hv_pmos[l] = 3.999427454994455e-06
@n.xbgr.xm50_u6.nsg13_hv_pmos[delvto] = 7.317758060559994e-06
@n.xbgr.xm50_u6.nsg13_hv_pmos[factuo] = 1.000207018517808e+00
@n.xbgr.xm50_u7.nsg13_hv_pmos[w] = 9.999077903566866e-06
@n.xbgr.xm50_u7.nsg13_hv_pmos[l] = 3.997883842560763e-06
@n.xbgr.xm50_u7.nsg13_hv_pmos[delvto] = -1.01291241132049e-04
@n.xbgr.xm50_u7.nsg13_hv_pmos[factuo] = 1.000985668546539e+00
@n.xbgr.xm50_u8.nsg13_hv_pmos[w] = 9.993284732728761e-06
@n.xbgr.xm50_u8.nsg13_hv_pmos[l] = 4.002436281470682e-06
@n.xbgr.xm50_u8.nsg13_hv_pmos[delvto] = -9.16935726204771e-04
@n.xbgr.xm50_u8.nsg13_hv_pmos[factuo] = 9.993558346551462e-01
@n.xbgr.xm50_u9.nsg13_hv_pmos[w] = 1.000251570184195e-05
@n.xbgr.xm50_u9.nsg13_hv_pmos[l] = 3.996587626242045e-06
@n.xbgr.xm50_u9.nsg13_hv_pmos[delvto] = 1.138718918788518e-04
@n.xbgr.xm50_u9.nsg13_hv_pmos[factuo] = 9.995822449616446e-01
@n.xbgr.xm50_u10.nsg13_hv_pmos[w] = 1.000382694686664e-05
@n.xbgr.xm50_u10.nsg13_hv_pmos[l] = 4.001005216157161e-06
@n.xbgr.xm50_u10.nsg13_hv_pmos[delvto] = -4.63318251405750e-04
@n.xbgr.xm50_u10.nsg13_hv_pmos[factuo] = 1.000931762240560e+00
@n.xbgr.xm50_u11.nsg13_hv_pmos[w] = 1.000265016710748e-05
@n.xbgr.xm50_u11.nsg13_hv_pmos[l] = 4.003185336746607e-06
@n.xbgr.xm50_u11.nsg13_hv_pmos[delvto] = -8.96950409793353e-04
@n.xbgr.xm50_u11.nsg13_hv_pmos[factuo] = 1.000040407979091e+00
@n.xbgr.xm50_u12.nsg13_hv_pmos[w] = 9.994202817882592e-06
@n.xbgr.xm50_u12.nsg13_hv_pmos[l] = 4.001411455141128e-06
@n.xbgr.xm50_u12.nsg13_hv_pmos[delvto] = -3.41595616101730e-04
@n.xbgr.xm50_u12.nsg13_hv_pmos[factuo] = 1.000458863920283e+00
@n.xbgr.xm50_u13.nsg13_hv_pmos[w] = 1.000234431766257e-05
@n.xbgr.xm50_u13.nsg13_hv_pmos[l] = 3.997267334334277e-06
@n.xbgr.xm50_u13.nsg13_hv_pmos[delvto] = -5.76117438085655e-05
@n.xbgr.xm50_u13.nsg13_hv_pmos[factuo] = 9.997551154473028e-01
@n.xbgr.xm50_u14.nsg13_hv_pmos[w] = 1.000352589804426e-05
@n.xbgr.xm50_u14.nsg13_hv_pmos[l] = 4.001974458868572e-06
@n.xbgr.xm50_u14.nsg13_hv_pmos[delvto] = -6.11856396627205e-04
@n.xbgr.xm50_u14.nsg13_hv_pmos[factuo] = 1.000025075699518e+00
@n.xbgr.xm50_u15.nsg13_hv_pmos[w] = 1.000189010534901e-05
@n.xbgr.xm50_u15.nsg13_hv_pmos[l] = 4.006023173788436e-06
@n.xbgr.xm50_u15.nsg13_hv_pmos[delvto] = 1.751672936612217e-04
@n.xbgr.xm50_u15.nsg13_hv_pmos[factuo] = 9.994862107727099e-01
@n.xbgr.xm50_u16.nsg13_hv_pmos[w] = 1.000150625339562e-05
@n.xbgr.xm50_u16.nsg13_hv_pmos[l] = 4.001304305325898e-06
@n.xbgr.xm50_u16.nsg13_hv_pmos[delvto] = -1.85638841335030e-05
@n.xbgr.xm50_u16.nsg13_hv_pmos[factuo] = 1.000222796660326e+00
@n.xbgr.xm50_u17.nsg13_hv_pmos[w] = 9.999105391670363e-06
@n.xbgr.xm50_u17.nsg13_hv_pmos[l] = 4.002445909855311e-06
@n.xbgr.xm50_u17.nsg13_hv_pmos[delvto] = 1.142346799018541e-03
@n.xbgr.xm50_u17.nsg13_hv_pmos[factuo] = 1.000782656840622e+00
@n.xbgr.xm50_u18.nsg13_hv_pmos[w] = 1.000091288992131e-05
@n.xbgr.xm50_u18.nsg13_hv_pmos[l] = 4.003565820609949e-06
@n.xbgr.xm50_u18.nsg13_hv_pmos[delvto] = -6.19752465198992e-04
@n.xbgr.xm50_u18.nsg13_hv_pmos[factuo] = 9.993418556893536e-01
@n.xbgr.xm50_u19.nsg13_hv_pmos[w] = 9.996601518245831e-06
@n.xbgr.xm50_u19.nsg13_hv_pmos[l] = 3.994087375805860e-06
@n.xbgr.xm50_u19.nsg13_hv_pmos[delvto] = -4.03624214280706e-04
@n.xbgr.xm50_u19.nsg13_hv_pmos[factuo] = 1.000565195081883e+00
@n.xbgr.xm50_u20.nsg13_hv_pmos[w] = 1.000155767945665e-05
@n.xbgr.xm50_u20.nsg13_hv_pmos[l] = 4.004885682659250e-06
@n.xbgr.xm50_u20.nsg13_hv_pmos[delvto] = 6.059396785362079e-04
@n.xbgr.xm50_u20.nsg13_hv_pmos[factuo] = 1.000395486687417e+00
@n.xbgr.xm50_u21.nsg13_hv_pmos[w] = 9.996815189653999e-06
@n.xbgr.xm50_u21.nsg13_hv_pmos[l] = 4.000116347068789e-06
@n.xbgr.xm50_u21.nsg13_hv_pmos[delvto] = 5.130995950311263e-04
@n.xbgr.xm50_u21.nsg13_hv_pmos[factuo] = 9.987518009018176e-01
@n.xbgr.xm50_u22.nsg13_hv_pmos[w] = 1.000042332127391e-05
@n.xbgr.xm50_u22.nsg13_hv_pmos[l] = 3.998149107228382e-06
@n.xbgr.xm50_u22.nsg13_hv_pmos[delvto] = -4.16081509597191e-05
@n.xbgr.xm50_u22.nsg13_hv_pmos[factuo] = 9.992410098283026e-01
@n.xbgr.xm50_u23.nsg13_hv_pmos[w] = 1.000053506569573e-05
@n.xbgr.xm50_u23.nsg13_hv_pmos[l] = 3.997662447332641e-06
@n.xbgr.xm50_u23.nsg13_hv_pmos[delvto] = -2.37919652204716e-04
@n.xbgr.xm50_u23.nsg13_hv_pmos[factuo] = 9.998121467333672e-01
@n.xbgr.xm50_u24.nsg13_hv_pmos[w] = 1.000255786733724e-05
@n.xbgr.xm50_u24.nsg13_hv_pmos[l] = 3.999735519154776e-06
@n.xbgr.xm50_u24.nsg13_hv_pmos[delvto] = 4.490259796861915e-04
@n.xbgr.xm50_u24.nsg13_hv_pmos[factuo] = 9.999365779233536e-01
@n.xbgr.xm51_u2.nsg13_hv_pmos[w] = 9.995956786446736e-06
@n.xbgr.xm51_u2.nsg13_hv_pmos[l] = 4.004808066988953e-06
@n.xbgr.xm51_u2.nsg13_hv_pmos[delvto] = -1.30563779294495e-03
@n.xbgr.xm51_u2.nsg13_hv_pmos[factuo] = 1.000702660233374e+00
@n.xbgr.xm51_u3.nsg13_hv_pmos[w] = 9.999700467941163e-06
@n.xbgr.xm51_u3.nsg13_hv_pmos[l] = 4.000699646940257e-06
@n.xbgr.xm51_u3.nsg13_hv_pmos[delvto] = -6.43845887371339e-04
@n.xbgr.xm51_u3.nsg13_hv_pmos[factuo] = 1.000140857380353e+00
@n.xbgr.xm51_u4.nsg13_hv_pmos[w] = 9.994152419859011e-06
@n.xbgr.xm51_u4.nsg13_hv_pmos[l] = 3.996887362989159e-06
@n.xbgr.xm51_u4.nsg13_hv_pmos[delvto] = -1.15572553275834e-04
@n.xbgr.xm51_u4.nsg13_hv_pmos[factuo] = 9.998016129779606e-01
@n.xbgr.xm52_u2.nsg13_hv_pmos[w] = 9.998502320848337e-06
@n.xbgr.xm52_u2.nsg13_hv_pmos[l] = 4.001468487399408e-06
@n.xbgr.xm52_u2.nsg13_hv_pmos[delvto] = -5.84487707035665e-04
@n.xbgr.xm52_u2.nsg13_hv_pmos[factuo] = 9.998463050064024e-01
@n.xbgr.xm52_u3.nsg13_hv_pmos[w] = 9.998592153279115e-06
@n.xbgr.xm52_u3.nsg13_hv_pmos[l] = 3.999767990775384e-06
@n.xbgr.xm52_u3.nsg13_hv_pmos[delvto] = 6.654328373887284e-04
@n.xbgr.xm52_u3.nsg13_hv_pmos[factuo] = 9.996860733268835e-01
@n.xbgr.xm52_u4.nsg13_hv_pmos[w] = 1.000110499598643e-05
@n.xbgr.xm52_u4.nsg13_hv_pmos[l] = 3.993419039367290e-06
@n.xbgr.xm52_u4.nsg13_hv_pmos[delvto] = 3.718984969633746e-04
@n.xbgr.xm52_u4.nsg13_hv_pmos[factuo] = 9.992853976611432e-01
@n.xbgr.xm52_u5.nsg13_hv_pmos[w] = 9.997557740051286e-06
@n.xbgr.xm52_u5.nsg13_hv_pmos[l] = 3.997161484181415e-06
@n.xbgr.xm52_u5.nsg13_hv_pmos[delvto] = -3.23503560017815e-04
@n.xbgr.xm52_u5.nsg13_hv_pmos[factuo] = 9.993928527908664e-01
@n.xbgr.xm52_u6.nsg13_hv_pmos[w] = 1.000468661160144e-05
@n.xbgr.xm52_u6.nsg13_hv_pmos[l] = 4.000664728428324e-06
@n.xbgr.xm52_u6.nsg13_hv_pmos[delvto] = 5.028863811876018e-04
@n.xbgr.xm52_u6.nsg13_hv_pmos[factuo] = 1.000136082404102e+00
@n.xbgr.xm52_u7.nsg13_hv_pmos[w] = 1.000072325502724e-05
@n.xbgr.xm52_u7.nsg13_hv_pmos[l] = 4.005645483746894e-06
@n.xbgr.xm52_u7.nsg13_hv_pmos[delvto] = 7.966038690925685e-04
@n.xbgr.xm52_u7.nsg13_hv_pmos[factuo] = 1.000527708411005e+00
@n.xbgr.xm52_u8.nsg13_hv_pmos[w] = 1.000091779844538e-05
@n.xbgr.xm52_u8.nsg13_hv_pmos[l] = 3.993361500349553e-06
@n.xbgr.xm52_u8.nsg13_hv_pmos[delvto] = -1.78477372541711e-03
@n.xbgr.xm52_u8.nsg13_hv_pmos[factuo] = 1.000005211812205e+00
@n.xbgr.xm52_u9.nsg13_hv_pmos[w] = 9.998242616127839e-06
@n.xbgr.xm52_u9.nsg13_hv_pmos[l] = 3.999374637259768e-06
@n.xbgr.xm52_u9.nsg13_hv_pmos[delvto] = -5.07107088978948e-04
@n.xbgr.xm52_u9.nsg13_hv_pmos[factuo] = 1.000348524718097e+00
@n.xbgr.xm52_u10.nsg13_hv_pmos[w] = 1.000002596599103e-05
@n.xbgr.xm52_u10.nsg13_hv_pmos[l] = 4.001338338830247e-06
@n.xbgr.xm52_u10.nsg13_hv_pmos[delvto] = -5.10157610888404e-04
@n.xbgr.xm52_u10.nsg13_hv_pmos[factuo] = 9.996658867653482e-01
@n.xbgr.xm52_u11.nsg13_hv_pmos[w] = 9.995518994764271e-06
@n.xbgr.xm52_u11.nsg13_hv_pmos[l] = 4.000848133660745e-06
@n.xbgr.xm52_u11.nsg13_hv_pmos[delvto] = 1.111606804373448e-04
@n.xbgr.xm52_u11.nsg13_hv_pmos[factuo] = 9.992181905505619e-01
@n.xbgr.xm52_u12.nsg13_hv_pmos[w] = 9.997536494627414e-06
@n.xbgr.xm52_u12.nsg13_hv_pmos[l] = 4.004476454967295e-06
@n.xbgr.xm52_u12.nsg13_hv_pmos[delvto] = 3.526597132652288e-04
@n.xbgr.xm52_u12.nsg13_hv_pmos[factuo] = 1.000021221773888e+00
@n.xbgr.xm52_u13.nsg13_hv_pmos[w] = 1.000094408344771e-05
@n.xbgr.xm52_u13.nsg13_hv_pmos[l] = 4.000278506951672e-06
@n.xbgr.xm52_u13.nsg13_hv_pmos[delvto] = 8.622026809363605e-04
@n.xbgr.xm52_u13.nsg13_hv_pmos[factuo] = 9.995890564697464e-01
@n.xbgr.xm52_u14.nsg13_hv_pmos[w] = 9.999358573262611e-06
@n.xbgr.xm52_u14.nsg13_hv_pmos[l] = 4.004055697460803e-06
@n.xbgr.xm52_u14.nsg13_hv_pmos[delvto] = 8.588643686008763e-04
@n.xbgr.xm52_u14.nsg13_hv_pmos[factuo] = 1.000344500554309e+00
@n.xbgr.xm52_u15.nsg13_hv_pmos[w] = 1.000075530850547e-05
@n.xbgr.xm52_u15.nsg13_hv_pmos[l] = 4.001398413803560e-06
@n.xbgr.xm52_u15.nsg13_hv_pmos[delvto] = 1.228247718514797e-03
@n.xbgr.xm52_u15.nsg13_hv_pmos[factuo] = 9.995593352297631e-01
@n.xbgr.xm52_u16.nsg13_hv_pmos[w] = 1.000317879476650e-05
@n.xbgr.xm52_u16.nsg13_hv_pmos[l] = 4.000192525813539e-06
@n.xbgr.xm52_u16.nsg13_hv_pmos[delvto] = -3.47604525466673e-05
@n.xbgr.xm52_u16.nsg13_hv_pmos[factuo] = 9.992122690603406e-01
@n.xbgr.xm52_u17.nsg13_hv_pmos[w] = 9.998611659797532e-06
@n.xbgr.xm52_u17.nsg13_hv_pmos[l] = 4.001809430097970e-06
@n.xbgr.xm52_u17.nsg13_hv_pmos[delvto] = 5.244237146425377e-04
@n.xbgr.xm52_u17.nsg13_hv_pmos[factuo] = 1.000027158824271e+00
@n.xbgr.xm52_u18.nsg13_hv_pmos[w] = 9.999853295034351e-06
@n.xbgr.xm52_u18.nsg13_hv_pmos[l] = 4.001901988343517e-06
@n.xbgr.xm52_u18.nsg13_hv_pmos[delvto] = 6.870932463781908e-04
@n.xbgr.xm52_u18.nsg13_hv_pmos[factuo] = 9.991876489529312e-01
@n.xbgr.xm52_u19.nsg13_hv_pmos[w] = 1.000129877186305e-05
@n.xbgr.xm52_u19.nsg13_hv_pmos[l] = 3.999970886883102e-06
@n.xbgr.xm52_u19.nsg13_hv_pmos[delvto] = -1.56946519748686e-04
@n.xbgr.xm52_u19.nsg13_hv_pmos[factuo] = 9.996119898926220e-01
@n.xbgr.xm52_u20.nsg13_hv_pmos[w] = 9.997332688079299e-06
@n.xbgr.xm52_u20.nsg13_hv_pmos[l] = 4.005353247498027e-06
@n.xbgr.xm52_u20.nsg13_hv_pmos[delvto] = 5.400842741756593e-04
@n.xbgr.xm52_u20.nsg13_hv_pmos[factuo] = 1.001319027828250e+00
@n.xbgr.xm52_u21.nsg13_hv_pmos[w] = 1.000030448608268e-05
@n.xbgr.xm52_u21.nsg13_hv_pmos[l] = 4.000405764141579e-06
@n.xbgr.xm52_u21.nsg13_hv_pmos[delvto] = 3.320168995563229e-04
@n.xbgr.xm52_u21.nsg13_hv_pmos[factuo] = 1.000072728462157e+00
@n.xbgr.xm52_u22.nsg13_hv_pmos[w] = 1.000087404331416e-05
@n.xbgr.xm52_u22.nsg13_hv_pmos[l] = 4.003551086323782e-06
@n.xbgr.xm52_u22.nsg13_hv_pmos[delvto] = -3.42840086906544e-04
@n.xbgr.xm52_u22.nsg13_hv_pmos[factuo] = 1.000032722971938e+00
@n.xbgr.xm52_u23.nsg13_hv_pmos[w] = 9.995918606583695e-06
@n.xbgr.xm52_u23.nsg13_hv_pmos[l] = 3.998548397009417e-06
@n.xbgr.xm52_u23.nsg13_hv_pmos[delvto] = -6.46060269657768e-04
@n.xbgr.xm52_u23.nsg13_hv_pmos[factuo] = 1.000321612094115e+00
@n.xbgr.xm52_u24.nsg13_hv_pmos[w] = 1.000182184322927e-05
@n.xbgr.xm52_u24.nsg13_hv_pmos[l] = 4.000318793192983e-06
@n.xbgr.xm52_u24.nsg13_hv_pmos[delvto] = -1.01781009828423e-04
@n.xbgr.xm52_u24.nsg13_hv_pmos[factuo] = 9.992316159046711e-01
@n.xbgr.xm54_u2.nsg13_hv_pmos[w] = 1.000345863418043e-05
@n.xbgr.xm54_u2.nsg13_hv_pmos[l] = 3.998058667055883e-06
@n.xbgr.xm54_u2.nsg13_hv_pmos[delvto] = -3.74601761579177e-04
@n.xbgr.xm54_u2.nsg13_hv_pmos[factuo] = 1.000243302770072e+00
@n.xbgr.xm54_u3.nsg13_hv_pmos[w] = 9.995352852954947e-06
@n.xbgr.xm54_u3.nsg13_hv_pmos[l] = 3.996916218334342e-06
@n.xbgr.xm54_u3.nsg13_hv_pmos[delvto] = 1.320083702017535e-04
@n.xbgr.xm54_u3.nsg13_hv_pmos[factuo] = 9.994271156058370e-01
@n.xbgr.xm54_u4.nsg13_hv_pmos[w] = 1.000430642672854e-05
@n.xbgr.xm54_u4.nsg13_hv_pmos[l] = 3.998321558253220e-06
@n.xbgr.xm54_u4.nsg13_hv_pmos[delvto] = -4.92327066420753e-04
@n.xbgr.xm54_u4.nsg13_hv_pmos[factuo] = 1.000404144854115e+00
@n.xbgr.xm54_u5.nsg13_hv_pmos[w] = 1.000148709277940e-05
@n.xbgr.xm54_u5.nsg13_hv_pmos[l] = 3.998006068318795e-06
@n.xbgr.xm54_u5.nsg13_hv_pmos[delvto] = 1.394867295329259e-04
@n.xbgr.xm54_u5.nsg13_hv_pmos[factuo] = 9.994297543096816e-01
@n.xbgr.xm54_u6.nsg13_hv_pmos[w] = 1.000460430527220e-05
@n.xbgr.xm54_u6.nsg13_hv_pmos[l] = 4.001355704028663e-06
@n.xbgr.xm54_u6.nsg13_hv_pmos[delvto] = 3.390506483924616e-04
@n.xbgr.xm54_u6.nsg13_hv_pmos[factuo] = 9.999500456211522e-01
@n.xbgr.xm54_u7.nsg13_hv_pmos[w] = 9.998307027429717e-06
@n.xbgr.xm54_u7.nsg13_hv_pmos[l] = 4.000351939275491e-06
@n.xbgr.xm54_u7.nsg13_hv_pmos[delvto] = -3.71855599046687e-04
@n.xbgr.xm54_u7.nsg13_hv_pmos[factuo] = 9.999601827246164e-01
@n.xbgr.xm54_u8.nsg13_hv_pmos[w] = 1.000083272670300e-05
@n.xbgr.xm54_u8.nsg13_hv_pmos[l] = 3.997879513866471e-06
@n.xbgr.xm54_u8.nsg13_hv_pmos[delvto] = -1.01262204796395e-03
@n.xbgr.xm54_u8.nsg13_hv_pmos[factuo] = 9.989743103964848e-01
@n.xbgr.xm54_u9.nsg13_hv_pmos[w] = 1.000227905272856e-05
@n.xbgr.xm54_u9.nsg13_hv_pmos[l] = 3.999950603861559e-06
@n.xbgr.xm54_u9.nsg13_hv_pmos[delvto] = 6.043452136421114e-04
@n.xbgr.xm54_u9.nsg13_hv_pmos[factuo] = 1.000913823808745e+00
@n.xbgr.xm54_u10.nsg13_hv_pmos[w] = 9.996026496380924e-06
@n.xbgr.xm54_u10.nsg13_hv_pmos[l] = 4.002985280387870e-06
@n.xbgr.xm54_u10.nsg13_hv_pmos[delvto] = 5.187494392583440e-04
@n.xbgr.xm54_u10.nsg13_hv_pmos[factuo] = 1.000045804402796e+00
@n.xbgr.xm54_u11.nsg13_hv_pmos[w] = 1.000154979119106e-05
@n.xbgr.xm54_u11.nsg13_hv_pmos[l] = 4.000234031845395e-06
@n.xbgr.xm54_u11.nsg13_hv_pmos[delvto] = -1.51883904456156e-03
@n.xbgr.xm54_u11.nsg13_hv_pmos[factuo] = 1.001087379867021e+00
@n.xbgr.xm54_u12.nsg13_hv_pmos[w] = 9.998114238177899e-06
@n.xbgr.xm54_u12.nsg13_hv_pmos[l] = 3.997752693858013e-06
@n.xbgr.xm54_u12.nsg13_hv_pmos[delvto] = -4.27475362159846e-05
@n.xbgr.xm54_u12.nsg13_hv_pmos[factuo] = 9.993385620288696e-01
@n.xbgr.xm54_u13.nsg13_hv_pmos[w] = 1.000768774075322e-05
@n.xbgr.xm54_u13.nsg13_hv_pmos[l] = 4.001824939450652e-06
@n.xbgr.xm54_u13.nsg13_hv_pmos[delvto] = 1.759050381332754e-04
@n.xbgr.xm54_u13.nsg13_hv_pmos[factuo] = 1.000484416301062e+00
@n.xbgr.xm54_u14.nsg13_hv_pmos[w] = 1.000734799627846e-05
@n.xbgr.xm54_u14.nsg13_hv_pmos[l] = 3.995671656655425e-06
@n.xbgr.xm54_u14.nsg13_hv_pmos[delvto] = 1.769395344029089e-03
@n.xbgr.xm54_u14.nsg13_hv_pmos[factuo] = 9.997354609356339e-01
@n.xbgr.xm54_u15.nsg13_hv_pmos[w] = 9.997039445586619e-06
@n.xbgr.xm54_u15.nsg13_hv_pmos[l] = 4.000663780447039e-06
@n.xbgr.xm54_u15.nsg13_hv_pmos[delvto] = 2.753954615185904e-04
@n.xbgr.xm54_u15.nsg13_hv_pmos[factuo] = 9.992677941049671e-01
@n.xbgr.xm54_u16.nsg13_hv_pmos[w] = 9.999426977779182e-06
@n.xbgr.xm54_u16.nsg13_hv_pmos[l] = 4.000494368729676e-06
@n.xbgr.xm54_u16.nsg13_hv_pmos[delvto] = 5.175207511782689e-04
@n.xbgr.xm54_u16.nsg13_hv_pmos[factuo] = 9.986407949549474e-01
@n.xbgr.xm54_u17.nsg13_hv_pmos[w] = 9.998923683298332e-06
@n.xbgr.xm54_u17.nsg13_hv_pmos[l] = 4.000962539503460e-06
@n.xbgr.xm54_u17.nsg13_hv_pmos[delvto] = -1.03352652335945e-03
@n.xbgr.xm54_u17.nsg13_hv_pmos[factuo] = 1.000723028012246e+00
@n.xbgr.xm54_u18.nsg13_hv_pmos[w] = 9.999048605927795e-06
@n.xbgr.xm54_u18.nsg13_hv_pmos[l] = 3.996434213064317e-06
@n.xbgr.xm54_u18.nsg13_hv_pmos[delvto] = 6.049649000743592e-04
@n.xbgr.xm54_u18.nsg13_hv_pmos[factuo] = 9.998325476567336e-01
@n.xbgr.xm54_u19.nsg13_hv_pmos[w] = 9.997133382702459e-06
@n.xbgr.xm54_u19.nsg13_hv_pmos[l] = 4.000144479768276e-06
@n.xbgr.xm54_u19.nsg13_hv_pmos[delvto] = -9.37853742694453e-04
@n.xbgr.xm54_u19.nsg13_hv_pmos[factuo] = 9.990827208487124e-01
@n.xbgr.xm54_u20.nsg13_hv_pmos[w] = 1.000069983240984e-05
@n.xbgr.xm54_u20.nsg13_hv_pmos[l] = 4.004564682613051e-06
@n.xbgr.xm54_u20.nsg13_hv_pmos[delvto] = 1.049672476374723e-03
@n.xbgr.xm54_u20.nsg13_hv_pmos[factuo] = 1.000437362804588e+00
@n.xbgr.xm54_u21.nsg13_hv_pmos[w] = 1.000095737539492e-05
@n.xbgr.xm54_u21.nsg13_hv_pmos[l] = 3.995024726358242e-06
@n.xbgr.xm54_u21.nsg13_hv_pmos[delvto] = -1.22840235425633e-03
@n.xbgr.xm54_u21.nsg13_hv_pmos[factuo] = 9.997991165721054e-01
@n.xbgr.xm54_u22.nsg13_hv_pmos[w] = 9.999337640494055e-06
@n.xbgr.xm54_u22.nsg13_hv_pmos[l] = 3.997612873079891e-06
@n.xbgr.xm54_u22.nsg13_hv_pmos[delvto] = 3.440675658006844e-04
@n.xbgr.xm54_u22.nsg13_hv_pmos[factuo] = 1.000590586018725e+00
@n.xbgr.xm54_u23.nsg13_hv_pmos[w] = 9.995422363282915e-06
@n.xbgr.xm54_u23.nsg13_hv_pmos[l] = 3.997670575615903e-06
@n.xbgr.xm54_u23.nsg13_hv_pmos[delvto] = 1.127024235904528e-04
@n.xbgr.xm54_u23.nsg13_hv_pmos[factuo] = 1.000075118807040e+00
@n.xbgr.xm54_u24.nsg13_hv_pmos[w] = 1.000346354525305e-05
@n.xbgr.xm54_u24.nsg13_hv_pmos[l] = 3.995045167733590e-06
@n.xbgr.xm54_u24.nsg13_hv_pmos[delvto] = 9.447748923894770e-04
@n.xbgr.xm54_u24.nsg13_hv_pmos[factuo] = 9.989965464533652e-01
@q.xbgr.xq56_u2.qnpn13g2[area] = 1.149565258416611e+00
@q.xbgr.xq56_u3.qnpn13g2[area] = 1.145339346077633e+00
@q.xbgr.xq56_u4.qnpn13g2[area] = 9.576299517955572e-01
@q.xbgr.xq56_u5.qnpn13g2[area] = 1.204545890681863e+00
@q.xbgr.xq56_u6.qnpn13g2[area] = 1.087164910628000e+00
@q.xbgr.xq56_u7.qnpn13g2[area] = 8.993062853958420e-01
@q.xbgr.xq56_u8.qnpn13g2[area] = 9.394305954858789e-01
@q.xbgr.xq56_u9.qnpn13g2[area] = 9.869127220326072e-01
@q.xbgr.xq56_u10.qnpn13g2[area] = 9.580812492148888e-01
@q.xbgr.xq56_u11.qnpn13g2[area] = 1.123248613720802e+00
@q.xbgr.xq56_u12.qnpn13g2[area] = 9.924926160218038e-01
@q.xbgr.xq56_u13.qnpn13g2[area] = 1.024809593437047e+00
@q.xbgr.xq56_u14.qnpn13g2[area] = 8.753503224940142e-01
@q.xbgr.xq56_u15.qnpn13g2[area] = 9.368050556583724e-01
@q.xbgr.xq56_u16.qnpn13g2[area] = 1.147306411792936e+00
@q.xbgr.xq56_u17.qnpn13g2[area] = 1.001744936198213e+00
@q.xbgr.xq56_u18.qnpn13g2[area] = 1.089114148630620e+00
@q.xbgr.xq56_u19.qnpn13g2[area] = 1.135131398155223e+00
@q.xbgr.xq56_u20.qnpn13g2[area] = 9.797967502786220e-01
@q.xbgr.xq56_u21.qnpn13g2[area] = 1.015674645195735e+00
@q.xbgr.xq56_u22.qnpn13g2[area] = 1.157229523417746e+00
@q.xbgr.xq56_u23.qnpn13g2[area] = 1.011476272277272e+00
@q.xbgr.xq56_u24.qnpn13g2[area] = 1.147121221961758e+00
@q.xbgr.xq60_u2.qnpn13g2[area] = 1.057778551889966e+00
@q.xbgr.xq60_u3.qnpn13g2[area] = 9.947198550786374e-01
@q.xbgr.xq60_u4.qnpn13g2[area] = 1.005493602104522e+00
@q.xbgr.xq62_u2.qnpn13g2[area] = 1.021074646637068e+00
@q.xbgr.xq62_u3.qnpn13g2[area] = 9.554810334304000e-01
@q.xbgr.xq62_u4.qnpn13g2[area] = 9.411077281979224e-01
@q.xbgr.xq62_u5.qnpn13g2[area] = 8.402867909522334e-01
@q.xbgr.xq62_u6.qnpn13g2[area] = 9.909120326907416e-01
@q.xbgr.xq62_u7.qnpn13g2[area] = 1.067168749095880e+00
@q.xbgr.xq62_u8.qnpn13g2[area] = 7.897466384803102e-01
@q.xbgr.xq62_u9.qnpn13g2[area] = 1.044312290223429e+00
@q.xbgr.xq62_u10.qnpn13g2[area] = 9.867471169818756e-01
@q.xbgr.xq62_u11.qnpn13g2[area] = 1.047459822070173e+00
@q.xbgr.xq62_u12.qnpn13g2[area] = 1.040457817594720e+00
@q.xbgr.xq62_u13.qnpn13g2[area] = 9.339838663895635e-01
@q.xbgr.xq62_u14.qnpn13g2[area] = 9.984905668630760e-01
@q.xbgr.xq62_u15.qnpn13g2[area] = 8.464420866637483e-01
@q.xbgr.xq62_u16.qnpn13g2[area] = 1.055821660423790e+00
@q.xbgr.xq62_u17.qnpn13g2[area] = 9.682080241516989e-01
@q.xbgr.xq62_u18.qnpn13g2[area] = 8.691537566753479e-01
@q.xbgr.xq62_u19.qnpn13g2[area] = 9.635583860626746e-01
@q.xbgr.xq62_u20.qnpn13g2[area] = 1.123004502215961e+00
@q.xbgr.xq62_u21.qnpn13g2[area] = 8.775088684274890e-01
@q.xbgr.xq62_u22.qnpn13g2[area] = 1.234417775452508e+00
@q.xbgr.xq62_u23.qnpn13g2[area] = 8.962519843992617e-01
@q.xbgr.xq62_u24.qnpn13g2[area] = 6.853770633141967e-01
@q.xbgr.xq67_u2.qnpn13g2[area] = 1.255968627280062e+00
@q.xbgr.xq67_u3.qnpn13g2[area] = 1.129632194042911e+00
@q.xbgr.xq67_u4.qnpn13g2[area] = 8.562756523876323e-01
@q.xbgr.xq67_u5.qnpn13g2[area] = 1.151075833469863e+00
@q.xbgr.xq67_u6.qnpn13g2[area] = 1.003058701411547e+00
@q.xbgr.xq67_u7.qnpn13g2[area] = 1.055729942185101e+00
@q.xbgr.xq67_u8.qnpn13g2[area] = 9.529458778449312e-01
@q.xbgr.xq67_u9.qnpn13g2[area] = 9.957616404308574e-01
@q.xbgr.xq67_u10.qnpn13g2[area] = 9.325077151110824e-01
@q.xbgr.xq67_u11.qnpn13g2[area] = 1.035681072634092e+00
@q.xbgr.xq67_u12.qnpn13g2[area] = 9.177332114120160e-01
@q.xbgr.xq67_u13.qnpn13g2[area] = 9.753342481657455e-01
@q.xbgr.xq67_u14.qnpn13g2[area] = 1.148186457909377e+00
@q.xbgr.xq67_u15.qnpn13g2[area] = 9.825103194537438e-01
@q.xbgr.xq67_u16.qnpn13g2[area] = 8.906830472440440e-01
@q.xbgr.xq67_u17.qnpn13g2[area] = 1.000583944188126e+00
@q.xbgr.xq67_u18.qnpn13g2[area] = 9.347294834935016e-01
@q.xbgr.xq67_u19.qnpn13g2[area] = 1.095817888501041e+00
@q.xbgr.xq67_u20.qnpn13g2[area] = 8.109057481021900e-01
@q.xbgr.xq67_u21.qnpn13g2[area] = 1.059332022718115e+00
@q.xbgr.xq67_u22.qnpn13g2[area] = 1.014149018987884e+00
@q.xbgr.xq67_u23.qnpn13g2[area] = 1.048929634702704e+00
@q.xbgr.xq67_u24.qnpn13g2[area] = 1.116274697492195e+00
@q.xbgr.xq68_u2.qnpn13g2[area] = 8.900737857530204e-01
@q.xbgr.xq68_u3.qnpn13g2[area] = 1.126873857241716e+00
@q.xbgr.xq68_u4.qnpn13g2[area] = 8.931800330401527e-01
@q.xbgr.xq68_u5.qnpn13g2[area] = 9.899359232206948e-01
@q.xbgr.xq68_u6.qnpn13g2[area] = 7.520157618725362e-01
@q.xbgr.xq68_u7.qnpn13g2[area] = 9.185116470338259e-01
@q.xbgr.xq68_u8.qnpn13g2[area] = 1.103976793206284e+00
@q.xbgr.xq68_u9.qnpn13g2[area] = 9.346356893465302e-01
@q.xbgr.xq68_u10.qnpn13g2[area] = 8.875175985566043e-01
@q.xbgr.xq68_u11.qnpn13g2[area] = 9.796283533928356e-01
@q.xbgr.xq68_u12.qnpn13g2[area] = 1.138081549167226e+00
@q.xbgr.xq68_u13.qnpn13g2[area] = 9.890684848592948e-01
@q.xbgr.xq68_u14.qnpn13g2[area] = 1.033469820163278e+00
@q.xbgr.xq68_u15.qnpn13g2[area] = 1.011053943646035e+00
@q.xbgr.xq68_u16.qnpn13g2[area] = 1.041567517069887e+00
@q.xbgr.xq68_u17.qnpn13g2[area] = 1.013935232910586e+00
@q.xbgr.xq68_u18.qnpn13g2[area] = 1.096346298765900e+00
@q.xbgr.xq68_u19.qnpn13g2[area] = 9.865267722944013e-01
@q.xbgr.xq68_u20.qnpn13g2[area] = 8.200157734077149e-01
@q.xbgr.xq68_u21.qnpn13g2[area] = 1.028267649928142e+00
@q.xbgr.xq68_u22.qnpn13g2[area] = 8.579898911881059e-01
@q.xbgr.xq68_u23.qnpn13g2[area] = 1.013050103504185e+00
@q.xbgr.xq68_u24.qnpn13g2[area] = 9.895990220681360e-01
@q.xbgr.xq69_u2.qnpn13g2[area] = 1.161582284536111e+00
@q.xbgr.xq69_u3.qnpn13g2[area] = 1.038083041423683e+00
@q.xbgr.xq69_u4.qnpn13g2[area] = 8.878555337989296e-01
@q.xbgr.xq69_u5.qnpn13g2[area] = 1.021948428172556e+00
@q.xbgr.xq69_u6.qnpn13g2[area] = 1.001961390825112e+00
@q.xbgr.xq69_u7.qnpn13g2[area] = 1.047935450795183e+00
@q.xbgr.xq69_u8.qnpn13g2[area] = 1.088234594112815e+00
@q.xbgr.xq69_u9.qnpn13g2[area] = 9.464926278351635e-01
@q.xbgr.xq69_u10.qnpn13g2[area] = 1.019746802847676e+00
@q.xbgr.xq69_u11.qnpn13g2[area] = 1.131146050483234e+00
@q.xbgr.xq69_u12.qnpn13g2[area] = 9.440490980949916e-01
@q.xbgr.xq69_u13.qnpn13g2[area] = 1.231900937064016e+00
@q.xbgr.xq69_u14.qnpn13g2[area] = 9.356828215026888e-01
@q.xbgr.xq69_u15.qnpn13g2[area] = 8.262889470018303e-01
@q.xbgr.xq69_u16.qnpn13g2[area] = 1.115308474877085e+00
@q.xbgr.xq69_u17.qnpn13g2[area] = 8.477411396411135e-01
@q.xbgr.xq69_u18.qnpn13g2[area] = 1.008056638672240e+00
@q.xbgr.xq69_u19.qnpn13g2[area] = 9.995107940712520e-01
@q.xbgr.xq69_u20.qnpn13g2[area] = 8.927336721362096e-01
@q.xbgr.xq69_u21.qnpn13g2[area] = 9.257628324548444e-01
@q.xbgr.xq69_u22.qnpn13g2[area] = 1.083676400569965e+00
@q.xbgr.xq69_u23.qnpn13g2[area] = 1.011001693812545e+00
@q.xbgr.xq69_u24.qnpn13g2[area] = 1.090319806053777e+00
@q.xbgr.xq70_u2.qnpn13g2[area] = 8.829504997424306e-01
@q.xbgr.xq70_u3.qnpn13g2[area] = 9.970576908336206e-01
@q.xbgr.xq70_u4.qnpn13g2[area] = 1.117689846628764e+00
@q.xbgr.xq70_u5.qnpn13g2[area] = 9.945060615302598e-01
@q.xbgr.xq70_u6.qnpn13g2[area] = 9.426554132608260e-01
@q.xbgr.xq70_u7.qnpn13g2[area] = 9.380597739663236e-01
@q.xbgr.xq70_u8.qnpn13g2[area] = 1.012998638531369e+00
@q.xbgr.xq70_u9.qnpn13g2[area] = 1.019529459821189e+00
@q.xbgr.xq70_u10.qnpn13g2[area] = 1.154938349397919e+00
@q.xbgr.xq70_u11.qnpn13g2[area] = 1.243329616580342e+00
@q.xbgr.xq70_u12.qnpn13g2[area] = 1.056116626294325e+00
@q.xbgr.xq70_u13.qnpn13g2[area] = 9.830383129151822e-01
@q.xbgr.xq70_u14.qnpn13g2[area] = 8.782615358808104e-01
@q.xbgr.xq70_u15.qnpn13g2[area] = 1.080643545162075e+00
@q.xbgr.xq70_u16.qnpn13g2[area] = 1.102663271652416e+00
@q.xbgr.xq70_u17.qnpn13g2[area] = 9.831420466207376e-01
@q.xbgr.xq70_u18.qnpn13g2[area] = 1.042959864259575e+00
@q.xbgr.xq70_u19.qnpn13g2[area] = 9.999863705454620e-01
@q.xbgr.xq70_u20.qnpn13g2[area] = 9.197157678726636e-01
@q.xbgr.xq70_u21.qnpn13g2[area] = 1.207418333753321e+00
@q.xbgr.xq70_u22.qnpn13g2[area] = 1.005813704274979e+00
@q.xbgr.xq70_u23.qnpn13g2[area] = 9.665616725671904e-01
@q.xbgr.xq70_u24.qnpn13g2[area] = 1.025761246306615e+00
@q.xbgr.xq71_u2.qnpn13g2[area] = 1.038891308225403e+00
@q.xbgr.xq71_u3.qnpn13g2[area] = 9.700436676835252e-01
@q.xbgr.xq71_u4.qnpn13g2[area] = 1.016845716955123e+00
@q.xbgr.xq71_u5.qnpn13g2[area] = 9.236876042609752e-01
@q.xbgr.xq71_u6.qnpn13g2[area] = 1.156799742042373e+00
@q.xbgr.xq71_u7.qnpn13g2[area] = 1.122892421068152e+00
@q.xbgr.xq71_u8.qnpn13g2[area] = 1.003970382696423e+00
@q.xbgr.xq71_u9.qnpn13g2[area] = 9.813426031513568e-01
@q.xbgr.xq71_u10.qnpn13g2[area] = 1.098408486504439e+00
@q.xbgr.xq71_u11.qnpn13g2[area] = 1.148889214284510e+00
@q.xbgr.xq71_u12.qnpn13g2[area] = 9.073635882131870e-01
@q.xbgr.xq71_u13.qnpn13g2[area] = 1.145449343287633e+00
@q.xbgr.xq71_u14.qnpn13g2[area] = 1.064725742773998e+00
@q.xbgr.xq71_u15.qnpn13g2[area] = 9.632785381958133e-01
@q.xbgr.xq71_u16.qnpn13g2[area] = 1.085160265009867e+00
@q.xbgr.xq71_u17.qnpn13g2[area] = 1.091093110282693e+00
@q.xbgr.xq71_u18.qnpn13g2[area] = 1.028103237272935e+00
@q.xbgr.xq71_u19.qnpn13g2[area] = 7.740877966253547e-01
@q.xbgr.xq71_u20.qnpn13g2[area] = 1.031249945594568e+00
@q.xbgr.xq71_u21.qnpn13g2[area] = 9.521432780668816e-01
@q.xbgr.xq71_u22.qnpn13g2[area] = 8.895167039520608e-01
@q.xbgr.xq71_u23.qnpn13g2[area] = 9.112180120803384e-01
@q.xbgr.xq71_u24.qnpn13g2[area] = 1.188220757222325e+00
@q.xbgr.xq72_u2.qnpn13g2[area] = 9.733594096730834e-01
@q.xbgr.xq72_u3.qnpn13g2[area] = 1.021900509107837e+00
@q.xbgr.xq72_u4.qnpn13g2[area] = 8.333100441916913e-01
@q.xbgr.xq72_u5.qnpn13g2[area] = 1.031371011308287e+00
@q.xbgr.xq72_u6.qnpn13g2[area] = 8.957237229478341e-01
@q.xbgr.xq72_u7.qnpn13g2[area] = 1.011946718578552e+00
@q.xbgr.xq72_u8.qnpn13g2[area] = 1.048587443850782e+00
@q.xbgr.xq72_u9.qnpn13g2[area] = 9.221966616783808e-01
@q.xbgr.xq72_u10.qnpn13g2[area] = 9.774783472885212e-01
@q.xbgr.xq72_u11.qnpn13g2[area] = 1.023902356534985e+00
@q.xbgr.xq72_u12.qnpn13g2[area] = 9.196817504504652e-01
@q.xbgr.xq72_u13.qnpn13g2[area] = 1.038951877903933e+00
@q.xbgr.xq72_u14.qnpn13g2[area] = 8.985366018730021e-01
@q.xbgr.xq72_u15.qnpn13g2[area] = 9.966914688030786e-01
@q.xbgr.xq72_u16.qnpn13g2[area] = 1.042215524629174e+00
@q.xbgr.xq72_u17.qnpn13g2[area] = 1.217762522691527e+00
@q.xbgr.xq72_u18.qnpn13g2[area] = 8.347060683172980e-01
@q.xbgr.xq72_u19.qnpn13g2[area] = 7.839120460339345e-01
@q.xbgr.xq72_u20.qnpn13g2[area] = 1.169395600654369e+00
@q.xbgr.xq72_u21.qnpn13g2[area] = 9.946528525408256e-01
@q.xbgr.xq72_u22.qnpn13g2[area] = 9.996810242223928e-01
@q.xbgr.xq72_u23.qnpn13g2[area] = 1.035649331828387e+00
@q.xbgr.xq72_u24.qnpn13g2[area] = 1.067478757510571e+00
@q.xbgr.xq73_u2.qnpn13g2[area] = 9.457406325607868e-01
@q.xbgr.xq73_u3.qnpn13g2[area] = 1.138756985488183e+00
@q.xbgr.xq73_u4.qnpn13g2[area] = 1.067448429104053e+00
@q.xbgr.xq73_u5.qnpn13g2[area] = 8.297319728288186e-01
@q.xbgr.xq73_u6.qnpn13g2[area] = 1.118084466601265e+00
@q.xbgr.xq73_u7.qnpn13g2[area] = 9.368953347318304e-01
@q.xbgr.xq73_u8.qnpn13g2[area] = 9.534595223282611e-01
@q.xbgr.xq73_u9.qnpn13g2[area] = 1.061485921950167e+00
@q.xbgr.xq73_u10.qnpn13g2[area] = 8.941703789453688e-01
@q.xbgr.xq73_u11.qnpn13g2[area] = 8.739817978745691e-01
@q.xbgr.xq73_u12.qnpn13g2[area] = 8.691851187323184e-01
@q.xbgr.xq73_u13.qnpn13g2[area] = 9.865047234901028e-01
@q.xbgr.xq73_u14.qnpn13g2[area] = 1.025158637806458e+00
@q.xbgr.xq73_u15.qnpn13g2[area] = 1.001279311326083e+00
@q.xbgr.xq73_u16.qnpn13g2[area] = 1.025542930315392e+00
@q.xbgr.xq73_u17.qnpn13g2[area] = 9.139768790119608e-01
@q.xbgr.xq73_u18.qnpn13g2[area] = 1.088545406454670e+00
@q.xbgr.xq73_u19.qnpn13g2[area] = 8.969199575546980e-01
@q.xbgr.xq73_u20.qnpn13g2[area] = 1.196834317366831e+00
@q.xbgr.xq73_u21.qnpn13g2[area] = 1.033314903832773e+00
@q.xbgr.xq73_u22.qnpn13g2[area] = 1.028935641621230e+00
@q.xbgr.xq73_u23.qnpn13g2[area] = 1.195664466054398e+00
@q.xbgr.xq73_u24.qnpn13g2[area] = 1.013191583302830e+00
@q.xbgr.xq74_u2.qnpn13g2[area] = 8.972274299847692e-01
@q.xbgr.xq74_u3.qnpn13g2[area] = 9.797491115506134e-01
@q.xbgr.xq74_u4.qnpn13g2[area] = 1.006238181469331e+00
@q.xbgr.xq74_u5.qnpn13g2[area] = 1.032251668128823e+00
@q.xbgr.xq74_u6.qnpn13g2[area] = 8.919315878472234e-01
@q.xbgr.xq74_u7.qnpn13g2[area] = 1.055845356118183e+00
@q.xbgr.xq74_u8.qnpn13g2[area] = 1.075583356361751e+00
@q.xbgr.xq74_u9.qnpn13g2[area] = 1.142760440583718e+00
@q.xbgr.xq74_u10.qnpn13g2[area] = 1.013287872162177e+00
@q.xbgr.xq74_u11.qnpn13g2[area] = 1.058706123622705e+00
@q.xbgr.xq74_u12.qnpn13g2[area] = 1.187129483858653e+00
@q.xbgr.xq74_u13.qnpn13g2[area] = 1.051980034305354e+00
@q.xbgr.xq74_u14.qnpn13g2[area] = 1.089431858860717e+00
@q.xbgr.xq74_u15.qnpn13g2[area] = 1.062724413681362e+00
@q.xbgr.xq74_u16.qnpn13g2[area] = 9.649779095773372e-01
@q.xbgr.xq74_u17.qnpn13g2[area] = 1.028406831789365e+00
@q.xbgr.xq74_u18.qnpn13g2[area] = 9.793198395341823e-01
@q.xbgr.xq74_u19.qnpn13g2[area] = 1.004208879566462e+00
@q.xbgr.xq74_u20.qnpn13g2[area] = 8.780235747417825e-01
@q.xbgr.xq74_u21.qnpn13g2[area] = 9.891211079437946e-01
@q.xbgr.xq74_u22.qnpn13g2[area] = 1.029286406337801e+00
@q.xbgr.xq74_u23.qnpn13g2[area] = 1.200468284780058e+00
@q.xbgr.xq74_u24.qnpn13g2[area] = 9.448383223764064e-01
@q.xbgr.xq75_u2.qnpn13g2[area] = 8.778497792764162e-01
@q.xbgr.xq75_u3.qnpn13g2[area] = 9.403213026119274e-01
@q.xbgr.xq75_u4.qnpn13g2[area] = 1.050449150898996e+00
@q.xbgr.xq75_u5.qnpn13g2[area] = 1.114095005405029e+00
@q.xbgr.xq75_u6.qnpn13g2[area] = 1.035257737946921e+00
@q.xbgr.xq75_u7.qnpn13g2[area] = 1.161829837771239e+00
@q.xbgr.xq75_u8.qnpn13g2[area] = 1.031272061125379e+00
@q.xbgr.xq75_u9.qnpn13g2[area] = 1.029396181209541e+00
@q.xbgr.xq75_u10.qnpn13g2[area] = 1.022657784208326e+00
@q.xbgr.xq75_u11.qnpn13g2[area] = 9.198535578888224e-01
@q.xbgr.xq75_u12.qnpn13g2[area] = 8.713787675888168e-01
@q.xbgr.xq75_u13.qnpn13g2[area] = 9.198432320037516e-01
@q.xbgr.xq75_u14.qnpn13g2[area] = 1.082043611102051e+00
@q.xbgr.xq75_u15.qnpn13g2[area] = 8.704886650262904e-01
@q.xbgr.xq75_u16.qnpn13g2[area] = 1.004806196306737e+00
@q.xbgr.xq75_u17.qnpn13g2[area] = 9.144601958864563e-01
@q.xbgr.xq75_u18.qnpn13g2[area] = 1.056218373460015e+00
@q.xbgr.xq75_u19.qnpn13g2[area] = 9.691150751245936e-01
@q.xbgr.xq75_u20.qnpn13g2[area] = 9.946402791388156e-01
@q.xbgr.xq75_u21.qnpn13g2[area] = 9.598973793371238e-01
@q.xbgr.xq75_u22.qnpn13g2[area] = 1.232396799677790e+00
@q.xbgr.xq75_u23.qnpn13g2[area] = 9.929368107130524e-01
@q.xbgr.xq75_u24.qnpn13g2[area] = 1.237540179017191e+00
@q.xbgr.xq76_u2.qnpn13g2[area] = 9.288544748854700e-01
@q.xbgr.xq76_u3.qnpn13g2[area] = 1.088119486915066e+00
@q.xbgr.xq76_u4.qnpn13g2[area] = 9.272663290704688e-01
@q.xbgr.xq76_u5.qnpn13g2[area] = 9.231822036855160e-01
@q.xbgr.xq76_u6.qnpn13g2[area] = 1.030087144245716e+00
@q.xbgr.xq76_u7.qnpn13g2[area] = 9.739477294024236e-01
@q.xbgr.xq76_u8.qnpn13g2[area] = 1.088102794970044e+00
@q.xbgr.xq76_u9.qnpn13g2[area] = 1.035037431838426e+00
@q.xbgr.xq76_u10.qnpn13g2[area] = 9.061852802721336e-01
@q.xbgr.xq76_u11.qnpn13g2[area] = 8.959634905230360e-01
@q.xbgr.xq76_u12.qnpn13g2[area] = 1.145640905495207e+00
@q.xbgr.xq76_u13.qnpn13g2[area] = 9.289212424451437e-01
@q.xbgr.xq76_u14.qnpn13g2[area] = 8.800758633856205e-01
@q.xbgr.xq76_u15.qnpn13g2[area] = 1.056206780985759e+00
@q.xbgr.xq76_u16.qnpn13g2[area] = 1.016182257371249e+00
@q.xbgr.xq76_u17.qnpn13g2[area] = 7.500297163904474e-01
@q.xbgr.xq76_u18.qnpn13g2[area] = 9.716259879707676e-01
@q.xbgr.xq76_u19.qnpn13g2[area] = 9.428474808173788e-01
@q.xbgr.xq76_u20.qnpn13g2[area] = 9.707444526560671e-01
@q.xbgr.xq76_u21.qnpn13g2[area] = 7.834891418660865e-01
@q.xbgr.xq76_u22.qnpn13g2[area] = 9.580539044465096e-01
@q.xbgr.xq76_u23.qnpn13g2[area] = 9.344846633108034e-01
@q.xbgr.xq76_u24.qnpn13g2[area] = 9.307798357010439e-01
@n.xbgr.xr77_u2.nr1[nsmm_rsh] = 3.512327836758818e-01
@n.xbgr.xr77_u2.nr1[nsmm_w] = -1.01423959542682e-02
@n.xbgr.xr77_u2.nr1[nsmm_l] = 2.488348628583456e-01
@n.xbgr.xr77_u3.nr1[nsmm_rsh] = -5.16430740156477e-01
@n.xbgr.xr77_u3.nr1[nsmm_w] = 1.551804013063991e+00
@n.xbgr.xr77_u3.nr1[nsmm_l] = -1.65456479097725e+00
@n.xbgr.xr77_u4.nr1[nsmm_rsh] = 8.698579772778243e-01
@n.xbgr.xr77_u4.nr1[nsmm_w] = 1.367618656303636e+00
@n.xbgr.xr77_u4.nr1[nsmm_l] = -7.99099408240138e-01
@n.xbgr.xr77_u5.nr1[nsmm_rsh] = 6.940616685189938e-01
@n.xbgr.xr77_u5.nr1[nsmm_w] = -3.49269289840423e-01
@n.xbgr.xr77_u5.nr1[nsmm_l] = -9.20884483633618e-01
@n.xbgr.xr77_u6.nr1[nsmm_rsh] = 4.184691936105222e-01
@n.xbgr.xr77_u6.nr1[nsmm_w] = 2.608180619027195e+00
@n.xbgr.xr77_u6.nr1[nsmm_l] = 1.139148534910760e+00
@n.xbgr.xr77_u7.nr1[nsmm_rsh] = -6.72114926473029e-02
@n.xbgr.xr77_u7.nr1[nsmm_w] = 1.581483011684429e+00
@n.xbgr.xr77_u7.nr1[nsmm_l] = 1.944394839926800e+00
@n.xbgr.xr77_u8.nr1[nsmm_rsh] = -5.15814867110908e-01
@n.xbgr.xr77_u8.nr1[nsmm_w] = 9.970092415957413e-01
@n.xbgr.xr77_u8.nr1[nsmm_l] = -6.84656464715993e-01
@n.xbgr.xr77_u9.nr1[nsmm_rsh] = -5.51883369923344e-01
@n.xbgr.xr77_u9.nr1[nsmm_w] = -2.68603945213730e-01
@n.xbgr.xr77_u9.nr1[nsmm_l] = -4.98135013136582e-01
@n.xbgr.xr77_u10.nr1[nsmm_rsh] = -1.17427995581814e+00
@n.xbgr.xr77_u10.nr1[nsmm_w] = -1.54481918437893e+00
@n.xbgr.xr77_u10.nr1[nsmm_l] = 6.565496950136817e-01
@n.xbgr.xr77_u11.nr1[nsmm_rsh] = 2.057189431884191e+00
@n.xbgr.xr77_u11.nr1[nsmm_w] = 6.372437190682790e-01
@n.xbgr.xr77_u11.nr1[nsmm_l] = 7.875628623895862e-01
@n.xbgr.xr77_u12.nr1[nsmm_rsh] = 2.897252925006252e+00
@n.xbgr.xr77_u12.nr1[nsmm_w] = -1.95266823298278e-01
@n.xbgr.xr77_u12.nr1[nsmm_l] = 1.103155953805916e+00
@n.xbgr.xr77_u13.nr1[nsmm_rsh] = 1.149352865463090e+00
@n.xbgr.xr77_u13.nr1[nsmm_w] = -4.63188884567367e-01
@n.xbgr.xr77_u13.nr1[nsmm_l] = -5.01597657812570e-01
@n.xbgr.xr77_u14.nr1[nsmm_rsh] = -6.07831552758747e-01
@n.xbgr.xr77_u14.nr1[nsmm_w] = 1.110818447668809e+00
@n.xbgr.xr77_u14.nr1[nsmm_l] = 1.208001247885755e+00
@n.xbgr.xr77_u15.nr1[nsmm_rsh] = 3.010307958928555e-01
@n.xbgr.xr77_u15.nr1[nsmm_w] = -1.77669450078030e-01
@n.xbgr.xr77_u15.nr1[nsmm_l] = 8.411286370087190e-01
@n.xbgr.xr77_u16.nr1[nsmm_rsh] = 2.196833842236835e-01
@n.xbgr.xr77_u16.nr1[nsmm_w] = -1.63186575356753e+00
@n.xbgr.xr77_u16.nr1[nsmm_l] = -9.14455444291402e-01
@n.xbgr.xr77_u17.nr1[nsmm_rsh] = 1.098043641334742e+00
@n.xbgr.xr77_u17.nr1[nsmm_w] = 3.120673199324962e-01
@n.xbgr.xr77_u17.nr1[nsmm_l] = -9.90350155877790e-01
@n.xbgr.xr77_u18.nr1[nsmm_rsh] = 1.837751762564318e+00
@n.xbgr.xr77_u18.nr1[nsmm_w] = 1.614620126913021e+00
@n.xbgr.xr77_u18.nr1[nsmm_l] = -1.94152357371906e-01
@n.xbgr.xr77_u19.nr1[nsmm_rsh] = 1.586577839190961e+00
@n.xbgr.xr77_u19.nr1[nsmm_w] = -5.27075113562560e-01
@n.xbgr.xr77_u19.nr1[nsmm_l] = -1.37831558691414e-01
@n.xbgr.xr77_u20.nr1[nsmm_rsh] = -6.55535273105377e-01
@n.xbgr.xr77_u20.nr1[nsmm_w] = -1.32746845140249e+00
@n.xbgr.xr77_u20.nr1[nsmm_l] = -3.27854812618760e-01
@n.xbgr.xr77_u21.nr1[nsmm_rsh] = 5.053077403991172e-01
@n.xbgr.xr77_u21.nr1[nsmm_w] = 1.046842133633865e+00
@n.xbgr.xr77_u21.nr1[nsmm_l] = -1.74679529884051e+00
@n.xbgr.xr77_u22.nr1[nsmm_rsh] = 6.326692228213110e-01
@n.xbgr.xr77_u22.nr1[nsmm_w] = -5.99431727591970e-01
@n.xbgr.xr77_u22.nr1[nsmm_l] = -3.77099625360077e-01
@n.xbgr.xr77_u23.nr1[nsmm_rsh] = -2.66526083772922e-01
@n.xbgr.xr77_u23.nr1[nsmm_w] = -1.14635886393505e+00
@n.xbgr.xr77_u23.nr1[nsmm_l] = 1.516579838674204e-01
@n.xbgr.xr77_u24.nr1[nsmm_rsh] = 1.240566267866022e-01
@n.xbgr.xr77_u24.nr1[nsmm_w] = -4.26260406069532e-01
@n.xbgr.xr77_u24.nr1[nsmm_l] = 6.505339522041723e-01
@n.xbgr.xr78_u2.nr1[nsmm_rsh] = -1.25541853439933e+00
@n.xbgr.xr78_u2.nr1[nsmm_w] = 3.367545214966897e-01
@n.xbgr.xr78_u2.nr1[nsmm_l] = -2.96696173283729e-01
@n.xbgr.xr78_u3.nr1[nsmm_rsh] = 5.620200140984791e-01
@n.xbgr.xr78_u3.nr1[nsmm_w] = -1.09032660483198e+00
@n.xbgr.xr78_u3.nr1[nsmm_l] = 1.466876438523502e-01
@n.xbgr.xr78_u4.nr1[nsmm_rsh] = 7.974073440723221e-02
@n.xbgr.xr78_u4.nr1[nsmm_w] = 5.481955571250059e-01
@n.xbgr.xr78_u4.nr1[nsmm_l] = -1.76864783722160e+00
@n.xbgr.xr78_u5.nr1[nsmm_rsh] = 6.208568072104637e-01
@n.xbgr.xr78_u5.nr1[nsmm_w] = -1.92390947625222e-01
@n.xbgr.xr78_u5.nr1[nsmm_l] = -8.84677972043649e-01
@n.xbgr.xr78_u6.nr1[nsmm_rsh] = 2.234689551962432e+00
@n.xbgr.xr78_u6.nr1[nsmm_w] = 2.551192046824985e+00
@n.xbgr.xr78_u6.nr1[nsmm_l] = -4.27045847764375e-02
@n.xbgr.xr78_u7.nr1[nsmm_rsh] = 1.648643610187607e-01
@n.xbgr.xr78_u7.nr1[nsmm_w] = 1.784868839685168e+00
@n.xbgr.xr78_u7.nr1[nsmm_l] = 5.458826136731366e-01
@n.xbgr.xr78_u8.nr1[nsmm_rsh] = -1.88789067789760e-01
@n.xbgr.xr78_u8.nr1[nsmm_w] = 6.337046426368946e-01
@n.xbgr.xr78_u8.nr1[nsmm_l] = 2.012372896378923e-01
@n.xbgr.xr78_u9.nr1[nsmm_rsh] = 2.284721381141735e-01
@n.xbgr.xr78_u9.nr1[nsmm_w] = 2.130706552314167e+00
@n.xbgr.xr78_u9.nr1[nsmm_l] = 1.146924845405559e+00
@n.xbgr.xr78_u10.nr1[nsmm_rsh] = 1.686446463041044e+00
@n.xbgr.xr78_u10.nr1[nsmm_w] = -3.34507142050438e-01
@n.xbgr.xr78_u10.nr1[nsmm_l] = 1.633008963766724e+00
@n.xbgr.xr78_u11.nr1[nsmm_rsh] = -1.59894200449190e+00
@n.xbgr.xr78_u11.nr1[nsmm_w] = -5.27720243837442e-01
@n.xbgr.xr78_u11.nr1[nsmm_l] = -4.87789489469131e-01
@n.xbgr.xr78_u12.nr1[nsmm_rsh] = -7.23641374673718e-01
@n.xbgr.xr78_u12.nr1[nsmm_w] = 1.628678016848785e+00
@n.xbgr.xr78_u12.nr1[nsmm_l] = -1.04695430082034e+00
@n.xbgr.xr78_u13.nr1[nsmm_rsh] = -6.39550288665196e-02
@n.xbgr.xr78_u13.nr1[nsmm_w] = 2.127275290210184e-01
@n.xbgr.xr78_u13.nr1[nsmm_l] = -1.53053248593987e+00
@n.xbgr.xr78_u14.nr1[nsmm_rsh] = -3.52153296021496e-01
@n.xbgr.xr78_u14.nr1[nsmm_w] = 1.685554046866047e+00
@n.xbgr.xr78_u14.nr1[nsmm_l] = -1.08928433326786e+00
@n.xbgr.xr78_u15.nr1[nsmm_rsh] = -9.06768178702072e-01
@n.xbgr.xr78_u15.nr1[nsmm_w] = 2.414952394343542e+00
@n.xbgr.xr78_u15.nr1[nsmm_l] = 3.563323491481652e-01
@n.xbgr.xr78_u16.nr1[nsmm_rsh] = -1.43557270320119e+00
@n.xbgr.xr78_u16.nr1[nsmm_w] = 1.409409702838681e-01
@n.xbgr.xr78_u16.nr1[nsmm_l] = -7.63383608004057e-01
@n.xbgr.xr78_u17.nr1[nsmm_rsh] = 1.898329145302905e-01
@n.xbgr.xr78_u17.nr1[nsmm_w] = -8.79103777464611e-01
@n.xbgr.xr78_u17.nr1[nsmm_l] = 3.078320876771177e-01
@n.xbgr.xr78_u18.nr1[nsmm_rsh] = 5.040355621765429e-01
@n.xbgr.xr78_u18.nr1[nsmm_w] = -1.45146881613444e+00
@n.xbgr.xr78_u18.nr1[nsmm_l] = -2.00801068615281e-01
@n.xbgr.xr78_u19.nr1[nsmm_rsh] = -8.57932789567814e-01
@n.xbgr.xr78_u19.nr1[nsmm_w] = -1.37185631814130e-01
@n.xbgr.xr78_u19.nr1[nsmm_l] = -6.64204991598836e-01
@n.xbgr.xr78_u20.nr1[nsmm_rsh] = -7.75033022271797e-01
@n.xbgr.xr78_u20.nr1[nsmm_w] = -1.16281281392849e+00
@n.xbgr.xr78_u20.nr1[nsmm_l] = 6.849001079970276e-01
@n.xbgr.xr78_u21.nr1[nsmm_rsh] = -1.03523193263019e-01
@n.xbgr.xr78_u21.nr1[nsmm_w] = 9.974629450387884e-01
@n.xbgr.xr78_u21.nr1[nsmm_l] = -8.06612299940012e-02
@n.xbgr.xr78_u22.nr1[nsmm_rsh] = -2.20405307966962e-01
@n.xbgr.xr78_u22.nr1[nsmm_w] = -3.75244205498993e-02
@n.xbgr.xr78_u22.nr1[nsmm_l] = -1.22013312934800e+00
@n.xbgr.xr78_u23.nr1[nsmm_rsh] = -1.07932115984950e+00
@n.xbgr.xr78_u23.nr1[nsmm_w] = 1.209174755684992e-01
@n.xbgr.xr78_u23.nr1[nsmm_l] = -7.11878000631280e-01
@n.xbgr.xr78_u24.nr1[nsmm_rsh] = 7.641712655390821e-01
@n.xbgr.xr78_u24.nr1[nsmm_w] = 1.866667055856734e+00
@n.xbgr.xr78_u24.nr1[nsmm_l] = -8.68988221736702e-01
@n.xbgr.xr79_u2.nr1[nsmm_rsh] = -9.71152571395546e-01
@n.xbgr.xr79_u2.nr1[nsmm_w] = 2.543285682989213e-01
@n.xbgr.xr79_u2.nr1[nsmm_l] = 1.345862459198166e-01
@n.xbgr.xr79_u3.nr1[nsmm_rsh] = -4.97104286181873e-01
@n.xbgr.xr79_u3.nr1[nsmm_w] = -8.81843656371104e-01
@n.xbgr.xr79_u3.nr1[nsmm_l] = -1.92522263507620e-01
@n.xbgr.xr79_u4.nr1[nsmm_rsh] = 7.790761558501818e-01
@n.xbgr.xr79_u4.nr1[nsmm_w] = 1.826643506925324e-01
@n.xbgr.xr79_u4.nr1[nsmm_l] = 1.063797286192443e+00
@n.xbgr.xr79_u5.nr1[nsmm_rsh] = -4.59248816026507e-01
@n.xbgr.xr79_u5.nr1[nsmm_w] = 4.293763567300506e-01
@n.xbgr.xr79_u5.nr1[nsmm_l] = -3.37132327722546e-02
@n.xbgr.xr79_u6.nr1[nsmm_rsh] = -2.66929828285374e-01
@n.xbgr.xr79_u6.nr1[nsmm_w] = -8.90670444178752e-01
@n.xbgr.xr79_u6.nr1[nsmm_l] = 1.568817544971158e+00
@n.xbgr.xr79_u7.nr1[nsmm_rsh] = -3.89362094041598e-01
@n.xbgr.xr79_u7.nr1[nsmm_w] = -3.68556933513869e-01
@n.xbgr.xr79_u7.nr1[nsmm_l] = -2.05527572640910e+00
@n.xbgr.xr79_u8.nr1[nsmm_rsh] = -2.92923807961140e-01
@n.xbgr.xr79_u8.nr1[nsmm_w] = 5.183839195300245e-01
@n.xbgr.xr79_u8.nr1[nsmm_l] = 4.325859506399027e-01
@n.xbgr.xr79_u9.nr1[nsmm_rsh] = -2.52215811273297e-02
@n.xbgr.xr79_u9.nr1[nsmm_w] = -3.10741991589098e-01
@n.xbgr.xr79_u9.nr1[nsmm_l] = 2.596123803290230e+00
@n.xbgr.xr79_u10.nr1[nsmm_rsh] = 7.169559961442459e-01
@n.xbgr.xr79_u10.nr1[nsmm_w] = 7.814738918441660e-02
@n.xbgr.xr79_u10.nr1[nsmm_l] = -7.77544545925439e-01
@n.xbgr.xr79_u11.nr1[nsmm_rsh] = 5.658147057744555e-01
@n.xbgr.xr79_u11.nr1[nsmm_w] = 6.962696989656572e-02
@n.xbgr.xr79_u11.nr1[nsmm_l] = 1.456633740075361e+00
@n.xbgr.xr79_u12.nr1[nsmm_rsh] = 3.709558969158507e-01
@n.xbgr.xr79_u12.nr1[nsmm_w] = -1.52965929776816e+00
@n.xbgr.xr79_u12.nr1[nsmm_l] = 1.780739940443884e+00
@n.xbgr.xr79_u13.nr1[nsmm_rsh] = -8.36621212789235e-01
@n.xbgr.xr79_u13.nr1[nsmm_w] = 5.629725409599069e-02
@n.xbgr.xr79_u13.nr1[nsmm_l] = 6.245563462279593e-01
@n.xbgr.xr79_u14.nr1[nsmm_rsh] = 8.697368160403328e-01
@n.xbgr.xr79_u14.nr1[nsmm_w] = 9.423690899376460e-01
@n.xbgr.xr79_u14.nr1[nsmm_l] = 3.879737276116441e-01
@n.xbgr.xr79_u15.nr1[nsmm_rsh] = 2.657246039815054e-01
@n.xbgr.xr79_u15.nr1[nsmm_w] = -8.19910922455819e-01
@n.xbgr.xr79_u15.nr1[nsmm_l] = 1.472977347843796e-01
@n.xbgr.xr79_u16.nr1[nsmm_rsh] = -1.09445061335161e+00
@n.xbgr.xr79_u16.nr1[nsmm_w] = -2.77129521933037e-01
@n.xbgr.xr79_u16.nr1[nsmm_l] = -2.50089140267871e-02
@n.xbgr.xr79_u17.nr1[nsmm_rsh] = -5.62657828569163e-01
@n.xbgr.xr79_u17.nr1[nsmm_w] = -2.14612853249961e-01
@n.xbgr.xr79_u17.nr1[nsmm_l] = -4.53545910155734e-01
@n.xbgr.xr79_u18.nr1[nsmm_rsh] = -1.10773773099199e+00
@n.xbgr.xr79_u18.nr1[nsmm_w] = 1.760811872608535e+00
@n.xbgr.xr79_u18.nr1[nsmm_l] = -5.49842957450194e-01
@n.xbgr.xr79_u19.nr1[nsmm_rsh] = -3.26390958937943e-01
@n.xbgr.xr79_u19.nr1[nsmm_w] = 1.202154639136989e-01
@n.xbgr.xr79_u19.nr1[nsmm_l] = -4.68231469798452e-01
@n.xbgr.xr79_u20.nr1[nsmm_rsh] = 2.750795666183721e-01
@n.xbgr.xr79_u20.nr1[nsmm_w] = 7.101324829808470e-01
@n.xbgr.xr79_u20.nr1[nsmm_l] = -4.13455528744948e-01
@n.xbgr.xr79_u21.nr1[nsmm_rsh] = -4.87818928343194e-01
@n.xbgr.xr79_u21.nr1[nsmm_w] = -7.35743043824322e-01
@n.xbgr.xr79_u21.nr1[nsmm_l] = 1.302551456539101e+00
@n.xbgr.xr79_u22.nr1[nsmm_rsh] = -1.34305643653672e+00
@n.xbgr.xr79_u22.nr1[nsmm_w] = -4.09724212062388e-01
@n.xbgr.xr79_u22.nr1[nsmm_l] = 2.191961149246138e-01
@n.xbgr.xr79_u23.nr1[nsmm_rsh] = 1.038901843049815e+00
@n.xbgr.xr79_u23.nr1[nsmm_w] = 2.379499441755657e+00
@n.xbgr.xr79_u23.nr1[nsmm_l] = 7.643659885338250e-01
@n.xbgr.xr79_u24.nr1[nsmm_rsh] = -1.40311710723036e-01
@n.xbgr.xr79_u24.nr1[nsmm_w] = -2.93174988969665e-01
@n.xbgr.xr79_u24.nr1[nsmm_l] = -1.56228922951775e+00
@n.xbgr.xr80_u2.nr1[nsmm_rsh] = -1.24130228286345e+00
@n.xbgr.xr80_u2.nr1[nsmm_w] = 5.398197103593271e-02
@n.xbgr.xr80_u2.nr1[nsmm_l] = 3.985336941606645e-01
@n.xbgr.xr80_u3.nr1[nsmm_rsh] = -1.51585063405844e+00
@n.xbgr.xr80_u3.nr1[nsmm_w] = 1.042394464570614e+00
@n.xbgr.xr80_u3.nr1[nsmm_l] = 1.534494215484046e+00
@n.xbgr.xr80_u4.nr1[nsmm_rsh] = 2.391609718896853e-01
@n.xbgr.xr80_u4.nr1[nsmm_w] = 8.854740877959063e-01
@n.xbgr.xr80_u4.nr1[nsmm_l] = -1.35954472706811e+00
@n.xbgr.xr80_u5.nr1[nsmm_rsh] = -8.82195672977001e-01
@n.xbgr.xr80_u5.nr1[nsmm_w] = -5.94459805851905e-01
@n.xbgr.xr80_u5.nr1[nsmm_l] = -1.53624787835695e+00
@n.xbgr.xr80_u6.nr1[nsmm_rsh] = -9.96307020554080e-01
@n.xbgr.xr80_u6.nr1[nsmm_w] = 1.991419864541640e-03
@n.xbgr.xr80_u6.nr1[nsmm_l] = 1.233770736296827e-03
@n.xbgr.xr80_u7.nr1[nsmm_rsh] = -2.05474367253278e-01
@n.xbgr.xr80_u7.nr1[nsmm_w] = -7.82466219680125e-01
@n.xbgr.xr80_u7.nr1[nsmm_l] = -1.04268832480824e+00
@n.xbgr.xr80_u8.nr1[nsmm_rsh] = 1.141374587583607e+00
@n.xbgr.xr80_u8.nr1[nsmm_w] = -3.49162932761270e-01
@n.xbgr.xr80_u8.nr1[nsmm_l] = -6.52026531635345e-01
@n.xbgr.xr80_u9.nr1[nsmm_rsh] = -8.96102484504596e-01
@n.xbgr.xr80_u9.nr1[nsmm_w] = 5.691593895983523e-03
@n.xbgr.xr80_u9.nr1[nsmm_l] = -9.00949578256828e-02
@n.xbgr.xr80_u10.nr1[nsmm_rsh] = -5.68349546414234e-01
@n.xbgr.xr80_u10.nr1[nsmm_w] = 9.043344000498582e-02
@n.xbgr.xr80_u10.nr1[nsmm_l] = -1.60549654509037e+00
@n.xbgr.xr80_u11.nr1[nsmm_rsh] = -1.05069271584581e+00
@n.xbgr.xr80_u11.nr1[nsmm_w] = -7.12406637423183e-02
@n.xbgr.xr80_u11.nr1[nsmm_l] = -2.07486001880182e+00
@n.xbgr.xr80_u12.nr1[nsmm_rsh] = 2.137627063258795e+00
@n.xbgr.xr80_u12.nr1[nsmm_w] = 1.756349448247403e+00
@n.xbgr.xr80_u12.nr1[nsmm_l] = -1.05330353175012e+00
@n.xbgr.xr80_u13.nr1[nsmm_rsh] = -5.03598037465874e-01
@n.xbgr.xr80_u13.nr1[nsmm_w] = 2.096601849114435e-02
@n.xbgr.xr80_u13.nr1[nsmm_l] = 2.335523196978122e+00
@n.xbgr.xr80_u14.nr1[nsmm_rsh] = 4.776261731606470e-01
@n.xbgr.xr80_u14.nr1[nsmm_w] = 1.498049515928291e-01
@n.xbgr.xr80_u14.nr1[nsmm_l] = 1.016927089143803e+00
@n.xbgr.xr80_u15.nr1[nsmm_rsh] = -4.13684795998073e-01
@n.xbgr.xr80_u15.nr1[nsmm_w] = -6.37599671007109e-01
@n.xbgr.xr80_u15.nr1[nsmm_l] = -2.50618986991277e-04
@n.xbgr.xr80_u16.nr1[nsmm_rsh] = 8.661875583987773e-01
@n.xbgr.xr80_u16.nr1[nsmm_w] = -3.02133722441683e-01
@n.xbgr.xr80_u16.nr1[nsmm_l] = -1.07575626462980e+00
@n.xbgr.xr80_u17.nr1[nsmm_rsh] = -9.69635862013235e-01
@n.xbgr.xr80_u17.nr1[nsmm_w] = 7.953165357085156e-01
@n.xbgr.xr80_u17.nr1[nsmm_l] = -2.22215045318833e+00
@n.xbgr.xr80_u18.nr1[nsmm_rsh] = 4.527145736811853e-01
@n.xbgr.xr80_u18.nr1[nsmm_w] = -6.06194381506746e-01
@n.xbgr.xr80_u18.nr1[nsmm_l] = -8.48792463356479e-01
@n.xbgr.xr80_u19.nr1[nsmm_rsh] = -1.29360623718531e+00
@n.xbgr.xr80_u19.nr1[nsmm_w] = -6.18638655153895e-01
@n.xbgr.xr80_u19.nr1[nsmm_l] = -3.39387238867505e-01
@n.xbgr.xr80_u20.nr1[nsmm_rsh] = 2.394582396491748e-01
@n.xbgr.xr80_u20.nr1[nsmm_w] = 7.123968387046964e-01
@n.xbgr.xr80_u20.nr1[nsmm_l] = -2.04438562997713e+00
@n.xbgr.xr80_u21.nr1[nsmm_rsh] = -4.31937023649592e-01
@n.xbgr.xr80_u21.nr1[nsmm_w] = -2.64412690267809e+00
@n.xbgr.xr80_u21.nr1[nsmm_l] = -2.61759565896978e-01
@n.xbgr.xr80_u22.nr1[nsmm_rsh] = -5.68969080879318e-01
@n.xbgr.xr80_u22.nr1[nsmm_w] = 1.223721648407865e+00
@n.xbgr.xr80_u22.nr1[nsmm_l] = -9.09130598225186e-01
@n.xbgr.xr80_u23.nr1[nsmm_rsh] = 1.935395960173238e-01
@n.xbgr.xr80_u23.nr1[nsmm_w] = -1.84027382365406e+00
@n.xbgr.xr80_u23.nr1[nsmm_l] = -1.95258220054572e+00
@n.xbgr.xr80_u24.nr1[nsmm_rsh] = 1.928379482122253e+00
@n.xbgr.xr80_u24.nr1[nsmm_w] = -1.56455727784430e+00
@n.xbgr.xr80_u24.nr1[nsmm_l] = 1.819712696741317e+00
@n.xbgr.xr81_u2.nr1[nsmm_rsh] = -4.66555087452811e-02
@n.xbgr.xr81_u2.nr1[nsmm_w] = -4.01515863247873e-01
@n.xbgr.xr81_u2.nr1[nsmm_l] = 7.212711862619524e-01
@n.xbgr.xr81_u3.nr1[nsmm_rsh] = 1.116655474183462e+00
@n.xbgr.xr81_u3.nr1[nsmm_w] = 7.372732187272139e-01
@n.xbgr.xr81_u3.nr1[nsmm_l] = 3.961900674326704e-02
@n.xbgr.xr81_u4.nr1[nsmm_rsh] = -8.66295136310608e-01
@n.xbgr.xr81_u4.nr1[nsmm_w] = -2.07203908611343e-01
@n.xbgr.xr81_u4.nr1[nsmm_l] = -8.17098559171925e-01
@n.xbgr.xr81_u5.nr1[nsmm_rsh] = 7.666432939733508e-02
@n.xbgr.xr81_u5.nr1[nsmm_w] = 9.028427673384709e-03
@n.xbgr.xr81_u5.nr1[nsmm_l] = 3.242235268305647e-01
@n.xbgr.xr81_u6.nr1[nsmm_rsh] = -3.54583283594194e-02
@n.xbgr.xr81_u6.nr1[nsmm_w] = -5.07672998399626e-01
@n.xbgr.xr81_u6.nr1[nsmm_l] = 3.128366351679795e-01
@n.xbgr.xr81_u7.nr1[nsmm_rsh] = 2.124917016965030e-01
@n.xbgr.xr81_u7.nr1[nsmm_w] = -2.76232210213820e-01
@n.xbgr.xr81_u7.nr1[nsmm_l] = 5.072272649850866e-01
@n.xbgr.xr81_u8.nr1[nsmm_rsh] = -7.45912768518366e-01
@n.xbgr.xr81_u8.nr1[nsmm_w] = -3.51550606915417e-01
@n.xbgr.xr81_u8.nr1[nsmm_l] = 2.523921393042333e+00
@n.xbgr.xr81_u9.nr1[nsmm_rsh] = -1.38547074581926e-01
@n.xbgr.xr81_u9.nr1[nsmm_w] = -1.80336115584705e+00
@n.xbgr.xr81_u9.nr1[nsmm_l] = -4.81108403744397e-01
@n.xbgr.xr81_u10.nr1[nsmm_rsh] = 1.205896034618273e+00
@n.xbgr.xr81_u10.nr1[nsmm_w] = -4.60309588282610e-01
@n.xbgr.xr81_u10.nr1[nsmm_l] = -2.07976713698715e-01
@n.xbgr.xr81_u11.nr1[nsmm_rsh] = 1.744177876241009e+00
@n.xbgr.xr81_u11.nr1[nsmm_w] = -1.10641661675745e+00
@n.xbgr.xr81_u11.nr1[nsmm_l] = 1.780906244622153e+00
@n.xbgr.xr81_u12.nr1[nsmm_rsh] = 6.943625483157977e-03
@n.xbgr.xr81_u12.nr1[nsmm_w] = -1.76205756783468e+00
@n.xbgr.xr81_u12.nr1[nsmm_l] = 1.009800756886079e+00
@n.xbgr.xr81_u13.nr1[nsmm_rsh] = 2.002079333327557e+00
@n.xbgr.xr81_u13.nr1[nsmm_w] = 6.787859418248509e-01
@n.xbgr.xr81_u13.nr1[nsmm_l] = -1.20865128506995e+00
@n.xbgr.xr81_u14.nr1[nsmm_rsh] = -3.47915093293322e-01
@n.xbgr.xr81_u14.nr1[nsmm_w] = -2.37669182240301e+00
@n.xbgr.xr81_u14.nr1[nsmm_l] = -5.57836600647138e-01
@n.xbgr.xr81_u15.nr1[nsmm_rsh] = -3.45152262124123e-01
@n.xbgr.xr81_u15.nr1[nsmm_w] = 2.017053425426037e+00
@n.xbgr.xr81_u15.nr1[nsmm_l] = -1.16347287124358e+00
@n.xbgr.xr81_u16.nr1[nsmm_rsh] = 4.229912206080796e-01
@n.xbgr.xr81_u16.nr1[nsmm_w] = -2.18828714400656e+00
@n.xbgr.xr81_u16.nr1[nsmm_l] = 1.213256531125626e-02
@n.xbgr.xr81_u17.nr1[nsmm_rsh] = 3.807440319971677e-01
@n.xbgr.xr81_u17.nr1[nsmm_w] = -9.77655403795304e-01
@n.xbgr.xr81_u17.nr1[nsmm_l] = -1.48720317507183e-01
@n.xbgr.xr81_u18.nr1[nsmm_rsh] = -1.19530813222437e+00
@n.xbgr.xr81_u18.nr1[nsmm_w] = 2.038601817951092e-01
@n.xbgr.xr81_u18.nr1[nsmm_l] = 2.214844679846663e-01
@n.xbgr.xr81_u19.nr1[nsmm_rsh] = 9.603238279929768e-01
@n.xbgr.xr81_u19.nr1[nsmm_w] = -4.60753956320692e-01
@n.xbgr.xr81_u19.nr1[nsmm_l] = 2.403946415542197e+00
@n.xbgr.xr81_u20.nr1[nsmm_rsh] = 4.163865078852260e-01
@n.xbgr.xr81_u20.nr1[nsmm_w] = 1.984705583511941e+00
@n.xbgr.xr81_u20.nr1[nsmm_l] = 2.763239965770642e-01
@n.xbgr.xr81_u21.nr1[nsmm_rsh] = 3.886723788501797e-01
@n.xbgr.xr81_u21.nr1[nsmm_w] = 5.954615716525609e-01
@n.xbgr.xr81_u21.nr1[nsmm_l] = -1.63315622746793e-01
@n.xbgr.xr81_u22.nr1[nsmm_rsh] = 1.186829396632888e-01
@n.xbgr.xr81_u22.nr1[nsmm_w] = -1.36054674429218e+00
@n.xbgr.xr81_u22.nr1[nsmm_l] = 1.129561448275488e-01
@n.xbgr.xr81_u23.nr1[nsmm_rsh] = -1.69304817302377e+00
@n.xbgr.xr81_u23.nr1[nsmm_w] = 1.654623277351281e+00
@n.xbgr.xr81_u23.nr1[nsmm_l] = 9.321962442132464e-01
@n.xbgr.xr81_u24.nr1[nsmm_rsh] = 4.822194327876886e-01
@n.xbgr.xr81_u24.nr1[nsmm_w] = 3.341621429467951e-01
@n.xbgr.xr81_u24.nr1[nsmm_l] = 1.390804578748120e+00
@n.xbgr.xr82_u2.nr1[nsmm_rsh] = -1.88980018652911e+00
@n.xbgr.xr82_u2.nr1[nsmm_w] = 1.262887669033514e+00
@n.xbgr.xr82_u2.nr1[nsmm_l] = 1.234642222728358e+00
@n.xbgr.xr82_u3.nr1[nsmm_rsh] = 5.375226657575913e-01
@n.xbgr.xr82_u3.nr1[nsmm_w] = 1.036138221612808e+00
@n.xbgr.xr82_u3.nr1[nsmm_l] = 4.563715773435510e-01
@n.xbgr.xr82_u4.nr1[nsmm_rsh] = -2.98586976983384e-01
@n.xbgr.xr82_u4.nr1[nsmm_w] = 1.991258555699977e-01
@n.xbgr.xr82_u4.nr1[nsmm_l] = 7.358908063650761e-02
@n.xbgr.xr82_u5.nr1[nsmm_rsh] = -2.28654570978866e+00
@n.xbgr.xr82_u5.nr1[nsmm_w] = 4.069482383408848e-01
@n.xbgr.xr82_u5.nr1[nsmm_l] = -1.27944196454596e+00
@n.xbgr.xr82_u6.nr1[nsmm_rsh] = -6.71185643781971e-01
@n.xbgr.xr82_u6.nr1[nsmm_w] = -1.24758569965024e+00
@n.xbgr.xr82_u6.nr1[nsmm_l] = 8.674310385720860e-01
@n.xbgr.xr82_u7.nr1[nsmm_rsh] = 6.514922749827105e-01
@n.xbgr.xr82_u7.nr1[nsmm_w] = -5.33992022146734e-01
@n.xbgr.xr82_u7.nr1[nsmm_l] = 7.291882279458954e-01
@n.xbgr.xr82_u8.nr1[nsmm_rsh] = 2.396436781871121e+00
@n.xbgr.xr82_u8.nr1[nsmm_w] = 6.891637279569850e-01
@n.xbgr.xr82_u8.nr1[nsmm_l] = -5.94171510118605e-01
@n.xbgr.xr82_u9.nr1[nsmm_rsh] = -1.21200651030761e+00
@n.xbgr.xr82_u9.nr1[nsmm_w] = 4.840849367898656e-01
@n.xbgr.xr82_u9.nr1[nsmm_l] = 4.972019474201114e-01
@n.xbgr.xr82_u10.nr1[nsmm_rsh] = -1.96894468486674e+00
@n.xbgr.xr82_u10.nr1[nsmm_w] = 1.451567434937793e+00
@n.xbgr.xr82_u10.nr1[nsmm_l] = 3.270726400611447e-01
@n.xbgr.xr82_u11.nr1[nsmm_rsh] = 1.995178817609734e-01
@n.xbgr.xr82_u11.nr1[nsmm_w] = -1.83218304055971e+00
@n.xbgr.xr82_u11.nr1[nsmm_l] = -2.27308215845639e+00
@n.xbgr.xr82_u12.nr1[nsmm_rsh] = 8.477641905953816e-01
@n.xbgr.xr82_u12.nr1[nsmm_w] = 2.205778984509166e-01
@n.xbgr.xr82_u12.nr1[nsmm_l] = 1.214421340741011e+00
@n.xbgr.xr82_u13.nr1[nsmm_rsh] = -2.37715775397903e+00
@n.xbgr.xr82_u13.nr1[nsmm_w] = -3.15355774912664e-03
@n.xbgr.xr82_u13.nr1[nsmm_l] = -4.05660043502146e-01
@n.xbgr.xr82_u14.nr1[nsmm_rsh] = 8.792524860079172e-01
@n.xbgr.xr82_u14.nr1[nsmm_w] = -6.84465876165757e-01
@n.xbgr.xr82_u14.nr1[nsmm_l] = 1.080098186320016e+00
@n.xbgr.xr82_u15.nr1[nsmm_rsh] = 5.299537067094948e-01
@n.xbgr.xr82_u15.nr1[nsmm_w] = 2.973046510847693e-01
@n.xbgr.xr82_u15.nr1[nsmm_l] = 2.878531381721086e-01
@n.xbgr.xr82_u16.nr1[nsmm_rsh] = 6.503075934464850e-01
@n.xbgr.xr82_u16.nr1[nsmm_w] = -6.79922934080624e-01
@n.xbgr.xr82_u16.nr1[nsmm_l] = -5.38835971707692e-04
@n.xbgr.xr82_u17.nr1[nsmm_rsh] = 6.290306171658133e-01
@n.xbgr.xr82_u17.nr1[nsmm_w] = 1.157984747379223e+00
@n.xbgr.xr82_u17.nr1[nsmm_l] = 9.180021112591148e-02
@n.xbgr.xr82_u18.nr1[nsmm_rsh] = -3.15304330143087e-01
@n.xbgr.xr82_u18.nr1[nsmm_w] = 7.747326336501443e-01
@n.xbgr.xr82_u18.nr1[nsmm_l] = -1.11865309601526e-01
@n.xbgr.xr82_u19.nr1[nsmm_rsh] = -1.56214980785032e+00
@n.xbgr.xr82_u19.nr1[nsmm_w] = 1.264824039319999e+00
@n.xbgr.xr82_u19.nr1[nsmm_l] = -6.06027157871331e-01
@n.xbgr.xr82_u20.nr1[nsmm_rsh] = 2.751932931247515e-01
@n.xbgr.xr82_u20.nr1[nsmm_w] = 8.077129776006530e-01
@n.xbgr.xr82_u20.nr1[nsmm_l] = 9.787297939690915e-01
@n.xbgr.xr82_u21.nr1[nsmm_rsh] = -2.05471929132017e+00
@n.xbgr.xr82_u21.nr1[nsmm_w] = -2.87601672215131e-01
@n.xbgr.xr82_u21.nr1[nsmm_l] = -2.02586435765580e-01
@n.xbgr.xr82_u22.nr1[nsmm_rsh] = -1.06300388044283e+00
@n.xbgr.xr82_u22.nr1[nsmm_w] = 2.575018094488845e+00
@n.xbgr.xr82_u22.nr1[nsmm_l] = -6.94714289749513e-01
@n.xbgr.xr82_u23.nr1[nsmm_rsh] = -3.27218369408035e-02
@n.xbgr.xr82_u23.nr1[nsmm_w] = -5.94272803403917e-01
@n.xbgr.xr82_u23.nr1[nsmm_l] = 2.106027953828277e-01
@n.xbgr.xr82_u24.nr1[nsmm_rsh] = 1.583479299754241e-01
@n.xbgr.xr82_u24.nr1[nsmm_w] = -1.64823833387114e+00
@n.xbgr.xr82_u24.nr1[nsmm_l] = -1.27000057094526e+00
@n.xbgr.xr83_u2.nr1[nsmm_rsh] = -8.86771524590269e-01
@n.xbgr.xr83_u2.nr1[nsmm_w] = -7.13369068218641e-01
@n.xbgr.xr83_u2.nr1[nsmm_l] = -1.15574477846213e+00
@n.xbgr.xr83_u3.nr1[nsmm_rsh] = -1.13238497877674e+00
@n.xbgr.xr83_u3.nr1[nsmm_w] = -9.70879409321652e-02
@n.xbgr.xr83_u3.nr1[nsmm_l] = -2.70601265656079e-02
@n.xbgr.xr83_u4.nr1[nsmm_rsh] = -2.28830885316391e-01
@n.xbgr.xr83_u4.nr1[nsmm_w] = -7.92971896612881e-01
@n.xbgr.xr83_u4.nr1[nsmm_l] = -1.63836857024268e+00
@n.xbgr.xr83_u5.nr1[nsmm_rsh] = 4.570074751803367e-01
@n.xbgr.xr83_u5.nr1[nsmm_w] = 3.153274907236029e-01
@n.xbgr.xr83_u5.nr1[nsmm_l] = -1.43987321538335e+00
@n.xbgr.xr83_u6.nr1[nsmm_rsh] = -2.09237893345972e-01
@n.xbgr.xr83_u6.nr1[nsmm_w] = -2.71584774969634e-01
@n.xbgr.xr83_u6.nr1[nsmm_l] = -8.56011569266130e-01
@n.xbgr.xr83_u7.nr1[nsmm_rsh] = 6.701271472125495e-01
@n.xbgr.xr83_u7.nr1[nsmm_w] = 4.264091011648838e-01
@n.xbgr.xr83_u7.nr1[nsmm_l] = 1.168032370837182e+00
@n.xbgr.xr83_u8.nr1[nsmm_rsh] = -1.73923979152289e+00
@n.xbgr.xr83_u8.nr1[nsmm_w] = 2.447771126837019e-03
@n.xbgr.xr83_u8.nr1[nsmm_l] = -1.98495156087718e-01
@n.xbgr.xr83_u9.nr1[nsmm_rsh] = -2.61797910231091e-01
@n.xbgr.xr83_u9.nr1[nsmm_w] = 3.228034118540242e-01
@n.xbgr.xr83_u9.nr1[nsmm_l] = -1.51951433208452e+00
@n.xbgr.xr83_u10.nr1[nsmm_rsh] = -7.77798258379294e-01
@n.xbgr.xr83_u10.nr1[nsmm_w] = 5.936858588986085e-01
@n.xbgr.xr83_u10.nr1[nsmm_l] = -4.63697920226782e-01
@n.xbgr.xr83_u11.nr1[nsmm_rsh] = -8.72299089812360e-01
@n.xbgr.xr83_u11.nr1[nsmm_w] = -1.72224243750385e-01
@n.xbgr.xr83_u11.nr1[nsmm_l] = 1.060369740873744e+00
@n.xbgr.xr83_u12.nr1[nsmm_rsh] = -3.70027390305986e-01
@n.xbgr.xr83_u12.nr1[nsmm_w] = 1.135443125994264e+00
@n.xbgr.xr83_u12.nr1[nsmm_l] = 2.202662381093981e+00
@n.xbgr.xr83_u13.nr1[nsmm_rsh] = -1.42629555529989e+00
@n.xbgr.xr83_u13.nr1[nsmm_w] = 8.221867723313764e-01
@n.xbgr.xr83_u13.nr1[nsmm_l] = 9.177700318814832e-01
@n.xbgr.xr83_u14.nr1[nsmm_rsh] = 3.638302844460188e-01
@n.xbgr.xr83_u14.nr1[nsmm_w] = 5.985928479039486e-01
@n.xbgr.xr83_u14.nr1[nsmm_l] = 7.981517877859208e-02
@n.xbgr.xr83_u15.nr1[nsmm_rsh] = -1.30808373607477e+00
@n.xbgr.xr83_u15.nr1[nsmm_w] = -3.74298814304670e-02
@n.xbgr.xr83_u15.nr1[nsmm_l] = -2.58967048433189e+00
@n.xbgr.xr83_u16.nr1[nsmm_rsh] = 1.348038360299184e+00
@n.xbgr.xr83_u16.nr1[nsmm_w] = -2.14447935832355e+00
@n.xbgr.xr83_u16.nr1[nsmm_l] = -1.77502299167899e+00
@n.xbgr.xr83_u17.nr1[nsmm_rsh] = 1.225531908625046e+00
@n.xbgr.xr83_u17.nr1[nsmm_w] = 1.926901518954651e+00
@n.xbgr.xr83_u17.nr1[nsmm_l] = -1.59678961200890e-01
@n.xbgr.xr83_u18.nr1[nsmm_rsh] = 9.438331542237732e-01
@n.xbgr.xr83_u18.nr1[nsmm_w] = 6.221146464693141e-01
@n.xbgr.xr83_u18.nr1[nsmm_l] = -1.31396306547047e+00
@n.xbgr.xr83_u19.nr1[nsmm_rsh] = -1.70231124535112e+00
@n.xbgr.xr83_u19.nr1[nsmm_w] = -2.03105159912306e-01
@n.xbgr.xr83_u19.nr1[nsmm_l] = -1.86285157887238e+00
@n.xbgr.xr83_u20.nr1[nsmm_rsh] = -8.01024517899024e-01
@n.xbgr.xr83_u20.nr1[nsmm_w] = -2.08398170698379e+00
@n.xbgr.xr83_u20.nr1[nsmm_l] = -2.82622754244639e-01
@n.xbgr.xr83_u21.nr1[nsmm_rsh] = 1.348526987751228e+00
@n.xbgr.xr83_u21.nr1[nsmm_w] = -5.34688366138747e-01
@n.xbgr.xr83_u21.nr1[nsmm_l] = -9.56954031258800e-01
@n.xbgr.xr83_u22.nr1[nsmm_rsh] = -1.48317382751030e+00
@n.xbgr.xr83_u22.nr1[nsmm_w] = -5.83755546153302e-01
@n.xbgr.xr83_u22.nr1[nsmm_l] = -2.06652094773436e-01
@n.xbgr.xr83_u23.nr1[nsmm_rsh] = 2.434294445563898e-01
@n.xbgr.xr83_u23.nr1[nsmm_w] = 3.840253823860645e-01
@n.xbgr.xr83_u23.nr1[nsmm_l] = 2.527758201957506e+00
@n.xbgr.xr83_u24.nr1[nsmm_rsh] = 6.054046183927145e-01
@n.xbgr.xr83_u24.nr1[nsmm_w] = -1.40146209715870e+00
@n.xbgr.xr83_u24.nr1[nsmm_l] = -4.71126238943701e-01
@n.xbgr.xr84_u2.nr1[nsmm_rsh] = -1.51870499894734e+00
@n.xbgr.xr84_u2.nr1[nsmm_w] = 7.696539443150715e-01
@n.xbgr.xr84_u2.nr1[nsmm_l] = -9.82159761995001e-02
@n.xbgr.xr84_u3.nr1[nsmm_rsh] = -6.15599612435305e-01
@n.xbgr.xr84_u3.nr1[nsmm_w] = 8.260825432712493e-01
@n.xbgr.xr84_u3.nr1[nsmm_l] = -7.34793749488505e-01
@n.xbgr.xr84_u4.nr1[nsmm_rsh] = 5.544858559328649e-01
@n.xbgr.xr84_u4.nr1[nsmm_w] = -2.05651882600260e-01
@n.xbgr.xr84_u4.nr1[nsmm_l] = -1.59259265646336e+00
@n.xbgr.xr84_u5.nr1[nsmm_rsh] = -6.59372410500876e-01
@n.xbgr.xr84_u5.nr1[nsmm_w] = 8.170678642852125e-01
@n.xbgr.xr84_u5.nr1[nsmm_l] = 2.543443270077758e-02
@n.xbgr.xr84_u6.nr1[nsmm_rsh] = 1.023555304302795e-01
@n.xbgr.xr84_u6.nr1[nsmm_w] = 1.110507276577669e-01
@n.xbgr.xr84_u6.nr1[nsmm_l] = -4.54445688042225e-01
@n.xbgr.xr84_u7.nr1[nsmm_rsh] = -1.11848319998668e+00
@n.xbgr.xr84_u7.nr1[nsmm_w] = -5.59136706311531e-01
@n.xbgr.xr84_u7.nr1[nsmm_l] = 1.022138242386641e-01
@n.xbgr.xr84_u8.nr1[nsmm_rsh] = -4.82609293390278e-01
@n.xbgr.xr84_u8.nr1[nsmm_w] = -4.10320457135583e-01
@n.xbgr.xr84_u8.nr1[nsmm_l] = 1.332305939122469e-01
@n.xbgr.xr84_u9.nr1[nsmm_rsh] = 9.211140045576488e-02
@n.xbgr.xr84_u9.nr1[nsmm_w] = -6.23527625261532e-01
@n.xbgr.xr84_u9.nr1[nsmm_l] = -8.41856418984968e-01
@n.xbgr.xr84_u10.nr1[nsmm_rsh] = -1.29914540430660e+00
@n.xbgr.xr84_u10.nr1[nsmm_w] = -4.96390345385238e-01
@n.xbgr.xr84_u10.nr1[nsmm_l] = -2.98719587747317e-01
@n.xbgr.xr84_u11.nr1[nsmm_rsh] = 7.219516053509486e-01
@n.xbgr.xr84_u11.nr1[nsmm_w] = 4.446421005488447e-01
@n.xbgr.xr84_u11.nr1[nsmm_l] = 8.754293135414484e-01
@n.xbgr.xr84_u12.nr1[nsmm_rsh] = -5.14170870059343e-01
@n.xbgr.xr84_u12.nr1[nsmm_w] = -1.12531913662471e+00
@n.xbgr.xr84_u12.nr1[nsmm_l] = -1.29419086792911e+00
@n.xbgr.xr84_u13.nr1[nsmm_rsh] = 2.600052280444910e-01
@n.xbgr.xr84_u13.nr1[nsmm_w] = -1.60510699898171e+00
@n.xbgr.xr84_u13.nr1[nsmm_l] = -1.09487217012341e+00
@n.xbgr.xr84_u14.nr1[nsmm_rsh] = -5.47789672544821e-01
@n.xbgr.xr84_u14.nr1[nsmm_w] = 3.843253484469366e-01
@n.xbgr.xr84_u14.nr1[nsmm_l] = -1.05151266086382e+00
@n.xbgr.xr84_u15.nr1[nsmm_rsh] = -7.83382293000815e-02
@n.xbgr.xr84_u15.nr1[nsmm_w] = -5.12099166261615e-01
@n.xbgr.xr84_u15.nr1[nsmm_l] = 5.387546369917956e-01
@n.xbgr.xr84_u16.nr1[nsmm_rsh] = 9.746167774932152e-01
@n.xbgr.xr84_u16.nr1[nsmm_w] = -2.16989381935586e+00
@n.xbgr.xr84_u16.nr1[nsmm_l] = -2.12183197918293e-01
@n.xbgr.xr84_u17.nr1[nsmm_rsh] = -1.01542232915246e+00
@n.xbgr.xr84_u17.nr1[nsmm_w] = -8.16995685368955e-01
@n.xbgr.xr84_u17.nr1[nsmm_l] = -1.48539079184805e+00
@n.xbgr.xr84_u18.nr1[nsmm_rsh] = -2.66117679791665e-01
@n.xbgr.xr84_u18.nr1[nsmm_w] = -1.52658620022276e+00
@n.xbgr.xr84_u18.nr1[nsmm_l] = 1.801260943630190e-01
@n.xbgr.xr84_u19.nr1[nsmm_rsh] = 2.357628299462090e-01
@n.xbgr.xr84_u19.nr1[nsmm_w] = 2.622234886632983e-01
@n.xbgr.xr84_u19.nr1[nsmm_l] = -2.34539067374536e+00
@n.xbgr.xr84_u20.nr1[nsmm_rsh] = -3.23260795264577e-01
@n.xbgr.xr84_u20.nr1[nsmm_w] = 2.350698820278415e-01
@n.xbgr.xr84_u20.nr1[nsmm_l] = 3.075050777098279e-01
@n.xbgr.xr84_u21.nr1[nsmm_rsh] = -2.71216069085489e-02
@n.xbgr.xr84_u21.nr1[nsmm_w] = 1.273643397417741e-01
@n.xbgr.xr84_u21.nr1[nsmm_l] = 7.211601501448469e-01
@n.xbgr.xr84_u22.nr1[nsmm_rsh] = 1.335541831360936e+00
@n.xbgr.xr84_u22.nr1[nsmm_w] = 4.467003350750599e-01
@n.xbgr.xr84_u22.nr1[nsmm_l] = 9.946867585589115e-01
@n.xbgr.xr84_u23.nr1[nsmm_rsh] = -2.16246781257114e+00
@n.xbgr.xr84_u23.nr1[nsmm_w] = -6.79949447146462e-01
@n.xbgr.xr84_u23.nr1[nsmm_l] = -1.27517440644733e-01
@n.xbgr.xr84_u24.nr1[nsmm_rsh] = -8.29201210880069e-01
@n.xbgr.xr84_u24.nr1[nsmm_w] = 1.632264641615478e+00
@n.xbgr.xr84_u24.nr1[nsmm_l] = -2.11976588180861e+00
@n.xbgr.xr85_u2.nr1[nsmm_rsh] = -7.56223460059979e-01
@n.xbgr.xr85_u2.nr1[nsmm_w] = -4.79848838311545e-01
@n.xbgr.xr85_u2.nr1[nsmm_l] = -1.00443106452874e-01
@n.xbgr.xr85_u3.nr1[nsmm_rsh] = 1.069671846188914e+00
@n.xbgr.xr85_u3.nr1[nsmm_w] = -1.27424545277271e+00
@n.xbgr.xr85_u3.nr1[nsmm_l] = -1.12073402284718e+00
@n.xbgr.xr85_u4.nr1[nsmm_rsh] = 8.278727863783109e-01
@n.xbgr.xr85_u4.nr1[nsmm_w] = 8.543751238269756e-01
@n.xbgr.xr85_u4.nr1[nsmm_l] = -1.01307825550953e+00
@n.xbgr.xr85_u5.nr1[nsmm_rsh] = 4.267999243987606e-01
@n.xbgr.xr85_u5.nr1[nsmm_w] = -8.10844759649277e-01
@n.xbgr.xr85_u5.nr1[nsmm_l] = 9.079027248606836e-01
@n.xbgr.xr85_u6.nr1[nsmm_rsh] = 6.382641861393962e-01
@n.xbgr.xr85_u6.nr1[nsmm_w] = 5.001572300080656e-01
@n.xbgr.xr85_u6.nr1[nsmm_l] = -6.05137481416754e-02
@n.xbgr.xr85_u7.nr1[nsmm_rsh] = -6.08169083889479e-02
@n.xbgr.xr85_u7.nr1[nsmm_w] = 1.497635376444647e-01
@n.xbgr.xr85_u7.nr1[nsmm_l] = 1.084367701863160e+00
@n.xbgr.xr85_u8.nr1[nsmm_rsh] = -9.87426462872417e-01
@n.xbgr.xr85_u8.nr1[nsmm_w] = -6.03473617929783e-01
@n.xbgr.xr85_u8.nr1[nsmm_l] = -3.59937069379741e-01
@n.xbgr.xr85_u9.nr1[nsmm_rsh] = -1.44381239760669e+00
@n.xbgr.xr85_u9.nr1[nsmm_w] = -6.40158920694134e-01
@n.xbgr.xr85_u9.nr1[nsmm_l] = -2.34972458378464e-01
@n.xbgr.xr85_u10.nr1[nsmm_rsh] = -1.07310068774626e+00
@n.xbgr.xr85_u10.nr1[nsmm_w] = 1.179984662925162e+00
@n.xbgr.xr85_u10.nr1[nsmm_l] = 1.485020992338305e+00
@n.xbgr.xr85_u11.nr1[nsmm_rsh] = -1.22069877531838e+00
@n.xbgr.xr85_u11.nr1[nsmm_w] = 9.002223396310697e-01
@n.xbgr.xr85_u11.nr1[nsmm_l] = -1.29164867663568e+00
@n.xbgr.xr85_u12.nr1[nsmm_rsh] = -1.88962269022847e+00
@n.xbgr.xr85_u12.nr1[nsmm_w] = 2.456054279941525e+00
@n.xbgr.xr85_u12.nr1[nsmm_l] = 9.414252640664992e-01
@n.xbgr.xr85_u13.nr1[nsmm_rsh] = -6.79301017511821e-02
@n.xbgr.xr85_u13.nr1[nsmm_w] = 1.379865060197773e+00
@n.xbgr.xr85_u13.nr1[nsmm_l] = 1.540500247047981e+00
@n.xbgr.xr85_u14.nr1[nsmm_rsh] = -5.28608918139192e-02
@n.xbgr.xr85_u14.nr1[nsmm_w] = 1.459586707358690e+00
@n.xbgr.xr85_u14.nr1[nsmm_l] = 5.900890130036142e-01
@n.xbgr.xr85_u15.nr1[nsmm_rsh] = -1.83054336481473e+00
@n.xbgr.xr85_u15.nr1[nsmm_w] = 1.235049569715568e+00
@n.xbgr.xr85_u15.nr1[nsmm_l] = 4.602306657924848e-02
@n.xbgr.xr85_u16.nr1[nsmm_rsh] = 4.121679576223085e-01
@n.xbgr.xr85_u16.nr1[nsmm_w] = -5.12193310721585e-01
@n.xbgr.xr85_u16.nr1[nsmm_l] = 1.228259340694908e-02
@n.xbgr.xr85_u17.nr1[nsmm_rsh] = 1.058458436234828e+00
@n.xbgr.xr85_u17.nr1[nsmm_w] = -1.18941278955328e+00
@n.xbgr.xr85_u17.nr1[nsmm_l] = -2.72297920974860e-02
@n.xbgr.xr85_u18.nr1[nsmm_rsh] = -7.67901391683081e-01
@n.xbgr.xr85_u18.nr1[nsmm_w] = 7.933864580842236e-01
@n.xbgr.xr85_u18.nr1[nsmm_l] = -8.09211843357906e-01
@n.xbgr.xr85_u19.nr1[nsmm_rsh] = 5.941591349136527e-01
@n.xbgr.xr85_u19.nr1[nsmm_w] = 2.011713129658556e+00
@n.xbgr.xr85_u19.nr1[nsmm_l] = 1.133042099500072e+00
@n.xbgr.xr85_u20.nr1[nsmm_rsh] = -1.17619038111531e+00
@n.xbgr.xr85_u20.nr1[nsmm_w] = 1.774720873960841e+00
@n.xbgr.xr85_u20.nr1[nsmm_l] = 2.488010138148698e-01
@n.xbgr.xr85_u21.nr1[nsmm_rsh] = -8.90894059989438e-01
@n.xbgr.xr85_u21.nr1[nsmm_w] = 1.738537079295407e+00
@n.xbgr.xr85_u21.nr1[nsmm_l] = 1.660289772099761e+00
@n.xbgr.xr85_u22.nr1[nsmm_rsh] = -2.24602869179183e+00
@n.xbgr.xr85_u22.nr1[nsmm_w] = -1.71804080764228e-01
@n.xbgr.xr85_u22.nr1[nsmm_l] = 2.142893389848695e+00
@n.xbgr.xr85_u23.nr1[nsmm_rsh] = 1.292846380667779e+00
@n.xbgr.xr85_u23.nr1[nsmm_w] = -4.68360804523251e-01
@n.xbgr.xr85_u23.nr1[nsmm_l] = 1.256497058939500e+00
@n.xbgr.xr85_u24.nr1[nsmm_rsh] = 2.336301746470279e-01
@n.xbgr.xr85_u24.nr1[nsmm_w] = -1.67599348566921e+00
@n.xbgr.xr85_u24.nr1[nsmm_l] = 5.007397890305708e-01
@n.xbgr.xr86_u2.nr1[nsmm_rsh] = 9.448198820803477e-02
@n.xbgr.xr86_u2.nr1[nsmm_w] = -1.29852040875598e+00
@n.xbgr.xr86_u2.nr1[nsmm_l] = -1.45334114248471e+00
@n.xbgr.xr86_u3.nr1[nsmm_rsh] = -1.08148823689119e+00
@n.xbgr.xr86_u3.nr1[nsmm_w] = -2.95580163598731e-01
@n.xbgr.xr86_u3.nr1[nsmm_l] = 5.793225911150999e-01
@n.xbgr.xr86_u4.nr1[nsmm_rsh] = -1.29828964703634e-01
@n.xbgr.xr86_u4.nr1[nsmm_w] = 9.589661959496748e-01
@n.xbgr.xr86_u4.nr1[nsmm_l] = -3.60513159540755e-01
@n.xbgr.xr86_u5.nr1[nsmm_rsh] = -7.65855319304293e-01
@n.xbgr.xr86_u5.nr1[nsmm_w] = -1.89346004849318e+00
@n.xbgr.xr86_u5.nr1[nsmm_l] = 1.282092860904229e+00
@n.xbgr.xr86_u6.nr1[nsmm_rsh] = 5.069686960646036e-01
@n.xbgr.xr86_u6.nr1[nsmm_w] = 2.012525530564376e+00
@n.xbgr.xr86_u6.nr1[nsmm_l] = -5.62823973366648e-01
@n.xbgr.xr86_u7.nr1[nsmm_rsh] = 2.702776634291351e-01
@n.xbgr.xr86_u7.nr1[nsmm_w] = 2.216215297721716e-01
@n.xbgr.xr86_u7.nr1[nsmm_l] = 1.816590390390565e-01
@n.xbgr.xr86_u8.nr1[nsmm_rsh] = -1.05694186257016e+00
@n.xbgr.xr86_u8.nr1[nsmm_w] = -1.55567961717962e+00
@n.xbgr.xr86_u8.nr1[nsmm_l] = 4.368703038746227e-01
@n.xbgr.xr86_u9.nr1[nsmm_rsh] = 7.071343468767526e-04
@n.xbgr.xr86_u9.nr1[nsmm_w] = -1.49006666596421e+00
@n.xbgr.xr86_u9.nr1[nsmm_l] = -1.32610981029266e+00
@n.xbgr.xr86_u10.nr1[nsmm_rsh] = -1.40083408612381e-02
@n.xbgr.xr86_u10.nr1[nsmm_w] = -2.01140169322929e-01
@n.xbgr.xr86_u10.nr1[nsmm_l] = 1.639018702034197e+00
@n.xbgr.xr86_u11.nr1[nsmm_rsh] = -1.32644711513007e+00
@n.xbgr.xr86_u11.nr1[nsmm_w] = -3.16700667297714e-01
@n.xbgr.xr86_u11.nr1[nsmm_l] = 1.681137892955406e-01
@n.xbgr.xr86_u12.nr1[nsmm_rsh] = 1.638655852081364e+00
@n.xbgr.xr86_u12.nr1[nsmm_w] = 3.887669024182693e-02
@n.xbgr.xr86_u12.nr1[nsmm_l] = 7.458133373201128e-01
@n.xbgr.xr86_u13.nr1[nsmm_rsh] = 4.550711695722340e-01
@n.xbgr.xr86_u13.nr1[nsmm_w] = 8.189560242199208e-01
@n.xbgr.xr86_u13.nr1[nsmm_l] = 2.772259578601403e-01
@n.xbgr.xr86_u14.nr1[nsmm_rsh] = 4.448354483699074e-01
@n.xbgr.xr86_u14.nr1[nsmm_w] = 6.740494305307119e-01
@n.xbgr.xr86_u14.nr1[nsmm_l] = -1.01981760497368e+00
@n.xbgr.xr86_u15.nr1[nsmm_rsh] = -2.20324603721140e-01
@n.xbgr.xr86_u15.nr1[nsmm_w] = -7.78770365090169e-01
@n.xbgr.xr86_u15.nr1[nsmm_l] = -2.11877182046752e+00
@n.xbgr.xr86_u16.nr1[nsmm_rsh] = -7.22811212214551e-01
@n.xbgr.xr86_u16.nr1[nsmm_w] = 8.230395682341212e-01
@n.xbgr.xr86_u16.nr1[nsmm_l] = 9.046445730312394e-01
@n.xbgr.xr86_u17.nr1[nsmm_rsh] = -1.30983709068617e-01
@n.xbgr.xr86_u17.nr1[nsmm_w] = -3.51443516286471e-01
@n.xbgr.xr86_u17.nr1[nsmm_l] = -1.53882627845794e+00
@n.xbgr.xr86_u18.nr1[nsmm_rsh] = 7.205603693418031e-01
@n.xbgr.xr86_u18.nr1[nsmm_w] = -6.07157424630843e-01
@n.xbgr.xr86_u18.nr1[nsmm_l] = 7.930638848691060e-01
@n.xbgr.xr86_u19.nr1[nsmm_rsh] = 2.008960762612143e-01
@n.xbgr.xr86_u19.nr1[nsmm_w] = 4.020111712458827e-01
@n.xbgr.xr86_u19.nr1[nsmm_l] = 1.361458945290051e+00
@n.xbgr.xr86_u20.nr1[nsmm_rsh] = -9.22249534257600e-01
@n.xbgr.xr86_u20.nr1[nsmm_w] = 1.510104816814756e+00
@n.xbgr.xr86_u20.nr1[nsmm_l] = 1.642143483010120e+00
@n.xbgr.xr86_u21.nr1[nsmm_rsh] = -3.16130436910007e-01
@n.xbgr.xr86_u21.nr1[nsmm_w] = 1.565724130274080e-01
@n.xbgr.xr86_u21.nr1[nsmm_l] = -1.33522692708233e+00
@n.xbgr.xr86_u22.nr1[nsmm_rsh] = 3.553809164190523e-01
@n.xbgr.xr86_u22.nr1[nsmm_w] = -2.73657708120613e-01
@n.xbgr.xr86_u22.nr1[nsmm_l] = 7.726057868028681e-02
@n.xbgr.xr86_u23.nr1[nsmm_rsh] = 1.056949853702932e+00
@n.xbgr.xr86_u23.nr1[nsmm_w] = 2.958188393074658e-01
@n.xbgr.xr86_u23.nr1[nsmm_l] = -2.80215112563027e-01
@n.xbgr.xr86_u24.nr1[nsmm_rsh] = 5.340184079030299e-01
@n.xbgr.xr86_u24.nr1[nsmm_w] = 1.051232559181085e+00
@n.xbgr.xr86_u24.nr1[nsmm_l] = 4.321544446590281e-01
P0_BGR_BEFORE_END
P0_T2F_BEFORE_BEGIN
@n.xt2f.xm1.nsg13_hv_nmos[w] = 4.002619164593583e-06
@n.xt2f.xm1.nsg13_hv_nmos[l] = 5.006107745955396e-07
@n.xt2f.xm1.nsg13_hv_nmos[delvto] = -6.57347442398350e-03
@n.xt2f.xm1.nsg13_hv_nmos[factuo] = 9.976956041188836e-01
@n.xt2f.xm2.nsg13_hv_nmos[w] = 4.000766540181350e-06
@n.xt2f.xm2.nsg13_hv_nmos[l] = 5.040313445665577e-07
@n.xt2f.xm2.nsg13_hv_nmos[delvto] = -1.55220713168389e-04
@n.xt2f.xm2.nsg13_hv_nmos[factuo] = 9.960945282578240e-01
@n.xt2f.xr3.nr1[nsmm_rsh] = 2.296226278419078e-01
@n.xt2f.xr3.nr1[nsmm_w] = 1.160293378729334e+00
@n.xt2f.xr3.nr1[nsmm_l] = -1.22034000314195e-01
@n.xt2f.xr4.nr1[nsmm_rsh] = -4.38901305576259e-01
@n.xt2f.xr4.nr1[nsmm_w] = -3.84304030722913e-01
@n.xt2f.xr4.nr1[nsmm_l] = 6.718118477261121e-01
@n.xt2f.xr5.nr1[nsmm_rsh] = -8.71016213839941e-01
@n.xt2f.xr5.nr1[nsmm_w] = 1.549179006719549e-01
@n.xt2f.xr5.nr1[nsmm_l] = -7.56040964408501e-02
@n.xt2f.xr6.nr1[nsmm_rsh] = -8.23395892527377e-01
@n.xt2f.xr6.nr1[nsmm_w] = 3.586569074639772e-01
@n.xt2f.xr6.nr1[nsmm_l] = 1.042877854226339e+00
@n.xt2f.xr7.nr1[nsmm_rsh] = 6.773787853895515e-01
@n.xt2f.xr7.nr1[nsmm_w] = -4.87869185039850e-01
@n.xt2f.xr7.nr1[nsmm_l] = 1.192863487980582e+00
@n.xt2f.xr8.nr1[nsmm_rsh] = -3.87593209017994e-01
@n.xt2f.xr8.nr1[nsmm_w] = -9.49409035382705e-01
@n.xt2f.xr8.nr1[nsmm_l] = -8.66513480765792e-01
@n.xt2f.xr9.nr1[nsmm_rsh] = -7.85242278696078e-01
@n.xt2f.xr9.nr1[nsmm_w] = -8.70698774933130e-01
@n.xt2f.xr9.nr1[nsmm_l] = -3.40354384903387e-01
@n.xt2f.xr10.nr1[nsmm_rsh] = -1.88768080677759e-01
@n.xt2f.xr10.nr1[nsmm_w] = 1.298775620613566e+00
@n.xt2f.xr10.nr1[nsmm_l] = 2.935475247499787e-01
@n.xt2f.xr11.nr1[nsmm_rsh] = -1.19887480649856e+00
@n.xt2f.xr11.nr1[nsmm_w] = -6.31105051347640e-01
@n.xt2f.xr11.nr1[nsmm_l] = 6.074838954206261e-01
@n.xt2f.xr12.nr1[nsmm_rsh] = -6.04445597267685e-01
@n.xt2f.xr12.nr1[nsmm_w] = 9.304414496118660e-03
@n.xt2f.xr12.nr1[nsmm_l] = -1.34730395837416e+00
@n.xt2f.xm13.nsg13_hv_nmos[w] = 3.997243964336720e-06
@n.xt2f.xm13.nsg13_hv_nmos[l] = 4.969803043726080e-07
@n.xt2f.xm13.nsg13_hv_nmos[delvto] = -2.07610975232513e-03
@n.xt2f.xm13.nsg13_hv_nmos[factuo] = 9.995156743645284e-01
@n.xt2f.xm14.nsg13_hv_nmos[w] = 4.000676682654200e-06
@n.xt2f.xm14.nsg13_hv_nmos[l] = 4.996483765820363e-07
@n.xt2f.xm14.nsg13_hv_nmos[delvto] = 5.776248266823962e-03
@n.xt2f.xm14.nsg13_hv_nmos[factuo] = 1.001414811661410e+00
@n.xt2f.xm15.nsg13_lv_pmos[w] = 9.999671546332353e-07
@n.xt2f.xm15.nsg13_lv_pmos[l] = 1.297934138759515e-07
@n.xt2f.xm15.nsg13_lv_pmos[delvto] = -1.55194076670404e-02
@n.xt2f.xm15.nsg13_lv_pmos[factuo] = 1.001377513923931e+00
@n.xt2f.xm16.nsg13_lv_nmos[w] = 4.986944320649591e-07
@n.xt2f.xm16.nsg13_lv_nmos[l] = 1.300979701179484e-07
@n.xt2f.xm16.nsg13_lv_nmos[delvto] = -1.84531976899696e-02
@n.xt2f.xm16.nsg13_lv_nmos[factuo] = 1.005757171013522e+00
@n.xt2f.xm17.nsg13_lv_nmos[w] = 1.000279146710013e-06
@n.xt2f.xm17.nsg13_lv_nmos[l] = 1.311265659796654e-07
@n.xt2f.xm17.nsg13_lv_nmos[delvto] = -3.94226595024893e-03
@n.xt2f.xm17.nsg13_lv_nmos[factuo] = 1.004420384893482e+00
@n.xt2f.xm18.nsg13_lv_pmos[w] = 5.007516889370650e-07
@n.xt2f.xm18.nsg13_lv_pmos[l] = 2.985247845706686e-07
@n.xt2f.xm18.nsg13_lv_pmos[delvto] = 3.542159850985557e-03
@n.xt2f.xm18.nsg13_lv_pmos[factuo] = 9.809876787841576e-01
@n.xt2f.xm19.nsg13_lv_pmos[w] = 5.029557002936328e-07
@n.xt2f.xm19.nsg13_lv_pmos[l] = 3.000290445331697e-07
@n.xt2f.xm19.nsg13_lv_pmos[delvto] = 7.805627445006112e-03
@n.xt2f.xm19.nsg13_lv_pmos[factuo] = 1.000419097081345e+00
@n.xt2f.xm20.nsg13_hv_pmos[w] = 2.001734500134519e-06
@n.xt2f.xm20.nsg13_hv_pmos[l] = 4.981148838958223e-07
@n.xt2f.xm20.nsg13_hv_pmos[delvto] = -1.30907934436267e-03
@n.xt2f.xm20.nsg13_hv_pmos[factuo] = 1.001352994569640e+00
@n.xt2f.xm21.nsg13_hv_pmos[w] = 2.001471719986249e-06
@n.xt2f.xm21.nsg13_hv_pmos[l] = 5.008298236531897e-07
@n.xt2f.xm21.nsg13_hv_pmos[delvto] = 4.958015108483270e-03
@n.xt2f.xm21.nsg13_hv_pmos[factuo] = 1.000939402801408e+00
@n.xt2f.xm22.nsg13_hv_pmos[w] = 2.004582626362501e-06
@n.xt2f.xm22.nsg13_hv_pmos[l] = 5.028264961028824e-07
@n.xt2f.xm22.nsg13_hv_pmos[delvto] = 3.797025324076947e-03
@n.xt2f.xm22.nsg13_hv_pmos[factuo] = 9.985961718057754e-01
@n.xt2f.xm23.nsg13_hv_nmos[w] = 3.003892090390761e-06
@n.xt2f.xm23.nsg13_hv_nmos[l] = 4.977782718980879e-07
@n.xt2f.xm23.nsg13_hv_nmos[delvto] = 7.320609350058803e-03
@n.xt2f.xm23.nsg13_hv_nmos[factuo] = 9.918501149708732e-01
@n.xt2f.xm24.nsg13_hv_nmos[w] = 3.001087228363061e-06
@n.xt2f.xm24.nsg13_hv_nmos[l] = 5.004735404635980e-07
@n.xt2f.xm24.nsg13_hv_nmos[delvto] = -7.66947254050900e-03
@n.xt2f.xm24.nsg13_hv_nmos[factuo] = 1.006996838452066e+00
@n.xt2f.xm25.nsg13_hv_nmos[w] = 2.998883506084322e-06
@n.xt2f.xm25.nsg13_hv_nmos[l] = 5.000334331141778e-07
@n.xt2f.xm25.nsg13_hv_nmos[delvto] = -1.71035453945526e-03
@n.xt2f.xm25.nsg13_hv_nmos[factuo] = 1.003546345686902e+00
@n.xt2f.xm26.nsg13_hv_pmos[w] = 1.999753676694179e-06
@n.xt2f.xm26.nsg13_hv_pmos[l] = 5.014375537674353e-07
@n.xt2f.xm26.nsg13_hv_pmos[delvto] = -3.27324116873866e-03
@n.xt2f.xm26.nsg13_hv_pmos[factuo] = 9.986781496873972e-01
@n.xt2f.xm27.nsg13_hv_pmos[w] = 2.003464374075114e-06
@n.xt2f.xm27.nsg13_hv_pmos[l] = 5.034626610871262e-07
@n.xt2f.xm27.nsg13_hv_pmos[delvto] = 1.003222843342157e-03
@n.xt2f.xm27.nsg13_hv_pmos[factuo] = 9.970825733205032e-01
@n.xt2f.xm28.nsg13_hv_pmos[w] = 1.997629538557430e-06
@n.xt2f.xm28.nsg13_hv_pmos[l] = 5.035448224896488e-07
@n.xt2f.xm28.nsg13_hv_pmos[delvto] = -7.95646045138763e-03
@n.xt2f.xm28.nsg13_hv_pmos[factuo] = 1.001398666472447e+00
@n.xt2f.xm29.nsg13_hv_pmos[w] = 2.000864167843535e-06
@n.xt2f.xm29.nsg13_hv_pmos[l] = 5.045920657020753e-07
@n.xt2f.xm29.nsg13_hv_pmos[delvto] = 5.756477100037499e-03
@n.xt2f.xm29.nsg13_hv_pmos[factuo] = 9.982061839542744e-01
@n.xt2f.xm30.nsg13_hv_pmos[w] = 1.993322139174392e-06
@n.xt2f.xm30.nsg13_hv_pmos[l] = 5.021596105307308e-07
@n.xt2f.xm30.nsg13_hv_pmos[delvto] = -2.04071834029858e-04
@n.xt2f.xm30.nsg13_hv_pmos[factuo] = 1.004131181534278e+00
@n.xt2f.xm31.nsg13_hv_pmos[w] = 1.999323660311465e-06
@n.xt2f.xm31.nsg13_hv_pmos[l] = 4.974467186917759e-07
@n.xt2f.xm31.nsg13_hv_pmos[delvto] = 7.964244433185686e-03
@n.xt2f.xm31.nsg13_hv_pmos[factuo] = 9.980855134560583e-01
@n.xt2f.xm32.nsg13_hv_pmos[w] = 4.004645605995988e-06
@n.xt2f.xm32.nsg13_hv_pmos[l] = 5.029560232141283e-07
@n.xt2f.xm32.nsg13_hv_pmos[delvto] = -1.89820720536925e-03
@n.xt2f.xm32.nsg13_hv_pmos[factuo] = 9.967637431091664e-01
@n.xt2f.xm33.nsg13_hv_pmos[w] = 3.993291257029968e-06
@n.xt2f.xm33.nsg13_hv_pmos[l] = 5.012854084273022e-07
@n.xt2f.xm33.nsg13_hv_pmos[delvto] = -8.14882195032353e-04
@n.xt2f.xm33.nsg13_hv_pmos[factuo] = 1.001857477345844e+00
@n.xt2f.xm34.nsg13_hv_pmos[w] = 4.003424894159541e-06
@n.xt2f.xm34.nsg13_hv_pmos[l] = 5.031287169268097e-07
@n.xt2f.xm34.nsg13_hv_pmos[delvto] = 1.320893711994996e-03
@n.xt2f.xm34.nsg13_hv_pmos[factuo] = 9.999974323967313e-01
@n.xt2f.xm35.nsg13_hv_pmos[w] = 4.000723980023298e-06
@n.xt2f.xm35.nsg13_hv_pmos[l] = 5.060183023802235e-07
@n.xt2f.xm35.nsg13_hv_pmos[delvto] = -4.09529710072875e-03
@n.xt2f.xm35.nsg13_hv_pmos[factuo] = 9.987630453531300e-01
@n.xt2f.xm36.nsg13_hv_nmos[w] = 9.998965480883931e-06
@n.xt2f.xm36.nsg13_hv_nmos[l] = 2.002574930547442e-06
@n.xt2f.xm36.nsg13_hv_nmos[delvto] = 5.507053786157195e-04
@n.xt2f.xm36.nsg13_hv_nmos[factuo] = 1.001129312520582e+00
@n.xt2f.xm37.nsg13_hv_nmos[w] = 1.000301160041769e-05
@n.xt2f.xm37.nsg13_hv_nmos[l] = 2.000509020217159e-06
@n.xt2f.xm37.nsg13_hv_nmos[delvto] = 3.176775839913618e-04
@n.xt2f.xm37.nsg13_hv_nmos[factuo] = 9.993600708623244e-01
@n.xt2f.xm38.nsg13_hv_nmos[w] = 9.994010846532746e-06
@n.xt2f.xm38.nsg13_hv_nmos[l] = 1.999648455906336e-06
@n.xt2f.xm38.nsg13_hv_nmos[delvto] = -1.68481258076439e-03
@n.xt2f.xm38.nsg13_hv_nmos[factuo] = 1.001457846838726e+00
@n.xt2f.xm39.nsg13_hv_nmos[w] = 1.000379859631190e-05
@n.xt2f.xm39.nsg13_hv_nmos[l] = 1.997865022400708e-06
@n.xt2f.xm39.nsg13_hv_nmos[delvto] = 1.935813115828215e-03
@n.xt2f.xm39.nsg13_hv_nmos[factuo] = 1.000553811019878e+00
@q.xt2f.xq40.qnpn13g2[area] = 1.023387355819672e+00
@q.xt2f.xq41.qnpn13g2[area] = 9.968497807497430e-01
@q.xt2f.xq42.qnpn13g2[area] = 1.097651594291873e+00
@q.xt2f.xq43.qnpn13g2[area] = 1.154558905723518e+00
@q.xt2f.xq44.qnpn13g2[area] = 1.031443246398611e+00
@q.xt2f.xq45.qnpn13g2[area] = 9.851751122745026e-01
@n.xt2f.xm46.nsg13_hv_pmos[w] = 4.004005084127908e-06
@n.xt2f.xm46.nsg13_hv_pmos[l] = 1.001726451994408e-06
@n.xt2f.xm46.nsg13_hv_pmos[delvto] = -3.42768467995006e-03
@n.xt2f.xm46.nsg13_hv_pmos[factuo] = 1.003805216508934e+00
@n.xt2f.xm47.nsg13_hv_pmos[w] = 4.004241986878190e-06
@n.xt2f.xm47.nsg13_hv_pmos[l] = 9.982742986258184e-07
@n.xt2f.xm47.nsg13_hv_pmos[delvto] = 3.171555635144431e-03
@n.xt2f.xm47.nsg13_hv_pmos[factuo] = 9.996742938942360e-01
@n.xt2f.xm48.nsg13_hv_pmos[w] = 3.999664229789750e-06
@n.xt2f.xm48.nsg13_hv_pmos[l] = 9.985768790410080e-07
@n.xt2f.xm48.nsg13_hv_pmos[delvto] = -8.92185318088816e-04
@n.xt2f.xm48.nsg13_hv_pmos[factuo] = 9.991062167258740e-01
@n.xt2f.xm49.nsg13_hv_pmos[w] = 3.999248906104276e-06
@n.xt2f.xm49.nsg13_hv_pmos[l] = 1.001820608034614e-06
@n.xt2f.xm49.nsg13_hv_pmos[delvto] = 6.052055749564181e-04
@n.xt2f.xm49.nsg13_hv_pmos[factuo] = 9.969120678197588e-01
@n.xt2f.xm50.nsg13_hv_nmos[w] = 4.996724346340606e-07
@n.xt2f.xm50.nsg13_hv_nmos[l] = 2.000264463235542e-06
@n.xt2f.xm50.nsg13_hv_nmos[delvto] = -5.29374286581951e-03
@n.xt2f.xm50.nsg13_hv_nmos[factuo] = 9.983200865323180e-01
@n.xt2f.xm51.nsg13_hv_nmos[w] = 4.981561858104588e-07
@n.xt2f.xm51.nsg13_hv_nmos[l] = 2.001770472104850e-06
@n.xt2f.xm51.nsg13_hv_nmos[delvto] = -1.58137521251782e-02
@n.xt2f.xm51.nsg13_hv_nmos[factuo] = 9.997454582190100e-01
@n.xt2f.xm52.nsg13_hv_nmos[w] = 4.952111888073241e-07
@n.xt2f.xm52.nsg13_hv_nmos[l] = 2.003782295516430e-06
@n.xt2f.xm52.nsg13_hv_nmos[delvto] = -1.33025962062375e-02
@n.xt2f.xm52.nsg13_hv_nmos[factuo] = 9.981228239554114e-01
@n.xt2f.xm53.nsg13_hv_nmos[w] = 5.027994196935961e-07
@n.xt2f.xm53.nsg13_hv_nmos[l] = 1.994883688250572e-06
@n.xt2f.xm53.nsg13_hv_nmos[delvto] = 1.818904122283254e-02
@n.xt2f.xm53.nsg13_hv_nmos[factuo] = 9.971344225041546e-01
@n.xt2f.xm54.nsg13_hv_nmos[w] = 2.000827742186333e-06
@n.xt2f.xm54.nsg13_hv_nmos[l] = 9.938166294094000e-07
@n.xt2f.xm54.nsg13_hv_nmos[delvto] = -8.49916255249867e-05
@n.xt2f.xm54.nsg13_hv_nmos[factuo] = 9.994823693935866e-01
@n.xt2f.xm55.nsg13_hv_nmos[w] = 2.002016062274229e-06
@n.xt2f.xm55.nsg13_hv_nmos[l] = 9.998317337004905e-07
@n.xt2f.xm55.nsg13_hv_nmos[delvto] = -2.41956664696449e-03
@n.xt2f.xm55.nsg13_hv_nmos[factuo] = 1.000666755319042e+00
@n.xt2f.xm56.nsg13_hv_nmos[w] = 1.994013054510246e-06
@n.xt2f.xm56.nsg13_hv_nmos[l] = 9.982193029044016e-07
@n.xt2f.xm56.nsg13_hv_nmos[delvto] = -2.70182768997893e-03
@n.xt2f.xm56.nsg13_hv_nmos[factuo] = 9.959192801243180e-01
@n.xt2f.xm57.nsg13_hv_nmos[w] = 2.000480162551725e-06
@n.xt2f.xm57.nsg13_hv_nmos[l] = 9.979305075191328e-07
@n.xt2f.xm57.nsg13_hv_nmos[delvto] = 2.251470192152648e-03
@n.xt2f.xm57.nsg13_hv_nmos[factuo] = 9.967005830952208e-01
@n.xt2f.xm58.nsg13_hv_nmos[w] = 2.000652671961280e-06
@n.xt2f.xm58.nsg13_hv_nmos[l] = 9.985500403067732e-07
@n.xt2f.xm58.nsg13_hv_nmos[delvto] = 2.212035514687854e-03
@n.xt2f.xm58.nsg13_hv_nmos[factuo] = 9.999210434414360e-01
@n.xt2f.xm59.nsg13_hv_nmos[w] = 2.002215077321975e-06
@n.xt2f.xm59.nsg13_hv_nmos[l] = 1.002185637244048e-06
@n.xt2f.xm59.nsg13_hv_nmos[delvto] = -1.05936491292988e-02
@n.xt2f.xm59.nsg13_hv_nmos[factuo] = 9.977049795103128e-01
@n.xt2f.xm60.nsg13_hv_nmos[w] = 2.003460304112335e-06
@n.xt2f.xm60.nsg13_hv_nmos[l] = 9.956895608564497e-07
@n.xt2f.xm60.nsg13_hv_nmos[delvto] = -1.09061507269739e-02
@n.xt2f.xm60.nsg13_hv_nmos[factuo] = 9.944502523232572e-01
@n.xt2f.xm61.nsg13_hv_nmos[w] = 2.003148713605280e-06
@n.xt2f.xm61.nsg13_hv_nmos[l] = 1.003854509886003e-06
@n.xt2f.xm61.nsg13_hv_nmos[delvto] = 1.360073309299285e-04
@n.xt2f.xm61.nsg13_hv_nmos[factuo] = 1.003078509486832e+00
@n.xt2f.xm62.nsg13_hv_nmos[w] = 9.999224860444247e-06
@n.xt2f.xm62.nsg13_hv_nmos[l] = 1.998892118433943e-06
@n.xt2f.xm62.nsg13_hv_nmos[delvto] = 1.071982296621304e-03
@n.xt2f.xm62.nsg13_hv_nmos[factuo] = 1.000198509234960e+00
@n.xt2f.xm63.nsg13_hv_nmos[w] = 1.999399056504955e-06
@n.xt2f.xm63.nsg13_hv_nmos[l] = 5.053681051968808e-07
@n.xt2f.xm63.nsg13_hv_nmos[delvto] = 9.319385910315229e-03
@n.xt2f.xm63.nsg13_hv_nmos[factuo] = 1.000989016500790e+00
@n.xt2f.xm64.nsg13_hv_nmos[w] = 1.998248978618533e-06
@n.xt2f.xm64.nsg13_hv_nmos[l] = 5.019783753916276e-07
@n.xt2f.xm64.nsg13_hv_nmos[delvto] = 5.941328500443268e-03
@n.xt2f.xm64.nsg13_hv_nmos[factuo] = 9.984900915350656e-01
@n.xt2f.xm65.nsg13_hv_nmos[w] = 1.005596910835337e-06
@n.xt2f.xm65.nsg13_hv_nmos[l] = 4.997774943404240e-07
@n.xt2f.xm65.nsg13_hv_nmos[delvto] = -7.33754585786867e-03
@n.xt2f.xm65.nsg13_hv_nmos[factuo] = 9.906453743214931e-01
@n.xt2f.xm66.nsg13_hv_nmos[w] = 9.980940166125746e-07
@n.xt2f.xm66.nsg13_hv_nmos[l] = 4.981313532431483e-07
@n.xt2f.xm66.nsg13_hv_nmos[delvto] = -8.80863775925447e-03
@n.xt2f.xm66.nsg13_hv_nmos[factuo] = 9.991968002705431e-01
@n.xt2f.xm67.nsg13_hv_nmos[w] = 9.970817328259428e-07
@n.xt2f.xm67.nsg13_hv_nmos[l] = 4.995476861154540e-07
@n.xt2f.xm67.nsg13_hv_nmos[delvto] = -1.08906578278388e-02
@n.xt2f.xm67.nsg13_hv_nmos[factuo] = 9.996975945198232e-01
@n.xt2f.xm68.nsg13_hv_nmos[w] = 9.963825713309545e-07
@n.xt2f.xm68.nsg13_hv_nmos[l] = 5.057728665458556e-07
@n.xt2f.xm68.nsg13_hv_nmos[delvto] = -8.45149309338259e-03
@n.xt2f.xm68.nsg13_hv_nmos[factuo] = 1.002390326355655e+00
@n.xt2f.xm69.nsg13_hv_nmos[w] = 1.999245516534785e-06
@n.xt2f.xm69.nsg13_hv_nmos[l] = 5.056642508830920e-07
@n.xt2f.xm69.nsg13_hv_nmos[delvto] = -1.02322288305165e-02
@n.xt2f.xm69.nsg13_hv_nmos[factuo] = 9.988895272667232e-01
@n.xt2f.xm70.nsg13_hv_nmos[w] = 2.000257270224905e-06
@n.xt2f.xm70.nsg13_hv_nmos[l] = 4.991681529446764e-07
@n.xt2f.xm70.nsg13_hv_nmos[delvto] = 1.518323806140002e-02
@n.xt2f.xm70.nsg13_hv_nmos[factuo] = 9.988737027682728e-01
@n.xt2f.xm71.nsg13_hv_nmos[w] = 2.005771089100107e-06
@n.xt2f.xm71.nsg13_hv_nmos[l] = 5.001046131553438e-07
@n.xt2f.xm71.nsg13_hv_nmos[delvto] = -3.24661157832154e-03
@n.xt2f.xm71.nsg13_hv_nmos[factuo] = 9.945253259951178e-01
@n.xt2f.xm72.nsg13_hv_nmos[w] = 1.999630230259753e-06
@n.xt2f.xm72.nsg13_hv_nmos[l] = 4.940818611686264e-07
@n.xt2f.xm72.nsg13_hv_nmos[delvto] = 2.902742123533598e-03
@n.xt2f.xm72.nsg13_hv_nmos[factuo] = 1.008098081007477e+00
@n.xt2f.xm73.nsg13_hv_nmos[w] = 1.998008015158938e-06
@n.xt2f.xm73.nsg13_hv_nmos[l] = 5.009248956402083e-07
@n.xt2f.xm73.nsg13_hv_nmos[delvto] = 8.226898216777193e-03
@n.xt2f.xm73.nsg13_hv_nmos[factuo] = 9.921717735060199e-01
@n.xt2f.xm74.nsg13_hv_nmos[w] = 1.998581550089923e-06
@n.xt2f.xm74.nsg13_hv_nmos[l] = 4.980501191946492e-07
@n.xt2f.xm74.nsg13_hv_nmos[delvto] = 3.773255394725789e-03
@n.xt2f.xm74.nsg13_hv_nmos[factuo] = 9.946731005602952e-01
@n.xt2f.xm75.nsg13_hv_nmos[w] = 2.000261541633239e-06
@n.xt2f.xm75.nsg13_hv_nmos[l] = 5.023721207057981e-07
@n.xt2f.xm75.nsg13_hv_nmos[delvto] = -1.34611402870963e-02
@n.xt2f.xm75.nsg13_hv_nmos[factuo] = 1.003355632029745e+00
@n.xt2f.xm76.nsg13_hv_nmos[w] = 2.000594576695186e-06
@n.xt2f.xm76.nsg13_hv_nmos[l] = 5.036673135372446e-07
@n.xt2f.xm76.nsg13_hv_nmos[delvto] = 9.839275089438869e-03
@n.xt2f.xm76.nsg13_hv_nmos[factuo] = 9.946361296835020e-01
@n.xt2f.xm77.nsg13_hv_pmos[w] = 1.997042050131542e-06
@n.xt2f.xm77.nsg13_hv_pmos[l] = 5.021550457262517e-07
@n.xt2f.xm77.nsg13_hv_pmos[delvto] = 4.836152483349864e-03
@n.xt2f.xm77.nsg13_hv_pmos[factuo] = 9.992298128026754e-01
@n.xt2f.xm78.nsg13_hv_pmos[w] = 2.003778247122288e-06
@n.xt2f.xm78.nsg13_hv_pmos[l] = 5.000689294351257e-07
@n.xt2f.xm78.nsg13_hv_pmos[delvto] = -1.60188599933759e-03
@n.xt2f.xm78.nsg13_hv_pmos[factuo] = 1.000035756634776e+00
@n.xt2f.xm79.nsg13_hv_pmos[w] = 1.994412098359043e-06
@n.xt2f.xm79.nsg13_hv_pmos[l] = 5.026146833761550e-07
@n.xt2f.xm79.nsg13_hv_pmos[delvto] = 2.042226537337627e-03
@n.xt2f.xm79.nsg13_hv_pmos[factuo] = 1.002327257697585e+00
@n.xt2f.xm80.nsg13_hv_pmos[w] = 1.999752785657655e-06
@n.xt2f.xm80.nsg13_hv_pmos[l] = 5.007643846935000e-07
@n.xt2f.xm80.nsg13_hv_pmos[delvto] = -2.29371259113692e-03
@n.xt2f.xm80.nsg13_hv_pmos[factuo] = 1.001271762626651e+00
@n.xt2f.xm81.nsg13_hv_pmos[w] = 9.995470163630483e-06
@n.xt2f.xm81.nsg13_hv_pmos[l] = 3.999592735059475e-06
@n.xt2f.xm81.nsg13_hv_pmos[delvto] = -1.26986825199009e-04
@n.xt2f.xm81.nsg13_hv_pmos[factuo] = 1.000106497751881e+00
@n.xt2f.xm82.nsg13_hv_pmos[w] = 9.997546177309737e-06
@n.xt2f.xm82.nsg13_hv_pmos[l] = 3.999161290889904e-06
@n.xt2f.xm82.nsg13_hv_pmos[delvto] = -4.49325302584900e-04
@n.xt2f.xm82.nsg13_hv_pmos[factuo] = 9.992602013813610e-01
@n.xt2f.xm83.nsg13_hv_pmos[w] = 9.999993459526084e-06
@n.xt2f.xm83.nsg13_hv_pmos[l] = 4.006718426277127e-06
@n.xt2f.xm83.nsg13_hv_pmos[delvto] = -9.41322977196268e-04
@n.xt2f.xm83.nsg13_hv_pmos[factuo] = 9.998547873683402e-01
@n.xt2f.xm84.nsg13_hv_pmos[w] = 9.998858932736153e-06
@n.xt2f.xm84.nsg13_hv_pmos[l] = 4.002021090145472e-06
@n.xt2f.xm84.nsg13_hv_pmos[delvto] = -2.81689251089351e-04
@n.xt2f.xm84.nsg13_hv_pmos[factuo] = 9.985466467248776e-01
@n.xt2f.xm85.nsg13_hv_pmos[w] = 1.997747284901410e-06
@n.xt2f.xm85.nsg13_hv_pmos[l] = 2.001032595028191e-06
@n.xt2f.xm85.nsg13_hv_pmos[delvto] = -4.05387681211342e-03
@n.xt2f.xm85.nsg13_hv_pmos[factuo] = 9.976563695353460e-01
@n.xt2f.xm86.nsg13_hv_pmos[w] = 9.993502815786821e-06
@n.xt2f.xm86.nsg13_hv_pmos[l] = 4.003144814713584e-06
@n.xt2f.xm86.nsg13_hv_pmos[delvto] = 5.066911197883487e-04
@n.xt2f.xm86.nsg13_hv_pmos[factuo] = 9.997508680797140e-01
@n.xt2f.xm87.nsg13_hv_pmos[w] = 9.997419298071128e-06
@n.xt2f.xm87.nsg13_hv_pmos[l] = 3.998999647457279e-06
@n.xt2f.xm87.nsg13_hv_pmos[delvto] = -4.33904340868368e-04
@n.xt2f.xm87.nsg13_hv_pmos[factuo] = 9.999176061955047e-01
@n.xt2f.xm88.nsg13_hv_pmos[w] = 9.999445207971963e-06
@n.xt2f.xm88.nsg13_hv_pmos[l] = 4.001060115700304e-06
@n.xt2f.xm88.nsg13_hv_pmos[delvto] = -7.44496790235282e-04
@n.xt2f.xm88.nsg13_hv_pmos[factuo] = 1.000807010163545e+00
@n.xt2f.xm89.nsg13_hv_pmos[w] = 1.000433393196783e-05
@n.xt2f.xm89.nsg13_hv_pmos[l] = 3.993689473475571e-06
@n.xt2f.xm89.nsg13_hv_pmos[delvto] = -9.63666500446193e-04
@n.xt2f.xm89.nsg13_hv_pmos[factuo] = 9.997471498105324e-01
@n.xt2f.xm90.nsg13_hv_pmos[w] = 1.000024516060858e-05
@n.xt2f.xm90.nsg13_hv_pmos[l] = 3.998478320011575e-06
@n.xt2f.xm90.nsg13_hv_pmos[delvto] = 7.263313153623118e-04
@n.xt2f.xm90.nsg13_hv_pmos[factuo] = 1.000935284804671e+00
@n.xt2f.xm91.nsg13_lv_pmos[w] = 1.992641376494568e-06
@n.xt2f.xm91.nsg13_lv_pmos[l] = 1.311086680354031e-07
@n.xt2f.xm91.nsg13_lv_pmos[delvto] = -6.44772883264780e-04
@n.xt2f.xm91.nsg13_lv_pmos[factuo] = 9.941454332064068e-01
@c.xt2f.xc1.c1[scale] = 1.000208653806886e+00
@c.xt2f.xc2.c1[scale] = 9.999375746766483e-01
P0_T2F_BEFORE_END
Doing analysis at TEMP = 125.000000 and TNOM = 27.000000

Using SPARSE 1.3 as Direct Linear Solver
OSDI(debug) n.xbgr.xr84_u15.nr1: WARNING: V(i1,c) voltage is greater than specified by vmax
OSDI(debug) n.xbgr.xr84_u15.nr1: WARNING: V(i2,c) voltage is greater than specified by vmax
OSDI(debug) n.xbgr.xr84_u14.nr1: WARNING: V(i1,c) voltage is greater than specified by vmax
OSDI(debug) n.xbgr.xr84_u14.nr1: WARNING: V(i2,c) voltage is greater than specified by vmax
OSDI(debug) n.xbgr.xr84_u13.nr1: WARNING: V(i1,c) voltage is greater than specified by vmax
OSDI(debug) n.xbgr.xr84_u13.nr1: WARNING: V(i2,c) voltage is greater than specified by vmax
OSDI(debug) n.xbgr.xr84_u12.nr1: WARNING: V(i1,c) voltage is greater than specified by vmax
OSDI(debug) n.xbgr.xr84_u12.nr1: WARNING: V(i2,c) voltage is greater than specified by vmax
OSDI(debug) n.xbgr.xr84_u11.nr1: WARNING: V(i1,c) voltage is greater than specified by vmax
OSDI(debug) n.xbgr.xr84_u11.nr1: WARNING: V(i2,c) voltage is greater than specified by vmax
OSDI(debug) n.xbgr.xr84_u10.nr1: WARNING: V(i1,c) voltage is greater than specified by vmax
OSDI(debug) n.xbgr.xr84_u10.nr1: WARNING: V(i2,c) voltage is greater than specified by vmax
OSDI(debug) n.xbgr.xr84_u9.nr1: WARNING: V(i1,c) voltage is greater than specified by vmax
OSDI(debug) n.xbgr.xr84_u9.nr1: WARNING: V(i2,c) voltage is greater than specified by vmax
OSDI(debug) n.xbgr.xr84_u8.nr1: WARNING: V(i1,c) voltage is greater than specified by vmax
OSDI(debug) n.xbgr.xr84_u8.nr1: WARNING: V(i2,c) voltage is greater than specified by vmax
OSDI(debug) n.xbgr.xr84_u7.nr1: WARNING: V(i1,c) voltage is greater than specified by vmax
OSDI(debug) n.xbgr.xr84_u7.nr1: WARNING: V(i2,c) voltage is greater than specified by vmax
OSDI(debug) n.xbgr.xr84_u6.nr1: WARNING: V(i1,c) voltage is greater than specified by vmax
OSDI(debug) n.xbgr.xr84_u6.nr1: WARNING: V(i2,c) voltage is greater than specified by vmax
OSDI(debug) n.xbgr.xr84_u5.nr1: WARNING: V(i1,c) voltage is greater than specified by vmax
OSDI(debug) n.xbgr.xr84_u5.nr1: WARNING: V(i2,c) voltage is greater than specified by vmax
OSDI(debug) n.xbgr.xr84_u4.nr1: WARNING: V(i1,c) voltage is greater than specified by vmax
OSDI(debug) n.xbgr.xr84_u4.nr1: WARNING: V(i2,c) voltage is greater than specified by vmax
OSDI(debug) n.xbgr.xr84_u3.nr1: WARNING: V(i1,c) voltage is greater than specified by vmax
OSDI(debug) n.xbgr.xr84_u3.nr1: WARNING: V(i2,c) voltage is greater than specified by vmax
OSDI(debug) n.xbgr.xr84_u2.nr1: WARNING: V(i1,c) voltage is greater than specified by vmax
OSDI(debug) n.xbgr.xr84_u2.nr1: WARNING: V(i2,c) voltage is greater than specified by vmax
OSDI(debug) n.xbgr.xr83_u24.nr1: WARNING: V(i1,c) voltage is greater than specified by vmax
OSDI(debug) n.xbgr.xr83_u24.nr1: WARNING: V(i2,c) voltage is greater than specified by vmax
OSDI(debug) n.xbgr.xr83_u23.nr1: WARNING: V(i1,c) voltage is greater than specified by vmax
OSDI(debug) n.xbgr.xr83_u23.nr1: WARNING: V(i2,c) voltage is greater than specified by vmax
OSDI(debug) n.xbgr.xr83_u22.nr1: WARNING: V(i1,c) voltage is greater than specified by vmax
OSDI(debug) n.xbgr.xr83_u22.nr1: WARNING: V(i2,c) voltage is greater than specified by vmax
OSDI(debug) n.xbgr.xr83_u21.nr1: WARNING: V(i1,c) voltage is greater than specified by vmax
OSDI(debug) n.xbgr.xr83_u21.nr1: WARNING: V(i2,c) voltage is greater than specified by vmax
OSDI(debug) n.xbgr.xr83_u20.nr1: WARNING: V(i1,c) voltage is greater than specified by vmax
OSDI(debug) n.xbgr.xr83_u20.nr1: WARNING: V(i2,c) voltage is greater than specified by vmax
OSDI(debug) n.xbgr.xr83_u19.nr1: WARNING: V(i1,c) voltage is greater than specified by vmax
OSDI(debug) n.xbgr.xr83_u19.nr1: WARNING: V(i2,c) voltage is greater than specified by vmax
OSDI(debug) n.xbgr.xr83_u18.nr1: WARNING: V(i1,c) voltage is greater than specified by vmax
OSDI(debug) n.xbgr.xr83_u18.nr1: WARNING: V(i2,c) voltage is greater than specified by vmax
OSDI(debug) n.xbgr.xr83_u17.nr1: WARNING: V(i1,c) voltage is greater than specified by vmax
OSDI(debug) n.xbgr.xr83_u17.nr1: WARNING: V(i2,c) voltage is greater than specified by vmax
OSDI(debug) n.xbgr.xr83_u16.nr1: WARNING: V(i1,c) voltage is greater than specified by vmax
OSDI(debug) n.xbgr.xr83_u16.nr1: WARNING: V(i2,c) voltage is greater than specified by vmax
OSDI(debug) n.xbgr.xr83_u15.nr1: WARNING: V(i1,c) voltage is greater than specified by vmax
OSDI(debug) n.xbgr.xr83_u15.nr1: WARNING: V(i2,c) voltage is greater than specified by vmax
OSDI(debug) n.xbgr.xr83_u14.nr1: WARNING: V(i1,c) voltage is greater than specified by vmax
OSDI(debug) n.xbgr.xr83_u14.nr1: WARNING: V(i2,c) voltage is greater than specified by vmax
OSDI(debug) n.xbgr.xr83_u13.nr1: WARNING: V(i1,c) voltage is greater than specified by vmax
OSDI(debug) n.xbgr.xr83_u13.nr1: WARNING: V(i2,c) voltage is greater than specified by vmax
OSDI(debug) n.xbgr.xr83_u12.nr1: WARNING: V(i1,c) voltage is greater than specified by vmax
OSDI(debug) n.xbgr.xr83_u12.nr1: WARNING: V(i2,c) voltage is greater than specified by vmax
OSDI(debug) n.xbgr.xr83_u11.nr1: WARNING: V(i1,c) voltage is greater than specified by vmax
OSDI(debug) n.xbgr.xr83_u11.nr1: WARNING: V(i2,c) voltage is greater than specified by vmax
OSDI(debug) n.xbgr.xr83_u10.nr1: WARNING: V(i1,c) voltage is greater than specified by vmax
OSDI(debug) n.xbgr.xr83_u10.nr1: WARNING: V(i2,c) voltage is greater than specified by vmax
OSDI(debug) n.xbgr.xr83_u9.nr1: WARNING: V(i1,c) voltage is greater than specified by vmax
OSDI(debug) n.xbgr.xr83_u9.nr1: WARNING: V(i2,c) voltage is greater than specified by vmax
OSDI(debug) n.xbgr.xr83_u8.nr1: WARNING: V(i1,c) voltage is greater than specified by vmax
OSDI(debug) n.xbgr.xr83_u8.nr1: WARNING: V(i2,c) voltage is greater than specified by vmax
OSDI(debug) n.xbgr.xr83_u7.nr1: WARNING: V(i1,c) voltage is greater than specified by vmax
OSDI(debug) n.xbgr.xr83_u7.nr1: WARNING: V(i2,c) voltage is greater than specified by vmax
OSDI(debug) n.xbgr.xr83_u6.nr1: WARNING: V(i1,c) voltage is greater than specified by vmax
OSDI(debug) n.xbgr.xr83_u6.nr1: WARNING: V(i2,c) voltage is greater than specified by vmax
OSDI(debug) n.xbgr.xr83_u5.nr1: WARNING: V(i1,c) voltage is greater than specified by vmax
OSDI(debug) n.xbgr.xr83_u5.nr1: WARNING: V(i2,c) voltage is greater than specified by vmax
OSDI(debug) n.xbgr.xr83_u4.nr1: WARNING: V(i1,c) voltage is greater than specified by vmax
OSDI(debug) n.xbgr.xr83_u4.nr1: WARNING: V(i2,c) voltage is greater than specified by vmax
OSDI(debug) n.xbgr.xr83_u3.nr1: WARNING: V(i1,c) voltage is greater than specified by vmax
OSDI(debug) n.xbgr.xr83_u3.nr1: WARNING: V(i2,c) voltage is greater than specified by vmax
OSDI(debug) n.xbgr.xr83_u2.nr1: WARNING: V(i1,c) voltage is greater than specified by vmax
OSDI(debug) n.xbgr.xr83_u2.nr1: WARNING: V(i2,c) voltage is greater than specified by vmax
OSDI(debug) n.xbgr.xr82_u24.nr1: WARNING: V(i1,c) voltage is greater than specified by vmax
OSDI(debug) n.xbgr.xr82_u24.nr1: WARNING: V(i2,c) voltage is greater than specified by vmax
OSDI(debug) n.xbgr.xr82_u23.nr1: WARNING: V(i1,c) voltage is greater than specified by vmax
OSDI(debug) n.xbgr.xr82_u23.nr1: WARNING: V(i2,c) voltage is greater than specified by vmax
OSDI(debug) n.xbgr.xr82_u22.nr1: WARNING: V(i1,c) voltage is greater than specified by vmax
OSDI(debug) n.xbgr.xr82_u22.nr1: WARNING: V(i2,c) voltage is greater than specified by vmax
OSDI(debug) n.xbgr.xr82_u21.nr1: WARNING: V(i1,c) voltage is greater than specified by vmax
OSDI(debug) n.xbgr.xr82_u21.nr1: WARNING: V(i2,c) voltage is greater than specified by vmax
OSDI(debug) n.xbgr.xr82_u20.nr1: WARNING: V(i1,c) voltage is greater than specified by vmax
OSDI(debug) n.xbgr.xr82_u20.nr1: WARNING: V(i2,c) voltage is greater than specified by vmax
OSDI(debug) n.xbgr.xr82_u19.nr1: WARNING: V(i1,c) voltage is greater than specified by vmax
OSDI(debug) n.xbgr.xr82_u19.nr1: WARNING: V(i2,c) voltage is greater than specified by vmax
OSDI(debug) n.xbgr.xr82_u18.nr1: WARNING: V(i1,c) voltage is greater than specified by vmax
OSDI(debug) n.xbgr.xr82_u18.nr1: WARNING: V(i2,c) voltage is greater than specified by vmax
OSDI(debug) n.xbgr.xr82_u17.nr1: WARNING: V(i1,c) voltage is greater than specified by vmax
OSDI(debug) n.xbgr.xr82_u17.nr1: WARNING: V(i2,c) voltage is greater than specified by vmax
OSDI(debug) n.xbgr.xr82_u16.nr1: WARNING: V(i1,c) voltage is greater than specified by vmax
OSDI(debug) n.xbgr.xr82_u16.nr1: WARNING: V(i2,c) voltage is greater than specified by vmax
OSDI(debug) n.xbgr.xr82_u15.nr1: WARNING: V(i1,c) voltage is greater than specified by vmax
OSDI(debug) n.xbgr.xr82_u15.nr1: WARNING: V(i2,c) voltage is greater than specified by vmax
OSDI(debug) n.xbgr.xr82_u14.nr1: WARNING: V(i1,c) voltage is greater than specified by vmax
OSDI(debug) n.xbgr.xr82_u14.nr1: WARNING: V(i2,c) voltage is greater than specified by vmax
OSDI(debug) n.xbgr.xr82_u13.nr1: WARNING: V(i1,c) voltage is greater than specified by vmax
OSDI(debug) n.xbgr.xr82_u13.nr1: WARNING: V(i2,c) voltage is greater than specified by vmax
OSDI(debug) n.xbgr.xr82_u12.nr1: WARNING: V(i1,c) voltage is greater than specified by vmax
OSDI(debug) n.xbgr.xr82_u12.nr1: WARNING: V(i2,c) voltage is greater than specified by vmax
OSDI(debug) n.xbgr.xr82_u11.nr1: WARNING: V(i1,c) voltage is greater than specified by vmax
OSDI(debug) n.xbgr.xr82_u11.nr1: WARNING: V(i2,c) voltage is greater than specified by vmax
OSDI(debug) n.xbgr.xr82_u10.nr1: WARNING: V(i1,c) voltage is greater than specified by vmax
OSDI(debug) n.xbgr.xr82_u10.nr1: WARNING: V(i2,c) voltage is greater than specified by vmax
OSDI(debug) n.xbgr.xr82_u9.nr1: WARNING: V(i1,c) voltage is greater than specified by vmax
OSDI(debug) n.xbgr.xr82_u9.nr1: WARNING: V(i2,c) voltage is greater than specified by vmax
OSDI(debug) n.xbgr.xr82_u8.nr1: WARNING: V(i1,c) voltage is greater than specified by vmax
OSDI(debug) n.xbgr.xr82_u8.nr1: WARNING: V(i2,c) voltage is greater than specified by vmax
OSDI(debug) n.xbgr.xr82_u7.nr1: WARNING: V(i1,c) voltage is greater than specified by vmax
OSDI(debug) n.xbgr.xr82_u7.nr1: WARNING: V(i2,c) voltage is greater than specified by vmax
OSDI(debug) n.xbgr.xr82_u6.nr1: WARNING: V(i1,c) voltage is greater than specified by vmax
OSDI(debug) n.xbgr.xr82_u6.nr1: WARNING: V(i2,c) voltage is greater than specified by vmax
OSDI(debug) n.xbgr.xr82_u5.nr1: WARNING: V(i1,c) voltage is greater than specified by vmax
OSDI(debug) n.xbgr.xr82_u5.nr1: WARNING: V(i2,c) voltage is greater than specified by vmax
OSDI(debug) n.xbgr.xr82_u4.nr1: WARNING: V(i1,c) voltage is greater than specified by vmax
OSDI(debug) n.xbgr.xr82_u4.nr1: WARNING: V(i2,c) voltage is greater than specified by vmax
OSDI(debug) n.xbgr.xr82_u3.nr1: WARNING: V(i1,c) voltage is greater than specified by vmax
OSDI(debug) n.xbgr.xr82_u3.nr1: WARNING: V(i2,c) voltage is greater than specified by vmax
OSDI(debug) n.xbgr.xr82_u2.nr1: WARNING: V(i1,c) voltage is greater than specified by vmax
OSDI(debug) n.xbgr.xr82_u2.nr1: WARNING: V(i2,c) voltage is greater than specified by vmax
OSDI(debug) n.xbgr.xr81_u24.nr1: WARNING: V(i1,c) voltage is greater than specified by vmax
OSDI(debug) n.xbgr.xr81_u24.nr1: WARNING: V(i2,c) voltage is greater than specified by vmax
OSDI(debug) n.xbgr.xr81_u23.nr1: WARNING: V(i1,c) voltage is greater than specified by vmax
OSDI(debug) n.xbgr.xr81_u23.nr1: WARNING: V(i2,c) voltage is greater than specified by vmax
OSDI(debug) n.xbgr.xr81_u22.nr1: WARNING: V(i1,c) voltage is greater than specified by vmax
OSDI(debug) n.xbgr.xr81_u22.nr1: WARNING: V(i2,c) voltage is greater than specified by vmax
OSDI(debug) n.xbgr.xr81_u21.nr1: WARNING: V(i1,c) voltage is greater than specified by vmax
OSDI(debug) n.xbgr.xr81_u21.nr1: WARNING: V(i2,c) voltage is greater than specified by vmax
OSDI(debug) n.xbgr.xr81_u20.nr1: WARNING: V(i1,c) voltage is greater than specified by vmax
OSDI(debug) n.xbgr.xr81_u20.nr1: WARNING: V(i2,c) voltage is greater than specified by vmax
OSDI(debug) n.xbgr.xr81_u19.nr1: WARNING: V(i1,c) voltage is greater than specified by vmax
OSDI(debug) n.xbgr.xr81_u19.nr1: WARNING: V(i2,c) voltage is greater than specified by vmax
OSDI(debug) n.xbgr.xr81_u18.nr1: WARNING: V(i1,c) voltage is greater than specified by vmax
OSDI(debug) n.xbgr.xr81_u18.nr1: WARNING: V(i2,c) voltage is greater than specified by vmax
OSDI(debug) n.xbgr.xr81_u17.nr1: WARNING: V(i1,c) voltage is greater than specified by vmax
OSDI(debug) n.xbgr.xr81_u17.nr1: WARNING: V(i2,c) voltage is greater than specified by vmax
OSDI(debug) n.xbgr.xr81_u16.nr1: WARNING: V(i1,c) voltage is greater than specified by vmax
OSDI(debug) n.xbgr.xr81_u16.nr1: WARNING: V(i2,c) voltage is greater than specified by vmax
OSDI(debug) n.xbgr.xr81_u15.nr1: WARNING: V(i1,c) voltage is greater than specified by vmax
OSDI(debug) n.xbgr.xr81_u15.nr1: WARNING: V(i2,c) voltage is greater than specified by vmax
OSDI(debug) n.xbgr.xr81_u14.nr1: WARNING: V(i1,c) voltage is greater than specified by vmax
OSDI(debug) n.xbgr.xr81_u14.nr1: WARNING: V(i2,c) voltage is greater than specified by vmax
OSDI(debug) n.xbgr.xr81_u13.nr1: WARNING: V(i1,c) voltage is greater than specified by vmax
OSDI(debug) n.xbgr.xr81_u13.nr1: WARNING: V(i2,c) voltage is greater than specified by vmax
OSDI(debug) n.xbgr.xr81_u12.nr1: WARNING: V(i1,c) voltage is greater than specified by vmax
OSDI(debug) n.xbgr.xr81_u12.nr1: WARNING: V(i2,c) voltage is greater than specified by vmax
OSDI(debug) n.xbgr.xr81_u11.nr1: WARNING: V(i1,c) voltage is greater than specified by vmax
OSDI(debug) n.xbgr.xr81_u11.nr1: WARNING: V(i2,c) voltage is greater than specified by vmax
OSDI(debug) n.xbgr.xr81_u10.nr1: WARNING: V(i1,c) voltage is greater than specified by vmax
OSDI(debug) n.xbgr.xr81_u10.nr1: WARNING: V(i2,c) voltage is greater than specified by vmax
OSDI(debug) n.xbgr.xr81_u9.nr1: WARNING: V(i1,c) voltage is greater than specified by vmax
OSDI(debug) n.xbgr.xr81_u9.nr1: WARNING: V(i2,c) voltage is greater than specified by vmax
OSDI(debug) n.xbgr.xr81_u8.nr1: WARNING: V(i1,c) voltage is greater than specified by vmax
OSDI(debug) n.xbgr.xr81_u8.nr1: WARNING: V(i2,c) voltage is greater than specified by vmax
OSDI(debug) n.xbgr.xr81_u7.nr1: WARNING: V(i1,c) voltage is greater than specified by vmax
OSDI(debug) n.xbgr.xr81_u7.nr1: WARNING: V(i2,c) voltage is greater than specified by vmax
OSDI(debug) n.xbgr.xr81_u6.nr1: WARNING: V(i1,c) voltage is greater than specified by vmax
OSDI(debug) n.xbgr.xr81_u6.nr1: WARNING: V(i2,c) voltage is greater than specified by vmax
OSDI(debug) n.xbgr.xr81_u5.nr1: WARNING: V(i1,c) voltage is greater than specified by vmax
OSDI(debug) n.xbgr.xr81_u5.nr1: WARNING: V(i2,c) voltage is greater than specified by vmax
OSDI(debug) n.xbgr.xr81_u4.nr1: WARNING: V(i1,c) voltage is greater than specified by vmax
OSDI(debug) n.xbgr.xr81_u4.nr1: WARNING: V(i2,c) voltage is greater than specified by vmax
OSDI(debug) n.xbgr.xr81_u3.nr1: WARNING: V(i1,c) voltage is greater than specified by vmax
OSDI(debug) n.xbgr.xr81_u3.nr1: WARNING: V(i2,c) voltage is greater than specified by vmax
OSDI(debug) n.xbgr.xr81_u2.nr1: WARNING: V(i1,c) voltage is greater than specified by vmax
OSDI(debug) n.xbgr.xr81_u2.nr1: WARNING: V(i2,c) voltage is greater than specified by vmax
OSDI(debug) n.xbgr.xr80_u24.nr1: WARNING: V(i1,c) voltage is greater than specified by vmax
OSDI(debug) n.xbgr.xr80_u24.nr1: WARNING: V(i2,c) voltage is greater than specified by vmax
OSDI(debug) n.xbgr.xr80_u23.nr1: WARNING: V(i1,c) voltage is greater than specified by vmax
OSDI(debug) n.xbgr.xr80_u23.nr1: WARNING: V(i2,c) voltage is greater than specified by vmax
OSDI(debug) n.xbgr.xr80_u22.nr1: WARNING: V(i1,c) voltage is greater than specified by vmax
OSDI(debug) n.xbgr.xr80_u22.nr1: WARNING: V(i2,c) voltage is greater than specified by vmax
OSDI(debug) n.xbgr.xr80_u21.nr1: WARNING: V(i1,c) voltage is greater than specified by vmax
OSDI(debug) n.xbgr.xr80_u21.nr1: WARNING: V(i2,c) voltage is greater than specified by vmax
OSDI(debug) n.xbgr.xr80_u20.nr1: WARNING: V(i1,c) voltage is greater than specified by vmax
OSDI(debug) n.xbgr.xr80_u20.nr1: WARNING: V(i2,c) voltage is greater than specified by vmax
OSDI(debug) n.xbgr.xr80_u19.nr1: WARNING: V(i1,c) voltage is greater than specified by vmax
OSDI(debug) n.xbgr.xr80_u19.nr1: WARNING: V(i2,c) voltage is greater than specified by vmax
OSDI(debug) n.xbgr.xr80_u18.nr1: WARNING: V(i1,c) voltage is greater than specified by vmax
OSDI(debug) n.xbgr.xr80_u18.nr1: WARNING: V(i2,c) voltage is greater than specified by vmax
OSDI(debug) n.xbgr.xr80_u17.nr1: WARNING: V(i1,c) voltage is greater than specified by vmax
OSDI(debug) n.xbgr.xr80_u17.nr1: WARNING: V(i2,c) voltage is greater than specified by vmax
OSDI(debug) n.xbgr.xr80_u16.nr1: WARNING: V(i1,c) voltage is greater than specified by vmax
OSDI(debug) n.xbgr.xr80_u16.nr1: WARNING: V(i2,c) voltage is greater than specified by vmax
OSDI(debug) n.xbgr.xr80_u15.nr1: WARNING: V(i1,c) voltage is greater than specified by vmax
OSDI(debug) n.xbgr.xr80_u15.nr1: WARNING: V(i2,c) voltage is greater than specified by vmax
OSDI(debug) n.xbgr.xr80_u14.nr1: WARNING: V(i1,c) voltage is greater than specified by vmax
OSDI(debug) n.xbgr.xr80_u14.nr1: WARNING: V(i2,c) voltage is greater than specified by vmax
OSDI(debug) n.xbgr.xr80_u13.nr1: WARNING: V(i1,c) voltage is greater than specified by vmax
OSDI(debug) n.xbgr.xr80_u13.nr1: WARNING: V(i2,c) voltage is greater than specified by vmax
OSDI(debug) n.xbgr.xr80_u12.nr1: WARNING: V(i1,c) voltage is greater than specified by vmax
OSDI(debug) n.xbgr.xr80_u12.nr1: WARNING: V(i2,c) voltage is greater than specified by vmax
OSDI(debug) n.xbgr.xr80_u11.nr1: WARNING: V(i1,c) voltage is greater than specified by vmax
OSDI(debug) n.xbgr.xr80_u11.nr1: WARNING: V(i2,c) voltage is greater than specified by vmax
OSDI(debug) n.xbgr.xr80_u10.nr1: WARNING: V(i1,c) voltage is greater than specified by vmax
OSDI(debug) n.xbgr.xr80_u10.nr1: WARNING: V(i2,c) voltage is greater than specified by vmax
OSDI(debug) n.xbgr.xr80_u9.nr1: WARNING: V(i1,c) voltage is greater than specified by vmax
OSDI(debug) n.xbgr.xr80_u9.nr1: WARNING: V(i2,c) voltage is greater than specified by vmax
OSDI(debug) n.xbgr.xr80_u8.nr1: WARNING: V(i1,c) voltage is greater than specified by vmax
OSDI(debug) n.xbgr.xr80_u8.nr1: WARNING: V(i2,c) voltage is greater than specified by vmax
OSDI(debug) n.xbgr.xr80_u7.nr1: WARNING: V(i1,c) voltage is greater than specified by vmax
OSDI(debug) n.xbgr.xr80_u7.nr1: WARNING: V(i2,c) voltage is greater than specified by vmax
OSDI(debug) n.xbgr.xr80_u6.nr1: WARNING: V(i1,c) voltage is greater than specified by vmax
OSDI(debug) n.xbgr.xr80_u6.nr1: WARNING: V(i2,c) voltage is greater than specified by vmax
OSDI(debug) n.xbgr.xr80_u5.nr1: WARNING: V(i1,c) voltage is greater than specified by vmax
OSDI(debug) n.xbgr.xr80_u5.nr1: WARNING: V(i2,c) voltage is greater than specified by vmax
OSDI(debug) n.xbgr.xr80_u4.nr1: WARNING: V(i1,c) voltage is greater than specified by vmax
OSDI(debug) n.xbgr.xr80_u4.nr1: WARNING: V(i2,c) voltage is greater than specified by vmax
OSDI(debug) n.xbgr.xr80_u3.nr1: WARNING: V(i1,c) voltage is greater than specified by vmax
OSDI(debug) n.xbgr.xr80_u3.nr1: WARNING: V(i2,c) voltage is greater than specified by vmax
OSDI(debug) n.xbgr.xr80_u2.nr1: WARNING: V(i1,c) voltage is greater than specified by vmax
OSDI(debug) n.xbgr.xr80_u2.nr1: WARNING: V(i2,c) voltage is greater than specified by vmax
OSDI(debug) n.xbgr.xr79_u24.nr1: WARNING: V(i1,c) voltage is greater than specified by vmax
OSDI(debug) n.xbgr.xr79_u24.nr1: WARNING: V(i2,c) voltage is greater than specified by vmax
OSDI(debug) n.xbgr.xr79_u23.nr1: WARNING: V(i1,c) voltage is greater than specified by vmax
OSDI(debug) n.xbgr.xr79_u23.nr1: WARNING: V(i2,c) voltage is greater than specified by vmax
OSDI(debug) n.xbgr.xr79_u22.nr1: WARNING: V(i1,c) voltage is greater than specified by vmax
OSDI(debug) n.xbgr.xr79_u22.nr1: WARNING: V(i2,c) voltage is greater than specified by vmax
OSDI(debug) n.xbgr.xr79_u21.nr1: WARNING: V(i1,c) voltage is greater than specified by vmax
OSDI(debug) n.xbgr.xr79_u21.nr1: WARNING: V(i2,c) voltage is greater than specified by vmax
OSDI(debug) n.xbgr.xr79_u20.nr1: WARNING: V(i1,c) voltage is greater than specified by vmax
OSDI(debug) n.xbgr.xr79_u20.nr1: WARNING: V(i2,c) voltage is greater than specified by vmax
OSDI(debug) n.xbgr.xr79_u19.nr1: WARNING: V(i1,c) voltage is greater than specified by vmax
OSDI(debug) n.xbgr.xr79_u19.nr1: WARNING: V(i2,c) voltage is greater than specified by vmax
OSDI(debug) n.xbgr.xr79_u18.nr1: WARNING: V(i1,c) voltage is greater than specified by vmax
OSDI(debug) n.xbgr.xr79_u18.nr1: WARNING: V(i2,c) voltage is greater than specified by vmax
OSDI(debug) n.xbgr.xr79_u17.nr1: WARNING: V(i1,c) voltage is greater than specified by vmax
OSDI(debug) n.xbgr.xr79_u17.nr1: WARNING: V(i2,c) voltage is greater than specified by vmax
OSDI(debug) n.xbgr.xr79_u16.nr1: WARNING: V(i1,c) voltage is greater than specified by vmax
OSDI(debug) n.xbgr.xr79_u16.nr1: WARNING: V(i2,c) voltage is greater than specified by vmax
OSDI(debug) n.xbgr.xr79_u15.nr1: WARNING: V(i1,c) voltage is greater than specified by vmax
OSDI(debug) n.xbgr.xr79_u15.nr1: WARNING: V(i2,c) voltage is greater than specified by vmax
OSDI(debug) n.xbgr.xr79_u14.nr1: WARNING: V(i1,c) voltage is greater than specified by vmax
OSDI(debug) n.xbgr.xr79_u14.nr1: WARNING: V(i2,c) voltage is greater than specified by vmax
OSDI(debug) n.xbgr.xr79_u13.nr1: WARNING: V(i1,c) voltage is greater than specified by vmax
OSDI(debug) n.xbgr.xr79_u13.nr1: WARNING: V(i2,c) voltage is greater than specified by vmax
OSDI(debug) n.xbgr.xr79_u12.nr1: WARNING: V(i1,c) voltage is greater than specified by vmax
OSDI(debug) n.xbgr.xr79_u12.nr1: WARNING: V(i2,c) voltage is greater than specified by vmax
OSDI(debug) n.xbgr.xr79_u11.nr1: WARNING: V(i1,c) voltage is greater than specified by vmax
OSDI(debug) n.xbgr.xr79_u11.nr1: WARNING: V(i2,c) voltage is greater than specified by vmax
OSDI(debug) n.xbgr.xr79_u10.nr1: WARNING: V(i1,c) voltage is greater than specified by vmax
OSDI(debug) n.xbgr.xr79_u10.nr1: WARNING: V(i2,c) voltage is greater than specified by vmax
OSDI(debug) n.xbgr.xr79_u9.nr1: WARNING: V(i1,c) voltage is greater than specified by vmax
OSDI(debug) n.xbgr.xr79_u9.nr1: WARNING: V(i2,c) voltage is greater than specified by vmax
OSDI(debug) n.xbgr.xr79_u8.nr1: WARNING: V(i1,c) voltage is greater than specified by vmax
OSDI(debug) n.xbgr.xr79_u8.nr1: WARNING: V(i2,c) voltage is greater than specified by vmax
OSDI(debug) n.xbgr.xr79_u7.nr1: WARNING: V(i1,c) voltage is greater than specified by vmax
OSDI(debug) n.xbgr.xr79_u7.nr1: WARNING: V(i2,c) voltage is greater than specified by vmax
OSDI(debug) n.xbgr.xr79_u6.nr1: WARNING: V(i1,c) voltage is greater than specified by vmax
OSDI(debug) n.xbgr.xr79_u6.nr1: WARNING: V(i2,c) voltage is greater than specified by vmax
OSDI(debug) n.xbgr.xr79_u5.nr1: WARNING: V(i1,c) voltage is greater than specified by vmax
OSDI(debug) n.xbgr.xr79_u5.nr1: WARNING: V(i2,c) voltage is greater than specified by vmax
OSDI(debug) n.xbgr.xr79_u4.nr1: WARNING: V(i1,c) voltage is greater than specified by vmax
OSDI(debug) n.xbgr.xr79_u4.nr1: WARNING: V(i2,c) voltage is greater than specified by vmax
OSDI(debug) n.xbgr.xr79_u3.nr1: WARNING: V(i1,c) voltage is greater than specified by vmax
OSDI(debug) n.xbgr.xr79_u3.nr1: WARNING: V(i2,c) voltage is greater than specified by vmax
OSDI(debug) n.xbgr.xr79_u2.nr1: WARNING: V(i1,c) voltage is greater than specified by vmax
OSDI(debug) n.xbgr.xr79_u2.nr1: WARNING: V(i2,c) voltage is greater than specified by vmax
OSDI(debug) n.xbgr.xr78_u24.nr1: WARNING: V(i1,c) voltage is greater than specified by vmax
OSDI(debug) n.xbgr.xr78_u24.nr1: WARNING: V(i2,c) voltage is greater than specified by vmax
OSDI(debug) n.xbgr.xr78_u23.nr1: WARNING: V(i1,c) voltage is greater than specified by vmax
OSDI(debug) n.xbgr.xr78_u23.nr1: WARNING: V(i2,c) voltage is greater than specified by vmax
OSDI(debug) n.xbgr.xr78_u22.nr1: WARNING: V(i1,c) voltage is greater than specified by vmax
OSDI(debug) n.xbgr.xr78_u22.nr1: WARNING: V(i2,c) voltage is greater than specified by vmax
OSDI(debug) n.xbgr.xr78_u21.nr1: WARNING: V(i1,c) voltage is greater than specified by vmax
OSDI(debug) n.xbgr.xr78_u21.nr1: WARNING: V(i2,c) voltage is greater than specified by vmax
OSDI(debug) n.xbgr.xr78_u20.nr1: WARNING: V(i1,c) voltage is greater than specified by vmax
OSDI(debug) n.xbgr.xr78_u20.nr1: WARNING: V(i2,c) voltage is greater than specified by vmax
OSDI(debug) n.xbgr.xr78_u19.nr1: WARNING: V(i1,c) voltage is greater than specified by vmax
OSDI(debug) n.xbgr.xr78_u19.nr1: WARNING: V(i2,c) voltage is greater than specified by vmax
OSDI(debug) n.xbgr.xr78_u18.nr1: WARNING: V(i1,c) voltage is greater than specified by vmax
OSDI(debug) n.xbgr.xr78_u18.nr1: WARNING: V(i2,c) voltage is greater than specified by vmax
OSDI(debug) n.xbgr.xr78_u17.nr1: WARNING: V(i1,c) voltage is greater than specified by vmax
OSDI(debug) n.xbgr.xr78_u17.nr1: WARNING: V(i2,c) voltage is greater than specified by vmax
OSDI(debug) n.xbgr.xr78_u16.nr1: WARNING: V(i1,c) voltage is greater than specified by vmax
OSDI(debug) n.xbgr.xr78_u16.nr1: WARNING: V(i2,c) voltage is greater than specified by vmax
OSDI(debug) n.xbgr.xr78_u15.nr1: WARNING: V(i1,c) voltage is greater than specified by vmax
OSDI(debug) n.xbgr.xr78_u15.nr1: WARNING: V(i2,c) voltage is greater than specified by vmax
OSDI(debug) n.xbgr.xr78_u14.nr1: WARNING: V(i1,c) voltage is greater than specified by vmax
OSDI(debug) n.xbgr.xr78_u14.nr1: WARNING: V(i2,c) voltage is greater than specified by vmax
OSDI(debug) n.xbgr.xr78_u13.nr1: WARNING: V(i1,c) voltage is greater than specified by vmax
OSDI(debug) n.xbgr.xr78_u13.nr1: WARNING: V(i2,c) voltage is greater than specified by vmax
OSDI(debug) n.xbgr.xr78_u12.nr1: WARNING: V(i1,c) voltage is greater than specified by vmax
OSDI(debug) n.xbgr.xr78_u12.nr1: WARNING: V(i2,c) voltage is greater than specified by vmax
OSDI(debug) n.xbgr.xr78_u11.nr1: WARNING: V(i1,c) voltage is greater than specified by vmax
OSDI(debug) n.xbgr.xr78_u11.nr1: WARNING: V(i2,c) voltage is greater than specified by vmax
OSDI(debug) n.xbgr.xr78_u10.nr1: WARNING: V(i1,c) voltage is greater than specified by vmax
OSDI(debug) n.xbgr.xr78_u10.nr1: WARNING: V(i2,c) voltage is greater than specified by vmax
OSDI(debug) n.xbgr.xr78_u9.nr1: WARNING: V(i1,c) voltage is greater than specified by vmax
OSDI(debug) n.xbgr.xr78_u9.nr1: WARNING: V(i2,c) voltage is greater than specified by vmax
OSDI(debug) n.xbgr.xr78_u8.nr1: WARNING: V(i1,c) voltage is greater than specified by vmax
OSDI(debug) n.xbgr.xr78_u8.nr1: WARNING: V(i2,c) voltage is greater than specified by vmax
OSDI(debug) n.xbgr.xr78_u7.nr1: WARNING: V(i1,c) voltage is greater than specified by vmax
OSDI(debug) n.xbgr.xr78_u7.nr1: WARNING: V(i2,c) voltage is greater than specified by vmax
OSDI(debug) n.xbgr.xr78_u6.nr1: WARNING: V(i1,c) voltage is greater than specified by vmax
OSDI(debug) n.xbgr.xr78_u6.nr1: WARNING: V(i2,c) voltage is greater than specified by vmax
OSDI(debug) n.xbgr.xr78_u5.nr1: WARNING: V(i1,c) voltage is greater than specified by vmax
OSDI(debug) n.xbgr.xr78_u5.nr1: WARNING: V(i2,c) voltage is greater than specified by vmax
OSDI(debug) n.xbgr.xr78_u4.nr1: WARNING: V(i1,c) voltage is greater than specified by vmax
OSDI(debug) n.xbgr.xr78_u4.nr1: WARNING: V(i2,c) voltage is greater than specified by vmax
OSDI(debug) n.xbgr.xr78_u3.nr1: WARNING: V(i1,c) voltage is greater than specified by vmax
OSDI(debug) n.xbgr.xr78_u3.nr1: WARNING: V(i2,c) voltage is greater than specified by vmax
OSDI(debug) n.xbgr.xr78_u2.nr1: WARNING: V(i1,c) voltage is greater than specified by vmax
OSDI(debug) n.xbgr.xr78_u2.nr1: WARNING: V(i2,c) voltage is greater than specified by vmax
OSDI(debug) n.xbgr.xr77_u24.nr1: WARNING: V(i1,c) voltage is greater than specified by vmax
OSDI(debug) n.xbgr.xr77_u24.nr1: WARNING: V(i2,c) voltage is greater than specified by vmax
OSDI(debug) n.xbgr.xr77_u23.nr1: WARNING: V(i1,c) voltage is greater than specified by vmax
OSDI(debug) n.xbgr.xr77_u23.nr1: WARNING: V(i2,c) voltage is greater than specified by vmax
OSDI(debug) n.xbgr.xr77_u22.nr1: WARNING: V(i1,c) voltage is greater than specified by vmax
OSDI(debug) n.xbgr.xr77_u22.nr1: WARNING: V(i2,c) voltage is greater than specified by vmax
OSDI(debug) n.xbgr.xr77_u21.nr1: WARNING: V(i1,c) voltage is greater than specified by vmax
OSDI(debug) n.xbgr.xr77_u21.nr1: WARNING: V(i2,c) voltage is greater than specified by vmax
OSDI(debug) n.xbgr.xr77_u20.nr1: WARNING: V(i1,c) voltage is greater than specified by vmax
OSDI(debug) n.xbgr.xr77_u20.nr1: WARNING: V(i2,c) voltage is greater than specified by vmax
OSDI(debug) n.xbgr.xr77_u19.nr1: WARNING: V(i1,c) voltage is greater than specified by vmax
OSDI(debug) n.xbgr.xr77_u19.nr1: WARNING: V(i2,c) voltage is greater than specified by vmax
OSDI(debug) n.xbgr.xr77_u18.nr1: WARNING: V(i1,c) voltage is greater than specified by vmax
OSDI(debug) n.xbgr.xr77_u18.nr1: WARNING: V(i2,c) voltage is greater than specified by vmax
OSDI(debug) n.xbgr.xr77_u17.nr1: WARNING: V(i1,c) voltage is greater than specified by vmax
OSDI(debug) n.xbgr.xr77_u17.nr1: WARNING: V(i2,c) voltage is greater than specified by vmax
OSDI(debug) n.xbgr.xr77_u16.nr1: WARNING: V(i1,c) voltage is greater than specified by vmax
OSDI(debug) n.xbgr.xr77_u16.nr1: WARNING: V(i2,c) voltage is greater than specified by vmax
OSDI(debug) n.xbgr.xr77_u15.nr1: WARNING: V(i1,c) voltage is greater than specified by vmax
OSDI(debug) n.xbgr.xr77_u15.nr1: WARNING: V(i2,c) voltage is greater than specified by vmax
OSDI(debug) n.xbgr.xr77_u14.nr1: WARNING: V(i1,c) voltage is greater than specified by vmax
OSDI(debug) n.xbgr.xr77_u14.nr1: WARNING: V(i2,c) voltage is greater than specified by vmax
OSDI(debug) n.xbgr.xr77_u13.nr1: WARNING: V(i1,c) voltage is greater than specified by vmax
OSDI(debug) n.xbgr.xr77_u13.nr1: WARNING: V(i2,c) voltage is greater than specified by vmax
OSDI(debug) n.xbgr.xr77_u12.nr1: WARNING: V(i1,c) voltage is greater than specified by vmax
OSDI(debug) n.xbgr.xr77_u12.nr1: WARNING: V(i2,c) voltage is greater than specified by vmax
OSDI(debug) n.xbgr.xr77_u11.nr1: WARNING: V(i1,c) voltage is greater than specified by vmax
OSDI(debug) n.xbgr.xr77_u11.nr1: WARNING: V(i2,c) voltage is greater than specified by vmax
OSDI(debug) n.xbgr.xr77_u10.nr1: WARNING: V(i1,c) voltage is greater than specified by vmax
OSDI(debug) n.xbgr.xr77_u10.nr1: WARNING: V(i2,c) voltage is greater than specified by vmax
OSDI(debug) n.xbgr.xr77_u9.nr1: WARNING: V(i1,c) voltage is greater than specified by vmax
OSDI(debug) n.xbgr.xr77_u9.nr1: WARNING: V(i2,c) voltage is greater than specified by vmax
OSDI(debug) n.xbgr.xr77_u8.nr1: WARNING: V(i1,c) voltage is greater than specified by vmax
OSDI(debug) n.xbgr.xr77_u8.nr1: WARNING: V(i2,c) voltage is greater than specified by vmax
OSDI(debug) n.xbgr.xr77_u7.nr1: WARNING: V(i1,c) voltage is greater than specified by vmax
OSDI(debug) n.xbgr.xr77_u7.nr1: WARNING: V(i2,c) voltage is greater than specified by vmax
OSDI(debug) n.xbgr.xr77_u6.nr1: WARNING: V(i1,c) voltage is greater than specified by vmax
OSDI(debug) n.xbgr.xr77_u6.nr1: WARNING: V(i2,c) voltage is greater than specified by vmax
OSDI(debug) n.xbgr.xr77_u5.nr1: WARNING: V(i1,c) voltage is greater than specified by vmax
OSDI(debug) n.xbgr.xr77_u5.nr1: WARNING: V(i2,c) voltage is greater than specified by vmax
OSDI(debug) n.xbgr.xr77_u4.nr1: WARNING: V(i1,c) voltage is greater than specified by vmax
OSDI(debug) n.xbgr.xr77_u4.nr1: WARNING: V(i2,c) voltage is greater than specified by vmax
OSDI(debug) n.xbgr.xr77_u3.nr1: WARNING: V(i1,c) voltage is greater than specified by vmax
OSDI(debug) n.xbgr.xr77_u3.nr1: WARNING: V(i2,c) voltage is greater than specified by vmax
OSDI(debug) n.xbgr.xr77_u2.nr1: WARNING: V(i1,c) voltage is greater than specified by vmax
OSDI(debug) n.xbgr.xr77_u2.nr1: WARNING: V(i2,c) voltage is greater than specified by vmax
OSDI(debug) n.xbgr.xr26_u24.nr1: WARNING: V(i1,c) voltage is greater than specified by vmax
OSDI(debug) n.xbgr.xr26_u24.nr1: WARNING: V(i2,c) voltage is greater than specified by vmax
OSDI(debug) n.xbgr.xr26_u23.nr1: WARNING: V(i1,c) voltage is greater than specified by vmax
OSDI(debug) n.xbgr.xr26_u23.nr1: WARNING: V(i2,c) voltage is greater than specified by vmax
OSDI(debug) n.xbgr.xr26_u22.nr1: WARNING: V(i1,c) voltage is greater than specified by vmax
OSDI(debug) n.xbgr.xr26_u22.nr1: WARNING: V(i2,c) voltage is greater than specified by vmax
OSDI(debug) n.xbgr.xr26_u21.nr1: WARNING: V(i1,c) voltage is greater than specified by vmax
OSDI(debug) n.xbgr.xr26_u21.nr1: WARNING: V(i2,c) voltage is greater than specified by vmax
OSDI(debug) n.xbgr.xr26_u20.nr1: WARNING: V(i1,c) voltage is greater than specified by vmax
OSDI(debug) n.xbgr.xr26_u20.nr1: WARNING: V(i2,c) voltage is greater than specified by vmax
OSDI(debug) n.xbgr.xr26_u19.nr1: WARNING: V(i1,c) voltage is greater than specified by vmax
OSDI(debug) n.xbgr.xr26_u19.nr1: WARNING: V(i2,c) voltage is greater than specified by vmax
OSDI(debug) n.xbgr.xr26_u18.nr1: WARNING: V(i1,c) voltage is greater than specified by vmax
OSDI(debug) n.xbgr.xr26_u18.nr1: WARNING: V(i2,c) voltage is greater than specified by vmax
OSDI(debug) n.xbgr.xr26_u17.nr1: WARNING: V(i1,c) voltage is greater than specified by vmax
OSDI(debug) n.xbgr.xr26_u17.nr1: WARNING: V(i2,c) voltage is greater than specified by vmax
OSDI(debug) n.xbgr.xr26_u16.nr1: WARNING: V(i1,c) voltage is greater than specified by vmax
OSDI(debug) n.xbgr.xr26_u16.nr1: WARNING: V(i2,c) voltage is greater than specified by vmax
OSDI(debug) n.xbgr.xr26_u15.nr1: WARNING: V(i1,c) voltage is greater than specified by vmax
OSDI(debug) n.xbgr.xr26_u15.nr1: WARNING: V(i2,c) voltage is greater than specified by vmax
OSDI(debug) n.xbgr.xr26_u14.nr1: WARNING: V(i1,c) voltage is greater than specified by vmax
OSDI(debug) n.xbgr.xr26_u14.nr1: WARNING: V(i2,c) voltage is greater than specified by vmax
OSDI(debug) n.xbgr.xr26_u13.nr1: WARNING: V(i1,c) voltage is greater than specified by vmax
OSDI(debug) n.xbgr.xr26_u13.nr1: WARNING: V(i2,c) voltage is greater than specified by vmax
OSDI(debug) n.xbgr.xr26_u12.nr1: WARNING: V(i1,c) voltage is greater than specified by vmax
OSDI(debug) n.xbgr.xr26_u12.nr1: WARNING: V(i2,c) voltage is greater than specified by vmax
OSDI(debug) n.xbgr.xr26_u11.nr1: WARNING: V(i1,c) voltage is greater than specified by vmax
OSDI(debug) n.xbgr.xr26_u11.nr1: WARNING: V(i2,c) voltage is greater than specified by vmax
OSDI(debug) n.xbgr.xr26_u10.nr1: WARNING: V(i1,c) voltage is greater than specified by vmax
OSDI(debug) n.xbgr.xr26_u10.nr1: WARNING: V(i2,c) voltage is greater than specified by vmax
OSDI(debug) n.xbgr.xr26_u9.nr1: WARNING: V(i1,c) voltage is greater than specified by vmax
OSDI(debug) n.xbgr.xr26_u9.nr1: WARNING: V(i2,c) voltage is greater than specified by vmax
OSDI(debug) n.xbgr.xr26_u8.nr1: WARNING: V(i1,c) voltage is greater than specified by vmax
OSDI(debug) n.xbgr.xr26_u8.nr1: WARNING: V(i2,c) voltage is greater than specified by vmax
OSDI(debug) n.xbgr.xr26_u7.nr1: WARNING: V(i1,c) voltage is greater than specified by vmax
OSDI(debug) n.xbgr.xr26_u7.nr1: WARNING: V(i2,c) voltage is greater than specified by vmax
OSDI(debug) n.xbgr.xr26_u6.nr1: WARNING: V(i1,c) voltage is greater than specified by vmax
OSDI(debug) n.xbgr.xr26_u6.nr1: WARNING: V(i2,c) voltage is greater than specified by vmax
OSDI(debug) n.xbgr.xr26_u5.nr1: WARNING: V(i1,c) voltage is greater than specified by vmax
OSDI(debug) n.xbgr.xr26_u5.nr1: WARNING: V(i2,c) voltage is greater than specified by vmax
OSDI(debug) n.xbgr.xr26_u4.nr1: WARNING: V(i1,c) voltage is greater than specified by vmax
OSDI(debug) n.xbgr.xr26_u4.nr1: WARNING: V(i2,c) voltage is greater than specified by vmax
OSDI(debug) n.xbgr.xr26_u3.nr1: WARNING: V(i1,c) voltage is greater than specified by vmax
OSDI(debug) n.xbgr.xr26_u3.nr1: WARNING: V(i2,c) voltage is greater than specified by vmax
OSDI(debug) n.xbgr.xr26_u2.nr1: WARNING: V(i1,c) voltage is greater than specified by vmax
OSDI(debug) n.xbgr.xr26_u2.nr1: WARNING: V(i2,c) voltage is greater than specified by vmax
OSDI(debug) n.xbgr.xr25_u24.nr1: WARNING: V(i1,c) voltage is greater than specified by vmax
OSDI(debug) n.xbgr.xr25_u24.nr1: WARNING: V(i2,c) voltage is greater than specified by vmax
OSDI(debug) n.xbgr.xr25_u23.nr1: WARNING: V(i1,c) voltage is greater than specified by vmax
OSDI(debug) n.xbgr.xr25_u23.nr1: WARNING: V(i2,c) voltage is greater than specified by vmax
OSDI(debug) n.xbgr.xr25_u22.nr1: WARNING: V(i1,c) voltage is greater than specified by vmax
OSDI(debug) n.xbgr.xr25_u22.nr1: WARNING: V(i2,c) voltage is greater than specified by vmax
OSDI(debug) n.xbgr.xr25_u21.nr1: WARNING: V(i1,c) voltage is greater than specified by vmax
OSDI(debug) n.xbgr.xr25_u21.nr1: WARNING: V(i2,c) voltage is greater than specified by vmax
OSDI(debug) n.xbgr.xr25_u20.nr1: WARNING: V(i1,c) voltage is greater than specified by vmax
OSDI(debug) n.xbgr.xr25_u20.nr1: WARNING: V(i2,c) voltage is greater than specified by vmax
OSDI(debug) n.xbgr.xr25_u19.nr1: WARNING: V(i1,c) voltage is greater than specified by vmax
OSDI(debug) n.xbgr.xr25_u19.nr1: WARNING: V(i2,c) voltage is greater than specified by vmax
OSDI(debug) n.xbgr.xr25_u18.nr1: WARNING: V(i1,c) voltage is greater than specified by vmax
OSDI(debug) n.xbgr.xr25_u18.nr1: WARNING: V(i2,c) voltage is greater than specified by vmax
OSDI(debug) n.xbgr.xr25_u17.nr1: WARNING: V(i1,c) voltage is greater than specified by vmax
OSDI(debug) n.xbgr.xr25_u17.nr1: WARNING: V(i2,c) voltage is greater than specified by vmax
OSDI(debug) n.xbgr.xr25_u16.nr1: WARNING: V(i1,c) voltage is greater than specified by vmax
OSDI(debug) n.xbgr.xr25_u16.nr1: WARNING: V(i2,c) voltage is greater than specified by vmax
OSDI(debug) n.xbgr.xr25_u15.nr1: WARNING: V(i1,c) voltage is greater than specified by vmax
OSDI(debug) n.xbgr.xr25_u15.nr1: WARNING: V(i2,c) voltage is greater than specified by vmax
OSDI(debug) n.xbgr.xr25_u14.nr1: WARNING: V(i1,c) voltage is greater than specified by vmax
OSDI(debug) n.xbgr.xr25_u14.nr1: WARNING: V(i2,c) voltage is greater than specified by vmax
OSDI(debug) n.xbgr.xr25_u13.nr1: WARNING: V(i1,c) voltage is greater than specified by vmax
OSDI(debug) n.xbgr.xr25_u13.nr1: WARNING: V(i2,c) voltage is greater than specified by vmax
OSDI(debug) n.xbgr.xr25_u12.nr1: WARNING: V(i1,c) voltage is greater than specified by vmax
OSDI(debug) n.xbgr.xr25_u12.nr1: WARNING: V(i2,c) voltage is greater than specified by vmax
OSDI(debug) n.xbgr.xr25_u11.nr1: WARNING: V(i1,c) voltage is greater than specified by vmax
OSDI(debug) n.xbgr.xr25_u11.nr1: WARNING: V(i2,c) voltage is greater than specified by vmax
OSDI(debug) n.xbgr.xr25_u10.nr1: WARNING: V(i1,c) voltage is greater than specified by vmax
OSDI(debug) n.xbgr.xr25_u10.nr1: WARNING: V(i2,c) voltage is greater than specified by vmax
OSDI(debug) n.xbgr.xr25_u9.nr1: WARNING: V(i1,c) voltage is greater than specified by vmax
OSDI(debug) n.xbgr.xr25_u9.nr1: WARNING: V(i2,c) voltage is greater than specified by vmax
OSDI(debug) n.xbgr.xr25_u8.nr1: WARNING: V(i1,c) voltage is greater than specified by vmax
OSDI(debug) n.xbgr.xr25_u8.nr1: WARNING: V(i2,c) voltage is greater than specified by vmax
OSDI(debug) n.xbgr.xr25_u7.nr1: WARNING: V(i1,c) voltage is greater than specified by vmax
OSDI(debug) n.xbgr.xr25_u7.nr1: WARNING: V(i2,c) voltage is greater than specified by vmax
OSDI(debug) n.xbgr.xr25_u6.nr1: WARNING: V(i1,c) voltage is greater than specified by vmax
OSDI(debug) n.xbgr.xr25_u6.nr1: WARNING: V(i2,c) voltage is greater than specified by vmax
OSDI(debug) n.xbgr.xr25_u5.nr1: WARNING: V(i1,c) voltage is greater than specified by vmax
OSDI(debug) n.xbgr.xr25_u5.nr1: WARNING: V(i2,c) voltage is greater than specified by vmax
OSDI(debug) n.xbgr.xr25_u4.nr1: WARNING: V(i1,c) voltage is greater than specified by vmax
OSDI(debug) n.xbgr.xr25_u4.nr1: WARNING: V(i2,c) voltage is greater than specified by vmax
OSDI(debug) n.xbgr.xr25_u3.nr1: WARNING: V(i1,c) voltage is greater than specified by vmax
OSDI(debug) n.xbgr.xr25_u3.nr1: WARNING: V(i2,c) voltage is greater than specified by vmax
OSDI(debug) n.xbgr.xr25_u2.nr1: WARNING: V(i1,c) voltage is greater than specified by vmax
OSDI(debug) n.xbgr.xr25_u2.nr1: WARNING: V(i2,c) voltage is greater than specified by vmax
OSDI(debug) n.xbgr.xr24_u24.nr1: WARNING: V(i1,c) voltage is greater than specified by vmax
OSDI(debug) n.xbgr.xr24_u24.nr1: WARNING: V(i2,c) voltage is greater than specified by vmax
OSDI(debug) n.xbgr.xr24_u23.nr1: WARNING: V(i1,c) voltage is greater than specified by vmax
OSDI(debug) n.xbgr.xr24_u23.nr1: WARNING: V(i2,c) voltage is greater than specified by vmax
OSDI(debug) n.xbgr.xr24_u22.nr1: WARNING: V(i1,c) voltage is greater than specified by vmax
OSDI(debug) n.xbgr.xr24_u22.nr1: WARNING: V(i2,c) voltage is greater than specified by vmax
OSDI(debug) n.xbgr.xr24_u21.nr1: WARNING: V(i1,c) voltage is greater than specified by vmax
OSDI(debug) n.xbgr.xr24_u21.nr1: WARNING: V(i2,c) voltage is greater than specified by vmax
OSDI(debug) n.xbgr.xr24_u20.nr1: WARNING: V(i1,c) voltage is greater than specified by vmax
OSDI(debug) n.xbgr.xr24_u20.nr1: WARNING: V(i2,c) voltage is greater than specified by vmax
OSDI(debug) n.xbgr.xr24_u19.nr1: WARNING: V(i1,c) voltage is greater than specified by vmax
OSDI(debug) n.xbgr.xr24_u19.nr1: WARNING: V(i2,c) voltage is greater than specified by vmax
OSDI(debug) n.xbgr.xr24_u18.nr1: WARNING: V(i1,c) voltage is greater than specified by vmax
OSDI(debug) n.xbgr.xr24_u18.nr1: WARNING: V(i2,c) voltage is greater than specified by vmax
OSDI(debug) n.xbgr.xr24_u17.nr1: WARNING: V(i1,c) voltage is greater than specified by vmax
OSDI(debug) n.xbgr.xr24_u17.nr1: WARNING: V(i2,c) voltage is greater than specified by vmax
OSDI(debug) n.xbgr.xr24_u16.nr1: WARNING: V(i1,c) voltage is greater than specified by vmax
OSDI(debug) n.xbgr.xr24_u16.nr1: WARNING: V(i2,c) voltage is greater than specified by vmax
OSDI(debug) n.xbgr.xr24_u15.nr1: WARNING: V(i1,c) voltage is greater than specified by vmax
OSDI(debug) n.xbgr.xr24_u15.nr1: WARNING: V(i2,c) voltage is greater than specified by vmax
OSDI(debug) n.xbgr.xr24_u14.nr1: WARNING: V(i1,c) voltage is greater than specified by vmax
OSDI(debug) n.xbgr.xr24_u14.nr1: WARNING: V(i2,c) voltage is greater than specified by vmax
OSDI(debug) n.xbgr.xr24_u13.nr1: WARNING: V(i1,c) voltage is greater than specified by vmax
OSDI(debug) n.xbgr.xr24_u13.nr1: WARNING: V(i2,c) voltage is greater than specified by vmax
OSDI(debug) n.xbgr.xr24_u12.nr1: WARNING: V(i1,c) voltage is greater than specified by vmax
OSDI(debug) n.xbgr.xr24_u12.nr1: WARNING: V(i2,c) voltage is greater than specified by vmax
OSDI(debug) n.xbgr.xr24_u11.nr1: WARNING: V(i1,c) voltage is greater than specified by vmax
OSDI(debug) n.xbgr.xr24_u11.nr1: WARNING: V(i2,c) voltage is greater than specified by vmax
OSDI(debug) n.xbgr.xr24_u10.nr1: WARNING: V(i1,c) voltage is greater than specified by vmax
OSDI(debug) n.xbgr.xr24_u10.nr1: WARNING: V(i2,c) voltage is greater than specified by vmax
OSDI(debug) n.xbgr.xr24_u9.nr1: WARNING: V(i1,c) voltage is greater than specified by vmax
OSDI(debug) n.xbgr.xr24_u9.nr1: WARNING: V(i2,c) voltage is greater than specified by vmax
OSDI(debug) n.xbgr.xr24_u8.nr1: WARNING: V(i1,c) voltage is greater than specified by vmax
OSDI(debug) n.xbgr.xr24_u8.nr1: WARNING: V(i2,c) voltage is greater than specified by vmax
OSDI(debug) n.xbgr.xr24_u7.nr1: WARNING: V(i1,c) voltage is greater than specified by vmax
OSDI(debug) n.xbgr.xr24_u7.nr1: WARNING: V(i2,c) voltage is greater than specified by vmax
OSDI(debug) n.xbgr.xr24_u6.nr1: WARNING: V(i1,c) voltage is greater than specified by vmax
OSDI(debug) n.xbgr.xr24_u6.nr1: WARNING: V(i2,c) voltage is greater than specified by vmax
OSDI(debug) n.xbgr.xr24_u5.nr1: WARNING: V(i1,c) voltage is greater than specified by vmax
OSDI(debug) n.xbgr.xr24_u5.nr1: WARNING: V(i2,c) voltage is greater than specified by vmax
OSDI(debug) n.xbgr.xr24_u4.nr1: WARNING: V(i1,c) voltage is greater than specified by vmax
OSDI(debug) n.xbgr.xr24_u4.nr1: WARNING: V(i2,c) voltage is greater than specified by vmax
OSDI(debug) n.xbgr.xr24_u3.nr1: WARNING: V(i1,c) voltage is greater than specified by vmax
OSDI(debug) n.xbgr.xr24_u3.nr1: WARNING: V(i2,c) voltage is greater than specified by vmax
OSDI(debug) n.xbgr.xr24_u2.nr1: WARNING: V(i1,c) voltage is greater than specified by vmax
OSDI(debug) n.xbgr.xr24_u2.nr1: WARNING: V(i2,c) voltage is greater than specified by vmax
OSDI(debug) n.xbgr.xr23_u24.nr1: WARNING: V(i1,c) voltage is greater than specified by vmax
OSDI(debug) n.xbgr.xr23_u24.nr1: WARNING: V(i2,c) voltage is greater than specified by vmax
OSDI(debug) n.xbgr.xr23_u23.nr1: WARNING: V(i1,c) voltage is greater than specified by vmax
OSDI(debug) n.xbgr.xr23_u23.nr1: WARNING: V(i2,c) voltage is greater than specified by vmax
OSDI(debug) n.xbgr.xr23_u22.nr1: WARNING: V(i1,c) voltage is greater than specified by vmax
OSDI(debug) n.xbgr.xr23_u22.nr1: WARNING: V(i2,c) voltage is greater than specified by vmax
OSDI(debug) n.xbgr.xr23_u21.nr1: WARNING: V(i1,c) voltage is greater than specified by vmax
OSDI(debug) n.xbgr.xr23_u21.nr1: WARNING: V(i2,c) voltage is greater than specified by vmax
OSDI(debug) n.xbgr.xr23_u20.nr1: WARNING: V(i1,c) voltage is greater than specified by vmax
OSDI(debug) n.xbgr.xr23_u20.nr1: WARNING: V(i2,c) voltage is greater than specified by vmax
OSDI(debug) n.xbgr.xr23_u19.nr1: WARNING: V(i1,c) voltage is greater than specified by vmax
OSDI(debug) n.xbgr.xr23_u19.nr1: WARNING: V(i2,c) voltage is greater than specified by vmax
OSDI(debug) n.xbgr.xr23_u18.nr1: WARNING: V(i1,c) voltage is greater than specified by vmax
OSDI(debug) n.xbgr.xr23_u18.nr1: WARNING: V(i2,c) voltage is greater than specified by vmax
OSDI(debug) n.xbgr.xr23_u17.nr1: WARNING: V(i1,c) voltage is greater than specified by vmax
OSDI(debug) n.xbgr.xr23_u17.nr1: WARNING: V(i2,c) voltage is greater than specified by vmax
OSDI(debug) n.xbgr.xr23_u16.nr1: WARNING: V(i1,c) voltage is greater than specified by vmax
OSDI(debug) n.xbgr.xr23_u16.nr1: WARNING: V(i2,c) voltage is greater than specified by vmax
OSDI(debug) n.xbgr.xr23_u15.nr1: WARNING: V(i1,c) voltage is greater than specified by vmax
OSDI(debug) n.xbgr.xr23_u15.nr1: WARNING: V(i2,c) voltage is greater than specified by vmax
OSDI(debug) n.xbgr.xr23_u14.nr1: WARNING: V(i1,c) voltage is greater than specified by vmax
OSDI(debug) n.xbgr.xr23_u14.nr1: WARNING: V(i2,c) voltage is greater than specified by vmax
OSDI(debug) n.xbgr.xr23_u13.nr1: WARNING: V(i1,c) voltage is greater than specified by vmax
OSDI(debug) n.xbgr.xr23_u13.nr1: WARNING: V(i2,c) voltage is greater than specified by vmax
OSDI(debug) n.xbgr.xr23_u12.nr1: WARNING: V(i1,c) voltage is greater than specified by vmax
OSDI(debug) n.xbgr.xr23_u12.nr1: WARNING: V(i2,c) voltage is greater than specified by vmax
OSDI(debug) n.xbgr.xr23_u11.nr1: WARNING: V(i1,c) voltage is greater than specified by vmax
OSDI(debug) n.xbgr.xr23_u11.nr1: WARNING: V(i2,c) voltage is greater than specified by vmax
OSDI(debug) n.xbgr.xr23_u10.nr1: WARNING: V(i1,c) voltage is greater than specified by vmax
OSDI(debug) n.xbgr.xr23_u10.nr1: WARNING: V(i2,c) voltage is greater than specified by vmax
OSDI(debug) n.xbgr.xr23_u9.nr1: WARNING: V(i1,c) voltage is greater than specified by vmax
OSDI(debug) n.xbgr.xr23_u9.nr1: WARNING: V(i2,c) voltage is greater than specified by vmax
OSDI(debug) n.xbgr.xr23_u8.nr1: WARNING: V(i1,c) voltage is greater than specified by vmax
OSDI(debug) n.xbgr.xr23_u8.nr1: WARNING: V(i2,c) voltage is greater than specified by vmax
OSDI(debug) n.xbgr.xr23_u7.nr1: WARNING: V(i1,c) voltage is greater than specified by vmax
OSDI(debug) n.xbgr.xr23_u7.nr1: WARNING: V(i2,c) voltage is greater than specified by vmax
OSDI(debug) n.xbgr.xr23_u6.nr1: WARNING: V(i1,c) voltage is greater than specified by vmax
OSDI(debug) n.xbgr.xr23_u6.nr1: WARNING: V(i2,c) voltage is greater than specified by vmax
OSDI(debug) n.xbgr.xr23_u5.nr1: WARNING: V(i1,c) voltage is greater than specified by vmax
OSDI(debug) n.xbgr.xr23_u5.nr1: WARNING: V(i2,c) voltage is greater than specified by vmax
OSDI(debug) n.xbgr.xr23_u4.nr1: WARNING: V(i1,c) voltage is greater than specified by vmax
OSDI(debug) n.xbgr.xr23_u4.nr1: WARNING: V(i2,c) voltage is greater than specified by vmax
OSDI(debug) n.xbgr.xr23_u3.nr1: WARNING: V(i1,c) voltage is greater than specified by vmax
OSDI(debug) n.xbgr.xr23_u3.nr1: WARNING: V(i2,c) voltage is greater than specified by vmax
OSDI(debug) n.xbgr.xr23_u2.nr1: WARNING: V(i1,c) voltage is greater than specified by vmax
OSDI(debug) n.xbgr.xr23_u2.nr1: WARNING: V(i2,c) voltage is greater than specified by vmax
OSDI(debug) n.xbgr.xr22_u4.nr1: WARNING: V(i1,c) voltage is greater than specified by vmax
OSDI(debug) n.xbgr.xr22_u3.nr1: WARNING: V(i1,c) voltage is greater than specified by vmax
OSDI(debug) n.xbgr.xr22_u2.nr1: WARNING: V(i1,c) voltage is greater than specified by vmax
OSDI(debug) n.xbgr.xr21_u4.nr1: WARNING: V(i1,c) voltage is greater than specified by vmax
OSDI(debug) n.xbgr.xr21_u4.nr1: WARNING: V(i2,c) voltage is greater than specified by vmax
OSDI(debug) n.xbgr.xr21_u3.nr1: WARNING: V(i1,c) voltage is greater than specified by vmax
OSDI(debug) n.xbgr.xr21_u3.nr1: WARNING: V(i2,c) voltage is greater than specified by vmax
OSDI(debug) n.xbgr.xr21_u2.nr1: WARNING: V(i1,c) voltage is greater than specified by vmax
OSDI(debug) n.xbgr.xr21_u2.nr1: WARNING: V(i2,c) voltage is greater than specified by vmax
OSDI(debug) n.xbgr.xr20_u4.nr1: WARNING: V(i1,c) voltage is greater than specified by vmax
OSDI(debug) n.xbgr.xr20_u4.nr1: WARNING: V(i2,c) voltage is greater than specified by vmax
OSDI(debug) n.xbgr.xr20_u3.nr1: WARNING: V(i1,c) voltage is greater than specified by vmax
OSDI(debug) n.xbgr.xr20_u3.nr1: WARNING: V(i2,c) voltage is greater than specified by vmax
OSDI(debug) n.xbgr.xr20_u2.nr1: WARNING: V(i1,c) voltage is greater than specified by vmax
OSDI(debug) n.xbgr.xr20_u2.nr1: WARNING: V(i2,c) voltage is greater than specified by vmax
OSDI(debug) n.xbgr.xr19_u4.nr1: WARNING: V(i1,c) voltage is greater than specified by vmax
OSDI(debug) n.xbgr.xr19_u4.nr1: WARNING: V(i2,c) voltage is greater than specified by vmax
OSDI(debug) n.xbgr.xr19_u3.nr1: WARNING: V(i1,c) voltage is greater than specified by vmax
OSDI(debug) n.xbgr.xr19_u3.nr1: WARNING: V(i2,c) voltage is greater than specified by vmax
OSDI(debug) n.xbgr.xr19_u2.nr1: WARNING: V(i1,c) voltage is greater than specified by vmax
OSDI(debug) n.xbgr.xr19_u2.nr1: WARNING: V(i2,c) voltage is greater than specified by vmax
OSDI(debug) n.xbgr.xr18_u4.nr1: WARNING: V(i1,c) voltage is greater than specified by vmax
OSDI(debug) n.xbgr.xr18_u4.nr1: WARNING: V(i2,c) voltage is greater than specified by vmax
OSDI(debug) n.xbgr.xr18_u3.nr1: WARNING: V(i1,c) voltage is greater than specified by vmax
OSDI(debug) n.xbgr.xr18_u3.nr1: WARNING: V(i2,c) voltage is greater than specified by vmax
OSDI(debug) n.xbgr.xr18_u2.nr1: WARNING: V(i1,c) voltage is greater than specified by vmax
OSDI(debug) n.xbgr.xr18_u2.nr1: WARNING: V(i2,c) voltage is greater than specified by vmax
OSDI(debug) n.xbgr.xr17_u4.nr1: WARNING: V(i1,c) voltage is greater than specified by vmax
OSDI(debug) n.xbgr.xr17_u4.nr1: WARNING: V(i2,c) voltage is greater than specified by vmax
OSDI(debug) n.xbgr.xr17_u3.nr1: WARNING: V(i1,c) voltage is greater than specified by vmax
OSDI(debug) n.xbgr.xr17_u3.nr1: WARNING: V(i2,c) voltage is greater than specified by vmax
OSDI(debug) n.xbgr.xr17_u2.nr1: WARNING: V(i1,c) voltage is greater than specified by vmax
OSDI(debug) n.xbgr.xr17_u2.nr1: WARNING: V(i2,c) voltage is greater than specified by vmax
OSDI(debug) n.xbgr.xr16_u24.nr1: WARNING: V(i2,c) voltage is greater than specified by vmax
OSDI(debug) n.xbgr.xr16_u23.nr1: WARNING: V(i2,c) voltage is greater than specified by vmax
OSDI(debug) n.xbgr.xr16_u22.nr1: WARNING: V(i2,c) voltage is greater than specified by vmax
OSDI(debug) n.xbgr.xr16_u21.nr1: WARNING: V(i2,c) voltage is greater than specified by vmax
OSDI(debug) n.xbgr.xr16_u20.nr1: WARNING: V(i2,c) voltage is greater than specified by vmax
OSDI(debug) n.xbgr.xr16_u19.nr1: WARNING: V(i2,c) voltage is greater than specified by vmax
OSDI(debug) n.xbgr.xr16_u18.nr1: WARNING: V(i2,c) voltage is greater than specified by vmax
OSDI(debug) n.xbgr.xr16_u17.nr1: WARNING: V(i2,c) voltage is greater than specified by vmax
OSDI(debug) n.xbgr.xr16_u16.nr1: WARNING: V(i2,c) voltage is greater than specified by vmax
OSDI(debug) n.xbgr.xr16_u15.nr1: WARNING: V(i2,c) voltage is greater than specified by vmax
OSDI(debug) n.xbgr.xr16_u14.nr1: WARNING: V(i2,c) voltage is greater than specified by vmax
OSDI(debug) n.xbgr.xr16_u13.nr1: WARNING: V(i2,c) voltage is greater than specified by vmax
OSDI(debug) n.xbgr.xr16_u12.nr1: WARNING: V(i2,c) voltage is greater than specified by vmax
OSDI(debug) n.xbgr.xr16_u11.nr1: WARNING: V(i2,c) voltage is greater than specified by vmax
OSDI(debug) n.xbgr.xr16_u10.nr1: WARNING: V(i2,c) voltage is greater than specified by vmax
OSDI(debug) n.xbgr.xr16_u9.nr1: WARNING: V(i2,c) voltage is greater than specified by vmax
OSDI(debug) n.xbgr.xr16_u8.nr1: WARNING: V(i2,c) voltage is greater than specified by vmax
OSDI(debug) n.xbgr.xr16_u7.nr1: WARNING: V(i2,c) voltage is greater than specified by vmax
OSDI(debug) n.xbgr.xr16_u6.nr1: WARNING: V(i2,c) voltage is greater than specified by vmax
OSDI(debug) n.xbgr.xr16_u5.nr1: WARNING: V(i2,c) voltage is greater than specified by vmax
OSDI(debug) n.xbgr.xr16_u4.nr1: WARNING: V(i2,c) voltage is greater than specified by vmax
OSDI(debug) n.xbgr.xr16_u3.nr1: WARNING: V(i2,c) voltage is greater than specified by vmax
OSDI(debug) n.xbgr.xr16_u2.nr1: WARNING: V(i2,c) voltage is greater than specified by vmax
OSDI(debug) n.xbgr.xr86.nr1: WARNING: V(i1,c) voltage is greater than specified by vmax
OSDI(debug) n.xbgr.xr86.nr1: WARNING: V(i2,c) voltage is greater than specified by vmax
OSDI(debug) n.xbgr.xr85.nr1: WARNING: V(i1,c) voltage is greater than specified by vmax
OSDI(debug) n.xbgr.xr85.nr1: WARNING: V(i2,c) voltage is greater than specified by vmax
OSDI(debug) n.xbgr.xr84.nr1: WARNING: V(i1,c) voltage is greater than specified by vmax
OSDI(debug) n.xbgr.xr84.nr1: WARNING: V(i2,c) voltage is greater than specified by vmax
OSDI(debug) n.xbgr.xr83.nr1: WARNING: V(i1,c) voltage is greater than specified by vmax
OSDI(debug) n.xbgr.xr83.nr1: WARNING: V(i2,c) voltage is greater than specified by vmax
OSDI(debug) n.xbgr.xr82.nr1: WARNING: V(i1,c) voltage is greater than specified by vmax
OSDI(debug) n.xbgr.xr82.nr1: WARNING: V(i2,c) voltage is greater than specified by vmax
OSDI(debug) n.xbgr.xr81.nr1: WARNING: V(i1,c) voltage is greater than specified by vmax
OSDI(debug) n.xbgr.xr81.nr1: WARNING: V(i2,c) voltage is greater than specified by vmax
OSDI(debug) n.xbgr.xr80.nr1: WARNING: V(i1,c) voltage is greater than specified by vmax
OSDI(debug) n.xbgr.xr80.nr1: WARNING: V(i2,c) voltage is greater than specified by vmax
OSDI(debug) n.xbgr.xr79.nr1: WARNING: V(i1,c) voltage is greater than specified by vmax
OSDI(debug) n.xbgr.xr79.nr1: WARNING: V(i2,c) voltage is greater than specified by vmax
OSDI(debug) n.xbgr.xr78.nr1: WARNING: V(i1,c) voltage is greater than specified by vmax
OSDI(debug) n.xbgr.xr78.nr1: WARNING: V(i2,c) voltage is greater than specified by vmax
OSDI(debug) n.xbgr.xr77.nr1: WARNING: V(i1,c) voltage is greater than specified by vmax
OSDI(debug) n.xbgr.xr77.nr1: WARNING: V(i2,c) voltage is greater than specified by vmax
OSDI(debug) n.xbgr.xr26.nr1: WARNING: V(i1,c) voltage is greater than specified by vmax
OSDI(debug) n.xbgr.xr26.nr1: WARNING: V(i2,c) voltage is greater than specified by vmax
OSDI(debug) n.xbgr.xr25.nr1: WARNING: V(i1,c) voltage is greater than specified by vmax
OSDI(debug) n.xbgr.xr25.nr1: WARNING: V(i2,c) voltage is greater than specified by vmax
OSDI(debug) n.xbgr.xr24.nr1: WARNING: V(i1,c) voltage is greater than specified by vmax
OSDI(debug) n.xbgr.xr24.nr1: WARNING: V(i2,c) voltage is greater than specified by vmax
OSDI(debug) n.xbgr.xr23.nr1: WARNING: V(i1,c) voltage is greater than specified by vmax
OSDI(debug) n.xbgr.xr23.nr1: WARNING: V(i2,c) voltage is greater than specified by vmax
OSDI(debug) n.xbgr.xr22.nr1: WARNING: V(i1,c) voltage is greater than specified by vmax
OSDI(debug) n.xbgr.xr21.nr1: WARNING: V(i1,c) voltage is greater than specified by vmax
OSDI(debug) n.xbgr.xr21.nr1: WARNING: V(i2,c) voltage is greater than specified by vmax
OSDI(debug) n.xbgr.xr20.nr1: WARNING: V(i1,c) voltage is greater than specified by vmax
OSDI(debug) n.xbgr.xr20.nr1: WARNING: V(i2,c) voltage is greater than specified by vmax
OSDI(debug) n.xbgr.xr19.nr1: WARNING: V(i1,c) voltage is greater than specified by vmax
OSDI(debug) n.xbgr.xr19.nr1: WARNING: V(i2,c) voltage is greater than specified by vmax
OSDI(debug) n.xbgr.xr18.nr1: WARNING: V(i1,c) voltage is greater than specified by vmax
OSDI(debug) n.xbgr.xr18.nr1: WARNING: V(i2,c) voltage is greater than specified by vmax
OSDI(debug) n.xbgr.xr17.nr1: WARNING: V(i1,c) voltage is greater than specified by vmax
OSDI(debug) n.xbgr.xr17.nr1: WARNING: V(i2,c) voltage is greater than specified by vmax
OSDI(debug) n.xbgr.xr16.nr1: WARNING: V(i2,c) voltage is greater than specified by vmax
OSDI(debug) n.xbgr.xr11.nr1: WARNING: V(i1,c) voltage is greater than specified by vmax
OSDI(debug) n.xbgr.xr11.nr1: WARNING: V(i2,c) voltage is greater than specified by vmax
OSDI(debug) n.xbgr.xr10.nr1: WARNING: V(i1,c) voltage is greater than specified by vmax
OSDI(debug) n.xbgr.xr10.nr1: WARNING: V(i2,c) voltage is greater than specified by vmax
OSDI(debug) n.xbgr.xr9.nr1: WARNING: V(i1,c) voltage is greater than specified by vmax
OSDI(debug) n.xbgr.xr8.nr1: WARNING: V(i1,c) voltage is greater than specified by vmax
OSDI(debug) n.xbgr.xr8.nr1: WARNING: V(i2,c) voltage is greater than specified by vmax
OSDI(debug) n.xbgr.xr7.nr1: WARNING: V(i1,c) voltage is greater than specified by vmax
OSDI(debug) n.xbgr.xr7.nr1: WARNING: V(i2,c) voltage is greater than specified by vmax
OSDI(debug) n.xbgr.xr6.nr1: WARNING: V(i1,c) voltage is greater than specified by vmax
OSDI(debug) n.xbgr.xr6.nr1: WARNING: V(i2,c) voltage is greater than specified by vmax
OSDI(debug) n.xbgr.xr5.nr1: WARNING: V(i1,c) voltage is greater than specified by vmax
OSDI(debug) n.xbgr.xr5.nr1: WARNING: V(i2,c) voltage is greater than specified by vmax
OSDI(debug) n.xbgr.xr4.nr1: WARNING: V(i1,c) voltage is greater than specified by vmax
OSDI(debug) n.xbgr.xr4.nr1: WARNING: V(i2,c) voltage is greater than specified by vmax
OSDI(debug) n.xbgr.xr3.nr1: WARNING: V(i1,c) voltage is greater than specified by vmax
OSDI(debug) n.xbgr.xr3.nr1: WARNING: V(i2,c) voltage is greater than specified by vmax
OSDI(debug) n.xbgr.xr2.nr1: WARNING: V(i1,c) voltage is greater than specified by vmax
OSDI(debug) n.xbgr.xr2.nr1: WARNING: V(i2,c) voltage is greater than specified by vmax
OSDI(debug) n.xt2f.xr12.nr1: WARNING: V(i1,c) voltage is greater than specified by vmax
OSDI(debug) n.xt2f.xr12.nr1: WARNING: V(i2,c) voltage is greater than specified by vmax
OSDI(debug) n.xt2f.xr11.nr1: WARNING: V(i1,c) voltage is greater than specified by vmax
OSDI(debug) n.xt2f.xr11.nr1: WARNING: V(i2,c) voltage is greater than specified by vmax
OSDI(debug) n.xt2f.xr10.nr1: WARNING: V(i1,c) voltage is greater than specified by vmax
OSDI(debug) n.xt2f.xr10.nr1: WARNING: V(i2,c) voltage is greater than specified by vmax
OSDI(debug) n.xt2f.xr9.nr1: WARNING: V(i1,c) voltage is greater than specified by vmax
OSDI(debug) n.xt2f.xr9.nr1: WARNING: V(i2,c) voltage is greater than specified by vmax
OSDI(debug) n.xt2f.xr8.nr1: WARNING: V(i1,c) voltage is greater than specified by vmax
OSDI(debug) n.xt2f.xr8.nr1: WARNING: V(i2,c) voltage is greater than specified by vmax
OSDI(debug) n.xt2f.xr7.nr1: WARNING: V(i1,c) voltage is greater than specified by vmax
OSDI(debug) n.xt2f.xr7.nr1: WARNING: V(i2,c) voltage is greater than specified by vmax
OSDI(debug) n.xt2f.xr6.nr1: WARNING: V(i1,c) voltage is greater than specified by vmax
OSDI(debug) n.xt2f.xr6.nr1: WARNING: V(i2,c) voltage is greater than specified by vmax
OSDI(debug) n.xt2f.xr5.nr1: WARNING: V(i1,c) voltage is greater than specified by vmax
OSDI(debug) n.xt2f.xr5.nr1: WARNING: V(i2,c) voltage is greater than specified by vmax
OSDI(debug) n.xt2f.xr4.nr1: WARNING: V(i2,c) voltage is greater than specified by vmax
OSDI(debug) n.xt2f.xr3.nr1: WARNING: V(i1,c) voltage is greater than specified by vmax
OSDI(debug) n.xt2f.xr3.nr1: WARNING: V(i2,c) voltage is greater than specified by vmax
OSDI(debug) n.xbgr.xr86_u24.nr1: WARNING: V(i1,c) voltage is greater than specified by vmax
OSDI(debug) n.xbgr.xr86_u24.nr1: WARNING: V(i2,c) voltage is greater than specified by vmax
OSDI(debug) n.xbgr.xr86_u23.nr1: WARNING: V(i1,c) voltage is greater than specified by vmax
OSDI(debug) n.xbgr.xr86_u23.nr1: WARNING: V(i2,c) voltage is greater than specified by vmax
OSDI(debug) n.xbgr.xr86_u22.nr1: WARNING: V(i1,c) voltage is greater than specified by vmax
OSDI(debug) n.xbgr.xr86_u22.nr1: WARNING: V(i2,c) voltage is greater than specified by vmax
OSDI(debug) n.xbgr.xr86_u21.nr1: WARNING: V(i1,c) voltage is greater than specified by vmax
OSDI(debug) n.xbgr.xr86_u21.nr1: WARNING: V(i2,c) voltage is greater than specified by vmax
OSDI(debug) n.xbgr.xr86_u20.nr1: WARNING: V(i1,c) voltage is greater than specified by vmax
OSDI(debug) n.xbgr.xr86_u20.nr1: WARNING: V(i2,c) voltage is greater than specified by vmax
OSDI(debug) n.xbgr.xr86_u19.nr1: WARNING: V(i1,c) voltage is greater than specified by vmax
OSDI(debug) n.xbgr.xr86_u19.nr1: WARNING: V(i2,c) voltage is greater than specified by vmax
OSDI(debug) n.xbgr.xr86_u18.nr1: WARNING: V(i1,c) voltage is greater than specified by vmax
OSDI(debug) n.xbgr.xr86_u18.nr1: WARNING: V(i2,c) voltage is greater than specified by vmax
OSDI(debug) n.xbgr.xr86_u17.nr1: WARNING: V(i1,c) voltage is greater than specified by vmax
OSDI(debug) n.xbgr.xr86_u17.nr1: WARNING: V(i2,c) voltage is greater than specified by vmax
OSDI(debug) n.xbgr.xr86_u16.nr1: WARNING: V(i1,c) voltage is greater than specified by vmax
OSDI(debug) n.xbgr.xr86_u16.nr1: WARNING: V(i2,c) voltage is greater than specified by vmax
OSDI(debug) n.xbgr.xr86_u15.nr1: WARNING: V(i1,c) voltage is greater than specified by vmax
OSDI(debug) n.xbgr.xr86_u15.nr1: WARNING: V(i2,c) voltage is greater than specified by vmax
OSDI(debug) n.xbgr.xr86_u14.nr1: WARNING: V(i1,c) voltage is greater than specified by vmax
OSDI(debug) n.xbgr.xr86_u14.nr1: WARNING: V(i2,c) voltage is greater than specified by vmax
OSDI(debug) n.xbgr.xr86_u13.nr1: WARNING: V(i1,c) voltage is greater than specified by vmax
OSDI(debug) n.xbgr.xr86_u13.nr1: WARNING: V(i2,c) voltage is greater than specified by vmax
OSDI(debug) n.xbgr.xr86_u12.nr1: WARNING: V(i1,c) voltage is greater than specified by vmax
OSDI(debug) n.xbgr.xr86_u12.nr1: WARNING: V(i2,c) voltage is greater than specified by vmax
OSDI(debug) n.xbgr.xr86_u11.nr1: WARNING: V(i1,c) voltage is greater than specified by vmax
OSDI(debug) n.xbgr.xr86_u11.nr1: WARNING: V(i2,c) voltage is greater than specified by vmax
OSDI(debug) n.xbgr.xr86_u10.nr1: WARNING: V(i1,c) voltage is greater than specified by vmax
OSDI(debug) n.xbgr.xr86_u10.nr1: WARNING: V(i2,c) voltage is greater than specified by vmax
OSDI(debug) n.xbgr.xr86_u9.nr1: WARNING: V(i1,c) voltage is greater than specified by vmax
OSDI(debug) n.xbgr.xr86_u9.nr1: WARNING: V(i2,c) voltage is greater than specified by vmax
OSDI(debug) n.xbgr.xr86_u8.nr1: WARNING: V(i1,c) voltage is greater than specified by vmax
OSDI(debug) n.xbgr.xr86_u8.nr1: WARNING: V(i2,c) voltage is greater than specified by vmax
OSDI(debug) n.xbgr.xr86_u7.nr1: WARNING: V(i1,c) voltage is greater than specified by vmax
OSDI(debug) n.xbgr.xr86_u7.nr1: WARNING: V(i2,c) voltage is greater than specified by vmax
OSDI(debug) n.xbgr.xr86_u6.nr1: WARNING: V(i1,c) voltage is greater than specified by vmax
OSDI(debug) n.xbgr.xr86_u6.nr1: WARNING: V(i2,c) voltage is greater than specified by vmax
OSDI(debug) n.xbgr.xr86_u5.nr1: WARNING: V(i1,c) voltage is greater than specified by vmax
OSDI(debug) n.xbgr.xr86_u5.nr1: WARNING: V(i2,c) voltage is greater than specified by vmax
OSDI(debug) n.xbgr.xr86_u4.nr1: WARNING: V(i1,c) voltage is greater than specified by vmax
OSDI(debug) n.xbgr.xr86_u4.nr1: WARNING: V(i2,c) voltage is greater than specified by vmax
OSDI(debug) n.xbgr.xr86_u3.nr1: WARNING: V(i1,c) voltage is greater than specified by vmax
OSDI(debug) n.xbgr.xr86_u3.nr1: WARNING: V(i2,c) voltage is greater than specified by vmax
OSDI(debug) n.xbgr.xr86_u2.nr1: WARNING: V(i1,c) voltage is greater than specified by vmax
OSDI(debug) n.xbgr.xr86_u2.nr1: WARNING: V(i2,c) voltage is greater than specified by vmax
OSDI(debug) n.xbgr.xr85_u24.nr1: WARNING: V(i1,c) voltage is greater than specified by vmax
OSDI(debug) n.xbgr.xr85_u24.nr1: WARNING: V(i2,c) voltage is greater than specified by vmax
OSDI(debug) n.xbgr.xr85_u23.nr1: WARNING: V(i1,c) voltage is greater than specified by vmax
OSDI(debug) n.xbgr.xr85_u23.nr1: WARNING: V(i2,c) voltage is greater than specified by vmax
OSDI(debug) n.xbgr.xr85_u22.nr1: WARNING: V(i1,c) voltage is greater than specified by vmax
OSDI(debug) n.xbgr.xr85_u22.nr1: WARNING: V(i2,c) voltage is greater than specified by vmax
OSDI(debug) n.xbgr.xr85_u21.nr1: WARNING: V(i1,c) voltage is greater than specified by vmax
OSDI(debug) n.xbgr.xr85_u21.nr1: WARNING: V(i2,c) voltage is greater than specified by vmax
OSDI(debug) n.xbgr.xr85_u20.nr1: WARNING: V(i1,c) voltage is greater than specified by vmax
OSDI(debug) n.xbgr.xr85_u20.nr1: WARNING: V(i2,c) voltage is greater than specified by vmax
OSDI(debug) n.xbgr.xr85_u19.nr1: WARNING: V(i1,c) voltage is greater than specified by vmax
OSDI(debug) n.xbgr.xr85_u19.nr1: WARNING: V(i2,c) voltage is greater than specified by vmax
OSDI(debug) n.xbgr.xr85_u18.nr1: WARNING: V(i1,c) voltage is greater than specified by vmax
OSDI(debug) n.xbgr.xr85_u18.nr1: WARNING: V(i2,c) voltage is greater than specified by vmax
OSDI(debug) n.xbgr.xr85_u17.nr1: WARNING: V(i1,c) voltage is greater than specified by vmax
OSDI(debug) n.xbgr.xr85_u17.nr1: WARNING: V(i2,c) voltage is greater than specified by vmax
OSDI(debug) n.xbgr.xr85_u16.nr1: WARNING: V(i1,c) voltage is greater than specified by vmax
OSDI(debug) n.xbgr.xr85_u16.nr1: WARNING: V(i2,c) voltage is greater than specified by vmax
OSDI(debug) n.xbgr.xr85_u15.nr1: WARNING: V(i1,c) voltage is greater than specified by vmax
OSDI(debug) n.xbgr.xr85_u15.nr1: WARNING: V(i2,c) voltage is greater than specified by vmax
OSDI(debug) n.xbgr.xr85_u14.nr1: WARNING: V(i1,c) voltage is greater than specified by vmax
OSDI(debug) n.xbgr.xr85_u14.nr1: WARNING: V(i2,c) voltage is greater than specified by vmax
OSDI(debug) n.xbgr.xr85_u13.nr1: WARNING: V(i1,c) voltage is greater than specified by vmax
OSDI(debug) n.xbgr.xr85_u13.nr1: WARNING: V(i2,c) voltage is greater than specified by vmax
OSDI(debug) n.xbgr.xr85_u12.nr1: WARNING: V(i1,c) voltage is greater than specified by vmax
OSDI(debug) n.xbgr.xr85_u12.nr1: WARNING: V(i2,c) voltage is greater than specified by vmax
OSDI(debug) n.xbgr.xr85_u11.nr1: WARNING: V(i1,c) voltage is greater than specified by vmax
OSDI(debug) n.xbgr.xr85_u11.nr1: WARNING: V(i2,c) voltage is greater than specified by vmax
OSDI(debug) n.xbgr.xr85_u10.nr1: WARNING: V(i1,c) voltage is greater than specified by vmax
OSDI(debug) n.xbgr.xr85_u10.nr1: WARNING: V(i2,c) voltage is greater than specified by vmax
OSDI(debug) n.xbgr.xr85_u9.nr1: WARNING: V(i1,c) voltage is greater than specified by vmax
OSDI(debug) n.xbgr.xr85_u9.nr1: WARNING: V(i2,c) voltage is greater than specified by vmax
OSDI(debug) n.xbgr.xr85_u8.nr1: WARNING: V(i1,c) voltage is greater than specified by vmax
OSDI(debug) n.xbgr.xr85_u8.nr1: WARNING: V(i2,c) voltage is greater than specified by vmax
OSDI(debug) n.xbgr.xr85_u7.nr1: WARNING: V(i1,c) voltage is greater than specified by vmax
OSDI(debug) n.xbgr.xr85_u7.nr1: WARNING: V(i2,c) voltage is greater than specified by vmax
OSDI(debug) n.xbgr.xr85_u6.nr1: WARNING: V(i1,c) voltage is greater than specified by vmax
OSDI(debug) n.xbgr.xr85_u6.nr1: WARNING: V(i2,c) voltage is greater than specified by vmax
OSDI(debug) n.xbgr.xr85_u5.nr1: WARNING: V(i1,c) voltage is greater than specified by vmax
OSDI(debug) n.xbgr.xr85_u5.nr1: WARNING: V(i2,c) voltage is greater than specified by vmax
OSDI(debug) n.xbgr.xr85_u4.nr1: WARNING: V(i1,c) voltage is greater than specified by vmax
OSDI(debug) n.xbgr.xr85_u4.nr1: WARNING: V(i2,c) voltage is greater than specified by vmax
OSDI(debug) n.xbgr.xr85_u3.nr1: WARNING: V(i1,c) voltage is greater than specified by vmax
OSDI(debug) n.xbgr.xr85_u3.nr1: WARNING: V(i2,c) voltage is greater than specified by vmax
OSDI(debug) n.xbgr.xr85_u2.nr1: WARNING: V(i1,c) voltage is greater than specified by vmax
OSDI(debug) n.xbgr.xr85_u2.nr1: WARNING: V(i2,c) voltage is greater than specified by vmax
OSDI(debug) n.xbgr.xr84_u24.nr1: WARNING: V(i1,c) voltage is greater than specified by vmax
OSDI(debug) n.xbgr.xr84_u24.nr1: WARNING: V(i2,c) voltage is greater than specified by vmax
OSDI(debug) n.xbgr.xr84_u23.nr1: WARNING: V(i1,c) voltage is greater than specified by vmax
OSDI(debug) n.xbgr.xr84_u23.nr1: WARNING: V(i2,c) voltage is greater than specified by vmax
OSDI(debug) n.xbgr.xr84_u22.nr1: WARNING: V(i1,c) voltage is greater than specified by vmax
OSDI(debug) n.xbgr.xr84_u22.nr1: WARNING: V(i2,c) voltage is greater than specified by vmax
OSDI(debug) n.xbgr.xr84_u21.nr1: WARNING: V(i1,c) voltage is greater than specified by vmax
OSDI(debug) n.xbgr.xr84_u21.nr1: WARNING: V(i2,c) voltage is greater than specified by vmax
OSDI(debug) n.xbgr.xr84_u20.nr1: WARNING: V(i1,c) voltage is greater than specified by vmax
OSDI(debug) n.xbgr.xr84_u20.nr1: WARNING: V(i2,c) voltage is greater than specified by vmax
OSDI(debug) n.xbgr.xr84_u19.nr1: WARNING: V(i1,c) voltage is greater than specified by vmax
OSDI(debug) n.xbgr.xr84_u19.nr1: WARNING: V(i2,c) voltage is greater than specified by vmax
OSDI(debug) n.xbgr.xr84_u18.nr1: WARNING: V(i1,c) voltage is greater than specified by vmax
OSDI(debug) n.xbgr.xr84_u18.nr1: WARNING: V(i2,c) voltage is greater than specified by vmax
OSDI(debug) n.xbgr.xr84_u17.nr1: WARNING: V(i1,c) voltage is greater than specified by vmax
OSDI(debug) n.xbgr.xr84_u17.nr1: WARNING: V(i2,c) voltage is greater than specified by vmax
OSDI(debug) n.xbgr.xr84_u16.nr1: WARNING: V(i1,c) voltage is greater than specified by vmax
OSDI(debug) n.xbgr.xr84_u16.nr1: WARNING: V(i2,c) voltage is greater than specified by vmax
OSDI(debug) n.xbgr.xr84_u15.nr1: WARNING: V(i1,c) voltage is greater than specified by vmax
OSDI(debug) n.xbgr.xr84_u15.nr1: WARNING: V(i2,c) voltage is greater than specified by vmax
OSDI(debug) n.xbgr.xr84_u14.nr1: WARNING: V(i1,c) voltage is greater than specified by vmax
OSDI(debug) n.xbgr.xr84_u14.nr1: WARNING: V(i2,c) voltage is greater than specified by vmax
OSDI(debug) n.xbgr.xr84_u13.nr1: WARNING: V(i1,c) voltage is greater than specified by vmax
OSDI(debug) n.xbgr.xr84_u13.nr1: WARNING: V(i2,c) voltage is greater than specified by vmax
OSDI(debug) n.xbgr.xr84_u12.nr1: WARNING: V(i1,c) voltage is greater than specified by vmax
OSDI(debug) n.xbgr.xr84_u12.nr1: WARNING: V(i2,c) voltage is greater than specified by vmax
OSDI(debug) n.xbgr.xr84_u11.nr1: WARNING: V(i1,c) voltage is greater than specified by vmax
OSDI(debug) n.xbgr.xr84_u11.nr1: WARNING: V(i2,c) voltage is greater than specified by vmax
OSDI(debug) n.xbgr.xr84_u10.nr1: WARNING: V(i1,c) voltage is greater than specified by vmax
OSDI(debug) n.xbgr.xr84_u10.nr1: WARNING: V(i2,c) voltage is greater than specified by vmax
OSDI(debug) n.xbgr.xr84_u9.nr1: WARNING: V(i1,c) voltage is greater than specified by vmax
OSDI(debug) n.xbgr.xr84_u9.nr1: WARNING: V(i2,c) voltage is greater than specified by vmax
OSDI(debug) n.xbgr.xr84_u8.nr1: WARNING: V(i1,c) voltage is greater than specified by vmax
OSDI(debug) n.xbgr.xr84_u8.nr1: WARNING: V(i2,c) voltage is greater than specified by vmax
OSDI(debug) n.xbgr.xr84_u7.nr1: WARNING: V(i1,c) voltage is greater than specified by vmax
OSDI(debug) n.xbgr.xr84_u7.nr1: WARNING: V(i2,c) voltage is greater than specified by vmax
OSDI(debug) n.xbgr.xr84_u6.nr1: WARNING: V(i1,c) voltage is greater than specified by vmax
OSDI(debug) n.xbgr.xr84_u6.nr1: WARNING: V(i2,c) voltage is greater than specified by vmax
OSDI(debug) n.xbgr.xr84_u5.nr1: WARNING: V(i1,c) voltage is greater than specified by vmax
OSDI(debug) n.xbgr.xr84_u5.nr1: WARNING: V(i2,c) voltage is greater than specified by vmax
OSDI(debug) n.xbgr.xr84_u4.nr1: WARNING: V(i1,c) voltage is greater than specified by vmax
OSDI(debug) n.xbgr.xr84_u4.nr1: WARNING: V(i2,c) voltage is greater than specified by vmax
OSDI(debug) n.xbgr.xr84_u3.nr1: WARNING: V(i1,c) voltage is greater than specified by vmax
OSDI(debug) n.xbgr.xr84_u3.nr1: WARNING: V(i2,c) voltage is greater than specified by vmax
OSDI(debug) n.xbgr.xr84_u2.nr1: WARNING: V(i1,c) voltage is greater than specified by vmax
OSDI(debug) n.xbgr.xr84_u2.nr1: WARNING: V(i2,c) voltage is greater than specified by vmax
OSDI(debug) n.xbgr.xr83_u24.nr1: WARNING: V(i1,c) voltage is greater than specified by vmax
OSDI(debug) n.xbgr.xr83_u24.nr1: WARNING: V(i2,c) voltage is greater than specified by vmax
OSDI(debug) n.xbgr.xr83_u23.nr1: WARNING: V(i1,c) voltage is greater than specified by vmax
OSDI(debug) n.xbgr.xr83_u23.nr1: WARNING: V(i2,c) voltage is greater than specified by vmax
OSDI(debug) n.xbgr.xr83_u22.nr1: WARNING: V(i1,c) voltage is greater than specified by vmax
OSDI(debug) n.xbgr.xr83_u22.nr1: WARNING: V(i2,c) voltage is greater than specified by vmax
OSDI(debug) n.xbgr.xr83_u21.nr1: WARNING: V(i1,c) voltage is greater than specified by vmax
OSDI(debug) n.xbgr.xr83_u21.nr1: WARNING: V(i2,c) voltage is greater than specified by vmax
OSDI(debug) n.xbgr.xr83_u20.nr1: WARNING: V(i1,c) voltage is greater than specified by vmax
OSDI(debug) n.xbgr.xr83_u20.nr1: WARNING: V(i2,c) voltage is greater than specified by vmax
OSDI(debug) n.xbgr.xr83_u19.nr1: WARNING: V(i1,c) voltage is greater than specified by vmax
OSDI(debug) n.xbgr.xr83_u19.nr1: WARNING: V(i2,c) voltage is greater than specified by vmax
OSDI(debug) n.xbgr.xr83_u18.nr1: WARNING: V(i1,c) voltage is greater than specified by vmax
OSDI(debug) n.xbgr.xr83_u18.nr1: WARNING: V(i2,c) voltage is greater than specified by vmax
OSDI(debug) n.xbgr.xr83_u17.nr1: WARNING: V(i1,c) voltage is greater than specified by vmax
OSDI(debug) n.xbgr.xr83_u17.nr1: WARNING: V(i2,c) voltage is greater than specified by vmax
OSDI(debug) n.xbgr.xr83_u16.nr1: WARNING: V(i1,c) voltage is greater than specified by vmax
OSDI(debug) n.xbgr.xr83_u16.nr1: WARNING: V(i2,c) voltage is greater than specified by vmax
OSDI(debug) n.xbgr.xr83_u15.nr1: WARNING: V(i1,c) voltage is greater than specified by vmax
OSDI(debug) n.xbgr.xr83_u15.nr1: WARNING: V(i2,c) voltage is greater than specified by vmax
OSDI(debug) n.xbgr.xr83_u14.nr1: WARNING: V(i1,c) voltage is greater than specified by vmax
OSDI(debug) n.xbgr.xr83_u14.nr1: WARNING: V(i2,c) voltage is greater than specified by vmax
OSDI(debug) n.xbgr.xr83_u13.nr1: WARNING: V(i1,c) voltage is greater than specified by vmax
OSDI(debug) n.xbgr.xr83_u13.nr1: WARNING: V(i2,c) voltage is greater than specified by vmax
OSDI(debug) n.xbgr.xr83_u12.nr1: WARNING: V(i1,c) voltage is greater than specified by vmax
OSDI(debug) n.xbgr.xr83_u12.nr1: WARNING: V(i2,c) voltage is greater than specified by vmax
OSDI(debug) n.xbgr.xr83_u11.nr1: WARNING: V(i1,c) voltage is greater than specified by vmax
OSDI(debug) n.xbgr.xr83_u11.nr1: WARNING: V(i2,c) voltage is greater than specified by vmax
OSDI(debug) n.xbgr.xr83_u10.nr1: WARNING: V(i1,c) voltage is greater than specified by vmax
OSDI(debug) n.xbgr.xr83_u10.nr1: WARNING: V(i2,c) voltage is greater than specified by vmax
OSDI(debug) n.xbgr.xr83_u9.nr1: WARNING: V(i1,c) voltage is greater than specified by vmax
OSDI(debug) n.xbgr.xr83_u9.nr1: WARNING: V(i2,c) voltage is greater than specified by vmax
OSDI(debug) n.xbgr.xr83_u8.nr1: WARNING: V(i1,c) voltage is greater than specified by vmax
OSDI(debug) n.xbgr.xr83_u8.nr1: WARNING: V(i2,c) voltage is greater than specified by vmax
OSDI(debug) n.xbgr.xr83_u7.nr1: WARNING: V(i1,c) voltage is greater than specified by vmax
OSDI(debug) n.xbgr.xr83_u7.nr1: WARNING: V(i2,c) voltage is greater than specified by vmax
OSDI(debug) n.xbgr.xr83_u6.nr1: WARNING: V(i1,c) voltage is greater than specified by vmax
OSDI(debug) n.xbgr.xr83_u6.nr1: WARNING: V(i2,c) voltage is greater than specified by vmax
OSDI(debug) n.xbgr.xr83_u5.nr1: WARNING: V(i1,c) voltage is greater than specified by vmax
OSDI(debug) n.xbgr.xr83_u5.nr1: WARNING: V(i2,c) voltage is greater than specified by vmax
OSDI(debug) n.xbgr.xr83_u4.nr1: WARNING: V(i1,c) voltage is greater than specified by vmax
OSDI(debug) n.xbgr.xr83_u4.nr1: WARNING: V(i2,c) voltage is greater than specified by vmax
OSDI(debug) n.xbgr.xr83_u3.nr1: WARNING: V(i1,c) voltage is greater than specified by vmax
OSDI(debug) n.xbgr.xr83_u3.nr1: WARNING: V(i2,c) voltage is greater than specified by vmax
OSDI(debug) n.xbgr.xr83_u2.nr1: WARNING: V(i1,c) voltage is greater than specified by vmax
OSDI(debug) n.xbgr.xr83_u2.nr1: WARNING: V(i2,c) voltage is greater than specified by vmax
OSDI(debug) n.xbgr.xr82_u24.nr1: WARNING: V(i1,c) voltage is greater than specified by vmax
OSDI(debug) n.xbgr.xr82_u24.nr1: WARNING: V(i2,c) voltage is greater than specified by vmax
OSDI(debug) n.xbgr.xr82_u23.nr1: WARNING: V(i1,c) voltage is greater than specified by vmax
OSDI(debug) n.xbgr.xr82_u23.nr1: WARNING: V(i2,c) voltage is greater than specified by vmax
OSDI(debug) n.xbgr.xr82_u22.nr1: WARNING: V(i1,c) voltage is greater than specified by vmax
OSDI(debug) n.xbgr.xr82_u22.nr1: WARNING: V(i2,c) voltage is greater than specified by vmax
OSDI(debug) n.xbgr.xr82_u21.nr1: WARNING: V(i1,c) voltage is greater than specified by vmax
OSDI(debug) n.xbgr.xr82_u21.nr1: WARNING: V(i2,c) voltage is greater than specified by vmax
OSDI(debug) n.xbgr.xr82_u20.nr1: WARNING: V(i1,c) voltage is greater than specified by vmax
OSDI(debug) n.xbgr.xr82_u20.nr1: WARNING: V(i2,c) voltage is greater than specified by vmax
OSDI(debug) n.xbgr.xr82_u19.nr1: WARNING: V(i1,c) voltage is greater than specified by vmax
OSDI(debug) n.xbgr.xr82_u19.nr1: WARNING: V(i2,c) voltage is greater than specified by vmax
OSDI(debug) n.xbgr.xr82_u18.nr1: WARNING: V(i1,c) voltage is greater than specified by vmax
OSDI(debug) n.xbgr.xr82_u18.nr1: WARNING: V(i2,c) voltage is greater than specified by vmax
OSDI(debug) n.xbgr.xr82_u17.nr1: WARNING: V(i1,c) voltage is greater than specified by vmax
OSDI(debug) n.xbgr.xr82_u17.nr1: WARNING: V(i2,c) voltage is greater than specified by vmax
OSDI(debug) n.xbgr.xr82_u16.nr1: WARNING: V(i1,c) voltage is greater than specified by vmax
OSDI(debug) n.xbgr.xr82_u16.nr1: WARNING: V(i2,c) voltage is greater than specified by vmax
OSDI(debug) n.xbgr.xr82_u15.nr1: WARNING: V(i1,c) voltage is greater than specified by vmax
OSDI(debug) n.xbgr.xr82_u15.nr1: WARNING: V(i2,c) voltage is greater than specified by vmax
OSDI(debug) n.xbgr.xr82_u14.nr1: WARNING: V(i1,c) voltage is greater than specified by vmax
OSDI(debug) n.xbgr.xr82_u14.nr1: WARNING: V(i2,c) voltage is greater than specified by vmax
OSDI(debug) n.xbgr.xr82_u13.nr1: WARNING: V(i1,c) voltage is greater than specified by vmax
OSDI(debug) n.xbgr.xr82_u13.nr1: WARNING: V(i2,c) voltage is greater than specified by vmax
OSDI(debug) n.xbgr.xr82_u12.nr1: WARNING: V(i1,c) voltage is greater than specified by vmax
OSDI(debug) n.xbgr.xr82_u12.nr1: WARNING: V(i2,c) voltage is greater than specified by vmax
OSDI(debug) n.xbgr.xr82_u11.nr1: WARNING: V(i1,c) voltage is greater than specified by vmax
OSDI(debug) n.xbgr.xr82_u11.nr1: WARNING: V(i2,c) voltage is greater than specified by vmax
OSDI(debug) n.xbgr.xr82_u10.nr1: WARNING: V(i1,c) voltage is greater than specified by vmax
OSDI(debug) n.xbgr.xr82_u10.nr1: WARNING: V(i2,c) voltage is greater than specified by vmax
OSDI(debug) n.xbgr.xr82_u9.nr1: WARNING: V(i1,c) voltage is greater than specified by vmax
OSDI(debug) n.xbgr.xr82_u9.nr1: WARNING: V(i2,c) voltage is greater than specified by vmax
OSDI(debug) n.xbgr.xr82_u8.nr1: WARNING: V(i1,c) voltage is greater than specified by vmax
OSDI(debug) n.xbgr.xr82_u8.nr1: WARNING: V(i2,c) voltage is greater than specified by vmax
OSDI(debug) n.xbgr.xr82_u7.nr1: WARNING: V(i1,c) voltage is greater than specified by vmax
OSDI(debug) n.xbgr.xr82_u7.nr1: WARNING: V(i2,c) voltage is greater than specified by vmax
OSDI(debug) n.xbgr.xr82_u6.nr1: WARNING: V(i1,c) voltage is greater than specified by vmax
OSDI(debug) n.xbgr.xr82_u6.nr1: WARNING: V(i2,c) voltage is greater than specified by vmax
OSDI(debug) n.xbgr.xr82_u5.nr1: WARNING: V(i1,c) voltage is greater than specified by vmax
OSDI(debug) n.xbgr.xr82_u5.nr1: WARNING: V(i2,c) voltage is greater than specified by vmax
OSDI(debug) n.xbgr.xr82_u4.nr1: WARNING: V(i1,c) voltage is greater than specified by vmax
OSDI(debug) n.xbgr.xr82_u4.nr1: WARNING: V(i2,c) voltage is greater than specified by vmax
OSDI(debug) n.xbgr.xr82_u3.nr1: WARNING: V(i1,c) voltage is greater than specified by vmax
OSDI(debug) n.xbgr.xr82_u3.nr1: WARNING: V(i2,c) voltage is greater than specified by vmax
OSDI(debug) n.xbgr.xr82_u2.nr1: WARNING: V(i1,c) voltage is greater than specified by vmax
OSDI(debug) n.xbgr.xr82_u2.nr1: WARNING: V(i2,c) voltage is greater than specified by vmax
OSDI(debug) n.xbgr.xr81_u24.nr1: WARNING: V(i1,c) voltage is greater than specified by vmax
OSDI(debug) n.xbgr.xr81_u24.nr1: WARNING: V(i2,c) voltage is greater than specified by vmax
OSDI(debug) n.xbgr.xr81_u23.nr1: WARNING: V(i1,c) voltage is greater than specified by vmax
OSDI(debug) n.xbgr.xr81_u23.nr1: WARNING: V(i2,c) voltage is greater than specified by vmax
OSDI(debug) n.xbgr.xr81_u22.nr1: WARNING: V(i1,c) voltage is greater than specified by vmax
OSDI(debug) n.xbgr.xr81_u22.nr1: WARNING: V(i2,c) voltage is greater than specified by vmax
OSDI(debug) n.xbgr.xr81_u21.nr1: WARNING: V(i1,c) voltage is greater than specified by vmax
OSDI(debug) n.xbgr.xr81_u21.nr1: WARNING: V(i2,c) voltage is greater than specified by vmax
OSDI(debug) n.xbgr.xr81_u20.nr1: WARNING: V(i1,c) voltage is greater than specified by vmax
OSDI(debug) n.xbgr.xr81_u20.nr1: WARNING: V(i2,c) voltage is greater than specified by vmax
OSDI(debug) n.xbgr.xr81_u19.nr1: WARNING: V(i1,c) voltage is greater than specified by vmax
OSDI(debug) n.xbgr.xr81_u19.nr1: WARNING: V(i2,c) voltage is greater than specified by vmax
OSDI(debug) n.xbgr.xr81_u18.nr1: WARNING: V(i1,c) voltage is greater than specified by vmax
OSDI(debug) n.xbgr.xr81_u18.nr1: WARNING: V(i2,c) voltage is greater than specified by vmax
OSDI(debug) n.xbgr.xr81_u17.nr1: WARNING: V(i1,c) voltage is greater than specified by vmax
OSDI(debug) n.xbgr.xr81_u17.nr1: WARNING: V(i2,c) voltage is greater than specified by vmax
OSDI(debug) n.xbgr.xr81_u16.nr1: WARNING: V(i1,c) voltage is greater than specified by vmax
OSDI(debug) n.xbgr.xr81_u16.nr1: WARNING: V(i2,c) voltage is greater than specified by vmax
OSDI(debug) n.xbgr.xr81_u15.nr1: WARNING: V(i1,c) voltage is greater than specified by vmax
OSDI(debug) n.xbgr.xr81_u15.nr1: WARNING: V(i2,c) voltage is greater than specified by vmax
OSDI(debug) n.xbgr.xr81_u14.nr1: WARNING: V(i1,c) voltage is greater than specified by vmax
OSDI(debug) n.xbgr.xr81_u14.nr1: WARNING: V(i2,c) voltage is greater than specified by vmax
OSDI(debug) n.xbgr.xr81_u13.nr1: WARNING: V(i1,c) voltage is greater than specified by vmax
OSDI(debug) n.xbgr.xr81_u13.nr1: WARNING: V(i2,c) voltage is greater than specified by vmax
OSDI(debug) n.xbgr.xr81_u12.nr1: WARNING: V(i1,c) voltage is greater than specified by vmax
OSDI(debug) n.xbgr.xr81_u12.nr1: WARNING: V(i2,c) voltage is greater than specified by vmax
OSDI(debug) n.xbgr.xr81_u11.nr1: WARNING: V(i1,c) voltage is greater than specified by vmax
OSDI(debug) n.xbgr.xr81_u11.nr1: WARNING: V(i2,c) voltage is greater than specified by vmax
OSDI(debug) n.xbgr.xr81_u10.nr1: WARNING: V(i1,c) voltage is greater than specified by vmax
OSDI(debug) n.xbgr.xr81_u10.nr1: WARNING: V(i2,c) voltage is greater than specified by vmax
OSDI(debug) n.xbgr.xr81_u9.nr1: WARNING: V(i1,c) voltage is greater than specified by vmax
OSDI(debug) n.xbgr.xr81_u9.nr1: WARNING: V(i2,c) voltage is greater than specified by vmax
OSDI(debug) n.xbgr.xr81_u8.nr1: WARNING: V(i1,c) voltage is greater than specified by vmax
OSDI(debug) n.xbgr.xr81_u8.nr1: WARNING: V(i2,c) voltage is greater than specified by vmax
OSDI(debug) n.xbgr.xr81_u7.nr1: WARNING: V(i1,c) voltage is greater than specified by vmax
OSDI(debug) n.xbgr.xr81_u7.nr1: WARNING: V(i2,c) voltage is greater than specified by vmax
OSDI(debug) n.xbgr.xr81_u6.nr1: WARNING: V(i1,c) voltage is greater than specified by vmax
OSDI(debug) n.xbgr.xr81_u6.nr1: WARNING: V(i2,c) voltage is greater than specified by vmax
OSDI(debug) n.xbgr.xr81_u5.nr1: WARNING: V(i1,c) voltage is greater than specified by vmax
OSDI(debug) n.xbgr.xr81_u5.nr1: WARNING: V(i2,c) voltage is greater than specified by vmax
OSDI(debug) n.xbgr.xr81_u4.nr1: WARNING: V(i1,c) voltage is greater than specified by vmax
OSDI(debug) n.xbgr.xr81_u4.nr1: WARNING: V(i2,c) voltage is greater than specified by vmax
OSDI(debug) n.xbgr.xr81_u3.nr1: WARNING: V(i1,c) voltage is greater than specified by vmax
OSDI(debug) n.xbgr.xr81_u3.nr1: WARNING: V(i2,c) voltage is greater than specified by vmax
OSDI(debug) n.xbgr.xr81_u2.nr1: WARNING: V(i1,c) voltage is greater than specified by vmax
OSDI(debug) n.xbgr.xr81_u2.nr1: WARNING: V(i2,c) voltage is greater than specified by vmax
OSDI(debug) n.xbgr.xr80_u24.nr1: WARNING: V(i1,c) voltage is greater than specified by vmax
OSDI(debug) n.xbgr.xr80_u24.nr1: WARNING: V(i2,c) voltage is greater than specified by vmax
OSDI(debug) n.xbgr.xr80_u23.nr1: WARNING: V(i1,c) voltage is greater than specified by vmax
OSDI(debug) n.xbgr.xr80_u23.nr1: WARNING: V(i2,c) voltage is greater than specified by vmax
OSDI(debug) n.xbgr.xr80_u22.nr1: WARNING: V(i1,c) voltage is greater than specified by vmax
OSDI(debug) n.xbgr.xr80_u22.nr1: WARNING: V(i2,c) voltage is greater than specified by vmax
OSDI(debug) n.xbgr.xr80_u21.nr1: WARNING: V(i1,c) voltage is greater than specified by vmax
OSDI(debug) n.xbgr.xr80_u21.nr1: WARNING: V(i2,c) voltage is greater than specified by vmax
OSDI(debug) n.xbgr.xr80_u20.nr1: WARNING: V(i1,c) voltage is greater than specified by vmax
OSDI(debug) n.xbgr.xr80_u20.nr1: WARNING: V(i2,c) voltage is greater than specified by vmax
OSDI(debug) n.xbgr.xr80_u19.nr1: WARNING: V(i1,c) voltage is greater than specified by vmax
OSDI(debug) n.xbgr.xr80_u19.nr1: WARNING: V(i2,c) voltage is greater than specified by vmax
OSDI(debug) n.xbgr.xr80_u18.nr1: WARNING: V(i1,c) voltage is greater than specified by vmax
OSDI(debug) n.xbgr.xr80_u18.nr1: WARNING: V(i2,c) voltage is greater than specified by vmax
OSDI(debug) n.xbgr.xr80_u17.nr1: WARNING: V(i1,c) voltage is greater than specified by vmax
OSDI(debug) n.xbgr.xr80_u17.nr1: WARNING: V(i2,c) voltage is greater than specified by vmax
OSDI(debug) n.xbgr.xr80_u16.nr1: WARNING: V(i1,c) voltage is greater than specified by vmax
OSDI(debug) n.xbgr.xr80_u16.nr1: WARNING: V(i2,c) voltage is greater than specified by vmax
OSDI(debug) n.xbgr.xr80_u15.nr1: WARNING: V(i1,c) voltage is greater than specified by vmax
OSDI(debug) n.xbgr.xr80_u15.nr1: WARNING: V(i2,c) voltage is greater than specified by vmax
OSDI(debug) n.xbgr.xr80_u14.nr1: WARNING: V(i1,c) voltage is greater than specified by vmax
OSDI(debug) n.xbgr.xr80_u14.nr1: WARNING: V(i2,c) voltage is greater than specified by vmax
OSDI(debug) n.xbgr.xr80_u13.nr1: WARNING: V(i1,c) voltage is greater than specified by vmax
OSDI(debug) n.xbgr.xr80_u13.nr1: WARNING: V(i2,c) voltage is greater than specified by vmax
OSDI(debug) n.xbgr.xr80_u12.nr1: WARNING: V(i1,c) voltage is greater than specified by vmax
OSDI(debug) n.xbgr.xr80_u12.nr1: WARNING: V(i2,c) voltage is greater than specified by vmax
OSDI(debug) n.xbgr.xr80_u11.nr1: WARNING: V(i1,c) voltage is greater than specified by vmax
OSDI(debug) n.xbgr.xr80_u11.nr1: WARNING: V(i2,c) voltage is greater than specified by vmax
OSDI(debug) n.xbgr.xr80_u10.nr1: WARNING: V(i1,c) voltage is greater than specified by vmax
OSDI(debug) n.xbgr.xr80_u10.nr1: WARNING: V(i2,c) voltage is greater than specified by vmax
OSDI(debug) n.xbgr.xr80_u9.nr1: WARNING: V(i1,c) voltage is greater than specified by vmax
OSDI(debug) n.xbgr.xr80_u9.nr1: WARNING: V(i2,c) voltage is greater than specified by vmax
OSDI(debug) n.xbgr.xr80_u8.nr1: WARNING: V(i1,c) voltage is greater than specified by vmax
OSDI(debug) n.xbgr.xr80_u8.nr1: WARNING: V(i2,c) voltage is greater than specified by vmax
OSDI(debug) n.xbgr.xr80_u7.nr1: WARNING: V(i1,c) voltage is greater than specified by vmax
OSDI(debug) n.xbgr.xr80_u7.nr1: WARNING: V(i2,c) voltage is greater than specified by vmax
OSDI(debug) n.xbgr.xr80_u6.nr1: WARNING: V(i1,c) voltage is greater than specified by vmax
OSDI(debug) n.xbgr.xr80_u6.nr1: WARNING: V(i2,c) voltage is greater than specified by vmax
OSDI(debug) n.xbgr.xr80_u5.nr1: WARNING: V(i1,c) voltage is greater than specified by vmax
OSDI(debug) n.xbgr.xr80_u5.nr1: WARNING: V(i2,c) voltage is greater than specified by vmax
OSDI(debug) n.xbgr.xr80_u4.nr1: WARNING: V(i1,c) voltage is greater than specified by vmax
OSDI(debug) n.xbgr.xr80_u4.nr1: WARNING: V(i2,c) voltage is greater than specified by vmax
OSDI(debug) n.xbgr.xr80_u3.nr1: WARNING: V(i1,c) voltage is greater than specified by vmax
OSDI(debug) n.xbgr.xr80_u3.nr1: WARNING: V(i2,c) voltage is greater than specified by vmax
OSDI(debug) n.xbgr.xr80_u2.nr1: WARNING: V(i1,c) voltage is greater than specified by vmax
OSDI(debug) n.xbgr.xr80_u2.nr1: WARNING: V(i2,c) voltage is greater than specified by vmax
OSDI(debug) n.xbgr.xr79_u24.nr1: WARNING: V(i1,c) voltage is greater than specified by vmax
OSDI(debug) n.xbgr.xr79_u24.nr1: WARNING: V(i2,c) voltage is greater than specified by vmax
OSDI(debug) n.xbgr.xr79_u23.nr1: WARNING: V(i1,c) voltage is greater than specified by vmax
OSDI(debug) n.xbgr.xr79_u23.nr1: WARNING: V(i2,c) voltage is greater than specified by vmax
OSDI(debug) n.xbgr.xr79_u22.nr1: WARNING: V(i1,c) voltage is greater than specified by vmax
OSDI(debug) n.xbgr.xr79_u22.nr1: WARNING: V(i2,c) voltage is greater than specified by vmax
OSDI(debug) n.xbgr.xr79_u21.nr1: WARNING: V(i1,c) voltage is greater than specified by vmax
OSDI(debug) n.xbgr.xr79_u21.nr1: WARNING: V(i2,c) voltage is greater than specified by vmax
OSDI(debug) n.xbgr.xr79_u20.nr1: WARNING: V(i1,c) voltage is greater than specified by vmax
OSDI(debug) n.xbgr.xr79_u20.nr1: WARNING: V(i2,c) voltage is greater than specified by vmax
OSDI(debug) n.xbgr.xr79_u19.nr1: WARNING: V(i1,c) voltage is greater than specified by vmax
OSDI(debug) n.xbgr.xr79_u19.nr1: WARNING: V(i2,c) voltage is greater than specified by vmax
OSDI(debug) n.xbgr.xr79_u18.nr1: WARNING: V(i1,c) voltage is greater than specified by vmax
OSDI(debug) n.xbgr.xr79_u18.nr1: WARNING: V(i2,c) voltage is greater than specified by vmax
OSDI(debug) n.xbgr.xr79_u17.nr1: WARNING: V(i1,c) voltage is greater than specified by vmax
OSDI(debug) n.xbgr.xr79_u17.nr1: WARNING: V(i2,c) voltage is greater than specified by vmax
OSDI(debug) n.xbgr.xr79_u16.nr1: WARNING: V(i1,c) voltage is greater than specified by vmax
OSDI(debug) n.xbgr.xr79_u16.nr1: WARNING: V(i2,c) voltage is greater than specified by vmax
OSDI(debug) n.xbgr.xr79_u15.nr1: WARNING: V(i1,c) voltage is greater than specified by vmax
OSDI(debug) n.xbgr.xr79_u15.nr1: WARNING: V(i2,c) voltage is greater than specified by vmax
OSDI(debug) n.xbgr.xr79_u14.nr1: WARNING: V(i1,c) voltage is greater than specified by vmax
OSDI(debug) n.xbgr.xr79_u14.nr1: WARNING: V(i2,c) voltage is greater than specified by vmax
OSDI(debug) n.xbgr.xr79_u13.nr1: WARNING: V(i1,c) voltage is greater than specified by vmax
OSDI(debug) n.xbgr.xr79_u13.nr1: WARNING: V(i2,c) voltage is greater than specified by vmax
OSDI(debug) n.xbgr.xr79_u12.nr1: WARNING: V(i1,c) voltage is greater than specified by vmax
OSDI(debug) n.xbgr.xr79_u12.nr1: WARNING: V(i2,c) voltage is greater than specified by vmax
OSDI(debug) n.xbgr.xr79_u11.nr1: WARNING: V(i1,c) voltage is greater than specified by vmax
OSDI(debug) n.xbgr.xr79_u11.nr1: WARNING: V(i2,c) voltage is greater than specified by vmax
OSDI(debug) n.xbgr.xr79_u10.nr1: WARNING: V(i1,c) voltage is greater than specified by vmax
OSDI(debug) n.xbgr.xr79_u10.nr1: WARNING: V(i2,c) voltage is greater than specified by vmax
OSDI(debug) n.xbgr.xr79_u9.nr1: WARNING: V(i1,c) voltage is greater than specified by vmax
OSDI(debug) n.xbgr.xr79_u9.nr1: WARNING: V(i2,c) voltage is greater than specified by vmax
OSDI(debug) n.xbgr.xr79_u8.nr1: WARNING: V(i1,c) voltage is greater than specified by vmax
OSDI(debug) n.xbgr.xr79_u8.nr1: WARNING: V(i2,c) voltage is greater than specified by vmax
OSDI(debug) n.xbgr.xr79_u7.nr1: WARNING: V(i1,c) voltage is greater than specified by vmax
OSDI(debug) n.xbgr.xr79_u7.nr1: WARNING: V(i2,c) voltage is greater than specified by vmax
OSDI(debug) n.xbgr.xr79_u6.nr1: WARNING: V(i1,c) voltage is greater than specified by vmax
OSDI(debug) n.xbgr.xr79_u6.nr1: WARNING: V(i2,c) voltage is greater than specified by vmax
OSDI(debug) n.xbgr.xr79_u5.nr1: WARNING: V(i1,c) voltage is greater than specified by vmax
OSDI(debug) n.xbgr.xr79_u5.nr1: WARNING: V(i2,c) voltage is greater than specified by vmax
OSDI(debug) n.xbgr.xr79_u4.nr1: WARNING: V(i1,c) voltage is greater than specified by vmax
OSDI(debug) n.xbgr.xr79_u4.nr1: WARNING: V(i2,c) voltage is greater than specified by vmax
OSDI(debug) n.xbgr.xr79_u3.nr1: WARNING: V(i1,c) voltage is greater than specified by vmax
OSDI(debug) n.xbgr.xr79_u3.nr1: WARNING: V(i2,c) voltage is greater than specified by vmax
OSDI(debug) n.xbgr.xr79_u2.nr1: WARNING: V(i1,c) voltage is greater than specified by vmax
OSDI(debug) n.xbgr.xr79_u2.nr1: WARNING: V(i2,c) voltage is greater than specified by vmax
OSDI(debug) n.xbgr.xr78_u24.nr1: WARNING: V(i1,c) voltage is greater than specified by vmax
OSDI(debug) n.xbgr.xr78_u24.nr1: WARNING: V(i2,c) voltage is greater than specified by vmax
OSDI(debug) n.xbgr.xr78_u23.nr1: WARNING: V(i1,c) voltage is greater than specified by vmax
OSDI(debug) n.xbgr.xr78_u23.nr1: WARNING: V(i2,c) voltage is greater than specified by vmax
OSDI(debug) n.xbgr.xr78_u22.nr1: WARNING: V(i1,c) voltage is greater than specified by vmax
OSDI(debug) n.xbgr.xr78_u22.nr1: WARNING: V(i2,c) voltage is greater than specified by vmax
OSDI(debug) n.xbgr.xr78_u21.nr1: WARNING: V(i1,c) voltage is greater than specified by vmax
OSDI(debug) n.xbgr.xr78_u21.nr1: WARNING: V(i2,c) voltage is greater than specified by vmax
OSDI(debug) n.xbgr.xr78_u20.nr1: WARNING: V(i1,c) voltage is greater than specified by vmax
OSDI(debug) n.xbgr.xr78_u20.nr1: WARNING: V(i2,c) voltage is greater than specified by vmax
OSDI(debug) n.xbgr.xr78_u19.nr1: WARNING: V(i1,c) voltage is greater than specified by vmax
OSDI(debug) n.xbgr.xr78_u19.nr1: WARNING: V(i2,c) voltage is greater than specified by vmax
OSDI(debug) n.xbgr.xr78_u18.nr1: WARNING: V(i1,c) voltage is greater than specified by vmax
OSDI(debug) n.xbgr.xr78_u18.nr1: WARNING: V(i2,c) voltage is greater than specified by vmax
OSDI(debug) n.xbgr.xr78_u17.nr1: WARNING: V(i1,c) voltage is greater than specified by vmax
OSDI(debug) n.xbgr.xr78_u17.nr1: WARNING: V(i2,c) voltage is greater than specified by vmax
OSDI(debug) n.xbgr.xr78_u16.nr1: WARNING: V(i1,c) voltage is greater than specified by vmax
OSDI(debug) n.xbgr.xr78_u16.nr1: WARNING: V(i2,c) voltage is greater than specified by vmax
OSDI(debug) n.xbgr.xr78_u15.nr1: WARNING: V(i1,c) voltage is greater than specified by vmax
OSDI(debug) n.xbgr.xr78_u15.nr1: WARNING: V(i2,c) voltage is greater than specified by vmax
OSDI(debug) n.xbgr.xr78_u14.nr1: WARNING: V(i1,c) voltage is greater than specified by vmax
OSDI(debug) n.xbgr.xr78_u14.nr1: WARNING: V(i2,c) voltage is greater than specified by vmax
OSDI(debug) n.xbgr.xr78_u13.nr1: WARNING: V(i1,c) voltage is greater than specified by vmax
OSDI(debug) n.xbgr.xr78_u13.nr1: WARNING: V(i2,c) voltage is greater than specified by vmax
OSDI(debug) n.xbgr.xr78_u12.nr1: WARNING: V(i1,c) voltage is greater than specified by vmax
OSDI(debug) n.xbgr.xr78_u12.nr1: WARNING: V(i2,c) voltage is greater than specified by vmax
OSDI(debug) n.xbgr.xr78_u11.nr1: WARNING: V(i1,c) voltage is greater than specified by vmax
OSDI(debug) n.xbgr.xr78_u11.nr1: WARNING: V(i2,c) voltage is greater than specified by vmax
OSDI(debug) n.xbgr.xr78_u10.nr1: WARNING: V(i1,c) voltage is greater than specified by vmax
OSDI(debug) n.xbgr.xr78_u10.nr1: WARNING: V(i2,c) voltage is greater than specified by vmax
OSDI(debug) n.xbgr.xr78_u9.nr1: WARNING: V(i1,c) voltage is greater than specified by vmax
OSDI(debug) n.xbgr.xr78_u9.nr1: WARNING: V(i2,c) voltage is greater than specified by vmax
OSDI(debug) n.xbgr.xr78_u8.nr1: WARNING: V(i1,c) voltage is greater than specified by vmax
OSDI(debug) n.xbgr.xr78_u8.nr1: WARNING: V(i2,c) voltage is greater than specified by vmax
OSDI(debug) n.xbgr.xr78_u7.nr1: WARNING: V(i1,c) voltage is greater than specified by vmax
OSDI(debug) n.xbgr.xr78_u7.nr1: WARNING: V(i2,c) voltage is greater than specified by vmax
OSDI(debug) n.xbgr.xr78_u6.nr1: WARNING: V(i1,c) voltage is greater than specified by vmax
OSDI(debug) n.xbgr.xr78_u6.nr1: WARNING: V(i2,c) voltage is greater than specified by vmax
OSDI(debug) n.xbgr.xr78_u5.nr1: WARNING: V(i1,c) voltage is greater than specified by vmax
OSDI(debug) n.xbgr.xr78_u5.nr1: WARNING: V(i2,c) voltage is greater than specified by vmax
OSDI(debug) n.xbgr.xr78_u4.nr1: WARNING: V(i1,c) voltage is greater than specified by vmax
OSDI(debug) n.xbgr.xr78_u4.nr1: WARNING: V(i2,c) voltage is greater than specified by vmax
OSDI(debug) n.xbgr.xr78_u3.nr1: WARNING: V(i1,c) voltage is greater than specified by vmax
OSDI(debug) n.xbgr.xr78_u3.nr1: WARNING: V(i2,c) voltage is greater than specified by vmax
OSDI(debug) n.xbgr.xr78_u2.nr1: WARNING: V(i1,c) voltage is greater than specified by vmax
OSDI(debug) n.xbgr.xr78_u2.nr1: WARNING: V(i2,c) voltage is greater than specified by vmax
OSDI(debug) n.xbgr.xr77_u24.nr1: WARNING: V(i1,c) voltage is greater than specified by vmax
OSDI(debug) n.xbgr.xr77_u24.nr1: WARNING: V(i2,c) voltage is greater than specified by vmax
OSDI(debug) n.xbgr.xr77_u23.nr1: WARNING: V(i1,c) voltage is greater than specified by vmax
OSDI(debug) n.xbgr.xr77_u23.nr1: WARNING: V(i2,c) voltage is greater than specified by vmax
OSDI(debug) n.xbgr.xr77_u22.nr1: WARNING: V(i1,c) voltage is greater than specified by vmax
OSDI(debug) n.xbgr.xr77_u22.nr1: WARNING: V(i2,c) voltage is greater than specified by vmax
OSDI(debug) n.xbgr.xr77_u21.nr1: WARNING: V(i1,c) voltage is greater than specified by vmax
OSDI(debug) n.xbgr.xr77_u21.nr1: WARNING: V(i2,c) voltage is greater than specified by vmax
OSDI(debug) n.xbgr.xr77_u20.nr1: WARNING: V(i1,c) voltage is greater than specified by vmax
OSDI(debug) n.xbgr.xr77_u20.nr1: WARNING: V(i2,c) voltage is greater than specified by vmax
OSDI(debug) n.xbgr.xr77_u19.nr1: WARNING: V(i1,c) voltage is greater than specified by vmax
OSDI(debug) n.xbgr.xr77_u19.nr1: WARNING: V(i2,c) voltage is greater than specified by vmax
OSDI(debug) n.xbgr.xr77_u18.nr1: WARNING: V(i1,c) voltage is greater than specified by vmax
OSDI(debug) n.xbgr.xr77_u18.nr1: WARNING: V(i2,c) voltage is greater than specified by vmax
OSDI(debug) n.xbgr.xr77_u17.nr1: WARNING: V(i1,c) voltage is greater than specified by vmax
OSDI(debug) n.xbgr.xr77_u17.nr1: WARNING: V(i2,c) voltage is greater than specified by vmax
OSDI(debug) n.xbgr.xr77_u16.nr1: WARNING: V(i1,c) voltage is greater than specified by vmax
OSDI(debug) n.xbgr.xr77_u16.nr1: WARNING: V(i2,c) voltage is greater than specified by vmax
OSDI(debug) n.xbgr.xr77_u15.nr1: WARNING: V(i1,c) voltage is greater than specified by vmax
OSDI(debug) n.xbgr.xr77_u15.nr1: WARNING: V(i2,c) voltage is greater than specified by vmax
OSDI(debug) n.xbgr.xr77_u14.nr1: WARNING: V(i1,c) voltage is greater than specified by vmax
OSDI(debug) n.xbgr.xr77_u14.nr1: WARNING: V(i2,c) voltage is greater than specified by vmax
OSDI(debug) n.xbgr.xr77_u13.nr1: WARNING: V(i1,c) voltage is greater than specified by vmax
OSDI(debug) n.xbgr.xr77_u13.nr1: WARNING: V(i2,c) voltage is greater than specified by vmax
OSDI(debug) n.xbgr.xr77_u12.nr1: WARNING: V(i1,c) voltage is greater than specified by vmax
OSDI(debug) n.xbgr.xr77_u12.nr1: WARNING: V(i2,c) voltage is greater than specified by vmax
OSDI(debug) n.xbgr.xr77_u11.nr1: WARNING: V(i1,c) voltage is greater than specified by vmax
OSDI(debug) n.xbgr.xr77_u11.nr1: WARNING: V(i2,c) voltage is greater than specified by vmax
OSDI(debug) n.xbgr.xr77_u10.nr1: WARNING: V(i1,c) voltage is greater than specified by vmax
OSDI(debug) n.xbgr.xr77_u10.nr1: WARNING: V(i2,c) voltage is greater than specified by vmax
OSDI(debug) n.xbgr.xr77_u9.nr1: WARNING: V(i1,c) voltage is greater than specified by vmax
OSDI(debug) n.xbgr.xr77_u9.nr1: WARNING: V(i2,c) voltage is greater than specified by vmax
OSDI(debug) n.xbgr.xr77_u8.nr1: WARNING: V(i1,c) voltage is greater than specified by vmax
OSDI(debug) n.xbgr.xr77_u8.nr1: WARNING: V(i2,c) voltage is greater than specified by vmax
OSDI(debug) n.xbgr.xr77_u7.nr1: WARNING: V(i1,c) voltage is greater than specified by vmax
OSDI(debug) n.xbgr.xr77_u7.nr1: WARNING: V(i2,c) voltage is greater than specified by vmax
OSDI(debug) n.xbgr.xr77_u6.nr1: WARNING: V(i1,c) voltage is greater than specified by vmax
OSDI(debug) n.xbgr.xr77_u6.nr1: WARNING: V(i2,c) voltage is greater than specified by vmax
OSDI(debug) n.xbgr.xr77_u5.nr1: WARNING: V(i1,c) voltage is greater than specified by vmax
OSDI(debug) n.xbgr.xr77_u5.nr1: WARNING: V(i2,c) voltage is greater than specified by vmax
OSDI(debug) n.xbgr.xr77_u4.nr1: WARNING: V(i1,c) voltage is greater than specified by vmax
OSDI(debug) n.xbgr.xr77_u4.nr1: WARNING: V(i2,c) voltage is greater than specified by vmax
OSDI(debug) n.xbgr.xr77_u3.nr1: WARNING: V(i1,c) voltage is greater than specified by vmax
OSDI(debug) n.xbgr.xr77_u3.nr1: WARNING: V(i2,c) voltage is greater than specified by vmax
OSDI(debug) n.xbgr.xr77_u2.nr1: WARNING: V(i1,c) voltage is greater than specified by vmax
OSDI(debug) n.xbgr.xr77_u2.nr1: WARNING: V(i2,c) voltage is greater than specified by vmax
OSDI(debug) n.xbgr.xr26_u24.nr1: WARNING: V(i1,c) voltage is greater than specified by vmax
OSDI(debug) n.xbgr.xr26_u24.nr1: WARNING: V(i2,c) voltage is greater than specified by vmax
OSDI(debug) n.xbgr.xr26_u23.nr1: WARNING: V(i1,c) voltage is greater than specified by vmax
OSDI(debug) n.xbgr.xr26_u23.nr1: WARNING: V(i2,c) voltage is greater than specified by vmax
OSDI(debug) n.xbgr.xr26_u22.nr1: WARNING: V(i1,c) voltage is greater than specified by vmax
OSDI(debug) n.xbgr.xr26_u22.nr1: WARNING: V(i2,c) voltage is greater than specified by vmax
OSDI(debug) n.xbgr.xr26_u21.nr1: WARNING: V(i1,c) voltage is greater than specified by vmax
OSDI(debug) n.xbgr.xr26_u21.nr1: WARNING: V(i2,c) voltage is greater than specified by vmax
OSDI(debug) n.xbgr.xr26_u20.nr1: WARNING: V(i1,c) voltage is greater than specified by vmax
OSDI(debug) n.xbgr.xr26_u20.nr1: WARNING: V(i2,c) voltage is greater than specified by vmax
OSDI(debug) n.xbgr.xr26_u19.nr1: WARNING: V(i1,c) voltage is greater than specified by vmax
OSDI(debug) n.xbgr.xr26_u19.nr1: WARNING: V(i2,c) voltage is greater than specified by vmax
OSDI(debug) n.xbgr.xr26_u18.nr1: WARNING: V(i1,c) voltage is greater than specified by vmax
OSDI(debug) n.xbgr.xr26_u18.nr1: WARNING: V(i2,c) voltage is greater than specified by vmax
OSDI(debug) n.xbgr.xr26_u17.nr1: WARNING: V(i1,c) voltage is greater than specified by vmax
OSDI(debug) n.xbgr.xr26_u17.nr1: WARNING: V(i2,c) voltage is greater than specified by vmax
OSDI(debug) n.xbgr.xr26_u16.nr1: WARNING: V(i1,c) voltage is greater than specified by vmax
OSDI(debug) n.xbgr.xr26_u16.nr1: WARNING: V(i2,c) voltage is greater than specified by vmax
OSDI(debug) n.xbgr.xr26_u15.nr1: WARNING: V(i1,c) voltage is greater than specified by vmax
OSDI(debug) n.xbgr.xr26_u15.nr1: WARNING: V(i2,c) voltage is greater than specified by vmax
OSDI(debug) n.xbgr.xr26_u14.nr1: WARNING: V(i1,c) voltage is greater than specified by vmax
OSDI(debug) n.xbgr.xr26_u14.nr1: WARNING: V(i2,c) voltage is greater than specified by vmax
OSDI(debug) n.xbgr.xr26_u13.nr1: WARNING: V(i1,c) voltage is greater than specified by vmax
OSDI(debug) n.xbgr.xr26_u13.nr1: WARNING: V(i2,c) voltage is greater than specified by vmax
OSDI(debug) n.xbgr.xr26_u12.nr1: WARNING: V(i1,c) voltage is greater than specified by vmax
OSDI(debug) n.xbgr.xr26_u12.nr1: WARNING: V(i2,c) voltage is greater than specified by vmax
OSDI(debug) n.xbgr.xr26_u11.nr1: WARNING: V(i1,c) voltage is greater than specified by vmax
OSDI(debug) n.xbgr.xr26_u11.nr1: WARNING: V(i2,c) voltage is greater than specified by vmax
OSDI(debug) n.xbgr.xr26_u10.nr1: WARNING: V(i1,c) voltage is greater than specified by vmax
OSDI(debug) n.xbgr.xr26_u10.nr1: WARNING: V(i2,c) voltage is greater than specified by vmax
OSDI(debug) n.xbgr.xr26_u9.nr1: WARNING: V(i1,c) voltage is greater than specified by vmax
OSDI(debug) n.xbgr.xr26_u9.nr1: WARNING: V(i2,c) voltage is greater than specified by vmax
OSDI(debug) n.xbgr.xr26_u8.nr1: WARNING: V(i1,c) voltage is greater than specified by vmax
OSDI(debug) n.xbgr.xr26_u8.nr1: WARNING: V(i2,c) voltage is greater than specified by vmax
OSDI(debug) n.xbgr.xr26_u7.nr1: WARNING: V(i1,c) voltage is greater than specified by vmax
OSDI(debug) n.xbgr.xr26_u7.nr1: WARNING: V(i2,c) voltage is greater than specified by vmax
OSDI(debug) n.xbgr.xr26_u6.nr1: WARNING: V(i1,c) voltage is greater than specified by vmax
OSDI(debug) n.xbgr.xr26_u6.nr1: WARNING: V(i2,c) voltage is greater than specified by vmax
OSDI(debug) n.xbgr.xr26_u5.nr1: WARNING: V(i1,c) voltage is greater than specified by vmax
OSDI(debug) n.xbgr.xr26_u5.nr1: WARNING: V(i2,c) voltage is greater than specified by vmax
OSDI(debug) n.xbgr.xr26_u4.nr1: WARNING: V(i1,c) voltage is greater than specified by vmax
OSDI(debug) n.xbgr.xr26_u4.nr1: WARNING: V(i2,c) voltage is greater than specified by vmax
OSDI(debug) n.xbgr.xr26_u3.nr1: WARNING: V(i1,c) voltage is greater than specified by vmax
OSDI(debug) n.xbgr.xr26_u3.nr1: WARNING: V(i2,c) voltage is greater than specified by vmax
OSDI(debug) n.xbgr.xr26_u2.nr1: WARNING: V(i1,c) voltage is greater than specified by vmax
OSDI(debug) n.xbgr.xr26_u2.nr1: WARNING: V(i2,c) voltage is greater than specified by vmax
OSDI(debug) n.xbgr.xr25_u24.nr1: WARNING: V(i1,c) voltage is greater than specified by vmax
OSDI(debug) n.xbgr.xr25_u24.nr1: WARNING: V(i2,c) voltage is greater than specified by vmax
OSDI(debug) n.xbgr.xr25_u23.nr1: WARNING: V(i1,c) voltage is greater than specified by vmax
OSDI(debug) n.xbgr.xr25_u23.nr1: WARNING: V(i2,c) voltage is greater than specified by vmax
OSDI(debug) n.xbgr.xr25_u22.nr1: WARNING: V(i1,c) voltage is greater than specified by vmax
OSDI(debug) n.xbgr.xr25_u22.nr1: WARNING: V(i2,c) voltage is greater than specified by vmax
OSDI(debug) n.xbgr.xr25_u21.nr1: WARNING: V(i1,c) voltage is greater than specified by vmax
OSDI(debug) n.xbgr.xr25_u21.nr1: WARNING: V(i2,c) voltage is greater than specified by vmax
OSDI(debug) n.xbgr.xr25_u20.nr1: WARNING: V(i1,c) voltage is greater than specified by vmax
OSDI(debug) n.xbgr.xr25_u20.nr1: WARNING: V(i2,c) voltage is greater than specified by vmax
OSDI(debug) n.xbgr.xr25_u19.nr1: WARNING: V(i1,c) voltage is greater than specified by vmax
OSDI(debug) n.xbgr.xr25_u19.nr1: WARNING: V(i2,c) voltage is greater than specified by vmax
OSDI(debug) n.xbgr.xr25_u18.nr1: WARNING: V(i1,c) voltage is greater than specified by vmax
OSDI(debug) n.xbgr.xr25_u18.nr1: WARNING: V(i2,c) voltage is greater than specified by vmax
OSDI(debug) n.xbgr.xr25_u17.nr1: WARNING: V(i1,c) voltage is greater than specified by vmax
OSDI(debug) n.xbgr.xr25_u17.nr1: WARNING: V(i2,c) voltage is greater than specified by vmax
OSDI(debug) n.xbgr.xr25_u16.nr1: WARNING: V(i1,c) voltage is greater than specified by vmax
OSDI(debug) n.xbgr.xr25_u16.nr1: WARNING: V(i2,c) voltage is greater than specified by vmax
OSDI(debug) n.xbgr.xr25_u15.nr1: WARNING: V(i1,c) voltage is greater than specified by vmax
OSDI(debug) n.xbgr.xr25_u15.nr1: WARNING: V(i2,c) voltage is greater than specified by vmax
OSDI(debug) n.xbgr.xr25_u14.nr1: WARNING: V(i1,c) voltage is greater than specified by vmax
OSDI(debug) n.xbgr.xr25_u14.nr1: WARNING: V(i2,c) voltage is greater than specified by vmax
OSDI(debug) n.xbgr.xr25_u13.nr1: WARNING: V(i1,c) voltage is greater than specified by vmax
OSDI(debug) n.xbgr.xr25_u13.nr1: WARNING: V(i2,c) voltage is greater than specified by vmax
OSDI(debug) n.xbgr.xr25_u12.nr1: WARNING: V(i1,c) voltage is greater than specified by vmax
OSDI(debug) n.xbgr.xr25_u12.nr1: WARNING: V(i2,c) voltage is greater than specified by vmax
OSDI(debug) n.xbgr.xr25_u11.nr1: WARNING: V(i1,c) voltage is greater than specified by vmax
OSDI(debug) n.xbgr.xr25_u11.nr1: WARNING: V(i2,c) voltage is greater than specified by vmax
OSDI(debug) n.xbgr.xr25_u10.nr1: WARNING: V(i1,c) voltage is greater than specified by vmax
OSDI(debug) n.xbgr.xr25_u10.nr1: WARNING: V(i2,c) voltage is greater than specified by vmax
OSDI(debug) n.xbgr.xr25_u9.nr1: WARNING: V(i1,c) voltage is greater than specified by vmax
OSDI(debug) n.xbgr.xr25_u9.nr1: WARNING: V(i2,c) voltage is greater than specified by vmax
OSDI(debug) n.xbgr.xr25_u8.nr1: WARNING: V(i1,c) voltage is greater than specified by vmax
OSDI(debug) n.xbgr.xr25_u8.nr1: WARNING: V(i2,c) voltage is greater than specified by vmax
OSDI(debug) n.xbgr.xr25_u7.nr1: WARNING: V(i1,c) voltage is greater than specified by vmax
OSDI(debug) n.xbgr.xr25_u7.nr1: WARNING: V(i2,c) voltage is greater than specified by vmax
OSDI(debug) n.xbgr.xr25_u6.nr1: WARNING: V(i1,c) voltage is greater than specified by vmax
OSDI(debug) n.xbgr.xr25_u6.nr1: WARNING: V(i2,c) voltage is greater than specified by vmax
OSDI(debug) n.xbgr.xr25_u5.nr1: WARNING: V(i1,c) voltage is greater than specified by vmax
OSDI(debug) n.xbgr.xr25_u5.nr1: WARNING: V(i2,c) voltage is greater than specified by vmax
OSDI(debug) n.xbgr.xr25_u4.nr1: WARNING: V(i1,c) voltage is greater than specified by vmax
OSDI(debug) n.xbgr.xr25_u4.nr1: WARNING: V(i2,c) voltage is greater than specified by vmax
OSDI(debug) n.xbgr.xr25_u3.nr1: WARNING: V(i1,c) voltage is greater than specified by vmax
OSDI(debug) n.xbgr.xr25_u3.nr1: WARNING: V(i2,c) voltage is greater than specified by vmax
OSDI(debug) n.xbgr.xr25_u2.nr1: WARNING: V(i1,c) voltage is greater than specified by vmax
OSDI(debug) n.xbgr.xr25_u2.nr1: WARNING: V(i2,c) voltage is greater than specified by vmax
OSDI(debug) n.xbgr.xr24_u24.nr1: WARNING: V(i1,c) voltage is greater than specified by vmax
OSDI(debug) n.xbgr.xr24_u24.nr1: WARNING: V(i2,c) voltage is greater than specified by vmax
OSDI(debug) n.xbgr.xr24_u23.nr1: WARNING: V(i1,c) voltage is greater than specified by vmax
OSDI(debug) n.xbgr.xr24_u23.nr1: WARNING: V(i2,c) voltage is greater than specified by vmax
OSDI(debug) n.xbgr.xr24_u22.nr1: WARNING: V(i1,c) voltage is greater than specified by vmax
OSDI(debug) n.xbgr.xr24_u22.nr1: WARNING: V(i2,c) voltage is greater than specified by vmax
OSDI(debug) n.xbgr.xr24_u21.nr1: WARNING: V(i1,c) voltage is greater than specified by vmax
OSDI(debug) n.xbgr.xr24_u21.nr1: WARNING: V(i2,c) voltage is greater than specified by vmax
OSDI(debug) n.xbgr.xr24_u20.nr1: WARNING: V(i1,c) voltage is greater than specified by vmax
OSDI(debug) n.xbgr.xr24_u20.nr1: WARNING: V(i2,c) voltage is greater than specified by vmax
OSDI(debug) n.xbgr.xr24_u19.nr1: WARNING: V(i1,c) voltage is greater than specified by vmax
OSDI(debug) n.xbgr.xr24_u19.nr1: WARNING: V(i2,c) voltage is greater than specified by vmax
OSDI(debug) n.xbgr.xr24_u18.nr1: WARNING: V(i1,c) voltage is greater than specified by vmax
OSDI(debug) n.xbgr.xr24_u18.nr1: WARNING: V(i2,c) voltage is greater than specified by vmax
OSDI(debug) n.xbgr.xr24_u17.nr1: WARNING: V(i1,c) voltage is greater than specified by vmax
OSDI(debug) n.xbgr.xr24_u17.nr1: WARNING: V(i2,c) voltage is greater than specified by vmax
OSDI(debug) n.xbgr.xr24_u16.nr1: WARNING: V(i1,c) voltage is greater than specified by vmax
OSDI(debug) n.xbgr.xr24_u16.nr1: WARNING: V(i2,c) voltage is greater than specified by vmax
OSDI(debug) n.xbgr.xr24_u15.nr1: WARNING: V(i1,c) voltage is greater than specified by vmax
OSDI(debug) n.xbgr.xr24_u15.nr1: WARNING: V(i2,c) voltage is greater than specified by vmax
OSDI(debug) n.xbgr.xr24_u14.nr1: WARNING: V(i1,c) voltage is greater than specified by vmax
OSDI(debug) n.xbgr.xr24_u14.nr1: WARNING: V(i2,c) voltage is greater than specified by vmax
OSDI(debug) n.xbgr.xr24_u13.nr1: WARNING: V(i1,c) voltage is greater than specified by vmax
OSDI(debug) n.xbgr.xr24_u13.nr1: WARNING: V(i2,c) voltage is greater than specified by vmax
OSDI(debug) n.xbgr.xr24_u12.nr1: WARNING: V(i1,c) voltage is greater than specified by vmax
OSDI(debug) n.xbgr.xr24_u12.nr1: WARNING: V(i2,c) voltage is greater than specified by vmax
OSDI(debug) n.xbgr.xr24_u11.nr1: WARNING: V(i1,c) voltage is greater than specified by vmax
OSDI(debug) n.xbgr.xr24_u11.nr1: WARNING: V(i2,c) voltage is greater than specified by vmax
OSDI(debug) n.xbgr.xr24_u10.nr1: WARNING: V(i1,c) voltage is greater than specified by vmax
OSDI(debug) n.xbgr.xr24_u10.nr1: WARNING: V(i2,c) voltage is greater than specified by vmax
OSDI(debug) n.xbgr.xr24_u9.nr1: WARNING: V(i1,c) voltage is greater than specified by vmax
OSDI(debug) n.xbgr.xr24_u9.nr1: WARNING: V(i2,c) voltage is greater than specified by vmax
OSDI(debug) n.xbgr.xr24_u8.nr1: WARNING: V(i1,c) voltage is greater than specified by vmax
OSDI(debug) n.xbgr.xr24_u8.nr1: WARNING: V(i2,c) voltage is greater than specified by vmax
OSDI(debug) n.xbgr.xr24_u7.nr1: WARNING: V(i1,c) voltage is greater than specified by vmax
OSDI(debug) n.xbgr.xr24_u7.nr1: WARNING: V(i2,c) voltage is greater than specified by vmax
OSDI(debug) n.xbgr.xr24_u6.nr1: WARNING: V(i1,c) voltage is greater than specified by vmax
OSDI(debug) n.xbgr.xr24_u6.nr1: WARNING: V(i2,c) voltage is greater than specified by vmax
OSDI(debug) n.xbgr.xr24_u5.nr1: WARNING: V(i1,c) voltage is greater than specified by vmax
OSDI(debug) n.xbgr.xr24_u5.nr1: WARNING: V(i2,c) voltage is greater than specified by vmax
OSDI(debug) n.xbgr.xr24_u4.nr1: WARNING: V(i1,c) voltage is greater than specified by vmax
OSDI(debug) n.xbgr.xr24_u4.nr1: WARNING: V(i2,c) voltage is greater than specified by vmax
OSDI(debug) n.xbgr.xr24_u3.nr1: WARNING: V(i1,c) voltage is greater than specified by vmax
OSDI(debug) n.xbgr.xr24_u3.nr1: WARNING: V(i2,c) voltage is greater than specified by vmax
OSDI(debug) n.xbgr.xr24_u2.nr1: WARNING: V(i1,c) voltage is greater than specified by vmax
OSDI(debug) n.xbgr.xr24_u2.nr1: WARNING: V(i2,c) voltage is greater than specified by vmax
OSDI(debug) n.xbgr.xr23_u24.nr1: WARNING: V(i1,c) voltage is greater than specified by vmax
OSDI(debug) n.xbgr.xr23_u24.nr1: WARNING: V(i2,c) voltage is greater than specified by vmax
OSDI(debug) n.xbgr.xr23_u23.nr1: WARNING: V(i1,c) voltage is greater than specified by vmax
OSDI(debug) n.xbgr.xr23_u23.nr1: WARNING: V(i2,c) voltage is greater than specified by vmax
OSDI(debug) n.xbgr.xr23_u22.nr1: WARNING: V(i1,c) voltage is greater than specified by vmax
OSDI(debug) n.xbgr.xr23_u22.nr1: WARNING: V(i2,c) voltage is greater than specified by vmax
OSDI(debug) n.xbgr.xr23_u21.nr1: WARNING: V(i1,c) voltage is greater than specified by vmax
OSDI(debug) n.xbgr.xr23_u21.nr1: WARNING: V(i2,c) voltage is greater than specified by vmax
OSDI(debug) n.xbgr.xr23_u20.nr1: WARNING: V(i1,c) voltage is greater than specified by vmax
OSDI(debug) n.xbgr.xr23_u20.nr1: WARNING: V(i2,c) voltage is greater than specified by vmax
OSDI(debug) n.xbgr.xr23_u19.nr1: WARNING: V(i1,c) voltage is greater than specified by vmax
OSDI(debug) n.xbgr.xr23_u19.nr1: WARNING: V(i2,c) voltage is greater than specified by vmax
OSDI(debug) n.xbgr.xr23_u18.nr1: WARNING: V(i1,c) voltage is greater than specified by vmax
OSDI(debug) n.xbgr.xr23_u18.nr1: WARNING: V(i2,c) voltage is greater than specified by vmax
OSDI(debug) n.xbgr.xr23_u17.nr1: WARNING: V(i1,c) voltage is greater than specified by vmax
OSDI(debug) n.xbgr.xr23_u17.nr1: WARNING: V(i2,c) voltage is greater than specified by vmax
OSDI(debug) n.xbgr.xr23_u16.nr1: WARNING: V(i1,c) voltage is greater than specified by vmax
OSDI(debug) n.xbgr.xr23_u16.nr1: WARNING: V(i2,c) voltage is greater than specified by vmax
OSDI(debug) n.xbgr.xr23_u15.nr1: WARNING: V(i1,c) voltage is greater than specified by vmax
OSDI(debug) n.xbgr.xr23_u15.nr1: WARNING: V(i2,c) voltage is greater than specified by vmax
OSDI(debug) n.xbgr.xr23_u14.nr1: WARNING: V(i1,c) voltage is greater than specified by vmax
OSDI(debug) n.xbgr.xr23_u14.nr1: WARNING: V(i2,c) voltage is greater than specified by vmax
OSDI(debug) n.xbgr.xr23_u13.nr1: WARNING: V(i1,c) voltage is greater than specified by vmax
OSDI(debug) n.xbgr.xr23_u13.nr1: WARNING: V(i2,c) voltage is greater than specified by vmax
OSDI(debug) n.xbgr.xr23_u12.nr1: WARNING: V(i1,c) voltage is greater than specified by vmax
OSDI(debug) n.xbgr.xr23_u12.nr1: WARNING: V(i2,c) voltage is greater than specified by vmax
OSDI(debug) n.xbgr.xr23_u11.nr1: WARNING: V(i1,c) voltage is greater than specified by vmax
OSDI(debug) n.xbgr.xr23_u11.nr1: WARNING: V(i2,c) voltage is greater than specified by vmax
OSDI(debug) n.xbgr.xr23_u10.nr1: WARNING: V(i1,c) voltage is greater than specified by vmax
OSDI(debug) n.xbgr.xr23_u10.nr1: WARNING: V(i2,c) voltage is greater than specified by vmax
OSDI(debug) n.xbgr.xr23_u9.nr1: WARNING: V(i1,c) voltage is greater than specified by vmax
OSDI(debug) n.xbgr.xr23_u9.nr1: WARNING: V(i2,c) voltage is greater than specified by vmax
OSDI(debug) n.xbgr.xr23_u8.nr1: WARNING: V(i1,c) voltage is greater than specified by vmax
OSDI(debug) n.xbgr.xr23_u8.nr1: WARNING: V(i2,c) voltage is greater than specified by vmax
OSDI(debug) n.xbgr.xr23_u7.nr1: WARNING: V(i1,c) voltage is greater than specified by vmax
OSDI(debug) n.xbgr.xr23_u7.nr1: WARNING: V(i2,c) voltage is greater than specified by vmax
OSDI(debug) n.xbgr.xr23_u6.nr1: WARNING: V(i1,c) voltage is greater than specified by vmax
OSDI(debug) n.xbgr.xr23_u6.nr1: WARNING: V(i2,c) voltage is greater than specified by vmax
OSDI(debug) n.xbgr.xr23_u5.nr1: WARNING: V(i1,c) voltage is greater than specified by vmax
OSDI(debug) n.xbgr.xr23_u5.nr1: WARNING: V(i2,c) voltage is greater than specified by vmax
OSDI(debug) n.xbgr.xr23_u4.nr1: WARNING: V(i1,c) voltage is greater than specified by vmax
OSDI(debug) n.xbgr.xr23_u4.nr1: WARNING: V(i2,c) voltage is greater than specified by vmax
OSDI(debug) n.xbgr.xr23_u3.nr1: WARNING: V(i1,c) voltage is greater than specified by vmax
OSDI(debug) n.xbgr.xr23_u3.nr1: WARNING: V(i2,c) voltage is greater than specified by vmax
OSDI(debug) n.xbgr.xr23_u2.nr1: WARNING: V(i1,c) voltage is greater than specified by vmax
OSDI(debug) n.xbgr.xr23_u2.nr1: WARNING: V(i2,c) voltage is greater than specified by vmax
OSDI(debug) n.xbgr.xr22_u4.nr1: WARNING: V(i1,c) voltage is greater than specified by vmax
OSDI(debug) n.xbgr.xr22_u3.nr1: WARNING: V(i1,c) voltage is greater than specified by vmax
OSDI(debug) n.xbgr.xr22_u2.nr1: WARNING: V(i1,c) voltage is greater than specified by vmax
OSDI(debug) n.xbgr.xr21_u4.nr1: WARNING: V(i1,c) voltage is greater than specified by vmax
OSDI(debug) n.xbgr.xr21_u4.nr1: WARNING: V(i2,c) voltage is greater than specified by vmax
OSDI(debug) n.xbgr.xr21_u3.nr1: WARNING: V(i1,c) voltage is greater than specified by vmax
OSDI(debug) n.xbgr.xr21_u3.nr1: WARNING: V(i2,c) voltage is greater than specified by vmax
OSDI(debug) n.xbgr.xr21_u2.nr1: WARNING: V(i1,c) voltage is greater than specified by vmax
OSDI(debug) n.xbgr.xr21_u2.nr1: WARNING: V(i2,c) voltage is greater than specified by vmax
OSDI(debug) n.xbgr.xr20_u4.nr1: WARNING: V(i1,c) voltage is greater than specified by vmax
OSDI(debug) n.xbgr.xr20_u4.nr1: WARNING: V(i2,c) voltage is greater than specified by vmax
OSDI(debug) n.xbgr.xr20_u3.nr1: WARNING: V(i1,c) voltage is greater than specified by vmax
OSDI(debug) n.xbgr.xr20_u3.nr1: WARNING: V(i2,c) voltage is greater than specified by vmax
OSDI(debug) n.xbgr.xr20_u2.nr1: WARNING: V(i1,c) voltage is greater than specified by vmax
OSDI(debug) n.xbgr.xr20_u2.nr1: WARNING: V(i2,c) voltage is greater than specified by vmax
OSDI(debug) n.xbgr.xr19_u4.nr1: WARNING: V(i1,c) voltage is greater than specified by vmax
OSDI(debug) n.xbgr.xr19_u4.nr1: WARNING: V(i2,c) voltage is greater than specified by vmax
OSDI(debug) n.xbgr.xr19_u3.nr1: WARNING: V(i1,c) voltage is greater than specified by vmax
OSDI(debug) n.xbgr.xr19_u3.nr1: WARNING: V(i2,c) voltage is greater than specified by vmax
OSDI(debug) n.xbgr.xr19_u2.nr1: WARNING: V(i1,c) voltage is greater than specified by vmax
OSDI(debug) n.xbgr.xr19_u2.nr1: WARNING: V(i2,c) voltage is greater than specified by vmax
OSDI(debug) n.xbgr.xr18_u4.nr1: WARNING: V(i1,c) voltage is greater than specified by vmax
OSDI(debug) n.xbgr.xr18_u4.nr1: WARNING: V(i2,c) voltage is greater than specified by vmax
OSDI(debug) n.xbgr.xr18_u3.nr1: WARNING: V(i1,c) voltage is greater than specified by vmax
OSDI(debug) n.xbgr.xr18_u3.nr1: WARNING: V(i2,c) voltage is greater than specified by vmax
OSDI(debug) n.xbgr.xr18_u2.nr1: WARNING: V(i1,c) voltage is greater than specified by vmax
OSDI(debug) n.xbgr.xr18_u2.nr1: WARNING: V(i2,c) voltage is greater than specified by vmax
OSDI(debug) n.xbgr.xr17_u4.nr1: WARNING: V(i1,c) voltage is greater than specified by vmax
OSDI(debug) n.xbgr.xr17_u4.nr1: WARNING: V(i2,c) voltage is greater than specified by vmax
OSDI(debug) n.xbgr.xr17_u3.nr1: WARNING: V(i1,c) voltage is greater than specified by vmax
OSDI(debug) n.xbgr.xr17_u3.nr1: WARNING: V(i2,c) voltage is greater than specified by vmax
OSDI(debug) n.xbgr.xr17_u2.nr1: WARNING: V(i1,c) voltage is greater than specified by vmax
OSDI(debug) n.xbgr.xr17_u2.nr1: WARNING: V(i2,c) voltage is greater than specified by vmax
OSDI(debug) n.xbgr.xr16_u24.nr1: WARNING: V(i2,c) voltage is greater than specified by vmax
OSDI(debug) n.xbgr.xr16_u23.nr1: WARNING: V(i2,c) voltage is greater than specified by vmax
OSDI(debug) n.xbgr.xr16_u22.nr1: WARNING: V(i2,c) voltage is greater than specified by vmax
OSDI(debug) n.xbgr.xr16_u21.nr1: WARNING: V(i2,c) voltage is greater than specified by vmax
OSDI(debug) n.xbgr.xr16_u20.nr1: WARNING: V(i2,c) voltage is greater than specified by vmax
OSDI(debug) n.xbgr.xr16_u19.nr1: WARNING: V(i2,c) voltage is greater than specified by vmax
OSDI(debug) n.xbgr.xr16_u18.nr1: WARNING: V(i2,c) voltage is greater than specified by vmax
OSDI(debug) n.xbgr.xr16_u17.nr1: WARNING: V(i2,c) voltage is greater than specified by vmax
OSDI(debug) n.xbgr.xr16_u16.nr1: WARNING: V(i2,c) voltage is greater than specified by vmax
OSDI(debug) n.xbgr.xr16_u15.nr1: WARNING: V(i2,c) voltage is greater than specified by vmax
OSDI(debug) n.xbgr.xr16_u14.nr1: WARNING: V(i2,c) voltage is greater than specified by vmax
OSDI(debug) n.xbgr.xr16_u13.nr1: WARNING: V(i2,c) voltage is greater than specified by vmax
OSDI(debug) n.xbgr.xr16_u12.nr1: WARNING: V(i2,c) voltage is greater than specified by vmax
OSDI(debug) n.xbgr.xr16_u11.nr1: WARNING: V(i2,c) voltage is greater than specified by vmax
OSDI(debug) n.xbgr.xr16_u10.nr1: WARNING: V(i2,c) voltage is greater than specified by vmax
OSDI(debug) n.xbgr.xr16_u9.nr1: WARNING: V(i2,c) voltage is greater than specified by vmax
OSDI(debug) n.xbgr.xr16_u8.nr1: WARNING: V(i2,c) voltage is greater than specified by vmax
OSDI(debug) n.xbgr.xr16_u7.nr1: WARNING: V(i2,c) voltage is greater than specified by vmax
OSDI(debug) n.xbgr.xr16_u6.nr1: WARNING: V(i2,c) voltage is greater than specified by vmax
OSDI(debug) n.xbgr.xr16_u5.nr1: WARNING: V(i2,c) voltage is greater than specified by vmax
OSDI(debug) n.xbgr.xr16_u4.nr1: WARNING: V(i2,c) voltage is greater than specified by vmax
OSDI(debug) n.xbgr.xr16_u3.nr1: WARNING: V(i2,c) voltage is greater than specified by vmax
OSDI(debug) n.xbgr.xr16_u2.nr1: WARNING: V(i2,c) voltage is greater than specified by vmax
OSDI(debug) n.xbgr.xr86.nr1: WARNING: V(i1,c) voltage is greater than specified by vmax
OSDI(debug) n.xbgr.xr86.nr1: WARNING: V(i2,c) voltage is greater than specified by vmax
OSDI(debug) n.xbgr.xr85.nr1: WARNING: V(i1,c) voltage is greater than specified by vmax
OSDI(debug) n.xbgr.xr85.nr1: WARNING: V(i2,c) voltage is greater than specified by vmax
OSDI(debug) n.xbgr.xr84.nr1: WARNING: V(i1,c) voltage is greater than specified by vmax
OSDI(debug) n.xbgr.xr84.nr1: WARNING: V(i2,c) voltage is greater than specified by vmax
OSDI(debug) n.xbgr.xr83.nr1: WARNING: V(i1,c) voltage is greater than specified by vmax
OSDI(debug) n.xbgr.xr83.nr1: WARNING: V(i2,c) voltage is greater than specified by vmax
OSDI(debug) n.xbgr.xr82.nr1: WARNING: V(i1,c) voltage is greater than specified by vmax
OSDI(debug) n.xbgr.xr82.nr1: WARNING: V(i2,c) voltage is greater than specified by vmax
OSDI(debug) n.xbgr.xr81.nr1: WARNING: V(i1,c) voltage is greater than specified by vmax
OSDI(debug) n.xbgr.xr81.nr1: WARNING: V(i2,c) voltage is greater than specified by vmax
OSDI(debug) n.xbgr.xr80.nr1: WARNING: V(i1,c) voltage is greater than specified by vmax
OSDI(debug) n.xbgr.xr80.nr1: WARNING: V(i2,c) voltage is greater than specified by vmax
OSDI(debug) n.xbgr.xr79.nr1: WARNING: V(i1,c) voltage is greater than specified by vmax
OSDI(debug) n.xbgr.xr79.nr1: WARNING: V(i2,c) voltage is greater than specified by vmax
OSDI(debug) n.xbgr.xr78.nr1: WARNING: V(i1,c) voltage is greater than specified by vmax
OSDI(debug) n.xbgr.xr78.nr1: WARNING: V(i2,c) voltage is greater than specified by vmax
OSDI(debug) n.xbgr.xr77.nr1: WARNING: V(i1,c) voltage is greater than specified by vmax
OSDI(debug) n.xbgr.xr77.nr1: WARNING: V(i2,c) voltage is greater than specified by vmax
OSDI(debug) n.xbgr.xr26.nr1: WARNING: V(i1,c) voltage is greater than specified by vmax
OSDI(debug) n.xbgr.xr26.nr1: WARNING: V(i2,c) voltage is greater than specified by vmax
OSDI(debug) n.xbgr.xr25.nr1: WARNING: V(i1,c) voltage is greater than specified by vmax
OSDI(debug) n.xbgr.xr25.nr1: WARNING: V(i2,c) voltage is greater than specified by vmax
OSDI(debug) n.xbgr.xr24.nr1: WARNING: V(i1,c) voltage is greater than specified by vmax
OSDI(debug) n.xbgr.xr24.nr1: WARNING: V(i2,c) voltage is greater than specified by vmax
OSDI(debug) n.xbgr.xr23.nr1: WARNING: V(i1,c) voltage is greater than specified by vmax
OSDI(debug) n.xbgr.xr23.nr1: WARNING: V(i2,c) voltage is greater than specified by vmax
OSDI(debug) n.xbgr.xr22.nr1: WARNING: V(i1,c) voltage is greater than specified by vmax
OSDI(debug) n.xbgr.xr21.nr1: WARNING: V(i1,c) voltage is greater than specified by vmax
OSDI(debug) n.xbgr.xr21.nr1: WARNING: V(i2,c) voltage is greater than specified by vmax
OSDI(debug) n.xbgr.xr20.nr1: WARNING: V(i1,c) voltage is greater than specified by vmax
OSDI(debug) n.xbgr.xr20.nr1: WARNING: V(i2,c) voltage is greater than specified by vmax
OSDI(debug) n.xbgr.xr19.nr1: WARNING: V(i1,c) voltage is greater than specified by vmax
OSDI(debug) n.xbgr.xr19.nr1: WARNING: V(i2,c) voltage is greater than specified by vmax
OSDI(debug) n.xbgr.xr18.nr1: WARNING: V(i1,c) voltage is greater than specified by vmax
OSDI(debug) n.xbgr.xr18.nr1: WARNING: V(i2,c) voltage is greater than specified by vmax
OSDI(debug) n.xbgr.xr17.nr1: WARNING: V(i1,c) voltage is greater than specified by vmax
OSDI(debug) n.xbgr.xr17.nr1: WARNING: V(i2,c) voltage is greater than specified by vmax
OSDI(debug) n.xbgr.xr16.nr1: WARNING: V(i2,c) voltage is greater than specified by vmax
OSDI(debug) n.xbgr.xr11.nr1: WARNING: V(i1,c) voltage is greater than specified by vmax
OSDI(debug) n.xbgr.xr11.nr1: WARNING: V(i2,c) voltage is greater than specified by vmax
OSDI(debug) n.xbgr.xr10.nr1: WARNING: V(i1,c) voltage is greater than specified by vmax
OSDI(debug) n.xbgr.xr10.nr1: WARNING: V(i2,c) voltage is greater than specified by vmax
OSDI(debug) n.xbgr.xr9.nr1: WARNING: V(i1,c) voltage is greater than specified by vmax
OSDI(debug) n.xbgr.xr8.nr1: WARNING: V(i1,c) voltage is greater than specified by vmax
OSDI(debug) n.xbgr.xr8.nr1: WARNING: V(i2,c) voltage is greater than specified by vmax
OSDI(debug) n.xbgr.xr7.nr1: WARNING: V(i1,c) voltage is greater than specified by vmax
OSDI(debug) n.xbgr.xr7.nr1: WARNING: V(i2,c) voltage is greater than specified by vmax
OSDI(debug) n.xbgr.xr6.nr1: WARNING: V(i1,c) voltage is greater than specified by vmax
OSDI(debug) n.xbgr.xr6.nr1: WARNING: V(i2,c) voltage is greater than specified by vmax
OSDI(debug) n.xbgr.xr5.nr1: WARNING: V(i1,c) voltage is greater than specified by vmax
OSDI(debug) n.xbgr.xr5.nr1: WARNING: V(i2,c) voltage is greater than specified by vmax
OSDI(debug) n.xbgr.xr4.nr1: WARNING: V(i1,c) voltage is greater than specified by vmax
OSDI(debug) n.xbgr.xr4.nr1: WARNING: V(i2,c) voltage is greater than specified by vmax
OSDI(debug) n.xbgr.xr3.nr1: WARNING: V(i1,c) voltage is greater than specified by vmax
OSDI(debug) n.xbgr.xr3.nr1: WARNING: V(i2,c) voltage is greater than specified by vmax
OSDI(debug) n.xbgr.xr2.nr1: WARNING: V(i1,c) voltage is greater than specified by vmax
OSDI(debug) n.xbgr.xr2.nr1: WARNING: V(i2,c) voltage is greater than specified by vmax
OSDI(debug) n.xt2f.xr12.nr1: WARNING: V(i1,c) voltage is greater than specified by vmax
OSDI(debug) n.xt2f.xr12.nr1: WARNING: V(i2,c) voltage is greater than specified by vmax
OSDI(debug) n.xt2f.xr11.nr1: WARNING: V(i1,c) voltage is greater than specified by vmax
OSDI(debug) n.xt2f.xr11.nr1: WARNING: V(i2,c) voltage is greater than specified by vmax
OSDI(debug) n.xt2f.xr10.nr1: WARNING: V(i1,c) voltage is greater than specified by vmax
OSDI(debug) n.xt2f.xr10.nr1: WARNING: V(i2,c) voltage is greater than specified by vmax
OSDI(debug) n.xt2f.xr9.nr1: WARNING: V(i1,c) voltage is greater than specified by vmax
OSDI(debug) n.xt2f.xr9.nr1: WARNING: V(i2,c) voltage is greater than specified by vmax
OSDI(debug) n.xt2f.xr8.nr1: WARNING: V(i1,c) voltage is greater than specified by vmax
OSDI(debug) n.xt2f.xr8.nr1: WARNING: V(i2,c) voltage is greater than specified by vmax
OSDI(debug) n.xt2f.xr7.nr1: WARNING: V(i1,c) voltage is greater than specified by vmax
OSDI(debug) n.xt2f.xr7.nr1: WARNING: V(i2,c) voltage is greater than specified by vmax
OSDI(debug) n.xt2f.xr6.nr1: WARNING: V(i1,c) voltage is greater than specified by vmax
OSDI(debug) n.xt2f.xr6.nr1: WARNING: V(i2,c) voltage is greater than specified by vmax
OSDI(debug) n.xt2f.xr5.nr1: WARNING: V(i1,c) voltage is greater than specified by vmax
OSDI(debug) n.xt2f.xr5.nr1: WARNING: V(i2,c) voltage is greater than specified by vmax
OSDI(debug) n.xt2f.xr4.nr1: WARNING: V(i2,c) voltage is greater than specified by vmax
OSDI(debug) n.xt2f.xr3.nr1: WARNING: V(i1,c) voltage is greater than specified by vmax
OSDI(debug) n.xt2f.xr3.nr1: WARNING: V(i2,c) voltage is greater than specified by vmax
OSDI(debug) n.xbgr.xr86_u24.nr1: WARNING: V(i1,c) voltage is greater than specified by vmax
OSDI(debug) n.xbgr.xr86_u24.nr1: WARNING: V(i2,c) voltage is greater than specified by vmax
OSDI(debug) n.xbgr.xr86_u23.nr1: WARNING: V(i1,c) voltage is greater than specified by vmax
OSDI(debug) n.xbgr.xr86_u23.nr1: WARNING: V(i2,c) voltage is greater than specified by vmax
OSDI(debug) n.xbgr.xr86_u22.nr1: WARNING: V(i1,c) voltage is greater than specified by vmax
OSDI(debug) n.xbgr.xr86_u22.nr1: WARNING: V(i2,c) voltage is greater than specified by vmax
OSDI(debug) n.xbgr.xr86_u21.nr1: WARNING: V(i1,c) voltage is greater than specified by vmax
OSDI(debug) n.xbgr.xr86_u21.nr1: WARNING: V(i2,c) voltage is greater than specified by vmax
OSDI(debug) n.xbgr.xr86_u20.nr1: WARNING: V(i1,c) voltage is greater than specified by vmax
OSDI(debug) n.xbgr.xr86_u20.nr1: WARNING: V(i2,c) voltage is greater than specified by vmax
OSDI(debug) n.xbgr.xr86_u19.nr1: WARNING: V(i1,c) voltage is greater than specified by vmax
OSDI(debug) n.xbgr.xr86_u19.nr1: WARNING: V(i2,c) voltage is greater than specified by vmax
OSDI(debug) n.xbgr.xr86_u18.nr1: WARNING: V(i1,c) voltage is greater than specified by vmax
OSDI(debug) n.xbgr.xr86_u18.nr1: WARNING: V(i2,c) voltage is greater than specified by vmax
OSDI(debug) n.xbgr.xr86_u17.nr1: WARNING: V(i1,c) voltage is greater than specified by vmax
OSDI(debug) n.xbgr.xr86_u17.nr1: WARNING: V(i2,c) voltage is greater than specified by vmax
OSDI(debug) n.xbgr.xr86_u16.nr1: WARNING: V(i1,c) voltage is greater than specified by vmax
OSDI(debug) n.xbgr.xr86_u16.nr1: WARNING: V(i2,c) voltage is greater than specified by vmax
OSDI(debug) n.xbgr.xr86_u15.nr1: WARNING: V(i1,c) voltage is greater than specified by vmax
OSDI(debug) n.xbgr.xr86_u15.nr1: WARNING: V(i2,c) voltage is greater than specified by vmax
OSDI(debug) n.xbgr.xr86_u14.nr1: WARNING: V(i1,c) voltage is greater than specified by vmax
OSDI(debug) n.xbgr.xr86_u14.nr1: WARNING: V(i2,c) voltage is greater than specified by vmax
OSDI(debug) n.xbgr.xr86_u13.nr1: WARNING: V(i1,c) voltage is greater than specified by vmax
OSDI(debug) n.xbgr.xr86_u13.nr1: WARNING: V(i2,c) voltage is greater than specified by vmax
OSDI(debug) n.xbgr.xr86_u12.nr1: WARNING: V(i1,c) voltage is greater than specified by vmax
OSDI(debug) n.xbgr.xr86_u12.nr1: WARNING: V(i2,c) voltage is greater than specified by vmax
OSDI(debug) n.xbgr.xr86_u11.nr1: WARNING: V(i1,c) voltage is greater than specified by vmax
OSDI(debug) n.xbgr.xr86_u11.nr1: WARNING: V(i2,c) voltage is greater than specified by vmax
OSDI(debug) n.xbgr.xr86_u10.nr1: WARNING: V(i1,c) voltage is greater than specified by vmax
OSDI(debug) n.xbgr.xr86_u10.nr1: WARNING: V(i2,c) voltage is greater than specified by vmax
OSDI(debug) n.xbgr.xr86_u9.nr1: WARNING: V(i1,c) voltage is greater than specified by vmax
OSDI(debug) n.xbgr.xr86_u9.nr1: WARNING: V(i2,c) voltage is greater than specified by vmax
OSDI(debug) n.xbgr.xr86_u8.nr1: WARNING: V(i1,c) voltage is greater than specified by vmax
OSDI(debug) n.xbgr.xr86_u8.nr1: WARNING: V(i2,c) voltage is greater than specified by vmax
OSDI(debug) n.xbgr.xr86_u7.nr1: WARNING: V(i1,c) voltage is greater than specified by vmax
OSDI(debug) n.xbgr.xr86_u7.nr1: WARNING: V(i2,c) voltage is greater than specified by vmax
OSDI(debug) n.xbgr.xr86_u6.nr1: WARNING: V(i1,c) voltage is greater than specified by vmax
OSDI(debug) n.xbgr.xr86_u6.nr1: WARNING: V(i2,c) voltage is greater than specified by vmax
OSDI(debug) n.xbgr.xr86_u5.nr1: WARNING: V(i1,c) voltage is greater than specified by vmax
OSDI(debug) n.xbgr.xr86_u5.nr1: WARNING: V(i2,c) voltage is greater than specified by vmax
OSDI(debug) n.xbgr.xr86_u4.nr1: WARNING: V(i1,c) voltage is greater than specified by vmax
OSDI(debug) n.xbgr.xr86_u4.nr1: WARNING: V(i2,c) voltage is greater than specified by vmax
OSDI(debug) n.xbgr.xr86_u3.nr1: WARNING: V(i1,c) voltage is greater than specified by vmax
OSDI(debug) n.xbgr.xr86_u3.nr1: WARNING: V(i2,c) voltage is greater than specified by vmax
OSDI(debug) n.xbgr.xr86_u2.nr1: WARNING: V(i1,c) voltage is greater than specified by vmax
OSDI(debug) n.xbgr.xr86_u2.nr1: WARNING: V(i2,c) voltage is greater than specified by vmax
OSDI(debug) n.xbgr.xr85_u24.nr1: WARNING: V(i1,c) voltage is greater than specified by vmax
OSDI(debug) n.xbgr.xr85_u24.nr1: WARNING: V(i2,c) voltage is greater than specified by vmax
OSDI(debug) n.xbgr.xr85_u23.nr1: WARNING: V(i1,c) voltage is greater than specified by vmax
OSDI(debug) n.xbgr.xr85_u23.nr1: WARNING: V(i2,c) voltage is greater than specified by vmax
OSDI(debug) n.xbgr.xr85_u22.nr1: WARNING: V(i1,c) voltage is greater than specified by vmax
OSDI(debug) n.xbgr.xr85_u22.nr1: WARNING: V(i2,c) voltage is greater than specified by vmax
OSDI(debug) n.xbgr.xr85_u21.nr1: WARNING: V(i1,c) voltage is greater than specified by vmax
OSDI(debug) n.xbgr.xr85_u21.nr1: WARNING: V(i2,c) voltage is greater than specified by vmax
OSDI(debug) n.xbgr.xr85_u20.nr1: WARNING: V(i1,c) voltage is greater than specified by vmax
OSDI(debug) n.xbgr.xr85_u20.nr1: WARNING: V(i2,c) voltage is greater than specified by vmax
OSDI(debug) n.xbgr.xr85_u19.nr1: WARNING: V(i1,c) voltage is greater than specified by vmax
OSDI(debug) n.xbgr.xr85_u19.nr1: WARNING: V(i2,c) voltage is greater than specified by vmax
OSDI(debug) n.xbgr.xr85_u18.nr1: WARNING: V(i1,c) voltage is greater than specified by vmax
OSDI(debug) n.xbgr.xr85_u18.nr1: WARNING: V(i2,c) voltage is greater than specified by vmax
OSDI(debug) n.xbgr.xr85_u17.nr1: WARNING: V(i1,c) voltage is greater than specified by vmax
OSDI(debug) n.xbgr.xr85_u17.nr1: WARNING: V(i2,c) voltage is greater than specified by vmax
OSDI(debug) n.xbgr.xr85_u16.nr1: WARNING: V(i1,c) voltage is greater than specified by vmax
OSDI(debug) n.xbgr.xr85_u16.nr1: WARNING: V(i2,c) voltage is greater than specified by vmax
OSDI(debug) n.xbgr.xr85_u15.nr1: WARNING: V(i1,c) voltage is greater than specified by vmax
OSDI(debug) n.xbgr.xr85_u15.nr1: WARNING: V(i2,c) voltage is greater than specified by vmax
OSDI(debug) n.xbgr.xr85_u14.nr1: WARNING: V(i1,c) voltage is greater than specified by vmax
OSDI(debug) n.xbgr.xr85_u14.nr1: WARNING: V(i2,c) voltage is greater than specified by vmax
OSDI(debug) n.xbgr.xr85_u13.nr1: WARNING: V(i1,c) voltage is greater than specified by vmax
OSDI(debug) n.xbgr.xr85_u13.nr1: WARNING: V(i2,c) voltage is greater than specified by vmax
OSDI(debug) n.xbgr.xr85_u12.nr1: WARNING: V(i1,c) voltage is greater than specified by vmax
OSDI(debug) n.xbgr.xr85_u12.nr1: WARNING: V(i2,c) voltage is greater than specified by vmax
OSDI(debug) n.xbgr.xr85_u11.nr1: WARNING: V(i1,c) voltage is greater than specified by vmax
OSDI(debug) n.xbgr.xr85_u11.nr1: WARNING: V(i2,c) voltage is greater than specified by vmax
OSDI(debug) n.xbgr.xr85_u10.nr1: WARNING: V(i1,c) voltage is greater than specified by vmax
OSDI(debug) n.xbgr.xr85_u10.nr1: WARNING: V(i2,c) voltage is greater than specified by vmax
OSDI(debug) n.xbgr.xr85_u9.nr1: WARNING: V(i1,c) voltage is greater than specified by vmax
OSDI(debug) n.xbgr.xr85_u9.nr1: WARNING: V(i2,c) voltage is greater than specified by vmax
OSDI(debug) n.xbgr.xr85_u8.nr1: WARNING: V(i1,c) voltage is greater than specified by vmax
OSDI(debug) n.xbgr.xr85_u8.nr1: WARNING: V(i2,c) voltage is greater than specified by vmax
OSDI(debug) n.xbgr.xr85_u7.nr1: WARNING: V(i1,c) voltage is greater than specified by vmax
OSDI(debug) n.xbgr.xr85_u7.nr1: WARNING: V(i2,c) voltage is greater than specified by vmax
OSDI(debug) n.xbgr.xr85_u6.nr1: WARNING: V(i1,c) voltage is greater than specified by vmax
OSDI(debug) n.xbgr.xr85_u6.nr1: WARNING: V(i2,c) voltage is greater than specified by vmax
OSDI(debug) n.xbgr.xr85_u5.nr1: WARNING: V(i1,c) voltage is greater than specified by vmax
OSDI(debug) n.xbgr.xr85_u5.nr1: WARNING: V(i2,c) voltage is greater than specified by vmax
OSDI(debug) n.xbgr.xr85_u4.nr1: WARNING: V(i1,c) voltage is greater than specified by vmax
OSDI(debug) n.xbgr.xr85_u4.nr1: WARNING: V(i2,c) voltage is greater than specified by vmax
OSDI(debug) n.xbgr.xr85_u3.nr1: WARNING: V(i1,c) voltage is greater than specified by vmax
OSDI(debug) n.xbgr.xr85_u3.nr1: WARNING: V(i2,c) voltage is greater than specified by vmax
OSDI(debug) n.xbgr.xr85_u2.nr1: WARNING: V(i1,c) voltage is greater than specified by vmax
OSDI(debug) n.xbgr.xr85_u2.nr1: WARNING: V(i2,c) voltage is greater than specified by vmax
OSDI(debug) n.xbgr.xr84_u24.nr1: WARNING: V(i1,c) voltage is greater than specified by vmax
OSDI(debug) n.xbgr.xr84_u24.nr1: WARNING: V(i2,c) voltage is greater than specified by vmax
OSDI(debug) n.xbgr.xr84_u23.nr1: WARNING: V(i1,c) voltage is greater than specified by vmax
OSDI(debug) n.xbgr.xr84_u23.nr1: WARNING: V(i2,c) voltage is greater than specified by vmax
OSDI(debug) n.xbgr.xr84_u22.nr1: WARNING: V(i1,c) voltage is greater than specified by vmax
OSDI(debug) n.xbgr.xr84_u22.nr1: WARNING: V(i2,c) voltage is greater than specified by vmax
OSDI(debug) n.xbgr.xr84_u21.nr1: WARNING: V(i1,c) voltage is greater than specified by vmax
OSDI(debug) n.xbgr.xr84_u21.nr1: WARNING: V(i2,c) voltage is greater than specified by vmax
OSDI(debug) n.xbgr.xr84_u20.nr1: WARNING: V(i1,c) voltage is greater than specified by vmax
OSDI(debug) n.xbgr.xr84_u20.nr1: WARNING: V(i2,c) voltage is greater than specified by vmax
OSDI(debug) n.xbgr.xr84_u19.nr1: WARNING: V(i1,c) voltage is greater than specified by vmax
OSDI(debug) n.xbgr.xr84_u19.nr1: WARNING: V(i2,c) voltage is greater than specified by vmax
OSDI(debug) n.xbgr.xr84_u18.nr1: WARNING: V(i1,c) voltage is greater than specified by vmax
OSDI(debug) n.xbgr.xr84_u18.nr1: WARNING: V(i2,c) voltage is greater than specified by vmax
OSDI(debug) n.xbgr.xr84_u17.nr1: WARNING: V(i1,c) voltage is greater than specified by vmax
OSDI(debug) n.xbgr.xr84_u17.nr1: WARNING: V(i2,c) voltage is greater than specified by vmax
OSDI(debug) n.xbgr.xr84_u16.nr1: WARNING: V(i1,c) voltage is greater than specified by vmax
OSDI(debug) n.xbgr.xr84_u16.nr1: WARNING: V(i2,c) voltage is greater than specified by vmax
Note: Starting dynamic gmin stepping
OSDI(debug) n.xbgr.xr22_u4.nr1: WARNING: V(i1,c) voltage is greater than specified by vmax
OSDI(debug) n.xbgr.xr22_u4.nr1: WARNING: V(i2,c) voltage is greater than specified by vmax
OSDI(debug) n.xbgr.xr22_u3.nr1: WARNING: V(i1,c) voltage is greater than specified by vmax
OSDI(debug) n.xbgr.xr22_u3.nr1: WARNING: V(i2,c) voltage is greater than specified by vmax
OSDI(debug) n.xbgr.xr22_u2.nr1: WARNING: V(i1,c) voltage is greater than specified by vmax
OSDI(debug) n.xbgr.xr22_u2.nr1: WARNING: V(i2,c) voltage is greater than specified by vmax
OSDI(debug) n.xbgr.xr21_u4.nr1: WARNING: V(i1,c) voltage is greater than specified by vmax
OSDI(debug) n.xbgr.xr21_u4.nr1: WARNING: V(i2,c) voltage is greater than specified by vmax
OSDI(debug) n.xbgr.xr21_u3.nr1: WARNING: V(i1,c) voltage is greater than specified by vmax
OSDI(debug) n.xbgr.xr21_u3.nr1: WARNING: V(i2,c) voltage is greater than specified by vmax
OSDI(debug) n.xbgr.xr21_u2.nr1: WARNING: V(i1,c) voltage is greater than specified by vmax
OSDI(debug) n.xbgr.xr21_u2.nr1: WARNING: V(i2,c) voltage is greater than specified by vmax
OSDI(debug) n.xbgr.xr20_u4.nr1: WARNING: V(i1,c) voltage is greater than specified by vmax
OSDI(debug) n.xbgr.xr20_u4.nr1: WARNING: V(i2,c) voltage is greater than specified by vmax
OSDI(debug) n.xbgr.xr20_u3.nr1: WARNING: V(i1,c) voltage is greater than specified by vmax
OSDI(debug) n.xbgr.xr20_u3.nr1: WARNING: V(i2,c) voltage is greater than specified by vmax
OSDI(debug) n.xbgr.xr20_u2.nr1: WARNING: V(i1,c) voltage is greater than specified by vmax
OSDI(debug) n.xbgr.xr20_u2.nr1: WARNING: V(i2,c) voltage is greater than specified by vmax
OSDI(debug) n.xbgr.xr19_u4.nr1: WARNING: V(i1,c) voltage is greater than specified by vmax
OSDI(debug) n.xbgr.xr19_u4.nr1: WARNING: V(i2,c) voltage is greater than specified by vmax
OSDI(debug) n.xbgr.xr19_u3.nr1: WARNING: V(i1,c) voltage is greater than specified by vmax
OSDI(debug) n.xbgr.xr19_u3.nr1: WARNING: V(i2,c) voltage is greater than specified by vmax
OSDI(debug) n.xbgr.xr19_u2.nr1: WARNING: V(i1,c) voltage is greater than specified by vmax
OSDI(debug) n.xbgr.xr19_u2.nr1: WARNING: V(i2,c) voltage is greater than specified by vmax
OSDI(debug) n.xbgr.xr18_u4.nr1: WARNING: V(i1,c) voltage is greater than specified by vmax
OSDI(debug) n.xbgr.xr18_u4.nr1: WARNING: V(i2,c) voltage is greater than specified by vmax
OSDI(debug) n.xbgr.xr18_u3.nr1: WARNING: V(i1,c) voltage is greater than specified by vmax
OSDI(debug) n.xbgr.xr18_u3.nr1: WARNING: V(i2,c) voltage is greater than specified by vmax
OSDI(debug) n.xbgr.xr18_u2.nr1: WARNING: V(i1,c) voltage is greater than specified by vmax
OSDI(debug) n.xbgr.xr18_u2.nr1: WARNING: V(i2,c) voltage is greater than specified by vmax
OSDI(debug) n.xbgr.xr17_u4.nr1: WARNING: V(i1,c) voltage is greater than specified by vmax
OSDI(debug) n.xbgr.xr17_u4.nr1: WARNING: V(i2,c) voltage is greater than specified by vmax
OSDI(debug) n.xbgr.xr17_u3.nr1: WARNING: V(i1,c) voltage is greater than specified by vmax
OSDI(debug) n.xbgr.xr17_u3.nr1: WARNING: V(i2,c) voltage is greater than specified by vmax
OSDI(debug) n.xbgr.xr17_u2.nr1: WARNING: V(i1,c) voltage is greater than specified by vmax
OSDI(debug) n.xbgr.xr17_u2.nr1: WARNING: V(i2,c) voltage is greater than specified by vmax
OSDI(debug) n.xbgr.xr22.nr1: WARNING: V(i1,c) voltage is greater than specified by vmax
OSDI(debug) n.xbgr.xr22.nr1: WARNING: V(i2,c) voltage is greater than specified by vmax
OSDI(debug) n.xbgr.xr21.nr1: WARNING: V(i1,c) voltage is greater than specified by vmax
OSDI(debug) n.xbgr.xr21.nr1: WARNING: V(i2,c) voltage is greater than specified by vmax
OSDI(debug) n.xbgr.xr20.nr1: WARNING: V(i1,c) voltage is greater than specified by vmax
OSDI(debug) n.xbgr.xr20.nr1: WARNING: V(i2,c) voltage is greater than specified by vmax
OSDI(debug) n.xbgr.xr19.nr1: WARNING: V(i1,c) voltage is greater than specified by vmax
OSDI(debug) n.xbgr.xr19.nr1: WARNING: V(i2,c) voltage is greater than specified by vmax
OSDI(debug) n.xbgr.xr18.nr1: WARNING: V(i1,c) voltage is greater than specified by vmax
OSDI(debug) n.xbgr.xr18.nr1: WARNING: V(i2,c) voltage is greater than specified by vmax
OSDI(debug) n.xbgr.xr17.nr1: WARNING: V(i1,c) voltage is greater than specified by vmax
OSDI(debug) n.xbgr.xr17.nr1: WARNING: V(i2,c) voltage is greater than specified by vmax
OSDI(debug) n.xt2f.xr12.nr1: WARNING: V(i1,c) voltage is greater than specified by vmax
OSDI(debug) n.xt2f.xr12.nr1: WARNING: V(i2,c) voltage is greater than specified by vmax
OSDI(debug) n.xt2f.xr11.nr1: WARNING: V(i1,c) voltage is greater than specified by vmax
OSDI(debug) n.xt2f.xr11.nr1: WARNING: V(i2,c) voltage is greater than specified by vmax
OSDI(debug) n.xt2f.xr10.nr1: WARNING: V(i1,c) voltage is greater than specified by vmax
OSDI(debug) n.xt2f.xr10.nr1: WARNING: V(i2,c) voltage is greater than specified by vmax
OSDI(debug) n.xt2f.xr9.nr1: WARNING: V(i1,c) voltage is greater than specified by vmax
OSDI(debug) n.xt2f.xr9.nr1: WARNING: V(i2,c) voltage is greater than specified by vmax
OSDI(debug) n.xt2f.xr8.nr1: WARNING: V(i1,c) voltage is greater than specified by vmax
OSDI(debug) n.xt2f.xr8.nr1: WARNING: V(i2,c) voltage is greater than specified by vmax
OSDI(debug) n.xt2f.xr7.nr1: WARNING: V(i1,c) voltage is greater than specified by vmax
OSDI(debug) n.xt2f.xr7.nr1: WARNING: V(i2,c) voltage is greater than specified by vmax
OSDI(debug) n.xt2f.xr6.nr1: WARNING: V(i1,c) voltage is greater than specified by vmax
OSDI(debug) n.xt2f.xr6.nr1: WARNING: V(i2,c) voltage is greater than specified by vmax
OSDI(debug) n.xt2f.xr5.nr1: WARNING: V(i1,c) voltage is greater than specified by vmax
OSDI(debug) n.xt2f.xr5.nr1: WARNING: V(i2,c) voltage is greater than specified by vmax
OSDI(debug) n.xt2f.xr4.nr1: WARNING: V(i1,c) voltage is greater than specified by vmax
OSDI(debug) n.xt2f.xr4.nr1: WARNING: V(i2,c) voltage is greater than specified by vmax
OSDI(debug) n.xt2f.xr3.nr1: WARNING: V(i1,c) voltage is greater than specified by vmax
OSDI(debug) n.xt2f.xr3.nr1: WARNING: V(i2,c) voltage is greater than specified by vmax
OSDI(debug) n.xbgr.xr22_u4.nr1: WARNING: V(i1,c) voltage is greater than specified by vmax
OSDI(debug) n.xbgr.xr22_u4.nr1: WARNING: V(i2,c) voltage is greater than specified by vmax
OSDI(debug) n.xbgr.xr22_u3.nr1: WARNING: V(i1,c) voltage is greater than specified by vmax
OSDI(debug) n.xbgr.xr22_u3.nr1: WARNING: V(i2,c) voltage is greater than specified by vmax
OSDI(debug) n.xbgr.xr22_u2.nr1: WARNING: V(i1,c) voltage is greater than specified by vmax
OSDI(debug) n.xbgr.xr22_u2.nr1: WARNING: V(i2,c) voltage is greater than specified by vmax
OSDI(debug) n.xbgr.xr21_u4.nr1: WARNING: V(i1,c) voltage is greater than specified by vmax
OSDI(debug) n.xbgr.xr21_u4.nr1: WARNING: V(i2,c) voltage is greater than specified by vmax
OSDI(debug) n.xbgr.xr21_u3.nr1: WARNING: V(i1,c) voltage is greater than specified by vmax
OSDI(debug) n.xbgr.xr21_u3.nr1: WARNING: V(i2,c) voltage is greater than specified by vmax
OSDI(debug) n.xbgr.xr21_u2.nr1: WARNING: V(i1,c) voltage is greater than specified by vmax
OSDI(debug) n.xbgr.xr21_u2.nr1: WARNING: V(i2,c) voltage is greater than specified by vmax
OSDI(debug) n.xbgr.xr20_u4.nr1: WARNING: V(i1,c) voltage is greater than specified by vmax
OSDI(debug) n.xbgr.xr20_u4.nr1: WARNING: V(i2,c) voltage is greater than specified by vmax
OSDI(debug) n.xbgr.xr20_u3.nr1: WARNING: V(i1,c) voltage is greater than specified by vmax
OSDI(debug) n.xbgr.xr20_u3.nr1: WARNING: V(i2,c) voltage is greater than specified by vmax
OSDI(debug) n.xbgr.xr20_u2.nr1: WARNING: V(i1,c) voltage is greater than specified by vmax
OSDI(debug) n.xbgr.xr20_u2.nr1: WARNING: V(i2,c) voltage is greater than specified by vmax
OSDI(debug) n.xbgr.xr19_u4.nr1: WARNING: V(i1,c) voltage is greater than specified by vmax
OSDI(debug) n.xbgr.xr19_u4.nr1: WARNING: V(i2,c) voltage is greater than specified by vmax
OSDI(debug) n.xbgr.xr19_u3.nr1: WARNING: V(i1,c) voltage is greater than specified by vmax
OSDI(debug) n.xbgr.xr19_u3.nr1: WARNING: V(i2,c) voltage is greater than specified by vmax
OSDI(debug) n.xbgr.xr19_u2.nr1: WARNING: V(i1,c) voltage is greater than specified by vmax
OSDI(debug) n.xbgr.xr19_u2.nr1: WARNING: V(i2,c) voltage is greater than specified by vmax
OSDI(debug) n.xbgr.xr18_u4.nr1: WARNING: V(i1,c) voltage is greater than specified by vmax
OSDI(debug) n.xbgr.xr18_u4.nr1: WARNING: V(i2,c) voltage is greater than specified by vmax
OSDI(debug) n.xbgr.xr18_u3.nr1: WARNING: V(i1,c) voltage is greater than specified by vmax
OSDI(debug) n.xbgr.xr18_u3.nr1: WARNING: V(i2,c) voltage is greater than specified by vmax
OSDI(debug) n.xbgr.xr18_u2.nr1: WARNING: V(i1,c) voltage is greater than specified by vmax
OSDI(debug) n.xbgr.xr18_u2.nr1: WARNING: V(i2,c) voltage is greater than specified by vmax
OSDI(debug) n.xbgr.xr17_u4.nr1: WARNING: V(i1,c) voltage is greater than specified by vmax
OSDI(debug) n.xbgr.xr17_u4.nr1: WARNING: V(i2,c) voltage is greater than specified by vmax
OSDI(debug) n.xbgr.xr17_u3.nr1: WARNING: V(i1,c) voltage is greater than specified by vmax
OSDI(debug) n.xbgr.xr17_u3.nr1: WARNING: V(i2,c) voltage is greater than specified by vmax
OSDI(debug) n.xbgr.xr17_u2.nr1: WARNING: V(i1,c) voltage is greater than specified by vmax
OSDI(debug) n.xbgr.xr17_u2.nr1: WARNING: V(i2,c) voltage is greater than specified by vmax
OSDI(debug) n.xbgr.xr22.nr1: WARNING: V(i1,c) voltage is greater than specified by vmax
OSDI(debug) n.xbgr.xr22.nr1: WARNING: V(i2,c) voltage is greater than specified by vmax
OSDI(debug) n.xbgr.xr21.nr1: WARNING: V(i1,c) voltage is greater than specified by vmax
OSDI(debug) n.xbgr.xr21.nr1: WARNING: V(i2,c) voltage is greater than specified by vmax
OSDI(debug) n.xbgr.xr20.nr1: WARNING: V(i1,c) voltage is greater than specified by vmax
OSDI(debug) n.xbgr.xr20.nr1: WARNING: V(i2,c) voltage is greater than specified by vmax
OSDI(debug) n.xbgr.xr19.nr1: WARNING: V(i1,c) voltage is greater than specified by vmax
OSDI(debug) n.xbgr.xr19.nr1: WARNING: V(i2,c) voltage is greater than specified by vmax
OSDI(debug) n.xbgr.xr18.nr1: WARNING: V(i1,c) voltage is greater than specified by vmax
OSDI(debug) n.xbgr.xr18.nr1: WARNING: V(i2,c) voltage is greater than specified by vmax
OSDI(debug) n.xbgr.xr17.nr1: WARNING: V(i1,c) voltage is greater than specified by vmax
OSDI(debug) n.xbgr.xr17.nr1: WARNING: V(i2,c) voltage is greater than specified by vmax
OSDI(debug) n.xt2f.xr12.nr1: WARNING: V(i1,c) voltage is greater than specified by vmax
OSDI(debug) n.xt2f.xr12.nr1: WARNING: V(i2,c) voltage is greater than specified by vmax
OSDI(debug) n.xt2f.xr11.nr1: WARNING: V(i1,c) voltage is greater than specified by vmax
OSDI(debug) n.xt2f.xr11.nr1: WARNING: V(i2,c) voltage is greater than specified by vmax
OSDI(debug) n.xt2f.xr10.nr1: WARNING: V(i1,c) voltage is greater than specified by vmax
OSDI(debug) n.xt2f.xr10.nr1: WARNING: V(i2,c) voltage is greater than specified by vmax
OSDI(debug) n.xt2f.xr9.nr1: WARNING: V(i1,c) voltage is greater than specified by vmax
OSDI(debug) n.xt2f.xr9.nr1: WARNING: V(i2,c) voltage is greater than specified by vmax
OSDI(debug) n.xt2f.xr8.nr1: WARNING: V(i1,c) voltage is greater than specified by vmax
OSDI(debug) n.xt2f.xr8.nr1: WARNING: V(i2,c) voltage is greater than specified by vmax
OSDI(debug) n.xt2f.xr7.nr1: WARNING: V(i1,c) voltage is greater than specified by vmax
OSDI(debug) n.xt2f.xr7.nr1: WARNING: V(i2,c) voltage is greater than specified by vmax
OSDI(debug) n.xt2f.xr6.nr1: WARNING: V(i1,c) voltage is greater than specified by vmax
OSDI(debug) n.xt2f.xr6.nr1: WARNING: V(i2,c) voltage is greater than specified by vmax
OSDI(debug) n.xt2f.xr5.nr1: WARNING: V(i1,c) voltage is greater than specified by vmax
OSDI(debug) n.xt2f.xr5.nr1: WARNING: V(i2,c) voltage is greater than specified by vmax
OSDI(debug) n.xt2f.xr4.nr1: WARNING: V(i1,c) voltage is greater than specified by vmax
OSDI(debug) n.xt2f.xr4.nr1: WARNING: V(i2,c) voltage is greater than specified by vmax
OSDI(debug) n.xt2f.xr3.nr1: WARNING: V(i1,c) voltage is greater than specified by vmax
OSDI(debug) n.xt2f.xr3.nr1: WARNING: V(i2,c) voltage is greater than specified by vmax
Note: Dynamic gmin stepping completed

Initial Transient Solution
--------------------------

Node                                   Voltage
----                                   -------
sub!                                         0
vdd                                        3.3
vdd12                                      1.2
r4                                           0
en                                           0
mode                                         0
xbgr.n_23                             0.217329
xbgr.xr1.dt                                  0
xbgr.n_12                               3.0274
xbgr.det                               3.24348
xbgr.xr2.dt                                  0
xbgr.n_13                              2.59727
xbgr.n_24                              2.38294
xbgr.xr3.dt                                  0
xbgr.n_14                              2.16692
xbgr.xr4.dt                                  0
xbgr.n_26                              1.95154
xbgr.xr5.dt                                  0
xbgr.n_15                              1.73626
xbgr.xr6.dt                                  0
xbgr.n_27                              1.51779
xbgr.xr7.dt                                  0
xbgr.n_16                              1.30122
xbgr.xr8.dt                                  0
xbgr.n_21                              1.08758
xbgr.xr9.dt                                  0
xbgr.n_25                              2.81238
xbgr.xr10.dt                                 0
xbgr.xr11.dt                                 0
xbgr.n_17                             0.870376
xbgr.n_22                              0.65441
xbgr.xr12.dt                                 0
xbgr.n_18                             0.436928
xbgr.xr13.dt                                 0
xbgr.xr14.dt                                 0
xbgr.xr15.dt                                 0
dvbe                                 0.0727024
xbgr.xr16.dt                                 0
xbgr.n_7                              0.957699
vref                                   1.03276
xbgr.xr17.dt                                 0
xbgr.n_2                              0.807645
xbgr.n_36                              0.88269
xbgr.xr18.dt                                 0
xbgr.xr19.dt                                 0
xbgr.n_37                             0.732655
xbgr.xr20.dt                                 0
xbgr.n_8                              0.657597
xbgr.xr21.dt                                 0
xbgr.vbe3                              0.58259
xbgr.xr22.dt                                 0
xbgr.n_6                               1.36772
xbgr.vb2                               1.43543
xbgr.xr23.dt                                 0
xbgr.n_9                               1.23246
xbgr.vd1                               1.16482
xbgr.xr24.dt                                 0
xbgr.n_19                              1.30008
xbgr.xr25.dt                                 0
xbgr.xr26.dt                                 0
xbgr.kick                          5.07001e-07
xbgr.r4n                                   3.3
vbe                                   0.580358
xbgr.b1b                           1.72765e-07
pbias                                  2.30436
xbgr.n1                               0.602462
xbgr.c2                                0.68126
pcasc                                    1.601
xbgr.d1                                2.59729
xbgr.d2                                2.60606
xbgr.d4                                 2.5977
xbgr.d5                                2.59786
xbgr.d3                                2.59668
iptat                                        1
xbgr.xq55.s1                                 0
xbgr.xq55.t                                  0
xbgr.xq56.s1                        3.8595e-08
xbgr.xq56.t                          0.0335994
xbgr.xq57.s1                                 0
xbgr.xq57.t                                  0
xbgr.xq58.s1                                 0
xbgr.xq58.t                                  0
xbgr.xq59.s1                                 0
xbgr.xq59.t                                  0
xbgr.xq60.s1                        2.9541e-08
xbgr.xq60.t                          0.0358955
xbgr.xq61.s1                                 0
xbgr.xq61.t                                  0
xbgr.vd2                              0.583376
xbgr.xq62.s1                       3.29045e-08
xbgr.xq62.t                          0.0367407
xbgr.xq63.s1                                 0
xbgr.xq63.t                                  0
xbgr.xq64.s1                                 0
xbgr.xq64.t                                  0
xbgr.xq65.s1                                 0
xbgr.xq65.t                                  0
xbgr.xq66.s1                                 0
xbgr.xq66.t                                  0
xbgr.xq67.s1                       3.80424e-08
xbgr.xq67.t                        5.74059e-07
xbgr.xq68.s1                       3.13253e-08
xbgr.xq68.t                          0.0046129
xbgr.xq69.s1                       2.91189e-08
xbgr.xq69.t                         0.00461289
xbgr.xq70.s1                       3.56076e-08
xbgr.xq70.t                          0.0046129
xbgr.xq71.s1                       3.42073e-08
xbgr.xq71.t                          0.0046129
xbgr.xq72.s1                       3.31594e-08
xbgr.xq72.t                          0.0046129
xbgr.xq73.s1                       3.73042e-08
xbgr.xq73.t                          0.0046129
xbgr.xq74.s1                        3.9594e-08
xbgr.xq74.t                         0.00461291
xbgr.xq75.s1                       3.87567e-08
xbgr.xq75.t                          0.0346952
xbgr.xq76.s1                       3.43209e-08
xbgr.xq76.t                          0.0046129
xbgr.n_4                               2.23393
xbgr.xr77.dt                                 0
xbgr.n_11                              1.67138
xbgr.n_34                               1.7417
xbgr.xr78.dt                                 0
xbgr.n_10                              1.81203
xbgr.xr79.dt                                 0
xbgr.n_3                               1.95271
xbgr.n_31                              2.02302
xbgr.xr80.dt                                 0
xbgr.n_33                              1.88244
xbgr.xr81.dt                                 0
xbgr.n_5                                2.0933
xbgr.xr82.dt                                 0
xbgr.n_30                               2.1636
xbgr.xr83.dt                                 0
xbgr.xr84.dt                                 0
xbgr.xr85.dt                                 0
xbgr.xr86.dt                                 0
xbgr.xr16_u2.dt                              0
xbgr.xr16_u3.dt                              0
xbgr.xr16_u4.dt                              0
xbgr.xr16_u5.dt                              0
xbgr.xr16_u6.dt                              0
xbgr.xr16_u7.dt                              0
xbgr.xr16_u8.dt                              0
xbgr.xr16_u9.dt                              0
xbgr.xr16_u10.dt                             0
xbgr.xr16_u11.dt                             0
xbgr.xr16_u12.dt                             0
xbgr.xr16_u13.dt                             0
xbgr.xr16_u14.dt                             0
xbgr.xr16_u15.dt                             0
xbgr.xr16_u16.dt                             0
xbgr.xr16_u17.dt                             0
xbgr.xr16_u18.dt                             0
xbgr.xr16_u19.dt                             0
xbgr.xr16_u20.dt                             0
xbgr.xr16_u21.dt                             0
xbgr.xr16_u22.dt                             0
xbgr.xr16_u23.dt                             0
xbgr.xr16_u24.dt                             0
xbgr.xr17_u2.dt                              0
xbgr.xr17_u3.dt                              0
xbgr.xr17_u4.dt                              0
xbgr.xr18_u2.dt                              0
xbgr.xr18_u3.dt                              0
xbgr.xr18_u4.dt                              0
xbgr.xr19_u2.dt                              0
xbgr.xr19_u3.dt                              0
xbgr.xr19_u4.dt                              0
xbgr.xr20_u2.dt                              0
xbgr.xr20_u3.dt                              0
xbgr.xr20_u4.dt                              0
xbgr.xr21_u2.dt                              0
xbgr.xr21_u3.dt                              0
xbgr.xr21_u4.dt                              0
xbgr.xr22_u2.dt                              0
xbgr.xr22_u3.dt                              0
xbgr.xr22_u4.dt                              0
xbgr.xr23_u2.dt                              0
xbgr.xr23_u3.dt                              0
xbgr.xr23_u4.dt                              0
xbgr.xr23_u5.dt                              0
xbgr.xr23_u6.dt                              0
xbgr.xr23_u7.dt                              0
xbgr.xr23_u8.dt                              0
xbgr.xr23_u9.dt                              0
xbgr.xr23_u10.dt                             0
xbgr.xr23_u11.dt                             0
xbgr.xr23_u12.dt                             0
xbgr.xr23_u13.dt                             0
xbgr.xr23_u14.dt                             0
xbgr.xr23_u15.dt                             0
xbgr.xr23_u16.dt                             0
xbgr.xr23_u17.dt                             0
xbgr.xr23_u18.dt                             0
xbgr.xr23_u19.dt                             0
xbgr.xr23_u20.dt                             0
xbgr.xr23_u21.dt                             0
xbgr.xr23_u22.dt                             0
xbgr.xr23_u23.dt                             0
xbgr.xr23_u24.dt                             0
xbgr.xr24_u2.dt                              0
xbgr.xr24_u3.dt                              0
xbgr.xr24_u4.dt                              0
xbgr.xr24_u5.dt                              0
xbgr.xr24_u6.dt                              0
xbgr.xr24_u7.dt                              0
xbgr.xr24_u8.dt                              0
xbgr.xr24_u9.dt                              0
xbgr.xr24_u10.dt                             0
xbgr.xr24_u11.dt                             0
xbgr.xr24_u12.dt                             0
xbgr.xr24_u13.dt                             0
xbgr.xr24_u14.dt                             0
xbgr.xr24_u15.dt                             0
xbgr.xr24_u16.dt                             0
xbgr.xr24_u17.dt                             0
xbgr.xr24_u18.dt                             0
xbgr.xr24_u19.dt                             0
xbgr.xr24_u20.dt                             0
xbgr.xr24_u21.dt                             0
xbgr.xr24_u22.dt                             0
xbgr.xr24_u23.dt                             0
xbgr.xr24_u24.dt                             0
xbgr.xr25_u2.dt                              0
xbgr.xr25_u3.dt                              0
xbgr.xr25_u4.dt                              0
xbgr.xr25_u5.dt                              0
xbgr.xr25_u6.dt                              0
xbgr.xr25_u7.dt                              0
xbgr.xr25_u8.dt                              0
xbgr.xr25_u9.dt                              0
xbgr.xr25_u10.dt                             0
xbgr.xr25_u11.dt                             0
xbgr.xr25_u12.dt                             0
xbgr.xr25_u13.dt                             0
xbgr.xr25_u14.dt                             0
xbgr.xr25_u15.dt                             0
xbgr.xr25_u16.dt                             0
xbgr.xr25_u17.dt                             0
xbgr.xr25_u18.dt                             0
xbgr.xr25_u19.dt                             0
xbgr.xr25_u20.dt                             0
xbgr.xr25_u21.dt                             0
xbgr.xr25_u22.dt                             0
xbgr.xr25_u23.dt                             0
xbgr.xr25_u24.dt                             0
xbgr.xr26_u2.dt                              0
xbgr.xr26_u3.dt                              0
xbgr.xr26_u4.dt                              0
xbgr.xr26_u5.dt                              0
xbgr.xr26_u6.dt                              0
xbgr.xr26_u7.dt                              0
xbgr.xr26_u8.dt                              0
xbgr.xr26_u9.dt                              0
xbgr.xr26_u10.dt                             0
xbgr.xr26_u11.dt                             0
xbgr.xr26_u12.dt                             0
xbgr.xr26_u13.dt                             0
xbgr.xr26_u14.dt                             0
xbgr.xr26_u15.dt                             0
xbgr.xr26_u16.dt                             0
xbgr.xr26_u17.dt                             0
xbgr.xr26_u18.dt                             0
xbgr.xr26_u19.dt                             0
xbgr.xr26_u20.dt                             0
xbgr.xr26_u21.dt                             0
xbgr.xr26_u22.dt                             0
xbgr.xr26_u23.dt                             0
xbgr.xr26_u24.dt                             0
xbgr.xq56_u2.s1                    3.90863e-08
xbgr.xq56_u2.t                       0.0335994
xbgr.xq56_u3.s1                    3.89426e-08
xbgr.xq56_u3.t                       0.0335994
xbgr.xq56_u4.s1                    3.25603e-08
xbgr.xq56_u4.t                       0.0335993
xbgr.xq56_u5.s1                    4.09556e-08
xbgr.xq56_u5.t                       0.0335994
xbgr.xq56_u6.s1                    3.69646e-08
xbgr.xq56_u6.t                       0.0335994
xbgr.xq56_u7.s1                    3.05773e-08
xbgr.xq56_u7.t                       0.0335993
xbgr.xq56_u8.s1                    3.19415e-08
xbgr.xq56_u8.t                       0.0335993
xbgr.xq56_u9.s1                     3.3556e-08
xbgr.xq56_u9.t                       0.0335994
xbgr.xq56_u10.s1                   3.25757e-08
xbgr.xq56_u10.t                      0.0335993
xbgr.xq56_u11.s1                   3.81915e-08
xbgr.xq56_u11.t                      0.0335994
xbgr.xq56_u12.s1                   3.37457e-08
xbgr.xq56_u12.t                      0.0335994
xbgr.xq56_u13.s1                   3.48445e-08
xbgr.xq56_u13.t                      0.0335994
xbgr.xq56_u14.s1                   2.97628e-08
xbgr.xq56_u14.t                      0.0335993
xbgr.xq56_u15.s1                   3.18523e-08
xbgr.xq56_u15.t                      0.0335993
xbgr.xq56_u16.s1                   3.90095e-08
xbgr.xq56_u16.t                      0.0335994
xbgr.xq56_u17.s1                   3.40603e-08
xbgr.xq56_u17.t                      0.0335994
xbgr.xq56_u18.s1                   3.70309e-08
xbgr.xq56_u18.t                      0.0335994
xbgr.xq56_u19.s1                   3.85955e-08
xbgr.xq56_u19.t                      0.0335994
xbgr.xq56_u20.s1                    3.3314e-08
xbgr.xq56_u20.t                      0.0335994
xbgr.xq56_u21.s1                   3.45339e-08
xbgr.xq56_u21.t                      0.0335994
xbgr.xq56_u22.s1                   3.93469e-08
xbgr.xq56_u22.t                      0.0335994
xbgr.xq56_u23.s1                   3.43911e-08
xbgr.xq56_u23.t                      0.0335994
xbgr.xq56_u24.s1                   3.90032e-08
xbgr.xq56_u24.t                      0.0335994
xbgr.xq60_u2.s1                    3.59728e-08
xbgr.xq60_u2.t                       0.0358956
xbgr.xq60_u3.s1                    3.38283e-08
xbgr.xq60_u3.t                       0.0358956
xbgr.xq60_u4.s1                    3.41947e-08
xbgr.xq60_u4.t                       0.0358956
xbgr.xq62_u2.s1                    3.47272e-08
xbgr.xq62_u2.t                       0.0367407
xbgr.xq62_u3.s1                    3.24964e-08
xbgr.xq62_u3.t                       0.0367407
xbgr.xq62_u4.s1                    3.20075e-08
xbgr.xq62_u4.t                       0.0367407
xbgr.xq62_u5.s1                    2.85786e-08
xbgr.xq62_u5.t                       0.0367406
xbgr.xq62_u6.s1                    3.37014e-08
xbgr.xq62_u6.t                       0.0367407
xbgr.xq62_u7.s1                    3.62949e-08
xbgr.xq62_u7.t                       0.0367407
xbgr.xq62_u8.s1                    2.68597e-08
xbgr.xq62_u8.t                       0.0367406
xbgr.xq62_u9.s1                    3.55176e-08
xbgr.xq62_u9.t                       0.0367407
xbgr.xq62_u10.s1                   3.35597e-08
xbgr.xq62_u10.t                      0.0367407
xbgr.xq62_u11.s1                   3.56246e-08
xbgr.xq62_u11.t                      0.0367407
xbgr.xq62_u12.s1                   3.53865e-08
xbgr.xq62_u12.t                      0.0367407
xbgr.xq62_u13.s1                   3.17653e-08
xbgr.xq62_u13.t                      0.0367407
xbgr.xq62_u14.s1                   3.39591e-08
xbgr.xq62_u14.t                      0.0367407
xbgr.xq62_u15.s1                   2.87879e-08
xbgr.xq62_u15.t                      0.0367406
xbgr.xq62_u16.s1                    3.5909e-08
xbgr.xq62_u16.t                      0.0367407
xbgr.xq62_u17.s1                   3.29292e-08
xbgr.xq62_u17.t                      0.0367407
xbgr.xq62_u18.s1                   2.95604e-08
xbgr.xq62_u18.t                      0.0367406
xbgr.xq62_u19.s1                   3.27711e-08
xbgr.xq62_u19.t                      0.0367407
xbgr.xq62_u20.s1                   3.81939e-08
xbgr.xq62_u20.t                      0.0367408
xbgr.xq62_u21.s1                   2.98445e-08
xbgr.xq62_u21.t                      0.0367406
xbgr.xq62_u22.s1                   4.19831e-08
xbgr.xq62_u22.t                      0.0367408
xbgr.xq62_u23.s1                    3.0482e-08
xbgr.xq62_u23.t                      0.0367407
xbgr.xq62_u24.s1                   2.33101e-08
xbgr.xq62_u24.t                      0.0367405
xbgr.xq67_u2.s1                    4.25759e-08
xbgr.xq67_u2.t                      5.7406e-07
xbgr.xq67_u3.s1                    3.82933e-08
xbgr.xq67_u3.t                     5.74059e-07
xbgr.xq67_u4.s1                    2.90268e-08
xbgr.xq67_u4.t                     5.74057e-07
xbgr.xq67_u5.s1                    3.90202e-08
xbgr.xq67_u5.t                     5.74059e-07
xbgr.xq67_u6.s1                    3.40026e-08
xbgr.xq67_u6.t                     5.74058e-07
xbgr.xq67_u7.s1                    3.57881e-08
xbgr.xq67_u7.t                     5.74059e-07
xbgr.xq67_u8.s1                    3.23038e-08
xbgr.xq67_u8.t                     5.74058e-07
xbgr.xq67_u9.s1                    3.37552e-08
xbgr.xq67_u9.t                     5.74058e-07
xbgr.xq67_u10.s1                    3.1611e-08
xbgr.xq67_u10.t                    5.74058e-07
xbgr.xq67_u11.s1                   3.51085e-08
xbgr.xq67_u11.t                    5.74059e-07
xbgr.xq67_u12.s1                   3.11102e-08
xbgr.xq67_u12.t                    5.74058e-07
xbgr.xq67_u13.s1                   3.30628e-08
xbgr.xq67_u13.t                    5.74058e-07
xbgr.xq67_u14.s1                   3.89222e-08
xbgr.xq67_u14.t                    5.74059e-07
xbgr.xq67_u15.s1                    3.3306e-08
xbgr.xq67_u15.t                    5.74058e-07
xbgr.xq67_u16.s1                   3.01932e-08
xbgr.xq67_u16.t                    5.74058e-07
xbgr.xq67_u17.s1                   3.39187e-08
xbgr.xq67_u17.t                    5.74058e-07
xbgr.xq67_u18.s1                   3.16863e-08
xbgr.xq67_u18.t                    5.74058e-07
xbgr.xq67_u19.s1                    3.7147e-08
xbgr.xq67_u19.t                    5.74059e-07
xbgr.xq67_u20.s1                   2.74889e-08
xbgr.xq67_u20.t                    5.74057e-07
xbgr.xq67_u21.s1                   3.59102e-08
xbgr.xq67_u21.t                    5.74059e-07
xbgr.xq67_u22.s1                   3.43785e-08
xbgr.xq67_u22.t                    5.74058e-07
xbgr.xq67_u23.s1                   3.55576e-08
xbgr.xq67_u23.t                    5.74059e-07
xbgr.xq67_u24.s1                   3.78405e-08
xbgr.xq67_u24.t                    5.74059e-07
xbgr.xq68_u2.s1                     3.0185e-08
xbgr.xq68_u2.t                      0.00461289
xbgr.xq68_u3.s1                    3.82156e-08
xbgr.xq68_u3.t                      0.00461291
xbgr.xq68_u4.s1                    3.02904e-08
xbgr.xq68_u4.t                      0.00461289
xbgr.xq68_u5.s1                    3.35716e-08
xbgr.xq68_u5.t                       0.0046129
xbgr.xq68_u6.s1                    2.55031e-08
xbgr.xq68_u6.t                      0.00461288
xbgr.xq68_u7.s1                    3.11494e-08
xbgr.xq68_u7.t                       0.0046129
xbgr.xq68_u8.s1                    3.74391e-08
xbgr.xq68_u8.t                       0.0046129
xbgr.xq68_u9.s1                    3.16963e-08
xbgr.xq68_u9.t                       0.0046129
xbgr.xq68_u10.s1                   3.00984e-08
xbgr.xq68_u10.t                     0.00461289
xbgr.xq68_u11.s1                   3.32221e-08
xbgr.xq68_u11.t                      0.0046129
xbgr.xq68_u12.s1                   3.85957e-08
xbgr.xq68_u12.t                     0.00461291
xbgr.xq68_u13.s1                   3.35422e-08
xbgr.xq68_u13.t                      0.0046129
xbgr.xq68_u14.s1                    3.5048e-08
xbgr.xq68_u14.t                      0.0046129
xbgr.xq68_u15.s1                   3.42878e-08
xbgr.xq68_u15.t                      0.0046129
xbgr.xq68_u16.s1                   3.53226e-08
xbgr.xq68_u16.t                      0.0046129
xbgr.xq68_u17.s1                   3.43855e-08
xbgr.xq68_u17.t                      0.0046129
xbgr.xq68_u18.s1                   3.71803e-08
xbgr.xq68_u18.t                      0.0046129
xbgr.xq68_u19.s1                    3.3456e-08
xbgr.xq68_u19.t                      0.0046129
xbgr.xq68_u20.s1                   2.78092e-08
xbgr.xq68_u20.t                     0.00461289
xbgr.xq68_u21.s1                   3.48716e-08
xbgr.xq68_u21.t                      0.0046129
xbgr.xq68_u22.s1                    2.9097e-08
xbgr.xq68_u22.t                     0.00461289
xbgr.xq68_u23.s1                   3.43555e-08
xbgr.xq68_u23.t                      0.0046129
xbgr.xq68_u24.s1                   3.35602e-08
xbgr.xq68_u24.t                      0.0046129
xbgr.xq69_u2.s1                    3.93926e-08
xbgr.xq69_u2.t                      0.00461291
xbgr.xq69_u3.s1                    3.52044e-08
xbgr.xq69_u3.t                       0.0046129
xbgr.xq69_u4.s1                    3.01098e-08
xbgr.xq69_u4.t                      0.00461289
xbgr.xq69_u5.s1                    3.46573e-08
xbgr.xq69_u5.t                       0.0046129
xbgr.xq69_u6.s1                    3.39795e-08
xbgr.xq69_u6.t                       0.0046129
xbgr.xq69_u7.s1                    3.55386e-08
xbgr.xq69_u7.t                       0.0046129
xbgr.xq69_u8.s1                    3.69052e-08
xbgr.xq69_u8.t                       0.0046129
xbgr.xq69_u9.s1                    3.20984e-08
xbgr.xq69_u9.t                       0.0046129
xbgr.xq69_u10.s1                   3.45826e-08
xbgr.xq69_u10.t                      0.0046129
xbgr.xq69_u11.s1                   3.83604e-08
xbgr.xq69_u11.t                     0.00461291
xbgr.xq69_u12.s1                   3.20155e-08
xbgr.xq69_u12.t                      0.0046129
xbgr.xq69_u13.s1                   4.17773e-08
xbgr.xq69_u13.t                     0.00461291
xbgr.xq69_u14.s1                   3.17318e-08
xbgr.xq69_u14.t                      0.0046129
xbgr.xq69_u15.s1                   2.80219e-08
xbgr.xq69_u15.t                     0.00461289
xbgr.xq69_u16.s1                   3.78234e-08
xbgr.xq69_u16.t                     0.00461291
xbgr.xq69_u17.s1                   2.87494e-08
xbgr.xq69_u17.t                     0.00461289
xbgr.xq69_u18.s1                   3.41862e-08
xbgr.xq69_u18.t                      0.0046129
xbgr.xq69_u19.s1                   3.38963e-08
xbgr.xq69_u19.t                      0.0046129
xbgr.xq69_u20.s1                   3.02752e-08
xbgr.xq69_u20.t                     0.00461289
xbgr.xq69_u21.s1                   3.13954e-08
xbgr.xq69_u21.t                      0.0046129
xbgr.xq69_u22.s1                   3.67506e-08
xbgr.xq69_u22.t                      0.0046129
xbgr.xq69_u23.s1                    3.4286e-08
xbgr.xq69_u23.t                      0.0046129
xbgr.xq69_u24.s1                   3.69759e-08
xbgr.xq69_u24.t                      0.0046129
xbgr.xq70_u2.s1                    2.99435e-08
xbgr.xq70_u2.t                      0.00461289
xbgr.xq70_u3.s1                    3.38132e-08
xbgr.xq70_u3.t                       0.0046129
xbgr.xq70_u4.s1                    3.79041e-08
xbgr.xq70_u4.t                      0.00461291
xbgr.xq70_u5.s1                    3.37266e-08
xbgr.xq70_u5.t                       0.0046129
xbgr.xq70_u6.s1                    3.19682e-08
xbgr.xq70_u6.t                       0.0046129
xbgr.xq70_u7.s1                    3.18124e-08
xbgr.xq70_u7.t                       0.0046129
xbgr.xq70_u8.s1                    3.43538e-08
xbgr.xq70_u8.t                       0.0046129
xbgr.xq70_u9.s1                    3.45752e-08
xbgr.xq70_u9.t                       0.0046129
xbgr.xq70_u10.s1                   3.91673e-08
xbgr.xq70_u10.t                     0.00461291
xbgr.xq70_u11.s1                   4.21649e-08
xbgr.xq70_u11.t                     0.00461291
xbgr.xq70_u12.s1                    3.5816e-08
xbgr.xq70_u12.t                      0.0046129
xbgr.xq70_u13.s1                   3.33377e-08
xbgr.xq70_u13.t                      0.0046129
xbgr.xq70_u14.s1                   2.97845e-08
xbgr.xq70_u14.t                     0.00461289
xbgr.xq70_u15.s1                   3.66478e-08
xbgr.xq70_u15.t                      0.0046129
xbgr.xq70_u16.s1                   3.73945e-08
xbgr.xq70_u16.t                      0.0046129
xbgr.xq70_u17.s1                   3.33412e-08
xbgr.xq70_u17.t                      0.0046129
xbgr.xq70_u18.s1                   3.53698e-08
xbgr.xq70_u18.t                      0.0046129
xbgr.xq70_u19.s1                   3.39125e-08
xbgr.xq70_u19.t                      0.0046129
xbgr.xq70_u20.s1                   3.11903e-08
xbgr.xq70_u20.t                      0.0046129
xbgr.xq70_u21.s1                    4.0947e-08
xbgr.xq70_u21.t                     0.00461291
xbgr.xq70_u22.s1                   3.41101e-08
xbgr.xq70_u22.t                      0.0046129
xbgr.xq70_u23.s1                    3.2779e-08
xbgr.xq70_u23.t                      0.0046129
xbgr.xq70_u24.s1                   3.47866e-08
xbgr.xq70_u24.t                      0.0046129
xbgr.xq71_u2.s1                    3.52318e-08
xbgr.xq71_u2.t                       0.0046129
xbgr.xq71_u3.s1                     3.2897e-08
xbgr.xq71_u3.t                       0.0046129
xbgr.xq71_u4.s1                    3.44842e-08
xbgr.xq71_u4.t                       0.0046129
xbgr.xq71_u5.s1                     3.1325e-08
xbgr.xq71_u5.t                       0.0046129
xbgr.xq71_u6.s1                    3.92304e-08
xbgr.xq71_u6.t                      0.00461291
xbgr.xq71_u7.s1                    3.80805e-08
xbgr.xq71_u7.t                      0.00461291
xbgr.xq71_u8.s1                    3.40476e-08
xbgr.xq71_u8.t                       0.0046129
xbgr.xq71_u9.s1                    3.32802e-08
xbgr.xq71_u9.t                       0.0046129
xbgr.xq71_u10.s1                   3.72502e-08
xbgr.xq71_u10.t                      0.0046129
xbgr.xq71_u11.s1                   3.89622e-08
xbgr.xq71_u11.t                     0.00461291
xbgr.xq71_u12.s1                   3.07714e-08
xbgr.xq71_u12.t                     0.00461289
xbgr.xq71_u13.s1                   3.88455e-08
xbgr.xq71_u13.t                     0.00461291
xbgr.xq71_u14.s1                    3.6108e-08
xbgr.xq71_u14.t                      0.0046129
xbgr.xq71_u15.s1                   3.26676e-08
xbgr.xq71_u15.t                      0.0046129
xbgr.xq71_u16.s1                   3.68009e-08
xbgr.xq71_u16.t                      0.0046129
xbgr.xq71_u17.s1                   3.70021e-08
xbgr.xq71_u17.t                      0.0046129
xbgr.xq71_u18.s1                    3.4866e-08
xbgr.xq71_u18.t                      0.0046129
xbgr.xq71_u19.s1                   2.62517e-08
xbgr.xq71_u19.t                     0.00461288
xbgr.xq71_u20.s1                   3.49727e-08
xbgr.xq71_u20.t                      0.0046129
xbgr.xq71_u21.s1                     3.229e-08
xbgr.xq71_u21.t                      0.0046129
xbgr.xq71_u22.s1                   3.01662e-08
xbgr.xq71_u22.t                     0.00461289
xbgr.xq71_u23.s1                   3.09021e-08
xbgr.xq71_u23.t                     0.00461289
xbgr.xq71_u24.s1                    4.0296e-08
xbgr.xq71_u24.t                     0.00461291
xbgr.xq72_u2.s1                    3.30095e-08
xbgr.xq72_u2.t                       0.0046129
xbgr.xq72_u3.s1                    3.46556e-08
xbgr.xq72_u3.t                       0.0046129
xbgr.xq72_u4.s1                      2.826e-08
xbgr.xq72_u4.t                      0.00461289
xbgr.xq72_u5.s1                    3.49768e-08
xbgr.xq72_u5.t                       0.0046129
xbgr.xq72_u6.s1                    3.03767e-08
xbgr.xq72_u6.t                      0.00461289
xbgr.xq72_u7.s1                    3.43181e-08
xbgr.xq72_u7.t                       0.0046129
xbgr.xq72_u8.s1                    3.55607e-08
xbgr.xq72_u8.t                       0.0046129
xbgr.xq72_u9.s1                    3.12744e-08
xbgr.xq72_u9.t                       0.0046129
xbgr.xq72_u10.s1                   3.31492e-08
xbgr.xq72_u10.t                      0.0046129
xbgr.xq72_u11.s1                   3.47235e-08
xbgr.xq72_u11.t                      0.0046129
xbgr.xq72_u12.s1                   3.11891e-08
xbgr.xq72_u12.t                      0.0046129
xbgr.xq72_u13.s1                   3.52339e-08
xbgr.xq72_u13.t                      0.0046129
xbgr.xq72_u14.s1                    3.0472e-08
xbgr.xq72_u14.t                     0.00461289
xbgr.xq72_u15.s1                   3.38007e-08
xbgr.xq72_u15.t                      0.0046129
xbgr.xq72_u16.s1                   3.53446e-08
xbgr.xq72_u16.t                      0.0046129
xbgr.xq72_u17.s1                   4.12978e-08
xbgr.xq72_u17.t                     0.00461291
xbgr.xq72_u18.s1                   2.83074e-08
xbgr.xq72_u18.t                     0.00461289
xbgr.xq72_u19.s1                   2.65848e-08
xbgr.xq72_u19.t                     0.00461289
xbgr.xq72_u20.s1                   3.96576e-08
xbgr.xq72_u20.t                     0.00461291
xbgr.xq72_u21.s1                   3.37316e-08
xbgr.xq72_u21.t                      0.0046129
xbgr.xq72_u22.s1                   3.39021e-08
xbgr.xq72_u22.t                      0.0046129
xbgr.xq72_u23.s1                   3.51219e-08
xbgr.xq72_u23.t                      0.0046129
xbgr.xq72_u24.s1                   3.62013e-08
xbgr.xq72_u24.t                      0.0046129
xbgr.xq73_u2.s1                    3.20729e-08
xbgr.xq73_u2.t                       0.0046129
xbgr.xq73_u3.s1                    3.86186e-08
xbgr.xq73_u3.t                      0.00461291
xbgr.xq73_u4.s1                    3.62003e-08
xbgr.xq73_u4.t                       0.0046129
xbgr.xq73_u5.s1                    2.81387e-08
xbgr.xq73_u5.t                      0.00461289
xbgr.xq73_u6.s1                    3.79175e-08
xbgr.xq73_u6.t                      0.00461291
xbgr.xq73_u7.s1                    3.17729e-08
xbgr.xq73_u7.t                       0.0046129
xbgr.xq73_u8.s1                    3.23346e-08
xbgr.xq73_u8.t                       0.0046129
xbgr.xq73_u9.s1                    3.59981e-08
xbgr.xq73_u9.t                       0.0046129
xbgr.xq73_u10.s1                    3.0324e-08
xbgr.xq73_u10.t                     0.00461289
xbgr.xq73_u11.s1                   2.96393e-08
xbgr.xq73_u11.t                     0.00461289
xbgr.xq73_u12.s1                   2.94767e-08
xbgr.xq73_u12.t                     0.00461289
xbgr.xq73_u13.s1                   3.34553e-08
xbgr.xq73_u13.t                      0.0046129
xbgr.xq73_u14.s1                   3.47661e-08
xbgr.xq73_u14.t                      0.0046129
xbgr.xq73_u15.s1                   3.39563e-08
xbgr.xq73_u15.t                      0.0046129
xbgr.xq73_u16.s1                   3.47792e-08
xbgr.xq73_u16.t                      0.0046129
xbgr.xq73_u17.s1                   3.09957e-08
xbgr.xq73_u17.t                     0.00461289
xbgr.xq73_u18.s1                   3.69157e-08
xbgr.xq73_u18.t                      0.0046129
xbgr.xq73_u19.s1                   3.04172e-08
xbgr.xq73_u19.t                     0.00461289
xbgr.xq73_u20.s1                   4.05881e-08
xbgr.xq73_u20.t                     0.00461291
xbgr.xq73_u21.s1                   3.50427e-08
xbgr.xq73_u21.t                      0.0046129
xbgr.xq73_u22.s1                   3.48942e-08
xbgr.xq73_u22.t                      0.0046129
xbgr.xq73_u23.s1                   4.05484e-08
xbgr.xq73_u23.t                     0.00461291
xbgr.xq73_u24.s1                   3.43603e-08
xbgr.xq73_u24.t                      0.0046129
xbgr.xq74_u2.s1                    3.04276e-08
xbgr.xq74_u2.t                      0.00461289
xbgr.xq74_u3.s1                    3.32262e-08
xbgr.xq74_u3.t                       0.0046129
xbgr.xq74_u4.s1                    3.41245e-08
xbgr.xq74_u4.t                       0.0046129
xbgr.xq74_u5.s1                    3.50067e-08
xbgr.xq74_u5.t                       0.0046129
xbgr.xq74_u6.s1                     3.0248e-08
xbgr.xq74_u6.t                      0.00461289
xbgr.xq74_u7.s1                    3.58068e-08
xbgr.xq74_u7.t                       0.0046129
xbgr.xq74_u8.s1                    3.64762e-08
xbgr.xq74_u8.t                       0.0046129
xbgr.xq74_u9.s1                    3.87543e-08
xbgr.xq74_u9.t                      0.00461291
xbgr.xq74_u10.s1                   3.43636e-08
xbgr.xq74_u10.t                      0.0046129
xbgr.xq74_u11.s1                   3.59038e-08
xbgr.xq74_u11.t                      0.0046129
xbgr.xq74_u12.s1                    4.0259e-08
xbgr.xq74_u12.t                     0.00461291
xbgr.xq74_u13.s1                   3.56757e-08
xbgr.xq74_u13.t                      0.0046129
xbgr.xq74_u14.s1                   3.69458e-08
xbgr.xq74_u14.t                      0.0046129
xbgr.xq74_u15.s1                   3.60401e-08
xbgr.xq74_u15.t                      0.0046129
xbgr.xq74_u16.s1                   3.27252e-08
xbgr.xq74_u16.t                      0.0046129
xbgr.xq74_u17.s1                   3.48763e-08
xbgr.xq74_u17.t                      0.0046129
xbgr.xq74_u18.s1                   3.32116e-08
xbgr.xq74_u18.t                      0.0046129
xbgr.xq74_u19.s1                   3.40557e-08
xbgr.xq74_u19.t                      0.0046129
xbgr.xq74_u20.s1                   2.97764e-08
xbgr.xq74_u20.t                     0.00461289
xbgr.xq74_u21.s1                    3.3544e-08
xbgr.xq74_u21.t                      0.0046129
xbgr.xq74_u22.s1                   3.49061e-08
xbgr.xq74_u22.t                      0.0046129
xbgr.xq74_u23.s1                   4.07114e-08
xbgr.xq74_u23.t                     0.00461291
xbgr.xq74_u24.s1                   3.20423e-08
xbgr.xq74_u24.t                      0.0046129
xbgr.xq75_u2.s1                    2.98509e-08
xbgr.xq75_u2.t                       0.0346951
xbgr.xq75_u3.s1                    3.19752e-08
xbgr.xq75_u3.t                       0.0346951
xbgr.xq75_u4.s1                      3.572e-08
xbgr.xq75_u4.t                       0.0346951
xbgr.xq75_u5.s1                    3.78842e-08
xbgr.xq75_u5.t                       0.0346952
xbgr.xq75_u6.s1                    3.52034e-08
xbgr.xq75_u6.t                       0.0346951
xbgr.xq75_u7.s1                    3.95074e-08
xbgr.xq75_u7.t                       0.0346952
xbgr.xq75_u8.s1                    3.50679e-08
xbgr.xq75_u8.t                       0.0346951
xbgr.xq75_u9.s1                    3.50041e-08
xbgr.xq75_u9.t                       0.0346951
xbgr.xq75_u10.s1                    3.4775e-08
xbgr.xq75_u10.t                      0.0346951
xbgr.xq75_u11.s1                   3.12792e-08
xbgr.xq75_u11.t                      0.0346951
xbgr.xq75_u12.s1                   2.96309e-08
xbgr.xq75_u12.t                      0.0346951
xbgr.xq75_u13.s1                   3.12789e-08
xbgr.xq75_u13.t                      0.0346951
xbgr.xq75_u14.s1                   3.67943e-08
xbgr.xq75_u14.t                      0.0346951
xbgr.xq75_u15.s1                   2.96006e-08
xbgr.xq75_u15.t                      0.0346951
xbgr.xq75_u16.s1                   3.41679e-08
xbgr.xq75_u16.t                      0.0346951
xbgr.xq75_u17.s1                   3.10958e-08
xbgr.xq75_u17.t                      0.0346951
xbgr.xq75_u18.s1                   3.59162e-08
xbgr.xq75_u18.t                      0.0346951
xbgr.xq75_u19.s1                   3.29543e-08
xbgr.xq75_u19.t                      0.0346951
xbgr.xq75_u20.s1                   3.38223e-08
xbgr.xq75_u20.t                      0.0346951
xbgr.xq75_u21.s1                   3.26409e-08
xbgr.xq75_u21.t                      0.0346951
xbgr.xq75_u22.s1                    4.1907e-08
xbgr.xq75_u22.t                      0.0346952
xbgr.xq75_u23.s1                   3.37643e-08
xbgr.xq75_u23.t                      0.0346951
xbgr.xq75_u24.s1                   4.20818e-08
xbgr.xq75_u24.t                      0.0346952
xbgr.xq76_u2.s1                    3.15002e-08
xbgr.xq76_u2.t                       0.0046129
xbgr.xq76_u3.s1                    3.69013e-08
xbgr.xq76_u3.t                       0.0046129
xbgr.xq76_u4.s1                    3.14463e-08
xbgr.xq76_u4.t                       0.0046129
xbgr.xq76_u5.s1                    3.13078e-08
xbgr.xq76_u5.t                       0.0046129
xbgr.xq76_u6.s1                    3.49333e-08
xbgr.xq76_u6.t                       0.0046129
xbgr.xq76_u7.s1                    3.30294e-08
xbgr.xq76_u7.t                       0.0046129
xbgr.xq76_u8.s1                    3.69007e-08
xbgr.xq76_u8.t                       0.0046129
xbgr.xq76_u9.s1                    3.51011e-08
xbgr.xq76_u9.t                       0.0046129
xbgr.xq76_u10.s1                   3.07314e-08
xbgr.xq76_u10.t                     0.00461289
xbgr.xq76_u11.s1                   3.03848e-08
xbgr.xq76_u11.t                     0.00461289
xbgr.xq76_u12.s1                    3.8852e-08
xbgr.xq76_u12.t                     0.00461291
xbgr.xq76_u13.s1                   3.15025e-08
xbgr.xq76_u13.t                      0.0046129
xbgr.xq76_u14.s1                    2.9846e-08
xbgr.xq76_u14.t                     0.00461289
xbgr.xq76_u15.s1                   3.58191e-08
xbgr.xq76_u15.t                      0.0046129
xbgr.xq76_u16.s1                   3.44617e-08
xbgr.xq76_u16.t                      0.0046129
xbgr.xq76_u17.s1                   2.54358e-08
xbgr.xq76_u17.t                     0.00461288
xbgr.xq76_u18.s1                   3.29507e-08
xbgr.xq76_u18.t                      0.0046129
xbgr.xq76_u19.s1                   3.19747e-08
xbgr.xq76_u19.t                      0.0046129
xbgr.xq76_u20.s1                   3.29208e-08
xbgr.xq76_u20.t                      0.0046129
xbgr.xq76_u21.s1                   2.65705e-08
xbgr.xq76_u21.t                     0.00461289
xbgr.xq76_u22.s1                   3.24904e-08
xbgr.xq76_u22.t                      0.0046129
xbgr.xq76_u23.s1                   3.16911e-08
xbgr.xq76_u23.t                      0.0046129
xbgr.xq76_u24.s1                   3.15655e-08
xbgr.xq76_u24.t                      0.0046129
xbgr.xr77_u2.dt                              0
xbgr.xr77_u3.dt                              0
xbgr.xr77_u4.dt                              0
xbgr.xr77_u5.dt                              0
xbgr.xr77_u6.dt                              0
xbgr.xr77_u7.dt                              0
xbgr.xr77_u8.dt                              0
xbgr.xr77_u9.dt                              0
xbgr.xr77_u10.dt                             0
xbgr.xr77_u11.dt                             0
xbgr.xr77_u12.dt                             0
xbgr.xr77_u13.dt                             0
xbgr.xr77_u14.dt                             0
xbgr.xr77_u15.dt                             0
xbgr.xr77_u16.dt                             0
xbgr.xr77_u17.dt                             0
xbgr.xr77_u18.dt                             0
xbgr.xr77_u19.dt                             0
xbgr.xr77_u20.dt                             0
xbgr.xr77_u21.dt                             0
xbgr.xr77_u22.dt                             0
xbgr.xr77_u23.dt                             0
xbgr.xr77_u24.dt                             0
xbgr.xr78_u2.dt                              0
xbgr.xr78_u3.dt                              0
xbgr.xr78_u4.dt                              0
xbgr.xr78_u5.dt                              0
xbgr.xr78_u6.dt                              0
xbgr.xr78_u7.dt                              0
xbgr.xr78_u8.dt                              0
xbgr.xr78_u9.dt                              0
xbgr.xr78_u10.dt                             0
xbgr.xr78_u11.dt                             0
xbgr.xr78_u12.dt                             0
xbgr.xr78_u13.dt                             0
xbgr.xr78_u14.dt                             0
xbgr.xr78_u15.dt                             0
xbgr.xr78_u16.dt                             0
xbgr.xr78_u17.dt                             0
xbgr.xr78_u18.dt                             0
xbgr.xr78_u19.dt                             0
xbgr.xr78_u20.dt                             0
xbgr.xr78_u21.dt                             0
xbgr.xr78_u22.dt                             0
xbgr.xr78_u23.dt                             0
xbgr.xr78_u24.dt                             0
xbgr.xr79_u2.dt                              0
xbgr.xr79_u3.dt                              0
xbgr.xr79_u4.dt                              0
xbgr.xr79_u5.dt                              0
xbgr.xr79_u6.dt                              0
xbgr.xr79_u7.dt                              0
xbgr.xr79_u8.dt                              0
xbgr.xr79_u9.dt                              0
xbgr.xr79_u10.dt                             0
xbgr.xr79_u11.dt                             0
xbgr.xr79_u12.dt                             0
xbgr.xr79_u13.dt                             0
xbgr.xr79_u14.dt                             0
xbgr.xr79_u15.dt                             0
xbgr.xr79_u16.dt                             0
xbgr.xr79_u17.dt                             0
xbgr.xr79_u18.dt                             0
xbgr.xr79_u19.dt                             0
xbgr.xr79_u20.dt                             0
xbgr.xr79_u21.dt                             0
xbgr.xr79_u22.dt                             0
xbgr.xr79_u23.dt                             0
xbgr.xr79_u24.dt                             0
xbgr.xr80_u2.dt                              0
xbgr.xr80_u3.dt                              0
xbgr.xr80_u4.dt                              0
xbgr.xr80_u5.dt                              0
xbgr.xr80_u6.dt                              0
xbgr.xr80_u7.dt                              0
xbgr.xr80_u8.dt                              0
xbgr.xr80_u9.dt                              0
xbgr.xr80_u10.dt                             0
xbgr.xr80_u11.dt                             0
xbgr.xr80_u12.dt                             0
xbgr.xr80_u13.dt                             0
xbgr.xr80_u14.dt                             0
xbgr.xr80_u15.dt                             0
xbgr.xr80_u16.dt                             0
xbgr.xr80_u17.dt                             0
xbgr.xr80_u18.dt                             0
xbgr.xr80_u19.dt                             0
xbgr.xr80_u20.dt                             0
xbgr.xr80_u21.dt                             0
xbgr.xr80_u22.dt                             0
xbgr.xr80_u23.dt                             0
xbgr.xr80_u24.dt                             0
xbgr.xr81_u2.dt                              0
xbgr.xr81_u3.dt                              0
xbgr.xr81_u4.dt                              0
xbgr.xr81_u5.dt                              0
xbgr.xr81_u6.dt                              0
xbgr.xr81_u7.dt                              0
xbgr.xr81_u8.dt                              0
xbgr.xr81_u9.dt                              0
xbgr.xr81_u10.dt                             0
xbgr.xr81_u11.dt                             0
xbgr.xr81_u12.dt                             0
xbgr.xr81_u13.dt                             0
xbgr.xr81_u14.dt                             0
xbgr.xr81_u15.dt                             0
xbgr.xr81_u16.dt                             0
xbgr.xr81_u17.dt                             0
xbgr.xr81_u18.dt                             0
xbgr.xr81_u19.dt                             0
xbgr.xr81_u20.dt                             0
xbgr.xr81_u21.dt                             0
xbgr.xr81_u22.dt                             0
xbgr.xr81_u23.dt                             0
xbgr.xr81_u24.dt                             0
xbgr.xr82_u2.dt                              0
xbgr.xr82_u3.dt                              0
xbgr.xr82_u4.dt                              0
xbgr.xr82_u5.dt                              0
xbgr.xr82_u6.dt                              0
xbgr.xr82_u7.dt                              0
xbgr.xr82_u8.dt                              0
xbgr.xr82_u9.dt                              0
xbgr.xr82_u10.dt                             0
xbgr.xr82_u11.dt                             0
xbgr.xr82_u12.dt                             0
xbgr.xr82_u13.dt                             0
xbgr.xr82_u14.dt                             0
xbgr.xr82_u15.dt                             0
xbgr.xr82_u16.dt                             0
xbgr.xr82_u17.dt                             0
xbgr.xr82_u18.dt                             0
xbgr.xr82_u19.dt                             0
xbgr.xr82_u20.dt                             0
xbgr.xr82_u21.dt                             0
xbgr.xr82_u22.dt                             0
xbgr.xr82_u23.dt                             0
xbgr.xr82_u24.dt                             0
xbgr.xr83_u2.dt                              0
xbgr.xr83_u3.dt                              0
xbgr.xr83_u4.dt                              0
xbgr.xr83_u5.dt                              0
xbgr.xr83_u6.dt                              0
xbgr.xr83_u7.dt                              0
xbgr.xr83_u8.dt                              0
xbgr.xr83_u9.dt                              0
xbgr.xr83_u10.dt                             0
xbgr.xr83_u11.dt                             0
xbgr.xr83_u12.dt                             0
xbgr.xr83_u13.dt                             0
xbgr.xr83_u14.dt                             0
xbgr.xr83_u15.dt                             0
xbgr.xr83_u16.dt                             0
xbgr.xr83_u17.dt                             0
xbgr.xr83_u18.dt                             0
xbgr.xr83_u19.dt                             0
xbgr.xr83_u20.dt                             0
xbgr.xr83_u21.dt                             0
xbgr.xr83_u22.dt                             0
xbgr.xr83_u23.dt                             0
xbgr.xr83_u24.dt                             0
xbgr.xr84_u2.dt                              0
xbgr.xr84_u3.dt                              0
xbgr.xr84_u4.dt                              0
xbgr.xr84_u5.dt                              0
xbgr.xr84_u6.dt                              0
xbgr.xr84_u7.dt                              0
xbgr.xr84_u8.dt                              0
xbgr.xr84_u9.dt                              0
xbgr.xr84_u10.dt                             0
xbgr.xr84_u11.dt                             0
xbgr.xr84_u12.dt                             0
xbgr.xr84_u13.dt                             0
xbgr.xr84_u14.dt                             0
xbgr.xr84_u15.dt                             0
xbgr.xr84_u16.dt                             0
xbgr.xr84_u17.dt                             0
xbgr.xr84_u18.dt                             0
xbgr.xr84_u19.dt                             0
xbgr.xr84_u20.dt                             0
xbgr.xr84_u21.dt                             0
xbgr.xr84_u22.dt                             0
xbgr.xr84_u23.dt                             0
xbgr.xr84_u24.dt                             0
xbgr.xr85_u2.dt                              0
xbgr.xr85_u3.dt                              0
xbgr.xr85_u4.dt                              0
xbgr.xr85_u5.dt                              0
xbgr.xr85_u6.dt                              0
xbgr.xr85_u7.dt                              0
xbgr.xr85_u8.dt                              0
xbgr.xr85_u9.dt                              0
xbgr.xr85_u10.dt                             0
xbgr.xr85_u11.dt                             0
xbgr.xr85_u12.dt                             0
xbgr.xr85_u13.dt                             0
xbgr.xr85_u14.dt                             0
xbgr.xr85_u15.dt                             0
xbgr.xr85_u16.dt                             0
xbgr.xr85_u17.dt                             0
xbgr.xr85_u18.dt                             0
xbgr.xr85_u19.dt                             0
xbgr.xr85_u20.dt                             0
xbgr.xr85_u21.dt                             0
xbgr.xr85_u22.dt                             0
xbgr.xr85_u23.dt                             0
xbgr.xr85_u24.dt                             0
xbgr.xr86_u2.dt                              0
xbgr.xr86_u3.dt                              0
xbgr.xr86_u4.dt                              0
xbgr.xr86_u5.dt                              0
xbgr.xr86_u6.dt                              0
xbgr.xr86_u7.dt                              0
xbgr.xr86_u8.dt                              0
xbgr.xr86_u9.dt                              0
xbgr.xr86_u10.dt                             0
xbgr.xr86_u11.dt                             0
xbgr.xr86_u12.dt                             0
xbgr.xr86_u13.dt                             0
xbgr.xr86_u14.dt                             0
xbgr.xr86_u15.dt                             0
xbgr.xr86_u16.dt                             0
xbgr.xr86_u17.dt                             0
xbgr.xr86_u18.dt                             0
xbgr.xr86_u19.dt                             0
xbgr.xr86_u20.dt                             0
xbgr.xr86_u21.dt                             0
xbgr.xr86_u22.dt                             0
xbgr.xr86_u23.dt                             0
xbgr.xr86_u24.dt                             0
xt2f.vth                               1.03272
xt2f.moden                                 3.3
xt2f.vr                                1.36052
xt2f.n2                                1.22435
xt2f.xr3.dt                                  0
xt2f.n11                              0.136189
xt2f.xr4.dt                                  0
xt2f.n4                                 1.0887
xt2f.xr5.dt                                  0
xt2f.n5                               0.953021
xt2f.xr6.dt                                  0
xt2f.n6                               0.817177
xt2f.n7                               0.680072
xt2f.xr7.dt                                  0
xt2f.n8                               0.543734
xt2f.xr8.dt                                  0
xt2f.n9                               0.407701
xt2f.xr9.dt                                  0
xt2f.n10                              0.271874
xt2f.xr10.dt                                 0
xt2f.xr11.dt                                 0
xt2f.xr12.dt                                 0
xt2f.cap1                          8.29483e-08
xt2f.d1g                                   3.3
xt2f.cap2                          8.18137e-08
xt2f.d2g                                   3.3
xt2f.fon                                   1.2
xt2f.lsb                           4.37571e-07
fout                               4.07353e-06
xt2f.lsa                                   1.2
xt2f.qn                                    3.3
xt2f.q                             3.53531e-07
xt2f.rn                                    3.3
xt2f.ni973                           0.0483079
xt2f.ni974                             2.73077
xt2f.sn                                    3.3
xt2f.isrc                              3.29999
xt2f.c2                            1.81055e-07
xt2f.c1                            1.84046e-07
xt2f.tail1                            0.429609
xt2f.nbias                            0.654357
xt2f.tail2                            0.427219
xt2f.xq40.s1                                 0
xt2f.xq40.t                                  0
xt2f.xq41.s1                                 0
xt2f.xq41.t                                  0
xt2f.ca1                               1.19893
xt2f.xq42.s1                       3.74895e-08
xt2f.xq42.t                          0.0840024
xt2f.cb2                               1.44187
xt2f.xq43.s1                       3.91386e-08
xt2f.xq43.t                        1.41918e-06
xt2f.ca2                               1.19638
xt2f.xq44.s1                       3.52463e-08
xt2f.xq44.t                          0.0897524
xt2f.cb1                               1.45135
xt2f.xq45.s1                       3.33967e-08
xt2f.xq45.t                        1.42852e-06
xt2f.ob2                               3.29412
xt2f.oa2                               2.27755
xt2f.ob1                               3.29541
xt2f.oa1                               2.27983
xt2f.vcg                               2.27944
xt2f.a                             1.86523e-07
xt2f.ni961                             2.67016
xt2f.ni962                            0.049011
xt2f.ni960                         1.75549e-07
xt2f.dr                                2.59609
xt2f.db                                2.59607
xt2f.do                                3.29999
xt2f.xc1.1                         8.29483e-08
xt2f.xc2.1                         8.18137e-08
vload#branch                       5.37349e-06
vmode#branch                                 0
ven#branch                                   0
vr4#branch                                   0
vdd12#branch                      -6.26198e-09
vdd#branch                        -0.000457153
vsub#branch                                  0

 Reference value :  0.00000e+00 Reference value :  3.14000e-08 Reference value :  1.11400e-07 Reference value :  1.96400e-07 Reference value :  2.81400e-07 Reference value :  3.61400e-07 Reference value :  4.41400e-07 Reference value :  5.21400e-07 Reference value :  6.01400e-07 Reference value :  6.81400e-07 Reference value :  7.61400e-07 Reference value :  8.41400e-07 Reference value :  9.21400e-07 Reference value :  1.00000e-06 Reference value :  1.00174e-06 Reference value :  1.00358e-06 Reference value :  1.00425e-06 Reference value :  1.00483e-06 Reference value :  1.00517e-06 Reference value :  1.00637e-06 Reference value :  1.00956e-06 Reference value :  1.01895e-06 Reference value :  1.07645e-06 Reference value :  1.15645e-06 Reference value :  1.20645e-06 Reference value :  1.21813e-06 Reference value :  1.21995e-06 Reference value :  1.22094e-06 Reference value :  1.22133e-06 Reference value :  1.22147e-06 Reference value :  1.22157e-06 Reference value :  1.22185e-06 Reference value :  1.22203e-06 Reference value :  1.22217e-06 Reference value :  1.22254e-06 Reference value :  1.22263e-06 Reference value :  1.22274e-06 Reference value :  1.22310e-06 Reference value :  1.22413e-06 Reference value :  1.22504e-06 Reference value :  1.22527e-06 Reference value :  1.22542e-06 Reference value :  1.22598e-06 Reference value :  1.22836e-06 Reference value :  1.24539e-06 Reference value :  1.32039e-06 Reference value :  1.40539e-06 Reference value :  1.44539e-06 Reference value :  1.46411e-06 Reference value :  1.46969e-06 Reference value :  1.47112e-06 Reference value :  1.47212e-06 Reference value :  1.47260e-06 Reference value :  1.47290e-06 Reference value :  1.47304e-06 Reference value :  1.47319e-06 Reference value :  1.47349e-06 Reference value :  1.47379e-06 Reference value :  1.47400e-06 Reference value :  1.47424e-06 Reference value :  1.47564e-06 Reference value :  1.47663e-06 Reference value :  1.47693e-06 Reference value :  1.47935e-06 Reference value :  1.51222e-06 Reference value :  1.63222e-06 Reference value :  1.71521e-06 Reference value :  1.72373e-06 Reference value :  1.72549e-06 Reference value :  1.72595e-06 Reference value :  1.72615e-06 Reference value :  1.72652e-06 Reference value :  1.72678e-06 Reference value :  1.72722e-06 Reference value :  1.72736e-06 Reference value :  1.72854e-06 Reference value :  1.72973e-06 Reference value :  1.73018e-06 Reference value :  1.73352e-06 Reference value :  1.80800e-06 Reference value :  1.92800e-06 Reference value :  1.97002e-06 Reference value :  1.97606e-06 Reference value :  1.97720e-06 Reference value :  1.97759e-06 Reference value :  1.97779e-06 Reference value :  1.97812e-06 Reference value :  1.97844e-06 Reference value :  1.97861e-06 Reference value :  1.97883e-06 Reference value :  1.98013e-06 Reference value :  1.98125e-06 Reference value :  1.98154e-06 Reference value :  1.98269e-06 Reference value :  1.98840e-06 Reference value :  2.08253e-06 Reference value :  2.18753e-06 Reference value :  2.22296e-06 Reference value :  2.22876e-06 Reference value :  2.23018e-06 Reference value :  2.23063e-06 Reference value :  2.23083e-06 Reference value :  2.23116e-06 Reference value :  2.23142e-06 Reference value :  2.23187e-06 Reference value :  2.23198e-06 Reference value :  2.23233e-06 Reference value :  2.23389e-06 Reference value :  2.23456e-06 Reference value :  2.23488e-06 Reference value :  2.23765e-06 Reference value :  2.28443e-06 Reference value :  2.40443e-06 Reference value :  2.47181e-06 Reference value :  2.47954e-06 Reference value :  2.48145e-06 Reference value :  2.48219e-06 Reference value :  2.48243e-06 Reference value :  2.48276e-06 Reference value :  2.48305e-06 Reference value :  2.48334e-06 Reference value :  2.48355e-06 Reference value :  2.48500e-06 Reference value :  2.48600e-06 Reference value :  2.48633e-06 Reference value :  2.48875e-06 Reference value :  2.52238e-06 Reference value :  2.64738e-06 Reference value :  2.72483e-06 Reference value :  2.73315e-06 Reference value :  2.73488e-06 Reference value :  2.73535e-06 Reference value :  2.73554e-06 Reference value :  2.73593e-06 Reference value :  2.73616e-06 Reference value :  2.73660e-06 Reference value :  2.73674e-06 Reference value :  2.73770e-06 Reference value :  2.73899e-06 Reference value :  2.73930e-06 Reference value :  2.73980e-06 Reference value :  2.74331e-06 Reference value :  2.81175e-06 Reference value :  2.92175e-06 Reference value :  2.97840e-06 Reference value :  2.98504e-06 Reference value :  2.98645e-06 Reference value :  2.98693e-06 Reference value :  2.98712e-06 Reference value :  2.98744e-06 Reference value :  2.98770e-06 Reference value :  2.98796e-06 Reference value :  2.98815e-06 Reference value :  2.98902e-06 Reference value :  2.99055e-06 Reference value :  2.99084e-06 Reference value :  2.99180e-06 Reference value :  2.99644e-06 Reference value :  3.07569e-06 Reference value :  3.18569e-06 Reference value :  3.23087e-06 Reference value :  3.23810e-06 Reference value :  3.23951e-06 Reference value :  3.23996e-06 Reference value :  3.24014e-06 Reference value :  3.24045e-06 Reference value :  3.24075e-06 Reference value :  3.24119e-06 Reference value :  3.24132e-06 Reference value :  3.24177e-06 Reference value :  3.24319e-06 Reference value :  3.24384e-06 Reference value :  3.24412e-06 Reference value :  3.24673e-06 Reference value :  3.29109e-06 Reference value :  3.41609e-06 Reference value :  3.48277e-06 Reference value :  3.48984e-06 Reference value :  3.49121e-06 Reference value :  3.49161e-06 Reference value :  3.49185e-06 Reference value :  3.49215e-06 Reference value :  3.49245e-06 Reference value :  3.49266e-06 Reference value :  3.49290e-06 Reference value :  3.49431e-06 Reference value :  3.49529e-06 Reference value :  3.49558e-06 Reference value :  3.49767e-06 Reference value :  3.52068e-06 Reference value :  3.63568e-06 Reference value :  3.73068e-06 Reference value :  3.74184e-06 Reference value :  3.74375e-06 Reference value :  3.74458e-06 Reference value :  3.74479e-06 Reference value :  3.74510e-06 Reference value :  3.74538e-06 Reference value :  3.74581e-06 Reference value :  3.74593e-06 Reference value :  3.74621e-06 Reference value :  3.74751e-06 Reference value :  3.74850e-06 Reference value :  3.74878e-06 Reference value :  3.75175e-06 Reference value :  3.80666e-06 Reference value :  3.92666e-06 Reference value :  3.98723e-06 Reference value :  3.99440e-06 Reference value :  3.99586e-06 Reference value :  3.99627e-06 Reference value :  3.99653e-06 Reference value :  3.99689e-06 Reference value :  3.99718e-06 Reference value :  3.99737e-06 Reference value :  3.99759e-06 Reference value :  3.99897e-06 Reference value :  3.99991e-06 Reference value :  4.00024e-06 Reference value :  4.00156e-06 Reference value :  4.00705e-06 Reference value :  4.09616e-06 Reference value :  4.20116e-06 Reference value :  4.24161e-06 Reference value :  4.24742e-06 Reference value :  4.24884e-06 Reference value :  4.24929e-06 Reference value :  4.24947e-06 Reference value :  4.24974e-06 Reference value :  4.25006e-06 Reference value :  4.25049e-06 Reference value :  4.25061e-06 Reference value :  4.25094e-06 Reference value :  4.25238e-06 Reference value :  4.25319e-06 Reference value :  4.25340e-06 Reference value :  4.25560e-06 Reference value :  4.27773e-06 Reference value :  4.38773e-06 Reference value :  4.47273e-06 Reference value :  4.49631e-06 Reference value :  4.49937e-06 Reference value :  4.50055e-06 Reference value :  4.50099e-06 Reference value :  4.50122e-06 Reference value :  4.50153e-06 Reference value :  4.50182e-06 Reference value :  4.50201e-06 Reference value :  4.50220e-06 Reference value :  4.50333e-06 Reference value :  4.50457e-06 Reference value :  4.50488e-06 Reference value :  4.50553e-06 Reference value :  4.50871e-06 Reference value :  4.56028e-06 Reference value :  4.66528e-06 Reference value :  4.73528e-06 Reference value :  4.74935e-06 Reference value :  4.75244e-06 Reference value :  4.75361e-06 Reference value :  4.75399e-06 Reference value :  4.75417e-06 Reference value :  4.75445e-06 Reference value :  4.75471e-06 Reference value :  4.75493e-06 Reference value :  4.75526e-06 Reference value :  4.75537e-06 Reference value :  4.75591e-06 Reference value :  4.75729e-06 Reference value :  4.75789e-06 Reference value :  4.75811e-06 Reference value :  4.75941e-06 Reference value :  4.76344e-06 Reference value :  4.83230e-06 Reference value :  4.93730e-06 Reference value :  4.99494e-06 Reference value :  5.00284e-06 Reference value :  5.00454e-06 Reference value :  5.00531e-06 Reference value :  5.00570e-06 Reference value :  5.00587e-06 Reference value :  5.00618e-06 Reference value :  5.00645e-06 Reference value :  5.00667e-06 Reference value :  5.00686e-06 Reference value :  5.00745e-06 Reference value :  5.00903e-06 Reference value :  5.00949e-06 Reference value :  5.00965e-06 Reference value :  5.01094e-06 Reference value :  5.01520e-06 Reference value :  5.08467e-06 Reference value :  5.18967e-06 Reference value :  5.24795e-06 Reference value :  5.25591e-06 Reference value :  5.25761e-06 Reference value :  5.25842e-06 Reference value :  5.25873e-06 Reference value :  5.25890e-06 Reference value :  5.25921e-06 Reference value :  5.25945e-06 Reference value :  5.25982e-06 Reference value :  5.25997e-06 Reference value :  5.26012e-06 Reference value :  5.26087e-06 Reference value :  5.26226e-06 Reference value :  5.26260e-06 Reference value :  5.26286e-06 Reference value :  5.26529e-06 Reference value :  5.28596e-06 Reference value :  5.38596e-06 Reference value :  5.47596e-06 Reference value :  5.50265e-06 Reference value :  5.50811e-06 Reference value :  5.50947e-06 Reference value :  5.51014e-06 Reference value :  5.51041e-06 Reference value :  5.51058e-06 Reference value :  5.51089e-06 Reference value :  5.51118e-06 Reference value :  5.51135e-06 Reference value :  5.51155e-06 Reference value :  5.51227e-06 Reference value :  5.51374e-06 Reference value :  5.51417e-06 Reference value :  5.51436e-06 Reference value :  5.51613e-06 Reference value :  5.52278e-06 Reference value :  5.60475e-06 Reference value :  5.70475e-06 Reference value :  5.75264e-06 Reference value :  5.76058e-06 Reference value :  5.76229e-06 Reference value :  5.76311e-06 Reference value :  5.76341e-06 Reference value :  5.76358e-06 Reference value :  5.76390e-06 Reference value :  5.76414e-06 Reference value :  5.76452e-06 Reference value :  5.76466e-06 Reference value :  5.76485e-06 Reference value :  5.76581e-06 Reference value :  5.76706e-06 Reference value :  5.76735e-06 Reference value :  5.76779e-06 Reference value :  5.77035e-06 Reference value :  5.80168e-06 Reference value :  5.90168e-06 Reference value :  5.98168e-06 Reference value :  6.00725e-06 Reference value :  6.01310e-06 Reference value :  6.01454e-06 Reference value :  6.01502e-06 Reference value :  6.01521e-06 Reference value :  6.01556e-06 Reference value :  6.01588e-06 Reference value :  6.01612e-06 Reference value :  6.01633e-06 Reference value :  6.01772e-06 Reference value :  6.01875e-06 Reference value :  6.01897e-06 Reference value :  6.01990e-06 Reference value :  6.02324e-06 Reference value :  6.08394e-06 Reference value :  6.18894e-06 Reference value :  6.25394e-06 Reference value :  6.26465e-06 Reference value :  6.26676e-06 Reference value :  6.26774e-06 Reference value :  6.26810e-06 Reference value :  6.26827e-06 Reference value :  6.26862e-06 Reference value :  6.26884e-06 Reference value :  6.26925e-06 Reference value :  6.26936e-06 Reference value :  6.26956e-06 Reference value :  6.27045e-06 Reference value :  6.27172e-06 Reference value :  6.27201e-06 Reference value :  6.27239e-06 Reference value :  6.27505e-06 Reference value :  6.30657e-06 Reference value :  6.41657e-06 Reference value :  6.49657e-06 Reference value :  6.51339e-06 Reference value :  6.51814e-06 Reference value :  6.51931e-06 Reference value :  6.51972e-06 Reference value :  6.51989e-06 Reference value :  6.52017e-06 Reference value :  6.52036e-06 Reference value :  6.52061e-06 Reference value :  6.52077e-06 Reference value :  6.52096e-06 Reference value :  6.52191e-06 Reference value :  6.52313e-06 Reference value :  6.52356e-06 Reference value :  6.52375e-06 Reference value :  6.52552e-06 Reference value :  6.53214e-06 Reference value :  6.61904e-06 Reference value :  6.71904e-06 Reference value :  6.76354e-06 Reference value :  6.77053e-06 Reference value :  6.77189e-06 Reference value :  6.77256e-06 Reference value :  6.77286e-06 Reference value :  6.77304e-06 Reference value :  6.77339e-06 Reference value :  6.77359e-06 Reference value :  6.77400e-06 Reference value :  6.77412e-06 Reference value :  6.77451e-06 Reference value :  6.77588e-06 Reference value :  6.77666e-06 Reference value :  6.77687e-06 Reference value :  6.77847e-06 Reference value :  6.78478e-06 Reference value :  6.87107e-06 Reference value :  6.97107e-06 Reference value :  7.01519e-06 Reference value :  7.02216e-06 Reference value :  7.02353e-06 Reference value :  7.02421e-06 Reference value :  7.02455e-06 Reference value :  7.02477e-06 Reference value :  7.02505e-06 Reference value :  7.02535e-06 Reference value :  7.02553e-06 Reference value :  7.02572e-06 Reference value :  7.02711e-06 Reference value :  7.02808e-06 Reference value :  7.02833e-06 Reference value :  7.02887e-06 Reference value :  7.03175e-06 Reference value :  7.06852e-06 Reference value :  7.17352e-06 Reference value :  7.25352e-06 Reference value :  7.27109e-06 Reference value :  7.27556e-06 Reference value :  7.27699e-06 Reference value :  7.27741e-06 Reference value :  7.27761e-06 Reference value :  7.27779e-06 Reference value :  7.27811e-06 Reference value :  7.27831e-06 Reference value :  7.27871e-06 Reference value :  7.27884e-06 Reference value :  7.27946e-06 Reference value :  7.28102e-06 Reference value :  7.28139e-06 Reference value :  7.28192e-06 Reference value :  7.28599e-06 Reference value :  7.36949e-06 Reference value :  7.47949e-06 Reference value :  7.52152e-06 Reference value :  7.52723e-06 Reference value :  7.52862e-06 Reference value :  7.52906e-06 Reference value :  7.52924e-06 Reference value :  7.52955e-06 Reference value :  7.52977e-06 Reference value :  7.53003e-06 Reference value :  7.53022e-06 Reference value :  7.53053e-06 Reference value :  7.53212e-06 Reference value :  7.53292e-06 Reference value :  7.53322e-06 Reference value :  7.53579e-06 Reference value :  7.57928e-06 Reference value :  7.70428e-06 Reference value :  7.77167e-06 Reference value :  7.77996e-06 Reference value :  7.78153e-06 Reference value :  7.78212e-06 Reference value :  7.78230e-06 Reference value :  7.78260e-06 Reference value :  7.78289e-06 Reference value :  7.78331e-06 Reference value :  7.78345e-06 Reference value :  7.78380e-06 Reference value :  7.78530e-06 Reference value :  7.78603e-06 Reference value :  7.78627e-06 Reference value :  7.78849e-06 Reference value :  7.80536e-06 Reference value :  7.91536e-06 Reference value :  8.00536e-06 Reference value :  8.02911e-06 Reference value :  8.03244e-06 Reference value :  8.03344e-06 Reference value :  8.03386e-06 Reference value :  8.03406e-06 Reference value :  8.03437e-06 Reference value :  8.03468e-06 Reference value :  8.03490e-06 Reference value :  8.03515e-06 Reference value :  8.03664e-06 Reference value :  8.03763e-06 Reference value :  8.03791e-06 Reference value :  8.04049e-06 Reference value :  8.08361e-06 Reference value :  8.20361e-06 Reference value :  8.27621e-06 Reference value :  8.28462e-06 Reference value :  8.28620e-06 Reference value :  8.28679e-06 Reference value :  8.28699e-06 Reference value :  8.28724e-06 Reference value :  8.28757e-06 Reference value :  8.28797e-06 Reference value :  8.28811e-06 Reference value :  8.28833e-06 Reference value :  8.28939e-06 Reference value :  8.29054e-06 Reference value :  8.29083e-06 Reference value :  8.29193e-06 Reference value :  8.30061e-06 Reference value :  8.41422e-06 Reference value :  8.50922e-06 Reference value :  8.53384e-06 Reference value :  8.53715e-06 Reference value :  8.53820e-06 Reference value :  8.53857e-06 Reference value :  8.53882e-06 Reference value :  8.53910e-06 Reference value :  8.53937e-06 Reference value :  8.53958e-06 Reference value :  8.53982e-06 Reference value :  8.54120e-06 Reference value :  8.54214e-06 Reference value :  8.54242e-06 Reference value :  8.54356e-06 Reference value :  8.54912e-06 Reference value :  8.64272e-06 Reference value :  8.75272e-06 Reference value :  8.78514e-06 Reference value :  8.78996e-06 Reference value :  8.79113e-06 Reference value :  8.79153e-06 Reference value :  8.79171e-06 Reference value :  8.79200e-06 Reference value :  8.79228e-06 Reference value :  8.79270e-06 Reference value :  8.79282e-06 Reference value :  8.79316e-06 Reference value :  8.79462e-06 Reference value :  8.79546e-06 Reference value :  8.79598e-06 Reference value :  8.79956e-06 Reference value :  8.86856e-06 Reference value :  8.98356e-06 Reference value :  9.03413e-06 Reference value :  9.04129e-06 Reference value :  9.04269e-06 Reference value :  9.04312e-06 Reference value :  9.04333e-06 Reference value :  9.04368e-06 Reference value :  9.04402e-06 Reference value :  9.04424e-06 Reference value :  9.04443e-06 Reference value :  9.04586e-06 Reference value :  9.04686e-06 Reference value :  9.04716e-06 Reference value :  9.04927e-06 Reference value :  9.06826e-06 Reference value :  9.17326e-06 Reference value :  9.26826e-06 Reference value :  9.29165e-06 Reference value :  9.29467e-06 Reference value :  9.29581e-06 Reference value :  9.29621e-06 Reference value :  9.29639e-06 Reference value :  9.29675e-06 Reference value :  9.29699e-06 Reference value :  9.29744e-06 Reference value :  9.29755e-06 Reference value :  9.29801e-06 Reference value :  9.29964e-06 Reference value :  9.30017e-06 Reference value :  9.30090e-06 Reference value :  9.30546e-06 Reference value :  9.38848e-06 Reference value :  9.49348e-06 Reference value :  9.53870e-06 Reference value :  9.54561e-06 Reference value :  9.54721e-06 Reference value :  9.54778e-06 Reference value :  9.54797e-06 Reference value :  9.54823e-06 Reference value :  9.54850e-06 Reference value :  9.54876e-06 Reference value :  9.54897e-06 Reference value :  9.54929e-06 Reference value :  9.55090e-06 Reference value :  9.55162e-06 Reference value :  9.55184e-06 Reference value :  9.55364e-06 Reference value :  9.56285e-06 Reference value :  9.66222e-06 Reference value :  9.76222e-06 Reference value :  9.79450e-06 Reference value :  9.79932e-06 Reference value :  9.80049e-06 Reference value :  9.80089e-06 Reference value :  9.80109e-06 Reference value :  9.80145e-06 Reference value :  9.80166e-06 Reference value :  9.80211e-06 Reference value :  9.80223e-06 Reference value :  9.80258e-06 Reference value :  9.80400e-06 Reference value :  9.80478e-06 Reference value :  9.80508e-06 Reference value :  9.80755e-06 Reference value :  9.83418e-06 Reference value :  9.94418e-06 Reference value :  1.00342e-05 Reference value :  1.00491e-05 Reference value :  1.00514e-05 Reference value :  1.00523e-05 Reference value :  1.00526e-05 Reference value :  1.00529e-05 Reference value :  1.00532e-05 Reference value :  1.00535e-05 Reference value :  1.00537e-05 Reference value :  1.00540e-05 Reference value :  1.00556e-05 Reference value :  1.00564e-05 Reference value :  1.00566e-05 Reference value :  1.00592e-05 Reference value :  1.00964e-05 Reference value :  1.01864e-05 Reference value :  1.02764e-05 Reference value :  1.03022e-05 Reference value :  1.03045e-05 Reference value :  1.03054e-05 Reference value :  1.03057e-05 Reference value :  1.03058e-05 Reference value :  1.03062e-05 Reference value :  1.03064e-05 Reference value :  1.03068e-05 Reference value :  1.03069e-05 Reference value :  1.03073e-05 Reference value :  1.03085e-05 Reference value :  1.03093e-05 Reference value :  1.03096e-05 Reference value :  1.03107e-05 Reference value :  1.03161e-05 Reference value :  1.03992e-05 Reference value :  1.04992e-05 Reference value :  1.05466e-05 Reference value :  1.05544e-05 Reference value :  1.05561e-05 Reference value :  1.05570e-05 Reference value :  1.05572e-05 Reference value :  1.05575e-05 Reference value :  1.05578e-05 Reference value :  1.05580e-05 Reference value :  1.05582e-05 Reference value :  1.05584e-05 Reference value :  1.05590e-05 Reference value :  1.05606e-05 Reference value :  1.05611e-05 Reference value :  1.05613e-05 Reference value :  1.05630e-05 Reference value :  1.05699e-05 Reference value :  1.06572e-05 Reference value :  1.07572e-05 Reference value :  1.08012e-05 Reference value :  1.08081e-05 Reference value :  1.08094e-05 Reference value :  1.08101e-05 Reference value :  1.08104e-05 Reference value :  1.08105e-05 Reference value :  1.08108e-05 Reference value :  1.08110e-05 Reference value :  1.08115e-05 Reference value :  1.08116e-05 Reference value :  1.08118e-05 Reference value :  1.08129e-05 Reference value :  1.08140e-05 Reference value :  1.08143e-05 Reference value :  1.08153e-05 Reference value :  1.08204e-05 Reference value :  1.08974e-05 Reference value :  1.09974e-05 Reference value :  1.10512e-05 Reference value :  1.10591e-05 Reference value :  1.10608e-05 Reference value :  1.10616e-05 Reference value :  1.10620e-05 Reference value :  1.10621e-05 Reference value :  1.10624e-05 Reference value :  1.10628e-05 Reference value :  1.10630e-05 Reference value :  1.10631e-05 Reference value :  1.10640e-05 Reference value :  1.10653e-05 Reference value :  1.10657e-05 Reference value :  1.10659e-05 Reference value :  1.10677e-05 Reference value :  1.10745e-05 Reference value :  1.11619e-05 Reference value :  1.12619e-05 Reference value :  1.13058e-05 Reference value :  1.13128e-05 Reference value :  1.13141e-05 Reference value :  1.13148e-05 Reference value :  1.13151e-05 Reference value :  1.13152e-05 Reference value :  1.13155e-05 Reference value :  1.13158e-05 Reference value :  1.13162e-05 Reference value :  1.13163e-05 Reference value :  1.13165e-05 Reference value :  1.13177e-05 Reference value :  1.13187e-05 Reference value :  1.13190e-05 Reference value :  1.13197e-05 Reference value :  1.13237e-05 Reference value :  1.14041e-05 Reference value :  1.15141e-05 Reference value :  1.15578e-05 Reference value :  1.15645e-05 Reference value :  1.15660e-05 Reference value :  1.15666e-05 Reference value :  1.15668e-05 Reference value :  1.15670e-05 Reference value :  1.15672e-05 Reference value :  1.15675e-05 Reference value :  1.15676e-05 Reference value :  1.15678e-05 Reference value :  1.15682e-05 Reference value :  1.15695e-05 Reference value :  1.15704e-05 Reference value :  1.15706e-05 Reference value :  1.15727e-05 Reference value :  1.15906e-05 Reference value :  1.17006e-05 Reference value :  1.17956e-05 Reference value :  1.18162e-05 Reference value :  1.18183e-05 Reference value :  1.18193e-05 Reference value :  1.18197e-05 Reference value :  1.18199e-05 Reference value :  1.18202e-05 Reference value :  1.18204e-05 Reference value :  1.18209e-05 Reference value :  1.18210e-05 Reference value :  1.18215e-05 Reference value :  1.18232e-05 Reference value :  1.18236e-05 Reference value :  1.18238e-05 Reference value :  1.18259e-05 Reference value :  1.18369e-05 Reference value :  1.19269e-05 Reference value :  1.20269e-05 Reference value :  1.20621e-05 Reference value :  1.20691e-05 Reference value :  1.20704e-05 Reference value :  1.20711e-05 Reference value :  1.20714e-05 Reference value :  1.20715e-05 Reference value :  1.20718e-05 Reference value :  1.20721e-05 Reference value :  1.20723e-05 Reference value :  1.20725e-05 Reference value :  1.20731e-05 Reference value :  1.20747e-05 Reference value :  1.20751e-05 Reference value :  1.20753e-05 Reference value :  1.20771e-05 Reference value :  1.20837e-05 Reference value :  1.21707e-05 Reference value :  1.22707e-05 Reference value :  1.23151e-05 Reference value :  1.23221e-05 Reference value :  1.23235e-05 Reference value :  1.23241e-05 Reference value :  1.23244e-05 Reference value :  1.23246e-05 Reference value :  1.23250e-05 Reference value :  1.23252e-05 Reference value :  1.23256e-05 Reference value :  1.23257e-05 Reference value :  1.23261e-05 Reference value :  1.23275e-05 Reference value :  1.23282e-05 Reference value :  1.23284e-05 Reference value :  1.23300e-05 Reference value :  1.23347e-05 Reference value :  1.24126e-05 Reference value :  1.25126e-05 Reference value :  1.25653e-05 Reference value :  1.25732e-05 Reference value :  1.25749e-05 Reference value :  1.25757e-05 Reference value :  1.25761e-05 Reference value :  1.25763e-05 Reference value :  1.25766e-05 Reference value :  1.25769e-05 Reference value :  1.25771e-05 Reference value :  1.25772e-05 Reference value :  1.25785e-05 Reference value :  1.25797e-05 Reference value :  1.25799e-05 Reference value :  1.25804e-05 Reference value :  1.25833e-05 Reference value :  1.26249e-05 Reference value :  1.27299e-05 Reference value :  1.28049e-05 Reference value :  1.28244e-05 Reference value :  1.28275e-05 Reference value :  1.28286e-05 Reference value :  1.28290e-05 Reference value :  1.28292e-05 Reference value :  1.28295e-05 Reference value :  1.28298e-05 Reference value :  1.28302e-05 Reference value :  1.28303e-05 Reference value :  1.28306e-05 Reference value :  1.28316e-05 Reference value :  1.28327e-05 Reference value :  1.28330e-05 Reference value :  1.28336e-05 Reference value :  1.28367e-05 Reference value :  1.28926e-05 Reference value :  1.29926e-05 Reference value :  1.30626e-05 Reference value :  1.30773e-05 Reference value :  1.30794e-05 Reference value :  1.30803e-05 Reference value :  1.30807e-05 Reference value :  1.30808e-05 Reference value :  1.30811e-05 Reference value :  1.30814e-05 Reference value :  1.30816e-05 Reference value :  1.30818e-05 Reference value :  1.30822e-05 Reference value :  1.30837e-05 Reference value :  1.30844e-05 Reference value :  1.30847e-05 Reference value :  1.30865e-05 Reference value :  1.30960e-05 Reference value :  1.31956e-05 Reference value :  1.32956e-05 Reference value :  1.33260e-05 Reference value :  1.33318e-05 Reference value :  1.33333e-05 Reference value :  1.33337e-05 Reference value :  1.33339e-05 Reference value :  1.33341e-05 Reference value :  1.33344e-05 Reference value :  1.33346e-05 Reference value :  1.33350e-05 Reference value :  1.33351e-05 Reference value :  1.33355e-05 Reference value :  1.33370e-05 Reference value :  1.33376e-05 Reference value :  1.33379e-05 Reference value :  1.33400e-05 Reference value :  1.33480e-05 Reference value :  1.34369e-05 Reference value :  1.35319e-05 Reference value :  1.35761e-05 Reference value :  1.35831e-05 Reference value :  1.35845e-05 Reference value :  1.35852e-05 Reference value :  1.35855e-05 Reference value :  1.35857e-05 Reference value :  1.35859e-05 Reference value :  1.35862e-05 Reference value :  1.35864e-05 Reference value :  1.35865e-05 Reference value :  1.35868e-05 Reference value :  1.35881e-05 Reference value :  1.35890e-05 Reference value :  1.35893e-05 Reference value :  1.35898e-05 Reference value :  1.35931e-05 Reference value :  1.36547e-05 Reference value :  1.37647e-05 Reference value :  1.38277e-05 Reference value :  1.38356e-05 Reference value :  1.38375e-05 Reference value :  1.38382e-05 Reference value :  1.38385e-05 Reference value :  1.38386e-05 Reference value :  1.38389e-05 Reference value :  1.38392e-05 Reference value :  1.38395e-05 Reference value :  1.38397e-05 Reference value :  1.38399e-05 Reference value :  1.38408e-05 Reference value :  1.38421e-05 Reference value :  1.38424e-05 Reference value :  1.38433e-05 Reference value :  1.38470e-05 Reference value :  1.39155e-05 Reference value :  1.40255e-05 Reference value :  1.40794e-05 Reference value :  1.40873e-05 Reference value :  1.40890e-05 Reference value :  1.40898e-05 Reference value :  1.40901e-05 Reference value :  1.40903e-05 Reference value :  1.40906e-05 Reference value :  1.40908e-05 Reference value :  1.40910e-05 Reference value :  1.40912e-05 Reference value :  1.40916e-05 Reference value :  1.40931e-05 Reference value :  1.40938e-05 Reference value :  1.40940e-05 Reference value :  1.40951e-05 Reference value :  1.40984e-05 Reference value :  1.41550e-05 Reference value :  1.42500e-05 Reference value :  1.43200e-05 Reference value :  1.43385e-05 Reference value :  1.43415e-05 Reference value :  1.43427e-05 Reference value :  1.43431e-05 Reference value :  1.43433e-05 Reference value :  1.43436e-05 Reference value :  1.43439e-05 Reference value :  1.43443e-05 Reference value :  1.43444e-05 Reference value :  1.43446e-05 Reference value :  1.43455e-05 Reference value :  1.43468e-05 Reference value :  1.43470e-05 Reference value :  1.43474e-05 Reference value :  1.43501e-05 Reference value :  1.43816e-05 Reference value :  1.44866e-05 Reference value :  1.45666e-05 Reference value :  1.45884e-05 Reference value :  1.45928e-05 Reference value :  1.45943e-05 Reference value :  1.45947e-05 Reference value :  1.45949e-05 Reference value :  1.45951e-05 Reference value :  1.45953e-05 Reference value :  1.45956e-05 Reference value :  1.45957e-05 Reference value :  1.45959e-05 Reference value :  1.45962e-05 Reference value :  1.45975e-05 Reference value :  1.45984e-05 Reference value :  1.45987e-05 Reference value :  1.45996e-05 Reference value :  1.46030e-05 Reference value :  1.46640e-05 Reference value :  1.47690e-05 Reference value :  1.48340e-05 Reference value :  1.48443e-05 Reference value :  1.48465e-05 Reference value :  1.48475e-05 Reference value :  1.48478e-05 Reference value :  1.48480e-05 Reference value :  1.48483e-05 Reference value :  1.48486e-05 Reference value :  1.48490e-05 Reference value :  1.48491e-05 Reference value :  1.48493e-05 Reference value :  1.48504e-05 Reference value :  1.48515e-05 Reference value :  1.48518e-05 Reference value :  1.48529e-05 Reference value :  1.48570e-05 Reference value :  1.49298e-05 Reference value :  1.50348e-05 Reference value :  1.50888e-05 Reference value :  1.50967e-05 Reference value :  1.50984e-05 Reference value :  1.50992e-05 Reference value :  1.50995e-05 Reference value :  1.50996e-05 Reference value :  1.51000e-05 Reference value :  1.51002e-05 Reference value :  1.51004e-05 Reference value :  1.51006e-05 Reference value :  1.51009e-05 Reference value :  1.51025e-05 Reference value :  1.51031e-05 Reference value :  1.51034e-05 Reference value :  1.51045e-05 Reference value :  1.51083e-05 Reference value :  1.51744e-05 Reference value :  1.52794e-05 Reference value :  1.53419e-05 Reference value :  1.53497e-05 Reference value :  1.53514e-05 Reference value :  1.53522e-05 Reference value :  1.53525e-05 Reference value :  1.53527e-05 Reference value :  1.53530e-05 Reference value :  1.53532e-05 Reference value :  1.53537e-05 Reference value :  1.53538e-05 Reference value :  1.53540e-05 Reference value :  1.53551e-05 Reference value :  1.53562e-05 Reference value :  1.53565e-05 Reference value :  1.53571e-05 Reference value :  1.53600e-05 Reference value :  1.53938e-05 Reference value :  1.54988e-05 Reference value :  1.55788e-05 Reference value :  1.56011e-05 Reference value :  1.56029e-05 Reference value :  1.56037e-05 Reference value :  1.56041e-05 Reference value :  1.56043e-05 Reference value :  1.56046e-05 Reference value :  1.56049e-05 Reference value :  1.56050e-05 Reference value :  1.56052e-05 Reference value :  1.56055e-05 Reference value :  1.56068e-05 Reference value :  1.56077e-05 Reference value :  1.56080e-05 Reference value :  1.56085e-05 Reference value :  1.56114e-05 Reference value :  1.56531e-05 Reference value :  1.57581e-05 Reference value :  1.58331e-05 Reference value :  1.58508e-05 Reference value :  1.58552e-05 Reference value :  1.58566e-05 Reference value :  1.58571e-05 Reference value :  1.58573e-05 Reference value :  1.58575e-05 Reference value :  1.58578e-05 Reference value :  1.58580e-05 Reference value :  1.58584e-05 Reference value :  1.58585e-05 Reference value :  1.58589e-05 Reference value :  1.58602e-05 Reference value :  1.58609e-05 Reference value :  1.58612e-05 Reference value :  1.58627e-05 Reference value :  1.58687e-05 Reference value :  1.59542e-05 Reference value :  1.60542e-05 Reference value :  1.60997e-05 Reference value :  1.61066e-05 Reference value :  1.61079e-05 Reference value :  1.61086e-05 Reference value :  1.61088e-05 Reference value :  1.61090e-05 Reference value :  1.61093e-05 Reference value :  1.61095e-05 Reference value :  1.61097e-05 Reference value :  1.61099e-05 Reference value :  1.61102e-05 Reference value :  1.61116e-05 Reference value :  1.61125e-05 Reference value :  1.61127e-05 Reference value :  1.61138e-05 Reference value :  1.61176e-05 Reference value :  1.61838e-05 Reference value :  1.62888e-05 Reference value :  1.63513e-05 Reference value :  1.63590e-05 Reference value :  1.63607e-05 Reference value :  1.63615e-05 Reference value :  1.63618e-05 Reference value :  1.63620e-05 Reference value :  1.63623e-05 Reference value :  1.63626e-05 Reference value :  1.63630e-05 Reference value :  1.63631e-05 Reference value :  1.63633e-05 Reference value :  1.63644e-05 Reference value :  1.63655e-05 Reference value :  1.63658e-05 Reference value :  1.63662e-05 Reference value :  1.63691e-05 Reference value :  1.64050e-05 Reference value :  1.65100e-05 Reference value :  1.65900e-05 Reference value :  1.66088e-05 Reference value :  1.66119e-05 Reference value :  1.66130e-05 Reference value :  1.66135e-05 Reference value :  1.66136e-05 Reference value :  1.66139e-05 Reference value :  1.66142e-05 Reference value :  1.66144e-05 Reference value :  1.66145e-05 Reference value :  1.66147e-05 Reference value :  1.66154e-05 Reference value :  1.66167e-05 Reference value :  1.66173e-05 Reference value :  1.66175e-05 Reference value :  1.66193e-05 Reference value :  1.66259e-05 Reference value :  1.67128e-05 Reference value :  1.68128e-05 Reference value :  1.68573e-05 Reference value :  1.68643e-05 Reference value :  1.68658e-05 Reference value :  1.68664e-05 Reference value :  1.68666e-05 Reference value :  1.68668e-05 Reference value :  1.68671e-05 Reference value :  1.68673e-05 Reference value :  1.68677e-05 Reference value :  1.68678e-05 Reference value :  1.68681e-05 Reference value :  1.68692e-05 Reference value :  1.68703e-05 Reference value :  1.68706e-05 Reference value :  1.68727e-05 Reference value :  1.68885e-05 Reference value :  1.69885e-05 Reference value :  1.70785e-05 Reference value :  1.71106e-05 Reference value :  1.71163e-05 Reference value :  1.71177e-05 Reference value :  1.71181e-05 Reference value :  1.71183e-05 Reference value :  1.71185e-05 Reference value :  1.71187e-05 Reference value :  1.71190e-05 Reference value :  1.71192e-05 Reference value :  1.71194e-05 Reference value :  1.71205e-05 Reference value :  1.71217e-05 Reference value :  1.71220e-05 Reference value :  1.71223e-05 Reference value :  1.71246e-05 Reference value :  1.71430e-05 Reference value :  1.72380e-05 Reference value :  1.73330e-05 Reference value :  1.73635e-05 Reference value :  1.73690e-05 Reference value :  1.73703e-05 Reference value :  1.73710e-05 Reference value :  1.73713e-05 Reference value :  1.73714e-05 Reference value :  1.73718e-05 Reference value :  1.73720e-05 Reference value :  1.73724e-05 Reference value :  1.73725e-05 Reference value :  1.73728e-05 Reference value :  1.73739e-05 Reference value :  1.73749e-05 Reference value :  1.73751e-05 Reference value :  1.73758e-05 Reference value :  1.73788e-05 Reference value :  1.74344e-05 Reference value :  1.75394e-05 Reference value :  1.76094e-05 Reference value :  1.76193e-05 Reference value :  1.76215e-05 Reference value :  1.76225e-05 Reference value :  1.76229e-05 Reference value :  1.76230e-05 Reference value :  1.76234e-05 Reference value :  1.76236e-05 Reference value :  1.76238e-05 Reference value :  1.76240e-05 Reference value :  1.76244e-05 Reference value :  1.76258e-05 Reference value :  1.76267e-05 Reference value :  1.76269e-05 Reference value :  1.76286e-05 Reference value :  1.76354e-05 Reference value :  1.77225e-05 Reference value :  1.78225e-05 Reference value :  1.78667e-05 Reference value :  1.78736e-05 Reference value :  1.78750e-05 Reference value :  1.78757e-05 Reference value :  1.78760e-05 Reference value :  1.78761e-05 Reference value :  1.78765e-05 Reference value :  1.78767e-05 Reference value :  1.78771e-05 Reference value :  1.78772e-05 Reference value :  1.78775e-05 Reference value :  1.78786e-05 Reference value :  1.78796e-05 Reference value :  1.78798e-05 Reference value :  1.78804e-05 Reference value :  1.78834e-05 Reference value :  1.79329e-05 Reference value :  1.80379e-05 Reference value :  1.81079e-05 Reference value :  1.81230e-05 Reference value :  1.81260e-05 Reference value :  1.81271e-05 Reference value :  1.81275e-05 Reference value :  1.81277e-05 Reference value :  1.81280e-05 Reference value :  1.81283e-05 Reference value :  1.81285e-05 Reference value :  1.81286e-05 Reference value :  1.81289e-05 Reference value :  1.81304e-05 Reference value :  1.81312e-05 Reference value :  1.81315e-05 Reference value :  1.81324e-05 Reference value :  1.81358e-05 Reference value :  1.81974e-05 Reference value :  1.83024e-05 Reference value :  1.83674e-05 Reference value :  1.83771e-05 Reference value :  1.83792e-05 Reference value :  1.83802e-05 Reference value :  1.83806e-05 Reference value :  1.83808e-05 Reference value :  1.83811e-05 Reference value :  1.83813e-05 Reference value :  1.83817e-05 Reference value :  1.83818e-05 Reference value :  1.83821e-05 Reference value :  1.83831e-05 Reference value :  1.83843e-05 Reference value :  1.83845e-05 Reference value :  1.83852e-05 Reference value :  1.83882e-05 Reference value :  1.84390e-05 Reference value :  1.85440e-05 Reference value :  1.86140e-05 Reference value :  1.86287e-05 Reference value :  1.86309e-05 Reference value :  1.86319e-05 Reference value :  1.86322e-05 Reference value :  1.86324e-05 Reference value :  1.86327e-05 Reference value :  1.86329e-05 Reference value :  1.86331e-05 Reference value :  1.86333e-05 Reference value :  1.86336e-05 Reference value :  1.86348e-05 Reference value :  1.86358e-05 Reference value :  1.86361e-05 Reference value :  1.86365e-05 Reference value :  1.86389e-05 Reference value :  1.86665e-05 Reference value :  1.87665e-05 Reference value :  1.88515e-05 Reference value :  1.88789e-05 Reference value :  1.88834e-05 Reference value :  1.88848e-05 Reference value :  1.88852e-05 Reference value :  1.88854e-05 Reference value :  1.88856e-05 Reference value :  1.88859e-05 Reference value :  1.88861e-05 Reference value :  1.88865e-05 Reference value :  1.88866e-05 Reference value :  1.88871e-05 Reference value :  1.88887e-05 Reference value :  1.88892e-05 Reference value :  1.88895e-05 Reference value :  1.88921e-05 Reference value :  1.89223e-05 Reference value :  1.90273e-05 Reference value :  1.91073e-05 Reference value :  1.91307e-05 Reference value :  1.91350e-05 Reference value :  1.91364e-05 Reference value :  1.91369e-05 Reference value :  1.91370e-05 Reference value :  1.91373e-05 Reference value :  1.91375e-05 Reference value :  1.91378e-05 Reference value :  1.91380e-05 Reference value :  1.91382e-05 Reference value :  1.91394e-05 Reference value :  1.91405e-05 Reference value :  1.91408e-05 Reference value :  1.91414e-05 Reference value :  1.91443e-05 Reference value :  1.91818e-05 Reference value :  1.92868e-05 Reference value :  1.93618e-05 Reference value :  1.93836e-05 Reference value :  1.93880e-05 Reference value :  1.93895e-05 Reference value :  1.93899e-05 Reference value :  1.93901e-05 Reference value :  1.93903e-05 Reference value :  1.93906e-05 Reference value :  1.93908e-05 Reference value :  1.93912e-05 Reference value :  1.93913e-05 Reference value :  1.93916e-05 Reference value :  1.93928e-05 Reference value :  1.93938e-05 Reference value :  1.93940e-05 Reference value :  1.93951e-05 Reference value :  1.93986e-05 Reference value :  1.94631e-05 Reference value :  1.95681e-05 Reference value :  1.96308e-05 Reference value :  1.96388e-05 Reference value :  1.96405e-05 Reference value :  1.96413e-05 Reference value :  1.96417e-05 Reference value :  1.96418e-05 Reference value :  1.96421e-05 Reference value :  1.96423e-05 Reference value :  1.96425e-05 Reference value :  1.96427e-05 Reference value :  1.96429e-05 Reference value :  1.96440e-05 Reference value :  1.96451e-05 Reference value :  1.96455e-05 Reference value :  1.96457e-05 Reference value :  1.96480e-05 Reference value :  1.96659e-05 Reference value :  1.97609e-05 Reference value :  1.98559e-05 Reference value :  1.98869e-05 Reference value :  1.98927e-05 Reference value :  1.98942e-05 Reference value :  1.98946e-05 Reference value :  1.98948e-05 Reference value :  1.98950e-05 Reference value :  1.98953e-05 Reference value :  1.98955e-05 Reference value :  1.98959e-05 Reference value :  1.98960e-05 Reference value :  1.98965e-05 Reference value :  1.98981e-05 Reference value :  1.98986e-05 Reference value :  1.98989e-05 Reference value :  1.99014e-05 Reference value :  1.99317e-05 Reference value :  2.00317e-05 Reference value :  2.01117e-05 Reference value :  2.01387e-05 Reference value :  2.01444e-05 Reference value :  2.01458e-05 Reference value :  2.01462e-05 Reference value :  2.01464e-05 Reference value :  2.01467e-05 Reference value :  2.01469e-05 Reference value :  2.01472e-05 Reference value :  2.01474e-05 Reference value :  2.01476e-05 Reference value :  2.01490e-05 Reference value :  2.01499e-05 Reference value :  2.01502e-05 Reference value :  2.01507e-05 Reference value :  2.01536e-05 Reference value :  2.01911e-05 Reference value :  2.02961e-05 Reference value :  2.03711e-05 Reference value :  2.03930e-05 Reference value :  2.03974e-05 Reference value :  2.03988e-05 Reference value :  2.03993e-05 Reference value :  2.03995e-05 Reference value :  2.03996e-05 Reference value :  2.04000e-05 Reference value :  2.04002e-05 Reference value :  2.04005e-05 Reference value :  2.04007e-05 Reference value :  2.04010e-05 Reference value :  2.04022e-05 Reference value :  2.04031e-05 Reference value :  2.04033e-05 Reference value :  2.04042e-05 Reference value :  2.04074e-05 Reference value :  2.04673e-05 Reference value :  2.05723e-05 Reference value :  2.06373e-05 Reference value :  2.06475e-05 Reference value :  2.06496e-05 Reference value :  2.06506e-05 Reference value :  2.06510e-05 Reference value :  2.06512e-05 Reference value :  2.06514e-05 Reference value :  2.06516e-05 Reference value :  2.06518e-05 Reference value :  2.06520e-05 Reference value :  2.06522e-05 Reference value :  2.06529e-05 Reference value :  2.06542e-05 Reference value :  2.06547e-05 Reference value :  2.06549e-05 Reference value :  2.06560e-05 Reference value :  2.06598e-05 Reference value :  2.07253e-05 Reference value :  2.08303e-05 Reference value :  2.08903e-05 Reference value :  2.09005e-05 Reference value :  2.09027e-05 Reference value :  2.09037e-05 Reference value :  2.09040e-05 Reference value :  2.09042e-05 Reference value :  2.09044e-05 Reference value :  2.09047e-05 Reference value :  2.09050e-05 Reference value :  2.09053e-05 Reference value :  2.09054e-05 Reference value :  2.09060e-05 Reference value :  2.09074e-05 Reference value :  2.09079e-05 Reference value :  2.09083e-05 Reference value :  2.09108e-05 Reference value :  2.09410e-05 Reference value :  2.10460e-05 Reference value :  2.11260e-05 Reference value :  2.11494e-05 Reference value :  2.11538e-05 Reference value :  2.11552e-05 Reference value :  2.11556e-05 Reference value :  2.11558e-05 Reference value :  2.11561e-05 Reference value :  2.11563e-05 Reference value :  2.11566e-05 Reference value :  2.11567e-05 Reference value :  2.11569e-05 Reference value :  2.11583e-05 Reference value :  2.11593e-05 Reference value :  2.11596e-05 Reference value :  2.11601e-05 Reference value :  2.11630e-05 Reference value :  2.12056e-05 Reference value :  2.13106e-05 Reference value :  2.13856e-05 Reference value :  2.14041e-05 Reference value :  2.14071e-05 Reference value :  2.14083e-05 Reference value :  2.14087e-05 Reference value :  2.14088e-05 Reference value :  2.14090e-05 Reference value :  2.14093e-05 Reference value :  2.14095e-05 Reference value :  2.14099e-05 Reference value :  2.14100e-05 Reference value :  2.14102e-05 Reference value :  2.14111e-05 Reference value :  2.14123e-05 Reference value :  2.14126e-05 Reference value :  2.14129e-05 Reference value :  2.14153e-05 Reference value :  2.14369e-05 Reference value :  2.15319e-05 Reference value :  2.16219e-05 Reference value :  2.16525e-05 Reference value :  2.16584e-05 Reference value :  2.16597e-05 Reference value :  2.16602e-05 Reference value :  2.16605e-05 Reference value :  2.16607e-05 Reference value :  2.16609e-05 Reference value :  2.16612e-05 Reference value :  2.16614e-05 Reference value :  2.16617e-05 Reference value :  2.16629e-05 Reference value :  2.16639e-05 Reference value :  2.16642e-05 Reference value :  2.16646e-05 Reference value :  2.16670e-05 Reference value :  2.16949e-05 Reference value :  2.17949e-05 Reference value :  2.18799e-05 Reference value :  2.19070e-05 Reference value :  2.19115e-05 Reference value :  2.19129e-05 Reference value :  2.19133e-05 Reference value :  2.19135e-05 Reference value :  2.19137e-05 Reference value :  2.19140e-05 Reference value :  2.19142e-05 Reference value :  2.19146e-05 Reference value :  2.19147e-05 Reference value :  2.19151e-05 Reference value :  2.19163e-05 Reference value :  2.19171e-05 Reference value :  2.19174e-05 Reference value :  2.19184e-05 Reference value :  2.19226e-05 Reference value :  2.19954e-05 Reference value :  2.21004e-05 Reference value :  2.21544e-05 Reference value :  2.21623e-05 Reference value :  2.21639e-05 Reference value :  2.21647e-05 Reference value :  2.21651e-05 Reference value :  2.21652e-05 Reference value :  2.21655e-05 Reference value :  2.21658e-05 Reference value :  2.21660e-05 Reference value :  2.21662e-05 Reference value :  2.21666e-05 Reference value :  2.21679e-05 Reference value :  2.21687e-05 Reference value :  2.21690e-05 Reference value :  2.21697e-05 Reference value :  2.21728e-05 Reference value :  2.22245e-05 Reference value :  2.23295e-05 Reference value :  2.23995e-05 Reference value :  2.24134e-05 Reference value :  2.24165e-05 Reference value :  2.24176e-05 Reference value :  2.24180e-05 Reference value :  2.24182e-05 Reference value :  2.24183e-05 Reference value :  2.24186e-05 Reference value :  2.24189e-05 Reference value :  2.24193e-05 Reference value :  2.24194e-05 Reference value :  2.24196e-05 Reference value :  2.24206e-05 Reference value :  2.24218e-05 Reference value :  2.24221e-05 Reference value :  2.24229e-05 Reference value :  2.24261e-05 Reference value :  2.24801e-05 Reference value :  2.25801e-05 Reference value :  2.26501e-05 Reference value :  2.26652e-05 Reference value :  2.26681e-05 Reference value :  2.26693e-05 Reference value :  2.26697e-05 Reference value :  2.26699e-05 Reference value :  2.26702e-05 Reference value :  2.26704e-05 Reference value :  2.26707e-05 Reference value :  2.26709e-05 Reference value :  2.26713e-05 Reference value :  2.26727e-05 Reference value :  2.26734e-05 Reference value :  2.26737e-05 Reference value :  2.26748e-05 Reference value :  2.26780e-05 Reference value :  2.27348e-05 Reference value :  2.28398e-05 Reference value :  2.29098e-05 Reference value :  2.29194e-05 Reference value :  2.29214e-05 Reference value :  2.29223e-05 Reference value :  2.29227e-05 Reference value :  2.29229e-05 Reference value :  2.29231e-05 Reference value :  2.29234e-05 Reference value :  2.29236e-05 Reference value :  2.29240e-05 Reference value :  2.29241e-05 Reference value :  2.29244e-05 Reference value :  2.29256e-05 Reference value :  2.29265e-05 Reference value :  2.29267e-05 Reference value :  2.29273e-05 Reference value :  2.29307e-05 Reference value :  2.29888e-05 Reference value :  2.30938e-05 Reference value :  2.31588e-05 Reference value :  2.31712e-05 Reference value :  2.31731e-05 Reference value :  2.31740e-05 Reference value :  2.31744e-05 Reference value :  2.31746e-05 Reference value :  2.31748e-05 Reference value :  2.31750e-05 Reference value :  2.31752e-05 Reference value :  2.31754e-05 Reference value :  2.31756e-05 Reference value :  2.31761e-05 Reference value :  2.31774e-05 Reference value :  2.31781e-05 Reference value :  2.31783e-05 Reference value :  2.31790e-05 Reference value :  2.31821e-05 Reference value :  2.32334e-05 Reference value :  2.33384e-05 Reference value :  2.34084e-05 Reference value :  2.34227e-05 Reference value :  2.34258e-05 Reference value :  2.34270e-05 Reference value :  2.34274e-05 Reference value :  2.34276e-05 Reference value :  2.34279e-05 Reference value :  2.34281e-05 Reference value :  2.34286e-05 Reference value :  2.34287e-05 Reference value :  2.34289e-05 Reference value :  2.34299e-05 Reference value :  2.34311e-05 Reference value :  2.34313e-05 Reference value :  2.34320e-05 Reference value :  2.34349e-05 Reference value :  2.34844e-05 Reference value :  2.35894e-05 Reference value :  2.36594e-05 Reference value :  2.36728e-05 Reference value :  2.36772e-05 Reference value :  2.36784e-05 Reference value :  2.36789e-05 Reference value :  2.36791e-05 Reference value :  2.36793e-05 Reference value :  2.36796e-05 Reference value :  2.36799e-05 Reference value :  2.36801e-05 Reference value :  2.36802e-05 Reference value :  2.36808e-05 Reference value :  2.36822e-05 Reference value :  2.36828e-05 Reference value :  2.36830e-05 Reference value :  2.36839e-05 Reference value :  2.36873e-05 Reference value :  2.37439e-05 Reference value :  2.38489e-05 Reference value :  2.39189e-05 Reference value :  2.39287e-05 Reference value :  2.39308e-05 Reference value :  2.39317e-05 Reference value :  2.39321e-05 Reference value :  2.39322e-05 Reference value :  2.39324e-05 Reference value :  2.39327e-05 Reference value :  2.39329e-05 Reference value :  2.39333e-05 Reference value :  2.39334e-05 Reference value :  2.39337e-05 Reference value :  2.39348e-05 Reference value :  2.39358e-05 Reference value :  2.39360e-05 Reference value :  2.39366e-05 Reference value :  2.39394e-05 Reference value :  2.39753e-05 Reference value :  2.40803e-05 Reference value :  2.41603e-05 Reference value :  2.41773e-05 Reference value :  2.41818e-05 Reference value :  2.41832e-05 Reference value :  2.41837e-05 Reference value :  2.41839e-05 Reference value :  2.41841e-05 Reference value :  2.41844e-05 Reference value :  2.41847e-05 Reference value :  2.41848e-05 Reference value :  2.41851e-05 Reference value :  2.41864e-05 Reference value :  2.41874e-05 Reference value :  2.41876e-05 Reference value :  2.41882e-05 Reference value :  2.41911e-05 Reference value :  2.42285e-05 Reference value :  2.43335e-05 Reference value :  2.44085e-05 Reference value :  2.44304e-05 Reference value :  2.44349e-05 Reference value :  2.44361e-05 Reference value :  2.44366e-05 Reference value :  2.44369e-05 Reference value :  2.44370e-05 Reference value :  2.44373e-05 Reference value :  2.44375e-05 Reference value :  2.44379e-05 Reference value :  2.44381e-05 Reference value :  2.44383e-05 Reference value :  2.44391e-05 Reference value :  2.44404e-05 Reference value :  2.44407e-05 Reference value :  2.44411e-05 Reference value :  2.44437e-05 Reference value :  2.44692e-05 Reference value :  2.45642e-05 Reference value :  2.46492e-05 Reference value :  2.46807e-05 Reference value :  2.46865e-05 Reference value :  2.46879e-05 Reference value :  2.46884e-05 Reference value :  2.46885e-05 Reference value :  2.46888e-05 Reference value :  2.46890e-05 Reference value :  2.46893e-05 Reference value :  2.46894e-05 Reference value :  2.46896e-05 Reference value :  2.46899e-05 Reference value :  2.46911e-05 Reference value :  2.46920e-05 Reference value :  2.46923e-05 Reference value :  2.46927e-05 Reference value :  2.46951e-05 Reference value :  2.47227e-05 Reference value :  2.48177e-05 Reference value :  2.49027e-05 Reference value :  2.49337e-05 Reference value :  2.49396e-05 Reference value :  2.49410e-05 Reference value :  2.49414e-05 Reference value :  2.49416e-05 Reference value :  2.49418e-05 Reference value :  2.49421e-05 Reference value :  2.49423e-05 Reference value :  2.49427e-05 Reference value :  2.49428e-05 Reference value :  2.49432e-05 Reference value :  2.49445e-05 Reference value :  2.49454e-05 Reference value :  2.49456e-05 Reference value :  2.49480e-05 Reference value :  2.49635e-05 Reference value :  2.50535e-05 Reference value :  2.51485e-05 Reference value :  2.51841e-05 Reference value :  2.51909e-05 Reference value :  2.51922e-05 Reference value :  2.51929e-05 Reference value :  2.51931e-05 Reference value :  2.51933e-05 Reference value :  2.51936e-05 Reference value :  2.51939e-05 Reference value :  2.51941e-05 Reference value :  2.51942e-05 Reference value :  2.51946e-05 Reference value :  2.51961e-05 Reference value :  2.51968e-05 Reference value :  2.51971e-05 Reference value :  2.51980e-05 Reference value :  2.52009e-05 Reference value :  2.52482e-05 Reference value :  2.53482e-05 Reference value :  2.54232e-05 Reference value :  2.54399e-05 Reference value :  2.54443e-05 Reference value :  2.54457e-05 Reference value :  2.54461e-05 Reference value :  2.54463e-05 Reference value :  2.54464e-05 Reference value :  2.54468e-05 Reference value :  2.54470e-05 Reference value :  2.54474e-05 Reference value :  2.54475e-05 Reference value :  2.54478e-05 Reference value :  2.54490e-05 Reference value :  2.54499e-05 Reference value :  2.54502e-05 Reference value :  2.54509e-05 Reference value :  2.54549e-05 Reference value :  2.55250e-05 Reference value :  2.56300e-05 Reference value :  2.56873e-05 Reference value :  2.56950e-05 Reference value :  2.56967e-05 Reference value :  2.56975e-05 Reference value :  2.56978e-05 Reference value :  2.56980e-05 Reference value :  2.56983e-05 Reference value :  2.56985e-05 Reference value :  2.56987e-05 Reference value :  2.56989e-05 Reference value :  2.56992e-05 Reference value :  2.57006e-05 Reference value :  2.57015e-05 Reference value :  2.57018e-05 Reference value :  2.57036e-05 Reference value :  2.57130e-05 Reference value :  2.58126e-05 Reference value :  2.59076e-05 Reference value :  2.59431e-05 Reference value :  2.59489e-05 Reference value :  2.59504e-05 Reference value :  2.59508e-05 Reference value :  2.59510e-05 Reference value :  2.59512e-05 Reference value :  2.59516e-05 Reference value :  2.59519e-05 Reference value :  2.59521e-05 Reference value :  2.59523e-05 Reference value :  2.59532e-05 Reference value :  2.59545e-05 Reference value :  2.59548e-05 Reference value :  2.59555e-05 Reference value :  2.59601e-05 Reference value :  2.60431e-05 Reference value :  2.61481e-05 Reference value :  2.61933e-05 Reference value :  2.62002e-05 Reference value :  2.62018e-05 Reference value :  2.62024e-05 Reference value :  2.62026e-05 Reference value :  2.62029e-05 Reference value :  2.62031e-05 Reference value :  2.62034e-05 Reference value :  2.62036e-05 Reference value :  2.62038e-05 Reference value :  2.62053e-05 Reference value :  2.62062e-05 Reference value :  2.62065e-05 Reference value :  2.62076e-05 Reference value :  2.62122e-05 Reference value :  2.62926e-05 Reference value :  2.64026e-05 Reference value :  2.64465e-05 Reference value :  2.64533e-05 Reference value :  2.64549e-05 Reference value :  2.64555e-05 Reference value :  2.64557e-05 Reference value :  2.64559e-05 Reference value :  2.64562e-05 Reference value :  2.64566e-05 Reference value :  2.64568e-05 Reference value :  2.64571e-05 Reference value :  2.64582e-05 Reference value :  2.64593e-05 Reference value :  2.64595e-05 Reference value :  2.64608e-05 Reference value :  2.64719e-05 Reference value :  2.65819e-05 Reference value :  2.66769e-05 Reference value :  2.67042e-05 Reference value :  2.67062e-05 Reference value :  2.67070e-05 Reference value :  2.67073e-05 Reference value :  2.67076e-05 Reference value :  2.67079e-05 Reference value :  2.67081e-05 Reference value :  2.67084e-05 Reference value :  2.67095e-05 Reference value :  2.67107e-05 Reference value :  2.67110e-05 Reference value :  2.67118e-05 Reference value :  2.67159e-05 Reference value :  2.67967e-05 Reference value :  2.69117e-05 Reference value :  2.69524e-05 Reference value :  2.69583e-05 Reference value :  2.69598e-05 Reference value :  2.69602e-05 Reference value :  2.69604e-05 Reference value :  2.69607e-05 Reference value :  2.69610e-05 Reference value :  2.69614e-05 Reference value :  2.69615e-05 Reference value :  2.69624e-05 Reference value :  2.69638e-05 Reference value :  2.69642e-05 Reference value :  2.69657e-05 Reference value :  2.69772e-05 Reference value :  2.70822e-05 Reference value :  2.71772e-05 Reference value :  2.72056e-05 Reference value :  2.72103e-05 Reference value :  2.72114e-05 Reference value :  2.72118e-05 Reference value :  2.72120e-05 Reference value :  2.72123e-05 Reference value :  2.72127e-05 Reference value :  2.72129e-05 Reference value :  2.72131e-05 Reference value :  2.72145e-05 Reference value :  2.72155e-05 Reference value :  2.72157e-05 Reference value :  2.72169e-05 Reference value :  2.72226e-05 Reference value :  2.73167e-05 Reference value :  2.74217e-05 Reference value :  2.74571e-05 Reference value :  2.74630e-05 Reference value :  2.74644e-05 Reference value :  2.74648e-05 Reference value :  2.74650e-05 Reference value :  2.74653e-05 Reference value :  2.74656e-05 Reference value :  2.74660e-05 Reference value :  2.74661e-05 Reference value :  2.74665e-05 Reference value :  2.74677e-05 Reference value :  2.74687e-05 Reference value :  2.74689e-05 Reference value :  2.74711e-05 Reference value :  2.74933e-05 Reference value :  2.75883e-05 Reference value :  2.76883e-05 Reference value :  2.77119e-05 Reference value :  2.77152e-05 Reference value :  2.77162e-05 Reference value :  2.77165e-05 Reference value :  2.77168e-05 Reference value :  2.77171e-05 Reference value :  2.77174e-05 Reference value :  2.77176e-05 Reference value :  2.77178e-05 Reference value :  2.77190e-05 Reference value :  2.77202e-05 Reference value :  2.77204e-05 Reference value :  2.77216e-05 Reference value :  2.77272e-05 Reference value :  2.78208e-05 Reference value :  2.79258e-05 Reference value :  2.79618e-05 Reference value :  2.79676e-05 Reference value :  2.79691e-05 Reference value :  2.79695e-05 Reference value :  2.79697e-05 Reference value :  2.79700e-05 Reference value :  2.79703e-05 Reference value :  2.79707e-05 Reference value :  2.79708e-05 Reference value :  2.79711e-05 Reference value :  2.79725e-05 Reference value :  2.79734e-05 Reference value :  2.79737e-05 Reference value :  2.79762e-05 Reference value :  2.80028e-05 Reference value :  2.81128e-05 Reference value :  2.81978e-05 Reference value :  2.82177e-05 Reference value :  2.82199e-05 Reference value :  2.82208e-05 Reference value :  2.82213e-05 Reference value :  2.82215e-05 Reference value :  2.82218e-05 Reference value :  2.82221e-05 Reference value :  2.82223e-05 Reference value :  2.82225e-05 Reference value :  2.82241e-05 Reference value :  2.82250e-05 Reference value :  2.82252e-05 Reference value :  2.82270e-05 Reference value :  2.82360e-05 Reference value :  2.83353e-05 Reference value :  2.84353e-05 Reference value :  2.84665e-05 Reference value :  2.84723e-05 Reference value :  2.84738e-05 Reference value :  2.84742e-05 Reference value :  2.84744e-05 Reference value :  2.84747e-05 Reference value :  2.84750e-05 Reference value :  2.84755e-05 Reference value :  2.84756e-05 Reference value :  2.84759e-05 Reference value :  2.84773e-05 Reference value :  2.84780e-05 Reference value :  2.84783e-05 Reference value :  2.84808e-05 Reference value :  2.85063e-05 Reference value :  2.86163e-05 Reference value :  2.87013e-05 Reference value :  2.87214e-05 Reference value :  2.87243e-05 Reference value :  2.87255e-05 Reference value :  2.87259e-05 Reference value :  2.87261e-05 Reference value :  2.87264e-05 Reference value :  2.87267e-05 Reference value :  2.87269e-05 Reference value :  2.87271e-05 Reference value :  2.87282e-05 Reference value :  2.87295e-05 Reference value :  2.87298e-05 Reference value :  2.87303e-05 Reference value :  2.87332e-05 Reference value :  2.87702e-05 Reference value :  2.88702e-05 Reference value :  2.89452e-05 Reference value :  2.89711e-05 Reference value :  2.89767e-05 Reference value :  2.89780e-05 Reference value :  2.89787e-05 Reference value :  2.89790e-05 Reference value :  2.89791e-05 Reference value :  2.89794e-05 Reference value :  2.89797e-05 Reference value :  2.89800e-05 Reference value :  2.89802e-05 Reference value :  2.89803e-05 Reference value :  2.89811e-05 Reference value :  2.89825e-05 Reference value :  2.89828e-05 Reference value :  2.89832e-05 Reference value :  2.89857e-05 Reference value :  2.90109e-05 Reference value :  2.91109e-05 Reference value :  2.91959e-05 Reference value :  2.92230e-05 Reference value :  2.92284e-05 Reference value :  2.92297e-05 Reference value :  2.92304e-05 Reference value :  2.92306e-05 Reference value :  2.92308e-05 Reference value :  2.92311e-05 Reference value :  2.92313e-05 Reference value :  2.92315e-05 Reference value :  2.92317e-05 Reference value :  2.92321e-05 Reference value :  2.92336e-05 Reference value :  2.92342e-05 Reference value :  2.92345e-05 Reference value :  2.92353e-05 Reference value :  2.92384e-05 Reference value :  2.92905e-05 Reference value :  2.94005e-05 Reference value :  2.94705e-05 Reference value :  2.94802e-05 Reference value :  2.94823e-05 Reference value :  2.94833e-05 Reference value :  2.94836e-05 Reference value :  2.94838e-05 Reference value :  2.94841e-05 Reference value :  2.94843e-05 Reference value :  2.94847e-05 Reference value :  2.94849e-05 Reference value :  2.94851e-05 Reference value :  2.94860e-05 Reference value :  2.94872e-05 Reference value :  2.94876e-05 Reference value :  2.94881e-05 Reference value :  2.94909e-05 Reference value :  2.95268e-05 Reference value :  2.96418e-05 Reference value :  2.97168e-05 Reference value :  2.97324e-05 Reference value :  2.97343e-05 Reference value :  2.97350e-05 Reference value :  2.97353e-05 Reference value :  2.97355e-05 Reference value :  2.97358e-05 Reference value :  2.97360e-05 Reference value :  2.97362e-05 Reference value :  2.97363e-05 Reference value :  2.97365e-05 Reference value :  2.97376e-05 Reference value :  2.97388e-05 Reference value :  2.97391e-05 Reference value :  2.97394e-05 Reference value :  2.97417e-05 Reference value :  2.97546e-05 Reference value :  2.98496e-05 Reference value :  2.99496e-05 Reference value :  2.99805e-05 Reference value :  2.99864e-05 Reference value :  2.99878e-05 Reference value :  2.99882e-05 Reference value :  2.99884e-05 Reference value :  2.99886e-05 Reference value :  2.99889e-05 Reference value :  2.99892e-05 Reference value :  2.99895e-05 Reference value :  2.99897e-05 Reference value :  2.99903e-05 Reference value :  2.99920e-05 Reference value :  2.99923e-05 Reference value :  2.99931e-05 Reference value :  2.99963e-05 Reference value :  3.00403e-05 Reference value :  3.01303e-05 Reference value :  3.02103e-05 Reference value :  3.02323e-05 Reference value :  3.02377e-05 Reference value :  3.02391e-05 Reference value :  3.02397e-05 Reference value :  3.02400e-05 Reference value :  3.02402e-05 Reference value :  3.02405e-05 Reference value :  3.02408e-05 Reference value :  3.02410e-05 Reference value :  3.02413e-05 Reference value :  3.02428e-05 Reference value :  3.02436e-05 Reference value :  3.02439e-05 Reference value :  3.02460e-05 Reference value :  3.02748e-05 Reference value :  3.03948e-05 Reference value :  3.04798e-05 Reference value :  3.04902e-05 Reference value :  3.04921e-05 Reference value :  3.04928e-05 Reference value :  3.04931e-05 Reference value :  3.04932e-05 Reference value :  3.04936e-05 Reference value :  3.04938e-05 Reference value :  3.04942e-05 Reference value :  3.04943e-05 Reference value :  3.04946e-05 Reference value :  3.04953e-05 Reference value :  3.04966e-05 Reference value :  3.04969e-05 Reference value :  3.04973e-05 Reference value :  3.04999e-05 Reference value :  3.05310e-05 Reference value :  3.06360e-05 Reference value :  3.07160e-05 Reference value :  3.07382e-05 Reference value :  3.07430e-05 Reference value :  3.07442e-05 Reference value :  3.07446e-05 Reference value :  3.07448e-05 Reference value :  3.07451e-05 Reference value :  3.07453e-05 Reference value :  3.07455e-05 Reference value :  3.07457e-05 Reference value :  3.07459e-05 Reference value :  3.07470e-05 Reference value :  3.07482e-05 Reference value :  3.07485e-05 Reference value :  3.07487e-05 Reference value :  3.07510e-05 Reference value :  3.07689e-05 Reference value :  3.08639e-05 Reference value :  3.09589e-05 Reference value :  3.09899e-05 Reference value :  3.09958e-05 Reference value :  3.09972e-05 Reference value :  3.09976e-05 Reference value :  3.09978e-05 Reference value :  3.09980e-05 Reference value :  3.09983e-05 Reference value :  3.09985e-05 Reference value :  3.09989e-05 Reference value :  3.09990e-05 Reference value :  3.09993e-05 Reference value :  3.10006e-05 Reference value :  3.10014e-05 Reference value :  3.10017e-05 Reference value :  3.10038e-05 Reference value :  3.10147e-05 Reference value :  3.11047e-05 Reference value :  3.11997e-05 Reference value :  3.12403e-05 Reference value :  3.12471e-05 Reference value :  3.12485e-05 Reference value :  3.12491e-05 Reference value :  3.12493e-05 Reference value :  3.12495e-05 Reference value :  3.12498e-05 Reference value :  3.12501e-05 Reference value :  3.12503e-05 Reference value :  3.12505e-05 Reference value :  3.12509e-05 Reference value :  3.12523e-05 Reference value :  3.12531e-05 Reference value :  3.12533e-05 Reference value :  3.12548e-05 Reference value :  3.12619e-05 Reference value :  3.13492e-05 Reference value :  3.14492e-05 Reference value :  3.14932e-05 Reference value :  3.15001e-05 Reference value :  3.15015e-05 Reference value :  3.15021e-05 Reference value :  3.15024e-05 Reference value :  3.15026e-05 Reference value :  3.15029e-05 Reference value :  3.15031e-05 Reference value :  3.15036e-05 Reference value :  3.15037e-05 Reference value :  3.15039e-05 Reference value :  3.15051e-05 Reference value :  3.15061e-05 Reference value :  3.15064e-05 Reference value :  3.15072e-05 Reference value :  3.15119e-05 Reference value :  3.15911e-05 Reference value :  3.16961e-05 Reference value :  3.17435e-05 Reference value :  3.17512e-05 Reference value :  3.17529e-05 Reference value :  3.17537e-05 Reference value :  3.17540e-05 Reference value :  3.17542e-05 Reference value :  3.17545e-05 Reference value :  3.17548e-05 Reference value :  3.17550e-05 Reference value :  3.17552e-05 Reference value :  3.17561e-05 Reference value :  3.17575e-05 Reference value :  3.17579e-05 Reference value :  3.17581e-05 Reference value :  3.17604e-05 Reference value :  3.17739e-05 Reference value :  3.18639e-05 Reference value :  3.19589e-05
No. of Data Rows : 21382
P0_BGR_AFTER_BEGIN
@n.xbgr.xr1.nr1[nsmm_rsh] = 4.139634259128620e-01
@n.xbgr.xr1.nr1[nsmm_w] = -3.51037643963089e-01
@n.xbgr.xr1.nr1[nsmm_l] = -1.10582608219927e+00
@n.xbgr.xr2.nr1[nsmm_rsh] = -2.52096582481732e-01
@n.xbgr.xr2.nr1[nsmm_w] = -5.61652515335063e-01
@n.xbgr.xr2.nr1[nsmm_l] = 1.063207447273389e+00
@n.xbgr.xr3.nr1[nsmm_rsh] = -1.13162570801700e+00
@n.xbgr.xr3.nr1[nsmm_w] = -1.12822255490739e+00
@n.xbgr.xr3.nr1[nsmm_l] = -1.32703197116490e+00
@n.xbgr.xr4.nr1[nsmm_rsh] = 2.025888058051348e-02
@n.xbgr.xr4.nr1[nsmm_w] = 4.977334886884126e-01
@n.xbgr.xr4.nr1[nsmm_l] = 1.479054862583489e+00
@n.xbgr.xr5.nr1[nsmm_rsh] = 2.935908273909224e-02
@n.xbgr.xr5.nr1[nsmm_w] = 1.367158219189331e+00
@n.xbgr.xr5.nr1[nsmm_l] = -1.42273796428994e-01
@n.xbgr.xr6.nr1[nsmm_rsh] = -5.92666713733609e-01
@n.xbgr.xr6.nr1[nsmm_w] = -6.33669534684642e-01
@n.xbgr.xr6.nr1[nsmm_l] = -2.86334107029320e-01
@n.xbgr.xr7.nr1[nsmm_rsh] = 5.230094129939944e-01
@n.xbgr.xr7.nr1[nsmm_w] = -1.52617180764621e+00
@n.xbgr.xr7.nr1[nsmm_l] = 7.117679264540249e-01
@n.xbgr.xr8.nr1[nsmm_rsh] = 2.242880985153125e-01
@n.xbgr.xr8.nr1[nsmm_w] = 2.850004301136673e-01
@n.xbgr.xr8.nr1[nsmm_l] = 4.669779013524779e-01
@n.xbgr.xr9.nr1[nsmm_rsh] = -8.15840527652896e-01
@n.xbgr.xr9.nr1[nsmm_w] = 1.042451301972335e+00
@n.xbgr.xr9.nr1[nsmm_l] = -7.66007966654770e-01
@n.xbgr.xr10.nr1[nsmm_rsh] = -8.05602988489848e-01
@n.xbgr.xr10.nr1[nsmm_w] = -8.93366415528814e-01
@n.xbgr.xr10.nr1[nsmm_l] = 5.611148124250482e-01
@n.xbgr.xr11.nr1[nsmm_rsh] = -5.18227562801154e-01
@n.xbgr.xr11.nr1[nsmm_w] = -9.27581109238686e-02
@n.xbgr.xr11.nr1[nsmm_l] = 1.412773647619910e-01
@n.xbgr.xr12.nr1[nsmm_rsh] = -1.44180512862361e-01
@n.xbgr.xr12.nr1[nsmm_w] = -2.00111954863566e-01
@n.xbgr.xr12.nr1[nsmm_l] = -9.79556521347985e-01
@n.xbgr.xr13.nr1[nsmm_rsh] = 4.434562243293949e-01
@n.xbgr.xr13.nr1[nsmm_w] = -3.21314957239200e-01
@n.xbgr.xr13.nr1[nsmm_l] = 6.894562512239902e-01
@n.xbgr.xr14.nr1[nsmm_rsh] = 1.438095590376640e+00
@n.xbgr.xr14.nr1[nsmm_w] = 7.337552870230451e-03
@n.xbgr.xr14.nr1[nsmm_l] = 1.569066620375318e+00
@n.xbgr.xr15.nr1[nsmm_rsh] = 4.401804282089782e-01
@n.xbgr.xr15.nr1[nsmm_w] = 7.179315064047590e-03
@n.xbgr.xr15.nr1[nsmm_l] = -2.58854659843774e-01
@n.xbgr.xr16.nr1[nsmm_rsh] = -9.39594716375091e-02
@n.xbgr.xr16.nr1[nsmm_w] = 9.155549285766488e-01
@n.xbgr.xr16.nr1[nsmm_l] = -1.87882905656505e+00
@n.xbgr.xr17.nr1[nsmm_rsh] = -8.34155357046160e-01
@n.xbgr.xr17.nr1[nsmm_w] = -1.82527701354339e-01
@n.xbgr.xr17.nr1[nsmm_l] = 3.333484610931375e-01
@n.xbgr.xr18.nr1[nsmm_rsh] = -4.80946742960462e-01
@n.xbgr.xr18.nr1[nsmm_w] = 8.707539147801030e-02
@n.xbgr.xr18.nr1[nsmm_l] = 4.486371799786932e-01
@n.xbgr.xr19.nr1[nsmm_rsh] = 9.688128550740602e-01
@n.xbgr.xr19.nr1[nsmm_w] = -4.17199669018732e-01
@n.xbgr.xr19.nr1[nsmm_l] = -2.74775775187014e-01
@n.xbgr.xr20.nr1[nsmm_rsh] = -2.98262436604513e-01
@n.xbgr.xr20.nr1[nsmm_w] = -3.07188956997377e-01
@n.xbgr.xr20.nr1[nsmm_l] = -3.50011563821357e-01
@n.xbgr.xr21.nr1[nsmm_rsh] = 9.798884572427375e-01
@n.xbgr.xr21.nr1[nsmm_w] = -6.01976842719102e-01
@n.xbgr.xr21.nr1[nsmm_l] = 8.483105042465888e-01
@n.xbgr.xr22.nr1[nsmm_rsh] = -1.31162794175357e+00
@n.xbgr.xr22.nr1[nsmm_w] = -8.34915678138081e-01
@n.xbgr.xr22.nr1[nsmm_l] = 4.007808229102201e-01
@n.xbgr.xr23.nr1[nsmm_rsh] = 1.416637528331391e+00
@n.xbgr.xr23.nr1[nsmm_w] = 1.293247078567716e-01
@n.xbgr.xr23.nr1[nsmm_l] = -1.64058389381207e-01
@n.xbgr.xr24.nr1[nsmm_rsh] = -8.49572473300788e-01
@n.xbgr.xr24.nr1[nsmm_w] = -1.44293195222290e-01
@n.xbgr.xr24.nr1[nsmm_l] = 5.354390118012822e-01
@n.xbgr.xr25.nr1[nsmm_rsh] = -2.55815408519684e-02
@n.xbgr.xr25.nr1[nsmm_w] = -6.84215263844361e-01
@n.xbgr.xr25.nr1[nsmm_l] = 8.525535047561870e-01
@n.xbgr.xr26.nr1[nsmm_rsh] = -1.79666802886068e+00
@n.xbgr.xr26.nr1[nsmm_w] = 1.584892017936192e+00
@n.xbgr.xr26.nr1[nsmm_l] = -1.94885180159832e-01
@n.xbgr.xm27.nsg13_hv_pmos[w] = 1.995611786681699e-06
@n.xbgr.xm27.nsg13_hv_pmos[l] = 4.987097192765263e-07
@n.xbgr.xm27.nsg13_hv_pmos[delvto] = -9.66258136086440e-04
@n.xbgr.xm27.nsg13_hv_pmos[factuo] = 9.937994327247652e-01
@n.xbgr.xm28.nsg13_hv_pmos[w] = 1.997461053147851e-06
@n.xbgr.xm28.nsg13_hv_pmos[l] = 5.006539251248678e-07
@n.xbgr.xm28.nsg13_hv_pmos[delvto] = 1.189765339478428e-03
@n.xbgr.xm28.nsg13_hv_pmos[factuo] = 1.002554546986159e+00
@n.xbgr.xm29.nsg13_hv_nmos[w] = 1.995977910140209e-06
@n.xbgr.xm29.nsg13_hv_nmos[l] = 5.034297665216226e-07
@n.xbgr.xm29.nsg13_hv_nmos[delvto] = 1.089378884173846e-02
@n.xbgr.xm29.nsg13_hv_nmos[factuo] = 1.006580398681466e+00
@n.xbgr.xm30.nsg13_hv_nmos[w] = 9.995424602447485e-07
@n.xbgr.xm30.nsg13_hv_nmos[l] = 3.998850365661657e-06
@n.xbgr.xm30.nsg13_hv_nmos[delvto] = -2.92743860786929e-03
@n.xbgr.xm30.nsg13_hv_nmos[factuo] = 1.001250766264120e+00
@n.xbgr.xm31.nsg13_hv_nmos[w] = 1.004855185486612e-06
@n.xbgr.xm31.nsg13_hv_nmos[l] = 5.945956193442049e-07
@n.xbgr.xm31.nsg13_hv_nmos[delvto] = 1.374603061163050e-02
@n.xbgr.xm31.nsg13_hv_nmos[factuo] = 1.000480299496120e+00
@n.xbgr.xm32.nsg13_hv_nmos[w] = 9.977838566947588e-07
@n.xbgr.xm32.nsg13_hv_nmos[l] = 5.025345379518007e-07
@n.xbgr.xm32.nsg13_hv_nmos[delvto] = 1.138739639052724e-02
@n.xbgr.xm32.nsg13_hv_nmos[factuo] = 9.913575456636103e-01
@n.xbgr.xm33.nsg13_hv_nmos[w] = 1.002103154084242e-06
@n.xbgr.xm33.nsg13_hv_nmos[l] = 5.956177093288614e-07
@n.xbgr.xm33.nsg13_hv_nmos[delvto] = 3.404971444626840e-03
@n.xbgr.xm33.nsg13_hv_nmos[factuo] = 1.002044759076240e+00
@n.xbgr.xm34.nsg13_hv_nmos[w] = 1.000230639448942e-05
@n.xbgr.xm34.nsg13_hv_nmos[l] = 9.940279564277433e-07
@n.xbgr.xm34.nsg13_hv_nmos[delvto] = -9.94973510033019e-04
@n.xbgr.xm34.nsg13_hv_nmos[factuo] = 9.997609696333288e-01
@n.xbgr.xm35.nsg13_hv_nmos[w] = 1.000564095015901e-05
@n.xbgr.xm35.nsg13_hv_nmos[l] = 1.004649228966783e-06
@n.xbgr.xm35.nsg13_hv_nmos[delvto] = -1.83008473616466e-03
@n.xbgr.xm35.nsg13_hv_nmos[factuo] = 1.000926284152867e+00
@n.xbgr.xm36.nsg13_hv_nmos[w] = 1.000496714620807e-05
@n.xbgr.xm36.nsg13_hv_nmos[l] = 9.999512819972360e-07
@n.xbgr.xm36.nsg13_hv_nmos[delvto] = -2.45605282994588e-03
@n.xbgr.xm36.nsg13_hv_nmos[factuo] = 9.978395043214195e-01
@n.xbgr.xm37.nsg13_hv_nmos[w] = 9.999967715206227e-06
@n.xbgr.xm37.nsg13_hv_nmos[l] = 9.983789137416005e-07
@n.xbgr.xm37.nsg13_hv_nmos[delvto] = 1.681960885715505e-03
@n.xbgr.xm37.nsg13_hv_nmos[factuo] = 9.983103465577365e-01
@n.xbgr.xm38.nsg13_hv_pmos[w] = 5.000206510892482e-06
@n.xbgr.xm38.nsg13_hv_pmos[l] = 4.001579154408469e-06
@n.xbgr.xm38.nsg13_hv_pmos[delvto] = -8.64127211114801e-04
@n.xbgr.xm38.nsg13_hv_pmos[factuo] = 1.000977689941684e+00
@n.xbgr.xm39.nsg13_hv_pmos[w] = 4.996573701742150e-06
@n.xbgr.xm39.nsg13_hv_pmos[l] = 4.001604858252031e-06
@n.xbgr.xm39.nsg13_hv_pmos[delvto] = -3.33187494581817e-03
@n.xbgr.xm39.nsg13_hv_pmos[factuo] = 1.000084124659912e+00
@n.xbgr.xm40.nsg13_hv_pmos[w] = 5.000211008732773e-06
@n.xbgr.xm40.nsg13_hv_pmos[l] = 3.999101250823057e-06
@n.xbgr.xm40.nsg13_hv_pmos[delvto] = -8.65090799334457e-04
@n.xbgr.xm40.nsg13_hv_pmos[factuo] = 9.997540708623728e-01
@n.xbgr.xm41.nsg13_hv_pmos[w] = 5.001429490585525e-06
@n.xbgr.xm41.nsg13_hv_pmos[l] = 3.998344477412047e-06
@n.xbgr.xm41.nsg13_hv_pmos[delvto] = 7.859147216013534e-04
@n.xbgr.xm41.nsg13_hv_pmos[factuo] = 9.995990093058957e-01
@n.xbgr.xm42.nsg13_hv_pmos[w] = 5.001225574591372e-06
@n.xbgr.xm42.nsg13_hv_pmos[l] = 3.994233184452493e-06
@n.xbgr.xm42.nsg13_hv_pmos[delvto] = 3.075915679248024e-04
@n.xbgr.xm42.nsg13_hv_pmos[factuo] = 1.000320712840220e+00
@n.xbgr.xm43.nsg13_hv_pmos[w] = 4.996735421993098e-06
@n.xbgr.xm43.nsg13_hv_pmos[l] = 3.996058625989295e-06
@n.xbgr.xm43.nsg13_hv_pmos[delvto] = 3.942235158846423e-04
@n.xbgr.xm43.nsg13_hv_pmos[factuo] = 9.981956744982228e-01
@n.xbgr.xm44.nsg13_hv_pmos[w] = 4.998315742508936e-06
@n.xbgr.xm44.nsg13_hv_pmos[l] = 4.003136629129115e-06
@n.xbgr.xm44.nsg13_hv_pmos[delvto] = -4.95091722926792e-04
@n.xbgr.xm44.nsg13_hv_pmos[factuo] = 9.987734542102824e-01
@n.xbgr.xm45.nsg13_hv_pmos[w] = 5.001034026024042e-06
@n.xbgr.xm45.nsg13_hv_pmos[l] = 3.996109045426879e-06
@n.xbgr.xm45.nsg13_hv_pmos[delvto] = 1.656002414284749e-03
@n.xbgr.xm45.nsg13_hv_pmos[factuo] = 9.993852580749316e-01
@n.xbgr.xm46.nsg13_hv_pmos[w] = 5.002693593852128e-06
@n.xbgr.xm46.nsg13_hv_pmos[l] = 4.001471812559350e-06
@n.xbgr.xm46.nsg13_hv_pmos[delvto] = -1.35479782896886e-03
@n.xbgr.xm46.nsg13_hv_pmos[factuo] = 1.001543055673186e+00
@n.xbgr.xm47.nsg13_hv_pmos[w] = 4.999578464462081e-06
@n.xbgr.xm47.nsg13_hv_pmos[l] = 4.003250751452284e-06
@n.xbgr.xm47.nsg13_hv_pmos[delvto] = 5.263698996739721e-04
@n.xbgr.xm47.nsg13_hv_pmos[factuo] = 9.990649461746107e-01
@n.xbgr.xm48.nsg13_hv_pmos[w] = 4.993910324885135e-06
@n.xbgr.xm48.nsg13_hv_pmos[l] = 3.994689142296820e-06
@n.xbgr.xm48.nsg13_hv_pmos[delvto] = -1.13580689084513e-03
@n.xbgr.xm48.nsg13_hv_pmos[factuo] = 9.994937982294270e-01
@n.xbgr.xm49.nsg13_hv_pmos[w] = 5.001942064185601e-06
@n.xbgr.xm49.nsg13_hv_pmos[l] = 3.998943927861780e-06
@n.xbgr.xm49.nsg13_hv_pmos[delvto] = -2.11529437266835e-04
@n.xbgr.xm49.nsg13_hv_pmos[factuo] = 9.997748502617914e-01
@n.xbgr.xm50.nsg13_hv_pmos[w] = 1.000481159918661e-05
@n.xbgr.xm50.nsg13_hv_pmos[l] = 3.998273388038805e-06
@n.xbgr.xm50.nsg13_hv_pmos[delvto] = 8.099786432359861e-04
@n.xbgr.xm50.nsg13_hv_pmos[factuo] = 1.000004656585022e+00
@n.xbgr.xm51.nsg13_hv_pmos[w] = 9.998324052364703e-06
@n.xbgr.xm51.nsg13_hv_pmos[l] = 3.999132561471697e-06
@n.xbgr.xm51.nsg13_hv_pmos[delvto] = 2.127151297385115e-04
@n.xbgr.xm51.nsg13_hv_pmos[factuo] = 9.988363551576072e-01
@n.xbgr.xm52.nsg13_hv_pmos[w] = 1.000069461285574e-05
@n.xbgr.xm52.nsg13_hv_pmos[l] = 4.003465412115171e-06
@n.xbgr.xm52.nsg13_hv_pmos[delvto] = -9.18609222492069e-04
@n.xbgr.xm52.nsg13_hv_pmos[factuo] = 1.000510423279677e+00
@n.xbgr.xm53.nsg13_hv_pmos[w] = 1.000158903133739e-05
@n.xbgr.xm53.nsg13_hv_pmos[l] = 4.003949979249682e-06
@n.xbgr.xm53.nsg13_hv_pmos[delvto] = -1.13732172736746e-03
@n.xbgr.xm53.nsg13_hv_pmos[factuo] = 9.997388654495476e-01
@n.xbgr.xm54.nsg13_hv_pmos[w] = 9.999607681410043e-06
@n.xbgr.xm54.nsg13_hv_pmos[l] = 3.998252368969604e-06
@n.xbgr.xm54.nsg13_hv_pmos[delvto] = -6.26456489068889e-07
@n.xbgr.xm54.nsg13_hv_pmos[factuo] = 1.000772123204760e+00
@q.xbgr.xq55.qnpn13g2[area] = 1.011673735857611e+00
@q.xbgr.xq56.qnpn13g2[area] = 1.135116214204815e+00
@q.xbgr.xq57.qnpn13g2[area] = 9.643704565317042e-01
@q.xbgr.xq58.qnpn13g2[area] = 1.105195211477950e+00
@q.xbgr.xq59.qnpn13g2[area] = 1.222626763763456e+00
@q.xbgr.xq60.qnpn13g2[area] = 8.686505917407511e-01
@q.xbgr.xq61.qnpn13g2[area] = 1.024471327197009e+00
@q.xbgr.xq62.qnpn13g2[area] = 9.674817618154068e-01
@q.xbgr.xq63.qnpn13g2[area] = 1.111746119451704e+00
@q.xbgr.xq64.qnpn13g2[area] = 1.006425588002644e+00
@q.xbgr.xq65.qnpn13g2[area] = 1.027636594664901e+00
@q.xbgr.xq66.qnpn13g2[area] = 1.000460883981499e+00
@q.xbgr.xq67.qnpn13g2[area] = 1.122232385488174e+00
@q.xbgr.xq68.qnpn13g2[area] = 9.236984420119224e-01
@q.xbgr.xq69.qnpn13g2[area] = 8.586347173465729e-01
@q.xbgr.xq70.qnpn13g2[area] = 1.049971996987370e+00
@q.xbgr.xq71.qnpn13g2[area] = 1.008678826297667e+00
@q.xbgr.xq72.qnpn13g2[area] = 9.777803516116795e-01
@q.xbgr.xq73.qnpn13g2[area] = 1.100000078793805e+00
@q.xbgr.xq74.qnpn13g2[area] = 1.167521084027813e+00
@q.xbgr.xq75.qnpn13g2[area] = 1.139754663730674e+00
@q.xbgr.xq76.qnpn13g2[area] = 1.012030560614390e+00
@n.xbgr.xr77.nr1[nsmm_rsh] = -1.00115248782807e+00
@n.xbgr.xr77.nr1[nsmm_w] = -1.34982598596245e+00
@n.xbgr.xr77.nr1[nsmm_l] = 7.770027138270748e-01
@n.xbgr.xr78.nr1[nsmm_rsh] = 1.206765310498570e+00
@n.xbgr.xr78.nr1[nsmm_w] = 3.903228779641028e-01
@n.xbgr.xr78.nr1[nsmm_l] = -5.72801087138446e-01
@n.xbgr.xr79.nr1[nsmm_rsh] = -3.31140060117073e-01
@n.xbgr.xr79.nr1[nsmm_w] = 1.612166219147276e+00
@n.xbgr.xr79.nr1[nsmm_l] = 6.548007047100360e-01
@n.xbgr.xr80.nr1[nsmm_rsh] = -2.11530734006476e+00
@n.xbgr.xr80.nr1[nsmm_w] = 8.996308518938185e-01
@n.xbgr.xr80.nr1[nsmm_l] = -2.27876046966029e-01
@n.xbgr.xr81.nr1[nsmm_rsh] = -8.48717614534249e-01
@n.xbgr.xr81.nr1[nsmm_w] = -2.44381094096567e+00
@n.xbgr.xr81.nr1[nsmm_l] = 1.485426958847786e+00
@n.xbgr.xr82.nr1[nsmm_rsh] = -6.05007147132874e-01
@n.xbgr.xr82.nr1[nsmm_w] = 1.268417387923600e+00
@n.xbgr.xr82.nr1[nsmm_l] = -2.14140784203429e+00
@n.xbgr.xr83.nr1[nsmm_rsh] = -8.12634786798533e-01
@n.xbgr.xr83.nr1[nsmm_w] = -2.81817925275698e-01
@n.xbgr.xr83.nr1[nsmm_l] = -1.53054184087049e-01
@n.xbgr.xr84.nr1[nsmm_rsh] = 1.269224025448870e+00
@n.xbgr.xr84.nr1[nsmm_w] = 1.239256641456083e-01
@n.xbgr.xr84.nr1[nsmm_l] = 1.359438341226906e+00
@n.xbgr.xr85.nr1[nsmm_rsh] = -9.66051551462298e-01
@n.xbgr.xr85.nr1[nsmm_w] = 7.666956320336716e-01
@n.xbgr.xr85.nr1[nsmm_l] = 1.071179331618999e-01
@n.xbgr.xr86.nr1[nsmm_rsh] = 3.346638236678909e+00
@n.xbgr.xr86.nr1[nsmm_w] = 6.313499699807265e-02
@n.xbgr.xr86.nr1[nsmm_l] = -7.80237179294777e-02
@n.xbgr.xr16_u2.nr1[nsmm_rsh] = -1.15792790419730e+00
@n.xbgr.xr16_u2.nr1[nsmm_w] = 1.294603968969860e+00
@n.xbgr.xr16_u2.nr1[nsmm_l] = -1.15417535929108e-01
@n.xbgr.xr16_u3.nr1[nsmm_rsh] = 8.675339770770770e-01
@n.xbgr.xr16_u3.nr1[nsmm_w] = -5.39000365639251e-01
@n.xbgr.xr16_u3.nr1[nsmm_l] = -5.46613769550988e-01
@n.xbgr.xr16_u4.nr1[nsmm_rsh] = 6.636688094389706e-01
@n.xbgr.xr16_u4.nr1[nsmm_w] = -5.86299963440972e-01
@n.xbgr.xr16_u4.nr1[nsmm_l] = -8.90106112691911e-01
@n.xbgr.xr16_u5.nr1[nsmm_rsh] = -8.21899395256171e-01
@n.xbgr.xr16_u5.nr1[nsmm_w] = -8.90990511600130e-01
@n.xbgr.xr16_u5.nr1[nsmm_l] = 1.935640168005214e+00
@n.xbgr.xr16_u6.nr1[nsmm_rsh] = 1.733562970339730e+00
@n.xbgr.xr16_u6.nr1[nsmm_w] = -1.20645704805286e-01
@n.xbgr.xr16_u6.nr1[nsmm_l] = -4.90183701967043e-01
@n.xbgr.xr16_u7.nr1[nsmm_rsh] = 1.195262268110878e-03
@n.xbgr.xr16_u7.nr1[nsmm_w] = 5.147727641736852e-01
@n.xbgr.xr16_u7.nr1[nsmm_l] = 1.754568898708963e+00
@n.xbgr.xr16_u8.nr1[nsmm_rsh] = -6.55421820907703e-01
@n.xbgr.xr16_u8.nr1[nsmm_w] = -2.69523982245864e+00
@n.xbgr.xr16_u8.nr1[nsmm_l] = 1.371846950543653e+00
@n.xbgr.xr16_u9.nr1[nsmm_rsh] = -2.77788164634280e-01
@n.xbgr.xr16_u9.nr1[nsmm_w] = 9.003314291786019e-01
@n.xbgr.xr16_u9.nr1[nsmm_l] = 1.082371920894535e+00
@n.xbgr.xr16_u10.nr1[nsmm_rsh] = 3.070219902280514e-01
@n.xbgr.xr16_u10.nr1[nsmm_w] = 1.170864003355370e+00
@n.xbgr.xr16_u10.nr1[nsmm_l] = -4.63610531044246e-01
@n.xbgr.xr16_u11.nr1[nsmm_rsh] = -3.59461123706040e-01
@n.xbgr.xr16_u11.nr1[nsmm_w] = 1.783782514304892e+00
@n.xbgr.xr16_u11.nr1[nsmm_l] = 9.176232625634778e-01
@n.xbgr.xr16_u12.nr1[nsmm_rsh] = 1.894195071249143e-01
@n.xbgr.xr16_u12.nr1[nsmm_w] = -7.90204200470993e-01
@n.xbgr.xr16_u12.nr1[nsmm_l] = -4.04964846690836e-01
@n.xbgr.xr16_u13.nr1[nsmm_rsh] = -2.65118639297970e-01
@n.xbgr.xr16_u13.nr1[nsmm_w] = 5.780730695451577e-01
@n.xbgr.xr16_u13.nr1[nsmm_l] = -1.42135621702596e-01
@n.xbgr.xr16_u14.nr1[nsmm_rsh] = 7.582804228649349e-01
@n.xbgr.xr16_u14.nr1[nsmm_w] = -1.30096902528884e-01
@n.xbgr.xr16_u14.nr1[nsmm_l] = 8.160819872923714e-01
@n.xbgr.xr16_u15.nr1[nsmm_rsh] = -1.41131767828904e-01
@n.xbgr.xr16_u15.nr1[nsmm_w] = -1.47173296024987e+00
@n.xbgr.xr16_u15.nr1[nsmm_l] = -5.31473899592791e-01
@n.xbgr.xr16_u16.nr1[nsmm_rsh] = 2.056303220865763e+00
@n.xbgr.xr16_u16.nr1[nsmm_w] = 5.876245515027718e-01
@n.xbgr.xr16_u16.nr1[nsmm_l] = -6.40819432075575e-01
@n.xbgr.xr16_u17.nr1[nsmm_rsh] = 8.815595585120384e-01
@n.xbgr.xr16_u17.nr1[nsmm_w] = -1.65918356641018e+00
@n.xbgr.xr16_u17.nr1[nsmm_l] = -4.75103587686708e-01
@n.xbgr.xr16_u18.nr1[nsmm_rsh] = 5.670033984009174e-01
@n.xbgr.xr16_u18.nr1[nsmm_w] = -8.10434516794844e-02
@n.xbgr.xr16_u18.nr1[nsmm_l] = -2.76864440119169e-01
@n.xbgr.xr16_u19.nr1[nsmm_rsh] = 6.005618165220988e-01
@n.xbgr.xr16_u19.nr1[nsmm_w] = -8.25376155389969e-02
@n.xbgr.xr16_u19.nr1[nsmm_l] = 1.449869299664644e+00
@n.xbgr.xr16_u20.nr1[nsmm_rsh] = 3.182102964098535e-01
@n.xbgr.xr16_u20.nr1[nsmm_w] = -1.19453157221235e+00
@n.xbgr.xr16_u20.nr1[nsmm_l] = 7.385712481877671e-01
@n.xbgr.xr16_u21.nr1[nsmm_rsh] = -9.79197959526331e-01
@n.xbgr.xr16_u21.nr1[nsmm_w] = -1.25632110053281e+00
@n.xbgr.xr16_u21.nr1[nsmm_l] = -6.17649720017625e-01
@n.xbgr.xr16_u22.nr1[nsmm_rsh] = 2.818044450946948e+00
@n.xbgr.xr16_u22.nr1[nsmm_w] = 3.334715386356848e-01
@n.xbgr.xr16_u22.nr1[nsmm_l] = 1.227353785427967e+00
@n.xbgr.xr16_u23.nr1[nsmm_rsh] = -3.90596539995236e-01
@n.xbgr.xr16_u23.nr1[nsmm_w] = -6.10001959808875e-01
@n.xbgr.xr16_u23.nr1[nsmm_l] = -5.01966692465562e-01
@n.xbgr.xr16_u24.nr1[nsmm_rsh] = 1.121913266835398e+00
@n.xbgr.xr16_u24.nr1[nsmm_w] = -1.60100565719689e+00
@n.xbgr.xr16_u24.nr1[nsmm_l] = -6.13014985706177e-01
@n.xbgr.xr17_u2.nr1[nsmm_rsh] = -3.03947451497664e-01
@n.xbgr.xr17_u2.nr1[nsmm_w] = 3.646269034661609e-01
@n.xbgr.xr17_u2.nr1[nsmm_l] = 4.193274239768018e-02
@n.xbgr.xr17_u3.nr1[nsmm_rsh] = 5.042402007172979e-01
@n.xbgr.xr17_u3.nr1[nsmm_w] = -4.31650328099544e-01
@n.xbgr.xr17_u3.nr1[nsmm_l] = 3.124339832158107e-01
@n.xbgr.xr17_u4.nr1[nsmm_rsh] = 1.423348221720709e+00
@n.xbgr.xr17_u4.nr1[nsmm_w] = 9.688161108261599e-01
@n.xbgr.xr17_u4.nr1[nsmm_l] = 1.917525028171834e-01
@n.xbgr.xr18_u2.nr1[nsmm_rsh] = 4.047166270108071e-01
@n.xbgr.xr18_u2.nr1[nsmm_w] = -5.59488416514591e-01
@n.xbgr.xr18_u2.nr1[nsmm_l] = 2.447519296350637e+00
@n.xbgr.xr18_u3.nr1[nsmm_rsh] = 1.523586061760164e+00
@n.xbgr.xr18_u3.nr1[nsmm_w] = 4.262178330709355e-01
@n.xbgr.xr18_u3.nr1[nsmm_l] = -8.08055068566828e-01
@n.xbgr.xr18_u4.nr1[nsmm_rsh] = -1.39847239680057e+00
@n.xbgr.xr18_u4.nr1[nsmm_w] = -8.04510187511338e-01
@n.xbgr.xr18_u4.nr1[nsmm_l] = -3.44498273381747e-01
@n.xbgr.xr19_u2.nr1[nsmm_rsh] = -7.47625421179399e-01
@n.xbgr.xr19_u2.nr1[nsmm_w] = -7.11661409998678e-02
@n.xbgr.xr19_u2.nr1[nsmm_l] = 1.849496068780050e-01
@n.xbgr.xr19_u3.nr1[nsmm_rsh] = 1.251580287135562e+00
@n.xbgr.xr19_u3.nr1[nsmm_w] = -1.00455714718437e+00
@n.xbgr.xr19_u3.nr1[nsmm_l] = -1.02886903315716e-01
@n.xbgr.xr19_u4.nr1[nsmm_rsh] = -2.23365675721083e+00
@n.xbgr.xr19_u4.nr1[nsmm_w] = -8.68717724959255e-02
@n.xbgr.xr19_u4.nr1[nsmm_l] = -1.76809828452175e-01
@n.xbgr.xr20_u2.nr1[nsmm_rsh] = 4.474262050587970e-01
@n.xbgr.xr20_u2.nr1[nsmm_w] = -4.53351146520673e-01
@n.xbgr.xr20_u2.nr1[nsmm_l] = 4.238879757366383e-01
@n.xbgr.xr20_u3.nr1[nsmm_rsh] = -8.55883110580470e-02
@n.xbgr.xr20_u3.nr1[nsmm_w] = -6.25895176521139e-01
@n.xbgr.xr20_u3.nr1[nsmm_l] = -5.61636802183941e-01
@n.xbgr.xr20_u4.nr1[nsmm_rsh] = -1.02231712811266e+00
@n.xbgr.xr20_u4.nr1[nsmm_w] = 7.311350868437160e-01
@n.xbgr.xr20_u4.nr1[nsmm_l] = 1.644985745470441e+00
@n.xbgr.xr21_u2.nr1[nsmm_rsh] = -1.07083513173631e+00
@n.xbgr.xr21_u2.nr1[nsmm_w] = -1.28924609218626e+00
@n.xbgr.xr21_u2.nr1[nsmm_l] = -1.76872812360150e-01
@n.xbgr.xr21_u3.nr1[nsmm_rsh] = -9.48189604058966e-02
@n.xbgr.xr21_u3.nr1[nsmm_w] = 2.509331283817165e-01
@n.xbgr.xr21_u3.nr1[nsmm_l] = -9.42270896023164e-01
@n.xbgr.xr21_u4.nr1[nsmm_rsh] = 1.891214299393424e-01
@n.xbgr.xr21_u4.nr1[nsmm_w] = -4.29807542490358e-01
@n.xbgr.xr21_u4.nr1[nsmm_l] = 7.690276991782062e-01
@n.xbgr.xr22_u2.nr1[nsmm_rsh] = 3.122423189981291e-02
@n.xbgr.xr22_u2.nr1[nsmm_w] = 5.606936329731871e-01
@n.xbgr.xr22_u2.nr1[nsmm_l] = -7.37713088451612e-01
@n.xbgr.xr22_u3.nr1[nsmm_rsh] = 9.738991927162087e-01
@n.xbgr.xr22_u3.nr1[nsmm_w] = 7.506860775170164e-01
@n.xbgr.xr22_u3.nr1[nsmm_l] = 2.627130977290546e-01
@n.xbgr.xr22_u4.nr1[nsmm_rsh] = -1.16135695806962e-01
@n.xbgr.xr22_u4.nr1[nsmm_w] = -1.06435432798248e+00
@n.xbgr.xr22_u4.nr1[nsmm_l] = -3.06931098902091e+00
@n.xbgr.xr23_u2.nr1[nsmm_rsh] = 1.935358649107908e-01
@n.xbgr.xr23_u2.nr1[nsmm_w] = 7.348923415606117e-01
@n.xbgr.xr23_u2.nr1[nsmm_l] = 7.787938028085949e-01
@n.xbgr.xr23_u3.nr1[nsmm_rsh] = -4.27790964021823e-01
@n.xbgr.xr23_u3.nr1[nsmm_w] = 2.006802561431405e+00
@n.xbgr.xr23_u3.nr1[nsmm_l] = -3.56756644275687e-01
@n.xbgr.xr23_u4.nr1[nsmm_rsh] = -1.62585306849627e-01
@n.xbgr.xr23_u4.nr1[nsmm_w] = -5.16827554271982e-01
@n.xbgr.xr23_u4.nr1[nsmm_l] = 8.090082277648851e-01
@n.xbgr.xr23_u5.nr1[nsmm_rsh] = 6.636811617478385e-01
@n.xbgr.xr23_u5.nr1[nsmm_w] = -1.10354100225628e+00
@n.xbgr.xr23_u5.nr1[nsmm_l] = -1.51575913832878e-01
@n.xbgr.xr23_u6.nr1[nsmm_rsh] = 2.058195456723069e-01
@n.xbgr.xr23_u6.nr1[nsmm_w] = -3.86099611309213e-01
@n.xbgr.xr23_u6.nr1[nsmm_l] = -4.08545416069985e-02
@n.xbgr.xr23_u7.nr1[nsmm_rsh] = 2.889967064941619e+00
@n.xbgr.xr23_u7.nr1[nsmm_w] = 5.036723793649001e-01
@n.xbgr.xr23_u7.nr1[nsmm_l] = 3.044211983422906e-01
@n.xbgr.xr23_u8.nr1[nsmm_rsh] = -1.56487901301203e+00
@n.xbgr.xr23_u8.nr1[nsmm_w] = -1.84195637229448e+00
@n.xbgr.xr23_u8.nr1[nsmm_l] = 3.572066934341470e-01
@n.xbgr.xr23_u9.nr1[nsmm_rsh] = 1.207034195622224e+00
@n.xbgr.xr23_u9.nr1[nsmm_w] = 6.352241486446630e-01
@n.xbgr.xr23_u9.nr1[nsmm_l] = -6.27254149250034e-02
@n.xbgr.xr23_u10.nr1[nsmm_rsh] = -1.02544449549685e+00
@n.xbgr.xr23_u10.nr1[nsmm_w] = -9.03041353942592e-01
@n.xbgr.xr23_u10.nr1[nsmm_l] = -8.74196258665501e-01
@n.xbgr.xr23_u11.nr1[nsmm_rsh] = 1.554100971079050e+00
@n.xbgr.xr23_u11.nr1[nsmm_w] = 7.859793924212762e-01
@n.xbgr.xr23_u11.nr1[nsmm_l] = 4.788623613331274e-02
@n.xbgr.xr23_u12.nr1[nsmm_rsh] = -1.14883460319701e+00
@n.xbgr.xr23_u12.nr1[nsmm_w] = -1.77289178002688e+00
@n.xbgr.xr23_u12.nr1[nsmm_l] = 4.719393565718017e-01
@n.xbgr.xr23_u13.nr1[nsmm_rsh] = 5.198746724056087e-01
@n.xbgr.xr23_u13.nr1[nsmm_w] = 1.101795017036020e+00
@n.xbgr.xr23_u13.nr1[nsmm_l] = -1.26020207880162e+00
@n.xbgr.xr23_u14.nr1[nsmm_rsh] = 1.231849506456234e+00
@n.xbgr.xr23_u14.nr1[nsmm_w] = 1.316044585821634e+00
@n.xbgr.xr23_u14.nr1[nsmm_l] = -3.00780484976673e-01
@n.xbgr.xr23_u15.nr1[nsmm_rsh] = 2.442611127457218e-01
@n.xbgr.xr23_u15.nr1[nsmm_w] = -6.75938872412768e-01
@n.xbgr.xr23_u15.nr1[nsmm_l] = -1.29082615712324e+00
@n.xbgr.xr23_u16.nr1[nsmm_rsh] = 1.301758613316288e+00
@n.xbgr.xr23_u16.nr1[nsmm_w] = -7.73014859387616e-02
@n.xbgr.xr23_u16.nr1[nsmm_l] = -9.90484806113416e-01
@n.xbgr.xr23_u17.nr1[nsmm_rsh] = -1.48402978126547e+00
@n.xbgr.xr23_u17.nr1[nsmm_w] = 1.935980138446111e-01
@n.xbgr.xr23_u17.nr1[nsmm_l] = 1.380236351682159e+00
@n.xbgr.xr23_u18.nr1[nsmm_rsh] = -3.21251164016976e-02
@n.xbgr.xr23_u18.nr1[nsmm_w] = 6.438937085304317e-01
@n.xbgr.xr23_u18.nr1[nsmm_l] = 1.555545841758081e+00
@n.xbgr.xr23_u19.nr1[nsmm_rsh] = -7.53205985746305e-02
@n.xbgr.xr23_u19.nr1[nsmm_w] = -1.02127969022575e+00
@n.xbgr.xr23_u19.nr1[nsmm_l] = 4.160131786598688e-01
@n.xbgr.xr23_u20.nr1[nsmm_rsh] = 7.207098278797328e-01
@n.xbgr.xr23_u20.nr1[nsmm_w] = 5.156126564975340e-01
@n.xbgr.xr23_u20.nr1[nsmm_l] = 4.544748957088897e-01
@n.xbgr.xr23_u21.nr1[nsmm_rsh] = -7.12576487134573e-01
@n.xbgr.xr23_u21.nr1[nsmm_w] = -9.92864298957881e-02
@n.xbgr.xr23_u21.nr1[nsmm_l] = 2.296453025398593e+00
@n.xbgr.xr23_u22.nr1[nsmm_rsh] = -3.75170623546108e-01
@n.xbgr.xr23_u22.nr1[nsmm_w] = 2.607915171040472e-01
@n.xbgr.xr23_u22.nr1[nsmm_l] = 1.297228300626851e+00
@n.xbgr.xr23_u23.nr1[nsmm_rsh] = -1.64317692887982e+00
@n.xbgr.xr23_u23.nr1[nsmm_w] = -6.39137836384080e-01
@n.xbgr.xr23_u23.nr1[nsmm_l] = 5.170029962876952e-01
@n.xbgr.xr23_u24.nr1[nsmm_rsh] = 5.570909133931036e-01
@n.xbgr.xr23_u24.nr1[nsmm_w] = -8.47728225102358e-01
@n.xbgr.xr23_u24.nr1[nsmm_l] = 9.865970618505297e-03
@n.xbgr.xr24_u2.nr1[nsmm_rsh] = 1.405241379908709e-01
@n.xbgr.xr24_u2.nr1[nsmm_w] = 6.313258619828563e-01
@n.xbgr.xr24_u2.nr1[nsmm_l] = -4.89071547115963e-01
@n.xbgr.xr24_u3.nr1[nsmm_rsh] = 7.987487882758850e-01
@n.xbgr.xr24_u3.nr1[nsmm_w] = -3.06403073326456e+00
@n.xbgr.xr24_u3.nr1[nsmm_l] = -2.05665056453348e+00
@n.xbgr.xr24_u4.nr1[nsmm_rsh] = -1.28115179694922e+00
@n.xbgr.xr24_u4.nr1[nsmm_w] = 1.536285914441976e+00
@n.xbgr.xr24_u4.nr1[nsmm_l] = 6.155659267591518e-01
@n.xbgr.xr24_u5.nr1[nsmm_rsh] = 1.151671112104439e+00
@n.xbgr.xr24_u5.nr1[nsmm_w] = 1.235035670049056e+00
@n.xbgr.xr24_u5.nr1[nsmm_l] = -1.38359211356424e+00
@n.xbgr.xr24_u6.nr1[nsmm_rsh] = 2.053977311843736e+00
@n.xbgr.xr24_u6.nr1[nsmm_w] = 1.079659639077904e-01
@n.xbgr.xr24_u6.nr1[nsmm_l] = 8.236007964349611e-01
@n.xbgr.xr24_u7.nr1[nsmm_rsh] = -1.15783934412180e-03
@n.xbgr.xr24_u7.nr1[nsmm_w] = 1.561293280366725e-01
@n.xbgr.xr24_u7.nr1[nsmm_l] = 1.355146737176638e-02
@n.xbgr.xr24_u8.nr1[nsmm_rsh] = -1.05112006143711e+00
@n.xbgr.xr24_u8.nr1[nsmm_w] = -3.83755019147491e-01
@n.xbgr.xr24_u8.nr1[nsmm_l] = -1.38501038448128e+00
@n.xbgr.xr24_u9.nr1[nsmm_rsh] = -2.85538064872393e-01
@n.xbgr.xr24_u9.nr1[nsmm_w] = 7.194961941785217e-01
@n.xbgr.xr24_u9.nr1[nsmm_l] = 4.259570529504755e-01
@n.xbgr.xr24_u10.nr1[nsmm_rsh] = -8.03392564563366e-01
@n.xbgr.xr24_u10.nr1[nsmm_w] = -4.66435025407100e-01
@n.xbgr.xr24_u10.nr1[nsmm_l] = -6.34271314410282e-01
@n.xbgr.xr24_u11.nr1[nsmm_rsh] = 2.099184999783713e+00
@n.xbgr.xr24_u11.nr1[nsmm_w] = -4.84327904480345e-01
@n.xbgr.xr24_u11.nr1[nsmm_l] = -5.61235450790592e-01
@n.xbgr.xr24_u12.nr1[nsmm_rsh] = -1.47210685384210e+00
@n.xbgr.xr24_u12.nr1[nsmm_w] = 3.735363454697056e-01
@n.xbgr.xr24_u12.nr1[nsmm_l] = -5.38748411348710e-01
@n.xbgr.xr24_u13.nr1[nsmm_rsh] = -1.25424805588331e-02
@n.xbgr.xr24_u13.nr1[nsmm_w] = 2.552059356850460e-01
@n.xbgr.xr24_u13.nr1[nsmm_l] = -6.81305222225676e-01
@n.xbgr.xr24_u14.nr1[nsmm_rsh] = 4.062220397147889e-02
@n.xbgr.xr24_u14.nr1[nsmm_w] = 7.579381415544049e-01
@n.xbgr.xr24_u14.nr1[nsmm_l] = -4.38885245420009e-01
@n.xbgr.xr24_u15.nr1[nsmm_rsh] = 1.454465983093566e+00
@n.xbgr.xr24_u15.nr1[nsmm_w] = 1.670900221557769e+00
@n.xbgr.xr24_u15.nr1[nsmm_l] = -1.08005326209454e-01
@n.xbgr.xr24_u16.nr1[nsmm_rsh] = 5.252197085605358e-01
@n.xbgr.xr24_u16.nr1[nsmm_w] = 1.409662607790546e+00
@n.xbgr.xr24_u16.nr1[nsmm_l] = 1.687021097133009e+00
@n.xbgr.xr24_u17.nr1[nsmm_rsh] = 1.952363682367133e-01
@n.xbgr.xr24_u17.nr1[nsmm_w] = 1.289666127809657e+00
@n.xbgr.xr24_u17.nr1[nsmm_l] = -1.62607043948034e+00
@n.xbgr.xr24_u18.nr1[nsmm_rsh] = -2.43987768903830e+00
@n.xbgr.xr24_u18.nr1[nsmm_w] = -1.06013804670205e+00
@n.xbgr.xr24_u18.nr1[nsmm_l] = 1.283286286237580e+00
@n.xbgr.xr24_u19.nr1[nsmm_rsh] = 7.956852813529046e-01
@n.xbgr.xr24_u19.nr1[nsmm_w] = -7.47207482361580e-01
@n.xbgr.xr24_u19.nr1[nsmm_l] = -1.23164600849884e+00
@n.xbgr.xr24_u20.nr1[nsmm_rsh] = -1.80521123123136e+00
@n.xbgr.xr24_u20.nr1[nsmm_w] = 1.156284161853481e+00
@n.xbgr.xr24_u20.nr1[nsmm_l] = 5.900739724267495e-01
@n.xbgr.xr24_u21.nr1[nsmm_rsh] = 5.627640121402117e-01
@n.xbgr.xr24_u21.nr1[nsmm_w] = -2.39593539496571e-01
@n.xbgr.xr24_u21.nr1[nsmm_l] = 7.700468341669332e-01
@n.xbgr.xr24_u22.nr1[nsmm_rsh] = -1.02691043535657e+00
@n.xbgr.xr24_u22.nr1[nsmm_w] = -7.19493134653927e-01
@n.xbgr.xr24_u22.nr1[nsmm_l] = 6.819248829653084e-01
@n.xbgr.xr24_u23.nr1[nsmm_rsh] = 8.126710158351851e-01
@n.xbgr.xr24_u23.nr1[nsmm_w] = -6.78198989642842e-01
@n.xbgr.xr24_u23.nr1[nsmm_l] = 4.603111768274884e-01
@n.xbgr.xr24_u24.nr1[nsmm_rsh] = -2.00365443655952e+00
@n.xbgr.xr24_u24.nr1[nsmm_w] = 1.166163669263667e+00
@n.xbgr.xr24_u24.nr1[nsmm_l] = -6.87615220994845e-01
@n.xbgr.xr25_u2.nr1[nsmm_rsh] = -3.83589060628540e-01
@n.xbgr.xr25_u2.nr1[nsmm_w] = -6.78002247613340e-01
@n.xbgr.xr25_u2.nr1[nsmm_l] = 3.584660133721917e+00
@n.xbgr.xr25_u3.nr1[nsmm_rsh] = -8.20853191119579e-01
@n.xbgr.xr25_u3.nr1[nsmm_w] = 9.453363329942420e-01
@n.xbgr.xr25_u3.nr1[nsmm_l] = 1.558640211111230e-01
@n.xbgr.xr25_u4.nr1[nsmm_rsh] = -7.87592954773844e-01
@n.xbgr.xr25_u4.nr1[nsmm_w] = -2.49804330144985e-01
@n.xbgr.xr25_u4.nr1[nsmm_l] = 2.377524048912800e+00
@n.xbgr.xr25_u5.nr1[nsmm_rsh] = -4.80226763768841e-01
@n.xbgr.xr25_u5.nr1[nsmm_w] = -9.67096817794139e-02
@n.xbgr.xr25_u5.nr1[nsmm_l] = -5.55885084242943e-01
@n.xbgr.xr25_u6.nr1[nsmm_rsh] = -5.42193304678914e-01
@n.xbgr.xr25_u6.nr1[nsmm_w] = -1.85930016206315e+00
@n.xbgr.xr25_u6.nr1[nsmm_l] = 4.357500636845983e-01
@n.xbgr.xr25_u7.nr1[nsmm_rsh] = 1.030071737165234e+00
@n.xbgr.xr25_u7.nr1[nsmm_w] = -5.36396624468445e-01
@n.xbgr.xr25_u7.nr1[nsmm_l] = 1.186798393249156e+00
@n.xbgr.xr25_u8.nr1[nsmm_rsh] = -1.02575921066479e+00
@n.xbgr.xr25_u8.nr1[nsmm_w] = -2.51870503531977e+00
@n.xbgr.xr25_u8.nr1[nsmm_l] = 7.777502642799726e-01
@n.xbgr.xr25_u9.nr1[nsmm_rsh] = -3.90664014971108e-01
@n.xbgr.xr25_u9.nr1[nsmm_w] = 3.339631169437554e-01
@n.xbgr.xr25_u9.nr1[nsmm_l] = -5.74742728615623e-02
@n.xbgr.xr25_u10.nr1[nsmm_rsh] = -3.42112882680887e-01
@n.xbgr.xr25_u10.nr1[nsmm_w] = -2.41157555461560e+00
@n.xbgr.xr25_u10.nr1[nsmm_l] = -1.45690584536507e+00
@n.xbgr.xr25_u11.nr1[nsmm_rsh] = 2.519816006434422e-01
@n.xbgr.xr25_u11.nr1[nsmm_w] = -8.51584058429046e-01
@n.xbgr.xr25_u11.nr1[nsmm_l] = 7.216032803979040e-01
@n.xbgr.xr25_u12.nr1[nsmm_rsh] = 3.775750958624990e-01
@n.xbgr.xr25_u12.nr1[nsmm_w] = 5.638945980478912e-01
@n.xbgr.xr25_u12.nr1[nsmm_l] = 1.107525901701980e+00
@n.xbgr.xr25_u13.nr1[nsmm_rsh] = 1.500354300997012e+00
@n.xbgr.xr25_u13.nr1[nsmm_w] = 1.020772316009650e+00
@n.xbgr.xr25_u13.nr1[nsmm_l] = -3.05647966480359e-01
@n.xbgr.xr25_u14.nr1[nsmm_rsh] = -2.85860899903000e+00
@n.xbgr.xr25_u14.nr1[nsmm_w] = 4.373034595444869e-01
@n.xbgr.xr25_u14.nr1[nsmm_l] = -6.54619992445203e-01
@n.xbgr.xr25_u15.nr1[nsmm_rsh] = 1.449503539813518e-01
@n.xbgr.xr25_u15.nr1[nsmm_w] = -6.79759805043641e-01
@n.xbgr.xr25_u15.nr1[nsmm_l] = 8.725135625713609e-01
@n.xbgr.xr25_u16.nr1[nsmm_rsh] = -4.09514059948859e-01
@n.xbgr.xr25_u16.nr1[nsmm_w] = -6.01110165010298e-01
@n.xbgr.xr25_u16.nr1[nsmm_l] = -1.37185738785288e-02
@n.xbgr.xr25_u17.nr1[nsmm_rsh] = -1.15572405958232e+00
@n.xbgr.xr25_u17.nr1[nsmm_w] = -9.18167785509533e-01
@n.xbgr.xr25_u17.nr1[nsmm_l] = 7.916744831251343e-01
@n.xbgr.xr25_u18.nr1[nsmm_rsh] = -2.52660506038934e-01
@n.xbgr.xr25_u18.nr1[nsmm_w] = -4.46580681641554e-02
@n.xbgr.xr25_u18.nr1[nsmm_l] = 7.546840571255100e-01
@n.xbgr.xr25_u19.nr1[nsmm_rsh] = -2.15406785088603e-01
@n.xbgr.xr25_u19.nr1[nsmm_w] = -1.50843368653163e+00
@n.xbgr.xr25_u19.nr1[nsmm_l] = -3.86506862894271e-01
@n.xbgr.xr25_u20.nr1[nsmm_rsh] = 1.916197861015626e-01
@n.xbgr.xr25_u20.nr1[nsmm_w] = 3.023012362978602e-01
@n.xbgr.xr25_u20.nr1[nsmm_l] = 7.609262655859830e-01
@n.xbgr.xr25_u21.nr1[nsmm_rsh] = 1.525731847695741e+00
@n.xbgr.xr25_u21.nr1[nsmm_w] = 4.404480129331796e-01
@n.xbgr.xr25_u21.nr1[nsmm_l] = 1.569057444200144e-02
@n.xbgr.xr25_u22.nr1[nsmm_rsh] = -1.09901774854270e+00
@n.xbgr.xr25_u22.nr1[nsmm_w] = -1.42153374270383e+00
@n.xbgr.xr25_u22.nr1[nsmm_l] = -1.34900139947725e+00
@n.xbgr.xr25_u23.nr1[nsmm_rsh] = -3.03173014738767e+00
@n.xbgr.xr25_u23.nr1[nsmm_w] = -4.43457767947887e-01
@n.xbgr.xr25_u23.nr1[nsmm_l] = 1.008319803619556e+00
@n.xbgr.xr25_u24.nr1[nsmm_rsh] = 1.449796512025339e+00
@n.xbgr.xr25_u24.nr1[nsmm_w] = -5.74225684930557e-02
@n.xbgr.xr25_u24.nr1[nsmm_l] = 3.387996010151966e-01
@n.xbgr.xr26_u2.nr1[nsmm_rsh] = 7.695437592918006e-01
@n.xbgr.xr26_u2.nr1[nsmm_w] = -7.88718098185120e-02
@n.xbgr.xr26_u2.nr1[nsmm_l] = -8.44583729362924e-01
@n.xbgr.xr26_u3.nr1[nsmm_rsh] = -1.05012115823687e+00
@n.xbgr.xr26_u3.nr1[nsmm_w] = -2.50834626594087e-01
@n.xbgr.xr26_u3.nr1[nsmm_l] = -2.77712579483206e-01
@n.xbgr.xr26_u4.nr1[nsmm_rsh] = 7.896547906787442e-01
@n.xbgr.xr26_u4.nr1[nsmm_w] = 4.728958422571466e-01
@n.xbgr.xr26_u4.nr1[nsmm_l] = -9.07975595329528e-01
@n.xbgr.xr26_u5.nr1[nsmm_rsh] = 5.845456886112724e-01
@n.xbgr.xr26_u5.nr1[nsmm_w] = 1.638772455874328e+00
@n.xbgr.xr26_u5.nr1[nsmm_l] = 4.296726302869432e-01
@n.xbgr.xr26_u6.nr1[nsmm_rsh] = 5.071222688089675e-01
@n.xbgr.xr26_u6.nr1[nsmm_w] = 1.597190840427459e-01
@n.xbgr.xr26_u6.nr1[nsmm_l] = -1.68874521027497e+00
@n.xbgr.xr26_u7.nr1[nsmm_rsh] = -9.64007928042350e-01
@n.xbgr.xr26_u7.nr1[nsmm_w] = 9.704754763265075e-01
@n.xbgr.xr26_u7.nr1[nsmm_l] = -4.98572675438145e-01
@n.xbgr.xr26_u8.nr1[nsmm_rsh] = -3.94674068853818e-01
@n.xbgr.xr26_u8.nr1[nsmm_w] = -4.13720721273086e-01
@n.xbgr.xr26_u8.nr1[nsmm_l] = 5.363224672764234e-01
@n.xbgr.xr26_u9.nr1[nsmm_rsh] = -3.14894063730538e-01
@n.xbgr.xr26_u9.nr1[nsmm_w] = 7.156884854165853e-01
@n.xbgr.xr26_u9.nr1[nsmm_l] = 1.147804903980614e-01
@n.xbgr.xr26_u10.nr1[nsmm_rsh] = -4.70037664093312e-01
@n.xbgr.xr26_u10.nr1[nsmm_w] = 2.277679789282691e+00
@n.xbgr.xr26_u10.nr1[nsmm_l] = 1.453018163220905e+00
@n.xbgr.xr26_u11.nr1[nsmm_rsh] = 9.226664650878108e-02
@n.xbgr.xr26_u11.nr1[nsmm_w] = 6.773386832992803e-01
@n.xbgr.xr26_u11.nr1[nsmm_l] = 1.537577951656284e-01
@n.xbgr.xr26_u12.nr1[nsmm_rsh] = -6.09656263294163e-01
@n.xbgr.xr26_u12.nr1[nsmm_w] = 5.429023578608597e-02
@n.xbgr.xr26_u12.nr1[nsmm_l] = 1.121014221625135e-01
@n.xbgr.xr26_u13.nr1[nsmm_rsh] = 4.673414431425167e-01
@n.xbgr.xr26_u13.nr1[nsmm_w] = -8.33490759928197e-01
@n.xbgr.xr26_u13.nr1[nsmm_l] = 1.986844737449985e-01
@n.xbgr.xr26_u14.nr1[nsmm_rsh] = 1.003925141761666e-01
@n.xbgr.xr26_u14.nr1[nsmm_w] = -4.76359582004303e-01
@n.xbgr.xr26_u14.nr1[nsmm_l] = 8.076216854768401e-01
@n.xbgr.xr26_u15.nr1[nsmm_rsh] = -6.13521664126441e-01
@n.xbgr.xr26_u15.nr1[nsmm_w] = 1.326438043871279e+00
@n.xbgr.xr26_u15.nr1[nsmm_l] = 2.404176793208567e+00
@n.xbgr.xr26_u16.nr1[nsmm_rsh] = -4.01481580703118e-01
@n.xbgr.xr26_u16.nr1[nsmm_w] = -3.03758228642671e-01
@n.xbgr.xr26_u16.nr1[nsmm_l] = 2.797050310453376e-01
@n.xbgr.xr26_u17.nr1[nsmm_rsh] = -4.05370810603672e-01
@n.xbgr.xr26_u17.nr1[nsmm_w] = -1.59182885674850e-01
@n.xbgr.xr26_u17.nr1[nsmm_l] = 5.504043214081210e-01
@n.xbgr.xr26_u18.nr1[nsmm_rsh] = -5.45633181803084e-01
@n.xbgr.xr26_u18.nr1[nsmm_w] = -1.29474122439580e+00
@n.xbgr.xr26_u18.nr1[nsmm_l] = -5.62112085961399e-01
@n.xbgr.xr26_u19.nr1[nsmm_rsh] = -1.40383380752045e+00
@n.xbgr.xr26_u19.nr1[nsmm_w] = -8.14752530986944e-01
@n.xbgr.xr26_u19.nr1[nsmm_l] = -3.70555802572892e-01
@n.xbgr.xr26_u20.nr1[nsmm_rsh] = 1.079956920883677e+00
@n.xbgr.xr26_u20.nr1[nsmm_w] = -5.95252332786660e-02
@n.xbgr.xr26_u20.nr1[nsmm_l] = 5.558237698381224e-01
@n.xbgr.xr26_u21.nr1[nsmm_rsh] = 9.980776976086300e-01
@n.xbgr.xr26_u21.nr1[nsmm_w] = -2.94136396284920e-01
@n.xbgr.xr26_u21.nr1[nsmm_l] = -5.78583004745872e-01
@n.xbgr.xr26_u22.nr1[nsmm_rsh] = -1.29988702181916e+00
@n.xbgr.xr26_u22.nr1[nsmm_w] = 1.245182526494416e+00
@n.xbgr.xr26_u22.nr1[nsmm_l] = 6.843437310613181e-01
@n.xbgr.xr26_u23.nr1[nsmm_rsh] = 8.434459331320919e-01
@n.xbgr.xr26_u23.nr1[nsmm_w] = -1.30568620032504e-01
@n.xbgr.xr26_u23.nr1[nsmm_l] = 3.535480551115063e-02
@n.xbgr.xr26_u24.nr1[nsmm_rsh] = -5.95965339588577e-01
@n.xbgr.xr26_u24.nr1[nsmm_w] = -2.27446610202539e-01
@n.xbgr.xr26_u24.nr1[nsmm_l] = -4.64359841838170e-01
@n.xbgr.xm34_u2.nsg13_hv_nmos[w] = 1.000117462389418e-05
@n.xbgr.xm34_u2.nsg13_hv_nmos[l] = 1.003558871499451e-06
@n.xbgr.xm34_u2.nsg13_hv_nmos[delvto] = 2.773921714307265e-03
@n.xbgr.xm34_u2.nsg13_hv_nmos[factuo] = 9.999560422906280e-01
@n.xbgr.xm34_u3.nsg13_hv_nmos[w] = 9.997179030562464e-06
@n.xbgr.xm34_u3.nsg13_hv_nmos[l] = 9.996246418677497e-07
@n.xbgr.xm34_u3.nsg13_hv_nmos[delvto] = -3.91262622301103e-03
@n.xbgr.xm34_u3.nsg13_hv_nmos[factuo] = 9.968772766424164e-01
@n.xbgr.xm34_u4.nsg13_hv_nmos[w] = 9.992774841956541e-06
@n.xbgr.xm34_u4.nsg13_hv_nmos[l] = 9.994319801191742e-07
@n.xbgr.xm34_u4.nsg13_hv_nmos[delvto] = -2.90539178405957e-03
@n.xbgr.xm34_u4.nsg13_hv_nmos[factuo] = 1.000613171937827e+00
@n.xbgr.xm34_u5.nsg13_hv_nmos[w] = 9.998569837725146e-06
@n.xbgr.xm34_u5.nsg13_hv_nmos[l] = 9.975614268520474e-07
@n.xbgr.xm34_u5.nsg13_hv_nmos[delvto] = 5.748435747626087e-03
@n.xbgr.xm34_u5.nsg13_hv_nmos[factuo] = 9.997338767894576e-01
@n.xbgr.xm34_u6.nsg13_hv_nmos[w] = 1.000232655624070e-05
@n.xbgr.xm34_u6.nsg13_hv_nmos[l] = 9.998063547223689e-07
@n.xbgr.xm34_u6.nsg13_hv_nmos[delvto] = -2.06334606194438e-03
@n.xbgr.xm34_u6.nsg13_hv_nmos[factuo] = 1.000929976365574e+00
@n.xbgr.xm34_u7.nsg13_hv_nmos[w] = 9.998762636615431e-06
@n.xbgr.xm34_u7.nsg13_hv_nmos[l] = 9.972812100856276e-07
@n.xbgr.xm34_u7.nsg13_hv_nmos[delvto] = -2.31709794821745e-04
@n.xbgr.xm34_u7.nsg13_hv_nmos[factuo] = 1.000097927732239e+00
@n.xbgr.xm34_u8.nsg13_hv_nmos[w] = 1.000282013871286e-05
@n.xbgr.xm34_u8.nsg13_hv_nmos[l] = 1.004702548698793e-06
@n.xbgr.xm34_u8.nsg13_hv_nmos[delvto] = -2.38092269968643e-03
@n.xbgr.xm34_u8.nsg13_hv_nmos[factuo] = 9.974963989801999e-01
@n.xbgr.xm34_u9.nsg13_hv_nmos[w] = 9.999679426441396e-06
@n.xbgr.xm34_u9.nsg13_hv_nmos[l] = 9.989975693022252e-07
@n.xbgr.xm34_u9.nsg13_hv_nmos[delvto] = -2.36669897048969e-03
@n.xbgr.xm34_u9.nsg13_hv_nmos[factuo] = 1.000996459640927e+00
@n.xbgr.xm34_u10.nsg13_hv_nmos[w] = 9.995355172291903e-06
@n.xbgr.xm34_u10.nsg13_hv_nmos[l] = 1.005010176486264e-06
@n.xbgr.xm34_u10.nsg13_hv_nmos[delvto] = 7.482014293985175e-04
@n.xbgr.xm34_u10.nsg13_hv_nmos[factuo] = 9.979018260870958e-01
@n.xbgr.xm34_u11.nsg13_hv_nmos[w] = 9.997392708053347e-06
@n.xbgr.xm34_u11.nsg13_hv_nmos[l] = 9.964089567241632e-07
@n.xbgr.xm34_u11.nsg13_hv_nmos[delvto] = -1.34262612359383e-04
@n.xbgr.xm34_u11.nsg13_hv_nmos[factuo] = 9.979733458646852e-01
@n.xbgr.xm34_u12.nsg13_hv_nmos[w] = 9.995072717360979e-06
@n.xbgr.xm34_u12.nsg13_hv_nmos[l] = 9.954987763392861e-07
@n.xbgr.xm34_u12.nsg13_hv_nmos[delvto] = 8.396210878532235e-04
@n.xbgr.xm34_u12.nsg13_hv_nmos[factuo] = 9.997050302225714e-01
@n.xbgr.xm34_u13.nsg13_hv_nmos[w] = 1.000062801896991e-05
@n.xbgr.xm34_u13.nsg13_hv_nmos[l] = 1.003957695734915e-06
@n.xbgr.xm34_u13.nsg13_hv_nmos[delvto] = 1.496476876627373e-03
@n.xbgr.xm34_u13.nsg13_hv_nmos[factuo] = 9.963488347324292e-01
@n.xbgr.xm34_u14.nsg13_hv_nmos[w] = 9.996719215335031e-06
@n.xbgr.xm34_u14.nsg13_hv_nmos[l] = 1.003237200286331e-06
@n.xbgr.xm34_u14.nsg13_hv_nmos[delvto] = -7.44421639406849e-04
@n.xbgr.xm34_u14.nsg13_hv_nmos[factuo] = 1.000632652525055e+00
@n.xbgr.xm34_u15.nsg13_hv_nmos[w] = 9.999427255719386e-06
@n.xbgr.xm34_u15.nsg13_hv_nmos[l] = 9.980105552425998e-07
@n.xbgr.xm34_u15.nsg13_hv_nmos[delvto] = 2.095754594642578e-03
@n.xbgr.xm34_u15.nsg13_hv_nmos[factuo] = 9.981177135770616e-01
@n.xbgr.xm34_u16.nsg13_hv_nmos[w] = 1.000573324256421e-05
@n.xbgr.xm34_u16.nsg13_hv_nmos[l] = 9.929333912054057e-07
@n.xbgr.xm34_u16.nsg13_hv_nmos[delvto] = 3.313602808872364e-04
@n.xbgr.xm34_u16.nsg13_hv_nmos[factuo] = 1.000235431742602e+00
@n.xbgr.xm34_u17.nsg13_hv_nmos[w] = 9.994815185672535e-06
@n.xbgr.xm34_u17.nsg13_hv_nmos[l] = 1.002027270980196e-06
@n.xbgr.xm34_u17.nsg13_hv_nmos[delvto] = 2.705417703284719e-03
@n.xbgr.xm34_u17.nsg13_hv_nmos[factuo] = 1.001660970155438e+00
@n.xbgr.xm34_u18.nsg13_hv_nmos[w] = 9.995655998936162e-06
@n.xbgr.xm34_u18.nsg13_hv_nmos[l] = 1.001692303902962e-06
@n.xbgr.xm34_u18.nsg13_hv_nmos[delvto] = -1.18787263928444e-03
@n.xbgr.xm34_u18.nsg13_hv_nmos[factuo] = 9.996690628440598e-01
@n.xbgr.xm34_u19.nsg13_hv_nmos[w] = 9.998527962886376e-06
@n.xbgr.xm34_u19.nsg13_hv_nmos[l] = 1.000198527620325e-06
@n.xbgr.xm34_u19.nsg13_hv_nmos[delvto] = -1.46516470387923e-03
@n.xbgr.xm34_u19.nsg13_hv_nmos[factuo] = 1.001364962280811e+00
@n.xbgr.xm34_u20.nsg13_hv_nmos[w] = 9.997745829357727e-06
@n.xbgr.xm34_u20.nsg13_hv_nmos[l] = 1.000687550011792e-06
@n.xbgr.xm34_u20.nsg13_hv_nmos[delvto] = 5.735698690488568e-04
@n.xbgr.xm34_u20.nsg13_hv_nmos[factuo] = 9.978291106886625e-01
@n.xbgr.xm34_u21.nsg13_hv_nmos[w] = 1.000263937866576e-05
@n.xbgr.xm34_u21.nsg13_hv_nmos[l] = 9.986595923930720e-07
@n.xbgr.xm34_u21.nsg13_hv_nmos[delvto] = 2.935836227652961e-03
@n.xbgr.xm34_u21.nsg13_hv_nmos[factuo] = 9.990779889355280e-01
@n.xbgr.xm34_u22.nsg13_hv_nmos[w] = 1.000254854581722e-05
@n.xbgr.xm34_u22.nsg13_hv_nmos[l] = 9.957780558417917e-07
@n.xbgr.xm34_u22.nsg13_hv_nmos[delvto] = 1.398608610655288e-03
@n.xbgr.xm34_u22.nsg13_hv_nmos[factuo] = 1.001394472691325e+00
@n.xbgr.xm34_u23.nsg13_hv_nmos[w] = 9.997426481063394e-06
@n.xbgr.xm34_u23.nsg13_hv_nmos[l] = 9.968518305082233e-07
@n.xbgr.xm34_u23.nsg13_hv_nmos[delvto] = 1.604962538478815e-03
@n.xbgr.xm34_u23.nsg13_hv_nmos[factuo] = 9.986978024311778e-01
@n.xbgr.xm34_u24.nsg13_hv_nmos[w] = 9.996281459813647e-06
@n.xbgr.xm34_u24.nsg13_hv_nmos[l] = 1.006446660469934e-06
@n.xbgr.xm34_u24.nsg13_hv_nmos[delvto] = -1.29164443943225e-03
@n.xbgr.xm34_u24.nsg13_hv_nmos[factuo] = 9.979382092129920e-01
@n.xbgr.xm35_u2.nsg13_hv_nmos[w] = 1.000162151749829e-05
@n.xbgr.xm35_u2.nsg13_hv_nmos[l] = 9.965365584876660e-07
@n.xbgr.xm35_u2.nsg13_hv_nmos[delvto] = -2.61364712511275e-03
@n.xbgr.xm35_u2.nsg13_hv_nmos[factuo] = 9.992863727317124e-01
@n.xbgr.xm35_u3.nsg13_hv_nmos[w] = 1.000183193366276e-05
@n.xbgr.xm35_u3.nsg13_hv_nmos[l] = 9.902047643746803e-07
@n.xbgr.xm35_u3.nsg13_hv_nmos[delvto] = -2.20474113463537e-03
@n.xbgr.xm35_u3.nsg13_hv_nmos[factuo] = 1.000677919858350e+00
@n.xbgr.xm35_u4.nsg13_hv_nmos[w] = 1.000152595201614e-05
@n.xbgr.xm35_u4.nsg13_hv_nmos[l] = 9.983451723319897e-07
@n.xbgr.xm35_u4.nsg13_hv_nmos[delvto] = -7.97864269689237e-04
@n.xbgr.xm35_u4.nsg13_hv_nmos[factuo] = 1.000687146003661e+00
@n.xbgr.xm35_u5.nsg13_hv_nmos[w] = 9.995555398715108e-06
@n.xbgr.xm35_u5.nsg13_hv_nmos[l] = 1.001334146934367e-06
@n.xbgr.xm35_u5.nsg13_hv_nmos[delvto] = 1.967450346577877e-03
@n.xbgr.xm35_u5.nsg13_hv_nmos[factuo] = 9.994929058446570e-01
@n.xbgr.xm35_u6.nsg13_hv_nmos[w] = 9.997100860091820e-06
@n.xbgr.xm35_u6.nsg13_hv_nmos[l] = 1.002008120511620e-06
@n.xbgr.xm35_u6.nsg13_hv_nmos[delvto] = -5.24300541475454e-04
@n.xbgr.xm35_u6.nsg13_hv_nmos[factuo] = 9.992716859882171e-01
@n.xbgr.xm35_u7.nsg13_hv_nmos[w] = 1.000112790890578e-05
@n.xbgr.xm35_u7.nsg13_hv_nmos[l] = 1.003380177235539e-06
@n.xbgr.xm35_u7.nsg13_hv_nmos[delvto] = 6.449964462880874e-04
@n.xbgr.xm35_u7.nsg13_hv_nmos[factuo] = 9.991948715524016e-01
@n.xbgr.xm35_u8.nsg13_hv_nmos[w] = 1.000462432392889e-05
@n.xbgr.xm35_u8.nsg13_hv_nmos[l] = 9.977782937584097e-07
@n.xbgr.xm35_u8.nsg13_hv_nmos[delvto] = -3.63627324374703e-04
@n.xbgr.xm35_u8.nsg13_hv_nmos[factuo] = 9.969271416189176e-01
@n.xbgr.xm35_u9.nsg13_hv_nmos[w] = 9.997318002406300e-06
@n.xbgr.xm35_u9.nsg13_hv_nmos[l] = 1.000252224048392e-06
@n.xbgr.xm35_u9.nsg13_hv_nmos[delvto] = 8.794830433245441e-04
@n.xbgr.xm35_u9.nsg13_hv_nmos[factuo] = 1.000281959884242e+00
@n.xbgr.xm35_u10.nsg13_hv_nmos[w] = 9.997841235131723e-06
@n.xbgr.xm35_u10.nsg13_hv_nmos[l] = 1.002828675833047e-06
@n.xbgr.xm35_u10.nsg13_hv_nmos[delvto] = 1.413376213839709e-03
@n.xbgr.xm35_u10.nsg13_hv_nmos[factuo] = 9.996158232626896e-01
@n.xbgr.xm35_u11.nsg13_hv_nmos[w] = 1.000449532500215e-05
@n.xbgr.xm35_u11.nsg13_hv_nmos[l] = 1.003462992329177e-06
@n.xbgr.xm35_u11.nsg13_hv_nmos[delvto] = -2.26171579334817e-03
@n.xbgr.xm35_u11.nsg13_hv_nmos[factuo] = 1.001214815620636e+00
@n.xbgr.xm35_u12.nsg13_hv_nmos[w] = 1.000280375213873e-05
@n.xbgr.xm35_u12.nsg13_hv_nmos[l] = 1.004032752430280e-06
@n.xbgr.xm35_u12.nsg13_hv_nmos[delvto] = 4.295806784473571e-05
@n.xbgr.xm35_u12.nsg13_hv_nmos[factuo] = 9.984240161777835e-01
@n.xbgr.xm35_u13.nsg13_hv_nmos[w] = 1.000507388312164e-05
@n.xbgr.xm35_u13.nsg13_hv_nmos[l] = 1.002699667251823e-06
@n.xbgr.xm35_u13.nsg13_hv_nmos[delvto] = 1.174541778846435e-03
@n.xbgr.xm35_u13.nsg13_hv_nmos[factuo] = 1.000871466710462e+00
@n.xbgr.xm35_u14.nsg13_hv_nmos[w] = 1.000040567352880e-05
@n.xbgr.xm35_u14.nsg13_hv_nmos[l] = 9.978217118767472e-07
@n.xbgr.xm35_u14.nsg13_hv_nmos[delvto] = 4.783779031111050e-04
@n.xbgr.xm35_u14.nsg13_hv_nmos[factuo] = 9.988280699662908e-01
@n.xbgr.xm35_u15.nsg13_hv_nmos[w] = 1.000627382772114e-05
@n.xbgr.xm35_u15.nsg13_hv_nmos[l] = 1.001711277631680e-06
@n.xbgr.xm35_u15.nsg13_hv_nmos[delvto] = -8.91200995419596e-04
@n.xbgr.xm35_u15.nsg13_hv_nmos[factuo] = 1.000333345501832e+00
@n.xbgr.xm35_u16.nsg13_hv_nmos[w] = 9.997291913245567e-06
@n.xbgr.xm35_u16.nsg13_hv_nmos[l] = 9.976777282303369e-07
@n.xbgr.xm35_u16.nsg13_hv_nmos[delvto] = 2.137306759909066e-03
@n.xbgr.xm35_u16.nsg13_hv_nmos[factuo] = 9.961175438315542e-01
@n.xbgr.xm35_u17.nsg13_hv_nmos[w] = 1.000148274920946e-05
@n.xbgr.xm35_u17.nsg13_hv_nmos[l] = 9.935133167841650e-07
@n.xbgr.xm35_u17.nsg13_hv_nmos[delvto] = 4.532958180531392e-04
@n.xbgr.xm35_u17.nsg13_hv_nmos[factuo] = 1.000843474350763e+00
@n.xbgr.xm35_u18.nsg13_hv_nmos[w] = 9.997062127347139e-06
@n.xbgr.xm35_u18.nsg13_hv_nmos[l] = 9.983739848643322e-07
@n.xbgr.xm35_u18.nsg13_hv_nmos[delvto] = -2.04382376924664e-03
@n.xbgr.xm35_u18.nsg13_hv_nmos[factuo] = 1.002457739551466e+00
@n.xbgr.xm35_u19.nsg13_hv_nmos[w] = 1.000013087804511e-05
@n.xbgr.xm35_u19.nsg13_hv_nmos[l] = 9.962092869951480e-07
@n.xbgr.xm35_u19.nsg13_hv_nmos[delvto] = -1.16403507847140e-03
@n.xbgr.xm35_u19.nsg13_hv_nmos[factuo] = 9.979378071832852e-01
@n.xbgr.xm35_u20.nsg13_hv_nmos[w] = 9.998740237940212e-06
@n.xbgr.xm35_u20.nsg13_hv_nmos[l] = 1.000168543550775e-06
@n.xbgr.xm35_u20.nsg13_hv_nmos[delvto] = -8.54593231245676e-04
@n.xbgr.xm35_u20.nsg13_hv_nmos[factuo] = 1.003024138950039e+00
@n.xbgr.xm35_u21.nsg13_hv_nmos[w] = 1.000322053714863e-05
@n.xbgr.xm35_u21.nsg13_hv_nmos[l] = 9.942947287233764e-07
@n.xbgr.xm35_u21.nsg13_hv_nmos[delvto] = 2.169604834230331e-03
@n.xbgr.xm35_u21.nsg13_hv_nmos[factuo] = 1.000409256132297e+00
@n.xbgr.xm35_u22.nsg13_hv_nmos[w] = 1.000238893519431e-05
@n.xbgr.xm35_u22.nsg13_hv_nmos[l] = 1.001454127236560e-06
@n.xbgr.xm35_u22.nsg13_hv_nmos[delvto] = 1.154909042032646e-03
@n.xbgr.xm35_u22.nsg13_hv_nmos[factuo] = 9.994643799991901e-01
@n.xbgr.xm35_u23.nsg13_hv_nmos[w] = 1.000073073402095e-05
@n.xbgr.xm35_u23.nsg13_hv_nmos[l] = 1.000193410773340e-06
@n.xbgr.xm35_u23.nsg13_hv_nmos[delvto] = -6.52555020854463e-04
@n.xbgr.xm35_u23.nsg13_hv_nmos[factuo] = 9.990837637663300e-01
@n.xbgr.xm35_u24.nsg13_hv_nmos[w] = 9.995694463370175e-06
@n.xbgr.xm35_u24.nsg13_hv_nmos[l] = 1.004529801311501e-06
@n.xbgr.xm35_u24.nsg13_hv_nmos[delvto] = -1.47026408805177e-03
@n.xbgr.xm35_u24.nsg13_hv_nmos[factuo] = 9.977839449046135e-01
@n.xbgr.xm36_u2.nsg13_hv_nmos[w] = 9.998243364577596e-06
@n.xbgr.xm36_u2.nsg13_hv_nmos[l] = 9.951656627239215e-07
@n.xbgr.xm36_u2.nsg13_hv_nmos[delvto] = 2.744463616424713e-03
@n.xbgr.xm36_u2.nsg13_hv_nmos[factuo] = 1.000090531946038e+00
@n.xbgr.xm36_u3.nsg13_hv_nmos[w] = 1.000284631343768e-05
@n.xbgr.xm36_u3.nsg13_hv_nmos[l] = 1.001952161799149e-06
@n.xbgr.xm36_u3.nsg13_hv_nmos[delvto] = 2.601670315302509e-04
@n.xbgr.xm36_u3.nsg13_hv_nmos[factuo] = 1.000877530891703e+00
@n.xbgr.xm36_u4.nsg13_hv_nmos[w] = 9.996757912930137e-06
@n.xbgr.xm36_u4.nsg13_hv_nmos[l] = 9.979942401406433e-07
@n.xbgr.xm36_u4.nsg13_hv_nmos[delvto] = 2.753139944022103e-03
@n.xbgr.xm36_u4.nsg13_hv_nmos[factuo] = 1.001073259238840e+00
@n.xbgr.xm36_u5.nsg13_hv_nmos[w] = 1.000132127027824e-05
@n.xbgr.xm36_u5.nsg13_hv_nmos[l] = 1.000904695281229e-06
@n.xbgr.xm36_u5.nsg13_hv_nmos[delvto] = -1.73443214991532e-03
@n.xbgr.xm36_u5.nsg13_hv_nmos[factuo] = 9.998268449159368e-01
@n.xbgr.xm36_u6.nsg13_hv_nmos[w] = 1.000378587063309e-05
@n.xbgr.xm36_u6.nsg13_hv_nmos[l] = 1.000789023988240e-06
@n.xbgr.xm36_u6.nsg13_hv_nmos[delvto] = -1.62544097882087e-03
@n.xbgr.xm36_u6.nsg13_hv_nmos[factuo] = 1.002449250473587e+00
@n.xbgr.xm36_u7.nsg13_hv_nmos[w] = 9.999150484649871e-06
@n.xbgr.xm36_u7.nsg13_hv_nmos[l] = 9.967461015098617e-07
@n.xbgr.xm36_u7.nsg13_hv_nmos[delvto] = -4.24480011548189e-03
@n.xbgr.xm36_u7.nsg13_hv_nmos[factuo] = 9.997668935511422e-01
@n.xbgr.xm36_u8.nsg13_hv_nmos[w] = 1.000131416048009e-05
@n.xbgr.xm36_u8.nsg13_hv_nmos[l] = 9.984277350734352e-07
@n.xbgr.xm36_u8.nsg13_hv_nmos[delvto] = 2.190878939047467e-03
@n.xbgr.xm36_u8.nsg13_hv_nmos[factuo] = 9.992391951030710e-01
@n.xbgr.xm36_u9.nsg13_hv_nmos[w] = 9.999368712462230e-06
@n.xbgr.xm36_u9.nsg13_hv_nmos[l] = 9.979045846153297e-07
@n.xbgr.xm36_u9.nsg13_hv_nmos[delvto] = -4.55579438999881e-03
@n.xbgr.xm36_u9.nsg13_hv_nmos[factuo] = 9.993136710696000e-01
@n.xbgr.xm36_u10.nsg13_hv_nmos[w] = 9.999565013026260e-06
@n.xbgr.xm36_u10.nsg13_hv_nmos[l] = 1.000494570110162e-06
@n.xbgr.xm36_u10.nsg13_hv_nmos[delvto] = -8.57428428865439e-04
@n.xbgr.xm36_u10.nsg13_hv_nmos[factuo] = 9.992448189531123e-01
@n.xbgr.xm36_u11.nsg13_hv_nmos[w] = 9.999047445726379e-06
@n.xbgr.xm36_u11.nsg13_hv_nmos[l] = 9.999523501420369e-07
@n.xbgr.xm36_u11.nsg13_hv_nmos[delvto] = -2.42876362602139e-03
@n.xbgr.xm36_u11.nsg13_hv_nmos[factuo] = 1.000947413964465e+00
@n.xbgr.xm36_u12.nsg13_hv_nmos[w] = 9.998169442118639e-06
@n.xbgr.xm36_u12.nsg13_hv_nmos[l] = 9.963307830136081e-07
@n.xbgr.xm36_u12.nsg13_hv_nmos[delvto] = -2.35797789464165e-03
@n.xbgr.xm36_u12.nsg13_hv_nmos[factuo] = 9.997982741645906e-01
@n.xbgr.xm36_u13.nsg13_hv_nmos[w] = 9.997937018889215e-06
@n.xbgr.xm36_u13.nsg13_hv_nmos[l] = 9.970594546266085e-07
@n.xbgr.xm36_u13.nsg13_hv_nmos[delvto] = -4.12834573792901e-03
@n.xbgr.xm36_u13.nsg13_hv_nmos[factuo] = 9.980207301616144e-01
@n.xbgr.xm36_u14.nsg13_hv_nmos[w] = 9.994291285004615e-06
@n.xbgr.xm36_u14.nsg13_hv_nmos[l] = 1.001904284583253e-06
@n.xbgr.xm36_u14.nsg13_hv_nmos[delvto] = 2.281326862965312e-03
@n.xbgr.xm36_u14.nsg13_hv_nmos[factuo] = 1.001161811113240e+00
@n.xbgr.xm36_u15.nsg13_hv_nmos[w] = 9.994333094392254e-06
@n.xbgr.xm36_u15.nsg13_hv_nmos[l] = 9.984992908295928e-07
@n.xbgr.xm36_u15.nsg13_hv_nmos[delvto] = 5.795513689844327e-05
@n.xbgr.xm36_u15.nsg13_hv_nmos[factuo] = 1.000548933605782e+00
@n.xbgr.xm36_u16.nsg13_hv_nmos[w] = 1.000451129535544e-05
@n.xbgr.xm36_u16.nsg13_hv_nmos[l] = 1.003860435456869e-06
@n.xbgr.xm36_u16.nsg13_hv_nmos[delvto] = -3.58253741829345e-03
@n.xbgr.xm36_u16.nsg13_hv_nmos[factuo] = 1.000887331302102e+00
@n.xbgr.xm36_u17.nsg13_hv_nmos[w] = 1.000096582552551e-05
@n.xbgr.xm36_u17.nsg13_hv_nmos[l] = 1.002813093802055e-06
@n.xbgr.xm36_u17.nsg13_hv_nmos[delvto] = -1.25181539052876e-04
@n.xbgr.xm36_u17.nsg13_hv_nmos[factuo] = 1.001839271248651e+00
@n.xbgr.xm36_u18.nsg13_hv_nmos[w] = 9.997406273060141e-06
@n.xbgr.xm36_u18.nsg13_hv_nmos[l] = 1.002202996585084e-06
@n.xbgr.xm36_u18.nsg13_hv_nmos[delvto] = 9.045187709482067e-04
@n.xbgr.xm36_u18.nsg13_hv_nmos[factuo] = 9.998081909528248e-01
@n.xbgr.xm36_u19.nsg13_hv_nmos[w] = 1.000101109031590e-05
@n.xbgr.xm36_u19.nsg13_hv_nmos[l] = 1.003074228446078e-06
@n.xbgr.xm36_u19.nsg13_hv_nmos[delvto] = 2.918608857589881e-03
@n.xbgr.xm36_u19.nsg13_hv_nmos[factuo] = 1.001802740422160e+00
@n.xbgr.xm36_u20.nsg13_hv_nmos[w] = 1.000198310523437e-05
@n.xbgr.xm36_u20.nsg13_hv_nmos[l] = 1.000278338632766e-06
@n.xbgr.xm36_u20.nsg13_hv_nmos[delvto] = -1.31426551136058e-03
@n.xbgr.xm36_u20.nsg13_hv_nmos[factuo] = 1.001714108333992e+00
@n.xbgr.xm36_u21.nsg13_hv_nmos[w] = 9.997220325859864e-06
@n.xbgr.xm36_u21.nsg13_hv_nmos[l] = 9.992635692363421e-07
@n.xbgr.xm36_u21.nsg13_hv_nmos[delvto] = 1.308744451792372e-03
@n.xbgr.xm36_u21.nsg13_hv_nmos[factuo] = 1.000976959661964e+00
@n.xbgr.xm36_u22.nsg13_hv_nmos[w] = 1.000228775026984e-05
@n.xbgr.xm36_u22.nsg13_hv_nmos[l] = 9.938755956885666e-07
@n.xbgr.xm36_u22.nsg13_hv_nmos[delvto] = 1.377505059787323e-03
@n.xbgr.xm36_u22.nsg13_hv_nmos[factuo] = 1.001383207953154e+00
@n.xbgr.xm36_u23.nsg13_hv_nmos[w] = 9.995063135737615e-06
@n.xbgr.xm36_u23.nsg13_hv_nmos[l] = 1.000617344360694e-06
@n.xbgr.xm36_u23.nsg13_hv_nmos[delvto] = 1.448566947224484e-03
@n.xbgr.xm36_u23.nsg13_hv_nmos[factuo] = 9.988184086487080e-01
@n.xbgr.xm36_u24.nsg13_hv_nmos[w] = 1.000609096438456e-05
@n.xbgr.xm36_u24.nsg13_hv_nmos[l] = 1.005412863686612e-06
@n.xbgr.xm36_u24.nsg13_hv_nmos[delvto] = 1.258200795925179e-03
@n.xbgr.xm36_u24.nsg13_hv_nmos[factuo] = 9.983870606205428e-01
@n.xbgr.xm37_u2.nsg13_hv_nmos[w] = 1.000140121388717e-05
@n.xbgr.xm37_u2.nsg13_hv_nmos[l] = 9.979977211696818e-07
@n.xbgr.xm37_u2.nsg13_hv_nmos[delvto] = 4.349548702076153e-04
@n.xbgr.xm37_u2.nsg13_hv_nmos[factuo] = 9.995276218975692e-01
@n.xbgr.xm37_u3.nsg13_hv_nmos[w] = 1.000293274782889e-05
@n.xbgr.xm37_u3.nsg13_hv_nmos[l] = 1.002047863815286e-06
@n.xbgr.xm37_u3.nsg13_hv_nmos[delvto] = -4.84894283315625e-04
@n.xbgr.xm37_u3.nsg13_hv_nmos[factuo] = 1.000396953067535e+00
@n.xbgr.xm37_u4.nsg13_hv_nmos[w] = 9.999498853317775e-06
@n.xbgr.xm37_u4.nsg13_hv_nmos[l] = 9.991156439044364e-07
@n.xbgr.xm37_u4.nsg13_hv_nmos[delvto] = -1.82056315777799e-03
@n.xbgr.xm37_u4.nsg13_hv_nmos[factuo] = 9.985060633206532e-01
@n.xbgr.xm37_u5.nsg13_hv_nmos[w] = 9.999350765279647e-06
@n.xbgr.xm37_u5.nsg13_hv_nmos[l] = 1.004847831378192e-06
@n.xbgr.xm37_u5.nsg13_hv_nmos[delvto] = -1.77638455074988e-03
@n.xbgr.xm37_u5.nsg13_hv_nmos[factuo] = 9.986259157387896e-01
@n.xbgr.xm37_u6.nsg13_hv_nmos[w] = 1.000104651023348e-05
@n.xbgr.xm37_u6.nsg13_hv_nmos[l] = 9.997602521028689e-07
@n.xbgr.xm37_u6.nsg13_hv_nmos[delvto] = 1.535278898296230e-03
@n.xbgr.xm37_u6.nsg13_hv_nmos[factuo] = 9.974042403983088e-01
@n.xbgr.xm37_u7.nsg13_hv_nmos[w] = 9.998095665973464e-06
@n.xbgr.xm37_u7.nsg13_hv_nmos[l] = 9.933090234453126e-07
@n.xbgr.xm37_u7.nsg13_hv_nmos[delvto] = -3.09857033184293e-04
@n.xbgr.xm37_u7.nsg13_hv_nmos[factuo] = 9.999714160594180e-01
@n.xbgr.xm37_u8.nsg13_hv_nmos[w] = 9.998825221324918e-06
@n.xbgr.xm37_u8.nsg13_hv_nmos[l] = 1.002457745560074e-06
@n.xbgr.xm37_u8.nsg13_hv_nmos[delvto] = -2.55873046552991e-03
@n.xbgr.xm37_u8.nsg13_hv_nmos[factuo] = 1.000787856121473e+00
@n.xbgr.xm37_u9.nsg13_hv_nmos[w] = 1.000291530649731e-05
@n.xbgr.xm37_u9.nsg13_hv_nmos[l] = 1.000951686681484e-06
@n.xbgr.xm37_u9.nsg13_hv_nmos[delvto] = 1.377042801143236e-03
@n.xbgr.xm37_u9.nsg13_hv_nmos[factuo] = 1.000576724271901e+00
@n.xbgr.xm37_u10.nsg13_hv_nmos[w] = 1.000278523208538e-05
@n.xbgr.xm37_u10.nsg13_hv_nmos[l] = 1.000819001618494e-06
@n.xbgr.xm37_u10.nsg13_hv_nmos[delvto] = 1.281398494659257e-03
@n.xbgr.xm37_u10.nsg13_hv_nmos[factuo] = 1.001614195505292e+00
@n.xbgr.xm37_u11.nsg13_hv_nmos[w] = 1.000044740176071e-05
@n.xbgr.xm37_u11.nsg13_hv_nmos[l] = 9.975925179718626e-07
@n.xbgr.xm37_u11.nsg13_hv_nmos[delvto] = 2.141974737394097e-03
@n.xbgr.xm37_u11.nsg13_hv_nmos[factuo] = 1.002954013800673e+00
@n.xbgr.xm37_u12.nsg13_hv_nmos[w] = 1.000315203099810e-05
@n.xbgr.xm37_u12.nsg13_hv_nmos[l] = 9.991467805048017e-07
@n.xbgr.xm37_u12.nsg13_hv_nmos[delvto] = 1.495290094595980e-04
@n.xbgr.xm37_u12.nsg13_hv_nmos[factuo] = 1.004021134931556e+00
@n.xbgr.xm37_u13.nsg13_hv_nmos[w] = 9.999925334499115e-06
@n.xbgr.xm37_u13.nsg13_hv_nmos[l] = 1.000423918052529e-06
@n.xbgr.xm37_u13.nsg13_hv_nmos[delvto] = 9.376726367823344e-04
@n.xbgr.xm37_u13.nsg13_hv_nmos[factuo] = 1.000269187884024e+00
@n.xbgr.xm37_u14.nsg13_hv_nmos[w] = 9.997395685263364e-06
@n.xbgr.xm37_u14.nsg13_hv_nmos[l] = 1.003049700911830e-06
@n.xbgr.xm37_u14.nsg13_hv_nmos[delvto] = -5.57715602648042e-04
@n.xbgr.xm37_u14.nsg13_hv_nmos[factuo] = 9.989421370730118e-01
@n.xbgr.xm37_u15.nsg13_hv_nmos[w] = 9.999433111593994e-06
@n.xbgr.xm37_u15.nsg13_hv_nmos[l] = 1.004147320969485e-06
@n.xbgr.xm37_u15.nsg13_hv_nmos[delvto] = -4.86341684880289e-05
@n.xbgr.xm37_u15.nsg13_hv_nmos[factuo] = 1.001719885569551e+00
@n.xbgr.xm37_u16.nsg13_hv_nmos[w] = 1.000096092648388e-05
@n.xbgr.xm37_u16.nsg13_hv_nmos[l] = 1.002215164453596e-06
@n.xbgr.xm37_u16.nsg13_hv_nmos[delvto] = 1.265602499220522e-03
@n.xbgr.xm37_u16.nsg13_hv_nmos[factuo] = 9.970326967608836e-01
@n.xbgr.xm37_u17.nsg13_hv_nmos[w] = 1.000062407176357e-05
@n.xbgr.xm37_u17.nsg13_hv_nmos[l] = 1.008360878664302e-06
@n.xbgr.xm37_u17.nsg13_hv_nmos[delvto] = 1.350600361595756e-03
@n.xbgr.xm37_u17.nsg13_hv_nmos[factuo] = 1.002526112426570e+00
@n.xbgr.xm37_u18.nsg13_hv_nmos[w] = 9.999375794686260e-06
@n.xbgr.xm37_u18.nsg13_hv_nmos[l] = 9.960539316996729e-07
@n.xbgr.xm37_u18.nsg13_hv_nmos[delvto] = -2.42137304892902e-03
@n.xbgr.xm37_u18.nsg13_hv_nmos[factuo] = 9.996314651364617e-01
@n.xbgr.xm37_u19.nsg13_hv_nmos[w] = 1.000174287580514e-05
@n.xbgr.xm37_u19.nsg13_hv_nmos[l] = 1.005270391225653e-06
@n.xbgr.xm37_u19.nsg13_hv_nmos[delvto] = 2.472891495915294e-03
@n.xbgr.xm37_u19.nsg13_hv_nmos[factuo] = 9.988987771777336e-01
@n.xbgr.xm37_u20.nsg13_hv_nmos[w] = 9.999581835299147e-06
@n.xbgr.xm37_u20.nsg13_hv_nmos[l] = 1.001044939275230e-06
@n.xbgr.xm37_u20.nsg13_hv_nmos[delvto] = -1.57118981625878e-03
@n.xbgr.xm37_u20.nsg13_hv_nmos[factuo] = 1.001895677687927e+00
@n.xbgr.xm37_u21.nsg13_hv_nmos[w] = 1.000062602185823e-05
@n.xbgr.xm37_u21.nsg13_hv_nmos[l] = 1.000618284280464e-06
@n.xbgr.xm37_u21.nsg13_hv_nmos[delvto] = -2.58594911923030e-03
@n.xbgr.xm37_u21.nsg13_hv_nmos[factuo] = 9.990513109276292e-01
@n.xbgr.xm37_u22.nsg13_hv_nmos[w] = 9.997980847022990e-06
@n.xbgr.xm37_u22.nsg13_hv_nmos[l] = 1.000987319869835e-06
@n.xbgr.xm37_u22.nsg13_hv_nmos[delvto] = -8.67528108330611e-05
@n.xbgr.xm37_u22.nsg13_hv_nmos[factuo] = 1.001645123882199e+00
@n.xbgr.xm37_u23.nsg13_hv_nmos[w] = 9.996588208210431e-06
@n.xbgr.xm37_u23.nsg13_hv_nmos[l] = 9.978559989825816e-07
@n.xbgr.xm37_u23.nsg13_hv_nmos[delvto] = -8.60721968931104e-04
@n.xbgr.xm37_u23.nsg13_hv_nmos[factuo] = 9.988357984233259e-01
@n.xbgr.xm37_u24.nsg13_hv_nmos[w] = 1.000151905028349e-05
@n.xbgr.xm37_u24.nsg13_hv_nmos[l] = 1.000005332743920e-06
@n.xbgr.xm37_u24.nsg13_hv_nmos[delvto] = -3.14378861430051e-03
@n.xbgr.xm37_u24.nsg13_hv_nmos[factuo] = 1.000561632575992e+00
@n.xbgr.xm38_u2.nsg13_hv_pmos[w] = 4.998170690610989e-06
@n.xbgr.xm38_u2.nsg13_hv_pmos[l] = 3.995581334524677e-06
@n.xbgr.xm38_u2.nsg13_hv_pmos[delvto] = -1.05981612648476e-03
@n.xbgr.xm38_u2.nsg13_hv_pmos[factuo] = 1.000519441247359e+00
@n.xbgr.xm38_u3.nsg13_hv_pmos[w] = 5.000796628619453e-06
@n.xbgr.xm38_u3.nsg13_hv_pmos[l] = 3.995196435910355e-06
@n.xbgr.xm38_u3.nsg13_hv_pmos[delvto] = 2.297530111691825e-03
@n.xbgr.xm38_u3.nsg13_hv_pmos[factuo] = 1.001015573413547e+00
@n.xbgr.xm38_u4.nsg13_hv_pmos[w] = 4.998304302581634e-06
@n.xbgr.xm38_u4.nsg13_hv_pmos[l] = 3.999009124639353e-06
@n.xbgr.xm38_u4.nsg13_hv_pmos[delvto] = 5.216608688050965e-04
@n.xbgr.xm38_u4.nsg13_hv_pmos[factuo] = 9.996883098522812e-01
@n.xbgr.xm38_u5.nsg13_hv_pmos[w] = 5.001249880222668e-06
@n.xbgr.xm38_u5.nsg13_hv_pmos[l] = 3.999190375606644e-06
@n.xbgr.xm38_u5.nsg13_hv_pmos[delvto] = -1.29383310229637e-03
@n.xbgr.xm38_u5.nsg13_hv_pmos[factuo] = 1.000514912789046e+00
@n.xbgr.xm38_u6.nsg13_hv_pmos[w] = 4.999777371581680e-06
@n.xbgr.xm38_u6.nsg13_hv_pmos[l] = 3.998630836546403e-06
@n.xbgr.xm38_u6.nsg13_hv_pmos[delvto] = -3.25559206772470e-04
@n.xbgr.xm38_u6.nsg13_hv_pmos[factuo] = 1.000479676937106e+00
@n.xbgr.xm38_u7.nsg13_hv_pmos[w] = 5.003256328438024e-06
@n.xbgr.xm38_u7.nsg13_hv_pmos[l] = 3.999209464678629e-06
@n.xbgr.xm38_u7.nsg13_hv_pmos[delvto] = -4.59298303176179e-04
@n.xbgr.xm38_u7.nsg13_hv_pmos[factuo] = 9.989224532567936e-01
@n.xbgr.xm38_u8.nsg13_hv_pmos[w] = 4.999597111052124e-06
@n.xbgr.xm38_u8.nsg13_hv_pmos[l] = 4.001749266776850e-06
@n.xbgr.xm38_u8.nsg13_hv_pmos[delvto] = 9.176968720396083e-04
@n.xbgr.xm38_u8.nsg13_hv_pmos[factuo] = 9.988811445430976e-01
@n.xbgr.xm38_u9.nsg13_hv_pmos[w] = 4.999391212502877e-06
@n.xbgr.xm38_u9.nsg13_hv_pmos[l] = 4.000635481451689e-06
@n.xbgr.xm38_u9.nsg13_hv_pmos[delvto] = 8.590682371946581e-04
@n.xbgr.xm38_u9.nsg13_hv_pmos[factuo] = 9.995095844034946e-01
@n.xbgr.xm38_u10.nsg13_hv_pmos[w] = 5.000489394365049e-06
@n.xbgr.xm38_u10.nsg13_hv_pmos[l] = 3.997230364910931e-06
@n.xbgr.xm38_u10.nsg13_hv_pmos[delvto] = -3.74303458066226e-04
@n.xbgr.xm38_u10.nsg13_hv_pmos[factuo] = 1.001138283221336e+00
@n.xbgr.xm38_u11.nsg13_hv_pmos[w] = 4.998574161676234e-06
@n.xbgr.xm38_u11.nsg13_hv_pmos[l] = 3.994402894642414e-06
@n.xbgr.xm38_u11.nsg13_hv_pmos[delvto] = 8.290263480212589e-04
@n.xbgr.xm38_u11.nsg13_hv_pmos[factuo] = 1.000756248858982e+00
@n.xbgr.xm38_u12.nsg13_hv_pmos[w] = 4.999439580017144e-06
@n.xbgr.xm38_u12.nsg13_hv_pmos[l] = 4.001455238335709e-06
@n.xbgr.xm38_u12.nsg13_hv_pmos[delvto] = -2.86929486303506e-04
@n.xbgr.xm38_u12.nsg13_hv_pmos[factuo] = 1.000292152810451e+00
@n.xbgr.xm38_u13.nsg13_hv_pmos[w] = 4.996538652538135e-06
@n.xbgr.xm38_u13.nsg13_hv_pmos[l] = 4.005156651328416e-06
@n.xbgr.xm38_u13.nsg13_hv_pmos[delvto] = -9.05930888095058e-04
@n.xbgr.xm38_u13.nsg13_hv_pmos[factuo] = 9.997597155825920e-01
@n.xbgr.xm38_u14.nsg13_hv_pmos[w] = 4.999715333223209e-06
@n.xbgr.xm38_u14.nsg13_hv_pmos[l] = 4.000346700544404e-06
@n.xbgr.xm38_u14.nsg13_hv_pmos[delvto] = -1.26795901705165e-04
@n.xbgr.xm38_u14.nsg13_hv_pmos[factuo] = 1.000033644257326e+00
@n.xbgr.xm38_u15.nsg13_hv_pmos[w] = 5.000242046261539e-06
@n.xbgr.xm38_u15.nsg13_hv_pmos[l] = 3.998684010023734e-06
@n.xbgr.xm38_u15.nsg13_hv_pmos[delvto] = 1.440444530782938e-03
@n.xbgr.xm38_u15.nsg13_hv_pmos[factuo] = 9.997213535901656e-01
@n.xbgr.xm38_u16.nsg13_hv_pmos[w] = 5.003094011655354e-06
@n.xbgr.xm38_u16.nsg13_hv_pmos[l] = 3.996021706516446e-06
@n.xbgr.xm38_u16.nsg13_hv_pmos[delvto] = -3.65345002490878e-04
@n.xbgr.xm38_u16.nsg13_hv_pmos[factuo] = 1.000796648474734e+00
@n.xbgr.xm38_u17.nsg13_hv_pmos[w] = 4.997799285074897e-06
@n.xbgr.xm38_u17.nsg13_hv_pmos[l] = 4.001044495420247e-06
@n.xbgr.xm38_u17.nsg13_hv_pmos[delvto] = 2.203612755530572e-04
@n.xbgr.xm38_u17.nsg13_hv_pmos[factuo] = 1.000084418215600e+00
@n.xbgr.xm38_u18.nsg13_hv_pmos[w] = 4.997441749223747e-06
@n.xbgr.xm38_u18.nsg13_hv_pmos[l] = 4.000529876459346e-06
@n.xbgr.xm38_u18.nsg13_hv_pmos[delvto] = 6.092263796681261e-04
@n.xbgr.xm38_u18.nsg13_hv_pmos[factuo] = 1.001239071810288e+00
@n.xbgr.xm38_u19.nsg13_hv_pmos[w] = 5.001416466905252e-06
@n.xbgr.xm38_u19.nsg13_hv_pmos[l] = 4.001572500845422e-06
@n.xbgr.xm38_u19.nsg13_hv_pmos[delvto] = -7.85361604556614e-04
@n.xbgr.xm38_u19.nsg13_hv_pmos[factuo] = 9.992199778284436e-01
@n.xbgr.xm38_u20.nsg13_hv_pmos[w] = 5.003998858912154e-06
@n.xbgr.xm38_u20.nsg13_hv_pmos[l] = 3.994655574220571e-06
@n.xbgr.xm38_u20.nsg13_hv_pmos[delvto] = 3.474681084717538e-05
@n.xbgr.xm38_u20.nsg13_hv_pmos[factuo] = 1.000589136005967e+00
@n.xbgr.xm38_u21.nsg13_hv_pmos[w] = 5.001696115475822e-06
@n.xbgr.xm38_u21.nsg13_hv_pmos[l] = 3.996067109399412e-06
@n.xbgr.xm38_u21.nsg13_hv_pmos[delvto] = 4.978148102556250e-04
@n.xbgr.xm38_u21.nsg13_hv_pmos[factuo] = 1.000568751596205e+00
@n.xbgr.xm38_u22.nsg13_hv_pmos[w] = 4.993591248590121e-06
@n.xbgr.xm38_u22.nsg13_hv_pmos[l] = 3.998802129253603e-06
@n.xbgr.xm38_u22.nsg13_hv_pmos[delvto] = -5.86368775213055e-04
@n.xbgr.xm38_u22.nsg13_hv_pmos[factuo] = 1.000401669204620e+00
@n.xbgr.xm38_u23.nsg13_hv_pmos[w] = 4.995932465800490e-06
@n.xbgr.xm38_u23.nsg13_hv_pmos[l] = 4.006061884007008e-06
@n.xbgr.xm38_u23.nsg13_hv_pmos[delvto] = 1.564984816233654e-04
@n.xbgr.xm38_u23.nsg13_hv_pmos[factuo] = 1.000971471130116e+00
@n.xbgr.xm38_u24.nsg13_hv_pmos[w] = 5.000553748355586e-06
@n.xbgr.xm38_u24.nsg13_hv_pmos[l] = 4.002936359136157e-06
@n.xbgr.xm38_u24.nsg13_hv_pmos[delvto] = -1.35397638052571e-04
@n.xbgr.xm38_u24.nsg13_hv_pmos[factuo] = 9.994718590944568e-01
@n.xbgr.xm39_u2.nsg13_hv_pmos[w] = 5.008231245484949e-06
@n.xbgr.xm39_u2.nsg13_hv_pmos[l] = 4.001562702738141e-06
@n.xbgr.xm39_u2.nsg13_hv_pmos[delvto] = 1.226030352240541e-03
@n.xbgr.xm39_u2.nsg13_hv_pmos[factuo] = 1.001255412709721e+00
@n.xbgr.xm39_u3.nsg13_hv_pmos[w] = 5.007162626549203e-06
@n.xbgr.xm39_u3.nsg13_hv_pmos[l] = 3.997334260443217e-06
@n.xbgr.xm39_u3.nsg13_hv_pmos[delvto] = 1.083230962470410e-03
@n.xbgr.xm39_u3.nsg13_hv_pmos[factuo] = 1.000486786264984e+00
@n.xbgr.xm39_u4.nsg13_hv_pmos[w] = 4.998697201920877e-06
@n.xbgr.xm39_u4.nsg13_hv_pmos[l] = 3.997813799823329e-06
@n.xbgr.xm39_u4.nsg13_hv_pmos[delvto] = 1.305245341323319e-03
@n.xbgr.xm39_u4.nsg13_hv_pmos[factuo] = 1.000695336902263e+00
@n.xbgr.xm39_u5.nsg13_hv_pmos[w] = 4.997860127991078e-06
@n.xbgr.xm39_u5.nsg13_hv_pmos[l] = 3.997016717826161e-06
@n.xbgr.xm39_u5.nsg13_hv_pmos[delvto] = -2.29933075958599e-04
@n.xbgr.xm39_u5.nsg13_hv_pmos[factuo] = 9.990504132933620e-01
@n.xbgr.xm39_u6.nsg13_hv_pmos[w] = 5.000356772653366e-06
@n.xbgr.xm39_u6.nsg13_hv_pmos[l] = 3.998631351852424e-06
@n.xbgr.xm39_u6.nsg13_hv_pmos[delvto] = 3.266276280624189e-04
@n.xbgr.xm39_u6.nsg13_hv_pmos[factuo] = 9.990324976599980e-01
@n.xbgr.xm39_u7.nsg13_hv_pmos[w] = 5.001065884754377e-06
@n.xbgr.xm39_u7.nsg13_hv_pmos[l] = 4.001214986946396e-06
@n.xbgr.xm39_u7.nsg13_hv_pmos[delvto] = 6.888918646364676e-04
@n.xbgr.xm39_u7.nsg13_hv_pmos[factuo] = 1.000389245331265e+00
@n.xbgr.xm39_u8.nsg13_hv_pmos[w] = 4.997989997339222e-06
@n.xbgr.xm39_u8.nsg13_hv_pmos[l] = 4.004530699154535e-06
@n.xbgr.xm39_u8.nsg13_hv_pmos[delvto] = 1.130638288944923e-03
@n.xbgr.xm39_u8.nsg13_hv_pmos[factuo] = 9.985890040177968e-01
@n.xbgr.xm39_u9.nsg13_hv_pmos[w] = 5.000631138533156e-06
@n.xbgr.xm39_u9.nsg13_hv_pmos[l] = 4.004855603103662e-06
@n.xbgr.xm39_u9.nsg13_hv_pmos[delvto] = 1.258493698637034e-03
@n.xbgr.xm39_u9.nsg13_hv_pmos[factuo] = 9.996732694772343e-01
@n.xbgr.xm39_u10.nsg13_hv_pmos[w] = 4.998993866668352e-06
@n.xbgr.xm39_u10.nsg13_hv_pmos[l] = 3.995195743615777e-06
@n.xbgr.xm39_u10.nsg13_hv_pmos[delvto] = 4.295995708330168e-04
@n.xbgr.xm39_u10.nsg13_hv_pmos[factuo] = 1.001957059003324e+00
@n.xbgr.xm39_u11.nsg13_hv_pmos[w] = 4.998078327466693e-06
@n.xbgr.xm39_u11.nsg13_hv_pmos[l] = 4.004621662004072e-06
@n.xbgr.xm39_u11.nsg13_hv_pmos[delvto] = -1.18087637118668e-03
@n.xbgr.xm39_u11.nsg13_hv_pmos[factuo] = 1.000344301601465e+00
@n.xbgr.xm39_u12.nsg13_hv_pmos[w] = 4.996098857942351e-06
@n.xbgr.xm39_u12.nsg13_hv_pmos[l] = 4.000496923840695e-06
@n.xbgr.xm39_u12.nsg13_hv_pmos[delvto] = -9.40605673553136e-04
@n.xbgr.xm39_u12.nsg13_hv_pmos[factuo] = 9.981548443664435e-01
@n.xbgr.xm39_u13.nsg13_hv_pmos[w] = 4.994448731202204e-06
@n.xbgr.xm39_u13.nsg13_hv_pmos[l] = 4.002415478474840e-06
@n.xbgr.xm39_u13.nsg13_hv_pmos[delvto] = 1.531811182976171e-04
@n.xbgr.xm39_u13.nsg13_hv_pmos[factuo] = 9.995408776211768e-01
@n.xbgr.xm39_u14.nsg13_hv_pmos[w] = 4.998131118684359e-06
@n.xbgr.xm39_u14.nsg13_hv_pmos[l] = 4.000264951209304e-06
@n.xbgr.xm39_u14.nsg13_hv_pmos[delvto] = -8.09751368451952e-04
@n.xbgr.xm39_u14.nsg13_hv_pmos[factuo] = 1.000589470142483e+00
@n.xbgr.xm39_u15.nsg13_hv_pmos[w] = 5.001265914378280e-06
@n.xbgr.xm39_u15.nsg13_hv_pmos[l] = 4.000509122608763e-06
@n.xbgr.xm39_u15.nsg13_hv_pmos[delvto] = -1.79157126072065e-03
@n.xbgr.xm39_u15.nsg13_hv_pmos[factuo] = 9.997581930730451e-01
@n.xbgr.xm39_u16.nsg13_hv_pmos[w] = 4.995597000286042e-06
@n.xbgr.xm39_u16.nsg13_hv_pmos[l] = 3.999413014050035e-06
@n.xbgr.xm39_u16.nsg13_hv_pmos[delvto] = -1.61538690826857e-04
@n.xbgr.xm39_u16.nsg13_hv_pmos[factuo] = 9.995475787428992e-01
@n.xbgr.xm39_u17.nsg13_hv_pmos[w] = 4.999184666690979e-06
@n.xbgr.xm39_u17.nsg13_hv_pmos[l] = 4.005949529190452e-06
@n.xbgr.xm39_u17.nsg13_hv_pmos[delvto] = -1.06116855671679e-03
@n.xbgr.xm39_u17.nsg13_hv_pmos[factuo] = 1.000431082688059e+00
@n.xbgr.xm39_u18.nsg13_hv_pmos[w] = 4.995120632664093e-06
@n.xbgr.xm39_u18.nsg13_hv_pmos[l] = 4.003649130849866e-06
@n.xbgr.xm39_u18.nsg13_hv_pmos[delvto] = -4.13529399294277e-04
@n.xbgr.xm39_u18.nsg13_hv_pmos[factuo] = 1.000454229228116e+00
@n.xbgr.xm39_u19.nsg13_hv_pmos[w] = 4.998545605760103e-06
@n.xbgr.xm39_u19.nsg13_hv_pmos[l] = 3.996721865609061e-06
@n.xbgr.xm39_u19.nsg13_hv_pmos[delvto] = 2.173862574230095e-04
@n.xbgr.xm39_u19.nsg13_hv_pmos[factuo] = 1.000140902893838e+00
@n.xbgr.xm39_u20.nsg13_hv_pmos[w] = 5.002626187900247e-06
@n.xbgr.xm39_u20.nsg13_hv_pmos[l] = 4.000619536526771e-06
@n.xbgr.xm39_u20.nsg13_hv_pmos[delvto] = -1.59032672435317e-04
@n.xbgr.xm39_u20.nsg13_hv_pmos[factuo] = 9.993631688476324e-01
@n.xbgr.xm39_u21.nsg13_hv_pmos[w] = 4.996807770507325e-06
@n.xbgr.xm39_u21.nsg13_hv_pmos[l] = 4.002360327454613e-06
@n.xbgr.xm39_u21.nsg13_hv_pmos[delvto] = -7.54656968674874e-04
@n.xbgr.xm39_u21.nsg13_hv_pmos[factuo] = 1.001165739131801e+00
@n.xbgr.xm39_u22.nsg13_hv_pmos[w] = 5.002215094407667e-06
@n.xbgr.xm39_u22.nsg13_hv_pmos[l] = 3.999839184960837e-06
@n.xbgr.xm39_u22.nsg13_hv_pmos[delvto] = -2.19629800033199e-05
@n.xbgr.xm39_u22.nsg13_hv_pmos[factuo] = 9.988511016354080e-01
@n.xbgr.xm39_u23.nsg13_hv_pmos[w] = 5.003402694202359e-06
@n.xbgr.xm39_u23.nsg13_hv_pmos[l] = 4.003972693853764e-06
@n.xbgr.xm39_u23.nsg13_hv_pmos[delvto] = 2.008553136698463e-04
@n.xbgr.xm39_u23.nsg13_hv_pmos[factuo] = 9.993609030926016e-01
@n.xbgr.xm39_u24.nsg13_hv_pmos[w] = 4.998410968819550e-06
@n.xbgr.xm39_u24.nsg13_hv_pmos[l] = 3.995926065528460e-06
@n.xbgr.xm39_u24.nsg13_hv_pmos[delvto] = 6.546085599958225e-04
@n.xbgr.xm39_u24.nsg13_hv_pmos[factuo] = 9.998453808325546e-01
@n.xbgr.xm41_u2.nsg13_hv_pmos[w] = 5.001227775237616e-06
@n.xbgr.xm41_u2.nsg13_hv_pmos[l] = 4.001090492260721e-06
@n.xbgr.xm41_u2.nsg13_hv_pmos[delvto] = -4.95879276483960e-04
@n.xbgr.xm41_u2.nsg13_hv_pmos[factuo] = 1.001098321395327e+00
@n.xbgr.xm41_u3.nsg13_hv_pmos[w] = 4.996100327814593e-06
@n.xbgr.xm41_u3.nsg13_hv_pmos[l] = 4.001133459807499e-06
@n.xbgr.xm41_u3.nsg13_hv_pmos[delvto] = 2.079166268540569e-04
@n.xbgr.xm41_u3.nsg13_hv_pmos[factuo] = 9.994903310500097e-01
@n.xbgr.xm41_u4.nsg13_hv_pmos[w] = 5.004317020977113e-06
@n.xbgr.xm41_u4.nsg13_hv_pmos[l] = 3.999511845631954e-06
@n.xbgr.xm41_u4.nsg13_hv_pmos[delvto] = -5.72513709069988e-04
@n.xbgr.xm41_u4.nsg13_hv_pmos[factuo] = 1.000758698173390e+00
@n.xbgr.xm41_u5.nsg13_hv_pmos[w] = 4.997950178074526e-06
@n.xbgr.xm41_u5.nsg13_hv_pmos[l] = 3.998959216711351e-06
@n.xbgr.xm41_u5.nsg13_hv_pmos[delvto] = -5.05496943298654e-04
@n.xbgr.xm41_u5.nsg13_hv_pmos[factuo] = 9.997736865772612e-01
@n.xbgr.xm41_u6.nsg13_hv_pmos[w] = 4.999309557816577e-06
@n.xbgr.xm41_u6.nsg13_hv_pmos[l] = 3.996144388431456e-06
@n.xbgr.xm41_u6.nsg13_hv_pmos[delvto] = -9.81802782895703e-04
@n.xbgr.xm41_u6.nsg13_hv_pmos[factuo] = 1.002220915030387e+00
@n.xbgr.xm41_u7.nsg13_hv_pmos[w] = 4.998290273314186e-06
@n.xbgr.xm41_u7.nsg13_hv_pmos[l] = 4.001187595881943e-06
@n.xbgr.xm41_u7.nsg13_hv_pmos[delvto] = -1.82428762348183e-03
@n.xbgr.xm41_u7.nsg13_hv_pmos[factuo] = 1.001521859040652e+00
@n.xbgr.xm41_u8.nsg13_hv_pmos[w] = 4.997149564504552e-06
@n.xbgr.xm41_u8.nsg13_hv_pmos[l] = 4.006506353485586e-06
@n.xbgr.xm41_u8.nsg13_hv_pmos[delvto] = 9.092234118274635e-04
@n.xbgr.xm41_u8.nsg13_hv_pmos[factuo] = 1.000299814306649e+00
@n.xbgr.xm41_u9.nsg13_hv_pmos[w] = 5.005604588418030e-06
@n.xbgr.xm41_u9.nsg13_hv_pmos[l] = 3.997570325798179e-06
@n.xbgr.xm41_u9.nsg13_hv_pmos[delvto] = 5.656635954566188e-04
@n.xbgr.xm41_u9.nsg13_hv_pmos[factuo] = 1.000792074207203e+00
@n.xbgr.xm41_u10.nsg13_hv_pmos[w] = 5.003543986791616e-06
@n.xbgr.xm41_u10.nsg13_hv_pmos[l] = 4.003247350309285e-06
@n.xbgr.xm41_u10.nsg13_hv_pmos[delvto] = -2.25189480638044e-03
@n.xbgr.xm41_u10.nsg13_hv_pmos[factuo] = 1.000910230018337e+00
@n.xbgr.xm41_u11.nsg13_hv_pmos[w] = 5.007125485402562e-06
@n.xbgr.xm41_u11.nsg13_hv_pmos[l] = 4.001005562546269e-06
@n.xbgr.xm41_u11.nsg13_hv_pmos[delvto] = -3.84695683354176e-05
@n.xbgr.xm41_u11.nsg13_hv_pmos[factuo] = 1.000431066867229e+00
@n.xbgr.xm41_u12.nsg13_hv_pmos[w] = 5.001952802399718e-06
@n.xbgr.xm41_u12.nsg13_hv_pmos[l] = 4.003975776110673e-06
@n.xbgr.xm41_u12.nsg13_hv_pmos[delvto] = 1.090760915465017e-03
@n.xbgr.xm41_u12.nsg13_hv_pmos[factuo] = 1.000350160310738e+00
@n.xbgr.xm41_u13.nsg13_hv_pmos[w] = 5.000169699559217e-06
@n.xbgr.xm41_u13.nsg13_hv_pmos[l] = 4.000207415291830e-06
@n.xbgr.xm41_u13.nsg13_hv_pmos[delvto] = -4.65684839491167e-04
@n.xbgr.xm41_u13.nsg13_hv_pmos[factuo] = 1.001232394284732e+00
@n.xbgr.xm41_u14.nsg13_hv_pmos[w] = 4.999257522424749e-06
@n.xbgr.xm41_u14.nsg13_hv_pmos[l] = 4.000783265316083e-06
@n.xbgr.xm41_u14.nsg13_hv_pmos[delvto] = -1.02042169276119e-03
@n.xbgr.xm41_u14.nsg13_hv_pmos[factuo] = 1.000139493368366e+00
@n.xbgr.xm41_u15.nsg13_hv_pmos[w] = 4.999148278050466e-06
@n.xbgr.xm41_u15.nsg13_hv_pmos[l] = 3.998780880784839e-06
@n.xbgr.xm41_u15.nsg13_hv_pmos[delvto] = -1.45943495764722e-03
@n.xbgr.xm41_u15.nsg13_hv_pmos[factuo] = 9.993562753002295e-01
@n.xbgr.xm41_u16.nsg13_hv_pmos[w] = 5.002954012106934e-06
@n.xbgr.xm41_u16.nsg13_hv_pmos[l] = 4.000195645239235e-06
@n.xbgr.xm41_u16.nsg13_hv_pmos[delvto] = -1.96785087115263e-03
@n.xbgr.xm41_u16.nsg13_hv_pmos[factuo] = 9.995869318271218e-01
@n.xbgr.xm41_u17.nsg13_hv_pmos[w] = 4.999364237881889e-06
@n.xbgr.xm41_u17.nsg13_hv_pmos[l] = 3.998347310713632e-06
@n.xbgr.xm41_u17.nsg13_hv_pmos[delvto] = -4.32494193069053e-04
@n.xbgr.xm41_u17.nsg13_hv_pmos[factuo] = 9.999726976325346e-01
@n.xbgr.xm41_u18.nsg13_hv_pmos[w] = 4.997608829821818e-06
@n.xbgr.xm41_u18.nsg13_hv_pmos[l] = 4.001705797946021e-06
@n.xbgr.xm41_u18.nsg13_hv_pmos[delvto] = -4.74606925071531e-04
@n.xbgr.xm41_u18.nsg13_hv_pmos[factuo] = 9.996300036282688e-01
@n.xbgr.xm41_u19.nsg13_hv_pmos[w] = 5.005380376656460e-06
@n.xbgr.xm41_u19.nsg13_hv_pmos[l] = 4.000598778330345e-06
@n.xbgr.xm41_u19.nsg13_hv_pmos[delvto] = -1.38254050523859e-03
@n.xbgr.xm41_u19.nsg13_hv_pmos[factuo] = 9.993566216707404e-01
@n.xbgr.xm41_u20.nsg13_hv_pmos[w] = 4.997689933364169e-06
@n.xbgr.xm41_u20.nsg13_hv_pmos[l] = 3.998557418369680e-06
@n.xbgr.xm41_u20.nsg13_hv_pmos[delvto] = 8.763535207201356e-04
@n.xbgr.xm41_u20.nsg13_hv_pmos[factuo] = 1.000082055143826e+00
@n.xbgr.xm41_u21.nsg13_hv_pmos[w] = 4.999687025132592e-06
@n.xbgr.xm41_u21.nsg13_hv_pmos[l] = 3.999792334343238e-06
@n.xbgr.xm41_u21.nsg13_hv_pmos[delvto] = 1.161905876396394e-03
@n.xbgr.xm41_u21.nsg13_hv_pmos[factuo] = 1.000046978794614e+00
@n.xbgr.xm41_u22.nsg13_hv_pmos[w] = 5.005344282503689e-06
@n.xbgr.xm41_u22.nsg13_hv_pmos[l] = 4.004692039228405e-06
@n.xbgr.xm41_u22.nsg13_hv_pmos[delvto] = -6.43546751126407e-05
@n.xbgr.xm41_u22.nsg13_hv_pmos[factuo] = 1.000710874153853e+00
@n.xbgr.xm41_u23.nsg13_hv_pmos[w] = 5.001387846624990e-06
@n.xbgr.xm41_u23.nsg13_hv_pmos[l] = 4.000954461875227e-06
@n.xbgr.xm41_u23.nsg13_hv_pmos[delvto] = 8.393208938563225e-04
@n.xbgr.xm41_u23.nsg13_hv_pmos[factuo] = 9.996429821584544e-01
@n.xbgr.xm41_u24.nsg13_hv_pmos[w] = 4.999413117224659e-06
@n.xbgr.xm41_u24.nsg13_hv_pmos[l] = 3.999165617508032e-06
@n.xbgr.xm41_u24.nsg13_hv_pmos[delvto] = -6.72566144746326e-04
@n.xbgr.xm41_u24.nsg13_hv_pmos[factuo] = 1.000662973004214e+00
@n.xbgr.xm43_u2.nsg13_hv_pmos[w] = 4.998848143830226e-06
@n.xbgr.xm43_u2.nsg13_hv_pmos[l] = 3.995485754401289e-06
@n.xbgr.xm43_u2.nsg13_hv_pmos[delvto] = 9.201747436036947e-04
@n.xbgr.xm43_u2.nsg13_hv_pmos[factuo] = 1.001245282285977e+00
@n.xbgr.xm43_u3.nsg13_hv_pmos[w] = 5.002419086667008e-06
@n.xbgr.xm43_u3.nsg13_hv_pmos[l] = 3.998410314627106e-06
@n.xbgr.xm43_u3.nsg13_hv_pmos[delvto] = 2.654173903739029e-04
@n.xbgr.xm43_u3.nsg13_hv_pmos[factuo] = 9.997822399352768e-01
@n.xbgr.xm43_u4.nsg13_hv_pmos[w] = 5.002522253667586e-06
@n.xbgr.xm43_u4.nsg13_hv_pmos[l] = 4.003056138721568e-06
@n.xbgr.xm43_u4.nsg13_hv_pmos[delvto] = 4.285471238683258e-04
@n.xbgr.xm43_u4.nsg13_hv_pmos[factuo] = 1.000336122248857e+00
@n.xbgr.xm44_u2.nsg13_hv_pmos[w] = 4.999991216981172e-06
@n.xbgr.xm44_u2.nsg13_hv_pmos[l] = 3.996091653760635e-06
@n.xbgr.xm44_u2.nsg13_hv_pmos[delvto] = 5.765782550659411e-04
@n.xbgr.xm44_u2.nsg13_hv_pmos[factuo] = 9.995992440385668e-01
@n.xbgr.xm44_u3.nsg13_hv_pmos[w] = 4.996561791214380e-06
@n.xbgr.xm44_u3.nsg13_hv_pmos[l] = 3.999629749306141e-06
@n.xbgr.xm44_u3.nsg13_hv_pmos[delvto] = -4.27488919858189e-04
@n.xbgr.xm44_u3.nsg13_hv_pmos[factuo] = 9.977924275622316e-01
@n.xbgr.xm44_u4.nsg13_hv_pmos[w] = 4.998846224670207e-06
@n.xbgr.xm44_u4.nsg13_hv_pmos[l] = 3.996904135553723e-06
@n.xbgr.xm44_u4.nsg13_hv_pmos[delvto] = -4.33767026899484e-04
@n.xbgr.xm44_u4.nsg13_hv_pmos[factuo] = 9.998711987910388e-01
@n.xbgr.xm45_u2.nsg13_hv_pmos[w] = 4.999266947183511e-06
@n.xbgr.xm45_u2.nsg13_hv_pmos[l] = 4.004634861817137e-06
@n.xbgr.xm45_u2.nsg13_hv_pmos[delvto] = -1.29924605008508e-03
@n.xbgr.xm45_u2.nsg13_hv_pmos[factuo] = 9.979464311745628e-01
@n.xbgr.xm45_u3.nsg13_hv_pmos[w] = 4.999431145744620e-06
@n.xbgr.xm45_u3.nsg13_hv_pmos[l] = 4.003570144911540e-06
@n.xbgr.xm45_u3.nsg13_hv_pmos[delvto] = -5.24558717237163e-04
@n.xbgr.xm45_u3.nsg13_hv_pmos[factuo] = 9.995126671744707e-01
@n.xbgr.xm45_u4.nsg13_hv_pmos[w] = 5.007105387577078e-06
@n.xbgr.xm45_u4.nsg13_hv_pmos[l] = 3.994733751291108e-06
@n.xbgr.xm45_u4.nsg13_hv_pmos[delvto] = -1.66479855100120e-04
@n.xbgr.xm45_u4.nsg13_hv_pmos[factuo] = 9.983015503515120e-01
@n.xbgr.xm45_u5.nsg13_hv_pmos[w] = 4.996880730980833e-06
@n.xbgr.xm45_u5.nsg13_hv_pmos[l] = 3.997548848253786e-06
@n.xbgr.xm45_u5.nsg13_hv_pmos[delvto] = 8.799836762513028e-04
@n.xbgr.xm45_u5.nsg13_hv_pmos[factuo] = 1.000626606579110e+00
@n.xbgr.xm45_u6.nsg13_hv_pmos[w] = 5.005106133375846e-06
@n.xbgr.xm45_u6.nsg13_hv_pmos[l] = 3.993282228701106e-06
@n.xbgr.xm45_u6.nsg13_hv_pmos[delvto] = -8.86450262770902e-04
@n.xbgr.xm45_u6.nsg13_hv_pmos[factuo] = 9.991742271635283e-01
@n.xbgr.xm45_u7.nsg13_hv_pmos[w] = 5.002915660853235e-06
@n.xbgr.xm45_u7.nsg13_hv_pmos[l] = 4.001050166832336e-06
@n.xbgr.xm45_u7.nsg13_hv_pmos[delvto] = 1.688138493445427e-05
@n.xbgr.xm45_u7.nsg13_hv_pmos[factuo] = 1.000640635948791e+00
@n.xbgr.xm45_u8.nsg13_hv_pmos[w] = 5.001069890015896e-06
@n.xbgr.xm45_u8.nsg13_hv_pmos[l] = 4.000617497022216e-06
@n.xbgr.xm45_u8.nsg13_hv_pmos[delvto] = 1.023827363630233e-04
@n.xbgr.xm45_u8.nsg13_hv_pmos[factuo] = 1.001507841006633e+00
@n.xbgr.xm45_u9.nsg13_hv_pmos[w] = 5.000634539497173e-06
@n.xbgr.xm45_u9.nsg13_hv_pmos[l] = 3.999581319248089e-06
@n.xbgr.xm45_u9.nsg13_hv_pmos[delvto] = -8.19615933033249e-04
@n.xbgr.xm45_u9.nsg13_hv_pmos[factuo] = 9.991572440299500e-01
@n.xbgr.xm45_u10.nsg13_hv_pmos[w] = 4.999934462056456e-06
@n.xbgr.xm45_u10.nsg13_hv_pmos[l] = 4.000101842751991e-06
@n.xbgr.xm45_u10.nsg13_hv_pmos[delvto] = 8.970102637524090e-04
@n.xbgr.xm45_u10.nsg13_hv_pmos[factuo] = 9.997343764334312e-01
@n.xbgr.xm45_u11.nsg13_hv_pmos[w] = 4.997736525559234e-06
@n.xbgr.xm45_u11.nsg13_hv_pmos[l] = 4.001601590906332e-06
@n.xbgr.xm45_u11.nsg13_hv_pmos[delvto] = -5.74924129324795e-04
@n.xbgr.xm45_u11.nsg13_hv_pmos[factuo] = 9.984691665367400e-01
@n.xbgr.xm45_u12.nsg13_hv_pmos[w] = 5.004354331517277e-06
@n.xbgr.xm45_u12.nsg13_hv_pmos[l] = 4.005721521056584e-06
@n.xbgr.xm45_u12.nsg13_hv_pmos[delvto] = 4.449660456397306e-05
@n.xbgr.xm45_u12.nsg13_hv_pmos[factuo] = 9.997121193078956e-01
@n.xbgr.xm45_u13.nsg13_hv_pmos[w] = 4.999190079604264e-06
@n.xbgr.xm45_u13.nsg13_hv_pmos[l] = 4.002048491107577e-06
@n.xbgr.xm45_u13.nsg13_hv_pmos[delvto] = -2.41052632972278e-04
@n.xbgr.xm45_u13.nsg13_hv_pmos[factuo] = 1.000135511252910e+00
@n.xbgr.xm45_u14.nsg13_hv_pmos[w] = 5.000347194965219e-06
@n.xbgr.xm45_u14.nsg13_hv_pmos[l] = 4.003857875975044e-06
@n.xbgr.xm45_u14.nsg13_hv_pmos[delvto] = 6.101035023546120e-04
@n.xbgr.xm45_u14.nsg13_hv_pmos[factuo] = 9.997076990659876e-01
@n.xbgr.xm45_u15.nsg13_hv_pmos[w] = 4.996366947082072e-06
@n.xbgr.xm45_u15.nsg13_hv_pmos[l] = 4.003639763230742e-06
@n.xbgr.xm45_u15.nsg13_hv_pmos[delvto] = -4.30985724763373e-04
@n.xbgr.xm45_u15.nsg13_hv_pmos[factuo] = 9.991464762745887e-01
@n.xbgr.xm45_u16.nsg13_hv_pmos[w] = 5.000589323606879e-06
@n.xbgr.xm45_u16.nsg13_hv_pmos[l] = 4.000181760370313e-06
@n.xbgr.xm45_u16.nsg13_hv_pmos[delvto] = -1.88168518209979e-03
@n.xbgr.xm45_u16.nsg13_hv_pmos[factuo] = 1.001319155929836e+00
@n.xbgr.xm45_u17.nsg13_hv_pmos[w] = 4.997646576310387e-06
@n.xbgr.xm45_u17.nsg13_hv_pmos[l] = 4.004466891655433e-06
@n.xbgr.xm45_u17.nsg13_hv_pmos[delvto] = 5.293070762752334e-04
@n.xbgr.xm45_u17.nsg13_hv_pmos[factuo] = 9.986995872594684e-01
@n.xbgr.xm45_u18.nsg13_hv_pmos[w] = 5.006390462582337e-06
@n.xbgr.xm45_u18.nsg13_hv_pmos[l] = 4.002073779278249e-06
@n.xbgr.xm45_u18.nsg13_hv_pmos[delvto] = 4.257264070760101e-04
@n.xbgr.xm45_u18.nsg13_hv_pmos[factuo] = 1.000739464098374e+00
@n.xbgr.xm45_u19.nsg13_hv_pmos[w] = 5.001186458443237e-06
@n.xbgr.xm45_u19.nsg13_hv_pmos[l] = 3.999099497884884e-06
@n.xbgr.xm45_u19.nsg13_hv_pmos[delvto] = 2.708837487638727e-04
@n.xbgr.xm45_u19.nsg13_hv_pmos[factuo] = 9.996705392345812e-01
@n.xbgr.xm45_u20.nsg13_hv_pmos[w] = 4.995512539985002e-06
@n.xbgr.xm45_u20.nsg13_hv_pmos[l] = 3.997965261599628e-06
@n.xbgr.xm45_u20.nsg13_hv_pmos[delvto] = 4.568622924875394e-04
@n.xbgr.xm45_u20.nsg13_hv_pmos[factuo] = 1.000777374131171e+00
@n.xbgr.xm45_u21.nsg13_hv_pmos[w] = 4.998722408751016e-06
@n.xbgr.xm45_u21.nsg13_hv_pmos[l] = 4.000832242161731e-06
@n.xbgr.xm45_u21.nsg13_hv_pmos[delvto] = -1.34993772080471e-03
@n.xbgr.xm45_u21.nsg13_hv_pmos[factuo] = 9.999145649395927e-01
@n.xbgr.xm45_u22.nsg13_hv_pmos[w] = 5.006851577955498e-06
@n.xbgr.xm45_u22.nsg13_hv_pmos[l] = 3.995378557341818e-06
@n.xbgr.xm45_u22.nsg13_hv_pmos[delvto] = -1.12520128598444e-03
@n.xbgr.xm45_u22.nsg13_hv_pmos[factuo] = 1.000135399643099e+00
@n.xbgr.xm45_u23.nsg13_hv_pmos[w] = 5.000120367779548e-06
@n.xbgr.xm45_u23.nsg13_hv_pmos[l] = 4.000911145234888e-06
@n.xbgr.xm45_u23.nsg13_hv_pmos[delvto] = 1.686158958232104e-04
@n.xbgr.xm45_u23.nsg13_hv_pmos[factuo] = 9.993466505147438e-01
@n.xbgr.xm45_u24.nsg13_hv_pmos[w] = 5.002545240317675e-06
@n.xbgr.xm45_u24.nsg13_hv_pmos[l] = 4.000898977464464e-06
@n.xbgr.xm45_u24.nsg13_hv_pmos[delvto] = 8.470485700824424e-06
@n.xbgr.xm45_u24.nsg13_hv_pmos[factuo] = 1.000726199524381e+00
@n.xbgr.xm47_u2.nsg13_hv_pmos[w] = 4.998741781298781e-06
@n.xbgr.xm47_u2.nsg13_hv_pmos[l] = 4.000682829048930e-06
@n.xbgr.xm47_u2.nsg13_hv_pmos[delvto] = -5.32375006217794e-05
@n.xbgr.xm47_u2.nsg13_hv_pmos[factuo] = 9.997621426330576e-01
@n.xbgr.xm47_u3.nsg13_hv_pmos[w] = 4.995715907574023e-06
@n.xbgr.xm47_u3.nsg13_hv_pmos[l] = 4.002948884183146e-06
@n.xbgr.xm47_u3.nsg13_hv_pmos[delvto] = -9.28415859084269e-04
@n.xbgr.xm47_u3.nsg13_hv_pmos[factuo] = 1.000727423534377e+00
@n.xbgr.xm47_u4.nsg13_hv_pmos[w] = 5.003427379148077e-06
@n.xbgr.xm47_u4.nsg13_hv_pmos[l] = 4.000208215193737e-06
@n.xbgr.xm47_u4.nsg13_hv_pmos[delvto] = -7.25346784841940e-05
@n.xbgr.xm47_u4.nsg13_hv_pmos[factuo] = 1.000417445709487e+00
@n.xbgr.xm47_u5.nsg13_hv_pmos[w] = 5.002294881512296e-06
@n.xbgr.xm47_u5.nsg13_hv_pmos[l] = 3.997879428464134e-06
@n.xbgr.xm47_u5.nsg13_hv_pmos[delvto] = 1.622647287023218e-03
@n.xbgr.xm47_u5.nsg13_hv_pmos[factuo] = 9.991648819414920e-01
@n.xbgr.xm47_u6.nsg13_hv_pmos[w] = 4.998267661311947e-06
@n.xbgr.xm47_u6.nsg13_hv_pmos[l] = 4.003467674922000e-06
@n.xbgr.xm47_u6.nsg13_hv_pmos[delvto] = 1.302063215946235e-03
@n.xbgr.xm47_u6.nsg13_hv_pmos[factuo] = 9.985741608976846e-01
@n.xbgr.xm47_u7.nsg13_hv_pmos[w] = 4.996835138643235e-06
@n.xbgr.xm47_u7.nsg13_hv_pmos[l] = 4.002520007754433e-06
@n.xbgr.xm47_u7.nsg13_hv_pmos[delvto] = 4.134296119368323e-04
@n.xbgr.xm47_u7.nsg13_hv_pmos[factuo] = 1.000129811942184e+00
@n.xbgr.xm47_u8.nsg13_hv_pmos[w] = 4.999341921193040e-06
@n.xbgr.xm47_u8.nsg13_hv_pmos[l] = 4.003122216056052e-06
@n.xbgr.xm47_u8.nsg13_hv_pmos[delvto] = 4.648903882506506e-04
@n.xbgr.xm47_u8.nsg13_hv_pmos[factuo] = 9.994433293935020e-01
@n.xbgr.xm47_u9.nsg13_hv_pmos[w] = 4.998615871978511e-06
@n.xbgr.xm47_u9.nsg13_hv_pmos[l] = 4.000876748800610e-06
@n.xbgr.xm47_u9.nsg13_hv_pmos[delvto] = 6.633491027489643e-04
@n.xbgr.xm47_u9.nsg13_hv_pmos[factuo] = 1.001031200263407e+00
@n.xbgr.xm47_u10.nsg13_hv_pmos[w] = 5.001117422121715e-06
@n.xbgr.xm47_u10.nsg13_hv_pmos[l] = 4.001921577346029e-06
@n.xbgr.xm47_u10.nsg13_hv_pmos[delvto] = 3.055625887470821e-03
@n.xbgr.xm47_u10.nsg13_hv_pmos[factuo] = 1.000480080760490e+00
@n.xbgr.xm47_u11.nsg13_hv_pmos[w] = 5.000921221016547e-06
@n.xbgr.xm47_u11.nsg13_hv_pmos[l] = 3.993841542556445e-06
@n.xbgr.xm47_u11.nsg13_hv_pmos[delvto] = -1.29342267313089e-05
@n.xbgr.xm47_u11.nsg13_hv_pmos[factuo] = 1.000448960638355e+00
@n.xbgr.xm47_u12.nsg13_hv_pmos[w] = 5.007085842927044e-06
@n.xbgr.xm47_u12.nsg13_hv_pmos[l] = 3.996995059561488e-06
@n.xbgr.xm47_u12.nsg13_hv_pmos[delvto] = 1.993425051972330e-04
@n.xbgr.xm47_u12.nsg13_hv_pmos[factuo] = 9.989338040465368e-01
@n.xbgr.xm47_u13.nsg13_hv_pmos[w] = 5.002109511026330e-06
@n.xbgr.xm47_u13.nsg13_hv_pmos[l] = 4.005091401440129e-06
@n.xbgr.xm47_u13.nsg13_hv_pmos[delvto] = -2.41192067858531e-04
@n.xbgr.xm47_u13.nsg13_hv_pmos[factuo] = 9.999981276510675e-01
@n.xbgr.xm47_u14.nsg13_hv_pmos[w] = 5.001549454653252e-06
@n.xbgr.xm47_u14.nsg13_hv_pmos[l] = 4.002572534774021e-06
@n.xbgr.xm47_u14.nsg13_hv_pmos[delvto] = -2.19941363319964e-04
@n.xbgr.xm47_u14.nsg13_hv_pmos[factuo] = 1.000227102991968e+00
@n.xbgr.xm47_u15.nsg13_hv_pmos[w] = 4.999610239257041e-06
@n.xbgr.xm47_u15.nsg13_hv_pmos[l] = 4.003778840824961e-06
@n.xbgr.xm47_u15.nsg13_hv_pmos[delvto] = -3.78053540994928e-04
@n.xbgr.xm47_u15.nsg13_hv_pmos[factuo] = 1.000809054863683e+00
@n.xbgr.xm47_u16.nsg13_hv_pmos[w] = 4.998180451687529e-06
@n.xbgr.xm47_u16.nsg13_hv_pmos[l] = 3.996825299686971e-06
@n.xbgr.xm47_u16.nsg13_hv_pmos[delvto] = -3.02110493880734e-04
@n.xbgr.xm47_u16.nsg13_hv_pmos[factuo] = 9.998755108077692e-01
@n.xbgr.xm47_u17.nsg13_hv_pmos[w] = 5.002757005420418e-06
@n.xbgr.xm47_u17.nsg13_hv_pmos[l] = 4.000432675328290e-06
@n.xbgr.xm47_u17.nsg13_hv_pmos[delvto] = 1.523417934973701e-04
@n.xbgr.xm47_u17.nsg13_hv_pmos[factuo] = 1.000264248942094e+00
@n.xbgr.xm47_u18.nsg13_hv_pmos[w] = 5.000179580680167e-06
@n.xbgr.xm47_u18.nsg13_hv_pmos[l] = 3.998814725452930e-06
@n.xbgr.xm47_u18.nsg13_hv_pmos[delvto] = -4.13600546842065e-04
@n.xbgr.xm47_u18.nsg13_hv_pmos[factuo] = 9.995989989577676e-01
@n.xbgr.xm47_u19.nsg13_hv_pmos[w] = 4.997350817012804e-06
@n.xbgr.xm47_u19.nsg13_hv_pmos[l] = 3.999477548298565e-06
@n.xbgr.xm47_u19.nsg13_hv_pmos[delvto] = -9.75689506994938e-04
@n.xbgr.xm47_u19.nsg13_hv_pmos[factuo] = 1.000656889784199e+00
@n.xbgr.xm47_u20.nsg13_hv_pmos[w] = 4.999513256616709e-06
@n.xbgr.xm47_u20.nsg13_hv_pmos[l] = 3.997713701846582e-06
@n.xbgr.xm47_u20.nsg13_hv_pmos[delvto] = 6.871547042205746e-04
@n.xbgr.xm47_u20.nsg13_hv_pmos[factuo] = 9.986944749882760e-01
@n.xbgr.xm47_u21.nsg13_hv_pmos[w] = 5.005424438472132e-06
@n.xbgr.xm47_u21.nsg13_hv_pmos[l] = 3.997851139509442e-06
@n.xbgr.xm47_u21.nsg13_hv_pmos[delvto] = 1.397759100456653e-03
@n.xbgr.xm47_u21.nsg13_hv_pmos[factuo] = 9.988779465190878e-01
@n.xbgr.xm47_u22.nsg13_hv_pmos[w] = 5.002953632172196e-06
@n.xbgr.xm47_u22.nsg13_hv_pmos[l] = 4.001779901588010e-06
@n.xbgr.xm47_u22.nsg13_hv_pmos[delvto] = -1.37819230478982e-03
@n.xbgr.xm47_u22.nsg13_hv_pmos[factuo] = 9.997112839719378e-01
@n.xbgr.xm47_u23.nsg13_hv_pmos[w] = 5.001525396251070e-06
@n.xbgr.xm47_u23.nsg13_hv_pmos[l] = 3.999202054164587e-06
@n.xbgr.xm47_u23.nsg13_hv_pmos[delvto] = -1.31349274387647e-04
@n.xbgr.xm47_u23.nsg13_hv_pmos[factuo] = 1.000193175160246e+00
@n.xbgr.xm47_u24.nsg13_hv_pmos[w] = 4.996779892916317e-06
@n.xbgr.xm47_u24.nsg13_hv_pmos[l] = 4.003824131583860e-06
@n.xbgr.xm47_u24.nsg13_hv_pmos[delvto] = -2.24441880703757e-04
@n.xbgr.xm47_u24.nsg13_hv_pmos[factuo] = 1.000513060373507e+00
@n.xbgr.xm48_u2.nsg13_hv_pmos[w] = 5.001625276686668e-06
@n.xbgr.xm48_u2.nsg13_hv_pmos[l] = 4.002662712409109e-06
@n.xbgr.xm48_u2.nsg13_hv_pmos[delvto] = -5.42153549614386e-04
@n.xbgr.xm48_u2.nsg13_hv_pmos[factuo] = 9.995477875230104e-01
@n.xbgr.xm48_u3.nsg13_hv_pmos[w] = 5.002773685701107e-06
@n.xbgr.xm48_u3.nsg13_hv_pmos[l] = 3.999502090729537e-06
@n.xbgr.xm48_u3.nsg13_hv_pmos[delvto] = -6.62708934178392e-04
@n.xbgr.xm48_u3.nsg13_hv_pmos[factuo] = 1.000657231814801e+00
@n.xbgr.xm48_u4.nsg13_hv_pmos[w] = 5.002734863353398e-06
@n.xbgr.xm48_u4.nsg13_hv_pmos[l] = 3.996423667943966e-06
@n.xbgr.xm48_u4.nsg13_hv_pmos[delvto] = 1.755813264681969e-03
@n.xbgr.xm48_u4.nsg13_hv_pmos[factuo] = 1.000600022628832e+00
@n.xbgr.xm48_u5.nsg13_hv_pmos[w] = 4.999501684398382e-06
@n.xbgr.xm48_u5.nsg13_hv_pmos[l] = 3.997570466992843e-06
@n.xbgr.xm48_u5.nsg13_hv_pmos[delvto] = -1.36095805319236e-03
@n.xbgr.xm48_u5.nsg13_hv_pmos[factuo] = 1.001146142960977e+00
@n.xbgr.xm48_u6.nsg13_hv_pmos[w] = 5.001357988127297e-06
@n.xbgr.xm48_u6.nsg13_hv_pmos[l] = 3.998704790337518e-06
@n.xbgr.xm48_u6.nsg13_hv_pmos[delvto] = -1.72884204201930e-04
@n.xbgr.xm48_u6.nsg13_hv_pmos[factuo] = 1.000106467013073e+00
@n.xbgr.xm48_u7.nsg13_hv_pmos[w] = 5.003433168652790e-06
@n.xbgr.xm48_u7.nsg13_hv_pmos[l] = 3.995539273314160e-06
@n.xbgr.xm48_u7.nsg13_hv_pmos[delvto] = 1.031501857655496e-04
@n.xbgr.xm48_u7.nsg13_hv_pmos[factuo] = 9.988238528123696e-01
@n.xbgr.xm48_u8.nsg13_hv_pmos[w] = 5.001963509366583e-06
@n.xbgr.xm48_u8.nsg13_hv_pmos[l] = 3.998501508605274e-06
@n.xbgr.xm48_u8.nsg13_hv_pmos[delvto] = 9.913386763223074e-04
@n.xbgr.xm48_u8.nsg13_hv_pmos[factuo] = 1.000622837030308e+00
@n.xbgr.xm48_u9.nsg13_hv_pmos[w] = 5.005539551011180e-06
@n.xbgr.xm48_u9.nsg13_hv_pmos[l] = 4.001454448259841e-06
@n.xbgr.xm48_u9.nsg13_hv_pmos[delvto] = -1.55118768994478e-03
@n.xbgr.xm48_u9.nsg13_hv_pmos[factuo] = 9.996774756038795e-01
@n.xbgr.xm48_u10.nsg13_hv_pmos[w] = 5.001391954249095e-06
@n.xbgr.xm48_u10.nsg13_hv_pmos[l] = 3.999654926740254e-06
@n.xbgr.xm48_u10.nsg13_hv_pmos[delvto] = -8.35976162206475e-06
@n.xbgr.xm48_u10.nsg13_hv_pmos[factuo] = 9.994833649740594e-01
@n.xbgr.xm48_u11.nsg13_hv_pmos[w] = 4.997792753901900e-06
@n.xbgr.xm48_u11.nsg13_hv_pmos[l] = 3.995110053139691e-06
@n.xbgr.xm48_u11.nsg13_hv_pmos[delvto] = 2.143247121890190e-03
@n.xbgr.xm48_u11.nsg13_hv_pmos[factuo] = 1.000179299469007e+00
@n.xbgr.xm48_u12.nsg13_hv_pmos[w] = 4.994876081034476e-06
@n.xbgr.xm48_u12.nsg13_hv_pmos[l] = 4.003756995843306e-06
@n.xbgr.xm48_u12.nsg13_hv_pmos[delvto] = 2.090022815967450e-04
@n.xbgr.xm48_u12.nsg13_hv_pmos[factuo] = 9.986560324743696e-01
@n.xbgr.xm48_u13.nsg13_hv_pmos[w] = 5.001262563671078e-06
@n.xbgr.xm48_u13.nsg13_hv_pmos[l] = 3.998542629308350e-06
@n.xbgr.xm48_u13.nsg13_hv_pmos[delvto] = 1.572480843477522e-03
@n.xbgr.xm48_u13.nsg13_hv_pmos[factuo] = 9.996946188963107e-01
@n.xbgr.xm48_u14.nsg13_hv_pmos[w] = 5.000641989978961e-06
@n.xbgr.xm48_u14.nsg13_hv_pmos[l] = 3.998983600706976e-06
@n.xbgr.xm48_u14.nsg13_hv_pmos[delvto] = -1.37878971016431e-03
@n.xbgr.xm48_u14.nsg13_hv_pmos[factuo] = 9.994096445501398e-01
@n.xbgr.xm48_u15.nsg13_hv_pmos[w] = 4.999236194425273e-06
@n.xbgr.xm48_u15.nsg13_hv_pmos[l] = 3.996635430911401e-06
@n.xbgr.xm48_u15.nsg13_hv_pmos[delvto] = -1.35911643260426e-03
@n.xbgr.xm48_u15.nsg13_hv_pmos[factuo] = 9.995226894866680e-01
@n.xbgr.xm48_u16.nsg13_hv_pmos[w] = 5.005887701475139e-06
@n.xbgr.xm48_u16.nsg13_hv_pmos[l] = 4.001623323929572e-06
@n.xbgr.xm48_u16.nsg13_hv_pmos[delvto] = 1.600655721930185e-03
@n.xbgr.xm48_u16.nsg13_hv_pmos[factuo] = 9.994266732789976e-01
@n.xbgr.xm48_u17.nsg13_hv_pmos[w] = 5.004156713329846e-06
@n.xbgr.xm48_u17.nsg13_hv_pmos[l] = 4.000863961809321e-06
@n.xbgr.xm48_u17.nsg13_hv_pmos[delvto] = -1.51818571968092e-04
@n.xbgr.xm48_u17.nsg13_hv_pmos[factuo] = 9.993485648333672e-01
@n.xbgr.xm48_u18.nsg13_hv_pmos[w] = 5.001880567268914e-06
@n.xbgr.xm48_u18.nsg13_hv_pmos[l] = 3.998263066247378e-06
@n.xbgr.xm48_u18.nsg13_hv_pmos[delvto] = -1.35640514889441e-03
@n.xbgr.xm48_u18.nsg13_hv_pmos[factuo] = 9.989882618730592e-01
@n.xbgr.xm48_u19.nsg13_hv_pmos[w] = 5.000254500996726e-06
@n.xbgr.xm48_u19.nsg13_hv_pmos[l] = 3.998186559204250e-06
@n.xbgr.xm48_u19.nsg13_hv_pmos[delvto] = -1.57941079342141e-03
@n.xbgr.xm48_u19.nsg13_hv_pmos[factuo] = 1.000434615474057e+00
@n.xbgr.xm48_u20.nsg13_hv_pmos[w] = 4.997787572747802e-06
@n.xbgr.xm48_u20.nsg13_hv_pmos[l] = 3.996864749068531e-06
@n.xbgr.xm48_u20.nsg13_hv_pmos[delvto] = -1.08637940307649e-03
@n.xbgr.xm48_u20.nsg13_hv_pmos[factuo] = 9.995271467202348e-01
@n.xbgr.xm48_u21.nsg13_hv_pmos[w] = 4.996746522373874e-06
@n.xbgr.xm48_u21.nsg13_hv_pmos[l] = 3.999891653201179e-06
@n.xbgr.xm48_u21.nsg13_hv_pmos[delvto] = 1.200306289155904e-03
@n.xbgr.xm48_u21.nsg13_hv_pmos[factuo] = 9.996118515506692e-01
@n.xbgr.xm48_u22.nsg13_hv_pmos[w] = 5.000340178002866e-06
@n.xbgr.xm48_u22.nsg13_hv_pmos[l] = 4.000495729245713e-06
@n.xbgr.xm48_u22.nsg13_hv_pmos[delvto] = 1.210236720317214e-04
@n.xbgr.xm48_u22.nsg13_hv_pmos[factuo] = 1.002267949446928e+00
@n.xbgr.xm48_u23.nsg13_hv_pmos[w] = 4.998695565769656e-06
@n.xbgr.xm48_u23.nsg13_hv_pmos[l] = 3.998034293607147e-06
@n.xbgr.xm48_u23.nsg13_hv_pmos[delvto] = 1.607215026378744e-03
@n.xbgr.xm48_u23.nsg13_hv_pmos[factuo] = 9.999932251188414e-01
@n.xbgr.xm48_u24.nsg13_hv_pmos[w] = 4.996201827596727e-06
@n.xbgr.xm48_u24.nsg13_hv_pmos[l] = 3.995754236185174e-06
@n.xbgr.xm48_u24.nsg13_hv_pmos[delvto] = -3.30004515713104e-04
@n.xbgr.xm48_u24.nsg13_hv_pmos[factuo] = 9.992998530075966e-01
@n.xbgr.xm50_u2.nsg13_hv_pmos[w] = 1.000420895463332e-05
@n.xbgr.xm50_u2.nsg13_hv_pmos[l] = 3.995795879715118e-06
@n.xbgr.xm50_u2.nsg13_hv_pmos[delvto] = -2.22676001697605e-04
@n.xbgr.xm50_u2.nsg13_hv_pmos[factuo] = 9.991794358974688e-01
@n.xbgr.xm50_u3.nsg13_hv_pmos[w] = 1.000155730358841e-05
@n.xbgr.xm50_u3.nsg13_hv_pmos[l] = 4.004556824567254e-06
@n.xbgr.xm50_u3.nsg13_hv_pmos[delvto] = 2.033592950849671e-04
@n.xbgr.xm50_u3.nsg13_hv_pmos[factuo] = 1.000696194808853e+00
@n.xbgr.xm50_u4.nsg13_hv_pmos[w] = 9.993828895853460e-06
@n.xbgr.xm50_u4.nsg13_hv_pmos[l] = 3.999602325616973e-06
@n.xbgr.xm50_u4.nsg13_hv_pmos[delvto] = 1.491487684702775e-03
@n.xbgr.xm50_u4.nsg13_hv_pmos[factuo] = 1.000574670675891e+00
@n.xbgr.xm50_u5.nsg13_hv_pmos[w] = 9.996391960203395e-06
@n.xbgr.xm50_u5.nsg13_hv_pmos[l] = 3.999087786001711e-06
@n.xbgr.xm50_u5.nsg13_hv_pmos[delvto] = 2.881583685040536e-04
@n.xbgr.xm50_u5.nsg13_hv_pmos[factuo] = 9.994960167118180e-01
@n.xbgr.xm50_u6.nsg13_hv_pmos[w] = 9.998298211241806e-06
@n.xbgr.xm50_u6.nsg13_hv_pmos[l] = 3.999427454994455e-06
@n.xbgr.xm50_u6.nsg13_hv_pmos[delvto] = 7.317758060559994e-06
@n.xbgr.xm50_u6.nsg13_hv_pmos[factuo] = 1.000207018517808e+00
@n.xbgr.xm50_u7.nsg13_hv_pmos[w] = 9.999077903566866e-06
@n.xbgr.xm50_u7.nsg13_hv_pmos[l] = 3.997883842560763e-06
@n.xbgr.xm50_u7.nsg13_hv_pmos[delvto] = -1.01291241132049e-04
@n.xbgr.xm50_u7.nsg13_hv_pmos[factuo] = 1.000985668546539e+00
@n.xbgr.xm50_u8.nsg13_hv_pmos[w] = 9.993284732728761e-06
@n.xbgr.xm50_u8.nsg13_hv_pmos[l] = 4.002436281470682e-06
@n.xbgr.xm50_u8.nsg13_hv_pmos[delvto] = -9.16935726204771e-04
@n.xbgr.xm50_u8.nsg13_hv_pmos[factuo] = 9.993558346551462e-01
@n.xbgr.xm50_u9.nsg13_hv_pmos[w] = 1.000251570184195e-05
@n.xbgr.xm50_u9.nsg13_hv_pmos[l] = 3.996587626242045e-06
@n.xbgr.xm50_u9.nsg13_hv_pmos[delvto] = 1.138718918788518e-04
@n.xbgr.xm50_u9.nsg13_hv_pmos[factuo] = 9.995822449616446e-01
@n.xbgr.xm50_u10.nsg13_hv_pmos[w] = 1.000382694686664e-05
@n.xbgr.xm50_u10.nsg13_hv_pmos[l] = 4.001005216157161e-06
@n.xbgr.xm50_u10.nsg13_hv_pmos[delvto] = -4.63318251405750e-04
@n.xbgr.xm50_u10.nsg13_hv_pmos[factuo] = 1.000931762240560e+00
@n.xbgr.xm50_u11.nsg13_hv_pmos[w] = 1.000265016710748e-05
@n.xbgr.xm50_u11.nsg13_hv_pmos[l] = 4.003185336746607e-06
@n.xbgr.xm50_u11.nsg13_hv_pmos[delvto] = -8.96950409793353e-04
@n.xbgr.xm50_u11.nsg13_hv_pmos[factuo] = 1.000040407979091e+00
@n.xbgr.xm50_u12.nsg13_hv_pmos[w] = 9.994202817882592e-06
@n.xbgr.xm50_u12.nsg13_hv_pmos[l] = 4.001411455141128e-06
@n.xbgr.xm50_u12.nsg13_hv_pmos[delvto] = -3.41595616101730e-04
@n.xbgr.xm50_u12.nsg13_hv_pmos[factuo] = 1.000458863920283e+00
@n.xbgr.xm50_u13.nsg13_hv_pmos[w] = 1.000234431766257e-05
@n.xbgr.xm50_u13.nsg13_hv_pmos[l] = 3.997267334334277e-06
@n.xbgr.xm50_u13.nsg13_hv_pmos[delvto] = -5.76117438085655e-05
@n.xbgr.xm50_u13.nsg13_hv_pmos[factuo] = 9.997551154473028e-01
@n.xbgr.xm50_u14.nsg13_hv_pmos[w] = 1.000352589804426e-05
@n.xbgr.xm50_u14.nsg13_hv_pmos[l] = 4.001974458868572e-06
@n.xbgr.xm50_u14.nsg13_hv_pmos[delvto] = -6.11856396627205e-04
@n.xbgr.xm50_u14.nsg13_hv_pmos[factuo] = 1.000025075699518e+00
@n.xbgr.xm50_u15.nsg13_hv_pmos[w] = 1.000189010534901e-05
@n.xbgr.xm50_u15.nsg13_hv_pmos[l] = 4.006023173788436e-06
@n.xbgr.xm50_u15.nsg13_hv_pmos[delvto] = 1.751672936612217e-04
@n.xbgr.xm50_u15.nsg13_hv_pmos[factuo] = 9.994862107727099e-01
@n.xbgr.xm50_u16.nsg13_hv_pmos[w] = 1.000150625339562e-05
@n.xbgr.xm50_u16.nsg13_hv_pmos[l] = 4.001304305325898e-06
@n.xbgr.xm50_u16.nsg13_hv_pmos[delvto] = -1.85638841335030e-05
@n.xbgr.xm50_u16.nsg13_hv_pmos[factuo] = 1.000222796660326e+00
@n.xbgr.xm50_u17.nsg13_hv_pmos[w] = 9.999105391670363e-06
@n.xbgr.xm50_u17.nsg13_hv_pmos[l] = 4.002445909855311e-06
@n.xbgr.xm50_u17.nsg13_hv_pmos[delvto] = 1.142346799018541e-03
@n.xbgr.xm50_u17.nsg13_hv_pmos[factuo] = 1.000782656840622e+00
@n.xbgr.xm50_u18.nsg13_hv_pmos[w] = 1.000091288992131e-05
@n.xbgr.xm50_u18.nsg13_hv_pmos[l] = 4.003565820609949e-06
@n.xbgr.xm50_u18.nsg13_hv_pmos[delvto] = -6.19752465198992e-04
@n.xbgr.xm50_u18.nsg13_hv_pmos[factuo] = 9.993418556893536e-01
@n.xbgr.xm50_u19.nsg13_hv_pmos[w] = 9.996601518245831e-06
@n.xbgr.xm50_u19.nsg13_hv_pmos[l] = 3.994087375805860e-06
@n.xbgr.xm50_u19.nsg13_hv_pmos[delvto] = -4.03624214280706e-04
@n.xbgr.xm50_u19.nsg13_hv_pmos[factuo] = 1.000565195081883e+00
@n.xbgr.xm50_u20.nsg13_hv_pmos[w] = 1.000155767945665e-05
@n.xbgr.xm50_u20.nsg13_hv_pmos[l] = 4.004885682659250e-06
@n.xbgr.xm50_u20.nsg13_hv_pmos[delvto] = 6.059396785362079e-04
@n.xbgr.xm50_u20.nsg13_hv_pmos[factuo] = 1.000395486687417e+00
@n.xbgr.xm50_u21.nsg13_hv_pmos[w] = 9.996815189653999e-06
@n.xbgr.xm50_u21.nsg13_hv_pmos[l] = 4.000116347068789e-06
@n.xbgr.xm50_u21.nsg13_hv_pmos[delvto] = 5.130995950311263e-04
@n.xbgr.xm50_u21.nsg13_hv_pmos[factuo] = 9.987518009018176e-01
@n.xbgr.xm50_u22.nsg13_hv_pmos[w] = 1.000042332127391e-05
@n.xbgr.xm50_u22.nsg13_hv_pmos[l] = 3.998149107228382e-06
@n.xbgr.xm50_u22.nsg13_hv_pmos[delvto] = -4.16081509597191e-05
@n.xbgr.xm50_u22.nsg13_hv_pmos[factuo] = 9.992410098283026e-01
@n.xbgr.xm50_u23.nsg13_hv_pmos[w] = 1.000053506569573e-05
@n.xbgr.xm50_u23.nsg13_hv_pmos[l] = 3.997662447332641e-06
@n.xbgr.xm50_u23.nsg13_hv_pmos[delvto] = -2.37919652204716e-04
@n.xbgr.xm50_u23.nsg13_hv_pmos[factuo] = 9.998121467333672e-01
@n.xbgr.xm50_u24.nsg13_hv_pmos[w] = 1.000255786733724e-05
@n.xbgr.xm50_u24.nsg13_hv_pmos[l] = 3.999735519154776e-06
@n.xbgr.xm50_u24.nsg13_hv_pmos[delvto] = 4.490259796861915e-04
@n.xbgr.xm50_u24.nsg13_hv_pmos[factuo] = 9.999365779233536e-01
@n.xbgr.xm51_u2.nsg13_hv_pmos[w] = 9.995956786446736e-06
@n.xbgr.xm51_u2.nsg13_hv_pmos[l] = 4.004808066988953e-06
@n.xbgr.xm51_u2.nsg13_hv_pmos[delvto] = -1.30563779294495e-03
@n.xbgr.xm51_u2.nsg13_hv_pmos[factuo] = 1.000702660233374e+00
@n.xbgr.xm51_u3.nsg13_hv_pmos[w] = 9.999700467941163e-06
@n.xbgr.xm51_u3.nsg13_hv_pmos[l] = 4.000699646940257e-06
@n.xbgr.xm51_u3.nsg13_hv_pmos[delvto] = -6.43845887371339e-04
@n.xbgr.xm51_u3.nsg13_hv_pmos[factuo] = 1.000140857380353e+00
@n.xbgr.xm51_u4.nsg13_hv_pmos[w] = 9.994152419859011e-06
@n.xbgr.xm51_u4.nsg13_hv_pmos[l] = 3.996887362989159e-06
@n.xbgr.xm51_u4.nsg13_hv_pmos[delvto] = -1.15572553275834e-04
@n.xbgr.xm51_u4.nsg13_hv_pmos[factuo] = 9.998016129779606e-01
@n.xbgr.xm52_u2.nsg13_hv_pmos[w] = 9.998502320848337e-06
@n.xbgr.xm52_u2.nsg13_hv_pmos[l] = 4.001468487399408e-06
@n.xbgr.xm52_u2.nsg13_hv_pmos[delvto] = -5.84487707035665e-04
@n.xbgr.xm52_u2.nsg13_hv_pmos[factuo] = 9.998463050064024e-01
@n.xbgr.xm52_u3.nsg13_hv_pmos[w] = 9.998592153279115e-06
@n.xbgr.xm52_u3.nsg13_hv_pmos[l] = 3.999767990775384e-06
@n.xbgr.xm52_u3.nsg13_hv_pmos[delvto] = 6.654328373887284e-04
@n.xbgr.xm52_u3.nsg13_hv_pmos[factuo] = 9.996860733268835e-01
@n.xbgr.xm52_u4.nsg13_hv_pmos[w] = 1.000110499598643e-05
@n.xbgr.xm52_u4.nsg13_hv_pmos[l] = 3.993419039367290e-06
@n.xbgr.xm52_u4.nsg13_hv_pmos[delvto] = 3.718984969633746e-04
@n.xbgr.xm52_u4.nsg13_hv_pmos[factuo] = 9.992853976611432e-01
@n.xbgr.xm52_u5.nsg13_hv_pmos[w] = 9.997557740051286e-06
@n.xbgr.xm52_u5.nsg13_hv_pmos[l] = 3.997161484181415e-06
@n.xbgr.xm52_u5.nsg13_hv_pmos[delvto] = -3.23503560017815e-04
@n.xbgr.xm52_u5.nsg13_hv_pmos[factuo] = 9.993928527908664e-01
@n.xbgr.xm52_u6.nsg13_hv_pmos[w] = 1.000468661160144e-05
@n.xbgr.xm52_u6.nsg13_hv_pmos[l] = 4.000664728428324e-06
@n.xbgr.xm52_u6.nsg13_hv_pmos[delvto] = 5.028863811876018e-04
@n.xbgr.xm52_u6.nsg13_hv_pmos[factuo] = 1.000136082404102e+00
@n.xbgr.xm52_u7.nsg13_hv_pmos[w] = 1.000072325502724e-05
@n.xbgr.xm52_u7.nsg13_hv_pmos[l] = 4.005645483746894e-06
@n.xbgr.xm52_u7.nsg13_hv_pmos[delvto] = 7.966038690925685e-04
@n.xbgr.xm52_u7.nsg13_hv_pmos[factuo] = 1.000527708411005e+00
@n.xbgr.xm52_u8.nsg13_hv_pmos[w] = 1.000091779844538e-05
@n.xbgr.xm52_u8.nsg13_hv_pmos[l] = 3.993361500349553e-06
@n.xbgr.xm52_u8.nsg13_hv_pmos[delvto] = -1.78477372541711e-03
@n.xbgr.xm52_u8.nsg13_hv_pmos[factuo] = 1.000005211812205e+00
@n.xbgr.xm52_u9.nsg13_hv_pmos[w] = 9.998242616127839e-06
@n.xbgr.xm52_u9.nsg13_hv_pmos[l] = 3.999374637259768e-06
@n.xbgr.xm52_u9.nsg13_hv_pmos[delvto] = -5.07107088978948e-04
@n.xbgr.xm52_u9.nsg13_hv_pmos[factuo] = 1.000348524718097e+00
@n.xbgr.xm52_u10.nsg13_hv_pmos[w] = 1.000002596599103e-05
@n.xbgr.xm52_u10.nsg13_hv_pmos[l] = 4.001338338830247e-06
@n.xbgr.xm52_u10.nsg13_hv_pmos[delvto] = -5.10157610888404e-04
@n.xbgr.xm52_u10.nsg13_hv_pmos[factuo] = 9.996658867653482e-01
@n.xbgr.xm52_u11.nsg13_hv_pmos[w] = 9.995518994764271e-06
@n.xbgr.xm52_u11.nsg13_hv_pmos[l] = 4.000848133660745e-06
@n.xbgr.xm52_u11.nsg13_hv_pmos[delvto] = 1.111606804373448e-04
@n.xbgr.xm52_u11.nsg13_hv_pmos[factuo] = 9.992181905505619e-01
@n.xbgr.xm52_u12.nsg13_hv_pmos[w] = 9.997536494627414e-06
@n.xbgr.xm52_u12.nsg13_hv_pmos[l] = 4.004476454967295e-06
@n.xbgr.xm52_u12.nsg13_hv_pmos[delvto] = 3.526597132652288e-04
@n.xbgr.xm52_u12.nsg13_hv_pmos[factuo] = 1.000021221773888e+00
@n.xbgr.xm52_u13.nsg13_hv_pmos[w] = 1.000094408344771e-05
@n.xbgr.xm52_u13.nsg13_hv_pmos[l] = 4.000278506951672e-06
@n.xbgr.xm52_u13.nsg13_hv_pmos[delvto] = 8.622026809363605e-04
@n.xbgr.xm52_u13.nsg13_hv_pmos[factuo] = 9.995890564697464e-01
@n.xbgr.xm52_u14.nsg13_hv_pmos[w] = 9.999358573262611e-06
@n.xbgr.xm52_u14.nsg13_hv_pmos[l] = 4.004055697460803e-06
@n.xbgr.xm52_u14.nsg13_hv_pmos[delvto] = 8.588643686008763e-04
@n.xbgr.xm52_u14.nsg13_hv_pmos[factuo] = 1.000344500554309e+00
@n.xbgr.xm52_u15.nsg13_hv_pmos[w] = 1.000075530850547e-05
@n.xbgr.xm52_u15.nsg13_hv_pmos[l] = 4.001398413803560e-06
@n.xbgr.xm52_u15.nsg13_hv_pmos[delvto] = 1.228247718514797e-03
@n.xbgr.xm52_u15.nsg13_hv_pmos[factuo] = 9.995593352297631e-01
@n.xbgr.xm52_u16.nsg13_hv_pmos[w] = 1.000317879476650e-05
@n.xbgr.xm52_u16.nsg13_hv_pmos[l] = 4.000192525813539e-06
@n.xbgr.xm52_u16.nsg13_hv_pmos[delvto] = -3.47604525466673e-05
@n.xbgr.xm52_u16.nsg13_hv_pmos[factuo] = 9.992122690603406e-01
@n.xbgr.xm52_u17.nsg13_hv_pmos[w] = 9.998611659797532e-06
@n.xbgr.xm52_u17.nsg13_hv_pmos[l] = 4.001809430097970e-06
@n.xbgr.xm52_u17.nsg13_hv_pmos[delvto] = 5.244237146425377e-04
@n.xbgr.xm52_u17.nsg13_hv_pmos[factuo] = 1.000027158824271e+00
@n.xbgr.xm52_u18.nsg13_hv_pmos[w] = 9.999853295034351e-06
@n.xbgr.xm52_u18.nsg13_hv_pmos[l] = 4.001901988343517e-06
@n.xbgr.xm52_u18.nsg13_hv_pmos[delvto] = 6.870932463781908e-04
@n.xbgr.xm52_u18.nsg13_hv_pmos[factuo] = 9.991876489529312e-01
@n.xbgr.xm52_u19.nsg13_hv_pmos[w] = 1.000129877186305e-05
@n.xbgr.xm52_u19.nsg13_hv_pmos[l] = 3.999970886883102e-06
@n.xbgr.xm52_u19.nsg13_hv_pmos[delvto] = -1.56946519748686e-04
@n.xbgr.xm52_u19.nsg13_hv_pmos[factuo] = 9.996119898926220e-01
@n.xbgr.xm52_u20.nsg13_hv_pmos[w] = 9.997332688079299e-06
@n.xbgr.xm52_u20.nsg13_hv_pmos[l] = 4.005353247498027e-06
@n.xbgr.xm52_u20.nsg13_hv_pmos[delvto] = 5.400842741756593e-04
@n.xbgr.xm52_u20.nsg13_hv_pmos[factuo] = 1.001319027828250e+00
@n.xbgr.xm52_u21.nsg13_hv_pmos[w] = 1.000030448608268e-05
@n.xbgr.xm52_u21.nsg13_hv_pmos[l] = 4.000405764141579e-06
@n.xbgr.xm52_u21.nsg13_hv_pmos[delvto] = 3.320168995563229e-04
@n.xbgr.xm52_u21.nsg13_hv_pmos[factuo] = 1.000072728462157e+00
@n.xbgr.xm52_u22.nsg13_hv_pmos[w] = 1.000087404331416e-05
@n.xbgr.xm52_u22.nsg13_hv_pmos[l] = 4.003551086323782e-06
@n.xbgr.xm52_u22.nsg13_hv_pmos[delvto] = -3.42840086906544e-04
@n.xbgr.xm52_u22.nsg13_hv_pmos[factuo] = 1.000032722971938e+00
@n.xbgr.xm52_u23.nsg13_hv_pmos[w] = 9.995918606583695e-06
@n.xbgr.xm52_u23.nsg13_hv_pmos[l] = 3.998548397009417e-06
@n.xbgr.xm52_u23.nsg13_hv_pmos[delvto] = -6.46060269657768e-04
@n.xbgr.xm52_u23.nsg13_hv_pmos[factuo] = 1.000321612094115e+00
@n.xbgr.xm52_u24.nsg13_hv_pmos[w] = 1.000182184322927e-05
@n.xbgr.xm52_u24.nsg13_hv_pmos[l] = 4.000318793192983e-06
@n.xbgr.xm52_u24.nsg13_hv_pmos[delvto] = -1.01781009828423e-04
@n.xbgr.xm52_u24.nsg13_hv_pmos[factuo] = 9.992316159046711e-01
@n.xbgr.xm54_u2.nsg13_hv_pmos[w] = 1.000345863418043e-05
@n.xbgr.xm54_u2.nsg13_hv_pmos[l] = 3.998058667055883e-06
@n.xbgr.xm54_u2.nsg13_hv_pmos[delvto] = -3.74601761579177e-04
@n.xbgr.xm54_u2.nsg13_hv_pmos[factuo] = 1.000243302770072e+00
@n.xbgr.xm54_u3.nsg13_hv_pmos[w] = 9.995352852954947e-06
@n.xbgr.xm54_u3.nsg13_hv_pmos[l] = 3.996916218334342e-06
@n.xbgr.xm54_u3.nsg13_hv_pmos[delvto] = 1.320083702017535e-04
@n.xbgr.xm54_u3.nsg13_hv_pmos[factuo] = 9.994271156058370e-01
@n.xbgr.xm54_u4.nsg13_hv_pmos[w] = 1.000430642672854e-05
@n.xbgr.xm54_u4.nsg13_hv_pmos[l] = 3.998321558253220e-06
@n.xbgr.xm54_u4.nsg13_hv_pmos[delvto] = -4.92327066420753e-04
@n.xbgr.xm54_u4.nsg13_hv_pmos[factuo] = 1.000404144854115e+00
@n.xbgr.xm54_u5.nsg13_hv_pmos[w] = 1.000148709277940e-05
@n.xbgr.xm54_u5.nsg13_hv_pmos[l] = 3.998006068318795e-06
@n.xbgr.xm54_u5.nsg13_hv_pmos[delvto] = 1.394867295329259e-04
@n.xbgr.xm54_u5.nsg13_hv_pmos[factuo] = 9.994297543096816e-01
@n.xbgr.xm54_u6.nsg13_hv_pmos[w] = 1.000460430527220e-05
@n.xbgr.xm54_u6.nsg13_hv_pmos[l] = 4.001355704028663e-06
@n.xbgr.xm54_u6.nsg13_hv_pmos[delvto] = 3.390506483924616e-04
@n.xbgr.xm54_u6.nsg13_hv_pmos[factuo] = 9.999500456211522e-01
@n.xbgr.xm54_u7.nsg13_hv_pmos[w] = 9.998307027429717e-06
@n.xbgr.xm54_u7.nsg13_hv_pmos[l] = 4.000351939275491e-06
@n.xbgr.xm54_u7.nsg13_hv_pmos[delvto] = -3.71855599046687e-04
@n.xbgr.xm54_u7.nsg13_hv_pmos[factuo] = 9.999601827246164e-01
@n.xbgr.xm54_u8.nsg13_hv_pmos[w] = 1.000083272670300e-05
@n.xbgr.xm54_u8.nsg13_hv_pmos[l] = 3.997879513866471e-06
@n.xbgr.xm54_u8.nsg13_hv_pmos[delvto] = -1.01262204796395e-03
@n.xbgr.xm54_u8.nsg13_hv_pmos[factuo] = 9.989743103964848e-01
@n.xbgr.xm54_u9.nsg13_hv_pmos[w] = 1.000227905272856e-05
@n.xbgr.xm54_u9.nsg13_hv_pmos[l] = 3.999950603861559e-06
@n.xbgr.xm54_u9.nsg13_hv_pmos[delvto] = 6.043452136421114e-04
@n.xbgr.xm54_u9.nsg13_hv_pmos[factuo] = 1.000913823808745e+00
@n.xbgr.xm54_u10.nsg13_hv_pmos[w] = 9.996026496380924e-06
@n.xbgr.xm54_u10.nsg13_hv_pmos[l] = 4.002985280387870e-06
@n.xbgr.xm54_u10.nsg13_hv_pmos[delvto] = 5.187494392583440e-04
@n.xbgr.xm54_u10.nsg13_hv_pmos[factuo] = 1.000045804402796e+00
@n.xbgr.xm54_u11.nsg13_hv_pmos[w] = 1.000154979119106e-05
@n.xbgr.xm54_u11.nsg13_hv_pmos[l] = 4.000234031845395e-06
@n.xbgr.xm54_u11.nsg13_hv_pmos[delvto] = -1.51883904456156e-03
@n.xbgr.xm54_u11.nsg13_hv_pmos[factuo] = 1.001087379867021e+00
@n.xbgr.xm54_u12.nsg13_hv_pmos[w] = 9.998114238177899e-06
@n.xbgr.xm54_u12.nsg13_hv_pmos[l] = 3.997752693858013e-06
@n.xbgr.xm54_u12.nsg13_hv_pmos[delvto] = -4.27475362159846e-05
@n.xbgr.xm54_u12.nsg13_hv_pmos[factuo] = 9.993385620288696e-01
@n.xbgr.xm54_u13.nsg13_hv_pmos[w] = 1.000768774075322e-05
@n.xbgr.xm54_u13.nsg13_hv_pmos[l] = 4.001824939450652e-06
@n.xbgr.xm54_u13.nsg13_hv_pmos[delvto] = 1.759050381332754e-04
@n.xbgr.xm54_u13.nsg13_hv_pmos[factuo] = 1.000484416301062e+00
@n.xbgr.xm54_u14.nsg13_hv_pmos[w] = 1.000734799627846e-05
@n.xbgr.xm54_u14.nsg13_hv_pmos[l] = 3.995671656655425e-06
@n.xbgr.xm54_u14.nsg13_hv_pmos[delvto] = 1.769395344029089e-03
@n.xbgr.xm54_u14.nsg13_hv_pmos[factuo] = 9.997354609356339e-01
@n.xbgr.xm54_u15.nsg13_hv_pmos[w] = 9.997039445586619e-06
@n.xbgr.xm54_u15.nsg13_hv_pmos[l] = 4.000663780447039e-06
@n.xbgr.xm54_u15.nsg13_hv_pmos[delvto] = 2.753954615185904e-04
@n.xbgr.xm54_u15.nsg13_hv_pmos[factuo] = 9.992677941049671e-01
@n.xbgr.xm54_u16.nsg13_hv_pmos[w] = 9.999426977779182e-06
@n.xbgr.xm54_u16.nsg13_hv_pmos[l] = 4.000494368729676e-06
@n.xbgr.xm54_u16.nsg13_hv_pmos[delvto] = 5.175207511782689e-04
@n.xbgr.xm54_u16.nsg13_hv_pmos[factuo] = 9.986407949549474e-01
@n.xbgr.xm54_u17.nsg13_hv_pmos[w] = 9.998923683298332e-06
@n.xbgr.xm54_u17.nsg13_hv_pmos[l] = 4.000962539503460e-06
@n.xbgr.xm54_u17.nsg13_hv_pmos[delvto] = -1.03352652335945e-03
@n.xbgr.xm54_u17.nsg13_hv_pmos[factuo] = 1.000723028012246e+00
@n.xbgr.xm54_u18.nsg13_hv_pmos[w] = 9.999048605927795e-06
@n.xbgr.xm54_u18.nsg13_hv_pmos[l] = 3.996434213064317e-06
@n.xbgr.xm54_u18.nsg13_hv_pmos[delvto] = 6.049649000743592e-04
@n.xbgr.xm54_u18.nsg13_hv_pmos[factuo] = 9.998325476567336e-01
@n.xbgr.xm54_u19.nsg13_hv_pmos[w] = 9.997133382702459e-06
@n.xbgr.xm54_u19.nsg13_hv_pmos[l] = 4.000144479768276e-06
@n.xbgr.xm54_u19.nsg13_hv_pmos[delvto] = -9.37853742694453e-04
@n.xbgr.xm54_u19.nsg13_hv_pmos[factuo] = 9.990827208487124e-01
@n.xbgr.xm54_u20.nsg13_hv_pmos[w] = 1.000069983240984e-05
@n.xbgr.xm54_u20.nsg13_hv_pmos[l] = 4.004564682613051e-06
@n.xbgr.xm54_u20.nsg13_hv_pmos[delvto] = 1.049672476374723e-03
@n.xbgr.xm54_u20.nsg13_hv_pmos[factuo] = 1.000437362804588e+00
@n.xbgr.xm54_u21.nsg13_hv_pmos[w] = 1.000095737539492e-05
@n.xbgr.xm54_u21.nsg13_hv_pmos[l] = 3.995024726358242e-06
@n.xbgr.xm54_u21.nsg13_hv_pmos[delvto] = -1.22840235425633e-03
@n.xbgr.xm54_u21.nsg13_hv_pmos[factuo] = 9.997991165721054e-01
@n.xbgr.xm54_u22.nsg13_hv_pmos[w] = 9.999337640494055e-06
@n.xbgr.xm54_u22.nsg13_hv_pmos[l] = 3.997612873079891e-06
@n.xbgr.xm54_u22.nsg13_hv_pmos[delvto] = 3.440675658006844e-04
@n.xbgr.xm54_u22.nsg13_hv_pmos[factuo] = 1.000590586018725e+00
@n.xbgr.xm54_u23.nsg13_hv_pmos[w] = 9.995422363282915e-06
@n.xbgr.xm54_u23.nsg13_hv_pmos[l] = 3.997670575615903e-06
@n.xbgr.xm54_u23.nsg13_hv_pmos[delvto] = 1.127024235904528e-04
@n.xbgr.xm54_u23.nsg13_hv_pmos[factuo] = 1.000075118807040e+00
@n.xbgr.xm54_u24.nsg13_hv_pmos[w] = 1.000346354525305e-05
@n.xbgr.xm54_u24.nsg13_hv_pmos[l] = 3.995045167733590e-06
@n.xbgr.xm54_u24.nsg13_hv_pmos[delvto] = 9.447748923894770e-04
@n.xbgr.xm54_u24.nsg13_hv_pmos[factuo] = 9.989965464533652e-01
@q.xbgr.xq56_u2.qnpn13g2[area] = 1.149565258416611e+00
@q.xbgr.xq56_u3.qnpn13g2[area] = 1.145339346077633e+00
@q.xbgr.xq56_u4.qnpn13g2[area] = 9.576299517955572e-01
@q.xbgr.xq56_u5.qnpn13g2[area] = 1.204545890681863e+00
@q.xbgr.xq56_u6.qnpn13g2[area] = 1.087164910628000e+00
@q.xbgr.xq56_u7.qnpn13g2[area] = 8.993062853958420e-01
@q.xbgr.xq56_u8.qnpn13g2[area] = 9.394305954858789e-01
@q.xbgr.xq56_u9.qnpn13g2[area] = 9.869127220326072e-01
@q.xbgr.xq56_u10.qnpn13g2[area] = 9.580812492148888e-01
@q.xbgr.xq56_u11.qnpn13g2[area] = 1.123248613720802e+00
@q.xbgr.xq56_u12.qnpn13g2[area] = 9.924926160218038e-01
@q.xbgr.xq56_u13.qnpn13g2[area] = 1.024809593437047e+00
@q.xbgr.xq56_u14.qnpn13g2[area] = 8.753503224940142e-01
@q.xbgr.xq56_u15.qnpn13g2[area] = 9.368050556583724e-01
@q.xbgr.xq56_u16.qnpn13g2[area] = 1.147306411792936e+00
@q.xbgr.xq56_u17.qnpn13g2[area] = 1.001744936198213e+00
@q.xbgr.xq56_u18.qnpn13g2[area] = 1.089114148630620e+00
@q.xbgr.xq56_u19.qnpn13g2[area] = 1.135131398155223e+00
@q.xbgr.xq56_u20.qnpn13g2[area] = 9.797967502786220e-01
@q.xbgr.xq56_u21.qnpn13g2[area] = 1.015674645195735e+00
@q.xbgr.xq56_u22.qnpn13g2[area] = 1.157229523417746e+00
@q.xbgr.xq56_u23.qnpn13g2[area] = 1.011476272277272e+00
@q.xbgr.xq56_u24.qnpn13g2[area] = 1.147121221961758e+00
@q.xbgr.xq60_u2.qnpn13g2[area] = 1.057778551889966e+00
@q.xbgr.xq60_u3.qnpn13g2[area] = 9.947198550786374e-01
@q.xbgr.xq60_u4.qnpn13g2[area] = 1.005493602104522e+00
@q.xbgr.xq62_u2.qnpn13g2[area] = 1.021074646637068e+00
@q.xbgr.xq62_u3.qnpn13g2[area] = 9.554810334304000e-01
@q.xbgr.xq62_u4.qnpn13g2[area] = 9.411077281979224e-01
@q.xbgr.xq62_u5.qnpn13g2[area] = 8.402867909522334e-01
@q.xbgr.xq62_u6.qnpn13g2[area] = 9.909120326907416e-01
@q.xbgr.xq62_u7.qnpn13g2[area] = 1.067168749095880e+00
@q.xbgr.xq62_u8.qnpn13g2[area] = 7.897466384803102e-01
@q.xbgr.xq62_u9.qnpn13g2[area] = 1.044312290223429e+00
@q.xbgr.xq62_u10.qnpn13g2[area] = 9.867471169818756e-01
@q.xbgr.xq62_u11.qnpn13g2[area] = 1.047459822070173e+00
@q.xbgr.xq62_u12.qnpn13g2[area] = 1.040457817594720e+00
@q.xbgr.xq62_u13.qnpn13g2[area] = 9.339838663895635e-01
@q.xbgr.xq62_u14.qnpn13g2[area] = 9.984905668630760e-01
@q.xbgr.xq62_u15.qnpn13g2[area] = 8.464420866637483e-01
@q.xbgr.xq62_u16.qnpn13g2[area] = 1.055821660423790e+00
@q.xbgr.xq62_u17.qnpn13g2[area] = 9.682080241516989e-01
@q.xbgr.xq62_u18.qnpn13g2[area] = 8.691537566753479e-01
@q.xbgr.xq62_u19.qnpn13g2[area] = 9.635583860626746e-01
@q.xbgr.xq62_u20.qnpn13g2[area] = 1.123004502215961e+00
@q.xbgr.xq62_u21.qnpn13g2[area] = 8.775088684274890e-01
@q.xbgr.xq62_u22.qnpn13g2[area] = 1.234417775452508e+00
@q.xbgr.xq62_u23.qnpn13g2[area] = 8.962519843992617e-01
@q.xbgr.xq62_u24.qnpn13g2[area] = 6.853770633141967e-01
@q.xbgr.xq67_u2.qnpn13g2[area] = 1.255968627280062e+00
@q.xbgr.xq67_u3.qnpn13g2[area] = 1.129632194042911e+00
@q.xbgr.xq67_u4.qnpn13g2[area] = 8.562756523876323e-01
@q.xbgr.xq67_u5.qnpn13g2[area] = 1.151075833469863e+00
@q.xbgr.xq67_u6.qnpn13g2[area] = 1.003058701411547e+00
@q.xbgr.xq67_u7.qnpn13g2[area] = 1.055729942185101e+00
@q.xbgr.xq67_u8.qnpn13g2[area] = 9.529458778449312e-01
@q.xbgr.xq67_u9.qnpn13g2[area] = 9.957616404308574e-01
@q.xbgr.xq67_u10.qnpn13g2[area] = 9.325077151110824e-01
@q.xbgr.xq67_u11.qnpn13g2[area] = 1.035681072634092e+00
@q.xbgr.xq67_u12.qnpn13g2[area] = 9.177332114120160e-01
@q.xbgr.xq67_u13.qnpn13g2[area] = 9.753342481657455e-01
@q.xbgr.xq67_u14.qnpn13g2[area] = 1.148186457909377e+00
@q.xbgr.xq67_u15.qnpn13g2[area] = 9.825103194537438e-01
@q.xbgr.xq67_u16.qnpn13g2[area] = 8.906830472440440e-01
@q.xbgr.xq67_u17.qnpn13g2[area] = 1.000583944188126e+00
@q.xbgr.xq67_u18.qnpn13g2[area] = 9.347294834935016e-01
@q.xbgr.xq67_u19.qnpn13g2[area] = 1.095817888501041e+00
@q.xbgr.xq67_u20.qnpn13g2[area] = 8.109057481021900e-01
@q.xbgr.xq67_u21.qnpn13g2[area] = 1.059332022718115e+00
@q.xbgr.xq67_u22.qnpn13g2[area] = 1.014149018987884e+00
@q.xbgr.xq67_u23.qnpn13g2[area] = 1.048929634702704e+00
@q.xbgr.xq67_u24.qnpn13g2[area] = 1.116274697492195e+00
@q.xbgr.xq68_u2.qnpn13g2[area] = 8.900737857530204e-01
@q.xbgr.xq68_u3.qnpn13g2[area] = 1.126873857241716e+00
@q.xbgr.xq68_u4.qnpn13g2[area] = 8.931800330401527e-01
@q.xbgr.xq68_u5.qnpn13g2[area] = 9.899359232206948e-01
@q.xbgr.xq68_u6.qnpn13g2[area] = 7.520157618725362e-01
@q.xbgr.xq68_u7.qnpn13g2[area] = 9.185116470338259e-01
@q.xbgr.xq68_u8.qnpn13g2[area] = 1.103976793206284e+00
@q.xbgr.xq68_u9.qnpn13g2[area] = 9.346356893465302e-01
@q.xbgr.xq68_u10.qnpn13g2[area] = 8.875175985566043e-01
@q.xbgr.xq68_u11.qnpn13g2[area] = 9.796283533928356e-01
@q.xbgr.xq68_u12.qnpn13g2[area] = 1.138081549167226e+00
@q.xbgr.xq68_u13.qnpn13g2[area] = 9.890684848592948e-01
@q.xbgr.xq68_u14.qnpn13g2[area] = 1.033469820163278e+00
@q.xbgr.xq68_u15.qnpn13g2[area] = 1.011053943646035e+00
@q.xbgr.xq68_u16.qnpn13g2[area] = 1.041567517069887e+00
@q.xbgr.xq68_u17.qnpn13g2[area] = 1.013935232910586e+00
@q.xbgr.xq68_u18.qnpn13g2[area] = 1.096346298765900e+00
@q.xbgr.xq68_u19.qnpn13g2[area] = 9.865267722944013e-01
@q.xbgr.xq68_u20.qnpn13g2[area] = 8.200157734077149e-01
@q.xbgr.xq68_u21.qnpn13g2[area] = 1.028267649928142e+00
@q.xbgr.xq68_u22.qnpn13g2[area] = 8.579898911881059e-01
@q.xbgr.xq68_u23.qnpn13g2[area] = 1.013050103504185e+00
@q.xbgr.xq68_u24.qnpn13g2[area] = 9.895990220681360e-01
@q.xbgr.xq69_u2.qnpn13g2[area] = 1.161582284536111e+00
@q.xbgr.xq69_u3.qnpn13g2[area] = 1.038083041423683e+00
@q.xbgr.xq69_u4.qnpn13g2[area] = 8.878555337989296e-01
@q.xbgr.xq69_u5.qnpn13g2[area] = 1.021948428172556e+00
@q.xbgr.xq69_u6.qnpn13g2[area] = 1.001961390825112e+00
@q.xbgr.xq69_u7.qnpn13g2[area] = 1.047935450795183e+00
@q.xbgr.xq69_u8.qnpn13g2[area] = 1.088234594112815e+00
@q.xbgr.xq69_u9.qnpn13g2[area] = 9.464926278351635e-01
@q.xbgr.xq69_u10.qnpn13g2[area] = 1.019746802847676e+00
@q.xbgr.xq69_u11.qnpn13g2[area] = 1.131146050483234e+00
@q.xbgr.xq69_u12.qnpn13g2[area] = 9.440490980949916e-01
@q.xbgr.xq69_u13.qnpn13g2[area] = 1.231900937064016e+00
@q.xbgr.xq69_u14.qnpn13g2[area] = 9.356828215026888e-01
@q.xbgr.xq69_u15.qnpn13g2[area] = 8.262889470018303e-01
@q.xbgr.xq69_u16.qnpn13g2[area] = 1.115308474877085e+00
@q.xbgr.xq69_u17.qnpn13g2[area] = 8.477411396411135e-01
@q.xbgr.xq69_u18.qnpn13g2[area] = 1.008056638672240e+00
@q.xbgr.xq69_u19.qnpn13g2[area] = 9.995107940712520e-01
@q.xbgr.xq69_u20.qnpn13g2[area] = 8.927336721362096e-01
@q.xbgr.xq69_u21.qnpn13g2[area] = 9.257628324548444e-01
@q.xbgr.xq69_u22.qnpn13g2[area] = 1.083676400569965e+00
@q.xbgr.xq69_u23.qnpn13g2[area] = 1.011001693812545e+00
@q.xbgr.xq69_u24.qnpn13g2[area] = 1.090319806053777e+00
@q.xbgr.xq70_u2.qnpn13g2[area] = 8.829504997424306e-01
@q.xbgr.xq70_u3.qnpn13g2[area] = 9.970576908336206e-01
@q.xbgr.xq70_u4.qnpn13g2[area] = 1.117689846628764e+00
@q.xbgr.xq70_u5.qnpn13g2[area] = 9.945060615302598e-01
@q.xbgr.xq70_u6.qnpn13g2[area] = 9.426554132608260e-01
@q.xbgr.xq70_u7.qnpn13g2[area] = 9.380597739663236e-01
@q.xbgr.xq70_u8.qnpn13g2[area] = 1.012998638531369e+00
@q.xbgr.xq70_u9.qnpn13g2[area] = 1.019529459821189e+00
@q.xbgr.xq70_u10.qnpn13g2[area] = 1.154938349397919e+00
@q.xbgr.xq70_u11.qnpn13g2[area] = 1.243329616580342e+00
@q.xbgr.xq70_u12.qnpn13g2[area] = 1.056116626294325e+00
@q.xbgr.xq70_u13.qnpn13g2[area] = 9.830383129151822e-01
@q.xbgr.xq70_u14.qnpn13g2[area] = 8.782615358808104e-01
@q.xbgr.xq70_u15.qnpn13g2[area] = 1.080643545162075e+00
@q.xbgr.xq70_u16.qnpn13g2[area] = 1.102663271652416e+00
@q.xbgr.xq70_u17.qnpn13g2[area] = 9.831420466207376e-01
@q.xbgr.xq70_u18.qnpn13g2[area] = 1.042959864259575e+00
@q.xbgr.xq70_u19.qnpn13g2[area] = 9.999863705454620e-01
@q.xbgr.xq70_u20.qnpn13g2[area] = 9.197157678726636e-01
@q.xbgr.xq70_u21.qnpn13g2[area] = 1.207418333753321e+00
@q.xbgr.xq70_u22.qnpn13g2[area] = 1.005813704274979e+00
@q.xbgr.xq70_u23.qnpn13g2[area] = 9.665616725671904e-01
@q.xbgr.xq70_u24.qnpn13g2[area] = 1.025761246306615e+00
@q.xbgr.xq71_u2.qnpn13g2[area] = 1.038891308225403e+00
@q.xbgr.xq71_u3.qnpn13g2[area] = 9.700436676835252e-01
@q.xbgr.xq71_u4.qnpn13g2[area] = 1.016845716955123e+00
@q.xbgr.xq71_u5.qnpn13g2[area] = 9.236876042609752e-01
@q.xbgr.xq71_u6.qnpn13g2[area] = 1.156799742042373e+00
@q.xbgr.xq71_u7.qnpn13g2[area] = 1.122892421068152e+00
@q.xbgr.xq71_u8.qnpn13g2[area] = 1.003970382696423e+00
@q.xbgr.xq71_u9.qnpn13g2[area] = 9.813426031513568e-01
@q.xbgr.xq71_u10.qnpn13g2[area] = 1.098408486504439e+00
@q.xbgr.xq71_u11.qnpn13g2[area] = 1.148889214284510e+00
@q.xbgr.xq71_u12.qnpn13g2[area] = 9.073635882131870e-01
@q.xbgr.xq71_u13.qnpn13g2[area] = 1.145449343287633e+00
@q.xbgr.xq71_u14.qnpn13g2[area] = 1.064725742773998e+00
@q.xbgr.xq71_u15.qnpn13g2[area] = 9.632785381958133e-01
@q.xbgr.xq71_u16.qnpn13g2[area] = 1.085160265009867e+00
@q.xbgr.xq71_u17.qnpn13g2[area] = 1.091093110282693e+00
@q.xbgr.xq71_u18.qnpn13g2[area] = 1.028103237272935e+00
@q.xbgr.xq71_u19.qnpn13g2[area] = 7.740877966253547e-01
@q.xbgr.xq71_u20.qnpn13g2[area] = 1.031249945594568e+00
@q.xbgr.xq71_u21.qnpn13g2[area] = 9.521432780668816e-01
@q.xbgr.xq71_u22.qnpn13g2[area] = 8.895167039520608e-01
@q.xbgr.xq71_u23.qnpn13g2[area] = 9.112180120803384e-01
@q.xbgr.xq71_u24.qnpn13g2[area] = 1.188220757222325e+00
@q.xbgr.xq72_u2.qnpn13g2[area] = 9.733594096730834e-01
@q.xbgr.xq72_u3.qnpn13g2[area] = 1.021900509107837e+00
@q.xbgr.xq72_u4.qnpn13g2[area] = 8.333100441916913e-01
@q.xbgr.xq72_u5.qnpn13g2[area] = 1.031371011308287e+00
@q.xbgr.xq72_u6.qnpn13g2[area] = 8.957237229478341e-01
@q.xbgr.xq72_u7.qnpn13g2[area] = 1.011946718578552e+00
@q.xbgr.xq72_u8.qnpn13g2[area] = 1.048587443850782e+00
@q.xbgr.xq72_u9.qnpn13g2[area] = 9.221966616783808e-01
@q.xbgr.xq72_u10.qnpn13g2[area] = 9.774783472885212e-01
@q.xbgr.xq72_u11.qnpn13g2[area] = 1.023902356534985e+00
@q.xbgr.xq72_u12.qnpn13g2[area] = 9.196817504504652e-01
@q.xbgr.xq72_u13.qnpn13g2[area] = 1.038951877903933e+00
@q.xbgr.xq72_u14.qnpn13g2[area] = 8.985366018730021e-01
@q.xbgr.xq72_u15.qnpn13g2[area] = 9.966914688030786e-01
@q.xbgr.xq72_u16.qnpn13g2[area] = 1.042215524629174e+00
@q.xbgr.xq72_u17.qnpn13g2[area] = 1.217762522691527e+00
@q.xbgr.xq72_u18.qnpn13g2[area] = 8.347060683172980e-01
@q.xbgr.xq72_u19.qnpn13g2[area] = 7.839120460339345e-01
@q.xbgr.xq72_u20.qnpn13g2[area] = 1.169395600654369e+00
@q.xbgr.xq72_u21.qnpn13g2[area] = 9.946528525408256e-01
@q.xbgr.xq72_u22.qnpn13g2[area] = 9.996810242223928e-01
@q.xbgr.xq72_u23.qnpn13g2[area] = 1.035649331828387e+00
@q.xbgr.xq72_u24.qnpn13g2[area] = 1.067478757510571e+00
@q.xbgr.xq73_u2.qnpn13g2[area] = 9.457406325607868e-01
@q.xbgr.xq73_u3.qnpn13g2[area] = 1.138756985488183e+00
@q.xbgr.xq73_u4.qnpn13g2[area] = 1.067448429104053e+00
@q.xbgr.xq73_u5.qnpn13g2[area] = 8.297319728288186e-01
@q.xbgr.xq73_u6.qnpn13g2[area] = 1.118084466601265e+00
@q.xbgr.xq73_u7.qnpn13g2[area] = 9.368953347318304e-01
@q.xbgr.xq73_u8.qnpn13g2[area] = 9.534595223282611e-01
@q.xbgr.xq73_u9.qnpn13g2[area] = 1.061485921950167e+00
@q.xbgr.xq73_u10.qnpn13g2[area] = 8.941703789453688e-01
@q.xbgr.xq73_u11.qnpn13g2[area] = 8.739817978745691e-01
@q.xbgr.xq73_u12.qnpn13g2[area] = 8.691851187323184e-01
@q.xbgr.xq73_u13.qnpn13g2[area] = 9.865047234901028e-01
@q.xbgr.xq73_u14.qnpn13g2[area] = 1.025158637806458e+00
@q.xbgr.xq73_u15.qnpn13g2[area] = 1.001279311326083e+00
@q.xbgr.xq73_u16.qnpn13g2[area] = 1.025542930315392e+00
@q.xbgr.xq73_u17.qnpn13g2[area] = 9.139768790119608e-01
@q.xbgr.xq73_u18.qnpn13g2[area] = 1.088545406454670e+00
@q.xbgr.xq73_u19.qnpn13g2[area] = 8.969199575546980e-01
@q.xbgr.xq73_u20.qnpn13g2[area] = 1.196834317366831e+00
@q.xbgr.xq73_u21.qnpn13g2[area] = 1.033314903832773e+00
@q.xbgr.xq73_u22.qnpn13g2[area] = 1.028935641621230e+00
@q.xbgr.xq73_u23.qnpn13g2[area] = 1.195664466054398e+00
@q.xbgr.xq73_u24.qnpn13g2[area] = 1.013191583302830e+00
@q.xbgr.xq74_u2.qnpn13g2[area] = 8.972274299847692e-01
@q.xbgr.xq74_u3.qnpn13g2[area] = 9.797491115506134e-01
@q.xbgr.xq74_u4.qnpn13g2[area] = 1.006238181469331e+00
@q.xbgr.xq74_u5.qnpn13g2[area] = 1.032251668128823e+00
@q.xbgr.xq74_u6.qnpn13g2[area] = 8.919315878472234e-01
@q.xbgr.xq74_u7.qnpn13g2[area] = 1.055845356118183e+00
@q.xbgr.xq74_u8.qnpn13g2[area] = 1.075583356361751e+00
@q.xbgr.xq74_u9.qnpn13g2[area] = 1.142760440583718e+00
@q.xbgr.xq74_u10.qnpn13g2[area] = 1.013287872162177e+00
@q.xbgr.xq74_u11.qnpn13g2[area] = 1.058706123622705e+00
@q.xbgr.xq74_u12.qnpn13g2[area] = 1.187129483858653e+00
@q.xbgr.xq74_u13.qnpn13g2[area] = 1.051980034305354e+00
@q.xbgr.xq74_u14.qnpn13g2[area] = 1.089431858860717e+00
@q.xbgr.xq74_u15.qnpn13g2[area] = 1.062724413681362e+00
@q.xbgr.xq74_u16.qnpn13g2[area] = 9.649779095773372e-01
@q.xbgr.xq74_u17.qnpn13g2[area] = 1.028406831789365e+00
@q.xbgr.xq74_u18.qnpn13g2[area] = 9.793198395341823e-01
@q.xbgr.xq74_u19.qnpn13g2[area] = 1.004208879566462e+00
@q.xbgr.xq74_u20.qnpn13g2[area] = 8.780235747417825e-01
@q.xbgr.xq74_u21.qnpn13g2[area] = 9.891211079437946e-01
@q.xbgr.xq74_u22.qnpn13g2[area] = 1.029286406337801e+00
@q.xbgr.xq74_u23.qnpn13g2[area] = 1.200468284780058e+00
@q.xbgr.xq74_u24.qnpn13g2[area] = 9.448383223764064e-01
@q.xbgr.xq75_u2.qnpn13g2[area] = 8.778497792764162e-01
@q.xbgr.xq75_u3.qnpn13g2[area] = 9.403213026119274e-01
@q.xbgr.xq75_u4.qnpn13g2[area] = 1.050449150898996e+00
@q.xbgr.xq75_u5.qnpn13g2[area] = 1.114095005405029e+00
@q.xbgr.xq75_u6.qnpn13g2[area] = 1.035257737946921e+00
@q.xbgr.xq75_u7.qnpn13g2[area] = 1.161829837771239e+00
@q.xbgr.xq75_u8.qnpn13g2[area] = 1.031272061125379e+00
@q.xbgr.xq75_u9.qnpn13g2[area] = 1.029396181209541e+00
@q.xbgr.xq75_u10.qnpn13g2[area] = 1.022657784208326e+00
@q.xbgr.xq75_u11.qnpn13g2[area] = 9.198535578888224e-01
@q.xbgr.xq75_u12.qnpn13g2[area] = 8.713787675888168e-01
@q.xbgr.xq75_u13.qnpn13g2[area] = 9.198432320037516e-01
@q.xbgr.xq75_u14.qnpn13g2[area] = 1.082043611102051e+00
@q.xbgr.xq75_u15.qnpn13g2[area] = 8.704886650262904e-01
@q.xbgr.xq75_u16.qnpn13g2[area] = 1.004806196306737e+00
@q.xbgr.xq75_u17.qnpn13g2[area] = 9.144601958864563e-01
@q.xbgr.xq75_u18.qnpn13g2[area] = 1.056218373460015e+00
@q.xbgr.xq75_u19.qnpn13g2[area] = 9.691150751245936e-01
@q.xbgr.xq75_u20.qnpn13g2[area] = 9.946402791388156e-01
@q.xbgr.xq75_u21.qnpn13g2[area] = 9.598973793371238e-01
@q.xbgr.xq75_u22.qnpn13g2[area] = 1.232396799677790e+00
@q.xbgr.xq75_u23.qnpn13g2[area] = 9.929368107130524e-01
@q.xbgr.xq75_u24.qnpn13g2[area] = 1.237540179017191e+00
@q.xbgr.xq76_u2.qnpn13g2[area] = 9.288544748854700e-01
@q.xbgr.xq76_u3.qnpn13g2[area] = 1.088119486915066e+00
@q.xbgr.xq76_u4.qnpn13g2[area] = 9.272663290704688e-01
@q.xbgr.xq76_u5.qnpn13g2[area] = 9.231822036855160e-01
@q.xbgr.xq76_u6.qnpn13g2[area] = 1.030087144245716e+00
@q.xbgr.xq76_u7.qnpn13g2[area] = 9.739477294024236e-01
@q.xbgr.xq76_u8.qnpn13g2[area] = 1.088102794970044e+00
@q.xbgr.xq76_u9.qnpn13g2[area] = 1.035037431838426e+00
@q.xbgr.xq76_u10.qnpn13g2[area] = 9.061852802721336e-01
@q.xbgr.xq76_u11.qnpn13g2[area] = 8.959634905230360e-01
@q.xbgr.xq76_u12.qnpn13g2[area] = 1.145640905495207e+00
@q.xbgr.xq76_u13.qnpn13g2[area] = 9.289212424451437e-01
@q.xbgr.xq76_u14.qnpn13g2[area] = 8.800758633856205e-01
@q.xbgr.xq76_u15.qnpn13g2[area] = 1.056206780985759e+00
@q.xbgr.xq76_u16.qnpn13g2[area] = 1.016182257371249e+00
@q.xbgr.xq76_u17.qnpn13g2[area] = 7.500297163904474e-01
@q.xbgr.xq76_u18.qnpn13g2[area] = 9.716259879707676e-01
@q.xbgr.xq76_u19.qnpn13g2[area] = 9.428474808173788e-01
@q.xbgr.xq76_u20.qnpn13g2[area] = 9.707444526560671e-01
@q.xbgr.xq76_u21.qnpn13g2[area] = 7.834891418660865e-01
@q.xbgr.xq76_u22.qnpn13g2[area] = 9.580539044465096e-01
@q.xbgr.xq76_u23.qnpn13g2[area] = 9.344846633108034e-01
@q.xbgr.xq76_u24.qnpn13g2[area] = 9.307798357010439e-01
@n.xbgr.xr77_u2.nr1[nsmm_rsh] = 3.512327836758818e-01
@n.xbgr.xr77_u2.nr1[nsmm_w] = -1.01423959542682e-02
@n.xbgr.xr77_u2.nr1[nsmm_l] = 2.488348628583456e-01
@n.xbgr.xr77_u3.nr1[nsmm_rsh] = -5.16430740156477e-01
@n.xbgr.xr77_u3.nr1[nsmm_w] = 1.551804013063991e+00
@n.xbgr.xr77_u3.nr1[nsmm_l] = -1.65456479097725e+00
@n.xbgr.xr77_u4.nr1[nsmm_rsh] = 8.698579772778243e-01
@n.xbgr.xr77_u4.nr1[nsmm_w] = 1.367618656303636e+00
@n.xbgr.xr77_u4.nr1[nsmm_l] = -7.99099408240138e-01
@n.xbgr.xr77_u5.nr1[nsmm_rsh] = 6.940616685189938e-01
@n.xbgr.xr77_u5.nr1[nsmm_w] = -3.49269289840423e-01
@n.xbgr.xr77_u5.nr1[nsmm_l] = -9.20884483633618e-01
@n.xbgr.xr77_u6.nr1[nsmm_rsh] = 4.184691936105222e-01
@n.xbgr.xr77_u6.nr1[nsmm_w] = 2.608180619027195e+00
@n.xbgr.xr77_u6.nr1[nsmm_l] = 1.139148534910760e+00
@n.xbgr.xr77_u7.nr1[nsmm_rsh] = -6.72114926473029e-02
@n.xbgr.xr77_u7.nr1[nsmm_w] = 1.581483011684429e+00
@n.xbgr.xr77_u7.nr1[nsmm_l] = 1.944394839926800e+00
@n.xbgr.xr77_u8.nr1[nsmm_rsh] = -5.15814867110908e-01
@n.xbgr.xr77_u8.nr1[nsmm_w] = 9.970092415957413e-01
@n.xbgr.xr77_u8.nr1[nsmm_l] = -6.84656464715993e-01
@n.xbgr.xr77_u9.nr1[nsmm_rsh] = -5.51883369923344e-01
@n.xbgr.xr77_u9.nr1[nsmm_w] = -2.68603945213730e-01
@n.xbgr.xr77_u9.nr1[nsmm_l] = -4.98135013136582e-01
@n.xbgr.xr77_u10.nr1[nsmm_rsh] = -1.17427995581814e+00
@n.xbgr.xr77_u10.nr1[nsmm_w] = -1.54481918437893e+00
@n.xbgr.xr77_u10.nr1[nsmm_l] = 6.565496950136817e-01
@n.xbgr.xr77_u11.nr1[nsmm_rsh] = 2.057189431884191e+00
@n.xbgr.xr77_u11.nr1[nsmm_w] = 6.372437190682790e-01
@n.xbgr.xr77_u11.nr1[nsmm_l] = 7.875628623895862e-01
@n.xbgr.xr77_u12.nr1[nsmm_rsh] = 2.897252925006252e+00
@n.xbgr.xr77_u12.nr1[nsmm_w] = -1.95266823298278e-01
@n.xbgr.xr77_u12.nr1[nsmm_l] = 1.103155953805916e+00
@n.xbgr.xr77_u13.nr1[nsmm_rsh] = 1.149352865463090e+00
@n.xbgr.xr77_u13.nr1[nsmm_w] = -4.63188884567367e-01
@n.xbgr.xr77_u13.nr1[nsmm_l] = -5.01597657812570e-01
@n.xbgr.xr77_u14.nr1[nsmm_rsh] = -6.07831552758747e-01
@n.xbgr.xr77_u14.nr1[nsmm_w] = 1.110818447668809e+00
@n.xbgr.xr77_u14.nr1[nsmm_l] = 1.208001247885755e+00
@n.xbgr.xr77_u15.nr1[nsmm_rsh] = 3.010307958928555e-01
@n.xbgr.xr77_u15.nr1[nsmm_w] = -1.77669450078030e-01
@n.xbgr.xr77_u15.nr1[nsmm_l] = 8.411286370087190e-01
@n.xbgr.xr77_u16.nr1[nsmm_rsh] = 2.196833842236835e-01
@n.xbgr.xr77_u16.nr1[nsmm_w] = -1.63186575356753e+00
@n.xbgr.xr77_u16.nr1[nsmm_l] = -9.14455444291402e-01
@n.xbgr.xr77_u17.nr1[nsmm_rsh] = 1.098043641334742e+00
@n.xbgr.xr77_u17.nr1[nsmm_w] = 3.120673199324962e-01
@n.xbgr.xr77_u17.nr1[nsmm_l] = -9.90350155877790e-01
@n.xbgr.xr77_u18.nr1[nsmm_rsh] = 1.837751762564318e+00
@n.xbgr.xr77_u18.nr1[nsmm_w] = 1.614620126913021e+00
@n.xbgr.xr77_u18.nr1[nsmm_l] = -1.94152357371906e-01
@n.xbgr.xr77_u19.nr1[nsmm_rsh] = 1.586577839190961e+00
@n.xbgr.xr77_u19.nr1[nsmm_w] = -5.27075113562560e-01
@n.xbgr.xr77_u19.nr1[nsmm_l] = -1.37831558691414e-01
@n.xbgr.xr77_u20.nr1[nsmm_rsh] = -6.55535273105377e-01
@n.xbgr.xr77_u20.nr1[nsmm_w] = -1.32746845140249e+00
@n.xbgr.xr77_u20.nr1[nsmm_l] = -3.27854812618760e-01
@n.xbgr.xr77_u21.nr1[nsmm_rsh] = 5.053077403991172e-01
@n.xbgr.xr77_u21.nr1[nsmm_w] = 1.046842133633865e+00
@n.xbgr.xr77_u21.nr1[nsmm_l] = -1.74679529884051e+00
@n.xbgr.xr77_u22.nr1[nsmm_rsh] = 6.326692228213110e-01
@n.xbgr.xr77_u22.nr1[nsmm_w] = -5.99431727591970e-01
@n.xbgr.xr77_u22.nr1[nsmm_l] = -3.77099625360077e-01
@n.xbgr.xr77_u23.nr1[nsmm_rsh] = -2.66526083772922e-01
@n.xbgr.xr77_u23.nr1[nsmm_w] = -1.14635886393505e+00
@n.xbgr.xr77_u23.nr1[nsmm_l] = 1.516579838674204e-01
@n.xbgr.xr77_u24.nr1[nsmm_rsh] = 1.240566267866022e-01
@n.xbgr.xr77_u24.nr1[nsmm_w] = -4.26260406069532e-01
@n.xbgr.xr77_u24.nr1[nsmm_l] = 6.505339522041723e-01
@n.xbgr.xr78_u2.nr1[nsmm_rsh] = -1.25541853439933e+00
@n.xbgr.xr78_u2.nr1[nsmm_w] = 3.367545214966897e-01
@n.xbgr.xr78_u2.nr1[nsmm_l] = -2.96696173283729e-01
@n.xbgr.xr78_u3.nr1[nsmm_rsh] = 5.620200140984791e-01
@n.xbgr.xr78_u3.nr1[nsmm_w] = -1.09032660483198e+00
@n.xbgr.xr78_u3.nr1[nsmm_l] = 1.466876438523502e-01
@n.xbgr.xr78_u4.nr1[nsmm_rsh] = 7.974073440723221e-02
@n.xbgr.xr78_u4.nr1[nsmm_w] = 5.481955571250059e-01
@n.xbgr.xr78_u4.nr1[nsmm_l] = -1.76864783722160e+00
@n.xbgr.xr78_u5.nr1[nsmm_rsh] = 6.208568072104637e-01
@n.xbgr.xr78_u5.nr1[nsmm_w] = -1.92390947625222e-01
@n.xbgr.xr78_u5.nr1[nsmm_l] = -8.84677972043649e-01
@n.xbgr.xr78_u6.nr1[nsmm_rsh] = 2.234689551962432e+00
@n.xbgr.xr78_u6.nr1[nsmm_w] = 2.551192046824985e+00
@n.xbgr.xr78_u6.nr1[nsmm_l] = -4.27045847764375e-02
@n.xbgr.xr78_u7.nr1[nsmm_rsh] = 1.648643610187607e-01
@n.xbgr.xr78_u7.nr1[nsmm_w] = 1.784868839685168e+00
@n.xbgr.xr78_u7.nr1[nsmm_l] = 5.458826136731366e-01
@n.xbgr.xr78_u8.nr1[nsmm_rsh] = -1.88789067789760e-01
@n.xbgr.xr78_u8.nr1[nsmm_w] = 6.337046426368946e-01
@n.xbgr.xr78_u8.nr1[nsmm_l] = 2.012372896378923e-01
@n.xbgr.xr78_u9.nr1[nsmm_rsh] = 2.284721381141735e-01
@n.xbgr.xr78_u9.nr1[nsmm_w] = 2.130706552314167e+00
@n.xbgr.xr78_u9.nr1[nsmm_l] = 1.146924845405559e+00
@n.xbgr.xr78_u10.nr1[nsmm_rsh] = 1.686446463041044e+00
@n.xbgr.xr78_u10.nr1[nsmm_w] = -3.34507142050438e-01
@n.xbgr.xr78_u10.nr1[nsmm_l] = 1.633008963766724e+00
@n.xbgr.xr78_u11.nr1[nsmm_rsh] = -1.59894200449190e+00
@n.xbgr.xr78_u11.nr1[nsmm_w] = -5.27720243837442e-01
@n.xbgr.xr78_u11.nr1[nsmm_l] = -4.87789489469131e-01
@n.xbgr.xr78_u12.nr1[nsmm_rsh] = -7.23641374673718e-01
@n.xbgr.xr78_u12.nr1[nsmm_w] = 1.628678016848785e+00
@n.xbgr.xr78_u12.nr1[nsmm_l] = -1.04695430082034e+00
@n.xbgr.xr78_u13.nr1[nsmm_rsh] = -6.39550288665196e-02
@n.xbgr.xr78_u13.nr1[nsmm_w] = 2.127275290210184e-01
@n.xbgr.xr78_u13.nr1[nsmm_l] = -1.53053248593987e+00
@n.xbgr.xr78_u14.nr1[nsmm_rsh] = -3.52153296021496e-01
@n.xbgr.xr78_u14.nr1[nsmm_w] = 1.685554046866047e+00
@n.xbgr.xr78_u14.nr1[nsmm_l] = -1.08928433326786e+00
@n.xbgr.xr78_u15.nr1[nsmm_rsh] = -9.06768178702072e-01
@n.xbgr.xr78_u15.nr1[nsmm_w] = 2.414952394343542e+00
@n.xbgr.xr78_u15.nr1[nsmm_l] = 3.563323491481652e-01
@n.xbgr.xr78_u16.nr1[nsmm_rsh] = -1.43557270320119e+00
@n.xbgr.xr78_u16.nr1[nsmm_w] = 1.409409702838681e-01
@n.xbgr.xr78_u16.nr1[nsmm_l] = -7.63383608004057e-01
@n.xbgr.xr78_u17.nr1[nsmm_rsh] = 1.898329145302905e-01
@n.xbgr.xr78_u17.nr1[nsmm_w] = -8.79103777464611e-01
@n.xbgr.xr78_u17.nr1[nsmm_l] = 3.078320876771177e-01
@n.xbgr.xr78_u18.nr1[nsmm_rsh] = 5.040355621765429e-01
@n.xbgr.xr78_u18.nr1[nsmm_w] = -1.45146881613444e+00
@n.xbgr.xr78_u18.nr1[nsmm_l] = -2.00801068615281e-01
@n.xbgr.xr78_u19.nr1[nsmm_rsh] = -8.57932789567814e-01
@n.xbgr.xr78_u19.nr1[nsmm_w] = -1.37185631814130e-01
@n.xbgr.xr78_u19.nr1[nsmm_l] = -6.64204991598836e-01
@n.xbgr.xr78_u20.nr1[nsmm_rsh] = -7.75033022271797e-01
@n.xbgr.xr78_u20.nr1[nsmm_w] = -1.16281281392849e+00
@n.xbgr.xr78_u20.nr1[nsmm_l] = 6.849001079970276e-01
@n.xbgr.xr78_u21.nr1[nsmm_rsh] = -1.03523193263019e-01
@n.xbgr.xr78_u21.nr1[nsmm_w] = 9.974629450387884e-01
@n.xbgr.xr78_u21.nr1[nsmm_l] = -8.06612299940012e-02
@n.xbgr.xr78_u22.nr1[nsmm_rsh] = -2.20405307966962e-01
@n.xbgr.xr78_u22.nr1[nsmm_w] = -3.75244205498993e-02
@n.xbgr.xr78_u22.nr1[nsmm_l] = -1.22013312934800e+00
@n.xbgr.xr78_u23.nr1[nsmm_rsh] = -1.07932115984950e+00
@n.xbgr.xr78_u23.nr1[nsmm_w] = 1.209174755684992e-01
@n.xbgr.xr78_u23.nr1[nsmm_l] = -7.11878000631280e-01
@n.xbgr.xr78_u24.nr1[nsmm_rsh] = 7.641712655390821e-01
@n.xbgr.xr78_u24.nr1[nsmm_w] = 1.866667055856734e+00
@n.xbgr.xr78_u24.nr1[nsmm_l] = -8.68988221736702e-01
@n.xbgr.xr79_u2.nr1[nsmm_rsh] = -9.71152571395546e-01
@n.xbgr.xr79_u2.nr1[nsmm_w] = 2.543285682989213e-01
@n.xbgr.xr79_u2.nr1[nsmm_l] = 1.345862459198166e-01
@n.xbgr.xr79_u3.nr1[nsmm_rsh] = -4.97104286181873e-01
@n.xbgr.xr79_u3.nr1[nsmm_w] = -8.81843656371104e-01
@n.xbgr.xr79_u3.nr1[nsmm_l] = -1.92522263507620e-01
@n.xbgr.xr79_u4.nr1[nsmm_rsh] = 7.790761558501818e-01
@n.xbgr.xr79_u4.nr1[nsmm_w] = 1.826643506925324e-01
@n.xbgr.xr79_u4.nr1[nsmm_l] = 1.063797286192443e+00
@n.xbgr.xr79_u5.nr1[nsmm_rsh] = -4.59248816026507e-01
@n.xbgr.xr79_u5.nr1[nsmm_w] = 4.293763567300506e-01
@n.xbgr.xr79_u5.nr1[nsmm_l] = -3.37132327722546e-02
@n.xbgr.xr79_u6.nr1[nsmm_rsh] = -2.66929828285374e-01
@n.xbgr.xr79_u6.nr1[nsmm_w] = -8.90670444178752e-01
@n.xbgr.xr79_u6.nr1[nsmm_l] = 1.568817544971158e+00
@n.xbgr.xr79_u7.nr1[nsmm_rsh] = -3.89362094041598e-01
@n.xbgr.xr79_u7.nr1[nsmm_w] = -3.68556933513869e-01
@n.xbgr.xr79_u7.nr1[nsmm_l] = -2.05527572640910e+00
@n.xbgr.xr79_u8.nr1[nsmm_rsh] = -2.92923807961140e-01
@n.xbgr.xr79_u8.nr1[nsmm_w] = 5.183839195300245e-01
@n.xbgr.xr79_u8.nr1[nsmm_l] = 4.325859506399027e-01
@n.xbgr.xr79_u9.nr1[nsmm_rsh] = -2.52215811273297e-02
@n.xbgr.xr79_u9.nr1[nsmm_w] = -3.10741991589098e-01
@n.xbgr.xr79_u9.nr1[nsmm_l] = 2.596123803290230e+00
@n.xbgr.xr79_u10.nr1[nsmm_rsh] = 7.169559961442459e-01
@n.xbgr.xr79_u10.nr1[nsmm_w] = 7.814738918441660e-02
@n.xbgr.xr79_u10.nr1[nsmm_l] = -7.77544545925439e-01
@n.xbgr.xr79_u11.nr1[nsmm_rsh] = 5.658147057744555e-01
@n.xbgr.xr79_u11.nr1[nsmm_w] = 6.962696989656572e-02
@n.xbgr.xr79_u11.nr1[nsmm_l] = 1.456633740075361e+00
@n.xbgr.xr79_u12.nr1[nsmm_rsh] = 3.709558969158507e-01
@n.xbgr.xr79_u12.nr1[nsmm_w] = -1.52965929776816e+00
@n.xbgr.xr79_u12.nr1[nsmm_l] = 1.780739940443884e+00
@n.xbgr.xr79_u13.nr1[nsmm_rsh] = -8.36621212789235e-01
@n.xbgr.xr79_u13.nr1[nsmm_w] = 5.629725409599069e-02
@n.xbgr.xr79_u13.nr1[nsmm_l] = 6.245563462279593e-01
@n.xbgr.xr79_u14.nr1[nsmm_rsh] = 8.697368160403328e-01
@n.xbgr.xr79_u14.nr1[nsmm_w] = 9.423690899376460e-01
@n.xbgr.xr79_u14.nr1[nsmm_l] = 3.879737276116441e-01
@n.xbgr.xr79_u15.nr1[nsmm_rsh] = 2.657246039815054e-01
@n.xbgr.xr79_u15.nr1[nsmm_w] = -8.19910922455819e-01
@n.xbgr.xr79_u15.nr1[nsmm_l] = 1.472977347843796e-01
@n.xbgr.xr79_u16.nr1[nsmm_rsh] = -1.09445061335161e+00
@n.xbgr.xr79_u16.nr1[nsmm_w] = -2.77129521933037e-01
@n.xbgr.xr79_u16.nr1[nsmm_l] = -2.50089140267871e-02
@n.xbgr.xr79_u17.nr1[nsmm_rsh] = -5.62657828569163e-01
@n.xbgr.xr79_u17.nr1[nsmm_w] = -2.14612853249961e-01
@n.xbgr.xr79_u17.nr1[nsmm_l] = -4.53545910155734e-01
@n.xbgr.xr79_u18.nr1[nsmm_rsh] = -1.10773773099199e+00
@n.xbgr.xr79_u18.nr1[nsmm_w] = 1.760811872608535e+00
@n.xbgr.xr79_u18.nr1[nsmm_l] = -5.49842957450194e-01
@n.xbgr.xr79_u19.nr1[nsmm_rsh] = -3.26390958937943e-01
@n.xbgr.xr79_u19.nr1[nsmm_w] = 1.202154639136989e-01
@n.xbgr.xr79_u19.nr1[nsmm_l] = -4.68231469798452e-01
@n.xbgr.xr79_u20.nr1[nsmm_rsh] = 2.750795666183721e-01
@n.xbgr.xr79_u20.nr1[nsmm_w] = 7.101324829808470e-01
@n.xbgr.xr79_u20.nr1[nsmm_l] = -4.13455528744948e-01
@n.xbgr.xr79_u21.nr1[nsmm_rsh] = -4.87818928343194e-01
@n.xbgr.xr79_u21.nr1[nsmm_w] = -7.35743043824322e-01
@n.xbgr.xr79_u21.nr1[nsmm_l] = 1.302551456539101e+00
@n.xbgr.xr79_u22.nr1[nsmm_rsh] = -1.34305643653672e+00
@n.xbgr.xr79_u22.nr1[nsmm_w] = -4.09724212062388e-01
@n.xbgr.xr79_u22.nr1[nsmm_l] = 2.191961149246138e-01
@n.xbgr.xr79_u23.nr1[nsmm_rsh] = 1.038901843049815e+00
@n.xbgr.xr79_u23.nr1[nsmm_w] = 2.379499441755657e+00
@n.xbgr.xr79_u23.nr1[nsmm_l] = 7.643659885338250e-01
@n.xbgr.xr79_u24.nr1[nsmm_rsh] = -1.40311710723036e-01
@n.xbgr.xr79_u24.nr1[nsmm_w] = -2.93174988969665e-01
@n.xbgr.xr79_u24.nr1[nsmm_l] = -1.56228922951775e+00
@n.xbgr.xr80_u2.nr1[nsmm_rsh] = -1.24130228286345e+00
@n.xbgr.xr80_u2.nr1[nsmm_w] = 5.398197103593271e-02
@n.xbgr.xr80_u2.nr1[nsmm_l] = 3.985336941606645e-01
@n.xbgr.xr80_u3.nr1[nsmm_rsh] = -1.51585063405844e+00
@n.xbgr.xr80_u3.nr1[nsmm_w] = 1.042394464570614e+00
@n.xbgr.xr80_u3.nr1[nsmm_l] = 1.534494215484046e+00
@n.xbgr.xr80_u4.nr1[nsmm_rsh] = 2.391609718896853e-01
@n.xbgr.xr80_u4.nr1[nsmm_w] = 8.854740877959063e-01
@n.xbgr.xr80_u4.nr1[nsmm_l] = -1.35954472706811e+00
@n.xbgr.xr80_u5.nr1[nsmm_rsh] = -8.82195672977001e-01
@n.xbgr.xr80_u5.nr1[nsmm_w] = -5.94459805851905e-01
@n.xbgr.xr80_u5.nr1[nsmm_l] = -1.53624787835695e+00
@n.xbgr.xr80_u6.nr1[nsmm_rsh] = -9.96307020554080e-01
@n.xbgr.xr80_u6.nr1[nsmm_w] = 1.991419864541640e-03
@n.xbgr.xr80_u6.nr1[nsmm_l] = 1.233770736296827e-03
@n.xbgr.xr80_u7.nr1[nsmm_rsh] = -2.05474367253278e-01
@n.xbgr.xr80_u7.nr1[nsmm_w] = -7.82466219680125e-01
@n.xbgr.xr80_u7.nr1[nsmm_l] = -1.04268832480824e+00
@n.xbgr.xr80_u8.nr1[nsmm_rsh] = 1.141374587583607e+00
@n.xbgr.xr80_u8.nr1[nsmm_w] = -3.49162932761270e-01
@n.xbgr.xr80_u8.nr1[nsmm_l] = -6.52026531635345e-01
@n.xbgr.xr80_u9.nr1[nsmm_rsh] = -8.96102484504596e-01
@n.xbgr.xr80_u9.nr1[nsmm_w] = 5.691593895983523e-03
@n.xbgr.xr80_u9.nr1[nsmm_l] = -9.00949578256828e-02
@n.xbgr.xr80_u10.nr1[nsmm_rsh] = -5.68349546414234e-01
@n.xbgr.xr80_u10.nr1[nsmm_w] = 9.043344000498582e-02
@n.xbgr.xr80_u10.nr1[nsmm_l] = -1.60549654509037e+00
@n.xbgr.xr80_u11.nr1[nsmm_rsh] = -1.05069271584581e+00
@n.xbgr.xr80_u11.nr1[nsmm_w] = -7.12406637423183e-02
@n.xbgr.xr80_u11.nr1[nsmm_l] = -2.07486001880182e+00
@n.xbgr.xr80_u12.nr1[nsmm_rsh] = 2.137627063258795e+00
@n.xbgr.xr80_u12.nr1[nsmm_w] = 1.756349448247403e+00
@n.xbgr.xr80_u12.nr1[nsmm_l] = -1.05330353175012e+00
@n.xbgr.xr80_u13.nr1[nsmm_rsh] = -5.03598037465874e-01
@n.xbgr.xr80_u13.nr1[nsmm_w] = 2.096601849114435e-02
@n.xbgr.xr80_u13.nr1[nsmm_l] = 2.335523196978122e+00
@n.xbgr.xr80_u14.nr1[nsmm_rsh] = 4.776261731606470e-01
@n.xbgr.xr80_u14.nr1[nsmm_w] = 1.498049515928291e-01
@n.xbgr.xr80_u14.nr1[nsmm_l] = 1.016927089143803e+00
@n.xbgr.xr80_u15.nr1[nsmm_rsh] = -4.13684795998073e-01
@n.xbgr.xr80_u15.nr1[nsmm_w] = -6.37599671007109e-01
@n.xbgr.xr80_u15.nr1[nsmm_l] = -2.50618986991277e-04
@n.xbgr.xr80_u16.nr1[nsmm_rsh] = 8.661875583987773e-01
@n.xbgr.xr80_u16.nr1[nsmm_w] = -3.02133722441683e-01
@n.xbgr.xr80_u16.nr1[nsmm_l] = -1.07575626462980e+00
@n.xbgr.xr80_u17.nr1[nsmm_rsh] = -9.69635862013235e-01
@n.xbgr.xr80_u17.nr1[nsmm_w] = 7.953165357085156e-01
@n.xbgr.xr80_u17.nr1[nsmm_l] = -2.22215045318833e+00
@n.xbgr.xr80_u18.nr1[nsmm_rsh] = 4.527145736811853e-01
@n.xbgr.xr80_u18.nr1[nsmm_w] = -6.06194381506746e-01
@n.xbgr.xr80_u18.nr1[nsmm_l] = -8.48792463356479e-01
@n.xbgr.xr80_u19.nr1[nsmm_rsh] = -1.29360623718531e+00
@n.xbgr.xr80_u19.nr1[nsmm_w] = -6.18638655153895e-01
@n.xbgr.xr80_u19.nr1[nsmm_l] = -3.39387238867505e-01
@n.xbgr.xr80_u20.nr1[nsmm_rsh] = 2.394582396491748e-01
@n.xbgr.xr80_u20.nr1[nsmm_w] = 7.123968387046964e-01
@n.xbgr.xr80_u20.nr1[nsmm_l] = -2.04438562997713e+00
@n.xbgr.xr80_u21.nr1[nsmm_rsh] = -4.31937023649592e-01
@n.xbgr.xr80_u21.nr1[nsmm_w] = -2.64412690267809e+00
@n.xbgr.xr80_u21.nr1[nsmm_l] = -2.61759565896978e-01
@n.xbgr.xr80_u22.nr1[nsmm_rsh] = -5.68969080879318e-01
@n.xbgr.xr80_u22.nr1[nsmm_w] = 1.223721648407865e+00
@n.xbgr.xr80_u22.nr1[nsmm_l] = -9.09130598225186e-01
@n.xbgr.xr80_u23.nr1[nsmm_rsh] = 1.935395960173238e-01
@n.xbgr.xr80_u23.nr1[nsmm_w] = -1.84027382365406e+00
@n.xbgr.xr80_u23.nr1[nsmm_l] = -1.95258220054572e+00
@n.xbgr.xr80_u24.nr1[nsmm_rsh] = 1.928379482122253e+00
@n.xbgr.xr80_u24.nr1[nsmm_w] = -1.56455727784430e+00
@n.xbgr.xr80_u24.nr1[nsmm_l] = 1.819712696741317e+00
@n.xbgr.xr81_u2.nr1[nsmm_rsh] = -4.66555087452811e-02
@n.xbgr.xr81_u2.nr1[nsmm_w] = -4.01515863247873e-01
@n.xbgr.xr81_u2.nr1[nsmm_l] = 7.212711862619524e-01
@n.xbgr.xr81_u3.nr1[nsmm_rsh] = 1.116655474183462e+00
@n.xbgr.xr81_u3.nr1[nsmm_w] = 7.372732187272139e-01
@n.xbgr.xr81_u3.nr1[nsmm_l] = 3.961900674326704e-02
@n.xbgr.xr81_u4.nr1[nsmm_rsh] = -8.66295136310608e-01
@n.xbgr.xr81_u4.nr1[nsmm_w] = -2.07203908611343e-01
@n.xbgr.xr81_u4.nr1[nsmm_l] = -8.17098559171925e-01
@n.xbgr.xr81_u5.nr1[nsmm_rsh] = 7.666432939733508e-02
@n.xbgr.xr81_u5.nr1[nsmm_w] = 9.028427673384709e-03
@n.xbgr.xr81_u5.nr1[nsmm_l] = 3.242235268305647e-01
@n.xbgr.xr81_u6.nr1[nsmm_rsh] = -3.54583283594194e-02
@n.xbgr.xr81_u6.nr1[nsmm_w] = -5.07672998399626e-01
@n.xbgr.xr81_u6.nr1[nsmm_l] = 3.128366351679795e-01
@n.xbgr.xr81_u7.nr1[nsmm_rsh] = 2.124917016965030e-01
@n.xbgr.xr81_u7.nr1[nsmm_w] = -2.76232210213820e-01
@n.xbgr.xr81_u7.nr1[nsmm_l] = 5.072272649850866e-01
@n.xbgr.xr81_u8.nr1[nsmm_rsh] = -7.45912768518366e-01
@n.xbgr.xr81_u8.nr1[nsmm_w] = -3.51550606915417e-01
@n.xbgr.xr81_u8.nr1[nsmm_l] = 2.523921393042333e+00
@n.xbgr.xr81_u9.nr1[nsmm_rsh] = -1.38547074581926e-01
@n.xbgr.xr81_u9.nr1[nsmm_w] = -1.80336115584705e+00
@n.xbgr.xr81_u9.nr1[nsmm_l] = -4.81108403744397e-01
@n.xbgr.xr81_u10.nr1[nsmm_rsh] = 1.205896034618273e+00
@n.xbgr.xr81_u10.nr1[nsmm_w] = -4.60309588282610e-01
@n.xbgr.xr81_u10.nr1[nsmm_l] = -2.07976713698715e-01
@n.xbgr.xr81_u11.nr1[nsmm_rsh] = 1.744177876241009e+00
@n.xbgr.xr81_u11.nr1[nsmm_w] = -1.10641661675745e+00
@n.xbgr.xr81_u11.nr1[nsmm_l] = 1.780906244622153e+00
@n.xbgr.xr81_u12.nr1[nsmm_rsh] = 6.943625483157977e-03
@n.xbgr.xr81_u12.nr1[nsmm_w] = -1.76205756783468e+00
@n.xbgr.xr81_u12.nr1[nsmm_l] = 1.009800756886079e+00
@n.xbgr.xr81_u13.nr1[nsmm_rsh] = 2.002079333327557e+00
@n.xbgr.xr81_u13.nr1[nsmm_w] = 6.787859418248509e-01
@n.xbgr.xr81_u13.nr1[nsmm_l] = -1.20865128506995e+00
@n.xbgr.xr81_u14.nr1[nsmm_rsh] = -3.47915093293322e-01
@n.xbgr.xr81_u14.nr1[nsmm_w] = -2.37669182240301e+00
@n.xbgr.xr81_u14.nr1[nsmm_l] = -5.57836600647138e-01
@n.xbgr.xr81_u15.nr1[nsmm_rsh] = -3.45152262124123e-01
@n.xbgr.xr81_u15.nr1[nsmm_w] = 2.017053425426037e+00
@n.xbgr.xr81_u15.nr1[nsmm_l] = -1.16347287124358e+00
@n.xbgr.xr81_u16.nr1[nsmm_rsh] = 4.229912206080796e-01
@n.xbgr.xr81_u16.nr1[nsmm_w] = -2.18828714400656e+00
@n.xbgr.xr81_u16.nr1[nsmm_l] = 1.213256531125626e-02
@n.xbgr.xr81_u17.nr1[nsmm_rsh] = 3.807440319971677e-01
@n.xbgr.xr81_u17.nr1[nsmm_w] = -9.77655403795304e-01
@n.xbgr.xr81_u17.nr1[nsmm_l] = -1.48720317507183e-01
@n.xbgr.xr81_u18.nr1[nsmm_rsh] = -1.19530813222437e+00
@n.xbgr.xr81_u18.nr1[nsmm_w] = 2.038601817951092e-01
@n.xbgr.xr81_u18.nr1[nsmm_l] = 2.214844679846663e-01
@n.xbgr.xr81_u19.nr1[nsmm_rsh] = 9.603238279929768e-01
@n.xbgr.xr81_u19.nr1[nsmm_w] = -4.60753956320692e-01
@n.xbgr.xr81_u19.nr1[nsmm_l] = 2.403946415542197e+00
@n.xbgr.xr81_u20.nr1[nsmm_rsh] = 4.163865078852260e-01
@n.xbgr.xr81_u20.nr1[nsmm_w] = 1.984705583511941e+00
@n.xbgr.xr81_u20.nr1[nsmm_l] = 2.763239965770642e-01
@n.xbgr.xr81_u21.nr1[nsmm_rsh] = 3.886723788501797e-01
@n.xbgr.xr81_u21.nr1[nsmm_w] = 5.954615716525609e-01
@n.xbgr.xr81_u21.nr1[nsmm_l] = -1.63315622746793e-01
@n.xbgr.xr81_u22.nr1[nsmm_rsh] = 1.186829396632888e-01
@n.xbgr.xr81_u22.nr1[nsmm_w] = -1.36054674429218e+00
@n.xbgr.xr81_u22.nr1[nsmm_l] = 1.129561448275488e-01
@n.xbgr.xr81_u23.nr1[nsmm_rsh] = -1.69304817302377e+00
@n.xbgr.xr81_u23.nr1[nsmm_w] = 1.654623277351281e+00
@n.xbgr.xr81_u23.nr1[nsmm_l] = 9.321962442132464e-01
@n.xbgr.xr81_u24.nr1[nsmm_rsh] = 4.822194327876886e-01
@n.xbgr.xr81_u24.nr1[nsmm_w] = 3.341621429467951e-01
@n.xbgr.xr81_u24.nr1[nsmm_l] = 1.390804578748120e+00
@n.xbgr.xr82_u2.nr1[nsmm_rsh] = -1.88980018652911e+00
@n.xbgr.xr82_u2.nr1[nsmm_w] = 1.262887669033514e+00
@n.xbgr.xr82_u2.nr1[nsmm_l] = 1.234642222728358e+00
@n.xbgr.xr82_u3.nr1[nsmm_rsh] = 5.375226657575913e-01
@n.xbgr.xr82_u3.nr1[nsmm_w] = 1.036138221612808e+00
@n.xbgr.xr82_u3.nr1[nsmm_l] = 4.563715773435510e-01
@n.xbgr.xr82_u4.nr1[nsmm_rsh] = -2.98586976983384e-01
@n.xbgr.xr82_u4.nr1[nsmm_w] = 1.991258555699977e-01
@n.xbgr.xr82_u4.nr1[nsmm_l] = 7.358908063650761e-02
@n.xbgr.xr82_u5.nr1[nsmm_rsh] = -2.28654570978866e+00
@n.xbgr.xr82_u5.nr1[nsmm_w] = 4.069482383408848e-01
@n.xbgr.xr82_u5.nr1[nsmm_l] = -1.27944196454596e+00
@n.xbgr.xr82_u6.nr1[nsmm_rsh] = -6.71185643781971e-01
@n.xbgr.xr82_u6.nr1[nsmm_w] = -1.24758569965024e+00
@n.xbgr.xr82_u6.nr1[nsmm_l] = 8.674310385720860e-01
@n.xbgr.xr82_u7.nr1[nsmm_rsh] = 6.514922749827105e-01
@n.xbgr.xr82_u7.nr1[nsmm_w] = -5.33992022146734e-01
@n.xbgr.xr82_u7.nr1[nsmm_l] = 7.291882279458954e-01
@n.xbgr.xr82_u8.nr1[nsmm_rsh] = 2.396436781871121e+00
@n.xbgr.xr82_u8.nr1[nsmm_w] = 6.891637279569850e-01
@n.xbgr.xr82_u8.nr1[nsmm_l] = -5.94171510118605e-01
@n.xbgr.xr82_u9.nr1[nsmm_rsh] = -1.21200651030761e+00
@n.xbgr.xr82_u9.nr1[nsmm_w] = 4.840849367898656e-01
@n.xbgr.xr82_u9.nr1[nsmm_l] = 4.972019474201114e-01
@n.xbgr.xr82_u10.nr1[nsmm_rsh] = -1.96894468486674e+00
@n.xbgr.xr82_u10.nr1[nsmm_w] = 1.451567434937793e+00
@n.xbgr.xr82_u10.nr1[nsmm_l] = 3.270726400611447e-01
@n.xbgr.xr82_u11.nr1[nsmm_rsh] = 1.995178817609734e-01
@n.xbgr.xr82_u11.nr1[nsmm_w] = -1.83218304055971e+00
@n.xbgr.xr82_u11.nr1[nsmm_l] = -2.27308215845639e+00
@n.xbgr.xr82_u12.nr1[nsmm_rsh] = 8.477641905953816e-01
@n.xbgr.xr82_u12.nr1[nsmm_w] = 2.205778984509166e-01
@n.xbgr.xr82_u12.nr1[nsmm_l] = 1.214421340741011e+00
@n.xbgr.xr82_u13.nr1[nsmm_rsh] = -2.37715775397903e+00
@n.xbgr.xr82_u13.nr1[nsmm_w] = -3.15355774912664e-03
@n.xbgr.xr82_u13.nr1[nsmm_l] = -4.05660043502146e-01
@n.xbgr.xr82_u14.nr1[nsmm_rsh] = 8.792524860079172e-01
@n.xbgr.xr82_u14.nr1[nsmm_w] = -6.84465876165757e-01
@n.xbgr.xr82_u14.nr1[nsmm_l] = 1.080098186320016e+00
@n.xbgr.xr82_u15.nr1[nsmm_rsh] = 5.299537067094948e-01
@n.xbgr.xr82_u15.nr1[nsmm_w] = 2.973046510847693e-01
@n.xbgr.xr82_u15.nr1[nsmm_l] = 2.878531381721086e-01
@n.xbgr.xr82_u16.nr1[nsmm_rsh] = 6.503075934464850e-01
@n.xbgr.xr82_u16.nr1[nsmm_w] = -6.79922934080624e-01
@n.xbgr.xr82_u16.nr1[nsmm_l] = -5.38835971707692e-04
@n.xbgr.xr82_u17.nr1[nsmm_rsh] = 6.290306171658133e-01
@n.xbgr.xr82_u17.nr1[nsmm_w] = 1.157984747379223e+00
@n.xbgr.xr82_u17.nr1[nsmm_l] = 9.180021112591148e-02
@n.xbgr.xr82_u18.nr1[nsmm_rsh] = -3.15304330143087e-01
@n.xbgr.xr82_u18.nr1[nsmm_w] = 7.747326336501443e-01
@n.xbgr.xr82_u18.nr1[nsmm_l] = -1.11865309601526e-01
@n.xbgr.xr82_u19.nr1[nsmm_rsh] = -1.56214980785032e+00
@n.xbgr.xr82_u19.nr1[nsmm_w] = 1.264824039319999e+00
@n.xbgr.xr82_u19.nr1[nsmm_l] = -6.06027157871331e-01
@n.xbgr.xr82_u20.nr1[nsmm_rsh] = 2.751932931247515e-01
@n.xbgr.xr82_u20.nr1[nsmm_w] = 8.077129776006530e-01
@n.xbgr.xr82_u20.nr1[nsmm_l] = 9.787297939690915e-01
@n.xbgr.xr82_u21.nr1[nsmm_rsh] = -2.05471929132017e+00
@n.xbgr.xr82_u21.nr1[nsmm_w] = -2.87601672215131e-01
@n.xbgr.xr82_u21.nr1[nsmm_l] = -2.02586435765580e-01
@n.xbgr.xr82_u22.nr1[nsmm_rsh] = -1.06300388044283e+00
@n.xbgr.xr82_u22.nr1[nsmm_w] = 2.575018094488845e+00
@n.xbgr.xr82_u22.nr1[nsmm_l] = -6.94714289749513e-01
@n.xbgr.xr82_u23.nr1[nsmm_rsh] = -3.27218369408035e-02
@n.xbgr.xr82_u23.nr1[nsmm_w] = -5.94272803403917e-01
@n.xbgr.xr82_u23.nr1[nsmm_l] = 2.106027953828277e-01
@n.xbgr.xr82_u24.nr1[nsmm_rsh] = 1.583479299754241e-01
@n.xbgr.xr82_u24.nr1[nsmm_w] = -1.64823833387114e+00
@n.xbgr.xr82_u24.nr1[nsmm_l] = -1.27000057094526e+00
@n.xbgr.xr83_u2.nr1[nsmm_rsh] = -8.86771524590269e-01
@n.xbgr.xr83_u2.nr1[nsmm_w] = -7.13369068218641e-01
@n.xbgr.xr83_u2.nr1[nsmm_l] = -1.15574477846213e+00
@n.xbgr.xr83_u3.nr1[nsmm_rsh] = -1.13238497877674e+00
@n.xbgr.xr83_u3.nr1[nsmm_w] = -9.70879409321652e-02
@n.xbgr.xr83_u3.nr1[nsmm_l] = -2.70601265656079e-02
@n.xbgr.xr83_u4.nr1[nsmm_rsh] = -2.28830885316391e-01
@n.xbgr.xr83_u4.nr1[nsmm_w] = -7.92971896612881e-01
@n.xbgr.xr83_u4.nr1[nsmm_l] = -1.63836857024268e+00
@n.xbgr.xr83_u5.nr1[nsmm_rsh] = 4.570074751803367e-01
@n.xbgr.xr83_u5.nr1[nsmm_w] = 3.153274907236029e-01
@n.xbgr.xr83_u5.nr1[nsmm_l] = -1.43987321538335e+00
@n.xbgr.xr83_u6.nr1[nsmm_rsh] = -2.09237893345972e-01
@n.xbgr.xr83_u6.nr1[nsmm_w] = -2.71584774969634e-01
@n.xbgr.xr83_u6.nr1[nsmm_l] = -8.56011569266130e-01
@n.xbgr.xr83_u7.nr1[nsmm_rsh] = 6.701271472125495e-01
@n.xbgr.xr83_u7.nr1[nsmm_w] = 4.264091011648838e-01
@n.xbgr.xr83_u7.nr1[nsmm_l] = 1.168032370837182e+00
@n.xbgr.xr83_u8.nr1[nsmm_rsh] = -1.73923979152289e+00
@n.xbgr.xr83_u8.nr1[nsmm_w] = 2.447771126837019e-03
@n.xbgr.xr83_u8.nr1[nsmm_l] = -1.98495156087718e-01
@n.xbgr.xr83_u9.nr1[nsmm_rsh] = -2.61797910231091e-01
@n.xbgr.xr83_u9.nr1[nsmm_w] = 3.228034118540242e-01
@n.xbgr.xr83_u9.nr1[nsmm_l] = -1.51951433208452e+00
@n.xbgr.xr83_u10.nr1[nsmm_rsh] = -7.77798258379294e-01
@n.xbgr.xr83_u10.nr1[nsmm_w] = 5.936858588986085e-01
@n.xbgr.xr83_u10.nr1[nsmm_l] = -4.63697920226782e-01
@n.xbgr.xr83_u11.nr1[nsmm_rsh] = -8.72299089812360e-01
@n.xbgr.xr83_u11.nr1[nsmm_w] = -1.72224243750385e-01
@n.xbgr.xr83_u11.nr1[nsmm_l] = 1.060369740873744e+00
@n.xbgr.xr83_u12.nr1[nsmm_rsh] = -3.70027390305986e-01
@n.xbgr.xr83_u12.nr1[nsmm_w] = 1.135443125994264e+00
@n.xbgr.xr83_u12.nr1[nsmm_l] = 2.202662381093981e+00
@n.xbgr.xr83_u13.nr1[nsmm_rsh] = -1.42629555529989e+00
@n.xbgr.xr83_u13.nr1[nsmm_w] = 8.221867723313764e-01
@n.xbgr.xr83_u13.nr1[nsmm_l] = 9.177700318814832e-01
@n.xbgr.xr83_u14.nr1[nsmm_rsh] = 3.638302844460188e-01
@n.xbgr.xr83_u14.nr1[nsmm_w] = 5.985928479039486e-01
@n.xbgr.xr83_u14.nr1[nsmm_l] = 7.981517877859208e-02
@n.xbgr.xr83_u15.nr1[nsmm_rsh] = -1.30808373607477e+00
@n.xbgr.xr83_u15.nr1[nsmm_w] = -3.74298814304670e-02
@n.xbgr.xr83_u15.nr1[nsmm_l] = -2.58967048433189e+00
@n.xbgr.xr83_u16.nr1[nsmm_rsh] = 1.348038360299184e+00
@n.xbgr.xr83_u16.nr1[nsmm_w] = -2.14447935832355e+00
@n.xbgr.xr83_u16.nr1[nsmm_l] = -1.77502299167899e+00
@n.xbgr.xr83_u17.nr1[nsmm_rsh] = 1.225531908625046e+00
@n.xbgr.xr83_u17.nr1[nsmm_w] = 1.926901518954651e+00
@n.xbgr.xr83_u17.nr1[nsmm_l] = -1.59678961200890e-01
@n.xbgr.xr83_u18.nr1[nsmm_rsh] = 9.438331542237732e-01
@n.xbgr.xr83_u18.nr1[nsmm_w] = 6.221146464693141e-01
@n.xbgr.xr83_u18.nr1[nsmm_l] = -1.31396306547047e+00
@n.xbgr.xr83_u19.nr1[nsmm_rsh] = -1.70231124535112e+00
@n.xbgr.xr83_u19.nr1[nsmm_w] = -2.03105159912306e-01
@n.xbgr.xr83_u19.nr1[nsmm_l] = -1.86285157887238e+00
@n.xbgr.xr83_u20.nr1[nsmm_rsh] = -8.01024517899024e-01
@n.xbgr.xr83_u20.nr1[nsmm_w] = -2.08398170698379e+00
@n.xbgr.xr83_u20.nr1[nsmm_l] = -2.82622754244639e-01
@n.xbgr.xr83_u21.nr1[nsmm_rsh] = 1.348526987751228e+00
@n.xbgr.xr83_u21.nr1[nsmm_w] = -5.34688366138747e-01
@n.xbgr.xr83_u21.nr1[nsmm_l] = -9.56954031258800e-01
@n.xbgr.xr83_u22.nr1[nsmm_rsh] = -1.48317382751030e+00
@n.xbgr.xr83_u22.nr1[nsmm_w] = -5.83755546153302e-01
@n.xbgr.xr83_u22.nr1[nsmm_l] = -2.06652094773436e-01
@n.xbgr.xr83_u23.nr1[nsmm_rsh] = 2.434294445563898e-01
@n.xbgr.xr83_u23.nr1[nsmm_w] = 3.840253823860645e-01
@n.xbgr.xr83_u23.nr1[nsmm_l] = 2.527758201957506e+00
@n.xbgr.xr83_u24.nr1[nsmm_rsh] = 6.054046183927145e-01
@n.xbgr.xr83_u24.nr1[nsmm_w] = -1.40146209715870e+00
@n.xbgr.xr83_u24.nr1[nsmm_l] = -4.71126238943701e-01
@n.xbgr.xr84_u2.nr1[nsmm_rsh] = -1.51870499894734e+00
@n.xbgr.xr84_u2.nr1[nsmm_w] = 7.696539443150715e-01
@n.xbgr.xr84_u2.nr1[nsmm_l] = -9.82159761995001e-02
@n.xbgr.xr84_u3.nr1[nsmm_rsh] = -6.15599612435305e-01
@n.xbgr.xr84_u3.nr1[nsmm_w] = 8.260825432712493e-01
@n.xbgr.xr84_u3.nr1[nsmm_l] = -7.34793749488505e-01
@n.xbgr.xr84_u4.nr1[nsmm_rsh] = 5.544858559328649e-01
@n.xbgr.xr84_u4.nr1[nsmm_w] = -2.05651882600260e-01
@n.xbgr.xr84_u4.nr1[nsmm_l] = -1.59259265646336e+00
@n.xbgr.xr84_u5.nr1[nsmm_rsh] = -6.59372410500876e-01
@n.xbgr.xr84_u5.nr1[nsmm_w] = 8.170678642852125e-01
@n.xbgr.xr84_u5.nr1[nsmm_l] = 2.543443270077758e-02
@n.xbgr.xr84_u6.nr1[nsmm_rsh] = 1.023555304302795e-01
@n.xbgr.xr84_u6.nr1[nsmm_w] = 1.110507276577669e-01
@n.xbgr.xr84_u6.nr1[nsmm_l] = -4.54445688042225e-01
@n.xbgr.xr84_u7.nr1[nsmm_rsh] = -1.11848319998668e+00
@n.xbgr.xr84_u7.nr1[nsmm_w] = -5.59136706311531e-01
@n.xbgr.xr84_u7.nr1[nsmm_l] = 1.022138242386641e-01
@n.xbgr.xr84_u8.nr1[nsmm_rsh] = -4.82609293390278e-01
@n.xbgr.xr84_u8.nr1[nsmm_w] = -4.10320457135583e-01
@n.xbgr.xr84_u8.nr1[nsmm_l] = 1.332305939122469e-01
@n.xbgr.xr84_u9.nr1[nsmm_rsh] = 9.211140045576488e-02
@n.xbgr.xr84_u9.nr1[nsmm_w] = -6.23527625261532e-01
@n.xbgr.xr84_u9.nr1[nsmm_l] = -8.41856418984968e-01
@n.xbgr.xr84_u10.nr1[nsmm_rsh] = -1.29914540430660e+00
@n.xbgr.xr84_u10.nr1[nsmm_w] = -4.96390345385238e-01
@n.xbgr.xr84_u10.nr1[nsmm_l] = -2.98719587747317e-01
@n.xbgr.xr84_u11.nr1[nsmm_rsh] = 7.219516053509486e-01
@n.xbgr.xr84_u11.nr1[nsmm_w] = 4.446421005488447e-01
@n.xbgr.xr84_u11.nr1[nsmm_l] = 8.754293135414484e-01
@n.xbgr.xr84_u12.nr1[nsmm_rsh] = -5.14170870059343e-01
@n.xbgr.xr84_u12.nr1[nsmm_w] = -1.12531913662471e+00
@n.xbgr.xr84_u12.nr1[nsmm_l] = -1.29419086792911e+00
@n.xbgr.xr84_u13.nr1[nsmm_rsh] = 2.600052280444910e-01
@n.xbgr.xr84_u13.nr1[nsmm_w] = -1.60510699898171e+00
@n.xbgr.xr84_u13.nr1[nsmm_l] = -1.09487217012341e+00
@n.xbgr.xr84_u14.nr1[nsmm_rsh] = -5.47789672544821e-01
@n.xbgr.xr84_u14.nr1[nsmm_w] = 3.843253484469366e-01
@n.xbgr.xr84_u14.nr1[nsmm_l] = -1.05151266086382e+00
@n.xbgr.xr84_u15.nr1[nsmm_rsh] = -7.83382293000815e-02
@n.xbgr.xr84_u15.nr1[nsmm_w] = -5.12099166261615e-01
@n.xbgr.xr84_u15.nr1[nsmm_l] = 5.387546369917956e-01
@n.xbgr.xr84_u16.nr1[nsmm_rsh] = 9.746167774932152e-01
@n.xbgr.xr84_u16.nr1[nsmm_w] = -2.16989381935586e+00
@n.xbgr.xr84_u16.nr1[nsmm_l] = -2.12183197918293e-01
@n.xbgr.xr84_u17.nr1[nsmm_rsh] = -1.01542232915246e+00
@n.xbgr.xr84_u17.nr1[nsmm_w] = -8.16995685368955e-01
@n.xbgr.xr84_u17.nr1[nsmm_l] = -1.48539079184805e+00
@n.xbgr.xr84_u18.nr1[nsmm_rsh] = -2.66117679791665e-01
@n.xbgr.xr84_u18.nr1[nsmm_w] = -1.52658620022276e+00
@n.xbgr.xr84_u18.nr1[nsmm_l] = 1.801260943630190e-01
@n.xbgr.xr84_u19.nr1[nsmm_rsh] = 2.357628299462090e-01
@n.xbgr.xr84_u19.nr1[nsmm_w] = 2.622234886632983e-01
@n.xbgr.xr84_u19.nr1[nsmm_l] = -2.34539067374536e+00
@n.xbgr.xr84_u20.nr1[nsmm_rsh] = -3.23260795264577e-01
@n.xbgr.xr84_u20.nr1[nsmm_w] = 2.350698820278415e-01
@n.xbgr.xr84_u20.nr1[nsmm_l] = 3.075050777098279e-01
@n.xbgr.xr84_u21.nr1[nsmm_rsh] = -2.71216069085489e-02
@n.xbgr.xr84_u21.nr1[nsmm_w] = 1.273643397417741e-01
@n.xbgr.xr84_u21.nr1[nsmm_l] = 7.211601501448469e-01
@n.xbgr.xr84_u22.nr1[nsmm_rsh] = 1.335541831360936e+00
@n.xbgr.xr84_u22.nr1[nsmm_w] = 4.467003350750599e-01
@n.xbgr.xr84_u22.nr1[nsmm_l] = 9.946867585589115e-01
@n.xbgr.xr84_u23.nr1[nsmm_rsh] = -2.16246781257114e+00
@n.xbgr.xr84_u23.nr1[nsmm_w] = -6.79949447146462e-01
@n.xbgr.xr84_u23.nr1[nsmm_l] = -1.27517440644733e-01
@n.xbgr.xr84_u24.nr1[nsmm_rsh] = -8.29201210880069e-01
@n.xbgr.xr84_u24.nr1[nsmm_w] = 1.632264641615478e+00
@n.xbgr.xr84_u24.nr1[nsmm_l] = -2.11976588180861e+00
@n.xbgr.xr85_u2.nr1[nsmm_rsh] = -7.56223460059979e-01
@n.xbgr.xr85_u2.nr1[nsmm_w] = -4.79848838311545e-01
@n.xbgr.xr85_u2.nr1[nsmm_l] = -1.00443106452874e-01
@n.xbgr.xr85_u3.nr1[nsmm_rsh] = 1.069671846188914e+00
@n.xbgr.xr85_u3.nr1[nsmm_w] = -1.27424545277271e+00
@n.xbgr.xr85_u3.nr1[nsmm_l] = -1.12073402284718e+00
@n.xbgr.xr85_u4.nr1[nsmm_rsh] = 8.278727863783109e-01
@n.xbgr.xr85_u4.nr1[nsmm_w] = 8.543751238269756e-01
@n.xbgr.xr85_u4.nr1[nsmm_l] = -1.01307825550953e+00
@n.xbgr.xr85_u5.nr1[nsmm_rsh] = 4.267999243987606e-01
@n.xbgr.xr85_u5.nr1[nsmm_w] = -8.10844759649277e-01
@n.xbgr.xr85_u5.nr1[nsmm_l] = 9.079027248606836e-01
@n.xbgr.xr85_u6.nr1[nsmm_rsh] = 6.382641861393962e-01
@n.xbgr.xr85_u6.nr1[nsmm_w] = 5.001572300080656e-01
@n.xbgr.xr85_u6.nr1[nsmm_l] = -6.05137481416754e-02
@n.xbgr.xr85_u7.nr1[nsmm_rsh] = -6.08169083889479e-02
@n.xbgr.xr85_u7.nr1[nsmm_w] = 1.497635376444647e-01
@n.xbgr.xr85_u7.nr1[nsmm_l] = 1.084367701863160e+00
@n.xbgr.xr85_u8.nr1[nsmm_rsh] = -9.87426462872417e-01
@n.xbgr.xr85_u8.nr1[nsmm_w] = -6.03473617929783e-01
@n.xbgr.xr85_u8.nr1[nsmm_l] = -3.59937069379741e-01
@n.xbgr.xr85_u9.nr1[nsmm_rsh] = -1.44381239760669e+00
@n.xbgr.xr85_u9.nr1[nsmm_w] = -6.40158920694134e-01
@n.xbgr.xr85_u9.nr1[nsmm_l] = -2.34972458378464e-01
@n.xbgr.xr85_u10.nr1[nsmm_rsh] = -1.07310068774626e+00
@n.xbgr.xr85_u10.nr1[nsmm_w] = 1.179984662925162e+00
@n.xbgr.xr85_u10.nr1[nsmm_l] = 1.485020992338305e+00
@n.xbgr.xr85_u11.nr1[nsmm_rsh] = -1.22069877531838e+00
@n.xbgr.xr85_u11.nr1[nsmm_w] = 9.002223396310697e-01
@n.xbgr.xr85_u11.nr1[nsmm_l] = -1.29164867663568e+00
@n.xbgr.xr85_u12.nr1[nsmm_rsh] = -1.88962269022847e+00
@n.xbgr.xr85_u12.nr1[nsmm_w] = 2.456054279941525e+00
@n.xbgr.xr85_u12.nr1[nsmm_l] = 9.414252640664992e-01
@n.xbgr.xr85_u13.nr1[nsmm_rsh] = -6.79301017511821e-02
@n.xbgr.xr85_u13.nr1[nsmm_w] = 1.379865060197773e+00
@n.xbgr.xr85_u13.nr1[nsmm_l] = 1.540500247047981e+00
@n.xbgr.xr85_u14.nr1[nsmm_rsh] = -5.28608918139192e-02
@n.xbgr.xr85_u14.nr1[nsmm_w] = 1.459586707358690e+00
@n.xbgr.xr85_u14.nr1[nsmm_l] = 5.900890130036142e-01
@n.xbgr.xr85_u15.nr1[nsmm_rsh] = -1.83054336481473e+00
@n.xbgr.xr85_u15.nr1[nsmm_w] = 1.235049569715568e+00
@n.xbgr.xr85_u15.nr1[nsmm_l] = 4.602306657924848e-02
@n.xbgr.xr85_u16.nr1[nsmm_rsh] = 4.121679576223085e-01
@n.xbgr.xr85_u16.nr1[nsmm_w] = -5.12193310721585e-01
@n.xbgr.xr85_u16.nr1[nsmm_l] = 1.228259340694908e-02
@n.xbgr.xr85_u17.nr1[nsmm_rsh] = 1.058458436234828e+00
@n.xbgr.xr85_u17.nr1[nsmm_w] = -1.18941278955328e+00
@n.xbgr.xr85_u17.nr1[nsmm_l] = -2.72297920974860e-02
@n.xbgr.xr85_u18.nr1[nsmm_rsh] = -7.67901391683081e-01
@n.xbgr.xr85_u18.nr1[nsmm_w] = 7.933864580842236e-01
@n.xbgr.xr85_u18.nr1[nsmm_l] = -8.09211843357906e-01
@n.xbgr.xr85_u19.nr1[nsmm_rsh] = 5.941591349136527e-01
@n.xbgr.xr85_u19.nr1[nsmm_w] = 2.011713129658556e+00
@n.xbgr.xr85_u19.nr1[nsmm_l] = 1.133042099500072e+00
@n.xbgr.xr85_u20.nr1[nsmm_rsh] = -1.17619038111531e+00
@n.xbgr.xr85_u20.nr1[nsmm_w] = 1.774720873960841e+00
@n.xbgr.xr85_u20.nr1[nsmm_l] = 2.488010138148698e-01
@n.xbgr.xr85_u21.nr1[nsmm_rsh] = -8.90894059989438e-01
@n.xbgr.xr85_u21.nr1[nsmm_w] = 1.738537079295407e+00
@n.xbgr.xr85_u21.nr1[nsmm_l] = 1.660289772099761e+00
@n.xbgr.xr85_u22.nr1[nsmm_rsh] = -2.24602869179183e+00
@n.xbgr.xr85_u22.nr1[nsmm_w] = -1.71804080764228e-01
@n.xbgr.xr85_u22.nr1[nsmm_l] = 2.142893389848695e+00
@n.xbgr.xr85_u23.nr1[nsmm_rsh] = 1.292846380667779e+00
@n.xbgr.xr85_u23.nr1[nsmm_w] = -4.68360804523251e-01
@n.xbgr.xr85_u23.nr1[nsmm_l] = 1.256497058939500e+00
@n.xbgr.xr85_u24.nr1[nsmm_rsh] = 2.336301746470279e-01
@n.xbgr.xr85_u24.nr1[nsmm_w] = -1.67599348566921e+00
@n.xbgr.xr85_u24.nr1[nsmm_l] = 5.007397890305708e-01
@n.xbgr.xr86_u2.nr1[nsmm_rsh] = 9.448198820803477e-02
@n.xbgr.xr86_u2.nr1[nsmm_w] = -1.29852040875598e+00
@n.xbgr.xr86_u2.nr1[nsmm_l] = -1.45334114248471e+00
@n.xbgr.xr86_u3.nr1[nsmm_rsh] = -1.08148823689119e+00
@n.xbgr.xr86_u3.nr1[nsmm_w] = -2.95580163598731e-01
@n.xbgr.xr86_u3.nr1[nsmm_l] = 5.793225911150999e-01
@n.xbgr.xr86_u4.nr1[nsmm_rsh] = -1.29828964703634e-01
@n.xbgr.xr86_u4.nr1[nsmm_w] = 9.589661959496748e-01
@n.xbgr.xr86_u4.nr1[nsmm_l] = -3.60513159540755e-01
@n.xbgr.xr86_u5.nr1[nsmm_rsh] = -7.65855319304293e-01
@n.xbgr.xr86_u5.nr1[nsmm_w] = -1.89346004849318e+00
@n.xbgr.xr86_u5.nr1[nsmm_l] = 1.282092860904229e+00
@n.xbgr.xr86_u6.nr1[nsmm_rsh] = 5.069686960646036e-01
@n.xbgr.xr86_u6.nr1[nsmm_w] = 2.012525530564376e+00
@n.xbgr.xr86_u6.nr1[nsmm_l] = -5.62823973366648e-01
@n.xbgr.xr86_u7.nr1[nsmm_rsh] = 2.702776634291351e-01
@n.xbgr.xr86_u7.nr1[nsmm_w] = 2.216215297721716e-01
@n.xbgr.xr86_u7.nr1[nsmm_l] = 1.816590390390565e-01
@n.xbgr.xr86_u8.nr1[nsmm_rsh] = -1.05694186257016e+00
@n.xbgr.xr86_u8.nr1[nsmm_w] = -1.55567961717962e+00
@n.xbgr.xr86_u8.nr1[nsmm_l] = 4.368703038746227e-01
@n.xbgr.xr86_u9.nr1[nsmm_rsh] = 7.071343468767526e-04
@n.xbgr.xr86_u9.nr1[nsmm_w] = -1.49006666596421e+00
@n.xbgr.xr86_u9.nr1[nsmm_l] = -1.32610981029266e+00
@n.xbgr.xr86_u10.nr1[nsmm_rsh] = -1.40083408612381e-02
@n.xbgr.xr86_u10.nr1[nsmm_w] = -2.01140169322929e-01
@n.xbgr.xr86_u10.nr1[nsmm_l] = 1.639018702034197e+00
@n.xbgr.xr86_u11.nr1[nsmm_rsh] = -1.32644711513007e+00
@n.xbgr.xr86_u11.nr1[nsmm_w] = -3.16700667297714e-01
@n.xbgr.xr86_u11.nr1[nsmm_l] = 1.681137892955406e-01
@n.xbgr.xr86_u12.nr1[nsmm_rsh] = 1.638655852081364e+00
@n.xbgr.xr86_u12.nr1[nsmm_w] = 3.887669024182693e-02
@n.xbgr.xr86_u12.nr1[nsmm_l] = 7.458133373201128e-01
@n.xbgr.xr86_u13.nr1[nsmm_rsh] = 4.550711695722340e-01
@n.xbgr.xr86_u13.nr1[nsmm_w] = 8.189560242199208e-01
@n.xbgr.xr86_u13.nr1[nsmm_l] = 2.772259578601403e-01
@n.xbgr.xr86_u14.nr1[nsmm_rsh] = 4.448354483699074e-01
@n.xbgr.xr86_u14.nr1[nsmm_w] = 6.740494305307119e-01
@n.xbgr.xr86_u14.nr1[nsmm_l] = -1.01981760497368e+00
@n.xbgr.xr86_u15.nr1[nsmm_rsh] = -2.20324603721140e-01
@n.xbgr.xr86_u15.nr1[nsmm_w] = -7.78770365090169e-01
@n.xbgr.xr86_u15.nr1[nsmm_l] = -2.11877182046752e+00
@n.xbgr.xr86_u16.nr1[nsmm_rsh] = -7.22811212214551e-01
@n.xbgr.xr86_u16.nr1[nsmm_w] = 8.230395682341212e-01
@n.xbgr.xr86_u16.nr1[nsmm_l] = 9.046445730312394e-01
@n.xbgr.xr86_u17.nr1[nsmm_rsh] = -1.30983709068617e-01
@n.xbgr.xr86_u17.nr1[nsmm_w] = -3.51443516286471e-01
@n.xbgr.xr86_u17.nr1[nsmm_l] = -1.53882627845794e+00
@n.xbgr.xr86_u18.nr1[nsmm_rsh] = 7.205603693418031e-01
@n.xbgr.xr86_u18.nr1[nsmm_w] = -6.07157424630843e-01
@n.xbgr.xr86_u18.nr1[nsmm_l] = 7.930638848691060e-01
@n.xbgr.xr86_u19.nr1[nsmm_rsh] = 2.008960762612143e-01
@n.xbgr.xr86_u19.nr1[nsmm_w] = 4.020111712458827e-01
@n.xbgr.xr86_u19.nr1[nsmm_l] = 1.361458945290051e+00
@n.xbgr.xr86_u20.nr1[nsmm_rsh] = -9.22249534257600e-01
@n.xbgr.xr86_u20.nr1[nsmm_w] = 1.510104816814756e+00
@n.xbgr.xr86_u20.nr1[nsmm_l] = 1.642143483010120e+00
@n.xbgr.xr86_u21.nr1[nsmm_rsh] = -3.16130436910007e-01
@n.xbgr.xr86_u21.nr1[nsmm_w] = 1.565724130274080e-01
@n.xbgr.xr86_u21.nr1[nsmm_l] = -1.33522692708233e+00
@n.xbgr.xr86_u22.nr1[nsmm_rsh] = 3.553809164190523e-01
@n.xbgr.xr86_u22.nr1[nsmm_w] = -2.73657708120613e-01
@n.xbgr.xr86_u22.nr1[nsmm_l] = 7.726057868028681e-02
@n.xbgr.xr86_u23.nr1[nsmm_rsh] = 1.056949853702932e+00
@n.xbgr.xr86_u23.nr1[nsmm_w] = 2.958188393074658e-01
@n.xbgr.xr86_u23.nr1[nsmm_l] = -2.80215112563027e-01
@n.xbgr.xr86_u24.nr1[nsmm_rsh] = 5.340184079030299e-01
@n.xbgr.xr86_u24.nr1[nsmm_w] = 1.051232559181085e+00
@n.xbgr.xr86_u24.nr1[nsmm_l] = 4.321544446590281e-01
P0_BGR_AFTER_END
P0_T2F_AFTER_BEGIN
@n.xt2f.xm1.nsg13_hv_nmos[w] = 4.002619164593583e-06
@n.xt2f.xm1.nsg13_hv_nmos[l] = 5.006107745955396e-07
@n.xt2f.xm1.nsg13_hv_nmos[delvto] = -6.57347442398350e-03
@n.xt2f.xm1.nsg13_hv_nmos[factuo] = 9.976956041188836e-01
@n.xt2f.xm2.nsg13_hv_nmos[w] = 4.000766540181350e-06
@n.xt2f.xm2.nsg13_hv_nmos[l] = 5.040313445665577e-07
@n.xt2f.xm2.nsg13_hv_nmos[delvto] = -1.55220713168389e-04
@n.xt2f.xm2.nsg13_hv_nmos[factuo] = 9.960945282578240e-01
@n.xt2f.xr3.nr1[nsmm_rsh] = 2.296226278419078e-01
@n.xt2f.xr3.nr1[nsmm_w] = 1.160293378729334e+00
@n.xt2f.xr3.nr1[nsmm_l] = -1.22034000314195e-01
@n.xt2f.xr4.nr1[nsmm_rsh] = -4.38901305576259e-01
@n.xt2f.xr4.nr1[nsmm_w] = -3.84304030722913e-01
@n.xt2f.xr4.nr1[nsmm_l] = 6.718118477261121e-01
@n.xt2f.xr5.nr1[nsmm_rsh] = -8.71016213839941e-01
@n.xt2f.xr5.nr1[nsmm_w] = 1.549179006719549e-01
@n.xt2f.xr5.nr1[nsmm_l] = -7.56040964408501e-02
@n.xt2f.xr6.nr1[nsmm_rsh] = -8.23395892527377e-01
@n.xt2f.xr6.nr1[nsmm_w] = 3.586569074639772e-01
@n.xt2f.xr6.nr1[nsmm_l] = 1.042877854226339e+00
@n.xt2f.xr7.nr1[nsmm_rsh] = 6.773787853895515e-01
@n.xt2f.xr7.nr1[nsmm_w] = -4.87869185039850e-01
@n.xt2f.xr7.nr1[nsmm_l] = 1.192863487980582e+00
@n.xt2f.xr8.nr1[nsmm_rsh] = -3.87593209017994e-01
@n.xt2f.xr8.nr1[nsmm_w] = -9.49409035382705e-01
@n.xt2f.xr8.nr1[nsmm_l] = -8.66513480765792e-01
@n.xt2f.xr9.nr1[nsmm_rsh] = -7.85242278696078e-01
@n.xt2f.xr9.nr1[nsmm_w] = -8.70698774933130e-01
@n.xt2f.xr9.nr1[nsmm_l] = -3.40354384903387e-01
@n.xt2f.xr10.nr1[nsmm_rsh] = -1.88768080677759e-01
@n.xt2f.xr10.nr1[nsmm_w] = 1.298775620613566e+00
@n.xt2f.xr10.nr1[nsmm_l] = 2.935475247499787e-01
@n.xt2f.xr11.nr1[nsmm_rsh] = -1.19887480649856e+00
@n.xt2f.xr11.nr1[nsmm_w] = -6.31105051347640e-01
@n.xt2f.xr11.nr1[nsmm_l] = 6.074838954206261e-01
@n.xt2f.xr12.nr1[nsmm_rsh] = -6.04445597267685e-01
@n.xt2f.xr12.nr1[nsmm_w] = 9.304414496118660e-03
@n.xt2f.xr12.nr1[nsmm_l] = -1.34730395837416e+00
@n.xt2f.xm13.nsg13_hv_nmos[w] = 3.997243964336720e-06
@n.xt2f.xm13.nsg13_hv_nmos[l] = 4.969803043726080e-07
@n.xt2f.xm13.nsg13_hv_nmos[delvto] = -2.07610975232513e-03
@n.xt2f.xm13.nsg13_hv_nmos[factuo] = 9.995156743645284e-01
@n.xt2f.xm14.nsg13_hv_nmos[w] = 4.000676682654200e-06
@n.xt2f.xm14.nsg13_hv_nmos[l] = 4.996483765820363e-07
@n.xt2f.xm14.nsg13_hv_nmos[delvto] = 5.776248266823962e-03
@n.xt2f.xm14.nsg13_hv_nmos[factuo] = 1.001414811661410e+00
@n.xt2f.xm15.nsg13_lv_pmos[w] = 9.999671546332353e-07
@n.xt2f.xm15.nsg13_lv_pmos[l] = 1.297934138759515e-07
@n.xt2f.xm15.nsg13_lv_pmos[delvto] = -1.55194076670404e-02
@n.xt2f.xm15.nsg13_lv_pmos[factuo] = 1.001377513923931e+00
@n.xt2f.xm16.nsg13_lv_nmos[w] = 4.986944320649591e-07
@n.xt2f.xm16.nsg13_lv_nmos[l] = 1.300979701179484e-07
@n.xt2f.xm16.nsg13_lv_nmos[delvto] = -1.84531976899696e-02
@n.xt2f.xm16.nsg13_lv_nmos[factuo] = 1.005757171013522e+00
@n.xt2f.xm17.nsg13_lv_nmos[w] = 1.000279146710013e-06
@n.xt2f.xm17.nsg13_lv_nmos[l] = 1.311265659796654e-07
@n.xt2f.xm17.nsg13_lv_nmos[delvto] = -3.94226595024893e-03
@n.xt2f.xm17.nsg13_lv_nmos[factuo] = 1.004420384893482e+00
@n.xt2f.xm18.nsg13_lv_pmos[w] = 5.007516889370650e-07
@n.xt2f.xm18.nsg13_lv_pmos[l] = 2.985247845706686e-07
@n.xt2f.xm18.nsg13_lv_pmos[delvto] = 3.542159850985557e-03
@n.xt2f.xm18.nsg13_lv_pmos[factuo] = 9.809876787841576e-01
@n.xt2f.xm19.nsg13_lv_pmos[w] = 5.029557002936328e-07
@n.xt2f.xm19.nsg13_lv_pmos[l] = 3.000290445331697e-07
@n.xt2f.xm19.nsg13_lv_pmos[delvto] = 7.805627445006112e-03
@n.xt2f.xm19.nsg13_lv_pmos[factuo] = 1.000419097081345e+00
@n.xt2f.xm20.nsg13_hv_pmos[w] = 2.001734500134519e-06
@n.xt2f.xm20.nsg13_hv_pmos[l] = 4.981148838958223e-07
@n.xt2f.xm20.nsg13_hv_pmos[delvto] = -1.30907934436267e-03
@n.xt2f.xm20.nsg13_hv_pmos[factuo] = 1.001352994569640e+00
@n.xt2f.xm21.nsg13_hv_pmos[w] = 2.001471719986249e-06
@n.xt2f.xm21.nsg13_hv_pmos[l] = 5.008298236531897e-07
@n.xt2f.xm21.nsg13_hv_pmos[delvto] = 4.958015108483270e-03
@n.xt2f.xm21.nsg13_hv_pmos[factuo] = 1.000939402801408e+00
@n.xt2f.xm22.nsg13_hv_pmos[w] = 2.004582626362501e-06
@n.xt2f.xm22.nsg13_hv_pmos[l] = 5.028264961028824e-07
@n.xt2f.xm22.nsg13_hv_pmos[delvto] = 3.797025324076947e-03
@n.xt2f.xm22.nsg13_hv_pmos[factuo] = 9.985961718057754e-01
@n.xt2f.xm23.nsg13_hv_nmos[w] = 3.003892090390761e-06
@n.xt2f.xm23.nsg13_hv_nmos[l] = 4.977782718980879e-07
@n.xt2f.xm23.nsg13_hv_nmos[delvto] = 7.320609350058803e-03
@n.xt2f.xm23.nsg13_hv_nmos[factuo] = 9.918501149708732e-01
@n.xt2f.xm24.nsg13_hv_nmos[w] = 3.001087228363061e-06
@n.xt2f.xm24.nsg13_hv_nmos[l] = 5.004735404635980e-07
@n.xt2f.xm24.nsg13_hv_nmos[delvto] = -7.66947254050900e-03
@n.xt2f.xm24.nsg13_hv_nmos[factuo] = 1.006996838452066e+00
@n.xt2f.xm25.nsg13_hv_nmos[w] = 2.998883506084322e-06
@n.xt2f.xm25.nsg13_hv_nmos[l] = 5.000334331141778e-07
@n.xt2f.xm25.nsg13_hv_nmos[delvto] = -1.71035453945526e-03
@n.xt2f.xm25.nsg13_hv_nmos[factuo] = 1.003546345686902e+00
@n.xt2f.xm26.nsg13_hv_pmos[w] = 1.999753676694179e-06
@n.xt2f.xm26.nsg13_hv_pmos[l] = 5.014375537674353e-07
@n.xt2f.xm26.nsg13_hv_pmos[delvto] = -3.27324116873866e-03
@n.xt2f.xm26.nsg13_hv_pmos[factuo] = 9.986781496873972e-01
@n.xt2f.xm27.nsg13_hv_pmos[w] = 2.003464374075114e-06
@n.xt2f.xm27.nsg13_hv_pmos[l] = 5.034626610871262e-07
@n.xt2f.xm27.nsg13_hv_pmos[delvto] = 1.003222843342157e-03
@n.xt2f.xm27.nsg13_hv_pmos[factuo] = 9.970825733205032e-01
@n.xt2f.xm28.nsg13_hv_pmos[w] = 1.997629538557430e-06
@n.xt2f.xm28.nsg13_hv_pmos[l] = 5.035448224896488e-07
@n.xt2f.xm28.nsg13_hv_pmos[delvto] = -7.95646045138763e-03
@n.xt2f.xm28.nsg13_hv_pmos[factuo] = 1.001398666472447e+00
@n.xt2f.xm29.nsg13_hv_pmos[w] = 2.000864167843535e-06
@n.xt2f.xm29.nsg13_hv_pmos[l] = 5.045920657020753e-07
@n.xt2f.xm29.nsg13_hv_pmos[delvto] = 5.756477100037499e-03
@n.xt2f.xm29.nsg13_hv_pmos[factuo] = 9.982061839542744e-01
@n.xt2f.xm30.nsg13_hv_pmos[w] = 1.993322139174392e-06
@n.xt2f.xm30.nsg13_hv_pmos[l] = 5.021596105307308e-07
@n.xt2f.xm30.nsg13_hv_pmos[delvto] = -2.04071834029858e-04
@n.xt2f.xm30.nsg13_hv_pmos[factuo] = 1.004131181534278e+00
@n.xt2f.xm31.nsg13_hv_pmos[w] = 1.999323660311465e-06
@n.xt2f.xm31.nsg13_hv_pmos[l] = 4.974467186917759e-07
@n.xt2f.xm31.nsg13_hv_pmos[delvto] = 7.964244433185686e-03
@n.xt2f.xm31.nsg13_hv_pmos[factuo] = 9.980855134560583e-01
@n.xt2f.xm32.nsg13_hv_pmos[w] = 4.004645605995988e-06
@n.xt2f.xm32.nsg13_hv_pmos[l] = 5.029560232141283e-07
@n.xt2f.xm32.nsg13_hv_pmos[delvto] = -1.89820720536925e-03
@n.xt2f.xm32.nsg13_hv_pmos[factuo] = 9.967637431091664e-01
@n.xt2f.xm33.nsg13_hv_pmos[w] = 3.993291257029968e-06
@n.xt2f.xm33.nsg13_hv_pmos[l] = 5.012854084273022e-07
@n.xt2f.xm33.nsg13_hv_pmos[delvto] = -8.14882195032353e-04
@n.xt2f.xm33.nsg13_hv_pmos[factuo] = 1.001857477345844e+00
@n.xt2f.xm34.nsg13_hv_pmos[w] = 4.003424894159541e-06
@n.xt2f.xm34.nsg13_hv_pmos[l] = 5.031287169268097e-07
@n.xt2f.xm34.nsg13_hv_pmos[delvto] = 1.320893711994996e-03
@n.xt2f.xm34.nsg13_hv_pmos[factuo] = 9.999974323967313e-01
@n.xt2f.xm35.nsg13_hv_pmos[w] = 4.000723980023298e-06
@n.xt2f.xm35.nsg13_hv_pmos[l] = 5.060183023802235e-07
@n.xt2f.xm35.nsg13_hv_pmos[delvto] = -4.09529710072875e-03
@n.xt2f.xm35.nsg13_hv_pmos[factuo] = 9.987630453531300e-01
@n.xt2f.xm36.nsg13_hv_nmos[w] = 9.998965480883931e-06
@n.xt2f.xm36.nsg13_hv_nmos[l] = 2.002574930547442e-06
@n.xt2f.xm36.nsg13_hv_nmos[delvto] = 5.507053786157195e-04
@n.xt2f.xm36.nsg13_hv_nmos[factuo] = 1.001129312520582e+00
@n.xt2f.xm37.nsg13_hv_nmos[w] = 1.000301160041769e-05
@n.xt2f.xm37.nsg13_hv_nmos[l] = 2.000509020217159e-06
@n.xt2f.xm37.nsg13_hv_nmos[delvto] = 3.176775839913618e-04
@n.xt2f.xm37.nsg13_hv_nmos[factuo] = 9.993600708623244e-01
@n.xt2f.xm38.nsg13_hv_nmos[w] = 9.994010846532746e-06
@n.xt2f.xm38.nsg13_hv_nmos[l] = 1.999648455906336e-06
@n.xt2f.xm38.nsg13_hv_nmos[delvto] = -1.68481258076439e-03
@n.xt2f.xm38.nsg13_hv_nmos[factuo] = 1.001457846838726e+00
@n.xt2f.xm39.nsg13_hv_nmos[w] = 1.000379859631190e-05
@n.xt2f.xm39.nsg13_hv_nmos[l] = 1.997865022400708e-06
@n.xt2f.xm39.nsg13_hv_nmos[delvto] = 1.935813115828215e-03
@n.xt2f.xm39.nsg13_hv_nmos[factuo] = 1.000553811019878e+00
@q.xt2f.xq40.qnpn13g2[area] = 1.023387355819672e+00
@q.xt2f.xq41.qnpn13g2[area] = 9.968497807497430e-01
@q.xt2f.xq42.qnpn13g2[area] = 1.097651594291873e+00
@q.xt2f.xq43.qnpn13g2[area] = 1.154558905723518e+00
@q.xt2f.xq44.qnpn13g2[area] = 1.031443246398611e+00
@q.xt2f.xq45.qnpn13g2[area] = 9.851751122745026e-01
@n.xt2f.xm46.nsg13_hv_pmos[w] = 4.004005084127908e-06
@n.xt2f.xm46.nsg13_hv_pmos[l] = 1.001726451994408e-06
@n.xt2f.xm46.nsg13_hv_pmos[delvto] = -3.42768467995006e-03
@n.xt2f.xm46.nsg13_hv_pmos[factuo] = 1.003805216508934e+00
@n.xt2f.xm47.nsg13_hv_pmos[w] = 4.004241986878190e-06
@n.xt2f.xm47.nsg13_hv_pmos[l] = 9.982742986258184e-07
@n.xt2f.xm47.nsg13_hv_pmos[delvto] = 3.171555635144431e-03
@n.xt2f.xm47.nsg13_hv_pmos[factuo] = 9.996742938942360e-01
@n.xt2f.xm48.nsg13_hv_pmos[w] = 3.999664229789750e-06
@n.xt2f.xm48.nsg13_hv_pmos[l] = 9.985768790410080e-07
@n.xt2f.xm48.nsg13_hv_pmos[delvto] = -8.92185318088816e-04
@n.xt2f.xm48.nsg13_hv_pmos[factuo] = 9.991062167258740e-01
@n.xt2f.xm49.nsg13_hv_pmos[w] = 3.999248906104276e-06
@n.xt2f.xm49.nsg13_hv_pmos[l] = 1.001820608034614e-06
@n.xt2f.xm49.nsg13_hv_pmos[delvto] = 6.052055749564181e-04
@n.xt2f.xm49.nsg13_hv_pmos[factuo] = 9.969120678197588e-01
@n.xt2f.xm50.nsg13_hv_nmos[w] = 4.996724346340606e-07
@n.xt2f.xm50.nsg13_hv_nmos[l] = 2.000264463235542e-06
@n.xt2f.xm50.nsg13_hv_nmos[delvto] = -5.29374286581951e-03
@n.xt2f.xm50.nsg13_hv_nmos[factuo] = 9.983200865323180e-01
@n.xt2f.xm51.nsg13_hv_nmos[w] = 4.981561858104588e-07
@n.xt2f.xm51.nsg13_hv_nmos[l] = 2.001770472104850e-06
@n.xt2f.xm51.nsg13_hv_nmos[delvto] = -1.58137521251782e-02
@n.xt2f.xm51.nsg13_hv_nmos[factuo] = 9.997454582190100e-01
@n.xt2f.xm52.nsg13_hv_nmos[w] = 4.952111888073241e-07
@n.xt2f.xm52.nsg13_hv_nmos[l] = 2.003782295516430e-06
@n.xt2f.xm52.nsg13_hv_nmos[delvto] = -1.33025962062375e-02
@n.xt2f.xm52.nsg13_hv_nmos[factuo] = 9.981228239554114e-01
@n.xt2f.xm53.nsg13_hv_nmos[w] = 5.027994196935961e-07
@n.xt2f.xm53.nsg13_hv_nmos[l] = 1.994883688250572e-06
@n.xt2f.xm53.nsg13_hv_nmos[delvto] = 1.818904122283254e-02
@n.xt2f.xm53.nsg13_hv_nmos[factuo] = 9.971344225041546e-01
@n.xt2f.xm54.nsg13_hv_nmos[w] = 2.000827742186333e-06
@n.xt2f.xm54.nsg13_hv_nmos[l] = 9.938166294094000e-07
@n.xt2f.xm54.nsg13_hv_nmos[delvto] = -8.49916255249867e-05
@n.xt2f.xm54.nsg13_hv_nmos[factuo] = 9.994823693935866e-01
@n.xt2f.xm55.nsg13_hv_nmos[w] = 2.002016062274229e-06
@n.xt2f.xm55.nsg13_hv_nmos[l] = 9.998317337004905e-07
@n.xt2f.xm55.nsg13_hv_nmos[delvto] = -2.41956664696449e-03
@n.xt2f.xm55.nsg13_hv_nmos[factuo] = 1.000666755319042e+00
@n.xt2f.xm56.nsg13_hv_nmos[w] = 1.994013054510246e-06
@n.xt2f.xm56.nsg13_hv_nmos[l] = 9.982193029044016e-07
@n.xt2f.xm56.nsg13_hv_nmos[delvto] = -2.70182768997893e-03
@n.xt2f.xm56.nsg13_hv_nmos[factuo] = 9.959192801243180e-01
@n.xt2f.xm57.nsg13_hv_nmos[w] = 2.000480162551725e-06
@n.xt2f.xm57.nsg13_hv_nmos[l] = 9.979305075191328e-07
@n.xt2f.xm57.nsg13_hv_nmos[delvto] = 2.251470192152648e-03
@n.xt2f.xm57.nsg13_hv_nmos[factuo] = 9.967005830952208e-01
@n.xt2f.xm58.nsg13_hv_nmos[w] = 2.000652671961280e-06
@n.xt2f.xm58.nsg13_hv_nmos[l] = 9.985500403067732e-07
@n.xt2f.xm58.nsg13_hv_nmos[delvto] = 2.212035514687854e-03
@n.xt2f.xm58.nsg13_hv_nmos[factuo] = 9.999210434414360e-01
@n.xt2f.xm59.nsg13_hv_nmos[w] = 2.002215077321975e-06
@n.xt2f.xm59.nsg13_hv_nmos[l] = 1.002185637244048e-06
@n.xt2f.xm59.nsg13_hv_nmos[delvto] = -1.05936491292988e-02
@n.xt2f.xm59.nsg13_hv_nmos[factuo] = 9.977049795103128e-01
@n.xt2f.xm60.nsg13_hv_nmos[w] = 2.003460304112335e-06
@n.xt2f.xm60.nsg13_hv_nmos[l] = 9.956895608564497e-07
@n.xt2f.xm60.nsg13_hv_nmos[delvto] = -1.09061507269739e-02
@n.xt2f.xm60.nsg13_hv_nmos[factuo] = 9.944502523232572e-01
@n.xt2f.xm61.nsg13_hv_nmos[w] = 2.003148713605280e-06
@n.xt2f.xm61.nsg13_hv_nmos[l] = 1.003854509886003e-06
@n.xt2f.xm61.nsg13_hv_nmos[delvto] = 1.360073309299285e-04
@n.xt2f.xm61.nsg13_hv_nmos[factuo] = 1.003078509486832e+00
@n.xt2f.xm62.nsg13_hv_nmos[w] = 9.999224860444247e-06
@n.xt2f.xm62.nsg13_hv_nmos[l] = 1.998892118433943e-06
@n.xt2f.xm62.nsg13_hv_nmos[delvto] = 1.071982296621304e-03
@n.xt2f.xm62.nsg13_hv_nmos[factuo] = 1.000198509234960e+00
@n.xt2f.xm63.nsg13_hv_nmos[w] = 1.999399056504955e-06
@n.xt2f.xm63.nsg13_hv_nmos[l] = 5.053681051968808e-07
@n.xt2f.xm63.nsg13_hv_nmos[delvto] = 9.319385910315229e-03
@n.xt2f.xm63.nsg13_hv_nmos[factuo] = 1.000989016500790e+00
@n.xt2f.xm64.nsg13_hv_nmos[w] = 1.998248978618533e-06
@n.xt2f.xm64.nsg13_hv_nmos[l] = 5.019783753916276e-07
@n.xt2f.xm64.nsg13_hv_nmos[delvto] = 5.941328500443268e-03
@n.xt2f.xm64.nsg13_hv_nmos[factuo] = 9.984900915350656e-01
@n.xt2f.xm65.nsg13_hv_nmos[w] = 1.005596910835337e-06
@n.xt2f.xm65.nsg13_hv_nmos[l] = 4.997774943404240e-07
@n.xt2f.xm65.nsg13_hv_nmos[delvto] = -7.33754585786867e-03
@n.xt2f.xm65.nsg13_hv_nmos[factuo] = 9.906453743214931e-01
@n.xt2f.xm66.nsg13_hv_nmos[w] = 9.980940166125746e-07
@n.xt2f.xm66.nsg13_hv_nmos[l] = 4.981313532431483e-07
@n.xt2f.xm66.nsg13_hv_nmos[delvto] = -8.80863775925447e-03
@n.xt2f.xm66.nsg13_hv_nmos[factuo] = 9.991968002705431e-01
@n.xt2f.xm67.nsg13_hv_nmos[w] = 9.970817328259428e-07
@n.xt2f.xm67.nsg13_hv_nmos[l] = 4.995476861154540e-07
@n.xt2f.xm67.nsg13_hv_nmos[delvto] = -1.08906578278388e-02
@n.xt2f.xm67.nsg13_hv_nmos[factuo] = 9.996975945198232e-01
@n.xt2f.xm68.nsg13_hv_nmos[w] = 9.963825713309545e-07
@n.xt2f.xm68.nsg13_hv_nmos[l] = 5.057728665458556e-07
@n.xt2f.xm68.nsg13_hv_nmos[delvto] = -8.45149309338259e-03
@n.xt2f.xm68.nsg13_hv_nmos[factuo] = 1.002390326355655e+00
@n.xt2f.xm69.nsg13_hv_nmos[w] = 1.999245516534785e-06
@n.xt2f.xm69.nsg13_hv_nmos[l] = 5.056642508830920e-07
@n.xt2f.xm69.nsg13_hv_nmos[delvto] = -1.02322288305165e-02
@n.xt2f.xm69.nsg13_hv_nmos[factuo] = 9.988895272667232e-01
@n.xt2f.xm70.nsg13_hv_nmos[w] = 2.000257270224905e-06
@n.xt2f.xm70.nsg13_hv_nmos[l] = 4.991681529446764e-07
@n.xt2f.xm70.nsg13_hv_nmos[delvto] = 1.518323806140002e-02
@n.xt2f.xm70.nsg13_hv_nmos[factuo] = 9.988737027682728e-01
@n.xt2f.xm71.nsg13_hv_nmos[w] = 2.005771089100107e-06
@n.xt2f.xm71.nsg13_hv_nmos[l] = 5.001046131553438e-07
@n.xt2f.xm71.nsg13_hv_nmos[delvto] = -3.24661157832154e-03
@n.xt2f.xm71.nsg13_hv_nmos[factuo] = 9.945253259951178e-01
@n.xt2f.xm72.nsg13_hv_nmos[w] = 1.999630230259753e-06
@n.xt2f.xm72.nsg13_hv_nmos[l] = 4.940818611686264e-07
@n.xt2f.xm72.nsg13_hv_nmos[delvto] = 2.902742123533598e-03
@n.xt2f.xm72.nsg13_hv_nmos[factuo] = 1.008098081007477e+00
@n.xt2f.xm73.nsg13_hv_nmos[w] = 1.998008015158938e-06
@n.xt2f.xm73.nsg13_hv_nmos[l] = 5.009248956402083e-07
@n.xt2f.xm73.nsg13_hv_nmos[delvto] = 8.226898216777193e-03
@n.xt2f.xm73.nsg13_hv_nmos[factuo] = 9.921717735060199e-01
@n.xt2f.xm74.nsg13_hv_nmos[w] = 1.998581550089923e-06
@n.xt2f.xm74.nsg13_hv_nmos[l] = 4.980501191946492e-07
@n.xt2f.xm74.nsg13_hv_nmos[delvto] = 3.773255394725789e-03
@n.xt2f.xm74.nsg13_hv_nmos[factuo] = 9.946731005602952e-01
@n.xt2f.xm75.nsg13_hv_nmos[w] = 2.000261541633239e-06
@n.xt2f.xm75.nsg13_hv_nmos[l] = 5.023721207057981e-07
@n.xt2f.xm75.nsg13_hv_nmos[delvto] = -1.34611402870963e-02
@n.xt2f.xm75.nsg13_hv_nmos[factuo] = 1.003355632029745e+00
@n.xt2f.xm76.nsg13_hv_nmos[w] = 2.000594576695186e-06
@n.xt2f.xm76.nsg13_hv_nmos[l] = 5.036673135372446e-07
@n.xt2f.xm76.nsg13_hv_nmos[delvto] = 9.839275089438869e-03
@n.xt2f.xm76.nsg13_hv_nmos[factuo] = 9.946361296835020e-01
@n.xt2f.xm77.nsg13_hv_pmos[w] = 1.997042050131542e-06
@n.xt2f.xm77.nsg13_hv_pmos[l] = 5.021550457262517e-07
@n.xt2f.xm77.nsg13_hv_pmos[delvto] = 4.836152483349864e-03
@n.xt2f.xm77.nsg13_hv_pmos[factuo] = 9.992298128026754e-01
@n.xt2f.xm78.nsg13_hv_pmos[w] = 2.003778247122288e-06
@n.xt2f.xm78.nsg13_hv_pmos[l] = 5.000689294351257e-07
@n.xt2f.xm78.nsg13_hv_pmos[delvto] = -1.60188599933759e-03
@n.xt2f.xm78.nsg13_hv_pmos[factuo] = 1.000035756634776e+00
@n.xt2f.xm79.nsg13_hv_pmos[w] = 1.994412098359043e-06
@n.xt2f.xm79.nsg13_hv_pmos[l] = 5.026146833761550e-07
@n.xt2f.xm79.nsg13_hv_pmos[delvto] = 2.042226537337627e-03
@n.xt2f.xm79.nsg13_hv_pmos[factuo] = 1.002327257697585e+00
@n.xt2f.xm80.nsg13_hv_pmos[w] = 1.999752785657655e-06
@n.xt2f.xm80.nsg13_hv_pmos[l] = 5.007643846935000e-07
@n.xt2f.xm80.nsg13_hv_pmos[delvto] = -2.29371259113692e-03
@n.xt2f.xm80.nsg13_hv_pmos[factuo] = 1.001271762626651e+00
@n.xt2f.xm81.nsg13_hv_pmos[w] = 9.995470163630483e-06
@n.xt2f.xm81.nsg13_hv_pmos[l] = 3.999592735059475e-06
@n.xt2f.xm81.nsg13_hv_pmos[delvto] = -1.26986825199009e-04
@n.xt2f.xm81.nsg13_hv_pmos[factuo] = 1.000106497751881e+00
@n.xt2f.xm82.nsg13_hv_pmos[w] = 9.997546177309737e-06
@n.xt2f.xm82.nsg13_hv_pmos[l] = 3.999161290889904e-06
@n.xt2f.xm82.nsg13_hv_pmos[delvto] = -4.49325302584900e-04
@n.xt2f.xm82.nsg13_hv_pmos[factuo] = 9.992602013813610e-01
@n.xt2f.xm83.nsg13_hv_pmos[w] = 9.999993459526084e-06
@n.xt2f.xm83.nsg13_hv_pmos[l] = 4.006718426277127e-06
@n.xt2f.xm83.nsg13_hv_pmos[delvto] = -9.41322977196268e-04
@n.xt2f.xm83.nsg13_hv_pmos[factuo] = 9.998547873683402e-01
@n.xt2f.xm84.nsg13_hv_pmos[w] = 9.998858932736153e-06
@n.xt2f.xm84.nsg13_hv_pmos[l] = 4.002021090145472e-06
@n.xt2f.xm84.nsg13_hv_pmos[delvto] = -2.81689251089351e-04
@n.xt2f.xm84.nsg13_hv_pmos[factuo] = 9.985466467248776e-01
@n.xt2f.xm85.nsg13_hv_pmos[w] = 1.997747284901410e-06
@n.xt2f.xm85.nsg13_hv_pmos[l] = 2.001032595028191e-06
@n.xt2f.xm85.nsg13_hv_pmos[delvto] = -4.05387681211342e-03
@n.xt2f.xm85.nsg13_hv_pmos[factuo] = 9.976563695353460e-01
@n.xt2f.xm86.nsg13_hv_pmos[w] = 9.993502815786821e-06
@n.xt2f.xm86.nsg13_hv_pmos[l] = 4.003144814713584e-06
@n.xt2f.xm86.nsg13_hv_pmos[delvto] = 5.066911197883487e-04
@n.xt2f.xm86.nsg13_hv_pmos[factuo] = 9.997508680797140e-01
@n.xt2f.xm87.nsg13_hv_pmos[w] = 9.997419298071128e-06
@n.xt2f.xm87.nsg13_hv_pmos[l] = 3.998999647457279e-06
@n.xt2f.xm87.nsg13_hv_pmos[delvto] = -4.33904340868368e-04
@n.xt2f.xm87.nsg13_hv_pmos[factuo] = 9.999176061955047e-01
@n.xt2f.xm88.nsg13_hv_pmos[w] = 9.999445207971963e-06
@n.xt2f.xm88.nsg13_hv_pmos[l] = 4.001060115700304e-06
@n.xt2f.xm88.nsg13_hv_pmos[delvto] = -7.44496790235282e-04
@n.xt2f.xm88.nsg13_hv_pmos[factuo] = 1.000807010163545e+00
@n.xt2f.xm89.nsg13_hv_pmos[w] = 1.000433393196783e-05
@n.xt2f.xm89.nsg13_hv_pmos[l] = 3.993689473475571e-06
@n.xt2f.xm89.nsg13_hv_pmos[delvto] = -9.63666500446193e-04
@n.xt2f.xm89.nsg13_hv_pmos[factuo] = 9.997471498105324e-01
@n.xt2f.xm90.nsg13_hv_pmos[w] = 1.000024516060858e-05
@n.xt2f.xm90.nsg13_hv_pmos[l] = 3.998478320011575e-06
@n.xt2f.xm90.nsg13_hv_pmos[delvto] = 7.263313153623118e-04
@n.xt2f.xm90.nsg13_hv_pmos[factuo] = 1.000935284804671e+00
@n.xt2f.xm91.nsg13_lv_pmos[w] = 1.992641376494568e-06
@n.xt2f.xm91.nsg13_lv_pmos[l] = 1.311086680354031e-07
@n.xt2f.xm91.nsg13_lv_pmos[delvto] = -6.44772883264780e-04
@n.xt2f.xm91.nsg13_lv_pmos[factuo] = 9.941454332064068e-01
@c.xt2f.xc1.c1[scale] = 1.000208653806886e+00
@c.xt2f.xc2.c1[scale] = 9.999375746766483e-01
P0_T2F_AFTER_END
t_a                 =  4.75542e-06
t_b                 =  1.28304e-05
freq = 1.981419731819793e+06
i33_avg             =  -4.66933e-04 from=  4.75542e-06 to=  1.28304e-05
i12_avg             =  -3.27846e-07 from=  4.75542e-06 to=  1.28304e-05
vref_avg            =  1.03279e+00 from=  4.75542e-06 to=  1.28304e-05
vth_avg             =  1.03275e+00 from=  4.75542e-06 to=  1.28304e-05
cap1_max            =  1.09510e+00 at=  5.76403e-06
fout_hi             =  1.21145e+00 at=  1.15675e-05
fout_lo             =  -6.18253e-03 at=  5.76462e-06
t_half_a            =  2.51300e-07 targ=  5.00672e-06 trig=  4.75542e-06
PHASE0_END
ngspice-46 done
