 time            v(vref)         iptat           v(pbias)        v(vdd)         
 2.00000000e-08  1.26113452e-03 -1.88285840e-05  9.46099892e-02  6.00000000e-05 
 2.00047640e-08  1.26119499e-03 -1.77907693e-05  9.46283374e-02  6.00142919e-05 
 2.00142919e-08  1.26116773e-03 -1.70280445e-05  9.46556377e-02  6.00428757e-05 
 2.00333477e-08  1.26078753e-03 -1.68817484e-05  9.46988980e-02  6.01000432e-05 
 2.00714595e-08  1.26002798e-03 -1.66011236e-05  9.48047609e-02  6.02143784e-05 
 2.01378653e-08  1.25880321e-03 -1.66790496e-05  9.49855592e-02  6.04135960e-05 
 2.02376472e-08  1.25689159e-03 -1.65638042e-05  9.52423398e-02  6.07129416e-05 
 2.04326577e-08  1.25303450e-03 -1.66404482e-05  9.56921012e-02  6.12979731e-05 
 2.07601563e-08  1.24630481e-03 -1.65384555e-05  9.63544232e-02  6.22804689e-05 
 2.11775576e-08  1.23758417e-03 -1.66331857e-05  9.71023069e-02  6.35326729e-05 
 2.16537677e-08  1.22766162e-03 -1.65594444e-05  9.79010186e-02  6.49613030e-05 
 2.22824662e-08  1.21480337e-03 -1.66709578e-05  9.89181959e-02  6.68473986e-05 
 2.31488424e-08  1.19757751e-03 -1.66190925e-05  1.00291614e-01  6.94465273e-05 
 2.46035208e-08  1.16987947e-03 -1.67627552e-05  1.02538531e-01  7.38105624e-05 
 2.71044994e-08  1.12533118e-03 -1.67716615e-05  1.06230225e-01  8.13134983e-05 
 3.14717201e-08  1.05564225e-03 -1.70086255e-05  1.12101545e-01  9.44151604e-05 
 3.61239134e-08  9.91884718e-04 -1.70631802e-05  1.17526803e-01  1.08371740e-04 
 4.15312626e-08  9.29875263e-04 -1.72893214e-05  1.22818937e-01  1.24593788e-04 
 4.77039756e-08  8.72819527e-04 -1.73354379e-05  1.27698509e-01  1.43111927e-04 
 5.54505653e-08  8.17966335e-04 -1.75523313e-05  1.32394894e-01  1.66351696e-04 
 6.35048569e-08  7.76309262e-04 -1.75687969e-05  1.35968837e-01  1.90514571e-04 
 7.26185682e-08  7.42955216e-04 -1.77393447e-05  1.38835790e-01  2.17855705e-04 
 8.19481681e-08  7.19674264e-04 -1.77145884e-05  1.40845039e-01  2.45844504e-04 
 9.31604220e-08  7.01536389e-04 -1.78502279e-05  1.42419291e-01  2.79481266e-04 
 1.04923977e-07  6.90193301e-04 -1.77978969e-05  1.43416955e-01  3.14771932e-04 
 1.19669241e-07  6.82729277e-04 -1.79088126e-05  1.44091422e-01  3.59007724e-04 
 1.35384150e-07  6.79643913e-04 -1.78377317e-05  1.44397444e-01  4.06152451e-04 
 1.56219371e-07  6.79478342e-04 -1.79328380e-05  1.44469715e-01  4.68658114e-04 
 1.79208928e-07  6.81764373e-04 -1.78512475e-05  1.44342957e-01  5.37626784e-04 
 2.12639773e-07  6.86730702e-04 -1.79383605e-05  1.44022730e-01  6.37919318e-04 
 2.52089123e-07  6.93319714e-04 -1.78522667e-05  1.43590992e-01  7.56267368e-04 
 3.21122709e-07  7.04988884e-04 -1.79356520e-05  1.42838238e-01  9.63368127e-04 
 4.14839769e-07  7.20511150e-04 -1.78458885e-05  1.41870187e-01  1.24451931e-03 
 6.02273890e-07  7.50256099e-04 -1.79200981e-05  1.40097939e-01  1.80682167e-03 
 8.11314940e-07  7.81395319e-04 -1.78178443e-05  1.38336984e-01  2.43394482e-03 
 1.18898784e-06  8.32363540e-04 -1.78655091e-05  1.35575374e-01  3.56696351e-03 
 1.53610489e-06  8.73491475e-04 -1.77383384e-05  1.33404226e-01  4.60831466e-03 
 2.00000000e-06  9.20653636e-04 -1.77614106e-05  1.30884563e-01  6.00000000e-03 
 2.05460254e-06  9.25591100e-04 -1.77107823e-05  1.30615026e-01  6.16380762e-03 
 2.16380762e-06  9.35248606e-04 -1.76949707e-05  1.30083591e-01  6.49142287e-03 
 2.38221779e-06  9.53291666e-04 -1.76625551e-05  1.29067368e-01  7.14665337e-03 
 2.81903812e-06  9.84617843e-04 -1.75950284e-05  1.27195741e-01  8.45711437e-03 
 3.69267879e-06  1.03057744e-03 -1.74521360e-05  1.23951182e-01  1.10780364e-02 
 5.00450615e-06  1.06587387e-03 -1.72251652e-05  1.19969004e-01  1.50135184e-02 
 6.41020465e-06  1.07051688e-03 -1.69730049e-05  1.16516068e-01  1.92306140e-02 
 8.20903551e-06  1.04505347e-03 -1.66452354e-05  1.12919100e-01  2.46271065e-02 
 1.02090355e-05  9.95087608e-04 -1.62805498e-05  1.09691679e-01  3.06271065e-02 
 1.22090355e-05  9.39219159e-04 -1.59200897e-05  1.07057192e-01  3.66271065e-02 
 1.42090355e-05  8.89603565e-04 -1.55667910e-05  1.04869611e-01  4.26271065e-02 
 1.62090355e-05  8.53993657e-04 -1.52225049e-05  1.03030942e-01  4.86271065e-02 
 1.82090355e-05  8.36987749e-04 -1.48884435e-05  1.01471731e-01  5.46271065e-02 
 2.02090355e-05  8.40992077e-04 -1.45653510e-05  1.00141021e-01  6.06271065e-02 
 2.22090355e-05  8.66960808e-04 -1.42536673e-05  9.90005569e-02  6.66271065e-02 
 2.42090355e-05  9.14953820e-04 -1.39535725e-05  9.80209825e-02  7.26271065e-02 
 2.62090355e-05  9.84544452e-04 -1.36650849e-05  9.71792704e-02  7.86271065e-02 
 2.82090355e-05  1.07511087e-03 -1.33880678e-05  9.64567982e-02  8.46271065e-02 
 3.02090355e-05  1.18603879e-03 -1.31223044e-05  9.58379535e-02  9.06271065e-02 
 3.22090355e-05  1.31686169e-03 -1.28674897e-05  9.53089994e-02  9.66271065e-02 
 3.42090355e-05  1.46735739e-03 -1.26232934e-05  9.48572245e-02  1.02627107e-01 
 3.62090355e-05  1.63761742e-03 -1.23893444e-05  9.44702106e-02  1.08627107e-01 
 3.82090355e-05  1.82809996e-03 -1.21652868e-05  9.41352884e-02  1.14627107e-01 
 4.02090355e-05  2.03967545e-03 -1.19507577e-05  9.38390634e-02  1.20627107e-01 
 4.22090355e-05  2.27367026e-03 -1.17454377e-05  9.35671042e-02  1.26627107e-01 
 4.42090355e-05  2.53191357e-03 -1.15490218e-05  9.33037047e-02  1.32627107e-01 
 4.62090355e-05  2.81679026e-03 -1.13612630e-05  9.30318174e-02  1.38627107e-01 
 4.82090355e-05  3.13130422e-03 -1.11819357e-05  9.27330827e-02  1.44627107e-01 
 5.02090355e-05  3.47915535e-03 -1.10108715e-05  9.23880334e-02  1.50627107e-01 
 5.22090355e-05  3.86483728e-03 -1.08479164e-05  9.19763875e-02  1.56627107e-01 
 5.42090355e-05  4.29376340e-03 -1.06929605e-05  9.14774685e-02  1.62627107e-01 
 5.62090355e-05  4.77243387e-03 -1.05458915e-05  9.08706391e-02  1.68627107e-01 
 5.82090355e-05  5.30865864e-03 -1.04066247e-05  9.01357511e-02  1.74627107e-01 
 6.02090355e-05  5.91185599e-03 -1.02750577e-05  8.92534984e-02  1.80627107e-01 
 6.22090355e-05  6.59344794e-03 -1.01511046e-05  8.82056982e-02  1.86627107e-01 
 6.42090355e-05  7.36737571e-03 -1.00346554e-05  8.69754552e-02  1.92627107e-01 
 6.62090355e-05  8.25075835e-03 -9.92561269e-06  8.55473026e-02  1.98627107e-01 
 6.82090355e-05  9.26472177e-03 -9.82385249e-06  8.39073307e-02  2.04627107e-01 
 7.02090355e-05  1.04354353e-02 -9.72926069e-06  8.20433366e-02  2.10627107e-01 
 7.22090355e-05  1.17954179e-02 -9.64169580e-06  7.99448931e-02  2.16627107e-01 
 7.42090355e-05  1.33852142e-02 -9.56103473e-06  7.76030820e-02  2.22627107e-01 
 7.62090355e-05  1.52556069e-02 -9.48716242e-06  7.50092645e-02  2.28627107e-01 
 7.82090355e-05  1.74706774e-02 -9.42008440e-06  7.21515340e-02  2.34627107e-01 
 8.02090355e-05  2.01124158e-02 -9.36009695e-06  6.90045754e-02  2.40627107e-01 
 8.22090355e-05  2.32888046e-02 -9.30838864e-06  6.55016724e-02  2.46627107e-01 
 8.40965612e-05  2.69096246e-02 -9.26982426e-06  6.17307799e-02  2.52289684e-01 
 8.57991065e-05  3.08472087e-02 -9.24749418e-06  5.77403635e-02  2.57397320e-01 
 8.72963538e-05  3.50011518e-02 -9.24214255e-06  5.35381607e-02  2.61889061e-01 
 8.86246827e-05  3.94045933e-02 -9.25321393e-06  4.90324234e-02  2.65874048e-01 
 8.98370358e-05  4.42074899e-02 -9.27941707e-06  4.41189446e-02  2.69511107e-01 
 9.09347885e-05  4.93981158e-02 -9.31473406e-06  3.90816270e-02  2.72804365e-01 
 9.17121657e-05  5.36633702e-02 -9.34173614e-06  3.54009990e-02  2.75136497e-01 
 9.24174522e-05  5.80150736e-02 -9.36215665e-06  3.22581440e-02  2.77252357e-01 
 9.31379326e-05  6.29546381e-02 -9.37459357e-06  2.94708847e-02  2.79413798e-01 
 9.39478760e-05  6.90908043e-02 -9.37585173e-06  2.69926832e-02  2.81843628e-01 
 9.47651323e-05  7.58657266e-02 -9.36380458e-06  2.51882158e-02  2.84295397e-01 
 9.56460626e-05  8.37588649e-02 -9.33817034e-06  2.39125577e-02  2.86938188e-01 
 9.67020067e-05  9.39325411e-02 -9.29433064e-06  2.30887071e-02  2.90106020e-01 
 9.76608931e-05  1.03770253e-01 -9.24593839e-06  2.28152040e-02  2.92982679e-01 
 9.89129754e-05  1.17377207e-01 -9.17590313e-06  2.28574930e-02  2.96738926e-01 
 1.00403631e-04  1.34588561e-01 -9.08771179e-06  2.32227833e-02  3.01210894e-01 
 1.02403631e-04  1.59114392e-01 -8.96696110e-06  2.39461975e-02  3.07210894e-01 
 1.04403631e-04  1.84658238e-01 -8.84626670e-06  2.47887310e-02  3.13210894e-01 
 1.06403631e-04  2.09951436e-01 -8.72672847e-06  2.56925801e-02  3.19210894e-01 
 1.08038417e-04  2.29150290e-01 -8.63020341e-06  2.64611856e-02  3.24115252e-01 
 1.09779132e-04  2.46682530e-01 -8.52890097e-06  2.72930898e-02  3.29337397e-01 
 1.11386976e-04  2.59496094e-01 -8.43686807e-06  2.80648587e-02  3.34160928e-01 
 1.13386976e-04  2.71093446e-01 -8.32429756e-06  2.90364961e-02  3.40160928e-01 
 1.15386976e-04  2.79136041e-01 -8.21354105e-06  3.00387679e-02  3.46160928e-01 
 1.17386976e-04  2.85174195e-01 -8.10434745e-06  3.10856483e-02  3.52160928e-01 
 1.19311392e-04  2.90077801e-01 -8.00076240e-06  3.21367993e-02  3.57934175e-01 
 1.21311392e-04  2.94745459e-01 -7.89463493e-06  3.32757904e-02  3.63934175e-01 
 1.23311392e-04  2.99178514e-01 -7.78995005e-06  3.44706163e-02  3.69934175e-01 
 1.25311392e-04  3.03447853e-01 -7.68640524e-06  3.57390625e-02  3.75934175e-01 
 1.27311392e-04  3.07569832e-01 -7.58351338e-06  3.71120128e-02  3.81934175e-01 
 1.29311392e-04  3.11538371e-01 -7.48048250e-06  3.86377195e-02  3.87934175e-01 
 1.31311392e-04  3.15331775e-01 -7.37615971e-06  4.03893599e-02  3.93934175e-01 
 1.33311392e-04  3.18912108e-01 -7.26891531e-06  4.24693831e-02  3.99934175e-01 
 1.35311392e-04  3.22225412e-01 -7.15681529e-06  4.50026480e-02  4.05934175e-01 
 1.37311392e-04  3.25212692e-01 -7.03817118e-06  4.80982228e-02  4.11934175e-01 
 1.39311392e-04  3.27837320e-01 -6.91264367e-06  5.17820739e-02  4.17934175e-01 
 1.41311392e-04  3.30114539e-01 -6.78172617e-06  5.59623193e-02  4.23934175e-01 
 1.43311392e-04  3.32107652e-01 -6.64784298e-06  6.04895377e-02  4.29934175e-01 
 1.45311392e-04  3.33890890e-01 -6.51302626e-06  6.52359748e-02  4.35934175e-01 
 1.47311392e-04  3.35521996e-01 -6.37864414e-06  7.01154418e-02  4.41934175e-01 
 1.49311392e-04  3.37040450e-01 -6.24551298e-06  7.50737506e-02  4.47934175e-01 
 1.51311392e-04  3.38473663e-01 -6.11416440e-06  8.00752717e-02  4.53934175e-01 
 1.53311392e-04  3.39843577e-01 -5.98498750e-06  8.50908688e-02  4.59934175e-01 
 1.55311392e-04  3.41174117e-01 -5.85850640e-06  9.00825539e-02  4.65934175e-01 
 1.57024975e-04  3.42315679e-01 -5.75325856e-06  9.42685798e-02  4.71074924e-01 
 1.58192796e-04  3.43132353e-01 -5.68460267e-06  9.69714116e-02  4.74578389e-01 
 1.59743405e-04  3.44403631e-01 -5.60173730e-06  1.00055806e-01  4.79230216e-01 
 1.60336795e-04  3.44978649e-01 -5.57315464e-06  1.01040721e-01  4.81010386e-01 
 1.61269908e-04  3.46008883e-01 -5.53133900e-06  1.02396955e-01  4.83809723e-01 
 1.62134054e-04  3.47080899e-01 -5.49507886e-06  1.03507873e-01  4.86402161e-01 
 1.62940991e-04  3.48153027e-01 -5.46251386e-06  1.04474647e-01  4.88822972e-01 
 1.64275768e-04  3.50007184e-01 -5.41031629e-06  1.05994852e-01  4.92827303e-01 
 1.65703389e-04  3.52047642e-01 -5.35599962e-06  1.07562135e-01  4.97110168e-01 
 1.67703389e-04  3.54943702e-01 -5.28169835e-06  1.09708647e-01  5.03110168e-01 
 1.69703389e-04  3.57861173e-01 -5.20909085e-06  1.11819385e-01  5.09110168e-01 
 1.71703389e-04  3.60793354e-01 -5.13798939e-06  1.13902847e-01  5.15110168e-01 
 1.73703389e-04  3.63739596e-01 -5.06825816e-06  1.15963107e-01  5.21110168e-01 
 1.75703389e-04  3.66700168e-01 -4.99980684e-06  1.18002607e-01  5.27110168e-01 
 1.77703389e-04  3.69675604e-01 -4.93252683e-06  1.20024005e-01  5.33110168e-01 
 1.79703389e-04  3.72666528e-01 -4.86634201e-06  1.22029289e-01  5.39110168e-01 
 1.81703389e-04  3.75673615e-01 -4.80115501e-06  1.24020792e-01  5.45110168e-01 
 1.83703389e-04  3.78697553e-01 -4.73689867e-06  1.26000386e-01  5.51110168e-01 
 1.85703389e-04  3.81739036e-01 -4.67348432e-06  1.27970246e-01  5.57110168e-01 
 1.87703389e-04  3.84798758e-01 -4.61085252e-06  1.29932183e-01  5.63110168e-01 
 1.89703389e-04  3.87877404e-01 -4.54892235e-06  1.31888249e-01  5.69110168e-01 
 1.91703389e-04  3.90975651e-01 -4.48764142e-06  1.33840198e-01  5.75110168e-01 
 1.93703389e-04  3.94094159e-01 -4.42693577e-06  1.35789977e-01  5.81110168e-01 
 1.95703389e-04  3.97233561e-01 -4.36675934e-06  1.37739280e-01  5.87110168e-01 
 1.97703389e-04  4.00394456e-01 -4.30704422e-06  1.39689969e-01  5.93110168e-01 
 1.99703389e-04  4.03577397e-01 -4.24774964e-06  1.41643701e-01  5.99110168e-01 
 2.01703389e-04  4.06782878e-01 -4.18881279e-06  1.43602270e-01  6.05110168e-01 
 2.03703389e-04  4.10011332e-01 -4.13019741e-06  1.45567302e-01  6.11110168e-01 
 2.05703389e-04  4.13263108e-01 -4.07184490e-06  1.47540537e-01  6.17110168e-01 
 2.07703389e-04  4.16538473e-01 -4.01372273e-06  1.49523574e-01  6.23110168e-01 
 2.09703389e-04  4.19837590e-01 -3.95577582e-06  1.51518109e-01  6.29110168e-01 
 2.11703389e-04  4.23160518e-01 -3.89797477e-06  1.53525714e-01  6.35110168e-01 
 2.13703389e-04  4.26507194e-01 -3.84026744e-06  1.55548040e-01  6.41110168e-01 
 2.15703389e-04  4.29877431e-01 -3.78262712e-06  1.57586626e-01  6.47110168e-01 
 2.17703389e-04  4.33270905e-01 -3.72500431e-06  1.59643071e-01  6.53110168e-01 
 2.19703389e-04  4.36687156e-01 -3.66737472e-06  1.61718870e-01  6.59110168e-01 
 2.21703389e-04  4.40125574e-01 -3.60969130e-06  1.63815560e-01  6.65110168e-01 
 2.23703389e-04  4.43585404e-01 -3.55193215e-06  1.65934575e-01  6.71110168e-01 
 2.25703389e-04  4.47065739e-01 -3.49405268e-06  1.68077375e-01  6.77110168e-01 
 2.27703389e-04  4.50565525e-01 -3.43603351e-06  1.70245315e-01  6.83110168e-01 
 2.29703389e-04  4.54083560e-01 -3.37783269e-06  1.72439757e-01  6.89110168e-01 
 2.31703389e-04  4.57618507e-01 -3.31943361e-06  1.74661956e-01  6.95110168e-01 
 2.33703389e-04  4.61168892e-01 -3.26079733e-06  1.76913155e-01  7.01110168e-01 
 2.35703389e-04  4.64733126e-01 -3.20191040e-06  1.79194485e-01  7.07110168e-01 
 2.37703389e-04  4.68309511e-01 -3.14273728e-06  1.81507049e-01  7.13110168e-01 
 2.39703389e-04  4.71896261e-01 -3.08326817e-06  1.83851829e-01  7.19110168e-01 
 2.41703389e-04  4.75491515e-01 -3.02347144e-06  1.86229764e-01  7.25110168e-01 
 2.43703389e-04  4.79093363e-01 -2.96334139e-06  1.88641665e-01  7.31110168e-01 
 2.45703389e-04  4.82699864e-01 -2.90285078e-06  1.91088286e-01  7.37110168e-01 
 2.47703389e-04  4.86309072e-01 -2.84199847e-06  1.93570245e-01  7.43110168e-01 
 2.49703389e-04  4.89919054e-01 -2.78076197e-06  1.96088090e-01  7.49110168e-01 
 2.51703389e-04  4.93527918e-01 -2.71914503e-06  1.98642232e-01  7.55110168e-01 
 2.53703389e-04  4.97133831e-01 -2.65713015e-06  2.01233000e-01  7.61110168e-01 
 2.55703389e-04  5.00735042e-01 -2.59472611e-06  2.03860584e-01  7.67110168e-01 
 2.57703389e-04  5.04329896e-01 -2.53192044e-06  2.06525092e-01  7.73110168e-01 
 2.59703389e-04  5.07916856e-01 -2.46872687e-06  2.09226492e-01  7.79110168e-01 
 2.61703389e-04  5.11494511e-01 -2.40513775e-06  2.11964671e-01  7.85110168e-01 
 2.63703389e-04  5.15061589e-01 -2.34117146e-06  2.14739385e-01  7.91110168e-01 
 2.65703389e-04  5.18616958e-01 -2.27682476e-06  2.17550314e-01  7.97110168e-01 
 2.67703389e-04  5.22159636e-01 -2.21212011e-06  2.20397023e-01  8.03110168e-01 
 2.69703389e-04  5.25688789e-01 -2.14705809e-06  2.23279010e-01  8.09110168e-01 
 2.71703389e-04  5.29203725e-01 -2.08166459e-06  2.26195674e-01  8.15110168e-01 
 2.73703389e-04  5.32703895e-01 -2.01594321e-06  2.29146365e-01  8.21110168e-01 
 2.75703389e-04  5.36188880e-01 -1.94992252e-06  2.32130355e-01  8.27110168e-01 
 2.77703389e-04  5.39658385e-01 -1.88360837e-06  2.35146885e-01  8.33110168e-01 
 2.79703389e-04  5.43112227e-01 -1.81703117e-06  2.38195139e-01  8.39110168e-01 
 2.81703389e-04  5.46550326e-01 -1.75019828e-06  2.41274291e-01  8.45110168e-01 
 2.83703389e-04  5.49972690e-01 -1.68314123e-06  2.44383481e-01  8.51110168e-01 
 2.85703389e-04  5.53379402e-01 -1.61586814e-06  2.47521859e-01  8.57110168e-01 
 2.87703389e-04  5.56770611e-01 -1.54841105e-06  2.50688558e-01  8.63110168e-01 
 2.89703389e-04  5.60146517e-01 -1.48077829e-06  2.53882741e-01  8.69110168e-01 
 2.91703389e-04  5.63507360e-01 -1.41300185e-06  2.57103574e-01  8.75110168e-01 
 2.93703389e-04  5.66853409e-01 -1.34508989e-06  2.60350263e-01  8.81110168e-01 
 2.95703389e-04  5.70184952e-01 -1.27707398e-06  2.63622031e-01  8.87110168e-01 
 2.97703389e-04  5.73502290e-01 -1.20896178e-06  2.66918153e-01  8.93110168e-01 
 2.99703389e-04  5.76805723e-01 -1.14078426e-06  2.70237929e-01  8.99110168e-01 
 3.01703389e-04  5.80095552e-01 -1.07254838e-06  2.73580715e-01  9.05110168e-01 
 3.03703389e-04  5.83372065e-01 -1.00428441e-06  2.76945894e-01  9.11110168e-01 
 3.05703389e-04  5.86635541e-01 -9.35998564e-07  2.80332910e-01  9.17110168e-01 
 3.07703389e-04  5.89886242e-01 -8.67720379e-07  2.83741230e-01  9.23110168e-01 
 3.09703389e-04  5.93124416e-01 -7.99455338e-07  2.87170378e-01  9.29110168e-01 
 3.11703389e-04  5.96350294e-01 -7.31232265e-07  2.90619900e-01  9.35110168e-01 
 3.13703389e-04  5.99564089e-01 -6.63055972e-07  2.94089388e-01  9.41110168e-01 
 3.15703389e-04  6.02766001e-01 -5.94954640e-07  2.97578454e-01  9.47110168e-01 
 3.17703389e-04  6.05956218e-01 -5.26932477e-07  3.01086747e-01  9.53110168e-01 
 3.19703389e-04  6.09134916e-01 -4.59017093e-07  3.04613925e-01  9.59110168e-01 
 3.21703389e-04  6.12302263e-01 -3.91212164e-07  3.08159681e-01  9.65110168e-01 
 3.23703389e-04  6.15458424e-01 -3.23544797e-07  3.11723709e-01  9.71110168e-01 
 3.25703389e-04  6.18603559e-01 -2.56018197e-07  3.15305728e-01  9.77110168e-01 
 3.27703389e-04  6.21737826e-01 -1.88659021e-07  3.18905454e-01  9.83110168e-01 
 3.29703389e-04  6.24861388e-01 -1.21470051e-07  3.22522624e-01  9.89110168e-01 
 3.31703389e-04  6.27974410e-01 -5.44775396e-08  3.26156968e-01  9.95110168e-01 
 3.33703389e-04  6.31077060e-01  1.23161156e-08  3.29808231e-01  1.00111017e+00 
 3.35703389e-04  6.34169516e-01  7.88850768e-08  3.33476151e-01  1.00711017e+00 
 3.37703389e-04  6.37251960e-01  1.45227339e-07  3.37160477e-01  1.01311017e+00 
 3.39703389e-04  6.40324580e-01  2.11317412e-07  3.40860950e-01  1.01911017e+00 
 3.41703389e-04  6.43387576e-01  2.77153661e-07  3.44577324e-01  1.02511017e+00 
 3.43703389e-04  6.46441152e-01  3.42710972e-07  3.48309340e-01  1.03111017e+00 
 3.45703389e-04  6.49485520e-01  4.07988078e-07  3.52056754e-01  1.03711017e+00 
 3.47703389e-04  6.52520897e-01  4.72960224e-07  3.55819311e-01  1.04311017e+00 
 3.49703389e-04  6.55547509e-01  5.37626491e-07  3.59596767e-01  1.04911017e+00 
 3.51703389e-04  6.58565585e-01  6.01962470e-07  3.63388872e-01  1.05511017e+00 
 3.53703389e-04  6.61575357e-01  6.65967576e-07  3.67195385e-01  1.06111017e+00 
 3.55703389e-04  6.64577062e-01  7.29617729e-07  3.71016060e-01  1.06711017e+00 
 3.57703389e-04  6.67570938e-01  7.92912665e-07  3.74850663e-01  1.07311017e+00 
 3.59703389e-04  6.70557226e-01  8.55828621e-07  3.78698952e-01  1.07911017e+00 
 3.61703389e-04  6.73536164e-01  9.18365644e-07  3.82560699e-01  1.08511017e+00 
 3.63703389e-04  6.76507992e-01  9.80500275e-07  3.86435670e-01  1.09111017e+00 
 3.65703389e-04  6.79472947e-01  1.04223286e-06  3.90323644e-01  1.09711017e+00 
 3.67703389e-04  6.82431263e-01  1.10354024e-06  3.94224396e-01  1.10311017e+00 
 3.69703389e-04  6.85383172e-01  1.16442306e-06  3.98137713e-01  1.10911017e+00 
 3.71703389e-04  6.88328898e-01  1.22485843e-06  4.02063378e-01  1.11511017e+00 
 3.73703389e-04  6.91268665e-01  1.28484727e-06  4.06001190e-01  1.12111017e+00 
 3.75703389e-04  6.94202688e-01  1.34436698e-06  4.09950940e-01  1.12711017e+00 
 3.77703389e-04  6.97131176e-01  1.40341873e-06  4.13912438e-01  1.13311017e+00 
 3.79703389e-04  7.00054330e-01  1.46198017e-06  4.17885488e-01  1.13911017e+00 
 3.81703389e-04  7.02972345e-01  1.52005273e-06  4.21869908e-01  1.14511017e+00 
 3.83703389e-04  7.05885405e-01  1.57761424e-06  4.25865516e-01  1.15111017e+00 
 3.85703389e-04  7.08793683e-01  1.63466635e-06  4.29872146e-01  1.15711017e+00 
 3.87703389e-04  7.11697344e-01  1.69118705e-06  4.33889629e-01  1.16311017e+00 
 3.89703389e-04  7.14596536e-01  1.74717811e-06  4.37917815e-01  1.16911017e+00 
 3.91703389e-04  7.17491392e-01  1.80261762e-06  4.41956556e-01  1.17511017e+00 
 3.93703389e-04  7.20382026e-01  1.85750732e-06  4.46005727e-01  1.18111017e+00 
 3.95703389e-04  7.23268522e-01  1.91182523e-06  4.50065212e-01  1.18711017e+00 
 3.97703389e-04  7.26150932e-01  1.96557287e-06  4.54134927e-01  1.19311017e+00 
 3.99703389e-04  7.29029253e-01  2.01872779e-06  4.58214816e-01  1.19911017e+00 
 4.01703389e-04  7.31903405e-01  2.07129075e-06  4.62304882e-01  1.20511017e+00 
 4.03703389e-04  7.34773183e-01  2.12323801e-06  4.66405207e-01  1.21111017e+00 
 4.05258988e-04  7.37002291e-01  2.16321981e-06  4.69601448e-01  1.21577696e+00 
 4.06285864e-04  7.38472373e-01  2.18940009e-06  4.71714663e-01  1.21885759e+00 
 4.07071824e-04  7.39596600e-01  2.20932933e-06  4.73334070e-01  1.22121547e+00 
 4.07765603e-04  7.40587743e-01  2.22682909e-06  4.74765398e-01  1.22329681e+00 
 4.08465487e-04  7.41584591e-01  2.24439181e-06  4.76212697e-01  1.22539646e+00 
 4.09266218e-04  7.42713333e-01  2.26429773e-06  4.77879168e-01  1.22779865e+00 
 4.09633089e-04  7.43221664e-01  2.27332026e-06  4.78650752e-01  1.22889927e+00 
 4.09934466e-04  7.43631297e-01  2.28065003e-06  4.79290265e-01  1.22980340e+00 
 4.10263379e-04  7.44070494e-01  2.28859654e-06  4.79993162e-01  1.23079014e+00 
 4.10670805e-04  7.44605019e-01  2.29833935e-06  4.80869903e-01  1.23201242e+00 
 4.11052774e-04  7.45100455e-01  2.30743343e-06  4.81693974e-01  1.23315832e+00 
 4.11604257e-04  7.45817649e-01  2.32053274e-06  4.82881028e-01  1.23481277e+00 
 4.11985395e-04  7.46318176e-01  2.32960114e-06  4.83697870e-01  1.23595619e+00 
 4.12424309e-04  7.46898981e-01  2.34002536e-06  4.84637105e-01  1.23727293e+00 
 4.12897632e-04  7.47527336e-01  2.35124866e-06  4.85648899e-01  1.23869290e+00 
 4.13546162e-04  7.48391363e-01  2.36657901e-06  4.87033946e-01  1.24063849e+00 
 4.14162822e-04  7.49214756e-01  2.38110266e-06  4.88350553e-01  1.24248847e+00 
 4.14985032e-04  7.50313918e-01  2.40037120e-06  4.90106082e-01  1.24495510e+00 
 4.15856257e-04  7.51479533e-01  2.42066970e-06  4.91966848e-01  1.24756877e+00 
 4.16980942e-04  7.52984811e-01  2.44668021e-06  4.94370308e-01  1.25094283e+00 
 4.18220425e-04  7.54643861e-01  2.47509361e-06  4.97021211e-01  1.25466127e+00 
 4.19809171e-04  7.56770140e-01  2.51111556e-06  5.00422621e-01  1.25942751e+00 
 4.21632084e-04  7.59209014e-01  2.55189364e-06  5.04330489e-01  1.26489625e+00 
 4.23632084e-04  7.61883677e-01  2.59594152e-06  5.08624365e-01  1.27089625e+00 
 4.25632084e-04  7.64556939e-01  2.63926062e-06  5.12924998e-01  1.27689625e+00 
 4.27632084e-04  7.67228838e-01  2.68184193e-06  5.17232339e-01  1.28289625e+00 
 4.29632084e-04  7.69899255e-01  2.72368119e-06  5.21546423e-01  1.28889625e+00 
 4.31632084e-04  7.72568265e-01  2.76477203e-06  5.25867161e-01  1.29489625e+00 
 4.33632084e-04  7.75235764e-01  2.80511185e-06  5.30194589e-01  1.30089625e+00 
 4.35632084e-04  7.77901827e-01  2.84469758e-06  5.34528603e-01  1.30689625e+00 
 4.37632084e-04  7.80566360e-01  2.88352931e-06  5.38869246e-01  1.31289625e+00 
 4.39632084e-04  7.83229423e-01  2.92160821e-06  5.43216408e-01  1.31889625e+00 
 4.41632084e-04  7.85890930e-01  2.95893826e-06  5.47570134e-01  1.32489625e+00 
 4.43632084e-04  7.88550927e-01  2.99552594e-06  5.51930314e-01  1.33089625e+00 
 4.45632084e-04  7.91209334e-01  3.03138019e-06  5.56296998e-01  1.33689625e+00 
 4.47632084e-04  7.93866179e-01  3.06651366e-06  5.60670076e-01  1.34289625e+00 
 4.49632084e-04  7.96521390e-01  3.10094103e-06  5.65049599e-01  1.34889625e+00 
 4.51632084e-04  7.99174978e-01  3.13468150e-06  5.69435460e-01  1.35489625e+00 
 4.53632084e-04  8.01826875e-01  3.16775567e-06  5.73827713e-01  1.36089625e+00 
 4.55632084e-04  8.04477077e-01  3.20018894e-06  5.78226254e-01  1.36689625e+00 
 4.57632084e-04  8.07125522e-01  3.23200722e-06  5.82631138e-01  1.37289625e+00 
 4.59632084e-04  8.09772189e-01  3.26324100e-06  5.87042265e-01  1.37889625e+00 
 4.61632084e-04  8.12417019e-01  3.29392012e-06  5.91459692e-01  1.38489625e+00 
 4.63632084e-04  8.15059978e-01  3.32407842e-06  5.95883324e-01  1.39089625e+00 
 4.65632084e-04  8.17701006e-01  3.35374775e-06  6.00313217e-01  1.39689625e+00 
 4.67632084e-04  8.20340059e-01  3.38296320e-06  6.04749285e-01  1.40289625e+00 
 4.69632084e-04  8.22977076e-01  3.41175660e-06  6.09191581e-01  1.40889625e+00 
 4.71632084e-04  8.25612001e-01  3.44016229e-06  6.13640027e-01  1.41489625e+00 
 4.73632084e-04  8.28244770e-01  3.46821030e-06  6.18094676e-01  1.42089625e+00 
 4.75632084e-04  8.30875319e-01  3.49593257e-06  6.22555456e-01  1.42689625e+00 
 4.77632084e-04  8.33503580e-01  3.52335608e-06  6.27022422e-01  1.43289625e+00 
 4.79632084e-04  8.36129479e-01  3.55050932e-06  6.31495507e-01  1.43889625e+00 
 4.81632084e-04  8.38752944e-01  3.57741551e-06  6.35974767e-01  1.44489625e+00 
 4.83632084e-04  8.41373891e-01  3.60409923e-06  6.40460141e-01  1.45089625e+00 
 4.85632084e-04  8.43992244e-01  3.63057971e-06  6.44951687e-01  1.45689625e+00 
 4.87632084e-04  8.46607909e-01  3.65687763e-06  6.49449350e-01  1.46289625e+00 
 4.89632084e-04  8.49220807e-01  3.68300840e-06  6.53953188e-01  1.46889625e+00 
 4.91632084e-04  8.51830831e-01  3.70898902e-06  6.58463155e-01  1.47489625e+00 
 4.93632084e-04  8.54437897e-01  3.73483153e-06  6.62979310e-01  1.48089625e+00 
 4.95632084e-04  8.57041889e-01  3.76054965e-06  6.67501612e-01  1.48689625e+00 
 4.97632084e-04  8.59642716e-01  3.78615250e-06  6.72030124e-01  1.49289625e+00 
 4.99632084e-04  8.62240252e-01  3.81165102e-06  6.76564811e-01  1.49889625e+00 
 5.01632084e-04  8.64834397e-01  3.83705189e-06  6.81105737e-01  1.50489625e+00 
 5.03632084e-04  8.67425014e-01  3.86236371e-06  6.85652877e-01  1.51089625e+00 
 5.05632084e-04  8.70011996e-01  3.88759120e-06  6.90206296e-01  1.51689625e+00 
 5.07632084e-04  8.72595195e-01  3.91274101e-06  6.94765975e-01  1.52289625e+00 
 5.09632084e-04  8.75174493e-01  3.93781626e-06  6.99331986e-01  1.52889625e+00 
 5.11632084e-04  8.77749730e-01  3.96282200e-06  7.03904315e-01  1.53489625e+00 
 5.13632084e-04  8.80320778e-01  3.98776009e-06  7.08483038e-01  1.54089625e+00 
 5.15632084e-04  8.82887463e-01  4.01263427e-06  7.13068151e-01  1.54689625e+00 
 5.17632084e-04  8.85449645e-01  4.03744537e-06  7.17659732e-01  1.55289625e+00 
 5.19632084e-04  8.88007137e-01  4.06219601e-06  7.22257785e-01  1.55889625e+00 
 5.21632084e-04  8.90559785e-01  4.08688625e-06  7.26862396e-01  1.56489625e+00 
 5.23632084e-04  8.93107386e-01  4.11151776e-06  7.31473577e-01  1.57089625e+00 
 5.25632084e-04  8.95649771e-01  4.13608994e-06  7.36091419e-01  1.57689625e+00 
 5.27632084e-04  8.98186722e-01  4.16060365e-06  7.40715944e-01  1.58289625e+00 
 5.29632084e-04  9.00718053e-01  4.18505778e-06  7.45347249e-01  1.58889625e+00 
 5.31632084e-04  9.03243525e-01  4.20945245e-06  7.49985368e-01  1.59489625e+00 
 5.33632084e-04  9.05762935e-01  4.23378611e-06  7.54630405e-01  1.60089625e+00 
 5.35632084e-04  9.08276024e-01  4.25805826e-06  7.59282403e-01  1.60689625e+00 
 5.37632084e-04  9.10782567e-01  4.28226694e-06  7.63941478e-01  1.61289625e+00 
 5.39632084e-04  9.13282284e-01  4.30641104e-06  7.68607684e-01  1.61889625e+00 
 5.41632084e-04  9.15774925e-01  4.33048828e-06  7.73281147e-01  1.62489625e+00 
 5.43632084e-04  9.18260185e-01  4.35449697e-06  7.77961932e-01  1.63089625e+00 
 5.45632084e-04  9.20737788e-01  4.37843450e-06  7.82650179e-01  1.63689625e+00 
 5.47632084e-04  9.23207400e-01  4.40229861e-06  7.87345967e-01  1.64289625e+00 
 5.49632084e-04  9.25668718e-01  4.42608640e-06  7.92049447e-01  1.64889625e+00 
 5.51632084e-04  9.28121373e-01  4.44979501e-06  7.96760715e-01  1.65489625e+00 
 5.53632084e-04  9.30565031e-01  4.47342125e-06  8.01479938e-01  1.66089625e+00 
 5.55632084e-04  9.32999287e-01  4.49696167e-06  8.06207229e-01  1.66689625e+00 
 5.57632084e-04  9.35423769e-01  4.52041274e-06  8.10942771e-01  1.67289625e+00 
 5.59632084e-04  9.37838032e-01  4.54377040e-06  8.15686696e-01  1.67889625e+00 
 5.61632084e-04  9.40241661e-01  4.56703076e-06  8.20439207e-01  1.68489625e+00 
 5.63632084e-04  9.42634168e-01  4.59018912e-06  8.25200457e-01  1.69089625e+00 
 5.65632084e-04  9.45015088e-01  4.61324119e-06  8.29970671e-01  1.69689625e+00 
 5.67632084e-04  9.47383881e-01  4.63618157e-06  8.34750027e-01  1.70289625e+00 
 5.69632084e-04  9.49740031e-01  4.65900552e-06  8.39538775e-01  1.70889625e+00 
 5.71632084e-04  9.52082939e-01  4.68170688e-06  8.44337118e-01  1.71489625e+00 
 5.73632084e-04  9.54412026e-01  4.70428043e-06  8.49145335e-01  1.72089625e+00 
 5.75632084e-04  9.56726628e-01  4.72671916e-06  8.53963662e-01  1.72689625e+00 
 5.77632084e-04  9.59026097e-01  4.74901728e-06  8.58792407e-01  1.73289625e+00 
 5.79632084e-04  9.61309696e-01  4.77116689e-06  8.63631841e-01  1.73889625e+00 
 5.81632084e-04  9.63576698e-01  4.79316152e-06  8.68482308e-01  1.74489625e+00 
 5.83632084e-04  9.65826281e-01  4.81499228e-06  8.73344119e-01  1.75089625e+00 
 5.85632084e-04  9.68057630e-01  4.83665197e-06  8.78217657e-01  1.75689625e+00 
 5.87632084e-04  9.70269832e-01  4.85813059e-06  8.83103276e-01  1.76289625e+00 
 5.89632084e-04  9.72461970e-01  4.87942009e-06  8.88001406e-01  1.76889625e+00 
 5.91632084e-04  9.74633026e-01  4.90050928e-06  8.92912448e-01  1.77489625e+00 
 5.93632084e-04  9.76781976e-01  4.92138913e-06  8.97836883e-01  1.78089625e+00 
 5.95632084e-04  9.78907682e-01  4.94204716e-06  9.02775166e-01  1.78689625e+00 
 5.97632084e-04  9.81008998e-01  4.96247326e-06  9.07727832e-01  1.79289625e+00 
 5.99632084e-04  9.83084662e-01  4.98265354e-06  9.12695395e-01  1.79889625e+00 
 6.01632084e-04  9.85133394e-01  5.00257673e-06  9.17678452e-01  1.80489625e+00 
 6.03632084e-04  9.87153795e-01  5.02222740e-06  9.22677577e-01  1.81089625e+00 
 6.05632084e-04  9.89144444e-01  5.04159305e-06  9.27693432e-01  1.81689625e+00 
 6.07632084e-04  9.91103797e-01  5.06065668e-06  9.32726656e-01  1.82289625e+00 
 6.09632084e-04  9.93030291e-01  5.07940448e-06  9.37777976e-01  1.82889625e+00 
 6.11632084e-04  9.94922236e-01  5.09781787e-06  9.42848097e-01  1.83489625e+00 
 6.13632084e-04  9.96777924e-01  5.11588180e-06  9.47937808e-01  1.84089625e+00 
 6.15632084e-04  9.98595531e-01  5.13357618e-06  9.53047878e-01  1.84689625e+00 
 6.17632084e-04  1.00037322e+00  5.15088481e-06  9.58179150e-01  1.85289625e+00 
 6.19632084e-04  1.00210905e+00  5.16778636e-06  9.63332443e-01  1.85889625e+00 
 6.21632084e-04  1.00380109e+00  5.18426379e-06  9.68508642e-01  1.86489625e+00 
 6.23632084e-04  1.00544732e+00  5.20029490e-06  9.73708596e-01  1.87089625e+00 
 6.25632084e-04  1.00704577e+00  5.21586236e-06  9.78933205e-01  1.87689625e+00 
 6.27632084e-04  1.00859440e+00  5.23094375e-06  9.84183318e-01  1.88289625e+00 
 6.29632084e-04  1.01009128e+00  5.24552227e-06  9.89459810e-01  1.88889625e+00 
 6.31632084e-04  1.01153447e+00  5.25957624e-06  9.94763482e-01  1.89489625e+00 
 6.33632084e-04  1.01292218e+00  5.27309049e-06  1.00009513e+00  1.90089625e+00 
 6.35632084e-04  1.01425269e+00  5.28604538e-06  1.00545545e+00  1.90689625e+00 
 6.37632084e-04  1.01552450e+00  5.29842880e-06  1.01084510e+00  1.91289625e+00 
 6.39632084e-04  1.01673626e+00  5.31022466e-06  1.01626458e+00  1.91889625e+00 
 6.41632084e-04  1.01788693e+00  5.32142552e-06  1.02171432e+00  1.92489625e+00 
 6.43632084e-04  1.01897571e+00  5.33202050e-06  1.02719458e+00  1.93089625e+00 
 6.45632084e-04  1.02000215e+00  5.34200838e-06  1.03270549e+00  1.93689625e+00 
 6.47632084e-04  1.02096616e+00  5.35138496e-06  1.03824697e+00  1.94289625e+00 
 6.49632084e-04  1.02186804e+00  5.36015648e-06  1.04381882e+00  1.94889625e+00 
 6.51632084e-04  1.02270846e+00  5.36832633e-06  1.04942058e+00  1.95489625e+00 
 6.53632084e-04  1.02348853e+00  5.37590876e-06  1.05505165e+00  1.96089625e+00 
 6.55632084e-04  1.02420973e+00  5.38291485e-06  1.06071124e+00  1.96689625e+00 
 6.57632084e-04  1.02487392e+00  5.38936645e-06  1.06639837e+00  1.97289625e+00 
 6.59632084e-04  1.02548329e+00  5.39528147e-06  1.07211192e+00  1.97889625e+00 
 6.61632084e-04  1.02604034e+00  5.40068800e-06  1.07785065e+00  1.98489625e+00 
 6.63632084e-04  1.02654778e+00  5.40560899e-06  1.08361317e+00  1.99089625e+00 
 6.65632084e-04  1.02700853e+00  5.41007677e-06  1.08939807e+00  1.99689625e+00 
 6.67632084e-04  1.02742560e+00  5.41411709e-06  1.09520383e+00  2.00289625e+00 
 6.69632084e-04  1.02780211e+00  5.41776412e-06  1.10102895e+00  2.00889625e+00 
 6.71632084e-04  1.02814114e+00  5.42104417e-06  1.10687190e+00  2.01489625e+00 
 6.73632084e-04  1.02844576e+00  5.42399111e-06  1.11273122e+00  2.02089625e+00 
 6.75632084e-04  1.02871892e+00  5.42662984e-06  1.11860545e+00  2.02689625e+00 
 6.77632084e-04  1.02896349e+00  5.42899228e-06  1.12449322e+00  2.03289625e+00 
 6.79632084e-04  1.02918216e+00  5.43110058e-06  1.13039322e+00  2.03889625e+00 
 6.81632084e-04  1.02937747e+00  5.43298369e-06  1.13630424e+00  2.04489625e+00 
 6.83632084e-04  1.02955177e+00  5.43466027e-06  1.14222512e+00  2.05089625e+00 
 6.85632084e-04  1.02970724e+00  5.43615583e-06  1.14815485e+00  2.05689625e+00 
 6.87632084e-04  1.02984586e+00  5.43748536e-06  1.15409245e+00  2.06289625e+00 
 6.89632084e-04  1.02996947e+00  5.43867107e-06  1.16003706e+00  2.06889625e+00 
 6.91632084e-04  1.03007971e+00  5.43972458e-06  1.16598788e+00  2.07489625e+00 
 6.93632084e-04  1.03017807e+00  5.44066486e-06  1.17194421e+00  2.08089625e+00 
 6.95632084e-04  1.03026587e+00  5.44150032e-06  1.17790540e+00  2.08689625e+00 
 6.97632084e-04  1.03034432e+00  5.44224717e-06  1.18387089e+00  2.09289625e+00 
 6.99632084e-04  1.03041446e+00  5.44291112e-06  1.18984017e+00  2.09889625e+00 
 7.01632084e-04  1.03047725e+00  5.44350610e-06  1.19581280e+00  2.10489625e+00 
 7.03632084e-04  1.03053351e+00  5.44403558e-06  1.20178837e+00  2.11089625e+00 
 7.05632084e-04  1.03058400e+00  5.44451165e-06  1.20776653e+00  2.11689625e+00 
 7.07632084e-04  1.03062936e+00  5.44493602e-06  1.21374697e+00  2.12289625e+00 
 7.09632084e-04  1.03067021e+00  5.44531931e-06  1.21972941e+00  2.12889625e+00 
 7.11632084e-04  1.03070704e+00  5.44566181e-06  1.22571360e+00  2.13489625e+00 
 7.13632084e-04  1.03074032e+00  5.44597304e-06  1.23169933e+00  2.14089625e+00 
 7.15632084e-04  1.03077047e+00  5.44625214e-06  1.23768641e+00  2.14689625e+00 
 7.17632084e-04  1.03079786e+00  5.44650774e-06  1.24367466e+00  2.15289625e+00 
 7.19632084e-04  1.03082281e+00  5.44673806e-06  1.24966394e+00  2.15889625e+00 
 7.21632084e-04  1.03084562e+00  5.44695103e-06  1.25565413e+00  2.16489625e+00 
 7.23632084e-04  1.03086653e+00  5.44714409e-06  1.26164508e+00  2.17089625e+00 
 7.25632084e-04  1.03088579e+00  5.44732459e-06  1.26763673e+00  2.17689625e+00 
 7.27632084e-04  1.03090360e+00  5.44748935e-06  1.27362896e+00  2.18289625e+00 
 7.29632084e-04  1.03092014e+00  5.44764522e-06  1.27962171e+00  2.18889625e+00 
 7.31632084e-04  1.03093556e+00  5.44778847e-06  1.28561491e+00  2.19489625e+00 
 7.33632084e-04  1.03095001e+00  5.44792560e-06  1.29160851e+00  2.20089625e+00 
 7.35632084e-04  1.03096360e+00  5.44805243e-06  1.29760245e+00  2.20689625e+00 
 7.37632084e-04  1.03097644e+00  5.44817515e-06  1.30359671e+00  2.21289625e+00 
 7.39632084e-04  1.03098860e+00  5.44828923e-06  1.30959123e+00  2.21889625e+00 
 7.41632084e-04  1.03100017e+00  5.44840066e-06  1.31558599e+00  2.22489625e+00 
 7.43632084e-04  1.03101121e+00  5.44850463e-06  1.32158097e+00  2.23089625e+00 
 7.45632084e-04  1.03102178e+00  5.44860697e-06  1.32757616e+00  2.23689625e+00 
 7.47632084e-04  1.03103190e+00  5.44870267e-06  1.33357152e+00  2.24289625e+00 
 7.49632084e-04  1.03104164e+00  5.44879748e-06  1.33956705e+00  2.24889625e+00 
 7.51632084e-04  1.03105101e+00  5.44888620e-06  1.34556273e+00  2.25489625e+00 
 7.53632084e-04  1.03106004e+00  5.44897455e-06  1.35155856e+00  2.26089625e+00 
 7.55632084e-04  1.03106876e+00  5.44905721e-06  1.35755453e+00  2.26689625e+00 
 7.57632084e-04  1.03107718e+00  5.44913985e-06  1.36355063e+00  2.27289625e+00 
 7.59632084e-04  1.03108531e+00  5.44921705e-06  1.36954685e+00  2.27889625e+00 
 7.61632084e-04  1.03109318e+00  5.44929449e-06  1.37554319e+00  2.28489625e+00 
 7.63632084e-04  1.03110078e+00  5.44936666e-06  1.38153965e+00  2.29089625e+00 
 7.65632084e-04  1.03110813e+00  5.44943923e-06  1.38753622e+00  2.29689625e+00 
 7.67632084e-04  1.03111523e+00  5.44950660e-06  1.39353291e+00  2.30289625e+00 
 7.69632084e-04  1.03112209e+00  5.44957448e-06  1.39952971e+00  2.30889625e+00 
 7.71632084e-04  1.03112870e+00  5.44963718e-06  1.40552661e+00  2.31489625e+00 
 7.73632084e-04  1.03113507e+00  5.44970042e-06  1.41152364e+00  2.32089625e+00 
 7.75632084e-04  1.03114120e+00  5.44975844e-06  1.41752077e+00  2.32689625e+00 
 7.77632084e-04  1.03114709e+00  5.44981700e-06  1.42351802e+00  2.33289625e+00 
 7.79632084e-04  1.03115272e+00  5.44987026e-06  1.42951537e+00  2.33889625e+00 
 7.81632084e-04  1.03115811e+00  5.44992398e-06  1.43551286e+00  2.34489625e+00 
 7.83632084e-04  1.03116324e+00  5.44997229e-06  1.44151045e+00  2.35089625e+00 
 7.85632084e-04  1.03116810e+00  5.45002097e-06  1.44750818e+00  2.35689625e+00 
 7.87632084e-04  1.03117269e+00  5.45006407e-06  1.45350603e+00  2.36289625e+00 
 7.89632084e-04  1.03117701e+00  5.45010742e-06  1.45950402e+00  2.36889625e+00 
 7.91632084e-04  1.03118104e+00  5.45014501e-06  1.46550213e+00  2.37489625e+00 
 7.93632084e-04  1.03118478e+00  5.45018271e-06  1.47150039e+00  2.38089625e+00 
 7.95632084e-04  1.03118821e+00  5.45021447e-06  1.47749879e+00  2.38689625e+00 
 7.97632084e-04  1.03119133e+00  5.45024621e-06  1.48349734e+00  2.39289625e+00 
 7.99632084e-04  1.03119413e+00  5.45027186e-06  1.48949604e+00  2.39889625e+00 
 8.01632084e-04  1.03119662e+00  5.45029739e-06  1.49549489e+00  2.40489625e+00 
 8.03632084e-04  1.03119878e+00  5.45031672e-06  1.50149389e+00  2.41089625e+00 
 8.05632084e-04  1.03120062e+00  5.45033593e-06  1.50749305e+00  2.41689625e+00 
 8.07632084e-04  1.03120213e+00  5.45034894e-06  1.51349236e+00  2.42289625e+00 
 8.09632084e-04  1.03120332e+00  5.45036193e-06  1.51949183e+00  2.42889625e+00 
 8.11632084e-04  1.03120421e+00  5.45036887e-06  1.52549143e+00  2.43489625e+00 
 8.13632084e-04  1.03120481e+00  5.45037606e-06  1.53149118e+00  2.44089625e+00 
 8.15632084e-04  1.03120514e+00  5.45037752e-06  1.53749105e+00  2.44689625e+00 
 8.17632084e-04  1.03120522e+00  5.45037966e-06  1.54349105e+00  2.45289625e+00 
 8.19632084e-04  1.03120507e+00  5.45037655e-06  1.54949114e+00  2.45889625e+00 
 8.21632084e-04  1.03120474e+00  5.45037471e-06  1.55549133e+00  2.46489625e+00 
 8.23632084e-04  1.03120425e+00  5.45036821e-06  1.56149159e+00  2.47089625e+00 
 8.25632084e-04  1.03120363e+00  5.45036366e-06  1.56749191e+00  2.47689625e+00 
 8.27632084e-04  1.03120292e+00  5.45035508e-06  1.57349227e+00  2.48289625e+00 
 8.29632084e-04  1.03120215e+00  5.45034911e-06  1.57949266e+00  2.48889625e+00 
 8.31632084e-04  1.03120135e+00  5.45033968e-06  1.58549306e+00  2.49489625e+00 
 8.33632084e-04  1.03120055e+00  5.45033340e-06  1.59149346e+00  2.50089625e+00 
 8.35632084e-04  1.03119976e+00  5.45032411e-06  1.59749385e+00  2.50689625e+00 
 8.37632084e-04  1.03119901e+00  5.45031836e-06  1.60349423e+00  2.51289625e+00 
 8.39632084e-04  1.03119831e+00  5.45030988e-06  1.60949458e+00  2.51889625e+00 
 8.41632084e-04  1.03119766e+00  5.45030517e-06  1.61549491e+00  2.52489625e+00 
 8.43632084e-04  1.03119708e+00  5.45029784e-06  1.62149520e+00  2.53089625e+00 
 8.45632084e-04  1.03119656e+00  5.45029438e-06  1.62749547e+00  2.53689625e+00 
 8.47632084e-04  1.03119610e+00  5.45028830e-06  1.63349570e+00  2.54289625e+00 
 8.49632084e-04  1.03119570e+00  5.45028608e-06  1.63949590e+00  2.54889625e+00 
 8.51632084e-04  1.03119537e+00  5.45028117e-06  1.64549608e+00  2.55489625e+00 
 8.53632084e-04  1.03119509e+00  5.45028006e-06  1.65149623e+00  2.56089625e+00 
 8.55632084e-04  1.03119485e+00  5.45027615e-06  1.65749635e+00  2.56689625e+00 
 8.57632084e-04  1.03119467e+00  5.45027597e-06  1.66349646e+00  2.57289625e+00 
 8.59632084e-04  1.03119452e+00  5.45027288e-06  1.66949654e+00  2.57889625e+00 
 8.61632084e-04  1.03119441e+00  5.45027344e-06  1.67549661e+00  2.58489625e+00 
 8.63632084e-04  1.03119433e+00  5.45027100e-06  1.68149666e+00  2.59089625e+00 
 8.65632084e-04  1.03119427e+00  5.45027214e-06  1.68749670e+00  2.59689625e+00 
 8.67632084e-04  1.03119424e+00  5.45027017e-06  1.69349673e+00  2.60289625e+00 
 8.69632084e-04  1.03119448e+00  5.45027437e-06  1.69949662e+00  2.60889625e+00 
 8.71632084e-04  1.03119407e+00  5.45026773e-06  1.70549688e+00  2.61489625e+00 
 8.73632084e-04  1.03119455e+00  5.45027591e-06  1.71149657e+00  2.62089625e+00 
 8.75632084e-04  1.03119413e+00  5.45026740e-06  1.71749693e+00  2.62689625e+00 
 8.77632084e-04  1.03119456e+00  5.45027689e-06  1.72349654e+00  2.63289625e+00 
 8.79632084e-04  1.03119430e+00  5.45026828e-06  1.72949692e+00  2.63889625e+00 
 8.81632084e-04  1.03119459e+00  5.45027771e-06  1.73549652e+00  2.64489625e+00 
 8.83632084e-04  1.03119450e+00  5.45026985e-06  1.74149687e+00  2.65089625e+00 
 8.85632084e-04  1.03119465e+00  5.45027856e-06  1.74749650e+00  2.65689625e+00 
 8.87632084e-04  1.03119480e+00  5.45027272e-06  1.75349676e+00  2.66289625e+00 
 8.89632084e-04  1.03119470e+00  5.45027870e-06  1.75949652e+00  2.66889625e+00 
 8.91632084e-04  1.03119502e+00  5.45027530e-06  1.76549666e+00  2.67489625e+00 
 8.93632084e-04  1.03119483e+00  5.45027949e-06  1.77149650e+00  2.68089625e+00 
 8.95632084e-04  1.03119520e+00  5.45027761e-06  1.77749657e+00  2.68689625e+00 
 8.97632084e-04  1.03119502e+00  5.45028068e-06  1.78349647e+00  2.69289625e+00 
 8.99632084e-04  1.03119537e+00  5.45027974e-06  1.78949649e+00  2.69889625e+00 
 9.01632084e-04  1.03119522e+00  5.45028214e-06  1.79549642e+00  2.70489625e+00 
 9.03632084e-04  1.03119553e+00  5.45028177e-06  1.80149642e+00  2.71089625e+00 
 9.05632084e-04  1.03119543e+00  5.45028377e-06  1.80749636e+00  2.71689625e+00 
 9.07632084e-04  1.03119569e+00  5.45028373e-06  1.81349634e+00  2.72289625e+00 
 9.09632084e-04  1.03119564e+00  5.45028549e-06  1.81949630e+00  2.72889625e+00 
 9.11632084e-04  1.03119586e+00  5.45028566e-06  1.82549627e+00  2.73489625e+00 
 9.13632084e-04  1.03119585e+00  5.45028727e-06  1.83149624e+00  2.74089625e+00 
 9.15632084e-04  1.03119604e+00  5.45028755e-06  1.83749620e+00  2.74689625e+00 
 9.17632084e-04  1.03119606e+00  5.45028908e-06  1.84349617e+00  2.75289625e+00 
 9.19632084e-04  1.03119622e+00  5.45028942e-06  1.84949613e+00  2.75889625e+00 
 9.21632084e-04  1.03119626e+00  5.45029091e-06  1.85549610e+00  2.76489625e+00 
 9.23632084e-04  1.03119640e+00  5.45029126e-06  1.86149606e+00  2.77089625e+00 
 9.25632084e-04  1.03119646e+00  5.45029274e-06  1.86749604e+00  2.77689625e+00 
 9.27632084e-04  1.03119658e+00  5.45029309e-06  1.87349599e+00  2.78289625e+00 
 9.29632084e-04  1.03119665e+00  5.45029456e-06  1.87949597e+00  2.78889625e+00 
 9.31632084e-04  1.03119676e+00  5.45029491e-06  1.88549592e+00  2.79489625e+00 
 9.33632084e-04  1.03119684e+00  5.45029638e-06  1.89149590e+00  2.80089625e+00 
 9.35632084e-04  1.03119695e+00  5.45029670e-06  1.89749586e+00  2.80689625e+00 
 9.37632084e-04  1.03119703e+00  5.45029818e-06  1.90349583e+00  2.81289625e+00 
 9.39632084e-04  1.03119713e+00  5.45029848e-06  1.90949579e+00  2.81889625e+00 
 9.41632084e-04  1.03119722e+00  5.45029997e-06  1.91549577e+00  2.82489625e+00 
 9.43632084e-04  1.03119731e+00  5.45030025e-06  1.92149572e+00  2.83089625e+00 
 9.45632084e-04  1.03119740e+00  5.45030175e-06  1.92749570e+00  2.83689625e+00 
 9.47632084e-04  1.03119749e+00  5.45030199e-06  1.93349566e+00  2.84289625e+00 
 9.49632084e-04  1.03119758e+00  5.45030351e-06  1.93949563e+00  2.84889625e+00 
 9.51632084e-04  1.03119767e+00  5.45030373e-06  1.94549559e+00  2.85489625e+00 
 9.53632084e-04  1.03119776e+00  5.45030526e-06  1.95149557e+00  2.86089625e+00 
 9.55632084e-04  1.03119785e+00  5.45030544e-06  1.95749552e+00  2.86689625e+00 
 9.57632084e-04  1.03119794e+00  5.45030699e-06  1.96349550e+00  2.87289625e+00 
 9.59632084e-04  1.03119803e+00  5.45030714e-06  1.96949546e+00  2.87889625e+00 
 9.61632084e-04  1.03119812e+00  5.45030870e-06  1.97549544e+00  2.88489625e+00 
 9.63632084e-04  1.03119820e+00  5.45030883e-06  1.98149540e+00  2.89089625e+00 
 9.65632084e-04  1.03119829e+00  5.45031040e-06  1.98749537e+00  2.89689625e+00 
 9.67632084e-04  1.03119837e+00  5.45031050e-06  1.99349533e+00  2.90289625e+00 
 9.69632084e-04  1.03119846e+00  5.45031209e-06  1.99949531e+00  2.90889625e+00 
 9.71632084e-04  1.03119855e+00  5.45031216e-06  2.00549527e+00  2.91489625e+00 
 9.73632084e-04  1.03119864e+00  5.45031376e-06  2.01149525e+00  2.92089625e+00 
 9.75632084e-04  1.03119872e+00  5.45031381e-06  2.01749520e+00  2.92689625e+00 
 9.77632084e-04  1.03119881e+00  5.45031542e-06  2.02349518e+00  2.93289625e+00 
 9.79632084e-04  1.03119889e+00  5.45031544e-06  2.02949514e+00  2.93889625e+00 
 9.81632084e-04  1.03119898e+00  5.45031707e-06  2.03549512e+00  2.94489625e+00 
 9.83632084e-04  1.03119905e+00  5.45031706e-06  2.04149508e+00  2.95089625e+00 
 9.85632084e-04  1.03119914e+00  5.45031870e-06  2.04749506e+00  2.95689625e+00 
 9.87632084e-04  1.03119922e+00  5.45031867e-06  2.05349502e+00  2.96289625e+00 
 9.89632084e-04  1.03119931e+00  5.45032032e-06  2.05949500e+00  2.96889625e+00 
 9.91632084e-04  1.03119939e+00  5.45032027e-06  2.06549496e+00  2.97489625e+00 
 9.93632084e-04  1.03119947e+00  5.45032193e-06  2.07149494e+00  2.98089625e+00 
 9.95632084e-04  1.03119955e+00  5.45032185e-06  2.07749489e+00  2.98689625e+00 
 9.97632084e-04  1.03119964e+00  5.45032353e-06  2.08349488e+00  2.99289625e+00 
 9.98816042e-04  1.03119968e+00  5.45032305e-06  2.08704672e+00  2.99644813e+00 
 1.00000000e-03  1.03119973e+00  5.45032447e-06  2.09059859e+00  3.00000000e+00 
 1.00020000e-03  1.03118190e+00  5.45005852e-06  2.09061182e+00  3.00000000e+00 
 1.00060000e-03  1.03115613e+00  5.44985754e-06  2.09062099e+00  3.00000000e+00 
 1.00140000e-03  1.03115483e+00  5.44992274e-06  2.09061800e+00  3.00000000e+00 
 1.00300000e-03  1.03115792e+00  5.44988228e-06  2.09061986e+00  3.00000000e+00 
 1.00500000e-03  1.03115461e+00  5.44991329e-06  2.09061843e+00  3.00000000e+00 
 1.00700000e-03  1.03115789e+00  5.44988872e-06  2.09061957e+00  3.00000000e+00 
 1.00900000e-03  1.03115476e+00  5.44990819e-06  2.09061866e+00  3.00000000e+00 
 1.01100000e-03  1.03115767e+00  5.44989277e-06  2.09061939e+00  3.00000000e+00 
 1.01300000e-03  1.03115502e+00  5.44990498e-06  2.09061880e+00  3.00000000e+00 
 1.01500000e-03  1.03115740e+00  5.44989531e-06  2.09061927e+00  3.00000000e+00 
 1.01700000e-03  1.03115528e+00  5.44990296e-06  2.09061889e+00  3.00000000e+00 
 1.01900000e-03  1.03115715e+00  5.44989692e-06  2.09061920e+00  3.00000000e+00 
 1.02100000e-03  1.03115552e+00  5.44990168e-06  2.09061895e+00  3.00000000e+00 
 1.02300000e-03  1.03115693e+00  5.44989793e-06  2.09061915e+00  3.00000000e+00 
 1.02500000e-03  1.03115571e+00  5.44990088e-06  2.09061899e+00  3.00000000e+00 
 1.02700000e-03  1.03115676e+00  5.44989858e-06  2.09061912e+00  3.00000000e+00 
 1.02900000e-03  1.03115586e+00  5.44990036e-06  2.09061901e+00  3.00000000e+00 
 1.03100000e-03  1.03115663e+00  5.44989899e-06  2.09061911e+00  3.00000000e+00 
 1.03300000e-03  1.03115598e+00  5.44990003e-06  2.09061903e+00  3.00000000e+00 
 1.03500000e-03  1.03115653e+00  5.44989925e-06  2.09061909e+00  3.00000000e+00 
 1.03700000e-03  1.03115606e+00  5.44989982e-06  2.09061904e+00  3.00000000e+00 
 1.03900000e-03  1.03115646e+00  5.44989942e-06  2.09061909e+00  3.00000000e+00 
 1.04100000e-03  1.03115613e+00  5.44989969e-06  2.09061904e+00  3.00000000e+00 
 1.04300000e-03  1.03115641e+00  5.44989953e-06  2.09061908e+00  3.00000000e+00 
 1.04500000e-03  1.03115617e+00  5.44989960e-06  2.09061905e+00  3.00000000e+00 
 1.04700000e-03  1.03115637e+00  5.44989960e-06  2.09061908e+00  3.00000000e+00 
 1.04900000e-03  1.03115620e+00  5.44989954e-06  2.09061905e+00  3.00000000e+00 
 1.05100000e-03  1.03115634e+00  5.44989965e-06  2.09061908e+00  3.00000000e+00 
 1.05300000e-03  1.03115623e+00  5.44989950e-06  2.09061905e+00  3.00000000e+00 
 1.05500000e-03  1.03115632e+00  5.44989968e-06  2.09061908e+00  3.00000000e+00 
 1.05700000e-03  1.03115624e+00  5.44989948e-06  2.09061905e+00  3.00000000e+00 
 1.05900000e-03  1.03115631e+00  5.44989970e-06  2.09061907e+00  3.00000000e+00 
 1.06100000e-03  1.03115625e+00  5.44989946e-06  2.09061905e+00  3.00000000e+00 
 1.06300000e-03  1.03115630e+00  5.44989972e-06  2.09061907e+00  3.00000000e+00 
 1.06500000e-03  1.03115626e+00  5.44989945e-06  2.09061905e+00  3.00000000e+00 
 1.06700000e-03  1.03115629e+00  5.44989973e-06  2.09061907e+00  3.00000000e+00 
 1.06900000e-03  1.03115627e+00  5.44989944e-06  2.09061905e+00  3.00000000e+00 
 1.07100000e-03  1.03115629e+00  5.44989974e-06  2.09061907e+00  3.00000000e+00 
 1.07300000e-03  1.03115627e+00  5.44989943e-06  2.09061905e+00  3.00000000e+00 
 1.07500000e-03  1.03115629e+00  5.44989974e-06  2.09061907e+00  3.00000000e+00 
 1.07700000e-03  1.03115627e+00  5.44989942e-06  2.09061905e+00  3.00000000e+00 
 1.07900000e-03  1.03115628e+00  5.44989975e-06  2.09061907e+00  3.00000000e+00 
 1.08100000e-03  1.03115627e+00  5.44989942e-06  2.09061905e+00  3.00000000e+00 
 1.08300000e-03  1.03115628e+00  5.44989975e-06  2.09061907e+00  3.00000000e+00 
 1.08500000e-03  1.03115628e+00  5.44989942e-06  2.09061905e+00  3.00000000e+00 
 1.08700000e-03  1.03115628e+00  5.44989975e-06  2.09061907e+00  3.00000000e+00 
 1.08900000e-03  1.03115628e+00  5.44989941e-06  2.09061905e+00  3.00000000e+00 
 1.09100000e-03  1.03115628e+00  5.44989976e-06  2.09061907e+00  3.00000000e+00 
 1.09300000e-03  1.03115628e+00  5.44989941e-06  2.09061905e+00  3.00000000e+00 
 1.09500000e-03  1.03115628e+00  5.44989976e-06  2.09061907e+00  3.00000000e+00 
 1.09700000e-03  1.03115628e+00  5.44989941e-06  2.09061905e+00  3.00000000e+00 
 1.09900000e-03  1.03115628e+00  5.44989976e-06  2.09061907e+00  3.00000000e+00 
 1.10100000e-03  1.03115628e+00  5.44989941e-06  2.09061905e+00  3.00000000e+00 
 1.10300000e-03  1.03115628e+00  5.44989976e-06  2.09061907e+00  3.00000000e+00 
 1.10500000e-03  1.03115628e+00  5.44989941e-06  2.09061905e+00  3.00000000e+00 
 1.10700000e-03  1.03115628e+00  5.44989976e-06  2.09061907e+00  3.00000000e+00 
 1.10900000e-03  1.03115628e+00  5.44989941e-06  2.09061905e+00  3.00000000e+00 
 1.11100000e-03  1.03115628e+00  5.44989976e-06  2.09061907e+00  3.00000000e+00 
 1.11300000e-03  1.03115628e+00  5.44989941e-06  2.09061906e+00  3.00000000e+00 
 1.11500000e-03  1.03115628e+00  5.44989976e-06  2.09061907e+00  3.00000000e+00 
 1.11700000e-03  1.03115628e+00  5.44989941e-06  2.09061906e+00  3.00000000e+00 
 1.11900000e-03  1.03115628e+00  5.44989976e-06  2.09061907e+00  3.00000000e+00 
 1.12100000e-03  1.03115628e+00  5.44989940e-06  2.09061906e+00  3.00000000e+00 
 1.12300000e-03  1.03115628e+00  5.44989976e-06  2.09061907e+00  3.00000000e+00 
 1.12500000e-03  1.03115628e+00  5.44989940e-06  2.09061906e+00  3.00000000e+00 
 1.12700000e-03  1.03115628e+00  5.44989976e-06  2.09061907e+00  3.00000000e+00 
 1.12900000e-03  1.03115628e+00  5.44989940e-06  2.09061906e+00  3.00000000e+00 
 1.13100000e-03  1.03115628e+00  5.44989976e-06  2.09061907e+00  3.00000000e+00 
 1.13300000e-03  1.03115628e+00  5.44989941e-06  2.09061906e+00  3.00000000e+00 
 1.13500000e-03  1.03115628e+00  5.44989976e-06  2.09061907e+00  3.00000000e+00 
 1.13700000e-03  1.03115628e+00  5.44989941e-06  2.09061906e+00  3.00000000e+00 
 1.13900000e-03  1.03115628e+00  5.44989976e-06  2.09061907e+00  3.00000000e+00 
 1.14100000e-03  1.03115628e+00  5.44989941e-06  2.09061906e+00  3.00000000e+00 
 1.14300000e-03  1.03115628e+00  5.44989976e-06  2.09061907e+00  3.00000000e+00 
 1.14500000e-03  1.03115628e+00  5.44989941e-06  2.09061906e+00  3.00000000e+00 
 1.14700000e-03  1.03115628e+00  5.44989976e-06  2.09061907e+00  3.00000000e+00 
 1.14900000e-03  1.03115628e+00  5.44989941e-06  2.09061906e+00  3.00000000e+00 
 1.15100000e-03  1.03115628e+00  5.44989976e-06  2.09061907e+00  3.00000000e+00 
 1.15300000e-03  1.03115628e+00  5.44989941e-06  2.09061906e+00  3.00000000e+00 
 1.15500000e-03  1.03115628e+00  5.44989976e-06  2.09061907e+00  3.00000000e+00 
 1.15700000e-03  1.03115628e+00  5.44989941e-06  2.09061906e+00  3.00000000e+00 
 1.15900000e-03  1.03115628e+00  5.44989976e-06  2.09061907e+00  3.00000000e+00 
 1.16100000e-03  1.03115628e+00  5.44989941e-06  2.09061906e+00  3.00000000e+00 
 1.16300000e-03  1.03115628e+00  5.44989976e-06  2.09061907e+00  3.00000000e+00 
 1.16500000e-03  1.03115628e+00  5.44989941e-06  2.09061906e+00  3.00000000e+00 
 1.16700000e-03  1.03115628e+00  5.44989976e-06  2.09061907e+00  3.00000000e+00 
 1.16900000e-03  1.03115628e+00  5.44989941e-06  2.09061906e+00  3.00000000e+00 
 1.17100000e-03  1.03115628e+00  5.44989976e-06  2.09061907e+00  3.00000000e+00 
 1.17300000e-03  1.03115628e+00  5.44989941e-06  2.09061906e+00  3.00000000e+00 
 1.17500000e-03  1.03115628e+00  5.44989976e-06  2.09061907e+00  3.00000000e+00 
 1.17700000e-03  1.03115628e+00  5.44989941e-06  2.09061906e+00  3.00000000e+00 
 1.17900000e-03  1.03115628e+00  5.44989976e-06  2.09061907e+00  3.00000000e+00 
 1.18100000e-03  1.03115628e+00  5.44989941e-06  2.09061906e+00  3.00000000e+00 
 1.18300000e-03  1.03115628e+00  5.44989976e-06  2.09061907e+00  3.00000000e+00 
 1.18500000e-03  1.03115628e+00  5.44989941e-06  2.09061906e+00  3.00000000e+00 
 1.18700000e-03  1.03115628e+00  5.44989975e-06  2.09061907e+00  3.00000000e+00 
 1.18900000e-03  1.03115628e+00  5.44989942e-06  2.09061906e+00  3.00000000e+00 
 1.19100000e-03  1.03115628e+00  5.44989975e-06  2.09061907e+00  3.00000000e+00 
 1.19300000e-03  1.03115628e+00  5.44989942e-06  2.09061906e+00  3.00000000e+00 
 1.19500000e-03  1.03115628e+00  5.44989975e-06  2.09061907e+00  3.00000000e+00 
 1.19700000e-03  1.03115628e+00  5.44989942e-06  2.09061906e+00  3.00000000e+00 
 1.19900000e-03  1.03115628e+00  5.44989975e-06  2.09061907e+00  3.00000000e+00 
 1.20100000e-03  1.03115628e+00  5.44989942e-06  2.09061906e+00  3.00000000e+00 
 1.20300000e-03  1.03115628e+00  5.44989975e-06  2.09061907e+00  3.00000000e+00 
 1.20500000e-03  1.03115628e+00  5.44989942e-06  2.09061906e+00  3.00000000e+00 
 1.20700000e-03  1.03115628e+00  5.44989975e-06  2.09061907e+00  3.00000000e+00 
 1.20900000e-03  1.03115628e+00  5.44989942e-06  2.09061906e+00  3.00000000e+00 
 1.21100000e-03  1.03115628e+00  5.44989975e-06  2.09061907e+00  3.00000000e+00 
 1.21300000e-03  1.03115628e+00  5.44989942e-06  2.09061906e+00  3.00000000e+00 
 1.21500000e-03  1.03115628e+00  5.44989975e-06  2.09061907e+00  3.00000000e+00 
 1.21700000e-03  1.03115628e+00  5.44989942e-06  2.09061906e+00  3.00000000e+00 
 1.21900000e-03  1.03115628e+00  5.44989974e-06  2.09061907e+00  3.00000000e+00 
 1.22100000e-03  1.03115628e+00  5.44989942e-06  2.09061906e+00  3.00000000e+00 
 1.22300000e-03  1.03115628e+00  5.44989974e-06  2.09061907e+00  3.00000000e+00 
 1.22500000e-03  1.03115628e+00  5.44989943e-06  2.09061906e+00  3.00000000e+00 
 1.22700000e-03  1.03115628e+00  5.44989974e-06  2.09061907e+00  3.00000000e+00 
 1.22900000e-03  1.03115628e+00  5.44989943e-06  2.09061906e+00  3.00000000e+00 
 1.23100000e-03  1.03115628e+00  5.44989974e-06  2.09061907e+00  3.00000000e+00 
 1.23300000e-03  1.03115628e+00  5.44989943e-06  2.09061906e+00  3.00000000e+00 
 1.23500000e-03  1.03115628e+00  5.44989974e-06  2.09061907e+00  3.00000000e+00 
 1.23700000e-03  1.03115628e+00  5.44989943e-06  2.09061906e+00  3.00000000e+00 
 1.23900000e-03  1.03115628e+00  5.44989974e-06  2.09061907e+00  3.00000000e+00 
 1.24100000e-03  1.03115628e+00  5.44989943e-06  2.09061906e+00  3.00000000e+00 
 1.24300000e-03  1.03115628e+00  5.44989974e-06  2.09061907e+00  3.00000000e+00 
 1.24500000e-03  1.03115628e+00  5.44989943e-06  2.09061906e+00  3.00000000e+00 
 1.24700000e-03  1.03115628e+00  5.44989974e-06  2.09061907e+00  3.00000000e+00 
 1.24900000e-03  1.03115628e+00  5.44989943e-06  2.09061906e+00  3.00000000e+00 
 1.25100000e-03  1.03115628e+00  5.44989974e-06  2.09061907e+00  3.00000000e+00 
 1.25300000e-03  1.03115628e+00  5.44989943e-06  2.09061906e+00  3.00000000e+00 
 1.25500000e-03  1.03115628e+00  5.44989973e-06  2.09061907e+00  3.00000000e+00 
 1.25700000e-03  1.03115628e+00  5.44989944e-06  2.09061906e+00  3.00000000e+00 
 1.25900000e-03  1.03115628e+00  5.44989973e-06  2.09061907e+00  3.00000000e+00 
 1.26100000e-03  1.03115628e+00  5.44989944e-06  2.09061906e+00  3.00000000e+00 
 1.26300000e-03  1.03115628e+00  5.44989973e-06  2.09061907e+00  3.00000000e+00 
 1.26500000e-03  1.03115628e+00  5.44989944e-06  2.09061906e+00  3.00000000e+00 
 1.26700000e-03  1.03115628e+00  5.44989973e-06  2.09061907e+00  3.00000000e+00 
 1.26900000e-03  1.03115628e+00  5.44989944e-06  2.09061906e+00  3.00000000e+00 
 1.27100000e-03  1.03115628e+00  5.44989973e-06  2.09061907e+00  3.00000000e+00 
 1.27300000e-03  1.03115628e+00  5.44989944e-06  2.09061906e+00  3.00000000e+00 
 1.27500000e-03  1.03115628e+00  5.44989973e-06  2.09061907e+00  3.00000000e+00 
 1.27700000e-03  1.03115628e+00  5.44989944e-06  2.09061906e+00  3.00000000e+00 
 1.27900000e-03  1.03115628e+00  5.44989973e-06  2.09061907e+00  3.00000000e+00 
 1.28100000e-03  1.03115628e+00  5.44989944e-06  2.09061906e+00  3.00000000e+00 
 1.28300000e-03  1.03115628e+00  5.44989973e-06  2.09061907e+00  3.00000000e+00 
 1.28500000e-03  1.03115628e+00  5.44989944e-06  2.09061906e+00  3.00000000e+00 
 1.28700000e-03  1.03115628e+00  5.44989972e-06  2.09061907e+00  3.00000000e+00 
 1.28900000e-03  1.03115628e+00  5.44989945e-06  2.09061906e+00  3.00000000e+00 
 1.29100000e-03  1.03115628e+00  5.44989972e-06  2.09061907e+00  3.00000000e+00 
 1.29300000e-03  1.03115628e+00  5.44989945e-06  2.09061906e+00  3.00000000e+00 
 1.29500000e-03  1.03115628e+00  5.44989972e-06  2.09061907e+00  3.00000000e+00 
 1.29700000e-03  1.03115628e+00  5.44989945e-06  2.09061906e+00  3.00000000e+00 
 1.29900000e-03  1.03115628e+00  5.44989972e-06  2.09061907e+00  3.00000000e+00 
 1.30100000e-03  1.03115628e+00  5.44989945e-06  2.09061906e+00  3.00000000e+00 
 1.30300000e-03  1.03115628e+00  5.44989972e-06  2.09061907e+00  3.00000000e+00 
 1.30500000e-03  1.03115628e+00  5.44989945e-06  2.09061906e+00  3.00000000e+00 
 1.30700000e-03  1.03115628e+00  5.44989972e-06  2.09061907e+00  3.00000000e+00 
 1.30900000e-03  1.03115628e+00  5.44989945e-06  2.09061906e+00  3.00000000e+00 
 1.31100000e-03  1.03115628e+00  5.44989972e-06  2.09061907e+00  3.00000000e+00 
 1.31300000e-03  1.03115628e+00  5.44989945e-06  2.09061906e+00  3.00000000e+00 
 1.31500000e-03  1.03115628e+00  5.44989972e-06  2.09061907e+00  3.00000000e+00 
 1.31700000e-03  1.03115628e+00  5.44989945e-06  2.09061906e+00  3.00000000e+00 
 1.31900000e-03  1.03115628e+00  5.44989971e-06  2.09061907e+00  3.00000000e+00 
 1.32100000e-03  1.03115628e+00  5.44989946e-06  2.09061906e+00  3.00000000e+00 
 1.32300000e-03  1.03115628e+00  5.44989971e-06  2.09061907e+00  3.00000000e+00 
 1.32500000e-03  1.03115628e+00  5.44989946e-06  2.09061906e+00  3.00000000e+00 
 1.32700000e-03  1.03115628e+00  5.44989971e-06  2.09061907e+00  3.00000000e+00 
 1.32900000e-03  1.03115628e+00  5.44989946e-06  2.09061906e+00  3.00000000e+00 
 1.33100000e-03  1.03115628e+00  5.44989971e-06  2.09061907e+00  3.00000000e+00 
 1.33300000e-03  1.03115628e+00  5.44989946e-06  2.09061906e+00  3.00000000e+00 
 1.33500000e-03  1.03115628e+00  5.44989971e-06  2.09061907e+00  3.00000000e+00 
 1.33700000e-03  1.03115628e+00  5.44989946e-06  2.09061906e+00  3.00000000e+00 
 1.33900000e-03  1.03115628e+00  5.44989971e-06  2.09061907e+00  3.00000000e+00 
 1.34100000e-03  1.03115628e+00  5.44989946e-06  2.09061906e+00  3.00000000e+00 
 1.34300000e-03  1.03115628e+00  5.44989971e-06  2.09061907e+00  3.00000000e+00 
 1.34500000e-03  1.03115628e+00  5.44989946e-06  2.09061906e+00  3.00000000e+00 
 1.34700000e-03  1.03115628e+00  5.44989971e-06  2.09061907e+00  3.00000000e+00 
 1.34900000e-03  1.03115628e+00  5.44989946e-06  2.09061906e+00  3.00000000e+00 
 1.35100000e-03  1.03115628e+00  5.44989971e-06  2.09061907e+00  3.00000000e+00 
 1.35300000e-03  1.03115628e+00  5.44989946e-06  2.09061906e+00  3.00000000e+00 
 1.35500000e-03  1.03115628e+00  5.44989970e-06  2.09061907e+00  3.00000000e+00 
 1.35700000e-03  1.03115628e+00  5.44989947e-06  2.09061906e+00  3.00000000e+00 
 1.35900000e-03  1.03115628e+00  5.44989970e-06  2.09061907e+00  3.00000000e+00 
 1.36100000e-03  1.03115628e+00  5.44989947e-06  2.09061906e+00  3.00000000e+00 
 1.36300000e-03  1.03115628e+00  5.44989970e-06  2.09061907e+00  3.00000000e+00 
 1.36500000e-03  1.03115628e+00  5.44989947e-06  2.09061906e+00  3.00000000e+00 
 1.36700000e-03  1.03115628e+00  5.44989970e-06  2.09061907e+00  3.00000000e+00 
 1.36900000e-03  1.03115628e+00  5.44989947e-06  2.09061906e+00  3.00000000e+00 
 1.37100000e-03  1.03115628e+00  5.44989970e-06  2.09061907e+00  3.00000000e+00 
 1.37300000e-03  1.03115628e+00  5.44989947e-06  2.09061906e+00  3.00000000e+00 
 1.37500000e-03  1.03115628e+00  5.44989970e-06  2.09061907e+00  3.00000000e+00 
 1.37700000e-03  1.03115628e+00  5.44989947e-06  2.09061906e+00  3.00000000e+00 
 1.37900000e-03  1.03115628e+00  5.44989970e-06  2.09061907e+00  3.00000000e+00 
 1.38100000e-03  1.03115628e+00  5.44989947e-06  2.09061906e+00  3.00000000e+00 
 1.38300000e-03  1.03115628e+00  5.44989970e-06  2.09061907e+00  3.00000000e+00 
 1.38500000e-03  1.03115628e+00  5.44989947e-06  2.09061906e+00  3.00000000e+00 
 1.38700000e-03  1.03115628e+00  5.44989969e-06  2.09061907e+00  3.00000000e+00 
 1.38900000e-03  1.03115628e+00  5.44989947e-06  2.09061906e+00  3.00000000e+00 
 1.39100000e-03  1.03115628e+00  5.44989969e-06  2.09061907e+00  3.00000000e+00 
 1.39300000e-03  1.03115628e+00  5.44989948e-06  2.09061906e+00  3.00000000e+00 
 1.39500000e-03  1.03115628e+00  5.44989969e-06  2.09061907e+00  3.00000000e+00 
 1.39700000e-03  1.03115628e+00  5.44989948e-06  2.09061906e+00  3.00000000e+00 
 1.39900000e-03  1.03115628e+00  5.44989969e-06  2.09061907e+00  3.00000000e+00 
 1.40100000e-03  1.03115628e+00  5.44989948e-06  2.09061906e+00  3.00000000e+00 
 1.40300000e-03  1.03115628e+00  5.44989969e-06  2.09061907e+00  3.00000000e+00 
 1.40500000e-03  1.03115628e+00  5.44989948e-06  2.09061906e+00  3.00000000e+00 
 1.40700000e-03  1.03115628e+00  5.44989969e-06  2.09061907e+00  3.00000000e+00 
 1.40900000e-03  1.03115628e+00  5.44989948e-06  2.09061906e+00  3.00000000e+00 
 1.41100000e-03  1.03115628e+00  5.44989969e-06  2.09061907e+00  3.00000000e+00 
 1.41300000e-03  1.03115628e+00  5.44989948e-06  2.09061906e+00  3.00000000e+00 
 1.41500000e-03  1.03115628e+00  5.44989969e-06  2.09061907e+00  3.00000000e+00 
 1.41700000e-03  1.03115628e+00  5.44989948e-06  2.09061906e+00  3.00000000e+00 
 1.41900000e-03  1.03115628e+00  5.44989969e-06  2.09061907e+00  3.00000000e+00 
 1.42100000e-03  1.03115628e+00  5.44989948e-06  2.09061906e+00  3.00000000e+00 
 1.42300000e-03  1.03115628e+00  5.44989968e-06  2.09061907e+00  3.00000000e+00 
 1.42500000e-03  1.03115628e+00  5.44989948e-06  2.09061906e+00  3.00000000e+00 
 1.42700000e-03  1.03115628e+00  5.44989968e-06  2.09061907e+00  3.00000000e+00 
 1.42900000e-03  1.03115628e+00  5.44989949e-06  2.09061906e+00  3.00000000e+00 
 1.43100000e-03  1.03115628e+00  5.44989968e-06  2.09061907e+00  3.00000000e+00 
 1.43300000e-03  1.03115628e+00  5.44989949e-06  2.09061906e+00  3.00000000e+00 
 1.43500000e-03  1.03115628e+00  5.44989968e-06  2.09061907e+00  3.00000000e+00 
 1.43700000e-03  1.03115628e+00  5.44989949e-06  2.09061906e+00  3.00000000e+00 
 1.43900000e-03  1.03115628e+00  5.44989968e-06  2.09061907e+00  3.00000000e+00 
 1.44100000e-03  1.03115628e+00  5.44989949e-06  2.09061906e+00  3.00000000e+00 
 1.44300000e-03  1.03115628e+00  5.44989968e-06  2.09061907e+00  3.00000000e+00 
 1.44500000e-03  1.03115628e+00  5.44989949e-06  2.09061906e+00  3.00000000e+00 
 1.44700000e-03  1.03115628e+00  5.44989968e-06  2.09061907e+00  3.00000000e+00 
 1.44900000e-03  1.03115628e+00  5.44989949e-06  2.09061906e+00  3.00000000e+00 
 1.45100000e-03  1.03115628e+00  5.44989968e-06  2.09061907e+00  3.00000000e+00 
 1.45300000e-03  1.03115628e+00  5.44989949e-06  2.09061906e+00  3.00000000e+00 
 1.45500000e-03  1.03115628e+00  5.44989968e-06  2.09061907e+00  3.00000000e+00 
 1.45700000e-03  1.03115628e+00  5.44989949e-06  2.09061906e+00  3.00000000e+00 
 1.45900000e-03  1.03115628e+00  5.44989968e-06  2.09061907e+00  3.00000000e+00 
 1.46100000e-03  1.03115628e+00  5.44989949e-06  2.09061906e+00  3.00000000e+00 
 1.46300000e-03  1.03115628e+00  5.44989967e-06  2.09061907e+00  3.00000000e+00 
 1.46500000e-03  1.03115628e+00  5.44989949e-06  2.09061906e+00  3.00000000e+00 
 1.46700000e-03  1.03115628e+00  5.44989967e-06  2.09061907e+00  3.00000000e+00 
 1.46900000e-03  1.03115628e+00  5.44989950e-06  2.09061906e+00  3.00000000e+00 
 1.47100000e-03  1.03115628e+00  5.44989967e-06  2.09061907e+00  3.00000000e+00 
 1.47300000e-03  1.03115628e+00  5.44989950e-06  2.09061906e+00  3.00000000e+00 
 1.47500000e-03  1.03115628e+00  5.44989967e-06  2.09061907e+00  3.00000000e+00 
 1.47700000e-03  1.03115628e+00  5.44989950e-06  2.09061906e+00  3.00000000e+00 
 1.47900000e-03  1.03115628e+00  5.44989967e-06  2.09061907e+00  3.00000000e+00 
 1.48100000e-03  1.03115628e+00  5.44989950e-06  2.09061906e+00  3.00000000e+00 
 1.48300000e-03  1.03115628e+00  5.44989967e-06  2.09061907e+00  3.00000000e+00 
 1.48500000e-03  1.03115628e+00  5.44989950e-06  2.09061906e+00  3.00000000e+00 
 1.48700000e-03  1.03115628e+00  5.44989967e-06  2.09061907e+00  3.00000000e+00 
 1.48900000e-03  1.03115628e+00  5.44989950e-06  2.09061906e+00  3.00000000e+00 
 1.49100000e-03  1.03115628e+00  5.44989967e-06  2.09061907e+00  3.00000000e+00 
 1.49300000e-03  1.03115628e+00  5.44989950e-06  2.09061906e+00  3.00000000e+00 
 1.49500000e-03  1.03115628e+00  5.44989967e-06  2.09061907e+00  3.00000000e+00 
 1.49700000e-03  1.03115628e+00  5.44989950e-06  2.09061906e+00  3.00000000e+00 
 1.49900000e-03  1.03115628e+00  5.44989967e-06  2.09061907e+00  3.00000000e+00 
 1.50100000e-03  1.03115628e+00  5.44989950e-06  2.09061906e+00  3.00000000e+00 
 1.50300000e-03  1.03115628e+00  5.44989966e-06  2.09061907e+00  3.00000000e+00 
 1.50500000e-03  1.03115628e+00  5.44989950e-06  2.09061906e+00  3.00000000e+00 
 1.50700000e-03  1.03115628e+00  5.44989966e-06  2.09061907e+00  3.00000000e+00 
 1.50900000e-03  1.03115628e+00  5.44989951e-06  2.09061906e+00  3.00000000e+00 
 1.51100000e-03  1.03115628e+00  5.44989966e-06  2.09061907e+00  3.00000000e+00 
 1.51300000e-03  1.03115628e+00  5.44989951e-06  2.09061906e+00  3.00000000e+00 
 1.51500000e-03  1.03115628e+00  5.44989966e-06  2.09061907e+00  3.00000000e+00 
 1.51700000e-03  1.03115628e+00  5.44989951e-06  2.09061906e+00  3.00000000e+00 
 1.51900000e-03  1.03115628e+00  5.44989966e-06  2.09061907e+00  3.00000000e+00 
 1.52100000e-03  1.03115628e+00  5.44989951e-06  2.09061906e+00  3.00000000e+00 
 1.52300000e-03  1.03115628e+00  5.44989966e-06  2.09061907e+00  3.00000000e+00 
 1.52500000e-03  1.03115628e+00  5.44989951e-06  2.09061906e+00  3.00000000e+00 
 1.52700000e-03  1.03115628e+00  5.44989966e-06  2.09061907e+00  3.00000000e+00 
 1.52900000e-03  1.03115628e+00  5.44989951e-06  2.09061906e+00  3.00000000e+00 
 1.53100000e-03  1.03115628e+00  5.44989966e-06  2.09061907e+00  3.00000000e+00 
 1.53300000e-03  1.03115628e+00  5.44989951e-06  2.09061906e+00  3.00000000e+00 
 1.53500000e-03  1.03115628e+00  5.44989966e-06  2.09061907e+00  3.00000000e+00 
 1.53700000e-03  1.03115628e+00  5.44989951e-06  2.09061906e+00  3.00000000e+00 
 1.53900000e-03  1.03115628e+00  5.44989966e-06  2.09061907e+00  3.00000000e+00 
 1.54100000e-03  1.03115628e+00  5.44989951e-06  2.09061906e+00  3.00000000e+00 
 1.54300000e-03  1.03115628e+00  5.44989966e-06  2.09061907e+00  3.00000000e+00 
 1.54500000e-03  1.03115628e+00  5.44989951e-06  2.09061906e+00  3.00000000e+00 
 1.54700000e-03  1.03115628e+00  5.44989965e-06  2.09061907e+00  3.00000000e+00 
 1.54900000e-03  1.03115628e+00  5.44989951e-06  2.09061906e+00  3.00000000e+00 
 1.55100000e-03  1.03115628e+00  5.44989965e-06  2.09061907e+00  3.00000000e+00 
 1.55300000e-03  1.03115628e+00  5.44989952e-06  2.09061906e+00  3.00000000e+00 
 1.55500000e-03  1.03115628e+00  5.44989965e-06  2.09061907e+00  3.00000000e+00 
 1.55700000e-03  1.03115628e+00  5.44989952e-06  2.09061906e+00  3.00000000e+00 
 1.55900000e-03  1.03115628e+00  5.44989965e-06  2.09061907e+00  3.00000000e+00 
 1.56100000e-03  1.03115628e+00  5.44989952e-06  2.09061906e+00  3.00000000e+00 
 1.56300000e-03  1.03115628e+00  5.44989965e-06  2.09061907e+00  3.00000000e+00 
 1.56500000e-03  1.03115628e+00  5.44989952e-06  2.09061906e+00  3.00000000e+00 
 1.56700000e-03  1.03115628e+00  5.44989965e-06  2.09061907e+00  3.00000000e+00 
 1.56900000e-03  1.03115628e+00  5.44989952e-06  2.09061906e+00  3.00000000e+00 
 1.57100000e-03  1.03115628e+00  5.44989965e-06  2.09061907e+00  3.00000000e+00 
 1.57300000e-03  1.03115628e+00  5.44989952e-06  2.09061906e+00  3.00000000e+00 
 1.57500000e-03  1.03115628e+00  5.44989965e-06  2.09061907e+00  3.00000000e+00 
 1.57700000e-03  1.03115628e+00  5.44989952e-06  2.09061906e+00  3.00000000e+00 
 1.57900000e-03  1.03115628e+00  5.44989965e-06  2.09061907e+00  3.00000000e+00 
 1.58100000e-03  1.03115628e+00  5.44989952e-06  2.09061906e+00  3.00000000e+00 
 1.58300000e-03  1.03115628e+00  5.44989965e-06  2.09061907e+00  3.00000000e+00 
 1.58500000e-03  1.03115628e+00  5.44989952e-06  2.09061906e+00  3.00000000e+00 
 1.58700000e-03  1.03115628e+00  5.44989965e-06  2.09061907e+00  3.00000000e+00 
 1.58900000e-03  1.03115628e+00  5.44989952e-06  2.09061906e+00  3.00000000e+00 
 1.59100000e-03  1.03115628e+00  5.44989965e-06  2.09061907e+00  3.00000000e+00 
 1.59300000e-03  1.03115628e+00  5.44989952e-06  2.09061906e+00  3.00000000e+00 
 1.59500000e-03  1.03115628e+00  5.44989965e-06  2.09061907e+00  3.00000000e+00 
 1.59700000e-03  1.03115628e+00  5.44989952e-06  2.09061906e+00  3.00000000e+00 
 1.59900000e-03  1.03115628e+00  5.44989964e-06  2.09061906e+00  3.00000000e+00 
 1.60100000e-03  1.03115628e+00  5.44989953e-06  2.09061906e+00  3.00000000e+00 
 1.60300000e-03  1.03115628e+00  5.44989964e-06  2.09061906e+00  3.00000000e+00 
 1.60500000e-03  1.03115628e+00  5.44989953e-06  2.09061906e+00  3.00000000e+00 
 1.60700000e-03  1.03115628e+00  5.44989964e-06  2.09061906e+00  3.00000000e+00 
 1.60900000e-03  1.03115628e+00  5.44989953e-06  2.09061906e+00  3.00000000e+00 
 1.61100000e-03  1.03115628e+00  5.44989964e-06  2.09061906e+00  3.00000000e+00 
 1.61300000e-03  1.03115628e+00  5.44989953e-06  2.09061906e+00  3.00000000e+00 
 1.61500000e-03  1.03115628e+00  5.44989964e-06  2.09061906e+00  3.00000000e+00 
 1.61700000e-03  1.03115628e+00  5.44989953e-06  2.09061906e+00  3.00000000e+00 
 1.61900000e-03  1.03115628e+00  5.44989964e-06  2.09061906e+00  3.00000000e+00 
 1.62100000e-03  1.03115628e+00  5.44989953e-06  2.09061906e+00  3.00000000e+00 
 1.62300000e-03  1.03115628e+00  5.44989964e-06  2.09061906e+00  3.00000000e+00 
 1.62500000e-03  1.03115628e+00  5.44989953e-06  2.09061906e+00  3.00000000e+00 
 1.62700000e-03  1.03115628e+00  5.44989964e-06  2.09061906e+00  3.00000000e+00 
 1.62900000e-03  1.03115628e+00  5.44989953e-06  2.09061906e+00  3.00000000e+00 
 1.63100000e-03  1.03115628e+00  5.44989964e-06  2.09061906e+00  3.00000000e+00 
 1.63300000e-03  1.03115628e+00  5.44989953e-06  2.09061906e+00  3.00000000e+00 
 1.63500000e-03  1.03115628e+00  5.44989964e-06  2.09061906e+00  3.00000000e+00 
 1.63700000e-03  1.03115628e+00  5.44989953e-06  2.09061906e+00  3.00000000e+00 
 1.63900000e-03  1.03115628e+00  5.44989964e-06  2.09061906e+00  3.00000000e+00 
 1.64100000e-03  1.03115628e+00  5.44989953e-06  2.09061906e+00  3.00000000e+00 
 1.64300000e-03  1.03115628e+00  5.44989964e-06  2.09061906e+00  3.00000000e+00 
 1.64500000e-03  1.03115628e+00  5.44989953e-06  2.09061906e+00  3.00000000e+00 
 1.64700000e-03  1.03115628e+00  5.44989964e-06  2.09061906e+00  3.00000000e+00 
 1.64900000e-03  1.03115628e+00  5.44989953e-06  2.09061906e+00  3.00000000e+00 
 1.65100000e-03  1.03115628e+00  5.44989963e-06  2.09061906e+00  3.00000000e+00 
 1.65300000e-03  1.03115628e+00  5.44989953e-06  2.09061906e+00  3.00000000e+00 
 1.65500000e-03  1.03115628e+00  5.44989963e-06  2.09061906e+00  3.00000000e+00 
 1.65700000e-03  1.03115628e+00  5.44989954e-06  2.09061906e+00  3.00000000e+00 
 1.65900000e-03  1.03115628e+00  5.44989963e-06  2.09061906e+00  3.00000000e+00 
 1.66100000e-03  1.03115628e+00  5.44989954e-06  2.09061906e+00  3.00000000e+00 
 1.66300000e-03  1.03115628e+00  5.44989963e-06  2.09061906e+00  3.00000000e+00 
 1.66500000e-03  1.03115628e+00  5.44989954e-06  2.09061906e+00  3.00000000e+00 
 1.66700000e-03  1.03115628e+00  5.44989963e-06  2.09061906e+00  3.00000000e+00 
 1.66900000e-03  1.03115628e+00  5.44989954e-06  2.09061906e+00  3.00000000e+00 
 1.67100000e-03  1.03115628e+00  5.44989963e-06  2.09061906e+00  3.00000000e+00 
 1.67300000e-03  1.03115628e+00  5.44989954e-06  2.09061906e+00  3.00000000e+00 
 1.67500000e-03  1.03115628e+00  5.44989963e-06  2.09061906e+00  3.00000000e+00 
 1.67700000e-03  1.03115628e+00  5.44989954e-06  2.09061906e+00  3.00000000e+00 
 1.67900000e-03  1.03115628e+00  5.44989963e-06  2.09061906e+00  3.00000000e+00 
 1.68100000e-03  1.03115628e+00  5.44989954e-06  2.09061906e+00  3.00000000e+00 
 1.68300000e-03  1.03115628e+00  5.44989963e-06  2.09061906e+00  3.00000000e+00 
 1.68500000e-03  1.03115628e+00  5.44989954e-06  2.09061906e+00  3.00000000e+00 
 1.68700000e-03  1.03115628e+00  5.44989963e-06  2.09061906e+00  3.00000000e+00 
 1.68900000e-03  1.03115628e+00  5.44989954e-06  2.09061906e+00  3.00000000e+00 
 1.69100000e-03  1.03115628e+00  5.44989963e-06  2.09061906e+00  3.00000000e+00 
 1.69300000e-03  1.03115628e+00  5.44989954e-06  2.09061906e+00  3.00000000e+00 
 1.69500000e-03  1.03115628e+00  5.44989963e-06  2.09061906e+00  3.00000000e+00 
 1.69700000e-03  1.03115628e+00  5.44989954e-06  2.09061906e+00  3.00000000e+00 
 1.69900000e-03  1.03115628e+00  5.44989963e-06  2.09061906e+00  3.00000000e+00 
 1.70100000e-03  1.03115628e+00  5.44989954e-06  2.09061906e+00  3.00000000e+00 
 1.70300000e-03  1.03115628e+00  5.44989963e-06  2.09061906e+00  3.00000000e+00 
 1.70500000e-03  1.03115628e+00  5.44989954e-06  2.09061906e+00  3.00000000e+00 
 1.70700000e-03  1.03115628e+00  5.44989963e-06  2.09061906e+00  3.00000000e+00 
 1.70900000e-03  1.03115628e+00  5.44989954e-06  2.09061906e+00  3.00000000e+00 
 1.71100000e-03  1.03115628e+00  5.44989962e-06  2.09061906e+00  3.00000000e+00 
 1.71300000e-03  1.03115628e+00  5.44989954e-06  2.09061906e+00  3.00000000e+00 
 1.71500000e-03  1.03115628e+00  5.44989962e-06  2.09061906e+00  3.00000000e+00 
 1.71700000e-03  1.03115628e+00  5.44989954e-06  2.09061906e+00  3.00000000e+00 
 1.71900000e-03  1.03115628e+00  5.44989962e-06  2.09061906e+00  3.00000000e+00 
 1.72100000e-03  1.03115628e+00  5.44989955e-06  2.09061906e+00  3.00000000e+00 
 1.72300000e-03  1.03115628e+00  5.44989962e-06  2.09061906e+00  3.00000000e+00 
 1.72500000e-03  1.03115628e+00  5.44989955e-06  2.09061906e+00  3.00000000e+00 
 1.72700000e-03  1.03115628e+00  5.44989962e-06  2.09061906e+00  3.00000000e+00 
 1.72900000e-03  1.03115628e+00  5.44989955e-06  2.09061906e+00  3.00000000e+00 
 1.73100000e-03  1.03115628e+00  5.44989962e-06  2.09061906e+00  3.00000000e+00 
 1.73300000e-03  1.03115628e+00  5.44989955e-06  2.09061906e+00  3.00000000e+00 
 1.73500000e-03  1.03115628e+00  5.44989962e-06  2.09061906e+00  3.00000000e+00 
 1.73700000e-03  1.03115628e+00  5.44989955e-06  2.09061906e+00  3.00000000e+00 
 1.73900000e-03  1.03115628e+00  5.44989962e-06  2.09061906e+00  3.00000000e+00 
 1.74100000e-03  1.03115628e+00  5.44989955e-06  2.09061906e+00  3.00000000e+00 
 1.74300000e-03  1.03115628e+00  5.44989962e-06  2.09061906e+00  3.00000000e+00 
 1.74500000e-03  1.03115628e+00  5.44989955e-06  2.09061906e+00  3.00000000e+00 
 1.74700000e-03  1.03115628e+00  5.44989962e-06  2.09061906e+00  3.00000000e+00 
 1.74900000e-03  1.03115628e+00  5.44989955e-06  2.09061906e+00  3.00000000e+00 
 1.75100000e-03  1.03115628e+00  5.44989962e-06  2.09061906e+00  3.00000000e+00 
 1.75300000e-03  1.03115628e+00  5.44989955e-06  2.09061906e+00  3.00000000e+00 
 1.75500000e-03  1.03115628e+00  5.44989962e-06  2.09061906e+00  3.00000000e+00 
 1.75700000e-03  1.03115628e+00  5.44989955e-06  2.09061906e+00  3.00000000e+00 
 1.75900000e-03  1.03115628e+00  5.44989962e-06  2.09061906e+00  3.00000000e+00 
 1.76100000e-03  1.03115628e+00  5.44989955e-06  2.09061906e+00  3.00000000e+00 
 1.76300000e-03  1.03115628e+00  5.44989962e-06  2.09061906e+00  3.00000000e+00 
 1.76500000e-03  1.03115628e+00  5.44989955e-06  2.09061906e+00  3.00000000e+00 
 1.76700000e-03  1.03115628e+00  5.44989962e-06  2.09061906e+00  3.00000000e+00 
 1.76900000e-03  1.03115628e+00  5.44989955e-06  2.09061906e+00  3.00000000e+00 
 1.77100000e-03  1.03115628e+00  5.44989962e-06  2.09061906e+00  3.00000000e+00 
 1.77300000e-03  1.03115628e+00  5.44989955e-06  2.09061906e+00  3.00000000e+00 
 1.77500000e-03  1.03115628e+00  5.44989962e-06  2.09061906e+00  3.00000000e+00 
 1.77700000e-03  1.03115628e+00  5.44989955e-06  2.09061906e+00  3.00000000e+00 
 1.77900000e-03  1.03115628e+00  5.44989962e-06  2.09061906e+00  3.00000000e+00 
 1.78100000e-03  1.03115628e+00  5.44989955e-06  2.09061906e+00  3.00000000e+00 
 1.78300000e-03  1.03115628e+00  5.44989961e-06  2.09061906e+00  3.00000000e+00 
 1.78500000e-03  1.03115628e+00  5.44989955e-06  2.09061906e+00  3.00000000e+00 
 1.78700000e-03  1.03115628e+00  5.44989961e-06  2.09061906e+00  3.00000000e+00 
 1.78900000e-03  1.03115628e+00  5.44989955e-06  2.09061906e+00  3.00000000e+00 
 1.79100000e-03  1.03115628e+00  5.44989961e-06  2.09061906e+00  3.00000000e+00 
 1.79300000e-03  1.03115628e+00  5.44989955e-06  2.09061906e+00  3.00000000e+00 
 1.79500000e-03  1.03115628e+00  5.44989961e-06  2.09061906e+00  3.00000000e+00 
 1.79700000e-03  1.03115628e+00  5.44989956e-06  2.09061906e+00  3.00000000e+00 
 1.79900000e-03  1.03115628e+00  5.44989961e-06  2.09061906e+00  3.00000000e+00 
 1.80100000e-03  1.03115628e+00  5.44989956e-06  2.09061906e+00  3.00000000e+00 
 1.80300000e-03  1.03115628e+00  5.44989961e-06  2.09061906e+00  3.00000000e+00 
 1.80500000e-03  1.03115628e+00  5.44989956e-06  2.09061906e+00  3.00000000e+00 
 1.80700000e-03  1.03115628e+00  5.44989961e-06  2.09061906e+00  3.00000000e+00 
 1.80900000e-03  1.03115628e+00  5.44989956e-06  2.09061906e+00  3.00000000e+00 
 1.81100000e-03  1.03115628e+00  5.44989961e-06  2.09061906e+00  3.00000000e+00 
 1.81300000e-03  1.03115628e+00  5.44989956e-06  2.09061906e+00  3.00000000e+00 
 1.81500000e-03  1.03115628e+00  5.44989961e-06  2.09061906e+00  3.00000000e+00 
 1.81700000e-03  1.03115628e+00  5.44989956e-06  2.09061906e+00  3.00000000e+00 
 1.81900000e-03  1.03115628e+00  5.44989961e-06  2.09061906e+00  3.00000000e+00 
 1.82100000e-03  1.03115628e+00  5.44989956e-06  2.09061906e+00  3.00000000e+00 
 1.82300000e-03  1.03115628e+00  5.44989961e-06  2.09061906e+00  3.00000000e+00 
 1.82500000e-03  1.03115628e+00  5.44989956e-06  2.09061906e+00  3.00000000e+00 
 1.82700000e-03  1.03115628e+00  5.44989961e-06  2.09061906e+00  3.00000000e+00 
 1.82900000e-03  1.03115628e+00  5.44989956e-06  2.09061906e+00  3.00000000e+00 
 1.83100000e-03  1.03115628e+00  5.44989961e-06  2.09061906e+00  3.00000000e+00 
 1.83300000e-03  1.03115628e+00  5.44989956e-06  2.09061906e+00  3.00000000e+00 
 1.83500000e-03  1.03115628e+00  5.44989961e-06  2.09061906e+00  3.00000000e+00 
 1.83700000e-03  1.03115628e+00  5.44989956e-06  2.09061906e+00  3.00000000e+00 
 1.83900000e-03  1.03115628e+00  5.44989961e-06  2.09061906e+00  3.00000000e+00 
 1.84100000e-03  1.03115628e+00  5.44989956e-06  2.09061906e+00  3.00000000e+00 
 1.84300000e-03  1.03115628e+00  5.44989961e-06  2.09061906e+00  3.00000000e+00 
 1.84500000e-03  1.03115628e+00  5.44989956e-06  2.09061906e+00  3.00000000e+00 
 1.84700000e-03  1.03115628e+00  5.44989961e-06  2.09061906e+00  3.00000000e+00 
 1.84900000e-03  1.03115628e+00  5.44989956e-06  2.09061906e+00  3.00000000e+00 
 1.85100000e-03  1.03115628e+00  5.44989961e-06  2.09061906e+00  3.00000000e+00 
 1.85300000e-03  1.03115628e+00  5.44989956e-06  2.09061906e+00  3.00000000e+00 
 1.85500000e-03  1.03115628e+00  5.44989961e-06  2.09061906e+00  3.00000000e+00 
 1.85700000e-03  1.03115628e+00  5.44989956e-06  2.09061906e+00  3.00000000e+00 
 1.85900000e-03  1.03115628e+00  5.44989961e-06  2.09061906e+00  3.00000000e+00 
 1.86100000e-03  1.03115628e+00  5.44989956e-06  2.09061906e+00  3.00000000e+00 
 1.86300000e-03  1.03115628e+00  5.44989961e-06  2.09061906e+00  3.00000000e+00 
 1.86500000e-03  1.03115628e+00  5.44989956e-06  2.09061906e+00  3.00000000e+00 
 1.86700000e-03  1.03115628e+00  5.44989961e-06  2.09061906e+00  3.00000000e+00 
 1.86900000e-03  1.03115628e+00  5.44989956e-06  2.09061906e+00  3.00000000e+00 
 1.87100000e-03  1.03115628e+00  5.44989961e-06  2.09061906e+00  3.00000000e+00 
 1.87300000e-03  1.03115628e+00  5.44989956e-06  2.09061906e+00  3.00000000e+00 
 1.87500000e-03  1.03115628e+00  5.44989961e-06  2.09061906e+00  3.00000000e+00 
 1.87700000e-03  1.03115628e+00  5.44989956e-06  2.09061906e+00  3.00000000e+00 
 1.87900000e-03  1.03115628e+00  5.44989960e-06  2.09061906e+00  3.00000000e+00 
 1.88100000e-03  1.03115628e+00  5.44989956e-06  2.09061906e+00  3.00000000e+00 
 1.88300000e-03  1.03115628e+00  5.44989960e-06  2.09061906e+00  3.00000000e+00 
 1.88500000e-03  1.03115628e+00  5.44989956e-06  2.09061906e+00  3.00000000e+00 
 1.88700000e-03  1.03115628e+00  5.44989960e-06  2.09061906e+00  3.00000000e+00 
 1.88900000e-03  1.03115628e+00  5.44989957e-06  2.09061906e+00  3.00000000e+00 
 1.89100000e-03  1.03115628e+00  5.44989960e-06  2.09061906e+00  3.00000000e+00 
 1.89300000e-03  1.03115628e+00  5.44989957e-06  2.09061906e+00  3.00000000e+00 
 1.89500000e-03  1.03115628e+00  5.44989960e-06  2.09061906e+00  3.00000000e+00 
 1.89700000e-03  1.03115628e+00  5.44989957e-06  2.09061906e+00  3.00000000e+00 
 1.89900000e-03  1.03115628e+00  5.44989960e-06  2.09061906e+00  3.00000000e+00 
 1.90100000e-03  1.03115628e+00  5.44989957e-06  2.09061906e+00  3.00000000e+00 
 1.90300000e-03  1.03115628e+00  5.44989960e-06  2.09061906e+00  3.00000000e+00 
 1.90500000e-03  1.03115628e+00  5.44989957e-06  2.09061906e+00  3.00000000e+00 
 1.90700000e-03  1.03115628e+00  5.44989960e-06  2.09061906e+00  3.00000000e+00 
 1.90900000e-03  1.03115628e+00  5.44989957e-06  2.09061906e+00  3.00000000e+00 
 1.91100000e-03  1.03115628e+00  5.44989960e-06  2.09061906e+00  3.00000000e+00 
 1.91300000e-03  1.03115628e+00  5.44989957e-06  2.09061906e+00  3.00000000e+00 
 1.91500000e-03  1.03115628e+00  5.44989960e-06  2.09061906e+00  3.00000000e+00 
 1.91700000e-03  1.03115628e+00  5.44989957e-06  2.09061906e+00  3.00000000e+00 
 1.91900000e-03  1.03115628e+00  5.44989960e-06  2.09061906e+00  3.00000000e+00 
 1.92100000e-03  1.03115628e+00  5.44989957e-06  2.09061906e+00  3.00000000e+00 
 1.92300000e-03  1.03115628e+00  5.44989960e-06  2.09061906e+00  3.00000000e+00 
 1.92500000e-03  1.03115628e+00  5.44989957e-06  2.09061906e+00  3.00000000e+00 
 1.92700000e-03  1.03115628e+00  5.44989960e-06  2.09061906e+00  3.00000000e+00 
 1.92900000e-03  1.03115628e+00  5.44989957e-06  2.09061906e+00  3.00000000e+00 
 1.93100000e-03  1.03115628e+00  5.44989960e-06  2.09061906e+00  3.00000000e+00 
 1.93300000e-03  1.03115628e+00  5.44989957e-06  2.09061906e+00  3.00000000e+00 
 1.93500000e-03  1.03115628e+00  5.44989960e-06  2.09061906e+00  3.00000000e+00 
 1.93700000e-03  1.03115628e+00  5.44989957e-06  2.09061906e+00  3.00000000e+00 
 1.93900000e-03  1.03115628e+00  5.44989960e-06  2.09061906e+00  3.00000000e+00 
 1.94100000e-03  1.03115628e+00  5.44989957e-06  2.09061906e+00  3.00000000e+00 
 1.94300000e-03  1.03115628e+00  5.44989960e-06  2.09061906e+00  3.00000000e+00 
 1.94500000e-03  1.03115628e+00  5.44989957e-06  2.09061906e+00  3.00000000e+00 
 1.94700000e-03  1.03115628e+00  5.44989960e-06  2.09061906e+00  3.00000000e+00 
 1.94900000e-03  1.03115628e+00  5.44989957e-06  2.09061906e+00  3.00000000e+00 
 1.95100000e-03  1.03115628e+00  5.44989960e-06  2.09061906e+00  3.00000000e+00 
 1.95300000e-03  1.03115628e+00  5.44989957e-06  2.09061906e+00  3.00000000e+00 
 1.95500000e-03  1.03115628e+00  5.44989960e-06  2.09061906e+00  3.00000000e+00 
 1.95700000e-03  1.03115628e+00  5.44989957e-06  2.09061906e+00  3.00000000e+00 
 1.95900000e-03  1.03115628e+00  5.44989960e-06  2.09061906e+00  3.00000000e+00 
 1.96100000e-03  1.03115628e+00  5.44989957e-06  2.09061906e+00  3.00000000e+00 
 1.96300000e-03  1.03115628e+00  5.44989960e-06  2.09061906e+00  3.00000000e+00 
 1.96500000e-03  1.03115628e+00  5.44989957e-06  2.09061906e+00  3.00000000e+00 
 1.96700000e-03  1.03115628e+00  5.44989960e-06  2.09061906e+00  3.00000000e+00 
 1.96900000e-03  1.03115628e+00  5.44989957e-06  2.09061906e+00  3.00000000e+00 
 1.97100000e-03  1.03115628e+00  5.44989960e-06  2.09061906e+00  3.00000000e+00 
 1.97300000e-03  1.03115628e+00  5.44989957e-06  2.09061906e+00  3.00000000e+00 
 1.97500000e-03  1.03115628e+00  5.44989960e-06  2.09061906e+00  3.00000000e+00 
 1.97700000e-03  1.03115628e+00  5.44989957e-06  2.09061906e+00  3.00000000e+00 
 1.97900000e-03  1.03115628e+00  5.44989960e-06  2.09061906e+00  3.00000000e+00 
 1.98100000e-03  1.03115628e+00  5.44989957e-06  2.09061906e+00  3.00000000e+00 
 1.98300000e-03  1.03115628e+00  5.44989960e-06  2.09061906e+00  3.00000000e+00 
 1.98500000e-03  1.03115628e+00  5.44989957e-06  2.09061906e+00  3.00000000e+00 
 1.98700000e-03  1.03115628e+00  5.44989960e-06  2.09061906e+00  3.00000000e+00 
 1.98900000e-03  1.03115628e+00  5.44989957e-06  2.09061906e+00  3.00000000e+00 
 1.99100000e-03  1.03115628e+00  5.44989960e-06  2.09061906e+00  3.00000000e+00 
 1.99300000e-03  1.03115628e+00  5.44989957e-06  2.09061906e+00  3.00000000e+00 
 1.99500000e-03  1.03115628e+00  5.44989960e-06  2.09061906e+00  3.00000000e+00 
 1.99700000e-03  1.03115628e+00  5.44989957e-06  2.09061906e+00  3.00000000e+00 
 1.99900000e-03  1.03115628e+00  5.44989959e-06  2.09061906e+00  3.00000000e+00 
 2.00100000e-03  1.03115628e+00  5.44989957e-06  2.09061906e+00  3.00000000e+00 
 2.00300000e-03  1.03115628e+00  5.44989959e-06  2.09061906e+00  3.00000000e+00 
 2.00500000e-03  1.03115628e+00  5.44989957e-06  2.09061906e+00  3.00000000e+00 
 2.00700000e-03  1.03115628e+00  5.44989959e-06  2.09061906e+00  3.00000000e+00 
 2.00900000e-03  1.03115628e+00  5.44989957e-06  2.09061906e+00  3.00000000e+00 
 2.01100000e-03  1.03115628e+00  5.44989959e-06  2.09061906e+00  3.00000000e+00 
 2.01300000e-03  1.03115628e+00  5.44989957e-06  2.09061906e+00  3.00000000e+00 
 2.01500000e-03  1.03115628e+00  5.44989959e-06  2.09061906e+00  3.00000000e+00 
 2.01700000e-03  1.03115628e+00  5.44989958e-06  2.09061906e+00  3.00000000e+00 
 2.01900000e-03  1.03115628e+00  5.44989959e-06  2.09061906e+00  3.00000000e+00 
 2.02100000e-03  1.03115628e+00  5.44989958e-06  2.09061906e+00  3.00000000e+00 
 2.02300000e-03  1.03115628e+00  5.44989959e-06  2.09061906e+00  3.00000000e+00 
 2.02500000e-03  1.03115628e+00  5.44989958e-06  2.09061906e+00  3.00000000e+00 
 2.02700000e-03  1.03115628e+00  5.44989959e-06  2.09061906e+00  3.00000000e+00 
 2.02900000e-03  1.03115628e+00  5.44989958e-06  2.09061906e+00  3.00000000e+00 
 2.03100000e-03  1.03115628e+00  5.44989959e-06  2.09061906e+00  3.00000000e+00 
 2.03300000e-03  1.03115628e+00  5.44989958e-06  2.09061906e+00  3.00000000e+00 
 2.03500000e-03  1.03115628e+00  5.44989959e-06  2.09061906e+00  3.00000000e+00 
 2.03700000e-03  1.03115628e+00  5.44989958e-06  2.09061906e+00  3.00000000e+00 
 2.03900000e-03  1.03115628e+00  5.44989959e-06  2.09061906e+00  3.00000000e+00 
 2.04100000e-03  1.03115628e+00  5.44989958e-06  2.09061906e+00  3.00000000e+00 
 2.04300000e-03  1.03115628e+00  5.44989959e-06  2.09061906e+00  3.00000000e+00 
 2.04500000e-03  1.03115628e+00  5.44989958e-06  2.09061906e+00  3.00000000e+00 
 2.04700000e-03  1.03115628e+00  5.44989959e-06  2.09061906e+00  3.00000000e+00 
 2.04900000e-03  1.03115628e+00  5.44989958e-06  2.09061906e+00  3.00000000e+00 
 2.05100000e-03  1.03115628e+00  5.44989959e-06  2.09061906e+00  3.00000000e+00 
 2.05300000e-03  1.03115628e+00  5.44989958e-06  2.09061906e+00  3.00000000e+00 
 2.05500000e-03  1.03115628e+00  5.44989959e-06  2.09061906e+00  3.00000000e+00 
 2.05700000e-03  1.03115628e+00  5.44989958e-06  2.09061906e+00  3.00000000e+00 
 2.05900000e-03  1.03115628e+00  5.44989959e-06  2.09061906e+00  3.00000000e+00 
 2.06100000e-03  1.03115628e+00  5.44989958e-06  2.09061906e+00  3.00000000e+00 
 2.06300000e-03  1.03115628e+00  5.44989959e-06  2.09061906e+00  3.00000000e+00 
 2.06500000e-03  1.03115628e+00  5.44989958e-06  2.09061906e+00  3.00000000e+00 
 2.06700000e-03  1.03115628e+00  5.44989959e-06  2.09061906e+00  3.00000000e+00 
 2.06900000e-03  1.03115628e+00  5.44989958e-06  2.09061906e+00  3.00000000e+00 
 2.07100000e-03  1.03115628e+00  5.44989959e-06  2.09061906e+00  3.00000000e+00 
 2.07300000e-03  1.03115628e+00  5.44989958e-06  2.09061906e+00  3.00000000e+00 
 2.07500000e-03  1.03115628e+00  5.44989959e-06  2.09061906e+00  3.00000000e+00 
 2.07700000e-03  1.03115628e+00  5.44989958e-06  2.09061906e+00  3.00000000e+00 
 2.07900000e-03  1.03115628e+00  5.44989959e-06  2.09061906e+00  3.00000000e+00 
 2.08100000e-03  1.03115628e+00  5.44989958e-06  2.09061906e+00  3.00000000e+00 
 2.08300000e-03  1.03115628e+00  5.44989959e-06  2.09061906e+00  3.00000000e+00 
 2.08500000e-03  1.03115628e+00  5.44989958e-06  2.09061906e+00  3.00000000e+00 
 2.08700000e-03  1.03115628e+00  5.44989959e-06  2.09061906e+00  3.00000000e+00 
 2.08900000e-03  1.03115628e+00  5.44989958e-06  2.09061906e+00  3.00000000e+00 
 2.09100000e-03  1.03115628e+00  5.44989959e-06  2.09061906e+00  3.00000000e+00 
 2.09300000e-03  1.03115628e+00  5.44989958e-06  2.09061906e+00  3.00000000e+00 
 2.09500000e-03  1.03115628e+00  5.44989959e-06  2.09061906e+00  3.00000000e+00 
 2.09700000e-03  1.03115628e+00  5.44989958e-06  2.09061906e+00  3.00000000e+00 
 2.09900000e-03  1.03115628e+00  5.44989959e-06  2.09061906e+00  3.00000000e+00 
 2.10100000e-03  1.03115628e+00  5.44989958e-06  2.09061906e+00  3.00000000e+00 
 2.10300000e-03  1.03115628e+00  5.44989959e-06  2.09061906e+00  3.00000000e+00 
 2.10500000e-03  1.03115628e+00  5.44989958e-06  2.09061906e+00  3.00000000e+00 
 2.10700000e-03  1.03115628e+00  5.44989959e-06  2.09061906e+00  3.00000000e+00 
 2.10900000e-03  1.03115628e+00  5.44989958e-06  2.09061906e+00  3.00000000e+00 
 2.11100000e-03  1.03115628e+00  5.44989959e-06  2.09061906e+00  3.00000000e+00 
 2.11300000e-03  1.03115628e+00  5.44989958e-06  2.09061906e+00  3.00000000e+00 
 2.11500000e-03  1.03115628e+00  5.44989959e-06  2.09061906e+00  3.00000000e+00 
 2.11700000e-03  1.03115628e+00  5.44989958e-06  2.09061906e+00  3.00000000e+00 
 2.11900000e-03  1.03115628e+00  5.44989959e-06  2.09061906e+00  3.00000000e+00 
 2.12100000e-03  1.03115628e+00  5.44989958e-06  2.09061906e+00  3.00000000e+00 
 2.12300000e-03  1.03115628e+00  5.44989959e-06  2.09061906e+00  3.00000000e+00 
 2.12500000e-03  1.03115628e+00  5.44989958e-06  2.09061906e+00  3.00000000e+00 
 2.12700000e-03  1.03115628e+00  5.44989959e-06  2.09061906e+00  3.00000000e+00 
 2.12900000e-03  1.03115628e+00  5.44989958e-06  2.09061906e+00  3.00000000e+00 
 2.13100000e-03  1.03115628e+00  5.44989959e-06  2.09061906e+00  3.00000000e+00 
 2.13300000e-03  1.03115628e+00  5.44989958e-06  2.09061906e+00  3.00000000e+00 
 2.13500000e-03  1.03115628e+00  5.44989959e-06  2.09061906e+00  3.00000000e+00 
 2.13700000e-03  1.03115628e+00  5.44989958e-06  2.09061906e+00  3.00000000e+00 
 2.13900000e-03  1.03115628e+00  5.44989959e-06  2.09061906e+00  3.00000000e+00 
 2.14100000e-03  1.03115628e+00  5.44989958e-06  2.09061906e+00  3.00000000e+00 
 2.14300000e-03  1.03115628e+00  5.44989959e-06  2.09061906e+00  3.00000000e+00 
 2.14500000e-03  1.03115628e+00  5.44989958e-06  2.09061906e+00  3.00000000e+00 
 2.14700000e-03  1.03115628e+00  5.44989959e-06  2.09061906e+00  3.00000000e+00 
 2.14900000e-03  1.03115628e+00  5.44989958e-06  2.09061906e+00  3.00000000e+00 
 2.15100000e-03  1.03115628e+00  5.44989959e-06  2.09061906e+00  3.00000000e+00 
 2.15300000e-03  1.03115628e+00  5.44989958e-06  2.09061906e+00  3.00000000e+00 
 2.15500000e-03  1.03115628e+00  5.44989959e-06  2.09061906e+00  3.00000000e+00 
 2.15700000e-03  1.03115628e+00  5.44989958e-06  2.09061906e+00  3.00000000e+00 
 2.15900000e-03  1.03115628e+00  5.44989959e-06  2.09061906e+00  3.00000000e+00 
 2.16100000e-03  1.03115628e+00  5.44989958e-06  2.09061906e+00  3.00000000e+00 
 2.16300000e-03  1.03115628e+00  5.44989959e-06  2.09061906e+00  3.00000000e+00 
 2.16500000e-03  1.03115628e+00  5.44989958e-06  2.09061906e+00  3.00000000e+00 
 2.16700000e-03  1.03115628e+00  5.44989959e-06  2.09061906e+00  3.00000000e+00 
 2.16900000e-03  1.03115628e+00  5.44989958e-06  2.09061906e+00  3.00000000e+00 
 2.17100000e-03  1.03115628e+00  5.44989959e-06  2.09061906e+00  3.00000000e+00 
 2.17300000e-03  1.03115628e+00  5.44989958e-06  2.09061906e+00  3.00000000e+00 
 2.17500000e-03  1.03115628e+00  5.44989959e-06  2.09061906e+00  3.00000000e+00 
 2.17700000e-03  1.03115628e+00  5.44989958e-06  2.09061906e+00  3.00000000e+00 
 2.17900000e-03  1.03115628e+00  5.44989959e-06  2.09061906e+00  3.00000000e+00 
 2.18100000e-03  1.03115628e+00  5.44989958e-06  2.09061906e+00  3.00000000e+00 
 2.18300000e-03  1.03115628e+00  5.44989959e-06  2.09061906e+00  3.00000000e+00 
 2.18500000e-03  1.03115628e+00  5.44989958e-06  2.09061906e+00  3.00000000e+00 
 2.18700000e-03  1.03115628e+00  5.44989959e-06  2.09061906e+00  3.00000000e+00 
 2.18900000e-03  1.03115628e+00  5.44989958e-06  2.09061906e+00  3.00000000e+00 
 2.19100000e-03  1.03115628e+00  5.44989959e-06  2.09061906e+00  3.00000000e+00 
 2.19300000e-03  1.03115628e+00  5.44989958e-06  2.09061906e+00  3.00000000e+00 
 2.19500000e-03  1.03115628e+00  5.44989959e-06  2.09061906e+00  3.00000000e+00 
 2.19700000e-03  1.03115628e+00  5.44989958e-06  2.09061906e+00  3.00000000e+00 
 2.19900000e-03  1.03115628e+00  5.44989959e-06  2.09061906e+00  3.00000000e+00 
 2.20100000e-03  1.03115628e+00  5.44989958e-06  2.09061906e+00  3.00000000e+00 
 2.20300000e-03  1.03115628e+00  5.44989959e-06  2.09061906e+00  3.00000000e+00 
 2.20500000e-03  1.03115628e+00  5.44989958e-06  2.09061906e+00  3.00000000e+00 
 2.20700000e-03  1.03115628e+00  5.44989959e-06  2.09061906e+00  3.00000000e+00 
 2.20900000e-03  1.03115628e+00  5.44989958e-06  2.09061906e+00  3.00000000e+00 
 2.21100000e-03  1.03115628e+00  5.44989959e-06  2.09061906e+00  3.00000000e+00 
 2.21300000e-03  1.03115628e+00  5.44989958e-06  2.09061906e+00  3.00000000e+00 
 2.21500000e-03  1.03115628e+00  5.44989959e-06  2.09061906e+00  3.00000000e+00 
 2.21700000e-03  1.03115628e+00  5.44989958e-06  2.09061906e+00  3.00000000e+00 
 2.21900000e-03  1.03115628e+00  5.44989959e-06  2.09061906e+00  3.00000000e+00 
 2.22100000e-03  1.03115628e+00  5.44989958e-06  2.09061906e+00  3.00000000e+00 
 2.22300000e-03  1.03115628e+00  5.44989959e-06  2.09061906e+00  3.00000000e+00 
 2.22500000e-03  1.03115628e+00  5.44989958e-06  2.09061906e+00  3.00000000e+00 
 2.22700000e-03  1.03115628e+00  5.44989959e-06  2.09061906e+00  3.00000000e+00 
 2.22900000e-03  1.03115628e+00  5.44989958e-06  2.09061906e+00  3.00000000e+00 
 2.23100000e-03  1.03115628e+00  5.44989958e-06  2.09061906e+00  3.00000000e+00 
 2.23300000e-03  1.03115628e+00  5.44989958e-06  2.09061906e+00  3.00000000e+00 
 2.23500000e-03  1.03115628e+00  5.44989958e-06  2.09061906e+00  3.00000000e+00 
 2.23700000e-03  1.03115628e+00  5.44989958e-06  2.09061906e+00  3.00000000e+00 
 2.23900000e-03  1.03115628e+00  5.44989958e-06  2.09061906e+00  3.00000000e+00 
 2.24100000e-03  1.03115628e+00  5.44989958e-06  2.09061906e+00  3.00000000e+00 
 2.24300000e-03  1.03115628e+00  5.44989958e-06  2.09061906e+00  3.00000000e+00 
 2.24500000e-03  1.03115628e+00  5.44989958e-06  2.09061906e+00  3.00000000e+00 
 2.24700000e-03  1.03115628e+00  5.44989958e-06  2.09061906e+00  3.00000000e+00 
 2.24900000e-03  1.03115628e+00  5.44989958e-06  2.09061906e+00  3.00000000e+00 
 2.25100000e-03  1.03115628e+00  5.44989958e-06  2.09061906e+00  3.00000000e+00 
 2.25300000e-03  1.03115628e+00  5.44989958e-06  2.09061906e+00  3.00000000e+00 
 2.25500000e-03  1.03115628e+00  5.44989958e-06  2.09061906e+00  3.00000000e+00 
 2.25700000e-03  1.03115628e+00  5.44989958e-06  2.09061906e+00  3.00000000e+00 
 2.25900000e-03  1.03115628e+00  5.44989958e-06  2.09061906e+00  3.00000000e+00 
 2.26100000e-03  1.03115628e+00  5.44989958e-06  2.09061906e+00  3.00000000e+00 
 2.26300000e-03  1.03115628e+00  5.44989958e-06  2.09061906e+00  3.00000000e+00 
 2.26500000e-03  1.03115628e+00  5.44989958e-06  2.09061906e+00  3.00000000e+00 
 2.26700000e-03  1.03115628e+00  5.44989958e-06  2.09061906e+00  3.00000000e+00 
 2.26900000e-03  1.03115628e+00  5.44989958e-06  2.09061906e+00  3.00000000e+00 
 2.27100000e-03  1.03115628e+00  5.44989958e-06  2.09061906e+00  3.00000000e+00 
 2.27300000e-03  1.03115628e+00  5.44989958e-06  2.09061906e+00  3.00000000e+00 
 2.27500000e-03  1.03115628e+00  5.44989958e-06  2.09061906e+00  3.00000000e+00 
 2.27700000e-03  1.03115628e+00  5.44989959e-06  2.09061906e+00  3.00000000e+00 
 2.27900000e-03  1.03115628e+00  5.44989958e-06  2.09061906e+00  3.00000000e+00 
 2.28100000e-03  1.03115628e+00  5.44989959e-06  2.09061906e+00  3.00000000e+00 
 2.28300000e-03  1.03115628e+00  5.44989958e-06  2.09061906e+00  3.00000000e+00 
 2.28500000e-03  1.03115628e+00  5.44989959e-06  2.09061906e+00  3.00000000e+00 
 2.28700000e-03  1.03115628e+00  5.44989958e-06  2.09061906e+00  3.00000000e+00 
 2.28900000e-03  1.03115628e+00  5.44989959e-06  2.09061906e+00  3.00000000e+00 
 2.29100000e-03  1.03115628e+00  5.44989958e-06  2.09061906e+00  3.00000000e+00 
 2.29300000e-03  1.03115628e+00  5.44989959e-06  2.09061906e+00  3.00000000e+00 
 2.29500000e-03  1.03115628e+00  5.44989958e-06  2.09061906e+00  3.00000000e+00 
 2.29700000e-03  1.03115628e+00  5.44989959e-06  2.09061906e+00  3.00000000e+00 
 2.29900000e-03  1.03115628e+00  5.44989958e-06  2.09061906e+00  3.00000000e+00 
 2.30100000e-03  1.03115628e+00  5.44989959e-06  2.09061906e+00  3.00000000e+00 
 2.30300000e-03  1.03115628e+00  5.44989958e-06  2.09061906e+00  3.00000000e+00 
 2.30500000e-03  1.03115628e+00  5.44989959e-06  2.09061906e+00  3.00000000e+00 
 2.30700000e-03  1.03115628e+00  5.44989958e-06  2.09061906e+00  3.00000000e+00 
 2.30900000e-03  1.03115628e+00  5.44989959e-06  2.09061906e+00  3.00000000e+00 
 2.31100000e-03  1.03115628e+00  5.44989958e-06  2.09061906e+00  3.00000000e+00 
 2.31300000e-03  1.03115628e+00  5.44989959e-06  2.09061906e+00  3.00000000e+00 
 2.31500000e-03  1.03115628e+00  5.44989958e-06  2.09061906e+00  3.00000000e+00 
 2.31700000e-03  1.03115628e+00  5.44989959e-06  2.09061906e+00  3.00000000e+00 
 2.31900000e-03  1.03115628e+00  5.44989958e-06  2.09061906e+00  3.00000000e+00 
 2.32100000e-03  1.03115628e+00  5.44989959e-06  2.09061906e+00  3.00000000e+00 
 2.32300000e-03  1.03115628e+00  5.44989958e-06  2.09061906e+00  3.00000000e+00 
 2.32500000e-03  1.03115628e+00  5.44989959e-06  2.09061906e+00  3.00000000e+00 
 2.32700000e-03  1.03115628e+00  5.44989958e-06  2.09061906e+00  3.00000000e+00 
 2.32900000e-03  1.03115628e+00  5.44989959e-06  2.09061906e+00  3.00000000e+00 
 2.33100000e-03  1.03115628e+00  5.44989958e-06  2.09061906e+00  3.00000000e+00 
 2.33300000e-03  1.03115628e+00  5.44989959e-06  2.09061906e+00  3.00000000e+00 
 2.33500000e-03  1.03115628e+00  5.44989958e-06  2.09061906e+00  3.00000000e+00 
 2.33700000e-03  1.03115628e+00  5.44989959e-06  2.09061906e+00  3.00000000e+00 
 2.33900000e-03  1.03115628e+00  5.44989958e-06  2.09061906e+00  3.00000000e+00 
 2.34100000e-03  1.03115628e+00  5.44989959e-06  2.09061906e+00  3.00000000e+00 
 2.34300000e-03  1.03115628e+00  5.44989958e-06  2.09061906e+00  3.00000000e+00 
 2.34500000e-03  1.03115628e+00  5.44989959e-06  2.09061906e+00  3.00000000e+00 
 2.34700000e-03  1.03115628e+00  5.44989958e-06  2.09061906e+00  3.00000000e+00 
 2.34900000e-03  1.03115628e+00  5.44989959e-06  2.09061906e+00  3.00000000e+00 
 2.35100000e-03  1.03115628e+00  5.44989958e-06  2.09061906e+00  3.00000000e+00 
 2.35300000e-03  1.03115628e+00  5.44989959e-06  2.09061906e+00  3.00000000e+00 
 2.35500000e-03  1.03115628e+00  5.44989958e-06  2.09061906e+00  3.00000000e+00 
 2.35700000e-03  1.03115628e+00  5.44989959e-06  2.09061906e+00  3.00000000e+00 
 2.35900000e-03  1.03115628e+00  5.44989958e-06  2.09061906e+00  3.00000000e+00 
 2.36100000e-03  1.03115628e+00  5.44989959e-06  2.09061906e+00  3.00000000e+00 
 2.36300000e-03  1.03115628e+00  5.44989958e-06  2.09061906e+00  3.00000000e+00 
 2.36500000e-03  1.03115628e+00  5.44989959e-06  2.09061906e+00  3.00000000e+00 
 2.36700000e-03  1.03115628e+00  5.44989958e-06  2.09061906e+00  3.00000000e+00 
 2.36900000e-03  1.03115628e+00  5.44989959e-06  2.09061906e+00  3.00000000e+00 
 2.37100000e-03  1.03115628e+00  5.44989958e-06  2.09061906e+00  3.00000000e+00 
 2.37300000e-03  1.03115628e+00  5.44989959e-06  2.09061906e+00  3.00000000e+00 
 2.37500000e-03  1.03115628e+00  5.44989958e-06  2.09061906e+00  3.00000000e+00 
 2.37700000e-03  1.03115628e+00  5.44989959e-06  2.09061906e+00  3.00000000e+00 
 2.37900000e-03  1.03115628e+00  5.44989958e-06  2.09061906e+00  3.00000000e+00 
 2.38100000e-03  1.03115628e+00  5.44989959e-06  2.09061906e+00  3.00000000e+00 
 2.38300000e-03  1.03115628e+00  5.44989958e-06  2.09061906e+00  3.00000000e+00 
 2.38500000e-03  1.03115628e+00  5.44989959e-06  2.09061906e+00  3.00000000e+00 
 2.38700000e-03  1.03115628e+00  5.44989958e-06  2.09061906e+00  3.00000000e+00 
 2.38900000e-03  1.03115628e+00  5.44989959e-06  2.09061906e+00  3.00000000e+00 
 2.39100000e-03  1.03115628e+00  5.44989958e-06  2.09061906e+00  3.00000000e+00 
 2.39300000e-03  1.03115628e+00  5.44989959e-06  2.09061906e+00  3.00000000e+00 
 2.39500000e-03  1.03115628e+00  5.44989958e-06  2.09061906e+00  3.00000000e+00 
 2.39700000e-03  1.03115628e+00  5.44989959e-06  2.09061906e+00  3.00000000e+00 
 2.39900000e-03  1.03115628e+00  5.44989958e-06  2.09061906e+00  3.00000000e+00 
 2.40100000e-03  1.03115628e+00  5.44989959e-06  2.09061906e+00  3.00000000e+00 
 2.40300000e-03  1.03115628e+00  5.44989958e-06  2.09061906e+00  3.00000000e+00 
 2.40500000e-03  1.03115628e+00  5.44989959e-06  2.09061906e+00  3.00000000e+00 
 2.40700000e-03  1.03115628e+00  5.44989958e-06  2.09061906e+00  3.00000000e+00 
 2.40900000e-03  1.03115628e+00  5.44989959e-06  2.09061906e+00  3.00000000e+00 
 2.41100000e-03  1.03115628e+00  5.44989958e-06  2.09061906e+00  3.00000000e+00 
 2.41300000e-03  1.03115628e+00  5.44989959e-06  2.09061906e+00  3.00000000e+00 
 2.41500000e-03  1.03115628e+00  5.44989958e-06  2.09061906e+00  3.00000000e+00 
 2.41700000e-03  1.03115628e+00  5.44989959e-06  2.09061906e+00  3.00000000e+00 
 2.41900000e-03  1.03115628e+00  5.44989958e-06  2.09061906e+00  3.00000000e+00 
 2.42100000e-03  1.03115628e+00  5.44989959e-06  2.09061906e+00  3.00000000e+00 
 2.42300000e-03  1.03115628e+00  5.44989958e-06  2.09061906e+00  3.00000000e+00 
 2.42500000e-03  1.03115628e+00  5.44989959e-06  2.09061906e+00  3.00000000e+00 
 2.42700000e-03  1.03115628e+00  5.44989958e-06  2.09061906e+00  3.00000000e+00 
 2.42900000e-03  1.03115628e+00  5.44989959e-06  2.09061906e+00  3.00000000e+00 
 2.43100000e-03  1.03115628e+00  5.44989958e-06  2.09061906e+00  3.00000000e+00 
 2.43300000e-03  1.03115628e+00  5.44989959e-06  2.09061906e+00  3.00000000e+00 
 2.43500000e-03  1.03115628e+00  5.44989958e-06  2.09061906e+00  3.00000000e+00 
 2.43700000e-03  1.03115628e+00  5.44989959e-06  2.09061906e+00  3.00000000e+00 
 2.43900000e-03  1.03115628e+00  5.44989958e-06  2.09061906e+00  3.00000000e+00 
 2.44100000e-03  1.03115628e+00  5.44989959e-06  2.09061906e+00  3.00000000e+00 
 2.44300000e-03  1.03115628e+00  5.44989958e-06  2.09061906e+00  3.00000000e+00 
 2.44500000e-03  1.03115628e+00  5.44989959e-06  2.09061906e+00  3.00000000e+00 
 2.44700000e-03  1.03115628e+00  5.44989958e-06  2.09061906e+00  3.00000000e+00 
 2.44900000e-03  1.03115628e+00  5.44989959e-06  2.09061906e+00  3.00000000e+00 
 2.45100000e-03  1.03115628e+00  5.44989958e-06  2.09061906e+00  3.00000000e+00 
 2.45300000e-03  1.03115628e+00  5.44989959e-06  2.09061906e+00  3.00000000e+00 
 2.45500000e-03  1.03115628e+00  5.44989958e-06  2.09061906e+00  3.00000000e+00 
 2.45700000e-03  1.03115628e+00  5.44989959e-06  2.09061906e+00  3.00000000e+00 
 2.45900000e-03  1.03115628e+00  5.44989958e-06  2.09061906e+00  3.00000000e+00 
 2.46100000e-03  1.03115628e+00  5.44989959e-06  2.09061906e+00  3.00000000e+00 
 2.46300000e-03  1.03115628e+00  5.44989958e-06  2.09061906e+00  3.00000000e+00 
 2.46500000e-03  1.03115628e+00  5.44989959e-06  2.09061906e+00  3.00000000e+00 
 2.46700000e-03  1.03115628e+00  5.44989958e-06  2.09061906e+00  3.00000000e+00 
 2.46900000e-03  1.03115628e+00  5.44989959e-06  2.09061906e+00  3.00000000e+00 
 2.47100000e-03  1.03115628e+00  5.44989958e-06  2.09061906e+00  3.00000000e+00 
 2.47300000e-03  1.03115628e+00  5.44989959e-06  2.09061906e+00  3.00000000e+00 
 2.47500000e-03  1.03115628e+00  5.44989958e-06  2.09061906e+00  3.00000000e+00 
 2.47700000e-03  1.03115628e+00  5.44989959e-06  2.09061906e+00  3.00000000e+00 
 2.47900000e-03  1.03115628e+00  5.44989958e-06  2.09061906e+00  3.00000000e+00 
 2.48100000e-03  1.03115628e+00  5.44989959e-06  2.09061906e+00  3.00000000e+00 
 2.48300000e-03  1.03115628e+00  5.44989958e-06  2.09061906e+00  3.00000000e+00 
 2.48500000e-03  1.03115628e+00  5.44989959e-06  2.09061906e+00  3.00000000e+00 
 2.48700000e-03  1.03115628e+00  5.44989958e-06  2.09061906e+00  3.00000000e+00 
 2.48900000e-03  1.03115628e+00  5.44989959e-06  2.09061906e+00  3.00000000e+00 
 2.49100000e-03  1.03115628e+00  5.44989958e-06  2.09061906e+00  3.00000000e+00 
 2.49300000e-03  1.03115628e+00  5.44989959e-06  2.09061906e+00  3.00000000e+00 
 2.49500000e-03  1.03115628e+00  5.44989958e-06  2.09061906e+00  3.00000000e+00 
 2.49700000e-03  1.03115628e+00  5.44989959e-06  2.09061906e+00  3.00000000e+00 
 2.49900000e-03  1.03115628e+00  5.44989958e-06  2.09061906e+00  3.00000000e+00 
 2.50100000e-03  1.03115628e+00  5.44989959e-06  2.09061906e+00  3.00000000e+00 
 2.50300000e-03  1.03115628e+00  5.44989958e-06  2.09061906e+00  3.00000000e+00 
 2.50500000e-03  1.03115628e+00  5.44989959e-06  2.09061906e+00  3.00000000e+00 
 2.50700000e-03  1.03115628e+00  5.44989958e-06  2.09061906e+00  3.00000000e+00 
 2.50900000e-03  1.03115628e+00  5.44989959e-06  2.09061906e+00  3.00000000e+00 
 2.51100000e-03  1.03115628e+00  5.44989958e-06  2.09061906e+00  3.00000000e+00 
 2.51300000e-03  1.03115628e+00  5.44989959e-06  2.09061906e+00  3.00000000e+00 
 2.51500000e-03  1.03115628e+00  5.44989958e-06  2.09061906e+00  3.00000000e+00 
 2.51700000e-03  1.03115628e+00  5.44989959e-06  2.09061906e+00  3.00000000e+00 
 2.51900000e-03  1.03115628e+00  5.44989958e-06  2.09061906e+00  3.00000000e+00 
 2.52100000e-03  1.03115628e+00  5.44989959e-06  2.09061906e+00  3.00000000e+00 
 2.52300000e-03  1.03115628e+00  5.44989958e-06  2.09061906e+00  3.00000000e+00 
 2.52500000e-03  1.03115628e+00  5.44989959e-06  2.09061906e+00  3.00000000e+00 
 2.52700000e-03  1.03115628e+00  5.44989958e-06  2.09061906e+00  3.00000000e+00 
 2.52900000e-03  1.03115628e+00  5.44989959e-06  2.09061906e+00  3.00000000e+00 
 2.53100000e-03  1.03115628e+00  5.44989958e-06  2.09061906e+00  3.00000000e+00 
 2.53300000e-03  1.03115628e+00  5.44989959e-06  2.09061906e+00  3.00000000e+00 
 2.53500000e-03  1.03115628e+00  5.44989958e-06  2.09061906e+00  3.00000000e+00 
 2.53700000e-03  1.03115628e+00  5.44989959e-06  2.09061906e+00  3.00000000e+00 
 2.53900000e-03  1.03115628e+00  5.44989958e-06  2.09061906e+00  3.00000000e+00 
 2.54100000e-03  1.03115628e+00  5.44989959e-06  2.09061906e+00  3.00000000e+00 
 2.54300000e-03  1.03115628e+00  5.44989958e-06  2.09061906e+00  3.00000000e+00 
 2.54500000e-03  1.03115628e+00  5.44989959e-06  2.09061906e+00  3.00000000e+00 
 2.54700000e-03  1.03115628e+00  5.44989958e-06  2.09061906e+00  3.00000000e+00 
 2.54900000e-03  1.03115628e+00  5.44989959e-06  2.09061906e+00  3.00000000e+00 
 2.55100000e-03  1.03115628e+00  5.44989958e-06  2.09061906e+00  3.00000000e+00 
 2.55300000e-03  1.03115628e+00  5.44989959e-06  2.09061906e+00  3.00000000e+00 
 2.55500000e-03  1.03115628e+00  5.44989958e-06  2.09061906e+00  3.00000000e+00 
 2.55700000e-03  1.03115628e+00  5.44989959e-06  2.09061906e+00  3.00000000e+00 
 2.55900000e-03  1.03115628e+00  5.44989958e-06  2.09061906e+00  3.00000000e+00 
 2.56100000e-03  1.03115628e+00  5.44989959e-06  2.09061906e+00  3.00000000e+00 
 2.56300000e-03  1.03115628e+00  5.44989958e-06  2.09061906e+00  3.00000000e+00 
 2.56500000e-03  1.03115628e+00  5.44989959e-06  2.09061906e+00  3.00000000e+00 
 2.56700000e-03  1.03115628e+00  5.44989958e-06  2.09061906e+00  3.00000000e+00 
 2.56900000e-03  1.03115628e+00  5.44989959e-06  2.09061906e+00  3.00000000e+00 
 2.57100000e-03  1.03115628e+00  5.44989958e-06  2.09061906e+00  3.00000000e+00 
 2.57300000e-03  1.03115628e+00  5.44989959e-06  2.09061906e+00  3.00000000e+00 
 2.57500000e-03  1.03115628e+00  5.44989958e-06  2.09061906e+00  3.00000000e+00 
 2.57700000e-03  1.03115628e+00  5.44989959e-06  2.09061906e+00  3.00000000e+00 
 2.57900000e-03  1.03115628e+00  5.44989958e-06  2.09061906e+00  3.00000000e+00 
 2.58100000e-03  1.03115628e+00  5.44989959e-06  2.09061906e+00  3.00000000e+00 
 2.58300000e-03  1.03115628e+00  5.44989958e-06  2.09061906e+00  3.00000000e+00 
 2.58500000e-03  1.03115628e+00  5.44989959e-06  2.09061906e+00  3.00000000e+00 
 2.58700000e-03  1.03115628e+00  5.44989958e-06  2.09061906e+00  3.00000000e+00 
 2.58900000e-03  1.03115628e+00  5.44989959e-06  2.09061906e+00  3.00000000e+00 
 2.59100000e-03  1.03115628e+00  5.44989958e-06  2.09061906e+00  3.00000000e+00 
 2.59300000e-03  1.03115628e+00  5.44989959e-06  2.09061906e+00  3.00000000e+00 
 2.59500000e-03  1.03115628e+00  5.44989958e-06  2.09061906e+00  3.00000000e+00 
 2.59700000e-03  1.03115628e+00  5.44989959e-06  2.09061906e+00  3.00000000e+00 
 2.59900000e-03  1.03115628e+00  5.44989958e-06  2.09061906e+00  3.00000000e+00 
 2.60100000e-03  1.03115628e+00  5.44989959e-06  2.09061906e+00  3.00000000e+00 
 2.60300000e-03  1.03115628e+00  5.44989958e-06  2.09061906e+00  3.00000000e+00 
 2.60500000e-03  1.03115628e+00  5.44989959e-06  2.09061906e+00  3.00000000e+00 
 2.60700000e-03  1.03115628e+00  5.44989958e-06  2.09061906e+00  3.00000000e+00 
 2.60900000e-03  1.03115628e+00  5.44989959e-06  2.09061906e+00  3.00000000e+00 
 2.61100000e-03  1.03115628e+00  5.44989958e-06  2.09061906e+00  3.00000000e+00 
 2.61300000e-03  1.03115628e+00  5.44989959e-06  2.09061906e+00  3.00000000e+00 
 2.61500000e-03  1.03115628e+00  5.44989958e-06  2.09061906e+00  3.00000000e+00 
 2.61700000e-03  1.03115628e+00  5.44989959e-06  2.09061906e+00  3.00000000e+00 
 2.61900000e-03  1.03115628e+00  5.44989958e-06  2.09061906e+00  3.00000000e+00 
 2.62100000e-03  1.03115628e+00  5.44989959e-06  2.09061906e+00  3.00000000e+00 
 2.62300000e-03  1.03115628e+00  5.44989958e-06  2.09061906e+00  3.00000000e+00 
 2.62500000e-03  1.03115628e+00  5.44989959e-06  2.09061906e+00  3.00000000e+00 
 2.62700000e-03  1.03115628e+00  5.44989958e-06  2.09061906e+00  3.00000000e+00 
 2.62900000e-03  1.03115628e+00  5.44989959e-06  2.09061906e+00  3.00000000e+00 
 2.63100000e-03  1.03115628e+00  5.44989958e-06  2.09061906e+00  3.00000000e+00 
 2.63300000e-03  1.03115628e+00  5.44989959e-06  2.09061906e+00  3.00000000e+00 
 2.63500000e-03  1.03115628e+00  5.44989958e-06  2.09061906e+00  3.00000000e+00 
 2.63700000e-03  1.03115628e+00  5.44989959e-06  2.09061906e+00  3.00000000e+00 
 2.63900000e-03  1.03115628e+00  5.44989958e-06  2.09061906e+00  3.00000000e+00 
 2.64100000e-03  1.03115628e+00  5.44989959e-06  2.09061906e+00  3.00000000e+00 
 2.64300000e-03  1.03115628e+00  5.44989958e-06  2.09061906e+00  3.00000000e+00 
 2.64500000e-03  1.03115628e+00  5.44989959e-06  2.09061906e+00  3.00000000e+00 
 2.64700000e-03  1.03115628e+00  5.44989958e-06  2.09061906e+00  3.00000000e+00 
 2.64900000e-03  1.03115628e+00  5.44989959e-06  2.09061906e+00  3.00000000e+00 
 2.65100000e-03  1.03115628e+00  5.44989958e-06  2.09061906e+00  3.00000000e+00 
 2.65300000e-03  1.03115628e+00  5.44989959e-06  2.09061906e+00  3.00000000e+00 
 2.65500000e-03  1.03115628e+00  5.44989958e-06  2.09061906e+00  3.00000000e+00 
 2.65700000e-03  1.03115628e+00  5.44989959e-06  2.09061906e+00  3.00000000e+00 
 2.65900000e-03  1.03115628e+00  5.44989958e-06  2.09061906e+00  3.00000000e+00 
 2.66100000e-03  1.03115628e+00  5.44989959e-06  2.09061906e+00  3.00000000e+00 
 2.66300000e-03  1.03115628e+00  5.44989958e-06  2.09061906e+00  3.00000000e+00 
 2.66500000e-03  1.03115628e+00  5.44989959e-06  2.09061906e+00  3.00000000e+00 
 2.66700000e-03  1.03115628e+00  5.44989958e-06  2.09061906e+00  3.00000000e+00 
 2.66900000e-03  1.03115628e+00  5.44989959e-06  2.09061906e+00  3.00000000e+00 
 2.67100000e-03  1.03115628e+00  5.44989958e-06  2.09061906e+00  3.00000000e+00 
 2.67300000e-03  1.03115628e+00  5.44989959e-06  2.09061906e+00  3.00000000e+00 
 2.67500000e-03  1.03115628e+00  5.44989958e-06  2.09061906e+00  3.00000000e+00 
 2.67700000e-03  1.03115628e+00  5.44989959e-06  2.09061906e+00  3.00000000e+00 
 2.67900000e-03  1.03115628e+00  5.44989958e-06  2.09061906e+00  3.00000000e+00 
 2.68100000e-03  1.03115628e+00  5.44989959e-06  2.09061906e+00  3.00000000e+00 
 2.68300000e-03  1.03115628e+00  5.44989958e-06  2.09061906e+00  3.00000000e+00 
 2.68500000e-03  1.03115628e+00  5.44989959e-06  2.09061906e+00  3.00000000e+00 
 2.68700000e-03  1.03115628e+00  5.44989958e-06  2.09061906e+00  3.00000000e+00 
 2.68900000e-03  1.03115628e+00  5.44989959e-06  2.09061906e+00  3.00000000e+00 
 2.69100000e-03  1.03115628e+00  5.44989958e-06  2.09061906e+00  3.00000000e+00 
 2.69300000e-03  1.03115628e+00  5.44989959e-06  2.09061906e+00  3.00000000e+00 
 2.69500000e-03  1.03115628e+00  5.44989958e-06  2.09061906e+00  3.00000000e+00 
 2.69700000e-03  1.03115628e+00  5.44989959e-06  2.09061906e+00  3.00000000e+00 
 2.69900000e-03  1.03115628e+00  5.44989958e-06  2.09061906e+00  3.00000000e+00 
 2.70100000e-03  1.03115628e+00  5.44989959e-06  2.09061906e+00  3.00000000e+00 
 2.70300000e-03  1.03115628e+00  5.44989958e-06  2.09061906e+00  3.00000000e+00 
 2.70500000e-03  1.03115628e+00  5.44989959e-06  2.09061906e+00  3.00000000e+00 
 2.70700000e-03  1.03115628e+00  5.44989958e-06  2.09061906e+00  3.00000000e+00 
 2.70900000e-03  1.03115628e+00  5.44989959e-06  2.09061906e+00  3.00000000e+00 
 2.71100000e-03  1.03115628e+00  5.44989958e-06  2.09061906e+00  3.00000000e+00 
 2.71300000e-03  1.03115628e+00  5.44989959e-06  2.09061906e+00  3.00000000e+00 
 2.71500000e-03  1.03115628e+00  5.44989958e-06  2.09061906e+00  3.00000000e+00 
 2.71700000e-03  1.03115628e+00  5.44989959e-06  2.09061906e+00  3.00000000e+00 
 2.71900000e-03  1.03115628e+00  5.44989958e-06  2.09061906e+00  3.00000000e+00 
 2.72100000e-03  1.03115628e+00  5.44989959e-06  2.09061906e+00  3.00000000e+00 
 2.72300000e-03  1.03115628e+00  5.44989958e-06  2.09061906e+00  3.00000000e+00 
 2.72500000e-03  1.03115628e+00  5.44989959e-06  2.09061906e+00  3.00000000e+00 
 2.72700000e-03  1.03115628e+00  5.44989958e-06  2.09061906e+00  3.00000000e+00 
 2.72900000e-03  1.03115628e+00  5.44989959e-06  2.09061906e+00  3.00000000e+00 
 2.73100000e-03  1.03115628e+00  5.44989958e-06  2.09061906e+00  3.00000000e+00 
 2.73300000e-03  1.03115628e+00  5.44989959e-06  2.09061906e+00  3.00000000e+00 
 2.73500000e-03  1.03115628e+00  5.44989958e-06  2.09061906e+00  3.00000000e+00 
 2.73700000e-03  1.03115628e+00  5.44989959e-06  2.09061906e+00  3.00000000e+00 
 2.73900000e-03  1.03115628e+00  5.44989958e-06  2.09061906e+00  3.00000000e+00 
 2.74100000e-03  1.03115628e+00  5.44989959e-06  2.09061906e+00  3.00000000e+00 
 2.74300000e-03  1.03115628e+00  5.44989958e-06  2.09061906e+00  3.00000000e+00 
 2.74500000e-03  1.03115628e+00  5.44989959e-06  2.09061906e+00  3.00000000e+00 
 2.74700000e-03  1.03115628e+00  5.44989958e-06  2.09061906e+00  3.00000000e+00 
 2.74900000e-03  1.03115628e+00  5.44989959e-06  2.09061906e+00  3.00000000e+00 
 2.75100000e-03  1.03115628e+00  5.44989958e-06  2.09061906e+00  3.00000000e+00 
 2.75300000e-03  1.03115628e+00  5.44989959e-06  2.09061906e+00  3.00000000e+00 
 2.75500000e-03  1.03115628e+00  5.44989958e-06  2.09061906e+00  3.00000000e+00 
 2.75700000e-03  1.03115628e+00  5.44989959e-06  2.09061906e+00  3.00000000e+00 
 2.75900000e-03  1.03115628e+00  5.44989958e-06  2.09061906e+00  3.00000000e+00 
 2.76100000e-03  1.03115628e+00  5.44989959e-06  2.09061906e+00  3.00000000e+00 
 2.76300000e-03  1.03115628e+00  5.44989958e-06  2.09061906e+00  3.00000000e+00 
 2.76500000e-03  1.03115628e+00  5.44989959e-06  2.09061906e+00  3.00000000e+00 
 2.76700000e-03  1.03115628e+00  5.44989958e-06  2.09061906e+00  3.00000000e+00 
 2.76900000e-03  1.03115628e+00  5.44989959e-06  2.09061906e+00  3.00000000e+00 
 2.77100000e-03  1.03115628e+00  5.44989958e-06  2.09061906e+00  3.00000000e+00 
 2.77300000e-03  1.03115628e+00  5.44989959e-06  2.09061906e+00  3.00000000e+00 
 2.77500000e-03  1.03115628e+00  5.44989958e-06  2.09061906e+00  3.00000000e+00 
 2.77700000e-03  1.03115628e+00  5.44989959e-06  2.09061906e+00  3.00000000e+00 
 2.77900000e-03  1.03115628e+00  5.44989958e-06  2.09061906e+00  3.00000000e+00 
 2.78100000e-03  1.03115628e+00  5.44989959e-06  2.09061906e+00  3.00000000e+00 
 2.78300000e-03  1.03115628e+00  5.44989958e-06  2.09061906e+00  3.00000000e+00 
 2.78500000e-03  1.03115628e+00  5.44989959e-06  2.09061906e+00  3.00000000e+00 
 2.78700000e-03  1.03115628e+00  5.44989958e-06  2.09061906e+00  3.00000000e+00 
 2.78900000e-03  1.03115628e+00  5.44989959e-06  2.09061906e+00  3.00000000e+00 
 2.79100000e-03  1.03115628e+00  5.44989958e-06  2.09061906e+00  3.00000000e+00 
 2.79300000e-03  1.03115628e+00  5.44989959e-06  2.09061906e+00  3.00000000e+00 
 2.79500000e-03  1.03115628e+00  5.44989958e-06  2.09061906e+00  3.00000000e+00 
 2.79700000e-03  1.03115628e+00  5.44989959e-06  2.09061906e+00  3.00000000e+00 
 2.79900000e-03  1.03115628e+00  5.44989958e-06  2.09061906e+00  3.00000000e+00 
 2.80100000e-03  1.03115628e+00  5.44989959e-06  2.09061906e+00  3.00000000e+00 
 2.80300000e-03  1.03115628e+00  5.44989958e-06  2.09061906e+00  3.00000000e+00 
 2.80500000e-03  1.03115628e+00  5.44989959e-06  2.09061906e+00  3.00000000e+00 
 2.80700000e-03  1.03115628e+00  5.44989958e-06  2.09061906e+00  3.00000000e+00 
 2.80900000e-03  1.03115628e+00  5.44989959e-06  2.09061906e+00  3.00000000e+00 
 2.81100000e-03  1.03115628e+00  5.44989958e-06  2.09061906e+00  3.00000000e+00 
 2.81300000e-03  1.03115628e+00  5.44989959e-06  2.09061906e+00  3.00000000e+00 
 2.81500000e-03  1.03115628e+00  5.44989958e-06  2.09061906e+00  3.00000000e+00 
 2.81700000e-03  1.03115628e+00  5.44989959e-06  2.09061906e+00  3.00000000e+00 
 2.81900000e-03  1.03115628e+00  5.44989958e-06  2.09061906e+00  3.00000000e+00 
 2.82100000e-03  1.03115628e+00  5.44989959e-06  2.09061906e+00  3.00000000e+00 
 2.82300000e-03  1.03115628e+00  5.44989958e-06  2.09061906e+00  3.00000000e+00 
 2.82500000e-03  1.03115628e+00  5.44989959e-06  2.09061906e+00  3.00000000e+00 
 2.82700000e-03  1.03115628e+00  5.44989958e-06  2.09061906e+00  3.00000000e+00 
 2.82900000e-03  1.03115628e+00  5.44989959e-06  2.09061906e+00  3.00000000e+00 
 2.83100000e-03  1.03115628e+00  5.44989958e-06  2.09061906e+00  3.00000000e+00 
 2.83300000e-03  1.03115628e+00  5.44989959e-06  2.09061906e+00  3.00000000e+00 
 2.83500000e-03  1.03115628e+00  5.44989958e-06  2.09061906e+00  3.00000000e+00 
 2.83700000e-03  1.03115628e+00  5.44989959e-06  2.09061906e+00  3.00000000e+00 
 2.83900000e-03  1.03115628e+00  5.44989958e-06  2.09061906e+00  3.00000000e+00 
 2.84100000e-03  1.03115628e+00  5.44989959e-06  2.09061906e+00  3.00000000e+00 
 2.84300000e-03  1.03115628e+00  5.44989958e-06  2.09061906e+00  3.00000000e+00 
 2.84500000e-03  1.03115628e+00  5.44989959e-06  2.09061906e+00  3.00000000e+00 
 2.84700000e-03  1.03115628e+00  5.44989958e-06  2.09061906e+00  3.00000000e+00 
 2.84900000e-03  1.03115628e+00  5.44989959e-06  2.09061906e+00  3.00000000e+00 
 2.85100000e-03  1.03115628e+00  5.44989958e-06  2.09061906e+00  3.00000000e+00 
 2.85300000e-03  1.03115628e+00  5.44989959e-06  2.09061906e+00  3.00000000e+00 
 2.85500000e-03  1.03115628e+00  5.44989958e-06  2.09061906e+00  3.00000000e+00 
 2.85700000e-03  1.03115628e+00  5.44989959e-06  2.09061906e+00  3.00000000e+00 
 2.85900000e-03  1.03115628e+00  5.44989958e-06  2.09061906e+00  3.00000000e+00 
 2.86100000e-03  1.03115628e+00  5.44989959e-06  2.09061906e+00  3.00000000e+00 
 2.86300000e-03  1.03115628e+00  5.44989958e-06  2.09061906e+00  3.00000000e+00 
 2.86500000e-03  1.03115628e+00  5.44989959e-06  2.09061906e+00  3.00000000e+00 
 2.86700000e-03  1.03115628e+00  5.44989958e-06  2.09061906e+00  3.00000000e+00 
 2.86900000e-03  1.03115628e+00  5.44989959e-06  2.09061906e+00  3.00000000e+00 
 2.87100000e-03  1.03115628e+00  5.44989958e-06  2.09061906e+00  3.00000000e+00 
 2.87300000e-03  1.03115628e+00  5.44989959e-06  2.09061906e+00  3.00000000e+00 
 2.87500000e-03  1.03115628e+00  5.44989958e-06  2.09061906e+00  3.00000000e+00 
 2.87700000e-03  1.03115628e+00  5.44989959e-06  2.09061906e+00  3.00000000e+00 
 2.87900000e-03  1.03115628e+00  5.44989958e-06  2.09061906e+00  3.00000000e+00 
 2.88100000e-03  1.03115628e+00  5.44989959e-06  2.09061906e+00  3.00000000e+00 
 2.88300000e-03  1.03115628e+00  5.44989958e-06  2.09061906e+00  3.00000000e+00 
 2.88500000e-03  1.03115628e+00  5.44989959e-06  2.09061906e+00  3.00000000e+00 
 2.88700000e-03  1.03115628e+00  5.44989958e-06  2.09061906e+00  3.00000000e+00 
 2.88900000e-03  1.03115628e+00  5.44989959e-06  2.09061906e+00  3.00000000e+00 
 2.89100000e-03  1.03115628e+00  5.44989958e-06  2.09061906e+00  3.00000000e+00 
 2.89300000e-03  1.03115628e+00  5.44989959e-06  2.09061906e+00  3.00000000e+00 
 2.89500000e-03  1.03115628e+00  5.44989958e-06  2.09061906e+00  3.00000000e+00 
 2.89700000e-03  1.03115628e+00  5.44989959e-06  2.09061906e+00  3.00000000e+00 
 2.89900000e-03  1.03115628e+00  5.44989958e-06  2.09061906e+00  3.00000000e+00 
 2.90100000e-03  1.03115628e+00  5.44989959e-06  2.09061906e+00  3.00000000e+00 
 2.90300000e-03  1.03115628e+00  5.44989958e-06  2.09061906e+00  3.00000000e+00 
 2.90500000e-03  1.03115628e+00  5.44989959e-06  2.09061906e+00  3.00000000e+00 
 2.90700000e-03  1.03115628e+00  5.44989958e-06  2.09061906e+00  3.00000000e+00 
 2.90900000e-03  1.03115628e+00  5.44989959e-06  2.09061906e+00  3.00000000e+00 
 2.91100000e-03  1.03115628e+00  5.44989958e-06  2.09061906e+00  3.00000000e+00 
 2.91300000e-03  1.03115628e+00  5.44989959e-06  2.09061906e+00  3.00000000e+00 
 2.91500000e-03  1.03115628e+00  5.44989958e-06  2.09061906e+00  3.00000000e+00 
 2.91700000e-03  1.03115628e+00  5.44989959e-06  2.09061906e+00  3.00000000e+00 
 2.91900000e-03  1.03115628e+00  5.44989958e-06  2.09061906e+00  3.00000000e+00 
 2.92100000e-03  1.03115628e+00  5.44989959e-06  2.09061906e+00  3.00000000e+00 
 2.92300000e-03  1.03115628e+00  5.44989958e-06  2.09061906e+00  3.00000000e+00 
 2.92500000e-03  1.03115628e+00  5.44989959e-06  2.09061906e+00  3.00000000e+00 
 2.92700000e-03  1.03115628e+00  5.44989958e-06  2.09061906e+00  3.00000000e+00 
 2.92900000e-03  1.03115628e+00  5.44989959e-06  2.09061906e+00  3.00000000e+00 
 2.93100000e-03  1.03115628e+00  5.44989958e-06  2.09061906e+00  3.00000000e+00 
 2.93300000e-03  1.03115628e+00  5.44989959e-06  2.09061906e+00  3.00000000e+00 
 2.93500000e-03  1.03115628e+00  5.44989958e-06  2.09061906e+00  3.00000000e+00 
 2.93700000e-03  1.03115628e+00  5.44989959e-06  2.09061906e+00  3.00000000e+00 
 2.93900000e-03  1.03115628e+00  5.44989958e-06  2.09061906e+00  3.00000000e+00 
 2.94100000e-03  1.03115628e+00  5.44989959e-06  2.09061906e+00  3.00000000e+00 
 2.94300000e-03  1.03115628e+00  5.44989958e-06  2.09061906e+00  3.00000000e+00 
 2.94500000e-03  1.03115628e+00  5.44989959e-06  2.09061906e+00  3.00000000e+00 
 2.94700000e-03  1.03115628e+00  5.44989958e-06  2.09061906e+00  3.00000000e+00 
 2.94900000e-03  1.03115628e+00  5.44989959e-06  2.09061906e+00  3.00000000e+00 
 2.95100000e-03  1.03115628e+00  5.44989958e-06  2.09061906e+00  3.00000000e+00 
 2.95300000e-03  1.03115628e+00  5.44989959e-06  2.09061906e+00  3.00000000e+00 
 2.95500000e-03  1.03115628e+00  5.44989958e-06  2.09061906e+00  3.00000000e+00 
 2.95700000e-03  1.03115628e+00  5.44989959e-06  2.09061906e+00  3.00000000e+00 
 2.95900000e-03  1.03115628e+00  5.44989958e-06  2.09061906e+00  3.00000000e+00 
 2.96100000e-03  1.03115628e+00  5.44989959e-06  2.09061906e+00  3.00000000e+00 
 2.96300000e-03  1.03115628e+00  5.44989958e-06  2.09061906e+00  3.00000000e+00 
 2.96500000e-03  1.03115628e+00  5.44989959e-06  2.09061906e+00  3.00000000e+00 
 2.96700000e-03  1.03115628e+00  5.44989958e-06  2.09061906e+00  3.00000000e+00 
 2.96900000e-03  1.03115628e+00  5.44989959e-06  2.09061906e+00  3.00000000e+00 
 2.97100000e-03  1.03115628e+00  5.44989958e-06  2.09061906e+00  3.00000000e+00 
 2.97300000e-03  1.03115628e+00  5.44989959e-06  2.09061906e+00  3.00000000e+00 
 2.97500000e-03  1.03115628e+00  5.44989958e-06  2.09061906e+00  3.00000000e+00 
 2.97700000e-03  1.03115628e+00  5.44989959e-06  2.09061906e+00  3.00000000e+00 
 2.97900000e-03  1.03115628e+00  5.44989958e-06  2.09061906e+00  3.00000000e+00 
 2.98100000e-03  1.03115628e+00  5.44989959e-06  2.09061906e+00  3.00000000e+00 
 2.98300000e-03  1.03115628e+00  5.44989958e-06  2.09061906e+00  3.00000000e+00 
 2.98500000e-03  1.03115628e+00  5.44989959e-06  2.09061906e+00  3.00000000e+00 
 2.98700000e-03  1.03115628e+00  5.44989958e-06  2.09061906e+00  3.00000000e+00 
 2.98900000e-03  1.03115628e+00  5.44989959e-06  2.09061906e+00  3.00000000e+00 
 2.99100000e-03  1.03115628e+00  5.44989958e-06  2.09061906e+00  3.00000000e+00 
 2.99300000e-03  1.03115628e+00  5.44989959e-06  2.09061906e+00  3.00000000e+00 
 2.99500000e-03  1.03115628e+00  5.44989958e-06  2.09061906e+00  3.00000000e+00 
 2.99700000e-03  1.03115628e+00  5.44989959e-06  2.09061906e+00  3.00000000e+00 
 2.99850000e-03  1.03115628e+00  5.44989958e-06  2.09061906e+00  3.00000000e+00 
 3.00000000e-03  1.03115628e+00  5.44989959e-06  2.09061906e+00  3.00000000e+00 
