 time            v(vref)         iptat           v(pbias)        v(vdd)         
 1.00000000e-06  6.80286233e-04 -4.47917101e-06  1.40516662e-01  3.00000000e-05 
 1.00029425e-06  6.80054559e-04 -4.45739527e-06  1.40556352e-01  3.00088276e-05 
 1.00088276e-06  6.79581785e-04 -4.45818946e-06  1.40632652e-01  3.00264828e-05 
 1.00205978e-06  6.78661892e-04 -4.46149806e-06  1.40771774e-01  3.00617933e-05 
 1.00441381e-06  6.76937833e-04 -4.46583918e-06  1.41010465e-01  3.01324142e-05 
 1.00912186e-06  6.73961814e-04 -4.47467723e-06  1.41388023e-01  3.02736559e-05 
 1.01480505e-06  6.71138953e-04 -4.48180741e-06  1.41730453e-01  3.04441515e-05 
 1.02370298e-06  6.68006133e-04 -4.49095884e-06  1.42108910e-01  3.07110893e-05 
 1.03751429e-06  6.65157412e-04 -4.49819394e-06  1.42452841e-01  3.11254286e-05 
 1.06245031e-06  6.63034862e-04 -4.50460292e-06  1.42709007e-01  3.18735094e-05 
 1.08729189e-06  6.62519565e-04 -4.50543745e-06  1.42771585e-01  3.26187568e-05 
 1.12580790e-06  6.62358677e-04 -4.50644639e-06  1.42791763e-01  3.37742370e-05 
 1.17444029e-06  6.62356908e-04 -4.50585965e-06  1.42793198e-01  3.52332086e-05 
 1.27170506e-06  6.62365624e-04 -4.50638048e-06  1.42794730e-01  3.81511517e-05 
 1.46623459e-06  6.62383689e-04 -4.50568865e-06  1.42798211e-01  4.39870378e-05 
 1.84743201e-06  6.62420083e-04 -4.50603392e-06  1.42805093e-01  5.54229602e-05 
 2.37038468e-06  6.62470238e-04 -4.50514013e-06  1.42814603e-01  7.11115404e-05 
 3.41629002e-06  6.62570210e-04 -4.50508220e-06  1.42833551e-01  1.02488701e-04 
 5.50810070e-06  6.62770535e-04 -4.50323683e-06  1.42871511e-01  1.65243021e-04 
 9.69172207e-06  6.63170796e-04 -4.50127639e-06  1.42947372e-01  2.90751662e-04 
 1.80589648e-05  6.63971763e-04 -4.49562830e-06  1.43099152e-01  5.41768944e-04 
 3.47934503e-05  6.65573438e-04 -4.48607173e-06  1.43402662e-01  1.04380351e-03 
 6.82624212e-05  6.68777805e-04 -4.46526841e-06  1.44009762e-01  2.04787264e-03 
 1.00000000e-04  6.71816078e-04 -4.44676184e-06  1.44585293e-01  3.00000000e-03 
 1.06693794e-04  6.72456534e-04 -4.44248867e-06  1.44706594e-01  3.20081383e-03 
 1.20081383e-04  6.73738322e-04 -4.43445746e-06  1.44949390e-01  3.60244148e-03 
 1.46856559e-04  6.76302286e-04 -4.41842001e-06  1.45434995e-01  4.40569678e-03 
 2.00406913e-04  6.81429878e-04 -4.38654052e-06  1.46405977e-01  6.01220738e-03 
 3.00406913e-04  6.91007634e-04 -4.32744051e-06  1.48219205e-01  9.01220738e-03 
 4.00406913e-04  7.00588140e-04 -4.26895381e-06  1.50032261e-01  1.20122074e-02 
 5.00406913e-04  7.10171240e-04 -4.21107053e-06  1.51845163e-01  1.50122074e-02 
 6.00406913e-04  7.19756799e-04 -4.15378090e-06  1.53657932e-01  1.80122074e-02 
 7.00406913e-04  7.29344710e-04 -4.09707529e-06  1.55470591e-01  2.10122074e-02 
 8.00406913e-04  7.38934870e-04 -4.04094428e-06  1.57283164e-01  2.40122074e-02 
 9.00406913e-04  7.48527204e-04 -3.98537864e-06  1.59095678e-01  2.70122074e-02 
 1.00040691e-03  7.58121638e-04 -3.93036939e-06  1.60908160e-01  3.00122074e-02 
 1.10040691e-03  7.67718113e-04 -3.87590780e-06  1.62720635e-01  3.30122074e-02 
 1.20040691e-03  7.77316579e-04 -3.82198538e-06  1.64533133e-01  3.60122074e-02 
 1.30040691e-03  7.86917008e-04 -3.76859390e-06  1.66345683e-01  3.90122074e-02 
 1.40040691e-03  7.96519358e-04 -3.71572542e-06  1.68158311e-01  4.20122074e-02 
 1.50040691e-03  8.06123598e-04 -3.66337235e-06  1.69971045e-01  4.50122074e-02 
 1.60040691e-03  8.15729696e-04 -3.61152734e-06  1.71783911e-01  4.80122074e-02 
 1.70040691e-03  8.25337635e-04 -3.56018336e-06  1.73596935e-01  5.10122074e-02 
 1.80040691e-03  8.34947383e-04 -3.50933367e-06  1.75410141e-01  5.40122074e-02 
 1.90040691e-03  8.44558911e-04 -3.45897189e-06  1.77223550e-01  5.70122074e-02 
 2.00040691e-03  8.54172174e-04 -3.40909196e-06  1.79037180e-01  6.00122074e-02 
 2.10040691e-03  8.63787131e-04 -3.35968808e-06  1.80851048e-01  6.30122074e-02 
 2.20040691e-03  8.73403729e-04 -3.31075480e-06  1.82665168e-01  6.60122074e-02 
 2.30040691e-03  8.83021896e-04 -3.26228702e-06  1.84479548e-01  6.90122074e-02 
 2.40040691e-03  8.92641545e-04 -3.21427992e-06  1.86294192e-01  7.20122074e-02 
 2.50040691e-03  9.02262569e-04 -3.16672905e-06  1.88109099e-01  7.50122074e-02 
 2.60040691e-03  9.11884826e-04 -3.11963030e-06  1.89924259e-01  7.80122074e-02 
 2.70040691e-03  9.21508151e-04 -3.07297992e-06  1.91739654e-01  8.10122074e-02 
 2.80040691e-03  9.31132326e-04 -3.02677452e-06  1.93555257e-01  8.40122074e-02 
 2.90040691e-03  9.40757093e-04 -2.98101111e-06  1.95371028e-01  8.70122074e-02 
 3.00040691e-03  9.50382139e-04 -2.93568705e-06  1.97186918e-01  9.00122074e-02 
 3.10040691e-03  9.60007096e-04 -2.89080013e-06  1.99002860e-01  9.30122074e-02 
 3.20040691e-03  9.69631524e-04 -2.84634853e-06  2.00818772e-01  9.60122074e-02 
 3.30040691e-03  9.79254936e-04 -2.80233073e-06  2.02634562e-01  9.90122074e-02 
 3.40040691e-03  9.88876785e-04 -2.75874556e-06  2.04450124e-01  1.02012207e-01 
 3.50040691e-03  9.98496494e-04 -2.71559203e-06  2.06265342e-01  1.05012207e-01 
 3.60040691e-03  1.00811347e-03 -2.67286933e-06  2.08080097e-01  1.08012207e-01 
 3.70040691e-03  1.01772714e-03 -2.63057656e-06  2.09894276e-01  1.11012207e-01 
 3.80040691e-03  1.02733698e-03 -2.58871283e-06  2.11707769e-01  1.14012207e-01 
 3.90040691e-03  1.03694247e-03 -2.54727709e-06  2.13520475e-01  1.17012207e-01 
 4.00040691e-03  1.04654318e-03 -2.50626816e-06  2.15332307e-01  1.20012207e-01 
 4.10040691e-03  1.05613870e-03 -2.46568474e-06  2.17143183e-01  1.23012207e-01 
 4.20040691e-03  1.06572864e-03 -2.42552555e-06  2.18953026e-01  1.26012207e-01 
 4.30040691e-03  1.07531259e-03 -2.38578942e-06  2.20761753e-01  1.29012207e-01 
 4.40040691e-03  1.08489009e-03 -2.34647540e-06  2.22569267e-01  1.32012207e-01 
 4.50040691e-03  1.09446061e-03 -2.30758280e-06  2.24375458e-01  1.35012207e-01 
 4.60040691e-03  1.10402354e-03 -2.26911123e-06  2.26180198e-01  1.38012207e-01 
 4.70040691e-03  1.11357819e-03 -2.23106054e-06  2.27983338e-01  1.41012207e-01 
 4.80040691e-03  1.12312378e-03 -2.19343096e-06  2.29784708e-01  1.44012207e-01 
 4.90040691e-03  1.13265943e-03 -2.15622293e-06  2.31584116e-01  1.47012207e-01 
 5.00040691e-03  1.14218417e-03 -2.11943718e-06  2.33381352e-01  1.50012207e-01 
 5.10040691e-03  1.15169695e-03 -2.08307467e-06  2.35176182e-01  1.53012207e-01 
 5.20040691e-03  1.16119660e-03 -2.04713666e-06  2.36968346e-01  1.56012207e-01 
 5.30040691e-03  1.17068184e-03 -2.01162465e-06  2.38757561e-01  1.59012207e-01 
 5.40040691e-03  1.18015128e-03 -1.97654037e-06  2.40543518e-01  1.62012207e-01 
 5.50040691e-03  1.18960342e-03 -1.94188586e-06  2.42325878e-01  1.65012207e-01 
 5.60040691e-03  1.19903660e-03 -1.90766343e-06  2.44104271e-01  1.68012207e-01 
 5.70040691e-03  1.20844903e-03 -1.87387569e-06  2.45878292e-01  1.71012207e-01 
 5.80040691e-03  1.21783875e-03 -1.84052556e-06  2.47647500e-01  1.74012207e-01 
 5.90040691e-03  1.22720363e-03 -1.80761632e-06  2.49411413e-01  1.77012207e-01 
 6.00040691e-03  1.23654134e-03 -1.77515156e-06  2.51169505e-01  1.80012207e-01 
 6.10040691e-03  1.24584937e-03 -1.74313525e-06  2.52921205e-01  1.83012207e-01 
 6.20040691e-03  1.25512496e-03 -1.71157176e-06  2.54665888e-01  1.86012207e-01 
 6.30040691e-03  1.26436513e-03 -1.68046590e-06  2.56402872e-01  1.89012207e-01 
 6.40040691e-03  1.27356661e-03 -1.64982294e-06  2.58131416e-01  1.92012207e-01 
 6.50040691e-03  1.28272585e-03 -1.61964858e-06  2.59850710e-01  1.95012207e-01 
 6.60040691e-03  1.29183898e-03 -1.58994910e-06  2.61559872e-01  1.98012207e-01 
 6.70040691e-03  1.30090179e-03 -1.56073133e-06  2.63257939e-01  2.01012207e-01 
 6.80040691e-03  1.30990970e-03 -1.53200269e-06  2.64943863e-01  2.04012207e-01 
 6.90040691e-03  1.31885770e-03 -1.50377124e-06  2.66616501e-01  2.07012207e-01 
 7.00040691e-03  1.32774035e-03 -1.47604575e-06  2.68274608e-01  2.10012207e-01 
 7.10040691e-03  1.33655172e-03 -1.44883574e-06  2.69916824e-01  2.13012207e-01 
 7.20040691e-03  1.34528535e-03 -1.42215156e-06  2.71541670e-01  2.16012207e-01 
 7.30040691e-03  1.35393420e-03 -1.39600441e-06  2.73147533e-01  2.19012207e-01 
 7.40040691e-03  1.36249061e-03 -1.37040650e-06  2.74732654e-01  2.22012207e-01 
 7.50040691e-03  1.37094622e-03 -1.34537100e-06  2.76295119e-01  2.25012207e-01 
 7.60040691e-03  1.37929195e-03 -1.32091223e-06  2.77832842e-01  2.28012207e-01 
 7.70040691e-03  1.38751789e-03 -1.29704578e-06  2.79343546e-01  2.31012207e-01 
 7.80040691e-03  1.39561321e-03 -1.27378861e-06  2.80824750e-01  2.34012207e-01 
 7.90040691e-03  1.40356615e-03 -1.25115910e-06  2.82273749e-01  2.37012207e-01 
 8.00040691e-03  1.41136389e-03 -1.22917727e-06  2.83687598e-01  2.40012207e-01 
 8.10040691e-03  1.41899246e-03 -1.20786490e-06  2.85063088e-01  2.43012207e-01 
 8.20040691e-03  1.42643661e-03 -1.18724575e-06  2.86396717e-01  2.46012207e-01 
 8.30040691e-03  1.43367977e-03 -1.16734572e-06  2.87684672e-01  2.49012207e-01 
 8.40040691e-03  1.44070385e-03 -1.14819312e-06  2.88922800e-01  2.52012207e-01 
 8.50040691e-03  1.44748915e-03 -1.12981888e-06  2.90106572e-01  2.55012207e-01 
 8.60040691e-03  1.45401421e-03 -1.11225691e-06  2.91231055e-01  2.58012207e-01 
 8.70040691e-03  1.46025564e-03 -1.09554443e-06  2.92290870e-01  2.61012207e-01 
 8.80040691e-03  1.46618793e-03 -1.07972233e-06  2.93280160e-01  2.64012207e-01 
 8.90040691e-03  1.47178332e-03 -1.06483565e-06  2.94192541e-01  2.67012207e-01 
 9.00040691e-03  1.47701154e-03 -1.05093411e-06  2.95021059e-01  2.70012207e-01 
 9.10040691e-03  1.48183962e-03 -1.03807265e-06  2.95758139e-01  2.73012207e-01 
 9.20040691e-03  1.48623164e-03 -1.02631224e-06  2.96395525e-01  2.76012207e-01 
 9.30040691e-03  1.49014845e-03 -1.01572055e-06  2.96924233e-01  2.79012207e-01 
 9.40040691e-03  1.49354743e-03 -1.00637298e-06  2.97334472e-01  2.82012207e-01 
 9.50040691e-03  1.49638213e-03 -9.98353769e-07  2.97615580e-01  2.85012207e-01 
 9.60040691e-03  1.49860198e-03 -9.91757213e-07  2.97755950e-01  2.88012207e-01 
 9.70040691e-03  1.50015188e-03 -9.86689195e-07  2.97742946e-01  2.91012207e-01 
 9.80040691e-03  1.50097186e-03 -9.83268934e-07  2.97562813e-01  2.94012207e-01 
 9.90040691e-03  1.50099662e-03 -9.81631054e-07  2.97200579e-01  2.97012207e-01 
 1.00004069e-02  1.50015509e-03 -9.81927984e-07  2.96639956e-01  3.00012207e-01 
 1.01004069e-02  1.49836992e-03 -9.84332798e-07  2.95863224e-01  3.03012207e-01 
 1.02004069e-02  1.49555698e-03 -9.89042552e-07  2.94851114e-01  3.06012207e-01 
 1.03004069e-02  1.49162477e-03 -9.96282249e-07  2.93582672e-01  3.09012207e-01 
 1.04004069e-02  1.48647383e-03 -1.00630946e-06  2.92035120e-01  3.12012207e-01 
 1.05004069e-02  1.47999613e-03 -1.01941969e-06  2.90183718e-01  3.15012207e-01 
 1.06004069e-02  1.47207441e-03 -1.03595281e-06  2.88001592e-01  3.18012207e-01 
 1.07004069e-02  1.46258145e-03 -1.05630057e-06  2.85459570e-01  3.21012207e-01 
 1.08004069e-02  1.45137951e-03 -1.08091521e-06  2.82526007e-01  3.24012207e-01 
 1.09004069e-02  1.43831963e-03 -1.11031957e-06  2.79166603e-01  3.27012207e-01 
 1.10004069e-02  1.42324106e-03 -1.14511874e-06  2.75344210e-01  3.30012207e-01 
 1.11004069e-02  1.40597093e-03 -1.18601311e-06  2.71018655e-01  3.33012207e-01 
 1.12004069e-02  1.38632413e-03 -1.23381304e-06  2.66146562e-01  3.36012207e-01 
 1.13004069e-02  1.36410363e-03 -1.28945474e-06  2.60681213e-01  3.39012207e-01 
 1.14004069e-02  1.33910180e-03 -1.35401659e-06  2.54572456e-01  3.42012207e-01 
 1.15004069e-02  1.31110328e-03 -1.42873468e-06  2.47766740e-01  3.45012207e-01 
 1.16004069e-02  1.27989033e-03 -1.51501519e-06  2.40207336e-01  3.48012207e-01 
 1.17004069e-02  1.24525269e-03 -1.61443985e-06  2.31834902e-01  3.51012207e-01 
 1.18004069e-02  1.20700443e-03 -1.72875889e-06  2.22588600e-01  3.54012207e-01 
 1.19004069e-02  1.16501298e-03 -1.85986279e-06  2.12408148e-01  3.57012207e-01 
 1.20004069e-02  1.11924970e-03 -2.00971852e-06  2.01237532e-01  3.60012207e-01 
 1.21004069e-02  1.06987833e-03 -2.18024667e-06  1.89031655e-01  3.63012207e-01 
 1.22004069e-02  1.01741072e-03 -2.37309694e-06  1.75768202e-01  3.66012207e-01 
 1.23004069e-02  9.62980514e-04 -2.58924241e-06  1.61468738e-01  3.69012207e-01 
 1.24004069e-02  9.08815125e-04 -2.82825153e-06  1.46235436e-01  3.72012207e-01 
 1.25004069e-02  8.59005955e-04 -3.08703168e-06  1.30311540e-01  3.75012207e-01 
 1.26004069e-02  8.20608677e-04 -3.35789936e-06  1.14168261e-01  3.78012207e-01 
 1.27004069e-02  8.04764929e-04 -3.62641838e-06  9.85904345e-02  3.81012207e-01 
 1.28004069e-02  8.26883721e-04 -3.87113705e-06  8.46560670e-02  3.84012207e-01 
 1.29004069e-02  9.05579361e-04 -4.06907623e-06  7.34399566e-02  3.87012207e-01 
 1.30004069e-02  1.06905434e-03 -4.20744767e-06  6.54536530e-02  3.90012207e-01 
 1.31004069e-02  1.42113017e-03 -4.29468471e-06  6.01518423e-02  3.93012207e-01 
 1.32004069e-02  2.46243928e-03 -4.38588261e-06  5.46708465e-02  3.96012207e-01 
 1.32664471e-02  4.07224466e-03 -4.50466741e-06  4.81059883e-02  3.97993413e-01 
 1.33346402e-02  7.00224450e-03 -4.68059672e-06  3.87250240e-02  4.00039207e-01 
 1.33624808e-02  8.58874254e-03 -4.74861286e-06  3.51153660e-02  4.00874425e-01 
 1.33880152e-02  1.02339601e-02 -4.80884150e-06  3.19270393e-02  4.01640456e-01 
 1.34044671e-02  1.13937338e-02 -4.84798093e-06  2.98620679e-02  4.02134012e-01 
 1.34205050e-02  1.26036328e-02 -4.88253480e-06  2.80308311e-02  4.02615149e-01 
 1.34485362e-02  1.49066976e-02 -4.93512082e-06  2.52195888e-02  4.03456086e-01 
 1.34772726e-02  1.75069471e-02 -4.97682661e-06  2.29393967e-02  4.04318177e-01 
 1.35187299e-02  2.16268968e-02 -5.01219266e-06  2.08588915e-02  4.05561897e-01 
 1.35616804e-02  2.62477579e-02 -5.02193620e-06  2.00081277e-02  4.06850413e-01 
 1.35888510e-02  2.93147465e-02 -5.03196060e-06  1.92846891e-02  4.07665530e-01 
 1.36136689e-02  3.22190258e-02 -5.04282539e-06  1.85387047e-02  4.08410068e-01 
 1.36423597e-02  3.57063948e-02 -5.04844587e-06  1.80134982e-02  4.09270792e-01 
 1.36686731e-02  3.90164814e-02 -5.05235991e-06  1.75909535e-02  4.10060193e-01 
 1.37014143e-02  4.32844293e-02 -5.06060142e-06  1.69031024e-02  4.11042428e-01 
 1.37346614e-02  4.78102417e-02 -5.07260261e-06  1.60275645e-02  4.12039841e-01 
 1.37703622e-02  5.29081306e-02 -5.08357901e-06  1.51801319e-02  4.13110866e-01 
 1.38048592e-02  5.80666661e-02 -5.09014272e-06  1.45554717e-02  4.14145776e-01 
 1.38565975e-02  6.61969851e-02 -5.09344881e-06  1.39348130e-02  4.15697925e-01 
 1.39459696e-02  8.12549774e-02 -5.08876345e-06  1.33629222e-02  4.18379088e-01 
 1.40459696e-02  9.95602495e-02 -5.07678541e-06  1.30490319e-02  4.21379088e-01 
 1.41459696e-02  1.19429852e-01 -5.06303287e-06  1.28203643e-02  4.24379088e-01 
 1.42459696e-02  1.40964692e-01 -5.04874174e-06  1.26187570e-02  4.27379088e-01 
 1.43459696e-02  1.64291810e-01 -5.03418231e-06  1.24297249e-02  4.30379088e-01 
 1.44459696e-02  1.89550778e-01 -5.01935963e-06  1.22545831e-02  4.33379088e-01 
 1.45459696e-02  2.16891450e-01 -5.00434700e-06  1.20883776e-02  4.36379088e-01 
 1.46459696e-02  2.46471660e-01 -4.98912442e-06  1.19336133e-02  4.39379088e-01 
 1.47459696e-02  2.78446754e-01 -4.97374093e-06  1.17865126e-02  4.42379088e-01 
 1.48459696e-02  3.12909297e-01 -4.95816134e-06  1.16503116e-02  4.45379088e-01 
 1.49459696e-02  3.49469751e-01 -4.94227474e-06  1.15291471e-02  4.48379088e-01 
 1.50459696e-02  3.85762506e-01 -4.92583547e-06  1.14367493e-02  4.51379088e-01 
 1.51072905e-02  4.05577792e-01 -4.91558085e-06  1.13885541e-02  4.53218714e-01 
 1.51614436e-02  4.19411217e-01 -4.90683925e-06  1.13312899e-02  4.54843307e-01 
 1.52256946e-02  4.30333625e-01 -4.89698218e-06  1.12371883e-02  4.56770839e-01 
 1.52971834e-02  4.36878694e-01 -4.88608237e-06  1.11300918e-02  4.58915501e-01 
 1.53560924e-02  4.39753777e-01 -4.87678580e-06  1.10571304e-02  4.60682773e-01 
 1.54259579e-02  4.42102071e-01 -4.86545222e-06  1.09870808e-02  4.62778737e-01 
 1.54971814e-02  4.44093066e-01 -4.85376086e-06  1.09222422e-02  4.64915442e-01 
 1.55971814e-02  4.46735952e-01 -4.83719397e-06  1.08403653e-02  4.67915442e-01 
 1.56971814e-02  4.49333534e-01 -4.82051140e-06  1.07644759e-02  4.70915442e-01 
 1.57971814e-02  4.51912279e-01 -4.80370253e-06  1.06965392e-02  4.73915442e-01 
 1.58971814e-02  4.54472674e-01 -4.78678330e-06  1.06344297e-02  4.76915442e-01 
 1.59971814e-02  4.57015215e-01 -4.76974104e-06  1.05802071e-02  4.79915442e-01 
 1.60971814e-02  4.59540577e-01 -4.75258642e-06  1.05320185e-02  4.82915442e-01 
 1.61971814e-02  4.62049082e-01 -4.73530974e-06  1.04917675e-02  4.85915442e-01 
 1.62971814e-02  4.64541233e-01 -4.71791755e-06  1.04578188e-02  4.88915442e-01 
 1.63971814e-02  4.67017235e-01 -4.70040249e-06  1.04319503e-02  4.91915442e-01 
 1.64971814e-02  4.69477454e-01 -4.68276783e-06  1.04127045e-02  4.94915442e-01 
 1.65971814e-02  4.71922009e-01 -4.66500816e-06  1.04017528e-02  4.97915442e-01 
 1.66971814e-02  4.74351158e-01 -4.64712409e-06  1.03977849e-02  5.00915442e-01 
 1.67971814e-02  4.76764952e-01 -4.62911189e-06  1.04023797e-02  5.03915442e-01 
 1.68971814e-02  4.79163558e-01 -4.61097001e-06  1.04143486e-02  5.06915442e-01 
 1.69971814e-02  4.81546977e-01 -4.59269623e-06  1.04351879e-02  5.09915442e-01 
 1.70971814e-02  4.83915306e-01 -4.57428726e-06  1.04638100e-02  5.12915442e-01 
 1.71971814e-02  4.86268503e-01 -4.55574221e-06  1.05016364e-02  5.15915442e-01 
 1.72971814e-02  4.88606608e-01 -4.53705642e-06  1.05476622e-02  5.18915442e-01 
 1.73971814e-02  4.90929550e-01 -4.51823018e-06  1.06032405e-02  5.21915442e-01 
 1.74971814e-02  4.93237323e-01 -4.49925778e-06  1.06674340e-02  5.24915442e-01 
 1.75971814e-02  4.95529833e-01 -4.48014062e-06  1.07415324e-02  5.27915442e-01 
 1.76971814e-02  4.97807038e-01 -4.46087212e-06  1.08246531e-02  5.30915442e-01 
 1.77971814e-02  5.00068829e-01 -4.44145470e-06  1.09180271e-02  5.33915442e-01 
 1.78971814e-02  5.02315136e-01 -4.42188116e-06  1.10208154e-02  5.36915442e-01 
 1.79971814e-02  5.04545844e-01 -4.40215482e-06  1.11341942e-02  5.39915442e-01 
 1.80971814e-02  5.06760861e-01 -4.38226804e-06  1.12573591e-02  5.42915442e-01 
 1.81971814e-02  5.08960069e-01 -4.36222495e-06  1.13914351e-02  5.45915442e-01 
 1.82971814e-02  5.11143363e-01 -4.34201762e-06  1.15356441e-02  5.48915442e-01 
 1.83971814e-02  5.13310630e-01 -4.32165092e-06  1.16910634e-02  5.51915442e-01 
 1.84971814e-02  5.15461754e-01 -4.30111672e-06  1.18569348e-02  5.54915442e-01 
 1.85971814e-02  5.17596595e-01 -4.28042058e-06  1.20342907e-02  5.57915442e-01 
 1.86971814e-02  5.19715104e-01 -4.25955427e-06  1.22223858e-02  5.60915442e-01 
 1.87971814e-02  5.21817172e-01 -4.23852399e-06  1.24222097e-02  5.63915442e-01 
 1.88971814e-02  5.23902663e-01 -4.21732148e-06  1.26330265e-02  5.66915442e-01 
 1.89971814e-02  5.25971524e-01 -4.19595350e-06  1.28557846e-02  5.69915442e-01 
 1.90971814e-02  5.28023634e-01 -4.17441186e-06  1.30897512e-02  5.72915442e-01 
 1.91971814e-02  5.30058958e-01 -4.15270383e-06  1.33358359e-02  5.75915442e-01 
 1.92971814e-02  5.32077393e-01 -4.13082134e-06  1.35933049e-02  5.78915442e-01 
 1.93971814e-02  5.34078928e-01 -4.10877213e-06  1.38630296e-02  5.81915442e-01 
 1.94971814e-02  5.36063478e-01 -4.08654830e-06  1.41442713e-02  5.84915442e-01 
 1.95971814e-02  5.38031067e-01 -4.06415802e-06  1.44378649e-02  5.87915442e-01 
 1.96971814e-02  5.39981629e-01 -4.04159359e-06  1.47430629e-02  5.90915442e-01 
 1.97971814e-02  5.41915224e-01 -4.01886356e-06  1.50606644e-02  5.93915442e-01 
 1.98971814e-02  5.43831812e-01 -3.99596046e-06  1.53899105e-02  5.96915442e-01 
 1.99971814e-02  5.45731491e-01 -3.97289318e-06  1.57315659e-02  5.99915442e-01 
 2.00971814e-02  5.47614250e-01 -3.94965450e-06  1.60848574e-02  6.02915442e-01 
 2.01971814e-02  5.49480226e-01 -3.92625359e-06  1.64505169e-02  6.05915442e-01 
 2.02971814e-02  5.51329439e-01 -3.90268346e-06  1.68277553e-02  6.08915442e-01 
 2.03971814e-02  5.53162068e-01 -3.87895354e-06  1.72172731e-02  6.11915442e-01 
 2.04971814e-02  5.54978164e-01 -3.85505706e-06  1.76182648e-02  6.14915442e-01 
 2.05971814e-02  5.56777948e-01 -3.83100363e-06  1.80314011e-02  6.17915442e-01 
 2.06971814e-02  5.58561503e-01 -3.80678667e-06  1.84558596e-02  6.20915442e-01 
 2.07971814e-02  5.60329090e-01 -3.78241593e-06  1.88922845e-02  6.23915442e-01 
 2.08971814e-02  5.62080823e-01 -3.75788501e-06  1.93398364e-02  6.26915442e-01 
 2.09971814e-02  5.63817005e-01 -3.73320369e-06  1.97991356e-02  6.29915442e-01 
 2.10971814e-02  5.65537775e-01 -3.70836573e-06  2.02693276e-02  6.32915442e-01 
 2.11971814e-02  5.67243474e-01 -3.68338089e-06  2.07510123e-02  6.35915442e-01 
 2.12971814e-02  5.68934268e-01 -3.65824303e-06  2.12433221e-02  6.38915442e-01 
 2.13971814e-02  5.70610531e-01 -3.63296182e-06  2.17468415e-02  6.41915442e-01 
 2.14971814e-02  5.72272449e-01 -3.60753112e-06  2.22606942e-02  6.44915442e-01 
 2.15971814e-02  5.73920422e-01 -3.58196043e-06  2.27854569e-02  6.47915442e-01 
 2.16971814e-02  5.75554651e-01 -3.55624348e-06  2.33202540e-02  6.50915442e-01 
 2.17971814e-02  5.77175553e-01 -3.53038935e-06  2.38656704e-02  6.53915442e-01 
 2.18971814e-02  5.78783326e-01 -3.50439132e-06  2.44208548e-02  6.56915442e-01 
 2.19971814e-02  5.80378375e-01 -3.47825745e-06  2.49864421e-02  6.59915442e-01 
 2.20971814e-02  5.81960858e-01 -3.45197956e-06  2.55616749e-02  6.62915442e-01 
 2.21971814e-02  5.83531098e-01 -3.42556289e-06  2.61473643e-02  6.65915442e-01 
 2.22971814e-02  5.85089080e-01 -3.39899451e-06  2.67430746e-02  6.68915442e-01 
 2.23971814e-02  5.86634809e-01 -3.37227069e-06  2.73502176e-02  6.71915442e-01 
 2.24971814e-02  5.88167653e-01 -3.34536228e-06  2.79694786e-02  6.74915442e-01 
 2.25971814e-02  5.89686446e-01 -3.31823471e-06  2.86044020e-02  6.77915442e-01 
 2.26971814e-02  5.91188303e-01 -3.29080066e-06  2.92597413e-02  6.80915442e-01 
 2.27971814e-02  5.92667751e-01 -3.26291514e-06  2.99468158e-02  6.83915442e-01 
 2.28971814e-02  5.94113809e-01 -3.23428619e-06  3.06849299e-02  6.86915442e-01 
 2.29971814e-02  5.95506683e-01 -3.20441182e-06  3.15110597e-02  6.89915442e-01 
 2.30971814e-02  5.96813271e-01 -3.17246193e-06  3.24838684e-02  6.92915442e-01 
 2.31971814e-02  5.97989013e-01 -3.13736409e-06  3.36836749e-02  6.95915442e-01 
 2.32971814e-02  5.98991993e-01 -3.09816847e-06  3.51826339e-02  6.98915442e-01 
 2.33971814e-02  5.99807127e-01 -3.05466630e-06  3.70052479e-02  7.01915442e-01 
 2.34971814e-02  6.00453185e-01 -3.00749809e-06  3.91133081e-02  7.04915442e-01 
 2.35971814e-02  6.00968017e-01 -2.95774570e-06  4.14375780e-02  7.07915442e-01 
 2.36971814e-02  6.01388356e-01 -2.90639832e-06  4.39104212e-02  7.10915442e-01 
 2.37971814e-02  6.01742876e-01 -2.85420819e-06  4.64816259e-02  7.13915442e-01 
 2.38971814e-02  6.02050551e-01 -2.80165257e-06  4.91170513e-02  7.16915442e-01 
 2.39971814e-02  6.02324458e-01 -2.74905595e-06  5.17952729e-02  7.19915442e-01 
 2.40971814e-02  6.02572554e-01 -2.69660144e-06  5.45022705e-02  7.22915442e-01 
 2.41971814e-02  6.02800806e-01 -2.64442697e-06  5.72294819e-02  7.25915442e-01 
 2.42971814e-02  6.03012717e-01 -2.59260030e-06  5.99709227e-02  7.28915442e-01 
 2.43971814e-02  6.03211472e-01 -2.54118788e-06  6.27230174e-02  7.31915442e-01 
 2.44971814e-02  6.03398833e-01 -2.49021291e-06  6.54829265e-02  7.34915442e-01 
 2.45971814e-02  6.03576857e-01 -2.43971319e-06  6.82490831e-02  7.37915442e-01 
 2.46971814e-02  6.03746578e-01 -2.38969354e-06  7.10199626e-02  7.40915442e-01 
 2.47971814e-02  6.03909529e-01 -2.34017924e-06  7.37948733e-02  7.43915442e-01 
 2.48971814e-02  6.04066378e-01 -2.29116693e-06  7.65728870e-02  7.46915442e-01 
 2.49971814e-02  6.04218350e-01 -2.24267590e-06  7.93537254e-02  7.49915442e-01 
 2.50971814e-02  6.04365866e-01 -2.19469886e-06  8.21367542e-02  7.52915442e-01 
 2.51971814e-02  6.04509917e-01 -2.14725197e-06  8.49219033e-02  7.55915442e-01 
 2.52971814e-02  6.04650730e-01 -2.10032595e-06  8.77086945e-02  7.58915442e-01 
 2.53971814e-02  6.04789103e-01 -2.05393519e-06  9.04971702e-02  7.61915442e-01 
 2.54971814e-02  6.04925110e-01 -2.00806934e-06  9.32869404e-02  7.64915442e-01 
 2.55971814e-02  6.05059398e-01 -1.96274168e-06  9.60781110e-02  7.67915442e-01 
 2.56971814e-02  6.05191927e-01 -1.91794132e-06  9.88703456e-02  7.70915442e-01 
 2.57971814e-02  6.05323230e-01 -1.87368078e-06  1.01663787e-01  7.73915442e-01 
 2.58971814e-02  6.05453191e-01 -1.82994885e-06  1.04458133e-01  7.76915442e-01 
 2.59971814e-02  6.05582258e-01 -1.78675755e-06  1.07253548e-01  7.79915442e-01 
 2.60971814e-02  6.05710268e-01 -1.74409547e-06  1.10049754e-01  7.82915442e-01 
 2.61971814e-02  6.05837612e-01 -1.70197422e-06  1.12846929e-01  7.85915442e-01 
 2.62971814e-02  6.05964093e-01 -1.66038232e-06  1.15644812e-01  7.88915442e-01 
 2.63971814e-02  6.06090063e-01 -1.61933103e-06  1.18443587e-01  7.91915442e-01 
 2.64971814e-02  6.06215308e-01 -1.57880884e-06  1.21243008e-01  7.94915442e-01 
 2.65971814e-02  6.06340150e-01 -1.53882672e-06  1.24043263e-01  7.97915442e-01 
 2.66971814e-02  6.06464366e-01 -1.49937314e-06  1.26844115e-01  8.00915442e-01 
 2.67971814e-02  6.06588257e-01 -1.46045881e-06  1.29645754e-01  8.03915442e-01 
 2.68971814e-02  6.06711597e-01 -1.42207222e-06  1.32447952e-01  8.06915442e-01 
 2.69971814e-02  6.06834669e-01 -1.38422380e-06  1.35250900e-01  8.09915442e-01 
 2.70971814e-02  6.06957247e-01 -1.34690208e-06  1.38054379e-01  8.12915442e-01 
 2.71971814e-02  6.07079600e-01 -1.31011726e-06  1.40858575e-01  8.15915442e-01 
 2.72971814e-02  6.07201506e-01 -1.27385786e-06  1.43663277e-01  8.18915442e-01 
 2.73971814e-02  6.07323223e-01 -1.23813385e-06  1.46468671e-01  8.21915442e-01 
 2.74971814e-02  6.07444531e-01 -1.20293381e-06  1.49274552e-01  8.24915442e-01 
 2.75971814e-02  6.07565679e-01 -1.16826742e-06  1.52081102e-01  8.27915442e-01 
 2.76971814e-02  6.07686453e-01 -1.13412331e-06  1.54888121e-01  8.30915442e-01 
 2.77971814e-02  6.07807092e-01 -1.10051092e-06  1.57695791e-01  8.33915442e-01 
 2.78971814e-02  6.07927387e-01 -1.06741888e-06  1.60503917e-01  8.36915442e-01 
 2.79971814e-02  6.08047572e-01 -1.03485639e-06  1.63312675e-01  8.39915442e-01 
 2.80971814e-02  6.08167441e-01 -1.00281212e-06  1.66121878e-01  8.42915442e-01 
 2.81971814e-02  6.08287221e-01 -9.71294999e-07  1.68931699e-01  8.45915442e-01 
 2.82971814e-02  6.08406714e-01 -9.40293702e-07  1.71741953e-01  8.48915442e-01 
 2.83971814e-02  6.08526139e-01 -9.09816905e-07  1.74552811e-01  8.51915442e-01 
 2.84971814e-02  6.08645304e-01 -8.79853293e-07  1.77364094e-01  8.54915442e-01 
 2.85971814e-02  6.08764423e-01 -8.50411271e-07  1.80175969e-01  8.57915442e-01 
 2.86971814e-02  6.08883309e-01 -8.21479530e-07  1.82988260e-01  8.60915442e-01 
 2.87971814e-02  6.09002171e-01 -7.93066198e-07  1.85801132e-01  8.63915442e-01 
 2.88971814e-02  6.09120827e-01 -7.65159963e-07  1.88614413e-01  8.66915442e-01 
 2.89971814e-02  6.09239482e-01 -7.37768667e-07  1.91428264e-01  8.69915442e-01 
 2.90971814e-02  6.09357959e-01 -7.10880994e-07  1.94242518e-01  8.72915442e-01 
 2.91971814e-02  6.09476459e-01 -6.84504493e-07  1.97057331e-01  8.75915442e-01 
 2.92971814e-02  6.09594812e-01 -6.58627833e-07  1.99872542e-01  8.78915442e-01 
 2.93971814e-02  6.09713212e-01 -6.33258264e-07  2.02688304e-01  8.81915442e-01 
 2.94971814e-02  6.09831495e-01 -6.08384432e-07  2.05504458e-01  8.84915442e-01 
 2.95971814e-02  6.09949852e-01 -5.84013284e-07  2.08321154e-01  8.87915442e-01 
 2.96971814e-02  6.10068126e-01 -5.60133435e-07  2.11138237e-01  8.90915442e-01 
 2.97971814e-02  6.10186502e-01 -5.36751520e-07  2.13955854e-01  8.93915442e-01 
 2.98971814e-02  6.10304829e-01 -5.13856116e-07  2.16773853e-01  8.96915442e-01 
 2.99971814e-02  6.10423288e-01 -4.91453538e-07  2.19592379e-01  8.99915442e-01 
 3.00971814e-02  6.10541736e-01 -4.69532317e-07  2.22411284e-01  9.02915442e-01 
 3.01971814e-02  6.10660348e-01 -4.48098443e-07  2.25230708e-01  9.05915442e-01 
 3.02971814e-02  6.10778988e-01 -4.27140389e-07  2.28050506e-01  9.08915442e-01 
 3.03971814e-02  6.10897829e-01 -4.06663812e-07  2.30870817e-01  9.11915442e-01 
 3.04971814e-02  6.11016738e-01 -3.86657121e-07  2.33691499e-01  9.14915442e-01 
 3.05971814e-02  6.11135887e-01 -3.67125632e-07  2.36512687e-01  9.17915442e-01 
 3.06971814e-02  6.11255149e-01 -3.48057678e-07  2.39334242e-01  9.20915442e-01 
 3.07971814e-02  6.11374692e-01 -3.29458224e-07  2.42156299e-01  9.23915442e-01 
 3.08971814e-02  6.11494396e-01 -3.11315520e-07  2.44978719e-01  9.26915442e-01 
 3.09971814e-02  6.11614426e-01 -2.93634175e-07  2.47801634e-01  9.29915442e-01 
 3.10971814e-02  6.11734668e-01 -2.76402337e-07  2.50624910e-01  9.32915442e-01 
 3.11971814e-02  6.11855285e-01 -2.59624254e-07  2.53448675e-01  9.35915442e-01 
 3.12971814e-02  6.11976170e-01 -2.43287964e-07  2.56272799e-01  9.38915442e-01 
 3.13971814e-02  6.12097482e-01 -2.27397341e-07  2.59097408e-01  9.41915442e-01 
 3.14971814e-02  6.12219121e-01 -2.11940305e-07  2.61922371e-01  9.44915442e-01 
 3.15971814e-02  6.12341244e-01 -1.96920347e-07  2.64747815e-01  9.47915442e-01 
 3.16971814e-02  6.12463758e-01 -1.82325257e-07  2.67573612e-01  9.50915442e-01 
 3.17971814e-02  6.12586819e-01 -1.68158136e-07  2.70399884e-01  9.53915442e-01 
 3.18971814e-02  6.12710338e-01 -1.54406631e-07  2.73226506e-01  9.56915442e-01 
 3.19971814e-02  6.12834470e-01 -1.41073450e-07  2.76053600e-01  9.59915442e-01 
 3.20971814e-02  6.12959136e-01 -1.28146086e-07  2.78881042e-01  9.62915442e-01 
 3.21971814e-02  6.13084486e-01 -1.15626848e-07  2.81708952e-01  9.65915442e-01 
 3.22971814e-02  6.13210449e-01 -1.03503066e-07  2.84537207e-01  9.68915442e-01 
 3.23971814e-02  6.13337175e-01 -9.17766447e-08  2.87365927e-01  9.71915442e-01 
 3.24971814e-02  6.13464597e-01 -8.04347455e-08  2.90194990e-01  9.74915442e-01 
 3.25971814e-02  6.13592868e-01 -6.94788667e-08  2.93024513e-01  9.77915442e-01 
 3.26971814e-02  6.13721926e-01 -5.88959946e-08  2.95854379e-01  9.80915442e-01 
 3.27971814e-02  6.13851921e-01 -4.86872211e-08  2.98684701e-01  9.83915442e-01 
 3.28971814e-02  6.13982803e-01 -3.88393538e-08  3.01515364e-01  9.86915442e-01 
 3.29971814e-02  6.14114719e-01 -2.93530805e-08  3.04346480e-01  9.89915442e-01 
 3.30971814e-02  6.14247626e-01 -2.02150286e-08  3.07177935e-01  9.92915442e-01 
 3.31971814e-02  6.14381672e-01 -1.14254863e-08  3.10009841e-01  9.95915442e-01 
 3.32971814e-02  6.14516820e-01 -2.97090438e-09  3.12842083e-01  9.98915442e-01 
 3.33971814e-02  6.14653218e-01  5.14882282e-09  3.15674773e-01  1.00191544e+00 
 3.34971814e-02  6.14790837e-01  1.29474468e-08  3.18507798e-01  1.00491544e+00 
 3.35971814e-02  6.14929826e-01  2.04254552e-08  3.21341269e-01  1.00791544e+00 
 3.36971814e-02  6.15070162e-01  2.75967486e-08  3.24175072e-01  1.01091544e+00 
 3.37971814e-02  6.15211994e-01  3.44621966e-08  3.27009318e-01  1.01391544e+00 
 3.38971814e-02  6.15355309e-01  4.10358684e-08  3.29843896e-01  1.01691544e+00 
 3.39971814e-02  6.15500253e-01  4.73189996e-08  3.32678913e-01  1.01991544e+00 
 3.40971814e-02  6.15646821e-01  5.33258188e-08  3.35514260e-01  1.02291544e+00 
 3.41971814e-02  6.15795161e-01  5.90579130e-08  3.38350044e-01  1.02591544e+00 
 3.42971814e-02  6.15945274e-01  6.45296598e-08  3.41186157e-01  1.02891544e+00 
 3.43971814e-02  6.16097309e-01  6.97429811e-08  3.44022702e-01  1.03191544e+00 
 3.44971814e-02  6.16251273e-01  7.47123895e-08  3.46859575e-01  1.03491544e+00 
 3.45971814e-02  6.16407315e-01  7.94401197e-08  3.49696878e-01  1.03791544e+00 
 3.46971814e-02  6.16565451e-01  8.39408003e-08  3.52534505e-01  1.04091544e+00 
 3.47971814e-02  6.16725828e-01  8.82169488e-08  3.55372559e-01  1.04391544e+00 
 3.48971814e-02  6.16888469e-01  9.22832820e-08  3.58210936e-01  1.04691544e+00 
 3.49971814e-02  6.17053520e-01  9.61425592e-08  3.61049736e-01  1.04991544e+00 
 3.50971814e-02  6.17221009e-01  9.98095457e-08  3.63888856e-01  1.05291544e+00 
 3.51971814e-02  6.17391083e-01  1.03287186e-07  3.66728395e-01  1.05591544e+00 
 3.52971814e-02  6.17563776e-01  1.06590240e-07  3.69568250e-01  1.05891544e+00 
 3.53971814e-02  6.17739230e-01  1.09721764e-07  3.72408521e-01  1.06191544e+00 
 3.54971814e-02  6.17917487e-01  1.12696437e-07  3.75249103e-01  1.06491544e+00 
 3.55971814e-02  6.18098686e-01  1.15517334e-07  3.78090096e-01  1.06791544e+00 
 3.56971814e-02  6.18282871e-01  1.18198968e-07  3.80931396e-01  1.07091544e+00 
 3.57971814e-02  6.18470179e-01  1.20744321e-07  3.83773101e-01  1.07391544e+00 
 3.58971814e-02  6.18660658e-01  1.23167632e-07  3.86615108e-01  1.07691544e+00 
 3.59971814e-02  6.18854439e-01  1.25471669e-07  3.89457512e-01  1.07991544e+00 
 3.60971814e-02  6.19051571e-01  1.27670289e-07  3.92300211e-01  1.08291544e+00 
 3.61971814e-02  6.19252182e-01  1.29765918e-07  3.95143301e-01  1.08591544e+00 
 3.62971814e-02  6.19456321e-01  1.31771919e-07  3.97986676e-01  1.08891544e+00 
 3.63971814e-02  6.19664106e-01  1.33690256e-07  4.00830433e-01  1.09191544e+00 
 3.64971814e-02  6.19875588e-01  1.35533703e-07  4.03674465e-01  1.09491544e+00 
 3.65971814e-02  6.20090876e-01  1.37303657e-07  4.06518866e-01  1.09791544e+00 
 3.66971814e-02  6.20310019e-01  1.39012229e-07  4.09363531e-01  1.10091544e+00 
 3.67971814e-02  6.20533114e-01  1.40660173e-07  4.12208551e-01  1.10391544e+00 
 3.68971814e-02  6.20760207e-01  1.42258891e-07  4.15053818e-01  1.10691544e+00 
 3.69971814e-02  6.20991386e-01  1.43808458e-07  4.17899423e-01  1.10991544e+00 
 3.70971814e-02  6.21226688e-01  1.45319563e-07  4.20745255e-01  1.11291544e+00 
 3.71971814e-02  6.21466188e-01  1.46791600e-07  4.23591402e-01  1.11591544e+00 
 3.72971814e-02  6.21709919e-01  1.48234585e-07  4.26437751e-01  1.11891544e+00 
 3.73971814e-02  6.21957939e-01  1.49647281e-07  4.29284385e-01  1.12191544e+00 
 3.74971814e-02  6.22210274e-01  1.51039116e-07  4.32131188e-01  1.12491544e+00 
 3.75971814e-02  6.22466967e-01  1.52408315e-07  4.34978237e-01  1.12791544e+00 
 3.76971814e-02  6.22728036e-01  1.53763843e-07  4.37825410e-01  1.13091544e+00 
 3.77971814e-02  6.22993508e-01  1.55103515e-07  4.40672775e-01  1.13391544e+00 
 3.78971814e-02  6.23263394e-01  1.56435974e-07  4.43520199e-01  1.13691544e+00 
 3.79971814e-02  6.23537705e-01  1.57758750e-07  4.46367739e-01  1.13991544e+00 
 3.80971814e-02  6.23816450e-01  1.59080299e-07  4.49215242e-01  1.14291544e+00 
 3.81971814e-02  6.24099632e-01  1.60397956e-07  4.52062743e-01  1.14591544e+00 
 3.82971814e-02  6.24387263e-01  1.61720058e-07  4.54910056e-01  1.14891544e+00 
 3.83971814e-02  6.24679350e-01  1.63043790e-07  4.57757170e-01  1.15191544e+00 
 3.84971814e-02  6.24975934e-01  1.64377425e-07  4.60603828e-01  1.15491544e+00 
 3.85971814e-02  6.25277060e-01  1.65718068e-07  4.63449917e-01  1.15791544e+00 
 3.86971814e-02  6.25582869e-01  1.67074136e-07  4.66295003e-01  1.16091544e+00 
 3.87971814e-02  6.25893574e-01  1.68443120e-07  4.69138665e-01  1.16391544e+00 
 3.88971814e-02  6.26209696e-01  1.69834737e-07  4.71979853e-01  1.16691544e+00 
 3.89971814e-02  6.26532330e-01  1.71249889e-07  4.74816731e-01  1.16991544e+00 
 3.90971814e-02  6.26864790e-01  1.72710018e-07  4.77643867e-01  1.17291544e+00 
 3.91971814e-02  6.27225571e-01  1.74290786e-07  4.80432190e-01  1.17591544e+00 
 3.92352722e-02  6.27435763e-01  1.75211702e-07  4.81380736e-01  1.17705817e+00 
 3.92492776e-02  6.27614470e-01  1.75995856e-07  4.81566864e-01  1.17747833e+00 
 3.92565599e-02  6.27728923e-01  1.76488217e-07  4.81635876e-01  1.17769680e+00 
 3.92601476e-02  6.27779648e-01  1.76709314e-07  4.81676162e-01  1.17780443e+00 
 3.92649081e-02  6.27852650e-01  1.77028369e-07  4.81722462e-01  1.17794724e+00 
 3.92695769e-02  6.27922406e-01  1.77329446e-07  4.81771059e-01  1.17808731e+00 
 3.92743042e-02  6.27993907e-01  1.77643851e-07  4.81818042e-01  1.17822913e+00 
 3.92803142e-02  6.28084697e-01  1.78037003e-07  4.81879308e-01  1.17840943e+00 
 3.92896605e-02  6.28225837e-01  1.78656722e-07  4.81973237e-01  1.17868981e+00 
 3.92990966e-02  6.28368714e-01  1.79279722e-07  4.82068834e-01  1.17897290e+00 
 3.93149486e-02  6.28608527e-01  1.80336003e-07  4.82228530e-01  1.17944846e+00 
 3.93374316e-02  6.28949518e-01  1.81838056e-07  4.82455802e-01  1.18012295e+00 
 3.93753562e-02  6.29525378e-01  1.84399953e-07  4.82838616e-01  1.18126069e+00 
 3.94374405e-02  6.30471669e-01  1.88651802e-07  4.83466609e-01  1.18312322e+00 
 3.95374405e-02  6.32003599e-01  1.95671099e-07  4.84479223e-01  1.18612322e+00 
 3.96374405e-02  6.33546120e-01  2.02894398e-07  4.85494766e-01  1.18912322e+00 
 3.97374405e-02  6.35098705e-01  2.10332455e-07  4.86512508e-01  1.19212322e+00 
 3.98374405e-02  6.36662182e-01  2.17981085e-07  4.87533682e-01  1.19512322e+00 
 3.99374405e-02  6.38236051e-01  2.25850799e-07  4.88557580e-01  1.19812322e+00 
 4.00374405e-02  6.39821097e-01  2.33937187e-07  4.89585380e-01  1.20112322e+00 
 4.01374405e-02  6.41416842e-01  2.42250500e-07  4.90616393e-01  1.20412322e+00 
 4.02374405e-02  6.43024033e-01  2.50786089e-07  4.91651742e-01  1.20712322e+00 
 4.03374405e-02  6.44642209e-01  2.59553942e-07  4.92690750e-01  1.21012322e+00 
 4.04374405e-02  6.46272082e-01  2.68549151e-07  4.93734483e-01  1.21312322e+00 
 4.05374405e-02  6.47913206e-01  2.77781445e-07  4.94782268e-01  1.21612322e+00 
 4.06374405e-02  6.49566258e-01  2.87245652e-07  4.95835110e-01  1.21912322e+00 
 4.07374405e-02  6.51230805e-01  2.96951239e-07  4.96892335e-01  1.22212322e+00 
 4.08374405e-02  6.52907493e-01  3.06892766e-07  4.97954887e-01  1.22512322e+00 
 4.09374405e-02  6.54595904e-01  3.17079450e-07  4.99022085e-01  1.22812322e+00 
 4.10374405e-02  6.56296649e-01  3.27505577e-07  5.00094810e-01  1.23112322e+00 
 4.11374405e-02  6.58009325e-01  3.38180127e-07  5.01172368e-01  1.23412322e+00 
 4.12374405e-02  6.59734515e-01  3.49097118e-07  5.02255574e-01  1.23712322e+00 
 4.13374405e-02  6.61471824e-01  3.60265290e-07  5.03343724e-01  1.24012322e+00 
 4.14374405e-02  6.63221804e-01  3.71678362e-07  5.04437574e-01  1.24312322e+00 
 4.15374405e-02  6.64984072e-01  3.83344880e-07  5.05536399e-01  1.24612322e+00 
 4.16374405e-02  6.66759187e-01  3.95258516e-07  5.06640846e-01  1.24912322e+00 
 4.17374405e-02  6.68546779e-01  4.07427634e-07  5.07750172e-01  1.25212322e+00 
 4.18374405e-02  6.70347362e-01  4.19845533e-07  5.08864985e-01  1.25512322e+00 
 4.19374405e-02  6.72160575e-01  4.32520410e-07  5.09984526e-01  1.25812322e+00 
 4.20374405e-02  6.73986919e-01  4.45445380e-07  5.11109328e-01  1.26112322e+00 
 4.21374405e-02  6.75826048e-01  4.58628536e-07  5.12238607e-01  1.26412322e+00 
 4.22374405e-02  6.77678450e-01  4.72062825e-07  5.13372823e-01  1.26712322e+00 
 4.23374405e-02  6.79543793e-01  4.85756260e-07  5.14511170e-01  1.27012322e+00 
 4.24374405e-02  6.81422554e-01  4.99701643e-07  5.15654038e-01  1.27312322e+00 
 4.25374405e-02  6.83314419e-01  5.13906945e-07  5.16800598e-01  1.27612322e+00 
 4.26374405e-02  6.85219853e-01  5.28364848e-07  5.17951172e-01  1.27912322e+00 
 4.27374405e-02  6.87138561e-01  5.43083316e-07  5.19104908e-01  1.28212322e+00 
 4.28374405e-02  6.89071001e-01  5.58054946e-07  5.20262062e-01  1.28512322e+00 
 4.29374405e-02  6.91016897e-01  5.73287728e-07  5.21421760e-01  1.28812322e+00 
 4.30374405e-02  6.92976705e-01  5.88774207e-07  5.22584193e-01  1.29112322e+00 
 4.31374405e-02  6.94950166e-01  6.04522436e-07  5.23748469e-01  1.29412322e+00 
 4.32374405e-02  6.96937734e-01  6.20524935e-07  5.24914714e-01  1.29712322e+00 
 4.33374405e-02  6.98939174e-01  6.36789856e-07  5.26082020e-01  1.30012322e+00 
 4.34374405e-02  7.00954940e-01  6.53309722e-07  5.27250452e-01  1.30312322e+00 
 4.35374405e-02  7.02984818e-01  6.70092821e-07  5.28419088e-01  1.30612322e+00 
 4.36374405e-02  7.05029265e-01  6.87131702e-07  5.29587935e-01  1.30912322e+00 
 4.37374405e-02  7.07088089e-01  7.04434816e-07  5.30756059e-01  1.31212322e+00 
 4.38374405e-02  7.09161753e-01  7.21994763e-07  5.31923413e-01  1.31512322e+00 
 4.39374405e-02  7.11250088e-01  7.39820180e-07  5.33089059e-01  1.31812322e+00 
 4.40374405e-02  7.13353560e-01  7.57903735e-07  5.34252898e-01  1.32112322e+00 
 4.41374405e-02  7.15472024e-01  7.76254268e-07  5.35413992e-01  1.32412322e+00 
 4.42374405e-02  7.17605952e-01  7.94864523e-07  5.36572200e-01  1.32712322e+00 
 4.43374405e-02  7.19755219e-01  8.13743550e-07  5.37726590e-01  1.33012322e+00 
 4.44374405e-02  7.21920304e-01  8.32884164e-07  5.38876989e-01  1.33312322e+00 
 4.45374405e-02  7.24101100e-01  8.52295620e-07  5.40022483e-01  1.33612322e+00 
 4.46374405e-02  7.26298087e-01  8.71970790e-07  5.41162877e-01  1.33912322e+00 
 4.47374405e-02  7.28511176e-01  8.91919106e-07  5.42297289e-01  1.34212322e+00 
 4.48374405e-02  7.30740846e-01  9.12133457e-07  5.43425520e-01  1.34512322e+00 
 4.49374405e-02  7.32987015e-01  9.32623413e-07  5.44546739e-01  1.34812322e+00 
 4.50374405e-02  7.35250156e-01  9.53381818e-07  5.45660764e-01  1.35112322e+00 
 4.51374405e-02  7.37530190e-01  9.74418307e-07  5.46766836e-01  1.35412322e+00 
 4.52374405e-02  7.39827573e-01  9.95725595e-07  5.47864817e-01  1.35712322e+00 
 4.53374405e-02  7.42142219e-01  1.01731328e-06  5.48954049e-01  1.36012322e+00 
 4.54374405e-02  7.44474557e-01  1.03917385e-06  5.50034465e-01  1.36312322e+00 
 4.55374405e-02  7.46824482e-01  1.06131675e-06  5.51105536e-01  1.36612322e+00 
 4.56374405e-02  7.49192384e-01  1.08373408e-06  5.52167299e-01  1.36912322e+00 
 4.57374405e-02  7.51578125e-01  1.10643503e-06  5.53219381e-01  1.37212322e+00 
 4.58374405e-02  7.53982046e-01  1.12941118e-06  5.54261949e-01  1.37512322e+00 
 4.59374405e-02  7.56403965e-01  1.15267132e-06  5.55294807e-01  1.37812322e+00 
 4.60374405e-02  7.58844159e-01  1.17620642e-06  5.56318271e-01  1.38112322e+00 
 4.61374405e-02  7.61302394e-01  1.20002473e-06  5.57332333e-01  1.38412322e+00 
 4.62374405e-02  7.63778879e-01  1.22411654e-06  5.58337461e-01  1.38712322e+00 
 4.63374405e-02  7.66273322e-01  1.24848953e-06  5.59333827e-01  1.39012322e+00 
 4.64374405e-02  7.68785860e-01  1.27313324e-06  5.60322041e-01  1.39312322e+00 
 4.65374405e-02  7.71316143e-01  1.29805478e-06  5.61302435e-01  1.39612322e+00 
 4.66374405e-02  7.73864241e-01  1.32324299e-06  5.62275734e-01  1.39912322e+00 
 4.67374405e-02  7.76429755e-01  1.34870446e-06  5.63242389e-01  1.40212322e+00 
 4.68374405e-02  7.79012692e-01  1.37442736e-06  5.64203205e-01  1.40512322e+00 
 4.69374405e-02  7.81612614e-01  1.40041788e-06  5.65158708e-01  1.40812322e+00 
 4.70374405e-02  7.84229477e-01  1.42666364e-06  5.66109741e-01  1.41112322e+00 
 4.71374405e-02  7.86862815e-01  1.45317050e-06  5.67056863e-01  1.41412322e+00 
 4.72374405e-02  7.89512546e-01  1.47992566e-06  5.68000916e-01  1.41712322e+00 
 4.73374405e-02  7.92178188e-01  1.50693477e-06  5.68942452e-01  1.42012322e+00 
 4.74374405e-02  7.94859628e-01  1.53418470e-06  5.69882281e-01  1.42312322e+00 
 4.75374405e-02  7.97556377e-01  1.56168096e-06  5.70820923e-01  1.42612322e+00 
 4.76374405e-02  8.00268302e-01  1.58941018e-06  5.71759137e-01  1.42912322e+00 
 4.77374405e-02  8.02994914e-01  1.61737783e-06  5.72697390e-01  1.43212322e+00 
 4.78374405e-02  8.05736063e-01  1.64557032e-06  5.73636379e-01  1.43512322e+00 
 4.79374405e-02  8.08491263e-01  1.67399312e-06  5.74576513e-01  1.43812322e+00 
 4.80374405e-02  8.11260354e-01  1.70263248e-06  5.75518424e-01  1.44112322e+00 
 4.81374405e-02  8.14042856e-01  1.73149387e-06  5.76462459e-01  1.44412322e+00 
 4.82374405e-02  8.16838595e-01  1.76056339e-06  5.77409190e-01  1.44712322e+00 
 4.83374405e-02  8.19647099e-01  1.78984655e-06  5.78358906e-01  1.45012322e+00 
 4.84374405e-02  8.22468183e-01  1.81932929e-06  5.79312124e-01  1.45312322e+00 
 4.85374405e-02  8.25301381e-01  1.84901714e-06  5.80269080e-01  1.45612322e+00 
 4.86374405e-02  8.28146497e-01  1.87889590e-06  5.81230245e-01  1.45912322e+00 
 4.87374405e-02  8.31003070e-01  1.90897112e-06  5.82195808e-01  1.46212322e+00 
 4.88374405e-02  8.33870890e-01  1.93922845e-06  5.83166201e-01  1.46512322e+00 
 4.89374405e-02  8.36749502e-01  1.96967342e-06  5.84141573e-01  1.46812322e+00 
 4.90374405e-02  8.39638680e-01  2.00029154e-06  5.85122325e-01  1.47112322e+00 
 4.91374405e-02  8.42537974e-01  2.03108834e-06  5.86108573e-01  1.47412322e+00 
 4.92374405e-02  8.45447143e-01  2.06204915e-06  5.87100692e-01  1.47712322e+00 
 4.93374405e-02  8.48365738e-01  2.09317949e-06  5.88098771e-01  1.48012322e+00 
 4.94374405e-02  8.51293504e-01  2.12446453e-06  5.89103162e-01  1.48312322e+00 
 4.95374405e-02  8.54229991e-01  2.15590977e-06  5.90113935e-01  1.48612322e+00 
 4.96374405e-02  8.57174929e-01  2.18750018e-06  5.91131426e-01  1.48912322e+00 
 4.97374405e-02  8.60127867e-01  2.21924123e-06  5.92155685e-01  1.49212322e+00 
 4.98374405e-02  8.63088518e-01  2.25111773e-06  5.93187037e-01  1.49512322e+00 
 4.99374405e-02  8.66056431e-01  2.28313510e-06  5.94225516e-01  1.49812322e+00 
 5.00374405e-02  8.69031300e-01  2.31527794e-06  5.95271439e-01  1.50112322e+00 
 5.01374405e-02  8.72012671e-01  2.34755165e-06  5.96324829e-01  1.50412322e+00 
 5.02374405e-02  8.75000221e-01  2.37994062e-06  5.97385996e-01  1.50712322e+00 
 5.03374405e-02  8.77993491e-01  2.41245018e-06  5.98454956e-01  1.51012322e+00 
 5.04374405e-02  8.80992138e-01  2.44506452e-06  5.99532013e-01  1.51312322e+00 
 5.05374405e-02  8.83995698e-01  2.47778889e-06  6.00617176e-01  1.51612322e+00 
 5.06374405e-02  8.87003807e-01  2.51060726e-06  6.01710750e-01  1.51912322e+00 
 5.07374405e-02  8.90015991e-01  2.54352478e-06  6.02812740e-01  1.52212322e+00 
 5.08374405e-02  8.93031865e-01  2.57652516e-06  6.03923450e-01  1.52512322e+00 
 5.09374405e-02  8.96050944e-01  2.60961343e-06  6.05042886e-01  1.52812322e+00 
 5.10374405e-02  8.99072815e-01  2.64277303e-06  6.06171355e-01  1.53112322e+00 
 5.11374405e-02  9.02096979e-01  2.67600882e-06  6.07308863e-01  1.53412322e+00 
 5.12374405e-02  9.05122992e-01  2.70930391e-06  6.08455725e-01  1.53712322e+00 
 5.13374405e-02  9.08150337e-01  2.74266297e-06  6.09611951e-01  1.54012322e+00 
 5.14374405e-02  9.11178534e-01  2.77606873e-06  6.10777865e-01  1.54312322e+00 
 5.15374405e-02  9.14207039e-01  2.80952555e-06  6.11953487e-01  1.54612322e+00 
 5.16374405e-02  9.17235329e-01  2.84301573e-06  6.13139154e-01  1.54912322e+00 
 5.17374405e-02  9.20262826e-01  2.87654329e-06  6.14334897e-01  1.55212322e+00 
 5.18374405e-02  9.23288957e-01  2.91008997e-06  6.15541072e-01  1.55512322e+00 
 5.19374405e-02  9.26313100e-01  2.94365933e-06  6.16757727e-01  1.55812322e+00 
 5.20374405e-02  9.29334621e-01  2.97723246e-06  6.17985243e-01  1.56112322e+00 
 5.21374405e-02  9.32352841e-01  3.01081234e-06  6.19223689e-01  1.56412322e+00 
 5.22374405e-02  9.35367054e-01  3.04437929e-06  6.20473475e-01  1.56712322e+00 
 5.23374405e-02  9.38376514e-01  3.07793555e-06  6.21734701e-01  1.57012322e+00 
 5.24374405e-02  9.41380430e-01  3.11146053e-06  6.23007810e-01  1.57312322e+00 
 5.25374405e-02  9.44377977e-01  3.14495560e-06  6.24292938e-01  1.57612322e+00 
 5.26374405e-02  9.47368265e-01  3.17839907e-06  6.25590571e-01  1.57912322e+00 
 5.27374405e-02  9.50350380e-01  3.21179129e-06  6.26900885e-01  1.58212322e+00 
 5.28374405e-02  9.53323325e-01  3.24510932e-06  6.28224415e-01  1.58512322e+00 
 5.29374405e-02  9.56286088e-01  3.27835235e-06  6.29561385e-01  1.58812322e+00 
 5.30374405e-02  9.59237554e-01  3.31149602e-06  6.30912383e-01  1.59112322e+00 
 5.31374405e-02  9.62176608e-01  3.34453827e-06  6.32277681e-01  1.59412322e+00 
 5.32374405e-02  9.65102016e-01  3.37745326e-06  6.33657924e-01  1.59712322e+00 
 5.33374405e-02  9.68012556e-01  3.41023762e-06  6.35053434e-01  1.60012322e+00 
 5.34374405e-02  9.70906875e-01  3.44286403e-06  6.36464909e-01  1.60312322e+00 
 5.35374405e-02  9.73783655e-01  3.47532788e-06  6.37892716e-01  1.60612322e+00 
 5.36374405e-02  9.76641433e-01  3.50760051e-06  6.39337598e-01  1.60912322e+00 
 5.37374405e-02  9.79478807e-01  3.53967627e-06  6.40799957e-01  1.61212322e+00 
 5.38374405e-02  9.82294228e-01  3.57152539e-06  6.42280568e-01  1.61512322e+00 
 5.39374405e-02  9.85086240e-01  3.60314152e-06  6.43779851e-01  1.61812322e+00 
 5.40374405e-02  9.87853235e-01  3.63449420e-06  6.45298596e-01  1.62112322e+00 
 5.41374405e-02  9.90593739e-01  3.66557676e-06  6.46837222e-01  1.62412322e+00 
 5.42374405e-02  9.93306118e-01  3.69635838e-06  6.48396518e-01  1.62712322e+00 
 5.43374405e-02  9.95988900e-01  3.72683240e-06  6.49976891e-01  1.63012322e+00 
 5.44374405e-02  9.98640430e-01  3.75696769e-06  6.51579127e-01  1.63312322e+00 
 5.45374405e-02  1.00125922e+00  3.78675736e-06  6.53203632e-01  1.63612322e+00 
 5.46374405e-02  1.00384351e+00  3.81616912e-06  6.54851234e-01  1.63912322e+00 
 5.47374405e-02  1.00639162e+00  3.84519392e-06  6.56522427e-01  1.64212322e+00 
 5.48374405e-02  1.00890138e+00  3.87379456e-06  6.58218247e-01  1.64512322e+00 
 5.49374405e-02  1.01137029e+00  3.90195273e-06  6.59939597e-01  1.64812322e+00 
 5.50374405e-02  1.01379455e+00  3.92961244e-06  6.61688344e-01  1.65112322e+00 
 5.51374405e-02  1.01616830e+00  3.95671702e-06  6.63467092e-01  1.65412322e+00 
 5.52374405e-02  1.01848016e+00  3.98312370e-06  6.65281554e-01  1.65712322e+00 
 5.53374405e-02  1.02070444e+00  4.00854823e-06  6.67144424e-01  1.66012322e+00 
 5.54374405e-02  1.02276244e+00  4.03207604e-06  6.69095634e-01  1.66312322e+00 
 5.54909477e-02  1.02370977e+00  4.04291039e-06  6.70219339e-01  1.66472843e+00 
 5.55313482e-02  1.02428188e+00  4.04944746e-06  6.71141215e-01  1.66594045e+00 
 5.55709017e-02  1.02469919e+00  4.05421874e-06  6.72116605e-01  1.66712705e+00 
 5.56017178e-02  1.02494896e+00  4.05707028e-06  6.72914919e-01  1.66805153e+00 
 5.56336401e-02  1.02517027e+00  4.05960193e-06  6.73760883e-01  1.66900920e+00 
 5.56623996e-02  1.02534780e+00  4.06162782e-06  6.74534206e-01  1.66987199e+00 
 5.56990604e-02  1.02555733e+00  4.06402483e-06  6.75528461e-01  1.67097181e+00 
 5.57425708e-02  1.02578408e+00  4.06661264e-06  6.76719729e-01  1.67227712e+00 
 5.57927427e-02  1.02602441e+00  4.06936102e-06  6.78104069e-01  1.67378228e+00 
 5.58399776e-02  1.02623034e+00  4.07170994e-06  6.79417812e-01  1.67519933e+00 
 5.58882038e-02  1.02642913e+00  4.07398345e-06  6.80764857e-01  1.67664612e+00 
 5.59234980e-02  1.02656916e+00  4.07557952e-06  6.81753553e-01  1.67770494e+00 
 5.59585350e-02  1.02670559e+00  4.07714067e-06  6.82736261e-01  1.67875605e+00 
 5.59958232e-02  1.02684694e+00  4.07875156e-06  6.83784181e-01  1.67987470e+00 
 5.60526355e-02  1.02705674e+00  4.08115037e-06  6.85383490e-01  1.68157907e+00 
 5.61462202e-02  1.02738557e+00  4.08490129e-06  6.88026663e-01  1.68438661e+00 
 5.62462202e-02  1.02771594e+00  4.08867568e-06  6.90861594e-01  1.68738661e+00 
 5.63462202e-02  1.02802416e+00  4.09218981e-06  6.93707903e-01  1.69038661e+00 
 5.64462202e-02  1.02831205e+00  4.09547767e-06  6.96564413e-01  1.69338661e+00 
 5.65462202e-02  1.02857931e+00  4.09852263e-06  6.99431502e-01  1.69638661e+00 
 5.66462202e-02  1.02882788e+00  4.10136017e-06  7.02307929e-01  1.69938661e+00 
 5.67462202e-02  1.02905757e+00  4.10397468e-06  7.05194032e-01  1.70238661e+00 
 5.68462202e-02  1.02927040e+00  4.10640260e-06  7.08088531e-01  1.70538661e+00 
 5.69462202e-02  1.02946620e+00  4.10862887e-06  7.10991742e-01  1.70838661e+00 
 5.70462202e-02  1.02964704e+00  4.11069034e-06  7.13902369e-01  1.71138661e+00 
 5.71462202e-02  1.02981278e+00  4.11257204e-06  7.16820727e-01  1.71438661e+00 
 5.72462202e-02  1.02996545e+00  4.11431070e-06  7.19745529e-01  1.71738661e+00 
 5.73462202e-02  1.03010489e+00  4.11589105e-06  7.22677104e-01  1.72038661e+00 
 5.74462202e-02  1.03023308e+00  4.11734929e-06  7.25614189e-01  1.72338661e+00 
 5.75462202e-02  1.03034983e+00  4.11866957e-06  7.28557144e-01  1.72638661e+00 
 5.76462202e-02  1.03045702e+00  4.11988722e-06  7.31504743e-01  1.72938661e+00 
 5.77462202e-02  1.03055441e+00  4.12098561e-06  7.34457382e-01  1.73238661e+00 
 5.78462202e-02  1.03064377e+00  4.12199903e-06  7.37413884e-01  1.73538661e+00 
 5.79462202e-02  1.03072478e+00  4.12291000e-06  7.40374683e-01  1.73838661e+00 
 5.80462202e-02  1.03079913e+00  4.12375164e-06  7.43338653e-01  1.74138661e+00 
 5.81462202e-02  1.03086643e+00  4.12450560e-06  7.46306268e-01  1.74438661e+00 
 5.82462202e-02  1.03092825e+00  4.12520385e-06  7.49276455e-01  1.74738661e+00 
 5.83462202e-02  1.03098413e+00  4.12582720e-06  7.52249724e-01  1.75038661e+00 
 5.84462202e-02  1.03103553e+00  4.12640650e-06  7.55225052e-01  1.75338661e+00 
 5.85462202e-02  1.03108194e+00  4.12692182e-06  7.58202984e-01  1.75638661e+00 
 5.86462202e-02  1.03112473e+00  4.12740294e-06  7.61182542e-01  1.75938661e+00 
 5.87462202e-02  1.03116333e+00  4.12782931e-06  7.64164301e-01  1.76238661e+00 
 5.88462202e-02  1.03119902e+00  4.12822973e-06  7.67147326e-01  1.76538661e+00 
 5.89462202e-02  1.03123120e+00  4.12858312e-06  7.70132216e-01  1.76838661e+00 
 5.90462202e-02  1.03126106e+00  4.12891742e-06  7.73118073e-01  1.77138661e+00 
 5.91462202e-02  1.03128796e+00  4.12921112e-06  7.76105515e-01  1.77438661e+00 
 5.92462202e-02  1.03131302e+00  4.12949137e-06  7.79093681e-01  1.77738661e+00 
 5.93462202e-02  1.03133559e+00  4.12973634e-06  7.82083202e-01  1.78038661e+00 
 5.94462202e-02  1.03135673e+00  4.12997249e-06  7.85073246e-01  1.78338661e+00 
 5.95462202e-02  1.03137575e+00  4.13017775e-06  7.88064456e-01  1.78638661e+00 
 5.96462202e-02  1.03139366e+00  4.13037797e-06  7.91056027e-01  1.78938661e+00 
 5.97462202e-02  1.03140979e+00  4.13055091e-06  7.94048610e-01  1.79238661e+00 
 5.98462202e-02  1.03142506e+00  4.13072188e-06  7.97041422e-01  1.79538661e+00 
 5.99462202e-02  1.03143880e+00  4.13086854e-06  8.00035118e-01  1.79838661e+00 
 6.00462202e-02  1.03145191e+00  4.13101570e-06  8.03028938e-01  1.80138661e+00 
 6.01462202e-02  1.03146371e+00  4.13114100e-06  8.06023539e-01  1.80438661e+00 
 6.02462202e-02  1.03147505e+00  4.13126878e-06  8.09018177e-01  1.80738661e+00 
 6.03462202e-02  1.03148526e+00  4.13137670e-06  8.12013513e-01  1.81038661e+00 
 6.04462202e-02  1.03149514e+00  4.13148871e-06  8.15008818e-01  1.81338661e+00 
 6.05462202e-02  1.03150405e+00  4.13158248e-06  8.18004750e-01  1.81638661e+00 
 6.06462202e-02  1.03151274e+00  4.13168162e-06  8.21000599e-01  1.81938661e+00 
 6.07462202e-02  1.03152058e+00  4.13176388e-06  8.23997017e-01  1.82238661e+00 
 6.08462202e-02  1.03152830e+00  4.13185252e-06  8.26993308e-01  1.82538661e+00 
 6.09462202e-02  1.03153526e+00  4.13192539e-06  8.29990122e-01  1.82838661e+00 
 6.10462202e-02  1.03154218e+00  4.13200544e-06  8.32986776e-01  1.83138661e+00 
 6.11462202e-02  1.03154843e+00  4.13207063e-06  8.35983913e-01  1.83438661e+00 
 6.12462202e-02  1.03155469e+00  4.13214364e-06  8.38980863e-01  1.83738661e+00 
 6.13462202e-02  1.03156036e+00  4.13220256e-06  8.41978265e-01  1.84038661e+00 
 6.14462202e-02  1.03156607e+00  4.13226978e-06  8.44975459e-01  1.84338661e+00 
 6.15462202e-02  1.03157126e+00  4.13232355e-06  8.47973078e-01  1.84638661e+00 
 6.16462202e-02  1.03157653e+00  4.13238601e-06  8.50970472e-01  1.84938661e+00 
 6.17462202e-02  1.03158132e+00  4.13243554e-06  8.53968270e-01  1.85238661e+00 
 6.18462202e-02  1.03158622e+00  4.13249407e-06  8.56965829e-01  1.85538661e+00 
 6.19462202e-02  1.03159068e+00  4.13254011e-06  8.59963774e-01  1.85838661e+00 
 6.20462202e-02  1.03159527e+00  4.13259536e-06  8.62961471e-01  1.86138661e+00 
 6.21462202e-02  1.03159947e+00  4.13263852e-06  8.65959537e-01  1.86438661e+00 
 6.22462202e-02  1.03160381e+00  4.13269105e-06  8.68957349e-01  1.86738661e+00 
 6.23462202e-02  1.03160778e+00  4.13273182e-06  8.71955516e-01  1.87038661e+00 
 6.24462202e-02  1.03161190e+00  4.13278207e-06  8.74953424e-01  1.87338661e+00 
 6.25462202e-02  1.03161569e+00  4.13282084e-06  8.77951674e-01  1.87638661e+00 
 6.26462202e-02  1.03161963e+00  4.13286919e-06  8.80949662e-01  1.87938661e+00 
 6.27462202e-02  1.03162326e+00  4.13290629e-06  8.83947983e-01  1.88238661e+00 
 6.28462202e-02  1.03162706e+00  4.13295302e-06  8.86946039e-01  1.88538661e+00 
 6.29462202e-02  1.03163056e+00  4.13298873e-06  8.89944418e-01  1.88838661e+00 
 6.30462202e-02  1.03163422e+00  4.13303409e-06  8.92942532e-01  1.89138661e+00 
 6.31462202e-02  1.03163761e+00  4.13306862e-06  8.95940961e-01  1.89438661e+00 
 6.32462202e-02  1.03164117e+00  4.13311281e-06  8.98939124e-01  1.89738661e+00 
 6.33462202e-02  1.03164447e+00  4.13314635e-06  9.01937595e-01  1.90038661e+00 
 6.34462202e-02  1.03164794e+00  4.13318953e-06  9.04935800e-01  1.90338661e+00 
 6.35462202e-02  1.03165116e+00  4.13322223e-06  9.07934306e-01  1.90638661e+00 
 6.36462202e-02  1.03165454e+00  4.13326455e-06  9.10932547e-01  1.90938661e+00 
 6.37462202e-02  1.03165770e+00  4.13329652e-06  9.13931084e-01  1.91238661e+00 
 6.38462202e-02  1.03166101e+00  4.13333808e-06  9.16929357e-01  1.91538661e+00 
 6.39462202e-02  1.03166411e+00  4.13336943e-06  9.19927920e-01  1.91838661e+00 
 6.40462202e-02  1.03166736e+00  4.13341034e-06  9.22926221e-01  1.92138661e+00 
 6.41462202e-02  1.03167042e+00  4.13344116e-06  9.25924806e-01  1.92438661e+00 
 6.42462202e-02  1.03167361e+00  4.13348149e-06  9.28923131e-01  1.92738661e+00 
 6.43462202e-02  1.03167662e+00  4.13351185e-06  9.31921736e-01  1.93038661e+00 
 6.44462202e-02  1.03167978e+00  4.13355166e-06  9.34920082e-01  1.93338661e+00 
 6.45462202e-02  1.03168275e+00  4.13358162e-06  9.37918704e-01  1.93638661e+00 
 6.46462202e-02  1.03168586e+00  4.13362098e-06  9.40917069e-01  1.93938661e+00 
 6.47462202e-02  1.03168880e+00  4.13365058e-06  9.43915706e-01  1.94238661e+00 
 6.48462202e-02  1.03169187e+00  4.13368953e-06  9.46914088e-01  1.94538661e+00 
 6.49462202e-02  1.03169479e+00  4.13371883e-06  9.49912738e-01  1.94838661e+00 
 6.50462202e-02  1.03169782e+00  4.13375741e-06  9.52911136e-01  1.95138661e+00 
 6.51462202e-02  1.03170071e+00  4.13378644e-06  9.55909797e-01  1.95438661e+00 
 6.52462202e-02  1.03170372e+00  4.13382469e-06  9.58908209e-01  1.95738661e+00 
 6.53462202e-02  1.03170659e+00  4.13385347e-06  9.61906880e-01  1.96038661e+00 
 6.54462202e-02  1.03170957e+00  4.13389142e-06  9.64905305e-01  1.96338661e+00 
 6.55462202e-02  1.03171242e+00  4.13391998e-06  9.67903985e-01  1.96638661e+00 
 6.56462202e-02  1.03171537e+00  4.13395768e-06  9.70902421e-01  1.96938661e+00 
 6.57462202e-02  1.03171820e+00  4.13398604e-06  9.73901109e-01  1.97238661e+00 
 6.58462202e-02  1.03172113e+00  4.13402342e-06  9.76899559e-01  1.97538661e+00 
 6.59462202e-02  1.03172395e+00  4.13405165e-06  9.79898253e-01  1.97838661e+00 
 6.60462202e-02  1.03172686e+00  4.13408880e-06  9.82896711e-01  1.98138661e+00 
 6.61462202e-02  1.03172966e+00  4.13411685e-06  9.85895413e-01  1.98438661e+00 
 6.62462202e-02  1.03173255e+00  4.13415379e-06  9.88893880e-01  1.98738661e+00 
 6.63462202e-02  1.03173534e+00  4.13418168e-06  9.91892589e-01  1.99038661e+00 
 6.64462202e-02  1.03173821e+00  4.13421842e-06  9.94891064e-01  1.99338661e+00 
 6.65462202e-02  1.03174098e+00  4.13424618e-06  9.97889779e-01  1.99638661e+00 
 6.66462202e-02  1.03174384e+00  4.13428272e-06  1.00088826e+00  1.99938661e+00 
 6.67462202e-02  1.03174660e+00  4.13431036e-06  1.00388698e+00  2.00238661e+00 
 6.68462202e-02  1.03174944e+00  4.13434671e-06  1.00688547e+00  2.00538661e+00 
 6.69462202e-02  1.03175219e+00  4.13437424e-06  1.00988420e+00  2.00838661e+00 
 6.70462202e-02  1.03175501e+00  4.13441040e-06  1.01288270e+00  2.01138661e+00 
 6.71462202e-02  1.03175776e+00  4.13443784e-06  1.01588143e+00  2.01438661e+00 
 6.72462202e-02  1.03176056e+00  4.13447381e-06  1.01887993e+00  2.01738661e+00 
 6.73462202e-02  1.03176330e+00  4.13450117e-06  1.02187866e+00  2.02038661e+00 
 6.74462202e-02  1.03176609e+00  4.13453699e-06  1.02487718e+00  2.02338661e+00 
 6.75462202e-02  1.03176882e+00  4.13456423e-06  1.02787592e+00  2.02638661e+00 
 6.76462202e-02  1.03177159e+00  4.13459989e-06  1.03087444e+00  2.02938661e+00 
 6.77462202e-02  1.03177431e+00  4.13462703e-06  1.03387318e+00  2.03238661e+00 
 6.78462202e-02  1.03177707e+00  4.13466254e-06  1.03687170e+00  2.03538661e+00 
 6.79462202e-02  1.03177979e+00  4.13468959e-06  1.03987045e+00  2.03838661e+00 
 6.80462202e-02  1.03178253e+00  4.13472495e-06  1.04286898e+00  2.04138661e+00 
 6.81462202e-02  1.03178524e+00  4.13475192e-06  1.04586773e+00  2.04438661e+00 
 6.82462202e-02  1.03178797e+00  4.13478712e-06  1.04886627e+00  2.04738661e+00 
 6.83462202e-02  1.03179067e+00  4.13481401e-06  1.05186502e+00  2.05038661e+00 
 6.84462202e-02  1.03179339e+00  4.13484907e-06  1.05486357e+00  2.05338661e+00 
 6.85462202e-02  1.03179609e+00  4.13487587e-06  1.05786232e+00  2.05638661e+00 
 6.86462202e-02  1.03179879e+00  4.13491080e-06  1.06086088e+00  2.05938661e+00 
 6.87462202e-02  1.03180148e+00  4.13493752e-06  1.06385963e+00  2.06238661e+00 
 6.88462202e-02  1.03180417e+00  4.13497230e-06  1.06685819e+00  2.06538661e+00 
 6.89462202e-02  1.03180685e+00  4.13499893e-06  1.06985695e+00  2.06838661e+00 
 6.90462202e-02  1.03180953e+00  4.13503358e-06  1.07285552e+00  2.07138661e+00 
 6.91462202e-02  1.03181221e+00  4.13506013e-06  1.07585428e+00  2.07438661e+00 
 6.92462202e-02  1.03181488e+00  4.13509463e-06  1.07885285e+00  2.07738661e+00 
 6.93462202e-02  1.03181754e+00  4.13512110e-06  1.08185162e+00  2.08038661e+00 
 6.94462202e-02  1.03182020e+00  4.13515547e-06  1.08485020e+00  2.08338661e+00 
 6.95462202e-02  1.03182285e+00  4.13518186e-06  1.08784897e+00  2.08638661e+00 
 6.96462202e-02  1.03182550e+00  4.13521608e-06  1.09084755e+00  2.08938661e+00 
 6.97462202e-02  1.03182815e+00  4.13524238e-06  1.09384633e+00  2.09238661e+00 
 6.98462202e-02  1.03183078e+00  4.13527646e-06  1.09684492e+00  2.09538661e+00 
 6.99462202e-02  1.03183342e+00  4.13530268e-06  1.09984370e+00  2.09838661e+00 
 7.00462202e-02  1.03183604e+00  4.13533662e-06  1.10284229e+00  2.10138661e+00 
 7.01462202e-02  1.03183867e+00  4.13536274e-06  1.10584108e+00  2.10438661e+00 
 7.02462202e-02  1.03184128e+00  4.13539654e-06  1.10883968e+00  2.10738661e+00 
 7.03462202e-02  1.03184391e+00  4.13542257e-06  1.11183847e+00  2.11038661e+00 
 7.04462202e-02  1.03184650e+00  4.13545622e-06  1.11483707e+00  2.11338661e+00 
 7.05462202e-02  1.03184912e+00  4.13548215e-06  1.11783587e+00  2.11638661e+00 
 7.06462202e-02  1.03185170e+00  4.13551565e-06  1.12083448e+00  2.11938661e+00 
 7.07462202e-02  1.03185431e+00  4.13554148e-06  1.12383328e+00  2.12238661e+00 
 7.08462202e-02  1.03185688e+00  4.13557482e-06  1.12683189e+00  2.12538661e+00 
 7.09462202e-02  1.03185947e+00  4.13560055e-06  1.12983070e+00  2.12838661e+00 
 7.10462202e-02  1.03186203e+00  4.13563373e-06  1.13282932e+00  2.13138661e+00 
 7.11462202e-02  1.03186461e+00  4.13565934e-06  1.13582813e+00  2.13438661e+00 
 7.12462202e-02  1.03186716e+00  4.13569236e-06  1.13882676e+00  2.13738661e+00 
 7.13462202e-02  1.03186973e+00  4.13571786e-06  1.14182557e+00  2.14038661e+00 
 7.14462202e-02  1.03187226e+00  4.13575071e-06  1.14482422e+00  2.14338661e+00 
 7.15462202e-02  1.03187482e+00  4.13577607e-06  1.14782303e+00  2.14638661e+00 
 7.16462202e-02  1.03187734e+00  4.13580874e-06  1.15082168e+00  2.14938661e+00 
 7.17462202e-02  1.03187989e+00  4.13583398e-06  1.15382050e+00  2.15238661e+00 
 7.18462202e-02  1.03188238e+00  4.13586646e-06  1.15681916e+00  2.15538661e+00 
 7.19462202e-02  1.03188492e+00  4.13589155e-06  1.15981799e+00  2.15838661e+00 
 7.20462202e-02  1.03188740e+00  4.13592384e-06  1.16281666e+00  2.16138661e+00 
 7.21462202e-02  1.03188993e+00  4.13594878e-06  1.16581549e+00  2.16438661e+00 
 7.22462202e-02  1.03189239e+00  4.13598086e-06  1.16881417e+00  2.16738661e+00 
 7.23462202e-02  1.03189490e+00  4.13600563e-06  1.17181301e+00  2.17038661e+00 
 7.24462202e-02  1.03189734e+00  4.13603750e-06  1.17481169e+00  2.17338661e+00 
 7.25462202e-02  1.03189984e+00  4.13606209e-06  1.17781054e+00  2.17638661e+00 
 7.26462202e-02  1.03190226e+00  4.13609373e-06  1.18080924e+00  2.17938661e+00 
 7.27462202e-02  1.03190474e+00  4.13611813e-06  1.18380810e+00  2.18238661e+00 
 7.28462202e-02  1.03190714e+00  4.13614952e-06  1.18680680e+00  2.18538661e+00 
 7.29462202e-02  1.03190960e+00  4.13617370e-06  1.18980567e+00  2.18838661e+00 
 7.30462202e-02  1.03191198e+00  4.13620484e-06  1.19280438e+00  2.19138661e+00 
 7.31462202e-02  1.03191441e+00  4.13622879e-06  1.19580326e+00  2.19438661e+00 
 7.32462202e-02  1.03191677e+00  4.13625964e-06  1.19880199e+00  2.19738661e+00 
 7.33462202e-02  1.03191918e+00  4.13628335e-06  1.20180088e+00  2.20038661e+00 
 7.34462202e-02  1.03192151e+00  4.13631390e-06  1.20479962e+00  2.20338661e+00 
 7.35462202e-02  1.03192389e+00  4.13633719e-06  1.20779853e+00  2.20638661e+00 
 7.36462202e-02  1.03192620e+00  4.13636747e-06  1.21079728e+00  2.20938661e+00 
 7.37462202e-02  1.03192856e+00  4.13639053e-06  1.21379620e+00  2.21238661e+00 
 7.38462202e-02  1.03193083e+00  4.13642045e-06  1.21679497e+00  2.21538661e+00 
 7.39462202e-02  1.03193316e+00  4.13644319e-06  1.21979390e+00  2.21838661e+00 
 7.40462202e-02  1.03193540e+00  4.13647273e-06  1.22279268e+00  2.22138661e+00 
 7.41462202e-02  1.03193770e+00  4.13649510e-06  1.22579163e+00  2.22438661e+00 
 7.42462202e-02  1.03193990e+00  4.13652421e-06  1.22879044e+00  2.22738661e+00 
 7.43462202e-02  1.03194217e+00  4.13654618e-06  1.23178940e+00  2.23038661e+00 
 7.44462202e-02  1.03194433e+00  4.13657484e-06  1.23478823e+00  2.23338661e+00 
 7.45462202e-02  1.03194656e+00  4.13659637e-06  1.23778721e+00  2.23638661e+00 
 7.46462202e-02  1.03194868e+00  4.13662451e-06  1.24078606e+00  2.23938661e+00 
 7.47462202e-02  1.03195086e+00  4.13664555e-06  1.24378506e+00  2.24238661e+00 
 7.48462202e-02  1.03195293e+00  4.13667315e-06  1.24678393e+00  2.24538661e+00 
 7.49462202e-02  1.03195506e+00  4.13669365e-06  1.24978296e+00  2.24838661e+00 
 7.50462202e-02  1.03195708e+00  4.13672065e-06  1.25278186e+00  2.25138661e+00 
 7.51462202e-02  1.03195916e+00  4.13674055e-06  1.25578092e+00  2.25438661e+00 
 7.52462202e-02  1.03196113e+00  4.13676688e-06  1.25877984e+00  2.25738661e+00 
 7.53462202e-02  1.03196315e+00  4.13678613e-06  1.26177893e+00  2.26038661e+00 
 7.54462202e-02  1.03196505e+00  4.13681174e-06  1.26477788e+00  2.26338661e+00 
 7.55462202e-02  1.03196701e+00  4.13683026e-06  1.26777700e+00  2.26638661e+00 
 7.56462202e-02  1.03196884e+00  4.13685507e-06  1.27077599e+00  2.26938661e+00 
 7.57462202e-02  1.03197073e+00  4.13687279e-06  1.27377514e+00  2.27238661e+00 
 7.58462202e-02  1.03197248e+00  4.13689674e-06  1.27677417e+00  2.27538661e+00 
 7.59462202e-02  1.03197429e+00  4.13691359e-06  1.27977336e+00  2.27838661e+00 
 7.60462202e-02  1.03197597e+00  4.13693659e-06  1.28277243e+00  2.28138661e+00 
 7.61462202e-02  1.03197770e+00  4.13695249e-06  1.28577167e+00  2.28438661e+00 
 7.62462202e-02  1.03197928e+00  4.13697447e-06  1.28877078e+00  2.28738661e+00 
 7.63462202e-02  1.03198092e+00  4.13698934e-06  1.29177006e+00  2.29038661e+00 
 7.64462202e-02  1.03198241e+00  4.13701022e-06  1.29476922e+00  2.29338661e+00 
 7.65462202e-02  1.03198395e+00  4.13702400e-06  1.29776855e+00  2.29638661e+00 
 7.66462202e-02  1.03198534e+00  4.13704371e-06  1.30076776e+00  2.29938661e+00 
 7.67462202e-02  1.03198678e+00  4.13705632e-06  1.30376714e+00  2.30238661e+00 
 7.68462202e-02  1.03198806e+00  4.13707480e-06  1.30676641e+00  2.30538661e+00 
 7.69462202e-02  1.03198939e+00  4.13708619e-06  1.30976584e+00  2.30838661e+00 
 7.70462202e-02  1.03199056e+00  4.13710340e-06  1.31276516e+00  2.31138661e+00 
 7.71462202e-02  1.03199178e+00  4.13711353e-06  1.31576465e+00  2.31438661e+00 
 7.72462202e-02  1.03199283e+00  4.13712944e-06  1.31876403e+00  2.31738661e+00 
 7.73462202e-02  1.03199394e+00  4.13713829e-06  1.32176357e+00  2.32038661e+00 
 7.74462202e-02  1.03199489e+00  4.13715289e-06  1.32476301e+00  2.32338661e+00 
 7.75462202e-02  1.03199588e+00  4.13716048e-06  1.32776261e+00  2.32638661e+00 
 7.76462202e-02  1.03199671e+00  4.13717379e-06  1.33076210e+00  2.32938661e+00 
 7.77462202e-02  1.03199761e+00  4.13718015e-06  1.33376175e+00  2.33238661e+00 
 7.78462202e-02  1.03199833e+00  4.13719223e-06  1.33676130e+00  2.33538661e+00 
 7.79462202e-02  1.03199911e+00  4.13719741e-06  1.33976100e+00  2.33838661e+00 
 7.80462202e-02  1.03199974e+00  4.13720833e-06  1.34276060e+00  2.34138661e+00 
 7.81462202e-02  1.03200043e+00  4.13721242e-06  1.34576035e+00  2.34438661e+00 
 7.82462202e-02  1.03200096e+00  4.13722227e-06  1.34876000e+00  2.34738661e+00 
 7.83462202e-02  1.03200156e+00  4.13722537e-06  1.35175980e+00  2.35038661e+00 
 7.84462202e-02  1.03200201e+00  4.13723426e-06  1.35475948e+00  2.35338661e+00 
 7.85462202e-02  1.03200253e+00  4.13723648e-06  1.35775932e+00  2.35638661e+00 
 7.86462202e-02  1.03200290e+00  4.13724452e-06  1.36075904e+00  2.35938661e+00 
 7.87462202e-02  1.03200336e+00  4.13724598e-06  1.36375891e+00  2.36238661e+00 
 7.88462202e-02  1.03200367e+00  4.13725328e-06  1.36675867e+00  2.36538661e+00 
 7.89462202e-02  1.03200407e+00  4.13725409e-06  1.36975856e+00  2.36838661e+00 
 7.90462202e-02  1.03200433e+00  4.13726076e-06  1.37275835e+00  2.37138661e+00 
 7.91462202e-02  1.03200468e+00  4.13726101e-06  1.37575827e+00  2.37438661e+00 
 7.92462202e-02  1.03200489e+00  4.13726715e-06  1.37875807e+00  2.37738661e+00 
 7.93462202e-02  1.03200520e+00  4.13726695e-06  1.38175801e+00  2.38038661e+00 
 7.94462202e-02  1.03200537e+00  4.13727265e-06  1.38475784e+00  2.38338661e+00 
 7.95462202e-02  1.03200565e+00  4.13727205e-06  1.38775780e+00  2.38638661e+00 
 7.96462202e-02  1.03200578e+00  4.13727738e-06  1.39075764e+00  2.38938661e+00 
 7.97462202e-02  1.03200603e+00  4.13727647e-06  1.39375761e+00  2.39238661e+00 
 7.98462202e-02  1.03200615e+00  4.13728164e-06  1.39675746e+00  2.39538661e+00 
 7.99462202e-02  1.03200636e+00  4.13728024e-06  1.39975746e+00  2.39838661e+00 
 8.00462202e-02  1.03200647e+00  4.13728528e-06  1.40275731e+00  2.40138661e+00 
 8.01462202e-02  1.03200665e+00  4.13728357e-06  1.40575732e+00  2.40438661e+00 
 8.02462202e-02  1.03200676e+00  4.13728851e-06  1.40875718e+00  2.40738661e+00 
 8.03462202e-02  1.03200691e+00  4.13728652e-06  1.41175720e+00  2.41038661e+00 
 8.04462202e-02  1.03200701e+00  4.13729137e-06  1.41475706e+00  2.41338661e+00 
 8.05462202e-02  1.03200715e+00  4.13728923e-06  1.41775709e+00  2.41638661e+00 
 8.06462202e-02  1.03200723e+00  4.13729391e-06  1.42075696e+00  2.41938661e+00 
 8.07462202e-02  1.03200736e+00  4.13729164e-06  1.42375699e+00  2.42238661e+00 
 8.08462202e-02  1.03200743e+00  4.13729620e-06  1.42675686e+00  2.42538661e+00 
 8.09462202e-02  1.03200755e+00  4.13729384e-06  1.42975690e+00  2.42838661e+00 
 8.10462202e-02  1.03200762e+00  4.13729829e-06  1.43275678e+00  2.43138661e+00 
 8.11462202e-02  1.03200773e+00  4.13729586e-06  1.43575682e+00  2.43438661e+00 
 8.12462202e-02  1.03200778e+00  4.13730021e-06  1.43875670e+00  2.43738661e+00 
 8.13462202e-02  1.03200790e+00  4.13729773e-06  1.44175674e+00  2.44038661e+00 
 8.14462202e-02  1.03200794e+00  4.13730199e-06  1.44475663e+00  2.44338661e+00 
 8.15462202e-02  1.03200805e+00  4.13729947e-06  1.44775668e+00  2.44638661e+00 
 8.16462202e-02  1.03200809e+00  4.13730366e-06  1.45075657e+00  2.44938661e+00 
 8.17462202e-02  1.03200819e+00  4.13730110e-06  1.45375661e+00  2.45238661e+00 
 8.18462202e-02  1.03200822e+00  4.13730522e-06  1.45675651e+00  2.45538661e+00 
 8.19462202e-02  1.03200833e+00  4.13730263e-06  1.45975655e+00  2.45838661e+00 
 8.20462202e-02  1.03200835e+00  4.13730670e-06  1.46275645e+00  2.46138661e+00 
 8.21462202e-02  1.03200845e+00  4.13730408e-06  1.46575650e+00  2.46438661e+00 
 8.22462202e-02  1.03200848e+00  4.13730810e-06  1.46875640e+00  2.46738661e+00 
 8.23462202e-02  1.03200857e+00  4.13730547e-06  1.47175644e+00  2.47038661e+00 
 8.24462202e-02  1.03200860e+00  4.13730943e-06  1.47475634e+00  2.47338661e+00 
 8.25462202e-02  1.03200869e+00  4.13730679e-06  1.47775639e+00  2.47638661e+00 
 8.26462202e-02  1.03200871e+00  4.13731071e-06  1.48075630e+00  2.47938661e+00 
 8.27462202e-02  1.03200880e+00  4.13730806e-06  1.48375634e+00  2.48238661e+00 
 8.28462202e-02  1.03200882e+00  4.13731194e-06  1.48675625e+00  2.48538661e+00 
 8.29462202e-02  1.03200891e+00  4.13730928e-06  1.48975630e+00  2.48838661e+00 
 8.30462202e-02  1.03200892e+00  4.13731313e-06  1.49275620e+00  2.49138661e+00 
 8.31462202e-02  1.03200901e+00  4.13731046e-06  1.49575625e+00  2.49438661e+00 
 8.32462202e-02  1.03200902e+00  4.13731427e-06  1.49875616e+00  2.49738661e+00 
 8.33462202e-02  1.03200911e+00  4.13731160e-06  1.50175621e+00  2.50038661e+00 
 8.34462202e-02  1.03200912e+00  4.13731538e-06  1.50475612e+00  2.50338661e+00 
 8.35462202e-02  1.03200921e+00  4.13731271e-06  1.50775617e+00  2.50638661e+00 
 8.36462202e-02  1.03200921e+00  4.13731646e-06  1.51075608e+00  2.50938661e+00 
 8.37462202e-02  1.03200931e+00  4.13731379e-06  1.51375613e+00  2.51238661e+00 
 8.38462202e-02  1.03200931e+00  4.13731752e-06  1.51675604e+00  2.51538661e+00 
 8.39462202e-02  1.03200940e+00  4.13731484e-06  1.51975609e+00  2.51838661e+00 
 8.40462202e-02  1.03200940e+00  4.13731854e-06  1.52275600e+00  2.52138661e+00 
 8.41462202e-02  1.03200949e+00  4.13731587e-06  1.52575605e+00  2.52438661e+00 
 8.42462202e-02  1.03200949e+00  4.13731954e-06  1.52875597e+00  2.52738661e+00 
 8.43462202e-02  1.03200958e+00  4.13731688e-06  1.53175601e+00  2.53038661e+00 
 8.44462202e-02  1.03200957e+00  4.13732053e-06  1.53475593e+00  2.53338661e+00 
 8.45462202e-02  1.03200966e+00  4.13731787e-06  1.53775598e+00  2.53638661e+00 
 8.46462202e-02  1.03200966e+00  4.13732149e-06  1.54075589e+00  2.53938661e+00 
 8.47462202e-02  1.03200975e+00  4.13731883e-06  1.54375594e+00  2.54238661e+00 
 8.48462202e-02  1.03200974e+00  4.13732243e-06  1.54675586e+00  2.54538661e+00 
 8.49462202e-02  1.03200983e+00  4.13731978e-06  1.54975591e+00  2.54838661e+00 
 8.50462202e-02  1.03200982e+00  4.13732336e-06  1.55275582e+00  2.55138661e+00 
 8.51462202e-02  1.03200991e+00  4.13732072e-06  1.55575587e+00  2.55438661e+00 
 8.52462202e-02  1.03200990e+00  4.13732428e-06  1.55875579e+00  2.55738661e+00 
 8.53462202e-02  1.03200999e+00  4.13732164e-06  1.56175584e+00  2.56038661e+00 
 8.54462202e-02  1.03200998e+00  4.13732517e-06  1.56475576e+00  2.56338661e+00 
 8.55462202e-02  1.03201007e+00  4.13732254e-06  1.56775581e+00  2.56638661e+00 
 8.56462202e-02  1.03201006e+00  4.13732606e-06  1.57075573e+00  2.56938661e+00 
 8.57462202e-02  1.03201015e+00  4.13732344e-06  1.57375577e+00  2.57238661e+00 
 8.58462202e-02  1.03201014e+00  4.13732693e-06  1.57675569e+00  2.57538661e+00 
 8.59462202e-02  1.03201023e+00  4.13732432e-06  1.57975574e+00  2.57838661e+00 
 8.60462202e-02  1.03201021e+00  4.13732780e-06  1.58275566e+00  2.58138661e+00 
 8.61462202e-02  1.03201031e+00  4.13732519e-06  1.58575571e+00  2.58438661e+00 
 8.62462202e-02  1.03201029e+00  4.13732865e-06  1.58875563e+00  2.58738661e+00 
 8.63462202e-02  1.03201038e+00  4.13732605e-06  1.59175568e+00  2.59038661e+00 
 8.64462202e-02  1.03201036e+00  4.13732949e-06  1.59475560e+00  2.59338661e+00 
 8.65462202e-02  1.03201046e+00  4.13732690e-06  1.59775565e+00  2.59638661e+00 
 8.66462202e-02  1.03201044e+00  4.13733032e-06  1.60075557e+00  2.59938661e+00 
 8.67462202e-02  1.03201053e+00  4.13732774e-06  1.60375562e+00  2.60238661e+00 
 8.68462202e-02  1.03201051e+00  4.13733114e-06  1.60675554e+00  2.60538661e+00 
 8.69462202e-02  1.03201060e+00  4.13732857e-06  1.60975559e+00  2.60838661e+00 
 8.70462202e-02  1.03201058e+00  4.13733196e-06  1.61275551e+00  2.61138661e+00 
 8.71462202e-02  1.03201067e+00  4.13732939e-06  1.61575556e+00  2.61438661e+00 
 8.72462202e-02  1.03201065e+00  4.13733277e-06  1.61875548e+00  2.61738661e+00 
 8.73462202e-02  1.03201075e+00  4.13733021e-06  1.62175553e+00  2.62038661e+00 
 8.74462202e-02  1.03201072e+00  4.13733356e-06  1.62475545e+00  2.62338661e+00 
 8.75462202e-02  1.03201082e+00  4.13733102e-06  1.62775550e+00  2.62638661e+00 
 8.76462202e-02  1.03201079e+00  4.13733436e-06  1.63075543e+00  2.62938661e+00 
 8.77462202e-02  1.03201089e+00  4.13733182e-06  1.63375547e+00  2.63238661e+00 
 8.78462202e-02  1.03201086e+00  4.13733514e-06  1.63675540e+00  2.63538661e+00 
 8.79462202e-02  1.03201096e+00  4.13733261e-06  1.63975544e+00  2.63838661e+00 
 8.80462202e-02  1.03201093e+00  4.13733592e-06  1.64275537e+00  2.64138661e+00 
 8.81462202e-02  1.03201102e+00  4.13733340e-06  1.64575541e+00  2.64438661e+00 
 8.82462202e-02  1.03201100e+00  4.13733669e-06  1.64875534e+00  2.64738661e+00 
 8.83462202e-02  1.03201109e+00  4.13733418e-06  1.65175538e+00  2.65038661e+00 
 8.84462202e-02  1.03201107e+00  4.13733745e-06  1.65475531e+00  2.65338661e+00 
 8.85462202e-02  1.03201116e+00  4.13733495e-06  1.65775536e+00  2.65638661e+00 
 8.86462202e-02  1.03201113e+00  4.13733821e-06  1.66075529e+00  2.65938661e+00 
 8.87462202e-02  1.03201123e+00  4.13733572e-06  1.66375533e+00  2.66238661e+00 
 8.88462202e-02  1.03201120e+00  4.13733896e-06  1.66675526e+00  2.66538661e+00 
 8.89462202e-02  1.03201130e+00  4.13733648e-06  1.66975530e+00  2.66838661e+00 
 8.90462202e-02  1.03201127e+00  4.13733971e-06  1.67275523e+00  2.67138661e+00 
 8.91462202e-02  1.03201136e+00  4.13733724e-06  1.67575527e+00  2.67438661e+00 
 8.92462202e-02  1.03201133e+00  4.13734045e-06  1.67875521e+00  2.67738661e+00 
 8.93462202e-02  1.03201143e+00  4.13733799e-06  1.68175525e+00  2.68038661e+00 
 8.94462202e-02  1.03201140e+00  4.13734119e-06  1.68475518e+00  2.68338661e+00 
 8.95462202e-02  1.03201149e+00  4.13733874e-06  1.68775522e+00  2.68638661e+00 
 8.96462202e-02  1.03201146e+00  4.13734192e-06  1.69075515e+00  2.68938661e+00 
 8.97462202e-02  1.03201156e+00  4.13733948e-06  1.69375519e+00  2.69238661e+00 
 8.98462202e-02  1.03201153e+00  4.13734265e-06  1.69675513e+00  2.69538661e+00 
 8.99462202e-02  1.03201162e+00  4.13734021e-06  1.69975517e+00  2.69838661e+00 
 9.00462202e-02  1.03201159e+00  4.13734337e-06  1.70275510e+00  2.70138661e+00 
 9.01462202e-02  1.03201169e+00  4.13734095e-06  1.70575514e+00  2.70438661e+00 
 9.02462202e-02  1.03201165e+00  4.13734409e-06  1.70875508e+00  2.70738661e+00 
 9.03462202e-02  1.03201175e+00  4.13734167e-06  1.71175511e+00  2.71038661e+00 
 9.04462202e-02  1.03201172e+00  4.13734481e-06  1.71475505e+00  2.71338661e+00 
 9.05462202e-02  1.03201181e+00  4.13734240e-06  1.71775509e+00  2.71638661e+00 
 9.06462202e-02  1.03201178e+00  4.13734552e-06  1.72075502e+00  2.71938661e+00 
 9.07462202e-02  1.03201188e+00  4.13734312e-06  1.72375506e+00  2.72238661e+00 
 9.08462202e-02  1.03201184e+00  4.13734622e-06  1.72675500e+00  2.72538661e+00 
 9.09462202e-02  1.03201194e+00  4.13734383e-06  1.72975504e+00  2.72838661e+00 
 9.10462202e-02  1.03201190e+00  4.13734693e-06  1.73275497e+00  2.73138661e+00 
 9.11462202e-02  1.03201200e+00  4.13734454e-06  1.73575501e+00  2.73438661e+00 
 9.12462202e-02  1.03201196e+00  4.13734762e-06  1.73875495e+00  2.73738661e+00 
 9.13462202e-02  1.03201206e+00  4.13734525e-06  1.74175499e+00  2.74038661e+00 
 9.14462202e-02  1.03201203e+00  4.13734832e-06  1.74475492e+00  2.74338661e+00 
 9.15462202e-02  1.03201212e+00  4.13734595e-06  1.74775496e+00  2.74638661e+00 
 9.16462202e-02  1.03201209e+00  4.13734901e-06  1.75075490e+00  2.74938661e+00 
 9.17462202e-02  1.03201219e+00  4.13734665e-06  1.75375494e+00  2.75238661e+00 
 9.18462202e-02  1.03201215e+00  4.13734970e-06  1.75675487e+00  2.75538661e+00 
 9.19462202e-02  1.03201225e+00  4.13734735e-06  1.75975491e+00  2.75838661e+00 
 9.20462202e-02  1.03201221e+00  4.13735038e-06  1.76275485e+00  2.76138661e+00 
 9.21462202e-02  1.03201231e+00  4.13734804e-06  1.76575489e+00  2.76438661e+00 
 9.22462202e-02  1.03201227e+00  4.13735106e-06  1.76875482e+00  2.76738661e+00 
 9.23462202e-02  1.03201237e+00  4.13734873e-06  1.77175486e+00  2.77038661e+00 
 9.24462202e-02  1.03201233e+00  4.13735174e-06  1.77475480e+00  2.77338661e+00 
 9.25462202e-02  1.03201243e+00  4.13734942e-06  1.77775484e+00  2.77638661e+00 
 9.26462202e-02  1.03201239e+00  4.13735241e-06  1.78075478e+00  2.77938661e+00 
 9.27462202e-02  1.03201249e+00  4.13735010e-06  1.78375481e+00  2.78238661e+00 
 9.28462202e-02  1.03201245e+00  4.13735308e-06  1.78675475e+00  2.78538661e+00 
 9.29462202e-02  1.03201255e+00  4.13735078e-06  1.78975479e+00  2.78838661e+00 
 9.30462202e-02  1.03201251e+00  4.13735375e-06  1.79275473e+00  2.79138661e+00 
 9.31462202e-02  1.03201261e+00  4.13735146e-06  1.79575476e+00  2.79438661e+00 
 9.32462202e-02  1.03201256e+00  4.13735442e-06  1.79875470e+00  2.79738661e+00 
 9.33462202e-02  1.03201266e+00  4.13735213e-06  1.80175474e+00  2.80038661e+00 
 9.34462202e-02  1.03201262e+00  4.13735508e-06  1.80475468e+00  2.80338661e+00 
 9.35462202e-02  1.03201272e+00  4.13735280e-06  1.80775471e+00  2.80638661e+00 
 9.36462202e-02  1.03201268e+00  4.13735574e-06  1.81075466e+00  2.80938661e+00 
 9.37462202e-02  1.03201278e+00  4.13735347e-06  1.81375469e+00  2.81238661e+00 
 9.38462202e-02  1.03201274e+00  4.13735639e-06  1.81675463e+00  2.81538661e+00 
 9.39462202e-02  1.03201284e+00  4.13735413e-06  1.81975467e+00  2.81838661e+00 
 9.40462202e-02  1.03201280e+00  4.13735705e-06  1.82275461e+00  2.82138661e+00 
 9.41462202e-02  1.03201290e+00  4.13735479e-06  1.82575464e+00  2.82438661e+00 
 9.42462202e-02  1.03201285e+00  4.13735770e-06  1.82875459e+00  2.82738661e+00 
 9.43462202e-02  1.03201296e+00  4.13735545e-06  1.83175462e+00  2.83038661e+00 
 9.44462202e-02  1.03201291e+00  4.13735835e-06  1.83475456e+00  2.83338661e+00 
 9.45462202e-02  1.03201301e+00  4.13735611e-06  1.83775459e+00  2.83638661e+00 
 9.46462202e-02  1.03201297e+00  4.13735899e-06  1.84075454e+00  2.83938661e+00 
 9.47462202e-02  1.03201307e+00  4.13735676e-06  1.84375457e+00  2.84238661e+00 
 9.48462202e-02  1.03201302e+00  4.13735963e-06  1.84675452e+00  2.84538661e+00 
 9.49462202e-02  1.03201313e+00  4.13735742e-06  1.84975455e+00  2.84838661e+00 
 9.50462202e-02  1.03201308e+00  4.13736028e-06  1.85275449e+00  2.85138661e+00 
 9.51462202e-02  1.03201318e+00  4.13735806e-06  1.85575452e+00  2.85438661e+00 
 9.52462202e-02  1.03201314e+00  4.13736091e-06  1.85875447e+00  2.85738661e+00 
 9.53462202e-02  1.03201324e+00  4.13735871e-06  1.86175450e+00  2.86038661e+00 
 9.54462202e-02  1.03201319e+00  4.13736155e-06  1.86475445e+00  2.86338661e+00 
 9.55462202e-02  1.03201330e+00  4.13735935e-06  1.86775448e+00  2.86638661e+00 
 9.56462202e-02  1.03201325e+00  4.13736218e-06  1.87075442e+00  2.86938661e+00 
 9.57462202e-02  1.03201335e+00  4.13736000e-06  1.87375445e+00  2.87238661e+00 
 9.58462202e-02  1.03201331e+00  4.13736282e-06  1.87675440e+00  2.87538661e+00 
 9.59462202e-02  1.03201341e+00  4.13736064e-06  1.87975443e+00  2.87838661e+00 
 9.60462202e-02  1.03201336e+00  4.13736345e-06  1.88275438e+00  2.88138661e+00 
 9.61462202e-02  1.03201346e+00  4.13736127e-06  1.88575441e+00  2.88438661e+00 
 9.62462202e-02  1.03201342e+00  4.13736407e-06  1.88875436e+00  2.88738661e+00 
 9.63462202e-02  1.03201352e+00  4.13736191e-06  1.89175438e+00  2.89038661e+00 
 9.64462202e-02  1.03201347e+00  4.13736470e-06  1.89475433e+00  2.89338661e+00 
 9.65462202e-02  1.03201357e+00  4.13736254e-06  1.89775436e+00  2.89638661e+00 
 9.66462202e-02  1.03201353e+00  4.13736532e-06  1.90075431e+00  2.89938661e+00 
 9.67462202e-02  1.03201363e+00  4.13736317e-06  1.90375434e+00  2.90238661e+00 
 9.68462202e-02  1.03201358e+00  4.13736594e-06  1.90675429e+00  2.90538661e+00 
 9.69462202e-02  1.03201368e+00  4.13736380e-06  1.90975432e+00  2.90838661e+00 
 9.70462202e-02  1.03201364e+00  4.13736656e-06  1.91275427e+00  2.91138661e+00 
 9.71462202e-02  1.03201374e+00  4.13736443e-06  1.91575429e+00  2.91438661e+00 
 9.72462202e-02  1.03201369e+00  4.13736718e-06  1.91875424e+00  2.91738661e+00 
 9.73462202e-02  1.03201379e+00  4.13736505e-06  1.92175427e+00  2.92038661e+00 
 9.74462202e-02  1.03201374e+00  4.13736779e-06  1.92475422e+00  2.92338661e+00 
 9.75462202e-02  1.03201385e+00  4.13736567e-06  1.92775425e+00  2.92638661e+00 
 9.76462202e-02  1.03201380e+00  4.13736840e-06  1.93075420e+00  2.92938661e+00 
 9.77462202e-02  1.03201390e+00  4.13736629e-06  1.93375423e+00  2.93238661e+00 
 9.78462202e-02  1.03201385e+00  4.13736901e-06  1.93675418e+00  2.93538661e+00 
 9.79462202e-02  1.03201396e+00  4.13736691e-06  1.93975420e+00  2.93838661e+00 
 9.80462202e-02  1.03201391e+00  4.13736962e-06  1.94275416e+00  2.94138661e+00 
 9.81462202e-02  1.03201401e+00  4.13736753e-06  1.94575418e+00  2.94438661e+00 
 9.82462202e-02  1.03201396e+00  4.13737023e-06  1.94875413e+00  2.94738661e+00 
 9.83462202e-02  1.03201406e+00  4.13736814e-06  1.95175416e+00  2.95038661e+00 
 9.84462202e-02  1.03201401e+00  4.13737084e-06  1.95475411e+00  2.95338661e+00 
 9.85462202e-02  1.03201412e+00  4.13736875e-06  1.95775414e+00  2.95638661e+00 
 9.86462202e-02  1.03201407e+00  4.13737144e-06  1.96075409e+00  2.95938661e+00 
 9.87462202e-02  1.03201417e+00  4.13736936e-06  1.96375411e+00  2.96238661e+00 
 9.88462202e-02  1.03201412e+00  4.13737204e-06  1.96675407e+00  2.96538661e+00 
 9.89462202e-02  1.03201422e+00  4.13736997e-06  1.96975409e+00  2.96838661e+00 
 9.90462202e-02  1.03201417e+00  4.13737264e-06  1.97275405e+00  2.97138661e+00 
 9.91462202e-02  1.03201428e+00  4.13737058e-06  1.97575407e+00  2.97438661e+00 
 9.92462202e-02  1.03201423e+00  4.13737324e-06  1.97875402e+00  2.97738661e+00 
 9.93462202e-02  1.03201433e+00  4.13737119e-06  1.98175405e+00  2.98038661e+00 
 9.94462202e-02  1.03201428e+00  4.13737384e-06  1.98475400e+00  2.98338661e+00 
 9.95462202e-02  1.03201438e+00  4.13737179e-06  1.98775403e+00  2.98638661e+00 
 9.96462202e-02  1.03201433e+00  4.13737443e-06  1.99075398e+00  2.98938661e+00 
 9.97462202e-02  1.03201443e+00  4.13737239e-06  1.99375400e+00  2.99238661e+00 
 9.98462202e-02  1.03201438e+00  4.13737502e-06  1.99675396e+00  2.99538661e+00 
 9.99231101e-02  1.03201448e+00  4.13737292e-06  1.99906068e+00  2.99769330e+00 
 1.00000000e-01  1.03201442e+00  4.13737548e-06  2.00136734e+00  3.00000000e+00 
 1.00010000e-01  1.03201410e+00  4.13737016e-06  2.00136753e+00  3.00000000e+00 
 1.00030000e-01  1.03201409e+00  4.13737009e-06  2.00136754e+00  3.00000000e+00 
 1.00070000e-01  1.03201410e+00  4.13737017e-06  2.00136753e+00  3.00000000e+00 
 1.00150000e-01  1.03201409e+00  4.13737007e-06  2.00136754e+00  3.00000000e+00 
 1.00250000e-01  1.03201410e+00  4.13737017e-06  2.00136753e+00  3.00000000e+00 
 1.00350000e-01  1.03201409e+00  4.13737007e-06  2.00136754e+00  3.00000000e+00 
 1.00450000e-01  1.03201410e+00  4.13737017e-06  2.00136753e+00  3.00000000e+00 
 1.00550000e-01  1.03201409e+00  4.13737007e-06  2.00136754e+00  3.00000000e+00 
 1.00650000e-01  1.03201410e+00  4.13737017e-06  2.00136753e+00  3.00000000e+00 
 1.00750000e-01  1.03201409e+00  4.13737007e-06  2.00136754e+00  3.00000000e+00 
 1.00850000e-01  1.03201410e+00  4.13737016e-06  2.00136753e+00  3.00000000e+00 
 1.00950000e-01  1.03201409e+00  4.13737007e-06  2.00136754e+00  3.00000000e+00 
 1.01050000e-01  1.03201410e+00  4.13737016e-06  2.00136753e+00  3.00000000e+00 
 1.01150000e-01  1.03201409e+00  4.13737007e-06  2.00136754e+00  3.00000000e+00 
 1.01250000e-01  1.03201410e+00  4.13737016e-06  2.00136753e+00  3.00000000e+00 
 1.01350000e-01  1.03201409e+00  4.13737007e-06  2.00136754e+00  3.00000000e+00 
 1.01450000e-01  1.03201410e+00  4.13737016e-06  2.00136753e+00  3.00000000e+00 
 1.01550000e-01  1.03201409e+00  4.13737008e-06  2.00136754e+00  3.00000000e+00 
 1.01650000e-01  1.03201410e+00  4.13737016e-06  2.00136753e+00  3.00000000e+00 
 1.01750000e-01  1.03201409e+00  4.13737008e-06  2.00136754e+00  3.00000000e+00 
 1.01850000e-01  1.03201410e+00  4.13737016e-06  2.00136753e+00  3.00000000e+00 
 1.01950000e-01  1.03201409e+00  4.13737008e-06  2.00136754e+00  3.00000000e+00 
 1.02050000e-01  1.03201410e+00  4.13737016e-06  2.00136753e+00  3.00000000e+00 
 1.02150000e-01  1.03201409e+00  4.13737008e-06  2.00136754e+00  3.00000000e+00 
 1.02250000e-01  1.03201410e+00  4.13737016e-06  2.00136753e+00  3.00000000e+00 
 1.02350000e-01  1.03201409e+00  4.13737008e-06  2.00136754e+00  3.00000000e+00 
 1.02450000e-01  1.03201410e+00  4.13737016e-06  2.00136753e+00  3.00000000e+00 
 1.02550000e-01  1.03201409e+00  4.13737008e-06  2.00136754e+00  3.00000000e+00 
 1.02650000e-01  1.03201410e+00  4.13737016e-06  2.00136753e+00  3.00000000e+00 
 1.02750000e-01  1.03201409e+00  4.13737008e-06  2.00136754e+00  3.00000000e+00 
 1.02850000e-01  1.03201410e+00  4.13737016e-06  2.00136753e+00  3.00000000e+00 
 1.02950000e-01  1.03201409e+00  4.13737008e-06  2.00136754e+00  3.00000000e+00 
 1.03050000e-01  1.03201410e+00  4.13737016e-06  2.00136753e+00  3.00000000e+00 
 1.03150000e-01  1.03201409e+00  4.13737008e-06  2.00136754e+00  3.00000000e+00 
 1.03250000e-01  1.03201410e+00  4.13737016e-06  2.00136753e+00  3.00000000e+00 
 1.03350000e-01  1.03201409e+00  4.13737008e-06  2.00136754e+00  3.00000000e+00 
 1.03450000e-01  1.03201410e+00  4.13737016e-06  2.00136753e+00  3.00000000e+00 
 1.03550000e-01  1.03201409e+00  4.13737008e-06  2.00136754e+00  3.00000000e+00 
 1.03650000e-01  1.03201410e+00  4.13737016e-06  2.00136753e+00  3.00000000e+00 
 1.03750000e-01  1.03201409e+00  4.13737008e-06  2.00136754e+00  3.00000000e+00 
 1.03850000e-01  1.03201410e+00  4.13737016e-06  2.00136753e+00  3.00000000e+00 
 1.03950000e-01  1.03201409e+00  4.13737008e-06  2.00136754e+00  3.00000000e+00 
 1.04050000e-01  1.03201410e+00  4.13737016e-06  2.00136753e+00  3.00000000e+00 
 1.04150000e-01  1.03201409e+00  4.13737008e-06  2.00136754e+00  3.00000000e+00 
 1.04250000e-01  1.03201410e+00  4.13737016e-06  2.00136753e+00  3.00000000e+00 
 1.04350000e-01  1.03201409e+00  4.13737008e-06  2.00136754e+00  3.00000000e+00 
 1.04450000e-01  1.03201410e+00  4.13737016e-06  2.00136753e+00  3.00000000e+00 
 1.04550000e-01  1.03201409e+00  4.13737008e-06  2.00136754e+00  3.00000000e+00 
 1.04650000e-01  1.03201410e+00  4.13737016e-06  2.00136753e+00  3.00000000e+00 
 1.04750000e-01  1.03201409e+00  4.13737008e-06  2.00136754e+00  3.00000000e+00 
 1.04850000e-01  1.03201410e+00  4.13737016e-06  2.00136753e+00  3.00000000e+00 
 1.04950000e-01  1.03201409e+00  4.13737008e-06  2.00136754e+00  3.00000000e+00 
 1.05050000e-01  1.03201410e+00  4.13737016e-06  2.00136753e+00  3.00000000e+00 
 1.05150000e-01  1.03201409e+00  4.13737008e-06  2.00136754e+00  3.00000000e+00 
 1.05250000e-01  1.03201410e+00  4.13737016e-06  2.00136753e+00  3.00000000e+00 
 1.05350000e-01  1.03201409e+00  4.13737008e-06  2.00136754e+00  3.00000000e+00 
 1.05450000e-01  1.03201410e+00  4.13737016e-06  2.00136753e+00  3.00000000e+00 
 1.05550000e-01  1.03201409e+00  4.13737008e-06  2.00136754e+00  3.00000000e+00 
 1.05650000e-01  1.03201410e+00  4.13737016e-06  2.00136753e+00  3.00000000e+00 
 1.05750000e-01  1.03201409e+00  4.13737008e-06  2.00136754e+00  3.00000000e+00 
 1.05850000e-01  1.03201410e+00  4.13737016e-06  2.00136753e+00  3.00000000e+00 
 1.05950000e-01  1.03201409e+00  4.13737008e-06  2.00136754e+00  3.00000000e+00 
 1.06050000e-01  1.03201410e+00  4.13737016e-06  2.00136753e+00  3.00000000e+00 
 1.06150000e-01  1.03201409e+00  4.13737008e-06  2.00136754e+00  3.00000000e+00 
 1.06250000e-01  1.03201410e+00  4.13737016e-06  2.00136753e+00  3.00000000e+00 
 1.06350000e-01  1.03201409e+00  4.13737008e-06  2.00136754e+00  3.00000000e+00 
 1.06450000e-01  1.03201410e+00  4.13737016e-06  2.00136753e+00  3.00000000e+00 
 1.06550000e-01  1.03201409e+00  4.13737008e-06  2.00136754e+00  3.00000000e+00 
 1.06650000e-01  1.03201410e+00  4.13737016e-06  2.00136753e+00  3.00000000e+00 
 1.06750000e-01  1.03201409e+00  4.13737008e-06  2.00136754e+00  3.00000000e+00 
 1.06850000e-01  1.03201410e+00  4.13737015e-06  2.00136753e+00  3.00000000e+00 
 1.06950000e-01  1.03201409e+00  4.13737008e-06  2.00136754e+00  3.00000000e+00 
 1.07050000e-01  1.03201410e+00  4.13737015e-06  2.00136753e+00  3.00000000e+00 
 1.07150000e-01  1.03201409e+00  4.13737008e-06  2.00136754e+00  3.00000000e+00 
 1.07250000e-01  1.03201410e+00  4.13737015e-06  2.00136753e+00  3.00000000e+00 
 1.07350000e-01  1.03201409e+00  4.13737008e-06  2.00136754e+00  3.00000000e+00 
 1.07450000e-01  1.03201410e+00  4.13737015e-06  2.00136753e+00  3.00000000e+00 
 1.07550000e-01  1.03201409e+00  4.13737008e-06  2.00136754e+00  3.00000000e+00 
 1.07650000e-01  1.03201410e+00  4.13737015e-06  2.00136753e+00  3.00000000e+00 
 1.07750000e-01  1.03201409e+00  4.13737009e-06  2.00136754e+00  3.00000000e+00 
 1.07850000e-01  1.03201410e+00  4.13737015e-06  2.00136753e+00  3.00000000e+00 
 1.07950000e-01  1.03201409e+00  4.13737009e-06  2.00136754e+00  3.00000000e+00 
 1.08050000e-01  1.03201410e+00  4.13737015e-06  2.00136753e+00  3.00000000e+00 
 1.08150000e-01  1.03201409e+00  4.13737009e-06  2.00136754e+00  3.00000000e+00 
 1.08250000e-01  1.03201410e+00  4.13737015e-06  2.00136753e+00  3.00000000e+00 
 1.08350000e-01  1.03201409e+00  4.13737009e-06  2.00136754e+00  3.00000000e+00 
 1.08450000e-01  1.03201410e+00  4.13737015e-06  2.00136753e+00  3.00000000e+00 
 1.08550000e-01  1.03201409e+00  4.13737009e-06  2.00136754e+00  3.00000000e+00 
 1.08650000e-01  1.03201410e+00  4.13737015e-06  2.00136753e+00  3.00000000e+00 
 1.08750000e-01  1.03201409e+00  4.13737009e-06  2.00136754e+00  3.00000000e+00 
 1.08850000e-01  1.03201410e+00  4.13737015e-06  2.00136753e+00  3.00000000e+00 
 1.08950000e-01  1.03201409e+00  4.13737009e-06  2.00136754e+00  3.00000000e+00 
 1.09050000e-01  1.03201410e+00  4.13737015e-06  2.00136753e+00  3.00000000e+00 
 1.09150000e-01  1.03201409e+00  4.13737009e-06  2.00136754e+00  3.00000000e+00 
 1.09250000e-01  1.03201410e+00  4.13737015e-06  2.00136753e+00  3.00000000e+00 
 1.09350000e-01  1.03201409e+00  4.13737009e-06  2.00136754e+00  3.00000000e+00 
 1.09450000e-01  1.03201410e+00  4.13737015e-06  2.00136753e+00  3.00000000e+00 
 1.09550000e-01  1.03201409e+00  4.13737009e-06  2.00136754e+00  3.00000000e+00 
 1.09650000e-01  1.03201410e+00  4.13737015e-06  2.00136753e+00  3.00000000e+00 
 1.09750000e-01  1.03201409e+00  4.13737009e-06  2.00136754e+00  3.00000000e+00 
 1.09850000e-01  1.03201410e+00  4.13737015e-06  2.00136753e+00  3.00000000e+00 
 1.09950000e-01  1.03201409e+00  4.13737009e-06  2.00136754e+00  3.00000000e+00 
 1.10050000e-01  1.03201410e+00  4.13737015e-06  2.00136753e+00  3.00000000e+00 
 1.10150000e-01  1.03201409e+00  4.13737009e-06  2.00136754e+00  3.00000000e+00 
 1.10250000e-01  1.03201410e+00  4.13737015e-06  2.00136753e+00  3.00000000e+00 
 1.10350000e-01  1.03201409e+00  4.13737009e-06  2.00136754e+00  3.00000000e+00 
 1.10450000e-01  1.03201410e+00  4.13737015e-06  2.00136753e+00  3.00000000e+00 
 1.10550000e-01  1.03201409e+00  4.13737009e-06  2.00136754e+00  3.00000000e+00 
 1.10650000e-01  1.03201410e+00  4.13737015e-06  2.00136753e+00  3.00000000e+00 
 1.10750000e-01  1.03201409e+00  4.13737009e-06  2.00136754e+00  3.00000000e+00 
 1.10850000e-01  1.03201410e+00  4.13737015e-06  2.00136753e+00  3.00000000e+00 
 1.10950000e-01  1.03201409e+00  4.13737009e-06  2.00136754e+00  3.00000000e+00 
 1.11050000e-01  1.03201410e+00  4.13737015e-06  2.00136753e+00  3.00000000e+00 
 1.11150000e-01  1.03201409e+00  4.13737009e-06  2.00136754e+00  3.00000000e+00 
 1.11250000e-01  1.03201410e+00  4.13737015e-06  2.00136753e+00  3.00000000e+00 
 1.11350000e-01  1.03201409e+00  4.13737009e-06  2.00136754e+00  3.00000000e+00 
 1.11450000e-01  1.03201410e+00  4.13737015e-06  2.00136753e+00  3.00000000e+00 
 1.11550000e-01  1.03201409e+00  4.13737009e-06  2.00136754e+00  3.00000000e+00 
 1.11650000e-01  1.03201410e+00  4.13737015e-06  2.00136753e+00  3.00000000e+00 
 1.11750000e-01  1.03201409e+00  4.13737009e-06  2.00136754e+00  3.00000000e+00 
 1.11850000e-01  1.03201410e+00  4.13737015e-06  2.00136753e+00  3.00000000e+00 
 1.11950000e-01  1.03201409e+00  4.13737009e-06  2.00136754e+00  3.00000000e+00 
 1.12050000e-01  1.03201410e+00  4.13737015e-06  2.00136753e+00  3.00000000e+00 
 1.12150000e-01  1.03201409e+00  4.13737009e-06  2.00136754e+00  3.00000000e+00 
 1.12250000e-01  1.03201410e+00  4.13737015e-06  2.00136753e+00  3.00000000e+00 
 1.12350000e-01  1.03201409e+00  4.13737009e-06  2.00136754e+00  3.00000000e+00 
 1.12450000e-01  1.03201410e+00  4.13737015e-06  2.00136753e+00  3.00000000e+00 
 1.12550000e-01  1.03201409e+00  4.13737009e-06  2.00136754e+00  3.00000000e+00 
 1.12650000e-01  1.03201410e+00  4.13737015e-06  2.00136753e+00  3.00000000e+00 
 1.12750000e-01  1.03201409e+00  4.13737009e-06  2.00136754e+00  3.00000000e+00 
 1.12850000e-01  1.03201410e+00  4.13737015e-06  2.00136753e+00  3.00000000e+00 
 1.12950000e-01  1.03201409e+00  4.13737009e-06  2.00136754e+00  3.00000000e+00 
 1.13050000e-01  1.03201410e+00  4.13737015e-06  2.00136753e+00  3.00000000e+00 
 1.13150000e-01  1.03201409e+00  4.13737009e-06  2.00136754e+00  3.00000000e+00 
 1.13250000e-01  1.03201410e+00  4.13737015e-06  2.00136753e+00  3.00000000e+00 
 1.13350000e-01  1.03201409e+00  4.13737009e-06  2.00136754e+00  3.00000000e+00 
 1.13450000e-01  1.03201410e+00  4.13737015e-06  2.00136753e+00  3.00000000e+00 
 1.13550000e-01  1.03201409e+00  4.13737009e-06  2.00136754e+00  3.00000000e+00 
 1.13650000e-01  1.03201410e+00  4.13737015e-06  2.00136753e+00  3.00000000e+00 
 1.13750000e-01  1.03201409e+00  4.13737009e-06  2.00136754e+00  3.00000000e+00 
 1.13850000e-01  1.03201410e+00  4.13737015e-06  2.00136753e+00  3.00000000e+00 
 1.13950000e-01  1.03201409e+00  4.13737009e-06  2.00136754e+00  3.00000000e+00 
 1.14050000e-01  1.03201410e+00  4.13737015e-06  2.00136753e+00  3.00000000e+00 
 1.14150000e-01  1.03201409e+00  4.13737009e-06  2.00136754e+00  3.00000000e+00 
 1.14250000e-01  1.03201410e+00  4.13737015e-06  2.00136753e+00  3.00000000e+00 
 1.14350000e-01  1.03201409e+00  4.13737009e-06  2.00136754e+00  3.00000000e+00 
 1.14450000e-01  1.03201410e+00  4.13737015e-06  2.00136753e+00  3.00000000e+00 
 1.14550000e-01  1.03201409e+00  4.13737009e-06  2.00136754e+00  3.00000000e+00 
 1.14650000e-01  1.03201410e+00  4.13737015e-06  2.00136753e+00  3.00000000e+00 
 1.14750000e-01  1.03201409e+00  4.13737009e-06  2.00136754e+00  3.00000000e+00 
 1.14850000e-01  1.03201410e+00  4.13737014e-06  2.00136753e+00  3.00000000e+00 
 1.14950000e-01  1.03201409e+00  4.13737009e-06  2.00136754e+00  3.00000000e+00 
 1.15050000e-01  1.03201410e+00  4.13737015e-06  2.00136753e+00  3.00000000e+00 
 1.15150000e-01  1.03201409e+00  4.13737009e-06  2.00136754e+00  3.00000000e+00 
 1.15250000e-01  1.03201410e+00  4.13737014e-06  2.00136753e+00  3.00000000e+00 
 1.15350000e-01  1.03201409e+00  4.13737009e-06  2.00136754e+00  3.00000000e+00 
 1.15450000e-01  1.03201410e+00  4.13737014e-06  2.00136753e+00  3.00000000e+00 
 1.15550000e-01  1.03201409e+00  4.13737009e-06  2.00136754e+00  3.00000000e+00 
 1.15650000e-01  1.03201410e+00  4.13737014e-06  2.00136753e+00  3.00000000e+00 
 1.15750000e-01  1.03201409e+00  4.13737009e-06  2.00136754e+00  3.00000000e+00 
 1.15850000e-01  1.03201410e+00  4.13737014e-06  2.00136753e+00  3.00000000e+00 
 1.15950000e-01  1.03201409e+00  4.13737009e-06  2.00136754e+00  3.00000000e+00 
 1.16050000e-01  1.03201410e+00  4.13737014e-06  2.00136753e+00  3.00000000e+00 
 1.16150000e-01  1.03201409e+00  4.13737009e-06  2.00136754e+00  3.00000000e+00 
 1.16250000e-01  1.03201410e+00  4.13737014e-06  2.00136753e+00  3.00000000e+00 
 1.16350000e-01  1.03201409e+00  4.13737010e-06  2.00136754e+00  3.00000000e+00 
 1.16450000e-01  1.03201410e+00  4.13737014e-06  2.00136753e+00  3.00000000e+00 
 1.16550000e-01  1.03201409e+00  4.13737010e-06  2.00136754e+00  3.00000000e+00 
 1.16650000e-01  1.03201410e+00  4.13737014e-06  2.00136753e+00  3.00000000e+00 
 1.16750000e-01  1.03201409e+00  4.13737010e-06  2.00136754e+00  3.00000000e+00 
 1.16850000e-01  1.03201410e+00  4.13737014e-06  2.00136753e+00  3.00000000e+00 
 1.16950000e-01  1.03201409e+00  4.13737010e-06  2.00136754e+00  3.00000000e+00 
 1.17050000e-01  1.03201410e+00  4.13737014e-06  2.00136753e+00  3.00000000e+00 
 1.17150000e-01  1.03201409e+00  4.13737010e-06  2.00136754e+00  3.00000000e+00 
 1.17250000e-01  1.03201410e+00  4.13737014e-06  2.00136753e+00  3.00000000e+00 
 1.17350000e-01  1.03201409e+00  4.13737010e-06  2.00136754e+00  3.00000000e+00 
 1.17450000e-01  1.03201410e+00  4.13737014e-06  2.00136753e+00  3.00000000e+00 
 1.17550000e-01  1.03201409e+00  4.13737010e-06  2.00136754e+00  3.00000000e+00 
 1.17650000e-01  1.03201410e+00  4.13737014e-06  2.00136753e+00  3.00000000e+00 
 1.17750000e-01  1.03201409e+00  4.13737010e-06  2.00136754e+00  3.00000000e+00 
 1.17850000e-01  1.03201410e+00  4.13737014e-06  2.00136753e+00  3.00000000e+00 
 1.17950000e-01  1.03201409e+00  4.13737010e-06  2.00136754e+00  3.00000000e+00 
 1.18050000e-01  1.03201410e+00  4.13737014e-06  2.00136753e+00  3.00000000e+00 
 1.18150000e-01  1.03201409e+00  4.13737010e-06  2.00136754e+00  3.00000000e+00 
 1.18250000e-01  1.03201410e+00  4.13737014e-06  2.00136753e+00  3.00000000e+00 
 1.18350000e-01  1.03201409e+00  4.13737010e-06  2.00136754e+00  3.00000000e+00 
 1.18450000e-01  1.03201410e+00  4.13737014e-06  2.00136753e+00  3.00000000e+00 
 1.18550000e-01  1.03201409e+00  4.13737010e-06  2.00136754e+00  3.00000000e+00 
 1.18650000e-01  1.03201410e+00  4.13737014e-06  2.00136753e+00  3.00000000e+00 
 1.18750000e-01  1.03201409e+00  4.13737010e-06  2.00136754e+00  3.00000000e+00 
 1.18850000e-01  1.03201410e+00  4.13737014e-06  2.00136753e+00  3.00000000e+00 
 1.18950000e-01  1.03201409e+00  4.13737010e-06  2.00136754e+00  3.00000000e+00 
 1.19050000e-01  1.03201410e+00  4.13737014e-06  2.00136753e+00  3.00000000e+00 
 1.19150000e-01  1.03201409e+00  4.13737010e-06  2.00136754e+00  3.00000000e+00 
 1.19250000e-01  1.03201410e+00  4.13737014e-06  2.00136753e+00  3.00000000e+00 
 1.19350000e-01  1.03201409e+00  4.13737010e-06  2.00136754e+00  3.00000000e+00 
 1.19450000e-01  1.03201410e+00  4.13737014e-06  2.00136753e+00  3.00000000e+00 
 1.19550000e-01  1.03201409e+00  4.13737010e-06  2.00136754e+00  3.00000000e+00 
 1.19650000e-01  1.03201410e+00  4.13737014e-06  2.00136753e+00  3.00000000e+00 
 1.19750000e-01  1.03201409e+00  4.13737010e-06  2.00136754e+00  3.00000000e+00 
 1.19850000e-01  1.03201410e+00  4.13737014e-06  2.00136753e+00  3.00000000e+00 
 1.19950000e-01  1.03201409e+00  4.13737010e-06  2.00136754e+00  3.00000000e+00 
 1.20050000e-01  1.03201410e+00  4.13737014e-06  2.00136753e+00  3.00000000e+00 
 1.20150000e-01  1.03201409e+00  4.13737010e-06  2.00136754e+00  3.00000000e+00 
 1.20250000e-01  1.03201410e+00  4.13737014e-06  2.00136753e+00  3.00000000e+00 
 1.20350000e-01  1.03201409e+00  4.13737010e-06  2.00136754e+00  3.00000000e+00 
 1.20450000e-01  1.03201410e+00  4.13737014e-06  2.00136753e+00  3.00000000e+00 
 1.20550000e-01  1.03201409e+00  4.13737010e-06  2.00136754e+00  3.00000000e+00 
 1.20650000e-01  1.03201410e+00  4.13737014e-06  2.00136753e+00  3.00000000e+00 
 1.20750000e-01  1.03201409e+00  4.13737010e-06  2.00136754e+00  3.00000000e+00 
 1.20850000e-01  1.03201410e+00  4.13737014e-06  2.00136753e+00  3.00000000e+00 
 1.20950000e-01  1.03201409e+00  4.13737010e-06  2.00136754e+00  3.00000000e+00 
 1.21050000e-01  1.03201410e+00  4.13737014e-06  2.00136753e+00  3.00000000e+00 
 1.21150000e-01  1.03201409e+00  4.13737010e-06  2.00136754e+00  3.00000000e+00 
 1.21250000e-01  1.03201410e+00  4.13737014e-06  2.00136753e+00  3.00000000e+00 
 1.21350000e-01  1.03201409e+00  4.13737010e-06  2.00136754e+00  3.00000000e+00 
 1.21450000e-01  1.03201410e+00  4.13737014e-06  2.00136753e+00  3.00000000e+00 
 1.21550000e-01  1.03201409e+00  4.13737010e-06  2.00136754e+00  3.00000000e+00 
 1.21650000e-01  1.03201410e+00  4.13737014e-06  2.00136753e+00  3.00000000e+00 
 1.21750000e-01  1.03201409e+00  4.13737010e-06  2.00136754e+00  3.00000000e+00 
 1.21850000e-01  1.03201410e+00  4.13737014e-06  2.00136753e+00  3.00000000e+00 
 1.21950000e-01  1.03201409e+00  4.13737010e-06  2.00136754e+00  3.00000000e+00 
 1.22050000e-01  1.03201410e+00  4.13737014e-06  2.00136753e+00  3.00000000e+00 
 1.22150000e-01  1.03201409e+00  4.13737010e-06  2.00136754e+00  3.00000000e+00 
 1.22250000e-01  1.03201410e+00  4.13737014e-06  2.00136753e+00  3.00000000e+00 
 1.22350000e-01  1.03201409e+00  4.13737010e-06  2.00136754e+00  3.00000000e+00 
 1.22450000e-01  1.03201410e+00  4.13737014e-06  2.00136753e+00  3.00000000e+00 
 1.22550000e-01  1.03201409e+00  4.13737010e-06  2.00136754e+00  3.00000000e+00 
 1.22650000e-01  1.03201410e+00  4.13737014e-06  2.00136753e+00  3.00000000e+00 
 1.22750000e-01  1.03201409e+00  4.13737010e-06  2.00136754e+00  3.00000000e+00 
 1.22850000e-01  1.03201410e+00  4.13737014e-06  2.00136753e+00  3.00000000e+00 
 1.22950000e-01  1.03201409e+00  4.13737010e-06  2.00136754e+00  3.00000000e+00 
 1.23050000e-01  1.03201410e+00  4.13737014e-06  2.00136753e+00  3.00000000e+00 
 1.23150000e-01  1.03201409e+00  4.13737010e-06  2.00136754e+00  3.00000000e+00 
 1.23250000e-01  1.03201410e+00  4.13737014e-06  2.00136753e+00  3.00000000e+00 
 1.23350000e-01  1.03201409e+00  4.13737010e-06  2.00136754e+00  3.00000000e+00 
 1.23450000e-01  1.03201410e+00  4.13737014e-06  2.00136753e+00  3.00000000e+00 
 1.23550000e-01  1.03201409e+00  4.13737010e-06  2.00136754e+00  3.00000000e+00 
 1.23650000e-01  1.03201410e+00  4.13737014e-06  2.00136753e+00  3.00000000e+00 
 1.23750000e-01  1.03201409e+00  4.13737010e-06  2.00136754e+00  3.00000000e+00 
 1.23850000e-01  1.03201410e+00  4.13737014e-06  2.00136753e+00  3.00000000e+00 
 1.23950000e-01  1.03201409e+00  4.13737010e-06  2.00136754e+00  3.00000000e+00 
 1.24050000e-01  1.03201410e+00  4.13737014e-06  2.00136753e+00  3.00000000e+00 
 1.24150000e-01  1.03201409e+00  4.13737010e-06  2.00136754e+00  3.00000000e+00 
 1.24250000e-01  1.03201410e+00  4.13737014e-06  2.00136753e+00  3.00000000e+00 
 1.24350000e-01  1.03201409e+00  4.13737010e-06  2.00136754e+00  3.00000000e+00 
 1.24450000e-01  1.03201410e+00  4.13737014e-06  2.00136753e+00  3.00000000e+00 
 1.24550000e-01  1.03201409e+00  4.13737010e-06  2.00136754e+00  3.00000000e+00 
 1.24650000e-01  1.03201410e+00  4.13737014e-06  2.00136753e+00  3.00000000e+00 
 1.24750000e-01  1.03201409e+00  4.13737010e-06  2.00136754e+00  3.00000000e+00 
 1.24850000e-01  1.03201410e+00  4.13737014e-06  2.00136753e+00  3.00000000e+00 
 1.24950000e-01  1.03201409e+00  4.13737010e-06  2.00136754e+00  3.00000000e+00 
 1.25050000e-01  1.03201410e+00  4.13737014e-06  2.00136753e+00  3.00000000e+00 
 1.25150000e-01  1.03201409e+00  4.13737010e-06  2.00136754e+00  3.00000000e+00 
 1.25250000e-01  1.03201410e+00  4.13737014e-06  2.00136753e+00  3.00000000e+00 
 1.25350000e-01  1.03201409e+00  4.13737010e-06  2.00136754e+00  3.00000000e+00 
 1.25450000e-01  1.03201410e+00  4.13737014e-06  2.00136753e+00  3.00000000e+00 
 1.25550000e-01  1.03201409e+00  4.13737010e-06  2.00136754e+00  3.00000000e+00 
 1.25650000e-01  1.03201410e+00  4.13737014e-06  2.00136753e+00  3.00000000e+00 
 1.25750000e-01  1.03201409e+00  4.13737010e-06  2.00136754e+00  3.00000000e+00 
 1.25850000e-01  1.03201410e+00  4.13737014e-06  2.00136753e+00  3.00000000e+00 
 1.25950000e-01  1.03201409e+00  4.13737010e-06  2.00136754e+00  3.00000000e+00 
 1.26050000e-01  1.03201410e+00  4.13737014e-06  2.00136753e+00  3.00000000e+00 
 1.26150000e-01  1.03201409e+00  4.13737010e-06  2.00136754e+00  3.00000000e+00 
 1.26250000e-01  1.03201410e+00  4.13737014e-06  2.00136753e+00  3.00000000e+00 
 1.26350000e-01  1.03201409e+00  4.13737010e-06  2.00136754e+00  3.00000000e+00 
 1.26450000e-01  1.03201410e+00  4.13737014e-06  2.00136753e+00  3.00000000e+00 
 1.26550000e-01  1.03201409e+00  4.13737010e-06  2.00136754e+00  3.00000000e+00 
 1.26650000e-01  1.03201410e+00  4.13737014e-06  2.00136753e+00  3.00000000e+00 
 1.26750000e-01  1.03201409e+00  4.13737010e-06  2.00136754e+00  3.00000000e+00 
 1.26850000e-01  1.03201410e+00  4.13737014e-06  2.00136753e+00  3.00000000e+00 
 1.26950000e-01  1.03201409e+00  4.13737010e-06  2.00136754e+00  3.00000000e+00 
 1.27050000e-01  1.03201410e+00  4.13737014e-06  2.00136753e+00  3.00000000e+00 
 1.27150000e-01  1.03201409e+00  4.13737010e-06  2.00136754e+00  3.00000000e+00 
 1.27250000e-01  1.03201410e+00  4.13737013e-06  2.00136753e+00  3.00000000e+00 
 1.27350000e-01  1.03201409e+00  4.13737010e-06  2.00136754e+00  3.00000000e+00 
 1.27450000e-01  1.03201410e+00  4.13737013e-06  2.00136753e+00  3.00000000e+00 
 1.27550000e-01  1.03201409e+00  4.13737010e-06  2.00136754e+00  3.00000000e+00 
 1.27650000e-01  1.03201410e+00  4.13737013e-06  2.00136753e+00  3.00000000e+00 
 1.27750000e-01  1.03201409e+00  4.13737010e-06  2.00136754e+00  3.00000000e+00 
 1.27850000e-01  1.03201410e+00  4.13737013e-06  2.00136753e+00  3.00000000e+00 
 1.27950000e-01  1.03201409e+00  4.13737010e-06  2.00136754e+00  3.00000000e+00 
 1.28050000e-01  1.03201410e+00  4.13737013e-06  2.00136753e+00  3.00000000e+00 
 1.28150000e-01  1.03201409e+00  4.13737010e-06  2.00136754e+00  3.00000000e+00 
 1.28250000e-01  1.03201410e+00  4.13737013e-06  2.00136753e+00  3.00000000e+00 
 1.28350000e-01  1.03201409e+00  4.13737010e-06  2.00136754e+00  3.00000000e+00 
 1.28450000e-01  1.03201410e+00  4.13737013e-06  2.00136753e+00  3.00000000e+00 
 1.28550000e-01  1.03201409e+00  4.13737010e-06  2.00136754e+00  3.00000000e+00 
 1.28650000e-01  1.03201410e+00  4.13737013e-06  2.00136753e+00  3.00000000e+00 
 1.28750000e-01  1.03201409e+00  4.13737010e-06  2.00136754e+00  3.00000000e+00 
 1.28850000e-01  1.03201410e+00  4.13737013e-06  2.00136753e+00  3.00000000e+00 
 1.28950000e-01  1.03201409e+00  4.13737010e-06  2.00136754e+00  3.00000000e+00 
 1.29050000e-01  1.03201410e+00  4.13737013e-06  2.00136753e+00  3.00000000e+00 
 1.29150000e-01  1.03201409e+00  4.13737010e-06  2.00136754e+00  3.00000000e+00 
 1.29250000e-01  1.03201410e+00  4.13737013e-06  2.00136753e+00  3.00000000e+00 
 1.29350000e-01  1.03201409e+00  4.13737011e-06  2.00136754e+00  3.00000000e+00 
 1.29450000e-01  1.03201410e+00  4.13737013e-06  2.00136753e+00  3.00000000e+00 
 1.29550000e-01  1.03201409e+00  4.13737011e-06  2.00136754e+00  3.00000000e+00 
 1.29650000e-01  1.03201410e+00  4.13737013e-06  2.00136753e+00  3.00000000e+00 
 1.29750000e-01  1.03201409e+00  4.13737011e-06  2.00136754e+00  3.00000000e+00 
 1.29850000e-01  1.03201410e+00  4.13737013e-06  2.00136753e+00  3.00000000e+00 
 1.29925000e-01  1.03201409e+00  4.13737011e-06  2.00136754e+00  3.00000000e+00 
 1.30000000e-01  1.03201410e+00  4.13737013e-06  2.00136753e+00  3.00000000e+00 
