 time            v(vref)         iptat           v(pbias)        v(vdd)         
 1.00000000e-06  6.53155510e-04 -3.57773794e-06  1.31062663e-01  3.00000000e-05 
 1.00029545e-06  6.52924869e-04 -3.55758779e-06  1.31100811e-01  3.00088634e-05 
 1.00088634e-06  6.52454963e-04 -3.55817871e-06  1.31174150e-01  3.00265903e-05 
 1.00206814e-06  6.51550315e-04 -3.56075928e-06  1.31307936e-01  3.00620441e-05 
 1.00443172e-06  6.49882023e-04 -3.56400558e-06  1.31536039e-01  3.01329517e-05 
 1.00915890e-06  6.47073672e-04 -3.57055927e-06  1.31887713e-01  3.02747669e-05 
 1.01496583e-06  6.44469751e-04 -3.57557057e-06  1.32196480e-01  3.04489748e-05 
 1.02358239e-06  6.41866853e-04 -3.58154846e-06  1.32502253e-01  3.07074718e-05 
 1.03623311e-06  6.39740650e-04 -3.58555991e-06  1.32751948e-01  3.10869932e-05 
 1.06028215e-06  6.38197815e-04 -3.58931166e-06  1.32933182e-01  3.18084644e-05 
 1.08474174e-06  6.37904109e-04 -3.58944300e-06  1.32968187e-01  3.25422522e-05 
 1.12428917e-06  6.37837562e-04 -3.59005739e-06  1.32976936e-01  3.37286750e-05 
 1.17610339e-06  6.37846860e-04 -3.58953629e-06  1.32977322e-01  3.52831017e-05 
 1.27973184e-06  6.37855170e-04 -3.58996915e-06  1.32979338e-01  3.83919551e-05 
 1.48698873e-06  6.37876243e-04 -3.58937026e-06  1.32983166e-01  4.46096619e-05 
 1.90150251e-06  6.37915897e-04 -3.58963135e-06  1.32991031e-01  5.70450754e-05 
 2.65182002e-06  6.37989831e-04 -3.58873767e-06  1.33005127e-01  7.95546006e-05 
 4.15245503e-06  6.38135515e-04 -3.58840876e-06  1.33033451e-01  1.24573651e-04 
 7.15372506e-06  6.38429004e-04 -3.58629305e-06  1.33089975e-01  2.14611752e-04 
 1.31562651e-05  6.39013877e-04 -3.58352109e-06  1.33203139e-01  3.94687953e-04 
 2.51613452e-05  6.40185665e-04 -3.57652436e-06  1.33429339e-01  7.54840357e-04 
 4.91715054e-05  6.42527019e-04 -3.56401008e-06  1.33881809e-01  1.47514516e-03 
 7.45857527e-05  6.45006094e-04 -3.54981727e-06  1.34360525e-01  2.23757258e-03 
 1.00000000e-04  6.47483276e-04 -3.53664057e-06  1.34839217e-01  3.00000000e-03 
 1.05082849e-04  6.47978796e-04 -3.53369034e-06  1.34934856e-01  3.15248548e-03 
 1.15248548e-04  6.48969747e-04 -3.52823753e-06  1.35126298e-01  3.45745645e-03 
 1.35579946e-04  6.50951551e-04 -3.51734681e-06  1.35509151e-01  4.06739839e-03 
 1.76242742e-04  6.54913671e-04 -3.49567824e-06  1.36274584e-01  5.28728226e-03 
 2.57568333e-04  6.62834433e-04 -3.45262779e-06  1.37804888e-01  7.72705000e-03 
 3.57568333e-04  6.72567529e-04 -3.40025891e-06  1.39685403e-01  1.07270500e-02 
 4.57568333e-04  6.82293695e-04 -3.34850556e-06  1.41564667e-01  1.37270500e-02 
 5.57568333e-04  6.92013148e-04 -3.29735737e-06  1.43442739e-01  1.67270500e-02 
 6.57568333e-04  7.01726107e-04 -3.24680420e-06  1.45319680e-01  1.97270500e-02 
 7.57568333e-04  7.11432810e-04 -3.19683605e-06  1.47195550e-01  2.27270500e-02 
 8.57568333e-04  7.21133486e-04 -3.14744323e-06  1.49070410e-01  2.57270500e-02 
 9.57568333e-04  7.30828368e-04 -3.09861625e-06  1.50944320e-01  2.87270500e-02 
 1.05756833e-03  7.40517689e-04 -3.05034592e-06  1.52817342e-01  3.17270500e-02 
 1.15756833e-03  7.50201685e-04 -3.00262330e-06  1.54689535e-01  3.47270500e-02 
 1.25756833e-03  7.59880587e-04 -2.95543976e-06  1.56560959e-01  3.77270500e-02 
 1.35756833e-03  7.69554621e-04 -2.90878694e-06  1.58431671e-01  4.07270500e-02 
 1.45756833e-03  7.79224011e-04 -2.86265679e-06  1.60301728e-01  4.37270500e-02 
 1.55756833e-03  7.88888979e-04 -2.81704154e-06  1.62171186e-01  4.67270500e-02 
 1.65756833e-03  7.98549746e-04 -2.77193370e-06  1.64040102e-01  4.97270500e-02 
 1.75756833e-03  8.08206528e-04 -2.72732607e-06  1.65908530e-01  5.27270500e-02 
 1.85756833e-03  8.17859529e-04 -2.68321176e-06  1.67776522e-01  5.57270500e-02 
 1.95756833e-03  8.27508960e-04 -2.63958416e-06  1.69644129e-01  5.87270500e-02 
 2.05756833e-03  8.37155021e-04 -2.59643692e-06  1.71511404e-01  6.17270500e-02 
 2.15756833e-03  8.46797907e-04 -2.55376395e-06  1.73378394e-01  6.47270500e-02 
 2.25756833e-03  8.56437808e-04 -2.51155946e-06  1.75245150e-01  6.77270500e-02 
 2.35756833e-03  8.66074919e-04 -2.46981788e-06  1.77111717e-01  7.07270500e-02 
 2.45756833e-03  8.75709411e-04 -2.42853393e-06  1.78978140e-01  7.37270500e-02 
 2.55756833e-03  8.85341451e-04 -2.38770258e-06  1.80844461e-01  7.67270500e-02 
 2.65756833e-03  8.94971218e-04 -2.34731896e-06  1.82710725e-01  7.97270500e-02 
 2.75756833e-03  9.04598874e-04 -2.30737848e-06  1.84576973e-01  8.27270500e-02 
 2.85756833e-03  9.14224577e-04 -2.26787673e-06  1.86443246e-01  8.57270500e-02 
 2.95756833e-03  9.23848486e-04 -2.22880951e-06  1.88309582e-01  8.87270500e-02 
 3.05756833e-03  9.33470740e-04 -2.19017285e-06  1.90176018e-01  9.17270500e-02 
 3.15756833e-03  9.43091487e-04 -2.15196293e-06  1.92042591e-01  9.47270500e-02 
 3.25756833e-03  9.52710864e-04 -2.11417610e-06  1.93909337e-01  9.77270500e-02 
 3.35756833e-03  9.62329009e-04 -2.07680890e-06  1.95776289e-01  1.00727050e-01 
 3.45756833e-03  9.71946047e-04 -2.03985802e-06  1.97643481e-01  1.03727050e-01 
 3.55756833e-03  9.81562096e-04 -2.00332031e-06  1.99510941e-01  1.06727050e-01 
 3.65756833e-03  9.91177269e-04 -1.96719278e-06  2.01378701e-01  1.09727050e-01 
 3.75756833e-03  1.00079168e-03 -1.93147255e-06  2.03246788e-01  1.12727050e-01 
 3.85756833e-03  1.01040542e-03 -1.89615689e-06  2.05115228e-01  1.15727050e-01 
 3.95756833e-03  1.02001858e-03 -1.86124322e-06  2.06984044e-01  1.18727050e-01 
 4.05756833e-03  1.02963123e-03 -1.82672910e-06  2.08853256e-01  1.21727050e-01 
 4.15756833e-03  1.03924343e-03 -1.79261220e-06  2.10722880e-01  1.24727050e-01 
 4.25756833e-03  1.04885522e-03 -1.75889031e-06  2.12592932e-01  1.27727050e-01 
 4.35756833e-03  1.05846664e-03 -1.72556139e-06  2.14463419e-01  1.30727050e-01 
 4.45756833e-03  1.06807764e-03 -1.69262357e-06  2.16334340e-01  1.33727050e-01 
 4.55756833e-03  1.07768818e-03 -1.66007514e-06  2.18205686e-01  1.36727050e-01 
 4.65756833e-03  1.08729815e-03 -1.62791454e-06  2.20077440e-01  1.39727050e-01 
 4.75756833e-03  1.09690737e-03 -1.59614047e-06  2.21949565e-01  1.42727050e-01 
 4.85756833e-03  1.10651558e-03 -1.56475193e-06  2.23822007e-01  1.45727050e-01 
 4.95756833e-03  1.11612239e-03 -1.53374819e-06  2.25694684e-01  1.48727050e-01 
 5.05756833e-03  1.12572729e-03 -1.50312888e-06  2.27567490e-01  1.51727050e-01 
 5.15756833e-03  1.13532957e-03 -1.47289408e-06  2.29440273e-01  1.54727050e-01 
 5.25756833e-03  1.14492832e-03 -1.44304438e-06  2.31312838e-01  1.57727050e-01 
 5.35756833e-03  1.15452242e-03 -1.41358084e-06  2.33184941e-01  1.60727050e-01 
 5.45756833e-03  1.16411051e-03 -1.38450491e-06  2.35056293e-01  1.63727050e-01 
 5.55756833e-03  1.17369111e-03 -1.35581832e-06  2.36926570e-01  1.66727050e-01 
 5.65756833e-03  1.18326267e-03 -1.32752275e-06  2.38795436e-01  1.69727050e-01 
 5.75756833e-03  1.19282377e-03 -1.29961939e-06  2.40662584e-01  1.72727050e-01 
 5.85756833e-03  1.20237329e-03 -1.27210859e-06  2.42527767e-01  1.75727050e-01 
 5.95756833e-03  1.21191047e-03 -1.24498967e-06  2.44390820e-01  1.78727050e-01 
 6.05756833e-03  1.22143492e-03 -1.21826106e-06  2.46251656e-01  1.81727050e-01 
 6.15756833e-03  1.23094648e-03 -1.19192054e-06  2.48110238e-01  1.84727050e-01 
 6.25756833e-03  1.24044507e-03 -1.16596579e-06  2.49966546e-01  1.87727050e-01 
 6.35756833e-03  1.24993048e-03 -1.14039471e-06  2.51820532e-01  1.90727050e-01 
 6.45756833e-03  1.25940230e-03 -1.11520565e-06  2.53672106e-01  1.93727050e-01 
 6.55756833e-03  1.26885987e-03 -1.09039749e-06  2.55521118e-01  1.96727050e-01 
 6.65756833e-03  1.27830228e-03 -1.06596953e-06  2.57367371e-01  1.99727050e-01 
 6.75756833e-03  1.28772840e-03 -1.04192149e-06  2.59210611e-01  2.02727050e-01 
 6.85756833e-03  1.29713688e-03 -1.01825340e-06  2.61050542e-01  2.05727050e-01 
 6.95756833e-03  1.30652617e-03 -9.94965534e-07  2.62886822e-01  2.08727050e-01 
 7.05756833e-03  1.31589457e-03 -9.72058316e-07  2.64719076e-01  2.11727050e-01 
 7.15756833e-03  1.32524021e-03 -9.49532344e-07  2.66546887e-01  2.14727050e-01 
 7.25756833e-03  1.33456099e-03 -9.27388401e-07  2.68369794e-01  2.17727050e-01 
 7.35756833e-03  1.34385464e-03 -9.05627425e-07  2.70187293e-01  2.20727050e-01 
 7.45756833e-03  1.35311868e-03 -8.84250498e-07  2.71998834e-01  2.23727050e-01 
 7.55756833e-03  1.36235038e-03 -8.63258874e-07  2.73803811e-01  2.26727050e-01 
 7.65756833e-03  1.37154677e-03 -8.42653990e-07  2.75601568e-01  2.29727050e-01 
 7.75756833e-03  1.38070460e-03 -8.22437470e-07  2.77391381e-01  2.32727050e-01 
 7.85756833e-03  1.38982032e-03 -8.02611136e-07  2.79172465e-01  2.35727050e-01 
 7.95756833e-03  1.39889005e-03 -7.83177019e-07  2.80943959e-01  2.38727050e-01 
 8.05756833e-03  1.40790957e-03 -7.64137401e-07  2.82704922e-01  2.41727050e-01 
 8.15756833e-03  1.41687424e-03 -7.45494812e-07  2.84454324e-01  2.44727050e-01 
 8.25756833e-03  1.42577902e-03 -7.27252006e-07  2.86191048e-01  2.47727050e-01 
 8.35756833e-03  1.43461843e-03 -7.09412029e-07  2.87913873e-01  2.50727050e-01 
 8.45756833e-03  1.44338646e-03 -6.91978251e-07  2.89621460e-01  2.53727050e-01 
 8.55756833e-03  1.45207655e-03 -6.74954354e-07  2.91312355e-01  2.56727050e-01 
 8.65756833e-03  1.46068158e-03 -6.58344363e-07  2.92984969e-01  2.59727050e-01 
 8.75756833e-03  1.46919375e-03 -6.42152705e-07  2.94637568e-01  2.62727050e-01 
 8.85756833e-03  1.47760456e-03 -6.26384234e-07  2.96268260e-01  2.65727050e-01 
 8.95756833e-03  1.48590473e-03 -6.11044274e-07  2.97874976e-01  2.68727050e-01 
 9.05756833e-03  1.49408416e-03 -5.96138619e-07  2.99455468e-01  2.71727050e-01 
 9.15756833e-03  1.50213181e-03 -5.81673632e-07  3.01007279e-01  2.74727050e-01 
 9.25756833e-03  1.51003567e-03 -5.67656299e-07  3.02527729e-01  2.77727050e-01 
 9.35756833e-03  1.51778261e-03 -5.54094270e-07  3.04013896e-01  2.80727050e-01 
 9.45756833e-03  1.52535835e-03 -5.40995940e-07  3.05462597e-01  2.83727050e-01 
 9.55756833e-03  1.53274730e-03 -5.28370561e-07  3.06870355e-01  2.86727050e-01 
 9.65756833e-03  1.53993244e-03 -5.16228310e-07  3.08233384e-01  2.89727050e-01 
 9.75756833e-03  1.54689529e-03 -5.04580408e-07  3.09547556e-01  2.92727050e-01 
 9.85756833e-03  1.55361563e-03 -4.93439266e-07  3.10808373e-01  2.95727050e-01 
 9.95756833e-03  1.56007145e-03 -4.82818660e-07  3.12010925e-01  2.98727050e-01 
 1.00575683e-02  1.56623876e-03 -4.72733874e-07  3.13149870e-01  3.01727050e-01 
 1.01575683e-02  1.57209144e-03 -4.63201926e-07  3.14219382e-01  3.04727050e-01 
 1.02575683e-02  1.57760098e-03 -4.54241829e-07  3.15213117e-01  3.07727050e-01 
 1.03575683e-02  1.58273635e-03 -4.45874871e-07  3.16124161e-01  3.10727050e-01 
 1.04575683e-02  1.58746375e-03 -4.38124965e-07  3.16944986e-01  3.13727050e-01 
 1.05575683e-02  1.59174635e-03 -4.31019052e-07  3.17667395e-01  3.16727050e-01 
 1.06575683e-02  1.59554406e-03 -4.24587576e-07  3.18282463e-01  3.19727050e-01 
 1.07575683e-02  1.59881321e-03 -4.18865060e-07  3.18780477e-01  3.22727050e-01 
 1.08575683e-02  1.60150626e-03 -4.13890765e-07  3.19150867e-01  3.25727050e-01 
 1.09575683e-02  1.60357143e-03 -4.09709535e-07  3.19382125e-01  3.28727050e-01 
 1.10575683e-02  1.60495240e-03 -4.06372688e-07  3.19461741e-01  3.31727050e-01 
 1.11575683e-02  1.60558792e-03 -4.03939134e-07  3.19376117e-01  3.34727050e-01 
 1.12575683e-02  1.60541131e-03 -4.02476787e-07  3.19110467e-01  3.37727050e-01 
 1.13575683e-02  1.60435010e-03 -4.02064156e-07  3.18648720e-01  3.40727050e-01 
 1.14575683e-02  1.60232547e-03 -4.02792249e-07  3.17973426e-01  3.43727050e-01 
 1.15575683e-02  1.59925181e-03 -4.04766905e-07  3.17065635e-01  3.46727050e-01 
 1.16575683e-02  1.59503604e-03 -4.08111614e-07  3.15904772e-01  3.49727050e-01 
 1.17575683e-02  1.58957712e-03 -4.12970820e-07  3.14468517e-01  3.52727050e-01 
 1.18575683e-02  1.58276537e-03 -4.19513921e-07  3.12732667e-01  3.55727050e-01 
 1.19575683e-02  1.57448178e-03 -4.27940169e-07  3.10670983e-01  3.58727050e-01 
 1.20575683e-02  1.56459726e-03 -4.38484510e-07  3.08255027e-01  3.61727050e-01 
 1.21575683e-02  1.55297193e-03 -4.51424566e-07  3.05454005e-01  3.64727050e-01 
 1.22575683e-02  1.53945433e-03 -4.67089070e-07  3.02234589e-01  3.67727050e-01 
 1.23575683e-02  1.52388060e-03 -4.85868080e-07  2.98560716e-01  3.70727050e-01 
 1.24575683e-02  1.50607370e-03 -5.08225070e-07  2.94393400e-01  3.73727050e-01 
 1.25575683e-02  1.48584268e-03 -5.34711405e-07  2.89690521e-01  3.76727050e-01 
 1.26575683e-02  1.46298220e-03 -5.65983428e-07  2.84406624e-01  3.79727050e-01 
 1.27575683e-02  1.43727228e-03 -6.02822387e-07  2.78492723e-01  3.82727050e-01 
 1.28575683e-02  1.40847885e-03 -6.46157278e-07  2.71896150e-01  3.85727050e-01 
 1.29575683e-02  1.37635519e-03 -6.97090290e-07  2.64560459e-01  3.88727050e-01 
 1.30575683e-02  1.34064534e-03 -7.56923790e-07  2.56425472e-01  3.91727050e-01 
 1.31575683e-02  1.30109081e-03 -8.27186438e-07  2.47427558e-01  3.94727050e-01 
 1.32575683e-02  1.25744306e-03 -9.09653566e-07  2.37500358e-01  3.97727050e-01 
 1.33575683e-02  1.20948634e-03 -1.00635291e-06  2.26576299e-01  4.00727050e-01 
 1.34575683e-02  1.15707908e-03 -1.11954019e-06  2.14589543e-01  4.03727050e-01 
 1.35575683e-02  1.10022890e-03 -1.25161868e-06  2.01481496e-01  4.06727050e-01 
 1.36575683e-02  1.03922910e-03 -1.40496133e-06  1.87210989e-01  4.09727050e-01 
 1.37575683e-02  9.74907529e-04 -1.58156763e-06  1.71772939e-01  4.12727050e-01 
 1.38575683e-02  9.09077509e-04 -1.78244056e-06  1.55232333e-01  4.15727050e-01 
 1.39575683e-02  8.45327949e-04 -2.00648909e-06  1.37784406e-01  4.18727050e-01 
 1.40575683e-02  7.90284047e-04 -2.24869319e-06  1.19852912e-01  4.21727050e-01 
 1.41575683e-02  7.55171840e-04 -2.49752269e-06  1.02218185e-01  4.24727050e-01 
 1.42575683e-02  7.56485032e-04 -2.73305760e-06  8.60824003e-02  4.27727050e-01 
 1.43575683e-02  8.13342029e-04 -2.93018095e-06  7.28355030e-02  4.30727050e-01 
 1.44575683e-02  9.42618732e-04 -3.07023540e-06  6.33834726e-02  4.33727050e-01 
 1.45575683e-02  1.17138091e-03 -3.15345539e-06  5.75116330e-02  4.36727050e-01 
 1.46575683e-02  1.66425418e-03 -3.20241772e-06  5.37486227e-02  4.39727050e-01 
 1.47335409e-02  2.64226035e-03 -3.25869684e-06  4.97448146e-02  4.42006226e-01 
 1.47890568e-02  4.14962413e-03 -3.34963054e-06  4.38502429e-02  4.43671705e-01 
 1.48453920e-02  6.68041355e-03 -3.48080645e-06  3.56279104e-02  4.45361761e-01 
 1.48675448e-02  7.95923919e-03 -3.52879414e-06  3.26325711e-02  4.46026345e-01 
 1.48840440e-02  9.00747061e-03 -3.56044450e-06  3.06499023e-02  4.46521319e-01 
 1.48960560e-02  9.82040601e-03 -3.58447046e-06  2.91530058e-02  4.46881679e-01 
 1.49079430e-02  1.06669928e-02 -3.60839825e-06  2.76659407e-02  4.47238291e-01 
 1.49248232e-02  1.19436349e-02 -3.64062762e-06  2.56606774e-02  4.47744697e-01 
 1.49585836e-02  1.47607886e-02 -3.69545894e-06  2.22197486e-02  4.48757507e-01 
 1.50014793e-02  1.88183372e-02 -3.74461730e-06  1.90408739e-02  4.50044380e-01 
 1.50544641e-02  2.44372456e-02 -3.77274922e-06  1.69834155e-02  4.51633924e-01 
 1.51126511e-02  3.11296766e-02 -3.76980612e-06  1.66528824e-02  4.53379533e-01 
 1.51456872e-02  3.51046679e-02 -3.77416236e-06  1.61233335e-02  4.54370616e-01 
 1.51765011e-02  3.89404026e-02 -3.77697616e-06  1.56968310e-02  4.55295032e-01 
 1.52060725e-02  4.27418484e-02 -3.77636080e-06  1.54796241e-02  4.56182175e-01 
 1.52355067e-02  4.66388863e-02 -3.77941923e-06  1.50513053e-02  4.57065202e-01 
 1.52688397e-02  5.12137212e-02 -3.78702352e-06  1.43320498e-02  4.58065191e-01 
 1.53011974e-02  5.58444200e-02 -3.79452142e-06  1.36241614e-02  4.59035921e-01 
 1.53354008e-02  6.09474301e-02 -3.79933960e-06  1.30552193e-02  4.60062023e-01 
 1.53806516e-02  6.80051226e-02 -3.80147121e-06  1.25410825e-02  4.61419547e-01 
 1.54601772e-02  8.11797163e-02 -3.79785573e-06  1.20597069e-02  4.63805315e-01 
 1.55601772e-02  9.90790698e-02 -3.78794794e-06  1.17571477e-02  4.66805315e-01 
 1.56601772e-02  1.18484445e-01 -3.77633210e-06  1.15544860e-02  4.69805315e-01 
 1.57601772e-02  1.39490391e-01 -3.76442604e-06  1.13661798e-02  4.72805315e-01 
 1.58601772e-02  1.62218023e-01 -3.75219423e-06  1.11990471e-02  4.75805315e-01 
 1.59601772e-02  1.86799957e-01 -3.73985202e-06  1.10361804e-02  4.78805315e-01 
 1.60601772e-02  2.13378987e-01 -3.72727196e-06  1.08896106e-02  4.81805315e-01 
 1.61601772e-02  2.42106704e-01 -3.71460538e-06  1.07461021e-02  4.84805315e-01 
 1.62601772e-02  2.73138491e-01 -3.70174377e-06  1.06165623e-02  4.87805315e-01 
 1.63601772e-02  3.06611072e-01 -3.68880301e-06  1.04898087e-02  4.90805315e-01 
 1.64601772e-02  3.42541201e-01 -3.67569417e-06  1.03755885e-02  4.93805315e-01 
 1.65601772e-02  3.80306824e-01 -3.66246909e-06  1.02664771e-02  4.96805315e-01 
 1.66397879e-02  4.09827187e-01 -3.65167822e-06  1.01974505e-02  4.99193637e-01 
 1.66928779e-02  4.27355517e-01 -3.64444401e-06  1.01520681e-02  5.00786338e-01 
 1.67447737e-02  4.40938774e-01 -3.63743762e-06  1.01062216e-02  5.02343211e-01 
 1.68065332e-02  4.51544144e-01 -3.62930560e-06  1.00372964e-02  5.04195995e-01 
 1.68745581e-02  4.57626154e-01 -3.62036261e-06  9.96306893e-03  5.06236744e-01 
 1.69308898e-02  4.60180898e-01 -3.61282692e-06  9.90753214e-03  5.07926694e-01 
 1.69984334e-02  4.62209223e-01 -3.60362533e-06  9.85347000e-03  5.09953002e-01 
 1.70675983e-02  4.63902459e-01 -3.59414012e-06  9.80001499e-03  5.12027948e-01 
 1.71675983e-02  4.66210613e-01 -3.58031019e-06  9.73293155e-03  5.15027948e-01 
 1.72675983e-02  4.68480712e-01 -3.56639784e-06  9.66945823e-03  5.18027948e-01 
 1.73675983e-02  4.70736474e-01 -3.55238025e-06  9.61528727e-03  5.21027948e-01 
 1.74675983e-02  4.72977589e-01 -3.53827856e-06  9.56495123e-03  5.24027948e-01 
 1.75675983e-02  4.75204714e-01 -3.52407638e-06  9.52373609e-03  5.27027948e-01 
 1.76675983e-02  4.77418342e-01 -3.50978604e-06  9.48672720e-03  5.30027948e-01 
 1.77675983e-02  4.79618903e-01 -3.49539791e-06  9.45878080e-03  5.33027948e-01 
 1.78675983e-02  4.81806769e-01 -3.48091719e-06  9.43543743e-03  5.36027948e-01 
 1.79675983e-02  4.83982258e-01 -3.46633982e-06  9.42119512e-03  5.39027948e-01 
 1.80675983e-02  4.86145637e-01 -3.45166512e-06  9.41197555e-03  5.42027948e-01 
 1.81675983e-02  4.88297141e-01 -3.43689372e-06  9.41197052e-03  5.45027948e-01 
 1.82675983e-02  4.90436946e-01 -3.42202007e-06  9.41742467e-03  5.48027948e-01 
 1.83675983e-02  4.92565223e-01 -3.40704878e-06  9.43226552e-03  5.51027948e-01 
 1.84675983e-02  4.94682076e-01 -3.39197028e-06  9.45301131e-03  5.54027948e-01 
 1.85675983e-02  4.96787626e-01 -3.37679254e-06  9.48335938e-03  5.57027948e-01 
 1.86675983e-02  4.98881913e-01 -3.36150267e-06  9.52006119e-03  5.60027948e-01 
 1.87675983e-02  5.00965021e-01 -3.34611156e-06  9.56661218e-03  5.63027948e-01 
 1.88675983e-02  5.03036936e-01 -3.33060355e-06  9.61996226e-03  5.66027948e-01 
 1.89675983e-02  5.05097716e-01 -3.31499201e-06  9.68342888e-03  5.69027948e-01 
 1.90675983e-02  5.07147298e-01 -3.29925904e-06  9.75413121e-03  5.72027948e-01 
 1.91675983e-02  5.09185720e-01 -3.28342016e-06  9.83522916e-03  5.75027948e-01 
 1.92675983e-02  5.11212879e-01 -3.26745559e-06  9.92398612e-03  5.78027948e-01 
 1.93675983e-02  5.13228800e-01 -3.25138269e-06  1.00234223e-02  5.81027948e-01 
 1.94675983e-02  5.15233343e-01 -3.23518019e-06  1.01309237e-02  5.84027948e-01 
 1.95675983e-02  5.17226526e-01 -3.21886702e-06  1.02493865e-02  5.87027948e-01 
 1.96675983e-02  5.19208176e-01 -3.20242069e-06  1.03763006e-02  5.90027948e-01 
 1.97675983e-02  5.21178268e-01 -3.18586147e-06  1.05144518e-02  5.93027948e-01 
 1.98675983e-02  5.23136674e-01 -3.16916592e-06  1.06614177e-02  5.96027948e-01 
 1.99675983e-02  5.25083400e-01 -3.15235543e-06  1.08198848e-02  5.99027948e-01 
 2.00675983e-02  5.27018185e-01 -3.13540582e-06  1.09875050e-02  6.02027948e-01 
 2.01675983e-02  5.28941084e-01 -3.11833945e-06  1.11668756e-02  6.05027948e-01 
 2.02675983e-02  5.30851823e-01 -3.10113154e-06  1.13557097e-02  6.08027948e-01 
 2.03675983e-02  5.32750463e-01 -3.08380529e-06  1.15565245e-02  6.11027948e-01 
 2.04675983e-02  5.34636717e-01 -3.06633552e-06  1.17670823e-02  6.14027948e-01 
 2.05675983e-02  5.36510657e-01 -3.04874608e-06  1.19898278e-02  6.17027948e-01 
 2.06675983e-02  5.38371986e-01 -3.03101153e-06  1.22225622e-02  6.20027948e-01 
 2.07675983e-02  5.40220795e-01 -3.01315628e-06  1.24676638e-02  6.23027948e-01 
 2.08675983e-02  5.42056777e-01 -2.99515474e-06  1.27229632e-02  6.26027948e-01 
 2.09675983e-02  5.43880048e-01 -2.97703178e-06  1.29907779e-02  6.29027948e-01 
 2.10675983e-02  5.45690294e-01 -2.95876176e-06  1.32689592e-02  6.32027948e-01 
 2.11675983e-02  5.47487662e-01 -2.94036991e-06  1.35597683e-02  6.35027948e-01 
 2.12675983e-02  5.49271836e-01 -2.92183064e-06  1.38610697e-02  6.38027948e-01 
 2.13675983e-02  5.51042996e-01 -2.90316944e-06  1.41750727e-02  6.41027948e-01 
 2.14675983e-02  5.52800827e-01 -2.88436083e-06  1.44996480e-02  6.44027948e-01 
 2.15675983e-02  5.54545548e-01 -2.86543050e-06  1.48369568e-02  6.47027948e-01 
 2.16675983e-02  5.56276849e-01 -2.84635314e-06  1.51848704e-02  6.50027948e-01 
 2.17675983e-02  5.57994988e-01 -2.82715456e-06  1.55455057e-02  6.53027948e-01 
 2.18675983e-02  5.59699665e-01 -2.80780964e-06  1.59167298e-02  6.56027948e-01 
 2.19675983e-02  5.61391181e-01 -2.78834426e-06  1.63006190e-02  6.59027948e-01 
 2.20675983e-02  5.63069248e-01 -2.76873349e-06  1.66950325e-02  6.62027948e-01 
 2.21675983e-02  5.64734211e-01 -2.74900325e-06  1.71020099e-02  6.65027948e-01 
 2.22675983e-02  5.66385796e-01 -2.72912883e-06  1.75193996e-02  6.68027948e-01 
 2.23675983e-02  5.68024391e-01 -2.70913608e-06  1.79492085e-02  6.71027948e-01 
 2.24675983e-02  5.69649740e-01 -2.68900055e-06  1.83892725e-02  6.74027948e-01 
 2.25675983e-02  5.71262277e-01 -2.66874798e-06  1.88415697e-02  6.77027948e-01 
 2.26675983e-02  5.72861760e-01 -2.64835419e-06  1.93039224e-02  6.80027948e-01 
 2.27675983e-02  5.74448669e-01 -2.62784477e-06  1.97782842e-02  6.83027948e-01 
 2.28675983e-02  5.76022779e-01 -2.60719580e-06  2.02624635e-02  6.86027948e-01 
 2.29675983e-02  5.77584612e-01 -2.58643273e-06  2.07583933e-02  6.89027948e-01 
 2.30675983e-02  5.79133961e-01 -2.56553190e-06  2.12638687e-02  6.92027948e-01 
 2.31675983e-02  5.80671387e-01 -2.54451859e-06  2.17808061e-02  6.95027948e-01 
 2.32675983e-02  5.82196701e-01 -2.52336944e-06  2.23069880e-02  6.98027948e-01 
 2.33675983e-02  5.83710501e-01 -2.50210958e-06  2.28443182e-02  7.01027948e-01 
 2.34675983e-02  5.85212613e-01 -2.48071594e-06  2.33905679e-02  7.04027948e-01 
 2.35675983e-02  5.86703669e-01 -2.45921351e-06  2.39476319e-02  7.07027948e-01 
 2.36675983e-02  5.88183508e-01 -2.43757955e-06  2.45132713e-02  7.10027948e-01 
 2.37675983e-02  5.89652794e-01 -2.41583892e-06  2.50893759e-02  7.13027948e-01 
 2.38675983e-02  5.91111376e-01 -2.39396923e-06  2.56736982e-02  7.16027948e-01 
 2.39675983e-02  5.92559945e-01 -2.37199525e-06  2.62681266e-02  7.19027948e-01 
 2.40675983e-02  5.93998356e-01 -2.34989492e-06  2.68704067e-02  7.22027948e-01 
 2.41675983e-02  5.95427322e-01 -2.32769293e-06  2.74824289e-02  7.25027948e-01 
 2.42675983e-02  5.96846705e-01 -2.30536758e-06  2.81019349e-02  7.28027948e-01 
 2.43675983e-02  5.98257233e-01 -2.28294347e-06  2.87308214e-02  7.31027948e-01 
 2.44675983e-02  5.99658766e-01 -2.26039919e-06  2.93668300e-02  7.34027948e-01 
 2.45675983e-02  6.01052043e-01 -2.23775922e-06  3.00118716e-02  7.37027948e-01 
 2.46675983e-02  6.02436915e-01 -2.21500237e-06  3.06636965e-02  7.40027948e-01 
 2.47675983e-02  6.03814119e-01 -2.19215281e-06  3.13242461e-02  7.43027948e-01 
 2.48675983e-02  6.05183483e-01 -2.16918932e-06  3.19913035e-02  7.46027948e-01 
 2.49675983e-02  6.06545712e-01 -2.14613531e-06  3.26668847e-02  7.49027948e-01 
 2.50675983e-02  6.07900568e-01 -2.12296875e-06  3.33488781e-02  7.52027948e-01 
 2.51675983e-02  6.09248647e-01 -2.09971096e-06  3.40395060e-02  7.55027948e-01 
 2.52675983e-02  6.10589509e-01 -2.07633673e-06  3.47369956e-02  7.58027948e-01 
 2.53675983e-02  6.11923396e-01 -2.05286103e-06  3.54442051e-02  7.61027948e-01 
 2.54675983e-02  6.13249217e-01 -2.02924768e-06  3.61604864e-02  7.64027948e-01 
 2.55675983e-02  6.14566020e-01 -2.00549107e-06  3.68907977e-02  7.67027948e-01 
 2.56675983e-02  6.15870510e-01 -1.98151797e-06  3.76383343e-02  7.70027948e-01 
 2.57675983e-02  6.17157696e-01 -1.95725494e-06  3.84151415e-02  7.73027948e-01 
 2.58675983e-02  6.18417059e-01 -1.93250981e-06  3.92370456e-02  7.76027948e-01 
 2.59675983e-02  6.19631246e-01 -1.90700857e-06  4.01377411e-02  7.79027948e-01 
 2.60675983e-02  6.20771572e-01 -1.88027347e-06  4.11647790e-02  7.82027948e-01 
 2.61675983e-02  6.21800602e-01 -1.85173351e-06  4.23868299e-02  7.85027948e-01 
 2.62675983e-02  6.22680459e-01 -1.82082068e-06  4.38671698e-02  7.88027948e-01 
 2.63675983e-02  6.23393424e-01 -1.78736264e-06  4.56394960e-02  7.91027948e-01 
 2.64675983e-02  6.23948804e-01 -1.75161456e-06  4.76843069e-02  7.94027948e-01 
 2.65675983e-02  6.24377826e-01 -1.71419886e-06  4.99498327e-02  7.97027948e-01 
 2.66675983e-02  6.24713947e-01 -1.67571417e-06  5.23747519e-02  8.00027948e-01 
 2.67675983e-02  6.24987100e-01 -1.63670058e-06  5.49098232e-02  8.03027948e-01 
 2.68675983e-02  6.25216956e-01 -1.59748451e-06  5.75180042e-02  8.06027948e-01 
 2.69675983e-02  6.25418635e-01 -1.55833512e-06  6.01759146e-02  8.09027948e-01 
 2.70675983e-02  6.25600163e-01 -1.51937291e-06  6.28668836e-02  8.12027948e-01 
 2.71675983e-02  6.25768633e-01 -1.48072811e-06  6.55814497e-02  8.15027948e-01 
 2.72675983e-02  6.25926869e-01 -1.44243249e-06  6.83120303e-02  8.18027948e-01 
 2.73675983e-02  6.26078595e-01 -1.40455953e-06  7.10549589e-02  8.21027948e-01 
 2.74675983e-02  6.26224526e-01 -1.36710588e-06  7.38063471e-02  8.24027948e-01 
 2.75675983e-02  6.26366968e-01 -1.33012162e-06  7.65649224e-02  8.27027948e-01 
 2.76675983e-02  6.26505763e-01 -1.29358907e-06  7.93283481e-02  8.30027948e-01 
 2.77675983e-02  6.26642576e-01 -1.25754791e-06  8.20964011e-02  8.33027948e-01 
 2.78675983e-02  6.26776871e-01 -1.22197426e-06  8.48674422e-02  8.36027948e-01 
 2.79675983e-02  6.26909994e-01 -1.18690272e-06  8.76417392e-02  8.39027948e-01 
 2.80675983e-02  6.27041237e-01 -1.15230659e-06  9.04179916e-02  8.42027948e-01 
 2.81675983e-02  6.27171774e-01 -1.11821769e-06  9.31967134e-02  8.45027948e-01 
 2.82675983e-02  6.27300817e-01 -1.08460799e-06  9.59767818e-02  8.48027948e-01 
 2.83675983e-02  6.27429439e-01 -1.05150764e-06  9.87588390e-02  8.51027948e-01 
 2.84675983e-02  6.27556816e-01 -1.01888799e-06  1.01541864e-01  8.54027948e-01 
 2.85675983e-02  6.27683954e-01 -9.86778044e-07  1.04326568e-01  8.57027948e-01 
 2.86675983e-02  6.27810017e-01 -9.55148904e-07  1.07111993e-01  8.60027948e-01 
 2.87675983e-02  6.27935964e-01 -9.24028704e-07  1.09898886e-01  8.63027948e-01 
 2.88675983e-02  6.28060957e-01 -8.93388476e-07  1.12686335e-01  8.66027948e-01 
 2.89675983e-02  6.28185920e-01 -8.63255663e-07  1.15475102e-01  8.69027948e-01 
 2.90675983e-02  6.28310020e-01 -8.33601316e-07  1.18264309e-01  8.72027948e-01 
 2.91675983e-02  6.28434154e-01 -8.04452282e-07  1.21054723e-01  8.75027948e-01 
 2.92675983e-02  6.28557496e-01 -7.75779691e-07  1.23845496e-01  8.78027948e-01 
 2.93675983e-02  6.28680920e-01 -7.47609846e-07  1.26637390e-01  8.81027948e-01 
 2.94675983e-02  6.28803610e-01 -7.19913989e-07  1.29429585e-01  8.84027948e-01 
 2.95675983e-02  6.28926420e-01 -6.92717914e-07  1.32222835e-01  8.87027948e-01 
 2.96675983e-02  6.29048543e-01 -6.65992991e-07  1.35016341e-01  8.90027948e-01 
 2.97675983e-02  6.29170819e-01 -6.39764528e-07  1.37810847e-01  8.93027948e-01 
 2.98675983e-02  6.29292450e-01 -6.14004035e-07  1.40605579e-01  8.96027948e-01 
 2.99675983e-02  6.29414260e-01 -5.88736342e-07  1.43401265e-01  8.99027948e-01 
 3.00675983e-02  6.29535463e-01 -5.63933107e-07  1.46197154e-01  9.02027948e-01 
 3.01675983e-02  6.29656870e-01 -5.39618685e-07  1.48993958e-01  9.05027948e-01 
 3.02675983e-02  6.29777703e-01 -5.15764892e-07  1.51790948e-01  9.08027948e-01 
 3.03675983e-02  6.29898763e-01 -4.92395603e-07  1.54588821e-01  9.11027948e-01 
 3.04675983e-02  6.30019282e-01 -4.69482793e-07  1.57386866e-01  9.14027948e-01 
 3.05675983e-02  6.30140048e-01 -4.47049859e-07  1.60185765e-01  9.17027948e-01 
 3.06675983e-02  6.30260305e-01 -4.25068936e-07  1.62984828e-01  9.20027948e-01 
 3.07675983e-02  6.30380829e-01 -4.03562933e-07  1.65784718e-01  9.23027948e-01 
 3.08675983e-02  6.30500876e-01 -3.82504148e-07  1.68584766e-01  9.26027948e-01 
 3.09675983e-02  6.30621210e-01 -3.61914994e-07  1.71385618e-01  9.29027948e-01 
 3.10675983e-02  6.30741098e-01 -3.41767932e-07  1.74186623e-01  9.32027948e-01 
 3.11675983e-02  6.30861294e-01 -3.22084870e-07  1.76988411e-01  9.35027948e-01 
 3.12675983e-02  6.30981076e-01 -3.02838431e-07  1.79790350e-01  9.38027948e-01 
 3.13675983e-02  6.31101187e-01 -2.84050009e-07  1.82593051e-01  9.41027948e-01 
 3.14675983e-02  6.31220916e-01 -2.65692385e-07  1.85395902e-01  9.44027948e-01 
 3.15675983e-02  6.31340997e-01 -2.47786431e-07  1.88199497e-01  9.47027948e-01 
 3.16675983e-02  6.31460730e-01 -2.30305084e-07  1.91003242e-01  9.50027948e-01 
 3.17675983e-02  6.31580839e-01 -2.13268680e-07  1.93807713e-01  9.53027948e-01 
 3.18675983e-02  6.31700635e-01 -1.96650311e-07  1.96612333e-01  9.56027948e-01 
 3.19675983e-02  6.31820833e-01 -1.80469769e-07  1.99417665e-01  9.59027948e-01 
 3.20675983e-02  6.31940754e-01 -1.64700295e-07  2.02223145e-01  9.62027948e-01 
 3.21675983e-02  6.32061104e-01 -1.49361129e-07  2.05029323e-01  9.65027948e-01 
 3.22675983e-02  6.32181217e-01 -1.34425656e-07  2.07835650e-01  9.68027948e-01 
 3.23675983e-02  6.32301788e-01 -1.19912554e-07  2.10642660e-01  9.71027948e-01 
 3.24675983e-02  6.32422163e-01 -1.05795349e-07  2.13449821e-01  9.74027948e-01 
 3.25675983e-02  6.32543028e-01 -9.20921475e-08  2.16257650e-01  9.77027948e-01 
 3.26675983e-02  6.32663741e-01 -7.87766159e-08  2.19065633e-01  9.80027948e-01 
 3.27675983e-02  6.32784978e-01 -6.58662766e-08  2.21874271e-01  9.83027948e-01 
 3.28675983e-02  6.32906109e-01 -5.33349335e-08  2.24683064e-01  9.86027948e-01 
 3.29675983e-02  6.33027801e-01 -4.11995189e-08  2.27492501e-01  9.89027948e-01 
 3.30675983e-02  6.33149437e-01 -2.94339694e-08  2.30302093e-01  9.92027948e-01 
 3.31675983e-02  6.33271675e-01 -1.80546199e-08  2.33112318e-01  9.95027948e-01 
 3.32675983e-02  6.33393908e-01 -7.03553740e-09  2.35922700e-01  9.98027948e-01 
 3.33675983e-02  6.33516787e-01  3.60754385e-09  2.38733704e-01  1.00102795e+00 
 3.34675983e-02  6.33639718e-01  1.39004552e-08  2.41544866e-01  1.00402795e+00 
 3.35675983e-02  6.33763341e-01  2.38280820e-08  2.44356640e-01  1.00702795e+00 
 3.36675983e-02  6.33887076e-01  3.34161119e-08  2.47168574e-01  1.01002795e+00 
 3.37675983e-02  6.34011555e-01  4.26500542e-08  2.49981109e-01  1.01302795e+00 
 3.38675983e-02  6.34136209e-01  5.15554863e-08  2.52793806e-01  1.01602795e+00 
 3.39675983e-02  6.34261662e-01  6.01185528e-08  2.55607095e-01  1.01902795e+00 
 3.40675983e-02  6.34387358e-01  6.83647264e-08  2.58420548e-01  1.02202795e+00 
 3.41675983e-02  6.34513913e-01  7.62807988e-08  2.61234583e-01  1.02502795e+00 
 3.42675983e-02  6.34640784e-01  8.38921485e-08  2.64048784e-01  1.02802795e+00 
 3.43675983e-02  6.34768576e-01  9.11862276e-08  2.66863558e-01  1.03102795e+00 
 3.44675983e-02  6.34896762e-01  9.81883341e-08  2.69678499e-01  1.03402795e+00 
 3.45675983e-02  6.35025938e-01  1.04886595e-07  2.72494007e-01  1.03702795e+00 
 3.46675983e-02  6.35155590e-01  1.11306244e-07  2.75309681e-01  1.04002795e+00 
 3.47675983e-02  6.35286305e-01  1.17436096e-07  2.78125915e-01  1.04302795e+00 
 3.48675983e-02  6.35417583e-01  1.23301337e-07  2.80942317e-01  1.04602795e+00 
 3.49675983e-02  6.35550002e-01  1.28891483e-07  2.83759270e-01  1.04902795e+00 
 3.50675983e-02  6.35683077e-01  1.34231683e-07  2.86576394e-01  1.05202795e+00 
 3.51675983e-02  6.35817377e-01  1.39312157e-07  2.89394062e-01  1.05502795e+00 
 3.52675983e-02  6.35952430e-01  1.44158029e-07  2.92211901e-01  1.05802795e+00 
 3.53675983e-02  6.36088796e-01  1.48760212e-07  2.95030277e-01  1.06102795e+00 
 3.54675983e-02  6.36226018e-01  1.53143797e-07  2.97848826e-01  1.06402795e+00 
 3.55675983e-02  6.36364647e-01  1.57300360e-07  3.00667907e-01  1.06702795e+00 
 3.56675983e-02  6.36504239e-01  1.61254940e-07  3.03487161e-01  1.07002795e+00 
 3.57675983e-02  6.36645337e-01  1.64999717e-07  3.06306940e-01  1.07302795e+00 
 3.58675983e-02  6.36787511e-01  1.68559629e-07  3.09126894e-01  1.07602795e+00 
 3.59675983e-02  6.36931294e-01  1.71927368e-07  3.11947367e-01  1.07902795e+00 
 3.60675983e-02  6.37076270e-01  1.75127699e-07  3.14768016e-01  1.08202795e+00 
 3.61675983e-02  6.37222963e-01  1.78153699e-07  3.17589180e-01  1.08502795e+00 
 3.62675983e-02  6.37370969e-01  1.81029857e-07  3.20410520e-01  1.08802795e+00 
 3.63675983e-02  6.37520805e-01  1.83749478e-07  3.23232370e-01  1.09102795e+00 
 3.64675983e-02  6.37672079e-01  1.86336649e-07  3.26054397e-01  1.09402795e+00 
 3.65675983e-02  6.37825297e-01  1.88784727e-07  3.28876929e-01  1.09702795e+00 
 3.66675983e-02  6.37980081e-01  1.91117260e-07  3.31699638e-01  1.10002795e+00 
 3.67675983e-02  6.38136927e-01  1.93327472e-07  3.34522849e-01  1.10302795e+00 
 3.68675983e-02  6.38295468e-01  1.95438249e-07  3.37346238e-01  1.10602795e+00 
 3.69675983e-02  6.38456188e-01  1.97442507e-07  3.40170124e-01  1.10902795e+00 
 3.70675983e-02  6.38618735e-01  1.99362366e-07  3.42994190e-01  1.11202795e+00 
 3.71675983e-02  6.38783581e-01  2.01190307e-07  3.45818748e-01  1.11502795e+00 
 3.72675983e-02  6.38950382e-01  2.02947626e-07  3.48643487e-01  1.11802795e+00 
 3.73675983e-02  6.39119600e-01  2.04626291e-07  3.51468715e-01  1.12102795e+00 
 3.74675983e-02  6.39290902e-01  2.06246782e-07  3.54294124e-01  1.12402795e+00 
 3.75675983e-02  6.39464735e-01  2.07800559e-07  3.57120019e-01  1.12702795e+00 
 3.76675983e-02  6.39640777e-01  2.09307368e-07  3.59946095e-01  1.13002795e+00 
 3.77675983e-02  6.39819460e-01  2.10758235e-07  3.62772655e-01  1.13302795e+00 
 3.78675983e-02  6.40000471e-01  2.12172331e-07  3.65599396e-01  1.13602795e+00 
 3.79675983e-02  6.40184227e-01  2.13540388e-07  3.68426618e-01  1.13902795e+00 
 3.80675983e-02  6.40370424e-01  2.14881182e-07  3.71254023e-01  1.14202795e+00 
 3.81675983e-02  6.40559460e-01  2.16185282e-07  3.74081905e-01  1.14502795e+00 
 3.82675983e-02  6.40751040e-01  2.17471211e-07  3.76909970e-01  1.14802795e+00 
 3.83675983e-02  6.40945544e-01  2.18729419e-07  3.79738510e-01  1.15102795e+00 
 3.84675983e-02  6.41142683e-01  2.19978189e-07  3.82567235e-01  1.15402795e+00 
 3.85675983e-02  6.41342818e-01  2.21207749e-07  3.85396431e-01  1.15702795e+00 
 3.86675983e-02  6.41545665e-01  2.22436023e-07  3.88225812e-01  1.16002795e+00 
 3.87675983e-02  6.41751566e-01  2.23652816e-07  3.91055663e-01  1.16302795e+00 
 3.88675983e-02  6.41960239e-01  2.24875525e-07  3.93885698e-01  1.16602795e+00 
 3.89675983e-02  6.42172008e-01  2.26093346e-07  3.96716201e-01  1.16902795e+00 
 3.90675983e-02  6.42386593e-01  2.27323040e-07  3.99546890e-01  1.17202795e+00 
 3.91675983e-02  6.42604294e-01  2.28553105e-07  4.02378043e-01  1.17502795e+00 
 3.92675983e-02  6.42824836e-01  2.29799670e-07  4.05209381e-01  1.17802795e+00 
 3.93675983e-02  6.43048495e-01  2.31050556e-07  4.08041182e-01  1.18102795e+00 
 3.94675983e-02  6.43274998e-01  2.32321350e-07  4.10873167e-01  1.18402795e+00 
 3.95675983e-02  6.43504598e-01  2.33599279e-07  4.13705613e-01  1.18702795e+00 
 3.96675983e-02  6.43737023e-01  2.34899512e-07  4.16538242e-01  1.19002795e+00 
 3.97675983e-02  6.43972501e-01  2.36208782e-07  4.19371329e-01  1.19302795e+00 
 3.98675983e-02  6.44210762e-01  2.37541957e-07  4.22204599e-01  1.19602795e+00 
 3.99675983e-02  6.44452009e-01  2.38885370e-07  4.25038323e-01  1.19902795e+00 
 4.00675983e-02  6.44695973e-01  2.40253685e-07  4.27872228e-01  1.20202795e+00 
 4.01675983e-02  6.44942833e-01  2.41632902e-07  4.30706583e-01  1.20502795e+00 
 4.02675983e-02  6.45192320e-01  2.43037552e-07  4.33541117e-01  1.20802795e+00 
 4.03675983e-02  6.45444589e-01  2.44453354e-07  4.36376098e-01  1.21102795e+00 
 4.04675983e-02  6.45699374e-01  2.45894762e-07  4.39211253e-01  1.21402795e+00 
 4.05675983e-02  6.45956803e-01  2.47347245e-07  4.42046850e-01  1.21702795e+00 
 4.06675983e-02  6.46216613e-01  2.48825218e-07  4.44882616e-01  1.22002795e+00 
 4.07675983e-02  6.46478910e-01  2.50313922e-07  4.47718818e-01  1.22302795e+00 
 4.08675983e-02  6.46743431e-01  2.51827762e-07  4.50555185e-01  1.22602795e+00 
 4.09675983e-02  6.47010261e-01  2.53351767e-07  4.53391978e-01  1.22902795e+00 
 4.10675983e-02  6.47279141e-01  2.54900353e-07  4.56228928e-01  1.23202795e+00 
 4.11675983e-02  6.47550132e-01  2.56458348e-07  4.59066295e-01  1.23502795e+00 
 4.12675983e-02  6.47822982e-01  2.58040200e-07  4.61903808e-01  1.23802795e+00 
 4.13675983e-02  6.48097731e-01  2.59630540e-07  4.64741726e-01  1.24102795e+00 
 4.14675983e-02  6.48374132e-01  2.61243865e-07  4.67579776e-01  1.24402795e+00 
 4.15675983e-02  6.48652206e-01  2.62864618e-07  4.70418216e-01  1.24702795e+00 
 4.16675983e-02  6.48931715e-01  2.64507362e-07  4.73256770e-01  1.25002795e+00 
 4.17675983e-02  6.49212661e-01  2.66156358e-07  4.76095693e-01  1.25302795e+00 
 4.18675983e-02  6.49494815e-01  2.67826249e-07  4.78934706e-01  1.25602795e+00 
 4.19675983e-02  6.49778165e-01  2.69501121e-07  4.81774061e-01  1.25902795e+00 
 4.20675983e-02  6.50062493e-01  2.71195719e-07  4.84613475e-01  1.26202795e+00 
 4.21675983e-02  6.50347771e-01  2.72893965e-07  4.87453193e-01  1.26502795e+00 
 4.22675983e-02  6.50633799e-01  2.74610726e-07  4.90292925e-01  1.26802795e+00 
 4.23675983e-02  6.50920537e-01  2.76329774e-07  4.93132911e-01  1.27102795e+00 
 4.24675983e-02  6.51207802e-01  2.78066128e-07  4.95972847e-01  1.27402795e+00 
 4.25675983e-02  6.51495550e-01  2.79803435e-07  4.98812961e-01  1.27702795e+00 
 4.26675983e-02  6.51783623e-01  2.81556913e-07  5.01652928e-01  1.28002795e+00 
 4.27675983e-02  6.52071978e-01  2.83310130e-07  5.04492957e-01  1.28302795e+00 
 4.28675983e-02  6.52360493e-01  2.85078580e-07  5.07332685e-01  1.28602795e+00 
 4.29675983e-02  6.52649144e-01  2.86845849e-07  5.10172280e-01  1.28902795e+00 
 4.30675983e-02  6.52937874e-01  2.88627889e-07  5.13011300e-01  1.29202795e+00 
 4.31675983e-02  6.53226714e-01  2.90408556e-07  5.15849813e-01  1.29502795e+00 
 4.32675983e-02  6.53515748e-01  2.92204740e-07  5.18687192e-01  1.29802795e+00 
 4.33675983e-02  6.53805201e-01  2.94001424e-07  5.21523205e-01  1.30102795e+00 
 4.34675983e-02  6.54095594e-01  2.95818335e-07  5.24356593e-01  1.30402795e+00 
 4.35675983e-02  6.54388061e-01  2.97646137e-07  5.27185756e-01  1.30702795e+00 
 4.36675983e-02  6.54685956e-01  2.99522562e-07  5.30005228e-01  1.31002795e+00 
 4.37675983e-02  6.55005597e-01  3.01534440e-07  5.32790647e-01  1.31302795e+00 
 4.38165524e-02  6.55246319e-01  3.03063279e-07  5.34026512e-01  1.31449657e+00 
 4.38351095e-02  6.55455764e-01  3.04395047e-07  5.34315350e-01  1.31505328e+00 
 4.38459574e-02  6.55600268e-01  3.05310031e-07  5.34455341e-01  1.31537872e+00 
 4.38516141e-02  6.55668310e-01  3.05741156e-07  5.34537179e-01  1.31554842e+00 
 4.38580009e-02  6.55752660e-01  3.06280734e-07  5.34619947e-01  1.31574003e+00 
 4.38653770e-02  6.55845477e-01  3.06866652e-07  5.34722224e-01  1.31596131e+00 
 4.38721674e-02  6.55933569e-01  3.07433197e-07  5.34811992e-01  1.31616502e+00 
 4.38796589e-02  6.56029064e-01  3.08036197e-07  5.34914600e-01  1.31638977e+00 
 4.38946418e-02  6.56221736e-01  3.09272809e-07  5.35115782e-01  1.31683926e+00 
 4.39085596e-02  6.56400227e-01  3.10408984e-07  5.35304875e-01  1.31725679e+00 
 4.39350020e-02  6.56740259e-01  3.12597764e-07  5.35661496e-01  1.31805006e+00 
 4.39728462e-02  6.57227112e-01  3.15731000e-07  5.36174763e-01  1.31918539e+00 
 4.40421112e-02  6.58120310e-01  3.21541216e-07  5.37113698e-01  1.32126334e+00 
 4.41421112e-02  6.59413677e-01  3.30039896e-07  5.38475892e-01  1.32426334e+00 
 4.42421112e-02  6.60712183e-01  3.38703606e-07  5.39841793e-01  1.32726334e+00 
 4.43421112e-02  6.62015579e-01  3.47505702e-07  5.41214601e-01  1.33026334e+00 
 4.44421112e-02  6.63324342e-01  3.56474616e-07  5.42591064e-01  1.33326334e+00 
 4.45421112e-02  6.64638286e-01  3.65583944e-07  5.43974227e-01  1.33626334e+00 
 4.46421112e-02  6.65957838e-01  3.74861941e-07  5.45360956e-01  1.33926334e+00 
 4.47421112e-02  6.67282868e-01  3.84282421e-07  5.46754147e-01  1.34226334e+00 
 4.48421112e-02  6.68613759e-01  3.93873492e-07  5.48150775e-01  1.34526334e+00 
 4.49421112e-02  6.69950431e-01  4.03609173e-07  5.49553601e-01  1.34826334e+00 
 4.50421112e-02  6.71293231e-01  4.13517456e-07  5.50959699e-01  1.35126334e+00 
 4.51421112e-02  6.72642123e-01  4.23572550e-07  5.52371702e-01  1.35426334e+00 
 4.52421112e-02  6.73997422e-01  4.33802365e-07  5.53786775e-01  1.35726334e+00 
 4.53421112e-02  6.75359132e-01  4.44181288e-07  5.55207432e-01  1.36026334e+00 
 4.54421112e-02  6.76727542e-01  4.54737173e-07  5.56630923e-01  1.36326334e+00 
 4.55421112e-02  6.78102691e-01  4.65444582e-07  5.58059648e-01  1.36626334e+00 
 4.56421112e-02  6.79484847e-01  4.76331337e-07  5.59490937e-01  1.36926334e+00 
 4.57421112e-02  6.80874081e-01  4.87372168e-07  5.60927081e-01  1.37226334e+00 
 4.58421112e-02  6.82270643e-01  4.98594893e-07  5.62365484e-01  1.37526334e+00 
 4.59421112e-02  6.83674634e-01  5.09974404e-07  5.63808334e-01  1.37826334e+00 
 4.60421112e-02  6.85086290e-01  5.21538543e-07  5.65253105e-01  1.38126334e+00 
 4.61421112e-02  6.86505741e-01  5.33262360e-07  5.66701884e-01  1.38426334e+00 
 4.62421112e-02  6.87933209e-01  5.45173748e-07  5.68152214e-01  1.38726334e+00 
 4.63421112e-02  6.89368853e-01  5.57247913e-07  5.69606082e-01  1.39026334e+00 
 4.64421112e-02  6.90812885e-01  5.69512825e-07  5.71061095e-01  1.39326334e+00 
 4.65421112e-02  6.92265489e-01  5.81943844e-07  5.72519146e-01  1.39626334e+00 
 4.66421112e-02  6.93726873e-01  5.94569048e-07  5.73977899e-01  1.39926334e+00 
 4.67421112e-02  6.95197246e-01  6.07363952e-07  5.75439159e-01  1.40226334e+00 
 4.68421112e-02  6.96676810e-01  6.20356765e-07  5.76900644e-01  1.40526334e+00 
 4.69421112e-02  6.98165799e-01  6.33523162e-07  5.78364069e-01  1.40826334e+00 
 4.70421112e-02  6.99664415e-01  6.46891498e-07  5.79827207e-01  1.41126334e+00 
 4.71421112e-02  7.01172915e-01  6.60437600e-07  5.81291685e-01  1.41426334e+00 
 4.72421112e-02  7.02691499e-01  6.74190010e-07  5.82755328e-01  1.41726334e+00 
 4.73421112e-02  7.04220458e-01  6.88124798e-07  5.84219666e-01  1.42026334e+00 
 4.74421112e-02  7.05760006e-01  7.02270810e-07  5.85682558e-01  1.42326334e+00 
 4.75421112e-02  7.07310457e-01  7.16604284e-07  5.87145452e-01  1.42626334e+00 
 4.76421112e-02  7.08872023e-01  7.31154244e-07  5.88606261e-01  1.42926334e+00 
 4.77421112e-02  7.10445043e-01  7.45897116e-07  5.90066347e-01  1.43226334e+00 
 4.78421112e-02  7.12029740e-01  7.60862207e-07  5.91523665e-01  1.43526334e+00 
 4.79421112e-02  7.13626479e-01  7.76026187e-07  5.92979485e-01  1.43826334e+00 
 4.80421112e-02  7.15235499e-01  7.91418687e-07  5.94431802e-01  1.44126334e+00 
 4.81421112e-02  7.16857195e-01  8.07016634e-07  5.95881795e-01  1.44426334e+00 
 4.82421112e-02  7.18491821e-01  8.22850019e-07  5.97327494e-01  1.44726334e+00 
 4.83421112e-02  7.20139806e-01  8.38896057e-07  5.98769988e-01  1.45026334e+00 
 4.84421112e-02  7.21801421e-01  8.55185132e-07  6.00207341e-01  1.45326334e+00 
 4.85421112e-02  7.23477129e-01  8.71694771e-07  6.01640548e-01  1.45626334e+00 
 4.86421112e-02  7.25167223e-01  8.88455796e-07  6.03067705e-01  1.45926334e+00 
 4.87421112e-02  7.26872203e-01  9.05446074e-07  6.04489713e-01  1.46226334e+00 
 4.88421112e-02  7.28592385e-01  9.22696901e-07  6.05904698e-01  1.46526334e+00 
 4.89421112e-02  7.30328308e-01  9.40186516e-07  6.07313467e-01  1.46826334e+00 
 4.90421112e-02  7.32080314e-01  9.57946722e-07  6.08714175e-01  1.47126334e+00 
 4.91421112e-02  7.33848984e-01  9.75956160e-07  6.10107532e-01  1.47426334e+00 
 4.92421112e-02  7.35634687e-01  9.94247166e-07  6.11491725e-01  1.47726334e+00 
 4.93421112e-02  7.37438044e-01  1.01279880e-06  6.12867367e-01  1.48026334e+00 
 4.94421112e-02  7.39259454e-01  1.03164396e-06  6.14232678e-01  1.48326334e+00 
 4.95421112e-02  7.41099581e-01  1.05076211e-06  6.15588179e-01  1.48626334e+00 
 4.96421112e-02  7.42958848e-01  1.07018671e-06  6.16932126e-01  1.48926334e+00 
 4.97421112e-02  7.44837960e-01  1.08989766e-06  6.18264954e-01  1.49226334e+00 
 4.98421112e-02  7.46737363e-01  1.10992890e-06  6.19584962e-01  1.49526334e+00 
 4.99421112e-02  7.48657799e-01  1.13026071e-06  6.20892507e-01  1.49826334e+00 
 5.00421112e-02  7.50599729e-01  1.15092749e-06  6.22185945e-01  1.50126334e+00 
 5.01421112e-02  7.52563921e-01  1.17190979e-06  6.23465571e-01  1.50426334e+00 
 5.02421112e-02  7.54550843e-01  1.19324235e-06  6.24729813e-01  1.50726334e+00 
 5.03421112e-02  7.56561275e-01  1.21490585e-06  6.25978924e-01  1.51026334e+00 
 5.04421112e-02  7.58595674e-01  1.23693517e-06  6.27211429e-01  1.51326334e+00 
 5.05421112e-02  7.60654815e-01  1.25931090e-06  6.28427566e-01  1.51626334e+00 
 5.06421112e-02  7.62739122e-01  1.28206783e-06  6.29625987e-01  1.51926334e+00 
 5.07421112e-02  7.64849338e-01  1.30518617e-06  6.30806951e-01  1.52226334e+00 
 5.08421112e-02  7.66985826e-01  1.32870026e-06  6.31969271e-01  1.52526334e+00 
 5.09421112e-02  7.69149269e-01  1.35258957e-06  6.33113267e-01  1.52826334e+00 
 5.10421112e-02  7.71339935e-01  1.37688763e-06  6.34237952e-01  1.53126334e+00 
 5.11421112e-02  7.73558411e-01  1.40157271e-06  6.35343752e-01  1.53426334e+00 
 5.12421112e-02  7.75804839e-01  1.42667713e-06  6.36429918e-01  1.53726334e+00 
 5.13421112e-02  7.78079672e-01  1.45217752e-06  6.37497018e-01  1.54026334e+00 
 5.14421112e-02  7.80382898e-01  1.47810456e-06  6.38544573e-01  1.54326334e+00 
 5.15421112e-02  7.82714804e-01  1.50443288e-06  6.39573329e-01  1.54626334e+00 
 5.16421112e-02  7.85075199e-01  1.53119117e-06  6.40583088e-01  1.54926334e+00 
 5.17421112e-02  7.87464184e-01  1.55835174e-06  6.41574792e-01  1.55226334e+00 
 5.18421112e-02  7.89881380e-01  1.58594115e-06  6.42548521e-01  1.55526334e+00 
 5.19421112e-02  7.92326693e-01  1.61392923e-06  6.43505409e-01  1.55826334e+00 
 5.20421112e-02  7.94799562e-01  1.64234040e-06  6.44445788e-01  1.56126334e+00 
 5.21421112e-02  7.97299707e-01  1.67114206e-06  6.45370959e-01  1.56426334e+00 
 5.22421112e-02  7.99826406e-01  1.70035668e-06  6.46281462e-01  1.56726334e+00 
 5.23421112e-02  8.02379213e-01  1.72994941e-06  6.47178723e-01  1.57026334e+00 
 5.24421112e-02  8.04957280e-01  1.75994115e-06  6.48063429e-01  1.57326334e+00 
 5.25421112e-02  8.07560027e-01  1.79029515e-06  6.48937083e-01  1.57626334e+00 
 5.26421112e-02  8.10186522e-01  1.82103113e-06  6.49800454e-01  1.57926334e+00 
 5.27421112e-02  8.12836082e-01  1.85211087e-06  6.50655072e-01  1.58226334e+00 
 5.28421112e-02  8.15507733e-01  1.88355337e-06  6.51501727e-01  1.58526334e+00 
 5.29421112e-02  8.18200726e-01  1.91531932e-06  6.52341929e-01  1.58826334e+00 
 5.30421112e-02  8.20914078e-01  1.94742744e-06  6.53176441e-01  1.59126334e+00 
 5.31421112e-02  8.23647001e-01  1.97983766e-06  6.54006721e-01  1.59426334e+00 
 5.32421112e-02  8.26398534e-01  2.01256877e-06  6.54833469e-01  1.59726334e+00 
 5.33421112e-02  8.29167870e-01  2.04558022e-06  6.55658067e-01  1.60026334e+00 
 5.34421112e-02  8.31954088e-01  2.07889111e-06  6.56481127e-01  1.60326334e+00 
 5.35421112e-02  8.34756379e-01  2.11246061e-06  6.57303947e-01  1.60626334e+00 
 5.36421112e-02  8.37573876e-01  2.14630830e-06  6.58127042e-01  1.60926334e+00 
 5.37421112e-02  8.40405772e-01  2.18039320e-06  6.58951622e-01  1.61226334e+00 
 5.38421112e-02  8.43251260e-01  2.21473546e-06  6.59778098e-01  1.61526334e+00 
 5.39421112e-02  8.46109540e-01  2.24929400e-06  6.60607599e-01  1.61826334e+00 
 5.40421112e-02  8.48979869e-01  2.28408963e-06  6.61440437e-01  1.62126334e+00 
 5.41421112e-02  8.51861454e-01  2.31908120e-06  6.62277665e-01  1.62426334e+00 
 5.42421112e-02  8.54753613e-01  2.35429017e-06  6.63119503e-01  1.62726334e+00 
 5.43421112e-02  8.57655560e-01  2.38967534e-06  6.63966933e-01  1.63026334e+00 
 5.44421112e-02  8.60566672e-01  2.42525880e-06  6.64820094e-01  1.63326334e+00 
 5.45421112e-02  8.63486168e-01  2.46099933e-06  6.65679909e-01  1.63626334e+00 
 5.46421112e-02  8.66413481e-01  2.49691961e-06  6.66546439e-01  1.63926334e+00 
 5.47421112e-02  8.69347835e-01  2.53297839e-06  6.67420557e-01  1.64226334e+00 
 5.48421112e-02  8.72288713e-01  2.56919895e-06  6.68302258e-01  1.64526334e+00 
 5.49421112e-02  8.75235343e-01  2.60553997e-06  6.69192369e-01  1.64826334e+00 
 5.50421112e-02  8.78187256e-01  2.64202529e-06  6.70090827e-01  1.65126334e+00 
 5.51421112e-02  8.81143680e-01  2.67861356e-06  6.70998422e-01  1.65426334e+00 
 5.52421112e-02  8.84104193e-01  2.71532915e-06  6.71915038e-01  1.65726334e+00 
 5.53421112e-02  8.87068023e-01  2.75213065e-06  6.72841433e-01  1.66026334e+00 
 5.54421112e-02  8.90034789e-01  2.78904294e-06  6.73777444e-01  1.66326334e+00 
 5.55421112e-02  8.93003720e-01  2.82602457e-06  6.74723803e-01  1.66626334e+00 
 5.56421112e-02  8.95974474e-01  2.86310091e-06  6.75680306e-01  1.66926334e+00 
 5.57421112e-02  8.98946281e-01  2.90023045e-06  6.76647659e-01  1.67226334e+00 
 5.58421112e-02  9.01918835e-01  2.93743904e-06  6.77625625e-01  1.67526334e+00 
 5.59421112e-02  9.04891364e-01  2.97468512e-06  6.78614889e-01  1.67826334e+00 
 5.60421112e-02  9.07863598e-01  3.01199498e-06  6.79615180e-01  1.68126334e+00 
 5.61421112e-02  9.10834765e-01  3.04932704e-06  6.80627168e-01  1.68426334e+00 
 5.62421112e-02  9.13804627e-01  3.08670801e-06  6.81650553e-01  1.68726334e+00 
 5.63421112e-02  9.16772411e-01  3.12409626e-06  6.82685987e-01  1.69026334e+00 
 5.64421112e-02  9.19737908e-01  3.16151890e-06  6.83733150e-01  1.69326334e+00 
 5.65421112e-02  9.22700346e-01  3.19893428e-06  6.84792679e-01  1.69626334e+00 
 5.66421112e-02  9.25659544e-01  3.23636989e-06  6.85864230e-01  1.69926334e+00 
 5.67421112e-02  9.28614727e-01  3.27378404e-06  6.86948432e-01  1.70226334e+00 
 5.68421112e-02  9.31565739e-01  3.31120456e-06  6.88044922e-01  1.70526334e+00 
 5.69421112e-02  9.34511804e-01  3.34858972e-06  6.89154318e-01  1.70826334e+00 
 5.70421112e-02  9.37452790e-01  3.38596768e-06  6.90276242e-01  1.71126334e+00 
 5.71421112e-02  9.40387916e-01  3.42329664e-06  6.91411305e-01  1.71426334e+00 
 5.72421112e-02  9.43317070e-01  3.46060507e-06  6.92559116e-01  1.71726334e+00 
 5.73421112e-02  9.46239468e-01  3.49785108e-06  6.93720281e-01  1.72026334e+00 
 5.74421112e-02  9.49155013e-01  3.53506339e-06  6.94894399e-01  1.72326334e+00 
 5.75421112e-02  9.52062915e-01  3.57220001e-06  6.96082071e-01  1.72626334e+00 
 5.76421112e-02  9.54963088e-01  3.60928988e-06  6.97282891e-01  1.72926334e+00 
 5.77421112e-02  9.57854735e-01  3.64629085e-06  6.98497459e-01  1.73226334e+00 
 5.78421112e-02  9.60737778e-01  3.68323201e-06  6.99725364e-01  1.73526334e+00 
 5.79421112e-02  9.63611405e-01  3.72007105e-06  7.00967208e-01  1.73826334e+00 
 5.80421112e-02  9.66475543e-01  3.75683714e-06  7.02222580e-01  1.74126334e+00 
 5.81421112e-02  9.69329362e-01  3.79348770e-06  7.03492087e-01  1.74426334e+00 
 5.82421112e-02  9.72172786e-01  3.83005193e-06  7.04775319e-01  1.74726334e+00 
 5.83421112e-02  9.75004959e-01  3.86648692e-06  7.06072896e-01  1.75026334e+00 
 5.84421112e-02  9.77825798e-01  3.90282177e-06  7.07384414e-01  1.75326334e+00 
 5.85421112e-02  9.80634412e-01  3.93901314e-06  7.08710505e-01  1.75626334e+00 
 5.86421112e-02  9.83430697e-01  3.97508990e-06  7.10050781e-01  1.75926334e+00 
 5.87421112e-02  9.86213719e-01  4.01100815e-06  7.11405894e-01  1.76226334e+00 
 5.88421112e-02  9.88983341e-01  4.04679635e-06  7.12775476e-01  1.76526334e+00 
 5.89421112e-02  9.91738569e-01  4.08240980e-06  7.14160208e-01  1.76826334e+00 
 5.90421112e-02  9.94479210e-01  4.11787633e-06  7.15559753e-01  1.77126334e+00 
 5.91421112e-02  9.97204190e-01  4.15315012e-06  7.16974835e-01  1.77426334e+00 
 5.92421112e-02  9.99913231e-01  4.18825797e-06  7.18405164e-01  1.77726334e+00 
 5.93421112e-02  1.00260514e+00  4.22315246e-06  7.19851527e-01  1.78026334e+00 
 5.94421112e-02  1.00527950e+00  4.25785872e-06  7.21313708e-01  1.78326334e+00 
 5.95421112e-02  1.00793494e+00  4.29232685e-06  7.22792591e-01  1.78626334e+00 
 5.96421112e-02  1.01057082e+00  4.32657909e-06  7.24288084e-01  1.78926334e+00 
 5.97421112e-02  1.01318545e+00  4.36056146e-06  7.25801239e-01  1.79226334e+00 
 5.98421112e-02  1.01577779e+00  4.39429093e-06  7.27332182e-01  1.79526334e+00 
 5.99421112e-02  1.01834555e+00  4.42770585e-06  7.28882281e-01  1.79826334e+00 
 6.00421112e-02  1.02088690e+00  4.46081254e-06  7.30452109e-01  1.80126334e+00 
 6.01421112e-02  1.02339829e+00  4.49353292e-06  7.32043709e-01  1.80426334e+00 
 6.02421112e-02  1.02587594e+00  4.52584789e-06  7.33658713e-01  1.80726334e+00 
 6.03421112e-02  1.02831305e+00  4.55763653e-06  7.35300940e-01  1.81026334e+00 
 6.04421112e-02  1.03069998e+00  4.58880314e-06  7.36975212e-01  1.81326334e+00 
 6.05421112e-02  1.03301834e+00  4.61907480e-06  7.38691672e-01  1.81626334e+00 
 6.06421112e-02  1.03523249e+00  4.64801487e-06  7.40469345e-01  1.81926334e+00 
 6.07421112e-02  1.03725554e+00  4.67445260e-06  7.42355802e-01  1.82226334e+00 
 6.08244376e-02  1.03862263e+00  4.69233348e-06  7.44074860e-01  1.82473313e+00 
 6.08925560e-02  1.03938149e+00  4.70224330e-06  7.45702659e-01  1.82677668e+00 
 6.09589214e-02  1.03978220e+00  4.70748556e-06  7.47474334e-01  1.82876764e+00 
 6.10093468e-02  1.03995753e+00  4.70976719e-06  7.48891352e-01  1.83028040e+00 
 6.10585627e-02  1.04007834e+00  4.71135140e-06  7.50301830e-01  1.83175688e+00 
 6.11142147e-02  1.04017983e+00  4.71266736e-06  7.51916118e-01  1.83342644e+00 
 6.11870669e-02  1.04027777e+00  4.71395125e-06  7.54048307e-01  1.83561201e+00 
 6.12583178e-02  1.04034215e+00  4.71478090e-06  7.56150949e-01  1.83774953e+00 
 6.13297812e-02  1.04038437e+00  4.71533637e-06  7.58271959e-01  1.83989344e+00 
 6.13949541e-02  1.04041375e+00  4.71570920e-06  7.60211365e-01  1.84184862e+00 
 6.14484217e-02  1.04043566e+00  4.71600057e-06  7.61803526e-01  1.84345265e+00 
 6.15010164e-02  1.04045555e+00  4.71625019e-06  7.63370722e-01  1.84503049e+00 
 6.15849232e-02  1.04048556e+00  4.71664620e-06  7.65871710e-01  1.84754770e+00 
 6.16849232e-02  1.04051795e+00  4.71705754e-06  7.68854342e-01  1.85054770e+00 
 6.17849232e-02  1.04054779e+00  4.71745129e-06  7.71838225e-01  1.85354770e+00 
 6.18849232e-02  1.04057473e+00  4.71779198e-06  7.74823800e-01  1.85654770e+00 
 6.19849232e-02  1.04059968e+00  4.71812233e-06  7.77810324e-01  1.85954770e+00 
 6.20849232e-02  1.04062221e+00  4.71840594e-06  7.80798278e-01  1.86254770e+00 
 6.21849232e-02  1.04064317e+00  4.71868474e-06  7.83786949e-01  1.86554770e+00 
 6.22849232e-02  1.04066210e+00  4.71892189e-06  7.86776838e-01  1.86854770e+00 
 6.23849232e-02  1.04067982e+00  4.71915873e-06  7.89767255e-01  1.87154770e+00 
 6.24849232e-02  1.04069583e+00  4.71935806e-06  7.92758718e-01  1.87454770e+00 
 6.25849232e-02  1.04071090e+00  4.71956076e-06  7.95750557e-01  1.87754770e+00 
 6.26849232e-02  1.04072453e+00  4.71972934e-06  7.98743300e-01  1.88054770e+00 
 6.27849232e-02  1.04073745e+00  4.71990426e-06  8.01736295e-01  1.88354770e+00 
 6.28849232e-02  1.04074915e+00  4.72004782e-06  8.04730079e-01  1.88654770e+00 
 6.29849232e-02  1.04076032e+00  4.72020014e-06  8.07724013e-01  1.88954770e+00 
 6.30849232e-02  1.04077044e+00  4.72032335e-06  8.10718644e-01  1.89254770e+00 
 6.31849232e-02  1.04078018e+00  4.72045726e-06  8.13713344e-01  1.89554770e+00 
 6.32849232e-02  1.04078902e+00  4.72056389e-06  8.16708664e-01  1.89854770e+00 
 6.33849232e-02  1.04079760e+00  4.72068280e-06  8.19703988e-01  1.90154770e+00 
 6.34849232e-02  1.04080539e+00  4.72077591e-06  8.22699870e-01  1.90454770e+00 
 6.35849232e-02  1.04081301e+00  4.72088256e-06  8.25695703e-01  1.90754770e+00 
 6.36849232e-02  1.04081995e+00  4.72096462e-06  8.28692045e-01  1.91054770e+00 
 6.37849232e-02  1.04082680e+00  4.72106124e-06  8.31688294e-01  1.91354770e+00 
 6.38849232e-02  1.04083303e+00  4.72113427e-06  8.34685011e-01  1.91654770e+00 
 6.39849232e-02  1.04083924e+00  4.72122268e-06  8.37681602e-01  1.91954770e+00 
 6.40849232e-02  1.04084491e+00  4.72128829e-06  8.40678627e-01  1.92254770e+00 
 6.41849232e-02  1.04085059e+00  4.72136994e-06  8.43675497e-01  1.92554770e+00 
 6.42849232e-02  1.04085578e+00  4.72142947e-06  8.46672775e-01  1.92854770e+00 
 6.43849232e-02  1.04086103e+00  4.72150555e-06  8.49669877e-01  1.93154770e+00 
 6.44849232e-02  1.04086583e+00  4.72156005e-06  8.52667363e-01  1.93454770e+00 
 6.45849232e-02  1.04087073e+00  4.72163153e-06  8.55664656e-01  1.93754770e+00 
 6.46849232e-02  1.04087521e+00  4.72168188e-06  8.58662315e-01  1.94054770e+00 
 6.47849232e-02  1.04087981e+00  4.72174954e-06  8.61659765e-01  1.94354770e+00 
 6.48849232e-02  1.04088402e+00  4.72179644e-06  8.64657567e-01  1.94654770e+00 
 6.49849232e-02  1.04088837e+00  4.72186093e-06  8.67655149e-01  1.94954770e+00 
 6.50849232e-02  1.04089236e+00  4.72190496e-06  8.70653070e-01  1.95254770e+00 
 6.51849232e-02  1.04089651e+00  4.72196679e-06  8.73650762e-01  1.95554770e+00 
 6.52849232e-02  1.04090031e+00  4.72200842e-06  8.76648782e-01  1.95854770e+00 
 6.53849232e-02  1.04090428e+00  4.72206802e-06  8.79646566e-01  1.96154770e+00 
 6.54849232e-02  1.04090793e+00  4.72210764e-06  8.82644670e-01  1.96454770e+00 
 6.55849232e-02  1.04091176e+00  4.72216536e-06  8.85642532e-01  1.96754770e+00 
 6.56849232e-02  1.04091527e+00  4.72220329e-06  8.88640706e-01  1.97054770e+00 
 6.57849232e-02  1.04091897e+00  4.72225942e-06  8.91638633e-01  1.97354770e+00 
 6.58849232e-02  1.04092238e+00  4.72229591e-06  8.94636866e-01  1.97654770e+00 
 6.59849232e-02  1.04092598e+00  4.72235068e-06  8.97634849e-01  1.97954770e+00 
 6.60849232e-02  1.04092929e+00  4.72238595e-06  9.00633133e-01  1.98254770e+00 
 6.61849232e-02  1.04093279e+00  4.72243957e-06  9.03631164e-01  1.98554770e+00 
 6.62849232e-02  1.04093603e+00  4.72247380e-06  9.06629491e-01  1.98854770e+00 
 6.63849232e-02  1.04093945e+00  4.72252641e-06  9.09627563e-01  1.99154770e+00 
 6.64849232e-02  1.04094262e+00  4.72255975e-06  9.12625927e-01  1.99454770e+00 
 6.65849232e-02  1.04094597e+00  4.72261149e-06  9.15624035e-01  1.99754770e+00 
 6.66849232e-02  1.04094908e+00  4.72264406e-06  9.18622431e-01  2.00054770e+00 
 6.67849232e-02  1.04095238e+00  4.72269506e-06  9.21620569e-01  2.00354770e+00 
 6.68849232e-02  1.04095543e+00  4.72272695e-06  9.24618993e-01  2.00654770e+00 
 6.69849232e-02  1.04095868e+00  4.72277729e-06  9.27617158e-01  2.00954770e+00 
 6.70849232e-02  1.04096169e+00  4.72280860e-06  9.30615606e-01  2.01254770e+00 
 6.71849232e-02  1.04096489e+00  4.72285838e-06  9.33613794e-01  2.01554770e+00 
 6.72849232e-02  1.04096786e+00  4.72288917e-06  9.36612263e-01  2.01854770e+00 
 6.73849232e-02  1.04097102e+00  4.72293838e-06  9.39610475e-01  2.02154770e+00 
 6.74849232e-02  1.04097396e+00  4.72296876e-06  9.42608961e-01  2.02454770e+00 
 6.75849232e-02  1.04097708e+00  4.72301752e-06  9.45607191e-01  2.02754770e+00 
 6.76849232e-02  1.04097998e+00  4.72304748e-06  9.48605694e-01  2.03054770e+00 
 6.77849232e-02  1.04098308e+00  4.72309584e-06  9.51603940e-01  2.03354770e+00 
 6.78849232e-02  1.04098595e+00  4.72312543e-06  9.54602459e-01  2.03654770e+00 
 6.79849232e-02  1.04098902e+00  4.72317343e-06  9.57600720e-01  2.03954770e+00 
 6.80849232e-02  1.04099187e+00  4.72320270e-06  9.60599252e-01  2.04254770e+00 
 6.81849232e-02  1.04099491e+00  4.72325035e-06  9.63597527e-01  2.04554770e+00 
 6.82849232e-02  1.04099774e+00  4.72327934e-06  9.66596071e-01  2.04854770e+00 
 6.83849232e-02  1.04100075e+00  4.72332667e-06  9.69594359e-01  2.05154770e+00 
 6.84849232e-02  1.04100356e+00  4.72335540e-06  9.72592913e-01  2.05454770e+00 
 6.85849232e-02  1.04100655e+00  4.72340243e-06  9.75591213e-01  2.05754770e+00 
 6.86849232e-02  1.04100934e+00  4.72343094e-06  9.78589777e-01  2.06054770e+00 
 6.87849232e-02  1.04101231e+00  4.72347769e-06  9.81588089e-01  2.06354770e+00 
 6.88849232e-02  1.04101509e+00  4.72350600e-06  9.84586661e-01  2.06654770e+00 
 6.89849232e-02  1.04101803e+00  4.72355251e-06  9.87584981e-01  2.06954770e+00 
 6.90849232e-02  1.04102080e+00  4.72358059e-06  9.90583563e-01  2.07254770e+00 
 6.91849232e-02  1.04102372e+00  4.72362687e-06  9.93581893e-01  2.07554770e+00 
 6.92849232e-02  1.04102647e+00  4.72365475e-06  9.96580483e-01  2.07854770e+00 
 6.93849232e-02  1.04102938e+00  4.72370082e-06  9.99578822e-01  2.08154770e+00 
 6.94849232e-02  1.04103212e+00  4.72372851e-06  1.00257742e+00  2.08454770e+00 
 6.95849232e-02  1.04103501e+00  4.72377437e-06  1.00557577e+00  2.08754770e+00 
 6.96849232e-02  1.04103773e+00  4.72380189e-06  1.00857437e+00  2.09054770e+00 
 6.97849232e-02  1.04104061e+00  4.72384756e-06  1.01157273e+00  2.09354770e+00 
 6.98849232e-02  1.04104332e+00  4.72387491e-06  1.01457134e+00  2.09654770e+00 
 6.99849232e-02  1.04104618e+00  4.72392039e-06  1.01756970e+00  2.09954770e+00 
 7.00849232e-02  1.04104888e+00  4.72394759e-06  1.02056832e+00  2.10254770e+00 
 7.01849232e-02  1.04105173e+00  4.72399287e-06  1.02356669e+00  2.10554770e+00 
 7.02849232e-02  1.04105441e+00  4.72401992e-06  1.02656531e+00  2.10854770e+00 
 7.03849232e-02  1.04105725e+00  4.72406503e-06  1.02956369e+00  2.11154770e+00 
 7.04849232e-02  1.04105992e+00  4.72409193e-06  1.03256232e+00  2.11454770e+00 
 7.05849232e-02  1.04106274e+00  4.72413687e-06  1.03556071e+00  2.11754770e+00 
 7.06849232e-02  1.04106541e+00  4.72416362e-06  1.03855934e+00  2.12054770e+00 
 7.07849232e-02  1.04106821e+00  4.72420839e-06  1.04155773e+00  2.12354770e+00 
 7.08849232e-02  1.04107087e+00  4.72423500e-06  1.04455638e+00  2.12654770e+00 
 7.09849232e-02  1.04107366e+00  4.72427960e-06  1.04755478e+00  2.12954770e+00 
 7.10849232e-02  1.04107630e+00  4.72430607e-06  1.05055342e+00  2.13254770e+00 
 7.11849232e-02  1.04107908e+00  4.72435050e-06  1.05355183e+00  2.13554770e+00 
 7.12849232e-02  1.04108172e+00  4.72437684e-06  1.05655048e+00  2.13854770e+00 
 7.13849232e-02  1.04108448e+00  4.72442110e-06  1.05954889e+00  2.14154770e+00 
 7.14849232e-02  1.04108711e+00  4.72444729e-06  1.06254755e+00  2.14454770e+00 
 7.15849232e-02  1.04108986e+00  4.72449138e-06  1.06554597e+00  2.14754770e+00 
 7.16849232e-02  1.04109247e+00  4.72451744e-06  1.06854464e+00  2.15054770e+00 
 7.17849232e-02  1.04109521e+00  4.72456136e-06  1.07154306e+00  2.15354770e+00 
 7.18849232e-02  1.04109781e+00  4.72458728e-06  1.07454174e+00  2.15654770e+00 
 7.19849232e-02  1.04110054e+00  4.72463103e-06  1.07754017e+00  2.15954770e+00 
 7.20849232e-02  1.04110313e+00  4.72465680e-06  1.08053885e+00  2.16254770e+00 
 7.21849232e-02  1.04110585e+00  4.72470038e-06  1.08353729e+00  2.16554770e+00 
 7.22849232e-02  1.04110843e+00  4.72472601e-06  1.08653597e+00  2.16854770e+00 
 7.23849232e-02  1.04111113e+00  4.72476941e-06  1.08953442e+00  2.17154770e+00 
 7.24849232e-02  1.04111369e+00  4.72479488e-06  1.09253311e+00  2.17454770e+00 
 7.25849232e-02  1.04111638e+00  4.72483811e-06  1.09553156e+00  2.17754770e+00 
 7.26849232e-02  1.04111894e+00  4.72486342e-06  1.09853026e+00  2.18054770e+00 
 7.27849232e-02  1.04112161e+00  4.72490646e-06  1.10152872e+00  2.18354770e+00 
 7.28849232e-02  1.04112415e+00  4.72493161e-06  1.10452742e+00  2.18654770e+00 
 7.29849232e-02  1.04112681e+00  4.72497446e-06  1.10752589e+00  2.18954770e+00 
 7.30849232e-02  1.04112934e+00  4.72499944e-06  1.11052460e+00  2.19254770e+00 
 7.31849232e-02  1.04113198e+00  4.72504209e-06  1.11352308e+00  2.19554770e+00 
 7.32849232e-02  1.04113450e+00  4.72506690e-06  1.11652180e+00  2.19854770e+00 
 7.33849232e-02  1.04113712e+00  4.72510934e-06  1.11952028e+00  2.20154770e+00 
 7.34849232e-02  1.04113963e+00  4.72513396e-06  1.12251901e+00  2.20454770e+00 
 7.35849232e-02  1.04114224e+00  4.72517618e-06  1.12551750e+00  2.20754770e+00 
 7.36849232e-02  1.04114472e+00  4.72520061e-06  1.12851624e+00  2.21054770e+00 
 7.37849232e-02  1.04114732e+00  4.72524260e-06  1.13151474e+00  2.21354770e+00 
 7.38849232e-02  1.04114979e+00  4.72526682e-06  1.13451348e+00  2.21654770e+00 
 7.39849232e-02  1.04115236e+00  4.72530858e-06  1.13751200e+00  2.21954770e+00 
 7.40849232e-02  1.04115482e+00  4.72533257e-06  1.14051075e+00  2.22254770e+00 
 7.41849232e-02  1.04115737e+00  4.72537408e-06  1.14350927e+00  2.22554770e+00 
 7.42849232e-02  1.04115981e+00  4.72539784e-06  1.14650804e+00  2.22854770e+00 
 7.43849232e-02  1.04116234e+00  4.72543907e-06  1.14950657e+00  2.23154770e+00 
 7.44849232e-02  1.04116476e+00  4.72546259e-06  1.15250534e+00  2.23454770e+00 
 7.45849232e-02  1.04116727e+00  4.72550353e-06  1.15550389e+00  2.23754770e+00 
 7.46849232e-02  1.04116967e+00  4.72552678e-06  1.15850267e+00  2.24054770e+00 
 7.47849232e-02  1.04117216e+00  4.72556742e-06  1.16150123e+00  2.24354770e+00 
 7.48849232e-02  1.04117453e+00  4.72559037e-06  1.16450003e+00  2.24654770e+00 
 7.49849232e-02  1.04117699e+00  4.72563068e-06  1.16749860e+00  2.24954770e+00 
 7.50849232e-02  1.04117935e+00  4.72565332e-06  1.17049741e+00  2.25254770e+00 
 7.51849232e-02  1.04118177e+00  4.72569310e-06  1.17349601e+00  2.25554770e+00 
 7.52849232e-02  1.04118410e+00  4.72571550e-06  1.17649483e+00  2.25854770e+00 
 7.53849232e-02  1.04118650e+00  4.72575496e-06  1.17949343e+00  2.26154770e+00 
 7.54849232e-02  1.04118880e+00  4.72577699e-06  1.18249227e+00  2.26454770e+00 
 7.55849232e-02  1.04119117e+00  4.72581604e-06  1.18549089e+00  2.26754770e+00 
 7.56849232e-02  1.04119344e+00  4.72583767e-06  1.18848975e+00  2.27054770e+00 
 7.57849232e-02  1.04119577e+00  4.72587627e-06  1.19148839e+00  2.27354770e+00 
 7.58849232e-02  1.04119802e+00  4.72589746e-06  1.19448726e+00  2.27654770e+00 
 7.59849232e-02  1.04120031e+00  4.72593557e-06  1.19748592e+00  2.27954770e+00 
 7.60849232e-02  1.04120251e+00  4.72595628e-06  1.20048481e+00  2.28254770e+00 
 7.61849232e-02  1.04120476e+00  4.72599385e-06  1.20348350e+00  2.28554770e+00 
 7.62849232e-02  1.04120693e+00  4.72601402e-06  1.20648241e+00  2.28854770e+00 
 7.63849232e-02  1.04120914e+00  4.72605103e-06  1.20948112e+00  2.29154770e+00 
 7.64849232e-02  1.04121126e+00  4.72607063e-06  1.21248006e+00  2.29454770e+00 
 7.65849232e-02  1.04121342e+00  4.72610701e-06  1.21547880e+00  2.29754770e+00 
 7.66849232e-02  1.04121549e+00  4.72612597e-06  1.21847776e+00  2.30054770e+00 
 7.67849232e-02  1.04121760e+00  4.72616166e-06  1.22147652e+00  2.30354770e+00 
 7.68849232e-02  1.04121962e+00  4.72617992e-06  1.22447552e+00  2.30654770e+00 
 7.69849232e-02  1.04122167e+00  4.72621486e-06  1.22747431e+00  2.30954770e+00 
 7.70849232e-02  1.04122363e+00  4.72623236e-06  1.23047334e+00  2.31254770e+00 
 7.71849232e-02  1.04122561e+00  4.72626648e-06  1.23347217e+00  2.31554770e+00 
 7.72849232e-02  1.04122751e+00  4.72628315e-06  1.23647123e+00  2.31854770e+00 
 7.73849232e-02  1.04122943e+00  4.72631637e-06  1.23947009e+00  2.32154770e+00 
 7.74849232e-02  1.04123126e+00  4.72633212e-06  1.24246919e+00  2.32454770e+00 
 7.75849232e-02  1.04123310e+00  4.72636437e-06  1.24546810e+00  2.32754770e+00 
 7.76849232e-02  1.04123485e+00  4.72637913e-06  1.24846724e+00  2.33054770e+00 
 7.77849232e-02  1.04123661e+00  4.72641032e-06  1.25146619e+00  2.33354770e+00 
 7.78849232e-02  1.04123828e+00  4.72642401e-06  1.25446537e+00  2.33654770e+00 
 7.79849232e-02  1.04123996e+00  4.72645407e-06  1.25746437e+00  2.33954770e+00 
 7.80849232e-02  1.04124154e+00  4.72646660e-06  1.26046361e+00  2.34254770e+00 
 7.81849232e-02  1.04124312e+00  4.72649543e-06  1.26346266e+00  2.34554770e+00 
 7.82849232e-02  1.04124461e+00  4.72650673e-06  1.26646194e+00  2.34854770e+00 
 7.83849232e-02  1.04124609e+00  4.72653427e-06  1.26946104e+00  2.35154770e+00 
 7.84849232e-02  1.04124748e+00  4.72654427e-06  1.27246038e+00  2.35454770e+00 
 7.85849232e-02  1.04124886e+00  4.72657044e-06  1.27545954e+00  2.35754770e+00 
 7.86849232e-02  1.04125014e+00  4.72657907e-06  1.27845894e+00  2.36054770e+00 
 7.87849232e-02  1.04125141e+00  4.72660383e-06  1.28145816e+00  2.36354770e+00 
 7.88849232e-02  1.04125259e+00  4.72661106e-06  1.28445761e+00  2.36654770e+00 
 7.89849232e-02  1.04125375e+00  4.72663437e-06  1.28745689e+00  2.36954770e+00 
 7.90849232e-02  1.04125482e+00  4.72664017e-06  1.29045641e+00  2.37254770e+00 
 7.91849232e-02  1.04125586e+00  4.72666203e-06  1.29345575e+00  2.37554770e+00 
 7.92849232e-02  1.04125682e+00  4.72666641e-06  1.29645532e+00  2.37854770e+00 
 7.93849232e-02  1.04125776e+00  4.72668683e-06  1.29945472e+00  2.38154770e+00 
 7.94849232e-02  1.04125861e+00  4.72668982e-06  1.30245436e+00  2.38454770e+00 
 7.95849232e-02  1.04125945e+00  4.72670885e-06  1.30545381e+00  2.38754770e+00 
 7.96849232e-02  1.04126020e+00  4.72671050e-06  1.30845350e+00  2.39054770e+00 
 7.97849232e-02  1.04126093e+00  4.72672822e-06  1.31145301e+00  2.39354770e+00 
 7.98849232e-02  1.04126158e+00  4.72672863e-06  1.31445275e+00  2.39654770e+00 
 7.99849232e-02  1.04126222e+00  4.72674512e-06  1.31745232e+00  2.39954770e+00 
 8.00849232e-02  1.04126279e+00  4.72674439e-06  1.32045211e+00  2.40254770e+00 
 8.01849232e-02  1.04126334e+00  4.72675977e-06  1.32345172e+00  2.40554770e+00 
 8.02849232e-02  1.04126383e+00  4.72675801e-06  1.32645155e+00  2.40854770e+00 
 8.03849232e-02  1.04126431e+00  4.72677240e-06  1.32945120e+00  2.41154770e+00 
 8.04849232e-02  1.04126473e+00  4.72676974e-06  1.33245107e+00  2.41454770e+00 
 8.05849232e-02  1.04126514e+00  4.72678326e-06  1.33545076e+00  2.41754770e+00 
 8.06849232e-02  1.04126550e+00  4.72677982e-06  1.33845066e+00  2.42054770e+00 
 8.07849232e-02  1.04126585e+00  4.72679258e-06  1.34145038e+00  2.42354770e+00 
 8.08849232e-02  1.04126616e+00  4.72678848e-06  1.34445031e+00  2.42654770e+00 
 8.09849232e-02  1.04126647e+00  4.72680060e-06  1.34745005e+00  2.42954770e+00 
 8.10849232e-02  1.04126673e+00  4.72679594e-06  1.35045000e+00  2.43254770e+00 
 8.11849232e-02  1.04126700e+00  4.72680751e-06  1.35344977e+00  2.43554770e+00 
 8.12849232e-02  1.04126723e+00  4.72680239e-06  1.35644974e+00  2.43854770e+00 
 8.13849232e-02  1.04126746e+00  4.72681351e-06  1.35944953e+00  2.44154770e+00 
 8.14849232e-02  1.04126766e+00  4.72680798e-06  1.36244952e+00  2.44454770e+00 
 8.15849232e-02  1.04126786e+00  4.72681872e-06  1.36544932e+00  2.44754770e+00 
 8.16849232e-02  1.04126804e+00  4.72681299e-06  1.36844932e+00  2.45054770e+00 
 8.17849232e-02  1.04126820e+00  4.72682322e-06  1.37144915e+00  2.45354770e+00 
 8.18849232e-02  1.04126837e+00  4.72681732e-06  1.37444915e+00  2.45654770e+00 
 8.19849232e-02  1.04126851e+00  4.72682721e-06  1.37744899e+00  2.45954770e+00 
 8.20849232e-02  1.04126867e+00  4.72682117e-06  1.38044900e+00  2.46254770e+00 
 8.21849232e-02  1.04126879e+00  4.72683086e-06  1.38344885e+00  2.46554770e+00 
 8.22849232e-02  1.04126893e+00  4.72682458e-06  1.38644887e+00  2.46854770e+00 
 8.23849232e-02  1.04126903e+00  4.72683406e-06  1.38944872e+00  2.47154770e+00 
 8.24849232e-02  1.04126916e+00  4.72682764e-06  1.39244875e+00  2.47454770e+00 
 8.25849232e-02  1.04126926e+00  4.72683696e-06  1.39544861e+00  2.47754770e+00 
 8.26849232e-02  1.04126938e+00  4.72683042e-06  1.39844864e+00  2.48054770e+00 
 8.27849232e-02  1.04126946e+00  4.72683961e-06  1.40144851e+00  2.48354770e+00 
 8.28849232e-02  1.04126957e+00  4.72683297e-06  1.40444854e+00  2.48654770e+00 
 8.29849232e-02  1.04126965e+00  4.72684204e-06  1.40744842e+00  2.48954770e+00 
 8.30849232e-02  1.04126975e+00  4.72683532e-06  1.41044846e+00  2.49254770e+00 
 8.31849232e-02  1.04126982e+00  4.72684430e-06  1.41344833e+00  2.49554770e+00 
 8.32849232e-02  1.04126992e+00  4.72683751e-06  1.41644837e+00  2.49854770e+00 
 8.33849232e-02  1.04126998e+00  4.72684639e-06  1.41944825e+00  2.50154770e+00 
 8.34849232e-02  1.04127008e+00  4.72683955e-06  1.42244830e+00  2.50454770e+00 
 8.35849232e-02  1.04127013e+00  4.72684836e-06  1.42544818e+00  2.50754770e+00 
 8.36849232e-02  1.04127023e+00  4.72684146e-06  1.42844823e+00  2.51054770e+00 
 8.37849232e-02  1.04127028e+00  4.72685021e-06  1.43144811e+00  2.51354770e+00 
 8.38849232e-02  1.04127037e+00  4.72684328e-06  1.43444816e+00  2.51654770e+00 
 8.39849232e-02  1.04127041e+00  4.72685196e-06  1.43744805e+00  2.51954770e+00 
 8.40849232e-02  1.04127050e+00  4.72684500e-06  1.44044810e+00  2.52254770e+00 
 8.41849232e-02  1.04127054e+00  4.72685363e-06  1.44344799e+00  2.52554770e+00 
 8.42849232e-02  1.04127062e+00  4.72684664e-06  1.44644804e+00  2.52854770e+00 
 8.43849232e-02  1.04127066e+00  4.72685523e-06  1.44944793e+00  2.53154770e+00 
 8.44849232e-02  1.04127075e+00  4.72684822e-06  1.45244798e+00  2.53454770e+00 
 8.45849232e-02  1.04127078e+00  4.72685676e-06  1.45544787e+00  2.53754770e+00 
 8.46849232e-02  1.04127086e+00  4.72684973e-06  1.45844793e+00  2.54054770e+00 
 8.47849232e-02  1.04127089e+00  4.72685823e-06  1.46144782e+00  2.54354770e+00 
 8.48849232e-02  1.04127097e+00  4.72685119e-06  1.46444787e+00  2.54654770e+00 
 8.49849232e-02  1.04127100e+00  4.72685965e-06  1.46744777e+00  2.54954770e+00 
 8.50849232e-02  1.04127108e+00  4.72685260e-06  1.47044782e+00  2.55254770e+00 
 8.51849232e-02  1.04127111e+00  4.72686103e-06  1.47344772e+00  2.55554770e+00 
 8.52849232e-02  1.04127119e+00  4.72685397e-06  1.47644777e+00  2.55854770e+00 
 8.53849232e-02  1.04127121e+00  4.72686237e-06  1.47944767e+00  2.56154770e+00 
 8.54849232e-02  1.04127129e+00  4.72685530e-06  1.48244773e+00  2.56454770e+00 
 8.55849232e-02  1.04127131e+00  4.72686367e-06  1.48544763e+00  2.56754770e+00 
 8.56849232e-02  1.04127139e+00  4.72685660e-06  1.48844768e+00  2.57054770e+00 
 8.57849232e-02  1.04127141e+00  4.72686493e-06  1.49144758e+00  2.57354770e+00 
 8.58849232e-02  1.04127149e+00  4.72685786e-06  1.49444764e+00  2.57654770e+00 
 8.59849232e-02  1.04127151e+00  4.72686617e-06  1.49744754e+00  2.57954770e+00 
 8.60849232e-02  1.04127158e+00  4.72685910e-06  1.50044759e+00  2.58254770e+00 
 8.61849232e-02  1.04127160e+00  4.72686738e-06  1.50344750e+00  2.58554770e+00 
 8.62849232e-02  1.04127167e+00  4.72686030e-06  1.50644755e+00  2.58854770e+00 
 8.63849232e-02  1.04127169e+00  4.72686857e-06  1.50944746e+00  2.59154770e+00 
 8.64849232e-02  1.04127177e+00  4.72686149e-06  1.51244751e+00  2.59454770e+00 
 8.65849232e-02  1.04127178e+00  4.72686973e-06  1.51544741e+00  2.59754770e+00 
 8.66849232e-02  1.04127186e+00  4.72686265e-06  1.51844747e+00  2.60054770e+00 
 8.67849232e-02  1.04127187e+00  4.72687087e-06  1.52144738e+00  2.60354770e+00 
 8.68849232e-02  1.04127194e+00  4.72686380e-06  1.52444743e+00  2.60654770e+00 
 8.69849232e-02  1.04127196e+00  4.72687200e-06  1.52744734e+00  2.60954770e+00 
 8.70849232e-02  1.04127203e+00  4.72686492e-06  1.53044739e+00  2.61254770e+00 
 8.71849232e-02  1.04127204e+00  4.72687310e-06  1.53344730e+00  2.61554770e+00 
 8.72849232e-02  1.04127212e+00  4.72686603e-06  1.53644735e+00  2.61854770e+00 
 8.73849232e-02  1.04127212e+00  4.72687419e-06  1.53944726e+00  2.62154770e+00 
 8.74849232e-02  1.04127220e+00  4.72686712e-06  1.54244732e+00  2.62454770e+00 
 8.75849232e-02  1.04127221e+00  4.72687526e-06  1.54544722e+00  2.62754770e+00 
 8.76849232e-02  1.04127228e+00  4.72686819e-06  1.54844728e+00  2.63054770e+00 
 8.77849232e-02  1.04127229e+00  4.72687632e-06  1.55144719e+00  2.63354770e+00 
 8.78849232e-02  1.04127236e+00  4.72686926e-06  1.55444724e+00  2.63654770e+00 
 8.79849232e-02  1.04127237e+00  4.72687736e-06  1.55744715e+00  2.63954770e+00 
 8.80849232e-02  1.04127244e+00  4.72687030e-06  1.56044721e+00  2.64254770e+00 
 8.81849232e-02  1.04127245e+00  4.72687839e-06  1.56344712e+00  2.64554770e+00 
 8.82849232e-02  1.04127252e+00  4.72687134e-06  1.56644717e+00  2.64854770e+00 
 8.83849232e-02  1.04127253e+00  4.72687941e-06  1.56944708e+00  2.65154770e+00 
 8.84849232e-02  1.04127260e+00  4.72687236e-06  1.57244714e+00  2.65454770e+00 
 8.85849232e-02  1.04127261e+00  4.72688042e-06  1.57544705e+00  2.65754770e+00 
 8.86849232e-02  1.04127268e+00  4.72687337e-06  1.57844710e+00  2.66054770e+00 
 8.87849232e-02  1.04127268e+00  4.72688141e-06  1.58144701e+00  2.66354770e+00 
 8.88849232e-02  1.04127276e+00  4.72687437e-06  1.58444707e+00  2.66654770e+00 
 8.89849232e-02  1.04127276e+00  4.72688240e-06  1.58744698e+00  2.66954770e+00 
 8.90849232e-02  1.04127283e+00  4.72687537e-06  1.59044703e+00  2.67254770e+00 
 8.91849232e-02  1.04127283e+00  4.72688337e-06  1.59344695e+00  2.67554770e+00 
 8.92849232e-02  1.04127291e+00  4.72687635e-06  1.59644700e+00  2.67854770e+00 
 8.93849232e-02  1.04127291e+00  4.72688434e-06  1.59944691e+00  2.68154770e+00 
 8.94849232e-02  1.04127298e+00  4.72687732e-06  1.60244697e+00  2.68454770e+00 
 8.95849232e-02  1.04127298e+00  4.72688530e-06  1.60544688e+00  2.68754770e+00 
 8.96849232e-02  1.04127306e+00  4.72687828e-06  1.60844694e+00  2.69054770e+00 
 8.97849232e-02  1.04127306e+00  4.72688624e-06  1.61144685e+00  2.69354770e+00 
 8.98849232e-02  1.04127313e+00  4.72687924e-06  1.61444690e+00  2.69654770e+00 
 8.99849232e-02  1.04127313e+00  4.72688718e-06  1.61744682e+00  2.69954770e+00 
 9.00849232e-02  1.04127320e+00  4.72688018e-06  1.62044687e+00  2.70254770e+00 
 9.01849232e-02  1.04127320e+00  4.72688812e-06  1.62344678e+00  2.70554770e+00 
 9.02849232e-02  1.04127328e+00  4.72688112e-06  1.62644684e+00  2.70854770e+00 
 9.03849232e-02  1.04127327e+00  4.72688904e-06  1.62944675e+00  2.71154770e+00 
 9.04849232e-02  1.04127335e+00  4.72688205e-06  1.63244681e+00  2.71454770e+00 
 9.05849232e-02  1.04127334e+00  4.72688996e-06  1.63544672e+00  2.71754770e+00 
 9.06849232e-02  1.04127342e+00  4.72688298e-06  1.63844678e+00  2.72054770e+00 
 9.07849232e-02  1.04127341e+00  4.72689087e-06  1.64144669e+00  2.72354770e+00 
 9.08849232e-02  1.04127349e+00  4.72688389e-06  1.64444674e+00  2.72654770e+00 
 9.09849232e-02  1.04127348e+00  4.72689177e-06  1.64744666e+00  2.72954770e+00 
 9.10849232e-02  1.04127356e+00  4.72688480e-06  1.65044671e+00  2.73254770e+00 
 9.11849232e-02  1.04127355e+00  4.72689267e-06  1.65344663e+00  2.73554770e+00 
 9.12849232e-02  1.04127363e+00  4.72688571e-06  1.65644668e+00  2.73854770e+00 
 9.13849232e-02  1.04127362e+00  4.72689356e-06  1.65944660e+00  2.74154770e+00 
 9.14849232e-02  1.04127370e+00  4.72688661e-06  1.66244665e+00  2.74454770e+00 
 9.15849232e-02  1.04127369e+00  4.72689445e-06  1.66544657e+00  2.74754770e+00 
 9.16849232e-02  1.04127377e+00  4.72688750e-06  1.66844662e+00  2.75054770e+00 
 9.17849232e-02  1.04127376e+00  4.72689533e-06  1.67144654e+00  2.75354770e+00 
 9.18849232e-02  1.04127383e+00  4.72688838e-06  1.67444659e+00  2.75654770e+00 
 9.19849232e-02  1.04127382e+00  4.72689620e-06  1.67744651e+00  2.75954770e+00 
 9.20849232e-02  1.04127390e+00  4.72688927e-06  1.68044656e+00  2.76254770e+00 
 9.21849232e-02  1.04127389e+00  4.72689707e-06  1.68344648e+00  2.76554770e+00 
 9.22849232e-02  1.04127397e+00  4.72689014e-06  1.68644653e+00  2.76854770e+00 
 9.23849232e-02  1.04127396e+00  4.72689793e-06  1.68944645e+00  2.77154770e+00 
 9.24849232e-02  1.04127404e+00  4.72689101e-06  1.69244650e+00  2.77454770e+00 
 9.25849232e-02  1.04127402e+00  4.72689879e-06  1.69544642e+00  2.77754770e+00 
 9.26849232e-02  1.04127410e+00  4.72689187e-06  1.69844647e+00  2.78054770e+00 
 9.27849232e-02  1.04127409e+00  4.72689964e-06  1.70144639e+00  2.78354770e+00 
 9.28849232e-02  1.04127417e+00  4.72689273e-06  1.70444645e+00  2.78654770e+00 
 9.29849232e-02  1.04127416e+00  4.72690049e-06  1.70744637e+00  2.78954770e+00 
 9.30849232e-02  1.04127423e+00  4.72689359e-06  1.71044642e+00  2.79254770e+00 
 9.31849232e-02  1.04127422e+00  4.72690133e-06  1.71344634e+00  2.79554770e+00 
 9.32849232e-02  1.04127430e+00  4.72689444e-06  1.71644639e+00  2.79854770e+00 
 9.33849232e-02  1.04127429e+00  4.72690217e-06  1.71944631e+00  2.80154770e+00 
 9.34849232e-02  1.04127436e+00  4.72689528e-06  1.72244636e+00  2.80454770e+00 
 9.35849232e-02  1.04127435e+00  4.72690300e-06  1.72544628e+00  2.80754770e+00 
 9.36849232e-02  1.04127443e+00  4.72689612e-06  1.72844633e+00  2.81054770e+00 
 9.37849232e-02  1.04127441e+00  4.72690383e-06  1.73144625e+00  2.81354770e+00 
 9.38849232e-02  1.04127449e+00  4.72689696e-06  1.73444630e+00  2.81654770e+00 
 9.39849232e-02  1.04127448e+00  4.72690466e-06  1.73744622e+00  2.81954770e+00 
 9.40849232e-02  1.04127456e+00  4.72689779e-06  1.74044627e+00  2.82254770e+00 
 9.41849232e-02  1.04127454e+00  4.72690548e-06  1.74344620e+00  2.82554770e+00 
 9.42849232e-02  1.04127462e+00  4.72689862e-06  1.74644625e+00  2.82854770e+00 
 9.43849232e-02  1.04127460e+00  4.72690630e-06  1.74944617e+00  2.83154770e+00 
 9.44849232e-02  1.04127468e+00  4.72689945e-06  1.75244622e+00  2.83454770e+00 
 9.45849232e-02  1.04127467e+00  4.72690711e-06  1.75544614e+00  2.83754770e+00 
 9.46849232e-02  1.04127475e+00  4.72690027e-06  1.75844619e+00  2.84054770e+00 
 9.47849232e-02  1.04127473e+00  4.72690792e-06  1.76144611e+00  2.84354770e+00 
 9.48849232e-02  1.04127481e+00  4.72690108e-06  1.76444616e+00  2.84654770e+00 
 9.49849232e-02  1.04127479e+00  4.72690872e-06  1.76744609e+00  2.84954770e+00 
 9.50849232e-02  1.04127487e+00  4.72690189e-06  1.77044614e+00  2.85254770e+00 
 9.51849232e-02  1.04127485e+00  4.72690953e-06  1.77344606e+00  2.85554770e+00 
 9.52849232e-02  1.04127493e+00  4.72690270e-06  1.77644611e+00  2.85854770e+00 
 9.53849232e-02  1.04127492e+00  4.72691032e-06  1.77944603e+00  2.86154770e+00 
 9.54849232e-02  1.04127499e+00  4.72690351e-06  1.78244608e+00  2.86454770e+00 
 9.55849232e-02  1.04127498e+00  4.72691112e-06  1.78544601e+00  2.86754770e+00 
 9.56849232e-02  1.04127506e+00  4.72690431e-06  1.78844605e+00  2.87054770e+00 
 9.57849232e-02  1.04127504e+00  4.72691191e-06  1.79144598e+00  2.87354770e+00 
 9.58849232e-02  1.04127512e+00  4.72690511e-06  1.79444603e+00  2.87654770e+00 
 9.59849232e-02  1.04127510e+00  4.72691270e-06  1.79744595e+00  2.87954770e+00 
 9.60849232e-02  1.04127518e+00  4.72690590e-06  1.80044600e+00  2.88254770e+00 
 9.61849232e-02  1.04127516e+00  4.72691348e-06  1.80344593e+00  2.88554770e+00 
 9.62849232e-02  1.04127524e+00  4.72690669e-06  1.80644597e+00  2.88854770e+00 
 9.63849232e-02  1.04127522e+00  4.72691426e-06  1.80944590e+00  2.89154770e+00 
 9.64849232e-02  1.04127530e+00  4.72690748e-06  1.81244595e+00  2.89454770e+00 
 9.65849232e-02  1.04127528e+00  4.72691504e-06  1.81544587e+00  2.89754770e+00 
 9.66849232e-02  1.04127536e+00  4.72690827e-06  1.81844592e+00  2.90054770e+00 
 9.67849232e-02  1.04127534e+00  4.72691581e-06  1.82144585e+00  2.90354770e+00 
 9.68849232e-02  1.04127542e+00  4.72690905e-06  1.82444589e+00  2.90654770e+00 
 9.69849232e-02  1.04127540e+00  4.72691659e-06  1.82744582e+00  2.90954770e+00 
 9.70849232e-02  1.04127548e+00  4.72690983e-06  1.83044587e+00  2.91254770e+00 
 9.71849232e-02  1.04127546e+00  4.72691736e-06  1.83344579e+00  2.91554770e+00 
 9.72849232e-02  1.04127554e+00  4.72691060e-06  1.83644584e+00  2.91854770e+00 
 9.73849232e-02  1.04127552e+00  4.72691812e-06  1.83944577e+00  2.92154770e+00 
 9.74849232e-02  1.04127560e+00  4.72691137e-06  1.84244582e+00  2.92454770e+00 
 9.75849232e-02  1.04127558e+00  4.72691888e-06  1.84544574e+00  2.92754770e+00 
 9.76849232e-02  1.04127566e+00  4.72691214e-06  1.84844579e+00  2.93054770e+00 
 9.77849232e-02  1.04127564e+00  4.72691964e-06  1.85144572e+00  2.93354770e+00 
 9.78849232e-02  1.04127571e+00  4.72691291e-06  1.85444576e+00  2.93654770e+00 
 9.79849232e-02  1.04127569e+00  4.72692040e-06  1.85744569e+00  2.93954770e+00 
 9.80849232e-02  1.04127577e+00  4.72691368e-06  1.86044574e+00  2.94254770e+00 
 9.81849232e-02  1.04127575e+00  4.72692116e-06  1.86344567e+00  2.94554770e+00 
 9.82849232e-02  1.04127583e+00  4.72691444e-06  1.86644571e+00  2.94854770e+00 
 9.83849232e-02  1.04127581e+00  4.72692191e-06  1.86944564e+00  2.95154770e+00 
 9.84849232e-02  1.04127589e+00  4.72691520e-06  1.87244569e+00  2.95454770e+00 
 9.85849232e-02  1.04127587e+00  4.72692266e-06  1.87544561e+00  2.95754770e+00 
 9.86849232e-02  1.04127595e+00  4.72691595e-06  1.87844566e+00  2.96054770e+00 
 9.87849232e-02  1.04127593e+00  4.72692340e-06  1.88144559e+00  2.96354770e+00 
 9.88849232e-02  1.04127601e+00  4.72691670e-06  1.88444563e+00  2.96654770e+00 
 9.89849232e-02  1.04127598e+00  4.72692415e-06  1.88744556e+00  2.96954770e+00 
 9.90849232e-02  1.04127606e+00  4.72691746e-06  1.89044561e+00  2.97254770e+00 
 9.91849232e-02  1.04127604e+00  4.72692489e-06  1.89344554e+00  2.97554770e+00 
 9.92849232e-02  1.04127612e+00  4.72691820e-06  1.89644558e+00  2.97854770e+00 
 9.93849232e-02  1.04127610e+00  4.72692563e-06  1.89944551e+00  2.98154770e+00 
 9.94849232e-02  1.04127618e+00  4.72691895e-06  1.90244556e+00  2.98454770e+00 
 9.95849232e-02  1.04127615e+00  4.72692637e-06  1.90544549e+00  2.98754770e+00 
 9.96849232e-02  1.04127623e+00  4.72691969e-06  1.90844553e+00  2.99054770e+00 
 9.97849232e-02  1.04127621e+00  4.72692710e-06  1.91144546e+00  2.99354770e+00 
 9.98849232e-02  1.04127629e+00  4.72692043e-06  1.91444551e+00  2.99654770e+00 
 9.99424616e-02  1.04127626e+00  4.72692767e-06  1.91617160e+00  2.99827385e+00 
 1.00000000e-01  1.04127632e+00  4.72692086e-06  1.91789780e+00  3.00000000e+00 
 1.00010000e-01  1.04127598e+00  4.72692018e-06  1.91789794e+00  3.00000000e+00 
 1.00030000e-01  1.04127597e+00  4.72692012e-06  1.91789794e+00  3.00000000e+00 
 1.00070000e-01  1.04127598e+00  4.72692018e-06  1.91789794e+00  3.00000000e+00 
 1.00150000e-01  1.04127597e+00  4.72692011e-06  1.91789795e+00  3.00000000e+00 
 1.00250000e-01  1.04127598e+00  4.72692018e-06  1.91789794e+00  3.00000000e+00 
 1.00350000e-01  1.04127597e+00  4.72692011e-06  1.91789795e+00  3.00000000e+00 
 1.00450000e-01  1.04127598e+00  4.72692018e-06  1.91789794e+00  3.00000000e+00 
 1.00550000e-01  1.04127597e+00  4.72692011e-06  1.91789795e+00  3.00000000e+00 
 1.00650000e-01  1.04127598e+00  4.72692018e-06  1.91789794e+00  3.00000000e+00 
 1.00750000e-01  1.04127597e+00  4.72692011e-06  1.91789795e+00  3.00000000e+00 
 1.00850000e-01  1.04127598e+00  4.72692018e-06  1.91789794e+00  3.00000000e+00 
 1.00950000e-01  1.04127597e+00  4.72692011e-06  1.91789795e+00  3.00000000e+00 
 1.01050000e-01  1.04127598e+00  4.72692018e-06  1.91789794e+00  3.00000000e+00 
 1.01150000e-01  1.04127597e+00  4.72692011e-06  1.91789795e+00  3.00000000e+00 
 1.01250000e-01  1.04127598e+00  4.72692018e-06  1.91789794e+00  3.00000000e+00 
 1.01350000e-01  1.04127597e+00  4.72692011e-06  1.91789795e+00  3.00000000e+00 
 1.01450000e-01  1.04127598e+00  4.72692018e-06  1.91789794e+00  3.00000000e+00 
 1.01550000e-01  1.04127597e+00  4.72692012e-06  1.91789795e+00  3.00000000e+00 
 1.01650000e-01  1.04127598e+00  4.72692018e-06  1.91789794e+00  3.00000000e+00 
 1.01750000e-01  1.04127597e+00  4.72692012e-06  1.91789795e+00  3.00000000e+00 
 1.01850000e-01  1.04127598e+00  4.72692018e-06  1.91789794e+00  3.00000000e+00 
 1.01950000e-01  1.04127597e+00  4.72692012e-06  1.91789795e+00  3.00000000e+00 
 1.02050000e-01  1.04127598e+00  4.72692018e-06  1.91789794e+00  3.00000000e+00 
 1.02150000e-01  1.04127597e+00  4.72692012e-06  1.91789795e+00  3.00000000e+00 
 1.02250000e-01  1.04127598e+00  4.72692018e-06  1.91789794e+00  3.00000000e+00 
 1.02350000e-01  1.04127597e+00  4.72692012e-06  1.91789795e+00  3.00000000e+00 
 1.02450000e-01  1.04127598e+00  4.72692018e-06  1.91789794e+00  3.00000000e+00 
 1.02550000e-01  1.04127597e+00  4.72692012e-06  1.91789795e+00  3.00000000e+00 
 1.02650000e-01  1.04127598e+00  4.72692018e-06  1.91789794e+00  3.00000000e+00 
 1.02750000e-01  1.04127597e+00  4.72692012e-06  1.91789795e+00  3.00000000e+00 
 1.02850000e-01  1.04127598e+00  4.72692018e-06  1.91789794e+00  3.00000000e+00 
 1.02950000e-01  1.04127597e+00  4.72692012e-06  1.91789795e+00  3.00000000e+00 
 1.03050000e-01  1.04127598e+00  4.72692018e-06  1.91789794e+00  3.00000000e+00 
 1.03150000e-01  1.04127597e+00  4.72692012e-06  1.91789795e+00  3.00000000e+00 
 1.03250000e-01  1.04127598e+00  4.72692018e-06  1.91789794e+00  3.00000000e+00 
 1.03350000e-01  1.04127597e+00  4.72692012e-06  1.91789795e+00  3.00000000e+00 
 1.03450000e-01  1.04127598e+00  4.72692018e-06  1.91789794e+00  3.00000000e+00 
 1.03550000e-01  1.04127597e+00  4.72692012e-06  1.91789795e+00  3.00000000e+00 
 1.03650000e-01  1.04127598e+00  4.72692018e-06  1.91789794e+00  3.00000000e+00 
 1.03750000e-01  1.04127597e+00  4.72692012e-06  1.91789794e+00  3.00000000e+00 
 1.03850000e-01  1.04127598e+00  4.72692018e-06  1.91789794e+00  3.00000000e+00 
 1.03950000e-01  1.04127597e+00  4.72692012e-06  1.91789794e+00  3.00000000e+00 
 1.04050000e-01  1.04127598e+00  4.72692018e-06  1.91789794e+00  3.00000000e+00 
 1.04150000e-01  1.04127597e+00  4.72692012e-06  1.91789794e+00  3.00000000e+00 
 1.04250000e-01  1.04127598e+00  4.72692018e-06  1.91789794e+00  3.00000000e+00 
 1.04350000e-01  1.04127597e+00  4.72692012e-06  1.91789794e+00  3.00000000e+00 
 1.04450000e-01  1.04127598e+00  4.72692018e-06  1.91789794e+00  3.00000000e+00 
 1.04550000e-01  1.04127597e+00  4.72692012e-06  1.91789794e+00  3.00000000e+00 
 1.04650000e-01  1.04127598e+00  4.72692018e-06  1.91789794e+00  3.00000000e+00 
 1.04750000e-01  1.04127597e+00  4.72692012e-06  1.91789794e+00  3.00000000e+00 
 1.04850000e-01  1.04127598e+00  4.72692018e-06  1.91789794e+00  3.00000000e+00 
 1.04950000e-01  1.04127597e+00  4.72692012e-06  1.91789794e+00  3.00000000e+00 
 1.05050000e-01  1.04127598e+00  4.72692018e-06  1.91789794e+00  3.00000000e+00 
 1.05150000e-01  1.04127597e+00  4.72692012e-06  1.91789794e+00  3.00000000e+00 
 1.05250000e-01  1.04127598e+00  4.72692018e-06  1.91789794e+00  3.00000000e+00 
 1.05350000e-01  1.04127597e+00  4.72692012e-06  1.91789794e+00  3.00000000e+00 
 1.05450000e-01  1.04127598e+00  4.72692018e-06  1.91789794e+00  3.00000000e+00 
 1.05550000e-01  1.04127597e+00  4.72692012e-06  1.91789794e+00  3.00000000e+00 
 1.05650000e-01  1.04127598e+00  4.72692018e-06  1.91789794e+00  3.00000000e+00 
 1.05750000e-01  1.04127597e+00  4.72692012e-06  1.91789794e+00  3.00000000e+00 
 1.05850000e-01  1.04127598e+00  4.72692018e-06  1.91789794e+00  3.00000000e+00 
 1.05950000e-01  1.04127597e+00  4.72692012e-06  1.91789794e+00  3.00000000e+00 
 1.06050000e-01  1.04127598e+00  4.72692018e-06  1.91789794e+00  3.00000000e+00 
 1.06150000e-01  1.04127597e+00  4.72692012e-06  1.91789794e+00  3.00000000e+00 
 1.06250000e-01  1.04127598e+00  4.72692018e-06  1.91789794e+00  3.00000000e+00 
 1.06350000e-01  1.04127597e+00  4.72692012e-06  1.91789794e+00  3.00000000e+00 
 1.06450000e-01  1.04127598e+00  4.72692018e-06  1.91789794e+00  3.00000000e+00 
 1.06550000e-01  1.04127597e+00  4.72692012e-06  1.91789794e+00  3.00000000e+00 
 1.06650000e-01  1.04127598e+00  4.72692018e-06  1.91789794e+00  3.00000000e+00 
 1.06750000e-01  1.04127597e+00  4.72692012e-06  1.91789794e+00  3.00000000e+00 
 1.06850000e-01  1.04127598e+00  4.72692017e-06  1.91789794e+00  3.00000000e+00 
 1.06950000e-01  1.04127597e+00  4.72692012e-06  1.91789794e+00  3.00000000e+00 
 1.07050000e-01  1.04127598e+00  4.72692017e-06  1.91789794e+00  3.00000000e+00 
 1.07150000e-01  1.04127597e+00  4.72692012e-06  1.91789794e+00  3.00000000e+00 
 1.07250000e-01  1.04127598e+00  4.72692017e-06  1.91789794e+00  3.00000000e+00 
 1.07350000e-01  1.04127597e+00  4.72692012e-06  1.91789794e+00  3.00000000e+00 
 1.07450000e-01  1.04127598e+00  4.72692017e-06  1.91789794e+00  3.00000000e+00 
 1.07550000e-01  1.04127597e+00  4.72692012e-06  1.91789794e+00  3.00000000e+00 
 1.07650000e-01  1.04127598e+00  4.72692017e-06  1.91789794e+00  3.00000000e+00 
 1.07750000e-01  1.04127597e+00  4.72692012e-06  1.91789794e+00  3.00000000e+00 
 1.07850000e-01  1.04127598e+00  4.72692017e-06  1.91789794e+00  3.00000000e+00 
 1.07950000e-01  1.04127597e+00  4.72692012e-06  1.91789794e+00  3.00000000e+00 
 1.08050000e-01  1.04127598e+00  4.72692017e-06  1.91789794e+00  3.00000000e+00 
 1.08150000e-01  1.04127597e+00  4.72692012e-06  1.91789794e+00  3.00000000e+00 
 1.08250000e-01  1.04127598e+00  4.72692017e-06  1.91789794e+00  3.00000000e+00 
 1.08350000e-01  1.04127597e+00  4.72692012e-06  1.91789794e+00  3.00000000e+00 
 1.08450000e-01  1.04127598e+00  4.72692017e-06  1.91789794e+00  3.00000000e+00 
 1.08550000e-01  1.04127597e+00  4.72692012e-06  1.91789794e+00  3.00000000e+00 
 1.08650000e-01  1.04127598e+00  4.72692017e-06  1.91789794e+00  3.00000000e+00 
 1.08750000e-01  1.04127597e+00  4.72692012e-06  1.91789794e+00  3.00000000e+00 
 1.08850000e-01  1.04127598e+00  4.72692017e-06  1.91789794e+00  3.00000000e+00 
 1.08950000e-01  1.04127597e+00  4.72692012e-06  1.91789794e+00  3.00000000e+00 
 1.09050000e-01  1.04127598e+00  4.72692017e-06  1.91789794e+00  3.00000000e+00 
 1.09150000e-01  1.04127597e+00  4.72692012e-06  1.91789794e+00  3.00000000e+00 
 1.09250000e-01  1.04127598e+00  4.72692017e-06  1.91789794e+00  3.00000000e+00 
 1.09350000e-01  1.04127597e+00  4.72692012e-06  1.91789794e+00  3.00000000e+00 
 1.09450000e-01  1.04127598e+00  4.72692017e-06  1.91789794e+00  3.00000000e+00 
 1.09550000e-01  1.04127597e+00  4.72692012e-06  1.91789794e+00  3.00000000e+00 
 1.09650000e-01  1.04127598e+00  4.72692017e-06  1.91789794e+00  3.00000000e+00 
 1.09750000e-01  1.04127597e+00  4.72692012e-06  1.91789794e+00  3.00000000e+00 
 1.09850000e-01  1.04127598e+00  4.72692017e-06  1.91789794e+00  3.00000000e+00 
 1.09950000e-01  1.04127597e+00  4.72692012e-06  1.91789794e+00  3.00000000e+00 
 1.10050000e-01  1.04127598e+00  4.72692017e-06  1.91789794e+00  3.00000000e+00 
 1.10150000e-01  1.04127597e+00  4.72692012e-06  1.91789794e+00  3.00000000e+00 
 1.10250000e-01  1.04127598e+00  4.72692017e-06  1.91789794e+00  3.00000000e+00 
 1.10350000e-01  1.04127597e+00  4.72692012e-06  1.91789794e+00  3.00000000e+00 
 1.10450000e-01  1.04127598e+00  4.72692017e-06  1.91789794e+00  3.00000000e+00 
 1.10550000e-01  1.04127597e+00  4.72692012e-06  1.91789794e+00  3.00000000e+00 
 1.10650000e-01  1.04127598e+00  4.72692017e-06  1.91789794e+00  3.00000000e+00 
 1.10750000e-01  1.04127597e+00  4.72692013e-06  1.91789794e+00  3.00000000e+00 
 1.10850000e-01  1.04127598e+00  4.72692017e-06  1.91789794e+00  3.00000000e+00 
 1.10950000e-01  1.04127597e+00  4.72692013e-06  1.91789794e+00  3.00000000e+00 
 1.11050000e-01  1.04127598e+00  4.72692017e-06  1.91789794e+00  3.00000000e+00 
 1.11150000e-01  1.04127597e+00  4.72692013e-06  1.91789794e+00  3.00000000e+00 
 1.11250000e-01  1.04127598e+00  4.72692017e-06  1.91789794e+00  3.00000000e+00 
 1.11350000e-01  1.04127597e+00  4.72692013e-06  1.91789794e+00  3.00000000e+00 
 1.11450000e-01  1.04127598e+00  4.72692017e-06  1.91789794e+00  3.00000000e+00 
 1.11550000e-01  1.04127597e+00  4.72692013e-06  1.91789794e+00  3.00000000e+00 
 1.11650000e-01  1.04127598e+00  4.72692017e-06  1.91789794e+00  3.00000000e+00 
 1.11750000e-01  1.04127597e+00  4.72692013e-06  1.91789794e+00  3.00000000e+00 
 1.11850000e-01  1.04127598e+00  4.72692017e-06  1.91789794e+00  3.00000000e+00 
 1.11950000e-01  1.04127597e+00  4.72692013e-06  1.91789794e+00  3.00000000e+00 
 1.12050000e-01  1.04127598e+00  4.72692017e-06  1.91789794e+00  3.00000000e+00 
 1.12150000e-01  1.04127597e+00  4.72692013e-06  1.91789794e+00  3.00000000e+00 
 1.12250000e-01  1.04127598e+00  4.72692017e-06  1.91789794e+00  3.00000000e+00 
 1.12350000e-01  1.04127597e+00  4.72692013e-06  1.91789794e+00  3.00000000e+00 
 1.12450000e-01  1.04127598e+00  4.72692017e-06  1.91789794e+00  3.00000000e+00 
 1.12550000e-01  1.04127597e+00  4.72692013e-06  1.91789794e+00  3.00000000e+00 
 1.12650000e-01  1.04127598e+00  4.72692017e-06  1.91789794e+00  3.00000000e+00 
 1.12750000e-01  1.04127597e+00  4.72692013e-06  1.91789794e+00  3.00000000e+00 
 1.12850000e-01  1.04127598e+00  4.72692017e-06  1.91789794e+00  3.00000000e+00 
 1.12950000e-01  1.04127597e+00  4.72692013e-06  1.91789794e+00  3.00000000e+00 
 1.13050000e-01  1.04127598e+00  4.72692017e-06  1.91789794e+00  3.00000000e+00 
 1.13150000e-01  1.04127597e+00  4.72692013e-06  1.91789794e+00  3.00000000e+00 
 1.13250000e-01  1.04127598e+00  4.72692017e-06  1.91789794e+00  3.00000000e+00 
 1.13350000e-01  1.04127597e+00  4.72692013e-06  1.91789794e+00  3.00000000e+00 
 1.13450000e-01  1.04127598e+00  4.72692017e-06  1.91789794e+00  3.00000000e+00 
 1.13550000e-01  1.04127597e+00  4.72692013e-06  1.91789794e+00  3.00000000e+00 
 1.13650000e-01  1.04127598e+00  4.72692017e-06  1.91789794e+00  3.00000000e+00 
 1.13750000e-01  1.04127597e+00  4.72692013e-06  1.91789794e+00  3.00000000e+00 
 1.13850000e-01  1.04127598e+00  4.72692017e-06  1.91789794e+00  3.00000000e+00 
 1.13950000e-01  1.04127597e+00  4.72692013e-06  1.91789794e+00  3.00000000e+00 
 1.14050000e-01  1.04127598e+00  4.72692017e-06  1.91789794e+00  3.00000000e+00 
 1.14150000e-01  1.04127597e+00  4.72692013e-06  1.91789794e+00  3.00000000e+00 
 1.14250000e-01  1.04127598e+00  4.72692017e-06  1.91789794e+00  3.00000000e+00 
 1.14350000e-01  1.04127597e+00  4.72692013e-06  1.91789794e+00  3.00000000e+00 
 1.14450000e-01  1.04127598e+00  4.72692017e-06  1.91789794e+00  3.00000000e+00 
 1.14550000e-01  1.04127597e+00  4.72692013e-06  1.91789794e+00  3.00000000e+00 
 1.14650000e-01  1.04127598e+00  4.72692017e-06  1.91789794e+00  3.00000000e+00 
 1.14750000e-01  1.04127597e+00  4.72692013e-06  1.91789794e+00  3.00000000e+00 
 1.14850000e-01  1.04127598e+00  4.72692017e-06  1.91789794e+00  3.00000000e+00 
 1.14950000e-01  1.04127597e+00  4.72692013e-06  1.91789794e+00  3.00000000e+00 
 1.15050000e-01  1.04127598e+00  4.72692017e-06  1.91789794e+00  3.00000000e+00 
 1.15150000e-01  1.04127597e+00  4.72692013e-06  1.91789794e+00  3.00000000e+00 
 1.15250000e-01  1.04127598e+00  4.72692017e-06  1.91789794e+00  3.00000000e+00 
 1.15350000e-01  1.04127597e+00  4.72692013e-06  1.91789794e+00  3.00000000e+00 
 1.15450000e-01  1.04127598e+00  4.72692017e-06  1.91789794e+00  3.00000000e+00 
 1.15550000e-01  1.04127597e+00  4.72692013e-06  1.91789794e+00  3.00000000e+00 
 1.15650000e-01  1.04127598e+00  4.72692017e-06  1.91789794e+00  3.00000000e+00 
 1.15750000e-01  1.04127597e+00  4.72692013e-06  1.91789794e+00  3.00000000e+00 
 1.15850000e-01  1.04127598e+00  4.72692017e-06  1.91789794e+00  3.00000000e+00 
 1.15950000e-01  1.04127597e+00  4.72692013e-06  1.91789794e+00  3.00000000e+00 
 1.16050000e-01  1.04127598e+00  4.72692017e-06  1.91789794e+00  3.00000000e+00 
 1.16150000e-01  1.04127597e+00  4.72692013e-06  1.91789794e+00  3.00000000e+00 
 1.16250000e-01  1.04127598e+00  4.72692017e-06  1.91789794e+00  3.00000000e+00 
 1.16350000e-01  1.04127597e+00  4.72692013e-06  1.91789794e+00  3.00000000e+00 
 1.16450000e-01  1.04127598e+00  4.72692017e-06  1.91789794e+00  3.00000000e+00 
 1.16550000e-01  1.04127597e+00  4.72692013e-06  1.91789794e+00  3.00000000e+00 
 1.16650000e-01  1.04127598e+00  4.72692017e-06  1.91789794e+00  3.00000000e+00 
 1.16750000e-01  1.04127597e+00  4.72692013e-06  1.91789794e+00  3.00000000e+00 
 1.16850000e-01  1.04127598e+00  4.72692017e-06  1.91789794e+00  3.00000000e+00 
 1.16950000e-01  1.04127597e+00  4.72692013e-06  1.91789794e+00  3.00000000e+00 
 1.17050000e-01  1.04127598e+00  4.72692017e-06  1.91789794e+00  3.00000000e+00 
 1.17150000e-01  1.04127597e+00  4.72692013e-06  1.91789794e+00  3.00000000e+00 
 1.17250000e-01  1.04127598e+00  4.72692017e-06  1.91789794e+00  3.00000000e+00 
 1.17350000e-01  1.04127597e+00  4.72692013e-06  1.91789794e+00  3.00000000e+00 
 1.17450000e-01  1.04127598e+00  4.72692017e-06  1.91789794e+00  3.00000000e+00 
 1.17550000e-01  1.04127597e+00  4.72692013e-06  1.91789794e+00  3.00000000e+00 
 1.17650000e-01  1.04127598e+00  4.72692017e-06  1.91789794e+00  3.00000000e+00 
 1.17750000e-01  1.04127597e+00  4.72692013e-06  1.91789794e+00  3.00000000e+00 
 1.17850000e-01  1.04127598e+00  4.72692017e-06  1.91789794e+00  3.00000000e+00 
 1.17950000e-01  1.04127597e+00  4.72692013e-06  1.91789794e+00  3.00000000e+00 
 1.18050000e-01  1.04127598e+00  4.72692017e-06  1.91789794e+00  3.00000000e+00 
 1.18150000e-01  1.04127597e+00  4.72692013e-06  1.91789794e+00  3.00000000e+00 
 1.18250000e-01  1.04127598e+00  4.72692017e-06  1.91789794e+00  3.00000000e+00 
 1.18350000e-01  1.04127597e+00  4.72692013e-06  1.91789794e+00  3.00000000e+00 
 1.18450000e-01  1.04127598e+00  4.72692016e-06  1.91789794e+00  3.00000000e+00 
 1.18550000e-01  1.04127597e+00  4.72692013e-06  1.91789794e+00  3.00000000e+00 
 1.18650000e-01  1.04127598e+00  4.72692016e-06  1.91789794e+00  3.00000000e+00 
 1.18750000e-01  1.04127597e+00  4.72692013e-06  1.91789794e+00  3.00000000e+00 
 1.18850000e-01  1.04127598e+00  4.72692016e-06  1.91789794e+00  3.00000000e+00 
 1.18950000e-01  1.04127597e+00  4.72692013e-06  1.91789794e+00  3.00000000e+00 
 1.19050000e-01  1.04127598e+00  4.72692016e-06  1.91789794e+00  3.00000000e+00 
 1.19150000e-01  1.04127597e+00  4.72692013e-06  1.91789794e+00  3.00000000e+00 
 1.19250000e-01  1.04127598e+00  4.72692016e-06  1.91789794e+00  3.00000000e+00 
 1.19350000e-01  1.04127597e+00  4.72692013e-06  1.91789794e+00  3.00000000e+00 
 1.19450000e-01  1.04127598e+00  4.72692016e-06  1.91789794e+00  3.00000000e+00 
 1.19550000e-01  1.04127597e+00  4.72692013e-06  1.91789794e+00  3.00000000e+00 
 1.19650000e-01  1.04127598e+00  4.72692016e-06  1.91789794e+00  3.00000000e+00 
 1.19750000e-01  1.04127597e+00  4.72692013e-06  1.91789794e+00  3.00000000e+00 
 1.19850000e-01  1.04127598e+00  4.72692016e-06  1.91789794e+00  3.00000000e+00 
 1.19950000e-01  1.04127597e+00  4.72692013e-06  1.91789794e+00  3.00000000e+00 
 1.20050000e-01  1.04127598e+00  4.72692016e-06  1.91789794e+00  3.00000000e+00 
 1.20150000e-01  1.04127597e+00  4.72692013e-06  1.91789794e+00  3.00000000e+00 
 1.20250000e-01  1.04127598e+00  4.72692016e-06  1.91789794e+00  3.00000000e+00 
 1.20350000e-01  1.04127597e+00  4.72692013e-06  1.91789794e+00  3.00000000e+00 
 1.20450000e-01  1.04127598e+00  4.72692016e-06  1.91789794e+00  3.00000000e+00 
 1.20550000e-01  1.04127597e+00  4.72692013e-06  1.91789794e+00  3.00000000e+00 
 1.20650000e-01  1.04127598e+00  4.72692016e-06  1.91789794e+00  3.00000000e+00 
 1.20750000e-01  1.04127597e+00  4.72692013e-06  1.91789794e+00  3.00000000e+00 
 1.20850000e-01  1.04127598e+00  4.72692016e-06  1.91789794e+00  3.00000000e+00 
 1.20950000e-01  1.04127597e+00  4.72692013e-06  1.91789794e+00  3.00000000e+00 
 1.21050000e-01  1.04127598e+00  4.72692016e-06  1.91789794e+00  3.00000000e+00 
 1.21150000e-01  1.04127597e+00  4.72692013e-06  1.91789794e+00  3.00000000e+00 
 1.21250000e-01  1.04127598e+00  4.72692016e-06  1.91789794e+00  3.00000000e+00 
 1.21350000e-01  1.04127597e+00  4.72692013e-06  1.91789794e+00  3.00000000e+00 
 1.21450000e-01  1.04127598e+00  4.72692016e-06  1.91789794e+00  3.00000000e+00 
 1.21550000e-01  1.04127597e+00  4.72692013e-06  1.91789794e+00  3.00000000e+00 
 1.21650000e-01  1.04127598e+00  4.72692016e-06  1.91789794e+00  3.00000000e+00 
 1.21750000e-01  1.04127597e+00  4.72692013e-06  1.91789794e+00  3.00000000e+00 
 1.21850000e-01  1.04127598e+00  4.72692016e-06  1.91789794e+00  3.00000000e+00 
 1.21950000e-01  1.04127597e+00  4.72692013e-06  1.91789794e+00  3.00000000e+00 
 1.22050000e-01  1.04127598e+00  4.72692016e-06  1.91789794e+00  3.00000000e+00 
 1.22150000e-01  1.04127597e+00  4.72692013e-06  1.91789794e+00  3.00000000e+00 
 1.22250000e-01  1.04127598e+00  4.72692016e-06  1.91789794e+00  3.00000000e+00 
 1.22350000e-01  1.04127597e+00  4.72692013e-06  1.91789794e+00  3.00000000e+00 
 1.22450000e-01  1.04127598e+00  4.72692016e-06  1.91789794e+00  3.00000000e+00 
 1.22550000e-01  1.04127597e+00  4.72692013e-06  1.91789794e+00  3.00000000e+00 
 1.22650000e-01  1.04127598e+00  4.72692016e-06  1.91789794e+00  3.00000000e+00 
 1.22750000e-01  1.04127597e+00  4.72692013e-06  1.91789794e+00  3.00000000e+00 
 1.22850000e-01  1.04127598e+00  4.72692016e-06  1.91789794e+00  3.00000000e+00 
 1.22950000e-01  1.04127597e+00  4.72692013e-06  1.91789794e+00  3.00000000e+00 
 1.23050000e-01  1.04127598e+00  4.72692016e-06  1.91789794e+00  3.00000000e+00 
 1.23150000e-01  1.04127597e+00  4.72692013e-06  1.91789794e+00  3.00000000e+00 
 1.23250000e-01  1.04127598e+00  4.72692016e-06  1.91789794e+00  3.00000000e+00 
 1.23350000e-01  1.04127597e+00  4.72692013e-06  1.91789794e+00  3.00000000e+00 
 1.23450000e-01  1.04127598e+00  4.72692016e-06  1.91789794e+00  3.00000000e+00 
 1.23550000e-01  1.04127597e+00  4.72692013e-06  1.91789794e+00  3.00000000e+00 
 1.23650000e-01  1.04127598e+00  4.72692016e-06  1.91789794e+00  3.00000000e+00 
 1.23750000e-01  1.04127597e+00  4.72692013e-06  1.91789794e+00  3.00000000e+00 
 1.23850000e-01  1.04127598e+00  4.72692016e-06  1.91789794e+00  3.00000000e+00 
 1.23950000e-01  1.04127597e+00  4.72692013e-06  1.91789794e+00  3.00000000e+00 
 1.24050000e-01  1.04127598e+00  4.72692016e-06  1.91789794e+00  3.00000000e+00 
 1.24150000e-01  1.04127597e+00  4.72692013e-06  1.91789794e+00  3.00000000e+00 
 1.24250000e-01  1.04127598e+00  4.72692016e-06  1.91789794e+00  3.00000000e+00 
 1.24350000e-01  1.04127597e+00  4.72692013e-06  1.91789794e+00  3.00000000e+00 
 1.24450000e-01  1.04127598e+00  4.72692016e-06  1.91789794e+00  3.00000000e+00 
 1.24550000e-01  1.04127597e+00  4.72692013e-06  1.91789794e+00  3.00000000e+00 
 1.24650000e-01  1.04127598e+00  4.72692016e-06  1.91789794e+00  3.00000000e+00 
 1.24750000e-01  1.04127597e+00  4.72692013e-06  1.91789794e+00  3.00000000e+00 
 1.24850000e-01  1.04127598e+00  4.72692016e-06  1.91789794e+00  3.00000000e+00 
 1.24950000e-01  1.04127597e+00  4.72692013e-06  1.91789794e+00  3.00000000e+00 
 1.25050000e-01  1.04127598e+00  4.72692016e-06  1.91789794e+00  3.00000000e+00 
 1.25150000e-01  1.04127597e+00  4.72692014e-06  1.91789794e+00  3.00000000e+00 
 1.25250000e-01  1.04127598e+00  4.72692016e-06  1.91789794e+00  3.00000000e+00 
 1.25350000e-01  1.04127597e+00  4.72692014e-06  1.91789794e+00  3.00000000e+00 
 1.25450000e-01  1.04127598e+00  4.72692016e-06  1.91789794e+00  3.00000000e+00 
 1.25550000e-01  1.04127597e+00  4.72692014e-06  1.91789794e+00  3.00000000e+00 
 1.25650000e-01  1.04127598e+00  4.72692016e-06  1.91789794e+00  3.00000000e+00 
 1.25750000e-01  1.04127597e+00  4.72692014e-06  1.91789794e+00  3.00000000e+00 
 1.25850000e-01  1.04127598e+00  4.72692016e-06  1.91789794e+00  3.00000000e+00 
 1.25950000e-01  1.04127597e+00  4.72692014e-06  1.91789794e+00  3.00000000e+00 
 1.26050000e-01  1.04127598e+00  4.72692016e-06  1.91789794e+00  3.00000000e+00 
 1.26150000e-01  1.04127597e+00  4.72692014e-06  1.91789794e+00  3.00000000e+00 
 1.26250000e-01  1.04127598e+00  4.72692016e-06  1.91789794e+00  3.00000000e+00 
 1.26350000e-01  1.04127597e+00  4.72692014e-06  1.91789794e+00  3.00000000e+00 
 1.26450000e-01  1.04127598e+00  4.72692016e-06  1.91789794e+00  3.00000000e+00 
 1.26550000e-01  1.04127597e+00  4.72692014e-06  1.91789794e+00  3.00000000e+00 
 1.26650000e-01  1.04127598e+00  4.72692016e-06  1.91789794e+00  3.00000000e+00 
 1.26750000e-01  1.04127597e+00  4.72692014e-06  1.91789794e+00  3.00000000e+00 
 1.26850000e-01  1.04127598e+00  4.72692016e-06  1.91789794e+00  3.00000000e+00 
 1.26950000e-01  1.04127597e+00  4.72692014e-06  1.91789794e+00  3.00000000e+00 
 1.27050000e-01  1.04127598e+00  4.72692016e-06  1.91789794e+00  3.00000000e+00 
 1.27150000e-01  1.04127597e+00  4.72692014e-06  1.91789794e+00  3.00000000e+00 
 1.27250000e-01  1.04127598e+00  4.72692016e-06  1.91789794e+00  3.00000000e+00 
 1.27350000e-01  1.04127597e+00  4.72692014e-06  1.91789794e+00  3.00000000e+00 
 1.27450000e-01  1.04127598e+00  4.72692016e-06  1.91789794e+00  3.00000000e+00 
 1.27550000e-01  1.04127597e+00  4.72692014e-06  1.91789794e+00  3.00000000e+00 
 1.27650000e-01  1.04127598e+00  4.72692016e-06  1.91789794e+00  3.00000000e+00 
 1.27750000e-01  1.04127597e+00  4.72692014e-06  1.91789794e+00  3.00000000e+00 
 1.27850000e-01  1.04127598e+00  4.72692016e-06  1.91789794e+00  3.00000000e+00 
 1.27950000e-01  1.04127597e+00  4.72692014e-06  1.91789794e+00  3.00000000e+00 
 1.28050000e-01  1.04127598e+00  4.72692016e-06  1.91789794e+00  3.00000000e+00 
 1.28150000e-01  1.04127597e+00  4.72692014e-06  1.91789794e+00  3.00000000e+00 
 1.28250000e-01  1.04127598e+00  4.72692016e-06  1.91789794e+00  3.00000000e+00 
 1.28350000e-01  1.04127597e+00  4.72692014e-06  1.91789794e+00  3.00000000e+00 
 1.28450000e-01  1.04127598e+00  4.72692016e-06  1.91789794e+00  3.00000000e+00 
 1.28550000e-01  1.04127597e+00  4.72692014e-06  1.91789794e+00  3.00000000e+00 
 1.28650000e-01  1.04127598e+00  4.72692016e-06  1.91789794e+00  3.00000000e+00 
 1.28750000e-01  1.04127597e+00  4.72692014e-06  1.91789794e+00  3.00000000e+00 
 1.28850000e-01  1.04127598e+00  4.72692016e-06  1.91789794e+00  3.00000000e+00 
 1.28950000e-01  1.04127597e+00  4.72692014e-06  1.91789794e+00  3.00000000e+00 
 1.29050000e-01  1.04127598e+00  4.72692016e-06  1.91789794e+00  3.00000000e+00 
 1.29150000e-01  1.04127597e+00  4.72692014e-06  1.91789794e+00  3.00000000e+00 
 1.29250000e-01  1.04127598e+00  4.72692016e-06  1.91789794e+00  3.00000000e+00 
 1.29350000e-01  1.04127597e+00  4.72692014e-06  1.91789794e+00  3.00000000e+00 
 1.29450000e-01  1.04127598e+00  4.72692016e-06  1.91789794e+00  3.00000000e+00 
 1.29550000e-01  1.04127597e+00  4.72692014e-06  1.91789794e+00  3.00000000e+00 
 1.29650000e-01  1.04127598e+00  4.72692016e-06  1.91789794e+00  3.00000000e+00 
 1.29750000e-01  1.04127597e+00  4.72692014e-06  1.91789794e+00  3.00000000e+00 
 1.29850000e-01  1.04127598e+00  4.72692016e-06  1.91789794e+00  3.00000000e+00 
 1.29925000e-01  1.04127597e+00  4.72692014e-06  1.91789794e+00  3.00000000e+00 
 1.30000000e-01  1.04127598e+00  4.72692016e-06  1.91789794e+00  3.00000000e+00 
