 time            v(vref)         iptat           v(pbias)        v(vdd)         
 1.00000000e-06  7.07944462e-04 -5.50229458e-06  1.50696541e-01  3.00000000e-05 
 1.00029331e-06  7.07713327e-04 -5.47879518e-06  1.50737861e-01  3.00087994e-05 
 1.00087994e-06  7.07240983e-04 -5.47975835e-06  1.50817283e-01  3.00263983e-05 
 1.00205320e-06  7.06313203e-04 -5.48376622e-06  1.50961958e-01  3.00615960e-05 
 1.00439971e-06  7.04550552e-04 -5.48917277e-06  1.51211568e-01  3.01319914e-05 
 1.00909274e-06  7.01445262e-04 -5.50035895e-06  1.51615662e-01  3.02727822e-05 
 1.01477107e-06  6.98401155e-04 -5.50988500e-06  1.51997999e-01  3.04431320e-05 
 1.02405319e-06  6.94737680e-04 -5.52287592e-06  1.52457745e-01  3.07215956e-05 
 1.03948111e-06  6.91041793e-04 -5.53464578e-06  1.52921055e-01  3.11844333e-05 
 1.06468743e-06  6.88380042e-04 -5.54429852e-06  1.53254518e-01  3.19406229e-05 
 1.09080236e-06  6.87546832e-04 -5.54643332e-06  1.53359155e-01  3.27240709e-05 
 1.12833938e-06  6.87247401e-04 -5.54811017e-06  1.53397244e-01  3.38501814e-05 
 1.17624072e-06  6.87210862e-04 -5.54754902e-06  1.53402803e-01  3.52872216e-05 
 1.26675657e-06  6.87218205e-04 -5.54817265e-06  1.53403967e-01  3.80026970e-05 
 1.42660608e-06  6.87232754e-04 -5.54740511e-06  1.53406345e-01  4.27981825e-05 
 1.74630511e-06  6.87263377e-04 -5.54787778e-06  1.53411421e-01  5.23891533e-05 
 2.19414267e-06  6.87307383e-04 -5.54692061e-06  1.53418670e-01  6.58242802e-05 
 2.95970031e-06  6.87382111e-04 -5.54710748e-06  1.53431047e-01  8.87910092e-05 
 4.49081557e-06  6.87532101e-04 -5.54546297e-06  1.53455810e-01  1.34724467e-04 
 7.55304610e-06  6.87831601e-04 -5.54419226e-06  1.53505338e-01  2.26591383e-04 
 1.36775072e-05  6.88431287e-04 -5.53963322e-06  1.53604428e-01  4.10325215e-04 
 2.59264293e-05  6.89630790e-04 -5.53253539e-06  1.53802721e-01  7.77792878e-04 
 5.04242735e-05  6.92032527e-04 -5.51635033e-06  1.54199696e-01  1.51272820e-03 
 7.52121367e-05  6.94465605e-04 -5.50134415e-06  1.54601960e-01  2.25636410e-03 
 1.00000000e-04  6.96902186e-04 -5.48501499e-06  1.55004790e-01  3.00000000e-03 
 1.04957573e-04  6.97389842e-04 -5.48222163e-06  1.55085439e-01  3.14872718e-03 
 1.14872718e-04  6.98365563e-04 -5.47596479e-06  1.55246778e-01  3.44618154e-03 
 1.34703009e-04  7.00318562e-04 -5.46345722e-06  1.55569736e-01  4.04109026e-03 
 1.74363590e-04  7.04229674e-04 -5.43851920e-06  1.56216551e-01  5.23090769e-03 
 2.53684752e-04  7.12073591e-04 -5.38879890e-06  1.57514135e-01  7.61054257e-03 
 3.53684752e-04  7.22000576e-04 -5.32646855e-06  1.59156914e-01  1.06105426e-02 
 4.53684752e-04  7.31966682e-04 -5.26453920e-06  1.60806834e-01  1.36105426e-02 
 5.53684752e-04  7.41968447e-04 -5.20301863e-06  1.62463322e-01  1.66105426e-02 
 6.53684752e-04  7.52002787e-04 -5.14191277e-06  1.64125871e-01  1.96105426e-02 
 7.53684752e-04  7.62066925e-04 -5.08122619e-06  1.65794024e-01  2.26105426e-02 
 8.53684752e-04  7.72158346e-04 -5.02096227e-06  1.67467370e-01  2.56105426e-02 
 9.53684752e-04  7.82274775e-04 -4.96112342e-06  1.69145537e-01  2.86105426e-02 
 1.05368475e-03  7.92414119e-04 -4.90171137e-06  1.70828182e-01  3.16105426e-02 
 1.15368475e-03  8.02574451e-04 -4.84272725e-06  1.72514988e-01  3.46105426e-02 
 1.25368475e-03  8.12753984e-04 -4.78417177e-06  1.74205658e-01  3.76105426e-02 
 1.35368475e-03  8.22951039e-04 -4.72604539e-06  1.75899912e-01  4.06105426e-02 
 1.45368475e-03  8.33164035e-04 -4.66834832e-06  1.77597482e-01  4.36105426e-02 
 1.55368475e-03  8.43391479e-04 -4.61108068e-06  1.79298113e-01  4.66105426e-02 
 1.65368475e-03  8.53631948e-04 -4.55424245e-06  1.81001559e-01  4.96105426e-02 
 1.75368475e-03  8.63884088e-04 -4.49783360e-06  1.82707582e-01  5.26105426e-02 
 1.85368475e-03  8.74146601e-04 -4.44185404e-06  1.84415950e-01  5.56105426e-02 
 1.95368475e-03  8.84418267e-04 -4.38630361e-06  1.86126444e-01  5.86105426e-02 
 2.05368475e-03  8.94697915e-04 -4.33118208e-06  1.87838851e-01  6.16105426e-02 
 2.15368475e-03  9.04984439e-04 -4.27648922e-06  1.89552968e-01  6.46105426e-02 
 2.25368475e-03  9.15276792e-04 -4.22222465e-06  1.91268602e-01  6.76105426e-02 
 2.35368475e-03  9.25573977e-04 -4.16838805e-06  1.92985563e-01  7.06105426e-02 
 2.45368475e-03  9.35875042e-04 -4.11497903e-06  1.94703673e-01  7.36105426e-02 
 2.55368475e-03  9.46179070e-04 -4.06199729e-06  1.96422755e-01  7.66105426e-02 
 2.65368475e-03  9.56485148e-04 -4.00944265e-06  1.98142630e-01  7.96105426e-02 
 2.75368475e-03  9.66792373e-04 -3.95731512e-06  1.99863119e-01  8.26105426e-02 
 2.85368475e-03  9.77099827e-04 -3.90561492e-06  2.01584036e-01  8.56105426e-02 
 2.95368475e-03  9.87406574e-04 -3.85434251e-06  2.03305188e-01  8.86105426e-02 
 3.05368475e-03  9.97711647e-04 -3.80349865e-06  2.05026375e-01  9.16105426e-02 
 3.15368475e-03  1.00801405e-03 -3.75308433e-06  2.06747384e-01  9.46105426e-02 
 3.25368475e-03  1.01831276e-03 -3.70310088e-06  2.08467992e-01  9.76105426e-02 
 3.35368475e-03  1.02860666e-03 -3.65354997e-06  2.10187961e-01  1.00610543e-01 
 3.45368475e-03  1.03889461e-03 -3.60443353e-06  2.11907039e-01  1.03610543e-01 
 3.55368475e-03  1.04917542e-03 -3.55575385e-06  2.13624960e-01  1.06610543e-01 
 3.65368475e-03  1.05944781e-03 -3.50751360e-06  2.15341435e-01  1.09610543e-01 
 3.75368475e-03  1.06971041e-03 -3.45971580e-06  2.17056158e-01  1.12610543e-01 
 3.85368475e-03  1.07996180e-03 -3.41236383e-06  2.18768803e-01  1.15610543e-01 
 3.95368475e-03  1.09020041e-03 -3.36546155e-06  2.20479014e-01  1.18610543e-01 
 4.05368475e-03  1.10042460e-03 -3.31901326e-06  2.22186410e-01  1.21610543e-01 
 4.15368475e-03  1.11063261e-03 -3.27302367e-06  2.23890580e-01  1.24610543e-01 
 4.25368475e-03  1.12082251e-03 -3.22749802e-06  2.25591084e-01  1.27610543e-01 
 4.35368475e-03  1.13099227e-03 -3.18244206e-06  2.27287441e-01  1.30610543e-01 
 4.45368475e-03  1.14113966e-03 -3.13786210e-06  2.28979136e-01  1.33610543e-01 
 4.55368475e-03  1.15126232e-03 -3.09376505e-06  2.30665609e-01  1.36610543e-01 
 4.65368475e-03  1.16135765e-03 -3.05015848e-06  2.32346251e-01  1.39610543e-01 
 4.75368475e-03  1.17142286e-03 -3.00705061e-06  2.34020406e-01  1.42610543e-01 
 4.85368475e-03  1.18145495e-03 -2.96445036e-06  2.35687363e-01  1.45610543e-01 
 4.95368475e-03  1.19145064e-03 -2.92236749e-06  2.37346348e-01  1.48610543e-01 
 5.05368475e-03  1.20140638e-03 -2.88081260e-06  2.38996519e-01  1.51610543e-01 
 5.15368475e-03  1.21131833e-03 -2.83979717e-06  2.40636966e-01  1.54610543e-01 
 5.25368475e-03  1.22118231e-03 -2.79933365e-06  2.42266698e-01  1.57610543e-01 
 5.35368475e-03  1.23099379e-03 -2.75943562e-06  2.43884636e-01  1.60610543e-01 
 5.45368475e-03  1.24074784e-03 -2.72011771e-06  2.45489609e-01  1.63610543e-01 
 5.55368475e-03  1.25043912e-03 -2.68139581e-06  2.47080345e-01  1.66610543e-01 
 5.65368475e-03  1.26006179e-03 -2.64328715e-06  2.48655456e-01  1.69610543e-01 
 5.75368475e-03  1.26960954e-03 -2.60581043e-06  2.50213436e-01  1.72610543e-01 
 5.85368475e-03  1.27907548e-03 -2.56898589e-06  2.51752642e-01  1.75610543e-01 
 5.95368475e-03  1.28845212e-03 -2.53283546e-06  2.53271289e-01  1.78610543e-01 
 6.05368475e-03  1.29773131e-03 -2.49738290e-06  2.54767434e-01  1.81610543e-01 
 6.15368475e-03  1.30690417e-03 -2.46265404e-06  2.56238959e-01  1.84610543e-01 
 6.25368475e-03  1.31596106e-03 -2.42867681e-06  2.57683562e-01  1.87610543e-01 
 6.35368475e-03  1.32489147e-03 -2.39548156e-06  2.59098733e-01  1.90610543e-01 
 6.45368475e-03  1.33368393e-03 -2.36310133e-06  2.60481736e-01  1.93610543e-01 
 6.55368475e-03  1.34232598e-03 -2.33157191e-06  2.61829594e-01  1.96610543e-01 
 6.65368475e-03  1.35080404e-03 -2.30093222e-06  2.63139066e-01  1.99610543e-01 
 6.75368475e-03  1.35910331e-03 -2.27122465e-06  2.64406619e-01  2.02610543e-01 
 6.85368475e-03  1.36720769e-03 -2.24249529e-06  2.65628404e-01  2.05610543e-01 
 6.95368475e-03  1.37509962e-03 -2.21479444e-06  2.66800228e-01  2.08610543e-01 
 7.05368475e-03  1.38275996e-03 -2.18817693e-06  2.67917521e-01  2.11610543e-01 
 7.15368475e-03  1.39016788e-03 -2.16270258e-06  2.68975309e-01  2.14610543e-01 
 7.25368475e-03  1.39730068e-03 -2.13843688e-06  2.69968168e-01  2.17610543e-01 
 7.35368475e-03  1.40413359e-03 -2.11545148e-06  2.70890185e-01  2.20610543e-01 
 7.45368475e-03  1.41063968e-03 -2.09382489e-06  2.71734924e-01  2.23610543e-01 
 7.55368475e-03  1.41678955e-03 -2.07364327e-06  2.72495368e-01  2.26610543e-01 
 7.65368475e-03  1.42255119e-03 -2.05500136e-06  2.73163873e-01  2.29610543e-01 
 7.75368475e-03  1.42788975e-03 -2.03800340e-06  2.73732113e-01  2.32610543e-01 
 7.85368475e-03  1.43276720e-03 -2.02276442e-06  2.74191011e-01  2.35610543e-01 
 7.95368475e-03  1.43714215e-03 -2.00941146e-06  2.74530681e-01  2.38610543e-01 
 8.05368475e-03  1.44096950e-03 -1.99808508e-06  2.74740354e-01  2.41610543e-01 
 8.15368475e-03  1.44420012e-03 -1.98894117e-06  2.74808298e-01  2.44610543e-01 
 8.25368475e-03  1.44678052e-03 -1.98215290e-06  2.74721739e-01  2.47610543e-01 
 8.35368475e-03  1.44865244e-03 -1.97791301e-06  2.74466759e-01  2.50610543e-01 
 8.45368475e-03  1.44975246e-03 -1.97643651e-06  2.74028206e-01  2.53610543e-01 
 8.55368475e-03  1.45001155e-03 -1.97796368e-06  2.73389582e-01  2.56610543e-01 
 8.65368475e-03  1.44935465e-03 -1.98276356e-06  2.72532930e-01  2.59610543e-01 
 8.75368475e-03  1.44770015e-03 -1.99113785e-06  2.71438718e-01  2.62610543e-01 
 8.85368475e-03  1.44495939e-03 -2.00342565e-06  2.70085692e-01  2.65610543e-01 
 8.95368475e-03  1.44103608e-03 -2.02000874e-06  2.68450741e-01  2.68610543e-01 
 9.05368475e-03  1.43582588e-03 -2.04131733e-06  2.66508753e-01  2.71610543e-01 
 9.15368475e-03  1.42921579e-03 -2.06783689e-06  2.64232456e-01  2.74610543e-01 
 9.25368475e-03  1.42108376e-03 -2.10011567e-06  2.61592258e-01  2.77610543e-01 
 9.35368475e-03  1.41129825e-03 -2.13877300e-06  2.58556080e-01  2.80610543e-01 
 9.45368475e-03  1.39971805e-03 -2.18450834e-06  2.55089205e-01  2.83610543e-01 
 9.55368475e-03  1.38619234e-03 -2.23811090e-06  2.51154121e-01  2.86610543e-01 
 9.65368475e-03  1.37056115e-03 -2.30046963e-06  2.46710403e-01  2.89610543e-01 
 9.75368475e-03  1.35265656e-03 -2.37258280e-06  2.41714631e-01  2.92610543e-01 
 9.85368475e-03  1.33230493e-03 -2.45556688e-06  2.36120384e-01  2.95610543e-01 
 9.95368475e-03  1.30933088e-03 -2.55066316e-06  2.29878354e-01  2.98610543e-01 
 1.00536848e-02  1.28356421e-03 -2.65924031e-06  2.22936680e-01  3.01610543e-01 
 1.01536848e-02  1.25485190e-03 -2.78278938e-06  2.15241671e-01  3.04610543e-01 
 1.02536848e-02  1.22307884e-03 -2.92290550e-06  2.06739196e-01  3.07610543e-01 
 1.03536848e-02  1.18820273e-03 -3.08124675e-06  1.97377203e-01  3.10610543e-01 
 1.04536848e-02  1.15031269e-03 -3.25945402e-06  1.87110117e-01  3.13610543e-01 
 1.05536848e-02  1.10972816e-03 -3.45900136e-06  1.75906431e-01  3.16610543e-01 
 1.06536848e-02  1.06716686e-03 -3.68092166e-06  1.63761775e-01  3.19610543e-01 
 1.07536848e-02  1.02402796e-03 -3.92531460e-06  1.50721069e-01  3.22610543e-01 
 1.08536848e-02  9.82855581e-04 -4.19049991e-06  1.36914673e-01  3.25610543e-01 
 1.09536848e-02  9.48049487e-04 -4.47167606e-06  1.22612605e-01  3.28610543e-01 
 1.10536848e-02  9.26817971e-04 -4.75914503e-06  1.08291309e-01  3.31610543e-01 
 1.11536848e-02  9.30184619e-04 -5.03691542e-06  9.46760860e-02  3.34610543e-01 
 1.12536848e-02  9.74041226e-04 -5.28394400e-06  8.26669286e-02  3.37610543e-01 
 1.13536848e-02  1.08377048e-03 -5.48077706e-06  7.30457233e-02  3.40610543e-01 
 1.14536848e-02  1.32536851e-03 -5.62100346e-06  6.60054701e-02  3.43610543e-01 
 1.15536848e-02  1.95958319e-03 -5.73117114e-06  6.03205073e-02  3.46610543e-01 
 1.16315717e-02  3.18302633e-03 -5.85409270e-06  5.42953654e-02  3.48947150e-01 
 1.16988071e-02  5.21952595e-03 -6.02506988e-06  4.63253577e-02  3.50964214e-01 
 1.17324361e-02  6.65679452e-03 -6.11962082e-06  4.19768525e-02  3.51973083e-01 
 1.17587363e-02  7.97695991e-03 -6.18996400e-06  3.87447274e-02  3.52762088e-01 
 1.17827104e-02  9.33152146e-03 -6.25629708e-06  3.57144959e-02  3.53481313e-01 
 1.18049340e-02  1.07225702e-02 -6.31602009e-06  3.29886172e-02  3.54148021e-01 
 1.18364560e-02  1.29304009e-02 -6.39067264e-06  2.95588422e-02  3.55093680e-01 
 1.18905122e-02  1.73348439e-02 -6.48035543e-06  2.53076532e-02  3.56715367e-01 
 1.19435803e-02  2.23073011e-02 -6.52116126e-06  2.31204024e-02  3.58307408e-01 
 1.19756720e-02  2.55692804e-02 -6.54514448e-06  2.18295929e-02  3.59270160e-01 
 1.20077449e-02  2.90173313e-02 -6.56712735e-06  2.06200613e-02  3.60232348e-01 
 1.20410277e-02  3.27939581e-02 -6.58019113e-06  1.97735284e-02  3.61230832e-01 
 1.20751281e-02  3.68573348e-02 -6.59316967e-06  1.89218894e-02  3.62253844e-01 
 1.21122764e-02  4.15155358e-02 -6.61098682e-06  1.78421905e-02  3.63368291e-01 
 1.21494472e-02  4.64427626e-02 -6.62873867e-06  1.67632451e-02  3.64483415e-01 
 1.21864375e-02  5.16178427e-02 -6.64115410e-06  1.59090185e-02  3.65593126e-01 
 1.22307371e-02  5.81514730e-02 -6.64908429e-06  1.51727468e-02  3.66922114e-01 
 1.23020190e-02  6.93604749e-02 -6.65044256e-06  1.44630114e-02  3.69060570e-01 
 1.24020190e-02  8.64260860e-02 -6.64054575e-06  1.39560653e-02  3.72060570e-01 
 1.25020190e-02  1.05027089e-01 -6.62533772e-06  1.36714593e-02  3.75060570e-01 
 1.26020190e-02  1.25225976e-01 -6.60888298e-06  1.34379098e-02  3.78060570e-01 
 1.27020190e-02  1.47136788e-01 -6.59184342e-06  1.32303726e-02  3.81060570e-01 
 1.28020190e-02  1.70892573e-01 -6.57453704e-06  1.30332587e-02  3.84060570e-01 
 1.29020190e-02  1.96638065e-01 -6.55688838e-06  1.28521846e-02  3.87060570e-01 
 1.30020190e-02  2.24526660e-01 -6.53904204e-06  1.26787985e-02  3.90060570e-01 
 1.31020190e-02  2.54705844e-01 -6.52090805e-06  1.25192927e-02  3.93060570e-01 
 1.32020190e-02  2.87187592e-01 -6.50249136e-06  1.23712200e-02  3.96060570e-01 
 1.33020190e-02  3.21292025e-01 -6.48345004e-06  1.22514744e-02  3.99060570e-01 
 1.33843924e-02  3.48954102e-01 -6.46722515e-06  1.21753433e-02  4.01531773e-01 
 1.34435778e-02  3.66905167e-01 -6.45544031e-06  1.21274282e-02  4.03307334e-01 
 1.35016667e-02  3.81288934e-01 -6.44438712e-06  1.20577473e-02  4.05050001e-01 
 1.35686733e-02  3.92917278e-01 -6.43236446e-06  1.19478561e-02  4.07060199e-01 
 1.36566316e-02  4.01493211e-01 -6.41677678e-06  1.17944088e-02  4.09698948e-01 
 1.37216786e-02  4.04865899e-01 -6.40475313e-06  1.17034213e-02  4.11650358e-01 
 1.37990130e-02  4.07738934e-01 -6.38998362e-06  1.16147997e-02  4.13970389e-01 
 1.38713201e-02  4.10026646e-01 -6.37595885e-06  1.15427018e-02  4.16139604e-01 
 1.39713201e-02  4.13042899e-01 -6.35640036e-06  1.14494506e-02  4.19139604e-01 
 1.40713201e-02  4.16011600e-01 -6.33667797e-06  1.13652827e-02  4.22139604e-01 
 1.41713201e-02  4.18963435e-01 -6.31682442e-06  1.12866672e-02  4.25139604e-01 
 1.42713201e-02  4.21900296e-01 -6.29682341e-06  1.12165100e-02  4.28139604e-01 
 1.43713201e-02  4.24822918e-01 -6.27669141e-06  1.11519944e-02  4.31139604e-01 
 1.44713201e-02  4.27731903e-01 -6.25641495e-06  1.10958895e-02  4.34139604e-01 
 1.45713201e-02  4.30627778e-01 -6.23600483e-06  1.10456382e-02  4.37139604e-01 
 1.46713201e-02  4.33510945e-01 -6.21545081e-06  1.10038562e-02  4.40139604e-01 
 1.47713201e-02  4.36381761e-01 -6.19475876e-06  1.09682160e-02  4.43139604e-01 
 1.48713201e-02  4.39240474e-01 -6.17392132e-06  1.09411954e-02  4.46139604e-01 
 1.49713201e-02  4.42087306e-01 -6.15294021e-06  1.09206634e-02  4.49139604e-01 
 1.50713201e-02  4.44922378e-01 -6.13181062e-06  1.09089748e-02  4.52139604e-01 
 1.51713201e-02  4.47745801e-01 -6.11053082e-06  1.09041662e-02  4.55139604e-01 
 1.52713201e-02  4.50557590e-01 -6.08909823e-06  1.09084815e-02  4.58139604e-01 
 1.53713201e-02  4.53357766e-01 -6.06750833e-06  1.09200990e-02  4.61139604e-01 
 1.54713201e-02  4.56146250e-01 -6.04576052e-06  1.09411621e-02  4.64139604e-01 
 1.55713201e-02  4.58922982e-01 -6.02384798e-06  1.09699679e-02  4.67139604e-01 
 1.56713201e-02  4.61687809e-01 -6.00177195e-06  1.10085677e-02  4.70139604e-01 
 1.57713201e-02  4.64440598e-01 -5.97952375e-06  1.10553577e-02  4.73139604e-01 
 1.58713201e-02  4.67181129e-01 -5.95710628e-06  1.11123041e-02  4.76139604e-01 
 1.59713201e-02  4.69909204e-01 -5.93450941e-06  1.11778850e-02  4.79139604e-01 
 1.60713201e-02  4.72624546e-01 -5.91173754e-06  1.12539871e-02  4.82139604e-01 
 1.61713201e-02  4.75326901e-01 -5.88877944e-06  1.13391562e-02  4.85139604e-01 
 1.62713201e-02  4.78015941e-01 -5.86564088e-06  1.14352046e-02  4.88139604e-01 
 1.63713201e-02  4.80691361e-01 -5.84230978e-06  1.15407331e-02  4.91139604e-01 
 1.64713201e-02  4.83352790e-01 -5.81879321e-06  1.16574841e-02  4.94139604e-01 
 1.65713201e-02  4.85999881e-01 -5.79507844e-06  1.17841032e-02  4.97139604e-01 
 1.66713201e-02  4.88632229e-01 -5.77117372e-06  1.19222672e-02  5.00139604e-01 
 1.67713201e-02  4.91249449e-01 -5.74706589e-06  1.20706568e-02  5.03139604e-01 
 1.68713201e-02  4.93851109e-01 -5.72276426e-06  1.22308877e-02  5.06139604e-01 
 1.69713201e-02  4.96436797e-01 -5.69825542e-06  1.24016678e-02  5.09139604e-01 
 1.70713201e-02  4.99006066e-01 -5.67354964e-06  1.25845551e-02  5.12139604e-01 
 1.71713201e-02  5.01558480e-01 -5.64863338e-06  1.27782777e-02  5.15139604e-01 
 1.72713201e-02  5.04093589e-01 -5.62351779e-06  1.29843396e-02  5.18139604e-01 
 1.73713201e-02  5.06610947e-01 -5.59818933e-06  1.32014824e-02  5.21139604e-01 
 1.74713201e-02  5.09110109e-01 -5.57265993e-06  1.34311592e-02  5.24139604e-01 
 1.75713201e-02  5.11590628e-01 -5.54691616e-06  1.36721197e-02  5.27139604e-01 
 1.76713201e-02  5.14052079e-01 -5.52097067e-06  1.39257685e-02  5.30139604e-01 
 1.77713201e-02  5.16494028e-01 -5.49481022e-06  1.41908585e-02  5.33139604e-01 
 1.78713201e-02  5.18916079e-01 -5.46844808e-06  1.44687481e-02  5.36139604e-01 
 1.79713201e-02  5.21317824e-01 -5.44187129e-06  1.47581887e-02  5.39139604e-01 
 1.80713201e-02  5.23698910e-01 -5.41509368e-06  1.50604955e-02  5.42139604e-01 
 1.81713201e-02  5.26058949e-01 -5.38810260e-06  1.53744145e-02  5.45139604e-01 
 1.82713201e-02  5.28397678e-01 -5.36091239e-06  1.57012193e-02  5.48139604e-01 
 1.83713201e-02  5.30714762e-01 -5.33351074e-06  1.60396475e-02  5.51139604e-01 
 1.84713201e-02  5.33009965e-01 -5.30591240e-06  1.63909353e-02  5.54139604e-01 
 1.85713201e-02  5.35283031e-01 -5.27810542e-06  1.67538100e-02  5.57139604e-01 
 1.86713201e-02  5.37533802e-01 -5.25010484e-06  1.71294735e-02  5.60139604e-01 
 1.87713201e-02  5.39762085e-01 -5.22189903e-06  1.75166435e-02  5.63139604e-01 
 1.88713201e-02  5.41967809e-01 -5.19350321e-06  1.79164943e-02  5.66139604e-01 
 1.89713201e-02  5.44150850e-01 -5.16490592e-06  1.83277392e-02  5.69139604e-01 
 1.90713201e-02  5.46311222e-01 -5.13612224e-06  1.87515379e-02  5.72139604e-01 
 1.91713201e-02  5.48448868e-01 -5.10714057e-06  1.91866159e-02  5.75139604e-01 
 1.92713201e-02  5.50563878e-01 -5.07797519e-06  1.96341516e-02  5.78139604e-01 
 1.93713201e-02  5.52656245e-01 -5.04861334e-06  2.00929345e-02  5.81139604e-01 
 1.94713201e-02  5.54726096e-01 -5.01906668e-06  2.05642567e-02  5.84139604e-01 
 1.95713201e-02  5.56773411e-01 -4.98931808e-06  2.10471380e-02  5.87139604e-01 
 1.96713201e-02  5.58798236e-01 -4.95937078e-06  2.15432937e-02  5.90139604e-01 
 1.97713201e-02  5.60800307e-01 -4.92919245e-06  2.20525486e-02  5.93139604e-01 
 1.98713201e-02  5.62779158e-01 -4.89875734e-06  2.25781383e-02  5.96139604e-01 
 1.99713201e-02  5.64733447e-01 -4.86797850e-06  2.31228114e-02  5.99139604e-01 
 2.00713201e-02  5.66660561e-01 -4.83672486e-06  2.36954422e-02  6.02139604e-01 
 2.01713201e-02  5.68554904e-01 -4.80470843e-06  2.43096462e-02  6.05139604e-01 
 2.02713201e-02  5.70405790e-01 -4.77142509e-06  2.49945730e-02  6.08139604e-01 
 2.03713201e-02  5.72193496e-01 -4.73595568e-06  2.57984830e-02  6.11139604e-01 
 2.04713201e-02  5.73886482e-01 -4.69690501e-06  2.68001582e-02  6.14139604e-01 
 2.05713201e-02  5.75446300e-01 -4.65267387e-06  2.80877018e-02  6.17139604e-01 
 2.06713201e-02  5.76844642e-01 -4.60230904e-06  2.97203429e-02  6.20139604e-01 
 2.07713201e-02  5.78079730e-01 -4.54615709e-06  3.16843054e-02  6.23139604e-01 
 2.08713201e-02  5.79173841e-01 -4.48561738e-06  3.39113942e-02  6.26139604e-01 
 2.09713201e-02  5.80155192e-01 -4.42220252e-06  3.63215514e-02  6.29139604e-01 
 2.10713201e-02  5.81048366e-01 -4.35713914e-06  3.88521285e-02  6.32139604e-01 
 2.11713201e-02  5.81870167e-01 -4.29120533e-06  4.14601347e-02  6.35139604e-01 
 2.12713201e-02  5.82632791e-01 -4.22493353e-06  4.41189541e-02  6.38139604e-01 
 2.13713201e-02  5.83343759e-01 -4.15861116e-06  4.68114281e-02  6.41139604e-01 
 2.14713201e-02  5.84009261e-01 -4.09246165e-06  4.95272935e-02  6.44139604e-01 
 2.15713201e-02  5.84633052e-01 -4.02658406e-06  5.22594539e-02  6.47139604e-01 
 2.16713201e-02  5.85219016e-01 -3.96108718e-06  5.50037566e-02  6.50139604e-01 
 2.17713201e-02  5.85769447e-01 -3.89599982e-06  5.77569022e-02  6.53139604e-01 
 2.18713201e-02  5.86287301e-01 -3.83138610e-06  6.05171190e-02  6.56139604e-01 
 2.19713201e-02  5.86774248e-01 -3.76724664e-06  6.32826517e-02  6.59139604e-01 
 2.20713201e-02  5.87232812e-01 -3.70362644e-06  6.60527413e-02  6.62139604e-01 
 2.21713201e-02  5.87664344e-01 -3.64051383e-06  6.88263200e-02  6.65139604e-01 
 2.22713201e-02  5.88071114e-01 -3.57794469e-06  7.16030995e-02  6.68139604e-01 
 2.23713201e-02  5.88454267e-01 -3.51590162e-06  7.43823456e-02  6.71139604e-01 
 2.24713201e-02  5.88815879e-01 -3.45441574e-06  7.71640062e-02  6.74139604e-01 
 2.25713201e-02  5.89156923e-01 -3.39346681e-06  7.99475219e-02  6.77139604e-01 
 2.26713201e-02  5.89479298e-01 -3.33308320e-06  8.27329673e-02  6.80139604e-01 
 2.27713201e-02  5.89783815e-01 -3.27324326e-06  8.55198811e-02  6.83139604e-01 
 2.28713201e-02  5.90072198e-01 -3.21397362e-06  8.83084094e-02  6.86139604e-01 
 2.29713201e-02  5.90345099e-01 -3.15525192e-06  9.10981496e-02  6.89139604e-01 
 2.30713201e-02  5.90604068e-01 -3.09710361e-06  9.38892897e-02  6.92139604e-01 
 2.31713201e-02  5.90849611e-01 -3.03950601e-06  9.66814647e-02  6.95139604e-01 
 2.32713201e-02  5.91083117e-01 -2.98248370e-06  9.94748878e-02  6.98139604e-01 
 2.33713201e-02  5.91304962e-01 -2.92601390e-06  1.02269219e-01  7.01139604e-01 
 2.34713201e-02  5.91516404e-01 -2.87012048e-06  1.05064687e-01  7.04139604e-01 
 2.35713201e-02  5.91717733e-01 -2.81478071e-06  1.07860970e-01  7.07139604e-01 
 2.36713201e-02  5.91910117e-01 -2.76001788e-06  1.10658306e-01  7.10139604e-01 
 2.37713201e-02  5.92093806e-01 -2.70580936e-06  1.13456387e-01  7.13139604e-01 
 2.38713201e-02  5.92269928e-01 -2.65217794e-06  1.16255455e-01  7.16139604e-01 
 2.39713201e-02  5.92438737e-01 -2.59910116e-06  1.19055214e-01  7.19139604e-01 
 2.40713201e-02  5.92601344e-01 -2.54660135e-06  1.21855908e-01  7.22139604e-01 
 2.41713201e-02  5.92758011e-01 -2.49465623e-06  1.24657250e-01  7.25139604e-01 
 2.42713201e-02  5.92909817e-01 -2.44328773e-06  1.27459486e-01  7.28139604e-01 
 2.43713201e-02  5.93056996e-01 -2.39247378e-06  1.30262334e-01  7.31139604e-01 
 2.44713201e-02  5.93200545e-01 -2.34223591e-06  1.33066043e-01  7.34139604e-01 
 2.45713201e-02  5.93340622e-01 -2.29255229e-06  1.35870335e-01  7.37139604e-01 
 2.46713201e-02  5.93478099e-01 -2.24344406e-06  1.38675458e-01  7.40139604e-01 
 2.47713201e-02  5.93613027e-01 -2.19488962e-06  1.41481143e-01  7.43139604e-01 
 2.48713201e-02  5.93746143e-01 -2.14690978e-06  1.44287632e-01  7.46139604e-01 
 2.49713201e-02  5.93877394e-01 -2.09948316e-06  1.47094663e-01  7.49139604e-01 
 2.50713201e-02  5.94007394e-01 -2.05263021e-06  1.49902478e-01  7.52139604e-01 
 2.51713201e-02  5.94136010e-01 -2.00632983e-06  1.52710817e-01  7.55139604e-01 
 2.52713201e-02  5.94263757e-01 -1.96060209e-06  1.55519920e-01  7.58139604e-01 
 2.53713201e-02  5.94390448e-01 -1.91542616e-06  1.58329533e-01  7.61139604e-01 
 2.54713201e-02  5.94516525e-01 -1.87082175e-06  1.61139893e-01  7.64139604e-01 
 2.55713201e-02  5.94641770e-01 -1.82676829e-06  1.63950751e-01  7.67139604e-01 
 2.56713201e-02  5.94766570e-01 -1.78328516e-06  1.66762340e-01  7.70139604e-01 
 2.57713201e-02  5.94890691e-01 -1.74035202e-06  1.69574415e-01  7.73139604e-01 
 2.58713201e-02  5.95014483e-01 -1.69798792e-06  1.72387207e-01  7.76139604e-01 
 2.59713201e-02  5.95137704e-01 -1.65617276e-06  1.75200475e-01  7.79139604e-01 
 2.60713201e-02  5.95260675e-01 -1.61492527e-06  1.78014447e-01  7.82139604e-01 
 2.61713201e-02  5.95383154e-01 -1.57422557e-06  1.80828886e-01  7.85139604e-01 
 2.62713201e-02  5.95505441e-01 -1.53409206e-06  1.83644017e-01  7.88139604e-01 
 2.63713201e-02  5.95627299e-01 -1.49450509e-06  1.86459608e-01  7.91139604e-01 
 2.64713201e-02  5.95749007e-01 -1.45548271e-06  1.89275879e-01  7.94139604e-01 
 2.65713201e-02  5.95870338e-01 -1.41700553e-06  1.92092601e-01  7.97139604e-01 
 2.66713201e-02  5.95991554e-01 -1.37909123e-06  1.94909995e-01  8.00139604e-01 
 2.67713201e-02  5.96112436e-01 -1.34172064e-06  1.97727833e-01  8.03139604e-01 
 2.68713201e-02  5.96233234e-01 -1.30491109e-06  2.00546331e-01  8.06139604e-01 
 2.69713201e-02  5.96353737e-01 -1.26864363e-06  2.03365269e-01  8.09139604e-01 
 2.70713201e-02  5.96474185e-01 -1.23293523e-06  2.06184858e-01  8.12139604e-01 
 2.71713201e-02  5.96594376e-01 -1.19776714e-06  2.09004880e-01  8.15139604e-01 
 2.72713201e-02  5.96714537e-01 -1.16315597e-06  2.11825545e-01  8.18139604e-01 
 2.73713201e-02  5.96834478e-01 -1.12908315e-06  2.14646638e-01  8.21139604e-01 
 2.74713201e-02  5.96954416e-01 -1.09556494e-06  2.17468367e-01  8.24139604e-01 
 2.75713201e-02  5.97074171e-01 -1.06258294e-06  2.20290517e-01  8.27139604e-01 
 2.76713201e-02  5.97193951e-01 -1.03015302e-06  2.23113297e-01  8.30139604e-01 
 2.77713201e-02  5.97313584e-01 -9.98256962e-07  2.25936493e-01  8.33139604e-01 
 2.78713201e-02  5.97433270e-01 -9.66910239e-07  2.28760312e-01  8.36139604e-01 
 2.79713201e-02  5.97552849e-01 -9.36094789e-07  2.31584544e-01  8.39139604e-01 
 2.80713201e-02  5.97672512e-01 -9.05825690e-07  2.34409391e-01  8.42139604e-01 
 2.81713201e-02  5.97792108e-01 -8.76085018e-07  2.37234648e-01  8.45139604e-01 
 2.82713201e-02  5.97911821e-01 -8.46887446e-07  2.40060513e-01  8.48139604e-01 
 2.83713201e-02  5.98031508e-01 -8.18215176e-07  2.42886785e-01  8.51139604e-01 
 2.84713201e-02  5.98151348e-01 -7.90082466e-07  2.45713660e-01  8.54139604e-01 
 2.85713201e-02  5.98271208e-01 -7.62471628e-07  2.48540937e-01  8.57139604e-01 
 2.86713201e-02  5.98391259e-01 -7.35396497e-07  2.51368813e-01  8.60139604e-01 
 2.87713201e-02  5.98511377e-01 -7.08839479e-07  2.54197088e-01  8.63139604e-01 
 2.88713201e-02  5.98631727e-01 -6.82813981e-07  2.57025957e-01  8.66139604e-01 
 2.89713201e-02  5.98752196e-01 -6.57302486e-07  2.59855221e-01  8.69139604e-01 
 2.90713201e-02  5.98872942e-01 -6.32317962e-07  2.62685075e-01  8.72139604e-01 
 2.91713201e-02  5.98993861e-01 -6.07842956e-07  2.65515322e-01  8.75139604e-01 
 2.92713201e-02  5.99115107e-01 -5.83889989e-07  2.68346154e-01  8.78139604e-01 
 2.93713201e-02  5.99236585e-01 -5.60441658e-07  2.71177377e-01  8.81139604e-01 
 2.94713201e-02  5.99358442e-01 -5.37510028e-07  2.74009180e-01  8.84139604e-01 
 2.95713201e-02  5.99480594e-01 -5.15077728e-07  2.76841372e-01  8.87139604e-01 
 2.96713201e-02  5.99603185e-01 -4.93156363e-07  2.79674141e-01  8.90139604e-01 
 2.97713201e-02  5.99726137e-01 -4.71728578e-07  2.82507296e-01  8.93139604e-01 
 2.98713201e-02  5.99849591e-01 -4.50805509e-07  2.85341025e-01  8.96139604e-01 
 2.99713201e-02  5.99973480e-01 -4.30369805e-07  2.88175138e-01  8.99139604e-01 
 3.00713201e-02  6.00097940e-01 -4.10432123e-07  2.91009820e-01  9.02139604e-01 
 3.01713201e-02  6.00222913e-01 -3.90975096e-07  2.93844886e-01  9.05139604e-01 
 3.02713201e-02  6.00348532e-01 -3.72008903e-07  2.96680518e-01  9.08139604e-01 
 3.03713201e-02  6.00474748e-01 -3.53516144e-07  2.99516531e-01  9.11139604e-01 
 3.04713201e-02  6.00601692e-01 -3.35506508e-07  3.02353106e-01  9.14139604e-01 
 3.05713201e-02  6.00729325e-01 -3.17962546e-07  3.05190062e-01  9.17139604e-01 
 3.06713201e-02  6.00857773e-01 -3.00893453e-07  3.08027576e-01  9.20139604e-01 
 3.07713201e-02  6.00987009e-01 -2.84281715e-07  3.10865469e-01  9.23139604e-01 
 3.08713201e-02  6.01117157e-01 -2.68136025e-07  3.13703918e-01  9.26139604e-01 
 3.09713201e-02  6.01248197e-01 -2.52438784e-07  3.16542742e-01  9.29139604e-01 
 3.10713201e-02  6.01380253e-01 -2.37198180e-07  3.19382120e-01  9.32139604e-01 
 3.11713201e-02  6.01513316e-01 -2.22396513e-07  3.22221872e-01  9.35139604e-01 
 3.12713201e-02  6.01647507e-01 -2.08041459e-07  3.25062173e-01  9.38139604e-01 
 3.13713201e-02  6.01782827e-01 -1.94115200e-07  3.27902846e-01  9.41139604e-01 
 3.14713201e-02  6.01919397e-01 -1.80624896e-07  3.30744066e-01  9.44139604e-01 
 3.15713201e-02  6.02057227e-01 -1.67552594e-07  3.33585654e-01  9.47139604e-01 
 3.16713201e-02  6.02196438e-01 -1.54904938e-07  3.36427785e-01  9.50139604e-01 
 3.17713201e-02  6.02337051e-01 -1.42663823e-07  3.39270283e-01  9.53139604e-01 
 3.18713201e-02  6.02479186e-01 -1.30835376e-07  3.42113319e-01  9.56139604e-01 
 3.19713201e-02  6.02622873e-01 -1.19401329e-07  3.44956717e-01  9.59139604e-01 
 3.20713201e-02  6.02768234e-01 -1.08367293e-07  3.47800650e-01  9.62139604e-01 
 3.21713201e-02  6.02915309e-01 -9.77148292e-08  3.50644942e-01  9.65139604e-01 
 3.22713201e-02  6.03064218e-01 -8.74490367e-08  3.53489763e-01  9.68139604e-01 
 3.23713201e-02  6.03215015e-01 -7.75512981e-08  3.56334938e-01  9.71139604e-01 
 3.24713201e-02  6.03367818e-01 -6.80262124e-08  3.59180636e-01  9.74139604e-01 
 3.25713201e-02  6.03522693e-01 -5.88549809e-08  3.62026683e-01  9.77139604e-01 
 3.26713201e-02  6.03679758e-01 -5.00417166e-08  3.64873247e-01  9.80139604e-01 
 3.27713201e-02  6.03839089e-01 -4.15674423e-08  3.67720152e-01  9.83139604e-01 
 3.28713201e-02  6.04000806e-01 -3.34358039e-08  3.70567567e-01  9.86139604e-01 
 3.29713201e-02  6.04164994e-01 -2.56276537e-08  3.73415315e-01  9.89139604e-01 
 3.30713201e-02  6.04331774e-01 -1.81461960e-08  3.76263564e-01  9.92139604e-01 
 3.31713201e-02  6.04501243e-01 -1.09721255e-08  3.79112137e-01  9.95139604e-01 
 3.32713201e-02  6.04673520e-01 -4.10823706e-09  3.81961199e-01  9.98139604e-01 
 3.33713201e-02  6.04848713e-01  2.46490912e-09  3.84810574e-01  1.00113960e+00 
 3.34713201e-02  6.05026941e-01  8.74491765e-09  3.87660426e-01  1.00413960e+00 
 3.35713201e-02  6.05208323e-01  1.47513475e-08  3.90510577e-01  1.00713960e+00 
 3.36713201e-02  6.05392978e-01  2.04821130e-08  3.93361189e-01  1.01013960e+00 
 3.37713201e-02  6.05581032e-01  2.59568608e-08  3.96212083e-01  1.01313960e+00 
 3.38713201e-02  6.05772605e-01  3.11737959e-08  3.99063419e-01  1.01613960e+00 
 3.39713201e-02  6.05967833e-01  3.61526187e-08  4.01915017e-01  1.01913960e+00 
 3.40713201e-02  6.06166831e-01  4.08917703e-08  4.04767033e-01  1.02213960e+00 
 3.41713201e-02  6.06369747e-01  4.54109657e-08  4.07619284e-01  1.02513960e+00 
 3.42713201e-02  6.06576694e-01  4.97088249e-08  4.10471925e-01  1.02813960e+00 
 3.43713201e-02  6.06787826e-01  5.38050345e-08  4.13324766e-01  1.03113960e+00 
 3.44713201e-02  6.07003253e-01  5.76983309e-08  4.16177958e-01  1.03413960e+00 
 3.45713201e-02  6.07223140e-01  6.14083251e-08  4.19031306e-01  1.03713960e+00 
 3.46713201e-02  6.07447591e-01  6.49338022e-08  4.21884954e-01  1.04013960e+00 
 3.47713201e-02  6.07676780e-01  6.82942473e-08  4.24738696e-01  1.04313960e+00 
 3.48713201e-02  6.07910808e-01  7.14884223e-08  4.27592666e-01  1.04613960e+00 
 3.49713201e-02  6.08149862e-01  7.45356352e-08  4.30446642e-01  1.04913960e+00 
 3.50713201e-02  6.08394040e-01  7.74345534e-08  4.33300738e-01  1.05213960e+00 
 3.51713201e-02  6.08643546e-01  8.02042625e-08  4.36154704e-01  1.05513960e+00 
 3.52713201e-02  6.08898488e-01  8.28432750e-08  4.39008618e-01  1.05813960e+00 
 3.53713201e-02  6.09159103e-01  8.53704351e-08  4.41862170e-01  1.06113960e+00 
 3.54713201e-02  6.09425532e-01  8.77840845e-08  4.44715360e-01  1.06413960e+00 
 3.55713201e-02  6.09698094e-01  9.01028974e-08  4.47567739e-01  1.06713960e+00 
 3.56713201e-02  6.09977058e-01  9.23252095e-08  4.50419078e-01  1.07013960e+00 
 3.57713201e-02  6.10263010e-01  9.44699738e-08  4.53268500e-01  1.07313960e+00 
 3.58713201e-02  6.10556775e-01  9.65366108e-08  4.56114882e-01  1.07613960e+00 
 3.59713201e-02  6.10860484e-01  9.85477576e-08  4.58954944e-01  1.07913960e+00 
 3.60713201e-02  6.11180970e-01  1.00518552e-07  4.61778249e-01  1.08213960e+00 
 3.61350081e-02  6.11415669e-01  1.01821140e-07  4.63533698e-01  1.08405024e+00 
 3.61623038e-02  6.11593452e-01  1.02576886e-07  4.64165539e-01  1.08486911e+00 
 3.61735321e-02  6.11744833e-01  1.03105446e-07  4.64300802e-01  1.08520596e+00 
 3.61785460e-02  6.11825158e-01  1.03365288e-07  4.64347217e-01  1.08535638e+00 
 3.61824192e-02  6.11882491e-01  1.03561914e-07  4.64386910e-01  1.08547258e+00 
 3.61869375e-02  6.11952601e-01  1.03793385e-07  4.64430116e-01  1.08560812e+00 
 3.61912685e-02  6.12018984e-01  1.04017718e-07  4.64472421e-01  1.08573806e+00 
 3.61967483e-02  6.12103430e-01  1.04298572e-07  4.64525314e-01  1.08590245e+00 
 3.62031749e-02  6.12202597e-01  1.04632973e-07  4.64587352e-01  1.08609525e+00 
 3.62144914e-02  6.12377237e-01  1.05217814e-07  4.64696534e-01  1.08643474e+00 
 3.62254422e-02  6.12546589e-01  1.05790128e-07  4.64801973e-01  1.08676327e+00 
 3.62440063e-02  6.12833801e-01  1.06758887e-07  4.64980827e-01  1.08732019e+00 
 3.62715460e-02  6.13260946e-01  1.08212145e-07  4.65245700e-01  1.08814638e+00 
 3.63192953e-02  6.14003616e-01  1.10755721e-07  4.65704693e-01  1.08957886e+00 
 3.63988699e-02  6.15248160e-01  1.15086885e-07  4.66467924e-01  1.09196610e+00 
 3.64988699e-02  6.16823931e-01  1.20681751e-07  4.67425017e-01  1.09496610e+00 
 3.65988699e-02  6.18413581e-01  1.26462069e-07  4.68379515e-01  1.09796610e+00 
 3.66988699e-02  6.20017130e-01  1.32425056e-07  4.69332124e-01  1.10096610e+00 
 3.67988699e-02  6.21635314e-01  1.38586257e-07  4.70282569e-01  1.10396610e+00 
 3.68988699e-02  6.23268172e-01  1.44942800e-07  4.71231598e-01  1.10696610e+00 
 3.69988699e-02  6.24916425e-01  1.51510259e-07  4.72178916e-01  1.10996610e+00 
 3.70988699e-02  6.26580123e-01  1.58285630e-07  4.73125306e-01  1.11296610e+00 
 3.71988699e-02  6.28259972e-01  1.65284477e-07  4.74070453e-01  1.11596610e+00 
 3.72988699e-02  6.29956029e-01  1.72503615e-07  4.75015165e-01  1.11896610e+00 
 3.73988699e-02  6.31668981e-01  1.79958563e-07  4.75959109e-01  1.12196610e+00 
 3.74988699e-02  6.33398887e-01  1.87645913e-07  4.76903105e-01  1.12496610e+00 
 3.75988699e-02  6.35146413e-01  1.95581103e-07  4.77846802e-01  1.12796610e+00 
 3.76988699e-02  6.36911614e-01  2.03760460e-07  4.78791024e-01  1.13096610e+00 
 3.77988699e-02  6.38695132e-01  2.12199299e-07  4.79735398e-01  1.13396610e+00 
 3.78988699e-02  6.40497014e-01  2.20893628e-07  4.80680743e-01  1.13696610e+00 
 3.79988699e-02  6.42317862e-01  2.29858560e-07  4.81626677e-01  1.13996610e+00 
 3.80988699e-02  6.44157712e-01  2.39089744e-07  4.82574001e-01  1.14296610e+00 
 3.81988699e-02  6.46017183e-01  2.48602320e-07  4.83522237e-01  1.14596610e+00 
 3.82988699e-02  6.47896278e-01  2.58391460e-07  4.84472184e-01  1.14896610e+00 
 3.83988699e-02  6.49795554e-01  2.68471935e-07  4.85423371e-01  1.15196610e+00 
 3.84988699e-02  6.51714997e-01  2.78838472e-07  4.86376554e-01  1.15496610e+00 
 3.85988699e-02  6.53655131e-01  2.89505573e-07  4.87331224e-01  1.15796610e+00 
 3.86988699e-02  6.55615921e-01  3.00467466e-07  4.88288084e-01  1.16096610e+00 
 3.87988699e-02  6.57597852e-01  3.11738329e-07  4.89246587e-01  1.16396610e+00 
 3.88988699e-02  6.59600863e-01  3.23311832e-07  4.90207381e-01  1.16696610e+00 
 3.89988699e-02  6.61625400e-01  3.35201785e-07  4.91169874e-01  1.16996610e+00 
 3.90988699e-02  6.63671371e-01  3.47401255e-07  4.92134651e-01  1.17296610e+00 
 3.91988699e-02  6.65739183e-01  3.59923652e-07  4.93101078e-01  1.17596610e+00 
 3.92988699e-02  6.67828713e-01  3.72761400e-07  4.94069667e-01  1.17896610e+00 
 3.93988699e-02  6.69940326e-01  3.85927488e-07  4.95039740e-01  1.18196610e+00 
 3.94988699e-02  6.72073869e-01  3.99413672e-07  4.96011734e-01  1.18496610e+00 
 3.95988699e-02  6.74229665e-01  4.13232508e-07  4.96984924e-01  1.18796610e+00 
 3.96988699e-02  6.76407529e-01  4.27375070e-07  4.97959670e-01  1.19096610e+00 
 3.97988699e-02  6.78607747e-01  4.41853489e-07  4.98935201e-01  1.19396610e+00 
 3.98988699e-02  6.80830103e-01  4.56658158e-07  4.99911795e-01  1.19696610e+00 
 3.99988699e-02  6.83074846e-01  4.71800802e-07  5.00888641e-01  1.19996610e+00 
 4.00988699e-02  6.85341731e-01  4.87271148e-07  5.01865936e-01  1.20296610e+00 
 4.01988699e-02  6.87630974e-01  5.03080544e-07  5.02842827e-01  1.20596610e+00 
 4.02988699e-02  6.89942301e-01  5.19218086e-07  5.03819433e-01  1.20896610e+00 
 4.03988699e-02  6.92275901e-01  5.35694788e-07  5.04794869e-01  1.21196610e+00 
 4.04988699e-02  6.94631476e-01  5.52499155e-07  5.05769176e-01  1.21496610e+00 
 4.05988699e-02  6.97009187e-01  5.69641925e-07  5.06741440e-01  1.21796610e+00 
 4.06988699e-02  6.99408717e-01  5.87111060e-07  5.07711636e-01  1.22096610e+00 
 4.07988699e-02  7.01830207e-01  6.04917083e-07  5.08678831e-01  1.22396610e+00 
 4.08988699e-02  7.04273320e-01  6.23047473e-07  5.09642938e-01  1.22696610e+00 
 4.09988699e-02  7.06738181e-01  6.41512602e-07  5.10603019e-01  1.22996610e+00 
 4.10988699e-02  7.09224439e-01  6.60299524e-07  5.11558938e-01  1.23296610e+00 
 4.11988699e-02  7.11732204e-01  6.79418520e-07  5.12509770e-01  1.23596610e+00 
 4.12988699e-02  7.14261115e-01  6.98856268e-07  5.13455350e-01  1.23896610e+00 
 4.13988699e-02  7.16811269e-01  7.18623006e-07  5.14394787e-01  1.24196610e+00 
 4.14988699e-02  7.19382294e-01  7.38705067e-07  5.15327914e-01  1.24496610e+00 
 4.15988699e-02  7.21974275e-01  7.59112671e-07  5.16253905e-01  1.24796610e+00 
 4.16988699e-02  7.24586830e-01  7.79831807e-07  5.17172629e-01  1.25096610e+00 
 4.17988699e-02  7.27220031e-01  8.00872658e-07  5.18083365e-01  1.25396610e+00 
 4.18988699e-02  7.29873479e-01  8.22220832e-07  5.18986060e-01  1.25696610e+00 
 4.19988699e-02  7.32547230e-01  8.43886405e-07  5.19880149e-01  1.25996610e+00 
 4.20988699e-02  7.35240864e-01  8.65854514e-07  5.20765711e-01  1.26296610e+00 
 4.21988699e-02  7.37954412e-01  8.88135021e-07  5.21642387e-01  1.26596610e+00 
 4.22988699e-02  7.40687425e-01  9.10712459e-07  5.22510439e-01  1.26896610e+00 
 4.23988699e-02  7.43439905e-01  9.33596331e-07  5.23369760e-01  1.27196610e+00 
 4.24988699e-02  7.46211365e-01  9.56770438e-07  5.24220834e-01  1.27496610e+00 
 4.25988699e-02  7.49001770e-01  9.80243800e-07  5.25063830e-01  1.27796610e+00 
 4.26988699e-02  7.51810592e-01  1.00399939e-06  5.25899467e-01  1.28096610e+00 
 4.27988699e-02  7.54637756e-01  1.02804570e-06  5.26728181e-01  1.28396610e+00 
 4.28988699e-02  7.57482694e-01  1.05236489e-06  5.27550901e-01  1.28696610e+00 
 4.29988699e-02  7.60345293e-01  1.07696496e-06  5.28368283e-01  1.28996610e+00 
 4.30988699e-02  7.63224949e-01  1.10182737e-06  5.29181413e-01  1.29296610e+00 
 4.31988699e-02  7.66121522e-01  1.12695982e-06  5.29991088e-01  1.29596610e+00 
 4.32988699e-02  7.69034380e-01  1.15234329e-06  5.30798468e-01  1.29896610e+00 
 4.33988699e-02  7.71963366e-01  1.17798534e-06  5.31604409e-01  1.30196610e+00 
 4.34988699e-02  7.74907833e-01  1.20386671e-06  5.32410062e-01  1.30496610e+00 
 4.35988699e-02  7.77867620e-01  1.22999507e-06  5.33216260e-01  1.30796610e+00 
 4.36988699e-02  7.80842071e-01  1.25635108e-06  5.34024084e-01  1.31096610e+00 
 4.37988699e-02  7.83831031e-01  1.28294265e-06  5.34834284e-01  1.31396610e+00 
 4.38988699e-02  7.86833846e-01  1.30975050e-06  5.35647833e-01  1.31696610e+00 
 4.39988699e-02  7.89850371e-01  1.33678287e-06  5.36465366e-01  1.31996610e+00 
 4.40988699e-02  7.92879958e-01  1.36402058e-06  5.37287728e-01  1.32296610e+00 
 4.41988699e-02  7.95922475e-01  1.39147221e-06  5.38115431e-01  1.32596610e+00 
 4.42988699e-02  7.98977281e-01  1.41911869e-06  5.38949195e-01  1.32896610e+00 
 4.43988699e-02  8.02044261e-01  1.44696892e-06  5.39789414e-01  1.33196610e+00 
 4.44988699e-02  8.05122778e-01  1.47500393e-06  5.40636693e-01  1.33496610e+00 
 4.45988699e-02  8.08212733e-01  1.50323289e-06  5.41491323e-01  1.33796610e+00 
 4.46988699e-02  8.11313492e-01  1.53163688e-06  5.42353813e-01  1.34096610e+00 
 4.47988699e-02  8.14424968e-01  1.56022531e-06  5.43224364e-01  1.34396610e+00 
 4.48988699e-02  8.17546532e-01  1.58897930e-06  5.44103407e-01  1.34696610e+00 
 4.49988699e-02  8.20678106e-01  1.61790843e-06  5.44991073e-01  1.34996610e+00 
 4.50988699e-02  8.23819060e-01  1.64699380e-06  5.45887731e-01  1.35296610e+00 
 4.51988699e-02  8.26969323e-01  1.67624518e-06  5.46793453e-01  1.35596610e+00 
 4.52988699e-02  8.30128262e-01  1.70564360e-06  5.47708564e-01  1.35896610e+00 
 4.53988699e-02  8.33295811e-01  1.73519894e-06  5.48633091e-01  1.36196610e+00 
 4.54988699e-02  8.36471330e-01  1.76489216e-06  5.49567323e-01  1.36496610e+00 
 4.55988699e-02  8.39654754e-01  1.79473323e-06  5.50511257e-01  1.36796610e+00 
 4.56988699e-02  8.42845433e-01  1.82470300e-06  5.51465156e-01  1.37096610e+00 
 4.57988699e-02  8.46043298e-01  1.85481149e-06  5.52428993e-01  1.37396610e+00 
 4.58988699e-02  8.49247686e-01  1.88503939e-06  5.53403015e-01  1.37696610e+00 
 4.59988699e-02  8.52458522e-01  1.91539673e-06  5.54387179e-01  1.37996610e+00 
 4.60988699e-02  8.55675120e-01  1.94586403e-06  5.55381723e-01  1.38296610e+00 
 4.61988699e-02  8.58897393e-01  1.97645126e-06  5.56386595e-01  1.38596610e+00 
 4.62988699e-02  8.62124630e-01  2.00713870e-06  5.57402033e-01  1.38896610e+00 
 4.63988699e-02  8.65356723e-01  2.03793626e-06  5.58427979e-01  1.39196610e+00 
 4.64988699e-02  8.68592926e-01  2.06882387e-06  5.59464675e-01  1.39496610e+00 
 4.65988699e-02  8.71833101e-01  2.09981129e-06  5.60512069e-01  1.39796610e+00 
 4.66988699e-02  8.75076459e-01  2.13087808e-06  5.61570412e-01  1.40096610e+00 
 4.67988699e-02  8.78322818e-01  2.16203373e-06  5.62639660e-01  1.40396610e+00 
 4.68988699e-02  8.81571335e-01  2.19325731e-06  5.63720085e-01  1.40696610e+00 
 4.69988699e-02  8.84821775e-01  2.22455794e-06  5.64811657e-01  1.40996610e+00 
 4.70988699e-02  8.88073228e-01  2.25591408e-06  5.65914673e-01  1.41296610e+00 
 4.71988699e-02  8.91325396e-01  2.28733431e-06  5.67029130e-01  1.41596610e+00 
 4.72988699e-02  8.94577290e-01  2.31879632e-06  5.68155358e-01  1.41896610e+00 
 4.73988699e-02  8.97828539e-01  2.35030798e-06  5.69293387e-01  1.42196610e+00 
 4.74988699e-02  9.01078065e-01  2.38184596e-06  5.70443594e-01  1.42496610e+00 
 4.75988699e-02  9.04325408e-01  2.41341723e-06  5.71606054e-01  1.42796610e+00 
 4.76988699e-02  9.07569381e-01  2.44499719e-06  5.72781202e-01  1.43096610e+00 
 4.77988699e-02  9.10809413e-01  2.47659158e-06  5.73969171e-01  1.43396610e+00 
 4.78988699e-02  9.14044176e-01  2.50817425e-06  5.75170466e-01  1.43696610e+00 
 4.79988699e-02  9.17272957e-01  2.53974942e-06  5.76385295e-01  1.43996610e+00 
 4.80988699e-02  9.20494252e-01  2.57128904e-06  5.77614248e-01  1.44296610e+00 
 4.81988699e-02  9.23707166e-01  2.60279548e-06  5.78857619e-01  1.44596610e+00 
 4.82988699e-02  9.26909985e-01  2.63423845e-06  5.80116100e-01  1.44896610e+00 
 4.83988699e-02  9.30101602e-01  2.66561817e-06  5.81390081e-01  1.45196610e+00 
 4.84988699e-02  9.33280061e-01  2.69690185e-06  5.82680363e-01  1.45496610e+00 
 4.85988699e-02  9.36444026e-01  2.72808738e-06  5.83987440e-01  1.45796610e+00 
 4.86988699e-02  9.39591287e-01  2.75913934e-06  5.85312221e-01  1.46096610e+00 
 4.87988699e-02  9.42720277e-01  2.79005330e-06  5.86655300e-01  1.46396610e+00 
 4.88988699e-02  9.45828551e-01  2.82079137e-06  5.88017682e-01  1.46696610e+00 
 4.89988699e-02  9.48914349e-01  2.85134716e-06  5.89400034e-01  1.46996610e+00 
 4.90988699e-02  9.51975045e-01  2.88168083e-06  5.90803429e-01  1.47296610e+00 
 4.91988699e-02  9.55008766e-01  2.91178482e-06  5.92228564e-01  1.47596610e+00 
 4.92988699e-02  9.58012805e-01  2.94161838e-06  5.93676525e-01  1.47896610e+00 
 4.93988699e-02  9.60985302e-01  2.97117403e-06  5.95147975e-01  1.48196610e+00 
 4.94988699e-02  9.63923614e-01  3.00041152e-06  5.96643944e-01  1.48496610e+00 
 4.95988699e-02  9.66826055e-01  3.02932510e-06  5.98164982e-01  1.48796610e+00 
 4.96988699e-02  9.69690210e-01  3.05787667e-06  5.99711985e-01  1.49096610e+00 
 4.97988699e-02  9.72514734e-01  3.08606391e-06  6.01285314e-01  1.49396610e+00 
 4.98988699e-02  9.75297592e-01  3.11385245e-06  6.02885661e-01  1.49696610e+00 
 4.99988699e-02  9.78037912e-01  3.14124473e-06  6.04513143e-01  1.49996610e+00 
 5.00988699e-02  9.80734142e-01  3.16821118e-06  6.06168208e-01  1.50296610e+00 
 5.01988699e-02  9.83385941e-01  3.19475964e-06  6.07850712e-01  1.50596610e+00 
 5.02988699e-02  9.85992246e-01  3.22086545e-06  6.09560865e-01  1.50896610e+00 
 5.03988699e-02  9.88553207e-01  3.24654147e-06  6.11298292e-01  1.51196610e+00 
 5.04988699e-02  9.91068137e-01  3.27176686e-06  6.13063031e-01  1.51496610e+00 
 5.05988699e-02  9.93537480e-01  3.29655757e-06  6.14854579e-01  1.51796610e+00 
 5.06988699e-02  9.95960628e-01  3.32089357e-06  6.16672955e-01  1.52096610e+00 
 5.07988699e-02  9.98337833e-01  3.34478904e-06  6.18517765e-01  1.52396610e+00 
 5.08988699e-02  1.00066775e+00  3.36821654e-06  6.20389404e-01  1.52696610e+00 
 5.09988699e-02  1.00294889e+00  3.39117283e-06  6.22288334e-01  1.52996610e+00 
 5.10988699e-02  1.00517572e+00  3.41358831e-06  6.24216971e-01  1.53296610e+00 
 5.11988699e-02  1.00733558e+00  3.43534695e-06  6.26181138e-01  1.53596610e+00 
 5.12988699e-02  1.00938309e+00  3.45597648e-06  6.28202323e-01  1.53896610e+00 
 5.13478541e-02  1.01029751e+00  3.46519543e-06  6.29235890e-01  1.54043562e+00 
 5.13810839e-02  1.01084407e+00  3.47070009e-06  6.29972709e-01  1.54143252e+00 
 5.14165645e-02  1.01133143e+00  3.47561349e-06  6.30805711e-01  1.54249694e+00 
 5.14487057e-02  1.01169322e+00  3.47925582e-06  6.31598469e-01  1.54346117e+00 
 5.14703558e-02  1.01191199e+00  3.48146421e-06  6.32144371e-01  1.54411068e+00 
 5.14949008e-02  1.01214531e+00  3.48381264e-06  6.32770336e-01  1.54484703e+00 
 5.15208819e-02  1.01238207e+00  3.48620292e-06  6.33437795e-01  1.54562646e+00 
 5.15523353e-02  1.01265777e+00  3.48897869e-06  6.34251140e-01  1.54657006e+00 
 5.15904772e-02  1.01298035e+00  3.49223445e-06  6.35243058e-01  1.54771432e+00 
 5.16311329e-02  1.01331177e+00  3.49557222e-06  6.36306385e-01  1.54893399e+00 
 5.16759776e-02  1.01366672e+00  3.49915469e-06  6.37484359e-01  1.55027933e+00 
 5.17167430e-02  1.01398250e+00  3.50233519e-06  6.38558562e-01  1.55150229e+00 
 5.17520114e-02  1.01425236e+00  3.50505998e-06  6.39489510e-01  1.55256034e+00 
 5.17871850e-02  1.01451835e+00  3.50773852e-06  6.40419547e-01  1.55361555e+00 
 5.18259649e-02  1.01480877e+00  3.51067098e-06  6.41446284e-01  1.55477895e+00 
 5.18781784e-02  1.01519435e+00  3.51455569e-06  6.42831423e-01  1.55634535e+00 
 5.19551058e-02  1.01575204e+00  3.52018390e-06  6.44877217e-01  1.55865318e+00 
 5.20551058e-02  1.01645731e+00  3.52729338e-06  6.47546294e-01  1.56165318e+00 
 5.21551058e-02  1.01714050e+00  3.53418813e-06  6.50226079e-01  1.56465318e+00 
 5.22551058e-02  1.01780059e+00  3.54084273e-06  6.52917144e-01  1.56765318e+00 
 5.23551058e-02  1.01843766e+00  3.54727297e-06  6.55619300e-01  1.57065318e+00 
 5.24551058e-02  1.01905078e+00  3.55345422e-06  6.58333081e-01  1.57365318e+00 
 5.25551058e-02  1.01964012e+00  3.55940329e-06  6.61058250e-01  1.57665318e+00 
 5.26551058e-02  1.02020488e+00  3.56509683e-06  6.63795284e-01  1.57965318e+00 
 5.27551058e-02  1.02074536e+00  3.57055304e-06  6.66543884e-01  1.58265318e+00 
 5.28551058e-02  1.02126092e+00  3.57575023e-06  6.69304450e-01  1.58565318e+00 
 5.29551058e-02  1.02175205e+00  3.58070826e-06  6.72076607e-01  1.58865318e+00 
 5.30551058e-02  1.02221827e+00  3.58540735e-06  6.74860669e-01  1.59165318e+00 
 5.31551058e-02  1.02266026e+00  3.58986926e-06  6.77656177e-01  1.59465318e+00 
 5.32551058e-02  1.02307777e+00  3.59407623e-06  6.80463353e-01  1.59765318e+00 
 5.33551058e-02  1.02347164e+00  3.59805201e-06  6.83281649e-01  1.60065318e+00 
 5.34551058e-02  1.02384182e+00  3.60178088e-06  6.86111195e-01  1.60365318e+00 
 5.35551058e-02  1.02418936e+00  3.60528847e-06  6.88951359e-01  1.60665318e+00 
 5.36551058e-02  1.02451439e+00  3.60856097e-06  6.91802187e-01  1.60965318e+00 
 5.37551058e-02  1.02481810e+00  3.61162564e-06  6.94662975e-01  1.61265318e+00 
 5.38551058e-02  1.02510081e+00  3.61447026e-06  6.97533697e-01  1.61565318e+00 
 5.39551058e-02  1.02536381e+00  3.61712339e-06  7.00413593e-01  1.61865318e+00 
 5.40551058e-02  1.02560755e+00  3.61957399e-06  7.03302586e-01  1.62165318e+00 
 5.41551058e-02  1.02583340e+00  3.62185144e-06  7.06199881e-01  1.62465318e+00 
 5.42551058e-02  1.02604187e+00  3.62394541e-06  7.09105370e-01  1.62765318e+00 
 5.43551058e-02  1.02623438e+00  3.62588565e-06  7.12018244e-01  1.63065318e+00 
 5.44551058e-02  1.02641145e+00  3.62766208e-06  7.14938387e-01  1.63365318e+00 
 5.45551058e-02  1.02657449e+00  3.62930435e-06  7.17864996e-01  1.63665318e+00 
 5.46551058e-02  1.02672403e+00  3.63080226e-06  7.20797963e-01  1.63965318e+00 
 5.47551058e-02  1.02686141e+00  3.63218499e-06  7.23736507e-01  1.64265318e+00 
 5.48551058e-02  1.02698712e+00  3.63344187e-06  7.26680545e-01  1.64565318e+00 
 5.49551058e-02  1.02710243e+00  3.63460136e-06  7.29629331e-01  1.64865318e+00 
 5.50551058e-02  1.02720776e+00  3.63565209e-06  7.32582814e-01  1.65165318e+00 
 5.51551058e-02  1.02730429e+00  3.63662165e-06  7.35540290e-01  1.65465318e+00 
 5.52551058e-02  1.02739237e+00  3.63749785e-06  7.38501746e-01  1.65765318e+00 
 5.53551058e-02  1.02747308e+00  3.63830731e-06  7.41466525e-01  1.66065318e+00 
 5.54551058e-02  1.02754668e+00  3.63903698e-06  7.44434655e-01  1.66365318e+00 
 5.55551058e-02  1.02761415e+00  3.63971249e-06  7.47405523e-01  1.66665318e+00 
 5.56551058e-02  1.02767567e+00  3.64031997e-06  7.50379197e-01  1.66965318e+00 
 5.57551058e-02  1.02773213e+00  3.64088410e-06  7.53355107e-01  1.67265318e+00 
 5.58551058e-02  1.02778363e+00  3.64139022e-06  7.56333359e-01  1.67565318e+00 
 5.59551058e-02  1.02783098e+00  3.64186215e-06  7.59313423e-01  1.67865318e+00 
 5.60551058e-02  1.02787421e+00  3.64228452e-06  7.62295437e-01  1.68165318e+00 
 5.61551058e-02  1.02791404e+00  3.64268037e-06  7.65278908e-01  1.68465318e+00 
 5.62551058e-02  1.02795046e+00  3.64303373e-06  7.68264002e-01  1.68765318e+00 
 5.63551058e-02  1.02798410e+00  3.64336693e-06  7.71250259e-01  1.69065318e+00 
 5.64551058e-02  1.02801490e+00  3.64366349e-06  7.74237867e-01  1.69365318e+00 
 5.65551058e-02  1.02804345e+00  3.64394516e-06  7.77226395e-01  1.69665318e+00 
 5.66551058e-02  1.02806964e+00  3.64419501e-06  7.80216053e-01  1.69965318e+00 
 5.67551058e-02  1.02809400e+00  3.64443427e-06  7.83206430e-01  1.70265318e+00 
 5.68551058e-02  1.02811639e+00  3.64464568e-06  7.86197754e-01  1.70565318e+00 
 5.69551058e-02  1.02813730e+00  3.64485003e-06  7.89189636e-01  1.70865318e+00 
 5.70551058e-02  1.02815656e+00  3.64502978e-06  7.92182314e-01  1.71165318e+00 
 5.71551058e-02  1.02817462e+00  3.64520534e-06  7.95175418e-01  1.71465318e+00 
 5.72551058e-02  1.02819129e+00  3.64535895e-06  7.98169197e-01  1.71765318e+00 
 5.73551058e-02  1.02820700e+00  3.64551072e-06  8.01163294e-01  1.72065318e+00 
 5.74551058e-02  1.02822152e+00  3.64564271e-06  8.04157967e-01  1.72365318e+00 
 5.75551058e-02  1.02823526e+00  3.64577478e-06  8.07152871e-01  1.72665318e+00 
 5.76551058e-02  1.02824800e+00  3.64588885e-06  8.10148270e-01  1.72965318e+00 
 5.77551058e-02  1.02826010e+00  3.64600455e-06  8.13143831e-01  1.73265318e+00 
 5.78551058e-02  1.02827134e+00  3.64610373e-06  8.16139822e-01  1.73565318e+00 
 5.79551058e-02  1.02828207e+00  3.64620582e-06  8.19135917e-01  1.73865318e+00 
 5.80551058e-02  1.02829205e+00  3.64629260e-06  8.22132390e-01  1.74165318e+00 
 5.81551058e-02  1.02830162e+00  3.64638334e-06  8.25128921e-01  1.74465318e+00 
 5.82551058e-02  1.02831053e+00  3.64645979e-06  8.28125786e-01  1.74765318e+00 
 5.83551058e-02  1.02831911e+00  3.64654106e-06  8.31122673e-01  1.75065318e+00 
 5.84551058e-02  1.02832712e+00  3.64660890e-06  8.34119858e-01  1.75365318e+00 
 5.85551058e-02  1.02833486e+00  3.64668228e-06  8.37117037e-01  1.75665318e+00 
 5.86551058e-02  1.02834209e+00  3.64674293e-06  8.40114485e-01  1.75965318e+00 
 5.87551058e-02  1.02834911e+00  3.64680973e-06  8.43111902e-01  1.76265318e+00 
 5.88551058e-02  1.02835568e+00  3.64686440e-06  8.46109566e-01  1.76565318e+00 
 5.89551058e-02  1.02836208e+00  3.64692572e-06  8.49107179e-01  1.76865318e+00 
 5.90551058e-02  1.02836809e+00  3.64697542e-06  8.52105020e-01  1.77165318e+00 
 5.91551058e-02  1.02837395e+00  3.64703218e-06  8.55102795e-01  1.77465318e+00 
 5.92551058e-02  1.02837947e+00  3.64707774e-06  8.58100781e-01  1.77765318e+00 
 5.93551058e-02  1.02838488e+00  3.64713070e-06  8.61098690e-01  1.78065318e+00 
 5.94551058e-02  1.02838998e+00  3.64717283e-06  8.64096798e-01  1.78365318e+00 
 5.95551058e-02  1.02839500e+00  3.64722263e-06  8.67094817e-01  1.78665318e+00 
 5.96551058e-02  1.02839974e+00  3.64726191e-06  8.70093025e-01  1.78965318e+00 
 5.97551058e-02  1.02840443e+00  3.64730908e-06  8.73091137e-01  1.79265318e+00 
 5.98551058e-02  1.02840886e+00  3.64734599e-06  8.76089428e-01  1.79565318e+00 
 5.99551058e-02  1.02841327e+00  3.64739097e-06  8.79087617e-01  1.79865318e+00 
 6.00551058e-02  1.02841745e+00  3.64742590e-06  8.82085978e-01  1.80165318e+00 
 6.01551058e-02  1.02842162e+00  3.64746906e-06  8.85084232e-01  1.80465318e+00 
 6.02551058e-02  1.02842558e+00  3.64750234e-06  8.88082651e-01  1.80765318e+00 
 6.03551058e-02  1.02842954e+00  3.64754397e-06  8.91080960e-01  1.81065318e+00 
 6.04551058e-02  1.02843332e+00  3.64757587e-06  8.94079429e-01  1.81365318e+00 
 6.05551058e-02  1.02843712e+00  3.64761621e-06  8.97077784e-01  1.81665318e+00 
 6.06551058e-02  1.02844074e+00  3.64764695e-06  9.00076295e-01  1.81965318e+00 
 6.07551058e-02  1.02844439e+00  3.64768620e-06  9.03074690e-01  1.82265318e+00 
 6.08551058e-02  1.02844789e+00  3.64771597e-06  9.06073236e-01  1.82565318e+00 
 6.09551058e-02  1.02845142e+00  3.64775429e-06  9.09071665e-01  1.82865318e+00 
 6.10551058e-02  1.02845481e+00  3.64778323e-06  9.12070242e-01  1.83165318e+00 
 6.11551058e-02  1.02845823e+00  3.64782076e-06  9.15068700e-01  1.83465318e+00 
 6.12551058e-02  1.02846153e+00  3.64784899e-06  9.18067303e-01  1.83765318e+00 
 6.13551058e-02  1.02846487e+00  3.64788585e-06  9.21065787e-01  1.84065318e+00 
 6.14551058e-02  1.02846808e+00  3.64791347e-06  9.24064412e-01  1.84365318e+00 
 6.15551058e-02  1.02847135e+00  3.64794974e-06  9.27062918e-01  1.84665318e+00 
 6.16551058e-02  1.02847450e+00  3.64797684e-06  9.30061563e-01  1.84965318e+00 
 6.17551058e-02  1.02847770e+00  3.64801260e-06  9.33060089e-01  1.85265318e+00 
 6.18551058e-02  1.02848080e+00  3.64803925e-06  9.36058751e-01  1.85565318e+00 
 6.19551058e-02  1.02848394e+00  3.64807456e-06  9.39057294e-01  1.85865318e+00 
 6.20551058e-02  1.02848699e+00  3.64810082e-06  9.42055972e-01  1.86165318e+00 
 6.21551058e-02  1.02849009e+00  3.64813574e-06  9.45054530e-01  1.86465318e+00 
 6.22551058e-02  1.02849310e+00  3.64816165e-06  9.48053222e-01  1.86765318e+00 
 6.23551058e-02  1.02849615e+00  3.64819622e-06  9.51051794e-01  1.87065318e+00 
 6.24551058e-02  1.02849912e+00  3.64822183e-06  9.54050497e-01  1.87365318e+00 
 6.25551058e-02  1.02850214e+00  3.64825608e-06  9.57049082e-01  1.87665318e+00 
 6.26551058e-02  1.02850508e+00  3.64828141e-06  9.60047796e-01  1.87965318e+00 
 6.27551058e-02  1.02850807e+00  3.64831539e-06  9.63046391e-01  1.88265318e+00 
 6.28551058e-02  1.02851098e+00  3.64834048e-06  9.66045116e-01  1.88565318e+00 
 6.29551058e-02  1.02851394e+00  3.64837420e-06  9.69043721e-01  1.88865318e+00 
 6.30551058e-02  1.02851682e+00  3.64839907e-06  9.72042454e-01  1.89165318e+00 
 6.31551058e-02  1.02851976e+00  3.64843256e-06  9.75041069e-01  1.89465318e+00 
 6.32551058e-02  1.02852262e+00  3.64845724e-06  9.78039811e-01  1.89765318e+00 
 6.33551058e-02  1.02852553e+00  3.64849052e-06  9.81038434e-01  1.90065318e+00 
 6.34551058e-02  1.02852837e+00  3.64851502e-06  9.84037183e-01  1.90365318e+00 
 6.35551058e-02  1.02853126e+00  3.64854810e-06  9.87035814e-01  1.90665318e+00 
 6.36551058e-02  1.02853408e+00  3.64857244e-06  9.90034570e-01  1.90965318e+00 
 6.37551058e-02  1.02853695e+00  3.64860535e-06  9.93033209e-01  1.91265318e+00 
 6.38551058e-02  1.02853976e+00  3.64862953e-06  9.96031970e-01  1.91565318e+00 
 6.39551058e-02  1.02854261e+00  3.64866227e-06  9.99030616e-01  1.91865318e+00 
 6.40551058e-02  1.02854541e+00  3.64868632e-06  1.00202938e+00  1.92165318e+00 
 6.41551058e-02  1.02854824e+00  3.64871891e-06  1.00502804e+00  1.92465318e+00 
 6.42551058e-02  1.02855102e+00  3.64874283e-06  1.00802681e+00  1.92765318e+00 
 6.43551058e-02  1.02855384e+00  3.64877527e-06  1.01102547e+00  1.93065318e+00 
 6.44551058e-02  1.02855661e+00  3.64879908e-06  1.01402424e+00  1.93365318e+00 
 6.45551058e-02  1.02855941e+00  3.64883139e-06  1.01702291e+00  1.93665318e+00 
 6.46551058e-02  1.02856217e+00  3.64885508e-06  1.02002169e+00  1.93965318e+00 
 6.47551058e-02  1.02856496e+00  3.64888728e-06  1.02302036e+00  1.94265318e+00 
 6.48551058e-02  1.02856770e+00  3.64891083e-06  1.02601915e+00  1.94565318e+00 
 6.49551058e-02  1.02857049e+00  3.64894295e-06  1.02901782e+00  1.94865318e+00 
 6.50551058e-02  1.02857322e+00  3.64896637e-06  1.03201661e+00  1.95165318e+00 
 6.51551058e-02  1.02857599e+00  3.64899839e-06  1.03501529e+00  1.95465318e+00 
 6.52551058e-02  1.02857871e+00  3.64902171e-06  1.03801409e+00  1.95765318e+00 
 6.53551058e-02  1.02858147e+00  3.64905363e-06  1.04101277e+00  1.96065318e+00 
 6.54551058e-02  1.02858418e+00  3.64907685e-06  1.04401157e+00  1.96365318e+00 
 6.55551058e-02  1.02858693e+00  3.64910866e-06  1.04701026e+00  1.96665318e+00 
 6.56551058e-02  1.02858963e+00  3.64913180e-06  1.05000906e+00  1.96965318e+00 
 6.57551058e-02  1.02859237e+00  3.64916351e-06  1.05300775e+00  1.97265318e+00 
 6.58551058e-02  1.02859507e+00  3.64918657e-06  1.05600656e+00  1.97565318e+00 
 6.59551058e-02  1.02859779e+00  3.64921817e-06  1.05900526e+00  1.97865318e+00 
 6.60551058e-02  1.02860048e+00  3.64924117e-06  1.06200407e+00  1.98165318e+00 
 6.61551058e-02  1.02860320e+00  3.64927268e-06  1.06500277e+00  1.98465318e+00 
 6.62551058e-02  1.02860588e+00  3.64929559e-06  1.06800158e+00  1.98765318e+00 
 6.63551058e-02  1.02860859e+00  3.64932700e-06  1.07100028e+00  1.99065318e+00 
 6.64551058e-02  1.02861126e+00  3.64934983e-06  1.07399910e+00  1.99365318e+00 
 6.65551058e-02  1.02861396e+00  3.64938115e-06  1.07699781e+00  1.99665318e+00 
 6.66551058e-02  1.02861662e+00  3.64940391e-06  1.07999663e+00  1.99965318e+00 
 6.67551058e-02  1.02861931e+00  3.64943514e-06  1.08299534e+00  2.00265318e+00 
 6.68551058e-02  1.02862197e+00  3.64945783e-06  1.08599417e+00  2.00565318e+00 
 6.69551058e-02  1.02862465e+00  3.64948896e-06  1.08899288e+00  2.00865318e+00 
 6.70551058e-02  1.02862730e+00  3.64951158e-06  1.09199171e+00  2.01165318e+00 
 6.71551058e-02  1.02862997e+00  3.64954262e-06  1.09499043e+00  2.01465318e+00 
 6.72551058e-02  1.02863261e+00  3.64956516e-06  1.09798926e+00  2.01765318e+00 
 6.73551058e-02  1.02863527e+00  3.64959611e-06  1.10098799e+00  2.02065318e+00 
 6.74551058e-02  1.02863791e+00  3.64961859e-06  1.10398682e+00  2.02365318e+00 
 6.75551058e-02  1.02864056e+00  3.64964945e-06  1.10698555e+00  2.02665318e+00 
 6.76551058e-02  1.02864319e+00  3.64967185e-06  1.10998439e+00  2.02965318e+00 
 6.77551058e-02  1.02864583e+00  3.64970262e-06  1.11298312e+00  2.03265318e+00 
 6.78551058e-02  1.02864845e+00  3.64972495e-06  1.11598196e+00  2.03565318e+00 
 6.79551058e-02  1.02865109e+00  3.64975563e-06  1.11898069e+00  2.03865318e+00 
 6.80551058e-02  1.02865370e+00  3.64977789e-06  1.12197954e+00  2.04165318e+00 
 6.81551058e-02  1.02865633e+00  3.64980847e-06  1.12497828e+00  2.04465318e+00 
 6.82551058e-02  1.02865893e+00  3.64983066e-06  1.12797713e+00  2.04765318e+00 
 6.83551058e-02  1.02866155e+00  3.64986114e-06  1.13097587e+00  2.05065318e+00 
 6.84551058e-02  1.02866415e+00  3.64988326e-06  1.13397472e+00  2.05365318e+00 
 6.85551058e-02  1.02866675e+00  3.64991364e-06  1.13697347e+00  2.05665318e+00 
 6.86551058e-02  1.02866934e+00  3.64993568e-06  1.13997232e+00  2.05965318e+00 
 6.87551058e-02  1.02867194e+00  3.64996597e-06  1.14297108e+00  2.06265318e+00 
 6.88551058e-02  1.02867452e+00  3.64998793e-06  1.14596993e+00  2.06565318e+00 
 6.89551058e-02  1.02867711e+00  3.65001812e-06  1.14896869e+00  2.06865318e+00 
 6.90551058e-02  1.02867969e+00  3.65004000e-06  1.15196755e+00  2.07165318e+00 
 6.91551058e-02  1.02868226e+00  3.65007008e-06  1.15496631e+00  2.07465318e+00 
 6.92551058e-02  1.02868483e+00  3.65009188e-06  1.15796518e+00  2.07765318e+00 
 6.93551058e-02  1.02868740e+00  3.65012186e-06  1.16096395e+00  2.08065318e+00 
 6.94551058e-02  1.02868995e+00  3.65014356e-06  1.16396282e+00  2.08365318e+00 
 6.95551058e-02  1.02869251e+00  3.65017343e-06  1.16696159e+00  2.08665318e+00 
 6.96551058e-02  1.02869505e+00  3.65019504e-06  1.16996046e+00  2.08965318e+00 
 6.97551058e-02  1.02869760e+00  3.65022480e-06  1.17295924e+00  2.09265318e+00 
 6.98551058e-02  1.02870014e+00  3.65024631e-06  1.17595812e+00  2.09565318e+00 
 6.99551058e-02  1.02870267e+00  3.65027595e-06  1.17895690e+00  2.09865318e+00 
 7.00551058e-02  1.02870520e+00  3.65029736e-06  1.18195578e+00  2.10165318e+00 
 7.01551058e-02  1.02870772e+00  3.65032688e-06  1.18495457e+00  2.10465318e+00 
 7.02551058e-02  1.02871023e+00  3.65034818e-06  1.18795346e+00  2.10765318e+00 
 7.03551058e-02  1.02871274e+00  3.65037756e-06  1.19095225e+00  2.11065318e+00 
 7.04551058e-02  1.02871525e+00  3.65039875e-06  1.19395114e+00  2.11365318e+00 
 7.05551058e-02  1.02871774e+00  3.65042800e-06  1.19694994e+00  2.11665318e+00 
 7.06551058e-02  1.02872023e+00  3.65044907e-06  1.19994884e+00  2.11965318e+00 
 7.07551058e-02  1.02872271e+00  3.65047817e-06  1.20294764e+00  2.12265318e+00 
 7.08551058e-02  1.02872519e+00  3.65049910e-06  1.20594655e+00  2.12565318e+00 
 7.09551058e-02  1.02872766e+00  3.65052806e-06  1.20894536e+00  2.12865318e+00 
 7.10551058e-02  1.02873012e+00  3.65054885e-06  1.21194427e+00  2.13165318e+00 
 7.11551058e-02  1.02873257e+00  3.65057764e-06  1.21494309e+00  2.13465318e+00 
 7.12551058e-02  1.02873502e+00  3.65059828e-06  1.21794201e+00  2.13765318e+00 
 7.13551058e-02  1.02873745e+00  3.65062689e-06  1.22094084e+00  2.14065318e+00 
 7.14551058e-02  1.02873989e+00  3.65064737e-06  1.22393977e+00  2.14365318e+00 
 7.15551058e-02  1.02874230e+00  3.65067580e-06  1.22693860e+00  2.14665318e+00 
 7.16551058e-02  1.02874472e+00  3.65069610e-06  1.22993754e+00  2.14965318e+00 
 7.17551058e-02  1.02874711e+00  3.65072433e-06  1.23293638e+00  2.15265318e+00 
 7.18551058e-02  1.02874951e+00  3.65074444e-06  1.23593532e+00  2.15565318e+00 
 7.19551058e-02  1.02875188e+00  3.65077245e-06  1.23893418e+00  2.15865318e+00 
 7.20551058e-02  1.02875426e+00  3.65079235e-06  1.24193313e+00  2.16165318e+00 
 7.21551058e-02  1.02875661e+00  3.65082013e-06  1.24493200e+00  2.16465318e+00 
 7.22551058e-02  1.02875896e+00  3.65083980e-06  1.24793096e+00  2.16765318e+00 
 7.23551058e-02  1.02876128e+00  3.65086732e-06  1.25092984e+00  2.17065318e+00 
 7.24551058e-02  1.02876361e+00  3.65088674e-06  1.25392881e+00  2.17365318e+00 
 7.25551058e-02  1.02876589e+00  3.65091382e-06  1.25692771e+00  2.17665318e+00 
 7.26551058e-02  1.02876820e+00  3.65093306e-06  1.25992669e+00  2.17965318e+00 
 7.27551058e-02  1.02877046e+00  3.65095989e-06  1.26292560e+00  2.18265318e+00 
 7.28551058e-02  1.02877274e+00  3.65097883e-06  1.26592460e+00  2.18565318e+00 
 7.29551058e-02  1.02877496e+00  3.65100533e-06  1.26892352e+00  2.18865318e+00 
 7.30551058e-02  1.02877721e+00  3.65102392e-06  1.27192253e+00  2.19165318e+00 
 7.31551058e-02  1.02877940e+00  3.65105005e-06  1.27492147e+00  2.19465318e+00 
 7.32551058e-02  1.02878160e+00  3.65106827e-06  1.27792051e+00  2.19765318e+00 
 7.33551058e-02  1.02878375e+00  3.65109400e-06  1.28091946e+00  2.20065318e+00 
 7.34551058e-02  1.02878592e+00  3.65111181e-06  1.28391851e+00  2.20365318e+00 
 7.35551058e-02  1.02878802e+00  3.65113708e-06  1.28691749e+00  2.20665318e+00 
 7.36551058e-02  1.02879014e+00  3.65115442e-06  1.28991656e+00  2.20965318e+00 
 7.37551058e-02  1.02879220e+00  3.65117920e-06  1.29291556e+00  2.21265318e+00 
 7.38551058e-02  1.02879427e+00  3.65119604e-06  1.29591466e+00  2.21565318e+00 
 7.39551058e-02  1.02879627e+00  3.65122028e-06  1.29891368e+00  2.21865318e+00 
 7.40551058e-02  1.02879828e+00  3.65123655e-06  1.30191281e+00  2.22165318e+00 
 7.41551058e-02  1.02880022e+00  3.65126018e-06  1.30491186e+00  2.22465318e+00 
 7.42551058e-02  1.02880217e+00  3.65127584e-06  1.30791101e+00  2.22765318e+00 
 7.43551058e-02  1.02880405e+00  3.65129880e-06  1.31091009e+00  2.23065318e+00 
 7.44551058e-02  1.02880593e+00  3.65131377e-06  1.31390927e+00  2.23365318e+00 
 7.45551058e-02  1.02880774e+00  3.65133600e-06  1.31690839e+00  2.23665318e+00 
 7.46551058e-02  1.02880954e+00  3.65135021e-06  1.31990761e+00  2.23965318e+00 
 7.47551058e-02  1.02881127e+00  3.65137164e-06  1.32290676e+00  2.24265318e+00 
 7.48551058e-02  1.02881299e+00  3.65138502e-06  1.32590602e+00  2.24565318e+00 
 7.49551058e-02  1.02881463e+00  3.65140557e-06  1.32890521e+00  2.24865318e+00 
 7.50551058e-02  1.02881627e+00  3.65141805e-06  1.33190451e+00  2.25165318e+00 
 7.51551058e-02  1.02881781e+00  3.65143765e-06  1.33490374e+00  2.25465318e+00 
 7.52551058e-02  1.02881935e+00  3.65144915e-06  1.33790308e+00  2.25765318e+00 
 7.53551058e-02  1.02882079e+00  3.65146774e-06  1.34090237e+00  2.26065318e+00 
 7.54551058e-02  1.02882223e+00  3.65147821e-06  1.34390176e+00  2.26365318e+00 
 7.55551058e-02  1.02882357e+00  3.65149572e-06  1.34690109e+00  2.26665318e+00 
 7.56551058e-02  1.02882490e+00  3.65150509e-06  1.34990053e+00  2.26965318e+00 
 7.57551058e-02  1.02882612e+00  3.65152147e-06  1.35289992e+00  2.27265318e+00 
 7.58551058e-02  1.02882734e+00  3.65152971e-06  1.35589941e+00  2.27565318e+00 
 7.59551058e-02  1.02882845e+00  3.65154493e-06  1.35889884e+00  2.27865318e+00 
 7.60551058e-02  1.02882955e+00  3.65155202e-06  1.36189839e+00  2.28165318e+00 
 7.61551058e-02  1.02883054e+00  3.65156607e-06  1.36489788e+00  2.28465318e+00 
 7.62551058e-02  1.02883153e+00  3.65157200e-06  1.36789748e+00  2.28765318e+00 
 7.63551058e-02  1.02883241e+00  3.65158490e-06  1.37089702e+00  2.29065318e+00 
 7.64551058e-02  1.02883328e+00  3.65158970e-06  1.37389667e+00  2.29365318e+00 
 7.65551058e-02  1.02883405e+00  3.65160147e-06  1.37689627e+00  2.29665318e+00 
 7.66551058e-02  1.02883482e+00  3.65160520e-06  1.37989597e+00  2.29965318e+00 
 7.67551058e-02  1.02883548e+00  3.65161592e-06  1.38289561e+00  2.30265318e+00 
 7.68551058e-02  1.02883615e+00  3.65161863e-06  1.38589536e+00  2.30565318e+00 
 7.69551058e-02  1.02883672e+00  3.65162838e-06  1.38889505e+00  2.30865318e+00 
 7.70551058e-02  1.02883729e+00  3.65163018e-06  1.39189483e+00  2.31165318e+00 
 7.71551058e-02  1.02883778e+00  3.65163905e-06  1.39489456e+00  2.31465318e+00 
 7.72551058e-02  1.02883827e+00  3.65164004e-06  1.39789439e+00  2.31765318e+00 
 7.73551058e-02  1.02883868e+00  3.65164813e-06  1.40089415e+00  2.32065318e+00 
 7.74551058e-02  1.02883910e+00  3.65164841e-06  1.40389401e+00  2.32365318e+00 
 7.75551058e-02  1.02883944e+00  3.65165584e-06  1.40689381e+00  2.32665318e+00 
 7.76551058e-02  1.02883981e+00  3.65165551e-06  1.40989369e+00  2.32965318e+00 
 7.77551058e-02  1.02884009e+00  3.65166236e-06  1.41289351e+00  2.33265318e+00 
 7.78551058e-02  1.02884040e+00  3.65166153e-06  1.41589342e+00  2.33565318e+00 
 7.79551058e-02  1.02884064e+00  3.65166792e-06  1.41889327e+00  2.33865318e+00 
 7.80551058e-02  1.02884091e+00  3.65166665e-06  1.42189319e+00  2.34165318e+00 
 7.81551058e-02  1.02884111e+00  3.65167263e-06  1.42489306e+00  2.34465318e+00 
 7.82551058e-02  1.02884134e+00  3.65167102e-06  1.42789300e+00  2.34765318e+00 
 7.83551058e-02  1.02884151e+00  3.65167667e-06  1.43089288e+00  2.35065318e+00 
 7.84551058e-02  1.02884173e+00  3.65167494e-06  1.43389283e+00  2.35365318e+00 
 7.85551058e-02  1.02884184e+00  3.65168004e-06  1.43689273e+00  2.35665318e+00 
 7.86551058e-02  1.02884206e+00  3.65167828e-06  1.43989268e+00  2.35965318e+00 
 7.87551058e-02  1.02884214e+00  3.65168297e-06  1.44289260e+00  2.36265318e+00 
 7.88551058e-02  1.02884236e+00  3.65168121e-06  1.44589255e+00  2.36565318e+00 
 7.89551058e-02  1.02884241e+00  3.65168568e-06  1.44889249e+00  2.36865318e+00 
 7.90551058e-02  1.02884260e+00  3.65168372e-06  1.45189244e+00  2.37165318e+00 
 7.91551058e-02  1.02884264e+00  3.65168803e-06  1.45489238e+00  2.37465318e+00 
 7.92551058e-02  1.02884283e+00  3.65168595e-06  1.45789235e+00  2.37765318e+00 
 7.93551058e-02  1.02884285e+00  3.65169014e-06  1.46089229e+00  2.38065318e+00 
 7.94551058e-02  1.02884302e+00  3.65168795e-06  1.46389226e+00  2.38365318e+00 
 7.95551058e-02  1.02884304e+00  3.65169205e-06  1.46689221e+00  2.38665318e+00 
 7.96551058e-02  1.02884321e+00  3.65168978e-06  1.46989219e+00  2.38965318e+00 
 7.97551058e-02  1.02884321e+00  3.65169379e-06  1.47289214e+00  2.39265318e+00 
 7.98551058e-02  1.02884337e+00  3.65169145e-06  1.47589212e+00  2.39565318e+00 
 7.99551058e-02  1.02884337e+00  3.65169540e-06  1.47889207e+00  2.39865318e+00 
 8.00551058e-02  1.02884352e+00  3.65169299e-06  1.48189205e+00  2.40165318e+00 
 8.01551058e-02  1.02884352e+00  3.65169689e-06  1.48489201e+00  2.40465318e+00 
 8.02551058e-02  1.02884367e+00  3.65169443e-06  1.48789199e+00  2.40765318e+00 
 8.03551058e-02  1.02884366e+00  3.65169827e-06  1.49089195e+00  2.41065318e+00 
 8.04551058e-02  1.02884380e+00  3.65169578e-06  1.49389194e+00  2.41365318e+00 
 8.05551058e-02  1.02884379e+00  3.65169958e-06  1.49689190e+00  2.41665318e+00 
 8.06551058e-02  1.02884393e+00  3.65169705e-06  1.49989189e+00  2.41965318e+00 
 8.07551058e-02  1.02884391e+00  3.65170081e-06  1.50289185e+00  2.42265318e+00 
 8.08551058e-02  1.02884405e+00  3.65169825e-06  1.50589184e+00  2.42565318e+00 
 8.09551058e-02  1.02884403e+00  3.65170198e-06  1.50889180e+00  2.42865318e+00 
 8.10551058e-02  1.02884416e+00  3.65169939e-06  1.51189179e+00  2.43165318e+00 
 8.11551058e-02  1.02884414e+00  3.65170310e-06  1.51489176e+00  2.43465318e+00 
 8.12551058e-02  1.02884427e+00  3.65170049e-06  1.51789175e+00  2.43765318e+00 
 8.13551058e-02  1.02884425e+00  3.65170417e-06  1.52089171e+00  2.44065318e+00 
 8.14551058e-02  1.02884437e+00  3.65170154e-06  1.52389170e+00  2.44365318e+00 
 8.15551058e-02  1.02884435e+00  3.65170520e-06  1.52689167e+00  2.44665318e+00 
 8.16551058e-02  1.02884447e+00  3.65170255e-06  1.52989166e+00  2.44965318e+00 
 8.17551058e-02  1.02884445e+00  3.65170620e-06  1.53289163e+00  2.45265318e+00 
 8.18551058e-02  1.02884457e+00  3.65170353e-06  1.53589162e+00  2.45565318e+00 
 8.19551058e-02  1.02884455e+00  3.65170716e-06  1.53889159e+00  2.45865318e+00 
 8.20551058e-02  1.02884466e+00  3.65170448e-06  1.54189159e+00  2.46165318e+00 
 8.21551058e-02  1.02884464e+00  3.65170809e-06  1.54489156e+00  2.46465318e+00 
 8.22551058e-02  1.02884476e+00  3.65170540e-06  1.54789155e+00  2.46765318e+00 
 8.23551058e-02  1.02884473e+00  3.65170900e-06  1.55089152e+00  2.47065318e+00 
 8.24551058e-02  1.02884484e+00  3.65170629e-06  1.55389152e+00  2.47365318e+00 
 8.25551058e-02  1.02884482e+00  3.65170988e-06  1.55689149e+00  2.47665318e+00 
 8.26551058e-02  1.02884493e+00  3.65170717e-06  1.55989148e+00  2.47965318e+00 
 8.27551058e-02  1.02884491e+00  3.65171074e-06  1.56289145e+00  2.48265318e+00 
 8.28551058e-02  1.02884502e+00  3.65170802e-06  1.56589145e+00  2.48565318e+00 
 8.29551058e-02  1.02884499e+00  3.65171159e-06  1.56889142e+00  2.48865318e+00 
 8.30551058e-02  1.02884510e+00  3.65170886e-06  1.57189142e+00  2.49165318e+00 
 8.31551058e-02  1.02884507e+00  3.65171241e-06  1.57489139e+00  2.49465318e+00 
 8.32551058e-02  1.02884518e+00  3.65170968e-06  1.57789138e+00  2.49765318e+00 
 8.33551058e-02  1.02884515e+00  3.65171322e-06  1.58089136e+00  2.50065318e+00 
 8.34551058e-02  1.02884526e+00  3.65171048e-06  1.58389135e+00  2.50365318e+00 
 8.35551058e-02  1.02884523e+00  3.65171402e-06  1.58689133e+00  2.50665318e+00 
 8.36551058e-02  1.02884534e+00  3.65171127e-06  1.58989132e+00  2.50965318e+00 
 8.37551058e-02  1.02884531e+00  3.65171480e-06  1.59289129e+00  2.51265318e+00 
 8.38551058e-02  1.02884542e+00  3.65171205e-06  1.59589129e+00  2.51565318e+00 
 8.39551058e-02  1.02884539e+00  3.65171557e-06  1.59889127e+00  2.51865318e+00 
 8.40551058e-02  1.02884549e+00  3.65171281e-06  1.60189126e+00  2.52165318e+00 
 8.41551058e-02  1.02884547e+00  3.65171633e-06  1.60489124e+00  2.52465318e+00 
 8.42551058e-02  1.02884557e+00  3.65171357e-06  1.60789123e+00  2.52765318e+00 
 8.43551058e-02  1.02884554e+00  3.65171708e-06  1.61089121e+00  2.53065318e+00 
 8.44551058e-02  1.02884564e+00  3.65171431e-06  1.61389120e+00  2.53365318e+00 
 8.45551058e-02  1.02884561e+00  3.65171781e-06  1.61689118e+00  2.53665318e+00 
 8.46551058e-02  1.02884571e+00  3.65171504e-06  1.61989118e+00  2.53965318e+00 
 8.47551058e-02  1.02884569e+00  3.65171854e-06  1.62289115e+00  2.54265318e+00 
 8.48551058e-02  1.02884578e+00  3.65171577e-06  1.62589115e+00  2.54565318e+00 
 8.49551058e-02  1.02884576e+00  3.65171926e-06  1.62889112e+00  2.54865318e+00 
 8.50551058e-02  1.02884586e+00  3.65171648e-06  1.63189112e+00  2.55165318e+00 
 8.51551058e-02  1.02884583e+00  3.65171997e-06  1.63489110e+00  2.55465318e+00 
 8.52551058e-02  1.02884593e+00  3.65171719e-06  1.63789109e+00  2.55765318e+00 
 8.53551058e-02  1.02884590e+00  3.65172068e-06  1.64089107e+00  2.56065318e+00 
 8.54551058e-02  1.02884600e+00  3.65171789e-06  1.64389107e+00  2.56365318e+00 
 8.55551058e-02  1.02884597e+00  3.65172137e-06  1.64689104e+00  2.56665318e+00 
 8.56551058e-02  1.02884606e+00  3.65171859e-06  1.64989104e+00  2.56965318e+00 
 8.57551058e-02  1.02884604e+00  3.65172206e-06  1.65289102e+00  2.57265318e+00 
 8.58551058e-02  1.02884613e+00  3.65171927e-06  1.65589101e+00  2.57565318e+00 
 8.59551058e-02  1.02884611e+00  3.65172274e-06  1.65889099e+00  2.57865318e+00 
 8.60551058e-02  1.02884620e+00  3.65171995e-06  1.66189099e+00  2.58165318e+00 
 8.61551058e-02  1.02884617e+00  3.65172342e-06  1.66489096e+00  2.58465318e+00 
 8.62551058e-02  1.02884627e+00  3.65172063e-06  1.66789096e+00  2.58765318e+00 
 8.63551058e-02  1.02884624e+00  3.65172409e-06  1.67089094e+00  2.59065318e+00 
 8.64551058e-02  1.02884633e+00  3.65172129e-06  1.67389094e+00  2.59365318e+00 
 8.65551058e-02  1.02884631e+00  3.65172475e-06  1.67689091e+00  2.59665318e+00 
 8.66551058e-02  1.02884640e+00  3.65172196e-06  1.67989091e+00  2.59965318e+00 
 8.67551058e-02  1.02884637e+00  3.65172541e-06  1.68289089e+00  2.60265318e+00 
 8.68551058e-02  1.02884646e+00  3.65172261e-06  1.68589089e+00  2.60565318e+00 
 8.69551058e-02  1.02884644e+00  3.65172606e-06  1.68889086e+00  2.60865318e+00 
 8.70551058e-02  1.02884653e+00  3.65172326e-06  1.69189086e+00  2.61165318e+00 
 8.71551058e-02  1.02884650e+00  3.65172671e-06  1.69489084e+00  2.61465318e+00 
 8.72551058e-02  1.02884659e+00  3.65172391e-06  1.69789084e+00  2.61765318e+00 
 8.73551058e-02  1.02884657e+00  3.65172735e-06  1.70089081e+00  2.62065318e+00 
 8.74551058e-02  1.02884666e+00  3.65172455e-06  1.70389081e+00  2.62365318e+00 
 8.75551058e-02  1.02884663e+00  3.65172799e-06  1.70689079e+00  2.62665318e+00 
 8.76551058e-02  1.02884672e+00  3.65172519e-06  1.70989079e+00  2.62965318e+00 
 8.77551058e-02  1.02884670e+00  3.65172863e-06  1.71289076e+00  2.63265318e+00 
 8.78551058e-02  1.02884678e+00  3.65172582e-06  1.71589076e+00  2.63565318e+00 
 8.79551058e-02  1.02884676e+00  3.65172926e-06  1.71889074e+00  2.63865318e+00 
 8.80551058e-02  1.02884684e+00  3.65172645e-06  1.72189074e+00  2.64165318e+00 
 8.81551058e-02  1.02884682e+00  3.65172988e-06  1.72489072e+00  2.64465318e+00 
 8.82551058e-02  1.02884691e+00  3.65172707e-06  1.72789072e+00  2.64765318e+00 
 8.83551058e-02  1.02884688e+00  3.65173050e-06  1.73089069e+00  2.65065318e+00 
 8.84551058e-02  1.02884697e+00  3.65172770e-06  1.73389069e+00  2.65365318e+00 
 8.85551058e-02  1.02884694e+00  3.65173112e-06  1.73689067e+00  2.65665318e+00 
 8.86551058e-02  1.02884703e+00  3.65172831e-06  1.73989067e+00  2.65965318e+00 
 8.87551058e-02  1.02884701e+00  3.65173173e-06  1.74289065e+00  2.66265318e+00 
 8.88551058e-02  1.02884709e+00  3.65172892e-06  1.74589065e+00  2.66565318e+00 
 8.89551058e-02  1.02884707e+00  3.65173234e-06  1.74889062e+00  2.66865318e+00 
 8.90551058e-02  1.02884715e+00  3.65172953e-06  1.75189062e+00  2.67165318e+00 
 8.91551058e-02  1.02884713e+00  3.65173295e-06  1.75489060e+00  2.67465318e+00 
 8.92551058e-02  1.02884721e+00  3.65173014e-06  1.75789060e+00  2.67765318e+00 
 8.93551058e-02  1.02884719e+00  3.65173355e-06  1.76089058e+00  2.68065318e+00 
 8.94551058e-02  1.02884727e+00  3.65173074e-06  1.76389058e+00  2.68365318e+00 
 8.95551058e-02  1.02884725e+00  3.65173415e-06  1.76689055e+00  2.68665318e+00 
 8.96551058e-02  1.02884733e+00  3.65173134e-06  1.76989055e+00  2.68965318e+00 
 8.97551058e-02  1.02884731e+00  3.65173475e-06  1.77289053e+00  2.69265318e+00 
 8.98551058e-02  1.02884739e+00  3.65173194e-06  1.77589053e+00  2.69565318e+00 
 8.99551058e-02  1.02884737e+00  3.65173534e-06  1.77889051e+00  2.69865318e+00 
 9.00551058e-02  1.02884745e+00  3.65173253e-06  1.78189051e+00  2.70165318e+00 
 9.01551058e-02  1.02884743e+00  3.65173593e-06  1.78489049e+00  2.70465318e+00 
 9.02551058e-02  1.02884751e+00  3.65173312e-06  1.78789049e+00  2.70765318e+00 
 9.03551058e-02  1.02884748e+00  3.65173652e-06  1.79089046e+00  2.71065318e+00 
 9.04551058e-02  1.02884756e+00  3.65173371e-06  1.79389046e+00  2.71365318e+00 
 9.05551058e-02  1.02884754e+00  3.65173710e-06  1.79689044e+00  2.71665318e+00 
 9.06551058e-02  1.02884762e+00  3.65173429e-06  1.79989044e+00  2.71965318e+00 
 9.07551058e-02  1.02884760e+00  3.65173768e-06  1.80289042e+00  2.72265318e+00 
 9.08551058e-02  1.02884768e+00  3.65173487e-06  1.80589042e+00  2.72565318e+00 
 9.09551058e-02  1.02884766e+00  3.65173826e-06  1.80889040e+00  2.72865318e+00 
 9.10551058e-02  1.02884774e+00  3.65173545e-06  1.81189040e+00  2.73165318e+00 
 9.11551058e-02  1.02884772e+00  3.65173884e-06  1.81489038e+00  2.73465318e+00 
 9.12551058e-02  1.02884779e+00  3.65173603e-06  1.81789038e+00  2.73765318e+00 
 9.13551058e-02  1.02884777e+00  3.65173941e-06  1.82089035e+00  2.74065318e+00 
 9.14551058e-02  1.02884785e+00  3.65173660e-06  1.82389035e+00  2.74365318e+00 
 9.15551058e-02  1.02884783e+00  3.65173998e-06  1.82689033e+00  2.74665318e+00 
 9.16551058e-02  1.02884791e+00  3.65173717e-06  1.82989033e+00  2.74965318e+00 
 9.17551058e-02  1.02884789e+00  3.65174055e-06  1.83289031e+00  2.75265318e+00 
 9.18551058e-02  1.02884796e+00  3.65173774e-06  1.83589031e+00  2.75565318e+00 
 9.19551058e-02  1.02884794e+00  3.65174112e-06  1.83889029e+00  2.75865318e+00 
 9.20551058e-02  1.02884802e+00  3.65173830e-06  1.84189029e+00  2.76165318e+00 
 9.21551058e-02  1.02884800e+00  3.65174168e-06  1.84489027e+00  2.76465318e+00 
 9.22551058e-02  1.02884808e+00  3.65173887e-06  1.84789027e+00  2.76765318e+00 
 9.23551058e-02  1.02884806e+00  3.65174224e-06  1.85089025e+00  2.77065318e+00 
 9.24551058e-02  1.02884813e+00  3.65173943e-06  1.85389025e+00  2.77365318e+00 
 9.25551058e-02  1.02884811e+00  3.65174280e-06  1.85689022e+00  2.77665318e+00 
 9.26551058e-02  1.02884819e+00  3.65173999e-06  1.85989022e+00  2.77965318e+00 
 9.27551058e-02  1.02884817e+00  3.65174336e-06  1.86289020e+00  2.78265318e+00 
 9.28551058e-02  1.02884824e+00  3.65174054e-06  1.86589020e+00  2.78565318e+00 
 9.29551058e-02  1.02884822e+00  3.65174391e-06  1.86889018e+00  2.78865318e+00 
 9.30551058e-02  1.02884830e+00  3.65174110e-06  1.87189018e+00  2.79165318e+00 
 9.31551058e-02  1.02884828e+00  3.65174446e-06  1.87489016e+00  2.79465318e+00 
 9.32551058e-02  1.02884835e+00  3.65174165e-06  1.87789016e+00  2.79765318e+00 
 9.33551058e-02  1.02884833e+00  3.65174501e-06  1.88089014e+00  2.80065318e+00 
 9.34551058e-02  1.02884841e+00  3.65174220e-06  1.88389014e+00  2.80365318e+00 
 9.35551058e-02  1.02884839e+00  3.65174556e-06  1.88689012e+00  2.80665318e+00 
 9.36551058e-02  1.02884846e+00  3.65174275e-06  1.88989012e+00  2.80965318e+00 
 9.37551058e-02  1.02884844e+00  3.65174611e-06  1.89289010e+00  2.81265318e+00 
 9.38551058e-02  1.02884851e+00  3.65174329e-06  1.89589010e+00  2.81565318e+00 
 9.39551058e-02  1.02884850e+00  3.65174665e-06  1.89889008e+00  2.81865318e+00 
 9.40551058e-02  1.02884857e+00  3.65174384e-06  1.90189008e+00  2.82165318e+00 
 9.41551058e-02  1.02884855e+00  3.65174719e-06  1.90489006e+00  2.82465318e+00 
 9.42551058e-02  1.02884862e+00  3.65174438e-06  1.90789006e+00  2.82765318e+00 
 9.43551058e-02  1.02884861e+00  3.65174773e-06  1.91089003e+00  2.83065318e+00 
 9.44551058e-02  1.02884868e+00  3.65174492e-06  1.91389004e+00  2.83365318e+00 
 9.45551058e-02  1.02884866e+00  3.65174827e-06  1.91689001e+00  2.83665318e+00 
 9.46551058e-02  1.02884873e+00  3.65174546e-06  1.91989002e+00  2.83965318e+00 
 9.47551058e-02  1.02884871e+00  3.65174881e-06  1.92288999e+00  2.84265318e+00 
 9.48551058e-02  1.02884878e+00  3.65174600e-06  1.92588999e+00  2.84565318e+00 
 9.49551058e-02  1.02884877e+00  3.65174934e-06  1.92888997e+00  2.84865318e+00 
 9.50551058e-02  1.02884883e+00  3.65174653e-06  1.93188997e+00  2.85165318e+00 
 9.51551058e-02  1.02884882e+00  3.65174988e-06  1.93488995e+00  2.85465318e+00 
 9.52551058e-02  1.02884889e+00  3.65174706e-06  1.93788995e+00  2.85765318e+00 
 9.53551058e-02  1.02884887e+00  3.65175041e-06  1.94088993e+00  2.86065318e+00 
 9.54551058e-02  1.02884894e+00  3.65174759e-06  1.94388993e+00  2.86365318e+00 
 9.55551058e-02  1.02884893e+00  3.65175094e-06  1.94688991e+00  2.86665318e+00 
 9.56551058e-02  1.02884899e+00  3.65174812e-06  1.94988991e+00  2.86965318e+00 
 9.57551058e-02  1.02884898e+00  3.65175147e-06  1.95288989e+00  2.87265318e+00 
 9.58551058e-02  1.02884904e+00  3.65174865e-06  1.95588989e+00  2.87565318e+00 
 9.59551058e-02  1.02884903e+00  3.65175199e-06  1.95888987e+00  2.87865318e+00 
 9.60551058e-02  1.02884910e+00  3.65174918e-06  1.96188987e+00  2.88165318e+00 
 9.61551058e-02  1.02884908e+00  3.65175252e-06  1.96488985e+00  2.88465318e+00 
 9.62551058e-02  1.02884915e+00  3.65174970e-06  1.96788985e+00  2.88765318e+00 
 9.63551058e-02  1.02884914e+00  3.65175304e-06  1.97088983e+00  2.89065318e+00 
 9.64551058e-02  1.02884920e+00  3.65175023e-06  1.97388983e+00  2.89365318e+00 
 9.65551058e-02  1.02884919e+00  3.65175356e-06  1.97688981e+00  2.89665318e+00 
 9.66551058e-02  1.02884925e+00  3.65175075e-06  1.97988981e+00  2.89965318e+00 
 9.67551058e-02  1.02884924e+00  3.65175408e-06  1.98288979e+00  2.90265318e+00 
 9.68551058e-02  1.02884930e+00  3.65175127e-06  1.98588979e+00  2.90565318e+00 
 9.69551058e-02  1.02884929e+00  3.65175460e-06  1.98888977e+00  2.90865318e+00 
 9.70551058e-02  1.02884936e+00  3.65175179e-06  1.99188977e+00  2.91165318e+00 
 9.71551058e-02  1.02884934e+00  3.65175511e-06  1.99488975e+00  2.91465318e+00 
 9.72551058e-02  1.02884941e+00  3.65175230e-06  1.99788975e+00  2.91765318e+00 
 9.73551058e-02  1.02884939e+00  3.65175563e-06  2.00088973e+00  2.92065318e+00 
 9.74551058e-02  1.02884946e+00  3.65175282e-06  2.00388973e+00  2.92365318e+00 
 9.75551058e-02  1.02884945e+00  3.65175614e-06  2.00688971e+00  2.92665318e+00 
 9.76551058e-02  1.02884951e+00  3.65175333e-06  2.00988971e+00  2.92965318e+00 
 9.77551058e-02  1.02884950e+00  3.65175666e-06  2.01288969e+00  2.93265318e+00 
 9.78551058e-02  1.02884956e+00  3.65175385e-06  2.01588969e+00  2.93565318e+00 
 9.79551058e-02  1.02884955e+00  3.65175717e-06  2.01888967e+00  2.93865318e+00 
 9.80551058e-02  1.02884961e+00  3.65175436e-06  2.02188967e+00  2.94165318e+00 
 9.81551058e-02  1.02884960e+00  3.65175768e-06  2.02488965e+00  2.94465318e+00 
 9.82551058e-02  1.02884966e+00  3.65175487e-06  2.02788965e+00  2.94765318e+00 
 9.83551058e-02  1.02884965e+00  3.65175819e-06  2.03088963e+00  2.95065318e+00 
 9.84551058e-02  1.02884971e+00  3.65175538e-06  2.03388963e+00  2.95365318e+00 
 9.85551058e-02  1.02884970e+00  3.65175869e-06  2.03688961e+00  2.95665318e+00 
 9.86551058e-02  1.02884976e+00  3.65175588e-06  2.03988961e+00  2.95965318e+00 
 9.87551058e-02  1.02884975e+00  3.65175920e-06  2.04288959e+00  2.96265318e+00 
 9.88551058e-02  1.02884981e+00  3.65175639e-06  2.04588960e+00  2.96565318e+00 
 9.89551058e-02  1.02884980e+00  3.65175970e-06  2.04888957e+00  2.96865318e+00 
 9.90551058e-02  1.02884986e+00  3.65175689e-06  2.05188958e+00  2.97165318e+00 
 9.91551058e-02  1.02884985e+00  3.65176021e-06  2.05488955e+00  2.97465318e+00 
 9.92551058e-02  1.02884991e+00  3.65175740e-06  2.05788956e+00  2.97765318e+00 
 9.93551058e-02  1.02884990e+00  3.65176071e-06  2.06088954e+00  2.98065318e+00 
 9.94551058e-02  1.02884996e+00  3.65175790e-06  2.06388954e+00  2.98365318e+00 
 9.95551058e-02  1.02884995e+00  3.65176121e-06  2.06688952e+00  2.98665318e+00 
 9.96551058e-02  1.02885001e+00  3.65175840e-06  2.06988952e+00  2.98965318e+00 
 9.97551058e-02  1.02885000e+00  3.65176171e-06  2.07288950e+00  2.99265318e+00 
 9.98551058e-02  1.02885006e+00  3.65175890e-06  2.07588950e+00  2.99565318e+00 
 9.99275529e-02  1.02885004e+00  3.65176214e-06  2.07806289e+00  2.99782659e+00 
 1.00000000e-01  1.02885010e+00  3.65175926e-06  2.08023631e+00  3.00000000e+00 
 1.00010000e-01  1.02884967e+00  3.65175665e-06  2.08023649e+00  3.00000000e+00 
 1.00030000e-01  1.02884966e+00  3.65175657e-06  2.08023650e+00  3.00000000e+00 
 1.00070000e-01  1.02884967e+00  3.65175665e-06  2.08023649e+00  3.00000000e+00 
 1.00150000e-01  1.02884966e+00  3.65175656e-06  2.08023650e+00  3.00000000e+00 
 1.00250000e-01  1.02884967e+00  3.65175665e-06  2.08023649e+00  3.00000000e+00 
 1.00350000e-01  1.02884966e+00  3.65175656e-06  2.08023650e+00  3.00000000e+00 
 1.00450000e-01  1.02884967e+00  3.65175665e-06  2.08023649e+00  3.00000000e+00 
 1.00550000e-01  1.02884966e+00  3.65175656e-06  2.08023650e+00  3.00000000e+00 
 1.00650000e-01  1.02884967e+00  3.65175665e-06  2.08023649e+00  3.00000000e+00 
 1.00750000e-01  1.02884966e+00  3.65175656e-06  2.08023650e+00  3.00000000e+00 
 1.00850000e-01  1.02884967e+00  3.65175665e-06  2.08023649e+00  3.00000000e+00 
 1.00950000e-01  1.02884966e+00  3.65175656e-06  2.08023650e+00  3.00000000e+00 
 1.01050000e-01  1.02884967e+00  3.65175665e-06  2.08023649e+00  3.00000000e+00 
 1.01150000e-01  1.02884966e+00  3.65175656e-06  2.08023650e+00  3.00000000e+00 
 1.01250000e-01  1.02884967e+00  3.65175665e-06  2.08023649e+00  3.00000000e+00 
 1.01350000e-01  1.02884966e+00  3.65175656e-06  2.08023650e+00  3.00000000e+00 
 1.01450000e-01  1.02884967e+00  3.65175665e-06  2.08023649e+00  3.00000000e+00 
 1.01550000e-01  1.02884966e+00  3.65175656e-06  2.08023650e+00  3.00000000e+00 
 1.01650000e-01  1.02884967e+00  3.65175664e-06  2.08023649e+00  3.00000000e+00 
 1.01750000e-01  1.02884966e+00  3.65175656e-06  2.08023650e+00  3.00000000e+00 
 1.01850000e-01  1.02884967e+00  3.65175664e-06  2.08023649e+00  3.00000000e+00 
 1.01950000e-01  1.02884966e+00  3.65175656e-06  2.08023650e+00  3.00000000e+00 
 1.02050000e-01  1.02884967e+00  3.65175664e-06  2.08023649e+00  3.00000000e+00 
 1.02150000e-01  1.02884966e+00  3.65175656e-06  2.08023650e+00  3.00000000e+00 
 1.02250000e-01  1.02884967e+00  3.65175664e-06  2.08023649e+00  3.00000000e+00 
 1.02350000e-01  1.02884966e+00  3.65175656e-06  2.08023650e+00  3.00000000e+00 
 1.02450000e-01  1.02884967e+00  3.65175664e-06  2.08023649e+00  3.00000000e+00 
 1.02550000e-01  1.02884966e+00  3.65175656e-06  2.08023650e+00  3.00000000e+00 
 1.02650000e-01  1.02884967e+00  3.65175664e-06  2.08023649e+00  3.00000000e+00 
 1.02750000e-01  1.02884966e+00  3.65175656e-06  2.08023650e+00  3.00000000e+00 
 1.02850000e-01  1.02884967e+00  3.65175664e-06  2.08023649e+00  3.00000000e+00 
 1.02950000e-01  1.02884966e+00  3.65175656e-06  2.08023650e+00  3.00000000e+00 
 1.03050000e-01  1.02884967e+00  3.65175664e-06  2.08023649e+00  3.00000000e+00 
 1.03150000e-01  1.02884966e+00  3.65175657e-06  2.08023650e+00  3.00000000e+00 
 1.03250000e-01  1.02884967e+00  3.65175664e-06  2.08023649e+00  3.00000000e+00 
 1.03350000e-01  1.02884966e+00  3.65175657e-06  2.08023650e+00  3.00000000e+00 
 1.03450000e-01  1.02884967e+00  3.65175664e-06  2.08023649e+00  3.00000000e+00 
 1.03550000e-01  1.02884966e+00  3.65175657e-06  2.08023650e+00  3.00000000e+00 
 1.03650000e-01  1.02884967e+00  3.65175664e-06  2.08023649e+00  3.00000000e+00 
 1.03750000e-01  1.02884966e+00  3.65175657e-06  2.08023650e+00  3.00000000e+00 
 1.03850000e-01  1.02884967e+00  3.65175664e-06  2.08023649e+00  3.00000000e+00 
 1.03950000e-01  1.02884966e+00  3.65175657e-06  2.08023650e+00  3.00000000e+00 
 1.04050000e-01  1.02884967e+00  3.65175664e-06  2.08023649e+00  3.00000000e+00 
 1.04150000e-01  1.02884966e+00  3.65175657e-06  2.08023650e+00  3.00000000e+00 
 1.04250000e-01  1.02884967e+00  3.65175664e-06  2.08023649e+00  3.00000000e+00 
 1.04350000e-01  1.02884966e+00  3.65175657e-06  2.08023650e+00  3.00000000e+00 
 1.04450000e-01  1.02884967e+00  3.65175664e-06  2.08023649e+00  3.00000000e+00 
 1.04550000e-01  1.02884966e+00  3.65175657e-06  2.08023650e+00  3.00000000e+00 
 1.04650000e-01  1.02884967e+00  3.65175664e-06  2.08023649e+00  3.00000000e+00 
 1.04750000e-01  1.02884966e+00  3.65175657e-06  2.08023650e+00  3.00000000e+00 
 1.04850000e-01  1.02884967e+00  3.65175664e-06  2.08023649e+00  3.00000000e+00 
 1.04950000e-01  1.02884966e+00  3.65175657e-06  2.08023650e+00  3.00000000e+00 
 1.05050000e-01  1.02884967e+00  3.65175664e-06  2.08023649e+00  3.00000000e+00 
 1.05150000e-01  1.02884966e+00  3.65175657e-06  2.08023650e+00  3.00000000e+00 
 1.05250000e-01  1.02884967e+00  3.65175664e-06  2.08023649e+00  3.00000000e+00 
 1.05350000e-01  1.02884966e+00  3.65175657e-06  2.08023650e+00  3.00000000e+00 
 1.05450000e-01  1.02884967e+00  3.65175664e-06  2.08023649e+00  3.00000000e+00 
 1.05550000e-01  1.02884966e+00  3.65175657e-06  2.08023650e+00  3.00000000e+00 
 1.05650000e-01  1.02884967e+00  3.65175664e-06  2.08023649e+00  3.00000000e+00 
 1.05750000e-01  1.02884966e+00  3.65175657e-06  2.08023650e+00  3.00000000e+00 
 1.05850000e-01  1.02884967e+00  3.65175664e-06  2.08023649e+00  3.00000000e+00 
 1.05950000e-01  1.02884966e+00  3.65175657e-06  2.08023650e+00  3.00000000e+00 
 1.06050000e-01  1.02884967e+00  3.65175664e-06  2.08023649e+00  3.00000000e+00 
 1.06150000e-01  1.02884966e+00  3.65175657e-06  2.08023650e+00  3.00000000e+00 
 1.06250000e-01  1.02884967e+00  3.65175664e-06  2.08023649e+00  3.00000000e+00 
 1.06350000e-01  1.02884966e+00  3.65175657e-06  2.08023650e+00  3.00000000e+00 
 1.06450000e-01  1.02884967e+00  3.65175664e-06  2.08023649e+00  3.00000000e+00 
 1.06550000e-01  1.02884966e+00  3.65175657e-06  2.08023650e+00  3.00000000e+00 
 1.06650000e-01  1.02884967e+00  3.65175664e-06  2.08023649e+00  3.00000000e+00 
 1.06750000e-01  1.02884966e+00  3.65175657e-06  2.08023649e+00  3.00000000e+00 
 1.06850000e-01  1.02884967e+00  3.65175664e-06  2.08023649e+00  3.00000000e+00 
 1.06950000e-01  1.02884966e+00  3.65175657e-06  2.08023649e+00  3.00000000e+00 
 1.07050000e-01  1.02884967e+00  3.65175664e-06  2.08023649e+00  3.00000000e+00 
 1.07150000e-01  1.02884966e+00  3.65175657e-06  2.08023649e+00  3.00000000e+00 
 1.07250000e-01  1.02884967e+00  3.65175664e-06  2.08023649e+00  3.00000000e+00 
 1.07350000e-01  1.02884966e+00  3.65175657e-06  2.08023649e+00  3.00000000e+00 
 1.07450000e-01  1.02884967e+00  3.65175664e-06  2.08023649e+00  3.00000000e+00 
 1.07550000e-01  1.02884966e+00  3.65175657e-06  2.08023649e+00  3.00000000e+00 
 1.07650000e-01  1.02884967e+00  3.65175664e-06  2.08023649e+00  3.00000000e+00 
 1.07750000e-01  1.02884966e+00  3.65175657e-06  2.08023649e+00  3.00000000e+00 
 1.07850000e-01  1.02884967e+00  3.65175664e-06  2.08023649e+00  3.00000000e+00 
 1.07950000e-01  1.02884966e+00  3.65175657e-06  2.08023649e+00  3.00000000e+00 
 1.08050000e-01  1.02884967e+00  3.65175663e-06  2.08023649e+00  3.00000000e+00 
 1.08150000e-01  1.02884966e+00  3.65175657e-06  2.08023649e+00  3.00000000e+00 
 1.08250000e-01  1.02884967e+00  3.65175663e-06  2.08023649e+00  3.00000000e+00 
 1.08350000e-01  1.02884966e+00  3.65175657e-06  2.08023649e+00  3.00000000e+00 
 1.08450000e-01  1.02884967e+00  3.65175663e-06  2.08023649e+00  3.00000000e+00 
 1.08550000e-01  1.02884966e+00  3.65175657e-06  2.08023649e+00  3.00000000e+00 
 1.08650000e-01  1.02884967e+00  3.65175663e-06  2.08023649e+00  3.00000000e+00 
 1.08750000e-01  1.02884966e+00  3.65175657e-06  2.08023649e+00  3.00000000e+00 
 1.08850000e-01  1.02884967e+00  3.65175663e-06  2.08023649e+00  3.00000000e+00 
 1.08950000e-01  1.02884966e+00  3.65175657e-06  2.08023649e+00  3.00000000e+00 
 1.09050000e-01  1.02884967e+00  3.65175663e-06  2.08023649e+00  3.00000000e+00 
 1.09150000e-01  1.02884966e+00  3.65175657e-06  2.08023649e+00  3.00000000e+00 
 1.09250000e-01  1.02884967e+00  3.65175663e-06  2.08023649e+00  3.00000000e+00 
 1.09350000e-01  1.02884966e+00  3.65175657e-06  2.08023649e+00  3.00000000e+00 
 1.09450000e-01  1.02884967e+00  3.65175663e-06  2.08023649e+00  3.00000000e+00 
 1.09550000e-01  1.02884966e+00  3.65175657e-06  2.08023649e+00  3.00000000e+00 
 1.09650000e-01  1.02884967e+00  3.65175663e-06  2.08023649e+00  3.00000000e+00 
 1.09750000e-01  1.02884966e+00  3.65175657e-06  2.08023649e+00  3.00000000e+00 
 1.09850000e-01  1.02884967e+00  3.65175663e-06  2.08023649e+00  3.00000000e+00 
 1.09950000e-01  1.02884966e+00  3.65175658e-06  2.08023649e+00  3.00000000e+00 
 1.10050000e-01  1.02884967e+00  3.65175663e-06  2.08023649e+00  3.00000000e+00 
 1.10150000e-01  1.02884966e+00  3.65175658e-06  2.08023649e+00  3.00000000e+00 
 1.10250000e-01  1.02884967e+00  3.65175663e-06  2.08023649e+00  3.00000000e+00 
 1.10350000e-01  1.02884966e+00  3.65175658e-06  2.08023649e+00  3.00000000e+00 
 1.10450000e-01  1.02884967e+00  3.65175663e-06  2.08023649e+00  3.00000000e+00 
 1.10550000e-01  1.02884966e+00  3.65175658e-06  2.08023649e+00  3.00000000e+00 
 1.10650000e-01  1.02884967e+00  3.65175663e-06  2.08023649e+00  3.00000000e+00 
 1.10750000e-01  1.02884966e+00  3.65175658e-06  2.08023649e+00  3.00000000e+00 
 1.10850000e-01  1.02884967e+00  3.65175663e-06  2.08023649e+00  3.00000000e+00 
 1.10950000e-01  1.02884966e+00  3.65175658e-06  2.08023649e+00  3.00000000e+00 
 1.11050000e-01  1.02884967e+00  3.65175663e-06  2.08023649e+00  3.00000000e+00 
 1.11150000e-01  1.02884966e+00  3.65175658e-06  2.08023649e+00  3.00000000e+00 
 1.11250000e-01  1.02884967e+00  3.65175663e-06  2.08023649e+00  3.00000000e+00 
 1.11350000e-01  1.02884966e+00  3.65175658e-06  2.08023649e+00  3.00000000e+00 
 1.11450000e-01  1.02884967e+00  3.65175663e-06  2.08023649e+00  3.00000000e+00 
 1.11550000e-01  1.02884966e+00  3.65175658e-06  2.08023649e+00  3.00000000e+00 
 1.11650000e-01  1.02884967e+00  3.65175663e-06  2.08023649e+00  3.00000000e+00 
 1.11750000e-01  1.02884966e+00  3.65175658e-06  2.08023649e+00  3.00000000e+00 
 1.11850000e-01  1.02884967e+00  3.65175663e-06  2.08023649e+00  3.00000000e+00 
 1.11950000e-01  1.02884966e+00  3.65175658e-06  2.08023649e+00  3.00000000e+00 
 1.12050000e-01  1.02884967e+00  3.65175663e-06  2.08023649e+00  3.00000000e+00 
 1.12150000e-01  1.02884966e+00  3.65175658e-06  2.08023649e+00  3.00000000e+00 
 1.12250000e-01  1.02884967e+00  3.65175663e-06  2.08023649e+00  3.00000000e+00 
 1.12350000e-01  1.02884966e+00  3.65175658e-06  2.08023649e+00  3.00000000e+00 
 1.12450000e-01  1.02884967e+00  3.65175663e-06  2.08023649e+00  3.00000000e+00 
 1.12550000e-01  1.02884966e+00  3.65175658e-06  2.08023649e+00  3.00000000e+00 
 1.12650000e-01  1.02884967e+00  3.65175663e-06  2.08023649e+00  3.00000000e+00 
 1.12750000e-01  1.02884966e+00  3.65175658e-06  2.08023649e+00  3.00000000e+00 
 1.12850000e-01  1.02884967e+00  3.65175663e-06  2.08023649e+00  3.00000000e+00 
 1.12950000e-01  1.02884966e+00  3.65175658e-06  2.08023649e+00  3.00000000e+00 
 1.13050000e-01  1.02884967e+00  3.65175663e-06  2.08023649e+00  3.00000000e+00 
 1.13150000e-01  1.02884966e+00  3.65175658e-06  2.08023649e+00  3.00000000e+00 
 1.13250000e-01  1.02884967e+00  3.65175663e-06  2.08023649e+00  3.00000000e+00 
 1.13350000e-01  1.02884966e+00  3.65175658e-06  2.08023649e+00  3.00000000e+00 
 1.13450000e-01  1.02884967e+00  3.65175663e-06  2.08023649e+00  3.00000000e+00 
 1.13550000e-01  1.02884966e+00  3.65175658e-06  2.08023649e+00  3.00000000e+00 
 1.13650000e-01  1.02884967e+00  3.65175663e-06  2.08023649e+00  3.00000000e+00 
 1.13750000e-01  1.02884966e+00  3.65175658e-06  2.08023649e+00  3.00000000e+00 
 1.13850000e-01  1.02884967e+00  3.65175663e-06  2.08023649e+00  3.00000000e+00 
 1.13950000e-01  1.02884966e+00  3.65175658e-06  2.08023649e+00  3.00000000e+00 
 1.14050000e-01  1.02884967e+00  3.65175663e-06  2.08023649e+00  3.00000000e+00 
 1.14150000e-01  1.02884966e+00  3.65175658e-06  2.08023649e+00  3.00000000e+00 
 1.14250000e-01  1.02884967e+00  3.65175663e-06  2.08023649e+00  3.00000000e+00 
 1.14350000e-01  1.02884966e+00  3.65175658e-06  2.08023649e+00  3.00000000e+00 
 1.14450000e-01  1.02884967e+00  3.65175663e-06  2.08023649e+00  3.00000000e+00 
 1.14550000e-01  1.02884966e+00  3.65175658e-06  2.08023649e+00  3.00000000e+00 
 1.14650000e-01  1.02884967e+00  3.65175663e-06  2.08023649e+00  3.00000000e+00 
 1.14750000e-01  1.02884966e+00  3.65175658e-06  2.08023649e+00  3.00000000e+00 
 1.14850000e-01  1.02884967e+00  3.65175663e-06  2.08023649e+00  3.00000000e+00 
 1.14950000e-01  1.02884966e+00  3.65175658e-06  2.08023649e+00  3.00000000e+00 
 1.15050000e-01  1.02884967e+00  3.65175663e-06  2.08023649e+00  3.00000000e+00 
 1.15150000e-01  1.02884966e+00  3.65175658e-06  2.08023649e+00  3.00000000e+00 
 1.15250000e-01  1.02884967e+00  3.65175663e-06  2.08023649e+00  3.00000000e+00 
 1.15350000e-01  1.02884966e+00  3.65175658e-06  2.08023649e+00  3.00000000e+00 
 1.15450000e-01  1.02884967e+00  3.65175663e-06  2.08023649e+00  3.00000000e+00 
 1.15550000e-01  1.02884966e+00  3.65175658e-06  2.08023649e+00  3.00000000e+00 
 1.15650000e-01  1.02884967e+00  3.65175663e-06  2.08023649e+00  3.00000000e+00 
 1.15750000e-01  1.02884966e+00  3.65175658e-06  2.08023649e+00  3.00000000e+00 
 1.15850000e-01  1.02884967e+00  3.65175663e-06  2.08023649e+00  3.00000000e+00 
 1.15950000e-01  1.02884966e+00  3.65175658e-06  2.08023649e+00  3.00000000e+00 
 1.16050000e-01  1.02884967e+00  3.65175663e-06  2.08023649e+00  3.00000000e+00 
 1.16150000e-01  1.02884966e+00  3.65175658e-06  2.08023649e+00  3.00000000e+00 
 1.16250000e-01  1.02884967e+00  3.65175663e-06  2.08023649e+00  3.00000000e+00 
 1.16350000e-01  1.02884966e+00  3.65175658e-06  2.08023649e+00  3.00000000e+00 
 1.16450000e-01  1.02884967e+00  3.65175662e-06  2.08023649e+00  3.00000000e+00 
 1.16550000e-01  1.02884966e+00  3.65175658e-06  2.08023649e+00  3.00000000e+00 
 1.16650000e-01  1.02884967e+00  3.65175663e-06  2.08023649e+00  3.00000000e+00 
 1.16750000e-01  1.02884966e+00  3.65175658e-06  2.08023649e+00  3.00000000e+00 
 1.16850000e-01  1.02884967e+00  3.65175662e-06  2.08023649e+00  3.00000000e+00 
 1.16950000e-01  1.02884966e+00  3.65175658e-06  2.08023649e+00  3.00000000e+00 
 1.17050000e-01  1.02884967e+00  3.65175662e-06  2.08023649e+00  3.00000000e+00 
 1.17150000e-01  1.02884966e+00  3.65175658e-06  2.08023649e+00  3.00000000e+00 
 1.17250000e-01  1.02884967e+00  3.65175662e-06  2.08023649e+00  3.00000000e+00 
 1.17350000e-01  1.02884966e+00  3.65175658e-06  2.08023649e+00  3.00000000e+00 
 1.17450000e-01  1.02884967e+00  3.65175662e-06  2.08023649e+00  3.00000000e+00 
 1.17550000e-01  1.02884966e+00  3.65175658e-06  2.08023649e+00  3.00000000e+00 
 1.17650000e-01  1.02884967e+00  3.65175662e-06  2.08023649e+00  3.00000000e+00 
 1.17750000e-01  1.02884966e+00  3.65175658e-06  2.08023649e+00  3.00000000e+00 
 1.17850000e-01  1.02884967e+00  3.65175662e-06  2.08023649e+00  3.00000000e+00 
 1.17950000e-01  1.02884966e+00  3.65175658e-06  2.08023649e+00  3.00000000e+00 
 1.18050000e-01  1.02884967e+00  3.65175662e-06  2.08023649e+00  3.00000000e+00 
 1.18150000e-01  1.02884966e+00  3.65175658e-06  2.08023649e+00  3.00000000e+00 
 1.18250000e-01  1.02884967e+00  3.65175662e-06  2.08023649e+00  3.00000000e+00 
 1.18350000e-01  1.02884966e+00  3.65175658e-06  2.08023649e+00  3.00000000e+00 
 1.18450000e-01  1.02884967e+00  3.65175662e-06  2.08023649e+00  3.00000000e+00 
 1.18550000e-01  1.02884966e+00  3.65175658e-06  2.08023649e+00  3.00000000e+00 
 1.18650000e-01  1.02884967e+00  3.65175662e-06  2.08023649e+00  3.00000000e+00 
 1.18750000e-01  1.02884966e+00  3.65175658e-06  2.08023649e+00  3.00000000e+00 
 1.18850000e-01  1.02884967e+00  3.65175662e-06  2.08023649e+00  3.00000000e+00 
 1.18950000e-01  1.02884966e+00  3.65175658e-06  2.08023649e+00  3.00000000e+00 
 1.19050000e-01  1.02884967e+00  3.65175662e-06  2.08023649e+00  3.00000000e+00 
 1.19150000e-01  1.02884966e+00  3.65175658e-06  2.08023649e+00  3.00000000e+00 
 1.19250000e-01  1.02884967e+00  3.65175662e-06  2.08023649e+00  3.00000000e+00 
 1.19350000e-01  1.02884966e+00  3.65175658e-06  2.08023649e+00  3.00000000e+00 
 1.19450000e-01  1.02884967e+00  3.65175662e-06  2.08023649e+00  3.00000000e+00 
 1.19550000e-01  1.02884966e+00  3.65175659e-06  2.08023649e+00  3.00000000e+00 
 1.19650000e-01  1.02884967e+00  3.65175662e-06  2.08023649e+00  3.00000000e+00 
 1.19750000e-01  1.02884966e+00  3.65175659e-06  2.08023649e+00  3.00000000e+00 
 1.19850000e-01  1.02884967e+00  3.65175662e-06  2.08023649e+00  3.00000000e+00 
 1.19950000e-01  1.02884966e+00  3.65175659e-06  2.08023649e+00  3.00000000e+00 
 1.20050000e-01  1.02884967e+00  3.65175662e-06  2.08023649e+00  3.00000000e+00 
 1.20150000e-01  1.02884966e+00  3.65175659e-06  2.08023649e+00  3.00000000e+00 
 1.20250000e-01  1.02884967e+00  3.65175662e-06  2.08023649e+00  3.00000000e+00 
 1.20350000e-01  1.02884966e+00  3.65175659e-06  2.08023649e+00  3.00000000e+00 
 1.20450000e-01  1.02884967e+00  3.65175662e-06  2.08023649e+00  3.00000000e+00 
 1.20550000e-01  1.02884966e+00  3.65175659e-06  2.08023649e+00  3.00000000e+00 
 1.20650000e-01  1.02884967e+00  3.65175662e-06  2.08023649e+00  3.00000000e+00 
 1.20750000e-01  1.02884966e+00  3.65175659e-06  2.08023649e+00  3.00000000e+00 
 1.20850000e-01  1.02884967e+00  3.65175662e-06  2.08023649e+00  3.00000000e+00 
 1.20950000e-01  1.02884966e+00  3.65175659e-06  2.08023649e+00  3.00000000e+00 
 1.21050000e-01  1.02884967e+00  3.65175662e-06  2.08023649e+00  3.00000000e+00 
 1.21150000e-01  1.02884966e+00  3.65175659e-06  2.08023649e+00  3.00000000e+00 
 1.21250000e-01  1.02884967e+00  3.65175662e-06  2.08023649e+00  3.00000000e+00 
 1.21350000e-01  1.02884966e+00  3.65175659e-06  2.08023649e+00  3.00000000e+00 
 1.21450000e-01  1.02884967e+00  3.65175662e-06  2.08023649e+00  3.00000000e+00 
 1.21550000e-01  1.02884966e+00  3.65175659e-06  2.08023649e+00  3.00000000e+00 
 1.21650000e-01  1.02884967e+00  3.65175662e-06  2.08023649e+00  3.00000000e+00 
 1.21750000e-01  1.02884966e+00  3.65175659e-06  2.08023649e+00  3.00000000e+00 
 1.21850000e-01  1.02884967e+00  3.65175662e-06  2.08023649e+00  3.00000000e+00 
 1.21950000e-01  1.02884966e+00  3.65175659e-06  2.08023649e+00  3.00000000e+00 
 1.22050000e-01  1.02884967e+00  3.65175662e-06  2.08023649e+00  3.00000000e+00 
 1.22150000e-01  1.02884966e+00  3.65175659e-06  2.08023649e+00  3.00000000e+00 
 1.22250000e-01  1.02884967e+00  3.65175662e-06  2.08023649e+00  3.00000000e+00 
 1.22350000e-01  1.02884966e+00  3.65175659e-06  2.08023649e+00  3.00000000e+00 
 1.22450000e-01  1.02884967e+00  3.65175662e-06  2.08023649e+00  3.00000000e+00 
 1.22550000e-01  1.02884966e+00  3.65175659e-06  2.08023649e+00  3.00000000e+00 
 1.22650000e-01  1.02884967e+00  3.65175662e-06  2.08023649e+00  3.00000000e+00 
 1.22750000e-01  1.02884966e+00  3.65175659e-06  2.08023649e+00  3.00000000e+00 
 1.22850000e-01  1.02884967e+00  3.65175662e-06  2.08023649e+00  3.00000000e+00 
 1.22950000e-01  1.02884966e+00  3.65175659e-06  2.08023649e+00  3.00000000e+00 
 1.23050000e-01  1.02884967e+00  3.65175662e-06  2.08023649e+00  3.00000000e+00 
 1.23150000e-01  1.02884966e+00  3.65175659e-06  2.08023649e+00  3.00000000e+00 
 1.23250000e-01  1.02884967e+00  3.65175662e-06  2.08023649e+00  3.00000000e+00 
 1.23350000e-01  1.02884966e+00  3.65175659e-06  2.08023649e+00  3.00000000e+00 
 1.23450000e-01  1.02884967e+00  3.65175662e-06  2.08023649e+00  3.00000000e+00 
 1.23550000e-01  1.02884966e+00  3.65175659e-06  2.08023649e+00  3.00000000e+00 
 1.23650000e-01  1.02884967e+00  3.65175662e-06  2.08023649e+00  3.00000000e+00 
 1.23750000e-01  1.02884966e+00  3.65175659e-06  2.08023649e+00  3.00000000e+00 
 1.23850000e-01  1.02884967e+00  3.65175662e-06  2.08023649e+00  3.00000000e+00 
 1.23950000e-01  1.02884966e+00  3.65175659e-06  2.08023649e+00  3.00000000e+00 
 1.24050000e-01  1.02884967e+00  3.65175662e-06  2.08023649e+00  3.00000000e+00 
 1.24150000e-01  1.02884966e+00  3.65175659e-06  2.08023649e+00  3.00000000e+00 
 1.24250000e-01  1.02884967e+00  3.65175662e-06  2.08023649e+00  3.00000000e+00 
 1.24350000e-01  1.02884966e+00  3.65175659e-06  2.08023649e+00  3.00000000e+00 
 1.24450000e-01  1.02884967e+00  3.65175662e-06  2.08023649e+00  3.00000000e+00 
 1.24550000e-01  1.02884966e+00  3.65175659e-06  2.08023649e+00  3.00000000e+00 
 1.24650000e-01  1.02884967e+00  3.65175662e-06  2.08023649e+00  3.00000000e+00 
 1.24750000e-01  1.02884966e+00  3.65175659e-06  2.08023649e+00  3.00000000e+00 
 1.24850000e-01  1.02884967e+00  3.65175662e-06  2.08023649e+00  3.00000000e+00 
 1.24950000e-01  1.02884966e+00  3.65175659e-06  2.08023649e+00  3.00000000e+00 
 1.25050000e-01  1.02884967e+00  3.65175662e-06  2.08023649e+00  3.00000000e+00 
 1.25150000e-01  1.02884966e+00  3.65175659e-06  2.08023649e+00  3.00000000e+00 
 1.25250000e-01  1.02884967e+00  3.65175662e-06  2.08023649e+00  3.00000000e+00 
 1.25350000e-01  1.02884966e+00  3.65175659e-06  2.08023649e+00  3.00000000e+00 
 1.25450000e-01  1.02884967e+00  3.65175662e-06  2.08023649e+00  3.00000000e+00 
 1.25550000e-01  1.02884966e+00  3.65175659e-06  2.08023649e+00  3.00000000e+00 
 1.25650000e-01  1.02884967e+00  3.65175662e-06  2.08023649e+00  3.00000000e+00 
 1.25750000e-01  1.02884966e+00  3.65175659e-06  2.08023649e+00  3.00000000e+00 
 1.25850000e-01  1.02884967e+00  3.65175662e-06  2.08023649e+00  3.00000000e+00 
 1.25950000e-01  1.02884966e+00  3.65175659e-06  2.08023649e+00  3.00000000e+00 
 1.26050000e-01  1.02884967e+00  3.65175662e-06  2.08023649e+00  3.00000000e+00 
 1.26150000e-01  1.02884966e+00  3.65175659e-06  2.08023649e+00  3.00000000e+00 
 1.26250000e-01  1.02884967e+00  3.65175662e-06  2.08023649e+00  3.00000000e+00 
 1.26350000e-01  1.02884966e+00  3.65175659e-06  2.08023649e+00  3.00000000e+00 
 1.26450000e-01  1.02884967e+00  3.65175662e-06  2.08023649e+00  3.00000000e+00 
 1.26550000e-01  1.02884966e+00  3.65175659e-06  2.08023649e+00  3.00000000e+00 
 1.26650000e-01  1.02884966e+00  3.65175662e-06  2.08023649e+00  3.00000000e+00 
 1.26750000e-01  1.02884966e+00  3.65175659e-06  2.08023649e+00  3.00000000e+00 
 1.26850000e-01  1.02884966e+00  3.65175662e-06  2.08023649e+00  3.00000000e+00 
 1.26950000e-01  1.02884966e+00  3.65175659e-06  2.08023649e+00  3.00000000e+00 
 1.27050000e-01  1.02884966e+00  3.65175662e-06  2.08023649e+00  3.00000000e+00 
 1.27150000e-01  1.02884966e+00  3.65175659e-06  2.08023649e+00  3.00000000e+00 
 1.27250000e-01  1.02884966e+00  3.65175662e-06  2.08023649e+00  3.00000000e+00 
 1.27350000e-01  1.02884966e+00  3.65175659e-06  2.08023649e+00  3.00000000e+00 
 1.27450000e-01  1.02884966e+00  3.65175662e-06  2.08023649e+00  3.00000000e+00 
 1.27550000e-01  1.02884966e+00  3.65175659e-06  2.08023649e+00  3.00000000e+00 
 1.27650000e-01  1.02884966e+00  3.65175662e-06  2.08023649e+00  3.00000000e+00 
 1.27750000e-01  1.02884966e+00  3.65175659e-06  2.08023649e+00  3.00000000e+00 
 1.27850000e-01  1.02884966e+00  3.65175662e-06  2.08023649e+00  3.00000000e+00 
 1.27950000e-01  1.02884966e+00  3.65175659e-06  2.08023649e+00  3.00000000e+00 
 1.28050000e-01  1.02884966e+00  3.65175662e-06  2.08023649e+00  3.00000000e+00 
 1.28150000e-01  1.02884966e+00  3.65175659e-06  2.08023649e+00  3.00000000e+00 
 1.28250000e-01  1.02884966e+00  3.65175662e-06  2.08023649e+00  3.00000000e+00 
 1.28350000e-01  1.02884966e+00  3.65175659e-06  2.08023649e+00  3.00000000e+00 
 1.28450000e-01  1.02884966e+00  3.65175662e-06  2.08023649e+00  3.00000000e+00 
 1.28550000e-01  1.02884966e+00  3.65175659e-06  2.08023649e+00  3.00000000e+00 
 1.28650000e-01  1.02884966e+00  3.65175662e-06  2.08023649e+00  3.00000000e+00 
 1.28750000e-01  1.02884966e+00  3.65175659e-06  2.08023649e+00  3.00000000e+00 
 1.28850000e-01  1.02884966e+00  3.65175662e-06  2.08023649e+00  3.00000000e+00 
 1.28950000e-01  1.02884966e+00  3.65175659e-06  2.08023649e+00  3.00000000e+00 
 1.29050000e-01  1.02884966e+00  3.65175662e-06  2.08023649e+00  3.00000000e+00 
 1.29150000e-01  1.02884966e+00  3.65175659e-06  2.08023649e+00  3.00000000e+00 
 1.29250000e-01  1.02884966e+00  3.65175662e-06  2.08023649e+00  3.00000000e+00 
 1.29350000e-01  1.02884966e+00  3.65175659e-06  2.08023649e+00  3.00000000e+00 
 1.29450000e-01  1.02884966e+00  3.65175662e-06  2.08023649e+00  3.00000000e+00 
 1.29550000e-01  1.02884966e+00  3.65175659e-06  2.08023649e+00  3.00000000e+00 
 1.29650000e-01  1.02884966e+00  3.65175662e-06  2.08023649e+00  3.00000000e+00 
 1.29750000e-01  1.02884966e+00  3.65175659e-06  2.08023649e+00  3.00000000e+00 
 1.29850000e-01  1.02884966e+00  3.65175662e-06  2.08023649e+00  3.00000000e+00 
 1.29925000e-01  1.02884966e+00  3.65175659e-06  2.08023649e+00  3.00000000e+00 
 1.30000000e-01  1.02884966e+00  3.65175662e-06  2.08023649e+00  3.00000000e+00 
