-6.00000000e-02  2.09003060e+00 -6.00000000e-02  2.12863402e+00 -6.00000000e-02 -3.01300963e-03 -6.00000000e-02 -4.04461589e-04 -6.00000000e-02  7.99622815e-01 -6.00000000e-02  1.00068309e+00 -6.00000000e-02  7.99622592e-01 -6.00000000e-02  1.00038913e+00 -6.00000000e-02  7.99622478e-01 -6.00000000e-02  1.00024181e+00 -6.00000000e-02  7.99622420e-01 -6.00000000e-02  1.00016806e+00 -6.00000000e-02  7.99622391e-01 -6.00000000e-02  1.00013116e+00 
-5.99000000e-02  2.09023176e+00 -5.99000000e-02  2.12843368e+00 -5.99000000e-02 -3.01300687e-03 -5.99000000e-02 -4.04463960e-04 -5.99000000e-02  7.99622816e-01 -5.99000000e-02  1.00068235e+00 -5.99000000e-02  7.99622592e-01 -5.99000000e-02  1.00038876e+00 -5.99000000e-02  7.99622478e-01 -5.99000000e-02  1.00024162e+00 -5.99000000e-02  7.99622420e-01 -5.99000000e-02  1.00016796e+00 -5.99000000e-02  7.99622392e-01 -5.99000000e-02  1.00013111e+00 
-5.98000000e-02  2.09043310e+00 -5.98000000e-02  2.12823316e+00 -5.98000000e-02 -3.01300411e-03 -5.98000000e-02 -4.04466330e-04 -5.98000000e-02  7.99622816e-01 -5.98000000e-02  1.00068162e+00 -5.98000000e-02  7.99622592e-01 -5.98000000e-02  1.00038839e+00 -5.98000000e-02  7.99622478e-01 -5.98000000e-02  1.00024144e+00 -5.98000000e-02  7.99622421e-01 -5.98000000e-02  1.00016787e+00 -5.98000000e-02  7.99622392e-01 -5.98000000e-02  1.00013107e+00 
-5.97000000e-02  2.09063447e+00 -5.97000000e-02  2.12803260e+00 -5.97000000e-02 -3.01300134e-03 -5.97000000e-02 -4.04468700e-04 -5.97000000e-02  7.99622817e-01 -5.97000000e-02  1.00068088e+00 -5.97000000e-02  7.99622593e-01 -5.97000000e-02  1.00038802e+00 -5.97000000e-02  7.99622478e-01 -5.97000000e-02  1.00024125e+00 -5.97000000e-02  7.99622421e-01 -5.97000000e-02  1.00016778e+00 -5.97000000e-02  7.99622392e-01 -5.97000000e-02  1.00013102e+00 
-5.96000000e-02  2.09083594e+00 -5.96000000e-02  2.12783196e+00 -5.96000000e-02 -3.01299858e-03 -5.96000000e-02 -4.04471069e-04 -5.96000000e-02  7.99622818e-01 -5.96000000e-02  1.00068014e+00 -5.96000000e-02  7.99622593e-01 -5.96000000e-02  1.00038766e+00 -5.96000000e-02  7.99622479e-01 -5.96000000e-02  1.00024107e+00 -5.96000000e-02  7.99622421e-01 -5.96000000e-02  1.00016769e+00 -5.96000000e-02  7.99622392e-01 -5.96000000e-02  1.00013097e+00 
-5.95000000e-02  2.09103748e+00 -5.95000000e-02  2.12763123e+00 -5.95000000e-02 -3.01299582e-03 -5.95000000e-02 -4.04473438e-04 -5.95000000e-02  7.99622818e-01 -5.95000000e-02  1.00067941e+00 -5.95000000e-02  7.99622593e-01 -5.95000000e-02  1.00038729e+00 -5.95000000e-02  7.99622479e-01 -5.95000000e-02  1.00024088e+00 -5.95000000e-02  7.99622421e-01 -5.95000000e-02  1.00016759e+00 -5.95000000e-02  7.99622392e-01 -5.95000000e-02  1.00013093e+00 
-5.94000000e-02  2.09123912e+00 -5.94000000e-02  2.12743041e+00 -5.94000000e-02 -3.01299306e-03 -5.94000000e-02 -4.04475807e-04 -5.94000000e-02  7.99622819e-01 -5.94000000e-02  1.00067867e+00 -5.94000000e-02  7.99622594e-01 -5.94000000e-02  1.00038692e+00 -5.94000000e-02  7.99622479e-01 -5.94000000e-02  1.00024070e+00 -5.94000000e-02  7.99622421e-01 -5.94000000e-02  1.00016750e+00 -5.94000000e-02  7.99622392e-01 -5.94000000e-02  1.00013088e+00 
-5.93000000e-02  2.09144084e+00 -5.93000000e-02  2.12722950e+00 -5.93000000e-02 -3.01299030e-03 -5.93000000e-02 -4.04478175e-04 -5.93000000e-02  7.99622820e-01 -5.93000000e-02  1.00067794e+00 -5.93000000e-02  7.99622594e-01 -5.93000000e-02  1.00038655e+00 -5.93000000e-02  7.99622479e-01 -5.93000000e-02  1.00024051e+00 -5.93000000e-02  7.99622421e-01 -5.93000000e-02  1.00016741e+00 -5.93000000e-02  7.99622392e-01 -5.93000000e-02  1.00013084e+00 
-5.92000000e-02  2.09164264e+00 -5.92000000e-02  2.12702852e+00 -5.92000000e-02 -3.01298754e-03 -5.92000000e-02 -4.04480542e-04 -5.92000000e-02  7.99622820e-01 -5.92000000e-02  1.00067720e+00 -5.92000000e-02  7.99622594e-01 -5.92000000e-02  1.00038618e+00 -5.92000000e-02  7.99622479e-01 -5.92000000e-02  1.00024033e+00 -5.92000000e-02  7.99622421e-01 -5.92000000e-02  1.00016732e+00 -5.92000000e-02  7.99622392e-01 -5.92000000e-02  1.00013079e+00 
-5.91000000e-02  2.09184453e+00 -5.91000000e-02  2.12682744e+00 -5.91000000e-02 -3.01298478e-03 -5.91000000e-02 -4.04482909e-04 -5.91000000e-02  7.99622821e-01 -5.91000000e-02  1.00067647e+00 -5.91000000e-02  7.99622595e-01 -5.91000000e-02  1.00038581e+00 -5.91000000e-02  7.99622479e-01 -5.91000000e-02  1.00024014e+00 -5.91000000e-02  7.99622421e-01 -5.91000000e-02  1.00016723e+00 -5.91000000e-02  7.99622392e-01 -5.91000000e-02  1.00013074e+00 
-5.90000000e-02  2.09204651e+00 -5.90000000e-02  2.12662628e+00 -5.90000000e-02 -3.01298202e-03 -5.90000000e-02 -4.04485276e-04 -5.90000000e-02  7.99622821e-01 -5.90000000e-02  1.00067573e+00 -5.90000000e-02  7.99622595e-01 -5.90000000e-02  1.00038545e+00 -5.90000000e-02  7.99622480e-01 -5.90000000e-02  1.00023996e+00 -5.90000000e-02  7.99622421e-01 -5.90000000e-02  1.00016713e+00 -5.90000000e-02  7.99622392e-01 -5.90000000e-02  1.00013070e+00 
-5.89000000e-02  2.09224857e+00 -5.89000000e-02  2.12642503e+00 -5.89000000e-02 -3.01297926e-03 -5.89000000e-02 -4.04487642e-04 -5.89000000e-02  7.99622822e-01 -5.89000000e-02  1.00067500e+00 -5.89000000e-02  7.99622595e-01 -5.89000000e-02  1.00038508e+00 -5.89000000e-02  7.99622480e-01 -5.89000000e-02  1.00023978e+00 -5.89000000e-02  7.99622421e-01 -5.89000000e-02  1.00016704e+00 -5.89000000e-02  7.99622392e-01 -5.89000000e-02  1.00013065e+00 
-5.88000000e-02  2.09245072e+00 -5.88000000e-02  2.12622370e+00 -5.88000000e-02 -3.01297651e-03 -5.88000000e-02 -4.04490008e-04 -5.88000000e-02  7.99622823e-01 -5.88000000e-02  1.00067427e+00 -5.88000000e-02  7.99622596e-01 -5.88000000e-02  1.00038471e+00 -5.88000000e-02  7.99622480e-01 -5.88000000e-02  1.00023959e+00 -5.88000000e-02  7.99622421e-01 -5.88000000e-02  1.00016695e+00 -5.88000000e-02  7.99622392e-01 -5.88000000e-02  1.00013061e+00 
-5.87000000e-02  2.09265295e+00 -5.87000000e-02  2.12602229e+00 -5.87000000e-02 -3.01297375e-03 -5.87000000e-02 -4.04492373e-04 -5.87000000e-02  7.99622823e-01 -5.87000000e-02  1.00067353e+00 -5.87000000e-02  7.99622596e-01 -5.87000000e-02  1.00038434e+00 -5.87000000e-02  7.99622480e-01 -5.87000000e-02  1.00023941e+00 -5.87000000e-02  7.99622421e-01 -5.87000000e-02  1.00016686e+00 -5.87000000e-02  7.99622392e-01 -5.87000000e-02  1.00013056e+00 
-5.86000000e-02  2.09285526e+00 -5.86000000e-02  2.12582079e+00 -5.86000000e-02 -3.01297099e-03 -5.86000000e-02 -4.04494738e-04 -5.86000000e-02  7.99622824e-01 -5.86000000e-02  1.00067280e+00 -5.86000000e-02  7.99622596e-01 -5.86000000e-02  1.00038397e+00 -5.86000000e-02  7.99622480e-01 -5.86000000e-02  1.00023922e+00 -5.86000000e-02  7.99622422e-01 -5.86000000e-02  1.00016676e+00 -5.86000000e-02  7.99622392e-01 -5.86000000e-02  1.00013051e+00 
-5.85000000e-02  2.09305766e+00 -5.85000000e-02  2.12561920e+00 -5.85000000e-02 -3.01296824e-03 -5.85000000e-02 -4.04497102e-04 -5.85000000e-02  7.99622825e-01 -5.85000000e-02  1.00067206e+00 -5.85000000e-02  7.99622597e-01 -5.85000000e-02  1.00038361e+00 -5.85000000e-02  7.99622480e-01 -5.85000000e-02  1.00023904e+00 -5.85000000e-02  7.99622422e-01 -5.85000000e-02  1.00016667e+00 -5.85000000e-02  7.99622392e-01 -5.85000000e-02  1.00013047e+00 
-5.84000000e-02  2.09326014e+00 -5.84000000e-02  2.12541753e+00 -5.84000000e-02 -3.01296548e-03 -5.84000000e-02 -4.04499466e-04 -5.84000000e-02  7.99622825e-01 -5.84000000e-02  1.00067133e+00 -5.84000000e-02  7.99622597e-01 -5.84000000e-02  1.00038324e+00 -5.84000000e-02  7.99622480e-01 -5.84000000e-02  1.00023886e+00 -5.84000000e-02  7.99622422e-01 -5.84000000e-02  1.00016658e+00 -5.84000000e-02  7.99622392e-01 -5.84000000e-02  1.00013042e+00 
-5.83000000e-02  2.09346271e+00 -5.83000000e-02  2.12521578e+00 -5.83000000e-02 -3.01296272e-03 -5.83000000e-02 -4.04501829e-04 -5.83000000e-02  7.99622826e-01 -5.83000000e-02  1.00067060e+00 -5.83000000e-02  7.99622597e-01 -5.83000000e-02  1.00038287e+00 -5.83000000e-02  7.99622481e-01 -5.83000000e-02  1.00023867e+00 -5.83000000e-02  7.99622422e-01 -5.83000000e-02  1.00016649e+00 -5.83000000e-02  7.99622392e-01 -5.83000000e-02  1.00013038e+00 
-5.82000000e-02  2.09366536e+00 -5.82000000e-02  2.12501394e+00 -5.82000000e-02 -3.01295997e-03 -5.82000000e-02 -4.04504192e-04 -5.82000000e-02  7.99622826e-01 -5.82000000e-02  1.00066986e+00 -5.82000000e-02  7.99622597e-01 -5.82000000e-02  1.00038250e+00 -5.82000000e-02  7.99622481e-01 -5.82000000e-02  1.00023849e+00 -5.82000000e-02  7.99622422e-01 -5.82000000e-02  1.00016640e+00 -5.82000000e-02  7.99622392e-01 -5.82000000e-02  1.00013033e+00 
-5.81000000e-02  2.09386810e+00 -5.81000000e-02  2.12481202e+00 -5.81000000e-02 -3.01295722e-03 -5.81000000e-02 -4.04506554e-04 -5.81000000e-02  7.99622827e-01 -5.81000000e-02  1.00066913e+00 -5.81000000e-02  7.99622598e-01 -5.81000000e-02  1.00038214e+00 -5.81000000e-02  7.99622481e-01 -5.81000000e-02  1.00023830e+00 -5.81000000e-02  7.99622422e-01 -5.81000000e-02  1.00016630e+00 -5.81000000e-02  7.99622392e-01 -5.81000000e-02  1.00013028e+00 
-5.80000000e-02  2.09407091e+00 -5.80000000e-02  2.12461002e+00 -5.80000000e-02 -3.01295446e-03 -5.80000000e-02 -4.04508916e-04 -5.80000000e-02  7.99622828e-01 -5.80000000e-02  1.00066840e+00 -5.80000000e-02  7.99622598e-01 -5.80000000e-02  1.00038177e+00 -5.80000000e-02  7.99622481e-01 -5.80000000e-02  1.00023812e+00 -5.80000000e-02  7.99622422e-01 -5.80000000e-02  1.00016621e+00 -5.80000000e-02  7.99622392e-01 -5.80000000e-02  1.00013024e+00 
-5.79000000e-02  2.09427381e+00 -5.79000000e-02  2.12440793e+00 -5.79000000e-02 -3.01295171e-03 -5.79000000e-02 -4.04511277e-04 -5.79000000e-02  7.99622828e-01 -5.79000000e-02  1.00066766e+00 -5.79000000e-02  7.99622598e-01 -5.79000000e-02  1.00038140e+00 -5.79000000e-02  7.99622481e-01 -5.79000000e-02  1.00023794e+00 -5.79000000e-02  7.99622422e-01 -5.79000000e-02  1.00016612e+00 -5.79000000e-02  7.99622392e-01 -5.79000000e-02  1.00013019e+00 
-5.78000000e-02  2.09447680e+00 -5.78000000e-02  2.12420576e+00 -5.78000000e-02 -3.01294896e-03 -5.78000000e-02 -4.04513638e-04 -5.78000000e-02  7.99622829e-01 -5.78000000e-02  1.00066693e+00 -5.78000000e-02  7.99622599e-01 -5.78000000e-02  1.00038103e+00 -5.78000000e-02  7.99622481e-01 -5.78000000e-02  1.00023775e+00 -5.78000000e-02  7.99622422e-01 -5.78000000e-02  1.00016603e+00 -5.78000000e-02  7.99622392e-01 -5.78000000e-02  1.00013015e+00 
-5.77000000e-02  2.09467987e+00 -5.77000000e-02  2.12400351e+00 -5.77000000e-02 -3.01294620e-03 -5.77000000e-02 -4.04515998e-04 -5.77000000e-02  7.99622830e-01 -5.77000000e-02  1.00066620e+00 -5.77000000e-02  7.99622599e-01 -5.77000000e-02  1.00038067e+00 -5.77000000e-02  7.99622482e-01 -5.77000000e-02  1.00023757e+00 -5.77000000e-02  7.99622422e-01 -5.77000000e-02  1.00016594e+00 -5.77000000e-02  7.99622393e-01 -5.77000000e-02  1.00013010e+00 
-5.76000000e-02  2.09488302e+00 -5.76000000e-02  2.12380117e+00 -5.76000000e-02 -3.01294345e-03 -5.76000000e-02 -4.04518357e-04 -5.76000000e-02  7.99622830e-01 -5.76000000e-02  1.00066547e+00 -5.76000000e-02  7.99622599e-01 -5.76000000e-02  1.00038030e+00 -5.76000000e-02  7.99622482e-01 -5.76000000e-02  1.00023738e+00 -5.76000000e-02  7.99622422e-01 -5.76000000e-02  1.00016584e+00 -5.76000000e-02  7.99622393e-01 -5.76000000e-02  1.00013005e+00 
-5.75000000e-02  2.09508625e+00 -5.75000000e-02  2.12359875e+00 -5.75000000e-02 -3.01294070e-03 -5.75000000e-02 -4.04520717e-04 -5.75000000e-02  7.99622831e-01 -5.75000000e-02  1.00066473e+00 -5.75000000e-02  7.99622600e-01 -5.75000000e-02  1.00037993e+00 -5.75000000e-02  7.99622482e-01 -5.75000000e-02  1.00023720e+00 -5.75000000e-02  7.99622422e-01 -5.75000000e-02  1.00016575e+00 -5.75000000e-02  7.99622393e-01 -5.75000000e-02  1.00013001e+00 
-5.74000000e-02  2.09528956e+00 -5.74000000e-02  2.12339625e+00 -5.74000000e-02 -3.01293795e-03 -5.74000000e-02 -4.04523075e-04 -5.74000000e-02  7.99622831e-01 -5.74000000e-02  1.00066400e+00 -5.74000000e-02  7.99622600e-01 -5.74000000e-02  1.00037957e+00 -5.74000000e-02  7.99622482e-01 -5.74000000e-02  1.00023702e+00 -5.74000000e-02  7.99622423e-01 -5.74000000e-02  1.00016566e+00 -5.74000000e-02  7.99622393e-01 -5.74000000e-02  1.00012996e+00 
-5.73000000e-02  2.09549296e+00 -5.73000000e-02  2.12319366e+00 -5.73000000e-02 -3.01293520e-03 -5.73000000e-02 -4.04525433e-04 -5.73000000e-02  7.99622832e-01 -5.73000000e-02  1.00066327e+00 -5.73000000e-02  7.99622600e-01 -5.73000000e-02  1.00037920e+00 -5.73000000e-02  7.99622482e-01 -5.73000000e-02  1.00023683e+00 -5.73000000e-02  7.99622423e-01 -5.73000000e-02  1.00016557e+00 -5.73000000e-02  7.99622393e-01 -5.73000000e-02  1.00012992e+00 
-5.72000000e-02  2.09569644e+00 -5.72000000e-02  2.12299099e+00 -5.72000000e-02 -3.01293245e-03 -5.72000000e-02 -4.04527791e-04 -5.72000000e-02  7.99622833e-01 -5.72000000e-02  1.00066254e+00 -5.72000000e-02  7.99622601e-01 -5.72000000e-02  1.00037883e+00 -5.72000000e-02  7.99622482e-01 -5.72000000e-02  1.00023665e+00 -5.72000000e-02  7.99622423e-01 -5.72000000e-02  1.00016548e+00 -5.72000000e-02  7.99622393e-01 -5.72000000e-02  1.00012987e+00 
-5.71000000e-02  2.09590000e+00 -5.71000000e-02  2.12278824e+00 -5.71000000e-02 -3.01292971e-03 -5.71000000e-02 -4.04530148e-04 -5.71000000e-02  7.99622833e-01 -5.71000000e-02  1.00066180e+00 -5.71000000e-02  7.99622601e-01 -5.71000000e-02  1.00037847e+00 -5.71000000e-02  7.99622483e-01 -5.71000000e-02  1.00023647e+00 -5.71000000e-02  7.99622423e-01 -5.71000000e-02  1.00016539e+00 -5.71000000e-02  7.99622393e-01 -5.71000000e-02  1.00012982e+00 
-5.70000000e-02  2.09610365e+00 -5.70000000e-02  2.12258541e+00 -5.70000000e-02 -3.01292696e-03 -5.70000000e-02 -4.04532504e-04 -5.70000000e-02  7.99622834e-01 -5.70000000e-02  1.00066107e+00 -5.70000000e-02  7.99622601e-01 -5.70000000e-02  1.00037810e+00 -5.70000000e-02  7.99622483e-01 -5.70000000e-02  1.00023628e+00 -5.70000000e-02  7.99622423e-01 -5.70000000e-02  1.00016529e+00 -5.70000000e-02  7.99622393e-01 -5.70000000e-02  1.00012978e+00 
-5.69000000e-02  2.09630737e+00 -5.69000000e-02  2.12238250e+00 -5.69000000e-02 -3.01292421e-03 -5.69000000e-02 -4.04534860e-04 -5.69000000e-02  7.99622835e-01 -5.69000000e-02  1.00066034e+00 -5.69000000e-02  7.99622602e-01 -5.69000000e-02  1.00037773e+00 -5.69000000e-02  7.99622483e-01 -5.69000000e-02  1.00023610e+00 -5.69000000e-02  7.99622423e-01 -5.69000000e-02  1.00016520e+00 -5.69000000e-02  7.99622393e-01 -5.69000000e-02  1.00012973e+00 
-5.68000000e-02  2.09651118e+00 -5.68000000e-02  2.12217950e+00 -5.68000000e-02 -3.01292147e-03 -5.68000000e-02 -4.04537216e-04 -5.68000000e-02  7.99622835e-01 -5.68000000e-02  1.00065961e+00 -5.68000000e-02  7.99622602e-01 -5.68000000e-02  1.00037737e+00 -5.68000000e-02  7.99622483e-01 -5.68000000e-02  1.00023592e+00 -5.68000000e-02  7.99622423e-01 -5.68000000e-02  1.00016511e+00 -5.68000000e-02  7.99622393e-01 -5.68000000e-02  1.00012969e+00 
-5.67000000e-02  2.09671506e+00 -5.67000000e-02  2.12197642e+00 -5.67000000e-02 -3.01291872e-03 -5.67000000e-02 -4.04539571e-04 -5.67000000e-02  7.99622836e-01 -5.67000000e-02  1.00065888e+00 -5.67000000e-02  7.99622602e-01 -5.67000000e-02  1.00037700e+00 -5.67000000e-02  7.99622483e-01 -5.67000000e-02  1.00023573e+00 -5.67000000e-02  7.99622423e-01 -5.67000000e-02  1.00016502e+00 -5.67000000e-02  7.99622393e-01 -5.67000000e-02  1.00012964e+00 
-5.66000000e-02  2.09691903e+00 -5.66000000e-02  2.12177327e+00 -5.66000000e-02 -3.01291597e-03 -5.66000000e-02 -4.04541925e-04 -5.66000000e-02  7.99622836e-01 -5.66000000e-02  1.00065815e+00 -5.66000000e-02  7.99622603e-01 -5.66000000e-02  1.00037663e+00 -5.66000000e-02  7.99622483e-01 -5.66000000e-02  1.00023555e+00 -5.66000000e-02  7.99622423e-01 -5.66000000e-02  1.00016493e+00 -5.66000000e-02  7.99622393e-01 -5.66000000e-02  1.00012959e+00 
-5.65000000e-02  2.09712308e+00 -5.65000000e-02  2.12157003e+00 -5.65000000e-02 -3.01291323e-03 -5.65000000e-02 -4.04544279e-04 -5.65000000e-02  7.99622837e-01 -5.65000000e-02  1.00065742e+00 -5.65000000e-02  7.99622603e-01 -5.65000000e-02  1.00037627e+00 -5.65000000e-02  7.99622484e-01 -5.65000000e-02  1.00023537e+00 -5.65000000e-02  7.99622423e-01 -5.65000000e-02  1.00016483e+00 -5.65000000e-02  7.99622393e-01 -5.65000000e-02  1.00012955e+00 
-5.64000000e-02  2.09732721e+00 -5.64000000e-02  2.12136671e+00 -5.64000000e-02 -3.01291049e-03 -5.64000000e-02 -4.04546632e-04 -5.64000000e-02  7.99622838e-01 -5.64000000e-02  1.00065669e+00 -5.64000000e-02  7.99622603e-01 -5.64000000e-02  1.00037590e+00 -5.64000000e-02  7.99622484e-01 -5.64000000e-02  1.00023518e+00 -5.64000000e-02  7.99622423e-01 -5.64000000e-02  1.00016474e+00 -5.64000000e-02  7.99622393e-01 -5.64000000e-02  1.00012950e+00 
-5.63000000e-02  2.09753142e+00 -5.63000000e-02  2.12116330e+00 -5.63000000e-02 -3.01290774e-03 -5.63000000e-02 -4.04548985e-04 -5.63000000e-02  7.99622838e-01 -5.63000000e-02  1.00065596e+00 -5.63000000e-02  7.99622604e-01 -5.63000000e-02  1.00037554e+00 -5.63000000e-02  7.99622484e-01 -5.63000000e-02  1.00023500e+00 -5.63000000e-02  7.99622423e-01 -5.63000000e-02  1.00016465e+00 -5.63000000e-02  7.99622393e-01 -5.63000000e-02  1.00012946e+00 
-5.62000000e-02  2.09773571e+00 -5.62000000e-02  2.12095982e+00 -5.62000000e-02 -3.01290500e-03 -5.62000000e-02 -4.04551337e-04 -5.62000000e-02  7.99622839e-01 -5.62000000e-02  1.00065523e+00 -5.62000000e-02  7.99622604e-01 -5.62000000e-02  1.00037517e+00 -5.62000000e-02  7.99622484e-01 -5.62000000e-02  1.00023482e+00 -5.62000000e-02  7.99622424e-01 -5.62000000e-02  1.00016456e+00 -5.62000000e-02  7.99622393e-01 -5.62000000e-02  1.00012941e+00 
-5.61000000e-02  2.09794009e+00 -5.61000000e-02  2.12075626e+00 -5.61000000e-02 -3.01290226e-03 -5.61000000e-02 -4.04553688e-04 -5.61000000e-02  7.99622840e-01 -5.61000000e-02  1.00065450e+00 -5.61000000e-02  7.99622604e-01 -5.61000000e-02  1.00037480e+00 -5.61000000e-02  7.99622484e-01 -5.61000000e-02  1.00023463e+00 -5.61000000e-02  7.99622424e-01 -5.61000000e-02  1.00016447e+00 -5.61000000e-02  7.99622393e-01 -5.61000000e-02  1.00012937e+00 
-5.60000000e-02  2.09814454e+00 -5.60000000e-02  2.12055262e+00 -5.60000000e-02 -3.01289952e-03 -5.60000000e-02 -4.04556039e-04 -5.60000000e-02  7.99622840e-01 -5.60000000e-02  1.00065377e+00 -5.60000000e-02  7.99622604e-01 -5.60000000e-02  1.00037444e+00 -5.60000000e-02  7.99622484e-01 -5.60000000e-02  1.00023445e+00 -5.60000000e-02  7.99622424e-01 -5.60000000e-02  1.00016438e+00 -5.60000000e-02  7.99622393e-01 -5.60000000e-02  1.00012932e+00 
-5.59000000e-02  2.09834907e+00 -5.59000000e-02  2.12034889e+00 -5.59000000e-02 -3.01289678e-03 -5.59000000e-02 -4.04558390e-04 -5.59000000e-02  7.99622841e-01 -5.59000000e-02  1.00065304e+00 -5.59000000e-02  7.99622605e-01 -5.59000000e-02  1.00037407e+00 -5.59000000e-02  7.99622485e-01 -5.59000000e-02  1.00023427e+00 -5.59000000e-02  7.99622424e-01 -5.59000000e-02  1.00016429e+00 -5.59000000e-02  7.99622393e-01 -5.59000000e-02  1.00012927e+00 
-5.58000000e-02  2.09855368e+00 -5.58000000e-02  2.12014509e+00 -5.58000000e-02 -3.01289404e-03 -5.58000000e-02 -4.04560739e-04 -5.58000000e-02  7.99622842e-01 -5.58000000e-02  1.00065231e+00 -5.58000000e-02  7.99622605e-01 -5.58000000e-02  1.00037371e+00 -5.58000000e-02  7.99622485e-01 -5.58000000e-02  1.00023408e+00 -5.58000000e-02  7.99622424e-01 -5.58000000e-02  1.00016419e+00 -5.58000000e-02  7.99622393e-01 -5.58000000e-02  1.00012923e+00 
-5.57000000e-02  2.09875837e+00 -5.57000000e-02  2.11994121e+00 -5.57000000e-02 -3.01289130e-03 -5.57000000e-02 -4.04563089e-04 -5.57000000e-02  7.99622842e-01 -5.57000000e-02  1.00065158e+00 -5.57000000e-02  7.99622605e-01 -5.57000000e-02  1.00037334e+00 -5.57000000e-02  7.99622485e-01 -5.57000000e-02  1.00023390e+00 -5.57000000e-02  7.99622424e-01 -5.57000000e-02  1.00016410e+00 -5.57000000e-02  7.99622393e-01 -5.57000000e-02  1.00012918e+00 
-5.56000000e-02  2.09896314e+00 -5.56000000e-02  2.11973725e+00 -5.56000000e-02 -3.01288856e-03 -5.56000000e-02 -4.04565437e-04 -5.56000000e-02  7.99622843e-01 -5.56000000e-02  1.00065085e+00 -5.56000000e-02  7.99622606e-01 -5.56000000e-02  1.00037298e+00 -5.56000000e-02  7.99622485e-01 -5.56000000e-02  1.00023372e+00 -5.56000000e-02  7.99622424e-01 -5.56000000e-02  1.00016401e+00 -5.56000000e-02  7.99622393e-01 -5.56000000e-02  1.00012914e+00 
-5.55000000e-02  2.09916799e+00 -5.55000000e-02  2.11953320e+00 -5.55000000e-02 -3.01288582e-03 -5.55000000e-02 -4.04567785e-04 -5.55000000e-02  7.99622843e-01 -5.55000000e-02  1.00065012e+00 -5.55000000e-02  7.99622606e-01 -5.55000000e-02  1.00037261e+00 -5.55000000e-02  7.99622485e-01 -5.55000000e-02  1.00023354e+00 -5.55000000e-02  7.99622424e-01 -5.55000000e-02  1.00016392e+00 -5.55000000e-02  7.99622394e-01 -5.55000000e-02  1.00012909e+00 
-5.54000000e-02  2.09937292e+00 -5.54000000e-02  2.11932908e+00 -5.54000000e-02 -3.01288308e-03 -5.54000000e-02 -4.04570133e-04 -5.54000000e-02  7.99622844e-01 -5.54000000e-02  1.00064939e+00 -5.54000000e-02  7.99622606e-01 -5.54000000e-02  1.00037225e+00 -5.54000000e-02  7.99622485e-01 -5.54000000e-02  1.00023335e+00 -5.54000000e-02  7.99622424e-01 -5.54000000e-02  1.00016383e+00 -5.54000000e-02  7.99622394e-01 -5.54000000e-02  1.00012904e+00 
-5.53000000e-02  2.09957793e+00 -5.53000000e-02  2.11912488e+00 -5.53000000e-02 -3.01288035e-03 -5.53000000e-02 -4.04572480e-04 -5.53000000e-02  7.99622845e-01 -5.53000000e-02  1.00064866e+00 -5.53000000e-02  7.99622607e-01 -5.53000000e-02  1.00037188e+00 -5.53000000e-02  7.99622486e-01 -5.53000000e-02  1.00023317e+00 -5.53000000e-02  7.99622424e-01 -5.53000000e-02  1.00016374e+00 -5.53000000e-02  7.99622394e-01 -5.53000000e-02  1.00012900e+00 
-5.52000000e-02  2.09978301e+00 -5.52000000e-02  2.11892060e+00 -5.52000000e-02 -3.01287761e-03 -5.52000000e-02 -4.04574826e-04 -5.52000000e-02  7.99622845e-01 -5.52000000e-02  1.00064794e+00 -5.52000000e-02  7.99622607e-01 -5.52000000e-02  1.00037152e+00 -5.52000000e-02  7.99622486e-01 -5.52000000e-02  1.00023299e+00 -5.52000000e-02  7.99622424e-01 -5.52000000e-02  1.00016364e+00 -5.52000000e-02  7.99622394e-01 -5.52000000e-02  1.00012895e+00 
-5.51000000e-02  2.09998818e+00 -5.51000000e-02  2.11871624e+00 -5.51000000e-02 -3.01287488e-03 -5.51000000e-02 -4.04577172e-04 -5.51000000e-02  7.99622846e-01 -5.51000000e-02  1.00064721e+00 -5.51000000e-02  7.99622607e-01 -5.51000000e-02  1.00037115e+00 -5.51000000e-02  7.99622486e-01 -5.51000000e-02  1.00023281e+00 -5.51000000e-02  7.99622425e-01 -5.51000000e-02  1.00016355e+00 -5.51000000e-02  7.99622394e-01 -5.51000000e-02  1.00012891e+00 
-5.50000000e-02  2.10019342e+00 -5.50000000e-02  2.11851181e+00 -5.50000000e-02 -3.01287214e-03 -5.50000000e-02 -4.04579517e-04 -5.50000000e-02  7.99622847e-01 -5.50000000e-02  1.00064648e+00 -5.50000000e-02  7.99622608e-01 -5.50000000e-02  1.00037079e+00 -5.50000000e-02  7.99622486e-01 -5.50000000e-02  1.00023262e+00 -5.50000000e-02  7.99622425e-01 -5.50000000e-02  1.00016346e+00 -5.50000000e-02  7.99622394e-01 -5.50000000e-02  1.00012886e+00 
-5.49000000e-02  2.10039874e+00 -5.49000000e-02  2.11830729e+00 -5.49000000e-02 -3.01286941e-03 -5.49000000e-02 -4.04581861e-04 -5.49000000e-02  7.99622847e-01 -5.49000000e-02  1.00064575e+00 -5.49000000e-02  7.99622608e-01 -5.49000000e-02  1.00037042e+00 -5.49000000e-02  7.99622486e-01 -5.49000000e-02  1.00023244e+00 -5.49000000e-02  7.99622425e-01 -5.49000000e-02  1.00016337e+00 -5.49000000e-02  7.99622394e-01 -5.49000000e-02  1.00012882e+00 
-5.48000000e-02  2.10060414e+00 -5.48000000e-02  2.11810270e+00 -5.48000000e-02 -3.01286668e-03 -5.48000000e-02 -4.04584205e-04 -5.48000000e-02  7.99622848e-01 -5.48000000e-02  1.00064502e+00 -5.48000000e-02  7.99622608e-01 -5.48000000e-02  1.00037006e+00 -5.48000000e-02  7.99622486e-01 -5.48000000e-02  1.00023226e+00 -5.48000000e-02  7.99622425e-01 -5.48000000e-02  1.00016328e+00 -5.48000000e-02  7.99622394e-01 -5.48000000e-02  1.00012877e+00 
-5.47000000e-02  2.10080962e+00 -5.47000000e-02  2.11789803e+00 -5.47000000e-02 -3.01286394e-03 -5.47000000e-02 -4.04586548e-04 -5.47000000e-02  7.99622849e-01 -5.47000000e-02  1.00064430e+00 -5.47000000e-02  7.99622609e-01 -5.47000000e-02  1.00036969e+00 -5.47000000e-02  7.99622487e-01 -5.47000000e-02  1.00023208e+00 -5.47000000e-02  7.99622425e-01 -5.47000000e-02  1.00016319e+00 -5.47000000e-02  7.99622394e-01 -5.47000000e-02  1.00012873e+00 
-5.46000000e-02  2.10101518e+00 -5.46000000e-02  2.11769327e+00 -5.46000000e-02 -3.01286121e-03 -5.46000000e-02 -4.04588891e-04 -5.46000000e-02  7.99622849e-01 -5.46000000e-02  1.00064357e+00 -5.46000000e-02  7.99622609e-01 -5.46000000e-02  1.00036933e+00 -5.46000000e-02  7.99622487e-01 -5.46000000e-02  1.00023189e+00 -5.46000000e-02  7.99622425e-01 -5.46000000e-02  1.00016310e+00 -5.46000000e-02  7.99622394e-01 -5.46000000e-02  1.00012868e+00 
-5.45000000e-02  2.10122081e+00 -5.45000000e-02  2.11748845e+00 -5.45000000e-02 -3.01285848e-03 -5.45000000e-02 -4.04591233e-04 -5.45000000e-02  7.99622850e-01 -5.45000000e-02  1.00064284e+00 -5.45000000e-02  7.99622609e-01 -5.45000000e-02  1.00036896e+00 -5.45000000e-02  7.99622487e-01 -5.45000000e-02  1.00023171e+00 -5.45000000e-02  7.99622425e-01 -5.45000000e-02  1.00016301e+00 -5.45000000e-02  7.99622394e-01 -5.45000000e-02  1.00012863e+00 
-5.44000000e-02  2.10142652e+00 -5.44000000e-02  2.11728354e+00 -5.44000000e-02 -3.01285575e-03 -5.44000000e-02 -4.04593575e-04 -5.44000000e-02  7.99622851e-01 -5.44000000e-02  1.00064211e+00 -5.44000000e-02  7.99622610e-01 -5.44000000e-02  1.00036860e+00 -5.44000000e-02  7.99622487e-01 -5.44000000e-02  1.00023153e+00 -5.44000000e-02  7.99622425e-01 -5.44000000e-02  1.00016291e+00 -5.44000000e-02  7.99622394e-01 -5.44000000e-02  1.00012859e+00 
-5.43000000e-02  2.10163231e+00 -5.43000000e-02  2.11707856e+00 -5.43000000e-02 -3.01285302e-03 -5.43000000e-02 -4.04595915e-04 -5.43000000e-02  7.99622851e-01 -5.43000000e-02  1.00064139e+00 -5.43000000e-02  7.99622610e-01 -5.43000000e-02  1.00036823e+00 -5.43000000e-02  7.99622487e-01 -5.43000000e-02  1.00023135e+00 -5.43000000e-02  7.99622425e-01 -5.43000000e-02  1.00016282e+00 -5.43000000e-02  7.99622394e-01 -5.43000000e-02  1.00012854e+00 
-5.42000000e-02  2.10183817e+00 -5.42000000e-02  2.11687350e+00 -5.42000000e-02 -3.01285030e-03 -5.42000000e-02 -4.04598256e-04 -5.42000000e-02  7.99622852e-01 -5.42000000e-02  1.00064066e+00 -5.42000000e-02  7.99622610e-01 -5.42000000e-02  1.00036787e+00 -5.42000000e-02  7.99622487e-01 -5.42000000e-02  1.00023116e+00 -5.42000000e-02  7.99622425e-01 -5.42000000e-02  1.00016273e+00 -5.42000000e-02  7.99622394e-01 -5.42000000e-02  1.00012850e+00 
-5.41000000e-02  2.10204411e+00 -5.41000000e-02  2.11666836e+00 -5.41000000e-02 -3.01284757e-03 -5.41000000e-02 -4.04600595e-04 -5.41000000e-02  7.99622852e-01 -5.41000000e-02  1.00063994e+00 -5.41000000e-02  7.99622611e-01 -5.41000000e-02  1.00036751e+00 -5.41000000e-02  7.99622488e-01 -5.41000000e-02  1.00023098e+00 -5.41000000e-02  7.99622425e-01 -5.41000000e-02  1.00016264e+00 -5.41000000e-02  7.99622394e-01 -5.41000000e-02  1.00012845e+00 
-5.40000000e-02  2.10225013e+00 -5.40000000e-02  2.11646314e+00 -5.40000000e-02 -3.01284484e-03 -5.40000000e-02 -4.04602934e-04 -5.40000000e-02  7.99622853e-01 -5.40000000e-02  1.00063921e+00 -5.40000000e-02  7.99622611e-01 -5.40000000e-02  1.00036714e+00 -5.40000000e-02  7.99622488e-01 -5.40000000e-02  1.00023080e+00 -5.40000000e-02  7.99622425e-01 -5.40000000e-02  1.00016255e+00 -5.40000000e-02  7.99622394e-01 -5.40000000e-02  1.00012841e+00 
-5.39000000e-02  2.10245623e+00 -5.39000000e-02  2.11625785e+00 -5.39000000e-02 -3.01284212e-03 -5.39000000e-02 -4.04605273e-04 -5.39000000e-02  7.99622854e-01 -5.39000000e-02  1.00063848e+00 -5.39000000e-02  7.99622611e-01 -5.39000000e-02  1.00036678e+00 -5.39000000e-02  7.99622488e-01 -5.39000000e-02  1.00023062e+00 -5.39000000e-02  7.99622426e-01 -5.39000000e-02  1.00016246e+00 -5.39000000e-02  7.99622394e-01 -5.39000000e-02  1.00012836e+00 
-5.38000000e-02  2.10266240e+00 -5.38000000e-02  2.11605248e+00 -5.38000000e-02 -3.01283939e-03 -5.38000000e-02 -4.04607610e-04 -5.38000000e-02  7.99622854e-01 -5.38000000e-02  1.00063776e+00 -5.38000000e-02  7.99622612e-01 -5.38000000e-02  1.00036642e+00 -5.38000000e-02  7.99622488e-01 -5.38000000e-02  1.00023044e+00 -5.38000000e-02  7.99622426e-01 -5.38000000e-02  1.00016237e+00 -5.38000000e-02  7.99622394e-01 -5.38000000e-02  1.00012831e+00 
-5.37000000e-02  2.10286865e+00 -5.37000000e-02  2.11584704e+00 -5.37000000e-02 -3.01283667e-03 -5.37000000e-02 -4.04609947e-04 -5.37000000e-02  7.99622855e-01 -5.37000000e-02  1.00063703e+00 -5.37000000e-02  7.99622612e-01 -5.37000000e-02  1.00036605e+00 -5.37000000e-02  7.99622488e-01 -5.37000000e-02  1.00023025e+00 -5.37000000e-02  7.99622426e-01 -5.37000000e-02  1.00016228e+00 -5.37000000e-02  7.99622394e-01 -5.37000000e-02  1.00012827e+00 
-5.36000000e-02  2.10307497e+00 -5.36000000e-02  2.11564151e+00 -5.36000000e-02 -3.01283394e-03 -5.36000000e-02 -4.04612284e-04 -5.36000000e-02  7.99622856e-01 -5.36000000e-02  1.00063631e+00 -5.36000000e-02  7.99622612e-01 -5.36000000e-02  1.00036569e+00 -5.36000000e-02  7.99622488e-01 -5.36000000e-02  1.00023007e+00 -5.36000000e-02  7.99622426e-01 -5.36000000e-02  1.00016219e+00 -5.36000000e-02  7.99622394e-01 -5.36000000e-02  1.00012822e+00 
-5.35000000e-02  2.10328137e+00 -5.35000000e-02  2.11543592e+00 -5.35000000e-02 -3.01283122e-03 -5.35000000e-02 -4.04614619e-04 -5.35000000e-02  7.99622856e-01 -5.35000000e-02  1.00063558e+00 -5.35000000e-02  7.99622613e-01 -5.35000000e-02  1.00036533e+00 -5.35000000e-02  7.99622489e-01 -5.35000000e-02  1.00022989e+00 -5.35000000e-02  7.99622426e-01 -5.35000000e-02  1.00016209e+00 -5.35000000e-02  7.99622394e-01 -5.35000000e-02  1.00012818e+00 
-5.34000000e-02  2.10348785e+00 -5.34000000e-02  2.11523024e+00 -5.34000000e-02 -3.01282850e-03 -5.34000000e-02 -4.04616954e-04 -5.34000000e-02  7.99622857e-01 -5.34000000e-02  1.00063486e+00 -5.34000000e-02  7.99622613e-01 -5.34000000e-02  1.00036496e+00 -5.34000000e-02  7.99622489e-01 -5.34000000e-02  1.00022971e+00 -5.34000000e-02  7.99622426e-01 -5.34000000e-02  1.00016200e+00 -5.34000000e-02  7.99622395e-01 -5.34000000e-02  1.00012813e+00 
-5.33000000e-02  2.10369440e+00 -5.33000000e-02  2.11502449e+00 -5.33000000e-02 -3.01282578e-03 -5.33000000e-02 -4.04619289e-04 -5.33000000e-02  7.99622858e-01 -5.33000000e-02  1.00063413e+00 -5.33000000e-02  7.99622613e-01 -5.33000000e-02  1.00036460e+00 -5.33000000e-02  7.99622489e-01 -5.33000000e-02  1.00022953e+00 -5.33000000e-02  7.99622426e-01 -5.33000000e-02  1.00016191e+00 -5.33000000e-02  7.99622395e-01 -5.33000000e-02  1.00012809e+00 
-5.32000000e-02  2.10390103e+00 -5.32000000e-02  2.11481867e+00 -5.32000000e-02 -3.01282306e-03 -5.32000000e-02 -4.04621623e-04 -5.32000000e-02  7.99622858e-01 -5.32000000e-02  1.00063341e+00 -5.32000000e-02  7.99622614e-01 -5.32000000e-02  1.00036424e+00 -5.32000000e-02  7.99622489e-01 -5.32000000e-02  1.00022934e+00 -5.32000000e-02  7.99622426e-01 -5.32000000e-02  1.00016182e+00 -5.32000000e-02  7.99622395e-01 -5.32000000e-02  1.00012804e+00 
-5.31000000e-02  2.10410773e+00 -5.31000000e-02  2.11461277e+00 -5.31000000e-02 -3.01282034e-03 -5.31000000e-02 -4.04623956e-04 -5.31000000e-02  7.99622859e-01 -5.31000000e-02  1.00063268e+00 -5.31000000e-02  7.99622614e-01 -5.31000000e-02  1.00036387e+00 -5.31000000e-02  7.99622489e-01 -5.31000000e-02  1.00022916e+00 -5.31000000e-02  7.99622426e-01 -5.31000000e-02  1.00016173e+00 -5.31000000e-02  7.99622395e-01 -5.31000000e-02  1.00012800e+00 
-5.30000000e-02  2.10431451e+00 -5.30000000e-02  2.11440679e+00 -5.30000000e-02 -3.01281762e-03 -5.30000000e-02 -4.04626288e-04 -5.30000000e-02  7.99622860e-01 -5.30000000e-02  1.00063196e+00 -5.30000000e-02  7.99622614e-01 -5.30000000e-02  1.00036351e+00 -5.30000000e-02  7.99622489e-01 -5.30000000e-02  1.00022898e+00 -5.30000000e-02  7.99622426e-01 -5.30000000e-02  1.00016164e+00 -5.30000000e-02  7.99622395e-01 -5.30000000e-02  1.00012795e+00 
-5.29000000e-02  2.10452136e+00 -5.29000000e-02  2.11420074e+00 -5.29000000e-02 -3.01281490e-03 -5.29000000e-02 -4.04628620e-04 -5.29000000e-02  7.99622860e-01 -5.29000000e-02  1.00063124e+00 -5.29000000e-02  7.99622615e-01 -5.29000000e-02  1.00036315e+00 -5.29000000e-02  7.99622490e-01 -5.29000000e-02  1.00022880e+00 -5.29000000e-02  7.99622426e-01 -5.29000000e-02  1.00016155e+00 -5.29000000e-02  7.99622395e-01 -5.29000000e-02  1.00012791e+00 
-5.28000000e-02  2.10472828e+00 -5.28000000e-02  2.11399461e+00 -5.28000000e-02 -3.01281219e-03 -5.28000000e-02 -4.04630951e-04 -5.28000000e-02  7.99622861e-01 -5.28000000e-02  1.00063051e+00 -5.28000000e-02  7.99622615e-01 -5.28000000e-02  1.00036278e+00 -5.28000000e-02  7.99622490e-01 -5.28000000e-02  1.00022862e+00 -5.28000000e-02  7.99622427e-01 -5.28000000e-02  1.00016146e+00 -5.28000000e-02  7.99622395e-01 -5.28000000e-02  1.00012786e+00 
-5.27000000e-02  2.10493529e+00 -5.27000000e-02  2.11378841e+00 -5.27000000e-02 -3.01280947e-03 -5.27000000e-02 -4.04633282e-04 -5.27000000e-02  7.99622862e-01 -5.27000000e-02  1.00062979e+00 -5.27000000e-02  7.99622615e-01 -5.27000000e-02  1.00036242e+00 -5.27000000e-02  7.99622490e-01 -5.27000000e-02  1.00022844e+00 -5.27000000e-02  7.99622427e-01 -5.27000000e-02  1.00016137e+00 -5.27000000e-02  7.99622395e-01 -5.27000000e-02  1.00012781e+00 
-5.26000000e-02  2.10514236e+00 -5.26000000e-02  2.11358213e+00 -5.26000000e-02 -3.01280675e-03 -5.26000000e-02 -4.04635612e-04 -5.26000000e-02  7.99622862e-01 -5.26000000e-02  1.00062906e+00 -5.26000000e-02  7.99622616e-01 -5.26000000e-02  1.00036206e+00 -5.26000000e-02  7.99622490e-01 -5.26000000e-02  1.00022826e+00 -5.26000000e-02  7.99622427e-01 -5.26000000e-02  1.00016128e+00 -5.26000000e-02  7.99622395e-01 -5.26000000e-02  1.00012777e+00 
-5.25000000e-02  2.10534951e+00 -5.25000000e-02  2.11337578e+00 -5.25000000e-02 -3.01280404e-03 -5.25000000e-02 -4.04637941e-04 -5.25000000e-02  7.99622863e-01 -5.25000000e-02  1.00062834e+00 -5.25000000e-02  7.99622616e-01 -5.25000000e-02  1.00036170e+00 -5.25000000e-02  7.99622490e-01 -5.25000000e-02  1.00022807e+00 -5.25000000e-02  7.99622427e-01 -5.25000000e-02  1.00016119e+00 -5.25000000e-02  7.99622395e-01 -5.25000000e-02  1.00012772e+00 
-5.24000000e-02  2.10555674e+00 -5.24000000e-02  2.11316935e+00 -5.24000000e-02 -3.01280133e-03 -5.24000000e-02 -4.04640269e-04 -5.24000000e-02  7.99622864e-01 -5.24000000e-02  1.00062762e+00 -5.24000000e-02  7.99622616e-01 -5.24000000e-02  1.00036134e+00 -5.24000000e-02  7.99622490e-01 -5.24000000e-02  1.00022789e+00 -5.24000000e-02  7.99622427e-01 -5.24000000e-02  1.00016110e+00 -5.24000000e-02  7.99622395e-01 -5.24000000e-02  1.00012768e+00 
-5.23000000e-02  2.10576404e+00 -5.23000000e-02  2.11296285e+00 -5.23000000e-02 -3.01279861e-03 -5.23000000e-02 -4.04642597e-04 -5.23000000e-02  7.99622864e-01 -5.23000000e-02  1.00062690e+00 -5.23000000e-02  7.99622617e-01 -5.23000000e-02  1.00036097e+00 -5.23000000e-02  7.99622491e-01 -5.23000000e-02  1.00022771e+00 -5.23000000e-02  7.99622427e-01 -5.23000000e-02  1.00016100e+00 -5.23000000e-02  7.99622395e-01 -5.23000000e-02  1.00012763e+00 
-5.22000000e-02  2.10597141e+00 -5.22000000e-02  2.11275628e+00 -5.22000000e-02 -3.01279590e-03 -5.22000000e-02 -4.04644924e-04 -5.22000000e-02  7.99622865e-01 -5.22000000e-02  1.00062617e+00 -5.22000000e-02  7.99622617e-01 -5.22000000e-02  1.00036061e+00 -5.22000000e-02  7.99622491e-01 -5.22000000e-02  1.00022753e+00 -5.22000000e-02  7.99622427e-01 -5.22000000e-02  1.00016091e+00 -5.22000000e-02  7.99622395e-01 -5.22000000e-02  1.00012759e+00 
-5.21000000e-02  2.10617886e+00 -5.21000000e-02  2.11254963e+00 -5.21000000e-02 -3.01279319e-03 -5.21000000e-02 -4.04647251e-04 -5.21000000e-02  7.99622866e-01 -5.21000000e-02  1.00062545e+00 -5.21000000e-02  7.99622617e-01 -5.21000000e-02  1.00036025e+00 -5.21000000e-02  7.99622491e-01 -5.21000000e-02  1.00022735e+00 -5.21000000e-02  7.99622427e-01 -5.21000000e-02  1.00016082e+00 -5.21000000e-02  7.99622395e-01 -5.21000000e-02  1.00012754e+00 
-5.20000000e-02  2.10638638e+00 -5.20000000e-02  2.11234290e+00 -5.20000000e-02 -3.01279048e-03 -5.20000000e-02 -4.04649576e-04 -5.20000000e-02  7.99622866e-01 -5.20000000e-02  1.00062473e+00 -5.20000000e-02  7.99622618e-01 -5.20000000e-02  1.00035989e+00 -5.20000000e-02  7.99622491e-01 -5.20000000e-02  1.00022717e+00 -5.20000000e-02  7.99622427e-01 -5.20000000e-02  1.00016073e+00 -5.20000000e-02  7.99622395e-01 -5.20000000e-02  1.00012750e+00 
-5.19000000e-02  2.10659397e+00 -5.19000000e-02  2.11213611e+00 -5.19000000e-02 -3.01278777e-03 -5.19000000e-02 -4.04651902e-04 -5.19000000e-02  7.99622867e-01 -5.19000000e-02  1.00062401e+00 -5.19000000e-02  7.99622618e-01 -5.19000000e-02  1.00035953e+00 -5.19000000e-02  7.99622491e-01 -5.19000000e-02  1.00022699e+00 -5.19000000e-02  7.99622427e-01 -5.19000000e-02  1.00016064e+00 -5.19000000e-02  7.99622395e-01 -5.19000000e-02  1.00012745e+00 
-5.18000000e-02  2.10680164e+00 -5.18000000e-02  2.11192924e+00 -5.18000000e-02 -3.01278507e-03 -5.18000000e-02 -4.04654226e-04 -5.18000000e-02  7.99622868e-01 -5.18000000e-02  1.00062329e+00 -5.18000000e-02  7.99622618e-01 -5.18000000e-02  1.00035916e+00 -5.18000000e-02  7.99622491e-01 -5.18000000e-02  1.00022681e+00 -5.18000000e-02  7.99622427e-01 -5.18000000e-02  1.00016055e+00 -5.18000000e-02  7.99622395e-01 -5.18000000e-02  1.00012741e+00 
-5.17000000e-02  2.10700938e+00 -5.17000000e-02  2.11172230e+00 -5.17000000e-02 -3.01278236e-03 -5.17000000e-02 -4.04656550e-04 -5.17000000e-02  7.99622868e-01 -5.17000000e-02  1.00062256e+00 -5.17000000e-02  7.99622619e-01 -5.17000000e-02  1.00035880e+00 -5.17000000e-02  7.99622492e-01 -5.17000000e-02  1.00022662e+00 -5.17000000e-02  7.99622427e-01 -5.17000000e-02  1.00016046e+00 -5.17000000e-02  7.99622395e-01 -5.17000000e-02  1.00012736e+00 
-5.16000000e-02  2.10721719e+00 -5.16000000e-02  2.11151528e+00 -5.16000000e-02 -3.01277965e-03 -5.16000000e-02 -4.04658872e-04 -5.16000000e-02  7.99622869e-01 -5.16000000e-02  1.00062184e+00 -5.16000000e-02  7.99622619e-01 -5.16000000e-02  1.00035844e+00 -5.16000000e-02  7.99622492e-01 -5.16000000e-02  1.00022644e+00 -5.16000000e-02  7.99622428e-01 -5.16000000e-02  1.00016037e+00 -5.16000000e-02  7.99622395e-01 -5.16000000e-02  1.00012732e+00 
-5.15000000e-02  2.10742507e+00 -5.15000000e-02  2.11130819e+00 -5.15000000e-02 -3.01277695e-03 -5.15000000e-02 -4.04661195e-04 -5.15000000e-02  7.99622870e-01 -5.15000000e-02  1.00062112e+00 -5.15000000e-02  7.99622619e-01 -5.15000000e-02  1.00035808e+00 -5.15000000e-02  7.99622492e-01 -5.15000000e-02  1.00022626e+00 -5.15000000e-02  7.99622428e-01 -5.15000000e-02  1.00016028e+00 -5.15000000e-02  7.99622395e-01 -5.15000000e-02  1.00012727e+00 
-5.14000000e-02  2.10763303e+00 -5.14000000e-02  2.11110103e+00 -5.14000000e-02 -3.01277424e-03 -5.14000000e-02 -4.04663516e-04 -5.14000000e-02  7.99622870e-01 -5.14000000e-02  1.00062040e+00 -5.14000000e-02  7.99622620e-01 -5.14000000e-02  1.00035772e+00 -5.14000000e-02  7.99622492e-01 -5.14000000e-02  1.00022608e+00 -5.14000000e-02  7.99622428e-01 -5.14000000e-02  1.00016019e+00 -5.14000000e-02  7.99622395e-01 -5.14000000e-02  1.00012723e+00 
-5.13000000e-02  2.10784106e+00 -5.13000000e-02  2.11089379e+00 -5.13000000e-02 -3.01277154e-03 -5.13000000e-02 -4.04665837e-04 -5.13000000e-02  7.99622871e-01 -5.13000000e-02  1.00061968e+00 -5.13000000e-02  7.99622620e-01 -5.13000000e-02  1.00035736e+00 -5.13000000e-02  7.99622492e-01 -5.13000000e-02  1.00022590e+00 -5.13000000e-02  7.99622428e-01 -5.13000000e-02  1.00016010e+00 -5.13000000e-02  7.99622395e-01 -5.13000000e-02  1.00012718e+00 
-5.12000000e-02  2.10804916e+00 -5.12000000e-02  2.11068649e+00 -5.12000000e-02 -3.01276884e-03 -5.12000000e-02 -4.04668157e-04 -5.12000000e-02  7.99622871e-01 -5.12000000e-02  1.00061896e+00 -5.12000000e-02  7.99622620e-01 -5.12000000e-02  1.00035700e+00 -5.12000000e-02  7.99622492e-01 -5.12000000e-02  1.00022572e+00 -5.12000000e-02  7.99622428e-01 -5.12000000e-02  1.00016001e+00 -5.12000000e-02  7.99622396e-01 -5.12000000e-02  1.00012714e+00 
-5.11000000e-02  2.10825734e+00 -5.11000000e-02  2.11047911e+00 -5.11000000e-02 -3.01276613e-03 -5.11000000e-02 -4.04670477e-04 -5.11000000e-02  7.99622872e-01 -5.11000000e-02  1.00061824e+00 -5.11000000e-02  7.99622621e-01 -5.11000000e-02  1.00035664e+00 -5.11000000e-02  7.99622493e-01 -5.11000000e-02  1.00022554e+00 -5.11000000e-02  7.99622428e-01 -5.11000000e-02  1.00015992e+00 -5.11000000e-02  7.99622396e-01 -5.11000000e-02  1.00012709e+00 
-5.10000000e-02  2.10846558e+00 -5.10000000e-02  2.11027165e+00 -5.10000000e-02 -3.01276343e-03 -5.10000000e-02 -4.04672796e-04 -5.10000000e-02  7.99622873e-01 -5.10000000e-02  1.00061752e+00 -5.10000000e-02  7.99622621e-01 -5.10000000e-02  1.00035628e+00 -5.10000000e-02  7.99622493e-01 -5.10000000e-02  1.00022536e+00 -5.10000000e-02  7.99622428e-01 -5.10000000e-02  1.00015983e+00 -5.10000000e-02  7.99622396e-01 -5.10000000e-02  1.00012704e+00 
-5.09000000e-02  2.10867390e+00 -5.09000000e-02  2.11006413e+00 -5.09000000e-02 -3.01276073e-03 -5.09000000e-02 -4.04675114e-04 -5.09000000e-02  7.99622873e-01 -5.09000000e-02  1.00061680e+00 -5.09000000e-02  7.99622621e-01 -5.09000000e-02  1.00035592e+00 -5.09000000e-02  7.99622493e-01 -5.09000000e-02  1.00022518e+00 -5.09000000e-02  7.99622428e-01 -5.09000000e-02  1.00015974e+00 -5.09000000e-02  7.99622396e-01 -5.09000000e-02  1.00012700e+00 
-5.08000000e-02  2.10888229e+00 -5.08000000e-02  2.10985653e+00 -5.08000000e-02 -3.01275804e-03 -5.08000000e-02 -4.04677431e-04 -5.08000000e-02  7.99622874e-01 -5.08000000e-02  1.00061608e+00 -5.08000000e-02  7.99622622e-01 -5.08000000e-02  1.00035555e+00 -5.08000000e-02  7.99622493e-01 -5.08000000e-02  1.00022500e+00 -5.08000000e-02  7.99622428e-01 -5.08000000e-02  1.00015965e+00 -5.08000000e-02  7.99622396e-01 -5.08000000e-02  1.00012695e+00 
-5.07000000e-02  2.10909075e+00 -5.07000000e-02  2.10964887e+00 -5.07000000e-02 -3.01275534e-03 -5.07000000e-02 -4.04679747e-04 -5.07000000e-02  7.99622875e-01 -5.07000000e-02  1.00061536e+00 -5.07000000e-02  7.99622622e-01 -5.07000000e-02  1.00035519e+00 -5.07000000e-02  7.99622493e-01 -5.07000000e-02  1.00022482e+00 -5.07000000e-02  7.99622428e-01 -5.07000000e-02  1.00015956e+00 -5.07000000e-02  7.99622396e-01 -5.07000000e-02  1.00012691e+00 
-5.06000000e-02  2.10929928e+00 -5.06000000e-02  2.10944113e+00 -5.06000000e-02 -3.01275264e-03 -5.06000000e-02 -4.04682063e-04 -5.06000000e-02  7.99622875e-01 -5.06000000e-02  1.00061464e+00 -5.06000000e-02  7.99622622e-01 -5.06000000e-02  1.00035483e+00 -5.06000000e-02  7.99622493e-01 -5.06000000e-02  1.00022464e+00 -5.06000000e-02  7.99622428e-01 -5.06000000e-02  1.00015947e+00 -5.06000000e-02  7.99622396e-01 -5.06000000e-02  1.00012686e+00 
-5.05000000e-02  2.10950789e+00 -5.05000000e-02  2.10923332e+00 -5.05000000e-02 -3.01274995e-03 -5.05000000e-02 -4.04684378e-04 -5.05000000e-02  7.99622876e-01 -5.05000000e-02  1.00061392e+00 -5.05000000e-02  7.99622623e-01 -5.05000000e-02  1.00035447e+00 -5.05000000e-02  7.99622494e-01 -5.05000000e-02  1.00022446e+00 -5.05000000e-02  7.99622429e-01 -5.05000000e-02  1.00015938e+00 -5.05000000e-02  7.99622396e-01 -5.05000000e-02  1.00012682e+00 
-5.04000000e-02  2.10971656e+00 -5.04000000e-02  2.10902543e+00 -5.04000000e-02 -3.01274725e-03 -5.04000000e-02 -4.04686693e-04 -5.04000000e-02  7.99622877e-01 -5.04000000e-02  1.00061321e+00 -5.04000000e-02  7.99622623e-01 -5.04000000e-02  1.00035411e+00 -5.04000000e-02  7.99622494e-01 -5.04000000e-02  1.00022428e+00 -5.04000000e-02  7.99622429e-01 -5.04000000e-02  1.00015929e+00 -5.04000000e-02  7.99622396e-01 -5.04000000e-02  1.00012677e+00 
-5.03000000e-02  2.10992531e+00 -5.03000000e-02  2.10881748e+00 -5.03000000e-02 -3.01274456e-03 -5.03000000e-02 -4.04689006e-04 -5.03000000e-02  7.99622878e-01 -5.03000000e-02  1.00061249e+00 -5.03000000e-02  7.99622623e-01 -5.03000000e-02  1.00035375e+00 -5.03000000e-02  7.99622494e-01 -5.03000000e-02  1.00022410e+00 -5.03000000e-02  7.99622429e-01 -5.03000000e-02  1.00015920e+00 -5.03000000e-02  7.99622396e-01 -5.03000000e-02  1.00012673e+00 
-5.02000000e-02  2.11013412e+00 -5.02000000e-02  2.10860946e+00 -5.02000000e-02 -3.01274186e-03 -5.02000000e-02 -4.04691319e-04 -5.02000000e-02  7.99622878e-01 -5.02000000e-02  1.00061177e+00 -5.02000000e-02  7.99622624e-01 -5.02000000e-02  1.00035339e+00 -5.02000000e-02  7.99622494e-01 -5.02000000e-02  1.00022392e+00 -5.02000000e-02  7.99622429e-01 -5.02000000e-02  1.00015911e+00 -5.02000000e-02  7.99622396e-01 -5.02000000e-02  1.00012668e+00 
-5.01000000e-02  2.11034301e+00 -5.01000000e-02  2.10840136e+00 -5.01000000e-02 -3.01273917e-03 -5.01000000e-02 -4.04693631e-04 -5.01000000e-02  7.99622879e-01 -5.01000000e-02  1.00061105e+00 -5.01000000e-02  7.99622624e-01 -5.01000000e-02  1.00035303e+00 -5.01000000e-02  7.99622494e-01 -5.01000000e-02  1.00022374e+00 -5.01000000e-02  7.99622429e-01 -5.01000000e-02  1.00015902e+00 -5.01000000e-02  7.99622396e-01 -5.01000000e-02  1.00012664e+00 
-5.00000000e-02  2.11055197e+00 -5.00000000e-02  2.10819320e+00 -5.00000000e-02 -3.01273648e-03 -5.00000000e-02 -4.04695943e-04 -5.00000000e-02  7.99622880e-01 -5.00000000e-02  1.00061033e+00 -5.00000000e-02  7.99622624e-01 -5.00000000e-02  1.00035268e+00 -5.00000000e-02  7.99622494e-01 -5.00000000e-02  1.00022356e+00 -5.00000000e-02  7.99622429e-01 -5.00000000e-02  1.00015893e+00 -5.00000000e-02  7.99622396e-01 -5.00000000e-02  1.00012659e+00 
-4.99000000e-02  2.11076099e+00 -4.99000000e-02  2.10798496e+00 -4.99000000e-02 -3.01273379e-03 -4.99000000e-02 -4.04698254e-04 -4.99000000e-02  7.99622880e-01 -4.99000000e-02  1.00060962e+00 -4.99000000e-02  7.99622625e-01 -4.99000000e-02  1.00035232e+00 -4.99000000e-02  7.99622495e-01 -4.99000000e-02  1.00022338e+00 -4.99000000e-02  7.99622429e-01 -4.99000000e-02  1.00015884e+00 -4.99000000e-02  7.99622396e-01 -4.99000000e-02  1.00012655e+00 
-4.98000000e-02  2.11097009e+00 -4.98000000e-02  2.10777665e+00 -4.98000000e-02 -3.01273110e-03 -4.98000000e-02 -4.04700563e-04 -4.98000000e-02  7.99622881e-01 -4.98000000e-02  1.00060890e+00 -4.98000000e-02  7.99622625e-01 -4.98000000e-02  1.00035196e+00 -4.98000000e-02  7.99622495e-01 -4.98000000e-02  1.00022320e+00 -4.98000000e-02  7.99622429e-01 -4.98000000e-02  1.00015875e+00 -4.98000000e-02  7.99622396e-01 -4.98000000e-02  1.00012650e+00 
-4.97000000e-02  2.11117925e+00 -4.97000000e-02  2.10756828e+00 -4.97000000e-02 -3.01272841e-03 -4.97000000e-02 -4.04702873e-04 -4.97000000e-02  7.99622882e-01 -4.97000000e-02  1.00060818e+00 -4.97000000e-02  7.99622625e-01 -4.97000000e-02  1.00035160e+00 -4.97000000e-02  7.99622495e-01 -4.97000000e-02  1.00022302e+00 -4.97000000e-02  7.99622429e-01 -4.97000000e-02  1.00015866e+00 -4.97000000e-02  7.99622396e-01 -4.97000000e-02  1.00012646e+00 
-4.96000000e-02  2.11138849e+00 -4.96000000e-02  2.10735983e+00 -4.96000000e-02 -3.01272573e-03 -4.96000000e-02 -4.04705181e-04 -4.96000000e-02  7.99622882e-01 -4.96000000e-02  1.00060747e+00 -4.96000000e-02  7.99622626e-01 -4.96000000e-02  1.00035124e+00 -4.96000000e-02  7.99622495e-01 -4.96000000e-02  1.00022284e+00 -4.96000000e-02  7.99622429e-01 -4.96000000e-02  1.00015857e+00 -4.96000000e-02  7.99622396e-01 -4.96000000e-02  1.00012641e+00 
-4.95000000e-02  2.11159780e+00 -4.95000000e-02  2.10715131e+00 -4.95000000e-02 -3.01272304e-03 -4.95000000e-02 -4.04707489e-04 -4.95000000e-02  7.99622883e-01 -4.95000000e-02  1.00060675e+00 -4.95000000e-02  7.99622626e-01 -4.95000000e-02  1.00035088e+00 -4.95000000e-02  7.99622495e-01 -4.95000000e-02  1.00022266e+00 -4.95000000e-02  7.99622429e-01 -4.95000000e-02  1.00015848e+00 -4.95000000e-02  7.99622396e-01 -4.95000000e-02  1.00012637e+00 
-4.94000000e-02  2.11180717e+00 -4.94000000e-02  2.10694273e+00 -4.94000000e-02 -3.01272036e-03 -4.94000000e-02 -4.04709796e-04 -4.94000000e-02  7.99622884e-01 -4.94000000e-02  1.00060603e+00 -4.94000000e-02  7.99622626e-01 -4.94000000e-02  1.00035052e+00 -4.94000000e-02  7.99622495e-01 -4.94000000e-02  1.00022248e+00 -4.94000000e-02  7.99622430e-01 -4.94000000e-02  1.00015839e+00 -4.94000000e-02  7.99622396e-01 -4.94000000e-02  1.00012632e+00 
-4.93000000e-02  2.11201661e+00 -4.93000000e-02  2.10673407e+00 -4.93000000e-02 -3.01271767e-03 -4.93000000e-02 -4.04712102e-04 -4.93000000e-02  7.99622884e-01 -4.93000000e-02  1.00060532e+00 -4.93000000e-02  7.99622627e-01 -4.93000000e-02  1.00035016e+00 -4.93000000e-02  7.99622496e-01 -4.93000000e-02  1.00022230e+00 -4.93000000e-02  7.99622430e-01 -4.93000000e-02  1.00015830e+00 -4.93000000e-02  7.99622396e-01 -4.93000000e-02  1.00012628e+00 
-4.92000000e-02  2.11222613e+00 -4.92000000e-02  2.10652535e+00 -4.92000000e-02 -3.01271499e-03 -4.92000000e-02 -4.04714407e-04 -4.92000000e-02  7.99622885e-01 -4.92000000e-02  1.00060460e+00 -4.92000000e-02  7.99622627e-01 -4.92000000e-02  1.00034980e+00 -4.92000000e-02  7.99622496e-01 -4.92000000e-02  1.00022212e+00 -4.92000000e-02  7.99622430e-01 -4.92000000e-02  1.00015821e+00 -4.92000000e-02  7.99622397e-01 -4.92000000e-02  1.00012623e+00 
-4.91000000e-02  2.11243571e+00 -4.91000000e-02  2.10631655e+00 -4.91000000e-02 -3.01271231e-03 -4.91000000e-02 -4.04716712e-04 -4.91000000e-02  7.99622886e-01 -4.91000000e-02  1.00060389e+00 -4.91000000e-02  7.99622627e-01 -4.91000000e-02  1.00034944e+00 -4.91000000e-02  7.99622496e-01 -4.91000000e-02  1.00022194e+00 -4.91000000e-02  7.99622430e-01 -4.91000000e-02  1.00015812e+00 -4.91000000e-02  7.99622397e-01 -4.91000000e-02  1.00012619e+00 
-4.90000000e-02  2.11264536e+00 -4.90000000e-02  2.10610769e+00 -4.90000000e-02 -3.01270963e-03 -4.90000000e-02 -4.04719016e-04 -4.90000000e-02  7.99622886e-01 -4.90000000e-02  1.00060317e+00 -4.90000000e-02  7.99622628e-01 -4.90000000e-02  1.00034909e+00 -4.90000000e-02  7.99622496e-01 -4.90000000e-02  1.00022176e+00 -4.90000000e-02  7.99622430e-01 -4.90000000e-02  1.00015803e+00 -4.90000000e-02  7.99622397e-01 -4.90000000e-02  1.00012614e+00 
-4.89000000e-02  2.11285508e+00 -4.89000000e-02  2.10589876e+00 -4.89000000e-02 -3.01270695e-03 -4.89000000e-02 -4.04721319e-04 -4.89000000e-02  7.99622887e-01 -4.89000000e-02  1.00060246e+00 -4.89000000e-02  7.99622628e-01 -4.89000000e-02  1.00034873e+00 -4.89000000e-02  7.99622496e-01 -4.89000000e-02  1.00022158e+00 -4.89000000e-02  7.99622430e-01 -4.89000000e-02  1.00015794e+00 -4.89000000e-02  7.99622397e-01 -4.89000000e-02  1.00012610e+00 
-4.88000000e-02  2.11306487e+00 -4.88000000e-02  2.10568976e+00 -4.88000000e-02 -3.01270427e-03 -4.88000000e-02 -4.04723621e-04 -4.88000000e-02  7.99622888e-01 -4.88000000e-02  1.00060174e+00 -4.88000000e-02  7.99622628e-01 -4.88000000e-02  1.00034837e+00 -4.88000000e-02  7.99622497e-01 -4.88000000e-02  1.00022140e+00 -4.88000000e-02  7.99622430e-01 -4.88000000e-02  1.00015785e+00 -4.88000000e-02  7.99622397e-01 -4.88000000e-02  1.00012605e+00 
-4.87000000e-02  2.11327472e+00 -4.87000000e-02  2.10548069e+00 -4.87000000e-02 -3.01270159e-03 -4.87000000e-02 -4.04725923e-04 -4.87000000e-02  7.99622888e-01 -4.87000000e-02  1.00060103e+00 -4.87000000e-02  7.99622629e-01 -4.87000000e-02  1.00034801e+00 -4.87000000e-02  7.99622497e-01 -4.87000000e-02  1.00022122e+00 -4.87000000e-02  7.99622430e-01 -4.87000000e-02  1.00015776e+00 -4.87000000e-02  7.99622397e-01 -4.87000000e-02  1.00012601e+00 
-4.86000000e-02  2.11348465e+00 -4.86000000e-02  2.10527155e+00 -4.86000000e-02 -3.01269892e-03 -4.86000000e-02 -4.04728223e-04 -4.86000000e-02  7.99622889e-01 -4.86000000e-02  1.00060031e+00 -4.86000000e-02  7.99622629e-01 -4.86000000e-02  1.00034765e+00 -4.86000000e-02  7.99622497e-01 -4.86000000e-02  1.00022104e+00 -4.86000000e-02  7.99622430e-01 -4.86000000e-02  1.00015767e+00 -4.86000000e-02  7.99622397e-01 -4.86000000e-02  1.00012596e+00 
-4.85000000e-02  2.11369464e+00 -4.85000000e-02  2.10506234e+00 -4.85000000e-02 -3.01269624e-03 -4.85000000e-02 -4.04730523e-04 -4.85000000e-02  7.99622890e-01 -4.85000000e-02  1.00059960e+00 -4.85000000e-02  7.99622629e-01 -4.85000000e-02  1.00034730e+00 -4.85000000e-02  7.99622497e-01 -4.85000000e-02  1.00022087e+00 -4.85000000e-02  7.99622430e-01 -4.85000000e-02  1.00015758e+00 -4.85000000e-02  7.99622397e-01 -4.85000000e-02  1.00012592e+00 
-4.84000000e-02  2.11390470e+00 -4.84000000e-02  2.10485307e+00 -4.84000000e-02 -3.01269357e-03 -4.84000000e-02 -4.04732823e-04 -4.84000000e-02  7.99622890e-01 -4.84000000e-02  1.00059888e+00 -4.84000000e-02  7.99622630e-01 -4.84000000e-02  1.00034694e+00 -4.84000000e-02  7.99622497e-01 -4.84000000e-02  1.00022069e+00 -4.84000000e-02  7.99622430e-01 -4.84000000e-02  1.00015749e+00 -4.84000000e-02  7.99622397e-01 -4.84000000e-02  1.00012588e+00 
-4.83000000e-02  2.11411482e+00 -4.83000000e-02  2.10464373e+00 -4.83000000e-02 -3.01269089e-03 -4.83000000e-02 -4.04735121e-04 -4.83000000e-02  7.99622891e-01 -4.83000000e-02  1.00059817e+00 -4.83000000e-02  7.99622630e-01 -4.83000000e-02  1.00034658e+00 -4.83000000e-02  7.99622497e-01 -4.83000000e-02  1.00022051e+00 -4.83000000e-02  7.99622431e-01 -4.83000000e-02  1.00015740e+00 -4.83000000e-02  7.99622397e-01 -4.83000000e-02  1.00012583e+00 
-4.82000000e-02  2.11432502e+00 -4.82000000e-02  2.10443432e+00 -4.82000000e-02 -3.01268822e-03 -4.82000000e-02 -4.04737419e-04 -4.82000000e-02  7.99622892e-01 -4.82000000e-02  1.00059746e+00 -4.82000000e-02  7.99622630e-01 -4.82000000e-02  1.00034622e+00 -4.82000000e-02  7.99622498e-01 -4.82000000e-02  1.00022033e+00 -4.82000000e-02  7.99622431e-01 -4.82000000e-02  1.00015731e+00 -4.82000000e-02  7.99622397e-01 -4.82000000e-02  1.00012579e+00 
-4.81000000e-02  2.11453528e+00 -4.81000000e-02  2.10422484e+00 -4.81000000e-02 -3.01268555e-03 -4.81000000e-02 -4.04739716e-04 -4.81000000e-02  7.99622892e-01 -4.81000000e-02  1.00059674e+00 -4.81000000e-02  7.99622631e-01 -4.81000000e-02  1.00034587e+00 -4.81000000e-02  7.99622498e-01 -4.81000000e-02  1.00022015e+00 -4.81000000e-02  7.99622431e-01 -4.81000000e-02  1.00015722e+00 -4.81000000e-02  7.99622397e-01 -4.81000000e-02  1.00012574e+00 
-4.80000000e-02  2.11474561e+00 -4.80000000e-02  2.10401529e+00 -4.80000000e-02 -3.01268288e-03 -4.80000000e-02 -4.04742012e-04 -4.80000000e-02  7.99622893e-01 -4.80000000e-02  1.00059603e+00 -4.80000000e-02  7.99622631e-01 -4.80000000e-02  1.00034551e+00 -4.80000000e-02  7.99622498e-01 -4.80000000e-02  1.00021997e+00 -4.80000000e-02  7.99622431e-01 -4.80000000e-02  1.00015713e+00 -4.80000000e-02  7.99622397e-01 -4.80000000e-02  1.00012570e+00 
-4.79000000e-02  2.11495600e+00 -4.79000000e-02  2.10380568e+00 -4.79000000e-02 -3.01268021e-03 -4.79000000e-02 -4.04744307e-04 -4.79000000e-02  7.99622894e-01 -4.79000000e-02  1.00059532e+00 -4.79000000e-02  7.99622631e-01 -4.79000000e-02  1.00034515e+00 -4.79000000e-02  7.99622498e-01 -4.79000000e-02  1.00021979e+00 -4.79000000e-02  7.99622431e-01 -4.79000000e-02  1.00015704e+00 -4.79000000e-02  7.99622397e-01 -4.79000000e-02  1.00012565e+00 
-4.78000000e-02  2.11516647e+00 -4.78000000e-02  2.10359600e+00 -4.78000000e-02 -3.01267754e-03 -4.78000000e-02 -4.04746601e-04 -4.78000000e-02  7.99622894e-01 -4.78000000e-02  1.00059461e+00 -4.78000000e-02  7.99622632e-01 -4.78000000e-02  1.00034480e+00 -4.78000000e-02  7.99622498e-01 -4.78000000e-02  1.00021961e+00 -4.78000000e-02  7.99622431e-01 -4.78000000e-02  1.00015695e+00 -4.78000000e-02  7.99622397e-01 -4.78000000e-02  1.00012561e+00 
-4.77000000e-02  2.11537700e+00 -4.77000000e-02  2.10338625e+00 -4.77000000e-02 -3.01267488e-03 -4.77000000e-02 -4.04748895e-04 -4.77000000e-02  7.99622895e-01 -4.77000000e-02  1.00059390e+00 -4.77000000e-02  7.99622632e-01 -4.77000000e-02  1.00034444e+00 -4.77000000e-02  7.99622498e-01 -4.77000000e-02  1.00021943e+00 -4.77000000e-02  7.99622431e-01 -4.77000000e-02  1.00015686e+00 -4.77000000e-02  7.99622397e-01 -4.77000000e-02  1.00012556e+00 
-4.76000000e-02  2.11558759e+00 -4.76000000e-02  2.10317644e+00 -4.76000000e-02 -3.01267221e-03 -4.76000000e-02 -4.04751188e-04 -4.76000000e-02  7.99622896e-01 -4.76000000e-02  1.00059318e+00 -4.76000000e-02  7.99622632e-01 -4.76000000e-02  1.00034408e+00 -4.76000000e-02  7.99622499e-01 -4.76000000e-02  1.00021926e+00 -4.76000000e-02  7.99622431e-01 -4.76000000e-02  1.00015678e+00 -4.76000000e-02  7.99622397e-01 -4.76000000e-02  1.00012552e+00 
-4.75000000e-02  2.11579825e+00 -4.75000000e-02  2.10296656e+00 -4.75000000e-02 -3.01266955e-03 -4.75000000e-02 -4.04753480e-04 -4.75000000e-02  7.99622897e-01 -4.75000000e-02  1.00059247e+00 -4.75000000e-02  7.99622633e-01 -4.75000000e-02  1.00034373e+00 -4.75000000e-02  7.99622499e-01 -4.75000000e-02  1.00021908e+00 -4.75000000e-02  7.99622431e-01 -4.75000000e-02  1.00015669e+00 -4.75000000e-02  7.99622397e-01 -4.75000000e-02  1.00012547e+00 
-4.74000000e-02  2.11600898e+00 -4.74000000e-02  2.10275661e+00 -4.74000000e-02 -3.01266688e-03 -4.74000000e-02 -4.04755771e-04 -4.74000000e-02  7.99622897e-01 -4.74000000e-02  1.00059176e+00 -4.74000000e-02  7.99622633e-01 -4.74000000e-02  1.00034337e+00 -4.74000000e-02  7.99622499e-01 -4.74000000e-02  1.00021890e+00 -4.74000000e-02  7.99622431e-01 -4.74000000e-02  1.00015660e+00 -4.74000000e-02  7.99622397e-01 -4.74000000e-02  1.00012543e+00 
-4.73000000e-02  2.11621978e+00 -4.73000000e-02  2.10254660e+00 -4.73000000e-02 -3.01266422e-03 -4.73000000e-02 -4.04758061e-04 -4.73000000e-02  7.99622898e-01 -4.73000000e-02  1.00059105e+00 -4.73000000e-02  7.99622634e-01 -4.73000000e-02  1.00034301e+00 -4.73000000e-02  7.99622499e-01 -4.73000000e-02  1.00021872e+00 -4.73000000e-02  7.99622431e-01 -4.73000000e-02  1.00015651e+00 -4.73000000e-02  7.99622397e-01 -4.73000000e-02  1.00012538e+00 
-4.72000000e-02  2.11643064e+00 -4.72000000e-02  2.10233652e+00 -4.72000000e-02 -3.01266156e-03 -4.72000000e-02 -4.04760351e-04 -4.72000000e-02  7.99622899e-01 -4.72000000e-02  1.00059034e+00 -4.72000000e-02  7.99622634e-01 -4.72000000e-02  1.00034266e+00 -4.72000000e-02  7.99622499e-01 -4.72000000e-02  1.00021854e+00 -4.72000000e-02  7.99622432e-01 -4.72000000e-02  1.00015642e+00 -4.72000000e-02  7.99622397e-01 -4.72000000e-02  1.00012534e+00 
-4.71000000e-02  2.11664156e+00 -4.71000000e-02  2.10212637e+00 -4.71000000e-02 -3.01265890e-03 -4.71000000e-02 -4.04762640e-04 -4.71000000e-02  7.99622899e-01 -4.71000000e-02  1.00058963e+00 -4.71000000e-02  7.99622634e-01 -4.71000000e-02  1.00034230e+00 -4.71000000e-02  7.99622500e-01 -4.71000000e-02  1.00021836e+00 -4.71000000e-02  7.99622432e-01 -4.71000000e-02  1.00015633e+00 -4.71000000e-02  7.99622398e-01 -4.71000000e-02  1.00012529e+00 
-4.70000000e-02  2.11685255e+00 -4.70000000e-02  2.10191616e+00 -4.70000000e-02 -3.01265624e-03 -4.70000000e-02 -4.04764928e-04 -4.70000000e-02  7.99622900e-01 -4.70000000e-02  1.00058892e+00 -4.70000000e-02  7.99622635e-01 -4.70000000e-02  1.00034194e+00 -4.70000000e-02  7.99622500e-01 -4.70000000e-02  1.00021819e+00 -4.70000000e-02  7.99622432e-01 -4.70000000e-02  1.00015624e+00 -4.70000000e-02  7.99622398e-01 -4.70000000e-02  1.00012525e+00 
-4.69000000e-02  2.11706361e+00 -4.69000000e-02  2.10170588e+00 -4.69000000e-02 -3.01265358e-03 -4.69000000e-02 -4.04767215e-04 -4.69000000e-02  7.99622901e-01 -4.69000000e-02  1.00058821e+00 -4.69000000e-02  7.99622635e-01 -4.69000000e-02  1.00034159e+00 -4.69000000e-02  7.99622500e-01 -4.69000000e-02  1.00021801e+00 -4.69000000e-02  7.99622432e-01 -4.69000000e-02  1.00015615e+00 -4.69000000e-02  7.99622398e-01 -4.69000000e-02  1.00012521e+00 
-4.68000000e-02  2.11727473e+00 -4.68000000e-02  2.10149554e+00 -4.68000000e-02 -3.01265093e-03 -4.68000000e-02 -4.04769501e-04 -4.68000000e-02  7.99622901e-01 -4.68000000e-02  1.00058750e+00 -4.68000000e-02  7.99622635e-01 -4.68000000e-02  1.00034123e+00 -4.68000000e-02  7.99622500e-01 -4.68000000e-02  1.00021783e+00 -4.68000000e-02  7.99622432e-01 -4.68000000e-02  1.00015606e+00 -4.68000000e-02  7.99622398e-01 -4.68000000e-02  1.00012516e+00 
-4.67000000e-02  2.11748592e+00 -4.67000000e-02  2.10128513e+00 -4.67000000e-02 -3.01264827e-03 -4.67000000e-02 -4.04771787e-04 -4.67000000e-02  7.99622902e-01 -4.67000000e-02  1.00058679e+00 -4.67000000e-02  7.99622636e-01 -4.67000000e-02  1.00034088e+00 -4.67000000e-02  7.99622500e-01 -4.67000000e-02  1.00021765e+00 -4.67000000e-02  7.99622432e-01 -4.67000000e-02  1.00015597e+00 -4.67000000e-02  7.99622398e-01 -4.67000000e-02  1.00012512e+00 
-4.66000000e-02  2.11769717e+00 -4.66000000e-02  2.10107466e+00 -4.66000000e-02 -3.01264562e-03 -4.66000000e-02 -4.04774071e-04 -4.66000000e-02  7.99622903e-01 -4.66000000e-02  1.00058608e+00 -4.66000000e-02  7.99622636e-01 -4.66000000e-02  1.00034052e+00 -4.66000000e-02  7.99622500e-01 -4.66000000e-02  1.00021747e+00 -4.66000000e-02  7.99622432e-01 -4.66000000e-02  1.00015588e+00 -4.66000000e-02  7.99622398e-01 -4.66000000e-02  1.00012507e+00 
-4.65000000e-02  2.11790849e+00 -4.65000000e-02  2.10086412e+00 -4.65000000e-02 -3.01264297e-03 -4.65000000e-02 -4.04776355e-04 -4.65000000e-02  7.99622903e-01 -4.65000000e-02  1.00058537e+00 -4.65000000e-02  7.99622636e-01 -4.65000000e-02  1.00034017e+00 -4.65000000e-02  7.99622501e-01 -4.65000000e-02  1.00021730e+00 -4.65000000e-02  7.99622432e-01 -4.65000000e-02  1.00015579e+00 -4.65000000e-02  7.99622398e-01 -4.65000000e-02  1.00012503e+00 
-4.64000000e-02  2.11811987e+00 -4.64000000e-02  2.10065352e+00 -4.64000000e-02 -3.01264031e-03 -4.64000000e-02 -4.04778638e-04 -4.64000000e-02  7.99622904e-01 -4.64000000e-02  1.00058466e+00 -4.64000000e-02  7.99622637e-01 -4.64000000e-02  1.00033981e+00 -4.64000000e-02  7.99622501e-01 -4.64000000e-02  1.00021712e+00 -4.64000000e-02  7.99622432e-01 -4.64000000e-02  1.00015571e+00 -4.64000000e-02  7.99622398e-01 -4.64000000e-02  1.00012498e+00 
-4.63000000e-02  2.11833131e+00 -4.63000000e-02  2.10044285e+00 -4.63000000e-02 -3.01263766e-03 -4.63000000e-02 -4.04780920e-04 -4.63000000e-02  7.99622905e-01 -4.63000000e-02  1.00058395e+00 -4.63000000e-02  7.99622637e-01 -4.63000000e-02  1.00033946e+00 -4.63000000e-02  7.99622501e-01 -4.63000000e-02  1.00021694e+00 -4.63000000e-02  7.99622432e-01 -4.63000000e-02  1.00015562e+00 -4.63000000e-02  7.99622398e-01 -4.63000000e-02  1.00012494e+00 
-4.62000000e-02  2.11854282e+00 -4.62000000e-02  2.10023211e+00 -4.62000000e-02 -3.01263501e-03 -4.62000000e-02 -4.04783201e-04 -4.62000000e-02  7.99622905e-01 -4.62000000e-02  1.00058324e+00 -4.62000000e-02  7.99622637e-01 -4.62000000e-02  1.00033910e+00 -4.62000000e-02  7.99622501e-01 -4.62000000e-02  1.00021676e+00 -4.62000000e-02  7.99622432e-01 -4.62000000e-02  1.00015553e+00 -4.62000000e-02  7.99622398e-01 -4.62000000e-02  1.00012489e+00 
-4.61000000e-02  2.11875440e+00 -4.61000000e-02  2.10002132e+00 -4.61000000e-02 -3.01263236e-03 -4.61000000e-02 -4.04785482e-04 -4.61000000e-02  7.99622906e-01 -4.61000000e-02  1.00058254e+00 -4.61000000e-02  7.99622638e-01 -4.61000000e-02  1.00033875e+00 -4.61000000e-02  7.99622501e-01 -4.61000000e-02  1.00021659e+00 -4.61000000e-02  7.99622433e-01 -4.61000000e-02  1.00015544e+00 -4.61000000e-02  7.99622398e-01 -4.61000000e-02  1.00012485e+00 
-4.60000000e-02  2.11896603e+00 -4.60000000e-02  2.09981045e+00 -4.60000000e-02 -3.01262972e-03 -4.60000000e-02 -4.04787761e-04 -4.60000000e-02  7.99622907e-01 -4.60000000e-02  1.00058183e+00 -4.60000000e-02  7.99622638e-01 -4.60000000e-02  1.00033839e+00 -4.60000000e-02  7.99622501e-01 -4.60000000e-02  1.00021641e+00 -4.60000000e-02  7.99622433e-01 -4.60000000e-02  1.00015535e+00 -4.60000000e-02  7.99622398e-01 -4.60000000e-02  1.00012480e+00 
-4.59000000e-02  2.11917774e+00 -4.59000000e-02  2.09959953e+00 -4.59000000e-02 -3.01262707e-03 -4.59000000e-02 -4.04790040e-04 -4.59000000e-02  7.99622908e-01 -4.59000000e-02  1.00058112e+00 -4.59000000e-02  7.99622638e-01 -4.59000000e-02  1.00033804e+00 -4.59000000e-02  7.99622502e-01 -4.59000000e-02  1.00021623e+00 -4.59000000e-02  7.99622433e-01 -4.59000000e-02  1.00015526e+00 -4.59000000e-02  7.99622398e-01 -4.59000000e-02  1.00012476e+00 
-4.58000000e-02  2.11938950e+00 -4.58000000e-02  2.09938854e+00 -4.58000000e-02 -3.01262443e-03 -4.58000000e-02 -4.04792318e-04 -4.58000000e-02  7.99622908e-01 -4.58000000e-02  1.00058041e+00 -4.58000000e-02  7.99622639e-01 -4.58000000e-02  1.00033768e+00 -4.58000000e-02  7.99622502e-01 -4.58000000e-02  1.00021605e+00 -4.58000000e-02  7.99622433e-01 -4.58000000e-02  1.00015517e+00 -4.58000000e-02  7.99622398e-01 -4.58000000e-02  1.00012472e+00 
-4.57000000e-02  2.11960133e+00 -4.57000000e-02  2.09917748e+00 -4.57000000e-02 -3.01262178e-03 -4.57000000e-02 -4.04794595e-04 -4.57000000e-02  7.99622909e-01 -4.57000000e-02  1.00057971e+00 -4.57000000e-02  7.99622639e-01 -4.57000000e-02  1.00033733e+00 -4.57000000e-02  7.99622502e-01 -4.57000000e-02  1.00021588e+00 -4.57000000e-02  7.99622433e-01 -4.57000000e-02  1.00015508e+00 -4.57000000e-02  7.99622398e-01 -4.57000000e-02  1.00012467e+00 
-4.56000000e-02  2.11981322e+00 -4.56000000e-02  2.09896636e+00 -4.56000000e-02 -3.01261914e-03 -4.56000000e-02 -4.04796871e-04 -4.56000000e-02  7.99622910e-01 -4.56000000e-02  1.00057900e+00 -4.56000000e-02  7.99622639e-01 -4.56000000e-02  1.00033698e+00 -4.56000000e-02  7.99622502e-01 -4.56000000e-02  1.00021570e+00 -4.56000000e-02  7.99622433e-01 -4.56000000e-02  1.00015500e+00 -4.56000000e-02  7.99622398e-01 -4.56000000e-02  1.00012463e+00 
-4.55000000e-02  2.12002518e+00 -4.55000000e-02  2.09875518e+00 -4.55000000e-02 -3.01261650e-03 -4.55000000e-02 -4.04799147e-04 -4.55000000e-02  7.99622910e-01 -4.55000000e-02  1.00057829e+00 -4.55000000e-02  7.99622640e-01 -4.55000000e-02  1.00033662e+00 -4.55000000e-02  7.99622502e-01 -4.55000000e-02  1.00021552e+00 -4.55000000e-02  7.99622433e-01 -4.55000000e-02  1.00015491e+00 -4.55000000e-02  7.99622398e-01 -4.55000000e-02  1.00012458e+00 
-4.54000000e-02  2.12023720e+00 -4.54000000e-02  2.09854394e+00 -4.54000000e-02 -3.01261386e-03 -4.54000000e-02 -4.04801421e-04 -4.54000000e-02  7.99622911e-01 -4.54000000e-02  1.00057759e+00 -4.54000000e-02  7.99622640e-01 -4.54000000e-02  1.00033627e+00 -4.54000000e-02  7.99622503e-01 -4.54000000e-02  1.00021535e+00 -4.54000000e-02  7.99622433e-01 -4.54000000e-02  1.00015482e+00 -4.54000000e-02  7.99622398e-01 -4.54000000e-02  1.00012454e+00 
-4.53000000e-02  2.12044928e+00 -4.53000000e-02  2.09833263e+00 -4.53000000e-02 -3.01261122e-03 -4.53000000e-02 -4.04803695e-04 -4.53000000e-02  7.99622912e-01 -4.53000000e-02  1.00057688e+00 -4.53000000e-02  7.99622641e-01 -4.53000000e-02  1.00033591e+00 -4.53000000e-02  7.99622503e-01 -4.53000000e-02  1.00021517e+00 -4.53000000e-02  7.99622433e-01 -4.53000000e-02  1.00015473e+00 -4.53000000e-02  7.99622398e-01 -4.53000000e-02  1.00012449e+00 
-4.52000000e-02  2.12066142e+00 -4.52000000e-02  2.09812126e+00 -4.52000000e-02 -3.01260859e-03 -4.52000000e-02 -4.04805968e-04 -4.52000000e-02  7.99622912e-01 -4.52000000e-02  1.00057618e+00 -4.52000000e-02  7.99622641e-01 -4.52000000e-02  1.00033556e+00 -4.52000000e-02  7.99622503e-01 -4.52000000e-02  1.00021499e+00 -4.52000000e-02  7.99622433e-01 -4.52000000e-02  1.00015464e+00 -4.52000000e-02  7.99622398e-01 -4.52000000e-02  1.00012445e+00 
-4.51000000e-02  2.12087363e+00 -4.51000000e-02  2.09790982e+00 -4.51000000e-02 -3.01260595e-03 -4.51000000e-02 -4.04808240e-04 -4.51000000e-02  7.99622913e-01 -4.51000000e-02  1.00057547e+00 -4.51000000e-02  7.99622641e-01 -4.51000000e-02  1.00033521e+00 -4.51000000e-02  7.99622503e-01 -4.51000000e-02  1.00021481e+00 -4.51000000e-02  7.99622433e-01 -4.51000000e-02  1.00015455e+00 -4.51000000e-02  7.99622399e-01 -4.51000000e-02  1.00012441e+00 
-4.50000000e-02  2.12108590e+00 -4.50000000e-02  2.09769833e+00 -4.50000000e-02 -3.01260331e-03 -4.50000000e-02 -4.04810511e-04 -4.50000000e-02  7.99622914e-01 -4.50000000e-02  1.00057477e+00 -4.50000000e-02  7.99622642e-01 -4.50000000e-02  1.00033485e+00 -4.50000000e-02  7.99622503e-01 -4.50000000e-02  1.00021464e+00 -4.50000000e-02  7.99622434e-01 -4.50000000e-02  1.00015446e+00 -4.50000000e-02  7.99622399e-01 -4.50000000e-02  1.00012436e+00 
-4.49000000e-02  2.12129823e+00 -4.49000000e-02  2.09748676e+00 -4.49000000e-02 -3.01260068e-03 -4.49000000e-02 -4.04812781e-04 -4.49000000e-02  7.99622915e-01 -4.49000000e-02  1.00057406e+00 -4.49000000e-02  7.99622642e-01 -4.49000000e-02  1.00033450e+00 -4.49000000e-02  7.99622503e-01 -4.49000000e-02  1.00021446e+00 -4.49000000e-02  7.99622434e-01 -4.49000000e-02  1.00015438e+00 -4.49000000e-02  7.99622399e-01 -4.49000000e-02  1.00012432e+00 
-4.48000000e-02  2.12151062e+00 -4.48000000e-02  2.09727514e+00 -4.48000000e-02 -3.01259805e-03 -4.48000000e-02 -4.04815050e-04 -4.48000000e-02  7.99622915e-01 -4.48000000e-02  1.00057336e+00 -4.48000000e-02  7.99622642e-01 -4.48000000e-02  1.00033415e+00 -4.48000000e-02  7.99622504e-01 -4.48000000e-02  1.00021428e+00 -4.48000000e-02  7.99622434e-01 -4.48000000e-02  1.00015429e+00 -4.48000000e-02  7.99622399e-01 -4.48000000e-02  1.00012427e+00 
-4.47000000e-02  2.12172308e+00 -4.47000000e-02  2.09706346e+00 -4.47000000e-02 -3.01259542e-03 -4.47000000e-02 -4.04817319e-04 -4.47000000e-02  7.99622916e-01 -4.47000000e-02  1.00057265e+00 -4.47000000e-02  7.99622643e-01 -4.47000000e-02  1.00033379e+00 -4.47000000e-02  7.99622504e-01 -4.47000000e-02  1.00021411e+00 -4.47000000e-02  7.99622434e-01 -4.47000000e-02  1.00015420e+00 -4.47000000e-02  7.99622399e-01 -4.47000000e-02  1.00012423e+00 
-4.46000000e-02  2.12193559e+00 -4.46000000e-02  2.09685171e+00 -4.46000000e-02 -3.01259279e-03 -4.46000000e-02 -4.04819586e-04 -4.46000000e-02  7.99622917e-01 -4.46000000e-02  1.00057195e+00 -4.46000000e-02  7.99622643e-01 -4.46000000e-02  1.00033344e+00 -4.46000000e-02  7.99622504e-01 -4.46000000e-02  1.00021393e+00 -4.46000000e-02  7.99622434e-01 -4.46000000e-02  1.00015411e+00 -4.46000000e-02  7.99622399e-01 -4.46000000e-02  1.00012419e+00 
-4.45000000e-02  2.12214817e+00 -4.45000000e-02  2.09663990e+00 -4.45000000e-02 -3.01259016e-03 -4.45000000e-02 -4.04821853e-04 -4.45000000e-02  7.99622917e-01 -4.45000000e-02  1.00057124e+00 -4.45000000e-02  7.99622643e-01 -4.45000000e-02  1.00033309e+00 -4.45000000e-02  7.99622504e-01 -4.45000000e-02  1.00021375e+00 -4.45000000e-02  7.99622434e-01 -4.45000000e-02  1.00015402e+00 -4.45000000e-02  7.99622399e-01 -4.45000000e-02  1.00012414e+00 
-4.44000000e-02  2.12236081e+00 -4.44000000e-02  2.09642803e+00 -4.44000000e-02 -3.01258753e-03 -4.44000000e-02 -4.04824118e-04 -4.44000000e-02  7.99622918e-01 -4.44000000e-02  1.00057054e+00 -4.44000000e-02  7.99622644e-01 -4.44000000e-02  1.00033274e+00 -4.44000000e-02  7.99622504e-01 -4.44000000e-02  1.00021358e+00 -4.44000000e-02  7.99622434e-01 -4.44000000e-02  1.00015393e+00 -4.44000000e-02  7.99622399e-01 -4.44000000e-02  1.00012410e+00 
-4.43000000e-02  2.12257351e+00 -4.43000000e-02  2.09621610e+00 -4.43000000e-02 -3.01258491e-03 -4.43000000e-02 -4.04826383e-04 -4.43000000e-02  7.99622919e-01 -4.43000000e-02  1.00056984e+00 -4.43000000e-02  7.99622644e-01 -4.43000000e-02  1.00033238e+00 -4.43000000e-02  7.99622505e-01 -4.43000000e-02  1.00021340e+00 -4.43000000e-02  7.99622434e-01 -4.43000000e-02  1.00015385e+00 -4.43000000e-02  7.99622399e-01 -4.43000000e-02  1.00012405e+00 
-4.42000000e-02  2.12278628e+00 -4.42000000e-02  2.09600410e+00 -4.42000000e-02 -3.01258228e-03 -4.42000000e-02 -4.04828647e-04 -4.42000000e-02  7.99622920e-01 -4.42000000e-02  1.00056913e+00 -4.42000000e-02  7.99622644e-01 -4.42000000e-02  1.00033203e+00 -4.42000000e-02  7.99622505e-01 -4.42000000e-02  1.00021323e+00 -4.42000000e-02  7.99622434e-01 -4.42000000e-02  1.00015376e+00 -4.42000000e-02  7.99622399e-01 -4.42000000e-02  1.00012401e+00 
-4.41000000e-02  2.12299910e+00 -4.41000000e-02  2.09579204e+00 -4.41000000e-02 -3.01257966e-03 -4.41000000e-02 -4.04830910e-04 -4.41000000e-02  7.99622920e-01 -4.41000000e-02  1.00056843e+00 -4.41000000e-02  7.99622645e-01 -4.41000000e-02  1.00033168e+00 -4.41000000e-02  7.99622505e-01 -4.41000000e-02  1.00021305e+00 -4.41000000e-02  7.99622434e-01 -4.41000000e-02  1.00015367e+00 -4.41000000e-02  7.99622399e-01 -4.41000000e-02  1.00012396e+00 
-4.40000000e-02  2.12321198e+00 -4.40000000e-02  2.09557993e+00 -4.40000000e-02 -3.01257703e-03 -4.40000000e-02 -4.04833173e-04 -4.40000000e-02  7.99622921e-01 -4.40000000e-02  1.00056773e+00 -4.40000000e-02  7.99622645e-01 -4.40000000e-02  1.00033133e+00 -4.40000000e-02  7.99622505e-01 -4.40000000e-02  1.00021287e+00 -4.40000000e-02  7.99622435e-01 -4.40000000e-02  1.00015358e+00 -4.40000000e-02  7.99622399e-01 -4.40000000e-02  1.00012392e+00 
-4.39000000e-02  2.12342493e+00 -4.39000000e-02  2.09536775e+00 -4.39000000e-02 -3.01257441e-03 -4.39000000e-02 -4.04835434e-04 -4.39000000e-02  7.99622922e-01 -4.39000000e-02  1.00056703e+00 -4.39000000e-02  7.99622645e-01 -4.39000000e-02  1.00033098e+00 -4.39000000e-02  7.99622505e-01 -4.39000000e-02  1.00021270e+00 -4.39000000e-02  7.99622435e-01 -4.39000000e-02  1.00015349e+00 -4.39000000e-02  7.99622399e-01 -4.39000000e-02  1.00012388e+00 
-4.38000000e-02  2.12363794e+00 -4.38000000e-02  2.09515551e+00 -4.38000000e-02 -3.01257179e-03 -4.38000000e-02 -4.04837694e-04 -4.38000000e-02  7.99622922e-01 -4.38000000e-02  1.00056633e+00 -4.38000000e-02  7.99622646e-01 -4.38000000e-02  1.00033063e+00 -4.38000000e-02  7.99622505e-01 -4.38000000e-02  1.00021252e+00 -4.38000000e-02  7.99622435e-01 -4.38000000e-02  1.00015341e+00 -4.38000000e-02  7.99622399e-01 -4.38000000e-02  1.00012383e+00 
-4.37000000e-02  2.12385100e+00 -4.37000000e-02  2.09494321e+00 -4.37000000e-02 -3.01256918e-03 -4.37000000e-02 -4.04839954e-04 -4.37000000e-02  7.99622923e-01 -4.37000000e-02  1.00056562e+00 -4.37000000e-02  7.99622646e-01 -4.37000000e-02  1.00033027e+00 -4.37000000e-02  7.99622506e-01 -4.37000000e-02  1.00021235e+00 -4.37000000e-02  7.99622435e-01 -4.37000000e-02  1.00015332e+00 -4.37000000e-02  7.99622399e-01 -4.37000000e-02  1.00012379e+00 
-4.36000000e-02  2.12406413e+00 -4.36000000e-02  2.09473085e+00 -4.36000000e-02 -3.01256656e-03 -4.36000000e-02 -4.04842213e-04 -4.36000000e-02  7.99622924e-01 -4.36000000e-02  1.00056492e+00 -4.36000000e-02  7.99622647e-01 -4.36000000e-02  1.00032992e+00 -4.36000000e-02  7.99622506e-01 -4.36000000e-02  1.00021217e+00 -4.36000000e-02  7.99622435e-01 -4.36000000e-02  1.00015323e+00 -4.36000000e-02  7.99622399e-01 -4.36000000e-02  1.00012374e+00 
-4.35000000e-02  2.12427731e+00 -4.35000000e-02  2.09451843e+00 -4.35000000e-02 -3.01256394e-03 -4.35000000e-02 -4.04844470e-04 -4.35000000e-02  7.99622924e-01 -4.35000000e-02  1.00056422e+00 -4.35000000e-02  7.99622647e-01 -4.35000000e-02  1.00032957e+00 -4.35000000e-02  7.99622506e-01 -4.35000000e-02  1.00021199e+00 -4.35000000e-02  7.99622435e-01 -4.35000000e-02  1.00015314e+00 -4.35000000e-02  7.99622399e-01 -4.35000000e-02  1.00012370e+00 
-4.34000000e-02  2.12449056e+00 -4.34000000e-02  2.09430594e+00 -4.34000000e-02 -3.01256133e-03 -4.34000000e-02 -4.04846727e-04 -4.34000000e-02  7.99622925e-01 -4.34000000e-02  1.00056352e+00 -4.34000000e-02  7.99622647e-01 -4.34000000e-02  1.00032922e+00 -4.34000000e-02  7.99622506e-01 -4.34000000e-02  1.00021182e+00 -4.34000000e-02  7.99622435e-01 -4.34000000e-02  1.00015305e+00 -4.34000000e-02  7.99622399e-01 -4.34000000e-02  1.00012366e+00 
-4.33000000e-02  2.12470387e+00 -4.33000000e-02  2.09409340e+00 -4.33000000e-02 -3.01255872e-03 -4.33000000e-02 -4.04848983e-04 -4.33000000e-02  7.99622926e-01 -4.33000000e-02  1.00056282e+00 -4.33000000e-02  7.99622648e-01 -4.33000000e-02  1.00032887e+00 -4.33000000e-02  7.99622506e-01 -4.33000000e-02  1.00021164e+00 -4.33000000e-02  7.99622435e-01 -4.33000000e-02  1.00015297e+00 -4.33000000e-02  7.99622399e-01 -4.33000000e-02  1.00012361e+00 
-4.32000000e-02  2.12491723e+00 -4.32000000e-02  2.09388080e+00 -4.32000000e-02 -3.01255610e-03 -4.32000000e-02 -4.04851238e-04 -4.32000000e-02  7.99622927e-01 -4.32000000e-02  1.00056212e+00 -4.32000000e-02  7.99622648e-01 -4.32000000e-02  1.00032852e+00 -4.32000000e-02  7.99622507e-01 -4.32000000e-02  1.00021147e+00 -4.32000000e-02  7.99622435e-01 -4.32000000e-02  1.00015288e+00 -4.32000000e-02  7.99622399e-01 -4.32000000e-02  1.00012357e+00 
-4.31000000e-02  2.12513066e+00 -4.31000000e-02  2.09366814e+00 -4.31000000e-02 -3.01255349e-03 -4.31000000e-02 -4.04853492e-04 -4.31000000e-02  7.99622927e-01 -4.31000000e-02  1.00056142e+00 -4.31000000e-02  7.99622648e-01 -4.31000000e-02  1.00032817e+00 -4.31000000e-02  7.99622507e-01 -4.31000000e-02  1.00021129e+00 -4.31000000e-02  7.99622435e-01 -4.31000000e-02  1.00015279e+00 -4.31000000e-02  7.99622400e-01 -4.31000000e-02  1.00012352e+00 
-4.30000000e-02  2.12534414e+00 -4.30000000e-02  2.09345541e+00 -4.30000000e-02 -3.01255088e-03 -4.30000000e-02 -4.04855745e-04 -4.30000000e-02  7.99622928e-01 -4.30000000e-02  1.00056072e+00 -4.30000000e-02  7.99622649e-01 -4.30000000e-02  1.00032782e+00 -4.30000000e-02  7.99622507e-01 -4.30000000e-02  1.00021112e+00 -4.30000000e-02  7.99622435e-01 -4.30000000e-02  1.00015270e+00 -4.30000000e-02  7.99622400e-01 -4.30000000e-02  1.00012348e+00 
-4.29000000e-02  2.12555769e+00 -4.29000000e-02  2.09324263e+00 -4.29000000e-02 -3.01254828e-03 -4.29000000e-02 -4.04857998e-04 -4.29000000e-02  7.99622929e-01 -4.29000000e-02  1.00056002e+00 -4.29000000e-02  7.99622649e-01 -4.29000000e-02  1.00032747e+00 -4.29000000e-02  7.99622507e-01 -4.29000000e-02  1.00021094e+00 -4.29000000e-02  7.99622436e-01 -4.29000000e-02  1.00015262e+00 -4.29000000e-02  7.99622400e-01 -4.29000000e-02  1.00012344e+00 
-4.28000000e-02  2.12577129e+00 -4.28000000e-02  2.09302979e+00 -4.28000000e-02 -3.01254567e-03 -4.28000000e-02 -4.04860249e-04 -4.28000000e-02  7.99622929e-01 -4.28000000e-02  1.00055932e+00 -4.28000000e-02  7.99622649e-01 -4.28000000e-02  1.00032712e+00 -4.28000000e-02  7.99622507e-01 -4.28000000e-02  1.00021077e+00 -4.28000000e-02  7.99622436e-01 -4.28000000e-02  1.00015253e+00 -4.28000000e-02  7.99622400e-01 -4.28000000e-02  1.00012339e+00 
-4.27000000e-02  2.12598495e+00 -4.27000000e-02  2.09281689e+00 -4.27000000e-02 -3.01254306e-03 -4.27000000e-02 -4.04862499e-04 -4.27000000e-02  7.99622930e-01 -4.27000000e-02  1.00055862e+00 -4.27000000e-02  7.99622650e-01 -4.27000000e-02  1.00032677e+00 -4.27000000e-02  7.99622507e-01 -4.27000000e-02  1.00021059e+00 -4.27000000e-02  7.99622436e-01 -4.27000000e-02  1.00015244e+00 -4.27000000e-02  7.99622400e-01 -4.27000000e-02  1.00012335e+00 
-4.26000000e-02  2.12619867e+00 -4.26000000e-02  2.09260393e+00 -4.26000000e-02 -3.01254046e-03 -4.26000000e-02 -4.04864749e-04 -4.26000000e-02  7.99622931e-01 -4.26000000e-02  1.00055793e+00 -4.26000000e-02  7.99622650e-01 -4.26000000e-02  1.00032642e+00 -4.26000000e-02  7.99622508e-01 -4.26000000e-02  1.00021042e+00 -4.26000000e-02  7.99622436e-01 -4.26000000e-02  1.00015235e+00 -4.26000000e-02  7.99622400e-01 -4.26000000e-02  1.00012331e+00 
-4.25000000e-02  2.12641245e+00 -4.25000000e-02  2.09239091e+00 -4.25000000e-02 -3.01253786e-03 -4.25000000e-02 -4.04866997e-04 -4.25000000e-02  7.99622932e-01 -4.25000000e-02  1.00055723e+00 -4.25000000e-02  7.99622651e-01 -4.25000000e-02  1.00032607e+00 -4.25000000e-02  7.99622508e-01 -4.25000000e-02  1.00021024e+00 -4.25000000e-02  7.99622436e-01 -4.25000000e-02  1.00015226e+00 -4.25000000e-02  7.99622400e-01 -4.25000000e-02  1.00012326e+00 
-4.24000000e-02  2.12662629e+00 -4.24000000e-02  2.09217784e+00 -4.24000000e-02 -3.01253526e-03 -4.24000000e-02 -4.04869245e-04 -4.24000000e-02  7.99622932e-01 -4.24000000e-02  1.00055653e+00 -4.24000000e-02  7.99622651e-01 -4.24000000e-02  1.00032572e+00 -4.24000000e-02  7.99622508e-01 -4.24000000e-02  1.00021007e+00 -4.24000000e-02  7.99622436e-01 -4.24000000e-02  1.00015218e+00 -4.24000000e-02  7.99622400e-01 -4.24000000e-02  1.00012322e+00 
-4.23000000e-02  2.12684019e+00 -4.23000000e-02  2.09196470e+00 -4.23000000e-02 -3.01253266e-03 -4.23000000e-02 -4.04871492e-04 -4.23000000e-02  7.99622933e-01 -4.23000000e-02  1.00055583e+00 -4.23000000e-02  7.99622651e-01 -4.23000000e-02  1.00032537e+00 -4.23000000e-02  7.99622508e-01 -4.23000000e-02  1.00020989e+00 -4.23000000e-02  7.99622436e-01 -4.23000000e-02  1.00015209e+00 -4.23000000e-02  7.99622400e-01 -4.23000000e-02  1.00012317e+00 
-4.22000000e-02  2.12705414e+00 -4.22000000e-02  2.09175150e+00 -4.22000000e-02 -3.01253006e-03 -4.22000000e-02 -4.04873738e-04 -4.22000000e-02  7.99622934e-01 -4.22000000e-02  1.00055513e+00 -4.22000000e-02  7.99622652e-01 -4.22000000e-02  1.00032502e+00 -4.22000000e-02  7.99622508e-01 -4.22000000e-02  1.00020972e+00 -4.22000000e-02  7.99622436e-01 -4.22000000e-02  1.00015200e+00 -4.22000000e-02  7.99622400e-01 -4.22000000e-02  1.00012313e+00 
-4.21000000e-02  2.12726815e+00 -4.21000000e-02  2.09153825e+00 -4.21000000e-02 -3.01252746e-03 -4.21000000e-02 -4.04875982e-04 -4.21000000e-02  7.99622934e-01 -4.21000000e-02  1.00055444e+00 -4.21000000e-02  7.99622652e-01 -4.21000000e-02  1.00032467e+00 -4.21000000e-02  7.99622509e-01 -4.21000000e-02  1.00020954e+00 -4.21000000e-02  7.99622436e-01 -4.21000000e-02  1.00015191e+00 -4.21000000e-02  7.99622400e-01 -4.21000000e-02  1.00012309e+00 
-4.20000000e-02  2.12748222e+00 -4.20000000e-02  2.09132494e+00 -4.20000000e-02 -3.01252487e-03 -4.20000000e-02 -4.04878226e-04 -4.20000000e-02  7.99622935e-01 -4.20000000e-02  1.00055374e+00 -4.20000000e-02  7.99622652e-01 -4.20000000e-02  1.00032432e+00 -4.20000000e-02  7.99622509e-01 -4.20000000e-02  1.00020937e+00 -4.20000000e-02  7.99622436e-01 -4.20000000e-02  1.00015183e+00 -4.20000000e-02  7.99622400e-01 -4.20000000e-02  1.00012304e+00 
-4.19000000e-02  2.12769635e+00 -4.19000000e-02  2.09111157e+00 -4.19000000e-02 -3.01252227e-03 -4.19000000e-02 -4.04880469e-04 -4.19000000e-02  7.99622936e-01 -4.19000000e-02  1.00055304e+00 -4.19000000e-02  7.99622653e-01 -4.19000000e-02  1.00032397e+00 -4.19000000e-02  7.99622509e-01 -4.19000000e-02  1.00020919e+00 -4.19000000e-02  7.99622437e-01 -4.19000000e-02  1.00015174e+00 -4.19000000e-02  7.99622400e-01 -4.19000000e-02  1.00012300e+00 
-4.18000000e-02  2.12791053e+00 -4.18000000e-02  2.09089814e+00 -4.18000000e-02 -3.01251968e-03 -4.18000000e-02 -4.04882711e-04 -4.18000000e-02  7.99622937e-01 -4.18000000e-02  1.00055235e+00 -4.18000000e-02  7.99622653e-01 -4.18000000e-02  1.00032362e+00 -4.18000000e-02  7.99622509e-01 -4.18000000e-02  1.00020902e+00 -4.18000000e-02  7.99622437e-01 -4.18000000e-02  1.00015165e+00 -4.18000000e-02  7.99622400e-01 -4.18000000e-02  1.00012296e+00 
-4.17000000e-02  2.12812478e+00 -4.17000000e-02  2.09068466e+00 -4.17000000e-02 -3.01251709e-03 -4.17000000e-02 -4.04884952e-04 -4.17000000e-02  7.99622937e-01 -4.17000000e-02  1.00055165e+00 -4.17000000e-02  7.99622653e-01 -4.17000000e-02  1.00032327e+00 -4.17000000e-02  7.99622509e-01 -4.17000000e-02  1.00020884e+00 -4.17000000e-02  7.99622437e-01 -4.17000000e-02  1.00015157e+00 -4.17000000e-02  7.99622400e-01 -4.17000000e-02  1.00012291e+00 
-4.16000000e-02  2.12833907e+00 -4.16000000e-02  2.09047111e+00 -4.16000000e-02 -3.01251450e-03 -4.16000000e-02 -4.04887193e-04 -4.16000000e-02  7.99622938e-01 -4.16000000e-02  1.00055096e+00 -4.16000000e-02  7.99622654e-01 -4.16000000e-02  1.00032293e+00 -4.16000000e-02  7.99622509e-01 -4.16000000e-02  1.00020867e+00 -4.16000000e-02  7.99622437e-01 -4.16000000e-02  1.00015148e+00 -4.16000000e-02  7.99622400e-01 -4.16000000e-02  1.00012287e+00 
-4.15000000e-02  2.12855343e+00 -4.15000000e-02  2.09025751e+00 -4.15000000e-02 -3.01251191e-03 -4.15000000e-02 -4.04889432e-04 -4.15000000e-02  7.99622939e-01 -4.15000000e-02  1.00055026e+00 -4.15000000e-02  7.99622654e-01 -4.15000000e-02  1.00032258e+00 -4.15000000e-02  7.99622510e-01 -4.15000000e-02  1.00020849e+00 -4.15000000e-02  7.99622437e-01 -4.15000000e-02  1.00015139e+00 -4.15000000e-02  7.99622400e-01 -4.15000000e-02  1.00012282e+00 
-4.14000000e-02  2.12876784e+00 -4.14000000e-02  2.09004386e+00 -4.14000000e-02 -3.01250932e-03 -4.14000000e-02 -4.04891670e-04 -4.14000000e-02  7.99622940e-01 -4.14000000e-02  1.00054957e+00 -4.14000000e-02  7.99622654e-01 -4.14000000e-02  1.00032223e+00 -4.14000000e-02  7.99622510e-01 -4.14000000e-02  1.00020832e+00 -4.14000000e-02  7.99622437e-01 -4.14000000e-02  1.00015130e+00 -4.14000000e-02  7.99622400e-01 -4.14000000e-02  1.00012278e+00 
-4.13000000e-02  2.12898231e+00 -4.13000000e-02  2.08983014e+00 -4.13000000e-02 -3.01250674e-03 -4.13000000e-02 -4.04893907e-04 -4.13000000e-02  7.99622940e-01 -4.13000000e-02  1.00054887e+00 -4.13000000e-02  7.99622655e-01 -4.13000000e-02  1.00032188e+00 -4.13000000e-02  7.99622510e-01 -4.13000000e-02  1.00020815e+00 -4.13000000e-02  7.99622437e-01 -4.13000000e-02  1.00015122e+00 -4.13000000e-02  7.99622400e-01 -4.13000000e-02  1.00012274e+00 
-4.12000000e-02  2.12919684e+00 -4.12000000e-02  2.08961637e+00 -4.12000000e-02 -3.01250415e-03 -4.12000000e-02 -4.04896144e-04 -4.12000000e-02  7.99622941e-01 -4.12000000e-02  1.00054818e+00 -4.12000000e-02  7.99622655e-01 -4.12000000e-02  1.00032153e+00 -4.12000000e-02  7.99622510e-01 -4.12000000e-02  1.00020797e+00 -4.12000000e-02  7.99622437e-01 -4.12000000e-02  1.00015113e+00 -4.12000000e-02  7.99622401e-01 -4.12000000e-02  1.00012269e+00 
-4.11000000e-02  2.12941142e+00 -4.11000000e-02  2.08940254e+00 -4.11000000e-02 -3.01250157e-03 -4.11000000e-02 -4.04898379e-04 -4.11000000e-02  7.99622942e-01 -4.11000000e-02  1.00054748e+00 -4.11000000e-02  7.99622656e-01 -4.11000000e-02  1.00032119e+00 -4.11000000e-02  7.99622510e-01 -4.11000000e-02  1.00020780e+00 -4.11000000e-02  7.99622437e-01 -4.11000000e-02  1.00015104e+00 -4.11000000e-02  7.99622401e-01 -4.11000000e-02  1.00012265e+00 
-4.10000000e-02  2.12962606e+00 -4.10000000e-02  2.08918865e+00 -4.10000000e-02 -3.01249899e-03 -4.10000000e-02 -4.04900613e-04 -4.10000000e-02  7.99622942e-01 -4.10000000e-02  1.00054679e+00 -4.10000000e-02  7.99622656e-01 -4.10000000e-02  1.00032084e+00 -4.10000000e-02  7.99622511e-01 -4.10000000e-02  1.00020762e+00 -4.10000000e-02  7.99622437e-01 -4.10000000e-02  1.00015096e+00 -4.10000000e-02  7.99622401e-01 -4.10000000e-02  1.00012261e+00 
-4.09000000e-02  2.12984076e+00 -4.09000000e-02  2.08897471e+00 -4.09000000e-02 -3.01249641e-03 -4.09000000e-02 -4.04902847e-04 -4.09000000e-02  7.99622943e-01 -4.09000000e-02  1.00054610e+00 -4.09000000e-02  7.99622656e-01 -4.09000000e-02  1.00032049e+00 -4.09000000e-02  7.99622511e-01 -4.09000000e-02  1.00020745e+00 -4.09000000e-02  7.99622437e-01 -4.09000000e-02  1.00015087e+00 -4.09000000e-02  7.99622401e-01 -4.09000000e-02  1.00012256e+00 
-4.08000000e-02  2.13005551e+00 -4.08000000e-02  2.08876071e+00 -4.08000000e-02 -3.01249383e-03 -4.08000000e-02 -4.04905079e-04 -4.08000000e-02  7.99622944e-01 -4.08000000e-02  1.00054540e+00 -4.08000000e-02  7.99622657e-01 -4.08000000e-02  1.00032014e+00 -4.08000000e-02  7.99622511e-01 -4.08000000e-02  1.00020728e+00 -4.08000000e-02  7.99622438e-01 -4.08000000e-02  1.00015078e+00 -4.08000000e-02  7.99622401e-01 -4.08000000e-02  1.00012252e+00 
-4.07000000e-02  2.13027032e+00 -4.07000000e-02  2.08854666e+00 -4.07000000e-02 -3.01249125e-03 -4.07000000e-02 -4.04907311e-04 -4.07000000e-02  7.99622945e-01 -4.07000000e-02  1.00054471e+00 -4.07000000e-02  7.99622657e-01 -4.07000000e-02  1.00031980e+00 -4.07000000e-02  7.99622511e-01 -4.07000000e-02  1.00020710e+00 -4.07000000e-02  7.99622438e-01 -4.07000000e-02  1.00015069e+00 -4.07000000e-02  7.99622401e-01 -4.07000000e-02  1.00012248e+00 
-4.06000000e-02  2.13048518e+00 -4.06000000e-02  2.08833254e+00 -4.06000000e-02 -3.01248867e-03 -4.06000000e-02 -4.04909541e-04 -4.06000000e-02  7.99622945e-01 -4.06000000e-02  1.00054402e+00 -4.06000000e-02  7.99622657e-01 -4.06000000e-02  1.00031945e+00 -4.06000000e-02  7.99622511e-01 -4.06000000e-02  1.00020693e+00 -4.06000000e-02  7.99622438e-01 -4.06000000e-02  1.00015061e+00 -4.06000000e-02  7.99622401e-01 -4.06000000e-02  1.00012243e+00 
-4.05000000e-02  2.13070010e+00 -4.05000000e-02  2.08811838e+00 -4.05000000e-02 -3.01248610e-03 -4.05000000e-02 -4.04911771e-04 -4.05000000e-02  7.99622946e-01 -4.05000000e-02  1.00054333e+00 -4.05000000e-02  7.99622658e-01 -4.05000000e-02  1.00031910e+00 -4.05000000e-02  7.99622512e-01 -4.05000000e-02  1.00020675e+00 -4.05000000e-02  7.99622438e-01 -4.05000000e-02  1.00015052e+00 -4.05000000e-02  7.99622401e-01 -4.05000000e-02  1.00012239e+00 
-4.04000000e-02  2.13091507e+00 -4.04000000e-02  2.08790415e+00 -4.04000000e-02 -3.01248353e-03 -4.04000000e-02 -4.04914000e-04 -4.04000000e-02  7.99622947e-01 -4.04000000e-02  1.00054263e+00 -4.04000000e-02  7.99622658e-01 -4.04000000e-02  1.00031876e+00 -4.04000000e-02  7.99622512e-01 -4.04000000e-02  1.00020658e+00 -4.04000000e-02  7.99622438e-01 -4.04000000e-02  1.00015043e+00 -4.04000000e-02  7.99622401e-01 -4.04000000e-02  1.00012235e+00 
-4.03000000e-02  2.13113010e+00 -4.03000000e-02  2.08768987e+00 -4.03000000e-02 -3.01248095e-03 -4.03000000e-02 -4.04916227e-04 -4.03000000e-02  7.99622948e-01 -4.03000000e-02  1.00054194e+00 -4.03000000e-02  7.99622659e-01 -4.03000000e-02  1.00031841e+00 -4.03000000e-02  7.99622512e-01 -4.03000000e-02  1.00020641e+00 -4.03000000e-02  7.99622438e-01 -4.03000000e-02  1.00015035e+00 -4.03000000e-02  7.99622401e-01 -4.03000000e-02  1.00012230e+00 
-4.02000000e-02  2.13134519e+00 -4.02000000e-02  2.08747554e+00 -4.02000000e-02 -3.01247838e-03 -4.02000000e-02 -4.04918454e-04 -4.02000000e-02  7.99622948e-01 -4.02000000e-02  1.00054125e+00 -4.02000000e-02  7.99622659e-01 -4.02000000e-02  1.00031806e+00 -4.02000000e-02  7.99622512e-01 -4.02000000e-02  1.00020623e+00 -4.02000000e-02  7.99622438e-01 -4.02000000e-02  1.00015026e+00 -4.02000000e-02  7.99622401e-01 -4.02000000e-02  1.00012226e+00 
-4.01000000e-02  2.13156033e+00 -4.01000000e-02  2.08726115e+00 -4.01000000e-02 -3.01247581e-03 -4.01000000e-02 -4.04920680e-04 -4.01000000e-02  7.99622949e-01 -4.01000000e-02  1.00054056e+00 -4.01000000e-02  7.99622659e-01 -4.01000000e-02  1.00031772e+00 -4.01000000e-02  7.99622512e-01 -4.01000000e-02  1.00020606e+00 -4.01000000e-02  7.99622438e-01 -4.01000000e-02  1.00015017e+00 -4.01000000e-02  7.99622401e-01 -4.01000000e-02  1.00012222e+00 
-4.00000000e-02  2.13177552e+00 -4.00000000e-02  2.08704670e+00 -4.00000000e-02 -3.01247325e-03 -4.00000000e-02 -4.04922904e-04 -4.00000000e-02  7.99622950e-01 -4.00000000e-02  1.00053987e+00 -4.00000000e-02  7.99622660e-01 -4.00000000e-02  1.00031737e+00 -4.00000000e-02  7.99622512e-01 -4.00000000e-02  1.00020589e+00 -4.00000000e-02  7.99622438e-01 -4.00000000e-02  1.00015009e+00 -4.00000000e-02  7.99622401e-01 -4.00000000e-02  1.00012217e+00 
-3.99000000e-02  2.13199077e+00 -3.99000000e-02  2.08683220e+00 -3.99000000e-02 -3.01247068e-03 -3.99000000e-02 -4.04925128e-04 -3.99000000e-02  7.99622950e-01 -3.99000000e-02  1.00053918e+00 -3.99000000e-02  7.99622660e-01 -3.99000000e-02  1.00031703e+00 -3.99000000e-02  7.99622513e-01 -3.99000000e-02  1.00020571e+00 -3.99000000e-02  7.99622438e-01 -3.99000000e-02  1.00015000e+00 -3.99000000e-02  7.99622401e-01 -3.99000000e-02  1.00012213e+00 
-3.98000000e-02  2.13220607e+00 -3.98000000e-02  2.08661765e+00 -3.98000000e-02 -3.01246812e-03 -3.98000000e-02 -4.04927351e-04 -3.98000000e-02  7.99622951e-01 -3.98000000e-02  1.00053849e+00 -3.98000000e-02  7.99622660e-01 -3.98000000e-02  1.00031668e+00 -3.98000000e-02  7.99622513e-01 -3.98000000e-02  1.00020554e+00 -3.98000000e-02  7.99622439e-01 -3.98000000e-02  1.00014991e+00 -3.98000000e-02  7.99622401e-01 -3.98000000e-02  1.00012209e+00 
-3.97000000e-02  2.13242143e+00 -3.97000000e-02  2.08640304e+00 -3.97000000e-02 -3.01246555e-03 -3.97000000e-02 -4.04929573e-04 -3.97000000e-02  7.99622952e-01 -3.97000000e-02  1.00053780e+00 -3.97000000e-02  7.99622661e-01 -3.97000000e-02  1.00031633e+00 -3.97000000e-02  7.99622513e-01 -3.97000000e-02  1.00020537e+00 -3.97000000e-02  7.99622439e-01 -3.97000000e-02  1.00014983e+00 -3.97000000e-02  7.99622401e-01 -3.97000000e-02  1.00012204e+00 
-3.96000000e-02  2.13263684e+00 -3.96000000e-02  2.08618837e+00 -3.96000000e-02 -3.01246299e-03 -3.96000000e-02 -4.04931793e-04 -3.96000000e-02  7.99622953e-01 -3.96000000e-02  1.00053711e+00 -3.96000000e-02  7.99622661e-01 -3.96000000e-02  1.00031599e+00 -3.96000000e-02  7.99622513e-01 -3.96000000e-02  1.00020520e+00 -3.96000000e-02  7.99622439e-01 -3.96000000e-02  1.00014974e+00 -3.96000000e-02  7.99622401e-01 -3.96000000e-02  1.00012200e+00 
-3.95000000e-02  2.13285231e+00 -3.95000000e-02  2.08597365e+00 -3.95000000e-02 -3.01246043e-03 -3.95000000e-02 -4.04934013e-04 -3.95000000e-02  7.99622953e-01 -3.95000000e-02  1.00053642e+00 -3.95000000e-02  7.99622661e-01 -3.95000000e-02  1.00031564e+00 -3.95000000e-02  7.99622513e-01 -3.95000000e-02  1.00020502e+00 -3.95000000e-02  7.99622439e-01 -3.95000000e-02  1.00014965e+00 -3.95000000e-02  7.99622401e-01 -3.95000000e-02  1.00012196e+00 
-3.94000000e-02  2.13306783e+00 -3.94000000e-02  2.08575888e+00 -3.94000000e-02 -3.01245787e-03 -3.94000000e-02 -4.04936232e-04 -3.94000000e-02  7.99622954e-01 -3.94000000e-02  1.00053573e+00 -3.94000000e-02  7.99622662e-01 -3.94000000e-02  1.00031530e+00 -3.94000000e-02  7.99622514e-01 -3.94000000e-02  1.00020485e+00 -3.94000000e-02  7.99622439e-01 -3.94000000e-02  1.00014957e+00 -3.94000000e-02  7.99622401e-01 -3.94000000e-02  1.00012191e+00 
-3.93000000e-02  2.13328340e+00 -3.93000000e-02  2.08554405e+00 -3.93000000e-02 -3.01245532e-03 -3.93000000e-02 -4.04938450e-04 -3.93000000e-02  7.99622955e-01 -3.93000000e-02  1.00053504e+00 -3.93000000e-02  7.99622662e-01 -3.93000000e-02  1.00031495e+00 -3.93000000e-02  7.99622514e-01 -3.93000000e-02  1.00020468e+00 -3.93000000e-02  7.99622439e-01 -3.93000000e-02  1.00014948e+00 -3.93000000e-02  7.99622402e-01 -3.93000000e-02  1.00012187e+00 
-3.92000000e-02  2.13349903e+00 -3.92000000e-02  2.08532917e+00 -3.92000000e-02 -3.01245276e-03 -3.92000000e-02 -4.04940666e-04 -3.92000000e-02  7.99622956e-01 -3.92000000e-02  1.00053435e+00 -3.92000000e-02  7.99622663e-01 -3.92000000e-02  1.00031461e+00 -3.92000000e-02  7.99622514e-01 -3.92000000e-02  1.00020450e+00 -3.92000000e-02  7.99622439e-01 -3.92000000e-02  1.00014940e+00 -3.92000000e-02  7.99622402e-01 -3.92000000e-02  1.00012183e+00 
-3.91000000e-02  2.13371471e+00 -3.91000000e-02  2.08511423e+00 -3.91000000e-02 -3.01245021e-03 -3.91000000e-02 -4.04942882e-04 -3.91000000e-02  7.99622956e-01 -3.91000000e-02  1.00053367e+00 -3.91000000e-02  7.99622663e-01 -3.91000000e-02  1.00031426e+00 -3.91000000e-02  7.99622514e-01 -3.91000000e-02  1.00020433e+00 -3.91000000e-02  7.99622439e-01 -3.91000000e-02  1.00014931e+00 -3.91000000e-02  7.99622402e-01 -3.91000000e-02  1.00012178e+00 
-3.90000000e-02  2.13393044e+00 -3.90000000e-02  2.08489924e+00 -3.90000000e-02 -3.01244765e-03 -3.90000000e-02 -4.04945097e-04 -3.90000000e-02  7.99622957e-01 -3.90000000e-02  1.00053298e+00 -3.90000000e-02  7.99622663e-01 -3.90000000e-02  1.00031392e+00 -3.90000000e-02  7.99622514e-01 -3.90000000e-02  1.00020416e+00 -3.90000000e-02  7.99622439e-01 -3.90000000e-02  1.00014922e+00 -3.90000000e-02  7.99622402e-01 -3.90000000e-02  1.00012174e+00 
-3.89000000e-02  2.13414623e+00 -3.89000000e-02  2.08468420e+00 -3.89000000e-02 -3.01244510e-03 -3.89000000e-02 -4.04947311e-04 -3.89000000e-02  7.99622958e-01 -3.89000000e-02  1.00053229e+00 -3.89000000e-02  7.99622664e-01 -3.89000000e-02  1.00031357e+00 -3.89000000e-02  7.99622515e-01 -3.89000000e-02  1.00020399e+00 -3.89000000e-02  7.99622439e-01 -3.89000000e-02  1.00014914e+00 -3.89000000e-02  7.99622402e-01 -3.89000000e-02  1.00012170e+00 
-3.88000000e-02  2.13436207e+00 -3.88000000e-02  2.08446910e+00 -3.88000000e-02 -3.01244255e-03 -3.88000000e-02 -4.04949524e-04 -3.88000000e-02  7.99622959e-01 -3.88000000e-02  1.00053160e+00 -3.88000000e-02  7.99622664e-01 -3.88000000e-02  1.00031323e+00 -3.88000000e-02  7.99622515e-01 -3.88000000e-02  1.00020382e+00 -3.88000000e-02  7.99622440e-01 -3.88000000e-02  1.00014905e+00 -3.88000000e-02  7.99622402e-01 -3.88000000e-02  1.00012165e+00 
-3.87000000e-02  2.13457796e+00 -3.87000000e-02  2.08425395e+00 -3.87000000e-02 -3.01244000e-03 -3.87000000e-02 -4.04951735e-04 -3.87000000e-02  7.99622959e-01 -3.87000000e-02  1.00053092e+00 -3.87000000e-02  7.99622664e-01 -3.87000000e-02  1.00031289e+00 -3.87000000e-02  7.99622515e-01 -3.87000000e-02  1.00020364e+00 -3.87000000e-02  7.99622440e-01 -3.87000000e-02  1.00014896e+00 -3.87000000e-02  7.99622402e-01 -3.87000000e-02  1.00012161e+00 
-3.86000000e-02  2.13479390e+00 -3.86000000e-02  2.08403875e+00 -3.86000000e-02 -3.01243746e-03 -3.86000000e-02 -4.04953946e-04 -3.86000000e-02  7.99622960e-01 -3.86000000e-02  1.00053023e+00 -3.86000000e-02  7.99622665e-01 -3.86000000e-02  1.00031254e+00 -3.86000000e-02  7.99622515e-01 -3.86000000e-02  1.00020347e+00 -3.86000000e-02  7.99622440e-01 -3.86000000e-02  1.00014888e+00 -3.86000000e-02  7.99622402e-01 -3.86000000e-02  1.00012157e+00 
-3.85000000e-02  2.13500990e+00 -3.85000000e-02  2.08382349e+00 -3.85000000e-02 -3.01243491e-03 -3.85000000e-02 -4.04956156e-04 -3.85000000e-02  7.99622961e-01 -3.85000000e-02  1.00052954e+00 -3.85000000e-02  7.99622665e-01 -3.85000000e-02  1.00031220e+00 -3.85000000e-02  7.99622515e-01 -3.85000000e-02  1.00020330e+00 -3.85000000e-02  7.99622440e-01 -3.85000000e-02  1.00014879e+00 -3.85000000e-02  7.99622402e-01 -3.85000000e-02  1.00012152e+00 
-3.84000000e-02  2.13522595e+00 -3.84000000e-02  2.08360818e+00 -3.84000000e-02 -3.01243237e-03 -3.84000000e-02 -4.04958365e-04 -3.84000000e-02  7.99622962e-01 -3.84000000e-02  1.00052886e+00 -3.84000000e-02  7.99622666e-01 -3.84000000e-02  1.00031186e+00 -3.84000000e-02  7.99622515e-01 -3.84000000e-02  1.00020313e+00 -3.84000000e-02  7.99622440e-01 -3.84000000e-02  1.00014871e+00 -3.84000000e-02  7.99622402e-01 -3.84000000e-02  1.00012148e+00 
-3.83000000e-02  2.13544205e+00 -3.83000000e-02  2.08339282e+00 -3.83000000e-02 -3.01242983e-03 -3.83000000e-02 -4.04960573e-04 -3.83000000e-02  7.99622962e-01 -3.83000000e-02  1.00052817e+00 -3.83000000e-02  7.99622666e-01 -3.83000000e-02  1.00031151e+00 -3.83000000e-02  7.99622516e-01 -3.83000000e-02  1.00020296e+00 -3.83000000e-02  7.99622440e-01 -3.83000000e-02  1.00014862e+00 -3.83000000e-02  7.99622402e-01 -3.83000000e-02  1.00012144e+00 
-3.82000000e-02  2.13565821e+00 -3.82000000e-02  2.08317741e+00 -3.82000000e-02 -3.01242729e-03 -3.82000000e-02 -4.04962779e-04 -3.82000000e-02  7.99622963e-01 -3.82000000e-02  1.00052749e+00 -3.82000000e-02  7.99622666e-01 -3.82000000e-02  1.00031117e+00 -3.82000000e-02  7.99622516e-01 -3.82000000e-02  1.00020278e+00 -3.82000000e-02  7.99622440e-01 -3.82000000e-02  1.00014853e+00 -3.82000000e-02  7.99622402e-01 -3.82000000e-02  1.00012140e+00 
-3.81000000e-02  2.13587441e+00 -3.81000000e-02  2.08296194e+00 -3.81000000e-02 -3.01242475e-03 -3.81000000e-02 -4.04964985e-04 -3.81000000e-02  7.99622964e-01 -3.81000000e-02  1.00052680e+00 -3.81000000e-02  7.99622667e-01 -3.81000000e-02  1.00031083e+00 -3.81000000e-02  7.99622516e-01 -3.81000000e-02  1.00020261e+00 -3.81000000e-02  7.99622440e-01 -3.81000000e-02  1.00014845e+00 -3.81000000e-02  7.99622402e-01 -3.81000000e-02  1.00012135e+00 
-3.80000000e-02  2.13609067e+00 -3.80000000e-02  2.08274642e+00 -3.80000000e-02 -3.01242221e-03 -3.80000000e-02 -4.04967190e-04 -3.80000000e-02  7.99622964e-01 -3.80000000e-02  1.00052612e+00 -3.80000000e-02  7.99622667e-01 -3.80000000e-02  1.00031048e+00 -3.80000000e-02  7.99622516e-01 -3.80000000e-02  1.00020244e+00 -3.80000000e-02  7.99622440e-01 -3.80000000e-02  1.00014836e+00 -3.80000000e-02  7.99622402e-01 -3.80000000e-02  1.00012131e+00 
-3.79000000e-02  2.13630698e+00 -3.79000000e-02  2.08253085e+00 -3.79000000e-02 -3.01241967e-03 -3.79000000e-02 -4.04969393e-04 -3.79000000e-02  7.99622965e-01 -3.79000000e-02  1.00052543e+00 -3.79000000e-02  7.99622667e-01 -3.79000000e-02  1.00031014e+00 -3.79000000e-02  7.99622516e-01 -3.79000000e-02  1.00020227e+00 -3.79000000e-02  7.99622440e-01 -3.79000000e-02  1.00014828e+00 -3.79000000e-02  7.99622402e-01 -3.79000000e-02  1.00012127e+00 
-3.78000000e-02  2.13652334e+00 -3.78000000e-02  2.08231522e+00 -3.78000000e-02 -3.01241714e-03 -3.78000000e-02 -4.04971596e-04 -3.78000000e-02  7.99622966e-01 -3.78000000e-02  1.00052475e+00 -3.78000000e-02  7.99622668e-01 -3.78000000e-02  1.00030980e+00 -3.78000000e-02  7.99622517e-01 -3.78000000e-02  1.00020210e+00 -3.78000000e-02  7.99622440e-01 -3.78000000e-02  1.00014819e+00 -3.78000000e-02  7.99622402e-01 -3.78000000e-02  1.00012122e+00 
-3.77000000e-02  2.13673976e+00 -3.77000000e-02  2.08209955e+00 -3.77000000e-02 -3.01241461e-03 -3.77000000e-02 -4.04973798e-04 -3.77000000e-02  7.99622967e-01 -3.77000000e-02  1.00052407e+00 -3.77000000e-02  7.99622668e-01 -3.77000000e-02  1.00030945e+00 -3.77000000e-02  7.99622517e-01 -3.77000000e-02  1.00020193e+00 -3.77000000e-02  7.99622441e-01 -3.77000000e-02  1.00014811e+00 -3.77000000e-02  7.99622402e-01 -3.77000000e-02  1.00012118e+00 
-3.76000000e-02  2.13695622e+00 -3.76000000e-02  2.08188382e+00 -3.76000000e-02 -3.01241207e-03 -3.76000000e-02 -4.04975998e-04 -3.76000000e-02  7.99622967e-01 -3.76000000e-02  1.00052338e+00 -3.76000000e-02  7.99622669e-01 -3.76000000e-02  1.00030911e+00 -3.76000000e-02  7.99622517e-01 -3.76000000e-02  1.00020175e+00 -3.76000000e-02  7.99622441e-01 -3.76000000e-02  1.00014802e+00 -3.76000000e-02  7.99622402e-01 -3.76000000e-02  1.00012114e+00 
-3.75000000e-02  2.13717273e+00 -3.75000000e-02  2.08166804e+00 -3.75000000e-02 -3.01240954e-03 -3.75000000e-02 -4.04978198e-04 -3.75000000e-02  7.99622968e-01 -3.75000000e-02  1.00052270e+00 -3.75000000e-02  7.99622669e-01 -3.75000000e-02  1.00030877e+00 -3.75000000e-02  7.99622517e-01 -3.75000000e-02  1.00020158e+00 -3.75000000e-02  7.99622441e-01 -3.75000000e-02  1.00014793e+00 -3.75000000e-02  7.99622402e-01 -3.75000000e-02  1.00012110e+00 
-3.74000000e-02  2.13738930e+00 -3.74000000e-02  2.08145221e+00 -3.74000000e-02 -3.01240702e-03 -3.74000000e-02 -4.04980396e-04 -3.74000000e-02  7.99622969e-01 -3.74000000e-02  1.00052202e+00 -3.74000000e-02  7.99622669e-01 -3.74000000e-02  1.00030843e+00 -3.74000000e-02  7.99622517e-01 -3.74000000e-02  1.00020141e+00 -3.74000000e-02  7.99622441e-01 -3.74000000e-02  1.00014785e+00 -3.74000000e-02  7.99622403e-01 -3.74000000e-02  1.00012105e+00 
-3.73000000e-02  2.13760592e+00 -3.73000000e-02  2.08123633e+00 -3.73000000e-02 -3.01240449e-03 -3.73000000e-02 -4.04982594e-04 -3.73000000e-02  7.99622970e-01 -3.73000000e-02  1.00052133e+00 -3.73000000e-02  7.99622670e-01 -3.73000000e-02  1.00030809e+00 -3.73000000e-02  7.99622518e-01 -3.73000000e-02  1.00020124e+00 -3.73000000e-02  7.99622441e-01 -3.73000000e-02  1.00014776e+00 -3.73000000e-02  7.99622403e-01 -3.73000000e-02  1.00012101e+00 
-3.72000000e-02  2.13782258e+00 -3.72000000e-02  2.08102040e+00 -3.72000000e-02 -3.01240196e-03 -3.72000000e-02 -4.04984790e-04 -3.72000000e-02  7.99622970e-01 -3.72000000e-02  1.00052065e+00 -3.72000000e-02  7.99622670e-01 -3.72000000e-02  1.00030774e+00 -3.72000000e-02  7.99622518e-01 -3.72000000e-02  1.00020107e+00 -3.72000000e-02  7.99622441e-01 -3.72000000e-02  1.00014768e+00 -3.72000000e-02  7.99622403e-01 -3.72000000e-02  1.00012097e+00 
-3.71000000e-02  2.13803930e+00 -3.71000000e-02  2.08080442e+00 -3.71000000e-02 -3.01239944e-03 -3.71000000e-02 -4.04986986e-04 -3.71000000e-02  7.99622971e-01 -3.71000000e-02  1.00051997e+00 -3.71000000e-02  7.99622670e-01 -3.71000000e-02  1.00030740e+00 -3.71000000e-02  7.99622518e-01 -3.71000000e-02  1.00020090e+00 -3.71000000e-02  7.99622441e-01 -3.71000000e-02  1.00014759e+00 -3.71000000e-02  7.99622403e-01 -3.71000000e-02  1.00012092e+00 
-3.70000000e-02  2.13825607e+00 -3.70000000e-02  2.08058838e+00 -3.70000000e-02 -3.01239692e-03 -3.70000000e-02 -4.04989180e-04 -3.70000000e-02  7.99622972e-01 -3.70000000e-02  1.00051929e+00 -3.70000000e-02  7.99622671e-01 -3.70000000e-02  1.00030706e+00 -3.70000000e-02  7.99622518e-01 -3.70000000e-02  1.00020073e+00 -3.70000000e-02  7.99622441e-01 -3.70000000e-02  1.00014751e+00 -3.70000000e-02  7.99622403e-01 -3.70000000e-02  1.00012088e+00 
-3.69000000e-02  2.13847289e+00 -3.69000000e-02  2.08037230e+00 -3.69000000e-02 -3.01239440e-03 -3.69000000e-02 -4.04991373e-04 -3.69000000e-02  7.99622973e-01 -3.69000000e-02  1.00051861e+00 -3.69000000e-02  7.99622671e-01 -3.69000000e-02  1.00030672e+00 -3.69000000e-02  7.99622518e-01 -3.69000000e-02  1.00020056e+00 -3.69000000e-02  7.99622441e-01 -3.69000000e-02  1.00014742e+00 -3.69000000e-02  7.99622403e-01 -3.69000000e-02  1.00012084e+00 
-3.68000000e-02  2.13868976e+00 -3.68000000e-02  2.08015616e+00 -3.68000000e-02 -3.01239188e-03 -3.68000000e-02 -4.04993566e-04 -3.68000000e-02  7.99622973e-01 -3.68000000e-02  1.00051793e+00 -3.68000000e-02  7.99622672e-01 -3.68000000e-02  1.00030638e+00 -3.68000000e-02  7.99622519e-01 -3.68000000e-02  1.00020039e+00 -3.68000000e-02  7.99622441e-01 -3.68000000e-02  1.00014734e+00 -3.68000000e-02  7.99622403e-01 -3.68000000e-02  1.00012080e+00 
-3.67000000e-02  2.13890667e+00 -3.67000000e-02  2.07993997e+00 -3.67000000e-02 -3.01238936e-03 -3.67000000e-02 -4.04995757e-04 -3.67000000e-02  7.99622974e-01 -3.67000000e-02  1.00051725e+00 -3.67000000e-02  7.99622672e-01 -3.67000000e-02  1.00030604e+00 -3.67000000e-02  7.99622519e-01 -3.67000000e-02  1.00020022e+00 -3.67000000e-02  7.99622442e-01 -3.67000000e-02  1.00014725e+00 -3.67000000e-02  7.99622403e-01 -3.67000000e-02  1.00012075e+00 
-3.66000000e-02  2.13912364e+00 -3.66000000e-02  2.07972374e+00 -3.66000000e-02 -3.01238684e-03 -3.66000000e-02 -4.04997947e-04 -3.66000000e-02  7.99622975e-01 -3.66000000e-02  1.00051657e+00 -3.66000000e-02  7.99622672e-01 -3.66000000e-02  1.00030570e+00 -3.66000000e-02  7.99622519e-01 -3.66000000e-02  1.00020005e+00 -3.66000000e-02  7.99622442e-01 -3.66000000e-02  1.00014716e+00 -3.66000000e-02  7.99622403e-01 -3.66000000e-02  1.00012071e+00 
-3.65000000e-02  2.13934066e+00 -3.65000000e-02  2.07950745e+00 -3.65000000e-02 -3.01238433e-03 -3.65000000e-02 -4.05000136e-04 -3.65000000e-02  7.99622976e-01 -3.65000000e-02  1.00051589e+00 -3.65000000e-02  7.99622673e-01 -3.65000000e-02  1.00030536e+00 -3.65000000e-02  7.99622519e-01 -3.65000000e-02  1.00019988e+00 -3.65000000e-02  7.99622442e-01 -3.65000000e-02  1.00014708e+00 -3.65000000e-02  7.99622403e-01 -3.65000000e-02  1.00012067e+00 
-3.64000000e-02  2.13955773e+00 -3.64000000e-02  2.07929111e+00 -3.64000000e-02 -3.01238182e-03 -3.64000000e-02 -4.05002325e-04 -3.64000000e-02  7.99622976e-01 -3.64000000e-02  1.00051521e+00 -3.64000000e-02  7.99622673e-01 -3.64000000e-02  1.00030502e+00 -3.64000000e-02  7.99622519e-01 -3.64000000e-02  1.00019970e+00 -3.64000000e-02  7.99622442e-01 -3.64000000e-02  1.00014699e+00 -3.64000000e-02  7.99622403e-01 -3.64000000e-02  1.00012063e+00 
-3.63000000e-02  2.13977484e+00 -3.63000000e-02  2.07907473e+00 -3.63000000e-02 -3.01237931e-03 -3.63000000e-02 -4.05004512e-04 -3.63000000e-02  7.99622977e-01 -3.63000000e-02  1.00051453e+00 -3.63000000e-02  7.99622673e-01 -3.63000000e-02  1.00030468e+00 -3.63000000e-02  7.99622519e-01 -3.63000000e-02  1.00019953e+00 -3.63000000e-02  7.99622442e-01 -3.63000000e-02  1.00014691e+00 -3.63000000e-02  7.99622403e-01 -3.63000000e-02  1.00012058e+00 
-3.62000000e-02  2.13999201e+00 -3.62000000e-02  2.07885829e+00 -3.62000000e-02 -3.01237680e-03 -3.62000000e-02 -4.05006698e-04 -3.62000000e-02  7.99622978e-01 -3.62000000e-02  1.00051385e+00 -3.62000000e-02  7.99622674e-01 -3.62000000e-02  1.00030434e+00 -3.62000000e-02  7.99622520e-01 -3.62000000e-02  1.00019936e+00 -3.62000000e-02  7.99622442e-01 -3.62000000e-02  1.00014682e+00 -3.62000000e-02  7.99622403e-01 -3.62000000e-02  1.00012054e+00 
-3.61000000e-02  2.14020922e+00 -3.61000000e-02  2.07864181e+00 -3.61000000e-02 -3.01237429e-03 -3.61000000e-02 -4.05008883e-04 -3.61000000e-02  7.99622979e-01 -3.61000000e-02  1.00051317e+00 -3.61000000e-02  7.99622674e-01 -3.61000000e-02  1.00030400e+00 -3.61000000e-02  7.99622520e-01 -3.61000000e-02  1.00019919e+00 -3.61000000e-02  7.99622442e-01 -3.61000000e-02  1.00014674e+00 -3.61000000e-02  7.99622403e-01 -3.61000000e-02  1.00012050e+00 
-3.60000000e-02  2.14042648e+00 -3.60000000e-02  2.07842527e+00 -3.60000000e-02 -3.01237178e-03 -3.60000000e-02 -4.05011066e-04 -3.60000000e-02  7.99622979e-01 -3.60000000e-02  1.00051249e+00 -3.60000000e-02  7.99622675e-01 -3.60000000e-02  1.00030366e+00 -3.60000000e-02  7.99622520e-01 -3.60000000e-02  1.00019902e+00 -3.60000000e-02  7.99622442e-01 -3.60000000e-02  1.00014665e+00 -3.60000000e-02  7.99622403e-01 -3.60000000e-02  1.00012046e+00 
-3.59000000e-02  2.14064380e+00 -3.59000000e-02  2.07820869e+00 -3.59000000e-02 -3.01236928e-03 -3.59000000e-02 -4.05013249e-04 -3.59000000e-02  7.99622980e-01 -3.59000000e-02  1.00051182e+00 -3.59000000e-02  7.99622675e-01 -3.59000000e-02  1.00030332e+00 -3.59000000e-02  7.99622520e-01 -3.59000000e-02  1.00019885e+00 -3.59000000e-02  7.99622442e-01 -3.59000000e-02  1.00014657e+00 -3.59000000e-02  7.99622403e-01 -3.59000000e-02  1.00012041e+00 
-3.58000000e-02  2.14086116e+00 -3.58000000e-02  2.07799205e+00 -3.58000000e-02 -3.01236677e-03 -3.58000000e-02 -4.05015431e-04 -3.58000000e-02  7.99622981e-01 -3.58000000e-02  1.00051114e+00 -3.58000000e-02  7.99622675e-01 -3.58000000e-02  1.00030298e+00 -3.58000000e-02  7.99622520e-01 -3.58000000e-02  1.00019868e+00 -3.58000000e-02  7.99622442e-01 -3.58000000e-02  1.00014648e+00 -3.58000000e-02  7.99622403e-01 -3.58000000e-02  1.00012037e+00 
-3.57000000e-02  2.14107857e+00 -3.57000000e-02  2.07777537e+00 -3.57000000e-02 -3.01236427e-03 -3.57000000e-02 -4.05017612e-04 -3.57000000e-02  7.99622982e-01 -3.57000000e-02  1.00051046e+00 -3.57000000e-02  7.99622676e-01 -3.57000000e-02  1.00030264e+00 -3.57000000e-02  7.99622521e-01 -3.57000000e-02  1.00019851e+00 -3.57000000e-02  7.99622443e-01 -3.57000000e-02  1.00014640e+00 -3.57000000e-02  7.99622403e-01 -3.57000000e-02  1.00012033e+00 
-3.56000000e-02  2.14129602e+00 -3.56000000e-02  2.07755864e+00 -3.56000000e-02 -3.01236177e-03 -3.56000000e-02 -4.05019791e-04 -3.56000000e-02  7.99622982e-01 -3.56000000e-02  1.00050978e+00 -3.56000000e-02  7.99622676e-01 -3.56000000e-02  1.00030230e+00 -3.56000000e-02  7.99622521e-01 -3.56000000e-02  1.00019835e+00 -3.56000000e-02  7.99622443e-01 -3.56000000e-02  1.00014631e+00 -3.56000000e-02  7.99622403e-01 -3.56000000e-02  1.00012029e+00 
-3.55000000e-02  2.14151353e+00 -3.55000000e-02  2.07734186e+00 -3.55000000e-02 -3.01235928e-03 -3.55000000e-02 -4.05021970e-04 -3.55000000e-02  7.99622983e-01 -3.55000000e-02  1.00050911e+00 -3.55000000e-02  7.99622676e-01 -3.55000000e-02  1.00030196e+00 -3.55000000e-02  7.99622521e-01 -3.55000000e-02  1.00019818e+00 -3.55000000e-02  7.99622443e-01 -3.55000000e-02  1.00014623e+00 -3.55000000e-02  7.99622404e-01 -3.55000000e-02  1.00012024e+00 
-3.54000000e-02  2.14173108e+00 -3.54000000e-02  2.07712503e+00 -3.54000000e-02 -3.01235678e-03 -3.54000000e-02 -4.05024148e-04 -3.54000000e-02  7.99622984e-01 -3.54000000e-02  1.00050843e+00 -3.54000000e-02  7.99622677e-01 -3.54000000e-02  1.00030162e+00 -3.54000000e-02  7.99622521e-01 -3.54000000e-02  1.00019801e+00 -3.54000000e-02  7.99622443e-01 -3.54000000e-02  1.00014614e+00 -3.54000000e-02  7.99622404e-01 -3.54000000e-02  1.00012020e+00 
-3.53000000e-02  2.14194868e+00 -3.53000000e-02  2.07690816e+00 -3.53000000e-02 -3.01235428e-03 -3.53000000e-02 -4.05026324e-04 -3.53000000e-02  7.99622985e-01 -3.53000000e-02  1.00050776e+00 -3.53000000e-02  7.99622677e-01 -3.53000000e-02  1.00030128e+00 -3.53000000e-02  7.99622521e-01 -3.53000000e-02  1.00019784e+00 -3.53000000e-02  7.99622443e-01 -3.53000000e-02  1.00014606e+00 -3.53000000e-02  7.99622404e-01 -3.53000000e-02  1.00012016e+00 
-3.52000000e-02  2.14216633e+00 -3.52000000e-02  2.07669123e+00 -3.52000000e-02 -3.01235179e-03 -3.52000000e-02 -4.05028499e-04 -3.52000000e-02  7.99622986e-01 -3.52000000e-02  1.00050708e+00 -3.52000000e-02  7.99622678e-01 -3.52000000e-02  1.00030095e+00 -3.52000000e-02  7.99622522e-01 -3.52000000e-02  1.00019767e+00 -3.52000000e-02  7.99622443e-01 -3.52000000e-02  1.00014597e+00 -3.52000000e-02  7.99622404e-01 -3.52000000e-02  1.00012012e+00 
-3.51000000e-02  2.14238403e+00 -3.51000000e-02  2.07647426e+00 -3.51000000e-02 -3.01234930e-03 -3.51000000e-02 -4.05030674e-04 -3.51000000e-02  7.99622986e-01 -3.51000000e-02  1.00050641e+00 -3.51000000e-02  7.99622678e-01 -3.51000000e-02  1.00030061e+00 -3.51000000e-02  7.99622522e-01 -3.51000000e-02  1.00019750e+00 -3.51000000e-02  7.99622443e-01 -3.51000000e-02  1.00014589e+00 -3.51000000e-02  7.99622404e-01 -3.51000000e-02  1.00012007e+00 
-3.50000000e-02  2.14260177e+00 -3.50000000e-02  2.07625724e+00 -3.50000000e-02 -3.01234681e-03 -3.50000000e-02 -4.05032847e-04 -3.50000000e-02  7.99622987e-01 -3.50000000e-02  1.00050573e+00 -3.50000000e-02  7.99622678e-01 -3.50000000e-02  1.00030027e+00 -3.50000000e-02  7.99622522e-01 -3.50000000e-02  1.00019733e+00 -3.50000000e-02  7.99622443e-01 -3.50000000e-02  1.00014581e+00 -3.50000000e-02  7.99622404e-01 -3.50000000e-02  1.00012003e+00 
-3.49000000e-02  2.14281956e+00 -3.49000000e-02  2.07604017e+00 -3.49000000e-02 -3.01234432e-03 -3.49000000e-02 -4.05035019e-04 -3.49000000e-02  7.99622988e-01 -3.49000000e-02  1.00050506e+00 -3.49000000e-02  7.99622679e-01 -3.49000000e-02  1.00029993e+00 -3.49000000e-02  7.99622522e-01 -3.49000000e-02  1.00019716e+00 -3.49000000e-02  7.99622443e-01 -3.49000000e-02  1.00014572e+00 -3.49000000e-02  7.99622404e-01 -3.49000000e-02  1.00011999e+00 
-3.48000000e-02  2.14303740e+00 -3.48000000e-02  2.07582306e+00 -3.48000000e-02 -3.01234183e-03 -3.48000000e-02 -4.05037190e-04 -3.48000000e-02  7.99622989e-01 -3.48000000e-02  1.00050438e+00 -3.48000000e-02  7.99622679e-01 -3.48000000e-02  1.00029959e+00 -3.48000000e-02  7.99622522e-01 -3.48000000e-02  1.00019699e+00 -3.48000000e-02  7.99622443e-01 -3.48000000e-02  1.00014564e+00 -3.48000000e-02  7.99622404e-01 -3.48000000e-02  1.00011995e+00 
-3.47000000e-02  2.14325528e+00 -3.47000000e-02  2.07560589e+00 -3.47000000e-02 -3.01233935e-03 -3.47000000e-02 -4.05039360e-04 -3.47000000e-02  7.99622989e-01 -3.47000000e-02  1.00050371e+00 -3.47000000e-02  7.99622680e-01 -3.47000000e-02  1.00029926e+00 -3.47000000e-02  7.99622523e-01 -3.47000000e-02  1.00019682e+00 -3.47000000e-02  7.99622444e-01 -3.47000000e-02  1.00014555e+00 -3.47000000e-02  7.99622404e-01 -3.47000000e-02  1.00011990e+00 
-3.46000000e-02  2.14347321e+00 -3.46000000e-02  2.07538868e+00 -3.46000000e-02 -3.01233686e-03 -3.46000000e-02 -4.05041529e-04 -3.46000000e-02  7.99622990e-01 -3.46000000e-02  1.00050303e+00 -3.46000000e-02  7.99622680e-01 -3.46000000e-02  1.00029892e+00 -3.46000000e-02  7.99622523e-01 -3.46000000e-02  1.00019665e+00 -3.46000000e-02  7.99622444e-01 -3.46000000e-02  1.00014547e+00 -3.46000000e-02  7.99622404e-01 -3.46000000e-02  1.00011986e+00 
-3.45000000e-02  2.14369119e+00 -3.45000000e-02  2.07517142e+00 -3.45000000e-02 -3.01233438e-03 -3.45000000e-02 -4.05043697e-04 -3.45000000e-02  7.99622991e-01 -3.45000000e-02  1.00050236e+00 -3.45000000e-02  7.99622680e-01 -3.45000000e-02  1.00029858e+00 -3.45000000e-02  7.99622523e-01 -3.45000000e-02  1.00019648e+00 -3.45000000e-02  7.99622444e-01 -3.45000000e-02  1.00014538e+00 -3.45000000e-02  7.99622404e-01 -3.45000000e-02  1.00011982e+00 
-3.44000000e-02  2.14390922e+00 -3.44000000e-02  2.07495412e+00 -3.44000000e-02 -3.01233190e-03 -3.44000000e-02 -4.05045863e-04 -3.44000000e-02  7.99622992e-01 -3.44000000e-02  1.00050169e+00 -3.44000000e-02  7.99622681e-01 -3.44000000e-02  1.00029824e+00 -3.44000000e-02  7.99622523e-01 -3.44000000e-02  1.00019632e+00 -3.44000000e-02  7.99622444e-01 -3.44000000e-02  1.00014530e+00 -3.44000000e-02  7.99622404e-01 -3.44000000e-02  1.00011978e+00 
-3.43000000e-02  2.14412729e+00 -3.43000000e-02  2.07473677e+00 -3.43000000e-02 -3.01232942e-03 -3.43000000e-02 -4.05048029e-04 -3.43000000e-02  7.99622992e-01 -3.43000000e-02  1.00050102e+00 -3.43000000e-02  7.99622681e-01 -3.43000000e-02  1.00029791e+00 -3.43000000e-02  7.99622523e-01 -3.43000000e-02  1.00019615e+00 -3.43000000e-02  7.99622444e-01 -3.43000000e-02  1.00014521e+00 -3.43000000e-02  7.99622404e-01 -3.43000000e-02  1.00011974e+00 
-3.42000000e-02  2.14434541e+00 -3.42000000e-02  2.07451937e+00 -3.42000000e-02 -3.01232695e-03 -3.42000000e-02 -4.05050194e-04 -3.42000000e-02  7.99622993e-01 -3.42000000e-02  1.00050034e+00 -3.42000000e-02  7.99622681e-01 -3.42000000e-02  1.00029757e+00 -3.42000000e-02  7.99622524e-01 -3.42000000e-02  1.00019598e+00 -3.42000000e-02  7.99622444e-01 -3.42000000e-02  1.00014513e+00 -3.42000000e-02  7.99622404e-01 -3.42000000e-02  1.00011969e+00 
-3.41000000e-02  2.14456357e+00 -3.41000000e-02  2.07430192e+00 -3.41000000e-02 -3.01232447e-03 -3.41000000e-02 -4.05052357e-04 -3.41000000e-02  7.99622994e-01 -3.41000000e-02  1.00049967e+00 -3.41000000e-02  7.99622682e-01 -3.41000000e-02  1.00029723e+00 -3.41000000e-02  7.99622524e-01 -3.41000000e-02  1.00019581e+00 -3.41000000e-02  7.99622444e-01 -3.41000000e-02  1.00014505e+00 -3.41000000e-02  7.99622404e-01 -3.41000000e-02  1.00011965e+00 
-3.40000000e-02  2.14478178e+00 -3.40000000e-02  2.07408443e+00 -3.40000000e-02 -3.01232200e-03 -3.40000000e-02 -4.05054519e-04 -3.40000000e-02  7.99622995e-01 -3.40000000e-02  1.00049900e+00 -3.40000000e-02  7.99622682e-01 -3.40000000e-02  1.00029690e+00 -3.40000000e-02  7.99622524e-01 -3.40000000e-02  1.00019564e+00 -3.40000000e-02  7.99622444e-01 -3.40000000e-02  1.00014496e+00 -3.40000000e-02  7.99622404e-01 -3.40000000e-02  1.00011961e+00 
-3.39000000e-02  2.14500003e+00 -3.39000000e-02  2.07386689e+00 -3.39000000e-02 -3.01231953e-03 -3.39000000e-02 -4.05056681e-04 -3.39000000e-02  7.99622995e-01 -3.39000000e-02  1.00049833e+00 -3.39000000e-02  7.99622683e-01 -3.39000000e-02  1.00029656e+00 -3.39000000e-02  7.99622524e-01 -3.39000000e-02  1.00019547e+00 -3.39000000e-02  7.99622444e-01 -3.39000000e-02  1.00014488e+00 -3.39000000e-02  7.99622404e-01 -3.39000000e-02  1.00011957e+00 
-3.38000000e-02  2.14521833e+00 -3.38000000e-02  2.07364931e+00 -3.38000000e-02 -3.01231705e-03 -3.38000000e-02 -4.05058841e-04 -3.38000000e-02  7.99622996e-01 -3.38000000e-02  1.00049766e+00 -3.38000000e-02  7.99622683e-01 -3.38000000e-02  1.00029623e+00 -3.38000000e-02  7.99622524e-01 -3.38000000e-02  1.00019531e+00 -3.38000000e-02  7.99622444e-01 -3.38000000e-02  1.00014479e+00 -3.38000000e-02  7.99622404e-01 -3.38000000e-02  1.00011952e+00 
-3.37000000e-02  2.14543668e+00 -3.37000000e-02  2.07343168e+00 -3.37000000e-02 -3.01231459e-03 -3.37000000e-02 -4.05061000e-04 -3.37000000e-02  7.99622997e-01 -3.37000000e-02  1.00049699e+00 -3.37000000e-02  7.99622683e-01 -3.37000000e-02  1.00029589e+00 -3.37000000e-02  7.99622525e-01 -3.37000000e-02  1.00019514e+00 -3.37000000e-02  7.99622445e-01 -3.37000000e-02  1.00014471e+00 -3.37000000e-02  7.99622404e-01 -3.37000000e-02  1.00011948e+00 
-3.36000000e-02  2.14565507e+00 -3.36000000e-02  2.07321400e+00 -3.36000000e-02 -3.01231212e-03 -3.36000000e-02 -4.05063158e-04 -3.36000000e-02  7.99622998e-01 -3.36000000e-02  1.00049632e+00 -3.36000000e-02  7.99622684e-01 -3.36000000e-02  1.00029555e+00 -3.36000000e-02  7.99622525e-01 -3.36000000e-02  1.00019497e+00 -3.36000000e-02  7.99622445e-01 -3.36000000e-02  1.00014463e+00 -3.36000000e-02  7.99622405e-01 -3.36000000e-02  1.00011944e+00 
-3.35000000e-02  2.14587351e+00 -3.35000000e-02  2.07299628e+00 -3.35000000e-02 -3.01230965e-03 -3.35000000e-02 -4.05065315e-04 -3.35000000e-02  7.99622999e-01 -3.35000000e-02  1.00049565e+00 -3.35000000e-02  7.99622684e-01 -3.35000000e-02  1.00029522e+00 -3.35000000e-02  7.99622525e-01 -3.35000000e-02  1.00019480e+00 -3.35000000e-02  7.99622445e-01 -3.35000000e-02  1.00014454e+00 -3.35000000e-02  7.99622405e-01 -3.35000000e-02  1.00011940e+00 
-3.34000000e-02  2.14609199e+00 -3.34000000e-02  2.07277851e+00 -3.34000000e-02 -3.01230719e-03 -3.34000000e-02 -4.05067471e-04 -3.34000000e-02  7.99622999e-01 -3.34000000e-02  1.00049498e+00 -3.34000000e-02  7.99622685e-01 -3.34000000e-02  1.00029488e+00 -3.34000000e-02  7.99622525e-01 -3.34000000e-02  1.00019463e+00 -3.34000000e-02  7.99622445e-01 -3.34000000e-02  1.00014446e+00 -3.34000000e-02  7.99622405e-01 -3.34000000e-02  1.00011936e+00 
-3.33000000e-02  2.14631052e+00 -3.33000000e-02  2.07256070e+00 -3.33000000e-02 -3.01230473e-03 -3.33000000e-02 -4.05069625e-04 -3.33000000e-02  7.99623000e-01 -3.33000000e-02  1.00049431e+00 -3.33000000e-02  7.99622685e-01 -3.33000000e-02  1.00029455e+00 -3.33000000e-02  7.99622525e-01 -3.33000000e-02  1.00019447e+00 -3.33000000e-02  7.99622445e-01 -3.33000000e-02  1.00014437e+00 -3.33000000e-02  7.99622405e-01 -3.33000000e-02  1.00011931e+00 
-3.32000000e-02  2.14652909e+00 -3.32000000e-02  2.07234284e+00 -3.32000000e-02 -3.01230227e-03 -3.32000000e-02 -4.05071779e-04 -3.32000000e-02  7.99623001e-01 -3.32000000e-02  1.00049364e+00 -3.32000000e-02  7.99622685e-01 -3.32000000e-02  1.00029421e+00 -3.32000000e-02  7.99622526e-01 -3.32000000e-02  1.00019430e+00 -3.32000000e-02  7.99622445e-01 -3.32000000e-02  1.00014429e+00 -3.32000000e-02  7.99622405e-01 -3.32000000e-02  1.00011927e+00 
-3.31000000e-02  2.14674771e+00 -3.31000000e-02  2.07212493e+00 -3.31000000e-02 -3.01229981e-03 -3.31000000e-02 -4.05073931e-04 -3.31000000e-02  7.99623002e-01 -3.31000000e-02  1.00049297e+00 -3.31000000e-02  7.99622686e-01 -3.31000000e-02  1.00029388e+00 -3.31000000e-02  7.99622526e-01 -3.31000000e-02  1.00019413e+00 -3.31000000e-02  7.99622445e-01 -3.31000000e-02  1.00014421e+00 -3.31000000e-02  7.99622405e-01 -3.31000000e-02  1.00011923e+00 
-3.30000000e-02  2.14696637e+00 -3.30000000e-02  2.07190698e+00 -3.30000000e-02 -3.01229735e-03 -3.30000000e-02 -4.05076083e-04 -3.30000000e-02  7.99623002e-01 -3.30000000e-02  1.00049230e+00 -3.30000000e-02  7.99622686e-01 -3.30000000e-02  1.00029354e+00 -3.30000000e-02  7.99622526e-01 -3.30000000e-02  1.00019396e+00 -3.30000000e-02  7.99622445e-01 -3.30000000e-02  1.00014412e+00 -3.30000000e-02  7.99622405e-01 -3.30000000e-02  1.00011919e+00 
-3.29000000e-02  2.14718507e+00 -3.29000000e-02  2.07168899e+00 -3.29000000e-02 -3.01229490e-03 -3.29000000e-02 -4.05078233e-04 -3.29000000e-02  7.99623003e-01 -3.29000000e-02  1.00049164e+00 -3.29000000e-02  7.99622686e-01 -3.29000000e-02  1.00029321e+00 -3.29000000e-02  7.99622526e-01 -3.29000000e-02  1.00019380e+00 -3.29000000e-02  7.99622445e-01 -3.29000000e-02  1.00014404e+00 -3.29000000e-02  7.99622405e-01 -3.29000000e-02  1.00011915e+00 
-3.28000000e-02  2.14740382e+00 -3.28000000e-02  2.07147095e+00 -3.28000000e-02 -3.01229244e-03 -3.28000000e-02 -4.05080382e-04 -3.28000000e-02  7.99623004e-01 -3.28000000e-02  1.00049097e+00 -3.28000000e-02  7.99622687e-01 -3.28000000e-02  1.00029288e+00 -3.28000000e-02  7.99622526e-01 -3.28000000e-02  1.00019363e+00 -3.28000000e-02  7.99622446e-01 -3.28000000e-02  1.00014395e+00 -3.28000000e-02  7.99622405e-01 -3.28000000e-02  1.00011911e+00 
-3.27000000e-02  2.14762261e+00 -3.27000000e-02  2.07125287e+00 -3.27000000e-02 -3.01228999e-03 -3.27000000e-02 -4.05082530e-04 -3.27000000e-02  7.99623005e-01 -3.27000000e-02  1.00049030e+00 -3.27000000e-02  7.99622687e-01 -3.27000000e-02  1.00029254e+00 -3.27000000e-02  7.99622527e-01 -3.27000000e-02  1.00019346e+00 -3.27000000e-02  7.99622446e-01 -3.27000000e-02  1.00014387e+00 -3.27000000e-02  7.99622405e-01 -3.27000000e-02  1.00011906e+00 
-3.26000000e-02  2.14784145e+00 -3.26000000e-02  2.07103474e+00 -3.26000000e-02 -3.01228754e-03 -3.26000000e-02 -4.05084677e-04 -3.26000000e-02  7.99623005e-01 -3.26000000e-02  1.00048964e+00 -3.26000000e-02  7.99622688e-01 -3.26000000e-02  1.00029221e+00 -3.26000000e-02  7.99622527e-01 -3.26000000e-02  1.00019329e+00 -3.26000000e-02  7.99622446e-01 -3.26000000e-02  1.00014379e+00 -3.26000000e-02  7.99622405e-01 -3.26000000e-02  1.00011902e+00 
-3.25000000e-02  2.14806033e+00 -3.25000000e-02  2.07081657e+00 -3.25000000e-02 -3.01228509e-03 -3.25000000e-02 -4.05086823e-04 -3.25000000e-02  7.99623006e-01 -3.25000000e-02  1.00048897e+00 -3.25000000e-02  7.99622688e-01 -3.25000000e-02  1.00029187e+00 -3.25000000e-02  7.99622527e-01 -3.25000000e-02  1.00019313e+00 -3.25000000e-02  7.99622446e-01 -3.25000000e-02  1.00014370e+00 -3.25000000e-02  7.99622405e-01 -3.25000000e-02  1.00011898e+00 
-3.24000000e-02  2.14827926e+00 -3.24000000e-02  2.07059835e+00 -3.24000000e-02 -3.01228265e-03 -3.24000000e-02 -4.05088967e-04 -3.24000000e-02  7.99623007e-01 -3.24000000e-02  1.00048830e+00 -3.24000000e-02  7.99622688e-01 -3.24000000e-02  1.00029154e+00 -3.24000000e-02  7.99622527e-01 -3.24000000e-02  1.00019296e+00 -3.24000000e-02  7.99622446e-01 -3.24000000e-02  1.00014362e+00 -3.24000000e-02  7.99622405e-01 -3.24000000e-02  1.00011894e+00 
-3.23000000e-02  2.14849822e+00 -3.23000000e-02  2.07038009e+00 -3.23000000e-02 -3.01228020e-03 -3.23000000e-02 -4.05091111e-04 -3.23000000e-02  7.99623008e-01 -3.23000000e-02  1.00048764e+00 -3.23000000e-02  7.99622689e-01 -3.23000000e-02  1.00029121e+00 -3.23000000e-02  7.99622527e-01 -3.23000000e-02  1.00019279e+00 -3.23000000e-02  7.99622446e-01 -3.23000000e-02  1.00014354e+00 -3.23000000e-02  7.99622405e-01 -3.23000000e-02  1.00011890e+00 
-3.22000000e-02  2.14871724e+00 -3.22000000e-02  2.07016179e+00 -3.22000000e-02 -3.01227776e-03 -3.22000000e-02 -4.05093253e-04 -3.22000000e-02  7.99623009e-01 -3.22000000e-02  1.00048697e+00 -3.22000000e-02  7.99622689e-01 -3.22000000e-02  1.00029087e+00 -3.22000000e-02  7.99622527e-01 -3.22000000e-02  1.00019263e+00 -3.22000000e-02  7.99622446e-01 -3.22000000e-02  1.00014345e+00 -3.22000000e-02  7.99622405e-01 -3.22000000e-02  1.00011885e+00 
-3.21000000e-02  2.14893629e+00 -3.21000000e-02  2.06994344e+00 -3.21000000e-02 -3.01227532e-03 -3.21000000e-02 -4.05095394e-04 -3.21000000e-02  7.99623009e-01 -3.21000000e-02  1.00048631e+00 -3.21000000e-02  7.99622690e-01 -3.21000000e-02  1.00029054e+00 -3.21000000e-02  7.99622528e-01 -3.21000000e-02  1.00019246e+00 -3.21000000e-02  7.99622446e-01 -3.21000000e-02  1.00014337e+00 -3.21000000e-02  7.99622405e-01 -3.21000000e-02  1.00011881e+00 
-3.20000000e-02  2.14915539e+00 -3.20000000e-02  2.06972505e+00 -3.20000000e-02 -3.01227288e-03 -3.20000000e-02 -4.05097534e-04 -3.20000000e-02  7.99623010e-01 -3.20000000e-02  1.00048564e+00 -3.20000000e-02  7.99622690e-01 -3.20000000e-02  1.00029021e+00 -3.20000000e-02  7.99622528e-01 -3.20000000e-02  1.00019229e+00 -3.20000000e-02  7.99622446e-01 -3.20000000e-02  1.00014329e+00 -3.20000000e-02  7.99622405e-01 -3.20000000e-02  1.00011877e+00 
-3.19000000e-02  2.14937453e+00 -3.19000000e-02  2.06950661e+00 -3.19000000e-02 -3.01227044e-03 -3.19000000e-02 -4.05099674e-04 -3.19000000e-02  7.99623011e-01 -3.19000000e-02  1.00048498e+00 -3.19000000e-02  7.99622690e-01 -3.19000000e-02  1.00028987e+00 -3.19000000e-02  7.99622528e-01 -3.19000000e-02  1.00019213e+00 -3.19000000e-02  7.99622446e-01 -3.19000000e-02  1.00014320e+00 -3.19000000e-02  7.99622405e-01 -3.19000000e-02  1.00011873e+00 
-3.18000000e-02  2.14959371e+00 -3.18000000e-02  2.06928814e+00 -3.18000000e-02 -3.01226800e-03 -3.18000000e-02 -4.05101811e-04 -3.18000000e-02  7.99623012e-01 -3.18000000e-02  1.00048432e+00 -3.18000000e-02  7.99622691e-01 -3.18000000e-02  1.00028954e+00 -3.18000000e-02  7.99622528e-01 -3.18000000e-02  1.00019196e+00 -3.18000000e-02  7.99622447e-01 -3.18000000e-02  1.00014312e+00 -3.18000000e-02  7.99622406e-01 -3.18000000e-02  1.00011869e+00 
-3.17000000e-02  2.14981294e+00 -3.17000000e-02  2.06906961e+00 -3.17000000e-02 -3.01226557e-03 -3.17000000e-02 -4.05103948e-04 -3.17000000e-02  7.99623012e-01 -3.17000000e-02  1.00048365e+00 -3.17000000e-02  7.99622691e-01 -3.17000000e-02  1.00028921e+00 -3.17000000e-02  7.99622528e-01 -3.17000000e-02  1.00019179e+00 -3.17000000e-02  7.99622447e-01 -3.17000000e-02  1.00014304e+00 -3.17000000e-02  7.99622406e-01 -3.17000000e-02  1.00011865e+00 
-3.16000000e-02  2.15003221e+00 -3.16000000e-02  2.06885105e+00 -3.16000000e-02 -3.01226314e-03 -3.16000000e-02 -4.05106084e-04 -3.16000000e-02  7.99623013e-01 -3.16000000e-02  1.00048299e+00 -3.16000000e-02  7.99622692e-01 -3.16000000e-02  1.00028888e+00 -3.16000000e-02  7.99622529e-01 -3.16000000e-02  1.00019163e+00 -3.16000000e-02  7.99622447e-01 -3.16000000e-02  1.00014295e+00 -3.16000000e-02  7.99622406e-01 -3.16000000e-02  1.00011860e+00 
-3.15000000e-02  2.15025152e+00 -3.15000000e-02  2.06863244e+00 -3.15000000e-02 -3.01226071e-03 -3.15000000e-02 -4.05108218e-04 -3.15000000e-02  7.99623014e-01 -3.15000000e-02  1.00048233e+00 -3.15000000e-02  7.99622692e-01 -3.15000000e-02  1.00028855e+00 -3.15000000e-02  7.99622529e-01 -3.15000000e-02  1.00019146e+00 -3.15000000e-02  7.99622447e-01 -3.15000000e-02  1.00014287e+00 -3.15000000e-02  7.99622406e-01 -3.15000000e-02  1.00011856e+00 
-3.14000000e-02  2.15047087e+00 -3.14000000e-02  2.06841379e+00 -3.14000000e-02 -3.01225828e-03 -3.14000000e-02 -4.05110352e-04 -3.14000000e-02  7.99623015e-01 -3.14000000e-02  1.00048166e+00 -3.14000000e-02  7.99622692e-01 -3.14000000e-02  1.00028821e+00 -3.14000000e-02  7.99622529e-01 -3.14000000e-02  1.00019130e+00 -3.14000000e-02  7.99622447e-01 -3.14000000e-02  1.00014279e+00 -3.14000000e-02  7.99622406e-01 -3.14000000e-02  1.00011852e+00 
-3.13000000e-02  2.15069027e+00 -3.13000000e-02  2.06819510e+00 -3.13000000e-02 -3.01225585e-03 -3.13000000e-02 -4.05112484e-04 -3.13000000e-02  7.99623016e-01 -3.13000000e-02  1.00048100e+00 -3.13000000e-02  7.99622693e-01 -3.13000000e-02  1.00028788e+00 -3.13000000e-02  7.99622529e-01 -3.13000000e-02  1.00019113e+00 -3.13000000e-02  7.99622447e-01 -3.13000000e-02  1.00014270e+00 -3.13000000e-02  7.99622406e-01 -3.13000000e-02  1.00011848e+00 
-3.12000000e-02  2.15090970e+00 -3.12000000e-02  2.06797636e+00 -3.12000000e-02 -3.01225342e-03 -3.12000000e-02 -4.05114615e-04 -3.12000000e-02  7.99623016e-01 -3.12000000e-02  1.00048034e+00 -3.12000000e-02  7.99622693e-01 -3.12000000e-02  1.00028755e+00 -3.12000000e-02  7.99622529e-01 -3.12000000e-02  1.00019096e+00 -3.12000000e-02  7.99622447e-01 -3.12000000e-02  1.00014262e+00 -3.12000000e-02  7.99622406e-01 -3.12000000e-02  1.00011844e+00 
-3.11000000e-02  2.15112918e+00 -3.11000000e-02  2.06775759e+00 -3.11000000e-02 -3.01225100e-03 -3.11000000e-02 -4.05116745e-04 -3.11000000e-02  7.99623017e-01 -3.11000000e-02  1.00047968e+00 -3.11000000e-02  7.99622694e-01 -3.11000000e-02  1.00028722e+00 -3.11000000e-02  7.99622530e-01 -3.11000000e-02  1.00019080e+00 -3.11000000e-02  7.99622447e-01 -3.11000000e-02  1.00014254e+00 -3.11000000e-02  7.99622406e-01 -3.11000000e-02  1.00011840e+00 
-3.10000000e-02  2.15134870e+00 -3.10000000e-02  2.06753877e+00 -3.10000000e-02 -3.01224858e-03 -3.10000000e-02 -4.05118874e-04 -3.10000000e-02  7.99623018e-01 -3.10000000e-02  1.00047902e+00 -3.10000000e-02  7.99622694e-01 -3.10000000e-02  1.00028689e+00 -3.10000000e-02  7.99622530e-01 -3.10000000e-02  1.00019063e+00 -3.10000000e-02  7.99622447e-01 -3.10000000e-02  1.00014246e+00 -3.10000000e-02  7.99622406e-01 -3.10000000e-02  1.00011836e+00 
-3.09000000e-02  2.15156826e+00 -3.09000000e-02  2.06731990e+00 -3.09000000e-02 -3.01224616e-03 -3.09000000e-02 -4.05121001e-04 -3.09000000e-02  7.99623019e-01 -3.09000000e-02  1.00047836e+00 -3.09000000e-02  7.99622694e-01 -3.09000000e-02  1.00028656e+00 -3.09000000e-02  7.99622530e-01 -3.09000000e-02  1.00019047e+00 -3.09000000e-02  7.99622447e-01 -3.09000000e-02  1.00014237e+00 -3.09000000e-02  7.99622406e-01 -3.09000000e-02  1.00011831e+00 
-3.08000000e-02  2.15178787e+00 -3.08000000e-02  2.06710100e+00 -3.08000000e-02 -3.01224374e-03 -3.08000000e-02 -4.05123128e-04 -3.08000000e-02  7.99623020e-01 -3.08000000e-02  1.00047770e+00 -3.08000000e-02  7.99622695e-01 -3.08000000e-02  1.00028623e+00 -3.08000000e-02  7.99622530e-01 -3.08000000e-02  1.00019030e+00 -3.08000000e-02  7.99622448e-01 -3.08000000e-02  1.00014229e+00 -3.08000000e-02  7.99622406e-01 -3.08000000e-02  1.00011827e+00 
-3.07000000e-02  2.15200751e+00 -3.07000000e-02  2.06688205e+00 -3.07000000e-02 -3.01224132e-03 -3.07000000e-02 -4.05125253e-04 -3.07000000e-02  7.99623020e-01 -3.07000000e-02  1.00047704e+00 -3.07000000e-02  7.99622695e-01 -3.07000000e-02  1.00028590e+00 -3.07000000e-02  7.99622530e-01 -3.07000000e-02  1.00019014e+00 -3.07000000e-02  7.99622448e-01 -3.07000000e-02  1.00014221e+00 -3.07000000e-02  7.99622406e-01 -3.07000000e-02  1.00011823e+00 
-3.06000000e-02  2.15222720e+00 -3.06000000e-02  2.06666307e+00 -3.06000000e-02 -3.01223890e-03 -3.06000000e-02 -4.05127377e-04 -3.06000000e-02  7.99623021e-01 -3.06000000e-02  1.00047638e+00 -3.06000000e-02  7.99622695e-01 -3.06000000e-02  1.00028557e+00 -3.06000000e-02  7.99622531e-01 -3.06000000e-02  1.00018997e+00 -3.06000000e-02  7.99622448e-01 -3.06000000e-02  1.00014212e+00 -3.06000000e-02  7.99622406e-01 -3.06000000e-02  1.00011819e+00 
-3.05000000e-02  2.15244692e+00 -3.05000000e-02  2.06644404e+00 -3.05000000e-02 -3.01223649e-03 -3.05000000e-02 -4.05129500e-04 -3.05000000e-02  7.99623022e-01 -3.05000000e-02  1.00047572e+00 -3.05000000e-02  7.99622696e-01 -3.05000000e-02  1.00028524e+00 -3.05000000e-02  7.99622531e-01 -3.05000000e-02  1.00018980e+00 -3.05000000e-02  7.99622448e-01 -3.05000000e-02  1.00014204e+00 -3.05000000e-02  7.99622406e-01 -3.05000000e-02  1.00011815e+00 
-3.04000000e-02  2.15266669e+00 -3.04000000e-02  2.06622497e+00 -3.04000000e-02 -3.01223408e-03 -3.04000000e-02 -4.05131622e-04 -3.04000000e-02  7.99623023e-01 -3.04000000e-02  1.00047506e+00 -3.04000000e-02  7.99622696e-01 -3.04000000e-02  1.00028491e+00 -3.04000000e-02  7.99622531e-01 -3.04000000e-02  1.00018964e+00 -3.04000000e-02  7.99622448e-01 -3.04000000e-02  1.00014196e+00 -3.04000000e-02  7.99622406e-01 -3.04000000e-02  1.00011811e+00 
-3.03000000e-02  2.15288650e+00 -3.03000000e-02  2.06600586e+00 -3.03000000e-02 -3.01223167e-03 -3.03000000e-02 -4.05133743e-04 -3.03000000e-02  7.99623023e-01 -3.03000000e-02  1.00047440e+00 -3.03000000e-02  7.99622697e-01 -3.03000000e-02  1.00028458e+00 -3.03000000e-02  7.99622531e-01 -3.03000000e-02  1.00018947e+00 -3.03000000e-02  7.99622448e-01 -3.03000000e-02  1.00014188e+00 -3.03000000e-02  7.99622406e-01 -3.03000000e-02  1.00011807e+00 
-3.02000000e-02  2.15310635e+00 -3.02000000e-02  2.06578670e+00 -3.02000000e-02 -3.01222926e-03 -3.02000000e-02 -4.05135863e-04 -3.02000000e-02  7.99623024e-01 -3.02000000e-02  1.00047374e+00 -3.02000000e-02  7.99622697e-01 -3.02000000e-02  1.00028425e+00 -3.02000000e-02  7.99622531e-01 -3.02000000e-02  1.00018931e+00 -3.02000000e-02  7.99622448e-01 -3.02000000e-02  1.00014179e+00 -3.02000000e-02  7.99622406e-01 -3.02000000e-02  1.00011802e+00 
-3.01000000e-02  2.15332623e+00 -3.01000000e-02  2.06556751e+00 -3.01000000e-02 -3.01222685e-03 -3.01000000e-02 -4.05137981e-04 -3.01000000e-02  7.99623025e-01 -3.01000000e-02  1.00047308e+00 -3.01000000e-02  7.99622697e-01 -3.01000000e-02  1.00028392e+00 -3.01000000e-02  7.99622532e-01 -3.01000000e-02  1.00018914e+00 -3.01000000e-02  7.99622448e-01 -3.01000000e-02  1.00014171e+00 -3.01000000e-02  7.99622406e-01 -3.01000000e-02  1.00011798e+00 
-3.00000000e-02  2.15354616e+00 -3.00000000e-02  2.06534828e+00 -3.00000000e-02 -3.01222445e-03 -3.00000000e-02 -4.05140098e-04 -3.00000000e-02  7.99623026e-01 -3.00000000e-02  1.00047243e+00 -3.00000000e-02  7.99622698e-01 -3.00000000e-02  1.00028359e+00 -3.00000000e-02  7.99622532e-01 -3.00000000e-02  1.00018898e+00 -3.00000000e-02  7.99622448e-01 -3.00000000e-02  1.00014163e+00 -3.00000000e-02  7.99622407e-01 -3.00000000e-02  1.00011794e+00 
-2.99000000e-02  2.15376613e+00 -2.99000000e-02  2.06512900e+00 -2.99000000e-02 -3.01222205e-03 -2.99000000e-02 -4.05142214e-04 -2.99000000e-02  7.99623027e-01 -2.99000000e-02  1.00047177e+00 -2.99000000e-02  7.99622698e-01 -2.99000000e-02  1.00028326e+00 -2.99000000e-02  7.99622532e-01 -2.99000000e-02  1.00018881e+00 -2.99000000e-02  7.99622449e-01 -2.99000000e-02  1.00014155e+00 -2.99000000e-02  7.99622407e-01 -2.99000000e-02  1.00011790e+00 
-2.98000000e-02  2.15398614e+00 -2.98000000e-02  2.06490969e+00 -2.98000000e-02 -3.01221965e-03 -2.98000000e-02 -4.05144329e-04 -2.98000000e-02  7.99623027e-01 -2.98000000e-02  1.00047111e+00 -2.98000000e-02  7.99622699e-01 -2.98000000e-02  1.00028293e+00 -2.98000000e-02  7.99622532e-01 -2.98000000e-02  1.00018865e+00 -2.98000000e-02  7.99622449e-01 -2.98000000e-02  1.00014146e+00 -2.98000000e-02  7.99622407e-01 -2.98000000e-02  1.00011786e+00 
-2.97000000e-02  2.15420619e+00 -2.97000000e-02  2.06469033e+00 -2.97000000e-02 -3.01221725e-03 -2.97000000e-02 -4.05146443e-04 -2.97000000e-02  7.99623028e-01 -2.97000000e-02  1.00047046e+00 -2.97000000e-02  7.99622699e-01 -2.97000000e-02  1.00028260e+00 -2.97000000e-02  7.99622532e-01 -2.97000000e-02  1.00018849e+00 -2.97000000e-02  7.99622449e-01 -2.97000000e-02  1.00014138e+00 -2.97000000e-02  7.99622407e-01 -2.97000000e-02  1.00011782e+00 
-2.96000000e-02  2.15442628e+00 -2.96000000e-02  2.06447093e+00 -2.96000000e-02 -3.01221485e-03 -2.96000000e-02 -4.05148556e-04 -2.96000000e-02  7.99623029e-01 -2.96000000e-02  1.00046980e+00 -2.96000000e-02  7.99622699e-01 -2.96000000e-02  1.00028227e+00 -2.96000000e-02  7.99622533e-01 -2.96000000e-02  1.00018832e+00 -2.96000000e-02  7.99622449e-01 -2.96000000e-02  1.00014130e+00 -2.96000000e-02  7.99622407e-01 -2.96000000e-02  1.00011778e+00 
-2.95000000e-02  2.15464640e+00 -2.95000000e-02  2.06425150e+00 -2.95000000e-02 -3.01221245e-03 -2.95000000e-02 -4.05150667e-04 -2.95000000e-02  7.99623030e-01 -2.95000000e-02  1.00046914e+00 -2.95000000e-02  7.99622700e-01 -2.95000000e-02  1.00028194e+00 -2.95000000e-02  7.99622533e-01 -2.95000000e-02  1.00018816e+00 -2.95000000e-02  7.99622449e-01 -2.95000000e-02  1.00014122e+00 -2.95000000e-02  7.99622407e-01 -2.95000000e-02  1.00011774e+00 
-2.94000000e-02  2.15486657e+00 -2.94000000e-02  2.06403202e+00 -2.94000000e-02 -3.01221006e-03 -2.94000000e-02 -4.05152777e-04 -2.94000000e-02  7.99623031e-01 -2.94000000e-02  1.00046849e+00 -2.94000000e-02  7.99622700e-01 -2.94000000e-02  1.00028161e+00 -2.94000000e-02  7.99622533e-01 -2.94000000e-02  1.00018799e+00 -2.94000000e-02  7.99622449e-01 -2.94000000e-02  1.00014114e+00 -2.94000000e-02  7.99622407e-01 -2.94000000e-02  1.00011769e+00 
-2.93000000e-02  2.15508678e+00 -2.93000000e-02  2.06381251e+00 -2.93000000e-02 -3.01220767e-03 -2.93000000e-02 -4.05154887e-04 -2.93000000e-02  7.99623031e-01 -2.93000000e-02  1.00046783e+00 -2.93000000e-02  7.99622701e-01 -2.93000000e-02  1.00028129e+00 -2.93000000e-02  7.99622533e-01 -2.93000000e-02  1.00018783e+00 -2.93000000e-02  7.99622449e-01 -2.93000000e-02  1.00014105e+00 -2.93000000e-02  7.99622407e-01 -2.93000000e-02  1.00011765e+00 
-2.92000000e-02  2.15530702e+00 -2.92000000e-02  2.06359295e+00 -2.92000000e-02 -3.01220528e-03 -2.92000000e-02 -4.05156995e-04 -2.92000000e-02  7.99623032e-01 -2.92000000e-02  1.00046718e+00 -2.92000000e-02  7.99622701e-01 -2.92000000e-02  1.00028096e+00 -2.92000000e-02  7.99622534e-01 -2.92000000e-02  1.00018766e+00 -2.92000000e-02  7.99622449e-01 -2.92000000e-02  1.00014097e+00 -2.92000000e-02  7.99622407e-01 -2.92000000e-02  1.00011761e+00 
-2.91000000e-02  2.15552731e+00 -2.91000000e-02  2.06337336e+00 -2.91000000e-02 -3.01220289e-03 -2.91000000e-02 -4.05159101e-04 -2.91000000e-02  7.99623033e-01 -2.91000000e-02  1.00046652e+00 -2.91000000e-02  7.99622701e-01 -2.91000000e-02  1.00028063e+00 -2.91000000e-02  7.99622534e-01 -2.91000000e-02  1.00018750e+00 -2.91000000e-02  7.99622449e-01 -2.91000000e-02  1.00014089e+00 -2.91000000e-02  7.99622407e-01 -2.91000000e-02  1.00011757e+00 
-2.90000000e-02  2.15574763e+00 -2.90000000e-02  2.06315372e+00 -2.90000000e-02 -3.01220050e-03 -2.90000000e-02 -4.05161207e-04 -2.90000000e-02  7.99623034e-01 -2.90000000e-02  1.00046587e+00 -2.90000000e-02  7.99622702e-01 -2.90000000e-02  1.00028030e+00 -2.90000000e-02  7.99622534e-01 -2.90000000e-02  1.00018734e+00 -2.90000000e-02  7.99622449e-01 -2.90000000e-02  1.00014081e+00 -2.90000000e-02  7.99622407e-01 -2.90000000e-02  1.00011753e+00 
-2.89000000e-02  2.15596799e+00 -2.89000000e-02  2.06293405e+00 -2.89000000e-02 -3.01219812e-03 -2.89000000e-02 -4.05163311e-04 -2.89000000e-02  7.99623035e-01 -2.89000000e-02  1.00046522e+00 -2.89000000e-02  7.99622702e-01 -2.89000000e-02  1.00027998e+00 -2.89000000e-02  7.99622534e-01 -2.89000000e-02  1.00018717e+00 -2.89000000e-02  7.99622450e-01 -2.89000000e-02  1.00014072e+00 -2.89000000e-02  7.99622407e-01 -2.89000000e-02  1.00011749e+00 
-2.88000000e-02  2.15618839e+00 -2.88000000e-02  2.06271434e+00 -2.88000000e-02 -3.01219573e-03 -2.88000000e-02 -4.05165415e-04 -2.88000000e-02  7.99623035e-01 -2.88000000e-02  1.00046456e+00 -2.88000000e-02  7.99622703e-01 -2.88000000e-02  1.00027965e+00 -2.88000000e-02  7.99622534e-01 -2.88000000e-02  1.00018701e+00 -2.88000000e-02  7.99622450e-01 -2.88000000e-02  1.00014064e+00 -2.88000000e-02  7.99622407e-01 -2.88000000e-02  1.00011745e+00 
-2.87000000e-02  2.15640883e+00 -2.87000000e-02  2.06249458e+00 -2.87000000e-02 -3.01219335e-03 -2.87000000e-02 -4.05167517e-04 -2.87000000e-02  7.99623036e-01 -2.87000000e-02  1.00046391e+00 -2.87000000e-02  7.99622703e-01 -2.87000000e-02  1.00027932e+00 -2.87000000e-02  7.99622535e-01 -2.87000000e-02  1.00018685e+00 -2.87000000e-02  7.99622450e-01 -2.87000000e-02  1.00014056e+00 -2.87000000e-02  7.99622407e-01 -2.87000000e-02  1.00011741e+00 
-2.86000000e-02  2.15662931e+00 -2.86000000e-02  2.06227479e+00 -2.86000000e-02 -3.01219097e-03 -2.86000000e-02 -4.05169618e-04 -2.86000000e-02  7.99623037e-01 -2.86000000e-02  1.00046326e+00 -2.86000000e-02  7.99622703e-01 -2.86000000e-02  1.00027899e+00 -2.86000000e-02  7.99622535e-01 -2.86000000e-02  1.00018668e+00 -2.86000000e-02  7.99622450e-01 -2.86000000e-02  1.00014048e+00 -2.86000000e-02  7.99622407e-01 -2.86000000e-02  1.00011737e+00 
-2.85000000e-02  2.15684982e+00 -2.85000000e-02  2.06205496e+00 -2.85000000e-02 -3.01218859e-03 -2.85000000e-02 -4.05171717e-04 -2.85000000e-02  7.99623038e-01 -2.85000000e-02  1.00046261e+00 -2.85000000e-02  7.99622704e-01 -2.85000000e-02  1.00027867e+00 -2.85000000e-02  7.99622535e-01 -2.85000000e-02  1.00018652e+00 -2.85000000e-02  7.99622450e-01 -2.85000000e-02  1.00014040e+00 -2.85000000e-02  7.99622407e-01 -2.85000000e-02  1.00011733e+00 
-2.84000000e-02  2.15707037e+00 -2.84000000e-02  2.06183510e+00 -2.84000000e-02 -3.01218622e-03 -2.84000000e-02 -4.05173816e-04 -2.84000000e-02  7.99623039e-01 -2.84000000e-02  1.00046195e+00 -2.84000000e-02  7.99622704e-01 -2.84000000e-02  1.00027834e+00 -2.84000000e-02  7.99622535e-01 -2.84000000e-02  1.00018635e+00 -2.84000000e-02  7.99622450e-01 -2.84000000e-02  1.00014032e+00 -2.84000000e-02  7.99622407e-01 -2.84000000e-02  1.00011729e+00 
-2.83000000e-02  2.15729097e+00 -2.83000000e-02  2.06161519e+00 -2.83000000e-02 -3.01218384e-03 -2.83000000e-02 -4.05175913e-04 -2.83000000e-02  7.99623039e-01 -2.83000000e-02  1.00046130e+00 -2.83000000e-02  7.99622705e-01 -2.83000000e-02  1.00027802e+00 -2.83000000e-02  7.99622535e-01 -2.83000000e-02  1.00018619e+00 -2.83000000e-02  7.99622450e-01 -2.83000000e-02  1.00014023e+00 -2.83000000e-02  7.99622407e-01 -2.83000000e-02  1.00011724e+00 
-2.82000000e-02  2.15751159e+00 -2.82000000e-02  2.06139525e+00 -2.82000000e-02 -3.01218147e-03 -2.82000000e-02 -4.05178009e-04 -2.82000000e-02  7.99623040e-01 -2.82000000e-02  1.00046065e+00 -2.82000000e-02  7.99622705e-01 -2.82000000e-02  1.00027769e+00 -2.82000000e-02  7.99622536e-01 -2.82000000e-02  1.00018603e+00 -2.82000000e-02  7.99622450e-01 -2.82000000e-02  1.00014015e+00 -2.82000000e-02  7.99622408e-01 -2.82000000e-02  1.00011720e+00 
-2.81000000e-02  2.15773226e+00 -2.81000000e-02  2.06117526e+00 -2.81000000e-02 -3.01217910e-03 -2.81000000e-02 -4.05180104e-04 -2.81000000e-02  7.99623041e-01 -2.81000000e-02  1.00046000e+00 -2.81000000e-02  7.99622705e-01 -2.81000000e-02  1.00027736e+00 -2.81000000e-02  7.99622536e-01 -2.81000000e-02  1.00018587e+00 -2.81000000e-02  7.99622450e-01 -2.81000000e-02  1.00014007e+00 -2.81000000e-02  7.99622408e-01 -2.81000000e-02  1.00011716e+00 
-2.80000000e-02  2.15795296e+00 -2.80000000e-02  2.06095524e+00 -2.80000000e-02 -3.01217673e-03 -2.80000000e-02 -4.05182198e-04 -2.80000000e-02  7.99623042e-01 -2.80000000e-02  1.00045935e+00 -2.80000000e-02  7.99622706e-01 -2.80000000e-02  1.00027704e+00 -2.80000000e-02  7.99622536e-01 -2.80000000e-02  1.00018570e+00 -2.80000000e-02  7.99622451e-01 -2.80000000e-02  1.00013999e+00 -2.80000000e-02  7.99622408e-01 -2.80000000e-02  1.00011712e+00 
-2.79000000e-02  2.15817370e+00 -2.79000000e-02  2.06073519e+00 -2.79000000e-02 -3.01217437e-03 -2.79000000e-02 -4.05184291e-04 -2.79000000e-02  7.99623043e-01 -2.79000000e-02  1.00045870e+00 -2.79000000e-02  7.99622706e-01 -2.79000000e-02  1.00027671e+00 -2.79000000e-02  7.99622536e-01 -2.79000000e-02  1.00018554e+00 -2.79000000e-02  7.99622451e-01 -2.79000000e-02  1.00013991e+00 -2.79000000e-02  7.99622408e-01 -2.79000000e-02  1.00011708e+00 
-2.78000000e-02  2.15839448e+00 -2.78000000e-02  2.06051509e+00 -2.78000000e-02 -3.01217200e-03 -2.78000000e-02 -4.05186382e-04 -2.78000000e-02  7.99623043e-01 -2.78000000e-02  1.00045805e+00 -2.78000000e-02  7.99622707e-01 -2.78000000e-02  1.00027639e+00 -2.78000000e-02  7.99622536e-01 -2.78000000e-02  1.00018538e+00 -2.78000000e-02  7.99622451e-01 -2.78000000e-02  1.00013983e+00 -2.78000000e-02  7.99622408e-01 -2.78000000e-02  1.00011704e+00 
-2.77000000e-02  2.15861530e+00 -2.77000000e-02  2.06029496e+00 -2.77000000e-02 -3.01216964e-03 -2.77000000e-02 -4.05188472e-04 -2.77000000e-02  7.99623044e-01 -2.77000000e-02  1.00045740e+00 -2.77000000e-02  7.99622707e-01 -2.77000000e-02  1.00027606e+00 -2.77000000e-02  7.99622537e-01 -2.77000000e-02  1.00018521e+00 -2.77000000e-02  7.99622451e-01 -2.77000000e-02  1.00013975e+00 -2.77000000e-02  7.99622408e-01 -2.77000000e-02  1.00011700e+00 
-2.76000000e-02  2.15883615e+00 -2.76000000e-02  2.06007478e+00 -2.76000000e-02 -3.01216728e-03 -2.76000000e-02 -4.05190561e-04 -2.76000000e-02  7.99623045e-01 -2.76000000e-02  1.00045675e+00 -2.76000000e-02  7.99622707e-01 -2.76000000e-02  1.00027574e+00 -2.76000000e-02  7.99622537e-01 -2.76000000e-02  1.00018505e+00 -2.76000000e-02  7.99622451e-01 -2.76000000e-02  1.00013966e+00 -2.76000000e-02  7.99622408e-01 -2.76000000e-02  1.00011696e+00 
-2.75000000e-02  2.15905703e+00 -2.75000000e-02  2.05985458e+00 -2.75000000e-02 -3.01216492e-03 -2.75000000e-02 -4.05192649e-04 -2.75000000e-02  7.99623046e-01 -2.75000000e-02  1.00045611e+00 -2.75000000e-02  7.99622708e-01 -2.75000000e-02  1.00027541e+00 -2.75000000e-02  7.99622537e-01 -2.75000000e-02  1.00018489e+00 -2.75000000e-02  7.99622451e-01 -2.75000000e-02  1.00013958e+00 -2.75000000e-02  7.99622408e-01 -2.75000000e-02  1.00011692e+00 
-2.74000000e-02  2.15927796e+00 -2.74000000e-02  2.05963433e+00 -2.74000000e-02 -3.01216256e-03 -2.74000000e-02 -4.05194736e-04 -2.74000000e-02  7.99623047e-01 -2.74000000e-02  1.00045546e+00 -2.74000000e-02  7.99622708e-01 -2.74000000e-02  1.00027509e+00 -2.74000000e-02  7.99622537e-01 -2.74000000e-02  1.00018473e+00 -2.74000000e-02  7.99622451e-01 -2.74000000e-02  1.00013950e+00 -2.74000000e-02  7.99622408e-01 -2.74000000e-02  1.00011688e+00 
-2.73000000e-02  2.15949892e+00 -2.73000000e-02  2.05941405e+00 -2.73000000e-02 -3.01216020e-03 -2.73000000e-02 -4.05196821e-04 -2.73000000e-02  7.99623047e-01 -2.73000000e-02  1.00045481e+00 -2.73000000e-02  7.99622709e-01 -2.73000000e-02  1.00027476e+00 -2.73000000e-02  7.99622537e-01 -2.73000000e-02  1.00018456e+00 -2.73000000e-02  7.99622451e-01 -2.73000000e-02  1.00013942e+00 -2.73000000e-02  7.99622408e-01 -2.73000000e-02  1.00011684e+00 
-2.72000000e-02  2.15971992e+00 -2.72000000e-02  2.05919373e+00 -2.72000000e-02 -3.01215785e-03 -2.72000000e-02 -4.05198906e-04 -2.72000000e-02  7.99623048e-01 -2.72000000e-02  1.00045416e+00 -2.72000000e-02  7.99622709e-01 -2.72000000e-02  1.00027444e+00 -2.72000000e-02  7.99622538e-01 -2.72000000e-02  1.00018440e+00 -2.72000000e-02  7.99622451e-01 -2.72000000e-02  1.00013934e+00 -2.72000000e-02  7.99622408e-01 -2.72000000e-02  1.00011680e+00 
-2.71000000e-02  2.15994095e+00 -2.71000000e-02  2.05897337e+00 -2.71000000e-02 -3.01215550e-03 -2.71000000e-02 -4.05200989e-04 -2.71000000e-02  7.99623049e-01 -2.71000000e-02  1.00045352e+00 -2.71000000e-02  7.99622709e-01 -2.71000000e-02  1.00027412e+00 -2.71000000e-02  7.99622538e-01 -2.71000000e-02  1.00018424e+00 -2.71000000e-02  7.99622451e-01 -2.71000000e-02  1.00013926e+00 -2.71000000e-02  7.99622408e-01 -2.71000000e-02  1.00011676e+00 
-2.70000000e-02  2.16016202e+00 -2.70000000e-02  2.05875298e+00 -2.70000000e-02 -3.01215315e-03 -2.70000000e-02 -4.05203071e-04 -2.70000000e-02  7.99623050e-01 -2.70000000e-02  1.00045287e+00 -2.70000000e-02  7.99622710e-01 -2.70000000e-02  1.00027379e+00 -2.70000000e-02  7.99622538e-01 -2.70000000e-02  1.00018408e+00 -2.70000000e-02  7.99622452e-01 -2.70000000e-02  1.00013918e+00 -2.70000000e-02  7.99622408e-01 -2.70000000e-02  1.00011672e+00 
-2.69000000e-02  2.16038313e+00 -2.69000000e-02  2.05853255e+00 -2.69000000e-02 -3.01215080e-03 -2.69000000e-02 -4.05205151e-04 -2.69000000e-02  7.99623051e-01 -2.69000000e-02  1.00045222e+00 -2.69000000e-02  7.99622710e-01 -2.69000000e-02  1.00027347e+00 -2.69000000e-02  7.99622538e-01 -2.69000000e-02  1.00018392e+00 -2.69000000e-02  7.99622452e-01 -2.69000000e-02  1.00013910e+00 -2.69000000e-02  7.99622408e-01 -2.69000000e-02  1.00011667e+00 
-2.68000000e-02  2.16060427e+00 -2.68000000e-02  2.05831209e+00 -2.68000000e-02 -3.01214845e-03 -2.68000000e-02 -4.05207231e-04 -2.68000000e-02  7.99623051e-01 -2.68000000e-02  1.00045158e+00 -2.68000000e-02  7.99622711e-01 -2.68000000e-02  1.00027314e+00 -2.68000000e-02  7.99622538e-01 -2.68000000e-02  1.00018375e+00 -2.68000000e-02  7.99622452e-01 -2.68000000e-02  1.00013901e+00 -2.68000000e-02  7.99622408e-01 -2.68000000e-02  1.00011663e+00 
-2.67000000e-02  2.16082544e+00 -2.67000000e-02  2.05809158e+00 -2.67000000e-02 -3.01214611e-03 -2.67000000e-02 -4.05209309e-04 -2.67000000e-02  7.99623052e-01 -2.67000000e-02  1.00045093e+00 -2.67000000e-02  7.99622711e-01 -2.67000000e-02  1.00027282e+00 -2.67000000e-02  7.99622539e-01 -2.67000000e-02  1.00018359e+00 -2.67000000e-02  7.99622452e-01 -2.67000000e-02  1.00013893e+00 -2.67000000e-02  7.99622408e-01 -2.67000000e-02  1.00011659e+00 
-2.66000000e-02  2.16104665e+00 -2.66000000e-02  2.05787105e+00 -2.66000000e-02 -3.01214377e-03 -2.66000000e-02 -4.05211386e-04 -2.66000000e-02  7.99623053e-01 -2.66000000e-02  1.00045029e+00 -2.66000000e-02  7.99622712e-01 -2.66000000e-02  1.00027250e+00 -2.66000000e-02  7.99622539e-01 -2.66000000e-02  1.00018343e+00 -2.66000000e-02  7.99622452e-01 -2.66000000e-02  1.00013885e+00 -2.66000000e-02  7.99622408e-01 -2.66000000e-02  1.00011655e+00 
-2.65000000e-02  2.16126790e+00 -2.65000000e-02  2.05765047e+00 -2.65000000e-02 -3.01214143e-03 -2.65000000e-02 -4.05213462e-04 -2.65000000e-02  7.99623054e-01 -2.65000000e-02  1.00044964e+00 -2.65000000e-02  7.99622712e-01 -2.65000000e-02  1.00027217e+00 -2.65000000e-02  7.99622539e-01 -2.65000000e-02  1.00018327e+00 -2.65000000e-02  7.99622452e-01 -2.65000000e-02  1.00013877e+00 -2.65000000e-02  7.99622409e-01 -2.65000000e-02  1.00011651e+00 
-2.64000000e-02  2.16148918e+00 -2.64000000e-02  2.05742986e+00 -2.64000000e-02 -3.01213909e-03 -2.64000000e-02 -4.05215536e-04 -2.64000000e-02  7.99623055e-01 -2.64000000e-02  1.00044900e+00 -2.64000000e-02  7.99622712e-01 -2.64000000e-02  1.00027185e+00 -2.64000000e-02  7.99622539e-01 -2.64000000e-02  1.00018311e+00 -2.64000000e-02  7.99622452e-01 -2.64000000e-02  1.00013869e+00 -2.64000000e-02  7.99622409e-01 -2.64000000e-02  1.00011647e+00 
-2.63000000e-02  2.16171050e+00 -2.63000000e-02  2.05720922e+00 -2.63000000e-02 -3.01213675e-03 -2.63000000e-02 -4.05217610e-04 -2.63000000e-02  7.99623055e-01 -2.63000000e-02  1.00044835e+00 -2.63000000e-02  7.99622713e-01 -2.63000000e-02  1.00027153e+00 -2.63000000e-02  7.99622539e-01 -2.63000000e-02  1.00018295e+00 -2.63000000e-02  7.99622452e-01 -2.63000000e-02  1.00013861e+00 -2.63000000e-02  7.99622409e-01 -2.63000000e-02  1.00011643e+00 
-2.62000000e-02  2.16193185e+00 -2.62000000e-02  2.05698854e+00 -2.62000000e-02 -3.01213441e-03 -2.62000000e-02 -4.05219682e-04 -2.62000000e-02  7.99623056e-01 -2.62000000e-02  1.00044771e+00 -2.62000000e-02  7.99622713e-01 -2.62000000e-02  1.00027121e+00 -2.62000000e-02  7.99622540e-01 -2.62000000e-02  1.00018278e+00 -2.62000000e-02  7.99622452e-01 -2.62000000e-02  1.00013853e+00 -2.62000000e-02  7.99622409e-01 -2.62000000e-02  1.00011639e+00 
-2.61000000e-02  2.16215324e+00 -2.61000000e-02  2.05676782e+00 -2.61000000e-02 -3.01213208e-03 -2.61000000e-02 -4.05221753e-04 -2.61000000e-02  7.99623057e-01 -2.61000000e-02  1.00044707e+00 -2.61000000e-02  7.99622714e-01 -2.61000000e-02  1.00027089e+00 -2.61000000e-02  7.99622540e-01 -2.61000000e-02  1.00018262e+00 -2.61000000e-02  7.99622453e-01 -2.61000000e-02  1.00013845e+00 -2.61000000e-02  7.99622409e-01 -2.61000000e-02  1.00011635e+00 
-2.60000000e-02  2.16237466e+00 -2.60000000e-02  2.05654707e+00 -2.60000000e-02 -3.01212975e-03 -2.60000000e-02 -4.05223823e-04 -2.60000000e-02  7.99623058e-01 -2.60000000e-02  1.00044642e+00 -2.60000000e-02  7.99622714e-01 -2.60000000e-02  1.00027056e+00 -2.60000000e-02  7.99622540e-01 -2.60000000e-02  1.00018246e+00 -2.60000000e-02  7.99622453e-01 -2.60000000e-02  1.00013837e+00 -2.60000000e-02  7.99622409e-01 -2.60000000e-02  1.00011631e+00 
-2.59000000e-02  2.16259612e+00 -2.59000000e-02  2.05632628e+00 -2.59000000e-02 -3.01212742e-03 -2.59000000e-02 -4.05225891e-04 -2.59000000e-02  7.99623059e-01 -2.59000000e-02  1.00044578e+00 -2.59000000e-02  7.99622714e-01 -2.59000000e-02  1.00027024e+00 -2.59000000e-02  7.99622540e-01 -2.59000000e-02  1.00018230e+00 -2.59000000e-02  7.99622453e-01 -2.59000000e-02  1.00013829e+00 -2.59000000e-02  7.99622409e-01 -2.59000000e-02  1.00011627e+00 
-2.58000000e-02  2.16281761e+00 -2.58000000e-02  2.05610546e+00 -2.58000000e-02 -3.01212509e-03 -2.58000000e-02 -4.05227959e-04 -2.58000000e-02  7.99623059e-01 -2.58000000e-02  1.00044514e+00 -2.58000000e-02  7.99622715e-01 -2.58000000e-02  1.00026992e+00 -2.58000000e-02  7.99622540e-01 -2.58000000e-02  1.00018214e+00 -2.58000000e-02  7.99622453e-01 -2.58000000e-02  1.00013821e+00 -2.58000000e-02  7.99622409e-01 -2.58000000e-02  1.00011623e+00 
-2.57000000e-02  2.16303913e+00 -2.57000000e-02  2.05588461e+00 -2.57000000e-02 -3.01212277e-03 -2.57000000e-02 -4.05230025e-04 -2.57000000e-02  7.99623060e-01 -2.57000000e-02  1.00044450e+00 -2.57000000e-02  7.99622715e-01 -2.57000000e-02  1.00026960e+00 -2.57000000e-02  7.99622541e-01 -2.57000000e-02  1.00018198e+00 -2.57000000e-02  7.99622453e-01 -2.57000000e-02  1.00013813e+00 -2.57000000e-02  7.99622409e-01 -2.57000000e-02  1.00011619e+00 
-2.56000000e-02  2.16326069e+00 -2.56000000e-02  2.05566372e+00 -2.56000000e-02 -3.01212044e-03 -2.56000000e-02 -4.05232090e-04 -2.56000000e-02  7.99623061e-01 -2.56000000e-02  1.00044386e+00 -2.56000000e-02  7.99622716e-01 -2.56000000e-02  1.00026928e+00 -2.56000000e-02  7.99622541e-01 -2.56000000e-02  1.00018182e+00 -2.56000000e-02  7.99622453e-01 -2.56000000e-02  1.00013805e+00 -2.56000000e-02  7.99622409e-01 -2.56000000e-02  1.00011615e+00 
-2.55000000e-02  2.16348228e+00 -2.55000000e-02  2.05544279e+00 -2.55000000e-02 -3.01211812e-03 -2.55000000e-02 -4.05234153e-04 -2.55000000e-02  7.99623062e-01 -2.55000000e-02  1.00044322e+00 -2.55000000e-02  7.99622716e-01 -2.55000000e-02  1.00026896e+00 -2.55000000e-02  7.99622541e-01 -2.55000000e-02  1.00018166e+00 -2.55000000e-02  7.99622453e-01 -2.55000000e-02  1.00013797e+00 -2.55000000e-02  7.99622409e-01 -2.55000000e-02  1.00011611e+00 
-2.54000000e-02  2.16370391e+00 -2.54000000e-02  2.05522183e+00 -2.54000000e-02 -3.01211580e-03 -2.54000000e-02 -4.05236216e-04 -2.54000000e-02  7.99623063e-01 -2.54000000e-02  1.00044258e+00 -2.54000000e-02  7.99622716e-01 -2.54000000e-02  1.00026864e+00 -2.54000000e-02  7.99622541e-01 -2.54000000e-02  1.00018150e+00 -2.54000000e-02  7.99622453e-01 -2.54000000e-02  1.00013789e+00 -2.54000000e-02  7.99622409e-01 -2.54000000e-02  1.00011607e+00 
-2.53000000e-02  2.16392557e+00 -2.53000000e-02  2.05500084e+00 -2.53000000e-02 -3.01211348e-03 -2.53000000e-02 -4.05238277e-04 -2.53000000e-02  7.99623064e-01 -2.53000000e-02  1.00044194e+00 -2.53000000e-02  7.99622717e-01 -2.53000000e-02  1.00026831e+00 -2.53000000e-02  7.99622542e-01 -2.53000000e-02  1.00018134e+00 -2.53000000e-02  7.99622453e-01 -2.53000000e-02  1.00013781e+00 -2.53000000e-02  7.99622409e-01 -2.53000000e-02  1.00011603e+00 
-2.52000000e-02  2.16414726e+00 -2.52000000e-02  2.05477981e+00 -2.52000000e-02 -3.01211116e-03 -2.52000000e-02 -4.05240337e-04 -2.52000000e-02  7.99623064e-01 -2.52000000e-02  1.00044130e+00 -2.52000000e-02  7.99622717e-01 -2.52000000e-02  1.00026799e+00 -2.52000000e-02  7.99622542e-01 -2.52000000e-02  1.00018118e+00 -2.52000000e-02  7.99622453e-01 -2.52000000e-02  1.00013773e+00 -2.52000000e-02  7.99622409e-01 -2.52000000e-02  1.00011599e+00 
-2.51000000e-02  2.16436899e+00 -2.51000000e-02  2.05455875e+00 -2.51000000e-02 -3.01210885e-03 -2.51000000e-02 -4.05242396e-04 -2.51000000e-02  7.99623065e-01 -2.51000000e-02  1.00044066e+00 -2.51000000e-02  7.99622718e-01 -2.51000000e-02  1.00026767e+00 -2.51000000e-02  7.99622542e-01 -2.51000000e-02  1.00018102e+00 -2.51000000e-02  7.99622454e-01 -2.51000000e-02  1.00013765e+00 -2.51000000e-02  7.99622409e-01 -2.51000000e-02  1.00011595e+00 
-2.50000000e-02  2.16459075e+00 -2.50000000e-02  2.05433765e+00 -2.50000000e-02 -3.01210654e-03 -2.50000000e-02 -4.05244453e-04 -2.50000000e-02  7.99623066e-01 -2.50000000e-02  1.00044002e+00 -2.50000000e-02  7.99622718e-01 -2.50000000e-02  1.00026735e+00 -2.50000000e-02  7.99622542e-01 -2.50000000e-02  1.00018086e+00 -2.50000000e-02  7.99622454e-01 -2.50000000e-02  1.00013757e+00 -2.50000000e-02  7.99622409e-01 -2.50000000e-02  1.00011591e+00 
-2.49000000e-02  2.16481254e+00 -2.49000000e-02  2.05411653e+00 -2.49000000e-02 -3.01210423e-03 -2.49000000e-02 -4.05246510e-04 -2.49000000e-02  7.99623067e-01 -2.49000000e-02  1.00043938e+00 -2.49000000e-02  7.99622718e-01 -2.49000000e-02  1.00026703e+00 -2.49000000e-02  7.99622542e-01 -2.49000000e-02  1.00018070e+00 -2.49000000e-02  7.99622454e-01 -2.49000000e-02  1.00013749e+00 -2.49000000e-02  7.99622409e-01 -2.49000000e-02  1.00011587e+00 
-2.48000000e-02  2.16503437e+00 -2.48000000e-02  2.05389536e+00 -2.48000000e-02 -3.01210192e-03 -2.48000000e-02 -4.05248565e-04 -2.48000000e-02  7.99623068e-01 -2.48000000e-02  1.00043874e+00 -2.48000000e-02  7.99622719e-01 -2.48000000e-02  1.00026671e+00 -2.48000000e-02  7.99622543e-01 -2.48000000e-02  1.00018054e+00 -2.48000000e-02  7.99622454e-01 -2.48000000e-02  1.00013741e+00 -2.48000000e-02  7.99622409e-01 -2.48000000e-02  1.00011583e+00 
-2.47000000e-02  2.16525623e+00 -2.47000000e-02  2.05367417e+00 -2.47000000e-02 -3.01209961e-03 -2.47000000e-02 -4.05250619e-04 -2.47000000e-02  7.99623068e-01 -2.47000000e-02  1.00043810e+00 -2.47000000e-02  7.99622719e-01 -2.47000000e-02  1.00026640e+00 -2.47000000e-02  7.99622543e-01 -2.47000000e-02  1.00018038e+00 -2.47000000e-02  7.99622454e-01 -2.47000000e-02  1.00013733e+00 -2.47000000e-02  7.99622410e-01 -2.47000000e-02  1.00011579e+00 
-2.46000000e-02  2.16547812e+00 -2.46000000e-02  2.05345294e+00 -2.46000000e-02 -3.01209731e-03 -2.46000000e-02 -4.05252671e-04 -2.46000000e-02  7.99623069e-01 -2.46000000e-02  1.00043747e+00 -2.46000000e-02  7.99622720e-01 -2.46000000e-02  1.00026608e+00 -2.46000000e-02  7.99622543e-01 -2.46000000e-02  1.00018022e+00 -2.46000000e-02  7.99622454e-01 -2.46000000e-02  1.00013725e+00 -2.46000000e-02  7.99622410e-01 -2.46000000e-02  1.00011575e+00 
-2.45000000e-02  2.16570004e+00 -2.45000000e-02  2.05323167e+00 -2.45000000e-02 -3.01209500e-03 -2.45000000e-02 -4.05254723e-04 -2.45000000e-02  7.99623070e-01 -2.45000000e-02  1.00043683e+00 -2.45000000e-02  7.99622720e-01 -2.45000000e-02  1.00026576e+00 -2.45000000e-02  7.99622543e-01 -2.45000000e-02  1.00018006e+00 -2.45000000e-02  7.99622454e-01 -2.45000000e-02  1.00013717e+00 -2.45000000e-02  7.99622410e-01 -2.45000000e-02  1.00011571e+00 
-2.44000000e-02  2.16592200e+00 -2.44000000e-02  2.05301038e+00 -2.44000000e-02 -3.01209270e-03 -2.44000000e-02 -4.05256773e-04 -2.44000000e-02  7.99623071e-01 -2.44000000e-02  1.00043619e+00 -2.44000000e-02  7.99622721e-01 -2.44000000e-02  1.00026544e+00 -2.44000000e-02  7.99622543e-01 -2.44000000e-02  1.00017990e+00 -2.44000000e-02  7.99622454e-01 -2.44000000e-02  1.00013709e+00 -2.44000000e-02  7.99622410e-01 -2.44000000e-02  1.00011567e+00 
-2.43000000e-02  2.16614399e+00 -2.43000000e-02  2.05278905e+00 -2.43000000e-02 -3.01209040e-03 -2.43000000e-02 -4.05258822e-04 -2.43000000e-02  7.99623072e-01 -2.43000000e-02  1.00043556e+00 -2.43000000e-02  7.99622721e-01 -2.43000000e-02  1.00026512e+00 -2.43000000e-02  7.99622544e-01 -2.43000000e-02  1.00017974e+00 -2.43000000e-02  7.99622454e-01 -2.43000000e-02  1.00013701e+00 -2.43000000e-02  7.99622410e-01 -2.43000000e-02  1.00011563e+00 
-2.42000000e-02  2.16636601e+00 -2.42000000e-02  2.05256769e+00 -2.42000000e-02 -3.01208810e-03 -2.42000000e-02 -4.05260869e-04 -2.42000000e-02  7.99623073e-01 -2.42000000e-02  1.00043492e+00 -2.42000000e-02  7.99622721e-01 -2.42000000e-02  1.00026480e+00 -2.42000000e-02  7.99622544e-01 -2.42000000e-02  1.00017958e+00 -2.42000000e-02  7.99622455e-01 -2.42000000e-02  1.00013693e+00 -2.42000000e-02  7.99622410e-01 -2.42000000e-02  1.00011559e+00 
-2.41000000e-02  2.16658806e+00 -2.41000000e-02  2.05234630e+00 -2.41000000e-02 -3.01208581e-03 -2.41000000e-02 -4.05262916e-04 -2.41000000e-02  7.99623073e-01 -2.41000000e-02  1.00043428e+00 -2.41000000e-02  7.99622722e-01 -2.41000000e-02  1.00026448e+00 -2.41000000e-02  7.99622544e-01 -2.41000000e-02  1.00017942e+00 -2.41000000e-02  7.99622455e-01 -2.41000000e-02  1.00013685e+00 -2.41000000e-02  7.99622410e-01 -2.41000000e-02  1.00011555e+00 
-2.40000000e-02  2.16681015e+00 -2.40000000e-02  2.05212487e+00 -2.40000000e-02 -3.01208351e-03 -2.40000000e-02 -4.05264961e-04 -2.40000000e-02  7.99623074e-01 -2.40000000e-02  1.00043365e+00 -2.40000000e-02  7.99622722e-01 -2.40000000e-02  1.00026416e+00 -2.40000000e-02  7.99622544e-01 -2.40000000e-02  1.00017926e+00 -2.40000000e-02  7.99622455e-01 -2.40000000e-02  1.00013677e+00 -2.40000000e-02  7.99622410e-01 -2.40000000e-02  1.00011551e+00 
-2.39000000e-02  2.16703226e+00 -2.39000000e-02  2.05190341e+00 -2.39000000e-02 -3.01208122e-03 -2.39000000e-02 -4.05267005e-04 -2.39000000e-02  7.99623075e-01 -2.39000000e-02  1.00043301e+00 -2.39000000e-02  7.99622723e-01 -2.39000000e-02  1.00026385e+00 -2.39000000e-02  7.99622544e-01 -2.39000000e-02  1.00017910e+00 -2.39000000e-02  7.99622455e-01 -2.39000000e-02  1.00013669e+00 -2.39000000e-02  7.99622410e-01 -2.39000000e-02  1.00011547e+00 
-2.38000000e-02  2.16725441e+00 -2.38000000e-02  2.05168192e+00 -2.38000000e-02 -3.01207893e-03 -2.38000000e-02 -4.05269048e-04 -2.38000000e-02  7.99623076e-01 -2.38000000e-02  1.00043238e+00 -2.38000000e-02  7.99622723e-01 -2.38000000e-02  1.00026353e+00 -2.38000000e-02  7.99622545e-01 -2.38000000e-02  1.00017894e+00 -2.38000000e-02  7.99622455e-01 -2.38000000e-02  1.00013661e+00 -2.38000000e-02  7.99622410e-01 -2.38000000e-02  1.00011543e+00 
-2.37000000e-02  2.16747659e+00 -2.37000000e-02  2.05146040e+00 -2.37000000e-02 -3.01207665e-03 -2.37000000e-02 -4.05271089e-04 -2.37000000e-02  7.99623077e-01 -2.37000000e-02  1.00043175e+00 -2.37000000e-02  7.99622723e-01 -2.37000000e-02  1.00026321e+00 -2.37000000e-02  7.99622545e-01 -2.37000000e-02  1.00017878e+00 -2.37000000e-02  7.99622455e-01 -2.37000000e-02  1.00013653e+00 -2.37000000e-02  7.99622410e-01 -2.37000000e-02  1.00011539e+00 
-2.36000000e-02  2.16769880e+00 -2.36000000e-02  2.05123884e+00 -2.36000000e-02 -3.01207436e-03 -2.36000000e-02 -4.05273130e-04 -2.36000000e-02  7.99623078e-01 -2.36000000e-02  1.00043111e+00 -2.36000000e-02  7.99622724e-01 -2.36000000e-02  1.00026289e+00 -2.36000000e-02  7.99622545e-01 -2.36000000e-02  1.00017862e+00 -2.36000000e-02  7.99622455e-01 -2.36000000e-02  1.00013645e+00 -2.36000000e-02  7.99622410e-01 -2.36000000e-02  1.00011535e+00 
-2.35000000e-02  2.16792104e+00 -2.35000000e-02  2.05101726e+00 -2.35000000e-02 -3.01207207e-03 -2.35000000e-02 -4.05275168e-04 -2.35000000e-02  7.99623078e-01 -2.35000000e-02  1.00043048e+00 -2.35000000e-02  7.99622724e-01 -2.35000000e-02  1.00026258e+00 -2.35000000e-02  7.99622545e-01 -2.35000000e-02  1.00017846e+00 -2.35000000e-02  7.99622455e-01 -2.35000000e-02  1.00013637e+00 -2.35000000e-02  7.99622410e-01 -2.35000000e-02  1.00011531e+00 
-2.34000000e-02  2.16814331e+00 -2.34000000e-02  2.05079564e+00 -2.34000000e-02 -3.01206979e-03 -2.34000000e-02 -4.05277206e-04 -2.34000000e-02  7.99623079e-01 -2.34000000e-02  1.00042985e+00 -2.34000000e-02  7.99622725e-01 -2.34000000e-02  1.00026226e+00 -2.34000000e-02  7.99622545e-01 -2.34000000e-02  1.00017831e+00 -2.34000000e-02  7.99622455e-01 -2.34000000e-02  1.00013629e+00 -2.34000000e-02  7.99622410e-01 -2.34000000e-02  1.00011527e+00 
-2.33000000e-02  2.16836562e+00 -2.33000000e-02  2.05057399e+00 -2.33000000e-02 -3.01206751e-03 -2.33000000e-02 -4.05279243e-04 -2.33000000e-02  7.99623080e-01 -2.33000000e-02  1.00042921e+00 -2.33000000e-02  7.99622725e-01 -2.33000000e-02  1.00026194e+00 -2.33000000e-02  7.99622546e-01 -2.33000000e-02  1.00017815e+00 -2.33000000e-02  7.99622456e-01 -2.33000000e-02  1.00013621e+00 -2.33000000e-02  7.99622410e-01 -2.33000000e-02  1.00011523e+00 
-2.32000000e-02  2.16858795e+00 -2.32000000e-02  2.05035231e+00 -2.32000000e-02 -3.01206523e-03 -2.32000000e-02 -4.05281278e-04 -2.32000000e-02  7.99623081e-01 -2.32000000e-02  1.00042858e+00 -2.32000000e-02  7.99622725e-01 -2.32000000e-02  1.00026163e+00 -2.32000000e-02  7.99622546e-01 -2.32000000e-02  1.00017799e+00 -2.32000000e-02  7.99622456e-01 -2.32000000e-02  1.00013613e+00 -2.32000000e-02  7.99622410e-01 -2.32000000e-02  1.00011519e+00 
-2.31000000e-02  2.16881031e+00 -2.31000000e-02  2.05013059e+00 -2.31000000e-02 -3.01206296e-03 -2.31000000e-02 -4.05283312e-04 -2.31000000e-02  7.99623082e-01 -2.31000000e-02  1.00042795e+00 -2.31000000e-02  7.99622726e-01 -2.31000000e-02  1.00026131e+00 -2.31000000e-02  7.99622546e-01 -2.31000000e-02  1.00017783e+00 -2.31000000e-02  7.99622456e-01 -2.31000000e-02  1.00013605e+00 -2.31000000e-02  7.99622410e-01 -2.31000000e-02  1.00011515e+00 
-2.30000000e-02  2.16903271e+00 -2.30000000e-02  2.04990885e+00 -2.30000000e-02 -3.01206068e-03 -2.30000000e-02 -4.05285345e-04 -2.30000000e-02  7.99623083e-01 -2.30000000e-02  1.00042732e+00 -2.30000000e-02  7.99622726e-01 -2.30000000e-02  1.00026099e+00 -2.30000000e-02  7.99622546e-01 -2.30000000e-02  1.00017767e+00 -2.30000000e-02  7.99622456e-01 -2.30000000e-02  1.00013597e+00 -2.30000000e-02  7.99622411e-01 -2.30000000e-02  1.00011511e+00 
-2.29000000e-02  2.16925514e+00 -2.29000000e-02  2.04968708e+00 -2.29000000e-02 -3.01205841e-03 -2.29000000e-02 -4.05287376e-04 -2.29000000e-02  7.99623083e-01 -2.29000000e-02  1.00042669e+00 -2.29000000e-02  7.99622727e-01 -2.29000000e-02  1.00026068e+00 -2.29000000e-02  7.99622547e-01 -2.29000000e-02  1.00017751e+00 -2.29000000e-02  7.99622456e-01 -2.29000000e-02  1.00013589e+00 -2.29000000e-02  7.99622411e-01 -2.29000000e-02  1.00011507e+00 
-2.28000000e-02  2.16947759e+00 -2.28000000e-02  2.04946527e+00 -2.28000000e-02 -3.01205614e-03 -2.28000000e-02 -4.05289406e-04 -2.28000000e-02  7.99623084e-01 -2.28000000e-02  1.00042606e+00 -2.28000000e-02  7.99622727e-01 -2.28000000e-02  1.00026036e+00 -2.28000000e-02  7.99622547e-01 -2.28000000e-02  1.00017736e+00 -2.28000000e-02  7.99622456e-01 -2.28000000e-02  1.00013581e+00 -2.28000000e-02  7.99622411e-01 -2.28000000e-02  1.00011503e+00 
-2.27000000e-02  2.16970008e+00 -2.27000000e-02  2.04924344e+00 -2.27000000e-02 -3.01205387e-03 -2.27000000e-02 -4.05291435e-04 -2.27000000e-02  7.99623085e-01 -2.27000000e-02  1.00042543e+00 -2.27000000e-02  7.99622728e-01 -2.27000000e-02  1.00026005e+00 -2.27000000e-02  7.99622547e-01 -2.27000000e-02  1.00017720e+00 -2.27000000e-02  7.99622456e-01 -2.27000000e-02  1.00013574e+00 -2.27000000e-02  7.99622411e-01 -2.27000000e-02  1.00011499e+00 
-2.26000000e-02  2.16992259e+00 -2.26000000e-02  2.04902157e+00 -2.26000000e-02 -3.01205160e-03 -2.26000000e-02 -4.05293463e-04 -2.26000000e-02  7.99623086e-01 -2.26000000e-02  1.00042480e+00 -2.26000000e-02  7.99622728e-01 -2.26000000e-02  1.00025973e+00 -2.26000000e-02  7.99622547e-01 -2.26000000e-02  1.00017704e+00 -2.26000000e-02  7.99622456e-01 -2.26000000e-02  1.00013566e+00 -2.26000000e-02  7.99622411e-01 -2.26000000e-02  1.00011495e+00 
-2.25000000e-02  2.17014514e+00 -2.25000000e-02  2.04879967e+00 -2.25000000e-02 -3.01204934e-03 -2.25000000e-02 -4.05295490e-04 -2.25000000e-02  7.99623087e-01 -2.25000000e-02  1.00042417e+00 -2.25000000e-02  7.99622728e-01 -2.25000000e-02  1.00025942e+00 -2.25000000e-02  7.99622547e-01 -2.25000000e-02  1.00017688e+00 -2.25000000e-02  7.99622456e-01 -2.25000000e-02  1.00013558e+00 -2.25000000e-02  7.99622411e-01 -2.25000000e-02  1.00011492e+00 
-2.24000000e-02  2.17036771e+00 -2.24000000e-02  2.04857775e+00 -2.24000000e-02 -3.01204708e-03 -2.24000000e-02 -4.05297515e-04 -2.24000000e-02  7.99623088e-01 -2.24000000e-02  1.00042354e+00 -2.24000000e-02  7.99622729e-01 -2.24000000e-02  1.00025910e+00 -2.24000000e-02  7.99622548e-01 -2.24000000e-02  1.00017673e+00 -2.24000000e-02  7.99622457e-01 -2.24000000e-02  1.00013550e+00 -2.24000000e-02  7.99622411e-01 -2.24000000e-02  1.00011488e+00 
-2.23000000e-02  2.17059032e+00 -2.23000000e-02  2.04835579e+00 -2.23000000e-02 -3.01204482e-03 -2.23000000e-02 -4.05299539e-04 -2.23000000e-02  7.99623088e-01 -2.23000000e-02  1.00042291e+00 -2.23000000e-02  7.99622729e-01 -2.23000000e-02  1.00025879e+00 -2.23000000e-02  7.99622548e-01 -2.23000000e-02  1.00017657e+00 -2.23000000e-02  7.99622457e-01 -2.23000000e-02  1.00013542e+00 -2.23000000e-02  7.99622411e-01 -2.23000000e-02  1.00011484e+00 
-2.22000000e-02  2.17081295e+00 -2.22000000e-02  2.04813380e+00 -2.22000000e-02 -3.01204256e-03 -2.22000000e-02 -4.05301562e-04 -2.22000000e-02  7.99623089e-01 -2.22000000e-02  1.00042228e+00 -2.22000000e-02  7.99622730e-01 -2.22000000e-02  1.00025847e+00 -2.22000000e-02  7.99622548e-01 -2.22000000e-02  1.00017641e+00 -2.22000000e-02  7.99622457e-01 -2.22000000e-02  1.00013534e+00 -2.22000000e-02  7.99622411e-01 -2.22000000e-02  1.00011480e+00 
-2.21000000e-02  2.17103561e+00 -2.21000000e-02  2.04791178e+00 -2.21000000e-02 -3.01204030e-03 -2.21000000e-02 -4.05303583e-04 -2.21000000e-02  7.99623090e-01 -2.21000000e-02  1.00042165e+00 -2.21000000e-02  7.99622730e-01 -2.21000000e-02  1.00025816e+00 -2.21000000e-02  7.99622548e-01 -2.21000000e-02  1.00017625e+00 -2.21000000e-02  7.99622457e-01 -2.21000000e-02  1.00013526e+00 -2.21000000e-02  7.99622411e-01 -2.21000000e-02  1.00011476e+00 
-2.20000000e-02  2.17125831e+00 -2.20000000e-02  2.04768974e+00 -2.20000000e-02 -3.01203804e-03 -2.20000000e-02 -4.05305603e-04 -2.20000000e-02  7.99623091e-01 -2.20000000e-02  1.00042103e+00 -2.20000000e-02  7.99622731e-01 -2.20000000e-02  1.00025784e+00 -2.20000000e-02  7.99622548e-01 -2.20000000e-02  1.00017610e+00 -2.20000000e-02  7.99622457e-01 -2.20000000e-02  1.00013518e+00 -2.20000000e-02  7.99622411e-01 -2.20000000e-02  1.00011472e+00 
-2.19000000e-02  2.17148103e+00 -2.19000000e-02  2.04746766e+00 -2.19000000e-02 -3.01203579e-03 -2.19000000e-02 -4.05307622e-04 -2.19000000e-02  7.99623092e-01 -2.19000000e-02  1.00042040e+00 -2.19000000e-02  7.99622731e-01 -2.19000000e-02  1.00025753e+00 -2.19000000e-02  7.99622549e-01 -2.19000000e-02  1.00017594e+00 -2.19000000e-02  7.99622457e-01 -2.19000000e-02  1.00013511e+00 -2.19000000e-02  7.99622411e-01 -2.19000000e-02  1.00011468e+00 
-2.18000000e-02  2.17170378e+00 -2.18000000e-02  2.04724556e+00 -2.18000000e-02 -3.01203354e-03 -2.18000000e-02 -4.05309640e-04 -2.18000000e-02  7.99623093e-01 -2.18000000e-02  1.00041977e+00 -2.18000000e-02  7.99622731e-01 -2.18000000e-02  1.00025721e+00 -2.18000000e-02  7.99622549e-01 -2.18000000e-02  1.00017578e+00 -2.18000000e-02  7.99622457e-01 -2.18000000e-02  1.00013503e+00 -2.18000000e-02  7.99622411e-01 -2.18000000e-02  1.00011464e+00 
-2.17000000e-02  2.17192656e+00 -2.17000000e-02  2.04702342e+00 -2.17000000e-02 -3.01203129e-03 -2.17000000e-02 -4.05311656e-04 -2.17000000e-02  7.99623093e-01 -2.17000000e-02  1.00041915e+00 -2.17000000e-02  7.99622732e-01 -2.17000000e-02  1.00025690e+00 -2.17000000e-02  7.99622549e-01 -2.17000000e-02  1.00017562e+00 -2.17000000e-02  7.99622457e-01 -2.17000000e-02  1.00013495e+00 -2.17000000e-02  7.99622411e-01 -2.17000000e-02  1.00011460e+00 
-2.16000000e-02  2.17214936e+00 -2.16000000e-02  2.04680126e+00 -2.16000000e-02 -3.01202904e-03 -2.16000000e-02 -4.05313671e-04 -2.16000000e-02  7.99623094e-01 -2.16000000e-02  1.00041852e+00 -2.16000000e-02  7.99622732e-01 -2.16000000e-02  1.00025659e+00 -2.16000000e-02  7.99622549e-01 -2.16000000e-02  1.00017547e+00 -2.16000000e-02  7.99622457e-01 -2.16000000e-02  1.00013487e+00 -2.16000000e-02  7.99622411e-01 -2.16000000e-02  1.00011456e+00 
-2.15000000e-02  2.17237220e+00 -2.15000000e-02  2.04657906e+00 -2.15000000e-02 -3.01202680e-03 -2.15000000e-02 -4.05315685e-04 -2.15000000e-02  7.99623095e-01 -2.15000000e-02  1.00041789e+00 -2.15000000e-02  7.99622733e-01 -2.15000000e-02  1.00025627e+00 -2.15000000e-02  7.99622550e-01 -2.15000000e-02  1.00017531e+00 -2.15000000e-02  7.99622458e-01 -2.15000000e-02  1.00013479e+00 -2.15000000e-02  7.99622411e-01 -2.15000000e-02  1.00011452e+00 
-2.14000000e-02  2.17259506e+00 -2.14000000e-02  2.04635684e+00 -2.14000000e-02 -3.01202455e-03 -2.14000000e-02 -4.05317698e-04 -2.14000000e-02  7.99623096e-01 -2.14000000e-02  1.00041727e+00 -2.14000000e-02  7.99622733e-01 -2.14000000e-02  1.00025596e+00 -2.14000000e-02  7.99622550e-01 -2.14000000e-02  1.00017515e+00 -2.14000000e-02  7.99622458e-01 -2.14000000e-02  1.00013471e+00 -2.14000000e-02  7.99622411e-01 -2.14000000e-02  1.00011448e+00 
-2.13000000e-02  2.17281796e+00 -2.13000000e-02  2.04613459e+00 -2.13000000e-02 -3.01202231e-03 -2.13000000e-02 -4.05319709e-04 -2.13000000e-02  7.99623097e-01 -2.13000000e-02  1.00041665e+00 -2.13000000e-02  7.99622733e-01 -2.13000000e-02  1.00025565e+00 -2.13000000e-02  7.99622550e-01 -2.13000000e-02  1.00017500e+00 -2.13000000e-02  7.99622458e-01 -2.13000000e-02  1.00013463e+00 -2.13000000e-02  7.99622412e-01 -2.13000000e-02  1.00011444e+00 
-2.12000000e-02  2.17304088e+00 -2.12000000e-02  2.04591231e+00 -2.12000000e-02 -3.01202007e-03 -2.12000000e-02 -4.05321719e-04 -2.12000000e-02  7.99623098e-01 -2.12000000e-02  1.00041602e+00 -2.12000000e-02  7.99622734e-01 -2.12000000e-02  1.00025534e+00 -2.12000000e-02  7.99622550e-01 -2.12000000e-02  1.00017484e+00 -2.12000000e-02  7.99622458e-01 -2.12000000e-02  1.00013456e+00 -2.12000000e-02  7.99622412e-01 -2.12000000e-02  1.00011440e+00 
-2.11000000e-02  2.17326382e+00 -2.11000000e-02  2.04569000e+00 -2.11000000e-02 -3.01201784e-03 -2.11000000e-02 -4.05323728e-04 -2.11000000e-02  7.99623098e-01 -2.11000000e-02  1.00041540e+00 -2.11000000e-02  7.99622734e-01 -2.11000000e-02  1.00025502e+00 -2.11000000e-02  7.99622550e-01 -2.11000000e-02  1.00017468e+00 -2.11000000e-02  7.99622458e-01 -2.11000000e-02  1.00013448e+00 -2.11000000e-02  7.99622412e-01 -2.11000000e-02  1.00011437e+00 
-2.10000000e-02  2.17348680e+00 -2.10000000e-02  2.04546766e+00 -2.10000000e-02 -3.01201560e-03 -2.10000000e-02 -4.05325735e-04 -2.10000000e-02  7.99623099e-01 -2.10000000e-02  1.00041477e+00 -2.10000000e-02  7.99622735e-01 -2.10000000e-02  1.00025471e+00 -2.10000000e-02  7.99622551e-01 -2.10000000e-02  1.00017453e+00 -2.10000000e-02  7.99622458e-01 -2.10000000e-02  1.00013440e+00 -2.10000000e-02  7.99622412e-01 -2.10000000e-02  1.00011433e+00 
-2.09000000e-02  2.17370980e+00 -2.09000000e-02  2.04524530e+00 -2.09000000e-02 -3.01201337e-03 -2.09000000e-02 -4.05327741e-04 -2.09000000e-02  7.99623100e-01 -2.09000000e-02  1.00041415e+00 -2.09000000e-02  7.99622735e-01 -2.09000000e-02  1.00025440e+00 -2.09000000e-02  7.99622551e-01 -2.09000000e-02  1.00017437e+00 -2.09000000e-02  7.99622458e-01 -2.09000000e-02  1.00013432e+00 -2.09000000e-02  7.99622412e-01 -2.09000000e-02  1.00011429e+00 
-2.08000000e-02  2.17393283e+00 -2.08000000e-02  2.04502291e+00 -2.08000000e-02 -3.01201113e-03 -2.08000000e-02 -4.05329746e-04 -2.08000000e-02  7.99623101e-01 -2.08000000e-02  1.00041353e+00 -2.08000000e-02  7.99622736e-01 -2.08000000e-02  1.00025409e+00 -2.08000000e-02  7.99622551e-01 -2.08000000e-02  1.00017422e+00 -2.08000000e-02  7.99622458e-01 -2.08000000e-02  1.00013424e+00 -2.08000000e-02  7.99622412e-01 -2.08000000e-02  1.00011425e+00 
-2.07000000e-02  2.17415589e+00 -2.07000000e-02  2.04480049e+00 -2.07000000e-02 -3.01200890e-03 -2.07000000e-02 -4.05331750e-04 -2.07000000e-02  7.99623102e-01 -2.07000000e-02  1.00041291e+00 -2.07000000e-02  7.99622736e-01 -2.07000000e-02  1.00025377e+00 -2.07000000e-02  7.99622551e-01 -2.07000000e-02  1.00017406e+00 -2.07000000e-02  7.99622458e-01 -2.07000000e-02  1.00013417e+00 -2.07000000e-02  7.99622412e-01 -2.07000000e-02  1.00011421e+00 
-2.06000000e-02  2.17437898e+00 -2.06000000e-02  2.04457804e+00 -2.06000000e-02 -3.01200668e-03 -2.06000000e-02 -4.05333752e-04 -2.06000000e-02  7.99623103e-01 -2.06000000e-02  1.00041228e+00 -2.06000000e-02  7.99622736e-01 -2.06000000e-02  1.00025346e+00 -2.06000000e-02  7.99622551e-01 -2.06000000e-02  1.00017390e+00 -2.06000000e-02  7.99622459e-01 -2.06000000e-02  1.00013409e+00 -2.06000000e-02  7.99622412e-01 -2.06000000e-02  1.00011417e+00 
-2.05000000e-02  2.17460209e+00 -2.05000000e-02  2.04435556e+00 -2.05000000e-02 -3.01200445e-03 -2.05000000e-02 -4.05335753e-04 -2.05000000e-02  7.99623103e-01 -2.05000000e-02  1.00041166e+00 -2.05000000e-02  7.99622737e-01 -2.05000000e-02  1.00025315e+00 -2.05000000e-02  7.99622552e-01 -2.05000000e-02  1.00017375e+00 -2.05000000e-02  7.99622459e-01 -2.05000000e-02  1.00013401e+00 -2.05000000e-02  7.99622412e-01 -2.05000000e-02  1.00011413e+00 
-2.04000000e-02  2.17482523e+00 -2.04000000e-02  2.04413306e+00 -2.04000000e-02 -3.01200223e-03 -2.04000000e-02 -4.05337753e-04 -2.04000000e-02  7.99623104e-01 -2.04000000e-02  1.00041104e+00 -2.04000000e-02  7.99622737e-01 -2.04000000e-02  1.00025284e+00 -2.04000000e-02  7.99622552e-01 -2.04000000e-02  1.00017359e+00 -2.04000000e-02  7.99622459e-01 -2.04000000e-02  1.00013393e+00 -2.04000000e-02  7.99622412e-01 -2.04000000e-02  1.00011409e+00 
-2.03000000e-02  2.17504840e+00 -2.03000000e-02  2.04391053e+00 -2.03000000e-02 -3.01200001e-03 -2.03000000e-02 -4.05339752e-04 -2.03000000e-02  7.99623105e-01 -2.03000000e-02  1.00041042e+00 -2.03000000e-02  7.99622738e-01 -2.03000000e-02  1.00025253e+00 -2.03000000e-02  7.99622552e-01 -2.03000000e-02  1.00017344e+00 -2.03000000e-02  7.99622459e-01 -2.03000000e-02  1.00013385e+00 -2.03000000e-02  7.99622412e-01 -2.03000000e-02  1.00011405e+00 
-2.02000000e-02  2.17527159e+00 -2.02000000e-02  2.04368797e+00 -2.02000000e-02 -3.01199779e-03 -2.02000000e-02 -4.05341749e-04 -2.02000000e-02  7.99623106e-01 -2.02000000e-02  1.00040980e+00 -2.02000000e-02  7.99622738e-01 -2.02000000e-02  1.00025222e+00 -2.02000000e-02  7.99622552e-01 -2.02000000e-02  1.00017328e+00 -2.02000000e-02  7.99622459e-01 -2.02000000e-02  1.00013378e+00 -2.02000000e-02  7.99622412e-01 -2.02000000e-02  1.00011401e+00 
-2.01000000e-02  2.17549481e+00 -2.01000000e-02  2.04346538e+00 -2.01000000e-02 -3.01199557e-03 -2.01000000e-02 -4.05343745e-04 -2.01000000e-02  7.99623107e-01 -2.01000000e-02  1.00040918e+00 -2.01000000e-02  7.99622739e-01 -2.01000000e-02  1.00025191e+00 -2.01000000e-02  7.99622553e-01 -2.01000000e-02  1.00017313e+00 -2.01000000e-02  7.99622459e-01 -2.01000000e-02  1.00013370e+00 -2.01000000e-02  7.99622412e-01 -2.01000000e-02  1.00011398e+00 
-2.00000000e-02  2.17571805e+00 -2.00000000e-02  2.04324277e+00 -2.00000000e-02 -3.01199335e-03 -2.00000000e-02 -4.05345740e-04 -2.00000000e-02  7.99623108e-01 -2.00000000e-02  1.00040856e+00 -2.00000000e-02  7.99622739e-01 -2.00000000e-02  1.00025160e+00 -2.00000000e-02  7.99622553e-01 -2.00000000e-02  1.00017297e+00 -2.00000000e-02  7.99622459e-01 -2.00000000e-02  1.00013362e+00 -2.00000000e-02  7.99622412e-01 -2.00000000e-02  1.00011394e+00 
-1.99000000e-02  2.17594133e+00 -1.99000000e-02  2.04302013e+00 -1.99000000e-02 -3.01199114e-03 -1.99000000e-02 -4.05347733e-04 -1.99000000e-02  7.99623109e-01 -1.99000000e-02  1.00040794e+00 -1.99000000e-02  7.99622739e-01 -1.99000000e-02  1.00025129e+00 -1.99000000e-02  7.99622553e-01 -1.99000000e-02  1.00017282e+00 -1.99000000e-02  7.99622459e-01 -1.99000000e-02  1.00013354e+00 -1.99000000e-02  7.99622412e-01 -1.99000000e-02  1.00011390e+00 
-1.98000000e-02  2.17616462e+00 -1.98000000e-02  2.04279746e+00 -1.98000000e-02 -3.01198892e-03 -1.98000000e-02 -4.05349725e-04 -1.98000000e-02  7.99623109e-01 -1.98000000e-02  1.00040732e+00 -1.98000000e-02  7.99622740e-01 -1.98000000e-02  1.00025098e+00 -1.98000000e-02  7.99622553e-01 -1.98000000e-02  1.00017266e+00 -1.98000000e-02  7.99622459e-01 -1.98000000e-02  1.00013347e+00 -1.98000000e-02  7.99622412e-01 -1.98000000e-02  1.00011386e+00 
-1.97000000e-02  2.17638795e+00 -1.97000000e-02  2.04257477e+00 -1.97000000e-02 -3.01198671e-03 -1.97000000e-02 -4.05351716e-04 -1.97000000e-02  7.99623110e-01 -1.97000000e-02  1.00040670e+00 -1.97000000e-02  7.99622740e-01 -1.97000000e-02  1.00025067e+00 -1.97000000e-02  7.99622553e-01 -1.97000000e-02  1.00017251e+00 -1.97000000e-02  7.99622460e-01 -1.97000000e-02  1.00013339e+00 -1.97000000e-02  7.99622412e-01 -1.97000000e-02  1.00011382e+00 
-1.96000000e-02  2.17661130e+00 -1.96000000e-02  2.04235205e+00 -1.96000000e-02 -3.01198451e-03 -1.96000000e-02 -4.05353706e-04 -1.96000000e-02  7.99623111e-01 -1.96000000e-02  1.00040609e+00 -1.96000000e-02  7.99622741e-01 -1.96000000e-02  1.00025036e+00 -1.96000000e-02  7.99622554e-01 -1.96000000e-02  1.00017235e+00 -1.96000000e-02  7.99622460e-01 -1.96000000e-02  1.00013331e+00 -1.96000000e-02  7.99622413e-01 -1.96000000e-02  1.00011378e+00 
-1.95000000e-02  2.17683467e+00 -1.95000000e-02  2.04212930e+00 -1.95000000e-02 -3.01198230e-03 -1.95000000e-02 -4.05355694e-04 -1.95000000e-02  7.99623112e-01 -1.95000000e-02  1.00040547e+00 -1.95000000e-02  7.99622741e-01 -1.95000000e-02  1.00025005e+00 -1.95000000e-02  7.99622554e-01 -1.95000000e-02  1.00017220e+00 -1.95000000e-02  7.99622460e-01 -1.95000000e-02  1.00013323e+00 -1.95000000e-02  7.99622413e-01 -1.95000000e-02  1.00011374e+00 
-1.94000000e-02  2.17705807e+00 -1.94000000e-02  2.04190653e+00 -1.94000000e-02 -3.01198010e-03 -1.94000000e-02 -4.05357681e-04 -1.94000000e-02  7.99623113e-01 -1.94000000e-02  1.00040485e+00 -1.94000000e-02  7.99622741e-01 -1.94000000e-02  1.00024974e+00 -1.94000000e-02  7.99622554e-01 -1.94000000e-02  1.00017204e+00 -1.94000000e-02  7.99622460e-01 -1.94000000e-02  1.00013316e+00 -1.94000000e-02  7.99622413e-01 -1.94000000e-02  1.00011370e+00 
-1.93000000e-02  2.17728150e+00 -1.93000000e-02  2.04168373e+00 -1.93000000e-02 -3.01197789e-03 -1.93000000e-02 -4.05359667e-04 -1.93000000e-02  7.99623114e-01 -1.93000000e-02  1.00040423e+00 -1.93000000e-02  7.99622742e-01 -1.93000000e-02  1.00024943e+00 -1.93000000e-02  7.99622554e-01 -1.93000000e-02  1.00017189e+00 -1.93000000e-02  7.99622460e-01 -1.93000000e-02  1.00013308e+00 -1.93000000e-02  7.99622413e-01 -1.93000000e-02  1.00011367e+00 
-1.92000000e-02  2.17750495e+00 -1.92000000e-02  2.04146091e+00 -1.92000000e-02 -3.01197569e-03 -1.92000000e-02 -4.05361651e-04 -1.92000000e-02  7.99623114e-01 -1.92000000e-02  1.00040362e+00 -1.92000000e-02  7.99622742e-01 -1.92000000e-02  1.00024912e+00 -1.92000000e-02  7.99622554e-01 -1.92000000e-02  1.00017173e+00 -1.92000000e-02  7.99622460e-01 -1.92000000e-02  1.00013300e+00 -1.92000000e-02  7.99622413e-01 -1.92000000e-02  1.00011363e+00 
-1.91000000e-02  2.17772843e+00 -1.91000000e-02  2.04123806e+00 -1.91000000e-02 -3.01197350e-03 -1.91000000e-02 -4.05363634e-04 -1.91000000e-02  7.99623115e-01 -1.91000000e-02  1.00040300e+00 -1.91000000e-02  7.99622743e-01 -1.91000000e-02  1.00024882e+00 -1.91000000e-02  7.99622555e-01 -1.91000000e-02  1.00017158e+00 -1.91000000e-02  7.99622460e-01 -1.91000000e-02  1.00013292e+00 -1.91000000e-02  7.99622413e-01 -1.91000000e-02  1.00011359e+00 
-1.90000000e-02  2.17795193e+00 -1.90000000e-02  2.04101518e+00 -1.90000000e-02 -3.01197130e-03 -1.90000000e-02 -4.05365616e-04 -1.90000000e-02  7.99623116e-01 -1.90000000e-02  1.00040239e+00 -1.90000000e-02  7.99622743e-01 -1.90000000e-02  1.00024851e+00 -1.90000000e-02  7.99622555e-01 -1.90000000e-02  1.00017142e+00 -1.90000000e-02  7.99622460e-01 -1.90000000e-02  1.00013285e+00 -1.90000000e-02  7.99622413e-01 -1.90000000e-02  1.00011355e+00 
-1.89000000e-02  2.17817546e+00 -1.89000000e-02  2.04079228e+00 -1.89000000e-02 -3.01196911e-03 -1.89000000e-02 -4.05367596e-04 -1.89000000e-02  7.99623117e-01 -1.89000000e-02  1.00040177e+00 -1.89000000e-02  7.99622744e-01 -1.89000000e-02  1.00024820e+00 -1.89000000e-02  7.99622555e-01 -1.89000000e-02  1.00017127e+00 -1.89000000e-02  7.99622460e-01 -1.89000000e-02  1.00013277e+00 -1.89000000e-02  7.99622413e-01 -1.89000000e-02  1.00011351e+00 
-1.88000000e-02  2.17839901e+00 -1.88000000e-02  2.04056935e+00 -1.88000000e-02 -3.01196691e-03 -1.88000000e-02 -4.05369575e-04 -1.88000000e-02  7.99623118e-01 -1.88000000e-02  1.00040116e+00 -1.88000000e-02  7.99622744e-01 -1.88000000e-02  1.00024789e+00 -1.88000000e-02  7.99622555e-01 -1.88000000e-02  1.00017112e+00 -1.88000000e-02  7.99622461e-01 -1.88000000e-02  1.00013269e+00 -1.88000000e-02  7.99622413e-01 -1.88000000e-02  1.00011347e+00 
-1.87000000e-02  2.17862259e+00 -1.87000000e-02  2.04034640e+00 -1.87000000e-02 -3.01196472e-03 -1.87000000e-02 -4.05371553e-04 -1.87000000e-02  7.99623119e-01 -1.87000000e-02  1.00040054e+00 -1.87000000e-02  7.99622744e-01 -1.87000000e-02  1.00024758e+00 -1.87000000e-02  7.99622556e-01 -1.87000000e-02  1.00017096e+00 -1.87000000e-02  7.99622461e-01 -1.87000000e-02  1.00013262e+00 -1.87000000e-02  7.99622413e-01 -1.87000000e-02  1.00011343e+00 
-1.86000000e-02  2.17884619e+00 -1.86000000e-02  2.04012343e+00 -1.86000000e-02 -3.01196253e-03 -1.86000000e-02 -4.05373530e-04 -1.86000000e-02  7.99623120e-01 -1.86000000e-02  1.00039993e+00 -1.86000000e-02  7.99622745e-01 -1.86000000e-02  1.00024728e+00 -1.86000000e-02  7.99622556e-01 -1.86000000e-02  1.00017081e+00 -1.86000000e-02  7.99622461e-01 -1.86000000e-02  1.00013254e+00 -1.86000000e-02  7.99622413e-01 -1.86000000e-02  1.00011340e+00 
-1.85000000e-02  2.17906981e+00 -1.85000000e-02  2.03990042e+00 -1.85000000e-02 -3.01196035e-03 -1.85000000e-02 -4.05375505e-04 -1.85000000e-02  7.99623120e-01 -1.85000000e-02  1.00039932e+00 -1.85000000e-02  7.99622745e-01 -1.85000000e-02  1.00024697e+00 -1.85000000e-02  7.99622556e-01 -1.85000000e-02  1.00017065e+00 -1.85000000e-02  7.99622461e-01 -1.85000000e-02  1.00013246e+00 -1.85000000e-02  7.99622413e-01 -1.85000000e-02  1.00011336e+00 
-1.84000000e-02  2.17929346e+00 -1.84000000e-02  2.03967740e+00 -1.84000000e-02 -3.01195816e-03 -1.84000000e-02 -4.05377479e-04 -1.84000000e-02  7.99623121e-01 -1.84000000e-02  1.00039870e+00 -1.84000000e-02  7.99622746e-01 -1.84000000e-02  1.00024666e+00 -1.84000000e-02  7.99622556e-01 -1.84000000e-02  1.00017050e+00 -1.84000000e-02  7.99622461e-01 -1.84000000e-02  1.00013239e+00 -1.84000000e-02  7.99622413e-01 -1.84000000e-02  1.00011332e+00 
-1.83000000e-02  2.17951714e+00 -1.83000000e-02  2.03945434e+00 -1.83000000e-02 -3.01195598e-03 -1.83000000e-02 -4.05379452e-04 -1.83000000e-02  7.99623122e-01 -1.83000000e-02  1.00039809e+00 -1.83000000e-02  7.99622746e-01 -1.83000000e-02  1.00024635e+00 -1.83000000e-02  7.99622556e-01 -1.83000000e-02  1.00017035e+00 -1.83000000e-02  7.99622461e-01 -1.83000000e-02  1.00013231e+00 -1.83000000e-02  7.99622413e-01 -1.83000000e-02  1.00011328e+00 
-1.82000000e-02  2.17974083e+00 -1.82000000e-02  2.03923127e+00 -1.82000000e-02 -3.01195380e-03 -1.82000000e-02 -4.05381423e-04 -1.82000000e-02  7.99623123e-01 -1.82000000e-02  1.00039748e+00 -1.82000000e-02  7.99622747e-01 -1.82000000e-02  1.00024605e+00 -1.82000000e-02  7.99622557e-01 -1.82000000e-02  1.00017019e+00 -1.82000000e-02  7.99622461e-01 -1.82000000e-02  1.00013223e+00 -1.82000000e-02  7.99622413e-01 -1.82000000e-02  1.00011324e+00 
-1.81000000e-02  2.17996455e+00 -1.81000000e-02  2.03900817e+00 -1.81000000e-02 -3.01195162e-03 -1.81000000e-02 -4.05383393e-04 -1.81000000e-02  7.99623124e-01 -1.81000000e-02  1.00039686e+00 -1.81000000e-02  7.99622747e-01 -1.81000000e-02  1.00024574e+00 -1.81000000e-02  7.99622557e-01 -1.81000000e-02  1.00017004e+00 -1.81000000e-02  7.99622461e-01 -1.81000000e-02  1.00013216e+00 -1.81000000e-02  7.99622413e-01 -1.81000000e-02  1.00011320e+00 
-1.80000000e-02  2.18018830e+00 -1.80000000e-02  2.03878504e+00 -1.80000000e-02 -3.01194945e-03 -1.80000000e-02 -4.05385362e-04 -1.80000000e-02  7.99623125e-01 -1.80000000e-02  1.00039625e+00 -1.80000000e-02  7.99622747e-01 -1.80000000e-02  1.00024544e+00 -1.80000000e-02  7.99622557e-01 -1.80000000e-02  1.00016989e+00 -1.80000000e-02  7.99622461e-01 -1.80000000e-02  1.00013208e+00 -1.80000000e-02  7.99622413e-01 -1.80000000e-02  1.00011317e+00 
-1.79000000e-02  2.18041207e+00 -1.79000000e-02  2.03856189e+00 -1.79000000e-02 -3.01194727e-03 -1.79000000e-02 -4.05387330e-04 -1.79000000e-02  7.99623126e-01 -1.79000000e-02  1.00039564e+00 -1.79000000e-02  7.99622748e-01 -1.79000000e-02  1.00024513e+00 -1.79000000e-02  7.99622557e-01 -1.79000000e-02  1.00016973e+00 -1.79000000e-02  7.99622462e-01 -1.79000000e-02  1.00013200e+00 -1.79000000e-02  7.99622414e-01 -1.79000000e-02  1.00011313e+00 
-1.78000000e-02  2.18063586e+00 -1.78000000e-02  2.03833872e+00 -1.78000000e-02 -3.01194510e-03 -1.78000000e-02 -4.05389296e-04 -1.78000000e-02  7.99623126e-01 -1.78000000e-02  1.00039503e+00 -1.78000000e-02  7.99622748e-01 -1.78000000e-02  1.00024482e+00 -1.78000000e-02  7.99622558e-01 -1.78000000e-02  1.00016958e+00 -1.78000000e-02  7.99622462e-01 -1.78000000e-02  1.00013193e+00 -1.78000000e-02  7.99622414e-01 -1.78000000e-02  1.00011309e+00 
-1.77000000e-02  2.18085967e+00 -1.77000000e-02  2.03811552e+00 -1.77000000e-02 -3.01194293e-03 -1.77000000e-02 -4.05391261e-04 -1.77000000e-02  7.99623127e-01 -1.77000000e-02  1.00039442e+00 -1.77000000e-02  7.99622749e-01 -1.77000000e-02  1.00024452e+00 -1.77000000e-02  7.99622558e-01 -1.77000000e-02  1.00016943e+00 -1.77000000e-02  7.99622462e-01 -1.77000000e-02  1.00013185e+00 -1.77000000e-02  7.99622414e-01 -1.77000000e-02  1.00011305e+00 
-1.76000000e-02  2.18108351e+00 -1.76000000e-02  2.03789230e+00 -1.76000000e-02 -3.01194076e-03 -1.76000000e-02 -4.05393224e-04 -1.76000000e-02  7.99623128e-01 -1.76000000e-02  1.00039381e+00 -1.76000000e-02  7.99622749e-01 -1.76000000e-02  1.00024421e+00 -1.76000000e-02  7.99622558e-01 -1.76000000e-02  1.00016928e+00 -1.76000000e-02  7.99622462e-01 -1.76000000e-02  1.00013177e+00 -1.76000000e-02  7.99622414e-01 -1.76000000e-02  1.00011301e+00 
-1.75000000e-02  2.18130737e+00 -1.75000000e-02  2.03766906e+00 -1.75000000e-02 -3.01193859e-03 -1.75000000e-02 -4.05395187e-04 -1.75000000e-02  7.99623129e-01 -1.75000000e-02  1.00039320e+00 -1.75000000e-02  7.99622750e-01 -1.75000000e-02  1.00024391e+00 -1.75000000e-02  7.99622558e-01 -1.75000000e-02  1.00016912e+00 -1.75000000e-02  7.99622462e-01 -1.75000000e-02  1.00013170e+00 -1.75000000e-02  7.99622414e-01 -1.75000000e-02  1.00011297e+00 
-1.74000000e-02  2.18153126e+00 -1.74000000e-02  2.03744579e+00 -1.74000000e-02 -3.01193643e-03 -1.74000000e-02 -4.05397148e-04 -1.74000000e-02  7.99623130e-01 -1.74000000e-02  1.00039259e+00 -1.74000000e-02  7.99622750e-01 -1.74000000e-02  1.00024360e+00 -1.74000000e-02  7.99622558e-01 -1.74000000e-02  1.00016897e+00 -1.74000000e-02  7.99622462e-01 -1.74000000e-02  1.00013162e+00 -1.74000000e-02  7.99622414e-01 -1.74000000e-02  1.00011294e+00 
-1.73000000e-02  2.18175517e+00 -1.73000000e-02  2.03722250e+00 -1.73000000e-02 -3.01193427e-03 -1.73000000e-02 -4.05399107e-04 -1.73000000e-02  7.99623131e-01 -1.73000000e-02  1.00039198e+00 -1.73000000e-02  7.99622751e-01 -1.73000000e-02  1.00024330e+00 -1.73000000e-02  7.99622559e-01 -1.73000000e-02  1.00016882e+00 -1.73000000e-02  7.99622462e-01 -1.73000000e-02  1.00013154e+00 -1.73000000e-02  7.99622414e-01 -1.73000000e-02  1.00011290e+00 
-1.72000000e-02  2.18197910e+00 -1.72000000e-02  2.03699918e+00 -1.72000000e-02 -3.01193211e-03 -1.72000000e-02 -4.05401066e-04 -1.72000000e-02  7.99623132e-01 -1.72000000e-02  1.00039138e+00 -1.72000000e-02  7.99622751e-01 -1.72000000e-02  1.00024299e+00 -1.72000000e-02  7.99622559e-01 -1.72000000e-02  1.00016866e+00 -1.72000000e-02  7.99622462e-01 -1.72000000e-02  1.00013147e+00 -1.72000000e-02  7.99622414e-01 -1.72000000e-02  1.00011286e+00 
-1.71000000e-02  2.18220305e+00 -1.71000000e-02  2.03677584e+00 -1.71000000e-02 -3.01192995e-03 -1.71000000e-02 -4.05403023e-04 -1.71000000e-02  7.99623132e-01 -1.71000000e-02  1.00039077e+00 -1.71000000e-02  7.99622751e-01 -1.71000000e-02  1.00024269e+00 -1.71000000e-02  7.99622559e-01 -1.71000000e-02  1.00016851e+00 -1.71000000e-02  7.99622462e-01 -1.71000000e-02  1.00013139e+00 -1.71000000e-02  7.99622414e-01 -1.71000000e-02  1.00011282e+00 
-1.70000000e-02  2.18242702e+00 -1.70000000e-02  2.03655248e+00 -1.70000000e-02 -3.01192779e-03 -1.70000000e-02 -4.05404978e-04 -1.70000000e-02  7.99623133e-01 -1.70000000e-02  1.00039016e+00 -1.70000000e-02  7.99622752e-01 -1.70000000e-02  1.00024238e+00 -1.70000000e-02  7.99622559e-01 -1.70000000e-02  1.00016836e+00 -1.70000000e-02  7.99622463e-01 -1.70000000e-02  1.00013131e+00 -1.70000000e-02  7.99622414e-01 -1.70000000e-02  1.00011278e+00 
-1.69000000e-02  2.18265102e+00 -1.69000000e-02  2.03632910e+00 -1.69000000e-02 -3.01192564e-03 -1.69000000e-02 -4.05406933e-04 -1.69000000e-02  7.99623134e-01 -1.69000000e-02  1.00038955e+00 -1.69000000e-02  7.99622752e-01 -1.69000000e-02  1.00024208e+00 -1.69000000e-02  7.99622559e-01 -1.69000000e-02  1.00016821e+00 -1.69000000e-02  7.99622463e-01 -1.69000000e-02  1.00013124e+00 -1.69000000e-02  7.99622414e-01 -1.69000000e-02  1.00011275e+00 
-1.68000000e-02  2.18287504e+00 -1.68000000e-02  2.03610569e+00 -1.68000000e-02 -3.01192348e-03 -1.68000000e-02 -4.05408886e-04 -1.68000000e-02  7.99623135e-01 -1.68000000e-02  1.00038895e+00 -1.68000000e-02  7.99622753e-01 -1.68000000e-02  1.00024178e+00 -1.68000000e-02  7.99622560e-01 -1.68000000e-02  1.00016806e+00 -1.68000000e-02  7.99622463e-01 -1.68000000e-02  1.00013116e+00 -1.68000000e-02  7.99622414e-01 -1.68000000e-02  1.00011271e+00 
-1.67000000e-02  2.18309908e+00 -1.67000000e-02  2.03588226e+00 -1.67000000e-02 -3.01192133e-03 -1.67000000e-02 -4.05410838e-04 -1.67000000e-02  7.99623136e-01 -1.67000000e-02  1.00038834e+00 -1.67000000e-02  7.99622753e-01 -1.67000000e-02  1.00024147e+00 -1.67000000e-02  7.99622560e-01 -1.67000000e-02  1.00016790e+00 -1.67000000e-02  7.99622463e-01 -1.67000000e-02  1.00013109e+00 -1.67000000e-02  7.99622414e-01 -1.67000000e-02  1.00011267e+00 
-1.66000000e-02  2.18332314e+00 -1.66000000e-02  2.03565881e+00 -1.66000000e-02 -3.01191918e-03 -1.66000000e-02 -4.05412788e-04 -1.66000000e-02  7.99623137e-01 -1.66000000e-02  1.00038773e+00 -1.66000000e-02  7.99622754e-01 -1.66000000e-02  1.00024117e+00 -1.66000000e-02  7.99622560e-01 -1.66000000e-02  1.00016775e+00 -1.66000000e-02  7.99622463e-01 -1.66000000e-02  1.00013101e+00 -1.66000000e-02  7.99622414e-01 -1.66000000e-02  1.00011263e+00 
-1.65000000e-02  2.18354722e+00 -1.65000000e-02  2.03543534e+00 -1.65000000e-02 -3.01191704e-03 -1.65000000e-02 -4.05414737e-04 -1.65000000e-02  7.99623138e-01 -1.65000000e-02  1.00038713e+00 -1.65000000e-02  7.99622754e-01 -1.65000000e-02  1.00024087e+00 -1.65000000e-02  7.99622560e-01 -1.65000000e-02  1.00016760e+00 -1.65000000e-02  7.99622463e-01 -1.65000000e-02  1.00013093e+00 -1.65000000e-02  7.99622414e-01 -1.65000000e-02  1.00011259e+00 
-1.64000000e-02  2.18377133e+00 -1.64000000e-02  2.03521184e+00 -1.64000000e-02 -3.01191489e-03 -1.64000000e-02 -4.05416685e-04 -1.64000000e-02  7.99623139e-01 -1.64000000e-02  1.00038652e+00 -1.64000000e-02  7.99622754e-01 -1.64000000e-02  1.00024056e+00 -1.64000000e-02  7.99622561e-01 -1.64000000e-02  1.00016745e+00 -1.64000000e-02  7.99622463e-01 -1.64000000e-02  1.00013086e+00 -1.64000000e-02  7.99622414e-01 -1.64000000e-02  1.00011256e+00 
-1.63000000e-02  2.18399546e+00 -1.63000000e-02  2.03498832e+00 -1.63000000e-02 -3.01191275e-03 -1.63000000e-02 -4.05418631e-04 -1.63000000e-02  7.99623139e-01 -1.63000000e-02  1.00038592e+00 -1.63000000e-02  7.99622755e-01 -1.63000000e-02  1.00024026e+00 -1.63000000e-02  7.99622561e-01 -1.63000000e-02  1.00016730e+00 -1.63000000e-02  7.99622463e-01 -1.63000000e-02  1.00013078e+00 -1.63000000e-02  7.99622415e-01 -1.63000000e-02  1.00011252e+00 
-1.62000000e-02  2.18421961e+00 -1.62000000e-02  2.03476478e+00 -1.62000000e-02 -3.01191061e-03 -1.62000000e-02 -4.05420577e-04 -1.62000000e-02  7.99623140e-01 -1.62000000e-02  1.00038532e+00 -1.62000000e-02  7.99622755e-01 -1.62000000e-02  1.00023996e+00 -1.62000000e-02  7.99622561e-01 -1.62000000e-02  1.00016715e+00 -1.62000000e-02  7.99622463e-01 -1.62000000e-02  1.00013071e+00 -1.62000000e-02  7.99622415e-01 -1.62000000e-02  1.00011248e+00 
-1.61000000e-02  2.18444378e+00 -1.61000000e-02  2.03454122e+00 -1.61000000e-02 -3.01190847e-03 -1.61000000e-02 -4.05422520e-04 -1.61000000e-02  7.99623141e-01 -1.61000000e-02  1.00038471e+00 -1.61000000e-02  7.99622756e-01 -1.61000000e-02  1.00023966e+00 -1.61000000e-02  7.99622561e-01 -1.61000000e-02  1.00016699e+00 -1.61000000e-02  7.99622464e-01 -1.61000000e-02  1.00013063e+00 -1.61000000e-02  7.99622415e-01 -1.61000000e-02  1.00011244e+00 
-1.60000000e-02  2.18466797e+00 -1.60000000e-02  2.03431764e+00 -1.60000000e-02 -3.01190634e-03 -1.60000000e-02 -4.05424463e-04 -1.60000000e-02  7.99623142e-01 -1.60000000e-02  1.00038411e+00 -1.60000000e-02  7.99622756e-01 -1.60000000e-02  1.00023935e+00 -1.60000000e-02  7.99622561e-01 -1.60000000e-02  1.00016684e+00 -1.60000000e-02  7.99622464e-01 -1.60000000e-02  1.00013056e+00 -1.60000000e-02  7.99622415e-01 -1.60000000e-02  1.00011240e+00 
-1.59000000e-02  2.18489218e+00 -1.59000000e-02  2.03409403e+00 -1.59000000e-02 -3.01190420e-03 -1.59000000e-02 -4.05426404e-04 -1.59000000e-02  7.99623143e-01 -1.59000000e-02  1.00038351e+00 -1.59000000e-02  7.99622757e-01 -1.59000000e-02  1.00023905e+00 -1.59000000e-02  7.99622562e-01 -1.59000000e-02  1.00016669e+00 -1.59000000e-02  7.99622464e-01 -1.59000000e-02  1.00013048e+00 -1.59000000e-02  7.99622415e-01 -1.59000000e-02  1.00011237e+00 
-1.58000000e-02  2.18511641e+00 -1.58000000e-02  2.03387040e+00 -1.58000000e-02 -3.01190207e-03 -1.58000000e-02 -4.05428344e-04 -1.58000000e-02  7.99623144e-01 -1.58000000e-02  1.00038290e+00 -1.58000000e-02  7.99622757e-01 -1.58000000e-02  1.00023875e+00 -1.58000000e-02  7.99622562e-01 -1.58000000e-02  1.00016654e+00 -1.58000000e-02  7.99622464e-01 -1.58000000e-02  1.00013040e+00 -1.58000000e-02  7.99622415e-01 -1.58000000e-02  1.00011233e+00 
-1.57000000e-02  2.18534066e+00 -1.57000000e-02  2.03364676e+00 -1.57000000e-02 -3.01189994e-03 -1.57000000e-02 -4.05430283e-04 -1.57000000e-02  7.99623145e-01 -1.57000000e-02  1.00038230e+00 -1.57000000e-02  7.99622757e-01 -1.57000000e-02  1.00023845e+00 -1.57000000e-02  7.99622562e-01 -1.57000000e-02  1.00016639e+00 -1.57000000e-02  7.99622464e-01 -1.57000000e-02  1.00013033e+00 -1.57000000e-02  7.99622415e-01 -1.57000000e-02  1.00011229e+00 
-1.56000000e-02  2.18556494e+00 -1.56000000e-02  2.03342309e+00 -1.56000000e-02 -3.01189781e-03 -1.56000000e-02 -4.05432220e-04 -1.56000000e-02  7.99623145e-01 -1.56000000e-02  1.00038170e+00 -1.56000000e-02  7.99622758e-01 -1.56000000e-02  1.00023815e+00 -1.56000000e-02  7.99622562e-01 -1.56000000e-02  1.00016624e+00 -1.56000000e-02  7.99622464e-01 -1.56000000e-02  1.00013025e+00 -1.56000000e-02  7.99622415e-01 -1.56000000e-02  1.00011225e+00 
-1.55000000e-02  2.18578923e+00 -1.55000000e-02  2.03319940e+00 -1.55000000e-02 -3.01189568e-03 -1.55000000e-02 -4.05434156e-04 -1.55000000e-02  7.99623146e-01 -1.55000000e-02  1.00038110e+00 -1.55000000e-02  7.99622758e-01 -1.55000000e-02  1.00023785e+00 -1.55000000e-02  7.99622563e-01 -1.55000000e-02  1.00016609e+00 -1.55000000e-02  7.99622464e-01 -1.55000000e-02  1.00013018e+00 -1.55000000e-02  7.99622415e-01 -1.55000000e-02  1.00011221e+00 
-1.54000000e-02  2.18601354e+00 -1.54000000e-02  2.03297568e+00 -1.54000000e-02 -3.01189356e-03 -1.54000000e-02 -4.05436090e-04 -1.54000000e-02  7.99623147e-01 -1.54000000e-02  1.00038050e+00 -1.54000000e-02  7.99622759e-01 -1.54000000e-02  1.00023754e+00 -1.54000000e-02  7.99622563e-01 -1.54000000e-02  1.00016594e+00 -1.54000000e-02  7.99622464e-01 -1.54000000e-02  1.00013010e+00 -1.54000000e-02  7.99622415e-01 -1.54000000e-02  1.00011218e+00 
-1.53000000e-02  2.18623788e+00 -1.53000000e-02  2.03275195e+00 -1.53000000e-02 -3.01189144e-03 -1.53000000e-02 -4.05438024e-04 -1.53000000e-02  7.99623148e-01 -1.53000000e-02  1.00037990e+00 -1.53000000e-02  7.99622759e-01 -1.53000000e-02  1.00023724e+00 -1.53000000e-02  7.99622563e-01 -1.53000000e-02  1.00016579e+00 -1.53000000e-02  7.99622464e-01 -1.53000000e-02  1.00013003e+00 -1.53000000e-02  7.99622415e-01 -1.53000000e-02  1.00011214e+00 
-1.52000000e-02  2.18646223e+00 -1.52000000e-02  2.03252820e+00 -1.52000000e-02 -3.01188932e-03 -1.52000000e-02 -4.05439956e-04 -1.52000000e-02  7.99623149e-01 -1.52000000e-02  1.00037930e+00 -1.52000000e-02  7.99622760e-01 -1.52000000e-02  1.00023694e+00 -1.52000000e-02  7.99622563e-01 -1.52000000e-02  1.00016564e+00 -1.52000000e-02  7.99622465e-01 -1.52000000e-02  1.00012995e+00 -1.52000000e-02  7.99622415e-01 -1.52000000e-02  1.00011210e+00 
-1.51000000e-02  2.18668661e+00 -1.51000000e-02  2.03230443e+00 -1.51000000e-02 -3.01188720e-03 -1.51000000e-02 -4.05441886e-04 -1.51000000e-02  7.99623150e-01 -1.51000000e-02  1.00037870e+00 -1.51000000e-02  7.99622760e-01 -1.51000000e-02  1.00023664e+00 -1.51000000e-02  7.99622563e-01 -1.51000000e-02  1.00016549e+00 -1.51000000e-02  7.99622465e-01 -1.51000000e-02  1.00012988e+00 -1.51000000e-02  7.99622415e-01 -1.51000000e-02  1.00011206e+00 
-1.50000000e-02  2.18691100e+00 -1.50000000e-02  2.03208063e+00 -1.50000000e-02 -3.01188508e-03 -1.50000000e-02 -4.05443815e-04 -1.50000000e-02  7.99623151e-01 -1.50000000e-02  1.00037810e+00 -1.50000000e-02  7.99622761e-01 -1.50000000e-02  1.00023634e+00 -1.50000000e-02  7.99622564e-01 -1.50000000e-02  1.00016534e+00 -1.50000000e-02  7.99622465e-01 -1.50000000e-02  1.00012980e+00 -1.50000000e-02  7.99622415e-01 -1.50000000e-02  1.00011203e+00 
-1.49000000e-02  2.18713541e+00 -1.49000000e-02  2.03185682e+00 -1.49000000e-02 -3.01188297e-03 -1.49000000e-02 -4.05445743e-04 -1.49000000e-02  7.99623152e-01 -1.49000000e-02  1.00037750e+00 -1.49000000e-02  7.99622761e-01 -1.49000000e-02  1.00023604e+00 -1.49000000e-02  7.99622564e-01 -1.49000000e-02  1.00016519e+00 -1.49000000e-02  7.99622465e-01 -1.49000000e-02  1.00012973e+00 -1.49000000e-02  7.99622415e-01 -1.49000000e-02  1.00011199e+00 
-1.48000000e-02  2.18735984e+00 -1.48000000e-02  2.03163299e+00 -1.48000000e-02 -3.01188085e-03 -1.48000000e-02 -4.05447670e-04 -1.48000000e-02  7.99623152e-01 -1.48000000e-02  1.00037690e+00 -1.48000000e-02  7.99622761e-01 -1.48000000e-02  1.00023574e+00 -1.48000000e-02  7.99622564e-01 -1.48000000e-02  1.00016504e+00 -1.48000000e-02  7.99622465e-01 -1.48000000e-02  1.00012965e+00 -1.48000000e-02  7.99622415e-01 -1.48000000e-02  1.00011195e+00 
-1.47000000e-02  2.18758430e+00 -1.47000000e-02  2.03140913e+00 -1.47000000e-02 -3.01187874e-03 -1.47000000e-02 -4.05449595e-04 -1.47000000e-02  7.99623153e-01 -1.47000000e-02  1.00037630e+00 -1.47000000e-02  7.99622762e-01 -1.47000000e-02  1.00023544e+00 -1.47000000e-02  7.99622564e-01 -1.47000000e-02  1.00016489e+00 -1.47000000e-02  7.99622465e-01 -1.47000000e-02  1.00012958e+00 -1.47000000e-02  7.99622415e-01 -1.47000000e-02  1.00011191e+00 
-1.46000000e-02  2.18780877e+00 -1.46000000e-02  2.03118526e+00 -1.46000000e-02 -3.01187664e-03 -1.46000000e-02 -4.05451519e-04 -1.46000000e-02  7.99623154e-01 -1.46000000e-02  1.00037570e+00 -1.46000000e-02  7.99622762e-01 -1.46000000e-02  1.00023514e+00 -1.46000000e-02  7.99622565e-01 -1.46000000e-02  1.00016474e+00 -1.46000000e-02  7.99622465e-01 -1.46000000e-02  1.00012950e+00 -1.46000000e-02  7.99622416e-01 -1.46000000e-02  1.00011188e+00 
-1.45000000e-02  2.18803326e+00 -1.45000000e-02  2.03096137e+00 -1.45000000e-02 -3.01187453e-03 -1.45000000e-02 -4.05453442e-04 -1.45000000e-02  7.99623155e-01 -1.45000000e-02  1.00037511e+00 -1.45000000e-02  7.99622763e-01 -1.45000000e-02  1.00023485e+00 -1.45000000e-02  7.99622565e-01 -1.45000000e-02  1.00016459e+00 -1.45000000e-02  7.99622465e-01 -1.45000000e-02  1.00012943e+00 -1.45000000e-02  7.99622416e-01 -1.45000000e-02  1.00011184e+00 
-1.44000000e-02  2.18825777e+00 -1.44000000e-02  2.03073746e+00 -1.44000000e-02 -3.01187242e-03 -1.44000000e-02 -4.05455363e-04 -1.44000000e-02  7.99623156e-01 -1.44000000e-02  1.00037451e+00 -1.44000000e-02  7.99622763e-01 -1.44000000e-02  1.00023455e+00 -1.44000000e-02  7.99622565e-01 -1.44000000e-02  1.00016444e+00 -1.44000000e-02  7.99622466e-01 -1.44000000e-02  1.00012935e+00 -1.44000000e-02  7.99622416e-01 -1.44000000e-02  1.00011180e+00 
-1.43000000e-02  2.18848229e+00 -1.43000000e-02  2.03051352e+00 -1.43000000e-02 -3.01187032e-03 -1.43000000e-02 -4.05457283e-04 -1.43000000e-02  7.99623157e-01 -1.43000000e-02  1.00037391e+00 -1.43000000e-02  7.99622764e-01 -1.43000000e-02  1.00023425e+00 -1.43000000e-02  7.99622565e-01 -1.43000000e-02  1.00016429e+00 -1.43000000e-02  7.99622466e-01 -1.43000000e-02  1.00012928e+00 -1.43000000e-02  7.99622416e-01 -1.43000000e-02  1.00011176e+00 
-1.42000000e-02  2.18870684e+00 -1.42000000e-02  2.03028957e+00 -1.42000000e-02 -3.01186822e-03 -1.42000000e-02 -4.05459202e-04 -1.42000000e-02  7.99623158e-01 -1.42000000e-02  1.00037332e+00 -1.42000000e-02  7.99622764e-01 -1.42000000e-02  1.00023395e+00 -1.42000000e-02  7.99622565e-01 -1.42000000e-02  1.00016414e+00 -1.42000000e-02  7.99622466e-01 -1.42000000e-02  1.00012920e+00 -1.42000000e-02  7.99622416e-01 -1.42000000e-02  1.00011173e+00 
-1.41000000e-02  2.18893140e+00 -1.41000000e-02  2.03006560e+00 -1.41000000e-02 -3.01186612e-03 -1.41000000e-02 -4.05461119e-04 -1.41000000e-02  7.99623159e-01 -1.41000000e-02  1.00037272e+00 -1.41000000e-02  7.99622764e-01 -1.41000000e-02  1.00023365e+00 -1.41000000e-02  7.99622566e-01 -1.41000000e-02  1.00016399e+00 -1.41000000e-02  7.99622466e-01 -1.41000000e-02  1.00012913e+00 -1.41000000e-02  7.99622416e-01 -1.41000000e-02  1.00011169e+00 
-1.40000000e-02  2.18915599e+00 -1.40000000e-02  2.02984161e+00 -1.40000000e-02 -3.01186403e-03 -1.40000000e-02 -4.05463035e-04 -1.40000000e-02  7.99623159e-01 -1.40000000e-02  1.00037213e+00 -1.40000000e-02  7.99622765e-01 -1.40000000e-02  1.00023335e+00 -1.40000000e-02  7.99622566e-01 -1.40000000e-02  1.00016384e+00 -1.40000000e-02  7.99622466e-01 -1.40000000e-02  1.00012905e+00 -1.40000000e-02  7.99622416e-01 -1.40000000e-02  1.00011165e+00 
-1.39000000e-02  2.18938059e+00 -1.39000000e-02  2.02961761e+00 -1.39000000e-02 -3.01186193e-03 -1.39000000e-02 -4.05464949e-04 -1.39000000e-02  7.99623160e-01 -1.39000000e-02  1.00037153e+00 -1.39000000e-02  7.99622765e-01 -1.39000000e-02  1.00023306e+00 -1.39000000e-02  7.99622566e-01 -1.39000000e-02  1.00016369e+00 -1.39000000e-02  7.99622466e-01 -1.39000000e-02  1.00012898e+00 -1.39000000e-02  7.99622416e-01 -1.39000000e-02  1.00011162e+00 
-1.38000000e-02  2.18960521e+00 -1.38000000e-02  2.02939358e+00 -1.38000000e-02 -3.01185984e-03 -1.38000000e-02 -4.05466863e-04 -1.38000000e-02  7.99623161e-01 -1.38000000e-02  1.00037094e+00 -1.38000000e-02  7.99622766e-01 -1.38000000e-02  1.00023276e+00 -1.38000000e-02  7.99622566e-01 -1.38000000e-02  1.00016354e+00 -1.38000000e-02  7.99622466e-01 -1.38000000e-02  1.00012890e+00 -1.38000000e-02  7.99622416e-01 -1.38000000e-02  1.00011158e+00 
-1.37000000e-02  2.18982984e+00 -1.37000000e-02  2.02916953e+00 -1.37000000e-02 -3.01185775e-03 -1.37000000e-02 -4.05468775e-04 -1.37000000e-02  7.99623162e-01 -1.37000000e-02  1.00037034e+00 -1.37000000e-02  7.99622766e-01 -1.37000000e-02  1.00023246e+00 -1.37000000e-02  7.99622567e-01 -1.37000000e-02  1.00016339e+00 -1.37000000e-02  7.99622466e-01 -1.37000000e-02  1.00012883e+00 -1.37000000e-02  7.99622416e-01 -1.37000000e-02  1.00011154e+00 
-1.36000000e-02  2.19005450e+00 -1.36000000e-02  2.02894547e+00 -1.36000000e-02 -3.01185566e-03 -1.36000000e-02 -4.05470685e-04 -1.36000000e-02  7.99623163e-01 -1.36000000e-02  1.00036975e+00 -1.36000000e-02  7.99622767e-01 -1.36000000e-02  1.00023216e+00 -1.36000000e-02  7.99622567e-01 -1.36000000e-02  1.00016325e+00 -1.36000000e-02  7.99622466e-01 -1.36000000e-02  1.00012876e+00 -1.36000000e-02  7.99622416e-01 -1.36000000e-02  1.00011150e+00 
-1.35000000e-02  2.19027917e+00 -1.35000000e-02  2.02872139e+00 -1.35000000e-02 -3.01185358e-03 -1.35000000e-02 -4.05472594e-04 -1.35000000e-02  7.99623164e-01 -1.35000000e-02  1.00036916e+00 -1.35000000e-02  7.99622767e-01 -1.35000000e-02  1.00023187e+00 -1.35000000e-02  7.99622567e-01 -1.35000000e-02  1.00016310e+00 -1.35000000e-02  7.99622467e-01 -1.35000000e-02  1.00012868e+00 -1.35000000e-02  7.99622416e-01 -1.35000000e-02  1.00011147e+00 
-1.34000000e-02  2.19050386e+00 -1.34000000e-02  2.02849729e+00 -1.34000000e-02 -3.01185149e-03 -1.34000000e-02 -4.05474502e-04 -1.34000000e-02  7.99623165e-01 -1.34000000e-02  1.00036856e+00 -1.34000000e-02  7.99622768e-01 -1.34000000e-02  1.00023157e+00 -1.34000000e-02  7.99622567e-01 -1.34000000e-02  1.00016295e+00 -1.34000000e-02  7.99622467e-01 -1.34000000e-02  1.00012861e+00 -1.34000000e-02  7.99622416e-01 -1.34000000e-02  1.00011143e+00 
-1.33000000e-02  2.19072857e+00 -1.33000000e-02  2.02827317e+00 -1.33000000e-02 -3.01184941e-03 -1.33000000e-02 -4.05476409e-04 -1.33000000e-02  7.99623166e-01 -1.33000000e-02  1.00036797e+00 -1.33000000e-02  7.99622768e-01 -1.33000000e-02  1.00023127e+00 -1.33000000e-02  7.99622567e-01 -1.33000000e-02  1.00016280e+00 -1.33000000e-02  7.99622467e-01 -1.33000000e-02  1.00012853e+00 -1.33000000e-02  7.99622416e-01 -1.33000000e-02  1.00011139e+00 
-1.32000000e-02  2.19095330e+00 -1.32000000e-02  2.02804903e+00 -1.32000000e-02 -3.01184733e-03 -1.32000000e-02 -4.05478314e-04 -1.32000000e-02  7.99623167e-01 -1.32000000e-02  1.00036738e+00 -1.32000000e-02  7.99622768e-01 -1.32000000e-02  1.00023098e+00 -1.32000000e-02  7.99622568e-01 -1.32000000e-02  1.00016265e+00 -1.32000000e-02  7.99622467e-01 -1.32000000e-02  1.00012846e+00 -1.32000000e-02  7.99622416e-01 -1.32000000e-02  1.00011136e+00 
-1.31000000e-02  2.19117804e+00 -1.31000000e-02  2.02782488e+00 -1.31000000e-02 -3.01184525e-03 -1.31000000e-02 -4.05480218e-04 -1.31000000e-02  7.99623167e-01 -1.31000000e-02  1.00036679e+00 -1.31000000e-02  7.99622769e-01 -1.31000000e-02  1.00023068e+00 -1.31000000e-02  7.99622568e-01 -1.31000000e-02  1.00016250e+00 -1.31000000e-02  7.99622467e-01 -1.31000000e-02  1.00012838e+00 -1.31000000e-02  7.99622416e-01 -1.31000000e-02  1.00011132e+00 
-1.30000000e-02  2.19140280e+00 -1.30000000e-02  2.02760071e+00 -1.30000000e-02 -3.01184317e-03 -1.30000000e-02 -4.05482120e-04 -1.30000000e-02  7.99623168e-01 -1.30000000e-02  1.00036620e+00 -1.30000000e-02  7.99622769e-01 -1.30000000e-02  1.00023038e+00 -1.30000000e-02  7.99622568e-01 -1.30000000e-02  1.00016236e+00 -1.30000000e-02  7.99622467e-01 -1.30000000e-02  1.00012831e+00 -1.30000000e-02  7.99622417e-01 -1.30000000e-02  1.00011128e+00 
-1.29000000e-02  2.19162757e+00 -1.29000000e-02  2.02737652e+00 -1.29000000e-02 -3.01184110e-03 -1.29000000e-02 -4.05484021e-04 -1.29000000e-02  7.99623169e-01 -1.29000000e-02  1.00036561e+00 -1.29000000e-02  7.99622770e-01 -1.29000000e-02  1.00023009e+00 -1.29000000e-02  7.99622568e-01 -1.29000000e-02  1.00016221e+00 -1.29000000e-02  7.99622467e-01 -1.29000000e-02  1.00012824e+00 -1.29000000e-02  7.99622417e-01 -1.29000000e-02  1.00011124e+00 
-1.28000000e-02  2.19185237e+00 -1.28000000e-02  2.02715231e+00 -1.28000000e-02 -3.01183903e-03 -1.28000000e-02 -4.05485921e-04 -1.28000000e-02  7.99623170e-01 -1.28000000e-02  1.00036502e+00 -1.28000000e-02  7.99622770e-01 -1.28000000e-02  1.00022979e+00 -1.28000000e-02  7.99622569e-01 -1.28000000e-02  1.00016206e+00 -1.28000000e-02  7.99622467e-01 -1.28000000e-02  1.00012816e+00 -1.28000000e-02  7.99622417e-01 -1.28000000e-02  1.00011121e+00 
-1.27000000e-02  2.19207718e+00 -1.27000000e-02  2.02692808e+00 -1.27000000e-02 -3.01183696e-03 -1.27000000e-02 -4.05487820e-04 -1.27000000e-02  7.99623171e-01 -1.27000000e-02  1.00036443e+00 -1.27000000e-02  7.99622771e-01 -1.27000000e-02  1.00022950e+00 -1.27000000e-02  7.99622569e-01 -1.27000000e-02  1.00016191e+00 -1.27000000e-02  7.99622467e-01 -1.27000000e-02  1.00012809e+00 -1.27000000e-02  7.99622417e-01 -1.27000000e-02  1.00011117e+00 
-1.26000000e-02  2.19230200e+00 -1.26000000e-02  2.02670384e+00 -1.26000000e-02 -3.01183489e-03 -1.26000000e-02 -4.05489717e-04 -1.26000000e-02  7.99623172e-01 -1.26000000e-02  1.00036384e+00 -1.26000000e-02  7.99622771e-01 -1.26000000e-02  1.00022920e+00 -1.26000000e-02  7.99622569e-01 -1.26000000e-02  1.00016176e+00 -1.26000000e-02  7.99622468e-01 -1.26000000e-02  1.00012801e+00 -1.26000000e-02  7.99622417e-01 -1.26000000e-02  1.00011113e+00 
-1.25000000e-02  2.19252684e+00 -1.25000000e-02  2.02647958e+00 -1.25000000e-02 -3.01183282e-03 -1.25000000e-02 -4.05491613e-04 -1.25000000e-02  7.99623173e-01 -1.25000000e-02  1.00036325e+00 -1.25000000e-02  7.99622772e-01 -1.25000000e-02  1.00022891e+00 -1.25000000e-02  7.99622569e-01 -1.25000000e-02  1.00016162e+00 -1.25000000e-02  7.99622468e-01 -1.25000000e-02  1.00012794e+00 -1.25000000e-02  7.99622417e-01 -1.25000000e-02  1.00011110e+00 
-1.24000000e-02  2.19275170e+00 -1.24000000e-02  2.02625531e+00 -1.24000000e-02 -3.01183076e-03 -1.24000000e-02 -4.05493507e-04 -1.24000000e-02  7.99623174e-01 -1.24000000e-02  1.00036266e+00 -1.24000000e-02  7.99622772e-01 -1.24000000e-02  1.00022861e+00 -1.24000000e-02  7.99622570e-01 -1.24000000e-02  1.00016147e+00 -1.24000000e-02  7.99622468e-01 -1.24000000e-02  1.00012787e+00 -1.24000000e-02  7.99622417e-01 -1.24000000e-02  1.00011106e+00 
-1.23000000e-02  2.19297658e+00 -1.23000000e-02  2.02603102e+00 -1.23000000e-02 -3.01182870e-03 -1.23000000e-02 -4.05495400e-04 -1.23000000e-02  7.99623175e-01 -1.23000000e-02  1.00036207e+00 -1.23000000e-02  7.99622772e-01 -1.23000000e-02  1.00022832e+00 -1.23000000e-02  7.99622570e-01 -1.23000000e-02  1.00016132e+00 -1.23000000e-02  7.99622468e-01 -1.23000000e-02  1.00012779e+00 -1.23000000e-02  7.99622417e-01 -1.23000000e-02  1.00011102e+00 
-1.22000000e-02  2.19320147e+00 -1.22000000e-02  2.02580671e+00 -1.22000000e-02 -3.01182664e-03 -1.22000000e-02 -4.05497292e-04 -1.22000000e-02  7.99623175e-01 -1.22000000e-02  1.00036149e+00 -1.22000000e-02  7.99622773e-01 -1.22000000e-02  1.00022802e+00 -1.22000000e-02  7.99622570e-01 -1.22000000e-02  1.00016117e+00 -1.22000000e-02  7.99622468e-01 -1.22000000e-02  1.00012772e+00 -1.22000000e-02  7.99622417e-01 -1.22000000e-02  1.00011099e+00 
-1.21000000e-02  2.19342638e+00 -1.21000000e-02  2.02558238e+00 -1.21000000e-02 -3.01182458e-03 -1.21000000e-02 -4.05499182e-04 -1.21000000e-02  7.99623176e-01 -1.21000000e-02  1.00036090e+00 -1.21000000e-02  7.99622773e-01 -1.21000000e-02  1.00022773e+00 -1.21000000e-02  7.99622570e-01 -1.21000000e-02  1.00016103e+00 -1.21000000e-02  7.99622468e-01 -1.21000000e-02  1.00012765e+00 -1.21000000e-02  7.99622417e-01 -1.21000000e-02  1.00011095e+00 
-1.20000000e-02  2.19365130e+00 -1.20000000e-02  2.02535804e+00 -1.20000000e-02 -3.01182252e-03 -1.20000000e-02 -4.05501071e-04 -1.20000000e-02  7.99623177e-01 -1.20000000e-02  1.00036031e+00 -1.20000000e-02  7.99622774e-01 -1.20000000e-02  1.00022744e+00 -1.20000000e-02  7.99622570e-01 -1.20000000e-02  1.00016088e+00 -1.20000000e-02  7.99622468e-01 -1.20000000e-02  1.00012757e+00 -1.20000000e-02  7.99622417e-01 -1.20000000e-02  1.00011091e+00 
-1.19000000e-02  2.19387624e+00 -1.19000000e-02  2.02513368e+00 -1.19000000e-02 -3.01182047e-03 -1.19000000e-02 -4.05502959e-04 -1.19000000e-02  7.99623178e-01 -1.19000000e-02  1.00035973e+00 -1.19000000e-02  7.99622774e-01 -1.19000000e-02  1.00022714e+00 -1.19000000e-02  7.99622571e-01 -1.19000000e-02  1.00016073e+00 -1.19000000e-02  7.99622468e-01 -1.19000000e-02  1.00012750e+00 -1.19000000e-02  7.99622417e-01 -1.19000000e-02  1.00011088e+00 
-1.18000000e-02  2.19410119e+00 -1.18000000e-02  2.02490931e+00 -1.18000000e-02 -3.01181842e-03 -1.18000000e-02 -4.05504845e-04 -1.18000000e-02  7.99623179e-01 -1.18000000e-02  1.00035914e+00 -1.18000000e-02  7.99622775e-01 -1.18000000e-02  1.00022685e+00 -1.18000000e-02  7.99622571e-01 -1.18000000e-02  1.00016059e+00 -1.18000000e-02  7.99622469e-01 -1.18000000e-02  1.00012743e+00 -1.18000000e-02  7.99622417e-01 -1.18000000e-02  1.00011084e+00 
-1.17000000e-02  2.19432616e+00 -1.17000000e-02  2.02468492e+00 -1.17000000e-02 -3.01181637e-03 -1.17000000e-02 -4.05506730e-04 -1.17000000e-02  7.99623180e-01 -1.17000000e-02  1.00035855e+00 -1.17000000e-02  7.99622775e-01 -1.17000000e-02  1.00022656e+00 -1.17000000e-02  7.99622571e-01 -1.17000000e-02  1.00016044e+00 -1.17000000e-02  7.99622469e-01 -1.17000000e-02  1.00012735e+00 -1.17000000e-02  7.99622417e-01 -1.17000000e-02  1.00011080e+00 
-1.16000000e-02  2.19455114e+00 -1.16000000e-02  2.02446051e+00 -1.16000000e-02 -3.01181432e-03 -1.16000000e-02 -4.05508614e-04 -1.16000000e-02  7.99623181e-01 -1.16000000e-02  1.00035797e+00 -1.16000000e-02  7.99622776e-01 -1.16000000e-02  1.00022626e+00 -1.16000000e-02  7.99622571e-01 -1.16000000e-02  1.00016029e+00 -1.16000000e-02  7.99622469e-01 -1.16000000e-02  1.00012728e+00 -1.16000000e-02  7.99622417e-01 -1.16000000e-02  1.00011076e+00 
-1.15000000e-02  2.19477614e+00 -1.15000000e-02  2.02423609e+00 -1.15000000e-02 -3.01181227e-03 -1.15000000e-02 -4.05510496e-04 -1.15000000e-02  7.99623182e-01 -1.15000000e-02  1.00035738e+00 -1.15000000e-02  7.99622776e-01 -1.15000000e-02  1.00022597e+00 -1.15000000e-02  7.99622572e-01 -1.15000000e-02  1.00016015e+00 -1.15000000e-02  7.99622469e-01 -1.15000000e-02  1.00012721e+00 -1.15000000e-02  7.99622417e-01 -1.15000000e-02  1.00011073e+00 
-1.14000000e-02  2.19500115e+00 -1.14000000e-02  2.02401165e+00 -1.14000000e-02 -3.01181023e-03 -1.14000000e-02 -4.05512377e-04 -1.14000000e-02  7.99623183e-01 -1.14000000e-02  1.00035680e+00 -1.14000000e-02  7.99622776e-01 -1.14000000e-02  1.00022568e+00 -1.14000000e-02  7.99622572e-01 -1.14000000e-02  1.00016000e+00 -1.14000000e-02  7.99622469e-01 -1.14000000e-02  1.00012713e+00 -1.14000000e-02  7.99622418e-01 -1.14000000e-02  1.00011069e+00 
-1.13000000e-02  2.19522618e+00 -1.13000000e-02  2.02378720e+00 -1.13000000e-02 -3.01180819e-03 -1.13000000e-02 -4.05514256e-04 -1.13000000e-02  7.99623183e-01 -1.13000000e-02  1.00035622e+00 -1.13000000e-02  7.99622777e-01 -1.13000000e-02  1.00022538e+00 -1.13000000e-02  7.99622572e-01 -1.13000000e-02  1.00015985e+00 -1.13000000e-02  7.99622469e-01 -1.13000000e-02  1.00012706e+00 -1.13000000e-02  7.99622418e-01 -1.13000000e-02  1.00011066e+00 
-1.12000000e-02  2.19545123e+00 -1.12000000e-02  2.02356273e+00 -1.12000000e-02 -3.01180615e-03 -1.12000000e-02 -4.05516135e-04 -1.12000000e-02  7.99623184e-01 -1.12000000e-02  1.00035563e+00 -1.12000000e-02  7.99622777e-01 -1.12000000e-02  1.00022509e+00 -1.12000000e-02  7.99622572e-01 -1.12000000e-02  1.00015971e+00 -1.12000000e-02  7.99622469e-01 -1.12000000e-02  1.00012699e+00 -1.12000000e-02  7.99622418e-01 -1.12000000e-02  1.00011062e+00 
-1.11000000e-02  2.19567628e+00 -1.11000000e-02  2.02333825e+00 -1.11000000e-02 -3.01180411e-03 -1.11000000e-02 -4.05518011e-04 -1.11000000e-02  7.99623185e-01 -1.11000000e-02  1.00035505e+00 -1.11000000e-02  7.99622778e-01 -1.11000000e-02  1.00022480e+00 -1.11000000e-02  7.99622572e-01 -1.11000000e-02  1.00015956e+00 -1.11000000e-02  7.99622469e-01 -1.11000000e-02  1.00012691e+00 -1.11000000e-02  7.99622418e-01 -1.11000000e-02  1.00011058e+00 
-1.10000000e-02  2.19590136e+00 -1.10000000e-02  2.02311375e+00 -1.10000000e-02 -3.01180207e-03 -1.10000000e-02 -4.05519887e-04 -1.10000000e-02  7.99623186e-01 -1.10000000e-02  1.00035447e+00 -1.10000000e-02  7.99622778e-01 -1.10000000e-02  1.00022451e+00 -1.10000000e-02  7.99622573e-01 -1.10000000e-02  1.00015942e+00 -1.10000000e-02  7.99622469e-01 -1.10000000e-02  1.00012684e+00 -1.10000000e-02  7.99622418e-01 -1.10000000e-02  1.00011055e+00 
-1.09000000e-02  2.19612644e+00 -1.09000000e-02  2.02288924e+00 -1.09000000e-02 -3.01180004e-03 -1.09000000e-02 -4.05521761e-04 -1.09000000e-02  7.99623187e-01 -1.09000000e-02  1.00035388e+00 -1.09000000e-02  7.99622779e-01 -1.09000000e-02  1.00022422e+00 -1.09000000e-02  7.99622573e-01 -1.09000000e-02  1.00015927e+00 -1.09000000e-02  7.99622470e-01 -1.09000000e-02  1.00012677e+00 -1.09000000e-02  7.99622418e-01 -1.09000000e-02  1.00011051e+00 
-1.08000000e-02  2.19635154e+00 -1.08000000e-02  2.02266471e+00 -1.08000000e-02 -3.01179801e-03 -1.08000000e-02 -4.05523634e-04 -1.08000000e-02  7.99623188e-01 -1.08000000e-02  1.00035330e+00 -1.08000000e-02  7.99622779e-01 -1.08000000e-02  1.00022393e+00 -1.08000000e-02  7.99622573e-01 -1.08000000e-02  1.00015912e+00 -1.08000000e-02  7.99622470e-01 -1.08000000e-02  1.00012669e+00 -1.08000000e-02  7.99622418e-01 -1.08000000e-02  1.00011047e+00 
-1.07000000e-02  2.19657666e+00 -1.07000000e-02  2.02244017e+00 -1.07000000e-02 -3.01179598e-03 -1.07000000e-02 -4.05525505e-04 -1.07000000e-02  7.99623189e-01 -1.07000000e-02  1.00035272e+00 -1.07000000e-02  7.99622780e-01 -1.07000000e-02  1.00022364e+00 -1.07000000e-02  7.99622573e-01 -1.07000000e-02  1.00015898e+00 -1.07000000e-02  7.99622470e-01 -1.07000000e-02  1.00012662e+00 -1.07000000e-02  7.99622418e-01 -1.07000000e-02  1.00011044e+00 
-1.06000000e-02  2.19680179e+00 -1.06000000e-02  2.02221561e+00 -1.06000000e-02 -3.01179395e-03 -1.06000000e-02 -4.05527375e-04 -1.06000000e-02  7.99623190e-01 -1.06000000e-02  1.00035214e+00 -1.06000000e-02  7.99622780e-01 -1.06000000e-02  1.00022334e+00 -1.06000000e-02  7.99622574e-01 -1.06000000e-02  1.00015883e+00 -1.06000000e-02  7.99622470e-01 -1.06000000e-02  1.00012655e+00 -1.06000000e-02  7.99622418e-01 -1.06000000e-02  1.00011040e+00 
-1.05000000e-02  2.19702693e+00 -1.05000000e-02  2.02199104e+00 -1.05000000e-02 -3.01179192e-03 -1.05000000e-02 -4.05529244e-04 -1.05000000e-02  7.99623191e-01 -1.05000000e-02  1.00035156e+00 -1.05000000e-02  7.99622781e-01 -1.05000000e-02  1.00022305e+00 -1.05000000e-02  7.99622574e-01 -1.05000000e-02  1.00015869e+00 -1.05000000e-02  7.99622470e-01 -1.05000000e-02  1.00012648e+00 -1.05000000e-02  7.99622418e-01 -1.05000000e-02  1.00011036e+00 
-1.04000000e-02  2.19725209e+00 -1.04000000e-02  2.02176645e+00 -1.04000000e-02 -3.01178990e-03 -1.04000000e-02 -4.05531111e-04 -1.04000000e-02  7.99623191e-01 -1.04000000e-02  1.00035098e+00 -1.04000000e-02  7.99622781e-01 -1.04000000e-02  1.00022276e+00 -1.04000000e-02  7.99622574e-01 -1.04000000e-02  1.00015854e+00 -1.04000000e-02  7.99622470e-01 -1.04000000e-02  1.00012640e+00 -1.04000000e-02  7.99622418e-01 -1.04000000e-02  1.00011033e+00 
-1.03000000e-02  2.19747725e+00 -1.03000000e-02  2.02154185e+00 -1.03000000e-02 -3.01178788e-03 -1.03000000e-02 -4.05532977e-04 -1.03000000e-02  7.99623192e-01 -1.03000000e-02  1.00035040e+00 -1.03000000e-02  7.99622781e-01 -1.03000000e-02  1.00022247e+00 -1.03000000e-02  7.99622574e-01 -1.03000000e-02  1.00015840e+00 -1.03000000e-02  7.99622470e-01 -1.03000000e-02  1.00012633e+00 -1.03000000e-02  7.99622418e-01 -1.03000000e-02  1.00011029e+00 
-1.02000000e-02  2.19770244e+00 -1.02000000e-02  2.02131724e+00 -1.02000000e-02 -3.01178586e-03 -1.02000000e-02 -4.05534842e-04 -1.02000000e-02  7.99623193e-01 -1.02000000e-02  1.00034982e+00 -1.02000000e-02  7.99622782e-01 -1.02000000e-02  1.00022218e+00 -1.02000000e-02  7.99622575e-01 -1.02000000e-02  1.00015825e+00 -1.02000000e-02  7.99622470e-01 -1.02000000e-02  1.00012626e+00 -1.02000000e-02  7.99622418e-01 -1.02000000e-02  1.00011025e+00 
-1.01000000e-02  2.19792763e+00 -1.01000000e-02  2.02109261e+00 -1.01000000e-02 -3.01178384e-03 -1.01000000e-02 -4.05536705e-04 -1.01000000e-02  7.99623194e-01 -1.01000000e-02  1.00034924e+00 -1.01000000e-02  7.99622782e-01 -1.01000000e-02  1.00022189e+00 -1.01000000e-02  7.99622575e-01 -1.01000000e-02  1.00015811e+00 -1.01000000e-02  7.99622471e-01 -1.01000000e-02  1.00012619e+00 -1.01000000e-02  7.99622418e-01 -1.01000000e-02  1.00011022e+00 
-1.00000000e-02  2.19815284e+00 -1.00000000e-02  2.02086797e+00 -1.00000000e-02 -3.01178183e-03 -1.00000000e-02 -4.05538567e-04 -1.00000000e-02  7.99623195e-01 -1.00000000e-02  1.00034866e+00 -1.00000000e-02  7.99622783e-01 -1.00000000e-02  1.00022160e+00 -1.00000000e-02  7.99622575e-01 -1.00000000e-02  1.00015796e+00 -1.00000000e-02  7.99622471e-01 -1.00000000e-02  1.00012611e+00 -1.00000000e-02  7.99622418e-01 -1.00000000e-02  1.00011018e+00 
-9.90000000e-03  2.19837806e+00 -9.90000000e-03  2.02064332e+00 -9.90000000e-03 -3.01177981e-03 -9.90000000e-03 -4.05540427e-04 -9.90000000e-03  7.99623196e-01 -9.90000000e-03  1.00034809e+00 -9.90000000e-03  7.99622783e-01 -9.90000000e-03  1.00022131e+00 -9.90000000e-03  7.99622575e-01 -9.90000000e-03  1.00015782e+00 -9.90000000e-03  7.99622471e-01 -9.90000000e-03  1.00012604e+00 -9.90000000e-03  7.99622418e-01 -9.90000000e-03  1.00011015e+00 
-9.80000000e-03  2.19860330e+00 -9.80000000e-03  2.02041865e+00 -9.80000000e-03 -3.01177780e-03 -9.80000000e-03 -4.05542286e-04 -9.80000000e-03  7.99623197e-01 -9.80000000e-03  1.00034751e+00 -9.80000000e-03  7.99622784e-01 -9.80000000e-03  1.00022102e+00 -9.80000000e-03  7.99622575e-01 -9.80000000e-03  1.00015767e+00 -9.80000000e-03  7.99622471e-01 -9.80000000e-03  1.00012597e+00 -9.80000000e-03  7.99622419e-01 -9.80000000e-03  1.00011011e+00 
-9.70000000e-03  2.19882855e+00 -9.70000000e-03  2.02019397e+00 -9.70000000e-03 -3.01177579e-03 -9.70000000e-03 -4.05544144e-04 -9.70000000e-03  7.99623198e-01 -9.70000000e-03  1.00034693e+00 -9.70000000e-03  7.99622784e-01 -9.70000000e-03  1.00022074e+00 -9.70000000e-03  7.99622576e-01 -9.70000000e-03  1.00015753e+00 -9.70000000e-03  7.99622471e-01 -9.70000000e-03  1.00012590e+00 -9.70000000e-03  7.99622419e-01 -9.70000000e-03  1.00011007e+00 
-9.60000000e-03  2.19905381e+00 -9.60000000e-03  2.01996927e+00 -9.60000000e-03 -3.01177378e-03 -9.60000000e-03 -4.05546000e-04 -9.60000000e-03  7.99623199e-01 -9.60000000e-03  1.00034635e+00 -9.60000000e-03  7.99622785e-01 -9.60000000e-03  1.00022045e+00 -9.60000000e-03  7.99622576e-01 -9.60000000e-03  1.00015738e+00 -9.60000000e-03  7.99622471e-01 -9.60000000e-03  1.00012582e+00 -9.60000000e-03  7.99622419e-01 -9.60000000e-03  1.00011004e+00 
-9.50000000e-03  2.19927908e+00 -9.50000000e-03  2.01974456e+00 -9.50000000e-03 -3.01177178e-03 -9.50000000e-03 -4.05547855e-04 -9.50000000e-03  7.99623200e-01 -9.50000000e-03  1.00034578e+00 -9.50000000e-03  7.99622785e-01 -9.50000000e-03  1.00022016e+00 -9.50000000e-03  7.99622576e-01 -9.50000000e-03  1.00015724e+00 -9.50000000e-03  7.99622471e-01 -9.50000000e-03  1.00012575e+00 -9.50000000e-03  7.99622419e-01 -9.50000000e-03  1.00011000e+00 
-9.40000000e-03  2.19950436e+00 -9.40000000e-03  2.01951984e+00 -9.40000000e-03 -3.01176977e-03 -9.40000000e-03 -4.05549709e-04 -9.40000000e-03  7.99623201e-01 -9.40000000e-03  1.00034520e+00 -9.40000000e-03  7.99622785e-01 -9.40000000e-03  1.00021987e+00 -9.40000000e-03  7.99622576e-01 -9.40000000e-03  1.00015709e+00 -9.40000000e-03  7.99622471e-01 -9.40000000e-03  1.00012568e+00 -9.40000000e-03  7.99622419e-01 -9.40000000e-03  1.00010996e+00 
-9.30000000e-03  2.19972966e+00 -9.30000000e-03  2.01929511e+00 -9.30000000e-03 -3.01176777e-03 -9.30000000e-03 -4.05551561e-04 -9.30000000e-03  7.99623201e-01 -9.30000000e-03  1.00034463e+00 -9.30000000e-03  7.99622786e-01 -9.30000000e-03  1.00021958e+00 -9.30000000e-03  7.99622577e-01 -9.30000000e-03  1.00015695e+00 -9.30000000e-03  7.99622471e-01 -9.30000000e-03  1.00012561e+00 -9.30000000e-03  7.99622419e-01 -9.30000000e-03  1.00010993e+00 
-9.20000000e-03  2.19995497e+00 -9.20000000e-03  2.01907036e+00 -9.20000000e-03 -3.01176577e-03 -9.20000000e-03 -4.05553412e-04 -9.20000000e-03  7.99623202e-01 -9.20000000e-03  1.00034405e+00 -9.20000000e-03  7.99622786e-01 -9.20000000e-03  1.00021929e+00 -9.20000000e-03  7.99622577e-01 -9.20000000e-03  1.00015681e+00 -9.20000000e-03  7.99622472e-01 -9.20000000e-03  1.00012553e+00 -9.20000000e-03  7.99622419e-01 -9.20000000e-03  1.00010989e+00 
-9.10000000e-03  2.20018029e+00 -9.10000000e-03  2.01884560e+00 -9.10000000e-03 -3.01176378e-03 -9.10000000e-03 -4.05555262e-04 -9.10000000e-03  7.99623203e-01 -9.10000000e-03  1.00034348e+00 -9.10000000e-03  7.99622787e-01 -9.10000000e-03  1.00021901e+00 -9.10000000e-03  7.99622577e-01 -9.10000000e-03  1.00015666e+00 -9.10000000e-03  7.99622472e-01 -9.10000000e-03  1.00012546e+00 -9.10000000e-03  7.99622419e-01 -9.10000000e-03  1.00010986e+00 
-9.00000000e-03  2.20040562e+00 -9.00000000e-03  2.01862083e+00 -9.00000000e-03 -3.01176178e-03 -9.00000000e-03 -4.05557110e-04 -9.00000000e-03  7.99623204e-01 -9.00000000e-03  1.00034290e+00 -9.00000000e-03  7.99622787e-01 -9.00000000e-03  1.00021872e+00 -9.00000000e-03  7.99622577e-01 -9.00000000e-03  1.00015652e+00 -9.00000000e-03  7.99622472e-01 -9.00000000e-03  1.00012539e+00 -9.00000000e-03  7.99622419e-01 -9.00000000e-03  1.00010982e+00 
-8.90000000e-03  2.20063097e+00 -8.90000000e-03  2.01839604e+00 -8.90000000e-03 -3.01175979e-03 -8.90000000e-03 -4.05558957e-04 -8.90000000e-03  7.99623205e-01 -8.90000000e-03  1.00034233e+00 -8.90000000e-03  7.99622788e-01 -8.90000000e-03  1.00021843e+00 -8.90000000e-03  7.99622577e-01 -8.90000000e-03  1.00015637e+00 -8.90000000e-03  7.99622472e-01 -8.90000000e-03  1.00012532e+00 -8.90000000e-03  7.99622419e-01 -8.90000000e-03  1.00010978e+00 
-8.80000000e-03  2.20085633e+00 -8.80000000e-03  2.01817125e+00 -8.80000000e-03 -3.01175779e-03 -8.80000000e-03 -4.05560802e-04 -8.80000000e-03  7.99623206e-01 -8.80000000e-03  1.00034176e+00 -8.80000000e-03  7.99622788e-01 -8.80000000e-03  1.00021814e+00 -8.80000000e-03  7.99622578e-01 -8.80000000e-03  1.00015623e+00 -8.80000000e-03  7.99622472e-01 -8.80000000e-03  1.00012525e+00 -8.80000000e-03  7.99622419e-01 -8.80000000e-03  1.00010975e+00 
-8.70000000e-03  2.20108169e+00 -8.70000000e-03  2.01794644e+00 -8.70000000e-03 -3.01175580e-03 -8.70000000e-03 -4.05562646e-04 -8.70000000e-03  7.99623207e-01 -8.70000000e-03  1.00034118e+00 -8.70000000e-03  7.99622789e-01 -8.70000000e-03  1.00021786e+00 -8.70000000e-03  7.99622578e-01 -8.70000000e-03  1.00015609e+00 -8.70000000e-03  7.99622472e-01 -8.70000000e-03  1.00012518e+00 -8.70000000e-03  7.99622419e-01 -8.70000000e-03  1.00010971e+00 
-8.60000000e-03  2.20130707e+00 -8.60000000e-03  2.01772162e+00 -8.60000000e-03 -3.01175382e-03 -8.60000000e-03 -4.05564489e-04 -8.60000000e-03  7.99623208e-01 -8.60000000e-03  1.00034061e+00 -8.60000000e-03  7.99622789e-01 -8.60000000e-03  1.00021757e+00 -8.60000000e-03  7.99622578e-01 -8.60000000e-03  1.00015594e+00 -8.60000000e-03  7.99622472e-01 -8.60000000e-03  1.00012510e+00 -8.60000000e-03  7.99622419e-01 -8.60000000e-03  1.00010968e+00 
-8.50000000e-03  2.20153246e+00 -8.50000000e-03  2.01749679e+00 -8.50000000e-03 -3.01175183e-03 -8.50000000e-03 -4.05566330e-04 -8.50000000e-03  7.99623209e-01 -8.50000000e-03  1.00034004e+00 -8.50000000e-03  7.99622790e-01 -8.50000000e-03  1.00021728e+00 -8.50000000e-03  7.99622578e-01 -8.50000000e-03  1.00015580e+00 -8.50000000e-03  7.99622472e-01 -8.50000000e-03  1.00012503e+00 -8.50000000e-03  7.99622419e-01 -8.50000000e-03  1.00010964e+00 
-8.40000000e-03  2.20175786e+00 -8.40000000e-03  2.01727194e+00 -8.40000000e-03 -3.01174985e-03 -8.40000000e-03 -4.05568170e-04 -8.40000000e-03  7.99623210e-01 -8.40000000e-03  1.00033947e+00 -8.40000000e-03  7.99622790e-01 -8.40000000e-03  1.00021700e+00 -8.40000000e-03  7.99622579e-01 -8.40000000e-03  1.00015566e+00 -8.40000000e-03  7.99622473e-01 -8.40000000e-03  1.00012496e+00 -8.40000000e-03  7.99622419e-01 -8.40000000e-03  1.00010961e+00 
-8.30000000e-03  2.20198327e+00 -8.30000000e-03  2.01704709e+00 -8.30000000e-03 -3.01174787e-03 -8.30000000e-03 -4.05570008e-04 -8.30000000e-03  7.99623210e-01 -8.30000000e-03  1.00033890e+00 -8.30000000e-03  7.99622790e-01 -8.30000000e-03  1.00021671e+00 -8.30000000e-03  7.99622579e-01 -8.30000000e-03  1.00015551e+00 -8.30000000e-03  7.99622473e-01 -8.30000000e-03  1.00012489e+00 -8.30000000e-03  7.99622419e-01 -8.30000000e-03  1.00010957e+00 
-8.20000000e-03  2.20220870e+00 -8.20000000e-03  2.01682222e+00 -8.20000000e-03 -3.01174589e-03 -8.20000000e-03 -4.05571846e-04 -8.20000000e-03  7.99623211e-01 -8.20000000e-03  1.00033833e+00 -8.20000000e-03  7.99622791e-01 -8.20000000e-03  1.00021643e+00 -8.20000000e-03  7.99622579e-01 -8.20000000e-03  1.00015537e+00 -8.20000000e-03  7.99622473e-01 -8.20000000e-03  1.00012482e+00 -8.20000000e-03  7.99622420e-01 -8.20000000e-03  1.00010953e+00 
-8.10000000e-03  2.20243413e+00 -8.10000000e-03  2.01659734e+00 -8.10000000e-03 -3.01174391e-03 -8.10000000e-03 -4.05573681e-04 -8.10000000e-03  7.99623212e-01 -8.10000000e-03  1.00033775e+00 -8.10000000e-03  7.99622791e-01 -8.10000000e-03  1.00021614e+00 -8.10000000e-03  7.99622579e-01 -8.10000000e-03  1.00015523e+00 -8.10000000e-03  7.99622473e-01 -8.10000000e-03  1.00012475e+00 -8.10000000e-03  7.99622420e-01 -8.10000000e-03  1.00010950e+00 
-8.00000000e-03  2.20265957e+00 -8.00000000e-03  2.01637246e+00 -8.00000000e-03 -3.01174193e-03 -8.00000000e-03 -4.05575516e-04 -8.00000000e-03  7.99623213e-01 -8.00000000e-03  1.00033719e+00 -8.00000000e-03  7.99622792e-01 -8.00000000e-03  1.00021586e+00 -8.00000000e-03  7.99622580e-01 -8.00000000e-03  1.00015509e+00 -8.00000000e-03  7.99622473e-01 -8.00000000e-03  1.00012467e+00 -8.00000000e-03  7.99622420e-01 -8.00000000e-03  1.00010946e+00 
-7.90000000e-03  2.20288503e+00 -7.90000000e-03  2.01614756e+00 -7.90000000e-03 -3.01173996e-03 -7.90000000e-03 -4.05577349e-04 -7.90000000e-03  7.99623214e-01 -7.90000000e-03  1.00033662e+00 -7.90000000e-03  7.99622792e-01 -7.90000000e-03  1.00021557e+00 -7.90000000e-03  7.99622580e-01 -7.90000000e-03  1.00015494e+00 -7.90000000e-03  7.99622473e-01 -7.90000000e-03  1.00012460e+00 -7.90000000e-03  7.99622420e-01 -7.90000000e-03  1.00010943e+00 
-7.80000000e-03  2.20311049e+00 -7.80000000e-03  2.01592265e+00 -7.80000000e-03 -3.01173799e-03 -7.80000000e-03 -4.05579180e-04 -7.80000000e-03  7.99623215e-01 -7.80000000e-03  1.00033605e+00 -7.80000000e-03  7.99622793e-01 -7.80000000e-03  1.00021529e+00 -7.80000000e-03  7.99622580e-01 -7.80000000e-03  1.00015480e+00 -7.80000000e-03  7.99622473e-01 -7.80000000e-03  1.00012453e+00 -7.80000000e-03  7.99622420e-01 -7.80000000e-03  1.00010939e+00 
-7.70000000e-03  2.20333596e+00 -7.70000000e-03  2.01569772e+00 -7.70000000e-03 -3.01173602e-03 -7.70000000e-03 -4.05581011e-04 -7.70000000e-03  7.99623216e-01 -7.70000000e-03  1.00033548e+00 -7.70000000e-03  7.99622793e-01 -7.70000000e-03  1.00021500e+00 -7.70000000e-03  7.99622580e-01 -7.70000000e-03  1.00015466e+00 -7.70000000e-03  7.99622473e-01 -7.70000000e-03  1.00012446e+00 -7.70000000e-03  7.99622420e-01 -7.70000000e-03  1.00010936e+00 
-7.60000000e-03  2.20356145e+00 -7.60000000e-03  2.01547279e+00 -7.60000000e-03 -3.01173405e-03 -7.60000000e-03 -4.05582840e-04 -7.60000000e-03  7.99623217e-01 -7.60000000e-03  1.00033491e+00 -7.60000000e-03  7.99622794e-01 -7.60000000e-03  1.00021472e+00 -7.60000000e-03  7.99622580e-01 -7.60000000e-03  1.00015452e+00 -7.60000000e-03  7.99622473e-01 -7.60000000e-03  1.00012439e+00 -7.60000000e-03  7.99622420e-01 -7.60000000e-03  1.00010932e+00 
-7.50000000e-03  2.20378694e+00 -7.50000000e-03  2.01524785e+00 -7.50000000e-03 -3.01173209e-03 -7.50000000e-03 -4.05584667e-04 -7.50000000e-03  7.99623218e-01 -7.50000000e-03  1.00033434e+00 -7.50000000e-03  7.99622794e-01 -7.50000000e-03  1.00021443e+00 -7.50000000e-03  7.99622581e-01 -7.50000000e-03  1.00015437e+00 -7.50000000e-03  7.99622474e-01 -7.50000000e-03  1.00012432e+00 -7.50000000e-03  7.99622420e-01 -7.50000000e-03  1.00010928e+00 
-7.40000000e-03  2.20401244e+00 -7.40000000e-03  2.01502290e+00 -7.40000000e-03 -3.01173012e-03 -7.40000000e-03 -4.05586493e-04 -7.40000000e-03  7.99623219e-01 -7.40000000e-03  1.00033377e+00 -7.40000000e-03  7.99622795e-01 -7.40000000e-03  1.00021415e+00 -7.40000000e-03  7.99622581e-01 -7.40000000e-03  1.00015423e+00 -7.40000000e-03  7.99622474e-01 -7.40000000e-03  1.00012425e+00 -7.40000000e-03  7.99622420e-01 -7.40000000e-03  1.00010925e+00 
-7.30000000e-03  2.20423796e+00 -7.30000000e-03  2.01479793e+00 -7.30000000e-03 -3.01172816e-03 -7.30000000e-03 -4.05588318e-04 -7.30000000e-03  7.99623220e-01 -7.30000000e-03  1.00033321e+00 -7.30000000e-03  7.99622795e-01 -7.30000000e-03  1.00021386e+00 -7.30000000e-03  7.99622581e-01 -7.30000000e-03  1.00015409e+00 -7.30000000e-03  7.99622474e-01 -7.30000000e-03  1.00012418e+00 -7.30000000e-03  7.99622420e-01 -7.30000000e-03  1.00010921e+00 
-7.20000000e-03  2.20446348e+00 -7.20000000e-03  2.01457296e+00 -7.20000000e-03 -3.01172620e-03 -7.20000000e-03 -4.05590141e-04 -7.20000000e-03  7.99623221e-01 -7.20000000e-03  1.00033264e+00 -7.20000000e-03  7.99622796e-01 -7.20000000e-03  1.00021358e+00 -7.20000000e-03  7.99622581e-01 -7.20000000e-03  1.00015395e+00 -7.20000000e-03  7.99622474e-01 -7.20000000e-03  1.00012410e+00 -7.20000000e-03  7.99622420e-01 -7.20000000e-03  1.00010918e+00 
-7.10000000e-03  2.20468901e+00 -7.10000000e-03  2.01434798e+00 -7.10000000e-03 -3.01172424e-03 -7.10000000e-03 -4.05591963e-04 -7.10000000e-03  7.99623221e-01 -7.10000000e-03  1.00033208e+00 -7.10000000e-03  7.99622796e-01 -7.10000000e-03  1.00021330e+00 -7.10000000e-03  7.99622582e-01 -7.10000000e-03  1.00015381e+00 -7.10000000e-03  7.99622474e-01 -7.10000000e-03  1.00012403e+00 -7.10000000e-03  7.99622420e-01 -7.10000000e-03  1.00010914e+00 
-7.00000000e-03  2.20491455e+00 -7.00000000e-03  2.01412298e+00 -7.00000000e-03 -3.01172229e-03 -7.00000000e-03 -4.05593784e-04 -7.00000000e-03  7.99623222e-01 -7.00000000e-03  1.00033151e+00 -7.00000000e-03  7.99622796e-01 -7.00000000e-03  1.00021301e+00 -7.00000000e-03  7.99622582e-01 -7.00000000e-03  1.00015366e+00 -7.00000000e-03  7.99622474e-01 -7.00000000e-03  1.00012396e+00 -7.00000000e-03  7.99622420e-01 -7.00000000e-03  1.00010911e+00 
-6.90000000e-03  2.20514010e+00 -6.90000000e-03  2.01389798e+00 -6.90000000e-03 -3.01172033e-03 -6.90000000e-03 -4.05595603e-04 -6.90000000e-03  7.99623223e-01 -6.90000000e-03  1.00033094e+00 -6.90000000e-03  7.99622797e-01 -6.90000000e-03  1.00021273e+00 -6.90000000e-03  7.99622582e-01 -6.90000000e-03  1.00015352e+00 -6.90000000e-03  7.99622474e-01 -6.90000000e-03  1.00012389e+00 -6.90000000e-03  7.99622420e-01 -6.90000000e-03  1.00010907e+00 
-6.80000000e-03  2.20536566e+00 -6.80000000e-03  2.01367297e+00 -6.80000000e-03 -3.01171838e-03 -6.80000000e-03 -4.05597421e-04 -6.80000000e-03  7.99623224e-01 -6.80000000e-03  1.00033038e+00 -6.80000000e-03  7.99622797e-01 -6.80000000e-03  1.00021245e+00 -6.80000000e-03  7.99622582e-01 -6.80000000e-03  1.00015338e+00 -6.80000000e-03  7.99622474e-01 -6.80000000e-03  1.00012382e+00 -6.80000000e-03  7.99622420e-01 -6.80000000e-03  1.00010904e+00 
-6.70000000e-03  2.20559123e+00 -6.70000000e-03  2.01344795e+00 -6.70000000e-03 -3.01171643e-03 -6.70000000e-03 -4.05599238e-04 -6.70000000e-03  7.99623225e-01 -6.70000000e-03  1.00032982e+00 -6.70000000e-03  7.99622798e-01 -6.70000000e-03  1.00021216e+00 -6.70000000e-03  7.99622583e-01 -6.70000000e-03  1.00015324e+00 -6.70000000e-03  7.99622475e-01 -6.70000000e-03  1.00012375e+00 -6.70000000e-03  7.99622420e-01 -6.70000000e-03  1.00010900e+00 
-6.60000000e-03  2.20581681e+00 -6.60000000e-03  2.01322292e+00 -6.60000000e-03 -3.01171449e-03 -6.60000000e-03 -4.05601053e-04 -6.60000000e-03  7.99623226e-01 -6.60000000e-03  1.00032925e+00 -6.60000000e-03  7.99622798e-01 -6.60000000e-03  1.00021188e+00 -6.60000000e-03  7.99622583e-01 -6.60000000e-03  1.00015310e+00 -6.60000000e-03  7.99622475e-01 -6.60000000e-03  1.00012368e+00 -6.60000000e-03  7.99622421e-01 -6.60000000e-03  1.00010896e+00 
-6.50000000e-03  2.20604239e+00 -6.50000000e-03  2.01299788e+00 -6.50000000e-03 -3.01171254e-03 -6.50000000e-03 -4.05602866e-04 -6.50000000e-03  7.99623227e-01 -6.50000000e-03  1.00032869e+00 -6.50000000e-03  7.99622799e-01 -6.50000000e-03  1.00021160e+00 -6.50000000e-03  7.99622583e-01 -6.50000000e-03  1.00015296e+00 -6.50000000e-03  7.99622475e-01 -6.50000000e-03  1.00012361e+00 -6.50000000e-03  7.99622421e-01 -6.50000000e-03  1.00010893e+00 
-6.40000000e-03  2.20626798e+00 -6.40000000e-03  2.01277283e+00 -6.40000000e-03 -3.01171060e-03 -6.40000000e-03 -4.05604679e-04 -6.40000000e-03  7.99623228e-01 -6.40000000e-03  1.00032812e+00 -6.40000000e-03  7.99622799e-01 -6.40000000e-03  1.00021132e+00 -6.40000000e-03  7.99622583e-01 -6.40000000e-03  1.00015282e+00 -6.40000000e-03  7.99622475e-01 -6.40000000e-03  1.00012354e+00 -6.40000000e-03  7.99622421e-01 -6.40000000e-03  1.00010889e+00 
-6.30000000e-03  2.20649359e+00 -6.30000000e-03  2.01254777e+00 -6.30000000e-03 -3.01170866e-03 -6.30000000e-03 -4.05606490e-04 -6.30000000e-03  7.99623229e-01 -6.30000000e-03  1.00032756e+00 -6.30000000e-03  7.99622800e-01 -6.30000000e-03  1.00021104e+00 -6.30000000e-03  7.99622584e-01 -6.30000000e-03  1.00015267e+00 -6.30000000e-03  7.99622475e-01 -6.30000000e-03  1.00012347e+00 -6.30000000e-03  7.99622421e-01 -6.30000000e-03  1.00010886e+00 
-6.20000000e-03  2.20671920e+00 -6.20000000e-03  2.01232270e+00 -6.20000000e-03 -3.01170672e-03 -6.20000000e-03 -4.05608299e-04 -6.20000000e-03  7.99623230e-01 -6.20000000e-03  1.00032700e+00 -6.20000000e-03  7.99622800e-01 -6.20000000e-03  1.00021076e+00 -6.20000000e-03  7.99622584e-01 -6.20000000e-03  1.00015253e+00 -6.20000000e-03  7.99622475e-01 -6.20000000e-03  1.00012340e+00 -6.20000000e-03  7.99622421e-01 -6.20000000e-03  1.00010882e+00 
-6.10000000e-03  2.20694481e+00 -6.10000000e-03  2.01209763e+00 -6.10000000e-03 -3.01170478e-03 -6.10000000e-03 -4.05610107e-04 -6.10000000e-03  7.99623231e-01 -6.10000000e-03  1.00032644e+00 -6.10000000e-03  7.99622801e-01 -6.10000000e-03  1.00021047e+00 -6.10000000e-03  7.99622584e-01 -6.10000000e-03  1.00015239e+00 -6.10000000e-03  7.99622475e-01 -6.10000000e-03  1.00012333e+00 -6.10000000e-03  7.99622421e-01 -6.10000000e-03  1.00010879e+00 
-6.00000000e-03  2.20717044e+00 -6.00000000e-03  2.01187254e+00 -6.00000000e-03 -3.01170284e-03 -6.00000000e-03 -4.05611914e-04 -6.00000000e-03  7.99623232e-01 -6.00000000e-03  1.00032588e+00 -6.00000000e-03  7.99622801e-01 -6.00000000e-03  1.00021019e+00 -6.00000000e-03  7.99622584e-01 -6.00000000e-03  1.00015225e+00 -6.00000000e-03  7.99622475e-01 -6.00000000e-03  1.00012326e+00 -6.00000000e-03  7.99622421e-01 -6.00000000e-03  1.00010875e+00 
-5.90000000e-03  2.20739607e+00 -5.90000000e-03  2.01164745e+00 -5.90000000e-03 -3.01170091e-03 -5.90000000e-03 -4.05613719e-04 -5.90000000e-03  7.99623232e-01 -5.90000000e-03  1.00032532e+00 -5.90000000e-03  7.99622802e-01 -5.90000000e-03  1.00020991e+00 -5.90000000e-03  7.99622584e-01 -5.90000000e-03  1.00015211e+00 -5.90000000e-03  7.99622476e-01 -5.90000000e-03  1.00012319e+00 -5.90000000e-03  7.99622421e-01 -5.90000000e-03  1.00010872e+00 
-5.80000000e-03  2.20762171e+00 -5.80000000e-03  2.01142235e+00 -5.80000000e-03 -3.01169898e-03 -5.80000000e-03 -4.05615523e-04 -5.80000000e-03  7.99623233e-01 -5.80000000e-03  1.00032476e+00 -5.80000000e-03  7.99622802e-01 -5.80000000e-03  1.00020963e+00 -5.80000000e-03  7.99622585e-01 -5.80000000e-03  1.00015197e+00 -5.80000000e-03  7.99622476e-01 -5.80000000e-03  1.00012312e+00 -5.80000000e-03  7.99622421e-01 -5.80000000e-03  1.00010868e+00 
-5.70000000e-03  2.20784736e+00 -5.70000000e-03  2.01119724e+00 -5.70000000e-03 -3.01169705e-03 -5.70000000e-03 -4.05617326e-04 -5.70000000e-03  7.99623234e-01 -5.70000000e-03  1.00032420e+00 -5.70000000e-03  7.99622802e-01 -5.70000000e-03  1.00020935e+00 -5.70000000e-03  7.99622585e-01 -5.70000000e-03  1.00015183e+00 -5.70000000e-03  7.99622476e-01 -5.70000000e-03  1.00012305e+00 -5.70000000e-03  7.99622421e-01 -5.70000000e-03  1.00010865e+00 
-5.60000000e-03  2.20807302e+00 -5.60000000e-03  2.01097212e+00 -5.60000000e-03 -3.01169512e-03 -5.60000000e-03 -4.05619127e-04 -5.60000000e-03  7.99623235e-01 -5.60000000e-03  1.00032364e+00 -5.60000000e-03  7.99622803e-01 -5.60000000e-03  1.00020907e+00 -5.60000000e-03  7.99622585e-01 -5.60000000e-03  1.00015169e+00 -5.60000000e-03  7.99622476e-01 -5.60000000e-03  1.00012298e+00 -5.60000000e-03  7.99622421e-01 -5.60000000e-03  1.00010861e+00 
-5.50000000e-03  2.20829868e+00 -5.50000000e-03  2.01074700e+00 -5.50000000e-03 -3.01169320e-03 -5.50000000e-03 -4.05620927e-04 -5.50000000e-03  7.99623236e-01 -5.50000000e-03  1.00032308e+00 -5.50000000e-03  7.99622803e-01 -5.50000000e-03  1.00020879e+00 -5.50000000e-03  7.99622585e-01 -5.50000000e-03  1.00015155e+00 -5.50000000e-03  7.99622476e-01 -5.50000000e-03  1.00012291e+00 -5.50000000e-03  7.99622421e-01 -5.50000000e-03  1.00010858e+00 
-5.40000000e-03  2.20852435e+00 -5.40000000e-03  2.01052187e+00 -5.40000000e-03 -3.01169127e-03 -5.40000000e-03 -4.05622726e-04 -5.40000000e-03  7.99623237e-01 -5.40000000e-03  1.00032252e+00 -5.40000000e-03  7.99622804e-01 -5.40000000e-03  1.00020851e+00 -5.40000000e-03  7.99622586e-01 -5.40000000e-03  1.00015141e+00 -5.40000000e-03  7.99622476e-01 -5.40000000e-03  1.00012284e+00 -5.40000000e-03  7.99622421e-01 -5.40000000e-03  1.00010854e+00 
-5.30000000e-03  2.20875003e+00 -5.30000000e-03  2.01029673e+00 -5.30000000e-03 -3.01168935e-03 -5.30000000e-03 -4.05624523e-04 -5.30000000e-03  7.99623238e-01 -5.30000000e-03  1.00032196e+00 -5.30000000e-03  7.99622804e-01 -5.30000000e-03  1.00020823e+00 -5.30000000e-03  7.99622586e-01 -5.30000000e-03  1.00015127e+00 -5.30000000e-03  7.99622476e-01 -5.30000000e-03  1.00012277e+00 -5.30000000e-03  7.99622421e-01 -5.30000000e-03  1.00010851e+00 
-5.20000000e-03  2.20897571e+00 -5.20000000e-03  2.01007158e+00 -5.20000000e-03 -3.01168743e-03 -5.20000000e-03 -4.05626318e-04 -5.20000000e-03  7.99623239e-01 -5.20000000e-03  1.00032140e+00 -5.20000000e-03  7.99622805e-01 -5.20000000e-03  1.00020795e+00 -5.20000000e-03  7.99622586e-01 -5.20000000e-03  1.00015113e+00 -5.20000000e-03  7.99622476e-01 -5.20000000e-03  1.00012270e+00 -5.20000000e-03  7.99622421e-01 -5.20000000e-03  1.00010847e+00 
-5.10000000e-03  2.20920140e+00 -5.10000000e-03  2.00984642e+00 -5.10000000e-03 -3.01168551e-03 -5.10000000e-03 -4.05628113e-04 -5.10000000e-03  7.99623240e-01 -5.10000000e-03  1.00032084e+00 -5.10000000e-03  7.99622805e-01 -5.10000000e-03  1.00020767e+00 -5.10000000e-03  7.99622586e-01 -5.10000000e-03  1.00015099e+00 -5.10000000e-03  7.99622477e-01 -5.10000000e-03  1.00012263e+00 -5.10000000e-03  7.99622421e-01 -5.10000000e-03  1.00010844e+00 
-5.00000000e-03  2.20942710e+00 -5.00000000e-03  2.00962126e+00 -5.00000000e-03 -3.01168360e-03 -5.00000000e-03 -4.05629905e-04 -5.00000000e-03  7.99623241e-01 -5.00000000e-03  1.00032029e+00 -5.00000000e-03  7.99622806e-01 -5.00000000e-03  1.00020739e+00 -5.00000000e-03  7.99622587e-01 -5.00000000e-03  1.00015085e+00 -5.00000000e-03  7.99622477e-01 -5.00000000e-03  1.00012256e+00 -5.00000000e-03  7.99622422e-01 -5.00000000e-03  1.00010840e+00 
-4.90000000e-03  2.20965280e+00 -4.90000000e-03  2.00939609e+00 -4.90000000e-03 -3.01168168e-03 -4.90000000e-03 -4.05631697e-04 -4.90000000e-03  7.99623242e-01 -4.90000000e-03  1.00031973e+00 -4.90000000e-03  7.99622806e-01 -4.90000000e-03  1.00020712e+00 -4.90000000e-03  7.99622587e-01 -4.90000000e-03  1.00015071e+00 -4.90000000e-03  7.99622477e-01 -4.90000000e-03  1.00012249e+00 -4.90000000e-03  7.99622422e-01 -4.90000000e-03  1.00010837e+00 
-4.80000000e-03  2.20987851e+00 -4.80000000e-03  2.00917092e+00 -4.80000000e-03 -3.01167977e-03 -4.80000000e-03 -4.05633487e-04 -4.80000000e-03  7.99623243e-01 -4.80000000e-03  1.00031917e+00 -4.80000000e-03  7.99622807e-01 -4.80000000e-03  1.00020684e+00 -4.80000000e-03  7.99622587e-01 -4.80000000e-03  1.00015057e+00 -4.80000000e-03  7.99622477e-01 -4.80000000e-03  1.00012242e+00 -4.80000000e-03  7.99622422e-01 -4.80000000e-03  1.00010833e+00 
-4.70000000e-03  2.21010423e+00 -4.70000000e-03  2.00894573e+00 -4.70000000e-03 -3.01167786e-03 -4.70000000e-03 -4.05635276e-04 -4.70000000e-03  7.99623244e-01 -4.70000000e-03  1.00031862e+00 -4.70000000e-03  7.99622807e-01 -4.70000000e-03  1.00020656e+00 -4.70000000e-03  7.99622587e-01 -4.70000000e-03  1.00015043e+00 -4.70000000e-03  7.99622477e-01 -4.70000000e-03  1.00012235e+00 -4.70000000e-03  7.99622422e-01 -4.70000000e-03  1.00010830e+00 
-4.60000000e-03  2.21032995e+00 -4.60000000e-03  2.00872055e+00 -4.60000000e-03 -3.01167595e-03 -4.60000000e-03 -4.05637063e-04 -4.60000000e-03  7.99623245e-01 -4.60000000e-03  1.00031806e+00 -4.60000000e-03  7.99622808e-01 -4.60000000e-03  1.00020628e+00 -4.60000000e-03  7.99622588e-01 -4.60000000e-03  1.00015029e+00 -4.60000000e-03  7.99622477e-01 -4.60000000e-03  1.00012228e+00 -4.60000000e-03  7.99622422e-01 -4.60000000e-03  1.00010826e+00 
-4.50000000e-03  2.21055568e+00 -4.50000000e-03  2.00849535e+00 -4.50000000e-03 -3.01167405e-03 -4.50000000e-03 -4.05638849e-04 -4.50000000e-03  7.99623245e-01 -4.50000000e-03  1.00031751e+00 -4.50000000e-03  7.99622808e-01 -4.50000000e-03  1.00020600e+00 -4.50000000e-03  7.99622588e-01 -4.50000000e-03  1.00015016e+00 -4.50000000e-03  7.99622477e-01 -4.50000000e-03  1.00012221e+00 -4.50000000e-03  7.99622422e-01 -4.50000000e-03  1.00010823e+00 
-4.40000000e-03  2.21078141e+00 -4.40000000e-03  2.00827015e+00 -4.40000000e-03 -3.01167214e-03 -4.40000000e-03 -4.05640634e-04 -4.40000000e-03  7.99623246e-01 -4.40000000e-03  1.00031695e+00 -4.40000000e-03  7.99622808e-01 -4.40000000e-03  1.00020573e+00 -4.40000000e-03  7.99622588e-01 -4.40000000e-03  1.00015002e+00 -4.40000000e-03  7.99622477e-01 -4.40000000e-03  1.00012214e+00 -4.40000000e-03  7.99622422e-01 -4.40000000e-03  1.00010819e+00 
-4.30000000e-03  2.21100715e+00 -4.30000000e-03  2.00804494e+00 -4.30000000e-03 -3.01167024e-03 -4.30000000e-03 -4.05642417e-04 -4.30000000e-03  7.99623247e-01 -4.30000000e-03  1.00031640e+00 -4.30000000e-03  7.99622809e-01 -4.30000000e-03  1.00020545e+00 -4.30000000e-03  7.99622588e-01 -4.30000000e-03  1.00014988e+00 -4.30000000e-03  7.99622477e-01 -4.30000000e-03  1.00012207e+00 -4.30000000e-03  7.99622422e-01 -4.30000000e-03  1.00010816e+00 
-4.20000000e-03  2.21123289e+00 -4.20000000e-03  2.00781972e+00 -4.20000000e-03 -3.01166834e-03 -4.20000000e-03 -4.05644198e-04 -4.20000000e-03  7.99623248e-01 -4.20000000e-03  1.00031585e+00 -4.20000000e-03  7.99622809e-01 -4.20000000e-03  1.00020517e+00 -4.20000000e-03  7.99622588e-01 -4.20000000e-03  1.00014974e+00 -4.20000000e-03  7.99622478e-01 -4.20000000e-03  1.00012200e+00 -4.20000000e-03  7.99622422e-01 -4.20000000e-03  1.00010812e+00 
-4.10000000e-03  2.21145865e+00 -4.10000000e-03  2.00759450e+00 -4.10000000e-03 -3.01166644e-03 -4.10000000e-03 -4.05645979e-04 -4.10000000e-03  7.99623249e-01 -4.10000000e-03  1.00031529e+00 -4.10000000e-03  7.99622810e-01 -4.10000000e-03  1.00020489e+00 -4.10000000e-03  7.99622589e-01 -4.10000000e-03  1.00014960e+00 -4.10000000e-03  7.99622478e-01 -4.10000000e-03  1.00012193e+00 -4.10000000e-03  7.99622422e-01 -4.10000000e-03  1.00010809e+00 
-4.00000000e-03  2.21168440e+00 -4.00000000e-03  2.00736928e+00 -4.00000000e-03 -3.01166455e-03 -4.00000000e-03 -4.05647758e-04 -4.00000000e-03  7.99623250e-01 -4.00000000e-03  1.00031474e+00 -4.00000000e-03  7.99622810e-01 -4.00000000e-03  1.00020462e+00 -4.00000000e-03  7.99622589e-01 -4.00000000e-03  1.00014946e+00 -4.00000000e-03  7.99622478e-01 -4.00000000e-03  1.00012186e+00 -4.00000000e-03  7.99622422e-01 -4.00000000e-03  1.00010806e+00 
-3.90000000e-03  2.21191016e+00 -3.90000000e-03  2.00714404e+00 -3.90000000e-03 -3.01166265e-03 -3.90000000e-03 -4.05649535e-04 -3.90000000e-03  7.99623251e-01 -3.90000000e-03  1.00031419e+00 -3.90000000e-03  7.99622811e-01 -3.90000000e-03  1.00020434e+00 -3.90000000e-03  7.99622589e-01 -3.90000000e-03  1.00014932e+00 -3.90000000e-03  7.99622478e-01 -3.90000000e-03  1.00012179e+00 -3.90000000e-03  7.99622422e-01 -3.90000000e-03  1.00010802e+00 
-3.80000000e-03  2.21213593e+00 -3.80000000e-03  2.00691880e+00 -3.80000000e-03 -3.01166076e-03 -3.80000000e-03 -4.05651311e-04 -3.80000000e-03  7.99623252e-01 -3.80000000e-03  1.00031364e+00 -3.80000000e-03  7.99622811e-01 -3.80000000e-03  1.00020406e+00 -3.80000000e-03  7.99622589e-01 -3.80000000e-03  1.00014919e+00 -3.80000000e-03  7.99622478e-01 -3.80000000e-03  1.00012172e+00 -3.80000000e-03  7.99622422e-01 -3.80000000e-03  1.00010799e+00 
-3.70000000e-03  2.21236170e+00 -3.70000000e-03  2.00669356e+00 -3.70000000e-03 -3.01165887e-03 -3.70000000e-03 -4.05653086e-04 -3.70000000e-03  7.99623253e-01 -3.70000000e-03  1.00031309e+00 -3.70000000e-03  7.99622812e-01 -3.70000000e-03  1.00020379e+00 -3.70000000e-03  7.99622590e-01 -3.70000000e-03  1.00014905e+00 -3.70000000e-03  7.99622478e-01 -3.70000000e-03  1.00012165e+00 -3.70000000e-03  7.99622422e-01 -3.70000000e-03  1.00010795e+00 
-3.60000000e-03  2.21258747e+00 -3.60000000e-03  2.00646831e+00 -3.60000000e-03 -3.01165698e-03 -3.60000000e-03 -4.05654860e-04 -3.60000000e-03  7.99623254e-01 -3.60000000e-03  1.00031253e+00 -3.60000000e-03  7.99622812e-01 -3.60000000e-03  1.00020351e+00 -3.60000000e-03  7.99622590e-01 -3.60000000e-03  1.00014891e+00 -3.60000000e-03  7.99622478e-01 -3.60000000e-03  1.00012158e+00 -3.60000000e-03  7.99622422e-01 -3.60000000e-03  1.00010792e+00 
-3.50000000e-03  2.21281325e+00 -3.50000000e-03  2.00624306e+00 -3.50000000e-03 -3.01165510e-03 -3.50000000e-03 -4.05656632e-04 -3.50000000e-03  7.99623255e-01 -3.50000000e-03  1.00031198e+00 -3.50000000e-03  7.99622813e-01 -3.50000000e-03  1.00020324e+00 -3.50000000e-03  7.99622590e-01 -3.50000000e-03  1.00014877e+00 -3.50000000e-03  7.99622478e-01 -3.50000000e-03  1.00012152e+00 -3.50000000e-03  7.99622423e-01 -3.50000000e-03  1.00010788e+00 
-3.40000000e-03  2.21303904e+00 -3.40000000e-03  2.00601780e+00 -3.40000000e-03 -3.01165321e-03 -3.40000000e-03 -4.05658402e-04 -3.40000000e-03  7.99623256e-01 -3.40000000e-03  1.00031143e+00 -3.40000000e-03  7.99622813e-01 -3.40000000e-03  1.00020296e+00 -3.40000000e-03  7.99622590e-01 -3.40000000e-03  1.00014863e+00 -3.40000000e-03  7.99622479e-01 -3.40000000e-03  1.00012145e+00 -3.40000000e-03  7.99622423e-01 -3.40000000e-03  1.00010785e+00 
-3.30000000e-03  2.21326483e+00 -3.30000000e-03  2.00579253e+00 -3.30000000e-03 -3.01165133e-03 -3.30000000e-03 -4.05660171e-04 -3.30000000e-03  7.99623257e-01 -3.30000000e-03  1.00031088e+00 -3.30000000e-03  7.99622814e-01 -3.30000000e-03  1.00020269e+00 -3.30000000e-03  7.99622591e-01 -3.30000000e-03  1.00014850e+00 -3.30000000e-03  7.99622479e-01 -3.30000000e-03  1.00012138e+00 -3.30000000e-03  7.99622423e-01 -3.30000000e-03  1.00010781e+00 
-3.20000000e-03  2.21349062e+00 -3.20000000e-03  2.00556726e+00 -3.20000000e-03 -3.01164945e-03 -3.20000000e-03 -4.05661939e-04 -3.20000000e-03  7.99623258e-01 -3.20000000e-03  1.00031033e+00 -3.20000000e-03  7.99622814e-01 -3.20000000e-03  1.00020241e+00 -3.20000000e-03  7.99622591e-01 -3.20000000e-03  1.00014836e+00 -3.20000000e-03  7.99622479e-01 -3.20000000e-03  1.00012131e+00 -3.20000000e-03  7.99622423e-01 -3.20000000e-03  1.00010778e+00 
-3.10000000e-03  2.21371642e+00 -3.10000000e-03  2.00534199e+00 -3.10000000e-03 -3.01164757e-03 -3.10000000e-03 -4.05663705e-04 -3.10000000e-03  7.99623259e-01 -3.10000000e-03  1.00030979e+00 -3.10000000e-03  7.99622815e-01 -3.10000000e-03  1.00020214e+00 -3.10000000e-03  7.99622591e-01 -3.10000000e-03  1.00014822e+00 -3.10000000e-03  7.99622479e-01 -3.10000000e-03  1.00012124e+00 -3.10000000e-03  7.99622423e-01 -3.10000000e-03  1.00010774e+00 
-3.00000000e-03  2.21394222e+00 -3.00000000e-03  2.00511671e+00 -3.00000000e-03 -3.01164570e-03 -3.00000000e-03 -4.05665470e-04 -3.00000000e-03  7.99623259e-01 -3.00000000e-03  1.00030924e+00 -3.00000000e-03  7.99622815e-01 -3.00000000e-03  1.00020186e+00 -3.00000000e-03  7.99622591e-01 -3.00000000e-03  1.00014808e+00 -3.00000000e-03  7.99622479e-01 -3.00000000e-03  1.00012117e+00 -3.00000000e-03  7.99622423e-01 -3.00000000e-03  1.00010771e+00 
-2.90000000e-03  2.21416802e+00 -2.90000000e-03  2.00489143e+00 -2.90000000e-03 -3.01164382e-03 -2.90000000e-03 -4.05667234e-04 -2.90000000e-03  7.99623260e-01 -2.90000000e-03  1.00030869e+00 -2.90000000e-03  7.99622815e-01 -2.90000000e-03  1.00020159e+00 -2.90000000e-03  7.99622592e-01 -2.90000000e-03  1.00014795e+00 -2.90000000e-03  7.99622479e-01 -2.90000000e-03  1.00012110e+00 -2.90000000e-03  7.99622423e-01 -2.90000000e-03  1.00010768e+00 
-2.80000000e-03  2.21439383e+00 -2.80000000e-03  2.00466614e+00 -2.80000000e-03 -3.01164195e-03 -2.80000000e-03 -4.05668996e-04 -2.80000000e-03  7.99623261e-01 -2.80000000e-03  1.00030814e+00 -2.80000000e-03  7.99622816e-01 -2.80000000e-03  1.00020131e+00 -2.80000000e-03  7.99622592e-01 -2.80000000e-03  1.00014781e+00 -2.80000000e-03  7.99622479e-01 -2.80000000e-03  1.00012103e+00 -2.80000000e-03  7.99622423e-01 -2.80000000e-03  1.00010764e+00 
-2.70000000e-03  2.21461964e+00 -2.70000000e-03  2.00444085e+00 -2.70000000e-03 -3.01164008e-03 -2.70000000e-03 -4.05670757e-04 -2.70000000e-03  7.99623262e-01 -2.70000000e-03  1.00030759e+00 -2.70000000e-03  7.99622816e-01 -2.70000000e-03  1.00020104e+00 -2.70000000e-03  7.99622592e-01 -2.70000000e-03  1.00014767e+00 -2.70000000e-03  7.99622479e-01 -2.70000000e-03  1.00012097e+00 -2.70000000e-03  7.99622423e-01 -2.70000000e-03  1.00010761e+00 
-2.60000000e-03  2.21484546e+00 -2.60000000e-03  2.00421555e+00 -2.60000000e-03 -3.01163821e-03 -2.60000000e-03 -4.05672516e-04 -2.60000000e-03  7.99623263e-01 -2.60000000e-03  1.00030705e+00 -2.60000000e-03  7.99622817e-01 -2.60000000e-03  1.00020077e+00 -2.60000000e-03  7.99622592e-01 -2.60000000e-03  1.00014753e+00 -2.60000000e-03  7.99622480e-01 -2.60000000e-03  1.00012090e+00 -2.60000000e-03  7.99622423e-01 -2.60000000e-03  1.00010757e+00 
-2.50000000e-03  2.21507128e+00 -2.50000000e-03  2.00399025e+00 -2.50000000e-03 -3.01163635e-03 -2.50000000e-03 -4.05674274e-04 -2.50000000e-03  7.99623264e-01 -2.50000000e-03  1.00030650e+00 -2.50000000e-03  7.99622817e-01 -2.50000000e-03  1.00020049e+00 -2.50000000e-03  7.99622592e-01 -2.50000000e-03  1.00014740e+00 -2.50000000e-03  7.99622480e-01 -2.50000000e-03  1.00012083e+00 -2.50000000e-03  7.99622423e-01 -2.50000000e-03  1.00010754e+00 
-2.40000000e-03  2.21529710e+00 -2.40000000e-03  2.00376495e+00 -2.40000000e-03 -3.01163448e-03 -2.40000000e-03 -4.05676031e-04 -2.40000000e-03  7.99623265e-01 -2.40000000e-03  1.00030596e+00 -2.40000000e-03  7.99622818e-01 -2.40000000e-03  1.00020022e+00 -2.40000000e-03  7.99622593e-01 -2.40000000e-03  1.00014726e+00 -2.40000000e-03  7.99622480e-01 -2.40000000e-03  1.00012076e+00 -2.40000000e-03  7.99622423e-01 -2.40000000e-03  1.00010750e+00 
-2.30000000e-03  2.21552293e+00 -2.30000000e-03  2.00353964e+00 -2.30000000e-03 -3.01163262e-03 -2.30000000e-03 -4.05677786e-04 -2.30000000e-03  7.99623266e-01 -2.30000000e-03  1.00030541e+00 -2.30000000e-03  7.99622818e-01 -2.30000000e-03  1.00019995e+00 -2.30000000e-03  7.99622593e-01 -2.30000000e-03  1.00014712e+00 -2.30000000e-03  7.99622480e-01 -2.30000000e-03  1.00012069e+00 -2.30000000e-03  7.99622423e-01 -2.30000000e-03  1.00010747e+00 
-2.20000000e-03  2.21574875e+00 -2.20000000e-03  2.00331433e+00 -2.20000000e-03 -3.01163076e-03 -2.20000000e-03 -4.05679540e-04 -2.20000000e-03  7.99623267e-01 -2.20000000e-03  1.00030487e+00 -2.20000000e-03  7.99622819e-01 -2.20000000e-03  1.00019967e+00 -2.20000000e-03  7.99622593e-01 -2.20000000e-03  1.00014699e+00 -2.20000000e-03  7.99622480e-01 -2.20000000e-03  1.00012062e+00 -2.20000000e-03  7.99622423e-01 -2.20000000e-03  1.00010744e+00 
-2.10000000e-03  2.21597459e+00 -2.10000000e-03  2.00308901e+00 -2.10000000e-03 -3.01162890e-03 -2.10000000e-03 -4.05681292e-04 -2.10000000e-03  7.99623268e-01 -2.10000000e-03  1.00030432e+00 -2.10000000e-03  7.99622819e-01 -2.10000000e-03  1.00019940e+00 -2.10000000e-03  7.99622593e-01 -2.10000000e-03  1.00014685e+00 -2.10000000e-03  7.99622480e-01 -2.10000000e-03  1.00012056e+00 -2.10000000e-03  7.99622423e-01 -2.10000000e-03  1.00010740e+00 
-2.00000000e-03  2.21620042e+00 -2.00000000e-03  2.00286370e+00 -2.00000000e-03 -3.01162704e-03 -2.00000000e-03 -4.05683043e-04 -2.00000000e-03  7.99623269e-01 -2.00000000e-03  1.00030378e+00 -2.00000000e-03  7.99622820e-01 -2.00000000e-03  1.00019913e+00 -2.00000000e-03  7.99622594e-01 -2.00000000e-03  1.00014672e+00 -2.00000000e-03  7.99622480e-01 -2.00000000e-03  1.00012049e+00 -2.00000000e-03  7.99622423e-01 -2.00000000e-03  1.00010737e+00 
-1.90000000e-03  2.21642626e+00 -1.90000000e-03  2.00263837e+00 -1.90000000e-03 -3.01162519e-03 -1.90000000e-03 -4.05684793e-04 -1.90000000e-03  7.99623270e-01 -1.90000000e-03  1.00030323e+00 -1.90000000e-03  7.99622820e-01 -1.90000000e-03  1.00019886e+00 -1.90000000e-03  7.99622594e-01 -1.90000000e-03  1.00014658e+00 -1.90000000e-03  7.99622480e-01 -1.90000000e-03  1.00012042e+00 -1.90000000e-03  7.99622424e-01 -1.90000000e-03  1.00010733e+00 
-1.80000000e-03  2.21665209e+00 -1.80000000e-03  2.00241305e+00 -1.80000000e-03 -3.01162333e-03 -1.80000000e-03 -4.05686541e-04 -1.80000000e-03  7.99623271e-01 -1.80000000e-03  1.00030269e+00 -1.80000000e-03  7.99622821e-01 -1.80000000e-03  1.00019858e+00 -1.80000000e-03  7.99622594e-01 -1.80000000e-03  1.00014644e+00 -1.80000000e-03  7.99622481e-01 -1.80000000e-03  1.00012035e+00 -1.80000000e-03  7.99622424e-01 -1.80000000e-03  1.00010730e+00 
-1.70000000e-03  2.21687793e+00 -1.70000000e-03  2.00218772e+00 -1.70000000e-03 -3.01162148e-03 -1.70000000e-03 -4.05688288e-04 -1.70000000e-03  7.99623272e-01 -1.70000000e-03  1.00030215e+00 -1.70000000e-03  7.99622821e-01 -1.70000000e-03  1.00019831e+00 -1.70000000e-03  7.99622594e-01 -1.70000000e-03  1.00014631e+00 -1.70000000e-03  7.99622481e-01 -1.70000000e-03  1.00012028e+00 -1.70000000e-03  7.99622424e-01 -1.70000000e-03  1.00010727e+00 
-1.60000000e-03  2.21710378e+00 -1.60000000e-03  2.00196239e+00 -1.60000000e-03 -3.01161963e-03 -1.60000000e-03 -4.05690033e-04 -1.60000000e-03  7.99623273e-01 -1.60000000e-03  1.00030161e+00 -1.60000000e-03  7.99622822e-01 -1.60000000e-03  1.00019804e+00 -1.60000000e-03  7.99622595e-01 -1.60000000e-03  1.00014617e+00 -1.60000000e-03  7.99622481e-01 -1.60000000e-03  1.00012022e+00 -1.60000000e-03  7.99622424e-01 -1.60000000e-03  1.00010723e+00 
-1.50000000e-03  2.21732962e+00 -1.50000000e-03  2.00173706e+00 -1.50000000e-03 -3.01161779e-03 -1.50000000e-03 -4.05691777e-04 -1.50000000e-03  7.99623274e-01 -1.50000000e-03  1.00030106e+00 -1.50000000e-03  7.99622822e-01 -1.50000000e-03  1.00019777e+00 -1.50000000e-03  7.99622595e-01 -1.50000000e-03  1.00014604e+00 -1.50000000e-03  7.99622481e-01 -1.50000000e-03  1.00012015e+00 -1.50000000e-03  7.99622424e-01 -1.50000000e-03  1.00010720e+00 
-1.40000000e-03  2.21755547e+00 -1.40000000e-03  2.00151173e+00 -1.40000000e-03 -3.01161594e-03 -1.40000000e-03 -4.05693520e-04 -1.40000000e-03  7.99623275e-01 -1.40000000e-03  1.00030052e+00 -1.40000000e-03  7.99622823e-01 -1.40000000e-03  1.00019750e+00 -1.40000000e-03  7.99622595e-01 -1.40000000e-03  1.00014590e+00 -1.40000000e-03  7.99622481e-01 -1.40000000e-03  1.00012008e+00 -1.40000000e-03  7.99622424e-01 -1.40000000e-03  1.00010716e+00 
-1.30000000e-03  2.21778132e+00 -1.30000000e-03  2.00128639e+00 -1.30000000e-03 -3.01161410e-03 -1.30000000e-03 -4.05695261e-04 -1.30000000e-03  7.99623275e-01 -1.30000000e-03  1.00029998e+00 -1.30000000e-03  7.99622823e-01 -1.30000000e-03  1.00019723e+00 -1.30000000e-03  7.99622595e-01 -1.30000000e-03  1.00014576e+00 -1.30000000e-03  7.99622481e-01 -1.30000000e-03  1.00012001e+00 -1.30000000e-03  7.99622424e-01 -1.30000000e-03  1.00010713e+00 
-1.20000000e-03  2.21800717e+00 -1.20000000e-03  2.00106105e+00 -1.20000000e-03 -3.01161226e-03 -1.20000000e-03 -4.05697001e-04 -1.20000000e-03  7.99623276e-01 -1.20000000e-03  1.00029944e+00 -1.20000000e-03  7.99622823e-01 -1.20000000e-03  1.00019696e+00 -1.20000000e-03  7.99622596e-01 -1.20000000e-03  1.00014563e+00 -1.20000000e-03  7.99622481e-01 -1.20000000e-03  1.00011994e+00 -1.20000000e-03  7.99622424e-01 -1.20000000e-03  1.00010710e+00 
-1.10000000e-03  2.21823302e+00 -1.10000000e-03  2.00083571e+00 -1.10000000e-03 -3.01161042e-03 -1.10000000e-03 -4.05698739e-04 -1.10000000e-03  7.99623277e-01 -1.10000000e-03  1.00029890e+00 -1.10000000e-03  7.99622824e-01 -1.10000000e-03  1.00019669e+00 -1.10000000e-03  7.99622596e-01 -1.10000000e-03  1.00014549e+00 -1.10000000e-03  7.99622481e-01 -1.10000000e-03  1.00011988e+00 -1.10000000e-03  7.99622424e-01 -1.10000000e-03  1.00010706e+00 
-1.00000000e-03  2.21845887e+00 -1.00000000e-03  2.00061036e+00 -1.00000000e-03 -3.01160858e-03 -1.00000000e-03 -4.05700476e-04 -1.00000000e-03  7.99623278e-01 -1.00000000e-03  1.00029836e+00 -1.00000000e-03  7.99622824e-01 -1.00000000e-03  1.00019642e+00 -1.00000000e-03  7.99622596e-01 -1.00000000e-03  1.00014536e+00 -1.00000000e-03  7.99622482e-01 -1.00000000e-03  1.00011981e+00 -1.00000000e-03  7.99622424e-01 -1.00000000e-03  1.00010703e+00 
-9.00000000e-04  2.21868473e+00 -9.00000000e-04  2.00038502e+00 -9.00000000e-04 -3.01160675e-03 -9.00000000e-04 -4.05702211e-04 -9.00000000e-04  7.99623279e-01 -9.00000000e-04  1.00029782e+00 -9.00000000e-04  7.99622825e-01 -9.00000000e-04  1.00019615e+00 -9.00000000e-04  7.99622596e-01 -9.00000000e-04  1.00014522e+00 -9.00000000e-04  7.99622482e-01 -9.00000000e-04  1.00011974e+00 -9.00000000e-04  7.99622424e-01 -9.00000000e-04  1.00010699e+00 
-8.00000000e-04  2.21891059e+00 -8.00000000e-04  2.00015967e+00 -8.00000000e-04 -3.01160491e-03 -8.00000000e-04 -4.05703946e-04 -8.00000000e-04  7.99623280e-01 -8.00000000e-04  1.00029728e+00 -8.00000000e-04  7.99622825e-01 -8.00000000e-04  1.00019588e+00 -8.00000000e-04  7.99622597e-01 -8.00000000e-04  1.00014509e+00 -8.00000000e-04  7.99622482e-01 -8.00000000e-04  1.00011967e+00 -8.00000000e-04  7.99622424e-01 -8.00000000e-04  1.00010696e+00 
-7.00000000e-04  2.21913644e+00 -7.00000000e-04  1.99993432e+00 -7.00000000e-04 -3.01160308e-03 -7.00000000e-04 -4.05705678e-04 -7.00000000e-04  7.99623281e-01 -7.00000000e-04  1.00029674e+00 -7.00000000e-04  7.99622826e-01 -7.00000000e-04  1.00019561e+00 -7.00000000e-04  7.99622597e-01 -7.00000000e-04  1.00014495e+00 -7.00000000e-04  7.99622482e-01 -7.00000000e-04  1.00011961e+00 -7.00000000e-04  7.99622424e-01 -7.00000000e-04  1.00010693e+00 
-6.00000000e-04  2.21936230e+00 -6.00000000e-04  1.99970897e+00 -6.00000000e-04 -3.01160125e-03 -6.00000000e-04 -4.05707410e-04 -6.00000000e-04  7.99623282e-01 -6.00000000e-04  1.00029621e+00 -6.00000000e-04  7.99622826e-01 -6.00000000e-04  1.00019534e+00 -6.00000000e-04  7.99622597e-01 -6.00000000e-04  1.00014482e+00 -6.00000000e-04  7.99622482e-01 -6.00000000e-04  1.00011954e+00 -6.00000000e-04  7.99622424e-01 -6.00000000e-04  1.00010689e+00 
-5.00000000e-04  2.21958816e+00 -5.00000000e-04  1.99948362e+00 -5.00000000e-04 -3.01159942e-03 -5.00000000e-04 -4.05709139e-04 -5.00000000e-04  7.99623283e-01 -5.00000000e-04  1.00029567e+00 -5.00000000e-04  7.99622827e-01 -5.00000000e-04  1.00019507e+00 -5.00000000e-04  7.99622597e-01 -5.00000000e-04  1.00014468e+00 -5.00000000e-04  7.99622482e-01 -5.00000000e-04  1.00011947e+00 -5.00000000e-04  7.99622424e-01 -5.00000000e-04  1.00010686e+00 
-4.00000000e-04  2.21981402e+00 -4.00000000e-04  1.99925827e+00 -4.00000000e-04 -3.01159760e-03 -4.00000000e-04 -4.05710868e-04 -4.00000000e-04  7.99623284e-01 -4.00000000e-04  1.00029513e+00 -4.00000000e-04  7.99622827e-01 -4.00000000e-04  1.00019480e+00 -4.00000000e-04  7.99622598e-01 -4.00000000e-04  1.00014455e+00 -4.00000000e-04  7.99622482e-01 -4.00000000e-04  1.00011940e+00 -4.00000000e-04  7.99622425e-01 -4.00000000e-04  1.00010683e+00 
-3.00000000e-04  2.22003988e+00 -3.00000000e-04  1.99903291e+00 -3.00000000e-04 -3.01159577e-03 -3.00000000e-04 -4.05712595e-04 -3.00000000e-04  7.99623285e-01 -3.00000000e-04  1.00029460e+00 -3.00000000e-04  7.99622828e-01 -3.00000000e-04  1.00019453e+00 -3.00000000e-04  7.99622598e-01 -3.00000000e-04  1.00014441e+00 -3.00000000e-04  7.99622482e-01 -3.00000000e-04  1.00011934e+00 -3.00000000e-04  7.99622425e-01 -3.00000000e-04  1.00010679e+00 
-2.00000000e-04  2.22026574e+00 -2.00000000e-04  1.99880756e+00 -2.00000000e-04 -3.01159395e-03 -2.00000000e-04 -4.05714321e-04 -2.00000000e-04  7.99623286e-01 -2.00000000e-04  1.00029406e+00 -2.00000000e-04  7.99622828e-01 -2.00000000e-04  1.00019426e+00 -2.00000000e-04  7.99622598e-01 -2.00000000e-04  1.00014428e+00 -2.00000000e-04  7.99622483e-01 -2.00000000e-04  1.00011927e+00 -2.00000000e-04  7.99622425e-01 -2.00000000e-04  1.00010676e+00 
-1.00000000e-04  2.22049160e+00 -1.00000000e-04  1.99858220e+00 -1.00000000e-04 -3.01159213e-03 -1.00000000e-04 -4.05716045e-04 -1.00000000e-04  7.99623287e-01 -1.00000000e-04  1.00029352e+00 -1.00000000e-04  7.99622829e-01 -1.00000000e-04  1.00019399e+00 -1.00000000e-04  7.99622598e-01 -1.00000000e-04  1.00014415e+00 -1.00000000e-04  7.99622483e-01 -1.00000000e-04  1.00011920e+00 -1.00000000e-04  7.99622425e-01 -1.00000000e-04  1.00010673e+00 
 6.90175998e-16  2.22071746e+00  6.90175998e-16  1.99835684e+00  6.90175998e-16 -3.01159031e-03  6.90175998e-16 -4.05717768e-04  6.90175998e-16  7.99623288e-01  6.90175998e-16  1.00029299e+00  6.90175998e-16  7.99622829e-01  6.90175998e-16  1.00019373e+00  6.90175998e-16  7.99622598e-01  6.90175998e-16  1.00014401e+00  6.90175998e-16  7.99622483e-01  6.90175998e-16  1.00011914e+00  6.90175998e-16  7.99622425e-01  6.90175998e-16  1.00010669e+00 
 1.00000000e-04  2.22094332e+00  1.00000000e-04  1.99813149e+00  1.00000000e-04 -3.01158850e-03  1.00000000e-04 -4.05719489e-04  1.00000000e-04  7.99623289e-01  1.00000000e-04  1.00029245e+00  1.00000000e-04  7.99622830e-01  1.00000000e-04  1.00019346e+00  1.00000000e-04  7.99622599e-01  1.00000000e-04  1.00014388e+00  1.00000000e-04  7.99622483e-01  1.00000000e-04  1.00011907e+00  1.00000000e-04  7.99622425e-01  1.00000000e-04  1.00010666e+00 
 2.00000000e-04  2.22116918e+00  2.00000000e-04  1.99790613e+00  2.00000000e-04 -3.01158668e-03  2.00000000e-04 -4.05721209e-04  2.00000000e-04  7.99623290e-01  2.00000000e-04  1.00029192e+00  2.00000000e-04  7.99622830e-01  2.00000000e-04  1.00019319e+00  2.00000000e-04  7.99622599e-01  2.00000000e-04  1.00014374e+00  2.00000000e-04  7.99622483e-01  2.00000000e-04  1.00011900e+00  2.00000000e-04  7.99622425e-01  2.00000000e-04  1.00010662e+00 
 3.00000000e-04  2.22139504e+00  3.00000000e-04  1.99768077e+00  3.00000000e-04 -3.01158487e-03  3.00000000e-04 -4.05722928e-04  3.00000000e-04  7.99623291e-01  3.00000000e-04  1.00029138e+00  3.00000000e-04  7.99622831e-01  3.00000000e-04  1.00019292e+00  3.00000000e-04  7.99622599e-01  3.00000000e-04  1.00014361e+00  3.00000000e-04  7.99622483e-01  3.00000000e-04  1.00011893e+00  3.00000000e-04  7.99622425e-01  3.00000000e-04  1.00010659e+00 
 4.00000000e-04  2.22162089e+00  4.00000000e-04  1.99745541e+00  4.00000000e-04 -3.01158306e-03  4.00000000e-04 -4.05724645e-04  4.00000000e-04  7.99623292e-01  4.00000000e-04  1.00029085e+00  4.00000000e-04  7.99622831e-01  4.00000000e-04  1.00019266e+00  4.00000000e-04  7.99622599e-01  4.00000000e-04  1.00014348e+00  4.00000000e-04  7.99622483e-01  4.00000000e-04  1.00011887e+00  4.00000000e-04  7.99622425e-01  4.00000000e-04  1.00010656e+00 
 5.00000000e-04  2.22184675e+00  5.00000000e-04  1.99723006e+00  5.00000000e-04 -3.01158125e-03  5.00000000e-04 -4.05726361e-04  5.00000000e-04  7.99623293e-01  5.00000000e-04  1.00029032e+00  5.00000000e-04  7.99622832e-01  5.00000000e-04  1.00019239e+00  5.00000000e-04  7.99622600e-01  5.00000000e-04  1.00014334e+00  5.00000000e-04  7.99622483e-01  5.00000000e-04  1.00011880e+00  5.00000000e-04  7.99622425e-01  5.00000000e-04  1.00010652e+00 
 6.00000000e-04  2.22207261e+00  6.00000000e-04  1.99700470e+00  6.00000000e-04 -3.01157945e-03  6.00000000e-04 -4.05728076e-04  6.00000000e-04  7.99623294e-01  6.00000000e-04  1.00028979e+00  6.00000000e-04  7.99622832e-01  6.00000000e-04  1.00019212e+00  6.00000000e-04  7.99622600e-01  6.00000000e-04  1.00014321e+00  6.00000000e-04  7.99622484e-01  6.00000000e-04  1.00011873e+00  6.00000000e-04  7.99622425e-01  6.00000000e-04  1.00010649e+00 
 7.00000000e-04  2.22229847e+00  7.00000000e-04  1.99677934e+00  7.00000000e-04 -3.01157764e-03  7.00000000e-04 -4.05729789e-04  7.00000000e-04  7.99623295e-01  7.00000000e-04  1.00028925e+00  7.00000000e-04  7.99622833e-01  7.00000000e-04  1.00019185e+00  7.00000000e-04  7.99622600e-01  7.00000000e-04  1.00014308e+00  7.00000000e-04  7.99622484e-01  7.00000000e-04  1.00011867e+00  7.00000000e-04  7.99622425e-01  7.00000000e-04  1.00010646e+00 
 8.00000000e-04  2.22252432e+00  8.00000000e-04  1.99655398e+00  8.00000000e-04 -3.01157584e-03  8.00000000e-04 -4.05731500e-04  8.00000000e-04  7.99623295e-01  8.00000000e-04  1.00028872e+00  8.00000000e-04  7.99622833e-01  8.00000000e-04  1.00019159e+00  8.00000000e-04  7.99622600e-01  8.00000000e-04  1.00014294e+00  8.00000000e-04  7.99622484e-01  8.00000000e-04  1.00011860e+00  8.00000000e-04  7.99622425e-01  8.00000000e-04  1.00010642e+00 
 9.00000000e-04  2.22275018e+00  9.00000000e-04  1.99632862e+00  9.00000000e-04 -3.01157404e-03  9.00000000e-04 -4.05733210e-04  9.00000000e-04  7.99623296e-01  9.00000000e-04  1.00028819e+00  9.00000000e-04  7.99622834e-01  9.00000000e-04  1.00019132e+00  9.00000000e-04  7.99622601e-01  9.00000000e-04  1.00014281e+00  9.00000000e-04  7.99622484e-01  9.00000000e-04  1.00011853e+00  9.00000000e-04  7.99622425e-01  9.00000000e-04  1.00010639e+00 
 1.00000000e-03  2.22297603e+00  1.00000000e-03  1.99610327e+00  1.00000000e-03 -3.01157224e-03  1.00000000e-03 -4.05734919e-04  1.00000000e-03  7.99623297e-01  1.00000000e-03  1.00028766e+00  1.00000000e-03  7.99622834e-01  1.00000000e-03  1.00019106e+00  1.00000000e-03  7.99622601e-01  1.00000000e-03  1.00014268e+00  1.00000000e-03  7.99622484e-01  1.00000000e-03  1.00011847e+00  1.00000000e-03  7.99622425e-01  1.00000000e-03  1.00010636e+00 
 1.10000000e-03  2.22320189e+00  1.10000000e-03  1.99587791e+00  1.10000000e-03 -3.01157044e-03  1.10000000e-03 -4.05736627e-04  1.10000000e-03  7.99623298e-01  1.10000000e-03  1.00028713e+00  1.10000000e-03  7.99622834e-01  1.10000000e-03  1.00019079e+00  1.10000000e-03  7.99622601e-01  1.10000000e-03  1.00014254e+00  1.10000000e-03  7.99622484e-01  1.10000000e-03  1.00011840e+00  1.10000000e-03  7.99622426e-01  1.10000000e-03  1.00010632e+00 
 1.20000000e-03  2.22342774e+00  1.20000000e-03  1.99565256e+00  1.20000000e-03 -3.01156865e-03  1.20000000e-03 -4.05738332e-04  1.20000000e-03  7.99623299e-01  1.20000000e-03  1.00028660e+00  1.20000000e-03  7.99622835e-01  1.20000000e-03  1.00019053e+00  1.20000000e-03  7.99622601e-01  1.20000000e-03  1.00014241e+00  1.20000000e-03  7.99622484e-01  1.20000000e-03  1.00011833e+00  1.20000000e-03  7.99622426e-01  1.20000000e-03  1.00010629e+00 
 1.30000000e-03  2.22365359e+00  1.30000000e-03  1.99542720e+00  1.30000000e-03 -3.01156685e-03  1.30000000e-03 -4.05740037e-04  1.30000000e-03  7.99623300e-01  1.30000000e-03  1.00028607e+00  1.30000000e-03  7.99622835e-01  1.30000000e-03  1.00019026e+00  1.30000000e-03  7.99622602e-01  1.30000000e-03  1.00014228e+00  1.30000000e-03  7.99622484e-01  1.30000000e-03  1.00011827e+00  1.30000000e-03  7.99622426e-01  1.30000000e-03  1.00010626e+00 
 1.40000000e-03  2.22387943e+00  1.40000000e-03  1.99520185e+00  1.40000000e-03 -3.01156506e-03  1.40000000e-03 -4.05741740e-04  1.40000000e-03  7.99623301e-01  1.40000000e-03  1.00028554e+00  1.40000000e-03  7.99622836e-01  1.40000000e-03  1.00019000e+00  1.40000000e-03  7.99622602e-01  1.40000000e-03  1.00014215e+00  1.40000000e-03  7.99622485e-01  1.40000000e-03  1.00011820e+00  1.40000000e-03  7.99622426e-01  1.40000000e-03  1.00010623e+00 
 1.50000000e-03  2.22410528e+00  1.50000000e-03  1.99497650e+00  1.50000000e-03 -3.01156327e-03  1.50000000e-03 -4.05743442e-04  1.50000000e-03  7.99623302e-01  1.50000000e-03  1.00028501e+00  1.50000000e-03  7.99622836e-01  1.50000000e-03  1.00018973e+00  1.50000000e-03  7.99622602e-01  1.50000000e-03  1.00014201e+00  1.50000000e-03  7.99622485e-01  1.50000000e-03  1.00011814e+00  1.50000000e-03  7.99622426e-01  1.50000000e-03  1.00010619e+00 
 1.60000000e-03  2.22433112e+00  1.60000000e-03  1.99475115e+00  1.60000000e-03 -3.01156148e-03  1.60000000e-03 -4.05745142e-04  1.60000000e-03  7.99623303e-01  1.60000000e-03  1.00028448e+00  1.60000000e-03  7.99622837e-01  1.60000000e-03  1.00018947e+00  1.60000000e-03  7.99622602e-01  1.60000000e-03  1.00014188e+00  1.60000000e-03  7.99622485e-01  1.60000000e-03  1.00011807e+00  1.60000000e-03  7.99622426e-01  1.60000000e-03  1.00010616e+00 
 1.70000000e-03  2.22455696e+00  1.70000000e-03  1.99452580e+00  1.70000000e-03 -3.01155970e-03  1.70000000e-03 -4.05746841e-04  1.70000000e-03  7.99623304e-01  1.70000000e-03  1.00028395e+00  1.70000000e-03  7.99622837e-01  1.70000000e-03  1.00018920e+00  1.70000000e-03  7.99622603e-01  1.70000000e-03  1.00014175e+00  1.70000000e-03  7.99622485e-01  1.70000000e-03  1.00011800e+00  1.70000000e-03  7.99622426e-01  1.70000000e-03  1.00010613e+00 
 1.80000000e-03  2.22478280e+00  1.80000000e-03  1.99430045e+00  1.80000000e-03 -3.01155792e-03  1.80000000e-03 -4.05748539e-04  1.80000000e-03  7.99623305e-01  1.80000000e-03  1.00028343e+00  1.80000000e-03  7.99622838e-01  1.80000000e-03  1.00018894e+00  1.80000000e-03  7.99622603e-01  1.80000000e-03  1.00014162e+00  1.80000000e-03  7.99622485e-01  1.80000000e-03  1.00011794e+00  1.80000000e-03  7.99622426e-01  1.80000000e-03  1.00010609e+00 
 1.90000000e-03  2.22500864e+00  1.90000000e-03  1.99407511e+00  1.90000000e-03 -3.01155613e-03  1.90000000e-03 -4.05750235e-04  1.90000000e-03  7.99623306e-01  1.90000000e-03  1.00028290e+00  1.90000000e-03  7.99622838e-01  1.90000000e-03  1.00018867e+00  1.90000000e-03  7.99622603e-01  1.90000000e-03  1.00014148e+00  1.90000000e-03  7.99622485e-01  1.90000000e-03  1.00011787e+00  1.90000000e-03  7.99622426e-01  1.90000000e-03  1.00010606e+00 
 2.00000000e-03  2.22523448e+00  2.00000000e-03  1.99384976e+00  2.00000000e-03 -3.01155435e-03  2.00000000e-03 -4.05751929e-04  2.00000000e-03  7.99623307e-01  2.00000000e-03  1.00028237e+00  2.00000000e-03  7.99622839e-01  2.00000000e-03  1.00018841e+00  2.00000000e-03  7.99622603e-01  2.00000000e-03  1.00014135e+00  2.00000000e-03  7.99622485e-01  2.00000000e-03  1.00011781e+00  2.00000000e-03  7.99622426e-01  2.00000000e-03  1.00010603e+00 
 2.10000000e-03  2.22546031e+00  2.10000000e-03  1.99362442e+00  2.10000000e-03 -3.01155257e-03  2.10000000e-03 -4.05753623e-04  2.10000000e-03  7.99623308e-01  2.10000000e-03  1.00028185e+00  2.10000000e-03  7.99622839e-01  2.10000000e-03  1.00018815e+00  2.10000000e-03  7.99622604e-01  2.10000000e-03  1.00014122e+00  2.10000000e-03  7.99622485e-01  2.10000000e-03  1.00011774e+00  2.10000000e-03  7.99622426e-01  2.10000000e-03  1.00010599e+00 
 2.20000000e-03  2.22568614e+00  2.20000000e-03  1.99339908e+00  2.20000000e-03 -3.01155080e-03  2.20000000e-03 -4.05755314e-04  2.20000000e-03  7.99623309e-01  2.20000000e-03  1.00028132e+00  2.20000000e-03  7.99622840e-01  2.20000000e-03  1.00018788e+00  2.20000000e-03  7.99622604e-01  2.20000000e-03  1.00014109e+00  2.20000000e-03  7.99622486e-01  2.20000000e-03  1.00011767e+00  2.20000000e-03  7.99622426e-01  2.20000000e-03  1.00010596e+00 
 2.30000000e-03  2.22591196e+00  2.30000000e-03  1.99317374e+00  2.30000000e-03 -3.01154902e-03  2.30000000e-03 -4.05757005e-04  2.30000000e-03  7.99623310e-01  2.30000000e-03  1.00028080e+00  2.30000000e-03  7.99622840e-01  2.30000000e-03  1.00018762e+00  2.30000000e-03  7.99622604e-01  2.30000000e-03  1.00014096e+00  2.30000000e-03  7.99622486e-01  2.30000000e-03  1.00011761e+00  2.30000000e-03  7.99622426e-01  2.30000000e-03  1.00010593e+00 
 2.40000000e-03  2.22613779e+00  2.40000000e-03  1.99294841e+00  2.40000000e-03 -3.01154725e-03  2.40000000e-03 -4.05758694e-04  2.40000000e-03  7.99623311e-01  2.40000000e-03  1.00028027e+00  2.40000000e-03  7.99622841e-01  2.40000000e-03  1.00018736e+00  2.40000000e-03  7.99622604e-01  2.40000000e-03  1.00014083e+00  2.40000000e-03  7.99622486e-01  2.40000000e-03  1.00011754e+00  2.40000000e-03  7.99622426e-01  2.40000000e-03  1.00010589e+00 
 2.50000000e-03  2.22636361e+00  2.50000000e-03  1.99272308e+00  2.50000000e-03 -3.01154548e-03  2.50000000e-03 -4.05760381e-04  2.50000000e-03  7.99623312e-01  2.50000000e-03  1.00027975e+00  2.50000000e-03  7.99622841e-01  2.50000000e-03  1.00018710e+00  2.50000000e-03  7.99622605e-01  2.50000000e-03  1.00014070e+00  2.50000000e-03  7.99622486e-01  2.50000000e-03  1.00011748e+00  2.50000000e-03  7.99622426e-01  2.50000000e-03  1.00010586e+00 
 2.60000000e-03  2.22658942e+00  2.60000000e-03  1.99249775e+00  2.60000000e-03 -3.01154371e-03  2.60000000e-03 -4.05762068e-04  2.60000000e-03  7.99623313e-01  2.60000000e-03  1.00027922e+00  2.60000000e-03  7.99622842e-01  2.60000000e-03  1.00018683e+00  2.60000000e-03  7.99622605e-01  2.60000000e-03  1.00014056e+00  2.60000000e-03  7.99622486e-01  2.60000000e-03  1.00011741e+00  2.60000000e-03  7.99622427e-01  2.60000000e-03  1.00010583e+00 
 2.70000000e-03  2.22681524e+00  2.70000000e-03  1.99227242e+00  2.70000000e-03 -3.01154195e-03  2.70000000e-03 -4.05763752e-04  2.70000000e-03  7.99623314e-01  2.70000000e-03  1.00027870e+00  2.70000000e-03  7.99622842e-01  2.70000000e-03  1.00018657e+00  2.70000000e-03  7.99622605e-01  2.70000000e-03  1.00014043e+00  2.70000000e-03  7.99622486e-01  2.70000000e-03  1.00011734e+00  2.70000000e-03  7.99622427e-01  2.70000000e-03  1.00010580e+00 
 2.80000000e-03  2.22704105e+00  2.80000000e-03  1.99204710e+00  2.80000000e-03 -3.01154018e-03  2.80000000e-03 -4.05765436e-04  2.80000000e-03  7.99623315e-01  2.80000000e-03  1.00027818e+00  2.80000000e-03  7.99622843e-01  2.80000000e-03  1.00018631e+00  2.80000000e-03  7.99622605e-01  2.80000000e-03  1.00014030e+00  2.80000000e-03  7.99622486e-01  2.80000000e-03  1.00011728e+00  2.80000000e-03  7.99622427e-01  2.80000000e-03  1.00010576e+00 
 2.90000000e-03  2.22726685e+00  2.90000000e-03  1.99182178e+00  2.90000000e-03 -3.01153842e-03  2.90000000e-03 -4.05767118e-04  2.90000000e-03  7.99623316e-01  2.90000000e-03  1.00027765e+00  2.90000000e-03  7.99622843e-01  2.90000000e-03  1.00018605e+00  2.90000000e-03  7.99622606e-01  2.90000000e-03  1.00014017e+00  2.90000000e-03  7.99622486e-01  2.90000000e-03  1.00011721e+00  2.90000000e-03  7.99622427e-01  2.90000000e-03  1.00010573e+00 
 3.00000000e-03  2.22749266e+00  3.00000000e-03  1.99159646e+00  3.00000000e-03 -3.01153666e-03  3.00000000e-03 -4.05768798e-04  3.00000000e-03  7.99623317e-01  3.00000000e-03  1.00027713e+00  3.00000000e-03  7.99622844e-01  3.00000000e-03  1.00018579e+00  3.00000000e-03  7.99622606e-01  3.00000000e-03  1.00014004e+00  3.00000000e-03  7.99622487e-01  3.00000000e-03  1.00011715e+00  3.00000000e-03  7.99622427e-01  3.00000000e-03  1.00010570e+00 
 3.10000000e-03  2.22771846e+00  3.10000000e-03  1.99137114e+00  3.10000000e-03 -3.01153490e-03  3.10000000e-03 -4.05770477e-04  3.10000000e-03  7.99623318e-01  3.10000000e-03  1.00027661e+00  3.10000000e-03  7.99622844e-01  3.10000000e-03  1.00018552e+00  3.10000000e-03  7.99622606e-01  3.10000000e-03  1.00013991e+00  3.10000000e-03  7.99622487e-01  3.10000000e-03  1.00011708e+00  3.10000000e-03  7.99622427e-01  3.10000000e-03  1.00010567e+00 
 3.20000000e-03  2.22794425e+00  3.20000000e-03  1.99114583e+00  3.20000000e-03 -3.01153314e-03  3.20000000e-03 -4.05772155e-04  3.20000000e-03  7.99623319e-01  3.20000000e-03  1.00027609e+00  3.20000000e-03  7.99622845e-01  3.20000000e-03  1.00018526e+00  3.20000000e-03  7.99622606e-01  3.20000000e-03  1.00013978e+00  3.20000000e-03  7.99622487e-01  3.20000000e-03  1.00011702e+00  3.20000000e-03  7.99622427e-01  3.20000000e-03  1.00010563e+00 
 3.30000000e-03  2.22817004e+00  3.30000000e-03  1.99092053e+00  3.30000000e-03 -3.01153138e-03  3.30000000e-03 -4.05773831e-04  3.30000000e-03  7.99623320e-01  3.30000000e-03  1.00027557e+00  3.30000000e-03  7.99622845e-01  3.30000000e-03  1.00018500e+00  3.30000000e-03  7.99622607e-01  3.30000000e-03  1.00013965e+00  3.30000000e-03  7.99622487e-01  3.30000000e-03  1.00011695e+00  3.30000000e-03  7.99622427e-01  3.30000000e-03  1.00010560e+00 
 3.40000000e-03  2.22839583e+00  3.40000000e-03  1.99069522e+00  3.40000000e-03 -3.01152963e-03  3.40000000e-03 -4.05775506e-04  3.40000000e-03  7.99623321e-01  3.40000000e-03  1.00027505e+00  3.40000000e-03  7.99622846e-01  3.40000000e-03  1.00018474e+00  3.40000000e-03  7.99622607e-01  3.40000000e-03  1.00013952e+00  3.40000000e-03  7.99622487e-01  3.40000000e-03  1.00011689e+00  3.40000000e-03  7.99622427e-01  3.40000000e-03  1.00010557e+00 
 3.50000000e-03  2.22862161e+00  3.50000000e-03  1.99046992e+00  3.50000000e-03 -3.01152788e-03  3.50000000e-03 -4.05777180e-04  3.50000000e-03  7.99623321e-01  3.50000000e-03  1.00027453e+00  3.50000000e-03  7.99622846e-01  3.50000000e-03  1.00018448e+00  3.50000000e-03  7.99622607e-01  3.50000000e-03  1.00013939e+00  3.50000000e-03  7.99622487e-01  3.50000000e-03  1.00011682e+00  3.50000000e-03  7.99622427e-01  3.50000000e-03  1.00010553e+00 
 3.60000000e-03  2.22884738e+00  3.60000000e-03  1.99024463e+00  3.60000000e-03 -3.01152613e-03  3.60000000e-03 -4.05778852e-04  3.60000000e-03  7.99623322e-01  3.60000000e-03  1.00027401e+00  3.60000000e-03  7.99622847e-01  3.60000000e-03  1.00018422e+00  3.60000000e-03  7.99622607e-01  3.60000000e-03  1.00013926e+00  3.60000000e-03  7.99622487e-01  3.60000000e-03  1.00011676e+00  3.60000000e-03  7.99622427e-01  3.60000000e-03  1.00010550e+00 
 3.70000000e-03  2.22907316e+00  3.70000000e-03  1.99001934e+00  3.70000000e-03 -3.01152438e-03  3.70000000e-03 -4.05780522e-04  3.70000000e-03  7.99623323e-01  3.70000000e-03  1.00027349e+00  3.70000000e-03  7.99622847e-01  3.70000000e-03  1.00018396e+00  3.70000000e-03  7.99622607e-01  3.70000000e-03  1.00013913e+00  3.70000000e-03  7.99622487e-01  3.70000000e-03  1.00011669e+00  3.70000000e-03  7.99622427e-01  3.70000000e-03  1.00010547e+00 
 3.80000000e-03  2.22929892e+00  3.80000000e-03  1.98979405e+00  3.80000000e-03 -3.01152263e-03  3.80000000e-03 -4.05782192e-04  3.80000000e-03  7.99623324e-01  3.80000000e-03  1.00027297e+00  3.80000000e-03  7.99622847e-01  3.80000000e-03  1.00018370e+00  3.80000000e-03  7.99622608e-01  3.80000000e-03  1.00013900e+00  3.80000000e-03  7.99622488e-01  3.80000000e-03  1.00011663e+00  3.80000000e-03  7.99622427e-01  3.80000000e-03  1.00010544e+00 
 3.90000000e-03  2.22952469e+00  3.90000000e-03  1.98956876e+00  3.90000000e-03 -3.01152089e-03  3.90000000e-03 -4.05783859e-04  3.90000000e-03  7.99623325e-01  3.90000000e-03  1.00027245e+00  3.90000000e-03  7.99622848e-01  3.90000000e-03  1.00018344e+00  3.90000000e-03  7.99622608e-01  3.90000000e-03  1.00013887e+00  3.90000000e-03  7.99622488e-01  3.90000000e-03  1.00011656e+00  3.90000000e-03  7.99622427e-01  3.90000000e-03  1.00010540e+00 
 4.00000000e-03  2.22975044e+00  4.00000000e-03  1.98934349e+00  4.00000000e-03 -3.01151914e-03  4.00000000e-03 -4.05785526e-04  4.00000000e-03  7.99623326e-01  4.00000000e-03  1.00027193e+00  4.00000000e-03  7.99622848e-01  4.00000000e-03  1.00018318e+00  4.00000000e-03  7.99622608e-01  4.00000000e-03  1.00013874e+00  4.00000000e-03  7.99622488e-01  4.00000000e-03  1.00011650e+00  4.00000000e-03  7.99622427e-01  4.00000000e-03  1.00010537e+00 
 4.10000000e-03  2.22997620e+00  4.10000000e-03  1.98911821e+00  4.10000000e-03 -3.01151740e-03  4.10000000e-03 -4.05787191e-04  4.10000000e-03  7.99623327e-01  4.10000000e-03  1.00027142e+00  4.10000000e-03  7.99622849e-01  4.10000000e-03  1.00018292e+00  4.10000000e-03  7.99622608e-01  4.10000000e-03  1.00013861e+00  4.10000000e-03  7.99622488e-01  4.10000000e-03  1.00011643e+00  4.10000000e-03  7.99622428e-01  4.10000000e-03  1.00010534e+00 
 4.20000000e-03  2.23020194e+00  4.20000000e-03  1.98889294e+00  4.20000000e-03 -3.01151566e-03  4.20000000e-03 -4.05788854e-04  4.20000000e-03  7.99623328e-01  4.20000000e-03  1.00027090e+00  4.20000000e-03  7.99622849e-01  4.20000000e-03  1.00018267e+00  4.20000000e-03  7.99622609e-01  4.20000000e-03  1.00013848e+00  4.20000000e-03  7.99622488e-01  4.20000000e-03  1.00011637e+00  4.20000000e-03  7.99622428e-01  4.20000000e-03  1.00010531e+00 
 4.30000000e-03  2.23042768e+00  4.30000000e-03  1.98866768e+00  4.30000000e-03 -3.01151393e-03  4.30000000e-03 -4.05790516e-04  4.30000000e-03  7.99623329e-01  4.30000000e-03  1.00027038e+00  4.30000000e-03  7.99622850e-01  4.30000000e-03  1.00018241e+00  4.30000000e-03  7.99622609e-01  4.30000000e-03  1.00013835e+00  4.30000000e-03  7.99622488e-01  4.30000000e-03  1.00011630e+00  4.30000000e-03  7.99622428e-01  4.30000000e-03  1.00010528e+00 
 4.40000000e-03  2.23065342e+00  4.40000000e-03  1.98844242e+00  4.40000000e-03 -3.01151219e-03  4.40000000e-03 -4.05792177e-04  4.40000000e-03  7.99623330e-01  4.40000000e-03  1.00026987e+00  4.40000000e-03  7.99622850e-01  4.40000000e-03  1.00018215e+00  4.40000000e-03  7.99622609e-01  4.40000000e-03  1.00013822e+00  4.40000000e-03  7.99622488e-01  4.40000000e-03  1.00011624e+00  4.40000000e-03  7.99622428e-01  4.40000000e-03  1.00010524e+00 
 4.50000000e-03  2.23087915e+00  4.50000000e-03  1.98821717e+00  4.50000000e-03 -3.01151046e-03  4.50000000e-03 -4.05793836e-04  4.50000000e-03  7.99623331e-01  4.50000000e-03  1.00026935e+00  4.50000000e-03  7.99622851e-01  4.50000000e-03  1.00018189e+00  4.50000000e-03  7.99622609e-01  4.50000000e-03  1.00013809e+00  4.50000000e-03  7.99622488e-01  4.50000000e-03  1.00011617e+00  4.50000000e-03  7.99622428e-01  4.50000000e-03  1.00010521e+00 
 4.60000000e-03  2.23110487e+00  4.60000000e-03  1.98799192e+00  4.60000000e-03 -3.01150873e-03  4.60000000e-03 -4.05795494e-04  4.60000000e-03  7.99623332e-01  4.60000000e-03  1.00026884e+00  4.60000000e-03  7.99622851e-01  4.60000000e-03  1.00018163e+00  4.60000000e-03  7.99622610e-01  4.60000000e-03  1.00013796e+00  4.60000000e-03  7.99622489e-01  4.60000000e-03  1.00011611e+00  4.60000000e-03  7.99622428e-01  4.60000000e-03  1.00010518e+00 
 4.70000000e-03  2.23133059e+00  4.70000000e-03  1.98776667e+00  4.70000000e-03 -3.01150700e-03  4.70000000e-03 -4.05797151e-04  4.70000000e-03  7.99623333e-01  4.70000000e-03  1.00026832e+00  4.70000000e-03  7.99622852e-01  4.70000000e-03  1.00018137e+00  4.70000000e-03  7.99622610e-01  4.70000000e-03  1.00013783e+00  4.70000000e-03  7.99622489e-01  4.70000000e-03  1.00011604e+00  4.70000000e-03  7.99622428e-01  4.70000000e-03  1.00010515e+00 
 4.80000000e-03  2.23155631e+00  4.80000000e-03  1.98754144e+00  4.80000000e-03 -3.01150527e-03  4.80000000e-03 -4.05798806e-04  4.80000000e-03  7.99623334e-01  4.80000000e-03  1.00026781e+00  4.80000000e-03  7.99622852e-01  4.80000000e-03  1.00018112e+00  4.80000000e-03  7.99622610e-01  4.80000000e-03  1.00013770e+00  4.80000000e-03  7.99622489e-01  4.80000000e-03  1.00011598e+00  4.80000000e-03  7.99622428e-01  4.80000000e-03  1.00010511e+00 
 4.90000000e-03  2.23178201e+00  4.90000000e-03  1.98731620e+00  4.90000000e-03 -3.01150354e-03  4.90000000e-03 -4.05800459e-04  4.90000000e-03  7.99623335e-01  4.90000000e-03  1.00026729e+00  4.90000000e-03  7.99622853e-01  4.90000000e-03  1.00018086e+00  4.90000000e-03  7.99622610e-01  4.90000000e-03  1.00013758e+00  4.90000000e-03  7.99622489e-01  4.90000000e-03  1.00011592e+00  4.90000000e-03  7.99622428e-01  4.90000000e-03  1.00010508e+00 
 5.00000000e-03  2.23200771e+00  5.00000000e-03  1.98709098e+00  5.00000000e-03 -3.01150182e-03  5.00000000e-03 -4.05802112e-04  5.00000000e-03  7.99623336e-01  5.00000000e-03  1.00026678e+00  5.00000000e-03  7.99622853e-01  5.00000000e-03  1.00018060e+00  5.00000000e-03  7.99622611e-01  5.00000000e-03  1.00013745e+00  5.00000000e-03  7.99622489e-01  5.00000000e-03  1.00011585e+00  5.00000000e-03  7.99622428e-01  5.00000000e-03  1.00010505e+00 
 5.10000000e-03  2.23223340e+00  5.10000000e-03  1.98686576e+00  5.10000000e-03 -3.01150009e-03  5.10000000e-03 -4.05803762e-04  5.10000000e-03  7.99623337e-01  5.10000000e-03  1.00026627e+00  5.10000000e-03  7.99622854e-01  5.10000000e-03  1.00018035e+00  5.10000000e-03  7.99622611e-01  5.10000000e-03  1.00013732e+00  5.10000000e-03  7.99622489e-01  5.10000000e-03  1.00011579e+00  5.10000000e-03  7.99622428e-01  5.10000000e-03  1.00010502e+00 
 5.20000000e-03  2.23245909e+00  5.20000000e-03  1.98664054e+00  5.20000000e-03 -3.01149837e-03  5.20000000e-03 -4.05805412e-04  5.20000000e-03  7.99623338e-01  5.20000000e-03  1.00026575e+00  5.20000000e-03  7.99622854e-01  5.20000000e-03  1.00018009e+00  5.20000000e-03  7.99622611e-01  5.20000000e-03  1.00013719e+00  5.20000000e-03  7.99622489e-01  5.20000000e-03  1.00011572e+00  5.20000000e-03  7.99622428e-01  5.20000000e-03  1.00010499e+00 
 5.30000000e-03  2.23268477e+00  5.30000000e-03  1.98641533e+00  5.30000000e-03 -3.01149665e-03  5.30000000e-03 -4.05807060e-04  5.30000000e-03  7.99623339e-01  5.30000000e-03  1.00026524e+00  5.30000000e-03  7.99622855e-01  5.30000000e-03  1.00017983e+00  5.30000000e-03  7.99622611e-01  5.30000000e-03  1.00013706e+00  5.30000000e-03  7.99622489e-01  5.30000000e-03  1.00011566e+00  5.30000000e-03  7.99622428e-01  5.30000000e-03  1.00010495e+00 
 5.40000000e-03  2.23291044e+00  5.40000000e-03  1.98619013e+00  5.40000000e-03 -3.01149494e-03  5.40000000e-03 -4.05808706e-04  5.40000000e-03  7.99623340e-01  5.40000000e-03  1.00026473e+00  5.40000000e-03  7.99622855e-01  5.40000000e-03  1.00017958e+00  5.40000000e-03  7.99622612e-01  5.40000000e-03  1.00013693e+00  5.40000000e-03  7.99622490e-01  5.40000000e-03  1.00011559e+00  5.40000000e-03  7.99622428e-01  5.40000000e-03  1.00010492e+00 
 5.50000000e-03  2.23313611e+00  5.50000000e-03  1.98596494e+00  5.50000000e-03 -3.01149322e-03  5.50000000e-03 -4.05810351e-04  5.50000000e-03  7.99623341e-01  5.50000000e-03  1.00026422e+00  5.50000000e-03  7.99622856e-01  5.50000000e-03  1.00017932e+00  5.50000000e-03  7.99622612e-01  5.50000000e-03  1.00013681e+00  5.50000000e-03  7.99622490e-01  5.50000000e-03  1.00011553e+00  5.50000000e-03  7.99622428e-01  5.50000000e-03  1.00010489e+00 
 5.60000000e-03  2.23336177e+00  5.60000000e-03  1.98573975e+00  5.60000000e-03 -3.01149151e-03  5.60000000e-03 -4.05811995e-04  5.60000000e-03  7.99623342e-01  5.60000000e-03  1.00026371e+00  5.60000000e-03  7.99622856e-01  5.60000000e-03  1.00017907e+00  5.60000000e-03  7.99622612e-01  5.60000000e-03  1.00013668e+00  5.60000000e-03  7.99622490e-01  5.60000000e-03  1.00011547e+00  5.60000000e-03  7.99622429e-01  5.60000000e-03  1.00010486e+00 
 5.70000000e-03  2.23358742e+00  5.70000000e-03  1.98551456e+00  5.70000000e-03 -3.01148980e-03  5.70000000e-03 -4.05813637e-04  5.70000000e-03  7.99623343e-01  5.70000000e-03  1.00026320e+00  5.70000000e-03  7.99622857e-01  5.70000000e-03  1.00017881e+00  5.70000000e-03  7.99622612e-01  5.70000000e-03  1.00013655e+00  5.70000000e-03  7.99622490e-01  5.70000000e-03  1.00011540e+00  5.70000000e-03  7.99622429e-01  5.70000000e-03  1.00010482e+00 
 5.80000000e-03  2.23381306e+00  5.80000000e-03  1.98528939e+00  5.80000000e-03 -3.01148809e-03  5.80000000e-03 -4.05815278e-04  5.80000000e-03  7.99623344e-01  5.80000000e-03  1.00026269e+00  5.80000000e-03  7.99622857e-01  5.80000000e-03  1.00017855e+00  5.80000000e-03  7.99622613e-01  5.80000000e-03  1.00013642e+00  5.80000000e-03  7.99622490e-01  5.80000000e-03  1.00011534e+00  5.80000000e-03  7.99622429e-01  5.80000000e-03  1.00010479e+00 
 5.90000000e-03  2.23403870e+00  5.90000000e-03  1.98506422e+00  5.90000000e-03 -3.01148638e-03  5.90000000e-03 -4.05816918e-04  5.90000000e-03  7.99623345e-01  5.90000000e-03  1.00026218e+00  5.90000000e-03  7.99622858e-01  5.90000000e-03  1.00017830e+00  5.90000000e-03  7.99622613e-01  5.90000000e-03  1.00013629e+00  5.90000000e-03  7.99622490e-01  5.90000000e-03  1.00011527e+00  5.90000000e-03  7.99622429e-01  5.90000000e-03  1.00010476e+00 
 6.00000000e-03  2.23426432e+00  6.00000000e-03  1.98483906e+00  6.00000000e-03 -3.01148467e-03  6.00000000e-03 -4.05818556e-04  6.00000000e-03  7.99623346e-01  6.00000000e-03  1.00026167e+00  6.00000000e-03  7.99622858e-01  6.00000000e-03  1.00017804e+00  6.00000000e-03  7.99622613e-01  6.00000000e-03  1.00013617e+00  6.00000000e-03  7.99622490e-01  6.00000000e-03  1.00011521e+00  6.00000000e-03  7.99622429e-01  6.00000000e-03  1.00010473e+00 
 6.10000000e-03  2.23448995e+00  6.10000000e-03  1.98461391e+00  6.10000000e-03 -3.01148297e-03  6.10000000e-03 -4.05820192e-04  6.10000000e-03  7.99623347e-01  6.10000000e-03  1.00026116e+00  6.10000000e-03  7.99622859e-01  6.10000000e-03  1.00017779e+00  6.10000000e-03  7.99622613e-01  6.10000000e-03  1.00013604e+00  6.10000000e-03  7.99622490e-01  6.10000000e-03  1.00011515e+00  6.10000000e-03  7.99622429e-01  6.10000000e-03  1.00010470e+00 
 6.20000000e-03  2.23471556e+00  6.20000000e-03  1.98438876e+00  6.20000000e-03 -3.01148126e-03  6.20000000e-03 -4.05821828e-04  6.20000000e-03  7.99623348e-01  6.20000000e-03  1.00026065e+00  6.20000000e-03  7.99622859e-01  6.20000000e-03  1.00017754e+00  6.20000000e-03  7.99622614e-01  6.20000000e-03  1.00013591e+00  6.20000000e-03  7.99622491e-01  6.20000000e-03  1.00011508e+00  6.20000000e-03  7.99622429e-01  6.20000000e-03  1.00010467e+00 
 6.30000000e-03  2.23494116e+00  6.30000000e-03  1.98416362e+00  6.30000000e-03 -3.01147956e-03  6.30000000e-03 -4.05823461e-04  6.30000000e-03  7.99623349e-01  6.30000000e-03  1.00026014e+00  6.30000000e-03  7.99622860e-01  6.30000000e-03  1.00017728e+00  6.30000000e-03  7.99622614e-01  6.30000000e-03  1.00013578e+00  6.30000000e-03  7.99622491e-01  6.30000000e-03  1.00011502e+00  6.30000000e-03  7.99622429e-01  6.30000000e-03  1.00010463e+00 
 6.40000000e-03  2.23516676e+00  6.40000000e-03  1.98393849e+00  6.40000000e-03 -3.01147786e-03  6.40000000e-03 -4.05825094e-04  6.40000000e-03  7.99623350e-01  6.40000000e-03  1.00025964e+00  6.40000000e-03  7.99622860e-01  6.40000000e-03  1.00017703e+00  6.40000000e-03  7.99622614e-01  6.40000000e-03  1.00013566e+00  6.40000000e-03  7.99622491e-01  6.40000000e-03  1.00011496e+00  6.40000000e-03  7.99622429e-01  6.40000000e-03  1.00010460e+00 
 6.50000000e-03  2.23539235e+00  6.50000000e-03  1.98371336e+00  6.50000000e-03 -3.01147617e-03  6.50000000e-03 -4.05826725e-04  6.50000000e-03  7.99623351e-01  6.50000000e-03  1.00025913e+00  6.50000000e-03  7.99622861e-01  6.50000000e-03  1.00017677e+00  6.50000000e-03  7.99622614e-01  6.50000000e-03  1.00013553e+00  6.50000000e-03  7.99622491e-01  6.50000000e-03  1.00011489e+00  6.50000000e-03  7.99622429e-01  6.50000000e-03  1.00010457e+00 
 6.60000000e-03  2.23561793e+00  6.60000000e-03  1.98348825e+00  6.60000000e-03 -3.01147447e-03  6.60000000e-03 -4.05828354e-04  6.60000000e-03  7.99623352e-01  6.60000000e-03  1.00025862e+00  6.60000000e-03  7.99622861e-01  6.60000000e-03  1.00017652e+00  6.60000000e-03  7.99622615e-01  6.60000000e-03  1.00013540e+00  6.60000000e-03  7.99622491e-01  6.60000000e-03  1.00011483e+00  6.60000000e-03  7.99622429e-01  6.60000000e-03  1.00010454e+00 
 6.70000000e-03  2.23584350e+00  6.70000000e-03  1.98326314e+00  6.70000000e-03 -3.01147278e-03  6.70000000e-03 -4.05829982e-04  6.70000000e-03  7.99623353e-01  6.70000000e-03  1.00025812e+00  6.70000000e-03  7.99622862e-01  6.70000000e-03  1.00017627e+00  6.70000000e-03  7.99622615e-01  6.70000000e-03  1.00013528e+00  6.70000000e-03  7.99622491e-01  6.70000000e-03  1.00011477e+00  6.70000000e-03  7.99622429e-01  6.70000000e-03  1.00010451e+00 
 6.80000000e-03  2.23606906e+00  6.80000000e-03  1.98303804e+00  6.80000000e-03 -3.01147108e-03  6.80000000e-03 -4.05831609e-04  6.80000000e-03  7.99623354e-01  6.80000000e-03  1.00025761e+00  6.80000000e-03  7.99622862e-01  6.80000000e-03  1.00017601e+00  6.80000000e-03  7.99622615e-01  6.80000000e-03  1.00013515e+00  6.80000000e-03  7.99622491e-01  6.80000000e-03  1.00011470e+00  6.80000000e-03  7.99622429e-01  6.80000000e-03  1.00010448e+00 
 6.90000000e-03  2.23629461e+00  6.90000000e-03  1.98281295e+00  6.90000000e-03 -3.01146939e-03  6.90000000e-03 -4.05833234e-04  6.90000000e-03  7.99623355e-01  6.90000000e-03  1.00025711e+00  6.90000000e-03  7.99622863e-01  6.90000000e-03  1.00017576e+00  6.90000000e-03  7.99622615e-01  6.90000000e-03  1.00013502e+00  6.90000000e-03  7.99622491e-01  6.90000000e-03  1.00011464e+00  6.90000000e-03  7.99622429e-01  6.90000000e-03  1.00010444e+00 
 7.00000000e-03  2.23652016e+00  7.00000000e-03  1.98258787e+00  7.00000000e-03 -3.01146770e-03  7.00000000e-03 -4.05834858e-04  7.00000000e-03  7.99623356e-01  7.00000000e-03  1.00025660e+00  7.00000000e-03  7.99622863e-01  7.00000000e-03  1.00017551e+00  7.00000000e-03  7.99622616e-01  7.00000000e-03  1.00013490e+00  7.00000000e-03  7.99622492e-01  7.00000000e-03  1.00011458e+00  7.00000000e-03  7.99622429e-01  7.00000000e-03  1.00010441e+00 
 7.10000000e-03  2.23674569e+00  7.10000000e-03  1.98236279e+00  7.10000000e-03 -3.01146602e-03  7.10000000e-03 -4.05836480e-04  7.10000000e-03  7.99623357e-01  7.10000000e-03  1.00025610e+00  7.10000000e-03  7.99622864e-01  7.10000000e-03  1.00017526e+00  7.10000000e-03  7.99622616e-01  7.10000000e-03  1.00013477e+00  7.10000000e-03  7.99622492e-01  7.10000000e-03  1.00011451e+00  7.10000000e-03  7.99622430e-01  7.10000000e-03  1.00010438e+00 
 7.20000000e-03  2.23697122e+00  7.20000000e-03  1.98213772e+00  7.20000000e-03 -3.01146433e-03  7.20000000e-03 -4.05838102e-04  7.20000000e-03  7.99623358e-01  7.20000000e-03  1.00025559e+00  7.20000000e-03  7.99622864e-01  7.20000000e-03  1.00017500e+00  7.20000000e-03  7.99622616e-01  7.20000000e-03  1.00013464e+00  7.20000000e-03  7.99622492e-01  7.20000000e-03  1.00011445e+00  7.20000000e-03  7.99622430e-01  7.20000000e-03  1.00010435e+00 
 7.30000000e-03  2.23719674e+00  7.30000000e-03  1.98191267e+00  7.30000000e-03 -3.01146265e-03  7.30000000e-03 -4.05839721e-04  7.30000000e-03  7.99623359e-01  7.30000000e-03  1.00025509e+00  7.30000000e-03  7.99622865e-01  7.30000000e-03  1.00017475e+00  7.30000000e-03  7.99622616e-01  7.30000000e-03  1.00013452e+00  7.30000000e-03  7.99622492e-01  7.30000000e-03  1.00011439e+00  7.30000000e-03  7.99622430e-01  7.30000000e-03  1.00010432e+00 
 7.40000000e-03  2.23742224e+00  7.40000000e-03  1.98168762e+00  7.40000000e-03 -3.01146097e-03  7.40000000e-03 -4.05841339e-04  7.40000000e-03  7.99623360e-01  7.40000000e-03  1.00025459e+00  7.40000000e-03  7.99622865e-01  7.40000000e-03  1.00017450e+00  7.40000000e-03  7.99622617e-01  7.40000000e-03  1.00013439e+00  7.40000000e-03  7.99622492e-01  7.40000000e-03  1.00011432e+00  7.40000000e-03  7.99622430e-01  7.40000000e-03  1.00010429e+00 
 7.50000000e-03  2.23764774e+00  7.50000000e-03  1.98146258e+00  7.50000000e-03 -3.01145929e-03  7.50000000e-03 -4.05842956e-04  7.50000000e-03  7.99623361e-01  7.50000000e-03  1.00025409e+00  7.50000000e-03  7.99622866e-01  7.50000000e-03  1.00017425e+00  7.50000000e-03  7.99622617e-01  7.50000000e-03  1.00013427e+00  7.50000000e-03  7.99622492e-01  7.50000000e-03  1.00011426e+00  7.50000000e-03  7.99622430e-01  7.50000000e-03  1.00010425e+00 
 7.60000000e-03  2.23787323e+00  7.60000000e-03  1.98123755e+00  7.60000000e-03 -3.01145761e-03  7.60000000e-03 -4.05844571e-04  7.60000000e-03  7.99623362e-01  7.60000000e-03  1.00025358e+00  7.60000000e-03  7.99622866e-01  7.60000000e-03  1.00017400e+00  7.60000000e-03  7.99622617e-01  7.60000000e-03  1.00013414e+00  7.60000000e-03  7.99622492e-01  7.60000000e-03  1.00011420e+00  7.60000000e-03  7.99622430e-01  7.60000000e-03  1.00010422e+00 
 7.70000000e-03  2.23809871e+00  7.70000000e-03  1.98101253e+00  7.70000000e-03 -3.01145593e-03  7.70000000e-03 -4.05846185e-04  7.70000000e-03  7.99623363e-01  7.70000000e-03  1.00025308e+00  7.70000000e-03  7.99622867e-01  7.70000000e-03  1.00017375e+00  7.70000000e-03  7.99622617e-01  7.70000000e-03  1.00013402e+00  7.70000000e-03  7.99622492e-01  7.70000000e-03  1.00011414e+00  7.70000000e-03  7.99622430e-01  7.70000000e-03  1.00010419e+00 
 7.80000000e-03  2.23832418e+00  7.80000000e-03  1.98078752e+00  7.80000000e-03 -3.01145426e-03  7.80000000e-03 -4.05847798e-04  7.80000000e-03  7.99623364e-01  7.80000000e-03  1.00025258e+00  7.80000000e-03  7.99622867e-01  7.80000000e-03  1.00017349e+00  7.80000000e-03  7.99622618e-01  7.80000000e-03  1.00013389e+00  7.80000000e-03  7.99622493e-01  7.80000000e-03  1.00011407e+00  7.80000000e-03  7.99622430e-01  7.80000000e-03  1.00010416e+00 
 7.90000000e-03  2.23854963e+00  7.90000000e-03  1.98056252e+00  7.90000000e-03 -3.01145259e-03  7.90000000e-03 -4.05849409e-04  7.90000000e-03  7.99623365e-01  7.90000000e-03  1.00025208e+00  7.90000000e-03  7.99622868e-01  7.90000000e-03  1.00017324e+00  7.90000000e-03  7.99622618e-01  7.90000000e-03  1.00013376e+00  7.90000000e-03  7.99622493e-01  7.90000000e-03  1.00011401e+00  7.90000000e-03  7.99622430e-01  7.90000000e-03  1.00010413e+00 
 8.00000000e-03  2.23877508e+00  8.00000000e-03  1.98033752e+00  8.00000000e-03 -3.01145091e-03  8.00000000e-03 -4.05851019e-04  8.00000000e-03  7.99623366e-01  8.00000000e-03  1.00025158e+00  8.00000000e-03  7.99622868e-01  8.00000000e-03  1.00017299e+00  8.00000000e-03  7.99622618e-01  8.00000000e-03  1.00013364e+00  8.00000000e-03  7.99622493e-01  8.00000000e-03  1.00011395e+00  8.00000000e-03  7.99622430e-01  8.00000000e-03  1.00010410e+00 
 8.10000000e-03  2.23900052e+00  8.10000000e-03  1.98011254e+00  8.10000000e-03 -3.01144925e-03  8.10000000e-03 -4.05852627e-04  8.10000000e-03  7.99623367e-01  8.10000000e-03  1.00025108e+00  8.10000000e-03  7.99622869e-01  8.10000000e-03  1.00017274e+00  8.10000000e-03  7.99622618e-01  8.10000000e-03  1.00013351e+00  8.10000000e-03  7.99622493e-01  8.10000000e-03  1.00011388e+00  8.10000000e-03  7.99622430e-01  8.10000000e-03  1.00010407e+00 
 8.20000000e-03  2.23922595e+00  8.20000000e-03  1.97988757e+00  8.20000000e-03 -3.01144758e-03  8.20000000e-03 -4.05854234e-04  8.20000000e-03  7.99623368e-01  8.20000000e-03  1.00025058e+00  8.20000000e-03  7.99622869e-01  8.20000000e-03  1.00017249e+00  8.20000000e-03  7.99622619e-01  8.20000000e-03  1.00013339e+00  8.20000000e-03  7.99622493e-01  8.20000000e-03  1.00011382e+00  8.20000000e-03  7.99622430e-01  8.20000000e-03  1.00010403e+00 
 8.30000000e-03  2.23945136e+00  8.30000000e-03  1.97966261e+00  8.30000000e-03 -3.01144591e-03  8.30000000e-03 -4.05855839e-04  8.30000000e-03  7.99623369e-01  8.30000000e-03  1.00025008e+00  8.30000000e-03  7.99622870e-01  8.30000000e-03  1.00017224e+00  8.30000000e-03  7.99622619e-01  8.30000000e-03  1.00013326e+00  8.30000000e-03  7.99622493e-01  8.30000000e-03  1.00011376e+00  8.30000000e-03  7.99622430e-01  8.30000000e-03  1.00010400e+00 
 8.40000000e-03  2.23967677e+00  8.40000000e-03  1.97943766e+00  8.40000000e-03 -3.01144425e-03  8.40000000e-03 -4.05857443e-04  8.40000000e-03  7.99623370e-01  8.40000000e-03  1.00024958e+00  8.40000000e-03  7.99622870e-01  8.40000000e-03  1.00017199e+00  8.40000000e-03  7.99622619e-01  8.40000000e-03  1.00013314e+00  8.40000000e-03  7.99622493e-01  8.40000000e-03  1.00011370e+00  8.40000000e-03  7.99622430e-01  8.40000000e-03  1.00010397e+00 
 8.50000000e-03  2.23990216e+00  8.50000000e-03  1.97921271e+00  8.50000000e-03 -3.01144259e-03  8.50000000e-03 -4.05859046e-04  8.50000000e-03  7.99623371e-01  8.50000000e-03  1.00024908e+00  8.50000000e-03  7.99622871e-01  8.50000000e-03  1.00017174e+00  8.50000000e-03  7.99622619e-01  8.50000000e-03  1.00013301e+00  8.50000000e-03  7.99622494e-01  8.50000000e-03  1.00011363e+00  8.50000000e-03  7.99622431e-01  8.50000000e-03  1.00010394e+00 
 8.60000000e-03  2.24012754e+00  8.60000000e-03  1.97898778e+00  8.60000000e-03 -3.01144093e-03  8.60000000e-03 -4.05860647e-04  8.60000000e-03  7.99623372e-01  8.60000000e-03  1.00024859e+00  8.60000000e-03  7.99622871e-01  8.60000000e-03  1.00017150e+00  8.60000000e-03  7.99622620e-01  8.60000000e-03  1.00013289e+00  8.60000000e-03  7.99622494e-01  8.60000000e-03  1.00011357e+00  8.60000000e-03  7.99622431e-01  8.60000000e-03  1.00010391e+00 
 8.70000000e-03  2.24035292e+00  8.70000000e-03  1.97876286e+00  8.70000000e-03 -3.01143927e-03  8.70000000e-03 -4.05862246e-04  8.70000000e-03  7.99623373e-01  8.70000000e-03  1.00024809e+00  8.70000000e-03  7.99622872e-01  8.70000000e-03  1.00017125e+00  8.70000000e-03  7.99622620e-01  8.70000000e-03  1.00013277e+00  8.70000000e-03  7.99622494e-01  8.70000000e-03  1.00011351e+00  8.70000000e-03  7.99622431e-01  8.70000000e-03  1.00010388e+00 
 8.80000000e-03  2.24057828e+00  8.80000000e-03  1.97853795e+00  8.80000000e-03 -3.01143761e-03  8.80000000e-03 -4.05863845e-04  8.80000000e-03  7.99623374e-01  8.80000000e-03  1.00024759e+00  8.80000000e-03  7.99622872e-01  8.80000000e-03  1.00017100e+00  8.80000000e-03  7.99622620e-01  8.80000000e-03  1.00013264e+00  8.80000000e-03  7.99622494e-01  8.80000000e-03  1.00011345e+00  8.80000000e-03  7.99622431e-01  8.80000000e-03  1.00010385e+00 
 8.90000000e-03  2.24080363e+00  8.90000000e-03  1.97831305e+00  8.90000000e-03 -3.01143595e-03  8.90000000e-03 -4.05865442e-04  8.90000000e-03  7.99623375e-01  8.90000000e-03  1.00024710e+00  8.90000000e-03  7.99622873e-01  8.90000000e-03  1.00017075e+00  8.90000000e-03  7.99622620e-01  8.90000000e-03  1.00013252e+00  8.90000000e-03  7.99622494e-01  8.90000000e-03  1.00011339e+00  8.90000000e-03  7.99622431e-01  8.90000000e-03  1.00010382e+00 
 9.00000000e-03  2.24102896e+00  9.00000000e-03  1.97808817e+00  9.00000000e-03 -3.01143430e-03  9.00000000e-03 -4.05867037e-04  9.00000000e-03  7.99623376e-01  9.00000000e-03  1.00024660e+00  9.00000000e-03  7.99622873e-01  9.00000000e-03  1.00017050e+00  9.00000000e-03  7.99622621e-01  9.00000000e-03  1.00013239e+00  9.00000000e-03  7.99622494e-01  9.00000000e-03  1.00011332e+00  9.00000000e-03  7.99622431e-01  9.00000000e-03  1.00010379e+00 
 9.10000000e-03  2.24125429e+00  9.10000000e-03  1.97786329e+00  9.10000000e-03 -3.01143265e-03  9.10000000e-03 -4.05868631e-04  9.10000000e-03  7.99623377e-01  9.10000000e-03  1.00024611e+00  9.10000000e-03  7.99622874e-01  9.10000000e-03  1.00017025e+00  9.10000000e-03  7.99622621e-01  9.10000000e-03  1.00013227e+00  9.10000000e-03  7.99622494e-01  9.10000000e-03  1.00011326e+00  9.10000000e-03  7.99622431e-01  9.10000000e-03  1.00010375e+00 
 9.20000000e-03  2.24147960e+00  9.20000000e-03  1.97763842e+00  9.20000000e-03 -3.01143100e-03  9.20000000e-03 -4.05870224e-04  9.20000000e-03  7.99623378e-01  9.20000000e-03  1.00024561e+00  9.20000000e-03  7.99622874e-01  9.20000000e-03  1.00017001e+00  9.20000000e-03  7.99622621e-01  9.20000000e-03  1.00013214e+00  9.20000000e-03  7.99622494e-01  9.20000000e-03  1.00011320e+00  9.20000000e-03  7.99622431e-01  9.20000000e-03  1.00010372e+00 
 9.30000000e-03  2.24170491e+00  9.30000000e-03  1.97741357e+00  9.30000000e-03 -3.01142935e-03  9.30000000e-03 -4.05871815e-04  9.30000000e-03  7.99623379e-01  9.30000000e-03  1.00024512e+00  9.30000000e-03  7.99622875e-01  9.30000000e-03  1.00016976e+00  9.30000000e-03  7.99622621e-01  9.30000000e-03  1.00013202e+00  9.30000000e-03  7.99622495e-01  9.30000000e-03  1.00011314e+00  9.30000000e-03  7.99622431e-01  9.30000000e-03  1.00010369e+00 
 9.40000000e-03  2.24193020e+00  9.40000000e-03  1.97718873e+00  9.40000000e-03 -3.01142770e-03  9.40000000e-03 -4.05873405e-04  9.40000000e-03  7.99623380e-01  9.40000000e-03  1.00024462e+00  9.40000000e-03  7.99622875e-01  9.40000000e-03  1.00016951e+00  9.40000000e-03  7.99622622e-01  9.40000000e-03  1.00013190e+00  9.40000000e-03  7.99622495e-01  9.40000000e-03  1.00011308e+00  9.40000000e-03  7.99622431e-01  9.40000000e-03  1.00010366e+00 
 9.50000000e-03  2.24215547e+00  9.50000000e-03  1.97696390e+00  9.50000000e-03 -3.01142606e-03  9.50000000e-03 -4.05874993e-04  9.50000000e-03  7.99623381e-01  9.50000000e-03  1.00024413e+00  9.50000000e-03  7.99622876e-01  9.50000000e-03  1.00016926e+00  9.50000000e-03  7.99622622e-01  9.50000000e-03  1.00013177e+00  9.50000000e-03  7.99622495e-01  9.50000000e-03  1.00011301e+00  9.50000000e-03  7.99622431e-01  9.50000000e-03  1.00010363e+00 
 9.60000000e-03  2.24238074e+00  9.60000000e-03  1.97673908e+00  9.60000000e-03 -3.01142441e-03  9.60000000e-03 -4.05876580e-04  9.60000000e-03  7.99623382e-01  9.60000000e-03  1.00024364e+00  9.60000000e-03  7.99622876e-01  9.60000000e-03  1.00016902e+00  9.60000000e-03  7.99622622e-01  9.60000000e-03  1.00013165e+00  9.60000000e-03  7.99622495e-01  9.60000000e-03  1.00011295e+00  9.60000000e-03  7.99622431e-01  9.60000000e-03  1.00010360e+00 
 9.70000000e-03  2.24260599e+00  9.70000000e-03  1.97651427e+00  9.70000000e-03 -3.01142277e-03  9.70000000e-03 -4.05878166e-04  9.70000000e-03  7.99623383e-01  9.70000000e-03  1.00024314e+00  9.70000000e-03  7.99622877e-01  9.70000000e-03  1.00016877e+00  9.70000000e-03  7.99622622e-01  9.70000000e-03  1.00013153e+00  9.70000000e-03  7.99622495e-01  9.70000000e-03  1.00011289e+00  9.70000000e-03  7.99622431e-01  9.70000000e-03  1.00010357e+00 
 9.80000000e-03  2.24283123e+00  9.80000000e-03  1.97628948e+00  9.80000000e-03 -3.01142113e-03  9.80000000e-03 -4.05879750e-04  9.80000000e-03  7.99623384e-01  9.80000000e-03  1.00024265e+00  9.80000000e-03  7.99622877e-01  9.80000000e-03  1.00016852e+00  9.80000000e-03  7.99622623e-01  9.80000000e-03  1.00013140e+00  9.80000000e-03  7.99622495e-01  9.80000000e-03  1.00011283e+00  9.80000000e-03  7.99622431e-01  9.80000000e-03  1.00010354e+00 
 9.90000000e-03  2.24305646e+00  9.90000000e-03  1.97606469e+00  9.90000000e-03 -3.01141949e-03  9.90000000e-03 -4.05881332e-04  9.90000000e-03  7.99623385e-01  9.90000000e-03  1.00024216e+00  9.90000000e-03  7.99622878e-01  9.90000000e-03  1.00016828e+00  9.90000000e-03  7.99622623e-01  9.90000000e-03  1.00013128e+00  9.90000000e-03  7.99622495e-01  9.90000000e-03  1.00011277e+00  9.90000000e-03  7.99622431e-01  9.90000000e-03  1.00010351e+00 
 1.00000000e-02  2.24328167e+00  1.00000000e-02  1.97583992e+00  1.00000000e-02 -3.01141786e-03  1.00000000e-02 -4.05882914e-04  1.00000000e-02  7.99623386e-01  1.00000000e-02  1.00024167e+00  1.00000000e-02  7.99622878e-01  1.00000000e-02  1.00016803e+00  1.00000000e-02  7.99622623e-01  1.00000000e-02  1.00013116e+00  1.00000000e-02  7.99622495e-01  1.00000000e-02  1.00011271e+00  1.00000000e-02  7.99622432e-01  1.00000000e-02  1.00010348e+00 
 1.01000000e-02  2.24350688e+00  1.01000000e-02  1.97561517e+00  1.01000000e-02 -3.01141622e-03  1.01000000e-02 -4.05884494e-04  1.01000000e-02  7.99623387e-01  1.01000000e-02  1.00024118e+00  1.01000000e-02  7.99622879e-01  1.01000000e-02  1.00016779e+00  1.01000000e-02  7.99622623e-01  1.01000000e-02  1.00013103e+00  1.01000000e-02  7.99622496e-01  1.01000000e-02  1.00011264e+00  1.01000000e-02  7.99622432e-01  1.01000000e-02  1.00010345e+00 
 1.02000000e-02  2.24373206e+00  1.02000000e-02  1.97539042e+00  1.02000000e-02 -3.01141459e-03  1.02000000e-02 -4.05886072e-04  1.02000000e-02  7.99623388e-01  1.02000000e-02  1.00024069e+00  1.02000000e-02  7.99622879e-01  1.02000000e-02  1.00016754e+00  1.02000000e-02  7.99622624e-01  1.02000000e-02  1.00013091e+00  1.02000000e-02  7.99622496e-01  1.02000000e-02  1.00011258e+00  1.02000000e-02  7.99622432e-01  1.02000000e-02  1.00010341e+00 
 1.03000000e-02  2.24395724e+00  1.03000000e-02  1.97516569e+00  1.03000000e-02 -3.01141296e-03  1.03000000e-02 -4.05887649e-04  1.03000000e-02  7.99623389e-01  1.03000000e-02  1.00024019e+00  1.03000000e-02  7.99622880e-01  1.03000000e-02  1.00016729e+00  1.03000000e-02  7.99622624e-01  1.03000000e-02  1.00013079e+00  1.03000000e-02  7.99622496e-01  1.03000000e-02  1.00011252e+00  1.03000000e-02  7.99622432e-01  1.03000000e-02  1.00010338e+00 
 1.04000000e-02  2.24418240e+00  1.04000000e-02  1.97494097e+00  1.04000000e-02 -3.01141133e-03  1.04000000e-02 -4.05889225e-04  1.04000000e-02  7.99623390e-01  1.04000000e-02  1.00023971e+00  1.04000000e-02  7.99622880e-01  1.04000000e-02  1.00016705e+00  1.04000000e-02  7.99622624e-01  1.04000000e-02  1.00013067e+00  1.04000000e-02  7.99622496e-01  1.04000000e-02  1.00011246e+00  1.04000000e-02  7.99622432e-01  1.04000000e-02  1.00010335e+00 
 1.05000000e-02  2.24440755e+00  1.05000000e-02  1.97471626e+00  1.05000000e-02 -3.01140970e-03  1.05000000e-02 -4.05890799e-04  1.05000000e-02  7.99623391e-01  1.05000000e-02  1.00023922e+00  1.05000000e-02  7.99622881e-01  1.05000000e-02  1.00016680e+00  1.05000000e-02  7.99622624e-01  1.05000000e-02  1.00013054e+00  1.05000000e-02  7.99622496e-01  1.05000000e-02  1.00011240e+00  1.05000000e-02  7.99622432e-01  1.05000000e-02  1.00010332e+00 
 1.06000000e-02  2.24463269e+00  1.06000000e-02  1.97449157e+00  1.06000000e-02 -3.01140807e-03  1.06000000e-02 -4.05892372e-04  1.06000000e-02  7.99623392e-01  1.06000000e-02  1.00023873e+00  1.06000000e-02  7.99622881e-01  1.06000000e-02  1.00016656e+00  1.06000000e-02  7.99622625e-01  1.06000000e-02  1.00013042e+00  1.06000000e-02  7.99622496e-01  1.06000000e-02  1.00011234e+00  1.06000000e-02  7.99622432e-01  1.06000000e-02  1.00010329e+00 
 1.07000000e-02  2.24485781e+00  1.07000000e-02  1.97426689e+00  1.07000000e-02 -3.01140645e-03  1.07000000e-02 -4.05893943e-04  1.07000000e-02  7.99623393e-01  1.07000000e-02  1.00023824e+00  1.07000000e-02  7.99622882e-01  1.07000000e-02  1.00016631e+00  1.07000000e-02  7.99622625e-01  1.07000000e-02  1.00013030e+00  1.07000000e-02  7.99622496e-01  1.07000000e-02  1.00011228e+00  1.07000000e-02  7.99622432e-01  1.07000000e-02  1.00010326e+00 
 1.08000000e-02  2.24508291e+00  1.08000000e-02  1.97404222e+00  1.08000000e-02 -3.01140482e-03  1.08000000e-02 -4.05895513e-04  1.08000000e-02  7.99623394e-01  1.08000000e-02  1.00023775e+00  1.08000000e-02  7.99622882e-01  1.08000000e-02  1.00016607e+00  1.08000000e-02  7.99622625e-01  1.08000000e-02  1.00013018e+00  1.08000000e-02  7.99622497e-01  1.08000000e-02  1.00011221e+00  1.08000000e-02  7.99622432e-01  1.08000000e-02  1.00010323e+00 
 1.09000000e-02  2.24530801e+00  1.09000000e-02  1.97381757e+00  1.09000000e-02 -3.01140320e-03  1.09000000e-02 -4.05897081e-04  1.09000000e-02  7.99623395e-01  1.09000000e-02  1.00023726e+00  1.09000000e-02  7.99622883e-01  1.09000000e-02  1.00016583e+00  1.09000000e-02  7.99622625e-01  1.09000000e-02  1.00013005e+00  1.09000000e-02  7.99622497e-01  1.09000000e-02  1.00011215e+00  1.09000000e-02  7.99622432e-01  1.09000000e-02  1.00010320e+00 
 1.10000000e-02  2.24553309e+00  1.10000000e-02  1.97359293e+00  1.10000000e-02 -3.01140158e-03  1.10000000e-02 -4.05898649e-04  1.10000000e-02  7.99623396e-01  1.10000000e-02  1.00023678e+00  1.10000000e-02  7.99622883e-01  1.10000000e-02  1.00016558e+00  1.10000000e-02  7.99622626e-01  1.10000000e-02  1.00012993e+00  1.10000000e-02  7.99622497e-01  1.10000000e-02  1.00011209e+00  1.10000000e-02  7.99622432e-01  1.10000000e-02  1.00010317e+00 
 1.11000000e-02  2.24575815e+00  1.11000000e-02  1.97336830e+00  1.11000000e-02 -3.01139997e-03  1.11000000e-02 -4.05900214e-04  1.11000000e-02  7.99623397e-01  1.11000000e-02  1.00023629e+00  1.11000000e-02  7.99622884e-01  1.11000000e-02  1.00016534e+00  1.11000000e-02  7.99622626e-01  1.11000000e-02  1.00012981e+00  1.11000000e-02  7.99622497e-01  1.11000000e-02  1.00011203e+00  1.11000000e-02  7.99622432e-01  1.11000000e-02  1.00010314e+00 
 1.12000000e-02  2.24598320e+00  1.12000000e-02  1.97314369e+00  1.12000000e-02 -3.01139835e-03  1.12000000e-02 -4.05901778e-04  1.12000000e-02  7.99623398e-01  1.12000000e-02  1.00023580e+00  1.12000000e-02  7.99622884e-01  1.12000000e-02  1.00016510e+00  1.12000000e-02  7.99622626e-01  1.12000000e-02  1.00012969e+00  1.12000000e-02  7.99622497e-01  1.12000000e-02  1.00011197e+00  1.12000000e-02  7.99622432e-01  1.12000000e-02  1.00010311e+00 
 1.13000000e-02  2.24620823e+00  1.13000000e-02  1.97291909e+00  1.13000000e-02 -3.01139673e-03  1.13000000e-02 -4.05903341e-04  1.13000000e-02  7.99623399e-01  1.13000000e-02  1.00023532e+00  1.13000000e-02  7.99622885e-01  1.13000000e-02  1.00016485e+00  1.13000000e-02  7.99622626e-01  1.13000000e-02  1.00012957e+00  1.13000000e-02  7.99622497e-01  1.13000000e-02  1.00011191e+00  1.13000000e-02  7.99622432e-01  1.13000000e-02  1.00010308e+00 
 1.14000000e-02  2.24643326e+00  1.14000000e-02  1.97269451e+00  1.14000000e-02 -3.01139512e-03  1.14000000e-02 -4.05904903e-04  1.14000000e-02  7.99623400e-01  1.14000000e-02  1.00023483e+00  1.14000000e-02  7.99622885e-01  1.14000000e-02  1.00016461e+00  1.14000000e-02  7.99622627e-01  1.14000000e-02  1.00012944e+00  1.14000000e-02  7.99622497e-01  1.14000000e-02  1.00011185e+00  1.14000000e-02  7.99622432e-01  1.14000000e-02  1.00010305e+00 
 1.15000000e-02  2.24665826e+00  1.15000000e-02  1.97246994e+00  1.15000000e-02 -3.01139351e-03  1.15000000e-02 -4.05906463e-04  1.15000000e-02  7.99623401e-01  1.15000000e-02  1.00023435e+00  1.15000000e-02  7.99622886e-01  1.15000000e-02  1.00016437e+00  1.15000000e-02  7.99622627e-01  1.15000000e-02  1.00012932e+00  1.15000000e-02  7.99622497e-01  1.15000000e-02  1.00011179e+00  1.15000000e-02  7.99622433e-01  1.15000000e-02  1.00010302e+00 
 1.16000000e-02  2.24688325e+00  1.16000000e-02  1.97224538e+00  1.16000000e-02 -3.01139190e-03  1.16000000e-02 -4.05908021e-04  1.16000000e-02  7.99623402e-01  1.16000000e-02  1.00023386e+00  1.16000000e-02  7.99622886e-01  1.16000000e-02  1.00016412e+00  1.16000000e-02  7.99622627e-01  1.16000000e-02  1.00012920e+00  1.16000000e-02  7.99622498e-01  1.16000000e-02  1.00011173e+00  1.16000000e-02  7.99622433e-01  1.16000000e-02  1.00010299e+00 
 1.17000000e-02  2.24710823e+00  1.17000000e-02  1.97202084e+00  1.17000000e-02 -3.01139029e-03  1.17000000e-02 -4.05909578e-04  1.17000000e-02  7.99623403e-01  1.17000000e-02  1.00023338e+00  1.17000000e-02  7.99622887e-01  1.17000000e-02  1.00016388e+00  1.17000000e-02  7.99622628e-01  1.17000000e-02  1.00012908e+00  1.17000000e-02  7.99622498e-01  1.17000000e-02  1.00011167e+00  1.17000000e-02  7.99622433e-01  1.17000000e-02  1.00010296e+00 
 1.18000000e-02  2.24733319e+00  1.18000000e-02  1.97179631e+00  1.18000000e-02 -3.01138868e-03  1.18000000e-02 -4.05911134e-04  1.18000000e-02  7.99623404e-01  1.18000000e-02  1.00023290e+00  1.18000000e-02  7.99622887e-01  1.18000000e-02  1.00016364e+00  1.18000000e-02  7.99622628e-01  1.18000000e-02  1.00012896e+00  1.18000000e-02  7.99622498e-01  1.18000000e-02  1.00011161e+00  1.18000000e-02  7.99622433e-01  1.18000000e-02  1.00010293e+00 
 1.19000000e-02  2.24755813e+00  1.19000000e-02  1.97157180e+00  1.19000000e-02 -3.01138708e-03  1.19000000e-02 -4.05912688e-04  1.19000000e-02  7.99623405e-01  1.19000000e-02  1.00023241e+00  1.19000000e-02  7.99622888e-01  1.19000000e-02  1.00016340e+00  1.19000000e-02  7.99622628e-01  1.19000000e-02  1.00012884e+00  1.19000000e-02  7.99622498e-01  1.19000000e-02  1.00011155e+00  1.19000000e-02  7.99622433e-01  1.19000000e-02  1.00010290e+00 
 1.20000000e-02  2.24778306e+00  1.20000000e-02  1.97134731e+00  1.20000000e-02 -3.01138548e-03  1.20000000e-02 -4.05914241e-04  1.20000000e-02  7.99623406e-01  1.20000000e-02  1.00023193e+00  1.20000000e-02  7.99622888e-01  1.20000000e-02  1.00016316e+00  1.20000000e-02  7.99622628e-01  1.20000000e-02  1.00012872e+00  1.20000000e-02  7.99622498e-01  1.20000000e-02  1.00011149e+00  1.20000000e-02  7.99622433e-01  1.20000000e-02  1.00010287e+00 
 1.21000000e-02  2.24800798e+00  1.21000000e-02  1.97112283e+00  1.21000000e-02 -3.01138387e-03  1.21000000e-02 -4.05915793e-04  1.21000000e-02  7.99623407e-01  1.21000000e-02  1.00023145e+00  1.21000000e-02  7.99622889e-01  1.21000000e-02  1.00016292e+00  1.21000000e-02  7.99622629e-01  1.21000000e-02  1.00012860e+00  1.21000000e-02  7.99622498e-01  1.21000000e-02  1.00011142e+00  1.21000000e-02  7.99622433e-01  1.21000000e-02  1.00010284e+00 
 1.22000000e-02  2.24823288e+00  1.22000000e-02  1.97089836e+00  1.22000000e-02 -3.01138227e-03  1.22000000e-02 -4.05917343e-04  1.22000000e-02  7.99623408e-01  1.22000000e-02  1.00023097e+00  1.22000000e-02  7.99622889e-01  1.22000000e-02  1.00016267e+00  1.22000000e-02  7.99622629e-01  1.22000000e-02  1.00012848e+00  1.22000000e-02  7.99622498e-01  1.22000000e-02  1.00011136e+00  1.22000000e-02  7.99622433e-01  1.22000000e-02  1.00010281e+00 
 1.23000000e-02  2.24845776e+00  1.23000000e-02  1.97067391e+00  1.23000000e-02 -3.01138068e-03  1.23000000e-02 -4.05918892e-04  1.23000000e-02  7.99623409e-01  1.23000000e-02  1.00023048e+00  1.23000000e-02  7.99622890e-01  1.23000000e-02  1.00016243e+00  1.23000000e-02  7.99622629e-01  1.23000000e-02  1.00012836e+00  1.23000000e-02  7.99622498e-01  1.23000000e-02  1.00011130e+00  1.23000000e-02  7.99622433e-01  1.23000000e-02  1.00010278e+00 
 1.24000000e-02  2.24868263e+00  1.24000000e-02  1.97044947e+00  1.24000000e-02 -3.01137908e-03  1.24000000e-02 -4.05920439e-04  1.24000000e-02  7.99623410e-01  1.24000000e-02  1.00023000e+00  1.24000000e-02  7.99622890e-01  1.24000000e-02  1.00016219e+00  1.24000000e-02  7.99622629e-01  1.24000000e-02  1.00012824e+00  1.24000000e-02  7.99622499e-01  1.24000000e-02  1.00011124e+00  1.24000000e-02  7.99622433e-01  1.24000000e-02  1.00010275e+00 
 1.25000000e-02  2.24890748e+00  1.25000000e-02  1.97022506e+00  1.25000000e-02 -3.01137748e-03  1.25000000e-02 -4.05921985e-04  1.25000000e-02  7.99623411e-01  1.25000000e-02  1.00022952e+00  1.25000000e-02  7.99622891e-01  1.25000000e-02  1.00016195e+00  1.25000000e-02  7.99622630e-01  1.25000000e-02  1.00012811e+00  1.25000000e-02  7.99622499e-01  1.25000000e-02  1.00011118e+00  1.25000000e-02  7.99622433e-01  1.25000000e-02  1.00010272e+00 
 1.26000000e-02  2.24913231e+00  1.26000000e-02  1.97000065e+00  1.26000000e-02 -3.01137589e-03  1.26000000e-02 -4.05923529e-04  1.26000000e-02  7.99623412e-01  1.26000000e-02  1.00022904e+00  1.26000000e-02  7.99622891e-01  1.26000000e-02  1.00016171e+00  1.26000000e-02  7.99622630e-01  1.26000000e-02  1.00012799e+00  1.26000000e-02  7.99622499e-01  1.26000000e-02  1.00011112e+00  1.26000000e-02  7.99622433e-01  1.26000000e-02  1.00010268e+00 
 1.27000000e-02  2.24935713e+00  1.27000000e-02  1.96977626e+00  1.27000000e-02 -3.01137430e-03  1.27000000e-02 -4.05925072e-04  1.27000000e-02  7.99623413e-01  1.27000000e-02  1.00022856e+00  1.27000000e-02  7.99622892e-01  1.27000000e-02  1.00016147e+00  1.27000000e-02  7.99622630e-01  1.27000000e-02  1.00012787e+00  1.27000000e-02  7.99622499e-01  1.27000000e-02  1.00011106e+00  1.27000000e-02  7.99622433e-01  1.27000000e-02  1.00010265e+00 
 1.28000000e-02  2.24958193e+00  1.28000000e-02  1.96955189e+00  1.28000000e-02 -3.01137271e-03  1.28000000e-02 -4.05926614e-04  1.28000000e-02  7.99623414e-01  1.28000000e-02  1.00022808e+00  1.28000000e-02  7.99622892e-01  1.28000000e-02  1.00016123e+00  1.28000000e-02  7.99622630e-01  1.28000000e-02  1.00012775e+00  1.28000000e-02  7.99622499e-01  1.28000000e-02  1.00011100e+00  1.28000000e-02  7.99622433e-01  1.28000000e-02  1.00010262e+00 
 1.29000000e-02  2.24980671e+00  1.29000000e-02  1.96932754e+00  1.29000000e-02 -3.01137112e-03  1.29000000e-02 -4.05928154e-04  1.29000000e-02  7.99623415e-01  1.29000000e-02  1.00022761e+00  1.29000000e-02  7.99622893e-01  1.29000000e-02  1.00016099e+00  1.29000000e-02  7.99622631e-01  1.29000000e-02  1.00012763e+00  1.29000000e-02  7.99622499e-01  1.29000000e-02  1.00011094e+00  1.29000000e-02  7.99622434e-01  1.29000000e-02  1.00010259e+00 
 1.30000000e-02  2.25003148e+00  1.30000000e-02  1.96910320e+00  1.30000000e-02 -3.01136953e-03  1.30000000e-02 -4.05929692e-04  1.30000000e-02  7.99623416e-01  1.30000000e-02  1.00022713e+00  1.30000000e-02  7.99622893e-01  1.30000000e-02  1.00016075e+00  1.30000000e-02  7.99622631e-01  1.30000000e-02  1.00012751e+00  1.30000000e-02  7.99622499e-01  1.30000000e-02  1.00011088e+00  1.30000000e-02  7.99622434e-01  1.30000000e-02  1.00010256e+00 
 1.31000000e-02  2.25025623e+00  1.31000000e-02  1.96887887e+00  1.31000000e-02 -3.01136795e-03  1.31000000e-02 -4.05931230e-04  1.31000000e-02  7.99623417e-01  1.31000000e-02  1.00022665e+00  1.31000000e-02  7.99622894e-01  1.31000000e-02  1.00016051e+00  1.31000000e-02  7.99622631e-01  1.31000000e-02  1.00012740e+00  1.31000000e-02  7.99622500e-01  1.31000000e-02  1.00011082e+00  1.31000000e-02  7.99622434e-01  1.31000000e-02  1.00010253e+00 
 1.32000000e-02  2.25048097e+00  1.32000000e-02  1.96865457e+00  1.32000000e-02 -3.01136636e-03  1.32000000e-02 -4.05932766e-04  1.32000000e-02  7.99623418e-01  1.32000000e-02  1.00022617e+00  1.32000000e-02  7.99622894e-01  1.32000000e-02  1.00016027e+00  1.32000000e-02  7.99622631e-01  1.32000000e-02  1.00012728e+00  1.32000000e-02  7.99622500e-01  1.32000000e-02  1.00011076e+00  1.32000000e-02  7.99622434e-01  1.32000000e-02  1.00010251e+00 
 1.33000000e-02  2.25070568e+00  1.33000000e-02  1.96843028e+00  1.33000000e-02 -3.01136478e-03  1.33000000e-02 -4.05934300e-04  1.33000000e-02  7.99623419e-01  1.33000000e-02  1.00022569e+00  1.33000000e-02  7.99622895e-01  1.33000000e-02  1.00016004e+00  1.33000000e-02  7.99622632e-01  1.33000000e-02  1.00012716e+00  1.33000000e-02  7.99622500e-01  1.33000000e-02  1.00011070e+00  1.33000000e-02  7.99622434e-01  1.33000000e-02  1.00010248e+00 
 1.34000000e-02  2.25093038e+00  1.34000000e-02  1.96820600e+00  1.34000000e-02 -3.01136320e-03  1.34000000e-02 -4.05935833e-04  1.34000000e-02  7.99623420e-01  1.34000000e-02  1.00022522e+00  1.34000000e-02  7.99622895e-01  1.34000000e-02  1.00015980e+00  1.34000000e-02  7.99622632e-01  1.34000000e-02  1.00012704e+00  1.34000000e-02  7.99622500e-01  1.34000000e-02  1.00011064e+00  1.34000000e-02  7.99622434e-01  1.34000000e-02  1.00010245e+00 
 1.35000000e-02  2.25115506e+00  1.35000000e-02  1.96798175e+00  1.35000000e-02 -3.01136162e-03  1.35000000e-02 -4.05937365e-04  1.35000000e-02  7.99623421e-01  1.35000000e-02  1.00022474e+00  1.35000000e-02  7.99622896e-01  1.35000000e-02  1.00015956e+00  1.35000000e-02  7.99622632e-01  1.35000000e-02  1.00012692e+00  1.35000000e-02  7.99622500e-01  1.35000000e-02  1.00011058e+00  1.35000000e-02  7.99622434e-01  1.35000000e-02  1.00010242e+00 
 1.36000000e-02  2.25137973e+00  1.36000000e-02  1.96775751e+00  1.36000000e-02 -3.01136004e-03  1.36000000e-02 -4.05938895e-04  1.36000000e-02  7.99623422e-01  1.36000000e-02  1.00022427e+00  1.36000000e-02  7.99622896e-01  1.36000000e-02  1.00015932e+00  1.36000000e-02  7.99622632e-01  1.36000000e-02  1.00012680e+00  1.36000000e-02  7.99622500e-01  1.36000000e-02  1.00011053e+00  1.36000000e-02  7.99622434e-01  1.36000000e-02  1.00010239e+00 
 1.37000000e-02  2.25160437e+00  1.37000000e-02  1.96753329e+00  1.37000000e-02 -3.01135847e-03  1.37000000e-02 -4.05940424e-04  1.37000000e-02  7.99623423e-01  1.37000000e-02  1.00022379e+00  1.37000000e-02  7.99622897e-01  1.37000000e-02  1.00015908e+00  1.37000000e-02  7.99622633e-01  1.37000000e-02  1.00012668e+00  1.37000000e-02  7.99622500e-01  1.37000000e-02  1.00011047e+00  1.37000000e-02  7.99622434e-01  1.37000000e-02  1.00010236e+00 
 1.38000000e-02  2.25182900e+00  1.38000000e-02  1.96730908e+00  1.38000000e-02 -3.01135689e-03  1.38000000e-02 -4.05941951e-04  1.38000000e-02  7.99623424e-01  1.38000000e-02  1.00022332e+00  1.38000000e-02  7.99622897e-01  1.38000000e-02  1.00015884e+00  1.38000000e-02  7.99622633e-01  1.38000000e-02  1.00012656e+00  1.38000000e-02  7.99622500e-01  1.38000000e-02  1.00011041e+00  1.38000000e-02  7.99622434e-01  1.38000000e-02  1.00010233e+00 
 1.39000000e-02  2.25205361e+00  1.39000000e-02  1.96708490e+00  1.39000000e-02 -3.01135532e-03  1.39000000e-02 -4.05943477e-04  1.39000000e-02  7.99623425e-01  1.39000000e-02  1.00022284e+00  1.39000000e-02  7.99622898e-01  1.39000000e-02  1.00015861e+00  1.39000000e-02  7.99622633e-01  1.39000000e-02  1.00012644e+00  1.39000000e-02  7.99622501e-01  1.39000000e-02  1.00011035e+00  1.39000000e-02  7.99622434e-01  1.39000000e-02  1.00010230e+00 
 1.40000000e-02  2.25227820e+00  1.40000000e-02  1.96686073e+00  1.40000000e-02 -3.01135375e-03  1.40000000e-02 -4.05945002e-04  1.40000000e-02  7.99623426e-01  1.40000000e-02  1.00022237e+00  1.40000000e-02  7.99622898e-01  1.40000000e-02  1.00015837e+00  1.40000000e-02  7.99622633e-01  1.40000000e-02  1.00012632e+00  1.40000000e-02  7.99622501e-01  1.40000000e-02  1.00011029e+00  1.40000000e-02  7.99622434e-01  1.40000000e-02  1.00010227e+00 
 1.41000000e-02  2.25250278e+00  1.41000000e-02  1.96663658e+00  1.41000000e-02 -3.01135218e-03  1.41000000e-02 -4.05946525e-04  1.41000000e-02  7.99623427e-01  1.41000000e-02  1.00022189e+00  1.41000000e-02  7.99622899e-01  1.41000000e-02  1.00015813e+00  1.41000000e-02  7.99622634e-01  1.41000000e-02  1.00012620e+00  1.41000000e-02  7.99622501e-01  1.41000000e-02  1.00011023e+00  1.41000000e-02  7.99622434e-01  1.41000000e-02  1.00010224e+00 
 1.42000000e-02  2.25272733e+00  1.42000000e-02  1.96641244e+00  1.42000000e-02 -3.01135061e-03  1.42000000e-02 -4.05948047e-04  1.42000000e-02  7.99623428e-01  1.42000000e-02  1.00022142e+00  1.42000000e-02  7.99622899e-01  1.42000000e-02  1.00015790e+00  1.42000000e-02  7.99622634e-01  1.42000000e-02  1.00012609e+00  1.42000000e-02  7.99622501e-01  1.42000000e-02  1.00011017e+00  1.42000000e-02  7.99622434e-01  1.42000000e-02  1.00010221e+00 
 1.43000000e-02  2.25295187e+00  1.43000000e-02  1.96618833e+00  1.43000000e-02 -3.01134904e-03  1.43000000e-02 -4.05949567e-04  1.43000000e-02  7.99623429e-01  1.43000000e-02  1.00022095e+00  1.43000000e-02  7.99622900e-01  1.43000000e-02  1.00015766e+00  1.43000000e-02  7.99622634e-01  1.43000000e-02  1.00012597e+00  1.43000000e-02  7.99622501e-01  1.43000000e-02  1.00011011e+00  1.43000000e-02  7.99622435e-01  1.43000000e-02  1.00010218e+00 
 1.44000000e-02  2.25317639e+00  1.44000000e-02  1.96596423e+00  1.44000000e-02 -3.01134748e-03  1.44000000e-02 -4.05951086e-04  1.44000000e-02  7.99623430e-01  1.44000000e-02  1.00022048e+00  1.44000000e-02  7.99622900e-01  1.44000000e-02  1.00015742e+00  1.44000000e-02  7.99622634e-01  1.44000000e-02  1.00012585e+00  1.44000000e-02  7.99622501e-01  1.44000000e-02  1.00011005e+00  1.44000000e-02  7.99622435e-01  1.44000000e-02  1.00010215e+00 
 1.45000000e-02  2.25340089e+00  1.45000000e-02  1.96574015e+00  1.45000000e-02 -3.01134591e-03  1.45000000e-02 -4.05952603e-04  1.45000000e-02  7.99623431e-01  1.45000000e-02  1.00022001e+00  1.45000000e-02  7.99622901e-01  1.45000000e-02  1.00015719e+00  1.45000000e-02  7.99622635e-01  1.45000000e-02  1.00012573e+00  1.45000000e-02  7.99622501e-01  1.45000000e-02  1.00010999e+00  1.45000000e-02  7.99622435e-01  1.45000000e-02  1.00010212e+00 
 1.46000000e-02  2.25362537e+00  1.46000000e-02  1.96551609e+00  1.46000000e-02 -3.01134435e-03  1.46000000e-02 -4.05954119e-04  1.46000000e-02  7.99623432e-01  1.46000000e-02  1.00021953e+00  1.46000000e-02  7.99622901e-01  1.46000000e-02  1.00015695e+00  1.46000000e-02  7.99622635e-01  1.46000000e-02  1.00012561e+00  1.46000000e-02  7.99622501e-01  1.46000000e-02  1.00010993e+00  1.46000000e-02  7.99622435e-01  1.46000000e-02  1.00010209e+00 
 1.47000000e-02  2.25384983e+00  1.47000000e-02  1.96529205e+00  1.47000000e-02 -3.01134279e-03  1.47000000e-02 -4.05955634e-04  1.47000000e-02  7.99623433e-01  1.47000000e-02  1.00021906e+00  1.47000000e-02  7.99622902e-01  1.47000000e-02  1.00015672e+00  1.47000000e-02  7.99622635e-01  1.47000000e-02  1.00012550e+00  1.47000000e-02  7.99622502e-01  1.47000000e-02  1.00010987e+00  1.47000000e-02  7.99622435e-01  1.47000000e-02  1.00010206e+00 
 1.48000000e-02  2.25407428e+00  1.48000000e-02  1.96506802e+00  1.48000000e-02 -3.01134123e-03  1.48000000e-02 -4.05957147e-04  1.48000000e-02  7.99623434e-01  1.48000000e-02  1.00021859e+00  1.48000000e-02  7.99622902e-01  1.48000000e-02  1.00015648e+00  1.48000000e-02  7.99622635e-01  1.48000000e-02  1.00012538e+00  1.48000000e-02  7.99622502e-01  1.48000000e-02  1.00010981e+00  1.48000000e-02  7.99622435e-01  1.48000000e-02  1.00010203e+00 
 1.49000000e-02  2.25429870e+00  1.49000000e-02  1.96484402e+00  1.49000000e-02 -3.01133967e-03  1.49000000e-02 -4.05958659e-04  1.49000000e-02  7.99623435e-01  1.49000000e-02  1.00021812e+00  1.49000000e-02  7.99622903e-01  1.49000000e-02  1.00015624e+00  1.49000000e-02  7.99622636e-01  1.49000000e-02  1.00012526e+00  1.49000000e-02  7.99622502e-01  1.49000000e-02  1.00010976e+00  1.49000000e-02  7.99622435e-01  1.49000000e-02  1.00010200e+00 
 1.50000000e-02  2.25452310e+00  1.50000000e-02  1.96462003e+00  1.50000000e-02 -3.01133812e-03  1.50000000e-02 -4.05960170e-04  1.50000000e-02  7.99623436e-01  1.50000000e-02  1.00021765e+00  1.50000000e-02  7.99622903e-01  1.50000000e-02  1.00015601e+00  1.50000000e-02  7.99622636e-01  1.50000000e-02  1.00012514e+00  1.50000000e-02  7.99622502e-01  1.50000000e-02  1.00010970e+00  1.50000000e-02  7.99622435e-01  1.50000000e-02  1.00010197e+00 
 1.51000000e-02  2.25474749e+00  1.51000000e-02  1.96439606e+00  1.51000000e-02 -3.01133656e-03  1.51000000e-02 -4.05961679e-04  1.51000000e-02  7.99623437e-01  1.51000000e-02  1.00021718e+00  1.51000000e-02  7.99622904e-01  1.51000000e-02  1.00015578e+00  1.51000000e-02  7.99622636e-01  1.51000000e-02  1.00012502e+00  1.51000000e-02  7.99622502e-01  1.51000000e-02  1.00010964e+00  1.51000000e-02  7.99622435e-01  1.51000000e-02  1.00010194e+00 
 1.52000000e-02  2.25497185e+00  1.52000000e-02  1.96417212e+00  1.52000000e-02 -3.01133501e-03  1.52000000e-02 -4.05963186e-04  1.52000000e-02  7.99623438e-01  1.52000000e-02  1.00021672e+00  1.52000000e-02  7.99622904e-01  1.52000000e-02  1.00015554e+00  1.52000000e-02  7.99622636e-01  1.52000000e-02  1.00012491e+00  1.52000000e-02  7.99622502e-01  1.52000000e-02  1.00010958e+00  1.52000000e-02  7.99622435e-01  1.52000000e-02  1.00010191e+00 
 1.53000000e-02  2.25519620e+00  1.53000000e-02  1.96394819e+00  1.53000000e-02 -3.01133346e-03  1.53000000e-02 -4.05964692e-04  1.53000000e-02  7.99623439e-01  1.53000000e-02  1.00021625e+00  1.53000000e-02  7.99622905e-01  1.53000000e-02  1.00015531e+00  1.53000000e-02  7.99622637e-01  1.53000000e-02  1.00012479e+00  1.53000000e-02  7.99622502e-01  1.53000000e-02  1.00010952e+00  1.53000000e-02  7.99622435e-01  1.53000000e-02  1.00010188e+00 
 1.54000000e-02  2.25542052e+00  1.54000000e-02  1.96372428e+00  1.54000000e-02 -3.01133191e-03  1.54000000e-02 -4.05966197e-04  1.54000000e-02  7.99623440e-01  1.54000000e-02  1.00021578e+00  1.54000000e-02  7.99622905e-01  1.54000000e-02  1.00015507e+00  1.54000000e-02  7.99622637e-01  1.54000000e-02  1.00012467e+00  1.54000000e-02  7.99622503e-01  1.54000000e-02  1.00010946e+00  1.54000000e-02  7.99622435e-01  1.54000000e-02  1.00010185e+00 
 1.55000000e-02  2.25564483e+00  1.55000000e-02  1.96350039e+00  1.55000000e-02 -3.01133036e-03  1.55000000e-02 -4.05967700e-04  1.55000000e-02  7.99623441e-01  1.55000000e-02  1.00021531e+00  1.55000000e-02  7.99622906e-01  1.55000000e-02  1.00015484e+00  1.55000000e-02  7.99622637e-01  1.55000000e-02  1.00012456e+00  1.55000000e-02  7.99622503e-01  1.55000000e-02  1.00010940e+00  1.55000000e-02  7.99622435e-01  1.55000000e-02  1.00010182e+00 
 1.56000000e-02  2.25586911e+00  1.56000000e-02  1.96327652e+00  1.56000000e-02 -3.01132882e-03  1.56000000e-02 -4.05969202e-04  1.56000000e-02  7.99623442e-01  1.56000000e-02  1.00021485e+00  1.56000000e-02  7.99622906e-01  1.56000000e-02  1.00015460e+00  1.56000000e-02  7.99622638e-01  1.56000000e-02  1.00012444e+00  1.56000000e-02  7.99622503e-01  1.56000000e-02  1.00010935e+00  1.56000000e-02  7.99622435e-01  1.56000000e-02  1.00010180e+00 
 1.57000000e-02  2.25609338e+00  1.57000000e-02  1.96305267e+00  1.57000000e-02 -3.01132727e-03  1.57000000e-02 -4.05970703e-04  1.57000000e-02  7.99623443e-01  1.57000000e-02  1.00021438e+00  1.57000000e-02  7.99622907e-01  1.57000000e-02  1.00015437e+00  1.57000000e-02  7.99622638e-01  1.57000000e-02  1.00012432e+00  1.57000000e-02  7.99622503e-01  1.57000000e-02  1.00010929e+00  1.57000000e-02  7.99622435e-01  1.57000000e-02  1.00010177e+00 
 1.58000000e-02  2.25631762e+00  1.58000000e-02  1.96282884e+00  1.58000000e-02 -3.01132573e-03  1.58000000e-02 -4.05972202e-04  1.58000000e-02  7.99623444e-01  1.58000000e-02  1.00021391e+00  1.58000000e-02  7.99622907e-01  1.58000000e-02  1.00015414e+00  1.58000000e-02  7.99622638e-01  1.58000000e-02  1.00012421e+00  1.58000000e-02  7.99622503e-01  1.58000000e-02  1.00010923e+00  1.58000000e-02  7.99622436e-01  1.58000000e-02  1.00010174e+00 
 1.59000000e-02  2.25654184e+00  1.59000000e-02  1.96260503e+00  1.59000000e-02 -3.01132418e-03  1.59000000e-02 -4.05973700e-04  1.59000000e-02  7.99623445e-01  1.59000000e-02  1.00021345e+00  1.59000000e-02  7.99622908e-01  1.59000000e-02  1.00015390e+00  1.59000000e-02  7.99622638e-01  1.59000000e-02  1.00012409e+00  1.59000000e-02  7.99622503e-01  1.59000000e-02  1.00010917e+00  1.59000000e-02  7.99622436e-01  1.59000000e-02  1.00010171e+00 
 1.60000000e-02  2.25676605e+00  1.60000000e-02  1.96238124e+00  1.60000000e-02 -3.01132264e-03  1.60000000e-02 -4.05975196e-04  1.60000000e-02  7.99623446e-01  1.60000000e-02  1.00021298e+00  1.60000000e-02  7.99622908e-01  1.60000000e-02  1.00015367e+00  1.60000000e-02  7.99622639e-01  1.60000000e-02  1.00012397e+00  1.60000000e-02  7.99622503e-01  1.60000000e-02  1.00010911e+00  1.60000000e-02  7.99622436e-01  1.60000000e-02  1.00010168e+00 
 1.61000000e-02  2.25699023e+00  1.61000000e-02  1.96215747e+00  1.61000000e-02 -3.01132110e-03  1.61000000e-02 -4.05976691e-04  1.61000000e-02  7.99623447e-01  1.61000000e-02  1.00021252e+00  1.61000000e-02  7.99622909e-01  1.61000000e-02  1.00015344e+00  1.61000000e-02  7.99622639e-01  1.61000000e-02  1.00012386e+00  1.61000000e-02  7.99622503e-01  1.61000000e-02  1.00010905e+00  1.61000000e-02  7.99622436e-01  1.61000000e-02  1.00010165e+00 
 1.62000000e-02  2.25721439e+00  1.62000000e-02  1.96193372e+00  1.62000000e-02 -3.01131957e-03  1.62000000e-02 -4.05978184e-04  1.62000000e-02  7.99623448e-01  1.62000000e-02  1.00021205e+00  1.62000000e-02  7.99622909e-01  1.62000000e-02  1.00015321e+00  1.62000000e-02  7.99622639e-01  1.62000000e-02  1.00012374e+00  1.62000000e-02  7.99622504e-01  1.62000000e-02  1.00010900e+00  1.62000000e-02  7.99622436e-01  1.62000000e-02  1.00010162e+00 
 1.63000000e-02  2.25743853e+00  1.63000000e-02  1.96171000e+00  1.63000000e-02 -3.01131803e-03  1.63000000e-02 -4.05979676e-04  1.63000000e-02  7.99623449e-01  1.63000000e-02  1.00021159e+00  1.63000000e-02  7.99622910e-01  1.63000000e-02  1.00015297e+00  1.63000000e-02  7.99622639e-01  1.63000000e-02  1.00012362e+00  1.63000000e-02  7.99622504e-01  1.63000000e-02  1.00010894e+00  1.63000000e-02  7.99622436e-01  1.63000000e-02  1.00010159e+00 
 1.64000000e-02  2.25766265e+00  1.64000000e-02  1.96148629e+00  1.64000000e-02 -3.01131650e-03  1.64000000e-02 -4.05981167e-04  1.64000000e-02  7.99623450e-01  1.64000000e-02  1.00021113e+00  1.64000000e-02  7.99622911e-01  1.64000000e-02  1.00015274e+00  1.64000000e-02  7.99622640e-01  1.64000000e-02  1.00012351e+00  1.64000000e-02  7.99622504e-01  1.64000000e-02  1.00010888e+00  1.64000000e-02  7.99622436e-01  1.64000000e-02  1.00010156e+00 
 1.65000000e-02  2.25788674e+00  1.65000000e-02  1.96126260e+00  1.65000000e-02 -3.01131496e-03  1.65000000e-02 -4.05982656e-04  1.65000000e-02  7.99623451e-01  1.65000000e-02  1.00021066e+00  1.65000000e-02  7.99622911e-01  1.65000000e-02  1.00015251e+00  1.65000000e-02  7.99622640e-01  1.65000000e-02  1.00012339e+00  1.65000000e-02  7.99622504e-01  1.65000000e-02  1.00010882e+00  1.65000000e-02  7.99622436e-01  1.65000000e-02  1.00010153e+00 
 1.66000000e-02  2.25811082e+00  1.66000000e-02  1.96103894e+00  1.66000000e-02 -3.01131343e-03  1.66000000e-02 -4.05984144e-04  1.66000000e-02  7.99623452e-01  1.66000000e-02  1.00021020e+00  1.66000000e-02  7.99622912e-01  1.66000000e-02  1.00015228e+00  1.66000000e-02  7.99622640e-01  1.66000000e-02  1.00012328e+00  1.66000000e-02  7.99622504e-01  1.66000000e-02  1.00010876e+00  1.66000000e-02  7.99622436e-01  1.66000000e-02  1.00010150e+00 
 1.67000000e-02  2.25833487e+00  1.67000000e-02  1.96081529e+00  1.67000000e-02 -3.01131190e-03  1.67000000e-02 -4.05985630e-04  1.67000000e-02  7.99623453e-01  1.67000000e-02  1.00020974e+00  1.67000000e-02  7.99622912e-01  1.67000000e-02  1.00015205e+00  1.67000000e-02  7.99622640e-01  1.67000000e-02  1.00012316e+00  1.67000000e-02  7.99622504e-01  1.67000000e-02  1.00010871e+00  1.67000000e-02  7.99622436e-01  1.67000000e-02  1.00010148e+00 
 1.68000000e-02  2.25855890e+00  1.68000000e-02  1.96059167e+00  1.68000000e-02 -3.01131037e-03  1.68000000e-02 -4.05987115e-04  1.68000000e-02  7.99623455e-01  1.68000000e-02  1.00020928e+00  1.68000000e-02  7.99622913e-01  1.68000000e-02  1.00015182e+00  1.68000000e-02  7.99622641e-01  1.68000000e-02  1.00012304e+00  1.68000000e-02  7.99622504e-01  1.68000000e-02  1.00010865e+00  1.68000000e-02  7.99622436e-01  1.68000000e-02  1.00010145e+00 
 1.69000000e-02  2.25878291e+00  1.69000000e-02  1.96036807e+00  1.69000000e-02 -3.01130884e-03  1.69000000e-02 -4.05988599e-04  1.69000000e-02  7.99623456e-01  1.69000000e-02  1.00020882e+00  1.69000000e-02  7.99622913e-01  1.69000000e-02  1.00015159e+00  1.69000000e-02  7.99622641e-01  1.69000000e-02  1.00012293e+00  1.69000000e-02  7.99622505e-01  1.69000000e-02  1.00010859e+00  1.69000000e-02  7.99622436e-01  1.69000000e-02  1.00010142e+00 
 1.70000000e-02  2.25900690e+00  1.70000000e-02  1.96014449e+00  1.70000000e-02 -3.01130732e-03  1.70000000e-02 -4.05990081e-04  1.70000000e-02  7.99623457e-01  1.70000000e-02  1.00020836e+00  1.70000000e-02  7.99622914e-01  1.70000000e-02  1.00015136e+00  1.70000000e-02  7.99622641e-01  1.70000000e-02  1.00012281e+00  1.70000000e-02  7.99622505e-01  1.70000000e-02  1.00010853e+00  1.70000000e-02  7.99622436e-01  1.70000000e-02  1.00010139e+00 
 1.71000000e-02  2.25923087e+00  1.71000000e-02  1.95992093e+00  1.71000000e-02 -3.01130579e-03  1.71000000e-02 -4.05991562e-04  1.71000000e-02  7.99623458e-01  1.71000000e-02  1.00020790e+00  1.71000000e-02  7.99622914e-01  1.71000000e-02  1.00015112e+00  1.71000000e-02  7.99622641e-01  1.71000000e-02  1.00012270e+00  1.71000000e-02  7.99622505e-01  1.71000000e-02  1.00010847e+00  1.71000000e-02  7.99622436e-01  1.71000000e-02  1.00010136e+00 
 1.72000000e-02  2.25945481e+00  1.72000000e-02  1.95969740e+00  1.72000000e-02 -3.01130427e-03  1.72000000e-02 -4.05993041e-04  1.72000000e-02  7.99623459e-01  1.72000000e-02  1.00020744e+00  1.72000000e-02  7.99622915e-01  1.72000000e-02  1.00015089e+00  1.72000000e-02  7.99622642e-01  1.72000000e-02  1.00012258e+00  1.72000000e-02  7.99622505e-01  1.72000000e-02  1.00010842e+00  1.72000000e-02  7.99622437e-01  1.72000000e-02  1.00010133e+00 
 1.73000000e-02  2.25967873e+00  1.73000000e-02  1.95947388e+00  1.73000000e-02 -3.01130275e-03  1.73000000e-02 -4.05994519e-04  1.73000000e-02  7.99623460e-01  1.73000000e-02  1.00020698e+00  1.73000000e-02  7.99622915e-01  1.73000000e-02  1.00015066e+00  1.73000000e-02  7.99622642e-01  1.73000000e-02  1.00012247e+00  1.73000000e-02  7.99622505e-01  1.73000000e-02  1.00010836e+00  1.73000000e-02  7.99622437e-01  1.73000000e-02  1.00010130e+00 
 1.74000000e-02  2.25990263e+00  1.74000000e-02  1.95925039e+00  1.74000000e-02 -3.01130123e-03  1.74000000e-02 -4.05995995e-04  1.74000000e-02  7.99623461e-01  1.74000000e-02  1.00020652e+00  1.74000000e-02  7.99622916e-01  1.74000000e-02  1.00015043e+00  1.74000000e-02  7.99622642e-01  1.74000000e-02  1.00012235e+00  1.74000000e-02  7.99622505e-01  1.74000000e-02  1.00010830e+00  1.74000000e-02  7.99622437e-01  1.74000000e-02  1.00010127e+00 
 1.75000000e-02  2.26012650e+00  1.75000000e-02  1.95902692e+00  1.75000000e-02 -3.01129971e-03  1.75000000e-02 -4.05997470e-04  1.75000000e-02  7.99623462e-01  1.75000000e-02  1.00020606e+00  1.75000000e-02  7.99622916e-01  1.75000000e-02  1.00015021e+00  1.75000000e-02  7.99622642e-01  1.75000000e-02  1.00012224e+00  1.75000000e-02  7.99622505e-01  1.75000000e-02  1.00010824e+00  1.75000000e-02  7.99622437e-01  1.75000000e-02  1.00010124e+00 
 1.76000000e-02  2.26035036e+00  1.76000000e-02  1.95880347e+00  1.76000000e-02 -3.01129819e-03  1.76000000e-02 -4.05998944e-04  1.76000000e-02  7.99623463e-01  1.76000000e-02  1.00020560e+00  1.76000000e-02  7.99622917e-01  1.76000000e-02  1.00014998e+00  1.76000000e-02  7.99622643e-01  1.76000000e-02  1.00012212e+00  1.76000000e-02  7.99622505e-01  1.76000000e-02  1.00010819e+00  1.76000000e-02  7.99622437e-01  1.76000000e-02  1.00010122e+00 
 1.77000000e-02  2.26057419e+00  1.77000000e-02  1.95858005e+00  1.77000000e-02 -3.01129668e-03  1.77000000e-02 -4.06000416e-04  1.77000000e-02  7.99623464e-01  1.77000000e-02  1.00020514e+00  1.77000000e-02  7.99622917e-01  1.77000000e-02  1.00014975e+00  1.77000000e-02  7.99622643e-01  1.77000000e-02  1.00012201e+00  1.77000000e-02  7.99622506e-01  1.77000000e-02  1.00010813e+00  1.77000000e-02  7.99622437e-01  1.77000000e-02  1.00010119e+00 
 1.78000000e-02  2.26079799e+00  1.78000000e-02  1.95835665e+00  1.78000000e-02 -3.01129517e-03  1.78000000e-02 -4.06001887e-04  1.78000000e-02  7.99623465e-01  1.78000000e-02  1.00020469e+00  1.78000000e-02  7.99622918e-01  1.78000000e-02  1.00014952e+00  1.78000000e-02  7.99622643e-01  1.78000000e-02  1.00012189e+00  1.78000000e-02  7.99622506e-01  1.78000000e-02  1.00010807e+00  1.78000000e-02  7.99622437e-01  1.78000000e-02  1.00010116e+00 
 1.79000000e-02  2.26102178e+00  1.79000000e-02  1.95813327e+00  1.79000000e-02 -3.01129365e-03  1.79000000e-02 -4.06003357e-04  1.79000000e-02  7.99623466e-01  1.79000000e-02  1.00020423e+00  1.79000000e-02  7.99622918e-01  1.79000000e-02  1.00014929e+00  1.79000000e-02  7.99622643e-01  1.79000000e-02  1.00012178e+00  1.79000000e-02  7.99622506e-01  1.79000000e-02  1.00010802e+00  1.79000000e-02  7.99622437e-01  1.79000000e-02  1.00010113e+00 
 1.80000000e-02  2.26124554e+00  1.80000000e-02  1.95790991e+00  1.80000000e-02 -3.01129214e-03  1.80000000e-02 -4.06004825e-04  1.80000000e-02  7.99623467e-01  1.80000000e-02  1.00020377e+00  1.80000000e-02  7.99622919e-01  1.80000000e-02  1.00014906e+00  1.80000000e-02  7.99622644e-01  1.80000000e-02  1.00012167e+00  1.80000000e-02  7.99622506e-01  1.80000000e-02  1.00010796e+00  1.80000000e-02  7.99622437e-01  1.80000000e-02  1.00010110e+00 
 1.81000000e-02  2.26146927e+00  1.81000000e-02  1.95768658e+00  1.81000000e-02 -3.01129063e-03  1.81000000e-02 -4.06006291e-04  1.81000000e-02  7.99623468e-01  1.81000000e-02  1.00020332e+00  1.81000000e-02  7.99622919e-01  1.81000000e-02  1.00014883e+00  1.81000000e-02  7.99622644e-01  1.81000000e-02  1.00012155e+00  1.81000000e-02  7.99622506e-01  1.81000000e-02  1.00010790e+00  1.81000000e-02  7.99622437e-01  1.81000000e-02  1.00010107e+00 
 1.82000000e-02  2.26169298e+00  1.82000000e-02  1.95746327e+00  1.82000000e-02 -3.01128912e-03  1.82000000e-02 -4.06007757e-04  1.82000000e-02  7.99623469e-01  1.82000000e-02  1.00020286e+00  1.82000000e-02  7.99622920e-01  1.82000000e-02  1.00014860e+00  1.82000000e-02  7.99622644e-01  1.82000000e-02  1.00012144e+00  1.82000000e-02  7.99622506e-01  1.82000000e-02  1.00010784e+00  1.82000000e-02  7.99622437e-01  1.82000000e-02  1.00010104e+00 
 1.83000000e-02  2.26191667e+00  1.83000000e-02  1.95723998e+00  1.83000000e-02 -3.01128762e-03  1.83000000e-02 -4.06009220e-04  1.83000000e-02  7.99623470e-01  1.83000000e-02  1.00020241e+00  1.83000000e-02  7.99622920e-01  1.83000000e-02  1.00014838e+00  1.83000000e-02  7.99622645e-01  1.83000000e-02  1.00012132e+00  1.83000000e-02  7.99622506e-01  1.83000000e-02  1.00010779e+00  1.83000000e-02  7.99622437e-01  1.83000000e-02  1.00010102e+00 
 1.84000000e-02  2.26214034e+00  1.84000000e-02  1.95701672e+00  1.84000000e-02 -3.01128611e-03  1.84000000e-02 -4.06010683e-04  1.84000000e-02  7.99623471e-01  1.84000000e-02  1.00020195e+00  1.84000000e-02  7.99622921e-01  1.84000000e-02  1.00014815e+00  1.84000000e-02  7.99622645e-01  1.84000000e-02  1.00012121e+00  1.84000000e-02  7.99622507e-01  1.84000000e-02  1.00010773e+00  1.84000000e-02  7.99622437e-01  1.84000000e-02  1.00010099e+00 
 1.85000000e-02  2.26236398e+00  1.85000000e-02  1.95679348e+00  1.85000000e-02 -3.01128461e-03  1.85000000e-02 -4.06012144e-04  1.85000000e-02  7.99623472e-01  1.85000000e-02  1.00020150e+00  1.85000000e-02  7.99622921e-01  1.85000000e-02  1.00014792e+00  1.85000000e-02  7.99622645e-01  1.85000000e-02  1.00012110e+00  1.85000000e-02  7.99622507e-01  1.85000000e-02  1.00010767e+00  1.85000000e-02  7.99622437e-01  1.85000000e-02  1.00010096e+00 
 1.86000000e-02  2.26258760e+00  1.86000000e-02  1.95657026e+00  1.86000000e-02 -3.01128310e-03  1.86000000e-02 -4.06013603e-04  1.86000000e-02  7.99623473e-01  1.86000000e-02  1.00020104e+00  1.86000000e-02  7.99622922e-01  1.86000000e-02  1.00014769e+00  1.86000000e-02  7.99622645e-01  1.86000000e-02  1.00012098e+00  1.86000000e-02  7.99622507e-01  1.86000000e-02  1.00010762e+00  1.86000000e-02  7.99622438e-01  1.86000000e-02  1.00010093e+00 
 1.87000000e-02  2.26281119e+00  1.87000000e-02  1.95634707e+00  1.87000000e-02 -3.01128160e-03  1.87000000e-02 -4.06015062e-04  1.87000000e-02  7.99623474e-01  1.87000000e-02  1.00020059e+00  1.87000000e-02  7.99622922e-01  1.87000000e-02  1.00014747e+00  1.87000000e-02  7.99622646e-01  1.87000000e-02  1.00012087e+00  1.87000000e-02  7.99622507e-01  1.87000000e-02  1.00010756e+00  1.87000000e-02  7.99622438e-01  1.87000000e-02  1.00010090e+00 
 1.88000000e-02  2.26303476e+00  1.88000000e-02  1.95612390e+00  1.88000000e-02 -3.01128010e-03  1.88000000e-02 -4.06016518e-04  1.88000000e-02  7.99623475e-01  1.88000000e-02  1.00020014e+00  1.88000000e-02  7.99622923e-01  1.88000000e-02  1.00014724e+00  1.88000000e-02  7.99622646e-01  1.88000000e-02  1.00012076e+00  1.88000000e-02  7.99622507e-01  1.88000000e-02  1.00010750e+00  1.88000000e-02  7.99622438e-01  1.88000000e-02  1.00010087e+00 
 1.89000000e-02  2.26325830e+00  1.89000000e-02  1.95590076e+00  1.89000000e-02 -3.01127860e-03  1.89000000e-02 -4.06017974e-04  1.89000000e-02  7.99623476e-01  1.89000000e-02  1.00019968e+00  1.89000000e-02  7.99622923e-01  1.89000000e-02  1.00014701e+00  1.89000000e-02  7.99622646e-01  1.89000000e-02  1.00012064e+00  1.89000000e-02  7.99622507e-01  1.89000000e-02  1.00010745e+00  1.89000000e-02  7.99622438e-01  1.89000000e-02  1.00010085e+00 
 1.90000000e-02  2.26348182e+00  1.90000000e-02  1.95567764e+00  1.90000000e-02 -3.01127711e-03  1.90000000e-02 -4.06019428e-04  1.90000000e-02  7.99623477e-01  1.90000000e-02  1.00019923e+00  1.90000000e-02  7.99622924e-01  1.90000000e-02  1.00014679e+00  1.90000000e-02  7.99622646e-01  1.90000000e-02  1.00012053e+00  1.90000000e-02  7.99622507e-01  1.90000000e-02  1.00010739e+00  1.90000000e-02  7.99622438e-01  1.90000000e-02  1.00010082e+00 
 1.91000000e-02  2.26370531e+00  1.91000000e-02  1.95545454e+00  1.91000000e-02 -3.01127561e-03  1.91000000e-02 -4.06020880e-04  1.91000000e-02  7.99623478e-01  1.91000000e-02  1.00019878e+00  1.91000000e-02  7.99622924e-01  1.91000000e-02  1.00014656e+00  1.91000000e-02  7.99622647e-01  1.91000000e-02  1.00012042e+00  1.91000000e-02  7.99622508e-01  1.91000000e-02  1.00010733e+00  1.91000000e-02  7.99622438e-01  1.91000000e-02  1.00010079e+00 
 1.92000000e-02  2.26392878e+00  1.92000000e-02  1.95523147e+00  1.92000000e-02 -3.01127412e-03  1.92000000e-02 -4.06022331e-04  1.92000000e-02  7.99623479e-01  1.92000000e-02  1.00019833e+00  1.92000000e-02  7.99622925e-01  1.92000000e-02  1.00014634e+00  1.92000000e-02  7.99622647e-01  1.92000000e-02  1.00012030e+00  1.92000000e-02  7.99622508e-01  1.92000000e-02  1.00010728e+00  1.92000000e-02  7.99622438e-01  1.92000000e-02  1.00010076e+00 
 1.93000000e-02  2.26415222e+00  1.93000000e-02  1.95500843e+00  1.93000000e-02 -3.01127262e-03  1.93000000e-02 -4.06023781e-04  1.93000000e-02  7.99623480e-01  1.93000000e-02  1.00019788e+00  1.93000000e-02  7.99622925e-01  1.93000000e-02  1.00014611e+00  1.93000000e-02  7.99622647e-01  1.93000000e-02  1.00012019e+00  1.93000000e-02  7.99622508e-01  1.93000000e-02  1.00010722e+00  1.93000000e-02  7.99622438e-01  1.93000000e-02  1.00010073e+00 
 1.94000000e-02  2.26437564e+00  1.94000000e-02  1.95478541e+00  1.94000000e-02 -3.01127113e-03  1.94000000e-02 -4.06025229e-04  1.94000000e-02  7.99623481e-01  1.94000000e-02  1.00019743e+00  1.94000000e-02  7.99622926e-01  1.94000000e-02  1.00014589e+00  1.94000000e-02  7.99622647e-01  1.94000000e-02  1.00012008e+00  1.94000000e-02  7.99622508e-01  1.94000000e-02  1.00010716e+00  1.94000000e-02  7.99622438e-01  1.94000000e-02  1.00010070e+00 
 1.95000000e-02  2.26459903e+00  1.95000000e-02  1.95456241e+00  1.95000000e-02 -3.01126964e-03  1.95000000e-02 -4.06026676e-04  1.95000000e-02  7.99623482e-01  1.95000000e-02  1.00019698e+00  1.95000000e-02  7.99622927e-01  1.95000000e-02  1.00014566e+00  1.95000000e-02  7.99622648e-01  1.95000000e-02  1.00011996e+00  1.95000000e-02  7.99622508e-01  1.95000000e-02  1.00010711e+00  1.95000000e-02  7.99622438e-01  1.95000000e-02  1.00010068e+00 
 1.96000000e-02  2.26482240e+00  1.96000000e-02  1.95433944e+00  1.96000000e-02 -3.01126815e-03  1.96000000e-02 -4.06028122e-04  1.96000000e-02  7.99623484e-01  1.96000000e-02  1.00019653e+00  1.96000000e-02  7.99622927e-01  1.96000000e-02  1.00014544e+00  1.96000000e-02  7.99622648e-01  1.96000000e-02  1.00011985e+00  1.96000000e-02  7.99622508e-01  1.96000000e-02  1.00010705e+00  1.96000000e-02  7.99622438e-01  1.96000000e-02  1.00010065e+00 
 1.97000000e-02  2.26504574e+00  1.97000000e-02  1.95411649e+00  1.97000000e-02 -3.01126666e-03  1.97000000e-02 -4.06029566e-04  1.97000000e-02  7.99623485e-01  1.97000000e-02  1.00019608e+00  1.97000000e-02  7.99622928e-01  1.97000000e-02  1.00014521e+00  1.97000000e-02  7.99622648e-01  1.97000000e-02  1.00011974e+00  1.97000000e-02  7.99622508e-01  1.97000000e-02  1.00010699e+00  1.97000000e-02  7.99622438e-01  1.97000000e-02  1.00010062e+00 
 1.98000000e-02  2.26526906e+00  1.98000000e-02  1.95389357e+00  1.98000000e-02 -3.01126518e-03  1.98000000e-02 -4.06031009e-04  1.98000000e-02  7.99623486e-01  1.98000000e-02  1.00019563e+00  1.98000000e-02  7.99622928e-01  1.98000000e-02  1.00014499e+00  1.98000000e-02  7.99622648e-01  1.98000000e-02  1.00011963e+00  1.98000000e-02  7.99622508e-01  1.98000000e-02  1.00010694e+00  1.98000000e-02  7.99622438e-01  1.98000000e-02  1.00010059e+00 
 1.99000000e-02  2.26549235e+00  1.99000000e-02  1.95367068e+00  1.99000000e-02 -3.01126369e-03  1.99000000e-02 -4.06032450e-04  1.99000000e-02  7.99623487e-01  1.99000000e-02  1.00019518e+00  1.99000000e-02  7.99622929e-01  1.99000000e-02  1.00014476e+00  1.99000000e-02  7.99622649e-01  1.99000000e-02  1.00011951e+00  1.99000000e-02  7.99622509e-01  1.99000000e-02  1.00010688e+00  1.99000000e-02  7.99622438e-01  1.99000000e-02  1.00010056e+00 
 2.00000000e-02  2.26571561e+00  2.00000000e-02  1.95344781e+00  2.00000000e-02 -3.01126221e-03  2.00000000e-02 -4.06033890e-04  2.00000000e-02  7.99623488e-01  2.00000000e-02  1.00019474e+00  2.00000000e-02  7.99622929e-01  2.00000000e-02  1.00014454e+00  2.00000000e-02  7.99622649e-01  2.00000000e-02  1.00011940e+00  2.00000000e-02  7.99622509e-01  2.00000000e-02  1.00010683e+00  2.00000000e-02  7.99622439e-01  2.00000000e-02  1.00010054e+00 
 2.01000000e-02  2.26593885e+00  2.01000000e-02  1.95322496e+00  2.01000000e-02 -3.01126073e-03  2.01000000e-02 -4.06035328e-04  2.01000000e-02  7.99623489e-01  2.01000000e-02  1.00019429e+00  2.01000000e-02  7.99622930e-01  2.01000000e-02  1.00014431e+00  2.01000000e-02  7.99622649e-01  2.01000000e-02  1.00011929e+00  2.01000000e-02  7.99622509e-01  2.01000000e-02  1.00010677e+00  2.01000000e-02  7.99622439e-01  2.01000000e-02  1.00010051e+00 
 2.02000000e-02  2.26616206e+00  2.02000000e-02  1.95300215e+00  2.02000000e-02 -3.01125925e-03  2.02000000e-02 -4.06036766e-04  2.02000000e-02  7.99623490e-01  2.02000000e-02  1.00019384e+00  2.02000000e-02  7.99622930e-01  2.02000000e-02  1.00014409e+00  2.02000000e-02  7.99622650e-01  2.02000000e-02  1.00011918e+00  2.02000000e-02  7.99622509e-01  2.02000000e-02  1.00010671e+00  2.02000000e-02  7.99622439e-01  2.02000000e-02  1.00010048e+00 
 2.03000000e-02  2.26638525e+00  2.03000000e-02  1.95277935e+00  2.03000000e-02 -3.01125777e-03  2.03000000e-02 -4.06038201e-04  2.03000000e-02  7.99623491e-01  2.03000000e-02  1.00019340e+00  2.03000000e-02  7.99622931e-01  2.03000000e-02  1.00014387e+00  2.03000000e-02  7.99622650e-01  2.03000000e-02  1.00011907e+00  2.03000000e-02  7.99622509e-01  2.03000000e-02  1.00010666e+00  2.03000000e-02  7.99622439e-01  2.03000000e-02  1.00010045e+00 
 2.04000000e-02  2.26660840e+00  2.04000000e-02  1.95255659e+00  2.04000000e-02 -3.01125629e-03  2.04000000e-02 -4.06039636e-04  2.04000000e-02  7.99623492e-01  2.04000000e-02  1.00019295e+00  2.04000000e-02  7.99622931e-01  2.04000000e-02  1.00014364e+00  2.04000000e-02  7.99622650e-01  2.04000000e-02  1.00011896e+00  2.04000000e-02  7.99622509e-01  2.04000000e-02  1.00010660e+00  2.04000000e-02  7.99622439e-01  2.04000000e-02  1.00010042e+00 
 2.05000000e-02  2.26683153e+00  2.05000000e-02  1.95233385e+00  2.05000000e-02 -3.01125481e-03  2.05000000e-02 -4.06041068e-04  2.05000000e-02  7.99623493e-01  2.05000000e-02  1.00019250e+00  2.05000000e-02  7.99622932e-01  2.05000000e-02  1.00014342e+00  2.05000000e-02  7.99622650e-01  2.05000000e-02  1.00011884e+00  2.05000000e-02  7.99622509e-01  2.05000000e-02  1.00010655e+00  2.05000000e-02  7.99622439e-01  2.05000000e-02  1.00010040e+00 
 2.06000000e-02  2.26705464e+00  2.06000000e-02  1.95211114e+00  2.06000000e-02 -3.01125334e-03  2.06000000e-02 -4.06042500e-04  2.06000000e-02  7.99623494e-01  2.06000000e-02  1.00019206e+00  2.06000000e-02  7.99622932e-01  2.06000000e-02  1.00014320e+00  2.06000000e-02  7.99622651e-01  2.06000000e-02  1.00011873e+00  2.06000000e-02  7.99622510e-01  2.06000000e-02  1.00010649e+00  2.06000000e-02  7.99622439e-01  2.06000000e-02  1.00010037e+00 
 2.07000000e-02  2.26727772e+00  2.07000000e-02  1.95188845e+00  2.07000000e-02 -3.01125186e-03  2.07000000e-02 -4.06043930e-04  2.07000000e-02  7.99623495e-01  2.07000000e-02  1.00019161e+00  2.07000000e-02  7.99622933e-01  2.07000000e-02  1.00014298e+00  2.07000000e-02  7.99622651e-01  2.07000000e-02  1.00011862e+00  2.07000000e-02  7.99622510e-01  2.07000000e-02  1.00010644e+00  2.07000000e-02  7.99622439e-01  2.07000000e-02  1.00010034e+00 
 2.08000000e-02  2.26750077e+00  2.08000000e-02  1.95166579e+00  2.08000000e-02 -3.01125039e-03  2.08000000e-02 -4.06045359e-04  2.08000000e-02  7.99623496e-01  2.08000000e-02  1.00019117e+00  2.08000000e-02  7.99622933e-01  2.08000000e-02  1.00014275e+00  2.08000000e-02  7.99622651e-01  2.08000000e-02  1.00011851e+00  2.08000000e-02  7.99622510e-01  2.08000000e-02  1.00010638e+00  2.08000000e-02  7.99622439e-01  2.08000000e-02  1.00010031e+00 
 2.09000000e-02  2.26772379e+00  2.09000000e-02  1.95144316e+00  2.09000000e-02 -3.01124892e-03  2.09000000e-02 -4.06046786e-04  2.09000000e-02  7.99623497e-01  2.09000000e-02  1.00019073e+00  2.09000000e-02  7.99622934e-01  2.09000000e-02  1.00014253e+00  2.09000000e-02  7.99622651e-01  2.09000000e-02  1.00011840e+00  2.09000000e-02  7.99622510e-01  2.09000000e-02  1.00010632e+00  2.09000000e-02  7.99622439e-01  2.09000000e-02  1.00010028e+00 
 2.10000000e-02  2.26794679e+00  2.10000000e-02  1.95122055e+00  2.10000000e-02 -3.01124745e-03  2.10000000e-02 -4.06048212e-04  2.10000000e-02  7.99623498e-01  2.10000000e-02  1.00019028e+00  2.10000000e-02  7.99622934e-01  2.10000000e-02  1.00014231e+00  2.10000000e-02  7.99622652e-01  2.10000000e-02  1.00011829e+00  2.10000000e-02  7.99622510e-01  2.10000000e-02  1.00010627e+00  2.10000000e-02  7.99622439e-01  2.10000000e-02  1.00010026e+00 
 2.11000000e-02  2.26816975e+00  2.11000000e-02  1.95099797e+00  2.11000000e-02 -3.01124598e-03  2.11000000e-02 -4.06049636e-04  2.11000000e-02  7.99623499e-01  2.11000000e-02  1.00018984e+00  2.11000000e-02  7.99622935e-01  2.11000000e-02  1.00014209e+00  2.11000000e-02  7.99622652e-01  2.11000000e-02  1.00011818e+00  2.11000000e-02  7.99622510e-01  2.11000000e-02  1.00010621e+00  2.11000000e-02  7.99622439e-01  2.11000000e-02  1.00010023e+00 
 2.12000000e-02  2.26839270e+00  2.12000000e-02  1.95077542e+00  2.12000000e-02 -3.01124451e-03  2.12000000e-02 -4.06051059e-04  2.12000000e-02  7.99623500e-01  2.12000000e-02  1.00018940e+00  2.12000000e-02  7.99622935e-01  2.12000000e-02  1.00014187e+00  2.12000000e-02  7.99622652e-01  2.12000000e-02  1.00011807e+00  2.12000000e-02  7.99622510e-01  2.12000000e-02  1.00010616e+00  2.12000000e-02  7.99622439e-01  2.12000000e-02  1.00010020e+00 
 2.13000000e-02  2.26861561e+00  2.13000000e-02  1.95055290e+00  2.13000000e-02 -3.01124305e-03  2.13000000e-02 -4.06052481e-04  2.13000000e-02  7.99623501e-01  2.13000000e-02  1.00018896e+00  2.13000000e-02  7.99622936e-01  2.13000000e-02  1.00014164e+00  2.13000000e-02  7.99622652e-01  2.13000000e-02  1.00011796e+00  2.13000000e-02  7.99622510e-01  2.13000000e-02  1.00010610e+00  2.13000000e-02  7.99622439e-01  2.13000000e-02  1.00010017e+00 
 2.14000000e-02  2.26883849e+00  2.14000000e-02  1.95033040e+00  2.14000000e-02 -3.01124158e-03  2.14000000e-02 -4.06053901e-04  2.14000000e-02  7.99623502e-01  2.14000000e-02  1.00018851e+00  2.14000000e-02  7.99622936e-01  2.14000000e-02  1.00014142e+00  2.14000000e-02  7.99622653e-01  2.14000000e-02  1.00011784e+00  2.14000000e-02  7.99622511e-01  2.14000000e-02  1.00010605e+00  2.14000000e-02  7.99622440e-01  2.14000000e-02  1.00010015e+00 
 2.15000000e-02  2.26906135e+00  2.15000000e-02  1.95010793e+00  2.15000000e-02 -3.01124012e-03  2.15000000e-02 -4.06055320e-04  2.15000000e-02  7.99623503e-01  2.15000000e-02  1.00018807e+00  2.15000000e-02  7.99622937e-01  2.15000000e-02  1.00014120e+00  2.15000000e-02  7.99622653e-01  2.15000000e-02  1.00011773e+00  2.15000000e-02  7.99622511e-01  2.15000000e-02  1.00010599e+00  2.15000000e-02  7.99622440e-01  2.15000000e-02  1.00010012e+00 
 2.16000000e-02  2.26928418e+00  2.16000000e-02  1.94988549e+00  2.16000000e-02 -3.01123866e-03  2.16000000e-02 -4.06056738e-04  2.16000000e-02  7.99623504e-01  2.16000000e-02  1.00018763e+00  2.16000000e-02  7.99622937e-01  2.16000000e-02  1.00014098e+00  2.16000000e-02  7.99622653e-01  2.16000000e-02  1.00011762e+00  2.16000000e-02  7.99622511e-01  2.16000000e-02  1.00010594e+00  2.16000000e-02  7.99622440e-01  2.16000000e-02  1.00010009e+00 
 2.17000000e-02  2.26950698e+00  2.17000000e-02  1.94966308e+00  2.17000000e-02 -3.01123720e-03  2.17000000e-02 -4.06058154e-04  2.17000000e-02  7.99623505e-01  2.17000000e-02  1.00018719e+00  2.17000000e-02  7.99622938e-01  2.17000000e-02  1.00014076e+00  2.17000000e-02  7.99622653e-01  2.17000000e-02  1.00011751e+00  2.17000000e-02  7.99622511e-01  2.17000000e-02  1.00010588e+00  2.17000000e-02  7.99622440e-01  2.17000000e-02  1.00010006e+00 
 2.18000000e-02  2.26972975e+00  2.18000000e-02  1.94944069e+00  2.18000000e-02 -3.01123574e-03  2.18000000e-02 -4.06059568e-04  2.18000000e-02  7.99623506e-01  2.18000000e-02  1.00018675e+00  2.18000000e-02  7.99622939e-01  2.18000000e-02  1.00014054e+00  2.18000000e-02  7.99622654e-01  2.18000000e-02  1.00011740e+00  2.18000000e-02  7.99622511e-01  2.18000000e-02  1.00010583e+00  2.18000000e-02  7.99622440e-01  2.18000000e-02  1.00010004e+00 
 2.19000000e-02  2.26995249e+00  2.19000000e-02  1.94921833e+00  2.19000000e-02 -3.01123428e-03  2.19000000e-02 -4.06060982e-04  2.19000000e-02  7.99623508e-01  2.19000000e-02  1.00018631e+00  2.19000000e-02  7.99622939e-01  2.19000000e-02  1.00014032e+00  2.19000000e-02  7.99622654e-01  2.19000000e-02  1.00011729e+00  2.19000000e-02  7.99622511e-01  2.19000000e-02  1.00010577e+00  2.19000000e-02  7.99622440e-01  2.19000000e-02  1.00010001e+00 
 2.20000000e-02  2.27017521e+00  2.20000000e-02  1.94899601e+00  2.20000000e-02 -3.01123282e-03  2.20000000e-02 -4.06062393e-04  2.20000000e-02  7.99623509e-01  2.20000000e-02  1.00018587e+00  2.20000000e-02  7.99622940e-01  2.20000000e-02  1.00014010e+00  2.20000000e-02  7.99622654e-01  2.20000000e-02  1.00011718e+00  2.20000000e-02  7.99622511e-01  2.20000000e-02  1.00010572e+00  2.20000000e-02  7.99622440e-01  2.20000000e-02  1.00009998e+00 
 2.21000000e-02  2.27039789e+00  2.21000000e-02  1.94877371e+00  2.21000000e-02 -3.01123136e-03  2.21000000e-02 -4.06063804e-04  2.21000000e-02  7.99623510e-01  2.21000000e-02  1.00018544e+00  2.21000000e-02  7.99622940e-01  2.21000000e-02  1.00013988e+00  2.21000000e-02  7.99622655e-01  2.21000000e-02  1.00011707e+00  2.21000000e-02  7.99622512e-01  2.21000000e-02  1.00010566e+00  2.21000000e-02  7.99622440e-01  2.21000000e-02  1.00009995e+00 
 2.22000000e-02  2.27062055e+00  2.22000000e-02  1.94855143e+00  2.22000000e-02 -3.01122991e-03  2.22000000e-02 -4.06065213e-04  2.22000000e-02  7.99623511e-01  2.22000000e-02  1.00018500e+00  2.22000000e-02  7.99622941e-01  2.22000000e-02  1.00013966e+00  2.22000000e-02  7.99622655e-01  2.22000000e-02  1.00011696e+00  2.22000000e-02  7.99622512e-01  2.22000000e-02  1.00010561e+00  2.22000000e-02  7.99622440e-01  2.22000000e-02  1.00009993e+00 
 2.23000000e-02  2.27084318e+00  2.23000000e-02  1.94832919e+00  2.23000000e-02 -3.01122846e-03  2.23000000e-02 -4.06066621e-04  2.23000000e-02  7.99623512e-01  2.23000000e-02  1.00018456e+00  2.23000000e-02  7.99622941e-01  2.23000000e-02  1.00013944e+00  2.23000000e-02  7.99622655e-01  2.23000000e-02  1.00011685e+00  2.23000000e-02  7.99622512e-01  2.23000000e-02  1.00010555e+00  2.23000000e-02  7.99622440e-01  2.23000000e-02  1.00009990e+00 
 2.24000000e-02  2.27106577e+00  2.24000000e-02  1.94810698e+00  2.24000000e-02 -3.01122700e-03  2.24000000e-02 -4.06068027e-04  2.24000000e-02  7.99623513e-01  2.24000000e-02  1.00018412e+00  2.24000000e-02  7.99622942e-01  2.24000000e-02  1.00013923e+00  2.24000000e-02  7.99622655e-01  2.24000000e-02  1.00011675e+00  2.24000000e-02  7.99622512e-01  2.24000000e-02  1.00010550e+00  2.24000000e-02  7.99622440e-01  2.24000000e-02  1.00009987e+00 
 2.25000000e-02  2.27128834e+00  2.25000000e-02  1.94788479e+00  2.25000000e-02 -3.01122555e-03  2.25000000e-02 -4.06069432e-04  2.25000000e-02  7.99623514e-01  2.25000000e-02  1.00018369e+00  2.25000000e-02  7.99622942e-01  2.25000000e-02  1.00013901e+00  2.25000000e-02  7.99622656e-01  2.25000000e-02  1.00011664e+00  2.25000000e-02  7.99622512e-01  2.25000000e-02  1.00010544e+00  2.25000000e-02  7.99622440e-01  2.25000000e-02  1.00009984e+00 
 2.26000000e-02  2.27151088e+00  2.26000000e-02  1.94766264e+00  2.26000000e-02 -3.01122410e-03  2.26000000e-02 -4.06070835e-04  2.26000000e-02  7.99623515e-01  2.26000000e-02  1.00018325e+00  2.26000000e-02  7.99622943e-01  2.26000000e-02  1.00013879e+00  2.26000000e-02  7.99622656e-01  2.26000000e-02  1.00011653e+00  2.26000000e-02  7.99622512e-01  2.26000000e-02  1.00010539e+00  2.26000000e-02  7.99622440e-01  2.26000000e-02  1.00009982e+00 
 2.27000000e-02  2.27173339e+00  2.27000000e-02  1.94744051e+00  2.27000000e-02 -3.01122266e-03  2.27000000e-02 -4.06072237e-04  2.27000000e-02  7.99623516e-01  2.27000000e-02  1.00018281e+00  2.27000000e-02  7.99622943e-01  2.27000000e-02  1.00013857e+00  2.27000000e-02  7.99622656e-01  2.27000000e-02  1.00011642e+00  2.27000000e-02  7.99622512e-01  2.27000000e-02  1.00010533e+00  2.27000000e-02  7.99622440e-01  2.27000000e-02  1.00009979e+00 
 2.28000000e-02  2.27195587e+00  2.28000000e-02  1.94721841e+00  2.28000000e-02 -3.01122121e-03  2.28000000e-02 -4.06073638e-04  2.28000000e-02  7.99623517e-01  2.28000000e-02  1.00018238e+00  2.28000000e-02  7.99622944e-01  2.28000000e-02  1.00013835e+00  2.28000000e-02  7.99622656e-01  2.28000000e-02  1.00011631e+00  2.28000000e-02  7.99622513e-01  2.28000000e-02  1.00010528e+00  2.28000000e-02  7.99622441e-01  2.28000000e-02  1.00009976e+00 
 2.29000000e-02  2.27217832e+00  2.29000000e-02  1.94699634e+00  2.29000000e-02 -3.01121976e-03  2.29000000e-02 -4.06075037e-04  2.29000000e-02  7.99623518e-01  2.29000000e-02  1.00018194e+00  2.29000000e-02  7.99622944e-01  2.29000000e-02  1.00013813e+00  2.29000000e-02  7.99622657e-01  2.29000000e-02  1.00011620e+00  2.29000000e-02  7.99622513e-01  2.29000000e-02  1.00010522e+00  2.29000000e-02  7.99622441e-01  2.29000000e-02  1.00009973e+00 
 2.30000000e-02  2.27240074e+00  2.30000000e-02  1.94677431e+00  2.30000000e-02 -3.01121832e-03  2.30000000e-02 -4.06076435e-04  2.30000000e-02  7.99623519e-01  2.30000000e-02  1.00018151e+00  2.30000000e-02  7.99622945e-01  2.30000000e-02  1.00013792e+00  2.30000000e-02  7.99622657e-01  2.30000000e-02  1.00011609e+00  2.30000000e-02  7.99622513e-01  2.30000000e-02  1.00010517e+00  2.30000000e-02  7.99622441e-01  2.30000000e-02  1.00009971e+00 
 2.31000000e-02  2.27262313e+00  2.31000000e-02  1.94655230e+00  2.31000000e-02 -3.01121688e-03  2.31000000e-02 -4.06077832e-04  2.31000000e-02  7.99623520e-01  2.31000000e-02  1.00018107e+00  2.31000000e-02  7.99622945e-01  2.31000000e-02  1.00013770e+00  2.31000000e-02  7.99622657e-01  2.31000000e-02  1.00011598e+00  2.31000000e-02  7.99622513e-01  2.31000000e-02  1.00010512e+00  2.31000000e-02  7.99622441e-01  2.31000000e-02  1.00009968e+00 
 2.32000000e-02  2.27284549e+00  2.32000000e-02  1.94633032e+00  2.32000000e-02 -3.01121543e-03  2.32000000e-02 -4.06079227e-04  2.32000000e-02  7.99623521e-01  2.32000000e-02  1.00018064e+00  2.32000000e-02  7.99622946e-01  2.32000000e-02  1.00013748e+00  2.32000000e-02  7.99622657e-01  2.32000000e-02  1.00011587e+00  2.32000000e-02  7.99622513e-01  2.32000000e-02  1.00010506e+00  2.32000000e-02  7.99622441e-01  2.32000000e-02  1.00009965e+00 
 2.33000000e-02  2.27306781e+00  2.33000000e-02  1.94610837e+00  2.33000000e-02 -3.01121399e-03  2.33000000e-02 -4.06080620e-04  2.33000000e-02  7.99623522e-01  2.33000000e-02  1.00018021e+00  2.33000000e-02  7.99622946e-01  2.33000000e-02  1.00013727e+00  2.33000000e-02  7.99622658e-01  2.33000000e-02  1.00011576e+00  2.33000000e-02  7.99622513e-01  2.33000000e-02  1.00010501e+00  2.33000000e-02  7.99622441e-01  2.33000000e-02  1.00009963e+00 
 2.34000000e-02  2.27329011e+00  2.34000000e-02  1.94588646e+00  2.34000000e-02 -3.01121255e-03  2.34000000e-02 -4.06082013e-04  2.34000000e-02  7.99623523e-01  2.34000000e-02  1.00017977e+00  2.34000000e-02  7.99622947e-01  2.34000000e-02  1.00013705e+00  2.34000000e-02  7.99622658e-01  2.34000000e-02  1.00011566e+00  2.34000000e-02  7.99622513e-01  2.34000000e-02  1.00010495e+00  2.34000000e-02  7.99622441e-01  2.34000000e-02  1.00009960e+00 
 2.35000000e-02  2.27351238e+00  2.35000000e-02  1.94566457e+00  2.35000000e-02 -3.01121111e-03  2.35000000e-02 -4.06083404e-04  2.35000000e-02  7.99623524e-01  2.35000000e-02  1.00017934e+00  2.35000000e-02  7.99622947e-01  2.35000000e-02  1.00013683e+00  2.35000000e-02  7.99622658e-01  2.35000000e-02  1.00011555e+00  2.35000000e-02  7.99622513e-01  2.35000000e-02  1.00010490e+00  2.35000000e-02  7.99622441e-01  2.35000000e-02  1.00009957e+00 
 2.36000000e-02  2.27373462e+00  2.36000000e-02  1.94544271e+00  2.36000000e-02 -3.01120968e-03  2.36000000e-02 -4.06084793e-04  2.36000000e-02  7.99623525e-01  2.36000000e-02  1.00017891e+00  2.36000000e-02  7.99622948e-01  2.36000000e-02  1.00013662e+00  2.36000000e-02  7.99622659e-01  2.36000000e-02  1.00011544e+00  2.36000000e-02  7.99622514e-01  2.36000000e-02  1.00010484e+00  2.36000000e-02  7.99622441e-01  2.36000000e-02  1.00009954e+00 
 2.37000000e-02  2.27395682e+00  2.37000000e-02  1.94522088e+00  2.37000000e-02 -3.01120824e-03  2.37000000e-02 -4.06086181e-04  2.37000000e-02  7.99623526e-01  2.37000000e-02  1.00017848e+00  2.37000000e-02  7.99622949e-01  2.37000000e-02  1.00013640e+00  2.37000000e-02  7.99622659e-01  2.37000000e-02  1.00011533e+00  2.37000000e-02  7.99622514e-01  2.37000000e-02  1.00010479e+00  2.37000000e-02  7.99622441e-01  2.37000000e-02  1.00009952e+00 
 2.38000000e-02  2.27417899e+00  2.38000000e-02  1.94499909e+00  2.38000000e-02 -3.01120681e-03  2.38000000e-02 -4.06087568e-04  2.38000000e-02  7.99623528e-01  2.38000000e-02  1.00017805e+00  2.38000000e-02  7.99622949e-01  2.38000000e-02  1.00013618e+00  2.38000000e-02  7.99622659e-01  2.38000000e-02  1.00011522e+00  2.38000000e-02  7.99622514e-01  2.38000000e-02  1.00010474e+00  2.38000000e-02  7.99622441e-01  2.38000000e-02  1.00009949e+00 
 2.39000000e-02  2.27440114e+00  2.39000000e-02  1.94477732e+00  2.39000000e-02 -3.01120537e-03  2.39000000e-02 -4.06088953e-04  2.39000000e-02  7.99623529e-01  2.39000000e-02  1.00017762e+00  2.39000000e-02  7.99622950e-01  2.39000000e-02  1.00013597e+00  2.39000000e-02  7.99622659e-01  2.39000000e-02  1.00011512e+00  2.39000000e-02  7.99622514e-01  2.39000000e-02  1.00010468e+00  2.39000000e-02  7.99622441e-01  2.39000000e-02  1.00009946e+00 
 2.40000000e-02  2.27462325e+00  2.40000000e-02  1.94455559e+00  2.40000000e-02 -3.01120394e-03  2.40000000e-02 -4.06090337e-04  2.40000000e-02  7.99623530e-01  2.40000000e-02  1.00017719e+00  2.40000000e-02  7.99622950e-01  2.40000000e-02  1.00013575e+00  2.40000000e-02  7.99622660e-01  2.40000000e-02  1.00011501e+00  2.40000000e-02  7.99622514e-01  2.40000000e-02  1.00010463e+00  2.40000000e-02  7.99622441e-01  2.40000000e-02  1.00009944e+00 
 2.41000000e-02  2.27484533e+00  2.41000000e-02  1.94433389e+00  2.41000000e-02 -3.01120251e-03  2.41000000e-02 -4.06091720e-04  2.41000000e-02  7.99623531e-01  2.41000000e-02  1.00017676e+00  2.41000000e-02  7.99622951e-01  2.41000000e-02  1.00013554e+00  2.41000000e-02  7.99622660e-01  2.41000000e-02  1.00011490e+00  2.41000000e-02  7.99622514e-01  2.41000000e-02  1.00010457e+00  2.41000000e-02  7.99622441e-01  2.41000000e-02  1.00009941e+00 
 2.42000000e-02  2.27506737e+00  2.42000000e-02  1.94411222e+00  2.42000000e-02 -3.01120108e-03  2.42000000e-02 -4.06093101e-04  2.42000000e-02  7.99623532e-01  2.42000000e-02  1.00017633e+00  2.42000000e-02  7.99622951e-01  2.42000000e-02  1.00013532e+00  2.42000000e-02  7.99622660e-01  2.42000000e-02  1.00011479e+00  2.42000000e-02  7.99622514e-01  2.42000000e-02  1.00010452e+00  2.42000000e-02  7.99622442e-01  2.42000000e-02  1.00009938e+00 
 2.43000000e-02  2.27528939e+00  2.43000000e-02  1.94389058e+00  2.43000000e-02 -3.01119965e-03  2.43000000e-02 -4.06094481e-04  2.43000000e-02  7.99623533e-01  2.43000000e-02  1.00017590e+00  2.43000000e-02  7.99622952e-01  2.43000000e-02  1.00013511e+00  2.43000000e-02  7.99622660e-01  2.43000000e-02  1.00011469e+00  2.43000000e-02  7.99622515e-01  2.43000000e-02  1.00010447e+00  2.43000000e-02  7.99622442e-01  2.43000000e-02  1.00009936e+00 
 2.44000000e-02  2.27551137e+00  2.44000000e-02  1.94366897e+00  2.44000000e-02 -3.01119822e-03  2.44000000e-02 -4.06095859e-04  2.44000000e-02  7.99623534e-01  2.44000000e-02  1.00017547e+00  2.44000000e-02  7.99622952e-01  2.44000000e-02  1.00013489e+00  2.44000000e-02  7.99622661e-01  2.44000000e-02  1.00011458e+00  2.44000000e-02  7.99622515e-01  2.44000000e-02  1.00010441e+00  2.44000000e-02  7.99622442e-01  2.44000000e-02  1.00009933e+00 
 2.45000000e-02  2.27573332e+00  2.45000000e-02  1.94344740e+00  2.45000000e-02 -3.01119680e-03  2.45000000e-02 -4.06097236e-04  2.45000000e-02  7.99623535e-01  2.45000000e-02  1.00017504e+00  2.45000000e-02  7.99622953e-01  2.45000000e-02  1.00013468e+00  2.45000000e-02  7.99622661e-01  2.45000000e-02  1.00011447e+00  2.45000000e-02  7.99622515e-01  2.45000000e-02  1.00010436e+00  2.45000000e-02  7.99622442e-01  2.45000000e-02  1.00009930e+00 
 2.46000000e-02  2.27595524e+00  2.46000000e-02  1.94322585e+00  2.46000000e-02 -3.01119537e-03  2.46000000e-02 -4.06098612e-04  2.46000000e-02  7.99623536e-01  2.46000000e-02  1.00017461e+00  2.46000000e-02  7.99622953e-01  2.46000000e-02  1.00013447e+00  2.46000000e-02  7.99622661e-01  2.46000000e-02  1.00011436e+00  2.46000000e-02  7.99622515e-01  2.46000000e-02  1.00010431e+00  2.46000000e-02  7.99622442e-01  2.46000000e-02  1.00009928e+00 
 2.47000000e-02  2.27617713e+00  2.47000000e-02  1.94300434e+00  2.47000000e-02 -3.01119395e-03  2.47000000e-02 -4.06099986e-04  2.47000000e-02  7.99623537e-01  2.47000000e-02  1.00017419e+00  2.47000000e-02  7.99622954e-01  2.47000000e-02  1.00013425e+00  2.47000000e-02  7.99622661e-01  2.47000000e-02  1.00011426e+00  2.47000000e-02  7.99622515e-01  2.47000000e-02  1.00010425e+00  2.47000000e-02  7.99622442e-01  2.47000000e-02  1.00009925e+00 
 2.48000000e-02  2.27639898e+00  2.48000000e-02  1.94278286e+00  2.48000000e-02 -3.01119253e-03  2.48000000e-02 -4.06101359e-04  2.48000000e-02  7.99623538e-01  2.48000000e-02  1.00017376e+00  2.48000000e-02  7.99622954e-01  2.48000000e-02  1.00013404e+00  2.48000000e-02  7.99622662e-01  2.48000000e-02  1.00011415e+00  2.48000000e-02  7.99622515e-01  2.48000000e-02  1.00010420e+00  2.48000000e-02  7.99622442e-01  2.48000000e-02  1.00009922e+00 
 2.49000000e-02  2.27662081e+00  2.49000000e-02  1.94256141e+00  2.49000000e-02 -3.01119110e-03  2.49000000e-02 -4.06102730e-04  2.49000000e-02  7.99623539e-01  2.49000000e-02  1.00017333e+00  2.49000000e-02  7.99622955e-01  2.49000000e-02  1.00013382e+00  2.49000000e-02  7.99622662e-01  2.49000000e-02  1.00011404e+00  2.49000000e-02  7.99622515e-01  2.49000000e-02  1.00010415e+00  2.49000000e-02  7.99622442e-01  2.49000000e-02  1.00009919e+00 
 2.50000000e-02  2.27684259e+00  2.50000000e-02  1.94234000e+00  2.50000000e-02 -3.01118968e-03  2.50000000e-02 -4.06104100e-04  2.50000000e-02  7.99623540e-01  2.50000000e-02  1.00017291e+00  2.50000000e-02  7.99622955e-01  2.50000000e-02  1.00013361e+00  2.50000000e-02  7.99622662e-01  2.50000000e-02  1.00011394e+00  2.50000000e-02  7.99622516e-01  2.50000000e-02  1.00010409e+00  2.50000000e-02  7.99622442e-01  2.50000000e-02  1.00009917e+00 
 2.51000000e-02  2.27706435e+00  2.51000000e-02  1.94211861e+00  2.51000000e-02 -3.01118826e-03  2.51000000e-02 -4.06105469e-04  2.51000000e-02  7.99623541e-01  2.51000000e-02  1.00017248e+00  2.51000000e-02  7.99622956e-01  2.51000000e-02  1.00013340e+00  2.51000000e-02  7.99622663e-01  2.51000000e-02  1.00011383e+00  2.51000000e-02  7.99622516e-01  2.51000000e-02  1.00010404e+00  2.51000000e-02  7.99622442e-01  2.51000000e-02  1.00009914e+00 
 2.52000000e-02  2.27728607e+00  2.52000000e-02  1.94189726e+00  2.52000000e-02 -3.01118685e-03  2.52000000e-02 -4.06106836e-04  2.52000000e-02  7.99623542e-01  2.52000000e-02  1.00017206e+00  2.52000000e-02  7.99622956e-01  2.52000000e-02  1.00013319e+00  2.52000000e-02  7.99622663e-01  2.52000000e-02  1.00011372e+00  2.52000000e-02  7.99622516e-01  2.52000000e-02  1.00010399e+00  2.52000000e-02  7.99622442e-01  2.52000000e-02  1.00009911e+00 
 2.53000000e-02  2.27750776e+00  2.53000000e-02  1.94167595e+00  2.53000000e-02 -3.01118543e-03  2.53000000e-02 -4.06108202e-04  2.53000000e-02  7.99623543e-01  2.53000000e-02  1.00017163e+00  2.53000000e-02  7.99622957e-01  2.53000000e-02  1.00013297e+00  2.53000000e-02  7.99622663e-01  2.53000000e-02  1.00011362e+00  2.53000000e-02  7.99622516e-01  2.53000000e-02  1.00010393e+00  2.53000000e-02  7.99622442e-01  2.53000000e-02  1.00009909e+00 
 2.54000000e-02  2.27772942e+00  2.54000000e-02  1.94145466e+00  2.54000000e-02 -3.01118401e-03  2.54000000e-02 -4.06109566e-04  2.54000000e-02  7.99623544e-01  2.54000000e-02  1.00017121e+00  2.54000000e-02  7.99622958e-01  2.54000000e-02  1.00013276e+00  2.54000000e-02  7.99622663e-01  2.54000000e-02  1.00011351e+00  2.54000000e-02  7.99622516e-01  2.54000000e-02  1.00010388e+00  2.54000000e-02  7.99622442e-01  2.54000000e-02  1.00009906e+00 
 2.55000000e-02  2.27795104e+00  2.55000000e-02  1.94123341e+00  2.55000000e-02 -3.01118260e-03  2.55000000e-02 -4.06110929e-04  2.55000000e-02  7.99623546e-01  2.55000000e-02  1.00017078e+00  2.55000000e-02  7.99622958e-01  2.55000000e-02  1.00013255e+00  2.55000000e-02  7.99622664e-01  2.55000000e-02  1.00011340e+00  2.55000000e-02  7.99622516e-01  2.55000000e-02  1.00010383e+00  2.55000000e-02  7.99622442e-01  2.55000000e-02  1.00009904e+00 
 2.56000000e-02  2.27817263e+00  2.56000000e-02  1.94101219e+00  2.56000000e-02 -3.01118118e-03  2.56000000e-02 -4.06112291e-04  2.56000000e-02  7.99623547e-01  2.56000000e-02  1.00017036e+00  2.56000000e-02  7.99622959e-01  2.56000000e-02  1.00013234e+00  2.56000000e-02  7.99622664e-01  2.56000000e-02  1.00011330e+00  2.56000000e-02  7.99622516e-01  2.56000000e-02  1.00010377e+00  2.56000000e-02  7.99622443e-01  2.56000000e-02  1.00009901e+00 
 2.57000000e-02  2.27839419e+00  2.57000000e-02  1.94079101e+00  2.57000000e-02 -3.01117977e-03  2.57000000e-02 -4.06113651e-04  2.57000000e-02  7.99623548e-01  2.57000000e-02  1.00016994e+00  2.57000000e-02  7.99622959e-01  2.57000000e-02  1.00013212e+00  2.57000000e-02  7.99622664e-01  2.57000000e-02  1.00011319e+00  2.57000000e-02  7.99622516e-01  2.57000000e-02  1.00010372e+00  2.57000000e-02  7.99622443e-01  2.57000000e-02  1.00009898e+00 
 2.58000000e-02  2.27861571e+00  2.58000000e-02  1.94056986e+00  2.58000000e-02 -3.01117836e-03  2.58000000e-02 -4.06115010e-04  2.58000000e-02  7.99623549e-01  2.58000000e-02  1.00016951e+00  2.58000000e-02  7.99622960e-01  2.58000000e-02  1.00013191e+00  2.58000000e-02  7.99622664e-01  2.58000000e-02  1.00011309e+00  2.58000000e-02  7.99622517e-01  2.58000000e-02  1.00010367e+00  2.58000000e-02  7.99622443e-01  2.58000000e-02  1.00009896e+00 
 2.59000000e-02  2.27883719e+00  2.59000000e-02  1.94034874e+00  2.59000000e-02 -3.01117695e-03  2.59000000e-02 -4.06116368e-04  2.59000000e-02  7.99623550e-01  2.59000000e-02  1.00016909e+00  2.59000000e-02  7.99622960e-01  2.59000000e-02  1.00013170e+00  2.59000000e-02  7.99622665e-01  2.59000000e-02  1.00011298e+00  2.59000000e-02  7.99622517e-01  2.59000000e-02  1.00010361e+00  2.59000000e-02  7.99622443e-01  2.59000000e-02  1.00009893e+00 
 2.60000000e-02  2.27905865e+00  2.60000000e-02  1.94012766e+00  2.60000000e-02 -3.01117554e-03  2.60000000e-02 -4.06117724e-04  2.60000000e-02  7.99623551e-01  2.60000000e-02  1.00016867e+00  2.60000000e-02  7.99622961e-01  2.60000000e-02  1.00013149e+00  2.60000000e-02  7.99622665e-01  2.60000000e-02  1.00011288e+00  2.60000000e-02  7.99622517e-01  2.60000000e-02  1.00010356e+00  2.60000000e-02  7.99622443e-01  2.60000000e-02  1.00009890e+00 
 2.61000000e-02  2.27928007e+00  2.61000000e-02  1.93990661e+00  2.61000000e-02 -3.01117413e-03  2.61000000e-02 -4.06119079e-04  2.61000000e-02  7.99623552e-01  2.61000000e-02  1.00016825e+00  2.61000000e-02  7.99622961e-01  2.61000000e-02  1.00013128e+00  2.61000000e-02  7.99622665e-01  2.61000000e-02  1.00011277e+00  2.61000000e-02  7.99622517e-01  2.61000000e-02  1.00010351e+00  2.61000000e-02  7.99622443e-01  2.61000000e-02  1.00009888e+00 
 2.62000000e-02  2.27950145e+00  2.62000000e-02  1.93968559e+00  2.62000000e-02 -3.01117273e-03  2.62000000e-02 -4.06120432e-04  2.62000000e-02  7.99623553e-01  2.62000000e-02  1.00016783e+00  2.62000000e-02  7.99622962e-01  2.62000000e-02  1.00013107e+00  2.62000000e-02  7.99622665e-01  2.62000000e-02  1.00011266e+00  2.62000000e-02  7.99622517e-01  2.62000000e-02  1.00010346e+00  2.62000000e-02  7.99622443e-01  2.62000000e-02  1.00009885e+00 
 2.63000000e-02  2.27972280e+00  2.63000000e-02  1.93946461e+00  2.63000000e-02 -3.01117132e-03  2.63000000e-02 -4.06121784e-04  2.63000000e-02  7.99623554e-01  2.63000000e-02  1.00016741e+00  2.63000000e-02  7.99622962e-01  2.63000000e-02  1.00013086e+00  2.63000000e-02  7.99622666e-01  2.63000000e-02  1.00011256e+00  2.63000000e-02  7.99622517e-01  2.63000000e-02  1.00010340e+00  2.63000000e-02  7.99622443e-01  2.63000000e-02  1.00009882e+00 
 2.64000000e-02  2.27994411e+00  2.64000000e-02  1.93924367e+00  2.64000000e-02 -3.01116991e-03  2.64000000e-02 -4.06123135e-04  2.64000000e-02  7.99623555e-01  2.64000000e-02  1.00016699e+00  2.64000000e-02  7.99622963e-01  2.64000000e-02  1.00013065e+00  2.64000000e-02  7.99622666e-01  2.64000000e-02  1.00011245e+00  2.64000000e-02  7.99622517e-01  2.64000000e-02  1.00010335e+00  2.64000000e-02  7.99622443e-01  2.64000000e-02  1.00009880e+00 
 2.65000000e-02  2.28016539e+00  2.65000000e-02  1.93902276e+00  2.65000000e-02 -3.01116851e-03  2.65000000e-02 -4.06124484e-04  2.65000000e-02  7.99623556e-01  2.65000000e-02  1.00016657e+00  2.65000000e-02  7.99622963e-01  2.65000000e-02  1.00013044e+00  2.65000000e-02  7.99622666e-01  2.65000000e-02  1.00011235e+00  2.65000000e-02  7.99622518e-01  2.65000000e-02  1.00010330e+00  2.65000000e-02  7.99622443e-01  2.65000000e-02  1.00009877e+00 
 2.66000000e-02  2.28038664e+00  2.66000000e-02  1.93880188e+00  2.66000000e-02 -3.01116711e-03  2.66000000e-02 -4.06125832e-04  2.66000000e-02  7.99623557e-01  2.66000000e-02  1.00016615e+00  2.66000000e-02  7.99622964e-01  2.66000000e-02  1.00013023e+00  2.66000000e-02  7.99622667e-01  2.66000000e-02  1.00011224e+00  2.66000000e-02  7.99622518e-01  2.66000000e-02  1.00010325e+00  2.66000000e-02  7.99622443e-01  2.66000000e-02  1.00009874e+00 
 2.67000000e-02  2.28060785e+00  2.67000000e-02  1.93858104e+00  2.67000000e-02 -3.01116571e-03  2.67000000e-02 -4.06127178e-04  2.67000000e-02  7.99623558e-01  2.67000000e-02  1.00016573e+00  2.67000000e-02  7.99622964e-01  2.67000000e-02  1.00013002e+00  2.67000000e-02  7.99622667e-01  2.67000000e-02  1.00011214e+00  2.67000000e-02  7.99622518e-01  2.67000000e-02  1.00010319e+00  2.67000000e-02  7.99622443e-01  2.67000000e-02  1.00009872e+00 
 2.68000000e-02  2.28082902e+00  2.68000000e-02  1.93836023e+00  2.68000000e-02 -3.01116431e-03  2.68000000e-02 -4.06128523e-04  2.68000000e-02  7.99623559e-01  2.68000000e-02  1.00016531e+00  2.68000000e-02  7.99622965e-01  2.68000000e-02  1.00012981e+00  2.68000000e-02  7.99622667e-01  2.68000000e-02  1.00011203e+00  2.68000000e-02  7.99622518e-01  2.68000000e-02  1.00010314e+00  2.68000000e-02  7.99622443e-01  2.68000000e-02  1.00009869e+00 
 2.69000000e-02  2.28105016e+00  2.69000000e-02  1.93813946e+00  2.69000000e-02 -3.01116291e-03  2.69000000e-02 -4.06129867e-04  2.69000000e-02  7.99623560e-01  2.69000000e-02  1.00016489e+00  2.69000000e-02  7.99622965e-01  2.69000000e-02  1.00012960e+00  2.69000000e-02  7.99622667e-01  2.69000000e-02  1.00011193e+00  2.69000000e-02  7.99622518e-01  2.69000000e-02  1.00010309e+00  2.69000000e-02  7.99622443e-01  2.69000000e-02  1.00009867e+00 
 2.70000000e-02  2.28127127e+00  2.70000000e-02  1.93791872e+00  2.70000000e-02 -3.01116151e-03  2.70000000e-02 -4.06131209e-04  2.70000000e-02  7.99623561e-01  2.70000000e-02  1.00016448e+00  2.70000000e-02  7.99622966e-01  2.70000000e-02  1.00012939e+00  2.70000000e-02  7.99622668e-01  2.70000000e-02  1.00011183e+00  2.70000000e-02  7.99622518e-01  2.70000000e-02  1.00010304e+00  2.70000000e-02  7.99622444e-01  2.70000000e-02  1.00009864e+00 
 2.71000000e-02  2.28149233e+00  2.71000000e-02  1.93769802e+00  2.71000000e-02 -3.01116011e-03  2.71000000e-02 -4.06132550e-04  2.71000000e-02  7.99623563e-01  2.71000000e-02  1.00016406e+00  2.71000000e-02  7.99622967e-01  2.71000000e-02  1.00012918e+00  2.71000000e-02  7.99622668e-01  2.71000000e-02  1.00011172e+00  2.71000000e-02  7.99622518e-01  2.71000000e-02  1.00010298e+00  2.71000000e-02  7.99622444e-01  2.71000000e-02  1.00009861e+00 
 2.72000000e-02  2.28171337e+00  2.72000000e-02  1.93747735e+00  2.72000000e-02 -3.01115872e-03  2.72000000e-02 -4.06133890e-04  2.72000000e-02  7.99623564e-01  2.72000000e-02  1.00016364e+00  2.72000000e-02  7.99622967e-01  2.72000000e-02  1.00012897e+00  2.72000000e-02  7.99622668e-01  2.72000000e-02  1.00011162e+00  2.72000000e-02  7.99622519e-01  2.72000000e-02  1.00010293e+00  2.72000000e-02  7.99622444e-01  2.72000000e-02  1.00009859e+00 
 2.73000000e-02  2.28193436e+00  2.73000000e-02  1.93725672e+00  2.73000000e-02 -3.01115732e-03  2.73000000e-02 -4.06135228e-04  2.73000000e-02  7.99623565e-01  2.73000000e-02  1.00016323e+00  2.73000000e-02  7.99622968e-01  2.73000000e-02  1.00012877e+00  2.73000000e-02  7.99622668e-01  2.73000000e-02  1.00011151e+00  2.73000000e-02  7.99622519e-01  2.73000000e-02  1.00010288e+00  2.73000000e-02  7.99622444e-01  2.73000000e-02  1.00009856e+00 
 2.74000000e-02  2.28215532e+00  2.74000000e-02  1.93703612e+00  2.74000000e-02 -3.01115593e-03  2.74000000e-02 -4.06136565e-04  2.74000000e-02  7.99623566e-01  2.74000000e-02  1.00016281e+00  2.74000000e-02  7.99622968e-01  2.74000000e-02  1.00012856e+00  2.74000000e-02  7.99622669e-01  2.74000000e-02  1.00011141e+00  2.74000000e-02  7.99622519e-01  2.74000000e-02  1.00010283e+00  2.74000000e-02  7.99622444e-01  2.74000000e-02  1.00009854e+00 
 2.75000000e-02  2.28237625e+00  2.75000000e-02  1.93681556e+00  2.75000000e-02 -3.01115453e-03  2.75000000e-02 -4.06137900e-04  2.75000000e-02  7.99623567e-01  2.75000000e-02  1.00016240e+00  2.75000000e-02  7.99622969e-01  2.75000000e-02  1.00012835e+00  2.75000000e-02  7.99622669e-01  2.75000000e-02  1.00011130e+00  2.75000000e-02  7.99622519e-01  2.75000000e-02  1.00010278e+00  2.75000000e-02  7.99622444e-01  2.75000000e-02  1.00009851e+00 
 2.76000000e-02  2.28259713e+00  2.76000000e-02  1.93659504e+00  2.76000000e-02 -3.01115314e-03  2.76000000e-02 -4.06139234e-04  2.76000000e-02  7.99623568e-01  2.76000000e-02  1.00016198e+00  2.76000000e-02  7.99622969e-01  2.76000000e-02  1.00012814e+00  2.76000000e-02  7.99622669e-01  2.76000000e-02  1.00011120e+00  2.76000000e-02  7.99622519e-01  2.76000000e-02  1.00010272e+00  2.76000000e-02  7.99622444e-01  2.76000000e-02  1.00009848e+00 
 2.77000000e-02  2.28281798e+00  2.77000000e-02  1.93637455e+00  2.77000000e-02 -3.01115175e-03  2.77000000e-02 -4.06140567e-04  2.77000000e-02  7.99623569e-01  2.77000000e-02  1.00016157e+00  2.77000000e-02  7.99622970e-01  2.77000000e-02  1.00012794e+00  2.77000000e-02  7.99622670e-01  2.77000000e-02  1.00011110e+00  2.77000000e-02  7.99622519e-01  2.77000000e-02  1.00010267e+00  2.77000000e-02  7.99622444e-01  2.77000000e-02  1.00009846e+00 
 2.78000000e-02  2.28303880e+00  2.78000000e-02  1.93615410e+00  2.78000000e-02 -3.01115036e-03  2.78000000e-02 -4.06141898e-04  2.78000000e-02  7.99623570e-01  2.78000000e-02  1.00016115e+00  2.78000000e-02  7.99622970e-01  2.78000000e-02  1.00012773e+00  2.78000000e-02  7.99622670e-01  2.78000000e-02  1.00011099e+00  2.78000000e-02  7.99622519e-01  2.78000000e-02  1.00010262e+00  2.78000000e-02  7.99622444e-01  2.78000000e-02  1.00009843e+00 
 2.79000000e-02  2.28325958e+00  2.79000000e-02  1.93593369e+00  2.79000000e-02 -3.01114897e-03  2.79000000e-02 -4.06143228e-04  2.79000000e-02  7.99623571e-01  2.79000000e-02  1.00016074e+00  2.79000000e-02  7.99622971e-01  2.79000000e-02  1.00012752e+00  2.79000000e-02  7.99622670e-01  2.79000000e-02  1.00011089e+00  2.79000000e-02  7.99622520e-01  2.79000000e-02  1.00010257e+00  2.79000000e-02  7.99622444e-01  2.79000000e-02  1.00009841e+00 
 2.80000000e-02  2.28348032e+00  2.80000000e-02  1.93571331e+00  2.80000000e-02 -3.01114758e-03  2.80000000e-02 -4.06144557e-04  2.80000000e-02  7.99623572e-01  2.80000000e-02  1.00016033e+00  2.80000000e-02  7.99622971e-01  2.80000000e-02  1.00012731e+00  2.80000000e-02  7.99622670e-01  2.80000000e-02  1.00011079e+00  2.80000000e-02  7.99622520e-01  2.80000000e-02  1.00010252e+00  2.80000000e-02  7.99622444e-01  2.80000000e-02  1.00009838e+00 
 2.81000000e-02  2.28370102e+00  2.81000000e-02  1.93549297e+00  2.81000000e-02 -3.01114620e-03  2.81000000e-02 -4.06145884e-04  2.81000000e-02  7.99623573e-01  2.81000000e-02  1.00015991e+00  2.81000000e-02  7.99622972e-01  2.81000000e-02  1.00012711e+00  2.81000000e-02  7.99622671e-01  2.81000000e-02  1.00011068e+00  2.81000000e-02  7.99622520e-01  2.81000000e-02  1.00010246e+00  2.81000000e-02  7.99622444e-01  2.81000000e-02  1.00009835e+00 
 2.82000000e-02  2.28392169e+00  2.82000000e-02  1.93527267e+00  2.82000000e-02 -3.01114481e-03  2.82000000e-02 -4.06147209e-04  2.82000000e-02  7.99623574e-01  2.82000000e-02  1.00015950e+00  2.82000000e-02  7.99622972e-01  2.82000000e-02  1.00012690e+00  2.82000000e-02  7.99622671e-01  2.82000000e-02  1.00011058e+00  2.82000000e-02  7.99622520e-01  2.82000000e-02  1.00010241e+00  2.82000000e-02  7.99622444e-01  2.82000000e-02  1.00009833e+00 
 2.83000000e-02  2.28414231e+00  2.83000000e-02  1.93505240e+00  2.83000000e-02 -3.01114343e-03  2.83000000e-02 -4.06148534e-04  2.83000000e-02  7.99623575e-01  2.83000000e-02  1.00015909e+00  2.83000000e-02  7.99622973e-01  2.83000000e-02  1.00012670e+00  2.83000000e-02  7.99622671e-01  2.83000000e-02  1.00011048e+00  2.83000000e-02  7.99622520e-01  2.83000000e-02  1.00010236e+00  2.83000000e-02  7.99622444e-01  2.83000000e-02  1.00009830e+00 
 2.84000000e-02  2.28436290e+00  2.84000000e-02  1.93483217e+00  2.84000000e-02 -3.01114204e-03  2.84000000e-02 -4.06149857e-04  2.84000000e-02  7.99623576e-01  2.84000000e-02  1.00015868e+00  2.84000000e-02  7.99622973e-01  2.84000000e-02  1.00012649e+00  2.84000000e-02  7.99622671e-01  2.84000000e-02  1.00011037e+00  2.84000000e-02  7.99622520e-01  2.84000000e-02  1.00010231e+00  2.84000000e-02  7.99622445e-01  2.84000000e-02  1.00009828e+00 
 2.85000000e-02  2.28458346e+00  2.85000000e-02  1.93461198e+00  2.85000000e-02 -3.01114066e-03  2.85000000e-02 -4.06151178e-04  2.85000000e-02  7.99623578e-01  2.85000000e-02  1.00015827e+00  2.85000000e-02  7.99622974e-01  2.85000000e-02  1.00012628e+00  2.85000000e-02  7.99622672e-01  2.85000000e-02  1.00011027e+00  2.85000000e-02  7.99622520e-01  2.85000000e-02  1.00010226e+00  2.85000000e-02  7.99622445e-01  2.85000000e-02  1.00009825e+00 
 2.86000000e-02  2.28480397e+00  2.86000000e-02  1.93439182e+00  2.86000000e-02 -3.01113928e-03  2.86000000e-02 -4.06152499e-04  2.86000000e-02  7.99623579e-01  2.86000000e-02  1.00015786e+00  2.86000000e-02  7.99622975e-01  2.86000000e-02  1.00012608e+00  2.86000000e-02  7.99622672e-01  2.86000000e-02  1.00011017e+00  2.86000000e-02  7.99622520e-01  2.86000000e-02  1.00010221e+00  2.86000000e-02  7.99622445e-01  2.86000000e-02  1.00009823e+00 
 2.87000000e-02  2.28502445e+00  2.87000000e-02  1.93417170e+00  2.87000000e-02 -3.01113790e-03  2.87000000e-02 -4.06153817e-04  2.87000000e-02  7.99623580e-01  2.87000000e-02  1.00015745e+00  2.87000000e-02  7.99622975e-01  2.87000000e-02  1.00012587e+00  2.87000000e-02  7.99622672e-01  2.87000000e-02  1.00011007e+00  2.87000000e-02  7.99622521e-01  2.87000000e-02  1.00010216e+00  2.87000000e-02  7.99622445e-01  2.87000000e-02  1.00009820e+00 
 2.88000000e-02  2.28524489e+00  2.88000000e-02  1.93395162e+00  2.88000000e-02 -3.01113652e-03  2.88000000e-02 -4.06155135e-04  2.88000000e-02  7.99623581e-01  2.88000000e-02  1.00015704e+00  2.88000000e-02  7.99622976e-01  2.88000000e-02  1.00012567e+00  2.88000000e-02  7.99622672e-01  2.88000000e-02  1.00010996e+00  2.88000000e-02  7.99622521e-01  2.88000000e-02  1.00010210e+00  2.88000000e-02  7.99622445e-01  2.88000000e-02  1.00009817e+00 
 2.89000000e-02  2.28546529e+00  2.89000000e-02  1.93373158e+00  2.89000000e-02 -3.01113514e-03  2.89000000e-02 -4.06156451e-04  2.89000000e-02  7.99623582e-01  2.89000000e-02  1.00015663e+00  2.89000000e-02  7.99622976e-01  2.89000000e-02  1.00012546e+00  2.89000000e-02  7.99622673e-01  2.89000000e-02  1.00010986e+00  2.89000000e-02  7.99622521e-01  2.89000000e-02  1.00010205e+00  2.89000000e-02  7.99622445e-01  2.89000000e-02  1.00009815e+00 
 2.90000000e-02  2.28568566e+00  2.90000000e-02  1.93351158e+00  2.90000000e-02 -3.01113376e-03  2.90000000e-02 -4.06157766e-04  2.90000000e-02  7.99623583e-01  2.90000000e-02  1.00015622e+00  2.90000000e-02  7.99622977e-01  2.90000000e-02  1.00012526e+00  2.90000000e-02  7.99622673e-01  2.90000000e-02  1.00010976e+00  2.90000000e-02  7.99622521e-01  2.90000000e-02  1.00010200e+00  2.90000000e-02  7.99622445e-01  2.90000000e-02  1.00009812e+00 
 2.91000000e-02  2.28590598e+00  2.91000000e-02  1.93329161e+00  2.91000000e-02 -3.01113239e-03  2.91000000e-02 -4.06159079e-04  2.91000000e-02  7.99623584e-01  2.91000000e-02  1.00015581e+00  2.91000000e-02  7.99622977e-01  2.91000000e-02  1.00012505e+00  2.91000000e-02  7.99622673e-01  2.91000000e-02  1.00010966e+00  2.91000000e-02  7.99622521e-01  2.91000000e-02  1.00010195e+00  2.91000000e-02  7.99622445e-01  2.91000000e-02  1.00009810e+00 
 2.92000000e-02  2.28612627e+00  2.92000000e-02  1.93307169e+00  2.92000000e-02 -3.01113101e-03  2.92000000e-02 -4.06160391e-04  2.92000000e-02  7.99623585e-01  2.92000000e-02  1.00015540e+00  2.92000000e-02  7.99622978e-01  2.92000000e-02  1.00012485e+00  2.92000000e-02  7.99622674e-01  2.92000000e-02  1.00010955e+00  2.92000000e-02  7.99622521e-01  2.92000000e-02  1.00010190e+00  2.92000000e-02  7.99622445e-01  2.92000000e-02  1.00009807e+00 
 2.93000000e-02  2.28634651e+00  2.93000000e-02  1.93285180e+00  2.93000000e-02 -3.01112963e-03  2.93000000e-02 -4.06161702e-04  2.93000000e-02  7.99623586e-01  2.93000000e-02  1.00015499e+00  2.93000000e-02  7.99622978e-01  2.93000000e-02  1.00012465e+00  2.93000000e-02  7.99622674e-01  2.93000000e-02  1.00010945e+00  2.93000000e-02  7.99622521e-01  2.93000000e-02  1.00010185e+00  2.93000000e-02  7.99622445e-01  2.93000000e-02  1.00009805e+00 
 2.94000000e-02  2.28656672e+00  2.94000000e-02  1.93263195e+00  2.94000000e-02 -3.01112826e-03  2.94000000e-02 -4.06163011e-04  2.94000000e-02  7.99623587e-01  2.94000000e-02  1.00015459e+00  2.94000000e-02  7.99622979e-01  2.94000000e-02  1.00012444e+00  2.94000000e-02  7.99622674e-01  2.94000000e-02  1.00010935e+00  2.94000000e-02  7.99622522e-01  2.94000000e-02  1.00010180e+00  2.94000000e-02  7.99622445e-01  2.94000000e-02  1.00009802e+00 
 2.95000000e-02  2.28678689e+00  2.95000000e-02  1.93241213e+00  2.95000000e-02 -3.01112689e-03  2.95000000e-02 -4.06164319e-04  2.95000000e-02  7.99623588e-01  2.95000000e-02  1.00015418e+00  2.95000000e-02  7.99622979e-01  2.95000000e-02  1.00012424e+00  2.95000000e-02  7.99622674e-01  2.95000000e-02  1.00010925e+00  2.95000000e-02  7.99622522e-01  2.95000000e-02  1.00010175e+00  2.95000000e-02  7.99622445e-01  2.95000000e-02  1.00009800e+00 
 2.96000000e-02  2.28700702e+00  2.96000000e-02  1.93219236e+00  2.96000000e-02 -3.01112552e-03  2.96000000e-02 -4.06165625e-04  2.96000000e-02  7.99623589e-01  2.96000000e-02  1.00015377e+00  2.96000000e-02  7.99622980e-01  2.96000000e-02  1.00012404e+00  2.96000000e-02  7.99622675e-01  2.96000000e-02  1.00010915e+00  2.96000000e-02  7.99622522e-01  2.96000000e-02  1.00010170e+00  2.96000000e-02  7.99622445e-01  2.96000000e-02  1.00009797e+00 
 2.97000000e-02  2.28722711e+00  2.97000000e-02  1.93197263e+00  2.97000000e-02 -3.01112415e-03  2.97000000e-02 -4.06166931e-04  2.97000000e-02  7.99623590e-01  2.97000000e-02  1.00015337e+00  2.97000000e-02  7.99622980e-01  2.97000000e-02  1.00012383e+00  2.97000000e-02  7.99622675e-01  2.97000000e-02  1.00010904e+00  2.97000000e-02  7.99622522e-01  2.97000000e-02  1.00010165e+00  2.97000000e-02  7.99622446e-01  2.97000000e-02  1.00009794e+00 
 2.98000000e-02  2.28744717e+00  2.98000000e-02  1.93175293e+00  2.98000000e-02 -3.01112278e-03  2.98000000e-02 -4.06168234e-04  2.98000000e-02  7.99623592e-01  2.98000000e-02  1.00015296e+00  2.98000000e-02  7.99622981e-01  2.98000000e-02  1.00012363e+00  2.98000000e-02  7.99622675e-01  2.98000000e-02  1.00010894e+00  2.98000000e-02  7.99622522e-01  2.98000000e-02  1.00010159e+00  2.98000000e-02  7.99622446e-01  2.98000000e-02  1.00009792e+00 
 2.99000000e-02  2.28766718e+00  2.99000000e-02  1.93153328e+00  2.99000000e-02 -3.01112141e-03  2.99000000e-02 -4.06169537e-04  2.99000000e-02  7.99623593e-01  2.99000000e-02  1.00015256e+00  2.99000000e-02  7.99622982e-01  2.99000000e-02  1.00012343e+00  2.99000000e-02  7.99622675e-01  2.99000000e-02  1.00010884e+00  2.99000000e-02  7.99622522e-01  2.99000000e-02  1.00010154e+00  2.99000000e-02  7.99622446e-01  2.99000000e-02  1.00009789e+00 
 3.00000000e-02  2.28788715e+00  3.00000000e-02  1.93131366e+00  3.00000000e-02 -3.01112004e-03  3.00000000e-02 -4.06170838e-04  3.00000000e-02  7.99623594e-01  3.00000000e-02  1.00015215e+00  3.00000000e-02  7.99622982e-01  3.00000000e-02  1.00012322e+00  3.00000000e-02  7.99622676e-01  3.00000000e-02  1.00010874e+00  3.00000000e-02  7.99622522e-01  3.00000000e-02  1.00010149e+00  3.00000000e-02  7.99622446e-01  3.00000000e-02  1.00009787e+00 
 3.01000000e-02  2.28810708e+00  3.01000000e-02  1.93109408e+00  3.01000000e-02 -3.01111867e-03  3.01000000e-02 -4.06172137e-04  3.01000000e-02  7.99623595e-01  3.01000000e-02  1.00015175e+00  3.01000000e-02  7.99622983e-01  3.01000000e-02  1.00012302e+00  3.01000000e-02  7.99622676e-01  3.01000000e-02  1.00010864e+00  3.01000000e-02  7.99622523e-01  3.01000000e-02  1.00010144e+00  3.01000000e-02  7.99622446e-01  3.01000000e-02  1.00009784e+00 
 3.02000000e-02  2.28832697e+00  3.02000000e-02  1.93087455e+00  3.02000000e-02 -3.01111730e-03  3.02000000e-02 -4.06173436e-04  3.02000000e-02  7.99623596e-01  3.02000000e-02  1.00015134e+00  3.02000000e-02  7.99622983e-01  3.02000000e-02  1.00012282e+00  3.02000000e-02  7.99622676e-01  3.02000000e-02  1.00010854e+00  3.02000000e-02  7.99622523e-01  3.02000000e-02  1.00010139e+00  3.02000000e-02  7.99622446e-01  3.02000000e-02  1.00009782e+00 
 3.03000000e-02  2.28854683e+00  3.03000000e-02  1.93065505e+00  3.03000000e-02 -3.01111594e-03  3.03000000e-02 -4.06174733e-04  3.03000000e-02  7.99623597e-01  3.03000000e-02  1.00015094e+00  3.03000000e-02  7.99622984e-01  3.03000000e-02  1.00012262e+00  3.03000000e-02  7.99622677e-01  3.03000000e-02  1.00010844e+00  3.03000000e-02  7.99622523e-01  3.03000000e-02  1.00010134e+00  3.03000000e-02  7.99622446e-01  3.03000000e-02  1.00009779e+00 
 3.04000000e-02  2.28876664e+00  3.04000000e-02  1.93043559e+00  3.04000000e-02 -3.01111458e-03  3.04000000e-02 -4.06176028e-04  3.04000000e-02  7.99623598e-01  3.04000000e-02  1.00015054e+00  3.04000000e-02  7.99622984e-01  3.04000000e-02  1.00012242e+00  3.04000000e-02  7.99622677e-01  3.04000000e-02  1.00010834e+00  3.04000000e-02  7.99622523e-01  3.04000000e-02  1.00010129e+00  3.04000000e-02  7.99622446e-01  3.04000000e-02  1.00009777e+00 
 3.05000000e-02  2.28898641e+00  3.05000000e-02  1.93021618e+00  3.05000000e-02 -3.01111321e-03  3.05000000e-02 -4.06177322e-04  3.05000000e-02  7.99623599e-01  3.05000000e-02  1.00015014e+00  3.05000000e-02  7.99622985e-01  3.05000000e-02  1.00012221e+00  3.05000000e-02  7.99622677e-01  3.05000000e-02  1.00010823e+00  3.05000000e-02  7.99622523e-01  3.05000000e-02  1.00010124e+00  3.05000000e-02  7.99622446e-01  3.05000000e-02  1.00009774e+00 
 3.06000000e-02  2.28920614e+00  3.06000000e-02  1.92999680e+00  3.06000000e-02 -3.01111185e-03  3.06000000e-02 -4.06178615e-04  3.06000000e-02  7.99623600e-01  3.06000000e-02  1.00014973e+00  3.06000000e-02  7.99622985e-01  3.06000000e-02  1.00012201e+00  3.06000000e-02  7.99622677e-01  3.06000000e-02  1.00010813e+00  3.06000000e-02  7.99622523e-01  3.06000000e-02  1.00010119e+00  3.06000000e-02  7.99622446e-01  3.06000000e-02  1.00009772e+00 
 3.07000000e-02  2.28942583e+00  3.07000000e-02  1.92977746e+00  3.07000000e-02 -3.01111049e-03  3.07000000e-02 -4.06179907e-04  3.07000000e-02  7.99623601e-01  3.07000000e-02  1.00014933e+00  3.07000000e-02  7.99622986e-01  3.07000000e-02  1.00012181e+00  3.07000000e-02  7.99622678e-01  3.07000000e-02  1.00010803e+00  3.07000000e-02  7.99622523e-01  3.07000000e-02  1.00010114e+00  3.07000000e-02  7.99622446e-01  3.07000000e-02  1.00009769e+00 
 3.08000000e-02  2.28964548e+00  3.08000000e-02  1.92955817e+00  3.08000000e-02 -3.01110913e-03  3.08000000e-02 -4.06181197e-04  3.08000000e-02  7.99623602e-01  3.08000000e-02  1.00014893e+00  3.08000000e-02  7.99622986e-01  3.08000000e-02  1.00012161e+00  3.08000000e-02  7.99622678e-01  3.08000000e-02  1.00010793e+00  3.08000000e-02  7.99622524e-01  3.08000000e-02  1.00010109e+00  3.08000000e-02  7.99622446e-01  3.08000000e-02  1.00009767e+00 
 3.09000000e-02  2.28986509e+00  3.09000000e-02  1.92933891e+00  3.09000000e-02 -3.01110777e-03  3.09000000e-02 -4.06182485e-04  3.09000000e-02  7.99623603e-01  3.09000000e-02  1.00014853e+00  3.09000000e-02  7.99622987e-01  3.09000000e-02  1.00012141e+00  3.09000000e-02  7.99622678e-01  3.09000000e-02  1.00010783e+00  3.09000000e-02  7.99622524e-01  3.09000000e-02  1.00010104e+00  3.09000000e-02  7.99622446e-01  3.09000000e-02  1.00009764e+00 
 3.10000000e-02  2.29008466e+00  3.10000000e-02  1.92911970e+00  3.10000000e-02 -3.01110641e-03  3.10000000e-02 -4.06183773e-04  3.10000000e-02  7.99623604e-01  3.10000000e-02  1.00014813e+00  3.10000000e-02  7.99622987e-01  3.10000000e-02  1.00012121e+00  3.10000000e-02  7.99622678e-01  3.10000000e-02  1.00010773e+00  3.10000000e-02  7.99622524e-01  3.10000000e-02  1.00010099e+00  3.10000000e-02  7.99622446e-01  3.10000000e-02  1.00009762e+00 
 3.11000000e-02  2.29030418e+00  3.11000000e-02  1.92890053e+00  3.11000000e-02 -3.01110505e-03  3.11000000e-02 -4.06185059e-04  3.11000000e-02  7.99623606e-01  3.11000000e-02  1.00014773e+00  3.11000000e-02  7.99622988e-01  3.11000000e-02  1.00012101e+00  3.11000000e-02  7.99622679e-01  3.11000000e-02  1.00010763e+00  3.11000000e-02  7.99622524e-01  3.11000000e-02  1.00010094e+00  3.11000000e-02  7.99622447e-01  3.11000000e-02  1.00009759e+00 
 3.12000000e-02  2.29052367e+00  3.12000000e-02  1.92868139e+00  3.12000000e-02 -3.01110369e-03  3.12000000e-02 -4.06186343e-04  3.12000000e-02  7.99623607e-01  3.12000000e-02  1.00014733e+00  3.12000000e-02  7.99622989e-01  3.12000000e-02  1.00012081e+00  3.12000000e-02  7.99622679e-01  3.12000000e-02  1.00010753e+00  3.12000000e-02  7.99622524e-01  3.12000000e-02  1.00010089e+00  3.12000000e-02  7.99622447e-01  3.12000000e-02  1.00009757e+00 
 3.13000000e-02  2.29074311e+00  3.13000000e-02  1.92846230e+00  3.13000000e-02 -3.01110234e-03  3.13000000e-02 -4.06187627e-04  3.13000000e-02  7.99623608e-01  3.13000000e-02  1.00014693e+00  3.13000000e-02  7.99622989e-01  3.13000000e-02  1.00012061e+00  3.13000000e-02  7.99622679e-01  3.13000000e-02  1.00010743e+00  3.13000000e-02  7.99622524e-01  3.13000000e-02  1.00010084e+00  3.13000000e-02  7.99622447e-01  3.13000000e-02  1.00009754e+00 
 3.14000000e-02  2.29096251e+00  3.14000000e-02  1.92824325e+00  3.14000000e-02 -3.01110098e-03  3.14000000e-02 -4.06188909e-04  3.14000000e-02  7.99623609e-01  3.14000000e-02  1.00014653e+00  3.14000000e-02  7.99622990e-01  3.14000000e-02  1.00012041e+00  3.14000000e-02  7.99622680e-01  3.14000000e-02  1.00010733e+00  3.14000000e-02  7.99622524e-01  3.14000000e-02  1.00010079e+00  3.14000000e-02  7.99622447e-01  3.14000000e-02  1.00009752e+00 
 3.15000000e-02  2.29118187e+00  3.15000000e-02  1.92802425e+00  3.15000000e-02 -3.01109963e-03  3.15000000e-02 -4.06190189e-04  3.15000000e-02  7.99623610e-01  3.15000000e-02  1.00014613e+00  3.15000000e-02  7.99622990e-01  3.15000000e-02  1.00012021e+00  3.15000000e-02  7.99622680e-01  3.15000000e-02  1.00010723e+00  3.15000000e-02  7.99622525e-01  3.15000000e-02  1.00010074e+00  3.15000000e-02  7.99622447e-01  3.15000000e-02  1.00009749e+00 
 3.16000000e-02  2.29140119e+00  3.16000000e-02  1.92780528e+00  3.16000000e-02 -3.01109827e-03  3.16000000e-02 -4.06191468e-04  3.16000000e-02  7.99623611e-01  3.16000000e-02  1.00014574e+00  3.16000000e-02  7.99622991e-01  3.16000000e-02  1.00012001e+00  3.16000000e-02  7.99622680e-01  3.16000000e-02  1.00010713e+00  3.16000000e-02  7.99622525e-01  3.16000000e-02  1.00010069e+00  3.16000000e-02  7.99622447e-01  3.16000000e-02  1.00009747e+00 
 3.17000000e-02  2.29162046e+00  3.17000000e-02  1.92758636e+00  3.17000000e-02 -3.01109692e-03  3.17000000e-02 -4.06192746e-04  3.17000000e-02  7.99623612e-01  3.17000000e-02  1.00014534e+00  3.17000000e-02  7.99622991e-01  3.17000000e-02  1.00011981e+00  3.17000000e-02  7.99622680e-01  3.17000000e-02  1.00010703e+00  3.17000000e-02  7.99622525e-01  3.17000000e-02  1.00010064e+00  3.17000000e-02  7.99622447e-01  3.17000000e-02  1.00009744e+00 
 3.18000000e-02  2.29183970e+00  3.18000000e-02  1.92736747e+00  3.18000000e-02 -3.01109557e-03  3.18000000e-02 -4.06194022e-04  3.18000000e-02  7.99623613e-01  3.18000000e-02  1.00014494e+00  3.18000000e-02  7.99622992e-01  3.18000000e-02  1.00011961e+00  3.18000000e-02  7.99622681e-01  3.18000000e-02  1.00010693e+00  3.18000000e-02  7.99622525e-01  3.18000000e-02  1.00010059e+00  3.18000000e-02  7.99622447e-01  3.18000000e-02  1.00009742e+00 
 3.19000000e-02  2.29205889e+00  3.19000000e-02  1.92714863e+00  3.19000000e-02 -3.01109422e-03  3.19000000e-02 -4.06195297e-04  3.19000000e-02  7.99623614e-01  3.19000000e-02  1.00014455e+00  3.19000000e-02  7.99622992e-01  3.19000000e-02  1.00011942e+00  3.19000000e-02  7.99622681e-01  3.19000000e-02  1.00010684e+00  3.19000000e-02  7.99622525e-01  3.19000000e-02  1.00010054e+00  3.19000000e-02  7.99622447e-01  3.19000000e-02  1.00009739e+00 
 3.20000000e-02  2.29227804e+00  3.20000000e-02  1.92692983e+00  3.20000000e-02 -3.01109287e-03  3.20000000e-02 -4.06196571e-04  3.20000000e-02  7.99623615e-01  3.20000000e-02  1.00014415e+00  3.20000000e-02  7.99622993e-01  3.20000000e-02  1.00011922e+00  3.20000000e-02  7.99622681e-01  3.20000000e-02  1.00010674e+00  3.20000000e-02  7.99622525e-01  3.20000000e-02  1.00010049e+00  3.20000000e-02  7.99622447e-01  3.20000000e-02  1.00009737e+00 
 3.21000000e-02  2.29249714e+00  3.21000000e-02  1.92671108e+00  3.21000000e-02 -3.01109152e-03  3.21000000e-02 -4.06197844e-04  3.21000000e-02  7.99623616e-01  3.21000000e-02  1.00014375e+00  3.21000000e-02  7.99622993e-01  3.21000000e-02  1.00011902e+00  3.21000000e-02  7.99622681e-01  3.21000000e-02  1.00010664e+00  3.21000000e-02  7.99622525e-01  3.21000000e-02  1.00010044e+00  3.21000000e-02  7.99622447e-01  3.21000000e-02  1.00009734e+00 
 3.22000000e-02  2.29271620e+00  3.22000000e-02  1.92649237e+00  3.22000000e-02 -3.01109017e-03  3.22000000e-02 -4.06199115e-04  3.22000000e-02  7.99623617e-01  3.22000000e-02  1.00014336e+00  3.22000000e-02  7.99622994e-01  3.22000000e-02  1.00011882e+00  3.22000000e-02  7.99622682e-01  3.22000000e-02  1.00010654e+00  3.22000000e-02  7.99622525e-01  3.22000000e-02  1.00010039e+00  3.22000000e-02  7.99622447e-01  3.22000000e-02  1.00009732e+00 
 3.23000000e-02  2.29293522e+00  3.23000000e-02  1.92627370e+00  3.23000000e-02 -3.01108882e-03  3.23000000e-02 -4.06200384e-04  3.23000000e-02  7.99623619e-01  3.23000000e-02  1.00014296e+00  3.23000000e-02  7.99622994e-01  3.23000000e-02  1.00011862e+00  3.23000000e-02  7.99622682e-01  3.23000000e-02  1.00010644e+00  3.23000000e-02  7.99622526e-01  3.23000000e-02  1.00010034e+00  3.23000000e-02  7.99622447e-01  3.23000000e-02  1.00009729e+00 
 3.24000000e-02  2.29315420e+00  3.24000000e-02  1.92605507e+00  3.24000000e-02 -3.01108747e-03  3.24000000e-02 -4.06201652e-04  3.24000000e-02  7.99623620e-01  3.24000000e-02  1.00014257e+00  3.24000000e-02  7.99622995e-01  3.24000000e-02  1.00011843e+00  3.24000000e-02  7.99622682e-01  3.24000000e-02  1.00010634e+00  3.24000000e-02  7.99622526e-01  3.24000000e-02  1.00010029e+00  3.24000000e-02  7.99622447e-01  3.24000000e-02  1.00009727e+00 
 3.25000000e-02  2.29337313e+00  3.25000000e-02  1.92583648e+00  3.25000000e-02 -3.01108613e-03  3.25000000e-02 -4.06202919e-04  3.25000000e-02  7.99623621e-01  3.25000000e-02  1.00014217e+00  3.25000000e-02  7.99622996e-01  3.25000000e-02  1.00011823e+00  3.25000000e-02  7.99622683e-01  3.25000000e-02  1.00010624e+00  3.25000000e-02  7.99622526e-01  3.25000000e-02  1.00010024e+00  3.25000000e-02  7.99622448e-01  3.25000000e-02  1.00009724e+00 
 3.26000000e-02  2.29359202e+00  3.26000000e-02  1.92561794e+00  3.26000000e-02 -3.01108478e-03  3.26000000e-02 -4.06204185e-04  3.26000000e-02  7.99623622e-01  3.26000000e-02  1.00014178e+00  3.26000000e-02  7.99622996e-01  3.26000000e-02  1.00011803e+00  3.26000000e-02  7.99622683e-01  3.26000000e-02  1.00010614e+00  3.26000000e-02  7.99622526e-01  3.26000000e-02  1.00010019e+00  3.26000000e-02  7.99622448e-01  3.26000000e-02  1.00009722e+00 
 3.27000000e-02  2.29381087e+00  3.27000000e-02  1.92539944e+00  3.27000000e-02 -3.01108344e-03  3.27000000e-02 -4.06205449e-04  3.27000000e-02  7.99623623e-01  3.27000000e-02  1.00014139e+00  3.27000000e-02  7.99622997e-01  3.27000000e-02  1.00011784e+00  3.27000000e-02  7.99622683e-01  3.27000000e-02  1.00010604e+00  3.27000000e-02  7.99622526e-01  3.27000000e-02  1.00010015e+00  3.27000000e-02  7.99622448e-01  3.27000000e-02  1.00009719e+00 
 3.28000000e-02  2.29402967e+00  3.28000000e-02  1.92518099e+00  3.28000000e-02 -3.01108210e-03  3.28000000e-02 -4.06206712e-04  3.28000000e-02  7.99623624e-01  3.28000000e-02  1.00014099e+00  3.28000000e-02  7.99622997e-01  3.28000000e-02  1.00011764e+00  3.28000000e-02  7.99622683e-01  3.28000000e-02  1.00010595e+00  3.28000000e-02  7.99622526e-01  3.28000000e-02  1.00010010e+00  3.28000000e-02  7.99622448e-01  3.28000000e-02  1.00009717e+00 
 3.29000000e-02  2.29424843e+00  3.29000000e-02  1.92496258e+00  3.29000000e-02 -3.01108075e-03  3.29000000e-02 -4.06207973e-04  3.29000000e-02  7.99623625e-01  3.29000000e-02  1.00014060e+00  3.29000000e-02  7.99622998e-01  3.29000000e-02  1.00011744e+00  3.29000000e-02  7.99622684e-01  3.29000000e-02  1.00010585e+00  3.29000000e-02  7.99622526e-01  3.29000000e-02  1.00010005e+00  3.29000000e-02  7.99622448e-01  3.29000000e-02  1.00009715e+00 
 3.30000000e-02  2.29446715e+00  3.30000000e-02  1.92474421e+00  3.30000000e-02 -3.01107941e-03  3.30000000e-02 -4.06209234e-04  3.30000000e-02  7.99623626e-01  3.30000000e-02  1.00014021e+00  3.30000000e-02  7.99622998e-01  3.30000000e-02  1.00011725e+00  3.30000000e-02  7.99622684e-01  3.30000000e-02  1.00010575e+00  3.30000000e-02  7.99622527e-01  3.30000000e-02  1.00010000e+00  3.30000000e-02  7.99622448e-01  3.30000000e-02  1.00009712e+00 
 3.31000000e-02  2.29468582e+00  3.31000000e-02  1.92452589e+00  3.31000000e-02 -3.01107807e-03  3.31000000e-02 -4.06210492e-04  3.31000000e-02  7.99623627e-01  3.31000000e-02  1.00013982e+00  3.31000000e-02  7.99622999e-01  3.31000000e-02  1.00011705e+00  3.31000000e-02  7.99622684e-01  3.31000000e-02  1.00010565e+00  3.31000000e-02  7.99622527e-01  3.31000000e-02  1.00009995e+00  3.31000000e-02  7.99622448e-01  3.31000000e-02  1.00009710e+00 
 3.32000000e-02  2.29490444e+00  3.32000000e-02  1.92430761e+00  3.32000000e-02 -3.01107673e-03  3.32000000e-02 -4.06211750e-04  3.32000000e-02  7.99623628e-01  3.32000000e-02  1.00013943e+00  3.32000000e-02  7.99622999e-01  3.32000000e-02  1.00011686e+00  3.32000000e-02  7.99622684e-01  3.32000000e-02  1.00010555e+00  3.32000000e-02  7.99622527e-01  3.32000000e-02  1.00009990e+00  3.32000000e-02  7.99622448e-01  3.32000000e-02  1.00009707e+00 
 3.33000000e-02  2.29512303e+00  3.33000000e-02  1.92408937e+00  3.33000000e-02 -3.01107539e-03  3.33000000e-02 -4.06213006e-04  3.33000000e-02  7.99623629e-01  3.33000000e-02  1.00013904e+00  3.33000000e-02  7.99623000e-01  3.33000000e-02  1.00011666e+00  3.33000000e-02  7.99622685e-01  3.33000000e-02  1.00010546e+00  3.33000000e-02  7.99622527e-01  3.33000000e-02  1.00009985e+00  3.33000000e-02  7.99622448e-01  3.33000000e-02  1.00009705e+00 
 3.34000000e-02  2.29534156e+00  3.34000000e-02  1.92387118e+00  3.34000000e-02 -3.01107405e-03  3.34000000e-02 -4.06214260e-04  3.34000000e-02  7.99623630e-01  3.34000000e-02  1.00013865e+00  3.34000000e-02  7.99623000e-01  3.34000000e-02  1.00011646e+00  3.34000000e-02  7.99622685e-01  3.34000000e-02  1.00010536e+00  3.34000000e-02  7.99622527e-01  3.34000000e-02  1.00009980e+00  3.34000000e-02  7.99622448e-01  3.34000000e-02  1.00009702e+00 
 3.35000000e-02  2.29556006e+00  3.35000000e-02  1.92365303e+00  3.35000000e-02 -3.01107271e-03  3.35000000e-02 -4.06215514e-04  3.35000000e-02  7.99623632e-01  3.35000000e-02  1.00013826e+00  3.35000000e-02  7.99623001e-01  3.35000000e-02  1.00011627e+00  3.35000000e-02  7.99622685e-01  3.35000000e-02  1.00010526e+00  3.35000000e-02  7.99622527e-01  3.35000000e-02  1.00009975e+00  3.35000000e-02  7.99622448e-01  3.35000000e-02  1.00009700e+00 
 3.36000000e-02  2.29577850e+00  3.36000000e-02  1.92343493e+00  3.36000000e-02 -3.01107138e-03  3.36000000e-02 -4.06216766e-04  3.36000000e-02  7.99623633e-01  3.36000000e-02  1.00013787e+00  3.36000000e-02  7.99623002e-01  3.36000000e-02  1.00011607e+00  3.36000000e-02  7.99622686e-01  3.36000000e-02  1.00010516e+00  3.36000000e-02  7.99622527e-01  3.36000000e-02  1.00009970e+00  3.36000000e-02  7.99622448e-01  3.36000000e-02  1.00009697e+00 
 3.37000000e-02  2.29599691e+00  3.37000000e-02  1.92321687e+00  3.37000000e-02 -3.01107004e-03  3.37000000e-02 -4.06218016e-04  3.37000000e-02  7.99623634e-01  3.37000000e-02  1.00013748e+00  3.37000000e-02  7.99623002e-01  3.37000000e-02  1.00011588e+00  3.37000000e-02  7.99622686e-01  3.37000000e-02  1.00010507e+00  3.37000000e-02  7.99622528e-01  3.37000000e-02  1.00009966e+00  3.37000000e-02  7.99622448e-01  3.37000000e-02  1.00009695e+00 
 3.38000000e-02  2.29621527e+00  3.38000000e-02  1.92299886e+00  3.38000000e-02 -3.01106870e-03  3.38000000e-02 -4.06219266e-04  3.38000000e-02  7.99623635e-01  3.38000000e-02  1.00013709e+00  3.38000000e-02  7.99623003e-01  3.38000000e-02  1.00011569e+00  3.38000000e-02  7.99622686e-01  3.38000000e-02  1.00010497e+00  3.38000000e-02  7.99622528e-01  3.38000000e-02  1.00009961e+00  3.38000000e-02  7.99622449e-01  3.38000000e-02  1.00009693e+00 
 3.39000000e-02  2.29643358e+00  3.39000000e-02  1.92278089e+00  3.39000000e-02 -3.01106737e-03  3.39000000e-02 -4.06220514e-04  3.39000000e-02  7.99623636e-01  3.39000000e-02  1.00013670e+00  3.39000000e-02  7.99623003e-01  3.39000000e-02  1.00011549e+00  3.39000000e-02  7.99622686e-01  3.39000000e-02  1.00010487e+00  3.39000000e-02  7.99622528e-01  3.39000000e-02  1.00009956e+00  3.39000000e-02  7.99622449e-01  3.39000000e-02  1.00009690e+00 
 3.40000000e-02  2.29665185e+00  3.40000000e-02  1.92256297e+00  3.40000000e-02 -3.01106603e-03  3.40000000e-02 -4.06221760e-04  3.40000000e-02  7.99623637e-01  3.40000000e-02  1.00013631e+00  3.40000000e-02  7.99623004e-01  3.40000000e-02  1.00011530e+00  3.40000000e-02  7.99622687e-01  3.40000000e-02  1.00010477e+00  3.40000000e-02  7.99622528e-01  3.40000000e-02  1.00009951e+00  3.40000000e-02  7.99622449e-01  3.40000000e-02  1.00009688e+00 
 3.41000000e-02  2.29687007e+00  3.41000000e-02  1.92234509e+00  3.41000000e-02 -3.01106470e-03  3.41000000e-02 -4.06223005e-04  3.41000000e-02  7.99623638e-01  3.41000000e-02  1.00013593e+00  3.41000000e-02  7.99623004e-01  3.41000000e-02  1.00011510e+00  3.41000000e-02  7.99622687e-01  3.41000000e-02  1.00010468e+00  3.41000000e-02  7.99622528e-01  3.41000000e-02  1.00009946e+00  3.41000000e-02  7.99622449e-01  3.41000000e-02  1.00009685e+00 
 3.42000000e-02  2.29708825e+00  3.42000000e-02  1.92212726e+00  3.42000000e-02 -3.01106337e-03  3.42000000e-02 -4.06224249e-04  3.42000000e-02  7.99623639e-01  3.42000000e-02  1.00013554e+00  3.42000000e-02  7.99623005e-01  3.42000000e-02  1.00011491e+00  3.42000000e-02  7.99622687e-01  3.42000000e-02  1.00010458e+00  3.42000000e-02  7.99622528e-01  3.42000000e-02  1.00009941e+00  3.42000000e-02  7.99622449e-01  3.42000000e-02  1.00009683e+00 
 3.43000000e-02  2.29730638e+00  3.43000000e-02  1.92190947e+00  3.43000000e-02 -3.01106204e-03  3.43000000e-02 -4.06225492e-04  3.43000000e-02  7.99623640e-01  3.43000000e-02  1.00013515e+00  3.43000000e-02  7.99623005e-01  3.43000000e-02  1.00011472e+00  3.43000000e-02  7.99622687e-01  3.43000000e-02  1.00010448e+00  3.43000000e-02  7.99622528e-01  3.43000000e-02  1.00009936e+00  3.43000000e-02  7.99622449e-01  3.43000000e-02  1.00009680e+00 
 3.44000000e-02  2.29752446e+00  3.44000000e-02  1.92169173e+00  3.44000000e-02 -3.01106071e-03  3.44000000e-02 -4.06226733e-04  3.44000000e-02  7.99623641e-01  3.44000000e-02  1.00013477e+00  3.44000000e-02  7.99623006e-01  3.44000000e-02  1.00011452e+00  3.44000000e-02  7.99622688e-01  3.44000000e-02  1.00010439e+00  3.44000000e-02  7.99622529e-01  3.44000000e-02  1.00009932e+00  3.44000000e-02  7.99622449e-01  3.44000000e-02  1.00009678e+00 
 3.45000000e-02  2.29774250e+00  3.45000000e-02  1.92147403e+00  3.45000000e-02 -3.01105938e-03  3.45000000e-02 -4.06227973e-04  3.45000000e-02  7.99623642e-01  3.45000000e-02  1.00013438e+00  3.45000000e-02  7.99623006e-01  3.45000000e-02  1.00011433e+00  3.45000000e-02  7.99622688e-01  3.45000000e-02  1.00010429e+00  3.45000000e-02  7.99622529e-01  3.45000000e-02  1.00009927e+00  3.45000000e-02  7.99622449e-01  3.45000000e-02  1.00009676e+00 
 3.46000000e-02  2.29796049e+00  3.46000000e-02  1.92125639e+00  3.46000000e-02 -3.01105805e-03  3.46000000e-02 -4.06229211e-04  3.46000000e-02  7.99623644e-01  3.46000000e-02  1.00013400e+00  3.46000000e-02  7.99623007e-01  3.46000000e-02  1.00011414e+00  3.46000000e-02  7.99622688e-01  3.46000000e-02  1.00010419e+00  3.46000000e-02  7.99622529e-01  3.46000000e-02  1.00009922e+00  3.46000000e-02  7.99622449e-01  3.46000000e-02  1.00009673e+00 
 3.47000000e-02  2.29817844e+00  3.47000000e-02  1.92103878e+00  3.47000000e-02 -3.01105672e-03  3.47000000e-02 -4.06230449e-04  3.47000000e-02  7.99623645e-01  3.47000000e-02  1.00013361e+00  3.47000000e-02  7.99623007e-01  3.47000000e-02  1.00011394e+00  3.47000000e-02  7.99622689e-01  3.47000000e-02  1.00010410e+00  3.47000000e-02  7.99622529e-01  3.47000000e-02  1.00009917e+00  3.47000000e-02  7.99622449e-01  3.47000000e-02  1.00009671e+00 
 3.48000000e-02  2.29839634e+00  3.48000000e-02  1.92082123e+00  3.48000000e-02 -3.01105539e-03  3.48000000e-02 -4.06231684e-04  3.48000000e-02  7.99623646e-01  3.48000000e-02  1.00013323e+00  3.48000000e-02  7.99623008e-01  3.48000000e-02  1.00011375e+00  3.48000000e-02  7.99622689e-01  3.48000000e-02  1.00010400e+00  3.48000000e-02  7.99622529e-01  3.48000000e-02  1.00009912e+00  3.48000000e-02  7.99622449e-01  3.48000000e-02  1.00009668e+00 
 3.49000000e-02  2.29861419e+00  3.49000000e-02  1.92060372e+00  3.49000000e-02 -3.01105406e-03  3.49000000e-02 -4.06232919e-04  3.49000000e-02  7.99623647e-01  3.49000000e-02  1.00013284e+00  3.49000000e-02  7.99623009e-01  3.49000000e-02  1.00011356e+00  3.49000000e-02  7.99622689e-01  3.49000000e-02  1.00010391e+00  3.49000000e-02  7.99622529e-01  3.49000000e-02  1.00009908e+00  3.49000000e-02  7.99622449e-01  3.49000000e-02  1.00009666e+00 
 3.50000000e-02  2.29883200e+00  3.50000000e-02  1.92038625e+00  3.50000000e-02 -3.01105273e-03  3.50000000e-02 -4.06234152e-04  3.50000000e-02  7.99623648e-01  3.50000000e-02  1.00013246e+00  3.50000000e-02  7.99623009e-01  3.50000000e-02  1.00011337e+00  3.50000000e-02  7.99622689e-01  3.50000000e-02  1.00010381e+00  3.50000000e-02  7.99622529e-01  3.50000000e-02  1.00009903e+00  3.50000000e-02  7.99622449e-01  3.50000000e-02  1.00009664e+00 
 3.51000000e-02  2.29904975e+00  3.51000000e-02  1.92016883e+00  3.51000000e-02 -3.01105141e-03  3.51000000e-02 -4.06235384e-04  3.51000000e-02  7.99623649e-01  3.51000000e-02  1.00013208e+00  3.51000000e-02  7.99623010e-01  3.51000000e-02  1.00011318e+00  3.51000000e-02  7.99622690e-01  3.51000000e-02  1.00010371e+00  3.51000000e-02  7.99622530e-01  3.51000000e-02  1.00009898e+00  3.51000000e-02  7.99622449e-01  3.51000000e-02  1.00009661e+00 
 3.52000000e-02  2.29926747e+00  3.52000000e-02  1.91995146e+00  3.52000000e-02 -3.01105008e-03  3.52000000e-02 -4.06236614e-04  3.52000000e-02  7.99623650e-01  3.52000000e-02  1.00013169e+00  3.52000000e-02  7.99623010e-01  3.52000000e-02  1.00011298e+00  3.52000000e-02  7.99622690e-01  3.52000000e-02  1.00010362e+00  3.52000000e-02  7.99622530e-01  3.52000000e-02  1.00009893e+00  3.52000000e-02  7.99622450e-01  3.52000000e-02  1.00009659e+00 
 3.53000000e-02  2.29948513e+00  3.53000000e-02  1.91973414e+00  3.53000000e-02 -3.01104876e-03  3.53000000e-02 -4.06237843e-04  3.53000000e-02  7.99623651e-01  3.53000000e-02  1.00013131e+00  3.53000000e-02  7.99623011e-01  3.53000000e-02  1.00011279e+00  3.53000000e-02  7.99622690e-01  3.53000000e-02  1.00010352e+00  3.53000000e-02  7.99622530e-01  3.53000000e-02  1.00009888e+00  3.53000000e-02  7.99622450e-01  3.53000000e-02  1.00009656e+00 
 3.54000000e-02  2.29970275e+00  3.54000000e-02  1.91951687e+00  3.54000000e-02 -3.01104743e-03  3.54000000e-02 -4.06239071e-04  3.54000000e-02  7.99623652e-01  3.54000000e-02  1.00013093e+00  3.54000000e-02  7.99623011e-01  3.54000000e-02  1.00011260e+00  3.54000000e-02  7.99622690e-01  3.54000000e-02  1.00010343e+00  3.54000000e-02  7.99622530e-01  3.54000000e-02  1.00009884e+00  3.54000000e-02  7.99622450e-01  3.54000000e-02  1.00009654e+00 
 3.55000000e-02  2.29992032e+00  3.55000000e-02  1.91929964e+00  3.55000000e-02 -3.01104611e-03  3.55000000e-02 -4.06240297e-04  3.55000000e-02  7.99623653e-01  3.55000000e-02  1.00013055e+00  3.55000000e-02  7.99623012e-01  3.55000000e-02  1.00011241e+00  3.55000000e-02  7.99622691e-01  3.55000000e-02  1.00010333e+00  3.55000000e-02  7.99622530e-01  3.55000000e-02  1.00009879e+00  3.55000000e-02  7.99622450e-01  3.55000000e-02  1.00009652e+00 
 3.56000000e-02  2.30013784e+00  3.56000000e-02  1.91908246e+00  3.56000000e-02 -3.01104479e-03  3.56000000e-02 -4.06241522e-04  3.56000000e-02  7.99623654e-01  3.56000000e-02  1.00013017e+00  3.56000000e-02  7.99623012e-01  3.56000000e-02  1.00011222e+00  3.56000000e-02  7.99622691e-01  3.56000000e-02  1.00010324e+00  3.56000000e-02  7.99622530e-01  3.56000000e-02  1.00009874e+00  3.56000000e-02  7.99622450e-01  3.56000000e-02  1.00009649e+00 
 3.57000000e-02  2.30035531e+00  3.57000000e-02  1.91886532e+00  3.57000000e-02 -3.01104347e-03  3.57000000e-02 -4.06242746e-04  3.57000000e-02  7.99623656e-01  3.57000000e-02  1.00012979e+00  3.57000000e-02  7.99623013e-01  3.57000000e-02  1.00011203e+00  3.57000000e-02  7.99622691e-01  3.57000000e-02  1.00010314e+00  3.57000000e-02  7.99622530e-01  3.57000000e-02  1.00009869e+00  3.57000000e-02  7.99622450e-01  3.57000000e-02  1.00009647e+00 
 3.58000000e-02  2.30057274e+00  3.58000000e-02  1.91864824e+00  3.58000000e-02 -3.01104214e-03  3.58000000e-02 -4.06243968e-04  3.58000000e-02  7.99623657e-01  3.58000000e-02  1.00012941e+00  3.58000000e-02  7.99623013e-01  3.58000000e-02  1.00011184e+00  3.58000000e-02  7.99622692e-01  3.58000000e-02  1.00010305e+00  3.58000000e-02  7.99622531e-01  3.58000000e-02  1.00009864e+00  3.58000000e-02  7.99622450e-01  3.58000000e-02  1.00009644e+00 
 3.59000000e-02  2.30079012e+00  3.59000000e-02  1.91843120e+00  3.59000000e-02 -3.01104082e-03  3.59000000e-02 -4.06245189e-04  3.59000000e-02  7.99623658e-01  3.59000000e-02  1.00012903e+00  3.59000000e-02  7.99623014e-01  3.59000000e-02  1.00011165e+00  3.59000000e-02  7.99622692e-01  3.59000000e-02  1.00010295e+00  3.59000000e-02  7.99622531e-01  3.59000000e-02  1.00009860e+00  3.59000000e-02  7.99622450e-01  3.59000000e-02  1.00009642e+00 
 3.60000000e-02  2.30100745e+00  3.60000000e-02  1.91821421e+00  3.60000000e-02 -3.01103950e-03  3.60000000e-02 -4.06246409e-04  3.60000000e-02  7.99623659e-01  3.60000000e-02  1.00012865e+00  3.60000000e-02  7.99623015e-01  3.60000000e-02  1.00011146e+00  3.60000000e-02  7.99622692e-01  3.60000000e-02  1.00010286e+00  3.60000000e-02  7.99622531e-01  3.60000000e-02  1.00009855e+00  3.60000000e-02  7.99622450e-01  3.60000000e-02  1.00009640e+00 
 3.61000000e-02  2.30122473e+00  3.61000000e-02  1.91799727e+00  3.61000000e-02 -3.01103818e-03  3.61000000e-02 -4.06247627e-04  3.61000000e-02  7.99623660e-01  3.61000000e-02  1.00012827e+00  3.61000000e-02  7.99623015e-01  3.61000000e-02  1.00011127e+00  3.61000000e-02  7.99622692e-01  3.61000000e-02  1.00010276e+00  3.61000000e-02  7.99622531e-01  3.61000000e-02  1.00009850e+00  3.61000000e-02  7.99622450e-01  3.61000000e-02  1.00009637e+00 
 3.62000000e-02  2.30144196e+00  3.62000000e-02  1.91778037e+00  3.62000000e-02 -3.01103687e-03  3.62000000e-02 -4.06248844e-04  3.62000000e-02  7.99623661e-01  3.62000000e-02  1.00012789e+00  3.62000000e-02  7.99623016e-01  3.62000000e-02  1.00011108e+00  3.62000000e-02  7.99622693e-01  3.62000000e-02  1.00010267e+00  3.62000000e-02  7.99622531e-01  3.62000000e-02  1.00009845e+00  3.62000000e-02  7.99622450e-01  3.62000000e-02  1.00009635e+00 
 3.63000000e-02  2.30165915e+00  3.63000000e-02  1.91756353e+00  3.63000000e-02 -3.01103555e-03  3.63000000e-02 -4.06250060e-04  3.63000000e-02  7.99623662e-01  3.63000000e-02  1.00012751e+00  3.63000000e-02  7.99623016e-01  3.63000000e-02  1.00011089e+00  3.63000000e-02  7.99622693e-01  3.63000000e-02  1.00010257e+00  3.63000000e-02  7.99622531e-01  3.63000000e-02  1.00009841e+00  3.63000000e-02  7.99622450e-01  3.63000000e-02  1.00009633e+00 
 3.64000000e-02  2.30187628e+00  3.64000000e-02  1.91734673e+00  3.64000000e-02 -3.01103423e-03  3.64000000e-02 -4.06251274e-04  3.64000000e-02  7.99623663e-01  3.64000000e-02  1.00012713e+00  3.64000000e-02  7.99623017e-01  3.64000000e-02  1.00011070e+00  3.64000000e-02  7.99622693e-01  3.64000000e-02  1.00010248e+00  3.64000000e-02  7.99622531e-01  3.64000000e-02  1.00009836e+00  3.64000000e-02  7.99622450e-01  3.64000000e-02  1.00009630e+00 
 3.65000000e-02  2.30209337e+00  3.65000000e-02  1.91712998e+00  3.65000000e-02 -3.01103291e-03  3.65000000e-02 -4.06252487e-04  3.65000000e-02  7.99623664e-01  3.65000000e-02  1.00012676e+00  3.65000000e-02  7.99623017e-01  3.65000000e-02  1.00011051e+00  3.65000000e-02  7.99622694e-01  3.65000000e-02  1.00010238e+00  3.65000000e-02  7.99622532e-01  3.65000000e-02  1.00009831e+00  3.65000000e-02  7.99622451e-01  3.65000000e-02  1.00009628e+00 
 3.66000000e-02  2.30231041e+00  3.66000000e-02  1.91691329e+00  3.66000000e-02 -3.01103160e-03  3.66000000e-02 -4.06253699e-04  3.66000000e-02  7.99623665e-01  3.66000000e-02  1.00012638e+00  3.66000000e-02  7.99623018e-01  3.66000000e-02  1.00011033e+00  3.66000000e-02  7.99622694e-01  3.66000000e-02  1.00010229e+00  3.66000000e-02  7.99622532e-01  3.66000000e-02  1.00009827e+00  3.66000000e-02  7.99622451e-01  3.66000000e-02  1.00009625e+00 
 3.67000000e-02  2.30252739e+00  3.67000000e-02  1.91669664e+00  3.67000000e-02 -3.01103028e-03  3.67000000e-02 -4.06254909e-04  3.67000000e-02  7.99623666e-01  3.67000000e-02  1.00012600e+00  3.67000000e-02  7.99623018e-01  3.67000000e-02  1.00011014e+00  3.67000000e-02  7.99622694e-01  3.67000000e-02  1.00010219e+00  3.67000000e-02  7.99622532e-01  3.67000000e-02  1.00009822e+00  3.67000000e-02  7.99622451e-01  3.67000000e-02  1.00009623e+00 
 3.68000000e-02  2.30274433e+00  3.68000000e-02  1.91648003e+00  3.68000000e-02 -3.01102897e-03  3.68000000e-02 -4.06256118e-04  3.68000000e-02  7.99623668e-01  3.68000000e-02  1.00012563e+00  3.68000000e-02  7.99623019e-01  3.68000000e-02  1.00010995e+00  3.68000000e-02  7.99622694e-01  3.68000000e-02  1.00010210e+00  3.68000000e-02  7.99622532e-01  3.68000000e-02  1.00009817e+00  3.68000000e-02  7.99622451e-01  3.68000000e-02  1.00009621e+00 
 3.69000000e-02  2.30296122e+00  3.69000000e-02  1.91626348e+00  3.69000000e-02 -3.01102765e-03  3.69000000e-02 -4.06257325e-04  3.69000000e-02  7.99623669e-01  3.69000000e-02  1.00012525e+00  3.69000000e-02  7.99623020e-01  3.69000000e-02  1.00010976e+00  3.69000000e-02  7.99622695e-01  3.69000000e-02  1.00010200e+00  3.69000000e-02  7.99622532e-01  3.69000000e-02  1.00009812e+00  3.69000000e-02  7.99622451e-01  3.69000000e-02  1.00009618e+00 
 3.70000000e-02  2.30317806e+00  3.70000000e-02  1.91604698e+00  3.70000000e-02 -3.01102634e-03  3.70000000e-02 -4.06258532e-04  3.70000000e-02  7.99623670e-01  3.70000000e-02  1.00012488e+00  3.70000000e-02  7.99623020e-01  3.70000000e-02  1.00010957e+00  3.70000000e-02  7.99622695e-01  3.70000000e-02  1.00010191e+00  3.70000000e-02  7.99622532e-01  3.70000000e-02  1.00009808e+00  3.70000000e-02  7.99622451e-01  3.70000000e-02  1.00009616e+00 
 3.71000000e-02  2.30339485e+00  3.71000000e-02  1.91583053e+00  3.71000000e-02 -3.01102503e-03  3.71000000e-02 -4.06259737e-04  3.71000000e-02  7.99623671e-01  3.71000000e-02  1.00012450e+00  3.71000000e-02  7.99623021e-01  3.71000000e-02  1.00010939e+00  3.71000000e-02  7.99622695e-01  3.71000000e-02  1.00010182e+00  3.71000000e-02  7.99622532e-01  3.71000000e-02  1.00009803e+00  3.71000000e-02  7.99622451e-01  3.71000000e-02  1.00009614e+00 
 3.72000000e-02  2.30361159e+00  3.72000000e-02  1.91561413e+00  3.72000000e-02 -3.01102372e-03  3.72000000e-02 -4.06260940e-04  3.72000000e-02  7.99623672e-01  3.72000000e-02  1.00012413e+00  3.72000000e-02  7.99623021e-01  3.72000000e-02  1.00010920e+00  3.72000000e-02  7.99622695e-01  3.72000000e-02  1.00010172e+00  3.72000000e-02  7.99622533e-01  3.72000000e-02  1.00009798e+00  3.72000000e-02  7.99622451e-01  3.72000000e-02  1.00009611e+00 
 3.73000000e-02  2.30382828e+00  3.73000000e-02  1.91539778e+00  3.73000000e-02 -3.01102240e-03  3.73000000e-02 -4.06262142e-04  3.73000000e-02  7.99623673e-01  3.73000000e-02  1.00012375e+00  3.73000000e-02  7.99623022e-01  3.73000000e-02  1.00010901e+00  3.73000000e-02  7.99622696e-01  3.73000000e-02  1.00010163e+00  3.73000000e-02  7.99622533e-01  3.73000000e-02  1.00009794e+00  3.73000000e-02  7.99622451e-01  3.73000000e-02  1.00009609e+00 
 3.74000000e-02  2.30404492e+00  3.74000000e-02  1.91518147e+00  3.74000000e-02 -3.01102109e-03  3.74000000e-02 -4.06263343e-04  3.74000000e-02  7.99623674e-01  3.74000000e-02  1.00012338e+00  3.74000000e-02  7.99623022e-01  3.74000000e-02  1.00010882e+00  3.74000000e-02  7.99622696e-01  3.74000000e-02  1.00010154e+00  3.74000000e-02  7.99622533e-01  3.74000000e-02  1.00009789e+00  3.74000000e-02  7.99622451e-01  3.74000000e-02  1.00009607e+00 
 3.75000000e-02  2.30426151e+00  3.75000000e-02  1.91496522e+00  3.75000000e-02 -3.01101978e-03  3.75000000e-02 -4.06264543e-04  3.75000000e-02  7.99623675e-01  3.75000000e-02  1.00012301e+00  3.75000000e-02  7.99623023e-01  3.75000000e-02  1.00010864e+00  3.75000000e-02  7.99622696e-01  3.75000000e-02  1.00010144e+00  3.75000000e-02  7.99622533e-01  3.75000000e-02  1.00009784e+00  3.75000000e-02  7.99622451e-01  3.75000000e-02  1.00009604e+00 
 3.76000000e-02  2.30447804e+00  3.76000000e-02  1.91474902e+00  3.76000000e-02 -3.01101847e-03  3.76000000e-02 -4.06265741e-04  3.76000000e-02  7.99623676e-01  3.76000000e-02  1.00012263e+00  3.76000000e-02  7.99623023e-01  3.76000000e-02  1.00010845e+00  3.76000000e-02  7.99622697e-01  3.76000000e-02  1.00010135e+00  3.76000000e-02  7.99622533e-01  3.76000000e-02  1.00009780e+00  3.76000000e-02  7.99622451e-01  3.76000000e-02  1.00009602e+00 
 3.77000000e-02  2.30469453e+00  3.77000000e-02  1.91453287e+00  3.77000000e-02 -3.01101716e-03  3.77000000e-02 -4.06266938e-04  3.77000000e-02  7.99623677e-01  3.77000000e-02  1.00012226e+00  3.77000000e-02  7.99623024e-01  3.77000000e-02  1.00010826e+00  3.77000000e-02  7.99622697e-01  3.77000000e-02  1.00010126e+00  3.77000000e-02  7.99622533e-01  3.77000000e-02  1.00009775e+00  3.77000000e-02  7.99622451e-01  3.77000000e-02  1.00009600e+00 
 3.78000000e-02  2.30491097e+00  3.78000000e-02  1.91431677e+00  3.78000000e-02 -3.01101585e-03  3.78000000e-02 -4.06268134e-04  3.78000000e-02  7.99623679e-01  3.78000000e-02  1.00012189e+00  3.78000000e-02  7.99623024e-01  3.78000000e-02  1.00010808e+00  3.78000000e-02  7.99622697e-01  3.78000000e-02  1.00010116e+00  3.78000000e-02  7.99622533e-01  3.78000000e-02  1.00009770e+00  3.78000000e-02  7.99622451e-01  3.78000000e-02  1.00009597e+00 
 3.79000000e-02  2.30512735e+00  3.79000000e-02  1.91410072e+00  3.79000000e-02 -3.01101455e-03  3.79000000e-02 -4.06269328e-04  3.79000000e-02  7.99623680e-01  3.79000000e-02  1.00012152e+00  3.79000000e-02  7.99623025e-01  3.79000000e-02  1.00010789e+00  3.79000000e-02  7.99622697e-01  3.79000000e-02  1.00010107e+00  3.79000000e-02  7.99622534e-01  3.79000000e-02  1.00009766e+00  3.79000000e-02  7.99622452e-01  3.79000000e-02  1.00009595e+00 
 3.80000000e-02  2.30534369e+00  3.80000000e-02  1.91388472e+00  3.80000000e-02 -3.01101324e-03  3.80000000e-02 -4.06270521e-04  3.80000000e-02  7.99623681e-01  3.80000000e-02  1.00012115e+00  3.80000000e-02  7.99623026e-01  3.80000000e-02  1.00010771e+00  3.80000000e-02  7.99622698e-01  3.80000000e-02  1.00010098e+00  3.80000000e-02  7.99622534e-01  3.80000000e-02  1.00009761e+00  3.80000000e-02  7.99622452e-01  3.80000000e-02  1.00009593e+00 
 3.81000000e-02  2.30555997e+00  3.81000000e-02  1.91366877e+00  3.81000000e-02 -3.01101193e-03  3.81000000e-02 -4.06271712e-04  3.81000000e-02  7.99623682e-01  3.81000000e-02  1.00012078e+00  3.81000000e-02  7.99623026e-01  3.81000000e-02  1.00010752e+00  3.81000000e-02  7.99622698e-01  3.81000000e-02  1.00010088e+00  3.81000000e-02  7.99622534e-01  3.81000000e-02  1.00009756e+00  3.81000000e-02  7.99622452e-01  3.81000000e-02  1.00009590e+00 
 3.82000000e-02  2.30577620e+00  3.82000000e-02  1.91345288e+00  3.82000000e-02 -3.01101063e-03  3.82000000e-02 -4.06272903e-04  3.82000000e-02  7.99623683e-01  3.82000000e-02  1.00012041e+00  3.82000000e-02  7.99623027e-01  3.82000000e-02  1.00010734e+00  3.82000000e-02  7.99622698e-01  3.82000000e-02  1.00010079e+00  3.82000000e-02  7.99622534e-01  3.82000000e-02  1.00009752e+00  3.82000000e-02  7.99622452e-01  3.82000000e-02  1.00009588e+00 
 3.83000000e-02  2.30599238e+00  3.83000000e-02  1.91323703e+00  3.83000000e-02 -3.01100932e-03  3.83000000e-02 -4.06274092e-04  3.83000000e-02  7.99623684e-01  3.83000000e-02  1.00012004e+00  3.83000000e-02  7.99623027e-01  3.83000000e-02  1.00010715e+00  3.83000000e-02  7.99622698e-01  3.83000000e-02  1.00010070e+00  3.83000000e-02  7.99622534e-01  3.83000000e-02  1.00009747e+00  3.83000000e-02  7.99622452e-01  3.83000000e-02  1.00009586e+00 
 3.84000000e-02  2.30620851e+00  3.84000000e-02  1.91302124e+00  3.84000000e-02 -3.01100801e-03  3.84000000e-02 -4.06275279e-04  3.84000000e-02  7.99623685e-01  3.84000000e-02  1.00011967e+00  3.84000000e-02  7.99623028e-01  3.84000000e-02  1.00010697e+00  3.84000000e-02  7.99622699e-01  3.84000000e-02  1.00010061e+00  3.84000000e-02  7.99622534e-01  3.84000000e-02  1.00009743e+00  3.84000000e-02  7.99622452e-01  3.84000000e-02  1.00009583e+00 
 3.85000000e-02  2.30642459e+00  3.85000000e-02  1.91280550e+00  3.85000000e-02 -3.01100671e-03  3.85000000e-02 -4.06276466e-04  3.85000000e-02  7.99623686e-01  3.85000000e-02  1.00011930e+00  3.85000000e-02  7.99623028e-01  3.85000000e-02  1.00010678e+00  3.85000000e-02  7.99622699e-01  3.85000000e-02  1.00010051e+00  3.85000000e-02  7.99622534e-01  3.85000000e-02  1.00009738e+00  3.85000000e-02  7.99622452e-01  3.85000000e-02  1.00009581e+00 
 3.86000000e-02  2.30664061e+00  3.86000000e-02  1.91258981e+00  3.86000000e-02 -3.01100541e-03  3.86000000e-02 -4.06277651e-04  3.86000000e-02  7.99623687e-01  3.86000000e-02  1.00011893e+00  3.86000000e-02  7.99623029e-01  3.86000000e-02  1.00010660e+00  3.86000000e-02  7.99622699e-01  3.86000000e-02  1.00010042e+00  3.86000000e-02  7.99622535e-01  3.86000000e-02  1.00009733e+00  3.86000000e-02  7.99622452e-01  3.86000000e-02  1.00009579e+00 
 3.87000000e-02  2.30685658e+00  3.87000000e-02  1.91237417e+00  3.87000000e-02 -3.01100410e-03  3.87000000e-02 -4.06278834e-04  3.87000000e-02  7.99623688e-01  3.87000000e-02  1.00011856e+00  3.87000000e-02  7.99623029e-01  3.87000000e-02  1.00010641e+00  3.87000000e-02  7.99622700e-01  3.87000000e-02  1.00010033e+00  3.87000000e-02  7.99622535e-01  3.87000000e-02  1.00009729e+00  3.87000000e-02  7.99622452e-01  3.87000000e-02  1.00009576e+00 
 3.88000000e-02  2.30707250e+00  3.88000000e-02  1.91215858e+00  3.88000000e-02 -3.01100280e-03  3.88000000e-02 -4.06280016e-04  3.88000000e-02  7.99623690e-01  3.88000000e-02  1.00011819e+00  3.88000000e-02  7.99623030e-01  3.88000000e-02  1.00010623e+00  3.88000000e-02  7.99622700e-01  3.88000000e-02  1.00010024e+00  3.88000000e-02  7.99622535e-01  3.88000000e-02  1.00009724e+00  3.88000000e-02  7.99622452e-01  3.88000000e-02  1.00009574e+00 
 3.89000000e-02  2.30728837e+00  3.89000000e-02  1.91194305e+00  3.89000000e-02 -3.01100150e-03  3.89000000e-02 -4.06281197e-04  3.89000000e-02  7.99623691e-01  3.89000000e-02  1.00011782e+00  3.89000000e-02  7.99623030e-01  3.89000000e-02  1.00010604e+00  3.89000000e-02  7.99622700e-01  3.89000000e-02  1.00010015e+00  3.89000000e-02  7.99622535e-01  3.89000000e-02  1.00009719e+00  3.89000000e-02  7.99622452e-01  3.89000000e-02  1.00009572e+00 
 3.90000000e-02  2.30750418e+00  3.90000000e-02  1.91172757e+00  3.90000000e-02 -3.01100019e-03  3.90000000e-02 -4.06282377e-04  3.90000000e-02  7.99623692e-01  3.90000000e-02  1.00011746e+00  3.90000000e-02  7.99623031e-01  3.90000000e-02  1.00010586e+00  3.90000000e-02  7.99622700e-01  3.90000000e-02  1.00010005e+00  3.90000000e-02  7.99622535e-01  3.90000000e-02  1.00009715e+00  3.90000000e-02  7.99622452e-01  3.90000000e-02  1.00009570e+00 
 3.91000000e-02  2.30771994e+00  3.91000000e-02  1.91151214e+00  3.91000000e-02 -3.01099889e-03  3.91000000e-02 -4.06283555e-04  3.91000000e-02  7.99623693e-01  3.91000000e-02  1.00011709e+00  3.91000000e-02  7.99623032e-01  3.91000000e-02  1.00010568e+00  3.91000000e-02  7.99622701e-01  3.91000000e-02  1.00009996e+00  3.91000000e-02  7.99622535e-01  3.91000000e-02  1.00009710e+00  3.91000000e-02  7.99622452e-01  3.91000000e-02  1.00009567e+00 
 3.92000000e-02  2.30793565e+00  3.92000000e-02  1.91129677e+00  3.92000000e-02 -3.01099759e-03  3.92000000e-02 -4.06284732e-04  3.92000000e-02  7.99623694e-01  3.92000000e-02  1.00011673e+00  3.92000000e-02  7.99623032e-01  3.92000000e-02  1.00010549e+00  3.92000000e-02  7.99622701e-01  3.92000000e-02  1.00009987e+00  3.92000000e-02  7.99622535e-01  3.92000000e-02  1.00009706e+00  3.92000000e-02  7.99622453e-01  3.92000000e-02  1.00009565e+00 
 3.93000000e-02  2.30815131e+00  3.93000000e-02  1.91108144e+00  3.93000000e-02 -3.01099629e-03  3.93000000e-02 -4.06285908e-04  3.93000000e-02  7.99623695e-01  3.93000000e-02  1.00011636e+00  3.93000000e-02  7.99623033e-01  3.93000000e-02  1.00010531e+00  3.93000000e-02  7.99622701e-01  3.93000000e-02  1.00009978e+00  3.93000000e-02  7.99622535e-01  3.93000000e-02  1.00009701e+00  3.93000000e-02  7.99622453e-01  3.93000000e-02  1.00009563e+00 
 3.94000000e-02  2.30836691e+00  3.94000000e-02  1.91086617e+00  3.94000000e-02 -3.01099499e-03  3.94000000e-02 -4.06287082e-04  3.94000000e-02  7.99623696e-01  3.94000000e-02  1.00011599e+00  3.94000000e-02  7.99623033e-01  3.94000000e-02  1.00010513e+00  3.94000000e-02  7.99622702e-01  3.94000000e-02  1.00009969e+00  3.94000000e-02  7.99622536e-01  3.94000000e-02  1.00009697e+00  3.94000000e-02  7.99622453e-01  3.94000000e-02  1.00009560e+00 
 3.95000000e-02  2.30858246e+00  3.95000000e-02  1.91065096e+00  3.95000000e-02 -3.01099369e-03  3.95000000e-02 -4.06288255e-04  3.95000000e-02  7.99623697e-01  3.95000000e-02  1.00011563e+00  3.95000000e-02  7.99623034e-01  3.95000000e-02  1.00010494e+00  3.95000000e-02  7.99622702e-01  3.95000000e-02  1.00009960e+00  3.95000000e-02  7.99622536e-01  3.95000000e-02  1.00009692e+00  3.95000000e-02  7.99622453e-01  3.95000000e-02  1.00009558e+00 
 3.96000000e-02  2.30879796e+00  3.96000000e-02  1.91043579e+00  3.96000000e-02 -3.01099239e-03  3.96000000e-02 -4.06289427e-04  3.96000000e-02  7.99623698e-01  3.96000000e-02  1.00011526e+00  3.96000000e-02  7.99623034e-01  3.96000000e-02  1.00010476e+00  3.96000000e-02  7.99622702e-01  3.96000000e-02  1.00009950e+00  3.96000000e-02  7.99622536e-01  3.96000000e-02  1.00009687e+00  3.96000000e-02  7.99622453e-01  3.96000000e-02  1.00009556e+00 
 3.97000000e-02  2.30901340e+00  3.97000000e-02  1.91022068e+00  3.97000000e-02 -3.01099109e-03  3.97000000e-02 -4.06290597e-04  3.97000000e-02  7.99623699e-01  3.97000000e-02  1.00011490e+00  3.97000000e-02  7.99623035e-01  3.97000000e-02  1.00010458e+00  3.97000000e-02  7.99622702e-01  3.97000000e-02  1.00009941e+00  3.97000000e-02  7.99622536e-01  3.97000000e-02  1.00009683e+00  3.97000000e-02  7.99622453e-01  3.97000000e-02  1.00009554e+00 
 3.98000000e-02  2.30922879e+00  3.98000000e-02  1.91000563e+00  3.98000000e-02 -3.01098980e-03  3.98000000e-02 -4.06291767e-04  3.98000000e-02  7.99623701e-01  3.98000000e-02  1.00011454e+00  3.98000000e-02  7.99623035e-01  3.98000000e-02  1.00010440e+00  3.98000000e-02  7.99622703e-01  3.98000000e-02  1.00009932e+00  3.98000000e-02  7.99622536e-01  3.98000000e-02  1.00009678e+00  3.98000000e-02  7.99622453e-01  3.98000000e-02  1.00009551e+00 
 3.99000000e-02  2.30944412e+00  3.99000000e-02  1.90979063e+00  3.99000000e-02 -3.01098850e-03  3.99000000e-02 -4.06292934e-04  3.99000000e-02  7.99623702e-01  3.99000000e-02  1.00011417e+00  3.99000000e-02  7.99623036e-01  3.99000000e-02  1.00010422e+00  3.99000000e-02  7.99622703e-01  3.99000000e-02  1.00009923e+00  3.99000000e-02  7.99622536e-01  3.99000000e-02  1.00009674e+00  3.99000000e-02  7.99622453e-01  3.99000000e-02  1.00009549e+00 
 4.00000000e-02  2.30965940e+00  4.00000000e-02  1.90957568e+00  4.00000000e-02 -3.01098720e-03  4.00000000e-02 -4.06294101e-04  4.00000000e-02  7.99623703e-01  4.00000000e-02  1.00011381e+00  4.00000000e-02  7.99623037e-01  4.00000000e-02  1.00010403e+00  4.00000000e-02  7.99622703e-01  4.00000000e-02  1.00009914e+00  4.00000000e-02  7.99622536e-01  4.00000000e-02  1.00009669e+00  4.00000000e-02  7.99622453e-01  4.00000000e-02  1.00009547e+00 
 4.01000000e-02  2.30987463e+00  4.01000000e-02  1.90936078e+00  4.01000000e-02 -3.01098591e-03  4.01000000e-02 -4.06295266e-04  4.01000000e-02  7.99623704e-01  4.01000000e-02  1.00011345e+00  4.01000000e-02  7.99623037e-01  4.01000000e-02  1.00010385e+00  4.01000000e-02  7.99622703e-01  4.01000000e-02  1.00009905e+00  4.01000000e-02  7.99622537e-01  4.01000000e-02  1.00009665e+00  4.01000000e-02  7.99622453e-01  4.01000000e-02  1.00009544e+00 
 4.02000000e-02  2.31008980e+00  4.02000000e-02  1.90914594e+00  4.02000000e-02 -3.01098461e-03  4.02000000e-02 -4.06296430e-04  4.02000000e-02  7.99623705e-01  4.02000000e-02  1.00011309e+00  4.02000000e-02  7.99623038e-01  4.02000000e-02  1.00010367e+00  4.02000000e-02  7.99622704e-01  4.02000000e-02  1.00009896e+00  4.02000000e-02  7.99622537e-01  4.02000000e-02  1.00009660e+00  4.02000000e-02  7.99622453e-01  4.02000000e-02  1.00009542e+00 
 4.03000000e-02  2.31030492e+00  4.03000000e-02  1.90893116e+00  4.03000000e-02 -3.01098331e-03  4.03000000e-02 -4.06297592e-04  4.03000000e-02  7.99623706e-01  4.03000000e-02  1.00011272e+00  4.03000000e-02  7.99623038e-01  4.03000000e-02  1.00010349e+00  4.03000000e-02  7.99622704e-01  4.03000000e-02  1.00009887e+00  4.03000000e-02  7.99622537e-01  4.03000000e-02  1.00009656e+00  4.03000000e-02  7.99622453e-01  4.03000000e-02  1.00009540e+00 
 4.04000000e-02  2.31051998e+00  4.04000000e-02  1.90871643e+00  4.04000000e-02 -3.01098202e-03  4.04000000e-02 -4.06298753e-04  4.04000000e-02  7.99623707e-01  4.04000000e-02  1.00011236e+00  4.04000000e-02  7.99623039e-01  4.04000000e-02  1.00010331e+00  4.04000000e-02  7.99622704e-01  4.04000000e-02  1.00009878e+00  4.04000000e-02  7.99622537e-01  4.04000000e-02  1.00009651e+00  4.04000000e-02  7.99622453e-01  4.04000000e-02  1.00009538e+00 
 4.05000000e-02  2.31073498e+00  4.05000000e-02  1.90850175e+00  4.05000000e-02 -3.01098072e-03  4.05000000e-02 -4.06299913e-04  4.05000000e-02  7.99623708e-01  4.05000000e-02  1.00011200e+00  4.05000000e-02  7.99623039e-01  4.05000000e-02  1.00010313e+00  4.05000000e-02  7.99622705e-01  4.05000000e-02  1.00009869e+00  4.05000000e-02  7.99622537e-01  4.05000000e-02  1.00009647e+00  4.05000000e-02  7.99622453e-01  4.05000000e-02  1.00009535e+00 
 4.06000000e-02  2.31094994e+00  4.06000000e-02  1.90828713e+00  4.06000000e-02 -3.01097943e-03  4.06000000e-02 -4.06301071e-04  4.06000000e-02  7.99623709e-01  4.06000000e-02  1.00011164e+00  4.06000000e-02  7.99623040e-01  4.06000000e-02  1.00010295e+00  4.06000000e-02  7.99622705e-01  4.06000000e-02  1.00009860e+00  4.06000000e-02  7.99622537e-01  4.06000000e-02  1.00009642e+00  4.06000000e-02  7.99622454e-01  4.06000000e-02  1.00009533e+00 
 4.07000000e-02  2.31116483e+00  4.07000000e-02  1.90807256e+00  4.07000000e-02 -3.01097814e-03  4.07000000e-02 -4.06302229e-04  4.07000000e-02  7.99623710e-01  4.07000000e-02  1.00011128e+00  4.07000000e-02  7.99623040e-01  4.07000000e-02  1.00010277e+00  4.07000000e-02  7.99622705e-01  4.07000000e-02  1.00009851e+00  4.07000000e-02  7.99622537e-01  4.07000000e-02  1.00009638e+00  4.07000000e-02  7.99622454e-01  4.07000000e-02  1.00009531e+00 
 4.08000000e-02  2.31137968e+00  4.08000000e-02  1.90785805e+00  4.08000000e-02 -3.01097684e-03  4.08000000e-02 -4.06303385e-04  4.08000000e-02  7.99623712e-01  4.08000000e-02  1.00011092e+00  4.08000000e-02  7.99623041e-01  4.08000000e-02  1.00010259e+00  4.08000000e-02  7.99622705e-01  4.08000000e-02  1.00009842e+00  4.08000000e-02  7.99622538e-01  4.08000000e-02  1.00009633e+00  4.08000000e-02  7.99622454e-01  4.08000000e-02  1.00009529e+00 
 4.09000000e-02  2.31159446e+00  4.09000000e-02  1.90764360e+00  4.09000000e-02 -3.01097555e-03  4.09000000e-02 -4.06304539e-04  4.09000000e-02  7.99623713e-01  4.09000000e-02  1.00011056e+00  4.09000000e-02  7.99623041e-01  4.09000000e-02  1.00010241e+00  4.09000000e-02  7.99622706e-01  4.09000000e-02  1.00009833e+00  4.09000000e-02  7.99622538e-01  4.09000000e-02  1.00009629e+00  4.09000000e-02  7.99622454e-01  4.09000000e-02  1.00009526e+00 
 4.10000000e-02  2.31180919e+00  4.10000000e-02  1.90742920e+00  4.10000000e-02 -3.01097426e-03  4.10000000e-02 -4.06305692e-04  4.10000000e-02  7.99623714e-01  4.10000000e-02  1.00011020e+00  4.10000000e-02  7.99623042e-01  4.10000000e-02  1.00010223e+00  4.10000000e-02  7.99622706e-01  4.10000000e-02  1.00009824e+00  4.10000000e-02  7.99622538e-01  4.10000000e-02  1.00009624e+00  4.10000000e-02  7.99622454e-01  4.10000000e-02  1.00009524e+00 
 4.11000000e-02  2.31202387e+00  4.11000000e-02  1.90721485e+00  4.11000000e-02 -3.01097296e-03  4.11000000e-02 -4.06306844e-04  4.11000000e-02  7.99623715e-01  4.11000000e-02  1.00010985e+00  4.11000000e-02  7.99623043e-01  4.11000000e-02  1.00010205e+00  4.11000000e-02  7.99622706e-01  4.11000000e-02  1.00009815e+00  4.11000000e-02  7.99622538e-01  4.11000000e-02  1.00009620e+00  4.11000000e-02  7.99622454e-01  4.11000000e-02  1.00009522e+00 
 4.12000000e-02  2.31223849e+00  4.12000000e-02  1.90700056e+00  4.12000000e-02 -3.01097167e-03  4.12000000e-02 -4.06307995e-04  4.12000000e-02  7.99623716e-01  4.12000000e-02  1.00010949e+00  4.12000000e-02  7.99623043e-01  4.12000000e-02  1.00010187e+00  4.12000000e-02  7.99622707e-01  4.12000000e-02  1.00009806e+00  4.12000000e-02  7.99622538e-01  4.12000000e-02  1.00009615e+00  4.12000000e-02  7.99622454e-01  4.12000000e-02  1.00009520e+00 
 4.13000000e-02  2.31245305e+00  4.13000000e-02  1.90678633e+00  4.13000000e-02 -3.01097038e-03  4.13000000e-02 -4.06309144e-04  4.13000000e-02  7.99623717e-01  4.13000000e-02  1.00010913e+00  4.13000000e-02  7.99623044e-01  4.13000000e-02  1.00010169e+00  4.13000000e-02  7.99622707e-01  4.13000000e-02  1.00009797e+00  4.13000000e-02  7.99622538e-01  4.13000000e-02  1.00009611e+00  4.13000000e-02  7.99622454e-01  4.13000000e-02  1.00009517e+00 
 4.14000000e-02  2.31266756e+00  4.14000000e-02  1.90657215e+00  4.14000000e-02 -3.01096909e-03  4.14000000e-02 -4.06310292e-04  4.14000000e-02  7.99623718e-01  4.14000000e-02  1.00010877e+00  4.14000000e-02  7.99623044e-01  4.14000000e-02  1.00010151e+00  4.14000000e-02  7.99622707e-01  4.14000000e-02  1.00009788e+00  4.14000000e-02  7.99622538e-01  4.14000000e-02  1.00009606e+00  4.14000000e-02  7.99622454e-01  4.14000000e-02  1.00009515e+00 
 4.15000000e-02  2.31288201e+00  4.15000000e-02  1.90635803e+00  4.15000000e-02 -3.01096780e-03  4.15000000e-02 -4.06311439e-04  4.15000000e-02  7.99623719e-01  4.15000000e-02  1.00010842e+00  4.15000000e-02  7.99623045e-01  4.15000000e-02  1.00010134e+00  4.15000000e-02  7.99622707e-01  4.15000000e-02  1.00009779e+00  4.15000000e-02  7.99622539e-01  4.15000000e-02  1.00009602e+00  4.15000000e-02  7.99622454e-01  4.15000000e-02  1.00009513e+00 
 4.16000000e-02  2.31309640e+00  4.16000000e-02  1.90614397e+00  4.16000000e-02 -3.01096651e-03  4.16000000e-02 -4.06312584e-04  4.16000000e-02  7.99623720e-01  4.16000000e-02  1.00010806e+00  4.16000000e-02  7.99623045e-01  4.16000000e-02  1.00010116e+00  4.16000000e-02  7.99622708e-01  4.16000000e-02  1.00009770e+00  4.16000000e-02  7.99622539e-01  4.16000000e-02  1.00009597e+00  4.16000000e-02  7.99622454e-01  4.16000000e-02  1.00009511e+00 
 4.17000000e-02  2.31331074e+00  4.17000000e-02  1.90592996e+00  4.17000000e-02 -3.01096522e-03  4.17000000e-02 -4.06313728e-04  4.17000000e-02  7.99623722e-01  4.17000000e-02  1.00010770e+00  4.17000000e-02  7.99623046e-01  4.17000000e-02  1.00010098e+00  4.17000000e-02  7.99622708e-01  4.17000000e-02  1.00009761e+00  4.17000000e-02  7.99622539e-01  4.17000000e-02  1.00009593e+00  4.17000000e-02  7.99622454e-01  4.17000000e-02  1.00009508e+00 
 4.18000000e-02  2.31352502e+00  4.18000000e-02  1.90571601e+00  4.18000000e-02 -3.01096393e-03  4.18000000e-02 -4.06314871e-04  4.18000000e-02  7.99623723e-01  4.18000000e-02  1.00010735e+00  4.18000000e-02  7.99623046e-01  4.18000000e-02  1.00010080e+00  4.18000000e-02  7.99622708e-01  4.18000000e-02  1.00009752e+00  4.18000000e-02  7.99622539e-01  4.18000000e-02  1.00009588e+00  4.18000000e-02  7.99622454e-01  4.18000000e-02  1.00009506e+00 
 4.19000000e-02  2.31373924e+00  4.19000000e-02  1.90550211e+00  4.19000000e-02 -3.01096264e-03  4.19000000e-02 -4.06316012e-04  4.19000000e-02  7.99623724e-01  4.19000000e-02  1.00010699e+00  4.19000000e-02  7.99623047e-01  4.19000000e-02  1.00010062e+00  4.19000000e-02  7.99622708e-01  4.19000000e-02  1.00009743e+00  4.19000000e-02  7.99622539e-01  4.19000000e-02  1.00009584e+00  4.19000000e-02  7.99622455e-01  4.19000000e-02  1.00009504e+00 
 4.20000000e-02  2.31395341e+00  4.20000000e-02  1.90528827e+00  4.20000000e-02 -3.01096135e-03  4.20000000e-02 -4.06317153e-04  4.20000000e-02  7.99623725e-01  4.20000000e-02  1.00010664e+00  4.20000000e-02  7.99623048e-01  4.20000000e-02  1.00010045e+00  4.20000000e-02  7.99622709e-01  4.20000000e-02  1.00009735e+00  4.20000000e-02  7.99622539e-01  4.20000000e-02  1.00009579e+00  4.20000000e-02  7.99622455e-01  4.20000000e-02  1.00009502e+00 
 4.21000000e-02  2.31416752e+00  4.21000000e-02  1.90507449e+00  4.21000000e-02 -3.01096007e-03  4.21000000e-02 -4.06318291e-04  4.21000000e-02  7.99623726e-01  4.21000000e-02  1.00010628e+00  4.21000000e-02  7.99623048e-01  4.21000000e-02  1.00010027e+00  4.21000000e-02  7.99622709e-01  4.21000000e-02  1.00009726e+00  4.21000000e-02  7.99622539e-01  4.21000000e-02  1.00009575e+00  4.21000000e-02  7.99622455e-01  4.21000000e-02  1.00009500e+00 
 4.22000000e-02  2.31438157e+00  4.22000000e-02  1.90486077e+00  4.22000000e-02 -3.01095878e-03  4.22000000e-02 -4.06319429e-04  4.22000000e-02  7.99623727e-01  4.22000000e-02  1.00010593e+00  4.22000000e-02  7.99623049e-01  4.22000000e-02  1.00010009e+00  4.22000000e-02  7.99622709e-01  4.22000000e-02  1.00009717e+00  4.22000000e-02  7.99622540e-01  4.22000000e-02  1.00009571e+00  4.22000000e-02  7.99622455e-01  4.22000000e-02  1.00009497e+00 
 4.23000000e-02  2.31459557e+00  4.23000000e-02  1.90464710e+00  4.23000000e-02 -3.01095749e-03  4.23000000e-02 -4.06320565e-04  4.23000000e-02  7.99623728e-01  4.23000000e-02  1.00010558e+00  4.23000000e-02  7.99623049e-01  4.23000000e-02  1.00009991e+00  4.23000000e-02  7.99622710e-01  4.23000000e-02  1.00009708e+00  4.23000000e-02  7.99622540e-01  4.23000000e-02  1.00009566e+00  4.23000000e-02  7.99622455e-01  4.23000000e-02  1.00009495e+00 
 4.24000000e-02  2.31480950e+00  4.24000000e-02  1.90443349e+00  4.24000000e-02 -3.01095620e-03  4.24000000e-02 -4.06321700e-04  4.24000000e-02  7.99623729e-01  4.24000000e-02  1.00010522e+00  4.24000000e-02  7.99623050e-01  4.24000000e-02  1.00009974e+00  4.24000000e-02  7.99622710e-01  4.24000000e-02  1.00009699e+00  4.24000000e-02  7.99622540e-01  4.24000000e-02  1.00009562e+00  4.24000000e-02  7.99622455e-01  4.24000000e-02  1.00009493e+00 
 4.25000000e-02  2.31502338e+00  4.25000000e-02  1.90421994e+00  4.25000000e-02 -3.01095492e-03  4.25000000e-02 -4.06322834e-04  4.25000000e-02  7.99623730e-01  4.25000000e-02  1.00010487e+00  4.25000000e-02  7.99623050e-01  4.25000000e-02  1.00009956e+00  4.25000000e-02  7.99622710e-01  4.25000000e-02  1.00009690e+00  4.25000000e-02  7.99622540e-01  4.25000000e-02  1.00009557e+00  4.25000000e-02  7.99622455e-01  4.25000000e-02  1.00009491e+00 
 4.26000000e-02  2.31523720e+00  4.26000000e-02  1.90400645e+00  4.26000000e-02 -3.01095363e-03  4.26000000e-02 -4.06323966e-04  4.26000000e-02  7.99623731e-01  4.26000000e-02  1.00010452e+00  4.26000000e-02  7.99623051e-01  4.26000000e-02  1.00009938e+00  4.26000000e-02  7.99622710e-01  4.26000000e-02  1.00009681e+00  4.26000000e-02  7.99622540e-01  4.26000000e-02  1.00009553e+00  4.26000000e-02  7.99622455e-01  4.26000000e-02  1.00009489e+00 
 4.27000000e-02  2.31545097e+00  4.27000000e-02  1.90379302e+00  4.27000000e-02 -3.01095235e-03  4.27000000e-02 -4.06325097e-04  4.27000000e-02  7.99623733e-01  4.27000000e-02  1.00010417e+00  4.27000000e-02  7.99623051e-01  4.27000000e-02  1.00009921e+00  4.27000000e-02  7.99622711e-01  4.27000000e-02  1.00009673e+00  4.27000000e-02  7.99622540e-01  4.27000000e-02  1.00009548e+00  4.27000000e-02  7.99622455e-01  4.27000000e-02  1.00009486e+00 
 4.28000000e-02  2.31566467e+00  4.28000000e-02  1.90357964e+00  4.28000000e-02 -3.01095106e-03  4.28000000e-02 -4.06326227e-04  4.28000000e-02  7.99623734e-01  4.28000000e-02  1.00010381e+00  4.28000000e-02  7.99623052e-01  4.28000000e-02  1.00009903e+00  4.28000000e-02  7.99622711e-01  4.28000000e-02  1.00009664e+00  4.28000000e-02  7.99622540e-01  4.28000000e-02  1.00009544e+00  4.28000000e-02  7.99622455e-01  4.28000000e-02  1.00009484e+00 
 4.29000000e-02  2.31587832e+00  4.29000000e-02  1.90336632e+00  4.29000000e-02 -3.01094978e-03  4.29000000e-02 -4.06327355e-04  4.29000000e-02  7.99623735e-01  4.29000000e-02  1.00010346e+00  4.29000000e-02  7.99623053e-01  4.29000000e-02  1.00009886e+00  4.29000000e-02  7.99622711e-01  4.29000000e-02  1.00009655e+00  4.29000000e-02  7.99622541e-01  4.29000000e-02  1.00009540e+00  4.29000000e-02  7.99622455e-01  4.29000000e-02  1.00009482e+00 
 4.30000000e-02  2.31609190e+00  4.30000000e-02  1.90315306e+00  4.30000000e-02 -3.01094849e-03  4.30000000e-02 -4.06328482e-04  4.30000000e-02  7.99623736e-01  4.30000000e-02  1.00010311e+00  4.30000000e-02  7.99623053e-01  4.30000000e-02  1.00009868e+00  4.30000000e-02  7.99622712e-01  4.30000000e-02  1.00009646e+00  4.30000000e-02  7.99622541e-01  4.30000000e-02  1.00009535e+00  4.30000000e-02  7.99622455e-01  4.30000000e-02  1.00009480e+00 
 4.31000000e-02  2.31630543e+00  4.31000000e-02  1.90293986e+00  4.31000000e-02 -3.01094721e-03  4.31000000e-02 -4.06329608e-04  4.31000000e-02  7.99623737e-01  4.31000000e-02  1.00010276e+00  4.31000000e-02  7.99623054e-01  4.31000000e-02  1.00009851e+00  4.31000000e-02  7.99622712e-01  4.31000000e-02  1.00009638e+00  4.31000000e-02  7.99622541e-01  4.31000000e-02  1.00009531e+00  4.31000000e-02  7.99622455e-01  4.31000000e-02  1.00009478e+00 
 4.32000000e-02  2.31651890e+00  4.32000000e-02  1.90272672e+00  4.32000000e-02 -3.01094592e-03  4.32000000e-02 -4.06330732e-04  4.32000000e-02  7.99623738e-01  4.32000000e-02  1.00010241e+00  4.32000000e-02  7.99623054e-01  4.32000000e-02  1.00009833e+00  4.32000000e-02  7.99622712e-01  4.32000000e-02  1.00009629e+00  4.32000000e-02  7.99622541e-01  4.32000000e-02  1.00009527e+00  4.32000000e-02  7.99622456e-01  4.32000000e-02  1.00009475e+00 
 4.33000000e-02  2.31673231e+00  4.33000000e-02  1.90251363e+00  4.33000000e-02 -3.01094464e-03  4.33000000e-02 -4.06331855e-04  4.33000000e-02  7.99623739e-01  4.33000000e-02  1.00010206e+00  4.33000000e-02  7.99623055e-01  4.33000000e-02  1.00009816e+00  4.33000000e-02  7.99622712e-01  4.33000000e-02  1.00009620e+00  4.33000000e-02  7.99622541e-01  4.33000000e-02  1.00009522e+00  4.33000000e-02  7.99622456e-01  4.33000000e-02  1.00009473e+00 
 4.34000000e-02  2.31694567e+00  4.34000000e-02  1.90230061e+00  4.34000000e-02 -3.01094335e-03  4.34000000e-02 -4.06332977e-04  4.34000000e-02  7.99623740e-01  4.34000000e-02  1.00010171e+00  4.34000000e-02  7.99623055e-01  4.34000000e-02  1.00009798e+00  4.34000000e-02  7.99622713e-01  4.34000000e-02  1.00009611e+00  4.34000000e-02  7.99622541e-01  4.34000000e-02  1.00009518e+00  4.34000000e-02  7.99622456e-01  4.34000000e-02  1.00009471e+00 
 4.35000000e-02  2.31715896e+00  4.35000000e-02  1.90208764e+00  4.35000000e-02 -3.01094207e-03  4.35000000e-02 -4.06334098e-04  4.35000000e-02  7.99623741e-01  4.35000000e-02  1.00010137e+00  4.35000000e-02  7.99623056e-01  4.35000000e-02  1.00009781e+00  4.35000000e-02  7.99622713e-01  4.35000000e-02  1.00009603e+00  4.35000000e-02  7.99622541e-01  4.35000000e-02  1.00009513e+00  4.35000000e-02  7.99622456e-01  4.35000000e-02  1.00009469e+00 
 4.36000000e-02  2.31737219e+00  4.36000000e-02  1.90187474e+00  4.36000000e-02 -3.01094079e-03  4.36000000e-02 -4.06335217e-04  4.36000000e-02  7.99623743e-01  4.36000000e-02  1.00010102e+00  4.36000000e-02  7.99623056e-01  4.36000000e-02  1.00009763e+00  4.36000000e-02  7.99622713e-01  4.36000000e-02  1.00009594e+00  4.36000000e-02  7.99622542e-01  4.36000000e-02  1.00009509e+00  4.36000000e-02  7.99622456e-01  4.36000000e-02  1.00009467e+00 
 4.37000000e-02  2.31758536e+00  4.37000000e-02  1.90166189e+00  4.37000000e-02 -3.01093951e-03  4.37000000e-02 -4.06336335e-04  4.37000000e-02  7.99623744e-01  4.37000000e-02  1.00010067e+00  4.37000000e-02  7.99623057e-01  4.37000000e-02  1.00009746e+00  4.37000000e-02  7.99622714e-01  4.37000000e-02  1.00009585e+00  4.37000000e-02  7.99622542e-01  4.37000000e-02  1.00009505e+00  4.37000000e-02  7.99622456e-01  4.37000000e-02  1.00009464e+00 
 4.38000000e-02  2.31779848e+00  4.38000000e-02  1.90144910e+00  4.38000000e-02 -3.01093822e-03  4.38000000e-02 -4.06337452e-04  4.38000000e-02  7.99623745e-01  4.38000000e-02  1.00010032e+00  4.38000000e-02  7.99623058e-01  4.38000000e-02  1.00009728e+00  4.38000000e-02  7.99622714e-01  4.38000000e-02  1.00009576e+00  4.38000000e-02  7.99622542e-01  4.38000000e-02  1.00009500e+00  4.38000000e-02  7.99622456e-01  4.38000000e-02  1.00009462e+00 
 4.39000000e-02  2.31801153e+00  4.39000000e-02  1.90123638e+00  4.39000000e-02 -3.01093694e-03  4.39000000e-02 -4.06338567e-04  4.39000000e-02  7.99623746e-01  4.39000000e-02  1.00009997e+00  4.39000000e-02  7.99623058e-01  4.39000000e-02  1.00009711e+00  4.39000000e-02  7.99622714e-01  4.39000000e-02  1.00009568e+00  4.39000000e-02  7.99622542e-01  4.39000000e-02  1.00009496e+00  4.39000000e-02  7.99622456e-01  4.39000000e-02  1.00009460e+00 
 4.40000000e-02  2.31822452e+00  4.40000000e-02  1.90102371e+00  4.40000000e-02 -3.01093566e-03  4.40000000e-02 -4.06339681e-04  4.40000000e-02  7.99623747e-01  4.40000000e-02  1.00009963e+00  4.40000000e-02  7.99623059e-01  4.40000000e-02  1.00009694e+00  4.40000000e-02  7.99622714e-01  4.40000000e-02  1.00009559e+00  4.40000000e-02  7.99622542e-01  4.40000000e-02  1.00009492e+00  4.40000000e-02  7.99622456e-01  4.40000000e-02  1.00009458e+00 
 4.41000000e-02  2.31843746e+00  4.41000000e-02  1.90081110e+00  4.41000000e-02 -3.01093438e-03  4.41000000e-02 -4.06340794e-04  4.41000000e-02  7.99623748e-01  4.41000000e-02  1.00009928e+00  4.41000000e-02  7.99623059e-01  4.41000000e-02  1.00009676e+00  4.41000000e-02  7.99622715e-01  4.41000000e-02  1.00009550e+00  4.41000000e-02  7.99622542e-01  4.41000000e-02  1.00009487e+00  4.41000000e-02  7.99622456e-01  4.41000000e-02  1.00009456e+00 
 4.42000000e-02  2.31865033e+00  4.42000000e-02  1.90059856e+00  4.42000000e-02 -3.01093310e-03  4.42000000e-02 -4.06341906e-04  4.42000000e-02  7.99623749e-01  4.42000000e-02  1.00009894e+00  4.42000000e-02  7.99623060e-01  4.42000000e-02  1.00009659e+00  4.42000000e-02  7.99622715e-01  4.42000000e-02  1.00009542e+00  4.42000000e-02  7.99622542e-01  4.42000000e-02  1.00009483e+00  4.42000000e-02  7.99622456e-01  4.42000000e-02  1.00009454e+00 
 4.43000000e-02  2.31886314e+00  4.43000000e-02  1.90038607e+00  4.43000000e-02 -3.01093182e-03  4.43000000e-02 -4.06343016e-04  4.43000000e-02  7.99623750e-01  4.43000000e-02  1.00009859e+00  4.43000000e-02  7.99623060e-01  4.43000000e-02  1.00009642e+00  4.43000000e-02  7.99622715e-01  4.43000000e-02  1.00009533e+00  4.43000000e-02  7.99622543e-01  4.43000000e-02  1.00009479e+00  4.43000000e-02  7.99622456e-01  4.43000000e-02  1.00009451e+00 
 4.44000000e-02  2.31907589e+00  4.44000000e-02  1.90017365e+00  4.44000000e-02 -3.01093054e-03  4.44000000e-02 -4.06344125e-04  4.44000000e-02  7.99623751e-01  4.44000000e-02  1.00009825e+00  4.44000000e-02  7.99623061e-01  4.44000000e-02  1.00009625e+00  4.44000000e-02  7.99622715e-01  4.44000000e-02  1.00009524e+00  4.44000000e-02  7.99622543e-01  4.44000000e-02  1.00009474e+00  4.44000000e-02  7.99622456e-01  4.44000000e-02  1.00009449e+00 
 4.45000000e-02  2.31928858e+00  4.45000000e-02  1.89996128e+00  4.45000000e-02 -3.01092926e-03  4.45000000e-02 -4.06345232e-04  4.45000000e-02  7.99623753e-01  4.45000000e-02  1.00009790e+00  4.45000000e-02  7.99623061e-01  4.45000000e-02  1.00009607e+00  4.45000000e-02  7.99622716e-01  4.45000000e-02  1.00009516e+00  4.45000000e-02  7.99622543e-01  4.45000000e-02  1.00009470e+00  4.45000000e-02  7.99622456e-01  4.45000000e-02  1.00009447e+00 
 4.46000000e-02  2.31950121e+00  4.46000000e-02  1.89974898e+00  4.46000000e-02 -3.01092798e-03  4.46000000e-02 -4.06346339e-04  4.46000000e-02  7.99623754e-01  4.46000000e-02  1.00009756e+00  4.46000000e-02  7.99623062e-01  4.46000000e-02  1.00009590e+00  4.46000000e-02  7.99622716e-01  4.46000000e-02  1.00009507e+00  4.46000000e-02  7.99622543e-01  4.46000000e-02  1.00009466e+00  4.46000000e-02  7.99622457e-01  4.46000000e-02  1.00009445e+00 
 4.47000000e-02  2.31971378e+00  4.47000000e-02  1.89953673e+00  4.47000000e-02 -3.01092670e-03  4.47000000e-02 -4.06347444e-04  4.47000000e-02  7.99623755e-01  4.47000000e-02  1.00009721e+00  4.47000000e-02  7.99623063e-01  4.47000000e-02  1.00009573e+00  4.47000000e-02  7.99622716e-01  4.47000000e-02  1.00009499e+00  4.47000000e-02  7.99622543e-01  4.47000000e-02  1.00009461e+00  4.47000000e-02  7.99622457e-01  4.47000000e-02  1.00009443e+00 
 4.48000000e-02  2.31992629e+00  4.48000000e-02  1.89932455e+00  4.48000000e-02 -3.01092542e-03  4.48000000e-02 -4.06348547e-04  4.48000000e-02  7.99623756e-01  4.48000000e-02  1.00009687e+00  4.48000000e-02  7.99623063e-01  4.48000000e-02  1.00009556e+00  4.48000000e-02  7.99622717e-01  4.48000000e-02  1.00009490e+00  4.48000000e-02  7.99622543e-01  4.48000000e-02  1.00009457e+00  4.48000000e-02  7.99622457e-01  4.48000000e-02  1.00009441e+00 
 4.49000000e-02  2.32013873e+00  4.49000000e-02  1.89911243e+00  4.49000000e-02 -3.01092414e-03  4.49000000e-02 -4.06349650e-04  4.49000000e-02  7.99623757e-01  4.49000000e-02  1.00009653e+00  4.49000000e-02  7.99623064e-01  4.49000000e-02  1.00009539e+00  4.49000000e-02  7.99622717e-01  4.49000000e-02  1.00009481e+00  4.49000000e-02  7.99622543e-01  4.49000000e-02  1.00009453e+00  4.49000000e-02  7.99622457e-01  4.49000000e-02  1.00009438e+00 
 4.50000000e-02  2.32035112e+00  4.50000000e-02  1.89890038e+00  4.50000000e-02 -3.01092286e-03  4.50000000e-02 -4.06350751e-04  4.50000000e-02  7.99623758e-01  4.50000000e-02  1.00009618e+00  4.50000000e-02  7.99623064e-01  4.50000000e-02  1.00009521e+00  4.50000000e-02  7.99622717e-01  4.50000000e-02  1.00009473e+00  4.50000000e-02  7.99622544e-01  4.50000000e-02  1.00009449e+00  4.50000000e-02  7.99622457e-01  4.50000000e-02  1.00009436e+00 
 4.51000000e-02  2.32056344e+00  4.51000000e-02  1.89868838e+00  4.51000000e-02 -3.01092158e-03  4.51000000e-02 -4.06351851e-04  4.51000000e-02  7.99623759e-01  4.51000000e-02  1.00009584e+00  4.51000000e-02  7.99623065e-01  4.51000000e-02  1.00009504e+00  4.51000000e-02  7.99622717e-01  4.51000000e-02  1.00009464e+00  4.51000000e-02  7.99622544e-01  4.51000000e-02  1.00009444e+00  4.51000000e-02  7.99622457e-01  4.51000000e-02  1.00009434e+00 
 4.52000000e-02  2.32077570e+00  4.52000000e-02  1.89847644e+00  4.52000000e-02 -3.01092030e-03  4.52000000e-02 -4.06352949e-04  4.52000000e-02  7.99623760e-01  4.52000000e-02  1.00009550e+00  4.52000000e-02  7.99623065e-01  4.52000000e-02  1.00009487e+00  4.52000000e-02  7.99622718e-01  4.52000000e-02  1.00009456e+00  4.52000000e-02  7.99622544e-01  4.52000000e-02  1.00009440e+00  4.52000000e-02  7.99622457e-01  4.52000000e-02  1.00009432e+00 
 4.53000000e-02  2.32098790e+00  4.53000000e-02  1.89826457e+00  4.53000000e-02 -3.01091902e-03  4.53000000e-02 -4.06354047e-04  4.53000000e-02  7.99623761e-01  4.53000000e-02  1.00009516e+00  4.53000000e-02  7.99623066e-01  4.53000000e-02  1.00009470e+00  4.53000000e-02  7.99622718e-01  4.53000000e-02  1.00009447e+00  4.53000000e-02  7.99622544e-01  4.53000000e-02  1.00009436e+00  4.53000000e-02  7.99622457e-01  4.53000000e-02  1.00009430e+00 
 4.54000000e-02  2.32120003e+00  4.54000000e-02  1.89805276e+00  4.54000000e-02 -3.01091774e-03  4.54000000e-02 -4.06355143e-04  4.54000000e-02  7.99623763e-01  4.54000000e-02  1.00009482e+00  4.54000000e-02  7.99623066e-01  4.54000000e-02  1.00009453e+00  4.54000000e-02  7.99622718e-01  4.54000000e-02  1.00009439e+00  4.54000000e-02  7.99622544e-01  4.54000000e-02  1.00009431e+00  4.54000000e-02  7.99622457e-01  4.54000000e-02  1.00009428e+00 
 4.55000000e-02  2.32141210e+00  4.55000000e-02  1.89784101e+00  4.55000000e-02 -3.01091647e-03  4.55000000e-02 -4.06356237e-04  4.55000000e-02  7.99623764e-01  4.55000000e-02  1.00009448e+00  4.55000000e-02  7.99623067e-01  4.55000000e-02  1.00009436e+00  4.55000000e-02  7.99622719e-01  4.55000000e-02  1.00009430e+00  4.55000000e-02  7.99622544e-01  4.55000000e-02  1.00009427e+00  4.55000000e-02  7.99622457e-01  4.55000000e-02  1.00009426e+00 
 4.56000000e-02  2.32162412e+00  4.56000000e-02  1.89762933e+00  4.56000000e-02 -3.01091519e-03  4.56000000e-02 -4.06357331e-04  4.56000000e-02  7.99623765e-01  4.56000000e-02  1.00009414e+00  4.56000000e-02  7.99623068e-01  4.56000000e-02  1.00009419e+00  4.56000000e-02  7.99622719e-01  4.56000000e-02  1.00009422e+00  4.56000000e-02  7.99622544e-01  4.56000000e-02  1.00009423e+00  4.56000000e-02  7.99622457e-01  4.56000000e-02  1.00009424e+00 
 4.57000000e-02  2.32183606e+00  4.57000000e-02  1.89741770e+00  4.57000000e-02 -3.01091391e-03  4.57000000e-02 -4.06358423e-04  4.57000000e-02  7.99623766e-01  4.57000000e-02  1.00009380e+00  4.57000000e-02  7.99623068e-01  4.57000000e-02  1.00009402e+00  4.57000000e-02  7.99622719e-01  4.57000000e-02  1.00009413e+00  4.57000000e-02  7.99622545e-01  4.57000000e-02  1.00009419e+00  4.57000000e-02  7.99622457e-01  4.57000000e-02  1.00009421e+00 
 4.58000000e-02  2.32204795e+00  4.58000000e-02  1.89720614e+00  4.58000000e-02 -3.01091263e-03  4.58000000e-02 -4.06359514e-04  4.58000000e-02  7.99623767e-01  4.58000000e-02  1.00009346e+00  4.58000000e-02  7.99623069e-01  4.58000000e-02  1.00009385e+00  4.58000000e-02  7.99622719e-01  4.58000000e-02  1.00009405e+00  4.58000000e-02  7.99622545e-01  4.58000000e-02  1.00009414e+00  4.58000000e-02  7.99622457e-01  4.58000000e-02  1.00009419e+00 
 4.59000000e-02  2.32225977e+00  4.59000000e-02  1.89699464e+00  4.59000000e-02 -3.01091136e-03  4.59000000e-02 -4.06360603e-04  4.59000000e-02  7.99623768e-01  4.59000000e-02  1.00009312e+00  4.59000000e-02  7.99623069e-01  4.59000000e-02  1.00009368e+00  4.59000000e-02  7.99622720e-01  4.59000000e-02  1.00009396e+00  4.59000000e-02  7.99622545e-01  4.59000000e-02  1.00009410e+00  4.59000000e-02  7.99622458e-01  4.59000000e-02  1.00009417e+00 
 4.60000000e-02  2.32247153e+00  4.60000000e-02  1.89678321e+00  4.60000000e-02 -3.01091008e-03  4.60000000e-02 -4.06361691e-04  4.60000000e-02  7.99623769e-01  4.60000000e-02  1.00009278e+00  4.60000000e-02  7.99623070e-01  4.60000000e-02  1.00009351e+00  4.60000000e-02  7.99622720e-01  4.60000000e-02  1.00009388e+00  4.60000000e-02  7.99622545e-01  4.60000000e-02  1.00009406e+00  4.60000000e-02  7.99622458e-01  4.60000000e-02  1.00009415e+00 
 4.61000000e-02  2.32268322e+00  4.61000000e-02  1.89657184e+00  4.61000000e-02 -3.01090880e-03  4.61000000e-02 -4.06362778e-04  4.61000000e-02  7.99623770e-01  4.61000000e-02  1.00009244e+00  4.61000000e-02  7.99623070e-01  4.61000000e-02  1.00009334e+00  4.61000000e-02  7.99622720e-01  4.61000000e-02  1.00009379e+00  4.61000000e-02  7.99622545e-01  4.61000000e-02  1.00009402e+00  4.61000000e-02  7.99622458e-01  4.61000000e-02  1.00009413e+00 
 4.62000000e-02  2.32289486e+00  4.62000000e-02  1.89636053e+00  4.62000000e-02 -3.01090753e-03  4.62000000e-02 -4.06363864e-04  4.62000000e-02  7.99623772e-01  4.62000000e-02  1.00009210e+00  4.62000000e-02  7.99623071e-01  4.62000000e-02  1.00009317e+00  4.62000000e-02  7.99622721e-01  4.62000000e-02  1.00009371e+00  4.62000000e-02  7.99622545e-01  4.62000000e-02  1.00009397e+00  4.62000000e-02  7.99622458e-01  4.62000000e-02  1.00009411e+00 
 4.63000000e-02  2.32310643e+00  4.63000000e-02  1.89614929e+00  4.63000000e-02 -3.01090625e-03  4.63000000e-02 -4.06364949e-04  4.63000000e-02  7.99623773e-01  4.63000000e-02  1.00009177e+00  4.63000000e-02  7.99623071e-01  4.63000000e-02  1.00009300e+00  4.63000000e-02  7.99622721e-01  4.63000000e-02  1.00009362e+00  4.63000000e-02  7.99622545e-01  4.63000000e-02  1.00009393e+00  4.63000000e-02  7.99622458e-01  4.63000000e-02  1.00009409e+00 
 4.64000000e-02  2.32331793e+00  4.64000000e-02  1.89593811e+00  4.64000000e-02 -3.01090498e-03  4.64000000e-02 -4.06366032e-04  4.64000000e-02  7.99623774e-01  4.64000000e-02  1.00009143e+00  4.64000000e-02  7.99623072e-01  4.64000000e-02  1.00009283e+00  4.64000000e-02  7.99622721e-01  4.64000000e-02  1.00009354e+00  4.64000000e-02  7.99622546e-01  4.64000000e-02  1.00009389e+00  4.64000000e-02  7.99622458e-01  4.64000000e-02  1.00009407e+00 
 4.65000000e-02  2.32352937e+00  4.65000000e-02  1.89572699e+00  4.65000000e-02 -3.01090370e-03  4.65000000e-02 -4.06367114e-04  4.65000000e-02  7.99623775e-01  4.65000000e-02  1.00009109e+00  4.65000000e-02  7.99623073e-01  4.65000000e-02  1.00009267e+00  4.65000000e-02  7.99622721e-01  4.65000000e-02  1.00009345e+00  4.65000000e-02  7.99622546e-01  4.65000000e-02  1.00009385e+00  4.65000000e-02  7.99622458e-01  4.65000000e-02  1.00009404e+00 
 4.66000000e-02  2.32374075e+00  4.66000000e-02  1.89551594e+00  4.66000000e-02 -3.01090242e-03  4.66000000e-02 -4.06368194e-04  4.66000000e-02  7.99623776e-01  4.66000000e-02  1.00009076e+00  4.66000000e-02  7.99623073e-01  4.66000000e-02  1.00009250e+00  4.66000000e-02  7.99622722e-01  4.66000000e-02  1.00009337e+00  4.66000000e-02  7.99622546e-01  4.66000000e-02  1.00009381e+00  4.66000000e-02  7.99622458e-01  4.66000000e-02  1.00009402e+00 
 4.67000000e-02  2.32395206e+00  4.67000000e-02  1.89530495e+00  4.67000000e-02 -3.01090115e-03  4.67000000e-02 -4.06369273e-04  4.67000000e-02  7.99623777e-01  4.67000000e-02  1.00009042e+00  4.67000000e-02  7.99623074e-01  4.67000000e-02  1.00009233e+00  4.67000000e-02  7.99622722e-01  4.67000000e-02  1.00009329e+00  4.67000000e-02  7.99622546e-01  4.67000000e-02  1.00009376e+00  4.67000000e-02  7.99622458e-01  4.67000000e-02  1.00009400e+00 
 4.68000000e-02  2.32416331e+00  4.68000000e-02  1.89509402e+00  4.68000000e-02 -3.01089987e-03  4.68000000e-02 -4.06370351e-04  4.68000000e-02  7.99623778e-01  4.68000000e-02  1.00009008e+00  4.68000000e-02  7.99623074e-01  4.68000000e-02  1.00009216e+00  4.68000000e-02  7.99622722e-01  4.68000000e-02  1.00009320e+00  4.68000000e-02  7.99622546e-01  4.68000000e-02  1.00009372e+00  4.68000000e-02  7.99622458e-01  4.68000000e-02  1.00009398e+00 
 4.69000000e-02  2.32437449e+00  4.69000000e-02  1.89488316e+00  4.69000000e-02 -3.01089860e-03  4.69000000e-02 -4.06371428e-04  4.69000000e-02  7.99623779e-01  4.69000000e-02  1.00008975e+00  4.69000000e-02  7.99623075e-01  4.69000000e-02  1.00009199e+00  4.69000000e-02  7.99622722e-01  4.69000000e-02  1.00009312e+00  4.69000000e-02  7.99622546e-01  4.69000000e-02  1.00009368e+00  4.69000000e-02  7.99622458e-01  4.69000000e-02  1.00009396e+00 
 4.70000000e-02  2.32458561e+00  4.70000000e-02  1.89467237e+00  4.70000000e-02 -3.01089732e-03  4.70000000e-02 -4.06372504e-04  4.70000000e-02  7.99623780e-01  4.70000000e-02  1.00008941e+00  4.70000000e-02  7.99623075e-01  4.70000000e-02  1.00009183e+00  4.70000000e-02  7.99622723e-01  4.70000000e-02  1.00009303e+00  4.70000000e-02  7.99622546e-01  4.70000000e-02  1.00009364e+00  4.70000000e-02  7.99622458e-01  4.70000000e-02  1.00009394e+00 
 4.71000000e-02  2.32479666e+00  4.71000000e-02  1.89446164e+00  4.71000000e-02 -3.01089605e-03  4.71000000e-02 -4.06373578e-04  4.71000000e-02  7.99623782e-01  4.71000000e-02  1.00008908e+00  4.71000000e-02  7.99623076e-01  4.71000000e-02  1.00009166e+00  4.71000000e-02  7.99622723e-01  4.71000000e-02  1.00009295e+00  4.71000000e-02  7.99622547e-01  4.71000000e-02  1.00009360e+00  4.71000000e-02  7.99622458e-01  4.71000000e-02  1.00009392e+00 
 4.72000000e-02  2.32500765e+00  4.72000000e-02  1.89425097e+00  4.72000000e-02 -3.01089477e-03  4.72000000e-02 -4.06374651e-04  4.72000000e-02  7.99623783e-01  4.72000000e-02  1.00008875e+00  4.72000000e-02  7.99623076e-01  4.72000000e-02  1.00009149e+00  4.72000000e-02  7.99622723e-01  4.72000000e-02  1.00009287e+00  4.72000000e-02  7.99622547e-01  4.72000000e-02  1.00009355e+00  4.72000000e-02  7.99622459e-01  4.72000000e-02  1.00009390e+00 
 4.73000000e-02  2.32521858e+00  4.73000000e-02  1.89404037e+00  4.73000000e-02 -3.01089350e-03  4.73000000e-02 -4.06375722e-04  4.73000000e-02  7.99623784e-01  4.73000000e-02  1.00008841e+00  4.73000000e-02  7.99623077e-01  4.73000000e-02  1.00009133e+00  4.73000000e-02  7.99622724e-01  4.73000000e-02  1.00009278e+00  4.73000000e-02  7.99622547e-01  4.73000000e-02  1.00009351e+00  4.73000000e-02  7.99622459e-01  4.73000000e-02  1.00009388e+00 
 4.74000000e-02  2.32542944e+00  4.74000000e-02  1.89382984e+00  4.74000000e-02 -3.01089222e-03  4.74000000e-02 -4.06376793e-04  4.74000000e-02  7.99623785e-01  4.74000000e-02  1.00008808e+00  4.74000000e-02  7.99623078e-01  4.74000000e-02  1.00009116e+00  4.74000000e-02  7.99622724e-01  4.74000000e-02  1.00009270e+00  4.74000000e-02  7.99622547e-01  4.74000000e-02  1.00009347e+00  4.74000000e-02  7.99622459e-01  4.74000000e-02  1.00009386e+00 
 4.75000000e-02  2.32564023e+00  4.75000000e-02  1.89361937e+00  4.75000000e-02 -3.01089095e-03  4.75000000e-02 -4.06377862e-04  4.75000000e-02  7.99623786e-01  4.75000000e-02  1.00008775e+00  4.75000000e-02  7.99623078e-01  4.75000000e-02  1.00009099e+00  4.75000000e-02  7.99622724e-01  4.75000000e-02  1.00009262e+00  4.75000000e-02  7.99622547e-01  4.75000000e-02  1.00009343e+00  4.75000000e-02  7.99622459e-01  4.75000000e-02  1.00009384e+00 
 4.76000000e-02  2.32585096e+00  4.76000000e-02  1.89340897e+00  4.76000000e-02 -3.01088968e-03  4.76000000e-02 -4.06378930e-04  4.76000000e-02  7.99623787e-01  4.76000000e-02  1.00008741e+00  4.76000000e-02  7.99623079e-01  4.76000000e-02  1.00009083e+00  4.76000000e-02  7.99622724e-01  4.76000000e-02  1.00009253e+00  4.76000000e-02  7.99622547e-01  4.76000000e-02  1.00009339e+00  4.76000000e-02  7.99622459e-01  4.76000000e-02  1.00009381e+00 
 4.77000000e-02  2.32606162e+00  4.77000000e-02  1.89319863e+00  4.77000000e-02 -3.01088840e-03  4.77000000e-02 -4.06379996e-04  4.77000000e-02  7.99623788e-01  4.77000000e-02  1.00008708e+00  4.77000000e-02  7.99623079e-01  4.77000000e-02  1.00009066e+00  4.77000000e-02  7.99622725e-01  4.77000000e-02  1.00009245e+00  4.77000000e-02  7.99622547e-01  4.77000000e-02  1.00009335e+00  4.77000000e-02  7.99622459e-01  4.77000000e-02  1.00009379e+00 
 4.78000000e-02  2.32627221e+00  4.78000000e-02  1.89298836e+00  4.78000000e-02 -3.01088713e-03  4.78000000e-02 -4.06381061e-04  4.78000000e-02  7.99623789e-01  4.78000000e-02  1.00008675e+00  4.78000000e-02  7.99623080e-01  4.78000000e-02  1.00009049e+00  4.78000000e-02  7.99622725e-01  4.78000000e-02  1.00009237e+00  4.78000000e-02  7.99622548e-01  4.78000000e-02  1.00009330e+00  4.78000000e-02  7.99622459e-01  4.78000000e-02  1.00009377e+00 
 4.79000000e-02  2.32648274e+00  4.79000000e-02  1.89277815e+00  4.79000000e-02 -3.01088585e-03  4.79000000e-02 -4.06382125e-04  4.79000000e-02  7.99623790e-01  4.79000000e-02  1.00008642e+00  4.79000000e-02  7.99623080e-01  4.79000000e-02  1.00009033e+00  4.79000000e-02  7.99622725e-01  4.79000000e-02  1.00009228e+00  4.79000000e-02  7.99622548e-01  4.79000000e-02  1.00009326e+00  4.79000000e-02  7.99622459e-01  4.79000000e-02  1.00009375e+00 
 4.80000000e-02  2.32669320e+00  4.80000000e-02  1.89256801e+00  4.80000000e-02 -3.01088458e-03  4.80000000e-02 -4.06383188e-04  4.80000000e-02  7.99623792e-01  4.80000000e-02  1.00008609e+00  4.80000000e-02  7.99623081e-01  4.80000000e-02  1.00009016e+00  4.80000000e-02  7.99622726e-01  4.80000000e-02  1.00009220e+00  4.80000000e-02  7.99622548e-01  4.80000000e-02  1.00009322e+00  4.80000000e-02  7.99622459e-01  4.80000000e-02  1.00009373e+00 
 4.81000000e-02  2.32690360e+00  4.81000000e-02  1.89235794e+00  4.81000000e-02 -3.01088331e-03  4.81000000e-02 -4.06384249e-04  4.81000000e-02  7.99623793e-01  4.81000000e-02  1.00008576e+00  4.81000000e-02  7.99623081e-01  4.81000000e-02  1.00009000e+00  4.81000000e-02  7.99622726e-01  4.81000000e-02  1.00009212e+00  4.81000000e-02  7.99622548e-01  4.81000000e-02  1.00009318e+00  4.81000000e-02  7.99622459e-01  4.81000000e-02  1.00009371e+00 
 4.82000000e-02  2.32711393e+00  4.82000000e-02  1.89214793e+00  4.82000000e-02 -3.01088203e-03  4.82000000e-02 -4.06385310e-04  4.82000000e-02  7.99623794e-01  4.82000000e-02  1.00008543e+00  4.82000000e-02  7.99623082e-01  4.82000000e-02  1.00008983e+00  4.82000000e-02  7.99622726e-01  4.82000000e-02  1.00009204e+00  4.82000000e-02  7.99622548e-01  4.82000000e-02  1.00009314e+00  4.82000000e-02  7.99622459e-01  4.82000000e-02  1.00009369e+00 
 4.83000000e-02  2.32732419e+00  4.83000000e-02  1.89193799e+00  4.83000000e-02 -3.01088076e-03  4.83000000e-02 -4.06386369e-04  4.83000000e-02  7.99623795e-01  4.83000000e-02  1.00008510e+00  4.83000000e-02  7.99623083e-01  4.83000000e-02  1.00008967e+00  4.83000000e-02  7.99622726e-01  4.83000000e-02  1.00009195e+00  4.83000000e-02  7.99622548e-01  4.83000000e-02  1.00009310e+00  4.83000000e-02  7.99622459e-01  4.83000000e-02  1.00009367e+00 
 4.84000000e-02  2.32753439e+00  4.84000000e-02  1.89172811e+00  4.84000000e-02 -3.01087949e-03  4.84000000e-02 -4.06387426e-04  4.84000000e-02  7.99623796e-01  4.84000000e-02  1.00008477e+00  4.84000000e-02  7.99623083e-01  4.84000000e-02  1.00008950e+00  4.84000000e-02  7.99622727e-01  4.84000000e-02  1.00009187e+00  4.84000000e-02  7.99622549e-01  4.84000000e-02  1.00009306e+00  4.84000000e-02  7.99622459e-01  4.84000000e-02  1.00009365e+00 
 4.85000000e-02  2.32774452e+00  4.85000000e-02  1.89151831e+00  4.85000000e-02 -3.01087821e-03  4.85000000e-02 -4.06388483e-04  4.85000000e-02  7.99623797e-01  4.85000000e-02  1.00008444e+00  4.85000000e-02  7.99623084e-01  4.85000000e-02  1.00008934e+00  4.85000000e-02  7.99622727e-01  4.85000000e-02  1.00009179e+00  4.85000000e-02  7.99622549e-01  4.85000000e-02  1.00009302e+00  4.85000000e-02  7.99622459e-01  4.85000000e-02  1.00009363e+00 
 4.86000000e-02  2.32795458e+00  4.86000000e-02  1.89130857e+00  4.86000000e-02 -3.01087694e-03  4.86000000e-02 -4.06389538e-04  4.86000000e-02  7.99623798e-01  4.86000000e-02  1.00008411e+00  4.86000000e-02  7.99623084e-01  4.86000000e-02  1.00008917e+00  4.86000000e-02  7.99622727e-01  4.86000000e-02  1.00009171e+00  4.86000000e-02  7.99622549e-01  4.86000000e-02  1.00009297e+00  4.86000000e-02  7.99622460e-01  4.86000000e-02  1.00009361e+00 
 4.87000000e-02  2.32816458e+00  4.87000000e-02  1.89109890e+00  4.87000000e-02 -3.01087567e-03  4.87000000e-02 -4.06390591e-04  4.87000000e-02  7.99623799e-01  4.87000000e-02  1.00008378e+00  4.87000000e-02  7.99623085e-01  4.87000000e-02  1.00008901e+00  4.87000000e-02  7.99622728e-01  4.87000000e-02  1.00009162e+00  4.87000000e-02  7.99622549e-01  4.87000000e-02  1.00009293e+00  4.87000000e-02  7.99622460e-01  4.87000000e-02  1.00009359e+00 
 4.88000000e-02  2.32837450e+00  4.88000000e-02  1.89088929e+00  4.88000000e-02 -3.01087439e-03  4.88000000e-02 -4.06391644e-04  4.88000000e-02  7.99623801e-01  4.88000000e-02  1.00008346e+00  4.88000000e-02  7.99623085e-01  4.88000000e-02  1.00008885e+00  4.88000000e-02  7.99622728e-01  4.88000000e-02  1.00009154e+00  4.88000000e-02  7.99622549e-01  4.88000000e-02  1.00009289e+00  4.88000000e-02  7.99622460e-01  4.88000000e-02  1.00009357e+00 
 4.89000000e-02  2.32858436e+00  4.89000000e-02  1.89067976e+00  4.89000000e-02 -3.01087312e-03  4.89000000e-02 -4.06392695e-04  4.89000000e-02  7.99623802e-01  4.89000000e-02  1.00008313e+00  4.89000000e-02  7.99623086e-01  4.89000000e-02  1.00008868e+00  4.89000000e-02  7.99622728e-01  4.89000000e-02  1.00009146e+00  4.89000000e-02  7.99622549e-01  4.89000000e-02  1.00009285e+00  4.89000000e-02  7.99622460e-01  4.89000000e-02  1.00009355e+00 
 4.90000000e-02  2.32879416e+00  4.90000000e-02  1.89047029e+00  4.90000000e-02 -3.01087185e-03  4.90000000e-02 -4.06393745e-04  4.90000000e-02  7.99623803e-01  4.90000000e-02  1.00008280e+00  4.90000000e-02  7.99623086e-01  4.90000000e-02  1.00008852e+00  4.90000000e-02  7.99622728e-01  4.90000000e-02  1.00009138e+00  4.90000000e-02  7.99622549e-01  4.90000000e-02  1.00009281e+00  4.90000000e-02  7.99622460e-01  4.90000000e-02  1.00009353e+00 
 4.91000000e-02  2.32900388e+00  4.91000000e-02  1.89026089e+00  4.91000000e-02 -3.01087057e-03  4.91000000e-02 -4.06394794e-04  4.91000000e-02  7.99623804e-01  4.91000000e-02  1.00008248e+00  4.91000000e-02  7.99623087e-01  4.91000000e-02  1.00008836e+00  4.91000000e-02  7.99622729e-01  4.91000000e-02  1.00009130e+00  4.91000000e-02  7.99622550e-01  4.91000000e-02  1.00009277e+00  4.91000000e-02  7.99622460e-01  4.91000000e-02  1.00009351e+00 
 4.92000000e-02  2.32921353e+00  4.92000000e-02  1.89005155e+00  4.92000000e-02 -3.01086930e-03  4.92000000e-02 -4.06395842e-04  4.92000000e-02  7.99623805e-01  4.92000000e-02  1.00008215e+00  4.92000000e-02  7.99623088e-01  4.92000000e-02  1.00008819e+00  4.92000000e-02  7.99622729e-01  4.92000000e-02  1.00009122e+00  4.92000000e-02  7.99622550e-01  4.92000000e-02  1.00009273e+00  4.92000000e-02  7.99622460e-01  4.92000000e-02  1.00009348e+00 
 4.93000000e-02  2.32942312e+00  4.93000000e-02  1.88984229e+00  4.93000000e-02 -3.01086803e-03  4.93000000e-02 -4.06396888e-04  4.93000000e-02  7.99623806e-01  4.93000000e-02  1.00008183e+00  4.93000000e-02  7.99623088e-01  4.93000000e-02  1.00008803e+00  4.93000000e-02  7.99622729e-01  4.93000000e-02  1.00009113e+00  4.93000000e-02  7.99622550e-01  4.93000000e-02  1.00009269e+00  4.93000000e-02  7.99622460e-01  4.93000000e-02  1.00009346e+00 
 4.94000000e-02  2.32963264e+00  4.94000000e-02  1.88963309e+00  4.94000000e-02 -3.01086676e-03  4.94000000e-02 -4.06397933e-04  4.94000000e-02  7.99623807e-01  4.94000000e-02  1.00008150e+00  4.94000000e-02  7.99623089e-01  4.94000000e-02  1.00008787e+00  4.94000000e-02  7.99622730e-01  4.94000000e-02  1.00009105e+00  4.94000000e-02  7.99622550e-01  4.94000000e-02  1.00009265e+00  4.94000000e-02  7.99622460e-01  4.94000000e-02  1.00009344e+00 
 4.95000000e-02  2.32984209e+00  4.95000000e-02  1.88942396e+00  4.95000000e-02 -3.01086548e-03  4.95000000e-02 -4.06398976e-04  4.95000000e-02  7.99623808e-01  4.95000000e-02  1.00008118e+00  4.95000000e-02  7.99623089e-01  4.95000000e-02  1.00008770e+00  4.95000000e-02  7.99622730e-01  4.95000000e-02  1.00009097e+00  4.95000000e-02  7.99622550e-01  4.95000000e-02  1.00009261e+00  4.95000000e-02  7.99622460e-01  4.95000000e-02  1.00009342e+00 
 4.96000000e-02  2.33005147e+00  4.96000000e-02  1.88921491e+00  4.96000000e-02 -3.01086421e-03  4.96000000e-02 -4.06400019e-04  4.96000000e-02  7.99623809e-01  4.96000000e-02  1.00008085e+00  4.96000000e-02  7.99623090e-01  4.96000000e-02  1.00008754e+00  4.96000000e-02  7.99622730e-01  4.96000000e-02  1.00009089e+00  4.96000000e-02  7.99622550e-01  4.96000000e-02  1.00009257e+00  4.96000000e-02  7.99622460e-01  4.96000000e-02  1.00009340e+00 
 4.97000000e-02  2.33026078e+00  4.97000000e-02  1.88900592e+00  4.97000000e-02 -3.01086294e-03  4.97000000e-02 -4.06401060e-04  4.97000000e-02  7.99623811e-01  4.97000000e-02  1.00008053e+00  4.97000000e-02  7.99623090e-01  4.97000000e-02  1.00008738e+00  4.97000000e-02  7.99622730e-01  4.97000000e-02  1.00009081e+00  4.97000000e-02  7.99622550e-01  4.97000000e-02  1.00009253e+00  4.97000000e-02  7.99622460e-01  4.97000000e-02  1.00009338e+00 
 4.98000000e-02  2.33047003e+00  4.98000000e-02  1.88879699e+00  4.98000000e-02 -3.01086167e-03  4.98000000e-02 -4.06402100e-04  4.98000000e-02  7.99623812e-01  4.98000000e-02  1.00008020e+00  4.98000000e-02  7.99623091e-01  4.98000000e-02  1.00008722e+00  4.98000000e-02  7.99622731e-01  4.98000000e-02  1.00009073e+00  4.98000000e-02  7.99622551e-01  4.98000000e-02  1.00009248e+00  4.98000000e-02  7.99622460e-01  4.98000000e-02  1.00009336e+00 
 4.99000000e-02  2.33067920e+00  4.99000000e-02  1.88858814e+00  4.99000000e-02 -3.01086039e-03  4.99000000e-02 -4.06403139e-04  4.99000000e-02  7.99623813e-01  4.99000000e-02  1.00007988e+00  4.99000000e-02  7.99623091e-01  4.99000000e-02  1.00008706e+00  4.99000000e-02  7.99622731e-01  4.99000000e-02  1.00009065e+00  4.99000000e-02  7.99622551e-01  4.99000000e-02  1.00009244e+00  4.99000000e-02  7.99622461e-01  4.99000000e-02  1.00009334e+00 
 5.00000000e-02  2.33088831e+00  5.00000000e-02  1.88837936e+00  5.00000000e-02 -3.01085912e-03  5.00000000e-02 -4.06404176e-04  5.00000000e-02  7.99623814e-01  5.00000000e-02  1.00007956e+00  5.00000000e-02  7.99623092e-01  5.00000000e-02  1.00008689e+00  5.00000000e-02  7.99622731e-01  5.00000000e-02  1.00009057e+00  5.00000000e-02  7.99622551e-01  5.00000000e-02  1.00009240e+00  5.00000000e-02  7.99622461e-01  5.00000000e-02  1.00009332e+00 
 5.01000000e-02  2.33109734e+00  5.01000000e-02  1.88817065e+00  5.01000000e-02 -3.01085785e-03  5.01000000e-02 -4.06405212e-04  5.01000000e-02  7.99623815e-01  5.01000000e-02  1.00007923e+00  5.01000000e-02  7.99623093e-01  5.01000000e-02  1.00008673e+00  5.01000000e-02  7.99622731e-01  5.01000000e-02  1.00009049e+00  5.01000000e-02  7.99622551e-01  5.01000000e-02  1.00009236e+00  5.01000000e-02  7.99622461e-01  5.01000000e-02  1.00009330e+00 
 5.02000000e-02  2.33130631e+00  5.02000000e-02  1.88796200e+00  5.02000000e-02 -3.01085658e-03  5.02000000e-02 -4.06406247e-04  5.02000000e-02  7.99623816e-01  5.02000000e-02  1.00007891e+00  5.02000000e-02  7.99623093e-01  5.02000000e-02  1.00008657e+00  5.02000000e-02  7.99622732e-01  5.02000000e-02  1.00009041e+00  5.02000000e-02  7.99622551e-01  5.02000000e-02  1.00009232e+00  5.02000000e-02  7.99622461e-01  5.02000000e-02  1.00009328e+00 
 5.03000000e-02  2.33151520e+00  5.03000000e-02  1.88775343e+00  5.03000000e-02 -3.01085530e-03  5.03000000e-02 -4.06407281e-04  5.03000000e-02  7.99623817e-01  5.03000000e-02  1.00007859e+00  5.03000000e-02  7.99623094e-01  5.03000000e-02  1.00008641e+00  5.03000000e-02  7.99622732e-01  5.03000000e-02  1.00009032e+00  5.03000000e-02  7.99622551e-01  5.03000000e-02  1.00009228e+00  5.03000000e-02  7.99622461e-01  5.03000000e-02  1.00009326e+00 
 5.04000000e-02  2.33172403e+00  5.04000000e-02  1.88754493e+00  5.04000000e-02 -3.01085403e-03  5.04000000e-02 -4.06408313e-04  5.04000000e-02  7.99623818e-01  5.04000000e-02  1.00007827e+00  5.04000000e-02  7.99623094e-01  5.04000000e-02  1.00008625e+00  5.04000000e-02  7.99622732e-01  5.04000000e-02  1.00009024e+00  5.04000000e-02  7.99622551e-01  5.04000000e-02  1.00009224e+00  5.04000000e-02  7.99622461e-01  5.04000000e-02  1.00009324e+00 
 5.05000000e-02  2.33193278e+00  5.05000000e-02  1.88733650e+00  5.05000000e-02 -3.01085276e-03  5.05000000e-02 -4.06409344e-04  5.05000000e-02  7.99623820e-01  5.05000000e-02  1.00007795e+00  5.05000000e-02  7.99623095e-01  5.05000000e-02  1.00008609e+00  5.05000000e-02  7.99622733e-01  5.05000000e-02  1.00009016e+00  5.05000000e-02  7.99622552e-01  5.05000000e-02  1.00009220e+00  5.05000000e-02  7.99622461e-01  5.05000000e-02  1.00009322e+00 
 5.06000000e-02  2.33214147e+00  5.06000000e-02  1.88712813e+00  5.06000000e-02 -3.01085149e-03  5.06000000e-02 -4.06410374e-04  5.06000000e-02  7.99623821e-01  5.06000000e-02  1.00007763e+00  5.06000000e-02  7.99623095e-01  5.06000000e-02  1.00008593e+00  5.06000000e-02  7.99622733e-01  5.06000000e-02  1.00009008e+00  5.06000000e-02  7.99622552e-01  5.06000000e-02  1.00009216e+00  5.06000000e-02  7.99622461e-01  5.06000000e-02  1.00009320e+00 
 5.07000000e-02  2.33235008e+00  5.07000000e-02  1.88691984e+00  5.07000000e-02 -3.01085021e-03  5.07000000e-02 -4.06411403e-04  5.07000000e-02  7.99623822e-01  5.07000000e-02  1.00007731e+00  5.07000000e-02  7.99623096e-01  5.07000000e-02  1.00008577e+00  5.07000000e-02  7.99622733e-01  5.07000000e-02  1.00009000e+00  5.07000000e-02  7.99622552e-01  5.07000000e-02  1.00009212e+00  5.07000000e-02  7.99622461e-01  5.07000000e-02  1.00009318e+00 
 5.08000000e-02  2.33255863e+00  5.08000000e-02  1.88671162e+00  5.08000000e-02 -3.01084894e-03  5.08000000e-02 -4.06412430e-04  5.08000000e-02  7.99623823e-01  5.08000000e-02  1.00007699e+00  5.08000000e-02  7.99623096e-01  5.08000000e-02  1.00008561e+00  5.08000000e-02  7.99622733e-01  5.08000000e-02  1.00008992e+00  5.08000000e-02  7.99622552e-01  5.08000000e-02  1.00009208e+00  5.08000000e-02  7.99622461e-01  5.08000000e-02  1.00009316e+00 
 5.09000000e-02  2.33276710e+00  5.09000000e-02  1.88650347e+00  5.09000000e-02 -3.01084767e-03  5.09000000e-02 -4.06413456e-04  5.09000000e-02  7.99623824e-01  5.09000000e-02  1.00007667e+00  5.09000000e-02  7.99623097e-01  5.09000000e-02  1.00008545e+00  5.09000000e-02  7.99622734e-01  5.09000000e-02  1.00008984e+00  5.09000000e-02  7.99622552e-01  5.09000000e-02  1.00009204e+00  5.09000000e-02  7.99622461e-01  5.09000000e-02  1.00009314e+00 
 5.10000000e-02  2.33297550e+00  5.10000000e-02  1.88629539e+00  5.10000000e-02 -3.01084640e-03  5.10000000e-02 -4.06414481e-04  5.10000000e-02  7.99623825e-01  5.10000000e-02  1.00007635e+00  5.10000000e-02  7.99623098e-01  5.10000000e-02  1.00008529e+00  5.10000000e-02  7.99622734e-01  5.10000000e-02  1.00008976e+00  5.10000000e-02  7.99622552e-01  5.10000000e-02  1.00009200e+00  5.10000000e-02  7.99622461e-01  5.10000000e-02  1.00009312e+00 
 5.11000000e-02  2.33318383e+00  5.11000000e-02  1.88608738e+00  5.11000000e-02 -3.01084512e-03  5.11000000e-02 -4.06415505e-04  5.11000000e-02  7.99623826e-01  5.11000000e-02  1.00007603e+00  5.11000000e-02  7.99623098e-01  5.11000000e-02  1.00008513e+00  5.11000000e-02  7.99622734e-01  5.11000000e-02  1.00008968e+00  5.11000000e-02  7.99622552e-01  5.11000000e-02  1.00009196e+00  5.11000000e-02  7.99622461e-01  5.11000000e-02  1.00009310e+00 
 5.12000000e-02  2.33339209e+00  5.12000000e-02  1.88587944e+00  5.12000000e-02 -3.01084385e-03  5.12000000e-02 -4.06416527e-04  5.12000000e-02  7.99623827e-01  5.12000000e-02  1.00007571e+00  5.12000000e-02  7.99623099e-01  5.12000000e-02  1.00008497e+00  5.12000000e-02  7.99622735e-01  5.12000000e-02  1.00008960e+00  5.12000000e-02  7.99622553e-01  5.12000000e-02  1.00009192e+00  5.12000000e-02  7.99622462e-01  5.12000000e-02  1.00009308e+00 
 5.13000000e-02  2.33360028e+00  5.13000000e-02  1.88567158e+00  5.13000000e-02 -3.01084258e-03  5.13000000e-02 -4.06417548e-04  5.13000000e-02  7.99623829e-01  5.13000000e-02  1.00007539e+00  5.13000000e-02  7.99623099e-01  5.13000000e-02  1.00008481e+00  5.13000000e-02  7.99622735e-01  5.13000000e-02  1.00008952e+00  5.13000000e-02  7.99622553e-01  5.13000000e-02  1.00009188e+00  5.13000000e-02  7.99622462e-01  5.13000000e-02  1.00009306e+00 
 5.14000000e-02  2.33380840e+00  5.14000000e-02  1.88546378e+00  5.14000000e-02 -3.01084131e-03  5.14000000e-02 -4.06418568e-04  5.14000000e-02  7.99623830e-01  5.14000000e-02  1.00007508e+00  5.14000000e-02  7.99623100e-01  5.14000000e-02  1.00008465e+00  5.14000000e-02  7.99622735e-01  5.14000000e-02  1.00008945e+00  5.14000000e-02  7.99622553e-01  5.14000000e-02  1.00009184e+00  5.14000000e-02  7.99622462e-01  5.14000000e-02  1.00009304e+00 
 5.15000000e-02  2.33401644e+00  5.15000000e-02  1.88525606e+00  5.15000000e-02 -3.01084003e-03  5.15000000e-02 -4.06419587e-04  5.15000000e-02  7.99623831e-01  5.15000000e-02  1.00007476e+00  5.15000000e-02  7.99623100e-01  5.15000000e-02  1.00008449e+00  5.15000000e-02  7.99622735e-01  5.15000000e-02  1.00008937e+00  5.15000000e-02  7.99622553e-01  5.15000000e-02  1.00009180e+00  5.15000000e-02  7.99622462e-01  5.15000000e-02  1.00009302e+00 
 5.16000000e-02  2.33422441e+00  5.16000000e-02  1.88504841e+00  5.16000000e-02 -3.01083876e-03  5.16000000e-02 -4.06420604e-04  5.16000000e-02  7.99623832e-01  5.16000000e-02  1.00007444e+00  5.16000000e-02  7.99623101e-01  5.16000000e-02  1.00008434e+00  5.16000000e-02  7.99622736e-01  5.16000000e-02  1.00008929e+00  5.16000000e-02  7.99622553e-01  5.16000000e-02  1.00009176e+00  5.16000000e-02  7.99622462e-01  5.16000000e-02  1.00009300e+00 
 5.17000000e-02  2.33443231e+00  5.17000000e-02  1.88484083e+00  5.17000000e-02 -3.01083749e-03  5.17000000e-02 -4.06421620e-04  5.17000000e-02  7.99623833e-01  5.17000000e-02  1.00007413e+00  5.17000000e-02  7.99623102e-01  5.17000000e-02  1.00008418e+00  5.17000000e-02  7.99622736e-01  5.17000000e-02  1.00008921e+00  5.17000000e-02  7.99622553e-01  5.17000000e-02  1.00009172e+00  5.17000000e-02  7.99622462e-01  5.17000000e-02  1.00009298e+00 
 5.18000000e-02  2.33464014e+00  5.18000000e-02  1.88463333e+00  5.18000000e-02 -3.01083621e-03  5.18000000e-02 -4.06422635e-04  5.18000000e-02  7.99623834e-01  5.18000000e-02  1.00007381e+00  5.18000000e-02  7.99623102e-01  5.18000000e-02  1.00008402e+00  5.18000000e-02  7.99622736e-01  5.18000000e-02  1.00008913e+00  5.18000000e-02  7.99622553e-01  5.18000000e-02  1.00009168e+00  5.18000000e-02  7.99622462e-01  5.18000000e-02  1.00009296e+00 
 5.19000000e-02  2.33484790e+00  5.19000000e-02  1.88442589e+00  5.19000000e-02 -3.01083494e-03  5.19000000e-02 -4.06423648e-04  5.19000000e-02  7.99623835e-01  5.19000000e-02  1.00007350e+00  5.19000000e-02  7.99623103e-01  5.19000000e-02  1.00008386e+00  5.19000000e-02  7.99622737e-01  5.19000000e-02  1.00008905e+00  5.19000000e-02  7.99622554e-01  5.19000000e-02  1.00009165e+00  5.19000000e-02  7.99622462e-01  5.19000000e-02  1.00009294e+00 
 5.20000000e-02  2.33505558e+00  5.20000000e-02  1.88421853e+00  5.20000000e-02 -3.01083367e-03  5.20000000e-02 -4.06424661e-04  5.20000000e-02  7.99623836e-01  5.20000000e-02  1.00007318e+00  5.20000000e-02  7.99623103e-01  5.20000000e-02  1.00008370e+00  5.20000000e-02  7.99622737e-01  5.20000000e-02  1.00008897e+00  5.20000000e-02  7.99622554e-01  5.20000000e-02  1.00009161e+00  5.20000000e-02  7.99622462e-01  5.20000000e-02  1.00009292e+00 
 5.21000000e-02  2.33526319e+00  5.21000000e-02  1.88401124e+00  5.21000000e-02 -3.01083239e-03  5.21000000e-02 -4.06425672e-04  5.21000000e-02  7.99623838e-01  5.21000000e-02  1.00007287e+00  5.21000000e-02  7.99623104e-01  5.21000000e-02  1.00008355e+00  5.21000000e-02  7.99622737e-01  5.21000000e-02  1.00008889e+00  5.21000000e-02  7.99622554e-01  5.21000000e-02  1.00009157e+00  5.21000000e-02  7.99622462e-01  5.21000000e-02  1.00009290e+00 
 5.22000000e-02  2.33547073e+00  5.22000000e-02  1.88380403e+00  5.22000000e-02 -3.01083112e-03  5.22000000e-02 -4.06426682e-04  5.22000000e-02  7.99623839e-01  5.22000000e-02  1.00007255e+00  5.22000000e-02  7.99623104e-01  5.22000000e-02  1.00008339e+00  5.22000000e-02  7.99622737e-01  5.22000000e-02  1.00008881e+00  5.22000000e-02  7.99622554e-01  5.22000000e-02  1.00009153e+00  5.22000000e-02  7.99622462e-01  5.22000000e-02  1.00009288e+00 
 5.23000000e-02  2.33567819e+00  5.23000000e-02  1.88359689e+00  5.23000000e-02 -3.01082985e-03  5.23000000e-02 -4.06427690e-04  5.23000000e-02  7.99623840e-01  5.23000000e-02  1.00007224e+00  5.23000000e-02  7.99623105e-01  5.23000000e-02  1.00008323e+00  5.23000000e-02  7.99622738e-01  5.23000000e-02  1.00008873e+00  5.23000000e-02  7.99622554e-01  5.23000000e-02  1.00009149e+00  5.23000000e-02  7.99622462e-01  5.23000000e-02  1.00009286e+00 
 5.24000000e-02  2.33588558e+00  5.24000000e-02  1.88338982e+00  5.24000000e-02 -3.01082857e-03  5.24000000e-02 -4.06428698e-04  5.24000000e-02  7.99623841e-01  5.24000000e-02  1.00007192e+00  5.24000000e-02  7.99623105e-01  5.24000000e-02  1.00008307e+00  5.24000000e-02  7.99622738e-01  5.24000000e-02  1.00008866e+00  5.24000000e-02  7.99622554e-01  5.24000000e-02  1.00009145e+00  5.24000000e-02  7.99622462e-01  5.24000000e-02  1.00009284e+00 
 5.25000000e-02  2.33609290e+00  5.25000000e-02  1.88318282e+00  5.25000000e-02 -3.01082730e-03  5.25000000e-02 -4.06429704e-04  5.25000000e-02  7.99623842e-01  5.25000000e-02  1.00007161e+00  5.25000000e-02  7.99623106e-01  5.25000000e-02  1.00008292e+00  5.25000000e-02  7.99622738e-01  5.25000000e-02  1.00008858e+00  5.25000000e-02  7.99622554e-01  5.25000000e-02  1.00009141e+00  5.25000000e-02  7.99622463e-01  5.25000000e-02  1.00009283e+00 
 5.26000000e-02  2.33630014e+00  5.26000000e-02  1.88297590e+00  5.26000000e-02 -3.01082603e-03  5.26000000e-02 -4.06430709e-04  5.26000000e-02  7.99623843e-01  5.26000000e-02  1.00007130e+00  5.26000000e-02  7.99623107e-01  5.26000000e-02  1.00008276e+00  5.26000000e-02  7.99622739e-01  5.26000000e-02  1.00008850e+00  5.26000000e-02  7.99622555e-01  5.26000000e-02  1.00009137e+00  5.26000000e-02  7.99622463e-01  5.26000000e-02  1.00009281e+00 
 5.27000000e-02  2.33650731e+00  5.27000000e-02  1.88276905e+00  5.27000000e-02 -3.01082475e-03  5.27000000e-02 -4.06431713e-04  5.27000000e-02  7.99623844e-01  5.27000000e-02  1.00007099e+00  5.27000000e-02  7.99623107e-01  5.27000000e-02  1.00008261e+00  5.27000000e-02  7.99622739e-01  5.27000000e-02  1.00008842e+00  5.27000000e-02  7.99622555e-01  5.27000000e-02  1.00009133e+00  5.27000000e-02  7.99622463e-01  5.27000000e-02  1.00009279e+00 
 5.28000000e-02  2.33671441e+00  5.28000000e-02  1.88256228e+00  5.28000000e-02 -3.01082348e-03  5.28000000e-02 -4.06432715e-04  5.28000000e-02  7.99623845e-01  5.28000000e-02  1.00007067e+00  5.28000000e-02  7.99623108e-01  5.28000000e-02  1.00008245e+00  5.28000000e-02  7.99622739e-01  5.28000000e-02  1.00008834e+00  5.28000000e-02  7.99622555e-01  5.28000000e-02  1.00009129e+00  5.28000000e-02  7.99622463e-01  5.28000000e-02  1.00009277e+00 
 5.29000000e-02  2.33692143e+00  5.29000000e-02  1.88235558e+00  5.29000000e-02 -3.01082221e-03  5.29000000e-02 -4.06433716e-04  5.29000000e-02  7.99623846e-01  5.29000000e-02  1.00007036e+00  5.29000000e-02  7.99623108e-01  5.29000000e-02  1.00008229e+00  5.29000000e-02  7.99622739e-01  5.29000000e-02  1.00008827e+00  5.29000000e-02  7.99622555e-01  5.29000000e-02  1.00009125e+00  5.29000000e-02  7.99622463e-01  5.29000000e-02  1.00009275e+00 
 5.30000000e-02  2.33712838e+00  5.30000000e-02  1.88214895e+00  5.30000000e-02 -3.01082093e-03  5.30000000e-02 -4.06434716e-04  5.30000000e-02  7.99623848e-01  5.30000000e-02  1.00007005e+00  5.30000000e-02  7.99623109e-01  5.30000000e-02  1.00008214e+00  5.30000000e-02  7.99622740e-01  5.30000000e-02  1.00008819e+00  5.30000000e-02  7.99622555e-01  5.30000000e-02  1.00009121e+00  5.30000000e-02  7.99622463e-01  5.30000000e-02  1.00009273e+00 
 5.31000000e-02  2.33733526e+00  5.31000000e-02  1.88194240e+00  5.31000000e-02 -3.01081966e-03  5.31000000e-02 -4.06435715e-04  5.31000000e-02  7.99623849e-01  5.31000000e-02  1.00006974e+00  5.31000000e-02  7.99623109e-01  5.31000000e-02  1.00008198e+00  5.31000000e-02  7.99622740e-01  5.31000000e-02  1.00008811e+00  5.31000000e-02  7.99622555e-01  5.31000000e-02  1.00009117e+00  5.31000000e-02  7.99622463e-01  5.31000000e-02  1.00009271e+00 
 5.32000000e-02  2.33754206e+00  5.32000000e-02  1.88173593e+00  5.32000000e-02 -3.01081838e-03  5.32000000e-02 -4.06436712e-04  5.32000000e-02  7.99623850e-01  5.32000000e-02  1.00006943e+00  5.32000000e-02  7.99623110e-01  5.32000000e-02  1.00008183e+00  5.32000000e-02  7.99622740e-01  5.32000000e-02  1.00008803e+00  5.32000000e-02  7.99622555e-01  5.32000000e-02  1.00009114e+00  5.32000000e-02  7.99622463e-01  5.32000000e-02  1.00009269e+00 
 5.33000000e-02  2.33774878e+00  5.33000000e-02  1.88152952e+00  5.33000000e-02 -3.01081711e-03  5.33000000e-02 -4.06437709e-04  5.33000000e-02  7.99623851e-01  5.33000000e-02  1.00006912e+00  5.33000000e-02  7.99623110e-01  5.33000000e-02  1.00008167e+00  5.33000000e-02  7.99622740e-01  5.33000000e-02  1.00008795e+00  5.33000000e-02  7.99622556e-01  5.33000000e-02  1.00009110e+00  5.33000000e-02  7.99622463e-01  5.33000000e-02  1.00009267e+00 
 5.34000000e-02  2.33795543e+00  5.34000000e-02  1.88132320e+00  5.34000000e-02 -3.01081584e-03  5.34000000e-02 -4.06438704e-04  5.34000000e-02  7.99623852e-01  5.34000000e-02  1.00006881e+00  5.34000000e-02  7.99623111e-01  5.34000000e-02  1.00008152e+00  5.34000000e-02  7.99622741e-01  5.34000000e-02  1.00008788e+00  5.34000000e-02  7.99622556e-01  5.34000000e-02  1.00009106e+00  5.34000000e-02  7.99622463e-01  5.34000000e-02  1.00009265e+00 
 5.35000000e-02  2.33816200e+00  5.35000000e-02  1.88111694e+00  5.35000000e-02 -3.01081456e-03  5.35000000e-02 -4.06439697e-04  5.35000000e-02  7.99623853e-01  5.35000000e-02  1.00006850e+00  5.35000000e-02  7.99623112e-01  5.35000000e-02  1.00008136e+00  5.35000000e-02  7.99622741e-01  5.35000000e-02  1.00008780e+00  5.35000000e-02  7.99622556e-01  5.35000000e-02  1.00009102e+00  5.35000000e-02  7.99622463e-01  5.35000000e-02  1.00009263e+00 
 5.36000000e-02  2.33836850e+00  5.36000000e-02  1.88091077e+00  5.36000000e-02 -3.01081329e-03  5.36000000e-02 -4.06440690e-04  5.36000000e-02  7.99623854e-01  5.36000000e-02  1.00006819e+00  5.36000000e-02  7.99623112e-01  5.36000000e-02  1.00008121e+00  5.36000000e-02  7.99622741e-01  5.36000000e-02  1.00008772e+00  5.36000000e-02  7.99622556e-01  5.36000000e-02  1.00009098e+00  5.36000000e-02  7.99622463e-01  5.36000000e-02  1.00009261e+00 
 5.37000000e-02  2.33857493e+00  5.37000000e-02  1.88070466e+00  5.37000000e-02 -3.01081201e-03  5.37000000e-02 -4.06441681e-04  5.37000000e-02  7.99623855e-01  5.37000000e-02  1.00006788e+00  5.37000000e-02  7.99623113e-01  5.37000000e-02  1.00008105e+00  5.37000000e-02  7.99622742e-01  5.37000000e-02  1.00008764e+00  5.37000000e-02  7.99622556e-01  5.37000000e-02  1.00009094e+00  5.37000000e-02  7.99622463e-01  5.37000000e-02  1.00009259e+00 
 5.38000000e-02  2.33878128e+00  5.38000000e-02  1.88049864e+00  5.38000000e-02 -3.01081074e-03  5.38000000e-02 -4.06442671e-04  5.38000000e-02  7.99623857e-01  5.38000000e-02  1.00006757e+00  5.38000000e-02  7.99623113e-01  5.38000000e-02  1.00008090e+00  5.38000000e-02  7.99622742e-01  5.38000000e-02  1.00008757e+00  5.38000000e-02  7.99622556e-01  5.38000000e-02  1.00009090e+00  5.38000000e-02  7.99622463e-01  5.38000000e-02  1.00009257e+00 
 5.39000000e-02  2.33898755e+00  5.39000000e-02  1.88029269e+00  5.39000000e-02 -3.01080946e-03  5.39000000e-02 -4.06443660e-04  5.39000000e-02  7.99623858e-01  5.39000000e-02  1.00006727e+00  5.39000000e-02  7.99623114e-01  5.39000000e-02  1.00008074e+00  5.39000000e-02  7.99622742e-01  5.39000000e-02  1.00008749e+00  5.39000000e-02  7.99622556e-01  5.39000000e-02  1.00009087e+00  5.39000000e-02  7.99622464e-01  5.39000000e-02  1.00009255e+00 
 5.40000000e-02  2.33919375e+00  5.40000000e-02  1.88008681e+00  5.40000000e-02 -3.01080819e-03  5.40000000e-02 -4.06444648e-04  5.40000000e-02  7.99623859e-01  5.40000000e-02  1.00006696e+00  5.40000000e-02  7.99623114e-01  5.40000000e-02  1.00008059e+00  5.40000000e-02  7.99622742e-01  5.40000000e-02  1.00008741e+00  5.40000000e-02  7.99622557e-01  5.40000000e-02  1.00009083e+00  5.40000000e-02  7.99622464e-01  5.40000000e-02  1.00009253e+00 
 5.41000000e-02  2.33939987e+00  5.41000000e-02  1.87988101e+00  5.41000000e-02 -3.01080691e-03  5.41000000e-02 -4.06445634e-04  5.41000000e-02  7.99623860e-01  5.41000000e-02  1.00006665e+00  5.41000000e-02  7.99623115e-01  5.41000000e-02  1.00008044e+00  5.41000000e-02  7.99622743e-01  5.41000000e-02  1.00008734e+00  5.41000000e-02  7.99622557e-01  5.41000000e-02  1.00009079e+00  5.41000000e-02  7.99622464e-01  5.41000000e-02  1.00009251e+00 
 5.42000000e-02  2.33960591e+00  5.42000000e-02  1.87967529e+00  5.42000000e-02 -3.01080563e-03  5.42000000e-02 -4.06446619e-04  5.42000000e-02  7.99623861e-01  5.42000000e-02  1.00006634e+00  5.42000000e-02  7.99623116e-01  5.42000000e-02  1.00008028e+00  5.42000000e-02  7.99622743e-01  5.42000000e-02  1.00008726e+00  5.42000000e-02  7.99622557e-01  5.42000000e-02  1.00009075e+00  5.42000000e-02  7.99622464e-01  5.42000000e-02  1.00009250e+00 
 5.43000000e-02  2.33981188e+00  5.43000000e-02  1.87946965e+00  5.43000000e-02 -3.01080436e-03  5.43000000e-02 -4.06447603e-04  5.43000000e-02  7.99623862e-01  5.43000000e-02  1.00006604e+00  5.43000000e-02  7.99623116e-01  5.43000000e-02  1.00008013e+00  5.43000000e-02  7.99622743e-01  5.43000000e-02  1.00008718e+00  5.43000000e-02  7.99622557e-01  5.43000000e-02  1.00009071e+00  5.43000000e-02  7.99622464e-01  5.43000000e-02  1.00009248e+00 
 5.44000000e-02  2.34001777e+00  5.44000000e-02  1.87926408e+00  5.44000000e-02 -3.01080308e-03  5.44000000e-02 -4.06448586e-04  5.44000000e-02  7.99623863e-01  5.44000000e-02  1.00006573e+00  5.44000000e-02  7.99623117e-01  5.44000000e-02  1.00007998e+00  5.44000000e-02  7.99622744e-01  5.44000000e-02  1.00008711e+00  5.44000000e-02  7.99622557e-01  5.44000000e-02  1.00009067e+00  5.44000000e-02  7.99622464e-01  5.44000000e-02  1.00009246e+00 
 5.45000000e-02  2.34022359e+00  5.45000000e-02  1.87905858e+00  5.45000000e-02 -3.01080181e-03  5.45000000e-02 -4.06449567e-04  5.45000000e-02  7.99623864e-01  5.45000000e-02  1.00006543e+00  5.45000000e-02  7.99623117e-01  5.45000000e-02  1.00007982e+00  5.45000000e-02  7.99622744e-01  5.45000000e-02  1.00008703e+00  5.45000000e-02  7.99622557e-01  5.45000000e-02  1.00009064e+00  5.45000000e-02  7.99622464e-01  5.45000000e-02  1.00009244e+00 
 5.46000000e-02  2.34042933e+00  5.46000000e-02  1.87885317e+00  5.46000000e-02 -3.01080053e-03  5.46000000e-02 -4.06450547e-04  5.46000000e-02  7.99623866e-01  5.46000000e-02  1.00006512e+00  5.46000000e-02  7.99623118e-01  5.46000000e-02  1.00007967e+00  5.46000000e-02  7.99622744e-01  5.46000000e-02  1.00008695e+00  5.46000000e-02  7.99622557e-01  5.46000000e-02  1.00009060e+00  5.46000000e-02  7.99622464e-01  5.46000000e-02  1.00009242e+00 
 5.47000000e-02  2.34063499e+00  5.47000000e-02  1.87864783e+00  5.47000000e-02 -3.01079925e-03  5.47000000e-02 -4.06451526e-04  5.47000000e-02  7.99623867e-01  5.47000000e-02  1.00006482e+00  5.47000000e-02  7.99623118e-01  5.47000000e-02  1.00007952e+00  5.47000000e-02  7.99622744e-01  5.47000000e-02  1.00008688e+00  5.47000000e-02  7.99622558e-01  5.47000000e-02  1.00009056e+00  5.47000000e-02  7.99622464e-01  5.47000000e-02  1.00009240e+00 
 5.48000000e-02  2.34084058e+00  5.48000000e-02  1.87844257e+00  5.48000000e-02 -3.01079798e-03  5.48000000e-02 -4.06452504e-04  5.48000000e-02  7.99623868e-01  5.48000000e-02  1.00006451e+00  5.48000000e-02  7.99623119e-01  5.48000000e-02  1.00007937e+00  5.48000000e-02  7.99622745e-01  5.48000000e-02  1.00008680e+00  5.48000000e-02  7.99622558e-01  5.48000000e-02  1.00009052e+00  5.48000000e-02  7.99622464e-01  5.48000000e-02  1.00009238e+00 
 5.49000000e-02  2.34104608e+00  5.49000000e-02  1.87823738e+00  5.49000000e-02 -3.01079670e-03  5.49000000e-02 -4.06453481e-04  5.49000000e-02  7.99623869e-01  5.49000000e-02  1.00006421e+00  5.49000000e-02  7.99623119e-01  5.49000000e-02  1.00007921e+00  5.49000000e-02  7.99622745e-01  5.49000000e-02  1.00008673e+00  5.49000000e-02  7.99622558e-01  5.49000000e-02  1.00009048e+00  5.49000000e-02  7.99622464e-01  5.49000000e-02  1.00009236e+00 
 5.50000000e-02  2.34125151e+00  5.50000000e-02  1.87803228e+00  5.50000000e-02 -3.01079542e-03  5.50000000e-02 -4.06454456e-04  5.50000000e-02  7.99623870e-01  5.50000000e-02  1.00006391e+00  5.50000000e-02  7.99623120e-01  5.50000000e-02  1.00007906e+00  5.50000000e-02  7.99622745e-01  5.50000000e-02  1.00008665e+00  5.50000000e-02  7.99622558e-01  5.50000000e-02  1.00009044e+00  5.50000000e-02  7.99622464e-01  5.50000000e-02  1.00009234e+00 
 5.51000000e-02  2.34145687e+00  5.51000000e-02  1.87782725e+00  5.51000000e-02 -3.01079415e-03  5.51000000e-02 -4.06455430e-04  5.51000000e-02  7.99623871e-01  5.51000000e-02  1.00006360e+00  5.51000000e-02  7.99623121e-01  5.51000000e-02  1.00007891e+00  5.51000000e-02  7.99622746e-01  5.51000000e-02  1.00008657e+00  5.51000000e-02  7.99622558e-01  5.51000000e-02  1.00009041e+00  5.51000000e-02  7.99622464e-01  5.51000000e-02  1.00009232e+00 
 5.52000000e-02  2.34166214e+00  5.52000000e-02  1.87762229e+00  5.52000000e-02 -3.01079287e-03  5.52000000e-02 -4.06456403e-04  5.52000000e-02  7.99623872e-01  5.52000000e-02  1.00006330e+00  5.52000000e-02  7.99623121e-01  5.52000000e-02  1.00007876e+00  5.52000000e-02  7.99622746e-01  5.52000000e-02  1.00008650e+00  5.52000000e-02  7.99622558e-01  5.52000000e-02  1.00009037e+00  5.52000000e-02  7.99622465e-01  5.52000000e-02  1.00009230e+00 
 5.53000000e-02  2.34186734e+00  5.53000000e-02  1.87741742e+00  5.53000000e-02 -3.01079159e-03  5.53000000e-02 -4.06457374e-04  5.53000000e-02  7.99623873e-01  5.53000000e-02  1.00006300e+00  5.53000000e-02  7.99623122e-01  5.53000000e-02  1.00007861e+00  5.53000000e-02  7.99622746e-01  5.53000000e-02  1.00008642e+00  5.53000000e-02  7.99622558e-01  5.53000000e-02  1.00009033e+00  5.53000000e-02  7.99622465e-01  5.53000000e-02  1.00009229e+00 
 5.54000000e-02  2.34207246e+00  5.54000000e-02  1.87721263e+00  5.54000000e-02 -3.01079031e-03  5.54000000e-02 -4.06458345e-04  5.54000000e-02  7.99623875e-01  5.54000000e-02  1.00006269e+00  5.54000000e-02  7.99623122e-01  5.54000000e-02  1.00007846e+00  5.54000000e-02  7.99622746e-01  5.54000000e-02  1.00008635e+00  5.54000000e-02  7.99622559e-01  5.54000000e-02  1.00009029e+00  5.54000000e-02  7.99622465e-01  5.54000000e-02  1.00009227e+00 
 5.55000000e-02  2.34227750e+00  5.55000000e-02  1.87700791e+00  5.55000000e-02 -3.01078903e-03  5.55000000e-02 -4.06459314e-04  5.55000000e-02  7.99623876e-01  5.55000000e-02  1.00006239e+00  5.55000000e-02  7.99623123e-01  5.55000000e-02  1.00007831e+00  5.55000000e-02  7.99622747e-01  5.55000000e-02  1.00008627e+00  5.55000000e-02  7.99622559e-01  5.55000000e-02  1.00009026e+00  5.55000000e-02  7.99622465e-01  5.55000000e-02  1.00009225e+00 
 5.56000000e-02  2.34248246e+00  5.56000000e-02  1.87680327e+00  5.56000000e-02 -3.01078776e-03  5.56000000e-02 -4.06460282e-04  5.56000000e-02  7.99623877e-01  5.56000000e-02  1.00006209e+00  5.56000000e-02  7.99623123e-01  5.56000000e-02  1.00007815e+00  5.56000000e-02  7.99622747e-01  5.56000000e-02  1.00008620e+00  5.56000000e-02  7.99622559e-01  5.56000000e-02  1.00009022e+00  5.56000000e-02  7.99622465e-01  5.56000000e-02  1.00009223e+00 
 5.57000000e-02  2.34268734e+00  5.57000000e-02  1.87659871e+00  5.57000000e-02 -3.01078648e-03  5.57000000e-02 -4.06461249e-04  5.57000000e-02  7.99623878e-01  5.57000000e-02  1.00006179e+00  5.57000000e-02  7.99623124e-01  5.57000000e-02  1.00007800e+00  5.57000000e-02  7.99622747e-01  5.57000000e-02  1.00008612e+00  5.57000000e-02  7.99622559e-01  5.57000000e-02  1.00009018e+00  5.57000000e-02  7.99622465e-01  5.57000000e-02  1.00009221e+00 
 5.58000000e-02  2.34289215e+00  5.58000000e-02  1.87639423e+00  5.58000000e-02 -3.01078520e-03  5.58000000e-02 -4.06462214e-04  5.58000000e-02  7.99623879e-01  5.58000000e-02  1.00006149e+00  5.58000000e-02  7.99623124e-01  5.58000000e-02  1.00007785e+00  5.58000000e-02  7.99622748e-01  5.58000000e-02  1.00008604e+00  5.58000000e-02  7.99622559e-01  5.58000000e-02  1.00009014e+00  5.58000000e-02  7.99622465e-01  5.58000000e-02  1.00009219e+00 
 5.59000000e-02  2.34309687e+00  5.59000000e-02  1.87618983e+00  5.59000000e-02 -3.01078392e-03  5.59000000e-02 -4.06463179e-04  5.59000000e-02  7.99623880e-01  5.59000000e-02  1.00006119e+00  5.59000000e-02  7.99623125e-01  5.59000000e-02  1.00007770e+00  5.59000000e-02  7.99622748e-01  5.59000000e-02  1.00008597e+00  5.59000000e-02  7.99622559e-01  5.59000000e-02  1.00009010e+00  5.59000000e-02  7.99622465e-01  5.59000000e-02  1.00009217e+00 
 5.60000000e-02  2.34330152e+00  5.60000000e-02  1.87598550e+00  5.60000000e-02 -3.01078264e-03  5.60000000e-02 -4.06464142e-04  5.60000000e-02  7.99623881e-01  5.60000000e-02  1.00006089e+00  5.60000000e-02  7.99623126e-01  5.60000000e-02  1.00007755e+00  5.60000000e-02  7.99622748e-01  5.60000000e-02  1.00008589e+00  5.60000000e-02  7.99622559e-01  5.60000000e-02  1.00009007e+00  5.60000000e-02  7.99622465e-01  5.60000000e-02  1.00009215e+00 
 5.61000000e-02  2.34350608e+00  5.61000000e-02  1.87578126e+00  5.61000000e-02 -3.01078136e-03  5.61000000e-02 -4.06465104e-04  5.61000000e-02  7.99623882e-01  5.61000000e-02  1.00006059e+00  5.61000000e-02  7.99623126e-01  5.61000000e-02  1.00007740e+00  5.61000000e-02  7.99622748e-01  5.61000000e-02  1.00008582e+00  5.61000000e-02  7.99622560e-01  5.61000000e-02  1.00009003e+00  5.61000000e-02  7.99622465e-01  5.61000000e-02  1.00009214e+00 
 5.62000000e-02  2.34371057e+00  5.62000000e-02  1.87557710e+00  5.62000000e-02 -3.01078008e-03  5.62000000e-02 -4.06466064e-04  5.62000000e-02  7.99623884e-01  5.62000000e-02  1.00006029e+00  5.62000000e-02  7.99623127e-01  5.62000000e-02  1.00007725e+00  5.62000000e-02  7.99622749e-01  5.62000000e-02  1.00008574e+00  5.62000000e-02  7.99622560e-01  5.62000000e-02  1.00008999e+00  5.62000000e-02  7.99622465e-01  5.62000000e-02  1.00009212e+00 
 5.63000000e-02  2.34391498e+00  5.63000000e-02  1.87537301e+00  5.63000000e-02 -3.01077880e-03  5.63000000e-02 -4.06467024e-04  5.63000000e-02  7.99623885e-01  5.63000000e-02  1.00005999e+00  5.63000000e-02  7.99623127e-01  5.63000000e-02  1.00007710e+00  5.63000000e-02  7.99622749e-01  5.63000000e-02  1.00008567e+00  5.63000000e-02  7.99622560e-01  5.63000000e-02  1.00008995e+00  5.63000000e-02  7.99622465e-01  5.63000000e-02  1.00009210e+00 
 5.64000000e-02  2.34411931e+00  5.64000000e-02  1.87516901e+00  5.64000000e-02 -3.01077752e-03  5.64000000e-02 -4.06467982e-04  5.64000000e-02  7.99623886e-01  5.64000000e-02  1.00005969e+00  5.64000000e-02  7.99623128e-01  5.64000000e-02  1.00007696e+00  5.64000000e-02  7.99622749e-01  5.64000000e-02  1.00008560e+00  5.64000000e-02  7.99622560e-01  5.64000000e-02  1.00008992e+00  5.64000000e-02  7.99622465e-01  5.64000000e-02  1.00009208e+00 
 5.65000000e-02  2.34432356e+00  5.65000000e-02  1.87496508e+00  5.65000000e-02 -3.01077624e-03  5.65000000e-02 -4.06468939e-04  5.65000000e-02  7.99623887e-01  5.65000000e-02  1.00005940e+00  5.65000000e-02  7.99623128e-01  5.65000000e-02  1.00007681e+00  5.65000000e-02  7.99622750e-01  5.65000000e-02  1.00008552e+00  5.65000000e-02  7.99622560e-01  5.65000000e-02  1.00008988e+00  5.65000000e-02  7.99622466e-01  5.65000000e-02  1.00009206e+00 
 5.66000000e-02  2.34452773e+00  5.66000000e-02  1.87476124e+00  5.66000000e-02 -3.01077496e-03  5.66000000e-02 -4.06469895e-04  5.66000000e-02  7.99623888e-01  5.66000000e-02  1.00005910e+00  5.66000000e-02  7.99623129e-01  5.66000000e-02  1.00007666e+00  5.66000000e-02  7.99622750e-01  5.66000000e-02  1.00008545e+00  5.66000000e-02  7.99622560e-01  5.66000000e-02  1.00008984e+00  5.66000000e-02  7.99622466e-01  5.66000000e-02  1.00009204e+00 
 5.67000000e-02  2.34473181e+00  5.67000000e-02  1.87455748e+00  5.67000000e-02 -3.01077368e-03  5.67000000e-02 -4.06470849e-04  5.67000000e-02  7.99623889e-01  5.67000000e-02  1.00005880e+00  5.67000000e-02  7.99623130e-01  5.67000000e-02  1.00007651e+00  5.67000000e-02  7.99622750e-01  5.67000000e-02  1.00008537e+00  5.67000000e-02  7.99622560e-01  5.67000000e-02  1.00008981e+00  5.67000000e-02  7.99622466e-01  5.67000000e-02  1.00009202e+00 
 5.68000000e-02  2.34493582e+00  5.68000000e-02  1.87435379e+00  5.68000000e-02 -3.01077240e-03  5.68000000e-02 -4.06471803e-04  5.68000000e-02  7.99623890e-01  5.68000000e-02  1.00005850e+00  5.68000000e-02  7.99623130e-01  5.68000000e-02  1.00007636e+00  5.68000000e-02  7.99622750e-01  5.68000000e-02  1.00008530e+00  5.68000000e-02  7.99622561e-01  5.68000000e-02  1.00008977e+00  5.68000000e-02  7.99622466e-01  5.68000000e-02  1.00009200e+00 
 5.69000000e-02  2.34513975e+00  5.69000000e-02  1.87415019e+00  5.69000000e-02 -3.01077111e-03  5.69000000e-02 -4.06472755e-04  5.69000000e-02  7.99623891e-01  5.69000000e-02  1.00005821e+00  5.69000000e-02  7.99623131e-01  5.69000000e-02  1.00007621e+00  5.69000000e-02  7.99622751e-01  5.69000000e-02  1.00008522e+00  5.69000000e-02  7.99622561e-01  5.69000000e-02  1.00008973e+00  5.69000000e-02  7.99622466e-01  5.69000000e-02  1.00009199e+00 
 5.70000000e-02  2.34534360e+00  5.70000000e-02  1.87394667e+00  5.70000000e-02 -3.01076983e-03  5.70000000e-02 -4.06473706e-04  5.70000000e-02  7.99623893e-01  5.70000000e-02  1.00005791e+00  5.70000000e-02  7.99623131e-01  5.70000000e-02  1.00007606e+00  5.70000000e-02  7.99622751e-01  5.70000000e-02  1.00008515e+00  5.70000000e-02  7.99622561e-01  5.70000000e-02  1.00008969e+00  5.70000000e-02  7.99622466e-01  5.70000000e-02  1.00009197e+00 
 5.71000000e-02  2.34554736e+00  5.71000000e-02  1.87374323e+00  5.71000000e-02 -3.01076855e-03  5.71000000e-02 -4.06474656e-04  5.71000000e-02  7.99623894e-01  5.71000000e-02  1.00005762e+00  5.71000000e-02  7.99623132e-01  5.71000000e-02  1.00007592e+00  5.71000000e-02  7.99622751e-01  5.71000000e-02  1.00008508e+00  5.71000000e-02  7.99622561e-01  5.71000000e-02  1.00008966e+00  5.71000000e-02  7.99622466e-01  5.71000000e-02  1.00009195e+00 
 5.72000000e-02  2.34575104e+00  5.72000000e-02  1.87353987e+00  5.72000000e-02 -3.01076727e-03  5.72000000e-02 -4.06475604e-04  5.72000000e-02  7.99623895e-01  5.72000000e-02  1.00005732e+00  5.72000000e-02  7.99623132e-01  5.72000000e-02  1.00007577e+00  5.72000000e-02  7.99622752e-01  5.72000000e-02  1.00008500e+00  5.72000000e-02  7.99622561e-01  5.72000000e-02  1.00008962e+00  5.72000000e-02  7.99622466e-01  5.72000000e-02  1.00009193e+00 
 5.73000000e-02  2.34595465e+00  5.73000000e-02  1.87333659e+00  5.73000000e-02 -3.01076599e-03  5.73000000e-02 -4.06476551e-04  5.73000000e-02  7.99623896e-01  5.73000000e-02  1.00005703e+00  5.73000000e-02  7.99623133e-01  5.73000000e-02  1.00007562e+00  5.73000000e-02  7.99622752e-01  5.73000000e-02  1.00008493e+00  5.73000000e-02  7.99622561e-01  5.73000000e-02  1.00008958e+00  5.73000000e-02  7.99622466e-01  5.73000000e-02  1.00009191e+00 
 5.74000000e-02  2.34615817e+00  5.74000000e-02  1.87313339e+00  5.74000000e-02 -3.01076470e-03  5.74000000e-02 -4.06477498e-04  5.74000000e-02  7.99623897e-01  5.74000000e-02  1.00005673e+00  5.74000000e-02  7.99623133e-01  5.74000000e-02  1.00007547e+00  5.74000000e-02  7.99622752e-01  5.74000000e-02  1.00008485e+00  5.74000000e-02  7.99622561e-01  5.74000000e-02  1.00008955e+00  5.74000000e-02  7.99622466e-01  5.74000000e-02  1.00009189e+00 
 5.75000000e-02  2.34636161e+00  5.75000000e-02  1.87293027e+00  5.75000000e-02 -3.01076342e-03  5.75000000e-02 -4.06478442e-04  5.75000000e-02  7.99623898e-01  5.75000000e-02  1.00005644e+00  5.75000000e-02  7.99623134e-01  5.75000000e-02  1.00007533e+00  5.75000000e-02  7.99622752e-01  5.75000000e-02  1.00008478e+00  5.75000000e-02  7.99622562e-01  5.75000000e-02  1.00008951e+00  5.75000000e-02  7.99622466e-01  5.75000000e-02  1.00009188e+00 
 5.76000000e-02  2.34656497e+00  5.76000000e-02  1.87272724e+00  5.76000000e-02 -3.01076214e-03  5.76000000e-02 -4.06479386e-04  5.76000000e-02  7.99623899e-01  5.76000000e-02  1.00005614e+00  5.76000000e-02  7.99623135e-01  5.76000000e-02  1.00007518e+00  5.76000000e-02  7.99622753e-01  5.76000000e-02  1.00008471e+00  5.76000000e-02  7.99622562e-01  5.76000000e-02  1.00008947e+00  5.76000000e-02  7.99622466e-01  5.76000000e-02  1.00009186e+00 
 5.77000000e-02  2.34676824e+00  5.77000000e-02  1.87252429e+00  5.77000000e-02 -3.01076085e-03  5.77000000e-02 -4.06480329e-04  5.77000000e-02  7.99623900e-01  5.77000000e-02  1.00005585e+00  5.77000000e-02  7.99623135e-01  5.77000000e-02  1.00007503e+00  5.77000000e-02  7.99622753e-01  5.77000000e-02  1.00008463e+00  5.77000000e-02  7.99622562e-01  5.77000000e-02  1.00008944e+00  5.77000000e-02  7.99622466e-01  5.77000000e-02  1.00009184e+00 
 5.78000000e-02  2.34697144e+00  5.78000000e-02  1.87232142e+00  5.78000000e-02 -3.01075957e-03  5.78000000e-02 -4.06481270e-04  5.78000000e-02  7.99623902e-01  5.78000000e-02  1.00005556e+00  5.78000000e-02  7.99623136e-01  5.78000000e-02  1.00007489e+00  5.78000000e-02  7.99622753e-01  5.78000000e-02  1.00008456e+00  5.78000000e-02  7.99622562e-01  5.78000000e-02  1.00008940e+00  5.78000000e-02  7.99622467e-01  5.78000000e-02  1.00009182e+00 
 5.79000000e-02  2.34717455e+00  5.79000000e-02  1.87211863e+00  5.79000000e-02 -3.01075828e-03  5.79000000e-02 -4.06482210e-04  5.79000000e-02  7.99623903e-01  5.79000000e-02  1.00005526e+00  5.79000000e-02  7.99623136e-01  5.79000000e-02  1.00007474e+00  5.79000000e-02  7.99622753e-01  5.79000000e-02  1.00008449e+00  5.79000000e-02  7.99622562e-01  5.79000000e-02  1.00008936e+00  5.79000000e-02  7.99622467e-01  5.79000000e-02  1.00009180e+00 
 5.80000000e-02  2.34737758e+00  5.80000000e-02  1.87191593e+00  5.80000000e-02 -3.01075700e-03  5.80000000e-02 -4.06483149e-04  5.80000000e-02  7.99623904e-01  5.80000000e-02  1.00005497e+00  5.80000000e-02  7.99623137e-01  5.80000000e-02  1.00007459e+00  5.80000000e-02  7.99622754e-01  5.80000000e-02  1.00008441e+00  5.80000000e-02  7.99622562e-01  5.80000000e-02  1.00008933e+00  5.80000000e-02  7.99622467e-01  5.80000000e-02  1.00009178e+00 
 5.81000000e-02  2.34758053e+00  5.81000000e-02  1.87171331e+00  5.81000000e-02 -3.01075571e-03  5.81000000e-02 -4.06484087e-04  5.81000000e-02  7.99623905e-01  5.81000000e-02  1.00005468e+00  5.81000000e-02  7.99623137e-01  5.81000000e-02  1.00007445e+00  5.81000000e-02  7.99622754e-01  5.81000000e-02  1.00008434e+00  5.81000000e-02  7.99622562e-01  5.81000000e-02  1.00008929e+00  5.81000000e-02  7.99622467e-01  5.81000000e-02  1.00009177e+00 
 5.82000000e-02  2.34778339e+00  5.82000000e-02  1.87151077e+00  5.82000000e-02 -3.01075443e-03  5.82000000e-02 -4.06485023e-04  5.82000000e-02  7.99623906e-01  5.82000000e-02  1.00005439e+00  5.82000000e-02  7.99623138e-01  5.82000000e-02  1.00007430e+00  5.82000000e-02  7.99622754e-01  5.82000000e-02  1.00008427e+00  5.82000000e-02  7.99622563e-01  5.82000000e-02  1.00008925e+00  5.82000000e-02  7.99622467e-01  5.82000000e-02  1.00009175e+00 
 5.83000000e-02  2.34798617e+00  5.83000000e-02  1.87130831e+00  5.83000000e-02 -3.01075314e-03  5.83000000e-02 -4.06485958e-04  5.83000000e-02  7.99623907e-01  5.83000000e-02  1.00005410e+00  5.83000000e-02  7.99623138e-01  5.83000000e-02  1.00007415e+00  5.83000000e-02  7.99622755e-01  5.83000000e-02  1.00008419e+00  5.83000000e-02  7.99622563e-01  5.83000000e-02  1.00008922e+00  5.83000000e-02  7.99622467e-01  5.83000000e-02  1.00009173e+00 
 5.84000000e-02  2.34818887e+00  5.84000000e-02  1.87110594e+00  5.84000000e-02 -3.01075186e-03  5.84000000e-02 -4.06486892e-04  5.84000000e-02  7.99623908e-01  5.84000000e-02  1.00005381e+00  5.84000000e-02  7.99623139e-01  5.84000000e-02  1.00007401e+00  5.84000000e-02  7.99622755e-01  5.84000000e-02  1.00008412e+00  5.84000000e-02  7.99622563e-01  5.84000000e-02  1.00008918e+00  5.84000000e-02  7.99622467e-01  5.84000000e-02  1.00009171e+00 
 5.85000000e-02  2.34839149e+00  5.85000000e-02  1.87090365e+00  5.85000000e-02 -3.01075057e-03  5.85000000e-02 -4.06487825e-04  5.85000000e-02  7.99623909e-01  5.85000000e-02  1.00005352e+00  5.85000000e-02  7.99623140e-01  5.85000000e-02  1.00007386e+00  5.85000000e-02  7.99622755e-01  5.85000000e-02  1.00008405e+00  5.85000000e-02  7.99622563e-01  5.85000000e-02  1.00008914e+00  5.85000000e-02  7.99622467e-01  5.85000000e-02  1.00009169e+00 
 5.86000000e-02  2.34859402e+00  5.86000000e-02  1.87070144e+00  5.86000000e-02 -3.01074928e-03  5.86000000e-02 -4.06488757e-04  5.86000000e-02  7.99623911e-01  5.86000000e-02  1.00005323e+00  5.86000000e-02  7.99623140e-01  5.86000000e-02  1.00007372e+00  5.86000000e-02  7.99622755e-01  5.86000000e-02  1.00008398e+00  5.86000000e-02  7.99622563e-01  5.86000000e-02  1.00008911e+00  5.86000000e-02  7.99622467e-01  5.86000000e-02  1.00009167e+00 
 5.87000000e-02  2.34879647e+00  5.87000000e-02  1.87049932e+00  5.87000000e-02 -3.01074800e-03  5.87000000e-02 -4.06489687e-04  5.87000000e-02  7.99623912e-01  5.87000000e-02  1.00005294e+00  5.87000000e-02  7.99623141e-01  5.87000000e-02  1.00007357e+00  5.87000000e-02  7.99622756e-01  5.87000000e-02  1.00008390e+00  5.87000000e-02  7.99622563e-01  5.87000000e-02  1.00008907e+00  5.87000000e-02  7.99622467e-01  5.87000000e-02  1.00009166e+00 
 5.88000000e-02  2.34899883e+00  5.88000000e-02  1.87029728e+00  5.88000000e-02 -3.01074671e-03  5.88000000e-02 -4.06490617e-04  5.88000000e-02  7.99623913e-01  5.88000000e-02  1.00005265e+00  5.88000000e-02  7.99623141e-01  5.88000000e-02  1.00007343e+00  5.88000000e-02  7.99622756e-01  5.88000000e-02  1.00008383e+00  5.88000000e-02  7.99622563e-01  5.88000000e-02  1.00008904e+00  5.88000000e-02  7.99622467e-01  5.88000000e-02  1.00009164e+00 
 5.89000000e-02  2.34920111e+00  5.89000000e-02  1.87009532e+00  5.89000000e-02 -3.01074542e-03  5.89000000e-02 -4.06491545e-04  5.89000000e-02  7.99623914e-01  5.89000000e-02  1.00005236e+00  5.89000000e-02  7.99623142e-01  5.89000000e-02  1.00007328e+00  5.89000000e-02  7.99622756e-01  5.89000000e-02  1.00008376e+00  5.89000000e-02  7.99622564e-01  5.89000000e-02  1.00008900e+00  5.89000000e-02  7.99622467e-01  5.89000000e-02  1.00009162e+00 
 5.90000000e-02  2.34940331e+00  5.90000000e-02  1.86989345e+00  5.90000000e-02 -3.01074413e-03  5.90000000e-02 -4.06492472e-04  5.90000000e-02  7.99623915e-01  5.90000000e-02  1.00005207e+00  5.90000000e-02  7.99623142e-01  5.90000000e-02  1.00007314e+00  5.90000000e-02  7.99622757e-01  5.90000000e-02  1.00008369e+00  5.90000000e-02  7.99622564e-01  5.90000000e-02  1.00008896e+00  5.90000000e-02  7.99622467e-01  5.90000000e-02  1.00009160e+00 
 5.91000000e-02  2.34960542e+00  5.91000000e-02  1.86969167e+00  5.91000000e-02 -3.01074284e-03  5.91000000e-02 -4.06493397e-04  5.91000000e-02  7.99623916e-01  5.91000000e-02  1.00005178e+00  5.91000000e-02  7.99623143e-01  5.91000000e-02  1.00007300e+00  5.91000000e-02  7.99622757e-01  5.91000000e-02  1.00008361e+00  5.91000000e-02  7.99622564e-01  5.91000000e-02  1.00008893e+00  5.91000000e-02  7.99622467e-01  5.91000000e-02  1.00009158e+00 
 5.92000000e-02  2.34980745e+00  5.92000000e-02  1.86948997e+00  5.92000000e-02 -3.01074155e-03  5.92000000e-02 -4.06494322e-04  5.92000000e-02  7.99623917e-01  5.92000000e-02  1.00005149e+00  5.92000000e-02  7.99623144e-01  5.92000000e-02  1.00007285e+00  5.92000000e-02  7.99622757e-01  5.92000000e-02  1.00008354e+00  5.92000000e-02  7.99622564e-01  5.92000000e-02  1.00008889e+00  5.92000000e-02  7.99622468e-01  5.92000000e-02  1.00009157e+00 
 5.93000000e-02  2.35000939e+00  5.93000000e-02  1.86928835e+00  5.93000000e-02 -3.01074027e-03  5.93000000e-02 -4.06495245e-04  5.93000000e-02  7.99623918e-01  5.93000000e-02  1.00005120e+00  5.93000000e-02  7.99623144e-01  5.93000000e-02  1.00007271e+00  5.93000000e-02  7.99622757e-01  5.93000000e-02  1.00008347e+00  5.93000000e-02  7.99622564e-01  5.93000000e-02  1.00008885e+00  5.93000000e-02  7.99622468e-01  5.93000000e-02  1.00009155e+00 
 5.94000000e-02  2.35021125e+00  5.94000000e-02  1.86908682e+00  5.94000000e-02 -3.01073898e-03  5.94000000e-02 -4.06496167e-04  5.94000000e-02  7.99623919e-01  5.94000000e-02  1.00005092e+00  5.94000000e-02  7.99623145e-01  5.94000000e-02  1.00007256e+00  5.94000000e-02  7.99622758e-01  5.94000000e-02  1.00008340e+00  5.94000000e-02  7.99622564e-01  5.94000000e-02  1.00008882e+00  5.94000000e-02  7.99622468e-01  5.94000000e-02  1.00009153e+00 
 5.95000000e-02  2.35041302e+00  5.95000000e-02  1.86888537e+00  5.95000000e-02 -3.01073769e-03  5.95000000e-02 -4.06497088e-04  5.95000000e-02  7.99623921e-01  5.95000000e-02  1.00005063e+00  5.95000000e-02  7.99623145e-01  5.95000000e-02  1.00007242e+00  5.95000000e-02  7.99622758e-01  5.95000000e-02  1.00008333e+00  5.95000000e-02  7.99622565e-01  5.95000000e-02  1.00008878e+00  5.95000000e-02  7.99622468e-01  5.95000000e-02  1.00009151e+00 
 5.96000000e-02  2.35061471e+00  5.96000000e-02  1.86868401e+00  5.96000000e-02 -3.01073640e-03  5.96000000e-02 -4.06498008e-04  5.96000000e-02  7.99623922e-01  5.96000000e-02  1.00005034e+00  5.96000000e-02  7.99623146e-01  5.96000000e-02  1.00007228e+00  5.96000000e-02  7.99622758e-01  5.96000000e-02  1.00008326e+00  5.96000000e-02  7.99622565e-01  5.96000000e-02  1.00008875e+00  5.96000000e-02  7.99622468e-01  5.96000000e-02  1.00009149e+00 
 5.97000000e-02  2.35081631e+00  5.97000000e-02  1.86848273e+00  5.97000000e-02 -3.01073510e-03  5.97000000e-02 -4.06498926e-04  5.97000000e-02  7.99623923e-01  5.97000000e-02  1.00005006e+00  5.97000000e-02  7.99623146e-01  5.97000000e-02  1.00007213e+00  5.97000000e-02  7.99622759e-01  5.97000000e-02  1.00008318e+00  5.97000000e-02  7.99622565e-01  5.97000000e-02  1.00008871e+00  5.97000000e-02  7.99622468e-01  5.97000000e-02  1.00009148e+00 
 5.98000000e-02  2.35101783e+00  5.98000000e-02  1.86828154e+00  5.98000000e-02 -3.01073381e-03  5.98000000e-02 -4.06499843e-04  5.98000000e-02  7.99623924e-01  5.98000000e-02  1.00004977e+00  5.98000000e-02  7.99623147e-01  5.98000000e-02  1.00007199e+00  5.98000000e-02  7.99622759e-01  5.98000000e-02  1.00008311e+00  5.98000000e-02  7.99622565e-01  5.98000000e-02  1.00008868e+00  5.98000000e-02  7.99622468e-01  5.98000000e-02  1.00009146e+00 
 5.99000000e-02  2.35121926e+00  5.99000000e-02  1.86808044e+00  5.99000000e-02 -3.01073252e-03  5.99000000e-02 -4.06500760e-04  5.99000000e-02  7.99623925e-01  5.99000000e-02  1.00004949e+00  5.99000000e-02  7.99623147e-01  5.99000000e-02  1.00007185e+00  5.99000000e-02  7.99622759e-01  5.99000000e-02  1.00008304e+00  5.99000000e-02  7.99622565e-01  5.99000000e-02  1.00008864e+00  5.99000000e-02  7.99622468e-01  5.99000000e-02  1.00009144e+00 
 6.00000000e-02  2.35142061e+00  6.00000000e-02  1.86787942e+00  6.00000000e-02 -3.01073123e-03  6.00000000e-02 -4.06501675e-04  6.00000000e-02  7.99623926e-01  6.00000000e-02  1.00004920e+00  6.00000000e-02  7.99623148e-01  6.00000000e-02  1.00007171e+00  6.00000000e-02  7.99622759e-01  6.00000000e-02  1.00008297e+00  6.00000000e-02  7.99622565e-01  6.00000000e-02  1.00008860e+00  6.00000000e-02  7.99622468e-01  6.00000000e-02  1.00009142e+00 
