time="2026-09-23T11:16:10+02:00" level=warning msg="Network file system detected as backing store.  Enforcing overlay option `force_mask=\"700\"`.  Add it to storage.conf to silence this warning"
time="2026-09-23T11:16:11+02:00" level=warning msg="Network file system detected as backing store.  Enforcing overlay option `force_mask=\"700\"`.  Add it to storage.conf to silence this warning"
Resource enforcement: CPU affinity; memory reservation only (rootless cgroups v1).
time="2026-09-23T11:16:12+02:00" level=warning msg="Network file system detected as backing store.  Enforcing overlay option `force_mask=\"700\"`.  Add it to storage.conf to silence this warning"
{
  "status": "passed conditional nonlinear OP completion and source controls",
  "simulation": "completed",
  "case": "kpex",
  "adoption": "not run",
  "physical_IR": "not qualified",
  "no_double_count": "unresolved",
  "runtime": {
    "command": [
      "stdbuf",
      "-o0",
      "-e0",
      "ngspice",
      "-b",
      "nominal.cir"
    ],
    "started_utc": "2026-09-23T09:16:19.852332+00:00",
    "status": "completed",
    "timeout_s": 600,
    "runtime_arch": "x86_64",
    "stdio_unbuffered": true,
    "pid": 9,
    "wall_s": 430.45471074059606,
    "sampled_utc": "2026-09-23T09:23:30.293690+00:00",
    "log_bytes": 2243829,
    "resources": {
      "VmHWM": "143048 kB",
      "VmRSS": "143048 kB",
      "Threads": "1"
    },
    "cpu_ticks": [
      "39262",
      "389"
    ],
    "last_reported_sim_time_s": 0.0,
    "returncode": 0,
    "finished_utc": "2026-09-23T09:23:30.307625+00:00"
  },
  "errors": [],
  "warnings": [
    "OSDI(debug) n.xbgr.xr84_u5.nr1: WARNING: V(i1,c) voltage is greater than specified by vmax",
    "OSDI(debug) n.xbgr.xr84_u5.nr1: WARNING: V(i2,c) voltage is greater than specified by vmax",
    "OSDI(debug) n.xbgr.xr84_u4.nr1: WARNING: V(i1,c) voltage is greater than specified by vmax",
    "OSDI(debug) n.xbgr.xr84_u4.nr1: WARNING: V(i2,c) voltage is greater than specified by vmax",
    "OSDI(debug) n.xbgr.xr84_u3.nr1: WARNING: V(i1,c) voltage is greater than specified by vmax",
    "OSDI(debug) n.xbgr.xr84_u3.nr1: WARNING: V(i2,c) voltage is greater than specified by vmax",
    "OSDI(debug) n.xbgr.xr84_u2.nr1: WARNING: V(i1,c) voltage is greater than specified by vmax",
    "OSDI(debug) n.xbgr.xr84_u2.nr1: WARNING: V(i2,c) voltage is greater than specified by vmax",
    "OSDI(debug) n.xbgr.xr83_u24.nr1: WARNING: V(i1,c) voltage is greater than specified by vmax",
    "OSDI(debug) n.xbgr.xr83_u24.nr1: WARNING: V(i2,c) voltage is greater than specified by vmax",
    "OSDI(debug) n.xbgr.xr83_u23.nr1: WARNING: V(i1,c) voltage is greater than specified by vmax",
    "OSDI(debug) n.xbgr.xr83_u23.nr1: WARNING: V(i2,c) voltage is greater than specified by vmax",
    "OSDI(debug) n.xbgr.xr83_u22.nr1: WARNING: V(i1,c) voltage is greater than specified by vmax",
    "OSDI(debug) n.xbgr.xr83_u22.nr1: WARNING: V(i2,c) voltage is greater than specified by vmax",
    "OSDI(debug) n.xbgr.xr83_u21.nr1: WARNING: V(i1,c) voltage is greater than specified by vmax",
    "OSDI(debug) n.xbgr.xr83_u21.nr1: WARNING: V(i2,c) voltage is greater than specified by vmax",
    "OSDI(debug) n.xbgr.xr83_u20.nr1: WARNING: V(i1,c) voltage is greater than specified by vmax",
    "OSDI(debug) n.xbgr.xr83_u20.nr1: WARNING: V(i2,c) voltage is greater than specified by vmax",
    "OSDI(debug) n.xbgr.xr83_u19.nr1: WARNING: V(i1,c) voltage is greater than specified by vmax",
    "OSDI(debug) n.xbgr.xr83_u19.nr1: WARNING: V(i2,c) voltage is greater than specified by vmax",
    "OSDI(debug) n.xbgr.xr83_u18.nr1: WARNING: V(i1,c) voltage is greater than specified by vmax",
    "OSDI(debug) n.xbgr.xr83_u18.nr1: WARNING: V(i2,c) voltage is greater than specified by vmax",
    "OSDI(debug) n.xbgr.xr83_u17.nr1: WARNING: V(i1,c) voltage is greater than specified by vmax",
    "OSDI(debug) n.xbgr.xr83_u17.nr1: WARNING: V(i2,c) voltage is greater than specified by vmax",
    "OSDI(debug) n.xbgr.xr83_u16.nr1: WARNING: V(i1,c) voltage is greater than specified by vmax",
    "OSDI(debug) n.xbgr.xr83_u16.nr1: WARNING: V(i2,c) voltage is greater than specified by vmax",
    "OSDI(debug) n.xbgr.xr83_u15.nr1: WARNING: V(i1,c) voltage is greater than specified by vmax",
    "OSDI(debug) n.xbgr.xr83_u15.nr1: WARNING: V(i2,c) voltage is greater than specified by vmax",
    "OSDI(debug) n.xbgr.xr83_u14.nr1: WARNING: V(i1,c) voltage is greater than specified by vmax",
    "OSDI(debug) n.xbgr.xr83_u14.nr1: WARNING: V(i2,c) voltage is greater than specified by vmax",
    "OSDI(debug) n.xbgr.xr83_u13.nr1: WARNING: V(i1,c) voltage is greater than specified by vmax",
    "OSDI(debug) n.xbgr.xr83_u13.nr1: WARNING: V(i2,c) voltage is greater than specified by vmax",
    "OSDI(debug) n.xbgr.xr83_u12.nr1: WARNING: V(i1,c) voltage is greater than specified by vmax",
    "OSDI(debug) n.xbgr.xr83_u12.nr1: WARNING: V(i2,c) voltage is greater than specified by vmax",
    "OSDI(debug) n.xbgr.xr83_u11.nr1: WARNING: V(i1,c) voltage is greater than specified by vmax",
    "OSDI(debug) n.xbgr.xr83_u11.nr1: WARNING: V(i2,c) voltage is greater than specified by vmax",
    "OSDI(debug) n.xbgr.xr83_u10.nr1: WARNING: V(i1,c) voltage is greater than specified by vmax",
    "OSDI(debug) n.xbgr.xr83_u10.nr1: WARNING: V(i2,c) voltage is greater than specified by vmax",
    "OSDI(debug) n.xbgr.xr83_u9.nr1: WARNING: V(i1,c) voltage is greater than specified by vmax",
    "OSDI(debug) n.xbgr.xr83_u9.nr1: WARNING: V(i2,c) voltage is greater than specified by vmax",
    "OSDI(debug) n.xbgr.xr83_u8.nr1: WARNING: V(i1,c) voltage is greater than specified by vmax",
    "OSDI(debug) n.xbgr.xr83_u8.nr1: WARNING: V(i2,c) voltage is greater than specified by vmax",
    "OSDI(debug) n.xbgr.xr83_u7.nr1: WARNING: V(i1,c) voltage is greater than specified by vmax",
    "OSDI(debug) n.xbgr.xr83_u7.nr1: WARNING: V(i2,c) voltage is greater than specified by vmax",
    "OSDI(debug) n.xbgr.xr83_u6.nr1: WARNING: V(i1,c) voltage is greater than specified by vmax",
    "OSDI(debug) n.xbgr.xr83_u6.nr1: WARNING: V(i2,c) voltage is greater than specified by vmax",
    "OSDI(debug) n.xbgr.xr83_u5.nr1: WARNING: V(i1,c) voltage is greater than specified by vmax",
    "OSDI(debug) n.xbgr.xr83_u5.nr1: WARNING: V(i2,c) voltage is greater than specified by vmax",
    "OSDI(debug) n.xbgr.xr83_u4.nr1: WARNING: V(i1,c) voltage is greater than specified by vmax",
    "OSDI(debug) n.xbgr.xr83_u4.nr1: WARNING: V(i2,c) voltage is greater than specified by vmax",
    "OSDI(debug) n.xbgr.xr83_u3.nr1: WARNING: V(i1,c) voltage is greater than specified by vmax",
    "OSDI(debug) n.xbgr.xr83_u3.nr1: WARNING: V(i2,c) voltage is greater than specified by vmax",
    "OSDI(debug) n.xbgr.xr83_u2.nr1: WARNING: V(i1,c) voltage is greater than specified by vmax",
    "OSDI(debug) n.xbgr.xr83_u2.nr1: WARNING: V(i2,c) voltage is greater than specified by vmax",
    "OSDI(debug) n.xbgr.xr82_u24.nr1: WARNING: V(i1,c) voltage is greater than specified by vmax",
    "OSDI(debug) n.xbgr.xr82_u24.nr1: WARNING: V(i2,c) voltage is greater than specified by vmax",
    "OSDI(debug) n.xbgr.xr82_u23.nr1: WARNING: V(i1,c) voltage is greater than specified by vmax",
    "OSDI(debug) n.xbgr.xr82_u23.nr1: WARNING: V(i2,c) voltage is greater than specified by vmax",
    "OSDI(debug) n.xbgr.xr82_u22.nr1: WARNING: V(i1,c) voltage is greater than specified by vmax",
    "OSDI(debug) n.xbgr.xr82_u22.nr1: WARNING: V(i2,c) voltage is greater than specified by vmax",
    "OSDI(debug) n.xbgr.xr82_u21.nr1: WARNING: V(i1,c) voltage is greater than specified by vmax",
    "OSDI(debug) n.xbgr.xr82_u21.nr1: WARNING: V(i2,c) voltage is greater than specified by vmax",
    "OSDI(debug) n.xbgr.xr82_u20.nr1: WARNING: V(i1,c) voltage is greater than specified by vmax",
    "OSDI(debug) n.xbgr.xr82_u20.nr1: WARNING: V(i2,c) voltage is greater than specified by vmax",
    "OSDI(debug) n.xbgr.xr82_u19.nr1: WARNING: V(i1,c) voltage is greater than specified by vmax",
    "OSDI(debug) n.xbgr.xr82_u19.nr1: WARNING: V(i2,c) voltage is greater than specified by vmax",
    "OSDI(debug) n.xbgr.xr82_u18.nr1: WARNING: V(i1,c) voltage is greater than specified by vmax",
    "OSDI(debug) n.xbgr.xr82_u18.nr1: WARNING: V(i2,c) voltage is greater than specified by vmax",
    "OSDI(debug) n.xbgr.xr82_u17.nr1: WARNING: V(i1,c) voltage is greater than specified by vmax",
    "OSDI(debug) n.xbgr.xr82_u17.nr1: WARNING: V(i2,c) voltage is greater than specified by vmax",
    "OSDI(debug) n.xbgr.xr82_u16.nr1: WARNING: V(i1,c) voltage is greater than specified by vmax",
    "OSDI(debug) n.xbgr.xr82_u16.nr1: WARNING: V(i2,c) voltage is greater than specified by vmax",
    "OSDI(debug) n.xbgr.xr82_u15.nr1: WARNING: V(i1,c) voltage is greater than specified by vmax",
    "OSDI(debug) n.xbgr.xr82_u15.nr1: WARNING: V(i2,c) voltage is greater than specified by vmax",
    "OSDI(debug) n.xbgr.xr82_u14.nr1: WARNING: V(i1,c) voltage is greater than specified by vmax",
    "OSDI(debug) n.xbgr.xr82_u14.nr1: WARNING: V(i2,c) voltage is greater than specified by vmax",
    "OSDI(debug) n.xbgr.xr82_u13.nr1: WARNING: V(i1,c) voltage is greater than specified by vmax",
    "OSDI(debug) n.xbgr.xr82_u13.nr1: WARNING: V(i2,c) voltage is greater than specified by vmax",
    "OSDI(debug) n.xbgr.xr82_u12.nr1: WARNING: V(i1,c) voltage is greater than specified by vmax",
    "OSDI(debug) n.xbgr.xr82_u12.nr1: WARNING: V(i2,c) voltage is greater than specified by vmax",
    "OSDI(debug) n.xbgr.xr82_u11.nr1: WARNING: V(i1,c) voltage is greater than specified by vmax",
    "OSDI(debug) n.xbgr.xr82_u11.nr1: WARNING: V(i2,c) voltage is greater than specified by vmax",
    "OSDI(debug) n.xbgr.xr82_u10.nr1: WARNING: V(i1,c) voltage is greater than specified by vmax",
    "OSDI(debug) n.xbgr.xr82_u10.nr1: WARNING: V(i2,c) voltage is greater than specified by vmax",
    "OSDI(debug) n.xbgr.xr82_u9.nr1: WARNING: V(i1,c) voltage is greater than specified by vmax",
    "OSDI(debug) n.xbgr.xr82_u9.nr1: WARNING: V(i2,c) voltage is greater than specified by vmax",
    "OSDI(debug) n.xbgr.xr82_u8.nr1: WARNING: V(i1,c) voltage is greater than specified by vmax",
    "OSDI(debug) n.xbgr.xr82_u8.nr1: WARNING: V(i2,c) voltage is greater than specified by vmax",
    "OSDI(debug) n.xbgr.xr82_u7.nr1: WARNING: V(i1,c) voltage is greater than specified by vmax",
    "OSDI(debug) n.xbgr.xr82_u7.nr1: WARNING: V(i2,c) voltage is greater than specified by vmax",
    "OSDI(debug) n.xbgr.xr82_u6.nr1: WARNING: V(i1,c) voltage is greater than specified by vmax",
    "OSDI(debug) n.xbgr.xr82_u6.nr1: WARNING: V(i2,c) voltage is greater than specified by vmax",
    "OSDI(debug) n.xbgr.xr82_u5.nr1: WARNING: V(i1,c) voltage is greater than specified by vmax",
    "OSDI(debug) n.xbgr.xr82_u5.nr1: WARNING: V(i2,c) voltage is greater than specified by vmax",
    "OSDI(debug) n.xbgr.xr82_u4.nr1: WARNING: V(i1,c) voltage is greater than specified by vmax",
    "OSDI(debug) n.xbgr.xr82_u4.nr1: WARNING: V(i2,c) voltage is greater than specified by vmax",
    "OSDI(debug) n.xbgr.xr82_u3.nr1: WARNING: V(i1,c) voltage is greater than specified by vmax",
    "OSDI(debug) n.xbgr.xr82_u3.nr1: WARNING: V(i2,c) voltage is greater than specified by vmax",
    "OSDI(debug) n.xbgr.xr82_u2.nr1: WARNING: V(i1,c) voltage is greater than specified by vmax",
    "OSDI(debug) n.xbgr.xr82_u2.nr1: WARNING: V(i2,c) voltage is greater than specified by vmax",
    "OSDI(debug) n.xbgr.xr81_u24.nr1: WARNING: V(i1,c) voltage is greater than specified by vmax",
    "OSDI(debug) n.xbgr.xr81_u24.nr1: WARNING: V(i2,c) voltage is greater than specified by vmax",
    "OSDI(debug) n.xbgr.xr81_u23.nr1: WARNING: V(i1,c) voltage is greater than specified by vmax",
    "OSDI(debug) n.xbgr.xr81_u23.nr1: WARNING: V(i2,c) voltage is greater than specified by vmax",
    "OSDI(debug) n.xbgr.xr81_u22.nr1: WARNING: V(i1,c) voltage is greater than specified by vmax",
    "OSDI(debug) n.xbgr.xr81_u22.nr1: WARNING: V(i2,c) voltage is greater than specified by vmax",
    "OSDI(debug) n.xbgr.xr81_u21.nr1: WARNING: V(i1,c) voltage is greater than specified by vmax",
    "OSDI(debug) n.xbgr.xr81_u21.nr1: WARNING: V(i2,c) voltage is greater than specified by vmax",
    "OSDI(debug) n.xbgr.xr81_u20.nr1: WARNING: V(i1,c) voltage is greater than specified by vmax",
    "OSDI(debug) n.xbgr.xr81_u20.nr1: WARNING: V(i2,c) voltage is greater than specified by vmax",
    "OSDI(debug) n.xbgr.xr81_u19.nr1: WARNING: V(i1,c) voltage is greater than specified by vmax",
    "OSDI(debug) n.xbgr.xr81_u19.nr1: WARNING: V(i2,c) voltage is greater than specified by vmax",
    "OSDI(debug) n.xbgr.xr81_u18.nr1: WARNING: V(i1,c) voltage is greater than specified by vmax",
    "OSDI(debug) n.xbgr.xr81_u18.nr1: WARNING: V(i2,c) voltage is greater than specified by vmax",
    "OSDI(debug) n.xbgr.xr81_u17.nr1: WARNING: V(i1,c) voltage is greater than specified by vmax",
    "OSDI(debug) n.xbgr.xr81_u17.nr1: WARNING: V(i2,c) voltage is greater than specified by vmax",
    "OSDI(debug) n.xbgr.xr81_u16.nr1: WARNING: V(i1,c) voltage is greater than specified by vmax",
    "OSDI(debug) n.xbgr.xr81_u16.nr1: WARNING: V(i2,c) voltage is greater than specified by vmax",
    "OSDI(debug) n.xbgr.xr81_u15.nr1: WARNING: V(i1,c) voltage is greater than specified by vmax",
    "OSDI(debug) n.xbgr.xr81_u15.nr1: WARNING: V(i2,c) voltage is greater than specified by vmax",
    "OSDI(debug) n.xbgr.xr81_u14.nr1: WARNING: V(i1,c) voltage is greater than specified by vmax",
    "OSDI(debug) n.xbgr.xr81_u14.nr1: WARNING: V(i2,c) voltage is greater than specified by vmax",
    "OSDI(debug) n.xbgr.xr81_u13.nr1: WARNING: V(i1,c) voltage is greater than specified by vmax",
    "OSDI(debug) n.xbgr.xr81_u13.nr1: WARNING: V(i2,c) voltage is greater than specified by vmax",
    "OSDI(debug) n.xbgr.xr81_u12.nr1: WARNING: V(i1,c) voltage is greater than specified by vmax",
    "OSDI(debug) n.xbgr.xr81_u12.nr1: WARNING: V(i2,c) voltage is greater than specified by vmax",
    "OSDI(debug) n.xbgr.xr81_u11.nr1: WARNING: V(i1,c) voltage is greater than specified by vmax",
    "OSDI(debug) n.xbgr.xr81_u11.nr1: WARNING: V(i2,c) voltage is greater than specified by vmax",
    "OSDI(debug) n.xbgr.xr81_u10.nr1: WARNING: V(i1,c) voltage is greater than specified by vmax",
    "OSDI(debug) n.xbgr.xr81_u10.nr1: WARNING: V(i2,c) voltage is greater than specified by vmax",
    "OSDI(debug) n.xbgr.xr81_u9.nr1: WARNING: V(i1,c) voltage is greater than specified by vmax",
    "OSDI(debug) n.xbgr.xr81_u9.nr1: WARNING: V(i2,c) voltage is greater than specified by vmax",
    "OSDI(debug) n.xbgr.xr81_u8.nr1: WARNING: V(i1,c) voltage is greater than specified by vmax",
    "OSDI(debug) n.xbgr.xr81_u8.nr1: WARNING: V(i2,c) voltage is greater than specified by vmax",
    "OSDI(debug) n.xbgr.xr81_u7.nr1: WARNING: V(i1,c) voltage is greater than specified by vmax",
    "OSDI(debug) n.xbgr.xr81_u7.nr1: WARNING: V(i2,c) voltage is greater than specified by vmax",
    "OSDI(debug) n.xbgr.xr81_u6.nr1: WARNING: V(i1,c) voltage is greater than specified by vmax",
    "OSDI(debug) n.xbgr.xr81_u6.nr1: WARNING: V(i2,c) voltage is greater than specified by vmax",
    "OSDI(debug) n.xbgr.xr81_u5.nr1: WARNING: V(i1,c) voltage is greater than specified by vmax",
    "OSDI(debug) n.xbgr.xr81_u5.nr1: WARNING: V(i2,c) voltage is greater than specified by vmax",
    "OSDI(debug) n.xbgr.xr81_u4.nr1: WARNING: V(i1,c) voltage is greater than specified by vmax",
    "OSDI(debug) n.xbgr.xr81_u4.nr1: WARNING: V(i2,c) voltage is greater than specified by vmax",
    "OSDI(debug) n.xbgr.xr81_u3.nr1: WARNING: V(i1,c) voltage is greater than specified by vmax",
    "OSDI(debug) n.xbgr.xr81_u3.nr1: WARNING: V(i2,c) voltage is greater than specified by vmax",
    "OSDI(debug) n.xbgr.xr81_u2.nr1: WARNING: V(i1,c) voltage is greater than specified by vmax",
    "OSDI(debug) n.xbgr.xr81_u2.nr1: WARNING: V(i2,c) voltage is greater than specified by vmax",
    "OSDI(debug) n.xbgr.xr80_u24.nr1: WARNING: V(i1,c) voltage is greater than specified by vmax",
    "OSDI(debug) n.xbgr.xr80_u24.nr1: WARNING: V(i2,c) voltage is greater than specified by vmax",
    "OSDI(debug) n.xbgr.xr80_u23.nr1: WARNING: V(i1,c) voltage is greater than specified by vmax",
    "OSDI(debug) n.xbgr.xr80_u23.nr1: WARNING: V(i2,c) voltage is greater than specified by vmax",
    "OSDI(debug) n.xbgr.xr80_u22.nr1: WARNING: V(i1,c) voltage is greater than specified by vmax",
    "OSDI(debug) n.xbgr.xr80_u22.nr1: WARNING: V(i2,c) voltage is greater than specified by vmax",
    "OSDI(debug) n.xbgr.xr80_u21.nr1: WARNING: V(i1,c) voltage is greater than specified by vmax",
    "OSDI(debug) n.xbgr.xr80_u21.nr1: WARNING: V(i2,c) voltage is greater than specified by vmax",
    "OSDI(debug) n.xbgr.xr80_u20.nr1: WARNING: V(i1,c) voltage is greater than specified by vmax",
    "OSDI(debug) n.xbgr.xr80_u20.nr1: WARNING: V(i2,c) voltage is greater than specified by vmax",
    "OSDI(debug) n.xbgr.xr80_u19.nr1: WARNING: V(i1,c) voltage is greater than specified by vmax",
    "OSDI(debug) n.xbgr.xr80_u19.nr1: WARNING: V(i2,c) voltage is greater than specified by vmax",
    "OSDI(debug) n.xbgr.xr80_u18.nr1: WARNING: V(i1,c) voltage is greater than specified by vmax",
    "OSDI(debug) n.xbgr.xr80_u18.nr1: WARNING: V(i2,c) voltage is greater than specified by vmax",
    "OSDI(debug) n.xbgr.xr80_u17.nr1: WARNING: V(i1,c) voltage is greater than specified by vmax",
    "OSDI(debug) n.xbgr.xr80_u17.nr1: WARNING: V(i2,c) voltage is greater than specified by vmax",
    "OSDI(debug) n.xbgr.xr80_u16.nr1: WARNING: V(i1,c) voltage is greater than specified by vmax",
    "OSDI(debug) n.xbgr.xr80_u16.nr1: WARNING: V(i2,c) voltage is greater than specified by vmax",
    "OSDI(debug) n.xbgr.xr80_u15.nr1: WARNING: V(i1,c) voltage is greater than specified by vmax",
    "OSDI(debug) n.xbgr.xr80_u15.nr1: WARNING: V(i2,c) voltage is greater than specified by vmax",
    "OSDI(debug) n.xbgr.xr80_u14.nr1: WARNING: V(i1,c) voltage is greater than specified by vmax",
    "OSDI(debug) n.xbgr.xr80_u14.nr1: WARNING: V(i2,c) voltage is greater than specified by vmax",
    "OSDI(debug) n.xbgr.xr80_u13.nr1: WARNING: V(i1,c) voltage is greater than specified by vmax",
    "OSDI(debug) n.xbgr.xr80_u13.nr1: WARNING: V(i2,c) voltage is greater than specified by vmax",
    "OSDI(debug) n.xbgr.xr80_u12.nr1: WARNING: V(i1,c) voltage is greater than specified by vmax",
    "OSDI(debug) n.xbgr.xr80_u12.nr1: WARNING: V(i2,c) voltage is greater than specified by vmax",
    "OSDI(debug) n.xbgr.xr80_u11.nr1: WARNING: V(i1,c) voltage is greater than specified by vmax",
    "OSDI(debug) n.xbgr.xr80_u11.nr1: WARNING: V(i2,c) voltage is greater than specified by vmax",
    "OSDI(debug) n.xbgr.xr80_u10.nr1: WARNING: V(i1,c) voltage is greater than specified by vmax",
    "OSDI(debug) n.xbgr.xr80_u10.nr1: WARNING: V(i2,c) voltage is greater than specified by vmax",
    "OSDI(debug) n.xbgr.xr80_u9.nr1: WARNING: V(i1,c) voltage is greater than specified by vmax",
    "OSDI(debug) n.xbgr.xr80_u9.nr1: WARNING: V(i2,c) voltage is greater than specified by vmax",
    "OSDI(debug) n.xbgr.xr80_u8.nr1: WARNING: V(i1,c) voltage is greater than specified by vmax",
    "OSDI(debug) n.xbgr.xr80_u8.nr1: WARNING: V(i2,c) voltage is greater than specified by vmax",
    "OSDI(debug) n.xbgr.xr80_u7.nr1: WARNING: V(i1,c) voltage is greater than specified by vmax",
    "OSDI(debug) n.xbgr.xr80_u7.nr1: WARNING: V(i2,c) voltage is greater than specified by vmax",
    "OSDI(debug) n.xbgr.xr80_u6.nr1: WARNING: V(i1,c) voltage is greater than specified by vmax",
    "OSDI(debug) n.xbgr.xr80_u6.nr1: WARNING: V(i2,c) voltage is greater than specified by vmax",
    "OSDI(debug) n.xbgr.xr80_u5.nr1: WARNING: V(i1,c) voltage is greater than specified by vmax",
    "OSDI(debug) n.xbgr.xr80_u5.nr1: WARNING: V(i2,c) voltage is greater than specified by vmax",
    "OSDI(debug) n.xbgr.xr80_u4.nr1: WARNING: V(i1,c) voltage is greater than specified by vmax",
    "OSDI(debug) n.xbgr.xr80_u4.nr1: WARNING: V(i2,c) voltage is greater than specified by vmax",
    "OSDI(debug) n.xbgr.xr80_u3.nr1: WARNING: V(i1,c) voltage is greater than specified by vmax",
    "OSDI(debug) n.xbgr.xr80_u3.nr1: WARNING: V(i2,c) voltage is greater than specified by vmax",
    "OSDI(debug) n.xbgr.xr80_u2.nr1: WARNING: V(i1,c) voltage is greater than specified by vmax",
    "OSDI(debug) n.xbgr.xr80_u2.nr1: WARNING: V(i2,c) voltage is greater than specified by vmax",
    "OSDI(debug) n.xbgr.xr79_u24.nr1: WARNING: V(i1,c) voltage is greater than specified by vmax",
    "OSDI(debug) n.xbgr.xr79_u24.nr1: WARNING: V(i2,c) voltage is greater than specified by vmax",
    "OSDI(debug) n.xbgr.xr79_u23.nr1: WARNING: V(i1,c) voltage is greater than specified by vmax",
    "OSDI(debug) n.xbgr.xr79_u23.nr1: WARNING: V(i2,c) voltage is greater than specified by vmax",
    "OSDI(debug) n.xbgr.xr79_u22.nr1: WARNING: V(i1,c) voltage is greater than specified by vmax",
    "OSDI(debug) n.xbgr.xr79_u22.nr1: WARNING: V(i2,c) voltage is greater than specified by vmax",
    "OSDI(debug) n.xbgr.xr79_u21.nr1: WARNING: V(i1,c) voltage is greater than specified by vmax",
    "OSDI(debug) n.xbgr.xr79_u21.nr1: WARNING: V(i2,c) voltage is greater than specified by vmax",
    "OSDI(debug) n.xbgr.xr79_u20.nr1: WARNING: V(i1,c) voltage is greater than specified by vmax",
    "OSDI(debug) n.xbgr.xr79_u20.nr1: WARNING: V(i2,c) voltage is greater than specified by vmax",
    "OSDI(debug) n.xbgr.xr79_u19.nr1: WARNING: V(i1,c) voltage is greater than specified by vmax",
    "OSDI(debug) n.xbgr.xr79_u19.nr1: WARNING: V(i2,c) voltage is greater than specified by vmax",
    "OSDI(debug) n.xbgr.xr79_u18.nr1: WARNING: V(i1,c) voltage is greater than specified by vmax",
    "OSDI(debug) n.xbgr.xr79_u18.nr1: WARNING: V(i2,c) voltage is greater than specified by vmax",
    "OSDI(debug) n.xbgr.xr79_u17.nr1: WARNING: V(i1,c) voltage is greater than specified by vmax",
    "OSDI(debug) n.xbgr.xr79_u17.nr1: WARNING: V(i2,c) voltage is greater than specified by vmax",
    "OSDI(debug) n.xbgr.xr79_u16.nr1: WARNING: V(i1,c) voltage is greater than specified by vmax",
    "OSDI(debug) n.xbgr.xr79_u16.nr1: WARNING: V(i2,c) voltage is greater than specified by vmax",
    "OSDI(debug) n.xbgr.xr79_u15.nr1: WARNING: V(i1,c) voltage is greater than specified by vmax",
    "OSDI(debug) n.xbgr.xr79_u15.nr1: WARNING: V(i2,c) voltage is greater than specified by vmax",
    "OSDI(debug) n.xbgr.xr79_u14.nr1: WARNING: V(i1,c) voltage is greater than specified by vmax",
    "OSDI(debug) n.xbgr.xr79_u14.nr1: WARNING: V(i2,c) voltage is greater than specified by vmax",
    "OSDI(debug) n.xbgr.xr79_u13.nr1: WARNING: V(i1,c) voltage is greater than specified by vmax",
    "OSDI(debug) n.xbgr.xr79_u13.nr1: WARNING: V(i2,c) voltage is greater than specified by vmax",
    "OSDI(debug) n.xbgr.xr79_u12.nr1: WARNING: V(i1,c) voltage is greater than specified by vmax",
    "OSDI(debug) n.xbgr.xr79_u12.nr1: WARNING: V(i2,c) voltage is greater than specified by vmax",
    "OSDI(debug) n.xbgr.xr79_u11.nr1: WARNING: V(i1,c) voltage is greater than specified by vmax",
    "OSDI(debug) n.xbgr.xr79_u11.nr1: WARNING: V(i2,c) voltage is greater than specified by vmax",
    "OSDI(debug) n.xbgr.xr79_u10.nr1: WARNING: V(i1,c) voltage is greater than specified by vmax",
    "OSDI(debug) n.xbgr.xr79_u10.nr1: WARNING: V(i2,c) voltage is greater than specified by vmax",
    "OSDI(debug) n.xbgr.xr79_u9.nr1: WARNING: V(i1,c) voltage is greater than specified by vmax",
    "OSDI(debug) n.xbgr.xr79_u9.nr1: WARNING: V(i2,c) voltage is greater than specified by vmax",
    "OSDI(debug) n.xbgr.xr79_u8.nr1: WARNING: V(i1,c) voltage is greater than specified by vmax",
    "OSDI(debug) n.xbgr.xr79_u8.nr1: WARNING: V(i2,c) voltage is greater than specified by vmax",
    "OSDI(debug) n.xbgr.xr79_u7.nr1: WARNING: V(i1,c) voltage is greater than specified by vmax",
    "OSDI(debug) n.xbgr.xr79_u7.nr1: WARNING: V(i2,c) voltage is greater than specified by vmax",
    "OSDI(debug) n.xbgr.xr79_u6.nr1: WARNING: V(i1,c) voltage is greater than specified by vmax",
    "OSDI(debug) n.xbgr.xr79_u6.nr1: WARNING: V(i2,c) voltage is greater than specified by vmax",
    "OSDI(debug) n.xbgr.xr79_u5.nr1: WARNING: V(i1,c) voltage is greater than specified by vmax",
    "OSDI(debug) n.xbgr.xr79_u5.nr1: WARNING: V(i2,c) voltage is greater than specified by vmax",
    "OSDI(debug) n.xbgr.xr79_u4.nr1: WARNING: V(i1,c) voltage is greater than specified by vmax",
    "OSDI(debug) n.xbgr.xr79_u4.nr1: WARNING: V(i2,c) voltage is greater than specified by vmax",
    "OSDI(debug) n.xbgr.xr79_u3.nr1: WARNING: V(i1,c) voltage is greater than specified by vmax",
    "OSDI(debug) n.xbgr.xr79_u3.nr1: WARNING: V(i2,c) voltage is greater than specified by vmax",
    "OSDI(debug) n.xbgr.xr79_u2.nr1: WARNING: V(i1,c) voltage is greater than specified by vmax",
    "OSDI(debug) n.xbgr.xr79_u2.nr1: WARNING: V(i2,c) voltage is greater than specified by vmax",
    "OSDI(debug) n.xbgr.xr78_u24.nr1: WARNING: V(i1,c) voltage is greater than specified by vmax",
    "OSDI(debug) n.xbgr.xr78_u24.nr1: WARNING: V(i2,c) voltage is greater than specified by vmax",
    "OSDI(debug) n.xbgr.xr78_u23.nr1: WARNING: V(i1,c) voltage is greater than specified by vmax",
    "OSDI(debug) n.xbgr.xr78_u23.nr1: WARNING: V(i2,c) voltage is greater than specified by vmax",
    "OSDI(debug) n.xbgr.xr78_u22.nr1: WARNING: V(i1,c) voltage is greater than specified by vmax",
    "OSDI(debug) n.xbgr.xr78_u22.nr1: WARNING: V(i2,c) voltage is greater than specified by vmax",
    "OSDI(debug) n.xbgr.xr78_u21.nr1: WARNING: V(i1,c) voltage is greater than specified by vmax",
    "OSDI(debug) n.xbgr.xr78_u21.nr1: WARNING: V(i2,c) voltage is greater than specified by vmax",
    "OSDI(debug) n.xbgr.xr78_u20.nr1: WARNING: V(i1,c) voltage is greater than specified by vmax",
    "OSDI(debug) n.xbgr.xr78_u20.nr1: WARNING: V(i2,c) voltage is greater than specified by vmax",
    "OSDI(debug) n.xbgr.xr78_u19.nr1: WARNING: V(i1,c) voltage is greater than specified by vmax",
    "OSDI(debug) n.xbgr.xr78_u19.nr1: WARNING: V(i2,c) voltage is greater than specified by vmax",
    "OSDI(debug) n.xbgr.xr78_u18.nr1: WARNING: V(i1,c) voltage is greater than specified by vmax",
    "OSDI(debug) n.xbgr.xr78_u18.nr1: WARNING: V(i2,c) voltage is greater than specified by vmax",
    "OSDI(debug) n.xbgr.xr78_u17.nr1: WARNING: V(i1,c) voltage is greater than specified by vmax",
    "OSDI(debug) n.xbgr.xr78_u17.nr1: WARNING: V(i2,c) voltage is greater than specified by vmax",
    "OSDI(debug) n.xbgr.xr78_u16.nr1: WARNING: V(i1,c) voltage is greater than specified by vmax",
    "OSDI(debug) n.xbgr.xr78_u16.nr1: WARNING: V(i2,c) voltage is greater than specified by vmax",
    "OSDI(debug) n.xbgr.xr78_u15.nr1: WARNING: V(i1,c) voltage is greater than specified by vmax",
    "OSDI(debug) n.xbgr.xr78_u15.nr1: WARNING: V(i2,c) voltage is greater than specified by vmax",
    "OSDI(debug) n.xbgr.xr78_u14.nr1: WARNING: V(i1,c) voltage is greater than specified by vmax",
    "OSDI(debug) n.xbgr.xr78_u14.nr1: WARNING: V(i2,c) voltage is greater than specified by vmax",
    "OSDI(debug) n.xbgr.xr78_u13.nr1: WARNING: V(i1,c) voltage is greater than specified by vmax",
    "OSDI(debug) n.xbgr.xr78_u13.nr1: WARNING: V(i2,c) voltage is greater than specified by vmax",
    "OSDI(debug) n.xbgr.xr78_u12.nr1: WARNING: V(i1,c) voltage is greater than specified by vmax",
    "OSDI(debug) n.xbgr.xr78_u12.nr1: WARNING: V(i2,c) voltage is greater than specified by vmax",
    "OSDI(debug) n.xbgr.xr78_u11.nr1: WARNING: V(i1,c) voltage is greater than specified by vmax",
    "OSDI(debug) n.xbgr.xr78_u11.nr1: WARNING: V(i2,c) voltage is greater than specified by vmax",
    "OSDI(debug) n.xbgr.xr78_u10.nr1: WARNING: V(i1,c) voltage is greater than specified by vmax",
    "OSDI(debug) n.xbgr.xr78_u10.nr1: WARNING: V(i2,c) voltage is greater than specified by vmax",
    "OSDI(debug) n.xbgr.xr78_u9.nr1: WARNING: V(i1,c) voltage is greater than specified by vmax",
    "OSDI(debug) n.xbgr.xr78_u9.nr1: WARNING: V(i2,c) voltage is greater than specified by vmax",
    "OSDI(debug) n.xbgr.xr78_u8.nr1: WARNING: V(i1,c) voltage is greater than specified by vmax",
    "OSDI(debug) n.xbgr.xr78_u8.nr1: WARNING: V(i2,c) voltage is greater than specified by vmax",
    "OSDI(debug) n.xbgr.xr78_u7.nr1: WARNING: V(i1,c) voltage is greater than specified by vmax",
    "OSDI(debug) n.xbgr.xr78_u7.nr1: WARNING: V(i2,c) voltage is greater than specified by vmax",
    "OSDI(debug) n.xbgr.xr78_u6.nr1: WARNING: V(i1,c) voltage is greater than specified by vmax",
    "OSDI(debug) n.xbgr.xr78_u6.nr1: WARNING: V(i2,c) voltage is greater than specified by vmax",
    "OSDI(debug) n.xbgr.xr78_u5.nr1: WARNING: V(i1,c) voltage is greater than specified by vmax",
    "OSDI(debug) n.xbgr.xr78_u5.nr1: WARNING: V(i2,c) voltage is greater than specified by vmax",
    "OSDI(debug) n.xbgr.xr78_u4.nr1: WARNING: V(i1,c) voltage is greater than specified by vmax",
    "OSDI(debug) n.xbgr.xr78_u4.nr1: WARNING: V(i2,c) voltage is greater than specified by vmax",
    "OSDI(debug) n.xbgr.xr78_u3.nr1: WARNING: V(i1,c) voltage is greater than specified by vmax",
    "OSDI(debug) n.xbgr.xr78_u3.nr1: WARNING: V(i2,c) voltage is greater than specified by vmax",
    "OSDI(debug) n.xbgr.xr78_u2.nr1: WARNING: V(i1,c) voltage is greater than specified by vmax",
    "OSDI(debug) n.xbgr.xr78_u2.nr1: WARNING: V(i2,c) voltage is greater than specified by vmax",
    "OSDI(debug) n.xbgr.xr77_u24.nr1: WARNING: V(i1,c) voltage is greater than specified by vmax",
    "OSDI(debug) n.xbgr.xr77_u24.nr1: WARNING: V(i2,c) voltage is greater than specified by vmax",
    "OSDI(debug) n.xbgr.xr77_u23.nr1: WARNING: V(i1,c) voltage is greater than specified by vmax",
    "OSDI(debug) n.xbgr.xr77_u23.nr1: WARNING: V(i2,c) voltage is greater than specified by vmax",
    "OSDI(debug) n.xbgr.xr77_u22.nr1: WARNING: V(i1,c) voltage is greater than specified by vmax",
    "OSDI(debug) n.xbgr.xr77_u22.nr1: WARNING: V(i2,c) voltage is greater than specified by vmax",
    "OSDI(debug) n.xbgr.xr77_u21.nr1: WARNING: V(i1,c) voltage is greater than specified by vmax",
    "OSDI(debug) n.xbgr.xr77_u21.nr1: WARNING: V(i2,c) voltage is greater than specified by vmax",
    "OSDI(debug) n.xbgr.xr77_u20.nr1: WARNING: V(i1,c) voltage is greater than specified by vmax",
    "OSDI(debug) n.xbgr.xr77_u20.nr1: WARNING: V(i2,c) voltage is greater than specified by vmax",
    "OSDI(debug) n.xbgr.xr77_u19.nr1: WARNING: V(i1,c) voltage is greater than specified by vmax",
    "OSDI(debug) n.xbgr.xr77_u19.nr1: WARNING: V(i2,c) voltage is greater than specified by vmax",
    "OSDI(debug) n.xbgr.xr77_u18.nr1: WARNING: V(i1,c) voltage is greater than specified by vmax",
    "OSDI(debug) n.xbgr.xr77_u18.nr1: WARNING: V(i2,c) voltage is greater than specified by vmax",
    "OSDI(debug) n.xbgr.xr77_u17.nr1: WARNING: V(i1,c) voltage is greater than specified by vmax",
    "OSDI(debug) n.xbgr.xr77_u17.nr1: WARNING: V(i2,c) voltage is greater than specified by vmax",
    "OSDI(debug) n.xbgr.xr77_u16.nr1: WARNING: V(i1,c) voltage is greater than specified by vmax",
    "OSDI(debug) n.xbgr.xr77_u16.nr1: WARNING: V(i2,c) voltage is greater than specified by vmax",
    "OSDI(debug) n.xbgr.xr77_u15.nr1: WARNING: V(i1,c) voltage is greater than specified by vmax",
    "OSDI(debug) n.xbgr.xr77_u15.nr1: WARNING: V(i2,c) voltage is greater than specified by vmax",
    "OSDI(debug) n.xbgr.xr77_u14.nr1: WARNING: V(i1,c) voltage is greater than specified by vmax",
    "OSDI(debug) n.xbgr.xr77_u14.nr1: WARNING: V(i2,c) voltage is greater than specified by vmax",
    "OSDI(debug) n.xbgr.xr77_u13.nr1: WARNING: V(i1,c) voltage is greater than specified by vmax",
    "OSDI(debug) n.xbgr.xr77_u13.nr1: WARNING: V(i2,c) voltage is greater than specified by vmax",
    "OSDI(debug) n.xbgr.xr77_u12.nr1: WARNING: V(i1,c) voltage is greater than specified by vmax",
    "OSDI(debug) n.xbgr.xr77_u12.nr1: WARNING: V(i2,c) voltage is greater than specified by vmax",
    "OSDI(debug) n.xbgr.xr77_u11.nr1: WARNING: V(i1,c) voltage is greater than specified by vmax",
    "OSDI(debug) n.xbgr.xr77_u11.nr1: WARNING: V(i2,c) voltage is greater than specified by vmax",
    "OSDI(debug) n.xbgr.xr77_u10.nr1: WARNING: V(i1,c) voltage is greater than specified by vmax",
    "OSDI(debug) n.xbgr.xr77_u10.nr1: WARNING: V(i2,c) voltage is greater than specified by vmax",
    "OSDI(debug) n.xbgr.xr77_u9.nr1: WARNING: V(i1,c) voltage is greater than specified by vmax",
    "OSDI(debug) n.xbgr.xr77_u9.nr1: WARNING: V(i2,c) voltage is greater than specified by vmax",
    "OSDI(debug) n.xbgr.xr77_u8.nr1: WARNING: V(i1,c) voltage is greater than specified by vmax",
    "OSDI(debug) n.xbgr.xr77_u8.nr1: WARNING: V(i2,c) voltage is greater than specified by vmax",
    "OSDI(debug) n.xbgr.xr77_u7.nr1: WARNING: V(i1,c) voltage is greater than specified by vmax",
    "OSDI(debug) n.xbgr.xr77_u7.nr1: WARNING: V(i2,c) voltage is greater than specified by vmax",
    "OSDI(debug) n.xbgr.xr77_u6.nr1: WARNING: V(i1,c) voltage is greater than specified by vmax",
    "OSDI(debug) n.xbgr.xr77_u6.nr1: WARNING: V(i2,c) voltage is greater than specified by vmax",
    "OSDI(debug) n.xbgr.xr77_u5.nr1: WARNING: V(i1,c) voltage is greater than specified by vmax",
    "OSDI(debug) n.xbgr.xr77_u5.nr1: WARNING: V(i2,c) voltage is greater than specified by vmax",
    "OSDI(debug) n.xbgr.xr77_u4.nr1: WARNING: V(i1,c) voltage is greater than specified by vmax",
    "OSDI(debug) n.xbgr.xr77_u4.nr1: WARNING: V(i2,c) voltage is greater than specified by vmax",
    "OSDI(debug) n.xbgr.xr77_u3.nr1: WARNING: V(i1,c) voltage is greater than specified by vmax",
    "OSDI(debug) n.xbgr.xr77_u3.nr1: WARNING: V(i2,c) voltage is greater than specified by vmax",
    "OSDI(debug) n.xbgr.xr77_u2.nr1: WARNING: V(i1,c) voltage is greater than specified by vmax",
    "OSDI(debug) n.xbgr.xr77_u2.nr1: WARNING: V(i2,c) voltage is greater than specified by vmax",
    "OSDI(debug) n.xbgr.xr26_u24.nr1: WARNING: V(i1,c) voltage is greater than specified by vmax",
    "OSDI(debug) n.xbgr.xr26_u24.nr1: WARNING: V(i2,c) voltage is greater than specified by vmax",
    "OSDI(debug) n.xbgr.xr26_u23.nr1: WARNING: V(i1,c) voltage is greater than specified by vmax",
    "OSDI(debug) n.xbgr.xr26_u23.nr1: WARNING: V(i2,c) voltage is greater than specified by vmax",
    "OSDI(debug) n.xbgr.xr26_u22.nr1: WARNING: V(i1,c) voltage is greater than specified by vmax",
    "OSDI(debug) n.xbgr.xr26_u22.nr1: WARNING: V(i2,c) voltage is greater than specified by vmax",
    "OSDI(debug) n.xbgr.xr26_u21.nr1: WARNING: V(i1,c) voltage is greater than specified by vmax",
    "OSDI(debug) n.xbgr.xr26_u21.nr1: WARNING: V(i2,c) voltage is greater than specified by vmax",
    "OSDI(debug) n.xbgr.xr26_u20.nr1: WARNING: V(i1,c) voltage is greater than specified by vmax",
    "OSDI(debug) n.xbgr.xr26_u20.nr1: WARNING: V(i2,c) voltage is greater than specified by vmax",
    "OSDI(debug) n.xbgr.xr26_u19.nr1: WARNING: V(i1,c) voltage is greater than specified by vmax",
    "OSDI(debug) n.xbgr.xr26_u19.nr1: WARNING: V(i2,c) voltage is greater than specified by vmax",
    "OSDI(debug) n.xbgr.xr26_u18.nr1: WARNING: V(i1,c) voltage is greater than specified by vmax",
    "OSDI(debug) n.xbgr.xr26_u18.nr1: WARNING: V(i2,c) voltage is greater than specified by vmax",
    "OSDI(debug) n.xbgr.xr26_u17.nr1: WARNING: V(i1,c) voltage is greater than specified by vmax",
    "OSDI(debug) n.xbgr.xr26_u17.nr1: WARNING: V(i2,c) voltage is greater than specified by vmax",
    "OSDI(debug) n.xbgr.xr26_u16.nr1: WARNING: V(i1,c) voltage is greater than specified by vmax",
    "OSDI(debug) n.xbgr.xr26_u16.nr1: WARNING: V(i2,c) voltage is greater than specified by vmax",
    "OSDI(debug) n.xbgr.xr26_u15.nr1: WARNING: V(i1,c) voltage is greater than specified by vmax",
    "OSDI(debug) n.xbgr.xr26_u15.nr1: WARNING: V(i2,c) voltage is greater than specified by vmax",
    "OSDI(debug) n.xbgr.xr26_u14.nr1: WARNING: V(i1,c) voltage is greater than specified by vmax",
    "OSDI(debug) n.xbgr.xr26_u14.nr1: WARNING: V(i2,c) voltage is greater than specified by vmax",
    "OSDI(debug) n.xbgr.xr26_u13.nr1: WARNING: V(i1,c) voltage is greater than specified by vmax",
    "OSDI(debug) n.xbgr.xr26_u13.nr1: WARNING: V(i2,c) voltage is greater than specified by vmax",
    "OSDI(debug) n.xbgr.xr26_u12.nr1: WARNING: V(i1,c) voltage is greater than specified by vmax",
    "OSDI(debug) n.xbgr.xr26_u12.nr1: WARNING: V(i2,c) voltage is greater than specified by vmax",
    "OSDI(debug) n.xbgr.xr26_u11.nr1: WARNING: V(i1,c) voltage is greater than specified by vmax",
    "OSDI(debug) n.xbgr.xr26_u11.nr1: WARNING: V(i2,c) voltage is greater than specified by vmax",
    "OSDI(debug) n.xbgr.xr26_u10.nr1: WARNING: V(i1,c) voltage is greater than specified by vmax",
    "OSDI(debug) n.xbgr.xr26_u10.nr1: WARNING: V(i2,c) voltage is greater than specified by vmax",
    "OSDI(debug) n.xbgr.xr26_u9.nr1: WARNING: V(i1,c) voltage is greater than specified by vmax",
    "OSDI(debug) n.xbgr.xr26_u9.nr1: WARNING: V(i2,c) voltage is greater than specified by vmax",
    "OSDI(debug) n.xbgr.xr26_u8.nr1: WARNING: V(i1,c) voltage is greater than specified by vmax",
    "OSDI(debug) n.xbgr.xr26_u8.nr1: WARNING: V(i2,c) voltage is greater than specified by vmax",
    "OSDI(debug) n.xbgr.xr26_u7.nr1: WARNING: V(i1,c) voltage is greater than specified by vmax",
    "OSDI(debug) n.xbgr.xr26_u7.nr1: WARNING: V(i2,c) voltage is greater than specified by vmax",
    "OSDI(debug) n.xbgr.xr26_u6.nr1: WARNING: V(i1,c) voltage is greater than specified by vmax",
    "OSDI(debug) n.xbgr.xr26_u6.nr1: WARNING: V(i2,c) voltage is greater than specified by vmax",
    "OSDI(debug) n.xbgr.xr26_u5.nr1: WARNING: V(i1,c) voltage is greater than specified by vmax",
    "OSDI(debug) n.xbgr.xr26_u5.nr1: WARNING: V(i2,c) voltage is greater than specified by vmax",
    "OSDI(debug) n.xbgr.xr26_u4.nr1: WARNING: V(i1,c) voltage is greater than specified by vmax",
    "OSDI(debug) n.xbgr.xr26_u4.nr1: WARNING: V(i2,c) voltage is greater than specified by vmax",
    "OSDI(debug) n.xbgr.xr26_u3.nr1: WARNING: V(i1,c) voltage is greater than specified by vmax",
    "OSDI(debug) n.xbgr.xr26_u3.nr1: WARNING: V(i2,c) voltage is greater than specified by vmax",
    "OSDI(debug) n.xbgr.xr26_u2.nr1: WARNING: V(i1,c) voltage is greater than specified by vmax",
    "OSDI(debug) n.xbgr.xr26_u2.nr1: WARNING: V(i2,c) voltage is greater than specified by vmax",
    "OSDI(debug) n.xbgr.xr25_u24.nr1: WARNING: V(i1,c) voltage is greater than specified by vmax",
    "OSDI(debug) n.xbgr.xr25_u24.nr1: WARNING: V(i2,c) voltage is greater than specified by vmax",
    "OSDI(debug) n.xbgr.xr25_u23.nr1: WARNING: V(i1,c) voltage is greater than specified by vmax",
    "OSDI(debug) n.xbgr.xr25_u23.nr1: WARNING: V(i2,c) voltage is greater than specified by vmax",
    "OSDI(debug) n.xbgr.xr25_u22.nr1: WARNING: V(i1,c) voltage is greater than specified by vmax",
    "OSDI(debug) n.xbgr.xr25_u22.nr1: WARNING: V(i2,c) voltage is greater than specified by vmax",
    "OSDI(debug) n.xbgr.xr25_u21.nr1: WARNING: V(i1,c) voltage is greater than specified by vmax",
    "OSDI(debug) n.xbgr.xr25_u21.nr1: WARNING: V(i2,c) voltage is greater than specified by vmax",
    "OSDI(debug) n.xbgr.xr25_u20.nr1: WARNING: V(i1,c) voltage is greater than specified by vmax",
    "OSDI(debug) n.xbgr.xr25_u20.nr1: WARNING: V(i2,c) voltage is greater than specified by vmax",
    "OSDI(debug) n.xbgr.xr25_u19.nr1: WARNING: V(i1,c) voltage is greater than specified by vmax",
    "OSDI(debug) n.xbgr.xr25_u19.nr1: WARNING: V(i2,c) voltage is greater than specified by vmax",
    "OSDI(debug) n.xbgr.xr25_u18.nr1: WARNING: V(i1,c) voltage is greater than specified by vmax",
    "OSDI(debug) n.xbgr.xr25_u18.nr1: WARNING: V(i2,c) voltage is greater than specified by vmax",
    "OSDI(debug) n.xbgr.xr25_u17.nr1: WARNING: V(i1,c) voltage is greater than specified by vmax",
    "OSDI(debug) n.xbgr.xr25_u17.nr1: WARNING: V(i2,c) voltage is greater than specified by vmax",
    "OSDI(debug) n.xbgr.xr25_u16.nr1: WARNING: V(i1,c) voltage is greater than specified by vmax",
    "OSDI(debug) n.xbgr.xr25_u16.nr1: WARNING: V(i2,c) voltage is greater than specified by vmax",
    "OSDI(debug) n.xbgr.xr25_u15.nr1: WARNING: V(i1,c) voltage is greater than specified by vmax",
    "OSDI(debug) n.xbgr.xr25_u15.nr1: WARNING: V(i2,c) voltage is greater than specified by vmax",
    "OSDI(debug) n.xbgr.xr25_u14.nr1: WARNING: V(i1,c) voltage is greater than specified by vmax",
    "OSDI(debug) n.xbgr.xr25_u14.nr1: WARNING: V(i2,c) voltage is greater than specified by vmax",
    "OSDI(debug) n.xbgr.xr25_u13.nr1: WARNING: V(i1,c) voltage is greater than specified by vmax",
    "OSDI(debug) n.xbgr.xr25_u13.nr1: WARNING: V(i2,c) voltage is greater than specified by vmax",
    "OSDI(debug) n.xbgr.xr25_u12.nr1: WARNING: V(i1,c) voltage is greater than specified by vmax",
    "OSDI(debug) n.xbgr.xr25_u12.nr1: WARNING: V(i2,c) voltage is greater than specified by vmax",
    "OSDI(debug) n.xbgr.xr25_u11.nr1: WARNING: V(i1,c) voltage is greater than specified by vmax",
    "OSDI(debug) n.xbgr.xr25_u11.nr1: WARNING: V(i2,c) voltage is greater than specified by vmax",
    "OSDI(debug) n.xbgr.xr25_u10.nr1: WARNING: V(i1,c) voltage is greater than specified by vmax",
    "OSDI(debug) n.xbgr.xr25_u10.nr1: WARNING: V(i2,c) voltage is greater than specified by vmax",
    "OSDI(debug) n.xbgr.xr25_u9.nr1: WARNING: V(i1,c) voltage is greater than specified by vmax",
    "OSDI(debug) n.xbgr.xr25_u9.nr1: WARNING: V(i2,c) voltage is greater than specified by vmax",
    "OSDI(debug) n.xbgr.xr25_u8.nr1: WARNING: V(i1,c) voltage is greater than specified by vmax",
    "OSDI(debug) n.xbgr.xr25_u8.nr1: WARNING: V(i2,c) voltage is greater than specified by vmax",
    "OSDI(debug) n.xbgr.xr25_u7.nr1: WARNING: V(i1,c) voltage is greater than specified by vmax",
    "OSDI(debug) n.xbgr.xr25_u7.nr1: WARNING: V(i2,c) voltage is greater than specified by vmax",
    "OSDI(debug) n.xbgr.xr25_u6.nr1: WARNING: V(i1,c) voltage is greater than specified by vmax",
    "OSDI(debug) n.xbgr.xr25_u6.nr1: WARNING: V(i2,c) voltage is greater than specified by vmax",
    "OSDI(debug) n.xbgr.xr25_u5.nr1: WARNING: V(i1,c) voltage is greater than specified by vmax",
    "OSDI(debug) n.xbgr.xr25_u5.nr1: WARNING: V(i2,c) voltage is greater than specified by vmax",
    "OSDI(debug) n.xbgr.xr25_u4.nr1: WARNING: V(i1,c) voltage is greater than specified by vmax",
    "OSDI(debug) n.xbgr.xr25_u4.nr1: WARNING: V(i2,c) voltage is greater than specified by vmax",
    "OSDI(debug) n.xbgr.xr25_u3.nr1: WARNING: V(i1,c) voltage is greater than specified by vmax",
    "OSDI(debug) n.xbgr.xr25_u3.nr1: WARNING: V(i2,c) voltage is greater than specified by vmax",
    "OSDI(debug) n.xbgr.xr25_u2.nr1: WARNING: V(i1,c) voltage is greater than specified by vmax",
    "OSDI(debug) n.xbgr.xr25_u2.nr1: WARNING: V(i2,c) voltage is greater than specified by vmax",
    "OSDI(debug) n.xbgr.xr24_u24.nr1: WARNING: V(i1,c) voltage is greater than specified by vmax",
    "OSDI(debug) n.xbgr.xr24_u24.nr1: WARNING: V(i2,c) voltage is greater than specified by vmax",
    "OSDI(debug) n.xbgr.xr24_u23.nr1: WARNING: V(i1,c) voltage is greater than specified by vmax",
    "OSDI(debug) n.xbgr.xr24_u23.nr1: WARNING: V(i2,c) voltage is greater than specified by vmax",
    "OSDI(debug) n.xbgr.xr24_u22.nr1: WARNING: V(i1,c) voltage is greater than specified by vmax",
    "OSDI(debug) n.xbgr.xr24_u22.nr1: WARNING: V(i2,c) voltage is greater than specified by vmax",
    "OSDI(debug) n.xbgr.xr24_u21.nr1: WARNING: V(i1,c) voltage is greater than specified by vmax",
    "OSDI(debug) n.xbgr.xr24_u21.nr1: WARNING: V(i2,c) voltage is greater than specified by vmax",
    "OSDI(debug) n.xbgr.xr24_u20.nr1: WARNING: V(i1,c) voltage is greater than specified by vmax",
    "OSDI(debug) n.xbgr.xr24_u20.nr1: WARNING: V(i2,c) voltage is greater than specified by vmax",
    "OSDI(debug) n.xbgr.xr24_u19.nr1: WARNING: V(i1,c) voltage is greater than specified by vmax",
    "OSDI(debug) n.xbgr.xr24_u19.nr1: WARNING: V(i2,c) voltage is greater than specified by vmax",
    "OSDI(debug) n.xbgr.xr24_u18.nr1: WARNING: V(i1,c) voltage is greater than specified by vmax",
    "OSDI(debug) n.xbgr.xr24_u18.nr1: WARNING: V(i2,c) voltage is greater than specified by vmax",
    "OSDI(debug) n.xbgr.xr24_u17.nr1: WARNING: V(i1,c) voltage is greater than specified by vmax",
    "OSDI(debug) n.xbgr.xr24_u17.nr1: WARNING: V(i2,c) voltage is greater than specified by vmax",
    "OSDI(debug) n.xbgr.xr24_u16.nr1: WARNING: V(i1,c) voltage is greater than specified by vmax",
    "OSDI(debug) n.xbgr.xr24_u16.nr1: WARNING: V(i2,c) voltage is greater than specified by vmax",
    "OSDI(debug) n.xbgr.xr24_u15.nr1: WARNING: V(i1,c) voltage is greater than specified by vmax",
    "OSDI(debug) n.xbgr.xr24_u15.nr1: WARNING: V(i2,c) voltage is greater than specified by vmax",
    "OSDI(debug) n.xbgr.xr24_u14.nr1: WARNING: V(i1,c) voltage is greater than specified by vmax",
    "OSDI(debug) n.xbgr.xr24_u14.nr1: WARNING: V(i2,c) voltage is greater than specified by vmax",
    "OSDI(debug) n.xbgr.xr24_u13.nr1: WARNING: V(i1,c) voltage is greater than specified by vmax",
    "OSDI(debug) n.xbgr.xr24_u13.nr1: WARNING: V(i2,c) voltage is greater than specified by vmax",
    "OSDI(debug) n.xbgr.xr24_u12.nr1: WARNING: V(i1,c) voltage is greater than specified by vmax",
    "OSDI(debug) n.xbgr.xr24_u12.nr1: WARNING: V(i2,c) voltage is greater than specified by vmax",
    "OSDI(debug) n.xbgr.xr24_u11.nr1: WARNING: V(i1,c) voltage is greater than specified by vmax",
    "OSDI(debug) n.xbgr.xr24_u11.nr1: WARNING: V(i2,c) voltage is greater than specified by vmax",
    "OSDI(debug) n.xbgr.xr24_u10.nr1: WARNING: V(i1,c) voltage is greater than specified by vmax",
    "OSDI(debug) n.xbgr.xr24_u10.nr1: WARNING: V(i2,c) voltage is greater than specified by vmax",
    "OSDI(debug) n.xbgr.xr24_u9.nr1: WARNING: V(i1,c) voltage is greater than specified by vmax",
    "OSDI(debug) n.xbgr.xr24_u9.nr1: WARNING: V(i2,c) voltage is greater than specified by vmax",
    "OSDI(debug) n.xbgr.xr24_u8.nr1: WARNING: V(i1,c) voltage is greater than specified by vmax",
    "OSDI(debug) n.xbgr.xr24_u8.nr1: WARNING: V(i2,c) voltage is greater than specified by vmax",
    "OSDI(debug) n.xbgr.xr24_u7.nr1: WARNING: V(i1,c) voltage is greater than specified by vmax",
    "OSDI(debug) n.xbgr.xr24_u7.nr1: WARNING: V(i2,c) voltage is greater than specified by vmax",
    "OSDI(debug) n.xbgr.xr24_u6.nr1: WARNING: V(i1,c) voltage is greater than specified by vmax",
    "OSDI(debug) n.xbgr.xr24_u6.nr1: WARNING: V(i2,c) voltage is greater than specified by vmax",
    "OSDI(debug) n.xbgr.xr24_u5.nr1: WARNING: V(i1,c) voltage is greater than specified by vmax",
    "OSDI(debug) n.xbgr.xr24_u5.nr1: WARNING: V(i2,c) voltage is greater than specified by vmax",
    "OSDI(debug) n.xbgr.xr24_u4.nr1: WARNING: V(i1,c) voltage is greater than specified by vmax",
    "OSDI(debug) n.xbgr.xr24_u4.nr1: WARNING: V(i2,c) voltage is greater than specified by vmax",
    "OSDI(debug) n.xbgr.xr24_u3.nr1: WARNING: V(i1,c) voltage is greater than specified by vmax",
    "OSDI(debug) n.xbgr.xr24_u3.nr1: WARNING: V(i2,c) voltage is greater than specified by vmax",
    "OSDI(debug) n.xbgr.xr24_u2.nr1: WARNING: V(i1,c) voltage is greater than specified by vmax",
    "OSDI(debug) n.xbgr.xr24_u2.nr1: WARNING: V(i2,c) voltage is greater than specified by vmax",
    "OSDI(debug) n.xbgr.xr23_u24.nr1: WARNING: V(i1,c) voltage is greater than specified by vmax",
    "OSDI(debug) n.xbgr.xr23_u24.nr1: WARNING: V(i2,c) voltage is greater than specified by vmax",
    "OSDI(debug) n.xbgr.xr23_u23.nr1: WARNING: V(i1,c) voltage is greater than specified by vmax",
    "OSDI(debug) n.xbgr.xr23_u23.nr1: WARNING: V(i2,c) voltage is greater than specified by vmax",
    "OSDI(debug) n.xbgr.xr23_u22.nr1: WARNING: V(i1,c) voltage is greater than specified by vmax",
    "OSDI(debug) n.xbgr.xr23_u22.nr1: WARNING: V(i2,c) voltage is greater than specified by vmax",
    "OSDI(debug) n.xbgr.xr23_u21.nr1: WARNING: V(i1,c) voltage is greater than specified by vmax",
    "OSDI(debug) n.xbgr.xr23_u21.nr1: WARNING: V(i2,c) voltage is greater than specified by vmax",
    "OSDI(debug) n.xbgr.xr23_u20.nr1: WARNING: V(i1,c) voltage is greater than specified by vmax",
    "OSDI(debug) n.xbgr.xr23_u20.nr1: WARNING: V(i2,c) voltage is greater than specified by vmax",
    "OSDI(debug) n.xbgr.xr23_u19.nr1: WARNING: V(i1,c) voltage is greater than specified by vmax",
    "OSDI(debug) n.xbgr.xr23_u19.nr1: WARNING: V(i2,c) voltage is greater than specified by vmax",
    "OSDI(debug) n.xbgr.xr23_u18.nr1: WARNING: V(i1,c) voltage is greater than specified by vmax",
    "OSDI(debug) n.xbgr.xr23_u18.nr1: WARNING: V(i2,c) voltage is greater than specified by vmax",
    "OSDI(debug) n.xbgr.xr23_u17.nr1: WARNING: V(i1,c) voltage is greater than specified by vmax",
    "OSDI(debug) n.xbgr.xr23_u17.nr1: WARNING: V(i2,c) voltage is greater than specified by vmax",
    "OSDI(debug) n.xbgr.xr23_u16.nr1: WARNING: V(i1,c) voltage is greater than specified by vmax",
    "OSDI(debug) n.xbgr.xr23_u16.nr1: WARNING: V(i2,c) voltage is greater than specified by vmax",
    "OSDI(debug) n.xbgr.xr23_u15.nr1: WARNING: V(i1,c) voltage is greater than specified by vmax",
    "OSDI(debug) n.xbgr.xr23_u15.nr1: WARNING: V(i2,c) voltage is greater than specified by vmax",
    "OSDI(debug) n.xbgr.xr23_u14.nr1: WARNING: V(i1,c) voltage is greater than specified by vmax",
    "OSDI(debug) n.xbgr.xr23_u14.nr1: WARNING: V(i2,c) voltage is greater than specified by vmax",
    "OSDI(debug) n.xbgr.xr23_u13.nr1: WARNING: V(i1,c) voltage is greater than specified by vmax",
    "OSDI(debug) n.xbgr.xr23_u13.nr1: WARNING: V(i2,c) voltage is greater than specified by vmax",
    "OSDI(debug) n.xbgr.xr23_u12.nr1: WARNING: V(i1,c) voltage is greater than specified by vmax",
    "OSDI(debug) n.xbgr.xr23_u12.nr1: WARNING: V(i2,c) voltage is greater than specified by vmax",
    "OSDI(debug) n.xbgr.xr23_u11.nr1: WARNING: V(i1,c) voltage is greater than specified by vmax",
    "OSDI(debug) n.xbgr.xr23_u11.nr1: WARNING: V(i2,c) voltage is greater than specified by vmax",
    "OSDI(debug) n.xbgr.xr23_u10.nr1: WARNING: V(i1,c) voltage is greater than specified by vmax",
    "OSDI(debug) n.xbgr.xr23_u10.nr1: WARNING: V(i2,c) voltage is greater than specified by vmax",
    "OSDI(debug) n.xbgr.xr23_u9.nr1: WARNING: V(i1,c) voltage is greater than specified by vmax",
    "OSDI(debug) n.xbgr.xr23_u9.nr1: WARNING: V(i2,c) voltage is greater than specified by vmax",
    "OSDI(debug) n.xbgr.xr23_u8.nr1: WARNING: V(i1,c) voltage is greater than specified by vmax",
    "OSDI(debug) n.xbgr.xr23_u8.nr1: WARNING: V(i2,c) voltage is greater than specified by vmax",
    "OSDI(debug) n.xbgr.xr23_u7.nr1: WARNING: V(i1,c) voltage is greater than specified by vmax",
    "OSDI(debug) n.xbgr.xr23_u7.nr1: WARNING: V(i2,c) voltage is greater than specified by vmax",
    "OSDI(debug) n.xbgr.xr23_u6.nr1: WARNING: V(i1,c) voltage is greater than specified by vmax",
    "OSDI(debug) n.xbgr.xr23_u6.nr1: WARNING: V(i2,c) voltage is greater than specified by vmax",
    "OSDI(debug) n.xbgr.xr23_u5.nr1: WARNING: V(i1,c) voltage is greater than specified by vmax",
    "OSDI(debug) n.xbgr.xr23_u5.nr1: WARNING: V(i2,c) voltage is greater than specified by vmax",
    "OSDI(debug) n.xbgr.xr23_u4.nr1: WARNING: V(i1,c) voltage is greater than specified by vmax",
    "OSDI(debug) n.xbgr.xr23_u4.nr1: WARNING: V(i2,c) voltage is greater than specified by vmax",
    "OSDI(debug) n.xbgr.xr23_u3.nr1: WARNING: V(i1,c) voltage is greater than specified by vmax",
    "OSDI(debug) n.xbgr.xr23_u3.nr1: WARNING: V(i2,c) voltage is greater than specified by vmax",
    "OSDI(debug) n.xbgr.xr23_u2.nr1: WARNING: V(i1,c) voltage is greater than specified by vmax",
    "OSDI(debug) n.xbgr.xr23_u2.nr1: WARNING: V(i2,c) voltage is greater than specified by vmax",
    "OSDI(debug) n.xbgr.xr22_u4.nr1: WARNING: V(i1,c) voltage is greater than specified by vmax",
    "OSDI(debug) n.xbgr.xr22_u4.nr1: WARNING: V(i2,c) voltage is greater than specified by vmax",
    "OSDI(debug) n.xbgr.xr22_u3.nr1: WARNING: V(i1,c) voltage is greater than specified by vmax",
    "OSDI(debug) n.xbgr.xr22_u3.nr1: WARNING: V(i2,c) voltage is greater than specified by vmax",
    "OSDI(debug) n.xbgr.xr22_u2.nr1: WARNING: V(i1,c) voltage is greater than specified by vmax",
    "OSDI(debug) n.xbgr.xr22_u2.nr1: WARNING: V(i2,c) voltage is greater than specified by vmax",
    "OSDI(debug) n.xbgr.xr21_u4.nr1: WARNING: V(i1,c) voltage is greater than specified by vmax",
    "OSDI(debug) n.xbgr.xr21_u4.nr1: WARNING: V(i2,c) voltage is greater than specified by vmax",
    "OSDI(debug) n.xbgr.xr21_u3.nr1: WARNING: V(i1,c) voltage is greater than specified by vmax",
    "OSDI(debug) n.xbgr.xr21_u3.nr1: WARNING: V(i2,c) voltage is greater than specified by vmax",
    "OSDI(debug) n.xbgr.xr21_u2.nr1: WARNING: V(i1,c) voltage is greater than specified by vmax",
    "OSDI(debug) n.xbgr.xr21_u2.nr1: WARNING: V(i2,c) voltage is greater than specified by vmax",
    "OSDI(debug) n.xbgr.xr20_u4.nr1: WARNING: V(i1,c) voltage is greater than specified by vmax",
    "OSDI(debug) n.xbgr.xr20_u4.nr1: WARNING: V(i2,c) voltage is greater than specified by vmax",
    "OSDI(debug) n.xbgr.xr20_u3.nr1: WARNING: V(i1,c) voltage is greater than specified by vmax",
    "OSDI(debug) n.xbgr.xr20_u3.nr1: WARNING: V(i2,c) voltage is greater than specified by vmax",
    "OSDI(debug) n.xbgr.xr20_u2.nr1: WARNING: V(i1,c) voltage is greater than specified by vmax",
    "OSDI(debug) n.xbgr.xr20_u2.nr1: WARNING: V(i2,c) voltage is greater than specified by vmax",
    "OSDI(debug) n.xbgr.xr19_u4.nr1: WARNING: V(i1,c) voltage is greater than specified by vmax",
    "OSDI(debug) n.xbgr.xr19_u4.nr1: WARNING: V(i2,c) voltage is greater than specified by vmax",
    "OSDI(debug) n.xbgr.xr19_u3.nr1: WARNING: V(i1,c) voltage is greater than specified by vmax",
    "OSDI(debug) n.xbgr.xr19_u3.nr1: WARNING: V(i2,c) voltage is greater than specified by vmax",
    "OSDI(debug) n.xbgr.xr19_u2.nr1: WARNING: V(i1,c) voltage is greater than specified by vmax",
    "OSDI(debug) n.xbgr.xr19_u2.nr1: WARNING: V(i2,c) voltage is greater than specified by vmax",
    "OSDI(debug) n.xbgr.xr18_u4.nr1: WARNING: V(i1,c) voltage is greater than specified by vmax",
    "OSDI(debug) n.xbgr.xr18_u4.nr1: WARNING: V(i2,c) voltage is greater than specified by vmax",
    "OSDI(debug) n.xbgr.xr18_u3.nr1: WARNING: V(i1,c) voltage is greater than specified by vmax",
    "OSDI(debug) n.xbgr.xr18_u3.nr1: WARNING: V(i2,c) voltage is greater than specified by vmax",
    "OSDI(debug) n.xbgr.xr18_u2.nr1: WARNING: V(i1,c) voltage is greater than specified by vmax",
    "OSDI(debug) n.xbgr.xr18_u2.nr1: WARNING: V(i2,c) voltage is greater than specified by vmax",
    "OSDI(debug) n.xbgr.xr17_u4.nr1: WARNING: V(i1,c) voltage is greater than specified by vmax",
    "OSDI(debug) n.xbgr.xr17_u4.nr1: WARNING: V(i2,c) voltage is greater than specified by vmax",
    "OSDI(debug) n.xbgr.xr17_u3.nr1: WARNING: V(i1,c) voltage is greater than specified by vmax",
    "OSDI(debug) n.xbgr.xr17_u3.nr1: WARNING: V(i2,c) voltage is greater than specified by vmax",
    "OSDI(debug) n.xbgr.xr17_u2.nr1: WARNING: V(i1,c) voltage is greater than specified by vmax",
    "OSDI(debug) n.xbgr.xr17_u2.nr1: WARNING: V(i2,c) voltage is greater than specified by vmax",
    "OSDI(debug) n.xbgr.xr16_u24.nr1: WARNING: V(i2,c) voltage is greater than specified by vmax",
    "OSDI(debug) n.xbgr.xr16_u23.nr1: WARNING: V(i2,c) voltage is greater than specified by vmax",
    "OSDI(debug) n.xbgr.xr16_u22.nr1: WARNING: V(i2,c) voltage is greater than specified by vmax",
    "OSDI(debug) n.xbgr.xr16_u21.nr1: WARNING: V(i2,c) voltage is greater than specified by vmax",
    "OSDI(debug) n.xbgr.xr16_u20.nr1: WARNING: V(i2,c) voltage is greater than specified by vmax",
    "OSDI(debug) n.xbgr.xr16_u19.nr1: WARNING: V(i2,c) voltage is greater than specified by vmax",
    "OSDI(debug) n.xbgr.xr16_u18.nr1: WARNING: V(i2,c) voltage is greater than specified by vmax",
    "OSDI(debug) n.xbgr.xr16_u17.nr1: WARNING: V(i2,c) voltage is greater than specified by vmax",
    "OSDI(debug) n.xbgr.xr16_u16.nr1: WARNING: V(i2,c) voltage is greater than specified by vmax",
    "OSDI(debug) n.xbgr.xr16_u15.nr1: WARNING: V(i2,c) voltage is greater than specified by vmax",
    "OSDI(debug) n.xbgr.xr16_u14.nr1: WARNING: V(i2,c) voltage is greater than specified by vmax",
    "OSDI(debug) n.xbgr.xr16_u13.nr1: WARNING: V(i2,c) voltage is greater than specified by vmax",
    "OSDI(debug) n.xbgr.xr16_u12.nr1: WARNING: V(i2,c) voltage is greater than specified by vmax",
    "OSDI(debug) n.xbgr.xr16_u11.nr1: WARNING: V(i2,c) voltage is greater than specified by vmax",
    "OSDI(debug) n.xbgr.xr16_u10.nr1: WARNING: V(i2,c) voltage is greater than specified by vmax",
    "OSDI(debug) n.xbgr.xr16_u9.nr1: WARNING: V(i2,c) voltage is greater than specified by vmax",
    "OSDI(debug) n.xbgr.xr16_u8.nr1: WARNING: V(i2,c) voltage is greater than specified by vmax",
    "OSDI(debug) n.xbgr.xr16_u7.nr1: WARNING: V(i2,c) voltage is greater than specified by vmax",
    "OSDI(debug) n.xbgr.xr16_u6.nr1: WARNING: V(i2,c) voltage is greater than specified by vmax",
    "OSDI(debug) n.xbgr.xr16_u5.nr1: WARNING: V(i2,c) voltage is greater than specified by vmax",
    "OSDI(debug) n.xbgr.xr16_u4.nr1: WARNING: V(i2,c) voltage is greater than specified by vmax",
    "OSDI(debug) n.xbgr.xr16_u3.nr1: WARNING: V(i2,c) voltage is greater than specified by vmax",
    "OSDI(debug) n.xbgr.xr16_u2.nr1: WARNING: V(i2,c) voltage is greater than specified by vmax",
    "OSDI(debug) n.xbgr.xr86.nr1: WARNING: V(i1,c) voltage is greater than specified by vmax",
    "OSDI(debug) n.xbgr.xr86.nr1: WARNING: V(i2,c) voltage is greater than specified by vmax",
    "OSDI(debug) n.xbgr.xr85.nr1: WARNING: V(i1,c) voltage is greater than specified by vmax",
    "OSDI(debug) n.xbgr.xr85.nr1: WARNING: V(i2,c) voltage is greater than specified by vmax",
    "OSDI(debug) n.xbgr.xr84.nr1: WARNING: V(i1,c) voltage is greater than specified by vmax",
    "OSDI(debug) n.xbgr.xr84.nr1: WARNING: V(i2,c) voltage is greater than specified by vmax",
    "OSDI(debug) n.xbgr.xr83.nr1: WARNING: V(i1,c) voltage is greater than specified by vmax",
    "OSDI(debug) n.xbgr.xr83.nr1: WARNING: V(i2,c) voltage is greater than specified by vmax",
    "OSDI(debug) n.xbgr.xr82.nr1: WARNING: V(i1,c) voltage is greater than specified by vmax",
    "OSDI(debug) n.xbgr.xr82.nr1: WARNING: V(i2,c) voltage is greater than specified by vmax",
    "OSDI(debug) n.xbgr.xr81.nr1: WARNING: V(i1,c) voltage is greater than specified by vmax",
    "OSDI(debug) n.xbgr.xr81.nr1: WARNING: V(i2,c) voltage is greater than specified by vmax",
    "OSDI(debug) n.xbgr.xr80.nr1: WARNING: V(i1,c) voltage is greater than specified by vmax",
    "OSDI(debug) n.xbgr.xr80.nr1: WARNING: V(i2,c) voltage is greater than specified by vmax",
    "OSDI(debug) n.xbgr.xr79.nr1: WARNING: V(i1,c) voltage is greater than specified by vmax",
    "OSDI(debug) n.xbgr.xr79.nr1: WARNING: V(i2,c) voltage is greater than specified by vmax",
    "OSDI(debug) n.xbgr.xr78.nr1: WARNING: V(i1,c) voltage is greater than specified by vmax",
    "OSDI(debug) n.xbgr.xr78.nr1: WARNING: V(i2,c) voltage is greater than specified by vmax",
    "OSDI(debug) n.xbgr.xr77.nr1: WARNING: V(i1,c) voltage is greater than specified by vmax",
    "OSDI(debug) n.xbgr.xr77.nr1: WARNING: V(i2,c) voltage is greater than specified by vmax",
    "OSDI(debug) n.xbgr.xr26.nr1: WARNING: V(i1,c) voltage is greater than specified by vmax",
    "OSDI(debug) n.xbgr.xr26.nr1: WARNING: V(i2,c) voltage is greater than specified by vmax",
    "OSDI(debug) n.xbgr.xr25.nr1: WARNING: V(i1,c) voltage is greater than specified by vmax",
    "OSDI(debug) n.xbgr.xr25.nr1: WARNING: V(i2,c) voltage is greater than specified by vmax",
    "OSDI(debug) n.xbgr.xr24.nr1: WARNING: V(i1,c) voltage is greater than specified by vmax",
    "OSDI(debug) n.xbgr.xr24.nr1: WARNING: V(i2,c) voltage is greater than specified by vmax",
    "OSDI(debug) n.xbgr.xr23.nr1: WARNING: V(i1,c) voltage is greater than specified by vmax",
    "OSDI(debug) n.xbgr.xr23.nr1: WARNING: V(i2,c) voltage is greater than specified by vmax",
    "OSDI(debug) n.xbgr.xr22.nr1: WARNING: V(i1,c) voltage is greater than specified by vmax",
    "OSDI(debug) n.xbgr.xr22.nr1: WARNING: V(i2,c) voltage is greater than specified by vmax",
    "OSDI(debug) n.xbgr.xr21.nr1: WARNING: V(i1,c) voltage is greater than specified by vmax",
    "OSDI(debug) n.xbgr.xr21.nr1: WARNING: V(i2,c) voltage is greater than specified by vmax",
    "OSDI(debug) n.xbgr.xr20.nr1: WARNING: V(i1,c) voltage is greater than specified by vmax",
    "OSDI(debug) n.xbgr.xr20.nr1: WARNING: V(i2,c) voltage is greater than specified by vmax",
    "OSDI(debug) n.xbgr.xr19.nr1: WARNING: V(i1,c) voltage is greater than specified by vmax",
    "OSDI(debug) n.xbgr.xr19.nr1: WARNING: V(i2,c) voltage is greater than specified by vmax",
    "OSDI(debug) n.xbgr.xr18.nr1: WARNING: V(i1,c) voltage is greater than specified by vmax",
    "OSDI(debug) n.xbgr.xr18.nr1: WARNING: V(i2,c) voltage is greater than specified by vmax",
    "OSDI(debug) n.xbgr.xr17.nr1: WARNING: V(i1,c) voltage is greater than specified by vmax",
    "OSDI(debug) n.xbgr.xr17.nr1: WARNING: V(i2,c) voltage is greater than specified by vmax",
    "OSDI(debug) n.xbgr.xr16.nr1: WARNING: V(i2,c) voltage is greater than specified by vmax",
    "OSDI(debug) n.xbgr.xr15.nr1: WARNING: V(i1,c) voltage is greater than specified by vmax",
    "OSDI(debug) n.xbgr.xr15.nr1: WARNING: V(i2,c) voltage is greater than specified by vmax",
    "OSDI(debug) n.xbgr.xr14.nr1: WARNING: V(i1,c) voltage is greater than specified by vmax",
    "OSDI(debug) n.xbgr.xr14.nr1: WARNING: V(i2,c) voltage is greater than specified by vmax",
    "OSDI(debug) n.xbgr.xr13.nr1: WARNING: V(i1,c) voltage is greater than specified by vmax",
    "OSDI(debug) n.xbgr.xr13.nr1: WARNING: V(i2,c) voltage is greater than specified by vmax",
    "OSDI(debug) n.xbgr.xr12.nr1: WARNING: V(i1,c) voltage is greater than specified by vmax",
    "OSDI(debug) n.xbgr.xr12.nr1: WARNING: V(i2,c) voltage is greater than specified by vmax",
    "OSDI(debug) n.xbgr.xr11.nr1: WARNING: V(i1,c) voltage is greater than specified by vmax",
    "OSDI(debug) n.xbgr.xr11.nr1: WARNING: V(i2,c) voltage is greater than specified by vmax",
    "OSDI(debug) n.xbgr.xr10.nr1: WARNING: V(i1,c) voltage is greater than specified by vmax",
    "OSDI(debug) n.xbgr.xr10.nr1: WARNING: V(i2,c) voltage is greater than specified by vmax",
    "OSDI(debug) n.xbgr.xr9.nr1: WARNING: V(i1,c) voltage is greater than specified by vmax",
    "OSDI(debug) n.xbgr.xr9.nr1: WARNING: V(i2,c) voltage is greater than specified by vmax",
    "OSDI(debug) n.xbgr.xr8.nr1: WARNING: V(i1,c) voltage is greater than specified by vmax",
    "OSDI(debug) n.xbgr.xr8.nr1: WARNING: V(i2,c) voltage is greater than specified by vmax",
    "OSDI(debug) n.xbgr.xr7.nr1: WARNING: V(i1,c) voltage is greater than specified by vmax",
    "OSDI(debug) n.xbgr.xr7.nr1: WARNING: V(i2,c) voltage is greater than specified by vmax",
    "OSDI(debug) n.xbgr.xr6.nr1: WARNING: V(i1,c) voltage is greater than specified by vmax",
    "OSDI(debug) n.xbgr.xr6.nr1: WARNING: V(i2,c) voltage is greater than specified by vmax",
    "OSDI(debug) n.xbgr.xr5.nr1: WARNING: V(i1,c) voltage is greater than specified by vmax",
    "OSDI(debug) n.xbgr.xr5.nr1: WARNING: V(i2,c) voltage is greater than specified by vmax",
    "OSDI(debug) n.xbgr.xr4.nr1: WARNING: V(i1,c) voltage is greater than specified by vmax",
    "OSDI(debug) n.xbgr.xr4.nr1: WARNING: V(i2,c) voltage is greater than specified by vmax",
    "OSDI(debug) n.xbgr.xr3.nr1: WARNING: V(i1,c) voltage is greater than specified by vmax",
    "OSDI(debug) n.xbgr.xr3.nr1: WARNING: V(i2,c) voltage is greater than specified by vmax",
    "OSDI(debug) n.xbgr.xr2.nr1: WARNING: V(i1,c) voltage is greater than specified by vmax",
    "OSDI(debug) n.xbgr.xr2.nr1: WARNING: V(i2,c) voltage is greater than specified by vmax",
    "OSDI(debug) n.xbgr.xr1.nr1: WARNING: V(i2,c) voltage is greater than specified by vmax",
    "OSDI(debug) n.xbgr.xr86_u24.nr1: WARNING: V(i1,c) voltage is greater than specified by vmax",
    "OSDI(debug) n.xbgr.xr86_u24.nr1: WARNING: V(i2,c) voltage is greater than specified by vmax",
    "OSDI(debug) n.xbgr.xr86_u23.nr1: WARNING: V(i1,c) voltage is greater than specified by vmax",
    "OSDI(debug) n.xbgr.xr86_u23.nr1: WARNING: V(i2,c) voltage is greater than specified by vmax",
    "OSDI(debug) n.xbgr.xr86_u22.nr1: WARNING: V(i1,c) voltage is greater than specified by vmax",
    "OSDI(debug) n.xbgr.xr86_u22.nr1: WARNING: V(i2,c) voltage is greater than specified by vmax",
    "OSDI(debug) n.xbgr.xr86_u21.nr1: WARNING: V(i1,c) voltage is greater than specified by vmax",
    "OSDI(debug) n.xbgr.xr86_u21.nr1: WARNING: V(i2,c) voltage is greater than specified by vmax",
    "OSDI(debug) n.xbgr.xr86_u20.nr1: WARNING: V(i1,c) voltage is greater than specified by vmax",
    "OSDI(debug) n.xbgr.xr86_u20.nr1: WARNING: V(i2,c) voltage is greater than specified by vmax",
    "OSDI(debug) n.xbgr.xr86_u19.nr1: WARNING: V(i1,c) voltage is greater than specified by vmax",
    "OSDI(debug) n.xbgr.xr86_u19.nr1: WARNING: V(i2,c) voltage is greater than specified by vmax",
    "OSDI(debug) n.xbgr.xr86_u18.nr1: WARNING: V(i1,c) voltage is greater than specified by vmax",
    "OSDI(debug) n.xbgr.xr86_u18.nr1: WARNING: V(i2,c) voltage is greater than specified by vmax",
    "OSDI(debug) n.xbgr.xr86_u17.nr1: WARNING: V(i1,c) voltage is greater than specified by vmax",
    "OSDI(debug) n.xbgr.xr86_u17.nr1: WARNING: V(i2,c) voltage is greater than specified by vmax",
    "OSDI(debug) n.xbgr.xr86_u16.nr1: WARNING: V(i1,c) voltage is greater than specified by vmax",
    "OSDI(debug) n.xbgr.xr86_u16.nr1: WARNING: V(i2,c) voltage is greater than specified by vmax",
    "OSDI(debug) n.xbgr.xr86_u15.nr1: WARNING: V(i1,c) voltage is greater than specified by vmax",
    "OSDI(debug) n.xbgr.xr86_u15.nr1: WARNING: V(i2,c) voltage is greater than specified by vmax",
    "OSDI(debug) n.xbgr.xr86_u14.nr1: WARNING: V(i1,c) voltage is greater than specified by vmax",
    "OSDI(debug) n.xbgr.xr86_u14.nr1: WARNING: V(i2,c) voltage is greater than specified by vmax",
    "OSDI(debug) n.xbgr.xr86_u13.nr1: WARNING: V(i1,c) voltage is greater than specified by vmax",
    "OSDI(debug) n.xbgr.xr86_u13.nr1: WARNING: V(i2,c) voltage is greater than specified by vmax",
    "OSDI(debug) n.xbgr.xr86_u12.nr1: WARNING: V(i1,c) voltage is greater than specified by vmax",
    "OSDI(debug) n.xbgr.xr86_u12.nr1: WARNING: V(i2,c) voltage is greater than specified by vmax",
    "OSDI(debug) n.xbgr.xr86_u11.nr1: WARNING: V(i1,c) voltage is greater than specified by vmax",
    "OSDI(debug) n.xbgr.xr86_u11.nr1: WARNING: V(i2,c) voltage is greater than specified by vmax",
    "OSDI(debug) n.xbgr.xr86_u10.nr1: WARNING: V(i1,c) voltage is greater than specified by vmax",
    "OSDI(debug) n.xbgr.xr86_u10.nr1: WARNING: V(i2,c) voltage is greater than specified by vmax",
    "OSDI(debug) n.xbgr.xr86_u9.nr1: WARNING: V(i1,c) voltage is greater than specified by vmax",
    "OSDI(debug) n.xbgr.xr86_u9.nr1: WARNING: V(i2,c) voltage is greater than specified by vmax",
    "OSDI(debug) n.xbgr.xr86_u8.nr1: WARNING: V(i1,c) voltage is greater than specified by vmax",
    "OSDI(debug) n.xbgr.xr86_u8.nr1: WARNING: V(i2,c) voltage is greater than specified by vmax",
    "OSDI(debug) n.xbgr.xr86_u7.nr1: WARNING: V(i1,c) voltage is greater than specified by vmax",
    "OSDI(debug) n.xbgr.xr86_u7.nr1: WARNING: V(i2,c) voltage is greater than specified by vmax",
    "OSDI(debug) n.xbgr.xr86_u6.nr1: WARNING: V(i1,c) voltage is greater than specified by vmax",
    "OSDI(debug) n.xbgr.xr86_u6.nr1: WARNING: V(i2,c) voltage is greater than specified by vmax",
    "OSDI(debug) n.xbgr.xr86_u5.nr1: WARNING: V(i1,c) voltage is greater than specified by vmax",
    "OSDI(debug) n.xbgr.xr86_u5.nr1: WARNING: V(i2,c) voltage is greater than specified by vmax",
    "OSDI(debug) n.xbgr.xr86_u4.nr1: WARNING: V(i1,c) voltage is greater than specified by vmax",
    "OSDI(debug) n.xbgr.xr86_u4.nr1: WARNING: V(i2,c) voltage is greater than specified by vmax",
    "OSDI(debug) n.xbgr.xr86_u3.nr1: WARNING: V(i1,c) voltage is greater than specified by vmax",
    "OSDI(debug) n.xbgr.xr86_u3.nr1: WARNING: V(i2,c) voltage is greater than specified by vmax",
    "OSDI(debug) n.xbgr.xr86_u2.nr1: WARNING: V(i1,c) voltage is greater than specified by vmax",
    "OSDI(debug) n.xbgr.xr86_u2.nr1: WARNING: V(i2,c) voltage is greater than specified by vmax",
    "OSDI(debug) n.xbgr.xr85_u24.nr1: WARNING: V(i1,c) voltage is greater than specified by vmax",
    "OSDI(debug) n.xbgr.xr85_u24.nr1: WARNING: V(i2,c) voltage is greater than specified by vmax",
    "OSDI(debug) n.xbgr.xr85_u23.nr1: WARNING: V(i1,c) voltage is greater than specified by vmax",
    "OSDI(debug) n.xbgr.xr85_u23.nr1: WARNING: V(i2,c) voltage is greater than specified by vmax",
    "OSDI(debug) n.xbgr.xr85_u22.nr1: WARNING: V(i1,c) voltage is greater than specified by vmax",
    "OSDI(debug) n.xbgr.xr85_u22.nr1: WARNING: V(i2,c) voltage is greater than specified by vmax",
    "OSDI(debug) n.xbgr.xr85_u21.nr1: WARNING: V(i1,c) voltage is greater than specified by vmax",
    "OSDI(debug) n.xbgr.xr85_u21.nr1: WARNING: V(i2,c) voltage is greater than specified by vmax",
    "OSDI(debug) n.xbgr.xr85_u20.nr1: WARNING: V(i1,c) voltage is greater than specified by vmax",
    "OSDI(debug) n.xbgr.xr85_u20.nr1: WARNING: V(i2,c) voltage is greater than specified by vmax",
    "OSDI(debug) n.xbgr.xr85_u19.nr1: WARNING: V(i1,c) voltage is greater than specified by vmax",
    "OSDI(debug) n.xbgr.xr85_u19.nr1: WARNING: V(i2,c) voltage is greater than specified by vmax",
    "OSDI(debug) n.xbgr.xr85_u18.nr1: WARNING: V(i1,c) voltage is greater than specified by vmax",
    "OSDI(debug) n.xbgr.xr85_u18.nr1: WARNING: V(i2,c) voltage is greater than specified by vmax",
    "OSDI(debug) n.xbgr.xr85_u17.nr1: WARNING: V(i1,c) voltage is greater than specified by vmax",
    "OSDI(debug) n.xbgr.xr85_u17.nr1: WARNING: V(i2,c) voltage is greater than specified by vmax",
    "OSDI(debug) n.xbgr.xr85_u16.nr1: WARNING: V(i1,c) voltage is greater than specified by vmax",
    "OSDI(debug) n.xbgr.xr85_u16.nr1: WARNING: V(i2,c) voltage is greater than specified by vmax",
    "OSDI(debug) n.xbgr.xr85_u15.nr1: WARNING: V(i1,c) voltage is greater than specified by vmax",
    "OSDI(debug) n.xbgr.xr85_u15.nr1: WARNING: V(i2,c) voltage is greater than specified by vmax",
    "OSDI(debug) n.xbgr.xr85_u14.nr1: WARNING: V(i1,c) voltage is greater than specified by vmax",
    "OSDI(debug) n.xbgr.xr85_u14.nr1: WARNING: V(i2,c) voltage is greater than specified by vmax",
    "OSDI(debug) n.xbgr.xr85_u13.nr1: WARNING: V(i1,c) voltage is greater than specified by vmax",
    "OSDI(debug) n.xbgr.xr85_u13.nr1: WARNING: V(i2,c) voltage is greater than specified by vmax",
    "OSDI(debug) n.xbgr.xr85_u12.nr1: WARNING: V(i1,c) voltage is greater than specified by vmax",
    "OSDI(debug) n.xbgr.xr85_u12.nr1: WARNING: V(i2,c) voltage is greater than specified by vmax",
    "OSDI(debug) n.xbgr.xr85_u11.nr1: WARNING: V(i1,c) voltage is greater than specified by vmax",
    "OSDI(debug) n.xbgr.xr85_u11.nr1: WARNING: V(i2,c) voltage is greater than specified by vmax",
    "OSDI(debug) n.xbgr.xr85_u10.nr1: WARNING: V(i1,c) voltage is greater than specified by vmax",
    "OSDI(debug) n.xbgr.xr85_u10.nr1: WARNING: V(i2,c) voltage is greater than specified by vmax",
    "OSDI(debug) n.xbgr.xr85_u9.nr1: WARNING: V(i1,c) voltage is greater than specified by vmax",
    "OSDI(debug) n.xbgr.xr85_u9.nr1: WARNING: V(i2,c) voltage is greater than specified by vmax",
    "OSDI(debug) n.xbgr.xr85_u8.nr1: WARNING: V(i1,c) voltage is greater than specified by vmax",
    "OSDI(debug) n.xbgr.xr85_u8.nr1: WARNING: V(i2,c) voltage is greater than specified by vmax",
    "OSDI(debug) n.xbgr.xr85_u7.nr1: WARNING: V(i1,c) voltage is greater than specified by vmax",
    "OSDI(debug) n.xbgr.xr85_u7.nr1: WARNING: V(i2,c) voltage is greater than specified by vmax",
    "OSDI(debug) n.xbgr.xr85_u6.nr1: WARNING: V(i1,c) voltage is greater than specified by vmax",
    "OSDI(debug) n.xbgr.xr85_u6.nr1: WARNING: V(i2,c) voltage is greater than specified by vmax",
    "OSDI(debug) n.xbgr.xr85_u5.nr1: WARNING: V(i1,c) voltage is greater than specified by vmax",
    "OSDI(debug) n.xbgr.xr85_u5.nr1: WARNING: V(i2,c) voltage is greater than specified by vmax",
    "OSDI(debug) n.xbgr.xr85_u4.nr1: WARNING: V(i1,c) voltage is greater than specified by vmax",
    "OSDI(debug) n.xbgr.xr85_u4.nr1: WARNING: V(i2,c) voltage is greater than specified by vmax",
    "OSDI(debug) n.xbgr.xr85_u3.nr1: WARNING: V(i1,c) voltage is greater than specified by vmax",
    "OSDI(debug) n.xbgr.xr85_u3.nr1: WARNING: V(i2,c) voltage is greater than specified by vmax",
    "OSDI(debug) n.xbgr.xr85_u2.nr1: WARNING: V(i1,c) voltage is greater than specified by vmax",
    "OSDI(debug) n.xbgr.xr85_u2.nr1: WARNING: V(i2,c) voltage is greater than specified by vmax",
    "OSDI(debug) n.xbgr.xr84_u24.nr1: WARNING: V(i1,c) voltage is greater than specified by vmax",
    "OSDI(debug) n.xbgr.xr84_u24.nr1: WARNING: V(i2,c) voltage is greater than specified by vmax",
    "OSDI(debug) n.xbgr.xr84_u23.nr1: WARNING: V(i1,c) voltage is greater than specified by vmax",
    "OSDI(debug) n.xbgr.xr84_u23.nr1: WARNING: V(i2,c) voltage is greater than specified by vmax",
    "OSDI(debug) n.xbgr.xr84_u22.nr1: WARNING: V(i1,c) voltage is greater than specified by vmax",
    "OSDI(debug) n.xbgr.xr84_u22.nr1: WARNING: V(i2,c) voltage is greater than specified by vmax",
    "OSDI(debug) n.xbgr.xr84_u21.nr1: WARNING: V(i1,c) voltage is greater than specified by vmax",
    "OSDI(debug) n.xbgr.xr84_u21.nr1: WARNING: V(i2,c) voltage is greater than specified by vmax",
    "OSDI(debug) n.xbgr.xr84_u20.nr1: WARNING: V(i1,c) voltage is greater than specified by vmax",
    "OSDI(debug) n.xbgr.xr84_u20.nr1: WARNING: V(i2,c) voltage is greater than specified by vmax",
    "OSDI(debug) n.xbgr.xr84_u19.nr1: WARNING: V(i1,c) voltage is greater than specified by vmax",
    "OSDI(debug) n.xbgr.xr84_u19.nr1: WARNING: V(i2,c) voltage is greater than specified by vmax",
    "OSDI(debug) n.xbgr.xr84_u18.nr1: WARNING: V(i1,c) voltage is greater than specified by vmax",
    "OSDI(debug) n.xbgr.xr84_u18.nr1: WARNING: V(i2,c) voltage is greater than specified by vmax",
    "OSDI(debug) n.xbgr.xr84_u17.nr1: WARNING: V(i1,c) voltage is greater than specified by vmax",
    "OSDI(debug) n.xbgr.xr84_u17.nr1: WARNING: V(i2,c) voltage is greater than specified by vmax",
    "OSDI(debug) n.xbgr.xr84_u16.nr1: WARNING: V(i1,c) voltage is greater than specified by vmax",
    "OSDI(debug) n.xbgr.xr84_u16.nr1: WARNING: V(i2,c) voltage is greater than specified by vmax",
    "OSDI(debug) n.xbgr.xr84_u15.nr1: WARNING: V(i1,c) voltage is greater than specified by vmax",
    "OSDI(debug) n.xbgr.xr84_u15.nr1: WARNING: V(i2,c) voltage is greater than specified by vmax",
    "OSDI(debug) n.xbgr.xr84_u14.nr1: WARNING: V(i1,c) voltage is greater than specified by vmax",
    "OSDI(debug) n.xbgr.xr84_u14.nr1: WARNING: V(i2,c) voltage is greater than specified by vmax",
    "OSDI(debug) n.xbgr.xr84_u13.nr1: WARNING: V(i1,c) voltage is greater than specified by vmax",
    "OSDI(debug) n.xbgr.xr84_u13.nr1: WARNING: V(i2,c) voltage is greater than specified by vmax",
    "OSDI(debug) n.xbgr.xr84_u12.nr1: WARNING: V(i1,c) voltage is greater than specified by vmax",
    "OSDI(debug) n.xbgr.xr84_u12.nr1: WARNING: V(i2,c) voltage is greater than specified by vmax",
    "OSDI(debug) n.xbgr.xr84_u11.nr1: WARNING: V(i1,c) voltage is greater than specified by vmax",
    "OSDI(debug) n.xbgr.xr84_u11.nr1: WARNING: V(i2,c) voltage is greater than specified by vmax",
    "OSDI(debug) n.xbgr.xr84_u10.nr1: WARNING: V(i1,c) voltage is greater than specified by vmax",
    "OSDI(debug) n.xbgr.xr84_u10.nr1: WARNING: V(i2,c) voltage is greater than specified by vmax",
    "OSDI(debug) n.xbgr.xr84_u9.nr1: WARNING: V(i1,c) voltage is greater than specified by vmax",
    "OSDI(debug) n.xbgr.xr84_u9.nr1: WARNING: V(i2,c) voltage is greater than specified by vmax",
    "OSDI(debug) n.xbgr.xr84_u8.nr1: WARNING: V(i1,c) voltage is greater than specified by vmax",
    "OSDI(debug) n.xbgr.xr84_u8.nr1: WARNING: V(i2,c) voltage is greater than specified by vmax",
    "OSDI(debug) n.xbgr.xr84_u7.nr1: WARNING: V(i1,c) voltage is greater than specified by vmax",
    "OSDI(debug) n.xbgr.xr84_u7.nr1: WARNING: V(i2,c) voltage is greater than specified by vmax",
    "OSDI(debug) n.xbgr.xr84_u6.nr1: WARNING: V(i1,c) voltage is greater than specified by vmax",
    "OSDI(debug) n.xbgr.xr84_u6.nr1: WARNING: V(i2,c) voltage is greater than specified by vmax",
    "OSDI(debug) n.xbgr.xr84_u5.nr1: WARNING: V(i1,c) voltage is greater than specified by vmax",
    "OSDI(debug) n.xbgr.xr84_u5.nr1: WARNING: V(i2,c) voltage is greater than specified by vmax",
    "OSDI(debug) n.xbgr.xr84_u4.nr1: WARNING: V(i1,c) voltage is greater than specified by vmax",
    "OSDI(debug) n.xbgr.xr84_u4.nr1: WARNING: V(i2,c) voltage is greater than specified by vmax",
    "OSDI(debug) n.xbgr.xr84_u3.nr1: WARNING: V(i1,c) voltage is greater than specified by vmax",
    "OSDI(debug) n.xbgr.xr84_u3.nr1: WARNING: V(i2,c) voltage is greater than specified by vmax",
    "OSDI(debug) n.xbgr.xr84_u2.nr1: WARNING: V(i1,c) voltage is greater than specified by vmax",
    "OSDI(debug) n.xbgr.xr84_u2.nr1: WARNING: V(i2,c) voltage is greater than specified by vmax",
    "OSDI(debug) n.xbgr.xr83_u24.nr1: WARNING: V(i1,c) voltage is greater than specified by vmax",
    "OSDI(debug) n.xbgr.xr83_u24.nr1: WARNING: V(i2,c) voltage is greater than specified by vmax",
    "OSDI(debug) n.xbgr.xr83_u23.nr1: WARNING: V(i1,c) voltage is greater than specified by vmax",
    "OSDI(debug) n.xbgr.xr83_u23.nr1: WARNING: V(i2,c) voltage is greater than specified by vmax",
    "OSDI(debug) n.xbgr.xr83_u22.nr1: WARNING: V(i1,c) voltage is greater than specified by vmax",
    "OSDI(debug) n.xbgr.xr83_u22.nr1: WARNING: V(i2,c) voltage is greater than specified by vmax",
    "OSDI(debug) n.xbgr.xr83_u21.nr1: WARNING: V(i1,c) voltage is greater than specified by vmax",
    "OSDI(debug) n.xbgr.xr83_u21.nr1: WARNING: V(i2,c) voltage is greater than specified by vmax",
    "OSDI(debug) n.xbgr.xr83_u20.nr1: WARNING: V(i1,c) voltage is greater than specified by vmax",
    "OSDI(debug) n.xbgr.xr83_u20.nr1: WARNING: V(i2,c) voltage is greater than specified by vmax",
    "OSDI(debug) n.xbgr.xr83_u19.nr1: WARNING: V(i1,c) voltage is greater than specified by vmax",
    "OSDI(debug) n.xbgr.xr83_u19.nr1: WARNING: V(i2,c) voltage is greater than specified by vmax",
    "OSDI(debug) n.xbgr.xr83_u18.nr1: WARNING: V(i1,c) voltage is greater than specified by vmax",
    "OSDI(debug) n.xbgr.xr83_u18.nr1: WARNING: V(i2,c) voltage is greater than specified by vmax",
    "OSDI(debug) n.xbgr.xr83_u17.nr1: WARNING: V(i1,c) voltage is greater than specified by vmax",
    "OSDI(debug) n.xbgr.xr83_u17.nr1: WARNING: V(i2,c) voltage is greater than specified by vmax",
    "OSDI(debug) n.xbgr.xr83_u16.nr1: WARNING: V(i1,c) voltage is greater than specified by vmax",
    "OSDI(debug) n.xbgr.xr83_u16.nr1: WARNING: V(i2,c) voltage is greater than specified by vmax",
    "OSDI(debug) n.xbgr.xr83_u15.nr1: WARNING: V(i1,c) voltage is greater than specified by vmax",
    "OSDI(debug) n.xbgr.xr83_u15.nr1: WARNING: V(i2,c) voltage is greater than specified by vmax",
    "OSDI(debug) n.xbgr.xr83_u14.nr1: WARNING: V(i1,c) voltage is greater than specified by vmax",
    "OSDI(debug) n.xbgr.xr83_u14.nr1: WARNING: V(i2,c) voltage is greater than specified by vmax",
    "OSDI(debug) n.xbgr.xr83_u13.nr1: WARNING: V(i1,c) voltage is greater than specified by vmax",
    "OSDI(debug) n.xbgr.xr83_u13.nr1: WARNING: V(i2,c) voltage is greater than specified by vmax",
    "OSDI(debug) n.xbgr.xr83_u12.nr1: WARNING: V(i1,c) voltage is greater than specified by vmax",
    "OSDI(debug) n.xbgr.xr83_u12.nr1: WARNING: V(i2,c) voltage is greater than specified by vmax",
    "OSDI(debug) n.xbgr.xr83_u11.nr1: WARNING: V(i1,c) voltage is greater than specified by vmax",
    "OSDI(debug) n.xbgr.xr83_u11.nr1: WARNING: V(i2,c) voltage is greater than specified by vmax",
    "OSDI(debug) n.xbgr.xr83_u10.nr1: WARNING: V(i1,c) voltage is greater than specified by vmax",
    "OSDI(debug) n.xbgr.xr83_u10.nr1: WARNING: V(i2,c) voltage is greater than specified by vmax",
    "OSDI(debug) n.xbgr.xr83_u9.nr1: WARNING: V(i1,c) voltage is greater than specified by vmax",
    "OSDI(debug) n.xbgr.xr83_u9.nr1: WARNING: V(i2,c) voltage is greater than specified by vmax",
    "OSDI(debug) n.xbgr.xr83_u8.nr1: WARNING: V(i1,c) voltage is greater than specified by vmax",
    "OSDI(debug) n.xbgr.xr83_u8.nr1: WARNING: V(i2,c) voltage is greater than specified by vmax",
    "OSDI(debug) n.xbgr.xr83_u7.nr1: WARNING: V(i1,c) voltage is greater than specified by vmax",
    "OSDI(debug) n.xbgr.xr83_u7.nr1: WARNING: V(i2,c) voltage is greater than specified by vmax",
    "OSDI(debug) n.xbgr.xr83_u6.nr1: WARNING: V(i1,c) voltage is greater than specified by vmax",
    "OSDI(debug) n.xbgr.xr83_u6.nr1: WARNING: V(i2,c) voltage is greater than specified by vmax",
    "OSDI(debug) n.xbgr.xr83_u5.nr1: WARNING: V(i1,c) voltage is greater than specified by vmax",
    "OSDI(debug) n.xbgr.xr83_u5.nr1: WARNING: V(i2,c) voltage is greater than specified by vmax",
    "OSDI(debug) n.xbgr.xr83_u4.nr1: WARNING: V(i1,c) voltage is greater than specified by vmax",
    "OSDI(debug) n.xbgr.xr83_u4.nr1: WARNING: V(i2,c) voltage is greater than specified by vmax",
    "OSDI(debug) n.xbgr.xr83_u3.nr1: WARNING: V(i1,c) voltage is greater than specified by vmax",
    "OSDI(debug) n.xbgr.xr83_u3.nr1: WARNING: V(i2,c) voltage is greater than specified by vmax",
    "OSDI(debug) n.xbgr.xr83_u2.nr1: WARNING: V(i1,c) voltage is greater than specified by vmax",
    "OSDI(debug) n.xbgr.xr83_u2.nr1: WARNING: V(i2,c) voltage is greater than specified by vmax",
    "OSDI(debug) n.xbgr.xr82_u24.nr1: WARNING: V(i1,c) voltage is greater than specified by vmax",
    "OSDI(debug) n.xbgr.xr82_u24.nr1: WARNING: V(i2,c) voltage is greater than specified by vmax",
    "OSDI(debug) n.xbgr.xr82_u23.nr1: WARNING: V(i1,c) voltage is greater than specified by vmax",
    "OSDI(debug) n.xbgr.xr82_u23.nr1: WARNING: V(i2,c) voltage is greater than specified by vmax",
    "OSDI(debug) n.xbgr.xr82_u22.nr1: WARNING: V(i1,c) voltage is greater than specified by vmax",
    "OSDI(debug) n.xbgr.xr82_u22.nr1: WARNING: V(i2,c) voltage is greater than specified by vmax",
    "OSDI(debug) n.xbgr.xr82_u21.nr1: WARNING: V(i1,c) voltage is greater than specified by vmax",
    "OSDI(debug) n.xbgr.xr82_u21.nr1: WARNING: V(i2,c) voltage is greater than specified by vmax",
    "OSDI(debug) n.xbgr.xr82_u20.nr1: WARNING: V(i1,c) voltage is greater than specified by vmax",
    "OSDI(debug) n.xbgr.xr82_u20.nr1: WARNING: V(i2,c) voltage is greater than specified by vmax",
    "OSDI(debug) n.xbgr.xr82_u19.nr1: WARNING: V(i1,c) voltage is greater than specified by vmax",
    "OSDI(debug) n.xbgr.xr82_u19.nr1: WARNING: V(i2,c) voltage is greater than specified by vmax",
    "OSDI(debug) n.xbgr.xr82_u18.nr1: WARNING: V(i1,c) voltage is greater than specified by vmax",
    "OSDI(debug) n.xbgr.xr82_u18.nr1: WARNING: V(i2,c) voltage is greater than specified by vmax",
    "OSDI(debug) n.xbgr.xr82_u17.nr1: WARNING: V(i1,c) voltage is greater than specified by vmax",
    "OSDI(debug) n.xbgr.xr82_u17.nr1: WARNING: V(i2,c) voltage is greater than specified by vmax",
    "OSDI(debug) n.xbgr.xr82_u16.nr1: WARNING: V(i1,c) voltage is greater than specified by vmax",
    "OSDI(debug) n.xbgr.xr82_u16.nr1: WARNING: V(i2,c) voltage is greater than specified by vmax",
    "OSDI(debug) n.xbgr.xr82_u15.nr1: WARNING: V(i1,c) voltage is greater than specified by vmax",
    "OSDI(debug) n.xbgr.xr82_u15.nr1: WARNING: V(i2,c) voltage is greater than specified by vmax",
    "OSDI(debug) n.xbgr.xr82_u14.nr1: WARNING: V(i1,c) voltage is greater than specified by vmax",
    "OSDI(debug) n.xbgr.xr82_u14.nr1: WARNING: V(i2,c) voltage is greater than specified by vmax",
    "OSDI(debug) n.xbgr.xr82_u13.nr1: WARNING: V(i1,c) voltage is greater than specified by vmax",
    "OSDI(debug) n.xbgr.xr82_u13.nr1: WARNING: V(i2,c) voltage is greater than specified by vmax",
    "OSDI(debug) n.xbgr.xr82_u12.nr1: WARNING: V(i1,c) voltage is greater than specified by vmax",
    "OSDI(debug) n.xbgr.xr82_u12.nr1: WARNING: V(i2,c) voltage is greater than specified by vmax",
    "OSDI(debug) n.xbgr.xr82_u11.nr1: WARNING: V(i1,c) voltage is greater than specified by vmax",
    "OSDI(debug) n.xbgr.xr82_u11.nr1: WARNING: V(i2,c) voltage is greater than specified by vmax",
    "OSDI(debug) n.xbgr.xr82_u10.nr1: WARNING: V(i1,c) voltage is greater than specified by vmax",
    "OSDI(debug) n.xbgr.xr82_u10.nr1: WARNING: V(i2,c) voltage is greater than specified by vmax",
    "OSDI(debug) n.xbgr.xr82_u9.nr1: WARNING: V(i1,c) voltage is greater than specified by vmax",
    "OSDI(debug) n.xbgr.xr82_u9.nr1: WARNING: V(i2,c) voltage is greater than specified by vmax",
    "OSDI(debug) n.xbgr.xr82_u8.nr1: WARNING: V(i1,c) voltage is greater than specified by vmax",
    "OSDI(debug) n.xbgr.xr82_u8.nr1: WARNING: V(i2,c) voltage is greater than specified by vmax",
    "OSDI(debug) n.xbgr.xr82_u7.nr1: WARNING: V(i1,c) voltage is greater than specified by vmax",
    "OSDI(debug) n.xbgr.xr82_u7.nr1: WARNING: V(i2,c) voltage is greater than specified by vmax",
    "OSDI(debug) n.xbgr.xr82_u6.nr1: WARNING: V(i1,c) voltage is greater than specified by vmax",
    "OSDI(debug) n.xbgr.xr82_u6.nr1: WARNING: V(i2,c) voltage is greater than specified by vmax",
    "OSDI(debug) n.xbgr.xr82_u5.nr1: WARNING: V(i1,c) voltage is greater than specified by vmax",
    "OSDI(debug) n.xbgr.xr82_u5.nr1: WARNING: V(i2,c) voltage is greater than specified by vmax",
    "OSDI(debug) n.xbgr.xr82_u4.nr1: WARNING: V(i1,c) voltage is greater than specified by vmax",
    "OSDI(debug) n.xbgr.xr82_u4.nr1: WARNING: V(i2,c) voltage is greater than specified by vmax",
    "OSDI(debug) n.xbgr.xr82_u3.nr1: WARNING: V(i1,c) voltage is greater than specified by vmax",
    "OSDI(debug) n.xbgr.xr82_u3.nr1: WARNING: V(i2,c) voltage is greater than specified by vmax",
    "OSDI(debug) n.xbgr.xr82_u2.nr1: WARNING: V(i1,c) voltage is greater than specified by vmax",
    "OSDI(debug) n.xbgr.xr82_u2.nr1: WARNING: V(i2,c) voltage is greater than specified by vmax",
    "OSDI(debug) n.xbgr.xr81_u24.nr1: WARNING: V(i1,c) voltage is greater than specified by vmax",
    "OSDI(debug) n.xbgr.xr81_u24.nr1: WARNING: V(i2,c) voltage is greater than specified by vmax",
    "OSDI(debug) n.xbgr.xr81_u23.nr1: WARNING: V(i1,c) voltage is greater than specified by vmax",
    "OSDI(debug) n.xbgr.xr81_u23.nr1: WARNING: V(i2,c) voltage is greater than specified by vmax",
    "OSDI(debug) n.xbgr.xr81_u22.nr1: WARNING: V(i1,c) voltage is greater than specified by vmax",
    "OSDI(debug) n.xbgr.xr81_u22.nr1: WARNING: V(i2,c) voltage is greater than specified by vmax",
    "OSDI(debug) n.xbgr.xr81_u21.nr1: WARNING: V(i1,c) voltage is greater than specified by vmax",
    "OSDI(debug) n.xbgr.xr81_u21.nr1: WARNING: V(i2,c) voltage is greater than specified by vmax",
    "OSDI(debug) n.xbgr.xr81_u20.nr1: WARNING: V(i1,c) voltage is greater than specified by vmax",
    "OSDI(debug) n.xbgr.xr81_u20.nr1: WARNING: V(i2,c) voltage is greater than specified by vmax",
    "OSDI(debug) n.xbgr.xr81_u19.nr1: WARNING: V(i1,c) voltage is greater than specified by vmax",
    "OSDI(debug) n.xbgr.xr81_u19.nr1: WARNING: V(i2,c) voltage is greater than specified by vmax",
    "OSDI(debug) n.xbgr.xr81_u18.nr1: WARNING: V(i1,c) voltage is greater than specified by vmax",
    "OSDI(debug) n.xbgr.xr81_u18.nr1: WARNING: V(i2,c) voltage is greater than specified by vmax",
    "OSDI(debug) n.xbgr.xr81_u17.nr1: WARNING: V(i1,c) voltage is greater than specified by vmax",
    "OSDI(debug) n.xbgr.xr81_u17.nr1: WARNING: V(i2,c) voltage is greater than specified by vmax",
    "OSDI(debug) n.xbgr.xr81_u16.nr1: WARNING: V(i1,c) voltage is greater than specified by vmax",
    "OSDI(debug) n.xbgr.xr81_u16.nr1: WARNING: V(i2,c) voltage is greater than specified by vmax",
    "OSDI(debug) n.xbgr.xr81_u15.nr1: WARNING: V(i1,c) voltage is greater than specified by vmax",
    "OSDI(debug) n.xbgr.xr81_u15.nr1: WARNING: V(i2,c) voltage is greater than specified by vmax",
    "OSDI(debug) n.xbgr.xr81_u14.nr1: WARNING: V(i1,c) voltage is greater than specified by vmax",
    "OSDI(debug) n.xbgr.xr81_u14.nr1: WARNING: V(i2,c) voltage is greater than specified by vmax",
    "OSDI(debug) n.xbgr.xr81_u13.nr1: WARNING: V(i1,c) voltage is greater than specified by vmax",
    "OSDI(debug) n.xbgr.xr81_u13.nr1: WARNING: V(i2,c) voltage is greater than specified by vmax",
    "OSDI(debug) n.xbgr.xr81_u12.nr1: WARNING: V(i1,c) voltage is greater than specified by vmax",
    "OSDI(debug) n.xbgr.xr81_u12.nr1: WARNING: V(i2,c) voltage is greater than specified by vmax",
    "OSDI(debug) n.xbgr.xr81_u11.nr1: WARNING: V(i1,c) voltage is greater than specified by vmax",
    "OSDI(debug) n.xbgr.xr81_u11.nr1: WARNING: V(i2,c) voltage is greater than specified by vmax",
    "OSDI(debug) n.xbgr.xr81_u10.nr1: WARNING: V(i1,c) voltage is greater than specified by vmax",
    "OSDI(debug) n.xbgr.xr81_u10.nr1: WARNING: V(i2,c) voltage is greater than specified by vmax",
    "OSDI(debug) n.xbgr.xr81_u9.nr1: WARNING: V(i1,c) voltage is greater than specified by vmax",
    "OSDI(debug) n.xbgr.xr81_u9.nr1: WARNING: V(i2,c) voltage is greater than specified by vmax",
    "OSDI(debug) n.xbgr.xr81_u8.nr1: WARNING: V(i1,c) voltage is greater than specified by vmax",
    "OSDI(debug) n.xbgr.xr81_u8.nr1: WARNING: V(i2,c) voltage is greater than specified by vmax",
    "OSDI(debug) n.xbgr.xr81_u7.nr1: WARNING: V(i1,c) voltage is greater than specified by vmax",
    "OSDI(debug) n.xbgr.xr81_u7.nr1: WARNING: V(i2,c) voltage is greater than specified by vmax",
    "OSDI(debug) n.xbgr.xr81_u6.nr1: WARNING: V(i1,c) voltage is greater than specified by vmax",
    "OSDI(debug) n.xbgr.xr81_u6.nr1: WARNING: V(i2,c) voltage is greater than specified by vmax",
    "OSDI(debug) n.xbgr.xr81_u5.nr1: WARNING: V(i1,c) voltage is greater than specified by vmax",
    "OSDI(debug) n.xbgr.xr81_u5.nr1: WARNING: V(i2,c) voltage is greater than specified by vmax",
    "OSDI(debug) n.xbgr.xr81_u4.nr1: WARNING: V(i1,c) voltage is greater than specified by vmax",
    "OSDI(debug) n.xbgr.xr81_u4.nr1: WARNING: V(i2,c) voltage is greater than specified by vmax",
    "OSDI(debug) n.xbgr.xr81_u3.nr1: WARNING: V(i1,c) voltage is greater than specified by vmax",
    "OSDI(debug) n.xbgr.xr81_u3.nr1: WARNING: V(i2,c) voltage is greater than specified by vmax",
    "OSDI(debug) n.xbgr.xr81_u2.nr1: WARNING: V(i1,c) voltage is greater than specified by vmax",
    "OSDI(debug) n.xbgr.xr81_u2.nr1: WARNING: V(i2,c) voltage is greater than specified by vmax",
    "OSDI(debug) n.xbgr.xr80_u24.nr1: WARNING: V(i1,c) voltage is greater than specified by vmax",
    "OSDI(debug) n.xbgr.xr80_u24.nr1: WARNING: V(i2,c) voltage is greater than specified by vmax",
    "OSDI(debug) n.xbgr.xr80_u23.nr1: WARNING: V(i1,c) voltage is greater than specified by vmax",
    "OSDI(debug) n.xbgr.xr80_u23.nr1: WARNING: V(i2,c) voltage is greater than specified by vmax",
    "OSDI(debug) n.xbgr.xr80_u22.nr1: WARNING: V(i1,c) voltage is greater than specified by vmax",
    "OSDI(debug) n.xbgr.xr80_u22.nr1: WARNING: V(i2,c) voltage is greater than specified by vmax",
    "OSDI(debug) n.xbgr.xr80_u21.nr1: WARNING: V(i1,c) voltage is greater than specified by vmax",
    "OSDI(debug) n.xbgr.xr80_u21.nr1: WARNING: V(i2,c) voltage is greater than specified by vmax",
    "OSDI(debug) n.xbgr.xr80_u20.nr1: WARNING: V(i1,c) voltage is greater than specified by vmax",
    "OSDI(debug) n.xbgr.xr80_u20.nr1: WARNING: V(i2,c) voltage is greater than specified by vmax",
    "OSDI(debug) n.xbgr.xr80_u19.nr1: WARNING: V(i1,c) voltage is greater than specified by vmax",
    "OSDI(debug) n.xbgr.xr80_u19.nr1: WARNING: V(i2,c) voltage is greater than specified by vmax",
    "OSDI(debug) n.xbgr.xr80_u18.nr1: WARNING: V(i1,c) voltage is greater than specified by vmax",
    "OSDI(debug) n.xbgr.xr80_u18.nr1: WARNING: V(i2,c) voltage is greater than specified by vmax",
    "OSDI(debug) n.xbgr.xr80_u17.nr1: WARNING: V(i1,c) voltage is greater than specified by vmax",
    "OSDI(debug) n.xbgr.xr80_u17.nr1: WARNING: V(i2,c) voltage is greater than specified by vmax",
    "OSDI(debug) n.xbgr.xr80_u16.nr1: WARNING: V(i1,c) voltage is greater than specified by vmax",
    "OSDI(debug) n.xbgr.xr80_u16.nr1: WARNING: V(i2,c) voltage is greater than specified by vmax",
    "OSDI(debug) n.xbgr.xr80_u15.nr1: WARNING: V(i1,c) voltage is greater than specified by vmax",
    "OSDI(debug) n.xbgr.xr80_u15.nr1: WARNING: V(i2,c) voltage is greater than specified by vmax",
    "OSDI(debug) n.xbgr.xr80_u14.nr1: WARNING: V(i1,c) voltage is greater than specified by vmax",
    "OSDI(debug) n.xbgr.xr80_u14.nr1: WARNING: V(i2,c) voltage is greater than specified by vmax",
    "OSDI(debug) n.xbgr.xr80_u13.nr1: WARNING: V(i1,c) voltage is greater than specified by vmax",
    "OSDI(debug) n.xbgr.xr80_u13.nr1: WARNING: V(i2,c) voltage is greater than specified by vmax",
    "OSDI(debug) n.xbgr.xr80_u12.nr1: WARNING: V(i1,c) voltage is greater than specified by vmax",
    "OSDI(debug) n.xbgr.xr80_u12.nr1: WARNING: V(i2,c) voltage is greater than specified by vmax",
    "OSDI(debug) n.xbgr.xr80_u11.nr1: WARNING: V(i1,c) voltage is greater than specified by vmax",
    "OSDI(debug) n.xbgr.xr80_u11.nr1: WARNING: V(i2,c) voltage is greater than specified by vmax",
    "OSDI(debug) n.xbgr.xr80_u10.nr1: WARNING: V(i1,c) voltage is greater than specified by vmax",
    "OSDI(debug) n.xbgr.xr80_u10.nr1: WARNING: V(i2,c) voltage is greater than specified by vmax",
    "OSDI(debug) n.xbgr.xr80_u9.nr1: WARNING: V(i1,c) voltage is greater than specified by vmax",
    "OSDI(debug) n.xbgr.xr80_u9.nr1: WARNING: V(i2,c) voltage is greater than specified by vmax",
    "OSDI(debug) n.xbgr.xr80_u8.nr1: WARNING: V(i1,c) voltage is greater than specified by vmax",
    "OSDI(debug) n.xbgr.xr80_u8.nr1: WARNING: V(i2,c) voltage is greater than specified by vmax",
    "OSDI(debug) n.xbgr.xr80_u7.nr1: WARNING: V(i1,c) voltage is greater than specified by vmax",
    "OSDI(debug) n.xbgr.xr80_u7.nr1: WARNING: V(i2,c) voltage is greater than specified by vmax",
    "OSDI(debug) n.xbgr.xr80_u6.nr1: WARNING: V(i1,c) voltage is greater than specified by vmax",
    "OSDI(debug) n.xbgr.xr80_u6.nr1: WARNING: V(i2,c) voltage is greater than specified by vmax",
    "OSDI(debug) n.xbgr.xr80_u5.nr1: WARNING: V(i1,c) voltage is greater than specified by vmax",
    "OSDI(debug) n.xbgr.xr80_u5.nr1: WARNING: V(i2,c) voltage is greater than specified by vmax",
    "OSDI(debug) n.xbgr.xr80_u4.nr1: WARNING: V(i1,c) voltage is greater than specified by vmax",
    "OSDI(debug) n.xbgr.xr80_u4.nr1: WARNING: V(i2,c) voltage is greater than specified by vmax",
    "OSDI(debug) n.xbgr.xr80_u3.nr1: WARNING: V(i1,c) voltage is greater than specified by vmax",
    "OSDI(debug) n.xbgr.xr80_u3.nr1: WARNING: V(i2,c) voltage is greater than specified by vmax",
    "OSDI(debug) n.xbgr.xr80_u2.nr1: WARNING: V(i1,c) voltage is greater than specified by vmax",
    "OSDI(debug) n.xbgr.xr80_u2.nr1: WARNING: V(i2,c) voltage is greater than specified by vmax",
    "OSDI(debug) n.xbgr.xr79_u24.nr1: WARNING: V(i1,c) voltage is greater than specified by vmax",
    "OSDI(debug) n.xbgr.xr79_u24.nr1: WARNING: V(i2,c) voltage is greater than specified by vmax",
    "OSDI(debug) n.xbgr.xr79_u23.nr1: WARNING: V(i1,c) voltage is greater than specified by vmax",
    "OSDI(debug) n.xbgr.xr79_u23.nr1: WARNING: V(i2,c) voltage is greater than specified by vmax",
    "OSDI(debug) n.xbgr.xr79_u22.nr1: WARNING: V(i1,c) voltage is greater than specified by vmax",
    "OSDI(debug) n.xbgr.xr79_u22.nr1: WARNING: V(i2,c) voltage is greater than specified by vmax",
    "OSDI(debug) n.xbgr.xr79_u21.nr1: WARNING: V(i1,c) voltage is greater than specified by vmax",
    "OSDI(debug) n.xbgr.xr79_u21.nr1: WARNING: V(i2,c) voltage is greater than specified by vmax",
    "OSDI(debug) n.xbgr.xr79_u20.nr1: WARNING: V(i1,c) voltage is greater than specified by vmax",
    "OSDI(debug) n.xbgr.xr79_u20.nr1: WARNING: V(i2,c) voltage is greater than specified by vmax",
    "OSDI(debug) n.xbgr.xr79_u19.nr1: WARNING: V(i1,c) voltage is greater than specified by vmax",
    "OSDI(debug) n.xbgr.xr79_u19.nr1: WARNING: V(i2,c) voltage is greater than specified by vmax",
    "OSDI(debug) n.xbgr.xr79_u18.nr1: WARNING: V(i1,c) voltage is greater than specified by vmax",
    "OSDI(debug) n.xbgr.xr79_u18.nr1: WARNING: V(i2,c) voltage is greater than specified by vmax",
    "OSDI(debug) n.xbgr.xr79_u17.nr1: WARNING: V(i1,c) voltage is greater than specified by vmax",
    "OSDI(debug) n.xbgr.xr79_u17.nr1: WARNING: V(i2,c) voltage is greater than specified by vmax",
    "OSDI(debug) n.xbgr.xr79_u16.nr1: WARNING: V(i1,c) voltage is greater than specified by vmax",
    "OSDI(debug) n.xbgr.xr79_u16.nr1: WARNING: V(i2,c) voltage is greater than specified by vmax",
    "OSDI(debug) n.xbgr.xr79_u15.nr1: WARNING: V(i1,c) voltage is greater than specified by vmax",
    "OSDI(debug) n.xbgr.xr79_u15.nr1: WARNING: V(i2,c) voltage is greater than specified by vmax",
    "OSDI(debug) n.xbgr.xr79_u14.nr1: WARNING: V(i1,c) voltage is greater than specified by vmax",
    "OSDI(debug) n.xbgr.xr79_u14.nr1: WARNING: V(i2,c) voltage is greater than specified by vmax",
    "OSDI(debug) n.xbgr.xr79_u13.nr1: WARNING: V(i1,c) voltage is greater than specified by vmax",
    "OSDI(debug) n.xbgr.xr79_u13.nr1: WARNING: V(i2,c) voltage is greater than specified by vmax",
    "OSDI(debug) n.xbgr.xr79_u12.nr1: WARNING: V(i1,c) voltage is greater than specified by vmax",
    "OSDI(debug) n.xbgr.xr79_u12.nr1: WARNING: V(i2,c) voltage is greater than specified by vmax",
    "OSDI(debug) n.xbgr.xr79_u11.nr1: WARNING: V(i1,c) voltage is greater than specified by vmax",
    "OSDI(debug) n.xbgr.xr79_u11.nr1: WARNING: V(i2,c) voltage is greater than specified by vmax",
    "OSDI(debug) n.xbgr.xr79_u10.nr1: WARNING: V(i1,c) voltage is greater than specified by vmax",
    "OSDI(debug) n.xbgr.xr79_u10.nr1: WARNING: V(i2,c) voltage is greater than specified by vmax",
    "OSDI(debug) n.xbgr.xr79_u9.nr1: WARNING: V(i1,c) voltage is greater than specified by vmax",
    "OSDI(debug) n.xbgr.xr79_u9.nr1: WARNING: V(i2,c) voltage is greater than specified by vmax",
    "OSDI(debug) n.xbgr.xr79_u8.nr1: WARNING: V(i1,c) voltage is greater than specified by vmax",
    "OSDI(debug) n.xbgr.xr79_u8.nr1: WARNING: V(i2,c) voltage is greater than specified by vmax",
    "OSDI(debug) n.xbgr.xr79_u7.nr1: WARNING: V(i1,c) voltage is greater than specified by vmax",
    "OSDI(debug) n.xbgr.xr79_u7.nr1: WARNING: V(i2,c) voltage is greater than specified by vmax",
    "OSDI(debug) n.xbgr.xr79_u6.nr1: WARNING: V(i1,c) voltage is greater than specified by vmax",
    "OSDI(debug) n.xbgr.xr79_u6.nr1: WARNING: V(i2,c) voltage is greater than specified by vmax",
    "OSDI(debug) n.xbgr.xr79_u5.nr1: WARNING: V(i1,c) voltage is greater than specified by vmax",
    "OSDI(debug) n.xbgr.xr79_u5.nr1: WARNING: V(i2,c) voltage is greater than specified by vmax",
    "OSDI(debug) n.xbgr.xr79_u4.nr1: WARNING: V(i1,c) voltage is greater than specified by vmax",
    "OSDI(debug) n.xbgr.xr79_u4.nr1: WARNING: V(i2,c) voltage is greater than specified by vmax",
    "OSDI(debug) n.xbgr.xr79_u3.nr1: WARNING: V(i1,c) voltage is greater than specified by vmax",
    "OSDI(debug) n.xbgr.xr79_u3.nr1: WARNING: V(i2,c) voltage is greater than specified by vmax",
    "OSDI(debug) n.xbgr.xr79_u2.nr1: WARNING: V(i1,c) voltage is greater than specified by vmax",
    "OSDI(debug) n.xbgr.xr79_u2.nr1: WARNING: V(i2,c) voltage is greater than specified by vmax",
    "OSDI(debug) n.xbgr.xr78_u24.nr1: WARNING: V(i1,c) voltage is greater than specified by vmax",
    "OSDI(debug) n.xbgr.xr78_u24.nr1: WARNING: V(i2,c) voltage is greater than specified by vmax",
    "OSDI(debug) n.xbgr.xr78_u23.nr1: WARNING: V(i1,c) voltage is greater than specified by vmax",
    "OSDI(debug) n.xbgr.xr78_u23.nr1: WARNING: V(i2,c) voltage is greater than specified by vmax",
    "OSDI(debug) n.xbgr.xr78_u22.nr1: WARNING: V(i1,c) voltage is greater than specified by vmax",
    "OSDI(debug) n.xbgr.xr78_u22.nr1: WARNING: V(i2,c) voltage is greater than specified by vmax",
    "OSDI(debug) n.xbgr.xr78_u21.nr1: WARNING: V(i1,c) voltage is greater than specified by vmax",
    "OSDI(debug) n.xbgr.xr78_u21.nr1: WARNING: V(i2,c) voltage is greater than specified by vmax",
    "OSDI(debug) n.xbgr.xr78_u20.nr1: WARNING: V(i1,c) voltage is greater than specified by vmax",
    "OSDI(debug) n.xbgr.xr78_u20.nr1: WARNING: V(i2,c) voltage is greater than specified by vmax",
    "OSDI(debug) n.xbgr.xr78_u19.nr1: WARNING: V(i1,c) voltage is greater than specified by vmax",
    "OSDI(debug) n.xbgr.xr78_u19.nr1: WARNING: V(i2,c) voltage is greater than specified by vmax",
    "OSDI(debug) n.xbgr.xr78_u18.nr1: WARNING: V(i1,c) voltage is greater than specified by vmax",
    "OSDI(debug) n.xbgr.xr78_u18.nr1: WARNING: V(i2,c) voltage is greater than specified by vmax",
    "OSDI(debug) n.xbgr.xr78_u17.nr1: WARNING: V(i1,c) voltage is greater than specified by vmax",
    "OSDI(debug) n.xbgr.xr78_u17.nr1: WARNING: V(i2,c) voltage is greater than specified by vmax",
    "OSDI(debug) n.xbgr.xr78_u16.nr1: WARNING: V(i1,c) voltage is greater than specified by vmax",
    "OSDI(debug) n.xbgr.xr78_u16.nr1: WARNING: V(i2,c) voltage is greater than specified by vmax",
    "OSDI(debug) n.xbgr.xr78_u15.nr1: WARNING: V(i1,c) voltage is greater than specified by vmax",
    "OSDI(debug) n.xbgr.xr78_u15.nr1: WARNING: V(i2,c) voltage is greater than specified by vmax",
    "OSDI(debug) n.xbgr.xr78_u14.nr1: WARNING: V(i1,c) voltage is greater than specified by vmax",
    "OSDI(debug) n.xbgr.xr78_u14.nr1: WARNING: V(i2,c) voltage is greater than specified by vmax",
    "OSDI(debug) n.xbgr.xr78_u13.nr1: WARNING: V(i1,c) voltage is greater than specified by vmax",
    "OSDI(debug) n.xbgr.xr78_u13.nr1: WARNING: V(i2,c) voltage is greater than specified by vmax",
    "OSDI(debug) n.xbgr.xr78_u12.nr1: WARNING: V(i1,c) voltage is greater than specified by vmax",
    "OSDI(debug) n.xbgr.xr78_u12.nr1: WARNING: V(i2,c) voltage is greater than specified by vmax",
    "OSDI(debug) n.xbgr.xr78_u11.nr1: WARNING: V(i1,c) voltage is greater than specified by vmax",
    "OSDI(debug) n.xbgr.xr78_u11.nr1: WARNING: V(i2,c) voltage is greater than specified by vmax",
    "OSDI(debug) n.xbgr.xr78_u10.nr1: WARNING: V(i1,c) voltage is greater than specified by vmax",
    "OSDI(debug) n.xbgr.xr78_u10.nr1: WARNING: V(i2,c) voltage is greater than specified by vmax",
    "OSDI(debug) n.xbgr.xr78_u9.nr1: WARNING: V(i1,c) voltage is greater than specified by vmax",
    "OSDI(debug) n.xbgr.xr78_u9.nr1: WARNING: V(i2,c) voltage is greater than specified by vmax",
    "OSDI(debug) n.xbgr.xr78_u8.nr1: WARNING: V(i1,c) voltage is greater than specified by vmax",
    "OSDI(debug) n.xbgr.xr78_u8.nr1: WARNING: V(i2,c) voltage is greater than specified by vmax",
    "OSDI(debug) n.xbgr.xr78_u7.nr1: WARNING: V(i1,c) voltage is greater than specified by vmax",
    "OSDI(debug) n.xbgr.xr78_u7.nr1: WARNING: V(i2,c) voltage is greater than specified by vmax",
    "OSDI(debug) n.xbgr.xr78_u6.nr1: WARNING: V(i1,c) voltage is greater than specified by vmax",
    "OSDI(debug) n.xbgr.xr78_u6.nr1: WARNING: V(i2,c) voltage is greater than specified by vmax",
    "OSDI(debug) n.xbgr.xr78_u5.nr1: WARNING: V(i1,c) voltage is greater than specified by vmax",
    "OSDI(debug) n.xbgr.xr78_u5.nr1: WARNING: V(i2,c) voltage is greater than specified by vmax",
    "OSDI(debug) n.xbgr.xr78_u4.nr1: WARNING: V(i1,c) voltage is greater than specified by vmax",
    "OSDI(debug) n.xbgr.xr78_u4.nr1: WARNING: V(i2,c) voltage is greater than specified by vmax",
    "OSDI(debug) n.xbgr.xr78_u3.nr1: WARNING: V(i1,c) voltage is greater than specified by vmax",
    "OSDI(debug) n.xbgr.xr78_u3.nr1: WARNING: V(i2,c) voltage is greater than specified by vmax",
    "OSDI(debug) n.xbgr.xr78_u2.nr1: WARNING: V(i1,c) voltage is greater than specified by vmax",
    "OSDI(debug) n.xbgr.xr78_u2.nr1: WARNING: V(i2,c) voltage is greater than specified by vmax",
    "OSDI(debug) n.xbgr.xr77_u24.nr1: WARNING: V(i1,c) voltage is greater than specified by vmax",
    "OSDI(debug) n.xbgr.xr77_u24.nr1: WARNING: V(i2,c) voltage is greater than specified by vmax",
    "OSDI(debug) n.xbgr.xr77_u23.nr1: WARNING: V(i1,c) voltage is greater than specified by vmax",
    "OSDI(debug) n.xbgr.xr77_u23.nr1: WARNING: V(i2,c) voltage is greater than specified by vmax",
    "OSDI(debug) n.xbgr.xr77_u22.nr1: WARNING: V(i1,c) voltage is greater than specified by vmax",
    "OSDI(debug) n.xbgr.xr77_u22.nr1: WARNING: V(i2,c) voltage is greater than specified by vmax",
    "OSDI(debug) n.xbgr.xr77_u21.nr1: WARNING: V(i1,c) voltage is greater than specified by vmax",
    "OSDI(debug) n.xbgr.xr77_u21.nr1: WARNING: V(i2,c) voltage is greater than specified by vmax",
    "OSDI(debug) n.xbgr.xr77_u20.nr1: WARNING: V(i1,c) voltage is greater than specified by vmax",
    "OSDI(debug) n.xbgr.xr77_u20.nr1: WARNING: V(i2,c) voltage is greater than specified by vmax",
    "OSDI(debug) n.xbgr.xr77_u19.nr1: WARNING: V(i1,c) voltage is greater than specified by vmax",
    "OSDI(debug) n.xbgr.xr77_u19.nr1: WARNING: V(i2,c) voltage is greater than specified by vmax",
    "OSDI(debug) n.xbgr.xr77_u18.nr1: WARNING: V(i1,c) voltage is greater than specified by vmax",
    "OSDI(debug) n.xbgr.xr77_u18.nr1: WARNING: V(i2,c) voltage is greater than specified by vmax",
    "OSDI(debug) n.xbgr.xr77_u17.nr1: WARNING: V(i1,c) voltage is greater than specified by vmax",
    "OSDI(debug) n.xbgr.xr77_u17.nr1: WARNING: V(i2,c) voltage is greater than specified by vmax",
    "OSDI(debug) n.xbgr.xr77_u16.nr1: WARNING: V(i1,c) voltage is greater than specified by vmax",
    "OSDI(debug) n.xbgr.xr77_u16.nr1: WARNING: V(i2,c) voltage is greater than specified by vmax",
    "OSDI(debug) n.xbgr.xr77_u15.nr1: WARNING: V(i1,c) voltage is greater than specified by vmax",
    "OSDI(debug) n.xbgr.xr77_u15.nr1: WARNING: V(i2,c) voltage is greater than specified by vmax",
    "OSDI(debug) n.xbgr.xr77_u14.nr1: WARNING: V(i1,c) voltage is greater than specified by vmax",
    "OSDI(debug) n.xbgr.xr77_u14.nr1: WARNING: V(i2,c) voltage is greater than specified by vmax",
    "OSDI(debug) n.xbgr.xr77_u13.nr1: WARNING: V(i1,c) voltage is greater than specified by vmax",
    "OSDI(debug) n.xbgr.xr77_u13.nr1: WARNING: V(i2,c) voltage is greater than specified by vmax",
    "OSDI(debug) n.xbgr.xr77_u12.nr1: WARNING: V(i1,c) voltage is greater than specified by vmax",
    "OSDI(debug) n.xbgr.xr77_u12.nr1: WARNING: V(i2,c) voltage is greater than specified by vmax",
    "OSDI(debug) n.xbgr.xr77_u11.nr1: WARNING: V(i1,c) voltage is greater than specified by vmax",
    "OSDI(debug) n.xbgr.xr77_u11.nr1: WARNING: V(i2,c) voltage is greater than specified by vmax",
    "OSDI(debug) n.xbgr.xr77_u10.nr1: WARNING: V(i1,c) voltage is greater than specified by vmax",
    "OSDI(debug) n.xbgr.xr77_u10.nr1: WARNING: V(i2,c) voltage is greater than specified by vmax",
    "OSDI(debug) n.xbgr.xr77_u9.nr1: WARNING: V(i1,c) voltage is greater than specified by vmax",
    "OSDI(debug) n.xbgr.xr77_u9.nr1: WARNING: V(i2,c) voltage is greater than specified by vmax",
    "OSDI(debug) n.xbgr.xr77_u8.nr1: WARNING: V(i1,c) voltage is greater than specified by vmax",
    "OSDI(debug) n.xbgr.xr77_u8.nr1: WARNING: V(i2,c) voltage is greater than specified by vmax",
    "OSDI(debug) n.xbgr.xr77_u7.nr1: WARNING: V(i1,c) voltage is greater than specified by vmax",
    "OSDI(debug) n.xbgr.xr77_u7.nr1: WARNING: V(i2,c) voltage is greater than specified by vmax",
    "OSDI(debug) n.xbgr.xr77_u6.nr1: WARNING: V(i1,c) voltage is greater than specified by vmax",
    "OSDI(debug) n.xbgr.xr77_u6.nr1: WARNING: V(i2,c) voltage is greater than specified by vmax",
    "OSDI(debug) n.xbgr.xr77_u5.nr1: WARNING: V(i1,c) voltage is greater than specified by vmax",
    "OSDI(debug) n.xbgr.xr77_u5.nr1: WARNING: V(i2,c) voltage is greater than specified by vmax",
    "OSDI(debug) n.xbgr.xr77_u4.nr1: WARNING: V(i1,c) voltage is greater than specified by vmax",
    "OSDI(debug) n.xbgr.xr77_u4.nr1: WARNING: V(i2,c) voltage is greater than specified by vmax",
    "OSDI(debug) n.xbgr.xr77_u3.nr1: WARNING: V(i1,c) voltage is greater than specified by vmax",
    "OSDI(debug) n.xbgr.xr77_u3.nr1: WARNING: V(i2,c) voltage is greater than specified by vmax",
    "OSDI(debug) n.xbgr.xr77_u2.nr1: WARNING: V(i1,c) voltage is greater than specified by vmax",
    "OSDI(debug) n.xbgr.xr77_u2.nr1: WARNING: V(i2,c) voltage is greater than specified by vmax",
    "OSDI(debug) n.xbgr.xr26_u24.nr1: WARNING: V(i1,c) voltage is greater than specified by vmax",
    "OSDI(debug) n.xbgr.xr26_u24.nr1: WARNING: V(i2,c) voltage is greater than specified by vmax",
    "OSDI(debug) n.xbgr.xr26_u23.nr1: WARNING: V(i1,c) voltage is greater than specified by vmax",
    "OSDI(debug) n.xbgr.xr26_u23.nr1: WARNING: V(i2,c) voltage is greater than specified by vmax",
    "OSDI(debug) n.xbgr.xr26_u22.nr1: WARNING: V(i1,c) voltage is greater than specified by vmax",
    "OSDI(debug) n.xbgr.xr26_u22.nr1: WARNING: V(i2,c) voltage is greater than specified by vmax",
    "OSDI(debug) n.xbgr.xr26_u21.nr1: WARNING: V(i1,c) voltage is greater than specified by vmax",
    "OSDI(debug) n.xbgr.xr26_u21.nr1: WARNING: V(i2,c) voltage is greater than specified by vmax",
    "OSDI(debug) n.xbgr.xr26_u20.nr1: WARNING: V(i1,c) voltage is greater than specified by vmax",
    "OSDI(debug) n.xbgr.xr26_u20.nr1: WARNING: V(i2,c) voltage is greater than specified by vmax",
    "OSDI(debug) n.xbgr.xr26_u19.nr1: WARNING: V(i1,c) voltage is greater than specified by vmax",
    "OSDI(debug) n.xbgr.xr26_u19.nr1: WARNING: V(i2,c) voltage is greater than specified by vmax",
    "OSDI(debug) n.xbgr.xr26_u18.nr1: WARNING: V(i1,c) voltage is greater than specified by vmax",
    "OSDI(debug) n.xbgr.xr26_u18.nr1: WARNING: V(i2,c) voltage is greater than specified by vmax",
    "OSDI(debug) n.xbgr.xr26_u17.nr1: WARNING: V(i1,c) voltage is greater than specified by vmax",
    "OSDI(debug) n.xbgr.xr26_u17.nr1: WARNING: V(i2,c) voltage is greater than specified by vmax",
    "OSDI(debug) n.xbgr.xr26_u16.nr1: WARNING: V(i1,c) voltage is greater than specified by vmax",
    "OSDI(debug) n.xbgr.xr26_u16.nr1: WARNING: V(i2,c) voltage is greater than specified by vmax",
    "OSDI(debug) n.xbgr.xr26_u15.nr1: WARNING: V(i1,c) voltage is greater than specified by vmax",
    "OSDI(debug) n.xbgr.xr26_u15.nr1: WARNING: V(i2,c) voltage is greater than specified by vmax",
    "OSDI(debug) n.xbgr.xr26_u14.nr1: WARNING: V(i1,c) voltage is greater than specified by vmax",
    "OSDI(debug) n.xbgr.xr26_u14.nr1: WARNING: V(i2,c) voltage is greater than specified by vmax",
    "OSDI(debug) n.xbgr.xr26_u13.nr1: WARNING: V(i1,c) voltage is greater than specified by vmax",
    "OSDI(debug) n.xbgr.xr26_u13.nr1: WARNING: V(i2,c) voltage is greater than specified by vmax",
    "OSDI(debug) n.xbgr.xr26_u12.nr1: WARNING: V(i1,c) voltage is greater than specified by vmax",
    "OSDI(debug) n.xbgr.xr26_u12.nr1: WARNING: V(i2,c) voltage is greater than specified by vmax",
    "OSDI(debug) n.xbgr.xr26_u11.nr1: WARNING: V(i1,c) voltage is greater than specified by vmax",
    "OSDI(debug) n.xbgr.xr26_u11.nr1: WARNING: V(i2,c) voltage is greater than specified by vmax",
    "OSDI(debug) n.xbgr.xr26_u10.nr1: WARNING: V(i1,c) voltage is greater than specified by vmax",
    "OSDI(debug) n.xbgr.xr26_u10.nr1: WARNING: V(i2,c) voltage is greater than specified by vmax",
    "OSDI(debug) n.xbgr.xr26_u9.nr1: WARNING: V(i1,c) voltage is greater than specified by vmax",
    "OSDI(debug) n.xbgr.xr26_u9.nr1: WARNING: V(i2,c) voltage is greater than specified by vmax",
    "OSDI(debug) n.xbgr.xr26_u8.nr1: WARNING: V(i1,c) voltage is greater than specified by vmax",
    "OSDI(debug) n.xbgr.xr26_u8.nr1: WARNING: V(i2,c) voltage is greater than specified by vmax",
    "OSDI(debug) n.xbgr.xr26_u7.nr1: WARNING: V(i1,c) voltage is greater than specified by vmax",
    "OSDI(debug) n.xbgr.xr26_u7.nr1: WARNING: V(i2,c) voltage is greater than specified by vmax",
    "OSDI(debug) n.xbgr.xr26_u6.nr1: WARNING: V(i1,c) voltage is greater than specified by vmax",
    "OSDI(debug) n.xbgr.xr26_u6.nr1: WARNING: V(i2,c) voltage is greater than specified by vmax",
    "OSDI(debug) n.xbgr.xr26_u5.nr1: WARNING: V(i1,c) voltage is greater than specified by vmax",
    "OSDI(debug) n.xbgr.xr26_u5.nr1: WARNING: V(i2,c) voltage is greater than specified by vmax",
    "OSDI(debug) n.xbgr.xr26_u4.nr1: WARNING: V(i1,c) voltage is greater than specified by vmax",
    "OSDI(debug) n.xbgr.xr26_u4.nr1: WARNING: V(i2,c) voltage is greater than specified by vmax",
    "OSDI(debug) n.xbgr.xr26_u3.nr1: WARNING: V(i1,c) voltage is greater than specified by vmax",
    "OSDI(debug) n.xbgr.xr26_u3.nr1: WARNING: V(i2,c) voltage is greater than specified by vmax",
    "OSDI(debug) n.xbgr.xr26_u2.nr1: WARNING: V(i1,c) voltage is greater than specified by vmax",
    "OSDI(debug) n.xbgr.xr26_u2.nr1: WARNING: V(i2,c) voltage is greater than specified by vmax",
    "OSDI(debug) n.xbgr.xr25_u24.nr1: WARNING: V(i1,c) voltage is greater than specified by vmax",
    "OSDI(debug) n.xbgr.xr25_u24.nr1: WARNING: V(i2,c) voltage is greater than specified by vmax",
    "OSDI(debug) n.xbgr.xr25_u23.nr1: WARNING: V(i1,c) voltage is greater than specified by vmax",
    "OSDI(debug) n.xbgr.xr25_u23.nr1: WARNING: V(i2,c) voltage is greater than specified by vmax",
    "OSDI(debug) n.xbgr.xr25_u22.nr1: WARNING: V(i1,c) voltage is greater than specified by vmax",
    "OSDI(debug) n.xbgr.xr25_u22.nr1: WARNING: V(i2,c) voltage is greater than specified by vmax",
    "OSDI(debug) n.xbgr.xr25_u21.nr1: WARNING: V(i1,c) voltage is greater than specified by vmax",
    "OSDI(debug) n.xbgr.xr25_u21.nr1: WARNING: V(i2,c) voltage is greater than specified by vmax",
    "OSDI(debug) n.xbgr.xr25_u20.nr1: WARNING: V(i1,c) voltage is greater than specified by vmax",
    "OSDI(debug) n.xbgr.xr25_u20.nr1: WARNING: V(i2,c) voltage is greater than specified by vmax",
    "OSDI(debug) n.xbgr.xr25_u19.nr1: WARNING: V(i1,c) voltage is greater than specified by vmax",
    "OSDI(debug) n.xbgr.xr25_u19.nr1: WARNING: V(i2,c) voltage is greater than specified by vmax",
    "OSDI(debug) n.xbgr.xr25_u18.nr1: WARNING: V(i1,c) voltage is greater than specified by vmax",
    "OSDI(debug) n.xbgr.xr25_u18.nr1: WARNING: V(i2,c) voltage is greater than specified by vmax",
    "OSDI(debug) n.xbgr.xr25_u17.nr1: WARNING: V(i1,c) voltage is greater than specified by vmax",
    "OSDI(debug) n.xbgr.xr25_u17.nr1: WARNING: V(i2,c) voltage is greater than specified by vmax",
    "OSDI(debug) n.xbgr.xr25_u16.nr1: WARNING: V(i1,c) voltage is greater than specified by vmax",
    "OSDI(debug) n.xbgr.xr25_u16.nr1: WARNING: V(i2,c) voltage is greater than specified by vmax",
    "OSDI(debug) n.xbgr.xr25_u15.nr1: WARNING: V(i1,c) voltage is greater than specified by vmax",
    "OSDI(debug) n.xbgr.xr25_u15.nr1: WARNING: V(i2,c) voltage is greater than specified by vmax",
    "OSDI(debug) n.xbgr.xr25_u14.nr1: WARNING: V(i1,c) voltage is greater than specified by vmax",
    "OSDI(debug) n.xbgr.xr25_u14.nr1: WARNING: V(i2,c) voltage is greater than specified by vmax",
    "OSDI(debug) n.xbgr.xr25_u13.nr1: WARNING: V(i1,c) voltage is greater than specified by vmax",
    "OSDI(debug) n.xbgr.xr25_u13.nr1: WARNING: V(i2,c) voltage is greater than specified by vmax",
    "OSDI(debug) n.xbgr.xr25_u12.nr1: WARNING: V(i1,c) voltage is greater than specified by vmax",
    "OSDI(debug) n.xbgr.xr25_u12.nr1: WARNING: V(i2,c) voltage is greater than specified by vmax",
    "OSDI(debug) n.xbgr.xr25_u11.nr1: WARNING: V(i1,c) voltage is greater than specified by vmax",
    "OSDI(debug) n.xbgr.xr25_u11.nr1: WARNING: V(i2,c) voltage is greater than specified by vmax",
    "OSDI(debug) n.xbgr.xr25_u10.nr1: WARNING: V(i1,c) voltage is greater than specified by vmax",
    "OSDI(debug) n.xbgr.xr25_u10.nr1: WARNING: V(i2,c) voltage is greater than specified by vmax",
    "OSDI(debug) n.xbgr.xr25_u9.nr1: WARNING: V(i1,c) voltage is greater than specified by vmax",
    "OSDI(debug) n.xbgr.xr25_u9.nr1: WARNING: V(i2,c) voltage is greater than specified by vmax",
    "OSDI(debug) n.xbgr.xr25_u8.nr1: WARNING: V(i1,c) voltage is greater than specified by vmax",
    "OSDI(debug) n.xbgr.xr25_u8.nr1: WARNING: V(i2,c) voltage is greater than specified by vmax",
    "OSDI(debug) n.xbgr.xr25_u7.nr1: WARNING: V(i1,c) voltage is greater than specified by vmax",
    "OSDI(debug) n.xbgr.xr25_u7.nr1: WARNING: V(i2,c) voltage is greater than specified by vmax",
    "OSDI(debug) n.xbgr.xr25_u6.nr1: WARNING: V(i1,c) voltage is greater than specified by vmax",
    "OSDI(debug) n.xbgr.xr25_u6.nr1: WARNING: V(i2,c) voltage is greater than specified by vmax",
    "OSDI(debug) n.xbgr.xr25_u5.nr1: WARNING: V(i1,c) voltage is greater than specified by vmax",
    "OSDI(debug) n.xbgr.xr25_u5.nr1: WARNING: V(i2,c) voltage is greater than specified by vmax",
    "OSDI(debug) n.xbgr.xr25_u4.nr1: WARNING: V(i1,c) voltage is greater than specified by vmax",
    "OSDI(debug) n.xbgr.xr25_u4.nr1: WARNING: V(i2,c) voltage is greater than specified by vmax",
    "OSDI(debug) n.xbgr.xr25_u3.nr1: WARNING: V(i1,c) voltage is greater than specified by vmax",
    "OSDI(debug) n.xbgr.xr25_u3.nr1: WARNING: V(i2,c) voltage is greater than specified by vmax",
    "OSDI(debug) n.xbgr.xr25_u2.nr1: WARNING: V(i1,c) voltage is greater than specified by vmax",
    "OSDI(debug) n.xbgr.xr25_u2.nr1: WARNING: V(i2,c) voltage is greater than specified by vmax",
    "OSDI(debug) n.xbgr.xr24_u24.nr1: WARNING: V(i1,c) voltage is greater than specified by vmax",
    "OSDI(debug) n.xbgr.xr24_u24.nr1: WARNING: V(i2,c) voltage is greater than specified by vmax",
    "OSDI(debug) n.xbgr.xr24_u23.nr1: WARNING: V(i1,c) voltage is greater than specified by vmax",
    "OSDI(debug) n.xbgr.xr24_u23.nr1: WARNING: V(i2,c) voltage is greater than specified by vmax",
    "OSDI(debug) n.xbgr.xr24_u22.nr1: WARNING: V(i1,c) voltage is greater than specified by vmax",
    "OSDI(debug) n.xbgr.xr24_u22.nr1: WARNING: V(i2,c) voltage is greater than specified by vmax",
    "OSDI(debug) n.xbgr.xr24_u21.nr1: WARNING: V(i1,c) voltage is greater than specified by vmax",
    "OSDI(debug) n.xbgr.xr24_u21.nr1: WARNING: V(i2,c) voltage is greater than specified by vmax",
    "OSDI(debug) n.xbgr.xr24_u20.nr1: WARNING: V(i1,c) voltage is greater than specified by vmax",
    "OSDI(debug) n.xbgr.xr24_u20.nr1: WARNING: V(i2,c) voltage is greater than specified by vmax",
    "OSDI(debug) n.xbgr.xr24_u19.nr1: WARNING: V(i1,c) voltage is greater than specified by vmax",
    "OSDI(debug) n.xbgr.xr24_u19.nr1: WARNING: V(i2,c) voltage is greater than specified by vmax",
    "OSDI(debug) n.xbgr.xr24_u18.nr1: WARNING: V(i1,c) voltage is greater than specified by vmax",
    "OSDI(debug) n.xbgr.xr24_u18.nr1: WARNING: V(i2,c) voltage is greater than specified by vmax",
    "OSDI(debug) n.xbgr.xr24_u17.nr1: WARNING: V(i1,c) voltage is greater than specified by vmax",
    "OSDI(debug) n.xbgr.xr24_u17.nr1: WARNING: V(i2,c) voltage is greater than specified by vmax",
    "OSDI(debug) n.xbgr.xr24_u16.nr1: WARNING: V(i1,c) voltage is greater than specified by vmax",
    "OSDI(debug) n.xbgr.xr24_u16.nr1: WARNING: V(i2,c) voltage is greater than specified by vmax",
    "OSDI(debug) n.xbgr.xr24_u15.nr1: WARNING: V(i1,c) voltage is greater than specified by vmax",
    "OSDI(debug) n.xbgr.xr24_u15.nr1: WARNING: V(i2,c) voltage is greater than specified by vmax",
    "OSDI(debug) n.xbgr.xr24_u14.nr1: WARNING: V(i1,c) voltage is greater than specified by vmax",
    "OSDI(debug) n.xbgr.xr24_u14.nr1: WARNING: V(i2,c) voltage is greater than specified by vmax",
    "OSDI(debug) n.xbgr.xr24_u13.nr1: WARNING: V(i1,c) voltage is greater than specified by vmax",
    "OSDI(debug) n.xbgr.xr24_u13.nr1: WARNING: V(i2,c) voltage is greater than specified by vmax",
    "OSDI(debug) n.xbgr.xr24_u12.nr1: WARNING: V(i1,c) voltage is greater than specified by vmax",
    "OSDI(debug) n.xbgr.xr24_u12.nr1: WARNING: V(i2,c) voltage is greater than specified by vmax",
    "OSDI(debug) n.xbgr.xr24_u11.nr1: WARNING: V(i1,c) voltage is greater than specified by vmax",
    "OSDI(debug) n.xbgr.xr24_u11.nr1: WARNING: V(i2,c) voltage is greater than specified by vmax",
    "OSDI(debug) n.xbgr.xr24_u10.nr1: WARNING: V(i1,c) voltage is greater than specified by vmax",
    "OSDI(debug) n.xbgr.xr24_u10.nr1: WARNING: V(i2,c) voltage is greater than specified by vmax",
    "OSDI(debug) n.xbgr.xr24_u9.nr1: WARNING: V(i1,c) voltage is greater than specified by vmax",
    "OSDI(debug) n.xbgr.xr24_u9.nr1: WARNING: V(i2,c) voltage is greater than specified by vmax",
    "OSDI(debug) n.xbgr.xr24_u8.nr1: WARNING: V(i1,c) voltage is greater than specified by vmax",
    "OSDI(debug) n.xbgr.xr24_u8.nr1: WARNING: V(i2,c) voltage is greater than specified by vmax",
    "OSDI(debug) n.xbgr.xr24_u7.nr1: WARNING: V(i1,c) voltage is greater than specified by vmax",
    "OSDI(debug) n.xbgr.xr24_u7.nr1: WARNING: V(i2,c) voltage is greater than specified by vmax",
    "OSDI(debug) n.xbgr.xr24_u6.nr1: WARNING: V(i1,c) voltage is greater than specified by vmax",
    "OSDI(debug) n.xbgr.xr24_u6.nr1: WARNING: V(i2,c) voltage is greater than specified by vmax",
    "OSDI(debug) n.xbgr.xr24_u5.nr1: WARNING: V(i1,c) voltage is greater than specified by vmax",
    "OSDI(debug) n.xbgr.xr24_u5.nr1: WARNING: V(i2,c) voltage is greater than specified by vmax",
    "OSDI(debug) n.xbgr.xr24_u4.nr1: WARNING: V(i1,c) voltage is greater than specified by vmax",
    "OSDI(debug) n.xbgr.xr24_u4.nr1: WARNING: V(i2,c) voltage is greater than specified by vmax",
    "OSDI(debug) n.xbgr.xr24_u3.nr1: WARNING: V(i1,c) voltage is greater than specified by vmax",
    "OSDI(debug) n.xbgr.xr24_u3.nr1: WARNING: V(i2,c) voltage is greater than specified by vmax",
    "OSDI(debug) n.xbgr.xr24_u2.nr1: WARNING: V(i1,c) voltage is greater than specified by vmax",
    "OSDI(debug) n.xbgr.xr24_u2.nr1: WARNING: V(i2,c) voltage is greater than specified by vmax",
    "OSDI(debug) n.xbgr.xr23_u24.nr1: WARNING: V(i1,c) voltage is greater than specified by vmax",
    "OSDI(debug) n.xbgr.xr23_u24.nr1: WARNING: V(i2,c) voltage is greater than specified by vmax",
    "OSDI(debug) n.xbgr.xr23_u23.nr1: WARNING: V(i1,c) voltage is greater than specified by vmax",
    "OSDI(debug) n.xbgr.xr23_u23.nr1: WARNING: V(i2,c) voltage is greater than specified by vmax",
    "OSDI(debug) n.xbgr.xr23_u22.nr1: WARNING: V(i1,c) voltage is greater than specified by vmax",
    "OSDI(debug) n.xbgr.xr23_u22.nr1: WARNING: V(i2,c) voltage is greater than specified by vmax",
    "OSDI(debug) n.xbgr.xr23_u21.nr1: WARNING: V(i1,c) voltage is greater than specified by vmax",
    "OSDI(debug) n.xbgr.xr23_u21.nr1: WARNING: V(i2,c) voltage is greater than specified by vmax",
    "OSDI(debug) n.xbgr.xr23_u20.nr1: WARNING: V(i1,c) voltage is greater than specified by vmax",
    "OSDI(debug) n.xbgr.xr23_u20.nr1: WARNING: V(i2,c) voltage is greater than specified by vmax",
    "OSDI(debug) n.xbgr.xr23_u19.nr1: WARNING: V(i1,c) voltage is greater than specified by vmax",
    "OSDI(debug) n.xbgr.xr23_u19.nr1: WARNING: V(i2,c) voltage is greater than specified by vmax",
    "OSDI(debug) n.xbgr.xr23_u18.nr1: WARNING: V(i1,c) voltage is greater than specified by vmax",
    "OSDI(debug) n.xbgr.xr23_u18.nr1: WARNING: V(i2,c) voltage is greater than specified by vmax",
    "OSDI(debug) n.xbgr.xr23_u17.nr1: WARNING: V(i1,c) voltage is greater than specified by vmax",
    "OSDI(debug) n.xbgr.xr23_u17.nr1: WARNING: V(i2,c) voltage is greater than specified by vmax",
    "OSDI(debug) n.xbgr.xr23_u16.nr1: WARNING: V(i1,c) voltage is greater than specified by vmax",
    "OSDI(debug) n.xbgr.xr23_u16.nr1: WARNING: V(i2,c) voltage is greater than specified by vmax",
    "OSDI(debug) n.xbgr.xr23_u15.nr1: WARNING: V(i1,c) voltage is greater than specified by vmax",
    "OSDI(debug) n.xbgr.xr23_u15.nr1: WARNING: V(i2,c) voltage is greater than specified by vmax",
    "OSDI(debug) n.xbgr.xr23_u14.nr1: WARNING: V(i1,c) voltage is greater than specified by vmax",
    "OSDI(debug) n.xbgr.xr23_u14.nr1: WARNING: V(i2,c) voltage is greater than specified by vmax",
    "OSDI(debug) n.xbgr.xr23_u13.nr1: WARNING: V(i1,c) voltage is greater than specified by vmax",
    "OSDI(debug) n.xbgr.xr23_u13.nr1: WARNING: V(i2,c) voltage is greater than specified by vmax",
    "OSDI(debug) n.xbgr.xr23_u12.nr1: WARNING: V(i1,c) voltage is greater than specified by vmax",
    "OSDI(debug) n.xbgr.xr23_u12.nr1: WARNING: V(i2,c) voltage is greater than specified by vmax",
    "OSDI(debug) n.xbgr.xr23_u11.nr1: WARNING: V(i1,c) voltage is greater than specified by vmax",
    "OSDI(debug) n.xbgr.xr23_u11.nr1: WARNING: V(i2,c) voltage is greater than specified by vmax",
    "OSDI(debug) n.xbgr.xr23_u10.nr1: WARNING: V(i1,c) voltage is greater than specified by vmax",
    "OSDI(debug) n.xbgr.xr23_u10.nr1: WARNING: V(i2,c) voltage is greater than specified by vmax",
    "OSDI(debug) n.xbgr.xr23_u9.nr1: WARNING: V(i1,c) voltage is greater than specified by vmax",
    "OSDI(debug) n.xbgr.xr23_u9.nr1: WARNING: V(i2,c) voltage is greater than specified by vmax",
    "OSDI(debug) n.xbgr.xr23_u8.nr1: WARNING: V(i1,c) voltage is greater than specified by vmax",
    "OSDI(debug) n.xbgr.xr23_u8.nr1: WARNING: V(i2,c) voltage is greater than specified by vmax",
    "OSDI(debug) n.xbgr.xr23_u7.nr1: WARNING: V(i1,c) voltage is greater than specified by vmax",
    "OSDI(debug) n.xbgr.xr23_u7.nr1: WARNING: V(i2,c) voltage is greater than specified by vmax",
    "OSDI(debug) n.xbgr.xr23_u6.nr1: WARNING: V(i1,c) voltage is greater than specified by vmax",
    "OSDI(debug) n.xbgr.xr23_u6.nr1: WARNING: V(i2,c) voltage is greater than specified by vmax",
    "OSDI(debug) n.xbgr.xr23_u5.nr1: WARNING: V(i1,c) voltage is greater than specified by vmax",
    "OSDI(debug) n.xbgr.xr23_u5.nr1: WARNING: V(i2,c) voltage is greater than specified by vmax",
    "OSDI(debug) n.xbgr.xr23_u4.nr1: WARNING: V(i1,c) voltage is greater than specified by vmax",
    "OSDI(debug) n.xbgr.xr23_u4.nr1: WARNING: V(i2,c) voltage is greater than specified by vmax",
    "OSDI(debug) n.xbgr.xr23_u3.nr1: WARNING: V(i1,c) voltage is greater than specified by vmax",
    "OSDI(debug) n.xbgr.xr23_u3.nr1: WARNING: V(i2,c) voltage is greater than specified by vmax",
    "OSDI(debug) n.xbgr.xr23_u2.nr1: WARNING: V(i1,c) voltage is greater than specified by vmax",
    "OSDI(debug) n.xbgr.xr23_u2.nr1: WARNING: V(i2,c) voltage is greater than specified by vmax",
    "OSDI(debug) n.xbgr.xr22_u4.nr1: WARNING: V(i1,c) voltage is greater than specified by vmax",
    "OSDI(debug) n.xbgr.xr22_u4.nr1: WARNING: V(i2,c) voltage is greater than specified by vmax",
    "OSDI(debug) n.xbgr.xr22_u3.nr1: WARNING: V(i1,c) voltage is greater than specified by vmax",
    "OSDI(debug) n.xbgr.xr22_u3.nr1: WARNING: V(i2,c) voltage is greater than specified by vmax",
    "OSDI(debug) n.xbgr.xr22_u2.nr1: WARNING: V(i1,c) voltage is greater than specified by vmax",
    "OSDI(debug) n.xbgr.xr22_u2.nr1: WARNING: V(i2,c) voltage is greater than specified by vmax",
    "OSDI(debug) n.xbgr.xr21_u4.nr1: WARNING: V(i1,c) voltage is greater than specified by vmax",
    "OSDI(debug) n.xbgr.xr21_u4.nr1: WARNING: V(i2,c) voltage is greater than specified by vmax",
    "OSDI(debug) n.xbgr.xr21_u3.nr1: WARNING: V(i1,c) voltage is greater than specified by vmax",
    "OSDI(debug) n.xbgr.xr21_u3.nr1: WARNING: V(i2,c) voltage is greater than specified by vmax",
    "OSDI(debug) n.xbgr.xr21_u2.nr1: WARNING: V(i1,c) voltage is greater than specified by vmax",
    "OSDI(debug) n.xbgr.xr21_u2.nr1: WARNING: V(i2,c) voltage is greater than specified by vmax",
    "OSDI(debug) n.xbgr.xr20_u4.nr1: WARNING: V(i1,c) voltage is greater than specified by vmax",
    "OSDI(debug) n.xbgr.xr20_u4.nr1: WARNING: V(i2,c) voltage is greater than specified by vmax",
    "OSDI(debug) n.xbgr.xr20_u3.nr1: WARNING: V(i1,c) voltage is greater than specified by vmax",
    "OSDI(debug) n.xbgr.xr20_u3.nr1: WARNING: V(i2,c) voltage is greater than specified by vmax",
    "OSDI(debug) n.xbgr.xr20_u2.nr1: WARNING: V(i1,c) voltage is greater than specified by vmax",
    "OSDI(debug) n.xbgr.xr20_u2.nr1: WARNING: V(i2,c) voltage is greater than specified by vmax",
    "OSDI(debug) n.xbgr.xr19_u4.nr1: WARNING: V(i1,c) voltage is greater than specified by vmax",
    "OSDI(debug) n.xbgr.xr19_u4.nr1: WARNING: V(i2,c) voltage is greater than specified by vmax",
    "OSDI(debug) n.xbgr.xr19_u3.nr1: WARNING: V(i1,c) voltage is greater than specified by vmax",
    "OSDI(debug) n.xbgr.xr19_u3.nr1: WARNING: V(i2,c) voltage is greater than specified by vmax",
    "OSDI(debug) n.xbgr.xr19_u2.nr1: WARNING: V(i1,c) voltage is greater than specified by vmax",
    "OSDI(debug) n.xbgr.xr19_u2.nr1: WARNING: V(i2,c) voltage is greater than specified by vmax",
    "OSDI(debug) n.xbgr.xr18_u4.nr1: WARNING: V(i1,c) voltage is greater than specified by vmax",
    "OSDI(debug) n.xbgr.xr18_u4.nr1: WARNING: V(i2,c) voltage is greater than specified by vmax",
    "OSDI(debug) n.xbgr.xr18_u3.nr1: WARNING: V(i1,c) voltage is greater than specified by vmax",
    "OSDI(debug) n.xbgr.xr18_u3.nr1: WARNING: V(i2,c) voltage is greater than specified by vmax",
    "OSDI(debug) n.xbgr.xr18_u2.nr1: WARNING: V(i1,c) voltage is greater than specified by vmax",
    "OSDI(debug) n.xbgr.xr18_u2.nr1: WARNING: V(i2,c) voltage is greater than specified by vmax",
    "OSDI(debug) n.xbgr.xr17_u4.nr1: WARNING: V(i1,c) voltage is greater than specified by vmax",
    "OSDI(debug) n.xbgr.xr17_u4.nr1: WARNING: V(i2,c) voltage is greater than specified by vmax",
    "OSDI(debug) n.xbgr.xr17_u3.nr1: WARNING: V(i1,c) voltage is greater than specified by vmax",
    "OSDI(debug) n.xbgr.xr17_u3.nr1: WARNING: V(i2,c) voltage is greater than specified by vmax",
    "OSDI(debug) n.xbgr.xr17_u2.nr1: WARNING: V(i1,c) voltage is greater than specified by vmax",
    "OSDI(debug) n.xbgr.xr17_u2.nr1: WARNING: V(i2,c) voltage is greater than specified by vmax",
    "OSDI(debug) n.xbgr.xr16_u24.nr1: WARNING: V(i2,c) voltage is greater than specified by vmax",
    "OSDI(debug) n.xbgr.xr16_u23.nr1: WARNING: V(i2,c) voltage is greater than specified by vmax",
    "OSDI(debug) n.xbgr.xr16_u22.nr1: WARNING: V(i2,c) voltage is greater than specified by vmax",
    "OSDI(debug) n.xbgr.xr16_u21.nr1: WARNING: V(i2,c) voltage is greater than specified by vmax",
    "OSDI(debug) n.xbgr.xr16_u20.nr1: WARNING: V(i2,c) voltage is greater than specified by vmax",
    "OSDI(debug) n.xbgr.xr16_u19.nr1: WARNING: V(i2,c) voltage is greater than specified by vmax",
    "OSDI(debug) n.xbgr.xr16_u18.nr1: WARNING: V(i2,c) voltage is greater than specified by vmax",
    "OSDI(debug) n.xbgr.xr16_u17.nr1: WARNING: V(i2,c) voltage is greater than specified by vmax",
    "OSDI(debug) n.xbgr.xr16_u16.nr1: WARNING: V(i2,c) voltage is greater than specified by vmax",
    "OSDI(debug) n.xbgr.xr16_u15.nr1: WARNING: V(i2,c) voltage is greater than specified by vmax",
    "OSDI(debug) n.xbgr.xr16_u14.nr1: WARNING: V(i2,c) voltage is greater than specified by vmax",
    "OSDI(debug) n.xbgr.xr16_u13.nr1: WARNING: V(i2,c) voltage is greater than specified by vmax",
    "OSDI(debug) n.xbgr.xr16_u12.nr1: WARNING: V(i2,c) voltage is greater than specified by vmax",
    "OSDI(debug) n.xbgr.xr16_u11.nr1: WARNING: V(i2,c) voltage is greater than specified by vmax",
    "OSDI(debug) n.xbgr.xr16_u10.nr1: WARNING: V(i2,c) voltage is greater than specified by vmax",
    "OSDI(debug) n.xbgr.xr16_u9.nr1: WARNING: V(i2,c) voltage is greater than specified by vmax",
    "OSDI(debug) n.xbgr.xr16_u8.nr1: WARNING: V(i2,c) voltage is greater than specified by vmax",
    "OSDI(debug) n.xbgr.xr16_u7.nr1: WARNING: V(i2,c) voltage is greater than specified by vmax",
    "OSDI(debug) n.xbgr.xr16_u6.nr1: WARNING: V(i2,c) voltage is greater than specified by vmax",
    "OSDI(debug) n.xbgr.xr16_u5.nr1: WARNING: V(i2,c) voltage is greater than specified by vmax",
    "OSDI(debug) n.xbgr.xr16_u4.nr1: WARNING: V(i2,c) voltage is greater than specified by vmax",
    "OSDI(debug) n.xbgr.xr16_u3.nr1: WARNING: V(i2,c) voltage is greater than specified by vmax",
    "OSDI(debug) n.xbgr.xr16_u2.nr1: WARNING: V(i2,c) voltage is greater than specified by vmax",
    "OSDI(debug) n.xbgr.xr86.nr1: WARNING: V(i1,c) voltage is greater than specified by vmax",
    "OSDI(debug) n.xbgr.xr86.nr1: WARNING: V(i2,c) voltage is greater than specified by vmax",
    "OSDI(debug) n.xbgr.xr85.nr1: WARNING: V(i1,c) voltage is greater than specified by vmax",
    "OSDI(debug) n.xbgr.xr85.nr1: WARNING: V(i2,c) voltage is greater than specified by vmax",
    "OSDI(debug) n.xbgr.xr84.nr1: WARNING: V(i1,c) voltage is greater than specified by vmax",
    "OSDI(debug) n.xbgr.xr84.nr1: WARNING: V(i2,c) voltage is greater than specified by vmax",
    "OSDI(debug) n.xbgr.xr83.nr1: WARNING: V(i1,c) voltage is greater than specified by vmax",
    "OSDI(debug) n.xbgr.xr83.nr1: WARNING: V(i2,c) voltage is greater than specified by vmax",
    "OSDI(debug) n.xbgr.xr82.nr1: WARNING: V(i1,c) voltage is greater than specified by vmax",
    "OSDI(debug) n.xbgr.xr82.nr1: WARNING: V(i2,c) voltage is greater than specified by vmax",
    "OSDI(debug) n.xbgr.xr81.nr1: WARNING: V(i1,c) voltage is greater than specified by vmax",
    "OSDI(debug) n.xbgr.xr81.nr1: WARNING: V(i2,c) voltage is greater than specified by vmax",
    "OSDI(debug) n.xbgr.xr80.nr1: WARNING: V(i1,c) voltage is greater than specified by vmax",
    "OSDI(debug) n.xbgr.xr80.nr1: WARNING: V(i2,c) voltage is greater than specified by vmax",
    "OSDI(debug) n.xbgr.xr79.nr1: WARNING: V(i1,c) voltage is greater than specified by vmax",
    "OSDI(debug) n.xbgr.xr79.nr1: WARNING: V(i2,c) voltage is greater than specified by vmax",
    "OSDI(debug) n.xbgr.xr78.nr1: WARNING: V(i1,c) voltage is greater than specified by vmax",
    "OSDI(debug) n.xbgr.xr78.nr1: WARNING: V(i2,c) voltage is greater than specified by vmax",
    "OSDI(debug) n.xbgr.xr77.nr1: WARNING: V(i1,c) voltage is greater than specified by vmax",
    "OSDI(debug) n.xbgr.xr77.nr1: WARNING: V(i2,c) voltage is greater than specified by vmax",
    "OSDI(debug) n.xbgr.xr26.nr1: WARNING: V(i1,c) voltage is greater than specified by vmax",
    "OSDI(debug) n.xbgr.xr26.nr1: WARNING: V(i2,c) voltage is greater than specified by vmax",
    "OSDI(debug) n.xbgr.xr25.nr1: WARNING: V(i1,c) voltage is greater than specified by vmax",
    "OSDI(debug) n.xbgr.xr25.nr1: WARNING: V(i2,c) voltage is greater than specified by vmax",
    "OSDI(debug) n.xbgr.xr24.nr1: WARNING: V(i1,c) voltage is greater than specified by vmax",
    "OSDI(debug) n.xbgr.xr24.nr1: WARNING: V(i2,c) voltage is greater than specified by vmax",
    "OSDI(debug) n.xbgr.xr23.nr1: WARNING: V(i1,c) voltage is greater than specified by vmax",
    "OSDI(debug) n.xbgr.xr23.nr1: WARNING: V(i2,c) voltage is greater than specified by vmax",
    "OSDI(debug) n.xbgr.xr22.nr1: WARNING: V(i1,c) voltage is greater than specified by vmax",
    "OSDI(debug) n.xbgr.xr22.nr1: WARNING: V(i2,c) voltage is greater than specified by vmax",
    "OSDI(debug) n.xbgr.xr21.nr1: WARNING: V(i1,c) voltage is greater than specified by vmax",
    "OSDI(debug) n.xbgr.xr21.nr1: WARNING: V(i2,c) voltage is greater than specified by vmax",
    "OSDI(debug) n.xbgr.xr20.nr1: WARNING: V(i1,c) voltage is greater than specified by vmax",
    "OSDI(debug) n.xbgr.xr20.nr1: WARNING: V(i2,c) voltage is greater than specified by vmax",
    "OSDI(debug) n.xbgr.xr19.nr1: WARNING: V(i1,c) voltage is greater than specified by vmax",
    "OSDI(debug) n.xbgr.xr19.nr1: WARNING: V(i2,c) voltage is greater than specified by vmax",
    "OSDI(debug) n.xbgr.xr18.nr1: WARNING: V(i1,c) voltage is greater than specified by vmax",
    "OSDI(debug) n.xbgr.xr18.nr1: WARNING: V(i2,c) voltage is greater than specified by vmax",
    "OSDI(debug) n.xbgr.xr17.nr1: WARNING: V(i1,c) voltage is greater than specified by vmax",
    "OSDI(debug) n.xbgr.xr17.nr1: WARNING: V(i2,c) voltage is greater than specified by vmax",
    "OSDI(debug) n.xbgr.xr16.nr1: WARNING: V(i2,c) voltage is greater than specified by vmax",
    "OSDI(debug) n.xbgr.xr15.nr1: WARNING: V(i1,c) voltage is greater than specified by vmax",
    "OSDI(debug) n.xbgr.xr15.nr1: WARNING: V(i2,c) voltage is greater than specified by vmax",
    "OSDI(debug) n.xbgr.xr14.nr1: WARNING: V(i1,c) voltage is greater than specified by vmax",
    "OSDI(debug) n.xbgr.xr14.nr1: WARNING: V(i2,c) voltage is greater than specified by vmax",
    "OSDI(debug) n.xbgr.xr13.nr1: WARNING: V(i1,c) voltage is greater than specified by vmax",
    "OSDI(debug) n.xbgr.xr13.nr1: WARNING: V(i2,c) voltage is greater than specified by vmax",
    "OSDI(debug) n.xbgr.xr12.nr1: WARNING: V(i1,c) voltage is greater than specified by vmax",
    "OSDI(debug) n.xbgr.xr12.nr1: WARNING: V(i2,c) voltage is greater than specified by vmax",
    "OSDI(debug) n.xbgr.xr11.nr1: WARNING: V(i1,c) voltage is greater than specified by vmax",
    "OSDI(debug) n.xbgr.xr11.nr1: WARNING: V(i2,c) voltage is greater than specified by vmax",
    "OSDI(debug) n.xbgr.xr10.nr1: WARNING: V(i1,c) voltage is greater than specified by vmax",
    "OSDI(debug) n.xbgr.xr10.nr1: WARNING: V(i2,c) voltage is greater than specified by vmax",
    "OSDI(debug) n.xbgr.xr9.nr1: WARNING: V(i1,c) voltage is greater than specified by vmax",
    "OSDI(debug) n.xbgr.xr9.nr1: WARNING: V(i2,c) voltage is greater than specified by vmax",
    "OSDI(debug) n.xbgr.xr8.nr1: WARNING: V(i1,c) voltage is greater than specified by vmax",
    "OSDI(debug) n.xbgr.xr8.nr1: WARNING: V(i2,c) voltage is greater than specified by vmax",
    "OSDI(debug) n.xbgr.xr7.nr1: WARNING: V(i1,c) voltage is greater than specified by vmax",
    "OSDI(debug) n.xbgr.xr7.nr1: WARNING: V(i2,c) voltage is greater than specified by vmax",
    "OSDI(debug) n.xbgr.xr6.nr1: WARNING: V(i1,c) voltage is greater than specified by vmax",
    "OSDI(debug) n.xbgr.xr6.nr1: WARNING: V(i2,c) voltage is greater than specified by vmax",
    "OSDI(debug) n.xbgr.xr5.nr1: WARNING: V(i1,c) voltage is greater than specified by vmax",
    "OSDI(debug) n.xbgr.xr5.nr1: WARNING: V(i2,c) voltage is greater than specified by vmax",
    "OSDI(debug) n.xbgr.xr4.nr1: WARNING: V(i1,c) voltage is greater than specified by vmax",
    "OSDI(debug) n.xbgr.xr4.nr1: WARNING: V(i2,c) voltage is greater than specified by vmax",
    "OSDI(debug) n.xbgr.xr3.nr1: WARNING: V(i1,c) voltage is greater than specified by vmax",
    "OSDI(debug) n.xbgr.xr3.nr1: WARNING: V(i2,c) voltage is greater than specified by vmax",
    "OSDI(debug) n.xbgr.xr2.nr1: WARNING: V(i1,c) voltage is greater than specified by vmax",
    "OSDI(debug) n.xbgr.xr2.nr1: WARNING: V(i2,c) voltage is greater than specified by vmax",
    "OSDI(debug) n.xbgr.xr1.nr1: WARNING: V(i2,c) voltage is greater than specified by vmax",
    "OSDI(debug) n.xbgr.xr86_u24.nr1: WARNING: V(i1,c) voltage is greater than specified by vmax",
    "OSDI(debug) n.xbgr.xr86_u24.nr1: WARNING: V(i2,c) voltage is greater than specified by vmax",
    "OSDI(debug) n.xbgr.xr86_u23.nr1: WARNING: V(i1,c) voltage is greater than specified by vmax",
    "OSDI(debug) n.xbgr.xr86_u23.nr1: WARNING: V(i2,c) voltage is greater than specified by vmax",
    "OSDI(debug) n.xbgr.xr86_u22.nr1: WARNING: V(i1,c) voltage is greater than specified by vmax",
    "OSDI(debug) n.xbgr.xr86_u22.nr1: WARNING: V(i2,c) voltage is greater than specified by vmax",
    "OSDI(debug) n.xbgr.xr86_u21.nr1: WARNING: V(i1,c) voltage is greater than specified by vmax",
    "OSDI(debug) n.xbgr.xr86_u21.nr1: WARNING: V(i2,c) voltage is greater than specified by vmax",
    "OSDI(debug) n.xbgr.xr86_u20.nr1: WARNING: V(i1,c) voltage is greater than specified by vmax",
    "OSDI(debug) n.xbgr.xr86_u20.nr1: WARNING: V(i2,c) voltage is greater than specified by vmax",
    "OSDI(debug) n.xbgr.xr86_u19.nr1: WARNING: V(i1,c) voltage is greater than specified by vmax",
    "OSDI(debug) n.xbgr.xr86_u19.nr1: WARNING: V(i2,c) voltage is greater than specified by vmax",
    "OSDI(debug) n.xbgr.xr86_u18.nr1: WARNING: V(i1,c) voltage is greater than specified by vmax",
    "OSDI(debug) n.xbgr.xr86_u18.nr1: WARNING: V(i2,c) voltage is greater than specified by vmax",
    "OSDI(debug) n.xbgr.xr86_u17.nr1: WARNING: V(i1,c) voltage is greater than specified by vmax",
    "OSDI(debug) n.xbgr.xr86_u17.nr1: WARNING: V(i2,c) voltage is greater than specified by vmax",
    "OSDI(debug) n.xbgr.xr86_u16.nr1: WARNING: V(i1,c) voltage is greater than specified by vmax",
    "OSDI(debug) n.xbgr.xr86_u16.nr1: WARNING: V(i2,c) voltage is greater than specified by vmax",
    "OSDI(debug) n.xbgr.xr86_u15.nr1: WARNING: V(i1,c) voltage is greater than specified by vmax",
    "OSDI(debug) n.xbgr.xr86_u15.nr1: WARNING: V(i2,c) voltage is greater than specified by vmax",
    "OSDI(debug) n.xbgr.xr86_u14.nr1: WARNING: V(i1,c) voltage is greater than specified by vmax",
    "OSDI(debug) n.xbgr.xr86_u14.nr1: WARNING: V(i2,c) voltage is greater than specified by vmax",
    "OSDI(debug) n.xbgr.xr86_u13.nr1: WARNING: V(i1,c) voltage is greater than specified by vmax",
    "OSDI(debug) n.xbgr.xr86_u13.nr1: WARNING: V(i2,c) voltage is greater than specified by vmax",
    "OSDI(debug) n.xbgr.xr86_u12.nr1: WARNING: V(i1,c) voltage is greater than specified by vmax",
    "OSDI(debug) n.xbgr.xr86_u12.nr1: WARNING: V(i2,c) voltage is greater than specified by vmax",
    "OSDI(debug) n.xbgr.xr86_u11.nr1: WARNING: V(i1,c) voltage is greater than specified by vmax",
    "OSDI(debug) n.xbgr.xr86_u11.nr1: WARNING: V(i2,c) voltage is greater than specified by vmax",
    "OSDI(debug) n.xbgr.xr86_u10.nr1: WARNING: V(i1,c) voltage is greater than specified by vmax",
    "OSDI(debug) n.xbgr.xr86_u10.nr1: WARNING: V(i2,c) voltage is greater than specified by vmax",
    "OSDI(debug) n.xbgr.xr86_u9.nr1: WARNING: V(i1,c) voltage is greater than specified by vmax",
    "OSDI(debug) n.xbgr.xr86_u9.nr1: WARNING: V(i2,c) voltage is greater than specified by vmax",
    "OSDI(debug) n.xbgr.xr86_u8.nr1: WARNING: V(i1,c) voltage is greater than specified by vmax",
    "OSDI(debug) n.xbgr.xr86_u8.nr1: WARNING: V(i2,c) voltage is greater than specified by vmax",
    "OSDI(debug) n.xbgr.xr86_u7.nr1: WARNING: V(i1,c) voltage is greater than specified by vmax",
    "OSDI(debug) n.xbgr.xr86_u7.nr1: WARNING: V(i2,c) voltage is greater than specified by vmax",
    "OSDI(debug) n.xbgr.xr86_u6.nr1: WARNING: V(i1,c) voltage is greater than specified by vmax",
    "OSDI(debug) n.xbgr.xr86_u6.nr1: WARNING: V(i2,c) voltage is greater than specified by vmax",
    "OSDI(debug) n.xbgr.xr86_u5.nr1: WARNING: V(i1,c) voltage is greater than specified by vmax",
    "OSDI(debug) n.xbgr.xr86_u5.nr1: WARNING: V(i2,c) voltage is greater than specified by vmax",
    "OSDI(debug) n.xbgr.xr86_u4.nr1: WARNING: V(i1,c) voltage is greater than specified by vmax",
    "OSDI(debug) n.xbgr.xr86_u4.nr1: WARNING: V(i2,c) voltage is greater than specified by vmax",
    "OSDI(debug) n.xbgr.xr86_u3.nr1: WARNING: V(i1,c) voltage is greater than specified by vmax",
    "OSDI(debug) n.xbgr.xr86_u3.nr1: WARNING: V(i2,c) voltage is greater than specified by vmax",
    "OSDI(debug) n.xbgr.xr86_u2.nr1: WARNING: V(i1,c) voltage is greater than specified by vmax",
    "OSDI(debug) n.xbgr.xr86_u2.nr1: WARNING: V(i2,c) voltage is greater than specified by vmax",
    "OSDI(debug) n.xbgr.xr85_u24.nr1: WARNING: V(i1,c) voltage is greater than specified by vmax",
    "OSDI(debug) n.xbgr.xr85_u24.nr1: WARNING: V(i2,c) voltage is greater than specified by vmax",
    "OSDI(debug) n.xbgr.xr85_u23.nr1: WARNING: V(i1,c) voltage is greater than specified by vmax",
    "OSDI(debug) n.xbgr.xr85_u23.nr1: WARNING: V(i2,c) voltage is greater than specified by vmax",
    "OSDI(debug) n.xbgr.xr85_u22.nr1: WARNING: V(i1,c) voltage is greater than specified by vmax",
    "OSDI(debug) n.xbgr.xr85_u22.nr1: WARNING: V(i2,c) voltage is greater than specified by vmax",
    "OSDI(debug) n.xbgr.xr85_u21.nr1: WARNING: V(i1,c) voltage is greater than specified by vmax",
    "OSDI(debug) n.xbgr.xr85_u21.nr1: WARNING: V(i2,c) voltage is greater than specified by vmax",
    "OSDI(debug) n.xbgr.xr85_u20.nr1: WARNING: V(i1,c) voltage is greater than specified by vmax",
    "OSDI(debug) n.xbgr.xr85_u20.nr1: WARNING: V(i2,c) voltage is greater than specified by vmax",
    "OSDI(debug) n.xbgr.xr85_u19.nr1: WARNING: V(i1,c) voltage is greater than specified by vmax",
    "OSDI(debug) n.xbgr.xr85_u19.nr1: WARNING: V(i2,c) voltage is greater than specified by vmax",
    "OSDI(debug) n.xbgr.xr85_u18.nr1: WARNING: V(i1,c) voltage is greater than specified by vmax",
    "OSDI(debug) n.xbgr.xr85_u18.nr1: WARNING: V(i2,c) voltage is greater than specified by vmax",
    "OSDI(debug) n.xbgr.xr85_u17.nr1: WARNING: V(i1,c) voltage is greater than specified by vmax",
    "OSDI(debug) n.xbgr.xr85_u17.nr1: WARNING: V(i2,c) voltage is greater than specified by vmax",
    "OSDI(debug) n.xbgr.xr85_u16.nr1: WARNING: V(i1,c) voltage is greater than specified by vmax",
    "OSDI(debug) n.xbgr.xr85_u16.nr1: WARNING: V(i2,c) voltage is greater than specified by vmax",
    "OSDI(debug) n.xbgr.xr85_u15.nr1: WARNING: V(i1,c) voltage is greater than specified by vmax",
    "OSDI(debug) n.xbgr.xr85_u15.nr1: WARNING: V(i2,c) voltage is greater than specified by vmax",
    "OSDI(debug) n.xbgr.xr85_u14.nr1: WARNING: V(i1,c) voltage is greater than specified by vmax",
    "OSDI(debug) n.xbgr.xr85_u14.nr1: WARNING: V(i2,c) voltage is greater than specified by vmax",
    "OSDI(debug) n.xbgr.xr85_u13.nr1: WARNING: V(i1,c) voltage is greater than specified by vmax",
    "OSDI(debug) n.xbgr.xr85_u13.nr1: WARNING: V(i2,c) voltage is greater than specified by vmax",
    "OSDI(debug) n.xbgr.xr85_u12.nr1: WARNING: V(i1,c) voltage is greater than specified by vmax",
    "OSDI(debug) n.xbgr.xr85_u12.nr1: WARNING: V(i2,c) voltage is greater than specified by vmax",
    "OSDI(debug) n.xbgr.xr85_u11.nr1: WARNING: V(i1,c) voltage is greater than specified by vmax",
    "OSDI(debug) n.xbgr.xr85_u11.nr1: WARNING: V(i2,c) voltage is greater than specified by vmax",
    "OSDI(debug) n.xbgr.xr85_u10.nr1: WARNING: V(i1,c) voltage is greater than specified by vmax",
    "OSDI(debug) n.xbgr.xr85_u10.nr1: WARNING: V(i2,c) voltage is greater than specified by vmax",
    "OSDI(debug) n.xbgr.xr85_u9.nr1: WARNING: V(i1,c) voltage is greater than specified by vmax",
    "OSDI(debug) n.xbgr.xr85_u9.nr1: WARNING: V(i2,c) voltage is greater than specified by vmax",
    "OSDI(debug) n.xbgr.xr85_u8.nr1: WARNING: V(i1,c) voltage is greater than specified by vmax",
    "OSDI(debug) n.xbgr.xr85_u8.nr1: WARNING: V(i2,c) voltage is greater than specified by vmax",
    "OSDI(debug) n.xbgr.xr85_u7.nr1: WARNING: V(i1,c) voltage is greater than specified by vmax",
    "OSDI(debug) n.xbgr.xr85_u7.nr1: WARNING: V(i2,c) voltage is greater than specified by vmax",
    "OSDI(debug) n.xbgr.xr85_u6.nr1: WARNING: V(i1,c) voltage is greater than specified by vmax",
    "OSDI(debug) n.xbgr.xr85_u6.nr1: WARNING: V(i2,c) voltage is greater than specified by vmax",
    "OSDI(debug) n.xbgr.xr85_u5.nr1: WARNING: V(i1,c) voltage is greater than specified by vmax",
    "OSDI(debug) n.xbgr.xr85_u5.nr1: WARNING: V(i2,c) voltage is greater than specified by vmax",
    "OSDI(debug) n.xbgr.xr85_u4.nr1: WARNING: V(i1,c) voltage is greater than specified by vmax",
    "OSDI(debug) n.xbgr.xr85_u4.nr1: WARNING: V(i2,c) voltage is greater than specified by vmax",
    "OSDI(debug) n.xbgr.xr85_u3.nr1: WARNING: V(i1,c) voltage is greater than specified by vmax",
    "OSDI(debug) n.xbgr.xr85_u3.nr1: WARNING: V(i2,c) voltage is greater than specified by vmax",
    "OSDI(debug) n.xbgr.xr85_u2.nr1: WARNING: V(i1,c) voltage is greater than specified by vmax",
    "OSDI(debug) n.xbgr.xr85_u2.nr1: WARNING: V(i2,c) voltage is greater than specified by vmax",
    "OSDI(debug) n.xbgr.xr84_u24.nr1: WARNING: V(i1,c) voltage is greater than specified by vmax",
    "OSDI(debug) n.xbgr.xr84_u24.nr1: WARNING: V(i2,c) voltage is greater than specified by vmax",
    "OSDI(debug) n.xbgr.xr84_u23.nr1: WARNING: V(i1,c) voltage is greater than specified by vmax",
    "OSDI(debug) n.xbgr.xr84_u23.nr1: WARNING: V(i2,c) voltage is greater than specified by vmax",
    "OSDI(debug) n.xbgr.xr84_u22.nr1: WARNING: V(i1,c) voltage is greater than specified by vmax",
    "OSDI(debug) n.xbgr.xr84_u22.nr1: WARNING: V(i2,c) voltage is greater than specified by vmax",
    "OSDI(debug) n.xbgr.xr84_u21.nr1: WARNING: V(i1,c) voltage is greater than specified by vmax",
    "OSDI(debug) n.xbgr.xr84_u21.nr1: WARNING: V(i2,c) voltage is greater than specified by vmax",
    "OSDI(debug) n.xbgr.xr84_u20.nr1: WARNING: V(i1,c) voltage is greater than specified by vmax",
    "OSDI(debug) n.xbgr.xr84_u20.nr1: WARNING: V(i2,c) voltage is greater than specified by vmax",
    "OSDI(debug) n.xbgr.xr84_u19.nr1: WARNING: V(i1,c) voltage is greater than specified by vmax",
    "OSDI(debug) n.xbgr.xr84_u19.nr1: WARNING: V(i2,c) voltage is greater than specified by vmax",
    "OSDI(debug) n.xbgr.xr84_u18.nr1: WARNING: V(i1,c) voltage is greater than specified by vmax",
    "OSDI(debug) n.xbgr.xr84_u18.nr1: WARNING: V(i2,c) voltage is greater than specified by vmax",
    "OSDI(debug) n.xbgr.xr84_u17.nr1: WARNING: V(i1,c) voltage is greater than specified by vmax",
    "OSDI(debug) n.xbgr.xr84_u17.nr1: WARNING: V(i2,c) voltage is greater than specified by vmax",
    "OSDI(debug) n.xbgr.xr84_u16.nr1: WARNING: V(i1,c) voltage is greater than specified by vmax",
    "OSDI(debug) n.xbgr.xr84_u16.nr1: WARNING: V(i2,c) voltage is greater than specified by vmax",
    "OSDI(debug) n.xbgr.xr84_u15.nr1: WARNING: V(i1,c) voltage is greater than specified by vmax",
    "OSDI(debug) n.xbgr.xr84_u15.nr1: WARNING: V(i2,c) voltage is greater than specified by vmax",
    "OSDI(debug) n.xbgr.xr84_u14.nr1: WARNING: V(i1,c) voltage is greater than specified by vmax",
    "OSDI(debug) n.xbgr.xr84_u14.nr1: WARNING: V(i2,c) voltage is greater than specified by vmax",
    "OSDI(debug) n.xbgr.xr84_u13.nr1: WARNING: V(i1,c) voltage is greater than specified by vmax",
    "OSDI(debug) n.xbgr.xr84_u13.nr1: WARNING: V(i2,c) voltage is greater than specified by vmax",
    "OSDI(debug) n.xbgr.xr84_u12.nr1: WARNING: V(i1,c) voltage is greater than specified by vmax",
    "OSDI(debug) n.xbgr.xr84_u12.nr1: WARNING: V(i2,c) voltage is greater than specified by vmax",
    "OSDI(debug) n.xbgr.xr84_u11.nr1: WARNING: V(i1,c) voltage is greater than specified by vmax",
    "OSDI(debug) n.xbgr.xr84_u11.nr1: WARNING: V(i2,c) voltage is greater than specified by vmax",
    "OSDI(debug) n.xbgr.xr84_u10.nr1: WARNING: V(i1,c) voltage is greater than specified by vmax",
    "OSDI(debug) n.xbgr.xr84_u10.nr1: WARNING: V(i2,c) voltage is greater than specified by vmax",
    "OSDI(debug) n.xbgr.xr84_u9.nr1: WARNING: V(i1,c) voltage is greater than specified by vmax",
    "OSDI(debug) n.xbgr.xr84_u9.nr1: WARNING: V(i2,c) voltage is greater than specified by vmax",
    "OSDI(debug) n.xbgr.xr84_u8.nr1: WARNING: V(i1,c) voltage is greater than specified by vmax",
    "OSDI(debug) n.xbgr.xr84_u8.nr1: WARNING: V(i2,c) voltage is greater than specified by vmax",
    "OSDI(debug) n.xbgr.xr84_u7.nr1: WARNING: V(i1,c) voltage is greater than specified by vmax",
    "OSDI(debug) n.xbgr.xr84_u7.nr1: WARNING: V(i2,c) voltage is greater than specified by vmax",
    "OSDI(debug) n.xbgr.xr84_u6.nr1: WARNING: V(i1,c) voltage is greater than specified by vmax",
    "OSDI(debug) n.xbgr.xr84_u6.nr1: WARNING: V(i2,c) voltage is greater than specified by vmax",
    "Note: Starting dynamic gmin stepping",
    "Note: Dynamic gmin stepping completed"
  ],
  "preparation_sha256": "e24a6b4fb712d05be2763eeb40da2fa77abc1b86d7b94f902eae5582b381b183",
  "all2842_parameters_exact": true,
  "original_OP_bytes_exact": false,
  "all3885_raw_fields_exact": false,
  "post_DC_parameters": "not run",
  "finite_point_count": 3355,
  "finite_node_count": 33420,
  "terminal_current_attribution": "analysis pending; resistor BN coverage unqualified",
  "metal_KCL": "analysis pending",
  "electrical_acceptance": "not qualified"
}
