Warning: singular matrix:  check node xdut.xota.sub!

Note: Starting dynamic gmin stepping
Warning: singular matrix:  check node xdut.xota.sub!

Warning: Dynamic gmin stepping failed
Note: Starting true gmin stepping
Warning: singular matrix:  check node xdut.xota.sub!

Warning: singular matrix:  check node xdut.xota.sub!

Warning: singular matrix:  check node xdut.xota.sub!

Warning: singular matrix:  check node xdut.xota.sub!

Warning: True gmin stepping failed
Note: Starting source stepping
Warning: source stepping failed
Note: Transient op started
Note: Transient op finished successfully

Note: No compatibility mode selected!


Circuit: * g1_sense monte carlo: input-referred offset, mismatch models (mos lv+hv, rppd), 200 samples

Reset re-loads circuit * g1_sense monte carlo: input-referred offset, mismatch models (mos lv+hv, rppd), 200 samples

Circuit: * g1_sense monte carlo: input-referred offset, mismatch models (mos lv+hv, rppd), 200 samples

Doing analysis at TEMP = 27.000000 and TNOM = 27.000000

Using SPARSE 1.3 as Direct Linear Solver
 Reference value :  0.00000e+00Note: Starting dynamic gmin stepping
Warning: singular matrix:  check node xdut.xbuf.sub!

Warning: Dynamic gmin stepping failed
Note: Starting true gmin stepping
Warning: singular matrix:  check node xdut.xbuf.sub!

Warning: singular matrix:  check node xdut.xbuf.sub!

Warning: singular matrix:  check node xdut.xbuf.sub!

Warning: singular matrix:  check node xdut.xbuf.sub!

Warning: singular matrix:  check node xdut.xbuf.sub!

Warning: True gmin stepping failed
Note: Starting source stepping
Warning: source stepping failed
Note: Transient op started
Note: Transient op finished successfully

No. of Data Rows : 1
MCA 0  vos_tot_cm0= 0.00244864  vos_ota= -0.00266478  vped= 0.99496
Doing analysis at TEMP = 27.000000 and TNOM = 27.000000

Using SPARSE 1.3 as Direct Linear Solver
 Reference value :  0.00000e+00Warning: singular matrix:  check node xdut.xbuf.sub!

Note: Starting dynamic gmin stepping
Warning: singular matrix:  check node xdut.xbuf.sub!

Warning: Dynamic gmin stepping failed
Note: Starting true gmin stepping
Warning: singular matrix:  check node xdut.xbuf.sub!

Warning: singular matrix:  check node xdut.xbuf.sub!

Warning: singular matrix:  check node xdut.xbuf.sub!

Warning: singular matrix:  check node xdut.xbuf.sub!

Warning: True gmin stepping failed
Note: Starting source stepping
Warning: source stepping failed
Note: Transient op started
Note: Transient op finished successfully

No. of Data Rows : 1
MCB 0  vos_tot_cm0.3= 0.00247347
Reset re-loads circuit * g1_sense monte carlo: input-referred offset, mismatch models (mos lv+hv, rppd), 200 samples

Circuit: * g1_sense monte carlo: input-referred offset, mismatch models (mos lv+hv, rppd), 200 samples

Doing analysis at TEMP = 27.000000 and TNOM = 27.000000

Using SPARSE 1.3 as Direct Linear Solver
 Reference value :  0.00000e+00Note: Starting dynamic gmin stepping
Warning: singular matrix:  check node xdut.sub!

Warning: Dynamic gmin stepping failed
Note: Starting true gmin stepping
Warning: singular matrix:  check node xdut.sub!

Warning: singular matrix:  check node xdut.sub!

Warning: singular matrix:  check node xdut.sub!

Warning: singular matrix:  check node xdut.sub!

Warning: singular matrix:  check node xdut.sub!

Warning: True gmin stepping failed
Note: Starting source stepping
Warning: source stepping failed
Note: Transient op started
Note: Transient op finished successfully

No. of Data Rows : 1
MCA 1  vos_tot_cm0= -0.000205839  vos_ota= 8.1656E-05  vped= 0.999238
Doing analysis at TEMP = 27.000000 and TNOM = 27.000000

Using SPARSE 1.3 as Direct Linear Solver
 Reference value :  0.00000e+00Warning: singular matrix:  check node xdut.xota.sub!

Note: Starting dynamic gmin stepping
Warning: singular matrix:  check node sub!

Warning: Dynamic gmin stepping failed
Note: Starting true gmin stepping
Warning: singular matrix:  check node sub!

Warning: singular matrix:  check node sub!

Warning: singular matrix:  check node sub!

Warning: singular matrix:  check node sub!

Warning: True gmin stepping failed
Note: Starting source stepping
Warning: source stepping failed
Note: Transient op started
Note: Transient op finished successfully

No. of Data Rows : 1
MCB 1  vos_tot_cm0.3= -0.000183747
Reset re-loads circuit * g1_sense monte carlo: input-referred offset, mismatch models (mos lv+hv, rppd), 200 samples

Circuit: * g1_sense monte carlo: input-referred offset, mismatch models (mos lv+hv, rppd), 200 samples

Doing analysis at TEMP = 27.000000 and TNOM = 27.000000

Using SPARSE 1.3 as Direct Linear Solver
 Reference value :  0.00000e+00
No. of Data Rows : 1
MCA 2  vos_tot_cm0= 0.0067286  vos_ota= -0.00635466  vped= 1.00034
Doing analysis at TEMP = 27.000000 and TNOM = 27.000000

Using SPARSE 1.3 as Direct Linear Solver
OSDI(debug) n.xdut.xota.xrz.nr1: WARNING: V(i2,c) voltage is greater than specified by vmax
OSDI(debug) n.xdut.xota.xrz.nr1: WARNING: V(i2,c) voltage is greater than specified by vmax
OSDI(debug) n.xdut.xota.xrz.nr1: WARNING: V(i2,c) voltage is greater than specified by vmax
OSDI(debug) n.xdut.xota.xrz.nr1: WARNING: V(i2,c) voltage is greater than specified by vmax
OSDI(debug) n.xdut.xota.xrz.nr1: WARNING: V(i2,c) voltage is greater than specified by vmax
OSDI(debug) n.xdut.xota.xrz.nr1: WARNING: V(i2,c) voltage is greater than specified by vmax
OSDI(debug) n.xdut.xota.xrz.nr1: WARNING: V(i2,c) voltage is greater than specified by vmax
OSDI(debug) n.xdut.xota.xrz.nr1: WARNING: V(i2,c) voltage is greater than specified by vmax
OSDI(debug) n.xdut.xota.xrz.nr1: WARNING: V(i2,c) voltage is greater than specified by vmax
OSDI(debug) n.xdut.xota.xrz.nr1: WARNING: V(i2,c) voltage is greater than specified by vmax
OSDI(debug) n.xdut.xota.xrz.nr1: WARNING: V(i2,c) voltage is greater than specified by vmax
OSDI(debug) n.xdut.xota.xrz.nr1: WARNING: V(i2,c) voltage is greater than specified by vmax
OSDI(debug) n.xdut.xota.xrz.nr1: WARNING: V(i2,c) voltage is greater than specified by vmax
OSDI(debug) n.xdut.xota.xrz.nr1: WARNING: V(i2,c) voltage is greater than specified by vmax
OSDI(debug) n.xdut.xota.xrz.nr1: WARNING: V(i2,c) voltage is greater than specified by vmax
OSDI(debug) n.xdut.xota.xrz.nr1: WARNING: V(i2,c) voltage is greater than specified by vmax
OSDI(debug) n.xdut.xota.xrz.nr1: WARNING: V(i2,c) voltage is greater than specified by vmax
OSDI(debug) n.xdut.xota.xrz.nr1: WARNING: V(i2,c) voltage is greater than specified by vmax
OSDI(debug) n.xdut.xota.xrz.nr1: WARNING: V(i2,c) voltage is greater than specified by vmax
OSDI(debug) n.xdut.xota.xrz.nr1: WARNING: V(i2,c) voltage is greater than specified by vmax
OSDI(debug) n.xdut.xota.xrz.nr1: WARNING: V(i2,c) voltage is greater than specified by vmax
OSDI(debug) n.xdut.xota.xrz.nr1: WARNING: V(i2,c) voltage is greater than specified by vmax
OSDI(debug) n.xdut.xota.xrz.nr1: WARNING: V(i2,c) voltage is greater than specified by vmax
OSDI(debug) n.xdut.xota.xrz.nr1: WARNING: V(i2,c) voltage is greater than specified by vmax
OSDI(debug) n.xdut.xota.xrz.nr1: WARNING: V(i2,c) voltage is greater than specified by vmax
OSDI(debug) n.xdut.xota.xrz.nr1: WARNING: V(i2,c) voltage is greater than specified by vmax
OSDI(debug) n.xdut.xota.xrz.nr1: WARNING: V(i2,c) voltage is greater than specified by vmax
OSDI(debug) n.xdut.xota.xrz.nr1: WARNING: V(i2,c) voltage is greater than specified by vmax
OSDI(debug) n.xdut.xota.xrz.nr1: WARNING: V(i2,c) voltage is greater than specified by vmax
OSDI(debug) n.xdut.xota.xrz.nr1: WARNING: V(i2,c) voltage is greater than specified by vmax
OSDI(debug) n.xdut.xota.xrz.nr1: WARNING: V(i2,c) voltage is greater than specified by vmax
OSDI(debug) n.xdut.xota.xrz.nr1: WARNING: V(i2,c) voltage is greater than specified by vmax
OSDI(debug) n.xdut.xota.xrz.nr1: WARNING: V(i2,c) voltage is greater than specified by vmax
OSDI(debug) n.xdut.xota.xrz.nr1: WARNING: V(i2,c) voltage is greater than specified by vmax
OSDI(debug) n.xdut.xota.xrz.nr1: WARNING: V(i2,c) voltage is greater than specified by vmax
OSDI(debug) n.xdut.xota.xrz.nr1: WARNING: V(i2,c) voltage is greater than specified by vmax
OSDI(debug) n.xdut.xota.xrz.nr1: WARNING: V(i2,c) voltage is greater than specified by vmax
OSDI(debug) n.xdut.xota.xrz.nr1: WARNING: V(i2,c) voltage is greater than specified by vmax
OSDI(debug) n.xdut.xota.xrz.nr1: WARNING: V(i2,c) voltage is greater than specified by vmax
OSDI(debug) n.xdut.xota.xrz.nr1: WARNING: V(i2,c) voltage is greater than specified by vmax
OSDI(debug) n.xdut.xota.xrz.nr1: WARNING: V(i2,c) voltage is greater than specified by vmax
OSDI(debug) n.xdut.xota.xrz.nr1: WARNING: V(i2,c) voltage is greater than specified by vmax
OSDI(debug) n.xdut.xota.xrz.nr1: WARNING: V(iNote: Starting dynamic gmin stepping
Warning: singular matrix:  check node sub!

Warning: Dynamic gmin stepping failed
Note: Starting true gmin stepping
Warning: singular matrix:  check node sub!

Warning: singular matrix:  check node sub!

Warning: singular matrix:  check node sub!

Warning: singular matrix:  check node sub!

Warning: singular matrix:  check node sub!

Warning: True gmin stepping failed
Note: Starting source stepping
Warning: source stepping failed
Note: Transient op started
Note: Transient op finished successfully
2,c) voltage is greater than specified by vmax
OSDI(debug) n.xdut.xota.xrz.nr1: WARNING: V(i2,c) voltage is greater than specified by vmax
OSDI(debug) n.xdut.xota.xrz.nr1: WARNING: V(i2,c) voltage is greater than specified by vmax
OSDI(debug) n.xdut.xota.xrz.nr1: WARNING: V(i2,c) voltage is greater than specified by vmax
OSDI(debug) n.xdut.xota.xrz.nr1: WARNING: V(i2,c) voltage is greater than specified by vmax
OSDI(debug) n.xdut.xota.xrz.nr1: WARNING: V(i2,c) voltage is greater than specified by vmax
OSDI(debug) n.xdut.xota.xrz.nr1: WARNING: V(i2,c) voltage is greater than specified by vmax
OSDI(debug) n.xdut.xota.xrz.nr1: WARNING: V(i2,c) voltage is greater than specified by vmax
OSDI(debug) n.xdut.xota.xrz.nr1: WARNING: V(i2,c) voltage is greater than specified by vmax
OSDI(debug) n.xdut.xota.xrz.nr1: WARNING: V(i2,c) voltage is greater than specified by vmax
OSDI(debug) n.xdut.xota.xrz.nr1: WARNING: V(i2,c) voltage is greater than specified by vmax
OSDI(debug) n.xdut.xota.xrz.nr1: WARNING: V(i2,c) voltage is greater than specified by vmax
OSDI(debug) n.xdut.xota.xrz.nr1: WARNING: V(i2,c) voltage is greater than specified by vmax
OSDI(debug) n.xdut.xota.xrz.nr1: WARNING: V(i2,c) voltage is greater than specified by vmax
OSDI(debug) n.xdut.xota.xrz.nr1: WARNING: V(i2,c) voltage is greater than specified by vmax
OSDI(debug) n.xdut.xota.xrz.nr1: WARNING: V(i2,c) voltage is greater than specified by vmax
OSDI(debug) n.xdut.xota.xrz.nr1: WARNING: V(i2,c) voltage is greater than specified by vmax
 Reference value :  0.00000e+00Warning: singular matrix:  check node xdut.xbuf.sub!

Note: Starting dynamic gmin stepping
Warning: singular matrix:  check node xdut.xbuf.sub!

Warning: Dynamic gmin stepping failed
Note: Starting true gmin stepping
Warning: singular matrix:  check node xdut.xbuf.sub!

Warning: singular matrix:  check node xdut.xbuf.sub!

Warning: singular matrix:  check node xdut.xbuf.sub!

Warning: singular matrix:  check node xdut.xbuf.sub!

Warning: True gmin stepping failed
Note: Starting source stepping
Warning: source stepping failed
Note: Transient op started
Note: Transient op finished successfully

No. of Data Rows : 1
MCB 2  vos_tot_cm0.3= 0.00668637
Reset re-loads circuit * g1_sense monte carlo: input-referred offset, mismatch models (mos lv+hv, rppd), 200 samples

Circuit: * g1_sense monte carlo: input-referred offset, mismatch models (mos lv+hv, rppd), 200 samples

Doing analysis at TEMP = 27.000000 and TNOM = 27.000000

Using SPARSE 1.3 as Direct Linear Solver
 Reference value :  0.00000e+00
No. of Data Rows : 1
MCA 3  vos_tot_cm0= 0.0027577  vos_ota= -0.00255985  vped= 0.9993
Doing analysis at TEMP = 27.000000 and TNOM = 27.000000

Using SPARSE 1.3 as Direct Linear Solver
OSDI(debug) n.xdut.xr2n19.nr1: WARNING: V(i1,c) voltage is greater than specified by vmax
OSDI(debug) n.xdut.xr2n18.nr1: WARNING: V(i2,c) voltage is greater than specified by vmax
OSDI(debug) n.xdut.xr2n17.nr1: WARNING: V(i1,c) voltage is greater than specified by vmax
OSDI(debug) n.xdut.xr2n16.nr1: WARNING: V(i1,c) voltage is greater than specified by vmax
OSDI(debug) n.xdut.xr2n16.nr1: WARNING: V(i2,c) voltage is greater than specified by vmax
OSDI(debug) n.xdut.xr2n15.nr1: WARNING: V(i1,c) voltage is greater than specified by vmax
OSDI(debug) n.xdut.xr2n15.nr1: WARNING: V(i2,c) voltage is greater than specified by vmax
OSDI(debug) n.xdut.xr2n14.nr1: WARNING: V(i1,c) voltage is greater than specified by vmax
OSDI(debug) n.xdut.xr2n14.nr1: WARNING: V(i2,c) voltage is greater than specified by vmax
OSDI(debug) n.xdut.xr2n13.nr1: WARNING: V(i2,c) voltage is greater than specified by vmax
OSDI(debug) n.xdut.xr2n12.nr1: WARNING: V(i1,c) voltage is greater than specified by vmax
OSDI(debug) n.xdut.xr2n11.nr1: WARNING: V(i2,c) voltage is greater than specified by vmax
OSDI(debug) n.xdut.xr2n7.nr1: WARNING: V(i1,c) voltage is greater than specified by vmax
OSDI(debug) n.xdut.xr2n6.nr1: WARNING: V(i1,c) voltage is greater than specified by vmax
OSDI(debug) n.xdut.xr2n6.nr1: WARNING: V(i2,c) voltage is greater than specified by vmax
OSDI(debug) n.xdut.xr2n5.nr1: WARNING: V(i1,c) voltage is greater than specified by vmax
OSDI(debug) n.xdut.xr2n5.nr1: WARNING: V(i2,c) voltage is greater than specified by vmax
OSDI(debug) n.xdut.xr2n4.nr1: WARNING: V(i1,c) voltage is greater than specified by vmax
OSDI(debug) n.xdut.xr2n4.nr1: WARNING: V(i2,c) voltage is greater than specified by vmax
OSDI(debug) n.xdut.xr2n3.nr1: WARNING: V(i2,c) voltage is greater than specified by vmax
OSDI(debug) n.xdut.xr2n2.nr1: WARNING: V(i1,c) voltage is greater than specified by vmax
OSDI(debug) n.xdut.xr2n1.nr1: WARNING: V(i1,c) voltage is greater than specified by vmax
OSDI(debug) n.xdut.xr2n1.nr1: WARNING: V(i2,c) voltage is greater than specified by vmax
OSDI(debug) n.xdut.xr2n0.nr1: WARNING: V(i2,c) voltage is greater than specified by vmax
OSDI(debug) n.xdut.xr2n19.nr1: WARNING: V(i1,c) voltage is greater than specified by vmax
OSDI(debug) n.xdut.xr2n18.nr1: WARNING: V(i1,c) voltage is greater than specified by vmax
OSDI(debug) n.xdut.xr2n18.nr1: WARNING: V(i2,c) voltage is greater than specified by vmax
OSDI(debug) n.xdut.xr2n17.nr1: WARNING: V(i1,c) voltage is greater than specified by vmax
OSDI(debug) n.xdut.xr2n17.nr1: WARNING: V(i2,c) voltage is greater than specified by vmax
OSDI(debug) n.xdut.xr2n16.nr1: WARNING: V(i1,c) voltage is greater than specified by vmax
OSDI(debug) n.xdut.xr2n16.nr1: WARNING: V(i2,c) voltage is greater than specified by vmax
OSDI(debug) n.xdut.xr2n15.nr1: WARNING: V(i1,c) voltage is greater than specified by vmax
OSDI(debug) n.xdut.xr2n15.nr1: WARNING: V(i2,c) voltage is greater than specified by vmax
OSDI(debug) n.xdut.xr2n14.nr1: WARNING: V(i1,c) voltage is greater than specified by vmax
OSDI(debug) n.xdut.xr2n14.nr1: WARNING: V(i2,c) voltage is greater than specified by vmax
OSDI(debug) n.xdut.xr2n13.nr1: WARNING: V(i2,c) voltage is greater than specified by vmax
OSDI(debug) n.xdut.xr2n12.nr1: WARNING: V(i1,c) voltage is greater than specified by vmax
OSDI(debug) n.xdut.xr2n11.nr1: WARNING: V(i2,c) voltage is greater than specified by vmax
OSDI(debug) n.xdut.xr2n10.nr1: WARNING: V(i1,c) voltage is greater than specified by vmax
OSDI(debug) n.xdut.xr2n9.nr1: WARNING: V(i2,c) voltage is greater than specified by vmax
OSDI(debug) n.xdut.xr2n8.nr1: WARNING: V(i1,c) voltage is greater than specified by vmax
OSDI(debug) n.xdut.xr2n7.nr1: WARNING: V(i1,c) voltage is greater than specified by vmax
OSDI(debug) n.xdut.xr2n7.nr1: WARNING: V(i2,c) voltage is greater than specified by vmax
OSDI(debug) n.xdut.xr2n6.nr1: WARNING: V(i1,c) voltage iNote: Starting dynamic gmin stepping
Warning: singular matrix:  check node xdut.xbuf.sub!

Warning: Dynamic gmin stepping failed
Note: Starting true gmin stepping
Warning: singular matrix:  check node xdut.xbuf.sub!

Warning: singular matrix:  check node xdut.xbuf.sub!

Warning: singular matrix:  check node xdut.xbuf.sub!

Warning: singular matrix:  check node xdut.xbuf.sub!

Warning: singular matrix:  check node xdut.xbuf.sub!

Warning: True gmin stepping failed
Note: Starting source stepping
Warning: source stepping failed
Note: Transient op started
Note: Transient op finished successfully
s greater than specified by vmax
OSDI(debug) n.xdut.xr2n5.nr1: WARNING: V(i1,c) voltage is greater than specified by vmax
OSDI(debug) n.xdut.xr2n5.nr1: WARNING: V(i2,c) voltage is greater than specified by vmax
OSDI(debug) n.xdut.xr2n4.nr1: WARNING: V(i1,c) voltage is greater than specified by vmax
OSDI(debug) n.xdut.xr2n4.nr1: WARNING: V(i2,c) voltage is greater than specified by vmax
OSDI(debug) n.xdut.xr2n3.nr1: WARNING: V(i2,c) voltage is greater than specified by vmax
OSDI(debug) n.xdut.xr2n2.nr1: WARNING: V(i1,c) voltage is greater than specified by vmax
OSDI(debug) n.xdut.xr2n1.nr1: WARNING: V(i1,c) voltage is greater than specified by vmax
OSDI(debug) n.xdut.xr2n1.nr1: WARNING: V(i2,c) voltage is greater than specified by vmax
OSDI(debug) n.xdut.xr2n0.nr1: WARNING: V(i1,c) voltage is greater than specified by vmax
OSDI(debug) n.xdut.xr2n0.nr1: WARNING: V(i2,c) voltage is greater than specified by vmax
OSDI(debug) n.xdut.xr1n0.nr1: WARNING: V(i2,c) voltage is greater than specified by vmax
OSDI(debug) n.xdut.xr2n6.nr1: WARNING: V(i2,c) voltage is greater than specified by vmax
 Reference value :  0.00000e+00Warning: singular matrix:  check node xdut.xota.sub!

Note: Starting dynamic gmin stepping
Warning: singular matrix:  check node xdut.xota.sub!

Warning: Dynamic gmin stepping failed
Note: Starting true gmin stepping
Warning: singular matrix:  check node xdut.xota.sub!

Warning: singular matrix:  check node xdut.xota.sub!

Warning: singular matrix:  check node xdut.xota.sub!

Warning: singular matrix:  check node xdut.xota.sub!

Warning: True gmin stepping failed
Note: Starting source stepping
Warning: source stepping failed
Note: Transient op started
Note: Transient op finished successfully

No. of Data Rows : 1
MCB 3  vos_tot_cm0.3= 0.00271535
Reset re-loads circuit * g1_sense monte carlo: input-referred offset, mismatch models (mos lv+hv, rppd), 200 samples

Circuit: * g1_sense monte carlo: input-referred offset, mismatch models (mos lv+hv, rppd), 200 samples

Doing analysis at TEMP = 27.000000 and TNOM = 27.000000

Using SPARSE 1.3 as Direct Linear Solver
 Reference value :  0.00000e+00Note: Starting dynamic gmin stepping
Warning: singular matrix:  check node xdut.xbuf.sub!

Warning: Dynamic gmin stepping failed
Note: Starting true gmin stepping
Warning: singular matrix:  check node xdut.xbuf.sub!

Warning: singular matrix:  check node xdut.xbuf.sub!

Warning: singular matrix:  check node xdut.xbuf.sub!

Warning: singular matrix:  check node xdut.xbuf.sub!

Warning: singular matrix:  check node xdut.xbuf.sub!

Warning: True gmin stepping failed
Note: Starting source stepping
Warning: source stepping failed
Note: Transient op started
Note: Transient op finished successfully

No. of Data Rows : 1
MCA 4  vos_tot_cm0= -0.00399072  vos_ota= 0.00386042  vped= 0.998086
Doing analysis at TEMP = 27.000000 and TNOM = 27.000000

Using SPARSE 1.3 as Direct Linear Solver
 Reference value :  0.00000e+00Warning: singular matrix:  check node xdut.xota.sub!

Note: Starting dynamic gmin stepping
Warning: singular matrix:  check node xdut.xota.sub!

Warning: Dynamic gmin stepping failed
Note: Starting true gmin stepping
Warning: singular matrix:  check node xdut.xota.sub!

Warning: singular matrix:  check node xdut.xota.sub!

Warning: singular matrix:  check node xdut.xota.sub!

Warning: singular matrix:  check node xdut.xota.sub!

Warning: True gmin stepping failed
Note: Starting source stepping
Warning: source stepping failed
Note: Transient op started
Note: Transient op finished successfully

No. of Data Rows : 1
MCB 4  vos_tot_cm0.3= -0.00402299
Reset re-loads circuit * g1_sense monte carlo: input-referred offset, mismatch models (mos lv+hv, rppd), 200 samples

Circuit: * g1_sense monte carlo: input-referred offset, mismatch models (mos lv+hv, rppd), 200 samples

Doing analysis at TEMP = 27.000000 and TNOM = 27.000000

Using SPARSE 1.3 as Direct Linear Solver
 Reference value :  0.00000e+00Note: Starting dynamic gmin stepping
Warning: singular matrix:  check node sub!

Warning: Dynamic gmin stepping failed
Note: Starting true gmin stepping
Warning: singular matrix:  check node sub!

Warning: singular matrix:  check node sub!

Warning: singular matrix:  check node sub!

Warning: singular matrix:  check node sub!

Warning: singular matrix:  check node sub!

Warning: True gmin stepping failed
Note: Starting source stepping
Warning: source stepping failed
Note: Transient op started
Note: Transient op finished successfully

No. of Data Rows : 1
MCA 5  vos_tot_cm0= 0.00448106  vos_ota= -0.00393746  vped= 1.006
Doing analysis at TEMP = 27.000000 and TNOM = 27.000000

Using SPARSE 1.3 as Direct Linear Solver
 Reference value :  0.00000e+00Warning: singular matrix:  check node xdut.xota.sub!

Note: Starting dynamic gmin stepping
Warning: singular matrix:  check node xdut.xota.sub!

Warning: Dynamic gmin stepping failed
Note: Starting true gmin stepping
Warning: singular matrix:  check node xdut.xota.sub!

Warning: singular matrix:  check node xdut.xota.sub!

Warning: singular matrix:  check node xdut.xota.sub!

Warning: singular matrix:  check node xdut.xota.sub!

Warning: True gmin stepping failed
Note: Starting source stepping
Warning: source stepping failed
Note: Transient op started
Note: Transient op finished successfully

No. of Data Rows : 1
MCB 5  vos_tot_cm0.3= 0.00444455
Reset re-loads circuit * g1_sense monte carlo: input-referred offset, mismatch models (mos lv+hv, rppd), 200 samples

Circuit: * g1_sense monte carlo: input-referred offset, mismatch models (mos lv+hv, rppd), 200 samples

Doing analysis at TEMP = 27.000000 and TNOM = 27.000000

Using SPARSE 1.3 as Direct Linear Solver
 Reference value :  0.00000e+00Note: Starting dynamic gmin stepping
Warning: singular matrix:  check node xdut.xota.sub!

Warning: Dynamic gmin stepping failed
Note: Starting true gmin stepping
Warning: singular matrix:  check node xdut.xota.sub!

Warning: singular matrix:  check node xdut.xota.sub!

Warning: singular matrix:  check node xdut.xota.sub!

Warning: singular matrix:  check node xdut.xota.sub!

Warning: singular matrix:  check node xdut.xota.sub!

Warning: True gmin stepping failed
Note: Starting source stepping
Warning: source stepping failed
Note: Transient op started
Note: Transient op finished successfully

No. of Data Rows : 1
MCA 6  vos_tot_cm0= -0.00390587  vos_ota= 0.0038705  vped= 1.00381
Doing analysis at TEMP = 27.000000 and TNOM = 27.000000

Using SPARSE 1.3 as Direct Linear Solver
 Reference value :  0.00000e+00Warning: singular matrix:  check node xdut.xbuf.sub!

Note: Starting dynamic gmin stepping
Warning: singular matrix:  check node xdut.xbuf.sub!

Warning: Dynamic gmin stepping failed
Note: Starting true gmin stepping
Warning: singular matrix:  check node xdut.xbuf.sub!

Warning: singular matrix:  check node xdut.xbuf.sub!

Warning: singular matrix:  check node xdut.xbuf.sub!

Warning: singular matrix:  check node xdut.xbuf.sub!

Warning: True gmin stepping failed
Note: Starting source stepping
Warning: source stepping failed
Note: Transient op started
Note: Transient op finished successfully

No. of Data Rows : 1
MCB 6  vos_tot_cm0.3= -0.00387265
Reset re-loads circuit * g1_sense monte carlo: input-referred offset, mismatch models (mos lv+hv, rppd), 200 samples

Circuit: * g1_sense monte carlo: input-referred offset, mismatch models (mos lv+hv, rppd), 200 samples

Doing analysis at TEMP = 27.000000 and TNOM = 27.000000

Using SPARSE 1.3 as Direct Linear Solver
 Reference value :  0.00000e+00Note: Starting dynamic gmin stepping
Warning: singular matrix:  check node xdut.xota.sub!

Warning: Dynamic gmin stepping failed
Note: Starting true gmin stepping
Warning: singular matrix:  check node xdut.xota.sub!

Warning: singular matrix:  check node xdut.xota.sub!

Warning: singular matrix:  check node xdut.xota.sub!

Warning: singular matrix:  check node xdut.xota.sub!

Warning: singular matrix:  check node xdut.xota.sub!

Warning: True gmin stepping failed
Note: Starting source stepping
Warning: source stepping failed
Note: Transient op started
Note: Transient op finished successfully

No. of Data Rows : 1
MCA 7  vos_tot_cm0= -0.000636392  vos_ota= 0.000340658  vped= 0.996214
Doing analysis at TEMP = 27.000000 and TNOM = 27.000000

Using SPARSE 1.3 as Direct Linear Solver
 Reference value :  0.00000e+00Warning: singular matrix:  check node xdut.xbuf.sub!

Note: Starting dynamic gmin stepping
Warning: singular matrix:  check node xdut.xbuf.sub!

Warning: Dynamic gmin stepping failed
Note: Starting true gmin stepping
Warning: singular matrix:  check node xdut.xbuf.sub!

Warning: singular matrix:  check node xdut.xbuf.sub!

Warning: singular matrix:  check node xdut.xbuf.sub!

Warning: singular matrix:  check node xdut.xbuf.sub!

Warning: True gmin stepping failed
Note: Starting source stepping
Warning: source stepping failed
Note: Transient op started
Note: Transient op finished successfully

No. of Data Rows : 1
MCB 7  vos_tot_cm0.3= -0.000602731
Reset re-loads circuit * g1_sense monte carlo: input-referred offset, mismatch models (mos lv+hv, rppd), 200 samples

Circuit: * g1_sense monte carlo: input-referred offset, mismatch models (mos lv+hv, rppd), 200 samples

Doing analysis at TEMP = 27.000000 and TNOM = 27.000000

Using SPARSE 1.3 as Direct Linear Solver
 Reference value :  0.00000e+00Note: Starting dynamic gmin stepping
Warning: singular matrix:  check node xdut.xbuf.sub!

Warning: Dynamic gmin stepping failed
Note: Starting true gmin stepping
Warning: singular matrix:  check node xdut.xbuf.sub!

Warning: singular matrix:  check node xdut.xbuf.sub!

Warning: singular matrix:  check node xdut.xbuf.sub!

Warning: singular matrix:  check node xdut.xbuf.sub!

Warning: singular matrix:  check node xdut.xbuf.sub!

Warning: True gmin stepping failed
Note: Starting source stepping
Warning: source stepping failed
Note: Transient op started
Note: Transient op finished successfully

No. of Data Rows : 1
MCA 8  vos_tot_cm0= -0.00100412  vos_ota= 0.000963104  vped= 0.998005
Doing analysis at TEMP = 27.000000 and TNOM = 27.000000

Using SPARSE 1.3 as Direct Linear Solver
 Reference value :  0.00000e+00Warning: singular matrix:  check node sub!

Note: Starting dynamic gmin stepping
Warning: singular matrix:  check node sub!

Warning: Dynamic gmin stepping failed
Note: Starting true gmin stepping
Warning: singular matrix:  check node sub!

Warning: singular matrix:  check node sub!

Warning: singular matrix:  check node sub!

Warning: singular matrix:  check node sub!

Warning: True gmin stepping failed
Note: Starting source stepping
Warning: source stepping failed
Note: Transient op started
Note: Transient op finished successfully

No. of Data Rows : 1
MCB 8  vos_tot_cm0.3= -0.00102607
Reset re-loads circuit * g1_sense monte carlo: input-referred offset, mismatch models (mos lv+hv, rppd), 200 samples

Circuit: * g1_sense monte carlo: input-referred offset, mismatch models (mos lv+hv, rppd), 200 samples

Doing analysis at TEMP = 27.000000 and TNOM = 27.000000

Using SPARSE 1.3 as Direct Linear Solver
 Reference value :  0.00000e+00Note: Starting dynamic gmin stepping
Warning: singular matrix:  check node xdut.sub!

Warning: Dynamic gmin stepping failed
Note: Starting true gmin stepping
Warning: singular matrix:  check node xdut.sub!

Warning: singular matrix:  check node xdut.sub!

Warning: singular matrix:  check node xdut.sub!

Warning: singular matrix:  check node xdut.sub!

Warning: singular matrix:  check node xdut.sub!

Warning: True gmin stepping failed
Note: Starting source stepping
Warning: source stepping failed
Note: Transient op started
Note: Transient op finished successfully

No. of Data Rows : 1
MCA 9  vos_tot_cm0= 0.00245397  vos_ota= -0.00232624  vped= 1.00135
Doing analysis at TEMP = 27.000000 and TNOM = 27.000000

Using SPARSE 1.3 as Direct Linear Solver
 Reference value :  0.00000e+00Warning: singular matrix:  check node xdut.xota.sub!

Note: Starting dynamic gmin stepping
Warning: singular matrix:  check node xdut.xota.sub!

Warning: Dynamic gmin stepping failed
Note: Starting true gmin stepping
Warning: singular matrix:  check node xdut.xota.sub!

Warning: singular matrix:  check node xdut.xota.sub!

Warning: singular matrix:  check node xdut.xota.sub!

Warning: singular matrix:  check node xdut.xota.sub!

Warning: True gmin stepping failed
Note: Starting source stepping
Warning: source stepping failed
Note: Transient op started
Note: Transient op finished successfully

No. of Data Rows : 1
MCB 9  vos_tot_cm0.3= 0.00246346
Reset re-loads circuit * g1_sense monte carlo: input-referred offset, mismatch models (mos lv+hv, rppd), 200 samples

Circuit: * g1_sense monte carlo: input-referred offset, mismatch models (mos lv+hv, rppd), 200 samples

Doing analysis at TEMP = 27.000000 and TNOM = 27.000000

Using SPARSE 1.3 as Direct Linear Solver
 Reference value :  0.00000e+00
No. of Data Rows : 1
MCA 10  vos_tot_cm0= 0.00401961  vos_ota= -0.00387851  vped= 1.00178
Doing analysis at TEMP = 27.000000 and TNOM = 27.000000

Using SPARSE 1.3 as Direct Linear Solver
OSDI(debug) n.xrl2.nr1: WARNING: V(i1,c) voltage is greater than specified by vmax
OSDI(debug) n.xrl1.nr1: WARNING: V(i2,c) voltage is greater than specified by vmax
OSDI(debug) n.xdut.xr2n1.nr1: WARNING: V(i1,c) voltage is greater than specified by vmax
OSDI(debug) n.xdut.xr2n0.nr1: WARNING: V(i2,c) voltage is greater than specified by vmax
OSDI(debug) n.xrl2.nr1: WARNING: V(i1,c) voltage is greater than specified by vmax
OSDI(debug) n.xrl1.nr1: WARNING: V(i2,c) voltage is greater than specified by vmax
OSDI(debug) n.xdut.xr2n19.nr1: WARNING: V(i1,c) voltage is greater than specified by vmax
OSDI(debug) n.xdut.xr2n18.nr1: WARNING: V(i1,c) voltage is greater than specified by vmax
OSDI(debug) n.xdut.xr2n18.nr1: WARNING: V(i2,c) voltage is greater than specified by vmax
OSDI(debug) n.xdut.xr2n17.nr1: WARNING: V(i1,c) voltage is greater than specified by vmax
OSDI(debug) n.xdut.xr2n17.nr1: WARNING: V(i2,c) voltage is greater than specified by vmax
OSDI(debug) n.xdut.xr2n16.nr1: WARNING: V(i1,c) voltage is greater than specified by vmax
OSDI(debug) n.xdut.xr2n16.nr1: WARNING: V(i2,c) voltage is greater than specified by vmax
OSDI(debug) n.xdut.xr2n15.nr1: WARNING: V(i1,c) voltage is greater than specified by vmax
OSDI(debug) n.xdut.xr2n15.nr1: WARNING: V(i2,c) voltage is greater than specified by vmax
OSDI(debug) n.xdut.xr2n14.nr1: WARNING: V(i1,c) voltage is greater than specified by vmax
OSDI(debug) n.xdut.xr2n14.nr1: WARNING: V(i2,c) voltage is greater than specified by vmax
OSDI(debug) n.xdut.xr2n13.nr1: WARNING: V(i1,c) voltage is greater than specified by vmax
OSDI(debug) n.xdut.xr2n13.nr1: WARNING: V(i2,c) voltage is greater than specified by vmax
OSDI(debug) n.xdut.xr2n12.nr1: WARNING: V(i1,c) voltage is greater than specified by vmax
OSDI(debug) n.xdut.xr2n12.nr1: WARNING: V(i2,c) voltage is greater than specified by vmax
OSDI(debug) n.xdut.xr2n11.nr1: WARNING: V(i1,c) voltage is greater than specified by vmax
OSDI(debug) n.xdut.xr2n11.nr1: WARNING: V(i2,c) voltage is greater than specified by vmax
OSDI(debug) n.xdut.xr2n10.nr1: WARNING: V(i1,c) voltage is greater than specified by vmax
OSDI(debug) n.xdut.xr2n10.nr1: WARNING: V(i2,c) voltage is greater than specified by vmax
OSDI(debug) n.xdut.xr2n9.nr1: WARNING: V(i1,c) voltage is greater than specified by vmax
OSDI(debug) n.xdut.xr2n9.nr1: WARNING: V(i2,c) voltage is greater than specified by vmax
OSDI(debug) n.xdut.xr2n8.nr1: WARNING: V(i1,c) voltage is greater than specified by vmax
OSDI(debug) n.xdut.xr2n8.nr1: WARNING: V(i2,c) voltage is greater than specified by vmax
OSDI(debug) n.xdut.xr2n7.nr1: WARNING: V(i1,c) voltage is greater than specified by vmax
OSDI(debug) n.xdut.xr2n7.nr1: WARNING: V(i2,c) voltage is greater than specified by vmax
OSDI(debug) n.xdut.xr2n6.nr1: WARNING: V(i1,c) voltage is greater than specified by vmax
OSDI(debug) n.xdut.xr2n6.nr1: WARNING: V(i2,c) voltage is greater than specified by vmax
OSDI(debug) n.xdut.xr2n5.nr1: WARNING: V(i1,c) voltage is greater than specified by vmax
OSDI(debug) n.xdut.xr2n5.nr1: WARNING: V(i2,c) voltage is greater than specified by vmax
OSDI(debug) n.xdut.xr2n4.nr1: WARNING: V(i1,c) voltage is greater than specified by vmax
OSDI(debug) n.xdut.xr2n4.nr1: WARNING: V(i2,c) voltage is greater than specified by vmax
OSDI(debug) n.xdut.xr2n3.nr1: WARNING: V(i1,c) voltage is greater than specified by vmax
OSDI(debug) n.xdut.xr2n3.nr1: WARNING: V(i2,c) voltage is greater than specified by vmax
OSDI(debug) n.xdut.xr2n2.nr1: WARNING: V(i1,c) voltage is greater than specified by vmax
OSDI(debug) n.xdut.xr2n2.nr1: WARNING: V(i2,c) voltage is greater than specified by vmax
OSDI(debug) n.xdut.xr2n1.nr1: WARNING: V(i1,c) voltage is greater than specified by vmax
OSDI(debug) n.xdut.xr2n1.nr1: WARNING: V(i2,c) voltage is greater than specified by vmax
OSDI(debug) n.xdut.xr2n0.nr1: WARNING: V(i2,c) voltage is greater than specified by vNote: Starting dynamic gmin stepping
Warning: singular matrix:  check node sub!

Warning: Dynamic gmin stepping failed
Note: Starting true gmin stepping
Warning: singular matrix:  check node sub!

Warning: singular matrix:  check node sub!

Warning: singular matrix:  check node sub!

Warning: singular matrix:  check node sub!

Warning: singular matrix:  check node sub!

Warning: True gmin stepping failed
Note: Starting source stepping
Warning: source stepping failed
Note: Transient op started
Note: Transient op finished successfully
max
OSDI(debug) n.xrl2.nr1: WARNING: V(i1,c) voltage is greater than specified by vmax
OSDI(debug) n.xrl1.nr1: WARNING: V(i2,c) voltage is greater than specified by vmax
OSDI(debug) n.xdut.xota.xrz.nr1: WARNING: V(i1,c) voltage is greater than specified by vmax
OSDI(debug) n.xdut.xota.xrz.nr1: WARNING: V(i2,c) voltage is greater than specified by vmax
OSDI(debug) n.xdut.xr2n18.nr1: WARNING: V(i1,c) voltage is greater than specified by vmax
OSDI(debug) n.xdut.xr2n17.nr1: WARNING: V(i1,c) voltage is greater than specified by vmax
OSDI(debug) n.xdut.xr2n17.nr1: WARNING: V(i2,c) voltage is greater than specified by vmax
OSDI(debug) n.xdut.xr2n16.nr1: WARNING: V(i1,c) voltage is greater than specified by vmax
OSDI(debug) n.xdut.xr2n16.nr1: WARNING: V(i2,c) voltage is greater than specified by vmax
OSDI(debug) n.xdut.xr2n15.nr1: WARNING: V(i1,c) voltage is greater than specified by vmax
OSDI(debug) n.xdut.xr2n15.nr1: WARNING: V(i2,c) voltage is greater than specified by vmax
OSDI(debug) n.xdut.xr2n14.nr1: WARNING: V(i1,c) voltage is greater than specified by vmax
OSDI(debug) n.xdut.xr2n14.nr1: WARNING: V(i2,c) voltage is greater than specified by vmax
OSDI(debug) n.xdut.xr2n13.nr1: WARNING: V(i1,c) voltage is greater than specified by vmax
OSDI(debug) n.xdut.xr2n13.nr1: WARNING: V(i2,c) voltage is greater than specified by vmax
OSDI(debug) n.xdut.xr2n12.nr1: WARNING: V(i1,c) voltage is greater than specified by vmax
OSDI(debug) n.xdut.xr2n12.nr1: WARNING: V(i2,c) voltage is greater than specified by vmax
OSDI(debug) n.xdut.xr2n11.nr1: WARNING: V(i1,c) voltage is greater than specified by vmax
OSDI(debug) n.xdut.xr2n11.nr1: WARNING: V(i2,c) voltage is greater than specified by vmax
OSDI(debug) n.xdut.xr2n10.nr1: WARNING: V(i1,c) voltage is greater than specified by vmax
OSDI(debug) n.xdut.xr2n10.nr1: WARNING: V(i2,c) voltage is greater than specified by vmax
OSDI(debug) n.xdut.xr2n9.nr1: WARNING: V(i1,c) voltage is greater than specified by vmax
OSDI(debug) n.xdut.xr2n9.nr1: WARNING: V(i2,c) voltage is greater than specified by vmax
OSDI(debug) n.xdut.xr2n8.nr1: WARNING: V(i1,c) voltage is greater than specified by vmax
OSDI(debug) n.xdut.xr2n8.nr1: WARNING: V(i2,c) voltage is greater than specified by vmax
OSDI(debug) n.xdut.xr2n7.nr1: WARNING: V(i2,c) voltage is greater than specified by vmax
OSDI(debug) n.xdut.xr2n5.nr1: WARNING: V(i1,c) voltage is greater than specified by vmax
OSDI(debug) n.xdut.xr2n4.nr1: WARNING: V(i1,c) voltage is greater than specified by vmax
OSDI(debug) n.xdut.xr2n4.nr1: WARNING: V(i2,c) voltage is greater than specified by vmax
OSDI(debug) n.xdut.xr2n3.nr1: WARNING: V(i1,c) voltage is greater than specified by vmax
OSDI(debug) n.xdut.xr2n3.nr1: WARNING: V(i2,c) voltage is greater than specified by vmax
OSDI(debug) n.xdut.xr2n2.nr1: WARNING: V(i1,c) voltage is greater than specified by vmax
OSDI(debug) n.xdut.xr2n2.nr1: WARNING: V(i2,c) voltage is greater than specified by vmax
OSDI(debug) n.xdut.xr2n1.nr1: WARNING: V(i1,c) voltage is greater than specified by vmax
OSDI(debug) n.xdut.xr2n1.nr1: WARNING: V(i2,c) voltage is greater than specified by vmax
OSDI(debug) n.xdut.xr2n0.nr1: WARNING: V(i1,c) voltage is greater than specified by vmax
OSDI(debug) n.xdut.xr2n0.nr1: WARNING: V(i2,c) voltage is greater than specified by vmax
OSDI(debug) n.xdut.xr1n0.nr1: WARNING: V(i2,c) voltage is greater than specified by vmax
 Reference value :  0.00000e+00Warning: singular matrix:  check node xdut.xota.sub!

Note: Starting dynamic gmin stepping
Warning: singular matrix:  check node xdut.xota.sub!

Warning: Dynamic gmin stepping failed
Note: Starting true gmin stepping
Warning: singular matrix:  check node xdut.xota.sub!

Warning: singular matrix:  check node xdut.xota.sub!

Warning: singular matrix:  check node xdut.xota.sub!

Warning: singular matrix:  check node xdut.xota.sub!

Warning: True gmin stepping failed
Note: Starting source stepping
Warning: source stepping failed
Note: Transient op started
Note: Transient op finished successfully

No. of Data Rows : 1
MCB 10  vos_tot_cm0.3= 0.00404039
Reset re-loads circuit * g1_sense monte carlo: input-referred offset, mismatch models (mos lv+hv, rppd), 200 samples

Circuit: * g1_sense monte carlo: input-referred offset, mismatch models (mos lv+hv, rppd), 200 samples

Doing analysis at TEMP = 27.000000 and TNOM = 27.000000

Using SPARSE 1.3 as Direct Linear Solver
 Reference value :  0.00000e+00
No. of Data Rows : 1
MCA 11  vos_tot_cm0= 0.00450031  vos_ota= -0.00395917  vped= 1.00374
Doing analysis at TEMP = 27.000000 and TNOM = 27.000000

Using SPARSE 1.3 as Direct Linear Solver
OSDI(debug) n.xdut.xbuf.xrz.nr1: WARNING: V(i2,c) voltage is greater than specified by vmax
OSDI(debug) n.xdut.xbuf.xrz.nr1: WARNING: V(i2,c) voltage is greater than specified by vmax
OSDI(debug) n.xdut.xbuf.xrz.nr1: WARNING: V(i2,c) voltage is greater than specified by vmax
OSDI(debug) n.xdut.xbuf.xrz.nr1: WARNING: V(i2,c) voltage is greater than specified by vmax
OSDI(debug) n.xdut.xbuf.xrz.nr1: WARNING: V(i2,c) voltage is greater than specified by vmax
OSDI(debug) n.xdut.xbuf.xrz.nr1: WARNING: V(i2,c) voltage is greater than specified by vmax
OSDI(debug) n.xdut.xbuf.xrz.nr1: WARNING: V(i2,c) voltage is greater than specified by vmax
OSDI(debug) n.xdut.xbuf.xrz.nr1: WARNING: V(i2,c) voltage is greater than specified by vmax
OSDI(debug) n.xdut.xbuf.xrz.nr1: WARNING: V(i2,c) voltage is greater than specified by vmax
OSDI(debug) n.xdut.xbuf.xrz.nr1: WARNING: V(i2,c) voltage is greater than specified by vmax
OSDI(debug) n.xdut.xbuf.xrz.nr1: WARNING: V(i2,c) voltage is greater than specified by vmax
OSDI(debug) n.xdut.xbuf.xrz.nr1: WARNING: V(i2,c) voltage is greater than specified by vmax
OSDI(debug) n.xdut.xbuf.xrz.nr1: WARNING: V(i2,c) voltage is greater than specified by vmax
OSDI(debug) n.xdut.xbuf.xrz.nr1: WARNING: V(i2,c) voltage is greater than specified by vmax
OSDI(debug) n.xdut.xbuf.xrz.nr1: WARNING: V(i2,c) voltage is greater than specified by vmax
OSDI(debug) n.xdut.xbuf.xrz.nr1: WARNING: V(i2,c) voltage is greater than specified by vmax
OSDI(debug) n.xdut.xbuf.xrz.nr1: WARNING: V(i2,c) voltage is greater than specified by vmax
OSDI(debug) n.xdut.xbuf.xrz.nr1: WARNING: V(i2,c) voltage is greater than specified by vmax
OSDI(debug) n.xdut.xbuf.xrz.nr1: WARNING: V(i2,c) voltage is greater than specified by vmax
OSDI(debug) n.xdut.xbuf.xrz.nr1: WARNING: V(i2,c) voltage is greater than specified by vmax
OSDI(debug) n.xdut.xbuf.xrz.nr1: WARNING: V(i2,c) voltage is greater than specified by vmax
OSDI(debug) n.xdut.xbuf.xrz.nr1: WARNING: V(i2,c) voltage is greater than specified by vmax
OSDI(debug) n.xdut.xbuf.xrz.nr1: WARNING: V(i2,c) voltage is greater than specified by vmax
OSDI(debug) n.xdut.xbuf.xrz.nr1: WARNING: V(i2,c) voltage is greater than specified by vmax
OSDI(debug) n.xdut.xbuf.xrz.nr1: WARNING: V(i2,c) voltage is greater than specified by vmax
OSDI(debug) n.xdut.xbuf.xrz.nr1: WARNING: V(i2,c) voltage is greater than specified by vmax
OSDI(debug) n.xdut.xbuf.xrz.nr1: WARNING: V(i2,c) voltage is greater than specified by vmax
OSDI(debug) n.xdut.xbuf.xrz.nr1: WARNING: V(i2,c) voltage is greater than specified by vmax
OSDI(debug) n.xdut.xbuf.xrz.nr1: WARNING: V(i2,c) voltage is greater than specified by vmax
OSDI(debug) n.xdut.xbuf.xrz.nr1: WARNING: V(i2,c) voltage is greater than specified by vmax
OSDI(debug) n.xdut.xbuf.xrz.nr1: WARNING: V(i2,c) voltage is greater than specified by vmax
OSDI(debug) n.xdut.xbuf.xrz.nr1: WARNING: V(i2,c) voltage is greater than specified by vmax
OSDI(debug) n.xdut.xbuf.xrz.nr1: WARNING: V(i2,c) voltage is greater than specified by vmax
OSDI(debug) n.xdut.xbuf.xrz.nr1: WARNING: V(i2,c) voltage is greater than specified by vmax
OSDI(debug) n.xdut.xbuf.xrz.nr1: WARNING: V(i2,c) voltage is greater than specified by vmax
OSDI(debug) n.xdut.xbuf.xrz.nr1: WARNING: V(i2,c) voltage is greater than specified by vmax
OSDI(debug) n.xdut.xbuf.xrz.nr1: WARNING: V(i2,c) voltage is greater than specified by vmax
OSDI(debug) n.xdut.xbuf.xrz.nr1: WARNING: V(i2,c) voltage is greater than specified by vmax
OSDI(debug) n.xdut.xbuf.xrz.nr1: WARNING: V(i2,c) voltage is greater than specified by vmax
OSDI(debug) n.xdut.xbuf.xrz.nr1: WARNING: V(i2,c) voltage is greater than specified by vmax
OSDI(debug) n.xdut.xbuf.xrz.nr1: WARNING: V(i2,c) voltage is greater than specified by vmax
OSDI(debug) n.xdut.xbuf.xrz.nr1: WARNING: V(i2,c) voltage is greater than specified by vmax
OSDI(debug) n.xdut.xbuf.xrz.nr1: WARNING: V(i2,c) voltage is greater than specified by vmax
OSDI(debug) n.xdut.xbuf.xrz.nr1: WARNING: V(i2,c) voltage is greater than specified by vmax
OSDI(debug) n.xdut.xbuf.xrz.nr1: WARNING: V(i2,c) voltage is greater than specified by vmax
OSDI(debug) n.xdut.xbuf.xrz.nr1: WARNING: V(i2,c) voltage is greater than specified by vmax
OSDI(debug) n.xrl2.nr1: WARNING: V(i1,c) voltage is greater than specified by vmax
OSDI(debug) n.xrl1.nr1: WARNING: V(i2,c) voltage is greater than specified by vmax
OSDI(debug) n.xdut.xbuf.xrz.nr1: WARNING: V(i2,c) voltage is greater than specified by vmax
OSDI(debug) n.xdut.xr2n0.nr1: WARNING: V(i1,c) voltage is greater than specified by vmax
OSDI(debug) n.xdut.xr1n0.nr1: WARNING: V(i2,c) voltage is greater than specified by vmax
OSDI(debug) n.xrl2.nr1: WARNING: V(i1,c) voltage is greater than specified by vmax
OSDI(debug) n.xrl1.nr1: WARNING: V(i2,c) voltage is greater than specified by vmax
OSDI(debug) n.xdut.xbuf.xrz.nr1: WARNING: V(i2,c) voltage is greater than specified by vmax
OSDI(debug) n.xdut.xr2n0.nr1: WARNING: V(i1,c) voltage is greater than specified by vmax
OSDI(debug) n.xdut.xr1n0.nr1: WARNING: V(i2,c) voltage is greater than specified by vmax
OSDI(debug) n.xrl2.nr1: WARNING: V(i1,c) voltage is greater than specified by vmax
OSDI(debug) n.xrl1.nr1: WARNING: V(i2,c) voltage is greater than specified by vmax
OSDI(debug) n.xdut.xbuf.xrz.nr1: WARNING: V(i2,c) voltage is greater than specified by vmax
OSDI(debug) n.xdut.xr2n0.nr1: WARNING: V(i1,c) voltage is greater than specified by vmax
OSDI(debug) n.xdut.xr1n0.nr1: WARNING: V(i2,c) voltage is greater than specified by vmax
OSDI(debug) n.xrl2.nr1: WARNING: V(i1,c) voltage is greater than specified by vmax
OSDI(debug) n.xrl1.nr1: WARNING: V(i2,c) voltage is greater than specified by vmax
OSDI(debug) n.xdut.xbuf.xrz.nr1: WARNING: V(i2,c) voltage is greater than specified by vmax
OSDI(debug) n.xdut.xota.xrz.nr1: WARNING: V(i1,c) voltage is greater than specified by vmax
OSDI(debug) n.xdut.xr2n19.nr1: WARNING: V(i1,c) voltage is greater than specified by vmax
OSDI(debug) n.xdut.xr2n18.nr1: WARNING: V(i2,c) voltage is greater than specified by vmax
OSDI(debug) n.xdut.xr2n16.nr1: WARNING: V(i1,c) voltage is greater than specified by vmax
OSDI(debug) n.xdut.xr2n15.nr1: WARNING: V(i1,c) voltage is greater than specified by vmax
OSDI(debug) n.xdut.xr2n15.nr1: WARNING: V(i2,c) voltage is greater than specified by vmax
OSDI(debug) n.xdut.xr2n14.nr1: WARNING: V(i1,c) voltage is greater than specified by vmax
OSDI(debug) n.xdut.xr2n14.nr1: WARNING: V(i2,c) voltage is greater than specified by vmax
OSDI(debug) n.xdut.xr2n13.nr1: WARNING: V(i1,c) voltage is greater than specified by vmax
OSDI(debug) n.xdut.xr2n13.nr1: WARNING: V(i2,c) voltage is greater than specified by vmax
OSDI(debug) n.xdut.xr2n12.nr1: WARNING: V(i2,c) voltage is greater than specified by vmax
OSDI(debug) n.xdut.xr2n11.nr1: WARNING: V(i1,c) voltage is greater than specified by vmax
OSDI(debug) n.xdut.xr2n10.nr1: WARNING: V(i2,c) voltage is greater than specified by vmax
OSDI(debug) n.xdut.xr2n9.nr1: WARNING: V(i1,c) voltage is greater than specified by vmax
OSDI(debug) n.xdut.xr2n8.nr1: WARNING: V(i2,c) voltage is greater than specified by vmax
OSDI(debug) n.xdut.xr2n6.nr1: WARNING: V(i1,c) voltage is greater than specified by vmax
OSDI(debug) n.xdut.xr2n5.nr1: WARNING: V(i1,c) voltage is greater than specified by vmax
OSDI(debug) n.xdut.xr2n5.nr1: WARNING: V(i2,c) voltage is greater than specified by vmax
OSDI(debug) n.xdut.xr2n4.nr1: WARNING: V(i2,c) voltage is greater than specified by vmax
OSDI(debug) n.xdut.xr2n3.nr1: WARNING: V(i1,c) voltage is greater than specified by vmax
OSDI(debug) n.xdut.xr2n2.nr1: WARNING: V(i1,c) voltage is greater than specified by vmax
OSDI(debug) n.xdut.xr2n2.nr1: WARNING: V(i2,c) voltage is greater than specified by vmax
OSDI(debug) n.xdut.xr2n1.nr1: WARNING: V(i1,c) voltage is greater than specified by vmax
OSDI(debug) n.xdut.xr2n1.nr1: WARNING: V(i2,c) voltage is greater than specified by vmax
OSDI(debug) n.xdut.xr2n0.nr1: WARNING: V(i1,c) voltage is greater than specified by vmax
OSDI(debug) n.xdut.xr1n0.nr1: WARNING: V(i2,c) voltage is greater than specified by vmax
OSDI(debug) n.xdut.xr2n0.nr1: WARNING: V(i2,c) voltage is greater than specified by vmax
OSDI(debug) n.xrl2.nr1: WARNING: V(i1,c) voltage is greater than specified by vmax
OSDI(debug) n.xrl1.nr1: WARNING: V(i2,c) voltage is greater than specified by vmax
OSDI(debug) n.xdut.xbuf.xrz.nr1: WARNING: V(i2,c) voltage is greater than specified by vmax
OSDI(debug) n.xdut.xota.xrz.nr1: WARNING: V(i2,c) voltage is greater than specified by vmax
OSDI(debug) n.xdut.xr2n19.nr1: WARNING: V(i1,c) voltage is greater than specified by vmax
OSDI(debug) n.xdut.xr2n18.nr1: WARNING: V(i1,c) voltage is greater than specified by vmax
OSDI(debug) n.xdut.xr2n18.nr1: WARNING: V(i2,c) voltage is greater than specified by vmax
OSDI(debug) n.xdut.xr2n17.nr1: WARNING: V(i1,c) voltage is greater than specified by vmax
OSDI(debug) n.xdut.xr2n17.nr1: WARNING: V(i2,c) voltage is greater than specified by vmax
OSDI(debug) n.xdut.xr2n16.nr1: WARNING: V(i1,c) voltage is greater than specified by vmax
OSDI(debug) n.xdut.xr2n16.nr1: WARNING: V(i2,c) voltage is greater than specified by vmax
OSDI(debug) n.xdut.xr2n15.nr1: WARNING: V(i1,c) voltage is greater than specified by vmax
OSDI(debug) n.xdut.xr2n15.nr1: WARNING: V(i2,c) voltage is greater than specified by vmax
OSDI(debug) n.xdut.xr2n14.nr1: WARNING: V(i1,c) voltage is greater than specified by vmax
OSDI(debug) n.xdut.xr2n14.nr1: WARNING: V(i2,c) voltage is greater than specified by vmax
OSDI(debug) n.xdut.xr2n13.nr1: WARNING: V(i1,c) voltage is greater than specified by vmax
OSDI(debug) n.xdut.xr2n13.nr1: WARNING: V(i2,c) voltage is greater than specified by vmax
OSDI(debug) n.xdut.xr2n12.nr1: WARNING: V(i1,c) voltage is greater than specified by vmax
OSDI(debug) n.xdut.xr2n12.nr1: WARNING: V(i2,c) voltage is greater than specified by vmax
OSDI(debug) n.xdut.xr2n11.nr1: WARNING: V(i2,c) voltage is greater than specified by vmax
OSDI(debug) n.xdut.xr2n10.nr1: WARNING: V(i1,c) voltage is greater than specified by vmax
OSDI(debug) n.xdut.xr2n9.nr1: WARNING: V(i1,c) voltage is greater than specified by vmax
OSDI(debug) n.xdut.xr2n9.nr1: WARNING: V(i2,c) voltage is greater than specified by vmax
OSDI(debug) n.xdut.xr2n8.nr1: WARNING: V(i1,c) voltage is greater than specified by vmax
OSDI(debug) n.xdut.xr2n8.nr1: WARNING: V(i2,c) voltage is greater than specified by vmax
OSDI(debug) n.xdut.xr2n7.nr1: WARNING: V(i1,c) voltage is greater than specified by vmax
OSDI(debug) n.xdut.xr2n7.nr1: WARNING: V(i2,c) voltage is greater than specified by vmax
OSDI(debug) n.xdut.xr2n6.nr1: WARNING: V(i1,c) voltage is greater than specified by vmax
OSDI(debug) n.xdut.xr2n6.nr1: WARNING: V(i2,c) voltage is greater than specified by vmax
OSDI(debug) n.xdut.xr2n5.nr1: WARNING: V(i1,c) voltage is greater than specified by vmax
OSDI(debug) n.xdut.xr2n5.nr1: WARNING: V(i2,c) voltage is greater than specified by vmax
OSDI(debug) n.xdut.xr2n4.nr1: WARNING: V(i2,c) voltage is greater than specified by vmax
OSDI(debug) n.xdut.xr2n3.nr1: WARNING: V(i1,c) voltage is greater than specified by vmax
OSDI(debug) n.xdut.xr2n2.nr1: WARNING: V(i1,c) voltage is greater than specified by vmax
OSDI(debug) n.xdut.xr2n2.nr1: WARNING: V(i2,c) voltage is greater than specified by vmax
OSDI(debug) n.xdut.xr2n1.nr1: WARNING: V(i1,c) voltage is greater than specified by vmax
OSDI(debug) n.xdut.xr2n1.nr1: WARNING: V(i2,c) voltage is greater than specified by vmax
OSDI(debug) n.xdut.xr2n0.nr1: WARNING: V(i1,c) voltage is greater than specified by vmax
OSDI(debug) n.xdut.xr2n0.nr1: WARNING: V(i2,c) voltage is greater than specified by vmax
OSDI(debug) n.xdut.xr1n0.nr1: WARNING: V(i2,c) voltage is greater than specified by vmax
OSDI(debug) n.xrl2.nr1: WARNING: V(i1,c) voltage is greater than specified by vmax
OSDI(debug) n.xrl1.nr1: WARNING: V(i2,c) voltage is greater than specified by vmax
OSDI(debug) n.xdut.xbuf.xrz.nr1: WARNING: V(i2,c) voltage is greater than specified by vmax
OSDI(debug) n.xdut.xota.xrz.nr1: WARNING: V(i2,c) voltage is greater than specified by vmax
OSDI(debug) n.xdut.xr2n19.nr1: WARNING: V(i1,c) voltage is greater than specified by vmax
OSDI(debug) n.xdut.xr2n12.nr1: WARNING: V(i1,c) voltage is greater than specified by vmax
OSDI(debug) n.xdut.xr2n12.nr1: WARNING: V(i2,c) voltage is greater than specified by vmax
OSDI(debug) n.xdut.xr2n11.nr1: WARNING: V(i1,c) voltage is greater than specified by vmax
OSDI(debug) n.xdut.xr2n11.nr1: WARNING: V(i2,c) voltage is greater than specified by vmax
OSDI(debug) n.xdut.xr2n10.nr1: WARNING: V(i1,c) voltage is greater than specified by vmax
OSDI(debug) n.xdut.xr2n10.nr1: WARNING: V(i2,c) voltage is greater than specified by vmax
OSDI(debug) n.xdut.xr2n9.nr1: WARNING: V(i1,c) voltage is greater than specified by vmax
OSDI(debug) n.xdut.xr2n9.nr1: WARNING: V(i2,c) voltage is greater than specified by vmax
OSDI(debug) n.xdut.xr2n8.nr1: WARNING: V(i1,c) voltage is greater than specified by vmax
OSDI(debug) n.xdut.xr2n8.nr1: WARNING: V(i2,c) voltage is greater than specified by vmax
OSDI(debug) n.xdut.xr2n7.nr1: WARNING: V(i1,c) voltage is greater than specified by vmax
OSDI(debug) n.xdut.xr2n7.nr1: WARNING: V(i2,c) voltage is greater than specified by vmax
OSDI(debug) n.xdut.xr2n6.nr1: WARNING: V(i1,c) voltage is greater than specified by vmax
OSDI(debug) n.xdut.xr2n6.nr1: WARNING: V(i2,c) voltage is greater than specified by vmax
OSDI(debug) n.xdut.xr2n5.nr1: WARNING: V(i1,c) voltage is greater than specified by vmax
OSDI(debug) n.xdut.xr2n5.nr1: WARNING: V(i2,c) voltage is greater than specified by vmax
OSDI(debug) n.xdut.xr2n4.nr1: WARNING: V(i2,c) voltage is greater than specified by vmax
OSDI(debug) n.xdut.xr2n3.nr1: WARNING: V(i1,c) voltage is greater than specified by vmax
OSDI(debug) n.xdut.xr2n2.nr1: WARNING: V(i1,c) voltage is greater than specified by vmax
OSDI(debug) n.xdut.xr2n2.nr1: WARNING: V(i2,c) voltage is greater than specified by vmax
OSDI(debug) n.xdut.xr2n1.nr1: WARNING: V(i1,c) voltage is greater than specified by vmax
OSDI(debug) n.xdut.xr2n1.nr1: WARNING: V(i2,c) voltage is greater than specified by vmax
OSDI(debug) n.xdut.xr2n0.nr1: WARNING: V(i1,c) voltage is greater than specified by vmax
OSDI(debug) n.xdut.xr2n0.nr1: WARNING: V(i2,c) voltage is greater than specified by vmax
OSDI(debug) n.xdut.xr1n0.nr1: WARNING: V(i2,c) voltage is greater than specified by vmax
OSDI(debug) n.xdut.xr2n18.nr1: WARNING: V(i1,c) voltage is greater than specified by vmax
OSDI(debug) n.xdut.xr2n18.nr1: WARNING: V(i2,c) voltage is greater than specified by vmax
OSDI(debug) n.xdut.xr2n17.nr1: WARNING: V(i2,c) voltage is greater than specified by vmax
OSDI(debug) n.xdut.xr2n16.nr1: WARNING: V(i1,c) voltage is greater than specified by vmax
OSDI(debug) n.xdut.xr2n15.nr1: WARNING: V(i1,c) voltage is greater than specified by vmax
OSDI(debug) n.xdut.xr2n15.nr1: WARNING: V(i2,c) voltage is greater than specified by vmax
OSDI(debug) n.xdut.xr2n14.nr1: WARNING: V(i1,c) voltage is greater than specified by vmax
OSDI(debug) n.xdut.xr2n14.nr1: WARNING: V(i2,c) voltage is greater than specified by vmax
OSDI(debug) n.xdut.xr2n13.nr1: WARNING: V(i1,c) voltage is greater than specified by vmax
OSDI(debug) n.xdut.xr2n13.nr1: WARNING: V(i2,c) voltage is greater than specified by vmax
OSDI(debug) n.xrl2.nr1: WARNING: V(i1,c) voltage is greater than specified by vmax
OSDI(debug) n.xrl1.nr1: WARNING: V(i2,c) voltage is greater than specified by vmax
OSDI(debug) n.xdut.xbuf.xrz.nr1: WARNING: V(i2,c) voltage is greater than specified by vmax
OSDI(debug) n.xdut.xr2n19.nr1: WARNING: V(i1,c) voltage is greater than specified by vmax
OSDI(debug) n.xdut.xr2n18.nr1: WARNING: V(i1,c) voltage is greater than specified by vmax
OSDI(debug) n.xdut.xr2n18.nr1: WARNING: V(i2,c) voltage is greater than specified by vmax
OSDI(debug) n.xdut.xr2n17.nr1: WARNING: V(i2,c) voltage is greater than specified by vmax
OSDI(debug) n.xdut.xr2n16.nr1: WARNING: V(i1,c) voltage is greater than specified by vmax
OSDI(debug) n.xdut.xr2n15.nr1: WARNING: V(i1,c) voltage is greater than specified by vmax
OSDI(debug) n.xdut.xr2n15.nr1: WARNING: V(i2,c) voltage is greater than specified by vmax
OSDI(debug) n.xdut.xr2n14.nr1: WARNING: V(i1,c) voltage is greater than specified by vmax
OSDI(debug) n.xdut.xr2n14.nr1: WARNING: V(i2,c) voltage is greater than specified by vmax
OSDI(debug) n.xdut.xr2n7.nr1: WARNING: V(i1,c) voltage is greater than specified by vmax
OSDI(debug) n.xdut.xr2n7.nr1: WARNING: V(i2,c) voltage is greater than specified by vmax
OSDI(debug) n.xdut.xr2n6.nr1: WARNING: V(i1,c) voltage is greater than specified by vmax
OSDI(debug) n.xdut.xr2n6.nr1: WARNING: V(i2,c) voltage is greater than specified by vmax
OSDI(debug) n.xdut.xr2n5.nr1: WARNING: V(i1,c) voltage is greater than specified by vmax
OSDI(debug) n.xdut.xr2n5.nr1: WARNING: V(i2,c) voltage is greater than specified by vmax
OSDI(debug) n.xdut.xr2n4.nr1: WARNING: V(i1,c) voltage is greater than specified by vmax
OSDI(debug) n.xdut.xr2n4.nr1: WARNING: V(i2,c) voltage is greater than specified by vmax
OSDI(debug) n.xdut.xr2n3.nr1: WARNING: V(i1,c) voltage is greater than specified by vmax
OSDI(debug) n.xdut.xr2n3.nr1: WARNING: V(i2,c) voltage is greater than specified by vmax
OSDI(debug) n.xdut.xr2n2.nr1: WARNING: V(i1,c) voltage is greater than specified by vmax
OSDI(debug) n.xdut.xr2n2.nr1: WARNING: V(i2,c) voltage is greater than specified by vmax
OSDI(debug) n.xdut.xr2n1.nr1: WARNING: V(i2,c) voltage is greater than specified by vmax
OSDI(debug) n.xdut.xr2n0.nr1: WARNING: V(i1,c) voltage is greater than specified by vmax
OSDI(debug) n.xdut.xr1n0.nr1: WARNING: V(i2,c) voltage is greater than specified by vmax
OSDI(debug) n.xdut.xr2n13.nr1: WARNING: V(i1,c) voltage is greater than specified by vmax
OSDI(debug) n.xdut.xr2n13.nr1: WARNING: V(i2,c) voltage is greater than specified by vmax
OSDI(debug) n.xdut.xr2n12.nr1: WARNING: V(i1,c) voltage is greater than specified by vmax
OSDI(debug) n.xdut.xr2n12.nr1: WARNING: V(i2,c) voltage is greater than specified by vmax
OSDI(debug) n.xdut.xr2n11.nr1: WARNING: V(i1,c) voltage is greater than specified by vmax
OSDI(debug) n.xdut.xr2n11.nr1: WARNING: V(i2,c) voltage is greater than specified by vmax
OSDI(debug) n.xdut.xr2n10.nr1: WARNING: V(i1,c) voltage is greater than specified by vmax
OSDI(debug) n.xdut.xr2n10.nr1: WARNING: V(i2,c) voltage is greater than specified by vmax
OSDI(debug) n.xdut.xr2n9.nr1: WARNING: V(i1,c) voltage is greater than specified by vmax
OSDI(debug) n.xdut.xr2n9.nr1: WARNING: V(i2,c) voltage is greater than specified by vmax
OSDI(debug) n.xdut.xr2n8.nr1: WARNING: V(i1,c) voltage is greater than specified by vmax
OSDI(debug) n.xdut.xr2n8.nr1: WARNING: V(i2,c) voltage is greater than specified by vmax
OSDI(debug) n.xrl2.nr1: WARNING: V(i1,c) voltage is greater than specified by vmax
OSDI(debug) n.xrl1.nr1: WARNING: V(i2,c) voltage is greater than specified by vmax
OSDI(debug) n.xdut.xbuf.xrz.nr1: WARNING: V(i2,c) voltage is greater than specified by vmax
OSDI(debug) n.xdut.xr2n19.nr1: WARNING: V(i1,c) voltage is greater than specified by vmax
OSDI(debug) n.xdut.xr2n18.nr1: WARNING: V(i1,c) voltage is greater than specified by vmax
OSDI(debug) n.xdut.xr2n18.nr1: WARNING: V(i2,c) voltage is greater than specified by vmax
OSDI(debug) n.xdut.xr2n17.nr1: WARNING: V(i1,c) voltage is greater than specified by vmax
OSDI(debug) n.xdut.xr2n17.nr1: WARNING: V(i2,c) voltage is greater than specified by vmax
OSDI(debug) n.xdut.xr2n16.nr1: WARNING: V(i1,c) voltage is greater than specified by vmax
OSDI(debug) n.xdut.xr2n16.nr1: WARNING: V(i2,c) voltage is greater than specified by vmax
OSDI(debug) n.xdut.xr2n15.nr1: WARNING: V(i1,c) voltage is greater than specified by vmax
OSDI(debug) n.xdut.xr2n15.nr1: WARNING: V(i2,c) voltage is greater than specified by vmax
OSDI(debug) n.xdut.xr2n14.nr1: WARNING: V(i1,c) voltage is greater than specified by vmax
OSDI(debug) n.xdut.xr2n14.nr1: WARNING: V(i2,c) voltage is greater than specified by vmax
OSDI(debug) n.xdut.xr2n13.nr1: WARNING: V(i1,c) voltage is greater than specified by vmax
OSDI(debug) n.xdut.xr2n13.nr1: WARNING: V(i2,c) voltage is greater than specified by vmax
OSDI(debug) n.xdut.xr2n12.nr1: OSDI(debug) n.xdut.xr2n11.nr1: WARNING: V(i1,c) voltage is greater than specified by vmax
OSDI(debug) n.xdut.xr2n11.nr1: WARNING: V(i2,c) voltage is greater than specified by vmax
OSDI(debug) n.xdut.xr2n4.nr1: WARNING: V(i2,c) voltage is greater than specified by vmax
OSDI(debug) n.xdut.xr2n3.nr1: WARNING: V(i1,c) voltage is greater than specified by vmax
OSDI(debug) n.xdut.xr2n2.nr1: WARNING: V(i1,c) voltage is greater than specified by vmax
OSDI(debug) n.xdut.xr2n2.nr1: WARNING: V(i2,c) voltage is greater than specified by vmax
OSDI(debug) n.xdut.xr2n1.nr1: WARNING: V(i2,c) voltage is greater than specified by vmax
OSDI(debug) n.xdut.xr2n0.nr1: WARNING: V(i1,c) voltage is greater than specified by vmax
OSDI(debug) n.xdut.xr1n0.nr1: WARNING: V(i2,c) voltage is greater than specified by vmax
OSDI(debug) n.xdut.xr2n10.nr1: WARNING: V(i1,c) voltage is greater than specified by vmax
OSDI(debug) n.xdut.xr2n10.nr1: WARNING: V(i2,c) voltage is greater than specified by vmax
OSDI(debug) n.xdut.xr2n9.nr1: WARNING: V(i1,c) voltage is greater than specified by vmax
OSDI(debug) n.xdut.xr2n9.nr1: WARNING: V(i2,c) voltage is greater than specified by vmax
OSDI(debug) n.xdut.xr2n8.nr1: WARNING: V(i1,c) voltage is greater than specified by vmax
OSDI(debug) n.xdut.xr2n8.nr1: WARNING: V(i2,c) voltage is greater than specified by vmax
OSDI(debug) n.xdut.xr2n7.nr1: WARNING: V(i1,c) voltage is greater than specified by vmax
OSDI(debug) n.xdut.xr2n7.nr1: WARNING: V(i2,c) voltage is greater than specified by vmax
OSDI(debug) n.xdut.xr2n6.nr1: WARNING: V(i1,c) voltage is greater than specified by vmax
OSDI(debug) n.xdut.xr2n6.nr1: WARNING: V(i2,c) voltage is greater than specified by vmax
OSDI(debug) n.xdut.xr2n5.nr1: WARNING: V(i1,c) voltage is greater than specified by vmax
OSDI(debug) n.xdut.xr2n5.nr1: WARNING: V(i2,c) voltage is greater than specified by vmax
WARNING: V(i1,c) voltage is greater than specified by vmax
OSDI(debug) n.xdut.xr2n12.nr1: WARNING: V(i2,c) voltage is greater than specified by vmax
OSDI(debug) n.xrl2.nr1: WARNING: V(i1,c) voltage is greater than specified by vmax
OSDI(debug) n.xrl1.nr1: WARNING: V(i2,c) voltage is greater than specified by vmax
OSDI(debug) n.xdut.xbuf.xrz.nr1: WARNING: V(i2,c) voltage is greater than specified by vmax
OSDI(debug) n.xdut.xr2n19.nr1: WARNING: V(i1,c) voltage is greater than specified by vmax
OSDI(debug) n.xdut.xr2n18.nr1: WARNING: V(i1,c) voltage is greater than specified by vmax
OSDI(debug) n.xdut.xr2n18.nr1: WARNING: V(i2,c) voltage is greater than specified by vmax
OSDI(debug) n.xdut.xr2n17.nr1: WARNING: V(i2,c) voltage is greater than specified by vmax
OSDI(debug) n.xdut.xr2n16.nr1: WARNING: V(i1,c) voltage is greater than specified by vmax
OSDI(debug) n.xdut.xr2n15.nr1: WARNING: V(i1,c) voltage is greater than specified by vmax
OSDI(debug) n.xdut.xr2n15.nr1: WARNING: V(i2,c) voltage is greater than specified by vmax
OSDI(debug) n.xdut.xr2n14.nr1: WARNING: V(i1,c) voltage is greater than specified by vmax
OSDI(debug) n.xdut.xr2n14.nr1: WARNING: V(i2,c) voltage is greater than specified by vmax
OSDI(debug) n.xdut.xr2n13.nr1: WARNING: V(i1,c) voltage is greater than specified by vmax
OSDI(debug) n.xdut.xr2n13.nr1: WARNING: V(i2,c) voltage is greater than specified by vmax
OSDI(debug) n.xdut.xr2n12.nr1: WARNING: V(i1,c) voltage is greater than specified by vmax
OSDI(debug) n.xdut.xr2n12.nr1: WARNING: V(i2,c) voltage is greater than specified by vmax
OSDI(debug) n.xdut.xr2n11.nr1: WARNING: V(i1,c) voltage is greater than specified by vmax
OSDI(debug) n.xdut.xr2n11.nr1: WARNING: V(i2,c) voltage is greater than specified by vmax
OSDI(debug) n.xdut.xr2n10.nr1: WARNING: V(i1,c) voltage is greater than specified by vmax
OSDI(debug) n.xdut.xr2n10.nr1: WARNING: V(i2,c) voltage is greater than specified by vmax
OSDI(debug) n.xdut.xr2n9.nr1: WARNING: V(i1,c) voltage is greater than specified by vmax
OSDI(debug) n.xdut.xr2n9.nr1: WARNING: V(i2,c) voltage is greater than specified by vmax
OSDI(debug) n.xdut.xr2n8.nr1: WARNING: V(i1,c) voltage is greater than specified by vmax
OSDI(debug) n.xdut.xr2n8.nr1: OSDI(debug) n.xdut.xr2n7.nr1: WARNING: V(i1,c) voltage is greater than specified by vmax
OSDI(debug) n.xdut.xr2n7.nr1: WARNING: V(i2,c) voltage is greater than specified by vmax
OSDI(debug) n.xdut.xr2n0.nr1: WARNING: V(i1,c) voltage is greater than specified by vmax
OSDI(debug) n.xdut.xr2n0.nr1: WARNING: V(i2,c) voltage is greater than specified by vmax
OSDI(debug) n.xdut.xr1n0.nr1: WARNING: V(i2,c) voltage is greater than specified by vmax
OSDI(debug) n.xdut.xr2n6.nr1: WARNING: V(i1,c) voltage is greater than specified by vmax
OSDI(debug) n.xdut.xr2n6.nr1: WARNING: V(i2,c) voltage is greater than specified by vmax
OSDI(debug) n.xdut.xr2n5.nr1: WARNING: V(i1,c) voltage is greater than specified by vmax
OSDI(debug) n.xdut.xr2n5.nr1: WARNING: V(i2,c) voltage is greater than specified by vmax
OSDI(debug) n.xdut.xr2n4.nr1: WARNING: V(i1,c) voltage is greater than specified by vmax
OSDI(debug) n.xdut.xr2n4.nr1: WARNING: V(i2,c) voltage is greater than specified by vmax
OSDI(debug) n.xdut.xr2n3.nr1: WARNING: V(i1,c) voltage is greater than specified by vmax
OSDI(debug) n.xdut.xr2n3.nr1: WARNING: V(i2,c) voltage is greater than specified by vmax
OSDI(debug) n.xdut.xr2n2.nr1: WARNING: V(i1,c) voltage is greater than specified by vmax
OSDI(debug) n.xdut.xr2n2.nr1: WARNING: V(i2,c) voltage is greater than specified by vmax
OSDI(debug) n.xdut.xr2n1.nr1: WARNING: V(i1,c) voltage is greater than specified by vmax
OSDI(debug) n.xdut.xr2n1.nr1: WARNING: V(i2,c) voltage is greater than specified by vmax
WARNING: V(i2,c) voltage is greater than specified by vmax
OSDI(debug) n.xrl2.nr1: WARNING: V(i1,c) voltage is greater than specified by vmax
OSDI(debug) n.xrl1.nr1: WARNING: V(i2,c) voltage is greater than specified by vmax
OSDI(debug) n.xdut.xbuf.xrz.nr1: WARNING: V(i2,c) voltage is greater than specified by vmax
OSDI(debug) n.xdut.xr2n19.nr1: WARNING: V(i1,c) voltage is greater than specified by vmax
OSDI(debug) n.xdut.xr2n18.nr1: WARNING: V(i1,c) voltage is greater than specified by vmax
OSDI(debug) n.xdut.xr2n18.nr1: WARNING: V(i2,c) voltage is greater than specified by vmax
OSDI(debug) n.xdut.xr2n17.nr1: WARNING: V(i1,c) voltage is greater than specified by vmax
OSDI(debug) n.xdut.xr2n17.nr1: WARNING: V(i2,c) voltage is greater than specified by vmax
OSDI(debug) n.xdut.xr2n16.nr1: WARNING: V(i1,c) voltage is greater than specified by vmax
OSDI(debug) n.xdut.xr2n16.nr1: WARNING: V(i2,c) voltage is greater than specified by vmax
OSDI(debug) n.xdut.xr2n15.nr1: WARNING: V(i1,c) voltage is greater than specified by vmax
OSDI(debug) n.xdut.xr2n15.nr1: WARNING: V(i2,c) voltage is greater than specified by vmax
OSDI(debug) n.xdut.xr2n14.nr1: WARNING: V(i1,c) voltage is greater than specified by vmax
OSDI(debug) n.xdut.xr2n14.nr1: WARNING: V(i2,c) voltage is greater than specified by vmax
OSDI(debug) n.xdut.xr2n13.nr1: WARNING: V(i1,c) voltage is greater than specified by vmax
OSDI(debug) n.xdut.xr2n13.nr1: WARNING: V(i2,c) voltage is greater than specified by vmax
OSDI(debug) n.xdut.xr2n12.nr1: WARNING: V(i1,c) voltage is greater than specified by vmax
OSDI(debug) n.xdut.xr2n12.nr1: WARNING: V(i2,c) voltage is greater than specified by vmax
OSDI(debug) n.xdut.xr2n11.nr1: WARNING: V(i1,c) voltage is greater than specified by vmax
OSDI(debug) n.xdut.xr2n11.nr1: WARNING: V(i2,c) voltage is greater than specified by vmax
OSDI(debug) n.xdut.xr2n10.nr1: WARNING: V(i1,c) voltage is greater than specified by vmax
OSDI(debug) n.xdut.xr2n10.nr1: WARNING: V(i2,c) voltage is greater than specified by vmax
OSDI(debug) n.xdut.xr2n9.nr1: WARNING: V(i1,c) voltage is greater than specified by vmax
OSDI(debug) n.xdut.xr2n9.nr1: WARNING: V(i2,c) voltage is greater than specified by vmax
OSDI(debug) n.xdut.xr2n8.nr1: WARNING: V(i1,c) voltage is greater than specified by vmax
OSDI(debug) n.xdut.xr2n8.nr1: WARNING: V(i2,c) voltage is greater than specified by vmax
OSDI(debug) n.xdut.xr2n7.nr1: WARNING: V(i1,c) voltage is greater than specified by vmax
OSDI(debug) n.xdut.xr2n7.nr1: WARNING: V(i2,c) voltage is greater than specified by vmax
OSDI(debug) n.xdut.xr2n6.nr1: OSDI(debug) n.xdut.xr2n5.nr1: WARNING: V(i1,c) voltage is greater than specified by vmax
OSDI(debug) n.xdut.xr2n5.nr1: WARNING: V(i2,c) voltage is greater than specified by vmax
OSDI(debug) n.xdut.xr2n4.nr1: WARNING: V(i2,c) voltage is greater than specified by vmax
OSDI(debug) n.xdut.xr2n3.nr1: WARNING: V(i1,c) voltage is greater than specified by vmax
OSDI(debug) n.xdut.xr2n2.nr1: WARNING: V(i1,c) voltage is greater than specified by vmax
OSDI(debug) n.xdut.xr2n2.nr1: WARNING: V(i2,c) voltage is greater than specified by vmax
OSDI(debug) n.xdut.xr2n1.nr1: WARNING: V(i1,c) voltage is greater than specified by vmax
OSDI(debug) n.xdut.xr2n1.nr1: WARNING: V(i2,c) voltage is greater than specified by vmax
OSDI(debug) n.xdut.xr2n0.nr1: WARNING: V(i1,c) voltage is greater than specified by vmax
OSDI(debug) n.xdut.xr2n0.nr1: WARNING: V(i2,c) voltage is greater than specified by vmax
OSDI(debug) n.xdut.xr1n0.nr1: WARNING: V(i2,c) voltage is greater than specified by vmax
WARNING: V(i1,c) voltage is greater than specified by vmax
OSDI(debug) n.xdut.xr2n6.nr1: WARNING: V(i2,c) voltage is greater than specified by vmax
OSDI(debug) n.xrl2.nr1: WARNING: V(i1,c) voltage is greater than specified by vmax
OSDI(debug) n.xrl1.nr1: WARNING: V(i2,c) voltage is greater than specified by vmax
OSDI(debug) n.xdut.xbuf.xrz.nr1: OSDI(debug) n.xdut.xota.xrz.nr1: WARNING: V(i2,c) voltage is greater than specified by vmax
WARNING: V(i1,c) voltage is greater than specified by vmax
OSDI(debug) n.xdut.xr2n19.nr1: WARNING: V(i1,c) voltage is greater than specified by vmax
OSDI(debug) n.xdut.xr2n18.nr1: WARNING: V(i1,c) voltage is greater than specified by vmax
OSDI(debug) n.xdut.xr2n18.nr1: WARNING: V(i2,c) voltage is greater than specified by vmax
OSDI(debug) n.xdut.xr2n17.nr1: WARNING: V(i2,c) voltage is greater than specified by vmax
OSDI(debug) n.xdut.xr2n16.nr1: WARNING: V(i1,c) voltage is greater than specified by vmax
OSDI(debug) n.xdut.xr2n15.nr1: WARNING: V(i1,c) voltage is greater than specified by vmax
OSDI(debug) n.xdut.xr2n15.nr1: WARNING: V(i2,c) voltage is greater than specified by vmax
OSDI(debug) n.xdut.xr2n14.nr1: WARNING: V(i1,c) voltage is greater than specified by vmax
OSDI(debug) n.xdut.xr2n14.nr1: WARNING: V(i2,c) voltage is greater than specified by vmax
OSDI(debug) n.xdut.xr2n13.nr1: WARNING: V(i1,c) voltage is greater than specified by vmax
OSDI(debug) n.xdut.xr2n13.nr1: WARNING: V(i2,c) voltage is greater than specified by vmax
OSDI(debug) n.xdut.xr2n12.nr1: WARNING: V(i1,c) voltage is greater than specified by vmax
OSDI(debug) n.xdut.xr2n12.nr1: WARNING: V(i2,c) voltage is greater than specified by vmax
OSDI(debug) n.xdut.xr2n11.nr1: WARNING: V(i1,c) voltage is greater than specified by vmax
OSDI(debug) n.xdut.xr2n11.nr1: WARNING: V(i2,c) voltage is greater than specified by vmax
OSDI(debug) n.xdut.xr2n10.nr1: WARNING: V(i1,c) voltage is greater than specified by vmax
OSDI(debug) n.xdut.xr2n10.nr1: WARNING: V(i2,c) voltage is greater than specified by vmax
OSDI(debug) n.xdut.xr2n9.nr1: WARNING: V(i1,c) voltage is greater than specified by vmax
OSDI(debug) n.xdut.xr2n9.nr1: WARNING: V(i2,c) voltage is greater than specified by vmax
OSDI(debug) n.xdut.xr2n8.nr1: WARNING: V(i1,c) voltage is greater than specified by vmax
OSDI(debug) n.xdut.xr2n8.nr1: WARNING: V(i2,c) voltage is greater than specified by vmax
OSDI(debug) n.xdut.xr2n7.nr1: WARNING: V(i1,c) voltage is greater than specified by vmax
OSDI(debug) n.xdut.xr2n7.nr1: WARNING: V(i2,c) voltage is greater than specified by vmax
OSDI(debug) n.xdut.xr2n6.nr1: WARNING: V(i1,c) voltage is greater than specified by vmax
OSDI(debug) n.xdut.xr2n5.nr1: OSDI(debug) n.xdut.xr2n6.nr1: WARNING: V(i1,c) voltage is greater than specified by vmax
WARNING: V(i2,c) voltage is greater than specified by vmax
OSDI(debug) n.xdut.xr2n5.nr1: WARNING: V(i2,c) voltage is greater than specified by vmax
OSDI(debug) n.xdut.xr2n4.nr1: WARNING: V(i1,c) voltage is greater than specified by vmax
OSDI(debug) n.xdut.xr2n3.nr1: OSDI(debug) n.xdut.xr2n4.nr1: WARNING: V(i1,c) voltage iNote: Starting dynamic gmin stepping
Warning: singular matrix:  check node xdut.xbuf.sub!

Warning: Dynamic gmin stepping failed
Note: Starting true gmin stepping
Warning: singular matrix:  check node xdut.xbuf.sub!

Warning: singular matrix:  check node xdut.xbuf.sub!

Warning: singular matrix:  check node xdut.xbuf.sub!

Warning: singular matrix:  check node xdut.xbuf.sub!

Warning: singular matrix:  check node xdut.xbuf.sub!

Warning: True gmin stepping failed
Note: Starting source stepping
Warning: source stepping failed
Note: Transient op started
Note: Transient op finished successfully
s greater than specified by vmax
OSDI(debug) n.xdut.xr2n3.nr1: WARNING: V(i2,c) voltage is greater than specified by vmax
WARNING: V(i2,c) voltage is greater than specified by vmax
OSDI(debug) n.xdut.xr2n2.nr1: WARNING: V(i1,c) voltage is greater than specified by vmax
OSDI(debug) n.xdut.xr2n2.nr1: WARNING: V(i2,c) voltage is greater than specified by vmax
OSDI(debug) n.xdut.xr2n1.nr1: WARNING: V(i1,c) voltage is greater than specified by vmax
OSDI(debug) n.xdut.xr2n1.nr1: WARNING: V(i2,c) voltage is greater than specified by vmax
OSDI(debug) n.xdut.xr2n0.nr1: WARNING: V(i1,c) voltage is greater than specified by vmax
OSDI(debug) n.xdut.xr2n0.nr1: WARNING: V(i2,c) voltage is greater than specified by vmax
OSDI(debug) n.xdut.xr1n0.nr1: WARNING: V(i2,c) voltage is greater than specified by vmax
 Reference value :  0.00000e+00Warning: singular matrix:  check node xdut.xbuf.sub!

Note: Starting dynamic gmin stepping
Warning: singular matrix:  check node xdut.xbuf.sub!

Warning: Dynamic gmin stepping failed
Note: Starting true gmin stepping
Warning: singular matrix:  check node xdut.xbuf.sub!

Warning: singular matrix:  check node xdut.xbuf.sub!

Warning: singular matrix:  check node xdut.xbuf.sub!

Warning: singular matrix:  check node xdut.xbuf.sub!

Warning: True gmin stepping failed
Note: Starting source stepping
Warning: source stepping failed
Note: Transient op started
Note: Transient op finished successfully

No. of Data Rows : 1
MCB 11  vos_tot_cm0.3= 0.00443674
Reset re-loads circuit * g1_sense monte carlo: input-referred offset, mismatch models (mos lv+hv, rppd), 200 samples

Circuit: * g1_sense monte carlo: input-referred offset, mismatch models (mos lv+hv, rppd), 200 samples

Doing analysis at TEMP = 27.000000 and TNOM = 27.000000

Using SPARSE 1.3 as Direct Linear Solver
 Reference value :  0.00000e+00
No. of Data Rows : 1
MCA 12  vos_tot_cm0= -0.00446108  vos_ota= 0.00439873  vped= 1.00093
Doing analysis at TEMP = 27.000000 and TNOM = 27.000000

Using SPARSE 1.3 as Direct Linear Solver
OSDI(debug) n.xdut.xr2n19.nr1: WARNING: V(i1,c) voltage is greater than specified by vmax
OSDI(debug) n.xdut.xr2n18.nr1: WARNING: V(i1,c) voltage is greater than specified by vmax
OSDI(debug) n.xdut.xr2n18.nr1: WARNING: V(i2,c) voltage is greater than specified by vmax
OSDI(debug) n.xdut.xr2n17.nr1: WARNING: V(i1,c) voltage is greater than specified by vmax
OSDI(debug) n.xdut.xr2n17.nr1: WARNING: V(i2,c) voltage is greater than specified by vmax
OSDI(debug) n.xdut.xr2n16.nr1: WARNING: V(i1,c) voltage is greater than specified by vmax
OSDI(debug) n.xdut.xr2n16.nr1: WARNING: V(i2,c) voltage is greater than specified by vmax
OSDI(debug) n.xdut.xr2n15.nr1: WARNING: V(i1,c) voltage is greater than specified by vmax
OSDI(debug) n.xdut.xr2n15.nr1: WARNING: V(i2,c) voltage is greater than specified by vmax
OSDI(debug) n.xdut.xr2n14.nr1: WARNING: V(i2,c) voltage is greater than specified by vmax
OSDI(debug) n.xdut.xr2n13.nr1: WARNING: V(i1,c) voltage is greater than specified by vmax
OSDI(debug) n.xdut.xr2n12.nr1: WARNING: V(i1,c) voltage is greater than specified by vmax
OSDI(debug) n.xdut.xr2n12.nr1: WARNING: V(i2,c) voltage is greater than specified by vmax
OSDI(debug) n.xdut.xr2n11.nr1: WARNING: V(i1,c) voltage is greater than specified by vmax
OSDI(debug) n.xdut.xr2n11.nr1: WARNING: V(i2,c) voltage is greater than specified by vmax
OSDI(debug) n.xdut.xr2n10.nr1: WARNING: V(i1,c) voltage is greater than specified by vmax
OSDI(debug) n.xdut.xr2n10.nr1: WARNING: V(i2,c) voltage is greater than specified by vmax
OSDI(debug) n.xdut.xr2n9.nr1: WARNING: V(i2,c) voltage is greater than specified by vmax
OSDI(debug) n.xdut.xr2n8.nr1: WARNING: V(i1,c) voltage is greater than specified by vmax
OSDI(debug) n.xdut.xr2n7.nr1: WARNING: V(i2,c) voltage is greater than specified by vmax
OSDI(debug) n.xdut.xr2n6.nr1: WARNING: V(i1,c) voltage is greater than specified by vmax
OSDI(debug) n.xdut.xr2n5.nr1: WARNING: V(i2,c) voltage is greater than specified by vmax
OSDI(debug) n.xdut.xr2n4.nr1: WARNING: V(i1,c) voltage is greater than specified by vmax
OSDI(debug) n.xdut.xr2n3.nr1: WARNING: V(i1,c) voltage is greater than specified by vmax
OSDI(debug) n.xdut.xr2n3.nr1: WARNING: V(i2,c) voltage is greater than specified by vmax
OSDI(debug) n.xdut.xr2n2.nr1: WARNING: V(i2,c) voltage is greater than specified by vmax
OSDI(debug) n.xdut.xr2n1.nr1: WARNING: V(i1,c) voltage is greater than specified by vmax
OSDI(debug) n.xdut.xr2n0.nr1: WARNING: V(i2,c) voltage is greater than specified by vmax
OSDI(debug) n.xdut.xr2n19.nr1: WARNING: V(i1,c) voltage is greater than specified by vmax
OSDI(debug) n.xdut.xr2n18.nr1: WARNING: V(i1,c) voltage is greater than specified by vmax
OSDI(debug) n.xdut.xr2n18.nr1: WARNING: V(i2,c) voltage is greater than specified by vmax
OSDI(debug) n.xdut.xr2n17.nr1: WARNING: V(i1,c) voltage is greater than specified by vmax
OSDI(debug) n.xdut.xr2n17.nr1: WARNING: V(i2,c) voltage is greater than specified by vmax
OSDI(debug) n.xdut.xr2n16.nr1: WARNING: V(i1,c) voltage is greater than specified by vmax
OSDI(debug) n.xdut.xr2n16.nr1: WARNING: V(i2,c) voltage is greater than specified by vmax
OSDI(debug) n.xdut.xr2n15.nr1: WARNING: V(i1,c) voltage is greater than specified by vmax
OSDI(debug) n.xdut.xr2n15.nr1: WARNING: V(i2,c) voltage is greater than specified by vmax
OSDI(debug) n.xdut.xr2n14.nr1: WARNING: V(i1,c) voltage is greater than specified by vmax
OSDI(debug) n.xdut.xr2n14.nr1: WARNING: V(i2,c) voltage is greater than specified by vmax
OSDI(debug) n.xdut.xr2n13.nr1: WARNING: V(i2,c) voltage is greater than specified by vmax
OSDI(debug) n.xdut.xr2n12.nr1: WARNING: V(i1,c) voltage is greater than specified by vmax
OSDI(debug) n.xdut.xr2n11.nr1: WARNING: V(i1,c) voltage is greater than specified by vmax
OSDI(debug) n.xdut.xr2n11.nr1: WARNING: V(i2,c) voltage is greater than specified by vmax
OSDI(debug) n.xdut.xr2n10.nr1: WARNING: V(i1,c) Note: Starting dynamic gmin stepping
Warning: singular matrix:  check node xdut.xbuf.sub!

Warning: Dynamic gmin stepping failed
Note: Starting true gmin stepping
Warning: singular matrix:  check node xdut.xbuf.sub!

Warning: singular matrix:  check node xdut.xbuf.sub!

Warning: singular matrix:  check node xdut.xbuf.sub!

Warning: singular matrix:  check node xdut.xbuf.sub!

Warning: singular matrix:  check node xdut.xbuf.sub!

Warning: True gmin stepping failed
Note: Starting source stepping
Warning: source stepping failed
Note: Transient op started
Note: Transient op finished successfully
voltage is greater than specified by vmax
OSDI(debug) n.xdut.xr2n9.nr1: WARNING: V(i2,c) voltage is greater than specified by vmax
OSDI(debug) n.xdut.xr2n2.nr1: WARNING: V(i1,c) voltage is greater than specified by vmax
OSDI(debug) n.xdut.xr2n2.nr1: WARNING: V(i2,c) voltage is greater than specified by vmax
OSDI(debug) n.xdut.xr2n1.nr1: WARNING: V(i2,c) voltage is greater than specified by vmax
OSDI(debug) n.xdut.xr2n0.nr1: WARNING: V(i1,c) voltage is greater than specified by vmax
OSDI(debug) n.xdut.xr1n0.nr1: WARNING: V(i2,c) voltage is greater than specified by vmax
OSDI(debug) n.xdut.xr2n8.nr1: WARNING: V(i1,c) voltage is greater than specified by vmax
OSDI(debug) n.xdut.xr2n7.nr1: WARNING: V(i1,c) voltage is greater than specified by vmax
OSDI(debug) n.xdut.xr2n7.nr1: WARNING: V(i2,c) voltage is greater than specified by vmax
OSDI(debug) n.xdut.xr2n6.nr1: WARNING: V(i1,c) voltage is greater than specified by vmax
OSDI(debug) n.xdut.xr2n6.nr1: WARNING: V(i2,c) voltage is greater than specified by vmax
OSDI(debug) n.xdut.xr2n5.nr1: WARNING: V(i1,c) voltage is greater than specified by vmax
OSDI(debug) n.xdut.xr2n5.nr1: WARNING: V(i2,c) voltage is greater than specified by vmax
OSDI(debug) n.xdut.xr2n4.nr1: WARNING: V(i1,c) voltage is greater than specified by vmax
OSDI(debug) n.xdut.xr2n4.nr1: WARNING: V(i2,c) voltage is greater than specified by vmax
OSDI(debug) n.xdut.xr2n3.nr1: WARNING: V(i1,c) voltage is greater than specified by vmax
OSDI(debug) n.xdut.xr2n3.nr1: WARNING: V(i2,c) voltage is greater than specified by vmax
OSDI(debug) n.xdut.xr2n10.nr1: WARNING: V(i2,c) voltage is greater than specified by vmax
 Reference value :  0.00000e+00Warning: singular matrix:  check node xdut.xbuf.sub!

Note: Starting dynamic gmin stepping
Warning: singular matrix:  check node xdut.xbuf.sub!

Warning: Dynamic gmin stepping failed
Note: Starting true gmin stepping
Warning: singular matrix:  check node xdut.xbuf.sub!

Warning: singular matrix:  check node xdut.xbuf.sub!

Warning: singular matrix:  check node xdut.xbuf.sub!

Warning: singular matrix:  check node xdut.xbuf.sub!

Warning: True gmin stepping failed
Note: Starting source stepping
Warning: source stepping failed
Note: Transient op started
Note: Transient op finished successfully

No. of Data Rows : 1
MCB 12  vos_tot_cm0.3= -0.0044648
Reset re-loads circuit * g1_sense monte carlo: input-referred offset, mismatch models (mos lv+hv, rppd), 200 samples

Circuit: * g1_sense monte carlo: input-referred offset, mismatch models (mos lv+hv, rppd), 200 samples

Doing analysis at TEMP = 27.000000 and TNOM = 27.000000

Using SPARSE 1.3 as Direct Linear Solver
 Reference value :  0.00000e+00
No. of Data Rows : 1
MCA 13  vos_tot_cm0= 0.000484288  vos_ota= -0.000440104  vped= 0.998597
Doing analysis at TEMP = 27.000000 and TNOM = 27.000000

Using SPARSE 1.3 as Direct Linear Solver
OSDI(debug) n.xdut.xota.xrz.nr1: WARNING: V(i2,c) voltage is greater than specified by vmax
OSDI(debug) n.xdut.xota.xrz.nr1: WARNING: V(i2,c) voltage is greater than specified by vmax
OSDI(debug) n.xdut.xota.xrz.nr1: WARNING: V(i2,c) voltage is greater than specified by vmax
OSDI(debug) n.xdut.xota.xrz.nr1: WARNING: V(i2,c) voltage is greater than specified by vmax
OSDI(debug) n.xdut.xota.xrz.nr1: WARNING: V(i2,c) voltage is greater than specified by vmax
OSDI(debug) n.xdut.xota.xrz.nr1: WARNING: V(i2,c) voltage is greater than specified by vmax
OSDI(debug) n.xdut.xota.xrz.nr1: WARNING: V(i2,c) voltage is greater than specified by vmax
OSDI(debug) n.xdut.xota.xrz.nr1: WARNING: V(i2,c) voltage is greater than specified by vmax
OSDI(debug) n.xdut.xota.xrz.nr1: WARNING: V(i2,c) voltage is greater than specified by vmax
OSDI(debug) n.xdut.xota.xrz.nr1: WARNING: V(i2,c) voltage is greater than specified by vmax
OSDI(debug) n.xdut.xota.xrz.nr1: WARNING: V(i2,c) voltage is greater than specified by vmax
OSDI(debug) n.xdut.xota.xrz.nr1: WARNING: V(i2,c) voltage is greater than specified by vmax
OSDI(debug) n.xdut.xota.xrz.nr1: WARNING: V(i2,c) voltage is greater than specified by vmax
OSDI(debug) n.xdut.xota.xrz.nr1: WARNING: V(i2,c) voltage is greater than specified by vmax
OSDI(debug) n.xdut.xota.xrz.nr1: WARNING: V(i2,c) voltage is greater than specified by vmax
OSDI(debug) n.xdut.xota.xrz.nr1: WARNING: V(i2,c) voltage is greater than specified by vmax
OSDI(debug) n.xdut.xota.xrz.nr1: WARNING: V(i2,c) voltage is greater than specified by vmax
OSDI(debug) n.xdut.xota.xrz.nr1: WARNING: V(i2,c) voltage is greater than specified by vmax
OSDI(debug) n.xdut.xota.xrz.nr1: WARNING: V(i2,c) voltage is greater than specified by vmax
OSDI(debug) n.xdut.xota.xrz.nr1: WARNING: V(i2,c) voltage is greater than specified by vmax
OSDI(debug) n.xdut.xota.xrz.nr1: WARNING: V(i2,c) voltage is greater than specified by vmax
OSDI(debug) n.xdut.xota.xrz.nr1: WARNING: V(i2,c) voltage is greater than specified by vmax
OSDI(debug) n.xdut.xota.xrz.nr1: WARNING: V(i2,c) voltage is greater than specified by vmax
OSDI(debug) n.xdut.xota.xrz.nr1: WARNING: V(i2,c) voltage is greater than specified by vmax
OSDI(debug) n.xdut.xota.xrz.nr1: WARNING: V(i2,c) voltage is greater than specified by vmax
OSDI(debug) n.xdut.xota.xrz.nr1: WARNING: V(i2,c) voltage is greater than specified by vmax
OSDI(debug) n.xdut.xota.xrz.nr1: WARNING: V(i2,c) voltage is greater than specified by vmax
OSDI(debug) n.xdut.xota.xrz.nr1: WARNING: V(i2,c) voltage is greater than specified by vmax
OSDI(debug) n.xdut.xota.xrz.nr1: WARNING: V(i2,c) voltage is greater than specified by vmax
OSDI(debug) n.xdut.xota.xrz.nr1: WARNING: V(i2,c) voltage is greater than specified by vmax
OSDI(debug) n.xdut.xota.xrz.nr1: WARNING: V(i2,c) voltage is greater than specified by vmax
OSDI(debug) n.xdut.xota.xrz.nr1: WARNING: V(i2,c) voltage is greater than specified by vmax
OSDI(debug) n.xdut.xota.xrz.nr1: WARNING: V(i2,c) voltage is greater than specified by vmax
OSDI(debug) n.xdut.xota.xrz.nr1: WARNING: V(i2,c) voltage is greater than specified by vmax
OSDI(debug) n.xdut.xota.xrz.nr1: WARNING: V(i2,c) voltage is greater than specified by vmax
OSDI(debug) n.xdut.xota.xrz.nr1: WARNING: V(i2,c) voltage is greater than specified by vmax
OSDI(debug) n.xdut.xota.xrz.nr1: WARNING: V(i2,c) voltage is greater than specified by vmax
OSDI(debug) n.xdut.xota.xrz.nr1: WARNING: V(i2,c) voltage is greater than specified by vmax
OSDI(debug) n.xdut.xota.xrz.nr1: WARNING: V(i2,c) voltage is greater than specified by vmax
OSDI(debug) n.xdut.xota.xrz.nr1: WARNING: V(i2,c) voltage is greater than specified by vmax
OSDI(debug) n.xdut.xota.xrz.nr1: WARNING: V(i2,c) voltage is greater than specified by vmax
OSDI(debug) n.xdut.xota.xrz.nr1: WARNING: V(i2,c) voltage is greater than specified by vmax
OSDI(debug) n.xdut.xota.xrz.nr1: WARNINGNote: Starting dynamic gmin stepping
Warning: singular matrix:  check node xdut.xota.sub!

Warning: Dynamic gmin stepping failed
Note: Starting true gmin stepping
Warning: singular matrix:  check node xdut.xota.sub!

Warning: singular matrix:  check node xdut.xota.sub!

Warning: singular matrix:  check node xdut.xota.sub!

Warning: singular matrix:  check node xdut.xota.sub!

Warning: singular matrix:  check node xdut.xota.sub!

Warning: True gmin stepping failed
Note: Starting source stepping
Warning: source stepping failed
Note: Transient op started
Note: Transient op finished successfully
: V(i2,c) voltage is greater than specified by vmax
OSDI(debug) n.xdut.xota.xrz.nr1: WARNING: V(i2,c) voltage is greater than specified by vmax
OSDI(debug) n.xdut.xota.xrz.nr1: WARNING: V(i2,c) voltage is greater than specified by vmax
OSDI(debug) n.xdut.xota.xrz.nr1: WARNING: V(i2,c) voltage is greater than specified by vmax
OSDI(debug) n.xdut.xota.xrz.nr1: WARNING: V(i2,c) voltage is greater than specified by vmax
OSDI(debug) n.xdut.xota.xrz.nr1: WARNING: V(i2,c) voltage is greater than specified by vmax
OSDI(debug) n.xdut.xota.xrz.nr1: WARNING: V(i2,c) voltage is greater than specified by vmax
OSDI(debug) n.xdut.xota.xrz.nr1: WARNING: V(i2,c) voltage is greater than specified by vmax
OSDI(debug) n.xdut.xota.xrz.nr1: WARNING: V(i2,c) voltage is greater than specified by vmax
OSDI(debug) n.xdut.xota.xrz.nr1: WARNING: V(i2,c) voltage is greater than specified by vmax
OSDI(debug) n.xdut.xota.xrz.nr1: WARNING: V(i2,c) voltage is greater than specified by vmax
OSDI(debug) n.xdut.xota.xrz.nr1: WARNING: V(i2,c) voltage is greater than specified by vmax
 Reference value :  0.00000e+00Warning: singular matrix:  check node xdut.xbuf.sub!

Note: Starting dynamic gmin stepping
Warning: singular matrix:  check node xdut.xbuf.sub!

Warning: Dynamic gmin stepping failed
Note: Starting true gmin stepping
Warning: singular matrix:  check node xdut.xbuf.sub!

Warning: singular matrix:  check node xdut.xbuf.sub!

Warning: singular matrix:  check node xdut.xbuf.sub!

Warning: singular matrix:  check node xdut.xbuf.sub!

Warning: True gmin stepping failed
Note: Starting source stepping
Warning: source stepping failed
Note: Transient op started
Note: Transient op finished successfully

No. of Data Rows : 1
MCB 13  vos_tot_cm0.3= 0.000454982
Reset re-loads circuit * g1_sense monte carlo: input-referred offset, mismatch models (mos lv+hv, rppd), 200 samples

Circuit: * g1_sense monte carlo: input-referred offset, mismatch models (mos lv+hv, rppd), 200 samples

Doing analysis at TEMP = 27.000000 and TNOM = 27.000000

Using SPARSE 1.3 as Direct Linear Solver
 Reference value :  0.00000e+00
No. of Data Rows : 1
MCA 14  vos_tot_cm0= -0.000796333  vos_ota= 0.000846575  vped= 1.00403
Doing analysis at TEMP = 27.000000 and TNOM = 27.000000

Using SPARSE 1.3 as Direct Linear Solver
OSDI(debug) n.xdut.xota.xrz.nr1: WARNING: V(i2,c) voltage is greater than specified by vmax
OSDI(debug) n.xdut.xota.xrz.nr1: WARNING: V(i2,c) voltage is greater than specified by vmax
OSDI(debug) n.xdut.xota.xrz.nr1: WARNING: V(i2,c) voltage is greater than specified by vmax
OSDI(debug) n.xdut.xota.xrz.nr1: WARNING: V(i2,c) voltage is greater than specified by vmax
OSDI(debug) n.xdut.xota.xrz.nr1: WARNING: V(i2,c) voltage is greater than specified by vmax
OSDI(debug) n.xdut.xota.xrz.nr1: WARNING: V(i2,c) voltage is greater than specified by vmax
OSDI(debug) n.xdut.xota.xrz.nr1: WARNING: V(i2,c) voltage is greater than specified by vmax
OSDI(debug) n.xdut.xota.xrz.nr1: WARNING: V(i2,c) voltage is greater than specified by vmax
OSDI(debug) n.xdut.xota.xrz.nr1: WARNING: V(i2,c) voltage is greater than specified by vmax
OSDI(debug) n.xdut.xota.xrz.nr1: WARNING: V(i2,c) voltage is greater than specified by vmax
OSDI(debug) n.xdut.xota.xrz.nr1: WARNING: V(i2,c) voltage is greater than specified by vmax
OSDI(debug) n.xdut.xota.xrz.nr1: WARNING: V(i2,c) voltage is greater than specified by vmax
OSDI(debug) n.xdut.xota.xrz.nr1: WARNING: V(i2,c) voltage is greater than specified by vmax
OSDI(debug) n.xdut.xota.xrz.nr1: WARNING: V(i2,c) voltage is greater than specified by vmax
OSDI(debug) n.xdut.xota.xrz.nr1: WARNING: V(i2,c) voltage is greater than specified by vmax
OSDI(debug) n.xdut.xota.xrz.nr1: WARNING: V(i2,c) voltage is greater than specified by vmax
OSDI(debug) n.xdut.xota.xrz.nr1: WARNING: V(i2,c) voltage is greater than specified by vmax
OSDI(debug) n.xdut.xota.xrz.nr1: WARNING: V(i2,c) voltage is greater than specified by vmax
OSDI(debug) n.xdut.xota.xrz.nr1: WARNING: V(i2,c) voltage is greater than specified by vmax
OSDI(debug) n.xdut.xota.xrz.nr1: WARNING: V(i2,c) voltage is greater than specified by vmax
OSDI(debug) n.xdut.xota.xrz.nr1: WARNING: V(i2,c) voltage is greater than specified by vmax
OSDI(debug) n.xdut.xota.xrz.nr1: WARNING: V(i2,c) voltage is greater than specified by vmax
OSDI(debug) n.xdut.xota.xrz.nr1: WARNING: V(i2,c) voltage is greater than specified by vmax
OSDI(debug) n.xdut.xota.xrz.nr1: WARNING: V(i2,c) voltage is greater than specified by vmax
OSDI(debug) n.xdut.xota.xrz.nr1: WARNING: V(i2,c) voltage is greater than specified by vmax
OSDI(debug) n.xdut.xota.xrz.nr1: WARNING: V(i2,c) voltage is greater than specified by vmax
OSDI(debug) n.xdut.xota.xrz.nr1: WARNING: V(i2,c) voltage is greater than specified by vmax
OSDI(debug) n.xdut.xota.xrz.nr1: WARNING: V(i2,c) voltage is greater than specified by vmax
OSDI(debug) n.xdut.xota.xrz.nr1: WARNING: V(i2,c) voltage is greater than specified by vmax
OSDI(debug) n.xdut.xota.xrz.nr1: WARNING: V(i2,c) voltage is greater than specified by vmax
OSDI(debug) n.xdut.xota.xrz.nr1: WARNING: V(i2,c) voltage is greater than specified by vmax
OSDI(debug) n.xdut.xota.xrz.nr1: WARNING: V(i2,c) voltage is greater than specified by vmax
OSDI(debug) n.xdut.xota.xrz.nr1: WARNING: V(i2,c) voltage is greater than specified by vmax
OSDI(debug) n.xdut.xota.xrz.nr1: WARNING: V(i2,c) voltage is greater than specified by vmax
OSDI(debug) n.xdut.xota.xrz.nr1: WARNING: V(i2,c) voltage is greater than specified by vmax
OSDI(debug) n.xdut.xota.xrz.nr1: WARNING: V(i2,c) voltage is greater than specified by vmax
OSDI(debug) n.xdut.xota.xrz.nr1: WARNING: V(i2,c) voltage is greater than specified by vmax
OSDI(debug) n.xdut.xota.xrz.nr1: WARNING: V(i2,c) voltage is greater than specified by vmax
OSDI(debug) n.xdut.xota.xrz.nr1: WARNING: V(i2,c) voltage is greater than specified by vmax
OSDI(debug) n.xdut.xota.xrz.nr1: WARNING: V(i2,c) voltage is greater than specified by vmax
OSDI(debug) n.xdut.xota.xrz.nr1: WARNING: V(i2,c) voltage is greater than specified by vmax
OSDI(debug) n.xdut.xota.xrz.nr1: WARNING: V(i2,c) voltage is greater than specified by vmax
OSDI(debug) n.xdut.xota.xrz.nr1: WARNING:Note: Starting dynamic gmin stepping
Warning: singular matrix:  check node xdut.xota.sub!

Warning: Dynamic gmin stepping failed
Note: Starting true gmin stepping
Warning: singular matrix:  check node xdut.xota.sub!

Warning: singular matrix:  check node xdut.xota.sub!

Warning: singular matrix:  check node xdut.xota.sub!

Warning: singular matrix:  check node xdut.xota.sub!

Warning: singular matrix:  check node xdut.xota.sub!

Warning: True gmin stepping failed
Note: Starting source stepping
Warning: source stepping failed
Note: Transient op started
Note: Transient op finished successfully
 V(i2,c) voltage is greater than specified by vmax
OSDI(debug) n.xdut.xota.xrz.nr1: WARNING: V(i2,c) voltage is greater than specified by vmax
OSDI(debug) n.xdut.xota.xrz.nr1: WARNING: V(i2,c) voltage is greater than specified by vmax
OSDI(debug) n.xdut.xota.xrz.nr1: WARNING: V(i2,c) voltage is greater than specified by vmax
OSDI(debug) n.xdut.xota.xrz.nr1: WARNING: V(i2,c) voltage is greater than specified by vmax
OSDI(debug) n.xdut.xota.xrz.nr1: WARNING: V(i2,c) voltage is greater than specified by vmax
OSDI(debug) n.xdut.xota.xrz.nr1: WARNING: V(i2,c) voltage is greater than specified by vmax
OSDI(debug) n.xdut.xota.xrz.nr1: WARNING: V(i2,c) voltage is greater than specified by vmax
OSDI(debug) n.xdut.xota.xrz.nr1: WARNING: V(i2,c) voltage is greater than specified by vmax
OSDI(debug) n.xdut.xota.xrz.nr1: WARNING: V(i2,c) voltage is greater than specified by vmax
OSDI(debug) n.xdut.xota.xrz.nr1: WARNING: V(i2,c) voltage is greater than specified by vmax
OSDI(debug) n.xdut.xota.xrz.nr1: WARNING: V(i2,c) voltage is greater than specified by vmax
 Reference value :  0.00000e+00Warning: singular matrix:  check node xdut.xbuf.sub!

Note: Starting dynamic gmin stepping
Warning: singular matrix:  check node xdut.xbuf.sub!

Warning: Dynamic gmin stepping failed
Note: Starting true gmin stepping
Warning: singular matrix:  check node xdut.xbuf.sub!

Warning: singular matrix:  check node xdut.xbuf.sub!

Warning: singular matrix:  check node xdut.xbuf.sub!

Warning: singular matrix:  check node xdut.xbuf.sub!

Warning: True gmin stepping failed
Note: Starting source stepping
Warning: source stepping failed
Note: Transient op started
Note: Transient op finished successfully

No. of Data Rows : 1
MCB 14  vos_tot_cm0.3= -0.0007489
Reset re-loads circuit * g1_sense monte carlo: input-referred offset, mismatch models (mos lv+hv, rppd), 200 samples

Circuit: * g1_sense monte carlo: input-referred offset, mismatch models (mos lv+hv, rppd), 200 samples

Doing analysis at TEMP = 27.000000 and TNOM = 27.000000

Using SPARSE 1.3 as Direct Linear Solver
 Reference value :  0.00000e+00Note: Starting dynamic gmin stepping
Warning: singular matrix:  check node xdut.xota.sub!

Warning: Dynamic gmin stepping failed
Note: Starting true gmin stepping
Warning: singular matrix:  check node xdut.xota.sub!

Warning: singular matrix:  check node xdut.xota.sub!

Warning: singular matrix:  check node xdut.xota.sub!

Warning: singular matrix:  check node xdut.xota.sub!

Warning: singular matrix:  check node xdut.xota.sub!

Warning: True gmin stepping failed
Note: Starting source stepping
Warning: source stepping failed
Note: Transient op started
Note: Transient op finished successfully

No. of Data Rows : 1
MCA 15  vos_tot_cm0= 0.00112642  vos_ota= -0.000841818  vped= 1.00509
Doing analysis at TEMP = 27.000000 and TNOM = 27.000000

Using SPARSE 1.3 as Direct Linear Solver
 Reference value :  0.00000e+00Warning: singular matrix:  check node xdut.xota.sub!

Note: Starting dynamic gmin stepping
Warning: singular matrix:  check node xdut.xota.sub!

Warning: Dynamic gmin stepping failed
Note: Starting true gmin stepping
Warning: singular matrix:  check node xdut.xota.sub!

Warning: singular matrix:  check node xdut.xota.sub!

Warning: singular matrix:  check node xdut.xota.sub!

Warning: singular matrix:  check node xdut.xota.sub!

Warning: True gmin stepping failed
Note: Starting source stepping
Warning: source stepping failed
Note: Transient op started
Note: Transient op finished successfully

No. of Data Rows : 1
MCB 15  vos_tot_cm0.3= 0.00112781
Reset re-loads circuit * g1_sense monte carlo: input-referred offset, mismatch models (mos lv+hv, rppd), 200 samples

Circuit: * g1_sense monte carlo: input-referred offset, mismatch models (mos lv+hv, rppd), 200 samples

Doing analysis at TEMP = 27.000000 and TNOM = 27.000000

Using SPARSE 1.3 as Direct Linear Solver
 Reference value :  0.00000e+00Note: Starting dynamic gmin stepping
Warning: singular matrix:  check node xdut.xbuf.sub!

Warning: Dynamic gmin stepping failed
Note: Starting true gmin stepping
Warning: singular matrix:  check node xdut.xbuf.sub!

Warning: singular matrix:  check node xdut.xbuf.sub!

Warning: singular matrix:  check node xdut.xbuf.sub!

Warning: singular matrix:  check node xdut.xbuf.sub!

Warning: singular matrix:  check node xdut.xbuf.sub!

Warning: True gmin stepping failed
Note: Starting source stepping
Warning: source stepping failed
Note: Transient op started
Note: Transient op finished successfully

No. of Data Rows : 1
MCA 16  vos_tot_cm0= -0.000472108  vos_ota= 3.38598E-05  vped= 0.992067
Doing analysis at TEMP = 27.000000 and TNOM = 27.000000

Using SPARSE 1.3 as Direct Linear Solver
 Reference value :  0.00000e+00Warning: singular matrix:  check node xdut.xbuf.sub!

Note: Starting dynamic gmin stepping
Warning: singular matrix:  check node xdut.xbuf.sub!

Warning: Dynamic gmin stepping failed
Note: Starting true gmin stepping
Warning: singular matrix:  check node xdut.xbuf.sub!

Warning: singular matrix:  check node xdut.xbuf.sub!

Warning: singular matrix:  check node xdut.xbuf.sub!

Warning: singular matrix:  check node xdut.xbuf.sub!

Warning: True gmin stepping failed
Note: Starting source stepping
Warning: source stepping failed
Note: Transient op started
Note: Transient op finished successfully

No. of Data Rows : 1
MCB 16  vos_tot_cm0.3= -0.000461455
Reset re-loads circuit * g1_sense monte carlo: input-referred offset, mismatch models (mos lv+hv, rppd), 200 samples

Circuit: * g1_sense monte carlo: input-referred offset, mismatch models (mos lv+hv, rppd), 200 samples

Doing analysis at TEMP = 27.000000 and TNOM = 27.000000

Using SPARSE 1.3 as Direct Linear Solver
 Reference value :  0.00000e+00Note: Starting dynamic gmin stepping
Warning: singular matrix:  check node xdut.xota.sub!

Warning: Dynamic gmin stepping failed
Note: Starting true gmin stepping
Warning: singular matrix:  check node xdut.xota.sub!

Warning: singular matrix:  check node xdut.xota.sub!

Warning: singular matrix:  check node xdut.xota.sub!

Warning: singular matrix:  check node xdut.xota.sub!

Warning: singular matrix:  check node xdut.xota.sub!

Warning: True gmin stepping failed
Note: Starting source stepping
Warning: source stepping failed
Note: Transient op started
Note: Transient op finished successfully

No. of Data Rows : 1
MCA 17  vos_tot_cm0= 0.00382465  vos_ota= -0.00366769  vped= 1.00154
Doing analysis at TEMP = 27.000000 and TNOM = 27.000000

Using SPARSE 1.3 as Direct Linear Solver
 Reference value :  0.00000e+00Warning: singular matrix:  check node xdut.xbuf.sub!

Note: Starting dynamic gmin stepping
Warning: singular matrix:  check node xdut.xbuf.sub!

Warning: Dynamic gmin stepping failed
Note: Starting true gmin stepping
Warning: singular matrix:  check node xdut.xbuf.sub!

Warning: singular matrix:  check node xdut.xbuf.sub!

Warning: singular matrix:  check node xdut.xbuf.sub!

Warning: singular matrix:  check node xdut.xbuf.sub!

Warning: True gmin stepping failed
Note: Starting source stepping
Warning: source stepping failed
Note: Transient op started
Note: Transient op finished successfully

No. of Data Rows : 1
MCB 17  vos_tot_cm0.3= 0.00383329
Reset re-loads circuit * g1_sense monte carlo: input-referred offset, mismatch models (mos lv+hv, rppd), 200 samples

Circuit: * g1_sense monte carlo: input-referred offset, mismatch models (mos lv+hv, rppd), 200 samples

Doing analysis at TEMP = 27.000000 and TNOM = 27.000000

Using SPARSE 1.3 as Direct Linear Solver
 Reference value :  0.00000e+00Note: Starting dynamic gmin stepping
Warning: singular matrix:  check node xdut.xbuf.sub!

Warning: Dynamic gmin stepping failed
Note: Starting true gmin stepping
Warning: singular matrix:  check node xdut.xbuf.sub!

Warning: singular matrix:  check node xdut.xbuf.sub!

Warning: singular matrix:  check node xdut.xbuf.sub!

Warning: singular matrix:  check node xdut.xbuf.sub!

Warning: singular matrix:  check node xdut.xbuf.sub!

Warning: True gmin stepping failed
Note: Starting source stepping
Warning: source stepping failed
Note: Transient op started
Note: Transient op finished successfully

No. of Data Rows : 1
MCA 18  vos_tot_cm0= 0.000780151  vos_ota= -0.000707059  vped= 1.00444
Doing analysis at TEMP = 27.000000 and TNOM = 27.000000

Using SPARSE 1.3 as Direct Linear Solver
 Reference value :  0.00000e+00Warning: singular matrix:  check node xdut.xbuf.sub!

Note: Starting dynamic gmin stepping
Warning: singular matrix:  check node xdut.xbuf.sub!

Warning: Dynamic gmin stepping failed
Note: Starting true gmin stepping
Warning: singular matrix:  check node xdut.xbuf.sub!

Warning: singular matrix:  check node xdut.xbuf.sub!

Warning: singular matrix:  check node xdut.xbuf.sub!

Warning: singular matrix:  check node xdut.xbuf.sub!

Warning: True gmin stepping failed
Note: Starting source stepping
Warning: source stepping failed
Note: Transient op started
Note: Transient op finished successfully

No. of Data Rows : 1
MCB 18  vos_tot_cm0.3= 0.000834107
Reset re-loads circuit * g1_sense monte carlo: input-referred offset, mismatch models (mos lv+hv, rppd), 200 samples

Circuit: * g1_sense monte carlo: input-referred offset, mismatch models (mos lv+hv, rppd), 200 samples

Doing analysis at TEMP = 27.000000 and TNOM = 27.000000

Using SPARSE 1.3 as Direct Linear Solver
 Reference value :  0.00000e+00Note: Starting dynamic gmin stepping
Warning: singular matrix:  check node xdut.xota.sub!

Warning: Dynamic gmin stepping failed
Note: Starting true gmin stepping
Warning: singular matrix:  check node xdut.xota.sub!

Warning: singular matrix:  check node xdut.xota.sub!

Warning: singular matrix:  check node xdut.xota.sub!

Warning: singular matrix:  check node xdut.xota.sub!

Warning: singular matrix:  check node xdut.xota.sub!

Warning: True gmin stepping failed
Note: Starting source stepping
Warning: source stepping failed
Note: Transient op started
Note: Transient op finished successfully

No. of Data Rows : 1
MCA 19  vos_tot_cm0= 0.000381722  vos_ota= -0.000323258  vped= 1.00115
Doing analysis at TEMP = 27.000000 and TNOM = 27.000000

Using SPARSE 1.3 as Direct Linear Solver
OSDI(debug) n.xdut.xbuf.xrz.nr1: WARNING: V(i2,c) voltage is greater than specified by vmax
 Reference value :  0.00000e+00Warning: singular matrix:  check node xdut.xota.sub!

Note: Starting dynamic gmin stepping
Warning: singular matrix:  check node xdut.xota.sub!

Warning: Dynamic gmin stepping failed
Note: Starting true gmin stepping
Warning: singular matrix:  check node xdut.xota.sub!

Warning: singular matrix:  check node xdut.xota.sub!

Warning: singular matrix:  check node xdut.xota.sub!

Warning: singular matrix:  check node xdut.xota.sub!

Warning: True gmin stepping failed
Note: Starting source stepping
Warning: source stepping failed
Note: Transient op started
Note: Transient op finished successfully

No. of Data Rows : 1
MCB 19  vos_tot_cm0.3= 0.0003928
Reset re-loads circuit * g1_sense monte carlo: input-referred offset, mismatch models (mos lv+hv, rppd), 200 samples

Circuit: * g1_sense monte carlo: input-referred offset, mismatch models (mos lv+hv, rppd), 200 samples

Doing analysis at TEMP = 27.000000 and TNOM = 27.000000

Using SPARSE 1.3 as Direct Linear Solver
 Reference value :  0.00000e+00Note: Starting dynamic gmin stepping
Warning: singular matrix:  check node sub!

Warning: Dynamic gmin stepping failed
Note: Starting true gmin stepping
Warning: singular matrix:  check node sub!

Warning: singular matrix:  check node sub!

Warning: singular matrix:  check node sub!

Warning: singular matrix:  check node sub!

Warning: singular matrix:  check node sub!

Warning: True gmin stepping failed
Note: Starting source stepping
Warning: source stepping failed
Note: Transient op started
Note: Transient op finished successfully

No. of Data Rows : 1
MCA 20  vos_tot_cm0= 0.00230255  vos_ota= -0.00229093  vped= 0.996338
Doing analysis at TEMP = 27.000000 and TNOM = 27.000000

Using SPARSE 1.3 as Direct Linear Solver
 Reference value :  0.00000e+00Warning: singular matrix:  check node sub!

Note: Starting dynamic gmin stepping
Warning: singular matrix:  check node sub!

Warning: Dynamic gmin stepping failed
Note: Starting true gmin stepping
Warning: singular matrix:  check node sub!

Warning: singular matrix:  check node sub!

Warning: singular matrix:  check node sub!

Warning: singular matrix:  check node sub!

Warning: True gmin stepping failed
Note: Starting source stepping
Warning: source stepping failed
Note: Transient op started
Note: Transient op finished successfully

No. of Data Rows : 1
MCB 20  vos_tot_cm0.3= 0.00227334
Reset re-loads circuit * g1_sense monte carlo: input-referred offset, mismatch models (mos lv+hv, rppd), 200 samples

Circuit: * g1_sense monte carlo: input-referred offset, mismatch models (mos lv+hv, rppd), 200 samples

Doing analysis at TEMP = 27.000000 and TNOM = 27.000000

Using SPARSE 1.3 as Direct Linear Solver
 Reference value :  0.00000e+00Note: Starting dynamic gmin stepping
Warning: singular matrix:  check node xdut.xbuf.sub!

Warning: Dynamic gmin stepping failed
Note: Starting true gmin stepping
Warning: singular matrix:  check node xdut.xbuf.sub!

Warning: singular matrix:  check node xdut.xbuf.sub!

Warning: singular matrix:  check node xdut.xbuf.sub!

Warning: singular matrix:  check node xdut.xbuf.sub!

Warning: singular matrix:  check node xdut.xbuf.sub!

Warning: True gmin stepping failed
Note: Starting source stepping
Warning: source stepping failed
Note: Transient op started
Note: Transient op finished successfully

No. of Data Rows : 1
MCA 21  vos_tot_cm0= -0.000270467  vos_ota= 0.00030833  vped= 0.998736
Doing analysis at TEMP = 27.000000 and TNOM = 27.000000

Using SPARSE 1.3 as Direct Linear Solver
 Reference value :  0.00000e+00Warning: singular matrix:  check node xdut.xbuf.sub!

Note: Starting dynamic gmin stepping
Warning: singular matrix:  check node xdut.xbuf.sub!

Warning: Dynamic gmin stepping failed
Note: Starting true gmin stepping
Warning: singular matrix:  check node xdut.xbuf.sub!

Warning: singular matrix:  check node xdut.xbuf.sub!

Warning: singular matrix:  check node xdut.xbuf.sub!

Warning: singular matrix:  check node xdut.xbuf.sub!

Warning: True gmin stepping failed
Note: Starting source stepping
Warning: source stepping failed
Note: Transient op started
Note: Transient op finished successfully

No. of Data Rows : 1
MCB 21  vos_tot_cm0.3= -0.00030599
Reset re-loads circuit * g1_sense monte carlo: input-referred offset, mismatch models (mos lv+hv, rppd), 200 samples

Circuit: * g1_sense monte carlo: input-referred offset, mismatch models (mos lv+hv, rppd), 200 samples

Doing analysis at TEMP = 27.000000 and TNOM = 27.000000

Using SPARSE 1.3 as Direct Linear Solver
 Reference value :  0.00000e+00Note: Starting dynamic gmin stepping
Warning: singular matrix:  check node xdut.xbuf.sub!

Warning: Dynamic gmin stepping failed
Note: Starting true gmin stepping
Warning: singular matrix:  check node xdut.xbuf.sub!

Warning: singular matrix:  check node xdut.xbuf.sub!

Warning: singular matrix:  check node xdut.xbuf.sub!

Warning: singular matrix:  check node xdut.xbuf.sub!

Warning: singular matrix:  check node xdut.xbuf.sub!

Warning: True gmin stepping failed
Note: Starting source stepping
Warning: source stepping failed
Note: Transient op started
Note: Transient op finished successfully

No. of Data Rows : 1
MCA 22  vos_tot_cm0= -0.0031461  vos_ota= 0.00302718  vped= 1.00102
Doing analysis at TEMP = 27.000000 and TNOM = 27.000000

Using SPARSE 1.3 as Direct Linear Solver
 Reference value :  0.00000e+00Warning: singular matrix:  check node xdut.xbuf.sub!

Note: Starting dynamic gmin stepping
Warning: singular matrix:  check node xdut.xbuf.sub!

Warning: Dynamic gmin stepping failed
Note: Starting true gmin stepping
Warning: singular matrix:  check node xdut.xbuf.sub!

Warning: singular matrix:  check node xdut.xbuf.sub!

Warning: singular matrix:  check node xdut.xbuf.sub!

Warning: singular matrix:  check node xdut.xbuf.sub!

Warning: True gmin stepping failed
Note: Starting source stepping
Warning: source stepping failed
Note: Transient op started
Note: Transient op finished successfully

No. of Data Rows : 1
MCB 22  vos_tot_cm0.3= -0.00312064
Reset re-loads circuit * g1_sense monte carlo: input-referred offset, mismatch models (mos lv+hv, rppd), 200 samples

Circuit: * g1_sense monte carlo: input-referred offset, mismatch models (mos lv+hv, rppd), 200 samples

Doing analysis at TEMP = 27.000000 and TNOM = 27.000000

Using SPARSE 1.3 as Direct Linear Solver
 Reference value :  0.00000e+00Note: Starting dynamic gmin stepping
Warning: singular matrix:  check node xdut.xbuf.sub!

Warning: Dynamic gmin stepping failed
Note: Starting true gmin stepping
Warning: singular matrix:  check node xdut.xbuf.sub!

Warning: singular matrix:  check node xdut.xbuf.sub!

Warning: singular matrix:  check node xdut.xbuf.sub!

Warning: singular matrix:  check node xdut.xbuf.sub!

Warning: singular matrix:  check node xdut.xbuf.sub!

Warning: True gmin stepping failed
Note: Starting source stepping
Warning: source stepping failed
Note: Transient op started
Note: Transient op finished successfully

No. of Data Rows : 1
MCA 23  vos_tot_cm0= -0.00631269  vos_ota= 0.00604962  vped= 1.00174
Doing analysis at TEMP = 27.000000 and TNOM = 27.000000

Using SPARSE 1.3 as Direct Linear Solver
 Reference value :  0.00000e+00Warning: singular matrix:  check node xdut.xbuf.sub!

Note: Starting dynamic gmin stepping
Warning: singular matrix:  check node xdut.xbuf.sub!

Warning: Dynamic gmin stepping failed
Note: Starting true gmin stepping
Warning: singular matrix:  check node xdut.xbuf.sub!

Warning: singular matrix:  check node xdut.xbuf.sub!

Warning: singular matrix:  check node xdut.xbuf.sub!

Warning: singular matrix:  check node xdut.xbuf.sub!

Warning: True gmin stepping failed
Note: Starting source stepping
Warning: source stepping failed
Note: Transient op started
Note: Transient op finished successfully

No. of Data Rows : 1
MCB 23  vos_tot_cm0.3= -0.00626271
Reset re-loads circuit * g1_sense monte carlo: input-referred offset, mismatch models (mos lv+hv, rppd), 200 samples

Circuit: * g1_sense monte carlo: input-referred offset, mismatch models (mos lv+hv, rppd), 200 samples

Doing analysis at TEMP = 27.000000 and TNOM = 27.000000

Using SPARSE 1.3 as Direct Linear Solver
 Reference value :  0.00000e+00Note: Starting dynamic gmin stepping
Warning: singular matrix:  check node xdut.sub!

Warning: Dynamic gmin stepping failed
Note: Starting true gmin stepping
Warning: singular matrix:  check node xdut.sub!

Warning: singular matrix:  check node xdut.sub!

Warning: singular matrix:  check node xdut.sub!

Warning: singular matrix:  check node xdut.sub!

Warning: singular matrix:  check node xdut.sub!

Warning: True gmin stepping failed
Note: Starting source stepping
Warning: source stepping failed
Note: Transient op started
Note: Transient op finished successfully

No. of Data Rows : 1
MCA 24  vos_tot_cm0= -0.00311619  vos_ota= 0.00313466  vped= 1.00412
Doing analysis at TEMP = 27.000000 and TNOM = 27.000000

Using SPARSE 1.3 as Direct Linear Solver
OSDI(debug) n.xdut.xbuf.xrz.nr1: WARNING: V(i2,c) voltage is greater than specified by vmax
OSDI(debug) n.xdut.xbuf.xrz.nr1: WARNING: V(i2,c) voltage is greater than specified by vmax
OSDI(debug) n.xdut.xbuf.xrz.nr1: WARNING: V(i2,c) voltage is greater than specified by vmax
OSDI(debug) n.xdut.xbuf.xrz.nr1: WARNING: V(i2,c) voltage is greater than specified by vmax
OSDI(debug) n.xdut.xbuf.xrz.nr1: WARNING: V(i2,c) voltage is greater than specified by vmax
OSDI(debug) n.xdut.xbuf.xrz.nr1: WARNING: V(i2,c) voltage is greater than specified by vmax
OSDI(debug) n.xdut.xbuf.xrz.nr1: WARNING: V(i2,c) voltage is greater than specified by vmax
OSDI(debug) n.xdut.xbuf.xrz.nr1: WARNING: V(i2,c) voltage is greater than specified by vmax
OSDI(debug) n.xdut.xbuf.xrz.nr1: WARNING: V(i2,c) voltage is greater than specified by vmax
OSDI(debug) n.xdut.xbuf.xrz.nr1: WARNING: V(i2,c) voltage is greater than specified by vmax
OSDI(debug) n.xdut.xbuf.xrz.nr1: WARNING: V(i2,c) voltage is greater than specified by vmax
OSDI(debug) n.xdut.xbuf.xrz.nr1: WARNING: V(i2,c) voltage is greater than specified by vmax
OSDI(debug) n.xdut.xbuf.xrz.nr1: WARNING: V(i2,c) voltage is greater than specified by vmax
OSDI(debug) n.xdut.xbuf.xrz.nr1: WARNING: V(i2,c) voltage is greater than specified by vmax
OSDI(debug) n.xdut.xbuf.xrz.nr1: WARNING: V(i2,c) voltage is greater than specified by vmax
OSDI(debug) n.xdut.xbuf.xrz.nr1: WARNING: V(i2,c) voltage is greater than specified by vmax
OSDI(debug) n.xdut.xbuf.xrz.nr1: WARNING: V(i2,c) voltage is greater than specified by vmax
OSDI(debug) n.xdut.xbuf.xrz.nr1: WARNING: V(i2,c) voltage is greater than specified by vmax
OSDI(debug) n.xdut.xbuf.xrz.nr1: WARNING: V(i2,c) voltage is greater than specified by vmax
OSDI(debug) n.xdut.xbuf.xrz.nr1: WARNING: V(i2,c) voltage is greater than specified by vmax
OSDI(debug) n.xdut.xbuf.xrz.nr1: WARNING: V(i2,c) voltage is greater than specified by vmax
OSDI(debug) n.xdut.xbuf.xrz.nr1: WARNING: V(i2,c) voltage is greater than specified by vmax
OSDI(debug) n.xdut.xbuf.xrz.nr1: WARNING: V(i2,c) voltage is greater than specified by vmax
OSDI(debug) n.xdut.xbuf.xrz.nr1: WARNING: V(i2,c) voltage is greater than specified by vmax
OSDI(debug) n.xdut.xbuf.xrz.nr1: WARNING: V(i2,c) voltage is greater than specified by vmax
OSDI(debug) n.xdut.xbuf.xrz.nr1: WARNING: V(i2,c) voltage is greater than specified by vmax
OSDI(debug) n.xdut.xbuf.xrz.nr1: WARNING: V(i2,c) voltage is greater than specified by vmax
 Reference value :  0.00000e+00Warning: singular matrix:  check node xdut.xota.sub!

Note: Starting dynamic gmin stepping
Warning: singular matrix:  check node xdut.xota.sub!

Warning: Dynamic gmin stepping failed
Note: Starting true gmin stepping
Warning: singular matrix:  check node xdut.xota.sub!

Warning: singular matrix:  check node xdut.xota.sub!

Warning: singular matrix:  check node xdut.xota.sub!

Warning: singular matrix:  check node xdut.xota.sub!

Warning: True gmin stepping failed
Note: Starting source stepping
Warning: source stepping failed
Note: Transient op started
Note: Transient op finished successfully

No. of Data Rows : 1
MCB 24  vos_tot_cm0.3= -0.00309044
Reset re-loads circuit * g1_sense monte carlo: input-referred offset, mismatch models (mos lv+hv, rppd), 200 samples

Circuit: * g1_sense monte carlo: input-referred offset, mismatch models (mos lv+hv, rppd), 200 samples

Doing analysis at TEMP = 27.000000 and TNOM = 27.000000

Using SPARSE 1.3 as Direct Linear Solver
 Reference value :  0.00000e+00Note: Starting dynamic gmin stepping
Warning: singular matrix:  check node xdut.xota.sub!

Warning: Dynamic gmin stepping failed
Note: Starting true gmin stepping
Warning: singular matrix:  check node xdut.xota.sub!

Warning: singular matrix:  check node xdut.xota.sub!

Warning: singular matrix:  check node xdut.xota.sub!

Warning: singular matrix:  check node xdut.xota.sub!

Warning: singular matrix:  check node xdut.xota.sub!

Warning: True gmin stepping failed
Note: Starting source stepping
Warning: source stepping failed
Note: Transient op started
Note: Transient op finished successfully

No. of Data Rows : 1
MCA 25  vos_tot_cm0= -0.00381607  vos_ota= 0.00370508  vped= 1.00261
Doing analysis at TEMP = 27.000000 and TNOM = 27.000000

Using SPARSE 1.3 as Direct Linear Solver
 Reference value :  0.00000e+00Warning: singular matrix:  check node sub!

Note: Starting dynamic gmin stepping
Warning: singular matrix:  check node sub!

Warning: Dynamic gmin stepping failed
Note: Starting true gmin stepping
Warning: singular matrix:  check node sub!

Warning: singular matrix:  check node sub!

Warning: singular matrix:  check node sub!

Warning: singular matrix:  check node sub!

Warning: True gmin stepping failed
Note: Starting source stepping
Warning: source stepping failed
Note: Transient op started
Note: Transient op finished successfully

No. of Data Rows : 1
MCB 25  vos_tot_cm0.3= -0.00377606
Reset re-loads circuit * g1_sense monte carlo: input-referred offset, mismatch models (mos lv+hv, rppd), 200 samples

Circuit: * g1_sense monte carlo: input-referred offset, mismatch models (mos lv+hv, rppd), 200 samples

Doing analysis at TEMP = 27.000000 and TNOM = 27.000000

Using SPARSE 1.3 as Direct Linear Solver
 Reference value :  0.00000e+00Note: Starting dynamic gmin stepping
Warning: singular matrix:  check node xdut.sub!

Warning: Dynamic gmin stepping failed
Note: Starting true gmin stepping
Warning: singular matrix:  check node xdut.sub!

Warning: singular matrix:  check node xdut.sub!

Warning: singular matrix:  check node xdut.sub!

Warning: singular matrix:  check node xdut.sub!

Warning: singular matrix:  check node xdut.sub!

Warning: True gmin stepping failed
Note: Starting source stepping
Warning: source stepping failed
Note: Transient op started
Note: Transient op finished successfully

No. of Data Rows : 1
MCA 26  vos_tot_cm0= -0.00338099  vos_ota= 0.0031322  vped= 1.00145
Doing analysis at TEMP = 27.000000 and TNOM = 27.000000

Using SPARSE 1.3 as Direct Linear Solver
 Reference value :  0.00000e+00Warning: singular matrix:  check node xdut.xota.sub!

Note: Starting dynamic gmin stepping
Warning: singular matrix:  check node xdut.xota.sub!

Warning: Dynamic gmin stepping failed
Note: Starting true gmin stepping
Warning: singular matrix:  check node xdut.xota.sub!

Warning: singular matrix:  check node xdut.xota.sub!

Warning: singular matrix:  check node xdut.xota.sub!

Warning: singular matrix:  check node xdut.xota.sub!

Warning: True gmin stepping failed
Note: Starting source stepping
Warning: source stepping failed
Note: Transient op started
Note: Transient op finished successfully

No. of Data Rows : 1
MCB 26  vos_tot_cm0.3= -0.00331309
Reset re-loads circuit * g1_sense monte carlo: input-referred offset, mismatch models (mos lv+hv, rppd), 200 samples

Circuit: * g1_sense monte carlo: input-referred offset, mismatch models (mos lv+hv, rppd), 200 samples

Doing analysis at TEMP = 27.000000 and TNOM = 27.000000

Using SPARSE 1.3 as Direct Linear Solver
 Reference value :  0.00000e+00Note: Starting dynamic gmin stepping
Warning: singular matrix:  check node xdut.xota.sub!

Warning: Dynamic gmin stepping failed
Note: Starting true gmin stepping
Warning: singular matrix:  check node xdut.xota.sub!

Warning: singular matrix:  check node xdut.xota.sub!

Warning: singular matrix:  check node xdut.xota.sub!

Warning: singular matrix:  check node xdut.xota.sub!

Warning: singular matrix:  check node xdut.xota.sub!

Warning: True gmin stepping failed
Note: Starting source stepping
Warning: source stepping failed
Note: Transient op started
Note: Transient op finished successfully

No. of Data Rows : 1
MCA 27  vos_tot_cm0= 0.00353963  vos_ota= -0.00327778  vped= 1.00182
Doing analysis at TEMP = 27.000000 and TNOM = 27.000000

Using SPARSE 1.3 as Direct Linear Solver
 Reference value :  0.00000e+00Warning: singular matrix:  check node xdut.xota.sub!

Note: Starting dynamic gmin stepping
Warning: singular matrix:  check node xdut.xota.sub!

Warning: Dynamic gmin stepping failed
Note: Starting true gmin stepping
Warning: singular matrix:  check node xdut.xota.sub!

Warning: singular matrix:  check node xdut.xota.sub!

Warning: singular matrix:  check node xdut.xota.sub!

Warning: singular matrix:  check node xdut.xota.sub!

Warning: True gmin stepping failed
Note: Starting source stepping
Warning: source stepping failed
Note: Transient op started
Note: Transient op finished successfully

No. of Data Rows : 1
MCB 27  vos_tot_cm0.3= 0.00351887
Reset re-loads circuit * g1_sense monte carlo: input-referred offset, mismatch models (mos lv+hv, rppd), 200 samples

Circuit: * g1_sense monte carlo: input-referred offset, mismatch models (mos lv+hv, rppd), 200 samples

Doing analysis at TEMP = 27.000000 and TNOM = 27.000000

Using SPARSE 1.3 as Direct Linear Solver
 Reference value :  0.00000e+00Note: Starting dynamic gmin stepping
Warning: singular matrix:  check node xdut.xota.sub!

Warning: Dynamic gmin stepping failed
Note: Starting true gmin stepping
Warning: singular matrix:  check node xdut.xota.sub!

Warning: singular matrix:  check node xdut.xota.sub!

Warning: singular matrix:  check node xdut.xota.sub!

Warning: singular matrix:  check node xdut.xota.sub!

Warning: singular matrix:  check node xdut.xota.sub!

Warning: True gmin stepping failed
Note: Starting source stepping
Warning: source stepping failed
Note: Transient op started
Note: Transient op finished successfully

No. of Data Rows : 1
MCA 28  vos_tot_cm0= -0.00330149  vos_ota= 0.00285947  vped= 0.99741
Doing analysis at TEMP = 27.000000 and TNOM = 27.000000

Using SPARSE 1.3 as Direct Linear Solver
OSDI(debug) n.xdut.xbuf.xrz.nr1: WARNING: V(i2,c) voltage is greater than specified by vmax
OSDI(debug) n.xdut.xbuf.xrz.nr1: WARNING: V(i2,c) voltage is greater than specified by vmax
OSDI(debug) n.xdut.xbuf.xrz.nr1: WARNING: V(i2,c) voltage is greater than specified by vmax
OSDI(debug) n.xdut.xbuf.xrz.nr1: WARNING: V(i2,c) voltage is greater than specified by vmax
OSDI(debug) n.xdut.xbuf.xrz.nr1: WARNING: V(i2,c) voltage is greater than specified by vmax
OSDI(debug) n.xdut.xbuf.xrz.nr1: WARNING: V(i2,c) voltage is greater than specified by vmax
OSDI(debug) n.xdut.xbuf.xrz.nr1: WARNING: V(i2,c) voltage is greater than specified by vmax
OSDI(debug) n.xdut.xbuf.xrz.nr1: WARNING: V(i2,c) voltage is greater than specified by vmax
OSDI(debug) n.xdut.xbuf.xrz.nr1: WARNING: V(i2,c) voltage is greater than specified by vmax
OSDI(debug) n.xdut.xbuf.xrz.nr1: WARNING: V(i2,c) voltage is greater than specified by vmax
OSDI(debug) n.xdut.xbuf.xrz.nr1: WARNING: V(i2,c) voltage is greater than specified by vmax
OSDI(debug) n.xdut.xbuf.xrz.nr1: WARNING: V(i2,c) voltage is greater than specified by vmax
OSDI(debug) n.xdut.xbuf.xrz.nr1: WARNING: V(i2,c) voltage is greater than specified by vmax
OSDI(debug) n.xdut.xbuf.xrz.nr1: WARNING: V(i2,c) voltage is greater than specified by vmax
OSDI(debug) n.xdut.xbuf.xrz.nr1: WARNING: V(i2,c) voltage is greater than specified by vmax
OSDI(debug) n.xdut.xbuf.xrz.nr1: WARNING: V(i2,c) voltage is greater than specified by vmax
OSDI(debug) n.xdut.xbuf.xrz.nr1: WARNING: V(i2,c) voltage is greater than specified by vmax
OSDI(debug) n.xdut.xbuf.xrz.nr1: WARNING: V(i2,c) voltage is greater than specified by vmax
OSDI(debug) n.xdut.xbuf.xrz.nr1: WARNING: V(i2,c) voltage is greater than specified by vmax
OSDI(debug) n.xdut.xbuf.xrz.nr1: WARNING: V(i2,c) voltage is greater than specified by vmax
OSDI(debug) n.xdut.xbuf.xrz.nr1: WARNING: V(i2,c) voltage is greater than specified by vmax
 Reference value :  0.00000e+00Warning: singular matrix:  check node xdut.xota.sub!

Note: Starting dynamic gmin stepping
Warning: singular matrix:  check node xdut.xota.sub!

Warning: Dynamic gmin stepping failed
Note: Starting true gmin stepping
Warning: singular matrix:  check node xdut.xota.sub!

Warning: singular matrix:  check node xdut.xota.sub!

Warning: singular matrix:  check node xdut.xota.sub!

Warning: singular matrix:  check node xdut.xota.sub!

Warning: True gmin stepping failed
Note: Starting source stepping
Warning: source stepping failed
Note: Transient op started
Note: Transient op finished successfully

No. of Data Rows : 1
MCB 28  vos_tot_cm0.3= -0.00323144
Reset re-loads circuit * g1_sense monte carlo: input-referred offset, mismatch models (mos lv+hv, rppd), 200 samples

Circuit: * g1_sense monte carlo: input-referred offset, mismatch models (mos lv+hv, rppd), 200 samples

Doing analysis at TEMP = 27.000000 and TNOM = 27.000000

Using SPARSE 1.3 as Direct Linear Solver
 Reference value :  0.00000e+00Note: Starting dynamic gmin stepping
Warning: singular matrix:  check node xdut.sub!

Warning: Dynamic gmin stepping failed
Note: Starting true gmin stepping
Warning: singular matrix:  check node xdut.sub!

Warning: singular matrix:  check node xdut.sub!

Warning: singular matrix:  check node xdut.sub!

Warning: singular matrix:  check node xdut.sub!

Warning: singular matrix:  check node xdut.sub!

Warning: True gmin stepping failed
Note: Starting source stepping
Warning: source stepping failed
Note: Transient op started
Note: Transient op finished successfully

No. of Data Rows : 1
MCA 29  vos_tot_cm0= 0.000756253  vos_ota= -0.000524334  vped= 1.0028
Doing analysis at TEMP = 27.000000 and TNOM = 27.000000

Using SPARSE 1.3 as Direct Linear Solver
 Reference value :  0.00000e+00Warning: singular matrix:  check node xdut.xota.sub!

Note: Starting dynamic gmin stepping
Warning: singular matrix:  check node xdut.xota.sub!

Warning: Dynamic gmin stepping failed
Note: Starting true gmin stepping
Warning: singular matrix:  check node xdut.xota.sub!

Warning: singular matrix:  check node xdut.xota.sub!

Warning: singular matrix:  check node xdut.xota.sub!

Warning: singular matrix:  check node xdut.xota.sub!

Warning: True gmin stepping failed
Note: Starting source stepping
Warning: source stepping failed
Note: Transient op started
Note: Transient op finished successfully

No. of Data Rows : 1
MCB 29  vos_tot_cm0.3= 0.000737516
Reset re-loads circuit * g1_sense monte carlo: input-referred offset, mismatch models (mos lv+hv, rppd), 200 samples

Circuit: * g1_sense monte carlo: input-referred offset, mismatch models (mos lv+hv, rppd), 200 samples

Doing analysis at TEMP = 27.000000 and TNOM = 27.000000

Using SPARSE 1.3 as Direct Linear Solver
 Reference value :  0.00000e+00Note: Starting dynamic gmin stepping
Warning: singular matrix:  check node xdut.xbuf.sub!

Warning: Dynamic gmin stepping failed
Note: Starting true gmin stepping
Warning: singular matrix:  check node xdut.xbuf.sub!

Warning: singular matrix:  check node xdut.xbuf.sub!

Warning: singular matrix:  check node xdut.xbuf.sub!

Warning: singular matrix:  check node xdut.xbuf.sub!

Warning: singular matrix:  check node xdut.xbuf.sub!

Warning: True gmin stepping failed
Note: Starting source stepping
Warning: source stepping failed
Note: Transient op started
Note: Transient op finished successfully

No. of Data Rows : 1
MCA 30  vos_tot_cm0= 0.00454769  vos_ota= -0.004657  vped= 0.992866
Doing analysis at TEMP = 27.000000 and TNOM = 27.000000

Using SPARSE 1.3 as Direct Linear Solver
 Reference value :  0.00000e+00Warning: singular matrix:  check node xdut.xbuf.sub!

Note: Starting dynamic gmin stepping
Warning: singular matrix:  check node xdut.xbuf.sub!

Warning: Dynamic gmin stepping failed
Note: Starting true gmin stepping
Warning: singular matrix:  check node xdut.xbuf.sub!

Warning: singular matrix:  check node xdut.xbuf.sub!

Warning: singular matrix:  check node xdut.xbuf.sub!

Warning: singular matrix:  check node xdut.xbuf.sub!

Warning: True gmin stepping failed
Note: Starting source stepping
Warning: source stepping failed
Note: Transient op started
Note: Transient op finished successfully

No. of Data Rows : 1
MCB 30  vos_tot_cm0.3= 0.00452076
Reset re-loads circuit * g1_sense monte carlo: input-referred offset, mismatch models (mos lv+hv, rppd), 200 samples

Circuit: * g1_sense monte carlo: input-referred offset, mismatch models (mos lv+hv, rppd), 200 samples

Doing analysis at TEMP = 27.000000 and TNOM = 27.000000

Using SPARSE 1.3 as Direct Linear Solver
 Reference value :  0.00000e+00Note: Starting dynamic gmin stepping
Warning: singular matrix:  check node xdut.xbuf.sub!

Warning: Dynamic gmin stepping failed
Note: Starting true gmin stepping
Warning: singular matrix:  check node xdut.xbuf.sub!

Warning: singular matrix:  check node xdut.xbuf.sub!

Warning: singular matrix:  check node xdut.xbuf.sub!

Warning: singular matrix:  check node xdut.xbuf.sub!

Warning: singular matrix:  check node xdut.xbuf.sub!

Warning: True gmin stepping failed
Note: Starting source stepping
Warning: source stepping failed
Note: Transient op started
Note: Transient op finished successfully

No. of Data Rows : 1
MCA 31  vos_tot_cm0= -0.000647782  vos_ota= 0.000529508  vped= 0.99448
Doing analysis at TEMP = 27.000000 and TNOM = 27.000000

Using SPARSE 1.3 as Direct Linear Solver
 Reference value :  0.00000e+00Warning: singular matrix:  check node xdut.xbuf.sub!

Note: Starting dynamic gmin stepping
Warning: singular matrix:  check node xdut.xbuf.sub!

Warning: Dynamic gmin stepping failed
Note: Starting true gmin stepping
Warning: singular matrix:  check node xdut.xbuf.sub!

Warning: singular matrix:  check node xdut.xbuf.sub!

Warning: singular matrix:  check node xdut.xbuf.sub!

Warning: singular matrix:  check node xdut.xbuf.sub!

Warning: True gmin stepping failed
Note: Starting source stepping
Warning: source stepping failed
Note: Transient op started
Note: Transient op finished successfully

No. of Data Rows : 1
MCB 31  vos_tot_cm0.3= -0.000702645
Reset re-loads circuit * g1_sense monte carlo: input-referred offset, mismatch models (mos lv+hv, rppd), 200 samples

Circuit: * g1_sense monte carlo: input-referred offset, mismatch models (mos lv+hv, rppd), 200 samples

Doing analysis at TEMP = 27.000000 and TNOM = 27.000000

Using SPARSE 1.3 as Direct Linear Solver
 Reference value :  0.00000e+00Note: Starting dynamic gmin stepping
Warning: singular matrix:  check node xdut.xbuf.sub!

Warning: Dynamic gmin stepping failed
Note: Starting true gmin stepping
Warning: singular matrix:  check node xdut.xbuf.sub!

Warning: singular matrix:  check node xdut.xbuf.sub!

Warning: singular matrix:  check node xdut.xbuf.sub!

Warning: singular matrix:  check node xdut.xbuf.sub!

Warning: singular matrix:  check node xdut.xbuf.sub!

Warning: True gmin stepping failed
Note: Starting source stepping
Warning: source stepping failed
Note: Transient op started
Note: Transient op finished successfully

No. of Data Rows : 1
MCA 32  vos_tot_cm0= -0.000938011  vos_ota= 0.00116748  vped= 1.00834
Doing analysis at TEMP = 27.000000 and TNOM = 27.000000

Using SPARSE 1.3 as Direct Linear Solver
 Reference value :  0.00000e+00Warning: singular matrix:  check node xdut.sub!

Note: Starting dynamic gmin stepping
Warning: singular matrix:  check node xdut.sub!

Warning: Dynamic gmin stepping failed
Note: Starting true gmin stepping
Warning: singular matrix:  check node xdut.sub!

Warning: singular matrix:  check node xdut.sub!

Warning: singular matrix:  check node xdut.sub!

Warning: singular matrix:  check node xdut.sub!

Warning: True gmin stepping failed
Note: Starting source stepping
Warning: source stepping failed
Note: Transient op started
Note: Transient op finished successfully

No. of Data Rows : 1
MCB 32  vos_tot_cm0.3= -0.000884301
Reset re-loads circuit * g1_sense monte carlo: input-referred offset, mismatch models (mos lv+hv, rppd), 200 samples

Circuit: * g1_sense monte carlo: input-referred offset, mismatch models (mos lv+hv, rppd), 200 samples

Doing analysis at TEMP = 27.000000 and TNOM = 27.000000

Using SPARSE 1.3 as Direct Linear Solver
 Reference value :  0.00000e+00Note: Starting dynamic gmin stepping
Warning: singular matrix:  check node xdut.xbuf.sub!

Warning: Dynamic gmin stepping failed
Note: Starting true gmin stepping
Warning: singular matrix:  check node xdut.xbuf.sub!

Warning: singular matrix:  check node xdut.xbuf.sub!

Warning: singular matrix:  check node xdut.xbuf.sub!

Warning: singular matrix:  check node xdut.xbuf.sub!

Warning: singular matrix:  check node xdut.xbuf.sub!

Warning: True gmin stepping failed
Note: Starting source stepping
Warning: source stepping failed
Note: Transient op started
Note: Transient op finished successfully

No. of Data Rows : 1
MCA 33  vos_tot_cm0= 0.00260899  vos_ota= -0.00267451  vped= 0.996273
Doing analysis at TEMP = 27.000000 and TNOM = 27.000000

Using SPARSE 1.3 as Direct Linear Solver
 Reference value :  0.00000e+00Warning: singular matrix:  check node xdut.xota.sub!

Note: Starting dynamic gmin stepping
Warning: singular matrix:  check node xdut.xota.sub!

Warning: Dynamic gmin stepping failed
Note: Starting true gmin stepping
Warning: singular matrix:  check node xdut.xota.sub!

Warning: singular matrix:  check node xdut.xota.sub!

Warning: singular matrix:  check node xdut.xota.sub!

Warning: singular matrix:  check node xdut.xota.sub!

Warning: True gmin stepping failed
Note: Starting source stepping
Warning: source stepping failed
Note: Transient op started
Note: Transient op finished successfully

No. of Data Rows : 1
MCB 33  vos_tot_cm0.3= 0.00260409
Reset re-loads circuit * g1_sense monte carlo: input-referred offset, mismatch models (mos lv+hv, rppd), 200 samples

Circuit: * g1_sense monte carlo: input-referred offset, mismatch models (mos lv+hv, rppd), 200 samples

Doing analysis at TEMP = 27.000000 and TNOM = 27.000000

Using SPARSE 1.3 as Direct Linear Solver
 Reference value :  0.00000e+00Note: Starting dynamic gmin stepping
Warning: singular matrix:  check node xdut.sub!

Warning: Dynamic gmin stepping failed
Note: Starting true gmin stepping
Warning: singular matrix:  check node xdut.sub!

Warning: singular matrix:  check node xdut.sub!

Warning: singular matrix:  check node xdut.sub!

Warning: singular matrix:  check node xdut.sub!

Warning: singular matrix:  check node xdut.sub!

Warning: True gmin stepping failed
Note: Starting source stepping
Warning: source stepping failed
Note: Transient op started
Note: Transient op finished successfully

No. of Data Rows : 1
MCA 34  vos_tot_cm0= -0.00190133  vos_ota= 0.00184618  vped= 0.999416
Doing analysis at TEMP = 27.000000 and TNOM = 27.000000

Using SPARSE 1.3 as Direct Linear Solver
 Reference value :  0.00000e+00Warning: singular matrix:  check node sub!

Note: Starting dynamic gmin stepping
Warning: singular matrix:  check node sub!

Warning: Dynamic gmin stepping failed
Note: Starting true gmin stepping
Warning: singular matrix:  check node sub!

Warning: singular matrix:  check node sub!

Warning: singular matrix:  check node sub!

Warning: singular matrix:  check node sub!

Warning: True gmin stepping failed
Note: Starting source stepping
Warning: source stepping failed
Note: Transient op started
Note: Transient op finished successfully

No. of Data Rows : 1
MCB 34  vos_tot_cm0.3= -0.00190704
Reset re-loads circuit * g1_sense monte carlo: input-referred offset, mismatch models (mos lv+hv, rppd), 200 samples

Circuit: * g1_sense monte carlo: input-referred offset, mismatch models (mos lv+hv, rppd), 200 samples

Doing analysis at TEMP = 27.000000 and TNOM = 27.000000

Using SPARSE 1.3 as Direct Linear Solver
 Reference value :  0.00000e+00Note: Starting dynamic gmin stepping
Warning: singular matrix:  check node xdut.xbuf.sub!

Warning: Dynamic gmin stepping failed
Note: Starting true gmin stepping
Warning: singular matrix:  check node xdut.xbuf.sub!

Warning: singular matrix:  check node xdut.xbuf.sub!

Warning: singular matrix:  check node xdut.xbuf.sub!

Warning: singular matrix:  check node xdut.xbuf.sub!

Warning: singular matrix:  check node xdut.xbuf.sub!

Warning: True gmin stepping failed
Note: Starting source stepping
Warning: source stepping failed
Note: Transient op started
Note: Transient op finished successfully

No. of Data Rows : 1
MCA 35  vos_tot_cm0= -0.00826384  vos_ota= 0.00796634  vped= 1.0031
Doing analysis at TEMP = 27.000000 and TNOM = 27.000000

Using SPARSE 1.3 as Direct Linear Solver
 Reference value :  0.00000e+00Warning: singular matrix:  check node xdut.xota.sub!

Note: Starting dynamic gmin stepping
Warning: singular matrix:  check node xdut.xota.sub!

Warning: Dynamic gmin stepping failed
Note: Starting true gmin stepping
Warning: singular matrix:  check node xdut.xota.sub!

Warning: singular matrix:  check node xdut.xota.sub!

Warning: singular matrix:  check node xdut.xota.sub!

Warning: singular matrix:  check node xdut.xota.sub!

Warning: True gmin stepping failed
Note: Starting source stepping
Warning: source stepping failed
Note: Transient op started
Note: Transient op finished successfully

No. of Data Rows : 1
MCB 35  vos_tot_cm0.3= -0.00819762
Reset re-loads circuit * g1_sense monte carlo: input-referred offset, mismatch models (mos lv+hv, rppd), 200 samples

Circuit: * g1_sense monte carlo: input-referred offset, mismatch models (mos lv+hv, rppd), 200 samples

Doing analysis at TEMP = 27.000000 and TNOM = 27.000000

Using SPARSE 1.3 as Direct Linear Solver
 Reference value :  0.00000e+00Note: Starting dynamic gmin stepping
Warning: singular matrix:  check node xdut.xota.sub!

Warning: Dynamic gmin stepping failed
Note: Starting true gmin stepping
Warning: singular matrix:  check node xdut.xota.sub!

Warning: singular matrix:  check node xdut.xota.sub!

Warning: singular matrix:  check node xdut.xota.sub!

Warning: singular matrix:  check node xdut.xota.sub!

Warning: singular matrix:  check node xdut.xota.sub!

Warning: True gmin stepping failed
Note: Starting source stepping
Warning: source stepping failed
Note: Transient op started
Note: Transient op finished successfully

No. of Data Rows : 1
MCA 36  vos_tot_cm0= 9.85743E-05  vos_ota= 2.89094E-05  vped= 1.00034
Doing analysis at TEMP = 27.000000 and TNOM = 27.000000

Using SPARSE 1.3 as Direct Linear Solver
 Reference value :  0.00000e+00Warning: singular matrix:  check node xdut.xbuf.sub!

Note: Starting dynamic gmin stepping
Warning: singular matrix:  check node xdut.xbuf.sub!

Warning: Dynamic gmin stepping failed
Note: Starting true gmin stepping
Warning: singular matrix:  check node xdut.xbuf.sub!

Warning: singular matrix:  check node xdut.xbuf.sub!

Warning: singular matrix:  check node xdut.xbuf.sub!

Warning: singular matrix:  check node xdut.xbuf.sub!

Warning: True gmin stepping failed
Note: Starting source stepping
Warning: source stepping failed
Note: Transient op started
Note: Transient op finished successfully

No. of Data Rows : 1
MCB 36  vos_tot_cm0.3= 7.0377E-05
Reset re-loads circuit * g1_sense monte carlo: input-referred offset, mismatch models (mos lv+hv, rppd), 200 samples

Circuit: * g1_sense monte carlo: input-referred offset, mismatch models (mos lv+hv, rppd), 200 samples

Doing analysis at TEMP = 27.000000 and TNOM = 27.000000

Using SPARSE 1.3 as Direct Linear Solver
 Reference value :  0.00000e+00Note: Starting dynamic gmin stepping
Warning: singular matrix:  check node xdut.sub!

Warning: Dynamic gmin stepping failed
Note: Starting true gmin stepping
Warning: singular matrix:  check node xdut.sub!

Warning: singular matrix:  check node xdut.sub!

Warning: singular matrix:  check node xdut.sub!

Warning: singular matrix:  check node xdut.sub!

Warning: singular matrix:  check node xdut.sub!

Warning: True gmin stepping failed
Note: Starting source stepping
Warning: source stepping failed
Note: Transient op started
Note: Transient op finished successfully

No. of Data Rows : 1
MCA 37  vos_tot_cm0= -0.00331834  vos_ota= 0.00305664  vped= 0.99327
Doing analysis at TEMP = 27.000000 and TNOM = 27.000000

Using SPARSE 1.3 as Direct Linear Solver
 Reference value :  0.00000e+00Warning: singular matrix:  check node xdut.xbuf.sub!

Note: Starting dynamic gmin stepping
Warning: singular matrix:  check node xdut.xbuf.sub!

Warning: Dynamic gmin stepping failed
Note: Starting true gmin stepping
Warning: singular matrix:  check node xdut.xbuf.sub!

Warning: singular matrix:  check node xdut.xbuf.sub!

Warning: singular matrix:  check node xdut.xbuf.sub!

Warning: singular matrix:  check node xdut.xbuf.sub!

Warning: True gmin stepping failed
Note: Starting source stepping
Warning: source stepping failed
Note: Transient op started
Note: Transient op finished successfully

No. of Data Rows : 1
MCB 37  vos_tot_cm0.3= -0.0033635
Reset re-loads circuit * g1_sense monte carlo: input-referred offset, mismatch models (mos lv+hv, rppd), 200 samples

Circuit: * g1_sense monte carlo: input-referred offset, mismatch models (mos lv+hv, rppd), 200 samples

Doing analysis at TEMP = 27.000000 and TNOM = 27.000000

Using SPARSE 1.3 as Direct Linear Solver
 Reference value :  0.00000e+00Note: Starting dynamic gmin stepping
Warning: singular matrix:  check node xdut.xota.sub!

Warning: Dynamic gmin stepping failed
Note: Starting true gmin stepping
Warning: singular matrix:  check node xdut.xota.sub!

Warning: singular matrix:  check node xdut.xota.sub!

Warning: singular matrix:  check node xdut.xota.sub!

Warning: singular matrix:  check node xdut.xota.sub!

Warning: singular matrix:  check node xdut.xota.sub!

Warning: True gmin stepping failed
Note: Starting source stepping
Warning: source stepping failed
Note: Transient op started
Note: Transient op finished successfully

No. of Data Rows : 1
MCA 38  vos_tot_cm0= 0.00104094  vos_ota= -0.00100487  vped= 1.00432
Doing analysis at TEMP = 27.000000 and TNOM = 27.000000

Using SPARSE 1.3 as Direct Linear Solver
 Reference value :  0.00000e+00Warning: singular matrix:  check node xdut.xota.sub!

Note: Starting dynamic gmin stepping
Warning: singular matrix:  check node xdut.xota.sub!

Warning: Dynamic gmin stepping failed
Note: Starting true gmin stepping
Warning: singular matrix:  check node xdut.xota.sub!

Warning: singular matrix:  check node xdut.xota.sub!

Warning: singular matrix:  check node xdut.xota.sub!

Warning: singular matrix:  check node xdut.xota.sub!

Warning: True gmin stepping failed
Note: Starting source stepping
Warning: source stepping failed
Note: Transient op started
Note: Transient op finished successfully

No. of Data Rows : 1
MCB 38  vos_tot_cm0.3= 0.00110135
Reset re-loads circuit * g1_sense monte carlo: input-referred offset, mismatch models (mos lv+hv, rppd), 200 samples

Circuit: * g1_sense monte carlo: input-referred offset, mismatch models (mos lv+hv, rppd), 200 samples

Doing analysis at TEMP = 27.000000 and TNOM = 27.000000

Using SPARSE 1.3 as Direct Linear Solver
 Reference value :  0.00000e+00
No. of Data Rows : 1
MCA 39  vos_tot_cm0= -0.000518325  vos_ota= 0.000511959  vped= 0.997627
Doing analysis at TEMP = 27.000000 and TNOM = 27.000000

Using SPARSE 1.3 as Direct Linear Solver
OSDI(debug) n.xdut.xbuf.xrz.nr1: WARNING: V(i2,c) voltage is greater than specified by vmax
OSDI(debug) n.xdut.xbuf.xrz.nr1: WARNING: V(i2,c) voltage is greater than specified by vmax
OSDI(debug) n.xdut.xbuf.xrz.nr1: WARNING: V(i2,c) voltage is greater than specified by vmax
OSDI(debug) n.xdut.xbuf.xrz.nr1: WARNING: V(i2,c) voltage is greater than specified by vmax
OSDI(debug) n.xdut.xbuf.xrz.nr1: WARNING: V(i2,c) voltage is greater than specified by vmax
OSDI(debug) n.xdut.xbuf.xrz.nr1: WARNING: V(i2,c) voltage is greater than specified by vmax
OSDI(debug) n.xdut.xbuf.xrz.nr1: WARNING: V(i2,c) voltage is greater than specified by vmax
OSDI(debug) n.xdut.xbuf.xrz.nr1: WARNING: V(i2,c) voltage is greater than specified by vmax
OSDI(debug) n.xdut.xbuf.xrz.nr1: WARNING: V(i2,c) voltage is greater than specified by vmax
OSDI(debug) n.xdut.xbuf.xrz.nr1: WARNING: V(i2,c) voltage is greater than specified by vmax
OSDI(debug) n.xdut.xbuf.xrz.nr1: WARNING: V(i2,c) voltage is greater than specified by vmax
OSDI(debug) n.xdut.xbuf.xrz.nr1: WARNING: V(i2,c) voltage is greater than specified by vmax
OSDI(debug) n.xdut.xbuf.xrz.nr1: WARNING: V(i2,c) voltage is greater than specified by vmax
OSDI(debug) n.xdut.xbuf.xrz.nr1: WARNING: V(i2,c) voltage is greater than specified by vmax
OSDI(debug) n.xdut.xbuf.xrz.nr1: WARNING: V(i2,c) voltage is greater than specified by vmax
OSDI(debug) n.xdut.xbuf.xrz.nr1: WARNING: V(i2,c) voltage is greater than specified by vmax
OSDI(debug) n.xrl2.nr1: WARNING: V(i1,c) voltage is greater than specified by vmax
OSDI(debug) n.xrl1.nr1: WARNING: V(i2,c) voltage is greater than specified by vmax
OSDI(debug) n.xdut.xbuf.xrz.nr1: WARNING: V(i2,c) voltage is greater than specified by vmax
OSDI(debug) n.xdut.xr2p19.nr1: WARNING: V(i1,c) voltage is greater than specified by vmax
OSDI(debug) n.xdut.xr2p18.nr1: WARNING: V(i1,c) voltage is greater than specified by vmax
OSDI(debug) n.xdut.xr2p18.nr1: WARNING: V(i2,c) voltage is greater than specified by vmax
OSDI(debug) n.xdut.xr2p17.nr1: WARNING: V(i2,c) voltage is greater than specified by vmax
OSDI(debug) n.xdut.xr2p16.nr1: WARNING: V(i1,c) voltage is greater than specified by vmax
OSDI(debug) n.xdut.xr2p15.nr1: WARNING: V(i1,c) voltage is greater than specified by vmax
OSDI(debug) n.xdut.xr2p15.nr1: WARNING: V(i2,c) voltage is greater than specified by vmax
OSDI(debug) n.xdut.xr2p14.nr1: WARNING: V(i1,c) voltage is greater than specified by vmax
OSDI(debug) n.xdut.xr2p14.nr1: WARNING: V(i2,c) voltage is greater than specified by vmax
OSDI(debug) n.xdut.xr2p13.nr1: WARNING: V(i1,c) voltage is greater than specified by vmax
OSDI(debug) n.xdut.xr2p13.nr1: WARNING: V(i2,c) voltage is greater than specified by vmax
OSDI(debug) n.xdut.xr2p12.nr1: WARNING: V(i1,c) voltage is greater than specified by vmax
OSDI(debug) n.xdut.xr2p12.nr1: WARNING: V(i2,c) voltage is greater than specified by vmax
OSDI(debug) n.xdut.xr2p11.nr1: WARNING: V(i2,c) voltage is greater than specified by vmax
OSDI(debug) n.xdut.xr2p9.nr1: WARNING: V(i1,c) voltage is greater than specified by vmax
OSDI(debug) n.xdut.xr2p8.nr1: WARNING: V(i1,c) voltage is greater than specified by vmax
OSDI(debug) n.xdut.xr2p8.nr1: WARNING: V(i2,c) voltage is greater than specified by vmax
OSDI(debug) n.xdut.xr2p7.nr1: WARNING: V(i2,c) voltage is greater than specified by vmax
OSDI(debug) n.xdut.xr2p4.nr1: WARNING: V(i1,c) voltage is greater than specified by vmax
OSDI(debug) n.xdut.xr2p3.nr1: WARNING: V(i1,c) voltage is greater than specified by vmax
OSDI(debug) n.xdut.xr2p3.nr1: WARNING: V(i2,c) voltage is greater than specified by vmax
OSDI(debug) n.xdut.xr2p2.nr1: WARNING: V(i2,c) voltage is greater than specified by vmax
OSDI(debug) n.xdut.xr2p1.nr1: WARNING: V(i1,c) voltage is greater than specified by vmax
OSDI(debug) n.xdut.xr2p0.nr1: WARNING: V(i2,c) voltage is greater than specified by vmax
OSDI(debug) n.xdut.xr2n1Note: Starting dynamic gmin stepping
Warning: singular matrix:  check node xdut.xota.sub!

Warning: Dynamic gmin stepping failed
Note: Starting true gmin stepping
Warning: singular matrix:  check node xdut.xota.sub!

Warning: singular matrix:  check node xdut.xota.sub!

Warning: singular matrix:  check node xdut.xota.sub!

Warning: singular matrix:  check node xdut.xota.sub!

Warning: singular matrix:  check node xdut.xota.sub!

Warning: True gmin stepping failed
Note: Starting source stepping
Warning: source stepping failed
Note: Transient op started
Note: Transient op finished successfully
.nr1: OSDI(debug) n.xdut.xr2n0.nr1: WARNING: V(i2,c) voltage is greater than specified by vmax
WARNING: V(i1,c) voltage is greater than specified by vmax
 Reference value :  0.00000e+00Warning: singular matrix:  check node xdut.sub!

Note: Starting dynamic gmin stepping
Warning: singular matrix:  check node xdut.sub!

Warning: Dynamic gmin stepping failed
Note: Starting true gmin stepping
Warning: singular matrix:  check node xdut.sub!

Warning: singular matrix:  check node xdut.sub!

Warning: singular matrix:  check node xdut.sub!

Warning: singular matrix:  check node xdut.sub!

Warning: True gmin stepping failed
Note: Starting source stepping
Warning: source stepping failed
Note: Transient op started
Note: Transient op finished successfully

No. of Data Rows : 1
MCB 39  vos_tot_cm0.3= -0.000557861
Reset re-loads circuit * g1_sense monte carlo: input-referred offset, mismatch models (mos lv+hv, rppd), 200 samples

Circuit: * g1_sense monte carlo: input-referred offset, mismatch models (mos lv+hv, rppd), 200 samples

Doing analysis at TEMP = 27.000000 and TNOM = 27.000000

Using SPARSE 1.3 as Direct Linear Solver
 Reference value :  0.00000e+00Note: Starting dynamic gmin stepping
Warning: singular matrix:  check node xdut.xbuf.sub!

Warning: Dynamic gmin stepping failed
Note: Starting true gmin stepping
Warning: singular matrix:  check node xdut.xbuf.sub!

Warning: singular matrix:  check node xdut.xbuf.sub!

Warning: singular matrix:  check node xdut.xbuf.sub!

Warning: singular matrix:  check node xdut.xbuf.sub!

Warning: singular matrix:  check node xdut.xbuf.sub!

Warning: True gmin stepping failed
Note: Starting source stepping
Warning: source stepping failed
Note: Transient op started
Note: Transient op finished successfully

No. of Data Rows : 1
MCA 40  vos_tot_cm0= -8.26281E-06  vos_ota= 0.000392526  vped= 1.00724
Doing analysis at TEMP = 27.000000 and TNOM = 27.000000

Using SPARSE 1.3 as Direct Linear Solver
 Reference value :  0.00000e+00Warning: singular matrix:  check node sub!

Note: Starting dynamic gmin stepping
Warning: singular matrix:  check node sub!

Warning: Dynamic gmin stepping failed
Note: Starting true gmin stepping
Warning: singular matrix:  check node sub!

Warning: singular matrix:  check node sub!

Warning: singular matrix:  check node sub!

Warning: singular matrix:  check node sub!

Warning: True gmin stepping failed
Note: Starting source stepping
Warning: source stepping failed
Note: Transient op started
Note: Transient op finished successfully

No. of Data Rows : 1
MCB 40  vos_tot_cm0.3= -1.07697E-05
Reset re-loads circuit * g1_sense monte carlo: input-referred offset, mismatch models (mos lv+hv, rppd), 200 samples

Circuit: * g1_sense monte carlo: input-referred offset, mismatch models (mos lv+hv, rppd), 200 samples

Doing analysis at TEMP = 27.000000 and TNOM = 27.000000

Using SPARSE 1.3 as Direct Linear Solver
 Reference value :  0.00000e+00Note: Starting dynamic gmin stepping
Warning: singular matrix:  check node xdut.xbuf.sub!

Warning: Dynamic gmin stepping failed
Note: Starting true gmin stepping
Warning: singular matrix:  check node xdut.xbuf.sub!

Warning: singular matrix:  check node xdut.xbuf.sub!

Warning: singular matrix:  check node xdut.xbuf.sub!

Warning: singular matrix:  check node xdut.xbuf.sub!

Warning: singular matrix:  check node xdut.xbuf.sub!

Warning: True gmin stepping failed
Note: Starting source stepping
Warning: source stepping failed
Note: Transient op started
Note: Transient op finished successfully

No. of Data Rows : 1
MCA 41  vos_tot_cm0= -0.000559266  vos_ota= 0.000778399  vped= 1.00316
Doing analysis at TEMP = 27.000000 and TNOM = 27.000000

Using SPARSE 1.3 as Direct Linear Solver
 Reference value :  0.00000e+00Warning: singular matrix:  check node xdut.xbuf.sub!

Note: Starting dynamic gmin stepping
Warning: singular matrix:  check node xdut.xbuf.sub!

Warning: Dynamic gmin stepping failed
Note: Starting true gmin stepping
Warning: singular matrix:  check node xdut.xbuf.sub!

Warning: singular matrix:  check node xdut.xbuf.sub!

Warning: singular matrix:  check node xdut.xbuf.sub!

Warning: singular matrix:  check node xdut.xbuf.sub!

Warning: True gmin stepping failed
Note: Starting source stepping
Warning: source stepping failed
Note: Transient op started
Note: Transient op finished successfully

No. of Data Rows : 1
MCB 41  vos_tot_cm0.3= -0.000583721
Reset re-loads circuit * g1_sense monte carlo: input-referred offset, mismatch models (mos lv+hv, rppd), 200 samples

Circuit: * g1_sense monte carlo: input-referred offset, mismatch models (mos lv+hv, rppd), 200 samples

Doing analysis at TEMP = 27.000000 and TNOM = 27.000000

Using SPARSE 1.3 as Direct Linear Solver
 Reference value :  0.00000e+00
No. of Data Rows : 1
MCA 42  vos_tot_cm0= 0.00686506  vos_ota= -0.00652377  vped= 0.999544
Doing analysis at TEMP = 27.000000 and TNOM = 27.000000

Using SPARSE 1.3 as Direct Linear Solver
OSDI(debug) n.xdut.xota.xrz.nr1: WARNING: V(i2,c) voltage is greater than specified by vmax
OSDI(debug) n.xdut.xota.xrz.nr1: WARNING: V(i2,c) voltage is greater than specified by vmax
OSDI(debug) n.xdut.xota.xrz.nr1: WARNING: V(i2,c) voltage is greater than specified by vmax
OSDI(debug) n.xdut.xota.xrz.nr1: WARNING: V(i2,c) voltage is greater than specified by vmax
OSDI(debug) n.xdut.xbuf.xrz.nr1: WARNING: V(i2,c) voltage is greater than specified by vmax
OSDI(debug) n.xdut.xota.xrz.nr1: WARNING: V(i2,c) voltage is greater than specified by vmax
OSDI(debug) n.xdut.xbuf.xrz.nr1: WARNING: V(i2,c) voltage is greater than specified by vmax
OSDI(debug) n.xdut.xota.xrz.nr1: WARNING: V(i2,c) voltage is greater than specified by vmax
OSDI(debug) n.xdut.xbuf.xrz.nr1: WARNING: V(i2,c) voltage is greater than specified by vmax
OSDI(debug) n.xdut.xota.xrz.nr1: WARNING: V(i2,c) voltage is greater than specified by vmax
OSDI(debug) n.xdut.xbuf.xrz.nr1: OSDI(debug) n.xdut.xota.xrz.nr1: WARNING: V(i2,c) voltage is greater than specified by vmax
WARNING: V(i2,c) voltage is greater than specified by vmax
OSDI(debug) n.xdut.xbuf.xrz.nr1: WARNING: V(i2,c) voltage is greater than specified by vmax
OSDI(debug) n.xdut.xota.xrz.nr1: WARNING: V(i2,c) voltage is greater than specified by vmax
OSDI(debug) n.xdut.xota.xrz.nr1: WARNING: V(i2,c) voltage is greater than specified by vmax
OSDI(debug) n.xdut.xbuf.xrz.nr1: WARNING: V(i2,c) voltage is greater than specified by vmax
OSDI(debug) n.xdut.xbuf.xrz.nr1: WARNING: V(i2,c) voltage is greater than specified by vmax
OSDI(debug) n.xdut.xota.xrz.nr1: WARNING: V(i2,c) voltage is greater than specified by vmax
OSDI(debug) n.xdut.xbuf.xrz.nr1: WARNING: V(i2,c) voltage is greater than specified by vmax
OSDI(debug) n.xdut.xota.xrz.nr1: WARNING: V(i2,c) voltage is greater than specified by vmax
OSDI(debug) n.xdut.xbuf.xrz.nr1: WARNING: V(i2,c) voltage is greater than specified by vmax
OSDI(debug) n.xdut.xota.xrz.nr1: WARNING: V(i2,c) voltage is greater than specified by vmax
OSDI(debug) n.xdut.xbuf.xrz.nr1: WARNING: V(i2,c) voltage is greater than specified by vmax
OSDI(debug) n.xdut.xota.xrz.nr1: WARNING: V(i2,c) voltage is greater than specified by vmax
OSDI(debug) n.xdut.xbuf.xrz.nr1: WARNING: V(i2,c) voltage is greater than specified by vmax
OSDI(debug) n.xdut.xota.xrz.nr1: WARNING: V(i2,c) voltage is greater than specified by vmax
OSDI(debug) n.xdut.xbuf.xrz.nr1: WARNING: V(i2,c) voltage is greater than specified by vmax
OSDI(debug) n.xdut.xota.xrz.nr1: WARNING: V(i2,c) voltage is greater than specified by vmax
OSDI(debug) n.xdut.xbuf.xrz.nr1: WARNING: V(i2,c) voltage is greater than specified by vmax
OSDI(debug) n.xdut.xota.xrz.nr1: WARNING: V(i2,c) voltage is greater than specified by vmax
OSDI(debug) n.xdut.xbuf.xrz.nr1: WARNING: V(i2,c) voltage is greater than specified by vmax
OSDI(debug) n.xdut.xota.xrz.nr1: WARNING: V(i2,c) voltage is greater than specified by vmax
OSDI(debug) n.xdut.xbuf.xrz.nr1: WARNING: V(i2,c) voltage is greater than specified by vmax
OSDI(debug) n.xdut.xota.xrz.nr1: WARNING: V(i2,c) voltage is greater than specified by vmax
OSDI(debug) n.xdut.xbuf.xrz.nr1: WARNING: V(i2,c) voltage is greater than specified by vmax
OSDI(debug) n.xdut.xota.xrz.nr1: WARNING: V(i2,c) voltage is greater than specified by vmax
OSDI(debug) n.xdut.xbuf.xrz.nr1: WARNING: V(i2,c) voltage is greater than specified by vmax
OSDI(debug) n.xdut.xota.xrz.nr1: WARNING: V(i2,c) voltage is greater than specified by vmax
OSDI(debug) n.xdut.xbuf.xrz.nr1: WARNING: V(i2,c) voltage is greater than specified by vmax
OSDI(debug) n.xdut.xota.xrz.nr1: WARNING: V(i2,c) voltage is greater than specified by vmax
OSDI(debug) n.xdut.xbuf.xrz.nr1: WARNING: V(i2,c) voltage is greater than specified by vmax
OSDI(debug) n.xdut.xota.xrz.nr1: WARNING: V(i2,c) voltage is greater than specified by vmax
OSDI(debug) n.xdut.xbuf.xrz.nr1: WARNING: V(i2,c) voltage is greater than specified by vmax
OSDI(debug) n.xdut.xota.xrz.nr1: WARNING: V(i2,c) voltage is greater than specified by vmax
OSDI(debug) n.xdut.xbuf.xrz.nr1: WARNING: V(i2,c) voltage is greater than specified by vmax
OSDI(debug) n.xdut.xota.xrz.nr1: WARNING: V(i2,c) voltage is greater than specified by vmax
OSDI(debug) n.xdut.xbuf.xrz.nr1: WARNING: V(i2,c) voltage is greater than specified by vmax
OSDI(debug) n.xdut.xota.xrz.nr1: WARNING: V(i2,c) voltage is greater than specified by vmax
OSDI(debug) n.xdut.xbuf.xrz.nr1: WARNING: V(i2,c) voltage is greater than specified by vmax
OSDI(debug) n.xdut.xota.xrz.nr1: WARNING: V(i2,c) voltage is greater than specified by vmax
OSDI(debug) n.xdut.xbuf.xrz.nr1: WARNING: V(i2,c) voltage is greater than specified by vmax
OSDI(debug) n.xdut.xota.xrz.nr1: WARNING: V(i2,c) voltage is greater than specified by vmax
OSDI(debug) n.xdut.xbuf.xrz.nr1: OSDI(debug) n.xdut.xota.xrz.nr1: WARNING: V(i2,c) voltage is greater than specified by vmax
WARNING: V(i2,c) voltage is greater than specified by vmax
OSDI(debug) n.xdut.xbuf.xrz.nr1: WARNING: V(i2,c) voltage is greater than specified by vmax
OSDI(debug) n.xdut.xota.xrz.nr1: WARNING: V(i2,c) voltage is greater than specified by vmax
OSDI(debug) n.xdut.xbuf.xrz.nr1: WARNING: V(i2,c) voltage is greater than specified by vmax
OSDI(debug) n.xdut.xota.xrz.nr1: WARNING: V(i2,c) voltage is greater than specified by vmax
OSDI(debug) n.xdut.xota.xrz.nr1: OSDI(debug) n.xdut.xbuf.xrz.nr1: WARNING: V(i2,c) voltage is greater than specified by vmax
WARNING: V(i2,c) voltage is greater than specified by vmax
OSDI(debug) n.xdut.xbuf.xrz.nr1: WARNING: V(i2,c) voltage is greater than specified by vmax
OSDI(debug) n.xdut.xota.xrz.nr1: WARNING: V(i2,c) voltage is greater than specified by vmax
OSDI(debug) n.xdut.xbuf.xrz.nr1: WARNING: V(i2,c) voltage is greater than specified by vmax
OSDI(debug) n.xdut.xota.xrz.nr1: WARNING: V(i2,c) voltage is greater than specified by vmax
OSDI(debug) n.xdut.xbuf.xrz.nr1: WARNING: V(i2,c) voltage is greater than specified by vmax
OSDI(debug) n.xdut.xota.xrz.nr1: WARNING: V(i2,c) voltage is greater than specified by vmax
OSDI(debug) n.xdut.xota.xrz.nr1: WARNING: V(i2,c) voltage is greater than specified by vmax
OSDI(debug) n.xdut.xbuf.xrz.nr1: WARNING: V(i2,c) voltage is greater than specified by vmax
OSDI(debug) n.xdut.xbuf.xrz.nr1: WARNING: V(i2,c) voltage is greater than specified by vmax
OSDI(debug) n.xdut.xota.xrz.nr1: WARNING: V(i2,c) voltage is greater than specified by vmax
OSDI(debug) n.xdut.xbuf.xrz.nr1: WARNING: V(i2,c) voltage is greater than specified by vmax
OSDI(debug) n.xdut.xota.xrz.nr1: WARNING: V(i2,c) voltage is greater than specified by vmax
OSDI(debug) n.xdut.xbuf.xrz.nr1: WARNING: V(i2,c) voltage is greater than specified by vmax
OSDI(debug) n.xdut.xr2n19.nr1: WARNING: V(i1,c) voltage is greater than specified by vmax
OSDI(debug) n.xdut.xr2n18.nr1: OSDI(debug) n.xdut.xr2n15.nr1: WARNING: V(i1,c) voltage is greater than specified by vmax
OSDI(debug) n.xdut.xr2n15.nr1: WARNING: V(i2,c) voltage is greater than specified by vmax
OSDI(debug) n.xdut.xr2n14.nr1: WARNING: V(i1,c) voltage is greater than specified by vmax
OSDI(debug) n.xdut.xr2n14.nr1: WARNING: V(i2,c) voltage is greater than specified by vmax
OSDI(debug) n.xdut.xr2n13.nr1: WARNING: V(i1,c) voltage is greater than specified by vmax
OSDI(debug) n.xdut.xr2n13.nr1: WARNING: V(i2,c) voltage is greater than specified by vmax
OSDI(debug) n.xdut.xr2n12.nr1: WARNING: V(i1,c) voltage is greater than specified by vmax
OSDI(debug) n.xdut.xr2n12.nr1: WARNING: V(i2,c) voltage is greater than specified by vmax
WARNING: V(i2,c) voltage is greater than specified by vmax
OSDI(debug) n.xdut.xr2n11.nr1: WARNING: V(i1,c) voltage is greater than specified by vmax
OSDI(debug) n.xdut.xr2n11.nr1: WARNING: V(i2,c) voltage is greater than specified by vmax
OSDI(debug) n.xdut.xr2n10.nr1: WARNING: V(i1,c) voltage is greater than specified by vmax
OSDI(debug) n.xdut.xr2n10.nr1: WARNING: V(i2,c) voltage is greater than specified by vmax
OSDI(debug) n.xdut.xr2n9.nNote: Starting dynamic gmin stepping
Warning: singular matrix:  check node xdut.xota.sub!

Warning: Dynamic gmin stepping failed
Note: Starting true gmin stepping
Warning: singular matrix:  check node xdut.xota.sub!

Warning: singular matrix:  check node xdut.xota.sub!

Warning: singular matrix:  check node xdut.xota.sub!

Warning: singular matrix:  check node xdut.xota.sub!

Warning: singular matrix:  check node xdut.xota.sub!

Warning: True gmin stepping failed
Note: Starting source stepping
Warning: source stepping failed
Note: Transient op started
Note: Transient op finished successfully
r1: WARNING: V(i1,c) voltage is greater than specified by vmax
OSDI(debug) n.xdut.xr2n9.nr1: WARNING: V(i2,c) voltage is greater than specified by vmax
OSDI(debug) n.xdut.xr2n2.nr1: WARNING: V(i2,c) voltage is greater than specified by vmax
OSDI(debug) n.xdut.xr2n8.nr1: WARNING: V(i1,c) voltage is greater than specified by vmax
OSDI(debug) n.xdut.xr2n8.nr1: WARNING: V(i2,c) voltage is greater than specified by vmax
OSDI(debug) n.xdut.xr2n16.nr1: WARNING: V(i1,c) voltage is greater than specified by vmax
OSDI(debug) n.xdut.xr2n7.nr1: OSDI(debug) n.xdut.xr2n6.nr1: WARNING: V(i1,c) voltage is greater than specified by vmax
OSDI(debug) n.xdut.xr2n6.nr1: WARNING: V(i2,c) voltage is greater than specified by vmax
OSDI(debug) n.xdut.xr2n5.nr1: WARNING: V(i2,c) voltage is greater than specified by vmax
OSDI(debug) n.xdut.xr2n4.nr1: WARNING: V(i1,c) voltage is greater than specified by vmax
OSDI(debug) n.xdut.xr2n3.nr1: WARNING: V(i1,c) voltage is greater than specified by vmax
OSDI(debug) n.xdut.xr2n3.nr1: WARNING: V(i2,c) voltage is greater than specified by vmax
WARNING: V(i1,c) voltage is greater than specified by vmax
OSDI(debug) n.xdut.xr2n7.nr1: WARNING: V(i2,c) voltage is greater than specified by vmax
 Reference value :  0.00000e+00Warning: singular matrix:  check node sub!

Note: Starting dynamic gmin stepping
Warning: singular matrix:  check node sub!

Warning: Dynamic gmin stepping failed
Note: Starting true gmin stepping
Warning: singular matrix:  check node sub!

Warning: singular matrix:  check node sub!

Warning: singular matrix:  check node sub!

Warning: singular matrix:  check node sub!

Warning: True gmin stepping failed
Note: Starting source stepping
Warning: source stepping failed
Note: Transient op started
Note: Transient op finished successfully

No. of Data Rows : 1
MCB 42  vos_tot_cm0.3= 0.00681597
Reset re-loads circuit * g1_sense monte carlo: input-referred offset, mismatch models (mos lv+hv, rppd), 200 samples

Circuit: * g1_sense monte carlo: input-referred offset, mismatch models (mos lv+hv, rppd), 200 samples

Doing analysis at TEMP = 27.000000 and TNOM = 27.000000

Using SPARSE 1.3 as Direct Linear Solver
 Reference value :  0.00000e+00Note: Starting dynamic gmin stepping
Warning: singular matrix:  check node xdut.xota.sub!

Warning: Dynamic gmin stepping failed
Note: Starting true gmin stepping
Warning: singular matrix:  check node xdut.xota.sub!

Warning: singular matrix:  check node xdut.xota.sub!

Warning: singular matrix:  check node xdut.xota.sub!

Warning: singular matrix:  check node xdut.xota.sub!

Warning: singular matrix:  check node xdut.xota.sub!

Warning: True gmin stepping failed
Note: Starting source stepping
Warning: source stepping failed
Note: Transient op started
Note: Transient op finished successfully

No. of Data Rows : 1
MCA 43  vos_tot_cm0= 0.00322831  vos_ota= -0.00350356  vped= 0.991212
Doing analysis at TEMP = 27.000000 and TNOM = 27.000000

Using SPARSE 1.3 as Direct Linear Solver
OSDI(debug) n.xdut.xr2p10.nr1: WARNING: V(i1,c) voltage is greater than specified by vmax
OSDI(debug) n.xdut.xr2p9.nr1: WARNING: V(i2,c) voltage is greater than specified by vmax
OSDI(debug) n.xdut.xr2p10.nr1: WARNING: V(i1,c) voltage is greater than specified by vmax
OSDI(debug) n.xdut.xr2p9.nr1: WARNING: V(i2,c) voltage is greater than specified by vmax
OSDI(debug) n.xdut.xr2p10.nr1: WARNING: V(i1,c) voltage is greater than specified by vmax
OSDI(debug) n.xdut.xr2p9.nr1: WARNING: V(i2,c) voltage is greater than specified by vmax
OSDI(debug) n.xdut.xr2p18.nr1: WARNING: V(i1,c) voltage is greater than specified by vmax
OSDI(debug) n.xdut.xr2p17.nr1: WARNING: V(i2,c) voltage is greater than specified by vmax
OSDI(debug) n.xdut.xr2p11.nr1: WARNING: V(i1,c) voltage is greater than specified by vmax
OSDI(debug) n.xdut.xr2p10.nr1: WARNING: V(i1,c) voltage is greater than specified by vmax
OSDI(debug) n.xdut.xr2p10.nr1: WARNING: V(i2,c) voltage is greater than specified by vmax
OSDI(debug) n.xdut.xr2p9.nr1: WARNING: V(i1,c) voltage is greater than specified by vmax
OSDI(debug) n.xdut.xr2p9.nr1: WARNING: V(i2,c) voltage is greater than specified by vmax
OSDI(debug) n.xdut.xr2p8.nr1: WARNING: V(i2,c) voltage is greater than specified by vmax
OSDI(debug) n.xdut.xr2p0.nr1: WARNING: V(i1,c) voltage is greater than specified by vmax
OSDI(debug) n.xdut.xr1p0.nr1: WARNING: V(i2,c) voltage is greater than specified by vmax
 Reference value :  0.00000e+00Warning: singular matrix:  check node xdut.xota.sub!

Note: Starting dynamic gmin stepping
Warning: singular matrix:  check node xdut.xota.sub!

Warning: Dynamic gmin stepping failed
Note: Starting true gmin stepping
Warning: singular matrix:  check node xdut.xota.sub!

Warning: singular matrix:  check node xdut.xota.sub!

Warning: singular matrix:  check node xdut.xota.sub!

Warning: singular matrix:  check node xdut.xota.sub!

Warning: True gmin stepping failed
Note: Starting source stepping
Warning: source stepping failed
Note: Transient op started
Note: Transient op finished successfully

No. of Data Rows : 1
MCB 43  vos_tot_cm0.3= 0.00321442
Reset re-loads circuit * g1_sense monte carlo: input-referred offset, mismatch models (mos lv+hv, rppd), 200 samples

Circuit: * g1_sense monte carlo: input-referred offset, mismatch models (mos lv+hv, rppd), 200 samples

Doing analysis at TEMP = 27.000000 and TNOM = 27.000000

Using SPARSE 1.3 as Direct Linear Solver
 Reference value :  0.00000e+00Note: Starting dynamic gmin stepping
Warning: singular matrix:  check node xdut.xbuf.sub!

Warning: Dynamic gmin stepping failed
Note: Starting true gmin stepping
Warning: singular matrix:  check node xdut.xbuf.sub!

Warning: singular matrix:  check node xdut.xbuf.sub!

Warning: singular matrix:  check node xdut.xbuf.sub!

Warning: singular matrix:  check node xdut.xbuf.sub!

Warning: singular matrix:  check node xdut.xbuf.sub!

Warning: True gmin stepping failed
Note: Starting source stepping
Warning: source stepping failed
Note: Transient op started
Note: Transient op finished successfully

No. of Data Rows : 1
MCA 44  vos_tot_cm0= -0.000303967  vos_ota= -0.000114491  vped= 0.99594
Doing analysis at TEMP = 27.000000 and TNOM = 27.000000

Using SPARSE 1.3 as Direct Linear Solver
 Reference value :  0.00000e+00Warning: singular matrix:  check node xdut.sub!

Note: Starting dynamic gmin stepping
Warning: singular matrix:  check node xdut.sub!

Warning: Dynamic gmin stepping failed
Note: Starting true gmin stepping
Warning: singular matrix:  check node xdut.sub!

Warning: singular matrix:  check node xdut.sub!

Warning: singular matrix:  check node xdut.sub!

Warning: singular matrix:  check node xdut.sub!

Warning: True gmin stepping failed
Note: Starting source stepping
Warning: source stepping failed
Note: Transient op started
Note: Transient op finished successfully

No. of Data Rows : 1
MCB 44  vos_tot_cm0.3= -0.000242219
Reset re-loads circuit * g1_sense monte carlo: input-referred offset, mismatch models (mos lv+hv, rppd), 200 samples

Circuit: * g1_sense monte carlo: input-referred offset, mismatch models (mos lv+hv, rppd), 200 samples

Doing analysis at TEMP = 27.000000 and TNOM = 27.000000

Using SPARSE 1.3 as Direct Linear Solver
 Reference value :  0.00000e+00Note: Starting dynamic gmin stepping
Warning: singular matrix:  check node sub!

Warning: Dynamic gmin stepping failed
Note: Starting true gmin stepping
Warning: singular matrix:  check node sub!

Warning: singular matrix:  check node sub!

Warning: singular matrix:  check node sub!

Warning: singular matrix:  check node sub!

Warning: singular matrix:  check node sub!

Warning: True gmin stepping failed
Note: Starting source stepping
Warning: source stepping failed
Note: Transient op started
Note: Transient op finished successfully

No. of Data Rows : 1
MCA 45  vos_tot_cm0= 0.00846437  vos_ota= -0.00781851  vped= 1.00176
Doing analysis at TEMP = 27.000000 and TNOM = 27.000000

Using SPARSE 1.3 as Direct Linear Solver
 Reference value :  0.00000e+00Warning: singular matrix:  check node xdut.xota.sub!

Note: Starting dynamic gmin stepping
Warning: singular matrix:  check node xdut.xota.sub!

Warning: Dynamic gmin stepping failed
Note: Starting true gmin stepping
Warning: singular matrix:  check node xdut.xota.sub!

Warning: singular matrix:  check node xdut.xota.sub!

Warning: singular matrix:  check node xdut.xota.sub!

Warning: singular matrix:  check node xdut.xota.sub!

Warning: True gmin stepping failed
Note: Starting source stepping
Warning: source stepping failed
Note: Transient op started
Note: Transient op finished successfully

No. of Data Rows : 1
MCB 45  vos_tot_cm0.3= 0.00838095
Reset re-loads circuit * g1_sense monte carlo: input-referred offset, mismatch models (mos lv+hv, rppd), 200 samples

Circuit: * g1_sense monte carlo: input-referred offset, mismatch models (mos lv+hv, rppd), 200 samples

Doing analysis at TEMP = 27.000000 and TNOM = 27.000000

Using SPARSE 1.3 as Direct Linear Solver
 Reference value :  0.00000e+00
No. of Data Rows : 1
MCA 46  vos_tot_cm0= -0.00568082  vos_ota= 0.00522123  vped= 0.999218
Doing analysis at TEMP = 27.000000 and TNOM = 27.000000

Using SPARSE 1.3 as Direct Linear Solver
OSDI(debug) n.xdut.xbuf.xrz.nr1: WARNING: V(i2,c) voltage is greater than specified by vmax
OSDI(debug) n.xdut.xbuf.xrz.nr1: WARNING: V(i2,c) voltage is greater than specified by vmax
OSDI(debug) n.xdut.xota.xrz.nr1: WARNING: V(i2,c) voltage is greater than specified by vmax
OSDI(debug) n.xdut.xbuf.xrz.nr1: WARNING: V(i2,c) voltage is greater than specified by vmax
OSDI(debug) n.xdut.xota.xrz.nr1: WARNING: V(i2,c) voltage is greater than specified by vmax
OSDI(debug) n.xdut.xbuf.xrz.nr1: WARNING: V(i2,c) voltage is greater than specified by vmax
OSDI(debug) n.xdut.xbuf.xrz.nr1: WARNING: V(i2,c) voltage is greater than specified by vmax
OSDI(debug) n.xdut.xbuf.xrz.nr1: WARNING: V(i2,c) voltage is greater than specified by vmax
OSDI(debug) n.xdut.xota.xrz.nr1: WARNING: V(i2,c) voltage is greater than specified by vmax
OSDI(debug) n.xdut.xbuf.xrz.nr1: WARNING: V(i2,c) voltage is greater than specified by vmax
OSDI(debug) n.xdut.xota.xrz.nr1: WARNING: V(i2,c) voltage is greater than specified by vmax
OSDI(debug) n.xdut.xbuf.xrz.nr1: WARNING: V(i2,c) voltage is greater than specified by vmax
OSDI(debug) n.xdut.xota.xrz.nr1: WARNING: V(i2,c) voltage is greater than specified by vmax
OSDI(debug) n.xdut.xbuf.xrz.nr1: WARNING: V(i2,c) voltage is greater than specified by vmax
OSDI(debug) n.xdut.xota.xrz.nr1: WARNING: V(i2,c) voltage is greater than specified by vmax
OSDI(debug) n.xdut.xbuf.xrz.nr1: WARNING: V(i2,c) voltage is greater than specified by vmax
OSDI(debug) n.xdut.xota.xrz.nr1: WARNING: V(i2,c) voltage is greater than specified by vmax
OSDI(debug) n.xdut.xbuf.xrz.nr1: WARNING: V(i2,c) voltage is greater than specified by vmax
OSDI(debug) n.xdut.xota.xrz.nr1: WARNING: V(i2,c) voltage is greater than specified by vmax
OSDI(debug) n.xdut.xbuf.xrz.nr1: WARNING: V(i2,c) voltage is greater than specified by vmax
OSDI(debug) n.xdut.xota.xrz.nr1: WARNING: V(i2,c) voltage is greater than specified by vmax
OSDI(debug) n.xdut.xbuf.xrz.nr1: WARNING: V(i2,c) voltage is greater than specified by vmax
OSDI(debug) n.xdut.xota.xrz.nr1: WARNING: V(i2,c) voltage is greater than specified by vmax
OSDI(debug) n.xdut.xbuf.xrz.nr1: WARNING: V(i2,c) voltage is greater than specified by vmax
OSDI(debug) n.xdut.xota.xrz.nr1: WARNING: V(i2,c) voltage is greater than specified by vmax
OSDI(debug) n.xdut.xbuf.xrz.nr1: WARNING: V(i2,c) voltage is greater than specified by vmax
OSDI(debug) n.xdut.xota.xrz.nr1: WARNING: V(i2,c) voltage is greater than specified by vmax
OSDI(debug) n.xdut.xbuf.xrz.nr1: WARNING: V(i2,c) voltage is greater than specified by vmax
OSDI(debug) n.xdut.xota.xrz.nr1: WARNING: V(i2,c) voltage is greater than specified by vmax
OSDI(debug) n.xdut.xbuf.xrz.nr1: WARNING: V(i2,c) voltage is greater than specified by vmax
OSDI(debug) n.xdut.xota.xrz.nr1: WARNING: V(i2,c) voltage is greater than specified by vmax
OSDI(debug) n.xdut.xbuf.xrz.nr1: WARNING: V(i2,c) voltage is greater than specified by vmax
OSDI(debug) n.xdut.xota.xrz.nr1: WARNING: V(i2,c) voltage is greater than specified by vmax
OSDI(debug) n.xdut.xbuf.xrz.nr1: WARNING: V(i2,c) voltage is greater than specified by vmax
OSDI(debug) n.xdut.xota.xrz.nr1: WARNING: V(i2,c) voltage is greater than specified by vmax
OSDI(debug) n.xdut.xbuf.xrz.nr1: WARNING: V(i2,c) voltage is greater than specified by vmax
OSDI(debug) n.xdut.xota.xrz.nr1: WARNING: V(i2,c) voltage is greater than specified by vmax
OSDI(debug) n.xdut.xbuf.xrz.nr1: WARNING: V(i2,c) voltage is greater than specified by vmax
OSDI(debug) n.xdut.xota.xrz.nr1: WARNING: V(i2,c) voltage is greater than specified by vmax
OSDI(debug) n.xdut.xbuf.xrz.nr1: WARNING: V(i2,c) voltage is greater than specified by vmax
OSDI(debug) n.xdut.xota.xrz.nr1: WARNING: V(i2,c) voltage is greater than specified by vmax
OSDI(debug) n.xdut.xbuf.xrz.nr1: WARNING: V(i2,c) voltage is greater than specified by vmax
OSDI(debug) n.xdut.xota.xrz.nr1: WARNING: V(i2,c) voltage is greater than specified by vmax
OSDI(debug) n.xdut.xbuf.xrz.nr1: WARNING: V(i2,c) voltage is greater than specified by vmax
OSDI(debug) n.xdut.xota.xrz.nr1: WARNING: V(i2,c) voltage is greater than specified by vmax
OSDI(debug) n.xdut.xbuf.xrz.nr1: WARNING: V(i2,c) voltage is greater than specified by vmax
OSDI(debug) n.xdut.xota.xrz.nr1: WARNING: V(i2,c) voltage is greater than specified by vmax
OSDI(debug) n.xdut.xbuf.xrz.nr1: WARNING: V(i2,c) voltage is greater than specified by vmax
OSDI(debug) n.xdut.xota.xrz.nr1: WARNING: V(i2,c) voltage is greater than specified by vmax
OSDI(debug) n.xdut.xbuf.xrz.nr1: WARNING: V(i2,c) voltage is greater than specified by vmax
OSDI(debug) n.xdut.xota.xrz.nr1: WARNING: V(i2,c) voltage is greater than specified by vmax
OSDI(debug) n.xdut.xbuf.xrz.nr1: WARNING: V(i2,c) voltage is greater than specified by vmax
OSDI(debug) n.xdut.xota.xrz.nr1: WARNING: V(i2,c) voltage is greater than specified by vmax
OSDI(debug) n.xdut.xbuf.xrz.nr1: WARNING: V(i2,c) voltage is greater than specified by vmax
OSDI(debug) n.xdut.xota.xrz.nr1: WARNING: V(i2,c) voltage is greater than specified by vmax
OSDI(debug) n.xdut.xbuf.xrz.nr1: WARNING: V(i2,c) voltage is greater than specified by vmax
OSDI(debug) n.xdut.xota.xrz.nr1: WARNING: V(i2,c) voltage is greater than specified by vmax
OSDI(debug) n.xdut.xbuf.xrz.nr1: WARNING: V(i2,c) voltage is greater than specified by vmax
OSDI(debug) n.xdut.xota.xrz.nr1: WARNING: V(i2,c) voltage is greater than specified by vmax
OSDI(debug) n.xdut.xbuf.xrz.nr1: WARNING: V(i2,c) voltage is greater than specified by vmax
OSDI(debug) n.xdut.xota.xrz.nr1: WARNING: V(i2,c) voltage is greater than specified by vmax
OSDI(debug) n.xdut.xbuf.xrz.nr1: WARNING: V(i2,c) voltage is greater than specified by vmax
OSDI(debug) n.xdut.xota.xrz.nr1: WARNING: V(i2,c) voltage is greater than specified by vmax
OSDI(debug) n.xdut.xbuf.xrz.nr1: WARNING: V(i2,c) voltage is greater than specified by vmax
OSDI(debug) n.xdut.xota.xrz.nr1: WARNING: V(i2,c) voltage is greater than specified by vmax
OSDI(debug) n.xdut.xbuf.xrz.nr1: WARNING: V(i2,c) voltage is greater than specified by vmax
OSDI(debug) n.xdut.xota.xrz.nr1: WARNING: V(i2,c) voltage is greater than specified by vmax
OSDI(debug) n.xdut.xbuf.xrz.nr1: WARNING: V(i2,c) voltage is greater than specified by vmax
OSDI(debug) n.xdut.xota.xrz.nr1: WARNING: V(i2,c) voltage is greater than specified by vmax
OSDI(debug) n.xdut.xbuf.xrz.nr1: WARNING: V(i2,c) voltage is greater than specified by vmax
OSDI(debug) n.xdut.xota.xrz.nr1: WARNING: V(i2,c) voltage is greater than specified by vmax
OSDI(debug) n.xdut.xbuf.xrz.nr1: WARNING: V(i2,c) voltage is greater than specified by vmax
OSDI(debug) n.xdut.xota.xrz.nr1: WARNING: V(i2,c) voltage is greater than specified by vmax
OSDI(debug) n.xdut.xbuf.xrz.nr1: WARNING: V(i2,c) voltage is greater than specified by vmax
OSDI(debug) n.xdut.xota.xrz.nr1: WARNING: V(i2,c) voltage is greater than specified by vmax
OSDI(debug) n.xdut.xbuf.xrz.nr1: WARNING: V(i2,c) voltage is greater than specified by vmax
OSDI(debug) n.xdut.xota.xrz.nr1: WARNING: V(i2,c) voltage is greater than specified by vmax
OSDI(debug) n.xdut.xbuf.xrz.nr1: WARNING: V(i2,c) voltage is greater than specified by vmax
OSDI(debug) n.xdut.xota.xrz.nr1: WARNING: V(i2,c) voltage is greater than specified by vmax
OSDI(debug) n.xdut.xbuf.xrz.nr1: WARNING: V(i2,c) voltage is greater than specified by vmax
OSDI(debug) n.xdut.xota.xrz.nr1: WARNING: V(i2,c) voltage is greater than specified by vmax
OSDI(debug) n.xdut.xbuf.xrz.nr1: WARNING: V(i2,c) voltage is greater than specified by vmax
OSDI(debug) n.xdut.xota.xrz.nr1: WARNING: V(i2,c) voltage is greater than specified by vmax
OSDI(debug) n.xdut.xbuf.xrz.nr1: WARNING: V(i2,c) voltage is greater than specified by vmax
OSDI(debug) n.xdut.xota.xrz.nr1: WARNING: V(i2,c) voltage is greater than specified by vmax
OSDI(debug) n.xdut.xbuf.xrz.nr1: WARNING: V(i2,c) voltage is greater than specified by vmax
OSDI(debug) n.xdut.xbuf.xrz.nr1: WARNING: V(i2,c) voltage is greater than specified by vmaNote: Starting dynamic gmin stepping
Warning: singular matrix:  check node xdut.sub!

Warning: Dynamic gmin stepping failed
Note: Starting true gmin stepping
Warning: singular matrix:  check node xdut.sub!

Warning: singular matrix:  check node xdut.sub!

Warning: singular matrix:  check node xdut.sub!

Warning: singular matrix:  check node xdut.sub!

Warning: singular matrix:  check node xdut.sub!

Warning: True gmin stepping failed
Note: Starting source stepping
Warning: source stepping failed
Note: Transient op started
Note: Transient op finished successfully
x
OSDI(debug) n.xdut.xbuf.xrz.nr1: WARNING: V(i2,c) voltage is greater than specified by vmax
OSDI(debug) n.xdut.xota.xrz.nr1: WARNING: V(i2,c) voltage is greater than specified by vmax
OSDI(debug) n.xdut.xbuf.xrz.nr1: WARNING: V(i2,c) voltage is greater than specified by vmax
OSDI(debug) n.xdut.xota.xrz.nr1: WARNING: V(i2,c) voltage is greater than specified by vmax
OSDI(debug) n.xdut.xbuf.xrz.nr1: WARNING: V(i2,c) voltage is greater than specified by vmax
OSDI(debug) n.xdut.xota.xrz.nr1: WARNING: V(i2,c) voltage is greater than specified by vmax
OSDI(debug) n.xdut.xbuf.xrz.nr1: WARNING: V(i2,c) voltage is greater than specified by vmax
OSDI(debug) n.xdut.xota.xrz.nr1: WARNING: V(i2,c) voltage is greater than specified by vmax
OSDI(debug) n.xdut.xbuf.xrz.nr1: WARNING: V(i2,c) voltage is greater than specified by vmax
OSDI(debug) n.xdut.xota.xrz.nr1: WARNING: V(i2,c) voltage is greater than specified by vmax
OSDI(debug) n.xdut.xbuf.xrz.nr1: WARNING: V(i2,c) voltage is greater than specified by vmax
OSDI(debug) n.xdut.xota.xrz.nr1: WARNING: V(i2,c) voltage is greater than specified by vmax
OSDI(debug) n.xdut.xbuf.xrz.nr1: WARNING: V(i2,c) voltage is greater than specified by vmax
OSDI(debug) n.xdut.xota.xrz.nr1: WARNING: V(i2,c) voltage is greater than specified by vmax
OSDI(debug) n.xdut.xbuf.xrz.nr1: WARNING: V(i2,c) voltage is greater than specified by vmax
OSDI(debug) n.xdut.xota.xrz.nr1: WARNING: V(i2,c) voltage is greater than specified by vmax
OSDI(debug) n.xdut.xbuf.xrz.nr1: WARNING: V(i2,c) voltage is greater than specified by vmax
OSDI(debug) n.xdut.xota.xrz.nr1: WARNING: V(i2,c) voltage is greater than specified by vmax
OSDI(debug) n.xdut.xbuf.xrz.nr1: WARNING: V(i2,c) voltage is greater than specified by vmax
OSDI(debug) n.xdut.xota.xrz.nr1: WARNING: V(i2,c) voltage is greater than specified by vmax
OSDI(debug) n.xdut.xbuf.xrz.nr1: WARNING: V(i2,c) voltage is greater than specified by vmax
OSDI(debug) n.xdut.xota.xrz.nr1: WARNING: V(i2,c) voltage is greater than specified by vmax
 Reference value :  0.00000e+00Warning: singular matrix:  check node xdut.xbuf.sub!

Note: Starting dynamic gmin stepping
Warning: singular matrix:  check node xdut.xbuf.sub!

Warning: Dynamic gmin stepping failed
Note: Starting true gmin stepping
Warning: singular matrix:  check node xdut.xbuf.sub!

Warning: singular matrix:  check node xdut.xbuf.sub!

Warning: singular matrix:  check node xdut.xbuf.sub!

Warning: singular matrix:  check node xdut.xbuf.sub!

Warning: True gmin stepping failed
Note: Starting source stepping
Warning: source stepping failed
Note: Transient op started
Note: Transient op finished successfully

No. of Data Rows : 1
MCB 46  vos_tot_cm0.3= -0.00560395
Reset re-loads circuit * g1_sense monte carlo: input-referred offset, mismatch models (mos lv+hv, rppd), 200 samples

Circuit: * g1_sense monte carlo: input-referred offset, mismatch models (mos lv+hv, rppd), 200 samples

Doing analysis at TEMP = 27.000000 and TNOM = 27.000000

Using SPARSE 1.3 as Direct Linear Solver
 Reference value :  0.00000e+00Note: Starting dynamic gmin stepping
Warning: singular matrix:  check node xdut.xbuf.sub!

Warning: Dynamic gmin stepping failed
Note: Starting true gmin stepping
Warning: singular matrix:  check node xdut.xbuf.sub!

Warning: singular matrix:  check node xdut.xbuf.sub!

Warning: singular matrix:  check node xdut.xbuf.sub!

Warning: singular matrix:  check node xdut.xbuf.sub!

Warning: singular matrix:  check node xdut.xbuf.sub!

Warning: True gmin stepping failed
Note: Starting source stepping
Warning: source stepping failed
Note: Transient op started
Note: Transient op finished successfully

No. of Data Rows : 1
MCA 47  vos_tot_cm0= -0.000617825  vos_ota= 0.000906555  vped= 1.00499
Doing analysis at TEMP = 27.000000 and TNOM = 27.000000

Using SPARSE 1.3 as Direct Linear Solver
 Reference value :  0.00000e+00Warning: singular matrix:  check node xdut.xbuf.sub!

Note: Starting dynamic gmin stepping
Warning: singular matrix:  check node xdut.xbuf.sub!

Warning: Dynamic gmin stepping failed
Note: Starting true gmin stepping
Warning: singular matrix:  check node xdut.xbuf.sub!

Warning: singular matrix:  check node xdut.xbuf.sub!

Warning: singular matrix:  check node xdut.xbuf.sub!

Warning: singular matrix:  check node xdut.xbuf.sub!

Warning: True gmin stepping failed
Note: Starting source stepping
Warning: source stepping failed
Note: Transient op started
Note: Transient op finished successfully

No. of Data Rows : 1
MCB 47  vos_tot_cm0.3= -0.000636446
Reset re-loads circuit * g1_sense monte carlo: input-referred offset, mismatch models (mos lv+hv, rppd), 200 samples

Circuit: * g1_sense monte carlo: input-referred offset, mismatch models (mos lv+hv, rppd), 200 samples

Doing analysis at TEMP = 27.000000 and TNOM = 27.000000

Using SPARSE 1.3 as Direct Linear Solver
 Reference value :  0.00000e+00Note: Starting dynamic gmin stepping
Warning: singular matrix:  check node xdut.xbuf.sub!

Warning: Dynamic gmin stepping failed
Note: Starting true gmin stepping
Warning: singular matrix:  check node xdut.xbuf.sub!

Warning: singular matrix:  check node xdut.xbuf.sub!

Warning: singular matrix:  check node xdut.xbuf.sub!

Warning: singular matrix:  check node xdut.xbuf.sub!

Warning: singular matrix:  check node xdut.xbuf.sub!

Warning: True gmin stepping failed
Note: Starting source stepping
Warning: source stepping failed
Note: Transient op started
Note: Transient op finished successfully

No. of Data Rows : 1
MCA 48  vos_tot_cm0= -0.00135472  vos_ota= 0.00109291  vped= 0.99551
Doing analysis at TEMP = 27.000000 and TNOM = 27.000000

Using SPARSE 1.3 as Direct Linear Solver
 Reference value :  0.00000e+00Warning: singular matrix:  check node xdut.xota.sub!

Note: Starting dynamic gmin stepping
Warning: singular matrix:  check node xdut.xota.sub!

Warning: Dynamic gmin stepping failed
Note: Starting true gmin stepping
Warning: singular matrix:  check node xdut.xota.sub!

Warning: singular matrix:  check node xdut.xota.sub!

Warning: singular matrix:  check node xdut.xota.sub!

Warning: singular matrix:  check node xdut.xota.sub!

Warning: True gmin stepping failed
Note: Starting source stepping
Warning: source stepping failed
Note: Transient op started
Note: Transient op finished successfully

No. of Data Rows : 1
MCB 48  vos_tot_cm0.3= -0.00134427
Reset re-loads circuit * g1_sense monte carlo: input-referred offset, mismatch models (mos lv+hv, rppd), 200 samples

Circuit: * g1_sense monte carlo: input-referred offset, mismatch models (mos lv+hv, rppd), 200 samples

Doing analysis at TEMP = 27.000000 and TNOM = 27.000000

Using SPARSE 1.3 as Direct Linear Solver
 Reference value :  0.00000e+00Note: Starting dynamic gmin stepping
Warning: singular matrix:  check node xdut.sub!

Warning: Dynamic gmin stepping failed
Note: Starting true gmin stepping
Warning: singular matrix:  check node xdut.sub!

Warning: singular matrix:  check node xdut.sub!

Warning: singular matrix:  check node xdut.sub!

Warning: singular matrix:  check node xdut.sub!

Warning: singular matrix:  check node xdut.sub!

Warning: True gmin stepping failed
Note: Starting source stepping
Warning: source stepping failed
Note: Transient op started
Note: Transient op finished successfully

No. of Data Rows : 1
MCA 49  vos_tot_cm0= -0.00551453  vos_ota= 0.00519994  vped= 0.997331
Doing analysis at TEMP = 27.000000 and TNOM = 27.000000

Using SPARSE 1.3 as Direct Linear Solver
OSDI(debug) n.xdut.xr2n19.nr1: WARNING: V(i1,c) voltage is greater than specified by vmax
OSDI(debug) n.xdut.xr2n18.nr1: WARNING: V(i2,c) voltage is greater than specified by vmax
OSDI(debug) n.xdut.xr2n17.nr1: WARNING: V(i1,c) voltage is greater than specified by vmax
OSDI(debug) n.xdut.xr2n16.nr1: WARNING: V(i1,c) voltage is greater than specified by vmax
OSDI(debug) n.xdut.xr2n16.nr1: WARNING: V(i2,c) voltage is greater than specified by vmax
OSDI(debug) n.xdut.xr2n15.nr1: WARNING: V(i1,c) voltage is greater than specified by vmax
OSDI(debug) n.xdut.xr2n15.nr1: WARNING: V(i2,c) voltage is greater than specified by vmax
OSDI(debug) n.xdut.xr2n14.nr1: WARNING: V(i1,c) voltage is greater than specified by vmax
OSDI(debug) n.xdut.xr2n14.nr1: WARNING: V(i2,c) voltage is greater than specified by vmax
OSDI(debug) n.xdut.xr2n13.nr1: WARNING: V(i1,c) voltage is greater than specified by vmax
OSDI(debug) n.xdut.xr2n13.nr1: WARNING: V(i2,c) voltage is greater than specified by vmax
OSDI(debug) n.xdut.xr2n12.nr1: WARNING: V(i1,c) voltage is greater than specified by vmax
OSDI(debug) n.xdut.xr2n12.nr1: WARNING: V(i2,c) voltage is greater than specified by vmax
OSDI(debug) n.xdut.xr2n11.nr1: WARNING: V(i1,c) voltage is greater than specified by vmax
OSDI(debug) n.xdut.xr2n11.nr1: WARNING: V(i2,c) voltage is greater than specified by vmax
OSDI(debug) n.xdut.xr2n10.nr1: WARNING: V(i2,c) voltage is greater than specified by vmax
OSDI(debug) n.xdut.xr2n5.nr1: WARNING: V(i1,c) voltage is greater than specified by vmax
OSDI(debug) n.xdut.xr2n4.nr1: WARNING: V(i1,c) voltage is greater than specified by vmax
OSDI(debug) n.xdut.xr2n4.nr1: WARNING: V(i2,c) voltage is greater than specified by vmax
OSDI(debug) n.xdut.xr2n3.nr1: WARNING: V(i2,c) voltage is greater than specified by vmax
OSDI(debug) n.xdut.xr2n2.nr1: WARNING: V(i1,c) voltage is greater than specified by vmax
OSDI(debug) n.xdut.xr2n1.nr1: WARNING: V(i2,c) voltage is greater than specified by vmax
OSDI(debug) n.xdut.xr2n0.nr1: WARNING: V(i1,c) voltage is greater than specified by vmax
OSDI(debug) n.xdut.xr1n0.nr1: WARNING: V(i2,c) voltage is greater than specified by vmax
OSDI(debug) n.xdut.xota.xrz.nr1: WARNING: V(i1,c) voltage is greater than specified by vmax
OSDI(debug) n.xdut.xota.xrz.nr1: WARNING: V(i1,c) voltage is greater than specified by vmax
OSDI(debug) n.xdut.xota.xrz.nr1: WARNING: V(i1,c) voltage is greater than specified by vmax
 Reference value :  0.00000e+00Warning: singular matrix:  check node xdut.xbuf.sub!

Note: Starting dynamic gmin stepping
Warning: singular matrix:  check node xdut.xbuf.sub!

Warning: Dynamic gmin stepping failed
Note: Starting true gmin stepping
Warning: singular matrix:  check node xdut.xbuf.sub!

Warning: singular matrix:  check node xdut.xbuf.sub!

Warning: singular matrix:  check node xdut.xbuf.sub!

Warning: singular matrix:  check node xdut.xbuf.sub!

Warning: True gmin stepping failed
Note: Starting source stepping
Warning: source stepping failed
Note: Transient op started
Note: Transient op finished successfully

No. of Data Rows : 1
MCB 49  vos_tot_cm0.3= -0.00551627
Reset re-loads circuit * g1_sense monte carlo: input-referred offset, mismatch models (mos lv+hv, rppd), 200 samples

Circuit: * g1_sense monte carlo: input-referred offset, mismatch models (mos lv+hv, rppd), 200 samples

Doing analysis at TEMP = 27.000000 and TNOM = 27.000000

Using SPARSE 1.3 as Direct Linear Solver
 Reference value :  0.00000e+00Note: Starting dynamic gmin stepping
Warning: singular matrix:  check node xdut.xota.sub!

Warning: Dynamic gmin stepping failed
Note: Starting true gmin stepping
Warning: singular matrix:  check node xdut.xota.sub!

Warning: singular matrix:  check node xdut.xota.sub!

Warning: singular matrix:  check node xdut.xota.sub!

Warning: singular matrix:  check node xdut.xota.sub!

Warning: singular matrix:  check node xdut.xota.sub!

Warning: True gmin stepping failed
Note: Starting source stepping
Warning: source stepping failed
Note: Transient op started
Note: Transient op finished successfully

No. of Data Rows : 1
MCA 50  vos_tot_cm0= 0.00105069  vos_ota= -0.00108501  vped= 0.993581
Doing analysis at TEMP = 27.000000 and TNOM = 27.000000

Using SPARSE 1.3 as Direct Linear Solver
OSDI(debug) n.xdut.xbuf.xrz.nr1: WARNING: V(i2,c) voltage is greater than specified by vmax
OSDI(debug) n.xdut.xbuf.xrz.nr1: WARNING: V(i2,c) voltage is greater than specified by vmax
 Reference value :  0.00000e+00Warning: singular matrix:  check node xdut.xota.sub!

Note: Starting dynamic gmin stepping
Warning: singular matrix:  check node xdut.xota.sub!

Warning: Dynamic gmin stepping failed
Note: Starting true gmin stepping
Warning: singular matrix:  check node xdut.xota.sub!

Warning: singular matrix:  check node xdut.xota.sub!

Warning: singular matrix:  check node xdut.xota.sub!

Warning: singular matrix:  check node xdut.xota.sub!

Warning: True gmin stepping failed
Note: Starting source stepping
Warning: source stepping failed
Note: Transient op started
Note: Transient op finished successfully

No. of Data Rows : 1
MCB 50  vos_tot_cm0.3= 0.000974617
Reset re-loads circuit * g1_sense monte carlo: input-referred offset, mismatch models (mos lv+hv, rppd), 200 samples

Circuit: * g1_sense monte carlo: input-referred offset, mismatch models (mos lv+hv, rppd), 200 samples

Doing analysis at TEMP = 27.000000 and TNOM = 27.000000

Using SPARSE 1.3 as Direct Linear Solver
 Reference value :  0.00000e+00Note: Starting dynamic gmin stepping
Warning: singular matrix:  check node xdut.xbuf.sub!

Warning: Dynamic gmin stepping failed
Note: Starting true gmin stepping
Warning: singular matrix:  check node xdut.xbuf.sub!

Warning: singular matrix:  check node xdut.xbuf.sub!

Warning: singular matrix:  check node xdut.xbuf.sub!

Warning: singular matrix:  check node xdut.xbuf.sub!

Warning: singular matrix:  check node xdut.xbuf.sub!

Warning: True gmin stepping failed
Note: Starting source stepping
Warning: source stepping failed
Note: Transient op started
Note: Transient op finished successfully

No. of Data Rows : 1
MCA 51  vos_tot_cm0= -0.00375879  vos_ota= 0.00341846  vped= 0.997053
Doing analysis at TEMP = 27.000000 and TNOM = 27.000000

Using SPARSE 1.3 as Direct Linear Solver
 Reference value :  0.00000e+00Warning: singular matrix:  check node xdut.xbuf.sub!

Note: Starting dynamic gmin stepping
Warning: singular matrix:  check node xdut.xbuf.sub!

Warning: Dynamic gmin stepping failed
Note: Starting true gmin stepping
Warning: singular matrix:  check node xdut.xbuf.sub!

Warning: singular matrix:  check node xdut.xbuf.sub!

Warning: singular matrix:  check node xdut.xbuf.sub!

Warning: singular matrix:  check node xdut.xbuf.sub!

Warning: True gmin stepping failed
Note: Starting source stepping
Warning: source stepping failed
Note: Transient op started
Note: Transient op finished successfully

No. of Data Rows : 1
MCB 51  vos_tot_cm0.3= -0.00372422
Reset re-loads circuit * g1_sense monte carlo: input-referred offset, mismatch models (mos lv+hv, rppd), 200 samples

Circuit: * g1_sense monte carlo: input-referred offset, mismatch models (mos lv+hv, rppd), 200 samples

Doing analysis at TEMP = 27.000000 and TNOM = 27.000000

Using SPARSE 1.3 as Direct Linear Solver
 Reference value :  0.00000e+00
No. of Data Rows : 1
MCA 52  vos_tot_cm0= -0.00147522  vos_ota= 0.00139853  vped= 0.997636
Doing analysis at TEMP = 27.000000 and TNOM = 27.000000

Using SPARSE 1.3 as Direct Linear Solver
OSDI(debug) n.xrl2.nr1: WARNING: V(i1,c) voltage is greater than specified by vmax
OSDI(debug) n.xrl1.nr1: WARNING: V(i2,c) voltage is greater than specified by vmax
OSDI(debug) n.xdut.xr2n9.nr1: WARNING: V(i1,c) voltage is greater than specified by vmax
OSDI(debug) n.xdut.xr2n8.nr1: WARNING: V(i2,c) voltage is greater than specified by vmax
OSDI(debug) n.xrl2.nr1: WARNING: V(i1,c) voltage is greater than specified by vmax
OSDI(debug) n.xrl1.nr1: WARNING: V(i2,c) voltage is greater than specified by vmax
OSDI(debug) n.xdut.xr2n9.nr1: WARNING: V(i1,c) voltage is greater than specified by vmax
OSDI(debug) n.xdut.xr2n8.nr1: WARNING: V(i2,c) voltage is greater than specified by vmax
OSDI(debug) n.xrl2.nr1: WARNING: V(i1,c) voltage is greater than specified by vmax
OSDI(debug) n.xrl1.nr1: WARNING: V(i2,c) voltage is greater than specified by vmax
OSDI(debug) n.xdut.xr2n19.nr1: WARNING: V(i1,c) voltage is greater than specified by vmax
OSDI(debug) n.xdut.xr2n18.nr1: WARNING: V(i1,c) voltage is greater than specified by vmax
OSDI(debug) n.xdut.xr2n18.nr1: WARNING: V(i2,c) voltage is greater than specified by vmax
OSDI(debug) n.xdut.xr2n17.nr1: WARNING: V(i1,c) voltage is greater than specified by vmax
OSDI(debug) n.xdut.xr2n17.nr1: WARNING: V(i2,c) voltage is greater than specified by vmax
OSDI(debug) n.xdut.xr2n16.nr1: WARNING: V(i1,c) voltage is greater than specified by vmax
OSDI(debug) n.xdut.xr2n16.nr1: WARNING: V(i2,c) voltage is greater than specified by vmax
OSDI(debug) n.xdut.xr2n15.nr1: WARNING: V(i1,c) voltage is greater than specified by vmax
OSDI(debug) n.xdut.xr2n15.nr1: WARNING: V(i2,c) voltage is greater than specified by vmax
OSDI(debug) n.xdut.xr2n14.nr1: WARNING: V(i1,c) voltage is greater than specified by vmax
OSDI(debug) n.xdut.xr2n14.nr1: WARNING: V(i2,c) voltage is greater than specified by vmax
OSDI(debug) n.xdut.xr2n13.nr1: WARNING: V(i1,c) voltage is greater than specified by vmax
OSDI(debug) n.xdut.xr2n13.nr1: WARNING: V(i2,c) voltage is greater than specified by vmax
OSDI(debug) n.xdut.xr2n12.nr1: WARNING: V(i1,c) voltage is greater than specified by vmax
OSDI(debug) n.xdut.xr2n12.nr1: WARNING: V(i2,c) voltage is greater than specified by vmax
OSDI(debug) n.xdut.xr2n11.nr1: WARNING: V(i1,c) voltage is greater than specified by vmax
OSDI(debug) n.xdut.xr2n11.nr1: WARNING: V(i2,c) voltage is greater than specified by vmax
OSDI(debug) n.xdut.xr2n10.nr1: WARNING: V(i1,c) voltage is greater than specified by vmax
OSDI(debug) n.xdut.xr2n10.nr1: WARNING: V(i2,c) voltage is greater than specified by vmax
OSDI(debug) n.xdut.xr2n9.nr1: WARNING: V(i1,c) voltage is greater than specified by vmax
OSDI(debug) n.xdut.xr2n9.nr1: WARNING: V(i2,c) voltage is greater than specified by vmax
OSDI(debug) n.xdut.xr2n8.nr1: WARNING: V(i2,c) voltage is greater than specified by vmax
OSDI(debug) n.xrl2.nr1: WARNING: V(i1,c) voltage is greater than specified by vmax
OSDI(debug) n.xrl1.nr1: WARNING: V(i2,c) voltage is greater than specified by vmax
OSDI(debug) n.xdut.xr2n10.nr1: WARNING: V(i1,c) voltage is greater than specified by vmax
OSDI(debug) n.xdut.xr2n9.nr1: WARNING: V(i1,c) voltage is greater than specified by vmax
OSDI(debug) n.xdut.xr2n9.nr1: WARNING: V(i2,c) voltage is greater than specified by vmax
OSDI(debug) n.xdut.xr2n8.nr1: WARNING: V(i1,c) voltage is greater than specified by vmax
OSDI(debug) n.xdut.xr2n8.nr1: WARNING: V(i2,c) voltage is greater than specified by vmax
OSDI(debug) n.xdut.xr2n7.nr1: WARNING: V(i2,c) voltage is greater than specified by vmax
OSDI(debug) n.xdut.xr2n0.nr1: WARNING: V(i1,c) voltage is greater than specified by vmax
OSDI(debug) n.xdut.xr1n0.nr1: WARNING: V(i2,c) voltage is greater than specified by vmax
OSDI(debug) n.xrl2.nr1: WARNING: V(i1,c) voltage is greater than specified by vmax
OSDI(debug) n.xrl1.nr1: WARNING: V(i2,c) voltage is greater than specified by vmax
OSDI(debug) n.xdut.xr2n10.nr1:Note: Starting dynamic gmin stepping
Warning: singular matrix:  check node xdut.sub!

Warning: Dynamic gmin stepping failed
Note: Starting true gmin stepping
Warning: singular matrix:  check node xdut.sub!

Warning: singular matrix:  check node xdut.sub!

Warning: singular matrix:  check node xdut.sub!

Warning: singular matrix:  check node xdut.sub!

Warning: singular matrix:  check node xdut.sub!

Warning: True gmin stepping failed
Note: Starting source stepping
Warning: source stepping failed
Note: Transient op started
Note: Transient op finished successfully
 OSDI(debug) n.xdut.xr2n9.nr1: WARNING: V(i1,c) voltage is greater than specified by vmax
OSDI(debug) n.xdut.xr2n9.nr1: WARNING: V(i2,c) voltage is greater than specified by vmax
OSDI(debug) n.xdut.xr2n2.nr1: WARNING: V(i1,c) voltage is greater than specified by vmax
OSDI(debug) n.xdut.xr2n2.nr1: WARNING: V(i2,c) voltage is greater than specified by vmax
OSDI(debug) n.xdut.xr2n1.nr1: WARNING: V(i1,c) voltage is greater than specified by vmax
OSDI(debug) n.xdut.xr2n1.nr1: WARNING: V(i2,c) voltage is greater than specified by vmax
OSDI(debug) n.xdut.xr2n0.nr1: WARNING: V(i1,c) voltage is greater than specified by vmax
OSDI(debug) n.xdut.xr2n0.nr1: WARNING: V(i2,c) voltage is greater than specified by vmax
OSDI(debug) n.xdut.xr1n0.nr1: WARNING: V(i2,c) voltage is greater than specified by vmax
OSDI(debug) n.xdut.xr2n8.nr1: WARNING: V(i1,c) voltage is greater than specified by vmax
OSDI(debug) n.xdut.xr2n8.nr1: WARNING: V(i2,c) voltage is greater than specified by vmax
OSDI(debug) n.xdut.xr2n7.nr1: WARNING: V(i1,c) voltage is greater than specified by vmax
OSDI(debug) n.xdut.xr2n7.nr1: WARNING: V(i2,c) voltage is greater than specified by vmax
OSDI(debug) n.xdut.xr2n6.nr1: WARNING: V(i1,c) voltage is greater than specified by vmax
OSDI(debug) n.xdut.xr2n6.nr1: WARNING: V(i2,c) voltage is greater than specified by vmax
OSDI(debug) n.xdut.xr2n5.nr1: WARNING: V(i1,c) voltage is greater than specified by vmax
OSDI(debug) n.xdut.xr2n5.nr1: WARNING: V(i2,c) voltage is greater than specified by vmax
OSDI(debug) n.xdut.xr2n4.nr1: WARNING: V(i1,c) voltage is greater than specified by vmax
OSDI(debug) n.xdut.xr2n4.nr1: WARNING: V(i2,c) voltage is greater than specified by vmax
OSDI(debug) n.xdut.xr2n3.nr1: WARNING: V(i1,c) voltage is greater than specified by vmax
OSDI(debug) n.xdut.xr2n3.nr1: WARNING: V(i2,c) voltage is greater than specified by vmax
WARNING: V(i1,c) voltage is greater than specified by vmax
 Reference value :  0.00000e+00Warning: singular matrix:  check node xdut.xbuf.sub!

Note: Starting dynamic gmin stepping
Warning: singular matrix:  check node xdut.xbuf.sub!

Warning: Dynamic gmin stepping failed
Note: Starting true gmin stepping
Warning: singular matrix:  check node xdut.xbuf.sub!

Warning: singular matrix:  check node xdut.xbuf.sub!

Warning: singular matrix:  check node xdut.xbuf.sub!

Warning: singular matrix:  check node xdut.xbuf.sub!

Warning: True gmin stepping failed
Note: Starting source stepping
Warning: source stepping failed
Note: Transient op started
Note: Transient op finished successfully

No. of Data Rows : 1
MCB 52  vos_tot_cm0.3= -0.00150239
Reset re-loads circuit * g1_sense monte carlo: input-referred offset, mismatch models (mos lv+hv, rppd), 200 samples

Circuit: * g1_sense monte carlo: input-referred offset, mismatch models (mos lv+hv, rppd), 200 samples

Doing analysis at TEMP = 27.000000 and TNOM = 27.000000

Using SPARSE 1.3 as Direct Linear Solver
 Reference value :  0.00000e+00Note: Starting dynamic gmin stepping
Warning: singular matrix:  check node xdut.xbuf.sub!

Warning: Dynamic gmin stepping failed
Note: Starting true gmin stepping
Warning: singular matrix:  check node xdut.xbuf.sub!

Warning: singular matrix:  check node xdut.xbuf.sub!

Warning: singular matrix:  check node xdut.xbuf.sub!

Warning: singular matrix:  check node xdut.xbuf.sub!

Warning: singular matrix:  check node xdut.xbuf.sub!

Warning: True gmin stepping failed
Note: Starting source stepping
Warning: source stepping failed
Note: Transient op started
Note: Transient op finished successfully

No. of Data Rows : 1
MCA 53  vos_tot_cm0= 0.000212273  vos_ota= -0.000323309  vped= 0.999486
Doing analysis at TEMP = 27.000000 and TNOM = 27.000000

Using SPARSE 1.3 as Direct Linear Solver
 Reference value :  0.00000e+00Warning: singular matrix:  check node xdut.xbuf.sub!

Note: Starting dynamic gmin stepping
Warning: singular matrix:  check node xdut.xbuf.sub!

Warning: Dynamic gmin stepping failed
Note: Starting true gmin stepping
Warning: singular matrix:  check node xdut.xbuf.sub!

Warning: singular matrix:  check node xdut.xbuf.sub!

Warning: singular matrix:  check node xdut.xbuf.sub!

Warning: singular matrix:  check node xdut.xbuf.sub!

Warning: True gmin stepping failed
Note: Starting source stepping
Warning: source stepping failed
Note: Transient op started
Note: Transient op finished successfully

No. of Data Rows : 1
MCB 53  vos_tot_cm0.3= 0.00024263
Reset re-loads circuit * g1_sense monte carlo: input-referred offset, mismatch models (mos lv+hv, rppd), 200 samples

Circuit: * g1_sense monte carlo: input-referred offset, mismatch models (mos lv+hv, rppd), 200 samples

Doing analysis at TEMP = 27.000000 and TNOM = 27.000000

Using SPARSE 1.3 as Direct Linear Solver
 Reference value :  0.00000e+00
No. of Data Rows : 1
MCA 54  vos_tot_cm0= -0.00266407  vos_ota= 0.00220373  vped= 0.997041
Doing analysis at TEMP = 27.000000 and TNOM = 27.000000

Using SPARSE 1.3 as Direct Linear Solver
OSDI(debug) n.xdut.xota.xrz.nr1: WARNING: V(i2,c) voltage is greater than specified by vmax
OSDI(debug) n.xdut.xota.xrz.nr1: WARNING: V(i2,c) voltage is greater than specified by vmax
OSDI(debug) n.xdut.xota.xrz.nr1: WARNING: V(i2,c) voltage is greater than specified by vmax
OSDI(debug) n.xdut.xota.xrz.nr1: WARNING: V(i2,c) voltage is greater than specified by vmax
OSDI(debug) n.xdut.xota.xrz.nr1: WARNING: V(i2,c) voltage is greater than specified by vmax
OSDI(debug) n.xdut.xota.xrz.nr1: WARNING: V(i2,c) voltage is greater than specified by vmax
OSDI(debug) n.xdut.xota.xrz.nr1: WARNING: V(i2,c) voltage is greater than specified by vmax
OSDI(debug) n.xdut.xota.xrz.nr1: WARNING: V(i2,c) voltage is greater than specified by vmax
OSDI(debug) n.xdut.xota.xrz.nr1: WARNING: V(i2,c) voltage is greater than specified by vmax
OSDI(debug) n.xdut.xota.xrz.nr1: WARNING: V(i2,c) voltage is greater than specified by vmax
OSDI(debug) n.xdut.xota.xrz.nr1: WARNING: V(i2,c) voltage is greater than specified by vmax
OSDI(debug) n.xdut.xota.xrz.nr1: WARNING: V(i2,c) voltage is greater than specified by vmax
OSDI(debug) n.xdut.xota.xrz.nr1: WARNING: V(i2,c) voltage is greater than specified by vmax
OSDI(debug) n.xdut.xota.xrz.nr1: WARNING: V(i2,c) voltage is greater than specified by vmax
OSDI(debug) n.xdut.xota.xrz.nr1: WARNING: V(i2,c) voltage is greater than specified by vmax
OSDI(debug) n.xdut.xota.xrz.nr1: WARNING: V(i2,c) voltage is greater than specified by vmax
OSDI(debug) n.xdut.xota.xrz.nr1: WARNING: V(i2,c) voltage is greater than specified by vmax
OSDI(debug) n.xdut.xota.xrz.nr1: WARNING: V(i2,c) voltage is greater than specified by vmax
OSDI(debug) n.xdut.xota.xrz.nr1: WARNING: V(i2,c) voltage is greater than specified by vmax
OSDI(debug) n.xdut.xota.xrz.nr1: WARNING: V(i2,c) voltage is greater than specified by vmax
OSDI(debug) n.xdut.xota.xrz.nr1: WARNING: V(i2,c) voltage is greater than specified by vmax
OSDI(debug) n.xdut.xota.xrz.nr1: WARNING: V(i2,c) voltage is greater than specified by vmax
OSDI(debug) n.xdut.xota.xrz.nr1: WARNING: V(i2,c) voltage is greater than specified by vmax
OSDI(debug) n.xdut.xota.xrz.nr1: WARNING: V(i2,c) voltage is greater than specified by vmax
OSDI(debug) n.xdut.xota.xrz.nr1: WARNING: V(i2,c) voltage is greater than specified by vmax
OSDI(debug) n.xdut.xota.xrz.nr1: WARNING: V(i2,c) voltage is greater than specified by vmax
OSDI(debug) n.xdut.xota.xrz.nr1: WARNING: V(i2,c) voltage is greater than specified by vmax
OSDI(debug) n.xdut.xota.xrz.nr1: WARNING: V(i2,c) voltage is greater than specified by vmax
OSDI(debug) n.xdut.xota.xrz.nr1: WARNING: V(i2,c) voltage is greater than specified by vmax
OSDI(debug) n.xdut.xota.xrz.nr1: WARNING: V(i2,c) voltage is greater than specified by vmax
OSDI(debug) n.xdut.xota.xrz.nr1: WARNING: V(i2,c) voltage is greater than specified by vmax
OSDI(debug) n.xdut.xota.xrz.nr1: WARNING: V(i2,c) voltage is greater than specified by vmax
OSDI(debug) n.xdut.xota.xrz.nr1: WARNING: V(i2,c) voltage is greater than specified by vmax
OSDI(debug) n.xdut.xota.xrz.nr1: WARNING: V(i2,c) voltage is greater than specified by vmax
OSDI(debug) n.xdut.xota.xrz.nr1: WARNING: V(i2,c) voltage is greater than specified by vmax
OSDI(debug) n.xdut.xota.xrz.nr1: WARNING: V(i2,c) voltage is greater than specified by vmax
OSDI(debug) n.xdut.xota.xrz.nr1: WARNING: V(i2,c) voltage is greater than specified by vmax
OSDI(debug) n.xdut.xota.xrz.nr1: WARNING: V(i2,c) voltage is greater than specified by vmax
OSDI(debug) n.xdut.xota.xrz.nr1: WARNING: V(i2,c) voltage is greater than specified by vmax
OSDI(debug) n.xdut.xota.xrz.nr1: WARNING: V(i2,c) voltage is greater than specified by vmax
OSDI(debug) n.xdut.xota.xrz.nr1: WARNING: V(i2,c) voltage is greater than specified by vmax
OSDI(debug) n.xdut.xota.xrz.nr1: WARNING: V(i2,c) voltage is greater than specified by vmax
OSDI(debug) n.xdut.xota.xrz.nr1: WARNING: Note: Starting dynamic gmin stepping
Warning: singular matrix:  check node sub!

Warning: Dynamic gmin stepping failed
Note: Starting true gmin stepping
Warning: singular matrix:  check node sub!

Warning: singular matrix:  check node sub!

Warning: singular matrix:  check node sub!

Warning: singular matrix:  check node sub!

Warning: singular matrix:  check node sub!

Warning: True gmin stepping failed
Note: Starting source stepping
Warning: source stepping failed
Note: Transient op started
Note: Transient op finished successfully
V(i2,c) voltage is greater than specified by vmax
OSDI(debug) n.xdut.xota.xrz.nr1: WARNING: V(i2,c) voltage is greater than specified by vmax
OSDI(debug) n.xdut.xota.xrz.nr1: WARNING: V(i2,c) voltage is greater than specified by vmax
OSDI(debug) n.xdut.xota.xrz.nr1: WARNING: V(i2,c) voltage is greater than specified by vmax
OSDI(debug) n.xdut.xota.xrz.nr1: WARNING: V(i2,c) voltage is greater than specified by vmax
OSDI(debug) n.xdut.xota.xrz.nr1: WARNING: V(i2,c) voltage is greater than specified by vmax
OSDI(debug) n.xdut.xota.xrz.nr1: WARNING: V(i2,c) voltage is greater than specified by vmax
OSDI(debug) n.xdut.xota.xrz.nr1: WARNING: V(i2,c) voltage is greater than specified by vmax
OSDI(debug) n.xdut.xota.xrz.nr1: WARNING: V(i2,c) voltage is greater than specified by vmax
OSDI(debug) n.xdut.xota.xrz.nr1: WARNING: V(i2,c) voltage is greater than specified by vmax
OSDI(debug) n.xdut.xota.xrz.nr1: WARNING: V(i2,c) voltage is greater than specified by vmax
 Reference value :  0.00000e+00Warning: singular matrix:  check node sub!

Note: Starting dynamic gmin stepping
Warning: singular matrix:  check node sub!

Warning: Dynamic gmin stepping failed
Note: Starting true gmin stepping
Warning: singular matrix:  check node sub!

Warning: singular matrix:  check node sub!

Warning: singular matrix:  check node sub!

Warning: singular matrix:  check node sub!

Warning: True gmin stepping failed
Note: Starting source stepping
Warning: source stepping failed
Note: Transient op started
Note: Transient op finished successfully

No. of Data Rows : 1
MCB 54  vos_tot_cm0.3= -0.00258551
Reset re-loads circuit * g1_sense monte carlo: input-referred offset, mismatch models (mos lv+hv, rppd), 200 samples

Circuit: * g1_sense monte carlo: input-referred offset, mismatch models (mos lv+hv, rppd), 200 samples

Doing analysis at TEMP = 27.000000 and TNOM = 27.000000

Using SPARSE 1.3 as Direct Linear Solver
 Reference value :  0.00000e+00Note: Starting dynamic gmin stepping
Warning: singular matrix:  check node xdut.sub!

Warning: Dynamic gmin stepping failed
Note: Starting true gmin stepping
Warning: singular matrix:  check node xdut.sub!

Warning: singular matrix:  check node xdut.sub!

Warning: singular matrix:  check node xdut.sub!

Warning: singular matrix:  check node xdut.sub!

Warning: singular matrix:  check node xdut.sub!

Warning: True gmin stepping failed
Note: Starting source stepping
Warning: source stepping failed
Note: Transient op started
Note: Transient op finished successfully

No. of Data Rows : 1
MCA 55  vos_tot_cm0= 0.00444404  vos_ota= -0.00398244  vped= 1.00469
Doing analysis at TEMP = 27.000000 and TNOM = 27.000000

Using SPARSE 1.3 as Direct Linear Solver
 Reference value :  0.00000e+00Warning: singular matrix:  check node xdut.xbuf.sub!

Note: Starting dynamic gmin stepping
Warning: singular matrix:  check node xdut.xbuf.sub!

Warning: Dynamic gmin stepping failed
Note: Starting true gmin stepping
Warning: singular matrix:  check node xdut.xbuf.sub!

Warning: singular matrix:  check node xdut.xbuf.sub!

Warning: singular matrix:  check node xdut.xbuf.sub!

Warning: singular matrix:  check node xdut.xbuf.sub!

Warning: True gmin stepping failed
Note: Starting source stepping
Warning: source stepping failed
Note: Transient op started
Note: Transient op finished successfully

No. of Data Rows : 1
MCB 55  vos_tot_cm0.3= 0.00441651
Reset re-loads circuit * g1_sense monte carlo: input-referred offset, mismatch models (mos lv+hv, rppd), 200 samples

Circuit: * g1_sense monte carlo: input-referred offset, mismatch models (mos lv+hv, rppd), 200 samples

Doing analysis at TEMP = 27.000000 and TNOM = 27.000000

Using SPARSE 1.3 as Direct Linear Solver
 Reference value :  0.00000e+00
No. of Data Rows : 1
MCA 56  vos_tot_cm0= -0.00708935  vos_ota= 0.00689776  vped= 1.00371
Doing analysis at TEMP = 27.000000 and TNOM = 27.000000

Using SPARSE 1.3 as Direct Linear Solver
OSDI(debug) n.xdut.xota.xrz.nr1: WARNING: V(i2,c) voltage is greater than specified by vmax
OSDI(debug) n.xdut.xota.xrz.nr1: WARNING: V(i2,c) voltage is greater than specified by vmax
OSDI(debug) n.xdut.xota.xrz.nr1: WARNING: V(i2,c) voltage is greater than specified by vmax
OSDI(debug) n.xdut.xota.xrz.nr1: WARNING: V(i2,c) voltage is greater than specified by vmax
OSDI(debug) n.xdut.xota.xrz.nr1: WARNING: V(i2,c) voltage is greater than specified by vmax
OSDI(debug) n.xdut.xota.xrz.nr1: WARNING: V(i2,c) voltage is greater than specified by vmax
OSDI(debug) n.xdut.xota.xrz.nr1: WARNING: V(i2,c) voltage is greater than specified by vmax
OSDI(debug) n.xdut.xota.xrz.nr1: WARNING: V(i2,c) voltage is greater than specified by vmax
OSDI(debug) n.xdut.xota.xrz.nr1: WARNING: V(i2,c) voltage is greater than specified by vmax
OSDI(debug) n.xdut.xota.xrz.nr1: WARNING: V(i2,c) voltage is greater than specified by vmax
OSDI(debug) n.xdut.xota.xrz.nr1: WARNING: V(i2,c) voltage is greater than specified by vmax
OSDI(debug) n.xdut.xota.xrz.nr1: WARNING: V(i2,c) voltage is greater than specified by vmax
OSDI(debug) n.xdut.xota.xrz.nr1: WARNING: V(i2,c) voltage is greater than specified by vmax
OSDI(debug) n.xdut.xota.xrz.nr1: WARNING: V(i2,c) voltage is greater than specified by vmax
OSDI(debug) n.xdut.xota.xrz.nr1: WARNING: V(i2,c) voltage is greater than specified by vmax
OSDI(debug) n.xdut.xota.xrz.nr1: WARNING: V(i2,c) voltage is greater than specified by vmax
OSDI(debug) n.xdut.xota.xrz.nr1: WARNING: V(i2,c) voltage is greater than specified by vmax
OSDI(debug) n.xdut.xota.xrz.nr1: WARNING: V(i2,c) voltage is greater than specified by vmax
OSDI(debug) n.xdut.xota.xrz.nr1: WARNING: V(i2,c) voltage is greater than specified by vmax
OSDI(debug) n.xdut.xota.xrz.nr1: WARNING: V(i2,c) voltage is greater than specified by vmax
OSDI(debug) n.xdut.xota.xrz.nr1: WARNING: V(i2,c) voltage is greater than specified by vmax
OSDI(debug) n.xdut.xota.xrz.nr1: WARNING: V(i2,c) voltage is greater than specified by vmax
OSDI(debug) n.xdut.xota.xrz.nr1: WARNING: V(i2,c) voltage is greater than specified by vmax
OSDI(debug) n.xdut.xota.xrz.nr1: WARNING: V(i2,c) voltage is greater than specified by vmax
OSDI(debug) n.xdut.xota.xrz.nr1: WARNING: V(i2,c) voltage is greater than specified by vmax
OSDI(debug) n.xdut.xota.xrz.nr1: WARNING: V(i2,c) voltage is greater than specified by vmax
OSDI(debug) n.xdut.xota.xrz.nr1: WARNING: V(i2,c) voltage is greater than specified by vmax
OSDI(debug) n.xdut.xota.xrz.nr1: WARNING: V(i2,c) voltage is greater than specified by vmax
OSDI(debug) n.xdut.xota.xrz.nr1: WARNING: V(i2,c) voltage is greater than specified by vmax
OSDI(debug) n.xdut.xota.xrz.nr1: WARNING: V(i2,c) voltage is greater than specified by vmax
OSDI(debug) n.xdut.xota.xrz.nr1: WARNING: V(i2,c) voltage is greater than specified by vmax
OSDI(debug) n.xdut.xota.xrz.nr1: WARNING: V(i2,c) voltage is greater than specified by vmax
OSDI(debug) n.xdut.xota.xrz.nr1: WARNING: V(i2,c) voltage is greater than specified by vmax
OSDI(debug) n.xdut.xota.xrz.nr1: WARNING: V(i2,c) voltage is greater than specified by vmax
OSDI(debug) n.xdut.xota.xrz.nr1: WARNING: V(i2,c) voltage is greater than specified by vmax
OSDI(debug) n.xdut.xota.xrz.nr1: WARNING: V(i2,c) voltage is greater than specified by vmax
OSDI(debug) n.xdut.xota.xrz.nr1: WARNING: V(i2,c) voltage is greater than specified by vmax
OSDI(debug) n.xdut.xota.xrz.nr1: WARNING: V(i2,c) voltage is greater than specified by vmax
OSDI(debug) n.xdut.xota.xrz.nr1: WARNING: V(i2,c) voltage is greater than specified by vmax
OSDI(debug) n.xdut.xota.xrz.nr1: WARNING: V(i2,c) voltage is greater than specified by vmax
OSDI(debug) n.xdut.xota.xrz.nr1: WARNING: V(i2,c) voltage is greater than specified by vmax
OSDI(debug) n.xdut.xota.xrz.nr1: WARNING: V(i2,c) voltage is greater than specified by vmax
OSDI(debug) n.xdut.xr2n17.nr1: WARNING: V(i1,c) voltage is greater than specified by vmax
OSDI(debug) n.xdut.xr2n9.nr1: WARNING: V(i1,c) voltage is greater than specified by vmax
OSDI(debug) n.xdut.xr2n8.nr1: WARNING: V(i2,c) voltage is greater than specified by vmax
OSDI(debug) n.xdut.xr2n7.nr1: WARNING: V(i1,c) voltage is greater than specified by vmax
OSDI(debug) n.xdut.xr2n6.nr1: WARNING: V(i1,c) voltage is greater than specified by vmax
OSDI(debug) n.xdut.xr2n6.nr1: WARNING: V(i2,c) voltage is greater than specified by vmax
OSDI(debug) n.xdut.xr2n5.nr1: WARNING: V(i2,c) voltage is greater than specified by vmax
OSDI(debug) n.xdut.xr2n4.nr1: WARNING: V(i1,c) voltage is greater than specified by vmax
OSDI(debug) n.xdut.xr2n3.nr1: WARNING: V(i1,c) voltage is greater than specified by vmax
OSDI(debug) n.xdut.xr2n3.nr1: WARNING: V(i2,c) voltage is greater than specified by vmax
OSDI(debug) n.xdut.xr2n2.nr1: WARNING: V(i1,c) voltage is greater than specified by vmax
OSDI(debug) n.xdut.xr2n2.nr1: WARNING: V(i2,c) voltage is greater than specified by vmax
OSDI(debug) n.xdut.xr2n1.nr1: WARNING: V(i1,c) voltage is greater than specified by vmax
OSDI(debug) n.xdut.xr2n1.nr1: WARNING: V(i2,c) voltage is greater than specified by vmax
OSDI(debug) n.xdut.xr2n0.nr1: WARNING: V(i1,c) voltage is greater than specified by vmax
OSDI(debug) n.xdut.xr2n0.nr1: WARNING: V(i2,c) voltage is greater than specified by vmax
OSDI(debug) n.xdut.xr1n0.nr1: WARNING: V(i2,c) voltage is greater than specified by vmax
OSDI(debug) n.xdut.xr2n16.nr1: OSDI(debug) n.xdut.xr2n15.nr1: WARNING: V(i1,c) voltage is greater than specified by vmax
OSDI(debug) n.xdut.xr2n15.nr1: WARNING: V(i2,c) voltage is greater than specified by vmax
OSDI(debug) n.xdut.xr2n14.nr1: WARNING: V(i2,c) voltage is greater than specified by vmax
OSDI(debug) n.xdut.xr2n12.nr1: WARNING: V(i1,c) voltage is greater than specified by vmax
OSDI(debug) n.xdut.xr2n12.nr1: WARNING: V(i2,c) voltage is greater than specified by vmax
OSDI(debug) n.xdut.xr2n13.nr1: OSDI(debug) n.xdut.xr2n11.nr1: WARNING: V(i1,c) voltage is greater than specified by vmax
OSDI(debug) n.xdut.xr2n11.nr1: WARNING: V(i2,c) voltage is greater than specified by vmax
WARNING: V(i1,c) voltage is greater than specified by vmax
OSDI(debug) n.xdut.xr2n16.nr1: WARNING: V(i2,c) voltage is greater than specified by vmax
OSDI(debug) n.xdut.xr2n10.nr1: WARNING: V(i2,c) voltage is greater than specified by vmax
WARNING: V(i1,c) voltage is greater than specified by vmax
OSDI(debug) n.xdut.xota.xrz.nr1: WARNING: V(i2,c) voltage is greater than specified by vmax
OSDI(debug) n.xdut.xr2n19.nr1: WARNING: V(i1,c) voltage is greater than specified by vmax
OSDI(debug) n.xdut.xr2n18.nr1: WARNING: V(i1,c) voltage is greater than specified by vmax
OSDI(debug) n.xdut.xr2n18.nr1: WARNING: V(i2,c) voltage is greater than specified by vmax
OSDI(debug) n.xdut.xr2n17.nr1: WARNING: V(i1,c) voltage is greater than specified by vmax
OSDI(debug) n.xdut.xr2n17.nr1: WARNING: V(i2,c) voltage is greater than specified by vmax
OSDI(debug) n.xdut.xr2n16.nr1: WARNING: V(i1,c) voltage is greater than specified by vmax
OSDI(debug) n.xdut.xr2n16.nr1: WARNING: V(i2,c) voltage is greater than specified by vmax
OSDI(debug) n.xdut.xr2n15.nr1: WARNING: V(i1,c) voltage is greater than specified by vmax
OSDI(debug) n.xdut.xr2n15.nr1: WARNING: V(i2,c) voltage is greater than specified by vmax
OSDI(debug) n.xdut.xr2n14.nr1: WARNING: V(i2,c) voltage is greater than specified by vmax
OSDI(debug) n.xdut.xr2n13.nr1: WARNING: V(i1,c) voltage is greater than specified by vmax
OSDI(debug) n.xdut.xr2n12.nr1: WARNING: V(i1,c) voltage is greater than specified by vmax
OSDI(debug) n.xdut.xr2n12.nr1: WARNING: V(i2,c) voltage is greater than specified by vmax
OSDI(debug) n.xdut.xr2n11.nr1: WARNING: V(i1,c) voltage is greater than specified by vmax
OSDI(debug) n.xdut.xr2n11.nr1: WARNING: V(i2,c) voltage is greater than specified by vmax
OSDI(debug) n.xdut.xr2n10.nr1: WARNING: V(i1,c) voltage is greater than specified by vmax
OSDI(debug) n.xdut.xr2n10.nr1: WARNING: V(i2,c) voltage is greater than specified by vmax
OSDI(debug) n.xdut.xr2n9.nr1: WARNING: V(i1,c) voltage is greater than specified by vmax
OSDI(debug) n.xdut.xr2n9.nr1: WARNING: V(i2,c) voltage is greater than specified by vmax
OSDI(debug) n.xdut.xr2n1.nr1: WARNING: V(i1,c) voltage is greater than specified by vmax
OSDI(debug) n.xdut.xr2n1.nr1: WARNING: V(i2,c) voltage is greater than specified by vmax
OSDI(debug) n.xdut.xr2n0.nr1: WARNING: V(i1,c) voltage is greater than specified by vmax
OSDI(debug) n.xdut.xr2n0.nr1: WARNING: V(i2,c) voltage is greater than specified by vmax
OSDI(debug) n.xdut.xr1n0.nr1: WARNING: V(i2,c) voltage is greater than specified by vmax
OSDI(debug) n.xdut.xr2n8.nr1: WARNING: V(i1,c) voltage is greater than specified by vmax
OSDI(debug) n.xdut.xr2n8.nr1: WARNING: V(i2,c) voltage is greater than specified by vmax
OSDI(debug) n.xdut.xr2n7.nr1: OSDI(debug) n.xdut.xr2n6.nr1: WARNING: V(i1,c) voltage is greater than specified by vmax
OSDI(debug) n.xdut.xr2n6.nr1: WARNING: V(i2,c) voltage is greater than specified by vmax
OSDI(debug) n.xdut.xr2n5.nr1: WARNING: V(i2,c) voltage is greater than specified by vmax
OSDI(debug) n.xdut.xr2n4.nr1: WARNING: V(i1,c) voltage is greater than specified by vmax
OSDI(debug) n.xdut.xr2n3.nr1: WARNING: V(i1,c) voltage is greater than specified by vmax
OSDI(debug) n.xdut.xr2n3.nr1: WARNING: V(i2,c) voltage is greater than specified by vmax
WARNING: V(i1,c) voltage is greater than specified by vmax
OSDI(debug) n.xdut.xr2n7.nr1: WARNING: V(i2,c) voltage is greater than specified by vmax
OSDI(debug) n.xdut.xr2n2.nr1: WARNING: V(i1,c) voltage is greater than specified by vmax
OSDI(debug) n.xdut.xr2n2.nr1: WARNING: V(i2,c) voltage is greater than specified by vmax
OSDI(debug) n.xdut.xota.xrz.nr1: WARNING: V(i2,c) voltage is greater than specified by vmax
OSDI(debug) n.xdut.xr2n18.nr1: OSDI(debug) n.xdut.xr2n19.nr1: WARNING: V(i1,c) voltage is greater than specified by vmax
WARNING: V(i1,c) voltage is greater than specified by vmax
OSDI(debug) n.xdut.xr2n18.nr1: WARNING: V(i2,c) voltage is greater than specified by vmax
OSDI(debug) n.xdut.xr2n17.nr1: WARNING: V(i1,c) voltage is greater than specified by vmax
OSDI(debug) n.xdut.xr2n16.nr1: OSDI(debug) n.xdut.xr2n17.nr1: WARNING: V(i1,c) voltage is greater than specified by vmax
OSDI(debug) n.xdut.xr2n16.nr1: WARNING: V(i2,c) voltage is greater than specified by vmax
WARNING: V(i2,c) voltage is greater than specified by vmax
OSDI(debug) n.xdut.xr2n15.nr1: WARNING: V(i1,c) voltage is greater than specified by vmax
OSDI(debug) n.xdut.xr2n15.nr1: WARNING: V(i2,c) voltage is greater than specified by vmax
OSDI(debug) n.xdut.xr2n14.nr1: WARNING: V(i2,c) voltage is greater than specified by vmax
OSDI(debug) n.xdut.xr2n13.nr1: WARNING: V(i1,c) voltage is greater than specified by vmax
OSDI(debug) n.xdut.xr2n12.nr1: WARNING: V(i1,c) voltage is greater than specified by vmax
OSDI(debug) n.xdut.xr2n12.nr1: WARNING: V(i2,c) voltage is greater than specified by vmax
OSDI(debug) n.xdut.xr2n11.nr1: WARNING: V(i1,c) voltage is greater than specified by vmax
OSDI(debug) n.xdut.xr2n10.nr1: OSDI(debug) n.xdut.xr2n11.nr1: WARNING: V(i1,c) voltage is greater than specified by vmax
WARNING: V(i2,c) voltage is greater than specified by vmax
OSDI(debug) n.xdut.xr2n10.nr1: WARNING: V(i2,c) voltage is greater than specified by vmax
OSDI(debug) n.xdut.xr2n9.nr1: OSDI(debug) n.xdut.xr2n8.nr1: WARNING: V(i1,c) voltage is greater than specified by vmax
WARNING: V(i1,c) voltage is greater than specified by vmax
OSDI(debug) n.xdut.xr2n8.nr1: WARNING: V(i2,c) voltage is greater than specified by vmax
OSDI(debug) n.xdut.xr2n9.nr1: WARNING: V(i2,c) voltage is greater than specified by vmax
OSDI(debug) n.xdut.xr2n7.nr1: WARNING: V(i1,c) voltage is greater than specified by vmax
OSDI(debug) n.xdut.xr2n7.nr1: WARNING: V(i2,c) voltage is greater than specified by vmax
OSDI(debug) n.xdut.xr2n6.nr1: WARNING: V(i1,c) voltage is greater than specified by vmax
OSDI(debug) n.xdut.xr2n6.nr1: WARNING: V(i2,c) voltage is greater than specified by vmax
OSDI(debug) n.xdut.xr2n5.nr1: WARNING: V(i1,c) voltage is greater than specified by vmax
OSDI(debug) n.xdut.xr2n5.nr1: WARNING: V(i2,c) voltage is greater than specified by vmax
OSDI(debug) n.xdut.xr2n4.nr1: OSDI(debug) n.xdut.xr2n3.nr1: WARNING: V(i1,c) voltage is greater than specified by vmax
OSDI(debug) n.xdut.xr2n3.nr1: WARNING: V(i2,c) voltage is greater than specified by vmax
OSDI(debug) n.xdut.xr2n2.nr1: WARNING: V(i1,c) voltage is greater than specified by vmax
OSDI(debug) n.xdut.xr2n2.nr1: WARNING: V(i2,c) voltage is greater than specified by vmax
OSDI(debug) n.xdut.xr2n1.nr1: WARNING: V(i1,c) voltage is greater than specified by vmax
OSDI(debug) n.xdut.xr2n1.nr1: WARNING: V(i2,c) voltage is greater than specified by vmax
OSDI(debug) n.xdut.xr2n0.nr1: WARNING: V(i1,c) voltage is greater than specified by vmax
OSDI(debug) n.xdut.xr2n0.nr1: WARNING: V(i2,c) voltage is greater than specified by vmax
OSDI(debug) n.xdut.xr1n0.nr1: WARNING: V(i2,c) voltage is greater than specified by vmax
WARNING: V(i1,c) voltage is greater than specified by vmax
OSDI(debug) n.xdut.xr2n4.nr1: WARNING: V(i2,c) voltage is greater than specified by vmax
OSDI(debug) n.xdut.xr2n19.nr1: WARNING: V(i1,c) voltage is greater than specified by vmax
OSDI(debug) n.xdut.xr2n18.nr1: WARNING: V(i1,c) voltage is greater than specified by vmax
OSDI(debug) n.xdut.xr2n18.nr1: WARNING: V(i2,c) voltage is greater than specified by vmax
OSDI(debug) n.xdut.xr2n17.nr1: WARNING: V(i1,c) voltage is greater than specified by vmax
OSDI(debug) n.xdut.xr2n17.nr1: WARNING: V(i2,c) voltage is greater than specified by vmax
OSDI(debug) n.xdut.xr2n16.nr1: WARNING: V(i1,c) voltage is greater than specified by vmax
OSDI(debug) n.xdut.xr2n16.nr1: WARNING: V(i2,c) voltage is greater than specified by vmax
OSDI(debug) n.xdut.xr2n15.nr1: WARNING: V(i1,c) voltage is greater than specified by vmax
OSDI(debug) n.xdut.xr2n15.nr1: WARNING: V(i2,c) voltage is greater than specified by vmax
OSDI(debug) n.xdut.xr2n14.nr1: WARNING: V(i1,c) voltage is greater than specified by vmax
OSDI(debug) n.xdut.xr2n14.nr1: WARNING: V(i2,c) voltage is greater than specified by vmax
OSDI(debug) n.xdut.xr2n13.nr1: WARNING: V(i1,c) voltage is greater than specified by vmax
OSDI(debug) n.xdut.xr2n13.nr1: WARNING: V(i2,c) voltage is greater than specified by vmax
OSDI(debug) n.xdut.xr2n12.nr1: WARNING: V(i1,c) voltage is greater than specified by vmax
OSDI(debug) n.xdut.xr2n12.nr1: WARNING: V(i2,c) voltage is greater than specified by vmax
OSDI(debug) n.xdut.xr2n11.nr1: WARNING: V(i1,c) voltage is greater than specified by vmax
OSDI(debug) n.xdut.xr2n11.nr1: WARNING: V(i2,c) voltage is greater than specified by vmax
OSDI(debug) n.xdut.xr2n10.nr1: WARNING: V(i1,c) voltage is greater than specified by vmax
OSDI(debug) n.xdut.xr2n10.nr1: WARNING: V(i2,c) voltage is greater than specified by vmax
OSDI(debug) n.xdut.xr2n9.nr1: WARNING: V(i1,c) voltage is greater than specified by vmax
OSDI(debug) n.xdut.xr2n9.nr1: WARNING: V(i2,c) voltage is greater than specified by vmax
OSDI(debug) n.xdut.xr2n8.nr1: WARNING: V(i1,c) voltage is greater than specified by vmax
OSDI(debug) n.xdut.xr2n8.nr1: WARNING: V(i2,c) voltage is greater than specified by vmax
OSDI(debug) n.xdut.xr2n7.nr1: WARNING: V(i1,c) voltage is greater than specified by vmax
OSDI(debug) n.xdut.xr2n7.nr1: WARNING: V(i2,c) voltage is greater than specified by vmax
OSDI(debug) n.xdut.xr2n6.nr1: WARNING: V(i1,c) voltage is greater than specified by vmax
OSDI(debug) n.xdut.xr2n6.nr1: WARNING: V(i2,c) voltage is greater than specified by vmax
OSDI(debug) n.xdut.xr2n5.nr1: WARNING: V(i1,c) voltage is greater than specified by vmax
OSDI(debug) n.xdut.xr2n5.nr1: WARNING: V(i2,c) voltage is greater than specified by vmax
OSDI(debug) n.xdut.xr2n4.nr1: WARNING: V(i1,c) voltage is greater than specified by vmax
OSDI(debug) n.xdut.xr2n4.nr1: WARNING: V(i2,c) voltage is greater than specified by vmax
OSDI(debug) n.xdut.xr2n3.nr1: WARNING: V(i1,c) voltage is greater than specified by vmax
OSDI(debug) n.xdut.xr2n3.nr1: WARNING: V(i2,c) voltage is greater than specified by vmax
OSDI(debug) n.xdut.xr2n2.nr1: WARNING: V(i1,c) voltage is greater tNote: Starting dynamic gmin stepping
Warning: singular matrix:  check node xdut.xbuf.sub!

Warning: Dynamic gmin stepping failed
Note: Starting true gmin stepping
Warning: singular matrix:  check node xdut.xbuf.sub!

Warning: singular matrix:  check node xdut.xbuf.sub!

Warning: singular matrix:  check node xdut.xbuf.sub!

Warning: singular matrix:  check node xdut.xbuf.sub!

Warning: singular matrix:  check node xdut.xbuf.sub!

Warning: True gmin stepping failed
Note: Starting source stepping
Warning: source stepping failed
Note: Transient op started
Note: Transient op finished successfully
han specified by vmax
OSDI(debug) n.xdut.xr2n2.nr1: WARNING: V(i2,c) voltage is greater than specified by vmax
OSDI(debug) n.xdut.xr2n1.nr1: WARNING: V(i1,c) voltage is greater than specified by vmax
OSDI(debug) n.xdut.xr2n1.nr1: WARNING: V(i2,c) voltage is greater than specified by vmax
OSDI(debug) n.xdut.xr2n0.nr1: WARNING: V(i1,c) voltage is greater than specified by vmax
OSDI(debug) n.xdut.xr2n0.nr1: WARNING: V(i2,c) voltage is greater than specified by vmax
OSDI(debug) n.xdut.xr1n0.nr1: WARNING: V(i2,c) voltage is greater than specified by vmax
 Reference value :  0.00000e+00Warning: singular matrix:  check node xdut.xota.sub!

Note: Starting dynamic gmin stepping
Warning: singular matrix:  check node xdut.xota.sub!

Warning: Dynamic gmin stepping failed
Note: Starting true gmin stepping
Warning: singular matrix:  check node xdut.xota.sub!

Warning: singular matrix:  check node xdut.xota.sub!

Warning: singular matrix:  check node xdut.xota.sub!

Warning: singular matrix:  check node xdut.xota.sub!

Warning: True gmin stepping failed
Note: Starting source stepping
Warning: source stepping failed
Note: Transient op started
Note: Transient op finished successfully

No. of Data Rows : 1
MCB 56  vos_tot_cm0.3= -0.00703572
Reset re-loads circuit * g1_sense monte carlo: input-referred offset, mismatch models (mos lv+hv, rppd), 200 samples

Circuit: * g1_sense monte carlo: input-referred offset, mismatch models (mos lv+hv, rppd), 200 samples

Doing analysis at TEMP = 27.000000 and TNOM = 27.000000

Using SPARSE 1.3 as Direct Linear Solver
 Reference value :  0.00000e+00Note: Starting dynamic gmin stepping
Warning: singular matrix:  check node xdut.sub!

Warning: Dynamic gmin stepping failed
Note: Starting true gmin stepping
Warning: singular matrix:  check node xdut.sub!

Warning: singular matrix:  check node xdut.sub!

Warning: singular matrix:  check node xdut.sub!

Warning: singular matrix:  check node xdut.sub!

Warning: singular matrix:  check node xdut.sub!

Warning: True gmin stepping failed
Note: Starting source stepping
Warning: source stepping failed
Note: Transient op started
Note: Transient op finished successfully

No. of Data Rows : 1
MCA 57  vos_tot_cm0= 0.000935308  vos_ota= -0.0010752  vped= 0.9976
Doing analysis at TEMP = 27.000000 and TNOM = 27.000000

Using SPARSE 1.3 as Direct Linear Solver
 Reference value :  0.00000e+00Warning: singular matrix:  check node sub!

Note: Starting dynamic gmin stepping
Warning: singular matrix:  check node sub!

Warning: Dynamic gmin stepping failed
Note: Starting true gmin stepping
Warning: singular matrix:  check node sub!

Warning: singular matrix:  check node sub!

Warning: singular matrix:  check node sub!

Warning: singular matrix:  check node sub!

Warning: True gmin stepping failed
Note: Starting source stepping
Warning: source stepping failed
Note: Transient op started
Error: Transient op failed, timestep too small


Error: The operating point could not be simulated successfully.
    Any of the following steps may fail.!


No. of Data Rows : 1
MCB 57  vos_tot_cm0.3= 0.00095972
Reset re-loads circuit * g1_sense monte carlo: input-referred offset, mismatch models (mos lv+hv, rppd), 200 samples

Circuit: * g1_sense monte carlo: input-referred offset, mismatch models (mos lv+hv, rppd), 200 samples

Doing analysis at TEMP = 27.000000 and TNOM = 27.000000

Using SPARSE 1.3 as Direct Linear Solver

DC solution failed -

Last Node Voltages
------------------

Node                                   Last Voltage        Previous Iter
----                                   ------------        -------------
vdd                                             3.3                  3.3
vref                                            1.2                  1.2
ibias                                          -nan                 -nan
cm                                                0                    0
shp                                               0                    0
xdut.sub!                                      -nan                 -nan
xdut.vn                                        -nan                 -nan
xdut.xr1n0.dt                                  -nan                 -nan
xdut.r2n_0                                     -nan                 -nan
xdut.xr2n0.dt                                  -nan                 -nan
xdut.r2n_1                                     -nan                 -nan
xdut.xr2n1.dt                                  -nan                 -nan
xdut.r2n_2                                     -nan                 -nan
xdut.xr2n2.dt                                  -nan                 -nan
xdut.r2n_3                                     -nan                 -nan
xdut.xr2n3.dt                                  -nan                 -nan
xdut.r2n_4                                     -nan                 -nan
xdut.xr2n4.dt                                  -nan                 -nan
xdut.r2n_5                                     -nan                 -nan
xdut.xr2n5.dt                                  -nan                 -nan
xdut.r2n_6                                     -nan                 -nan
xdut.xr2n6.dt                                  -nan                 -nan
xdut.r2n_7                                     -nan                 -nan
xdut.xr2n7.dt                                  -nan                 -nan
xdut.r2n_8                                     -nan                 -nan
xdut.xr2n8.dt                                  -nan                 -nan
xdut.r2n_9                                     -nan                 -nan
xdut.xr2n9.dt                                  -nan                 -nan
xdut.r2n_10                                    -nan                 -nan
xdut.xr2n10.dt                                 -nan                 -nan
xdut.r2n_11                                    -nan                 -nan
xdut.xr2n11.dt                                 -nan                 -nan
xdut.r2n_12                                    -nan                 -nan
xdut.xr2n12.dt                                 -nan                 -nan
xdut.r2n_13                                    -nan                 -nan
xdut.xr2n13.dt                                 -nan                 -nan
xdut.r2n_14                                    -nan                 -nan
xdut.xr2n14.dt                                 -nan                 -nan
xdut.r2n_15                                    -nan                 -nan
xdut.xr2n15.dt                                 -nan                 -nan
xdut.r2n_16                                    -nan                 -nan
xdut.xr2n16.dt                                 -nan                 -nan
xdut.r2n_17                                    -nan                 -nan
xdut.xr2n17.dt                                 -nan                 -nan
xdut.r2n_18                                    -nan                 -nan
xdut.xr2n18.dt                                 -nan                 -nan
isense                                         -nan                 -nan
xdut.xr2n19.dt                                 -nan                 -nan
xdut.vp                                        -nan                 -nan
xdut.xr1p0.dt                                  -nan                 -nan
xdut.r2p_0                                     -nan                 -nan
xdut.xr2p0.dt                                  -nan                 -nan
xdut.r2p_1                                     -nan                 -nan
xdut.xr2p1.dt                                  -nan                 -nan
xdut.r2p_2                                     -nan                 -nan
xdut.xr2p2.dt                                  -nan                 -nan
xdut.r2p_3                                     -nan                 -nan
xdut.xr2p3.dt                                  -nan                 -nan
xdut.r2p_4                                     -nan                 -nan
xdut.xr2p4.dt                                  -nan                 -nan
xdut.r2p_5                                     -nan                 -nan
xdut.xr2p5.dt                                  -nan                 -nan
xdut.r2p_6                                     -nan                 -nan
xdut.xr2p6.dt                                  -nan                 -nan
xdut.r2p_7                                     -nan                 -nan
xdut.xr2p7.dt                                  -nan                 -nan
xdut.r2p_8                                     -nan                 -nan
xdut.xr2p8.dt                                  -nan                 -nan
xdut.r2p_9                                     -nan                 -nan
xdut.xr2p9.dt                                  -nan                 -nan
xdut.r2p_10                                    -nan                 -nan
xdut.xr2p10.dt                                 -nan                 -nan
xdut.r2p_11                                    -nan                 -nan
xdut.xr2p11.dt                                 -nan                 -nan
xdut.r2p_12                                    -nan                 -nan
xdut.xr2p12.dt                                 -nan                 -nan
xdut.r2p_13                                    -nan                 -nan
xdut.xr2p13.dt                                 -nan                 -nan
xdut.r2p_14                                    -nan                 -nan
xdut.xr2p14.dt                                 -nan                 -nan
xdut.r2p_15                                    -nan                 -nan
xdut.xr2p15.dt                                 -nan                 -nan
xdut.r2p_16                                    -nan                 -nan
xdut.xr2p16.dt                                 -nan                 -nan
xdut.r2p_17                                    -nan                 -nan
xdut.xr2p17.dt                                 -nan                 -nan
xdut.r2p_18                                    -nan                 -nan
xdut.xr2p18.dt                                 -nan                 -nan
vped                                           -nan                 -nan
xdut.xr2p19.dt                                 -nan                 -nan
xdut.vped_ref                                  -nan                 -nan
xdut.xrd10.dt                                  -nan                 -nan
xdut.rd2_0                                     -nan                 -nan
xdut.xrd20.dt                                  -nan                 -nan
xdut.rd2_1                                     -nan                 -nan
xdut.xrd21.dt                                  -nan                 -nan
xdut.rd2_2                                     -nan                 -nan
xdut.xrd22.dt                                  -nan                 -nan
xdut.rd2_3                                     -nan                 -nan
xdut.xrd23.dt                                  -nan                 -nan
xdut.xrd24.dt                                  -nan                 -nan
xdut.xota.vbp                                  -nan                 -nan
xdut.xota.vbnc                                 -nan                 -nan
xdut.xota.vbpc                                 -nan                 -nan
xdut.xota.tail  doAnalyses: OP:  Timestep too small; trouble with node "ibias"


op simulation(s) aborted
Warning from checkvalid: vector isense is not available or has zero length.
Error: RHS "(v(isense) - 1.0)/20" invalid
Warning from checkvalid: vector xdut.vp is not available or has zero length.
Error: RHS "v(xdut.vp) - v(xdut.vn)" invalid
Warning from checkvalid: vector vped is not available or has zero length.
Error: RHS "v(vped)" invalid
Error: &vos_tot0: no such variable.
Error: &vos_ota0: no such variable.
Error: &vped0: no such variable.
Note: Starting dynamic gmin stepping
Warning: singular matrix:  check node xdut.xbuf.sub!

Warning: Dynamic gmin stepping failed
Note: Starting true gmin stepping
Warning: singular matrix:  check node xdut.xbuf.sub!

Warning: singular matrix:  check node xdut.xbuf.sub!

Warning: singular matrix:  check node xdut.xbuf.sub!

Warning: singular matrix:  check node xdut.xbuf.sub!

Warning: singular matrix:  check node xdut.xbuf.sub!

Warning: True gmin stepping failed
Note: Starting source stepping
Warning: source stepping failed
Note: Transient op started
Note: Transient op finished successfully
                               -nan                 -nan
xdut.xota.fn                                   -nan                 -nan
xdut.xota.fp                                   -nan                 -nan
xdut.xota.mir                                  -nan                 -nan
xdut.xota.out1                                 -nan                 -nan
xdut.xota.pc1                                  -nan                 -nan
xdut.xota.pc2                                  -nan                 -nan
xdut.xota.sub!                                 -nan                 -nan
xdut.xota.cz                                   -nan                 -nan
xdut.xota.xrz.dt                               -nan                 -nan
xdut.xota.xcc.1                                -nan                 -nan
xdut.xbuf.vbp                                  -nan                 -nan
xdut.xbuf.vbnc                                 -nan                 -nan
xdut.xbuf.vbpc                                 -nan                 -nan
xdut.xbuf.tail                                 -nan                 -nan
xdut.xbuf.fn                                   -nan                 -nan
xdut.xbuf.fp                                   -nan                 -nan
xdut.xbuf.mir                                  -nan                 -nan
xdut.xbuf.out1                                 -nan                 -nan
xdut.xbuf.pc1                                  -nan                 -nan
xdut.xbuf.pc2                                  -nan                 -nan
xdut.xbuf.sub!                                 -nan                 -nan
xdut.xbuf.cz                                   -nan                 -nan
xdut.xbuf.xrz.dt                               -nan                 -nan
xdut.xbuf.xcc.1                                -nan                 -nan
sub!                                           -nan                 -nan
icmp                                           -nan                 -nan
xrl1.dt                                        -nan                 -nan
xrl2.dt                                        -nan                 -nan
xch.1                                          -nan                 -nan
vsh#branch                                     -nan                 -nan
vcm#branch                                     -nan                 -nan
vref#branch                                    -nan                 -nan
vdd#branch                                     -nan                 -nan

MCA 58  vos_tot_cm0=  vos_ota=  vped=
Doing analysis at TEMP = 27.000000 and TNOM = 27.000000

Using SPARSE 1.3 as Direct Linear Solver
 Reference value :  0.00000e+00Warning: singular matrix:  check node xdut.xbuf.sub!

Note: Starting dynamic gmin stepping
Warning: singular matrix:  check node xdut.xbuf.sub!

Warning: Dynamic gmin stepping failed
Note: Starting true gmin stepping
Warning: singular matrix:  check node xdut.xbuf.sub!

Warning: singular matrix:  check node xdut.xbuf.sub!

Warning: singular matrix:  check node xdut.xbuf.sub!

Warning: singular matrix:  check node xdut.xbuf.sub!

Warning: True gmin stepping failed
Note: Starting source stepping
Warning: source stepping failed
Note: Transient op started
Note: Transient op finished successfully

No. of Data Rows : 1
MCB 58  vos_tot_cm0.3= 0.00244566
Reset re-loads circuit * g1_sense monte carlo: input-referred offset, mismatch models (mos lv+hv, rppd), 200 samples

Circuit: * g1_sense monte carlo: input-referred offset, mismatch models (mos lv+hv, rppd), 200 samples

Doing analysis at TEMP = 27.000000 and TNOM = 27.000000

Using SPARSE 1.3 as Direct Linear Solver
 Reference value :  0.00000e+00Note: Starting dynamic gmin stepping
Warning: singular matrix:  check node xdut.xbuf.sub!

Warning: Dynamic gmin stepping failed
Note: Starting true gmin stepping
Warning: singular matrix:  check node xdut.xbuf.sub!

Warning: singular matrix:  check node xdut.xbuf.sub!

Warning: singular matrix:  check node xdut.xbuf.sub!

Warning: singular matrix:  check node xdut.xbuf.sub!

Warning: singular matrix:  check node xdut.xbuf.sub!

Warning: True gmin stepping failed
Note: Starting source stepping
Warning: source stepping failed
Note: Transient op started
Note: Transient op finished successfully

No. of Data Rows : 1
MCA 59  vos_tot_cm0= -0.00235678  vos_ota= 0.00207127  vped= 0.994859
Doing analysis at TEMP = 27.000000 and TNOM = 27.000000

Using SPARSE 1.3 as Direct Linear Solver
OSDI(debug) n.xdut.xota.xrz.nr1: WARNING: V(i2,c) voltage is greater than specified by vmax
OSDI(debug) n.xdut.xota.xrz.nr1: WARNING: V(i2,c) voltage is greater than specified by vmax
OSDI(debug) n.xdut.xota.xrz.nr1: WARNING: V(i2,c) voltage is greater than specified by vmax
OSDI(debug) n.xdut.xota.xrz.nr1: WARNING: V(i2,c) voltage is greater than specified by vmax
OSDI(debug) n.xdut.xota.xrz.nr1: WARNING: V(i2,c) voltage is greater than specified by vmax
OSDI(debug) n.xdut.xota.xrz.nr1: WARNING: V(i2,c) voltage is greater than specified by vmax
OSDI(debug) n.xdut.xota.xrz.nr1: WARNING: V(i2,c) voltage is greater than specified by vmax
OSDI(debug) n.xdut.xota.xrz.nr1: WARNING: V(i2,c) voltage is greater than specified by vmax
OSDI(debug) n.xdut.xota.xrz.nr1: WARNING: V(i2,c) voltage is greater than specified by vmax
OSDI(debug) n.xdut.xota.xrz.nr1: WARNING: V(i2,c) voltage is greater than specified by vmax
OSDI(debug) n.xdut.xota.xrz.nr1: WARNING: V(i2,c) voltage is greater than specified by vmax
OSDI(debug) n.xdut.xota.xrz.nr1: WARNING: V(i2,c) voltage is greater than specified by vmax
OSDI(debug) n.xdut.xota.xrz.nr1: WARNING: V(i2,c) voltage is greater than specified by vmax
OSDI(debug) n.xdut.xota.xrz.nr1: WARNING: V(i2,c) voltage is greater than specified by vmax
OSDI(debug) n.xdut.xota.xrz.nr1: WARNING: V(i2,c) voltage is greater than specified by vmax
OSDI(debug) n.xdut.xota.xrz.nr1: WARNING: V(i2,c) voltage is greater than specified by vmax
OSDI(debug) n.xdut.xota.xrz.nr1: WARNING: V(i2,c) voltage is greater than specified by vmax
OSDI(debug) n.xdut.xota.xrz.nr1: WARNING: V(i2,c) voltage is greater than specified by vmax
OSDI(debug) n.xdut.xota.xrz.nr1: WARNING: V(i2,c) voltage is greater than specified by vmax
OSDI(debug) n.xdut.xota.xrz.nr1: WARNING: V(i2,c) voltage is greater than specified by vmax
OSDI(debug) n.xdut.xota.xrz.nr1: WARNING: V(i2,c) voltage is greater than specified by vmax
OSDI(debug) n.xdut.xota.xrz.nr1: WARNING: V(i2,c) voltage is greater than specified by vmax
OSDI(debug) n.xdut.xota.xrz.nr1: WARNING: V(i2,c) voltage is greater than specified by vmax
OSDI(debug) n.xdut.xota.xrz.nr1: WARNING: V(i2,c) voltage is greater than specified by vmax
OSDI(debug) n.xdut.xota.xrz.nr1: WARNING: V(i2,c) voltage is greater than specified by vmax
OSDI(debug) n.xdut.xota.xrz.nr1: WARNING: V(i2,c) voltage is greater than specified by vmax
OSDI(debug) n.xdut.xota.xrz.nr1: WARNING: V(i2,c) voltage is greater than specified by vmax
OSDI(debug) n.xdut.xota.xrz.nr1: WARNING: V(i2,c) voltage is greater than specified by vmax
OSDI(debug) n.xdut.xota.xrz.nr1: WARNING: V(i2,c) voltage is greater than specified by vmax
OSDI(debug) n.xdut.xota.xrz.nr1: WARNING: V(i2,c) voltage is greater than specified by vmax
OSDI(debug) n.xdut.xota.xrz.nr1: WARNING: V(i2,c) voltage is greater than specified by vmax
OSDI(debug) n.xdut.xota.xrz.nr1: WARNING: V(i2,c) voltage is greater than specified by vmax
OSDI(debug) n.xdut.xota.xrz.nr1: WARNING: V(i2,c) voltage is greater than specified by vmax
OSDI(debug) n.xdut.xota.xrz.nr1: WARNING: V(i2,c) voltage is greater than specified by vmax
OSDI(debug) n.xdut.xota.xrz.nr1: WARNING: V(i2,c) voltage is greater than specified by vmax
OSDI(debug) n.xdut.xota.xrz.nr1: WARNING: V(i2,c) voltage is greater than specified by vmax
OSDI(debug) n.xdut.xota.xrz.nr1: WARNING: V(i2,c) voltage is greater than specified by vmax
OSDI(debug) n.xdut.xota.xrz.nr1: WARNING: V(i2,c) voltage is greater than specified by vmax
OSDI(debug) n.xdut.xota.xrz.nr1: WARNING: V(i2,c) voltage is greater than specified by vmax
 Reference value :  0.00000e+00Warning: singular matrix:  check node xdut.xbuf.sub!

Note: Starting dynamic gmin stepping
Warning: singular matrix:  check node xdut.xbuf.sub!

Warning: Dynamic gmin stepping failed
Note: Starting true gmin stepping
Warning: singular matrix:  check node xdut.xbuf.sub!

Warning: singular matrix:  check node xdut.xbuf.sub!

Warning: singular matrix:  check node xdut.xbuf.sub!

Warning: singular matrix:  check node xdut.xbuf.sub!

Warning: True gmin stepping failed
Note: Starting source stepping
Warning: source stepping failed
Note: Transient op started
Note: Transient op finished successfully

No. of Data Rows : 1
MCB 59  vos_tot_cm0.3= -0.00236655
Reset re-loads circuit * g1_sense monte carlo: input-referred offset, mismatch models (mos lv+hv, rppd), 200 samples

Circuit: * g1_sense monte carlo: input-referred offset, mismatch models (mos lv+hv, rppd), 200 samples

Doing analysis at TEMP = 27.000000 and TNOM = 27.000000

Using SPARSE 1.3 as Direct Linear Solver
 Reference value :  0.00000e+00Note: Starting dynamic gmin stepping
Warning: singular matrix:  check node xdut.xota.sub!

Warning: Dynamic gmin stepping failed
Note: Starting true gmin stepping
Warning: singular matrix:  check node xdut.xota.sub!

Warning: singular matrix:  check node xdut.xota.sub!

Warning: singular matrix:  check node xdut.xota.sub!

Warning: singular matrix:  check node xdut.xota.sub!

Warning: singular matrix:  check node xdut.xota.sub!

Warning: True gmin stepping failed
Note: Starting source stepping
Warning: source stepping failed
Note: Transient op started
Note: Transient op finished successfully

No. of Data Rows : 1
MCA 60  vos_tot_cm0= 0.00248043  vos_ota= -0.00255839  vped= 0.995034
Doing analysis at TEMP = 27.000000 and TNOM = 27.000000

Using SPARSE 1.3 as Direct Linear Solver
OSDI(debug) n.xrl2.nr1: WARNING: V(i1,c) voltage is greater than specified by vmax
OSDI(debug) n.xrl1.nr1: WARNING: V(i1,c) voltage is greater than specified by vmax
OSDI(debug) n.xrl1.nr1: WARNING: V(i2,c) voltage is greater than specified by vmax
OSDI(debug) n.xdut.xota.xrz.nr1: WARNING: V(i1,c) voltage is greater than specified by vmax
OSDI(debug) n.xdut.xota.xrz.nr1: WARNING: V(i2,c) voltage is greater than specified by vmax
OSDI(debug) n.xdut.xr2p0.nr1: WARNING: V(i1,c) voltage is greater than specified by vmax
OSDI(debug) n.xdut.xr1p0.nr1: WARNING: V(i2,c) voltage is greater than specified by vmax
OSDI(debug) n.xdut.xr2n19.nr1: WARNING: V(i2,c) voltage is greater than specified by vmax
OSDI(debug) n.xdut.xr2n1.nr1: WARNING: V(i1,c) voltage is greater than specified by vmax
OSDI(debug) n.xdut.xr2n0.nr1: WARNING: V(i2,c) voltage is greater than specified by vmax
 Reference value :  0.00000e+00Warning: singular matrix:  check node xdut.xota.sub!

Note: Starting dynamic gmin stepping
Warning: singular matrix:  check node xdut.xota.sub!

Warning: Dynamic gmin stepping failed
Note: Starting true gmin stepping
Warning: singular matrix:  check node xdut.xota.sub!

Warning: singular matrix:  check node xdut.xota.sub!

Warning: singular matrix:  check node xdut.xota.sub!

Warning: singular matrix:  check node xdut.xota.sub!

Warning: True gmin stepping failed
Note: Starting source stepping
Warning: source stepping failed
Note: Transient op started
Note: Transient op finished successfully

No. of Data Rows : 1
MCB 60  vos_tot_cm0.3= 0.00245501
Reset re-loads circuit * g1_sense monte carlo: input-referred offset, mismatch models (mos lv+hv, rppd), 200 samples

Circuit: * g1_sense monte carlo: input-referred offset, mismatch models (mos lv+hv, rppd), 200 samples

Doing analysis at TEMP = 27.000000 and TNOM = 27.000000

Using SPARSE 1.3 as Direct Linear Solver
 Reference value :  0.00000e+00Note: Starting dynamic gmin stepping
Warning: singular matrix:  check node xdut.xota.sub!

Warning: Dynamic gmin stepping failed
Note: Starting true gmin stepping
Warning: singular matrix:  check node xdut.xota.sub!

Warning: singular matrix:  check node xdut.xota.sub!

Warning: singular matrix:  check node xdut.xota.sub!

Warning: singular matrix:  check node xdut.xota.sub!

Warning: singular matrix:  check node xdut.xota.sub!

Warning: True gmin stepping failed
Note: Starting source stepping
Warning: source stepping failed
Note: Transient op started
Note: Transient op finished successfully

No. of Data Rows : 1
MCA 61  vos_tot_cm0= 0.00269926  vos_ota= -0.0021906  vped= 1.00435
Doing analysis at TEMP = 27.000000 and TNOM = 27.000000

Using SPARSE 1.3 as Direct Linear Solver
 Reference value :  0.00000e+00Warning: singular matrix:  check node xdut.xbuf.sub!

Note: Starting dynamic gmin stepping
Warning: singular matrix:  check node xdut.xbuf.sub!

Warning: Dynamic gmin stepping failed
Note: Starting true gmin stepping
Warning: singular matrix:  check node xdut.xbuf.sub!

Warning: singular matrix:  check node xdut.xbuf.sub!

Warning: singular matrix:  check node xdut.xbuf.sub!

Warning: singular matrix:  check node xdut.xbuf.sub!

Warning: True gmin stepping failed
Note: Starting source stepping
Warning: source stepping failed
Note: Transient op started
Note: Transient op finished successfully

No. of Data Rows : 1
MCB 61  vos_tot_cm0.3= 0.00263825
Reset re-loads circuit * g1_sense monte carlo: input-referred offset, mismatch models (mos lv+hv, rppd), 200 samples

Circuit: * g1_sense monte carlo: input-referred offset, mismatch models (mos lv+hv, rppd), 200 samples

Doing analysis at TEMP = 27.000000 and TNOM = 27.000000

Using SPARSE 1.3 as Direct Linear Solver
 Reference value :  0.00000e+00Note: Starting dynamic gmin stepping
Warning: singular matrix:  check node xdut.xota.sub!

Warning: Dynamic gmin stepping failed
Note: Starting true gmin stepping
Warning: singular matrix:  check node xdut.xota.sub!

Warning: singular matrix:  check node xdut.xota.sub!

Warning: singular matrix:  check node xdut.xota.sub!

Warning: singular matrix:  check node xdut.xota.sub!

Warning: singular matrix:  check node xdut.xota.sub!

Warning: True gmin stepping failed
Note: Starting source stepping
Warning: source stepping failed
Note: Transient op started
Note: Transient op finished successfully

No. of Data Rows : 1
MCA 62  vos_tot_cm0= 0.00350413  vos_ota= -0.00312185  vped= 1.00526
Doing analysis at TEMP = 27.000000 and TNOM = 27.000000

Using SPARSE 1.3 as Direct Linear Solver
OSDI(debug) n.xrl1.nr1: WARNING: V(i1,c) voltage is greater than specified by vmax
OSDI(debug) n.xdut.xr2n19.nr1: WARNING: V(i1,c) voltage is greater than specified by vmax
OSDI(debug) n.xdut.xr2n19.nr1: WARNING: V(i2,c) voltage is greater than specified by vmax
OSDI(debug) n.xdut.xr2n18.nr1: WARNING: V(i1,c) voltage is greater than specified by vmax
OSDI(debug) n.xdut.xr2n18.nr1: WARNING: V(i2,c) voltage is greater than specified by vmax
OSDI(debug) n.xdut.xr2n17.nr1: WARNING: V(i1,c) voltage is greater than specified by vmax
OSDI(debug) n.xdut.xr2n17.nr1: WARNING: V(i2,c) voltage is greater than specified by vmax
OSDI(debug) n.xdut.xr2n16.nr1: WARNING: V(i2,c) voltage is greater than specified by vmax
OSDI(debug) n.xdut.xr2n15.nr1: WARNING: V(i1,c) voltage is greater than specified by vmax
OSDI(debug) n.xdut.xr2n14.nr1: WARNING: V(i1,c) voltage is greater than specified by vmax
OSDI(debug) n.xdut.xr2n14.nr1: WARNING: V(i2,c) voltage is greater than specified by vmax
OSDI(debug) n.xdut.xr2n13.nr1: WARNING: V(i1,c) voltage is greater than specified by vmax
OSDI(debug) n.xdut.xr2n13.nr1: WARNING: V(i2,c) voltage is greater than specified by vmax
OSDI(debug) n.xdut.xr2n12.nr1: WARNING: V(i1,c) voltage is greater than specified by vmax
OSDI(debug) n.xdut.xr2n12.nr1: WARNING: V(i2,c) voltage is greater than specified by vmax
OSDI(debug) n.xdut.xr2n11.nr1: WARNING: V(i1,c) voltage is greater than specified by vmax
OSDI(debug) n.xdut.xr2n11.nr1: WARNING: V(i2,c) voltage is greater than specified by vmax
OSDI(debug) n.xdut.xr2n10.nr1: WARNING: V(i2,c) voltage is greater than specified by vmax
OSDI(debug) n.xdut.xr2n9.nr1: WARNING: V(i1,c) voltage is greater than specified by vmax
OSDI(debug) n.xdut.xr2n8.nr1: WARNING: V(i2,c) voltage is greater than specified by vmax
OSDI(debug) n.xdut.xr2n5.nr1: WARNING: V(i1,c) voltage is greater than specified by vmax
OSDI(debug) n.xdut.xr2n4.nr1: WARNING: V(i1,c) voltage is greater than specified by vmax
OSDI(debug) n.xdut.xr2n4.nr1: WARNING: V(i2,c) voltage is greater than specified by vmax
OSDI(debug) n.xdut.xr2n3.nr1: WARNING: V(i1,c) voltage is greater than specified by vmax
OSDI(debug) n.xdut.xr2n3.nr1: WARNING: V(i2,c) voltage is greater than specified by vmax
OSDI(debug) n.xdut.xr2n2.nr1: WARNING: V(i1,c) voltage is greater than specified by vmax
OSDI(debug) n.xdut.xr2n2.nr1: WARNING: V(i2,c) voltage is greater than specified by vmax
OSDI(debug) n.xdut.xr2n1.nr1: WARNING: V(i2,c) voltage is greater than specified by vmax
OSDI(debug) n.xdut.xr2n0.nr1: WARNING: V(i1,c) voltage is greater than specified by vmax
OSDI(debug) n.xdut.xr1n0.nr1: WARNING: V(i2,c) voltage is greater than specified by vmax
 Reference value :  0.00000e+00Warning: singular matrix:  check node xdut.xota.sub!

Note: Starting dynamic gmin stepping
Warning: singular matrix:  check node xdut.xota.sub!

Warning: Dynamic gmin stepping failed
Note: Starting true gmin stepping
Warning: singular matrix:  check node xdut.xota.sub!

Warning: singular matrix:  check node xdut.xota.sub!

Warning: singular matrix:  check node xdut.xota.sub!

Warning: singular matrix:  check node xdut.xota.sub!

Warning: True gmin stepping failed
Note: Starting source stepping
Warning: source stepping failed
Note: Transient op started
Note: Transient op finished successfully

No. of Data Rows : 1
MCB 62  vos_tot_cm0.3= 0.00349573
Reset re-loads circuit * g1_sense monte carlo: input-referred offset, mismatch models (mos lv+hv, rppd), 200 samples

Circuit: * g1_sense monte carlo: input-referred offset, mismatch models (mos lv+hv, rppd), 200 samples

Doing analysis at TEMP = 27.000000 and TNOM = 27.000000

Using SPARSE 1.3 as Direct Linear Solver
 Reference value :  0.00000e+00Note: Starting dynamic gmin stepping
Warning: singular matrix:  check node xdut.xbuf.sub!

Warning: Dynamic gmin stepping failed
Note: Starting true gmin stepping
Warning: singular matrix:  check node xdut.xbuf.sub!

Warning: singular matrix:  check node xdut.xbuf.sub!

Warning: singular matrix:  check node xdut.xbuf.sub!

Warning: singular matrix:  check node xdut.xbuf.sub!

Warning: singular matrix:  check node xdut.xbuf.sub!

Warning: True gmin stepping failed
Note: Starting source stepping
Warning: source stepping failed
Note: Transient op started
Note: Transient op finished successfully

No. of Data Rows : 1
MCA 63  vos_tot_cm0= -0.00423444  vos_ota= 0.00388004  vped= 0.996123
Doing analysis at TEMP = 27.000000 and TNOM = 27.000000

Using SPARSE 1.3 as Direct Linear Solver
 Reference value :  0.00000e+00Warning: singular matrix:  check node xdut.xbuf.sub!

Note: Starting dynamic gmin stepping
Warning: singular matrix:  check node xdut.xbuf.sub!

Warning: Dynamic gmin stepping failed
Note: Starting true gmin stepping
Warning: singular matrix:  check node xdut.xbuf.sub!

Warning: singular matrix:  check node xdut.xbuf.sub!

Warning: singular matrix:  check node xdut.xbuf.sub!

Warning: singular matrix:  check node xdut.xbuf.sub!

Warning: True gmin stepping failed
Note: Starting source stepping
Warning: source stepping failed
Note: Transient op started
Note: Transient op finished successfully

No. of Data Rows : 1
MCB 63  vos_tot_cm0.3= -0.00421809
Reset re-loads circuit * g1_sense monte carlo: input-referred offset, mismatch models (mos lv+hv, rppd), 200 samples

Circuit: * g1_sense monte carlo: input-referred offset, mismatch models (mos lv+hv, rppd), 200 samples

Doing analysis at TEMP = 27.000000 and TNOM = 27.000000

Using SPARSE 1.3 as Direct Linear Solver
 Reference value :  0.00000e+00Note: Starting dynamic gmin stepping
Warning: singular matrix:  check node xdut.xbuf.sub!

Warning: Dynamic gmin stepping failed
Note: Starting true gmin stepping
Warning: singular matrix:  check node xdut.xbuf.sub!

Warning: singular matrix:  check node xdut.xbuf.sub!

Warning: singular matrix:  check node xdut.xbuf.sub!

Warning: singular matrix:  check node xdut.xbuf.sub!

Warning: singular matrix:  check node xdut.xbuf.sub!

Warning: True gmin stepping failed
Note: Starting source stepping
Warning: source stepping failed
Note: Transient op started
Note: Transient op finished successfully

No. of Data Rows : 1
MCA 64  vos_tot_cm0= 0.0062018  vos_ota= -0.00595821  vped= 0.998321
Doing analysis at TEMP = 27.000000 and TNOM = 27.000000

Using SPARSE 1.3 as Direct Linear Solver
OSDI(debug) n.xrl2.nr1: WARNING: V(i1,c) voltage is greater than specified by vmax
OSDI(debug) n.xrl1.nr1: WARNING: V(i2,c) voltage is greater than specified by vmax
OSDI(debug) n.xdut.xr2n0.nr1: WARNING: V(i1,c) voltage is greater than specified by vmax
OSDI(debug) n.xdut.xr1n0.nr1: WARNING: V(i2,c) voltage is greater than specified by vmax
 Reference value :  0.00000e+00Warning: singular matrix:  check node xdut.xbuf.sub!

Note: Starting dynamic gmin stepping
Warning: singular matrix:  check node xdut.xbuf.sub!

Warning: Dynamic gmin stepping failed
Note: Starting true gmin stepping
Warning: singular matrix:  check node xdut.xbuf.sub!

Warning: singular matrix:  check node xdut.xbuf.sub!

Warning: singular matrix:  check node xdut.xbuf.sub!

Warning: singular matrix:  check node xdut.xbuf.sub!

Warning: True gmin stepping failed
Note: Starting source stepping
Warning: source stepping failed
Note: Transient op started
Note: Transient op finished successfully

No. of Data Rows : 1
MCB 64  vos_tot_cm0.3= 0.00616947
Reset re-loads circuit * g1_sense monte carlo: input-referred offset, mismatch models (mos lv+hv, rppd), 200 samples

Circuit: * g1_sense monte carlo: input-referred offset, mismatch models (mos lv+hv, rppd), 200 samples

Doing analysis at TEMP = 27.000000 and TNOM = 27.000000

Using SPARSE 1.3 as Direct Linear Solver
 Reference value :  0.00000e+00Note: Starting dynamic gmin stepping
Warning: singular matrix:  check node xdut.xbuf.sub!

Warning: Dynamic gmin stepping failed
Note: Starting true gmin stepping
Warning: singular matrix:  check node xdut.xbuf.sub!

Warning: singular matrix:  check node xdut.xbuf.sub!

Warning: singular matrix:  check node xdut.xbuf.sub!

Warning: singular matrix:  check node xdut.xbuf.sub!

Warning: singular matrix:  check node xdut.xbuf.sub!

Warning: True gmin stepping failed
Note: Starting source stepping
Warning: source stepping failed
Note: Transient op started
Note: Transient op finished successfully

No. of Data Rows : 1
MCA 65  vos_tot_cm0= 0.00307594  vos_ota= -0.00314794  vped= 0.996158
Doing analysis at TEMP = 27.000000 and TNOM = 27.000000

Using SPARSE 1.3 as Direct Linear Solver
 Reference value :  0.00000e+00Warning: singular matrix:  check node xdut.xbuf.sub!

Note: Starting dynamic gmin stepping
Warning: singular matrix:  check node xdut.xbuf.sub!

Warning: Dynamic gmin stepping failed
Note: Starting true gmin stepping
Warning: singular matrix:  check node xdut.xbuf.sub!

Warning: singular matrix:  check node xdut.xbuf.sub!

Warning: singular matrix:  check node xdut.xbuf.sub!

Warning: singular matrix:  check node xdut.xbuf.sub!

Warning: True gmin stepping failed
Note: Starting source stepping
Warning: source stepping failed
Note: Transient op started
Note: Transient op finished successfully

No. of Data Rows : 1
MCB 65  vos_tot_cm0.3= 0.00308205
Reset re-loads circuit * g1_sense monte carlo: input-referred offset, mismatch models (mos lv+hv, rppd), 200 samples

Circuit: * g1_sense monte carlo: input-referred offset, mismatch models (mos lv+hv, rppd), 200 samples

Doing analysis at TEMP = 27.000000 and TNOM = 27.000000

Using SPARSE 1.3 as Direct Linear Solver
 Reference value :  0.00000e+00Note: Starting dynamic gmin stepping
Warning: singular matrix:  check node xdut.sub!

Warning: Dynamic gmin stepping failed
Note: Starting true gmin stepping
Warning: singular matrix:  check node xdut.sub!

Warning: singular matrix:  check node xdut.sub!

Warning: singular matrix:  check node xdut.sub!

Warning: singular matrix:  check node xdut.sub!

Warning: singular matrix:  check node xdut.sub!

Warning: True gmin stepping failed
Note: Starting source stepping
Warning: source stepping failed
Note: Transient op started
Note: Transient op finished successfully

No. of Data Rows : 1
MCA 66  vos_tot_cm0= 0.000761052  vos_ota= -0.00046508  vped= 1.00106
Doing analysis at TEMP = 27.000000 and TNOM = 27.000000

Using SPARSE 1.3 as Direct Linear Solver
OSDI(debug) n.xdut.xbuf.xrz.nr1: WARNING: V(i2,c) voltage is greater than specified by vmax
OSDI(debug) n.xdut.xr2p15.nr1: WARNING: V(i1,c) voltage is greater than specified by vmax
OSDI(debug) n.xdut.xr2p14.nr1: WARNING: V(i2,c) voltage is greater than specified by vmax
OSDI(debug) n.xdut.xbuf.xrz.nr1: WARNING: V(i2,c) voltage is greater than specified by vmax
OSDI(debug) n.xdut.xr2p15.nr1: WARNING: V(i1,c) voltage is greater than specified by vmax
OSDI(debug) n.xdut.xr2p14.nr1: WARNING: V(i2,c) voltage is greater than specified by vmax
OSDI(debug) n.xdut.xbuf.xrz.nr1: WARNING: V(i2,c) voltage is greater than specified by vmax
OSDI(debug) n.xdut.xr2p15.nr1: WARNING: V(i1,c) voltage is greater than specified by vmax
OSDI(debug) n.xdut.xr2p14.nr1: WARNING: V(i2,c) voltage is greater than specified by vmax
OSDI(debug) n.xdut.xbuf.xrz.nr1: WARNING: V(i2,c) voltage is greater than specified by vmax
OSDI(debug) n.xdut.xr2p19.nr1: WARNING: V(i1,c) voltage is greater than specified by vmax
OSDI(debug) n.xdut.xr2p18.nr1: WARNING: V(i2,c) voltage is greater than specified by vmax
OSDI(debug) n.xdut.xr2p16.nr1: WARNING: V(i1,c) voltage is greater than specified by vmax
OSDI(debug) n.xdut.xr2p15.nr1: WARNING: V(i1,c) voltage is greater than specified by vmax
OSDI(debug) n.xdut.xr2p15.nr1: WARNING: V(i2,c) voltage is greater than specified by vmax
OSDI(debug) n.xdut.xr2p14.nr1: WARNING: V(i1,c) voltage is greater than specified by vmax
OSDI(debug) n.xdut.xr2p14.nr1: WARNING: V(i2,c) voltage is greater than specified by vmax
OSDI(debug) n.xdut.xr2p13.nr1: WARNING: V(i2,c) voltage is greater than specified by vmax
OSDI(debug) n.xdut.xr2p0.nr1: WARNING: V(i1,c) voltage is greater than specified by vmax
OSDI(debug) n.xdut.xr1p0.nr1: WARNING: V(i2,c) voltage is greater than specified by vmax
 Reference value :  0.00000e+00Warning: singular matrix:  check node xdut.xbuf.sub!

Note: Starting dynamic gmin stepping
Warning: singular matrix:  check node xdut.xbuf.sub!

Warning: Dynamic gmin stepping failed
Note: Starting true gmin stepping
Warning: singular matrix:  check node xdut.xbuf.sub!

Warning: singular matrix:  check node xdut.xbuf.sub!

Warning: singular matrix:  check node xdut.xbuf.sub!

Warning: singular matrix:  check node xdut.xbuf.sub!

Warning: True gmin stepping failed
Note: Starting source stepping
Warning: source stepping failed
Note: Transient op started
Note: Transient op finished successfully

No. of Data Rows : 1
MCB 66  vos_tot_cm0.3= 0.000692619
Reset re-loads circuit * g1_sense monte carlo: input-referred offset, mismatch models (mos lv+hv, rppd), 200 samples

Circuit: * g1_sense monte carlo: input-referred offset, mismatch models (mos lv+hv, rppd), 200 samples

Doing analysis at TEMP = 27.000000 and TNOM = 27.000000

Using SPARSE 1.3 as Direct Linear Solver
 Reference value :  0.00000e+00Note: Starting dynamic gmin stepping
Warning: singular matrix:  check node xdut.xbuf.sub!

Warning: Dynamic gmin stepping failed
Note: Starting true gmin stepping
Warning: singular matrix:  check node xdut.xbuf.sub!

Warning: singular matrix:  check node xdut.xbuf.sub!

Warning: singular matrix:  check node xdut.xbuf.sub!

Warning: singular matrix:  check node xdut.xbuf.sub!

Warning: singular matrix:  check node xdut.xbuf.sub!

Warning: True gmin stepping failed
Note: Starting source stepping
Warning: source stepping failed
Note: Transient op started
Note: Transient op finished successfully

No. of Data Rows : 1
MCA 67  vos_tot_cm0= 0.00452779  vos_ota= -0.00423594  vped= 0.99559
Doing analysis at TEMP = 27.000000 and TNOM = 27.000000

Using SPARSE 1.3 as Direct Linear Solver
 Reference value :  0.00000e+00Warning: singular matrix:  check node sub!

Note: Starting dynamic gmin stepping
Warning: singular matrix:  check node sub!

Warning: Dynamic gmin stepping failed
Note: Starting true gmin stepping
Warning: singular matrix:  check node sub!

Warning: singular matrix:  check node sub!

Warning: singular matrix:  check node sub!

Warning: singular matrix:  check node sub!

Warning: True gmin stepping failed
Note: Starting source stepping
Warning: source stepping failed
Note: Transient op started
Note: Transient op finished successfully

No. of Data Rows : 1
MCB 67  vos_tot_cm0.3= 0.00442432
Reset re-loads circuit * g1_sense monte carlo: input-referred offset, mismatch models (mos lv+hv, rppd), 200 samples

Circuit: * g1_sense monte carlo: input-referred offset, mismatch models (mos lv+hv, rppd), 200 samples

Doing analysis at TEMP = 27.000000 and TNOM = 27.000000

Using SPARSE 1.3 as Direct Linear Solver
 Reference value :  0.00000e+00Note: Starting dynamic gmin stepping
Warning: singular matrix:  check node xdut.xota.sub!

Warning: Dynamic gmin stepping failed
Note: Starting true gmin stepping
Warning: singular matrix:  check node xdut.xota.sub!

Warning: singular matrix:  check node xdut.xota.sub!

Warning: singular matrix:  check node xdut.xota.sub!

Warning: singular matrix:  check node xdut.xota.sub!

Warning: singular matrix:  check node xdut.xota.sub!

Warning: True gmin stepping failed
Note: Starting source stepping
Warning: source stepping failed
Note: Transient op started
Note: Transient op finished successfully

No. of Data Rows : 1
MCA 68  vos_tot_cm0= -0.00937822  vos_ota= 0.00905563  vped= 1.00074
Doing analysis at TEMP = 27.000000 and TNOM = 27.000000

Using SPARSE 1.3 as Direct Linear Solver
 Reference value :  0.00000e+00Warning: singular matrix:  check node xdut.xota.sub!

Note: Starting dynamic gmin stepping
Warning: singular matrix:  check node xdut.xota.sub!

Warning: Dynamic gmin stepping failed
Note: Starting true gmin stepping
Warning: singular matrix:  check node xdut.xota.sub!

Warning: singular matrix:  check node xdut.xota.sub!

Warning: singular matrix:  check node xdut.xota.sub!

Warning: singular matrix:  check node xdut.xota.sub!

Warning: True gmin stepping failed
Note: Starting source stepping
Warning: source stepping failed
Note: Transient op started
Note: Transient op finished successfully

No. of Data Rows : 1
MCB 68  vos_tot_cm0.3= -0.00935901
Reset re-loads circuit * g1_sense monte carlo: input-referred offset, mismatch models (mos lv+hv, rppd), 200 samples

Circuit: * g1_sense monte carlo: input-referred offset, mismatch models (mos lv+hv, rppd), 200 samples

Doing analysis at TEMP = 27.000000 and TNOM = 27.000000

Using SPARSE 1.3 as Direct Linear Solver
 Reference value :  0.00000e+00Note: Starting dynamic gmin stepping
Warning: singular matrix:  check node sub!

Warning: Dynamic gmin stepping failed
Note: Starting true gmin stepping
Warning: singular matrix:  check node sub!

Warning: singular matrix:  check node sub!

Warning: singular matrix:  check node sub!

Warning: singular matrix:  check node sub!

Warning: singular matrix:  check node sub!

Warning: True gmin stepping failed
Note: Starting source stepping
Warning: source stepping failed
Note: Transient op started
Note: Transient op finished successfully

No. of Data Rows : 1
MCA 69  vos_tot_cm0= -0.00487995  vos_ota= 0.0049921  vped= 1.0049
Doing analysis at TEMP = 27.000000 and TNOM = 27.000000

Using SPARSE 1.3 as Direct Linear Solver
OSDI(debug) n.xdut.xbuf.xrz.nr1: WARNING: V(i2,c) voltage is greater than specified by vmax
OSDI(debug) n.xdut.xbuf.xrz.nr1: WARNING: V(i2,c) voltage is greater than specified by vmax
OSDI(debug) n.xdut.xbuf.xrz.nr1: WARNING: V(i2,c) voltage is greater than specified by vmax
OSDI(debug) n.xdut.xbuf.xrz.nr1: WARNING: V(i2,c) voltage is greater than specified by vmax
OSDI(debug) n.xdut.xbuf.xrz.nr1: WARNING: V(i2,c) voltage is greater than specified by vmax
OSDI(debug) n.xdut.xbuf.xrz.nr1: WARNING: V(i2,c) voltage is greater than specified by vmax
OSDI(debug) n.xdut.xbuf.xrz.nr1: WARNING: V(i2,c) voltage is greater than specified by vmax
OSDI(debug) n.xdut.xbuf.xrz.nr1: WARNING: V(i2,c) voltage is greater than specified by vmax
OSDI(debug) n.xdut.xbuf.xrz.nr1: WARNING: V(i2,c) voltage is greater than specified by vmax
OSDI(debug) n.xdut.xbuf.xrz.nr1: WARNING: V(i2,c) voltage is greater than specified by vmax
OSDI(debug) n.xdut.xbuf.xrz.nr1: WARNING: V(i2,c) voltage is greater than specified by vmax
OSDI(debug) n.xdut.xbuf.xrz.nr1: WARNING: V(i2,c) voltage is greater than specified by vmax
OSDI(debug) n.xdut.xbuf.xrz.nr1: WARNING: V(i2,c) voltage is greater than specified by vmax
OSDI(debug) n.xdut.xbuf.xrz.nr1: WARNING: V(i2,c) voltage is greater than specified by vmax
OSDI(debug) n.xdut.xbuf.xrz.nr1: WARNING: V(i2,c) voltage is greater than specified by vmax
OSDI(debug) n.xdut.xbuf.xrz.nr1: WARNING: V(i2,c) voltage is greater than specified by vmax
OSDI(debug) n.xdut.xbuf.xrz.nr1: WARNING: V(i2,c) voltage is greater than specified by vmax
 Reference value :  0.00000e+00Warning: singular matrix:  check node xdut.xbuf.sub!

Note: Starting dynamic gmin stepping
Warning: singular matrix:  check node xdut.xbuf.sub!

Warning: Dynamic gmin stepping failed
Note: Starting true gmin stepping
Warning: singular matrix:  check node xdut.xbuf.sub!

Warning: singular matrix:  check node xdut.xbuf.sub!

Warning: singular matrix:  check node xdut.xbuf.sub!

Warning: singular matrix:  check node xdut.xbuf.sub!

Warning: True gmin stepping failed
Note: Starting source stepping
Warning: source stepping failed
Note: Transient op started
Note: Transient op finished successfully

No. of Data Rows : 1
MCB 69  vos_tot_cm0.3= -0.00488513
Reset re-loads circuit * g1_sense monte carlo: input-referred offset, mismatch models (mos lv+hv, rppd), 200 samples

Circuit: * g1_sense monte carlo: input-referred offset, mismatch models (mos lv+hv, rppd), 200 samples

Doing analysis at TEMP = 27.000000 and TNOM = 27.000000

Using SPARSE 1.3 as Direct Linear Solver
 Reference value :  0.00000e+00Note: Starting dynamic gmin stepping
Warning: singular matrix:  check node xdut.xbuf.sub!

Warning: Dynamic gmin stepping failed
Note: Starting true gmin stepping
Warning: singular matrix:  check node xdut.xbuf.sub!

Warning: singular matrix:  check node xdut.xbuf.sub!

Warning: singular matrix:  check node xdut.xbuf.sub!

Warning: singular matrix:  check node xdut.xbuf.sub!

Warning: singular matrix:  check node xdut.xbuf.sub!

Warning: True gmin stepping failed
Note: Starting source stepping
Warning: source stepping failed
Note: Transient op started
Note: Transient op finished successfully

No. of Data Rows : 1
MCA 70  vos_tot_cm0= 0.00358911  vos_ota= -0.00319622  vped= 1.00152
Doing analysis at TEMP = 27.000000 and TNOM = 27.000000

Using SPARSE 1.3 as Direct Linear Solver
 Reference value :  0.00000e+00Warning: singular matrix:  check node xdut.xbuf.sub!

Note: Starting dynamic gmin stepping
Warning: singular matrix:  check node xdut.xbuf.sub!

Warning: Dynamic gmin stepping failed
Note: Starting true gmin stepping
Warning: singular matrix:  check node xdut.xbuf.sub!

Warning: singular matrix:  check node xdut.xbuf.sub!

Warning: singular matrix:  check node xdut.xbuf.sub!

Warning: singular matrix:  check node xdut.xbuf.sub!

Warning: True gmin stepping failed
Note: Starting source stepping
Warning: source stepping failed
Note: Transient op started
Note: Transient op finished successfully

No. of Data Rows : 1
MCB 70  vos_tot_cm0.3= 0.00352763
Reset re-loads circuit * g1_sense monte carlo: input-referred offset, mismatch models (mos lv+hv, rppd), 200 samples

Circuit: * g1_sense monte carlo: input-referred offset, mismatch models (mos lv+hv, rppd), 200 samples

Doing analysis at TEMP = 27.000000 and TNOM = 27.000000

Using SPARSE 1.3 as Direct Linear Solver
 Reference value :  0.00000e+00
No. of Data Rows : 1
MCA 71  vos_tot_cm0= 0.00972906  vos_ota= -0.00919283  vped= 1.00081
Doing analysis at TEMP = 27.000000 and TNOM = 27.000000

Using SPARSE 1.3 as Direct Linear Solver
OSDI(debug) n.xdut.xbuf.xrz.nr1: WARNING: V(i2,c) voltage is greater than specified by vmax
OSDI(debug) n.xdut.xbuf.xrz.nr1: WARNING: V(i2,c) voltage is greater than specified by vmax
OSDI(debug) n.xdut.xbuf.xrz.nr1: WARNING: V(i2,c) voltage is greater than specified by vmax
OSDI(debug) n.xdut.xbuf.xrz.nr1: WARNING: V(i2,c) voltage is greater than specified by vmax
OSDI(debug) n.xdut.xbuf.xrz.nr1: WARNING: V(i2,c) voltage is greater than specified by vmax
OSDI(debug) n.xdut.xbuf.xrz.nr1: WARNING: V(i2,c) voltage is greater than specified by vmax
OSDI(debug) n.xdut.xbuf.xrz.nr1: WARNING: V(i2,c) voltage is greater than specified by vmax
OSDI(debug) n.xdut.xbuf.xrz.nr1: WARNING: V(i2,c) voltage is greater than specified by vmax
OSDI(debug) n.xdut.xbuf.xrz.nr1: WARNING: V(i2,c) voltage is greater than specified by vmax
OSDI(debug) n.xdut.xbuf.xrz.nr1: WARNING: V(i2,c) voltage is greater than specified by vmax
OSDI(debug) n.xdut.xbuf.xrz.nr1: WARNING: V(i2,c) voltage is greater than specified by vmax
OSDI(debug) n.xdut.xbuf.xrz.nr1: WARNING: V(i2,c) voltage is greater than specified by vmax
OSDI(debug) n.xdut.xbuf.xrz.nr1: WARNING: V(i2,c) voltage is greater than specified by vmax
OSDI(debug) n.xdut.xbuf.xrz.nr1: WARNING: V(i2,c) voltage is greater than specified by vmax
OSDI(debug) n.xdut.xbuf.xrz.nr1: WARNING: V(i2,c) voltage is greater than specified by vmax
OSDI(debug) n.xdut.xbuf.xrz.nr1: WARNING: V(i2,c) voltage is greater than specified by vmax
OSDI(debug) n.xdut.xbuf.xrz.nr1: WARNING: V(i2,c) voltage is greater than specified by vmax
OSDI(debug) n.xdut.xbuf.xrz.nr1: WARNING: V(i2,c) voltage is greater than specified by vmax
OSDI(debug) n.xdut.xbuf.xrz.nr1: WARNING: V(i2,c) voltage is greater than specified by vmax
OSDI(debug) n.xdut.xbuf.xrz.nr1: WARNING: V(i2,c) voltage is greater than specified by vmax
OSDI(debug) n.xdut.xbuf.xrz.nr1: WARNING: V(i2,c) voltage is greater than specified by vmax
OSDI(debug) n.xdut.xbuf.xrz.nr1: WARNING: V(i2,c) voltage is greater than specified by vmax
OSDI(debug) n.xdut.xbuf.xrz.nr1: WARNING: V(i2,c) voltage is greater than specified by vmax
OSDI(debug) n.xdut.xbuf.xrz.nr1: WARNING: V(i2,c) voltage is greater than specified by vmax
OSDI(debug) n.xdut.xbuf.xrz.nr1: WARNING: V(i2,c) voltage is greater than specified by vmax
OSDI(debug) n.xdut.xbuf.xrz.nr1: WARNING: V(i2,c) voltage is greater than specified by vmax
OSDI(debug) n.xdut.xbuf.xrz.nr1: WARNING: V(i2,c) voltage is greater than specified by vmax
OSDI(debug) n.xdut.xbuf.xrz.nr1: WARNING: V(i2,c) voltage is greater than specified by vmax
OSDI(debug) n.xdut.xbuf.xrz.nr1: WARNING: V(i2,c) voltage is greater than specified by vmax
OSDI(debug) n.xdut.xbuf.xrz.nr1: WARNING: V(i2,c) voltage is greater than specified by vmax
OSDI(debug) n.xdut.xbuf.xrz.nr1: WARNING: V(i2,c) voltage is greater than specified by vmax
OSDI(debug) n.xdut.xbuf.xrz.nr1: WARNING: V(i2,c) voltage is greater than specified by vmax
OSDI(debug) n.xdut.xbuf.xrz.nr1: WARNING: V(i2,c) voltage is greater than specified by vmax
OSDI(debug) n.xdut.xbuf.xrz.nr1: WARNING: V(i2,c) voltage is greater than specified by vmax
OSDI(debug) n.xdut.xbuf.xrz.nr1: WARNING: V(i2,c) voltage is greater than specified by vmax
OSDI(debug) n.xdut.xbuf.xrz.nr1: WARNING: V(i2,c) voltage is greater than specified by vmax
OSDI(debug) n.xdut.xbuf.xrz.nr1: WARNING: V(i2,c) voltage is greater than specified by vmax
OSDI(debug) n.xdut.xbuf.xrz.nr1: WARNING: V(i2,c) voltage is greater than specified by vmax
OSDI(debug) n.xdut.xbuf.xrz.nr1: WARNING: V(i2,c) voltage is greater than specified by vmax
OSDI(debug) n.xdut.xbuf.xrz.nr1: WARNING: V(i2,c) voltage is greater than specified by vmax
OSDI(debug) n.xdut.xbuf.xrz.nr1: WARNING: V(i2,c) voltage is greater than specified by vmax
OSDI(debug) n.xdut.xbuf.xrz.nr1: WARNING: V(i2,c) voltage is greater than specified by vmax
OSDI(debug) n.xdut.xbuf.xrz.nr1: WARNING: VNote: Starting dynamic gmin stepping
Warning: singular matrix:  check node xdut.xbuf.sub!

Warning: Dynamic gmin stepping failed
Note: Starting true gmin stepping
Warning: singular matrix:  check node xdut.xbuf.sub!

Warning: singular matrix:  check node xdut.xbuf.sub!

Warning: singular matrix:  check node xdut.xbuf.sub!

Warning: singular matrix:  check node xdut.xbuf.sub!

Warning: singular matrix:  check node xdut.xbuf.sub!

Warning: True gmin stepping failed
Note: Starting source stepping
Warning: source stepping failed
Note: Transient op started
(i2,c) voltage is greater than specified by vmax
OSDI(debug) n.xdut.xbuf.xrz.nr1: WARNING: V(i2,c) voltage is greater than specified by vmax
OSDI(debug) n.xdut.xbuf.xrz.nr1: WARNING: V(i2,c) voltage is greater than specified by vmax
OSDI(debug) n.xdut.xbuf.xrz.nr1: WARNING: V(i2,c) voltage is greater than specified by vmax
OSDI(debug) n.xdut.xbuf.xrz.nr1: WARNING: V(i2,c) voltage is greater than specified by vmax
OSDI(debug) n.xdut.xbuf.xrz.nr1: WARNING: V(i2,c) voltage is greater than specified by vmax
OSDI(debug) n.xdut.xbuf.xrz.nr1: WARNING: V(i2,c) voltage is greater than specified by vmax
OSDI(debug) n.xdut.xbuf.xrz.nr1: WARNING: V(i2,c) voltage is greater than specified by vmax
OSDI(debug) n.xdut.xbuf.xrz.nr1: WARNING: V(i2,c) voltage is greater than specified by vmax
OSDI(debug) n.xdut.xbuf.xrz.nr1: WARNING: V(i2,c) voltage is greater than specified by vmax
OSDI(debug) n.xdut.xbuf.xrz.nr1: WARNING: V(i2,c) voltage is greater than specified by vmax
OSDI(debug) n.xdut.xbuf.xrz.nr1: WARNING: V(i1,c) voltage is greater than specified by vmax
OSDI(debug) n.xdut.xbuf.xrz.nr1: WARNING: V(i2,c) voltage is greater than specified by vmax
OSDI(debug) n.xdut.xr2p19.nr1: WARNING: V(i2,c) voltage is greater than specified by vmax
OSDI(debug) n.xdut.xbuf.xrz.nr1: WARNING: V(i1,c) voltage is greater than specified by vmax
OSDI(debug) n.xdut.xbuf.xrz.nr1: WARNING: V(i2,c) voltage is greater than specified by vmax
OSDI(debug) n.xdut.xrd24.nr1: WARNING: V(i2,c) voltage is greater than specified by vmax
OSDI(debug) n.xdut.xrd20.nr1: WARNING: V(i1,c) voltage is greater than specified by vmax
OSDI(debug) n.xdut.xrd10.nr1: WARNING: V(i1,c) voltage is greater than specified by vmax
OSDI(debug) n.xdut.xrd10.nr1: WARNING: V(i2,c) voltage is greater than specified by vmax
OSDI(debug) n.xdut.xr2p19.nr1: WARNING: V(i2,c) voltage is greater than specified by vmax
OSDI(debug) n.xdut.xr2p0.nr1: WARNING: V(i1,c) voltage is greater than specified by vmax
OSDI(debug) n.xdut.xr1p0.nr1: WARNING: V(i1,c) voltage is greater than specified by vmax
OSDI(debug) n.xdut.xr1p0.nr1: WARNING: V(i2,c) voltage is greater than specified by vmax
OSDI(debug) n.xdut.xr2n19.nr1: WARNING: V(i2,c) voltage is greater than specified by vmax
OSDI(debug) n.xdut.xr2n0.nr1: WARNING: V(i1,c) voltage is greater than specified by vmax
OSDI(debug) n.xdut.xr1n0.nr1: WARNING: V(i1,c) voltage is greater than specified by vmax
OSDI(debug) n.xdut.xr1n0.nr1: WARNING: V(i2,c) voltage is greater than specified by vmax
OSDI(debug) n.xdut.xbuf.xrz.nr1: WARNING: V(i1,c) voltage is greater than specified by vmax
OSDI(debug) n.xdut.xbuf.xrz.nr1: WARNING: V(i2,c) voltage is greater than specified by vmax
OSDI(debug) n.xdut.xrd24.nr1: WARNING: V(i2,c) voltage is greater than specified by vmax
OSDI(debug) n.xdut.xrd20.nr1: WARNING: V(i1,c) voltage is greater than specified by vmax
OSDI(debug) n.xdut.xrd10.nr1: WARNING: V(i1,c) voltage is greater than specified by vmax
OSDI(debug) n.xdut.xrd10.nr1: WARNING: V(i2,c) voltage is greater than specified by vmax
OSDI(debug) n.xdut.xr2p19.nr1: WARNING: V(i2,c) voltage is greater than specified by vmax
OSDI(debug) n.xdut.xr2p0.nr1: WARNING: V(i1,c) voltage is greater than specified by vmax
OSDI(debug) n.xdut.xr1p0.nr1: WARNING: V(i1,c) voltage is greater than specified by vmax
OSDI(debug) n.xdut.xr1p0.nr1: WARNING: V(i2,c) voltage is greater than specified by vmax
OSDI(debug) n.xdut.xr2n19.nr1: WARNING: V(i2,c) voltage is greater than specified by vmax
OSDI(debug) n.xdut.xr2n0.nr1: WARNING: V(i1,c) voltage is greater than specified by vmax
OSDI(debug) n.xdut.xr1n0.nr1: WARNING: V(i1,c) voltage is greater than specified by vmax
OSDI(debug) n.xdut.xr1n0.nr1: WARNING: V(i2,c) voltage is greater than specified by vmax
OSDI(debug) n.xdut.xbuf.xrz.nr1: WARNING: V(i1,c) voltage is greater than specified by vmax
OSDI(debug) n.xdut.xbuf.xrz.nr1: WARNING: V(i2,c) voltage is greater than specified by vmax
OSDI(debug) n.xdut.xrd24.nr1: WARNING: V(i2,c) voltage is greater than specified by vmax
OSDI(debug) n.xdut.xrd20.nr1: WARNING: V(i1,c) voltage is greater than sError: Transient op failed, timestep too small


Error: The operating point could not be simulated successfully.
    Any of the following steps may fail.!

pecified by vmax
OSDI(debug) n.xdut.xrd10.nr1: WARNING: V(i1,c) voltage is greater than specified by vmax
OSDI(debug) n.xdut.xrd10.nr1: WARNING: V(i2,c) voltage is greater than specified by vmax
OSDI(debug) n.xdut.xr2p19.nr1: WARNING: V(i2,c) voltage is greater than specified by vmax
OSDI(debug) n.xdut.xr2p0.nr1: WARNING: V(i1,c) voltage is greater than specified by vmax
OSDI(debug) n.xdut.xr1p0.nr1: WARNING: V(i1,c) voltage is greater than specified by vmax
OSDI(debug) n.xdut.xr1p0.nr1: WARNING: V(i2,c) voltage is greater than specified by vmax
OSDI(debug) n.xdut.xr2n19.nr1: WARNING: V(i2,c) voltage is greater than specified by vmax
OSDI(debug) n.xdut.xr2n0.nr1: WARNING: V(i1,c) voltage is greater than specified by vmax
OSDI(debug) n.xdut.xr1n0.nr1: WARNING: V(i1,c) voltage is greater than specified by vmax
OSDI(debug) n.xdut.xr1n0.nr1: WARNING: V(i2,c) voltage is greater than specified by vmax

DC solution failed -

Last Node Voltages
------------------

Node                                   Last Voltage        Previous Iter
----                                   ------------        -------------
vdd                                             3.3                  3.3
vref                                            1.2                  1.2
ibias                                          -nan                 -nan
cm                                              0.3                  0.3
shp                                             0.3                  0.3
xdut.sub!                                      -nan                 -nan
xdut.vn                                        -nan                 -nan
xdut.xr1n0.dt                                  -nan                 -nan
xdut.r2n_0                                     -nan                 -nan
xdut.xr2n0.dt                                  -nan                 -nan
xdut.r2n_1                                     -nan                 -nan
xdut.xr2n1.dt                                  -nan                 -nan
xdut.r2n_2                                     -nan                 -nan
xdut.xr2n2.dt                                  -nan                 -nan
xdut.r2n_3                                     -nan                 -nan
xdut.xr2n3.dt                                  -nan                 -nan
xdut.r2n_4                                     -nan                 -nan
xdut.xr2n4.dt                                  -nan                 -nan
xdut.r2n_5                                     -nan                 -nan
xdut.xr2n5.dt                                  -nan                 -nan
xdut.r2n_6                                     -nan                 -nan
xdut.xr2n6.dt                                  -nan                 -nan
xdut.r2n_7                                     -nan                 -nan
xdut.xr2n7.dt                                  -nan                 -nan
xdut.r2n_8                                     -nan                 -nan
xdut.xr2n8.dt                                  -nan                 -nan
xdut.r2n_9                                     -nan                 -nan
xdut.xr2n9.dt                                  -nan                 -nan
xdut.r2n_10                                    -nan                 -nan
xdut.xr2n10.dt                                 -nan                 -nan
xdut.r2n_11                                    -nan                 -nan
xdut.xr2n11.dt                                 -nan                 -nan
xdut.r2n_12                                    -nan                 -nan
xdut.xr2n12.dt                                 -nan                 -nan
xdut.r2n_13                                    -nan                 -nan
xdut.xr2n13.dt                                 -nan                 -nan
xdut.r2n_14                                    -nan                 -nan
xdut.xr2n14.dt                                 -nan                 -nan
xdut.r2n_15                                    -nan                 -nan
xdut.xr2n15.dt                                 -nan                 -nan
xdut.r2n_16                                    -nan                 -nan
xdut.xr2n16.dt                                 -nan                 -nan
xdut.r2n_17                                    -nan                 -nan
xdut.xr2n17.dt                                 -nan                 -nan
xdut.r2n_18                                    -nan                 -nan
xdut.xr2n18.dt                                 -nan                 -nan
isense                                         -nan                 -nan
xdut.xr2n19.dt                                 -nan                 -nan
xdut.vp                                         nan                  nan
xdut.xr1p0.dt                                   nan                  nan
xdut.r2p_0                                      nan                  nan
xdut.xr2p0.dt                                   nan                  nan
xdut.r2p_1                                      nan                  nan
xdut.xr2p1.dt                                   nan                  nan
xdut.r2p_2                                      nan                  nan
xdut.xr2p2.dt                                   nan                  nan
xdut.r2p_3                                      nan                  nan
xdut.xr2p3.dt                                   nan                  nan
xdut.r2p_4                                      nan                  nan
xdut.xr2p4.dt                                   nan                  nan
xdut.r2p_5                                      nan                  nan
xdut.xr2p5.dt                                   nan                  nan
xdut.r2p_6                                      nan                  nan
xdut.xr2p6.dt                                   nan                  nan
xdut.r2p_7                                      nan                  nan
xdut.xr2p7.dt                                   nan                  nan
xdut.r2p_8                                      nan                  nan
xdut.xr2p8.dt                                   nan                  nan
xdut.r2p_9                                      nan                  nan
xdut.xr2p9.dt                                   nan                  nan
xdut.r2p_10                                     nan                  nan
xdut.xr2p10.dt                                  nan                  nan
xdut.r2p_11                                     nan                  nan
xdut.xr2p11.dt                                  nan                  nan
xdut.r2p_12                                     nan                  nan
xdut.xr2p12.dt                                  nan                  nan
xdut.r2p_13                                     nan                  nan
xdut.xr2p13.dt                                  nan                  nan
xdut.r2p_14                                     nan                  nan
xdut.xr2p14.dt                                  nan                  nan
xdut.r2p_15                                     nan                  nan
xdut.xr2p15.dt                                  nan                  nan
xdut.r2p_16                                     nan                  nan
xdut.xr2p16.dt                                  nan                  nan
xdut.r2p_17                                     nan                  nan
xdut.xr2p17.dt                                  nan                  nan
xdut.r2p_18                                     nan                  nan
xdut.xr2p18.dt                                  nan                  nan
vped                                           -nan                 -nan
xdut.xr2p19.dt                                  nan                  nan
xdut.vped_ref                                  -nan                 -nan
xdut.xrd10.dt                                  -nan                 -nan
xdut.rd2_0                                     -nan                 -nan
xdut.xrd20.dt                                  -nan                 -nan
xdut.rd2_1                                     -nan                 -nan
xdut.xrd21.dt                                  -nan                 -nan
xdut.rd2_2                                     -nan                doAnalyses: OP:  Timestep too small; trouble with node "ibias"


op simulation(s) aborted
Warning from checkvalid: vector isense is not available or has zero length.
Error: RHS "(v(isense) - 1.0)/20" invalid
Error: &vos_tot3: no such variable.
Warning: singular matrix:  check node sub!

Note: Starting dynamic gmin stepping
Warning: singular matrix:  check node sub!

Warning: Dynamic gmin stepping failed
Note: Starting true gmin stepping
Warning: singular matrix:  check node sub!

Warning: singular matrix:  check node sub!

Warning: singular matrix:  check node sub!

Warning: singular matrix:  check node sub!

Warning: True gmin stepping failed
Note: Starting source stepping
Warning: source stepping failed
Note: Transient op started
Note: Transient op finished successfully
 -nan
xdut.xrd22.dt                                  -nan                 -nan
xdut.rd2_3                                     -nan                 -nan
xdut.xrd23.dt                                  -nan                 -nan
xdut.xrd24.dt                                  -nan                 -nan
xdut.xota.vbp                                  -nan                 -nan
xdut.xota.vbnc                                 -nan                 -nan
xdut.xota.vbpc                                 -nan                 -nan
xdut.xota.tail                                 -nan                 -nan
xdut.xota.fn                                   -nan                 -nan
xdut.xota.fp                                    nan                  nan
xdut.xota.mir                                  -nan                 -nan
xdut.xota.out1                                 -nan                 -nan
xdut.xota.pc1                                  -nan                 -nan
xdut.xota.pc2                                  -nan                 -nan
xdut.xota.sub!                                 -nan                 -nan
xdut.xota.cz                                   -nan                 -nan
xdut.xota.xrz.dt                               -nan                 -nan
xdut.xota.xcc.1                                -nan                 -nan
xdut.xbuf.vbp                                  -nan                 -nan
xdut.xbuf.vbnc                                 -nan                 -nan
xdut.xbuf.vbpc                                  nan                  nan
xdut.xbuf.tail                                 -nan                 -nan
xdut.xbuf.fn                                   -nan                 -nan
xdut.xbuf.fp                                   -nan                 -nan
xdut.xbuf.mir                                   nan                  nan
xdut.xbuf.out1                                 -nan                 -nan
xdut.xbuf.pc1                                   nan                  nan
xdut.xbuf.pc2                                   nan                  nan
xdut.xbuf.sub!                                  nan                  nan
xdut.xbuf.cz                                    nan                  nan
xdut.xbuf.xrz.dt                                nan                  nan
xdut.xbuf.xcc.1                                -nan                 -nan
sub!                                           -nan                 -nan
icmp                                           -nan                 -nan
xrl1.dt                                        -nan                 -nan
xrl2.dt                                        -nan                 -nan
xch.1                                          -nan                 -nan
vsh#branch                                      nan                  nan
vcm#branch                                     -nan                 -nan
vref#branch                                    -nan                 -nan
vdd#branch                                     -nan                 -nan

MCB 71  vos_tot_cm0.3=
Reset re-loads circuit * g1_sense monte carlo: input-referred offset, mismatch models (mos lv+hv, rppd), 200 samples

Circuit: * g1_sense monte carlo: input-referred offset, mismatch models (mos lv+hv, rppd), 200 samples

Doing analysis at TEMP = 27.000000 and TNOM = 27.000000

Using SPARSE 1.3 as Direct Linear Solver
 Reference value :  0.00000e+00Note: Starting dynamic gmin stepping
Warning: singular matrix:  check node xdut.sub!

Warning: Dynamic gmin stepping failed
Note: Starting true gmin stepping
Warning: singular matrix:  check node xdut.sub!

Warning: singular matrix:  check node xdut.sub!

Warning: singular matrix:  check node xdut.sub!

Warning: singular matrix:  check node xdut.sub!

Warning: singular matrix:  check node xdut.sub!

Warning: True gmin stepping failed
Note: Starting source stepping
Warning: source stepping failed
Note: Transient op started
Note: Transient op finished successfully

No. of Data Rows : 1
MCA 72  vos_tot_cm0= 0.00170692  vos_ota= -0.00176326  vped= 0.999424
Doing analysis at TEMP = 27.000000 and TNOM = 27.000000

Using SPARSE 1.3 as Direct Linear Solver
 Reference value :  0.00000e+00Warning: singular matrix:  check node xdut.xota.sub!

Note: Starting dynamic gmin stepping
Warning: singular matrix:  check node xdut.xota.sub!

Warning: Dynamic gmin stepping failed
Note: Starting true gmin stepping
Warning: singular matrix:  check node xdut.xota.sub!

Warning: singular matrix:  check node xdut.xota.sub!

Warning: singular matrix:  check node xdut.xota.sub!

Warning: singular matrix:  check node xdut.xota.sub!

Warning: True gmin stepping failed
Note: Starting source stepping
Warning: source stepping failed
Note: Transient op started
Note: Transient op finished successfully

No. of Data Rows : 1
MCB 72  vos_tot_cm0.3= 0.00172966
Reset re-loads circuit * g1_sense monte carlo: input-referred offset, mismatch models (mos lv+hv, rppd), 200 samples

Circuit: * g1_sense monte carlo: input-referred offset, mismatch models (mos lv+hv, rppd), 200 samples

Doing analysis at TEMP = 27.000000 and TNOM = 27.000000

Using SPARSE 1.3 as Direct Linear Solver
 Reference value :  0.00000e+00Note: Starting dynamic gmin stepping
Warning: singular matrix:  check node xdut.xota.sub!

Warning: Dynamic gmin stepping failed
Note: Starting true gmin stepping
Warning: singular matrix:  check node xdut.xota.sub!

Warning: singular matrix:  check node xdut.xota.sub!

Warning: singular matrix:  check node xdut.xota.sub!

Warning: singular matrix:  check node xdut.xota.sub!

Warning: singular matrix:  check node xdut.xota.sub!

Warning: True gmin stepping failed
Note: Starting source stepping
Warning: source stepping failed
Note: Transient op started
Note: Transient op finished successfully

No. of Data Rows : 1
MCA 73  vos_tot_cm0= -0.0012291  vos_ota= 0.000971031  vped= 0.998035
Doing analysis at TEMP = 27.000000 and TNOM = 27.000000

Using SPARSE 1.3 as Direct Linear Solver
 Reference value :  0.00000e+00Warning: singular matrix:  check node sub!

Note: Starting dynamic gmin stepping
Warning: singular matrix:  check node sub!

Warning: Dynamic gmin stepping failed
Note: Starting true gmin stepping
Warning: singular matrix:  check node sub!

Warning: singular matrix:  check node sub!

Warning: singular matrix:  check node sub!

Warning: singular matrix:  check node sub!

Warning: True gmin stepping failed
Note: Starting source stepping
Warning: source stepping failed
Note: Transient op started
Note: Transient op finished successfully

No. of Data Rows : 1
MCB 73  vos_tot_cm0.3= -0.0011854
Reset re-loads circuit * g1_sense monte carlo: input-referred offset, mismatch models (mos lv+hv, rppd), 200 samples

Circuit: * g1_sense monte carlo: input-referred offset, mismatch models (mos lv+hv, rppd), 200 samples

Doing analysis at TEMP = 27.000000 and TNOM = 27.000000

Using SPARSE 1.3 as Direct Linear Solver
 Reference value :  0.00000e+00Note: Starting dynamic gmin stepping
Warning: singular matrix:  check node xdut.xbuf.sub!

Warning: Dynamic gmin stepping failed
Note: Starting true gmin stepping
Warning: singular matrix:  check node xdut.xbuf.sub!

Warning: singular matrix:  check node xdut.xbuf.sub!

Warning: singular matrix:  check node xdut.xbuf.sub!

Warning: singular matrix:  check node xdut.xbuf.sub!

Warning: singular matrix:  check node xdut.xbuf.sub!

Warning: True gmin stepping failed
Note: Starting source stepping
Warning: source stepping failed
Note: Transient op started
Note: Transient op finished successfully

No. of Data Rows : 1
MCA 74  vos_tot_cm0= -0.00756101  vos_ota= 0.00707546  vped= 0.999682
Doing analysis at TEMP = 27.000000 and TNOM = 27.000000

Using SPARSE 1.3 as Direct Linear Solver
OSDI(debug) n.xdut.xbuf.xrz.nr1: WARNING: V(i2,c) voltage is greater than specified by vmax
OSDI(debug) n.xdut.xbuf.xrz.nr1: WARNING: V(i2,c) voltage is greater than specified by vmax
OSDI(debug) n.xdut.xr2p4.nr1: WARNING: V(i1,c) voltage is greater than specified by vmax
OSDI(debug) n.xdut.xr2p3.nr1: WARNING: V(i2,c) voltage is greater than specified by vmax
OSDI(debug) n.xdut.xbuf.xrz.nr1: WARNING: V(i2,c) voltage is greater than specified by vmax
OSDI(debug) n.xdut.xr2p4.nr1: WARNING: V(i1,c) voltage is greater than specified by vmax
OSDI(debug) n.xdut.xr2p3.nr1: WARNING: V(i2,c) voltage is greater than specified by vmax
OSDI(debug) n.xdut.xbuf.xrz.nr1: WARNING: V(i2,c) voltage is greater than specified by vmax
OSDI(debug) n.xdut.xr2p4.nr1: WARNING: V(i1,c) voltage is greater than specified by vmax
OSDI(debug) n.xdut.xr2p3.nr1: WARNING: V(i2,c) voltage is greater than specified by vmax
OSDI(debug) n.xdut.xbuf.xrz.nr1: WARNING: V(i2,c) voltage is greater than specified by vmax
OSDI(debug) n.xdut.xr2p19.nr1: WARNING: V(i1,c) voltage is greater than specified by vmax
OSDI(debug) n.xdut.xr2p18.nr1: WARNING: V(i2,c) voltage is greater than specified by vmax
OSDI(debug) n.xdut.xr2p17.nr1: WARNING: V(i1,c) voltage is greater than specified by vmax
OSDI(debug) n.xdut.xr2p16.nr1: WARNING: V(i2,c) voltage is greater than specified by vmax
OSDI(debug) n.xdut.xr2p14.nr1: WARNING: V(i1,c) voltage is greater than specified by vmax
OSDI(debug) n.xdut.xr2p13.nr1: WARNING: V(i2,c) voltage is greater than specified by vmax
OSDI(debug) n.xdut.xr2p12.nr1: WARNING: V(i1,c) voltage is greater than specified by vmax
OSDI(debug) n.xdut.xr2p11.nr1: WARNING: V(i2,c) voltage is greater than specified by vmax
OSDI(debug) n.xdut.xr2p10.nr1: WARNING: V(i1,c) voltage is greater than specified by vmax
OSDI(debug) n.xdut.xr2p9.nr1: WARNING: V(i2,c) voltage is greater than specified by vmax
OSDI(debug) n.xdut.xr2p8.nr1: WARNING: V(i1,c) voltage is greater than specified by vmax
OSDI(debug) n.xdut.xr2p7.nr1: WARNING: V(i1,c) voltage is greater than specified by vmax
OSDI(debug) n.xdut.xr2p7.nr1: WARNING: V(i2,c) voltage is greater than specified by vmax
OSDI(debug) n.xdut.xr2p6.nr1: WARNING: V(i2,c) voltage is greater than specified by vmax
OSDI(debug) n.xdut.xr2p5.nr1: WARNING: V(i1,c) voltage is greater than specified by vmax
OSDI(debug) n.xdut.xr2p4.nr1: WARNING: V(i1,c) voltage is greater than specified by vmax
OSDI(debug) n.xdut.xr2p4.nr1: WARNING: V(i2,c) voltage is greater than specified by vmax
OSDI(debug) n.xdut.xr2p3.nr1: WARNING: V(i1,c) voltage is greater than specified by vmax
OSDI(debug) n.xdut.xr2p3.nr1: WARNING: V(i2,c) voltage is greater than specified by vmax
OSDI(debug) n.xdut.xr2p2.nr1: WARNING: V(i2,c) voltage is greater than specified by vmax
OSDI(debug) n.xdut.xr2p0.nr1: WARNING: V(i1,c) voltage is greater than specified by vmax
OSDI(debug) n.xdut.xr1p0.nr1: WARNING: V(i2,c) voltage is greater than specified by vmax
 Reference value :  0.00000e+00Warning: singular matrix:  check node xdut.xota.sub!

Note: Starting dynamic gmin stepping
Warning: singular matrix:  check node xdut.xota.sub!

Warning: Dynamic gmin stepping failed
Note: Starting true gmin stepping
Warning: singular matrix:  check node xdut.xota.sub!

Warning: singular matrix:  check node xdut.xota.sub!

Warning: singular matrix:  check node xdut.xota.sub!

Warning: singular matrix:  check node xdut.xota.sub!

Warning: True gmin stepping failed
Note: Starting source stepping
Warning: source stepping failed
Note: Transient op started
Note: Transient op finished successfully

No. of Data Rows : 1
MCB 74  vos_tot_cm0.3= -0.00748321
Reset re-loads circuit * g1_sense monte carlo: input-referred offset, mismatch models (mos lv+hv, rppd), 200 samples

Circuit: * g1_sense monte carlo: input-referred offset, mismatch models (mos lv+hv, rppd), 200 samples

Doing analysis at TEMP = 27.000000 and TNOM = 27.000000

Using SPARSE 1.3 as Direct Linear Solver
 Reference value :  0.00000e+00Note: Starting dynamic gmin stepping
Warning: singular matrix:  check node sub!

Warning: Dynamic gmin stepping failed
Note: Starting true gmin stepping
Warning: singular matrix:  check node sub!

Warning: singular matrix:  check node sub!

Warning: singular matrix:  check node sub!

Warning: singular matrix:  check node sub!

Warning: singular matrix:  check node sub!

Warning: True gmin stepping failed
Note: Starting source stepping
Warning: source stepping failed
Note: Transient op started
Note: Transient op finished successfully

No. of Data Rows : 1
MCA 75  vos_tot_cm0= -0.00276522  vos_ota= 0.00276635  vped= 1.00391
Doing analysis at TEMP = 27.000000 and TNOM = 27.000000

Using SPARSE 1.3 as Direct Linear Solver
 Reference value :  0.00000e+00Warning: singular matrix:  check node sub!

Note: Starting dynamic gmin stepping
Warning: singular matrix:  check node sub!

Warning: Dynamic gmin stepping failed
Note: Starting true gmin stepping
Warning: singular matrix:  check node sub!

Warning: singular matrix:  check node sub!

Warning: singular matrix:  check node sub!

Warning: singular matrix:  check node sub!

Warning: True gmin stepping failed
Note: Starting source stepping
Warning: source stepping failed
Note: Transient op started
Note: Transient op finished successfully

No. of Data Rows : 1
MCB 75  vos_tot_cm0.3= -0.00272652
Reset re-loads circuit * g1_sense monte carlo: input-referred offset, mismatch models (mos lv+hv, rppd), 200 samples

Circuit: * g1_sense monte carlo: input-referred offset, mismatch models (mos lv+hv, rppd), 200 samples

Doing analysis at TEMP = 27.000000 and TNOM = 27.000000

Using SPARSE 1.3 as Direct Linear Solver
 Reference value :  0.00000e+00Note: Starting dynamic gmin stepping
Warning: singular matrix:  check node xdut.xbuf.sub!

Warning: Dynamic gmin stepping failed
Note: Starting true gmin stepping
Warning: singular matrix:  check node xdut.xbuf.sub!

Warning: singular matrix:  check node xdut.xbuf.sub!

Warning: singular matrix:  check node xdut.xbuf.sub!

Warning: singular matrix:  check node xdut.xbuf.sub!

Warning: singular matrix:  check node xdut.xbuf.sub!

Warning: True gmin stepping failed
Note: Starting source stepping
Warning: source stepping failed
Note: Transient op started
Note: Transient op finished successfully

No. of Data Rows : 1
MCA 76  vos_tot_cm0= -0.000938165  vos_ota= 0.000985965  vped= 1.00297
Doing analysis at TEMP = 27.000000 and TNOM = 27.000000

Using SPARSE 1.3 as Direct Linear Solver
OSDI(debug) n.xdut.xota.xrz.nr1: WARNING: V(i2,c) voltage is greater than specified by vmax
 Reference value :  0.00000e+00Warning: singular matrix:  check node sub!

Note: Starting dynamic gmin stepping
Warning: singular matrix:  check node sub!

Warning: Dynamic gmin stepping failed
Note: Starting true gmin stepping
Warning: singular matrix:  check node sub!

Warning: singular matrix:  check node sub!

Warning: singular matrix:  check node sub!

Warning: singular matrix:  check node sub!

Warning: True gmin stepping failed
Note: Starting source stepping
Warning: source stepping failed
Note: Transient op started
Note: Transient op finished successfully

No. of Data Rows : 1
MCB 76  vos_tot_cm0.3= -0.000913901
Reset re-loads circuit * g1_sense monte carlo: input-referred offset, mismatch models (mos lv+hv, rppd), 200 samples

Circuit: * g1_sense monte carlo: input-referred offset, mismatch models (mos lv+hv, rppd), 200 samples

Doing analysis at TEMP = 27.000000 and TNOM = 27.000000

Using SPARSE 1.3 as Direct Linear Solver
 Reference value :  0.00000e+00Note: Starting dynamic gmin stepping
Warning: singular matrix:  check node xdut.xota.sub!

Warning: Dynamic gmin stepping failed
Note: Starting true gmin stepping
Warning: singular matrix:  check node xdut.xota.sub!

Warning: singular matrix:  check node xdut.xota.sub!

Warning: singular matrix:  check node xdut.xota.sub!

Warning: singular matrix:  check node xdut.xota.sub!

Warning: singular matrix:  check node xdut.xota.sub!

Warning: True gmin stepping failed
Note: Starting source stepping
Warning: source stepping failed
Note: Transient op started
Note: Transient op finished successfully

No. of Data Rows : 1
MCA 77  vos_tot_cm0= -0.00353151  vos_ota= 0.00340841  vped= 1.00025
Doing analysis at TEMP = 27.000000 and TNOM = 27.000000

Using SPARSE 1.3 as Direct Linear Solver
 Reference value :  0.00000e+00Warning: singular matrix:  check node xdut.xota.sub!

Note: Starting dynamic gmin stepping
Warning: singular matrix:  check node xdut.xota.sub!

Warning: Dynamic gmin stepping failed
Note: Starting true gmin stepping
Warning: singular matrix:  check node xdut.xota.sub!

Warning: singular matrix:  check node xdut.xota.sub!

Warning: singular matrix:  check node xdut.xota.sub!

Warning: singular matrix:  check node xdut.xota.sub!

Warning: True gmin stepping failed
Note: Starting source stepping
Warning: source stepping failed
Note: Transient op started
Note: Transient op finished successfully

No. of Data Rows : 1
MCB 77  vos_tot_cm0.3= -0.00352177
Reset re-loads circuit * g1_sense monte carlo: input-referred offset, mismatch models (mos lv+hv, rppd), 200 samples

Circuit: * g1_sense monte carlo: input-referred offset, mismatch models (mos lv+hv, rppd), 200 samples

Doing analysis at TEMP = 27.000000 and TNOM = 27.000000

Using SPARSE 1.3 as Direct Linear Solver
 Reference value :  0.00000e+00Note: Starting dynamic gmin stepping
Warning: singular matrix:  check node xdut.xota.sub!

Warning: Dynamic gmin stepping failed
Note: Starting true gmin stepping
Warning: singular matrix:  check node xdut.xota.sub!

Warning: singular matrix:  check node xdut.xota.sub!

Warning: singular matrix:  check node xdut.xota.sub!

Warning: singular matrix:  check node xdut.xota.sub!

Warning: singular matrix:  check node xdut.xota.sub!

Warning: True gmin stepping failed
Note: Starting source stepping
Warning: source stepping failed
Note: Transient op started
Note: Transient op finished successfully

No. of Data Rows : 1
MCA 78  vos_tot_cm0= 0.000576935  vos_ota= -0.000257867  vped= 1.00034
Doing analysis at TEMP = 27.000000 and TNOM = 27.000000

Using SPARSE 1.3 as Direct Linear Solver
OSDI(debug) n.xdut.xr2p19.nr1: WARNING: V(i1,c) voltage is greater than specified by vmax
OSDI(debug) n.xdut.xr2p18.nr1: WARNING: V(i1,c) voltage is greater than specified by vmax
OSDI(debug) n.xdut.xr2p18.nr1: WARNING: V(i2,c) voltage is greater than specified by vmax
OSDI(debug) n.xdut.xr2p17.nr1: WARNING: V(i1,c) voltage is greater than specified by vmax
OSDI(debug) n.xdut.xr2p17.nr1: WARNING: V(i2,c) voltage is greater than specified by vmax
OSDI(debug) n.xdut.xr2p16.nr1: WARNING: V(i1,c) voltage is greater than specified by vmax
OSDI(debug) n.xdut.xr2p16.nr1: WARNING: V(i2,c) voltage is greater than specified by vmax
OSDI(debug) n.xdut.xr2p15.nr1: WARNING: V(i2,c) voltage is greater than specified by vmax
OSDI(debug) n.xdut.xr2p10.nr1: WARNING: V(i1,c) voltage is greater than specified by vmax
OSDI(debug) n.xdut.xr2p9.nr1: WARNING: V(i1,c) voltage is greater than specified by vmax
OSDI(debug) n.xdut.xr2p9.nr1: WARNING: V(i2,c) voltage is greater than specified by vmax
OSDI(debug) n.xdut.xr2p8.nr1: WARNING: V(i2,c) voltage is greater than specified by vmax
OSDI(debug) n.xdut.xr2p6.nr1: WARNING: V(i1,c) voltage is greater than specified by vmax
OSDI(debug) n.xdut.xr2p5.nr1: WARNING: V(i1,c) voltage is greater than specified by vmax
OSDI(debug) n.xdut.xr2p5.nr1: WARNING: V(i2,c) voltage is greater than specified by vmax
OSDI(debug) n.xdut.xr2p4.nr1: WARNING: V(i2,c) voltage is greater than specified by vmax
OSDI(debug) n.xdut.xr2p3.nr1: WARNING: V(i1,c) voltage is greater than specified by vmax
OSDI(debug) n.xdut.xr2p2.nr1: WARNING: V(i2,c) voltage is greater than specified by vmax
OSDI(debug) n.xdut.xr2p1.nr1: WARNING: V(i1,c) voltage is greater than specified by vmax
OSDI(debug) n.xdut.xr2p0.nr1: WARNING: V(i1,c) voltage is greater than specified by vmax
OSDI(debug) n.xdut.xr2p0.nr1: WARNING: V(i2,c) voltage is greater than specified by vmax
OSDI(debug) n.xdut.xr1p0.nr1: WARNING: V(i2,c) voltage is greater than specified by vmax
OSDI(debug) n.xdut.xr2n13.nr1: WARNING: V(i1,c) voltage is greater than specified by vmax
OSDI(debug) n.xdut.xr2n12.nr1: WARNING: V(i2,c) voltage is greater than specified by vmax
 Reference value :  0.00000e+00Warning: singular matrix:  check node xdut.xota.sub!

Note: Starting dynamic gmin stepping
Warning: singular matrix:  check node xdut.xota.sub!

Warning: Dynamic gmin stepping failed
Note: Starting true gmin stepping
Warning: singular matrix:  check node xdut.xota.sub!

Warning: singular matrix:  check node xdut.xota.sub!

Warning: singular matrix:  check node xdut.xota.sub!

Warning: singular matrix:  check node xdut.xota.sub!

Warning: True gmin stepping failed
Note: Starting source stepping
Warning: source stepping failed
Note: Transient op started
Note: Transient op finished successfully

No. of Data Rows : 1
MCB 78  vos_tot_cm0.3= 0.000487676
Reset re-loads circuit * g1_sense monte carlo: input-referred offset, mismatch models (mos lv+hv, rppd), 200 samples

Circuit: * g1_sense monte carlo: input-referred offset, mismatch models (mos lv+hv, rppd), 200 samples

Doing analysis at TEMP = 27.000000 and TNOM = 27.000000

Using SPARSE 1.3 as Direct Linear Solver
 Reference value :  0.00000e+00Note: Starting dynamic gmin stepping
Warning: singular matrix:  check node xdut.sub!

Warning: Dynamic gmin stepping failed
Note: Starting true gmin stepping
Warning: singular matrix:  check node xdut.sub!

Warning: singular matrix:  check node xdut.sub!

Warning: singular matrix:  check node xdut.sub!

Warning: singular matrix:  check node xdut.sub!

Warning: singular matrix:  check node xdut.sub!

Warning: True gmin stepping failed
Note: Starting source stepping
Warning: source stepping failed
Note: Transient op started
Note: Transient op finished successfully

No. of Data Rows : 1
MCA 79  vos_tot_cm0= 0.00558167  vos_ota= -0.00508726  vped= 1.00557
Doing analysis at TEMP = 27.000000 and TNOM = 27.000000

Using SPARSE 1.3 as Direct Linear Solver
 Reference value :  0.00000e+00Warning: singular matrix:  check node xdut.xbuf.sub!

Note: Starting dynamic gmin stepping
Warning: singular matrix:  check node xdut.xbuf.sub!

Warning: Dynamic gmin stepping failed
Note: Starting true gmin stepping
Warning: singular matrix:  check node xdut.xbuf.sub!

Warning: singular matrix:  check node xdut.xbuf.sub!

Warning: singular matrix:  check node xdut.xbuf.sub!

Warning: singular matrix:  check node xdut.xbuf.sub!

Warning: True gmin stepping failed
Note: Starting source stepping
Warning: source stepping failed
Note: Transient op started
Note: Transient op finished successfully

No. of Data Rows : 1
MCB 79  vos_tot_cm0.3= 0.00556465
Reset re-loads circuit * g1_sense monte carlo: input-referred offset, mismatch models (mos lv+hv, rppd), 200 samples

Circuit: * g1_sense monte carlo: input-referred offset, mismatch models (mos lv+hv, rppd), 200 samples

Doing analysis at TEMP = 27.000000 and TNOM = 27.000000

Using SPARSE 1.3 as Direct Linear Solver
 Reference value :  0.00000e+00Note: Starting dynamic gmin stepping
Warning: singular matrix:  check node xdut.xbuf.sub!

Warning: Dynamic gmin stepping failed
Note: Starting true gmin stepping
Warning: singular matrix:  check node xdut.xbuf.sub!

Warning: singular matrix:  check node xdut.xbuf.sub!

Warning: singular matrix:  check node xdut.xbuf.sub!

Warning: singular matrix:  check node xdut.xbuf.sub!

Warning: singular matrix:  check node xdut.xbuf.sub!

Warning: True gmin stepping failed
Note: Starting source stepping
Warning: source stepping failed
Note: Transient op started
Note: Transient op finished successfully

No. of Data Rows : 1
MCA 80  vos_tot_cm0= -0.00222816  vos_ota= 0.00224673  vped= 1.00221
Doing analysis at TEMP = 27.000000 and TNOM = 27.000000

Using SPARSE 1.3 as Direct Linear Solver
 Reference value :  0.00000e+00Warning: singular matrix:  check node xdut.sub!

Note: Starting dynamic gmin stepping
Warning: singular matrix:  check node xdut.sub!

Warning: Dynamic gmin stepping failed
Note: Starting true gmin stepping
Warning: singular matrix:  check node xdut.sub!

Warning: singular matrix:  check node xdut.sub!

Warning: singular matrix:  check node xdut.sub!

Warning: singular matrix:  check node xdut.sub!

Warning: True gmin stepping failed
Note: Starting source stepping
Warning: source stepping failed
Note: Transient op started
Note: Transient op finished successfully

No. of Data Rows : 1
MCB 80  vos_tot_cm0.3= -0.0022226
Reset re-loads circuit * g1_sense monte carlo: input-referred offset, mismatch models (mos lv+hv, rppd), 200 samples

Circuit: * g1_sense monte carlo: input-referred offset, mismatch models (mos lv+hv, rppd), 200 samples

Doing analysis at TEMP = 27.000000 and TNOM = 27.000000

Using SPARSE 1.3 as Direct Linear Solver
 Reference value :  0.00000e+00Note: Starting dynamic gmin stepping
Warning: singular matrix:  check node xdut.xbuf.sub!

Warning: Dynamic gmin stepping failed
Note: Starting true gmin stepping
Warning: singular matrix:  check node xdut.xbuf.sub!

Warning: singular matrix:  check node xdut.xbuf.sub!

Warning: singular matrix:  check node xdut.xbuf.sub!

Warning: singular matrix:  check node xdut.xbuf.sub!

Warning: singular matrix:  check node xdut.xbuf.sub!

Warning: True gmin stepping failed
Note: Starting source stepping
Warning: source stepping failed
Note: Transient op started
Note: Transient op finished successfully

No. of Data Rows : 1
MCA 81  vos_tot_cm0= -0.00144181  vos_ota= 0.0013681  vped= 1.00453
Doing analysis at TEMP = 27.000000 and TNOM = 27.000000

Using SPARSE 1.3 as Direct Linear Solver
 Reference value :  0.00000e+00Warning: singular matrix:  check node xdut.xbuf.sub!

Note: Starting dynamic gmin stepping
Warning: singular matrix:  check node xdut.xbuf.sub!

Warning: Dynamic gmin stepping failed
Note: Starting true gmin stepping
Warning: singular matrix:  check node xdut.xbuf.sub!

Warning: singular matrix:  check node xdut.xbuf.sub!

Warning: singular matrix:  check node xdut.xbuf.sub!

Warning: singular matrix:  check node xdut.xbuf.sub!

Warning: True gmin stepping failed
Note: Starting source stepping
Warning: source stepping failed
Note: Transient op started
Note: Transient op finished successfully

No. of Data Rows : 1
MCB 81  vos_tot_cm0.3= -0.00135806
Reset re-loads circuit * g1_sense monte carlo: input-referred offset, mismatch models (mos lv+hv, rppd), 200 samples

Circuit: * g1_sense monte carlo: input-referred offset, mismatch models (mos lv+hv, rppd), 200 samples

Doing analysis at TEMP = 27.000000 and TNOM = 27.000000

Using SPARSE 1.3 as Direct Linear Solver
 Reference value :  0.00000e+00Note: Starting dynamic gmin stepping
Warning: singular matrix:  check node xdut.xota.sub!

Warning: Dynamic gmin stepping failed
Note: Starting true gmin stepping
Warning: singular matrix:  check node xdut.xota.sub!

Warning: singular matrix:  check node xdut.xota.sub!

Warning: singular matrix:  check node xdut.xota.sub!

Warning: singular matrix:  check node xdut.xota.sub!

Warning: singular matrix:  check node xdut.xota.sub!

Warning: True gmin stepping failed
Note: Starting source stepping
Warning: source stepping failed
Note: Transient op started
Note: Transient op finished successfully

No. of Data Rows : 1
MCA 82  vos_tot_cm0= -0.00101732  vos_ota= 0.00107074  vped= 1.00528
Doing analysis at TEMP = 27.000000 and TNOM = 27.000000

Using SPARSE 1.3 as Direct Linear Solver
OSDI(debug) n.xrl2.nr1: WARNING: V(i1,c) voltage is greater than specified by vmax
OSDI(debug) n.xrl1.nr1: WARNING: V(i2,c) voltage is greater than specified by vmax
OSDI(debug) n.xdut.xr2n0.nr1: WARNING: V(i1,c) voltage is greater than specified by vmax
OSDI(debug) n.xdut.xr1n0.nr1: WARNING: V(i2,c) voltage is greater than specified by vmax
 Reference value :  0.00000e+00Warning: singular matrix:  check node xdut.xbuf.sub!

Note: Starting dynamic gmin stepping
Warning: singular matrix:  check node xdut.xbuf.sub!

Warning: Dynamic gmin stepping failed
Note: Starting true gmin stepping
Warning: singular matrix:  check node xdut.xbuf.sub!

Warning: singular matrix:  check node xdut.xbuf.sub!

Warning: singular matrix:  check node xdut.xbuf.sub!

Warning: singular matrix:  check node xdut.xbuf.sub!

Warning: True gmin stepping failed
Note: Starting source stepping
Warning: source stepping failed
Note: Transient op started
Note: Transient op finished successfully

No. of Data Rows : 1
MCB 82  vos_tot_cm0.3= -0.000964323
Reset re-loads circuit * g1_sense monte carlo: input-referred offset, mismatch models (mos lv+hv, rppd), 200 samples

Circuit: * g1_sense monte carlo: input-referred offset, mismatch models (mos lv+hv, rppd), 200 samples

Doing analysis at TEMP = 27.000000 and TNOM = 27.000000

Using SPARSE 1.3 as Direct Linear Solver
 Reference value :  0.00000e+00Note: Starting dynamic gmin stepping
Warning: singular matrix:  check node xdut.xota.sub!

Warning: Dynamic gmin stepping failed
Note: Starting true gmin stepping
Warning: singular matrix:  check node xdut.xota.sub!

Warning: singular matrix:  check node xdut.xota.sub!

Warning: singular matrix:  check node xdut.xota.sub!

Warning: singular matrix:  check node xdut.xota.sub!

Warning: singular matrix:  check node xdut.xota.sub!

Warning: True gmin stepping failed
Note: Starting source stepping
Warning: source stepping failed
Note: Transient op started
Note: Transient op finished successfully

No. of Data Rows : 1
MCA 83  vos_tot_cm0= 0.00148208  vos_ota= -0.00166605  vped= 0.995069
Doing analysis at TEMP = 27.000000 and TNOM = 27.000000

Using SPARSE 1.3 as Direct Linear Solver
 Reference value :  0.00000e+00Warning: singular matrix:  check node xdut.xbuf.sub!

Note: Starting dynamic gmin stepping
Warning: singular matrix:  check node xdut.xbuf.sub!

Warning: Dynamic gmin stepping failed
Note: Starting true gmin stepping
Warning: singular matrix:  check node xdut.xbuf.sub!

Warning: singular matrix:  check node xdut.xbuf.sub!

Warning: singular matrix:  check node xdut.xbuf.sub!

Warning: singular matrix:  check node xdut.xbuf.sub!

Warning: True gmin stepping failed
Note: Starting source stepping
Warning: source stepping failed
Note: Transient op started
Note: Transient op finished successfully

No. of Data Rows : 1
MCB 83  vos_tot_cm0.3= 0.00147687
Reset re-loads circuit * g1_sense monte carlo: input-referred offset, mismatch models (mos lv+hv, rppd), 200 samples

Circuit: * g1_sense monte carlo: input-referred offset, mismatch models (mos lv+hv, rppd), 200 samples

Doing analysis at TEMP = 27.000000 and TNOM = 27.000000

Using SPARSE 1.3 as Direct Linear Solver
 Reference value :  0.00000e+00Note: Starting dynamic gmin stepping
Warning: singular matrix:  check node xdut.xbuf.sub!

Warning: Dynamic gmin stepping failed
Note: Starting true gmin stepping
Warning: singular matrix:  check node xdut.xbuf.sub!

Warning: singular matrix:  check node xdut.xbuf.sub!

Warning: singular matrix:  check node xdut.xbuf.sub!

Warning: singular matrix:  check node xdut.xbuf.sub!

Warning: singular matrix:  check node xdut.xbuf.sub!

Warning: True gmin stepping failed
Note: Starting source stepping
Warning: source stepping failed
Note: Transient op started
Note: Transient op finished successfully

No. of Data Rows : 1
MCA 84  vos_tot_cm0= 0.0104688  vos_ota= -0.0101256  vped= 0.996819
Doing analysis at TEMP = 27.000000 and TNOM = 27.000000

Using SPARSE 1.3 as Direct Linear Solver
 Reference value :  0.00000e+00Warning: singular matrix:  check node xdut.xbuf.sub!

Note: Starting dynamic gmin stepping
Warning: singular matrix:  check node xdut.xbuf.sub!

Warning: Dynamic gmin stepping failed
Note: Starting true gmin stepping
Warning: singular matrix:  check node xdut.xbuf.sub!

Warning: singular matrix:  check node xdut.xbuf.sub!

Warning: singular matrix:  check node xdut.xbuf.sub!

Warning: singular matrix:  check node xdut.xbuf.sub!

Warning: True gmin stepping failed
Note: Starting source stepping
Warning: source stepping failed
Note: Transient op started
Note: Transient op finished successfully

No. of Data Rows : 1
MCB 84  vos_tot_cm0.3= 0.0104212
Reset re-loads circuit * g1_sense monte carlo: input-referred offset, mismatch models (mos lv+hv, rppd), 200 samples

Circuit: * g1_sense monte carlo: input-referred offset, mismatch models (mos lv+hv, rppd), 200 samples

Doing analysis at TEMP = 27.000000 and TNOM = 27.000000

Using SPARSE 1.3 as Direct Linear Solver
 Reference value :  0.00000e+00Note: Starting dynamic gmin stepping
Warning: singular matrix:  check node xdut.xota.sub!

Warning: Dynamic gmin stepping failed
Note: Starting true gmin stepping
Warning: singular matrix:  check node xdut.xota.sub!

Warning: singular matrix:  check node xdut.xota.sub!

Warning: singular matrix:  check node xdut.xota.sub!

Warning: singular matrix:  check node xdut.xota.sub!

Warning: singular matrix:  check node xdut.xota.sub!

Warning: True gmin stepping failed
Note: Starting source stepping
Warning: source stepping failed
Note: Transient op started
Note: Transient op finished successfully

No. of Data Rows : 1
MCA 85  vos_tot_cm0= 0.00443712  vos_ota= -0.00437749  vped= 0.99608
Doing analysis at TEMP = 27.000000 and TNOM = 27.000000

Using SPARSE 1.3 as Direct Linear Solver
 Reference value :  0.00000e+00Warning: singular matrix:  check node xdut.sub!

Note: Starting dynamic gmin stepping
Warning: singular matrix:  check node xdut.sub!

Warning: Dynamic gmin stepping failed
Note: Starting true gmin stepping
Warning: singular matrix:  check node xdut.sub!

Warning: singular matrix:  check node xdut.sub!

Warning: singular matrix:  check node xdut.sub!

Warning: singular matrix:  check node xdut.sub!

Warning: True gmin stepping failed
Note: Starting source stepping
Warning: source stepping failed
Note: Transient op started
Note: Transient op finished successfully

No. of Data Rows : 1
MCB 85  vos_tot_cm0.3= 0.00440503
Reset re-loads circuit * g1_sense monte carlo: input-referred offset, mismatch models (mos lv+hv, rppd), 200 samples

Circuit: * g1_sense monte carlo: input-referred offset, mismatch models (mos lv+hv, rppd), 200 samples

Doing analysis at TEMP = 27.000000 and TNOM = 27.000000

Using SPARSE 1.3 as Direct Linear Solver
 Reference value :  0.00000e+00Note: Starting dynamic gmin stepping
Warning: singular matrix:  check node xdut.xota.sub!

Warning: Dynamic gmin stepping failed
Note: Starting true gmin stepping
Warning: singular matrix:  check node xdut.xota.sub!

Warning: singular matrix:  check node xdut.xota.sub!

Warning: singular matrix:  check node xdut.xota.sub!

Warning: singular matrix:  check node xdut.xota.sub!

Warning: singular matrix:  check node xdut.xota.sub!

Warning: True gmin stepping failed
Note: Starting source stepping
Warning: source stepping failed
Note: Transient op started
Note: Transient op finished successfully

No. of Data Rows : 1
MCA 86  vos_tot_cm0= 0.00490264  vos_ota= -0.00483374  vped= 0.998045
Doing analysis at TEMP = 27.000000 and TNOM = 27.000000

Using SPARSE 1.3 as Direct Linear Solver
 Reference value :  0.00000e+00Warning: singular matrix:  check node xdut.xbuf.sub!

Note: Starting dynamic gmin stepping
Warning: singular matrix:  check node xdut.xbuf.sub!

Warning: Dynamic gmin stepping failed
Note: Starting true gmin stepping
Warning: singular matrix:  check node xdut.xbuf.sub!

Warning: singular matrix:  check node xdut.xbuf.sub!

Warning: singular matrix:  check node xdut.xbuf.sub!

Warning: singular matrix:  check node xdut.xbuf.sub!

Warning: True gmin stepping failed
Note: Starting source stepping
Warning: source stepping failed
Note: Transient op started
Note: Transient op finished successfully

No. of Data Rows : 1
MCB 86  vos_tot_cm0.3= 0.00490015
Reset re-loads circuit * g1_sense monte carlo: input-referred offset, mismatch models (mos lv+hv, rppd), 200 samples

Circuit: * g1_sense monte carlo: input-referred offset, mismatch models (mos lv+hv, rppd), 200 samples

Doing analysis at TEMP = 27.000000 and TNOM = 27.000000

Using SPARSE 1.3 as Direct Linear Solver
 Reference value :  0.00000e+00Note: Starting dynamic gmin stepping
Warning: singular matrix:  check node xdut.xota.sub!

Warning: Dynamic gmin stepping failed
Note: Starting true gmin stepping
Warning: singular matrix:  check node xdut.xota.sub!

Warning: singular matrix:  check node xdut.xota.sub!

Warning: singular matrix:  check node xdut.xota.sub!

Warning: singular matrix:  check node xdut.xota.sub!

Warning: singular matrix:  check node xdut.xota.sub!

Warning: True gmin stepping failed
Note: Starting source stepping
Warning: source stepping failed
Note: Transient op started
Note: Transient op finished successfully

No. of Data Rows : 1
MCA 87  vos_tot_cm0= 0.00435367  vos_ota= -0.00410265  vped= 0.999256
Doing analysis at TEMP = 27.000000 and TNOM = 27.000000

Using SPARSE 1.3 as Direct Linear Solver
OSDI(debug) n.xdut.xbuf.xrz.nr1: WARNING: V(i2,c) voltage is greater than specified by vmax
OSDI(debug) n.xdut.xbuf.xrz.nr1: WARNING: V(i2,c) voltage is greater than specified by vmax
OSDI(debug) n.xdut.xbuf.xrz.nr1: WARNING: V(i2,c) voltage is greater than specified by vmax
OSDI(debug) n.xdut.xbuf.xrz.nr1: WARNING: V(i2,c) voltage is greater than specified by vmax
OSDI(debug) n.xdut.xbuf.xrz.nr1: WARNING: V(i2,c) voltage is greater than specified by vmax
OSDI(debug) n.xdut.xbuf.xrz.nr1: WARNING: V(i2,c) voltage is greater than specified by vmax
OSDI(debug) n.xdut.xbuf.xrz.nr1: WARNING: V(i2,c) voltage is greater than specified by vmax
OSDI(debug) n.xdut.xbuf.xrz.nr1: WARNING: V(i2,c) voltage is greater than specified by vmax
OSDI(debug) n.xdut.xbuf.xrz.nr1: WARNING: V(i2,c) voltage is greater than specified by vmax
OSDI(debug) n.xdut.xbuf.xrz.nr1: WARNING: V(i2,c) voltage is greater than specified by vmax
OSDI(debug) n.xdut.xbuf.xrz.nr1: WARNING: V(i2,c) voltage is greater than specified by vmax
OSDI(debug) n.xdut.xbuf.xrz.nr1: WARNING: V(i2,c) voltage is greater than specified by vmax
OSDI(debug) n.xdut.xbuf.xrz.nr1: WARNING: V(i2,c) voltage is greater than specified by vmax
OSDI(debug) n.xdut.xbuf.xrz.nr1: WARNING: V(i2,c) voltage is greater than specified by vmax
OSDI(debug) n.xdut.xbuf.xrz.nr1: WARNING: V(i2,c) voltage is greater than specified by vmax
OSDI(debug) n.xdut.xbuf.xrz.nr1: WARNING: V(i2,c) voltage is greater than specified by vmax
OSDI(debug) n.xdut.xbuf.xrz.nr1: WARNING: V(i2,c) voltage is greater than specified by vmax
 Reference value :  0.00000e+00Warning: singular matrix:  check node xdut.xota.sub!

Note: Starting dynamic gmin stepping
Warning: singular matrix:  check node xdut.xota.sub!

Warning: Dynamic gmin stepping failed
Note: Starting true gmin stepping
Warning: singular matrix:  check node xdut.xota.sub!

Warning: singular matrix:  check node xdut.xota.sub!

Warning: singular matrix:  check node xdut.xota.sub!

Warning: singular matrix:  check node xdut.xota.sub!

Warning: True gmin stepping failed
Note: Starting source stepping
Warning: source stepping failed
Note: Transient op started
Note: Transient op finished successfully

No. of Data Rows : 1
MCB 87  vos_tot_cm0.3= 0.0043118
Reset re-loads circuit * g1_sense monte carlo: input-referred offset, mismatch models (mos lv+hv, rppd), 200 samples

Circuit: * g1_sense monte carlo: input-referred offset, mismatch models (mos lv+hv, rppd), 200 samples

Doing analysis at TEMP = 27.000000 and TNOM = 27.000000

Using SPARSE 1.3 as Direct Linear Solver
 Reference value :  0.00000e+00Note: Starting dynamic gmin stepping
Warning: singular matrix:  check node xdut.sub!

Warning: Dynamic gmin stepping failed
Note: Starting true gmin stepping
Warning: singular matrix:  check node xdut.sub!

Warning: singular matrix:  check node xdut.sub!

Warning: singular matrix:  check node xdut.sub!

Warning: singular matrix:  check node xdut.sub!

Warning: singular matrix:  check node xdut.sub!

Warning: True gmin stepping failed
Note: Starting source stepping
Warning: source stepping failed
Note: Transient op started
Note: Transient op finished successfully

No. of Data Rows : 1
MCA 88  vos_tot_cm0= -0.00353239  vos_ota= 0.00327107  vped= 1.00021
Doing analysis at TEMP = 27.000000 and TNOM = 27.000000

Using SPARSE 1.3 as Direct Linear Solver
 Reference value :  0.00000e+00Warning: singular matrix:  check node sub!

Note: Starting dynamic gmin stepping
Warning: singular matrix:  check node sub!

Warning: Dynamic gmin stepping failed
Note: Starting true gmin stepping
Warning: singular matrix:  check node sub!

Warning: singular matrix:  check node sub!

Warning: singular matrix:  check node sub!

Warning: singular matrix:  check node sub!

Warning: True gmin stepping failed
Note: Starting source stepping
Warning: source stepping failed
Note: Transient op started
Note: Transient op finished successfully

No. of Data Rows : 1
MCB 88  vos_tot_cm0.3= -0.00347765
Reset re-loads circuit * g1_sense monte carlo: input-referred offset, mismatch models (mos lv+hv, rppd), 200 samples

Circuit: * g1_sense monte carlo: input-referred offset, mismatch models (mos lv+hv, rppd), 200 samples

Doing analysis at TEMP = 27.000000 and TNOM = 27.000000

Using SPARSE 1.3 as Direct Linear Solver
 Reference value :  0.00000e+00
No. of Data Rows : 1
MCA 89  vos_tot_cm0= -0.00155068  vos_ota= 0.00119904  vped= 0.995776
Doing analysis at TEMP = 27.000000 and TNOM = 27.000000

Using SPARSE 1.3 as Direct Linear Solver
OSDI(debug) n.xrl2.nr1: WARNING: V(i1,c) voltage is greater than specified by vmax
OSDI(debug) n.xrl1.nr1: WARNING: V(i2,c) voltage is greater than specified by vmax
OSDI(debug) n.xdut.xr2n3.nr1: WARNING: V(i1,c) voltage is greater than specified by vmax
OSDI(debug) n.xdut.xr2n2.nr1: WARNING: V(i2,c) voltage is greater than specified by vmax
OSDI(debug) n.xrl2.nr1: WARNING: V(i1,c) voltage is greater than specified by vmax
OSDI(debug) n.xrl1.nr1: WARNING: V(i2,c) voltage is greater than specified by vmax
OSDI(debug) n.xdut.xr2n3.nr1: WARNING: V(i1,c) voltage is greater than specified by vmax
OSDI(debug) n.xdut.xr2n2.nr1: WARNING: V(i2,c) voltage is greater than specified by vmax
OSDI(debug) n.xrl2.nr1: WARNING: V(i1,c) voltage is greater than specified by vmax
OSDI(debug) n.xrl1.nr1: WARNING: V(i2,c) voltage is greater than specified by vmax
OSDI(debug) n.xdut.xr2n3.nr1: WARNING: V(i1,c) voltage is greater than specified by vmax
OSDI(debug) n.xdut.xr2n2.nr1: WARNING: V(i1,c) voltage is greater than specified by vmax
OSDI(debug) n.xdut.xr2n2.nr1: WARNING: V(i2,c) voltage is greater than specified by vmax
OSDI(debug) n.xdut.xr2n1.nr1: WARNING: V(i1,c) voltage is greater than specified by vmax
OSDI(debug) n.xdut.xr2n1.nr1: WARNING: V(i2,c) voltage is greater than specified by vmax
OSDI(debug) n.xdut.xr2n0.nr1: WARNING: V(i1,c) voltage is greater than specified by vmax
OSDI(debug) n.xdut.xr2n0.nr1: WARNING: V(i2,c) voltage is greater than specified by vmax
OSDI(debug) n.xdut.xr1n0.nr1: WARNING: V(i2,c) voltage is greater than specified by vmax
OSDI(debug) n.xrl2.nr1: WARNING: V(i1,c) voltage is greater than specified by vmax
OSDI(debug) n.xrl1.nr1: WARNING: V(i2,c) voltage is greater than specified by vmax
OSDI(debug) n.xdut.xr2n19.nr1: WARNING: V(i1,c) voltage is greater than specified by vmax
OSDI(debug) n.xdut.xr2n18.nr1: WARNING: V(i2,c) voltage is greater than specified by vmax
OSDI(debug) n.xdut.xr2n4.nr1: WARNING: V(i1,c) voltage is greater than specified by vmax
OSDI(debug) n.xdut.xr2n3.nr1: WARNING: V(i1,c) voltage is greater than specified by vmax
OSDI(debug) n.xdut.xr2n3.nr1: WARNING: V(i2,c) voltage is greater than specified by vmax
OSDI(debug) n.xdut.xr2n2.nr1: WARNING: V(i1,c) voltage is greater than specified by vmax
OSDI(debug) n.xdut.xr2n2.nr1: WARNING: V(i2,c) voltage is greater than specified by vmax
OSDI(debug) n.xdut.xr2n1.nr1: WARNING: V(i1,c) voltage is greater than specified by vmax
OSDI(debug) n.xdut.xr2n1.nr1: WARNING: V(i2,c) voltage is greater than specified by vmax
OSDI(debug) n.xdut.xr2n0.nr1: WARNING: V(i1,c) voltage is greater than specified by vmax
OSDI(debug) n.xdut.xr2n0.nr1: WARNING: V(i2,c) voltage is greater than specified by vmax
OSDI(debug) n.xdut.xr1n0.nr1: WARNING: V(i2,c) voltage is greater than specified by vmax
OSDI(debug) n.xrl2.nr1: WARNING: V(i1,c) voltage is greater than specified by vmax
OSDI(debug) n.xrl1.nr1: WARNING: V(i2,c) voltage is greater than specified by vmax
OSDI(debug) n.xdut.xr2n19.nr1: WARNING: V(i1,c) voltage is greater than specified by vmax
OSDI(debug) n.xdut.xr2n18.nr1: WARNING: V(i2,c) voltage is greater than specified by vmax
OSDI(debug) n.xdut.xr2n4.nr1: WARNING: V(i1,c) voltage is greater than specified by vmax
OSDI(debug) n.xdut.xr2n3.nr1: WARNING: V(i1,c) voltage is greater than specified by vmax
OSDI(debug) n.xdut.xr2n3.nr1: WARNING: V(i2,c) voltage is greater than specified by vmax
OSDI(debug) n.xdut.xr2n2.nr1: WARNING: V(i1,c) voltage is greater than specified by vmax
OSDI(debug) n.xdut.xr2n2.nr1: WARNING: V(i2,c) voltage is greater than specified by vmax
OSDI(debug) n.xdut.xr2n1.nr1: WARNING: V(i1,c) voltage is greater than specified by vmax
OSDI(debug) n.xdut.xr2n1.nr1: WARNING: V(i2,c) voltage is greater than specified by vmax
OSDI(debug) n.xdut.xr2n0.nr1: WARNING: V(i1,c) voltage is greater than specified by vmax
OSDI(debug) n.xdut.xr2n0.nr1: WARNING: V(i2,c)Note: Starting dynamic gmin stepping
Warning: singular matrix:  check node xdut.xbuf.sub!

Warning: Dynamic gmin stepping failed
Note: Starting true gmin stepping
Warning: singular matrix:  check node xdut.xbuf.sub!

Warning: singular matrix:  check node xdut.xbuf.sub!

Warning: singular matrix:  check node xdut.xbuf.sub!

Warning: singular matrix:  check node xdut.xbuf.sub!

Warning: singular matrix:  check node xdut.xbuf.sub!

Warning: True gmin stepping failed
Note: Starting source stepping
Warning: source stepping failed
Note: Transient op started
Note: Transient op finished successfully
 voltage is greater than specified by vmax
OSDI(debug) n.xdut.xr1n0.nr1: WARNING: V(i2,c) voltage is greater than specified by vmax
 Reference value :  0.00000e+00Warning: singular matrix:  check node xdut.xbuf.sub!

Note: Starting dynamic gmin stepping
Warning: singular matrix:  check node xdut.xbuf.sub!

Warning: Dynamic gmin stepping failed
Note: Starting true gmin stepping
Warning: singular matrix:  check node xdut.xbuf.sub!

Warning: singular matrix:  check node xdut.xbuf.sub!

Warning: singular matrix:  check node xdut.xbuf.sub!

Warning: singular matrix:  check node xdut.xbuf.sub!

Warning: True gmin stepping failed
Note: Starting source stepping
Warning: source stepping failed
Note: Transient op started
Note: Transient op finished successfully

No. of Data Rows : 1
MCB 89  vos_tot_cm0.3= -0.00152186
Reset re-loads circuit * g1_sense monte carlo: input-referred offset, mismatch models (mos lv+hv, rppd), 200 samples

Circuit: * g1_sense monte carlo: input-referred offset, mismatch models (mos lv+hv, rppd), 200 samples

Doing analysis at TEMP = 27.000000 and TNOM = 27.000000

Using SPARSE 1.3 as Direct Linear Solver
 Reference value :  0.00000e+00Note: Starting dynamic gmin stepping
Warning: singular matrix:  check node xdut.sub!

Warning: Dynamic gmin stepping failed
Note: Starting true gmin stepping
Warning: singular matrix:  check node xdut.sub!

Warning: singular matrix:  check node xdut.sub!

Warning: singular matrix:  check node xdut.sub!

Warning: singular matrix:  check node xdut.sub!

Warning: singular matrix:  check node xdut.sub!

Warning: True gmin stepping failed
Note: Starting source stepping
Warning: source stepping failed
Note: Transient op started
Note: Transient op finished successfully

No. of Data Rows : 1
MCA 90  vos_tot_cm0= 0.00793686  vos_ota= -0.00753543  vped= 0.999754
Doing analysis at TEMP = 27.000000 and TNOM = 27.000000

Using SPARSE 1.3 as Direct Linear Solver
 Reference value :  0.00000e+00Warning: singular matrix:  check node xdut.xota.sub!

Note: Starting dynamic gmin stepping
Warning: singular matrix:  check node xdut.xota.sub!

Warning: Dynamic gmin stepping failed
Note: Starting true gmin stepping
Warning: singular matrix:  check node xdut.xota.sub!

Warning: singular matrix:  check node xdut.xota.sub!

Warning: singular matrix:  check node xdut.xota.sub!

Warning: singular matrix:  check node xdut.xota.sub!

Warning: True gmin stepping failed
Note: Starting source stepping
Warning: source stepping failed
Note: Transient op started
Note: Transient op finished successfully

No. of Data Rows : 1
MCB 90  vos_tot_cm0.3= 0.00787919
Reset re-loads circuit * g1_sense monte carlo: input-referred offset, mismatch models (mos lv+hv, rppd), 200 samples

Circuit: * g1_sense monte carlo: input-referred offset, mismatch models (mos lv+hv, rppd), 200 samples

Doing analysis at TEMP = 27.000000 and TNOM = 27.000000

Using SPARSE 1.3 as Direct Linear Solver
 Reference value :  0.00000e+00Note: Starting dynamic gmin stepping
Warning: singular matrix:  check node xdut.xbuf.sub!

Warning: Dynamic gmin stepping failed
Note: Starting true gmin stepping
Warning: singular matrix:  check node xdut.xbuf.sub!

Warning: singular matrix:  check node xdut.xbuf.sub!

Warning: singular matrix:  check node xdut.xbuf.sub!

Warning: singular matrix:  check node xdut.xbuf.sub!

Warning: singular matrix:  check node xdut.xbuf.sub!

Warning: True gmin stepping failed
Note: Starting source stepping
Warning: source stepping failed
Note: Transient op started
Note: Transient op finished successfully

No. of Data Rows : 1
MCA 91  vos_tot_cm0= 0.00343794  vos_ota= -0.0036264  vped= 0.996305
Doing analysis at TEMP = 27.000000 and TNOM = 27.000000

Using SPARSE 1.3 as Direct Linear Solver
 Reference value :  0.00000e+00Warning: singular matrix:  check node xdut.xota.sub!

Note: Starting dynamic gmin stepping
Warning: singular matrix:  check node xdut.xota.sub!

Warning: Dynamic gmin stepping failed
Note: Starting true gmin stepping
Warning: singular matrix:  check node xdut.xota.sub!

Warning: singular matrix:  check node xdut.xota.sub!

Warning: singular matrix:  check node xdut.xota.sub!

Warning: singular matrix:  check node xdut.xota.sub!

Warning: True gmin stepping failed
Note: Starting source stepping
Warning: source stepping failed
Note: Transient op started
Note: Transient op finished successfully

No. of Data Rows : 1
MCB 91  vos_tot_cm0.3= 0.00347222
Reset re-loads circuit * g1_sense monte carlo: input-referred offset, mismatch models (mos lv+hv, rppd), 200 samples

Circuit: * g1_sense monte carlo: input-referred offset, mismatch models (mos lv+hv, rppd), 200 samples

Doing analysis at TEMP = 27.000000 and TNOM = 27.000000

Using SPARSE 1.3 as Direct Linear Solver
 Reference value :  0.00000e+00Note: Starting dynamic gmin stepping
Warning: singular matrix:  check node xdut.sub!

Warning: Dynamic gmin stepping failed
Note: Starting true gmin stepping
Warning: singular matrix:  check node xdut.sub!

Warning: singular matrix:  check node xdut.sub!

Warning: singular matrix:  check node xdut.sub!

Warning: singular matrix:  check node xdut.sub!

Warning: singular matrix:  check node xdut.sub!

Warning: True gmin stepping failed
Note: Starting source stepping
Warning: source stepping failed
Note: Transient op started
Note: Transient op finished successfully

No. of Data Rows : 1
MCA 92  vos_tot_cm0= 0.00128829  vos_ota= -0.00116071  vped= 1.00461
Doing analysis at TEMP = 27.000000 and TNOM = 27.000000

Using SPARSE 1.3 as Direct Linear Solver
 Reference value :  0.00000e+00Warning: singular matrix:  check node xdut.xbuf.sub!

Note: Starting dynamic gmin stepping
Warning: singular matrix:  check node xdut.xbuf.sub!

Warning: Dynamic gmin stepping failed
Note: Starting true gmin stepping
Warning: singular matrix:  check node xdut.xbuf.sub!

Warning: singular matrix:  check node xdut.xbuf.sub!

Warning: singular matrix:  check node xdut.xbuf.sub!

Warning: singular matrix:  check node xdut.xbuf.sub!

Warning: True gmin stepping failed
Note: Starting source stepping
Warning: source stepping failed
Note: Transient op started
Note: Transient op finished successfully

No. of Data Rows : 1
MCB 92  vos_tot_cm0.3= 0.00133702
Reset re-loads circuit * g1_sense monte carlo: input-referred offset, mismatch models (mos lv+hv, rppd), 200 samples

Circuit: * g1_sense monte carlo: input-referred offset, mismatch models (mos lv+hv, rppd), 200 samples

Doing analysis at TEMP = 27.000000 and TNOM = 27.000000

Using SPARSE 1.3 as Direct Linear Solver
 Reference value :  0.00000e+00Note: Starting dynamic gmin stepping
Warning: singular matrix:  check node xdut.xota.sub!

Warning: Dynamic gmin stepping failed
Note: Starting true gmin stepping
Warning: singular matrix:  check node xdut.xota.sub!

Warning: singular matrix:  check node xdut.xota.sub!

Warning: singular matrix:  check node xdut.xota.sub!

Warning: singular matrix:  check node xdut.xota.sub!

Warning: singular matrix:  check node xdut.xota.sub!

Warning: True gmin stepping failed
Note: Starting source stepping
Warning: source stepping failed
Note: Transient op started
Note: Transient op finished successfully

No. of Data Rows : 1
MCA 93  vos_tot_cm0= -0.00305567  vos_ota= 0.00274655  vped= 0.997327
Doing analysis at TEMP = 27.000000 and TNOM = 27.000000

Using SPARSE 1.3 as Direct Linear Solver
 Reference value :  0.00000e+00Warning: singular matrix:  check node xdut.sub!

Note: Starting dynamic gmin stepping
Warning: singular matrix:  check node xdut.sub!

Warning: Dynamic gmin stepping failed
Note: Starting true gmin stepping
Warning: singular matrix:  check node xdut.sub!

Warning: singular matrix:  check node xdut.sub!

Warning: singular matrix:  check node xdut.sub!

Warning: singular matrix:  check node xdut.sub!

Warning: True gmin stepping failed
Note: Starting source stepping
Warning: source stepping failed
Note: Transient op started
Note: Transient op finished successfully

No. of Data Rows : 1
MCB 93  vos_tot_cm0.3= -0.0030278
Reset re-loads circuit * g1_sense monte carlo: input-referred offset, mismatch models (mos lv+hv, rppd), 200 samples

Circuit: * g1_sense monte carlo: input-referred offset, mismatch models (mos lv+hv, rppd), 200 samples

Doing analysis at TEMP = 27.000000 and TNOM = 27.000000

Using SPARSE 1.3 as Direct Linear Solver
 Reference value :  0.00000e+00Note: Starting dynamic gmin stepping
Warning: singular matrix:  check node xdut.xbuf.sub!

Warning: Dynamic gmin stepping failed
Note: Starting true gmin stepping
Warning: singular matrix:  check node xdut.xbuf.sub!

Warning: singular matrix:  check node xdut.xbuf.sub!

Warning: singular matrix:  check node xdut.xbuf.sub!

Warning: singular matrix:  check node xdut.xbuf.sub!

Warning: singular matrix:  check node xdut.xbuf.sub!

Warning: True gmin stepping failed
Note: Starting source stepping
Warning: source stepping failed
Note: Transient op started
Note: Transient op finished successfully

No. of Data Rows : 1
MCA 94  vos_tot_cm0= -0.00208529  vos_ota= 0.00186386  vped= 1.00036
Doing analysis at TEMP = 27.000000 and TNOM = 27.000000

Using SPARSE 1.3 as Direct Linear Solver
 Reference value :  0.00000e+00Warning: singular matrix:  check node xdut.xbuf.sub!

Note: Starting dynamic gmin stepping
Warning: singular matrix:  check node xdut.xbuf.sub!

Warning: Dynamic gmin stepping failed
Note: Starting true gmin stepping
Warning: singular matrix:  check node xdut.xbuf.sub!

Warning: singular matrix:  check node xdut.xbuf.sub!

Warning: singular matrix:  check node xdut.xbuf.sub!

Warning: singular matrix:  check node xdut.xbuf.sub!

Warning: True gmin stepping failed
Note: Starting source stepping
Warning: source stepping failed
Note: Transient op started
Note: Transient op finished successfully

No. of Data Rows : 1
MCB 94  vos_tot_cm0.3= -0.00202436
Reset re-loads circuit * g1_sense monte carlo: input-referred offset, mismatch models (mos lv+hv, rppd), 200 samples

Circuit: * g1_sense monte carlo: input-referred offset, mismatch models (mos lv+hv, rppd), 200 samples

Doing analysis at TEMP = 27.000000 and TNOM = 27.000000

Using SPARSE 1.3 as Direct Linear Solver
 Reference value :  0.00000e+00
No. of Data Rows : 1
MCA 95  vos_tot_cm0= -0.00370946  vos_ota= 0.00374379  vped= 1.00386
Doing analysis at TEMP = 27.000000 and TNOM = 27.000000

Using SPARSE 1.3 as Direct Linear Solver
OSDI(debug) n.xrl2.nr1: WARNING: V(i1,c) voltage is greater than specified by vmax
OSDI(debug) n.xrl1.nr1: WARNING: V(i2,c) voltage is greater than specified by vmax
OSDI(debug) n.xdut.xr2p1.nr1: WARNING: V(i1,c) voltage is greater than specified by vmax
OSDI(debug) n.xdut.xr2p0.nr1: WARNING: V(i2,c) voltage is greater than specified by vmax
OSDI(debug) n.xdut.xr2n1.nr1: WARNING: V(i1,c) voltage is greater than specified by vmax
OSDI(debug) n.xdut.xr2n0.nr1: WARNING: V(i2,c) voltage is greater than specified by vmax
OSDI(debug) n.xrl2.nr1: WARNING: V(i1,c) voltage is greater than specified by vmax
OSDI(debug) n.xrl1.nr1: WARNING: V(i2,c) voltage is greater than specified by vmax
OSDI(debug) n.xdut.xr2p19.nr1: WARNING: V(i1,c) voltage is greater than specified by vmax
OSDI(debug) n.xdut.xr2p18.nr1: WARNING: V(i1,c) voltage is greater than specified by vmax
OSDI(debug) n.xdut.xr2p18.nr1: WARNING: V(i2,c) voltage is greater than specified by vmax
OSDI(debug) n.xdut.xr2p17.nr1: WARNING: V(i1,c) voltage is greater than specified by vmax
OSDI(debug) n.xdut.xr2p17.nr1: WARNING: V(i2,c) voltage is greater than specified by vmax
OSDI(debug) n.xdut.xr2p16.nr1: WARNING: V(i1,c) voltage is greater than specified by vmax
OSDI(debug) n.xdut.xr2p16.nr1: WARNING: V(i2,c) voltage is greater than specified by vmax
OSDI(debug) n.xdut.xr2p15.nr1: WARNING: V(i1,c) voltage is greater than specified by vmax
OSDI(debug) n.xdut.xr2p15.nr1: WARNING: V(i2,c) voltage is greater than specified by vmax
OSDI(debug) n.xdut.xr2p14.nr1: WARNING: V(i1,c) voltage is greater than specified by vmax
OSDI(debug) n.xdut.xr2p14.nr1: WARNING: V(i2,c) voltage is greater than specified by vmax
OSDI(debug) n.xdut.xr2p13.nr1: WARNING: V(i1,c) voltage is greater than specified by vmax
OSDI(debug) n.xdut.xr2p13.nr1: WARNING: V(i2,c) voltage is greater than specified by vmax
OSDI(debug) n.xdut.xr2p12.nr1: WARNING: V(i1,c) voltage is greater than specified by vmax
OSDI(debug) n.xdut.xr2p12.nr1: WARNING: V(i2,c) voltage is greater than specified by vmax
OSDI(debug) n.xdut.xr2p11.nr1: WARNING: V(i1,c) voltage is greater than specified by vmax
OSDI(debug) n.xdut.xr2p11.nr1: WARNING: V(i2,c) voltage is greater than specified by vmax
OSDI(debug) n.xdut.xr2p10.nr1: WARNING: V(i1,c) voltage is greater than specified by vmax
OSDI(debug) n.xdut.xr2p10.nr1: WARNING: V(i2,c) voltage is greater than specified by vmax
OSDI(debug) n.xdut.xr2p9.nr1: WARNING: V(i1,c) voltage is greater than specified by vmax
OSDI(debug) n.xdut.xr2p9.nr1: WARNING: V(i2,c) voltage is greater than specified by vmax
OSDI(debug) n.xdut.xr2p8.nr1: WARNING: V(i1,c) voltage is greater than specified by vmax
OSDI(debug) n.xdut.xr2p8.nr1: WARNING: V(i2,c) voltage is greater than specified by vmax
OSDI(debug) n.xdut.xr2p7.nr1: WARNING: V(i1,c) voltage is greater than specified by vmax
OSDI(debug) n.xdut.xr2p7.nr1: WARNING: V(i2,c) voltage is greater than specified by vmax
OSDI(debug) n.xdut.xr2p6.nr1: WARNING: V(i1,c) voltage is greater than specified by vmax
OSDI(debug) n.xdut.xr2p6.nr1: WARNING: V(i2,c) voltage is greater than specified by vmax
OSDI(debug) n.xdut.xr2p5.nr1: WARNING: V(i1,c) voltage is greater than specified by vmax
OSDI(debug) n.xdut.xr2p5.nr1: WARNING: V(i2,c) voltage is greater than specified by vmax
OSDI(debug) n.xdut.xr2p4.nr1: WARNING: V(i1,c) voltage is greater than specified by vmax
OSDI(debug) n.xdut.xr2p4.nr1: WARNING: V(i2,c) voltage is greater than specified by vmax
OSDI(debug) n.xdut.xr2p3.nr1: WARNING: V(i1,c) voltage is greater than specified by vmax
OSDI(debug) n.xdut.xr2p3.nr1: WARNING: V(i2,c) voltage is greater than specified by vmax
OSDI(debug) n.xdut.xr2p2.nr1: WARNING: V(i1,c) voltage is greater than specified by vmax
OSDI(debug) n.xdut.xr2p2.nr1: WARNING: V(i2,c) voltage is greater than specified by vmax
OSDI(debug) n.xdut.xr2p1.nr1: WARNING: V(i1,c) voltage is greater than specified by vmax
OSDI(debug) n.xdut.xr2p0.nr1: WARNING: V(i2,c) voltage is greater than specified by vmax
OSDI(debug) n.xdut.xr2n13.nr1: WARNING: V(i1,c) voltage is greater than specified by vmax
OSDI(debug) n.xdut.xr2n13.nr1: WARNING: V(i2,c) voltage is greater than specified by vmax
OSDI(debug) n.xdut.xr2n12.nr1: WARNING: V(i1,c) voltage is greater than specified by vmax
OSDI(debug) n.xdut.xr2n12.nr1: WARNING: V(i2,c) voltage is greater than specified by vmax
OSDI(debug) n.xdut.xr2n11.nr1: WARNING: V(i1,c) voltage is greater than specified by vmax
OSDI(debug) n.xdut.xr2n11.nr1: WARNING: V(i2,c) voltage is greater than specified by vmax
OSDI(debug) n.xdut.xr2n10.nr1: WARNING: V(i1,c) voltage is greater than specified by vmax
OSDI(debug) n.xdut.xr2n10.nr1: WARNING: V(i2,c) voltage is greater than specified by vmax
OSDI(debug) n.xdut.xr2n9.nr1: WARNING: V(i1,c) voltage is greater than specified by vmax
OSDI(debug) n.xdut.xr2n9.nr1: WARNING: V(i2,c) voltage is greater than specified by vmax
OSDI(debug) n.xdut.xr2n8.nr1: WARNING: V(i1,c) voltage is greater than specified by vmax
OSDI(debug) n.xdut.xr2n8.nr1: WARNING: V(i2,c) voltage is greater than specified by vmax
OSDI(debug) n.xdut.xr2n7.nr1: WARNING: V(i1,c) voltage is greater than specified by vmax
OSDI(debug) n.xdut.xr2n7.nr1: WARNING: V(i2,c) voltage is greater than specified by vmax
OSDI(debug) n.xdut.xr2n6.nr1: WARNING: V(i1,c) voltage is greater than specified by vmax
OSDI(debug) n.xdut.xr2n6.nr1: WARNING: V(i2,c) voltage is greater than specified by vmax
OSDI(debug) n.xdut.xr2n5.nr1: WARNING: V(i1,c) voltage is greater than specified by vmax
OSDI(debug) n.xdut.xr2n5.nr1: WARNING: V(i2,c) voltage is greater than specified by vmax
OSDI(debug) n.xdut.xr2n4.nr1: WARNING: V(i1,c) voltage is greater than specified by vmax
OSDI(debug) n.xdut.xr2n4.nr1: WARNING: V(i2,c) voltage is greater than specified by vmax
OSDI(debug) n.xdut.xr2n3.nr1: WARNING: V(i1,c) voltage is greater than specified by vmax
OSDI(debug) n.xdut.xr2n3.nr1: WARNING: V(i2,c) voltage is greater than specified by vmax
OSDI(debug) n.xdut.xr2n2.nr1: WARNING: V(i1,c) voltage is greater than specified by vmax
OSDI(debug) n.xdut.xr2n2.nr1: WARNING: V(i2,c) voltage is greater than specified by vmax
OSDI(debug) n.xdut.xr2n1.nr1: WARNING: V(i1,c) voltage is greater than specified by vmax
OSDI(debug) n.xdut.xr2n1.nr1: WARNING: V(i2,c) voltage is greater than specified by vmax
OSDI(debug) n.xdut.xr2n0.nr1: WARNING: V(i2,c) voltage is greater than specified by vmax
OSDI(debug) n.xdut.xr2n19.nr1: WARNING: V(i1,c) voltage is greater than specified by vmax
OSDI(debug) n.xdut.xr2n18.nr1: WARNING: V(i1,c) voltage is greater than specified by vmax
OSDI(debug) n.xdut.xr2n18.nr1: WARNING: V(i2,c) voltage is greater than specified by vmax
OSDI(debug) n.xdut.xr2n17.nr1: WARNING: V(i1,c) voltage is greater than specified by vmax
OSDI(debug) n.xdut.xr2n17.nr1: WARNING: V(i2,c) voltage is greater than specified by vmax
OSDI(debug) n.xdut.xr2n16.nr1: WARNING: V(i1,c) voltage is greater than specified by vmax
OSDI(debug) n.xdut.xr2n16.nr1: WARNING: V(i2,c) voltage is greater than specified by vmax
OSDI(debug) n.xdut.xr2n15.nr1: WARNING: V(i1,c) voltage is greater than specified by vmax
OSDI(debug) n.xdut.xr2n15.nr1: WARNING: V(i2,c) voltage is greater than specified by vmax
OSDI(debug) n.xdut.xr2n14.nr1: WARNING: V(i1,c) voltage is greater than specified by vmax
OSDI(debug) n.xdut.xr2n14.nr1: WARNING: V(i2,c) voltage is greater than specified by vmax
OSDI(debug) n.xdut.xr2p1.nr1: WARNING: V(i2,c) voltage is greater than specified by vmax
OSDI(debug) n.xrl2.nr1: WARNING: V(i1,c) voltage is greater than specified by vmax
OSDI(debug) n.xrl1.nr1: WARNING: V(i1,c) voltage is greater than specified by vmax
OSDI(debug) n.xrl1.nr1: WARNING: V(i2,c) voltage is greater than specified by vmax
OSDI(debug) n.xdut.xota.xrz.nr1: WARNING: V(i1,c) voltage is greater than specified by vmax
OSDI(debug) n.xdut.xota.xrz.nr1: WARNING: V(i2,c) voltage is greater than specified by vmax
OSDI(debug) n.xdut.xr2p18.nr1: WARNING: V(i1,c) voltage is greater than specified by vmax
OSDI(debug) n.xdut.xr2p17.nr1: WARNING: V(i1,c) voltage is greater than specified by vmax
OSDI(debug) n.xdut.xr2p17.nr1: WARNING: V(i2,c) voltage is greater than specified by vmax
OSDI(debug) n.xdut.xr2p10.nr1: WARNING: V(i1,c) voltage is greater than specified by vmax
OSDI(debug) n.xdut.xr2p10.nr1: WARNING: V(i2,c) voltage is greater than specified by vmax
OSDI(debug) n.xdut.xr2p9.nr1: WARNING: V(i2,c) voltage is greater than specified by vmax
OSDI(debug) n.xdut.xr2p6.nr1: WARNING: V(i1,c) voltage is greater than specified by vmax
OSDI(debug) n.xdut.xr2p5.nr1: WARNING: V(i1,c) voltage is greater than specified by vmax
OSDI(debug) n.xdut.xr2p5.nr1: WARNING: V(i2,c) voltage is greater than specified by vmax
OSDI(debug) n.xdut.xr2p4.nr1: WARNING: V(i1,c) voltage is greater than specified by vmax
OSDI(debug) n.xdut.xr2p4.nr1: WARNING: V(i2,c) voltage is greater than specified by vmax
OSDI(debug) n.xdut.xr2p3.nr1: WARNING: V(i1,c) voltage is greater than specified by vmax
OSDI(debug) n.xdut.xr2p3.nr1: WARNING: V(i2,c) voltage is greater than specified by vmax
OSDI(debug) n.xdut.xr2p2.nr1: WARNING: V(i1,c) voltage is greater than specified by vmax
OSDI(debug) n.xdut.xr2p2.nr1: WARNING: V(i2,c) voltage is greater than specified by vmax
OSDI(debug) n.xdut.xr2p1.nr1: WARNING: V(i1,c) voltage is greater than specified by vmax
OSDI(debug) n.xdut.xr2p1.nr1: WARNING: V(i2,c) voltage is greater than specified by vmax
OSDI(debug) n.xdut.xr2p0.nr1: WARNING: V(i1,c) voltage is greater than specified by vmax
OSDI(debug) n.xdut.xr2p0.nr1: WARNING: V(i2,c) voltage is greater than specified by vmax
OSDI(debug) n.xdut.xr1p0.nr1: WARNING: V(i2,c) voltage is greater than specified by vmax
OSDI(debug) n.xdut.xr2n19.nr1: WARNING: V(i2,c) voltage is greater than specified by vmax
OSDI(debug) n.xdut.xr2n17.nr1: WARNING: V(i1,c) voltage is greater than specified by vmax
OSDI(debug) n.xdut.xr2n16.nr1: WARNING: V(i1,c) voltage is greater than specified by vmax
OSDI(debug) n.xdut.xr2n16.nr1: WARNING: V(i2,c) voltage is greater than specified by vmax
OSDI(debug) n.xdut.xr2n15.nr1: WARNING: V(i1,c) voltage is greater than specified by vmax
OSDI(debug) n.xdut.xr2n15.nr1: WARNING: V(i2,c) voltage is greater than specified by vmax
OSDI(debug) n.xdut.xr2n14.nr1: WARNING: V(i1,c) voltage is greater than specified by vmax
OSDI(debug) n.xdut.xr2n14.nr1: WARNING: V(i2,c) voltage is greater than specified by vmax
OSDI(debug) n.xdut.xr2n13.nr1: WARNING: V(i1,c) voltage is greater than specified by vmax
OSDI(debug) n.xdut.xr2n13.nr1: WARNING: V(i2,c) voltage is greater than specified by vmax
OSDI(debug) n.xdut.xr2n12.nr1: WARNING: V(i1,c) voltage is greater than specified by vmax
OSDI(debug) n.xdut.xr2n12.nr1: WARNING: V(i2,c) voltage is greater than specified by vmax
OSDI(debug) n.xdut.xr2n11.nr1: WARNING: V(i1,c) voltage is greater than specified by vmax
OSDI(debug) n.xdut.xr2n11.nr1: WARNING: V(i2,c) voltage is greater than specified by vmax
OSDI(debug) n.xdut.xr2n10.nr1: WARNING: V(i1,c) voltage is greater than specified by vmax
OSDI(debug) n.xdut.xr2n10.nr1: WARNING: V(i2,c) voltage is greater than specified by vmax
OSDI(debug) n.xdut.xr2n9.nr1: WARNING: V(i1,c) voltage is greater than specified by vmax
OSDI(debug) n.xdut.xr2n9.nr1: WARNING: V(i2,c) voltage is greater than specified by vmax
OSDI(debug) n.xdut.xr2n8.nr1: WARNING: V(i1,c) voltage is greater than specified by vmax
OSDI(debug) n.xdut.xr2n8.nr1: WARNING: V(i2,c) voltage is greater than specified by vmax
OSDI(debug) n.xdut.xr2n7.nr1: WARNING: V(i1,c) voltage is greater than specified by vmax
OSDI(debug) n.xdut.xr2n7.nr1: WARNING: V(i2,c) voltage is greater than specified by vmax
OSDI(debug) n.xdut.xr2n6.nr1: WARNING: V(i1,c) voltage is greater than specified by vmax
OSDI(debug) n.xdut.xr2n6.nr1: WARNING: V(i2,c) voltage is greater than specified by vmax
OSDI(debug) n.xdut.xr2n5.nr1: WARNING: V(i1,c) voltage is greater than specified by vmax
OSDI(debug) n.xdut.xr2n5.nr1: WARNING: V(i2,c) voltage is greater than specified by vmax
OSDI(debug) n.xdut.xr2n4.nr1: WARNING: V(i1,c) voltage is greNote: Starting dynamic gmin stepping
Warning: singular matrix:  check node xdut.xbuf.sub!

Warning: Dynamic gmin stepping failed
Note: Starting true gmin stepping
Warning: singular matrix:  check node xdut.xbuf.sub!

Warning: singular matrix:  check node xdut.xbuf.sub!

Warning: singular matrix:  check node xdut.xbuf.sub!

Warning: singular matrix:  check node xdut.xbuf.sub!

Warning: singular matrix:  check node xdut.xbuf.sub!

Warning: True gmin stepping failed
Note: Starting source stepping
Warning: source stepping failed
Note: Transient op started
Note: Transient op finished successfully
ater than specified by vmax
OSDI(debug) n.xdut.xr2p15.nr1: WARNING: V(i1,c) voltage is greater than specified by vmax
OSDI(debug) n.xdut.xr2p15.nr1: WARNING: V(i2,c) voltage is greater than specified by vmax
OSDI(debug) n.xdut.xr2n2.nr1: WARNING: V(i2,c) voltage is greater than specified by vmax
OSDI(debug) n.xdut.xr2n1.nr1: WARNING: V(i1,c) voltage is greater than specified by vmax
OSDI(debug) n.xdut.xr2n0.nr1: WARNING: V(i1,c) voltage is greater than specified by vmax
OSDI(debug) n.xdut.xr2n0.nr1: WARNING: V(i2,c) voltage is greater than specified by vmax
OSDI(debug) n.xdut.xr1n0.nr1: WARNING: V(i2,c) voltage is greater than specified by vmax
OSDI(debug) n.xdut.xr2p14.nr1: WARNING: V(i1,c) voltage is greater than specified by vmax
OSDI(debug) n.xdut.xr2p14.nr1: WARNING: V(i2,c) voltage is greater than specified by vmax
OSDI(debug) n.xdut.xr2p13.nr1: WARNING: V(i1,c) voltage is greater than specified by vmax
OSDI(debug) n.xdut.xr2p13.nr1: WARNING: V(i2,c) voltage is greater than specified by vmax
OSDI(debug) n.xdut.xr2p12.nr1: WARNING: V(i1,c) voltage is greater than specified by vmax
OSDI(debug) n.xdut.xr2p12.nr1: WARNING: V(i2,c) voltage is greater than specified by vmax
OSDI(debug) n.xdut.xr2p11.nr1: OSDI(debug) n.xdut.xr2p16.nr1: WARNING: V(i1,c) voltage is greater than specified by vmax
OSDI(debug) n.xdut.xr2p16.nr1: WARNING: V(i2,c) voltage is greater than specified by vmax
OSDI(debug) n.xdut.xr2n3.nr1: WARNING: V(i1,c) voltage is greater than specified by vmax
OSDI(debug) n.xdut.xr2n3.nr1: WARNING: V(i2,c) voltage is greater than specified by vmax
WARNING: V(i1,c) voltage is greater than specified by vmax
OSDI(debug) n.xdut.xr2p11.nr1: WARNING: V(i2,c) voltage is greater than specified by vmax
OSDI(debug) n.xdut.xr2n4.nr1: WARNING: V(i2,c) voltage is greater than specified by vmax
 Reference value :  0.00000e+00Warning: singular matrix:  check node xdut.xbuf.sub!

Note: Starting dynamic gmin stepping
Warning: singular matrix:  check node xdut.xbuf.sub!

Warning: Dynamic gmin stepping failed
Note: Starting true gmin stepping
Warning: singular matrix:  check node xdut.xbuf.sub!

Warning: singular matrix:  check node xdut.xbuf.sub!

Warning: singular matrix:  check node xdut.xbuf.sub!

Warning: singular matrix:  check node xdut.xbuf.sub!

Warning: True gmin stepping failed
Note: Starting source stepping
Warning: source stepping failed
Note: Transient op started
Note: Transient op finished successfully

No. of Data Rows : 1
MCB 95  vos_tot_cm0.3= -0.0036929
Reset re-loads circuit * g1_sense monte carlo: input-referred offset, mismatch models (mos lv+hv, rppd), 200 samples

Circuit: * g1_sense monte carlo: input-referred offset, mismatch models (mos lv+hv, rppd), 200 samples

Doing analysis at TEMP = 27.000000 and TNOM = 27.000000

Using SPARSE 1.3 as Direct Linear Solver
 Reference value :  0.00000e+00Note: Starting dynamic gmin stepping
Warning: singular matrix:  check node sub!

Warning: Dynamic gmin stepping failed
Note: Starting true gmin stepping
Warning: singular matrix:  check node sub!

Warning: singular matrix:  check node sub!

Warning: singular matrix:  check node sub!

Warning: singular matrix:  check node sub!

Warning: singular matrix:  check node sub!

Warning: True gmin stepping failed
Note: Starting source stepping
Warning: source stepping failed
Note: Transient op started
Note: Transient op finished successfully

No. of Data Rows : 1
MCA 96  vos_tot_cm0= -0.00824889  vos_ota= 0.00764271  vped= 0.995732
Doing analysis at TEMP = 27.000000 and TNOM = 27.000000

Using SPARSE 1.3 as Direct Linear Solver
 Reference value :  0.00000e+00Warning: singular matrix:  check node sub!

Note: Starting dynamic gmin stepping
Warning: singular matrix:  check node sub!

Warning: Dynamic gmin stepping failed
Note: Starting true gmin stepping
Warning: singular matrix:  check node sub!

Warning: singular matrix:  check node sub!

Warning: singular matrix:  check node sub!

Warning: singular matrix:  check node sub!

Warning: True gmin stepping failed
Note: Starting source stepping
Warning: source stepping failed
Note: Transient op started
Note: Transient op finished successfully

No. of Data Rows : 1
MCB 96  vos_tot_cm0.3= -0.00820023
Reset re-loads circuit * g1_sense monte carlo: input-referred offset, mismatch models (mos lv+hv, rppd), 200 samples

Circuit: * g1_sense monte carlo: input-referred offset, mismatch models (mos lv+hv, rppd), 200 samples

Doing analysis at TEMP = 27.000000 and TNOM = 27.000000

Using SPARSE 1.3 as Direct Linear Solver
 Reference value :  0.00000e+00Note: Starting dynamic gmin stepping
Warning: singular matrix:  check node sub!

Warning: Dynamic gmin stepping failed
Note: Starting true gmin stepping
Warning: singular matrix:  check node sub!

Warning: singular matrix:  check node sub!

Warning: singular matrix:  check node sub!

Warning: singular matrix:  check node sub!

Warning: singular matrix:  check node sub!

Warning: True gmin stepping failed
Note: Starting source stepping
Warning: source stepping failed
Note: Transient op started
Note: Transient op finished successfully

No. of Data Rows : 1
MCA 97  vos_tot_cm0= 0.00460444  vos_ota= -0.00439974  vped= 1.00011
Doing analysis at TEMP = 27.000000 and TNOM = 27.000000

Using SPARSE 1.3 as Direct Linear Solver
 Reference value :  0.00000e+00Warning: singular matrix:  check node xdut.xbuf.sub!

Note: Starting dynamic gmin stepping
Warning: singular matrix:  check node xdut.xbuf.sub!

Warning: Dynamic gmin stepping failed
Note: Starting true gmin stepping
Warning: singular matrix:  check node xdut.xbuf.sub!

Warning: singular matrix:  check node xdut.xbuf.sub!

Warning: singular matrix:  check node xdut.xbuf.sub!

Warning: singular matrix:  check node xdut.xbuf.sub!

Warning: True gmin stepping failed
Note: Starting source stepping
Warning: source stepping failed
Note: Transient op started
Note: Transient op finished successfully

No. of Data Rows : 1
MCB 97  vos_tot_cm0.3= 0.00458923
Reset re-loads circuit * g1_sense monte carlo: input-referred offset, mismatch models (mos lv+hv, rppd), 200 samples

Circuit: * g1_sense monte carlo: input-referred offset, mismatch models (mos lv+hv, rppd), 200 samples

Doing analysis at TEMP = 27.000000 and TNOM = 27.000000

Using SPARSE 1.3 as Direct Linear Solver
 Reference value :  0.00000e+00Note: Starting dynamic gmin stepping
Warning: singular matrix:  check node xdut.xota.sub!

Warning: Dynamic gmin stepping failed
Note: Starting true gmin stepping
Warning: singular matrix:  check node xdut.xota.sub!

Warning: singular matrix:  check node xdut.xota.sub!

Warning: singular matrix:  check node xdut.xota.sub!

Warning: singular matrix:  check node xdut.xota.sub!

Warning: singular matrix:  check node xdut.xota.sub!

Warning: True gmin stepping failed
Note: Starting source stepping
Warning: source stepping failed
Note: Transient op started
Note: Transient op finished successfully

No. of Data Rows : 1
MCA 98  vos_tot_cm0= -0.00725313  vos_ota= 0.00668447  vped= 0.995017
Doing analysis at TEMP = 27.000000 and TNOM = 27.000000

Using SPARSE 1.3 as Direct Linear Solver
OSDI(debug) n.xdut.xbuf.xrz.nr1: WARNING: V(i2,c) voltage is greater than specified by vmax
OSDI(debug) n.xdut.xbuf.xrz.nr1: WARNING: V(i2,c) voltage is greater than specified by vmax
OSDI(debug) n.xdut.xbuf.xrz.nr1: WARNING: V(i2,c) voltage is greater than specified by vmax
OSDI(debug) n.xdut.xbuf.xrz.nr1: WARNING: V(i2,c) voltage is greater than specified by vmax
OSDI(debug) n.xdut.xbuf.xrz.nr1: WARNING: V(i2,c) voltage is greater than specified by vmax
OSDI(debug) n.xdut.xbuf.xrz.nr1: WARNING: V(i2,c) voltage is greater than specified by vmax
OSDI(debug) n.xdut.xbuf.xrz.nr1: WARNING: V(i2,c) voltage is greater than specified by vmax
OSDI(debug) n.xdut.xbuf.xrz.nr1: WARNING: V(i2,c) voltage is greater than specified by vmax
OSDI(debug) n.xdut.xbuf.xrz.nr1: WARNING: V(i2,c) voltage is greater than specified by vmax
OSDI(debug) n.xdut.xbuf.xrz.nr1: WARNING: V(i2,c) voltage is greater than specified by vmax
OSDI(debug) n.xdut.xbuf.xrz.nr1: WARNING: V(i2,c) voltage is greater than specified by vmax
OSDI(debug) n.xdut.xbuf.xrz.nr1: WARNING: V(i2,c) voltage is greater than specified by vmax
OSDI(debug) n.xdut.xbuf.xrz.nr1: WARNING: V(i2,c) voltage is greater than specified by vmax
OSDI(debug) n.xdut.xbuf.xrz.nr1: WARNING: V(i2,c) voltage is greater than specified by vmax
OSDI(debug) n.xdut.xbuf.xrz.nr1: WARNING: V(i2,c) voltage is greater than specified by vmax
OSDI(debug) n.xdut.xbuf.xrz.nr1: WARNING: V(i2,c) voltage is greater than specified by vmax
OSDI(debug) n.xdut.xbuf.xrz.nr1: WARNING: V(i2,c) voltage is greater than specified by vmax
OSDI(debug) n.xdut.xbuf.xrz.nr1: WARNING: V(i2,c) voltage is greater than specified by vmax
OSDI(debug) n.xdut.xbuf.xrz.nr1: WARNING: V(i2,c) voltage is greater than specified by vmax
OSDI(debug) n.xdut.xbuf.xrz.nr1: WARNING: V(i2,c) voltage is greater than specified by vmax
OSDI(debug) n.xdut.xbuf.xrz.nr1: WARNING: V(i2,c) voltage is greater than specified by vmax
OSDI(debug) n.xdut.xbuf.xrz.nr1: WARNING: V(i2,c) voltage is greater than specified by vmax
OSDI(debug) n.xdut.xbuf.xrz.nr1: WARNING: V(i2,c) voltage is greater than specified by vmax
OSDI(debug) n.xdut.xbuf.xrz.nr1: WARNING: V(i2,c) voltage is greater than specified by vmax
OSDI(debug) n.xdut.xbuf.xrz.nr1: WARNING: V(i2,c) voltage is greater than specified by vmax
OSDI(debug) n.xdut.xbuf.xrz.nr1: WARNING: V(i2,c) voltage is greater than specified by vmax
OSDI(debug) n.xdut.xbuf.xrz.nr1: WARNING: V(i2,c) voltage is greater than specified by vmax
OSDI(debug) n.xdut.xbuf.xrz.nr1: WARNING: V(i2,c) voltage is greater than specified by vmax
OSDI(debug) n.xdut.xbuf.xrz.nr1: WARNING: V(i2,c) voltage is greater than specified by vmax
OSDI(debug) n.xdut.xbuf.xrz.nr1: WARNING: V(i2,c) voltage is greater than specified by vmax
OSDI(debug) n.xdut.xbuf.xrz.nr1: WARNING: V(i2,c) voltage is greater than specified by vmax
OSDI(debug) n.xdut.xbuf.xrz.nr1: WARNING: V(i2,c) voltage is greater than specified by vmax
OSDI(debug) n.xdut.xota.xrz.nr1: WARNING: V(i2,c) voltage is greater than specified by vmax
OSDI(debug) n.xdut.xbuf.xrz.nr1: WARNING: V(i2,c) voltage is greater than specified by vmax
OSDI(debug) n.xdut.xota.xrz.nr1: WARNING: V(i2,c) voltage is greater than specified by vmax
OSDI(debug) n.xdut.xbuf.xrz.nr1: WARNING: V(i2,c) voltage is greater than specified by vmax
OSDI(debug) n.xdut.xota.xrz.nr1: WARNING: V(i2,c) voltage is greater than specified by vmax
OSDI(debug) n.xdut.xbuf.xrz.nr1: WARNING: V(i2,c) voltage is greater than specified by vmax
OSDI(debug) n.xdut.xota.xrz.nr1: WARNING: V(i2,c) voltage is greater than specified by vmax
 Reference value :  0.00000e+00Warning: singular matrix:  check node xdut.xbuf.sub!

Note: Starting dynamic gmin stepping
Warning: singular matrix:  check node xdut.xbuf.sub!

Warning: Dynamic gmin stepping failed
Note: Starting true gmin stepping
Warning: singular matrix:  check node xdut.xbuf.sub!

Warning: singular matrix:  check node xdut.xbuf.sub!

Warning: singular matrix:  check node xdut.xbuf.sub!

Warning: singular matrix:  check node xdut.xbuf.sub!

Warning: True gmin stepping failed
Note: Starting source stepping
Warning: source stepping failed
Note: Transient op started
Note: Transient op finished successfully

No. of Data Rows : 1
MCB 98  vos_tot_cm0.3= -0.0072243
Reset re-loads circuit * g1_sense monte carlo: input-referred offset, mismatch models (mos lv+hv, rppd), 200 samples

Circuit: * g1_sense monte carlo: input-referred offset, mismatch models (mos lv+hv, rppd), 200 samples

Doing analysis at TEMP = 27.000000 and TNOM = 27.000000

Using SPARSE 1.3 as Direct Linear Solver
 Reference value :  0.00000e+00Note: Starting dynamic gmin stepping
Warning: singular matrix:  check node xdut.xbuf.sub!

Warning: Dynamic gmin stepping failed
Note: Starting true gmin stepping
Warning: singular matrix:  check node xdut.xbuf.sub!

Warning: singular matrix:  check node xdut.xbuf.sub!

Warning: singular matrix:  check node xdut.xbuf.sub!

Warning: singular matrix:  check node xdut.xbuf.sub!

Warning: singular matrix:  check node xdut.xbuf.sub!

Warning: True gmin stepping failed
Note: Starting source stepping
Warning: source stepping failed
Note: Transient op started
Note: Transient op finished successfully

No. of Data Rows : 1
MCA 99  vos_tot_cm0= 0.0082635  vos_ota= -0.00736161  vped= 1.00572
Doing analysis at TEMP = 27.000000 and TNOM = 27.000000

Using SPARSE 1.3 as Direct Linear Solver
 Reference value :  0.00000e+00
No. of Data Rows : 1
MCB 99  vos_tot_cm0.3= 0.00815676
Note: Simulation executed from .control section 
