 frequency              onoise_spectrum        inoise_spectrum       
 1.000000000000000e+00  2.417482373114828e-04  1.209534920724691e-05 
 1.002305238077900e+00  2.414565908242619e-04  1.208075730723045e-05 
 1.004615790278395e+00  2.411652993949571e-04  1.206618317176745e-05 
 1.006931668851804e+00  2.408743625870748e-04  1.205162677901889e-05 
 1.009252886076684e+00  2.405837799646638e-04  1.203708810717290e-05 
 1.011579454259898e+00  2.402935510923142e-04  1.202256713444469e-05 
 1.013911385736679e+00  2.400036755351564e-04  1.200806383907650e-05 
 1.016248692870695e+00  2.397141528588613e-04  1.199357819933761e-05 
 1.018591388054117e+00  2.394249826296392e-04  1.197911019352430e-05 
 1.020939483707680e+00  2.391361644142389e-04  1.196465979995978e-05 
 1.023292992280754e+00  2.388476977799472e-04  1.195022699699417e-05 
 1.025651926251407e+00  2.385595822945882e-04  1.193581176300452e-05 
 1.028016298126473e+00  2.382718175265231e-04  1.192141407639469e-05 
 1.030386120441616e+00  2.379844030446483e-04  1.190703391559536e-05 
 1.032761405761397e+00  2.376973384183964e-04  1.189267125906400e-05 
 1.035142166679343e+00  2.374106232177341e-04  1.187832608528485e-05 
 1.037528415818012e+00  2.371242570131621e-04  1.186399837276885e-05 
 1.039920165829059e+00  2.368382393757146e-04  1.184968810005359e-05 
 1.042317429393304e+00  2.365525698769588e-04  1.183539524570339e-05 
 1.044720219220799e+00  2.362672480889928e-04  1.182111978830910e-05 
 1.047128548050899e+00  2.359822735844470e-04  1.180686170648821e-05 
 1.049542428652321e+00  2.356976459364819e-04  1.179262097888474e-05 
 1.051961873823222e+00  2.354133647187888e-04  1.177839758416922e-05 
 1.054386896391258e+00  2.351294295055868e-04  1.176419150103867e-05 
 1.056817509213657e+00  2.348458398716252e-04  1.175000270821656e-05 
 1.059253725177288e+00  2.345625953921803e-04  1.173583118445278e-05 
 1.061695557198723e+00  2.342796956430559e-04  1.172167690852359e-05 
 1.064143018224315e+00  2.339971402005829e-04  1.170753985923163e-05 
 1.066596121230257e+00  2.337149286416179e-04  1.169342001540581e-05 
 1.069054879222657e+00  2.334330605435426e-04  1.167931735590138e-05 
 1.071519305237605e+00  2.331515354842638e-04  1.166523185959978e-05 
 1.073989412341243e+00  2.328703530422120e-04  1.165116350540872e-05 
 1.076465213629834e+00  2.325895127963414e-04  1.163711227226208e-05 
 1.078946722229827e+00  2.323090143261285e-04  1.162307813911987e-05 
 1.081433951297937e+00  2.320288572115722e-04  1.160906108496826e-05 
 1.083926914021202e+00  2.317490410331927e-04  1.159506108881947e-05 
 1.086425623617064e+00  2.314695653720308e-04  1.158107812971179e-05 
 1.088930093333432e+00  2.311904298096475e-04  1.156711218670954e-05 
 1.091440336448755e+00  2.309116339281232e-04  1.155316323890301e-05 
 1.093956366272092e+00  2.306331773100574e-04  1.153923126540847e-05 
 1.096478196143184e+00  2.303550595385671e-04  1.152531624536809e-05 
 1.099005839432520e+00  2.300772801972875e-04  1.151141815794995e-05 
 1.101539309541413e+00  2.297998388703700e-04  1.149753698234798e-05 
 1.104078619902072e+00  2.295227351424827e-04  1.148367269778193e-05 
 1.106623783977665e+00  2.292459685988089e-04  1.146982528349736e-05 
 1.109174815262399e+00  2.289695388250469e-04  1.145599471876559e-05 
 1.111731727281590e+00  2.286934454074094e-04  1.144218098288363e-05 
 1.114294533591728e+00  2.284176879326225e-04  1.142838405517426e-05 
 1.116863247780559e+00  2.281422659879255e-04  1.141460391498586e-05 
 1.119437883467150e+00  2.278671791610696e-04  1.140084054169248e-05 
 1.122018454301962e+00  2.275924270403183e-04  1.138709391469376e-05 
 1.124604973966925e+00  2.273180092144453e-04  1.137336401341490e-05 
 1.127197456175508e+00  2.270439252727356e-04  1.135965081730664e-05 
 1.129795914672796e+00  2.267701748049833e-04  1.134595430584523e-05 
 1.132400363235555e+00  2.264967574014919e-04  1.133227445853240e-05 
 1.135010815672313e+00  2.262236726530734e-04  1.131861125489531e-05 
 1.137627285823429e+00  2.259509201510474e-04  1.130496467448653e-05 
 1.140249787561167e+00  2.256784994872410e-04  1.129133469688399e-05 
 1.142878334789770e+00  2.254064102539876e-04  1.127772130169099e-05 
 1.145512941445533e+00  2.251346520441270e-04  1.126412446853615e-05 
 1.148153621496880e+00  2.248632244510037e-04  1.125054417707334e-05 
 1.150800388944433e+00  2.245921270684670e-04  1.123698040698170e-05 
 1.153453257821090e+00  2.243213594908704e-04  1.122343313796559e-05 
 1.156112242192096e+00  2.240509213130711e-04  1.120990234975455e-05 
 1.158777356155124e+00  2.237808121304282e-04  1.119638802210326e-05 
 1.161448613840340e+00  2.235110315388039e-04  1.118289013479156e-05 
 1.164126029410489e+00  2.232415791345613e-04  1.116940866762435e-05 
 1.166809617060960e+00  2.229724545145647e-04  1.115594360043160e-05 
 1.169499391019868e+00  2.227036572761783e-04  1.114249491306832e-05 
 1.172195365548128e+00  2.224351870172663e-04  1.112906258541450e-05 
 1.174897554939527e+00  2.221670433361915e-04  1.111564659737510e-05 
 1.177605973520804e+00  2.218992258318156e-04  1.110224692888004e-05 
 1.180320635651727e+00  2.216317341034976e-04  1.108886355988410e-05 
 1.183041555725162e+00  2.213645677510937e-04  1.107549647036697e-05 
 1.185768748167157e+00  2.210977263749569e-04  1.106214564033317e-05 
 1.188502227437015e+00  2.208312095759355e-04  1.104881104981201e-05 
 1.191242008027372e+00  2.205650169553739e-04  1.103549267885762e-05 
 1.193988104464270e+00  2.202991481151103e-04  1.102219050754884e-05 
 1.196740531307240e+00  2.200336026574773e-04  1.100890451598924e-05 
 1.199499303149375e+00  2.197683801853010e-04  1.099563468430708e-05 
 1.202264434617409e+00  2.195034803019000e-04  1.098238099265528e-05 
 1.205035940371794e+00  2.192389026110853e-04  1.096914342121137e-05 
 1.207813835106776e+00  2.189746467171596e-04  1.095592195017749e-05 
 1.210598133550479e+00  2.187107122249158e-04  1.094271655978032e-05 
 1.213388850464973e+00  2.184470987396380e-04  1.092952723027110e-05 
 1.216186000646364e+00  2.181838058670992e-04  1.091635394192554e-05 
 1.218989598924862e+00  2.179208332135623e-04  1.090319667504386e-05 
 1.221799660164868e+00  2.176581803857781e-04  1.089005540995067e-05 
 1.224616199265044e+00  2.173958469909853e-04  1.087693012699502e-05 
 1.227439231158403e+00  2.171338326369101e-04  1.086382080655035e-05 
 1.230268770812377e+00  2.168721369317651e-04  1.085072742901442e-05 
 1.233104833228904e+00  2.166107594842491e-04  1.083764997480933e-05 
 1.235947433444506e+00  2.163496999035462e-04  1.082458842438143e-05 
 1.238796586530364e+00  2.160889577993255e-04  1.081154275820138e-05 
 1.241652307592406e+00  2.158285327817399e-04  1.079851295676402e-05 
 1.244514611771380e+00  2.155684244614264e-04  1.078549900058842e-05 
 1.247383514242938e+00  2.153086324495047e-04  1.077250087021777e-05 
 1.250259030217715e+00  2.150491563575767e-04  1.075951854621946e-05 
 1.253141174941411e+00  2.147899957977266e-04  1.074655200918492e-05 
 1.256029963694869e+00  2.145311503825195e-04  1.073360123972971e-05 
 1.258925411794162e+00  2.142726197250008e-04  1.072066621849339e-05 
 1.261827534590665e+00  2.140144034386964e-04  1.070774692613956e-05 
 1.264736347471145e+00  2.137565011376112e-04  1.069484334335580e-05 
 1.267651865857840e+00  2.134989124362289e-04  1.068195545085363e-05 
 1.270574105208536e+00  2.132416369495117e-04  1.066908322936851e-05 
 1.273503081016656e+00  2.129846742928986e-04  1.065622665965979e-05 
 1.276438808811338e+00  2.127280240823069e-04  1.064338572251070e-05 
 1.279381304157518e+00  2.124716859341287e-04  1.063056039872826e-05 
 1.282330582656015e+00  2.122156594652330e-04  1.061775066914334e-05 
 1.285286659943609e+00  2.119599442929636e-04  1.060495651461057e-05 
 1.288249551693127e+00  2.117045400351390e-04  1.059217791600830e-05 
 1.291219273613528e+00  2.114494463100513e-04  1.057941485423865e-05 
 1.294195841449979e+00  2.111946627364665e-04  1.056666731022737e-05 
 1.297179270983949e+00  2.109401889336233e-04  1.055393526492390e-05 
 1.300169578033283e+00  2.106860245212323e-04  1.054121869930129e-05 
 1.303166778452292e+00  2.104321691194762e-04  1.052851759435618e-05 
 1.306170888131834e+00  2.101786223490082e-04  1.051583193110881e-05 
 1.309181922999400e+00  2.099253838309524e-04  1.050316169060292e-05 
 1.312199899019196e+00  2.096724531869023e-04  1.049050685390578e-05 
 1.315224832192231e+00  2.094198300389212e-04  1.047786740210813e-05 
 1.318256738556399e+00  2.091675140095406e-04  1.046524331632416e-05 
 1.321295634186567e+00  2.089155047217604e-04  1.045263457769149e-05 
 1.324341535194657e+00  2.086638017990479e-04  1.044004116737110e-05 
 1.327394457729732e+00  2.084124048653373e-04  1.042746306654738e-05 
 1.330454417978083e+00  2.081613135450289e-04  1.041490025642801e-05 
 1.333521432163316e+00  2.079105274629893e-04  1.040235271824399e-05 
 1.336595516546434e+00  2.076600462445497e-04  1.038982043324958e-05 
 1.339676687425927e+00  2.074098695155061e-04  1.037730338272230e-05 
 1.342764961137855e+00  2.071599969021187e-04  1.036480154796289e-05 
 1.345860354055940e+00  2.069104280311109e-04  1.035231491029525e-05 
 1.348962882591645e+00  2.066611625296686e-04  1.033984345106646e-05 
 1.352072563194268e+00  2.064122000254408e-04  1.032738715164671e-05 
 1.355189412351027e+00  2.061635401465374e-04  1.031494599342933e-05 
 1.358313446587145e+00  2.059151825215297e-04  1.030251995783065e-05 
 1.361444682465941e+00  2.056671267794497e-04  1.029010902629011e-05 
 1.364583136588915e+00  2.054193725497891e-04  1.027771318027011e-05 
 1.367728825595840e+00  2.051719194624989e-04  1.026533240125607e-05 
 1.370881766164844e+00  2.049247671479891e-04  1.025296667075636e-05 
 1.374041975012506e+00  2.046779152371277e-04  1.024061597030225e-05 
 1.377209468893937e+00  2.044313633612409e-04  1.022828028144793e-05 
 1.380384264602875e+00  2.041851111521110e-04  1.021595958577045e-05 
 1.383566378971771e+00  2.039391582419778e-04  1.020365386486972e-05 
 1.386755828871879e+00  2.036935042635363e-04  1.019136310036842e-05 
 1.389952631213343e+00  2.034481488499372e-04  1.017908727391205e-05 
 1.393156802945293e+00  2.032030916347860e-04  1.016682636716885e-05 
 1.396368361055928e+00  2.029583322521422e-04  1.015458036182979e-05 
 1.399587322572608e+00  2.027138703365192e-04  1.014234923960852e-05 
 1.402813704561948e+00  2.024697055228833e-04  1.013013298224139e-05 
 1.406047524129904e+00  2.022258374466536e-04  1.011793157148737e-05 
 1.409288798421864e+00  2.019822657437006e-04  1.010574498912804e-05 
 1.412537544622744e+00  2.017389900503467e-04  1.009357321696756e-05 
 1.415793779957071e+00  2.014960100033646e-04  1.008141623683268e-05 
 1.419057521689082e+00  2.012533252399779e-04  1.006927403057263e-05 
 1.422328787122809e+00  2.010109353978595e-04  1.005714658005917e-05 
 1.425607593602177e+00  2.007688401151315e-04  1.004503386718652e-05 
 1.428893958511092e+00  2.005270390303643e-04  1.003293587387135e-05 
 1.432187899273532e+00  2.002855317825768e-04  1.002085258205273e-05 
 1.435489433353645e+00  2.000443180112349e-04  1.000878397369213e-05 
 1.438798578255834e+00  1.998033973562514e-04  9.996730030773377e-06 
 1.442115351524857e+00  1.995627694579860e-04  9.984690735302629e-06 
 1.445439770745916e+00  1.993224339572434e-04  9.972666069308333e-06 
 1.448771853544750e+00  1.990823904952738e-04  9.960656014841222e-06 
 1.452111617587730e+00  1.988426387137721e-04  9.948660553974280e-06 
 1.455459080581954e+00  1.986031782548773e-04  9.936679668802709e-06 
 1.458814260275336e+00  1.983640087611720e-04  9.924713341443889e-06 
 1.462177174456706e+00  1.981251298756814e-04  9.912761554037377e-06 
 1.465547840955899e+00  1.978865412418735e-04  9.900824288744856e-06 
 1.468926277643854e+00  1.976482425036581e-04  9.888901527750126e-06 
 1.472312502432706e+00  1.974102333053860e-04  9.876993253259060e-06 
 1.475706533275881e+00  1.971725132918492e-04  9.865099447499585e-06 
 1.479108388168194e+00  1.969350821082799e-04  9.853220092721656e-06 
 1.482518085145940e+00  1.966979394003494e-04  9.841355171197230e-06 
 1.485935642286993e+00  1.964610848141687e-04  9.829504665220214e-06 
 1.489361077710902e+00  1.962245179962871e-04  9.817668557106470e-06 
 1.492794409578982e+00  1.959882385936921e-04  9.805846829193789e-06 
 1.496235656094420e+00  1.957522462538082e-04  9.794039463841827e-06 
 1.499684835502360e+00  1.955165406244973e-04  9.782246443432107e-06 
 1.503141966090008e+00  1.952811213540576e-04  9.770467750367988e-06 
 1.506607066186728e+00  1.950459880912229e-04  9.758703367074635e-06 
 1.510080154164134e+00  1.948111404851623e-04  9.746953275998984e-06 
 1.513561248436194e+00  1.945765781854799e-04  9.735217459609728e-06 
 1.517050367459322e+00  1.943423008422137e-04  9.723495900397277e-06 
 1.520547529732481e+00  1.941083081058352e-04  9.711788580873750e-06 
 1.524052753797277e+00  1.938745996272496e-04  9.700095483572922e-06 
 1.527566058238058e+00  1.936411750577942e-04  9.688416591050213e-06 
 1.531087461682015e+00  1.934080340492383e-04  9.676751885882665e-06 
 1.534616982799279e+00  1.931751762537826e-04  9.665101350668897e-06 
 1.538154640303020e+00  1.929426013240593e-04  9.653464968029095e-06 
 1.541700452949544e+00  1.927103089131306e-04  9.641842720604984e-06 
 1.545254439538398e+00  1.924782986744881e-04  9.630234591059780e-06 
 1.548816618912466e+00  1.922465702620536e-04  9.618640562078196e-06 
 1.552387009958067e+00  1.920151233301773e-04  9.607060616366394e-06 
 1.555965631605059e+00  1.917839575336371e-04  9.595494736651954e-06 
 1.559552502826938e+00  1.915530725276396e-04  9.583942905683860e-06 
 1.563147642640938e+00  1.913224679678181e-04  9.572405106232477e-06 
 1.566751070108133e+00  1.910921435102321e-04  9.560881321089496e-06 
 1.570362804333536e+00  1.908620988113680e-04  9.549371533067955e-06 
 1.573982864466203e+00  1.906323335281373e-04  9.537875725002158e-06 
 1.577611269699332e+00  1.904028473178764e-04  9.526393879747682e-06 
 1.581248039270367e+00  1.901736398383467e-04  9.514925980181361e-06 
 1.584893192461097e+00  1.899447107477333e-04  9.503472009201217e-06 
 1.588546748597762e+00  1.897160597046445e-04  9.492031949726471e-06 
 1.592208727051153e+00  1.894876863681121e-04  9.480605784697500e-06 
 1.595879147236716e+00  1.892595903975898e-04  9.469193497075818e-06 
 1.599558028614652e+00  1.890317714529532e-04  9.457795069844044e-06 
 1.603245390690024e+00  1.888042291944996e-04  9.446410486005874e-06 
 1.606941253012860e+00  1.885769632829466e-04  9.435039728586061e-06 
 1.610645635178253e+00  1.883499733794324e-04  9.423682780630382e-06 
 1.614358556826469e+00  1.881232591455148e-04  9.412339625205620e-06 
 1.618080037643048e+00  1.878968202431710e-04  9.401010245399532e-06 
 1.621810097358912e+00  1.876706563347965e-04  9.389694624320821e-06 
 1.625548755750466e+00  1.874447670832056e-04  9.378392745099113e-06 
 1.629296032639705e+00  1.872191521516298e-04  9.367104590884932e-06 
 1.633051947894316e+00  1.869938112037177e-04  9.355830144849668e-06 
 1.636816521427791e+00  1.867687439035349e-04  9.344569390185568e-06 
 1.640589773199521e+00  1.865439499155623e-04  9.333322310105668e-06 
 1.644371723214913e+00  1.863194289046974e-04  9.322088887843836e-06 
 1.648162391525490e+00  1.860951805362522e-04  9.310869106654671e-06 
 1.651961798228996e+00  1.858712044759531e-04  9.299662949813534e-06 
 1.655769963469510e+00  1.856475003899407e-04  9.288470400616490e-06 
 1.659586907437542e+00  1.854240679447689e-04  9.277291442380287e-06 
 1.663412650370151e+00  1.852009068074050e-04  9.266126058442351e-06 
 1.667247212551044e+00  1.849780166452283e-04  9.254974232160725e-06 
 1.671090614310689e+00  1.847553971260303e-04  9.243835946914085e-06 
 1.674942876026418e+00  1.845330479180138e-04  9.232711186101665e-06 
 1.678804018122541e+00  1.843109686897925e-04  9.221599933143285e-06 
 1.682674061070448e+00  1.840891591103908e-04  9.210502171479270e-06 
 1.686553025388722e+00  1.838676188492423e-04  9.199417884570485e-06 
 1.690440931643245e+00  1.836463475761907e-04  9.188347055898249e-06 
 1.694337800447309e+00  1.834253449614881e-04  9.177289668964342e-06 
 1.698243652461725e+00  1.832046106757953e-04  9.166245707290997e-06 
 1.702158508394931e+00  1.829841443901804e-04  9.155215154420824e-06 
 1.706082389003103e+00  1.827639457761195e-04  9.144197993916830e-06 
 1.710015315090267e+00  1.825440145054948e-04  9.133194209362361e-06 
 1.713957307508405e+00  1.823243502505955e-04  9.122203784361107e-06 
 1.717908387157568e+00  1.821049526841161e-04  9.111226702537056e-06 
 1.721868574985986e+00  1.818858214791565e-04  9.100262947534465e-06 
 1.725837891990183e+00  1.816669563092215e-04  9.089312503017859e-06 
 1.729816359215081e+00  1.814483568482202e-04  9.078375352671982e-06 
 1.733803997754117e+00  1.812300227704651e-04  9.067451480201780e-06 
 1.737800828749354e+00  1.810119537506726e-04  9.056540869332360e-06 
 1.741806873391593e+00  1.807941494639613e-04  9.045643503809020e-06 
 1.745822152920482e+00  1.805766095858523e-04  9.034759367397134e-06 
 1.749846688624635e+00  1.803593337922684e-04  9.023888443882218e-06 
 1.753880501841739e+00  1.801423217595337e-04  9.013030717069852e-06 
 1.757923613958671e+00  1.799255731643729e-04  9.002186170785642e-06 
 1.761976046411607e+00  1.797090876839111e-04  8.991354788875256e-06 
 1.766037820686142e+00  1.794928649956732e-04  8.980536555204350e-06 
 1.770108958317399e+00  1.792769047775833e-04  8.969731453658539e-06 
 1.774189480890143e+00  1.790612067079639e-04  8.958939468143409e-06 
 1.778279410038900e+00  1.788457704655366e-04  8.948160582584469e-06 
 1.782378767448067e+00  1.786305957294196e-04  8.937394780927110e-06 
 1.786487574852028e+00  1.784156821791293e-04  8.926642047136621e-06 
 1.790605854035271e+00  1.782010294945784e-04  8.915902365198138e-06 
 1.794733626832503e+00  1.779866373560760e-04  8.905175719116597e-06 
 1.798870915128764e+00  1.777725054443268e-04  8.894462092916782e-06 
 1.803017740859545e+00  1.775586334404312e-04  8.883761470643218e-06 
 1.807174126010903e+00  1.773450210258839e-04  8.873073836360184e-06 
 1.811340092619579e+00  1.771316678825740e-04  8.862399174151699e-06 
 1.815515662773111e+00  1.769185736927846e-04  8.851737468121486e-06 
 1.819700858609959e+00  1.767057381391919e-04  8.841088702392928e-06 
 1.823895702319614e+00  1.764931609048648e-04  8.830452861109078e-06 
 1.828100216142718e+00  1.762808416732650e-04  8.819829928432611e-06 
 1.832314422371187e+00  1.760687801282453e-04  8.809219888545799e-06 
 1.836538343348322e+00  1.758569759540505e-04  8.798622725650515e-06 
 1.840772001468931e+00  1.756454288353158e-04  8.788038423968158e-06 
 1.845015419179449e+00  1.754341384570670e-04  8.777466967739680e-06 
 1.849268618978053e+00  1.752231045047198e-04  8.766908341225531e-06 
 1.853531623414786e+00  1.750123266640788e-04  8.756362528705644e-06 
 1.857804455091673e+00  1.748018046213381e-04  8.745829514479401e-06 
 1.862087136662842e+00  1.745915380630799e-04  8.735309282865628e-06 
 1.866379690834644e+00  1.743815266762746e-04  8.724801818202564e-06 
 1.870682140365775e+00  1.741717701482794e-04  8.714307104847811e-06 
 1.874994508067393e+00  1.739622681668393e-04  8.703825127178363e-06 
 1.879316816803242e+00  1.737530204200850e-04  8.693355869590513e-06 
 1.883649089489774e+00  1.735440265965337e-04  8.682899316499897e-06 
 1.887991349096267e+00  1.733352863850877e-04  8.672455452341422e-06 
 1.892343618644949e+00  1.731267994750348e-04  8.662024261569261e-06 
 1.896705921211120e+00  1.729185655560470e-04  8.651605728656832e-06 
 1.901078279923273e+00  1.727105843181802e-04  8.641199838096765e-06 
 1.905460717963220e+00  1.725028554518745e-04  8.630806574400879e-06 
 1.909853258566211e+00  1.722953786479523e-04  8.620425922100163e-06 
 1.914255925021059e+00  1.720881535976191e-04  8.610057865744745e-06 
 1.918668740670262e+00  1.718811799924628e-04  8.599702389903884e-06 
 1.923091728910131e+00  1.716744575244521e-04  8.589359479165929e-06 
 1.927524913190908e+00  1.714679858859378e-04  8.579029118138290e-06 
 1.931968317016896e+00  1.712617647696508e-04  8.568711291447442e-06 
 1.936421963946579e+00  1.710557938687026e-04  8.558405983738869e-06 
 1.940885877592750e+00  1.708500728765843e-04  8.548113179677066e-06 
 1.945360081622634e+00  1.706446014871660e-04  8.537832863945506e-06 
 1.949844599758017e+00  1.704393793946972e-04  8.527565021246600e-06 
 1.954339455775366e+00  1.702344062938052e-04  8.517309636301699e-06 
 1.958844673505961e+00  1.700296818794955e-04  8.507066693851066e-06 
 1.963360276836018e+00  1.698252058471509e-04  8.496836178653838e-06 
 1.967886289706816e+00  1.696209778925311e-04  8.486618075487997e-06 
 1.972422736114825e+00  1.694169977117722e-04  8.476412369150382e-06 
 1.976969640111831e+00  1.692132650013863e-04  8.466219044456642e-06 
 1.981527025805069e+00  1.690097794582608e-04  8.456038086241194e-06 
 1.986094917357342e+00  1.688065407796589e-04  8.445869479357236e-06 
 1.990673338987157e+00  1.686035486632172e-04  8.435713208676695e-06 
 1.995262314968850e+00  1.684008028069474e-04  8.425569259090231e-06 
 1.999861869632714e+00  1.681983029092345e-04  8.415437615507186e-06 
 2.004472027365131e+00  1.679960486688363e-04  8.405318262855564e-06 
 2.009092812608698e+00  1.677940397848839e-04  8.395211186082045e-06 
 2.013724249862358e+00  1.675922759568801e-04  8.385116370151905e-06 
 2.018366363681530e+00  1.673907568847000e-04  8.375033800049031e-06 
 2.023019178678241e+00  1.671894822685895e-04  8.364963460775892e-06 
 2.027682719521251e+00  1.669884518091655e-04  8.354905337353496e-06 
 2.032357010936190e+00  1.667876652074155e-04  8.344859414821397e-06 
 2.037042077705687e+00  1.665871221646968e-04  8.334825678237655e-06 
 2.041737944669498e+00  1.663868223827358e-04  8.324804112678805e-06 
 2.046444636724642e+00  1.661867655636283e-04  8.314794703239859e-06 
 2.051162178825534e+00  1.659869514098386e-04  8.304797435034250e-06 
 2.055890595984110e+00  1.657873796241990e-04  8.294812293193838e-06 
 2.060629913269968e+00  1.655880499099091e-04  8.284839262868868e-06 
 2.065380155810497e+00  1.653889619705362e-04  8.274878329227962e-06 
 2.070141348791010e+00  1.651901155100141e-04  8.264929477458090e-06 
 2.074913517454877e+00  1.649915102326423e-04  8.254992692764522e-06 
 2.079696687103663e+00  1.647931458430868e-04  8.245067960370870e-06 
 2.084490883097255e+00  1.645950220463787e-04  8.235155265518985e-06 
 2.089296130854006e+00  1.643971385479137e-04  8.225254593468988e-06 
 2.094112455850859e+00  1.641994950534522e-04  8.215365929499243e-06 
 2.098939883623490e+00  1.640020912691184e-04  8.205489258906304e-06 
 2.103778439766441e+00  1.638049269014000e-04  8.195624567004924e-06 
 2.108628149933255e+00  1.636080016571477e-04  8.185771839128015e-06 
 2.113489039836612e+00  1.634113152435751e-04  8.175931060626635e-06 
 2.118361135248467e+00  1.632148673682575e-04  8.166102216869950e-06 
 2.123244462000184e+00  1.630186577391320e-04  8.156285293245233e-06 
 2.128139045982677e+00  1.628226860644971e-04  8.146480275157831e-06 
 2.133044913146541e+00  1.626269520530119e-04  8.136687148031122e-06 
 2.137962089502197e+00  1.624314554136958e-04  8.126905897306540e-06 
 2.142890601120023e+00  1.622361958559284e-04  8.117136508443506e-06 
 2.147830474130498e+00  1.620411730894482e-04  8.107378966919427e-06 
 2.152781734724337e+00  1.618463868243533e-04  8.097633258229678e-06 
 2.157744409152630e+00  1.616518367710997e-04  8.087899367887559e-06 
 2.162718523726984e+00  1.614575226405019e-04  8.078177281424300e-06 
 2.167704104819658e+00  1.612634441437317e-04  8.068466984389014e-06 
 2.172701178863708e+00  1.610696009923186e-04  8.058768462348693e-06 
 2.177709772353122e+00  1.608759928981484e-04  8.049081700888170e-06 
 2.182729911842964e+00  1.606826195734632e-04  8.039406685610112e-06 
 2.187761623949515e+00  1.604894807308611e-04  8.029743402134976e-06 
 2.192804935350411e+00  1.602965760832957e-04  8.020091836101023e-06 
 2.197859872784787e+00  1.601039053440753e-04  8.010451973164252e-06 
 2.202926463053418e+00  1.599114682268630e-04  8.000823798998418e-06 
 2.208004733018861e+00  1.597192644456756e-04  7.991207299294973e-06 
 2.213094709605599e+00  1.595272937148838e-04  7.981602459763076e-06 
 2.218196419800180e+00  1.593355557492116e-04  7.972009266129557e-06 
 2.223309890651364e+00  1.591440502637354e-04  7.962427704138873e-06 
 2.228435149270265e+00  1.589527769738842e-04  7.952857759553145e-06 
 2.233572222830492e+00  1.587617355954387e-04  7.943299418152073e-06 
 2.238721138568300e+00  1.585709258445312e-04  7.933752665732938e-06 
 2.243881923782727e+00  1.583803474376447e-04  7.924217488110597e-06 
 2.249054605835741e+00  1.581900000916129e-04  7.914693871117443e-06 
 2.254239212152389e+00  1.579998835236199e-04  7.905181800603373e-06 
 2.259435770220937e+00  1.578099974511990e-04  7.895681262435797e-06 
 2.264644307593019e+00  1.576203415922330e-04  7.886192242499584e-06 
 2.269864851883781e+00  1.574309156649534e-04  7.876714726697059e-06 
 2.275097430772029e+00  1.572417193879403e-04  7.867248700947981e-06 
 2.280342072000376e+00  1.570527524801213e-04  7.857794151189513e-06 
 2.285598803375388e+00  1.568640146607720e-04  7.848351063376208e-06 
 2.290867652767731e+00  1.566755056495146e-04  7.838919423479976e-06 
 2.296148648112319e+00  1.564872251663183e-04  7.829499217490081e-06 
 2.301441817408466e+00  1.562991729314980e-04  7.820090431413095e-06 
 2.306747188720026e+00  1.561113486657152e-04  7.810693051272900e-06 
 2.312064790175552e+00  1.559237520899758e-04  7.801307063110650e-06 
 2.317394649968435e+00  1.557363829256313e-04  7.791932452984760e-06 
 2.322736796357063e+00  1.555492408943773e-04  7.782569206970875e-06 
 2.328091257664964e+00  1.553623257182534e-04  7.773217311161863e-06 
 2.333458062280959e+00  1.551756371196433e-04  7.763876751667757e-06 
 2.338837238659311e+00  1.549891748212732e-04  7.754547514615804e-06 
 2.344228815319878e+00  1.548029385462124e-04  7.745229586150361e-06 
 2.349632820848263e+00  1.546169280178727e-04  7.735922952432931e-06 
 2.355049283895965e+00  1.544311429600075e-04  7.726627599642117e-06 
 2.360478233180532e+00  1.542455830967119e-04  7.717343513973618e-06 
 2.365919697485713e+00  1.540602481524217e-04  7.708070681640175e-06 
 2.371373705661610e+00  1.538751378519135e-04  7.698809088871584e-06 
 2.376840286624831e+00  1.536902519203045e-04  7.689558721914668e-06 
 2.382319469358644e+00  1.535055900830509e-04  7.680319567033239e-06 
 2.387811282913131e+00  1.533211520659487e-04  7.671091610508089e-06 
 2.393315756405341e+00  1.531369375951329e-04  7.661874838636969e-06 
 2.398832919019444e+00  1.529529463970768e-04  7.652669237734575e-06 
 2.404362800006886e+00  1.527691781985917e-04  7.643474794132498e-06 
 2.409905428686548e+00  1.525856327268270e-04  7.634291494179238e-06 
 2.415460834444893e+00  1.524023097092686e-04  7.625119324240156e-06 
 2.421029046736131e+00  1.522192088737398e-04  7.615958270697480e-06 
 2.426610095082368e+00  1.520363299484003e-04  7.606808319950257e-06 
 2.432204009073768e+00  1.518536726617452e-04  7.597669458414340e-06 
 2.437810818368705e+00  1.516712367426056e-04  7.588541672522385e-06 
 2.443430552693924e+00  1.514890219201478e-04  7.579424948723801e-06 
 2.449063241844697e+00  1.513070279238725e-04  7.570319273484752e-06 
 2.454708915684982e+00  1.511252544836151e-04  7.561224633288126e-06 
 2.460367604147578e+00  1.509437013295443e-04  7.552141014633514e-06 
 2.466039337234290e+00  1.507623681921628e-04  7.543068404037198e-06 
 2.471724145016081e+00  1.505812548023061e-04  7.534006788032107e-06 
 2.477422057633236e+00  1.504003608911423e-04  7.524956153167822e-06 
 2.483133105295520e+00  1.502196861901718e-04  7.515916486010553e-06 
 2.488857318282341e+00  1.500392304312267e-04  7.506887773143101e-06 
 2.494594726942904e+00  1.498589933464706e-04  7.497870001164845e-06 
 2.500345361696381e+00  1.496789746683980e-04  7.488863156691732e-06 
 2.506109253032063e+00  1.494991741298341e-04  7.479867226356244e-06 
 2.511886431509529e+00  1.493195914639339e-04  7.470882196807376e-06 
 2.517676927758804e+00  1.491402264041824e-04  7.461908054710629e-06 
 2.523480772480523e+00  1.489610786843940e-04  7.452944786747972e-06 
 2.529297996446093e+00  1.487821480387117e-04  7.443992379617838e-06 
 2.535128630497856e+00  1.486034342016072e-04  7.435050820035093e-06 
 2.540972705549253e+00  1.484249369078804e-04  7.426120094731012e-06 
 2.546830252584988e+00  1.482466558926586e-04  7.417200190453278e-06 
 2.552701302661194e+00  1.480685908913965e-04  7.408291093965933e-06 
 2.558585886905593e+00  1.478907416398756e-04  7.399392792049385e-06 
 2.564484036517664e+00  1.477131078742042e-04  7.390505271500369e-06 
 2.570395782768811e+00  1.475356893308160e-04  7.381628519131934e-06 
 2.576321157002522e+00  1.473584857464709e-04  7.372762521773421e-06 
 2.582260190634542e+00  1.471814968582539e-04  7.363907266270448e-06 
 2.588212915153037e+00  1.470047224035745e-04  7.355062739484878e-06 
 2.594179362118760e+00  1.468281621201671e-04  7.346228928294806e-06 
 2.600159563165217e+00  1.466518157460899e-04  7.337405819594545e-06 
 2.606153549998841e+00  1.464756830197245e-04  7.328593400294595e-06 
 2.612161354399151e+00  1.462997636797760e-04  7.319791657321626e-06 
 2.618183008218930e+00  1.461240574652723e-04  7.311000577618463e-06 
 2.624218543384386e+00  1.459485641155637e-04  7.302220148144052e-06 
 2.630267991895326e+00  1.457732833703220e-04  7.293450355873461e-06 
 2.636331385825324e+00  1.455982149695413e-04  7.284691187797844e-06 
 2.642408757321890e+00  1.454233586535367e-04  7.275942630924429e-06 
 2.648500138606644e+00  1.452487141629437e-04  7.267204672276470e-06 
 2.654605561975482e+00  1.450742812387188e-04  7.258477298893303e-06 
 2.660725059798752e+00  1.449000596221378e-04  7.249760497830223e-06 
 2.666858664521422e+00  1.447260490547969e-04  7.241054256158529e-06 
 2.673006408663253e+00  1.445522492786108e-04  7.232358560965506e-06 
 2.679168324818974e+00  1.443786600358135e-04  7.223673399354380e-06 
 2.685344445658449e+00  1.442052810689569e-04  7.214998758444302e-06 
 2.691534803926857e+00  1.440321121209113e-04  7.206334625370344e-06 
 2.697739432444861e+00  1.438591529348645e-04  7.197680987283456e-06 
 2.703958364108785e+00  1.436864032543214e-04  7.189037831350469e-06 
 2.710191631890783e+00  1.435138628231039e-04  7.180405144754059e-06 
 2.716439268839023e+00  1.433415313853502e-04  7.171782914692744e-06 
 2.722701308077852e+00  1.431694086855145e-04  7.163171128380838e-06 
 2.728977782807981e+00  1.429974944683666e-04  7.154569773048457e-06 
 2.735268726306652e+00  1.428257884789917e-04  7.145978835941489e-06 
 2.741574171927822e+00  1.426542904627898e-04  7.137398304321570e-06 
 2.747894153102336e+00  1.424830001654752e-04  7.128828165466064e-06 
 2.754228703338105e+00  1.423119173330764e-04  7.120268406668066e-06 
 2.760577856220284e+00  1.421410417119356e-04  7.111719015236349e-06 
 2.766941645411450e+00  1.419703730487079e-04  7.103179978495363e-06 
 2.773320104651778e+00  1.417999110903617e-04  7.094651283785216e-06 
 2.779713267759226e+00  1.416296555841779e-04  7.086132918461641e-06 
 2.786121168629707e+00  1.414596062777493e-04  7.077624869896005e-06 
 2.792543841237275e+00  1.412897629189804e-04  7.069127125475256e-06 
 2.798981319634299e+00  1.411201252560872e-04  7.060639672601915e-06 
 2.805433637951650e+00  1.409506930375965e-04  7.052162498694077e-06 
 2.811900830398876e+00  1.407814660123456e-04  7.043695591185356e-06 
 2.818382931264389e+00  1.406124439294822e-04  7.035238937524901e-06 
 2.824879974915642e+00  1.404436265384635e-04  7.026792525177349e-06 
 2.831391995799313e+00  1.402750135890561e-04  7.018356341622814e-06 
 2.837919028441490e+00  1.401066048313360e-04  7.009930374356883e-06 
 2.844461107447849e+00  1.399384000156872e-04  7.001514610890571e-06 
 2.851018267503842e+00  1.397703988928025e-04  6.993109038750321e-06 
 2.857590543374880e+00  1.396026012136820e-04  6.984713645477976e-06 
 2.864177969906514e+00  1.394350067296339e-04  6.976328418630767e-06 
 2.870780582024623e+00  1.392676151922729e-04  6.967953345781283e-06 
 2.877398414735601e+00  1.391004263535207e-04  6.959588414517464e-06 
 2.884031503126538e+00  1.389334399656053e-04  6.951233612442563e-06 
 2.890679882365407e+00  1.387666557810604e-04  6.942888927175152e-06 
 2.897343587701254e+00  1.386000735527255e-04  6.934554346349089e-06 
 2.904022654464381e+00  1.384336930337452e-04  6.926229857613501e-06 
 2.910717118066536e+00  1.382675139775689e-04  6.917915448632754e-06 
 2.917427014001097e+00  1.381015361379503e-04  6.909611107086457e-06 
 2.924152377843265e+00  1.379357592689473e-04  6.901316820669424e-06 
 2.930893245250250e+00  1.377701831249213e-04  6.893032577091661e-06 
 2.937649651961460e+00  1.376048074605369e-04  6.884758364078350e-06 
 2.944421633798690e+00  1.374396320307620e-04  6.876494169369824e-06 
 2.951209226666314e+00  1.372746565908664e-04  6.868239980721560e-06 
 2.958012466551474e+00  1.371098808964227e-04  6.859995785904144e-06 
 2.964831389524270e+00  1.369453047033046e-04  6.851761572703257e-06 
 2.971666031737954e+00  1.367809277676877e-04  6.843537328919667e-06 
 2.978516429429117e+00  1.366167498460483e-04  6.835323042369197e-06 
 2.985382618917887e+00  1.364527706951634e-04  6.827118700882712e-06 
 2.992264636608116e+00  1.362889900721105e-04  6.818924292306105e-06 
 2.999162518987577e+00  1.361254077342666e-04  6.810739804500269e-06 
 3.006076302628157e+00  1.359620234393084e-04  6.802565225341075e-06 
 3.013006024186047e+00  1.357988369452117e-04  6.794400542719372e-06 
 3.019951720401942e+00  1.356358480102513e-04  6.786245744540950e-06 
 3.026913428101231e+00  1.354730563929997e-04  6.778100818726535e-06 
 3.033891184194196e+00  1.353104618523282e-04  6.769965753211756e-06 
 3.040885025676204e+00  1.351480641474057e-04  6.761840535947138e-06 
 3.047894989627908e+00  1.349858630376976e-04  6.753725154898082e-06 
 3.054921113215437e+00  1.348238582829668e-04  6.745619598044830e-06 
 3.061963433690601e+00  1.346620496432729e-04  6.737523853382477e-06 
 3.069021988391081e+00  1.345004368789711e-04  6.729437908920935e-06 
 3.076096814740631e+00  1.343390197507129e-04  6.721361752684902e-06 
 3.083187950249277e+00  1.341777980194449e-04  6.713295372713866e-06 
 3.090295432513513e+00  1.340167714464090e-04  6.705238757062079e-06 
 3.097419299216503e+00  1.338559397931414e-04  6.697191893798539e-06 
 3.104559588128278e+00  1.336953028214732e-04  6.689154771006956e-06 
 3.111716337105940e+00  1.335348602935290e-04  6.681127376785757e-06 
 3.118889584093858e+00  1.333746119717270e-04  6.673109699248068e-06 
 3.126079367123876e+00  1.332145576187789e-04  6.665101726521665e-06 
 3.133285724315506e+00  1.330546969976889e-04  6.657103446748993e-06 
 3.140508693876138e+00  1.328950298717542e-04  6.649114848087117e-06 
 3.147748314101236e+00  1.327355560045637e-04  6.641135918707734e-06 
 3.155004623374546e+00  1.325762751599980e-04  6.633166646797125e-06 
 3.162277660168298e+00  1.324171871022295e-04  6.625207020556156e-06 
 3.169567463043410e+00  1.322582915957213e-04  6.617257028200260e-06 
 3.176874070649689e+00  1.320995884052274e-04  6.609316657959402e-06 
 3.184197521726043e+00  1.319410772957916e-04  6.601385898078076e-06 
 3.191537855100679e+00  1.317827580327485e-04  6.593464736815288e-06 
 3.198895109691315e+00  1.316246303817215e-04  6.585553162444521e-06 
 3.206269324505382e+00  1.314666941086239e-04  6.577651163253745e-06 
 3.213660538640234e+00  1.313089489796572e-04  6.569758727545377e-06 
 3.221068791283351e+00  1.311513947613118e-04  6.561875843636255e-06 
 3.228494121712551e+00  1.309940312203661e-04  6.554002499857649e-06 
 3.235936569296198e+00  1.308368581238867e-04  6.546138684555230e-06 
 3.243396173493407e+00  1.306798752392267e-04  6.538284386089032e-06 
 3.250872973854258e+00  1.305230823340272e-04  6.530439592833469e-06 
 3.258367010020002e+00  1.303664791762157e-04  6.522604293177295e-06 
 3.265878321723272e+00  1.302100655340058e-04  6.514778475523587e-06 
 3.273406948788295e+00  1.300538411758974e-04  6.506962128289738e-06 
 3.280952931131103e+00  1.298978058706760e-04  6.499155239907422e-06 
 3.288516308759743e+00  1.297419593874120e-04  6.491357798822600e-06 
 3.296097121774490e+00  1.295863014954615e-04  6.483569793495476e-06 
 3.303695410368059e+00  1.294308319644645e-04  6.475791212400498e-06 
 3.311311214825822e+00  1.292755505643453e-04  6.468022044026339e-06 
 3.318944575526015e+00  1.291204570653125e-04  6.460262276875860e-06 
 3.326595532939955e+00  1.289655512378577e-04  6.452511899466127e-06 
 3.334264127632260e+00  1.288108328527560e-04  6.444770900328359e-06 
 3.341950400261052e+00  1.286563016810650e-04  6.437039268007922e-06 
 3.349654391578186e+00  1.285019574941251e-04  6.429316991064324e-06 
 3.357376142429455e+00  1.283478000635584e-04  6.421604058071181e-06 
 3.365115693754815e+00  1.281938291612693e-04  6.413900457616211e-06 
 3.372873086588597e+00  1.280400445594431e-04  6.406206178301205e-06 
 3.380648362059723e+00  1.278864460305461e-04  6.398521208742017e-06 
 3.388441561391932e+00  1.277330333473260e-04  6.390845537568550e-06 
 3.396252725903991e+00  1.275798062828098e-04  6.383179153424721e-06 
 3.404081897009915e+00  1.274267646103053e-04  6.375522044968471e-06 
 3.411929116219191e+00  1.272739081033997e-04  6.367874200871727e-06 
 3.419794425136994e+00  1.271212365359596e-04  6.360235609820385e-06 
 3.427677865464408e+00  1.269687496821302e-04  6.352606260514300e-06 
 3.435579478998651e+00  1.268164473163357e-04  6.344986141667272e-06 
 3.443499307633289e+00  1.266643292132783e-04  6.337375242007021e-06 
 3.451437393358466e+00  1.265123951479385e-04  6.329773550275165e-06 
 3.459393778261123e+00  1.263606448955738e-04  6.322181055227214e-06 
 3.467368504525219e+00  1.262090782317190e-04  6.314597745632543e-06 
 3.475361614431961e+00  1.260576949321864e-04  6.307023610274390e-06 
 3.483373150360020e+00  1.259064947730642e-04  6.299458637949829e-06 
 3.491403154785763e+00  1.257554775307168e-04  6.291902817469735e-06 
 3.499451670283474e+00  1.256046429817848e-04  6.284356137658796e-06 
 3.507518739525580e+00  1.254539909031842e-04  6.276818587355488e-06 
 3.515604405282881e+00  1.253035210721057e-04  6.269290155412040e-06 
 3.523708710424771e+00  1.251532332660155e-04  6.261770830694444e-06 
 3.531831697919469e+00  1.250031272626537e-04  6.254260602082415e-06 
 3.539973410834246e+00  1.248532028400348e-04  6.246759458469394e-06 
 3.548133892335653e+00  1.247034597764470e-04  6.239267388762505e-06 
 3.556313185689751e+00  1.245538978504522e-04  6.231784381882564e-06 
 3.564511334262340e+00  1.244045168408848e-04  6.224310426764046e-06 
 3.572728381519186e+00  1.242553165268526e-04  6.216845512355077e-06 
 3.580964371026257e+00  1.241062966877354e-04  6.209389627617408e-06 
 3.589219346449948e+00  1.239574571031853e-04  6.201942761526410e-06 
 3.597493351557318e+00  1.238087975531259e-04  6.194504903071037e-06 
 3.605786430216319e+00  1.236603178177527e-04  6.187076041253838e-06 
 3.614098626396028e+00  1.235120176775316e-04  6.179656165090918e-06 
 3.622429984166881e+00  1.233638969131997e-04  6.172245263611922e-06 
 3.630780547700907e+00  1.232159553057645e-04  6.164843325860024e-06 
 3.639150361271965e+00  1.230681926365030e-04  6.157450340891916e-06 
 3.647539469255971e+00  1.229206086869627e-04  6.150066297777781e-06 
 3.655947916131142e+00  1.227732032389599e-04  6.142691185601284e-06 
 3.664375746478225e+00  1.226259760745802e-04  6.135324993459545e-06 
 3.672823004980739e+00  1.224789269761779e-04  6.127967710463128e-06 
 3.681289736425206e+00  1.223320557263756e-04  6.120619325736032e-06 
 3.689775985701394e+00  1.221853621080639e-04  6.113279828415654e-06 
 3.698281797802553e+00  1.220388459044011e-04  6.105949207652800e-06 
 3.706807217825650e+00  1.218925068988133e-04  6.098627452611645e-06 
 3.715352290971615e+00  1.217463448749929e-04  6.091314552469725e-06 
 3.723917062545574e+00  1.216003596168996e-04  6.084010496417922e-06 
 3.732501577957094e+00  1.214545509087591e-04  6.076715273660443e-06 
 3.741105882720421e+00  1.213089185350635e-04  6.069428873414808e-06 
 3.749730022454722e+00  1.211634622805703e-04  6.062151284911837e-06 
 3.758374042884328e+00  1.210181819303025e-04  6.054882497395617e-06 
 3.767037989838975e+00  1.208730772695483e-04  6.047622500123503e-06 
 3.775721909254046e+00  1.207281480838603e-04  6.040371282366088e-06 
 3.784425847170818e+00  1.205833941590557e-04  6.033128833407200e-06 
 3.793149849736704e+00  1.204388152812158e-04  6.025895142543880e-06 
 3.801893963205496e+00  1.202944112366855e-04  6.018670199086359e-06 
 3.810658233937614e+00  1.201501818120732e-04  6.011453992358042e-06 
 3.819442708400349e+00  1.200061267942502e-04  6.004246511695514e-06 
 3.828247433168109e+00  1.198622459703510e-04  5.997047746448492e-06 
 3.837072454922670e+00  1.197185391277720e-04  5.989857685979825e-06 
 3.845917820453417e+00  1.195750060541718e-04  5.982676319665474e-06 
 3.854783576657599e+00  1.194316465374709e-04  5.975503636894502e-06 
 3.863669770540572e+00  1.192884603658513e-04  5.968339627069047e-06 
 3.872576449216052e+00  1.191454473277561e-04  5.961184279604316e-06 
 3.881503659906362e+00  1.190026072118890e-04  5.954037583928561e-06 
 3.890451449942685e+00  1.188599398072142e-04  5.946899529483068e-06 
 3.899419866765313e+00  1.187174449029562e-04  5.939770105722139e-06 
 3.908408957923899e+00  1.185751222885994e-04  5.932649302113072e-06 
 3.917418771077709e+00  1.184329717538873e-04  5.925537108136152e-06 
 3.926449353995876e+00  1.182909930888228e-04  5.918433513284623e-06 
 3.935500754557652e+00  1.181491860836679e-04  5.911338507064694e-06 
 3.944573020752661e+00  1.180075505289426e-04  5.904252078995505e-06 
 3.953666200681155e+00  1.178660862154256e-04  5.897174218609096e-06 
 3.962780342554270e+00  1.177247929341531e-04  5.890104915450438e-06 
 3.971915494694279e+00  1.175836704764192e-04  5.883044159077367e-06 
 3.981071705534847e+00  1.174427186337748e-04  5.875991939060600e-06 
 3.990249023621295e+00  1.173019371980283e-04  5.868948244983708e-06 
 3.999447497610849e+00  1.171613259612442e-04  5.861913066443093e-06 
 4.008667176272901e+00  1.170208847157435e-04  5.854886393047987e-06 
 4.017908108489272e+00  1.168806132541030e-04  5.847868214420422e-06 
 4.027170343254463e+00  1.167405113691555e-04  5.840858520195234e-06 
 4.036453929675921e+00  1.166005788539888e-04  5.833857300020019e-06 
 4.045758916974298e+00  1.164608155019458e-04  5.826864543555135e-06 
 4.055085354483708e+00  1.163212211066241e-04  5.819880240473692e-06 
 4.064433291651997e+00  1.161817954618757e-04  5.812904380461509e-06 
 4.073802778040996e+00  1.160425383618064e-04  5.805936953217131e-06 
 4.083193863326789e+00  1.159034496007763e-04  5.798977948451796e-06 
 4.092606597299977e+00  1.157645289733984e-04  5.792027355889424e-06 
 4.102041029865935e+00  1.156257762745389e-04  5.785085165266586e-06 
 4.111497211045089e+00  1.154871912993170e-04  5.778151366332512e-06 
 4.120975190973168e+00  1.153487738431043e-04  5.771225948849064e-06 
 4.130475019901479e+00  1.152105237015245e-04  5.764308902590714e-06 
 4.139996748197169e+00  1.150724406704530e-04  5.757400217344542e-06 
 4.149540426343494e+00  1.149345245460172e-04  5.750499882910202e-06 
 4.159106104940085e+00  1.147967751245952e-04  5.743607889099937e-06 
 4.168693834703217e+00  1.146591922028163e-04  5.736724225738523e-06 
 4.178303666466080e+00  1.145217755775603e-04  5.729848882663286e-06 
 4.187935651179045e+00  1.143845250459575e-04  5.722981849724074e-06 
 4.197589839909937e+00  1.142474404053878e-04  5.716123116783229e-06 
 4.207266283844302e+00  1.141105214534811e-04  5.709272673715613e-06 
 4.216965034285683e+00  1.139737679881164e-04  5.702430510408525e-06 
 4.226686142655890e+00  1.138371798074219e-04  5.695596616761754e-06 
 4.236429660495271e+00  1.137007567097746e-04  5.688770982687526e-06 
 4.246195639462989e+00  1.135644984937997e-04  5.681953598110498e-06 
 4.255984131337290e+00  1.134284049583706e-04  5.675144452967729e-06 
 4.265795188015786e+00  1.132924759026085e-04  5.668343537208691e-06 
 4.275628861515721e+00  1.131567111258822e-04  5.661550840795231e-06 
 4.285485203974254e+00  1.130211104278076e-04  5.654766353701561e-06 
 4.295364267648731e+00  1.128856736082476e-04  5.647990065914258e-06 
 4.305266104916964e+00  1.127504004673113e-04  5.641221967432222e-06 
 4.315190768277509e+00  1.126152908053547e-04  5.634462048266682e-06 
 4.325138310349944e+00  1.124803444229790e-04  5.627710298441160e-06 
 4.335108783875145e+00  1.123455611210316e-04  5.620966707991497e-06 
 4.345102241715571e+00  1.122109407006052e-04  5.614231266965784e-06 
 4.355118736855541e+00  1.120764829630372e-04  5.607503965424371e-06 
 4.365158322401514e+00  1.119421877099103e-04  5.600784793439874e-06 
 4.375221051582375e+00  1.118080547430510e-04  5.594073741097121e-06 
 4.385306977749710e+00  1.116740838645303e-04  5.587370798493158e-06 
 4.395416154378098e+00  1.115402748766630e-04  5.580675955737240e-06 
 4.405548635065386e+00  1.114066275820073e-04  5.573989202950790e-06 
 4.415704473532977e+00  1.112731417833649e-04  5.567310530267408e-06 
 4.425883723626117e+00  1.111398172837800e-04  5.560639927832856e-06 
 4.436086439314176e+00  1.110066538865397e-04  5.553977385805021e-06 
 4.446312674690937e+00  1.108736513951733e-04  5.547322894353917e-06 
 4.456562483974882e+00  1.107408096134521e-04  5.540676443661672e-06 
 4.466835921509480e+00  1.106081283453894e-04  5.534038023922501e-06 
 4.477133041763474e+00  1.104756073952393e-04  5.527407625342700e-06 
 4.487453899331170e+00  1.103432465674975e-04  5.520785238140632e-06 
 4.497798548932727e+00  1.102110456669005e-04  5.514170852546702e-06 
 4.508167045414448e+00  1.100790044984251e-04  5.507564458803347e-06 
 4.518559443749070e+00  1.099471228672883e-04  5.500966047165032e-06 
 4.528975799036053e+00  1.098154005789474e-04  5.494375607898219e-06 
 4.539416166501877e+00  1.096838374390986e-04  5.487793131281354e-06 
 4.549880601500330e+00  1.095524332536780e-04  5.481218607604865e-06 
 4.560369159512805e+00  1.094211878288605e-04  5.474652027171137e-06 
 4.570881896148594e+00  1.092901009710599e-04  5.468093380294491e-06 
 4.581418867145177e+00  1.091591724869282e-04  5.461542657301186e-06 
 4.591980128368528e+00  1.090284021833555e-04  5.454999848529393e-06 
 4.602565735813402e+00  1.088977898674699e-04  5.448464944329177e-06 
 4.613175745603635e+00  1.087673353466369e-04  5.441937935062492e-06 
 4.623810213992443e+00  1.086370384284595e-04  5.435418811103162e-06 
 4.634469197362719e+00  1.085068989207771e-04  5.428907562836866e-06 
 4.645152752227332e+00  1.083769166316663e-04  5.422404180661116e-06 
 4.655860935229427e+00  1.082470913694398e-04  5.415908654985265e-06 
 4.666593803142723e+00  1.081174229426465e-04  5.409420976230452e-06 
 4.677351412871817e+00  1.079879111600707e-04  5.402941134829638e-06 
 4.688133821452487e+00  1.078585558307326e-04  5.396469121227551e-06 
 4.698941086051988e+00  1.077293567638874e-04  5.390004925880691e-06 
 4.709773263969362e+00  1.076003137690252e-04  5.383548539257301e-06 
 4.720630412635738e+00  1.074714266558706e-04  5.377099951837374e-06 
 4.731512589614637e+00  1.073426952343826e-04  5.370659154112615e-06 
 4.742419852602278e+00  1.072141193147542e-04  5.364226136586438e-06 
 4.753352259427883e+00  1.070856987074122e-04  5.357800889773964e-06 
 4.764309868053987e+00  1.069574332230165e-04  5.351383404201976e-06 
 4.775292736576738e+00  1.068293226724606e-04  5.344973670408931e-06 
 4.786300923226212e+00  1.067013668668707e-04  5.338571678944939e-06 
 4.797334486366719e+00  1.065735656176052e-04  5.332177420371733e-06 
 4.808393484497112e+00  1.064459187362551e-04  5.325790885262677e-06 
 4.819477976251100e+00  1.063184260346435e-04  5.319412064202739e-06 
 4.830588020397552e+00  1.061910873248251e-04  5.313040947788483e-06 
 4.841723675840818e+00  1.060639024190856e-04  5.306677526628039e-06 
 4.852885001621035e+00  1.059368711299423e-04  5.300321791341114e-06 
 4.864072056914440e+00  1.058099932701432e-04  5.293973732558958e-06 
 4.875284901033687e+00  1.056832686526668e-04  5.287633340924356e-06 
 4.886523593428159e+00  1.055566970907218e-04  5.281300607091608e-06 
 4.897788193684284e+00  1.054302783977470e-04  5.274975521726533e-06 
 4.909078761525852e+00  1.053040123874107e-04  5.268658075506425e-06 
 4.920395356814330e+00  1.051778988736109e-04  5.262348259120072e-06 
 4.931738039549179e+00  1.050519376704743e-04  5.256046063267714e-06 
 4.943106869868174e+00  1.049261285923567e-04  5.249751478661039e-06 
 4.954501908047721e+00  1.048004714538425e-04  5.243464496023178e-06 
 4.965923214503179e+00  1.046749660697440e-04  5.237185106088674e-06 
 4.977370849789177e+00  1.045496122551020e-04  5.230913299603482e-06 
 4.988844874599939e+00  1.044244098251846e-04  5.224649067324950e-06 
 5.000345349769600e+00  1.042993585954873e-04  5.218392400021794e-06 
 5.011872336272537e+00  1.041744583817329e-04  5.212143288474103e-06 
 5.023425895223684e+00  1.040497089998710e-04  5.205901723473316e-06 
 5.035006087878861e+00  1.039251102660777e-04  5.199667695822199e-06 
 5.046612975635095e+00  1.038006619967553e-04  5.193441196334844e-06 
 5.058246620030951e+00  1.036763640085325e-04  5.187222215836652e-06 
 5.069907082746854e+00  1.035522161182631e-04  5.181010745164316e-06 
 5.081594425605415e+00  1.034282181430268e-04  5.174806775165808e-06 
 5.093308710571763e+00  1.033043699001282e-04  5.168610296700363e-06 
 5.105049999753871e+00  1.031806712070969e-04  5.162421300638473e-06 
 5.116818355402885e+00  1.030571218816873e-04  5.156239777861854e-06 
 5.128613839913456e+00  1.029337217418776e-04  5.150065719263465e-06 
 5.140436515824067e+00  1.028104706058704e-04  5.143899115747452e-06 
 5.152286445817371e+00  1.026873682920921e-04  5.137739958229178e-06 
 5.164163692720515e+00  1.025644146191922e-04  5.131588237635168e-06 
 5.176068319505481e+00  1.024416094060440e-04  5.125443944903126e-06 
 5.188000389289415e+00  1.023189524717431e-04  5.119307070981908e-06 
 5.199959965334963e+00  1.021964436356081e-04  5.113177606831509e-06 
 5.211947111050606e+00  1.020740827171800e-04  5.107055543423044e-06 
 5.223961889990999e+00  1.019518695362216e-04  5.100940871738749e-06 
 5.236004365857303e+00  1.018298039127179e-04  5.094833582771950e-06 
 5.248074602497526e+00  1.017078856668752e-04  5.088733667527066e-06 
 5.260172663906861e+00  1.015861146191211e-04  5.082641117019578e-06 
 5.272298614228026e+00  1.014644905901041e-04  5.076555922276030e-06 
 5.284452517751602e+00  1.013430134006937e-04  5.070478074334004e-06 
 5.296634438916375e+00  1.012216828719796e-04  5.064407564242117e-06 
 5.308844442309680e+00  1.011004988252716e-04  5.058344383059996e-06 
 5.321082592667739e+00  1.009794610820996e-04  5.052288521858273e-06 
 5.333348954876005e+00  1.008585694642131e-04  5.046239971718570e-06 
 5.345643593969511e+00  1.007378237935809e-04  5.040198723733479e-06 
 5.357966575133210e+00  1.006172238923908e-04  5.034164769006555e-06 
 5.370317963702321e+00  1.004967695830495e-04  5.028138098652300e-06 
 5.382697825162675e+00  1.003764606881821e-04  5.022118703796153e-06 
 5.395106225151068e+00  1.002562970306323e-04  5.016106575574463e-06 
 5.407543229455599e+00  1.001362784334613e-04  5.010101705134502e-06 
 5.420008904016028e+00  1.000164047199484e-04  5.004104083634423e-06 
 5.432503314924121e+00  9.989667571359006e-05  4.998113702243256e-06 
 5.445026528424000e+00  9.977709123810021e-05  4.992130552140909e-06 
 5.457578610912496e+00  9.965765111740951e-05  4.986154624518133e-06 
 5.470159628939502e+00  9.953835517566520e-05  4.980185910576513e-06 
 5.482769649208323e+00  9.941920323723103e-05  4.974224401528479e-06 
 5.495408738576030e+00  9.930019512668677e-05  4.968270088597257e-06 
 5.508076964053818e+00  9.918133066882809e-05  4.962322963016871e-06 
 5.520774392807357e+00  9.906260968866608e-05  4.956383016032136e-06 
 5.533501092157150e+00  9.894403201142730e-05  4.950450238898639e-06 
 5.546257129578890e+00  9.882559746255316e-05  4.944524622882716e-06 
 5.559042572703818e+00  9.870730586769996e-05  4.938606159261470e-06 
 5.571857489319079e+00  9.858915705273844e-05  4.932694839322708e-06 
 5.584701947368088e+00  9.847115084375350e-05  4.926790654364971e-06 
 5.597576014950881e+00  9.835328706704421e-05  4.920893595697511e-06 
 5.610479760324483e+00  9.823556554912303e-05  4.915003654640250e-06 
 5.623413251903268e+00  9.811798611671604e-05  4.909120822523809e-06 
 5.636376558259321e+00  9.800054859676254e-05  4.903245090689461e-06 
 5.649369748122801e+00  9.788325281641453e-05  4.897376450489141e-06 
 5.662392890382308e+00  9.776609860303684e-05  4.891514893285416e-06 
 5.675446054085246e+00  9.764908578420651e-05  4.885660410451478e-06 
 5.688529308438188e+00  9.753221418771275e-05  4.879812993371136e-06 
 5.701642722807247e+00  9.741548364155663e-05  4.873972633438795e-06 
 5.714786366718442e+00  9.729889397395072e-05  4.868139322059446e-06 
 5.727960309858063e+00  9.718244501331897e-05  4.862313050648645e-06 
 5.741164622073046e+00  9.706613658829641e-05  4.856493810632521e-06 
 5.754399373371339e+00  9.694996852772885e-05  4.850681593447747e-06 
 5.767664633922275e+00  9.683394066067256e-05  4.844876390541520e-06 
 5.780960474056948e+00  9.671805281639399e-05  4.839078193371567e-06 
 5.794286964268577e+00  9.660230482436995e-05  4.833286993406116e-06 
 5.807644175212886e+00  9.648669651428651e-05  4.827502782123888e-06 
 5.821032177708479e+00  9.637122771603964e-05  4.821725551014091e-06 
 5.834451042737212e+00  9.625589825973435e-05  4.815955291576400e-06 
 5.847900841444570e+00  9.614070797568454e-05  4.810191995320939e-06 
 5.861381645140050e+00  9.602565669441295e-05  4.804435653768281e-06 
 5.874893525297528e+00  9.591074424665079e-05  4.798686258449426e-06 
 5.888436553555650e+00  9.579597046333724e-05  4.792943800905783e-06 
 5.902010801718202e+00  9.568133517561965e-05  4.787208272689175e-06 
 5.915616341754498e+00  9.556683821485278e-05  4.781479665361811e-06 
 5.929253245799755e+00  9.545247941259914e-05  4.775757970496275e-06 
 5.942921586155482e+00  9.533825860062811e-05  4.770043179675514e-06 
 5.956621435289859e+00  9.522417561091604e-05  4.764335284492836e-06 
 5.970352865838123e+00  9.511023027564598e-05  4.758634276551881e-06 
 5.984115950602950e+00  9.499642242720726e-05  4.752940147466607e-06 
 5.997910762554847e+00  9.488275189819551e-05  4.747252888861300e-06 
 6.011737374832532e+00  9.476921852141200e-05  4.741572492370540e-06 
 6.025595860743328e+00  9.465582212986362e-05  4.735898949639187e-06 
 6.039486293763548e+00  9.454256255676294e-05  4.730232252322391e-06 
 6.053408747538884e+00  9.442943963552727e-05  4.724572392085546e-06 
 6.067363295884801e+00  9.431645319977889e-05  4.718919360604310e-06 
 6.081350012786926e+00  9.420360308334477e-05  4.713273149564566e-06 
 6.095368972401437e+00  9.409088912025618e-05  4.707633750662434e-06 
 6.109420249055465e+00  9.397831114474826e-05  4.702001155604232e-06 
 6.123503917247479e+00  9.386586899129245e-05  4.696375356106485e-06 
 6.137620051647685e+00  9.375356249446703e-05  4.690756343895892e-06 
 6.151768727098424e+00  9.364139148915036e-05  4.685144110709341e-06 
 6.165950018614563e+00  9.352935581039146e-05  4.679538648293864e-06 
 6.180164001383899e+00  9.341745529344236e-05  4.673939948406660e-06 
 6.194410750767553e+00  9.330568977375739e-05  4.668348002815044e-06 
 6.208690342300374e+00  9.319405908699348e-05  4.662762803296458e-06 
 6.223002851691332e+00  9.308256306900959e-05  4.657184341638465e-06 
 6.237348354823928e+00  9.297120155586635e-05  4.651612609638719e-06 
 6.251726927756593e+00  9.285997438382596e-05  4.646047599104946e-06 
 6.266138646723088e+00  9.274888138935209e-05  4.640489301854964e-06 
 6.280583588132913e+00  9.263792240910938e-05  4.634937709716638e-06 
 6.295061828571709e+00  9.252709727996329e-05  4.629392814527891e-06 
 6.309573444801664e+00  9.241640583897979e-05  4.623854608136667e-06 
 6.324118513761925e+00  9.230584792342527e-05  4.618323082400947e-06 
 6.338697112568999e+00  9.219542337076600e-05  4.612798229188707e-06 
 6.353309318517166e+00  9.208513201866848e-05  4.607280040377938e-06 
 6.367955209078886e+00  9.197497370499827e-05  4.601768507856597e-06 
 6.382634861905214e+00  9.186494826782052e-05  4.596263623522624e-06 
 6.397348354826208e+00  9.175505554539946e-05  4.590765379283922e-06 
 6.412095765851341e+00  9.164529537619806e-05  4.585273767058335e-06 
 6.426877173169920e+00  9.153566759887796e-05  4.579788778773646e-06 
 6.441692655151495e+00  9.142617205229899e-05  4.574310406367562e-06 
 6.456542290346277e+00  9.131680857551932e-05  4.568838641787702e-06 
 6.471426157485552e+00  9.120757700779465e-05  4.563373476991571e-06 
 6.486344335482103e+00  9.109847718857857e-05  4.557914903946580e-06 
 6.501296903430625e+00  9.098950895752176e-05  4.552462914630000e-06 
 6.516283940608145e+00  9.088067215447223e-05  4.547017501028968e-06 
 6.531305526474441e+00  9.077196661947462e-05  4.541578655140475e-06 
 6.546361740672466e+00  9.066339219277033e-05  4.536146368971334e-06 
 6.561452663028769e+00  9.055494871479733e-05  4.530720634538209e-06 
 6.576578373553919e+00  9.044663602618931e-05  4.525301443867549e-06 
 6.591738952442927e+00  9.033845396777594e-05  4.519888788995623e-06 
 6.606934480075672e+00  9.023040238058287e-05  4.514482661968477e-06 
 6.622165037017330e+00  9.012248110583078e-05  4.509083054841946e-06 
 6.637430704018798e+00  9.001468998493560e-05  4.503689959681609e-06 
 6.652731562017122e+00  8.990702885950823e-05  4.498303368562817e-06 
 6.668067692135929e+00  8.979949757135419e-05  4.492923273570654e-06 
 6.683439175685852e+00  8.969209596247358e-05  4.487549666799927e-06 
 6.698846094164970e+00  8.958482387506043e-05  4.482182540355168e-06 
 6.714288529259228e+00  8.947768115150290e-05  4.476821886350605e-06 
 6.729766562842881e+00  8.937066763438274e-05  4.471467696910156e-06 
 6.745280276978923e+00  8.926378316647530e-05  4.466119964167431e-06 
 6.760829753919520e+00  8.915702759074912e-05  4.460778680265693e-06 
 6.776415076106452e+00  8.905040075036567e-05  4.455443837357873e-06 
 6.792036326171545e+00  8.894390248867906e-05  4.450115427606532e-06 
 6.807693586937114e+00  8.883753264923623e-05  4.444793443183876e-06 
 6.823386941416394e+00  8.873129107577609e-05  4.439477876271726e-06 
 6.839116472813990e+00  8.862517761222968e-05  4.434168719061504e-06 
 6.854882264526312e+00  8.851919210271990e-05  4.428865963754243e-06 
 6.870684400142017e+00  8.841333439156104e-05  4.423569602560540e-06 
 6.886522963442455e+00  8.830760432325885e-05  4.418279627700582e-06 
 6.902398038402112e+00  8.820200174251007e-05  4.412996031404107e-06 
 6.918309709189057e+00  8.809652649420241e-05  4.407718805910402e-06 
 6.934258060165382e+00  8.799117842341406e-05  4.402447943468292e-06 
 6.950243175887658e+00  8.788595737541351e-05  4.397183436336126e-06 
 6.966265141107375e+00  8.778086319565961e-05  4.391925276781769e-06 
 6.982324040771401e+00  8.767589572980088e-05  4.386673457082576e-06 
 6.998419960022421e+00  8.757105482367559e-05  4.381427969525406e-06 
 7.014552984199398e+00  8.746634032331150e-05  4.376188806406587e-06 
 7.030723198838018e+00  8.736175207492545e-05  4.370955960031914e-06 
 7.046930689671152e+00  8.725728992492323e-05  4.365729422716629e-06 
 7.063175542629301e+00  8.715295371989949e-05  4.360509186785433e-06 
 7.079457843841059e+00  8.704874330663723e-05  4.355295244572442e-06 
 7.095777679633566e+00  8.694465853210776e-05  4.350087588421193e-06 
 7.112135136532967e+00  8.684069924347024e-05  4.344886210684642e-06 
 7.128530301264871e+00  8.673686528807201e-05  4.339691103725124e-06 
 7.144963260754809e+00  8.663315651344745e-05  4.334502259914368e-06 
 7.161434102128695e+00  8.652957276731865e-05  4.329319671633470e-06 
 7.177942912713291e+00  8.642611389759469e-05  4.324143331272890e-06 
 7.194489780036667e+00  8.632277975237139e-05  4.318973231232438e-06 
 7.211074791828668e+00  8.621957017993134e-05  4.313809363921252e-06 
 7.227698036021373e+00  8.611648502874338e-05  4.308651721757808e-06 
 7.244359600749569e+00  8.601352414746248e-05  4.303500297169883e-06 
 7.261059574351215e+00  8.591068738492984e-05  4.298355082594573e-06 
 7.277798045367907e+00  8.580797459017199e-05  4.293216070478249e-06 
 7.294575102545353e+00  8.570538561240119e-05  4.288083253276568e-06 
 7.311390834833839e+00  8.560292030101469e-05  4.282956623454453e-06 
 7.328245331388704e+00  8.550057850559508e-05  4.277836173486092e-06 
 7.345138681570811e+00  8.539836007590937e-05  4.272721895854905e-06 
 7.362070974947021e+00  8.529626486190928e-05  4.267613783053553e-06 
 7.379042301290668e+00  8.519429271373092e-05  4.262511827583917e-06 
 7.396052750582036e+00  8.509244348169437e-05  4.257416021957088e-06 
 7.413102413008832e+00  8.499071701630364e-05  4.252326358693357e-06 
 7.430191378966669e+00  8.488911316824629e-05  4.247242830322205e-06 
 7.447319739059544e+00  8.478763178839334e-05  4.242165429382286e-06 
 7.464487584100318e+00  8.468627272779913e-05  4.237094148421416e-06 
 7.481695005111195e+00  8.458503583770074e-05  4.232028979996573e-06 
 7.498942093324209e+00  8.448392096951794e-05  4.226969916673867e-06 
 7.516228940181705e+00  8.438292797485322e-05  4.221916951028548e-06 
 7.533555637336823e+00  8.428205670549116e-05  4.216870075644981e-06 
 7.550922276653988e+00  8.418130701339845e-05  4.211829283116639e-06 
 7.568328950209390e+00  8.408067875072355e-05  4.206794566046094e-06 
 7.585775750291483e+00  8.398017176979665e-05  4.201765917044999e-06 
 7.603262769401463e+00  8.387978592312911e-05  4.196743328734086e-06 
 7.620790100253763e+00  8.377952106341355e-05  4.191726793743150e-06 
 7.638357835776548e+00  8.367937704352354e-05  4.186716304711038e-06 
 7.655966069112203e+00  8.357935371651331e-05  4.181711854285626e-06 
 7.673614893617828e+00  8.347945093561749e-05  4.176713435123837e-06 
 7.691304402865733e+00  8.337966855425086e-05  4.171721039891606e-06 
 7.709034690643937e+00  8.328000642600869e-05  4.166734661263870e-06 
 7.726805850956658e+00  8.318046440466545e-05  4.161754291924565e-06 
 7.744617978024821e+00  8.308104234417549e-05  4.156779924566610e-06 
 7.762471166286550e+00  8.298174009867257e-05  4.151811551891902e-06 
 7.780365510397671e+00  8.288255752246951e-05  4.146849166611298e-06 
 7.798301105232217e+00  8.278349447005776e-05  4.141892761444603e-06 
 7.816278045882926e+00  8.268455079610798e-05  4.136942329120565e-06 
 7.834296427661745e+00  8.258572635546903e-05  4.131997862376864e-06 
 7.852356346100344e+00  8.248702100316779e-05  4.127059353960092e-06 
 7.870457896950612e+00  8.238843459440949e-05  4.122126796625752e-06 
 7.888601176185168e+00  8.228996698457717e-05  4.117200183138240e-06 
 7.906786279997874e+00  8.219161802923112e-05  4.112279506270841e-06 
 7.925013304804340e+00  8.209338758410924e-05  4.107364758805705e-06 
 7.943282347242436e+00  8.199527550512668e-05  4.102455933533859e-06 
 7.961593504172807e+00  8.189728164837511e-05  4.097553023255169e-06 
 7.979946872679385e+00  8.179940587012330e-05  4.092656020778346e-06 
 7.998342550069901e+00  8.170164802681634e-05  4.087764918920932e-06 
 8.016780633876406e+00  8.160400797507558e-05  4.082879710509293e-06 
 8.035261221855787e+00  8.150648557169832e-05  4.078000388378588e-06 
 8.053784411990279e+00  8.140908067365793e-05  4.073126945372787e-06 
 8.072350302487992e+00  8.131179313810316e-05  4.068259374344643e-06 
 8.090958991783433e+00  8.121462282235823e-05  4.063397668155679e-06 
 8.109610578538016e+00  8.111756958392259e-05  4.058541819676187e-06 
 8.128305161640599e+00  8.102063328047043e-05  4.053691821785209e-06 
 8.147042840208000e+00  8.092381376985098e-05  4.048847667370537e-06 
 8.165823713585526e+00  8.082711091008787e-05  4.044009349328689e-06 
 8.184647881347500e+00  8.073052455937892e-05  4.039176860564899e-06 
 8.203515443297782e+00  8.063405457609611e-05  4.034350193993120e-06 
 8.222426499470309e+00  8.053770081878541e-05  4.029529342536003e-06 
 8.241381150129619e+00  8.044146314616633e-05  4.024714299124887e-06 
 8.260379495771382e+00  8.034534141713170e-05  4.019905056699782e-06 
 8.279421637122935e+00  8.024933549074785e-05  4.015101608209374e-06 
 8.298507675143817e+00  8.015344522625395e-05  4.010303946610996e-06 
 8.317637711026300e+00  8.005767048306197e-05  4.005512064870641e-06 
 8.336811846195932e+00  7.996201112075654e-05  4.000725955962925e-06 
 8.356030182312068e+00  7.986646699909461e-05  3.995945612871084e-06 
 8.375292821268413e+00  7.977103797800524e-05  3.991171028586981e-06 
 8.394599865193561e+00  7.967572391758950e-05  3.986402196111078e-06 
 8.413951416451535e+00  7.958052467812019e-05  3.981639108452418e-06 
 8.433347577642337e+00  7.948544012004156e-05  3.976881758628644e-06 
 8.452788451602480e+00  7.939047010396924e-05  3.972130139665946e-06 
 8.472274141405544e+00  7.929561449068993e-05  3.967384244599099e-06 
 8.491804750362716e+00  7.920087314116107e-05  3.962644066471406e-06 
 8.511380382023342e+00  7.910624591651104e-05  3.957909598334726e-06 
 8.531001140175469e+00  7.901173267803842e-05  3.953180833249441e-06 
 8.550667128846406e+00  7.891733328721220e-05  3.948457764284439e-06 
 8.570378452303268e+00  7.882304760567126e-05  3.943740384517133e-06 
 8.590135215053529e+00  7.872887549522458e-05  3.939028687033423e-06 
 8.609937521845577e+00  7.863481681785025e-05  3.934322664927695e-06 
 8.629785477669271e+00  7.854087143569624e-05  3.929622311302815e-06 
 8.649679187756499e+00  7.844703921107951e-05  3.924927619270108e-06 
 8.669618757581731e+00  7.835332000648600e-05  3.920238581949360e-06 
 8.689604292862581e+00  7.825971368457045e-05  3.915555192468798e-06 
 8.709635899560368e+00  7.816622010815616e-05  3.910877443965079e-06 
 8.729713683880677e+00  7.807283914023470e-05  3.906205329583291e-06 
 8.749837752273919e+00  7.797957064396595e-05  3.901538842476929e-06 
 8.770008211435904e+00  7.788641448267761e-05  3.896877975807891e-06 
 8.790225168308398e+00  7.779337051986511e-05  3.892222722746470e-06 
 8.810488730079694e+00  7.770043861919147e-05  3.887573076471334e-06 
 8.830799004185179e+00  7.760761864448693e-05  3.882929030169532e-06 
 8.851156098307905e+00  7.751491045974882e-05  3.878290577036465e-06 
 8.871560120379158e+00  7.742231392914160e-05  3.873657710275885e-06 
 8.892011178579031e+00  7.732982891699607e-05  3.869030423099890e-06 
 8.912509381337001e+00  7.723745528780978e-05  3.864408708728901e-06 
 8.933054837332497e+00  7.714519290624640e-05  3.859792560391665e-06 
 8.953647655495482e+00  7.705304163713585e-05  3.855181971325234e-06 
 8.974287945007028e+00  7.696100134547367e-05  3.850576934774953e-06 
 8.994975815299894e+00  7.686907189642123e-05  3.845977443994467e-06 
 9.015711376059109e+00  7.677725315530550e-05  3.841383492245694e-06 
 9.036494737222553e+00  7.668554498761824e-05  3.836795072798817e-06 
 9.057326008981537e+00  7.659394725901674e-05  3.832212178932282e-06 
 9.078205301781392e+00  7.650245983532277e-05  3.827634803932776e-06 
 9.099132726322049e+00  7.641108258252292e-05  3.823062941095229e-06 
 9.120108393558629e+00  7.631981536676827e-05  3.818496583722796e-06 
 9.141132414702033e+00  7.622865805437397e-05  3.813935725126844e-06 
 9.162204901219527e+00  7.613761051181925e-05  3.809380358626961e-06 
 9.183325964835337e+00  7.604667260574718e-05  3.804830477550909e-06 
 9.204495717531239e+00  7.595584420296445e-05  3.800286075234661e-06 
 9.225714271547156e+00  7.586512517044113e-05  3.795747145022344e-06 
 9.246981739381749e+00  7.577451537531063e-05  3.791213680266270e-06 
 9.268298233793013e+00  7.568401468486913e-05  3.786685674326890e-06 
 9.289663867798883e+00  7.559362296657579e-05  3.782163120572811e-06 
 9.311078754677821e+00  7.550334008805239e-05  3.777646012380777e-06 
 9.332543007969427e+00  7.541316591708307e-05  3.773134343135648e-06 
 9.354056741475034e+00  7.532310032161414e-05  3.768628106230409e-06 
 9.375620069258316e+00  7.523314316975393e-05  3.764127295066145e-06 
 9.397233105645890e+00  7.514329432977259e-05  3.759631903052041e-06 
 9.418895965227923e+00  7.505355367010195e-05  3.755141923605362e-06 
 9.440608762858743e+00  7.496392105933506e-05  3.750657350151451e-06 
 9.462371613657437e+00  7.487439636622629e-05  3.746178176123717e-06 
 9.484184633008477e+00  7.478497945969097e-05  3.741704394963621e-06 
 9.506047936562318e+00  7.469567020880535e-05  3.737236000120679e-06 
 9.527961640236020e+00  7.460646848280611e-05  3.732772985052429e-06 
 9.549925860213859e+00  7.451737415109047e-05  3.728315343224444e-06 
 9.571940712947942e+00  7.442838708321566e-05  3.723863068110308e-06 
 9.594006315158827e+00  7.433950714889918e-05  3.719416153191612e-06 
 9.616122783836142e+00  7.425073421801817e-05  3.714974591957945e-06 
 9.638290236239198e+00  7.416206816060947e-05  3.710538377906877e-06 
 9.660508789897625e+00  7.407350884686916e-05  3.706107504543954e-06 
 9.682778562611981e+00  7.398505614715275e-05  3.701681965382694e-06 
 9.705099672454384e+00  7.389670993197471e-05  3.697261753944569e-06 
 9.727472237769136e+00  7.380847007200824e-05  3.692846863758990e-06 
 9.749896377173354e+00  7.372033643808513e-05  3.688437288363313e-06 
 9.772372209557590e+00  7.363230890119580e-05  3.684033021302820e-06 
 9.794899854086470e+00  7.354438733248882e-05  3.679634056130702e-06 
 9.817479430199324e+00  7.345657160327072e-05  3.675240386408067e-06 
 9.840111057610816e+00  7.336886158500583e-05  3.670852005703910e-06 
 9.862794856311581e+00  7.328125714931636e-05  3.666468907595126e-06 
 9.885530946568863e+00  7.319375816798167e-05  3.662091085666473e-06 
 9.908319448927148e+00  7.310636451293851e-05  3.657718533510588e-06 
 9.931160484208808e+00  7.301907605628088e-05  3.653351244727962e-06 
 9.954054173514738e+00  7.293189267025924e-05  3.648989212926938e-06 
 9.977000638225000e+00  7.284481422728107e-05  3.644632431723686e-06 
 9.999999999999465e+00  7.275784059991022e-05  3.640280894742219e-06 
 1.002305238077846e+01  7.267097166086666e-05  3.635934595614361e-06 
 1.004615790278341e+01  7.258420728302666e-05  3.631593527979749e-06 
 1.006931668851750e+01  7.249754733942236e-05  3.627257685485818e-06 
 1.009252886076630e+01  7.241099170324151e-05  3.622927061787796e-06 
 1.011579454259844e+01  7.232454024782734e-05  3.618601650548684e-06 
 1.013911385736625e+01  7.223819284667860e-05  3.614281445439267e-06 
 1.016248692870641e+01  7.215194937344891e-05  3.609966440138078e-06 
 1.018591388054062e+01  7.206580970194706e-05  3.605656628331408e-06 
 1.020939483707625e+01  7.197977370613632e-05  3.601352003713290e-06 
 1.023292992280699e+01  7.189384126013470e-05  3.597052559985490e-06 
 1.025651926251352e+01  7.180801223821451e-05  3.592758290857495e-06 
 1.028016298126418e+01  7.172228651480234e-05  3.588469190046504e-06 
 1.030386120441560e+01  7.163666396447841e-05  3.584185251277424e-06 
 1.032761405761341e+01  7.155114446197722e-05  3.579906468282857e-06 
 1.035142166679288e+01  7.146572788218638e-05  3.575632834803077e-06 
 1.037528415817956e+01  7.138041410014728e-05  3.571364344586053e-06 
 1.039920165829002e+01  7.129520299105428e-05  3.567100991387404e-06 
 1.042317429393247e+01  7.121009443025500e-05  3.562842768970416e-06 
 1.044720219220743e+01  7.112508829324948e-05  3.558589671106010e-06 
 1.047128548050842e+01  7.104018445569084e-05  3.554341691572754e-06 
 1.049542428652265e+01  7.095538279338452e-05  3.550098824156841e-06 
 1.051961873823165e+01  7.087068318228812e-05  3.545861062652079e-06 
 1.054386896391201e+01  7.078608549851138e-05  3.541628400859892e-06 
 1.056817509213600e+01  7.070158961831591e-05  3.537400832589298e-06 
 1.059253725177231e+01  7.061719541811515e-05  3.533178351656902e-06 
 1.061695557198666e+01  7.053290277447386e-05  3.528960951886899e-06 
 1.064143018224257e+01  7.044871156410832e-05  3.524748627111049e-06 
 1.066596121230199e+01  7.036462166388577e-05  3.520541371168675e-06 
 1.069054879222599e+01  7.028063295082445e-05  3.516339177906650e-06 
 1.071519305237547e+01  7.019674530209351e-05  3.512142041179397e-06 
 1.073989412341185e+01  7.011295859501247e-05  3.507949954848867e-06 
 1.076465213629775e+01  7.002927270705133e-05  3.503762912784535e-06 
 1.078946722229769e+01  6.994568751583033e-05  3.499580908863394e-06 
 1.081433951297878e+01  6.986220289911971e-05  3.495403936969945e-06 
 1.083926914021143e+01  6.977881873483952e-05  3.491231990996181e-06 
 1.086425623617005e+01  6.969553490105943e-05  3.487065064841585e-06 
 1.088930093333373e+01  6.961235127599862e-05  3.482903152413113e-06 
 1.091440336448696e+01  6.952926773802563e-05  3.478746247625200e-06 
 1.093956366272033e+01  6.944628416565796e-05  3.474594344399732e-06 
 1.096478196143124e+01  6.936340043756205e-05  3.470447436666049e-06 
 1.099005839432460e+01  6.928061643255295e-05  3.466305518360927e-06 
 1.101539309541353e+01  6.919793202959461e-05  3.462168583428581e-06 
 1.104078619902011e+01  6.911534710779894e-05  3.458036625820645e-06 
 1.106623783977604e+01  6.903286154642621e-05  3.453909639496166e-06 
 1.109174815262339e+01  6.895047522488468e-05  3.449787618421597e-06 
 1.111731727281529e+01  6.886818802272947e-05  3.445670556570785e-06 
 1.114294533591667e+01  6.878599981966609e-05  3.441558447924962e-06 
 1.116863247780498e+01  6.870391049554460e-05  3.437451286472740e-06 
 1.119437883467088e+01  6.862191993036347e-05  3.433349066210094e-06 
 1.122018454301900e+01  6.854002800426813e-05  3.429251781140365e-06 
 1.124604973966863e+01  6.845823459755086e-05  3.425159425274234e-06 
 1.127197456175447e+01  6.837653959065070e-05  3.421071992629733e-06 
 1.129795914672734e+01  6.829494286415317e-05  3.416989477232210e-06 
 1.132400363235493e+01  6.821344429879030e-05  3.412911873114353e-06 
 1.135010815672251e+01  6.813204377544004e-05  3.408839174316150e-06 
 1.137627285823366e+01  6.805074117512656e-05  3.404771374884902e-06 
 1.140249787561104e+01  6.796953637901966e-05  3.400708468875197e-06 
 1.142878334789707e+01  6.788842926843484e-05  3.396650450348915e-06 
 1.145512941445471e+01  6.780741972483305e-05  3.392597313375208e-06 
 1.148153621496818e+01  6.772650762982055e-05  3.388549052030503e-06 
 1.150800388944370e+01  6.764569286514855e-05  3.384505660398481e-06 
 1.153453257821027e+01  6.756497531271327e-05  3.380467132570073e-06 
 1.156112242192033e+01  6.748435485455556e-05  3.376433462643450e-06 
 1.158777356155060e+01  6.740383137286101e-05  3.372404644724017e-06 
 1.161448613840276e+01  6.732340474995929e-05  3.368380672924406e-06 
 1.164126029410425e+01  6.724307486832459e-05  3.364361541364457e-06 
 1.166809617060896e+01  6.716284161057482e-05  3.360347244171213e-06 
 1.169499391019804e+01  6.708270485947181e-05  3.356337775478926e-06 
 1.172195365548063e+01  6.700266449792129e-05  3.352333129429023e-06 
 1.174897554939462e+01  6.692272040897200e-05  3.348333300170113e-06 
 1.177605973520740e+01  6.684287247581637e-05  3.344338281857975e-06 
 1.180320635651662e+01  6.676312058178974e-05  3.340348068655551e-06 
 1.183041555725097e+01  6.668346461037053e-05  3.336362654732934e-06 
 1.185768748167092e+01  6.660390444517983e-05  3.332382034267356e-06 
 1.188502227436950e+01  6.652443996998140e-05  3.328406201443186e-06 
 1.191242008027306e+01  6.644507106868130e-05  3.324435150451923e-06 
 1.193988104464204e+01  6.636579762532788e-05  3.320468875492175e-06 
 1.196740531307174e+01  6.628661952411168e-05  3.316507370769662e-06 
 1.199499303149310e+01  6.620753664936489e-05  3.312550630497202e-06 
 1.202264434617343e+01  6.612854888556164e-05  3.308598648894702e-06 
 1.205035940371728e+01  6.604965611731741e-05  3.304651420189151e-06 
 1.207813835106710e+01  6.597085822938913e-05  3.300708938614612e-06 
 1.210598133550412e+01  6.589215510667491e-05  3.296771198412212e-06 
 1.213388850464907e+01  6.581354663421393e-05  3.292838193830133e-06 
 1.216186000646297e+01  6.573503269718602e-05  3.288909919123600e-06 
 1.218989598924796e+01  6.565661318091193e-05  3.284986368554880e-06 
 1.221799660164801e+01  6.557828797085261e-05  3.281067536393268e-06 
 1.224616199264977e+01  6.550005695260955e-05  3.277153416915077e-06 
 1.227439231158336e+01  6.542192001192433e-05  3.273244004403632e-06 
 1.230268770812310e+01  6.534387703467844e-05  3.269339293149264e-06 
 1.233104833228837e+01  6.526592790689323e-05  3.265439277449299e-06 
 1.235947433444438e+01  6.518807251472952e-05  3.261543951608040e-06 
 1.238796586530297e+01  6.511031074448782e-05  3.257653309936775e-06 
 1.241652307592338e+01  6.503264248260776e-05  3.253767346753763e-06 
 1.244514611771312e+01  6.495506761566803e-05  3.249886056384214e-06 
 1.247383514242870e+01  6.487758603038638e-05  3.246009433160290e-06 
 1.250259030217647e+01  6.480019761361924e-05  3.242137471421104e-06 
 1.253141174941342e+01  6.472290225236162e-05  3.238270165512695e-06 
 1.256029963694801e+01  6.464569983374703e-05  3.234407509788031e-06 
 1.258925411794093e+01  6.456859024504713e-05  3.230549498606995e-06 
 1.261827534590596e+01  6.449157337367165e-05  3.226696126336379e-06 
 1.264736347471077e+01  6.441464910716842e-05  3.222847387349875e-06 
 1.267651865857771e+01  6.433781733322270e-05  3.219003276028061e-06 
 1.270574105208467e+01  6.426107793965747e-05  3.215163786758410e-06 
 1.273503081016587e+01  6.418443081443311e-05  3.211328913935255e-06 
 1.276438808811268e+01  6.410787584564720e-05  3.207498651959804e-06 
 1.279381304157449e+01  6.403141292153435e-05  3.203672995240118e-06 
 1.282330582655946e+01  6.395504193046608e-05  3.199851938191108e-06 
 1.285286659943539e+01  6.387876276095059e-05  3.196035475234525e-06 
 1.288249551693058e+01  6.380257530163279e-05  3.192223600798949e-06 
 1.291219273613458e+01  6.372647944129367e-05  3.188416309319788e-06 
 1.294195841449909e+01  6.365047506885065e-05  3.184613595239264e-06 
 1.297179270983879e+01  6.357456207335709e-05  3.180815453006398e-06 
 1.300169578033213e+01  6.349874034400227e-05  3.177021877077018e-06 
 1.303166778452222e+01  6.342300977011106e-05  3.173232861913737e-06 
 1.306170888131764e+01  6.334737024114415e-05  3.169448401985954e-06 
 1.309181922999329e+01  6.327182164669721e-05  3.165668491769835e-06 
 1.312199899019125e+01  6.319636387650141e-05  3.161893125748309e-06 
 1.315224832192160e+01  6.312099682042273e-05  3.158122298411069e-06 
 1.318256738556328e+01  6.304572036846226e-05  3.154356004254549e-06 
 1.321295634186496e+01  6.297053441075549e-05  3.150594237781921e-06 
 1.324341535194585e+01  6.289543883757274e-05  3.146836993503098e-06 
 1.327394457729660e+01  6.282043353931848e-05  3.143084265934704e-06 
 1.330454417978011e+01  6.274551840653148e-05  3.139336049600082e-06 
 1.333521432163244e+01  6.267069332988451e-05  3.135592339029288e-06 
 1.336595516546362e+01  6.259595820018419e-05  3.131853128759062e-06 
 1.339676687425854e+01  6.252131290837097e-05  3.128118413332842e-06 
 1.342764961137783e+01  6.244675734551852e-05  3.124388187300742e-06 
 1.345860354055867e+01  6.237229140283427e-05  3.120662445219558e-06 
 1.348962882591572e+01  6.229791497165861e-05  3.116941181652744e-06 
 1.352072563194196e+01  6.222362794346505e-05  3.113224391170412e-06 
 1.355189412350954e+01  6.214943020985985e-05  3.109512068349319e-06 
 1.358313446587072e+01  6.207532166258228e-05  3.105804207772865e-06 
 1.361444682465867e+01  6.200130219350390e-05  3.102100804031084e-06 
 1.364583136588842e+01  6.192737169462863e-05  3.098401851720627e-06 
 1.367728825595766e+01  6.185353005809276e-05  3.094707345444766e-06 
 1.370881766164770e+01  6.177977717616466e-05  3.091017279813381e-06 
 1.374041975012432e+01  6.170611294124447e-05  3.087331649442945e-06 
 1.377209468893863e+01  6.163253724586402e-05  3.083650448956525e-06 
 1.380384264602801e+01  6.155904998268692e-05  3.079973672983774e-06 
 1.383566378971697e+01  6.148565104450796e-05  3.076301316160916e-06 
 1.386755828871804e+01  6.141234032425334e-05  3.072633373130737e-06 
 1.389952631213269e+01  6.133911771498022e-05  3.068969838542592e-06 
 1.393156802945218e+01  6.126598310987673e-05  3.065310707052376e-06 
 1.396368361055852e+01  6.119293640226177e-05  3.061655973322533e-06 
 1.399587322572533e+01  6.111997748558481e-05  3.058005632022038e-06 
 1.402813704561872e+01  6.104710625342575e-05  3.054359677826393e-06 
 1.406047524129828e+01  6.097432259949480e-05  3.050718105417616e-06 
 1.409288798421789e+01  6.090162641763222e-05  3.047080909484234e-06 
 1.412537544622668e+01  6.082901760180827e-05  3.043448084721285e-06 
 1.415793779956995e+01  6.075649604612294e-05  3.039819625830286e-06 
 1.419057521689005e+01  6.068406164480592e-05  3.036195527519253e-06 
 1.422328787122733e+01  6.061171429221638e-05  3.032575784502666e-06 
 1.425607593602101e+01  6.053945388284266e-05  3.028960391501489e-06 
 1.428893958511015e+01  6.046728031130242e-05  3.025349343243138e-06 
 1.432187899273455e+01  6.039519347234221e-05  3.021742634461489e-06 
 1.435489433353568e+01  6.032319326083670e-05  3.018140259896856e-06 
 1.438798578255757e+01  6.025127957179144e-05  3.014542214296001e-06 
 1.442115351524780e+01  6.017945230033822e-05  3.010948492412108e-06 
 1.445439770745839e+01  6.010771134173801e-05  3.007359089004779e-06 
 1.448771853544672e+01  6.003605659137999e-05  3.003773998840043e-06 
 1.452111617587653e+01  5.996448794478120e-05  3.000193216690325e-06 
 1.455459080581876e+01  5.989300529758683e-05  2.996616737334447e-06 
 1.458814260275258e+01  5.982160854556947e-05  2.993044555557631e-06 
 1.462177174456628e+01  5.975029758462957e-05  2.989476666151471e-06 
 1.465547840955821e+01  5.967907231079479e-05  2.985913063913942e-06 
 1.468926277643776e+01  5.960793262022016e-05  2.982353743649380e-06 
 1.472312502432628e+01  5.953687840918761e-05  2.978798700168481e-06 
 1.475706533275803e+01  5.946590957410621e-05  2.975247928288298e-06 
 1.479108388168116e+01  5.939502601151176e-05  2.971701422832220e-06 
 1.482518085145862e+01  5.932422761806658e-05  2.968159178629969e-06 
 1.485935642286915e+01  5.925351429055950e-05  2.964621190517605e-06 
 1.489361077710823e+01  5.918288592590566e-05  2.961087453337494e-06 
 1.492794409578903e+01  5.911234242114633e-05  2.957557961938324e-06 
 1.496235656094340e+01  5.904188367344883e-05  2.954032711175080e-06 
 1.499684835502280e+01  5.897150958010631e-05  2.950511695909049e-06 
 1.503141966089929e+01  5.890122003853750e-05  2.946994911007802e-06 
 1.506607066186648e+01  5.883101494628681e-05  2.943482351345190e-06 
 1.510080154164054e+01  5.876089420102388e-05  2.939974011801342e-06 
 1.513561248436114e+01  5.869085770054361e-05  2.936469887262642e-06 
 1.517050367459242e+01  5.862090534276606e-05  2.932969972621740e-06 
 1.520547529732400e+01  5.855103702573599e-05  2.929474262777533e-06 
 1.524052753797196e+01  5.848125264762314e-05  2.925982752635160e-06 
 1.527566058237977e+01  5.841155210672173e-05  2.922495437105993e-06 
 1.531087461681934e+01  5.834193530145037e-05  2.919012311107629e-06 
 1.534616982799198e+01  5.827240213035203e-05  2.915533369563888e-06 
 1.538154640302938e+01  5.820295249209385e-05  2.912058607404792e-06 
 1.541700452949462e+01  5.813358628546700e-05  2.908588019566581e-06 
 1.545254439538317e+01  5.806430340938626e-05  2.905121600991676e-06 
 1.548816618912384e+01  5.799510376289028e-05  2.901659346628694e-06 
 1.552387009957984e+01  5.792598724514115e-05  2.898201251432429e-06 
 1.555965631604976e+01  5.785695375542442e-05  2.894747310363851e-06 
 1.559552502826855e+01  5.778800319314878e-05  2.891297518390091e-06 
 1.563147642640855e+01  5.771913545784597e-05  2.887851870484438e-06 
 1.566751070108050e+01  5.765035044917071e-05  2.884410361626333e-06 
 1.570362804333453e+01  5.758164806690047e-05  2.880972986801359e-06 
 1.573982864466120e+01  5.751302821093523e-05  2.877539741001231e-06 
 1.577611269699249e+01  5.744449078129766e-05  2.874110619223795e-06 
 1.581248039270283e+01  5.737603567813244e-05  2.870685616473011e-06 
 1.584893192461013e+01  5.730766280170668e-05  2.867264727758957e-06 
 1.588546748597678e+01  5.723937205240933e-05  2.863847948097812e-06 
 1.592208727051069e+01  5.717116333075116e-05  2.860435272511850e-06 
 1.595879147236631e+01  5.710303653736488e-05  2.857026696029438e-06 
 1.599558028614567e+01  5.703499157301662e-05  2.853622213685022e-06 
 1.603245390689939e+01  5.696702833855772e-05  2.850221820519125e-06 
 1.606941253012775e+01  5.689914673499704e-05  2.846825511578334e-06 
 1.610645635178167e+01  5.683134666345245e-05  2.843433281915296e-06 
 1.614358556826383e+01  5.676362802516281e-05  2.840045126588709e-06 
 1.618080037642962e+01  5.669599072148778e-05  2.836661040663321e-06 
 1.621810097358826e+01  5.662843465390755e-05  2.833281019209907e-06 
 1.625548755750380e+01  5.656095972402306e-05  2.829905057305277e-06 
 1.629296032639618e+01  5.649356583355533e-05  2.826533150032262e-06 
 1.633051947894230e+01  5.642625288434585e-05  2.823165292479712e-06 
 1.636816521427703e+01  5.635902077835597e-05  2.819801479742475e-06 
 1.640589773199434e+01  5.629186941766714e-05  2.816441706921406e-06 
 1.644371723214826e+01  5.622479870448030e-05  2.813085969123346e-06 
 1.648162391525402e+01  5.615780854111631e-05  2.809734261461127e-06 
 1.651961798228908e+01  5.609089883001535e-05  2.806386579053557e-06 
 1.655769963469421e+01  5.602406947373690e-05  2.803042917025409e-06 
 1.659586907437453e+01  5.595732037495963e-05  2.799703270507423e-06 
 1.663412650370062e+01  5.589065143648137e-05  2.796367634636298e-06 
 1.667247212550955e+01  5.582406256121861e-05  2.793036004554669e-06 
 1.671090614310599e+01  5.575755365220672e-05  2.789708375411126e-06 
 1.674942876026329e+01  5.569112461259964e-05  2.786384742360180e-06 
 1.678804018122451e+01  5.562477534566965e-05  2.783065100562275e-06 
 1.682674061070358e+01  5.555850575480753e-05  2.779749445183773e-06 
 1.686553025388631e+01  5.549231574352203e-05  2.776437771396943e-06 
 1.690440931643154e+01  5.542620521543986e-05  2.773130074379964e-06 
 1.694337800447218e+01  5.536017407430580e-05  2.769826349316907e-06 
 1.698243652461634e+01  5.529422222398213e-05  2.766526591397732e-06 
 1.702158508394839e+01  5.522834956844883e-05  2.763230795818288e-06 
 1.706082389003012e+01  5.516255601180327e-05  2.759938957780289e-06 
 1.710015315090176e+01  5.509684145826003e-05  2.756651072491323e-06 
 1.713957307508313e+01  5.503120581215091e-05  2.753367135164839e-06 
 1.717908387157476e+01  5.496564897792465e-05  2.750087141020135e-06 
 1.721868574985894e+01  5.490017086014676e-05  2.746811085282354e-06 
 1.725837891990090e+01  5.483477136349968e-05  2.743538963182489e-06 
 1.729816359214988e+01  5.476945039278204e-05  2.740270769957346e-06 
 1.733803997754024e+01  5.470420785290924e-05  2.737006500849569e-06 
 1.737800828749261e+01  5.463904364891272e-05  2.733746151107619e-06 
 1.741806873391500e+01  5.457395768594011e-05  2.730489715985757e-06 
 1.745822152920389e+01  5.450894986925508e-05  2.727237190744057e-06 
 1.749846688624542e+01  5.444402010423699e-05  2.723988570648383e-06 
 1.753880501841645e+01  5.437916829638096e-05  2.720743850970390e-06 
 1.757923613958576e+01  5.431439435129777e-05  2.717503026987510e-06 
 1.761976046411512e+01  5.424969817471345e-05  2.714266093982954e-06 
 1.766037820686047e+01  5.418507967246938e-05  2.711033047245698e-06 
 1.770108958317304e+01  5.412053875052191e-05  2.707803882070479e-06 
 1.774189480890048e+01  5.405607531494255e-05  2.704578593757780e-06 
 1.778279410038805e+01  5.399168927191775e-05  2.701357177613841e-06 
 1.782378767447971e+01  5.392738052774832e-05  2.698139628950635e-06 
 1.786487574851932e+01  5.386314898884974e-05  2.694925943085862e-06 
 1.790605854035175e+01  5.379899456175209e-05  2.691716115342953e-06 
 1.794733626832407e+01  5.373491715309967e-05  2.688510141051052e-06 
 1.798870915128668e+01  5.367091666965059e-05  2.685308015545019e-06 
 1.803017740859449e+01  5.360699301827734e-05  2.682109734165409e-06 
 1.807174126010806e+01  5.354314610596608e-05  2.678915292258480e-06 
 1.811340092619481e+01  5.347937583981665e-05  2.675724685176174e-06 
 1.815515662773014e+01  5.341568212704259e-05  2.672537908276118e-06 
 1.819700858609862e+01  5.335206487497075e-05  2.669354956921618e-06 
 1.823895702319516e+01  5.328852399104135e-05  2.666175826481639e-06 
 1.828100216142620e+01  5.322505938280764e-05  2.663000512330813e-06 
 1.832314422371088e+01  5.316167095793599e-05  2.659829009849424e-06 
 1.836538343348223e+01  5.309835862420555e-05  2.656661314423406e-06 
 1.840772001468832e+01  5.303512228950834e-05  2.653497421444331e-06 
 1.845015419179349e+01  5.297196186184880e-05  2.650337326309403e-06 
 1.849268618977954e+01  5.290887724934394e-05  2.647181024421457e-06 
 1.853531623414687e+01  5.284586836022301e-05  2.644028511188936e-06 
 1.857804455091573e+01  5.278293510282753e-05  2.640879782025912e-06 
 1.862087136662742e+01  5.272007738561077e-05  2.637734832352048e-06 
 1.866379690834544e+01  5.265729511713845e-05  2.634593657592610e-06 
 1.870682140365674e+01  5.259458820608743e-05  2.631456253178461e-06 
 1.874994508067292e+01  5.253195656124656e-05  2.628322614546043e-06 
 1.879316816803141e+01  5.246940009151609e-05  2.625192737137375e-06 
 1.883649089489673e+01  5.240691870590761e-05  2.622066616400051e-06 
 1.887991349096166e+01  5.234451231354390e-05  2.618944247787225e-06 
 1.892343618644847e+01  5.228218082365887e-05  2.615825626757612e-06 
 1.896705921211018e+01  5.221992414559728e-05  2.612710748775475e-06 
 1.901078279923171e+01  5.215774218881470e-05  2.609599609310619e-06 
 1.905460717963118e+01  5.209563486287739e-05  2.606492203838389e-06 
 1.909853258566108e+01  5.203360207746215e-05  2.603388527839660e-06 
 1.914255925020955e+01  5.197164374235614e-05  2.600288576800823e-06 
 1.918668740670159e+01  5.190975976745678e-05  2.597192346213796e-06 
 1.923091728910027e+01  5.184795006277158e-05  2.594099831575997e-06 
 1.927524913190804e+01  5.178621453841802e-05  2.591011028390350e-06 
 1.931968317016792e+01  5.172455310462348e-05  2.587925932165277e-06 
 1.936421963946475e+01  5.166296567172499e-05  2.584844538414686e-06 
 1.940885877592645e+01  5.160145215016893e-05  2.581766842657965e-06 
 1.945360081622529e+01  5.154001245051184e-05  2.578692840419984e-06 
 1.949844599757911e+01  5.147864648341897e-05  2.575622527231077e-06 
 1.954339455775260e+01  5.141735415966467e-05  2.572555898627040e-06 
 1.958844673505855e+01  5.135613539013251e-05  2.569492950149126e-06 
 1.963360276835911e+01  5.129499008581510e-05  2.566433677344033e-06 
 1.967886289706709e+01  5.123391815781349e-05  2.563378075763908e-06 
 1.972422736114718e+01  5.117291951733763e-05  2.560326140966323e-06 
 1.976969640111724e+01  5.111199407570584e-05  2.557277868514286e-06 
 1.981527025804961e+01  5.105114174434483e-05  2.554233253976223e-06 
 1.986094917357234e+01  5.099036243478948e-05  2.551192292925976e-06 
 1.990673338987049e+01  5.092965605868281e-05  2.548154980942796e-06 
 1.995262314968742e+01  5.086902252777589e-05  2.545121313611333e-06 
 1.999861869632606e+01  5.080846175392744e-05  2.542091286521636e-06 
 2.004472027365022e+01  5.074797364910400e-05  2.539064895269137e-06 
 2.009092812608588e+01  5.068755812537964e-05  2.536042135454654e-06 
 2.013724249862248e+01  5.062721509493584e-05  2.533023002684376e-06 
 2.018366363681420e+01  5.056694447006131e-05  2.530007492569866e-06 
 2.023019178678130e+01  5.050674616315217e-05  2.526995600728042e-06 
 2.027682719521140e+01  5.044662008671122e-05  2.523987322781179e-06 
 2.032357010936079e+01  5.038656615334846e-05  2.520982654356907e-06 
 2.037042077705576e+01  5.032658427578047e-05  2.517981591088188e-06 
 2.041737944669386e+01  5.026667436683054e-05  2.514984128613326e-06 
 2.046444636724530e+01  5.020683633942848e-05  2.511990262575948e-06 
 2.051162178825421e+01  5.014707010661046e-05  2.508999988625010e-06 
 2.055890595983997e+01  5.008737558151888e-05  2.506013302414779e-06 
 2.060629913269855e+01  5.002775267740212e-05  2.503030199604831e-06 
 2.065380155810384e+01  4.996820130761477e-05  2.500050675860046e-06 
 2.070141348790897e+01  4.990872138561717e-05  2.497074726850600e-06 
 2.074913517454764e+01  4.984931282497534e-05  2.494102348251957e-06 
 2.079696687103549e+01  4.978997553936094e-05  2.491133535744865e-06 
 2.084490883097142e+01  4.973070944255105e-05  2.488168285015346e-06 
 2.089296130853893e+01  4.967151444842807e-05  2.485206591754696e-06 
 2.094112455850745e+01  4.961239047097969e-05  2.482248451659471e-06 
 2.098939883623376e+01  4.955333742429854e-05  2.479293860431485e-06 
 2.103778439766327e+01  4.949435522258222e-05  2.476342813777800e-06 
 2.108628149933141e+01  4.943544378013323e-05  2.473395307410727e-06 
 2.113489039836498e+01  4.937660301135864e-05  2.470451337047809e-06 
 2.118361135248352e+01  4.931783283077007e-05  2.467510898411822e-06 
 2.123244462000070e+01  4.925913315298368e-05  2.464573987230769e-06 
 2.128139045982562e+01  4.920050389271979e-05  2.461640599237866e-06 
 2.133044913146426e+01  4.914194496480299e-05  2.458710730171545e-06 
 2.137962089502081e+01  4.908345628416180e-05  2.455784375775439e-06 
 2.142890601119907e+01  4.902503776582873e-05  2.452861531798384e-06 
 2.147830474130382e+01  4.896668932493998e-05  2.449942193994407e-06 
 2.152781734724220e+01  4.890841087673549e-05  2.447026358122717e-06 
 2.157744409152513e+01  4.885020233655867e-05  2.444114019947711e-06 
 2.162718523726867e+01  4.879206361985640e-05  2.441205175238949e-06 
 2.167704104819541e+01  4.873399464217871e-05  2.438299819771166e-06 
 2.172701178863590e+01  4.867599531917883e-05  2.435397949324251e-06 
 2.177709772353004e+01  4.861806556661301e-05  2.432499559683255e-06 
 2.182729911842846e+01  4.856020530034040e-05  2.429604646638367e-06 
 2.187761623949397e+01  4.850241443632288e-05  2.426713205984924e-06 
 2.192804935350293e+01  4.844469289062498e-05  2.423825233523397e-06 
 2.197859872784668e+01  4.838704057941369e-05  2.420940725059383e-06 
 2.202926463053299e+01  4.832945741895845e-05  2.418059676403604e-06 
 2.208004733018742e+01  4.827194332563086e-05  2.415182083371898e-06 
 2.213094709605480e+01  4.821449821590477e-05  2.412307941785209e-06 
 2.218196419800060e+01  4.815712200635588e-05  2.409437247469588e-06 
 2.223309890651244e+01  4.809981461366195e-05  2.406569996256183e-06 
 2.228435149270144e+01  4.804257595460229e-05  2.403706183981232e-06 
 2.233572222830372e+01  4.798540594605801e-05  2.400845806486057e-06 
 2.238721138568179e+01  4.792830450501161e-05  2.397988859617060e-06 
 2.243881923782606e+01  4.787127154854696e-05  2.395135339225712e-06 
 2.249054605835620e+01  4.781430699384925e-05  2.392285241168552e-06 
 2.254239212152268e+01  4.775741075822109e-05  2.389438561307177e-06 
 2.259435770220816e+01  4.770058275901703e-05  2.386595295508241e-06 
 2.264644307592897e+01  4.764382291374164e-05  2.383755439643439e-06 
 2.269864851883659e+01  4.758713113998375e-05  2.380918989589513e-06 
 2.275097430771907e+01  4.753050735543289e-05  2.378085941228236e-06 
 2.280342072000254e+01  4.747395147787915e-05  2.375256290446409e-06 
 2.285598803375265e+01  4.741746342521286e-05  2.372430033135856e-06 
 2.290867652767608e+01  4.736104311542463e-05  2.369607165193418e-06 
 2.296148648112196e+01  4.730469046660539e-05  2.366787682520945e-06 
 2.301441817408342e+01  4.724840539694583e-05  2.363971581025291e-06 
 2.306747188719902e+01  4.719218782473669e-05  2.361158856618307e-06 
 2.312064790175427e+01  4.713603766836839e-05  2.358349505216834e-06 
 2.317394649968310e+01  4.707995484633097e-05  2.355543522742701e-06 
 2.322736796356938e+01  4.702393927721405e-05  2.352740905122713e-06 
 2.328091257664839e+01  4.696799087970655e-05  2.349941648288651e-06 
 2.333458062280833e+01  4.691210957259685e-05  2.347145748177261e-06 
 2.338837238659184e+01  4.685629527477164e-05  2.344353200730250e-06 
 2.344228815319751e+01  4.680054790521854e-05  2.341564001894276e-06 
 2.349632820848135e+01  4.674486738302231e-05  2.338778147620952e-06 
 2.355049283895837e+01  4.668925362736714e-05  2.335995633866829e-06 
 2.360478233180404e+01  4.663370655753564e-05  2.333216456593396e-06 
 2.365919697485585e+01  4.657822609290919e-05  2.330440611767069e-06 
 2.371373705661481e+01  4.652281215296747e-05  2.327668095359190e-06 
 2.376840286624702e+01  4.646746465728856e-05  2.324898903346022e-06 
 2.382319469358515e+01  4.641218352554857e-05  2.322133031708735e-06 
 2.387811282913002e+01  4.635696867752177e-05  2.319370476433406e-06 
 2.393315756405212e+01  4.630182003308038e-05  2.316611233511016e-06 
 2.398832919019315e+01  4.624673751219432e-05  2.313855298937433e-06 
 2.404362800006757e+01  4.619172103493130e-05  2.311102668713419e-06 
 2.409905428686418e+01  4.613677052145651e-05  2.308353338844611e-06 
 2.415460834444763e+01  4.608188589203268e-05  2.305607305341528e-06 
 2.421029046736000e+01  4.602706706701983e-05  2.302864564219558e-06 
 2.426610095082237e+01  4.597231396687513e-05  2.300125111498946e-06 
 2.432204009073637e+01  4.591762651215293e-05  2.297388943204803e-06 
 2.437810818368573e+01  4.586300462350457e-05  2.294656055367089e-06 
 2.443430552693792e+01  4.580844822167816e-05  2.291926444020605e-06 
 2.449063241844565e+01  4.575395722751857e-05  2.289200105204998e-06 
 2.454708915684850e+01  4.569953156196728e-05  2.286477034964748e-06 
 2.460367604147446e+01  4.564517114606223e-05  2.283757229349157e-06 
 2.466039337234157e+01  4.559087590093781e-05  2.281040684412356e-06 
 2.471724145015948e+01  4.553664574782461e-05  2.278327396213289e-06 
 2.477422057633103e+01  4.548248060804940e-05  2.275617360815709e-06 
 2.483133105295387e+01  4.542838040303487e-05  2.272910574288174e-06 
 2.488857318282207e+01  4.537434505429975e-05  2.270207032704041e-06 
 2.494594726942770e+01  4.532037448345843e-05  2.267506732141455e-06 
 2.500345361696246e+01  4.526646861222106e-05  2.264809668683357e-06 
 2.506109253031928e+01  4.521262736239322e-05  2.262115838417457e-06 
 2.511886431509394e+01  4.515885065587609e-05  2.259425237436246e-06 
 2.517676927758669e+01  4.510513841466564e-05  2.256737861836984e-06 
 2.523480772480388e+01  4.505149056085412e-05  2.254053707721689e-06 
 2.529297996445957e+01  4.499790701662784e-05  2.251372771197139e-06 
 2.535128630497719e+01  4.494438770426846e-05  2.248695048374865e-06 
 2.540972705549116e+01  4.489093254615245e-05  2.246020535371140e-06 
 2.546830252584852e+01  4.483754146475096e-05  2.243349228306980e-06 
 2.552701302661057e+01  4.478421438262976e-05  2.240681123308125e-06 
 2.558585886905455e+01  4.473095122244910e-05  2.238016216505058e-06 
 2.564484036517527e+01  4.467775190696367e-05  2.235354504032969e-06 
 2.570395782768673e+01  4.462461635902244e-05  2.232695982031774e-06 
 2.576321157002383e+01  4.457154450156837e-05  2.230040646646094e-06 
 2.582260190634404e+01  4.451853625763855e-05  2.227388494025260e-06 
 2.588212915152899e+01  4.446559155036402e-05  2.224739520323292e-06 
 2.594179362118621e+01  4.441271030296957e-05  2.222093721698910e-06 
 2.600159563165078e+01  4.435989243877361e-05  2.219451094315520e-06 
 2.606153549998701e+01  4.430713788118816e-05  2.216811634341212e-06 
 2.612161354399011e+01  4.425444655371880e-05  2.214175337948744e-06 
 2.618183008218790e+01  4.420181837996422e-05  2.211542201315550e-06 
 2.624218543384245e+01  4.414925328361651e-05  2.208912220623725e-06 
 2.630267991895185e+01  4.409675118846077e-05  2.206285392060022e-06 
 2.636331385825182e+01  4.404431201837514e-05  2.203661711815851e-06 
 2.642408757321748e+01  4.399193569733066e-05  2.201041176087264e-06 
 2.648500138606502e+01  4.393962214939101e-05  2.198423781074955e-06 
 2.654605561975340e+01  4.388737129871260e-05  2.195809522984253e-06 
 2.660725059798609e+01  4.383518306954440e-05  2.193198398025119e-06 
 2.666858664521279e+01  4.378305738622769e-05  2.190590402412137e-06 
 2.673006408663110e+01  4.373099417319623e-05  2.187985532364506e-06 
 2.679168324818830e+01  4.367899335497578e-05  2.185383784106041e-06 
 2.685344445658304e+01  4.362705485618430e-05  2.182785153865164e-06 
 2.691534803926712e+01  4.357517860153165e-05  2.180189637874898e-06 
 2.697739432444716e+01  4.352336451581963e-05  2.177597232372859e-06 
 2.703958364108639e+01  4.347161252394156e-05  2.175007933601253e-06 
 2.710191631890637e+01  4.341992255088261e-05  2.172421737806873e-06 
 2.716439268838877e+01  4.336829452171943e-05  2.169838641241089e-06 
 2.722701308077706e+01  4.331672836161991e-05  2.167258640159845e-06 
 2.728977782807834e+01  4.326522399584347e-05  2.164681730823652e-06 
 2.735268726306505e+01  4.321378134974033e-05  2.162107909497674e-06 
 2.741574171927675e+01  4.316240034875228e-05  2.159537172451350e-06 
 2.747894153102188e+01  4.311108091841173e-05  2.156969515958953e-06 
 2.754228703337957e+01  4.305982298434193e-05  2.154404936299208e-06 
 2.760577856220136e+01  4.300862647225692e-05  2.151843429755378e-06 
 2.766941645411301e+01  4.295749130796133e-05  2.149284992615254e-06 
 2.773320104651630e+01  4.290641741735036e-05  2.146729621171165e-06 
 2.779713267759077e+01  4.285540472640943e-05  2.144177311719957e-06 
 2.786121168629558e+01  4.280445316121444e-05  2.141628060562992e-06 
 2.792543841237125e+01  4.275356264793131e-05  2.139081864006143e-06 
 2.798981319634149e+01  4.270273311281616e-05  2.136538718359794e-06 
 2.805433637951499e+01  4.265196448221485e-05  2.133998619938822e-06 
 2.811900830398725e+01  4.260125668256332e-05  2.131461565062608e-06 
 2.818382931264238e+01  4.255060964038703e-05  2.128927550055011e-06 
 2.824879974915491e+01  4.250002328230117e-05  2.126396571244380e-06 
 2.831391995799162e+01  4.244949753501031e-05  2.123868624963542e-06 
 2.837919028441338e+01  4.239903232530808e-05  2.121343707549797e-06 
 2.844461107447697e+01  4.234862758007882e-05  2.118821815344909e-06 
 2.851018267503690e+01  4.229828322629448e-05  2.116302944695108e-06 
 2.857590543374727e+01  4.224799919101663e-05  2.113787091951074e-06 
 2.864177969906360e+01  4.219777540139583e-05  2.111274253467944e-06 
 2.870780582024469e+01  4.214761178467143e-05  2.108764425605294e-06 
 2.877398414735447e+01  4.209750826817145e-05  2.106257604727146e-06 
 2.884031503126383e+01  4.204746477931272e-05  2.103753787201951e-06 
 2.890679882365252e+01  4.199748124560044e-05  2.101252969402593e-06 
 2.897343587701099e+01  4.194755759462826e-05  2.098755147706374e-06 
 2.904022654464226e+01  4.189769375407813e-05  2.096260318495019e-06 
 2.910717118066380e+01  4.184788965172013e-05  2.093768478154662e-06 
 2.917427014000940e+01  4.179814521541250e-05  2.091279623075844e-06 
 2.924152377843108e+01  4.174846037310146e-05  2.088793749653511e-06 
 2.930893245250093e+01  4.169883505282102e-05  2.086310854287001e-06 
 2.937649651961302e+01  4.164926918269304e-05  2.083830933380044e-06 
 2.944421633798532e+01  4.159976269092691e-05  2.081353983340759e-06 
 2.951209226666156e+01  4.155031550581962e-05  2.078880000581636e-06 
 2.958012466551315e+01  4.150092755575564e-05  2.076408981519549e-06 
 2.964831389524111e+01  4.145159876920674e-05  2.073940922575736e-06 
 2.971666031737794e+01  4.140232907473190e-05  2.071475820175799e-06 
 2.978516429428957e+01  4.135311840097709e-05  2.069013670749700e-06 
 2.985382618917727e+01  4.130396667667543e-05  2.066554470731753e-06 
 2.992264636607955e+01  4.125487383064698e-05  2.064098216560620e-06 
 2.999162518987417e+01  4.120583979179839e-05  2.061644904679304e-06 
 3.006076302627996e+01  4.115686448912315e-05  2.059194531535145e-06 
 3.013006024185885e+01  4.110794785170130e-05  2.056747093579816e-06 
 3.019951720401779e+01  4.105908980869934e-05  2.054302587269320e-06 
 3.026913428101068e+01  4.101029028937004e-05  2.051861009063970e-06 
 3.033891184194033e+01  4.096154922305260e-05  2.049422355428406e-06 
 3.040885025676041e+01  4.091286653917219e-05  2.046986622831571e-06 
 3.047894989627744e+01  4.086424216724015e-05  2.044553807746716e-06 
 3.054921113215273e+01  4.081567603685380e-05  2.042123906651393e-06 
 3.061963433690437e+01  4.076716807769607e-05  2.039696916027445e-06 
 3.069021988390916e+01  4.071871821953580e-05  2.037272832361006e-06 
 3.076096814740466e+01  4.067032639222740e-05  2.034851652142493e-06 
 3.083187950249111e+01  4.062199252571080e-05  2.032433371866602e-06 
 3.090295432513347e+01  4.057371655001134e-05  2.030017988032305e-06 
 3.097419299216336e+01  4.052549839523970e-05  2.027605497142836e-06 
 3.104559588128111e+01  4.047733799159177e-05  2.025195895705698e-06 
 3.111716337105772e+01  4.042923526934832e-05  2.022789180232646e-06 
 3.118889584093690e+01  4.038119015887482e-05  2.020385347239692e-06 
 3.126079367123708e+01  4.033320259062317e-05  2.017984393247091e-06 
 3.133285724315338e+01  4.028527249512837e-05  2.015586314779346e-06 
 3.140508693875969e+01  4.023739980301075e-05  2.013191108365189e-06 
 3.147748314101067e+01  4.018958444497514e-05  2.010798770537588e-06 
 3.155004623374377e+01  4.014182635181088e-05  2.008409297833736e-06 
 3.162277660168129e+01  4.009412545439158e-05  2.006022686795047e-06 
 3.169567463043240e+01  4.004648168367521e-05  2.003638933967152e-06 
 3.176874070649519e+01  3.999889497070390e-05  2.001258035899890e-06 
 3.184197521725872e+01  3.995136524660371e-05  1.998879989147308e-06 
 3.191537855100508e+01  3.990389244258484e-05  1.996504790267651e-06 
 3.198895109691144e+01  3.985647648994112e-05  1.994132435823361e-06 
 3.206269324505211e+01  3.980911732005031e-05  1.991762922381070e-06 
 3.213660538640062e+01  3.976181486437375e-05  1.989396246511593e-06 
 3.221068791283178e+01  3.971456905445621e-05  1.987032404789926e-06 
 3.228494121712378e+01  3.966737982192605e-05  1.984671393795238e-06 
 3.235936569296025e+01  3.962024709849490e-05  1.982313210110869e-06 
 3.243396173493234e+01  3.957317081595764e-05  1.979957850324322e-06 
 3.250872973854084e+01  3.952615090619168e-05  1.977605311027262e-06 
 3.258367010019828e+01  3.947918730115911e-05  1.975255588815502e-06 
 3.265878321723097e+01  3.943227993290336e-05  1.972908680289011e-06 
 3.273406948788120e+01  3.938542873355110e-05  1.970564582051896e-06 
 3.280952931130928e+01  3.933863363531188e-05  1.968223290712406e-06 
 3.288516308759567e+01  3.929189457047779e-05  1.965884802882920e-06 
 3.296097121774314e+01  3.924521147142344e-05  1.963549115179949e-06 
 3.303695410367883e+01  3.919858427060575e-05  1.961216224224129e-06 
 3.311311214825646e+01  3.915201290056414e-05  1.958886126640208e-06 
 3.318944575525838e+01  3.910549729392012e-05  1.956558819057053e-06 
 3.326595532939778e+01  3.905903738337737e-05  1.954234298107635e-06 
 3.334264127632082e+01  3.901263310172152e-05  1.951912560429032e-06 
 3.341950400260874e+01  3.896628438182015e-05  1.949593602662417e-06 
 3.349654391578007e+01  3.891999115662261e-05  1.947277421453058e-06 
 3.357376142429277e+01  3.887375335916004e-05  1.944964013450308e-06 
 3.365115693754637e+01  3.882757092254506e-05  1.942653375307610e-06 
 3.372873086588417e+01  3.878144377997190e-05  1.940345503682475e-06 
 3.380648362059544e+01  3.873537186471617e-05  1.938040395236496e-06 
 3.388441561391753e+01  3.868935511013468e-05  1.935738046635328e-06 
 3.396252725903810e+01  3.864339344966565e-05  1.933438454548691e-06 
 3.404081897009734e+01  3.859748681682827e-05  1.931141615650363e-06 
 3.411929116219009e+01  3.855163514522271e-05  1.928847526618175e-06 
 3.419794425136812e+01  3.850583836853017e-05  1.926556184134010e-06 
 3.427677865464226e+01  3.846009642051251e-05  1.924267584883782e-06 
 3.435579478998469e+01  3.841440923501238e-05  1.921981725557455e-06 
 3.443499307633106e+01  3.836877674595308e-05  1.919698602849020e-06 
 3.451437393358283e+01  3.832319888733827e-05  1.917418213456500e-06 
 3.459393778260939e+01  3.827767559325221e-05  1.915140554081941e-06 
 3.467368504525036e+01  3.823220679785930e-05  1.912865621431397e-06 
 3.475361614431777e+01  3.818679243540427e-05  1.910593412214951e-06 
 3.483373150359836e+01  3.814143244023800e-05  1.908323923146683e-06 
 3.491403154785579e+01  3.809612674671305e-05  1.906057150944683e-06 
 3.499451670283289e+01  3.805087528933987e-05  1.903793092331033e-06 
 3.507518739525396e+01  3.800567800268390e-05  1.901531744031814e-06 
 3.515604405282696e+01  3.796053482138899e-05  1.899273102777093e-06 
 3.523708710424585e+01  3.791544568017899e-05  1.897017165300921e-06 
 3.531831697919282e+01  3.787041051385732e-05  1.894763928341329e-06 
 3.539973410834059e+01  3.782542925730679e-05  1.892513388640319e-06 
 3.548133892335466e+01  3.778050184548960e-05  1.890265542943865e-06 
 3.556313185689564e+01  3.773562821344711e-05  1.888020388001905e-06 
 3.564511334262152e+01  3.769080829629991e-05  1.885777920568333e-06 
 3.572728381518998e+01  3.764604202924755e-05  1.883538137401003e-06 
 3.580964371026068e+01  3.760132934756847e-05  1.881301035261712e-06 
 3.589219346449759e+01  3.755667018662009e-05  1.879066610916206e-06 
 3.597493351557129e+01  3.751206448183844e-05  1.876834861134171e-06 
 3.605786430216130e+01  3.746751216873832e-05  1.874605782689225e-06 
 3.614098626395838e+01  3.742301318291303e-05  1.872379372358919e-06 
 3.622429984166691e+01  3.737856746003426e-05  1.870155626924727e-06 
 3.630780547700717e+01  3.733417493585214e-05  1.867934543172047e-06 
 3.639150361271774e+01  3.728983554619505e-05  1.865716117890188e-06 
 3.647539469255780e+01  3.724554922696946e-05  1.863500347872373e-06 
 3.655947916130950e+01  3.720131591416000e-05  1.861287229915729e-06 
 3.664375746478033e+01  3.715713554382926e-05  1.859076760821289e-06 
 3.672823004980546e+01  3.711300805211774e-05  1.856868937393974e-06 
 3.681289736425013e+01  3.706893337524355e-05  1.854663756442602e-06 
 3.689775985701201e+01  3.702491144950270e-05  1.852461214779881e-06 
 3.698281797802358e+01  3.698094221126866e-05  1.850261309222396e-06 
 3.706807217825455e+01  3.693702559699242e-05  1.848064036590608e-06 
 3.715352290971420e+01  3.689316154320244e-05  1.845869393708856e-06 
 3.723917062545379e+01  3.684934998650437e-05  1.843677377405344e-06 
 3.732501577956899e+01  3.680559086358116e-05  1.841487984512137e-06 
 3.741105882720225e+01  3.676188411119263e-05  1.839301211865162e-06 
 3.749730022454526e+01  3.671822966617622e-05  1.837117056304197e-06 
 3.758374042884132e+01  3.667462746544581e-05  1.834935514672871e-06 
 3.767037989838778e+01  3.663107744599210e-05  1.832756583818654e-06 
 3.775721909253848e+01  3.658757954488266e-05  1.830580260592856e-06 
 3.784425847170620e+01  3.654413369926163e-05  1.828406541850624e-06 
 3.793149849736506e+01  3.650073984634982e-05  1.826235424450935e-06 
 3.801893963205298e+01  3.645739792344443e-05  1.824066905256587e-06 
 3.810658233937415e+01  3.641410786791890e-05  1.821900981134204e-06 
 3.819442708400149e+01  3.637086961722317e-05  1.819737648954219e-06 
 3.828247433167909e+01  3.632768310888314e-05  1.817576905590884e-06 
 3.837072454922469e+01  3.628454828050086e-05  1.815418747922252e-06 
 3.845917820453216e+01  3.624146506975442e-05  1.813263172830177e-06 
 3.854783576657398e+01  3.619843341439755e-05  1.811110177200317e-06 
 3.863669770540371e+01  3.615545325226045e-05  1.808959757922113e-06 
 3.872576449215850e+01  3.611252452124829e-05  1.806811911888802e-06 
 3.881503659906159e+01  3.606964715934210e-05  1.804666635997396e-06 
 3.890451449942481e+01  3.602682110459859e-05  1.802523927148693e-06 
 3.899419866765108e+01  3.598404629514964e-05  1.800383782247263e-06 
 3.908408957923694e+01  3.594132266920252e-05  1.798246198201440e-06 
 3.917418771077504e+01  3.589865016503997e-05  1.796111171923330e-06 
 3.926449353995670e+01  3.585602872101958e-05  1.793978700328791e-06 
 3.935500754557445e+01  3.581345827557418e-05  1.791848780337444e-06 
 3.944573020752453e+01  3.577093876721157e-05  1.789721408872656e-06 
 3.953666200680947e+01  3.572847013451427e-05  1.787596582861541e-06 
 3.962780342554061e+01  3.568605231613964e-05  1.785474299234955e-06 
 3.971915494694069e+01  3.564368525081984e-05  1.783354554927488e-06 
 3.981071705534637e+01  3.560136887736158e-05  1.781237346877468e-06 
 3.990249023621084e+01  3.555910313464595e-05  1.779122672026945e-06 
 3.999447497610637e+01  3.551688796162858e-05  1.777010527321696e-06 
 4.008667176272690e+01  3.547472329733937e-05  1.774900909711213e-06 
 4.017908108489060e+01  3.543260908088246e-05  1.772793816148705e-06 
 4.027170343254251e+01  3.539054525143617e-05  1.770689243591088e-06 
 4.036453929675709e+01  3.534853174825281e-05  1.768587188998986e-06 
 4.045758916974085e+01  3.530656851065865e-05  1.766487649336719e-06 
 4.055085354483496e+01  3.526465547805387e-05  1.764390621572306e-06 
 4.064433291651784e+01  3.522279258991192e-05  1.762296102677456e-06 
 4.073802778040783e+01  3.518097978578131e-05  1.760204089627564e-06 
 4.083193863326576e+01  3.513921700528283e-05  1.758114579401708e-06 
 4.092606597299762e+01  3.509750418811110e-05  1.756027568982644e-06 
 4.102041029865720e+01  3.505584127403432e-05  1.753943055356798e-06 
 4.111497211044873e+01  3.501422820289394e-05  1.751861035514271e-06 
 4.120975190972952e+01  3.497266491460457e-05  1.749781506448821e-06 
 4.130475019901262e+01  3.493115134915404e-05  1.747704465157869e-06 
 4.139996748196952e+01  3.488968744660329e-05  1.745629908642490e-06 
 4.149540426343276e+01  3.484827314708608e-05  1.743557833907413e-06 
 4.159106104939866e+01  3.480690839080912e-05  1.741488237961005e-06 
 4.168693834702998e+01  3.476559311805196e-05  1.739421117815285e-06 
 4.178303666465861e+01  3.472432726916672e-05  1.737356470485899e-06 
 4.187935651178826e+01  3.468311078457815e-05  1.735294292992132e-06 
 4.197589839909717e+01  3.464194360478371e-05  1.733234582356896e-06 
 4.207266283844081e+01  3.460082567035299e-05  1.731177335606728e-06 
 4.216965034285462e+01  3.455975692192809e-05  1.729122549771780e-06 
 4.226686142655668e+01  3.451873730022329e-05  1.727070221885821e-06 
 4.236429660495048e+01  3.447776674602516e-05  1.725020348986233e-06 
 4.246195639462765e+01  3.443684520019222e-05  1.722972928114002e-06 
 4.255984131337065e+01  3.439597260365497e-05  1.720927956313711e-06 
 4.265795188015560e+01  3.435514889741585e-05  1.718885430633550e-06 
 4.275628861515494e+01  3.431437402254867e-05  1.716845348125290e-06 
 4.285485203974027e+01  3.427364792020019e-05  1.714807705844299e-06 
 4.295364267648503e+01  3.423297053158767e-05  1.712772500849527e-06 
 4.305266104916736e+01  3.419234179800014e-05  1.710739730203500e-06 
 4.315190768277281e+01  3.415176166079815e-05  1.708709390972323e-06 
 4.325138310349715e+01  3.411123006141373e-05  1.706681480225670e-06 
 4.335108783874915e+01  3.407074694135010e-05  1.704655995036782e-06 
 4.345102241715341e+01  3.403031224218157e-05  1.702632932482460e-06 
 4.355118736855310e+01  3.398992590555373e-05  1.700612289643063e-06 
 4.365158322401283e+01  3.394958787318266e-05  1.698594063602506e-06 
 4.375221051582143e+01  3.390929808685667e-05  1.696578251448248e-06 
 4.385306977749478e+01  3.386905648843363e-05  1.694564850271297e-06 
 4.395416154377865e+01  3.382886301984262e-05  1.692553857166199e-06 
 4.405548635065152e+01  3.378871762308337e-05  1.690545269231035e-06 
 4.415704473532743e+01  3.374862024022619e-05  1.688539083567421e-06 
 4.425883723625883e+01  3.370857081341179e-05  1.686535297280492e-06 
 4.436086439313942e+01  3.366856928485149e-05  1.684533907478915e-06 
 4.446312674690702e+01  3.362861559682671e-05  1.682534911274870e-06 
 4.456562483974647e+01  3.358870969168928e-05  1.680538305784053e-06 
 4.466835921509244e+01  3.354885151186067e-05  1.678544088125667e-06 
 4.477133041763237e+01  3.350904099983372e-05  1.676552255422424e-06 
 4.487453899330932e+01  3.346927809816990e-05  1.674562804800536e-06 
 4.497798548932489e+01  3.342956274950111e-05  1.672575733389712e-06 
 4.508167045414209e+01  3.338989489652895e-05  1.670591038323151e-06 
 4.518559443748831e+01  3.335027448202481e-05  1.668608716737542e-06 
 4.528975799035813e+01  3.331070144882968e-05  1.666628765773060e-06 
 4.539416166501636e+01  3.327117573985411e-05  1.664651182573356e-06 
 4.549880601500089e+01  3.323169729807807e-05  1.662675964285560e-06 
 4.560369159512564e+01  3.319226606655100e-05  1.660703108060269e-06 
 4.570881896148352e+01  3.315288198839155e-05  1.658732611051550e-06 
 4.581418867144935e+01  3.311354500678761e-05  1.656764470416935e-06 
 4.591980128368285e+01  3.307425506499614e-05  1.654798683317406e-06 
 4.602565735813158e+01  3.303501210634322e-05  1.652835246917407e-06 
 4.613175745603391e+01  3.299581607422384e-05  1.650874158384829e-06 
 4.623810213992199e+01  3.295666691210185e-05  1.648915414891007e-06 
 4.634469197362476e+01  3.291756456350993e-05  1.646959013610722e-06 
 4.645152752227089e+01  3.287850897204934e-05  1.645004951722188e-06 
 4.655860935229182e+01  3.283950008138991e-05  1.643053226407053e-06 
 4.666593803142478e+01  3.280053783527049e-05  1.641103834850394e-06 
 4.677351412871572e+01  3.276162217749786e-05  1.639156774240713e-06 
 4.688133821452242e+01  3.272275305194727e-05  1.637212041769933e-06 
 4.698941086051742e+01  3.268393040256220e-05  1.635269634633388e-06 
 4.709773263969116e+01  3.264515417335458e-05  1.633329550029831e-06 
 4.720630412635491e+01  3.260642430840417e-05  1.631391785161420e-06 
 4.731512589614389e+01  3.256774075185895e-05  1.629456337233715e-06 
 4.742419852602030e+01  3.252910344793452e-05  1.627523203455677e-06 
 4.753352259427635e+01  3.249051234091494e-05  1.625592381039662e-06 
 4.764309868053738e+01  3.245196737515157e-05  1.623663867201416e-06 
 4.775292736576488e+01  3.241346849506353e-05  1.621737659160072e-06 
 4.786300923225962e+01  3.237501564513763e-05  1.619813754138149e-06 
 4.797334486366469e+01  3.233660876992815e-05  1.617892149361540e-06 
 4.808393484496862e+01  3.229824781405687e-05  1.615972842059516e-06 
 4.819477976250848e+01  3.225993272221283e-05  1.614055829464715e-06 
 4.830588020397300e+01  3.222166343915259e-05  1.612141108813145e-06 
 4.841723675840566e+01  3.218343990969959e-05  1.610228677344170e-06 
 4.852885001620781e+01  3.214526207874452e-05  1.608318532300519e-06 
 4.864072056914186e+01  3.210712989124522e-05  1.606410670928270e-06 
 4.875284901033432e+01  3.206904329222629e-05  1.604505090476853e-06 
 4.886523593427903e+01  3.203100222677936e-05  1.602601788199041e-06 
 4.897788193684028e+01  3.199300664006266e-05  1.600700761350952e-06 
 4.909078761525596e+01  3.195505647730126e-05  1.598802007192038e-06 
 4.920395356814073e+01  3.191715168378644e-05  1.596905522985087e-06 
 4.931738039548921e+01  3.187929220487722e-05  1.595011305996212e-06 
 4.943106869867915e+01  3.184147798599776e-05  1.593119353494856e-06 
 4.954501908047462e+01  3.180370897263916e-05  1.591229662753779e-06 
 4.965923214502919e+01  3.176598511035871e-05  1.589342231049061e-06 
 4.977370849788917e+01  3.172830634477995e-05  1.587457055660093e-06 
 4.988844874599678e+01  3.169067262159255e-05  1.585574133869574e-06 
 5.000345349769340e+01  3.165308388655222e-05  1.583693462963509e-06 
 5.011872336272277e+01  3.161554008548068e-05  1.581815040231205e-06 
 5.023425895223424e+01  3.157804116426547e-05  1.579938862965263e-06 
 5.035006087878600e+01  3.154058706885995e-05  1.578064928461577e-06 
 5.046612975634834e+01  3.150317774528326e-05  1.576193234019330e-06 
 5.058246620030690e+01  3.146581313962011e-05  1.574323776940991e-06 
 5.069907082746592e+01  3.142849319802089e-05  1.572456554532307e-06 
 5.081594425605152e+01  3.139121786670098e-05  1.570591564102300e-06 
 5.093308710571500e+01  3.135398709194235e-05  1.568728802963272e-06 
 5.105049999753607e+01  3.131680082009117e-05  1.566868268430783e-06 
 5.116818355402621e+01  3.127965899755919e-05  1.565009957823663e-06 
 5.128613839913191e+01  3.124256157082334e-05  1.563153868464003e-06 
 5.140436515823801e+01  3.120550848642568e-05  1.561299997677148e-06 
 5.152286445817104e+01  3.116849969097323e-05  1.559448342791699e-06 
 5.164163692720248e+01  3.113153513113798e-05  1.557598901139501e-06 
 5.176068319505213e+01  3.109461475365623e-05  1.555751670055644e-06 
 5.188000389289147e+01  3.105773850533040e-05  1.553906646878460e-06 
 5.199959965334694e+01  3.102090633302632e-05  1.552063828949518e-06 
 5.211947111050337e+01  3.098411818367489e-05  1.550223213613616e-06 
 5.223961889990729e+01  3.094737400427145e-05  1.548384798218787e-06 
 5.236004365857032e+01  3.091067374187588e-05  1.546548580116282e-06 
 5.248074602497254e+01  3.087401734361229e-05  1.544714556660571e-06 
 5.260172663906589e+01  3.083740475666924e-05  1.542882725209351e-06 
 5.272298614227753e+01  3.080083592829944e-05  1.541053083123522e-06 
 5.284452517751328e+01  3.076431080581966e-05  1.539225627767196e-06 
 5.296634438916100e+01  3.072782933661084e-05  1.537400356507690e-06 
 5.308844442309404e+01  3.069139146811785e-05  1.535577266715520e-06 
 5.321082592667462e+01  3.065499714784936e-05  1.533756355764402e-06 
 5.333348954875728e+01  3.061864632337761e-05  1.531937621031243e-06 
 5.345643593969233e+01  3.058233894233970e-05  1.530121059896139e-06 
 5.357966575132932e+01  3.054607495243518e-05  1.528306669742372e-06 
 5.370317963702041e+01  3.050985430142770e-05  1.526494447956407e-06 
 5.382697825162396e+01  3.047367693714424e-05  1.524684391927879e-06 
 5.395106225150787e+01  3.043754280747528e-05  1.522876499049607e-06 
 5.407543229455318e+01  3.040145186037475e-05  1.521070766717570e-06 
 5.420008904015747e+01  3.036540404385966e-05  1.519267192330920e-06 
 5.432503314923839e+01  3.032939930601037e-05  1.517465773291966e-06 
 5.445026528423717e+01  3.029343759497030e-05  1.515666507006177e-06 
 5.457578610912213e+01  3.025751885894594e-05  1.513869390882178e-06 
 5.470159628939218e+01  3.022164304620667e-05  1.512074422331736e-06 
 5.482769649208038e+01  3.018581010508482e-05  1.510281598769776e-06 
 5.495408738575745e+01  3.015001998397533e-05  1.508490917614357e-06 
 5.508076964053532e+01  3.011427263133643e-05  1.506702376286679e-06 
 5.520774392807070e+01  3.007856799568838e-05  1.504915972211079e-06 
 5.533501092156862e+01  3.004290602561432e-05  1.503131702815019e-06 
 5.546257129578601e+01  3.000728666975978e-05  1.501349565529094e-06 
 5.559042572703527e+01  2.997170987683263e-05  1.499569557787022e-06 
 5.571857489318788e+01  2.993617559560357e-05  1.497791677025636e-06 
 5.584701947367796e+01  2.990068377490500e-05  1.496015920684886e-06 
 5.597576014950589e+01  2.986523436363182e-05  1.494242286207837e-06 
 5.610479760324191e+01  2.982982731074087e-05  1.492470771040660e-06 
 5.623413251902975e+01  2.979446256525116e-05  1.490701372632627e-06 
 5.636376558259027e+01  2.975914007624362e-05  1.488934088436117e-06 
 5.649369748122506e+01  2.972385979286105e-05  1.487168915906596e-06 
 5.662392890382012e+01  2.968862166430815e-05  1.485405852502635e-06 
 5.675446054084949e+01  2.965342563985128e-05  1.483644895685881e-06 
 5.688529308437890e+01  2.961827166881849e-05  1.481886042921076e-06 
 5.701642722806949e+01  2.958315970059946e-05  1.480129291676040e-06 
 5.714786366718143e+01  2.954808968464476e-05  1.478374639421667e-06 
 5.727960309857763e+01  2.951306157046787e-05  1.476622083631931e-06 
 5.741164622072745e+01  2.947807530764227e-05  1.474871621783872e-06 
 5.754399373371037e+01  2.944313084580326e-05  1.473123251357596e-06 
 5.767664633921974e+01  2.940822813464720e-05  1.471376969836275e-06 
 5.780960474056646e+01  2.937336712393171e-05  1.469632774706137e-06 
 5.794286964268274e+01  2.933854776347540e-05  1.467890663456463e-06 
 5.807644175212582e+01  2.930377000315778e-05  1.466150633579591e-06 
 5.821032177708175e+01  2.926903379291948e-05  1.464412682570902e-06 
 5.834451042736907e+01  2.923433908276178e-05  1.462676807928821e-06 
 5.847900841444265e+01  2.919968582274690e-05  1.460943007154813e-06 
 5.861381645139743e+01  2.916507396299712e-05  1.459211277753382e-06 
 5.874893525297222e+01  2.913050345369666e-05  1.457481617232064e-06 
 5.888436553555343e+01  2.909597424508913e-05  1.455754023101420e-06 
 5.902010801717895e+01  2.906148628747888e-05  1.454028492875042e-06 
 5.915616341754190e+01  2.902703953123075e-05  1.452305024069537e-06 
 5.929253245799447e+01  2.899263392676980e-05  1.450583614204536e-06 
 5.942921586155174e+01  2.895826942458108e-05  1.448864260802677e-06 
 5.956621435289551e+01  2.892394597521082e-05  1.447146961389616e-06 
 5.970352865837813e+01  2.888966352926426e-05  1.445431713494011e-06 
 5.984115950602640e+01  2.885542203740702e-05  1.443718514647523e-06 
 5.997910762554536e+01  2.882122145036473e-05  1.442007362384813e-06 
 6.011737374832221e+01  2.878706171892282e-05  1.440298254243539e-06 
 6.025595860743017e+01  2.875294279392654e-05  1.438591187764351e-06 
 6.039486293763236e+01  2.871886462628086e-05  1.436886160490883e-06 
 6.053408747538572e+01  2.868482716695041e-05  1.435183169969758e-06 
 6.067363295884488e+01  2.865083036695944e-05  1.433482213750577e-06 
 6.081350012786612e+01  2.861687417739124e-05  1.431783289385924e-06 
 6.095368972401123e+01  2.858295854938972e-05  1.430086394431347e-06 
 6.109420249055150e+01  2.854908343415701e-05  1.428391526445373e-06 
 6.123503917247163e+01  2.851524878295490e-05  1.426698682989490e-06 
 6.137620051647369e+01  2.848145454710442e-05  1.425007861628151e-06 
 6.151768727098106e+01  2.844770067798580e-05  1.423319059928768e-06 
 6.165950018614245e+01  2.841398712703814e-05  1.421632275461707e-06 
 6.180164001383581e+01  2.838031384575977e-05  1.419947505800287e-06 
 6.194410750767235e+01  2.834668078570778e-05  1.418264748520774e-06 
 6.208690342300054e+01  2.831308789849815e-05  1.416584001202383e-06 
 6.223002851691012e+01  2.827953513580554e-05  1.414905261427262e-06 
 6.237348354823608e+01  2.824602244936379e-05  1.413228526780504e-06 
 6.251726927756272e+01  2.821254979096478e-05  1.411553794850130e-06 
 6.266138646722766e+01  2.817911711245932e-05  1.409881063227097e-06 
 6.280583588132590e+01  2.814572436575630e-05  1.408210329505314e-06 
 6.295061828571384e+01  2.811237150284304e-05  1.406541591281524e-06 
 6.309573444801340e+01  2.807905847570676e-05  1.404874846155479e-06 
 6.324118513761600e+01  2.804578523645097e-05  1.403210091729819e-06 
 6.338697112568673e+01  2.801255173721811e-05  1.401547325610096e-06 
 6.353309318516839e+01  2.797935793020875e-05  1.399886545404768e-06 
 6.367955209078558e+01  2.794620376768164e-05  1.398227748725199e-06 
 6.382634861904886e+01  2.791308920195324e-05  1.396570933185657e-06 
 6.397348354825878e+01  2.788001418539822e-05  1.394916096403306e-06 
 6.412095765851012e+01  2.784697867044856e-05  1.393263235998203e-06 
 6.426877173169591e+01  2.781398260959524e-05  1.391612349593300e-06 
 6.441692655151165e+01  2.778102595538581e-05  1.389963434814434e-06 
 6.456542290345946e+01  2.774810866042576e-05  1.388316489290324e-06 
 6.471426157485222e+01  2.771523067737500e-05  1.386671510652573e-06 
 6.486344335481772e+01  2.768239195896056e-05  1.385028496535659e-06 
 6.501296903430293e+01  2.764959245795729e-05  1.383387444576933e-06 
 6.516283940607811e+01  2.761683212720056e-05  1.381748352416613e-06 
 6.531305526474105e+01  2.758411091958302e-05  1.380111217697789e-06 
 6.546361740672130e+01  2.755142878805426e-05  1.378476038066412e-06 
 6.561452663028432e+01  2.751878568562201e-05  1.376842811171289e-06 
 6.576578373553581e+01  2.748618156534998e-05  1.375211534664085e-06 
 6.591738952442587e+01  2.745361638035932e-05  1.373582206199316e-06 
 6.606934480075331e+01  2.742109008382812e-05  1.371954823434349e-06 
 6.622165037016988e+01  2.738860262899090e-05  1.370329384029395e-06 
 6.637430704018455e+01  2.735615396914013e-05  1.368705885647504e-06 
 6.652731562016778e+01  2.732374405762389e-05  1.367084325954569e-06 
 6.668067692135584e+01  2.729137284784726e-05  1.365464702619314e-06 
 6.683439175685507e+01  2.725904029327198e-05  1.363847013313298e-06 
 6.698846094164624e+01  2.722674634741625e-05  1.362231255710904e-06 
 6.714288529258882e+01  2.719449096385469e-05  1.360617427489340e-06 
 6.729766562842534e+01  2.716227409621836e-05  1.359005526328636e-06 
 6.745280276978573e+01  2.713009569819754e-05  1.357395549911641e-06 
 6.760829753919170e+01  2.709795572353005e-05  1.355787495924014e-06 
 6.776415076106100e+01  2.706585412601844e-05  1.354181362054227e-06 
 6.792036326171193e+01  2.703379085951873e-05  1.352577145993560e-06 
 6.807693586936760e+01  2.700176587794280e-05  1.350974845436094e-06 
 6.823386941416040e+01  2.696977913525846e-05  1.349374458078711e-06 
 6.839116472813635e+01  2.693783058548956e-05  1.347775981621092e-06 
 6.854882264525955e+01  2.690592018271567e-05  1.346179413765711e-06 
 6.870684400141658e+01  2.687404788107198e-05  1.344584752217827e-06 
 6.886522963442096e+01  2.684221363474993e-05  1.342991994685490e-06 
 6.902398038401752e+01  2.681041739799599e-05  1.341401138879534e-06 
 6.918309709188695e+01  2.677865912511245e-05  1.339812182513572e-06 
 6.934258060165020e+01  2.674693877045672e-05  1.338225123303987e-06 
 6.950243175887294e+01  2.671525628843945e-05  1.336639958969945e-06 
 6.966265141107012e+01  2.668361163353512e-05  1.335056687233375e-06 
 6.982324040771036e+01  2.665200476026439e-05  1.333475305818973e-06 
 6.998419960022055e+01  2.662043562320623e-05  1.331895812454200e-06 
 7.014552984199031e+01  2.658890417699483e-05  1.330318204869272e-06 
 7.030723198837651e+01  2.655741037631946e-05  1.328742480797166e-06 
 7.046930689670785e+01  2.652595417592417e-05  1.327168637973608e-06 
 7.063175542628933e+01  2.649453553060852e-05  1.325596674137076e-06 
 7.079457843840690e+01  2.646315439522644e-05  1.324026587028789e-06 
 7.095777679633197e+01  2.643181072468681e-05  1.322458374392715e-06 
 7.112135136532598e+01  2.640050447395332e-05  1.320892033975556e-06 
 7.128530301264500e+01  2.636923559804432e-05  1.319327563526754e-06 
 7.144963260754436e+01  2.633800405203268e-05  1.317764960798475e-06 
 7.161434102128321e+01  2.630680979104558e-05  1.316204223545627e-06 
 7.177942912712916e+01  2.627565277026562e-05  1.314645349525831e-06 
 7.194489780036292e+01  2.624453294492891e-05  1.313088336499439e-06 
 7.211074791828291e+01  2.621345027032608e-05  1.311533182229520e-06 
 7.227698036020996e+01  2.618240470180190e-05  1.309979884481854e-06 
 7.244359600749192e+01  2.615139619475613e-05  1.308428441024942e-06 
 7.261059574350837e+01  2.612042470464190e-05  1.306878849629985e-06 
 7.277798045367528e+01  2.608949018696660e-05  1.305331108070897e-06 
 7.294575102544972e+01  2.605859259729168e-05  1.303785214124289e-06 
 7.311390834833458e+01  2.602773189123251e-05  1.302241165569475e-06 
 7.328245331388322e+01  2.599690802445842e-05  1.300698960188462e-06 
 7.345138681570428e+01  2.596612095269216e-05  1.299158595765952e-06 
 7.362070974946637e+01  2.593537063171124e-05  1.297620070089335e-06 
 7.379042301290283e+01  2.590465701734577e-05  1.296083380948687e-06 
 7.396052750581650e+01  2.587398006547996e-05  1.294548526136766e-06 
 7.413102413008446e+01  2.584333973205148e-05  1.293015503449010e-06 
 7.430191378966282e+01  2.581273597305144e-05  1.291484310683591e-06 
 7.447319739059157e+01  2.578216874452461e-05  1.289954945641181e-06 
 7.464487584099929e+01  2.575163800256868e-05  1.288427406125291e-06 
 7.481695005110805e+01  2.572114370333522e-05  1.286901689942047e-06 
 7.498942093323818e+01  2.569068580302858e-05  1.285377794900233e-06 
 7.516228940181313e+01  2.566026425790598e-05  1.283855718811295e-06 
 7.533555637336430e+01  2.562987902427889e-05  1.282335459489333e-06 
 7.550922276653593e+01  2.559953005851066e-05  1.280817014751104e-06 
 7.568328950208995e+01  2.556921731701803e-05  1.279300382416011e-06 
 7.585775750291087e+01  2.553894075627066e-05  1.277785560306108e-06 
 7.603262769401066e+01  2.550870033279094e-05  1.276272546246088e-06 
 7.620790100253366e+01  2.547849600315393e-05  1.274761338063287e-06 
 7.638357835776151e+01  2.544832772398781e-05  1.273251933587814e-06 
 7.655966069111805e+01  2.541819545197319e-05  1.271744330652000e-06 
 7.673614893617429e+01  2.538809914384311e-05  1.270238527091223e-06 
 7.691304402865333e+01  2.535803875638293e-05  1.268734520743342e-06 
 7.709034690643536e+01  2.532801424643136e-05  1.267232309448847e-06 
 7.726805850956256e+01  2.529802557087853e-05  1.265731891050848e-06 
 7.744617978024418e+01  2.526807268666704e-05  1.264233263395071e-06 
 7.762471166286146e+01  2.523815555079251e-05  1.262736424329857e-06 
 7.780365510397266e+01  2.520827412030184e-05  1.261241371706158e-06 
 7.798301105231810e+01  2.517842835229452e-05  1.259748103377537e-06 
 7.816278045882518e+01  2.514861820392198e-05  1.258256617200156e-06 
 7.834296427661337e+01  2.511884363238760e-05  1.256766911032785e-06 
 7.852356346099936e+01  2.508910459494648e-05  1.255278982736788e-06 
 7.870457896950202e+01  2.505940104890650e-05  1.253792830176127e-06 
 7.888601176184757e+01  2.502973295162641e-05  1.252308451217356e-06 
 7.906786279997462e+01  2.500010026051702e-05  1.250825843729615e-06 
 7.925013304803926e+01  2.497050293304088e-05  1.249345005584634e-06 
 7.943282347242021e+01  2.494094092671201e-05  1.247865934656723e-06 
 7.961593504172392e+01  2.491141419909601e-05  1.246388628822772e-06 
 7.979946872678968e+01  2.488192270781032e-05  1.244913085962249e-06 
 7.998342550069484e+01  2.485246641052333e-05  1.243439303957193e-06 
 8.016780633875989e+01  2.482304526495477e-05  1.241967280692214e-06 
 8.035261221855367e+01  2.479365922887650e-05  1.240497014054489e-06 
 8.053784411989858e+01  2.476430826011067e-05  1.239028501933757e-06 
 8.072350302487571e+01  2.473499231653105e-05  1.237561742222321e-06 
 8.090958991783010e+01  2.470571135606235e-05  1.236096732815037e-06 
 8.109610578537593e+01  2.467646533668036e-05  1.234633471609321e-06 
 8.128305161640175e+01  2.464725421641219e-05  1.233171956505137e-06 
 8.147042840207575e+01  2.461807795333543e-05  1.231712185404996e-06 
 8.165823713585101e+01  2.458893650557876e-05  1.230254156213955e-06 
 8.184647881347072e+01  2.455982983132164e-05  1.228797866839613e-06 
 8.203515443297354e+01  2.453075788879423e-05  1.227343315192110e-06 
 8.222426499469881e+01  2.450172063627715e-05  1.225890499184118e-06 
 8.241381150129190e+01  2.447271803210236e-05  1.224439416730844e-06 
 8.260379495770952e+01  2.444375003465168e-05  1.222990065750022e-06 
 8.279421637122505e+01  2.441481660235769e-05  1.221542444161916e-06 
 8.298507675143385e+01  2.438591769370326e-05  1.220096549889309e-06 
 8.317637711025868e+01  2.435705326722148e-05  1.218652380857509e-06 
 8.336811846195499e+01  2.432822328151842e-05  1.217209934994335e-06 
 8.356030182311633e+01  2.429942769518398e-05  1.215769210230128e-06 
 8.375292821267976e+01  2.427066646692385e-05  1.214330204497732e-06 
 8.394599865193122e+01  2.424193955547275e-05  1.212892915732503e-06 
 8.413951416451096e+01  2.421324691961469e-05  1.211457341872301e-06 
 8.433347577641896e+01  2.418458851818393e-05  1.210023480857489e-06 
 8.452788451602039e+01  2.415596431006477e-05  1.208591330630927e-06 
 8.472274141405103e+01  2.412737425419101e-05  1.207160889137971e-06 
 8.491804750362274e+01  2.409881830954689e-05  1.205732154326469e-06 
 8.511380382022898e+01  2.407029643516594e-05  1.204305124146761e-06 
 8.531001140175024e+01  2.404180859013154e-05  1.202879796551669e-06 
 8.550667128845961e+01  2.401335473357667e-05  1.201456169496503e-06 
 8.570378452302822e+01  2.398493482468361e-05  1.200034240939052e-06 
 8.590135215053081e+01  2.395654882268503e-05  1.198614008839581e-06 
 8.609937521845129e+01  2.392819668686217e-05  1.197195471160828e-06 
 8.629785477668823e+01  2.389987837654571e-05  1.195778625868008e-06 
 8.649679187756050e+01  2.387159385111648e-05  1.194363470928800e-06 
 8.669618757581281e+01  2.384334307000373e-05  1.192950004313347e-06 
 8.689604292862131e+01  2.381512599268621e-05  1.191538223994258e-06 
 8.709635899559918e+01  2.378694257869184e-05  1.190128127946598e-06 
 8.729713683880225e+01  2.375879278759743e-05  1.188719714147892e-06 
 8.749837752273467e+01  2.373067657902931e-05  1.187312980578113e-06 
 8.770008211435452e+01  2.370259391266242e-05  1.185907925219688e-06 
 8.790225168307944e+01  2.367454474822053e-05  1.184504546057491e-06 
 8.810488730079240e+01  2.364652904547621e-05  1.183102841078839e-06 
 8.830799004184723e+01  2.361854676425159e-05  1.181702808273491e-06 
 8.851156098307447e+01  2.359059786441665e-05  1.180304445633643e-06 
 8.871560120378699e+01  2.356268230589008e-05  1.178907751153930e-06 
 8.892011178578572e+01  2.353480004864002e-05  1.177512722831411e-06 
 8.912509381336541e+01  2.350695105268228e-05  1.176119358665585e-06 
 8.933054837332035e+01  2.347913527808157e-05  1.174727656658370e-06 
 8.953647655495018e+01  2.345135268495078e-05  1.173337614814110e-06 
 8.974287945006562e+01  2.342360323345160e-05  1.171949231139569e-06 
 8.994975815299426e+01  2.339588688379363e-05  1.170562503643927e-06 
 9.015711376058641e+01  2.336820359625091e-05  1.169177430338781e-06 
 9.036494737222084e+01  2.334055333109755e-05  1.167794009238190e-06 
 9.057326008981067e+01  2.331293604870384e-05  1.166412238358466e-06 
 9.078205301780920e+01  2.328535170947264e-05  1.165032115718483e-06 
 9.099132726321577e+01  2.325780027385386e-05  1.163653639339465e-06 
 9.120108393558155e+01  2.323028170234652e-05  1.162276807245034e-06 
 9.141132414701558e+01  2.320279595549658e-05  1.160901617461214e-06 
 9.162204901219050e+01  2.317534299389829e-05  1.159528068016418e-06 
 9.183325964834859e+01  2.314792277819360e-05  1.158156156941453e-06 
 9.204495717530760e+01  2.312053526907199e-05  1.156785882269511e-06 
 9.225714271546676e+01  2.309318042727114e-05  1.155417242036171e-06 
 9.246981739381268e+01  2.306585821357588e-05  1.154050234279395e-06 
 9.268298233792532e+01  2.303856858881876e-05  1.152684857039523e-06 
 9.289663867798400e+01  2.301131151387951e-05  1.151321108359272e-06 
 9.311078754677337e+01  2.298408694968614e-05  1.149958986283731e-06 
 9.332543007968941e+01  2.295689485721306e-05  1.148598488860361e-06 
 9.354056741474547e+01  2.292973519748271e-05  1.147239614138992e-06 
 9.375620069257828e+01  2.290260793156442e-05  1.145882360171815e-06 
 9.397233105645401e+01  2.287551302057480e-05  1.144526725013387e-06 
 9.418895965227433e+01  2.284845042567735e-05  1.143172706720620e-06 
 9.440608762858251e+01  2.282142010808348e-05  1.141820303352787e-06 
 9.462371613656944e+01  2.279442202905085e-05  1.140469512971509e-06 
 9.484184633007983e+01  2.276745614988436e-05  1.139120333640760e-06 
 9.506047936561824e+01  2.274052243193550e-05  1.137772763426862e-06 
 9.527961640235524e+01  2.271362083660356e-05  1.136426800398480e-06 
 9.549925860213362e+01  2.268675132533331e-05  1.135082442626623e-06 
 9.571940712947445e+01  2.265991385961765e-05  1.133739688184637e-06 
 9.594006315158329e+01  2.263310840099512e-05  1.132398535148203e-06 
 9.616122783835641e+01  2.260633491105138e-05  1.131058981595338e-06 
 9.638290236238697e+01  2.257959335141833e-05  1.129721025606388e-06 
 9.660508789897122e+01  2.255288368377488e-05  1.128384665264026e-06 
 9.682778562611477e+01  2.252620586984592e-05  1.127049898653250e-06 
 9.705099672453879e+01  2.249955987140305e-05  1.125716723861380e-06 
 9.727472237768630e+01  2.247294565026384e-05  1.124385138978055e-06 
 9.749896377172846e+01  2.244636316829290e-05  1.123055142095229e-06 
 9.772372209557079e+01  2.241981238740026e-05  1.121726731307171e-06 
 9.794899854085958e+01  2.239329326954267e-05  1.120399904710459e-06 
 9.817479430198810e+01  2.236680577672278e-05  1.119074660403980e-06 
 9.840111057610301e+01  2.234034987099689e-05  1.117750996488924e-06 
 9.862794856311065e+01  2.231392551444426e-05  1.116428911068785e-06 
 9.885530946568346e+01  2.228753266921371e-05  1.115108402249353e-06 
 9.908319448926630e+01  2.226117129749158e-05  1.113789468138719e-06 
 9.931160484208290e+01  2.223484136151900e-05  1.112472106847264e-06 
 9.954054173514218e+01  2.220854282355657e-05  1.111156316487660e-06 
 9.977000638224479e+01  2.218227564593749e-05  1.109842095174868e-06 
 9.999999999998943e+01  2.215603979103106e-05  1.108529441026136e-06 
 1.002305238077794e+02  2.212983522125261e-05  1.107218352160989e-06 
 1.004615790278289e+02  2.210366189906257e-05  1.105908826701238e-06 
 1.006931668851697e+02  2.207751978696785e-05  1.104600862770964e-06 
 1.009252886076577e+02  2.205140884751998e-05  1.103294458496529e-06 
 1.011579454259791e+02  2.202532904331592e-05  1.101989612006560e-06 
 1.013911385736572e+02  2.199928033699845e-05  1.100686321431957e-06 
 1.016248692870588e+02  2.197326269125507e-05  1.099384584905882e-06 
 1.018591388054009e+02  2.194727606881906e-05  1.098084400563764e-06 
 1.020939483707571e+02  2.192132043246852e-05  1.096785766543290e-06 
 1.023292992280645e+02  2.189539574502668e-05  1.095488680984403e-06 
 1.025651926251299e+02  2.186950196936166e-05  1.094193142029301e-06 
 1.028016298126364e+02  2.184363906838738e-05  1.092899147822437e-06 
 1.030386120441506e+02  2.181780700506184e-05  1.091606696510532e-06 
 1.032761405761287e+02  2.179200574238807e-05  1.090315786242488e-06 
 1.035142166679233e+02  2.176623524341459e-05  1.089026415169517e-06 
 1.037528415817902e+02  2.174049547123378e-05  1.087738581445049e-06 
 1.039920165828948e+02  2.171478638898365e-05  1.086452283224753e-06 
 1.042317429393193e+02  2.168910795984630e-05  1.085167518666558e-06 
 1.044720219220688e+02  2.166346014704834e-05  1.083884285930552e-06 
 1.047128548050787e+02  2.163784291386174e-05  1.082602583179127e-06 
 1.049542428652210e+02  2.161225622360219e-05  1.081322408576876e-06 
 1.051961873823110e+02  2.158670003962999e-05  1.080043760290619e-06 
 1.054386896391146e+02  2.156117432535028e-05  1.078766636489395e-06 
 1.056817509213545e+02  2.153567904421194e-05  1.077491035344463e-06 
 1.059253725177175e+02  2.151021415970870e-05  1.076216955029299e-06 
 1.061695557198611e+02  2.148477963537823e-05  1.074944393719593e-06 
 1.064143018224202e+02  2.145937543480213e-05  1.073673349593245e-06 
 1.066596121230143e+02  2.143400152160698e-05  1.072403820830364e-06 
 1.069054879222543e+02  2.140865785946267e-05  1.071135805613263e-06 
 1.071519305237491e+02  2.138334441208341e-05  1.069869302126460e-06 
 1.073989412341129e+02  2.135806114322705e-05  1.068604308556671e-06 
 1.076465213629719e+02  2.133280801669583e-05  1.067340823092810e-06 
 1.078946722229713e+02  2.130758499633602e-05  1.066078843925988e-06 
 1.081433951297821e+02  2.128239204603704e-05  1.064818369249553e-06 
 1.083926914021087e+02  2.125722912973225e-05  1.063559397258902e-06 
 1.086425623616948e+02  2.123209621139925e-05  1.062301926151757e-06 
 1.088930093333316e+02  2.120699325505871e-05  1.061045954127983e-06 
 1.091440336448639e+02  2.118192022477508e-05  1.059791479389620e-06 
 1.093956366271976e+02  2.115687708465618e-05  1.058538500140893e-06 
 1.096478196143066e+02  2.113186379885368e-05  1.057287014588197e-06 
 1.099005839432402e+02  2.110688033156263e-05  1.056037020940104e-06 
 1.101539309541296e+02  2.108192664702124e-05  1.054788517407356e-06 
 1.104078619901953e+02  2.105700270951087e-05  1.053541502202865e-06 
 1.106623783977546e+02  2.103210848335702e-05  1.052295973541703e-06 
 1.109174815262281e+02  2.100724393292759e-05  1.051051929641110e-06 
 1.111731727281471e+02  2.098240902263365e-05  1.049809368720486e-06 
 1.114294533591609e+02  2.095760371693016e-05  1.048568289001385e-06 
 1.116863247780440e+02  2.093282798032131e-05  1.047328688707519e-06 
 1.119437883467030e+02  2.090808177733391e-05  1.046090566064751e-06 
 1.122018454301841e+02  2.088336507255827e-05  1.044853919301094e-06 
 1.124604973966804e+02  2.085867783062032e-05  1.043618746646708e-06 
 1.127197456175387e+02  2.083402001619041e-05  1.042385046333897e-06 
 1.129795914672675e+02  2.080939159397990e-05  1.041152816597106e-06 
 1.132400363235433e+02  2.078479252874406e-05  1.039922055672924e-06 
 1.135010815672191e+02  2.076022278528022e-05  1.038692761800068e-06 
 1.137627285823307e+02  2.073568232842865e-05  1.037464933219396e-06 
 1.140249787561044e+02  2.071117112307206e-05  1.036238568173896e-06 
 1.142878334789647e+02  2.068668913413555e-05  1.035013664908680e-06 
 1.145512941445410e+02  2.066223632658752e-05  1.033790221670995e-06 
 1.148153621496757e+02  2.063781266543805e-05  1.032568236710203e-06 
 1.150800388944310e+02  2.061341811573944e-05  1.031347708277791e-06 
 1.153453257820966e+02  2.058905264258701e-05  1.030128634627364e-06 
 1.156112242191972e+02  2.056471621111826e-05  1.028911014014642e-06 
 1.158777356154999e+02  2.054040878651253e-05  1.027694844697459e-06 
 1.161448613840215e+02  2.051613033399127e-05  1.026480124935759e-06 
 1.164126029410364e+02  2.049188081881886e-05  1.025266852991595e-06 
 1.166809617060834e+02  2.046766020630089e-05  1.024055027129124e-06 
 1.169499391019743e+02  2.044346846178551e-05  1.022844645614605e-06 
 1.172195365548002e+02  2.041930555066244e-05  1.021635706716401e-06 
 1.174897554939400e+02  2.039517143837749e-05  1.020428208704970e-06 
 1.177605973520678e+02  2.037106609037690e-05  1.019222149852867e-06 
 1.180320635651600e+02  2.034698947218989e-05  1.018017528434735e-06 
 1.183041555725034e+02  2.032294154937361e-05  1.016814342727314e-06 
 1.185768748167029e+02  2.029892228752736e-05  1.015612591009425e-06 
 1.188502227436887e+02  2.027493165229212e-05  1.014412271561979e-06 
 1.191242008027243e+02  2.025096960935006e-05  1.013213382667966e-06 
 1.193988104464141e+02  2.022703612442478e-05  1.012015922612458e-06 
 1.196740531307111e+02  2.020313116328225e-05  1.010819889682604e-06 
 1.199499303149246e+02  2.017925469172908e-05  1.009625282167626e-06 
 1.202264434617280e+02  2.015540667561386e-05  1.008432098358820e-06 
 1.205035940371664e+02  2.013158708082584e-05  1.007240336549553e-06 
 1.207813835106647e+02  2.010779587329654e-05  1.006049995035254e-06 
 1.210598133550348e+02  2.008403301899790e-05  1.004861072113424e-06 
 1.213388850464843e+02  2.006029848394369e-05  1.003673566083620e-06 
 1.216186000646233e+02  2.003659223418844e-05  1.002487475247461e-06 
 1.218989598924732e+02  2.001291423582774e-05  1.001302797908625e-06 
 1.221799660164736e+02  1.998926445499864e-05  1.000119532372864e-06 
 1.224616199264913e+02  1.996564285787922e-05  9.989376769479154e-07 
 1.227439231158271e+02  1.994204941068790e-05  9.977572299436353e-07 
 1.230268770812245e+02  1.991848407968485e-05  9.965781896719031e-07 
 1.233104833228772e+02  1.989494683117047e-05  9.954005544466427e-07 
 1.235947433444373e+02  1.987143763148611e-05  9.942243225838201e-07 
 1.238796586530231e+02  1.984795644701387e-05  9.930494924014420e-07 
 1.241652307592273e+02  1.982450324417709e-05  9.918760622195505e-07 
 1.244514611771247e+02  1.980107798943899e-05  9.907040303602246e-07 
 1.247383514242804e+02  1.977768064930393e-05  9.895333951475730e-07 
 1.250259030217581e+02  1.975431119031664e-05  9.883641549077368e-07 
 1.253141174941276e+02  1.973096957906209e-05  9.871963079688794e-07 
 1.256029963694735e+02  1.970765578216656e-05  9.860298526611957e-07 
 1.258925411794027e+02  1.968436976629567e-05  9.848647873168985e-07 
 1.261827534590530e+02  1.966111149815622e-05  9.837011102702209e-07 
 1.264736347471010e+02  1.963788094449533e-05  9.825388198574144e-07 
 1.267651865857704e+02  1.961467807209986e-05  9.813779144167431e-07 
 1.270574105208400e+02  1.959150284779700e-05  9.802183922884873e-07 
 1.273503081016519e+02  1.956835523845463e-05  9.790602518149331e-07 
 1.276438808811201e+02  1.954523521097989e-05  9.779034913403775e-07 
 1.279381304157382e+02  1.952214273233835e-05  9.767481092111202e-07 
 1.282330582655878e+02  1.949907776948283e-05  9.755941037754643e-07 
 1.285286659943472e+02  1.947604028945818e-05  9.744414733837131e-07 
 1.288249551692990e+02  1.945303025933250e-05  9.732902163881674e-07 
 1.291219273613390e+02  1.943004764621287e-05  9.721403311431243e-07 
 1.294195841449841e+02  1.940709241724707e-05  9.709918160048724e-07 
 1.297179270983811e+02  1.938416453962180e-05  9.698446693316923e-07 
 1.300169578033145e+02  1.936126398056444e-05  9.686988894838496e-07 
 1.303166778452153e+02  1.933839070734107e-05  9.675544748235984e-07 
 1.306170888131695e+02  1.931554468725826e-05  9.664114237151749e-07 
 1.309181922999260e+02  1.929272588766136e-05  9.652697345247947e-07 
 1.312199899019056e+02  1.926993427593584e-05  9.641294056207153e-07 
 1.315224832192091e+02  1.924716981950691e-05  9.629904353729859e-07 
 1.318256738556259e+02  1.922443248583954e-05  9.618528221538123e-07 
 1.321295634186427e+02  1.920172224243535e-05  9.607165643373085e-07 
 1.324341535194516e+02  1.917903905683812e-05  9.595816602995596e-07 
 1.327394457729590e+02  1.915638289663036e-05  9.584481084186154e-07 
 1.330454417977941e+02  1.913375372943387e-05  9.573159070744914e-07 
 1.333521432163174e+02  1.911115152290903e-05  9.561850546491627e-07 
 1.336595516546292e+02  1.908857624475578e-05  9.550555495265646e-07 
 1.339676687425784e+02  1.906602786272629e-05  9.539273900925872e-07 
 1.342764961137713e+02  1.904350634457274e-05  9.528005747350769e-07 
 1.345860354055797e+02  1.902101165812484e-05  9.516751018438741e-07 
 1.348962882591501e+02  1.899854377123903e-05  9.505509698106412e-07 
 1.352072563194125e+02  1.897610265180987e-05  9.494281770291147e-07 
 1.355189412350883e+02  1.895368826777160e-05  9.483067218949342e-07 
 1.358313446587001e+02  1.893130058709680e-05  9.471866028056813e-07 
 1.361444682465796e+02  1.890893957779656e-05  9.460678181608760e-07 
 1.364583136588770e+02  1.888660520792152e-05  9.449503663619787e-07 
 1.367728825595694e+02  1.886429744556012e-05  9.438342458123828e-07 
 1.370881766164698e+02  1.884201625884643e-05  9.427194549174163e-07 
 1.374041975012360e+02  1.881976161593382e-05  9.416059920843375e-07 
 1.377209468893790e+02  1.879753348503313e-05  9.404938557223333e-07 
 1.380384264602728e+02  1.877533183438760e-05  9.393830442425134e-07 
 1.383566378971624e+02  1.875315663227840e-05  9.382735560579153e-07 
 1.386755828871731e+02  1.873100784702588e-05  9.371653895834943e-07 
 1.389952631213195e+02  1.870888544700108e-05  9.360585432361269e-07 
 1.393156802945145e+02  1.868678940057464e-05  9.349530154346052e-07 
 1.396368361055779e+02  1.866471967619467e-05  9.338488045996331e-07 
 1.399587322572459e+02  1.864267624233382e-05  9.327459091538320e-07 
 1.402813704561798e+02  1.862065906750354e-05  9.316443275217277e-07 
 1.406047524129754e+02  1.859866812025333e-05  9.305440581297551e-07 
 1.409288798421714e+02  1.857670336917023e-05  9.294450994062523e-07 
 1.412537544622593e+02  1.855476478288010e-05  9.283474497814635e-07 
 1.415793779956920e+02  1.853285233004601e-05  9.272511076875282e-07 
 1.419057521688930e+02  1.851096597936944e-05  9.261560715584889e-07 
 1.422328787122657e+02  1.848910569958956e-05  9.250623398302793e-07 
 1.425607593602025e+02  1.846727145948368e-05  9.239699109407285e-07 
 1.428893958510939e+02  1.844546322786630e-05  9.228787833295573e-07 
 1.432187899273379e+02  1.842368097359023e-05  9.217889554383730e-07 
 1.435489433353491e+02  1.840192466554605e-05  9.207004257106707e-07 
 1.438798578255680e+02  1.838019427266118e-05  9.196131925918682e-07 
 1.442115351524703e+02  1.835848976390180e-05  9.185272545291466e-07 
 1.445439770745761e+02  1.833681110827073e-05  9.174426099716846e-07 
 1.448771853544595e+02  1.831515827480857e-05  9.163592573705006e-07 
 1.452111617587575e+02  1.829353123259356e-05  9.152771951784860e-07 
 1.455459080581799e+02  1.827192995075216e-05  9.141964218504035e-07 
 1.458814260275180e+02  1.825035439841547e-05  9.131169358428898e-07 
 1.462177174456550e+02  1.822880454478476e-05  9.120387356144464e-07 
 1.465547840955743e+02  1.820728035908787e-05  9.109618196254427e-07 
 1.468926277643697e+02  1.818578181058907e-05  9.098861863381085e-07 
 1.472312502432549e+02  1.816430886859062e-05  9.088118342165381e-07 
 1.475706533275724e+02  1.814286150243193e-05  9.077387617266842e-07 
 1.479108388168036e+02  1.812143968148887e-05  9.066669673363527e-07 
 1.482518085145782e+02  1.810004337517511e-05  9.055964495152078e-07 
 1.485935642286835e+02  1.807867255294072e-05  9.045272067347658e-07 
 1.489361077710743e+02  1.805732718427316e-05  9.034592374683886e-07 
 1.492794409578823e+02  1.803600723870425e-05  9.023925401913306e-07 
 1.496235656094260e+02  1.801471268578025e-05  9.013271133805694e-07 
 1.499684835502200e+02  1.799344349510621e-05  9.002629555150448e-07 
 1.503141966089848e+02  1.797219963631743e-05  8.992000650754993e-07 
 1.506607066186567e+02  1.795098107908496e-05  8.981384405445127e-07 
 1.510080154163973e+02  1.792978779311746e-05  8.970780804065020e-07 
 1.513561248436033e+02  1.790861974815932e-05  8.960189831477177e-07 
 1.517050367459161e+02  1.788747691399229e-05  8.949611472562426e-07 
 1.520547529732319e+02  1.786635926043449e-05  8.939045712219886e-07 
 1.524052753797114e+02  1.784526675734066e-05  8.928492535366954e-07 
 1.527566058237895e+02  1.782419937460158e-05  8.917951926939275e-07 
 1.531087461681852e+02  1.780315708214471e-05  8.907423871890739e-07 
 1.534616982799116e+02  1.778213984993419e-05  8.896908355193426e-07 
 1.538154640302856e+02  1.776114764797028e-05  8.886405361837613e-07 
 1.541700452949380e+02  1.774018044628916e-05  8.875914876831711e-07 
 1.545254439538234e+02  1.771923821496384e-05  8.865436885202322e-07 
 1.548816618912301e+02  1.769832092410343e-05  8.854971371994141e-07 
 1.552387009957901e+02  1.767742854385323e-05  8.844518322269930e-07 
 1.555965631604893e+02  1.765656104439425e-05  8.834077721110581e-07 
 1.559552502826771e+02  1.763571839594388e-05  8.823649553614998e-07 
 1.563147642640771e+02  1.761490056876784e-05  8.813233804900135e-07 
 1.566751070107966e+02  1.759410753313146e-05  8.802830460100959e-07 
 1.570362804333369e+02  1.757333925937181e-05  8.792439504370403e-07 
 1.573982864466035e+02  1.755259571785039e-05  8.782060922879364e-07 
 1.577611269699163e+02  1.753187687897740e-05  8.771694700816721e-07 
 1.581248039270197e+02  1.751118271315982e-05  8.761340823389232e-07 
 1.584893192460927e+02  1.749051319087942e-05  8.750999275821567e-07 
 1.588546748597592e+02  1.746986828264036e-05  8.740670043356283e-07 
 1.592208727050983e+02  1.744924795898311e-05  8.730353111253779e-07 
 1.595879147236545e+02  1.742865219048324e-05  8.720048464792495e-07 
 1.599558028614480e+02  1.740808094775227e-05  8.709756089268280e-07 
 1.603245390689852e+02  1.738753420143719e-05  8.699475969994788e-07 
 1.606941253012688e+02  1.736701192222056e-05  8.689208092303814e-07 
 1.610645635178080e+02  1.734651408082006e-05  8.678952441544725e-07 
 1.614358556826296e+02  1.732604064798922e-05  8.668709003084602e-07 
 1.618080037642875e+02  1.730559159451693e-05  8.658477762308231e-07 
 1.621810097358739e+02  1.728516689122719e-05  8.648258704618075e-07 
 1.625548755750292e+02  1.726476650897916e-05  8.638051815434275e-07 
 1.629296032639530e+02  1.724439041866761e-05  8.627857080194582e-07 
 1.633051947894141e+02  1.722403859122266e-05  8.617674484354402e-07 
 1.636816521427615e+02  1.720371099760896e-05  8.607504013386706e-07 
 1.640589773199345e+02  1.718340760882688e-05  8.597345652782057e-07 
 1.644371723214737e+02  1.716312839591176e-05  8.587199388048561e-07 
 1.648162391525313e+02  1.714287332993381e-05  8.577065204711856e-07 
 1.651961798228820e+02  1.712264238199788e-05  8.566943088315106e-07 
 1.655769963469332e+02  1.710243552325666e-05  8.556833024418954e-07 
 1.659586907437364e+02  1.708225272486137e-05  8.546734998601486e-07 
 1.663412650369972e+02  1.706209395803384e-05  8.536648996458296e-07 
 1.667247212550865e+02  1.704195919402472e-05  8.526575003602351e-07 
 1.671090614310509e+02  1.702184840410225e-05  8.516513005664038e-07 
 1.674942876026239e+02  1.700176155958627e-05  8.506462988291125e-07 
 1.678804018122361e+02  1.698169863182606e-05  8.496424937149120e-07 
 1.682674061070267e+02  1.696165959220530e-05  8.486398837919748e-07 
 1.686553025388541e+02  1.694164441214251e-05  8.476384676303166e-07 
 1.690440931643063e+02  1.692165306309009e-05  8.466382438016471e-07 
 1.694337800447127e+02  1.690168551653631e-05  8.456392108794034e-07 
 1.698243652461543e+02  1.688174174400243e-05  8.446413674387480e-07 
 1.702158508394748e+02  1.686182171704512e-05  8.436447120565665e-07 
 1.706082389002921e+02  1.684192540725537e-05  8.426492433114659e-07 
 1.710015315090084e+02  1.682205278625795e-05  8.416549597837737e-07 
 1.713957307508221e+02  1.680220382571250e-05  8.406618600555335e-07 
 1.717908387157383e+02  1.678237849731284e-05  8.396699427105032e-07 
 1.721868574985802e+02  1.676257677278701e-05  8.386792063341574e-07 
 1.725837891989998e+02  1.674279862389707e-05  8.376896495136958e-07 
 1.729816359214895e+02  1.672304402246518e-05  8.367012708379743e-07 
 1.733803997753931e+02  1.670331294027064e-05  8.357140688976096e-07 
 1.737800828749168e+02  1.668360534920302e-05  8.347280422849056e-07 
 1.741806873391406e+02  1.666392122116159e-05  8.337431895938683e-07 
 1.745822152920295e+02  1.664426052807886e-05  8.327595094202048e-07 
 1.749846688624447e+02  1.662462324192100e-05  8.317770003613205e-07 
 1.753880501841551e+02  1.660500933469986e-05  8.307956610163160e-07 
 1.757923613958482e+02  1.658541877842732e-05  8.298154899859889e-07 
 1.761976046411418e+02  1.656585154518222e-05  8.288364858728266e-07 
 1.766037820685953e+02  1.654630760706703e-05  8.278586472810085e-07 
 1.770108958317209e+02  1.652678693622090e-05  8.268819728164000e-07 
 1.774189480889953e+02  1.650728950480578e-05  8.259064610865545e-07 
 1.778279410038709e+02  1.648781528502833e-05  8.249321107007107e-07 
 1.782378767447875e+02  1.646836424912521e-05  8.239589202697865e-07 
 1.786487574851836e+02  1.644893636936657e-05  8.229868884063796e-07 
 1.790605854035079e+02  1.642953161805615e-05  8.220160137247692e-07 
 1.794733626832310e+02  1.641014996753112e-05  8.210462948409065e-07 
 1.798870915128571e+02  1.639079139016904e-05  8.200777303724194e-07 
 1.803017740859352e+02  1.637145585836038e-05  8.191103189386055e-07 
 1.807174126010709e+02  1.635214334454939e-05  8.181440591604337e-07 
 1.811340092619384e+02  1.633285382120682e-05  8.171789496605391e-07 
 1.815515662772917e+02  1.631358726083678e-05  8.162149890632605e-07 
 1.819700858609764e+02  1.629434363597873e-05  8.152521759944899e-07 
 1.823895702319418e+02  1.627512291919909e-05  8.142905090818924e-07 
 1.828100216142522e+02  1.625592508310371e-05  8.133299869547530e-07 
 1.832314422370991e+02  1.623675010032906e-05  8.123706082440171e-07 
 1.836538343348125e+02  1.621759794354562e-05  8.114123715822838e-07 
 1.840772001468733e+02  1.619846858545621e-05  8.104552756038067e-07 
 1.845015419179251e+02  1.617936199879665e-05  8.094993189444912e-07 
 1.849268618977855e+02  1.616027815633615e-05  8.085445002418919e-07 
 1.853531623414587e+02  1.614121703087639e-05  8.075908181352099e-07 
 1.857804455091474e+02  1.612217859525209e-05  8.066382712652945e-07 
 1.862087136662642e+02  1.610316282233683e-05  8.056868582746358e-07 
 1.866379690834444e+02  1.608416968501972e-05  8.047365778073676e-07 
 1.870682140365574e+02  1.606519915623962e-05  8.037874285092611e-07 
 1.874994508067191e+02  1.604625120896234e-05  8.028394090277250e-07 
 1.879316816803041e+02  1.602732581618657e-05  8.018925180118075e-07 
 1.883649089489572e+02  1.600842295094356e-05  8.009467541122357e-07 
 1.887991349096064e+02  1.598954258629740e-05  8.000021159812555e-07 
 1.892343618644746e+02  1.597068469534418e-05  7.990586022727870e-07 
 1.896705921210916e+02  1.595184925122427e-05  7.981162116424317e-07 
 1.901078279923069e+02  1.593303622707707e-05  7.971749427473845e-07 
 1.905460717963016e+02  1.591424559610746e-05  7.962347942464618e-07 
 1.909853258566006e+02  1.589547733154188e-05  7.952957648001018e-07 
 1.914255925020853e+02  1.587673140663870e-05  7.943578530703629e-07 
 1.918668740670056e+02  1.585800779468956e-05  7.934210577209211e-07 
 1.923091728909924e+02  1.583930646902284e-05  7.924853774170690e-07 
 1.927524913190701e+02  1.582062740298331e-05  7.915508108257453e-07 
 1.931968317016689e+02  1.580197056996447e-05  7.906173566153987e-07 
 1.936421963946371e+02  1.578333594339757e-05  7.896850134561904e-07 
 1.940885877592542e+02  1.576472349671190e-05  7.887537800198556e-07 
 1.945360081622426e+02  1.574613320340251e-05  7.878236549797361e-07 
 1.949844599757807e+02  1.572756503698677e-05  7.868946370107762e-07 
 1.954339455775156e+02  1.570901897101246e-05  7.859667247895233e-07 
 1.958844673505751e+02  1.569049497905997e-05  7.850399169941238e-07 
 1.963360276835807e+02  1.567199303474144e-05  7.841142123043232e-07 
 1.967886289706604e+02  1.565351311170101e-05  7.831896094014626e-07 
 1.972422736114613e+02  1.563505518361477e-05  7.822661069684778e-07 
 1.976969640111619e+02  1.561661922419026e-05  7.813437036898965e-07 
 1.981527025804856e+02  1.559820520716749e-05  7.804223982518380e-07 
 1.986094917357128e+02  1.557981310631773e-05  7.795021893420075e-07 
 1.990673338986943e+02  1.556144289544401e-05  7.785830756496997e-07 
 1.995262314968635e+02  1.554309454838087e-05  7.776650558657914e-07 
 1.999861869632499e+02  1.552476803899459e-05  7.767481286827428e-07 
 2.004472027364915e+02  1.550646334119603e-05  7.758322927945959e-07 
 2.009092812608481e+02  1.548818042888952e-05  7.749175468970040e-07 
 2.013724249862141e+02  1.546991927604862e-05  7.740038896870960e-07 
 2.018366363681313e+02  1.545167985666589e-05  7.730913198636775e-07 
 2.023019178678023e+02  1.543346214476522e-05  7.721798361270937e-07 
 2.027682719521032e+02  1.541526611440173e-05  7.712694371792596e-07 
 2.032357010935971e+02  1.539709173966281e-05  7.703601217236605e-07 
 2.037042077705467e+02  1.537893899468269e-05  7.694518884653496e-07 
 2.041737944669277e+02  1.536080785357722e-05  7.685447361109440e-07 
 2.046444636724422e+02  1.534269829054362e-05  7.676386633686250e-07 
 2.051162178825312e+02  1.532461027979420e-05  7.667336689481358e-07 
 2.055890595983888e+02  1.530654379557161e-05  7.658297515607770e-07 
 2.060629913269745e+02  1.528849881214964e-05  7.649269099194113e-07 
 2.065380155810274e+02  1.527047530383405e-05  7.640251427384547e-07 
 2.070141348790786e+02  1.525247324496090e-05  7.631244487338760e-07 
 2.074913517454653e+02  1.523449260989720e-05  7.622248266232324e-07 
 2.079696687103438e+02  1.521653337304154e-05  7.613262751255277e-07 
 2.084490883097030e+02  1.519859550882285e-05  7.604287929614171e-07 
 2.089296130853780e+02  1.518067899170779e-05  7.595323788530689e-07 
 2.094112455850633e+02  1.516278379617467e-05  7.586370315241931e-07 
 2.098939883623263e+02  1.514490989675489e-05  7.577427497000462e-07 
 2.103778439766214e+02  1.512705726799439e-05  7.568495321074207e-07 
 2.108628149933027e+02  1.510922588448018e-05  7.559573774746538e-07 
 2.113489039836384e+02  1.509141572082583e-05  7.550662845316623e-07 
 2.118361135248238e+02  1.507362675167674e-05  7.541762520097583e-07 
 2.123244461999955e+02  1.505585895171300e-05  7.532872786419472e-07 
 2.128139045982447e+02  1.503811229563040e-05  7.523993631626647e-07 
 2.133044913146310e+02  1.502038675817071e-05  7.515125043079298e-07 
 2.137962089501965e+02  1.500268231410146e-05  7.506267008152706e-07 
 2.142890601119791e+02  1.498499893821967e-05  7.497419514237424e-07 
 2.147830474130266e+02  1.496733660535918e-05  7.488582548739229e-07 
 2.152781734724104e+02  1.494969529036764e-05  7.479756099079130e-07 
 2.157744409152397e+02  1.493207496814991e-05  7.470940152693330e-07 
 2.162718523726750e+02  1.491447561360422e-05  7.462134697033248e-07 
 2.167704104819424e+02  1.489689720169096e-05  7.453339719565421e-07 
 2.172701178863473e+02  1.487933970738940e-05  7.444555207771568e-07 
 2.177709772352886e+02  1.486180310571010e-05  7.435781149148527e-07 
 2.182729911842728e+02  1.484428737169314e-05  7.427017531208248e-07 
 2.187761623949279e+02  1.482679248040901e-05  7.418264341478096e-07 
 2.192804935350174e+02  1.480931840695808e-05  7.409521567499530e-07 
 2.197859872784549e+02  1.479186512647140e-05  7.400789196830055e-07 
 2.202926463053180e+02  1.477443261410952e-05  7.392067217041888e-07 
 2.208004733018623e+02  1.475702084506295e-05  7.383355615722239e-07 
 2.213094709605360e+02  1.473962979455288e-05  7.374654380473353e-07 
 2.218196419799940e+02  1.472225943783975e-05  7.365963498912441e-07 
 2.223309890651124e+02  1.470490975018403e-05  7.357282958671989e-07 
 2.228435149270023e+02  1.468758070690625e-05  7.348612747398500e-07 
 2.233572222830250e+02  1.467027228334694e-05  7.339952852754328e-07 
 2.238721138568058e+02  1.465298445487604e-05  7.331303262416442e-07 
 2.243881923782483e+02  1.463571719689330e-05  7.322663964077023e-07 
 2.249054605835497e+02  1.461847048482828e-05  7.314034945442145e-07 
 2.254239212152145e+02  1.460124429414040e-05  7.305416194233709e-07 
 2.259435770220692e+02  1.458403860032958e-05  7.296807698188155e-07 
 2.264644307592773e+02  1.456685337889257e-05  7.288209445056704e-07 
 2.269864851883535e+02  1.454968860538804e-05  7.279621422605404e-07 
 2.275097430771783e+02  1.453254425539420e-05  7.271043618615095e-07 
 2.280342072000130e+02  1.451542030451790e-05  7.262476020881658e-07 
 2.285598803375141e+02  1.449831672840569e-05  7.253918617214809e-07 
 2.290867652767483e+02  1.448123350270413e-05  7.245371395439949e-07 
 2.296148648112071e+02  1.446417060311857e-05  7.236834343396846e-07 
 2.301441817408217e+02  1.444712800537374e-05  7.228307448939967e-07 
 2.306747188719777e+02  1.443010568522391e-05  7.219790699938476e-07 
 2.312064790175301e+02  1.441310361845273e-05  7.211284084276172e-07 
 2.317394649968184e+02  1.439612178087289e-05  7.202787589851969e-07 
 2.322736796356812e+02  1.437916014832634e-05  7.194301204578014e-07 
 2.328091257664712e+02  1.436221869668464e-05  7.185824916382454e-07 
 2.333458062280706e+02  1.434529740184944e-05  7.177358713207536e-07 
 2.338837238659058e+02  1.432839623974684e-05  7.168902583010109e-07 
 2.344228815319624e+02  1.431151518634209e-05  7.160456513761544e-07 
 2.349632820848008e+02  1.429465421761772e-05  7.152020493448090e-07 
 2.355049283895710e+02  1.427781330958592e-05  7.143594510069542e-07 
 2.360478233180276e+02  1.426099243829665e-05  7.135178551641142e-07 
 2.365919697485457e+02  1.424419157982473e-05  7.126772606192308e-07 
 2.371373705661353e+02  1.422741071027352e-05  7.118376661767230e-07 
 2.376840286624573e+02  1.421064980577535e-05  7.109990706423623e-07 
 2.382319469358386e+02  1.419390884249764e-05  7.101614728234538e-07 
 2.387811282912872e+02  1.417718779661781e-05  7.093248715287554e-07 
 2.393315756405082e+02  1.416048664436579e-05  7.084892655683390e-07 
 2.398832919019184e+02  1.414380536197942e-05  7.076546537538395e-07 
 2.404362800006626e+02  1.412714392573943e-05  7.068210348982872e-07 
 2.409905428686286e+02  1.411050231195078e-05  7.059884078161439e-07 
 2.415460834444631e+02  1.409388049694706e-05  7.051567713233049e-07 
 2.421029046735868e+02  1.407727845710049e-05  7.043261242370958e-07 
 2.426610095082105e+02  1.406069616878095e-05  7.034964653762730e-07 
 2.432204009073504e+02  1.404413360842094e-05  7.026677935610175e-07 
 2.437810818368440e+02  1.402759075246204e-05  7.018401076129681e-07 
 2.443430552693658e+02  1.401106757738334e-05  7.010134063550924e-07 
 2.449063241844431e+02  1.399456405968955e-05  7.001876886118919e-07 
 2.454708915684715e+02  1.397808017592274e-05  6.993629532092064e-07 
 2.460367604147311e+02  1.396161590262516e-05  6.985391989743449e-07 
 2.466039337234022e+02  1.394517121640259e-05  6.977164247360143e-07 
 2.471724145015812e+02  1.392874609385955e-05  6.968946293243393e-07 
 2.477422057632967e+02  1.391234051164874e-05  6.960738115708562e-07 
 2.483133105295250e+02  1.389595444644465e-05  6.952539703085286e-07 
 2.488857318282070e+02  1.387958787494932e-05  6.944351043717146e-07 
 2.494594726942633e+02  1.386324077389366e-05  6.936172125961330e-07 
 2.500345361696109e+02  1.384691312003634e-05  6.928002938189894e-07 
 2.506109253031790e+02  1.383060489017349e-05  6.919843468788605e-07 
 2.511886431509256e+02  1.381431606110084e-05  6.911693706157260e-07 
 2.517676927758530e+02  1.379804660967122e-05  6.903553638709689e-07 
 2.523480772480249e+02  1.378179651275504e-05  6.895423254873999e-07 
 2.529297996445818e+02  1.376556574725161e-05  6.887302543091388e-07 
 2.535128630497580e+02  1.374935429010043e-05  6.879191491817905e-07 
 2.540972705548976e+02  1.373316211822926e-05  6.871090089523251e-07 
 2.546830252584712e+02  1.371698920863406e-05  6.862998324691056e-07 
 2.552701302660917e+02  1.370083553832498e-05  6.854916185818873e-07 
 2.558585886905314e+02  1.368470108433980e-05  6.846843661418127e-07 
 2.564484036517385e+02  1.366858582374439e-05  6.838780740014133e-07 
 2.570395782768530e+02  1.365248973363770e-05  6.830727410146071e-07 
 2.576321157002241e+02  1.363641279112960e-05  6.822683660367249e-07 
 2.582260190634261e+02  1.362035497337437e-05  6.814649479243914e-07 
 2.588212915152756e+02  1.360431625754825e-05  6.806624855357029e-07 
 2.594179362118477e+02  1.358829662085539e-05  6.798609777301034e-07 
 2.600159563164934e+02  1.357229604052659e-05  6.790604233684156e-07 
 2.606153549998557e+02  1.355631449382148e-05  6.782608213128386e-07 
 2.612161354398867e+02  1.354035195803517e-05  6.774621704269450e-07 
 2.618183008218645e+02  1.352440841046310e-05  6.766644695756807e-07 
 2.624218543384100e+02  1.350848382846036e-05  6.758677176253609e-07 
 2.630267991895039e+02  1.349257818939667e-05  6.750719134436735e-07 
 2.636331385825036e+02  1.347669147065181e-05  6.742770558996859e-07 
 2.642408757321602e+02  1.346082364965940e-05  6.734831438638023e-07 
 2.648500138606356e+02  1.344497470386994e-05  6.726901762077927e-07 
 2.654605561975193e+02  1.342914461076106e-05  6.718981518048330e-07 
 2.660725059798463e+02  1.341333334783781e-05  6.711070695294012e-07 
 2.666858664521131e+02  1.339754089263221e-05  6.703169282573792e-07 
 2.673006408662962e+02  1.338176722270366e-05  6.695277268659912e-07 
 2.679168324818681e+02  1.336601231564715e-05  6.687394642338199e-07 
 2.685344445658156e+02  1.335027614905835e-05  6.679521392407990e-07 
 2.691534803926563e+02  1.333455870059232e-05  6.671657507682170e-07 
 2.697739432444567e+02  1.331885994790495e-05  6.663802976987129e-07 
 2.703958364108489e+02  1.330317986869649e-05  6.655957789163052e-07 
 2.710191631890487e+02  1.328751844069127e-05  6.648121933062718e-07 
 2.716439268838726e+02  1.327187564164162e-05  6.640295397553245e-07 
 2.722701308077555e+02  1.325625144931500e-05  6.632478171514909e-07 
 2.728977782807683e+02  1.324064584150505e-05  6.624670243841417e-07 
 2.735268726306353e+02  1.322505879604939e-05  6.616871603439870e-07 
 2.741574171927522e+02  1.320949029080387e-05  6.609082239230807e-07 
 2.747894153102036e+02  1.319394030365068e-05  6.601302140148115e-07 
 2.754228703337805e+02  1.317840881249899e-05  6.593531295139043e-07 
 2.760577856219983e+02  1.316289579528447e-05  6.585769693164207e-07 
 2.766941645411147e+02  1.314740122996908e-05  6.578017323197965e-07 
 2.773320104651475e+02  1.313192509454676e-05  6.570274174227031e-07 
 2.779713267758922e+02  1.311646736702380e-05  6.562540235251791e-07 
 2.786121168629403e+02  1.310102802544725e-05  6.554815495286382e-07 
 2.792543841236970e+02  1.308560704788950e-05  6.547099943357907e-07 
 2.798981319633994e+02  1.307020441243717e-05  6.539393568507003e-07 
 2.805433637951343e+02  1.305482009721625e-05  6.531696359786704e-07 
 2.811900830398569e+02  1.303945408037459e-05  6.524008306264102e-07 
 2.818382931264081e+02  1.302410634008661e-05  6.516329397019210e-07 
 2.824879974915333e+02  1.300877685456172e-05  6.508659621145242e-07 
 2.831391995799004e+02  1.299346560200965e-05  6.500998967748566e-07 
 2.837919028441181e+02  1.297817256069233e-05  6.493347425948702e-07 
 2.844461107447539e+02  1.296289770888902e-05  6.485704984878328e-07 
 2.851018267503532e+02  1.294764102491143e-05  6.478071633683519e-07 
 2.857590543374568e+02  1.293240248708071e-05  6.470447361522601e-07 
 2.864177969906201e+02  1.291718207376042e-05  6.462832157567853e-07 
 2.870780582024310e+02  1.290197976333493e-05  6.455226011004336e-07 
 2.877398414735287e+02  1.288679553422334e-05  6.447628911030178e-07 
 2.884031503126223e+02  1.287162936484456e-05  6.440040846856552e-07 
 2.890679882365092e+02  1.285648123367000e-05  6.432461807707643e-07 
 2.897343587700938e+02  1.284135111918834e-05  6.424891782820671e-07 
 2.904022654464065e+02  1.282623899991644e-05  6.417330761445976e-07 
 2.910717118066219e+02  1.281114485438956e-05  6.409778732846607e-07 
 2.917427014000779e+02  1.279606866118553e-05  6.402235686298571e-07 
 2.924152377842947e+02  1.278101039887907e-05  6.394701611091104e-07 
 2.930893245249931e+02  1.276597004609705e-05  6.387176496526383e-07 
 2.937649651961140e+02  1.275094758148352e-05  6.379660331919080e-07 
 2.944421633798370e+02  1.273594298371240e-05  6.372153106597184e-07 
 2.951209226665993e+02  1.272095623147467e-05  6.364654809901436e-07 
 2.958012466551152e+02  1.270598730348747e-05  6.357165431185431e-07 
 2.964831389523948e+02  1.269103617850177e-05  6.349684959815663e-07 
 2.971666031737630e+02  1.267610283529276e-05  6.342213385171409e-07 
 2.978516429428793e+02  1.266118725266290e-05  6.334750696645089e-07 
 2.985382618917562e+02  1.264628940941994e-05  6.327296883641076e-07 
 2.992264636607790e+02  1.263140928442229e-05  6.319851935577375e-07 
 2.999162518987251e+02  1.261654685654518e-05  6.312415841884494e-07 
 3.006076302627829e+02  1.260170210468863e-05  6.304988592005703e-07 
 3.013006024185719e+02  1.258687500778744e-05  6.297570175397006e-07 
 3.019951720401613e+02  1.257206554477539e-05  6.290160581527163e-07 
 3.026913428100901e+02  1.255727369463801e-05  6.282759799877895e-07 
 3.033891184193865e+02  1.254249943638698e-05  6.275367819942816e-07 
 3.040885025675872e+02  1.252774274903058e-05  6.267984631229041e-07 
 3.047894989627575e+02  1.251300361163115e-05  6.260610223256092e-07 
 3.054921113215104e+02  1.249828200326668e-05  6.253244585556395e-07 
 3.061963433690267e+02  1.248357790304068e-05  6.245887707674215e-07 
 3.069021988390746e+02  1.246889129008158e-05  6.238539579167258e-07 
 3.076096814740295e+02  1.245422214355168e-05  6.231200189605951e-07 
 3.083187950248940e+02  1.243957044261290e-05  6.223869528572127e-07 
 3.090295432513175e+02  1.242493616647773e-05  6.216547585661394e-07 
 3.097419299216164e+02  1.241031929437539e-05  6.209234350481791e-07 
 3.104559588127938e+02  1.239571980557380e-05  6.201929812653070e-07 
 3.111716337105599e+02  1.238113767932500e-05  6.194633961808372e-07 
 3.118889584093517e+02  1.236657289495112e-05  6.187346787593043e-07 
 3.126079367123534e+02  1.235202543177305e-05  6.180068279664944e-07 
 3.133285724315163e+02  1.233749526914938e-05  6.172798427694434e-07 
 3.140508693875794e+02  1.232298238645901e-05  6.165537221364320e-07 
 3.147748314100891e+02  1.230848676310627e-05  6.158284650370023e-07 
 3.155004623374201e+02  1.229400837851983e-05  6.151040704419113e-07 
 3.162277660167953e+02  1.227954721216201e-05  6.143805373231592e-07 
 3.169567463043063e+02  1.226510324349465e-05  6.136578646540151e-07 
 3.176874070649342e+02  1.225067645202929e-05  6.129360514089872e-07 
 3.184197521725695e+02  1.223626681729434e-05  6.122150965637796e-07 
 3.191537855100331e+02  1.222187431884235e-05  6.114949990953770e-07 
 3.198895109690966e+02  1.220749893625094e-05  6.107757579819826e-07 
 3.206269324505033e+02  1.219314064913053e-05  6.100573722030332e-07 
 3.213660538639883e+02  1.217879943709374e-05  6.093398407392269e-07 
 3.221068791282999e+02  1.216447527981133e-05  6.086231625724082e-07 
 3.228494121712199e+02  1.215016815692940e-05  6.079073366857343e-07 
 3.235936569295845e+02  1.213587804816488e-05  6.071923620635619e-07 
 3.243396173493053e+02  1.212160493324653e-05  6.064782376914874e-07 
 3.250872973853903e+02  1.210734879191983e-05  6.057649625562908e-07 
 3.258367010019646e+02  1.209310960395467e-05  6.050525356460156e-07 
 3.265878321722915e+02  1.207888734915291e-05  6.043409559499401e-07 
 3.273406948787938e+02  1.206468200733800e-05  6.036302224584849e-07 
 3.280952931130745e+02  1.205049355836152e-05  6.029203341633933e-07 
 3.288516308759384e+02  1.203632198209307e-05  6.022112900575583e-07 
 3.296097121774130e+02  1.202216725841708e-05  6.015030891350529e-07 
 3.303695410367699e+02  1.200802936726161e-05  6.007957303912537e-07 
 3.311311214825461e+02  1.199390828857514e-05  6.000892128227115e-07 
 3.318944575525653e+02  1.197980400231741e-05  5.993835354272142e-07 
 3.326595532939593e+02  1.196571648848537e-05  5.986786972036812e-07 
 3.334264127631896e+02  1.195164572710481e-05  5.979746971523180e-07 
 3.341950400260688e+02  1.193759169819850e-05  5.972715342745123e-07 
 3.349654391577821e+02  1.192355438184029e-05  5.965692075728561e-07 
 3.357376142429090e+02  1.190953375811926e-05  5.958677160511452e-07 
 3.365115693754449e+02  1.189552980714849e-05  5.951670587143923e-07 
 3.372873086588230e+02  1.188154250907282e-05  5.944672345687696e-07 
 3.380648362059355e+02  1.186757184404160e-05  5.937682426217034e-07 
 3.388441561391564e+02  1.185361779224209e-05  5.930700818817776e-07 
 3.396252725903621e+02  1.183968033388189e-05  5.923727513587729e-07 
 3.404081897009544e+02  1.182575944919689e-05  5.916762500636923e-07 
 3.411929116218819e+02  1.181185511845114e-05  5.909805770087181e-07 
 3.419794425136621e+02  1.179796732190927e-05  5.902857312072269e-07 
 3.427677865464035e+02  1.178409603988784e-05  5.895917116738338e-07 
 3.435579478998276e+02  1.177024125270885e-05  5.888985174241948e-07 
 3.443499307632914e+02  1.175640294072423e-05  5.882061474753029e-07 
 3.451437393358090e+02  1.174258108431823e-05  5.875146008453015e-07 
 3.459393778260746e+02  1.172877566387495e-05  5.868238765534795e-07 
 3.467368504524841e+02  1.171498665982520e-05  5.861339736203637e-07 
 3.475361614431582e+02  1.170121405261523e-05  5.854448910676324e-07 
 3.483373150359640e+02  1.168745782271543e-05  5.847566279181105e-07 
 3.491403154785382e+02  1.167371795062316e-05  5.840691831958647e-07 
 3.499451670283092e+02  1.165999441684767e-05  5.833825559261399e-07 
 3.507518739525198e+02  1.164628720194421e-05  5.826967451352794e-07 
 3.515604405282498e+02  1.163259628645991e-05  5.820117498508812e-07 
 3.523708710424387e+02  1.161892165098482e-05  5.813275691016897e-07 
 3.531831697919084e+02  1.160526327614444e-05  5.806442019176212e-07 
 3.539973410833859e+02  1.159162114255260e-05  5.799616473297878e-07 
 3.548133892335266e+02  1.157799523087747e-05  5.792799043703968e-07 
 3.556313185689364e+02  1.156438552180037e-05  5.785989720728982e-07 
 3.564511334261951e+02  1.155079199603347e-05  5.779188494718836e-07 
 3.572728381518796e+02  1.153721463428876e-05  5.772395356031221e-07 
 3.580964371025866e+02  1.152365341733411e-05  5.765610295035077e-07 
 3.589219346449557e+02  1.151010832592606e-05  5.758833302111503e-07 
 3.597493351556926e+02  1.149657934087097e-05  5.752064367652917e-07 
 3.605786430215926e+02  1.148306644298946e-05  5.745303482062985e-07 
 3.614098626395634e+02  1.146956961313337e-05  5.738550635757557e-07 
 3.622429984166486e+02  1.145608883215365e-05  5.731805819164063e-07 
 3.630780547700512e+02  1.144262408094830e-05  5.725069022720746e-07 
 3.639150361271568e+02  1.142917534044120e-05  5.718340236878257e-07 
 3.647539469255573e+02  1.141574259154679e-05  5.711619452098123e-07 
 3.655947916130743e+02  1.140232581524287e-05  5.704906658853920e-07 
 3.664375746477825e+02  1.138892499249570e-05  5.698201847630191e-07 
 3.672823004980338e+02  1.137554010431841e-05  5.691505008923598e-07 
 3.681289736424804e+02  1.136217113173899e-05  5.684816133241398e-07 
 3.689775985700992e+02  1.134881805582048e-05  5.678135211103055e-07 
 3.698281797802150e+02  1.133548085761192e-05  5.671462233039476e-07 
 3.706807217825246e+02  1.132215951822216e-05  5.664797189592225e-07 
 3.715352290971210e+02  1.130885401877096e-05  5.658140071315065e-07 
 3.723917062545168e+02  1.129556434040780e-05  5.651490868772894e-07 
 3.732501577956687e+02  1.128229046428209e-05  5.644849572542227e-07 
 3.741105882720013e+02  1.126903237159806e-05  5.638216173210220e-07 
 3.749730022454314e+02  1.125579004354906e-05  5.631590661376143e-07 
 3.758374042883919e+02  1.124256346137664e-05  5.624973027650349e-07 
 3.767037989838565e+02  1.122935260634397e-05  5.618363262654521e-07 
 3.775721909253635e+02  1.121615745971418e-05  5.611761357021788e-07 
 3.784425847170406e+02  1.120297800280030e-05  5.605167301396212e-07 
 3.793149849736291e+02  1.118981421692024e-05  5.598581086433894e-07 
 3.801893963205083e+02  1.117666608341732e-05  5.592002702800952e-07 
 3.810658233937199e+02  1.116353358367127e-05  5.585432141175906e-07 
 3.819442708399933e+02  1.115041669905792e-05  5.578869392248133e-07 
 3.828247433167692e+02  1.113731541100351e-05  5.572314446718379e-07 
 3.837072454922252e+02  1.112422970094408e-05  5.565767295298244e-07 
 3.845917820452999e+02  1.111115955032198e-05  5.559227928710903e-07 
 3.854783576657180e+02  1.109810494062841e-05  5.552696337690850e-07 
 3.863669770540152e+02  1.108506585337395e-05  5.546172512983006e-07 
 3.872576449215631e+02  1.107204227006866e-05  5.539656445344467e-07 
 3.881503659905940e+02  1.105903417227525e-05  5.533148125542492e-07 
 3.890451449942262e+02  1.104604154154889e-05  5.526647544356447e-07 
 3.899419866764889e+02  1.103306435948893e-05  5.520154692575866e-07 
 3.908408957923474e+02  1.102010260770979e-05  5.513669561002125e-07 
 3.917418771077283e+02  1.100715626785174e-05  5.507192140447450e-07 
 3.926449353995449e+02  1.099422532156596e-05  5.500722421735275e-07 
 3.935500754557224e+02  1.098130975054131e-05  5.494260395699986e-07 
 3.944573020752232e+02  1.096840953647568e-05  5.487806053186661e-07 
 3.953666200680726e+02  1.095552466109829e-05  5.481359385052043e-07 
 3.962780342553839e+02  1.094265510614535e-05  5.474920382163794e-07 
 3.971915494693847e+02  1.092980085339310e-05  5.468489035400199e-07 
 3.981071705534414e+02  1.091696188463504e-05  5.462065335651278e-07 
 3.990249023620861e+02  1.090413818168702e-05  5.455649273816891e-07 
 3.999447497610414e+02  1.089132972637120e-05  5.449240840809148e-07 
 4.008667176272465e+02  1.087853650055227e-05  5.442840027550057e-07 
 4.017908108488835e+02  1.086575848610874e-05  5.436446824973428e-07 
 4.027170343254025e+02  1.085299566495938e-05  5.430061224023397e-07 
 4.036453929675482e+02  1.084024801899082e-05  5.423683215655393e-07 
 4.045758916973858e+02  1.082751553016512e-05  5.417312790835651e-07 
 4.055085354483268e+02  1.081479818045597e-05  5.410949940541517e-07 
 4.064433291651555e+02  1.080209595183619e-05  5.404594655760527e-07 
 4.073802778040554e+02  1.078940882632300e-05  5.398246927491818e-07 
 4.083193863326346e+02  1.077673678595578e-05  5.391906746745117e-07 
 4.092606597299532e+02  1.076407981277098e-05  5.385574104541363e-07 
 4.102041029865490e+02  1.075143788886515e-05  5.379248991911541e-07 
 4.111497211044643e+02  1.073881099630732e-05  5.372931399897989e-07 
 4.120975190972721e+02  1.072619911723693e-05  5.366621319554026e-07 
 4.130475019901031e+02  1.071360223377757e-05  5.360318741942749e-07 
 4.139996748196720e+02  1.070102032809781e-05  5.354023658139289e-07 
 4.149540426343043e+02  1.068845338238047e-05  5.347736059229160e-07 
 4.159106104939633e+02  1.067590137883674e-05  5.341455936308398e-07 
 4.168693834702765e+02  1.066336429968863e-05  5.335183280483784e-07 
 4.178303666465627e+02  1.065084212716818e-05  5.328918082873059e-07 
 4.187935651178591e+02  1.063833484355471e-05  5.322660334604814e-07 
 4.197589839909482e+02  1.062584243113799e-05  5.316410026818069e-07 
 4.207266283843846e+02  1.061336487223588e-05  5.310167150661897e-07 
 4.216965034285226e+02  1.060090214917076e-05  5.303931697297286e-07 
 4.226686142655432e+02  1.058845424430083e-05  5.297703657895198e-07 
 4.236429660494812e+02  1.057602114000272e-05  5.291483023637246e-07 
 4.246195639462528e+02  1.056360281866274e-05  5.285269785715934e-07 
 4.255984131336828e+02  1.055119926270573e-05  5.279063935334247e-07 
 4.265795188015322e+02  1.053881045458208e-05  5.272865463706035e-07 
 4.275628861515256e+02  1.052643637673198e-05  5.266674362055164e-07 
 4.285485203973788e+02  1.051407701164097e-05  5.260490621616426e-07 
 4.295364267648263e+02  1.050173234183001e-05  5.254314233635327e-07 
 4.305266104916495e+02  1.048940234979236e-05  5.248145189367793e-07 
 4.315190768277039e+02  1.047708701808744e-05  5.241983480080543e-07 
 4.325138310349473e+02  1.046478632928439e-05  5.235829097050141e-07 
 4.335108783874672e+02  1.045250026596253e-05  5.229682031564480e-07 
 4.345102241715097e+02  1.044022881073302e-05  5.223542274921386e-07 
 4.355118736855066e+02  1.042797194623128e-05  5.217409818429764e-07 
 4.365158322401039e+02  1.041572965509290e-05  5.211284653408190e-07 
 4.375221051581898e+02  1.040350192000216e-05  5.205166771186637e-07 
 4.385306977749232e+02  1.039128872364646e-05  5.199056163104627e-07 
 4.395416154377619e+02  1.037909004872504e-05  5.192952820512805e-07 
 4.405548635064905e+02  1.036690587798207e-05  5.186856734772154e-07 
 4.415704473532496e+02  1.035473619416908e-05  5.180767897254037e-07 
 4.425883723625635e+02  1.034258098006893e-05  5.174686299339623e-07 
 4.436086439313693e+02  1.033044021847233e-05  5.168611932421536e-07 
 4.446312674690453e+02  1.031831389218402e-05  5.162544787901792e-07 
 4.456562483974397e+02  1.030620198405007e-05  5.156484857193584e-07 
 4.466835921508994e+02  1.029410447693246e-05  5.150432131719882e-07 
 4.477133041762986e+02  1.028202135370470e-05  5.144386602914352e-07 
 4.487453899330681e+02  1.026995259727003e-05  5.138348262221101e-07 
 4.497798548932237e+02  1.025789819054086e-05  5.132317101093882e-07 
 4.508167045413957e+02  1.024585811645755e-05  5.126293110997549e-07 
 4.518559443748578e+02  1.023383235798437e-05  5.120276283407118e-07 
 4.528975799035560e+02  1.022182089811389e-05  5.114266609807165e-07 
 4.539416166501383e+02  1.020982371982562e-05  5.108264081693023e-07 
 4.549880601499835e+02  1.019784080616989e-05  5.102268690570563e-07 
 4.560369159512309e+02  1.018587214016213e-05  5.096280427955880e-07 
 4.570881896148096e+02  1.017391770487039e-05  5.090299285374629e-07 
 4.581418867144679e+02  1.016197748339153e-05  5.084325254363361e-07 
 4.591980128368028e+02  1.015005145881542e-05  5.078358326469086e-07 
 4.602565735812901e+02  1.013813961427401e-05  5.072398493247620e-07 
 4.613175745603133e+02  1.012624193291907e-05  5.066445746266627e-07 
 4.623810213991940e+02  1.011435839790187e-05  5.060500077102650e-07 
 4.634469197362216e+02  1.010248899241881e-05  5.054561477343223e-07 
 4.645152752226828e+02  1.009063369967485e-05  5.048629938585975e-07 
 4.655860935228921e+02  1.007879250288613e-05  5.042705452438002e-07 
 4.666593803142216e+02  1.006696538530600e-05  5.036788010517193e-07 
 4.677351412871310e+02  1.005515233021102e-05  5.030877604451552e-07 
 4.688133821451979e+02  1.004335332087534e-05  5.024974225878845e-07 
 4.698941086051479e+02  1.003156834060494e-05  5.019077866446584e-07 
 4.709773263968852e+02  1.001979737273498e-05  5.013188517813153e-07 
 4.720630412635226e+02  1.000804040059942e-05  5.007306171646858e-07 
 4.731512589614124e+02  9.996297407580207e-06  5.001430819625420e-07 
 4.742419852601764e+02  9.984568377050228e-06  4.995562453437251e-07 
 4.753352259427368e+02  9.972853292433092e-06  4.989701064780682e-07 
 4.764309868053471e+02  9.961152137141001e-06  4.983846645363722e-07 
 4.775292736576220e+02  9.949464894635184e-06  4.977999186904815e-07 
 4.786300923225693e+02  9.937791548369259e-06  4.972158681131983e-07 
 4.797334486366199e+02  9.926132081843963e-06  4.966325119783849e-07 
 4.808393484496591e+02  9.914486478552915e-06  4.960498494607978e-07 
 4.819477976250577e+02  9.902854722033711e-06  4.954678797363054e-07 
 4.830588020397029e+02  9.891236795832719e-06  4.948866019816523e-07 
 4.841723675840294e+02  9.879632683509964e-06  4.943060153746933e-07 
 4.852885001620509e+02  9.868042368659077e-06  4.937261190941756e-07 
 4.864072056913912e+02  9.856465834878460e-06  4.931469123199018e-07 
 4.875284901033157e+02  9.844903065799957e-06  4.925683942326650e-07 
 4.886523593427628e+02  9.833354045075843e-06  4.919905640141810e-07 
 4.897788193683752e+02  9.821818756353560e-06  4.914134208472600e-07 
 4.909078761525319e+02  9.810297183335718e-06  4.908369639155487e-07 
 4.920395356813796e+02  9.798789309720594e-06  4.902611924038181e-07 
 4.931738039548643e+02  9.787295119230008e-06  4.896861054977446e-07 
 4.943106869867636e+02  9.775814595614684e-06  4.891117023840437e-07 
 4.954501908047183e+02  9.764347722628735e-06  4.885379822503360e-07 
 4.965923214502639e+02  9.752894484072404e-06  4.879649442853054e-07 
 4.977370849788636e+02  9.741454863728143e-06  4.873925876785652e-07 
 4.988844874599396e+02  9.730028845435480e-06  4.868209116206698e-07 
 5.000345349769057e+02  9.718616413026615e-06  4.862499153032277e-07 
 5.011872336271993e+02  9.707217550368843e-06  4.856795979188102e-07 
 5.023425895223139e+02  9.695832241345649e-06  4.851099586608995e-07 
 5.035006087878314e+02  9.684460469842436e-06  4.845409967240250e-07 
 5.046612975634548e+02  9.673102219792569e-06  4.839727113036854e-07 
 5.058246620030403e+02  9.661757475143130e-06  4.834051015962381e-07 
 5.069907082746304e+02  9.650426219828011e-06  4.828381667991211e-07 
 5.081594425604864e+02  9.639108437846358e-06  4.822719061107437e-07 
 5.093308710571210e+02  9.627804113187624e-06  4.817063187304057e-07 
 5.105049999753317e+02  9.616513229869352e-06  4.811414038584593e-07 
 5.116818355402330e+02  9.605235771921049e-06  4.805771606961468e-07 
 5.128613839912899e+02  9.593971723404176e-06  4.800135884457260e-07 
 5.140436515823509e+02  9.582721068399872e-06  4.794506863103642e-07 
 5.152286445816811e+02  9.571483790990655e-06  4.788884534942633e-07 
 5.164163692719954e+02  9.560259875302411e-06  4.783268892025024e-07 
 5.176068319504919e+02  9.549049305448014e-06  4.777659926412210e-07 
 5.188000389288852e+02  9.537852065595908e-06  4.772057630173867e-07 
 5.199959965334399e+02  9.526668139903035e-06  4.766461995390108e-07 
 5.211947111050041e+02  9.515497512574013e-06  4.760873014150519e-07 
 5.223961889990433e+02  9.504340167810906e-06  4.755290678554345e-07 
 5.236004365856735e+02  9.493196089828498e-06  4.749714980709704e-07 
 5.248074602496956e+02  9.482065262886407e-06  4.744145912735089e-07 
 5.260172663906291e+02  9.470947671243962e-06  4.738583466758280e-07 
 5.272298614227454e+02  9.459843299195594e-06  4.733027634915332e-07 
 5.284452517751029e+02  9.448752131042127e-06  4.727478409353406e-07 
 5.296634438915801e+02  9.437674151100576e-06  4.721935782228743e-07 
 5.308844442309104e+02  9.426609343704354e-06  4.716399745706512e-07 
 5.321082592667160e+02  9.415557693229351e-06  4.710870291961977e-07 
 5.333348954875426e+02  9.404519184052074e-06  4.705347413178988e-07 
 5.345643593968930e+02  9.393493800555826e-06  4.699831101551659e-07 
 5.357966575132627e+02  9.382481527173831e-06  4.694321349283311e-07 
 5.370317963701737e+02  9.371482348333335e-06  4.688818148586575e-07 
 5.382697825162090e+02  9.360496248493080e-06  4.683321491683483e-07 
 5.395106225150481e+02  9.349523212117560e-06  4.677831370805156e-07 
 5.407543229455011e+02  9.338563223710860e-06  4.672347778192296e-07 
 5.420008904015440e+02  9.327616267770792e-06  4.666870706095335e-07 
 5.432503314923531e+02  9.316682328851457e-06  4.661400146773732e-07 
 5.445026528423408e+02  9.305761391467227e-06  4.655936092495993e-07 
 5.457578610911903e+02  9.294853440198467e-06  4.650478535540563e-07 
 5.470159628938908e+02  9.283958459627848e-06  4.645027468194667e-07 
 5.482769649207727e+02  9.273076434365206e-06  4.639582882755361e-07 
 5.495408738575433e+02  9.262207349032813e-06  4.634144771528372e-07 
 5.508076964053218e+02  9.251351188269381e-06  4.628713126829122e-07 
 5.520774392806755e+02  9.240507936725317e-06  4.623287940982089e-07 
 5.533501092156547e+02  9.229677579095416e-06  4.617869206321414e-07 
 5.546257129578286e+02  9.218860100063182e-06  4.612456915189992e-07 
 5.559042572703212e+02  9.208055484340259e-06  4.607051059940073e-07 
 5.571857489318472e+02  9.197263716675052e-06  4.601651632933325e-07 
 5.584701947367479e+02  9.186484781811153e-06  4.596258626540340e-07 
 5.597576014950271e+02  9.175718664507325e-06  4.590872033141081e-07 
 5.610479760323872e+02  9.164965349571094e-06  4.585491845124796e-07 
 5.623413251902656e+02  9.154224821796156e-06  4.580118054890404e-07 
 5.636376558258708e+02  9.143497066014028e-06  4.574750654844321e-07 
 5.649369748122186e+02  9.132782067065591e-06  4.569389637403777e-07 
 5.662392890381692e+02  9.122079809806560e-06  4.564034994994383e-07 
 5.675446054084628e+02  9.111390279118859e-06  4.558686720051071e-07 
 5.688529308437569e+02  9.100713459913184e-06  4.553344805018190e-07 
 5.701642722806628e+02  9.090049337092017e-06  4.548009242348723e-07 
 5.714786366717821e+02  9.079397895595894e-06  4.542680024504727e-07 
 5.727960309857440e+02  9.068759120376223e-06  4.537357143957859e-07 
 5.741164622072421e+02  9.058132996402074e-06  4.532040593188378e-07 
 5.754399373370712e+02  9.047519508657223e-06  4.526730364686379e-07 
 5.767664633921648e+02  9.036918642164902e-06  4.521426450949639e-07 
 5.780960474056319e+02  9.026330381937897e-06  4.516128844485971e-07 
 5.794286964267947e+02  9.015754713013834e-06  4.510837537812136e-07 
 5.807644175212255e+02  9.005191620470719e-06  4.505552523453898e-07 
 5.821032177707846e+02  8.994641089369573e-06  4.500273793945851e-07 
 5.834451042736576e+02  8.984103104828422e-06  4.495001341831484e-07 
 5.847900841443934e+02  8.973577651948131e-06  4.489735159663787e-07 
 5.861381645139412e+02  8.963064715859023e-06  4.484475240004231e-07 
 5.874893525296890e+02  8.952564281721127e-06  4.479221575423751e-07 
 5.888436553555010e+02  8.942076334695243e-06  4.473974158501842e-07 
 5.902010801717561e+02  8.931600859975154e-06  4.468732981826658e-07 
 5.915616341753855e+02  8.921137842756711e-06  4.463498037996365e-07 
 5.929253245799111e+02  8.910687268278899e-06  4.458269319616801e-07 
 5.942921586154838e+02  8.900249121764731e-06  4.453046819303392e-07 
 5.956621435289213e+02  8.889823388488036e-06  4.447830529680369e-07 
 5.970352865837475e+02  8.879410053710719e-06  4.442620443381159e-07 
 5.984115950602301e+02  8.869009102725681e-06  4.437416553047524e-07 
 5.997910762554195e+02  8.858620520856815e-06  4.432218851330671e-07 
 6.011737374831879e+02  8.848244293427597e-06  4.427027330889888e-07 
 6.025595860742674e+02  8.837880405784180e-06  4.421841984393877e-07 
 6.039486293762892e+02  8.827528843290647e-06  4.416662804520198e-07 
 6.053408747538227e+02  8.817189591329448e-06  4.411489783955211e-07 
 6.067363295884143e+02  8.806862635304502e-06  4.406322915394105e-07 
 6.081350012786265e+02  8.796547960627933e-06  4.401162191540223e-07 
 6.095368972400776e+02  8.786245552730701e-06  4.396007605106852e-07 
 6.109420249054801e+02  8.775955397081791e-06  4.390859148815083e-07 
 6.123503917246813e+02  8.765677479126089e-06  4.385716815395586e-07 
 6.137620051647018e+02  8.755411784374723e-06  4.380580597587203e-07 
 6.151768727097755e+02  8.745158298313876e-06  4.375450488137821e-07 
 6.165950018613893e+02  8.734917006481767e-06  4.370326479803609e-07 
 6.180164001383228e+02  8.724687894415197e-06  4.365208565350224e-07 
 6.194410750766881e+02  8.714470947672153e-06  4.360096737551565e-07 
 6.208690342299700e+02  8.704266151818348e-06  4.354990989190594e-07 
 6.223002851690657e+02  8.694073492448343e-06  4.349891313058348e-07 
 6.237348354823251e+02  8.683892955178344e-06  4.344797701955078e-07 
 6.251726927755915e+02  8.673724525632389e-06  4.339710148689500e-07 
 6.266138646722408e+02  8.663568189458186e-06  4.334628646079263e-07 
 6.280583588132231e+02  8.653423932310827e-06  4.329553186950579e-07 
 6.295061828571024e+02  8.643291739869366e-06  4.324483764137786e-07 
 6.309573444800978e+02  8.633171597830414e-06  4.319420370484482e-07 
 6.324118513761238e+02  8.623063491923231e-06  4.314362998843006e-07 
 6.338697112568310e+02  8.612967407861341e-06  4.309311642073840e-07 
 6.353309318516475e+02  8.602883331388022e-06  4.304266293046743e-07 
 6.367955209078194e+02  8.592811248288932e-06  4.299226944638463e-07 
 6.382634861904520e+02  8.582751144330145e-06  4.294193589736532e-07 
 6.397348354825511e+02  8.572703005314205e-06  4.289166221235404e-07 
 6.412095765850644e+02  8.562666817059166e-06  4.284144832038802e-07 
 6.426877173169222e+02  8.552642565392666e-06  4.279129415059102e-07 
 6.441692655150796e+02  8.542630236185431e-06  4.274119963216739e-07 
 6.456542290345576e+02  8.532629815287644e-06  4.269116469441351e-07 
 6.471426157484850e+02  8.522641288580120e-06  4.264118926670545e-07 
 6.486344335481400e+02  8.512664641972143e-06  4.259127327850715e-07 
 6.501296903429920e+02  8.502699861390931e-06  4.254141665936801e-07 
 6.516283940607437e+02  8.492746932762468e-06  4.249161933891579e-07 
 6.531305526473732e+02  8.482805842031878e-06  4.244188124687066e-07 
 6.546361740671755e+02  8.472876575194559e-06  4.239220231303724e-07 
 6.561452663028057e+02  8.462959118207854e-06  4.234258246730003e-07 
 6.576578373553205e+02  8.453053457087974e-06  4.229302163963652e-07 
 6.591738952442211e+02  8.443159577858686e-06  4.224351976009573e-07 
 6.606934480074955e+02  8.433277466557175e-06  4.219407675882476e-07 
 6.622165037016612e+02  8.423407109237056e-06  4.214469256604397e-07 
 6.637430704018078e+02  8.413548491961851e-06  4.209536711206613e-07 
 6.652731562016401e+02  8.403701600824363e-06  4.204610032728259e-07 
 6.668067692135205e+02  8.393866421930206e-06  4.199689214216778e-07 
 6.683439175685128e+02  8.384042941401862e-06  4.194774248728710e-07 
 6.698846094164243e+02  8.374231145372360e-06  4.189865129328349e-07 
 6.714288529258499e+02  8.364431020002050e-06  4.184961849088607e-07 
 6.729766562842151e+02  8.354642551461247e-06  4.180064401090405e-07 
 6.745280276978191e+02  8.344865725932286e-06  4.175172778423356e-07 
 6.760829753918787e+02  8.335100529618208e-06  4.170286974185693e-07 
 6.776415076105717e+02  8.325346948767919e-06  4.165406981483314e-07 
 6.792036326170809e+02  8.315604969582772e-06  4.160532793430659e-07 
 6.807693586936375e+02  8.305874578331833e-06  4.155664403150603e-07 
 6.823386941415654e+02  8.296155761284298e-06  4.150801803774555e-07 
 6.839116472813248e+02  8.286448504733613e-06  4.145944988441184e-07 
 6.854882264525568e+02  8.276752794986607e-06  4.141093950298730e-07 
 6.870684400141271e+02  8.267068618350003e-06  4.136248682502749e-07 
 6.886522963441707e+02  8.257395961181594e-06  4.131409178217501e-07 
 6.902398038401363e+02  8.247734809815270e-06  4.126575430615932e-07 
 6.918309709188306e+02  8.238085150628224e-06  4.121747432878170e-07 
 6.934258060164630e+02  8.228446970015074e-06  4.116925178192816e-07 
 6.950243175886903e+02  8.218820254368009e-06  4.112108659757488e-07 
 6.966265141106620e+02  8.209204990102242e-06  4.107297870777306e-07 
 6.982324040770644e+02  8.199601163672047e-06  4.102492804465646e-07 
 6.998419960021663e+02  8.190008761519033e-06  4.097693454044389e-07 
 7.014552984198638e+02  8.180427770110852e-06  4.092899812743257e-07 
 7.030723198837256e+02  8.170858175928599e-06  4.088111873800529e-07 
 7.046930689670388e+02  8.161299965486387e-06  4.083329630461778e-07 
 7.063175542628536e+02  8.151753125289009e-06  4.078553075982185e-07 
 7.079457843840293e+02  8.142217641878011e-06  4.073782203623272e-07 
 7.095777679632798e+02  8.132693501802694e-06  4.069017006655815e-07 
 7.112135136532198e+02  8.123180691626371e-06  4.064257478358770e-07 
 7.128530301264100e+02  8.113679197928566e-06  4.059503612018813e-07 
 7.144963260754035e+02  8.104189007313970e-06  4.054755400930845e-07 
 7.161434102127920e+02  8.094710106391702e-06  4.050012838397660e-07 
 7.177942912712514e+02  8.085242481800955e-06  4.045275917730831e-07 
 7.194489780035889e+02  8.075786120177363e-06  4.040544632249018e-07 
 7.211074791827887e+02  8.066341008195465e-06  4.035818975279327e-07 
 7.227698036020590e+02  8.056907132524445e-06  4.031098940157417e-07 
 7.244359600748785e+02  8.047484479867455e-06  4.026384520226258e-07 
 7.261059574350429e+02  8.038073036937993e-06  4.021675708837134e-07 
 7.277798045367119e+02  8.028672790446455e-06  4.016972499349282e-07 
 7.294575102544563e+02  8.019283727156426e-06  4.012274885129900e-07 
 7.311390834833047e+02  8.009905833812657e-06  4.007582859554578e-07 
 7.328245331387910e+02  8.000539097208394e-06  4.002896416006554e-07 
 7.345138681570015e+02  7.991183504107755e-06  3.998215547877035e-07 
 7.362070974946224e+02  7.981839041332171e-06  3.993540248565563e-07 
 7.379042301289870e+02  7.972505695708194e-06  3.988870511478648e-07 
 7.396052750581235e+02  7.963183454082110e-06  3.984206330032058e-07 
 7.413102413008030e+02  7.953872303288338e-06  3.979547697648716e-07 
 7.430191378965866e+02  7.944572230208271e-06  3.974894607759744e-07 
 7.447319739058739e+02  7.935283221733232e-06  3.970247053804088e-07 
 7.464487584099511e+02  7.926005264754338e-06  3.965605029228458e-07 
 7.481695005110386e+02  7.916738346200576e-06  3.960968527487602e-07 
 7.498942093323398e+02  7.907482453002628e-06  3.956337542044280e-07 
 7.516228940180891e+02  7.898237572098936e-06  3.951712066369282e-07 
 7.533555637336008e+02  7.889003690466913e-06  3.947092093940529e-07 
 7.550922276653170e+02  7.879780795093592e-06  3.942477618244556e-07 
 7.568328950208571e+02  7.870568872958860e-06  3.937868632775625e-07 
 7.585775750290662e+02  7.861367911085962e-06  3.933265131035560e-07 
 7.603262769400640e+02  7.852177896504231e-06  3.928667106534142e-07 
 7.620790100252939e+02  7.842998816248289e-06  3.924074552788930e-07 
 7.638357835775722e+02  7.833830657386470e-06  3.919487463325814e-07 
 7.655966069111375e+02  7.824673406997602e-06  3.914905831677734e-07 
 7.673614893616998e+02  7.815527052155062e-06  3.910329651386028e-07 
 7.691304402864902e+02  7.806391579979995e-06  3.905758915999441e-07 
 7.709034690643102e+02  7.797266977587724e-06  3.901193619074332e-07 
 7.726805850955822e+02  7.788153232119571e-06  3.896633754175317e-07 
 7.744617978023982e+02  7.779050330724158e-06  3.892079314874683e-07 
 7.762471166285709e+02  7.769958260570718e-06  3.887530294752184e-07 
 7.780365510396829e+02  7.760877008845226e-06  3.882986687396076e-07 
 7.798301105231373e+02  7.751806562744608e-06  3.878448486400706e-07 
 7.816278045882078e+02  7.742746909481178e-06  3.873915685369889e-07 
 7.834296427660896e+02  7.733698036298329e-06  3.869388277914252e-07 
 7.852356346099493e+02  7.724659930421427e-06  3.864866257652494e-07 
 7.870457896949758e+02  7.715632579125300e-06  3.860349618210793e-07 
 7.888601176184312e+02  7.706615969678706e-06  3.855838353222819e-07 
 7.906786279997016e+02  7.697610089385926e-06  3.851332456330688e-07 
 7.925013304803479e+02  7.688614925534866e-06  3.846831921183749e-07 
 7.943282347241573e+02  7.679630465460524e-06  3.842336741438277e-07 
 7.961593504171942e+02  7.670656696496884e-06  3.837846910759110e-07 
 7.979946872678518e+02  7.661693606005716e-06  3.833362422818701e-07 
 7.998342550069032e+02  7.652741181335174e-06  3.828883271296685e-07 
 8.016780633875535e+02  7.643799409885076e-06  3.824409449880533e-07 
 8.035261221854913e+02  7.634868279044436e-06  3.819940952265534e-07 
 8.053784411989403e+02  7.625947776239924e-06  3.815477772154232e-07 
 8.072350302487116e+02  7.617037888884514e-06  3.811019903256776e-07 
 8.090958991782554e+02  7.608138604426140e-06  3.806567339291480e-07 
 8.109610578537136e+02  7.599249910342469e-06  3.802120073983365e-07 
 8.128305161639717e+02  7.590371794076768e-06  3.797678101065617e-07 
 8.147042840207116e+02  7.581504243130275e-06  3.793241414279059e-07 
 8.165823713584641e+02  7.572647245020692e-06  3.788810007371250e-07 
 8.184647881346613e+02  7.563800787259793e-06  3.784383874098600e-07 
 8.203515443296893e+02  7.554964857378041e-06  3.779963008223712e-07 
 8.222426499469419e+02  7.546139442919360e-06  3.775547403517493e-07 
 8.241381150128727e+02  7.537324531467895e-06  3.771137053758005e-07 
 8.260379495770488e+02  7.528520110587753e-06  3.766731952731379e-07 
 8.279421637122040e+02  7.519726167869361e-06  3.762332094230373e-07 
 8.298507675142920e+02  7.510942690940495e-06  3.757937472056021e-07 
 8.317637711025402e+02  7.502169667419635e-06  3.753548080016366e-07 
 8.336811846195031e+02  7.493407084939127e-06  3.749163911927136e-07 
 8.356030182311165e+02  7.484654931147704e-06  3.744784961611620e-07 
 8.375292821267507e+02  7.475913193728851e-06  3.740411222900183e-07 
 8.394599865192652e+02  7.467181860358376e-06  3.736042689630826e-07 
 8.413951416450625e+02  7.458460918739062e-06  3.731679355648967e-07 
 8.433347577641424e+02  7.449750356583885e-06  3.727321214807961e-07 
 8.452788451601566e+02  7.441050161624150e-06  3.722968260967487e-07 
 8.472274141404628e+02  7.432360321595582e-06  3.718620487995093e-07 
 8.491804750361798e+02  7.423680824257857e-06  3.714277889766257e-07 
 8.511380382022421e+02  7.415011657394011e-06  3.709940460163485e-07 
 8.531001140174548e+02  7.406352808786671e-06  3.705608193076539e-07 
 8.550667128845483e+02  7.397704266225261e-06  3.701281082402524e-07 
 8.570378452302342e+02  7.389066017554427e-06  3.696959122046240e-07 
 8.590135215052600e+02  7.380438050577499e-06  3.692642305919383e-07 
 8.609937521844646e+02  7.371820353156992e-06  3.688330627941135e-07 
 8.629785477668339e+02  7.363212913146844e-06  3.684024082038428e-07 
 8.649679187755565e+02  7.354615718435280e-06  3.679722662144944e-07 
 8.669618757580795e+02  7.346028756892717e-06  3.675426362201993e-07 
 8.689604292861643e+02  7.337452016443985e-06  3.671135176158242e-07 
 8.709635899559428e+02  7.328885484996739e-06  3.666849097969512e-07 
 8.729713683879734e+02  7.320329150496358e-06  3.662568121598802e-07 
 8.749837752272974e+02  7.311783000869962e-06  3.658292241016362e-07 
 8.770008211434957e+02  7.303247024111764e-06  3.654021450200215e-07 
 8.790225168307450e+02  7.294721208162430e-06  3.649755743135392e-07 
 8.810488730078744e+02  7.286205541044624e-06  3.645495113813985e-07 
 8.830799004184227e+02  7.277700010749200e-06  3.641239556235381e-07 
 8.851156098306950e+02  7.269204605304925e-06  3.636989064406072e-07 
 8.871560120378201e+02  7.260719312751635e-06  3.632743632340452e-07 
 8.892011178578073e+02  7.252244121127922e-06  3.628503254059481e-07 
 8.912509381336040e+02  7.243779018500745e-06  3.624267923591348e-07 
 8.933054837331533e+02  7.235323992950937e-06  3.620037634971578e-07 
 8.953647655494515e+02  7.226879032587790e-06  3.615812382243704e-07 
 8.974287945006057e+02  7.218444125495054e-06  3.611592159456495e-07 
 8.994975815298920e+02  7.210019259799813e-06  3.607376960667692e-07 
 9.015711376058134e+02  7.201604423640396e-06  3.603166779941410e-07 
 9.036494737221576e+02  7.193199605178116e-06  3.598961611349417e-07 
 9.057326008980559e+02  7.184804792556454e-06  3.594761448970140e-07 
 9.078205301780412e+02  7.176419973985641e-06  3.590566286889092e-07 
 9.099132726321066e+02  7.168045137633347e-06  3.586376119199444e-07 
 9.120108393557643e+02  7.159680271712118e-06  3.582190940000895e-07 
 9.141132414701044e+02  7.151325364446515e-06  3.578010743400691e-07 
 9.162204901218536e+02  7.142980404073081e-06  3.573835523513359e-07 
 9.183325964834344e+02  7.134645378851278e-06  3.569665274459455e-07 
 9.204495717530244e+02  7.126320277022685e-06  3.565499990368037e-07 
 9.225714271546159e+02  7.118005086888523e-06  3.561339665374299e-07 
 9.246981739380749e+02  7.109699796724852e-06  3.557184293620911e-07 
 9.268298233792012e+02  7.101404394848443e-06  3.553033869257502e-07 
 9.289663867797880e+02  7.093118869585570e-06  3.548888386440795e-07 
 9.311078754676815e+02  7.084843209256007e-06  3.544747839334621e-07 
 9.332543007968419e+02  7.076577402226036e-06  3.540612222109386e-07 
 9.354056741474024e+02  7.068321436843154e-06  3.536481528943139e-07 
 9.375620069257303e+02  7.060075301494265e-06  3.532355754020780e-07 
 9.397233105644875e+02  7.051838984569525e-06  3.528234891534753e-07 
 9.418895965226907e+02  7.043612474464994e-06  3.524118935682558e-07 
 9.440608762857723e+02  7.035395759611967e-06  3.520007880670703e-07 
 9.462371613656416e+02  7.027188828441506e-06  3.515901720712043e-07 
 9.484184633007453e+02  7.018991669396572e-06  3.511800450026688e-07 
 9.506047936561292e+02  7.010804270938614e-06  3.507704062840742e-07 
 9.527961640234993e+02  7.002626621542415e-06  3.503612553388575e-07 
 9.549925860212829e+02  6.994458709703516e-06  3.499525915910437e-07 
 9.571940712946911e+02  6.986300523919850e-06  3.495444144654354e-07 
 9.594006315157793e+02  6.978152052706353e-06  3.491367233874844e-07 
 9.616122783835104e+02  6.970013284598790e-06  3.487295177833433e-07 
 9.638290236238159e+02  6.961884208126352e-06  3.483227970798433e-07 
 9.660508789896584e+02  6.953764811876437e-06  3.479165607045118e-07 
 9.682778562610937e+02  6.945655084399376e-06  3.475108080856493e-07 
 9.705099672453338e+02  6.937555014276056e-06  3.471055386520462e-07 
 9.727472237768088e+02  6.929464590123503e-06  3.467007518333825e-07 
 9.749896377172303e+02  6.921383800549309e-06  3.462964470599659e-07 
 9.772372209556536e+02  6.913312634173192e-06  3.458926237627491e-07 
 9.794899854085413e+02  6.905251079647390e-06  3.454892813733947e-07 
 9.817479430198264e+02  6.897199125613898e-06  3.450864193242594e-07 
 9.840111057609753e+02  6.889156760749516e-06  3.446840370484164e-07 
 9.862794856310516e+02  6.881123973739719e-06  3.442821339795116e-07 
 9.885530946567795e+02  6.873100753267991e-06  3.438807095520390e-07 
 9.908319448926078e+02  6.865087088046796e-06  3.434797632010275e-07 
 9.931160484207736e+02  6.857082966808257e-06  3.430792943622425e-07 
 9.954054173513664e+02  6.849088378275019e-06  3.426793024721782e-07 
 9.977000638223923e+02  6.841103311212267e-06  3.422797869679047e-07 
 9.999999999998386e+02  6.833127754369609e-06  3.418807472872803e-07 
 1.002305238077738e+03  6.825161696531839e-06  3.414821828687700e-07 
 1.004615790278233e+03  6.817205126489573e-06  3.410840931514995e-07 
 1.006931668851641e+03  6.809258033042523e-06  3.406864775753853e-07 
 1.009252886076521e+03  6.801320405011449e-06  3.402893355808931e-07 
 1.011579454259735e+03  6.793392231225455e-06  3.398926666092407e-07 
 1.013911385736515e+03  6.785473500530014e-06  3.394964701022418e-07 
 1.016248692870531e+03  6.777564201785655e-06  3.391007455024958e-07 
 1.018591388053952e+03  6.769664323863475e-06  3.387054922531644e-07 
 1.020939483707515e+03  6.761773855646808e-06  3.383107097981715e-07 
 1.023292992280588e+03  6.753892786034564e-06  3.379163975820351e-07 
 1.025651926251242e+03  6.746021103938679e-06  3.375225550499852e-07 
 1.028016298126307e+03  6.738158798275635e-06  3.371291816479130e-07 
 1.030386120441449e+03  6.730305857996289e-06  3.367362768224168e-07 
 1.032761405761230e+03  6.722462272053233e-06  3.363438400206959e-07 
 1.035142166679176e+03  6.714628029400964e-06  3.359518706906099e-07 
 1.037528415817844e+03  6.706803119026616e-06  3.355603682807778e-07 
 1.039920165828891e+03  6.698987529924654e-06  3.351693322404127e-07 
 1.042317429393135e+03  6.691181251090551e-06  3.347787620193862e-07 
 1.044720219220630e+03  6.683384271542113e-06  3.343886570682701e-07 
 1.047128548050729e+03  6.675596580311850e-06  3.339990168382685e-07 
 1.049542428652152e+03  6.667818166457590e-06  3.336098407812735e-07 
 1.051961873823052e+03  6.660049019016307e-06  3.332211283498204e-07 
 1.054386896391087e+03  6.652289127075404e-06  3.328328789971262e-07 
 1.056817509213487e+03  6.644538479714537e-06  3.324450921770409e-07 
 1.059253725177117e+03  6.636797066031511e-06  3.320577673440682e-07 
 1.061695557198552e+03  6.629064875138513e-06  3.316709039534150e-07 
 1.064143018224143e+03  6.621341896156170e-06  3.312845014609047e-07 
 1.066596121230084e+03  6.613628118219820e-06  3.308985593230504e-07 
 1.069054879222484e+03  6.605923530484577e-06  3.305130769969489e-07 
 1.071519305237432e+03  6.598228122109951e-06  3.301280539404384e-07 
 1.073989412341070e+03  6.590541882276694e-06  3.297434896119815e-07 
 1.076465213629660e+03  6.582864800168728e-06  3.293593834706377e-07 
 1.078946722229653e+03  6.575196864994228e-06  3.289757349762385e-07 
 1.081433951297762e+03  6.567538065961498e-06  3.285925435891476e-07 
 1.083926914021027e+03  6.559888392306736e-06  3.282098087704792e-07 
 1.086425623616888e+03  6.552247833264264e-06  3.278275299819184e-07 
 1.088930093333256e+03  6.544616378095840e-06  3.274457066858295e-07 
 1.091440336448578e+03  6.536994016061190e-06  3.270643383452611e-07 
 1.093956366271915e+03  6.529380736443205e-06  3.266834244238056e-07 
 1.096478196143006e+03  6.521776528533986e-06  3.263029643858215e-07 
 1.099005839432341e+03  6.514181381642841e-06  3.259229576962921e-07 
 1.101539309541235e+03  6.506595285088280e-06  3.255434038207418e-07 
 1.104078619901893e+03  6.499018228193940e-06  3.251643022254766e-07 
 1.106623783977485e+03  6.491450200321927e-06  3.247856523773579e-07 
 1.109174815262220e+03  6.483891190814577e-06  3.244074537439448e-07 
 1.111731727281409e+03  6.476341189047527e-06  3.240297057934115e-07 
 1.114294533591548e+03  6.468800184404603e-06  3.236524079945345e-07 
 1.116863247780378e+03  6.461268166281955e-06  3.232755598168073e-07 
 1.119437883466968e+03  6.453745124089093e-06  3.228991607303741e-07 
 1.122018454301780e+03  6.446231047248083e-06  3.225232102058606e-07 
 1.124604973966742e+03  6.438725925189339e-06  3.221477077147099e-07 
 1.127197456175326e+03  6.431229747359906e-06  3.217726527289429e-07 
 1.129795914672613e+03  6.423742503226323e-06  3.213980447211846e-07 
 1.132400363235371e+03  6.416264182257608e-06  3.210238831647226e-07 
 1.135010815672129e+03  6.408794773941054e-06  3.206501675335144e-07 
 1.137627285823244e+03  6.401334267768943e-06  3.202768973021161e-07 
 1.140249787560981e+03  6.393882653259086e-06  3.199040719456704e-07 
 1.142878334789584e+03  6.386439919928949e-06  3.195316909400490e-07 
 1.145512941445347e+03  6.379006057323498e-06  3.191597537616943e-07 
 1.148153621496694e+03  6.371581054974199e-06  3.187882598876981e-07 
 1.150800388944246e+03  6.364164902457637e-06  3.184172087957678e-07 
 1.153453257820902e+03  6.356757589342331e-06  3.180465999642935e-07 
 1.156112242191908e+03  6.349359105213873e-06  3.176764328722135e-07 
 1.158777356154935e+03  6.341969439676334e-06  3.173067069991640e-07 
 1.161448613840151e+03  6.334588582338386e-06  3.169374218253777e-07 
 1.164126029410299e+03  6.327216522820903e-06  3.165685768316867e-07 
 1.166809617060770e+03  6.319853250764462e-06  3.162001714996561e-07 
 1.169499391019678e+03  6.312498755813034e-06  3.158322053113239e-07 
 1.172195365547937e+03  6.305153027638910e-06  3.154646777494748e-07 
 1.174897554939336e+03  6.297816055906315e-06  3.150975882974579e-07 
 1.177605973520613e+03  6.290487830307602e-06  3.147309364392636e-07 
 1.180320635651535e+03  6.283168340535068e-06  3.143647216594819e-07 
 1.183041555724969e+03  6.275857576307786e-06  3.139989434434227e-07 
 1.185768748166964e+03  6.268555527344747e-06  3.136336012768611e-07 
 1.188502227436822e+03  6.261262183385057e-06  3.132686946462968e-07 
 1.191242008027178e+03  6.253977534174678e-06  3.129042230388443e-07 
 1.193988104464076e+03  6.246701569468873e-06  3.125401859421922e-07 
 1.196740531307045e+03  6.239434279060275e-06  3.121765828446928e-07 
 1.199499303149180e+03  6.232175652714043e-06  3.118134132353180e-07 
 1.202264434617214e+03  6.224925680235914e-06  3.114506766035889e-07 
 1.205035940371598e+03  6.217684351436224e-06  3.110883724396953e-07 
 1.207813835106580e+03  6.210451656147404e-06  3.107265002344735e-07 
 1.210598133550282e+03  6.203227584182493e-06  3.103650594792950e-07 
 1.213388850464776e+03  6.196012125406879e-06  3.100040496661868e-07 
 1.216186000646166e+03  6.188805269675205e-06  3.096434702878027e-07 
 1.218989598924664e+03  6.181607006854450e-06  3.092833208373944e-07 
 1.221799660164669e+03  6.174417326838637e-06  3.089236008088279e-07 
 1.224616199264845e+03  6.167236219513839e-06  3.085643096965722e-07 
 1.227439231158203e+03  6.160063674792702e-06  3.082054469957271e-07 
 1.230268770812177e+03  6.152899682590668e-06  3.078470122019636e-07 
 1.233104833228704e+03  6.145744232853102e-06  3.074890048115920e-07 
 1.235947433444305e+03  6.138597315509373e-06  3.071314243215259e-07 
 1.238796586530163e+03  6.131458920529024e-06  3.067742702292879e-07 
 1.241652307592204e+03  6.124329037868613e-06  3.064175420329843e-07 
 1.244514611771178e+03  6.117207657516391e-06  3.060612392313973e-07 
 1.247383514242735e+03  6.110094769470216e-06  3.057053613238103e-07 
 1.250259030217512e+03  6.102990363731711e-06  3.053499078101824e-07 
 1.253141174941207e+03  6.095894430314780e-06  3.049948781910194e-07 
 1.256029963694666e+03  6.088806959251473e-06  3.046402719675085e-07 
 1.258925411793957e+03  6.081727940581997e-06  3.042860886413593e-07 
 1.261827534590460e+03  6.074657364363029e-06  3.039323277149734e-07 
 1.264736347470940e+03  6.067595220661472e-06  3.035789886912701e-07 
 1.267651865857634e+03  6.060541499548777e-06  3.032260710738198e-07 
 1.270574105208330e+03  6.053496191118934e-06  3.028735743667274e-07 
 1.273503081016449e+03  6.046459285467805e-06  3.025214980747690e-07 
 1.276438808811131e+03  6.039430772716035e-06  3.021698417032887e-07 
 1.279381304157311e+03  6.032410642984475e-06  3.018186047582415e-07 
 1.282330582655807e+03  6.025398886412427e-06  3.014677867461573e-07 
 1.285286659943401e+03  6.018395493144925e-06  3.011173871741576e-07 
 1.288249551692919e+03  6.011400453350102e-06  3.007674055499969e-07 
 1.291219273613318e+03  6.004413757193325e-06  3.004178413819603e-07 
 1.294195841449770e+03  5.997435394863264e-06  3.000686941790463e-07 
 1.297179270983739e+03  5.990465356554777e-06  2.997199634506540e-07 
 1.300169578033073e+03  5.983503632479095e-06  2.993716487069364e-07 
 1.303166778452081e+03  5.976550212859073e-06  2.990237494585888e-07 
 1.306170888131623e+03  5.969605087920943e-06  2.986762652168813e-07 
 1.309181922999188e+03  5.962668247907748e-06  2.983291954937514e-07 
 1.312199899018983e+03  5.955739683079172e-06  2.979825398015605e-07 
 1.315224832192018e+03  5.948819383706607e-06  2.976362976534313e-07 
 1.318256738556186e+03  5.941907340057639e-06  2.972904685629642e-07 
 1.321295634186354e+03  5.935003542433142e-06  2.969450520444178e-07 
 1.324341535194443e+03  5.928107981127817e-06  2.966000476125917e-07 
 1.327394457729517e+03  5.921220646458560e-06  2.962554547829253e-07 
 1.330454417977868e+03  5.914341528759154e-06  2.959112730713298e-07 
 1.333521432163100e+03  5.907470618359319e-06  2.955675019944258e-07 
 1.336595516546218e+03  5.900607905609851e-06  2.952241410693390e-07 
 1.339676687425710e+03  5.893753380873235e-06  2.948811898138060e-07 
 1.342764961137638e+03  5.886907034518423e-06  2.945386477461213e-07 
 1.345860354055722e+03  5.880068856939968e-06  2.941965143852167e-07 
 1.348962882591427e+03  5.873238838519897e-06  2.938547892506139e-07 
 1.352072563194050e+03  5.866416969673160e-06  2.935134718622998e-07 
 1.355189412350808e+03  5.859603240812485e-06  2.931725617409124e-07 
 1.358313446586926e+03  5.852797642385154e-06  2.928320584077112e-07 
 1.361444682465721e+03  5.846000164813484e-06  2.924919613844629e-07 
 1.364583136588695e+03  5.839210798560198e-06  2.921522701936077e-07 
 1.367728825595619e+03  5.832429534089200e-06  2.918129843579757e-07 
 1.370881766164623e+03  5.825656361884004e-06  2.914741034011783e-07 
 1.374041975012284e+03  5.818891272423024e-06  2.911356268472806e-07 
 1.377209468893715e+03  5.812134256207783e-06  2.907975542209927e-07 
 1.380384264602652e+03  5.805385303750797e-06  2.904598850475171e-07 
 1.383566378971548e+03  5.798644405574271e-06  2.901226188527198e-07 
 1.386755828871655e+03  5.791911552219588e-06  2.897857551629653e-07 
 1.389952631213119e+03  5.785186734229452e-06  2.894492935052504e-07 
 1.393156802945068e+03  5.778469942148858e-06  2.891132334070817e-07 
 1.396368361055702e+03  5.771761166556725e-06  2.887775743965688e-07 
 1.399587322572382e+03  5.765060398028036e-06  2.884423160024045e-07 
 1.402813704561721e+03  5.758367627162885e-06  2.881074577538584e-07 
 1.406047524129676e+03  5.751682844559349e-06  2.877729991807042e-07 
 1.409288798421637e+03  5.745006040821956e-06  2.874389398133811e-07 
 1.412537544622515e+03  5.738337206587856e-06  2.871052791827362e-07 
 1.415793779956842e+03  5.731676332484605e-06  2.867720168203879e-07 
 1.419057521688852e+03  5.725023409171922e-06  2.864391522583682e-07 
 1.422328787122579e+03  5.718378427293902e-06  2.861066850293537e-07 
 1.425607593601947e+03  5.711741377531898e-06  2.857746146665181e-07 
 1.428893958510861e+03  5.705112250564651e-06  2.854429407036481e-07 
 1.432187899273301e+03  5.698491037081685e-06  2.851116626751212e-07 
 1.435489433353413e+03  5.691877727796079e-06  2.847807801157841e-07 
 1.438798578255602e+03  5.685272313411779e-06  2.844502925611616e-07 
 1.442115351524624e+03  5.678674784662899e-06  2.841201995472170e-07 
 1.445439770745682e+03  5.672085132283270e-06  2.837905006105607e-07 
 1.448771853544516e+03  5.665503347023601e-06  2.834611952883444e-07 
 1.452111617587496e+03  5.658929419641253e-06  2.831322831182323e-07 
 1.455459080581719e+03  5.652363340914577e-06  2.828037636385215e-07 
 1.458814260275101e+03  5.645805101620752e-06  2.824756363880154e-07 
 1.462177174456470e+03  5.639254692549455e-06  2.821479009060885e-07 
 1.465547840955663e+03  5.632712104513394e-06  2.818205567326694e-07 
 1.468926277643617e+03  5.626177328323686e-06  2.814936034082687e-07 
 1.472312502432469e+03  5.619650354804624e-06  2.811670404739011e-07 
 1.475706533275644e+03  5.613131174804019e-06  2.808408674711926e-07 
 1.479108388167956e+03  5.606619779164837e-06  2.805150839422350e-07 
 1.482518085145701e+03  5.600116158746412e-06  2.801896894297999e-07 
 1.485935642286754e+03  5.593620304416404e-06  2.798646834770889e-07 
 1.489361077710662e+03  5.587132207059560e-06  2.795400656279721e-07 
 1.492794409578742e+03  5.580651857570970e-06  2.792158354267198e-07 
 1.496235656094178e+03  5.574179246857654e-06  2.788919924182984e-07 
 1.499684835502118e+03  5.567714365824176e-06  2.785685361481471e-07 
 1.503141966089766e+03  5.561257205411443e-06  2.782454661622661e-07 
 1.506607066186485e+03  5.554807756551761e-06  2.779227820072329e-07 
 1.510080154163891e+03  5.548366010184271e-06  2.776004832301320e-07 
 1.513561248435950e+03  5.541931957271583e-06  2.772785693786088e-07 
 1.517050367459078e+03  5.535505588789056e-06  2.769570400008700e-07 
 1.520547529732236e+03  5.529086895707066e-06  2.766358946456503e-07 
 1.524052753797031e+03  5.522675869028645e-06  2.763151328622407e-07 
 1.527566058237812e+03  5.516272499750426e-06  2.759947542004816e-07 
 1.531087461681768e+03  5.509876778888635e-06  2.756747582107176e-07 
 1.534616982799032e+03  5.503488697464899e-06  2.753551444438823e-07 
 1.538154640302772e+03  5.497108246515354e-06  2.750359124514403e-07 
 1.541700452949296e+03  5.490735417084862e-06  2.747170617854044e-07 
 1.545254439538150e+03  5.484370200227526e-06  2.743985919982873e-07 
 1.548816618912216e+03  5.478012587021460e-06  2.740805026431838e-07 
 1.552387009957817e+03  5.471662568534494e-06  2.737627932737276e-07 
 1.555965631604808e+03  5.465320135857223e-06  2.734454634441081e-07 
 1.559552502826687e+03  5.458985280093440e-06  2.731285127089468e-07 
 1.563147642640686e+03  5.452657992353467e-06  2.728119406235544e-07 
 1.566751070107881e+03  5.446338263756236e-06  2.724957467436437e-07 
 1.570362804333283e+03  5.440026085430085e-06  2.721799306255886e-07 
 1.573982864465950e+03  5.433721448529524e-06  2.718644918261919e-07 
 1.577611269699078e+03  5.427424344202815e-06  2.715494299028929e-07 
 1.581248039270112e+03  5.421134763602845e-06  2.712347444135559e-07 
 1.584893192460842e+03  5.414852697919200e-06  2.709204349166316e-07 
 1.588546748597506e+03  5.408578138325097e-06  2.706065009711555e-07 
 1.592208727050897e+03  5.402311076028618e-06  2.702929421366014e-07 
 1.595879147236459e+03  5.396051502232652e-06  2.699797579730530e-07 
 1.599558028614394e+03  5.389799408148033e-06  2.696669480410629e-07 
 1.603245390689766e+03  5.383554785012077e-06  2.693545119017385e-07 
 1.606941253012601e+03  5.377317624059029e-06  2.690424491167514e-07 
 1.610645635177994e+03  5.371087916533242e-06  2.687307592482761e-07 
 1.614358556826209e+03  5.364865653705339e-06  2.684194418589901e-07 
 1.618080037642788e+03  5.358650826837496e-06  2.681084965121343e-07 
 1.621810097358651e+03  5.352443427207426e-06  2.677979227714957e-07 
 1.625548755750204e+03  5.346243446122496e-06  2.674877202013211e-07 
 1.629296032639442e+03  5.340050874869475e-06  2.671778883664457e-07 
 1.633051947894053e+03  5.333865704761633e-06  2.668684268321551e-07 
 1.636816521427527e+03  5.327687927134105e-06  2.665593351643396e-07 
 1.640589773199257e+03  5.321517533303792e-06  2.662506129294252e-07 
 1.644371723214649e+03  5.315354514625831e-06  2.659422596943044e-07 
 1.648162391525224e+03  5.309198862456827e-06  2.656342750263655e-07 
 1.651961798228730e+03  5.303050568145982e-06  2.653266584936249e-07 
 1.655769963469243e+03  5.296909623086594e-06  2.650194096644937e-07 
 1.659586907437275e+03  5.290776018650256e-06  2.647125281080397e-07 
 1.663412650369883e+03  5.284649746239665e-06  2.644060133937608e-07 
 1.667247212550775e+03  5.278530797264856e-06  2.640998650916740e-07 
 1.671090614310419e+03  5.272419163139445e-06  2.637940827723636e-07 
 1.674942876026148e+03  5.266314835283797e-06  2.634886660068962e-07 
 1.678804018122271e+03  5.260217805147678e-06  2.631836143668782e-07 
 1.682674061070177e+03  5.254128064166896e-06  2.628789274244505e-07 
 1.686553025388450e+03  5.248045603811144e-06  2.625746047521894e-07 
 1.690440931642972e+03  5.241970415539285e-06  2.622706459232819e-07 
 1.694337800447036e+03  5.235902490835767e-06  2.619670505113679e-07 
 1.698243652461451e+03  5.229841821184504e-06  2.616638180906258e-07 
 1.702158508394656e+03  5.223788398101344e-06  2.613609482358048e-07 
 1.706082389002828e+03  5.217742213069397e-06  2.610584405220392e-07 
 1.710015315089991e+03  5.211703257628046e-06  2.607562945250786e-07 
 1.713957307508128e+03  5.205671523301964e-06  2.604545098211711e-07 
 1.717908387157290e+03  5.199647001629725e-06  2.601530859870497e-07 
 1.721868574985709e+03  5.193629684165909e-06  2.598520225999864e-07 
 1.725837891989904e+03  5.187619562467582e-06  2.595513192377247e-07 
 1.729816359214801e+03  5.181616628110365e-06  2.592509754785468e-07 
 1.733803997753837e+03  5.175620872671022e-06  2.589509909012734e-07 
 1.737800828749074e+03  5.169632287742332e-06  2.586513650851445e-07 
 1.741806873391312e+03  5.163650864930582e-06  2.583520976100116e-07 
 1.745822152920201e+03  5.157676595840532e-06  2.580531880561889e-07 
 1.749846688624353e+03  5.151709472094016e-06  2.577546360044762e-07 
 1.753880501841456e+03  5.145749485330918e-06  2.574564410362145e-07 
 1.757923613958387e+03  5.139796627185651e-06  2.571586027332188e-07 
 1.761976046411323e+03  5.133850889315508e-06  2.568611206778310e-07 
 1.766037820685857e+03  5.127912263380603e-06  2.565639944529208e-07 
 1.770108958317113e+03  5.121980741054060e-06  2.562672236418179e-07 
 1.774189480889857e+03  5.116056314012943e-06  2.559708078283748e-07 
 1.778279410038613e+03  5.110138973954268e-06  2.556747465969418e-07 
 1.782378767447779e+03  5.104228712583586e-06  2.553790395323853e-07 
 1.786487574851739e+03  5.098325521611101e-06  2.550836862200258e-07 
 1.790605854034982e+03  5.092429392756989e-06  2.547886862457843e-07 
 1.794733626832214e+03  5.086540317761324e-06  2.544940391959585e-07 
 1.798870915128474e+03  5.080658288353946e-06  2.541997446574470e-07 
 1.803017740859254e+03  5.074783296298652e-06  2.539058022176313e-07 
 1.807174126010612e+03  5.068915333352863e-06  2.536122114643077e-07 
 1.811340092619286e+03  5.063054391293661e-06  2.533189719858854e-07 
 1.815515662772818e+03  5.057200461895445e-06  2.530260833711712e-07 
 1.819700858609665e+03  5.051353536956970e-06  2.527335452095568e-07 
 1.823895702319319e+03  5.045513608283295e-06  2.524413570908702e-07 
 1.828100216142423e+03  5.039680667678244e-06  2.521495186054361e-07 
 1.832314422370891e+03  5.033854706966306e-06  2.518580293441459e-07 
 1.836538343348025e+03  5.028035717981010e-06  2.515668888983017e-07 
 1.840772001468634e+03  5.022223692571064e-06  2.512760968597057e-07 
 1.845015419179151e+03  5.016418622569525e-06  2.509856528207116e-07 
 1.849268618977754e+03  5.010620499860386e-06  2.506955563741275e-07 
 1.853531623414487e+03  5.004829316303594e-06  2.504058071132463e-07 
 1.857804455091373e+03  4.999045063780332e-06  2.501164046318619e-07 
 1.862087136662541e+03  4.993267734178010e-06  2.498273485242759e-07 
 1.866379690834343e+03  4.987497319403960e-06  2.495386383853065e-07 
 1.870682140365473e+03  4.981733811374326e-06  2.492502738101121e-07 
 1.874994508067090e+03  4.975977201999825e-06  2.489622543945584e-07 
 1.879316816802939e+03  4.970227483206545e-06  2.486745797348305e-07 
 1.883649089489470e+03  4.964484646945966e-06  2.483872494276705e-07 
 1.887991349095962e+03  4.958748685162713e-06  2.481002630703186e-07 
 1.892343618644643e+03  4.953019589815653e-06  2.478136202605289e-07 
 1.896705921210813e+03  4.947297352877854e-06  2.475273205964145e-07 
 1.901078279922966e+03  4.941581966323403e-06  2.472413636766522e-07 
 1.905460717962912e+03  4.935873422139240e-06  2.469557491004645e-07 
 1.909853258565902e+03  4.930171712332099e-06  2.466704764674870e-07 
 1.914255925020749e+03  4.924476828899348e-06  2.463855453778218e-07 
 1.918668740669952e+03  4.918788763869306e-06  2.461009554321459e-07 
 1.923091728909820e+03  4.913107509263476e-06  2.458167062315222e-07 
 1.927524913190597e+03  4.907433057112115e-06  2.455327973775197e-07 
 1.931968317016584e+03  4.901765399472712e-06  2.452492284722228e-07 
 1.936421963946266e+03  4.896104528398636e-06  2.449659991181907e-07 
 1.940885877592436e+03  4.890450435959788e-06  2.446831089184252e-07 
 1.945360081622320e+03  4.884803114215251e-06  2.444005574764696e-07 
 1.949844599757702e+03  4.879162555267520e-06  2.441183443962904e-07 
 1.954339455775050e+03  4.873528751200746e-06  2.438364692823181e-07 
 1.958844673505644e+03  4.867901694126626e-06  2.435549317395412e-07 
 1.963360276835700e+03  4.862281376153947e-06  2.432737313733538e-07 
 1.967886289706498e+03  4.856667789409053e-06  2.429928677896697e-07 
 1.972422736114506e+03  4.851060926020654e-06  2.427123405948746e-07 
 1.976969640111512e+03  4.845460778130278e-06  2.424321493958416e-07 
 1.981527025804748e+03  4.839867337887164e-06  2.421522937998063e-07 
 1.986094917357021e+03  4.834280597467042e-06  2.418727734146491e-07 
 1.990673338986835e+03  4.828700549022832e-06  2.415935878486062e-07 
 1.995262314968527e+03  4.823127184750170e-06  2.413147367104662e-07 
 1.999861869632391e+03  4.817560496822312e-06  2.410362196094046e-07 
 2.004472027364807e+03  4.812000477455088e-06  2.407580361551796e-07 
 2.009092812608373e+03  4.806447118838677e-06  2.404801859579113e-07 
 2.013724249862032e+03  4.800900413207824e-06  2.402026686282184e-07 
 2.018366363681204e+03  4.795360352782863e-06  2.399254837772413e-07 
 2.023019178677913e+03  4.789826929799680e-06  2.396486310166014e-07 
 2.027682719520923e+03  4.784300136502320e-06  2.393721099582395e-07 
 2.032357010935861e+03  4.778779965152326e-06  2.390959202147760e-07 
 2.037042077705357e+03  4.773266408010754e-06  2.388200613991434e-07 
 2.041737944669167e+03  4.767759457353604e-06  2.385445331247954e-07 
 2.046444636724311e+03  4.762259105457889e-06  2.382693350057178e-07 
 2.051162178825201e+03  4.756765344628545e-06  2.379944666562274e-07 
 2.055890595983776e+03  4.751278167153623e-06  2.377199276912238e-07 
 2.060629913269634e+03  4.745797565355113e-06  2.374457177259832e-07 
 2.065380155810162e+03  4.740323531547450e-06  2.371718363763435e-07 
 2.070141348790673e+03  4.734856058073001e-06  2.368982832585409e-07 
 2.074913517454540e+03  4.729395137257380e-06  2.366250579893030e-07 
 2.079696687103325e+03  4.723940761449252e-06  2.363521601857665e-07 
 2.084490883096917e+03  4.718492923008969e-06  2.360795894655970e-07 
 2.089296130853666e+03  4.713051614313114e-06  2.358073454469264e-07 
 2.094112455850518e+03  4.707616827726860e-06  2.355354277482861e-07 
 2.098939883623149e+03  4.702188555637858e-06  2.352638359887442e-07 
 2.103778439766099e+03  4.696766790444388e-06  2.349925697877301e-07 
 2.108628149932912e+03  4.691351524546756e-06  2.347216287652757e-07 
 2.113489039836269e+03  4.685942750361441e-06  2.344510125417284e-07 
 2.118361135248123e+03  4.680540460312693e-06  2.341807207379447e-07 
 2.123244461999840e+03  4.675144646822598e-06  2.339107529753073e-07 
 2.128139045982331e+03  4.669755302338007e-06  2.336411088755911e-07 
 2.133044913146195e+03  4.664372419311311e-06  2.333717880609748e-07 
 2.137962089501849e+03  4.658995990195198e-06  2.331027901542365e-07 
 2.142890601119675e+03  4.653626007462626e-06  2.328341147784899e-07 
 2.147830474130149e+03  4.648262463587967e-06  2.325657615573789e-07 
 2.152781734723987e+03  4.642905351059884e-06  2.322977301149411e-07 
 2.157744409152279e+03  4.637554662366713e-06  2.320300200757229e-07 
 2.162718523726632e+03  4.632210390028129e-06  2.317626310646744e-07 
 2.167704104819305e+03  4.626872526546508e-06  2.314955627072446e-07 
 2.172701178863354e+03  4.621541064445422e-06  2.312288146293408e-07 
 2.177709772352768e+03  4.616215996253587e-06  2.309623864572408e-07 
 2.182729911842609e+03  4.610897314517707e-06  2.306962778177835e-07 
 2.187761623949159e+03  4.605585011785533e-06  2.304304883381778e-07 
 2.192804935350055e+03  4.600279080614802e-06  2.301650176461305e-07 
 2.197859872784430e+03  4.594979513573868e-06  2.298998653697860e-07 
 2.202926463053060e+03  4.589686303233925e-06  2.296350311377327e-07 
 2.208004733018503e+03  4.584399442191941e-06  2.293705145790373e-07 
 2.213094709605239e+03  4.579118923033502e-06  2.291063153231296e-07 
 2.218196419799820e+03  4.573844738374132e-06  2.288424329999993e-07 
 2.223309890651003e+03  4.568576880803516e-06  2.285788672399997e-07 
 2.228435149269902e+03  4.563315342963091e-06  2.283156176739789e-07 
 2.233572222830129e+03  4.558060117481647e-06  2.280526839332205e-07 
 2.238721138567936e+03  4.552811196990843e-06  2.277900656494234e-07 
 2.243881923782361e+03  4.547568574143286e-06  2.275277624548128e-07 
 2.249054605835375e+03  4.542332241584582e-06  2.272657739819667e-07 
 2.254239212152022e+03  4.537102192003729e-06  2.270040998639742e-07 
 2.259435770220570e+03  4.531878418061132e-06  2.267427397342720e-07 
 2.264644307592651e+03  4.526660912439206e-06  2.264816932268731e-07 
 2.269864851883412e+03  4.521449667838937e-06  2.262209599761632e-07 
 2.275097430771660e+03  4.516244676951932e-06  2.259605396169890e-07 
 2.280342072000006e+03  4.511045932490288e-06  2.257004317845706e-07 
 2.285598803375017e+03  4.505853427183918e-06  2.254406361146852e-07 
 2.290867652767359e+03  4.500667153750772e-06  2.251811522434432e-07 
 2.296148648111947e+03  4.495487104928653e-06  2.249219798075012e-07 
 2.301441817408093e+03  4.490313273461516e-06  2.246631184438753e-07 
 2.306747188719653e+03  4.485145652115006e-06  2.244045677899780e-07 
 2.312064790175177e+03  4.479984233638843e-06  2.241463274838331e-07 
 2.317394649968060e+03  4.474829010807653e-06  2.238883971637307e-07 
 2.322736796356687e+03  4.469679976402923e-06  2.236307764684715e-07 
 2.328091257664586e+03  4.464537123220412e-06  2.233734650372879e-07 
 2.333458062280580e+03  4.459400444046826e-06  2.231164625098395e-07 
 2.338837238658931e+03  4.454269931697120e-06  2.228597685262551e-07 
 2.344228815319497e+03  4.449145578984392e-06  2.226033827270701e-07 
 2.349632820847881e+03  4.444027378733970e-06  2.223473047532285e-07 
 2.355049283895582e+03  4.438915323774922e-06  2.220915342461502e-07 
 2.360478233180149e+03  4.433809406955562e-06  2.218360708476702e-07 
 2.365919697485329e+03  4.428709621116376e-06  2.215809142001161e-07 
 2.371373705661225e+03  4.423615959126062e-06  2.213260639461083e-07 
 2.376840286624445e+03  4.418528413848078e-06  2.210715197288522e-07 
 2.382319469358258e+03  4.413446978155195e-06  2.208172811919164e-07 
 2.387811282912744e+03  4.408371644939648e-06  2.205633479792943e-07 
 2.393315756404953e+03  4.403302407086024e-06  2.203097197354380e-07 
 2.398832919019055e+03  4.398239257501723e-06  2.200563961051603e-07 
 2.404362800006496e+03  4.393182189097328e-06  2.198033767338127e-07 
 2.409905428686157e+03  4.388131194796221e-06  2.195506612671211e-07 
 2.415460834444501e+03  4.383086267510351e-06  2.192982493512113e-07 
 2.421029046735738e+03  4.378047400196563e-06  2.190461406326510e-07 
 2.426610095081975e+03  4.373014585783380e-06  2.187943347584884e-07 
 2.432204009073373e+03  4.367987817231910e-06  2.185428313761532e-07 
 2.437810818368309e+03  4.362967087498329e-06  2.182916301334886e-07 
 2.443430552693527e+03  4.357952389564075e-06  2.180407306788006e-07 
 2.449063241844300e+03  4.352943716396584e-06  2.177901326608123e-07 
 2.454708915684584e+03  4.347941060988615e-06  2.175398357286832e-07 
 2.460367604147179e+03  4.342944416336392e-06  2.172898395319402e-07 
 2.466039337233890e+03  4.337953775448371e-06  2.170401437205909e-07 
 2.471724145015680e+03  4.332969131327674e-06  2.167907479450442e-07 
 2.477422057632834e+03  4.327990476994970e-06  2.165416518561694e-07 
 2.483133105295118e+03  4.323017805488131e-06  2.162928551051779e-07 
 2.488857318281938e+03  4.318051109849127e-06  2.160443573437991e-07 
 2.494594726942501e+03  4.313090383111680e-06  2.157961582241164e-07 
 2.500345361695976e+03  4.308135618338046e-06  2.155482573986607e-07 
 2.506109253031657e+03  4.303186808592333e-06  2.153006545203395e-07 
 2.511886431509122e+03  4.298243946945374e-06  2.150533492425881e-07 
 2.517676927758397e+03  4.293307026473505e-06  2.148063412191644e-07 
 2.523480772480115e+03  4.288376040273275e-06  2.145596301042568e-07 
 2.529297996445684e+03  4.283450981435717e-06  2.143132155525185e-07 
 2.535128630497446e+03  4.278531843066005e-06  2.140670972189535e-07 
 2.540972705548842e+03  4.273618618281374e-06  2.138212747590912e-07 
 2.546830252584577e+03  4.268711300201199e-06  2.135757478287247e-07 
 2.552701302660781e+03  4.263809881960165e-06  2.133305160842205e-07 
 2.558585886905179e+03  4.258914356688890e-06  2.130855791822454e-07 
 2.564484036517249e+03  4.254024717539443e-06  2.128409367799552e-07 
 2.570395782768395e+03  4.249140957670615e-06  2.125965885348687e-07 
 2.576321157002105e+03  4.244263070241356e-06  2.123525341049478e-07 
 2.582260190634125e+03  4.239391048421909e-06  2.121087731486101e-07 
 2.588212915152619e+03  4.234524885395413e-06  2.118653053245427e-07 
 2.594179362118341e+03  4.229664574348225e-06  2.116221302920361e-07 
 2.600159563164797e+03  4.224810108484654e-06  2.113792477106562e-07 
 2.606153549998419e+03  4.219961480997877e-06  2.111366572404299e-07 
 2.612161354398729e+03  4.215118685110651e-06  2.108943585417984e-07 
 2.618183008218507e+03  4.210281714036404e-06  2.106523512756069e-07 
 2.624218543383962e+03  4.205450561008637e-06  2.104106351031350e-07 
 2.630267991894901e+03  4.200625219271003e-06  2.101692096859941e-07 
 2.636331385824898e+03  4.195805682060716e-06  2.099280746863122e-07 
 2.642408757321463e+03  4.190991942633448e-06  2.096872297665652e-07 
 2.648500138606216e+03  4.186183994254201e-06  2.094466745895997e-07 
 2.654605561975053e+03  4.181381830192792e-06  2.092064088187929e-07 
 2.660725059798322e+03  4.176585443722966e-06  2.089664321178308e-07 
 2.666858664520991e+03  4.171794828140543e-06  2.087267441508370e-07 
 2.673006408662821e+03  4.167009976733405e-06  2.084873445823034e-07 
 2.679168324818540e+03  4.162230882804862e-06  2.082482330771933e-07 
 2.685344445658014e+03  4.157457539665499e-06  2.080094093008052e-07 
 2.691534803926421e+03  4.152689940644845e-06  2.077708729189250e-07 
 2.697739432444424e+03  4.147928079052161e-06  2.075326235977079e-07 
 2.703958364108347e+03  4.143171948239704e-06  2.072946610036891e-07 
 2.710191631890345e+03  4.138421541543943e-06  2.070569848038134e-07 
 2.716439268838583e+03  4.133676852315132e-06  2.068195946654407e-07 
 2.722701308077411e+03  4.128937873916551e-06  2.065824902563552e-07 
 2.728977782807538e+03  4.124204599708103e-06  2.063456712447097e-07 
 2.735268726306208e+03  4.119477023076135e-06  2.061091372990770e-07 
 2.741574171927377e+03  4.114755137402276e-06  2.058728880884172e-07 
 2.747894153101890e+03  4.110038936068755e-06  2.056369232821086e-07 
 2.754228703337659e+03  4.105328412484410e-06  2.054012425499021e-07 
 2.760577856219837e+03  4.100623560055357e-06  2.051658455620291e-07 
 2.766941645411001e+03  4.095924372190582e-06  2.049307319889761e-07 
 2.773320104651329e+03  4.091230842325892e-06  2.046959015017711e-07 
 2.779713267758776e+03  4.086542963884500e-06  2.044613537717601e-07 
 2.786121168629256e+03  4.081860730304476e-06  2.042270884707168e-07 
 2.792543841236823e+03  4.077184135045266e-06  2.039931052707707e-07 
 2.798981319633846e+03  4.072513171547376e-06  2.037594038445497e-07 
 2.805433637951196e+03  4.067847833278384e-06  2.035259838649599e-07 
 2.811900830398421e+03  4.063188113722213e-06  2.032928450053808e-07 
 2.818382931263933e+03  4.058534006341844e-06  2.030599869395581e-07 
 2.824879974915185e+03  4.053885504624348e-06  2.028274093416422e-07 
 2.831391995798856e+03  4.049242602080633e-06  2.025951118861583e-07 
 2.837919028441032e+03  4.044605292199879e-06  2.023630942480649e-07 
 2.844461107447390e+03  4.039973568500658e-06  2.021313561026258e-07 
 2.851018267503382e+03  4.035347424491575e-06  2.018998971256315e-07 
 2.857590543374418e+03  4.030726853712543e-06  2.016687169931976e-07 
 2.864177969906051e+03  4.026111849689517e-06  2.014378153817889e-07 
 2.870780582024159e+03  4.021502405960141e-06  2.012071919683158e-07 
 2.877398414735136e+03  4.016898516083981e-06  2.009768464301115e-07 
 2.884031503126072e+03  4.012300173618848e-06  2.007467784447990e-07 
 2.890679882364940e+03  4.007707372121433e-06  2.005169876904870e-07 
 2.897343587700786e+03  4.003120105177818e-06  2.002874738456387e-07 
 2.904022654463912e+03  3.998538366361424e-06  2.000582365891162e-07 
 2.910717118066065e+03  3.993962149256027e-06  1.998292756001397e-07 
 2.917427014000626e+03  3.989391447468278e-06  1.996005905583183e-07 
 2.924152377842793e+03  3.984826254598324e-06  1.993721811436824e-07 
 2.930893245249777e+03  3.980266564250819e-06  1.991440470366919e-07 
 2.937649651960985e+03  3.975712370066368e-06  1.989161879180832e-07 
 2.944421633798214e+03  3.971163665652923e-06  1.986886034690562e-07 
 2.951209226665837e+03  3.966620444655758e-06  1.984612933711862e-07 
 2.958012466550996e+03  3.962082700714676e-06  1.982342573064258e-07 
 2.964831389523791e+03  3.957550427482782e-06  1.980074949570964e-07 
 2.971666031737473e+03  3.953023618618147e-06  1.977810060059428e-07 
 2.978516429428635e+03  3.948502267787461e-06  1.975547901360533e-07 
 2.985382618917404e+03  3.943986368656879e-06  1.973288470309308e-07 
 2.992264636607632e+03  3.939475914920261e-06  1.971031763744536e-07 
 2.999162518987092e+03  3.934970900262311e-06  1.968777778508645e-07 
 3.006076302627671e+03  3.930471318380905e-06  1.966526511448433e-07 
 3.013006024185560e+03  3.925977162974357e-06  1.964277959413611e-07 
 3.019951720401453e+03  3.921488427758442e-06  1.962032119258807e-07 
 3.026913428100741e+03  3.917005106456528e-06  1.959788987841453e-07 
 3.033891184193704e+03  3.912527192796408e-06  1.957548562023424e-07 
 3.040885025675711e+03  3.908054680505303e-06  1.955310838670363e-07 
 3.047894989627414e+03  3.903587563334991e-06  1.953075814651168e-07 
 3.054921113214943e+03  3.899125835027397e-06  1.950843486839438e-07 
 3.061963433690105e+03  3.894669489349597e-06  1.948613852111634e-07 
 3.069021988390584e+03  3.890218520058601e-06  1.946386907348592e-07 
 3.076096814740134e+03  3.885772920928130e-06  1.944162649434568e-07 
 3.083187950248778e+03  3.881332685748677e-06  1.941941075258023e-07 
 3.090295432513013e+03  3.876897808297031e-06  1.939722181710856e-07 
 3.097419299216001e+03  3.872468282369230e-06  1.937505965688778e-07 
 3.104559588127775e+03  3.868044101773405e-06  1.935292424091566e-07 
 3.111716337105436e+03  3.863625260319275e-06  1.933081553821857e-07 
 3.118889584093354e+03  3.859211751825797e-06  1.930873351787419e-07 
 3.126079367123370e+03  3.854803570116935e-06  1.928667814898994e-07 
 3.133285724314999e+03  3.850400709019215e-06  1.926464940070655e-07 
 3.140508693875629e+03  3.846003162384810e-06  1.924264724220925e-07 
 3.147748314100726e+03  3.841610924060747e-06  1.922067164271763e-07 
 3.155004623374036e+03  3.837223987889676e-06  1.919872257148994e-07 
 3.162277660167787e+03  3.832842347750872e-06  1.917679999781941e-07 
 3.169567463042897e+03  3.828465997501564e-06  1.915490389103903e-07 
 3.176874070649175e+03  3.824094931025911e-06  1.913303422051898e-07 
 3.184197521725528e+03  3.819729142210823e-06  1.911119095566470e-07 
 3.191537855100163e+03  3.815368624945817e-06  1.908937406592078e-07 
 3.198895109690798e+03  3.811013373132354e-06  1.906758352076425e-07 
 3.206269324504864e+03  3.806663380674002e-06  1.904581928971728e-07 
 3.213660538639714e+03  3.802318641494080e-06  1.902408134232774e-07 
 3.221068791282829e+03  3.797979149500855e-06  1.900236964819467e-07 
 3.228494121712029e+03  3.793644898641930e-06  1.898068417693866e-07 
 3.235936569295674e+03  3.789315882839985e-06  1.895902489822907e-07 
 3.243396173492883e+03  3.784992096043266e-06  1.893739178176820e-07 
 3.250872973853732e+03  3.780673532210436e-06  1.891578479729263e-07 
 3.258367010019474e+03  3.776360185292845e-06  1.889420391458309e-07 
 3.265878321722743e+03  3.772052049253262e-06  1.887264910344236e-07 
 3.273406948787765e+03  3.767749118075460e-06  1.885112033372633e-07 
 3.280952931130572e+03  3.763451385732946e-06  1.882961757531548e-07 
 3.288516308759211e+03  3.759158846212983e-06  1.880814079813403e-07 
 3.296097121773957e+03  3.754871493523807e-06  1.878668997213913e-07 
 3.303695410367525e+03  3.750589321648753e-06  1.876526506732725e-07 
 3.311311214825287e+03  3.746312324615753e-06  1.874386605372457e-07 
 3.318944575525478e+03  3.742040496433952e-06  1.872249290140408e-07 
 3.326595532939417e+03  3.737773831120495e-06  1.870114558046784e-07 
 3.334264127631720e+03  3.733512322721620e-06  1.867982406105366e-07 
 3.341950400260511e+03  3.729255965269807e-06  1.865852831333927e-07 
 3.349654391577644e+03  3.725004752813252e-06  1.863725830753507e-07 
 3.357376142428912e+03  3.720758679401311e-06  1.861601401389076e-07 
 3.365115693754271e+03  3.716517739100572e-06  1.859479540269007e-07 
 3.372873086588051e+03  3.712281925969332e-06  1.857360244425576e-07 
 3.380648362059177e+03  3.708051234096315e-06  1.855243510894034e-07 
 3.388441561391384e+03  3.703825657553558e-06  1.853129336714204e-07 
 3.396252725903441e+03  3.699605190436404e-06  1.851017718928435e-07 
 3.404081897009364e+03  3.695389826835508e-06  1.848908654583425e-07 
 3.411929116218639e+03  3.691179560858714e-06  1.846802140728899e-07 
 3.419794425136441e+03  3.686974386614835e-06  1.844698174418557e-07 
 3.427677865463854e+03  3.682774298225920e-06  1.842596752709651e-07 
 3.435579478998095e+03  3.678579289812172e-06  1.840497872662997e-07 
 3.443499307632731e+03  3.674389355510976e-06  1.838401531342643e-07 
 3.451437393357907e+03  3.670204489458734e-06  1.836307725816549e-07 
 3.459393778260563e+03  3.666024685804243e-06  1.834216453156487e-07 
 3.467368504524658e+03  3.661849938698440e-06  1.832127710436831e-07 
 3.475361614431398e+03  3.657680242305176e-06  1.830041494736400e-07 
 3.483373150359456e+03  3.653515590791218e-06  1.827957803137257e-07 
 3.491403154785198e+03  3.649355978327601e-06  1.825876632724903e-07 
 3.499451670282908e+03  3.645201399104729e-06  1.823797980588453e-07 
 3.507518739525013e+03  3.641051847303466e-06  1.821721843820756e-07 
 3.515604405282313e+03  3.636907317126039e-06  1.819648219517870e-07 
 3.523708710424201e+03  3.632767802775455e-06  1.817577104779862e-07 
 3.531831697918898e+03  3.628633298456407e-06  1.815508496709219e-07 
 3.539973410833673e+03  3.624503798384983e-06  1.813442392413258e-07 
 3.548133892335079e+03  3.620379296797026e-06  1.811378789002178e-07 
 3.556313185689176e+03  3.616259787917105e-06  1.809317683589708e-07 
 3.564511334261763e+03  3.612145265972182e-06  1.807259073292965e-07 
 3.572728381518608e+03  3.608035725229189e-06  1.805202955233043e-07 
 3.580964371025678e+03  3.603931159927758e-06  1.803149326533798e-07 
 3.589219346449368e+03  3.599831564326205e-06  1.801098184323374e-07 
 3.597493351556737e+03  3.595736932693636e-06  1.799049525732916e-07 
 3.605786430215736e+03  3.591647259303123e-06  1.797003347896645e-07 
 3.614098626395443e+03  3.587562538439119e-06  1.794959647953682e-07 
 3.622429984166295e+03  3.583482764378549e-06  1.792918423044687e-07 
 3.630780547700320e+03  3.579407931421010e-06  1.790879670315606e-07 
 3.639150361271376e+03  3.575338033873953e-06  1.788843386914565e-07 
 3.647539469255381e+03  3.571273066034884e-06  1.786809569993936e-07 
 3.655947916130550e+03  3.567213022218659e-06  1.784778216709103e-07 
 3.664375746477632e+03  3.563157896754289e-06  1.782749324218911e-07 
 3.672823004980144e+03  3.559107683965674e-06  1.780722889685908e-07 
 3.681289736424610e+03  3.555062378195291e-06  1.778698910275665e-07 
 3.689775985700797e+03  3.551021973770016e-06  1.776677383158116e-07 
 3.698281797801954e+03  3.546986465056739e-06  1.774658305505401e-07 
 3.706807217825050e+03  3.542955846396338e-06  1.772641674494101e-07 
 3.715352290971014e+03  3.538930112160842e-06  1.770627487303374e-07 
 3.723917062544972e+03  3.534909256716888e-06  1.768615741116449e-07 
 3.732501577956491e+03  3.530893274440507e-06  1.766606433119701e-07 
 3.741105882719816e+03  3.526882159714518e-06  1.764599560503282e-07 
 3.749730022454116e+03  3.522875906936518e-06  1.762595120460121e-07 
 3.758374042883721e+03  3.518874510492824e-06  1.760593110186974e-07 
 3.767037989838366e+03  3.514877964793131e-06  1.758593526884106e-07 
 3.775721909253436e+03  3.510886264248235e-06  1.756596367754564e-07 
 3.784425847170206e+03  3.506899403269194e-06  1.754601630005436e-07 
 3.793149849736091e+03  3.502917376288090e-06  1.752609310846912e-07 
 3.801893963204882e+03  3.498940177731267e-06  1.750619407492806e-07 
 3.810658233936998e+03  3.494967802039232e-06  1.748631917159918e-07 
 3.819442708399732e+03  3.491000243657292e-06  1.746646837068716e-07 
 3.828247433167491e+03  3.487037497032287e-06  1.744664164443225e-07 
 3.837072454922050e+03  3.483079556619026e-06  1.742683896510198e-07 
 3.845917820452796e+03  3.479126416891526e-06  1.740706030500170e-07 
 3.854783576656976e+03  3.475178072318370e-06  1.738730563647059e-07 
 3.863669770539948e+03  3.471234517372933e-06  1.736757493188282e-07 
 3.872576449215427e+03  3.467295746541209e-06  1.734786816364241e-07 
 3.881503659905735e+03  3.463361754323734e-06  1.732818530419061e-07 
 3.890451449942057e+03  3.459432535205165e-06  1.730852632599823e-07 
 3.899419866764683e+03  3.455508083693294e-06  1.728889120157036e-07 
 3.908408957923267e+03  3.451588394311524e-06  1.726927990344787e-07 
 3.917418771077076e+03  3.447673461560029e-06  1.724969240420429e-07 
 3.926449353995242e+03  3.443763279977971e-06  1.723012867644425e-07 
 3.935500754557016e+03  3.439857844089743e-06  1.721058869280948e-07 
 3.944573020752024e+03  3.435957148434689e-06  1.719107242597085e-07 
 3.953666200680517e+03  3.432061187558565e-06  1.717157984863223e-07 
 3.962780342553630e+03  3.428169956010201e-06  1.715211093353604e-07 
 3.971915494693637e+03  3.424283448355985e-06  1.713266565345263e-07 
 3.981071705534204e+03  3.420401659149228e-06  1.711324398118751e-07 
 3.990249023620650e+03  3.416524582967836e-06  1.709384588957748e-07 
 3.999447497610202e+03  3.412652214384680e-06  1.707447135149531e-07 
 4.008667176272254e+03  3.408784547985802e-06  1.705512033984402e-07 
 4.017908108488623e+03  3.404921578363214e-06  1.703579282756077e-07 
 4.027170343253812e+03  3.401063300114616e-06  1.701648878761689e-07 
 4.036453929675269e+03  3.397209707847514e-06  1.699720819300964e-07 
 4.045758916973644e+03  3.393360796160381e-06  1.697795101678054e-07 
 4.055085354483054e+03  3.389516559683858e-06  1.695871723199561e-07 
 4.064433291651341e+03  3.385676993034121e-06  1.693950681175503e-07 
 4.073802778040339e+03  3.381842090843542e-06  1.692031972918869e-07 
 4.083193863326131e+03  3.378011847749889e-06  1.690115595746873e-07 
 4.092606597299316e+03  3.374186258391792e-06  1.688201546978902e-07 
 4.102041029865273e+03  3.370365317432017e-06  1.686289823938437e-07 
 4.111497211044425e+03  3.366549019505327e-06  1.684380423951742e-07 
 4.120975190972503e+03  3.362737359286814e-06  1.682473344348392e-07 
 4.130475019900812e+03  3.358930331450025e-06  1.680568582461011e-07 
 4.139996748196500e+03  3.355127930659863e-06  1.678666135625839e-07 
 4.149540426342824e+03  3.351330151609106e-06  1.676766001182261e-07 
 4.159106104939413e+03  3.347536988980419e-06  1.674868176473165e-07 
 4.168693834702544e+03  3.343748437467573e-06  1.672972658843809e-07 
 4.178303666465406e+03  3.339964491775894e-06  1.671079445643177e-07 
 4.187935651178370e+03  3.336185146611333e-06  1.669188534223829e-07 
 4.197589839909259e+03  3.332410396681427e-06  1.667299921941118e-07 
 4.207266283843623e+03  3.328640236724515e-06  1.665413606153678e-07 
 4.216965034285002e+03  3.324874661447328e-06  1.663529584223191e-07 
 4.226686142655207e+03  3.321113665598681e-06  1.661647853514918e-07 
 4.236429660494587e+03  3.317357243909070e-06  1.659768411396886e-07 
 4.246195639462302e+03  3.313605391129789e-06  1.657891255240982e-07 
 4.255984131336602e+03  3.309858102017442e-06  1.656016382421313e-07 
 4.265795188015096e+03  3.306115371321044e-06  1.654143790316264e-07 
 4.275628861515029e+03  3.302377193808179e-06  1.652273476306449e-07 
 4.285485203973560e+03  3.298643564254486e-06  1.650405437776104e-07 
 4.295364267648035e+03  3.294914477436140e-06  1.648539672112975e-07 
 4.305266104916266e+03  3.291189928143483e-06  1.646676176706787e-07 
 4.315190768276810e+03  3.287469911154644e-06  1.644814948952337e-07 
 4.325138310349243e+03  3.283754421278004e-06  1.642955986245852e-07 
 4.335108783874442e+03  3.280043453312971e-06  1.641099285987356e-07 
 4.345102241714867e+03  3.276337002069953e-06  1.639244845580071e-07 
 4.355118736854835e+03  3.272635062364661e-06  1.637392662430338e-07 
 4.365158322400807e+03  3.268937629023633e-06  1.635542733948261e-07 
 4.375221051581666e+03  3.265244696862700e-06  1.633695057545719e-07 
 4.385306977749000e+03  3.261556260726697e-06  1.631849630638699e-07 
 4.395416154377386e+03  3.257872315458375e-06  1.630006450646312e-07 
 4.405548635064672e+03  3.254192855902012e-06  1.628165514990417e-07 
 4.415704473532262e+03  3.250517876914932e-06  1.626326821096581e-07 
 4.425883723625400e+03  3.246847373346980e-06  1.624490366392527e-07 
 4.436086439313458e+03  3.243181340077631e-06  1.622656148310154e-07 
 4.446312674690217e+03  3.239519771967052e-06  1.620824164283836e-07 
 4.456562483974160e+03  3.235862663898120e-06  1.618994411751199e-07 
 4.466835921508757e+03  3.232210010762196e-06  1.617166888153388e-07 
 4.477133041762749e+03  3.228561807443480e-06  1.615341590933912e-07 
 4.487453899330443e+03  3.224918048847404e-06  1.613518517539783e-07 
 4.497798548931999e+03  3.221278729861684e-06  1.611697665421308e-07 
 4.508167045413718e+03  3.217643845409421e-06  1.609879032031674e-07 
 4.518559443748339e+03  3.214013390402405e-06  1.608062614827044e-07 
 4.528975799035320e+03  3.210387359762755e-06  1.606248411266802e-07 
 4.539416166501142e+03  3.206765748417466e-06  1.604436418813489e-07 
 4.549880601499594e+03  3.203148551306731e-06  1.602626634932513e-07 
 4.560369159512068e+03  3.199535763364398e-06  1.600819057092589e-07 
 4.570881896147855e+03  3.195927379536781e-06  1.599013682765710e-07 
 4.581418867144436e+03  3.192323394782138e-06  1.597210509426083e-07 
 4.591980128367785e+03  3.188723804053244e-06  1.595409534551882e-07 
 4.602565735812657e+03  3.185128602320799e-06  1.593610755623920e-07 
 4.613175745602889e+03  3.181537784553587e-06  1.591814170126574e-07 
 4.623810213991695e+03  3.177951345728189e-06  1.590019775546061e-07 
 4.634469197361970e+03  3.174369280829120e-06  1.588227569372934e-07 
 4.645152752226581e+03  3.170791584843562e-06  1.586437549100200e-07 
 4.655860935228674e+03  3.167218252769588e-06  1.584649712224002e-07 
 4.666593803141968e+03  3.163649279607708e-06  1.582864056243854e-07 
 4.677351412871061e+03  3.160084660363723e-06  1.581080578661465e-07 
 4.688133821451729e+03  3.156524390056344e-06  1.579299276982343e-07 
 4.698941086051229e+03  3.152968463707012e-06  1.577520148715070e-07 
 4.709773263968601e+03  3.149416876329984e-06  1.575743191370552e-07 
 4.720630412634975e+03  3.145869622964460e-06  1.573968402463438e-07 
 4.731512589613872e+03  3.142326698654522e-06  1.572195779510773e-07 
 4.742419852601512e+03  3.138788098433745e-06  1.570425320033098e-07 
 4.753352259427115e+03  3.135253817357708e-06  1.568657021554185e-07 
 4.764309868053217e+03  3.131723850477772e-06  1.566890881599786e-07 
 4.775292736575966e+03  3.128198192862114e-06  1.565126897699612e-07 
 4.786300923225438e+03  3.124676839575888e-06  1.563365067386123e-07 
 4.797334486365943e+03  3.121159785695014e-06  1.561605388194787e-07 
 4.808393484496335e+03  3.117647026288247e-06  1.559847857663950e-07 
 4.819477976250320e+03  3.114138556461114e-06  1.558092473334702e-07 
 4.830588020396771e+03  3.110634371290361e-06  1.556339232751728e-07 
 4.841723675840035e+03  3.107134465882446e-06  1.554588133462310e-07 
 4.852885001620250e+03  3.103638835331371e-06  1.552839173016905e-07 
 4.864072056913653e+03  3.100147474753752e-06  1.551092348968593e-07 
 4.875284901032897e+03  3.096660379265977e-06  1.549347658873883e-07 
 4.886523593427368e+03  3.093177543987705e-06  1.547605100291686e-07 
 4.897788193683491e+03  3.089698964048032e-06  1.545864670784666e-07 
 4.909078761525057e+03  3.086224634576685e-06  1.544126367917617e-07 
 4.920395356813533e+03  3.082754550718859e-06  1.542390189258841e-07 
 4.931738039548380e+03  3.079288707616257e-06  1.540656132379618e-07 
 4.943106869867373e+03  3.075827100419570e-06  1.538924194853710e-07 
 4.954501908046918e+03  3.072369724285131e-06  1.537194374258057e-07 
 4.965923214502374e+03  3.068916574380359e-06  1.535466668172683e-07 
 4.977370849788371e+03  3.065467645869315e-06  1.533741074180607e-07 
 4.988844874599131e+03  3.062022933927294e-06  1.532017589867442e-07 
 5.000345349768791e+03  3.058582433741404e-06  1.530296212821873e-07 
 5.011872336271726e+03  3.055146140486024e-06  1.528576940635769e-07 
 5.023425895222872e+03  3.051714049367383e-06  1.526859770903727e-07 
 5.035006087878047e+03  3.048286155571410e-06  1.525144701223019e-07 
 5.046612975634280e+03  3.044862454310972e-06  1.523431729194182e-07 
 5.058246620030134e+03  3.041442940785840e-06  1.521720852420499e-07 
 5.069907082746035e+03  3.038027610223706e-06  1.520012068508455e-07 
 5.081594425604594e+03  3.034616457840064e-06  1.518305375066913e-07 
 5.093308710570940e+03  3.031209478856658e-06  1.516600769708031e-07 
 5.105049999753046e+03  3.027806668516075e-06  1.514898250046914e-07 
 5.116818355402058e+03  3.024408022052835e-06  1.513197813701345e-07 
 5.128613839912627e+03  3.021013534711565e-06  1.511499458291846e-07 
 5.140436515823236e+03  3.017623201740557e-06  1.509803181442536e-07 
 5.152286445816537e+03  3.014237018399874e-06  1.508108980779627e-07 
 5.164163692719680e+03  3.010854979947109e-06  1.506416853932455e-07 
 5.176068319504644e+03  3.007477081656275e-06  1.504726798533365e-07 
 5.188000389288576e+03  3.004103318793721e-06  1.503038812217798e-07 
 5.199959965334122e+03  3.000733686639420e-06  1.501352892623594e-07 
 5.211947111049763e+03  2.997368180482587e-06  1.499669037391461e-07 
 5.223961889990154e+03  2.994006795614646e-06  1.497987244165435e-07 
 5.236004365856456e+03  2.990649527325857e-06  1.496307510592103e-07 
 5.248074602496677e+03  2.987296370917419e-06  1.494629834320808e-07 
 5.260172663906011e+03  2.983947321707243e-06  1.492954213004248e-07 
 5.272298614227174e+03  2.980602374997468e-06  1.491280644297192e-07 
 5.284452517750748e+03  2.977261526117359e-06  1.489609125858146e-07 
 5.296634438915519e+03  2.973924770379129e-06  1.487939655347441e-07 
 5.308844442308822e+03  2.970592103125115e-06  1.486272230429323e-07 
 5.321082592666879e+03  2.967263519681584e-06  1.484606848770147e-07 
 5.333348954875143e+03  2.963939015401113e-06  1.482943508039202e-07 
 5.345643593968647e+03  2.960618585622996e-06  1.481282205908785e-07 
 5.357966575132344e+03  2.957302225704099e-06  1.479622940054049e-07 
 5.370317963701452e+03  2.953989930998679e-06  1.477965708153073e-07 
 5.382697825161805e+03  2.950681696876311e-06  1.476310507886038e-07 
 5.395106225150195e+03  2.947377518707463e-06  1.474657336936771e-07 
 5.407543229454724e+03  2.944077391861480e-06  1.473006192991798e-07 
 5.420008904015152e+03  2.940781311728074e-06  1.471357073739930e-07 
 5.432503314923242e+03  2.937489273683077e-06  1.469709976873166e-07 
 5.445026528423119e+03  2.934201273127955e-06  1.468064900086340e-07 
 5.457578610911613e+03  2.930917305456489e-06  1.466421841077122e-07 
 5.470159628938617e+03  2.927637366078740e-06  1.464780797545589e-07 
 5.482769649207436e+03  2.924361450393476e-06  1.463141767195113e-07 
 5.495408738575141e+03  2.921089553825865e-06  1.461504747731484e-07 
 5.508076964052927e+03  2.917821671788182e-06  1.459869736863437e-07 
 5.520774392806464e+03  2.914557799711043e-06  1.458236732302655e-07 
 5.533501092156254e+03  2.911297933027410e-06  1.456605731763149e-07 
 5.546257129577992e+03  2.908042067168415e-06  1.454976732962109e-07 
 5.559042572702917e+03  2.904790197577984e-06  1.453349733619360e-07 
 5.571857489318177e+03  2.901542319710282e-06  1.451724731457381e-07 
 5.584701947367183e+03  2.898298429012425e-06  1.450101724201825e-07 
 5.597576014949975e+03  2.895058520943730e-06  1.448480709580494e-07 
 5.610479760323575e+03  2.891822590972062e-06  1.446861685324502e-07 
 5.623413251902358e+03  2.888590634566980e-06  1.445244649167037e-07 
 5.636376558258408e+03  2.885362647203667e-06  1.443629598845148e-07 
 5.649369748121886e+03  2.882138624367055e-06  1.442016532097498e-07 
 5.662392890381390e+03  2.878918561533529e-06  1.440405446666322e-07 
 5.675446054084326e+03  2.875702454201607e-06  1.438796340295837e-07 
 5.688529308437266e+03  2.872490297872517e-06  1.437189210733779e-07 
 5.701642722806324e+03  2.869282088043395e-06  1.435584055729871e-07 
 5.714786366717516e+03  2.866077820227633e-06  1.433980873037244e-07 
 5.727960309857135e+03  2.862877489930407e-06  1.432379660411445e-07 
 5.741164622072116e+03  2.859681092681086e-06  1.430780415610498e-07 
 5.754399373370406e+03  2.856488624003736e-06  1.429183136395864e-07 
 5.767664633921341e+03  2.853300079422161e-06  1.427587820530701e-07 
 5.780960474056012e+03  2.850115454477211e-06  1.425994465781874e-07 
 5.794286964267638e+03  2.846934744706254e-06  1.424403069918432e-07 
 5.807644175211945e+03  2.843757945661476e-06  1.422813630712063e-07 
 5.821032177707536e+03  2.840585052891921e-06  1.421226145937619e-07 
 5.834451042736267e+03  2.837416061952316e-06  1.419640613372247e-07 
 5.847900841443623e+03  2.834250968408124e-06  1.418057030795808e-07 
 5.861381645139100e+03  2.831089767829488e-06  1.416475395990864e-07 
 5.874893525296577e+03  2.827932455779101e-06  1.414895706743235e-07 
 5.888436553554696e+03  2.824779027851302e-06  1.413317960840462e-07 
 5.902010801717246e+03  2.821629479622324e-06  1.411742156073620e-07 
 5.915616341753540e+03  2.818483806680763e-06  1.410168290236010e-07 
 5.929253245798795e+03  2.815342004623808e-06  1.408596361123336e-07 
 5.942921586154521e+03  2.812204069050113e-06  1.407026366535124e-07 
 5.956621435288896e+03  2.809069995570367e-06  1.405458304272151e-07 
 5.970352865837157e+03  2.805939779789111e-06  1.403892172138803e-07 
 5.984115950601982e+03  2.802813417325674e-06  1.402327967941823e-07 
 5.997910762553876e+03  2.799690903804578e-06  1.400765689490845e-07 
 6.011737374831559e+03  2.796572234848697e-06  1.399205334597454e-07 
 6.025595860742354e+03  2.793457406091932e-06  1.397646901076916e-07 
 6.039486293762571e+03  2.790346413167489e-06  1.396090386746234e-07 
 6.053408747537906e+03  2.787239251723218e-06  1.394535789425778e-07 
 6.067363295883821e+03  2.784135917406724e-06  1.392983106937972e-07 
 6.081350012785942e+03  2.781036405870567e-06  1.391432337108261e-07 
 6.095368972400452e+03  2.777940712775736e-06  1.389883477764666e-07 
 6.109420249054477e+03  2.774848833781168e-06  1.388336526738019e-07 
 6.123503917246488e+03  2.771760764563108e-06  1.386791481860979e-07 
 6.137620051646692e+03  2.768676500786144e-06  1.385248340969774e-07 
 6.151768727097427e+03  2.765596038141409e-06  1.383707101903038e-07 
 6.165950018613565e+03  2.762519372304916e-06  1.382167762501940e-07 
 6.180164001382898e+03  2.759446498972716e-06  1.380630320609791e-07 
 6.194410750766550e+03  2.756377413839336e-06  1.379094774073262e-07 
 6.208690342299368e+03  2.753312112600446e-06  1.377561120741251e-07 
 6.223002851690324e+03  2.750250590967405e-06  1.376029358465404e-07 
 6.237348354822919e+03  2.747192844646568e-06  1.374499485100004e-07 
 6.251726927755581e+03  2.744138869359157e-06  1.372971498501560e-07 
 6.266138646722073e+03  2.741088660826452e-06  1.371445396529656e-07 
 6.280583588131894e+03  2.738042214772334e-06  1.369921177046342e-07 
 6.295061828570688e+03  2.734999526929649e-06  1.368398837915999e-07 
 6.309573444800641e+03  2.731960593038029e-06  1.366878377006281e-07 
 6.324118513760900e+03  2.728925408828747e-06  1.365359792186460e-07 
 6.338697112567972e+03  2.725893970066370e-06  1.363843081329121e-07 
 6.353309318516136e+03  2.722866272491092e-06  1.362328242308990e-07 
 6.367955209077854e+03  2.719842311869504e-06  1.360815273003731e-07 
 6.382634861904180e+03  2.716822083955694e-06  1.359304171293681e-07 
 6.397348354825172e+03  2.713805584518920e-06  1.357794935060949e-07 
 6.412095765850303e+03  2.710792809335513e-06  1.356287562191425e-07 
 6.426877173168880e+03  2.707783754185630e-06  1.354782050572528e-07 
 6.441692655150453e+03  2.704778414850035e-06  1.353278398094557e-07 
 6.456542290345232e+03  2.701776787114254e-06  1.351776602650530e-07 
 6.471426157484505e+03  2.698778866776354e-06  1.350276662135932e-07 
 6.486344335481054e+03  2.695784649631891e-06  1.348778574448956e-07 
 6.501296903429574e+03  2.692794131489429e-06  1.347282337489886e-07 
 6.516283940607091e+03  2.689807308153615e-06  1.345787949162097e-07 
 6.531305526473384e+03  2.686824175440456e-06  1.344295407371008e-07 
 6.546361740671407e+03  2.683844729166590e-06  1.342804710025046e-07 
 6.561452663027708e+03  2.680868965156400e-06  1.341315855034957e-07 
 6.576578373552855e+03  2.677896879245513e-06  1.339828840313928e-07 
 6.591738952441860e+03  2.674928467256792e-06  1.338343663777652e-07 
 6.606934480074604e+03  2.671963725042388e-06  1.336860323344601e-07 
 6.622165037016260e+03  2.669002648437155e-06  1.335378816935880e-07 
 6.637430704017725e+03  2.666045233292691e-06  1.333899142474553e-07 
 6.652731562016047e+03  2.663091475464903e-06  1.332421297886548e-07 
 6.668067692134851e+03  2.660141370812567e-06  1.330945281100428e-07 
 6.683439175684773e+03  2.657194915197541e-06  1.329471090047023e-07 
 6.698846094163887e+03  2.654252104495911e-06  1.327998722659964e-07 
 6.714288529258142e+03  2.651312934576753e-06  1.326528176875024e-07 
 6.729766562841793e+03  2.648377401318571e-06  1.325059450630605e-07 
 6.745280276977831e+03  2.645445500611028e-06  1.323592541867776e-07 
 6.760829753918426e+03  2.642517228339766e-06  1.322127448529944e-07 
 6.776415076105355e+03  2.639592580403271e-06  1.320664168563181e-07 
 6.792036326170446e+03  2.636671552694145e-06  1.319202699915673e-07 
 6.807693586936011e+03  2.633754141123691e-06  1.317743040538558e-07 
 6.823386941415290e+03  2.630840341593882e-06  1.316285188385034e-07 
 6.839116472812883e+03  2.627930150028393e-06  1.314829141411339e-07 
 6.854882264525202e+03  2.625023562339742e-06  1.313374897575423e-07 
 6.870684400140904e+03  2.622120574458715e-06  1.311922454838338e-07 
 6.886522963441340e+03  2.619221182305641e-06  1.310471811163416e-07 
 6.902398038400995e+03  2.616325381815687e-06  1.309022964516518e-07 
 6.918309709187936e+03  2.613433168937510e-06  1.307575912865577e-07 
 6.934258060164258e+03  2.610544539606312e-06  1.306130654181664e-07 
 6.950243175886531e+03  2.607659489771463e-06  1.304687186437719e-07 
 6.966265141106247e+03  2.604778015389817e-06  1.303245507609492e-07 
 6.982324040770270e+03  2.601900112419885e-06  1.301805615674986e-07 
 6.998419960021287e+03  2.599025776823805e-06  1.300367508614947e-07 
 7.014552984198261e+03  2.596155004571346e-06  1.298931184411887e-07 
 7.030723198836879e+03  2.593287791634402e-06  1.297496641051760e-07 
 7.046930689670009e+03  2.590424133990857e-06  1.296063876521974e-07 
 7.063175542628156e+03  2.587564027626987e-06  1.294632888813175e-07 
 7.079457843839912e+03  2.584707468528524e-06  1.293203675917821e-07 
 7.095777679632417e+03  2.581854452687084e-06  1.291776235831474e-07 
 7.112135136531816e+03  2.579004976103323e-06  1.290350566551241e-07 
 7.128530301263717e+03  2.576159034776916e-06  1.288926666077577e-07 
 7.144963260753651e+03  2.573316624717157e-06  1.287504532412779e-07 
 7.161434102127535e+03  2.570477741934413e-06  1.286084163561764e-07 
 7.177942912712128e+03  2.567642382450858e-06  1.284665557531635e-07 
 7.194489780035502e+03  2.564810542279747e-06  1.283248712332384e-07 
 7.211074791827499e+03  2.561982217461810e-06  1.281833625975809e-07 
 7.227698036020202e+03  2.559157404012067e-06  1.280420296476664e-07 
 7.244359600748397e+03  2.556336097975328e-06  1.279008721851907e-07 
 7.261059574350040e+03  2.553518295392713e-06  1.277598900120782e-07 
 7.277798045366729e+03  2.550703992309209e-06  1.276190829305034e-07 
 7.294575102544171e+03  2.547893184774834e-06  1.274784507428635e-07 
 7.311390834832655e+03  2.545085868844651e-06  1.273379932518329e-07 
 7.328245331387518e+03  2.542282040585018e-06  1.271977102602928e-07 
 7.345138681569622e+03  2.539481696049211e-06  1.270576015713760e-07 
 7.362070974945830e+03  2.536684831319783e-06  1.269176669884356e-07 
 7.379042301289474e+03  2.533891442462860e-06  1.267779063151027e-07 
 7.396052750580839e+03  2.531101525557966e-06  1.266383193552131e-07 
 7.413102413007632e+03  2.528315076694671e-06  1.264989059128384e-07 
 7.430191378965467e+03  2.525532091958988e-06  1.263596657923100e-07 
 7.447319739058340e+03  2.522752567443114e-06  1.262205987981809e-07 
 7.464487584099111e+03  2.519976499246253e-06  1.260817047352483e-07 
 7.481695005109985e+03  2.517203883473936e-06  1.259429834085111e-07 
 7.498942093322996e+03  2.514434716228270e-06  1.258044346232766e-07 
 7.516228940180488e+03  2.511668993627107e-06  1.256660581850231e-07 
 7.533555637335603e+03  2.508906711782890e-06  1.255278538994884e-07 
 7.550922276652765e+03  2.506147866824814e-06  1.253898215726393e-07 
 7.568328950208165e+03  2.503392454870502e-06  1.252519610106943e-07 
 7.585775750290255e+03  2.500640472056024e-06  1.251142720200808e-07 
 7.603262769400231e+03  2.497891914516981e-06  1.249767544075065e-07 
 7.620790100252530e+03  2.495146778392846e-06  1.248394079798307e-07 
 7.638357835775312e+03  2.492405059830849e-06  1.247022325442425e-07 
 7.655966069110965e+03  2.489666754977802e-06  1.245652279080707e-07 
 7.673614893616586e+03  2.486931859993219e-06  1.244283938789646e-07 
 7.691304402864489e+03  2.484200371032182e-06  1.242917302647576e-07 
 7.709034690642689e+03  2.481472284261253e-06  1.241552368735157e-07 
 7.726805850955408e+03  2.478747595841277e-06  1.240189135135498e-07 
 7.744617978023569e+03  2.476026301957265e-06  1.238827599934075e-07 
 7.762471166285295e+03  2.473308398779944e-06  1.237467761218288e-07 
 7.780365510396414e+03  2.470593882493350e-06  1.236109617078470e-07 
 7.798301105230957e+03  2.467882749280877e-06  1.234753165606929e-07 
 7.816278045881661e+03  2.465174995336986e-06  1.233398404898137e-07 
 7.834296427660479e+03  2.462470616863408e-06  1.232045333049227e-07 
 7.852356346099074e+03  2.459769610053182e-06  1.230693948159224e-07 
 7.870457896949339e+03  2.457071971114915e-06  1.229344248329797e-07 
 7.888601176183892e+03  2.454377696255035e-06  1.227996231665015e-07 
 7.906786279996594e+03  2.451686781699200e-06  1.226649896270363e-07 
 7.925013304803057e+03  2.448999223662333e-06  1.225305240255751e-07 
 7.943282347241150e+03  2.446315018358208e-06  1.223962261729975e-07 
 7.961593504171518e+03  2.443634162018204e-06  1.222620958806924e-07 
 7.979946872678092e+03  2.440956650881440e-06  1.221281329601622e-07 
 7.998342550068606e+03  2.438282481183354e-06  1.219943372232091e-07 
 8.016780633875109e+03  2.435611649158259e-06  1.218607084817683e-07 
 8.035261221854486e+03  2.432944151067354e-06  1.217272465480810e-07 
 8.053784411988976e+03  2.430279983149240e-06  1.215939512345800e-07 
 8.072350302486688e+03  2.427619141666155e-06  1.214608223539237e-07 
 8.090958991782125e+03  2.424961622875860e-06  1.213278597189809e-07 
 8.109610578536705e+03  2.422307423043857e-06  1.211950631429105e-07 
 8.128305161639286e+03  2.419656538436672e-06  1.210624324390403e-07 
 8.147042840206685e+03  2.417008965328990e-06  1.209299674209334e-07 
 8.165823713584208e+03  2.414364700002967e-06  1.207976679023650e-07 
 8.184647881346178e+03  2.411723738736503e-06  1.206655336974020e-07 
 8.203515443296457e+03  2.409086077819859e-06  1.205335646202410e-07 
 8.222426499468982e+03  2.406451713544484e-06  1.204017604853597e-07 
 8.241381150128289e+03  2.403820642203156e-06  1.202701211074759e-07 
 8.260379495770048e+03  2.401192860100730e-06  1.201386463014877e-07 
 8.279421637121599e+03  2.398568363538337e-06  1.200073358825286e-07 
 8.298507675142477e+03  2.395947148831633e-06  1.198761896659603e-07 
 8.317637711024958e+03  2.393329212286451e-06  1.197452074673934e-07 
 8.336811846194587e+03  2.390714550224920e-06  1.196143891026091e-07 
 8.356030182310720e+03  2.388103158973369e-06  1.194837343876356e-07 
 8.375292821267061e+03  2.385495034853347e-06  1.193532431387588e-07 
 8.394599865192205e+03  2.382890174201844e-06  1.192229151724418e-07 
 8.413951416450178e+03  2.380288573349526e-06  1.190927503053544e-07 
 8.433347577640976e+03  2.377690228645112e-06  1.189627483544376e-07 
 8.452788451601116e+03  2.375095136421466e-06  1.188329091368269e-07 
 8.472274141404177e+03  2.372503293039319e-06  1.187032324698837e-07 
 8.491804750361347e+03  2.369914694847851e-06  1.185737181711871e-07 
 8.511380382021969e+03  2.367329338206208e-06  1.184443660585177e-07 
 8.531001140174094e+03  2.364747219473078e-06  1.183151759499492e-07 
 8.550667128845029e+03  2.362168335018157e-06  1.181861476636840e-07 
 8.570378452301888e+03  2.359592681220073e-06  1.180572810181710e-07 
 8.590135215052143e+03  2.357020254444263e-06  1.179285758321093e-07 
 8.609937521844187e+03  2.354451051076119e-06  1.178000319243884e-07 
 8.629785477667880e+03  2.351885067497908e-06  1.176716491141311e-07 
 8.649679187755104e+03  2.349322300099351e-06  1.175434272206730e-07 
 8.669618757580332e+03  2.346762745274044e-06  1.174153660635616e-07 
 8.689604292861179e+03  2.344206399421403e-06  1.172874654625449e-07 
 8.709635899558962e+03  2.341653258936698e-06  1.171597252376506e-07 
 8.729713683879267e+03  2.339103320235376e-06  1.170321452090773e-07 
 8.749837752272506e+03  2.336556579720231e-06  1.169047251972109e-07 
 8.770008211434488e+03  2.334013033815562e-06  1.167774650227226e-07 
 8.790225168306979e+03  2.331472678927207e-06  1.166503645064456e-07 
 8.810488730078272e+03  2.328935511491552e-06  1.165234234694813e-07 
 8.830799004183755e+03  2.326401527926956e-06  1.163966417330801e-07 
 8.851156098306477e+03  2.323870724670636e-06  1.162700191187639e-07 
 8.871560120377726e+03  2.321343098162517e-06  1.161435554482529e-07 
 8.892011178577597e+03  2.318818644835504e-06  1.160172505434469e-07 
 8.912509381335563e+03  2.316297361137426e-06  1.158911042265326e-07 
 8.933054837331056e+03  2.313779243519559e-06  1.157651163198693e-07 
 8.953647655494036e+03  2.311264288436199e-06  1.156392866460040e-07 
 8.974287945005577e+03  2.308752492341570e-06  1.155136150277465e-07 
 8.994975815298440e+03  2.306243851703741e-06  1.153881012880890e-07 
 9.015711376057652e+03  2.303738362981757e-06  1.152627452502244e-07 
 9.036494737221094e+03  2.301236022649978e-06  1.151375467376364e-07 
 9.057326008980075e+03  2.298736827186720e-06  1.150125055739396e-07 
 9.078205301779926e+03  2.296240773067226e-06  1.148876215829732e-07 
 9.099132726320580e+03  2.293747856770422e-06  1.147628945888139e-07 
 9.120108393557157e+03  2.291258074793089e-06  1.146383244157424e-07 
 9.141132414700556e+03  2.288771423623183e-06  1.145139108882461e-07 
 9.162204901218047e+03  2.286287899759496e-06  1.143896538310239e-07 
 9.183325964833854e+03  2.283807499693451e-06  1.142655530689993e-07 
 9.204495717529753e+03  2.281330219941561e-06  1.141416084272804e-07 
 9.225714271545667e+03  2.278856057002661e-06  1.140178197312191e-07 
 9.246981739380255e+03  2.276385007397937e-06  1.138941868063264e-07 
 9.268298233791516e+03  2.273917067636625e-06  1.137707094783953e-07 
 9.289663867797382e+03  2.271452234247948e-06  1.136473875733725e-07 
 9.311078754676317e+03  2.268990503749830e-06  1.135242209174270e-07 
 9.332543007967919e+03  2.266531872682158e-06  1.134012093369314e-07 
 9.354056741473523e+03  2.264076337566961e-06  1.132783526585042e-07 
 9.375620069256802e+03  2.261623894947426e-06  1.131556507089232e-07 
 9.397233105644373e+03  2.259174541369240e-06  1.130331033151977e-07 
 9.418895965226404e+03  2.256728273375785e-06  1.129107103045599e-07 
 9.440608762857219e+03  2.254285087519120e-06  1.127884715044267e-07 
 9.462371613655911e+03  2.251844980347510e-06  1.126663867424210e-07 
 9.484184633006947e+03  2.249407948427892e-06  1.125444558463951e-07 
 9.506047936560786e+03  2.246973988320934e-06  1.124226786443939e-07 
 9.527961640234485e+03  2.244543096596885e-06  1.123010549646636e-07 
 9.549925860212321e+03  2.242115269818278e-06  1.121795846356697e-07 
 9.571940712946400e+03  2.239690504561127e-06  1.120582674860718e-07 
 9.594006315157281e+03  2.237268797417050e-06  1.119371033447451e-07 
 9.616122783834591e+03  2.234850144961157e-06  1.118160920407584e-07 
 9.638290236237644e+03  2.232434543779121e-06  1.116952334034190e-07 
 9.660508789896068e+03  2.230021990465100e-06  1.115745272621897e-07 
 9.682778562610421e+03  2.227612481618394e-06  1.114539734467712e-07 
 9.705099672452821e+03  2.225206013831646e-06  1.113335717870753e-07 
 9.727472237767570e+03  2.222802583717347e-06  1.112133221131837e-07 
 9.749896377171783e+03  2.220402187880079e-06  1.110932242554123e-07 
 9.772372209556015e+03  2.218004822925979e-06  1.109732780442675e-07 
 9.794899854084892e+03  2.215610485482902e-06  1.108534833104730e-07 
 9.817479430197742e+03  2.213219172159409e-06  1.107338398849528e-07 
 9.840111057609231e+03  2.210830879590754e-06  1.106143475988005e-07 
 9.862794856309993e+03  2.208445604399546e-06  1.104950062833384e-07 
 9.885530946567271e+03  2.206063343216577e-06  1.103758157701222e-07 
 9.908319448925553e+03  2.203684092682467e-06  1.102567758908632e-07 
 9.931160484207210e+03  2.201307849436786e-06  1.101378864774973e-07 
 9.954054173513137e+03  2.198934610123537e-06  1.100191473621436e-07 
 9.977000638223395e+03  2.196564371392934e-06  1.099005583771452e-07 
 9.999999999997857e+03  2.194197129897081e-06  1.097821193550357e-07 
 1.002305238077685e+04  2.191832882288955e-06  1.096638301285411e-07 
 1.004615790278180e+04  2.189471625233451e-06  1.095456905306178e-07 
 1.006931668851588e+04  2.187113355394004e-06  1.094277003943804e-07 
 1.009252886076468e+04  2.184758069438472e-06  1.093098595531645e-07 
 1.011579454259682e+04  2.182405764043407e-06  1.091921678405420e-07 
 1.013911385736462e+04  2.180056435880229e-06  1.090746250902032e-07 
 1.016248692870477e+04  2.177710081632610e-06  1.089572311361243e-07 
 1.018591388053898e+04  2.175366697984909e-06  1.088399858123978e-07 
 1.020939483707461e+04  2.173026281624230e-06  1.087228889534005e-07 
 1.023292992280534e+04  2.170688829244585e-06  1.086059403936397e-07 
 1.025651926251187e+04  2.168354337541403e-06  1.084891399678460e-07 
 1.028016298126253e+04  2.166022803220030e-06  1.083724875109470e-07 
 1.030386120441395e+04  2.163694222977640e-06  1.082559828580863e-07 
 1.032761405761176e+04  2.161368593526497e-06  1.081396258445499e-07 
 1.035142166679121e+04  2.159045911579556e-06  1.080234163059116e-07 
 1.037528415817790e+04  2.156726173852083e-06  1.079073540778622e-07 
 1.039920165828836e+04  2.154409377065505e-06  1.077914389963200e-07 
 1.042317429393080e+04  2.152095517940898e-06  1.076756708973954e-07 
 1.044720219220575e+04  2.149784593207421e-06  1.075600496173874e-07 
 1.047128548050674e+04  2.147476599599680e-06  1.074445749928241e-07 
 1.049542428652096e+04  2.145171533852945e-06  1.073292468603852e-07 
 1.051961873822996e+04  2.142869392703181e-06  1.072140650569572e-07 
 1.054386896391032e+04  2.140570172898479e-06  1.070990294196668e-07 
 1.056817509213431e+04  2.138273871186151e-06  1.069841397857709e-07 
 1.059253725177061e+04  2.135980484314866e-06  1.068693959927569e-07 
 1.061695557198496e+04  2.133690009040345e-06  1.067547978783055e-07 
 1.064143018224087e+04  2.131402442124407e-06  1.066403452802904e-07 
 1.066596121230028e+04  2.129117780330085e-06  1.065260380367430e-07 
 1.069054879222428e+04  2.126836020424241e-06  1.064118759859480e-07 
 1.071519305237376e+04  2.124557159175295e-06  1.062978589663665e-07 
 1.073989412341013e+04  2.122281193358351e-06  1.061839868166117e-07 
 1.076465213629603e+04  2.120008119757106e-06  1.060702593755292e-07 
 1.078946722229596e+04  2.117737935146294e-06  1.059566764821576e-07 
 1.081433951297705e+04  2.115470636317927e-06  1.058432379757199e-07 
 1.083926914020970e+04  2.113206220057713e-06  1.057299436956177e-07 
 1.086425623616831e+04  2.110944683167812e-06  1.056167934814637e-07 
 1.088930093333198e+04  2.108686022433769e-06  1.055037871730573e-07 
 1.091440336448521e+04  2.106430234667434e-06  1.053909246103749e-07 
 1.093956366271858e+04  2.104177316669881e-06  1.052782056336207e-07 
 1.096478196142948e+04  2.101927265251900e-06  1.051656300831417e-07 
 1.099005839432284e+04  2.099680077226583e-06  1.050531977995142e-07 
 1.101539309541177e+04  2.097435749408679e-06  1.049409086234733e-07 
 1.104078619901834e+04  2.095194278620543e-06  1.048287623959861e-07 
 1.106623783977427e+04  2.092955661686300e-06  1.047167589581615e-07 
 1.109174815262161e+04  2.090719895435903e-06  1.046048981513302e-07 
 1.111731727281351e+04  2.088486976699618e-06  1.044931798170057e-07 
 1.114294533591489e+04  2.086256902314931e-06  1.043816037968920e-07 
 1.116863247780320e+04  2.084029669120836e-06  1.042701699328645e-07 
 1.119437883466909e+04  2.081805273957565e-06  1.041588780670077e-07 
 1.122018454301721e+04  2.079583713670852e-06  1.040477280415947e-07 
 1.124604973966683e+04  2.077364985120177e-06  1.039367196990712e-07 
 1.127197456175266e+04  2.075149085154154e-06  1.038258528820889e-07 
 1.129795914672553e+04  2.072936010633102e-06  1.037151274334755e-07 
 1.132400363235312e+04  2.070725758418602e-06  1.036045431962089e-07 
 1.135010815672069e+04  2.068518325377787e-06  1.034941000135689e-07 
 1.137627285823185e+04  2.066313708375118e-06  1.033837977288888e-07 
 1.140249787560922e+04  2.064111904291810e-06  1.032736361857624e-07 
 1.142878334789524e+04  2.061912909998756e-06  1.031636152279481e-07 
 1.145512941445287e+04  2.059716722379997e-06  1.030537346994247e-07 
 1.148153621496634e+04  2.057523338319304e-06  1.029439944442905e-07 
 1.150800388944186e+04  2.055332754701908e-06  1.028343943069030e-07 
 1.153453257820842e+04  2.053144968426782e-06  1.027249341317269e-07 
 1.156112242191848e+04  2.050959976382899e-06  1.026156137634913e-07 
 1.158777356154875e+04  2.048777775472476e-06  1.025064330470626e-07 
 1.161448613840091e+04  2.046598362599282e-06  1.023973918275092e-07 
 1.164126029410239e+04  2.044421734667244e-06  1.022884899500633e-07 
 1.166809617060709e+04  2.042247888585751e-06  1.021797272601540e-07 
 1.169499391019617e+04  2.040076821273948e-06  1.020711036034136e-07 
 1.172195365547876e+04  2.037908529648303e-06  1.019626188256309e-07 
 1.174897554939274e+04  2.035743010626396e-06  1.018542727727804e-07 
 1.177605973520552e+04  2.033580261138422e-06  1.017460652910536e-07 
 1.180320635651473e+04  2.031420278109996e-06  1.016379962267557e-07 
 1.183041555724908e+04  2.029263058471048e-06  1.015300654264511e-07 
 1.185768748166903e+04  2.027108599162889e-06  1.014222727368523e-07 
 1.188502227436760e+04  2.024956897122346e-06  1.013146180048331e-07 
 1.191242008027116e+04  2.022807949292567e-06  1.012071010774735e-07 
 1.193988104464014e+04  2.020661752621627e-06  1.010997218020611e-07 
 1.196740531306983e+04  2.018518304057163e-06  1.009924800259982e-07 
 1.199499303149118e+04  2.016377600556777e-06  1.008853755969393e-07 
 1.202264434617151e+04  2.014239639077797e-06  1.007784083626559e-07 
 1.205035940371535e+04  2.012104416579378e-06  1.006715781711514e-07 
 1.207813835106517e+04  2.009971930032163e-06  1.005648848705810e-07 
 1.210598133550219e+04  2.007842176396611e-06  1.004583283092939e-07 
 1.213388850464713e+04  2.005715152647590e-06  1.003519083358098e-07 
 1.216186000646103e+04  2.003590855765140e-06  1.002456247988444e-07 
 1.218989598924601e+04  2.001469282722636e-06  1.001394775472521e-07 
 1.221799660164605e+04  1.999350430507679e-06  1.000334664301331e-07 
 1.224616199264782e+04  1.997234296105695e-06  9.992759129669294e-08 
 1.227439231158139e+04  1.995120876503783e-06  9.982185199638845e-08 
 1.230268770812113e+04  1.993010168699432e-06  9.971624837877475e-08 
 1.233104833228640e+04  1.990902169688010e-06  9.961078029366982e-08 
 1.235947433444241e+04  1.988796876469802e-06  9.950544759098411e-08 
 1.238796586530099e+04  1.986694286053921e-06  9.940025012089690e-08 
 1.241652307592140e+04  1.984594395440518e-06  9.929518773369877e-08 
 1.244514611771113e+04  1.982497201646090e-06  9.919026027987605e-08 
 1.247383514242670e+04  1.980402701684584e-06  9.908546761008383e-08 
 1.250259030217447e+04  1.978310892572542e-06  9.898080957518568e-08 
 1.253141174941142e+04  1.976221771336026e-06  9.887628602619341e-08 
 1.256029963694600e+04  1.974135334999135e-06  9.877189681427678e-08 
 1.258925411793892e+04  1.972051580585964e-06  9.866764179084592e-08 
 1.261827534590395e+04  1.969970505134097e-06  9.856352080740801e-08 
 1.264736347470875e+04  1.967892105681692e-06  9.845953371572616e-08 
 1.267651865857568e+04  1.965816379263141e-06  9.835568036766327e-08 
 1.270574105208264e+04  1.963743322925474e-06  9.825196061529323e-08 
 1.273503081016383e+04  1.961672933712734e-06  9.814837431089727e-08 
 1.276438808811064e+04  1.959605208675745e-06  9.804492130686280e-08 
 1.279381304157244e+04  1.957540144865425e-06  9.794160145580741e-08 
 1.282330582655741e+04  1.955477739345350e-06  9.783841461048812e-08 
 1.285286659943334e+04  1.953417989168764e-06  9.773536062385887e-08 
 1.288249551692851e+04  1.951360891406484e-06  9.763243934904833e-08 
 1.291219273613251e+04  1.949306443120241e-06  9.752965063932017e-08 
 1.294195841449702e+04  1.947254641387692e-06  9.742699434815326e-08 
 1.297179270983671e+04  1.945205483272541e-06  9.732447032918831e-08 
 1.300169578033005e+04  1.943158965862335e-06  9.722207843625140e-08 
 1.303166778452013e+04  1.941115086235347e-06  9.711981852329512e-08 
 1.306170888131554e+04  1.939073841473563e-06  9.701769044449327e-08 
 1.309181922999119e+04  1.937035228670776e-06  9.691569405418089e-08 
 1.312199899018915e+04  1.934999244911884e-06  9.681382920683801e-08 
 1.315224832191949e+04  1.932965887295501e-06  9.671209575715269e-08 
 1.318256738556117e+04  1.930935152920380e-06  9.661049355996979e-08 
 1.321295634186284e+04  1.928907038887109e-06  9.650902247027592e-08 
 1.324341535194373e+04  1.926881542305719e-06  9.640768234328722e-08 
 1.327394457729447e+04  1.924858660277563e-06  9.630647303434562e-08 
 1.330454417977798e+04  1.922838389917422e-06  9.620539439898025e-08 
 1.333521432163030e+04  1.920820728342650e-06  9.610444629288736e-08 
 1.336595516546148e+04  1.918805672672391e-06  9.600362857192333e-08 
 1.339676687425640e+04  1.916793220023522e-06  9.590294109214147e-08 
 1.342764961137568e+04  1.914783367529202e-06  9.580238370972991e-08 
 1.345860354055652e+04  1.912776112313545e-06  9.570195628107083e-08 
 1.348962882591356e+04  1.910771451508228e-06  9.560165866271378e-08 
 1.352072563193979e+04  1.908769382253765e-06  9.550149071135853e-08 
 1.355189412350737e+04  1.906769901684325e-06  9.540145228388609e-08 
 1.358313446586854e+04  1.904773006945518e-06  9.530154323734326e-08 
 1.361444682465650e+04  1.902778695185926e-06  9.520176342896863e-08 
 1.364583136588623e+04  1.900786963544136e-06  9.510211271613295e-08 
 1.367728825595547e+04  1.898797809185591e-06  9.500259095637655e-08 
 1.370881766164551e+04  1.896811229268365e-06  9.490319800748529e-08 
 1.374041975012212e+04  1.894827220934251e-06  9.480393372725055e-08 
 1.377209468893642e+04  1.892845781357660e-06  9.470479797375880e-08 
 1.380384264602580e+04  1.890866907699291e-06  9.460579060524187e-08 
 1.383566378971475e+04  1.888890597131527e-06  9.450691148008423e-08 
 1.386755828871582e+04  1.886916846825445e-06  9.440816045683989e-08 
 1.389952631213046e+04  1.884945653959886e-06  9.430953739423896e-08 
 1.393156802944995e+04  1.882977015714048e-06  9.421104215113190e-08 
 1.396368361055629e+04  1.881010929267925e-06  9.411267458659590e-08 
 1.399587322572308e+04  1.879047391807775e-06  9.401443455984200e-08 
 1.402813704561648e+04  1.877086400521264e-06  9.391632193025362e-08 
 1.406047524129603e+04  1.875127952602153e-06  9.381833655736784e-08 
 1.409288798421563e+04  1.873172045250820e-06  9.372047830090841e-08 
 1.412537544622441e+04  1.871218675659164e-06  9.362274702072676e-08 
 1.415793779956768e+04  1.869267841032315e-06  9.352514257689385e-08 
 1.419057521688778e+04  1.867319538577937e-06  9.342766482957805e-08 
 1.422328787122505e+04  1.865373765499433e-06  9.333031363916912e-08 
 1.425607593601872e+04  1.863430519013478e-06  9.323308886619776e-08 
 1.428893958510786e+04  1.861489796333701e-06  9.313599037133319e-08 
 1.432187899273226e+04  1.859551594678690e-06  9.303901801545215e-08 
 1.435489433353338e+04  1.857615911271750e-06  9.294217165956813e-08 
 1.438798578255526e+04  1.855682743334645e-06  9.284545116486414e-08 
 1.442115351524549e+04  1.853752088099932e-06  9.274885639266871e-08 
 1.445439770745607e+04  1.851823942797409e-06  9.265238720450985e-08 
 1.448771853544440e+04  1.849898304658936e-06  9.255604346202947e-08 
 1.452111617587420e+04  1.847975170926805e-06  9.245982502708925e-08 
 1.455459080581643e+04  1.846054538838202e-06  9.236373176164163e-08 
 1.458814260275024e+04  1.844136405641768e-06  9.226776352786371e-08 
 1.462177174456393e+04  1.842220768583266e-06  9.217192018806313e-08 
 1.465547840955586e+04  1.840307624912031e-06  9.207620160469986e-08 
 1.468926277643540e+04  1.838396971884411e-06  9.198060764042675e-08 
 1.472312502432391e+04  1.836488806757414e-06  9.188513815802526e-08 
 1.475706533275566e+04  1.834583126788960e-06  9.178979302044971e-08 
 1.479108388167878e+04  1.832679929246976e-06  9.169457209081564e-08 
 1.482518085145623e+04  1.830779211394057e-06  9.159947523238810e-08 
 1.485935642286676e+04  1.828880970506017e-06  9.150450230860873e-08 
 1.489361077710583e+04  1.826985203850821e-06  9.140965318307984e-08 
 1.492794409578664e+04  1.825091908706194e-06  9.131492771953069e-08 
 1.496235656094100e+04  1.823201082351822e-06  9.122032578187375e-08 
 1.499684835502039e+04  1.821312722069545e-06  9.112584723418554e-08 
 1.503141966089687e+04  1.819426825146990e-06  9.103149194068395e-08 
 1.506607066186406e+04  1.817543388873046e-06  9.093725976575257e-08 
 1.510080154163812e+04  1.815662410537713e-06  9.084315057393676e-08 
 1.513561248435871e+04  1.813783887438810e-06  9.074916422993289e-08 
 1.517050367458998e+04  1.811907816874368e-06  9.065530059859362e-08 
 1.520547529732156e+04  1.810034196144470e-06  9.056155954493436e-08 
 1.524052753796951e+04  1.808163022556947e-06  9.046794093413280e-08 
 1.527566058237732e+04  1.806294293415712e-06  9.037444463151319e-08 
 1.531087461681688e+04  1.804428006035612e-06  9.028107050254959e-08 
 1.534616982798952e+04  1.802564157726696e-06  9.018781841288139e-08 
 1.538154640302691e+04  1.800702745811214e-06  9.009468822830257e-08 
 1.541700452949215e+04  1.798843767605462e-06  9.000167981477850e-08 
 1.545254439538068e+04  1.796987220431508e-06  8.990879303840269e-08 
 1.548816618912135e+04  1.795133101622457e-06  8.981602776544117e-08 
 1.552387009957735e+04  1.793281408503895e-06  8.972338386231353e-08 
 1.555965631604726e+04  1.791432138407243e-06  8.963086119558651e-08 
 1.559552502826605e+04  1.789585288670706e-06  8.953845963198038e-08 
 1.563147642640604e+04  1.787740856632346e-06  8.944617903838770e-08 
 1.566751070107798e+04  1.785898839634126e-06  8.935401928184153e-08 
 1.570362804333201e+04  1.784059235020209e-06  8.926198022951672e-08 
 1.573982864465867e+04  1.782222040141304e-06  8.917006174877308e-08 
 1.577611269698995e+04  1.780387252347563e-06  8.907826370709691e-08 
 1.581248039270029e+04  1.778554868991954e-06  8.898658597213988e-08 
 1.584893192460758e+04  1.776724887432944e-06  8.889502841171090e-08 
 1.588546748597423e+04  1.774897305028826e-06  8.880359089374449e-08 
 1.592208727050813e+04  1.773072119147422e-06  8.871227328637642e-08 
 1.595879147236375e+04  1.771249327154204e-06  8.862107545784262e-08 
 1.599558028614310e+04  1.769428926413717e-06  8.852999727658189e-08 
 1.603245390689682e+04  1.767610914300787e-06  8.843903861112982e-08 
 1.606941253012517e+04  1.765795288196435e-06  8.834819933020742e-08 
 1.610645635177909e+04  1.763982045470231e-06  8.825747930270165e-08 
 1.614358556826124e+04  1.762171183514608e-06  8.816687839760902e-08 
 1.618080037642703e+04  1.760362699705184e-06  8.807639648411069e-08 
 1.621810097358566e+04  1.758556591430997e-06  8.798603343153826e-08 
 1.625548755750119e+04  1.756752856084107e-06  8.789578910933910e-08 
 1.629296032639357e+04  1.754951491062706e-06  8.780566338715966e-08 
 1.633051947893968e+04  1.753152493756098e-06  8.771565613474247e-08 
 1.636816521427441e+04  1.751355861568214e-06  8.762576722203935e-08 
 1.640589773199171e+04  1.749561591901387e-06  8.753599651909961e-08 
 1.644371723214562e+04  1.747769682156786e-06  8.744634389615411e-08 
 1.648162391525138e+04  1.745980129749493e-06  8.735680922358124e-08 
 1.651961798228644e+04  1.744192932089072e-06  8.726739237188496e-08 
 1.655769963469156e+04  1.742408086590631e-06  8.717809321174490e-08 
 1.659586907437187e+04  1.740625590670863e-06  8.708891161398185e-08 
 1.663412650369795e+04  1.738845441748079e-06  8.699984744955245e-08 
 1.667247212550688e+04  1.737067637247124e-06  8.691090058957684e-08 
 1.671090614310332e+04  1.735292174596465e-06  8.682207090531008e-08 
 1.674942876026060e+04  1.733519051221775e-06  8.673335826816489e-08 
 1.678804018122182e+04  1.731748264558245e-06  8.664476254970289e-08 
 1.682674061070088e+04  1.729979812043134e-06  8.655628362162310e-08 
 1.686553025388361e+04  1.728213691112702e-06  8.646792135577910e-08 
 1.690440931642883e+04  1.726449899204467e-06  8.637967562417951e-08 
 1.694337800446946e+04  1.724688433769352e-06  8.629154629895404e-08 
 1.698243652461361e+04  1.722929292249795e-06  8.620353325240992e-08 
 1.702158508394567e+04  1.721172472094163e-06  8.611563635697472e-08 
 1.706082389002739e+04  1.719417970759204e-06  8.602785548524162e-08 
 1.710015315089902e+04  1.717665785699600e-06  8.594019050993150e-08 
 1.713957307508039e+04  1.715915914374228e-06  8.585264130392204e-08 
 1.717908387157200e+04  1.714168354243374e-06  8.576520774024840e-08 
 1.721868574985618e+04  1.712423102771834e-06  8.567788969206663e-08 
 1.725837891989814e+04  1.710680157429024e-06  8.559068703268769e-08 
 1.729816359214711e+04  1.708939515684534e-06  8.550359963556904e-08 
 1.733803997753746e+04  1.707201175008070e-06  8.541662737431005e-08 
 1.737800828748983e+04  1.705465132880103e-06  8.532977012266228e-08 
 1.741806873391220e+04  1.703731386777558e-06  8.524302775450512e-08 
 1.745822152920109e+04  1.701999934181681e-06  8.515640014388128e-08 
 1.749846688624261e+04  1.700270772580470e-06  8.506988716497594e-08 
 1.753880501841364e+04  1.698543899457903e-06  8.498348869209475e-08 
 1.757923613958295e+04  1.696819312303697e-06  8.489720459970835e-08 
 1.761976046411230e+04  1.695097008613586e-06  8.481103476242548e-08 
 1.766037820685764e+04  1.693376985885144e-06  8.472497905498219e-08 
 1.770108958317020e+04  1.691659241622231e-06  8.463903735234666e-08 
 1.774189480889764e+04  1.689943773312176e-06  8.455320952944039e-08 
 1.778279410038520e+04  1.688230578462915e-06  8.446749546147659e-08 
 1.782378767447685e+04  1.686519654591992e-06  8.438189502379944e-08 
 1.786487574851645e+04  1.684810999198958e-06  8.429640809186332e-08 
 1.790605854034888e+04  1.683104609804464e-06  8.421103454126426e-08 
 1.794733626832119e+04  1.681400483921446e-06  8.412577424774034e-08 
 1.798870915128379e+04  1.679698619067840e-06  8.404062708721128e-08 
 1.803017740859159e+04  1.677999012765915e-06  8.395559293565320e-08 
 1.807174126010517e+04  1.676301662544158e-06  8.387067166927041e-08 
 1.811340092619191e+04  1.674606565922789e-06  8.378586316435758e-08 
 1.815515662772723e+04  1.672913720439011e-06  8.370116729736240e-08 
 1.819700858609570e+04  1.671223123618642e-06  8.361658394488952e-08 
 1.823895702319223e+04  1.669534773000319e-06  8.353211298363160e-08 
 1.828100216142327e+04  1.667848666126153e-06  8.344775429049382e-08 
 1.832314422370795e+04  1.666164800531010e-06  8.336350774245198e-08 
 1.836538343347928e+04  1.664483173763870e-06  8.327937321669169e-08 
 1.840772001468537e+04  1.662803783366886e-06  8.319535059044894e-08 
 1.845015419179053e+04  1.661126626894265e-06  8.311143974119995e-08 
 1.849268618977657e+04  1.659451701897256e-06  8.302764054646308e-08 
 1.853531623414389e+04  1.657779005926740e-06  8.294395288397493e-08 
 1.857804455091275e+04  1.656108536547623e-06  8.286037663155083e-08 
 1.862087136662443e+04  1.654440291312535e-06  8.277691166717571e-08 
 1.866379690834244e+04  1.652774267790997e-06  8.269355786897772e-08 
 1.870682140365374e+04  1.651110463545639e-06  8.261031511518292e-08 
 1.874994508066991e+04  1.649448876149017e-06  8.252718328421558e-08 
 1.879316816802840e+04  1.647789503167565e-06  8.244416225457934e-08 
 1.883649089489371e+04  1.646132342180468e-06  8.236125190493910e-08 
 1.887991349095863e+04  1.644477390760572e-06  8.227845211412243e-08 
 1.892343618644544e+04  1.642824646490076e-06  8.219576276103479e-08 
 1.896705921210713e+04  1.641174106950172e-06  8.211318372477032e-08 
 1.901078279922866e+04  1.639525769729858e-06  8.203071488453216e-08 
 1.905460717962812e+04  1.637879632413873e-06  8.194835611967400e-08 
 1.909853258565802e+04  1.636235692590064e-06  8.186610730967514e-08 
 1.914255925020649e+04  1.634593947855442e-06  8.178396833415295e-08 
 1.918668740669851e+04  1.632954395805300e-06  8.170193907285871e-08 
 1.923091728909719e+04  1.631317034040380e-06  8.162001940568474e-08 
 1.927524913190496e+04  1.629681860157681e-06  8.153820921265240e-08 
 1.931968317016483e+04  1.628048871764983e-06  8.145650837391720e-08 
 1.936421963946165e+04  1.626418066467986e-06  8.137491676977403e-08 
 1.940885877592335e+04  1.624789441877067e-06  8.129343428064797e-08 
 1.945360081622218e+04  1.623162995599978e-06  8.121206078710376e-08 
 1.949844599757600e+04  1.621538725256279e-06  8.113079616984361e-08 
 1.954339455774948e+04  1.619916628463003e-06  8.104964030967058e-08 
 1.958844673505542e+04  1.618296702840284e-06  8.096859308757722e-08 
 1.963360276835598e+04  1.616678946010083e-06  8.088765438464761e-08 
 1.967886289706395e+04  1.615063355595692e-06  8.080682408210118e-08 
 1.972422736114403e+04  1.613449929229990e-06  8.072610206130544e-08 
 1.976969640111408e+04  1.611838664539664e-06  8.064548820375232e-08 
 1.981527025804645e+04  1.610229559160408e-06  8.056498239107221e-08 
 1.986094917356917e+04  1.608622610726886e-06  8.048458450502673e-08 
 1.990673338986731e+04  1.607017816880976e-06  8.040429442750756e-08 
 1.995262314968422e+04  1.605415175257844e-06  8.032411204051509e-08 
 1.999861869632286e+04  1.603814683508522e-06  8.024403722622347e-08 
 2.004472027364702e+04  1.602216339273400e-06  8.016406986691015e-08 
 2.009092812608268e+04  1.600620140205579e-06  8.008420984501012e-08 
 2.013724249861927e+04  1.599026083959546e-06  8.000445704305847e-08 
 2.018366363681098e+04  1.597434168182359e-06  7.992481134372993e-08 
 2.023019178677808e+04  1.595844390535823e-06  7.984527262982890e-08 
 2.027682719520817e+04  1.594256748678415e-06  7.976584078431301e-08 
 2.032357010935756e+04  1.592671240271247e-06  7.968651569024066e-08 
 2.037042077705251e+04  1.591087862982093e-06  7.960729723080521e-08 
 2.041737944669061e+04  1.589506614478778e-06  7.952818528935684e-08 
 2.046444636724204e+04  1.587927492428718e-06  7.944917974934789e-08 
 2.051162178825094e+04  1.586350494503999e-06  7.937028049435184e-08 
 2.055890595983669e+04  1.584775618380973e-06  7.929148740811646e-08 
 2.060629913269527e+04  1.583202861736966e-06  7.921280037445132e-08 
 2.065380155810055e+04  1.581632222251982e-06  7.913421927735711e-08 
 2.070141348790567e+04  1.580063697610913e-06  7.905574400093347e-08 
 2.074913517454433e+04  1.578497285500215e-06  7.897737442940432e-08 
 2.079696687103218e+04  1.576932983604265e-06  7.889911044714849e-08 
 2.084490883096810e+04  1.575370789613573e-06  7.882095193864023e-08 
 2.089296130853559e+04  1.573810701225213e-06  7.874289878851125e-08 
 2.094112455850411e+04  1.572252716142283e-06  7.866495088151749e-08 
 2.098939883623041e+04  1.570696832043600e-06  7.858710810248885e-08 
 2.103778439765991e+04  1.569143046637533e-06  7.850937033644221e-08 
 2.108628149932804e+04  1.567591357630607e-06  7.843173746851022e-08 
 2.113489039836160e+04  1.566041762728365e-06  7.835420938394804e-08 
 2.118361135248014e+04  1.564494259638010e-06  7.827678596811987e-08 
 2.123244461999730e+04  1.562948846070851e-06  7.819946710655288e-08 
 2.128139045982221e+04  1.561405519740153e-06  7.812225268486267e-08 
 2.133044913146084e+04  1.559864278363420e-06  7.804514258881834e-08 
 2.137962089501739e+04  1.558325119654795e-06  7.796813670429666e-08 
 2.142890601119564e+04  1.556788041342637e-06  7.789123491732214e-08 
 2.147830474130038e+04  1.555253041142027e-06  7.781443711401390e-08 
 2.152781734723876e+04  1.553720116785100e-06  7.773774318063523e-08 
 2.157744409152168e+04  1.552189265996107e-06  7.766115300356979e-08 
 2.162718523726521e+04  1.550660486506930e-06  7.758466646934038e-08 
 2.167704104819194e+04  1.549133776054048e-06  7.750828346456692e-08 
 2.172701178863242e+04  1.547609132372960e-06  7.743200387602543e-08 
 2.177709772352655e+04  1.546086553197085e-06  7.735582759057974e-08 
 2.182729911842497e+04  1.544566036272112e-06  7.727975449525880e-08 
 2.187761623949046e+04  1.543047579337919e-06  7.720378447717911e-08 
 2.192804935349941e+04  1.541531180144085e-06  7.712791742360049e-08 
 2.197859872784316e+04  1.540016836436511e-06  7.705215322190660e-08 
 2.202926463052946e+04  1.538504545966818e-06  7.697649175958238e-08 
 2.208004733018389e+04  1.536994306487662e-06  7.690093292427379e-08 
 2.213094709605125e+04  1.535486115754734e-06  7.682547660371589e-08 
 2.218196419799705e+04  1.533979971528549e-06  7.675012268578282e-08 
 2.223309890650888e+04  1.532475871565259e-06  7.667487105847328e-08 
 2.228435149269787e+04  1.530973813630546e-06  7.659972160988773e-08 
 2.233572222830014e+04  1.529473795488083e-06  7.652467422828111e-08 
 2.238721138567821e+04  1.527975814907764e-06  7.644972880200807e-08 
 2.243881923782246e+04  1.526479869658378e-06  7.637488521954247e-08 
 2.249054605835259e+04  1.524985957514379e-06  7.630014336948570e-08 
 2.254239212151906e+04  1.523494076249034e-06  7.622550314056424e-08 
 2.259435770220454e+04  1.522004223640972e-06  7.615096442163965e-08 
 2.264644307592534e+04  1.520516397470392e-06  7.607652710165924e-08 
 2.269864851883295e+04  1.519030595517466e-06  7.600219106970717e-08 
 2.275097430771542e+04  1.517546815568973e-06  7.592795621500293e-08 
 2.280342071999889e+04  1.516065055413456e-06  7.585382242686825e-08 
 2.285598803374899e+04  1.514585312836736e-06  7.577978959475192e-08 
 2.290867652767241e+04  1.513107585634087e-06  7.570585760822186e-08 
 2.296148648111828e+04  1.511631871599859e-06  7.563202635695932e-08 
 2.301441817407973e+04  1.510158168527869e-06  7.555829573078382e-08 
 2.306747188719533e+04  1.508686474218374e-06  7.548466561960740e-08 
 2.312064790175057e+04  1.507216786474094e-06  7.541113591348308e-08 
 2.317394649967939e+04  1.505749103097949e-06  7.533770650258221e-08 
 2.322736796356566e+04  1.504283421896712e-06  7.526437727717890e-08 
 2.328091257664466e+04  1.502819740677588e-06  7.519114812767878e-08 
 2.333458062280459e+04  1.501358057253670e-06  7.511801894459412e-08 
 2.338837238658810e+04  1.499898369438250e-06  7.504498961856951e-08 
 2.344228815319376e+04  1.498440675044877e-06  7.497206004037194e-08 
 2.349632820847760e+04  1.496984971893450e-06  7.489923010085950e-08 
 2.355049283895461e+04  1.495531257803922e-06  7.482649969103576e-08 
 2.360478233180027e+04  1.494079530598189e-06  7.475386870200318e-08 
 2.365919697485206e+04  1.492629788101645e-06  7.468133702498498e-08 
 2.371373705661102e+04  1.491182028143870e-06  7.460890455134313e-08 
 2.376840286624322e+04  1.489736248559632e-06  7.453657117257258e-08 
 2.382319469358134e+04  1.488292447167768e-06  7.446433678015109e-08 
 2.387811282912620e+04  1.486850621807556e-06  7.439220126583558e-08 
 2.393315756404829e+04  1.485410770318307e-06  7.432016452141938e-08 
 2.398832919018930e+04  1.483972890534882e-06  7.424822643884183e-08 
 2.404362800006372e+04  1.482536980306611e-06  7.417638691014777e-08 
 2.409905428686032e+04  1.481103037470893e-06  7.410464582748233e-08 
 2.415460834444376e+04  1.479671059874773e-06  7.403300308313309e-08 
 2.421029046735612e+04  1.478241045366374e-06  7.396145856947512e-08 
 2.426610095081848e+04  1.476812991799096e-06  7.389001217902428e-08 
 2.432204009073246e+04  1.475386897019792e-06  7.381866380439379e-08 
 2.437810818368182e+04  1.473962758889875e-06  7.374741333832504e-08 
 2.443430552693400e+04  1.472540575262685e-06  7.367626067365778e-08 
 2.449063241844172e+04  1.471120344003392e-06  7.360520570336609e-08 
 2.454708915684455e+04  1.469702062967544e-06  7.353424832051714e-08 
 2.460367604147051e+04  1.468285730022630e-06  7.346338841830533e-08 
 2.466039337233761e+04  1.466871343033286e-06  7.339262589004297e-08 
 2.471724145015551e+04  1.465458899872639e-06  7.332196062914539e-08 
 2.477422057632705e+04  1.464048398406206e-06  7.325139252913394e-08 
 2.483133105294988e+04  1.462639836511123e-06  7.318092148368023e-08 
 2.488857318281807e+04  1.461233212062423e-06  7.311054738651193e-08 
 2.494594726942370e+04  1.459828522938562e-06  7.304027013153360e-08 
 2.500345361695845e+04  1.458425767015656e-06  7.297008961270936e-08 
 2.506109253031526e+04  1.457024942180728e-06  7.290000572414460e-08 
 2.511886431508991e+04  1.455626046315773e-06  7.283001836004330e-08 
 2.517676927758265e+04  1.454229077310123e-06  7.276012741473194e-08 
 2.523480772479982e+04  1.452834033050579e-06  7.269033278265337e-08 
 2.529297996445551e+04  1.451440911430079e-06  7.262063435833030e-08 
 2.535128630497312e+04  1.450049710339555e-06  7.255103203644028e-08 
 2.540972705548708e+04  1.448660427678081e-06  7.248152571175004e-08 
 2.546830252584442e+04  1.447273061340988e-06  7.241211527913434e-08 
 2.552701302660647e+04  1.445887609229604e-06  7.234280063358086e-08 
 2.558585886905044e+04  1.444504069247289e-06  7.227358167020326e-08 
 2.564484036517115e+04  1.443122439294526e-06  7.220445828421315e-08 
 2.570395782768260e+04  1.441742717283473e-06  7.213543037092634e-08 
 2.576321157001970e+04  1.440364901120380e-06  7.206649782579207e-08 
 2.582260190633989e+04  1.438988988718559e-06  7.199766054433157e-08 
 2.588212915152483e+04  1.437614977988788e-06  7.192891842222059e-08 
 2.594179362118204e+04  1.436242866847029e-06  7.186027135520565e-08 
 2.600159563164660e+04  1.434872653211838e-06  7.179171923918151e-08 
 2.606153549998282e+04  1.433504335004743e-06  7.172326197011330e-08 
 2.612161354398591e+04  1.432137910146553e-06  7.165489944409533e-08 
 2.618183008218369e+04  1.430773376561643e-06  7.158663155734568e-08 
 2.624218543383824e+04  1.429410732185531e-06  7.151845820620727e-08 
 2.630267991894762e+04  1.428049974925385e-06  7.145037928699375e-08 
 2.636331385824759e+04  1.426691102727290e-06  7.138239469632068e-08 
 2.642408757321324e+04  1.425334113521483e-06  7.131450433077519e-08 
 2.648500138606076e+04  1.423979005241276e-06  7.124670808712353e-08 
 2.654605561974913e+04  1.422625775826589e-06  7.117900586223401e-08 
 2.660725059798182e+04  1.421274423215302e-06  7.111139755303232e-08 
 2.666858664520851e+04  1.419924945350515e-06  7.104388305660451e-08 
 2.673006408662681e+04  1.418577340174488e-06  7.097646227013482e-08 
 2.679168324818400e+04  1.417231605634794e-06  7.090913509089746e-08 
 2.685344445657873e+04  1.415887739675224e-06  7.084190141627625e-08 
 2.691534803926280e+04  1.414545740252256e-06  7.077476114377556e-08 
 2.697739432444283e+04  1.413205605316441e-06  7.070771417099159e-08 
 2.703958364108205e+04  1.411867332817033e-06  7.064076039564558e-08 
 2.710191631890202e+04  1.410530920717089e-06  7.057389971553648e-08 
 2.716439268838440e+04  1.409196366971919e-06  7.050713202860807e-08 
 2.722701308077269e+04  1.407863669542886e-06  7.044045723286667e-08 
 2.728977782807395e+04  1.406532826394504e-06  7.037387522645617e-08 
 2.735268726306065e+04  1.405203835487062e-06  7.030738590762360e-08 
 2.741574171927234e+04  1.403876694795125e-06  7.024098917470951e-08 
 2.747894153101747e+04  1.402551402281759e-06  7.017468492616112e-08 
 2.754228703337515e+04  1.401227955917616e-06  7.010847306053473e-08 
 2.760577856219693e+04  1.399906353681431e-06  7.004235347649638e-08 
 2.766941645410857e+04  1.398586593544407e-06  6.997632607280733e-08 
 2.773320104651184e+04  1.397268673485664e-06  6.991039074833519e-08 
 2.779713267758631e+04  1.395952591486497e-06  6.984454740206360e-08 
 2.786121168629111e+04  1.394638345524443e-06  6.977879593305510e-08 
 2.792543841236677e+04  1.393325933586381e-06  6.971313624051393e-08 
 2.798981319633700e+04  1.392015353658088e-06  6.964756822370681e-08 
 2.805433637951049e+04  1.390706603726134e-06  6.958209178203057e-08 
 2.811900830398274e+04  1.389399681781653e-06  6.951670681498583e-08 
 2.818382931263786e+04  1.388094585815496e-06  6.945141322216411e-08 
 2.824879974915037e+04  1.386791313824264e-06  6.938621090326798e-08 
 2.831391995798707e+04  1.385489863801182e-06  6.932109975811033e-08 
 2.837919028440883e+04  1.384190233748823e-06  6.925607968657733e-08 
 2.844461107447240e+04  1.382892421660158e-06  6.919115058868492e-08 
 2.851018267503232e+04  1.381596425542606e-06  6.912631236455827e-08 
 2.857590543374268e+04  1.380302243408339e-06  6.906156491441190e-08 
 2.864177969905900e+04  1.379009873247426e-06  6.899690813853724e-08 
 2.870780582024009e+04  1.377719313073014e-06  6.893234193736871e-08 
 2.877398414734985e+04  1.376430560902882e-06  6.886786621141473e-08 
 2.884031503125920e+04  1.375143614742999e-06  6.880348086131213e-08 
 2.890679882364789e+04  1.373858472611524e-06  6.873918578777450e-08 
 2.897343587700634e+04  1.372575132523420e-06  6.867498089162397e-08 
 2.904022654463760e+04  1.371293592494599e-06  6.861086607379156e-08 
 2.910717118065913e+04  1.370013850550788e-06  6.854684123530050e-08 
 2.917427014000473e+04  1.368735904709897e-06  6.848290627728442e-08 
 2.924152377842640e+04  1.367459752999491e-06  6.841906110095689e-08 
 2.930893245249623e+04  1.366185393445989e-06  6.835530560765894e-08 
 2.937649651960831e+04  1.364912824077549e-06  6.829163969880611e-08 
 2.944421633798060e+04  1.363642042922704e-06  6.822806327593272e-08 
 2.951209226665683e+04  1.362373048016371e-06  6.816457624067316e-08 
 2.958012466550841e+04  1.361105837393600e-06  6.810117849475472e-08 
 2.964831389523636e+04  1.359840409086911e-06  6.803786993998962e-08 
 2.971666031737318e+04  1.358576761140531e-06  6.797465047831927e-08 
 2.978516429428479e+04  1.357314891588616e-06  6.791152001176097e-08 
 2.985382618917248e+04  1.356054798479788e-06  6.784847844244251e-08 
 2.992264636607475e+04  1.354796479855589e-06  6.778552567258973e-08 
 2.999162518986936e+04  1.353539933759904e-06  6.772266160452162e-08 
 3.006076302627514e+04  1.352285158246209e-06  6.765988614065814e-08 
 3.013006024185402e+04  1.351032151360438e-06  6.759719918352617e-08 
 3.019951720401295e+04  1.349780911159397e-06  6.753460063573454e-08 
 3.026913428100583e+04  1.348531435692030e-06  6.747209039999934e-08 
 3.033891184193546e+04  1.347283723017917e-06  6.740966837914187e-08 
 3.040885025675553e+04  1.346037771194376e-06  6.734733447606593e-08 
 3.047894989627255e+04  1.344793578280125e-06  6.728508859377778e-08 
 3.054921113214783e+04  1.343551142340533e-06  6.722293063538729e-08 
 3.061963433689945e+04  1.342310461435312e-06  6.716086050409477e-08 
 3.069021988390424e+04  1.341071533640452e-06  6.709887810325093e-08 
 3.076096814739972e+04  1.339834357008731e-06  6.703698333616218e-08 
 3.083187950248616e+04  1.338598929616612e-06  6.697517610635828e-08 
 3.090295432512851e+04  1.337365249534371e-06  6.691345631743338e-08 
 3.097419299215839e+04  1.336133314840615e-06  6.685182387307514e-08 
 3.104559588127612e+04  1.334903123603933e-06  6.679027867706878e-08 
 3.111716337105272e+04  1.333674673907387e-06  6.672882063328554e-08 
 3.118889584093190e+04  1.332447963829025e-06  6.666744964570098e-08 
 3.126079367123206e+04  1.331222991448159e-06  6.660616561839603e-08 
 3.133285724314835e+04  1.329999754847399e-06  6.654496845551265e-08 
 3.140508693875465e+04  1.328778252114408e-06  6.648385806134655e-08 
 3.147748314100561e+04  1.327558481332346e-06  6.642283434022294e-08 
 3.155004623373870e+04  1.326340440595608e-06  6.636189719658891e-08 
 3.162277660167621e+04  1.325124127991373e-06  6.630104653502223e-08 
 3.169567463042731e+04  1.323909541612534e-06  6.624028226013469e-08 
 3.176874070649009e+04  1.322696679554540e-06  6.617960427667709e-08 
 3.184197521725361e+04  1.321485539910808e-06  6.611901248946538e-08 
 3.191537855099995e+04  1.320276120781462e-06  6.605850680343889e-08 
 3.198895109690630e+04  1.319068420268970e-06  6.599808712360301e-08 
 3.206269324504696e+04  1.317862436471746e-06  6.593775335506160e-08 
 3.213660538639545e+04  1.316658167494673e-06  6.587750540304209e-08 
 3.221068791282661e+04  1.315455611443689e-06  6.581734317282925e-08 
 3.228494121711860e+04  1.314254766426897e-06  6.575726656981253e-08 
 3.235936569295505e+04  1.313055630552636e-06  6.569727549948567e-08 
 3.243396173492713e+04  1.311858201931843e-06  6.563736986741511e-08 
 3.250872973853562e+04  1.310662478680235e-06  6.557754957928064e-08 
 3.258367010019304e+04  1.309468458909244e-06  6.551781454084432e-08 
 3.265878321722573e+04  1.308276140744430e-06  6.545816465797670e-08 
 3.273406948787594e+04  1.307085522292381e-06  6.539859983659548e-08 
 3.280952931130400e+04  1.305896601676112e-06  6.533911998275016e-08 
 3.288516308759039e+04  1.304709377019331e-06  6.527972500257584e-08 
 3.296097121773784e+04  1.303523846451930e-06  6.522041480230502e-08 
 3.303695410367352e+04  1.302340008089519e-06  6.516118928824962e-08 
 3.311311214825114e+04  1.301157860070038e-06  6.510204836682139e-08 
 3.318944575525304e+04  1.299977400514944e-06  6.504299194451135e-08 
 3.326595532939244e+04  1.298798627561169e-06  6.498401992790117e-08 
 3.334264127631547e+04  1.297621539338368e-06  6.492513222369978e-08 
 3.341950400260337e+04  1.296446133985648e-06  6.486632873866578e-08 
 3.349654391577470e+04  1.295272409634244e-06  6.480760937965535e-08 
 3.357376142428738e+04  1.294100364427449e-06  6.474897405363572e-08 
 3.365115693754096e+04  1.292929996505534e-06  6.469042266763140e-08 
 3.372873086587876e+04  1.291761304009182e-06  6.463195512879564e-08 
 3.380648362059001e+04  1.290594285081104e-06  6.457357134434985e-08 
 3.388441561391209e+04  1.289428937868343e-06  6.451527122159698e-08 
 3.396252725903266e+04  1.288265260521013e-06  6.445705466795831e-08 
 3.404081897009188e+04  1.287103251183543e-06  6.439892159090682e-08 
 3.411929116218462e+04  1.285942908011643e-06  6.434087189805656e-08 
 3.419794425136263e+04  1.284784229156165e-06  6.428290549705022e-08 
 3.427677865463676e+04  1.283627212770501e-06  6.422502229566992e-08 
 3.435579478997917e+04  1.282471857017119e-06  6.416722220175204e-08 
 3.443499307632553e+04  1.281318160047284e-06  6.410950512324613e-08 
 3.451437393357728e+04  1.280166120033848e-06  6.405187096821933e-08 
 3.459393778260383e+04  1.279015735119980e-06  6.399431964471793e-08 
 3.467368504524478e+04  1.277867003477481e-06  6.393685106097201e-08 
 3.475361614431218e+04  1.276719923272791e-06  6.387946512528088e-08 
 3.483373150359276e+04  1.275574492670597e-06  6.382216174602921e-08 
 3.491403154785017e+04  1.274430709840904e-06  6.376494083167260e-08 
 3.499451670282726e+04  1.273288572958690e-06  6.370780229078842e-08 
 3.507518739524831e+04  1.272148080189175e-06  6.365074603201657e-08 
 3.515604405282131e+04  1.271009229710310e-06  6.359377196408130e-08 
 3.523708710424018e+04  1.269872019696941e-06  6.353687999580836e-08 
 3.531831697918715e+04  1.268736448327172e-06  6.348007003611260e-08 
 3.539973410833490e+04  1.267602513781612e-06  6.342334199397891e-08 
 3.548133892334896e+04  1.266470214238369e-06  6.336669577848816e-08 
 3.556313185688992e+04  1.265339547880968e-06  6.331013129882031e-08 
 3.564511334261579e+04  1.264210512894433e-06  6.325364846420815e-08 
 3.572728381518424e+04  1.263083107465889e-06  6.319724718399904e-08 
 3.580964371025492e+04  1.261957329780344e-06  6.314092736764307e-08 
 3.589219346449182e+04  1.260833178022180e-06  6.308468892461361e-08 
 3.597493351556551e+04  1.259710650398373e-06  6.302853176454595e-08 
 3.605786430215550e+04  1.258589745092286e-06  6.297245579709834e-08 
 3.614098626395256e+04  1.257470460299550e-06  6.291646093205837e-08 
 3.622429984166107e+04  1.256352794217676e-06  6.286054707927516e-08 
 3.630780547700132e+04  1.255236745050010e-06  6.280471414872263e-08 
 3.639150361271187e+04  1.254122310981743e-06  6.274896205036839e-08 
 3.647539469255192e+04  1.253009490224407e-06  6.269329069432991e-08 
 3.655947916130361e+04  1.251898280977763e-06  6.263769999083963e-08 
 3.664375746477442e+04  1.250788681449268e-06  6.258218985014772e-08 
 3.672823004979954e+04  1.249680689844472e-06  6.252676018264911e-08 
 3.681289736424419e+04  1.248574304371466e-06  6.247141089877007e-08 
 3.689775985700606e+04  1.247469523240652e-06  6.241614190904758e-08 
 3.698281797801762e+04  1.246366344663197e-06  6.236095312410371e-08 
 3.706807217824858e+04  1.245264766851372e-06  6.230584445464581e-08 
 3.715352290970820e+04  1.244164788023500e-06  6.225081581145393e-08 
 3.723917062544778e+04  1.243066406392279e-06  6.219586710539694e-08 
 3.732501577956296e+04  1.241969620176389e-06  6.214099824743884e-08 
 3.741105882719622e+04  1.240874427598440e-06  6.208620914859697e-08 
 3.749730022453921e+04  1.239780826876424e-06  6.203149971999819e-08 
 3.758374042883526e+04  1.238688816238238e-06  6.197686987286111e-08 
 3.767037989838170e+04  1.237598393903221e-06  6.192231951844957e-08 
 3.775721909253240e+04  1.236509558102547e-06  6.186784856813879e-08 
 3.784425847170010e+04  1.235422307061937e-06  6.181345693337651e-08 
 3.793149849735894e+04  1.234336639018723e-06  6.175914452573360e-08 
 3.801893963204684e+04  1.233252552188318e-06  6.170491125677007e-08 
 3.810658233936800e+04  1.232170044813491e-06  6.165075703821690e-08 
 3.819442708399533e+04  1.231089115128493e-06  6.159668178182535e-08 
 3.828247433167291e+04  1.230009761368593e-06  6.154268539949194e-08 
 3.837072454921850e+04  1.228931981773943e-06  6.148876780313552e-08 
 3.845917820452596e+04  1.227855774581207e-06  6.143492890479290e-08 
 3.854783576656776e+04  1.226781138033134e-06  6.138116861656885e-08 
 3.863669770539748e+04  1.225708070371099e-06  6.132748685064838e-08 
 3.872576449215226e+04  1.224636569841976e-06  6.127388351930721e-08 
 3.881503659905534e+04  1.223566634688762e-06  6.122035853489640e-08 
 3.890451449941855e+04  1.222498263163135e-06  6.116691180983784e-08 
 3.899419866764481e+04  1.221431453509498e-06  6.111354325664305e-08 
 3.908408957923065e+04  1.220366203984095e-06  6.106025278791285e-08 
 3.917418771076873e+04  1.219302512831932e-06  6.100704031632314e-08 
 3.926449353995038e+04  1.218240378313859e-06  6.095390575462117e-08 
 3.935500754556812e+04  1.217179798683680e-06  6.090084901564310e-08 
 3.944573020751819e+04  1.216120772196553e-06  6.084787001228353e-08 
 3.953666200680312e+04  1.215063297111349e-06  6.079496865757240e-08 
 3.962780342553425e+04  1.214007371698894e-06  6.074214486458307e-08 
 3.971915494693432e+04  1.212952994203484e-06  6.068939854641337e-08 
 3.981071705533998e+04  1.211900162900308e-06  6.063672961633061e-08 
 3.990249023620444e+04  1.210848876049645e-06  6.058413798765033e-08 
 3.999447497609996e+04  1.209799131919034e-06  6.053162357374825e-08 
 4.008667176272047e+04  1.208750928775988e-06  6.047918628810803e-08 
 4.017908108488416e+04  1.207704264893520e-06  6.042682604427483e-08 
 4.027170343253605e+04  1.206659138541654e-06  6.037454275586662e-08 
 4.036453929675061e+04  1.205615547992801e-06  6.032233633659864e-08 
 4.045758916973435e+04  1.204573491522795e-06  6.027020670025958e-08 
 4.055085354482845e+04  1.203532967405954e-06  6.021815376069799e-08 
 4.064433291651132e+04  1.202493973919321e-06  6.016617743186928e-08 
 4.073802778040129e+04  1.201456509344326e-06  6.011427762778508e-08 
 4.083193863325920e+04  1.200420571961616e-06  6.006245426253484e-08 
 4.092606597299105e+04  1.199386160049012e-06  6.001070725031510e-08 
 4.102041029865063e+04  1.198353271895523e-06  5.995903650535300e-08 
 4.111497211044214e+04  1.197321905794440e-06  5.990744194202900e-08 
 4.120975190972292e+04  1.196292060012897e-06  5.985592347467278e-08 
 4.130475019900600e+04  1.195263732850068e-06  5.980448101780896e-08 
 4.139996748196289e+04  1.194236922594950e-06  5.975311448599194e-08 
 4.149540426342611e+04  1.193211627538740e-06  5.970182379386402e-08 
 4.159106104939200e+04  1.192187845974845e-06  5.965060885614284e-08 
 4.168693834702331e+04  1.191165576197878e-06  5.959946958762014e-08 
 4.178303666465192e+04  1.190144816503146e-06  5.954840590315845e-08 
 4.187935651178155e+04  1.189125565189824e-06  5.949741771770543e-08 
 4.197589839909045e+04  1.188107820557515e-06  5.944650494627973e-08 
 4.207266283843407e+04  1.187091580902632e-06  5.939566750398270e-08 
 4.216965034284786e+04  1.186076844530617e-06  5.934490530599012e-08 
 4.226686142654991e+04  1.185063609745793e-06  5.929421826754397e-08 
 4.236429660494369e+04  1.184051874848199e-06  5.924360630396850e-08 
 4.246195639462084e+04  1.183041638150640e-06  5.919306933066324e-08 
 4.255984131336384e+04  1.182032897957756e-06  5.914260726311599e-08 
 4.265795188014877e+04  1.181025652585786e-06  5.909222001690868e-08 
 4.275628861514810e+04  1.180019900333564e-06  5.904190750759936e-08 
 4.285485203973341e+04  1.179015639521163e-06  5.899166965090068e-08 
 4.295364267647816e+04  1.178012868460471e-06  5.894150636261486e-08 
 4.305266104916047e+04  1.177011585466347e-06  5.889141755857966e-08 
 4.315190768276589e+04  1.176011788861026e-06  5.884140315473528e-08 
 4.325138310349022e+04  1.175013476956504e-06  5.879146306707095e-08 
 4.335108783874221e+04  1.174016648076346e-06  5.874159721166129e-08 
 4.345102241714644e+04  1.173021300541848e-06  5.869180550465078e-08 
 4.355118736854612e+04  1.172027432675268e-06  5.864208786227656e-08 
 4.365158322400583e+04  1.171035042800705e-06  5.859244420082328e-08 
 4.375221051581441e+04  1.170044129244253e-06  5.854287443667118e-08 
 4.385306977748775e+04  1.169054690332849e-06  5.849337848626315e-08 
 4.395416154377160e+04  1.168066724395858e-06  5.844395626611134e-08 
 4.405548635064445e+04  1.167080229774203e-06  5.839460769284042e-08 
 4.415704473532034e+04  1.166095204776039e-06  5.834533268306249e-08 
 4.425883723625172e+04  1.165111647750369e-06  5.829613115354349e-08 
 4.436086439313229e+04  1.164129557026659e-06  5.824700302107956e-08 
 4.446312674689988e+04  1.163148930945375e-06  5.819794820257091e-08 
 4.456562483973931e+04  1.162169767839612e-06  5.814896661496714e-08 
 4.466835921508526e+04  1.161192066050655e-06  5.810005817530166e-08 
 4.477133041762518e+04  1.160215823917659e-06  5.805122280068356e-08 
 4.487453899330211e+04  1.159241039782703e-06  5.800246040827836e-08 
 4.497798548931767e+04  1.158267711991244e-06  5.795377091532971e-08 
 4.508167045413486e+04  1.157295838885179e-06  5.790515423917402e-08 
 4.518559443748105e+04  1.156325418810767e-06  5.785661029719197e-08 
 4.528975799035086e+04  1.155356450116257e-06  5.780813900684626e-08 
 4.539416166500907e+04  1.154388931152130e-06  5.775974028567523e-08 
 4.549880601499358e+04  1.153422860271502e-06  5.771141405131434e-08 
 4.560369159511832e+04  1.152458235814955e-06  5.766316022137944e-08 
 4.570881896147617e+04  1.151495056144647e-06  5.761497871366393e-08 
 4.581418867144199e+04  1.150533319612462e-06  5.756686944598248e-08 
 4.591980128367547e+04  1.149573024574032e-06  5.751883233622544e-08 
 4.602565735812418e+04  1.148614169388675e-06  5.747086730235177e-08 
 4.613175745602649e+04  1.147656752413755e-06  5.742297426239965e-08 
 4.623810213991455e+04  1.146700772010706e-06  5.737515313448170e-08 
 4.634469197361729e+04  1.145746226539671e-06  5.732740383676794e-08 
 4.645152752226340e+04  1.144793114365118e-06  5.727972628750692e-08 
 4.655860935228432e+04  1.143841433849951e-06  5.723212040501279e-08 
 4.666593803141726e+04  1.142891183360715e-06  5.718458610767772e-08 
 4.677351412870819e+04  1.141942361264914e-06  5.713712331396138e-08 
 4.688133821451486e+04  1.140994965937402e-06  5.708973194240781e-08 
 4.698941086050984e+04  1.140048995736450e-06  5.704241191157465e-08 
 4.709773263968356e+04  1.139104449037342e-06  5.699516314014666e-08 
 4.720630412634730e+04  1.138161324213269e-06  5.694798554687344e-08 
 4.731512589613626e+04  1.137219619640510e-06  5.690087905054974e-08 
 4.742419852601265e+04  1.136279333693317e-06  5.685384357005256e-08 
 4.753352259426869e+04  1.135340464746547e-06  5.680687902432860e-08 
 4.764309868052970e+04  1.134403011181298e-06  5.675998533240680e-08 
 4.775292736575718e+04  1.133466971378057e-06  5.671316241335225e-08 
 4.786300923225190e+04  1.132532343713802e-06  5.666641018633199e-08 
 4.797334486365694e+04  1.131599126573340e-06  5.661972857055937e-08 
 4.808393484496086e+04  1.130667318342051e-06  5.657311748533185e-08 
 4.819477976250071e+04  1.129736917405319e-06  5.652657685003399e-08 
 4.830588020396521e+04  1.128807922144321e-06  5.648010658403982e-08 
 4.841723675839785e+04  1.127880330947951e-06  5.643370660687781e-08 
 4.852885001619999e+04  1.126954142206673e-06  5.638737683810410e-08 
 4.864072056913401e+04  1.126029354313123e-06  5.634111719735419e-08 
 4.875284901032646e+04  1.125105965658852e-06  5.629492760433388e-08 
 4.886523593427115e+04  1.124183974632101e-06  5.624880797881387e-08 
 4.897788193683238e+04  1.123263379632477e-06  5.620275824063153e-08 
 4.909078761524804e+04  1.122344179053504e-06  5.615677830967761e-08 
 4.920395356813279e+04  1.121426371294338e-06  5.611086810593511e-08 
 4.931738039548125e+04  1.120509954749838e-06  5.606502754945168e-08 
 4.943106869867118e+04  1.119594927831175e-06  5.601925656034423e-08 
 4.954501908046663e+04  1.118681288920759e-06  5.597355505875188e-08 
 4.965923214502118e+04  1.117769036433188e-06  5.592792296492746e-08 
 4.977370849788114e+04  1.116858168770318e-06  5.588236019918570e-08 
 4.988844874598873e+04  1.115948684336053e-06  5.583686668189703e-08 
 5.000345349768532e+04  1.115040581536453e-06  5.579144233351830e-08 
 5.011872336271467e+04  1.114133858781287e-06  5.574608707454660e-08 
 5.023425895222612e+04  1.113228514478859e-06  5.570080082555486e-08 
 5.035006087877786e+04  1.112324547041210e-06  5.565558350719344e-08 
 5.046612975634018e+04  1.111421954875199e-06  5.561043504016709e-08 
 5.058246620029872e+04  1.110520736399388e-06  5.556535534524646e-08 
 5.069907082745772e+04  1.109620890032897e-06  5.552034434331481e-08 
 5.081594425604330e+04  1.108722414175649e-06  5.547540195521076e-08 
 5.093308710570676e+04  1.107825307254646e-06  5.543052810193789e-08 
 5.105049999752781e+04  1.106929567686220e-06  5.538572270453819e-08 
 5.116818355401792e+04  1.106035193889743e-06  5.534098568410462e-08 
 5.128613839912360e+04  1.105142184286981e-06  5.529631696181821e-08 
 5.140436515822969e+04  1.104250537300775e-06  5.525171645890298e-08 
 5.152286445816269e+04  1.103360251351964e-06  5.520718409667128e-08 
 5.164163692719411e+04  1.102471324868302e-06  5.516271979648910e-08 
 5.176068319504375e+04  1.101583756273356e-06  5.511832347978710e-08 
 5.188000389288306e+04  1.100697544002945e-06  5.507399506807774e-08 
 5.199959965333852e+04  1.099812686471175e-06  5.502973448287837e-08 
 5.211947111049493e+04  1.098929182115775e-06  5.498554164584011e-08 
 5.223961889989884e+04  1.098047029364887e-06  5.494141647863954e-08 
 5.236004365856184e+04  1.097166226653938e-06  5.489735890304729e-08 
 5.248074602496405e+04  1.096286772413792e-06  5.485336884088086e-08 
 5.260172663905738e+04  1.095408665084350e-06  5.480944621402904e-08 
 5.272298614226900e+04  1.094531903095754e-06  5.476559094441579e-08 
 5.284452517750474e+04  1.093656484889138e-06  5.472180295408309e-08 
 5.296634438915244e+04  1.092782408902238e-06  5.467808216510018e-08 
 5.308844442308546e+04  1.091909673581736e-06  5.463442849962932e-08 
 5.321082592666602e+04  1.091038277355871e-06  5.459084187981232e-08 
 5.333348954874866e+04  1.090168218674198e-06  5.454732222795940e-08 
 5.345643593968370e+04  1.089299495980904e-06  5.450386946638775e-08 
 5.357966575132066e+04  1.088432107718093e-06  5.446048351750165e-08 
 5.370317963701174e+04  1.087566052334034e-06  5.441716430376409e-08 
 5.382697825161526e+04  1.086701328276650e-06  5.437391174768903e-08 
 5.395106225149916e+04  1.085837933993566e-06  5.433072577186702e-08 
 5.407543229454445e+04  1.084975867938213e-06  5.428760629893987e-08 
 5.420008904014872e+04  1.084115128556417e-06  5.424455325162405e-08 
 5.432503314922962e+04  1.083255714311039e-06  5.420156655272341e-08 
 5.445026528422838e+04  1.082397623640148e-06  5.415864612501701e-08 
 5.457578610911332e+04  1.081540855010083e-06  5.411579189142323e-08 
 5.470159628938335e+04  1.080685406869077e-06  5.407300377491605e-08 
 5.482769649207153e+04  1.079831277682344e-06  5.403028169851405e-08 
 5.495408738574857e+04  1.078978465903048e-06  5.398762558531270e-08 
 5.508076964052642e+04  1.078126969996563e-06  5.394503535844731e-08 
 5.520774392806178e+04  1.077276788418775e-06  5.390251094115213e-08 
 5.533501092155968e+04  1.076427919633329e-06  5.386005225667864e-08 
 5.546257129577705e+04  1.075580362114526e-06  5.381765922840388e-08 
 5.559042572702630e+04  1.074734114308078e-06  5.377533177966548e-08 
 5.571857489317889e+04  1.073889174689566e-06  5.373306983394184e-08 
 5.584701947366895e+04  1.073045541724142e-06  5.369087331477445e-08 
 5.597576014949685e+04  1.072203213883044e-06  5.364874214573333e-08 
 5.610479760323285e+04  1.071362189636796e-06  5.360667625046754e-08 
 5.623413251902068e+04  1.070522467449968e-06  5.356467555267779e-08 
 5.636376558258117e+04  1.069684045801127e-06  5.352273997613821e-08 
 5.649369748121595e+04  1.068846923166476e-06  5.348086944470078e-08 
 5.662392890381099e+04  1.068011098009759e-06  5.343906388220238e-08 
 5.675446054084033e+04  1.067176568811313e-06  5.339732321261495e-08 
 5.688529308436972e+04  1.066343334050011e-06  5.335564735996362e-08 
 5.701642722806030e+04  1.065511392202176e-06  5.331403624829555e-08 
 5.714786366717221e+04  1.064680741747468e-06  5.327248980176888e-08 
 5.727960309856840e+04  1.063851381164490e-06  5.323100794456654e-08 
 5.741164622071820e+04  1.063023308939328e-06  5.318959060094650e-08 
 5.754399373370110e+04  1.062196523551929e-06  5.314823769522126e-08 
 5.767664633921044e+04  1.061371023492549e-06  5.310694915179098e-08 
 5.780960474055714e+04  1.060546807233590e-06  5.306572489504592e-08 
 5.794286964267339e+04  1.059723873270021e-06  5.302456484950207e-08 
 5.807644175211646e+04  1.058902220087642e-06  5.298346893971649e-08 
 5.821032177707236e+04  1.058081846173416e-06  5.294243709030104e-08 
 5.834451042735965e+04  1.057262750019832e-06  5.290146922594284e-08 
 5.847900841443321e+04  1.056444930117343e-06  5.286056527136581e-08 
 5.861381645138797e+04  1.055628384959205e-06  5.281972515137491e-08 
 5.874893525296274e+04  1.054813113044070e-06  5.277894879083405e-08 
 5.888436553554393e+04  1.053999112854183e-06  5.273823611463693e-08 
 5.902010801716942e+04  1.053186382888513e-06  5.269758704774908e-08 
 5.915616341753235e+04  1.052374921649586e-06  5.265700151521874e-08 
 5.929253245798490e+04  1.051564727633380e-06  5.261647944214492e-08 
 5.942921586154214e+04  1.050755799337577e-06  5.257602075367122e-08 
 5.956621435288589e+04  1.049948135264048e-06  5.253562537500147e-08 
 5.970352865836849e+04  1.049141733919444e-06  5.249529323143674e-08 
 5.984115950601674e+04  1.048336593795031e-06  5.245502424826731e-08 
 5.997910762553567e+04  1.047532713401390e-06  5.241481835089098e-08 
 6.011737374831250e+04  1.046730091242859e-06  5.237467546475538e-08 
 6.025595860742043e+04  1.045928725825793e-06  5.233459551537810e-08 
 6.039486293762260e+04  1.045128615658923e-06  5.229457842830228e-08 
 6.053408747537593e+04  1.044329759246895e-06  5.225462412917311e-08 
 6.067363295883508e+04  1.043532155104291e-06  5.221473254365064e-08 
 6.081350012785629e+04  1.042735801744609e-06  5.217490359750660e-08 
 6.095368972400138e+04  1.041940697668654e-06  5.213513721649279e-08 
 6.109420249054163e+04  1.041146841394740e-06  5.209543332648534e-08 
 6.123503917246173e+04  1.040354231439656e-06  5.205579185339617e-08 
 6.137620051646376e+04  1.039562866314815e-06  5.201621272318760e-08 
 6.151768727097112e+04  1.038772744541290e-06  5.197669586189645e-08 
 6.165950018613248e+04  1.037983864632547e-06  5.193724119562021e-08 
 6.180164001382581e+04  1.037196225116399e-06  5.189784865051643e-08 
 6.194410750766232e+04  1.036409824497580e-06  5.185851815272861e-08 
 6.208690342299049e+04  1.035624661305463e-06  5.181924962855188e-08 
 6.223002851690005e+04  1.034840734056781e-06  5.178004300430895e-08 
 6.237348354822599e+04  1.034058041283400e-06  5.174089820636351e-08 
 6.251726927755260e+04  1.033276581506299e-06  5.170181516115093e-08 
 6.266138646721752e+04  1.032496353253634e-06  5.166279379515407e-08 
 6.280583588131573e+04  1.031717355052293e-06  5.162383403496870e-08 
 6.295061828570365e+04  1.030939585420840e-06  5.158493580711411e-08 
 6.309573444800318e+04  1.030163042896092e-06  5.154609903828997e-08 
 6.324118513760576e+04  1.029387726003799e-06  5.150732365521132e-08 
 6.338697112567647e+04  1.028613633277289e-06  5.146860958465224e-08 
 6.353309318515810e+04  1.027840763249631e-06  5.142995675343488e-08 
 6.367955209077527e+04  1.027069114451938e-06  5.139136508846930e-08 
 6.382634861903852e+04  1.026298685426081e-06  5.135283451670771e-08 
 6.397348354824843e+04  1.025529474695137e-06  5.131436496509668e-08 
 6.412095765849973e+04  1.024761480803326e-06  5.127595636071915e-08 
 6.426877173168550e+04  1.023994702285574e-06  5.123760863069531e-08 
 6.441692655150122e+04  1.023229137682769e-06  5.119932170218526e-08 
 6.456542290344900e+04  1.022464785532992e-06  5.116109550241414e-08 
 6.471426157484172e+04  1.021701644378274e-06  5.112292995867177e-08 
 6.486344335480720e+04  1.020939712768171e-06  5.108482499832406e-08 
 6.501296903429239e+04  1.020178989232442e-06  5.104678054870780e-08 
 6.516283940606756e+04  1.019419472320543e-06  5.100879653728409e-08 
 6.531305526473048e+04  1.018661160577581e-06  5.097087289156507e-08 
 6.546361740671070e+04  1.017904052553490e-06  5.093300953911734e-08 
 6.561452663027370e+04  1.017148146792714e-06  5.089520640755440e-08 
 6.576578373552517e+04  1.016393441850475e-06  5.085746342457680e-08 
 6.591738952441521e+04  1.015639936264923e-06  5.081978051785187e-08 
 6.606934480074263e+04  1.014887628593107e-06  5.078215761519654e-08 
 6.622165037015919e+04  1.014136517384598e-06  5.074459464444029e-08 
 6.637430704017384e+04  1.013386601194290e-06  5.070709153347475e-08 
 6.652731562015705e+04  1.012637878578759e-06  5.066964821026064e-08 
 6.668067692134509e+04  1.011890348093911e-06  5.063226460280990e-08 
 6.683439175684430e+04  1.011144008289365e-06  5.059494063914625e-08 
 6.698846094163544e+04  1.010398857723925e-06  5.055767624739974e-08 
 6.714288529257798e+04  1.009654894955942e-06  5.052047135574041e-08 
 6.729766562841447e+04  1.008912118548426e-06  5.048332589238593e-08 
 6.745280276977485e+04  1.008170527059055e-06  5.044623978562682e-08 
 6.760829753918078e+04  1.007430119057005e-06  5.040921296380623e-08 
 6.776415076105007e+04  1.006690893091364e-06  5.037224535527067e-08 
 6.792036326170097e+04  1.005952847732913e-06  5.033533688848401e-08 
 6.807693586935662e+04  1.005215981546362e-06  5.029848749194159e-08 
 6.823386941414939e+04  1.004480293095897e-06  5.026169709419190e-08 
 6.839116472812532e+04  1.003745780948956e-06  5.022496562383595e-08 
 6.854882264524851e+04  1.003012443682354e-06  5.018829300957474e-08 
 6.870684400140552e+04  1.002280279849501e-06  5.015167918005021e-08 
 6.886522963440987e+04  1.001549288026664e-06  5.011512406406877e-08 
 6.902398038400641e+04  1.000819466787707e-06  5.007862759044130e-08 
 6.918309709187582e+04  1.000090814701770e-06  5.004218968804830e-08 
 6.934258060163904e+04  9.993633303432280e-07  5.000581028581822e-08 
 6.950243175886177e+04  9.986370122903335e-07  4.996948931275904e-08 
 6.966265141105892e+04  9.979118591094599e-07  4.993322669785893e-08 
 6.982324040769914e+04  9.971878693834280e-07  4.989702237024074e-08 
 6.998419960020931e+04  9.964650416879240e-07  4.986087625902832e-08 
 7.014552984197903e+04  9.957433745998455e-07  4.982478829344026e-08 
 7.030723198836521e+04  9.950228667052381e-07  4.978875840274379e-08 
 7.046930689669651e+04  9.943035165754392e-07  4.975278651619384e-08 
 7.063175542627796e+04  9.935853227950165e-07  4.971687256317568e-08 
 7.079457843839550e+04  9.928682839464302e-07  4.968101647309328e-08 
 7.095777679632054e+04  9.921523986172254e-07  4.964521817541581e-08 
 7.112135136531452e+04  9.914376653861497e-07  4.960947759965621e-08 
 7.128530301263352e+04  9.907240828496723e-07  4.957379467542273e-08 
 7.144963260753285e+04  9.900116495790943e-07  4.953816933227508e-08 
 7.161434102127168e+04  9.893003641698750e-07  4.950260149992743e-08 
 7.177942912711760e+04  9.885902252117152e-07  4.946709110810284e-08 
 7.194489780035133e+04  9.878812312924145e-07  4.943163808658134e-08 
 7.211074791827130e+04  9.871733810106992e-07  4.939624236523966e-08 
 7.227698036019831e+04  9.864666729448763e-07  4.936090387389572e-08 
 7.244359600748024e+04  9.857611056933121e-07  4.932562254252609e-08 
 7.261059574349667e+04  9.850566778507444e-07  4.929039830111404e-08 
 7.277798045366355e+04  9.843533880109949e-07  4.925523107972052e-08 
 7.294575102543797e+04  9.836512347760229e-07  4.922012080846977e-08 
 7.311390834832280e+04  9.829502167344263e-07  4.918506741744082e-08 
 7.328245331387142e+04  9.822503324851639e-07  4.915007083687658e-08 
 7.345138681569246e+04  9.815515806310967e-07  4.911513099702900e-08 
 7.362070974945453e+04  9.808539597698989e-07  4.908024782821801e-08 
 7.379042301289097e+04  9.801574685093809e-07  4.904542126082125e-08 
 7.396052750580461e+04  9.794621054398678e-07  4.901065122520306e-08 
 7.413102413007253e+04  9.787678691689334e-07  4.897593765184481e-08 
 7.430191378965088e+04  9.780747583010674e-07  4.894128047126609e-08 
 7.447319739057959e+04  9.773827714429540e-07  4.890667961403013e-08 
 7.464487584098728e+04  9.766919072032461e-07  4.887213501080191e-08 
 7.481695005109602e+04  9.760021641810413e-07  4.883764659217966e-08 
 7.498942093322612e+04  9.753135409866646e-07  4.880321428892817e-08 
 7.516228940180104e+04  9.746260362312736e-07  4.876883803181791e-08 
 7.533555637335218e+04  9.739396485241369e-07  4.873451775167869e-08 
 7.550922276652379e+04  9.732543764831054e-07  4.870025337941526e-08 
 7.568328950207778e+04  9.725702187062448e-07  4.866604484590170e-08 
 7.585775750289868e+04  9.718871738157837e-07  4.863189208215103e-08 
 7.603262769399844e+04  9.712052404228813e-07  4.859779501920267e-08 
 7.620790100252141e+04  9.705244171446461e-07  4.856375358812264e-08 
 7.638357835774923e+04  9.698447026013070e-07  4.852976772009311e-08 
 7.655966069110573e+04  9.691660953991815e-07  4.849583734623203e-08 
 7.673614893616195e+04  9.684885941613838e-07  4.846196239782032e-08 
 7.691304402864096e+04  9.678121975072427e-07  4.842814280613649e-08 
 7.709034690642296e+04  9.671369040617079e-07  4.839437850255765e-08 
 7.726805850955013e+04  9.664627124352545e-07  4.836066941842763e-08 
 7.744617978023172e+04  9.657896212543812e-07  4.832701548519265e-08 
 7.762471166284896e+04  9.651176291443465e-07  4.829341663436883e-08 
 7.780365510396013e+04  9.644467347261454e-07  4.825987279749871e-08 
 7.798301105230555e+04  9.637769366298028e-07  4.822638390618321e-08 
 7.816278045881259e+04  9.631082334737869e-07  4.819294989204925e-08 
 7.834296427660075e+04  9.624406238898606e-07  4.815957068680435e-08 
 7.852356346098670e+04  9.617741065029190e-07  4.812624622219689e-08 
 7.870457896948933e+04  9.611086799493527e-07  4.809297643004854e-08 
 7.888601176183486e+04  9.604443428462027e-07  4.805976124217560e-08 
 7.906786279996188e+04  9.597810938317677e-07  4.802660059048671e-08 
 7.925013304802649e+04  9.591189315374575e-07  4.799349440692796e-08 
 7.943282347240741e+04  9.584578545963002e-07  4.796044262352799e-08 
 7.961593504171108e+04  9.577978616443896e-07  4.792744517232939e-08 
 7.979946872677682e+04  9.571389513095451e-07  4.789450198540440e-08 
 7.998342550068194e+04  9.564811222293424e-07  4.786161299493613e-08 
 8.016780633874696e+04  9.558243730440201e-07  4.782877813311411e-08 
 8.035261221854071e+04  9.551687023876630e-07  4.779599733223637e-08 
 8.053784411988560e+04  9.545141089016694e-07  4.776327052453241e-08 
 8.072350302486270e+04  9.538605912226426e-07  4.773059764238643e-08 
 8.090958991781707e+04  9.532081479922808e-07  4.769797861820831e-08 
 8.109610578536286e+04  9.525567778587454e-07  4.766541338447383e-08 
 8.128305161638865e+04  9.519064794506780e-07  4.763290187364795e-08 
 8.147042840206262e+04  9.512572514203261e-07  4.760044401828728e-08 
 8.165823713583784e+04  9.506090924094610e-07  4.756803975100357e-08 
 8.184647881345754e+04  9.499620010686451e-07  4.753568900447907e-08 
 8.203515443296032e+04  9.493159760342899e-07  4.750339171137829e-08 
 8.222426499468555e+04  9.486710159592081e-07  4.747114780445812e-08 
 8.241381150127861e+04  9.480271194921110e-07  4.743895721653109e-08 
 8.260379495769620e+04  9.473842852855628e-07  4.740681988048338e-08 
 8.279421637121169e+04  9.467425119790130e-07  4.737473572915553e-08 
 8.298507675142046e+04  9.461017982298798e-07  4.734270469552757e-08 
 8.317637711024526e+04  9.454621426900657e-07  4.731072671260381e-08 
 8.336811846194153e+04  9.448235440187521e-07  4.727880171344014e-08 
 8.356030182310284e+04  9.441860008553640e-07  4.724692963113345e-08 
 8.375292821266624e+04  9.435495118628786e-07  4.721511039881848e-08 
 8.394599865191767e+04  9.429140756969718e-07  4.718334394970769e-08 
 8.413951416449739e+04  9.422796910200422e-07  4.715163021708013e-08 
 8.433347577640536e+04  9.416463564765367e-07  4.711996913416919e-08 
 8.452788451600676e+04  9.410140707334562e-07  4.708836063435953e-08 
 8.472274141403736e+04  9.403828324475737e-07  4.705680465104637e-08 
 8.491804750360904e+04  9.397526402865448e-07  4.702530111769783e-08 
 8.511380382021524e+04  9.391234929000194e-07  4.699384996776657e-08 
 8.531001140173648e+04  9.384953889559008e-07  4.696245113480876e-08 
 8.550667128844581e+04  9.378683271191168e-07  4.693110455242171e-08 
 8.570378452301439e+04  9.372423060561177e-07  4.689981015427415e-08 
 8.590135215051695e+04  9.366173244235690e-07  4.686856787401442e-08 
 8.609937521843739e+04  9.359933808918165e-07  4.683737764539917e-08 
 8.629785477667430e+04  9.353704741336673e-07  4.680623940225284e-08 
 8.649679187754654e+04  9.347486028081278e-07  4.677515307836419e-08 
 8.669618757579882e+04  9.341277655864065e-07  4.674411860762254e-08 
 8.689604292860728e+04  9.335079611405269e-07  4.671313592398530e-08 
 8.709635899558511e+04  9.328891881453863e-07  4.668220496144022e-08 
 8.729713683878814e+04  9.322714452627301e-07  4.665132565401381e-08 
 8.749837752272052e+04  9.316547311687773e-07  4.662049793577376e-08 
 8.770008211434033e+04  9.310390445395742e-07  4.658972174086650e-08 
 8.790225168306523e+04  9.304243840536368e-07  4.655899700351074e-08 
 8.810488730077815e+04  9.298107483765631e-07  4.652832365786144e-08 
 8.830799004183296e+04  9.291981361881117e-07  4.649770163821856e-08 
 8.851156098306018e+04  9.285865461733639e-07  4.646713087895713e-08 
 8.871560120377266e+04  9.279759769977091e-07  4.643661131437217e-08 
 8.892011178577135e+04  9.273664273464750e-07  4.640614287892845e-08 
 8.912509381335101e+04  9.267578959024107e-07  4.637572550711502e-08 
 8.933054837330592e+04  9.261503813412369e-07  4.634535913341811e-08 
 8.953647655493573e+04  9.255438823457009e-07  4.631504369241061e-08 
 8.974287945005113e+04  9.249383976011659e-07  4.628477911870974e-08 
 8.994975815297975e+04  9.243339257954534e-07  4.625456534701511e-08 
 9.015711376057185e+04  9.237304656030326e-07  4.622440231198088e-08 
 9.036494737220625e+04  9.231280157124483e-07  4.619428994840231e-08 
 9.057326008979607e+04  9.225265748202355e-07  4.616422819110248e-08 
 9.078205301779456e+04  9.219261415980845e-07  4.613421697490740e-08 
 9.099132726320108e+04  9.213267147430364e-07  4.610425623472396e-08 
 9.120108393556683e+04  9.207282929490676e-07  4.607434590555430e-08 
 9.141132414700082e+04  9.201308748934894e-07  4.604448592233072e-08 
 9.162204901217572e+04  9.195344592751364e-07  4.601467622013448e-08 
 9.183325964833377e+04  9.189390447849349e-07  4.598491673407031e-08 
 9.204495717529274e+04  9.183446301213234e-07  4.595520739929697e-08 
 9.225714271545188e+04  9.177512139664135e-07  4.592554815097624e-08 
 9.246981739379776e+04  9.171587950209815e-07  4.589593892435766e-08 
 9.268298233791036e+04  9.165673719873028e-07  4.586637965476437e-08 
 9.289663867796901e+04  9.159769435487328e-07  4.583687027747780e-08 
 9.311078754675835e+04  9.153875084093623e-07  4.580741072791886e-08 
 9.332543007967436e+04  9.147990652720035e-07  4.577800094154005e-08 
 9.354056741473038e+04  9.142116128266454e-07  4.574864085377448e-08 
 9.375620069256316e+04  9.136251497780850e-07  4.571933040017724e-08 
 9.397233105643885e+04  9.130396748327356e-07  4.569006951634285e-08 
 9.418895965225915e+04  9.124551866816455e-07  4.566085813786502e-08 
 9.440608762856729e+04  9.118716840340231e-07  4.563169620041976e-08 
 9.462371613655418e+04  9.112891655958881e-07  4.560258363976605e-08 
 9.484184633006454e+04  9.107076300638143e-07  4.557352039162091e-08 
 9.506047936560291e+04  9.101270761442304e-07  4.554450639181815e-08 
 9.527961640233989e+04  9.095475025577485e-07  4.551554157625923e-08 
 9.549925860211824e+04  9.089689079942161e-07  4.548662588078193e-08 
 9.571940712945902e+04  9.083912911711383e-07  4.545775924139665e-08 
 9.594006315156783e+04  9.078146508002781e-07  4.542894159410399e-08 
 9.616122783834091e+04  9.072389855818107e-07  4.540017287493445e-08 
 9.638290236237143e+04  9.066642942323682e-07  4.537145301999473e-08 
 9.660508789895565e+04  9.060905754680068e-07  4.534278196547068e-08 
 9.682778562609917e+04  9.055178279921295e-07  4.531415964750686e-08 
 9.705099672452315e+04  9.049460505219010e-07  4.528558600236547e-08 
 9.727472237767064e+04  9.043752417790258e-07  4.525706096636516e-08 
 9.749896377171276e+04  9.038054004660691e-07  4.522858447580302e-08 
 9.772372209555507e+04  9.032365253076897e-07  4.520015646708045e-08 
 9.794899854084382e+04  9.026686150254331e-07  4.517177687664954e-08 
 9.817479430197230e+04  9.021016683253855e-07  4.514344564094700e-08 
 9.840111057608717e+04  9.015356839318158e-07  4.511516269652884e-08 
 9.862794856309477e+04  9.009706605672699e-07  4.508692798000392e-08 
 9.885530946566755e+04  9.004065969505737e-07  4.505874142792152e-08 
 9.908319448925037e+04  8.998434918031966e-07  4.503060297700069e-08 
 9.931160484206692e+04  8.992813438499232e-07  4.500251256393536e-08 
 9.954054173512617e+04  8.987201518077381e-07  4.497447012549360e-08 
 9.977000638222873e+04  8.981599144106593e-07  4.494647559850728e-08 
 9.999999999997334e+04  8.976006303733891e-07  4.491852891981436e-08 
 1.002305238077632e+05  8.970422984258104e-07  4.489063002630675e-08 
 1.004615790278127e+05  8.964849173028168e-07  4.486277885497980e-08 
 1.006931668851536e+05  8.959284857194495e-07  4.483497534278429e-08 
 1.009252886076415e+05  8.953730024106930e-07  4.480721942679113e-08 
 1.011579454259629e+05  8.948184661111275e-07  4.477951104412146e-08 
 1.013911385736409e+05  8.942648755407327e-07  4.475185013186032e-08 
 1.016248692870424e+05  8.937122294413208e-07  4.472423662723969e-08 
 1.018591388053845e+05  8.931605265358294e-07  4.469667046746123e-08 
 1.020939483707407e+05  8.926097655604137e-07  4.466915158981994e-08 
 1.023292992280481e+05  8.920599452566574e-07  4.464167993167693e-08 
 1.025651926251134e+05  8.915110643465420e-07  4.461425543035647e-08 
 1.028016298126199e+05  8.909631215797420e-07  4.458687802332032e-08 
 1.030386120441341e+05  8.904161156782031e-07  4.455954764800281e-08 
 1.032761405761121e+05  8.898700453867817e-07  4.453226424193203e-08 
 1.035142166679067e+05  8.893249094494479e-07  4.450502774270220e-08 
 1.037528415817735e+05  8.887807065942035e-07  4.447783808788597e-08 
 1.039920165828781e+05  8.882374355688683e-07  4.445069521514504e-08 
 1.042317429393025e+05  8.876950951183926e-07  4.442359906222456e-08 
 1.044720219220521e+05  8.871536839709904e-07  4.439654956681686e-08 
 1.047128548050619e+05  8.866132008810985e-07  4.436954666676256e-08 
 1.049542428652041e+05  8.860736445868017e-07  4.434259029988195e-08 
 1.051961873822941e+05  8.855350138319898e-07  4.431568040407469e-08 
 1.054386896390977e+05  8.849973073709814e-07  4.428881691730421e-08 
 1.056817509213376e+05  8.844605239376568e-07  4.426199977750553e-08 
 1.059253725177005e+05  8.839246622888626e-07  4.423522892275972e-08 
 1.061695557198440e+05  8.833897211656967e-07  4.420850429111276e-08 
 1.064143018224031e+05  8.828556993237861e-07  4.418182582070950e-08 
 1.066596121229972e+05  8.823225955041603e-07  4.415519344969567e-08 
 1.069054879222372e+05  8.817904084638271e-07  4.412860711630881e-08 
 1.071519305237319e+05  8.812591369539919e-07  4.410206675882975e-08 
 1.073989412340957e+05  8.807287797240432e-07  4.407557231554302e-08 
 1.076465213629546e+05  8.801993355272108e-07  4.404912372483014e-08 
 1.078946722229540e+05  8.796708031206865e-07  4.402272092507186e-08 
 1.081433951297648e+05  8.791431812634823e-07  4.399636385475248e-08 
 1.083926914020913e+05  8.786164687019237e-07  4.397005245233664e-08 
 1.086425623616774e+05  8.780906641957852e-07  4.394378665638865e-08 
 1.088930093333141e+05  8.775657665101741e-07  4.391756640552091e-08 
 1.091440336448464e+05  8.770417743894756e-07  4.389139163832028e-08 
 1.093956366271800e+05  8.765186866052074e-07  4.386526229353444e-08 
 1.096478196142891e+05  8.759965019088028e-07  4.383917830984248e-08 
 1.099005839432226e+05  8.754752190711859e-07  4.381313962605948e-08 
 1.101539309541119e+05  8.749548368424186e-07  4.378714618097556e-08 
 1.104078619901777e+05  8.744353539911382e-07  4.376119791348041e-08 
 1.106623783977369e+05  8.739167692854466e-07  4.373529476253299e-08 
 1.109174815262103e+05  8.733990814812667e-07  4.370943666702603e-08 
 1.111731727281293e+05  8.728822893551524e-07  4.368362356602982e-08 
 1.114294533591431e+05  8.723663916587177e-07  4.365785539856758e-08 
 1.116863247780261e+05  8.718513871708048e-07  4.363213210376875e-08 
 1.119437883466851e+05  8.713372746497248e-07  4.360645362076249e-08 
 1.122018454301662e+05  8.708240528749698e-07  4.358081988876300e-08 
 1.124604973966624e+05  8.703117206051730e-07  4.355523084699687e-08 
 1.127197456175207e+05  8.698002766208174e-07  4.352968643477786e-08 
 1.129795914672494e+05  8.692897196838563e-07  4.350418659142324e-08 
 1.132400363235252e+05  8.687800485763044e-07  4.347873125634001e-08 
 1.135010815672010e+05  8.682712620615417e-07  4.345332036892839e-08 
 1.137627285823125e+05  8.677633589180573e-07  4.342795386867575e-08 
 1.140249787560862e+05  8.672563379257642e-07  4.340263169515054e-08 
 1.142878334789464e+05  8.667501978491036e-07  4.337735378784816e-08 
 1.145512941445227e+05  8.662449374788735e-07  4.335212008645625e-08 
 1.148153621496574e+05  8.657405555757626e-07  4.332693053057236e-08 
 1.150800388944126e+05  8.652370509303033e-07  4.330178505995469e-08 
 1.153453257820782e+05  8.647344223138025e-07  4.327668361432442e-08 
 1.156112242191787e+05  8.642326685147606e-07  4.325162613353731e-08 
 1.158777356154814e+05  8.637317883043256e-07  4.322661255736894e-08 
 1.161448613840030e+05  8.632317804735007e-07  4.320164282576626e-08 
 1.164126029410177e+05  8.627326437939840e-07  4.317671687864968e-08 
 1.166809617060648e+05  8.622343770614678e-07  4.315183465603393e-08 
 1.169499391019555e+05  8.617369790488963e-07  4.312699609790617e-08 
 1.172195365547814e+05  8.612404485515460e-07  4.310220114440878e-08 
 1.174897554939212e+05  8.607447843420775e-07  4.307744973561549e-08 
 1.177605973520489e+05  8.602499852213961e-07  4.305274181172905e-08 
 1.180320635651411e+05  8.597560499651278e-07  4.302807731295745e-08 
 1.183041555724845e+05  8.592629773694443e-07  4.300345617958285e-08 
 1.185768748166840e+05  8.587707662178606e-07  4.297887835189039e-08 
 1.188502227436697e+05  8.582794153101773e-07  4.295434377027705e-08 
 1.191242008027053e+05  8.577889234207287e-07  4.292985237512120e-08 
 1.193988104463951e+05  8.572992893589241e-07  4.290540410689738e-08 
 1.196740531306920e+05  8.568105119124152e-07  4.288099890609514e-08 
 1.199499303149055e+05  8.563225898660082e-07  4.285663671323132e-08 
 1.202264434617088e+05  8.558355220247220e-07  4.283231746894302e-08 
 1.205035940371472e+05  8.553493071738103e-07  4.280804111384180e-08 
 1.207813835106453e+05  8.548639441208618e-07  4.278380758863122e-08 
 1.210598133550155e+05  8.543794316504532e-07  4.275961683401556e-08 
 1.213388850464649e+05  8.538957685712820e-07  4.273546879080921e-08 
 1.216186000646039e+05  8.534129536736764e-07  4.271136339980371e-08 
 1.218989598924537e+05  8.529309857652915e-07  4.268730060189305e-08 
 1.221799660164541e+05  8.524498636344005e-07  4.266328033796267e-08 
 1.224616199264717e+05  8.519695860949094e-07  4.263930254902077e-08 
 1.227439231158075e+05  8.514901519387906e-07  4.261536717604476e-08 
 1.230268770812048e+05  8.510115599754484e-07  4.259147416010121e-08 
 1.233104833228575e+05  8.505338090067412e-07  4.256762344230244e-08 
 1.235947433444176e+05  8.500568978311074e-07  4.254381496376732e-08 
 1.238796586530033e+05  8.495808252655299e-07  4.252004866573106e-08 
 1.241652307592075e+05  8.491055901031387e-07  4.249632448939053e-08 
 1.244514611771048e+05  8.486311911647657e-07  4.247264237608214e-08 
 1.247383514242605e+05  8.481576272440744e-07  4.244900226709704e-08 
 1.250259030217381e+05  8.476848971603298e-07  4.242540410386773e-08 
 1.253141174941076e+05  8.472129997197923e-07  4.240184782777942e-08 
 1.256029963694534e+05  8.467419337279577e-07  4.237833338031130e-08 
 1.258925411793826e+05  8.462716980052008e-07  4.235486070300515e-08 
 1.261827534590328e+05  8.458022913534652e-07  4.233142973740910e-08 
 1.264736347470808e+05  8.453337125939825e-07  4.230804042515429e-08 
 1.267651865857501e+05  8.448659605333535e-07  4.228469270787685e-08 
 1.270574105208197e+05  8.443990339958235e-07  4.226138652731038e-08 
 1.273503081016316e+05  8.439329317900177e-07  4.223812182521156e-08 
 1.276438808810997e+05  8.434676527286331e-07  4.221489854333548e-08 
 1.279381304157177e+05  8.430031956369991e-07  4.219171662357321e-08 
 1.282330582655673e+05  8.425395593240402e-07  4.216857600778606e-08 
 1.285286659943266e+05  8.420767426187536e-07  4.214547663795604e-08 
 1.288249551692784e+05  8.416147443334254e-07  4.212241845602443e-08 
 1.291219273613183e+05  8.411535632873223e-07  4.209940140402794e-08 
 1.294195841449634e+05  8.406931983036369e-07  4.207642542407607e-08 
 1.297179270983603e+05  8.402336482115520e-07  4.205349045827997e-08 
 1.300169578032936e+05  8.397749118208629e-07  4.203059644878102e-08 
 1.303166778451945e+05  8.393169879682842e-07  4.200774333785038e-08 
 1.306170888131486e+05  8.388598754677405e-07  4.198493106771266e-08 
 1.309181922999050e+05  8.384035731537771e-07  4.196215958070123e-08 
 1.312199899018845e+05  8.379480798478558e-07  4.193942881916973e-08 
 1.315224832191880e+05  8.374933943721922e-07  4.191673872550540e-08 
 1.318256738556047e+05  8.370395155642965e-07  4.189408924218842e-08 
 1.321295634186215e+05  8.365864422506642e-07  4.187148031169472e-08 
 1.324341535194303e+05  8.361341732509153e-07  4.184891187656207e-08 
 1.327394457729377e+05  8.356827074091687e-07  4.182638387941722e-08 
 1.330454417977728e+05  8.352320435495232e-07  4.180389626286999e-08 
 1.333521432162960e+05  8.347821804998803e-07  4.178144896959074e-08 
 1.336595516546077e+05  8.343331171029139e-07  4.175904194234459e-08 
 1.339676687425569e+05  8.338848521890525e-07  4.173667512389397e-08 
 1.342764961137497e+05  8.334373845847180e-07  4.171434845703961e-08 
 1.345860354055580e+05  8.329907131364124e-07  4.169206188468908e-08 
 1.348962882591285e+05  8.325448366762502e-07  4.166981534974346e-08 
 1.352072563193907e+05  8.320997540366420e-07  4.164760879515487e-08 
 1.355189412350665e+05  8.316554640631611e-07  4.162544216396434e-08 
 1.358313446586782e+05  8.312119655902966e-07  4.160331539920255e-08 
 1.361444682465577e+05  8.307692574519209e-07  4.158122844396108e-08 
 1.364583136588551e+05  8.303273385036697e-07  4.155918124143135e-08 
 1.367728825595474e+05  8.298862075743953e-07  4.153717373478958e-08 
 1.370881766164478e+05  8.294458635056662e-07  4.151520586725746e-08 
 1.374041975012139e+05  8.290063051482807e-07  4.149327758216134e-08 
 1.377209468893569e+05  8.285675313430450e-07  4.147138882283571e-08 
 1.380384264602507e+05  8.281295409275296e-07  4.144953953262383e-08 
 1.383566378971402e+05  8.276923327551987e-07  4.142772965499519e-08 
 1.386755828871508e+05  8.272559056698332e-07  4.140595913342588e-08 
 1.389952631212972e+05  8.268202585079526e-07  4.138422791141180e-08 
 1.393156802944921e+05  8.263853901380589e-07  4.136253593255003e-08 
 1.396368361055555e+05  8.259512993981241e-07  4.134088314045721e-08 
 1.399587322572235e+05  8.255179851367629e-07  4.131926947879270e-08 
 1.402813704561574e+05  8.250854461986785e-07  4.129769489123737e-08 
 1.406047524129528e+05  8.246536814455965e-07  4.127615932159670e-08 
 1.409288798421488e+05  8.242226897267427e-07  4.125466271366815e-08 
 1.412537544622367e+05  8.237924698921614e-07  4.123320501127800e-08 
 1.415793779956693e+05  8.233630207903070e-07  4.121178615832335e-08 
 1.419057521688703e+05  8.229343412871545e-07  4.119040609879357e-08 
 1.422328787122429e+05  8.225064302335352e-07  4.116906477664278e-08 
 1.425607593601797e+05  8.220792864816604e-07  4.114776213591409e-08 
 1.428893958510711e+05  8.216529088866746e-07  4.112649812067310e-08 
 1.432187899273150e+05  8.212272963148210e-07  4.110527267509881e-08 
 1.435489433353262e+05  8.208024476196975e-07  4.108408574334603e-08 
 1.438798578255450e+05  8.203783616627469e-07  4.106293726964691e-08 
 1.442115351524473e+05  8.199550372955792e-07  4.104182719824488e-08 
 1.445439770745531e+05  8.195324733907377e-07  4.102075547350977e-08 
 1.448771853544364e+05  8.191106688041594e-07  4.099972203977790e-08 
 1.452111617587343e+05  8.186896223999437e-07  4.097872684148184e-08 
 1.455459080581566e+05  8.182693330357126e-07  4.095776982304512e-08 
 1.458814260274948e+05  8.178497995855734e-07  4.093685092902902e-08 
 1.462177174456317e+05  8.174310209082519e-07  4.091597010395454e-08 
 1.465547840955509e+05  8.170129958733692e-07  4.089512729243708e-08 
 1.468926277643463e+05  8.165957233436741e-07  4.087432243912017e-08 
 1.472312502432314e+05  8.161792021841307e-07  4.085355548866911e-08 
 1.475706533275489e+05  8.157634312731666e-07  4.083282638589040e-08 
 1.479108388167801e+05  8.153484094694982e-07  4.081213507553283e-08 
 1.482518085145546e+05  8.149341356449246e-07  4.079148150243900e-08 
 1.485935642286598e+05  8.145206086776545e-07  4.077086561150557e-08 
 1.489361077710505e+05  8.141078274292281e-07  4.075028734762494e-08 
 1.492794409578585e+05  8.136957907812967e-07  4.072974665582153e-08 
 1.496235656094021e+05  8.132844976031808e-07  4.070924348110797e-08 
 1.499684835501960e+05  8.128739467668780e-07  4.068877776855260e-08 
 1.503141966089608e+05  8.124641371496249e-07  4.066834946328133e-08 
 1.506607066186327e+05  8.120550676217025e-07  4.064795851044016e-08 
 1.510080154163732e+05  8.116467370693442e-07  4.062760485526820e-08 
 1.513561248435791e+05  8.112391443653388e-07  4.060728844302411e-08 
 1.517050367458918e+05  8.108322883860208e-07  4.058700921900446e-08 
 1.520547529732076e+05  8.104261680105957e-07  4.056676712857529e-08 
 1.524052753796871e+05  8.100207821185627e-07  4.054656211713163e-08 
 1.527566058237651e+05  8.096161295909304e-07  4.052639413012352e-08 
 1.531087461681608e+05  8.092122093064705e-07  4.050626311303377e-08 
 1.534616982798871e+05  8.088090201544246e-07  4.048616901145139e-08 
 1.538154640302610e+05  8.084065610124586e-07  4.046611177093821e-08 
 1.541700452949134e+05  8.080048307645292e-07  4.044609133713323e-08 
 1.545254439537987e+05  8.076038282962843e-07  4.042610765573274e-08 
 1.548816618912054e+05  8.072035524944208e-07  4.040616067246105e-08 
 1.552387009957653e+05  8.068040022438857e-07  4.038625033310518e-08 
 1.555965631604645e+05  8.064051764302514e-07  4.036637658349108e-08 
 1.559552502826523e+05  8.060070739378949e-07  4.034653936948106e-08 
 1.563147642640522e+05  8.056096936643224e-07  4.032673863702832e-08 
 1.566751070107716e+05  8.052130344892639e-07  4.030697433208613e-08 
 1.570362804333118e+05  8.048170953139067e-07  4.028724640067162e-08 
 1.573982864465784e+05  8.044218750246533e-07  4.026755478885885e-08 
 1.577611269698912e+05  8.040273725106310e-07  4.024789944276305e-08 
 1.581248039269946e+05  8.036335866656707e-07  4.022828030852454e-08 
 1.584893192460675e+05  8.032405163837640e-07  4.020869733236737e-08 
 1.588546748597339e+05  8.028481605610207e-07  4.018915046054847e-08 
 1.592208727050729e+05  8.024565180913129e-07  4.016963963936805e-08 
 1.595879147236291e+05  8.020655878691906e-07  4.015016481517220e-08 
 1.599558028614226e+05  8.016753687907071e-07  4.013072593435916e-08 
 1.603245390689597e+05  8.012858597545146e-07  4.011132294336234e-08 
 1.606941253012432e+05  8.008970596571339e-07  4.009195578868744e-08 
 1.610645635177824e+05  8.005089674026365e-07  4.007262441687704e-08 
 1.614358556826039e+05  8.001215818897141e-07  4.005332877454622e-08 
 1.618080037642617e+05  7.997349020162242e-07  4.003406880828188e-08 
 1.621810097358480e+05  7.993489266840040e-07  4.001484446479267e-08 
 1.625548755750033e+05  7.989636547953252e-07  3.999565569080331e-08 
 1.629296032639270e+05  7.985790852568997e-07  3.997650243308995e-08 
 1.633051947893881e+05  7.981952169693269e-07  3.995738463849845e-08 
 1.636816521427354e+05  7.978120488375887e-07  3.993830225388232e-08 
 1.640589773199084e+05  7.974295797669614e-07  3.991925522617133e-08 
 1.644371723214475e+05  7.970478086601057e-07  3.990024350232208e-08 
 1.648162391525051e+05  7.966667344341941e-07  3.988126702936868e-08 
 1.651961798228556e+05  7.962863559921818e-07  3.986232575437763e-08 
 1.655769963469068e+05  7.959066722398586e-07  3.984341962444471e-08 
 1.659586907437099e+05  7.955276820902240e-07  3.982454858674651e-08 
 1.663412650369707e+05  7.951493844521127e-07  3.980571258848125e-08 
 1.667247212550599e+05  7.947717782362894e-07  3.978691157690564e-08 
 1.671090614310243e+05  7.943948623560820e-07  3.976814549932927e-08 
 1.674942876025971e+05  7.940186357241210e-07  3.974941430311541e-08 
 1.678804018122093e+05  7.936430972528316e-07  3.973071793563336e-08 
 1.682674061069999e+05  7.932682458562354e-07  3.971205634435557e-08 
 1.686553025388272e+05  7.928940804520909e-07  3.969342947675365e-08 
 1.690440931642794e+05  7.925205999543621e-07  3.967483728040658e-08 
 1.694337800446857e+05  7.921478032831188e-07  3.965627970289730e-08 
 1.698243652461272e+05  7.917756893497519e-07  3.963775669183176e-08 
 1.702158508394477e+05  7.914042570723842e-07  3.961926819490690e-08 
 1.706082389002648e+05  7.910335053762608e-07  3.960081415988674e-08 
 1.710015315089811e+05  7.906634331770696e-07  3.958239453452818e-08 
 1.713957307507948e+05  7.902940393983009e-07  3.956400926668574e-08 
 1.717908387157109e+05  7.899253229578990e-07  3.954565830420803e-08 
 1.721868574985527e+05  7.895572827765964e-07  3.952734159504187e-08 
 1.725837891989723e+05  7.891899177860908e-07  3.950905908715701e-08 
 1.729816359214619e+05  7.888232269034277e-07  3.949081072859467e-08 
 1.733803997753654e+05  7.884572090569759e-07  3.947259646739948e-08 
 1.737800828748890e+05  7.880918631699299e-07  3.945441625170455e-08 
 1.741806873391128e+05  7.877271881733591e-07  3.943627002968429e-08 
 1.745822152920017e+05  7.873631829826419e-07  3.941815774953316e-08 
 1.749846688624168e+05  7.869998465369846e-07  3.940007935953383e-08 
 1.753880501841271e+05  7.866371777576148e-07  3.938203480799058e-08 
 1.757923613958202e+05  7.862751755794667e-07  3.936402404326988e-08 
 1.761976046411137e+05  7.859138389288156e-07  3.934604701377348e-08 
 1.766037820685671e+05  7.855531667388289e-07  3.932810366796807e-08 
 1.770108958316926e+05  7.851931579462325e-07  3.931019395436696e-08 
 1.774189480889670e+05  7.848338114711732e-07  3.929231782148048e-08 
 1.778279410038426e+05  7.844751262555141e-07  3.927447521795439e-08 
 1.782378767447591e+05  7.841171012297874e-07  3.925666609239626e-08 
 1.786487574851551e+05  7.837597353338019e-07  3.923889039355913e-08 
 1.790605854034794e+05  7.834030274990463e-07  3.922114807014972e-08 
 1.794733626832025e+05  7.830469766621117e-07  3.920343907100301e-08 
 1.798870915128285e+05  7.826915817626092e-07  3.918576334490647e-08 
 1.803017740859065e+05  7.823368417384636e-07  3.916812084078940e-08 
 1.807174126010421e+05  7.819827555272002e-07  3.915051150758022e-08 
 1.811340092619096e+05  7.816293220678481e-07  3.913293529426076e-08 
 1.815515662772627e+05  7.812765403054211e-07  3.911539214989206e-08 
 1.819700858609474e+05  7.809244091756654e-07  3.909788202353591e-08 
 1.823895702319127e+05  7.805729276214102e-07  3.908040486433418e-08 
 1.828100216142230e+05  7.802220945860055e-07  3.906296062147230e-08 
 1.832314422370698e+05  7.798719090111206e-07  3.904554924417425e-08 
 1.836538343347832e+05  7.795223698526527e-07  3.902817068174699e-08 
 1.840772001468440e+05  7.791734760391828e-07  3.901082488348198e-08 
 1.845015419178956e+05  7.788252265241680e-07  3.899351179875882e-08 
 1.849268618977560e+05  7.784776202531891e-07  3.897623137702089e-08 
 1.853531623414292e+05  7.781306561778507e-07  3.895898356773960e-08 
 1.857804455091177e+05  7.777843332400361e-07  3.894176832042849e-08 
 1.862087136662345e+05  7.774386503919211e-07  3.892458558466118e-08 
 1.866379690834146e+05  7.770936065808793e-07  3.890743531008409e-08 
 1.870682140365276e+05  7.767492007620190e-07  3.889031744630880e-08 
 1.874994508066892e+05  7.764054318836301e-07  3.887323194309334e-08 
 1.879316816802741e+05  7.760622988982180e-07  3.885617875018976e-08 
 1.883649089489272e+05  7.757198007628303e-07  3.883915781743343e-08 
 1.887991349095763e+05  7.753779364219996e-07  3.882216909465489e-08 
 1.892343618644444e+05  7.750367048363319e-07  3.880521253176784e-08 
 1.896705921210613e+05  7.746961049640012e-07  3.878828807879138e-08 
 1.901078279922766e+05  7.743561357518106e-07  3.877139568566573e-08 
 1.905460717962712e+05  7.740167961629068e-07  3.875453530246066e-08 
 1.909853258565701e+05  7.736780851571599e-07  3.873770687932375e-08 
 1.914255925020548e+05  7.733400016847476e-07  3.872091036636501e-08 
 1.918668740669750e+05  7.730025447091537e-07  3.870414571379771e-08 
 1.923091728909618e+05  7.726657131922041e-07  3.868741287190377e-08 
 1.927524913190394e+05  7.723295060914081e-07  3.867071179095864e-08 
 1.931968317016380e+05  7.719939223674504e-07  3.865404242132855e-08 
 1.936421963946062e+05  7.716589609835244e-07  3.863740471341650e-08 
 1.940885877592232e+05  7.713246209045889e-07  3.862079861765480e-08 
 1.945360081622115e+05  7.709909010969745e-07  3.860422408456471e-08 
 1.949844599757496e+05  7.706578005158204e-07  3.858768106465033e-08 
 1.954339455774844e+05  7.703253181318029e-07  3.857116950853545e-08 
 1.958844673505438e+05  7.699934529159235e-07  3.855468936688860e-08 
 1.963360276835494e+05  7.696622038225065e-07  3.853824059036915e-08 
 1.967886289706290e+05  7.693315698319148e-07  3.852182312974997e-08 
 1.972422736114298e+05  7.690015499009651e-07  3.850543693578387e-08 
 1.976969640111304e+05  7.686721430115935e-07  3.848908195935744e-08 
 1.981527025804540e+05  7.683433481177428e-07  3.847275815131637e-08 
 1.986094917356812e+05  7.680151641998331e-07  3.845646546261947e-08 
 1.990673338986625e+05  7.676875902317160e-07  3.844020384427995e-08 
 1.995262314968317e+05  7.673606251771615e-07  3.842397324729709e-08 
 1.999861869632180e+05  7.670342680114833e-07  3.840777362278709e-08 
 2.004472027364596e+05  7.667085177113980e-07  3.839160492185319e-08 
 2.009092812608161e+05  7.663833732541962e-07  3.837546709572909e-08 
 2.013724249861820e+05  7.660588336035261e-07  3.835936009559090e-08 
 2.018366363680991e+05  7.657348977483544e-07  3.834328387278170e-08 
 2.023019178677700e+05  7.654115646550083e-07  3.832723837857851e-08 
 2.027682719520709e+05  7.650888333057838e-07  3.831122356441617e-08 
 2.032357010935647e+05  7.647667026777677e-07  3.829523938167503e-08 
 2.037042077705142e+05  7.644451717515818e-07  3.827928578188710e-08 
 2.041737944668952e+05  7.641242395005004e-07  3.826336271653358e-08 
 2.046444636724095e+05  7.638039049147549e-07  3.824747013724385e-08 
 2.051162178824985e+05  7.634841669641891e-07  3.823160799559401e-08 
 2.055890595983560e+05  7.631650246405356e-07  3.821577624330203e-08 
 2.060629913269417e+05  7.628464769231175e-07  3.819997483209012e-08 
 2.065380155809945e+05  7.625285227823968e-07  3.818420371371884e-08 
 2.070141348790456e+05  7.622111612281057e-07  3.816846284002051e-08 
 2.074913517454322e+05  7.618943912241738e-07  3.815275216285600e-08 
 2.079696687103107e+05  7.615782117693057e-07  3.813707163419789e-08 
 2.084490883096699e+05  7.612626218358839e-07  3.812142120596768e-08 
 2.089296130853448e+05  7.609476204269976e-07  3.810580083022288e-08 
 2.094112455850299e+05  7.606332065181394e-07  3.809021045902977e-08 
 2.098939883622929e+05  7.603193791001382e-07  3.807465004449858e-08 
 2.103778439765879e+05  7.600061371696453e-07  3.805911953881639e-08 
 2.108628149932692e+05  7.596934797099767e-07  3.804361889420938e-08 
 2.113489039836047e+05  7.593814057074222e-07  3.802814806292202e-08 
 2.118361135247901e+05  7.590699141658810e-07  3.801270699730438e-08 
 2.123244461999617e+05  7.587590040605116e-07  3.799729564969853e-08 
 2.128139045982108e+05  7.584486744015112e-07  3.798191397255887e-08 
 2.133044913145971e+05  7.581389241773285e-07  3.796656191834249e-08 
 2.137962089501625e+05  7.578297523768463e-07  3.795123943955324e-08 
 2.142890601119450e+05  7.575211580027960e-07  3.793594648878491e-08 
 2.147830474129923e+05  7.572131400483973e-07  3.792068301864485e-08 
 2.152781734723761e+05  7.569056975070274e-07  3.790544898179353e-08 
 2.157744409152053e+05  7.565988293746740e-07  3.789024433093802e-08 
 2.162718523726405e+05  7.562925346590087e-07  3.787506901888903e-08 
 2.167704104819078e+05  7.559868123518779e-07  3.785992299844589e-08 
 2.172701178863126e+05  7.556816614499759e-07  3.784480622245044e-08 
 2.177709772352539e+05  7.553770809611208e-07  3.782971864385250e-08 
 2.182729911842380e+05  7.550730698767064e-07  3.781466021560898e-08 
 2.187761623948930e+05  7.547696272088282e-07  3.779963089071382e-08 
 2.192804935349824e+05  7.544667519539356e-07  3.778463062226035e-08 
 2.197859872784199e+05  7.541644431190089e-07  3.776965936336977e-08 
 2.202926463052829e+05  7.538626997083742e-07  3.775471706719463e-08 
 2.208004733018271e+05  7.535615207221199e-07  3.773980368694831e-08 
 2.213094709605007e+05  7.532609051674022e-07  3.772491917590127e-08 
 2.218196419799587e+05  7.529608520453491e-07  3.771006348734791e-08 
 2.223309890650769e+05  7.526613603719823e-07  3.769523657469257e-08 
 2.228435149269668e+05  7.523624291527075e-07  3.768043839134801e-08 
 2.233572222829895e+05  7.520640573928211e-07  3.766566889075009e-08 
 2.238721138567701e+05  7.517662441034267e-07  3.765092802642274e-08 
 2.243881923782126e+05  7.514689882850513e-07  3.763621575192635e-08 
 2.249054605835139e+05  7.511722889576390e-07  3.762153202088946e-08 
 2.254239212151786e+05  7.508761451340437e-07  3.760687678698808e-08 
 2.259435770220333e+05  7.505805558243654e-07  3.759225000391917e-08 
 2.264644307592413e+05  7.502855200381677e-07  3.757765162544840e-08 
 2.269864851883174e+05  7.499910367917796e-07  3.756308160539650e-08 
 2.275097430771421e+05  7.496971050940668e-07  3.754853989762044e-08 
 2.280342071999767e+05  7.494037239636624e-07  3.753402645604476e-08 
 2.285598803374777e+05  7.491108924166713e-07  3.751954123462714e-08 
 2.290867652767118e+05  7.488186094667527e-07  3.750508418738929e-08 
 2.296148648111706e+05  7.485268741305771e-07  3.749065526838652e-08 
 2.301441817407850e+05  7.482356854231102e-07  3.747625443174966e-08 
 2.306747188719409e+05  7.479450423631463e-07  3.746188163160157e-08 
 2.312064790174933e+05  7.476549439797412e-07  3.744753682223267e-08 
 2.317394649967816e+05  7.473653892837542e-07  3.743321995785300e-08 
 2.322736796356443e+05  7.470763772975819e-07  3.741893099278980e-08 
 2.328091257664342e+05  7.467879070392495e-07  3.740466988141738e-08 
 2.333458062280335e+05  7.464999775328008e-07  3.739043657813747e-08 
 2.338837238658686e+05  7.462125878005632e-07  3.737623103743316e-08 
 2.344228815319251e+05  7.459257368667441e-07  3.736205321381141e-08 
 2.349632820847635e+05  7.456394237510760e-07  3.734790306184161e-08 
 2.355049283895335e+05  7.453536474777151e-07  3.733378053613067e-08 
 2.360478233179901e+05  7.450684070807696e-07  3.731968559138021e-08 
 2.365919697485080e+05  7.447837015784056e-07  3.730561818225179e-08 
 2.371373705660976e+05  7.444995299972663e-07  3.729157826355757e-08 
 2.376840286624196e+05  7.442158913667789e-07  3.727756579010208e-08 
 2.382319469358007e+05  7.439327847131616e-07  3.726358071674626e-08 
 2.387811282912493e+05  7.436502090655382e-07  3.724962299841780e-08 
 2.393315756404701e+05  7.433681634526257e-07  3.723569259007384e-08 
 2.398832919018803e+05  7.430866469060635e-07  3.722178944675119e-08 
 2.404362800006244e+05  7.428056584560369e-07  3.720791352350081e-08 
 2.409905428685904e+05  7.425251971277520e-07  3.719406477546739e-08 
 2.415460834444247e+05  7.422452619673298e-07  3.718024315779865e-08 
 2.421029046735483e+05  7.419658519946256e-07  3.716644862572692e-08 
 2.426610095081719e+05  7.416869662452622e-07  3.715268113449817e-08 
 2.432204009073117e+05  7.414086037580817e-07  3.713894063946312e-08 
 2.437810818368052e+05  7.411307635626169e-07  3.712522709598749e-08 
 2.443430552693270e+05  7.408534446972547e-07  3.711154045949065e-08 
 2.449063241844042e+05  7.405766462009189e-07  3.709788068543925e-08 
 2.454708915684325e+05  7.403003671016157e-07  3.708424772935647e-08 
 2.460367604146920e+05  7.400246064379045e-07  3.707064154682409e-08 
 2.466039337233630e+05  7.397493632554386e-07  3.705706209346120e-08 
 2.471724145015420e+05  7.394746365920675e-07  3.704350932494249e-08 
 2.477422057632573e+05  7.392004254812293e-07  3.702998319699204e-08 
 2.483133105294856e+05  7.389267289657303e-07  3.701648366537746e-08 
 2.488857318281675e+05  7.386535460862081e-07  3.700301068594251e-08 
 2.494594726942237e+05  7.383808758871899e-07  3.698956421455825e-08 
 2.500345361695712e+05  7.381087174030361e-07  3.697614420712382e-08 
 2.506109253031392e+05  7.378370696799135e-07  3.696275061965070e-08 
 2.511886431508857e+05  7.375659317684224e-07  3.694938340816500e-08 
 2.517676927758130e+05  7.372953027012082e-07  3.693604252872249e-08 
 2.523480772479848e+05  7.370251815264015e-07  3.692272793745628e-08 
 2.529297996445416e+05  7.367555672954628e-07  3.690943959056297e-08 
 2.535128630497177e+05  7.364864590457907e-07  3.689617744425708e-08 
 2.540972705548573e+05  7.362178558274768e-07  3.688294145483031e-08 
 2.546830252584307e+05  7.359497566922855e-07  3.686973157860675e-08 
 2.552701302660511e+05  7.356821606782332e-07  3.685654777195708e-08 
 2.558585886904908e+05  7.354150668384936e-07  3.684338999132879e-08 
 2.564484036516978e+05  7.351484742209601e-07  3.683025819322328e-08 
 2.570395782768123e+05  7.348823818790939e-07  3.681715233412866e-08 
 2.576321157001832e+05  7.346167888674048e-07  3.680407237066941e-08 
 2.582260190633851e+05  7.343516942251815e-07  3.679101825945198e-08 
 2.588212915152345e+05  7.340870970173661e-07  3.677798995719202e-08 
 2.594179362118065e+05  7.338229962831845e-07  3.676498742058946e-08 
 2.600159563164521e+05  7.335593910847406e-07  3.675201060646038e-08 
 2.606153549998143e+05  7.332962804675939e-07  3.673905947161483e-08 
 2.612161354398452e+05  7.330336634924932e-07  3.672613397298453e-08 
 2.618183008218229e+05  7.327715392122015e-07  3.671323406745446e-08 
 2.624218543383683e+05  7.325099066859006e-07  3.670035971205124e-08 
 2.630267991894622e+05  7.322487649613941e-07  3.668751086379835e-08 
 2.636331385824617e+05  7.319881131049705e-07  3.667468747981151e-08 
 2.642408757321182e+05  7.317279501660900e-07  3.666188951720307e-08 
 2.648500138605934e+05  7.314682752084055e-07  3.664911693317623e-08 
 2.654605561974771e+05  7.312090872852368e-07  3.663636968497867e-08 
 2.660725059798039e+05  7.309503854603253e-07  3.662364772990546e-08 
 2.666858664520707e+05  7.306921687898828e-07  3.661095102529663e-08 
 2.673006408662537e+05  7.304344363350994e-07  3.659827952852685e-08 
 2.679168324818255e+05  7.301771871630174e-07  3.658563319708953e-08 
 2.685344445657729e+05  7.299204203287677e-07  3.657301198845049e-08 
 2.691534803926136e+05  7.296641348921445e-07  3.656041586014307e-08 
 2.697739432444138e+05  7.294083299254749e-07  3.654784476981353e-08 
 2.703958364108060e+05  7.291530044862250e-07  3.653529867507253e-08 
 2.710191631890057e+05  7.288981576292219e-07  3.652277753361673e-08 
 2.716439268838295e+05  7.286437884397834e-07  3.651028130324199e-08 
 2.722701308077123e+05  7.283898959698004e-07  3.649780994171594e-08 
 2.728977782807249e+05  7.281364792870241e-07  3.648536340687357e-08 
 2.735268726305918e+05  7.278835374581201e-07  3.647294165664696e-08 
 2.741574171927086e+05  7.276310695541700e-07  3.646054464899854e-08 
 2.747894153101599e+05  7.273790746385543e-07  3.644817234191751e-08 
 2.754228703337366e+05  7.271275517789980e-07  3.643582469345664e-08 
 2.760577856219544e+05  7.268765000382942e-07  3.642350166171592e-08 
 2.766941645410708e+05  7.266259184997698e-07  3.641120320489484e-08 
 2.773320104651034e+05  7.263758062301335e-07  3.639892928116250e-08 
 2.779713267758481e+05  7.261261622935651e-07  3.638667984878060e-08 
 2.786121168628960e+05  7.258769857648336e-07  3.637445486608434e-08 
 2.792543841236526e+05  7.256282757174249e-07  3.636225429141548e-08 
 2.798981319633548e+05  7.253800312139034e-07  3.635007808317124e-08 
 2.805433637950897e+05  7.251322513360193e-07  3.633792619983974e-08 
 2.811900830398122e+05  7.248849351596224e-07  3.632579859994949e-08 
 2.818382931263634e+05  7.246380817556248e-07  3.631369524204384e-08 
 2.824879974914885e+05  7.243916901978607e-07  3.630161608472995e-08 
 2.831391995798555e+05  7.241457595612906e-07  3.628956108668874e-08 
 2.837919028440730e+05  7.239002889247057e-07  3.627753020664619e-08 
 2.844461107447087e+05  7.236552773593219e-07  3.626552340335011e-08 
 2.851018267503078e+05  7.234107239381005e-07  3.625354063562801e-08 
 2.857590543374114e+05  7.231666277525711e-07  3.624158186236340e-08 
 2.864177969905746e+05  7.229229878739100e-07  3.622964704245702e-08 
 2.870780582023854e+05  7.226798033762644e-07  3.621773613489888e-08 
 2.877398414734830e+05  7.224370733438383e-07  3.620584909870791e-08 
 2.884031503125765e+05  7.221947968538012e-07  3.619398589293954e-08 
 2.890679882364633e+05  7.219529729889452e-07  3.618214647675023e-08 
 2.897343587700478e+05  7.217116008210161e-07  3.617033080930180e-08 
 2.904022654463604e+05  7.214706794445420e-07  3.615853884982624e-08 
 2.910717118065757e+05  7.212302079365079e-07  3.614677055759022e-08 
 2.917427014000316e+05  7.209901853803961e-07  3.613502589194122e-08 
 2.924152377842482e+05  7.207506108539193e-07  3.612330481224025e-08 
 2.930893245249465e+05  7.205114834433822e-07  3.611160727792296e-08 
 2.937649651960673e+05  7.202728022269298e-07  3.609993324849491e-08 
 2.944421633797901e+05  7.200345663002178e-07  3.608828268345110e-08 
 2.951209226665524e+05  7.197967747437000e-07  3.607665554239887e-08 
 2.958012466550682e+05  7.195594266459908e-07  3.606505178499065e-08 
 2.964831389523476e+05  7.193225210863289e-07  3.605347137087057e-08 
 2.971666031737158e+05  7.190860571522810e-07  3.604191425980124e-08 
 2.978516429428319e+05  7.188500339351669e-07  3.603038041157350e-08 
 2.985382618917087e+05  7.186144505200592e-07  3.601886978602087e-08 
 2.992264636607314e+05  7.183793059940722e-07  3.600738234303059e-08 
 2.999162518986774e+05  7.181445994501451e-07  3.599591804254543e-08 
 3.006076302627352e+05  7.179103299787260e-07  3.598447684456795e-08 
 3.013006024185240e+05  7.176764966595784e-07  3.597305870911401e-08 
 3.019951720401133e+05  7.174430985896899e-07  3.596166359631279e-08 
 3.026913428100420e+05  7.172101348610108e-07  3.595029146628958e-08 
 3.033891184193383e+05  7.169776045594710e-07  3.593894227923459e-08 
 3.040885025675390e+05  7.167455067821718e-07  3.592761599540993e-08 
 3.047894989627092e+05  7.165138406241322e-07  3.591631257512560e-08 
 3.054921113214619e+05  7.162826051674843e-07  3.590503197869028e-08 
 3.061963433689781e+05  7.160517995165316e-07  3.589377416654827e-08 
 3.069021988390259e+05  7.158214227504908e-07  3.588253909912571e-08 
 3.076096814739807e+05  7.155914739823940e-07  3.587132673693189e-08 
 3.083187950248451e+05  7.153619522923331e-07  3.586013704050697e-08 
 3.090295432512685e+05  7.151328567842624e-07  3.584896997048643e-08 
 3.097419299215673e+05  7.149041865464763e-07  3.583782548749252e-08 
 3.104559588127446e+05  7.146759406816065e-07  3.582670355226537e-08 
 3.111716337105106e+05  7.144481182748403e-07  3.581560412551520e-08 
 3.118889584093023e+05  7.142207184392322e-07  3.580452716809137e-08 
 3.126079367123038e+05  7.139937402625234e-07  3.579347264084899e-08 
 3.133285724314667e+05  7.137671828482768e-07  3.578244050469050e-08 
 3.140508693875296e+05  7.135410452894045e-07  3.577143072057898e-08 
 3.147748314100392e+05  7.133153266860683e-07  3.576044324951437e-08 
 3.155004623373701e+05  7.130900261349917e-07  3.574947805257737e-08 
 3.162277660167451e+05  7.128651427460744e-07  3.573853509089061e-08 
 3.169567463042561e+05  7.126406756087002e-07  3.572761432558801e-08 
 3.176874070648839e+05  7.124166238316125e-07  3.571671571792591e-08 
 3.184197521725190e+05  7.121929865113951e-07  3.570583922913859e-08 
 3.191537855099825e+05  7.119697627438011e-07  3.569498482055182e-08 
 3.198895109690459e+05  7.117469516466798e-07  3.568415245355564e-08 
 3.206269324504525e+05  7.115245523117134e-07  3.567334208954997e-08 
 3.213660538639374e+05  7.113025638448575e-07  3.566255369001909e-08 
 3.221068791282489e+05  7.110809853488817e-07  3.565178721647854e-08 
 3.228494121711687e+05  7.108598159208408e-07  3.564104263049018e-08 
 3.235936569295332e+05  7.106390546736201e-07  3.563031989371313e-08 
 3.243396173492540e+05  7.104187007135072e-07  3.561961896778692e-08 
 3.250872973853389e+05  7.101987531411187e-07  3.560893981446630e-08 
 3.258367010019131e+05  7.099792110638839e-07  3.559828239552166e-08 
 3.265878321722398e+05  7.097600735834281e-07  3.558764667276504e-08 
 3.273406948787420e+05  7.095413398060399e-07  3.557703260809758e-08 
 3.280952931130226e+05  7.093230088480166e-07  3.556644016345134e-08 
 3.288516308758864e+05  7.091050798096005e-07  3.555586930078385e-08 
 3.296097121773608e+05  7.088875517982997e-07  3.554531998214498e-08 
 3.303695410367177e+05  7.086704239234983e-07  3.553479216961282e-08 
 3.311311214824937e+05  7.084536952867509e-07  3.552428582533263e-08 
 3.318944575525128e+05  7.082373650110896e-07  3.551380091147452e-08 
 3.326595532939067e+05  7.080214321936871e-07  3.550333739029431e-08 
 3.334264127631368e+05  7.078058959504897e-07  3.549289522406351e-08 
 3.341950400260159e+05  7.075907553885217e-07  3.548247437512936e-08 
 3.349654391577290e+05  7.073760096141534e-07  3.547207480588673e-08 
 3.357376142428558e+05  7.071616577476958e-07  3.546169647875585e-08 
 3.365115693753916e+05  7.069476988953456e-07  3.545133935624274e-08 
 3.372873086587695e+05  7.067341321722376e-07  3.544100340090906e-08 
 3.380648362058820e+05  7.065209566819711e-07  3.543068857532786e-08 
 3.388441561391027e+05  7.063081715396382e-07  3.542039484211404e-08 
 3.396252725903083e+05  7.060957758631774e-07  3.541012216401005e-08 
 3.404081897009006e+05  7.058837687668423e-07  3.539987050376402e-08 
 3.411929116218280e+05  7.056721493541534e-07  3.538963982412385e-08 
 3.419794425136081e+05  7.054609167437803e-07  3.537943008798294e-08 
 3.427677865463494e+05  7.052500700458522e-07  3.536924125821769e-08 
 3.435579478997734e+05  7.050396083895002e-07  3.535907329780874e-08 
 3.443499307632370e+05  7.048295308730519e-07  3.534892616971346e-08 
 3.451437393357545e+05  7.046198366223235e-07  3.533879983703445e-08 
 3.459393778260200e+05  7.044105247434810e-07  3.532869426282216e-08 
 3.467368504524294e+05  7.042015943525619e-07  3.531860941024774e-08 
 3.475361614431033e+05  7.039930445796943e-07  3.530854524254512e-08 
 3.483373150359091e+05  7.037848745275635e-07  3.529850172291956e-08 
 3.491403154784832e+05  7.035770833203832e-07  3.528847881473107e-08 
 3.499451670282540e+05  7.033696700650094e-07  3.527847648129594e-08 
 3.507518739524645e+05  7.031626338933002e-07  3.526849468605123e-08 
 3.515604405281944e+05  7.029559739134632e-07  3.525853339242390e-08 
 3.523708710423831e+05  7.027496892461440e-07  3.524859256395099e-08 
 3.531831697918527e+05  7.025437790102092e-07  3.523867216418291e-08 
 3.539973410833302e+05  7.023382423208428e-07  3.522877215673322e-08 
 3.548133892334707e+05  7.021330783048865e-07  3.521889250527592e-08 
 3.556313185688803e+05  7.019282860741071e-07  3.520903317349181e-08 
 3.564511334261389e+05  7.017238647539253e-07  3.519919412518288e-08 
 3.572728381518233e+05  7.015198134562647e-07  3.518937532414155e-08 
 3.580964371025302e+05  7.013161313058407e-07  3.517957673422465e-08 
 3.589219346448991e+05  7.011128174288886e-07  3.516979831937862e-08 
 3.597493351556359e+05  7.009098709409423e-07  3.516004004355405e-08 
 3.605786430215358e+05  7.007072909631267e-07  3.515030187077619e-08 
 3.614098626395064e+05  7.005050766086317e-07  3.514058376508980e-08 
 3.622429984165915e+05  7.003032270149830e-07  3.513088569064039e-08 
 3.630780547699939e+05  7.001017412978941e-07  3.512120761160527e-08 
 3.639150361270995e+05  6.999006185753134e-07  3.511154949217408e-08 
 3.647539469254999e+05  6.996998579702961e-07  3.510191129665766e-08 
 3.655947916130167e+05  6.994994586113260e-07  3.509229298933491e-08 
 3.664375746477249e+05  6.992994196193932e-07  3.508269453461554e-08 
 3.672823004979760e+05  6.990997401135022e-07  3.507311589689934e-08 
 3.681289736424225e+05  6.989004192175904e-07  3.506355704069025e-08 
 3.689775985700411e+05  6.987014560591821e-07  3.505401793047445e-08 
 3.698281797801567e+05  6.985028497629205e-07  3.504449853087019e-08 
 3.706807217824662e+05  6.983045994507237e-07  3.503499880646216e-08 
 3.715352290970625e+05  6.981067042412861e-07  3.502551872196537e-08 
 3.723917062544582e+05  6.979091632704048e-07  3.501605824208786e-08 
 3.732501577956100e+05  6.977119756562698e-07  3.500661733161915e-08 
 3.741105882719425e+05  6.975151405265827e-07  3.499719595538119e-08 
 3.749730022453723e+05  6.973186569998736e-07  3.498779407825624e-08 
 3.758374042883327e+05  6.971225242122776e-07  3.497841166517577e-08 
 3.767037989837971e+05  6.969267412873008e-07  3.496904868114552e-08 
 3.775721909253040e+05  6.967313073457242e-07  3.495970509115156e-08 
 3.784425847169810e+05  6.965362215099143e-07  3.495038086030065e-08 
 3.793149849735694e+05  6.963414829188049e-07  3.494107595373392e-08 
 3.801893963204484e+05  6.961470906955961e-07  3.493179033663673e-08 
 3.810658233936600e+05  6.959530439600688e-07  3.492252397422371e-08 
 3.819442708399332e+05  6.957593418390880e-07  3.491327683178806e-08 
 3.828247433167090e+05  6.955659834728616e-07  3.490404887469135e-08 
 3.837072454921648e+05  6.953729679742289e-07  3.489484006827280e-08 
 3.845917820452393e+05  6.951802944808698e-07  3.488565037802004e-08 
 3.854783576656572e+05  6.949879621024787e-07  3.487647976937367e-08 
 3.863669770539543e+05  6.947959699936752e-07  3.486732820790886e-08 
 3.872576449215020e+05  6.946043172638269e-07  3.485819565919069e-08 
 3.881503659905328e+05  6.944130030516303e-07  3.484908208888066e-08 
 3.890451449941648e+05  6.942220264752200e-07  3.483998746264097e-08 
 3.899419866764274e+05  6.940313866733411e-07  3.483091174624205e-08 
 3.908408957922857e+05  6.938410827628544e-07  3.482185490544252e-08 
 3.917418771076665e+05  6.936511138801052e-07  3.481281690610063e-08 
 3.926449353994829e+05  6.934614791571516e-07  3.480379771413386e-08 
 3.935500754556602e+05  6.932721777139393e-07  3.479479729542235e-08 
 3.944573020751609e+05  6.930832086881545e-07  3.478581561602590e-08 
 3.953666200680101e+05  6.928945712007001e-07  3.477685264193224e-08 
 3.962780342553214e+05  6.927062643910688e-07  3.476790833927894e-08 
 3.971915494693220e+05  6.925182873787086e-07  3.475898267416992e-08 
 3.981071705533786e+05  6.923306392970903e-07  3.475007561282906e-08 
 3.990249023620231e+05  6.921433192809474e-07  3.474118712149490e-08 
 3.999447497609783e+05  6.919563264571919e-07  3.473231716644978e-08 
 4.008667176271833e+05  6.917696599531669e-07  3.472346571404675e-08 
 4.017908108488201e+05  6.915833188947452e-07  3.471463273070096e-08 
 4.027170343253390e+05  6.913973024225048e-07  3.470581818282314e-08 
 4.036453929674846e+05  6.912116096628040e-07  3.469702203691857e-08 
 4.045758916973220e+05  6.910262397387733e-07  3.468824425955951e-08 
 4.055085354482629e+05  6.908411917913301e-07  3.467948481731231e-08 
 4.064433291650915e+05  6.906564649484651e-07  3.467074367683808e-08 
 4.073802778039912e+05  6.904720583378929e-07  3.466202080483273e-08 
 4.083193863325702e+05  6.902879710865362e-07  3.465331616804137e-08 
 4.092606597298887e+05  6.901042023319010e-07  3.464462973326672e-08 
 4.102041029864843e+05  6.899207512042553e-07  3.463596146735065e-08 
 4.111497211043994e+05  6.897376168317306e-07  3.462731133721690e-08 
 4.120975190972071e+05  6.895547983445883e-07  3.461867930976724e-08 
 4.130475019900380e+05  6.893722948781327e-07  3.461006535203167e-08 
 4.139996748196067e+05  6.891901055514832e-07  3.460146943105629e-08 
 4.149540426342389e+05  6.890082295151710e-07  3.459289151394885e-08 
 4.159106104938978e+05  6.888266658838564e-07  3.458433156782918e-08 
 4.168693834702108e+05  6.886454137970684e-07  3.457578955993065e-08 
 4.178303666464968e+05  6.884644723752796e-07  3.456726545747221e-08 
 4.187935651177931e+05  6.882838407591672e-07  3.455875922775756e-08 
 4.197589839908819e+05  6.881035180823217e-07  3.455027083817815e-08 
 4.207266283843182e+05  6.879235034607743e-07  3.454180025607750e-08 
 4.216965034284561e+05  6.877437960445889e-07  3.453334744894890e-08 
 4.226686142654765e+05  6.875643949516765e-07  3.452491238425865e-08 
 4.236429660494143e+05  6.873852993148818e-07  3.451649502958438e-08 
 4.246195639461857e+05  6.872065082706130e-07  3.450809535251084e-08 
 4.255984131336156e+05  6.870280209427453e-07  3.449971332068505e-08 
 4.265795188014649e+05  6.868498364653868e-07  3.449134890181958e-08 
 4.275628861514581e+05  6.866719539740300e-07  3.448300206365467e-08 
 4.285485203973111e+05  6.864943725906392e-07  3.447467277398789e-08 
 4.295364267647585e+05  6.863170914482255e-07  3.446636100068126e-08 
 4.305266104915816e+05  6.861401096861551e-07  3.445806671163274e-08 
 4.315190768276358e+05  6.859634264256274e-07  3.444978987479246e-08 
 4.325138310348790e+05  6.857870407984545e-07  3.444153045814507e-08 
 4.335108783873988e+05  6.856109519394690e-07  3.443328842975739e-08 
 4.345102241714411e+05  6.854351589781837e-07  3.442506375771414e-08 
 4.355118736854378e+05  6.852596610357272e-07  3.441685641018007e-08 
 4.365158322400349e+05  6.850844572570839e-07  3.440866635534529e-08 
 4.375221051581207e+05  6.849095467635270e-07  3.440049356145865e-08 
 4.385306977748540e+05  6.847349286837860e-07  3.439233799682393e-08 
 4.395416154376924e+05  6.845606021546806e-07  3.438419962978825e-08 
 4.405548635064209e+05  6.843865663025508e-07  3.437607842874672e-08 
 4.415704473531798e+05  6.842128202528313e-07  3.436797436214275e-08 
 4.425883723624935e+05  6.840393631439127e-07  3.435988739849061e-08 
 4.436086439312992e+05  6.838661941057189e-07  3.435181750634111e-08 
 4.446312674689750e+05  6.836933122538856e-07  3.434376465426248e-08 
 4.456562483973692e+05  6.835207167334266e-07  3.433572881092305e-08 
 4.466835921508287e+05  6.833484066634043e-07  3.432770994501297e-08 
 4.477133041762278e+05  6.831763811773847e-07  3.431970802529997e-08 
 4.487453899329971e+05  6.830046394056825e-07  3.431172302054385e-08 
 4.497798548931526e+05  6.828331804726948e-07  3.430375489961689e-08 
 4.508167045413245e+05  6.826620035098106e-07  3.429580363140951e-08 
 4.518559443747863e+05  6.824911076502428e-07  3.428786918486623e-08 
 4.528975799034844e+05  6.823204920067409e-07  3.427995152897321e-08 
 4.539416166500665e+05  6.821501557256977e-07  3.427205063278465e-08 
 4.549880601499115e+05  6.819800979243240e-07  3.426416646537956e-08 
 4.560369159511587e+05  6.818103177320444e-07  3.425629899593409e-08 
 4.570881896147372e+05  6.816408142821042e-07  3.424844819361703e-08 
 4.581418867143953e+05  6.814715866868058e-07  3.424061402765394e-08 
 4.591980128367301e+05  6.813026340950165e-07  3.423279646737904e-08 
 4.602565735812171e+05  6.811339556202783e-07  3.422499548210740e-08 
 4.613175745602402e+05  6.809655503859462e-07  3.421721104124007e-08 
 4.623810213991207e+05  6.807974175275959e-07  3.420944311420068e-08 
 4.634469197361481e+05  6.806295561679141e-07  3.420169167048903e-08 
 4.645152752226092e+05  6.804619654295267e-07  3.419395667965357e-08 
 4.655860935228184e+05  6.802946444450997e-07  3.418623811127687e-08 
 4.666593803141477e+05  6.801275923335758e-07  3.417853593499623e-08 
 4.677351412870569e+05  6.799608082276640e-07  3.417085012049746e-08 
 4.688133821451236e+05  6.797942912455510e-07  3.416318063752288e-08 
 4.698941086050734e+05  6.796280405162520e-07  3.415552745586245e-08 
 4.709773263968105e+05  6.794620551624139e-07  3.414789054532077e-08 
 4.720630412634478e+05  6.792963343049019e-07  3.414026987582854e-08 
 4.731512589613374e+05  6.791308770750424e-07  3.413266541728090e-08 
 4.742419852601013e+05  6.789656825908977e-07  3.412507713967426e-08 
 4.753352259426616e+05  6.788007499773296e-07  3.411750501305957e-08 
 4.764309868052716e+05  6.786360783585605e-07  3.410994900749837e-08 
 4.775292736575464e+05  6.784716668533835e-07  3.410240909311873e-08 
 4.786300923224936e+05  6.783075145933451e-07  3.409488524011642e-08 
 4.797334486365440e+05  6.781436206923709e-07  3.408737741870107e-08 
 4.808393484495830e+05  6.779799842726803e-07  3.407988559918181e-08 
 4.819477976249815e+05  6.778166044586567e-07  3.407240975185222e-08 
 4.830588020396265e+05  6.776534803684702e-07  3.406494984711420e-08 
 4.841723675839528e+05  6.774906111255067e-07  3.405750585536775e-08 
 4.852885001619741e+05  6.773279958539719e-07  3.405007774711822e-08 
 4.864072056913143e+05  6.771656336645282e-07  3.404266549287148e-08 
 4.875284901032387e+05  6.770035236867864e-07  3.403526906321596e-08 
 4.886523593426856e+05  6.768416650250936e-07  3.402788842873809e-08 
 4.897788193682978e+05  6.766800568173859e-07  3.402052356014373e-08 
 4.909078761524544e+05  6.765186981696093e-07  3.401317442815537e-08 
 4.920395356813018e+05  6.763575882062351e-07  3.400584100350615e-08 
 4.931738039547864e+05  6.761967260423568e-07  3.399852325704683e-08 
 4.943106869866856e+05  6.760361107925979e-07  3.399122115964078e-08 
 4.954501908046401e+05  6.758757415792482e-07  3.398393468218894e-08 
 4.965923214501856e+05  6.757156175158764e-07  3.397666379565664e-08 
 4.977370849787851e+05  6.755557377185317e-07  3.396940847107556e-08 
 4.988844874598609e+05  6.753961012965912e-07  3.396216867948424e-08 
 5.000345349768268e+05  6.752367073791450e-07  3.395494439201416e-08 
 5.011872336271202e+05  6.750775550702205e-07  3.394773557983158e-08 
 5.023425895222346e+05  6.749186434949276e-07  3.394054221412869e-08 
 5.035006087877520e+05  6.747599717567693e-07  3.393336426615757e-08 
 5.046612975633751e+05  6.746015389684047e-07  3.392620170723569e-08 
 5.058246620029605e+05  6.744433442534160e-07  3.391905450872959e-08 
 5.069907082745504e+05  6.742853867093138e-07  3.391192264201056e-08 
 5.081594425604062e+05  6.741276654666087e-07  3.390480607856537e-08 
 5.093308710570406e+05  6.739701796155802e-07  3.389770478986764e-08 
 5.105049999752511e+05  6.738129282873497e-07  3.389061874749357e-08 
 5.116818355401522e+05  6.736559105770549e-07  3.388354792301862e-08 
 5.128613839912089e+05  6.734991256059867e-07  3.387649228810792e-08 
 5.140436515822698e+05  6.733425724735351e-07  3.386945181445050e-08 
 5.152286445815997e+05  6.731862502993414e-07  3.386242647378493e-08 
 5.164163692719138e+05  6.730301581767430e-07  3.385541623790218e-08 
 5.176068319504101e+05  6.728742952312753e-07  3.384842107866411e-08 
 5.188000389288032e+05  6.727186605550875e-07  3.384144096794357e-08 
 5.199959965333577e+05  6.725632532670517e-07  3.383447587768322e-08 
 5.211947111049217e+05  6.724080724608814e-07  3.382752577987464e-08 
 5.223961889989607e+05  6.722531172543064e-07  3.382059064653929e-08 
 5.236004365855907e+05  6.720983867460091e-07  3.381367044977221e-08 
 5.248074602496127e+05  6.719438800363791e-07  3.380676516170330e-08 
 5.260172663905459e+05  6.717895962384000e-07  3.379987475451964e-08 
 5.272298614226620e+05  6.716355344501500e-07  3.379299920045124e-08 
 5.284452517750193e+05  6.714816937738140e-07  3.378613847176645e-08 
 5.296634438914964e+05  6.713280733084353e-07  3.377929254078302e-08 
 5.308844442308266e+05  6.711746721659540e-07  3.377246137990683e-08 
 5.321082592666320e+05  6.710214894298592e-07  3.376564496153510e-08 
 5.333348954874583e+05  6.708685242165419e-07  3.375884325812457e-08 
 5.345643593968087e+05  6.707157756177031e-07  3.375205624224133e-08 
 5.357966575131782e+05  6.705632427272065e-07  3.374528388641196e-08 
 5.370317963700889e+05  6.704109246594010e-07  3.373852616327303e-08 
 5.382697825161241e+05  6.702588204952572e-07  3.373178304548209e-08 
 5.395106225149630e+05  6.701069293379674e-07  3.372505450573883e-08 
 5.407543229454159e+05  6.699552502838700e-07  3.371834051682894e-08 
 5.420008904014585e+05  6.698037824276805e-07  3.371164105154078e-08 
 5.432503314922674e+05  6.696525248598485e-07  3.370495608273352e-08 
 5.445026528422550e+05  6.695014766829861e-07  3.369828558332835e-08 
 5.457578610911043e+05  6.693506369786355e-07  3.369162952625643e-08 
 5.470159628938047e+05  6.692000048508028e-07  3.368498788452847e-08 
 5.482769649206863e+05  6.690495793801002e-07  3.367836063119277e-08 
 5.495408738574567e+05  6.688993596663266e-07  3.367174773934621e-08 
 5.508076964052352e+05  6.687493447925815e-07  3.366514918213124e-08 
 5.520774392805888e+05  6.685995338565092e-07  3.365856493274123e-08 
 5.533501092155677e+05  6.684499259357361e-07  3.365199496441557e-08 
 5.546257129577413e+05  6.683005201306762e-07  3.364543925046089e-08 
 5.559042572702337e+05  6.681513155131560e-07  3.363889776419367e-08 
 5.571857489317595e+05  6.680023111791764e-07  3.363237047899306e-08 
 5.584701947366600e+05  6.678535062210485e-07  3.362585736832233e-08 
 5.597576014949390e+05  6.677048997045090e-07  3.361935840562337e-08 
 5.610479760322989e+05  6.675564907327234e-07  3.361287356445949e-08 
 5.623413251901771e+05  6.674082783734860e-07  3.360640281838899e-08 
 5.636376558257820e+05  6.672602617157481e-07  3.359994614102682e-08 
 5.649369748121296e+05  6.671124398385326e-07  3.359350350606347e-08 
 5.662392890380800e+05  6.669648118224591e-07  3.358707488720528e-08 
 5.675446054083734e+05  6.668173767505616e-07  3.358066025822519e-08 
 5.688529308436672e+05  6.666701336924341e-07  3.357425959292877e-08 
 5.701642722805729e+05  6.665230817367134e-07  3.356787286520064e-08 
 5.714786366716920e+05  6.663762199519545e-07  3.356150004893504e-08 
 5.727960309856537e+05  6.662295474204498e-07  3.355514111809083e-08 
 5.741164622071517e+05  6.660830632142041e-07  3.354879604669139e-08 
 5.754399373369806e+05  6.659367663962081e-07  3.354246480875688e-08 
 5.767664633920740e+05  6.657906560599944e-07  3.353614737840711e-08 
 5.780960474055409e+05  6.656447312671120e-07  3.352984372977817e-08 
 5.794286964267035e+05  6.654989910909411e-07  3.352355383708899e-08 
 5.807644175211340e+05  6.653534345921721e-07  3.351727767457598e-08 
 5.821032177706929e+05  6.652080608487395e-07  3.351101521650976e-08 
 5.834451042735658e+05  6.650628689332865e-07  3.350476643726081e-08 
 5.847900841443014e+05  6.649178579004557e-07  3.349853131117808e-08 
 5.861381645138490e+05  6.647730268325606e-07  3.349230981272751e-08 
 5.874893525295964e+05  6.646283747794927e-07  3.348610191638547e-08 
 5.888436553554082e+05  6.644839008107284e-07  3.347990759665277e-08 
 5.902010801716631e+05  6.643396039940627e-07  3.347372682813285e-08 
 5.915616341752923e+05  6.641954833858330e-07  3.346755958544639e-08 
 5.929253245798177e+05  6.640515380484755e-07  3.346140584324161e-08 
 5.942921586153901e+05  6.639077670450621e-07  3.345526557627683e-08 
 5.956621435288275e+05  6.637641694309877e-07  3.344913875927595e-08 
 5.970352865836534e+05  6.636207442685785e-07  3.344302536707430e-08 
 5.984115950601358e+05  6.634774906070262e-07  3.343692537451901e-08 
 5.997910762553251e+05  6.633344075086449e-07  3.343083875654256e-08 
 6.011737374830933e+05  6.631914940275249e-07  3.342476548805629e-08 
 6.025595860741725e+05  6.630487492098070e-07  3.341870554409186e-08 
 6.039486293761941e+05  6.629061721190492e-07  3.341265889969416e-08 
 6.053408747537273e+05  6.627637617985177e-07  3.340662552994030e-08 
 6.067363295883187e+05  6.626215173031566e-07  3.340060541001172e-08 
 6.081350012785308e+05  6.624794376730170e-07  3.339459851506011e-08 
 6.095368972399816e+05  6.623375219713747e-07  3.338860482034552e-08 
 6.109420249053839e+05  6.621957692291311e-07  3.338262430114508e-08 
 6.123503917245850e+05  6.620541784977679e-07  3.337665693277529e-08 
 6.137620051646052e+05  6.619127488276528e-07  3.337070269063824e-08 
 6.151768727096787e+05  6.617714792522552e-07  3.336476155013713e-08 
 6.165950018612923e+05  6.616303688161044e-07  3.335883348676897e-08 
 6.180164001382255e+05  6.614894165647092e-07  3.335291847603960e-08 
 6.194410750765906e+05  6.613486215300066e-07  3.334701649350979e-08 
 6.208690342298723e+05  6.612079827530423e-07  3.334112751479405e-08 
 6.223002851689678e+05  6.610674992757363e-07  3.333525151556837e-08 
 6.237348354822270e+05  6.609271701259621e-07  3.332938847152310e-08 
 6.251726927754931e+05  6.607869943378664e-07  3.332353835840868e-08 
 6.266138646721422e+05  6.606469709531229e-07  3.331770115205838e-08 
 6.280583588131242e+05  6.605070989961667e-07  3.331187682825515e-08 
 6.295061828570034e+05  6.603673774963804e-07  3.330606536297199e-08 
 6.309573444799986e+05  6.602278054848408e-07  3.330026673208677e-08 
 6.324118513760243e+05  6.600883819956627e-07  3.329448091162077e-08 
 6.338697112567313e+05  6.599491060445955e-07  3.328870787760529e-08 
 6.353309318515476e+05  6.598099766616525e-07  3.328294760611114e-08 
 6.367955209077192e+05  6.596709928699923e-07  3.327720007325850e-08 
 6.382634861903515e+05  6.595321536919024e-07  3.327146525525286e-08 
 6.397348354824506e+05  6.593934581488688e-07  3.326574312828773e-08 
 6.412095765849636e+05  6.592549052620549e-07  3.326003366866874e-08 
 6.426877173168211e+05  6.591164940478156e-07  3.325433685265773e-08 
 6.441692655149782e+05  6.589782235186147e-07  3.324865265664556e-08 
 6.456542290344560e+05  6.588400926889733e-07  3.324298105703840e-08 
 6.471426157483831e+05  6.587021005867764e-07  3.323732203029061e-08 
 6.486344335480379e+05  6.585642462130579e-07  3.323167555290141e-08 
 6.501296903428896e+05  6.584265285769015e-07  3.322604160142561e-08 
 6.516283940606412e+05  6.582889466905216e-07  3.322042015243436e-08 
 6.531305526472704e+05  6.581514995627465e-07  3.321481118259611e-08 
 6.546361740670725e+05  6.580141862053362e-07  3.320921466858804e-08 
 6.561452663027024e+05  6.578770056141545e-07  3.320363058713541e-08 
 6.576578373552170e+05  6.577399567884692e-07  3.319805891502882e-08 
 6.591738952441174e+05  6.576030387423336e-07  3.319249962909215e-08 
 6.606934480073915e+05  6.574662504691259e-07  3.318695270620337e-08 
 6.622165037015569e+05  6.573295909767228e-07  3.318141812326342e-08 
 6.637430704017034e+05  6.571930592515352e-07  3.317589585727150e-08 
 6.652731562015354e+05  6.570566542894392e-07  3.317038588519250e-08 
 6.668067692134156e+05  6.569203750889986e-07  3.316488818411958e-08 
 6.683439175684076e+05  6.567842206474227e-07  3.315940273115625e-08 
 6.698846094163189e+05  6.566481899416328e-07  3.315392950344621e-08 
 6.714288529257444e+05  6.565122819696505e-07  3.314846847817374e-08 
 6.729766562841092e+05  6.563764957167358e-07  3.314301963259213e-08 
 6.745280276977129e+05  6.562408301708050e-07  3.313758294399971e-08 
 6.760829753917722e+05  6.561052843172010e-07  3.313215838973675e-08 
 6.776415076104651e+05  6.559698571383579e-07  3.312674594716454e-08 
 6.792036326169739e+05  6.558345476091423e-07  3.312134559372114e-08 
 6.807693586935303e+05  6.556993547115636e-07  3.311595730688330e-08 
 6.823386941414579e+05  6.555642774233446e-07  3.311058106415918e-08 
 6.839116472812170e+05  6.554293147211260e-07  3.310521684313104e-08 
 6.854882264524488e+05  6.552944655771431e-07  3.309986462139883e-08 
 6.870684400140188e+05  6.551597289739226e-07  3.309452437663759e-08 
 6.886522963440622e+05  6.550251038641285e-07  3.308919608653977e-08 
 6.902398038400275e+05  6.548905892283678e-07  3.308387972885834e-08 
 6.918309709187215e+05  6.547561840265888e-07  3.307857528138291e-08 
 6.934258060163537e+05  6.546218872312013e-07  3.307328272197896e-08 
 6.950243175885808e+05  6.544876977975464e-07  3.306800202849838e-08 
 6.966265141105521e+05  6.543536146979151e-07  3.306273317891043e-08 
 6.982324040769542e+05  6.542196368800378e-07  3.305747615117707e-08 
 6.998419960020558e+05  6.540857633071109e-07  3.305223092333636e-08 
 7.014552984197531e+05  6.539519929350318e-07  3.304699747345830e-08 
 7.030723198836148e+05  6.538183247192598e-07  3.304177577965967e-08 
 7.046930689669277e+05  6.536847576095526e-07  3.303656582009630e-08 
 7.063175542627422e+05  6.535512905543879e-07  3.303136757298227e-08 
 7.079457843839176e+05  6.534179225048801e-07  3.302618101656854e-08 
 7.095777679631679e+05  6.532846524087243e-07  3.302100612918761e-08 
 7.112135136531076e+05  6.531514792137943e-07  3.301584288915126e-08 
 7.128530301262975e+05  6.530184018488393e-07  3.301069127486041e-08 
 7.144963260752908e+05  6.528854192655145e-07  3.300555126477099e-08 
 7.161434102126790e+05  6.527525303990340e-07  3.300042283734619e-08 
 7.177942912711381e+05  6.526197341838184e-07  3.299530597112633e-08 
 7.194489780034753e+05  6.524870295635297e-07  3.299020064469058e-08 
 7.211074791826749e+05  6.523544154591827e-07  3.298510683666165e-08 
 7.227698036019451e+05  6.522218908077611e-07  3.298002452568902e-08 
 7.244359600747643e+05  6.520894545342717e-07  3.297495369051337e-08 
 7.261059574349284e+05  6.519571055694787e-07  3.296989430988069e-08 
 7.277798045365971e+05  6.518248428330740e-07  3.296484636258317e-08 
 7.294575102543412e+05  6.516926652513102e-07  3.295980982750070e-08 
 7.311390834831893e+05  6.515605717384065e-07  3.295478468349548e-08 
 7.328245331386754e+05  6.514285612190646e-07  3.294977090953301e-08 
 7.345138681568856e+05  6.512966326057640e-07  3.294476848458245e-08 
 7.362070974945062e+05  6.511647848126858e-07  3.293977738769579e-08 
 7.379042301288705e+05  6.510330167548830e-07  3.293479759794032e-08 
 7.396052750580068e+05  6.509013273329449e-07  3.292982909443373e-08 
 7.413102413006859e+05  6.507697154603287e-07  3.292487185634965e-08 
 7.430191378964692e+05  6.506381800387688e-07  3.291992586290728e-08 
 7.447319739057563e+05  6.505067199763806e-07  3.291499109336423e-08 
 7.464487584098332e+05  6.503753341666804e-07  3.291006752700777e-08 
 7.481695005109204e+05  6.502440215137971e-07  3.290515514322517e-08 
 7.498942093322213e+05  6.501127809078934e-07  3.290025392138487e-08 
 7.516228940179704e+05  6.499816112503331e-07  3.289536384093015e-08 
 7.533555637334818e+05  6.498505114288411e-07  3.289048488135557e-08 
 7.550922276651978e+05  6.497194803306487e-07  3.288561702219259e-08 
 7.568328950207377e+05  6.495885168428842e-07  3.288076024301913e-08 
 7.585775750289465e+05  6.494576198514427e-07  3.287591452344302e-08 
 7.603262769399440e+05  6.493267882340956e-07  3.287107984315369e-08 
 7.620790100251737e+05  6.491960208820032e-07  3.286625618186038e-08 
 7.638357835774517e+05  6.490653166621150e-07  3.286144351931845e-08 
 7.655966069110167e+05  6.489346744565444e-07  3.285664183532162e-08 
 7.673614893615787e+05  6.488040931287317e-07  3.285185110972169e-08 
 7.691304402863688e+05  6.486735715573867e-07  3.284707132242862e-08 
 7.709034690641887e+05  6.485431086069566e-07  3.284230245337186e-08 
 7.726805850954603e+05  6.484127031432240e-07  3.283754448254389e-08 
 7.744617978022761e+05  6.482823540242391e-07  3.283279738995591e-08 
 7.762471166284485e+05  6.481520601220180e-07  3.282806115569392e-08 
 7.780365510395601e+05  6.480218202837577e-07  3.282333575988014e-08 
 7.798301105230142e+05  6.478916333708856e-07  3.281862118270032e-08 
 7.816278045880846e+05  6.477614982294420e-07  3.281391740431907e-08 
 7.834296427659661e+05  6.476314137177211e-07  3.280922440502517e-08 
 7.852356346098256e+05  6.475013786760622e-07  3.280454216510016e-08 
 7.870457896948518e+05  6.473713919511317e-07  3.279987066490668e-08 
 7.888601176183070e+05  6.472414523907561e-07  3.279520988483592e-08 
 7.906786279995771e+05  6.471115588346860e-07  3.279055980531566e-08 
 7.925013304802232e+05  6.469817101153155e-07  3.278592040682495e-08 
 7.943282347240323e+05  6.468519050689827e-07  3.278129166989225e-08 
 7.961593504170689e+05  6.467221425275821e-07  3.277667357509513e-08 
 7.979946872677262e+05  6.465924213248972e-07  3.277206610304281e-08 
 7.998342550067774e+05  6.464627402784656e-07  3.276746923439529e-08 
 8.016780633874275e+05  6.463330982184560e-07  3.276288294986709e-08 
 8.035261221853649e+05  6.462034939688646e-07  3.275830723020766e-08 
 8.053784411988137e+05  6.460739263420139e-07  3.275374205619480e-08 
 8.072350302485847e+05  6.459443941581561e-07  3.274918740868272e-08 
 8.090958991781282e+05  6.458148962291501e-07  3.274464326856752e-08 
 8.109610578535860e+05  6.456854313677573e-07  3.274010961678252e-08 
 8.128305161638439e+05  6.455559983721327e-07  3.273558643427418e-08 
 8.147042840205836e+05  6.454265960545970e-07  3.273107370207376e-08 
 8.165823713583358e+05  6.452972232209937e-07  3.272657140127432e-08 
 8.184647881345326e+05  6.451678786622123e-07  3.272207951293268e-08 
 8.203515443295604e+05  6.450385611789708e-07  3.271759801826229e-08 
 8.222426499468127e+05  6.449092695587445e-07  3.271312689843480e-08 
 8.241381150127432e+05  6.447800026023577e-07  3.270866613469459e-08 
 8.260379495769190e+05  6.446507590878749e-07  3.270421570832490e-08 
 8.279421637120738e+05  6.445215378047632e-07  3.269977560066676e-08 
 8.298507675141615e+05  6.443923375318253e-07  3.269534579311312e-08 
 8.317637711024093e+05  6.442631570485519e-07  3.269092626707290e-08 
 8.336811846193720e+05  6.441339951320630e-07  3.268651700401373e-08 
 8.356030182309850e+05  6.440048505612151e-07  3.268211798545008e-08 
 8.375292821266189e+05  6.438757220890900e-07  3.267772919295522e-08 
 8.394599865191331e+05  6.437466084927273e-07  3.267335060811022e-08 
 8.413951416449301e+05  6.436175085363925e-07  3.266898221257653e-08 
 8.433347577640098e+05  6.434884209816692e-07  3.266462398803702e-08 
 8.452788451600237e+05  6.433593445767711e-07  3.266027591622653e-08 
 8.472274141403296e+05  6.432302780876015e-07  3.265593797894310e-08 
 8.491804750360464e+05  6.431012202640562e-07  3.265161015801011e-08 
 8.511380382021083e+05  6.429721698505122e-07  3.264729243529383e-08 
 8.531001140173207e+05  6.428431255842389e-07  3.264298479268527e-08 
 8.550667128844139e+05  6.427140862222138e-07  3.263868721219197e-08 
 8.570378452300995e+05  6.425850504972376e-07  3.263439967578775e-08 
 8.590135215051250e+05  6.424560171369560e-07  3.263012216553472e-08 
 8.609937521843292e+05  6.423269848854419e-07  3.262585466352038e-08 
 8.629785477666982e+05  6.421979524673898e-07  3.262159715188674e-08 
 8.649679187754205e+05  6.420689186024957e-07  3.261734961280386e-08 
 8.669618757579433e+05  6.419398820254731e-07  3.261311202852898e-08 
 8.689604292860278e+05  6.418108414465614e-07  3.260888438131970e-08 
 8.709635899558059e+05  6.416817955812663e-07  3.260466665348422e-08 
 8.729713683878361e+05  6.415527431464752e-07  3.260045882739232e-08 
 8.749837752271600e+05  6.414236828489904e-07  3.259626088545117e-08 
 8.770008211433580e+05  6.412946133924441e-07  3.259207281010154e-08 
 8.790225168306070e+05  6.411655334854034e-07  3.258789458384243e-08 
 8.810488730077361e+05  6.410364418261680e-07  3.258372618924485e-08 
 8.830799004182840e+05  6.409073371020560e-07  3.257956760885681e-08 
 8.851156098305561e+05  6.407782180116139e-07  3.257541882531488e-08 
 8.871560120376808e+05  6.406490832468946e-07  3.257127982129825e-08 
 8.892011178576676e+05  6.405199314914175e-07  3.256715057953074e-08 
 8.912509381334640e+05  6.403907614198605e-07  3.256303108275363e-08 
 8.933054837330129e+05  6.402615717226206e-07  3.255892131380666e-08 
 8.953647655493108e+05  6.401323610661913e-07  3.255482125550824e-08 
 8.974287945004648e+05  6.400031281208516e-07  3.255073089077528e-08 
 8.994975815297508e+05  6.398738715605903e-07  3.254665020253916e-08 
 9.015711376056719e+05  6.397445900417006e-07  3.254257917378412e-08 
 9.036494737220157e+05  6.396152822340493e-07  3.253851778754987e-08 
 9.057326008979137e+05  6.394859467864312e-07  3.253446602690154e-08 
 9.078205301778986e+05  6.393565823617608e-07  3.253042387496883e-08 
 9.099132726319637e+05  6.392271875940003e-07  3.252639131489630e-08 
 9.120108393556211e+05  6.390977611486318e-07  3.252236832991144e-08 
 9.141132414699609e+05  6.389683016497905e-07  3.251835490323553e-08 
 9.162204901217096e+05  6.388388077511940e-07  3.251435101820096e-08 
 9.183325964832901e+05  6.387092780755074e-07  3.251035665812958e-08 
 9.204495717528798e+05  6.385797112648961e-07  3.250637180640529e-08 
 9.225714271544709e+05  6.384501059384782e-07  3.250239644647493e-08 
 9.246981739379296e+05  6.383204607239536e-07  3.249843056178257e-08 
 9.268298233790555e+05  6.381907742381602e-07  3.249447413587582e-08 
 9.289663867796418e+05  6.380610451008907e-07  3.249052715228318e-08 
 9.311078754675351e+05  6.379312719189566e-07  3.248658959465212e-08 
 9.332543007966951e+05  6.378014533082715e-07  3.248266144661022e-08 
 9.354056741472551e+05  6.376715878632199e-07  3.247874269186311e-08 
 9.375620069255828e+05  6.375416741976348e-07  3.247483331414238e-08 
 9.397233105643396e+05  6.374117108923526e-07  3.247093329723247e-08 
 9.418895965225424e+05  6.372816965502733e-07  3.246704262497798e-08 
 9.440608762856236e+05  6.371516297585905e-07  3.246316128121430e-08 
 9.462371613654925e+05  6.370215091012667e-07  3.245928924991620e-08 
 9.484184633005959e+05  6.368913331619354e-07  3.245542651501463e-08 
 9.506047936559794e+05  6.367611005132950e-07  3.245157306051405e-08 
 9.527961640233492e+05  6.366308097256727e-07  3.244772887045358e-08 
 9.549925860211325e+05  6.365004593744656e-07  3.244389392894836e-08 
 9.571940712945403e+05  6.363700480203579e-07  3.244006822015317e-08 
 9.594006315156282e+05  6.362395742271096e-07  3.243625172821175e-08 
 9.616122783833590e+05  6.361090365429719e-07  3.243244443738702e-08 
 9.638290236236640e+05  6.359784335260459e-07  3.242864633193001e-08 
 9.660508789895062e+05  6.358477637289931e-07  3.242485739616997e-08 
 9.682778562609411e+05  6.357170256880585e-07  3.242107761447376e-08 
 9.705099672451809e+05  6.355862179412875e-07  3.241730697121911e-08 
 9.727472237766555e+05  6.354553390313642e-07  3.241354545087953e-08 
 9.749896377170766e+05  6.353243874907713e-07  3.240979303796868e-08 
 9.772372209554996e+05  6.351933618385671e-07  3.240604971697440e-08 
 9.794899854083870e+05  6.350622605995805e-07  3.240231547252265e-08 
 9.817479430196718e+05  6.349310822999504e-07  3.239859028923257e-08 
 9.840111057608204e+05  6.347998254418923e-07  3.239487415176375e-08 
 9.862794856308964e+05  6.346684885434152e-07  3.239116704484096e-08 
 9.885530946566240e+05  6.345370701055810e-07  3.238746895322704e-08 
 9.908319448924520e+05  6.344055686355587e-07  3.238377986172786e-08 
 9.931160484206174e+05  6.342739826212045e-07  3.238009975517902e-08 
 9.954054173512098e+05  6.341423105623298e-07  3.237642861850551e-08 
 9.977000638222353e+05  6.340105509406592e-07  3.237276643659399e-08 
 9.999999999996813e+05  6.338787022496653e-07  3.236911319449208e-08 
 1.002305238077580e+06  6.337467629569263e-07  3.236546887718953e-08 
 1.004615790278075e+06  6.336147315398226e-07  3.236183346974959e-08 
 1.006931668851483e+06  6.334826064706433e-07  3.235820695731069e-08 
 1.009252886076362e+06  6.333503862153771e-07  3.235458932502649e-08 
 1.011579454259576e+06  6.332180692334148e-07  3.235098055809101e-08 
 1.013911385736356e+06  6.330856539796245e-07  3.234738064176586e-08 
 1.016248692870371e+06  6.329531389085056e-07  3.234378956135055e-08 
 1.018591388053792e+06  6.328205224610679e-07  3.234020730216793e-08 
 1.020939483707354e+06  6.326878030864864e-07  3.233663384959803e-08 
 1.023292992280427e+06  6.325549792223759e-07  3.233306918908793e-08 
 1.025651926251080e+06  6.324220492938069e-07  3.232951330608610e-08 
 1.028016298126145e+06  6.322890117433553e-07  3.232596618613380e-08 
 1.030386120441287e+06  6.321558649786205e-07  3.232242781476958e-08 
 1.032761405761067e+06  6.320226074287776e-07  3.231889817760093e-08 
 1.035142166679013e+06  6.318892375049379e-07  3.231537726029615e-08 
 1.037528415817681e+06  6.317557536128446e-07  3.231186504852973e-08 
 1.039920165828726e+06  6.316221541645281e-07  3.230836152803742e-08 
 1.042317429392971e+06  6.314884375545484e-07  3.230486668462350e-08 
 1.044720219220466e+06  6.313546021788828e-07  3.230138050408857e-08 
 1.047128548050564e+06  6.312206464248273e-07  3.229790297231515e-08 
 1.049542428651986e+06  6.310865686844281e-07  3.229443407523298e-08 
 1.051961873822886e+06  6.309523673310423e-07  3.229097379877270e-08 
 1.054386896390921e+06  6.308180407427177e-07  3.228752212897291e-08 
 1.056817509213320e+06  6.306835872906111e-07  3.228407905186317e-08 
 1.059253725176950e+06  6.305490053410928e-07  3.228064455355280e-08 
 1.061695557198385e+06  6.304142932468196e-07  3.227721862014432e-08 
 1.064143018223975e+06  6.302794493733143e-07  3.227380123786587e-08 
 1.066596121229916e+06  6.301444720613979e-07  3.227039239291302e-08 
 1.069054879222315e+06  6.300093596653718e-07  3.226699207157770e-08 
 1.071519305237263e+06  6.298741105175871e-07  3.226360026017091e-08 
 1.073989412340900e+06  6.297387229614381e-07  3.226021694504699e-08 
 1.076465213629490e+06  6.296031953195011e-07  3.225684211262233e-08 
 1.078946722229483e+06  6.294675259187797e-07  3.225347574934001e-08 
 1.081433951297591e+06  6.293317130804194e-07  3.225011784170393e-08 
 1.083926914020856e+06  6.291957551166955e-07  3.224676837623668e-08 
 1.086425623616717e+06  6.290596503392906e-07  3.224342733955081e-08 
 1.088930093333084e+06  6.289233970447567e-07  3.224009471824882e-08 
 1.091440336448406e+06  6.287869935439718e-07  3.223677049901556e-08 
 1.093956366271743e+06  6.286504381242488e-07  3.223345466858042e-08 
 1.096478196142833e+06  6.285137290729563e-07  3.223014721368044e-08 
 1.099005839432168e+06  6.283768646790263e-07  3.222684812116330e-08 
 1.101539309541061e+06  6.282398432079040e-07  3.222355737782650e-08 
 1.104078619901719e+06  6.281026629447921e-07  3.222027497061367e-08 
 1.106623783977311e+06  6.279653221428723e-07  3.221700088644803e-08 
 1.109174815262045e+06  6.278278190777055e-07  3.221373511231992e-08 
 1.111731727281234e+06  6.276901520026787e-07  3.221047763527435e-08 
 1.114294533591372e+06  6.275523191590937e-07  3.220722844234905e-08 
 1.116863247780202e+06  6.274143188020673e-07  3.220398752069932e-08 
 1.119437883466792e+06  6.272761491631025e-07  3.220075485749168e-08 
 1.122018454301603e+06  6.271378084834108e-07  3.219753043992551e-08 
 1.124604973966565e+06  6.269992949926068e-07  3.219431425525475e-08 
 1.127197456175148e+06  6.268606069059819e-07  3.219110629078670e-08 
 1.129795914672435e+06  6.267217424446779e-07  3.218790653386552e-08 
 1.132400363235193e+06  6.265826998262543e-07  3.218471497187832e-08 
 1.135010815671950e+06  6.264434772518691e-07  3.218153159227171e-08 
 1.137627285823065e+06  6.263040729172230e-07  3.217835638248931e-08 
 1.140249787560802e+06  6.261644850294170e-07  3.217518933010487e-08 
 1.142878334789404e+06  6.260247117720681e-07  3.217203042265418e-08 
 1.145512941445167e+06  6.258847513233321e-07  3.216887964778136e-08 
 1.148153621496513e+06  6.257446018733875e-07  3.216573699312742e-08 
 1.150800388944065e+06  6.256042615857542e-07  3.216260244639088e-08 
 1.153453257820721e+06  6.254637286311509e-07  3.215947599533624e-08 
 1.156112242191727e+06  6.253230011635300e-07  3.215635762776118e-08 
 1.158777356154753e+06  6.251820773464545e-07  3.215324733148711e-08 
 1.161448613839969e+06  6.250409553266386e-07  3.215014509440709e-08 
 1.164126029410116e+06  6.248996332500871e-07  3.214705090446758e-08 
 1.166809617060587e+06  6.247581092439904e-07  3.214396474962281e-08 
 1.169499391019494e+06  6.246163814535491e-07  3.214088661790654e-08 
 1.172195365547753e+06  6.244744479971730e-07  3.213781649739166e-08 
 1.174897554939151e+06  6.243323069965113e-07  3.213475437616560e-08 
 1.177605973520428e+06  6.241899565600644e-07  3.213170024240140e-08 
 1.180320635651349e+06  6.240473948121363e-07  3.212865408429725e-08 
 1.183041555724783e+06  6.239046198337086e-07  3.212561589010067e-08 
 1.185768748166778e+06  6.237616297394414e-07  3.212258564809912e-08 
 1.188502227436635e+06  6.236184226051493e-07  3.211956334663742e-08 
 1.191242008026991e+06  6.234749965266584e-07  3.211654897408658e-08 
 1.193988104463888e+06  6.233313495687959e-07  3.211354251888981e-08 
 1.196740531306857e+06  6.231874798189213e-07  3.211054396951761e-08 
 1.199499303148992e+06  6.230433853297228e-07  3.210755331448075e-08 
 1.202264434617025e+06  6.228990641710807e-07  3.210457054234369e-08 
 1.205035940371409e+06  6.227545143862812e-07  3.210159564171915e-08 
 1.207813835106390e+06  6.226097340307915e-07  3.209862860127941e-08 
 1.210598133550091e+06  6.224647211446037e-07  3.209566940969187e-08 
 1.213388850464585e+06  6.223194737605093e-07  3.209271805572924e-08 
 1.216186000645975e+06  6.221739899125472e-07  3.208977452816675e-08 
 1.218989598924473e+06  6.220282676148872e-07  3.208683881586110e-08 
 1.221799660164477e+06  6.218823048890034e-07  3.208391090767001e-08 
 1.224616199264653e+06  6.217360997494015e-07  3.208099079254163e-08 
 1.227439231158011e+06  6.215896501936206e-07  3.207807845944907e-08 
 1.230268770811984e+06  6.214429542172029e-07  3.207517389740614e-08 
 1.233104833228510e+06  6.212960098175464e-07  3.207227709548198e-08 
 1.235947433444111e+06  6.211488149812231e-07  3.206938804278402e-08 
 1.238796586529968e+06  6.210013676816963e-07  3.206650672848768e-08 
 1.241652307592009e+06  6.208536658869550e-07  3.206363314175311e-08 
 1.244514611770982e+06  6.207057075709915e-07  3.206076727186937e-08 
 1.247383514242539e+06  6.205574906944926e-07  3.205790910812495e-08 
 1.250259030217315e+06  6.204090132041403e-07  3.205505863985663e-08 
 1.253141174941010e+06  6.202602730460440e-07  3.205221585644810e-08 
 1.256029963694468e+06  6.201112681640780e-07  3.204938074733340e-08 
 1.258925411793759e+06  6.199619964922990e-07  3.204655330199445e-08 
 1.261827534590262e+06  6.198124559562231e-07  3.204373350993749e-08 
 1.264736347470741e+06  6.196626444744897e-07  3.204092136074867e-08 
 1.267651865857435e+06  6.195125599620120e-07  3.203811684406033e-08 
 1.270574105208130e+06  6.193622003247206e-07  3.203531994950613e-08 
 1.273503081016249e+06  6.192115634681918e-07  3.203253066681197e-08 
 1.276438808810930e+06  6.190606472835099e-07  3.202974898573741e-08 
 1.279381304157110e+06  6.189094496577483e-07  3.202697489606997e-08 
 1.282330582655606e+06  6.187579684712494e-07  3.202420838766521e-08 
 1.285286659943199e+06  6.186062016013844e-07  3.202144945042015e-08 
 1.288249551692716e+06  6.184541469137157e-07  3.201869807425620e-08 
 1.291219273613115e+06  6.183018022690744e-07  3.201595424919821e-08 
 1.294195841449566e+06  6.181491655238385e-07  3.201321796524938e-08 
 1.297179270983535e+06  6.179962345224348e-07  3.201048921249020e-08 
 1.300169578032868e+06  6.178430071061218e-07  3.200776798104996e-08 
 1.303166778451876e+06  6.176894811096064e-07  3.200505426111254e-08 
 1.306170888131418e+06  6.175356543613633e-07  3.200234804289415e-08 
 1.309181922998982e+06  6.173815246802339e-07  3.199964931664527e-08 
 1.312199899018777e+06  6.172270898790384e-07  3.199695807268967e-08 
 1.315224832191811e+06  6.170723477654649e-07  3.199427430137986e-08 
 1.318256738555979e+06  6.169172961413964e-07  3.199159799313961e-08 
 1.321295634186146e+06  6.167619327995998e-07  3.198892913840435e-08 
 1.324341535194234e+06  6.166062555240000e-07  3.198626772768445e-08 
 1.327394457729308e+06  6.164502620964394e-07  3.198361375152182e-08 
 1.330454417977659e+06  6.162939502820160e-07  3.198096720049371e-08 
 1.333521432162891e+06  6.161373178565896e-07  3.197832806526108e-08 
 1.336595516546008e+06  6.159803625760567e-07  3.197569633650953e-08 
 1.339676687425500e+06  6.158230821900647e-07  3.197307200496248e-08 
 1.342764961137427e+06  6.156654744438085e-07  3.197045506140848e-08 
 1.345860354055511e+06  6.155075370692440e-07  3.196784549666356e-08 
 1.348962882591215e+06  6.153492678092524e-07  3.196524330162764e-08 
 1.352072563193837e+06  6.151906643824849e-07  3.196264846720017e-08 
 1.355189412350595e+06  6.150317245053308e-07  3.196006098436680e-08 
 1.358313446586712e+06  6.148724458831615e-07  3.195748084413743e-08 
 1.361444682465507e+06  6.147128262252171e-07  3.195490803756766e-08 
 1.364583136588480e+06  6.145528632231591e-07  3.195234255577073e-08 
 1.367728825595404e+06  6.143925545666254e-07  3.194978438993767e-08 
 1.370881766164407e+06  6.142318979378392e-07  3.194723353123259e-08 
 1.374041975012067e+06  6.140708910126702e-07  3.194468997091640e-08 
 1.377209468893498e+06  6.139095314533171e-07  3.194215370031985e-08 
 1.380384264602435e+06  6.137478169283668e-07  3.193962471076096e-08 
 1.383566378971330e+06  6.135857450829346e-07  3.193710299364580e-08 
 1.386755828871436e+06  6.134233135650540e-07  3.193458854042342e-08 
 1.389952631212900e+06  6.132605200165321e-07  3.193208134259638e-08 
 1.393156802944849e+06  6.130973620580562e-07  3.192958139167694e-08 
 1.396368361055482e+06  6.129338373382463e-07  3.192708867927365e-08 
 1.399587322572161e+06  6.127699434481612e-07  3.192460319702024e-08 
 1.402813704561500e+06  6.126056780137923e-07  3.192212493658054e-08 
 1.406047524129455e+06  6.124410386297293e-07  3.191965388971559e-08 
 1.409288798421415e+06  6.122760228994828e-07  3.191719004819311e-08 
 1.412537544622293e+06  6.121106283993451e-07  3.191473340382545e-08 
 1.415793779956619e+06  6.119448527207672e-07  3.191228394851883e-08 
 1.419057521688628e+06  6.117786934388409e-07  3.190984167416779e-08 
 1.422328787122355e+06  6.116121481119813e-07  3.190740657276852e-08 
 1.425607593601722e+06  6.114452143081402e-07  3.190497863632825e-08 
 1.428893958510636e+06  6.112778895716007e-07  3.190255785691178e-08 
 1.432187899273075e+06  6.111101714497785e-07  3.190014422664007e-08 
 1.435489433353187e+06  6.109420574874191e-07  3.189773773769915e-08 
 1.438798578255375e+06  6.107735452026554e-07  3.189533838227171e-08 
 1.442115351524397e+06  6.106046321251944e-07  3.189294615264274e-08 
 1.445439770745455e+06  6.104353157740741e-07  3.189056104110887e-08 
 1.448771853544288e+06  6.102655936499110e-07  3.188818304005033e-08 
 1.452111617587267e+06  6.100954632583956e-07  3.188581214186832e-08 
 1.455459080581490e+06  6.099249220900207e-07  3.188344833900734e-08 
 1.458814260274871e+06  6.097539676359779e-07  3.188109162398632e-08 
 1.462177174456240e+06  6.095825973753496e-07  3.187874198936223e-08 
 1.465547840955432e+06  6.094108087736141e-07  3.187639942773202e-08 
 1.468926277643386e+06  6.092385992971821e-07  3.187406393175526e-08 
 1.472312502432237e+06  6.090659664058752e-07  3.187173549414593e-08 
 1.475706533275411e+06  6.088929075472601e-07  3.186941410762929e-08 
 1.479108388167723e+06  6.087194201628635e-07  3.186709976503075e-08 
 1.482518085145468e+06  6.085455016900746e-07  3.186479245919275e-08 
 1.485935642286520e+06  6.083711495501835e-07  3.186249218301901e-08 
 1.489361077710427e+06  6.081963611765436e-07  3.186019892944983e-08 
 1.492794409578507e+06  6.080211339669662e-07  3.185791269149225e-08 
 1.496235656093943e+06  6.078454653356483e-07  3.185563346219490e-08 
 1.499684835501882e+06  6.076693526750143e-07  3.185336123464695e-08 
 1.503141966089530e+06  6.074927933787790e-07  3.185109600200163e-08 
 1.506607066186248e+06  6.073157848318399e-07  3.184883775748315e-08 
 1.510080154163653e+06  6.071383244055069e-07  3.184658649429933e-08 
 1.513561248435712e+06  6.069604094713480e-07  3.184434220576071e-08 
 1.517050367458839e+06  6.067820373867538e-07  3.184210488521919e-08 
 1.520547529731997e+06  6.066032055092527e-07  3.183987452607250e-08 
 1.524052753796791e+06  6.064239111826976e-07  3.183765112177498e-08 
 1.527566058237571e+06  6.062441517460120e-07  3.183543466580808e-08 
 1.531087461681528e+06  6.060639245318997e-07  3.183322515172331e-08 
 1.534616982798791e+06  6.058832268601081e-07  3.183102257314056e-08 
 1.538154640302530e+06  6.057020560527079e-07  3.182882692368942e-08 
 1.541700452949053e+06  6.055204094166540e-07  3.182663819706918e-08 
 1.545254439537906e+06  6.053382842530322e-07  3.182445638703178e-08 
 1.548816618911973e+06  6.051556778529068e-07  3.182228148738353e-08 
 1.552387009957572e+06  6.049725875111902e-07  3.182011349196455e-08 
 1.555965631604563e+06  6.047890105031405e-07  3.181795239468900e-08 
 1.559552502826441e+06  6.046049440974144e-07  3.181579818950111e-08 
 1.563147642640440e+06  6.044203855650692e-07  3.181365087040713e-08 
 1.566751070107634e+06  6.042353321635656e-07  3.181151043146945e-08 
 1.570362804333036e+06  6.040497811345408e-07  3.180937686677822e-08 
 1.573982864465702e+06  6.038637297318068e-07  3.180725017050464e-08 
 1.577611269698830e+06  6.036771751865691e-07  3.180513033686124e-08 
 1.581248039269863e+06  6.034901147215114e-07  3.180301736009125e-08 
 1.584893192460592e+06  6.033025455622991e-07  3.180091123449952e-08 
 1.588546748597256e+06  6.031144649261744e-07  3.179881195448566e-08 
 1.592208727050646e+06  6.029258700109913e-07  3.179671951441277e-08 
 1.595879147236207e+06  6.027367580225907e-07  3.179463390878929e-08 
 1.599558028614142e+06  6.025471261475162e-07  3.179255513210884e-08 
 1.603245390689514e+06  6.023569715770256e-07  3.179048317895243e-08 
 1.606941253012348e+06  6.021662914789344e-07  3.178841804394126e-08 
 1.610645635177740e+06  6.019750830257824e-07  3.178635972173201e-08 
 1.614358556825954e+06  6.017833433882299e-07  3.178430820706400e-08 
 1.618080037642533e+06  6.015910697083708e-07  3.178226349470306e-08 
 1.621810097358396e+06  6.013982591412850e-07  3.178022557949572e-08 
 1.625548755749948e+06  6.012049088315728e-07  3.177819445631473e-08 
 1.629296032639185e+06  6.010110159041679e-07  3.177617012008650e-08 
 1.633051947893796e+06  6.008165774887434e-07  3.177415256580200e-08 
 1.636816521427269e+06  6.006215907064792e-07  3.177214178850072e-08 
 1.640589773198998e+06  6.004260526713899e-07  3.177013778327333e-08 
 1.644371723214389e+06  6.002299604819966e-07  3.176814054527135e-08 
 1.648162391524964e+06  6.000333112379457e-07  3.176615006967896e-08 
 1.651961798228470e+06  5.998361020321651e-07  3.176416635176300e-08 
 1.655769963468982e+06  5.996383299449004e-07  3.176218938680775e-08 
 1.659586907437013e+06  5.994399920581936e-07  3.176021917018515e-08 
 1.663412650369620e+06  5.992410854329012e-07  3.175825569728418e-08 
 1.667247212550512e+06  5.990416071401797e-07  3.175629896359023e-08 
 1.671090614310155e+06  5.988415542306273e-07  3.175434896460431e-08 
 1.674942876025884e+06  5.986409237535362e-07  3.175240569589195e-08 
 1.678804018122005e+06  5.984397127499607e-07  3.175046915309858e-08 
 1.682674061069911e+06  5.982379182542705e-07  3.174853933187549e-08 
 1.686553025388184e+06  5.980355372935701e-07  3.174661622796625e-08 
 1.690440931642705e+06  5.978325668893655e-07  3.174469983715725e-08 
 1.694337800446768e+06  5.976290040554384e-07  3.174279015527793e-08 
 1.698243652461183e+06  5.974248457958269e-07  3.174088717821652e-08 
 1.702158508394387e+06  5.972200891129603e-07  3.173899090192586e-08 
 1.706082389002559e+06  5.970147309954702e-07  3.173710132241275e-08 
 1.710015315089721e+06  5.968087684367430e-07  3.173521843571764e-08 
 1.713957307507858e+06  5.966021984133672e-07  3.173334223795876e-08 
 1.717908387157019e+06  5.963950178992380e-07  3.173147272530038e-08 
 1.721868574985437e+06  5.961872238528697e-07  3.172960989395567e-08 
 1.725837891989632e+06  5.959788132419758e-07  3.172775374020325e-08 
 1.729816359214528e+06  5.957697830191974e-07  3.172590426037130e-08 
 1.733803997753563e+06  5.955601301231150e-07  3.172406145082412e-08 
 1.737800828748799e+06  5.953498515021660e-07  3.172222530802912e-08 
 1.741806873391037e+06  5.951389440856274e-07  3.172039582845929e-08 
 1.745822152919925e+06  5.949274047945309e-07  3.171857300866095e-08 
 1.749846688624077e+06  5.947152305569902e-07  3.171675684524604e-08 
 1.753880501841180e+06  5.945024182797212e-07  3.171494733487760e-08 
 1.757923613958110e+06  5.942889648779139e-07  3.171314447427154e-08 
 1.761976046411045e+06  5.940748672418072e-07  3.171134826017611e-08 
 1.766037820685579e+06  5.938601222752886e-07  3.170955868942804e-08 
 1.770108958316834e+06  5.936447268561247e-07  3.170777575892797e-08 
 1.774189480889577e+06  5.934286778720294e-07  3.170599946559392e-08 
 1.778279410038333e+06  5.932119722006561e-07  3.170422980642479e-08 
 1.782378767447498e+06  5.929946067055645e-07  3.170246677846401e-08 
 1.786487574851458e+06  5.927765782513112e-07  3.170071037883868e-08 
 1.790605854034700e+06  5.925578836987878e-07  3.169896060468091e-08 
 1.794733626831931e+06  5.923385198916367e-07  3.169721745323487e-08 
 1.798870915128191e+06  5.921184836780880e-07  3.169548092177995e-08 
 1.803017740858970e+06  5.918977718949453e-07  3.169375100763106e-08 
 1.807174126010327e+06  5.916763813823007e-07  3.169202770817867e-08 
 1.811340092619001e+06  5.914543089534430e-07  3.169031102087690e-08 
 1.815515662772533e+06  5.912315514390315e-07  3.168860094324736e-08 
 1.819700858609379e+06  5.910081056498562e-07  3.168689747281990e-08 
 1.823895702319032e+06  5.907839683952578e-07  3.168520060722894e-08 
 1.828100216142136e+06  5.905591364822942e-07  3.168351034415889e-08 
 1.832314422370603e+06  5.903336067046526e-07  3.168182668132482e-08 
 1.836538343347736e+06  5.901073758545832e-07  3.168014961653581e-08 
 1.840772001468344e+06  5.898804407217767e-07  3.167847914763128e-08 
 1.845015419178861e+06  5.896527980839617e-07  3.167681527251650e-08 
 1.849268618977464e+06  5.894244447156059e-07  3.167515798917220e-08 
 1.853531623414196e+06  5.891953773892905e-07  3.167350729562043e-08 
 1.857804455091081e+06  5.889655928638579e-07  3.167186318991407e-08 
 1.862087136662249e+06  5.887350879073320e-07  3.167022567022919e-08 
 1.866379690834049e+06  5.885038592696312e-07  3.166859473474630e-08 
 1.870682140365178e+06  5.882719036983539e-07  3.166697038172729e-08 
 1.874994508066795e+06  5.880392179365341e-07  3.166535260949749e-08 
 1.879316816802643e+06  5.878057987192487e-07  3.166374141642965e-08 
 1.883649089489174e+06  5.875716427903187e-07  3.166213680095809e-08 
 1.887991349095665e+06  5.873367468703506e-07  3.166053876156262e-08 
 1.892343618644346e+06  5.871011076768215e-07  3.165894729681419e-08 
 1.896705921210515e+06  5.868647219434721e-07  3.165736240532987e-08 
 1.901078279922667e+06  5.866275863676058e-07  3.165578408576800e-08 
 1.905460717962613e+06  5.863896976716678e-07  3.165421233687904e-08 
 1.909853258565602e+06  5.861510525537816e-07  3.165264715742772e-08 
 1.914255925020448e+06  5.859116477090883e-07  3.165108854630777e-08 
 1.918668740669650e+06  5.856714798373072e-07  3.164953650239876e-08 
 1.923091728909517e+06  5.854305456320830e-07  3.164799102467782e-08 
 1.927524913190293e+06  5.851888417730109e-07  3.164645211220987e-08 
 1.931968317016280e+06  5.849463649386787e-07  3.164491976404169e-08 
 1.936421963945961e+06  5.847031118263895e-07  3.164339397935993e-08 
 1.940885877592131e+06  5.844590790844140e-07  3.164187475736853e-08 
 1.945360081622014e+06  5.842142633937936e-07  3.164036209736353e-08 
 1.949844599757395e+06  5.839686614184431e-07  3.163885599866196e-08 
 1.954339455774742e+06  5.837222698173838e-07  3.163735646067257e-08 
 1.958844673505336e+06  5.834750852539889e-07  3.163586348285667e-08 
 1.963360276835391e+06  5.832271043720809e-07  3.163437706473921e-08 
 1.967886289706188e+06  5.829783238238968e-07  3.163289720589774e-08 
 1.972422736114195e+06  5.827287402575933e-07  3.163142390598976e-08 
 1.976969640111201e+06  5.824783503118277e-07  3.162995716471001e-08 
 1.981527025804436e+06  5.822271506283428e-07  3.162849698184122e-08 
 1.986094917356708e+06  5.819751378401352e-07  3.162704335719845e-08 
 1.990673338986521e+06  5.817223085786033e-07  3.162559629070512e-08 
 1.995262314968213e+06  5.814686594734537e-07  3.162415578230702e-08 
 1.999861869632076e+06  5.812141871493231e-07  3.162272183201352e-08 
 2.004472027364491e+06  5.809588882230205e-07  3.162129443992853e-08 
 2.009092812608056e+06  5.807027593216053e-07  3.161987360617728e-08 
 2.013724249861715e+06  5.804457970576052e-07  3.161845933098568e-08 
 2.018366363680886e+06  5.801879980442543e-07  3.161705161463027e-08 
 2.023019178677595e+06  5.799293588868345e-07  3.161565045743714e-08 
 2.027682719520603e+06  5.796698762025902e-07  3.161425585980928e-08 
 2.032357010935541e+06  5.794095465913603e-07  3.161286782222545e-08 
 2.037042077705036e+06  5.791483666504144e-07  3.161148634519156e-08 
 2.041737944668846e+06  5.788863329904623e-07  3.161011142933357e-08 
 2.046444636723989e+06  5.786234421987625e-07  3.160874307526555e-08 
 2.051162178824878e+06  5.783596908785101e-07  3.160738128373541e-08 
 2.055890595983453e+06  5.780950756174375e-07  3.160602605554296e-08 
 2.060629913269310e+06  5.778295930143969e-07  3.160467739150272e-08 
 2.065380155809837e+06  5.775632396494924e-07  3.160333529256351e-08 
 2.070141348790348e+06  5.772960121191375e-07  3.160199975970030e-08 
 2.074913517454214e+06  5.770279070010401e-07  3.160067079395661e-08 
 2.079696687102998e+06  5.767589208819406e-07  3.159934839643793e-08 
 2.084490883096589e+06  5.764890503472663e-07  3.159803256831869e-08 
 2.089296130853338e+06  5.762182919804892e-07  3.159672331086933e-08 
 2.094112455850190e+06  5.759466423548105e-07  3.159542062538483e-08 
 2.098939883622820e+06  5.756740980513358e-07  3.159412451321958e-08 
 2.103778439765769e+06  5.754006556475536e-07  3.159283497585706e-08 
 2.108628149932581e+06  5.751263117230157e-07  3.159155201478231e-08 
 2.113489039835937e+06  5.748510628511246e-07  3.159027563156195e-08 
 2.118361135247790e+06  5.745749056066396e-07  3.158900582786129e-08 
 2.123244461999506e+06  5.742978365660340e-07  3.158774260537207e-08 
 2.128139045981997e+06  5.740198523000981e-07  3.158648596589354e-08 
 2.133044913145860e+06  5.737409493883536e-07  3.158523591123874e-08 
 2.137962089501514e+06  5.734611243925609e-07  3.158399244334255e-08 
 2.142890601119339e+06  5.731803738915817e-07  3.158275556418010e-08 
 2.147830474129812e+06  5.728986944644440e-07  3.158152527579548e-08 
 2.152781734723649e+06  5.726160826781309e-07  3.158030158030282e-08 
 2.157744409151941e+06  5.723325351057855e-07  3.157908447988950e-08 
 2.162718523726293e+06  5.720480483193596e-07  3.157787397681111e-08 
 2.167704104818966e+06  5.717626188980092e-07  3.157667007337316e-08 
 2.172701178863014e+06  5.714762434132834e-07  3.157547277197563e-08 
 2.177709772352426e+06  5.711889184350477e-07  3.157428207508398e-08 
 2.182729911842267e+06  5.709006405482612e-07  3.157309798521974e-08 
 2.187761623948816e+06  5.706114063231697e-07  3.157192050496939e-08 
 2.192804935349710e+06  5.703212123389034e-07  3.157074963702222e-08 
 2.197859872784085e+06  5.700300551782769e-07  3.156958538409932e-08 
 2.202926463052714e+06  5.697379314156492e-07  3.156842774900616e-08 
 2.208004733018156e+06  5.694448376358099e-07  3.156727673461753e-08 
 2.213094709604892e+06  5.691507704272071e-07  3.156613234389451e-08 
 2.218196419799471e+06  5.688557263649768e-07  3.156499457984671e-08 
 2.223309890650654e+06  5.685597020427115e-07  3.156386344556321e-08 
 2.228435149269552e+06  5.682626940464429e-07  3.156273894419276e-08 
 2.233572222829779e+06  5.679646989698520e-07  3.156162107897669e-08 
 2.238721138567585e+06  5.676657134064671e-07  3.156050985322191e-08 
 2.243881923782009e+06  5.673657339486460e-07  3.155940527028582e-08 
 2.249054605835022e+06  5.670647571989962e-07  3.155830733362321e-08 
 2.254239212151669e+06  5.667627797563118e-07  3.155721604673956e-08 
 2.259435770220215e+06  5.664597982273922e-07  3.155613141324007e-08 
 2.264644307592295e+06  5.661558092150731e-07  3.155505343677078e-08 
 2.269864851883056e+06  5.658508093328422e-07  3.155398212107265e-08 
 2.275097430771302e+06  5.655447951937321e-07  3.155291746994971e-08 
 2.280342071999648e+06  5.652377634093019e-07  3.155185948728767e-08 
 2.285598803374658e+06  5.649297106098561e-07  3.155080817702503e-08 
 2.290867652766999e+06  5.646206334156852e-07  3.154976354319595e-08 
 2.296148648111586e+06  5.643105284507337e-07  3.154872558988628e-08 
 2.301441817407731e+06  5.639993923546024e-07  3.154769432129181e-08 
 2.306747188719290e+06  5.636872217575503e-07  3.154666974163515e-08 
 2.312064790174813e+06  5.633740133071214e-07  3.154565185525086e-08 
 2.317394649967696e+06  5.630597636443242e-07  3.154464066653391e-08 
 2.322736796356322e+06  5.627444694225939e-07  3.154363617994779e-08 
 2.328091257664221e+06  5.624281272926243e-07  3.154263840003236e-08 
 2.333458062280213e+06  5.621107339177608e-07  3.154164733142366e-08 
 2.338837238658564e+06  5.617922859645155e-07  3.154066297880604e-08 
 2.344228815319129e+06  5.614727801070110e-07  3.153968534694657e-08 
 2.349632820847512e+06  5.611522130135871e-07  3.153871444069436e-08 
 2.355049283895212e+06  5.608305813704947e-07  3.153775026496914e-08 
 2.360478233179778e+06  5.605078818674518e-07  3.153679282476386e-08 
 2.365919697484957e+06  5.601841111975635e-07  3.153584212515385e-08 
 2.371373705660852e+06  5.598592660599018e-07  3.153489817129243e-08 
 2.376840286624072e+06  5.595333431642548e-07  3.153396096841400e-08 
 2.382319469357883e+06  5.592063392222858e-07  3.153303052180851e-08 
 2.387811282912368e+06  5.588782509552603e-07  3.153210683686056e-08 
 2.393315756404576e+06  5.585490750858274e-07  3.153118991903489e-08 
 2.398832919018677e+06  5.582188083564081e-07  3.153027977386039e-08 
 2.404362800006119e+06  5.578874475045818e-07  3.152937640695492e-08 
 2.409905428685778e+06  5.575549892763574e-07  3.152847982400761e-08 
 2.415460834444121e+06  5.572214304365292e-07  3.152759003079123e-08 
 2.421029046735357e+06  5.568867677408724e-07  3.152670703315294e-08 
 2.426610095081592e+06  5.565509979706019e-07  3.152583083700730e-08 
 2.432204009072990e+06  5.562141179000696e-07  3.152496144838555e-08 
 2.437810818367925e+06  5.558761243258387e-07  3.152409887337018e-08 
 2.443430552693143e+06  5.555370140367219e-07  3.152324311809863e-08 
 2.449063241843915e+06  5.551967838464333e-07  3.152239418884084e-08 
 2.454708915684198e+06  5.548554305727015e-07  3.152155209192926e-08 
 2.460367604146793e+06  5.545129510338968e-07  3.152071683373921e-08 
 2.466039337233502e+06  5.541693420673258e-07  3.151988842078215e-08 
 2.471724145015291e+06  5.538246005186691e-07  3.151906685960502e-08 
 2.477422057632444e+06  5.534787232413192e-07  3.151825215687890e-08 
 2.483133105294727e+06  5.531317070985745e-07  3.151744431931811e-08 
 2.488857318281546e+06  5.527835489656087e-07  3.151664335372223e-08 
 2.494594726942108e+06  5.524342457270753e-07  3.151584926699387e-08 
 2.500345361695582e+06  5.520837942760881e-07  3.151506206611107e-08 
 2.506109253031262e+06  5.517321915206393e-07  3.151428175810884e-08 
 2.511886431508726e+06  5.513794343724438e-07  3.151350835014970e-08 
 2.517676927758000e+06  5.510255197688304e-07  3.151274184944644e-08 
 2.523480772479717e+06  5.506704446437668e-07  3.151198226329022e-08 
 2.529297996445285e+06  5.503142059462748e-07  3.151122959907627e-08 
 2.535128630497046e+06  5.499568006448302e-07  3.151048386427808e-08 
 2.540972705548441e+06  5.495982257083550e-07  3.150974506643339e-08 
 2.546830252584175e+06  5.492384781323008e-07  3.150901321320551e-08 
 2.552701302660379e+06  5.488775549078972e-07  3.150828831229432e-08 
 2.558585886904775e+06  5.485154530515791e-07  3.150757037151567e-08 
 2.564484036516845e+06  5.481521695921548e-07  3.150685939875324e-08 
 2.570395782767989e+06  5.477877015606154e-07  3.150615540199117e-08 
 2.576321157001698e+06  5.474220460141030e-07  3.150545838927130e-08 
 2.582260190633717e+06  5.470552000151796e-07  3.150476836876464e-08 
 2.588212915152210e+06  5.466871606449616e-07  3.150408534868805e-08 
 2.594179362117931e+06  5.463179249965249e-07  3.150340933735937e-08 
 2.600159563164386e+06  5.459474901767786e-07  3.150274034319960e-08 
 2.606153549998008e+06  5.455758533067720e-07  3.150207837466271e-08 
 2.612161354398316e+06  5.452030115229809e-07  3.150142344035904e-08 
 2.618183008218093e+06  5.448289619744327e-07  3.150077554893790e-08 
 2.624218543383547e+06  5.444537018340890e-07  3.150013470915987e-08 
 2.630267991894485e+06  5.440772282797131e-07  3.149950092985508e-08 
 2.636331385824481e+06  5.436995385094845e-07  3.149887421995132e-08 
 2.642408757321045e+06  5.433206297315469e-07  3.149825458846342e-08 
 2.648500138605797e+06  5.429404991839874e-07  3.149764204450686e-08 
 2.654605561974633e+06  5.425591441030531e-07  3.149703659725483e-08 
 2.660725059797901e+06  5.421765617569370e-07  3.149643825599979e-08 
 2.666858664520569e+06  5.417927494212401e-07  3.149584703011134e-08 
 2.673006408662398e+06  5.414077043968843e-07  3.149526292905703e-08 
 2.679168324818117e+06  5.410214239890024e-07  3.149468596235812e-08 
 2.685344445657590e+06  5.406339055321101e-07  3.149411613967982e-08 
 2.691534803925996e+06  5.402451463727203e-07  3.149355347075589e-08 
 2.697739432443998e+06  5.398551438780095e-07  3.149299796538007e-08 
 2.703958364107919e+06  5.394638954306714e-07  3.149244963348776e-08 
 2.710191631889916e+06  5.390713984334299e-07  3.149190848507076e-08 
 2.716439268838154e+06  5.386776503075478e-07  3.149137453023187e-08 
 2.722701308076981e+06  5.382826484924711e-07  3.149084777914961e-08 
 2.728977782807107e+06  5.378863904433939e-07  3.149032824209993e-08 
 2.735268726305776e+06  5.374888736458739e-07  3.148981592945685e-08 
 2.741574171926945e+06  5.370900955937579e-07  3.148931085168312e-08 
 2.747894153101457e+06  5.366900538011969e-07  3.148881301933732e-08 
 2.754228703337224e+06  5.362887458098297e-07  3.148832244306229e-08 
 2.760577856219401e+06  5.358861691808401e-07  3.148783913360306e-08 
 2.766941645410565e+06  5.354823214851959e-07  3.148736310179778e-08 
 2.773320104650891e+06  5.350772003315880e-07  3.148689435858030e-08 
 2.779713267758337e+06  5.346708033306648e-07  3.148643291495215e-08 
 2.786121168628816e+06  5.342631281290222e-07  3.148597878207881e-08 
 2.792543841236382e+06  5.338541723901081e-07  3.148553197113407e-08 
 2.798981319633404e+06  5.334439337985877e-07  3.148509249344355e-08 
 2.805433637950752e+06  5.330324100626828e-07  3.148466036040579e-08 
 2.811900830397977e+06  5.326195989104598e-07  3.148423558354461e-08 
 2.818382931263488e+06  5.322054980939667e-07  3.148381817442465e-08 
 2.824879974914739e+06  5.317901053896619e-07  3.148340814475578e-08 
 2.831391995798409e+06  5.313734185911284e-07  3.148300550633631e-08 
 2.837919028440583e+06  5.309554355254156e-07  3.148261027104178e-08 
 2.844461107446940e+06  5.305361540359562e-07  3.148222245087421e-08 
 2.851018267502931e+06  5.301155719866662e-07  3.148184205789034e-08 
 2.857590543373967e+06  5.296936872743298e-07  3.148146910429698e-08 
 2.864177969905598e+06  5.292704978195738e-07  3.148110360236888e-08 
 2.870780582023706e+06  5.288460015559594e-07  3.148074556447633e-08 
 2.877398414734682e+06  5.284201964546989e-07  3.148039500309880e-08 
 2.884031503125616e+06  5.279930805067048e-07  3.148005193083331e-08 
 2.890679882364483e+06  5.275646517330391e-07  3.147971636032301e-08 
 2.897343587700328e+06  5.271349081683726e-07  3.147938830436107e-08 
 2.904022654463453e+06  5.267038478862733e-07  3.147906777582578e-08 
 2.910717118065605e+06  5.262714689763975e-07  3.147875478769615e-08 
 2.917427014000164e+06  5.258377695666049e-07  3.147844935305503e-08 
 2.924152377842330e+06  5.254027478024567e-07  3.147815148506609e-08 
 2.930893245249313e+06  5.249664018571333e-07  3.147786119701787e-08 
 2.937649651960521e+06  5.245287299287347e-07  3.147757850230490e-08 
 2.944421633797748e+06  5.240897302542148e-07  3.147730341441086e-08 
 2.951209226665371e+06  5.236494010828592e-07  3.147703594690825e-08 
 2.958012466550529e+06  5.232077407064192e-07  3.147677611350134e-08 
 2.964831389523323e+06  5.227647474315455e-07  3.147652392797746e-08 
 2.971666031737004e+06  5.223204196012690e-07  3.147627940423364e-08 
 2.978516429428165e+06  5.218747555870566e-07  3.147604255628720e-08 
 2.985382618916932e+06  5.214277537879175e-07  3.147581339821602e-08 
 2.992264636607159e+06  5.209794126315266e-07  3.147559194427175e-08 
 2.999162518986619e+06  5.205297305758130e-07  3.147537820873519e-08 
 3.006076302627196e+06  5.200787061086515e-07  3.147517220604424e-08 
 3.013006024185084e+06  5.196263377468079e-07  3.147497395071874e-08 
 3.019951720400976e+06  5.191726240386853e-07  3.147478345739077e-08 
 3.026913428100263e+06  5.187175635581470e-07  3.147460074081498e-08 
 3.033891184193225e+06  5.182611549221263e-07  3.147442581581124e-08 
 3.040885025675231e+06  5.178033967670362e-07  3.147425869734938e-08 
 3.047894989626932e+06  5.173442877605459e-07  3.147409940049382e-08 
 3.054921113214460e+06  5.168838266092405e-07  3.147394794039791e-08 
 3.061963433689621e+06  5.164220120511522e-07  3.147380433233797e-08 
 3.069021988390099e+06  5.159588428454948e-07  3.147366859170836e-08 
 3.076096814739647e+06  5.154943177960820e-07  3.147354073400381e-08 
 3.083187950248290e+06  5.150284357335966e-07  3.147342077482635e-08 
 3.090295432512524e+06  5.145611955227637e-07  3.147330872986145e-08 
 3.097419299215511e+06  5.140925960624798e-07  3.147320461497099e-08 
 3.104559588127284e+06  5.136226362809823e-07  3.147310844606051e-08 
 3.111716337104944e+06  5.131513151417111e-07  3.147302023917063e-08 
 3.118889584092860e+06  5.126786316485683e-07  3.147294001047305e-08 
 3.126079367122876e+06  5.122045848281418e-07  3.147286777620943e-08 
 3.133285724314503e+06  5.117291737529158e-07  3.147280355277417e-08 
 3.140508693875133e+06  5.112523975179187e-07  3.147274735664995e-08 
 3.147748314100228e+06  5.107742552665603e-07  3.147269920443042e-08 
 3.155004623373536e+06  5.102947461634533e-07  3.147265911283843e-08 
 3.162277660167287e+06  5.098138694181642e-07  3.147262709869123e-08 
 3.169567463042396e+06  5.093316242736817e-07  3.147260317892727e-08 
 3.176874070648673e+06  5.088480100078721e-07  3.147258737061576e-08 
 3.184197521725024e+06  5.083630259340930e-07  3.147257969089147e-08 
 3.191537855099658e+06  5.078766714046939e-07  3.147258015707273e-08 
 3.198895109690291e+06  5.073889458048753e-07  3.147258878654285e-08 
 3.206269324504356e+06  5.068998485575271e-07  3.147260559681817e-08 
 3.213660538639206e+06  5.064093791290017e-07  3.147263060550992e-08 
 3.221068791282320e+06  5.059175370112598e-07  3.147266383038305e-08 
 3.228494121711518e+06  5.054243217463251e-07  3.147270528929170e-08 
 3.235936569295163e+06  5.049297329028724e-07  3.147275500019461e-08 
 3.243396173492370e+06  5.044337700946546e-07  3.147281298121588e-08 
 3.250872973853218e+06  5.039364329716234e-07  3.147287925054390e-08 
 3.258367010018960e+06  5.034377212243895e-07  3.147295382652218e-08 
 3.265878321722227e+06  5.029376345779843e-07  3.147303672761209e-08 
 3.273406948787248e+06  5.024361728008026e-07  3.147312797235435e-08 
 3.280952931130054e+06  5.019333356965900e-07  3.147322757944401e-08 
 3.288516308758691e+06  5.014291231109074e-07  3.147333556769055e-08 
 3.296097121773436e+06  5.009235349260148e-07  3.147345195601555e-08 
 3.303695410367003e+06  5.004165710716101e-07  3.147357676347102e-08 
 3.311311214824764e+06  4.999082315069507e-07  3.147371000922258e-08 
 3.318944575524954e+06  4.993985162432954e-07  3.147385171257068e-08 
 3.326595532938892e+06  4.988874253204573e-07  3.147400189289510e-08 
 3.334264127631193e+06  4.983749588266630e-07  3.147416056975103e-08 
 3.341950400259984e+06  4.978611168910113e-07  3.147432776277224e-08 
 3.349654391577115e+06  4.973458996815596e-07  3.147450349177106e-08 
 3.357376142428382e+06  4.968293074084652e-07  3.147468777661568e-08 
 3.365115693753739e+06  4.963113403238867e-07  3.147488063733640e-08 
 3.372873086587518e+06  4.957919987190157e-07  3.147508209407472e-08 
 3.380648362058642e+06  4.952712829353762e-07  3.147529216711426e-08 
 3.388441561390849e+06  4.947491933481995e-07  3.147551087684479e-08 
 3.396252725902905e+06  4.942257303753835e-07  3.147573824379353e-08 
 3.404081897008826e+06  4.937008944838035e-07  3.147597428860156e-08 
 3.411929116218100e+06  4.931746861825957e-07  3.147621903204166e-08 
 3.419794425135900e+06  4.926471060186497e-07  3.147647249501821e-08 
 3.427677865463312e+06  4.921181545796284e-07  3.147673469854609e-08 
 3.435579478997552e+06  4.915878325102243e-07  3.147700566377846e-08 
 3.443499307632187e+06  4.910561404880373e-07  3.147728541201537e-08 
 3.451437393357362e+06  4.905230792351871e-07  3.147757396465237e-08 
 3.459393778260016e+06  4.899886495246530e-07  3.147787134322467e-08 
 3.467368504524110e+06  4.894528521647403e-07  3.147817756939766e-08 
 3.475361614430849e+06  4.889156880178626e-07  3.147849266497737e-08 
 3.483373150358906e+06  4.883771579801051e-07  3.147881665187734e-08 
 3.491403154784646e+06  4.878372630024725e-07  3.147914955214972e-08 
 3.499451670282354e+06  4.872960040786511e-07  3.147949138799520e-08 
 3.507518739524459e+06  4.867533822409327e-07  3.147984218172462e-08 
 3.515604405281757e+06  4.862093985750171e-07  3.148020195578077e-08 
 3.523708710423644e+06  4.856640542062975e-07  3.148057073273860e-08 
 3.531831697918339e+06  4.851173503147316e-07  3.148094853533331e-08 
 3.539973410833113e+06  4.845692881171101e-07  3.148133538638059e-08 
 3.548133892334518e+06  4.840198688779902e-07  3.148173130888839e-08 
 3.556313185688614e+06  4.834690939144606e-07  3.148213632594093e-08 
 3.564511334261200e+06  4.829169645807382e-07  3.148255046080112e-08 
 3.572728381518044e+06  4.823634822851815e-07  3.148297373683239e-08 
 3.580964371025112e+06  4.818086484803396e-07  3.148340617756639e-08 
 3.589219346448801e+06  4.812524646649564e-07  3.148384780665157e-08 
 3.597493351556168e+06  4.806949323862648e-07  3.148429864787885e-08 
 3.605786430215166e+06  4.801360532383526e-07  3.148475872514200e-08 
 3.614098626394872e+06  4.795758288610175e-07  3.148522806253050e-08 
 3.622429984165722e+06  4.790142609417607e-07  3.148570668422402e-08 
 3.630780547699746e+06  4.784513512217423e-07  3.148619461457588e-08 
 3.639150361270801e+06  4.778871014793227e-07  3.148669187802191e-08 
 3.647539469254804e+06  4.773215135550042e-07  3.148719849921374e-08 
 3.655947916129972e+06  4.767545893164861e-07  3.148771450286202e-08 
 3.664375746477053e+06  4.761863307016453e-07  3.148823991387225e-08 
 3.672823004979564e+06  4.756167396846095e-07  3.148877475728528e-08 
 3.681289736424028e+06  4.750458182890436e-07  3.148931905825072e-08 
 3.689775985700214e+06  4.744735685929663e-07  3.148987284208081e-08 
 3.698281797801370e+06  4.738999927167905e-07  3.149043613422076e-08 
 3.706807217824465e+06  4.733250928292678e-07  3.149100896027663e-08 
 3.715352290970427e+06  4.727488711557934e-07  3.149159134597740e-08 
 3.723917062544384e+06  4.721713299605934e-07  3.149218331719136e-08 
 3.732501577955901e+06  4.715924715642194e-07  3.149278489994514e-08 
 3.741105882719226e+06  4.710122983351929e-07  3.149339612039926e-08 
 3.749730022453524e+06  4.704308126897526e-07  3.149401700484658e-08 
 3.758374042883127e+06  4.698480170946749e-07  3.149464757977460e-08 
 3.767037989837771e+06  4.692639140631014e-07  3.149528787173971e-08 
 3.775721909252840e+06  4.686785061665383e-07  3.149593790749517e-08 
 3.784425847169609e+06  4.680917960143142e-07  3.149659771394366e-08 
 3.793149849735492e+06  4.675037862770358e-07  3.149726731809026e-08 
 3.801893963204282e+06  4.669144796646149e-07  3.149794674714338e-08 
 3.810658233936397e+06  4.663238789443929e-07  3.149863602840961e-08 
 3.819442708399129e+06  4.657319869307921e-07  3.149933518937565e-08 
 3.828247433166886e+06  4.651388064897054e-07  3.150004425764998e-08 
 3.837072454921444e+06  4.645443405351997e-07  3.150076326103024e-08 
 3.845917820452189e+06  4.639485920307201e-07  3.150149222739706e-08 
 3.854783576656368e+06  4.633515639963857e-07  3.150223118485973e-08 
 3.863669770539338e+06  4.627532594928686e-07  3.150298016162388e-08 
 3.872576449214815e+06  4.621536816368305e-07  3.150373918604645e-08 
 3.881503659905122e+06  4.615528336023009e-07  3.150450828666336e-08 
 3.890451449941442e+06  4.609507185982145e-07  3.150528749215228e-08 
 3.899419866764067e+06  4.603473398943324e-07  3.150607683133396e-08 
 3.908408957922650e+06  4.597427008096565e-07  3.150687633318053e-08 
 3.917418771076457e+06  4.591368047115483e-07  3.150768602682418e-08 
 3.926449353994621e+06  4.585296550174218e-07  3.150850594154811e-08 
 3.935500754556394e+06  4.579212551989244e-07  3.150933610680581e-08 
 3.944573020751400e+06  4.573116087785531e-07  3.151017655216699e-08 
 3.953666200679892e+06  4.567007193200810e-07  3.151102730739572e-08 
 3.962780342553004e+06  4.560885904546173e-07  3.151188840239139e-08 
 3.971915494693010e+06  4.554752258467067e-07  3.151275986719741e-08 
 3.981071705533575e+06  4.548606292192295e-07  3.151364173205339e-08 
 3.990249023620020e+06  4.542448043498294e-07  3.151453402732095e-08 
 3.999447497609571e+06  4.536277550586140e-07  3.151543678352301e-08 
 4.008667176271621e+06  4.530094852236813e-07  3.151635003135439e-08 
 4.017908108487988e+06  4.523899987660863e-07  3.151727380166867e-08 
 4.027170343253177e+06  4.517692996637971e-07  3.151820812545637e-08 
 4.036453929674632e+06  4.511473919426780e-07  3.151915303388126e-08 
 4.045758916973006e+06  4.505242796799715e-07  3.152010855828362e-08 
 4.055085354482414e+06  4.498999669999892e-07  3.152107473014290e-08 
 4.064433291650699e+06  4.492744580854306e-07  3.152205158109147e-08 
 4.073802778039696e+06  4.486477571593308e-07  3.152303914295112e-08 
 4.083193863325486e+06  4.480198685030682e-07  3.152403744768473e-08 
 4.092606597298670e+06  4.473907964467195e-07  3.152504652743330e-08 
 4.102041029864626e+06  4.467605453662553e-07  3.152606641446993e-08 
 4.111497211043776e+06  4.461291196898349e-07  3.152709714127592e-08 
 4.120975190971853e+06  4.454965239009550e-07  3.152813874046458e-08 
 4.130475019900161e+06  4.448627625279172e-07  3.152919124483089e-08 
 4.139996748195848e+06  4.442278401471915e-07  3.153025468731113e-08 
 4.149540426342170e+06  4.435917613910484e-07  3.153132910102615e-08 
 4.159106104938758e+06  4.429545309375182e-07  3.153241451927667e-08 
 4.168693834701887e+06  4.423161535174715e-07  3.153351097549206e-08 
 4.178303666464747e+06  4.416766339082134e-07  3.153461850330009e-08 
 4.187935651177709e+06  4.410359769384371e-07  3.153573713648634e-08 
 4.197589839908598e+06  4.403941874862257e-07  3.153686690900146e-08 
 4.207266283842959e+06  4.397512704760954e-07  3.153800785497052e-08 
 4.216965034284337e+06  4.391072308872029e-07  3.153916000869252e-08 
 4.226686142654541e+06  4.384620737453803e-07  3.154032340459906e-08 
 4.236429660493919e+06  4.378158041270985e-07  3.154149807734987e-08 
 4.246195639461633e+06  4.371684271500952e-07  3.154268406174678e-08 
 4.255984131335931e+06  4.365199479927559e-07  3.154388139275089e-08 
 4.265795188014423e+06  4.358703718727618e-07  3.154509010551383e-08 
 4.275628861514355e+06  4.352197040635472e-07  3.154631023535667e-08 
 4.285485203972884e+06  4.345679498794789e-07  3.154754181776307e-08 
 4.295364267647359e+06  4.339151146894088e-07  3.154878488840706e-08 
 4.305266104915589e+06  4.332612039076495e-07  3.155003948312131e-08 
 4.315190768276131e+06  4.326062229969846e-07  3.155130563792732e-08 
 4.325138310348562e+06  4.319501774662003e-07  3.155258338900594e-08 
 4.335108783873760e+06  4.312930728771935e-07  3.155387277271981e-08 
 4.345102241714183e+06  4.306349148322843e-07  3.155517382561898e-08 
 4.355118736854150e+06  4.299757089863820e-07  3.155648658441362e-08 
 4.365158322400120e+06  4.293154610396431e-07  3.155781108599771e-08 
 4.375221051580978e+06  4.286541767392467e-07  3.155914736745131e-08 
 4.385306977748310e+06  4.279918618794652e-07  3.156049546601647e-08 
 4.395416154376695e+06  4.273285222996711e-07  3.156185541912375e-08 
 4.405548635063979e+06  4.266641638901815e-07  3.156322726439978e-08 
 4.415704473531567e+06  4.259987925814902e-07  3.156461103961180e-08 
 4.425883723624703e+06  4.253324143546545e-07  3.156600678274677e-08 
 4.436086439312759e+06  4.246650352353903e-07  3.156741453194457e-08 
 4.446312674689516e+06  4.239966612954022e-07  3.156883432553901e-08 
 4.456562483973458e+06  4.233272986478802e-07  3.157026620205846e-08 
 4.466835921508053e+06  4.226569534574550e-07  3.157171020019301e-08 
 4.477133041762044e+06  4.219856319320425e-07  3.157316635883390e-08 
 4.487453899329736e+06  4.213133403213822e-07  3.157463471703368e-08 
 4.497798548931289e+06  4.206400849217684e-07  3.157611531403437e-08 
 4.508167045413008e+06  4.199658720723587e-07  3.157760818930481e-08 
 4.518559443747627e+06  4.192907081615015e-07  3.157911338243587e-08 
 4.528975799034607e+06  4.186145996141907e-07  3.158063093324614e-08 
 4.539416166500427e+06  4.179375529056316e-07  3.158216088172685e-08 
 4.549880601498877e+06  4.172595745479789e-07  3.158370326806301e-08 
 4.560369159511349e+06  4.165806711016887e-07  3.158525813263771e-08 
 4.570881896147134e+06  4.159008491658536e-07  3.158682551598652e-08 
 4.581418867143714e+06  4.152201153881130e-07  3.158840545886170e-08 
 4.591980128367062e+06  4.145384764511056e-07  3.158999800222180e-08 
 4.602565735811932e+06  4.138559390854806e-07  3.159160318716425e-08 
 4.613175745602162e+06  4.131725100604163e-07  3.159322105502458e-08 
 4.623810213990967e+06  4.124881961879295e-07  3.159485164730633e-08 
 4.634469197361240e+06  4.118030043205228e-07  3.159649500571087e-08 
 4.645152752225850e+06  4.111169413509162e-07  3.159815117213266e-08 
 4.655860935227941e+06  4.104300142154640e-07  3.159982018866533e-08 
 4.666593803141234e+06  4.097422298867831e-07  3.160150209757604e-08 
 4.677351412870325e+06  4.090535953800325e-07  3.160319694135404e-08 
 4.688133821450992e+06  4.083641177506473e-07  3.160490476265567e-08 
 4.698941086050489e+06  4.076738040903540e-07  3.160662560436250e-08 
 4.709773263967860e+06  4.069826615348939e-07  3.160835950951249e-08 
 4.720630412634232e+06  4.062906972538436e-07  3.161010652138782e-08 
 4.731512589613128e+06  4.055979184580980e-07  3.161186668342801e-08 
 4.742419852600765e+06  4.049043323963934e-07  3.161364003929367e-08 
 4.753352259426367e+06  4.042099463530446e-07  3.161542663282835e-08 
 4.764309868052468e+06  4.035147676556521e-07  3.161722650808354e-08 
 4.775292736575215e+06  4.028188036609734e-07  3.161903970931312e-08 
 4.786300923224686e+06  4.021220617688983e-07  3.162086628097970e-08 
 4.797334486365190e+06  4.014245494135390e-07  3.162270626770554e-08 
 4.808393484495580e+06  4.007262740647478e-07  3.162455971435468e-08 
 4.819477976249564e+06  4.000272432309531e-07  3.162642666598806e-08 
 4.830588020396013e+06  3.993274644473220e-07  3.162830716784411e-08 
 4.841723675839275e+06  3.986269452961654e-07  3.163020126541041e-08 
 4.852885001619488e+06  3.979256933878048e-07  3.163210900432102e-08 
 4.864072056912889e+06  3.972237163679973e-07  3.163403043044951e-08 
 4.875284901032132e+06  3.965210219149096e-07  3.163596558987309e-08 
 4.886523593426600e+06  3.958176177452157e-07  3.163791452887387e-08 
 4.897788193682722e+06  3.951135116017176e-07  3.163987729393524e-08 
 4.909078761524286e+06  3.944087112662086e-07  3.164185393172680e-08 
 4.920395356812760e+06  3.937032245506159e-07  3.164384448916715e-08 
 4.931738039547605e+06  3.929970592968051e-07  3.164584901336860e-08 
 4.943106869866597e+06  3.922902233847590e-07  3.164786755160958e-08 
 4.954501908046140e+06  3.915827247188591e-07  3.164990015144787e-08 
 4.965923214501594e+06  3.908745712375039e-07  3.165194686059334e-08 
 4.977370849787589e+06  3.901657709100678e-07  3.165400772700619e-08 
 4.988844874598347e+06  3.894563317342311e-07  3.165608279882776e-08 
 5.000345349768005e+06  3.887462617415146e-07  3.165817212442246e-08 
 5.011872336270939e+06  3.880355689866591e-07  3.166027575237894e-08 
 5.023425895222082e+06  3.873242615586223e-07  3.166239373148203e-08 
 5.035006087877255e+06  3.866123475718707e-07  3.166452611072688e-08 
 5.046612975633486e+06  3.858998351720502e-07  3.166667293932947e-08 
 5.058246620029339e+06  3.851867325272221e-07  3.166883426673751e-08 
 5.069907082745237e+06  3.844730478378920e-07  3.167101014258973e-08 
 5.081594425603795e+06  3.837587893304011e-07  3.167320061674076e-08 
 5.093308710570139e+06  3.830439652544276e-07  3.167540573928030e-08 
 5.105049999752243e+06  3.823285838899802e-07  3.167762556050441e-08 
 5.116818355401253e+06  3.816126535400842e-07  3.167986013092054e-08 
 5.128613839911820e+06  3.808961825335538e-07  3.168210950125306e-08 
 5.140436515822428e+06  3.801791792241146e-07  3.168437372247547e-08 
 5.152286445815728e+06  3.794616519889925e-07  3.168665284573534e-08 
 5.164163692718868e+06  3.787436092295667e-07  3.168894692243977e-08 
 5.176068319503831e+06  3.780250593717286e-07  3.169125600418800e-08 
 5.188000389287760e+06  3.773060108627606e-07  3.169358014281556e-08 
 5.199959965333304e+06  3.765864721745999e-07  3.169591939037590e-08 
 5.211947111048944e+06  3.758664517979379e-07  3.169827379914916e-08 
 5.223961889989333e+06  3.751459582491336e-07  3.170064342163872e-08 
 5.236004365855633e+06  3.744250000620658e-07  3.170302831056036e-08 
 5.248074602495852e+06  3.737035857935895e-07  3.170542851886135e-08 
 5.260172663905183e+06  3.729817240200686e-07  3.170784409971804e-08 
 5.272298614226344e+06  3.722594233382512e-07  3.171027510654310e-08 
 5.284452517749916e+06  3.715366923630112e-07  3.171272159292917e-08 
 5.296634438914686e+06  3.708135397311524e-07  3.171518361276059e-08 
 5.308844442307986e+06  3.700899740917640e-07  3.171766122010800e-08 
 5.321082592666040e+06  3.693660041183452e-07  3.172015446926851e-08 
 5.333348954874303e+06  3.686416384995248e-07  3.172266341478288e-08 
 5.345643593967806e+06  3.679168859406969e-07  3.172518811143357e-08 
 5.357966575131500e+06  3.671917551650014e-07  3.172772861419537e-08 
 5.370317963700606e+06  3.664662549089102e-07  3.173028497830519e-08 
 5.382697825160958e+06  3.657403939267526e-07  3.173285725922098e-08 
 5.395106225149347e+06  3.650141809883580e-07  3.173544551264026e-08 
 5.407543229453874e+06  3.642876248769041e-07  3.173804979447724e-08 
 5.420008904014300e+06  3.635607343900523e-07  3.174067016088409e-08 
 5.432503314922389e+06  3.628335183418085e-07  3.174330666826102e-08 
 5.445026528422263e+06  3.621059855541129e-07  3.174595937323610e-08 
 5.457578610910756e+06  3.613781448666043e-07  3.174862833266462e-08 
 5.470159628937758e+06  3.606500051285964e-07  3.175131360362579e-08 
 5.482769649206574e+06  3.599215752034561e-07  3.175401524347556e-08 
 5.495408738574278e+06  3.591928639629410e-07  3.175673330977367e-08 
 5.508076964052062e+06  3.584638802912212e-07  3.175946786032834e-08 
 5.520774392805596e+06  3.577346330846959e-07  3.176221895318251e-08 
 5.533501092155385e+06  3.570051312461693e-07  3.176498664661951e-08 
 5.546257129577121e+06  3.562753836911921e-07  3.176777099917731e-08 
 5.559042572702045e+06  3.555453993398192e-07  3.177057206960350e-08 
 5.571857489317303e+06  3.548151871264145e-07  3.177338991690326e-08 
 5.584701947366307e+06  3.540847559883004e-07  3.177622460034347e-08 
 5.597576014949095e+06  3.533541148734703e-07  3.177907617938189e-08 
 5.610479760322694e+06  3.526232727355750e-07  3.178194471377915e-08 
 5.623413251901475e+06  3.518922385348770e-07  3.178483026348925e-08 
 5.636376558257523e+06  3.511610212364212e-07  3.178773288875220e-08 
 5.649369748120999e+06  3.504296298141875e-07  3.179065265002377e-08 
 5.662392890380502e+06  3.496980732439530e-07  3.179358960799969e-08 
 5.675446054083435e+06  3.489663605069520e-07  3.179654382364778e-08 
 5.688529308436373e+06  3.482345005903255e-07  3.179951535818496e-08 
 5.701642722805428e+06  3.475025024821122e-07  3.180250427303010e-08 
 5.714786366716619e+06  3.467703751737695e-07  3.180551062990355e-08 
 5.727960309856235e+06  3.460381276625776e-07  3.180853449074551e-08 
 5.741164622071213e+06  3.453057689438519e-07  3.181157591774657e-08 
 5.754399373369502e+06  3.445733080173784e-07  3.181463497336441e-08 
 5.767664633920435e+06  3.438407538830264e-07  3.181771172029323e-08 
 5.780960474055103e+06  3.431081155403487e-07  3.182080622147414e-08 
 5.794286964266728e+06  3.423754019917776e-07  3.182391854009815e-08 
 5.807644175211033e+06  3.416426222368435e-07  3.182704873964043e-08 
 5.821032177706622e+06  3.409097852754071e-07  3.183019688378259e-08 
 5.834451042735349e+06  3.401769001078745e-07  3.183336303650575e-08 
 5.847900841442704e+06  3.394439757277600e-07  3.183654726200530e-08 
 5.861381645138179e+06  3.387110211316172e-07  3.183974962476597e-08 
 5.874893525295653e+06  3.379780453122187e-07  3.184297018950024e-08 
 5.888436553553771e+06  3.372450572581273e-07  3.184620902118981e-08 
 5.902010801716319e+06  3.365120659520669e-07  3.184946618508905e-08 
 5.915616341752610e+06  3.357790803775963e-07  3.185274174666141e-08 
 5.929253245797863e+06  3.350461095114434e-07  3.185603577169426e-08 
 5.942921586153586e+06  3.343131623226945e-07  3.185934832618310e-08 
 5.956621435287959e+06  3.335802477793076e-07  3.186267947641331e-08 
 5.970352865836218e+06  3.328473748410846e-07  3.186602928890674e-08 
 5.984115950601040e+06  3.321145524592716e-07  3.186939783046819e-08 
 5.997910762552933e+06  3.313817895816797e-07  3.187278516814235e-08 
 6.011737374830614e+06  3.306490951483314e-07  3.187619136925147e-08 
 6.025595860741406e+06  3.299164780883771e-07  3.187961650139135e-08 
 6.039486293761621e+06  3.291839473259700e-07  3.188306063239279e-08 
 6.053408747536954e+06  3.284515117740433e-07  3.188652383036460e-08 
 6.067363295882867e+06  3.277191803366253e-07  3.189000616370771e-08 
 6.081350012784987e+06  3.269869619106520e-07  3.189350770100648e-08 
 6.095368972399494e+06  3.262548653788017e-07  3.189702851123694e-08 
 6.109420249053516e+06  3.255228996150343e-07  3.190056866351906e-08 
 6.123503917245526e+06  3.247910734834215e-07  3.190412822731987e-08 
 6.137620051645728e+06  3.240593958345097e-07  3.190770727234129e-08 
 6.151768727096462e+06  3.233278755076682e-07  3.191130586856350e-08 
 6.165950018612596e+06  3.225965213292337e-07  3.191492408623330e-08 
 6.180164001381928e+06  3.218653421130983e-07  3.191856199586839e-08 
 6.194410750765578e+06  3.211343466599298e-07  3.192221966827454e-08 
 6.208690342298393e+06  3.204035437561022e-07  3.192589717448527e-08 
 6.223002851689347e+06  3.196729421737114e-07  3.192959458585038e-08 
 6.237348354821939e+06  3.189425506713667e-07  3.193331197397969e-08 
 6.251726927754599e+06  3.182123779897955e-07  3.193704941074980e-08 
 6.266138646721089e+06  3.174824328566786e-07  3.194080696830347e-08 
 6.280583588130909e+06  3.167527239830693e-07  3.194458471906973e-08 
 6.295061828569700e+06  3.160232600634313e-07  3.194838273576810e-08 
 6.309573444799651e+06  3.152940497751986e-07  3.195220109137248e-08 
 6.324118513759908e+06  3.145651017775246e-07  3.195603985913415e-08 
 6.338697112566978e+06  3.138364247137256e-07  3.195989911260973e-08 
 6.353309318515140e+06  3.131080272087556e-07  3.196377892557254e-08 
 6.367955209076855e+06  3.123799178658730e-07  3.196767937214891e-08 
 6.382634861903179e+06  3.116521052742317e-07  3.197160052670336e-08 
 6.397348354824168e+06  3.109245980004771e-07  3.197554246388048e-08 
 6.412095765849297e+06  3.101974045907285e-07  3.197950525862080e-08 
 6.426877173167871e+06  3.094705335737594e-07  3.198348898612916e-08 
 6.441692655149442e+06  3.087439934553810e-07  3.198749372191312e-08 
 6.456542290344219e+06  3.080177927216993e-07  3.199151954173522e-08 
 6.471426157483489e+06  3.072919398357023e-07  3.199556652168412e-08 
 6.486344335480036e+06  3.065664432405920e-07  3.199963473808459e-08 
 6.501296903428554e+06  3.058413113563062e-07  3.200372426757168e-08 
 6.516283940606068e+06  3.051165525791782e-07  3.200783518707077e-08 
 6.531305526472359e+06  3.043921752845166e-07  3.201196757378350e-08 
 6.546361740670379e+06  3.036681878223368e-07  3.201612150519524e-08 
 6.561452663026677e+06  3.029445985208613e-07  3.202029705908551e-08 
 6.576578373551822e+06  3.022214156818822e-07  3.202449431352919e-08 
 6.591738952440825e+06  3.014986475841757e-07  3.202871334687399e-08 
 6.606934480073566e+06  3.007763024813254e-07  3.203295423776174e-08 
 6.622165037015219e+06  3.000543886012809e-07  3.203721706511440e-08 
 6.637430704016683e+06  2.993329141457167e-07  3.204150190818294e-08 
 6.652731562015002e+06  2.986118872919745e-07  3.204580884647095e-08 
 6.668067692133803e+06  2.978913161898410e-07  3.205013795979576e-08 
 6.683439175683722e+06  2.971712089619158e-07  3.205448932823841e-08 
 6.698846094162834e+06  2.964515737049082e-07  3.205886303222957e-08 
 6.714288529257087e+06  2.957324184867547e-07  3.206325915242452e-08 
 6.729766562840736e+06  2.950137513491910e-07  3.206767776982195e-08 
 6.745280276976772e+06  2.942955803034030e-07  3.207211896571160e-08 
 6.760829753917363e+06  2.935779133350144e-07  3.207658282164657e-08 
 6.776415076104291e+06  2.928607583982540e-07  3.208106941952203e-08 
 6.792036326169379e+06  2.921441234191187e-07  3.208557884150079e-08 
 6.807693586934942e+06  2.914280162944662e-07  3.209011117004530e-08 
 6.823386941414217e+06  2.907124448905671e-07  3.209466648792650e-08 
 6.839116472811809e+06  2.899974170439673e-07  3.209924487821189e-08 
 6.854882264524125e+06  2.892829405611314e-07  3.210384642427057e-08 
 6.870684400139825e+06  2.885690232164761e-07  3.210847120977029e-08 
 6.886522963440259e+06  2.878556727545456e-07  3.211311931868221e-08 
 6.902398038399911e+06  2.871428968873492e-07  3.211779083528334e-08 
 6.918309709186851e+06  2.864307032953540e-07  3.212248584412972e-08 
 6.934258060163171e+06  2.857190996285226e-07  3.212720443011592e-08 
 6.950243175885442e+06  2.850080935022282e-07  3.213194667841243e-08 
 6.966265141105155e+06  2.842976925005289e-07  3.213671267451222e-08 
 6.982324040769175e+06  2.835879041737288e-07  3.214150250421861e-08 
 6.998419960020190e+06  2.828787360392868e-07  3.214631625361801e-08 
 7.014552984197161e+06  2.821701955816246e-07  3.215115400912764e-08 
 7.030723198835777e+06  2.814622902504607e-07  3.215601585744175e-08 
 7.046930689668906e+06  2.807550274622895e-07  3.216090188560473e-08 
 7.063175542627051e+06  2.800484145976395e-07  3.216581218092184e-08 
 7.079457843838803e+06  2.793424590043742e-07  3.217074683105828e-08 
 7.095777679631306e+06  2.786371679943222e-07  3.217570592395484e-08 
 7.112135136530702e+06  2.779325488449576e-07  3.218068954786930e-08 
 7.128530301262600e+06  2.772286087961856e-07  3.218569779137930e-08 
 7.144963260752532e+06  2.765253550555726e-07  3.219073074336597e-08 
 7.161434102126412e+06  2.758227947913346e-07  3.219578849303376e-08 
 7.177942912711003e+06  2.751209351381775e-07  3.220087112989275e-08 
 7.194489780034374e+06  2.744197831923395e-07  3.220597874376812e-08 
 7.211074791826368e+06  2.737193460149204e-07  3.221111142479541e-08 
 7.227698036019068e+06  2.730196306289612e-07  3.221626926343989e-08 
 7.244359600747259e+06  2.723206440211009e-07  3.222145235047408e-08 
 7.261059574348900e+06  2.716223931404424e-07  3.222666077698257e-08 
 7.277798045365586e+06  2.709248848979582e-07  3.223189463437898e-08 
 7.294575102543026e+06  2.702281261670896e-07  3.223715401438480e-08 
 7.311390834831507e+06  2.695321237835576e-07  3.224243900904424e-08 
 7.328245331386367e+06  2.688368845439925e-07  3.224774971072821e-08 
 7.345138681568469e+06  2.681424152077085e-07  3.225308621211512e-08 
 7.362070974944674e+06  2.674487224942140e-07  3.225844860621805e-08 
 7.379042301288316e+06  2.667558130841174e-07  3.226383698636512e-08 
 7.396052750579678e+06  2.660636936208547e-07  3.226925144618588e-08 
 7.413102413006468e+06  2.653723707053125e-07  3.227469207969436e-08 
 7.430191378964299e+06  2.646818509014520e-07  3.228015898115135e-08 
 7.447319739057169e+06  2.639921407327795e-07  3.228565224519199e-08 
 7.464487584097938e+06  2.633032466827589e-07  3.229117196675882e-08 
 7.481695005108809e+06  2.626151751948690e-07  3.229671824113519e-08 
 7.498942093321817e+06  2.619279326723262e-07  3.230229116391812e-08 
 7.516228940179307e+06  2.612415254782078e-07  3.230789083101678e-08 
 7.533555637334419e+06  2.605559599352090e-07  3.231351733870460e-08 
 7.550922276651578e+06  2.598712423242378e-07  3.231917078355022e-08 
 7.568328950206975e+06  2.591873788865129e-07  3.232485126247675e-08 
 7.585775750289063e+06  2.585043758215469e-07  3.233055887271591e-08 
 7.603262769399037e+06  2.578222392877497e-07  3.233629371185192e-08 
 7.620790100251332e+06  2.571409754021706e-07  3.234205587777132e-08 
 7.638357835774112e+06  2.564605902405052e-07  3.234784546871926e-08 
 7.655966069109761e+06  2.557810898368942e-07  3.235366258328350e-08 
 7.673614893615381e+06  2.551024801829555e-07  3.235950732032489e-08 
 7.691304402863281e+06  2.544247672292218e-07  3.236537977911481e-08 
 7.709034690641479e+06  2.537479568842521e-07  3.237128005919475e-08 
 7.726805850954195e+06  2.530720550132777e-07  3.237720826048471e-08 
 7.744617978022352e+06  2.523970674404751e-07  3.238316448322933e-08 
 7.762471166284075e+06  2.517229999470508e-07  3.238914882800278e-08 
 7.780365510395191e+06  2.510498582716252e-07  3.239516139571801e-08 
 7.798301105229731e+06  2.503776481101036e-07  3.240120228762973e-08 
 7.816278045880433e+06  2.497063751159968e-07  3.240727160533016e-08 
 7.834296427659248e+06  2.490360448997829e-07  3.241336945075972e-08 
 7.852356346097841e+06  2.483666630286317e-07  3.241949592617303e-08 
 7.870457896948102e+06  2.476982350270557e-07  3.242565113420495e-08 
 7.888601176182653e+06  2.470307663759859e-07  3.243183517780009e-08 
 7.906786279995353e+06  2.463642625141477e-07  3.243804816024431e-08 
 7.925013304801812e+06  2.456987288350513e-07  3.244429018519730e-08 
 7.943282347239902e+06  2.450341706906894e-07  3.245056135662945e-08 
 7.961593504170268e+06  2.443705933880191e-07  3.245686177887740e-08 
 7.979946872676839e+06  2.437080021919881e-07  3.246319155660031e-08 
 7.998342550067349e+06  2.430464023219642e-07  3.246955079483190e-08 
 8.016780633873849e+06  2.423857989552730e-07  3.247593959892999e-08 
 8.035261221853224e+06  2.417261972246796e-07  3.248235807461485e-08 
 8.053784411987710e+06  2.410676022189019e-07  3.248880632794140e-08 
 8.072350302485419e+06  2.404100189836012e-07  3.249528446531758e-08 
 8.090958991780852e+06  2.397534525194015e-07  3.250179259349681e-08 
 8.109610578535429e+06  2.390979077834018e-07  3.250833081961318e-08 
 8.128305161638007e+06  2.384433896890999e-07  3.251489925109338e-08 
 8.147042840205402e+06  2.377899031049208e-07  3.252149799576331e-08 
 8.165823713582923e+06  2.371374528557825e-07  3.252812716178965e-08 
 8.184647881344889e+06  2.364860437222378e-07  3.253478685768200e-08 
 8.203515443295166e+06  2.358356804405013e-07  3.254147719230042e-08 
 8.222426499467688e+06  2.351863677027301e-07  3.254819827488791e-08 
 8.241381150126992e+06  2.345381101564121e-07  3.255495021502006e-08 
 8.260379495768748e+06  2.338909124055104e-07  3.256173312261636e-08 
 8.279421637120295e+06  2.332447790081127e-07  3.256854710798463e-08 
 8.298507675141171e+06  2.325997144801496e-07  3.257539228175493e-08 
 8.317637711023648e+06  2.319557232918665e-07  3.258226875494047e-08 
 8.336811846193274e+06  2.313128098680091e-07  3.258917663891667e-08 
 8.356030182309403e+06  2.306709785913929e-07  3.259611604539680e-08 
 8.375292821265741e+06  2.300302337987969e-07  3.260308708645825e-08 
 8.394599865190882e+06  2.293905797827534e-07  3.261008987455688e-08 
 8.413951416448852e+06  2.287520207922061e-07  3.261712452249575e-08 
 8.433347577639647e+06  2.281145610303723e-07  3.262419114343821e-08 
 8.452788451599784e+06  2.274782046573448e-07  3.263128985093120e-08 
 8.472274141402842e+06  2.268429557880951e-07  3.263842075885140e-08 
 8.491804750360008e+06  2.262088184939502e-07  3.264558398146149e-08 
 8.511380382020626e+06  2.255757968007977e-07  3.265277963340117e-08 
 8.531001140172748e+06  2.249438946907814e-07  3.266000782964391e-08 
 8.550667128843680e+06  2.243131161022212e-07  3.266726868556117e-08 
 8.570378452300536e+06  2.236834649286565e-07  3.267456231686033e-08 
 8.590135215050789e+06  2.230549450190298e-07  3.268188883964338e-08 
 8.609937521842830e+06  2.224275601785938e-07  3.268924837038267e-08 
 8.629785477666520e+06  2.218013141681305e-07  3.269664102589683e-08 
 8.649679187753741e+06  2.211762107042780e-07  3.270406692339851e-08 
 8.669618757578967e+06  2.205522534602921e-07  3.271152618045037e-08 
 8.689604292859811e+06  2.199294460639971e-07  3.271901891499699e-08 
 8.709635899557592e+06  2.193077921000870e-07  3.272654524537679e-08 
 8.729713683877895e+06  2.186872951092909e-07  3.273410529025391e-08 
 8.749837752271131e+06  2.180679585881724e-07  3.274169916872098e-08 
 8.770008211433109e+06  2.174497859897019e-07  3.274932700019546e-08 
 8.790225168305596e+06  2.168327807221294e-07  3.275698890450453e-08 
 8.810488730076887e+06  2.162169461514279e-07  3.276468500184153e-08 
 8.830799004182365e+06  2.156022855983749e-07  3.277241541277992e-08 
 8.851156098305084e+06  2.149888023412812e-07  3.278018025826357e-08 
 8.871560120376330e+06  2.143764996144440e-07  3.278797965962044e-08 
 8.892011178576197e+06  2.137653806082131e-07  3.279581373856779e-08 
 8.912509381334160e+06  2.131554484702936e-07  3.280368261718395e-08 
 8.933054837329648e+06  2.125467063043284e-07  3.281158641794761e-08 
 8.953647655492626e+06  2.119391571715422e-07  3.281952526369035e-08 
 8.974287945004165e+06  2.113328040891012e-07  3.282749927767353e-08 
 8.994975815297024e+06  2.107276500316030e-07  3.283550858349219e-08 
 9.015711376056233e+06  2.101236979303798e-07  3.284355330516520e-08 
 9.036494737219671e+06  2.095209506737368e-07  3.285163356707326e-08 
 9.057326008978650e+06  2.089194111072896e-07  3.285974949398778e-08 
 9.078205301778499e+06  2.083190820339344e-07  3.286790121108715e-08 
 9.099132726319149e+06  2.077199662138678e-07  3.287608884390403e-08 
 9.120108393555723e+06  2.071220663650113e-07  3.288431251837019e-08 
 9.141132414699120e+06  2.065253851619416e-07  3.289257236082261e-08 
 9.162204901216608e+06  2.059299252375620e-07  3.290086849799408e-08 
 9.183325964832410e+06  2.053356891822182e-07  3.290920105697144e-08 
 9.204495717528306e+06  2.047426795445653e-07  3.291757016525506e-08 
 9.225714271544216e+06  2.041508988306409e-07  3.292597595074626e-08 
 9.246981739378802e+06  2.035603495046825e-07  3.293441854173354e-08 
 9.268298233790061e+06  2.029710339892239e-07  3.294289806689453e-08 
 9.289663867795924e+06  2.023829546651020e-07  3.295141465529892e-08 
 9.311078754674856e+06  2.017961138711958e-07  3.295996843643120e-08 
 9.332543007966455e+06  2.012105139051720e-07  3.296855954015615e-08 
 9.354056741472054e+06  2.006261570231498e-07  3.297718809674671e-08 
 9.375620069255330e+06  2.000430454405884e-07  3.298585423685999e-08 
 9.397233105642896e+06  1.994611813310257e-07  3.299455809157125e-08 
 9.418895965224924e+06  1.988805668274450e-07  3.300329979233327e-08 
 9.440608762855735e+06  1.983012040213308e-07  3.301207947103719e-08 
 9.462371613654422e+06  1.977230949644776e-07  3.302089725992925e-08 
 9.484184633005455e+06  1.971462416671373e-07  3.302975329169824e-08 
 9.506047936559290e+06  1.965706460997534e-07  3.303864769941989e-08 
 9.527961640232986e+06  1.959963101914865e-07  3.304758061658434e-08 
 9.549925860210817e+06  1.954232358326364e-07  3.305655217705483e-08 
 9.571940712944893e+06  1.948514248719779e-07  3.306556251515766e-08 
 9.594006315155771e+06  1.942808791193591e-07  3.307461176557742e-08 
 9.616122783833077e+06  1.937116003444453e-07  3.308370006343110e-08 
 9.638290236236127e+06  1.931435902771642e-07  3.309282754424498e-08 
 9.660508789894547e+06  1.925768506082709e-07  3.310199434394550e-08 
 9.682778562608896e+06  1.920113829885753e-07  3.311120059886716e-08 
 9.705099672451291e+06  1.914471890303138e-07  3.312044644579929e-08 
 9.727472237766037e+06  1.908842703062700e-07  3.312973202187610e-08 
 9.749896377170246e+06  1.903226283500807e-07  3.313905746470187e-08 
 9.772372209554475e+06  1.897622646575817e-07  3.314842291226295e-08 
 9.794899854083348e+06  1.892031806845862e-07  3.315782850299272e-08 
 9.817479430196194e+06  1.886453778495584e-07  3.316727437571069e-08 
 9.840111057607679e+06  1.880888575322664e-07  3.317676066966515e-08 
 9.862794856308438e+06  1.875336210741791e-07  3.318628752453416e-08 
 9.885530946565712e+06  1.869796697789918e-07  3.319585508040943e-08 
 9.908319448923990e+06  1.864270049124918e-07  3.320546347780171e-08 
 9.931160484205643e+06  1.858756277026949e-07  3.321511285764244e-08 
 9.954054173511565e+06  1.853255393405830e-07  3.322480336129297e-08 
 9.977000638221819e+06  1.847767409787515e-07  3.323453513052712e-08 
 9.999999999996277e+06  1.842292337338365e-07  3.324430830756354e-08 
