-6.00000000e-02  9.68800000e-01 -6.00000000e-02  1.03120000e+00 -6.00000000e-02  2.03829225e+00 -6.00000000e-02  2.18093126e+00 -6.00000000e-02  1.71219316e+00 -6.00000000e-02  1.85228723e+00 -6.00000000e-02 -2.73641086e-03
-5.98000000e-02  9.68800000e-01 -5.98000000e-02  1.03120000e+00 -5.98000000e-02  2.03871896e+00 -5.98000000e-02  2.18050527e+00 -5.98000000e-02  1.71261214e+00 -5.98000000e-02  1.85186866e+00 -5.98000000e-02 -2.73640857e-03
-5.96000000e-02  9.68800000e-01 -5.96000000e-02  1.03120000e+00 -5.96000000e-02  2.03911693e+00 -5.96000000e-02  2.18010806e+00 -5.96000000e-02  1.71300264e+00 -5.96000000e-02  1.85147825e+00 -5.96000000e-02 -2.73640614e-03
-5.94000000e-02  9.68800000e-01 -5.94000000e-02  1.03120000e+00 -5.94000000e-02  2.03958568e+00 -5.94000000e-02  2.17964001e+00 -5.94000000e-02  1.71346269e+00 -5.94000000e-02  1.85101824e+00 -5.94000000e-02 -2.73640397e-03
-5.92000000e-02  9.68800000e-01 -5.92000000e-02  1.03120000e+00 -5.92000000e-02  2.04001780e+00 -5.92000000e-02  2.17920862e+00 -5.92000000e-02  1.71388674e+00 -5.92000000e-02  1.85059406e+00 -5.92000000e-02 -2.73640168e-03
-5.90000000e-02  9.68800000e-01 -5.90000000e-02  1.03120000e+00 -5.90000000e-02  2.04042183e+00 -5.90000000e-02  2.17880535e+00 -5.90000000e-02  1.71428328e+00 -5.90000000e-02  1.85019779e+00 -5.90000000e-02 -2.73639923e-03
-5.88000000e-02  9.68800000e-01 -5.88000000e-02  1.03120000e+00 -5.88000000e-02  2.04089546e+00 -5.88000000e-02  2.17833241e+00 -5.88000000e-02  1.71474803e+00 -5.88000000e-02  1.84973297e+00 -5.88000000e-02 -2.73639705e-03
-5.86000000e-02  9.68800000e-01 -5.86000000e-02  1.03120000e+00 -5.86000000e-02  2.04132962e+00 -5.86000000e-02  2.17789897e+00 -5.86000000e-02  1.71517422e+00 -5.86000000e-02  1.84930691e+00 -5.86000000e-02 -2.73639476e-03
-5.84000000e-02  9.68800000e-01 -5.84000000e-02  1.03120000e+00 -5.84000000e-02  2.04173539e+00 -5.84000000e-02  2.17749397e+00 -5.84000000e-02  1.71557227e+00 -5.84000000e-02  1.84890883e+00 -5.84000000e-02 -2.73639230e-03
-5.82000000e-02  9.68800000e-01 -5.82000000e-02  1.03120000e+00 -5.82000000e-02  2.04221137e+00 -5.82000000e-02  2.17701868e+00 -5.82000000e-02  1.71603940e+00 -5.82000000e-02  1.84844156e+00 -5.82000000e-02 -2.73639012e-03
-5.80000000e-02  9.68800000e-01 -5.80000000e-02  1.03120000e+00 -5.80000000e-02  2.04264742e+00 -5.80000000e-02  2.17658336e+00 -5.80000000e-02  1.71646734e+00 -5.80000000e-02  1.84801380e+00 -5.80000000e-02 -2.73638782e-03
-5.78000000e-02  9.68800000e-01 -5.78000000e-02  1.03120000e+00 -5.78000000e-02  2.04305478e+00 -5.78000000e-02  2.17617676e+00 -5.78000000e-02  1.71686712e+00 -5.78000000e-02  1.84761416e+00 -5.78000000e-02 -2.73638537e-03
-5.76000000e-02  9.68800000e-01 -5.76000000e-02  1.03120000e+00 -5.76000000e-02  2.04353300e+00 -5.76000000e-02  2.17569923e+00 -5.76000000e-02  1.71733644e+00 -5.76000000e-02  1.84714473e+00 -5.76000000e-02 -2.73638318e-03
-5.74000000e-02  9.68800000e-01 -5.74000000e-02  1.03120000e+00 -5.74000000e-02  2.04397090e+00 -5.74000000e-02  2.17526206e+00 -5.74000000e-02  1.71776624e+00 -5.74000000e-02  1.84671521e+00 -5.74000000e-02 -2.73638088e-03
-5.72000000e-02  9.68800000e-01 -5.72000000e-02  1.03120000e+00 -5.72000000e-02  2.04437983e+00 -5.72000000e-02  2.17485389e+00 -5.72000000e-02  1.71816755e+00 -5.72000000e-02  1.84631394e+00 -5.72000000e-02 -2.73637842e-03
-5.70000000e-02  9.68800000e-01 -5.70000000e-02  1.03120000e+00 -5.70000000e-02  2.04486027e+00 -5.70000000e-02  2.17437415e+00 -5.70000000e-02  1.71863896e+00 -5.70000000e-02  1.84584244e+00 -5.70000000e-02 -2.73637623e-03
-5.68000000e-02  9.68800000e-01 -5.68000000e-02  1.03120000e+00 -5.68000000e-02  2.04530000e+00 -5.68000000e-02  2.17393514e+00 -5.68000000e-02  1.71907056e+00 -5.68000000e-02  1.84541102e+00 -5.68000000e-02 -2.73637392e-03
-5.66000000e-02  9.68800000e-01 -5.66000000e-02  1.03120000e+00 -5.66000000e-02  2.04571048e+00 -5.66000000e-02  2.17352542e+00 -5.66000000e-02  1.71947336e+00 -5.66000000e-02  1.84500815e+00 -5.66000000e-02 -2.73637146e-03
-5.64000000e-02  9.68800000e-01 -5.64000000e-02  1.03120000e+00 -5.64000000e-02  2.04619311e+00 -5.64000000e-02  2.17304349e+00 -5.64000000e-02  1.71994707e+00 -5.64000000e-02  1.84453447e+00 -5.64000000e-02 -2.73636926e-03
-5.62000000e-02  9.68800000e-01 -5.62000000e-02  1.03120000e+00 -5.62000000e-02  2.04663466e+00 -5.62000000e-02  2.17260266e+00 -5.62000000e-02  1.72038042e+00 -5.62000000e-02  1.84410127e+00 -5.62000000e-02 -2.73636696e-03
-5.60000000e-02  9.68800000e-01 -5.60000000e-02  1.03120000e+00 -5.60000000e-02  2.04704667e+00 -5.60000000e-02  2.17219141e+00 -5.60000000e-02  1.72078478e+00 -5.60000000e-02  1.84369705e+00 -5.60000000e-02 -2.73636450e-03
-5.58000000e-02  9.68800000e-01 -5.58000000e-02  1.03120000e+00 -5.58000000e-02  2.04753146e+00 -5.58000000e-02  2.17170732e+00 -5.58000000e-02  1.72126063e+00 -5.58000000e-02  1.84322125e+00 -5.58000000e-02 -2.73636229e-03
-5.56000000e-02  9.68800000e-01 -5.56000000e-02  1.03120000e+00 -5.56000000e-02  2.04797482e+00 -5.56000000e-02  2.17126468e+00 -5.56000000e-02  1.72169565e+00 -5.56000000e-02  1.84278620e+00 -5.56000000e-02 -2.73635998e-03
-5.54000000e-02  9.68800000e-01 -5.54000000e-02  1.03120000e+00 -5.54000000e-02  2.04838834e+00 -5.54000000e-02  2.17085193e+00 -5.54000000e-02  1.72210150e+00 -5.54000000e-02  1.84238057e+00 -5.54000000e-02 -2.73635752e-03
-5.52000000e-02  9.68800000e-01 -5.52000000e-02  1.03120000e+00 -5.52000000e-02  2.04887527e+00 -5.52000000e-02  2.17036569e+00 -5.52000000e-02  1.72257947e+00 -5.52000000e-02  1.84190261e+00 -5.52000000e-02 -2.73635532e-03
-5.50000000e-02  9.68800000e-01 -5.50000000e-02  1.03120000e+00 -5.50000000e-02  2.04932041e+00 -5.50000000e-02  2.16992127e+00 -5.50000000e-02  1.72301637e+00 -5.50000000e-02  1.84146586e+00 -5.50000000e-02 -2.73635300e-03
-5.48000000e-02  9.68800000e-01 -5.48000000e-02  1.03120000e+00 -5.48000000e-02  2.04973542e+00 -5.48000000e-02  2.16950702e+00 -5.48000000e-02  1.72342362e+00 -5.48000000e-02  1.84105873e+00 -5.48000000e-02 -2.73635055e-03
-5.46000000e-02  9.68800000e-01 -5.46000000e-02  1.03120000e+00 -5.46000000e-02  2.05022448e+00 -5.46000000e-02  2.16901866e+00 -5.46000000e-02  1.72390366e+00 -5.46000000e-02  1.84057867e+00 -5.46000000e-02 -2.73634833e-03
-5.44000000e-02  9.68800000e-01 -5.44000000e-02  1.03120000e+00 -5.44000000e-02  2.05067138e+00 -5.44000000e-02  2.16857248e+00 -5.44000000e-02  1.72434221e+00 -5.44000000e-02  1.84014018e+00 -5.44000000e-02 -2.73634602e-03
-5.42000000e-02  9.68800000e-01 -5.42000000e-02  1.03120000e+00 -5.42000000e-02  2.05108786e+00 -5.42000000e-02  2.16815676e+00 -5.42000000e-02  1.72475107e+00 -5.42000000e-02  1.83973155e+00 -5.42000000e-02 -2.73634356e-03
-5.40000000e-02  9.68800000e-01 -5.40000000e-02  1.03120000e+00 -5.40000000e-02  2.05157902e+00 -5.40000000e-02  2.16766629e+00 -5.40000000e-02  1.72523307e+00 -5.40000000e-02  1.83924959e+00 -5.40000000e-02 -2.73634135e-03
-5.38000000e-02  9.68800000e-01 -5.38000000e-02  1.03120000e+00 -5.38000000e-02  2.05202766e+00 -5.38000000e-02  2.16721838e+00 -5.38000000e-02  1.72567339e+00 -5.38000000e-02  1.83880942e+00 -5.38000000e-02 -2.73633903e-03
-5.36000000e-02  9.68800000e-01 -5.36000000e-02  1.03120000e+00 -5.36000000e-02  2.05244560e+00 -5.36000000e-02  2.16680119e+00 -5.36000000e-02  1.72608371e+00 -5.36000000e-02  1.83839937e+00 -5.36000000e-02 -2.73633658e-03
-5.34000000e-02  9.68800000e-01 -5.34000000e-02  1.03120000e+00 -5.34000000e-02  2.05293884e+00 -5.34000000e-02  2.16630865e+00 -5.34000000e-02  1.72656772e+00 -5.34000000e-02  1.83791525e+00 -5.34000000e-02 -2.73633436e-03
-5.32000000e-02  9.68800000e-01 -5.32000000e-02  1.03120000e+00 -5.32000000e-02  2.05338919e+00 -5.32000000e-02  2.16585901e+00 -5.32000000e-02  1.72700975e+00 -5.32000000e-02  1.83747337e+00 -5.32000000e-02 -2.73633204e-03
-5.30000000e-02  9.68800000e-01 -5.30000000e-02  1.03120000e+00 -5.30000000e-02  2.05380857e+00 -5.30000000e-02  2.16544039e+00 -5.30000000e-02  1.72742135e+00 -5.30000000e-02  1.83706202e+00 -5.30000000e-02 -2.73632959e-03
-5.28000000e-02  9.68800000e-01 -5.28000000e-02  1.03120000e+00 -5.28000000e-02  2.05430387e+00 -5.28000000e-02  2.16494579e+00 -5.28000000e-02  1.72790754e+00 -5.28000000e-02  1.83657586e+00 -5.28000000e-02 -2.73632737e-03
-5.26000000e-02  9.68800000e-01 -5.26000000e-02  1.03120000e+00 -5.26000000e-02  2.05475592e+00 -5.26000000e-02  2.16449445e+00 -5.26000000e-02  1.72835124e+00 -5.26000000e-02  1.83613247e+00 -5.26000000e-02 -2.73632505e-03
-5.24000000e-02  9.68800000e-01 -5.24000000e-02  1.03120000e+00 -5.24000000e-02  2.05517672e+00 -5.24000000e-02  2.16407441e+00 -5.24000000e-02  1.72876434e+00 -5.24000000e-02  1.83571953e+00 -5.24000000e-02 -2.73632260e-03
-5.22000000e-02  9.68800000e-01 -5.22000000e-02  1.03120000e+00 -5.22000000e-02  2.05567405e+00 -5.22000000e-02  2.16357777e+00 -5.22000000e-02  1.72925243e+00 -5.22000000e-02  1.83523152e+00 -5.22000000e-02 -2.73632037e-03
-5.20000000e-02  9.68800000e-01 -5.20000000e-02  1.03120000e+00 -5.20000000e-02  2.05612778e+00 -5.20000000e-02  2.16312476e+00 -5.20000000e-02  1.72969781e+00 -5.20000000e-02  1.83478630e+00 -5.20000000e-02 -2.73631806e-03
-5.18000000e-02  9.68800000e-01 -5.18000000e-02  1.03120000e+00 -5.18000000e-02  2.05654998e+00 -5.18000000e-02  2.16270331e+00 -5.18000000e-02  1.73011216e+00 -5.18000000e-02  1.83437208e+00 -5.18000000e-02 -2.73631561e-03
-5.16000000e-02  9.68800000e-01 -5.16000000e-02  1.03120000e+00 -5.16000000e-02  2.05704933e+00 -5.16000000e-02  2.16220466e+00 -5.16000000e-02  1.73060228e+00 -5.16000000e-02  1.83388198e+00 -5.16000000e-02 -2.73631338e-03
-5.14000000e-02  9.68800000e-01 -5.14000000e-02  1.03120000e+00 -5.14000000e-02  2.05750472e+00 -5.14000000e-02  2.16174998e+00 -5.14000000e-02  1.73104927e+00 -5.14000000e-02  1.83343524e+00 -5.14000000e-02 -2.73631107e-03
-5.12000000e-02  9.68800000e-01 -5.12000000e-02  1.03120000e+00 -5.12000000e-02  2.05792830e+00 -5.12000000e-02  2.16132715e+00 -5.12000000e-02  1.73146507e+00 -5.12000000e-02  1.83301963e+00 -5.12000000e-02 -2.73630862e-03
-5.10000000e-02  9.68800000e-01 -5.10000000e-02  1.03120000e+00 -5.10000000e-02  2.05842964e+00 -5.10000000e-02  2.16082651e+00 -5.10000000e-02  1.73195718e+00 -5.10000000e-02  1.83252766e+00 -5.10000000e-02 -2.73630640e-03
-5.08000000e-02  9.68800000e-01 -5.08000000e-02  1.03120000e+00 -5.08000000e-02  2.05888667e+00 -5.08000000e-02  2.16037019e+00 -5.08000000e-02  1.73240582e+00 -5.08000000e-02  1.83207925e+00 -5.08000000e-02 -2.73630408e-03
-5.06000000e-02  9.68800000e-01 -5.06000000e-02  1.03120000e+00 -5.06000000e-02  2.05931161e+00 -5.06000000e-02  2.15994599e+00 -5.06000000e-02  1.73282301e+00 -5.06000000e-02  1.83166233e+00 -5.06000000e-02 -2.73630164e-03
-5.04000000e-02  9.68800000e-01 -5.04000000e-02  1.03120000e+00 -5.04000000e-02  2.05981491e+00 -5.04000000e-02  2.15944338e+00 -5.04000000e-02  1.73331696e+00 -5.04000000e-02  1.83116841e+00 -5.04000000e-02 -2.73629941e-03
-5.02000000e-02  9.68800000e-01 -5.02000000e-02  1.03120000e+00 -5.02000000e-02  2.06027356e+00 -5.02000000e-02  2.15898545e+00 -5.02000000e-02  1.73376716e+00 -5.02000000e-02  1.83071829e+00 -5.02000000e-02 -2.73629710e-03
-5.00000000e-02  9.68800000e-01 -5.00000000e-02  1.03120000e+00 -5.00000000e-02  2.06069985e+00 -5.00000000e-02  2.15855990e+00 -5.00000000e-02  1.73418559e+00 -5.00000000e-02  1.83030011e+00 -5.00000000e-02 -2.73629466e-03
-4.98000000e-02  9.68800000e-01 -4.98000000e-02  1.03120000e+00 -4.98000000e-02  2.06120510e+00 -4.98000000e-02  2.15805534e+00 -4.98000000e-02  1.73468149e+00 -4.98000000e-02  1.82980435e+00 -4.98000000e-02 -2.73629243e-03
-4.96000000e-02  9.68800000e-01 -4.96000000e-02  1.03120000e+00 -4.96000000e-02  2.06166535e+00 -4.96000000e-02  2.15759580e+00 -4.96000000e-02  1.73513329e+00 -4.96000000e-02  1.82935285e+00 -4.96000000e-02 -2.73629012e-03
-4.94000000e-02  9.68800000e-01 -4.94000000e-02  1.03120000e+00 -4.94000000e-02  2.06209297e+00 -4.94000000e-02  2.15716893e+00 -4.94000000e-02  1.73555311e+00 -4.94000000e-02  1.82893327e+00 -4.94000000e-02 -2.73628769e-03
-4.92000000e-02  9.68800000e-01 -4.92000000e-02  1.03120000e+00 -4.92000000e-02  2.06260014e+00 -4.92000000e-02  2.15666245e+00 -4.92000000e-02  1.73605084e+00 -4.92000000e-02  1.82843560e+00 -4.92000000e-02 -2.73628546e-03
-4.90000000e-02  9.68800000e-01 -4.90000000e-02  1.03120000e+00 -4.90000000e-02  2.06306197e+00 -4.90000000e-02  2.15620133e+00 -4.90000000e-02  1.73650436e+00 -4.90000000e-02  1.82798250e+00 -4.90000000e-02 -2.73628315e-03
-4.88000000e-02  9.68800000e-01 -4.88000000e-02  1.03120000e+00 -4.88000000e-02  2.06349090e+00 -4.88000000e-02  2.15577314e+00 -4.88000000e-02  1.73692526e+00 -4.88000000e-02  1.82756164e+00 -4.88000000e-02 -2.73628073e-03
-4.86000000e-02  9.68800000e-01 -4.86000000e-02  1.03120000e+00 -4.86000000e-02  2.06399997e+00 -4.86000000e-02  2.15526476e+00 -4.86000000e-02  1.73742516e+00 -4.86000000e-02  1.82706217e+00 -4.86000000e-02 -2.73627850e-03
-4.84000000e-02  9.68800000e-01 -4.84000000e-02  1.03120000e+00 -4.84000000e-02  2.06446336e+00 -4.84000000e-02  2.15480207e+00 -4.84000000e-02  1.73787990e+00 -4.84000000e-02  1.82660751e+00 -4.84000000e-02 -2.73627619e-03
-4.82000000e-02  9.68800000e-01 -4.82000000e-02  1.03120000e+00 -4.82000000e-02  2.06489358e+00 -4.82000000e-02  2.15437259e+00 -4.82000000e-02  1.73830220e+00 -4.82000000e-02  1.82618537e+00 -4.82000000e-02 -2.73627377e-03
-4.80000000e-02  9.68800000e-01 -4.80000000e-02  1.03120000e+00 -4.80000000e-02  2.06540452e+00 -4.80000000e-02  2.15386233e+00 -4.80000000e-02  1.73880374e+00 -4.80000000e-02  1.82568396e+00 -4.80000000e-02 -2.73627154e-03
-4.78000000e-02  9.68800000e-01 -4.78000000e-02  1.03120000e+00 -4.78000000e-02  2.06586945e+00 -4.78000000e-02  2.15339811e+00 -4.78000000e-02  1.73926023e+00 -4.78000000e-02  1.82522786e+00 -4.78000000e-02 -2.73626924e-03
-4.76000000e-02  9.68800000e-01 -4.76000000e-02  1.03120000e+00 -4.76000000e-02  2.06630095e+00 -4.76000000e-02  2.15296734e+00 -4.76000000e-02  1.73968381e+00 -4.76000000e-02  1.82480449e+00 -4.76000000e-02 -2.73626682e-03
-4.74000000e-02  9.68800000e-01 -4.74000000e-02  1.03120000e+00 -4.74000000e-02  2.06681374e+00 -4.74000000e-02  2.15245523e+00 -4.74000000e-02  1.74018705e+00 -4.74000000e-02  1.82430127e+00 -4.74000000e-02 -2.73626459e-03
-4.72000000e-02  9.68800000e-01 -4.72000000e-02  1.03120000e+00 -4.72000000e-02  2.06728019e+00 -4.72000000e-02  2.15198948e+00 -4.72000000e-02  1.74064503e+00 -4.72000000e-02  1.82384361e+00 -4.72000000e-02 -2.73626230e-03
-4.70000000e-02  9.68800000e-01 -4.70000000e-02  1.03120000e+00 -4.70000000e-02  2.06771295e+00 -4.70000000e-02  2.15155746e+00 -4.70000000e-02  1.74106988e+00 -4.70000000e-02  1.82341910e+00 -4.70000000e-02 -2.73625989e-03
-4.68000000e-02  9.68800000e-01 -4.68000000e-02  1.03120000e+00 -4.68000000e-02  2.06822757e+00 -4.68000000e-02  2.15104352e+00 -4.68000000e-02  1.74157510e+00 -4.68000000e-02  1.82291412e+00 -4.68000000e-02 -2.73625766e-03
-4.66000000e-02  9.68800000e-01 -4.66000000e-02  1.03120000e+00 -4.66000000e-02  2.06869552e+00 -4.66000000e-02  2.15057627e+00 -4.66000000e-02  1.74203450e+00 -4.66000000e-02  1.82245500e+00 -4.66000000e-02 -2.73625537e-03
-4.64000000e-02  9.68800000e-01 -4.64000000e-02  1.03120000e+00 -4.64000000e-02  2.06912952e+00 -4.64000000e-02  2.15014300e+00 -4.64000000e-02  1.74246056e+00 -4.64000000e-02  1.82202922e+00 -4.64000000e-02 -2.73625296e-03
-4.62000000e-02  9.68800000e-01 -4.62000000e-02  1.03120000e+00 -4.62000000e-02  2.06964595e+00 -4.62000000e-02  2.14962725e+00 -4.62000000e-02  1.74296749e+00 -4.62000000e-02  1.82152241e+00 -4.62000000e-02 -2.73625074e-03
-4.60000000e-02  9.68800000e-01 -4.60000000e-02  1.03120000e+00 -4.60000000e-02  2.07011538e+00 -4.60000000e-02  2.14915852e+00 -4.60000000e-02  1.74342841e+00 -4.60000000e-02  1.82106197e+00 -4.60000000e-02 -2.73624845e-03
-4.58000000e-02  9.68800000e-01 -4.58000000e-02  1.03120000e+00 -4.58000000e-02  2.07055059e+00 -4.58000000e-02  2.14872402e+00 -4.58000000e-02  1.74385559e+00 -4.58000000e-02  1.82063503e+00 -4.58000000e-02 -2.73624606e-03
-4.56000000e-02  9.68800000e-01 -4.56000000e-02  1.03120000e+00 -4.56000000e-02  2.07106881e+00 -4.56000000e-02  2.14820649e+00 -4.56000000e-02  1.74436434e+00 -4.56000000e-02  1.82012640e+00 -4.56000000e-02 -2.73624383e-03
-4.54000000e-02  9.68800000e-01 -4.54000000e-02  1.03120000e+00 -4.54000000e-02  2.07153970e+00 -4.54000000e-02  2.14773629e+00 -4.54000000e-02  1.74482668e+00 -4.54000000e-02  1.81966443e+00 -4.54000000e-02 -2.73624155e-03
-4.52000000e-02  9.68800000e-01 -4.52000000e-02  1.03120000e+00 -4.52000000e-02  2.07197612e+00 -4.52000000e-02  2.14730059e+00 -4.52000000e-02  1.74525506e+00 -4.52000000e-02  1.81923624e+00 -4.52000000e-02 -2.73623916e-03
-4.50000000e-02  9.68800000e-01 -4.50000000e-02  1.03120000e+00 -4.50000000e-02  2.07249610e+00 -4.50000000e-02  2.14678129e+00 -4.50000000e-02  1.74576551e+00 -4.50000000e-02  1.81872603e+00 -4.50000000e-02 -2.73623694e-03
-4.48000000e-02  9.68800000e-01 -4.48000000e-02  1.03120000e+00 -4.48000000e-02  2.07296843e+00 -4.48000000e-02  2.14630965e+00 -4.48000000e-02  1.74622929e+00 -4.48000000e-02  1.81826259e+00 -4.48000000e-02 -2.73623466e-03
-4.46000000e-02  9.68800000e-01 -4.46000000e-02  1.03120000e+00 -4.46000000e-02  2.07340604e+00 -4.46000000e-02  2.14587276e+00 -4.46000000e-02  1.74665902e+00 -4.46000000e-02  1.81783329e+00 -4.46000000e-02 -2.73623228e-03
-4.44000000e-02  9.68800000e-01 -4.44000000e-02  1.03120000e+00 -4.44000000e-02  2.07392775e+00 -4.44000000e-02  2.14535172e+00 -4.44000000e-02  1.74717104e+00 -4.44000000e-02  1.81732141e+00 -4.44000000e-02 -2.73623007e-03
-4.42000000e-02  9.68800000e-01 -4.42000000e-02  1.03120000e+00 -4.42000000e-02  2.07440150e+00 -4.42000000e-02  2.14487865e+00 -4.42000000e-02  1.74763624e+00 -4.42000000e-02  1.81685657e+00 -4.42000000e-02 -2.73622780e-03
-4.40000000e-02  9.68800000e-01 -4.40000000e-02  1.03120000e+00 -4.40000000e-02  2.07484028e+00 -4.40000000e-02  2.14444059e+00 -4.40000000e-02  1.74806698e+00 -4.40000000e-02  1.81642610e+00 -4.40000000e-02 -2.73622542e-03
-4.38000000e-02  9.68800000e-01 -4.38000000e-02  1.03120000e+00 -4.38000000e-02  2.07536371e+00 -4.38000000e-02  2.14391783e+00 -4.38000000e-02  1.74858086e+00 -4.38000000e-02  1.81591252e+00 -4.38000000e-02 -2.73622321e-03
-4.36000000e-02  9.68800000e-01 -4.36000000e-02  1.03120000e+00 -4.36000000e-02  2.07583886e+00 -4.36000000e-02  2.14344336e+00 -4.36000000e-02  1.74904731e+00 -4.36000000e-02  1.81544632e+00 -4.36000000e-02 -2.73622095e-03
-4.34000000e-02  9.68800000e-01 -4.34000000e-02  1.03120000e+00 -4.34000000e-02  2.07627879e+00 -4.34000000e-02  2.14300415e+00 -4.34000000e-02  1.74947930e+00 -4.34000000e-02  1.81501464e+00 -4.34000000e-02 -2.73621858e-03
-4.32000000e-02  9.68800000e-01 -4.32000000e-02  1.03120000e+00 -4.32000000e-02  2.07680391e+00 -4.32000000e-02  2.14247970e+00 -4.32000000e-02  1.74999480e+00 -4.32000000e-02  1.81449948e+00 -4.32000000e-02 -2.73621637e-03
-4.30000000e-02  9.68800000e-01 -4.30000000e-02  1.03120000e+00 -4.30000000e-02  2.07728045e+00 -4.30000000e-02  2.14200384e+00 -4.30000000e-02  1.75046270e+00 -4.30000000e-02  1.81403191e+00 -4.30000000e-02 -2.73621412e-03
-4.28000000e-02  9.68800000e-01 -4.28000000e-02  1.03120000e+00 -4.28000000e-02  2.07772150e+00 -4.28000000e-02  2.14156348e+00 -4.28000000e-02  1.75089565e+00 -4.28000000e-02  1.81359926e+00 -4.28000000e-02 -2.73621176e-03
-4.26000000e-02  9.68800000e-01 -4.26000000e-02  1.03120000e+00 -4.26000000e-02  2.07824829e+00 -4.26000000e-02  2.14103736e+00 -4.26000000e-02  1.75141291e+00 -4.26000000e-02  1.81308236e+00 -4.26000000e-02 -2.73620956e-03
-4.24000000e-02  9.68800000e-01 -4.24000000e-02  1.03120000e+00 -4.24000000e-02  2.07872619e+00 -4.24000000e-02  2.14056014e+00 -4.24000000e-02  1.75188214e+00 -4.24000000e-02  1.81261339e+00 -4.24000000e-02 -2.73620731e-03
-4.22000000e-02  9.68800000e-01 -4.22000000e-02  1.03120000e+00 -4.22000000e-02  2.07916837e+00 -4.22000000e-02  2.14011866e+00 -4.22000000e-02  1.75231627e+00 -4.22000000e-02  1.81217972e+00 -4.22000000e-02 -2.73620496e-03
-4.20000000e-02  9.68800000e-01 -4.20000000e-02  1.03120000e+00 -4.20000000e-02  2.07969680e+00 -4.20000000e-02  2.13959089e+00 -4.20000000e-02  1.75283502e+00 -4.20000000e-02  1.81166111e+00 -4.20000000e-02 -2.73620276e-03
-4.18000000e-02  9.68800000e-01 -4.18000000e-02  1.03120000e+00 -4.18000000e-02  2.08017605e+00 -4.18000000e-02  2.13911232e+00 -4.18000000e-02  1.75330564e+00 -4.18000000e-02  1.81119096e+00 -4.18000000e-02 -2.73620052e-03
-4.16000000e-02  9.68800000e-01 -4.16000000e-02  1.03120000e+00 -4.16000000e-02  2.08061932e+00 -4.16000000e-02  2.13866975e+00 -4.16000000e-02  1.75374079e+00 -4.16000000e-02  1.81075613e+00 -4.16000000e-02 -2.73619819e-03
-4.14000000e-02  9.68800000e-01 -4.14000000e-02  1.03120000e+00 -4.14000000e-02  2.08114938e+00 -4.14000000e-02  2.13814035e+00 -4.14000000e-02  1.75426130e+00 -4.14000000e-02  1.81023608e+00 -4.14000000e-02 -2.73619599e-03
-4.12000000e-02  9.68800000e-01 -4.12000000e-02  1.03120000e+00 -4.12000000e-02  2.08162994e+00 -4.12000000e-02  2.13766045e+00 -4.12000000e-02  1.75473326e+00 -4.12000000e-02  1.80976447e+00 -4.12000000e-02 -2.73619376e-03
-4.10000000e-02  9.68800000e-01 -4.10000000e-02  1.03120000e+00 -4.10000000e-02  2.08207430e+00 -4.10000000e-02  2.13721679e+00 -4.10000000e-02  1.75516934e+00 -4.10000000e-02  1.80932862e+00 -4.10000000e-02 -2.73619143e-03
-4.08000000e-02  9.68800000e-01 -4.08000000e-02  1.03120000e+00 -4.08000000e-02  2.08260596e+00 -4.08000000e-02  2.13668579e+00 -4.08000000e-02  1.75569152e+00 -4.08000000e-02  1.80880691e+00 -4.08000000e-02 -2.73618924e-03
-4.06000000e-02  9.68800000e-01 -4.06000000e-02  1.03120000e+00 -4.06000000e-02  2.08308783e+00 -4.06000000e-02  2.13620458e+00 -4.06000000e-02  1.75616462e+00 -4.06000000e-02  1.80833417e+00 -4.06000000e-02 -2.73618702e-03
-4.04000000e-02  9.68800000e-01 -4.04000000e-02  1.03120000e+00 -4.04000000e-02  2.08353325e+00 -4.04000000e-02  2.13575985e+00 -4.04000000e-02  1.75660175e+00 -4.04000000e-02  1.80789718e+00 -4.04000000e-02 -2.73618471e-03
-4.02000000e-02  9.68800000e-01 -4.02000000e-02  1.03120000e+00 -4.02000000e-02  2.08406648e+00 -4.02000000e-02  2.13522727e+00 -4.02000000e-02  1.75712541e+00 -4.02000000e-02  1.80737399e+00 -4.02000000e-02 -2.73618252e-03
-4.00000000e-02  9.68800000e-01 -4.00000000e-02  1.03120000e+00 -4.00000000e-02  2.08454963e+00 -4.00000000e-02  2.13474478e+00 -4.00000000e-02  1.75759985e+00 -4.00000000e-02  1.80689996e+00 -4.00000000e-02 -2.73618030e-03
-3.98000000e-02  9.68800000e-01 -3.98000000e-02  1.03120000e+00 -3.98000000e-02  2.08499610e+00 -3.98000000e-02  2.13429899e+00 -3.98000000e-02  1.75803835e+00 -3.98000000e-02  1.80646196e+00 -3.98000000e-02 -2.73617800e-03
-3.96000000e-02  9.68800000e-01 -3.96000000e-02  1.03120000e+00 -3.96000000e-02  2.08553089e+00 -3.96000000e-02  2.13376485e+00 -3.96000000e-02  1.75856337e+00 -3.96000000e-02  1.80593718e+00 -3.96000000e-02 -2.73617583e-03
-3.94000000e-02  9.68800000e-01 -3.94000000e-02  1.03120000e+00 -3.94000000e-02  2.08601531e+00 -3.94000000e-02  2.13328110e+00 -3.94000000e-02  1.75903901e+00 -3.94000000e-02  1.80546193e+00 -3.94000000e-02 -2.73617362e-03
-3.92000000e-02  9.68800000e-01 -3.92000000e-02  1.03120000e+00 -3.92000000e-02  2.08646280e+00 -3.92000000e-02  2.13283427e+00 -3.92000000e-02  1.75947841e+00 -3.92000000e-02  1.80502296e+00 -3.92000000e-02 -2.73617133e-03
-3.90000000e-02  9.68800000e-01 -3.90000000e-02  1.03120000e+00 -3.90000000e-02  2.08699912e+00 -3.90000000e-02  2.13229860e+00 -3.90000000e-02  1.76000504e+00 -3.90000000e-02  1.80449670e+00 -3.90000000e-02 -2.73616916e-03
-3.88000000e-02  9.68800000e-01 -3.88000000e-02  1.03120000e+00 -3.88000000e-02  2.08748478e+00 -3.88000000e-02  2.13181359e+00 -3.88000000e-02  1.76048180e+00 -3.88000000e-02  1.80402024e+00 -3.88000000e-02 -2.73616696e-03
-3.86000000e-02  9.68800000e-01 -3.86000000e-02  1.03120000e+00 -3.86000000e-02  2.08793330e+00 -3.86000000e-02  2.13136575e+00 -3.86000000e-02  1.76092224e+00 -3.86000000e-02  1.80358017e+00 -3.86000000e-02 -2.73616468e-03
-3.84000000e-02  9.68800000e-01 -3.84000000e-02  1.03120000e+00 -3.84000000e-02  2.08847112e+00 -3.84000000e-02  2.13082857e+00 -3.84000000e-02  1.76145051e+00 -3.84000000e-02  1.80305252e+00 -3.84000000e-02 -2.73616252e-03
-3.82000000e-02  9.68800000e-01 -3.82000000e-02  1.03120000e+00 -3.82000000e-02  2.08895801e+00 -3.82000000e-02  2.13034233e+00 -3.82000000e-02  1.76192847e+00 -3.82000000e-02  1.80257492e+00 -3.82000000e-02 -2.73616033e-03
-3.80000000e-02  9.68800000e-01 -3.80000000e-02  1.03120000e+00 -3.80000000e-02  2.08940752e+00 -3.80000000e-02  2.12989349e+00 -3.80000000e-02  1.76236988e+00 -3.80000000e-02  1.80213392e+00 -3.80000000e-02 -2.73615807e-03
-3.78000000e-02  9.68800000e-01 -3.78000000e-02  1.03120000e+00 -3.78000000e-02  2.08994683e+00 -3.78000000e-02  2.12935482e+00 -3.78000000e-02  1.76289941e+00 -3.78000000e-02  1.80160470e+00 -3.78000000e-02 -2.73615592e-03
-3.76000000e-02  9.68800000e-01 -3.76000000e-02  1.03120000e+00 -3.76000000e-02  2.09043492e+00 -3.76000000e-02  2.12886737e+00 -3.76000000e-02  1.76337870e+00 -3.76000000e-02  1.80112584e+00 -3.76000000e-02 -2.73615374e-03
-3.74000000e-02  9.68800000e-01 -3.74000000e-02  1.03120000e+00 -3.74000000e-02  2.09088541e+00 -3.74000000e-02  2.12841754e+00 -3.74000000e-02  1.76382121e+00 -3.74000000e-02  1.80068395e+00 -3.74000000e-02 -2.73615148e-03
-3.72000000e-02  9.68800000e-01 -3.72000000e-02  1.03120000e+00 -3.72000000e-02  2.09142618e+00 -3.72000000e-02  2.12787741e+00 -3.72000000e-02  1.76435203e+00 -3.72000000e-02  1.80015332e+00 -3.72000000e-02 -2.73614934e-03
-3.70000000e-02  9.68800000e-01 -3.70000000e-02  1.03120000e+00 -3.70000000e-02  2.09191546e+00 -3.70000000e-02  2.12738877e+00 -3.70000000e-02  1.76483254e+00 -3.70000000e-02  1.79967328e+00 -3.70000000e-02 -2.73614717e-03
-3.68000000e-02  9.68800000e-01 -3.68000000e-02  1.03120000e+00 -3.68000000e-02  2.09236691e+00 -3.68000000e-02  2.12693797e+00 -3.68000000e-02  1.76527589e+00 -3.68000000e-02  1.79923046e+00 -3.68000000e-02 -2.73614493e-03
-3.66000000e-02  9.68800000e-01 -3.66000000e-02  1.03120000e+00 -3.66000000e-02  2.09290912e+00 -3.66000000e-02  2.12639639e+00 -3.66000000e-02  1.76580812e+00 -3.66000000e-02  1.79869847e+00 -3.66000000e-02 -2.73614280e-03
-3.64000000e-02  9.68800000e-01 -3.64000000e-02  1.03120000e+00 -3.64000000e-02  2.09339957e+00 -3.64000000e-02  2.12590658e+00 -3.64000000e-02  1.76628995e+00 -3.64000000e-02  1.79821743e+00 -3.64000000e-02 -2.73614064e-03
-3.62000000e-02  9.68800000e-01 -3.62000000e-02  1.03120000e+00 -3.62000000e-02  2.09385197e+00 -3.62000000e-02  2.12545483e+00 -3.62000000e-02  1.76673416e+00 -3.62000000e-02  1.79777353e+00 -3.62000000e-02 -2.73613841e-03
-3.60000000e-02  9.68800000e-01 -3.60000000e-02  1.03120000e+00 -3.60000000e-02  2.09439559e+00 -3.60000000e-02  2.12491183e+00 -3.60000000e-02  1.76726793e+00 -3.60000000e-02  1.79724010e+00 -3.60000000e-02 -2.73613629e-03
-3.58000000e-02  9.68800000e-01 -3.58000000e-02  1.03120000e+00 -3.58000000e-02  2.09488719e+00 -3.58000000e-02  2.12442087e+00 -3.58000000e-02  1.76775072e+00 -3.58000000e-02  1.79675782e+00 -3.58000000e-02 -2.73613414e-03
-3.56000000e-02  9.68800000e-01 -3.56000000e-02  1.03120000e+00 -3.56000000e-02  2.09534052e+00 -3.56000000e-02  2.12396819e+00 -3.56000000e-02  1.76819587e+00 -3.56000000e-02  1.79631307e+00 -3.56000000e-02 -2.73613193e-03
-3.54000000e-02  9.68800000e-01 -3.54000000e-02  1.03120000e+00 -3.54000000e-02  2.09588554e+00 -3.54000000e-02  2.12342379e+00 -3.54000000e-02  1.76873108e+00 -3.54000000e-02  1.79577831e+00 -3.54000000e-02 -2.73612981e-03
-3.52000000e-02  9.68800000e-01 -3.52000000e-02  1.03120000e+00 -3.52000000e-02  2.09637826e+00 -3.52000000e-02  2.12293170e+00 -3.52000000e-02  1.76921496e+00 -3.52000000e-02  1.79529499e+00 -3.52000000e-02 -2.73612768e-03
-3.50000000e-02  9.68800000e-01 -3.50000000e-02  1.03120000e+00 -3.50000000e-02  2.09683250e+00 -3.50000000e-02  2.12247809e+00 -3.50000000e-02  1.76966103e+00 -3.50000000e-02  1.79484949e+00 -3.50000000e-02 -2.73612548e-03
-3.48000000e-02  9.68800000e-01 -3.48000000e-02  1.03120000e+00 -3.48000000e-02  2.09737889e+00 -3.48000000e-02  2.12193232e+00 -3.48000000e-02  1.77019758e+00 -3.48000000e-02  1.79431326e+00 -3.48000000e-02 -2.73612337e-03
-3.46000000e-02  9.68800000e-01 -3.46000000e-02  1.03120000e+00 -3.46000000e-02  2.09787272e+00 -3.46000000e-02  2.12143911e+00 -3.46000000e-02  1.77068253e+00 -3.46000000e-02  1.79382876e+00 -3.46000000e-02 -2.73612125e-03
-3.44000000e-02  9.68800000e-01 -3.44000000e-02  1.03120000e+00 -3.44000000e-02  2.09832786e+00 -3.44000000e-02  2.12098460e+00 -3.44000000e-02  1.77112949e+00 -3.44000000e-02  1.79338243e+00 -3.44000000e-02 -2.73611907e-03
-3.42000000e-02  9.68800000e-01 -3.42000000e-02  1.03120000e+00 -3.42000000e-02  2.09887559e+00 -3.42000000e-02  2.12043748e+00 -3.42000000e-02  1.77166740e+00 -3.42000000e-02  1.79284488e+00 -3.42000000e-02 -2.73611697e-03
-3.40000000e-02  9.68800000e-01 -3.40000000e-02  1.03120000e+00 -3.40000000e-02  2.09937051e+00 -3.40000000e-02  2.11994318e+00 -3.40000000e-02  1.77215341e+00 -3.40000000e-02  1.79235930e+00 -3.40000000e-02 -2.73611486e-03
-3.38000000e-02  9.68800000e-01 -3.38000000e-02  1.03120000e+00 -3.38000000e-02  2.09982653e+00 -3.38000000e-02  2.11948779e+00 -3.38000000e-02  1.77260128e+00 -3.38000000e-02  1.79191199e+00 -3.38000000e-02 -2.73611269e-03
-3.36000000e-02  9.68800000e-01 -3.36000000e-02  1.03120000e+00 -3.36000000e-02  2.10037559e+00 -3.36000000e-02  2.11893934e+00 -3.36000000e-02  1.77314045e+00 -3.36000000e-02  1.79137325e+00 -3.36000000e-02 -2.73611060e-03
-3.34000000e-02  9.68800000e-01 -3.34000000e-02  1.03120000e+00 -3.34000000e-02  2.10087158e+00 -3.34000000e-02  2.11844395e+00 -3.34000000e-02  1.77362760e+00 -3.34000000e-02  1.79088661e+00 -3.34000000e-02 -2.73610851e-03
-3.32000000e-02  9.68800000e-01 -3.32000000e-02  1.03120000e+00 -3.32000000e-02  2.10132847e+00 -3.32000000e-02  2.11798769e+00 -3.32000000e-02  1.77407618e+00 -3.32000000e-02  1.79043845e+00 -3.32000000e-02 -2.73610635e-03
-3.30000000e-02  9.68800000e-01 -3.30000000e-02  1.03120000e+00 -3.30000000e-02  2.10187882e+00 -3.30000000e-02  2.11743794e+00 -3.30000000e-02  1.77461683e+00 -3.30000000e-02  1.78989844e+00 -3.30000000e-02 -2.73610428e-03
-3.28000000e-02  9.68800000e-01 -3.28000000e-02  1.03120000e+00 -3.28000000e-02  2.10237587e+00 -3.28000000e-02  2.11694150e+00 -3.28000000e-02  1.77510489e+00 -3.28000000e-02  1.78941089e+00 -3.28000000e-02 -2.73610219e-03
-3.26000000e-02  9.68800000e-01 -3.26000000e-02  1.03120000e+00 -3.26000000e-02  2.10283360e+00 -3.26000000e-02  2.11648438e+00 -3.26000000e-02  1.77555462e+00 -3.26000000e-02  1.78896192e+00 -3.26000000e-02 -2.73610006e-03
-3.24000000e-02  9.68800000e-01 -3.24000000e-02  1.03120000e+00 -3.24000000e-02  2.10338524e+00 -3.24000000e-02  2.11593334e+00 -3.24000000e-02  1.77609618e+00 -3.24000000e-02  1.78842056e+00 -3.24000000e-02 -2.73609799e-03
-3.22000000e-02  9.68800000e-01 -3.22000000e-02  1.03120000e+00 -3.22000000e-02  2.10388331e+00 -3.22000000e-02  2.11543587e+00 -3.22000000e-02  1.77658535e+00 -3.22000000e-02  1.78793197e+00 -3.22000000e-02 -2.73609592e-03
-3.20000000e-02  9.68800000e-01 -3.20000000e-02  1.03120000e+00 -3.20000000e-02  2.10434188e+00 -3.20000000e-02  2.11497791e+00 -3.20000000e-02  1.77703569e+00 -3.20000000e-02  1.78748211e+00 -3.20000000e-02 -2.73609380e-03
-3.18000000e-02  9.68800000e-01 -3.18000000e-02  1.03120000e+00 -3.18000000e-02  2.10489477e+00 -3.18000000e-02  2.11442562e+00 -3.18000000e-02  1.77757871e+00 -3.18000000e-02  1.78693968e+00 -3.18000000e-02 -2.73609175e-03
-3.16000000e-02  9.68800000e-01 -3.16000000e-02  1.03120000e+00 -3.16000000e-02  2.10539386e+00 -3.16000000e-02  2.11392712e+00 -3.16000000e-02  1.77806896e+00 -3.16000000e-02  1.78644999e+00 -3.16000000e-02 -2.73608969e-03
-3.14000000e-02  9.68800000e-01 -3.14000000e-02  1.03120000e+00 -3.14000000e-02  2.10585324e+00 -3.14000000e-02  2.11346834e+00 -3.14000000e-02  1.77852011e+00 -3.14000000e-02  1.78599949e+00 -3.14000000e-02 -2.73608759e-03
-3.12000000e-02  9.68800000e-01 -3.12000000e-02  1.03120000e+00 -3.12000000e-02  2.10640736e+00 -3.12000000e-02  2.11291481e+00 -3.12000000e-02  1.77906427e+00 -3.12000000e-02  1.78545570e+00 -3.12000000e-02 -2.73608554e-03
-3.10000000e-02  9.68800000e-01 -3.10000000e-02  1.03120000e+00 -3.10000000e-02  2.10690744e+00 -3.10000000e-02  2.11241531e+00 -3.10000000e-02  1.77955542e+00 -3.10000000e-02  1.78496498e+00 -3.10000000e-02 -2.73608350e-03
-3.08000000e-02  9.68800000e-01 -3.08000000e-02  1.03120000e+00 -3.08000000e-02  2.10736763e+00 -3.08000000e-02  2.11195572e+00 -3.08000000e-02  1.78000736e+00 -3.08000000e-02  1.78451373e+00 -3.08000000e-02 -2.73608141e-03
-3.06000000e-02  9.68800000e-01 -3.06000000e-02  1.03120000e+00 -3.06000000e-02  2.10792295e+00 -3.06000000e-02  2.11140098e+00 -3.06000000e-02  1.78055282e+00 -3.06000000e-02  1.78396888e+00 -3.06000000e-02 -2.73607938e-03
-3.04000000e-02  9.68800000e-01 -3.04000000e-02  1.03120000e+00 -3.04000000e-02  2.10842401e+00 -3.04000000e-02  2.11090050e+00 -3.04000000e-02  1.78104490e+00 -3.04000000e-02  1.78347727e+00 -3.04000000e-02 -2.73607735e-03
-3.02000000e-02  9.68800000e-01 -3.02000000e-02  1.03120000e+00 -3.02000000e-02  2.10888498e+00 -3.02000000e-02  2.11044012e+00 -3.02000000e-02  1.78149773e+00 -3.02000000e-02  1.78302506e+00 -3.02000000e-02 -2.73607528e-03
-3.00000000e-02  9.68800000e-01 -3.00000000e-02  1.03120000e+00 -3.00000000e-02  2.10944149e+00 -3.00000000e-02  2.10988419e+00 -3.00000000e-02  1.78204414e+00 -3.00000000e-02  1.78247906e+00 -3.00000000e-02 -2.73607327e-03
-2.98000000e-02  9.68800000e-01 -2.98000000e-02  1.03120000e+00 -2.98000000e-02  2.10994351e+00 -2.98000000e-02  2.10938274e+00 -2.98000000e-02  1.78253730e+00 -2.98000000e-02  1.78198658e+00 -2.98000000e-02 -2.73607125e-03
-2.96000000e-02  9.68800000e-01 -2.96000000e-02  1.03120000e+00 -2.96000000e-02  2.11040525e+00 -2.96000000e-02  2.10892159e+00 -2.96000000e-02  1.78299083e+00 -2.96000000e-02  1.78153364e+00 -2.96000000e-02 -2.73606920e-03
-2.94000000e-02  9.68800000e-01 -2.94000000e-02  1.03120000e+00 -2.94000000e-02  2.11096292e+00 -2.94000000e-02  2.10836449e+00 -2.94000000e-02  1.78353857e+00 -2.94000000e-02  1.78098643e+00 -2.94000000e-02 -2.73606719e-03
-2.92000000e-02  9.68800000e-01 -2.92000000e-02  1.03120000e+00 -2.92000000e-02  2.11146588e+00 -2.92000000e-02  2.10786210e+00 -2.92000000e-02  1.78403251e+00 -2.92000000e-02  1.78049309e+00 -2.92000000e-02 -2.73606520e-03
-2.90000000e-02  9.68800000e-01 -2.90000000e-02  1.03120000e+00 -2.90000000e-02  2.11192837e+00 -2.90000000e-02  2.10740019e+00 -2.90000000e-02  1.78448684e+00 -2.90000000e-02  1.78003939e+00 -2.90000000e-02 -2.73606316e-03
-2.88000000e-02  9.68800000e-01 -2.88000000e-02  1.03120000e+00 -2.88000000e-02  2.11248718e+00 -2.88000000e-02  2.10684195e+00 -2.88000000e-02  1.78503569e+00 -2.88000000e-02  1.77949116e+00 -2.88000000e-02 -2.73606117e-03
-2.86000000e-02  9.68800000e-01 -2.86000000e-02  1.03120000e+00 -2.86000000e-02  2.11299106e+00 -2.86000000e-02  2.10633863e+00 -2.86000000e-02  1.78553065e+00 -2.86000000e-02  1.77899680e+00 -2.86000000e-02 -2.73605918e-03
-2.84000000e-02  9.68800000e-01 -2.84000000e-02  1.03120000e+00 -2.84000000e-02  2.11345428e+00 -2.84000000e-02  2.10587598e+00 -2.84000000e-02  1.78598549e+00 -2.84000000e-02  1.77854245e+00 -2.84000000e-02 -2.73605717e-03
-2.82000000e-02  9.68800000e-01 -2.82000000e-02  1.03120000e+00 -2.82000000e-02  2.11401421e+00 -2.82000000e-02  2.10531661e+00 -2.82000000e-02  1.78653561e+00 -2.82000000e-02  1.77799300e+00 -2.82000000e-02 -2.73605519e-03
-2.80000000e-02  9.68800000e-01 -2.80000000e-02  1.03120000e+00 -2.80000000e-02  2.11451899e+00 -2.80000000e-02  2.10481239e+00 -2.80000000e-02  1.78703140e+00 -2.80000000e-02  1.77749779e+00 -2.80000000e-02 -2.73605322e-03
-2.78000000e-02  9.68800000e-01 -2.78000000e-02  1.03120000e+00 -2.78000000e-02  2.11498293e+00 -2.78000000e-02  2.10434901e+00 -2.78000000e-02  1.78748707e+00 -2.78000000e-02  1.77704276e+00 -2.78000000e-02 -2.73605122e-03
-2.76000000e-02  9.68800000e-01 -2.76000000e-02  1.03120000e+00 -2.76000000e-02  2.11554396e+00 -2.76000000e-02  2.10378854e+00 -2.76000000e-02  1.78803824e+00 -2.76000000e-02  1.77649231e+00 -2.76000000e-02 -2.73604925e-03
-2.74000000e-02  9.68800000e-01 -2.74000000e-02  1.03120000e+00 -2.74000000e-02  2.11604962e+00 -2.74000000e-02  2.10328343e+00 -2.74000000e-02  1.78853478e+00 -2.74000000e-02  1.77599617e+00 -2.74000000e-02 -2.73604730e-03
-2.72000000e-02  9.68800000e-01 -2.72000000e-02  1.03120000e+00 -2.72000000e-02  2.11651427e+00 -2.72000000e-02  2.10281934e+00 -2.72000000e-02  1.78899119e+00 -2.72000000e-02  1.77554036e+00 -2.72000000e-02 -2.73604532e-03
-2.70000000e-02  9.68800000e-01 -2.70000000e-02  1.03120000e+00 -2.70000000e-02  2.11707636e+00 -2.70000000e-02  2.10225779e+00 -2.70000000e-02  1.78954334e+00 -2.70000000e-02  1.77498898e+00 -2.70000000e-02 -2.73604337e-03
-2.68000000e-02  9.68800000e-01 -2.68000000e-02  1.03120000e+00 -2.68000000e-02  2.11758289e+00 -2.68000000e-02  2.10175181e+00 -2.68000000e-02  1.79004082e+00 -2.68000000e-02  1.77449200e+00 -2.68000000e-02 -2.73604143e-03
-2.66000000e-02  9.68800000e-01 -2.66000000e-02  1.03120000e+00 -2.66000000e-02  2.11804822e+00 -2.66000000e-02  2.10128702e+00 -2.66000000e-02  1.79049790e+00 -2.66000000e-02  1.77403562e+00 -2.66000000e-02 -2.73603947e-03
-2.64000000e-02  9.68800000e-01 -2.64000000e-02  1.03120000e+00 -2.64000000e-02  2.11861137e+00 -2.64000000e-02  2.10072442e+00 -2.64000000e-02  1.79105105e+00 -2.64000000e-02  1.77348308e+00 -2.64000000e-02 -2.73603753e-03
-2.62000000e-02  9.68800000e-01 -2.62000000e-02  1.03120000e+00 -2.62000000e-02  2.11911874e+00 -2.62000000e-02  2.10021759e+00 -2.62000000e-02  1.79154943e+00 -2.62000000e-02  1.77298536e+00 -2.62000000e-02 -2.73603561e-03
-2.60000000e-02  9.68800000e-01 -2.60000000e-02  1.03120000e+00 -2.60000000e-02  2.11958475e+00 -2.60000000e-02  2.09975212e+00 -2.60000000e-02  1.79200719e+00 -2.60000000e-02  1.77252818e+00 -2.60000000e-02 -2.73603367e-03
-2.58000000e-02  9.68800000e-01 -2.58000000e-02  1.03120000e+00 -2.58000000e-02  2.12014892e+00 -2.58000000e-02  2.09918849e+00 -2.58000000e-02  1.79256142e+00 -2.58000000e-02  1.77197468e+00 -2.58000000e-02 -2.73603175e-03
-2.56000000e-02  9.68800000e-01 -2.56000000e-02  1.03120000e+00 -2.56000000e-02  2.12065712e+00 -2.56000000e-02  2.09868082e+00 -2.56000000e-02  1.79306058e+00 -2.56000000e-02  1.77147610e+00 -2.56000000e-02 -2.73602984e-03
-2.54000000e-02  9.68800000e-01 -2.54000000e-02  1.03120000e+00 -2.54000000e-02  2.12112379e+00 -2.54000000e-02  2.09821469e+00 -2.54000000e-02  1.79351898e+00 -2.54000000e-02  1.77101835e+00 -2.54000000e-02 -2.73602792e-03
-2.52000000e-02  9.68800000e-01 -2.52000000e-02  1.03120000e+00 -2.52000000e-02  2.12168896e+00 -2.52000000e-02  2.09765004e+00 -2.52000000e-02  1.79407414e+00 -2.52000000e-02  1.77046389e+00 -2.52000000e-02 -2.73602601e-03
-2.50000000e-02  9.68800000e-01 -2.50000000e-02  1.03120000e+00 -2.50000000e-02  2.12219796e+00 -2.50000000e-02  2.09714156e+00 -2.50000000e-02  1.79457408e+00 -2.50000000e-02  1.76996455e+00 -2.50000000e-02 -2.73602412e-03
-2.48000000e-02  9.68800000e-01 -2.48000000e-02  1.03120000e+00 -2.48000000e-02  2.12266527e+00 -2.48000000e-02  2.09667478e+00 -2.48000000e-02  1.79503324e+00 -2.48000000e-02  1.76950615e+00 -2.48000000e-02 -2.73602222e-03
-2.46000000e-02  9.68800000e-01 -2.46000000e-02  1.03120000e+00 -2.46000000e-02  2.12323143e+00 -2.46000000e-02  2.09610915e+00 -2.46000000e-02  1.79558938e+00 -2.46000000e-02  1.76895072e+00 -2.46000000e-02 -2.73602032e-03
-2.44000000e-02  9.68800000e-01 -2.44000000e-02  1.03120000e+00 -2.44000000e-02  2.12374122e+00 -2.44000000e-02  2.09559987e+00 -2.44000000e-02  1.79609017e+00 -2.44000000e-02  1.76845061e+00 -2.44000000e-02 -2.73601846e-03
-2.42000000e-02  9.68800000e-01 -2.42000000e-02  1.03120000e+00 -2.42000000e-02  2.12420916e+00 -2.42000000e-02  2.09513246e+00 -2.42000000e-02  1.79654984e+00 -2.42000000e-02  1.76799153e+00 -2.42000000e-02 -2.73601657e-03
-2.40000000e-02  9.68800000e-01 -2.40000000e-02  1.03120000e+00 -2.40000000e-02  2.12477627e+00 -2.40000000e-02  2.09456586e+00 -2.40000000e-02  1.79710690e+00 -2.40000000e-02  1.76743501e+00 -2.40000000e-02 -2.73601469e-03
-2.38000000e-02  9.68800000e-01 -2.38000000e-02  1.03120000e+00 -2.38000000e-02  2.12528684e+00 -2.38000000e-02  2.09405581e+00 -2.38000000e-02  1.79760842e+00 -2.38000000e-02  1.76693435e+00 -2.38000000e-02 -2.73601284e-03
-2.36000000e-02  9.68800000e-01 -2.36000000e-02  1.03120000e+00 -2.36000000e-02  2.12575539e+00 -2.36000000e-02  2.09358777e+00 -2.36000000e-02  1.79806878e+00 -2.36000000e-02  1.76647484e+00 -2.36000000e-02 -2.73601097e-03
-2.34000000e-02  9.68800000e-01 -2.34000000e-02  1.03120000e+00 -2.34000000e-02  2.12632343e+00 -2.34000000e-02  2.09302024e+00 -2.34000000e-02  1.79862678e+00 -2.34000000e-02  1.76591741e+00 -2.34000000e-02 -2.73600911e-03
-2.32000000e-02  9.68800000e-01 -2.32000000e-02  1.03120000e+00 -2.32000000e-02  2.12683475e+00 -2.32000000e-02  2.09250942e+00 -2.32000000e-02  1.79912912e+00 -2.32000000e-02  1.76541573e+00 -2.32000000e-02 -2.73600728e-03
-2.30000000e-02  9.68800000e-01 -2.30000000e-02  1.03120000e+00 -2.30000000e-02  2.12730390e+00 -2.30000000e-02  2.09204078e+00 -2.30000000e-02  1.79958997e+00 -2.30000000e-02  1.76495547e+00 -2.30000000e-02 -2.73600543e-03
-2.28000000e-02  9.68800000e-01 -2.28000000e-02  1.03120000e+00 -2.28000000e-02  2.12787286e+00 -2.28000000e-02  2.09147233e+00 -2.28000000e-02  1.80014885e+00 -2.28000000e-02  1.76439745e+00 -2.28000000e-02 -2.73600358e-03
-2.26000000e-02  9.68800000e-01 -2.26000000e-02  1.03120000e+00 -2.26000000e-02  2.12838491e+00 -2.26000000e-02  2.09096077e+00 -2.26000000e-02  1.80065190e+00 -2.26000000e-02  1.76389509e+00 -2.26000000e-02 -2.73600176e-03
-2.24000000e-02  9.68800000e-01 -2.24000000e-02  1.03120000e+00 -2.24000000e-02  2.12885464e+00 -2.24000000e-02  2.09049154e+00 -2.24000000e-02  1.80111339e+00 -2.24000000e-02  1.76343434e+00 -2.24000000e-02 -2.73599994e-03
-2.22000000e-02  9.68800000e-01 -2.22000000e-02  1.03120000e+00 -2.22000000e-02  2.12942449e+00 -2.22000000e-02  2.08992220e+00 -2.22000000e-02  1.80167319e+00 -2.22000000e-02  1.76287527e+00 -2.22000000e-02 -2.73599810e-03
-2.20000000e-02  9.68800000e-01 -2.20000000e-02  1.03120000e+00 -2.20000000e-02  2.12993726e+00 -2.20000000e-02  2.08940991e+00 -2.20000000e-02  1.80217690e+00 -2.20000000e-02  1.76237220e+00 -2.20000000e-02 -2.73599631e-03
-2.18000000e-02  9.68800000e-01 -2.18000000e-02  1.03120000e+00 -2.18000000e-02  2.13040755e+00 -2.18000000e-02  2.08894011e+00 -2.18000000e-02  1.80263893e+00 -2.18000000e-02  1.76191093e+00 -2.18000000e-02 -2.73599450e-03
-2.16000000e-02  9.68800000e-01 -2.16000000e-02  1.03120000e+00 -2.16000000e-02  2.13097827e+00 -2.16000000e-02  2.08836989e+00 -2.16000000e-02  1.80319961e+00 -2.16000000e-02  1.76135098e+00 -2.16000000e-02 -2.73599268e-03
-2.14000000e-02  9.68800000e-01 -2.14000000e-02  1.03120000e+00 -2.14000000e-02  2.13149173e+00 -2.14000000e-02  2.08785690e+00 -2.14000000e-02  1.80370406e+00 -2.14000000e-02  1.76084726e+00 -2.14000000e-02 -2.73599090e-03
-2.12000000e-02  9.68800000e-01 -2.12000000e-02  1.03120000e+00 -2.12000000e-02  2.13196258e+00 -2.12000000e-02  2.08738654e+00 -2.12000000e-02  1.80416661e+00 -2.12000000e-02  1.76038538e+00 -2.12000000e-02 -2.73598912e-03
-2.10000000e-02  9.68800000e-01 -2.10000000e-02  1.03120000e+00 -2.10000000e-02  2.13253414e+00 -2.10000000e-02  2.08681547e+00 -2.10000000e-02  1.80472817e+00 -2.10000000e-02  1.75982469e+00 -2.10000000e-02 -2.73598732e-03
-2.08000000e-02  9.68800000e-01 -2.08000000e-02  1.03120000e+00 -2.08000000e-02  2.13304829e+00 -2.08000000e-02  2.08630180e+00 -2.08000000e-02  1.80523315e+00 -2.08000000e-02  1.75932028e+00 -2.08000000e-02 -2.73598556e-03
-2.06000000e-02  9.68800000e-01 -2.06000000e-02  1.03120000e+00 -2.06000000e-02  2.13351967e+00 -2.06000000e-02  2.08583089e+00 -2.06000000e-02  1.80569642e+00 -2.06000000e-02  1.75885792e+00 -2.06000000e-02 -2.73598379e-03
-2.04000000e-02  9.68800000e-01 -2.04000000e-02  1.03120000e+00 -2.04000000e-02  2.13409205e+00 -2.04000000e-02  2.08525899e+00 -2.04000000e-02  1.80625862e+00 -2.04000000e-02  1.75829634e+00 -2.04000000e-02 -2.73598201e-03
-2.02000000e-02  9.68800000e-01 -2.02000000e-02  1.03120000e+00 -2.02000000e-02  2.13460686e+00 -2.02000000e-02  2.08474465e+00 -2.02000000e-02  1.80676456e+00 -2.02000000e-02  1.75779133e+00 -2.02000000e-02 -2.73598026e-03
-2.00000000e-02  9.68800000e-01 -2.00000000e-02  1.03120000e+00 -2.00000000e-02  2.13507877e+00 -2.00000000e-02  2.08427321e+00 -2.00000000e-02  1.80722806e+00 -2.00000000e-02  1.75732848e+00 -2.00000000e-02 -2.73597852e-03
-1.98000000e-02  9.68800000e-01 -1.98000000e-02  1.03120000e+00 -1.98000000e-02  2.13565194e+00 -1.98000000e-02  2.08370051e+00 -1.98000000e-02  1.80779122e+00 -1.98000000e-02  1.75676612e+00 -1.98000000e-02 -2.73597675e-03
-1.96000000e-02  9.68800000e-01 -1.96000000e-02  1.03120000e+00 -1.96000000e-02  2.13616740e+00 -1.96000000e-02  2.08318551e+00 -1.96000000e-02  1.80829764e+00 -1.96000000e-02  1.75626049e+00 -1.96000000e-02 -2.73597503e-03
-1.94000000e-02  9.68800000e-01 -1.94000000e-02  1.03120000e+00 -1.94000000e-02  2.13663981e+00 -1.94000000e-02  2.08271357e+00 -1.94000000e-02  1.80876176e+00 -1.94000000e-02  1.75579705e+00 -1.94000000e-02 -2.73597330e-03
-1.92000000e-02  9.68800000e-01 -1.92000000e-02  1.03120000e+00 -1.92000000e-02  2.13721376e+00 -1.92000000e-02  2.08214007e+00 -1.92000000e-02  1.80932558e+00 -1.92000000e-02  1.75523399e+00 -1.92000000e-02 -2.73597155e-03
-1.90000000e-02  9.68800000e-01 -1.90000000e-02  1.03120000e+00 -1.90000000e-02  2.13772984e+00 -1.90000000e-02  2.08162445e+00 -1.90000000e-02  1.80983264e+00 -1.90000000e-02  1.75472776e+00 -1.90000000e-02 -2.73596985e-03
-1.88000000e-02  9.68800000e-01 -1.88000000e-02  1.03120000e+00 -1.88000000e-02  2.13820275e+00 -1.88000000e-02  2.08115200e+00 -1.88000000e-02  1.81029732e+00 -1.88000000e-02  1.75426384e+00 -1.88000000e-02 -2.73596814e-03
-1.86000000e-02  9.68800000e-01 -1.86000000e-02  1.03120000e+00 -1.86000000e-02  2.13877745e+00 -1.86000000e-02  2.08057775e+00 -1.86000000e-02  1.81086195e+00 -1.86000000e-02  1.75370001e+00 -1.86000000e-02 -2.73596641e-03
-1.84000000e-02  9.68800000e-01 -1.84000000e-02  1.03120000e+00 -1.84000000e-02  2.13929414e+00 -1.84000000e-02  2.08006151e+00 -1.84000000e-02  1.81136960e+00 -1.84000000e-02  1.75319319e+00 -1.84000000e-02 -2.73596472e-03
-1.82000000e-02  9.68800000e-01 -1.82000000e-02  1.03120000e+00 -1.82000000e-02  2.13976752e+00 -1.82000000e-02  2.07958858e+00 -1.82000000e-02  1.81183468e+00 -1.82000000e-02  1.75272881e+00 -1.82000000e-02 -2.73596304e-03
-1.80000000e-02  9.68800000e-01 -1.80000000e-02  1.03120000e+00 -1.80000000e-02  2.14034296e+00 -1.80000000e-02  2.07901359e+00 -1.80000000e-02  1.81240006e+00 -1.80000000e-02  1.75216431e+00 -1.80000000e-02 -2.73596132e-03
-1.78000000e-02  9.68800000e-01 -1.78000000e-02  1.03120000e+00 -1.78000000e-02  2.14086024e+00 -1.78000000e-02  2.07849675e+00 -1.78000000e-02  1.81290834e+00 -1.78000000e-02  1.75165670e+00 -1.78000000e-02 -2.73595965e-03
-1.76000000e-02  9.68800000e-01 -1.76000000e-02  1.03120000e+00 -1.76000000e-02  2.14133408e+00 -1.76000000e-02  2.07802335e+00 -1.76000000e-02  1.81337385e+00 -1.76000000e-02  1.75119198e+00 -1.76000000e-02 -2.73595799e-03
-1.74000000e-02  9.68800000e-01 -1.74000000e-02  1.03120000e+00 -1.74000000e-02  2.14191023e+00 -1.74000000e-02  2.07744764e+00 -1.74000000e-02  1.81393998e+00 -1.74000000e-02  1.75062678e+00 -1.74000000e-02 -2.73595629e-03
-1.72000000e-02  9.68800000e-01 -1.72000000e-02  1.03120000e+00 -1.72000000e-02  2.14242808e+00 -1.72000000e-02  2.07693023e+00 -1.72000000e-02  1.81444875e+00 -1.72000000e-02  1.75011881e+00 -1.72000000e-02 -2.73595465e-03
-1.70000000e-02  9.68800000e-01 -1.70000000e-02  1.03120000e+00 -1.70000000e-02  2.14290236e+00 -1.70000000e-02  2.07645637e+00 -1.70000000e-02  1.81491468e+00 -1.70000000e-02  1.74965359e+00 -1.70000000e-02 -2.73595300e-03
-1.68000000e-02  9.68800000e-01 -1.68000000e-02  1.03120000e+00 -1.68000000e-02  2.14347920e+00 -1.68000000e-02  2.07587997e+00 -1.68000000e-02  1.81548150e+00 -1.68000000e-02  1.74908768e+00 -1.68000000e-02 -2.73595132e-03
-1.66000000e-02  9.68800000e-01 -1.66000000e-02  1.03120000e+00 -1.66000000e-02  2.14399760e+00 -1.66000000e-02  2.07536199e+00 -1.66000000e-02  1.81599088e+00 -1.66000000e-02  1.74857919e+00 -1.66000000e-02 -2.73594969e-03
-1.64000000e-02  9.68800000e-01 -1.64000000e-02  1.03120000e+00 -1.64000000e-02  2.14447232e+00 -1.64000000e-02  2.07488770e+00 -1.64000000e-02  1.81645730e+00 -1.64000000e-02  1.74811350e+00 -1.64000000e-02 -2.73594807e-03
-1.62000000e-02  9.68800000e-01 -1.62000000e-02  1.03120000e+00 -1.62000000e-02  2.14504982e+00 -1.62000000e-02  2.07431062e+00 -1.62000000e-02  1.81702476e+00 -1.62000000e-02  1.74754695e+00 -1.62000000e-02 -2.73594641e-03
-1.60000000e-02  9.68800000e-01 -1.60000000e-02  1.03120000e+00 -1.60000000e-02  2.14556876e+00 -1.60000000e-02  2.07379210e+00 -1.60000000e-02  1.81753462e+00 -1.60000000e-02  1.74703793e+00 -1.60000000e-02 -2.73594480e-03
-1.58000000e-02  9.68800000e-01 -1.58000000e-02  1.03120000e+00 -1.58000000e-02  2.14604390e+00 -1.58000000e-02  2.07331738e+00 -1.58000000e-02  1.81800144e+00 -1.58000000e-02  1.74657186e+00 -1.58000000e-02 -2.73594320e-03
-1.56000000e-02  9.68800000e-01 -1.56000000e-02  1.03120000e+00 -1.56000000e-02  2.14662204e+00 -1.56000000e-02  2.07273966e+00 -1.56000000e-02  1.81856956e+00 -1.56000000e-02  1.74600465e+00 -1.56000000e-02 -2.73594155e-03
-1.54000000e-02  9.68800000e-01 -1.54000000e-02  1.03120000e+00 -1.54000000e-02  2.14714150e+00 -1.54000000e-02  2.07222061e+00 -1.54000000e-02  1.81907995e+00 -1.54000000e-02  1.74549497e+00 -1.54000000e-02 -2.73593996e-03
-1.52000000e-02  9.68800000e-01 -1.52000000e-02  1.03120000e+00 -1.52000000e-02  2.14761704e+00 -1.52000000e-02  2.07174548e+00 -1.52000000e-02  1.81954725e+00 -1.52000000e-02  1.74502862e+00 -1.52000000e-02 -2.73593839e-03
-1.50000000e-02  9.68800000e-01 -1.50000000e-02  1.03120000e+00 -1.50000000e-02  2.14819580e+00 -1.50000000e-02  2.07116713e+00 -1.50000000e-02  1.82011578e+00 -1.50000000e-02  1.74446094e+00 -1.50000000e-02 -2.73593676e-03
-1.48000000e-02  9.68800000e-01 -1.48000000e-02  1.03120000e+00 -1.48000000e-02  2.14871576e+00 -1.48000000e-02  2.07064758e+00 -1.48000000e-02  1.82062686e+00 -1.48000000e-02  1.74395082e+00 -1.48000000e-02 -2.73593519e-03
-1.46000000e-02  9.68800000e-01 -1.46000000e-02  1.03120000e+00 -1.46000000e-02  2.14919168e+00 -1.46000000e-02  2.07017205e+00 -1.46000000e-02  1.82109451e+00 -1.46000000e-02  1.74348394e+00 -1.46000000e-02 -2.73593363e-03
-1.44000000e-02  9.68800000e-01 -1.44000000e-02  1.03120000e+00 -1.44000000e-02  2.14977105e+00 -1.44000000e-02  2.06959310e+00 -1.44000000e-02  1.82166374e+00 -1.44000000e-02  1.74291562e+00 -1.44000000e-02 -2.73593202e-03
-1.42000000e-02  9.68800000e-01 -1.42000000e-02  1.03120000e+00 -1.42000000e-02  2.15029148e+00 -1.42000000e-02  2.06907306e+00 -1.42000000e-02  1.82217513e+00 -1.42000000e-02  1.74240512e+00 -1.42000000e-02 -2.73593047e-03
-1.40000000e-02  9.68800000e-01 -1.40000000e-02  1.03120000e+00 -1.40000000e-02  2.15076779e+00 -1.40000000e-02  2.06859715e+00 -1.40000000e-02  1.82264312e+00 -1.40000000e-02  1.74193786e+00 -1.40000000e-02 -2.73592893e-03
-1.38000000e-02  9.68800000e-01 -1.38000000e-02  1.03120000e+00 -1.38000000e-02  2.15134772e+00 -1.38000000e-02  2.06801761e+00 -1.38000000e-02  1.82321307e+00 -1.38000000e-02  1.74136892e+00 -1.38000000e-02 -2.73592734e-03
-1.36000000e-02  9.68800000e-01 -1.36000000e-02  1.03120000e+00 -1.36000000e-02  2.15186862e+00 -1.36000000e-02  2.06749710e+00 -1.36000000e-02  1.82372496e+00 -1.36000000e-02  1.74085799e+00 -1.36000000e-02 -2.73592581e-03
-1.34000000e-02  9.68800000e-01 -1.34000000e-02  1.03120000e+00 -1.34000000e-02  2.15234528e+00 -1.34000000e-02  2.06702082e+00 -1.34000000e-02  1.82419325e+00 -1.34000000e-02  1.74039042e+00 -1.34000000e-02 -2.73592430e-03
-1.32000000e-02  9.68800000e-01 -1.32000000e-02  1.03120000e+00 -1.32000000e-02  2.15292577e+00 -1.32000000e-02  2.06644072e+00 -1.32000000e-02  1.82476370e+00 -1.32000000e-02  1.73982098e+00 -1.32000000e-02 -2.73592272e-03
-1.30000000e-02  9.68800000e-01 -1.30000000e-02  1.03120000e+00 -1.30000000e-02  2.15344712e+00 -1.30000000e-02  2.06591976e+00 -1.30000000e-02  1.82527600e+00 -1.30000000e-02  1.73930955e+00 -1.30000000e-02 -2.73592121e-03
-1.28000000e-02  9.68800000e-01 -1.28000000e-02  1.03120000e+00 -1.28000000e-02  2.15392413e+00 -1.28000000e-02  2.06544313e+00 -1.28000000e-02  1.82574480e+00 -1.28000000e-02  1.73884174e+00 -1.28000000e-02 -2.73591972e-03
-1.26000000e-02  9.68800000e-01 -1.26000000e-02  1.03120000e+00 -1.26000000e-02  2.15450515e+00 -1.26000000e-02  2.06486249e+00 -1.26000000e-02  1.82631564e+00 -1.26000000e-02  1.73827171e+00 -1.26000000e-02 -2.73591816e-03
-1.24000000e-02  9.68800000e-01 -1.24000000e-02  1.03120000e+00 -1.24000000e-02  2.15502692e+00 -1.24000000e-02  2.06434109e+00 -1.24000000e-02  1.82682837e+00 -1.24000000e-02  1.73775989e+00 -1.24000000e-02 -2.73591667e-03
-1.22000000e-02  9.68800000e-01 -1.22000000e-02  1.03120000e+00 -1.22000000e-02  2.15550426e+00 -1.22000000e-02  2.06386412e+00 -1.22000000e-02  1.82729744e+00 -1.22000000e-02  1.73729162e+00 -1.22000000e-02 -2.73591520e-03
-1.20000000e-02  9.68800000e-01 -1.20000000e-02  1.03120000e+00 -1.20000000e-02  2.15608579e+00 -1.20000000e-02  2.06328297e+00 -1.20000000e-02  1.82786893e+00 -1.20000000e-02  1.73672122e+00 -1.20000000e-02 -2.73591366e-03
-1.18000000e-02  9.68800000e-01 -1.18000000e-02  1.03120000e+00 -1.18000000e-02  2.15660798e+00 -1.18000000e-02  2.06276115e+00 -1.18000000e-02  1.82838204e+00 -1.18000000e-02  1.73620891e+00 -1.18000000e-02 -2.73591219e-03
-1.16000000e-02  9.68800000e-01 -1.16000000e-02  1.03120000e+00 -1.16000000e-02  2.15708563e+00 -1.16000000e-02  2.06228386e+00 -1.16000000e-02  1.82885159e+00 -1.16000000e-02  1.73574043e+00 -1.16000000e-02 -2.73591074e-03
-1.14000000e-02  9.68800000e-01 -1.14000000e-02  1.03120000e+00 -1.14000000e-02  2.15766764e+00 -1.14000000e-02  2.06170221e+00 -1.14000000e-02  1.82942344e+00 -1.14000000e-02  1.73516946e+00 -1.14000000e-02 -2.73590922e-03
-1.12000000e-02  9.68800000e-01 -1.12000000e-02  1.03120000e+00 -1.12000000e-02  2.15819023e+00 -1.12000000e-02  2.06117999e+00 -1.12000000e-02  1.82993701e+00 -1.12000000e-02  1.73465688e+00 -1.12000000e-02 -2.73590777e-03
-1.10000000e-02  9.68800000e-01 -1.10000000e-02  1.03120000e+00 -1.10000000e-02  2.15866818e+00 -1.10000000e-02  2.06070239e+00 -1.10000000e-02  1.83040663e+00 -1.10000000e-02  1.73418810e+00 -1.10000000e-02 -2.73590634e-03
-1.08000000e-02  9.68800000e-01 -1.08000000e-02  1.03120000e+00 -1.08000000e-02  2.15925066e+00 -1.08000000e-02  2.06012027e+00 -1.08000000e-02  1.83097905e+00 -1.08000000e-02  1.73361668e+00 -1.08000000e-02 -2.73590484e-03
-1.06000000e-02  9.68800000e-01 -1.06000000e-02  1.03120000e+00 -1.06000000e-02  2.15977361e+00 -1.06000000e-02  2.05959766e+00 -1.06000000e-02  1.83149296e+00 -1.06000000e-02  1.73310367e+00 -1.06000000e-02 -2.73590340e-03
-1.04000000e-02  9.68800000e-01 -1.04000000e-02  1.03120000e+00 -1.04000000e-02  2.16025186e+00 -1.04000000e-02  2.05911977e+00 -1.04000000e-02  1.83196296e+00 -1.04000000e-02  1.73263456e+00 -1.04000000e-02 -2.73590200e-03
-1.02000000e-02  9.68800000e-01 -1.02000000e-02  1.03120000e+00 -1.02000000e-02  2.16083477e+00 -1.02000000e-02  2.05853721e+00 -1.02000000e-02  1.83253575e+00 -1.02000000e-02  1.73206279e+00 -1.02000000e-02 -2.73590051e-03
-1.00000000e-02  9.68800000e-01 -1.00000000e-02  1.03120000e+00 -1.00000000e-02  2.16135809e+00 -1.00000000e-02  2.05801423e+00 -1.00000000e-02  1.83304995e+00 -1.00000000e-02  1.73154942e+00 -1.00000000e-02 -2.73589910e-03
-9.80000000e-03  9.68800000e-01 -9.80000000e-03  1.03120000e+00 -9.80000000e-03  2.16183661e+00 -9.80000000e-03  2.05753605e+00 -9.80000000e-03  1.83352033e+00 -9.80000000e-03  1.73108010e+00 -9.80000000e-03 -2.73589772e-03
-9.60000000e-03  9.68800000e-01 -9.60000000e-03  1.03120000e+00 -9.60000000e-03  2.16241994e+00 -9.60000000e-03  2.05695307e+00 -9.60000000e-03  1.83409355e+00 -9.60000000e-03  1.73050776e+00 -9.60000000e-03 -2.73589625e-03
-9.40000000e-03  9.68800000e-01 -9.40000000e-03  1.03120000e+00 -9.40000000e-03  2.16294360e+00 -9.40000000e-03  2.05642974e+00 -9.40000000e-03  1.83460824e+00 -9.40000000e-03  1.72999418e+00 -9.40000000e-03 -2.73589486e-03
-9.20000000e-03  9.68800000e-01 -9.20000000e-03  1.03120000e+00 -9.20000000e-03  2.16347739e+00 -9.20000000e-03  2.05589629e+00 -9.20000000e-03  1.83513279e+00 -9.20000000e-03  1.72947056e+00 -9.20000000e-03 -2.73589344e-03
-9.00000000e-03  9.68800000e-01 -9.00000000e-03  1.03120000e+00 -9.00000000e-03  2.16400577e+00 -9.00000000e-03  2.05536824e+00 -9.00000000e-03  1.83565213e+00 -9.00000000e-03  1.72895225e+00 -9.00000000e-03 -2.73589205e-03
-8.80000000e-03  9.68800000e-01 -8.80000000e-03  1.03120000e+00 -8.80000000e-03  2.16453516e+00 -8.80000000e-03  2.05483918e+00 -8.80000000e-03  1.83617232e+00 -8.80000000e-03  1.72843294e+00 -8.80000000e-03 -2.73589066e-03
-8.60000000e-03  9.68800000e-01 -8.60000000e-03  1.03120000e+00 -8.60000000e-03  2.16506416e+00 -8.60000000e-03  2.05431051e+00 -8.60000000e-03  1.83669221e+00 -8.60000000e-03  1.72791412e+00 -8.60000000e-03 -2.73588928e-03
-8.40000000e-03  9.68800000e-01 -8.40000000e-03  1.03120000e+00 -8.40000000e-03  2.16559334e+00 -8.40000000e-03  2.05378166e+00 -8.40000000e-03  1.83721233e+00 -8.40000000e-03  1.72739502e+00 -8.40000000e-03 -2.73588790e-03
-8.20000000e-03  9.68800000e-01 -8.20000000e-03  1.03120000e+00 -8.20000000e-03  2.16612257e+00 -8.20000000e-03  2.05325274e+00 -8.20000000e-03  1.83773241e+00 -8.20000000e-03  1.72687581e+00 -8.20000000e-03 -2.73588654e-03
-8.00000000e-03  9.68800000e-01 -8.00000000e-03  1.03120000e+00 -8.00000000e-03  2.16665191e+00 -8.00000000e-03  2.05272373e+00 -8.00000000e-03  1.83825263e+00 -8.00000000e-03  1.72635665e+00 -8.00000000e-03 -2.73588517e-03
-7.80000000e-03  9.68800000e-01 -7.80000000e-03  1.03120000e+00 -7.80000000e-03  2.16718134e+00 -7.80000000e-03  2.05219461e+00 -7.80000000e-03  1.83877300e+00 -7.80000000e-03  1.72583724e+00 -7.80000000e-03 -2.73588382e-03
-7.60000000e-03  9.68800000e-01 -7.60000000e-03  1.03120000e+00 -7.60000000e-03  2.16771087e+00 -7.60000000e-03  2.05166541e+00 -7.60000000e-03  1.83929338e+00 -7.60000000e-03  1.72531800e+00 -7.60000000e-03 -2.73588247e-03
-7.40000000e-03  9.68800000e-01 -7.40000000e-03  1.03120000e+00 -7.40000000e-03  2.16824048e+00 -7.40000000e-03  2.05113610e+00 -7.40000000e-03  1.83981387e+00 -7.40000000e-03  1.72479833e+00 -7.40000000e-03 -2.73588113e-03
-7.20000000e-03  9.68800000e-01 -7.20000000e-03  1.03120000e+00 -7.20000000e-03  2.16877018e+00 -7.20000000e-03  2.05060671e+00 -7.20000000e-03  1.84033456e+00 -7.20000000e-03  1.72427883e+00 -7.20000000e-03 -2.73587979e-03
-7.00000000e-03  9.68800000e-01 -7.00000000e-03  1.03120000e+00 -7.00000000e-03  2.16929997e+00 -7.00000000e-03  2.05007723e+00 -7.00000000e-03  1.84085523e+00 -7.00000000e-03  1.72375916e+00 -7.00000000e-03 -2.73587846e-03
-6.80000000e-03  9.68800000e-01 -6.80000000e-03  1.03120000e+00 -6.80000000e-03  2.16982984e+00 -6.80000000e-03  2.04954766e+00 -6.80000000e-03  1.84137594e+00 -6.80000000e-03  1.72323935e+00 -6.80000000e-03 -2.73587714e-03
-6.60000000e-03  9.68800000e-01 -6.60000000e-03  1.03120000e+00 -6.60000000e-03  2.17035980e+00 -6.60000000e-03  2.04901801e+00 -6.60000000e-03  1.84189687e+00 -6.60000000e-03  1.72271956e+00 -6.60000000e-03 -2.73587582e-03
-6.40000000e-03  9.68800000e-01 -6.40000000e-03  1.03120000e+00 -6.40000000e-03  2.17088984e+00 -6.40000000e-03  2.04848827e+00 -6.40000000e-03  1.84241775e+00 -6.40000000e-03  1.72219976e+00 -6.40000000e-03 -2.73587451e-03
-6.20000000e-03  9.68800000e-01 -6.20000000e-03  1.03120000e+00 -6.20000000e-03  2.17141995e+00 -6.20000000e-03  2.04795845e+00 -6.20000000e-03  1.84293880e+00 -6.20000000e-03  1.72167962e+00 -6.20000000e-03 -2.73587321e-03
-6.00000000e-03  9.68800000e-01 -6.00000000e-03  1.03120000e+00 -6.00000000e-03  2.17195015e+00 -6.00000000e-03  2.04742855e+00 -6.00000000e-03  1.84345987e+00 -6.00000000e-03  1.72115963e+00 -6.00000000e-03 -2.73587191e-03
-5.80000000e-03  9.68800000e-01 -5.80000000e-03  1.03120000e+00 -5.80000000e-03  2.17248041e+00 -5.80000000e-03  2.04689858e+00 -5.80000000e-03  1.84398103e+00 -5.80000000e-03  1.72063949e+00 -5.80000000e-03 -2.73587062e-03
-5.60000000e-03  9.68800000e-01 -5.60000000e-03  1.03120000e+00 -5.60000000e-03  2.17301075e+00 -5.60000000e-03  2.04636853e+00 -5.60000000e-03  1.84450221e+00 -5.60000000e-03  1.72011909e+00 -5.60000000e-03 -2.73586934e-03
-5.40000000e-03  9.68800000e-01 -5.40000000e-03  1.03120000e+00 -5.40000000e-03  2.17354117e+00 -5.40000000e-03  2.04583840e+00 -5.40000000e-03  1.84502363e+00 -5.40000000e-03  1.71959902e+00 -5.40000000e-03 -2.73586806e-03
-5.20000000e-03  9.68800000e-01 -5.20000000e-03  1.03120000e+00 -5.20000000e-03  2.17407165e+00 -5.20000000e-03  2.04530821e+00 -5.20000000e-03  1.84554501e+00 -5.20000000e-03  1.71907863e+00 -5.20000000e-03 -2.73586679e-03
-5.00000000e-03  9.68800000e-01 -5.00000000e-03  1.03120000e+00 -5.00000000e-03  2.17460219e+00 -5.00000000e-03  2.04477794e+00 -5.00000000e-03  1.84606649e+00 -5.00000000e-03  1.71855818e+00 -5.00000000e-03 -2.73586553e-03
-4.80000000e-03  9.68800000e-01 -4.80000000e-03  1.03120000e+00 -4.80000000e-03  2.17513280e+00 -4.80000000e-03  2.04424761e+00 -4.80000000e-03  1.84658804e+00 -4.80000000e-03  1.71803780e+00 -4.80000000e-03 -2.73586427e-03
-4.60000000e-03  9.68800000e-01 -4.60000000e-03  1.03120000e+00 -4.60000000e-03  2.17566348e+00 -4.60000000e-03  2.04371722e+00 -4.60000000e-03  1.84710964e+00 -4.60000000e-03  1.71751725e+00 -4.60000000e-03 -2.73586302e-03
-4.40000000e-03  9.68800000e-01 -4.40000000e-03  1.03120000e+00 -4.40000000e-03  2.17619422e+00 -4.40000000e-03  2.04318675e+00 -4.40000000e-03  1.84763132e+00 -4.40000000e-03  1.71699658e+00 -4.40000000e-03 -2.73586177e-03
-4.20000000e-03  9.68800000e-01 -4.20000000e-03  1.03120000e+00 -4.20000000e-03  2.17672501e+00 -4.20000000e-03  2.04265623e+00 -4.20000000e-03  1.84815297e+00 -4.20000000e-03  1.71647607e+00 -4.20000000e-03 -2.73586053e-03
-4.00000000e-03  9.68800000e-01 -4.00000000e-03  1.03120000e+00 -4.00000000e-03  2.17725586e+00 -4.00000000e-03  2.04212565e+00 -4.00000000e-03  1.84867474e+00 -4.00000000e-03  1.71595526e+00 -4.00000000e-03 -2.73585930e-03
-3.80000000e-03  9.68800000e-01 -3.80000000e-03  1.03120000e+00 -3.80000000e-03  2.17778677e+00 -3.80000000e-03  2.04159501e+00 -3.80000000e-03  1.84919656e+00 -3.80000000e-03  1.71543460e+00 -3.80000000e-03 -2.73585807e-03
-3.60000000e-03  9.68800000e-01 -3.60000000e-03  1.03120000e+00 -3.60000000e-03  2.17831773e+00 -3.60000000e-03  2.04106432e+00 -3.60000000e-03  1.84971853e+00 -3.60000000e-03  1.71491386e+00 -3.60000000e-03 -2.73585685e-03
-3.40000000e-03  9.68800000e-01 -3.40000000e-03  1.03120000e+00 -3.40000000e-03  2.17884874e+00 -3.40000000e-03  2.04053357e+00 -3.40000000e-03  1.85024042e+00 -3.40000000e-03  1.71439288e+00 -3.40000000e-03 -2.73585564e-03
-3.20000000e-03  9.68800000e-01 -3.20000000e-03  1.03120000e+00 -3.20000000e-03  2.17937980e+00 -3.20000000e-03  2.04000277e+00 -3.20000000e-03  1.85076249e+00 -3.20000000e-03  1.71387195e+00 -3.20000000e-03 -2.73585443e-03
-3.00000000e-03  9.68800000e-01 -3.00000000e-03  1.03120000e+00 -3.00000000e-03  2.17991091e+00 -3.00000000e-03  2.03947192e+00 -3.00000000e-03  1.85128445e+00 -3.00000000e-03  1.71335115e+00 -3.00000000e-03 -2.73585323e-03
-2.80000000e-03  9.68800000e-01 -2.80000000e-03  1.03120000e+00 -2.80000000e-03  2.18044206e+00 -2.80000000e-03  2.03894102e+00 -2.80000000e-03  1.85180660e+00 -2.80000000e-03  1.71283003e+00 -2.80000000e-03 -2.73585204e-03
-2.60000000e-03  9.68800000e-01 -2.60000000e-03  1.03120000e+00 -2.60000000e-03  2.18097325e+00 -2.60000000e-03  2.03841008e+00 -2.60000000e-03  1.85232870e+00 -2.60000000e-03  1.71230903e+00 -2.60000000e-03 -2.73585085e-03
-2.40000000e-03  9.68800000e-01 -2.40000000e-03  1.03120000e+00 -2.40000000e-03  2.18150449e+00 -2.40000000e-03  2.03787910e+00 -2.40000000e-03  1.85285082e+00 -2.40000000e-03  1.71178810e+00 -2.40000000e-03 -2.73584967e-03
-2.20000000e-03  9.68800000e-01 -2.20000000e-03  1.03120000e+00 -2.20000000e-03  2.18203576e+00 -2.20000000e-03  2.03734807e+00 -2.20000000e-03  1.85337294e+00 -2.20000000e-03  1.71126681e+00 -2.20000000e-03 -2.73584849e-03
-2.00000000e-03  9.68800000e-01 -2.00000000e-03  1.03120000e+00 -2.00000000e-03  2.18256707e+00 -2.00000000e-03  2.03681700e+00 -2.00000000e-03  1.85389535e+00 -2.00000000e-03  1.71074580e+00 -2.00000000e-03 -2.73584732e-03
-1.80000000e-03  9.68800000e-01 -1.80000000e-03  1.03120000e+00 -1.80000000e-03  2.18309842e+00 -1.80000000e-03  2.03628590e+00 -1.80000000e-03  1.85441764e+00 -1.80000000e-03  1.71022461e+00 -1.80000000e-03 -2.73584616e-03
-1.60000000e-03  9.68800000e-01 -1.60000000e-03  1.03120000e+00 -1.60000000e-03  2.18362980e+00 -1.60000000e-03  2.03575476e+00 -1.60000000e-03  1.85493997e+00 -1.60000000e-03  1.70970331e+00 -1.60000000e-03 -2.73584500e-03
-1.40000000e-03  9.68800000e-01 -1.40000000e-03  1.03120000e+00 -1.40000000e-03  2.18416121e+00 -1.40000000e-03  2.03522359e+00 -1.40000000e-03  1.85546233e+00 -1.40000000e-03  1.70918214e+00 -1.40000000e-03 -2.73584385e-03
-1.20000000e-03  9.68800000e-01 -1.20000000e-03  1.03120000e+00 -1.20000000e-03  2.18469266e+00 -1.20000000e-03  2.03469238e+00 -1.20000000e-03  1.85598478e+00 -1.20000000e-03  1.70866077e+00 -1.20000000e-03 -2.73584270e-03
-1.00000000e-03  9.68800000e-01 -1.00000000e-03  1.03120000e+00 -1.00000000e-03  2.18522412e+00 -1.00000000e-03  2.03416115e+00 -1.00000000e-03  1.85650720e+00 -1.00000000e-03  1.70813959e+00 -1.00000000e-03 -2.73584157e-03
-8.00000000e-04  9.68800000e-01 -8.00000000e-04  1.03120000e+00 -8.00000000e-04  2.18575562e+00 -8.00000000e-04  2.03362988e+00 -8.00000000e-04  1.85702961e+00 -8.00000000e-04  1.70761830e+00 -8.00000000e-04 -2.73584043e-03
-6.00000000e-04  9.68800000e-01 -6.00000000e-04  1.03120000e+00 -6.00000000e-04  2.18628713e+00 -6.00000000e-04  2.03309860e+00 -6.00000000e-04  1.85755204e+00 -6.00000000e-04  1.70709700e+00 -6.00000000e-04 -2.73583931e-03
-4.00000000e-04  9.68800000e-01 -4.00000000e-04  1.03120000e+00 -4.00000000e-04  2.18681867e+00 -4.00000000e-04  2.03256728e+00 -4.00000000e-04  1.85807465e+00 -4.00000000e-04  1.70657553e+00 -4.00000000e-04 -2.73583819e-03
-2.00000000e-04  9.68800000e-01 -2.00000000e-04  1.03120000e+00 -2.00000000e-04  2.18735023e+00 -2.00000000e-04  2.03203595e+00 -2.00000000e-04  1.85859716e+00 -2.00000000e-04  1.70605433e+00 -2.00000000e-04 -2.73583707e-03
-2.50288072e-16  9.68800000e-01 -2.50288072e-16  1.03120000e+00 -2.50288072e-16  2.18788180e+00 -2.50288072e-16  2.03150460e+00 -2.50288072e-16  1.85911970e+00 -2.50288072e-16  1.70553283e+00 -2.50288072e-16 -2.73583596e-03
 2.00000000e-04  9.68800000e-01  2.00000000e-04  1.03120000e+00  2.00000000e-04  2.18841339e+00  2.00000000e-04  2.03097323e+00  2.00000000e-04  1.85964224e+00  2.00000000e-04  1.70501144e+00  2.00000000e-04 -2.73583486e-03
 4.00000000e-04  9.68800000e-01  4.00000000e-04  1.03120000e+00  4.00000000e-04  2.18894500e+00  4.00000000e-04  2.03044184e+00  4.00000000e-04  1.86016483e+00  4.00000000e-04  1.70448999e+00  4.00000000e-04 -2.73583376e-03
 6.00000000e-04  9.68800000e-01  6.00000000e-04  1.03120000e+00  6.00000000e-04  2.18947661e+00  6.00000000e-04  2.02991044e+00  6.00000000e-04  1.86068739e+00  6.00000000e-04  1.70396864e+00  6.00000000e-04 -2.73583267e-03
 8.00000000e-04  9.68800000e-01  8.00000000e-04  1.03120000e+00  8.00000000e-04  2.19000824e+00  8.00000000e-04  2.02937903e+00  8.00000000e-04  1.86120999e+00  8.00000000e-04  1.70344716e+00  8.00000000e-04 -2.73583159e-03
 1.00000000e-03  9.68800000e-01  1.00000000e-03  1.03120000e+00  1.00000000e-03  2.19053987e+00  1.00000000e-03  2.02884761e+00  1.00000000e-03  1.86173260e+00  1.00000000e-03  1.70292585e+00  1.00000000e-03 -2.73583051e-03
 1.20000000e-03  9.68800000e-01  1.20000000e-03  1.03120000e+00  1.20000000e-03  2.19107151e+00  1.20000000e-03  2.02831618e+00  1.20000000e-03  1.86225529e+00  1.20000000e-03  1.70240431e+00  1.20000000e-03 -2.73582944e-03
 1.40000000e-03  9.68800000e-01  1.40000000e-03  1.03120000e+00  1.40000000e-03  2.19160315e+00  1.40000000e-03  2.02778474e+00  1.40000000e-03  1.86277793e+00  1.40000000e-03  1.70188281e+00  1.40000000e-03 -2.73582837e-03
 1.60000000e-03  9.68800000e-01  1.60000000e-03  1.03120000e+00  1.60000000e-03  2.19213479e+00  1.60000000e-03  2.02725330e+00  1.60000000e-03  1.86330050e+00  1.60000000e-03  1.70136136e+00  1.60000000e-03 -2.73582731e-03
 1.80000000e-03  9.68800000e-01  1.80000000e-03  1.03120000e+00  1.80000000e-03  2.19266643e+00  1.80000000e-03  2.02672186e+00  1.80000000e-03  1.86382319e+00  1.80000000e-03  1.70083992e+00  1.80000000e-03 -2.73582626e-03
 2.00000000e-03  9.68800000e-01  2.00000000e-03  1.03120000e+00  2.00000000e-03  2.19319807e+00  2.00000000e-03  2.02619042e+00  2.00000000e-03  1.86434585e+00  2.00000000e-03  1.70031846e+00  2.00000000e-03 -2.73582521e-03
 2.20000000e-03  9.68800000e-01  2.20000000e-03  1.03120000e+00  2.20000000e-03  2.19372971e+00  2.20000000e-03  2.02565898e+00  2.20000000e-03  1.86486843e+00  2.20000000e-03  1.69979706e+00  2.20000000e-03 -2.73582416e-03
 2.40000000e-03  9.68800000e-01  2.40000000e-03  1.03120000e+00  2.40000000e-03  2.19426133e+00  2.40000000e-03  2.02512755e+00  2.40000000e-03  1.86539104e+00  2.40000000e-03  1.69927582e+00  2.40000000e-03 -2.73582313e-03
 2.60000000e-03  9.68800000e-01  2.60000000e-03  1.03120000e+00  2.60000000e-03  2.19479296e+00  2.60000000e-03  2.02459612e+00  2.60000000e-03  1.86591371e+00  2.60000000e-03  1.69875426e+00  2.60000000e-03 -2.73582209e-03
 2.80000000e-03  9.68800000e-01  2.80000000e-03  1.03120000e+00  2.80000000e-03  2.19532457e+00  2.80000000e-03  2.02406470e+00  2.80000000e-03  1.86643634e+00  2.80000000e-03  1.69823287e+00  2.80000000e-03 -2.73582107e-03
 3.00000000e-03  9.68800000e-01  3.00000000e-03  1.03120000e+00  3.00000000e-03  2.19585616e+00  3.00000000e-03  2.02353329e+00  3.00000000e-03  1.86695908e+00  3.00000000e-03  1.69771159e+00  3.00000000e-03 -2.73582005e-03
 3.20000000e-03  9.68800000e-01  3.20000000e-03  1.03120000e+00  3.20000000e-03  2.19638775e+00  3.20000000e-03  2.02300189e+00  3.20000000e-03  1.86748151e+00  3.20000000e-03  1.69719008e+00  3.20000000e-03 -2.73581903e-03
 3.40000000e-03  9.68800000e-01  3.40000000e-03  1.03120000e+00  3.40000000e-03  2.19691931e+00  3.40000000e-03  2.02247050e+00  3.40000000e-03  1.86800400e+00  3.40000000e-03  1.69666877e+00  3.40000000e-03 -2.73581802e-03
 3.60000000e-03  9.68800000e-01  3.60000000e-03  1.03120000e+00  3.60000000e-03  2.19745086e+00  3.60000000e-03  2.02193913e+00  3.60000000e-03  1.86852673e+00  3.60000000e-03  1.69614744e+00  3.60000000e-03 -2.73581702e-03
 3.80000000e-03  9.68800000e-01  3.80000000e-03  1.03120000e+00  3.80000000e-03  2.19798239e+00  3.80000000e-03  2.02140778e+00  3.80000000e-03  1.86904929e+00  3.80000000e-03  1.69562595e+00  3.80000000e-03 -2.73581602e-03
 4.00000000e-03  9.68800000e-01  4.00000000e-03  1.03120000e+00  4.00000000e-03  2.19851390e+00  4.00000000e-03  2.02087645e+00  4.00000000e-03  1.86957179e+00  4.00000000e-03  1.69510484e+00  4.00000000e-03 -2.73581503e-03
 4.20000000e-03  9.68800000e-01  4.20000000e-03  1.03120000e+00  4.20000000e-03  2.19904538e+00  4.20000000e-03  2.02034514e+00  4.20000000e-03  1.87009430e+00  4.20000000e-03  1.69458350e+00  4.20000000e-03 -2.73581404e-03
 4.40000000e-03  9.68800000e-01  4.40000000e-03  1.03120000e+00  4.40000000e-03  2.19957684e+00  4.40000000e-03  2.01981386e+00  4.40000000e-03  1.87061674e+00  4.40000000e-03  1.69406232e+00  4.40000000e-03 -2.73581306e-03
 4.60000000e-03  9.68800000e-01  4.60000000e-03  1.03120000e+00  4.60000000e-03  2.20010827e+00  4.60000000e-03  2.01928260e+00  4.60000000e-03  1.87113923e+00  4.60000000e-03  1.69354114e+00  4.60000000e-03 -2.73581208e-03
 4.80000000e-03  9.68800000e-01  4.80000000e-03  1.03120000e+00  4.80000000e-03  2.20063967e+00  4.80000000e-03  2.01875137e+00  4.80000000e-03  1.87166166e+00  4.80000000e-03  1.69301996e+00  4.80000000e-03 -2.73581111e-03
 5.00000000e-03  9.68800000e-01  5.00000000e-03  1.03120000e+00  5.00000000e-03  2.20117103e+00  5.00000000e-03  2.01822017e+00  5.00000000e-03  1.87218414e+00  5.00000000e-03  1.69249874e+00  5.00000000e-03 -2.73581015e-03
 5.20000000e-03  9.68800000e-01  5.20000000e-03  1.03120000e+00  5.20000000e-03  2.20170236e+00  5.20000000e-03  2.01768900e+00  5.20000000e-03  1.87270645e+00  5.20000000e-03  1.69197763e+00  5.20000000e-03 -2.73580919e-03
 5.40000000e-03  9.68800000e-01  5.40000000e-03  1.03120000e+00  5.40000000e-03  2.20223366e+00  5.40000000e-03  2.01715786e+00  5.40000000e-03  1.87322885e+00  5.40000000e-03  1.69145652e+00  5.40000000e-03 -2.73580823e-03
 5.60000000e-03  9.68800000e-01  5.60000000e-03  1.03120000e+00  5.60000000e-03  2.20276492e+00  5.60000000e-03  2.01662676e+00  5.60000000e-03  1.87375120e+00  5.60000000e-03  1.69093556e+00  5.60000000e-03 -2.73580728e-03
 5.80000000e-03  9.68800000e-01  5.80000000e-03  1.03120000e+00  5.80000000e-03  2.20329614e+00  5.80000000e-03  2.01609570e+00  5.80000000e-03  1.87427348e+00  5.80000000e-03  1.69041455e+00  5.80000000e-03 -2.73580634e-03
 6.00000000e-03  9.68800000e-01  6.00000000e-03  1.03120000e+00  6.00000000e-03  2.20382731e+00  6.00000000e-03  2.01556468e+00  6.00000000e-03  1.87479583e+00  6.00000000e-03  1.68989364e+00  6.00000000e-03 -2.73580540e-03
 6.20000000e-03  9.68800000e-01  6.20000000e-03  1.03120000e+00  6.20000000e-03  2.20435845e+00  6.20000000e-03  2.01503370e+00  6.20000000e-03  1.87531789e+00  6.20000000e-03  1.68937273e+00  6.20000000e-03 -2.73580447e-03
 6.40000000e-03  9.68800000e-01  6.40000000e-03  1.03120000e+00  6.40000000e-03  2.20488953e+00  6.40000000e-03  2.01450276e+00  6.40000000e-03  1.87584006e+00  6.40000000e-03  1.68885188e+00  6.40000000e-03 -2.73580354e-03
 6.60000000e-03  9.68800000e-01  6.60000000e-03  1.03120000e+00  6.60000000e-03  2.20542057e+00  6.60000000e-03  2.01397187e+00  6.60000000e-03  1.87636220e+00  6.60000000e-03  1.68833105e+00  6.60000000e-03 -2.73580262e-03
 6.80000000e-03  9.68800000e-01  6.80000000e-03  1.03120000e+00  6.80000000e-03  2.20595156e+00  6.80000000e-03  2.01344103e+00  6.80000000e-03  1.87688434e+00  6.80000000e-03  1.68781037e+00  6.80000000e-03 -2.73580170e-03
 7.00000000e-03  9.68800000e-01  7.00000000e-03  1.03120000e+00  7.00000000e-03  2.20648250e+00  7.00000000e-03  2.01291023e+00  7.00000000e-03  1.87740619e+00  7.00000000e-03  1.68728957e+00  7.00000000e-03 -2.73580078e-03
 7.20000000e-03  9.68800000e-01  7.20000000e-03  1.03120000e+00  7.20000000e-03  2.20701338e+00  7.20000000e-03  2.01237949e+00  7.20000000e-03  1.87792816e+00  7.20000000e-03  1.68676888e+00  7.20000000e-03 -2.73579988e-03
 7.40000000e-03  9.68800000e-01  7.40000000e-03  1.03120000e+00  7.40000000e-03  2.20754421e+00  7.40000000e-03  2.01184880e+00  7.40000000e-03  1.87845016e+00  7.40000000e-03  1.68624834e+00  7.40000000e-03 -2.73579897e-03
 7.60000000e-03  9.68800000e-01  7.60000000e-03  1.03120000e+00  7.60000000e-03  2.20807498e+00  7.60000000e-03  2.01131817e+00  7.60000000e-03  1.87897198e+00  7.60000000e-03  1.68572773e+00  7.60000000e-03 -2.73579808e-03
 7.80000000e-03  9.68800000e-01  7.80000000e-03  1.03120000e+00  7.80000000e-03  2.20862185e+00  7.80000000e-03  2.01077144e+00  7.80000000e-03  1.87950969e+00  7.80000000e-03  1.68519143e+00  7.80000000e-03 -2.73579716e-03
 8.00000000e-03  9.68800000e-01  8.00000000e-03  1.03120000e+00  8.00000000e-03  2.20915249e+00  8.00000000e-03  2.01024094e+00  8.00000000e-03  1.88003141e+00  8.00000000e-03  1.68467098e+00  8.00000000e-03 -2.73579627e-03
 8.20000000e-03  9.68800000e-01  8.20000000e-03  1.03120000e+00  8.20000000e-03  2.20968350e+00  8.20000000e-03  2.00971006e+00  8.20000000e-03  1.88055358e+00  8.20000000e-03  1.68415024e+00  8.20000000e-03 -2.73579539e-03
 8.40000000e-03  9.68800000e-01  8.40000000e-03  1.03120000e+00  8.40000000e-03  2.21021401e+00  8.40000000e-03  2.00917968e+00  8.40000000e-03  1.88107518e+00  8.40000000e-03  1.68362993e+00  8.40000000e-03 -2.73579451e-03
 8.60000000e-03  9.68800000e-01  8.60000000e-03  1.03120000e+00  8.60000000e-03  2.21074447e+00  8.60000000e-03  2.00864935e+00  8.60000000e-03  1.88159672e+00  8.60000000e-03  1.68310974e+00  8.60000000e-03 -2.73579364e-03
 8.80000000e-03  9.68800000e-01  8.80000000e-03  1.03120000e+00  8.80000000e-03  2.21127484e+00  8.80000000e-03  2.00811910e+00  8.80000000e-03  1.88211825e+00  8.80000000e-03  1.68258956e+00  8.80000000e-03 -2.73579277e-03
 9.00000000e-03  9.68800000e-01  9.00000000e-03  1.03120000e+00  9.00000000e-03  2.21180514e+00  9.00000000e-03  2.00758892e+00  9.00000000e-03  1.88263967e+00  9.00000000e-03  1.68206957e+00  9.00000000e-03 -2.73579190e-03
 9.20000000e-03  9.68800000e-01  9.20000000e-03  1.03120000e+00  9.20000000e-03  2.21233537e+00  9.20000000e-03  2.00705881e+00  9.20000000e-03  1.88316106e+00  9.20000000e-03  1.68154948e+00  9.20000000e-03 -2.73579105e-03
 9.40000000e-03  9.68800000e-01  9.40000000e-03  1.03120000e+00  9.40000000e-03  2.21286553e+00  9.40000000e-03  2.00652878e+00  9.40000000e-03  1.88368224e+00  9.40000000e-03  1.68102956e+00  9.40000000e-03 -2.73579019e-03
 9.60000000e-03  9.68800000e-01  9.60000000e-03  1.03120000e+00  9.60000000e-03  2.21339560e+00  9.60000000e-03  2.00599882e+00  9.60000000e-03  1.88420352e+00  9.60000000e-03  1.68050985e+00  9.60000000e-03 -2.73578934e-03
 9.80000000e-03  9.68800000e-01  9.80000000e-03  1.03120000e+00  9.80000000e-03  2.21392560e+00  9.80000000e-03  2.00546894e+00  9.80000000e-03  1.88472468e+00  9.80000000e-03  1.67998997e+00  9.80000000e-03 -2.73578850e-03
 1.00000000e-02  9.68800000e-01  1.00000000e-02  1.03120000e+00  1.00000000e-02  2.21445551e+00  1.00000000e-02  2.00493914e+00  1.00000000e-02  1.88524570e+00  1.00000000e-02  1.67947032e+00  1.00000000e-02 -2.73578765e-03
 1.02000000e-02  9.68800000e-01  1.02000000e-02  1.03120000e+00  1.02000000e-02  2.21498534e+00  1.02000000e-02  2.00440942e+00  1.02000000e-02  1.88576662e+00  1.02000000e-02  1.67895068e+00  1.02000000e-02 -2.73578682e-03
 1.04000000e-02  9.68800000e-01  1.04000000e-02  1.03120000e+00  1.04000000e-02  2.21551508e+00  1.04000000e-02  2.00387979e+00  1.04000000e-02  1.88628751e+00  1.04000000e-02  1.67843112e+00  1.04000000e-02 -2.73578599e-03
 1.06000000e-02  9.68800000e-01  1.06000000e-02  1.03120000e+00  1.06000000e-02  2.21604474e+00  1.06000000e-02  2.00335024e+00  1.06000000e-02  1.88680841e+00  1.06000000e-02  1.67791174e+00  1.06000000e-02 -2.73578516e-03
 1.08000000e-02  9.68800000e-01  1.08000000e-02  1.03120000e+00  1.08000000e-02  2.21657431e+00  1.08000000e-02  2.00282078e+00  1.08000000e-02  1.88732909e+00  1.08000000e-02  1.67739247e+00  1.08000000e-02 -2.73578434e-03
 1.10000000e-02  9.68800000e-01  1.10000000e-02  1.03120000e+00  1.10000000e-02  2.21710378e+00  1.10000000e-02  2.00229141e+00  1.10000000e-02  1.88784976e+00  1.10000000e-02  1.67687317e+00  1.10000000e-02 -2.73578352e-03
 1.12000000e-02  9.68800000e-01  1.12000000e-02  1.03120000e+00  1.12000000e-02  2.21763317e+00  1.12000000e-02  2.00176213e+00  1.12000000e-02  1.88837038e+00  1.12000000e-02  1.67635406e+00  1.12000000e-02 -2.73578270e-03
 1.14000000e-02  9.68800000e-01  1.14000000e-02  1.03120000e+00  1.14000000e-02  2.21816245e+00  1.14000000e-02  2.00123295e+00  1.14000000e-02  1.88889059e+00  1.14000000e-02  1.67583503e+00  1.14000000e-02 -2.73578189e-03
 1.16000000e-02  9.68800000e-01  1.16000000e-02  1.03120000e+00  1.16000000e-02  2.21869164e+00  1.16000000e-02  2.00070386e+00  1.16000000e-02  1.88941114e+00  1.16000000e-02  1.67531610e+00  1.16000000e-02 -2.73578109e-03
 1.18000000e-02  9.68800000e-01  1.18000000e-02  1.03120000e+00  1.18000000e-02  2.21922073e+00  1.18000000e-02  2.00017487e+00  1.18000000e-02  1.88993135e+00  1.18000000e-02  1.67479718e+00  1.18000000e-02 -2.73578029e-03
 1.20000000e-02  9.68800000e-01  1.20000000e-02  1.03120000e+00  1.20000000e-02  2.21974972e+00  1.20000000e-02  1.99964597e+00  1.20000000e-02  1.89045153e+00  1.20000000e-02  1.67427842e+00  1.20000000e-02 -2.73577949e-03
 1.22000000e-02  9.68800000e-01  1.22000000e-02  1.03120000e+00  1.22000000e-02  2.22027860e+00  1.22000000e-02  1.99911718e+00  1.22000000e-02  1.89097174e+00  1.22000000e-02  1.67375974e+00  1.22000000e-02 -2.73577870e-03
 1.24000000e-02  9.68800000e-01  1.24000000e-02  1.03120000e+00  1.24000000e-02  2.22081179e+00  1.24000000e-02  1.99858408e+00  1.24000000e-02  1.89149597e+00  1.24000000e-02  1.67323696e+00  1.24000000e-02 -2.73577790e-03
 1.26000000e-02  9.68800000e-01  1.26000000e-02  1.03120000e+00  1.26000000e-02  2.22134046e+00  1.26000000e-02  1.99805551e+00  1.26000000e-02  1.89201584e+00  1.26000000e-02  1.67271850e+00  1.26000000e-02 -2.73577712e-03
 1.28000000e-02  9.68800000e-01  1.28000000e-02  1.03120000e+00  1.28000000e-02  2.22186905e+00  1.28000000e-02  1.99752700e+00  1.28000000e-02  1.89253560e+00  1.28000000e-02  1.67220009e+00  1.28000000e-02 -2.73577634e-03
 1.30000000e-02  9.68800000e-01  1.30000000e-02  1.03120000e+00  1.30000000e-02  2.22239750e+00  1.30000000e-02  1.99699864e+00  1.30000000e-02  1.89305526e+00  1.30000000e-02  1.67168189e+00  1.30000000e-02 -2.73577556e-03
 1.32000000e-02  9.68800000e-01  1.32000000e-02  1.03120000e+00  1.32000000e-02  2.22292583e+00  1.32000000e-02  1.99647040e+00  1.32000000e-02  1.89357493e+00  1.32000000e-02  1.67116383e+00  1.32000000e-02 -2.73577479e-03
 1.34000000e-02  9.68800000e-01  1.34000000e-02  1.03120000e+00  1.34000000e-02  2.22345533e+00  1.34000000e-02  1.99594098e+00  1.34000000e-02  1.89409548e+00  1.34000000e-02  1.67064452e+00  1.34000000e-02 -2.73577401e-03
 1.36000000e-02  9.68800000e-01  1.36000000e-02  1.03120000e+00  1.36000000e-02  2.22398343e+00  1.36000000e-02  1.99541296e+00  1.36000000e-02  1.89461485e+00  1.36000000e-02  1.67012666e+00  1.36000000e-02 -2.73577325e-03
 1.38000000e-02  9.68800000e-01  1.38000000e-02  1.03120000e+00  1.38000000e-02  2.22451179e+00  1.38000000e-02  1.99488468e+00  1.38000000e-02  1.89513438e+00  1.38000000e-02  1.66960864e+00  1.38000000e-02 -2.73577249e-03
 1.40000000e-02  9.68800000e-01  1.40000000e-02  1.03120000e+00  1.40000000e-02  2.22503927e+00  1.40000000e-02  1.99435728e+00  1.40000000e-02  1.89565308e+00  1.40000000e-02  1.66909129e+00  1.40000000e-02 -2.73577173e-03
 1.42000000e-02  9.68800000e-01  1.42000000e-02  1.03120000e+00  1.42000000e-02  2.22556573e+00  1.42000000e-02  1.99383090e+00  1.42000000e-02  1.89617087e+00  1.42000000e-02  1.66857504e+00  1.42000000e-02 -2.73577098e-03
 1.44000000e-02  9.68800000e-01  1.44000000e-02  1.03120000e+00  1.44000000e-02  2.22609333e+00  1.44000000e-02  1.99330337e+00  1.44000000e-02  1.89668969e+00  1.44000000e-02  1.66805781e+00  1.44000000e-02 -2.73577023e-03
 1.46000000e-02  9.68800000e-01  1.46000000e-02  1.03120000e+00  1.46000000e-02  2.22662080e+00  1.46000000e-02  1.99277597e+00  1.46000000e-02  1.89720837e+00  1.46000000e-02  1.66754051e+00  1.46000000e-02 -2.73576948e-03
 1.48000000e-02  9.68800000e-01  1.48000000e-02  1.03120000e+00  1.48000000e-02  2.22714816e+00  1.48000000e-02  1.99224869e+00  1.48000000e-02  1.89772697e+00  1.48000000e-02  1.66702336e+00  1.48000000e-02 -2.73576874e-03
 1.50000000e-02  9.68800000e-01  1.50000000e-02  1.03120000e+00  1.50000000e-02  2.22767537e+00  1.50000000e-02  1.99172154e+00  1.50000000e-02  1.89824545e+00  1.50000000e-02  1.66650644e+00  1.50000000e-02 -2.73576800e-03
 1.52000000e-02  9.68800000e-01  1.52000000e-02  1.03120000e+00  1.52000000e-02  2.22820246e+00  1.52000000e-02  1.99119453e+00  1.52000000e-02  1.89876383e+00  1.52000000e-02  1.66598952e+00  1.52000000e-02 -2.73576726e-03
 1.54000000e-02  9.68800000e-01  1.54000000e-02  1.03120000e+00  1.54000000e-02  2.22872513e+00  1.54000000e-02  1.99067192e+00  1.54000000e-02  1.89927777e+00  1.54000000e-02  1.66547694e+00  1.54000000e-02 -2.73576653e-03
 1.56000000e-02  9.68800000e-01  1.56000000e-02  1.03120000e+00  1.56000000e-02  2.22925195e+00  1.56000000e-02  1.99014518e+00  1.56000000e-02  1.89979587e+00  1.56000000e-02  1.66496029e+00  1.56000000e-02 -2.73576580e-03
 1.58000000e-02  9.68800000e-01  1.58000000e-02  1.03120000e+00  1.58000000e-02  2.22977851e+00  1.58000000e-02  1.98961868e+00  1.58000000e-02  1.90031372e+00  1.58000000e-02  1.66444402e+00  1.58000000e-02 -2.73576508e-03
 1.60000000e-02  9.68800000e-01  1.60000000e-02  1.03120000e+00  1.60000000e-02  2.23030504e+00  1.60000000e-02  1.98909220e+00  1.60000000e-02  1.90083155e+00  1.60000000e-02  1.66392771e+00  1.60000000e-02 -2.73576435e-03
 1.62000000e-02  9.68800000e-01  1.62000000e-02  1.03120000e+00  1.62000000e-02  2.23083143e+00  1.62000000e-02  1.98856588e+00  1.62000000e-02  1.90134925e+00  1.62000000e-02  1.66341167e+00  1.62000000e-02 -2.73576363e-03
 1.64000000e-02  9.68800000e-01  1.64000000e-02  1.03120000e+00  1.64000000e-02  2.23135768e+00  1.64000000e-02  1.98803969e+00  1.64000000e-02  1.90186674e+00  1.64000000e-02  1.66289559e+00  1.64000000e-02 -2.73576292e-03
 1.66000000e-02  9.68800000e-01  1.66000000e-02  1.03120000e+00  1.66000000e-02  2.23188378e+00  1.66000000e-02  1.98751365e+00  1.66000000e-02  1.90238419e+00  1.66000000e-02  1.66237970e+00  1.66000000e-02 -2.73576220e-03
 1.68000000e-02  9.68800000e-01  1.68000000e-02  1.03120000e+00  1.68000000e-02  2.23240973e+00  1.68000000e-02  1.98698776e+00  1.68000000e-02  1.90290151e+00  1.68000000e-02  1.66186404e+00  1.68000000e-02 -2.73576149e-03
 1.70000000e-02  9.68800000e-01  1.70000000e-02  1.03120000e+00  1.70000000e-02  2.23293552e+00  1.70000000e-02  1.98646202e+00  1.70000000e-02  1.90341851e+00  1.70000000e-02  1.66134839e+00  1.70000000e-02 -2.73576079e-03
 1.72000000e-02  9.68800000e-01  1.72000000e-02  1.03120000e+00  1.72000000e-02  2.23346117e+00  1.72000000e-02  1.98593643e+00  1.72000000e-02  1.90393562e+00  1.72000000e-02  1.66083298e+00  1.72000000e-02 -2.73576008e-03
 1.74000000e-02  9.68800000e-01  1.74000000e-02  1.03120000e+00  1.74000000e-02  2.23398665e+00  1.74000000e-02  1.98541099e+00  1.74000000e-02  1.90445225e+00  1.74000000e-02  1.66031766e+00  1.74000000e-02 -2.73575938e-03
 1.76000000e-02  9.68800000e-01  1.76000000e-02  1.03120000e+00  1.76000000e-02  2.23451198e+00  1.76000000e-02  1.98488571e+00  1.76000000e-02  1.90496895e+00  1.76000000e-02  1.65980261e+00  1.76000000e-02 -2.73575868e-03
 1.78000000e-02  9.68800000e-01  1.78000000e-02  1.03120000e+00  1.78000000e-02  2.23503715e+00  1.78000000e-02  1.98436059e+00  1.78000000e-02  1.90548548e+00  1.78000000e-02  1.65928762e+00  1.78000000e-02 -2.73575799e-03
 1.80000000e-02  9.68800000e-01  1.80000000e-02  1.03120000e+00  1.80000000e-02  2.23556216e+00  1.80000000e-02  1.98383563e+00  1.80000000e-02  1.90600177e+00  1.80000000e-02  1.65877287e+00  1.80000000e-02 -2.73575729e-03
 1.82000000e-02  9.68800000e-01  1.82000000e-02  1.03120000e+00  1.82000000e-02  2.23608701e+00  1.82000000e-02  1.98331083e+00  1.82000000e-02  1.90651801e+00  1.82000000e-02  1.65825824e+00  1.82000000e-02 -2.73575660e-03
 1.84000000e-02  9.68800000e-01  1.84000000e-02  1.03120000e+00  1.84000000e-02  2.23661169e+00  1.84000000e-02  1.98278620e+00  1.84000000e-02  1.90703394e+00  1.84000000e-02  1.65774378e+00  1.84000000e-02 -2.73575592e-03
 1.86000000e-02  9.68800000e-01  1.86000000e-02  1.03120000e+00  1.86000000e-02  2.23713620e+00  1.86000000e-02  1.98226173e+00  1.86000000e-02  1.90754989e+00  1.86000000e-02  1.65722955e+00  1.86000000e-02 -2.73575523e-03
 1.88000000e-02  9.68800000e-01  1.88000000e-02  1.03120000e+00  1.88000000e-02  2.23766054e+00  1.88000000e-02  1.98173743e+00  1.88000000e-02  1.90806551e+00  1.88000000e-02  1.65671539e+00  1.88000000e-02 -2.73575455e-03
 1.90000000e-02  9.68800000e-01  1.90000000e-02  1.03120000e+00  1.90000000e-02  2.23817014e+00  1.90000000e-02  1.98122788e+00  1.90000000e-02  1.90856677e+00  1.90000000e-02  1.65621566e+00  1.90000000e-02 -2.73575390e-03
 1.92000000e-02  9.68800000e-01  1.92000000e-02  1.03120000e+00  1.92000000e-02  2.23869416e+00  1.92000000e-02  1.98070389e+00  1.92000000e-02  1.90908217e+00  1.92000000e-02  1.65570203e+00  1.92000000e-02 -2.73575322e-03
 1.94000000e-02  9.68800000e-01  1.94000000e-02  1.03120000e+00  1.94000000e-02  2.23921672e+00  1.94000000e-02  1.98018138e+00  1.94000000e-02  1.90959611e+00  1.94000000e-02  1.65518954e+00  1.94000000e-02 -2.73575255e-03
 1.96000000e-02  9.68800000e-01  1.96000000e-02  1.03120000e+00  1.96000000e-02  2.23974037e+00  1.96000000e-02  1.97965776e+00  1.96000000e-02  1.91011109e+00  1.96000000e-02  1.65467607e+00  1.96000000e-02 -2.73575187e-03
 1.98000000e-02  9.68800000e-01  1.98000000e-02  1.03120000e+00  1.98000000e-02  2.24026374e+00  1.98000000e-02  1.97913443e+00  1.98000000e-02  1.91062587e+00  1.98000000e-02  1.65416295e+00  1.98000000e-02 -2.73575121e-03
 2.00000000e-02  9.68800000e-01  2.00000000e-02  1.03120000e+00  2.00000000e-02  2.24078704e+00  2.00000000e-02  1.97861117e+00  2.00000000e-02  1.91114068e+00  2.00000000e-02  1.65364987e+00  2.00000000e-02 -2.73575054e-03
 2.02000000e-02  9.68800000e-01  2.02000000e-02  1.03120000e+00  2.02000000e-02  2.24131014e+00  2.02000000e-02  1.97808810e+00  2.02000000e-02  1.91165504e+00  2.02000000e-02  1.65313692e+00  2.02000000e-02 -2.73574987e-03
 2.04000000e-02  9.68800000e-01  2.04000000e-02  1.03120000e+00  2.04000000e-02  2.24183307e+00  2.04000000e-02  1.97756520e+00  2.04000000e-02  1.91216938e+00  2.04000000e-02  1.65262427e+00  2.04000000e-02 -2.73574921e-03
 2.06000000e-02  9.68800000e-01  2.06000000e-02  1.03120000e+00  2.06000000e-02  2.24235581e+00  2.06000000e-02  1.97704249e+00  2.06000000e-02  1.91268353e+00  2.06000000e-02  1.65211171e+00  2.06000000e-02 -2.73574855e-03
 2.08000000e-02  9.68800000e-01  2.08000000e-02  1.03120000e+00  2.08000000e-02  2.24287836e+00  2.08000000e-02  1.97651998e+00  2.08000000e-02  1.91319753e+00  2.08000000e-02  1.65159944e+00  2.08000000e-02 -2.73574789e-03
 2.10000000e-02  9.68800000e-01  2.10000000e-02  1.03120000e+00  2.10000000e-02  2.24340072e+00  2.10000000e-02  1.97599765e+00  2.10000000e-02  1.91371130e+00  2.10000000e-02  1.65108724e+00  2.10000000e-02 -2.73574724e-03
 2.12000000e-02  9.68800000e-01  2.12000000e-02  1.03120000e+00  2.12000000e-02  2.24392288e+00  2.12000000e-02  1.97547551e+00  2.12000000e-02  1.91422480e+00  2.12000000e-02  1.65057526e+00  2.12000000e-02 -2.73574659e-03
 2.14000000e-02  9.68800000e-01  2.14000000e-02  1.03120000e+00  2.14000000e-02  2.24444485e+00  2.14000000e-02  1.97495357e+00  2.14000000e-02  1.91473836e+00  2.14000000e-02  1.65006351e+00  2.14000000e-02 -2.73574593e-03
 2.16000000e-02  9.68800000e-01  2.16000000e-02  1.03120000e+00  2.16000000e-02  2.24496662e+00  2.16000000e-02  1.97443183e+00  2.16000000e-02  1.91525149e+00  2.16000000e-02  1.64955197e+00  2.16000000e-02 -2.73574528e-03
 2.18000000e-02  9.68800000e-01  2.18000000e-02  1.03120000e+00  2.18000000e-02  2.24548819e+00  2.18000000e-02  1.97391028e+00  2.18000000e-02  1.91576452e+00  2.18000000e-02  1.64904060e+00  2.18000000e-02 -2.73574464e-03
 2.20000000e-02  9.68800000e-01  2.20000000e-02  1.03120000e+00  2.20000000e-02  2.24600956e+00  2.20000000e-02  1.97338894e+00  2.20000000e-02  1.91627725e+00  2.20000000e-02  1.64852936e+00  2.20000000e-02 -2.73574399e-03
 2.22000000e-02  9.68800000e-01  2.22000000e-02  1.03120000e+00  2.22000000e-02  2.24653072e+00  2.22000000e-02  1.97286780e+00  2.22000000e-02  1.91678985e+00  2.22000000e-02  1.64801842e+00  2.22000000e-02 -2.73574335e-03
 2.24000000e-02  9.68800000e-01  2.24000000e-02  1.03120000e+00  2.24000000e-02  2.24705168e+00  2.24000000e-02  1.97234686e+00  2.24000000e-02  1.91730241e+00  2.24000000e-02  1.64750769e+00  2.24000000e-02 -2.73574270e-03
 2.26000000e-02  9.68800000e-01  2.26000000e-02  1.03120000e+00  2.26000000e-02  2.24757243e+00  2.26000000e-02  1.97182613e+00  2.26000000e-02  1.91781448e+00  2.26000000e-02  1.64699711e+00  2.26000000e-02 -2.73574206e-03
 2.28000000e-02  9.68800000e-01  2.28000000e-02  1.03120000e+00  2.28000000e-02  2.24809297e+00  2.28000000e-02  1.97130562e+00  2.28000000e-02  1.91832648e+00  2.28000000e-02  1.64648677e+00  2.28000000e-02 -2.73574142e-03
 2.30000000e-02  9.68800000e-01  2.30000000e-02  1.03120000e+00  2.30000000e-02  2.24861329e+00  2.30000000e-02  1.97078531e+00  2.30000000e-02  1.91883829e+00  2.30000000e-02  1.64597677e+00  2.30000000e-02 -2.73574079e-03
 2.32000000e-02  9.68800000e-01  2.32000000e-02  1.03120000e+00  2.32000000e-02  2.24913341e+00  2.32000000e-02  1.97026521e+00  2.32000000e-02  1.91934989e+00  2.32000000e-02  1.64546686e+00  2.32000000e-02 -2.73574015e-03
 2.34000000e-02  9.68800000e-01  2.34000000e-02  1.03120000e+00  2.34000000e-02  2.24965330e+00  2.34000000e-02  1.96974533e+00  2.34000000e-02  1.91986137e+00  2.34000000e-02  1.64495701e+00  2.34000000e-02 -2.73573951e-03
 2.36000000e-02  9.68800000e-01  2.36000000e-02  1.03120000e+00  2.36000000e-02  2.25017298e+00  2.36000000e-02  1.96922567e+00  2.36000000e-02  1.92037246e+00  2.36000000e-02  1.64444756e+00  2.36000000e-02 -2.73573888e-03
 2.38000000e-02  9.68800000e-01  2.38000000e-02  1.03120000e+00  2.38000000e-02  2.25069244e+00  2.38000000e-02  1.96870623e+00  2.38000000e-02  1.92088328e+00  2.38000000e-02  1.64393829e+00  2.38000000e-02 -2.73573825e-03
 2.40000000e-02  9.68800000e-01  2.40000000e-02  1.03120000e+00  2.40000000e-02  2.25121167e+00  2.40000000e-02  1.96818701e+00  2.40000000e-02  1.92139415e+00  2.40000000e-02  1.64342922e+00  2.40000000e-02 -2.73573762e-03
 2.42000000e-02  9.68800000e-01  2.42000000e-02  1.03120000e+00  2.42000000e-02  2.25173068e+00  2.42000000e-02  1.96766802e+00  2.42000000e-02  1.92190467e+00  2.42000000e-02  1.64292034e+00  2.42000000e-02 -2.73573699e-03
 2.44000000e-02  9.68800000e-01  2.44000000e-02  1.03120000e+00  2.44000000e-02  2.25224946e+00  2.44000000e-02  1.96714925e+00  2.44000000e-02  1.92241501e+00  2.44000000e-02  1.64241177e+00  2.44000000e-02 -2.73573636e-03
 2.46000000e-02  9.68800000e-01  2.46000000e-02  1.03120000e+00  2.46000000e-02  2.25276802e+00  2.46000000e-02  1.96663070e+00  2.46000000e-02  1.92292512e+00  2.46000000e-02  1.64190342e+00  2.46000000e-02 -2.73573574e-03
 2.48000000e-02  9.68800000e-01  2.48000000e-02  1.03120000e+00  2.48000000e-02  2.25328634e+00  2.48000000e-02  1.96611239e+00  2.48000000e-02  1.92343494e+00  2.48000000e-02  1.64139532e+00  2.48000000e-02 -2.73573511e-03
 2.50000000e-02  9.68800000e-01  2.50000000e-02  1.03120000e+00  2.50000000e-02  2.25380443e+00  2.50000000e-02  1.96559431e+00  2.50000000e-02  1.92394459e+00  2.50000000e-02  1.64088738e+00  2.50000000e-02 -2.73573448e-03
 2.52000000e-02  9.68800000e-01  2.52000000e-02  1.03120000e+00  2.52000000e-02  2.25432229e+00  2.52000000e-02  1.96507647e+00  2.52000000e-02  1.92445402e+00  2.52000000e-02  1.64037963e+00  2.52000000e-02 -2.73573386e-03
 2.54000000e-02  9.68800000e-01  2.54000000e-02  1.03120000e+00  2.54000000e-02  2.25483991e+00  2.54000000e-02  1.96455886e+00  2.54000000e-02  1.92496315e+00  2.54000000e-02  1.63987218e+00  2.54000000e-02 -2.73573324e-03
 2.56000000e-02  9.68800000e-01  2.56000000e-02  1.03120000e+00  2.56000000e-02  2.25535729e+00  2.56000000e-02  1.96404148e+00  2.56000000e-02  1.92547204e+00  2.56000000e-02  1.63936503e+00  2.56000000e-02 -2.73573262e-03
 2.58000000e-02  9.68800000e-01  2.58000000e-02  1.03120000e+00  2.58000000e-02  2.25587443e+00  2.58000000e-02  1.96352435e+00  2.58000000e-02  1.92598080e+00  2.58000000e-02  1.63885808e+00  2.58000000e-02 -2.73573200e-03
 2.60000000e-02  9.68800000e-01  2.60000000e-02  1.03120000e+00  2.60000000e-02  2.25639132e+00  2.60000000e-02  1.96300746e+00  2.60000000e-02  1.92648928e+00  2.60000000e-02  1.63835124e+00  2.60000000e-02 -2.73573138e-03
 2.62000000e-02  9.68800000e-01  2.62000000e-02  1.03120000e+00  2.62000000e-02  2.25690797e+00  2.62000000e-02  1.96249082e+00  2.62000000e-02  1.92699757e+00  2.62000000e-02  1.63784485e+00  2.62000000e-02 -2.73573076e-03
 2.64000000e-02  9.68800000e-01  2.64000000e-02  1.03120000e+00  2.64000000e-02  2.25742437e+00  2.64000000e-02  1.96197442e+00  2.64000000e-02  1.92750548e+00  2.64000000e-02  1.63733863e+00  2.64000000e-02 -2.73573014e-03
 2.66000000e-02  9.68800000e-01  2.66000000e-02  1.03120000e+00  2.66000000e-02  2.25794053e+00  2.66000000e-02  1.96145827e+00  2.66000000e-02  1.92801310e+00  2.66000000e-02  1.63683257e+00  2.66000000e-02 -2.73572952e-03
 2.68000000e-02  9.68800000e-01  2.68000000e-02  1.03120000e+00  2.68000000e-02  2.25845643e+00  2.68000000e-02  1.96094238e+00  2.68000000e-02  1.92852067e+00  2.68000000e-02  1.63632682e+00  2.68000000e-02 -2.73572890e-03
 2.70000000e-02  9.68800000e-01  2.70000000e-02  1.03120000e+00  2.70000000e-02  2.25897208e+00  2.70000000e-02  1.96042673e+00  2.70000000e-02  1.92902800e+00  2.70000000e-02  1.63582136e+00  2.70000000e-02 -2.73572828e-03
 2.72000000e-02  9.68800000e-01  2.72000000e-02  1.03120000e+00  2.72000000e-02  2.25948747e+00  2.72000000e-02  1.95991134e+00  2.72000000e-02  1.92953497e+00  2.72000000e-02  1.63531617e+00  2.72000000e-02 -2.73572767e-03
 2.74000000e-02  9.68800000e-01  2.74000000e-02  1.03120000e+00  2.74000000e-02  2.26000260e+00  2.74000000e-02  1.95939621e+00  2.74000000e-02  1.93004172e+00  2.74000000e-02  1.63481124e+00  2.74000000e-02 -2.73572705e-03
 2.76000000e-02  9.68800000e-01  2.76000000e-02  1.03120000e+00  2.76000000e-02  2.26051748e+00  2.76000000e-02  1.95888133e+00  2.76000000e-02  1.93054820e+00  2.76000000e-02  1.63430643e+00  2.76000000e-02 -2.73572643e-03
 2.78000000e-02  9.68800000e-01  2.78000000e-02  1.03120000e+00  2.78000000e-02  2.26103209e+00  2.78000000e-02  1.95836672e+00  2.78000000e-02  1.93105448e+00  2.78000000e-02  1.63380201e+00  2.78000000e-02 -2.73572582e-03
 2.80000000e-02  9.68800000e-01  2.80000000e-02  1.03120000e+00  2.80000000e-02  2.26154644e+00  2.80000000e-02  1.95785237e+00  2.80000000e-02  1.93156045e+00  2.80000000e-02  1.63329796e+00  2.80000000e-02 -2.73572520e-03
 2.82000000e-02  9.68800000e-01  2.82000000e-02  1.03120000e+00  2.82000000e-02  2.26206053e+00  2.82000000e-02  1.95733829e+00  2.82000000e-02  1.93206616e+00  2.82000000e-02  1.63279387e+00  2.82000000e-02 -2.73572459e-03
 2.84000000e-02  9.68800000e-01  2.84000000e-02  1.03120000e+00  2.84000000e-02  2.26257434e+00  2.84000000e-02  1.95682447e+00  2.84000000e-02  1.93257166e+00  2.84000000e-02  1.63229016e+00  2.84000000e-02 -2.73572397e-03
 2.86000000e-02  9.68800000e-01  2.86000000e-02  1.03120000e+00  2.86000000e-02  2.26308789e+00  2.86000000e-02  1.95631093e+00  2.86000000e-02  1.93307692e+00  2.86000000e-02  1.63178679e+00  2.86000000e-02 -2.73572336e-03
 2.88000000e-02  9.68800000e-01  2.88000000e-02  1.03120000e+00  2.88000000e-02  2.26360116e+00  2.88000000e-02  1.95579765e+00  2.88000000e-02  1.93358177e+00  2.88000000e-02  1.63128378e+00  2.88000000e-02 -2.73572274e-03
 2.90000000e-02  9.68800000e-01  2.90000000e-02  1.03120000e+00  2.90000000e-02  2.26411416e+00  2.90000000e-02  1.95528465e+00  2.90000000e-02  1.93408648e+00  2.90000000e-02  1.63078080e+00  2.90000000e-02 -2.73572213e-03
 2.92000000e-02  9.68800000e-01  2.92000000e-02  1.03120000e+00  2.92000000e-02  2.26462688e+00  2.92000000e-02  1.95477193e+00  2.92000000e-02  1.93459099e+00  2.92000000e-02  1.63027817e+00  2.92000000e-02 -2.73572151e-03
 2.94000000e-02  9.68800000e-01  2.94000000e-02  1.03120000e+00  2.94000000e-02  2.26513932e+00  2.94000000e-02  1.95425948e+00  2.94000000e-02  1.93509501e+00  2.94000000e-02  1.62977592e+00  2.94000000e-02 -2.73572090e-03
 2.96000000e-02  9.68800000e-01  2.96000000e-02  1.03120000e+00  2.96000000e-02  2.26565149e+00  2.96000000e-02  1.95374731e+00  2.96000000e-02  1.93559889e+00  2.96000000e-02  1.62927391e+00  2.96000000e-02 -2.73572028e-03
 2.98000000e-02  9.68800000e-01  2.98000000e-02  1.03120000e+00  2.98000000e-02  2.26616337e+00  2.98000000e-02  1.95323543e+00  2.98000000e-02  1.93610249e+00  2.98000000e-02  1.62877228e+00  2.98000000e-02 -2.73571967e-03
 3.00000000e-02  9.68800000e-01  3.00000000e-02  1.03120000e+00  3.00000000e-02  2.26667496e+00  3.00000000e-02  1.95272383e+00  3.00000000e-02  1.93660578e+00  3.00000000e-02  1.62827068e+00  3.00000000e-02 -2.73571905e-03
 3.02000000e-02  9.68800000e-01  3.02000000e-02  1.03120000e+00  3.02000000e-02  2.26718627e+00  3.02000000e-02  1.95221252e+00  3.02000000e-02  1.93710879e+00  3.02000000e-02  1.62776950e+00  3.02000000e-02 -2.73571843e-03
 3.04000000e-02  9.68800000e-01  3.04000000e-02  1.03120000e+00  3.04000000e-02  2.26769729e+00  3.04000000e-02  1.95170149e+00  3.04000000e-02  1.93761159e+00  3.04000000e-02  1.62726860e+00  3.04000000e-02 -2.73571782e-03
 3.06000000e-02  9.68800000e-01  3.06000000e-02  1.03120000e+00  3.06000000e-02  2.26820802e+00  3.06000000e-02  1.95119076e+00  3.06000000e-02  1.93811410e+00  3.06000000e-02  1.62676800e+00  3.06000000e-02 -2.73571720e-03
 3.08000000e-02  9.68800000e-01  3.08000000e-02  1.03120000e+00  3.08000000e-02  2.26871845e+00  3.08000000e-02  1.95068032e+00  3.08000000e-02  1.93861612e+00  3.08000000e-02  1.62626767e+00  3.08000000e-02 -2.73571658e-03
 3.10000000e-02  9.68800000e-01  3.10000000e-02  1.03120000e+00  3.10000000e-02  2.26922859e+00  3.10000000e-02  1.95017018e+00  3.10000000e-02  1.93911795e+00  3.10000000e-02  1.62576761e+00  3.10000000e-02 -2.73571596e-03
 3.12000000e-02  9.68800000e-01  3.12000000e-02  1.03120000e+00  3.12000000e-02  2.26973843e+00  3.12000000e-02  1.94966033e+00  3.12000000e-02  1.93961955e+00  3.12000000e-02  1.62526781e+00  3.12000000e-02 -2.73571534e-03
 3.14000000e-02  9.68800000e-01  3.14000000e-02  1.03120000e+00  3.14000000e-02  2.27024798e+00  3.14000000e-02  1.94915078e+00  3.14000000e-02  1.94012090e+00  3.14000000e-02  1.62476850e+00  3.14000000e-02 -2.73571472e-03
 3.16000000e-02  9.68800000e-01  3.16000000e-02  1.03120000e+00  3.16000000e-02  2.27075722e+00  3.16000000e-02  1.94864153e+00  3.16000000e-02  1.94062185e+00  3.16000000e-02  1.62426936e+00  3.16000000e-02 -2.73571410e-03
 3.18000000e-02  9.68800000e-01  3.18000000e-02  1.03120000e+00  3.18000000e-02  2.27126615e+00  3.18000000e-02  1.94813259e+00  3.18000000e-02  1.94112264e+00  3.18000000e-02  1.62377055e+00  3.18000000e-02 -2.73571348e-03
 3.20000000e-02  9.68800000e-01  3.20000000e-02  1.03120000e+00  3.20000000e-02  2.27177478e+00  3.20000000e-02  1.94762395e+00  3.20000000e-02  1.94162307e+00  3.20000000e-02  1.62327199e+00  3.20000000e-02 -2.73571286e-03
 3.22000000e-02  9.68800000e-01  3.22000000e-02  1.03120000e+00  3.22000000e-02  2.27228311e+00  3.22000000e-02  1.94711562e+00  3.22000000e-02  1.94212313e+00  3.22000000e-02  1.62277370e+00  3.22000000e-02 -2.73571224e-03
 3.24000000e-02  9.68800000e-01  3.24000000e-02  1.03120000e+00  3.24000000e-02  2.27279112e+00  3.24000000e-02  1.94660760e+00  3.24000000e-02  1.94262278e+00  3.24000000e-02  1.62227578e+00  3.24000000e-02 -2.73571161e-03
 3.26000000e-02  9.68800000e-01  3.26000000e-02  1.03120000e+00  3.26000000e-02  2.27329882e+00  3.26000000e-02  1.94609989e+00  3.26000000e-02  1.94312244e+00  3.26000000e-02  1.62177827e+00  3.26000000e-02 -2.73571099e-03
 3.28000000e-02  9.68800000e-01  3.28000000e-02  1.03120000e+00  3.28000000e-02  2.27380621e+00  3.28000000e-02  1.94559250e+00  3.28000000e-02  1.94362159e+00  3.28000000e-02  1.62128108e+00  3.28000000e-02 -2.73571036e-03
 3.30000000e-02  9.68800000e-01  3.30000000e-02  1.03120000e+00  3.30000000e-02  2.27431328e+00  3.30000000e-02  1.94508542e+00  3.30000000e-02  1.94412042e+00  3.30000000e-02  1.62078395e+00  3.30000000e-02 -2.73570973e-03
 3.32000000e-02  9.68800000e-01  3.32000000e-02  1.03120000e+00  3.32000000e-02  2.27482003e+00  3.32000000e-02  1.94457866e+00  3.32000000e-02  1.94461906e+00  3.32000000e-02  1.62028734e+00  3.32000000e-02 -2.73570911e-03
 3.34000000e-02  9.68800000e-01  3.34000000e-02  1.03120000e+00  3.34000000e-02  2.27532646e+00  3.34000000e-02  1.94407222e+00  3.34000000e-02  1.94511732e+00  3.34000000e-02  1.61979090e+00  3.34000000e-02 -2.73570848e-03
 3.36000000e-02  9.68800000e-01  3.36000000e-02  1.03120000e+00  3.36000000e-02  2.27583256e+00  3.36000000e-02  1.94356611e+00  3.36000000e-02  1.94561534e+00  3.36000000e-02  1.61929490e+00  3.36000000e-02 -2.73570784e-03
 3.38000000e-02  9.68800000e-01  3.38000000e-02  1.03120000e+00  3.38000000e-02  2.27633835e+00  3.38000000e-02  1.94306032e+00  3.38000000e-02  1.94611294e+00  3.38000000e-02  1.61879922e+00  3.38000000e-02 -2.73570721e-03
 3.40000000e-02  9.68800000e-01  3.40000000e-02  1.03120000e+00  3.40000000e-02  2.27684380e+00  3.40000000e-02  1.94255486e+00  3.40000000e-02  1.94661030e+00  3.40000000e-02  1.61830380e+00  3.40000000e-02 -2.73570658e-03
 3.42000000e-02  9.68800000e-01  3.42000000e-02  1.03120000e+00  3.42000000e-02  2.27734893e+00  3.42000000e-02  1.94204972e+00  3.42000000e-02  1.94710724e+00  3.42000000e-02  1.61780872e+00  3.42000000e-02 -2.73570594e-03
 3.44000000e-02  9.68800000e-01  3.44000000e-02  1.03120000e+00  3.44000000e-02  2.27785372e+00  3.44000000e-02  1.94154492e+00  3.44000000e-02  1.94760394e+00  3.44000000e-02  1.61731402e+00  3.44000000e-02 -2.73570531e-03
 3.46000000e-02  9.68800000e-01  3.46000000e-02  1.03120000e+00  3.46000000e-02  2.27835818e+00  3.46000000e-02  1.94104045e+00  3.46000000e-02  1.94810026e+00  3.46000000e-02  1.61681965e+00  3.46000000e-02 -2.73570467e-03
 3.48000000e-02  9.68800000e-01  3.48000000e-02  1.03120000e+00  3.48000000e-02  2.27886231e+00  3.48000000e-02  1.94053632e+00  3.48000000e-02  1.94859632e+00  3.48000000e-02  1.61632554e+00  3.48000000e-02 -2.73570403e-03
 3.50000000e-02  9.68800000e-01  3.50000000e-02  1.03120000e+00  3.50000000e-02  2.27936610e+00  3.50000000e-02  1.94003252e+00  3.50000000e-02  1.94909196e+00  3.50000000e-02  1.61583185e+00  3.50000000e-02 -2.73570338e-03
 3.52000000e-02  9.68800000e-01  3.52000000e-02  1.03120000e+00  3.52000000e-02  2.27986954e+00  3.52000000e-02  1.93952907e+00  3.52000000e-02  1.94958724e+00  3.52000000e-02  1.61533844e+00  3.52000000e-02 -2.73570274e-03
 3.54000000e-02  9.68800000e-01  3.54000000e-02  1.03120000e+00  3.54000000e-02  2.28037265e+00  3.54000000e-02  1.93902595e+00  3.54000000e-02  1.95008232e+00  3.54000000e-02  1.61484541e+00  3.54000000e-02 -2.73570210e-03
 3.56000000e-02  9.68800000e-01  3.56000000e-02  1.03120000e+00  3.56000000e-02  2.28087541e+00  3.56000000e-02  1.93852319e+00  3.56000000e-02  1.95057692e+00  3.56000000e-02  1.61435270e+00  3.56000000e-02 -2.73570145e-03
 3.58000000e-02  9.68800000e-01  3.58000000e-02  1.03120000e+00  3.58000000e-02  2.28137783e+00  3.58000000e-02  1.93802076e+00  3.58000000e-02  1.95107126e+00  3.58000000e-02  1.61386037e+00  3.58000000e-02 -2.73570080e-03
 3.60000000e-02  9.68800000e-01  3.60000000e-02  1.03120000e+00  3.60000000e-02  2.28187989e+00  3.60000000e-02  1.93751869e+00  3.60000000e-02  1.95156529e+00  3.60000000e-02  1.61336831e+00  3.60000000e-02 -2.73570015e-03
 3.62000000e-02  9.68800000e-01  3.62000000e-02  1.03120000e+00  3.62000000e-02  2.28238161e+00  3.62000000e-02  1.93701697e+00  3.62000000e-02  1.95205894e+00  3.62000000e-02  1.61287663e+00  3.62000000e-02 -2.73569950e-03
 3.64000000e-02  9.68800000e-01  3.64000000e-02  1.03120000e+00  3.64000000e-02  2.28288297e+00  3.64000000e-02  1.93651560e+00  3.64000000e-02  1.95255226e+00  3.64000000e-02  1.61238545e+00  3.64000000e-02 -2.73569884e-03
 3.66000000e-02  9.68800000e-01  3.66000000e-02  1.03120000e+00  3.66000000e-02  2.28338398e+00  3.66000000e-02  1.93601458e+00  3.66000000e-02  1.95304520e+00  3.66000000e-02  1.61189430e+00  3.66000000e-02 -2.73569818e-03
 3.68000000e-02  9.68800000e-01  3.68000000e-02  1.03120000e+00  3.68000000e-02  2.28388463e+00  3.68000000e-02  1.93551393e+00  3.68000000e-02  1.95353789e+00  3.68000000e-02  1.61140375e+00  3.68000000e-02 -2.73569752e-03
 3.70000000e-02  9.68800000e-01  3.70000000e-02  1.03120000e+00  3.70000000e-02  2.28438492e+00  3.70000000e-02  1.93501363e+00  3.70000000e-02  1.95403014e+00  3.70000000e-02  1.61091347e+00  3.70000000e-02 -2.73569686e-03
 3.72000000e-02  9.68800000e-01  3.72000000e-02  1.03120000e+00  3.72000000e-02  2.28488485e+00  3.72000000e-02  1.93451369e+00  3.72000000e-02  1.95452202e+00  3.72000000e-02  1.61042356e+00  3.72000000e-02 -2.73569620e-03
 3.74000000e-02  9.68800000e-01  3.74000000e-02  1.03120000e+00  3.74000000e-02  2.28538442e+00  3.74000000e-02  1.93401412e+00  3.74000000e-02  1.95501362e+00  3.74000000e-02  1.60993405e+00  3.74000000e-02 -2.73569553e-03
 3.76000000e-02  9.68800000e-01  3.76000000e-02  1.03120000e+00  3.76000000e-02  2.28588362e+00  3.76000000e-02  1.93351492e+00  3.76000000e-02  1.95550480e+00  3.76000000e-02  1.60944482e+00  3.76000000e-02 -2.73569486e-03
 3.78000000e-02  9.68800000e-01  3.78000000e-02  1.03120000e+00  3.78000000e-02  2.28638245e+00  3.78000000e-02  1.93301608e+00  3.78000000e-02  1.95599576e+00  3.78000000e-02  1.60895603e+00  3.78000000e-02 -2.73569419e-03
 3.80000000e-02  9.68800000e-01  3.80000000e-02  1.03120000e+00  3.80000000e-02  2.28688091e+00  3.80000000e-02  1.93251761e+00  3.80000000e-02  1.95648610e+00  3.80000000e-02  1.60846753e+00  3.80000000e-02 -2.73569352e-03
 3.82000000e-02  9.68800000e-01  3.82000000e-02  1.03120000e+00  3.82000000e-02  2.28737900e+00  3.82000000e-02  1.93201952e+00  3.82000000e-02  1.95697617e+00  3.82000000e-02  1.60797949e+00  3.82000000e-02 -2.73569284e-03
 3.84000000e-02  9.68800000e-01  3.84000000e-02  1.03120000e+00  3.84000000e-02  2.28787672e+00  3.84000000e-02  1.93152180e+00  3.84000000e-02  1.95746594e+00  3.84000000e-02  1.60749178e+00  3.84000000e-02 -2.73569216e-03
 3.86000000e-02  9.68800000e-01  3.86000000e-02  1.03120000e+00  3.86000000e-02  2.28837406e+00  3.86000000e-02  1.93102446e+00  3.86000000e-02  1.95795535e+00  3.86000000e-02  1.60700446e+00  3.86000000e-02 -2.73569148e-03
 3.88000000e-02  9.68800000e-01  3.88000000e-02  1.03120000e+00  3.88000000e-02  2.28887102e+00  3.88000000e-02  1.93052749e+00  3.88000000e-02  1.95844429e+00  3.88000000e-02  1.60651746e+00  3.88000000e-02 -2.73569080e-03
 3.90000000e-02  9.68800000e-01  3.90000000e-02  1.03120000e+00  3.90000000e-02  2.28936760e+00  3.90000000e-02  1.93003091e+00  3.90000000e-02  1.95893285e+00  3.90000000e-02  1.60603103e+00  3.90000000e-02 -2.73569011e-03
 3.92000000e-02  9.68800000e-01  3.92000000e-02  1.03120000e+00  3.92000000e-02  2.28986379e+00  3.92000000e-02  1.92953471e+00  3.92000000e-02  1.95942128e+00  3.92000000e-02  1.60554464e+00  3.92000000e-02 -2.73568942e-03
 3.94000000e-02  9.68800000e-01  3.94000000e-02  1.03120000e+00  3.94000000e-02  2.29035961e+00  3.94000000e-02  1.92903890e+00  3.94000000e-02  1.95990914e+00  3.94000000e-02  1.60505883e+00  3.94000000e-02 -2.73568873e-03
 3.96000000e-02  9.68800000e-01  3.96000000e-02  1.03120000e+00  3.96000000e-02  2.29085503e+00  3.96000000e-02  1.92854347e+00  3.96000000e-02  1.96039663e+00  3.96000000e-02  1.60457348e+00  3.96000000e-02 -2.73568803e-03
 3.98000000e-02  9.68800000e-01  3.98000000e-02  1.03120000e+00  3.98000000e-02  2.29135006e+00  3.98000000e-02  1.92804844e+00  3.98000000e-02  1.96088374e+00  3.98000000e-02  1.60408831e+00  3.98000000e-02 -2.73568733e-03
 4.00000000e-02  9.68800000e-01  4.00000000e-02  1.03120000e+00  4.00000000e-02  2.29184471e+00  4.00000000e-02  1.92755380e+00  4.00000000e-02  1.96137045e+00  4.00000000e-02  1.60360365e+00  4.00000000e-02 -2.73568663e-03
 4.02000000e-02  9.68800000e-01  4.02000000e-02  1.03120000e+00  4.02000000e-02  2.29233895e+00  4.02000000e-02  1.92705955e+00  4.02000000e-02  1.96185698e+00  4.02000000e-02  1.60311946e+00  4.02000000e-02 -2.73568593e-03
 4.04000000e-02  9.68800000e-01  4.04000000e-02  1.03120000e+00  4.04000000e-02  2.29283281e+00  4.04000000e-02  1.92656570e+00  4.04000000e-02  1.96234277e+00  4.04000000e-02  1.60263544e+00  4.04000000e-02 -2.73568522e-03
 4.06000000e-02  9.68800000e-01  4.06000000e-02  1.03120000e+00  4.06000000e-02  2.29332626e+00  4.06000000e-02  1.92607225e+00  4.06000000e-02  1.96282836e+00  4.06000000e-02  1.60215195e+00  4.06000000e-02 -2.73568451e-03
 4.08000000e-02  9.68800000e-01  4.08000000e-02  1.03120000e+00  4.08000000e-02  2.29381931e+00  4.08000000e-02  1.92557919e+00  4.08000000e-02  1.96331361e+00  4.08000000e-02  1.60166893e+00  4.08000000e-02 -2.73568379e-03
 4.10000000e-02  9.68800000e-01  4.10000000e-02  1.03120000e+00  4.10000000e-02  2.29431196e+00  4.10000000e-02  1.92508655e+00  4.10000000e-02  1.96379841e+00  4.10000000e-02  1.60118620e+00  4.10000000e-02 -2.73568308e-03
 4.12000000e-02  9.68800000e-01  4.12000000e-02  1.03120000e+00  4.12000000e-02  2.29480421e+00  4.12000000e-02  1.92459431e+00  4.12000000e-02  1.96428278e+00  4.12000000e-02  1.60070387e+00  4.12000000e-02 -2.73568235e-03
 4.14000000e-02  9.68800000e-01  4.14000000e-02  1.03120000e+00  4.14000000e-02  2.29529605e+00  4.14000000e-02  1.92410247e+00  4.14000000e-02  1.96476673e+00  4.14000000e-02  1.60022207e+00  4.14000000e-02 -2.73568163e-03
 4.16000000e-02  9.68800000e-01  4.16000000e-02  1.03120000e+00  4.16000000e-02  2.29578748e+00  4.16000000e-02  1.92361105e+00  4.16000000e-02  1.96525041e+00  4.16000000e-02  1.59974054e+00  4.16000000e-02 -2.73568090e-03
 4.18000000e-02  9.68800000e-01  4.18000000e-02  1.03120000e+00  4.18000000e-02  2.29627849e+00  4.18000000e-02  1.92312003e+00  4.18000000e-02  1.96573355e+00  4.18000000e-02  1.59925948e+00  4.18000000e-02 -2.73568017e-03
 4.20000000e-02  9.68800000e-01  4.20000000e-02  1.03120000e+00  4.20000000e-02  2.29676910e+00  4.20000000e-02  1.92262944e+00  4.20000000e-02  1.96621638e+00  4.20000000e-02  1.59877879e+00  4.20000000e-02 -2.73567944e-03
 4.22000000e-02  9.68800000e-01  4.22000000e-02  1.03120000e+00  4.22000000e-02  2.29725929e+00  4.22000000e-02  1.92213925e+00  4.22000000e-02  1.96669868e+00  4.22000000e-02  1.59829850e+00  4.22000000e-02 -2.73567870e-03
 4.24000000e-02  9.68800000e-01  4.24000000e-02  1.03120000e+00  4.24000000e-02  2.29774906e+00  4.24000000e-02  1.92164949e+00  4.24000000e-02  1.96718067e+00  4.24000000e-02  1.59781868e+00  4.24000000e-02 -2.73567796e-03
 4.26000000e-02  9.68800000e-01  4.26000000e-02  1.03120000e+00  4.26000000e-02  2.29823840e+00  4.26000000e-02  1.92116015e+00  4.26000000e-02  1.96766219e+00  4.26000000e-02  1.59733928e+00  4.26000000e-02 -2.73567721e-03
 4.28000000e-02  9.68800000e-01  4.28000000e-02  1.03120000e+00  4.28000000e-02  2.29872733e+00  4.28000000e-02  1.92067123e+00  4.28000000e-02  1.96814335e+00  4.28000000e-02  1.59686019e+00  4.28000000e-02 -2.73567646e-03
 4.30000000e-02  9.68800000e-01  4.30000000e-02  1.03120000e+00  4.30000000e-02  2.29921583e+00  4.30000000e-02  1.92018274e+00  4.30000000e-02  1.96862415e+00  4.30000000e-02  1.59638168e+00  4.30000000e-02 -2.73567571e-03
 4.32000000e-02  9.68800000e-01  4.32000000e-02  1.03120000e+00  4.32000000e-02  2.29970391e+00  4.32000000e-02  1.91969468e+00  4.32000000e-02  1.96910444e+00  4.32000000e-02  1.59590348e+00  4.32000000e-02 -2.73567495e-03
 4.34000000e-02  9.68800000e-01  4.34000000e-02  1.03120000e+00  4.34000000e-02  2.30019156e+00  4.34000000e-02  1.91920704e+00  4.34000000e-02  1.96958437e+00  4.34000000e-02  1.59542575e+00  4.34000000e-02 -2.73567419e-03
 4.36000000e-02  9.68800000e-01  4.36000000e-02  1.03120000e+00  4.36000000e-02  2.30067877e+00  4.36000000e-02  1.91871984e+00  4.36000000e-02  1.97006379e+00  4.36000000e-02  1.59494839e+00  4.36000000e-02 -2.73567343e-03
 4.38000000e-02  9.68800000e-01  4.38000000e-02  1.03120000e+00  4.38000000e-02  2.30116555e+00  4.38000000e-02  1.91823307e+00  4.38000000e-02  1.97054281e+00  4.38000000e-02  1.59447150e+00  4.38000000e-02 -2.73567266e-03
 4.40000000e-02  9.68800000e-01  4.40000000e-02  1.03120000e+00  4.40000000e-02  2.30165190e+00  4.40000000e-02  1.91774674e+00  4.40000000e-02  1.97102151e+00  4.40000000e-02  1.59399516e+00  4.40000000e-02 -2.73567188e-03
 4.42000000e-02  9.68800000e-01  4.42000000e-02  1.03120000e+00  4.42000000e-02  2.30213781e+00  4.42000000e-02  1.91726084e+00  4.42000000e-02  1.97149968e+00  4.42000000e-02  1.59351907e+00  4.42000000e-02 -2.73567111e-03
 4.44000000e-02  9.68800000e-01  4.44000000e-02  1.03120000e+00  4.44000000e-02  2.30262327e+00  4.44000000e-02  1.91677539e+00  4.44000000e-02  1.97197739e+00  4.44000000e-02  1.59304349e+00  4.44000000e-02 -2.73567033e-03
 4.46000000e-02  9.68800000e-01  4.46000000e-02  1.03120000e+00  4.46000000e-02  2.30310830e+00  4.46000000e-02  1.91629038e+00  4.46000000e-02  1.97245478e+00  4.46000000e-02  1.59256836e+00  4.46000000e-02 -2.73566954e-03
 4.48000000e-02  9.68800000e-01  4.48000000e-02  1.03120000e+00  4.48000000e-02  2.30359288e+00  4.48000000e-02  1.91580582e+00  4.48000000e-02  1.97293164e+00  4.48000000e-02  1.59209364e+00  4.48000000e-02 -2.73566875e-03
 4.50000000e-02  9.68800000e-01  4.50000000e-02  1.03120000e+00  4.50000000e-02  2.30407701e+00  4.50000000e-02  1.91532170e+00  4.50000000e-02  1.97340811e+00  4.50000000e-02  1.59161921e+00  4.50000000e-02 -2.73566796e-03
 4.52000000e-02  9.68800000e-01  4.52000000e-02  1.03120000e+00  4.52000000e-02  2.30456070e+00  4.52000000e-02  1.91483804e+00  4.52000000e-02  1.97388413e+00  4.52000000e-02  1.59114548e+00  4.52000000e-02 -2.73566716e-03
 4.54000000e-02  9.68800000e-01  4.54000000e-02  1.03120000e+00  4.54000000e-02  2.30504393e+00  4.54000000e-02  1.91435482e+00  4.54000000e-02  1.97435967e+00  4.54000000e-02  1.59067220e+00  4.54000000e-02 -2.73566636e-03
 4.56000000e-02  9.68800000e-01  4.56000000e-02  1.03120000e+00  4.56000000e-02  2.30552671e+00  4.56000000e-02  1.91387207e+00  4.56000000e-02  1.97483476e+00  4.56000000e-02  1.59019920e+00  4.56000000e-02 -2.73566555e-03
 4.58000000e-02  9.68800000e-01  4.58000000e-02  1.03120000e+00  4.58000000e-02  2.30600904e+00  4.58000000e-02  1.91338976e+00  4.58000000e-02  1.97530951e+00  4.58000000e-02  1.58972678e+00  4.58000000e-02 -2.73566474e-03
 4.60000000e-02  9.68800000e-01  4.60000000e-02  1.03120000e+00  4.60000000e-02  2.30649090e+00  4.60000000e-02  1.91290792e+00  4.60000000e-02  1.97578369e+00  4.60000000e-02  1.58925475e+00  4.60000000e-02 -2.73566392e-03
 4.62000000e-02  9.68800000e-01  4.62000000e-02  1.03120000e+00  4.62000000e-02  2.30697231e+00  4.62000000e-02  1.91242654e+00  4.62000000e-02  1.97625749e+00  4.62000000e-02  1.58878316e+00  4.62000000e-02 -2.73566310e-03
 4.64000000e-02  9.68800000e-01  4.64000000e-02  1.03120000e+00  4.64000000e-02  2.30745325e+00  4.64000000e-02  1.91194562e+00  4.64000000e-02  1.97673086e+00  4.64000000e-02  1.58831203e+00  4.64000000e-02 -2.73566228e-03
 4.66000000e-02  9.68800000e-01  4.66000000e-02  1.03120000e+00  4.66000000e-02  2.30793373e+00  4.66000000e-02  1.91146517e+00  4.66000000e-02  1.97720371e+00  4.66000000e-02  1.58784136e+00  4.66000000e-02 -2.73566145e-03
 4.68000000e-02  9.68800000e-01  4.68000000e-02  1.03120000e+00  4.68000000e-02  2.30841374e+00  4.68000000e-02  1.91098518e+00  4.68000000e-02  1.97767611e+00  4.68000000e-02  1.58737118e+00  4.68000000e-02 -2.73566061e-03
 4.70000000e-02  9.68800000e-01  4.70000000e-02  1.03120000e+00  4.70000000e-02  2.30889329e+00  4.70000000e-02  1.91050567e+00  4.70000000e-02  1.97814807e+00  4.70000000e-02  1.58690157e+00  4.70000000e-02 -2.73565977e-03
 4.72000000e-02  9.68800000e-01  4.72000000e-02  1.03120000e+00  4.72000000e-02  2.30937236e+00  4.72000000e-02  1.91002662e+00  4.72000000e-02  1.97861943e+00  4.72000000e-02  1.58643216e+00  4.72000000e-02 -2.73565893e-03
 4.74000000e-02  9.68800000e-01  4.74000000e-02  1.03120000e+00  4.74000000e-02  2.30985096e+00  4.74000000e-02  1.90954805e+00  4.74000000e-02  1.97909058e+00  4.74000000e-02  1.58596337e+00  4.74000000e-02 -2.73565808e-03
 4.76000000e-02  9.68800000e-01  4.76000000e-02  1.03120000e+00  4.76000000e-02  2.31032908e+00  4.76000000e-02  1.90906996e+00  4.76000000e-02  1.97956113e+00  4.76000000e-02  1.58549508e+00  4.76000000e-02 -2.73565723e-03
 4.78000000e-02  9.68800000e-01  4.78000000e-02  1.03120000e+00  4.78000000e-02  2.31080673e+00  4.78000000e-02  1.90859235e+00  4.78000000e-02  1.98003120e+00  4.78000000e-02  1.58502727e+00  4.78000000e-02 -2.73565637e-03
 4.80000000e-02  9.68800000e-01  4.80000000e-02  1.03120000e+00  4.80000000e-02  2.31128389e+00  4.80000000e-02  1.90811522e+00  4.80000000e-02  1.98050097e+00  4.80000000e-02  1.58455986e+00  4.80000000e-02 -2.73565551e-03
 4.82000000e-02  9.68800000e-01  4.82000000e-02  1.03120000e+00  4.82000000e-02  2.31176057e+00  4.82000000e-02  1.90763857e+00  4.82000000e-02  1.98097000e+00  4.82000000e-02  1.58409290e+00  4.82000000e-02 -2.73565464e-03
 4.84000000e-02  9.68800000e-01  4.84000000e-02  1.03120000e+00  4.84000000e-02  2.31223677e+00  4.84000000e-02  1.90716241e+00  4.84000000e-02  1.98143866e+00  4.84000000e-02  1.58362650e+00  4.84000000e-02 -2.73565376e-03
 4.86000000e-02  9.68800000e-01  4.86000000e-02  1.03120000e+00  4.86000000e-02  2.31271248e+00  4.86000000e-02  1.90668674e+00  4.86000000e-02  1.98190688e+00  4.86000000e-02  1.58316062e+00  4.86000000e-02 -2.73565289e-03
 4.88000000e-02  9.68800000e-01  4.88000000e-02  1.03120000e+00  4.88000000e-02  2.31318770e+00  4.88000000e-02  1.90621156e+00  4.88000000e-02  1.98237466e+00  4.88000000e-02  1.58269516e+00  4.88000000e-02 -2.73565200e-03
 4.90000000e-02  9.68800000e-01  4.90000000e-02  1.03120000e+00  4.90000000e-02  2.31366243e+00  4.90000000e-02  1.90573687e+00  4.90000000e-02  1.98284186e+00  4.90000000e-02  1.58223019e+00  4.90000000e-02 -2.73565111e-03
 4.92000000e-02  9.68800000e-01  4.92000000e-02  1.03120000e+00  4.92000000e-02  2.31413667e+00  4.92000000e-02  1.90526267e+00  4.92000000e-02  1.98330864e+00  4.92000000e-02  1.58176568e+00  4.92000000e-02 -2.73565022e-03
 4.94000000e-02  9.68800000e-01  4.94000000e-02  1.03120000e+00  4.94000000e-02  2.31461041e+00  4.94000000e-02  1.90478897e+00  4.94000000e-02  1.98377479e+00  4.94000000e-02  1.58130171e+00  4.94000000e-02 -2.73564932e-03
 4.96000000e-02  9.68800000e-01  4.96000000e-02  1.03120000e+00  4.96000000e-02  2.31508365e+00  4.96000000e-02  1.90431578e+00  4.96000000e-02  1.98424063e+00  4.96000000e-02  1.58083823e+00  4.96000000e-02 -2.73564842e-03
 4.98000000e-02  9.68800000e-01  4.98000000e-02  1.03120000e+00  4.98000000e-02  2.31555639e+00  4.98000000e-02  1.90384308e+00  4.98000000e-02  1.98470591e+00  4.98000000e-02  1.58037506e+00  4.98000000e-02 -2.73564751e-03
 5.00000000e-02  9.68800000e-01  5.00000000e-02  1.03120000e+00  5.00000000e-02  2.31602863e+00  5.00000000e-02  1.90337089e+00  5.00000000e-02  1.98517079e+00  5.00000000e-02  1.57991267e+00  5.00000000e-02 -2.73564659e-03
 5.02000000e-02  9.68800000e-01  5.02000000e-02  1.03120000e+00  5.02000000e-02  2.31650037e+00  5.02000000e-02  1.90289920e+00  5.02000000e-02  1.98563510e+00  5.02000000e-02  1.57945071e+00  5.02000000e-02 -2.73564567e-03
 5.04000000e-02  9.68800000e-01  5.04000000e-02  1.03120000e+00  5.04000000e-02  2.31697159e+00  5.04000000e-02  1.90242802e+00  5.04000000e-02  1.98609895e+00  5.04000000e-02  1.57898922e+00  5.04000000e-02 -2.73564475e-03
 5.06000000e-02  9.68800000e-01  5.06000000e-02  1.03120000e+00  5.06000000e-02  2.31744231e+00  5.06000000e-02  1.90195735e+00  5.06000000e-02  1.98656227e+00  5.06000000e-02  1.57852817e+00  5.06000000e-02 -2.73564381e-03
 5.08000000e-02  9.68800000e-01  5.08000000e-02  1.03120000e+00  5.08000000e-02  2.31791252e+00  5.08000000e-02  1.90148720e+00  5.08000000e-02  1.98702497e+00  5.08000000e-02  1.57806774e+00  5.08000000e-02 -2.73564288e-03
 5.10000000e-02  9.68800000e-01  5.10000000e-02  1.03120000e+00  5.10000000e-02  2.31838221e+00  5.10000000e-02  1.90101756e+00  5.10000000e-02  1.98748738e+00  5.10000000e-02  1.57760769e+00  5.10000000e-02 -2.73564193e-03
 5.12000000e-02  9.68800000e-01  5.12000000e-02  1.03120000e+00  5.12000000e-02  2.31885139e+00  5.12000000e-02  1.90054844e+00  5.12000000e-02  1.98794906e+00  5.12000000e-02  1.57714825e+00  5.12000000e-02 -2.73564099e-03
 5.14000000e-02  9.68800000e-01  5.14000000e-02  1.03120000e+00  5.14000000e-02  2.31932005e+00  5.14000000e-02  1.90007984e+00  5.14000000e-02  1.98841037e+00  5.14000000e-02  1.57668944e+00  5.14000000e-02 -2.73564003e-03
 5.16000000e-02  9.68800000e-01  5.16000000e-02  1.03120000e+00  5.16000000e-02  2.31978818e+00  5.16000000e-02  1.89961176e+00  5.16000000e-02  1.98887109e+00  5.16000000e-02  1.57623092e+00  5.16000000e-02 -2.73563907e-03
 5.18000000e-02  9.68800000e-01  5.18000000e-02  1.03120000e+00  5.18000000e-02  2.32025580e+00  5.18000000e-02  1.89914420e+00  5.18000000e-02  1.98933154e+00  5.18000000e-02  1.57577284e+00  5.18000000e-02 -2.73563811e-03
 5.20000000e-02  9.68800000e-01  5.20000000e-02  1.03120000e+00  5.20000000e-02  2.32072289e+00  5.20000000e-02  1.89867717e+00  5.20000000e-02  1.98979111e+00  5.20000000e-02  1.57531552e+00  5.20000000e-02 -2.73563714e-03
 5.22000000e-02  9.68800000e-01  5.22000000e-02  1.03120000e+00  5.22000000e-02  2.32118945e+00  5.22000000e-02  1.89821067e+00  5.22000000e-02  1.99025034e+00  5.22000000e-02  1.57485859e+00  5.22000000e-02 -2.73563616e-03
 5.24000000e-02  9.68800000e-01  5.24000000e-02  1.03120000e+00  5.24000000e-02  2.32165548e+00  5.24000000e-02  1.89774470e+00  5.24000000e-02  1.99070911e+00  5.24000000e-02  1.57440227e+00  5.24000000e-02 -2.73563518e-03
 5.26000000e-02  9.68800000e-01  5.26000000e-02  1.03120000e+00  5.26000000e-02  2.32212098e+00  5.26000000e-02  1.89727927e+00  5.26000000e-02  1.99116731e+00  5.26000000e-02  1.57394641e+00  5.26000000e-02 -2.73563419e-03
 5.28000000e-02  9.68800000e-01  5.28000000e-02  1.03120000e+00  5.28000000e-02  2.32258595e+00  5.28000000e-02  1.89681437e+00  5.28000000e-02  1.99162492e+00  5.28000000e-02  1.57349109e+00  5.28000000e-02 -2.73563320e-03
 5.30000000e-02  9.68800000e-01  5.30000000e-02  1.03120000e+00  5.30000000e-02  2.32305038e+00  5.30000000e-02  1.89635000e+00  5.30000000e-02  1.99208210e+00  5.30000000e-02  1.57303633e+00  5.30000000e-02 -2.73563220e-03
 5.32000000e-02  9.68800000e-01  5.32000000e-02  1.03120000e+00  5.32000000e-02  2.32351427e+00  5.32000000e-02  1.89588618e+00  5.32000000e-02  1.99253868e+00  5.32000000e-02  1.57258198e+00  5.32000000e-02 -2.73563119e-03
 5.34000000e-02  9.68800000e-01  5.34000000e-02  1.03120000e+00  5.34000000e-02  2.32397762e+00  5.34000000e-02  1.89542290e+00  5.34000000e-02  1.99299477e+00  5.34000000e-02  1.57212822e+00  5.34000000e-02 -2.73563018e-03
 5.36000000e-02  9.68800000e-01  5.36000000e-02  1.03120000e+00  5.36000000e-02  2.32444043e+00  5.36000000e-02  1.89496017e+00  5.36000000e-02  1.99345035e+00  5.36000000e-02  1.57167509e+00  5.36000000e-02 -2.73562916e-03
 5.38000000e-02  9.68800000e-01  5.38000000e-02  1.03120000e+00  5.38000000e-02  2.32490269e+00  5.38000000e-02  1.89449798e+00  5.38000000e-02  1.99390530e+00  5.38000000e-02  1.57122259e+00  5.38000000e-02 -2.73562814e-03
 5.40000000e-02  9.68800000e-01  5.40000000e-02  1.03120000e+00  5.40000000e-02  2.32536440e+00  5.40000000e-02  1.89403634e+00  5.40000000e-02  1.99435979e+00  5.40000000e-02  1.57077034e+00  5.40000000e-02 -2.73562711e-03
 5.42000000e-02  9.68800000e-01  5.42000000e-02  1.03120000e+00  5.42000000e-02  2.32582556e+00  5.42000000e-02  1.89357525e+00  5.42000000e-02  1.99481378e+00  5.42000000e-02  1.57031878e+00  5.42000000e-02 -2.73562607e-03
 5.44000000e-02  9.68800000e-01  5.44000000e-02  1.03120000e+00  5.44000000e-02  2.32628618e+00  5.44000000e-02  1.89311472e+00  5.44000000e-02  1.99526719e+00  5.44000000e-02  1.56986781e+00  5.44000000e-02 -2.73562503e-03
 5.46000000e-02  9.68800000e-01  5.46000000e-02  1.03120000e+00  5.46000000e-02  2.32674623e+00  5.46000000e-02  1.89265474e+00  5.46000000e-02  1.99571997e+00  5.46000000e-02  1.56941737e+00  5.46000000e-02 -2.73562398e-03
 5.48000000e-02  9.68800000e-01  5.48000000e-02  1.03120000e+00  5.48000000e-02  2.32721613e+00  5.48000000e-02  1.89218493e+00  5.48000000e-02  1.99618250e+00  5.48000000e-02  1.56895731e+00  5.48000000e-02 -2.73562288e-03
 5.50000000e-02  9.68800000e-01  5.50000000e-02  1.03120000e+00  5.50000000e-02  2.32767507e+00  5.50000000e-02  1.89172608e+00  5.50000000e-02  1.99663430e+00  5.50000000e-02  1.56850793e+00  5.50000000e-02 -2.73562182e-03
 5.52000000e-02  9.68800000e-01  5.52000000e-02  1.03120000e+00  5.52000000e-02  2.32813359e+00  5.52000000e-02  1.89126764e+00  5.52000000e-02  1.99708560e+00  5.52000000e-02  1.56805892e+00  5.52000000e-02 -2.73562075e-03
 5.54000000e-02  9.68800000e-01  5.54000000e-02  1.03120000e+00  5.54000000e-02  2.32859137e+00  5.54000000e-02  1.89080995e+00  5.54000000e-02  1.99753619e+00  5.54000000e-02  1.56761073e+00  5.54000000e-02 -2.73561968e-03
 5.56000000e-02  9.68800000e-01  5.56000000e-02  1.03120000e+00  5.56000000e-02  2.32904859e+00  5.56000000e-02  1.89035283e+00  5.56000000e-02  1.99798627e+00  5.56000000e-02  1.56716305e+00  5.56000000e-02 -2.73561860e-03
 5.58000000e-02  9.68800000e-01  5.58000000e-02  1.03120000e+00  5.58000000e-02  2.32950523e+00  5.58000000e-02  1.88989627e+00  5.58000000e-02  1.99843586e+00  5.58000000e-02  1.56671613e+00  5.58000000e-02 -2.73561751e-03
 5.60000000e-02  9.68800000e-01  5.60000000e-02  1.03120000e+00  5.60000000e-02  2.32996130e+00  5.60000000e-02  1.88944029e+00  5.60000000e-02  1.99888476e+00  5.60000000e-02  1.56626945e+00  5.60000000e-02 -2.73561642e-03
 5.62000000e-02  9.68800000e-01  5.62000000e-02  1.03120000e+00  5.62000000e-02  2.33041680e+00  5.62000000e-02  1.88898488e+00  5.62000000e-02  1.99933317e+00  5.62000000e-02  1.56582355e+00  5.62000000e-02 -2.73561532e-03
 5.64000000e-02  9.68800000e-01  5.64000000e-02  1.03120000e+00  5.64000000e-02  2.33087173e+00  5.64000000e-02  1.88853005e+00  5.64000000e-02  1.99978092e+00  5.64000000e-02  1.56537810e+00  5.64000000e-02 -2.73561422e-03
 5.66000000e-02  9.68800000e-01  5.66000000e-02  1.03120000e+00  5.66000000e-02  2.33132608e+00  5.66000000e-02  1.88807580e+00  5.66000000e-02  2.00022824e+00  5.66000000e-02  1.56493324e+00  5.66000000e-02 -2.73561310e-03
 5.68000000e-02  9.68800000e-01  5.68000000e-02  1.03120000e+00  5.68000000e-02  2.33177984e+00  5.68000000e-02  1.88762213e+00  5.68000000e-02  2.00067489e+00  5.68000000e-02  1.56448912e+00  5.68000000e-02 -2.73561198e-03
 5.70000000e-02  9.68800000e-01  5.70000000e-02  1.03120000e+00  5.70000000e-02  2.33223303e+00  5.70000000e-02  1.88716904e+00  5.70000000e-02  2.00112110e+00  5.70000000e-02  1.56404537e+00  5.70000000e-02 -2.73561086e-03
 5.72000000e-02  9.68800000e-01  5.72000000e-02  1.03120000e+00  5.72000000e-02  2.33268564e+00  5.72000000e-02  1.88671654e+00  5.72000000e-02  2.00156651e+00  5.72000000e-02  1.56360226e+00  5.72000000e-02 -2.73560973e-03
 5.74000000e-02  9.68800000e-01  5.74000000e-02  1.03120000e+00  5.74000000e-02  2.33313765e+00  5.74000000e-02  1.88626463e+00  5.74000000e-02  2.00201145e+00  5.74000000e-02  1.56315986e+00  5.74000000e-02 -2.73560859e-03
 5.76000000e-02  9.68800000e-01  5.76000000e-02  1.03120000e+00  5.76000000e-02  2.33358908e+00  5.76000000e-02  1.88581331e+00  5.76000000e-02  2.00245601e+00  5.76000000e-02  1.56271782e+00  5.76000000e-02 -2.73560745e-03
 5.78000000e-02  9.68800000e-01  5.78000000e-02  1.03120000e+00  5.78000000e-02  2.33403992e+00  5.78000000e-02  1.88536258e+00  5.78000000e-02  2.00289970e+00  5.78000000e-02  1.56227639e+00  5.78000000e-02 -2.73560629e-03
 5.80000000e-02  9.68800000e-01  5.80000000e-02  1.03120000e+00  5.80000000e-02  2.33449017e+00  5.80000000e-02  1.88491244e+00  5.80000000e-02  2.00334274e+00  5.80000000e-02  1.56183567e+00  5.80000000e-02 -2.73560514e-03
 5.82000000e-02  9.68800000e-01  5.82000000e-02  1.03120000e+00  5.82000000e-02  2.33493982e+00  5.82000000e-02  1.88446290e+00  5.82000000e-02  2.00378559e+00  5.82000000e-02  1.56139535e+00  5.82000000e-02 -2.73560397e-03
 5.84000000e-02  9.68800000e-01  5.84000000e-02  1.03120000e+00  5.84000000e-02  2.33538887e+00  5.84000000e-02  1.88401396e+00  5.84000000e-02  2.00422761e+00  5.84000000e-02  1.56095597e+00  5.84000000e-02 -2.73560280e-03
 5.86000000e-02  9.68800000e-01  5.86000000e-02  1.03120000e+00  5.86000000e-02  2.33583732e+00  5.86000000e-02  1.88356562e+00  5.86000000e-02  2.00466902e+00  5.86000000e-02  1.56051689e+00  5.86000000e-02 -2.73560162e-03
 5.88000000e-02  9.68800000e-01  5.88000000e-02  1.03120000e+00  5.88000000e-02  2.33628761e+00  5.88000000e-02  1.88311545e+00  5.88000000e-02  2.00511234e+00  5.88000000e-02  1.56007608e+00  5.88000000e-02 -2.73560043e-03
 5.90000000e-02  9.68800000e-01  5.90000000e-02  1.03120000e+00  5.90000000e-02  2.33673485e+00  5.90000000e-02  1.88266833e+00  5.90000000e-02  2.00555252e+00  5.90000000e-02  1.55963831e+00  5.90000000e-02 -2.73559923e-03
 5.92000000e-02  9.68800000e-01  5.92000000e-02  1.03120000e+00  5.92000000e-02  2.33718149e+00  5.92000000e-02  1.88222181e+00  5.92000000e-02  2.00599227e+00  5.92000000e-02  1.55920100e+00  5.92000000e-02 -2.73559804e-03
 5.94000000e-02  9.68800000e-01  5.94000000e-02  1.03120000e+00  5.94000000e-02  2.33762751e+00  5.94000000e-02  1.88177591e+00  5.94000000e-02  2.00643141e+00  5.94000000e-02  1.55876450e+00  5.94000000e-02 -2.73559683e-03
 5.96000000e-02  9.68800000e-01  5.96000000e-02  1.03120000e+00  5.96000000e-02  2.33807355e+00  5.96000000e-02  1.88132999e+00  5.96000000e-02  2.00687045e+00  5.96000000e-02  1.55832784e+00  5.96000000e-02 -2.73559562e-03
 5.98000000e-02  9.68800000e-01  5.98000000e-02  1.03120000e+00  5.98000000e-02  2.33851834e+00  5.98000000e-02  1.88088533e+00  5.98000000e-02  2.00730848e+00  5.98000000e-02  1.55789248e+00  5.98000000e-02 -2.73559440e-03
 6.00000000e-02  9.68800000e-01  6.00000000e-02  1.03120000e+00  6.00000000e-02  2.33896252e+00  6.00000000e-02  1.88044128e+00  6.00000000e-02  2.00774558e+00  6.00000000e-02  1.55745765e+00  6.00000000e-02 -2.73559317e-03
