time="2026-09-24T13:19:04+02:00" level=warning msg="Network file system detected as backing store.  Enforcing overlay option `force_mask=\"700\"`.  Add it to storage.conf to silence this warning"
time="2026-09-24T13:19:05+02:00" level=warning msg="Network file system detected as backing store.  Enforcing overlay option `force_mask=\"700\"`.  Add it to storage.conf to silence this warning"
Resource enforcement: CPU affinity; memory reservation only (rootless cgroups v1).
time="2026-09-24T13:19:05+02:00" level=warning msg="Network file system detected as backing store.  Enforcing overlay option `force_mask=\"700\"`.  Add it to storage.conf to silence this warning"


The temperature limiting function received NaN.
Please check your power dissipation and improve your heat sink Rth!
    This message will be shown only once.

Note: Starting dynamic gmin stepping
Note: Dynamic gmin stepping completed

Note: No compatibility mode selected!


Circuit: * g1_bgr system check istep: post-layout bgr + vref pad, board c=100nf, tt27 (hbt_typ mos_tt res_typ dio_tt) t=27 c

Doing analysis at TEMP = 27.000000 and TNOM = 27.000000

Using SPARSE 1.3 as Direct Linear Solver
 Reference value :  0.00000e+00Note: Starting dynamic gmin stepping
Note: Dynamic gmin stepping completed

No. of Data Rows : 1
v(vref) = 1.045455060062e+00
v(padres) = 1.045454918289e+00
v(pad) = 1.045454829813e+00
i(vload) = 4.134131015241e-06
i(vdd) = -3.19692378316e-04
Doing analysis at TEMP = 27.000000 and TNOM = 27.000000

Using SPARSE 1.3 as Direct Linear Solver

Initial Transient Solution
--------------------------

Node                                   Voltage
----                                   -------
sub!                                         0
vdd                                        3.3
vdd12                                      1.2
r4                                           0
xbgr.n_23                             0.217068
xbgr.xr1.dt                                  0
xbgr.n_12                              3.03897
xbgr.det                               3.25604
xbgr.xr2.dt                                  0
xbgr.n_13                              2.60483
xbgr.n_24                              2.38776
xbgr.xr3.dt                                  0
xbgr.n_14                              2.17069
xbgr.xr4.dt                                  0
xbgr.n_26                              1.95362
xbgr.xr5.dt                                  0
xbgr.n_15                              1.73655
xbgr.xr6.dt                                  0
xbgr.n_27                              1.51948
xbgr.xr7.dt                                  0
xbgr.n_16                              1.30241
xbgr.xr8.dt                                  0
xbgr.n_21                              1.08534
xbgr.xr9.dt                                  0
xbgr.n_25                               2.8219
xbgr.xr10.dt                                 0
xbgr.xr11.dt                                 0
xbgr.n_17                             0.868274
xbgr.n_22                             0.651205
xbgr.xr12.dt                                 0
xbgr.n_18                             0.434137
xbgr.xr13.dt                                 0
xbgr.xr14.dt                                 0
xbgr.xr15.dt                                 0
dvbe                                 0.0550725
xbgr.xr16.dt                                 0
xbgr.n_7                               0.98838
vref                                   1.04546
xbgr.xr17.dt                                 0
xbgr.n_2                              0.874229
xbgr.n_36                             0.931304
xbgr.xr18.dt                                 0
xbgr.xr19.dt                                 0
xbgr.n_37                             0.817153
xbgr.xr20.dt                                 0
xbgr.n_8                              0.760078
xbgr.xr21.dt                                 0
xbgr.vbe3                             0.703002
xbgr.xr22.dt                                 0
xbgr.n_6                               1.55982
xbgr.vb2                               1.61109
xbgr.xr23.dt                                 0
xbgr.n_9                               1.45728
xbgr.vd1                               1.40601
xbgr.xr24.dt                                 0
xbgr.n_19                              1.50855
xbgr.xr25.dt                                 0
xbgr.xr26.dt                                 0
xbgr.kick                          1.21884e-09
xbgr.r4n                                   3.3
vbe                                   0.702962
xbgr.b1b                           3.87544e-10
pbias                                  2.30302
xbgr.n1                               0.721262
xbgr.c2                               0.778031
pcasc                                  1.76906
xbgr.d1                                2.76659
xbgr.d2                                2.76767
xbgr.d4                                2.76668
xbgr.d5                                2.76697
xbgr.d3                                 2.7667
iptat                                        1
xbgr.xq55.s1                                 0
xbgr.xq55.t                                  0
xbgr.xq56.s1                       1.08751e-12
xbgr.xq56.t                          0.0329397
xbgr.xq57.s1                                 0
xbgr.xq57.t                                  0
xbgr.xq58.s1                                 0
xbgr.xq58.t                                  0
xbgr.xq59.s1                                 0
xbgr.xq59.t                                  0
xbgr.xq60.s1                       1.08753e-12
xbgr.xq60.t                          0.0329915
xbgr.xq61.s1                                 0
xbgr.xq61.t                                  0
xbgr.vd2                              0.703003
xbgr.xq62.s1                       1.08753e-12
xbgr.xq62.t                          0.0329919
xbgr.xq63.s1                                 0
xbgr.xq63.t                                  0
xbgr.xq64.s1                                 0
xbgr.xq64.t                                  0
xbgr.xq65.s1                                 0
xbgr.xq65.t                                  0
xbgr.xq66.s1                                 0
xbgr.xq66.t                                  0
xbgr.xq67.s1                       1.08433e-12
xbgr.xq67.t                        5.80152e-11
xbgr.xq68.s1                       1.11476e-12
xbgr.xq68.t                         0.00424682
xbgr.xq69.s1                       1.11476e-12
xbgr.xq69.t                         0.00424682
xbgr.xq70.s1                       1.11476e-12
xbgr.xq70.t                         0.00424682
xbgr.xq71.s1                       1.11476e-12
xbgr.xq71.t                         0.00424682
xbgr.xq72.s1                       1.11476e-12
xbgr.xq72.t                         0.00424682
xbgr.xq73.s1                       1.11476e-12
xbgr.xq73.t                         0.00424682
xbgr.xq74.s1                       1.11476e-12
xbgr.xq74.t                         0.00424682
xbgr.xq75.s1                       1.36873e-12
xbgr.xq75.t                          0.0329919
xbgr.xq76.s1                       1.11476e-12
xbgr.xq76.t                         0.00424682
xbgr.n_4                               2.24962
xbgr.xr77.dt                                 0
xbgr.n_11                              1.82246
xbgr.n_34                              1.87585
xbgr.xr78.dt                                 0
xbgr.n_10                              1.92925
xbgr.xr79.dt                                 0
xbgr.n_3                               2.03604
xbgr.n_31                              2.08944
xbgr.xr80.dt                                 0
xbgr.n_33                              1.98264
xbgr.xr81.dt                                 0
xbgr.n_5                               2.14283
xbgr.xr82.dt                                 0
xbgr.n_30                              2.19623
xbgr.xr83.dt                                 0
xbgr.xr84.dt                                 0
xbgr.xr85.dt                                 0
xbgr.xr86.dt                                 0
xbgr.xr16_u2.dt                              0
xbgr.xr16_u3.dt                              0
xbgr.xr16_u4.dt                              0
xbgr.xr16_u5.dt                              0
xbgr.xr16_u6.dt                              0
xbgr.xr16_u7.dt                              0
xbgr.xr16_u8.dt                              0
xbgr.xr16_u9.dt                              0
xbgr.xr16_u10.dt                             0
xbgr.xr16_u11.dt                             0
xbgr.xr16_u12.dt                             0
xbgr.xr16_u13.dt                             0
xbgr.xr16_u14.dt                             0
xbgr.xr16_u15.dt                             0
xbgr.xr16_u16.dt                             0
xbgr.xr16_u17.dt                             0
xbgr.xr16_u18.dt                             0
xbgr.xr16_u19.dt                             0
xbgr.xr16_u20.dt                             0
xbgr.xr16_u21.dt                             0
xbgr.xr16_u22.dt                             0
xbgr.xr16_u23.dt                             0
xbgr.xr16_u24.dt                             0
xbgr.xr17_u2.dt                              0
xbgr.xr17_u3.dt                              0
xbgr.xr17_u4.dt                              0
xbgr.xr18_u2.dt                              0
xbgr.xr18_u3.dt                              0
xbgr.xr18_u4.dt                              0
xbgr.xr19_u2.dt                              0
xbgr.xr19_u3.dt                              0
xbgr.xr19_u4.dt                              0
xbgr.xr20_u2.dt                              0
xbgr.xr20_u3.dt                              0
xbgr.xr20_u4.dt                              0
xbgr.xr21_u2.dt                              0
xbgr.xr21_u3.dt                              0
xbgr.xr21_u4.dt                              0
xbgr.xr22_u2.dt                              0
xbgr.xr22_u3.dt                              0
xbgr.xr22_u4.dt                              0
xbgr.xr23_u2.dt                              0
xbgr.xr23_u3.dt                              0
xbgr.xr23_u4.dt                              0
xbgr.xr23_u5.dt                              0
xbgr.xr23_u6.dt                              0
xbgr.xr23_u7.dt                              0
xbgr.xr23_u8.dt                              0
xbgr.xr23_u9.dt                              0
xbgr.xr23_u10.dt                             0
xbgr.xr23_u11.dt                             0
xbgr.xr23_u12.dt                             0
xbgr.xr23_u13.dt                             0
xbgr.xr23_u14.dt                             0
xbgr.xr23_u15.dt                             0
xbgr.xr23_u16.dt                             0
xbgr.xr23_u17.dt                             0
xbgr.xr23_u18.dt                             0
xbgr.xr23_u19.dt                             0
xbgr.xr23_u20.dt                             0
xbgr.xr23_u21.dt                             0
xbgr.xr23_u22.dt                             0
xbgr.xr23_u23.dt                             0
xbgr.xr23_u24.dt                             0
xbgr.xr24_u2.dt                              0
xbgr.xr24_u3.dt                              0
xbgr.xr24_u4.dt                              0
xbgr.xr24_u5.dt                              0
xbgr.xr24_u6.dt                              0
xbgr.xr24_u7.dt                              0
xbgr.xr24_u8.dt                              0
xbgr.xr24_u9.dt                              0
xbgr.xr24_u10.dt                             0
xbgr.xr24_u11.dt                             0
xbgr.xr24_u12.dt                             0
xbgr.xr24_u13.dt                             0
xbgr.xr24_u14.dt                             0
xbgr.xr24_u15.dt                             0
xbgr.xr24_u16.dt                             0
xbgr.xr24_u17.dt                             0
xbgr.xr24_u18.dt                             0
xbgr.xr24_u19.dt                             0
xbgr.xr24_u20.dt                             0
xbgr.xr24_u21.dt                             0
xbgr.xr24_u22.dt                             0
xbgr.xr24_u23.dt                             0
xbgr.xr24_u24.dt                             0
xbgr.xr25_u2.dt                              0
xbgr.xr25_u3.dt                              0
xbgr.xr25_u4.dt                              0
xbgr.xr25_u5.dt                              0
xbgr.xr25_u6.dt                              0
xbgr.xr25_u7.dt                              0
xbgr.xr25_u8.dt                              0
xbgr.xr25_u9.dt                              0
xbgr.xr25_u10.dt                             0
xbgr.xr25_u11.dt                             0
xbgr.xr25_u12.dt                             0
xbgr.xr25_u13.dt                             0
xbgr.xr25_u14.dt                             0
xbgr.xr25_u15.dt                             0
xbgr.xr25_u16.dt                             0
xbgr.xr25_u17.dt                             0
xbgr.xr25_u18.dt                             0
xbgr.xr25_u19.dt                             0
xbgr.xr25_u20.dt                             0
xbgr.xr25_u21.dt                             0
xbgr.xr25_u22.dt                             0
xbgr.xr25_u23.dt                             0
xbgr.xr25_u24.dt                             0
xbgr.xr26_u2.dt                              0
xbgr.xr26_u3.dt                              0
xbgr.xr26_u4.dt                              0
xbgr.xr26_u5.dt                              0
xbgr.xr26_u6.dt                              0
xbgr.xr26_u7.dt                              0
xbgr.xr26_u8.dt                              0
xbgr.xr26_u9.dt                              0
xbgr.xr26_u10.dt                             0
xbgr.xr26_u11.dt                             0
xbgr.xr26_u12.dt                             0
xbgr.xr26_u13.dt                             0
xbgr.xr26_u14.dt                             0
xbgr.xr26_u15.dt                             0
xbgr.xr26_u16.dt                             0
xbgr.xr26_u17.dt                             0
xbgr.xr26_u18.dt                             0
xbgr.xr26_u19.dt                             0
xbgr.xr26_u20.dt                             0
xbgr.xr26_u21.dt                             0
xbgr.xr26_u22.dt                             0
xbgr.xr26_u23.dt                             0
xbgr.xr26_u24.dt                             0
xbgr.xq56_u2.s1                    1.08751e-12
xbgr.xq56_u2.t                       0.0329397
xbgr.xq56_u3.s1                    1.08751e-12
xbgr.xq56_u3.t                       0.0329397
xbgr.xq56_u4.s1                    1.08751e-12
xbgr.xq56_u4.t                       0.0329397
xbgr.xq56_u5.s1                    1.08751e-12
xbgr.xq56_u5.t                       0.0329397
xbgr.xq56_u6.s1                    1.08751e-12
xbgr.xq56_u6.t                       0.0329397
xbgr.xq56_u7.s1                    1.08751e-12
xbgr.xq56_u7.t                       0.0329397
xbgr.xq56_u8.s1                    1.08751e-12
xbgr.xq56_u8.t                       0.0329397
xbgr.xq56_u9.s1                    1.08751e-12
xbgr.xq56_u9.t                       0.0329397
xbgr.xq56_u10.s1                   1.08751e-12
xbgr.xq56_u10.t                      0.0329397
xbgr.xq56_u11.s1                   1.08751e-12
xbgr.xq56_u11.t                      0.0329397
xbgr.xq56_u12.s1                   1.08751e-12
xbgr.xq56_u12.t                      0.0329397
xbgr.xq56_u13.s1                   1.08751e-12
xbgr.xq56_u13.t                      0.0329397
xbgr.xq56_u14.s1                   1.08751e-12
xbgr.xq56_u14.t                      0.0329397
xbgr.xq56_u15.s1                   1.08751e-12
xbgr.xq56_u15.t                      0.0329397
xbgr.xq56_u16.s1                   1.08751e-12
xbgr.xq56_u16.t                      0.0329397
xbgr.xq56_u17.s1                   1.08751e-12
xbgr.xq56_u17.t                      0.0329397
xbgr.xq56_u18.s1                   1.08751e-12
xbgr.xq56_u18.t                      0.0329397
xbgr.xq56_u19.s1                   1.08751e-12
xbgr.xq56_u19.t                      0.0329397
xbgr.xq56_u20.s1                   1.08751e-12
xbgr.xq56_u20.t                      0.0329397
xbgr.xq56_u21.s1                   1.08751e-12
xbgr.xq56_u21.t                      0.0329397
xbgr.xq56_u22.s1                   1.08751e-12
xbgr.xq56_u22.t                      0.0329397
xbgr.xq56_u23.s1                   1.08751e-12
xbgr.xq56_u23.t                      0.0329397
xbgr.xq56_u24.s1                   1.08751e-12
xbgr.xq56_u24.t                      0.0329397
xbgr.xq60_u2.s1                    1.08753e-12
xbgr.xq60_u2.t                       0.0329915
xbgr.xq60_u3.s1                    1.08753e-12
xbgr.xq60_u3.t                       0.0329915
xbgr.xq60_u4.s1                    1.08753e-12
xbgr.xq60_u4.t                       0.0329915
xbgr.xq62_u2.s1                    1.08753e-12
xbgr.xq62_u2.t                       0.0329919
xbgr.xq62_u3.s1                    1.08753e-12
xbgr.xq62_u3.t                       0.0329919
xbgr.xq62_u4.s1                    1.08753e-12
xbgr.xq62_u4.t                       0.0329919
xbgr.xq62_u5.s1                    1.08753e-12
xbgr.xq62_u5.t                       0.0329919
xbgr.xq62_u6.s1                    1.08753e-12
xbgr.xq62_u6.t                       0.0329919
xbgr.xq62_u7.s1                    1.08753e-12
xbgr.xq62_u7.t                       0.0329919
xbgr.xq62_u8.s1                    1.08753e-12
xbgr.xq62_u8.t                       0.0329919
xbgr.xq62_u9.s1                    1.08753e-12
xbgr.xq62_u9.t                       0.0329919
xbgr.xq62_u10.s1                   1.08753e-12
xbgr.xq62_u10.t                      0.0329919
xbgr.xq62_u11.s1                   1.08753e-12
xbgr.xq62_u11.t                      0.0329919
xbgr.xq62_u12.s1                   1.08753e-12
xbgr.xq62_u12.t                      0.0329919
xbgr.xq62_u13.s1                   1.08753e-12
xbgr.xq62_u13.t                      0.0329919
xbgr.xq62_u14.s1                   1.08753e-12
xbgr.xq62_u14.t                      0.0329919
xbgr.xq62_u15.s1                   1.08753e-12
xbgr.xq62_u15.t                      0.0329919
xbgr.xq62_u16.s1                   1.08753e-12
xbgr.xq62_u16.t                      0.0329919
xbgr.xq62_u17.s1                   1.08753e-12
xbgr.xq62_u17.t                      0.0329919
xbgr.xq62_u18.s1                   1.08753e-12
xbgr.xq62_u18.t                      0.0329919
xbgr.xq62_u19.s1                   1.08753e-12
xbgr.xq62_u19.t                      0.0329919
xbgr.xq62_u20.s1                   1.08753e-12
xbgr.xq62_u20.t                      0.0329919
xbgr.xq62_u21.s1                   1.08753e-12
xbgr.xq62_u21.t                      0.0329919
xbgr.xq62_u22.s1                   1.08753e-12
xbgr.xq62_u22.t                      0.0329919
xbgr.xq62_u23.s1                   1.08753e-12
xbgr.xq62_u23.t                      0.0329919
xbgr.xq62_u24.s1                   1.08753e-12
xbgr.xq62_u24.t                      0.0329919
xbgr.xq67_u2.s1                    1.08433e-12
xbgr.xq67_u2.t                     5.80152e-11
xbgr.xq67_u3.s1                    1.08433e-12
xbgr.xq67_u3.t                     5.80152e-11
xbgr.xq67_u4.s1                    1.08433e-12
xbgr.xq67_u4.t                     5.80152e-11
xbgr.xq67_u5.s1                    1.08433e-12
xbgr.xq67_u5.t                     5.80152e-11
xbgr.xq67_u6.s1                    1.08433e-12
xbgr.xq67_u6.t                     5.80152e-11
xbgr.xq67_u7.s1                    1.08433e-12
xbgr.xq67_u7.t                     5.80152e-11
xbgr.xq67_u8.s1                    1.08433e-12
xbgr.xq67_u8.t                     5.80152e-11
xbgr.xq67_u9.s1                    1.08433e-12
xbgr.xq67_u9.t                     5.80152e-11
xbgr.xq67_u10.s1                   1.08433e-12
xbgr.xq67_u10.t                    5.80152e-11
xbgr.xq67_u11.s1                   1.08433e-12
xbgr.xq67_u11.t                    5.80152e-11
xbgr.xq67_u12.s1                   1.08433e-12
xbgr.xq67_u12.t                    5.80152e-11
xbgr.xq67_u13.s1                   1.08433e-12
xbgr.xq67_u13.t                    5.80152e-11
xbgr.xq67_u14.s1                   1.08433e-12
xbgr.xq67_u14.t                    5.80152e-11
xbgr.xq67_u15.s1                   1.08433e-12
xbgr.xq67_u15.t                    5.80152e-11
xbgr.xq67_u16.s1                   1.08433e-12
xbgr.xq67_u16.t                    5.80152e-11
xbgr.xq67_u17.s1                   1.08433e-12
xbgr.xq67_u17.t                    5.80152e-11
xbgr.xq67_u18.s1                   1.08433e-12
xbgr.xq67_u18.t                    5.80152e-11
xbgr.xq67_u19.s1                   1.08433e-12
xbgr.xq67_u19.t                    5.80152e-11
xbgr.xq67_u20.s1                   1.08433e-12
xbgr.xq67_u20.t                    5.80152e-11
xbgr.xq67_u21.s1                   1.08433e-12
xbgr.xq67_u21.t                    5.80152e-11
xbgr.xq67_u22.s1                   1.08433e-12
xbgr.xq67_u22.t                    5.80152e-11
xbgr.xq67_u23.s1                   1.08433e-12
xbgr.xq67_u23.t                    5.80152e-11
xbgr.xq67_u24.s1                   1.08433e-12
xbgr.xq67_u24.t                    5.80152e-11
xbgr.xq68_u2.s1                    1.11476e-12
xbgr.xq68_u2.t                      0.00424682
xbgr.xq68_u3.s1                    1.11476e-12
xbgr.xq68_u3.t                      0.00424682
xbgr.xq68_u4.s1                    1.11476e-12
xbgr.xq68_u4.t                      0.00424682
xbgr.xq68_u5.s1                    1.11476e-12
xbgr.xq68_u5.t                      0.00424682
xbgr.xq68_u6.s1                    1.11476e-12
xbgr.xq68_u6.t                      0.00424682
xbgr.xq68_u7.s1                    1.11476e-12
xbgr.xq68_u7.t                      0.00424682
xbgr.xq68_u8.s1                    1.11476e-12
xbgr.xq68_u8.t                      0.00424682
xbgr.xq68_u9.s1                    1.11476e-12
xbgr.xq68_u9.t                      0.00424682
xbgr.xq68_u10.s1                   1.11476e-12
xbgr.xq68_u10.t                     0.00424682
xbgr.xq68_u11.s1                   1.11476e-12
xbgr.xq68_u11.t                     0.00424682
xbgr.xq68_u12.s1                   1.11476e-12
xbgr.xq68_u12.t                     0.00424682
xbgr.xq68_u13.s1                   1.11476e-12
xbgr.xq68_u13.t                     0.00424682
xbgr.xq68_u14.s1                   1.11476e-12
xbgr.xq68_u14.t                     0.00424682
xbgr.xq68_u15.s1                   1.11476e-12
xbgr.xq68_u15.t                     0.00424682
xbgr.xq68_u16.s1                   1.11476e-12
xbgr.xq68_u16.t                     0.00424682
xbgr.xq68_u17.s1                   1.11476e-12
xbgr.xq68_u17.t                     0.00424682
xbgr.xq68_u18.s1                   1.11476e-12
xbgr.xq68_u18.t                     0.00424682
xbgr.xq68_u19.s1                   1.11476e-12
xbgr.xq68_u19.t                     0.00424682
xbgr.xq68_u20.s1                   1.11476e-12
xbgr.xq68_u20.t                     0.00424682
xbgr.xq68_u21.s1                   1.11476e-12
xbgr.xq68_u21.t                     0.00424682
xbgr.xq68_u22.s1                   1.11476e-12
xbgr.xq68_u22.t                     0.00424682
xbgr.xq68_u23.s1                   1.11476e-12
xbgr.xq68_u23.t                     0.00424682
xbgr.xq68_u24.s1                   1.11476e-12
xbgr.xq68_u24.t                     0.00424682
xbgr.xq69_u2.s1                    1.11476e-12
xbgr.xq69_u2.t                      0.00424682
xbgr.xq69_u3.s1                    1.11476e-12
xbgr.xq69_u3.t                      0.00424682
xbgr.xq69_u4.s1                    1.11476e-12
xbgr.xq69_u4.t                      0.00424682
xbgr.xq69_u5.s1                    1.11476e-12
xbgr.xq69_u5.t                      0.00424682
xbgr.xq69_u6.s1                    1.11476e-12
xbgr.xq69_u6.t                      0.00424682
xbgr.xq69_u7.s1                    1.11476e-12
xbgr.xq69_u7.t                      0.00424682
xbgr.xq69_u8.s1                    1.11476e-12
xbgr.xq69_u8.t                      0.00424682
xbgr.xq69_u9.s1                    1.11476e-12
xbgr.xq69_u9.t                      0.00424682
xbgr.xq69_u10.s1                   1.11476e-12
xbgr.xq69_u10.t                     0.00424682
xbgr.xq69_u11.s1                   1.11476e-12
xbgr.xq69_u11.t                     0.00424682
xbgr.xq69_u12.s1                   1.11476e-12
xbgr.xq69_u12.t                     0.00424682
xbgr.xq69_u13.s1                   1.11476e-12
xbgr.xq69_u13.t                     0.00424682
xbgr.xq69_u14.s1                   1.11476e-12
xbgr.xq69_u14.t                     0.00424682
xbgr.xq69_u15.s1                   1.11476e-12
xbgr.xq69_u15.t                     0.00424682
xbgr.xq69_u16.s1                   1.11476e-12
xbgr.xq69_u16.t                     0.00424682
xbgr.xq69_u17.s1                   1.11476e-12
xbgr.xq69_u17.t                     0.00424682
xbgr.xq69_u18.s1                   1.11476e-12
xbgr.xq69_u18.t                     0.00424682
xbgr.xq69_u19.s1                   1.11476e-12
xbgr.xq69_u19.t                     0.00424682
xbgr.xq69_u20.s1                   1.11476e-12
xbgr.xq69_u20.t                     0.00424682
xbgr.xq69_u21.s1                   1.11476e-12
xbgr.xq69_u21.t                     0.00424682
xbgr.xq69_u22.s1                   1.11476e-12
xbgr.xq69_u22.t                     0.00424682
xbgr.xq69_u23.s1                   1.11476e-12
xbgr.xq69_u23.t                     0.00424682
xbgr.xq69_u24.s1                   1.11476e-12
xbgr.xq69_u24.t                     0.00424682
xbgr.xq70_u2.s1                    1.11476e-12
xbgr.xq70_u2.t                      0.00424682
xbgr.xq70_u3.s1                    1.11476e-12
xbgr.xq70_u3.t                      0.00424682
xbgr.xq70_u4.s1                    1.11476e-12
xbgr.xq70_u4.t                      0.00424682
xbgr.xq70_u5.s1                    1.11476e-12
xbgr.xq70_u5.t                      0.00424682
xbgr.xq70_u6.s1                    1.11476e-12
xbgr.xq70_u6.t                      0.00424682
xbgr.xq70_u7.s1                    1.11476e-12
xbgr.xq70_u7.t                      0.00424682
xbgr.xq70_u8.s1                    1.11476e-12
xbgr.xq70_u8.t                      0.00424682
xbgr.xq70_u9.s1                    1.11476e-12
xbgr.xq70_u9.t                      0.00424682
xbgr.xq70_u10.s1                   1.11476e-12
xbgr.xq70_u10.t                     0.00424682
xbgr.xq70_u11.s1                   1.11476e-12
xbgr.xq70_u11.t                     0.00424682
xbgr.xq70_u12.s1                   1.11476e-12
xbgr.xq70_u12.t                     0.00424682
xbgr.xq70_u13.s1                   1.11476e-12
xbgr.xq70_u13.t                     0.00424682
xbgr.xq70_u14.s1                   1.11476e-12
xbgr.xq70_u14.t                     0.00424682
xbgr.xq70_u15.s1                   1.11476e-12
xbgr.xq70_u15.t                     0.00424682
xbgr.xq70_u16.s1                   1.11476e-12
xbgr.xq70_u16.t                     0.00424682
xbgr.xq70_u17.s1                   1.11476e-12
xbgr.xq70_u17.t                     0.00424682
xbgr.xq70_u18.s1                   1.11476e-12
xbgr.xq70_u18.t                     0.00424682
xbgr.xq70_u19.s1                   1.11476e-12
xbgr.xq70_u19.t                     0.00424682
xbgr.xq70_u20.s1                   1.11476e-12
xbgr.xq70_u20.t                     0.00424682
xbgr.xq70_u21.s1                   1.11476e-12
xbgr.xq70_u21.t                     0.00424682
xbgr.xq70_u22.s1                   1.11476e-12
xbgr.xq70_u22.t                     0.00424682
xbgr.xq70_u23.s1                   1.11476e-12
xbgr.xq70_u23.t                     0.00424682
xbgr.xq70_u24.s1                   1.11476e-12
xbgr.xq70_u24.t                     0.00424682
xbgr.xq71_u2.s1                    1.11476e-12
xbgr.xq71_u2.t                      0.00424682
xbgr.xq71_u3.s1                    1.11476e-12
xbgr.xq71_u3.t                      0.00424682
xbgr.xq71_u4.s1                    1.11476e-12
xbgr.xq71_u4.t                      0.00424682
xbgr.xq71_u5.s1                    1.11476e-12
xbgr.xq71_u5.t                      0.00424682
xbgr.xq71_u6.s1                    1.11476e-12
xbgr.xq71_u6.t                      0.00424682
xbgr.xq71_u7.s1                    1.11476e-12
xbgr.xq71_u7.t                      0.00424682
xbgr.xq71_u8.s1                    1.11476e-12
xbgr.xq71_u8.t                      0.00424682
xbgr.xq71_u9.s1                    1.11476e-12
xbgr.xq71_u9.t                      0.00424682
xbgr.xq71_u10.s1                   1.11476e-12
xbgr.xq71_u10.t                     0.00424682
xbgr.xq71_u11.s1                   1.11476e-12
xbgr.xq71_u11.t                     0.00424682
xbgr.xq71_u12.s1                   1.11476e-12
xbgr.xq71_u12.t                     0.00424682
xbgr.xq71_u13.s1                   1.11476e-12
xbgr.xq71_u13.t                     0.00424682
xbgr.xq71_u14.s1                   1.11476e-12
xbgr.xq71_u14.t                     0.00424682
xbgr.xq71_u15.s1                   1.11476e-12
xbgr.xq71_u15.t                     0.00424682
xbgr.xq71_u16.s1                   1.11476e-12
xbgr.xq71_u16.t                     0.00424682
xbgr.xq71_u17.s1                   1.11476e-12
xbgr.xq71_u17.t                     0.00424682
xbgr.xq71_u18.s1                   1.11476e-12
xbgr.xq71_u18.t                     0.00424682
xbgr.xq71_u19.s1                   1.11476e-12
xbgr.xq71_u19.t                     0.00424682
xbgr.xq71_u20.s1                   1.11476e-12
xbgr.xq71_u20.t                     0.00424682
xbgr.xq71_u21.s1                   1.11476e-12
xbgr.xq71_u21.t                     0.00424682
xbgr.xq71_u22.s1                   1.11476e-12
xbgr.xq71_u22.t                     0.00424682
xbgr.xq71_u23.s1                   1.11476e-12
xbgr.xq71_u23.t                     0.00424682
xbgr.xq71_u24.s1                   1.11476e-12
xbgr.xq71_u24.t                     0.00424682
xbgr.xq72_u2.s1                    1.11476e-12
xbgr.xq72_u2.t                      0.00424682
xbgr.xq72_u3.s1                    1.11476e-12
xbgr.xq72_u3.t                      0.00424682
xbgr.xq72_u4.s1                    1.11476e-12
xbgr.xq72_u4.t                      0.00424682
xbgr.xq72_u5.s1                    1.11476e-12
xbgr.xq72_u5.t                      0.00424682
xbgr.xq72_u6.s1                    1.11476e-12
xbgr.xq72_u6.t                      0.00424682
xbgr.xq72_u7.s1                    1.11476e-12
xbgr.xq72_u7.t                      0.00424682
xbgr.xq72_u8.s1                    1.11476e-12
xbgr.xq72_u8.t                      0.00424682
xbgr.xq72_u9.s1                    1.11476e-12
xbgr.xq72_u9.t                      0.00424682
xbgr.xq72_u10.s1                   1.11476e-12
xbgr.xq72_u10.t                     0.00424682
xbgr.xq72_u11.s1                   1.11476e-12
xbgr.xq72_u11.t                     0.00424682
xbgr.xq72_u12.s1                   1.11476e-12
xbgr.xq72_u12.t                     0.00424682
xbgr.xq72_u13.s1                   1.11476e-12
xbgr.xq72_u13.t                     0.00424682
xbgr.xq72_u14.s1                   1.11476e-12
xbgr.xq72_u14.t                     0.00424682
xbgr.xq72_u15.s1                   1.11476e-12
xbgr.xq72_u15.t                     0.00424682
xbgr.xq72_u16.s1                   1.11476e-12
xbgr.xq72_u16.t                     0.00424682
xbgr.xq72_u17.s1                   1.11476e-12
xbgr.xq72_u17.t                     0.00424682
xbgr.xq72_u18.s1                   1.11476e-12
xbgr.xq72_u18.t                     0.00424682
xbgr.xq72_u19.s1                   1.11476e-12
xbgr.xq72_u19.t                     0.00424682
xbgr.xq72_u20.s1                   1.11476e-12
xbgr.xq72_u20.t                     0.00424682
xbgr.xq72_u21.s1                   1.11476e-12
xbgr.xq72_u21.t                     0.00424682
xbgr.xq72_u22.s1                   1.11476e-12
xbgr.xq72_u22.t                     0.00424682
xbgr.xq72_u23.s1                   1.11476e-12
xbgr.xq72_u23.t                     0.00424682
xbgr.xq72_u24.s1                   1.11476e-12
xbgr.xq72_u24.t                     0.00424682
xbgr.xq73_u2.s1                    1.11476e-12
xbgr.xq73_u2.t                      0.00424682
xbgr.xq73_u3.s1                    1.11476e-12
xbgr.xq73_u3.t                      0.00424682
xbgr.xq73_u4.s1                    1.11476e-12
xbgr.xq73_u4.t                      0.00424682
xbgr.xq73_u5.s1                    1.11476e-12
xbgr.xq73_u5.t                      0.00424682
xbgr.xq73_u6.s1                    1.11476e-12
xbgr.xq73_u6.t                      0.00424682
xbgr.xq73_u7.s1                    1.11476e-12
xbgr.xq73_u7.t                      0.00424682
xbgr.xq73_u8.s1                    1.11476e-12
xbgr.xq73_u8.t                      0.00424682
xbgr.xq73_u9.s1                    1.11476e-12
xbgr.xq73_u9.t                      0.00424682
xbgr.xq73_u10.s1                   1.11476e-12
xbgr.xq73_u10.t                     0.00424682
xbgr.xq73_u11.s1                   1.11476e-12
xbgr.xq73_u11.t                     0.00424682
xbgr.xq73_u12.s1                   1.11476e-12
xbgr.xq73_u12.t                     0.00424682
xbgr.xq73_u13.s1                   1.11476e-12
xbgr.xq73_u13.t                     0.00424682
xbgr.xq73_u14.s1                   1.11476e-12
xbgr.xq73_u14.t                     0.00424682
xbgr.xq73_u15.s1                   1.11476e-12
xbgr.xq73_u15.t                     0.00424682
xbgr.xq73_u16.s1                   1.11476e-12
xbgr.xq73_u16.t                     0.00424682
xbgr.xq73_u17.s1                   1.11476e-12
xbgr.xq73_u17.t                     0.00424682
xbgr.xq73_u18.s1                   1.11476e-12
xbgr.xq73_u18.t                     0.00424682
xbgr.xq73_u19.s1                   1.11476e-12
xbgr.xq73_u19.t                     0.00424682
xbgr.xq73_u20.s1                   1.11476e-12
xbgr.xq73_u20.t                     0.00424682
xbgr.xq73_u21.s1                   1.11476e-12
xbgr.xq73_u21.t                     0.00424682
xbgr.xq73_u22.s1                   1.11476e-12
xbgr.xq73_u22.t                     0.00424682
xbgr.xq73_u23.s1                   1.11476e-12
xbgr.xq73_u23.t                     0.00424682
xbgr.xq73_u24.s1                   1.11476e-12
xbgr.xq73_u24.t                     0.00424682
xbgr.xq74_u2.s1                    1.11476e-12
xbgr.xq74_u2.t                      0.00424682
xbgr.xq74_u3.s1                    1.11476e-12
xbgr.xq74_u3.t                      0.00424682
xbgr.xq74_u4.s1                    1.11476e-12
xbgr.xq74_u4.t                      0.00424682
xbgr.xq74_u5.s1                    1.11476e-12
xbgr.xq74_u5.t                      0.00424682
xbgr.xq74_u6.s1                    1.11476e-12
xbgr.xq74_u6.t                      0.00424682
xbgr.xq74_u7.s1                    1.11476e-12
xbgr.xq74_u7.t                      0.00424682
xbgr.xq74_u8.s1                    1.11476e-12
xbgr.xq74_u8.t                      0.00424682
xbgr.xq74_u9.s1                    1.11476e-12
xbgr.xq74_u9.t                      0.00424682
xbgr.xq74_u10.s1                   1.11476e-12
xbgr.xq74_u10.t                     0.00424682
xbgr.xq74_u11.s1                   1.11476e-12
xbgr.xq74_u11.t                     0.00424682
xbgr.xq74_u12.s1                   1.11476e-12
xbgr.xq74_u12.t                     0.00424682
xbgr.xq74_u13.s1                   1.11476e-12
xbgr.xq74_u13.t                     0.00424682
xbgr.xq74_u14.s1                   1.11476e-12
xbgr.xq74_u14.t                     0.00424682
xbgr.xq74_u15.s1                   1.11476e-12
xbgr.xq74_u15.t                     0.00424682
xbgr.xq74_u16.s1                   1.11476e-12
xbgr.xq74_u16.t                     0.00424682
xbgr.xq74_u17.s1                   1.11476e-12
xbgr.xq74_u17.t                     0.00424682
xbgr.xq74_u18.s1                   1.11476e-12
xbgr.xq74_u18.t                     0.00424682
xbgr.xq74_u19.s1                   1.11476e-12
xbgr.xq74_u19.t                     0.00424682
xbgr.xq74_u20.s1                   1.11476e-12
xbgr.xq74_u20.t                     0.00424682
xbgr.xq74_u21.s1                   1.11476e-12
xbgr.xq74_u21.t                     0.00424682
xbgr.xq74_u22.s1                   1.11476e-12
xbgr.xq74_u22.t                     0.00424682
xbgr.xq74_u23.s1                   1.11476e-12
xbgr.xq74_u23.t                     0.00424682
xbgr.xq74_u24.s1                   1.11476e-12
xbgr.xq74_u24.t                     0.00424682
xbgr.xq75_u2.s1                    1.36873e-12
xbgr.xq75_u2.t                       0.0329919
xbgr.xq75_u3.s1                    1.36873e-12
xbgr.xq75_u3.t                       0.0329919
xbgr.xq75_u4.s1                    1.36873e-12
xbgr.xq75_u4.t                       0.0329919
xbgr.xq75_u5.s1                    1.36873e-12
xbgr.xq75_u5.t                       0.0329919
xbgr.xq75_u6.s1                    1.36873e-12
xbgr.xq75_u6.t                       0.0329919
xbgr.xq75_u7.s1                    1.36873e-12
xbgr.xq75_u7.t                       0.0329919
xbgr.xq75_u8.s1                    1.36873e-12
xbgr.xq75_u8.t                       0.0329919
xbgr.xq75_u9.s1                    1.36873e-12
xbgr.xq75_u9.t                       0.0329919
xbgr.xq75_u10.s1                   1.36873e-12
xbgr.xq75_u10.t                      0.0329919
xbgr.xq75_u11.s1                   1.36873e-12
xbgr.xq75_u11.t                      0.0329919
xbgr.xq75_u12.s1                   1.36873e-12
xbgr.xq75_u12.t                      0.0329919
xbgr.xq75_u13.s1                   1.36873e-12
xbgr.xq75_u13.t                      0.0329919
xbgr.xq75_u14.s1                   1.36873e-12
xbgr.xq75_u14.t                      0.0329919
xbgr.xq75_u15.s1                   1.36873e-12
xbgr.xq75_u15.t                      0.0329919
xbgr.xq75_u16.s1                   1.36873e-12
xbgr.xq75_u16.t                      0.0329919
xbgr.xq75_u17.s1                   1.36873e-12
xbgr.xq75_u17.t                      0.0329919
xbgr.xq75_u18.s1                   1.36873e-12
xbgr.xq75_u18.t                      0.0329919
xbgr.xq75_u19.s1                   1.36873e-12
xbgr.xq75_u19.t                      0.0329919
xbgr.xq75_u20.s1                   1.36873e-12
xbgr.xq75_u20.t                      0.0329919
xbgr.xq75_u21.s1                   1.36873e-12
xbgr.xq75_u21.t                      0.0329919
xbgr.xq75_u22.s1                   1.36873e-12
xbgr.xq75_u22.t                      0.0329919
xbgr.xq75_u23.s1                   1.36873e-12
xbgr.xq75_u23.t                      0.0329919
xbgr.xq75_u24.s1                   1.36873e-12
xbgr.xq75_u24.t                      0.0329919
xbgr.xq76_u2.s1                    1.11476e-12
xbgr.xq76_u2.t                      0.00424682
xbgr.xq76_u3.s1                    1.11476e-12
xbgr.xq76_u3.t                      0.00424682
xbgr.xq76_u4.s1                    1.11476e-12
xbgr.xq76_u4.t                      0.00424682
xbgr.xq76_u5.s1                    1.11476e-12
xbgr.xq76_u5.t                      0.00424682
xbgr.xq76_u6.s1                    1.11476e-12
xbgr.xq76_u6.t                      0.00424682
xbgr.xq76_u7.s1                    1.11476e-12
xbgr.xq76_u7.t                      0.00424682
xbgr.xq76_u8.s1                    1.11476e-12
xbgr.xq76_u8.t                      0.00424682
xbgr.xq76_u9.s1                    1.11476e-12
xbgr.xq76_u9.t                      0.00424682
xbgr.xq76_u10.s1                   1.11476e-12
xbgr.xq76_u10.t                     0.00424682
xbgr.xq76_u11.s1                   1.11476e-12
xbgr.xq76_u11.t                     0.00424682
xbgr.xq76_u12.s1                   1.11476e-12
xbgr.xq76_u12.t                     0.00424682
xbgr.xq76_u13.s1                   1.11476e-12
xbgr.xq76_u13.t                     0.00424682
xbgr.xq76_u14.s1                   1.11476e-12
xbgr.xq76_u14.t                     0.00424682
xbgr.xq76_u15.s1                   1.11476e-12
xbgr.xq76_u15.t                     0.00424682
xbgr.xq76_u16.s1                   1.11476e-12
xbgr.xq76_u16.t                     0.00424682
xbgr.xq76_u17.s1                   1.11476e-12
xbgr.xq76_u17.t                     0.00424682
xbgr.xq76_u18.s1                   1.11476e-12
xbgr.xq76_u18.t                     0.00424682
xbgr.xq76_u19.s1                   1.11476e-12
xbgr.xq76_u19.t                     0.00424682
xbgr.xq76_u20.s1                   1.11476e-12
xbgr.xq76_u20.t                     0.00424682
xbgr.xq76_u21.s1                   1.11476e-12
xbgr.xq76_u21.t                     0.00424682
xbgr.xq76_u22.s1                   1.11476e-12
xbgr.xq76_u22.t                     0.00424682
xbgr.xq76_u23.s1                   1.11476e-12
xbgr.xq76_u23.t                     0.00424682
xbgr.xq76_u24.s1                   1.11476e-12
xbgr.xq76_u24.t                     0.00424682
xbgr.xr77_u2.dt                              0
xbgr.xr77_u3.dt                              0
xbgr.xr77_u4.dt                              0
xbgr.xr77_u5.dt                              0
xbgr.xr77_u6.dt                              0
xbgr.xr77_u7.dt                              0
xbgr.xr77_u8.dt                              0
xbgr.xr77_u9.dt                              0
xbgr.xr77_u10.dt                             0
xbgr.xr77_u11.dt                             0
xbgr.xr77_u12.dt                             0
xbgr.xr77_u13.dt                             0
xbgr.xr77_u14.dt                             0
xbgr.xr77_u15.dt                             0
xbgr.xr77_u16.dt                             0
xbgr.xr77_u17.dt                             0
xbgr.xr77_u18.dt                             0
xbgr.xr77_u19.dt                             0
xbgr.xr77_u20.dt                             0
xbgr.xr77_u21.dt                             0
xbgr.xr77_u22.dt                             0
xbgr.xr77_u23.dt                             0
xbgr.xr77_u24.dt                             0
xbgr.xr78_u2.dt                              0
xbgr.xr78_u3.dt                              0
xbgr.xr78_u4.dt                              0
xbgr.xr78_u5.dt                              0
xbgr.xr78_u6.dt                              0
xbgr.xr78_u7.dt                              0
xbgr.xr78_u8.dt                              0
xbgr.xr78_u9.dt                              0
xbgr.xr78_u10.dt                             0
xbgr.xr78_u11.dt                             0
xbgr.xr78_u12.dt                             0
xbgr.xr78_u13.dt                             0
xbgr.xr78_u14.dt                             0
xbgr.xr78_u15.dt                             0
xbgr.xr78_u16.dt                             0
xbgr.xr78_u17.dt                             0
xbgr.xr78_u18.dt                             0
xbgr.xr78_u19.dt                             0
xbgr.xr78_u20.dt                             0
xbgr.xr78_u21.dt                             0
xbgr.xr78_u22.dt                             0
xbgr.xr78_u23.dt                             0
xbgr.xr78_u24.dt                             0
xbgr.xr79_u2.dt                              0
xbgr.xr79_u3.dt                              0
xbgr.xr79_u4.dt                              0
xbgr.xr79_u5.dt                              0
xbgr.xr79_u6.dt                              0
xbgr.xr79_u7.dt                              0
xbgr.xr79_u8.dt                              0
xbgr.xr79_u9.dt                              0
xbgr.xr79_u10.dt                             0
xbgr.xr79_u11.dt                             0
xbgr.xr79_u12.dt                             0
xbgr.xr79_u13.dt                             0
xbgr.xr79_u14.dt                             0
xbgr.xr79_u15.dt                             0
xbgr.xr79_u16.dt                             0
xbgr.xr79_u17.dt                             0
xbgr.xr79_u18.dt                             0
xbgr.xr79_u19.dt                             0
xbgr.xr79_u20.dt                             0
xbgr.xr79_u21.dt                             0
xbgr.xr79_u22.dt                             0
xbgr.xr79_u23.dt                             0
xbgr.xr79_u24.dt                             0
xbgr.xr80_u2.dt                              0
xbgr.xr80_u3.dt                              0
xbgr.xr80_u4.dt                              0
xbgr.xr80_u5.dt                              0
xbgr.xr80_u6.dt                              0
xbgr.xr80_u7.dt                              0
xbgr.xr80_u8.dt                              0
xbgr.xr80_u9.dt                              0
xbgr.xr80_u10.dt                             0
xbgr.xr80_u11.dt                             0
xbgr.xr80_u12.dt                             0
xbgr.xr80_u13.dt                             0
xbgr.xr80_u14.dt                             0
xbgr.xr80_u15.dt                             0
xbgr.xr80_u16.dt                             0
xbgr.xr80_u17.dt                             0
xbgr.xr80_u18.dt                             0
xbgr.xr80_u19.dt                             0
xbgr.xr80_u20.dt                             0
xbgr.xr80_u21.dt                             0
xbgr.xr80_u22.dt                             0
xbgr.xr80_u23.dt                             0
xbgr.xr80_u24.dt                             0
xbgr.xr81_u2.dt                              0
xbgr.xr81_u3.dt                              0
xbgr.xr81_u4.dt                              0
xbgr.xr81_u5.dt                              0
xbgr.xr81_u6.dt                              0
xbgr.xr81_u7.dt                              0
xbgr.xr81_u8.dt                              0
xbgr.xr81_u9.dt                              0
xbgr.xr81_u10.dt                             0
xbgr.xr81_u11.dt                             0
xbgr.xr81_u12.dt                             0
xbgr.xr81_u13.dt                             0
xbgr.xr81_u14.dt                             0
xbgr.xr81_u15.dt                             0
xbgr.xr81_u16.dt                             0
xbgr.xr81_u17.dt                             0
xbgr.xr81_u18.dt                             0
xbgr.xr81_u19.dt                             0
xbgr.xr81_u20.dt                             0
xbgr.xr81_u21.dt                             0
xbgr.xr81_u22.dt                             0
xbgr.xr81_u23.dt                             0
xbgr.xr81_u24.dt                             0
xbgr.xr82_u2.dt                              0
xbgr.xr82_u3.dt                              0
xbgr.xr82_u4.dt                              0
xbgr.xr82_u5.dt                              0
xbgr.xr82_u6.dt                              0
xbgr.xr82_u7.dt                              0
xbgr.xr82_u8.dt                              0
xbgr.xr82_u9.dt                              0
xbgr.xr82_u10.dt                             0
xbgr.xr82_u11.dt                             0
xbgr.xr82_u12.dt                             0
xbgr.xr82_u13.dt                             0
xbgr.xr82_u14.dt                             0
xbgr.xr82_u15.dt                             0
xbgr.xr82_u16.dt                             0
xbgr.xr82_u17.dt                             0
xbgr.xr82_u18.dt                             0
xbgr.xr82_u19.dt                             0
xbgr.xr82_u20.dt                             0
xbgr.xr82_u21.dt                             0
xbgr.xr82_u22.dt                             0
xbgr.xr82_u23.dt                             0
xbgr.xr82_u24.dt                             0
xbgr.xr83_u2.dt                              0
xbgr.xr83_u3.dt                              0
xbgr.xr83_u4.dt                              0
xbgr.xr83_u5.dt                              0
xbgr.xr83_u6.dt                              0
xbgr.xr83_u7.dt                              0
xbgr.xr83_u8.dt                              0
xbgr.xr83_u9.dt                              0
xbgr.xr83_u10.dt                             0
xbgr.xr83_u11.dt                             0
xbgr.xr83_u12.dt                             0
xbgr.xr83_u13.dt                             0
xbgr.xr83_u14.dt                             0
xbgr.xr83_u15.dt                             0
xbgr.xr83_u16.dt                             0
xbgr.xr83_u17.dt                             0
xbgr.xr83_u18.dt                             0
xbgr.xr83_u19.dt                             0
xbgr.xr83_u20.dt                             0
xbgr.xr83_u21.dt                             0
xbgr.xr83_u22.dt                             0
xbgr.xr83_u23.dt                             0
xbgr.xr83_u24.dt                             0
xbgr.xr84_u2.dt                              0
xbgr.xr84_u3.dt                              0
xbgr.xr84_u4.dt                              0
xbgr.xr84_u5.dt                              0
xbgr.xr84_u6.dt                              0
xbgr.xr84_u7.dt                              0
xbgr.xr84_u8.dt                              0
xbgr.xr84_u9.dt                              0
xbgr.xr84_u10.dt                             0
xbgr.xr84_u11.dt                             0
xbgr.xr84_u12.dt                             0
xbgr.xr84_u13.dt                             0
xbgr.xr84_u14.dt                             0
xbgr.xr84_u15.dt                             0
xbgr.xr84_u16.dt                             0
xbgr.xr84_u17.dt                             0
xbgr.xr84_u18.dt                             0
xbgr.xr84_u19.dt                             0
xbgr.xr84_u20.dt                             0
xbgr.xr84_u21.dt                             0
xbgr.xr84_u22.dt                             0
xbgr.xr84_u23.dt                             0
xbgr.xr84_u24.dt                             0
xbgr.xr85_u2.dt                              0
xbgr.xr85_u3.dt                              0
xbgr.xr85_u4.dt                              0
xbgr.xr85_u5.dt                              0
xbgr.xr85_u6.dt                              0
xbgr.xr85_u7.dt                              0
xbgr.xr85_u8.dt                              0
xbgr.xr85_u9.dt                              0
xbgr.xr85_u10.dt                             0
xbgr.xr85_u11.dt                             0
xbgr.xr85_u12.dt                             0
xbgr.xr85_u13.dt                             0
xbgr.xr85_u14.dt                             0
xbgr.xr85_u15.dt                             0
xbgr.xr85_u16.dt                             0
xbgr.xr85_u17.dt                             0
xbgr.xr85_u18.dt                             0
xbgr.xr85_u19.dt                             0
xbgr.xr85_u20.dt                             0
xbgr.xr85_u21.dt                             0
xbgr.xr85_u22.dt                             0
xbgr.xr85_u23.dt                             0
xbgr.xr85_u24.dt                             0
xbgr.xr86_u2.dt                              0
xbgr.xr86_u3.dt                              0
xbgr.xr86_u4.dt                              0
xbgr.xr86_u5.dt                              0
xbgr.xr86_u6.dt                              0
xbgr.xr86_u7.dt                              0
xbgr.xr86_u8.dt                              0
xbgr.xr86_u9.dt                              0
xbgr.xr86_u10.dt                             0
xbgr.xr86_u11.dt                             0
xbgr.xr86_u12.dt                             0
xbgr.xr86_u13.dt                             0
xbgr.xr86_u14.dt                             0
xbgr.xr86_u15.dt                             0
xbgr.xr86_u16.dt                             0
xbgr.xr86_u17.dt                             0
xbgr.xr86_u18.dt                             0
xbgr.xr86_u19.dt                             0
xbgr.xr86_u20.dt                             0
xbgr.xr86_u21.dt                             0
xbgr.xr86_u22.dt                             0
xbgr.xr86_u23.dt                             0
xbgr.xr86_u24.dt                             0
nint                                   1.04546
padres                                 1.04545
pad                                    1.04545
xp.xi0.net2                                3.3
xp.xi0.xr0.dt                                0
xp.xi3.xr0.dt                                0
xp.xi4.net2                                  0
xp.xi4.xr0.dt                                0
nesr                                   1.04545
ncb                                    1.04545
vinj#branch                                  0
vload#branch                       4.13413e-06
vr4#branch                                   0
vdd12#branch                                 0
vdd#branch                        -0.000319692
vsub#branch                        2.38866e-10

 Reference value :  0.00000e+00 Reference value :  2.10240e-05 Reference value :  5.40240e-05 Reference value :  8.70240e-05 Reference value :  1.14050e-04 Reference value :  1.47050e-04 Reference value :  1.80050e-04 Reference value :  2.14050e-04 Reference value :  2.47050e-04 Reference value :  2.81050e-04 Reference value :  3.15050e-04 Reference value :  3.48050e-04 Reference value :  3.81050e-04 Reference value :  4.14050e-04 Reference value :  4.48050e-04 Reference value :  4.80050e-04 Reference value :  5.12050e-04 Reference value :  5.45050e-04 Reference value :  5.77050e-04 Reference value :  6.10050e-04 Reference value :  6.44050e-04 Reference value :  6.78050e-04 Reference value :  7.12050e-04 Reference value :  7.43050e-04 Reference value :  7.76050e-04 Reference value :  8.10050e-04 Reference value :  8.44050e-04 Reference value :  8.78050e-04 Reference value :  9.11050e-04 Reference value :  9.43050e-04 Reference value :  9.73050e-04 Reference value :  1.00505e-03 Reference value :  1.03705e-03 Reference value :  1.07105e-03 Reference value :  1.10505e-03 Reference value :  1.13805e-03 Reference value :  1.17105e-03 Reference value :  1.20405e-03 Reference value :  1.23705e-03 Reference value :  1.27105e-03 Reference value :  1.30405e-03 Reference value :  1.33805e-03 Reference value :  1.37205e-03 Reference value :  1.40705e-03 Reference value :  1.44205e-03 Reference value :  1.47705e-03 Reference value :  1.51105e-03 Reference value :  1.54605e-03 Reference value :  1.58105e-03 Reference value :  1.61605e-03 Reference value :  1.65005e-03 Reference value :  1.68505e-03 Reference value :  1.72005e-03 Reference value :  1.75505e-03 Reference value :  1.78905e-03 Reference value :  1.82405e-03 Reference value :  1.85905e-03 Reference value :  1.89405e-03 Reference value :  1.92805e-03 Reference value :  1.96305e-03 Reference value :  1.99805e-03 Reference value :  2.03205e-03 Reference value :  2.06705e-03 Reference value :  2.10205e-03 Reference value :  2.13505e-03 Reference value :  2.16805e-03 Reference value :  2.20205e-03 Reference value :  2.23405e-03 Reference value :  2.26605e-03 Reference value :  2.30005e-03 Reference value :  2.33205e-03 Reference value :  2.36505e-03 Reference value :  2.39905e-03 Reference value :  2.43005e-03 Reference value :  2.46305e-03 Reference value :  2.49705e-03 Reference value :  2.53205e-03 Reference value :  2.56705e-03 Reference value :  2.60205e-03 Reference value :  2.63605e-03 Reference value :  2.67005e-03 Reference value :  2.70405e-03 Reference value :  2.73705e-03 Reference value :  2.77205e-03 Reference value :  2.80605e-03 Reference value :  2.84005e-03 Reference value :  2.87405e-03 Reference value :  2.90805e-03 Reference value :  2.94205e-03 Reference value :  2.97505e-03 Reference value :  3.00905e-03 Reference value :  3.04305e-03 Reference value :  3.07705e-03 Reference value :  3.11005e-03 Reference value :  3.14405e-03 Reference value :  3.17805e-03 Reference value :  3.21205e-03 Reference value :  3.24605e-03 Reference value :  3.27605e-03 Reference value :  3.31005e-03 Reference value :  3.34405e-03 Reference value :  3.37905e-03 Reference value :  3.41405e-03 Reference value :  3.44905e-03 Reference value :  3.48405e-03 Reference value :  3.51805e-03 Reference value :  3.55205e-03 Reference value :  3.58605e-03 Reference value :  3.62005e-03 Reference value :  3.65505e-03 Reference value :  3.69005e-03 Reference value :  3.72505e-03 Reference value :  3.75905e-03 Reference value :  3.79305e-03 Reference value :  3.82705e-03 Reference value :  3.86205e-03 Reference value :  3.89605e-03 Reference value :  3.93105e-03 Reference value :  3.96605e-03 Reference value :  4.00005e-03 Reference value :  4.03505e-03 Reference value :  4.06905e-03 Reference value :  4.10205e-03 Reference value :  4.13605e-03 Reference value :  4.17105e-03 Reference value :  4.20605e-03 Reference value :  4.24105e-03 Reference value :  4.27605e-03 Reference value :  4.31005e-03 Reference value :  4.34305e-03 Reference value :  4.37805e-03 Reference value :  4.41205e-03 Reference value :  4.44605e-03 Reference value :  4.48005e-03 Reference value :  4.51405e-03 Reference value :  4.54805e-03 Reference value :  4.58305e-03 Reference value :  4.61605e-03 Reference value :  4.64905e-03 Reference value :  4.68205e-03 Reference value :  4.71605e-03 Reference value :  4.75005e-03 Reference value :  4.78405e-03 Reference value :  4.81805e-03 Reference value :  4.85205e-03 Reference value :  4.88605e-03 Reference value :  4.92005e-03 Reference value :  4.95405e-03 Reference value :  4.98805e-03 Reference value :  5.02105e-03 Reference value :  5.05505e-03 Reference value :  5.08905e-03 Reference value :  5.12305e-03 Reference value :  5.15505e-03 Reference value :  5.18805e-03 Reference value :  5.22105e-03 Reference value :  5.25405e-03 Reference value :  5.28705e-03 Reference value :  5.32005e-03 Reference value :  5.35305e-03 Reference value :  5.38605e-03 Reference value :  5.42005e-03 Reference value :  5.45405e-03 Reference value :  5.48805e-03 Reference value :  5.52205e-03 Reference value :  5.55605e-03 Reference value :  5.58905e-03 Reference value :  5.62205e-03 Reference value :  5.65505e-03 Reference value :  5.68905e-03 Reference value :  5.72205e-03 Reference value :  5.75505e-03 Reference value :  5.78905e-03 Reference value :  5.82305e-03 Reference value :  5.85605e-03 Reference value :  5.88905e-03 Reference value :  5.92305e-03 Reference value :  5.95705e-03 Reference value :  5.98905e-03 Reference value :  6.02205e-03 Reference value :  6.05405e-03 Reference value :  6.08605e-03 Reference value :  6.11705e-03 Reference value :  6.15005e-03 Reference value :  6.18405e-03 Reference value :  6.21705e-03 Reference value :  6.25005e-03 Reference value :  6.28405e-03 Reference value :  6.31705e-03 Reference value :  6.35005e-03 Reference value :  6.38305e-03 Reference value :  6.41705e-03 Reference value :  6.45105e-03 Reference value :  6.48405e-03 Reference value :  6.51705e-03 Reference value :  6.55005e-03 Reference value :  6.58305e-03 Reference value :  6.61605e-03 Reference value :  6.65005e-03 Reference value :  6.68405e-03 Reference value :  6.71705e-03 Reference value :  6.75105e-03 Reference value :  6.78405e-03 Reference value :  6.81705e-03 Reference value :  6.85005e-03 Reference value :  6.88305e-03 Reference value :  6.91605e-03 Reference value :  6.94905e-03 Reference value :  6.98105e-03 Reference value :  7.01405e-03 Reference value :  7.04705e-03 Reference value :  7.08005e-03 Reference value :  7.11305e-03 Reference value :  7.14605e-03 Reference value :  7.18005e-03 Reference value :  7.21305e-03 Reference value :  7.24505e-03 Reference value :  7.27705e-03 Reference value :  7.30905e-03 Reference value :  7.34205e-03 Reference value :  7.37605e-03 Reference value :  7.40905e-03 Reference value :  7.44305e-03 Reference value :  7.47605e-03 Reference value :  7.50905e-03 Reference value :  7.54205e-03 Reference value :  7.57505e-03 Reference value :  7.60805e-03 Reference value :  7.64105e-03 Reference value :  7.67405e-03 Reference value :  7.70805e-03 Reference value :  7.74105e-03 Reference value :  7.77405e-03 Reference value :  7.80705e-03 Reference value :  7.84005e-03 Reference value :  7.87305e-03 Reference value :  7.90705e-03 Reference value :  7.94105e-03 Reference value :  7.97505e-03 Reference value :  8.00905e-03 Reference value :  8.04305e-03 Reference value :  8.07705e-03 Reference value :  8.11105e-03 Reference value :  8.14505e-03 Reference value :  8.17905e-03 Reference value :  8.21305e-03 Reference value :  8.24605e-03 Reference value :  8.27905e-03 Reference value :  8.31305e-03 Reference value :  8.34605e-03 Reference value :  8.38005e-03 Reference value :  8.41405e-03 Reference value :  8.44705e-03 Reference value :  8.48005e-03 Reference value :  8.51205e-03 Reference value :  8.54505e-03 Reference value :  8.57705e-03 Reference value :  8.61105e-03 Reference value :  8.64405e-03 Reference value :  8.67705e-03 Reference value :  8.71105e-03 Reference value :  8.74505e-03 Reference value :  8.77905e-03 Reference value :  8.81305e-03 Reference value :  8.84705e-03 Reference value :  8.87905e-03 Reference value :  8.91305e-03 Reference value :  8.94705e-03 Reference value :  8.97805e-03 Reference value :  9.01205e-03 Reference value :  9.04705e-03 Reference value :  9.08205e-03 Reference value :  9.11705e-03 Reference value :  9.15105e-03 Reference value :  9.18505e-03 Reference value :  9.22005e-03 Reference value :  9.25505e-03 Reference value :  9.29005e-03 Reference value :  9.32505e-03 Reference value :  9.35905e-03 Reference value :  9.39305e-03 Reference value :  9.42705e-03 Reference value :  9.46105e-03 Reference value :  9.49505e-03 Reference value :  9.52905e-03 Reference value :  9.56305e-03 Reference value :  9.59805e-03 Reference value :  9.63305e-03 Reference value :  9.66705e-03 Reference value :  9.70205e-03 Reference value :  9.73705e-03 Reference value :  9.77205e-03 Reference value :  9.80705e-03 Reference value :  9.84205e-03 Reference value :  9.87705e-03 Reference value :  9.91105e-03 Reference value :  9.94505e-03 Reference value :  9.97905e-03 Reference value :  1.00130e-02 Reference value :  1.00470e-02 Reference value :  1.00790e-02 Reference value :  1.01120e-02 Reference value :  1.01420e-02 Reference value :  1.01730e-02 Reference value :  1.02020e-02 Reference value :  1.02330e-02 Reference value :  1.02640e-02 Reference value :  1.02920e-02 Reference value :  1.03230e-02 Reference value :  1.03530e-02 Reference value :  1.03820e-02 Reference value :  1.04130e-02 Reference value :  1.04410e-02 Reference value :  1.04720e-02 Reference value :  1.05060e-02 Reference value :  1.05390e-02 Reference value :  1.05720e-02 Reference value :  1.06020e-02 Reference value :  1.06320e-02 Reference value :  1.06580e-02 Reference value :  1.06890e-02 Reference value :  1.07190e-02 Reference value :  1.07520e-02 Reference value :  1.07810e-02 Reference value :  1.08120e-02 Reference value :  1.08430e-02 Reference value :  1.08730e-02 Reference value :  1.09050e-02 Reference value :  1.09380e-02 Reference value :  1.09710e-02 Reference value :  1.10040e-02 Reference value :  1.10350e-02 Reference value :  1.10640e-02 Reference value :  1.10940e-02 Reference value :  1.11270e-02 Reference value :  1.11590e-02 Reference value :  1.11920e-02 Reference value :  1.12230e-02 Reference value :  1.12560e-02 Reference value :  1.12890e-02 Reference value :  1.13220e-02 Reference value :  1.13550e-02 Reference value :  1.13880e-02 Reference value :  1.14210e-02 Reference value :  1.14540e-02 Reference value :  1.14870e-02 Reference value :  1.15200e-02 Reference value :  1.15520e-02 Reference value :  1.15850e-02 Reference value :  1.16180e-02 Reference value :  1.16510e-02 Reference value :  1.16840e-02 Reference value :  1.17170e-02 Reference value :  1.17500e-02 Reference value :  1.17830e-02 Reference value :  1.18160e-02 Reference value :  1.18490e-02 Reference value :  1.18820e-02 Reference value :  1.19150e-02 Reference value :  1.19480e-02 Reference value :  1.19810e-02 Reference value :  1.20140e-02 Reference value :  1.20470e-02 Reference value :  1.20800e-02 Reference value :  1.21130e-02 Reference value :  1.21450e-02 Reference value :  1.21780e-02 Reference value :  1.22110e-02 Reference value :  1.22400e-02 Reference value :  1.22730e-02 Reference value :  1.23050e-02 Reference value :  1.23370e-02 Reference value :  1.23700e-02 Reference value :  1.24040e-02 Reference value :  1.24380e-02 Reference value :  1.24690e-02 Reference value :  1.24990e-02 Reference value :  1.25310e-02 Reference value :  1.25640e-02 Reference value :  1.25970e-02 Reference value :  1.26290e-02 Reference value :  1.26620e-02 Reference value :  1.26930e-02 Reference value :  1.27260e-02 Reference value :  1.27590e-02 Reference value :  1.27910e-02 Reference value :  1.28210e-02 Reference value :  1.28520e-02 Reference value :  1.28810e-02 Reference value :  1.29110e-02 Reference value :  1.29430e-02 Reference value :  1.29760e-02 Reference value :  1.30090e-02 Reference value :  1.30420e-02 Reference value :  1.30750e-02 Reference value :  1.31080e-02 Reference value :  1.31410e-02 Reference value :  1.31740e-02 Reference value :  1.32070e-02 Reference value :  1.32400e-02 Reference value :  1.32730e-02 Reference value :  1.33060e-02 Reference value :  1.33390e-02 Reference value :  1.33710e-02 Reference value :  1.34040e-02 Reference value :  1.34360e-02 Reference value :  1.34690e-02 Reference value :  1.35020e-02 Reference value :  1.35350e-02 Reference value :  1.35680e-02 Reference value :  1.36010e-02 Reference value :  1.36330e-02 Reference value :  1.36660e-02 Reference value :  1.36980e-02 Reference value :  1.37310e-02 Reference value :  1.37640e-02 Reference value :  1.37970e-02 Reference value :  1.38270e-02 Reference value :  1.38600e-02 Reference value :  1.38930e-02 Reference value :  1.39260e-02 Reference value :  1.39590e-02 Reference value :  1.39920e-02 Reference value :  1.40250e-02 Reference value :  1.40580e-02 Reference value :  1.40910e-02 Reference value :  1.41220e-02 Reference value :  1.41540e-02 Reference value :  1.41870e-02 Reference value :  1.42190e-02 Reference value :  1.42510e-02 Reference value :  1.42830e-02 Reference value :  1.43150e-02 Reference value :  1.43450e-02 Reference value :  1.43770e-02 Reference value :  1.44100e-02 Reference value :  1.44420e-02 Reference value :  1.44750e-02 Reference value :  1.45070e-02 Reference value :  1.45400e-02 Reference value :  1.45720e-02 Reference value :  1.46050e-02 Reference value :  1.46370e-02 Reference value :  1.46690e-02 Reference value :  1.47020e-02 Reference value :  1.47340e-02 Reference value :  1.47670e-02 Reference value :  1.48000e-02 Reference value :  1.48330e-02 Reference value :  1.48650e-02 Reference value :  1.48960e-02 Reference value :  1.49280e-02 Reference value :  1.49600e-02 Reference value :  1.49920e-02 Reference value :  1.50240e-02 Reference value :  1.50560e-02 Reference value :  1.50890e-02 Reference value :  1.51210e-02 Reference value :  1.51540e-02 Reference value :  1.51870e-02 Reference value :  1.52200e-02 Reference value :  1.52530e-02 Reference value :  1.52860e-02 Reference value :  1.53180e-02 Reference value :  1.53510e-02 Reference value :  1.53840e-02 Reference value :  1.54170e-02 Reference value :  1.54500e-02 Reference value :  1.54830e-02 Reference value :  1.55150e-02 Reference value :  1.55480e-02 Reference value :  1.55810e-02 Reference value :  1.56140e-02 Reference value :  1.56470e-02 Reference value :  1.56800e-02 Reference value :  1.57130e-02 Reference value :  1.57450e-02 Reference value :  1.57780e-02 Reference value :  1.58110e-02 Reference value :  1.58440e-02 Reference value :  1.58760e-02 Reference value :  1.59080e-02 Reference value :  1.59400e-02 Reference value :  1.59730e-02 Reference value :  1.60060e-02 Reference value :  1.60390e-02 Reference value :  1.60720e-02 Reference value :  1.61040e-02 Reference value :  1.61360e-02 Reference value :  1.61690e-02 Reference value :  1.62020e-02 Reference value :  1.62350e-02 Reference value :  1.62650e-02 Reference value :  1.62940e-02 Reference value :  1.63270e-02 Reference value :  1.63590e-02 Reference value :  1.63920e-02 Reference value :  1.64250e-02 Reference value :  1.64580e-02 Reference value :  1.64910e-02 Reference value :  1.65240e-02 Reference value :  1.65560e-02 Reference value :  1.65890e-02 Reference value :  1.66220e-02 Reference value :  1.66550e-02 Reference value :  1.66880e-02 Reference value :  1.67200e-02 Reference value :  1.67530e-02 Reference value :  1.67860e-02 Reference value :  1.68190e-02 Reference value :  1.68510e-02 Reference value :  1.68830e-02 Reference value :  1.69150e-02 Reference value :  1.69480e-02 Reference value :  1.69810e-02 Reference value :  1.70140e-02 Reference value :  1.70460e-02 Reference value :  1.70790e-02 Reference value :  1.71120e-02 Reference value :  1.71450e-02 Reference value :  1.71780e-02 Reference value :  1.72110e-02 Reference value :  1.72440e-02 Reference value :  1.72770e-02 Reference value :  1.73100e-02 Reference value :  1.73430e-02 Reference value :  1.73760e-02 Reference value :  1.74090e-02 Reference value :  1.74410e-02 Reference value :  1.74740e-02 Reference value :  1.75040e-02 Reference value :  1.75370e-02 Reference value :  1.75700e-02 Reference value :  1.76020e-02 Reference value :  1.76340e-02 Reference value :  1.76670e-02 Reference value :  1.77000e-02 Reference value :  1.77330e-02 Reference value :  1.77660e-02 Reference value :  1.77990e-02 Reference value :  1.78320e-02 Reference value :  1.78650e-02 Reference value :  1.78980e-02 Reference value :  1.79310e-02 Reference value :  1.79640e-02 Reference value :  1.79970e-02 Reference value :  1.80290e-02 Reference value :  1.80620e-02 Reference value :  1.80940e-02 Reference value :  1.81270e-02 Reference value :  1.81600e-02 Reference value :  1.81880e-02 Reference value :  1.82210e-02 Reference value :  1.82540e-02 Reference value :  1.82870e-02 Reference value :  1.83200e-02 Reference value :  1.83530e-02 Reference value :  1.83860e-02 Reference value :  1.84180e-02 Reference value :  1.84500e-02 Reference value :  1.84830e-02 Reference value :  1.85160e-02 Reference value :  1.85490e-02 Reference value :  1.85810e-02 Reference value :  1.86140e-02 Reference value :  1.86460e-02 Reference value :  1.86790e-02 Reference value :  1.87120e-02 Reference value :  1.87450e-02 Reference value :  1.87750e-02 Reference value :  1.88080e-02 Reference value :  1.88410e-02 Reference value :  1.88740e-02 Reference value :  1.89060e-02 Reference value :  1.89380e-02 Reference value :  1.89700e-02 Reference value :  1.90030e-02 Reference value :  1.90360e-02 Reference value :  1.90690e-02 Reference value :  1.91010e-02 Reference value :  1.91340e-02 Reference value :  1.91660e-02 Reference value :  1.91990e-02 Reference value :  1.92320e-02 Reference value :  1.92650e-02 Reference value :  1.92980e-02 Reference value :  1.93310e-02 Reference value :  1.93640e-02 Reference value :  1.93960e-02 Reference value :  1.94280e-02 Reference value :  1.94610e-02 Reference value :  1.94940e-02 Reference value :  1.95250e-02 Reference value :  1.95580e-02 Reference value :  1.95910e-02 Reference value :  1.96240e-02 Reference value :  1.96570e-02 Reference value :  1.96890e-02 Reference value :  1.97220e-02 Reference value :  1.97550e-02 Reference value :  1.97880e-02 Reference value :  1.98210e-02 Reference value :  1.98540e-02 Reference value :  1.98870e-02 Reference value :  1.99200e-02 Reference value :  1.99530e-02 Reference value :  1.99860e-02 Reference value :  2.00180e-02 Reference value :  2.00510e-02 Reference value :  2.00820e-02 Reference value :  2.01100e-02 Reference value :  2.01420e-02 Reference value :  2.01750e-02 Reference value :  2.02080e-02 Reference value :  2.02410e-02 Reference value :  2.02740e-02 Reference value :  2.03070e-02 Reference value :  2.03400e-02 Reference value :  2.03730e-02 Reference value :  2.04060e-02 Reference value :  2.04390e-02 Reference value :  2.04720e-02 Reference value :  2.05050e-02 Reference value :  2.05370e-02 Reference value :  2.05700e-02 Reference value :  2.06030e-02 Reference value :  2.06360e-02 Reference value :  2.06691e-02 Reference value :  2.07021e-02 Reference value :  2.07351e-02 Reference value :  2.07681e-02 Reference value :  2.08011e-02 Reference value :  2.08341e-02 Reference value :  2.08661e-02 Reference value :  2.08981e-02 Reference value :  2.09311e-02 Reference value :  2.09631e-02 Reference value :  2.09961e-02 Reference value :  2.10281e-02 Reference value :  2.10601e-02 Reference value :  2.10931e-02 Reference value :  2.11261e-02 Reference value :  2.11591e-02 Reference value :  2.11921e-02 Reference value :  2.12241e-02 Reference value :  2.12561e-02 Reference value :  2.12891e-02 Reference value :  2.13191e-02 Reference value :  2.13511e-02 Reference value :  2.13841e-02 Reference value :  2.14161e-02 Reference value :  2.14491e-02 Reference value :  2.14811e-02 Reference value :  2.15141e-02 Reference value :  2.15471e-02 Reference value :  2.15801e-02 Reference value :  2.16131e-02 Reference value :  2.16461e-02 Reference value :  2.16791e-02 Reference value :  2.17121e-02 Reference value :  2.17451e-02 Reference value :  2.17781e-02 Reference value :  2.18111e-02 Reference value :  2.18441e-02 Reference value :  2.18771e-02 Reference value :  2.19101e-02 Reference value :  2.19431e-02 Reference value :  2.19751e-02 Reference value :  2.20071e-02 Reference value :  2.20391e-02 Reference value :  2.20721e-02 Reference value :  2.21051e-02 Reference value :  2.21371e-02 Reference value :  2.21701e-02 Reference value :  2.22031e-02 Reference value :  2.22351e-02 Reference value :  2.22671e-02 Reference value :  2.23011e-02 Reference value :  2.23341e-02 Reference value :  2.23671e-02 Reference value :  2.24001e-02 Reference value :  2.24331e-02 Reference value :  2.24661e-02 Reference value :  2.24991e-02 Reference value :  2.25311e-02 Reference value :  2.25641e-02 Reference value :  2.25951e-02 Reference value :  2.26281e-02 Reference value :  2.26601e-02 Reference value :  2.26921e-02 Reference value :  2.27231e-02 Reference value :  2.27551e-02 Reference value :  2.27871e-02 Reference value :  2.28201e-02 Reference value :  2.28531e-02 Reference value :  2.28861e-02 Reference value :  2.29191e-02 Reference value :  2.29521e-02 Reference value :  2.29851e-02 Reference value :  2.30181e-02 Reference value :  2.30511e-02 Reference value :  2.30841e-02 Reference value :  2.31171e-02 Reference value :  2.31501e-02 Reference value :  2.31831e-02 Reference value :  2.32161e-02 Reference value :  2.32491e-02 Reference value :  2.32811e-02 Reference value :  2.33141e-02 Reference value :  2.33471e-02 Reference value :  2.33801e-02 Reference value :  2.34131e-02 Reference value :  2.34451e-02 Reference value :  2.34781e-02 Reference value :  2.35101e-02 Reference value :  2.35431e-02 Reference value :  2.35761e-02 Reference value :  2.36091e-02 Reference value :  2.36421e-02 Reference value :  2.36751e-02 Reference value :  2.37071e-02 Reference value :  2.37401e-02 Reference value :  2.37731e-02 Reference value :  2.38061e-02 Reference value :  2.38391e-02 Reference value :  2.38721e-02 Reference value :  2.39021e-02 Reference value :  2.39341e-02 Reference value :  2.39671e-02 Reference value :  2.40001e-02 Reference value :  2.40331e-02 Reference value :  2.40661e-02 Reference value :  2.40991e-02 Reference value :  2.41321e-02 Reference value :  2.41651e-02 Reference value :  2.41981e-02 Reference value :  2.42311e-02 Reference value :  2.42641e-02 Reference value :  2.42971e-02 Reference value :  2.43301e-02 Reference value :  2.43631e-02 Reference value :  2.43951e-02 Reference value :  2.44271e-02 Reference value :  2.44601e-02 Reference value :  2.44931e-02 Reference value :  2.45251e-02 Reference value :  2.45581e-02 Reference value :  2.45911e-02 Reference value :  2.46241e-02 Reference value :  2.46571e-02 Reference value :  2.46891e-02 Reference value :  2.47221e-02 Reference value :  2.47541e-02 Reference value :  2.47861e-02 Reference value :  2.48191e-02 Reference value :  2.48521e-02 Reference value :  2.48841e-02 Reference value :  2.49171e-02 Reference value :  2.49501e-02 Reference value :  2.49831e-02 Reference value :  2.50161e-02 Reference value :  2.50481e-02 Reference value :  2.50811e-02 Reference value :  2.51141e-02 Reference value :  2.51451e-02 Reference value :  2.51771e-02 Reference value :  2.52091e-02 Reference value :  2.52421e-02 Reference value :  2.52751e-02 Reference value :  2.53081e-02 Reference value :  2.53401e-02 Reference value :  2.53731e-02 Reference value :  2.54061e-02 Reference value :  2.54391e-02 Reference value :  2.54721e-02 Reference value :  2.55051e-02 Reference value :  2.55371e-02 Reference value :  2.55691e-02 Reference value :  2.56021e-02 Reference value :  2.56351e-02 Reference value :  2.56681e-02 Reference value :  2.57011e-02 Reference value :  2.57341e-02 Reference value :  2.57671e-02 Reference value :  2.57991e-02 Reference value :  2.58311e-02 Reference value :  2.58631e-02 Reference value :  2.58961e-02 Reference value :  2.59291e-02 Reference value :  2.59621e-02 Reference value :  2.59951e-02 Reference value :  2.60281e-02 Reference value :  2.60611e-02 Reference value :  2.60941e-02 Reference value :  2.61271e-02 Reference value :  2.61591e-02 Reference value :  2.61911e-02 Reference value :  2.62241e-02 Reference value :  2.62571e-02 Reference value :  2.62901e-02 Reference value :  2.63221e-02 Reference value :  2.63551e-02 Reference value :  2.63881e-02 Reference value :  2.64191e-02 Reference value :  2.64511e-02 Reference value :  2.64841e-02 Reference value :  2.65161e-02 Reference value :  2.65491e-02 Reference value :  2.65811e-02 Reference value :  2.66131e-02 Reference value :  2.66461e-02 Reference value :  2.66791e-02 Reference value :  2.67121e-02 Reference value :  2.67451e-02 Reference value :  2.67781e-02 Reference value :  2.68111e-02 Reference value :  2.68441e-02 Reference value :  2.68771e-02 Reference value :  2.69101e-02 Reference value :  2.69431e-02 Reference value :  2.69761e-02 Reference value :  2.70091e-02 Reference value :  2.70421e-02 Reference value :  2.70741e-02 Reference value :  2.71061e-02 Reference value :  2.71391e-02 Reference value :  2.71721e-02 Reference value :  2.72041e-02 Reference value :  2.72371e-02 Reference value :  2.72691e-02 Reference value :  2.73021e-02 Reference value :  2.73351e-02 Reference value :  2.73671e-02 Reference value :  2.74001e-02 Reference value :  2.74331e-02 Reference value :  2.74661e-02 Reference value :  2.74991e-02 Reference value :  2.75321e-02 Reference value :  2.75651e-02 Reference value :  2.75971e-02 Reference value :  2.76301e-02 Reference value :  2.76631e-02 Reference value :  2.76961e-02 Reference value :  2.77291e-02 Reference value :  2.77611e-02 Reference value :  2.77941e-02 Reference value :  2.78271e-02 Reference value :  2.78601e-02 Reference value :  2.78921e-02 Reference value :  2.79251e-02 Reference value :  2.79571e-02 Reference value :  2.79901e-02 Reference value :  2.80231e-02 Reference value :  2.80561e-02 Reference value :  2.80891e-02 Reference value :  2.81221e-02 Reference value :  2.81551e-02 Reference value :  2.81881e-02 Reference value :  2.82211e-02 Reference value :  2.82541e-02 Reference value :  2.82871e-02 Reference value :  2.83201e-02 Reference value :  2.83531e-02 Reference value :  2.83861e-02 Reference value :  2.84191e-02 Reference value :  2.84511e-02 Reference value :  2.84841e-02 Reference value :  2.85171e-02 Reference value :  2.85491e-02 Reference value :  2.85821e-02 Reference value :  2.86151e-02 Reference value :  2.86481e-02 Reference value :  2.86811e-02 Reference value :  2.87131e-02 Reference value :  2.87461e-02 Reference value :  2.87791e-02 Reference value :  2.88121e-02 Reference value :  2.88451e-02 Reference value :  2.88781e-02 Reference value :  2.89111e-02 Reference value :  2.89441e-02 Reference value :  2.89771e-02 Reference value :  2.90101e-02 Reference value :  2.90431e-02 Reference value :  2.90761e-02 Reference value :  2.91091e-02 Reference value :  2.91421e-02 Reference value :  2.91751e-02 Reference value :  2.92081e-02 Reference value :  2.92411e-02 Reference value :  2.92741e-02 Reference value :  2.93071e-02 Reference value :  2.93401e-02 Reference value :  2.93731e-02 Reference value :  2.94061e-02 Reference value :  2.94391e-02 Reference value :  2.94721e-02 Reference value :  2.95051e-02 Reference value :  2.95381e-02 Reference value :  2.95711e-02 Reference value :  2.96041e-02 Reference value :  2.96371e-02 Reference value :  2.96691e-02 Reference value :  2.96991e-02 Reference value :  2.97321e-02 Reference value :  2.97641e-02 Reference value :  2.97951e-02 Reference value :  2.98271e-02 Reference value :  2.98601e-02 Reference value :  2.98931e-02 Reference value :  2.99261e-02 Reference value :  2.99591e-02 Reference value :  2.99921e-02 Reference value :  3.00251e-02 Reference value :  3.00581e-02 Reference value :  3.00911e-02 Reference value :  3.01241e-02 Reference value :  3.01571e-02 Reference value :  3.01901e-02 Reference value :  3.02231e-02 Reference value :  3.02561e-02 Reference value :  3.02881e-02 Reference value :  3.03211e-02 Reference value :  3.03541e-02 Reference value :  3.03871e-02 Reference value :  3.04201e-02 Reference value :  3.04531e-02 Reference value :  3.04861e-02 Reference value :  3.05191e-02 Reference value :  3.05521e-02 Reference value :  3.05841e-02 Reference value :  3.06171e-02 Reference value :  3.06501e-02 Reference value :  3.06831e-02 Reference value :  3.07151e-02 Reference value :  3.07481e-02 Reference value :  3.07811e-02 Reference value :  3.08141e-02 Reference value :  3.08471e-02 Reference value :  3.08801e-02 Reference value :  3.09131e-02 Reference value :  3.09461e-02 Reference value :  3.09781e-02 Reference value :  3.10101e-02 Reference value :  3.10431e-02 Reference value :  3.10761e-02 Reference value :  3.11091e-02 Reference value :  3.11421e-02 Reference value :  3.11751e-02 Reference value :  3.12081e-02 Reference value :  3.12411e-02 Reference value :  3.12741e-02 Reference value :  3.13071e-02 Reference value :  3.13401e-02 Reference value :  3.13731e-02 Reference value :  3.14061e-02 Reference value :  3.14391e-02 Reference value :  3.14721e-02 Reference value :  3.15051e-02 Reference value :  3.15381e-02 Reference value :  3.15701e-02 Reference value :  3.16011e-02 Reference value :  3.16341e-02 Reference value :  3.16671e-02 Reference value :  3.17001e-02 Reference value :  3.17331e-02 Reference value :  3.17661e-02 Reference value :  3.17991e-02 Reference value :  3.18321e-02 Reference value :  3.18651e-02 Reference value :  3.18981e-02 Reference value :  3.19301e-02 Reference value :  3.19631e-02 Reference value :  3.19961e-02 Reference value :  3.20291e-02 Reference value :  3.20621e-02 Reference value :  3.20951e-02 Reference value :  3.21271e-02 Reference value :  3.21601e-02 Reference value :  3.21931e-02 Reference value :  3.22251e-02 Reference value :  3.22571e-02 Reference value :  3.22901e-02 Reference value :  3.23231e-02 Reference value :  3.23561e-02 Reference value :  3.23891e-02 Reference value :  3.24221e-02 Reference value :  3.24551e-02 Reference value :  3.24881e-02 Reference value :  3.25211e-02 Reference value :  3.25541e-02 Reference value :  3.25871e-02 Reference value :  3.26201e-02 Reference value :  3.26521e-02 Reference value :  3.26851e-02 Reference value :  3.27181e-02 Reference value :  3.27501e-02 Reference value :  3.27831e-02 Reference value :  3.28161e-02 Reference value :  3.28481e-02 Reference value :  3.28801e-02 Reference value :  3.29131e-02 Reference value :  3.29461e-02 Reference value :  3.29781e-02 Reference value :  3.30111e-02 Reference value :  3.30431e-02 Reference value :  3.30751e-02 Reference value :  3.31071e-02 Reference value :  3.31401e-02 Reference value :  3.31731e-02 Reference value :  3.32061e-02 Reference value :  3.32391e-02 Reference value :  3.32721e-02 Reference value :  3.33051e-02 Reference value :  3.33381e-02 Reference value :  3.33701e-02 Reference value :  3.34031e-02 Reference value :  3.34361e-02 Reference value :  3.34681e-02 Reference value :  3.34991e-02 Reference value :  3.35301e-02 Reference value :  3.35631e-02 Reference value :  3.35951e-02 Reference value :  3.36271e-02 Reference value :  3.36601e-02 Reference value :  3.36931e-02 Reference value :  3.37251e-02 Reference value :  3.37581e-02 Reference value :  3.37911e-02 Reference value :  3.38241e-02 Reference value :  3.38571e-02 Reference value :  3.38901e-02 Reference value :  3.39221e-02 Reference value :  3.39551e-02 Reference value :  3.39881e-02 Reference value :  3.40211e-02 Reference value :  3.40531e-02 Reference value :  3.40861e-02 Reference value :  3.41191e-02 Reference value :  3.41521e-02 Reference value :  3.41851e-02 Reference value :  3.42181e-02 Reference value :  3.42501e-02 Reference value :  3.42831e-02 Reference value :  3.43151e-02 Reference value :  3.43481e-02 Reference value :  3.43801e-02 Reference value :  3.44131e-02 Reference value :  3.44461e-02 Reference value :  3.44791e-02 Reference value :  3.45121e-02 Reference value :  3.45451e-02 Reference value :  3.45781e-02 Reference value :  3.46111e-02 Reference value :  3.46441e-02 Reference value :  3.46771e-02 Reference value :  3.47101e-02 Reference value :  3.47431e-02 Reference value :  3.47751e-02 Reference value :  3.48081e-02 Reference value :  3.48411e-02 Reference value :  3.48741e-02 Reference value :  3.49071e-02 Reference value :  3.49401e-02 Reference value :  3.49731e-02 Reference value :  3.50051e-02 Reference value :  3.50381e-02 Reference value :  3.50711e-02 Reference value :  3.51031e-02 Reference value :  3.51351e-02 Reference value :  3.51681e-02 Reference value :  3.52011e-02 Reference value :  3.52341e-02 Reference value :  3.52671e-02 Reference value :  3.53001e-02 Reference value :  3.53331e-02 Reference value :  3.53651e-02 Reference value :  3.53971e-02 Reference value :  3.54291e-02 Reference value :  3.54601e-02 Reference value :  3.54931e-02 Reference value :  3.55261e-02 Reference value :  3.55591e-02 Reference value :  3.55911e-02 Reference value :  3.56241e-02 Reference value :  3.56571e-02 Reference value :  3.56901e-02 Reference value :  3.57231e-02 Reference value :  3.57561e-02 Reference value :  3.57891e-02 Reference value :  3.58221e-02 Reference value :  3.58551e-02 Reference value :  3.58881e-02 Reference value :  3.59211e-02 Reference value :  3.59531e-02 Reference value :  3.59861e-02 Reference value :  3.60191e-02 Reference value :  3.60521e-02 Reference value :  3.60841e-02 Reference value :  3.61171e-02 Reference value :  3.61501e-02 Reference value :  3.61831e-02 Reference value :  3.62161e-02 Reference value :  3.62491e-02 Reference value :  3.62821e-02 Reference value :  3.63141e-02 Reference value :  3.63471e-02 Reference value :  3.63801e-02 Reference value :  3.64121e-02 Reference value :  3.64441e-02 Reference value :  3.64761e-02 Reference value :  3.65091e-02 Reference value :  3.65421e-02 Reference value :  3.65751e-02 Reference value :  3.66081e-02 Reference value :  3.66411e-02 Reference value :  3.66731e-02 Reference value :  3.67041e-02 Reference value :  3.67361e-02 Reference value :  3.67681e-02 Reference value :  3.68001e-02 Reference value :  3.68321e-02 Reference value :  3.68641e-02 Reference value :  3.68941e-02 Reference value :  3.69241e-02 Reference value :  3.69571e-02 Reference value :  3.69901e-02 Reference value :  3.70231e-02 Reference value :  3.70561e-02 Reference value :  3.70891e-02 Reference value :  3.71221e-02 Reference value :  3.71551e-02 Reference value :  3.71881e-02 Reference value :  3.72211e-02 Reference value :  3.72541e-02 Reference value :  3.72871e-02 Reference value :  3.73191e-02 Reference value :  3.73491e-02 Reference value :  3.73821e-02 Reference value :  3.74151e-02 Reference value :  3.74481e-02 Reference value :  3.74811e-02 Reference value :  3.75131e-02 Reference value :  3.75451e-02 Reference value :  3.75771e-02 Reference value :  3.76091e-02 Reference value :  3.76421e-02 Reference value :  3.76751e-02 Reference value :  3.77081e-02 Reference value :  3.77411e-02 Reference value :  3.77741e-02 Reference value :  3.78061e-02 Reference value :  3.78391e-02 Reference value :  3.78711e-02 Reference value :  3.79041e-02 Reference value :  3.79371e-02 Reference value :  3.79701e-02 Reference value :  3.80031e-02 Reference value :  3.80351e-02 Reference value :  3.80661e-02 Reference value :  3.80961e-02 Reference value :  3.81261e-02 Reference value :  3.81591e-02 Reference value :  3.81921e-02 Reference value :  3.82251e-02 Reference value :  3.82571e-02 Reference value :  3.82901e-02 Reference value :  3.83231e-02 Reference value :  3.83561e-02 Reference value :  3.83881e-02 Reference value :  3.84201e-02 Reference value :  3.84501e-02 Reference value :  3.84821e-02 Reference value :  3.85141e-02 Reference value :  3.85441e-02 Reference value :  3.85761e-02 Reference value :  3.86081e-02 Reference value :  3.86391e-02 Reference value :  3.86681e-02 Reference value :  3.86931e-02 Reference value :  3.87181e-02 Reference value :  3.87431e-02 Reference value :  3.87681e-02 Reference value :  3.87931e-02 Reference value :  3.88191e-02 Reference value :  3.88441e-02 Reference value :  3.88691e-02 Reference value :  3.88971e-02 Reference value :  3.89231e-02 Reference value :  3.89491e-02 Reference value :  3.89761e-02 Reference value :  3.90031e-02 Reference value :  3.90271e-02 Reference value :  3.90531e-02 Reference value :  3.90781e-02 Reference value :  3.91031e-02 Reference value :  3.91281e-02 Reference value :  3.91621e-02 Reference value :  3.91951e-02 Reference value :  3.92281e-02 Reference value :  3.92611e-02 Reference value :  3.92941e-02 Reference value :  3.93271e-02 Reference value :  3.93601e-02 Reference value :  3.93921e-02 Reference value :  3.94251e-02 Reference value :  3.94581e-02 Reference value :  3.94911e-02 Reference value :  3.95241e-02 Reference value :  3.95561e-02 Reference value :  3.95881e-02 Reference value :  3.96211e-02 Reference value :  3.96531e-02 Reference value :  3.96861e-02 Reference value :  3.97191e-02 Reference value :  3.97521e-02 Reference value :  3.97851e-02 Reference value :  3.98171e-02 Reference value :  3.98491e-02 Reference value :  3.98811e-02 Reference value :  3.99141e-02 Reference value :  3.99471e-02 Reference value :  3.99791e-02 Reference value :  4.00111e-02 Reference value :  4.00441e-02 Reference value :  4.00771e-02 Reference value :  4.01101e-02 Reference value :  4.01431e-02 Reference value :  4.01761e-02 Reference value :  4.02091e-02 Reference value :  4.02411e-02 Reference value :  4.02741e-02 Reference value :  4.03071e-02 Reference value :  4.03391e-02 Reference value :  4.03721e-02 Reference value :  4.04051e-02 Reference value :  4.04371e-02 Reference value :  4.04681e-02 Reference value :  4.05011e-02 Reference value :  4.05341e-02 Reference value :  4.05671e-02 Reference value :  4.06001e-02 Reference value :  4.06331e-02 Reference value :  4.06651e-02 Reference value :  4.06971e-02 Reference value :  4.07291e-02 Reference value :  4.07621e-02 Reference value :  4.07941e-02 Reference value :  4.08261e-02 Reference value :  4.08581e-02 Reference value :  4.08901e-02 Reference value :  4.09221e-02 Reference value :  4.09551e-02 Reference value :  4.09871e-02 Reference value :  4.10191e-02 Reference value :  4.10521e-02 Reference value :  4.10851e-02 Reference value :  4.11171e-02 Reference value :  4.11491e-02 Reference value :  4.11821e-02 Reference value :  4.12151e-02 Reference value :  4.12481e-02 Reference value :  4.12811e-02 Reference value :  4.13141e-02 Reference value :  4.13471e-02 Reference value :  4.13801e-02 Reference value :  4.14131e-02 Reference value :  4.14461e-02 Reference value :  4.14781e-02 Reference value :  4.15111e-02 Reference value :  4.15441e-02 Reference value :  4.15771e-02 Reference value :  4.16091e-02 Reference value :  4.16421e-02 Reference value :  4.16751e-02 Reference value :  4.17081e-02 Reference value :  4.17401e-02 Reference value :  4.17731e-02 Reference value :  4.18061e-02 Reference value :  4.18391e-02 Reference value :  4.18711e-02 Reference value :  4.19041e-02 Reference value :  4.19371e-02 Reference value :  4.19701e-02 Reference value :  4.20031e-02 Reference value :  4.20351e-02 Reference value :  4.20681e-02 Reference value :  4.21011e-02 Reference value :  4.21341e-02 Reference value :  4.21671e-02 Reference value :  4.22001e-02 Reference value :  4.22331e-02 Reference value :  4.22661e-02 Reference value :  4.22991e-02 Reference value :  4.23321e-02 Reference value :  4.23651e-02 Reference value :  4.23971e-02 Reference value :  4.24291e-02 Reference value :  4.24621e-02 Reference value :  4.24951e-02 Reference value :  4.25281e-02 Reference value :  4.25601e-02 Reference value :  4.25931e-02 Reference value :  4.26261e-02 Reference value :  4.26591e-02 Reference value :  4.26921e-02 Reference value :  4.27251e-02 Reference value :  4.27581e-02 Reference value :  4.27911e-02 Reference value :  4.28241e-02 Reference value :  4.28571e-02 Reference value :  4.28901e-02 Reference value :  4.29211e-02 Reference value :  4.29531e-02 Reference value :  4.29861e-02 Reference value :  4.30181e-02 Reference value :  4.30511e-02 Reference value :  4.30831e-02 Reference value :  4.31161e-02 Reference value :  4.31491e-02 Reference value :  4.31821e-02 Reference value :  4.32151e-02 Reference value :  4.32481e-02 Reference value :  4.32811e-02 Reference value :  4.33141e-02 Reference value :  4.33471e-02 Reference value :  4.33801e-02 Reference value :  4.34131e-02 Reference value :  4.34461e-02 Reference value :  4.34781e-02 Reference value :  4.35111e-02 Reference value :  4.35441e-02 Reference value :  4.35771e-02 Reference value :  4.36101e-02 Reference value :  4.36441e-02 Reference value :  4.36771e-02 Reference value :  4.37101e-02 Reference value :  4.37431e-02 Reference value :  4.37771e-02 Reference value :  4.38101e-02 Reference value :  4.38431e-02 Reference value :  4.38771e-02 Reference value :  4.39111e-02 Reference value :  4.39461e-02 Reference value :  4.39801e-02 Reference value :  4.40141e-02 Reference value :  4.40481e-02 Reference value :  4.40821e-02 Reference value :  4.41161e-02 Reference value :  4.41511e-02 Reference value :  4.41851e-02 Reference value :  4.42201e-02 Reference value :  4.42541e-02 Reference value :  4.42891e-02 Reference value :  4.43241e-02 Reference value :  4.43591e-02 Reference value :  4.43931e-02 Reference value :  4.44281e-02 Reference value :  4.44631e-02 Reference value :  4.44971e-02 Reference value :  4.45321e-02 Reference value :  4.45671e-02 Reference value :  4.46011e-02 Reference value :  4.46361e-02 Reference value :  4.46711e-02 Reference value :  4.47061e-02 Reference value :  4.47411e-02 Reference value :  4.47751e-02 Reference value :  4.48091e-02 Reference value :  4.48441e-02 Reference value :  4.48781e-02 Reference value :  4.49121e-02 Reference value :  4.49471e-02 Reference value :  4.49811e-02 Reference value :  4.50151e-02 Reference value :  4.50491e-02 Reference value :  4.50831e-02 Reference value :  4.51171e-02 Reference value :  4.51511e-02 Reference value :  4.51861e-02 Reference value :  4.52211e-02 Reference value :  4.52561e-02 Reference value :  4.52911e-02 Reference value :  4.53251e-02 Reference value :  4.53591e-02 Reference value :  4.53941e-02 Reference value :  4.54281e-02 Reference value :  4.54621e-02 Reference value :  4.54961e-02 Reference value :  4.55301e-02 Reference value :  4.55621e-02 Reference value :  4.55961e-02 Reference value :  4.56301e-02 Reference value :  4.56641e-02 Reference value :  4.56971e-02 Reference value :  4.57311e-02 Reference value :  4.57661e-02 Reference value :  4.57991e-02 Reference value :  4.58331e-02 Reference value :  4.58661e-02 Reference value :  4.59001e-02 Reference value :  4.59341e-02 Reference value :  4.59681e-02 Reference value :  4.60021e-02 Reference value :  4.60361e-02 Reference value :  4.60691e-02 Reference value :  4.61021e-02 Reference value :  4.61351e-02 Reference value :  4.61681e-02 Reference value :  4.62021e-02 Reference value :  4.62351e-02 Reference value :  4.62681e-02 Reference value :  4.63021e-02 Reference value :  4.63351e-02 Reference value :  4.63681e-02 Reference value :  4.64011e-02 Reference value :  4.64341e-02 Reference value :  4.64681e-02 Reference value :  4.65001e-02 Reference value :  4.65331e-02 Reference value :  4.65661e-02 Reference value :  4.65981e-02 Reference value :  4.66311e-02 Reference value :  4.66641e-02 Reference value :  4.66971e-02 Reference value :  4.67291e-02 Reference value :  4.67621e-02 Reference value :  4.67941e-02 Reference value :  4.68271e-02 Reference value :  4.68571e-02 Reference value :  4.68881e-02 Reference value :  4.69211e-02 Reference value :  4.69541e-02 Reference value :  4.69871e-02 Reference value :  4.70201e-02 Reference value :  4.70531e-02 Reference value :  4.70861e-02 Reference value :  4.71181e-02 Reference value :  4.71511e-02 Reference value :  4.71831e-02 Reference value :  4.72161e-02 Reference value :  4.72481e-02 Reference value :  4.72811e-02 Reference value :  4.73141e-02 Reference value :  4.73471e-02 Reference value :  4.73801e-02 Reference value :  4.74121e-02 Reference value :  4.74441e-02 Reference value :  4.74761e-02 Reference value :  4.75091e-02 Reference value :  4.75421e-02 Reference value :  4.75751e-02 Reference value :  4.76081e-02 Reference value :  4.76411e-02 Reference value :  4.76741e-02 Reference value :  4.77071e-02 Reference value :  4.77401e-02 Reference value :  4.77731e-02 Reference value :  4.78061e-02 Reference value :  4.78391e-02 Reference value :  4.78721e-02 Reference value :  4.79051e-02 Reference value :  4.79381e-02 Reference value :  4.79711e-02 Reference value :  4.80041e-02 Reference value :  4.80371e-02 Reference value :  4.80701e-02 Reference value :  4.81031e-02 Reference value :  4.81361e-02 Reference value :  4.81691e-02 Reference value :  4.82011e-02 Reference value :  4.82341e-02 Reference value :  4.82671e-02 Reference value :  4.83001e-02 Reference value :  4.83331e-02 Reference value :  4.83671e-02 Reference value :  4.84001e-02 Reference value :  4.84331e-02 Reference value :  4.84661e-02 Reference value :  4.84991e-02 Reference value :  4.85321e-02 Reference value :  4.85651e-02 Reference value :  4.85981e-02 Reference value :  4.86311e-02 Reference value :  4.86641e-02 Reference value :  4.86961e-02 Reference value :  4.87301e-02 Reference value :  4.87631e-02 Reference value :  4.87961e-02 Reference value :  4.88281e-02 Reference value :  4.88621e-02 Reference value :  4.88951e-02 Reference value :  4.89281e-02 Reference value :  4.89611e-02 Reference value :  4.89941e-02 Reference value :  4.90271e-02 Reference value :  4.90601e-02 Reference value :  4.90931e-02 Reference value :  4.91261e-02 Reference value :  4.91591e-02 Reference value :  4.91921e-02 Reference value :  4.92251e-02 Reference value :  4.92591e-02 Reference value :  4.92931e-02 Reference value :  4.93271e-02 Reference value :  4.93611e-02 Reference value :  4.93951e-02 Reference value :  4.94281e-02 Reference value :  4.94631e-02 Reference value :  4.94971e-02 Reference value :  4.95321e-02 Reference value :  4.95661e-02 Reference value :  4.96001e-02 Reference value :  4.96351e-02 Reference value :  4.96701e-02 Reference value :  4.97041e-02 Reference value :  4.97381e-02 Reference value :  4.97721e-02 Reference value :  4.98061e-02 Reference value :  4.98401e-02 Reference value :  4.98741e-02 Reference value :  4.99091e-02 Reference value :  4.99431e-02 Reference value :  4.99781e-02 Reference value :  5.00111e-02 Reference value :  5.00461e-02 Reference value :  5.00801e-02 Reference value :  5.01141e-02 Reference value :  5.01481e-02 Reference value :  5.01831e-02 Reference value :  5.02171e-02 Reference value :  5.02511e-02 Reference value :  5.02851e-02 Reference value :  5.03191e-02 Reference value :  5.03531e-02 Reference value :  5.03871e-02 Reference value :  5.04201e-02 Reference value :  5.04541e-02 Reference value :  5.04881e-02 Reference value :  5.05221e-02 Reference value :  5.05561e-02 Reference value :  5.05901e-02 Reference value :  5.06241e-02 Reference value :  5.06581e-02 Reference value :  5.06921e-02 Reference value :  5.07261e-02 Reference value :  5.07601e-02 Reference value :  5.07921e-02 Reference value :  5.08261e-02 Reference value :  5.08601e-02 Reference value :  5.08941e-02 Reference value :  5.09281e-02 Reference value :  5.09621e-02 Reference value :  5.09961e-02 Reference value :  5.10301e-02 Reference value :  5.10641e-02 Reference value :  5.10981e-02 Reference value :  5.11321e-02 Reference value :  5.11651e-02 Reference value :  5.11991e-02 Reference value :  5.12311e-02 Reference value :  5.12641e-02 Reference value :  5.12961e-02 Reference value :  5.13291e-02 Reference value :  5.13631e-02 Reference value :  5.13961e-02 Reference value :  5.14291e-02 Reference value :  5.14621e-02 Reference value :  5.14951e-02 Reference value :  5.15291e-02 Reference value :  5.15621e-02 Reference value :  5.15951e-02 Reference value :  5.16291e-02 Reference value :  5.16621e-02 Reference value :  5.16951e-02 Reference value :  5.17291e-02 Reference value :  5.17621e-02 Reference value :  5.17951e-02 Reference value :  5.18281e-02 Reference value :  5.18611e-02 Reference value :  5.18951e-02 Reference value :  5.19281e-02 Reference value :  5.19611e-02 Reference value :  5.19941e-02 Reference value :  5.20271e-02 Reference value :  5.20601e-02 Reference value :  5.20931e-02 Reference value :  5.21261e-02 Reference value :  5.21591e-02 Reference value :  5.21921e-02 Reference value :  5.22251e-02 Reference value :  5.22571e-02 Reference value :  5.22901e-02 Reference value :  5.23231e-02 Reference value :  5.23551e-02 Reference value :  5.23871e-02 Reference value :  5.24191e-02 Reference value :  5.24511e-02 Reference value :  5.24841e-02 Reference value :  5.25161e-02 Reference value :  5.25491e-02 Reference value :  5.25811e-02 Reference value :  5.26141e-02 Reference value :  5.26471e-02 Reference value :  5.26801e-02 Reference value :  5.27121e-02 Reference value :  5.27451e-02 Reference value :  5.27781e-02 Reference value :  5.28111e-02 Reference value :  5.28421e-02 Reference value :  5.28751e-02 Reference value :  5.29081e-02 Reference value :  5.29411e-02 Reference value :  5.29741e-02 Reference value :  5.30071e-02 Reference value :  5.30401e-02 Reference value :  5.30731e-02 Reference value :  5.31061e-02 Reference value :  5.31391e-02 Reference value :  5.31721e-02 Reference value :  5.32051e-02 Reference value :  5.32371e-02 Reference value :  5.32701e-02 Reference value :  5.33031e-02 Reference value :  5.33361e-02 Reference value :  5.33691e-02 Reference value :  5.34021e-02 Reference value :  5.34351e-02 Reference value :  5.34681e-02 Reference value :  5.35001e-02 Reference value :  5.35331e-02 Reference value :  5.35651e-02 Reference value :  5.35981e-02 Reference value :  5.36301e-02 Reference value :  5.36631e-02 Reference value :  5.36961e-02 Reference value :  5.37291e-02 Reference value :  5.37621e-02 Reference value :  5.37931e-02 Reference value :  5.38251e-02 Reference value :  5.38571e-02 Reference value :  5.38871e-02 Reference value :  5.39191e-02 Reference value :  5.39511e-02 Reference value :  5.39831e-02 Reference value :  5.40161e-02 Reference value :  5.40491e-02 Reference value :  5.40821e-02 Reference value :  5.41141e-02 Reference value :  5.41471e-02 Reference value :  5.41801e-02 Reference value :  5.42131e-02 Reference value :  5.42461e-02 Reference value :  5.42791e-02 Reference value :  5.43121e-02 Reference value :  5.43451e-02 Reference value :  5.43781e-02 Reference value :  5.44111e-02 Reference value :  5.44441e-02 Reference value :  5.44781e-02 Reference value :  5.45111e-02 Reference value :  5.45441e-02 Reference value :  5.45771e-02 Reference value :  5.46101e-02 Reference value :  5.46431e-02 Reference value :  5.46761e-02 Reference value :  5.47091e-02 Reference value :  5.47421e-02 Reference value :  5.47751e-02 Reference value :  5.48081e-02 Reference value :  5.48401e-02 Reference value :  5.48731e-02 Reference value :  5.49061e-02 Reference value :  5.49391e-02 Reference value :  5.49721e-02 Reference value :  5.50051e-02 Reference value :  5.50381e-02 Reference value :  5.50711e-02 Reference value :  5.51041e-02 Reference value :  5.51371e-02 Reference value :  5.51701e-02 Reference value :  5.52031e-02 Reference value :  5.52361e-02 Reference value :  5.52691e-02 Reference value :  5.53021e-02 Reference value :  5.53351e-02 Reference value :  5.53681e-02 Reference value :  5.54011e-02 Reference value :  5.54341e-02 Reference value :  5.54661e-02 Reference value :  5.55001e-02 Reference value :  5.55331e-02 Reference value :  5.55661e-02 Reference value :  5.55991e-02 Reference value :  5.56321e-02 Reference value :  5.56651e-02 Reference value :  5.56991e-02 Reference value :  5.57321e-02 Reference value :  5.57651e-02 Reference value :  5.57981e-02 Reference value :  5.58311e-02 Reference value :  5.58641e-02 Reference value :  5.58971e-02 Reference value :  5.59291e-02 Reference value :  5.59621e-02 Reference value :  5.59951e-02 Reference value :  5.60281e-02 Reference value :  5.60591e-02 Reference value :  5.60911e-02 Reference value :  5.61231e-02 Reference value :  5.61561e-02 Reference value :  5.61881e-02 Reference value :  5.62191e-02 Reference value :  5.62511e-02 Reference value :  5.62811e-02 Reference value :  5.63131e-02 Reference value :  5.63451e-02 Reference value :  5.63761e-02 Reference value :  5.64071e-02 Reference value :  5.64401e-02 Reference value :  5.64731e-02 Reference value :  5.65061e-02 Reference value :  5.65391e-02 Reference value :  5.65721e-02 Reference value :  5.66051e-02 Reference value :  5.66371e-02 Reference value :  5.66701e-02 Reference value :  5.67021e-02 Reference value :  5.67351e-02 Reference value :  5.67681e-02 Reference value :  5.68001e-02 Reference value :  5.68321e-02 Reference value :  5.68641e-02 Reference value :  5.68971e-02 Reference value :  5.69291e-02 Reference value :  5.69621e-02 Reference value :  5.69941e-02 Reference value :  5.70261e-02 Reference value :  5.70591e-02 Reference value :  5.70901e-02 Reference value :  5.71201e-02 Reference value :  5.71531e-02 Reference value :  5.71861e-02 Reference value :  5.72191e-02 Reference value :  5.72521e-02 Reference value :  5.72851e-02 Reference value :  5.73181e-02 Reference value :  5.73511e-02 Reference value :  5.73831e-02 Reference value :  5.74131e-02 Reference value :  5.74451e-02 Reference value :  5.74781e-02 Reference value :  5.75111e-02 Reference value :  5.75441e-02 Reference value :  5.75771e-02 Reference value :  5.76101e-02 Reference value :  5.76431e-02 Reference value :  5.76761e-02 Reference value :  5.77091e-02 Reference value :  5.77421e-02 Reference value :  5.77751e-02 Reference value :  5.78081e-02 Reference value :  5.78401e-02 Reference value :  5.78731e-02 Reference value :  5.79061e-02 Reference value :  5.79391e-02 Reference value :  5.79721e-02 Reference value :  5.80051e-02 Reference value :  5.80381e-02 Reference value :  5.80711e-02 Reference value :  5.81041e-02 Reference value :  5.81371e-02 Reference value :  5.81701e-02 Reference value :  5.82031e-02 Reference value :  5.82371e-02 Reference value :  5.82691e-02 Reference value :  5.83031e-02 Reference value :  5.83371e-02 Reference value :  5.83691e-02 Reference value :  5.84021e-02 Reference value :  5.84361e-02 Reference value :  5.84691e-02 Reference value :  5.85021e-02 Reference value :  5.85351e-02 Reference value :  5.85681e-02 Reference value :  5.86021e-02 Reference value :  5.86351e-02 Reference value :  5.86671e-02 Reference value :  5.87001e-02 Reference value :  5.87331e-02 Reference value :  5.87661e-02 Reference value :  5.87991e-02 Reference value :  5.88321e-02 Reference value :  5.88651e-02 Reference value :  5.88981e-02 Reference value :  5.89311e-02 Reference value :  5.89641e-02 Reference value :  5.89971e-02 Reference value :  5.90301e-02 Reference value :  5.90631e-02 Reference value :  5.90961e-02 Reference value :  5.91281e-02 Reference value :  5.91601e-02 Reference value :  5.91921e-02 Reference value :  5.92251e-02 Reference value :  5.92581e-02 Reference value :  5.92901e-02 Reference value :  5.93211e-02 Reference value :  5.93531e-02 Reference value :  5.93851e-02 Reference value :  5.94181e-02 Reference value :  5.94511e-02 Reference value :  5.94841e-02 Reference value :  5.95171e-02 Reference value :  5.95501e-02 Reference value :  5.95831e-02 Reference value :  5.96151e-02 Reference value :  5.96481e-02 Reference value :  5.96811e-02 Reference value :  5.97131e-02 Reference value :  5.97451e-02 Reference value :  5.97781e-02 Reference value :  5.98101e-02 Reference value :  5.98431e-02 Reference value :  5.98761e-02 Reference value :  5.99091e-02 Reference value :  5.99411e-02 Reference value :  5.99741e-02 Reference value :  6.00061e-02 Reference value :  6.00391e-02 Reference value :  6.00721e-02
No. of Data Rows : 60116
SYS_END
ngspice-46 done
