[2026-09-23 06:33:00,876] [INFO]    LVSDB input file passed, bypassing LVS
[2026-09-23 06:33:00,906] [INFO]    (19, 0) -> (via1_drw)
[2026-09-23 06:33:00,908] [INFO]    (29, 0) -> (via2_drw)
[2026-09-23 06:33:00,910] [INFO]    (49, 0) -> (via3_drw)
[2026-09-23 06:33:00,911] [INFO]    (66, 0) -> (via4_drw)
[2026-09-23 06:33:00,913] [INFO]    (46, 0) -> (pwell pwell_sub)
[2026-09-23 06:33:00,915] [INFO]    (8, 0) -> (metal1_con)
[2026-09-23 06:33:00,916] [INFO]    (10, 0) -> (metal2_con)
[2026-09-23 06:33:00,918] [INFO]    (30, 0) -> (metal3_con)
[2026-09-23 06:33:00,919] [INFO]    (50, 0) -> (metal4_con)
[2026-09-23 06:33:00,921] [INFO]    (126, 0) -> (topmetal1_con)
[2026-09-23 06:33:00,922] [INFO]    (134, 0) -> (topmetal2_con)
[2026-09-23 06:33:00,924] [INFO]    (67, 0) -> (metal5_n_cap)
[2026-09-23 06:33:07,950] [SUBPROCESS]    Device;Net1;Net2;Capacitance [fF];Resistance [Ω]
[2026-09-23 06:33:07,952] [SUBPROCESS]    C1;CTX_L10_0,CTX_L10_1,CTX_L10_2,CTX_L30_0,CTX_L30_2,CTX_L50_13,CTX_L8_4;CTX_L10_10,CTX_L10_22,CTX_L10_36,CTX_L30_11,CTX_L30_6,CTX_L8_12,CTX_L8_19,CTX_L8_28,CTX_L8_35;0.081;
[2026-09-23 06:33:07,953] [SUBPROCESS]    C2;CTX_L10_0,CTX_L10_1,CTX_L10_2,CTX_L30_0,CTX_L30_2,CTX_L50_13,CTX_L8_4;CTX_L10_11,CTX_L10_16,CTX_L10_17,CTX_L10_7,CTX_L30_12,CTX_L30_3,CTX_L8_13,CTX_L8_22,CTX_L8_23,CTX_L8_29,CTX_L8_7;0.176;
[2026-09-23 06:33:07,955] [SUBPROCESS]    C3;CTX_L10_0,CTX_L10_1,CTX_L10_2,CTX_L30_0,CTX_L30_2,CTX_L50_13,CTX_L8_4;CTX_L10_12,CTX_L10_15,CTX_L30_8,CTX_L8_14,CTX_L8_21,CTX_L8_30;0.006;
[2026-09-23 06:33:07,956] [SUBPROCESS]    C4;CTX_L10_0,CTX_L10_1,CTX_L10_2,CTX_L30_0,CTX_L30_2,CTX_L50_13,CTX_L8_4;CTX_L10_13,CTX_L10_20,CTX_L10_21,CTX_L10_9,CTX_L30_13,CTX_L30_5,CTX_L8_11,CTX_L8_17,CTX_L8_26,CTX_L8_27,CTX_L8_31;0.176;
[2026-09-23 06:33:07,957] [SUBPROCESS]    C5;CTX_L10_0,CTX_L10_1,CTX_L10_2,CTX_L30_0,CTX_L30_2,CTX_L50_13,CTX_L8_4;CTX_L10_14,CTX_L10_19,CTX_L30_10,CTX_L8_18,CTX_L8_25,CTX_L8_32;0.006;
[2026-09-23 06:33:07,958] [SUBPROCESS]    C6;CTX_L10_0,CTX_L10_1,CTX_L10_2,CTX_L30_0,CTX_L30_2,CTX_L50_13,CTX_L8_4;CTX_L10_18,CTX_L10_34,CTX_L10_8,CTX_L30_4,CTX_L30_9,CTX_L8_15,CTX_L8_24,CTX_L8_33,CTX_L8_8;0.081;
[2026-09-23 06:33:07,959] [SUBPROCESS]    C7;CTX_L10_0,CTX_L10_1,CTX_L10_2,CTX_L30_0,CTX_L30_2,CTX_L50_13,CTX_L8_4;CTX_L10_23,CTX_L10_24,CTX_L10_25,CTX_L10_26,CTX_L10_27,CTX_L10_28,CTX_L10_29,CTX_L10_30,CTX_L30_14,CTX_L8_37;0.045;
[2026-09-23 06:33:07,961] [SUBPROCESS]    C8;CTX_L10_0,CTX_L10_1,CTX_L10_2,CTX_L30_0,CTX_L30_2,CTX_L50_13,CTX_L8_4;CTX_L10_3,CTX_L8_0,CTX_L8_5;0.137;
[2026-09-23 06:33:07,962] [SUBPROCESS]    C9;CTX_L10_0,CTX_L10_1,CTX_L10_2,CTX_L30_0,CTX_L30_2,CTX_L50_13,CTX_L8_4;CTX_L10_33;0.222;
[2026-09-23 06:33:07,963] [SUBPROCESS]    C10;CTX_L10_0,CTX_L10_1,CTX_L10_2,CTX_L30_0,CTX_L30_2,CTX_L50_13,CTX_L8_4;CTX_L10_35,CTX_L8_16,CTX_L8_34;0.004;
[2026-09-23 06:33:07,964] [SUBPROCESS]    C11;CTX_L10_0,CTX_L10_1,CTX_L10_2,CTX_L30_0,CTX_L30_2,CTX_L50_13,CTX_L8_4;CTX_L10_37,CTX_L8_20,CTX_L8_36;0.004;
[2026-09-23 06:33:07,965] [SUBPROCESS]    C12;CTX_L10_0,CTX_L10_1,CTX_L10_2,CTX_L30_0,CTX_L30_2,CTX_L50_13,CTX_L8_4;CTX_L10_4,CTX_L8_2,CTX_L8_6;0.593;
[2026-09-23 06:33:07,967] [SUBPROCESS]    C13;CTX_L10_0,CTX_L10_1,CTX_L10_2,CTX_L30_0,CTX_L30_2,CTX_L50_13,CTX_L8_4;CTX_L10_5,CTX_L8_1,CTX_L8_9;0.145;
[2026-09-23 06:33:07,968] [SUBPROCESS]    C14;CTX_L10_0,CTX_L10_1,CTX_L10_2,CTX_L30_0,CTX_L30_2,CTX_L50_13,CTX_L8_4;CTX_L10_6,CTX_L8_10,CTX_L8_3;0.604;
[2026-09-23 06:33:07,969] [SUBPROCESS]    C15;CTX_L10_0,CTX_L10_1,CTX_L10_2,CTX_L30_0,CTX_L30_2,CTX_L50_13,CTX_L8_4;CTX_L126_1;0.563;
[2026-09-23 06:33:07,970] [SUBPROCESS]    C16;CTX_L10_0,CTX_L10_1,CTX_L10_2,CTX_L30_0,CTX_L30_2,CTX_L50_13,CTX_L8_4;CTX_L8_39;2.427;
[2026-09-23 06:33:07,971] [SUBPROCESS]    C17;CTX_L10_0,CTX_L10_1,CTX_L10_2,CTX_L30_0,CTX_L30_2,CTX_L50_13,CTX_L8_4;FILL_L10_10;0.014;
[2026-09-23 06:33:07,972] [SUBPROCESS]    C18;CTX_L10_0,CTX_L10_1,CTX_L10_2,CTX_L30_0,CTX_L30_2,CTX_L50_13,CTX_L8_4;FILL_L10_11;0.025;
[2026-09-23 06:33:07,973] [SUBPROCESS]    C19;CTX_L10_0,CTX_L10_1,CTX_L10_2,CTX_L30_0,CTX_L30_2,CTX_L50_13,CTX_L8_4;FILL_L10_18;0.002;
[2026-09-23 06:33:07,974] [SUBPROCESS]    C20;CTX_L10_0,CTX_L10_1,CTX_L10_2,CTX_L30_0,CTX_L30_2,CTX_L50_13,CTX_L8_4;FILL_L10_19;0.212;
[2026-09-23 06:33:07,975] [SUBPROCESS]    C21;CTX_L10_0,CTX_L10_1,CTX_L10_2,CTX_L30_0,CTX_L30_2,CTX_L50_13,CTX_L8_4;FILL_L10_2;0.008;
[2026-09-23 06:33:07,976] [SUBPROCESS]    C22;CTX_L10_0,CTX_L10_1,CTX_L10_2,CTX_L30_0,CTX_L30_2,CTX_L50_13,CTX_L8_4;FILL_L10_22;0.0;
[2026-09-23 06:33:07,977] [SUBPROCESS]    C23;CTX_L10_0,CTX_L10_1,CTX_L10_2,CTX_L30_0,CTX_L30_2,CTX_L50_13,CTX_L8_4;FILL_L10_28;0.001;
[2026-09-23 06:33:07,978] [SUBPROCESS]    C24;CTX_L10_0,CTX_L10_1,CTX_L10_2,CTX_L30_0,CTX_L30_2,CTX_L50_13,CTX_L8_4;FILL_L10_29;0.102;
[2026-09-23 06:33:07,979] [SUBPROCESS]    C25;CTX_L10_0,CTX_L10_1,CTX_L10_2,CTX_L30_0,CTX_L30_2,CTX_L50_13,CTX_L8_4;FILL_L10_3;0.003;
[2026-09-23 06:33:07,981] [SUBPROCESS]    C26;CTX_L10_0,CTX_L10_1,CTX_L10_2,CTX_L30_0,CTX_L30_2,CTX_L50_13,CTX_L8_4;FILL_L10_32;0.001;
[2026-09-23 06:33:07,982] [SUBPROCESS]    C27;CTX_L10_0,CTX_L10_1,CTX_L10_2,CTX_L30_0,CTX_L30_2,CTX_L50_13,CTX_L8_4;FILL_L10_33;0.002;
[2026-09-23 06:33:07,983] [SUBPROCESS]    C28;CTX_L10_0,CTX_L10_1,CTX_L10_2,CTX_L30_0,CTX_L30_2,CTX_L50_13,CTX_L8_4;FILL_L10_39;0.001;
[2026-09-23 06:33:07,984] [SUBPROCESS]    C29;CTX_L10_0,CTX_L10_1,CTX_L10_2,CTX_L30_0,CTX_L30_2,CTX_L50_13,CTX_L8_4;FILL_L10_4;0.018;
[2026-09-23 06:33:07,985] [SUBPROCESS]    C30;CTX_L10_0,CTX_L10_1,CTX_L10_2,CTX_L30_0,CTX_L30_2,CTX_L50_13,CTX_L8_4;FILL_L10_41;0.066;
[2026-09-23 06:33:07,986] [SUBPROCESS]    C31;CTX_L10_0,CTX_L10_1,CTX_L10_2,CTX_L30_0,CTX_L30_2,CTX_L50_13,CTX_L8_4;FILL_L10_48;0.0;
[2026-09-23 06:33:07,987] [SUBPROCESS]    C32;CTX_L10_0,CTX_L10_1,CTX_L10_2,CTX_L30_0,CTX_L30_2,CTX_L50_13,CTX_L8_4;FILL_L10_5;0.038;
[2026-09-23 06:33:07,988] [SUBPROCESS]    C33;CTX_L10_0,CTX_L10_1,CTX_L10_2,CTX_L30_0,CTX_L30_2,CTX_L50_13,CTX_L8_4;FILL_L126_1;0.283;
[2026-09-23 06:33:07,989] [SUBPROCESS]    C34;CTX_L10_0,CTX_L10_1,CTX_L10_2,CTX_L30_0,CTX_L30_2,CTX_L50_13,CTX_L8_4;FILL_L126_2;0.21;
[2026-09-23 06:33:07,990] [SUBPROCESS]    C35;CTX_L10_0,CTX_L10_1,CTX_L10_2,CTX_L30_0,CTX_L30_2,CTX_L50_13,CTX_L8_4;FILL_L126_3;0.037;
[2026-09-23 06:33:07,992] [SUBPROCESS]    C36;CTX_L10_0,CTX_L10_1,CTX_L10_2,CTX_L30_0,CTX_L30_2,CTX_L50_13,CTX_L8_4;FILL_L134_3;0.075;
[2026-09-23 06:33:07,993] [SUBPROCESS]    C37;CTX_L10_0,CTX_L10_1,CTX_L10_2,CTX_L30_0,CTX_L30_2,CTX_L50_13,CTX_L8_4;FILL_L134_4;0.071;
[2026-09-23 06:33:07,994] [SUBPROCESS]    C38;CTX_L10_0,CTX_L10_1,CTX_L10_2,CTX_L30_0,CTX_L30_2,CTX_L50_13,CTX_L8_4;FILL_L134_5;0.036;
[2026-09-23 06:33:07,995] [SUBPROCESS]    C39;CTX_L10_0,CTX_L10_1,CTX_L10_2,CTX_L30_0,CTX_L30_2,CTX_L50_13,CTX_L8_4;FILL_L134_6;0.018;
[2026-09-23 06:33:07,996] [SUBPROCESS]    C40;CTX_L10_0,CTX_L10_1,CTX_L10_2,CTX_L30_0,CTX_L30_2,CTX_L50_13,CTX_L8_4;FILL_L30_0;0.0;
[2026-09-23 06:33:07,998] [SUBPROCESS]    C41;CTX_L10_0,CTX_L10_1,CTX_L10_2,CTX_L30_0,CTX_L30_2,CTX_L50_13,CTX_L8_4;FILL_L30_1;0.021;
[2026-09-23 06:33:07,999] [SUBPROCESS]    C42;CTX_L10_0,CTX_L10_1,CTX_L10_2,CTX_L30_0,CTX_L30_2,CTX_L50_13,CTX_L8_4;FILL_L30_11;0.014;
[2026-09-23 06:33:08,000] [SUBPROCESS]    C43;CTX_L10_0,CTX_L10_1,CTX_L10_2,CTX_L30_0,CTX_L30_2,CTX_L50_13,CTX_L8_4;FILL_L30_14;0.093;
[2026-09-23 06:33:08,001] [SUBPROCESS]    C44;CTX_L10_0,CTX_L10_1,CTX_L10_2,CTX_L30_0,CTX_L30_2,CTX_L50_13,CTX_L8_4;FILL_L30_15;0.077;
[2026-09-23 06:33:08,002] [SUBPROCESS]    C45;CTX_L10_0,CTX_L10_1,CTX_L10_2,CTX_L30_0,CTX_L30_2,CTX_L50_13,CTX_L8_4;FILL_L30_16;0.004;
[2026-09-23 06:33:08,003] [SUBPROCESS]    C46;CTX_L10_0,CTX_L10_1,CTX_L10_2,CTX_L30_0,CTX_L30_2,CTX_L50_13,CTX_L8_4;FILL_L30_2;0.017;
[2026-09-23 06:33:08,005] [SUBPROCESS]    C47;CTX_L10_0,CTX_L10_1,CTX_L10_2,CTX_L30_0,CTX_L30_2,CTX_L50_13,CTX_L8_4;FILL_L30_22;0.002;
[2026-09-23 06:33:08,006] [SUBPROCESS]    C48;CTX_L10_0,CTX_L10_1,CTX_L10_2,CTX_L30_0,CTX_L30_2,CTX_L50_13,CTX_L8_4;FILL_L30_24;0.002;
[2026-09-23 06:33:08,018] [SUBPROCESS]    C49;CTX_L10_0,CTX_L10_1,CTX_L10_2,CTX_L30_0,CTX_L30_2,CTX_L50_13,CTX_L8_4;FILL_L30_25;0.683;
[2026-09-23 06:33:08,019] [SUBPROCESS]    C50;CTX_L10_0,CTX_L10_1,CTX_L10_2,CTX_L30_0,CTX_L30_2,CTX_L50_13,CTX_L8_4;FILL_L30_3;0.019;
[2026-09-23 06:33:08,020] [SUBPROCESS]    C51;CTX_L10_0,CTX_L10_1,CTX_L10_2,CTX_L30_0,CTX_L30_2,CTX_L50_13,CTX_L8_4;FILL_L30_30;0.002;
[2026-09-23 06:33:08,022] [SUBPROCESS]    C52;CTX_L10_0,CTX_L10_1,CTX_L10_2,CTX_L30_0,CTX_L30_2,CTX_L50_13,CTX_L8_4;FILL_L30_32;0.002;
[2026-09-23 06:33:08,023] [SUBPROCESS]    C53;CTX_L10_0,CTX_L10_1,CTX_L10_2,CTX_L30_0,CTX_L30_2,CTX_L50_13,CTX_L8_4;FILL_L30_33;0.656;
[2026-09-23 06:33:08,024] [SUBPROCESS]    C54;CTX_L10_0,CTX_L10_1,CTX_L10_2,CTX_L30_0,CTX_L30_2,CTX_L50_13,CTX_L8_4;FILL_L30_4;0.017;
[2026-09-23 06:33:08,025] [SUBPROCESS]    C55;CTX_L10_0,CTX_L10_1,CTX_L10_2,CTX_L30_0,CTX_L30_2,CTX_L50_13,CTX_L8_4;FILL_L30_5;0.017;
[2026-09-23 06:33:08,026] [SUBPROCESS]    C56;CTX_L10_0,CTX_L10_1,CTX_L10_2,CTX_L30_0,CTX_L30_2,CTX_L50_13,CTX_L8_4;FILL_L30_6;0.017;
[2026-09-23 06:33:08,027] [SUBPROCESS]    C57;CTX_L10_0,CTX_L10_1,CTX_L10_2,CTX_L30_0,CTX_L30_2,CTX_L50_13,CTX_L8_4;FILL_L50_1;0.016;
[2026-09-23 06:33:08,028] [SUBPROCESS]    C58;CTX_L10_0,CTX_L10_1,CTX_L10_2,CTX_L30_0,CTX_L30_2,CTX_L50_13,CTX_L8_4;FILL_L50_10;0.1;
[2026-09-23 06:33:08,029] [SUBPROCESS]    C59;CTX_L10_0,CTX_L10_1,CTX_L10_2,CTX_L30_0,CTX_L30_2,CTX_L50_13,CTX_L8_4;FILL_L50_11;0.086;
[2026-09-23 06:33:08,030] [SUBPROCESS]    C60;CTX_L10_0,CTX_L10_1,CTX_L10_2,CTX_L30_0,CTX_L30_2,CTX_L50_13,CTX_L8_4;FILL_L50_13;0.017;
[2026-09-23 06:33:08,033] [SUBPROCESS]    C61;CTX_L10_0,CTX_L10_1,CTX_L10_2,CTX_L30_0,CTX_L30_2,CTX_L50_13,CTX_L8_4;FILL_L50_15;0.017;
[2026-09-23 06:33:08,035] [SUBPROCESS]    C62;CTX_L10_0,CTX_L10_1,CTX_L10_2,CTX_L30_0,CTX_L30_2,CTX_L50_13,CTX_L8_4;FILL_L50_16;0.22;
[2026-09-23 06:33:08,036] [SUBPROCESS]    C63;CTX_L10_0,CTX_L10_1,CTX_L10_2,CTX_L30_0,CTX_L30_2,CTX_L50_13,CTX_L8_4;FILL_L50_2;0.339;
[2026-09-23 06:33:08,037] [SUBPROCESS]    C64;CTX_L10_0,CTX_L10_1,CTX_L10_2,CTX_L30_0,CTX_L30_2,CTX_L50_13,CTX_L8_4;FILL_L50_20;0.017;
[2026-09-23 06:33:08,038] [SUBPROCESS]    C65;CTX_L10_0,CTX_L10_1,CTX_L10_2,CTX_L30_0,CTX_L30_2,CTX_L50_13,CTX_L8_4;FILL_L50_22;0.009;
[2026-09-23 06:33:08,039] [SUBPROCESS]    C66;CTX_L10_0,CTX_L10_1,CTX_L10_2,CTX_L30_0,CTX_L30_2,CTX_L50_13,CTX_L8_4;FILL_L50_23;0.193;
[2026-09-23 06:33:08,040] [SUBPROCESS]    C67;CTX_L10_0,CTX_L10_1,CTX_L10_2,CTX_L30_0,CTX_L30_2,CTX_L50_13,CTX_L8_4;FILL_L50_3;0.258;
[2026-09-23 06:33:08,042] [SUBPROCESS]    C68;CTX_L10_0,CTX_L10_1,CTX_L10_2,CTX_L30_0,CTX_L30_2,CTX_L50_13,CTX_L8_4;FILL_L50_4;0.248;
[2026-09-23 06:33:08,043] [SUBPROCESS]    C69;CTX_L10_0,CTX_L10_1,CTX_L10_2,CTX_L30_0,CTX_L30_2,CTX_L50_13,CTX_L8_4;FILL_L50_6;0.017;
[2026-09-23 06:33:08,044] [SUBPROCESS]    C70;CTX_L10_0,CTX_L10_1,CTX_L10_2,CTX_L30_0,CTX_L30_2,CTX_L50_13,CTX_L8_4;FILL_L50_8;0.017;
[2026-09-23 06:33:08,045] [SUBPROCESS]    C71;CTX_L10_0,CTX_L10_1,CTX_L10_2,CTX_L30_0,CTX_L30_2,CTX_L50_13,CTX_L8_4;FILL_L50_9;0.346;
[2026-09-23 06:33:08,046] [SUBPROCESS]    C72;CTX_L10_0,CTX_L10_1,CTX_L10_2,CTX_L30_0,CTX_L30_2,CTX_L50_13,CTX_L8_4;FILL_L8_10;0.004;
[2026-09-23 06:33:08,048] [SUBPROCESS]    C73;CTX_L10_0,CTX_L10_1,CTX_L10_2,CTX_L30_0,CTX_L30_2,CTX_L50_13,CTX_L8_4;FILL_L8_11;0.001;
[2026-09-23 06:33:08,049] [SUBPROCESS]    C74;CTX_L10_0,CTX_L10_1,CTX_L10_2,CTX_L30_0,CTX_L30_2,CTX_L50_13,CTX_L8_4;FILL_L8_17;0.002;
[2026-09-23 06:33:08,050] [SUBPROCESS]    C75;CTX_L10_0,CTX_L10_1,CTX_L10_2,CTX_L30_0,CTX_L30_2,CTX_L50_13,CTX_L8_4;FILL_L8_22;0.005;
[2026-09-23 06:33:08,052] [SUBPROCESS]    C76;CTX_L10_0,CTX_L10_1,CTX_L10_2,CTX_L30_0,CTX_L30_2,CTX_L50_13,CTX_L8_4;FILL_L8_23;0.01;
[2026-09-23 06:33:08,053] [SUBPROCESS]    C77;CTX_L10_0,CTX_L10_1,CTX_L10_2,CTX_L30_0,CTX_L30_2,CTX_L50_13,CTX_L8_4;FILL_L8_24;0.002;
[2026-09-23 06:33:08,054] [SUBPROCESS]    C78;CTX_L10_0,CTX_L10_1,CTX_L10_2,CTX_L30_0,CTX_L30_2,CTX_L50_13,CTX_L8_4;FILL_L8_4;0.005;
[2026-09-23 06:33:08,055] [SUBPROCESS]    C79;CTX_L10_0,CTX_L10_1,CTX_L10_2,CTX_L30_0,CTX_L30_2,CTX_L50_13,CTX_L8_4;FILL_L8_9;0.005;
[2026-09-23 06:33:08,057] [SUBPROCESS]    C80;CTX_L10_0,CTX_L10_1,CTX_L10_2,CTX_L30_0,CTX_L30_2,CTX_L50_13,CTX_L8_4;P;0.142;
[2026-09-23 06:33:08,058] [SUBPROCESS]    C81;CTX_L10_0,CTX_L10_1,CTX_L10_2,CTX_L30_0,CTX_L30_2,CTX_L50_13,CTX_L8_4;VSUBS;2.633;
[2026-09-23 06:33:08,059] [SUBPROCESS]    C82;CTX_L10_10,CTX_L10_22,CTX_L10_36,CTX_L30_11,CTX_L30_6,CTX_L8_12,CTX_L8_19,CTX_L8_28,CTX_L8_35;CTX_L10_13,CTX_L10_20,CTX_L10_21,CTX_L10_9,CTX_L30_13,CTX_L30_5,CTX_L8_11,CTX_L8_17,CTX_L8_26,CTX_L8_27,CTX_L8_31;0.332;
[2026-09-23 06:33:08,060] [SUBPROCESS]    C83;CTX_L10_10,CTX_L10_22,CTX_L10_36,CTX_L30_11,CTX_L30_6,CTX_L8_12,CTX_L8_19,CTX_L8_28,CTX_L8_35;CTX_L10_14,CTX_L10_19,CTX_L30_10,CTX_L8_18,CTX_L8_25,CTX_L8_32;0.068;
[2026-09-23 06:33:08,061] [SUBPROCESS]    C84;CTX_L10_10,CTX_L10_22,CTX_L10_36,CTX_L30_11,CTX_L30_6,CTX_L8_12,CTX_L8_19,CTX_L8_28,CTX_L8_35;CTX_L10_23,CTX_L10_24,CTX_L10_25,CTX_L10_26,CTX_L10_27,CTX_L10_28,CTX_L10_29,CTX_L10_30,CTX_L30_14,CTX_L8_37;1.251;
[2026-09-23 06:33:08,063] [SUBPROCESS]    C85;CTX_L10_10,CTX_L10_22,CTX_L10_36,CTX_L30_11,CTX_L30_6,CTX_L8_12,CTX_L8_19,CTX_L8_28,CTX_L8_35;CTX_L10_35,CTX_L8_16,CTX_L8_34;0.057;
[2026-09-23 06:33:08,064] [SUBPROCESS]    C86;CTX_L10_10,CTX_L10_22,CTX_L10_36,CTX_L30_11,CTX_L30_6,CTX_L8_12,CTX_L8_19,CTX_L8_28,CTX_L8_35;CTX_L10_37,CTX_L8_20,CTX_L8_36;0.632;
[2026-09-23 06:33:08,065] [SUBPROCESS]    C87;CTX_L10_10,CTX_L10_22,CTX_L10_36,CTX_L30_11,CTX_L30_6,CTX_L8_12,CTX_L8_19,CTX_L8_28,CTX_L8_35;CTX_L30_15;0.028;
[2026-09-23 06:33:08,066] [SUBPROCESS]    C88;CTX_L10_10,CTX_L10_22,CTX_L10_36,CTX_L30_11,CTX_L30_6,CTX_L8_12,CTX_L8_19,CTX_L8_28,CTX_L8_35;CTX_L30_16;0.024;
[2026-09-23 06:33:08,068] [SUBPROCESS]    C89;CTX_L10_10,CTX_L10_22,CTX_L10_36,CTX_L30_11,CTX_L30_6,CTX_L8_12,CTX_L8_19,CTX_L8_28,CTX_L8_35;CTX_L30_17;0.023;
[2026-09-23 06:33:08,069] [SUBPROCESS]    C90;CTX_L10_10,CTX_L10_22,CTX_L10_36,CTX_L30_11,CTX_L30_6,CTX_L8_12,CTX_L8_19,CTX_L8_28,CTX_L8_35;CTX_L30_18;0.024;
[2026-09-23 06:33:08,070] [SUBPROCESS]    C91;CTX_L10_10,CTX_L10_22,CTX_L10_36,CTX_L30_11,CTX_L30_6,CTX_L8_12,CTX_L8_19,CTX_L8_28,CTX_L8_35;CTX_L30_19;0.024;
[2026-09-23 06:33:08,071] [SUBPROCESS]    C92;CTX_L10_10,CTX_L10_22,CTX_L10_36,CTX_L30_11,CTX_L30_6,CTX_L8_12,CTX_L8_19,CTX_L8_28,CTX_L8_35;CTX_L30_20;0.024;
[2026-09-23 06:33:08,073] [SUBPROCESS]    C93;CTX_L10_10,CTX_L10_22,CTX_L10_36,CTX_L30_11,CTX_L30_6,CTX_L8_12,CTX_L8_19,CTX_L8_28,CTX_L8_35;CTX_L30_21;0.024;
[2026-09-23 06:33:08,074] [SUBPROCESS]    C94;CTX_L10_10,CTX_L10_22,CTX_L10_36,CTX_L30_11,CTX_L30_6,CTX_L8_12,CTX_L8_19,CTX_L8_28,CTX_L8_35;CTX_L30_22;0.023;
[2026-09-23 06:33:08,075] [SUBPROCESS]    C95;CTX_L10_10,CTX_L10_22,CTX_L10_36,CTX_L30_11,CTX_L30_6,CTX_L8_12,CTX_L8_19,CTX_L8_28,CTX_L8_35;CTX_L30_23;0.024;
[2026-09-23 06:33:08,076] [SUBPROCESS]    C96;CTX_L10_10,CTX_L10_22,CTX_L10_36,CTX_L30_11,CTX_L30_6,CTX_L8_12,CTX_L8_19,CTX_L8_28,CTX_L8_35;CTX_L30_24;0.024;
[2026-09-23 06:33:08,077] [SUBPROCESS]    C97;CTX_L10_10,CTX_L10_22,CTX_L10_36,CTX_L30_11,CTX_L30_6,CTX_L8_12,CTX_L8_19,CTX_L8_28,CTX_L8_35;CTX_L30_25;0.006;
[2026-09-23 06:33:08,078] [SUBPROCESS]    C98;CTX_L10_10,CTX_L10_22,CTX_L10_36,CTX_L30_11,CTX_L30_6,CTX_L8_12,CTX_L8_19,CTX_L8_28,CTX_L8_35;CTX_L8_39;0.362;
[2026-09-23 06:33:08,080] [SUBPROCESS]    C99;CTX_L10_10,CTX_L10_22,CTX_L10_36,CTX_L30_11,CTX_L30_6,CTX_L8_12,CTX_L8_19,CTX_L8_28,CTX_L8_35;FILL_L10_23;0.014;
[2026-09-23 06:33:08,081] [SUBPROCESS]    C100;CTX_L10_10,CTX_L10_22,CTX_L10_36,CTX_L30_11,CTX_L30_6,CTX_L8_12,CTX_L8_19,CTX_L8_28,CTX_L8_35;FILL_L10_3;0.003;
[2026-09-23 06:33:08,082] [SUBPROCESS]    C101;CTX_L10_10,CTX_L10_22,CTX_L10_36,CTX_L30_11,CTX_L30_6,CTX_L8_12,CTX_L8_19,CTX_L8_28,CTX_L8_35;FILL_L10_34;0.014;
[2026-09-23 06:33:08,083] [SUBPROCESS]    C102;CTX_L10_10,CTX_L10_22,CTX_L10_36,CTX_L30_11,CTX_L30_6,CTX_L8_12,CTX_L8_19,CTX_L8_28,CTX_L8_35;FILL_L10_43;0.014;
[2026-09-23 06:33:08,085] [SUBPROCESS]    C103;CTX_L10_10,CTX_L10_22,CTX_L10_36,CTX_L30_11,CTX_L30_6,CTX_L8_12,CTX_L8_19,CTX_L8_28,CTX_L8_35;FILL_L126_2;0.002;
[2026-09-23 06:33:08,086] [SUBPROCESS]    C104;CTX_L10_10,CTX_L10_22,CTX_L10_36,CTX_L30_11,CTX_L30_6,CTX_L8_12,CTX_L8_19,CTX_L8_28,CTX_L8_35;FILL_L126_3;0.003;
[2026-09-23 06:33:08,087] [SUBPROCESS]    C105;CTX_L10_10,CTX_L10_22,CTX_L10_36,CTX_L30_11,CTX_L30_6,CTX_L8_12,CTX_L8_19,CTX_L8_28,CTX_L8_35;FILL_L134_5;0.001;
[2026-09-23 06:33:08,088] [SUBPROCESS]    C106;CTX_L10_10,CTX_L10_22,CTX_L10_36,CTX_L30_11,CTX_L30_6,CTX_L8_12,CTX_L8_19,CTX_L8_28,CTX_L8_35;FILL_L134_6;0.001;
[2026-09-23 06:33:08,089] [SUBPROCESS]    C107;CTX_L10_10,CTX_L10_22,CTX_L10_36,CTX_L30_11,CTX_L30_6,CTX_L8_12,CTX_L8_19,CTX_L8_28,CTX_L8_35;FILL_L50_11;0.259;
[2026-09-23 06:33:08,090] [SUBPROCESS]    C108;CTX_L10_10,CTX_L10_22,CTX_L10_36,CTX_L30_11,CTX_L30_6,CTX_L8_12,CTX_L8_19,CTX_L8_28,CTX_L8_35;FILL_L50_18;0.018;
[2026-09-23 06:33:08,092] [SUBPROCESS]    C109;CTX_L10_10,CTX_L10_22,CTX_L10_36,CTX_L30_11,CTX_L30_6,CTX_L8_12,CTX_L8_19,CTX_L8_28,CTX_L8_35;FILL_L50_25;0.053;
[2026-09-23 06:33:08,093] [SUBPROCESS]    C110;CTX_L10_10,CTX_L10_22,CTX_L10_36,CTX_L30_11,CTX_L30_6,CTX_L8_12,CTX_L8_19,CTX_L8_28,CTX_L8_35;FILL_L50_4;0.002;
[2026-09-23 06:33:08,094] [SUBPROCESS]    C111;CTX_L10_10,CTX_L10_22,CTX_L10_36,CTX_L30_11,CTX_L30_6,CTX_L8_12,CTX_L8_19,CTX_L8_28,CTX_L8_35;FILL_L8_25;0.1;
[2026-09-23 06:33:08,095] [SUBPROCESS]    C112;CTX_L10_10,CTX_L10_22,CTX_L10_36,CTX_L30_11,CTX_L30_6,CTX_L8_12,CTX_L8_19,CTX_L8_28,CTX_L8_35;FILL_L8_26;0.041;
[2026-09-23 06:33:08,096] [SUBPROCESS]    C113;CTX_L10_10,CTX_L10_22,CTX_L10_36,CTX_L30_11,CTX_L30_6,CTX_L8_12,CTX_L8_19,CTX_L8_28,CTX_L8_35;VSUBS;0.931;
[2026-09-23 06:33:08,097] [SUBPROCESS]    C114;CTX_L10_11,CTX_L10_16,CTX_L10_17,CTX_L10_7,CTX_L30_12,CTX_L30_3,CTX_L8_13,CTX_L8_22,CTX_L8_23,CTX_L8_29,CTX_L8_7;CTX_L10_12,CTX_L10_15,CTX_L30_8,CTX_L8_14,CTX_L8_21,CTX_L8_30;0.853;
[2026-09-23 06:33:08,099] [SUBPROCESS]    C115;CTX_L10_11,CTX_L10_16,CTX_L10_17,CTX_L10_7,CTX_L30_12,CTX_L30_3,CTX_L8_13,CTX_L8_22,CTX_L8_23,CTX_L8_29,CTX_L8_7;CTX_L10_13,CTX_L10_20,CTX_L10_21,CTX_L10_9,CTX_L30_13,CTX_L30_5,CTX_L8_11,CTX_L8_17,CTX_L8_26,CTX_L8_27,CTX_L8_31;0.002;
[2026-09-23 06:33:08,100] [SUBPROCESS]    C116;CTX_L10_11,CTX_L10_16,CTX_L10_17,CTX_L10_7,CTX_L30_12,CTX_L30_3,CTX_L8_13,CTX_L8_22,CTX_L8_23,CTX_L8_29,CTX_L8_7;CTX_L10_18,CTX_L10_34,CTX_L10_8,CTX_L30_4,CTX_L30_9,CTX_L8_15,CTX_L8_24,CTX_L8_33,CTX_L8_8;0.332;
[2026-09-23 06:33:08,101] [SUBPROCESS]    C117;CTX_L10_11,CTX_L10_16,CTX_L10_17,CTX_L10_7,CTX_L30_12,CTX_L30_3,CTX_L8_13,CTX_L8_22,CTX_L8_23,CTX_L8_29,CTX_L8_7;CTX_L10_23,CTX_L10_24,CTX_L10_25,CTX_L10_26,CTX_L10_27,CTX_L10_28,CTX_L10_29,CTX_L10_30,CTX_L30_14,CTX_L8_37;0.139;
[2026-09-23 06:33:08,103] [SUBPROCESS]    C118;CTX_L10_11,CTX_L10_16,CTX_L10_17,CTX_L10_7,CTX_L30_12,CTX_L30_3,CTX_L8_13,CTX_L8_22,CTX_L8_23,CTX_L8_29,CTX_L8_7;CTX_L10_3,CTX_L8_0,CTX_L8_5;0.063;
[2026-09-23 06:33:08,104] [SUBPROCESS]    C119;CTX_L10_11,CTX_L10_16,CTX_L10_17,CTX_L10_7,CTX_L30_12,CTX_L30_3,CTX_L8_13,CTX_L8_22,CTX_L8_23,CTX_L8_29,CTX_L8_7;CTX_L10_33;0.036;
[2026-09-23 06:33:08,105] [SUBPROCESS]    C120;CTX_L10_11,CTX_L10_16,CTX_L10_17,CTX_L10_7,CTX_L30_12,CTX_L30_3,CTX_L8_13,CTX_L8_22,CTX_L8_23,CTX_L8_29,CTX_L8_7;CTX_L10_35,CTX_L8_16,CTX_L8_34;0.0;
[2026-09-23 06:33:08,106] [SUBPROCESS]    C121;CTX_L10_11,CTX_L10_16,CTX_L10_17,CTX_L10_7,CTX_L30_12,CTX_L30_3,CTX_L8_13,CTX_L8_22,CTX_L8_23,CTX_L8_29,CTX_L8_7;CTX_L10_4,CTX_L8_2,CTX_L8_6;0.115;
[2026-09-23 06:33:08,108] [SUBPROCESS]    C122;CTX_L10_11,CTX_L10_16,CTX_L10_17,CTX_L10_7,CTX_L30_12,CTX_L30_3,CTX_L8_13,CTX_L8_22,CTX_L8_23,CTX_L8_29,CTX_L8_7;CTX_L8_39;0.38;
[2026-09-23 06:33:08,109] [SUBPROCESS]    C123;CTX_L10_11,CTX_L10_16,CTX_L10_17,CTX_L10_7,CTX_L30_12,CTX_L30_3,CTX_L8_13,CTX_L8_22,CTX_L8_23,CTX_L8_29,CTX_L8_7;FILL_L10_19;0.0;
[2026-09-23 06:33:08,110] [SUBPROCESS]    C124;CTX_L10_11,CTX_L10_16,CTX_L10_17,CTX_L10_7,CTX_L30_12,CTX_L30_3,CTX_L8_13,CTX_L8_22,CTX_L8_23,CTX_L8_29,CTX_L8_7;FILL_L10_32;0.002;
[2026-09-23 06:33:08,111] [SUBPROCESS]    C125;CTX_L10_11,CTX_L10_16,CTX_L10_17,CTX_L10_7,CTX_L30_12,CTX_L30_3,CTX_L8_13,CTX_L8_22,CTX_L8_23,CTX_L8_29,CTX_L8_7;FILL_L126_1;0.047;
[2026-09-23 06:33:08,112] [SUBPROCESS]    C126;CTX_L10_11,CTX_L10_16,CTX_L10_17,CTX_L10_7,CTX_L30_12,CTX_L30_3,CTX_L8_13,CTX_L8_22,CTX_L8_23,CTX_L8_29,CTX_L8_7;FILL_L126_2;0.001;
[2026-09-23 06:33:08,114] [SUBPROCESS]    C127;CTX_L10_11,CTX_L10_16,CTX_L10_17,CTX_L10_7,CTX_L30_12,CTX_L30_3,CTX_L8_13,CTX_L8_22,CTX_L8_23,CTX_L8_29,CTX_L8_7;FILL_L134_3;0.0;
[2026-09-23 06:33:08,115] [SUBPROCESS]    C128;CTX_L10_11,CTX_L10_16,CTX_L10_17,CTX_L10_7,CTX_L30_12,CTX_L30_3,CTX_L8_13,CTX_L8_22,CTX_L8_23,CTX_L8_29,CTX_L8_7;FILL_L134_4;0.001;
[2026-09-23 06:33:08,116] [SUBPROCESS]    C129;CTX_L10_11,CTX_L10_16,CTX_L10_17,CTX_L10_7,CTX_L30_12,CTX_L30_3,CTX_L8_13,CTX_L8_22,CTX_L8_23,CTX_L8_29,CTX_L8_7;FILL_L134_5;0.0;
[2026-09-23 06:33:08,117] [SUBPROCESS]    C130;CTX_L10_11,CTX_L10_16,CTX_L10_17,CTX_L10_7,CTX_L30_12,CTX_L30_3,CTX_L8_13,CTX_L8_22,CTX_L8_23,CTX_L8_29,CTX_L8_7;FILL_L30_15;0.003;
[2026-09-23 06:33:08,118] [SUBPROCESS]    C131;CTX_L10_11,CTX_L10_16,CTX_L10_17,CTX_L10_7,CTX_L30_12,CTX_L30_3,CTX_L8_13,CTX_L8_22,CTX_L8_23,CTX_L8_29,CTX_L8_7;FILL_L30_25;0.001;
[2026-09-23 06:33:08,119] [SUBPROCESS]    C132;CTX_L10_11,CTX_L10_16,CTX_L10_17,CTX_L10_7,CTX_L30_12,CTX_L30_3,CTX_L8_13,CTX_L8_22,CTX_L8_23,CTX_L8_29,CTX_L8_7;FILL_L50_10;0.265;
[2026-09-23 06:33:08,120] [SUBPROCESS]    C133;CTX_L10_11,CTX_L10_16,CTX_L10_17,CTX_L10_7,CTX_L30_12,CTX_L30_3,CTX_L8_13,CTX_L8_22,CTX_L8_23,CTX_L8_29,CTX_L8_7;FILL_L50_17;0.001;
[2026-09-23 06:33:08,122] [SUBPROCESS]    C134;CTX_L10_11,CTX_L10_16,CTX_L10_17,CTX_L10_7,CTX_L30_12,CTX_L30_3,CTX_L8_13,CTX_L8_22,CTX_L8_23,CTX_L8_29,CTX_L8_7;FILL_L50_3;0.0;
[2026-09-23 06:33:08,123] [SUBPROCESS]    C135;CTX_L10_11,CTX_L10_16,CTX_L10_17,CTX_L10_7,CTX_L30_12,CTX_L30_3,CTX_L8_13,CTX_L8_22,CTX_L8_23,CTX_L8_29,CTX_L8_7;FILL_L50_9;0.05;
[2026-09-23 06:33:08,124] [SUBPROCESS]    C136;CTX_L10_11,CTX_L10_16,CTX_L10_17,CTX_L10_7,CTX_L30_12,CTX_L30_3,CTX_L8_13,CTX_L8_22,CTX_L8_23,CTX_L8_29,CTX_L8_7;FILL_L8_10;0.004;
[2026-09-23 06:33:08,125] [SUBPROCESS]    C137;CTX_L10_11,CTX_L10_16,CTX_L10_17,CTX_L10_7,CTX_L30_12,CTX_L30_3,CTX_L8_13,CTX_L8_22,CTX_L8_23,CTX_L8_29,CTX_L8_7;FILL_L8_24;0.0;
[2026-09-23 06:33:08,126] [SUBPROCESS]    C138;CTX_L10_11,CTX_L10_16,CTX_L10_17,CTX_L10_7,CTX_L30_12,CTX_L30_3,CTX_L8_13,CTX_L8_22,CTX_L8_23,CTX_L8_29,CTX_L8_7;FILL_L8_4;0.001;
[2026-09-23 06:33:08,128] [SUBPROCESS]    C139;CTX_L10_11,CTX_L10_16,CTX_L10_17,CTX_L10_7,CTX_L30_12,CTX_L30_3,CTX_L8_13,CTX_L8_22,CTX_L8_23,CTX_L8_29,CTX_L8_7;FILL_L8_9;0.002;
[2026-09-23 06:33:08,129] [SUBPROCESS]    C140;CTX_L10_11,CTX_L10_16,CTX_L10_17,CTX_L10_7,CTX_L30_12,CTX_L30_3,CTX_L8_13,CTX_L8_22,CTX_L8_23,CTX_L8_29,CTX_L8_7;VSUBS;0.568;
[2026-09-23 06:33:08,130] [SUBPROCESS]    C141;CTX_L10_12,CTX_L10_15,CTX_L30_8,CTX_L8_14,CTX_L8_21,CTX_L8_30;CTX_L10_18,CTX_L10_34,CTX_L10_8,CTX_L30_4,CTX_L30_9,CTX_L8_15,CTX_L8_24,CTX_L8_33,CTX_L8_8;0.068;
[2026-09-23 06:33:08,131] [SUBPROCESS]    C142;CTX_L10_12,CTX_L10_15,CTX_L30_8,CTX_L8_14,CTX_L8_21,CTX_L8_30;CTX_L10_23,CTX_L10_24,CTX_L10_25,CTX_L10_26,CTX_L10_27,CTX_L10_28,CTX_L10_29,CTX_L10_30,CTX_L30_14,CTX_L8_37;0.067;
[2026-09-23 06:33:08,132] [SUBPROCESS]    C143;CTX_L10_12,CTX_L10_15,CTX_L30_8,CTX_L8_14,CTX_L8_21,CTX_L8_30;CTX_L10_3,CTX_L8_0,CTX_L8_5;0.007;
[2026-09-23 06:33:08,133] [SUBPROCESS]    C144;CTX_L10_12,CTX_L10_15,CTX_L30_8,CTX_L8_14,CTX_L8_21,CTX_L8_30;CTX_L10_33;0.019;
[2026-09-23 06:33:08,134] [SUBPROCESS]    C145;CTX_L10_12,CTX_L10_15,CTX_L30_8,CTX_L8_14,CTX_L8_21,CTX_L8_30;CTX_L126_1;0.0;
[2026-09-23 06:33:08,135] [SUBPROCESS]    C146;CTX_L10_12,CTX_L10_15,CTX_L30_8,CTX_L8_14,CTX_L8_21,CTX_L8_30;CTX_L8_39;0.219;
[2026-09-23 06:33:08,137] [SUBPROCESS]    C147;CTX_L10_12,CTX_L10_15,CTX_L30_8,CTX_L8_14,CTX_L8_21,CTX_L8_30;FILL_L10_19;0.0;
[2026-09-23 06:33:08,138] [SUBPROCESS]    C148;CTX_L10_12,CTX_L10_15,CTX_L30_8,CTX_L8_14,CTX_L8_21,CTX_L8_30;FILL_L10_22;0.002;
[2026-09-23 06:33:08,139] [SUBPROCESS]    C149;CTX_L10_12,CTX_L10_15,CTX_L30_8,CTX_L8_14,CTX_L8_21,CTX_L8_30;FILL_L126_1;0.029;
[2026-09-23 06:33:08,140] [SUBPROCESS]    C150;CTX_L10_12,CTX_L10_15,CTX_L30_8,CTX_L8_14,CTX_L8_21,CTX_L8_30;FILL_L126_2;0.0;
[2026-09-23 06:33:08,141] [SUBPROCESS]    C151;CTX_L10_12,CTX_L10_15,CTX_L30_8,CTX_L8_14,CTX_L8_21,CTX_L8_30;FILL_L134_3;0.0;
[2026-09-23 06:33:08,142] [SUBPROCESS]    C152;CTX_L10_12,CTX_L10_15,CTX_L30_8,CTX_L8_14,CTX_L8_21,CTX_L8_30;FILL_L134_4;0.001;
[2026-09-23 06:33:08,144] [SUBPROCESS]    C153;CTX_L10_12,CTX_L10_15,CTX_L30_8,CTX_L8_14,CTX_L8_21,CTX_L8_30;FILL_L134_5;0.0;
[2026-09-23 06:33:08,145] [SUBPROCESS]    C154;CTX_L10_12,CTX_L10_15,CTX_L30_8,CTX_L8_14,CTX_L8_21,CTX_L8_30;FILL_L30_15;0.0;
[2026-09-23 06:33:08,146] [SUBPROCESS]    C155;CTX_L10_12,CTX_L10_15,CTX_L30_8,CTX_L8_14,CTX_L8_21,CTX_L8_30;FILL_L30_25;0.0;
[2026-09-23 06:33:08,147] [SUBPROCESS]    C156;CTX_L10_12,CTX_L10_15,CTX_L30_8,CTX_L8_14,CTX_L8_21,CTX_L8_30;FILL_L50_10;0.105;
[2026-09-23 06:33:08,148] [SUBPROCESS]    C157;CTX_L10_12,CTX_L10_15,CTX_L30_8,CTX_L8_14,CTX_L8_21,CTX_L8_30;FILL_L50_17;0.001;
[2026-09-23 06:33:08,149] [SUBPROCESS]    C158;CTX_L10_12,CTX_L10_15,CTX_L30_8,CTX_L8_14,CTX_L8_21,CTX_L8_30;FILL_L50_3;0.0;
[2026-09-23 06:33:08,150] [SUBPROCESS]    C159;CTX_L10_12,CTX_L10_15,CTX_L30_8,CTX_L8_14,CTX_L8_21,CTX_L8_30;FILL_L50_9;0.023;
[2026-09-23 06:33:08,152] [SUBPROCESS]    C160;CTX_L10_12,CTX_L10_15,CTX_L30_8,CTX_L8_14,CTX_L8_21,CTX_L8_30;FILL_L8_10;0.004;
[2026-09-23 06:33:08,153] [SUBPROCESS]    C161;CTX_L10_12,CTX_L10_15,CTX_L30_8,CTX_L8_14,CTX_L8_21,CTX_L8_30;FILL_L8_24;0.0;
[2026-09-23 06:33:08,154] [SUBPROCESS]    C162;CTX_L10_12,CTX_L10_15,CTX_L30_8,CTX_L8_14,CTX_L8_21,CTX_L8_30;FILL_L8_9;0.0;
[2026-09-23 06:33:08,155] [SUBPROCESS]    C163;CTX_L10_12,CTX_L10_15,CTX_L30_8,CTX_L8_14,CTX_L8_21,CTX_L8_30;VSUBS;0.329;
[2026-09-23 06:33:08,156] [SUBPROCESS]    C164;CTX_L10_13,CTX_L10_20,CTX_L10_21,CTX_L10_9,CTX_L30_13,CTX_L30_5,CTX_L8_11,CTX_L8_17,CTX_L8_26,CTX_L8_27,CTX_L8_31;CTX_L10_14,CTX_L10_19,CTX_L30_10,CTX_L8_18,CTX_L8_25,CTX_L8_32;0.853;
[2026-09-23 06:33:08,157] [SUBPROCESS]    C165;CTX_L10_13,CTX_L10_20,CTX_L10_21,CTX_L10_9,CTX_L30_13,CTX_L30_5,CTX_L8_11,CTX_L8_17,CTX_L8_26,CTX_L8_27,CTX_L8_31;CTX_L10_18,CTX_L10_34,CTX_L10_8,CTX_L30_4,CTX_L30_9,CTX_L8_15,CTX_L8_24,CTX_L8_33,CTX_L8_8;0.029;
[2026-09-23 06:33:08,158] [SUBPROCESS]    C166;CTX_L10_13,CTX_L10_20,CTX_L10_21,CTX_L10_9,CTX_L30_13,CTX_L30_5,CTX_L8_11,CTX_L8_17,CTX_L8_26,CTX_L8_27,CTX_L8_31;CTX_L10_23,CTX_L10_24,CTX_L10_25,CTX_L10_26,CTX_L10_27,CTX_L10_28,CTX_L10_29,CTX_L10_30,CTX_L30_14,CTX_L8_37;0.138;
[2026-09-23 06:33:08,160] [SUBPROCESS]    C167;CTX_L10_13,CTX_L10_20,CTX_L10_21,CTX_L10_9,CTX_L30_13,CTX_L30_5,CTX_L8_11,CTX_L8_17,CTX_L8_26,CTX_L8_27,CTX_L8_31;CTX_L10_35,CTX_L8_16,CTX_L8_34;0.023;
[2026-09-23 06:33:08,161] [SUBPROCESS]    C168;CTX_L10_13,CTX_L10_20,CTX_L10_21,CTX_L10_9,CTX_L30_13,CTX_L30_5,CTX_L8_11,CTX_L8_17,CTX_L8_26,CTX_L8_27,CTX_L8_31;CTX_L10_37,CTX_L8_20,CTX_L8_36;0.0;
[2026-09-23 06:33:08,162] [SUBPROCESS]    C169;CTX_L10_13,CTX_L10_20,CTX_L10_21,CTX_L10_9,CTX_L30_13,CTX_L30_5,CTX_L8_11,CTX_L8_17,CTX_L8_26,CTX_L8_27,CTX_L8_31;CTX_L10_5,CTX_L8_1,CTX_L8_9;0.063;
[2026-09-23 06:33:08,164] [SUBPROCESS]    C170;CTX_L10_13,CTX_L10_20,CTX_L10_21,CTX_L10_9,CTX_L30_13,CTX_L30_5,CTX_L8_11,CTX_L8_17,CTX_L8_26,CTX_L8_27,CTX_L8_31;CTX_L10_6,CTX_L8_10,CTX_L8_3;0.115;
[2026-09-23 06:33:08,165] [SUBPROCESS]    C171;CTX_L10_13,CTX_L10_20,CTX_L10_21,CTX_L10_9,CTX_L30_13,CTX_L30_5,CTX_L8_11,CTX_L8_17,CTX_L8_26,CTX_L8_27,CTX_L8_31;CTX_L8_39;0.381;
[2026-09-23 06:33:08,166] [SUBPROCESS]    C172;CTX_L10_13,CTX_L10_20,CTX_L10_21,CTX_L10_9,CTX_L30_13,CTX_L30_5,CTX_L8_11,CTX_L8_17,CTX_L8_26,CTX_L8_27,CTX_L8_31;FILL_L10_23;0.002;
[2026-09-23 06:33:08,167] [SUBPROCESS]    C173;CTX_L10_13,CTX_L10_20,CTX_L10_21,CTX_L10_9,CTX_L30_13,CTX_L30_5,CTX_L8_11,CTX_L8_17,CTX_L8_26,CTX_L8_27,CTX_L8_31;FILL_L126_2;0.028;
[2026-09-23 06:33:08,168] [SUBPROCESS]    C174;CTX_L10_13,CTX_L10_20,CTX_L10_21,CTX_L10_9,CTX_L30_13,CTX_L30_5,CTX_L8_11,CTX_L8_17,CTX_L8_26,CTX_L8_27,CTX_L8_31;FILL_L126_3;0.0;
[2026-09-23 06:33:08,170] [SUBPROCESS]    C175;CTX_L10_13,CTX_L10_20,CTX_L10_21,CTX_L10_9,CTX_L30_13,CTX_L30_5,CTX_L8_11,CTX_L8_17,CTX_L8_26,CTX_L8_27,CTX_L8_31;FILL_L134_5;0.001;
[2026-09-23 06:33:08,171] [SUBPROCESS]    C176;CTX_L10_13,CTX_L10_20,CTX_L10_21,CTX_L10_9,CTX_L30_13,CTX_L30_5,CTX_L8_11,CTX_L8_17,CTX_L8_26,CTX_L8_27,CTX_L8_31;FILL_L30_5;0.0;
[2026-09-23 06:33:08,172] [SUBPROCESS]    C177;CTX_L10_13,CTX_L10_20,CTX_L10_21,CTX_L10_9,CTX_L30_13,CTX_L30_5,CTX_L8_11,CTX_L8_17,CTX_L8_26,CTX_L8_27,CTX_L8_31;FILL_L50_10;0.015;
[2026-09-23 06:33:08,173] [SUBPROCESS]    C178;CTX_L10_13,CTX_L10_20,CTX_L10_21,CTX_L10_9,CTX_L30_13,CTX_L30_5,CTX_L8_11,CTX_L8_17,CTX_L8_26,CTX_L8_27,CTX_L8_31;FILL_L50_11;0.373;
[2026-09-23 06:33:08,175] [SUBPROCESS]    C179;CTX_L10_13,CTX_L10_20,CTX_L10_21,CTX_L10_9,CTX_L30_13,CTX_L30_5,CTX_L8_11,CTX_L8_17,CTX_L8_26,CTX_L8_27,CTX_L8_31;FILL_L50_18;0.002;
[2026-09-23 06:33:08,176] [SUBPROCESS]    C180;CTX_L10_13,CTX_L10_20,CTX_L10_21,CTX_L10_9,CTX_L30_13,CTX_L30_5,CTX_L8_11,CTX_L8_17,CTX_L8_26,CTX_L8_27,CTX_L8_31;FILL_L50_4;0.001;
[2026-09-23 06:33:08,177] [SUBPROCESS]    C181;CTX_L10_13,CTX_L10_20,CTX_L10_21,CTX_L10_9,CTX_L30_13,CTX_L30_5,CTX_L8_11,CTX_L8_17,CTX_L8_26,CTX_L8_27,CTX_L8_31;FILL_L8_25;0.0;
[2026-09-23 06:33:08,178] [SUBPROCESS]    C182;CTX_L10_13,CTX_L10_20,CTX_L10_21,CTX_L10_9,CTX_L30_13,CTX_L30_5,CTX_L8_11,CTX_L8_17,CTX_L8_26,CTX_L8_27,CTX_L8_31;VSUBS;0.562;
[2026-09-23 06:33:08,179] [SUBPROCESS]    C183;CTX_L10_14,CTX_L10_19,CTX_L30_10,CTX_L8_18,CTX_L8_25,CTX_L8_32;CTX_L10_18,CTX_L10_34,CTX_L10_8,CTX_L30_4,CTX_L30_9,CTX_L8_15,CTX_L8_24,CTX_L8_33,CTX_L8_8;0.004;
[2026-09-23 06:33:08,180] [SUBPROCESS]    C184;CTX_L10_14,CTX_L10_19,CTX_L30_10,CTX_L8_18,CTX_L8_25,CTX_L8_32;CTX_L10_23,CTX_L10_24,CTX_L10_25,CTX_L10_26,CTX_L10_27,CTX_L10_28,CTX_L10_29,CTX_L10_30,CTX_L30_14,CTX_L8_37;0.065;
[2026-09-23 06:33:08,182] [SUBPROCESS]    C185;CTX_L10_14,CTX_L10_19,CTX_L30_10,CTX_L8_18,CTX_L8_25,CTX_L8_32;CTX_L10_35,CTX_L8_16,CTX_L8_34;0.037;
[2026-09-23 06:33:08,183] [SUBPROCESS]    C186;CTX_L10_14,CTX_L10_19,CTX_L30_10,CTX_L8_18,CTX_L8_25,CTX_L8_32;CTX_L10_5,CTX_L8_1,CTX_L8_9;0.007;
[2026-09-23 06:33:08,184] [SUBPROCESS]    C187;CTX_L10_14,CTX_L10_19,CTX_L30_10,CTX_L8_18,CTX_L8_25,CTX_L8_32;CTX_L10_6,CTX_L8_10,CTX_L8_3;0.0;
[2026-09-23 06:33:08,185] [SUBPROCESS]    C188;CTX_L10_14,CTX_L10_19,CTX_L30_10,CTX_L8_18,CTX_L8_25,CTX_L8_32;CTX_L8_39;0.219;
[2026-09-23 06:33:08,186] [SUBPROCESS]    C189;CTX_L10_14,CTX_L10_19,CTX_L30_10,CTX_L8_18,CTX_L8_25,CTX_L8_32;FILL_L10_23;0.007;
[2026-09-23 06:33:08,188] [SUBPROCESS]    C190;CTX_L10_14,CTX_L10_19,CTX_L30_10,CTX_L8_18,CTX_L8_25,CTX_L8_32;FILL_L10_5;0.002;
[2026-09-23 06:33:08,189] [SUBPROCESS]    C191;CTX_L10_14,CTX_L10_19,CTX_L30_10,CTX_L8_18,CTX_L8_25,CTX_L8_32;FILL_L126_2;0.02;
[2026-09-23 06:33:08,190] [SUBPROCESS]    C192;CTX_L10_14,CTX_L10_19,CTX_L30_10,CTX_L8_18,CTX_L8_25,CTX_L8_32;FILL_L134_5;0.001;
[2026-09-23 06:33:08,191] [SUBPROCESS]    C193;CTX_L10_14,CTX_L10_19,CTX_L30_10,CTX_L8_18,CTX_L8_25,CTX_L8_32;FILL_L50_10;0.004;
[2026-09-23 06:33:08,192] [SUBPROCESS]    C194;CTX_L10_14,CTX_L10_19,CTX_L30_10,CTX_L8_18,CTX_L8_25,CTX_L8_32;FILL_L50_11;0.169;
[2026-09-23 06:33:08,193] [SUBPROCESS]    C195;CTX_L10_14,CTX_L10_19,CTX_L30_10,CTX_L8_18,CTX_L8_25,CTX_L8_32;FILL_L50_18;0.001;
[2026-09-23 06:33:08,195] [SUBPROCESS]    C196;CTX_L10_14,CTX_L10_19,CTX_L30_10,CTX_L8_18,CTX_L8_25,CTX_L8_32;FILL_L50_4;0.0;
[2026-09-23 06:33:08,196] [SUBPROCESS]    C197;CTX_L10_14,CTX_L10_19,CTX_L30_10,CTX_L8_18,CTX_L8_25,CTX_L8_32;FILL_L8_25;0.0;
[2026-09-23 06:33:08,197] [SUBPROCESS]    C198;CTX_L10_14,CTX_L10_19,CTX_L30_10,CTX_L8_18,CTX_L8_25,CTX_L8_32;VSUBS;0.314;
[2026-09-23 06:33:08,198] [SUBPROCESS]    C199;CTX_L10_18,CTX_L10_34,CTX_L10_8,CTX_L30_4,CTX_L30_9,CTX_L8_15,CTX_L8_24,CTX_L8_33,CTX_L8_8;CTX_L10_23,CTX_L10_24,CTX_L10_25,CTX_L10_26,CTX_L10_27,CTX_L10_28,CTX_L10_29,CTX_L10_30,CTX_L30_14,CTX_L8_37;1.251;
[2026-09-23 06:33:08,199] [SUBPROCESS]    C200;CTX_L10_18,CTX_L10_34,CTX_L10_8,CTX_L30_4,CTX_L30_9,CTX_L8_15,CTX_L8_24,CTX_L8_33,CTX_L8_8;CTX_L10_33;0.035;
[2026-09-23 06:33:08,201] [SUBPROCESS]    C201;CTX_L10_18,CTX_L10_34,CTX_L10_8,CTX_L30_4,CTX_L30_9,CTX_L8_15,CTX_L8_24,CTX_L8_33,CTX_L8_8;CTX_L10_35,CTX_L8_16,CTX_L8_34;0.632;
[2026-09-23 06:33:08,202] [SUBPROCESS]    C202;CTX_L10_18,CTX_L10_34,CTX_L10_8,CTX_L30_4,CTX_L30_9,CTX_L8_15,CTX_L8_24,CTX_L8_33,CTX_L8_8;CTX_L10_5,CTX_L8_1,CTX_L8_9;0.009;
[2026-09-23 06:33:08,203] [SUBPROCESS]    C203;CTX_L10_18,CTX_L10_34,CTX_L10_8,CTX_L30_4,CTX_L30_9,CTX_L8_15,CTX_L8_24,CTX_L8_33,CTX_L8_8;CTX_L30_15;0.022;
[2026-09-23 06:33:08,204] [SUBPROCESS]    C204;CTX_L10_18,CTX_L10_34,CTX_L10_8,CTX_L30_4,CTX_L30_9,CTX_L8_15,CTX_L8_24,CTX_L8_33,CTX_L8_8;CTX_L30_16;0.018;
[2026-09-23 06:33:08,205] [SUBPROCESS]    C205;CTX_L10_18,CTX_L10_34,CTX_L10_8,CTX_L30_4,CTX_L30_9,CTX_L8_15,CTX_L8_24,CTX_L8_33,CTX_L8_8;CTX_L30_17;0.018;
[2026-09-23 06:33:08,207] [SUBPROCESS]    C206;CTX_L10_18,CTX_L10_34,CTX_L10_8,CTX_L30_4,CTX_L30_9,CTX_L8_15,CTX_L8_24,CTX_L8_33,CTX_L8_8;CTX_L30_18;0.018;
[2026-09-23 06:33:08,208] [SUBPROCESS]    C207;CTX_L10_18,CTX_L10_34,CTX_L10_8,CTX_L30_4,CTX_L30_9,CTX_L8_15,CTX_L8_24,CTX_L8_33,CTX_L8_8;CTX_L30_19;0.018;
[2026-09-23 06:33:08,209] [SUBPROCESS]    C208;CTX_L10_18,CTX_L10_34,CTX_L10_8,CTX_L30_4,CTX_L30_9,CTX_L8_15,CTX_L8_24,CTX_L8_33,CTX_L8_8;CTX_L30_20;0.018;
[2026-09-23 06:33:08,210] [SUBPROCESS]    C209;CTX_L10_18,CTX_L10_34,CTX_L10_8,CTX_L30_4,CTX_L30_9,CTX_L8_15,CTX_L8_24,CTX_L8_33,CTX_L8_8;CTX_L30_21;0.018;
[2026-09-23 06:33:08,211] [SUBPROCESS]    C210;CTX_L10_18,CTX_L10_34,CTX_L10_8,CTX_L30_4,CTX_L30_9,CTX_L8_15,CTX_L8_24,CTX_L8_33,CTX_L8_8;CTX_L30_22;0.018;
[2026-09-23 06:33:08,212] [SUBPROCESS]    C211;CTX_L10_18,CTX_L10_34,CTX_L10_8,CTX_L30_4,CTX_L30_9,CTX_L8_15,CTX_L8_24,CTX_L8_33,CTX_L8_8;CTX_L30_23;0.018;
[2026-09-23 06:33:08,213] [SUBPROCESS]    C212;CTX_L10_18,CTX_L10_34,CTX_L10_8,CTX_L30_4,CTX_L30_9,CTX_L8_15,CTX_L8_24,CTX_L8_33,CTX_L8_8;CTX_L30_24;0.018;
[2026-09-23 06:33:08,214] [SUBPROCESS]    C213;CTX_L10_18,CTX_L10_34,CTX_L10_8,CTX_L30_4,CTX_L30_9,CTX_L8_15,CTX_L8_24,CTX_L8_33,CTX_L8_8;CTX_L30_25;0.005;
[2026-09-23 06:33:08,215] [SUBPROCESS]    C214;CTX_L10_18,CTX_L10_34,CTX_L10_8,CTX_L30_4,CTX_L30_9,CTX_L8_15,CTX_L8_24,CTX_L8_33,CTX_L8_8;CTX_L8_39;0.368;
[2026-09-23 06:33:08,217] [SUBPROCESS]    C215;CTX_L10_18,CTX_L10_34,CTX_L10_8,CTX_L30_4,CTX_L30_9,CTX_L8_15,CTX_L8_24,CTX_L8_33,CTX_L8_8;FILL_L10_22;0.012;
[2026-09-23 06:33:08,218] [SUBPROCESS]    C216;CTX_L10_18,CTX_L10_34,CTX_L10_8,CTX_L30_4,CTX_L30_9,CTX_L8_15,CTX_L8_24,CTX_L8_33,CTX_L8_8;FILL_L10_32;0.021;
[2026-09-23 06:33:08,219] [SUBPROCESS]    C217;CTX_L10_18,CTX_L10_34,CTX_L10_8,CTX_L30_4,CTX_L30_9,CTX_L8_15,CTX_L8_24,CTX_L8_33,CTX_L8_8;FILL_L10_33;0.012;
[2026-09-23 06:33:08,220] [SUBPROCESS]    C218;CTX_L10_18,CTX_L10_34,CTX_L10_8,CTX_L30_4,CTX_L30_9,CTX_L8_15,CTX_L8_24,CTX_L8_33,CTX_L8_8;FILL_L10_4;0.004;
[2026-09-23 06:33:08,221] [SUBPROCESS]    C219;CTX_L10_18,CTX_L10_34,CTX_L10_8,CTX_L30_4,CTX_L30_9,CTX_L8_15,CTX_L8_24,CTX_L8_33,CTX_L8_8;FILL_L10_40;0.021;
[2026-09-23 06:33:08,222] [SUBPROCESS]    C220;CTX_L10_18,CTX_L10_34,CTX_L10_8,CTX_L30_4,CTX_L30_9,CTX_L8_15,CTX_L8_24,CTX_L8_33,CTX_L8_8;FILL_L10_42;0.012;
[2026-09-23 06:33:08,224] [SUBPROCESS]    C221;CTX_L10_18,CTX_L10_34,CTX_L10_8,CTX_L30_4,CTX_L30_9,CTX_L8_15,CTX_L8_24,CTX_L8_33,CTX_L8_8;FILL_L126_1;0.002;
[2026-09-23 06:33:08,225] [SUBPROCESS]    C222;CTX_L10_18,CTX_L10_34,CTX_L10_8,CTX_L30_4,CTX_L30_9,CTX_L8_15,CTX_L8_24,CTX_L8_33,CTX_L8_8;FILL_L126_2;0.015;
[2026-09-23 06:33:08,226] [SUBPROCESS]    C223;CTX_L10_18,CTX_L10_34,CTX_L10_8,CTX_L30_4,CTX_L30_9,CTX_L8_15,CTX_L8_24,CTX_L8_33,CTX_L8_8;FILL_L134_5;0.0;
[2026-09-23 06:33:08,227] [SUBPROCESS]    C224;CTX_L10_18,CTX_L10_34,CTX_L10_8,CTX_L30_4,CTX_L30_9,CTX_L8_15,CTX_L8_24,CTX_L8_33,CTX_L8_8;FILL_L50_10;0.322;
[2026-09-23 06:33:08,228] [SUBPROCESS]    C225;CTX_L10_18,CTX_L10_34,CTX_L10_8,CTX_L30_4,CTX_L30_9,CTX_L8_15,CTX_L8_24,CTX_L8_33,CTX_L8_8;FILL_L50_11;0.0;
[2026-09-23 06:33:08,230] [SUBPROCESS]    C226;CTX_L10_18,CTX_L10_34,CTX_L10_8,CTX_L30_4,CTX_L30_9,CTX_L8_15,CTX_L8_24,CTX_L8_33,CTX_L8_8;FILL_L50_16;0.001;
[2026-09-23 06:33:08,231] [SUBPROCESS]    C227;CTX_L10_18,CTX_L10_34,CTX_L10_8,CTX_L30_4,CTX_L30_9,CTX_L8_15,CTX_L8_24,CTX_L8_33,CTX_L8_8;FILL_L50_17;0.018;
[2026-09-23 06:33:08,232] [SUBPROCESS]    C228;CTX_L10_18,CTX_L10_34,CTX_L10_8,CTX_L30_4,CTX_L30_9,CTX_L8_15,CTX_L8_24,CTX_L8_33,CTX_L8_8;FILL_L50_23;0.004;
[2026-09-23 06:33:08,233] [SUBPROCESS]    C229;CTX_L10_18,CTX_L10_34,CTX_L10_8,CTX_L30_4,CTX_L30_9,CTX_L8_15,CTX_L8_24,CTX_L8_33,CTX_L8_8;FILL_L50_24;0.07;
[2026-09-23 06:33:08,234] [SUBPROCESS]    C230;CTX_L10_18,CTX_L10_34,CTX_L10_8,CTX_L30_4,CTX_L30_9,CTX_L8_15,CTX_L8_24,CTX_L8_33,CTX_L8_8;FILL_L50_3;0.003;
[2026-09-23 06:33:08,235] [SUBPROCESS]    C231;CTX_L10_18,CTX_L10_34,CTX_L10_8,CTX_L30_4,CTX_L30_9,CTX_L8_15,CTX_L8_24,CTX_L8_33,CTX_L8_8;FILL_L8_23;0.001;
[2026-09-23 06:33:08,236] [SUBPROCESS]    C232;CTX_L10_18,CTX_L10_34,CTX_L10_8,CTX_L30_4,CTX_L30_9,CTX_L8_15,CTX_L8_24,CTX_L8_33,CTX_L8_8;FILL_L8_24;0.331;
[2026-09-23 06:33:08,238] [SUBPROCESS]    C233;CTX_L10_18,CTX_L10_34,CTX_L10_8,CTX_L30_4,CTX_L30_9,CTX_L8_15,CTX_L8_24,CTX_L8_33,CTX_L8_8;VSUBS;0.841;
[2026-09-23 06:33:08,239] [SUBPROCESS]    C234;CTX_L10_23,CTX_L10_24,CTX_L10_25,CTX_L10_26,CTX_L10_27,CTX_L10_28,CTX_L10_29,CTX_L10_30,CTX_L30_14,CTX_L8_37;CTX_L10_33;0.165;
[2026-09-23 06:33:08,240] [SUBPROCESS]    C235;CTX_L10_23,CTX_L10_24,CTX_L10_25,CTX_L10_26,CTX_L10_27,CTX_L10_28,CTX_L10_29,CTX_L10_30,CTX_L30_14,CTX_L8_37;CTX_L10_35,CTX_L8_16,CTX_L8_34;0.844;
[2026-09-23 06:33:08,244] [SUBPROCESS]    C236;CTX_L10_23,CTX_L10_24,CTX_L10_25,CTX_L10_26,CTX_L10_27,CTX_L10_28,CTX_L10_29,CTX_L10_30,CTX_L30_14,CTX_L8_37;CTX_L10_37,CTX_L8_20,CTX_L8_36;0.568;
[2026-09-23 06:33:08,246] [SUBPROCESS]    C237;CTX_L10_23,CTX_L10_24,CTX_L10_25,CTX_L10_26,CTX_L10_27,CTX_L10_28,CTX_L10_29,CTX_L10_30,CTX_L30_14,CTX_L8_37;CTX_L10_4,CTX_L8_2,CTX_L8_6;0.002;
[2026-09-23 06:33:08,247] [SUBPROCESS]    C238;CTX_L10_23,CTX_L10_24,CTX_L10_25,CTX_L10_26,CTX_L10_27,CTX_L10_28,CTX_L10_29,CTX_L10_30,CTX_L30_14,CTX_L8_37;CTX_L10_6,CTX_L8_10,CTX_L8_3;0.002;
[2026-09-23 06:33:08,248] [SUBPROCESS]    C239;CTX_L10_23,CTX_L10_24,CTX_L10_25,CTX_L10_26,CTX_L10_27,CTX_L10_28,CTX_L10_29,CTX_L10_30,CTX_L30_14,CTX_L8_37;CTX_L126_1;0.02;
[2026-09-23 06:33:08,249] [SUBPROCESS]    C240;CTX_L10_23,CTX_L10_24,CTX_L10_25,CTX_L10_26,CTX_L10_27,CTX_L10_28,CTX_L10_29,CTX_L10_30,CTX_L30_14,CTX_L8_37;CTX_L30_15;0.461;
[2026-09-23 06:33:08,251] [SUBPROCESS]    C241;CTX_L10_23,CTX_L10_24,CTX_L10_25,CTX_L10_26,CTX_L10_27,CTX_L10_28,CTX_L10_29,CTX_L10_30,CTX_L30_14,CTX_L8_37;CTX_L30_16;0.003;
[2026-09-23 06:33:08,252] [SUBPROCESS]    C242;CTX_L10_23,CTX_L10_24,CTX_L10_25,CTX_L10_26,CTX_L10_27,CTX_L10_28,CTX_L10_29,CTX_L10_30,CTX_L30_14,CTX_L8_37;CTX_L30_17;0.002;
[2026-09-23 06:33:08,271] [SUBPROCESS]    C243;CTX_L10_23,CTX_L10_24,CTX_L10_25,CTX_L10_26,CTX_L10_27,CTX_L10_28,CTX_L10_29,CTX_L10_30,CTX_L30_14,CTX_L8_37;CTX_L30_18;0.001;
[2026-09-23 06:33:08,272] [SUBPROCESS]    C244;CTX_L10_23,CTX_L10_24,CTX_L10_25,CTX_L10_26,CTX_L10_27,CTX_L10_28,CTX_L10_29,CTX_L10_30,CTX_L30_14,CTX_L8_37;CTX_L30_19;0.001;
[2026-09-23 06:33:08,273] [SUBPROCESS]    C245;CTX_L10_23,CTX_L10_24,CTX_L10_25,CTX_L10_26,CTX_L10_27,CTX_L10_28,CTX_L10_29,CTX_L10_30,CTX_L30_14,CTX_L8_37;CTX_L30_20;0.001;
[2026-09-23 06:33:08,275] [SUBPROCESS]    C246;CTX_L10_23,CTX_L10_24,CTX_L10_25,CTX_L10_26,CTX_L10_27,CTX_L10_28,CTX_L10_29,CTX_L10_30,CTX_L30_14,CTX_L8_37;CTX_L30_21;0.001;
[2026-09-23 06:33:08,276] [SUBPROCESS]    C247;CTX_L10_23,CTX_L10_24,CTX_L10_25,CTX_L10_26,CTX_L10_27,CTX_L10_28,CTX_L10_29,CTX_L10_30,CTX_L30_14,CTX_L8_37;CTX_L30_22;0.001;
[2026-09-23 06:33:08,277] [SUBPROCESS]    C248;CTX_L10_23,CTX_L10_24,CTX_L10_25,CTX_L10_26,CTX_L10_27,CTX_L10_28,CTX_L10_29,CTX_L10_30,CTX_L30_14,CTX_L8_37;CTX_L30_23;0.0;
[2026-09-23 06:33:08,278] [SUBPROCESS]    C249;CTX_L10_23,CTX_L10_24,CTX_L10_25,CTX_L10_26,CTX_L10_27,CTX_L10_28,CTX_L10_29,CTX_L10_30,CTX_L30_14,CTX_L8_37;CTX_L30_24;0.0;
[2026-09-23 06:33:08,279] [SUBPROCESS]    C250;CTX_L10_23,CTX_L10_24,CTX_L10_25,CTX_L10_26,CTX_L10_27,CTX_L10_28,CTX_L10_29,CTX_L10_30,CTX_L30_14,CTX_L8_37;CTX_L8_39;0.037;
[2026-09-23 06:33:08,280] [SUBPROCESS]    C251;CTX_L10_23,CTX_L10_24,CTX_L10_25,CTX_L10_26,CTX_L10_27,CTX_L10_28,CTX_L10_29,CTX_L10_30,CTX_L30_14,CTX_L8_37;FILL_L10_22;0.26;
[2026-09-23 06:33:08,282] [SUBPROCESS]    C252;CTX_L10_23,CTX_L10_24,CTX_L10_25,CTX_L10_26,CTX_L10_27,CTX_L10_28,CTX_L10_29,CTX_L10_30,CTX_L30_14,CTX_L8_37;FILL_L10_23;0.266;
[2026-09-23 06:33:08,283] [SUBPROCESS]    C253;CTX_L10_23,CTX_L10_24,CTX_L10_25,CTX_L10_26,CTX_L10_27,CTX_L10_28,CTX_L10_29,CTX_L10_30,CTX_L30_14,CTX_L8_37;FILL_L10_29;0.008;
[2026-09-23 06:33:08,284] [SUBPROCESS]    C254;CTX_L10_23,CTX_L10_24,CTX_L10_25,CTX_L10_26,CTX_L10_27,CTX_L10_28,CTX_L10_29,CTX_L10_30,CTX_L30_14,CTX_L8_37;FILL_L10_32;0.069;
[2026-09-23 06:33:08,285] [SUBPROCESS]    C255;CTX_L10_23,CTX_L10_24,CTX_L10_25,CTX_L10_26,CTX_L10_27,CTX_L10_28,CTX_L10_29,CTX_L10_30,CTX_L30_14,CTX_L8_37;FILL_L10_33;0.021;
[2026-09-23 06:33:08,286] [SUBPROCESS]    C256;CTX_L10_23,CTX_L10_24,CTX_L10_25,CTX_L10_26,CTX_L10_27,CTX_L10_28,CTX_L10_29,CTX_L10_30,CTX_L30_14,CTX_L8_37;FILL_L10_34;0.015;
[2026-09-23 06:33:08,288] [SUBPROCESS]    C257;CTX_L10_23,CTX_L10_24,CTX_L10_25,CTX_L10_26,CTX_L10_27,CTX_L10_28,CTX_L10_29,CTX_L10_30,CTX_L30_14,CTX_L8_37;FILL_L10_40;0.003;
[2026-09-23 06:33:08,289] [SUBPROCESS]    C258;CTX_L10_23,CTX_L10_24,CTX_L10_25,CTX_L10_26,CTX_L10_27,CTX_L10_28,CTX_L10_29,CTX_L10_30,CTX_L30_14,CTX_L8_37;FILL_L10_42;0.001;
[2026-09-23 06:33:08,290] [SUBPROCESS]    C259;CTX_L10_23,CTX_L10_24,CTX_L10_25,CTX_L10_26,CTX_L10_27,CTX_L10_28,CTX_L10_29,CTX_L10_30,CTX_L30_14,CTX_L8_37;FILL_L126_1;0.067;
[2026-09-23 06:33:08,291] [SUBPROCESS]    C260;CTX_L10_23,CTX_L10_24,CTX_L10_25,CTX_L10_26,CTX_L10_27,CTX_L10_28,CTX_L10_29,CTX_L10_30,CTX_L30_14,CTX_L8_37;FILL_L126_2;0.084;
[2026-09-23 06:33:08,293] [SUBPROCESS]    C261;CTX_L10_23,CTX_L10_24,CTX_L10_25,CTX_L10_26,CTX_L10_27,CTX_L10_28,CTX_L10_29,CTX_L10_30,CTX_L30_14,CTX_L8_37;FILL_L126_3;0.003;
[2026-09-23 06:33:08,294] [SUBPROCESS]    C262;CTX_L10_23,CTX_L10_24,CTX_L10_25,CTX_L10_26,CTX_L10_27,CTX_L10_28,CTX_L10_29,CTX_L10_30,CTX_L30_14,CTX_L8_37;FILL_L134_4;0.042;
[2026-09-23 06:33:08,295] [SUBPROCESS]    C263;CTX_L10_23,CTX_L10_24,CTX_L10_25,CTX_L10_26,CTX_L10_27,CTX_L10_28,CTX_L10_29,CTX_L10_30,CTX_L30_14,CTX_L8_37;FILL_L134_5;0.046;
[2026-09-23 06:33:08,297] [SUBPROCESS]    C264;CTX_L10_23,CTX_L10_24,CTX_L10_25,CTX_L10_26,CTX_L10_27,CTX_L10_28,CTX_L10_29,CTX_L10_30,CTX_L30_14,CTX_L8_37;FILL_L134_6;0.002;
[2026-09-23 06:33:08,299] [SUBPROCESS]    C265;CTX_L10_23,CTX_L10_24,CTX_L10_25,CTX_L10_26,CTX_L10_27,CTX_L10_28,CTX_L10_29,CTX_L10_30,CTX_L30_14,CTX_L8_37;FILL_L30_25;0.105;
[2026-09-23 06:33:08,300] [SUBPROCESS]    C266;CTX_L10_23,CTX_L10_24,CTX_L10_25,CTX_L10_26,CTX_L10_27,CTX_L10_28,CTX_L10_29,CTX_L10_30,CTX_L30_14,CTX_L8_37;FILL_L30_34;0.011;
[2026-09-23 06:33:08,301] [SUBPROCESS]    C267;CTX_L10_23,CTX_L10_24,CTX_L10_25,CTX_L10_26,CTX_L10_27,CTX_L10_28,CTX_L10_29,CTX_L10_30,CTX_L30_14,CTX_L8_37;FILL_L50_10;0.039;
[2026-09-23 06:33:08,303] [SUBPROCESS]    C268;CTX_L10_23,CTX_L10_24,CTX_L10_25,CTX_L10_26,CTX_L10_27,CTX_L10_28,CTX_L10_29,CTX_L10_30,CTX_L30_14,CTX_L8_37;FILL_L50_11;0.034;
[2026-09-23 06:33:08,304] [SUBPROCESS]    C269;CTX_L10_23,CTX_L10_24,CTX_L10_25,CTX_L10_26,CTX_L10_27,CTX_L10_28,CTX_L10_29,CTX_L10_30,CTX_L30_14,CTX_L8_37;FILL_L50_15;0.0;
[2026-09-23 06:33:08,305] [SUBPROCESS]    C270;CTX_L10_23,CTX_L10_24,CTX_L10_25,CTX_L10_26,CTX_L10_27,CTX_L10_28,CTX_L10_29,CTX_L10_30,CTX_L30_14,CTX_L8_37;FILL_L50_16;0.807;
[2026-09-23 06:33:08,306] [SUBPROCESS]    C271;CTX_L10_23,CTX_L10_24,CTX_L10_25,CTX_L10_26,CTX_L10_27,CTX_L10_28,CTX_L10_29,CTX_L10_30,CTX_L30_14,CTX_L8_37;FILL_L50_17;1.469;
[2026-09-23 06:33:08,307] [SUBPROCESS]    C272;CTX_L10_23,CTX_L10_24,CTX_L10_25,CTX_L10_26,CTX_L10_27,CTX_L10_28,CTX_L10_29,CTX_L10_30,CTX_L30_14,CTX_L8_37;FILL_L50_18;1.457;
[2026-09-23 06:33:08,309] [SUBPROCESS]    C273;CTX_L10_23,CTX_L10_24,CTX_L10_25,CTX_L10_26,CTX_L10_27,CTX_L10_28,CTX_L10_29,CTX_L10_30,CTX_L30_14,CTX_L8_37;FILL_L50_23;0.007;
[2026-09-23 06:33:08,310] [SUBPROCESS]    C274;CTX_L10_23,CTX_L10_24,CTX_L10_25,CTX_L10_26,CTX_L10_27,CTX_L10_28,CTX_L10_29,CTX_L10_30,CTX_L30_14,CTX_L8_37;FILL_L50_24;0.009;
[2026-09-23 06:33:08,311] [SUBPROCESS]    C275;CTX_L10_23,CTX_L10_24,CTX_L10_25,CTX_L10_26,CTX_L10_27,CTX_L10_28,CTX_L10_29,CTX_L10_30,CTX_L30_14,CTX_L8_37;FILL_L50_25;0.003;
[2026-09-23 06:33:08,312] [SUBPROCESS]    C276;CTX_L10_23,CTX_L10_24,CTX_L10_25,CTX_L10_26,CTX_L10_27,CTX_L10_28,CTX_L10_29,CTX_L10_30,CTX_L30_14,CTX_L8_37;FILL_L50_9;0.027;
[2026-09-23 06:33:08,313] [SUBPROCESS]    C277;CTX_L10_23,CTX_L10_24,CTX_L10_25,CTX_L10_26,CTX_L10_27,CTX_L10_28,CTX_L10_29,CTX_L10_30,CTX_L30_14,CTX_L8_37;FILL_L8_11;0.039;
[2026-09-23 06:33:08,314] [SUBPROCESS]    C278;CTX_L10_23,CTX_L10_24,CTX_L10_25,CTX_L10_26,CTX_L10_27,CTX_L10_28,CTX_L10_29,CTX_L10_30,CTX_L30_14,CTX_L8_37;FILL_L8_16;0.026;
[2026-09-23 06:33:08,316] [SUBPROCESS]    C279;CTX_L10_23,CTX_L10_24,CTX_L10_25,CTX_L10_26,CTX_L10_27,CTX_L10_28,CTX_L10_29,CTX_L10_30,CTX_L30_14,CTX_L8_37;FILL_L8_17;0.019;
[2026-09-23 06:33:08,317] [SUBPROCESS]    C280;CTX_L10_23,CTX_L10_24,CTX_L10_25,CTX_L10_26,CTX_L10_27,CTX_L10_28,CTX_L10_29,CTX_L10_30,CTX_L30_14,CTX_L8_37;FILL_L8_23;0.06;
[2026-09-23 06:33:08,318] [SUBPROCESS]    C281;CTX_L10_23,CTX_L10_24,CTX_L10_25,CTX_L10_26,CTX_L10_27,CTX_L10_28,CTX_L10_29,CTX_L10_30,CTX_L30_14,CTX_L8_37;FILL_L8_24;0.099;
[2026-09-23 06:33:08,319] [SUBPROCESS]    C282;CTX_L10_23,CTX_L10_24,CTX_L10_25,CTX_L10_26,CTX_L10_27,CTX_L10_28,CTX_L10_29,CTX_L10_30,CTX_L30_14,CTX_L8_37;FILL_L8_25;0.072;
[2026-09-23 06:33:08,320] [SUBPROCESS]    C283;CTX_L10_23,CTX_L10_24,CTX_L10_25,CTX_L10_26,CTX_L10_27,CTX_L10_28,CTX_L10_29,CTX_L10_30,CTX_L30_14,CTX_L8_37;FILL_L8_26;0.02;
[2026-09-23 06:33:08,321] [SUBPROCESS]    C284;CTX_L10_23,CTX_L10_24,CTX_L10_25,CTX_L10_26,CTX_L10_27,CTX_L10_28,CTX_L10_29,CTX_L10_30,CTX_L30_14,CTX_L8_37;VSUBS;3.917;
[2026-09-23 06:33:08,322] [SUBPROCESS]    C285;CTX_L10_3,CTX_L8_0,CTX_L8_5;CTX_L10_33;0.076;
[2026-09-23 06:33:08,323] [SUBPROCESS]    C286;CTX_L10_3,CTX_L8_0,CTX_L8_5;CTX_L10_4,CTX_L8_2,CTX_L8_6;0.143;
[2026-09-23 06:33:08,325] [SUBPROCESS]    C287;CTX_L10_3,CTX_L8_0,CTX_L8_5;CTX_L10_5,CTX_L8_1,CTX_L8_9;0.01;
[2026-09-23 06:33:08,326] [SUBPROCESS]    C288;CTX_L10_3,CTX_L8_0,CTX_L8_5;CTX_L8_39;0.274;
[2026-09-23 06:33:08,327] [SUBPROCESS]    C289;CTX_L10_3,CTX_L8_0,CTX_L8_5;FILL_L10_4;0.011;
[2026-09-23 06:33:08,328] [SUBPROCESS]    C290;CTX_L10_3,CTX_L8_0,CTX_L8_5;FILL_L126_1;0.029;
[2026-09-23 06:33:08,329] [SUBPROCESS]    C291;CTX_L10_3,CTX_L8_0,CTX_L8_5;FILL_L126_2;0.003;
[2026-09-23 06:33:08,330] [SUBPROCESS]    C292;CTX_L10_3,CTX_L8_0,CTX_L8_5;FILL_L30_15;0.0;
[2026-09-23 06:33:08,331] [SUBPROCESS]    C293;CTX_L10_3,CTX_L8_0,CTX_L8_5;FILL_L30_2;0.01;
[2026-09-23 06:33:08,332] [SUBPROCESS]    C294;CTX_L10_3,CTX_L8_0,CTX_L8_5;FILL_L30_3;0.004;
[2026-09-23 06:33:08,333] [SUBPROCESS]    C295;CTX_L10_3,CTX_L8_0,CTX_L8_5;FILL_L30_4;0.0;
[2026-09-23 06:33:08,334] [SUBPROCESS]    C296;CTX_L10_3,CTX_L8_0,CTX_L8_5;FILL_L50_10;0.001;
[2026-09-23 06:33:08,335] [SUBPROCESS]    C297;CTX_L10_3,CTX_L8_0,CTX_L8_5;FILL_L50_2;0.033;
[2026-09-23 06:33:08,336] [SUBPROCESS]    C298;CTX_L10_3,CTX_L8_0,CTX_L8_5;FILL_L50_3;0.029;
[2026-09-23 06:33:08,337] [SUBPROCESS]    C299;CTX_L10_3,CTX_L8_0,CTX_L8_5;FILL_L50_9;0.006;
[2026-09-23 06:33:08,338] [SUBPROCESS]    C300;CTX_L10_3,CTX_L8_0,CTX_L8_5;VSUBS;0.235;
[2026-09-23 06:33:08,339] [SUBPROCESS]    C301;CTX_L10_31;CTX_L10_32;0.108;
[2026-09-23 06:33:08,340] [SUBPROCESS]    C302;CTX_L10_31;CTX_L126_0;0.059;
[2026-09-23 06:33:08,341] [SUBPROCESS]    C303;CTX_L10_31;CTX_L30_1,CTX_L50_0,CTX_L67_0;0.071;
[2026-09-23 06:33:08,343] [SUBPROCESS]    C304;CTX_L10_31;CTX_L30_7;0.002;
[2026-09-23 06:33:08,344] [SUBPROCESS]    C305;CTX_L10_31;CTX_L50_1;0.058;
[2026-09-23 06:33:08,345] [SUBPROCESS]    C306;CTX_L10_31;CTX_L50_2;0.019;
[2026-09-23 06:33:08,346] [SUBPROCESS]    C307;CTX_L10_31;CTX_L50_3;0.007;
[2026-09-23 06:33:08,347] [SUBPROCESS]    C308;CTX_L10_31;FILL_L10_0;0.029;
[2026-09-23 06:33:08,348] [SUBPROCESS]    C309;CTX_L10_31;FILL_L10_12;0.06;
[2026-09-23 06:33:08,349] [SUBPROCESS]    C310;CTX_L10_31;FILL_L10_14;0.06;
[2026-09-23 06:33:08,350] [SUBPROCESS]    C311;CTX_L10_31;FILL_L10_20;0.06;
[2026-09-23 06:33:08,351] [SUBPROCESS]    C312;CTX_L10_31;FILL_L10_24;0.06;
[2026-09-23 06:33:08,352] [SUBPROCESS]    C313;CTX_L10_31;FILL_L10_30;0.06;
[2026-09-23 06:33:08,353] [SUBPROCESS]    C314;CTX_L10_31;FILL_L10_35;0.06;
[2026-09-23 06:33:08,354] [SUBPROCESS]    C315;CTX_L10_31;FILL_L10_44;0.031;
[2026-09-23 06:33:08,355] [SUBPROCESS]    C316;CTX_L10_31;FILL_L10_6;0.06;
[2026-09-23 06:33:08,357] [SUBPROCESS]    C317;CTX_L10_31;FILL_L134_0;0.002;
[2026-09-23 06:33:08,358] [SUBPROCESS]    C318;CTX_L10_31;FILL_L134_7;0.0;
[2026-09-23 06:33:08,359] [SUBPROCESS]    C319;CTX_L10_31;FILL_L30_12;0.002;
[2026-09-23 06:33:08,360] [SUBPROCESS]    C320;CTX_L10_31;FILL_L30_17;0.017;
[2026-09-23 06:33:08,361] [SUBPROCESS]    C321;CTX_L10_31;FILL_L30_18;0.005;
[2026-09-23 06:33:08,362] [SUBPROCESS]    C322;CTX_L10_31;FILL_L30_19;0.001;
[2026-09-23 06:33:08,363] [SUBPROCESS]    C323;CTX_L10_31;FILL_L30_26;0.297;
[2026-09-23 06:33:08,365] [SUBPROCESS]    C324;CTX_L10_31;FILL_L30_27;0.001;
[2026-09-23 06:33:08,366] [SUBPROCESS]    C325;CTX_L10_31;FILL_L30_35;0.246;
[2026-09-23 06:33:08,367] [SUBPROCESS]    C326;CTX_L10_31;FILL_L30_36;0.001;
[2026-09-23 06:33:08,368] [SUBPROCESS]    C327;CTX_L10_31;FILL_L30_7;0.005;
[2026-09-23 06:33:08,369] [SUBPROCESS]    C328;CTX_L10_31;FILL_L30_8;0.001;
[2026-09-23 06:33:08,370] [SUBPROCESS]    C329;CTX_L10_31;FILL_L8_0;0.254;
[2026-09-23 06:33:08,371] [SUBPROCESS]    C330;CTX_L10_31;FILL_L8_1;0.003;
[2026-09-23 06:33:08,372] [SUBPROCESS]    C331;CTX_L10_31;FILL_L8_12;0.299;
[2026-09-23 06:33:08,373] [SUBPROCESS]    C332;CTX_L10_31;FILL_L8_13;0.003;
[2026-09-23 06:33:08,374] [SUBPROCESS]    C333;CTX_L10_31;FILL_L8_18;0.299;
[2026-09-23 06:33:08,375] [SUBPROCESS]    C334;CTX_L10_31;FILL_L8_19;0.003;
[2026-09-23 06:33:08,376] [SUBPROCESS]    C335;CTX_L10_31;FILL_L8_27;0.045;
[2026-09-23 06:33:08,377] [SUBPROCESS]    C336;CTX_L10_31;FILL_L8_5;0.299;
[2026-09-23 06:33:08,378] [SUBPROCESS]    C337;CTX_L10_31;FILL_L8_6;0.003;
[2026-09-23 06:33:08,379] [SUBPROCESS]    C338;CTX_L10_31;VSUBS;0.752;
[2026-09-23 06:33:08,380] [SUBPROCESS]    C339;CTX_L10_32;CTX_L126_0;0.018;
[2026-09-23 06:33:08,381] [SUBPROCESS]    C340;CTX_L10_32;CTX_L30_1,CTX_L50_0,CTX_L67_0;0.002;
[2026-09-23 06:33:08,382] [SUBPROCESS]    C341;CTX_L10_32;CTX_L50_2;0.002;
[2026-09-23 06:33:08,383] [SUBPROCESS]    C342;CTX_L10_32;CTX_L50_3;0.008;
[2026-09-23 06:33:08,384] [SUBPROCESS]    C343;CTX_L10_32;CTX_L50_4;0.008;
[2026-09-23 06:33:08,385] [SUBPROCESS]    C344;CTX_L10_32;CTX_L50_5;0.002;
[2026-09-23 06:33:08,386] [SUBPROCESS]    C345;CTX_L10_32;CTX_L50_6;0.002;
[2026-09-23 06:33:08,387] [SUBPROCESS]    C346;CTX_L10_32;FILL_L10_0;0.007;
[2026-09-23 06:33:08,388] [SUBPROCESS]    C347;CTX_L10_32;FILL_L10_1;0.022;
[2026-09-23 06:33:08,390] [SUBPROCESS]    C348;CTX_L10_32;FILL_L10_12;0.014;
[2026-09-23 06:33:08,391] [SUBPROCESS]    C349;CTX_L10_32;FILL_L10_13;0.046;
[2026-09-23 06:33:08,392] [SUBPROCESS]    C350;CTX_L10_32;FILL_L10_14;0.014;
[2026-09-23 06:33:08,393] [SUBPROCESS]    C351;CTX_L10_32;FILL_L10_15;0.046;
[2026-09-23 06:33:08,394] [SUBPROCESS]    C352;CTX_L10_32;FILL_L10_16;0.018;
[2026-09-23 06:33:08,395] [SUBPROCESS]    C353;CTX_L10_32;FILL_L10_20;0.014;
[2026-09-23 06:33:08,396] [SUBPROCESS]    C354;CTX_L10_32;FILL_L10_21;0.046;
[2026-09-23 06:33:08,397] [SUBPROCESS]    C355;CTX_L10_32;FILL_L10_24;0.014;
[2026-09-23 06:33:08,398] [SUBPROCESS]    C356;CTX_L10_32;FILL_L10_25;0.046;
[2026-09-23 06:33:08,399] [SUBPROCESS]    C357;CTX_L10_32;FILL_L10_26;0.018;
[2026-09-23 06:33:08,400] [SUBPROCESS]    C358;CTX_L10_32;FILL_L10_30;0.014;
[2026-09-23 06:33:08,401] [SUBPROCESS]    C359;CTX_L10_32;FILL_L10_31;0.046;
[2026-09-23 06:33:08,402] [SUBPROCESS]    C360;CTX_L10_32;FILL_L10_35;0.014;
[2026-09-23 06:33:08,404] [SUBPROCESS]    C361;CTX_L10_32;FILL_L10_36;0.046;
[2026-09-23 06:33:08,405] [SUBPROCESS]    C362;CTX_L10_32;FILL_L10_37;0.018;
[2026-09-23 06:33:08,406] [SUBPROCESS]    C363;CTX_L10_32;FILL_L10_44;0.007;
[2026-09-23 06:33:08,407] [SUBPROCESS]    C364;CTX_L10_32;FILL_L10_45;0.024;
[2026-09-23 06:33:08,408] [SUBPROCESS]    C365;CTX_L10_32;FILL_L10_6;0.014;
[2026-09-23 06:33:08,409] [SUBPROCESS]    C366;CTX_L10_32;FILL_L10_7;0.046;
[2026-09-23 06:33:08,410] [SUBPROCESS]    C367;CTX_L10_32;FILL_L10_8;0.018;
[2026-09-23 06:33:08,411] [SUBPROCESS]    C368;CTX_L10_32;FILL_L126_0;0.018;
[2026-09-23 06:33:08,412] [SUBPROCESS]    C369;CTX_L10_32;FILL_L126_4;0.018;
[2026-09-23 06:33:08,413] [SUBPROCESS]    C370;CTX_L10_32;FILL_L134_0;0.003;
[2026-09-23 06:33:08,414] [SUBPROCESS]    C371;CTX_L10_32;FILL_L134_1;0.002;
[2026-09-23 06:33:08,415] [SUBPROCESS]    C372;CTX_L10_32;FILL_L134_7;0.002;
[2026-09-23 06:33:08,416] [SUBPROCESS]    C373;CTX_L10_32;FILL_L134_8;0.002;
[2026-09-23 06:33:08,417] [SUBPROCESS]    C374;CTX_L10_32;FILL_L30_12;0.001;
[2026-09-23 06:33:08,418] [SUBPROCESS]    C375;CTX_L10_32;FILL_L30_18;0.002;
[2026-09-23 06:33:08,419] [SUBPROCESS]    C376;CTX_L10_32;FILL_L30_19;0.229;
[2026-09-23 06:33:08,420] [SUBPROCESS]    C377;CTX_L10_32;FILL_L30_20;0.001;
[2026-09-23 06:33:08,421] [SUBPROCESS]    C378;CTX_L10_32;FILL_L30_26;0.012;
[2026-09-23 06:33:08,422] [SUBPROCESS]    C379;CTX_L10_32;FILL_L30_27;0.241;
[2026-09-23 06:33:08,423] [SUBPROCESS]    C380;CTX_L10_32;FILL_L30_28;0.002;
[2026-09-23 06:33:08,424] [SUBPROCESS]    C381;CTX_L10_32;FILL_L30_35;0.009;
[2026-09-23 06:33:08,425] [SUBPROCESS]    C382;CTX_L10_32;FILL_L30_36;0.199;
[2026-09-23 06:33:08,426] [SUBPROCESS]    C383;CTX_L10_32;FILL_L30_37;0.002;
[2026-09-23 06:33:08,427] [SUBPROCESS]    C384;CTX_L10_32;FILL_L30_7;0.002;
[2026-09-23 06:33:08,428] [SUBPROCESS]    C385;CTX_L10_32;FILL_L30_8;0.143;
[2026-09-23 06:33:08,429] [SUBPROCESS]    C386;CTX_L10_32;FILL_L8_0;0.005;
[2026-09-23 06:33:08,430] [SUBPROCESS]    C387;CTX_L10_32;FILL_L8_1;0.257;
[2026-09-23 06:33:08,431] [SUBPROCESS]    C388;CTX_L10_32;FILL_L8_12;0.005;
[2026-09-23 06:33:08,432] [SUBPROCESS]    C389;CTX_L10_32;FILL_L8_13;0.303;
[2026-09-23 06:33:08,433] [SUBPROCESS]    C390;CTX_L10_32;FILL_L8_18;0.005;
[2026-09-23 06:33:08,434] [SUBPROCESS]    C391;CTX_L10_32;FILL_L8_19;0.303;
[2026-09-23 06:33:08,435] [SUBPROCESS]    C392;CTX_L10_32;FILL_L8_28;0.046;
[2026-09-23 06:33:08,436] [SUBPROCESS]    C393;CTX_L10_32;FILL_L8_5;0.005;
[2026-09-23 06:33:08,437] [SUBPROCESS]    C394;CTX_L10_32;FILL_L8_6;0.303;
[2026-09-23 06:33:08,438] [SUBPROCESS]    C395;CTX_L10_32;VSUBS;0.601;
[2026-09-23 06:33:08,439] [SUBPROCESS]    C396;CTX_L10_33;CTX_L10_4,CTX_L8_2,CTX_L8_6;0.0;
[2026-09-23 06:33:08,440] [SUBPROCESS]    C397;CTX_L10_33;CTX_L126_1;0.023;
[2026-09-23 06:33:08,442] [SUBPROCESS]    C398;CTX_L10_33;CTX_L8_39;0.077;
[2026-09-23 06:33:08,443] [SUBPROCESS]    C399;CTX_L10_33;FILL_L10_19;0.071;
[2026-09-23 06:33:08,444] [SUBPROCESS]    C400;CTX_L10_33;FILL_L10_22;0.024;
[2026-09-23 06:33:08,445] [SUBPROCESS]    C401;CTX_L10_33;FILL_L10_29;0.071;
[2026-09-23 06:33:08,446] [SUBPROCESS]    C402;CTX_L10_33;FILL_L10_32;0.013;
[2026-09-23 06:33:08,447] [SUBPROCESS]    C403;CTX_L10_33;FILL_L10_33;0.024;
[2026-09-23 06:33:08,448] [SUBPROCESS]    C404;CTX_L10_33;FILL_L10_40;0.013;
[2026-09-23 06:33:08,449] [SUBPROCESS]    C405;CTX_L10_33;FILL_L10_41;0.071;
[2026-09-23 06:33:08,450] [SUBPROCESS]    C406;CTX_L10_33;FILL_L10_42;0.024;
[2026-09-23 06:33:08,451] [SUBPROCESS]    C407;CTX_L10_33;FILL_L126_1;0.021;
[2026-09-23 06:33:08,453] [SUBPROCESS]    C408;CTX_L10_33;FILL_L134_3;0.0;
[2026-09-23 06:33:08,454] [SUBPROCESS]    C409;CTX_L10_33;FILL_L134_4;0.004;
[2026-09-23 06:33:08,455] [SUBPROCESS]    C410;CTX_L10_33;FILL_L30_1;0.009;
[2026-09-23 06:33:08,456] [SUBPROCESS]    C411;CTX_L10_33;FILL_L30_14;0.001;
[2026-09-23 06:33:08,457] [SUBPROCESS]    C412;CTX_L10_33;FILL_L30_15;0.018;
[2026-09-23 06:33:08,458] [SUBPROCESS]    C413;CTX_L10_33;FILL_L30_16;0.0;
[2026-09-23 06:33:08,459] [SUBPROCESS]    C414;CTX_L10_33;FILL_L30_2;0.004;
[2026-09-23 06:33:08,460] [SUBPROCESS]    C415;CTX_L10_33;FILL_L30_22;0.0;
[2026-09-23 06:33:08,461] [SUBPROCESS]    C416;CTX_L10_33;FILL_L30_25;0.091;
[2026-09-23 06:33:08,463] [SUBPROCESS]    C417;CTX_L10_33;FILL_L30_30;0.0;
[2026-09-23 06:33:08,464] [SUBPROCESS]    C418;CTX_L10_33;FILL_L30_33;0.088;
[2026-09-23 06:33:08,465] [SUBPROCESS]    C419;CTX_L10_33;FILL_L30_34;0.007;
[2026-09-23 06:33:08,466] [SUBPROCESS]    C420;CTX_L10_33;FILL_L50_15;0.0;
[2026-09-23 06:33:08,467] [SUBPROCESS]    C421;CTX_L10_33;FILL_L50_16;0.074;
[2026-09-23 06:33:08,468] [SUBPROCESS]    C422;CTX_L10_33;FILL_L50_17;0.001;
[2026-09-23 06:33:08,469] [SUBPROCESS]    C423;CTX_L10_33;FILL_L50_2;0.07;
[2026-09-23 06:33:08,470] [SUBPROCESS]    C424;CTX_L10_33;FILL_L50_22;0.0;
[2026-09-23 06:33:08,471] [SUBPROCESS]    C425;CTX_L10_33;FILL_L50_23;0.091;
[2026-09-23 06:33:08,472] [SUBPROCESS]    C426;CTX_L10_33;FILL_L50_24;0.003;
[2026-09-23 06:33:08,474] [SUBPROCESS]    C427;CTX_L10_33;FILL_L50_6;0.001;
[2026-09-23 06:33:08,475] [SUBPROCESS]    C428;CTX_L10_33;FILL_L50_9;0.12;
[2026-09-23 06:33:08,476] [SUBPROCESS]    C429;CTX_L10_33;FILL_L8_10;0.058;
[2026-09-23 06:33:08,477] [SUBPROCESS]    C430;CTX_L10_33;FILL_L8_11;0.059;
[2026-09-23 06:33:08,478] [SUBPROCESS]    C431;CTX_L10_33;FILL_L8_16;0.02;
[2026-09-23 06:33:08,479] [SUBPROCESS]    C432;CTX_L10_33;FILL_L8_17;0.001;
[2026-09-23 06:33:08,480] [SUBPROCESS]    C433;CTX_L10_33;FILL_L8_23;0.285;
[2026-09-23 06:33:08,481] [SUBPROCESS]    C434;CTX_L10_33;FILL_L8_24;0.001;
[2026-09-23 06:33:08,483] [SUBPROCESS]    C435;CTX_L10_33;FILL_L8_4;0.058;
[2026-09-23 06:33:08,484] [SUBPROCESS]    C436;CTX_L10_33;FILL_L8_9;0.001;
[2026-09-23 06:33:08,485] [SUBPROCESS]    C437;CTX_L10_33;VSUBS;0.856;
[2026-09-23 06:33:08,486] [SUBPROCESS]    C438;CTX_L10_35,CTX_L8_16,CTX_L8_34;CTX_L30_15;0.028;
[2026-09-23 06:33:08,487] [SUBPROCESS]    C439;CTX_L10_35,CTX_L8_16,CTX_L8_34;CTX_L30_16;0.022;
[2026-09-23 06:33:08,488] [SUBPROCESS]    C440;CTX_L10_35,CTX_L8_16,CTX_L8_34;CTX_L30_17;0.022;
[2026-09-23 06:33:08,489] [SUBPROCESS]    C441;CTX_L10_35,CTX_L8_16,CTX_L8_34;CTX_L30_18;0.024;
[2026-09-23 06:33:08,490] [SUBPROCESS]    C442;CTX_L10_35,CTX_L8_16,CTX_L8_34;CTX_L30_19;0.024;
[2026-09-23 06:33:08,491] [SUBPROCESS]    C443;CTX_L10_35,CTX_L8_16,CTX_L8_34;CTX_L30_20;0.024;
[2026-09-23 06:33:08,492] [SUBPROCESS]    C444;CTX_L10_35,CTX_L8_16,CTX_L8_34;CTX_L30_21;0.022;
[2026-09-23 06:33:08,493] [SUBPROCESS]    C445;CTX_L10_35,CTX_L8_16,CTX_L8_34;CTX_L30_22;0.022;
[2026-09-23 06:33:08,495] [SUBPROCESS]    C446;CTX_L10_35,CTX_L8_16,CTX_L8_34;CTX_L30_23;0.024;
[2026-09-23 06:33:08,496] [SUBPROCESS]    C447;CTX_L10_35,CTX_L8_16,CTX_L8_34;CTX_L30_24;0.024;
[2026-09-23 06:33:08,497] [SUBPROCESS]    C448;CTX_L10_35,CTX_L8_16,CTX_L8_34;CTX_L30_25;0.006;
[2026-09-23 06:33:08,498] [SUBPROCESS]    C449;CTX_L10_35,CTX_L8_16,CTX_L8_34;CTX_L8_39;0.134;
[2026-09-23 06:33:08,499] [SUBPROCESS]    C450;CTX_L10_35,CTX_L8_16,CTX_L8_34;FILL_L10_23;0.034;
[2026-09-23 06:33:08,500] [SUBPROCESS]    C451;CTX_L10_35,CTX_L8_16,CTX_L8_34;FILL_L10_34;0.034;
[2026-09-23 06:33:08,501] [SUBPROCESS]    C452;CTX_L10_35,CTX_L8_16,CTX_L8_34;FILL_L10_4;0.0;
[2026-09-23 06:33:08,502] [SUBPROCESS]    C453;CTX_L10_35,CTX_L8_16,CTX_L8_34;FILL_L10_43;0.034;
[2026-09-23 06:33:08,504] [SUBPROCESS]    C454;CTX_L10_35,CTX_L8_16,CTX_L8_34;FILL_L126_2;0.013;
[2026-09-23 06:33:08,505] [SUBPROCESS]    C455;CTX_L10_35,CTX_L8_16,CTX_L8_34;FILL_L134_5;0.003;
[2026-09-23 06:33:08,506] [SUBPROCESS]    C456;CTX_L10_35,CTX_L8_16,CTX_L8_34;FILL_L50_10;0.043;
[2026-09-23 06:33:08,507] [SUBPROCESS]    C457;CTX_L10_35,CTX_L8_16,CTX_L8_34;FILL_L50_17;0.014;
[2026-09-23 06:33:08,508] [SUBPROCESS]    C458;CTX_L10_35,CTX_L8_16,CTX_L8_34;FILL_L50_18;0.002;
[2026-09-23 06:33:08,509] [SUBPROCESS]    C459;CTX_L10_35,CTX_L8_16,CTX_L8_34;FILL_L50_24;0.033;
[2026-09-23 06:33:08,511] [SUBPROCESS]    C460;CTX_L10_35,CTX_L8_16,CTX_L8_34;FILL_L50_25;0.008;
[2026-09-23 06:33:08,512] [SUBPROCESS]    C461;CTX_L10_35,CTX_L8_16,CTX_L8_34;FILL_L50_3;0.0;
[2026-09-23 06:33:08,513] [SUBPROCESS]    C462;CTX_L10_35,CTX_L8_16,CTX_L8_34;FILL_L8_24;0.14;
[2026-09-23 06:33:08,514] [SUBPROCESS]    C463;CTX_L10_35,CTX_L8_16,CTX_L8_34;FILL_L8_25;0.025;
[2026-09-23 06:33:08,515] [SUBPROCESS]    C464;CTX_L10_35,CTX_L8_16,CTX_L8_34;VSUBS;0.725;
[2026-09-23 06:33:08,516] [SUBPROCESS]    C465;CTX_L10_37,CTX_L8_20,CTX_L8_36;CTX_L30_15;0.022;
[2026-09-23 06:33:08,517] [SUBPROCESS]    C466;CTX_L10_37,CTX_L8_20,CTX_L8_36;CTX_L30_16;0.018;
[2026-09-23 06:33:08,518] [SUBPROCESS]    C467;CTX_L10_37,CTX_L8_20,CTX_L8_36;CTX_L30_17;0.018;
[2026-09-23 06:33:08,519] [SUBPROCESS]    C468;CTX_L10_37,CTX_L8_20,CTX_L8_36;CTX_L30_18;0.018;
[2026-09-23 06:33:08,521] [SUBPROCESS]    C469;CTX_L10_37,CTX_L8_20,CTX_L8_36;CTX_L30_19;0.018;
[2026-09-23 06:33:08,522] [SUBPROCESS]    C470;CTX_L10_37,CTX_L8_20,CTX_L8_36;CTX_L30_20;0.018;
[2026-09-23 06:33:08,523] [SUBPROCESS]    C471;CTX_L10_37,CTX_L8_20,CTX_L8_36;CTX_L30_21;0.018;
[2026-09-23 06:33:08,524] [SUBPROCESS]    C472;CTX_L10_37,CTX_L8_20,CTX_L8_36;CTX_L30_22;0.018;
[2026-09-23 06:33:08,525] [SUBPROCESS]    C473;CTX_L10_37,CTX_L8_20,CTX_L8_36;CTX_L30_23;0.018;
[2026-09-23 06:33:08,526] [SUBPROCESS]    C474;CTX_L10_37,CTX_L8_20,CTX_L8_36;CTX_L30_24;0.018;
[2026-09-23 06:33:08,527] [SUBPROCESS]    C475;CTX_L10_37,CTX_L8_20,CTX_L8_36;CTX_L30_25;0.005;
[2026-09-23 06:33:08,528] [SUBPROCESS]    C476;CTX_L10_37,CTX_L8_20,CTX_L8_36;CTX_L8_39;0.096;
[2026-09-23 06:33:08,529] [SUBPROCESS]    C477;CTX_L10_37,CTX_L8_20,CTX_L8_36;FILL_L126_2;0.004;
[2026-09-23 06:33:08,530] [SUBPROCESS]    C478;CTX_L10_37,CTX_L8_20,CTX_L8_36;FILL_L126_3;0.005;
[2026-09-23 06:33:08,531] [SUBPROCESS]    C479;CTX_L10_37,CTX_L8_20,CTX_L8_36;FILL_L134_5;0.003;
[2026-09-23 06:33:08,532] [SUBPROCESS]    C480;CTX_L10_37,CTX_L8_20,CTX_L8_36;FILL_L134_6;0.003;
[2026-09-23 06:33:08,533] [SUBPROCESS]    C481;CTX_L10_37,CTX_L8_20,CTX_L8_36;FILL_L50_11;0.012;
[2026-09-23 06:33:08,534] [SUBPROCESS]    C482;CTX_L10_37,CTX_L8_20,CTX_L8_36;FILL_L50_18;0.003;
[2026-09-23 06:33:08,535] [SUBPROCESS]    C483;CTX_L10_37,CTX_L8_20,CTX_L8_36;FILL_L50_25;0.014;
[2026-09-23 06:33:08,536] [SUBPROCESS]    C484;CTX_L10_37,CTX_L8_20,CTX_L8_36;FILL_L8_26;0.18;
[2026-09-23 06:33:08,537] [SUBPROCESS]    C485;CTX_L10_37,CTX_L8_20,CTX_L8_36;VSUBS;1.033;
[2026-09-23 06:33:08,538] [SUBPROCESS]    C486;CTX_L10_4,CTX_L8_2,CTX_L8_6;CTX_L10_5,CTX_L8_1,CTX_L8_9;0.011;
[2026-09-23 06:33:08,540] [SUBPROCESS]    C487;CTX_L10_4,CTX_L8_2,CTX_L8_6;CTX_L126_1;0.0;
[2026-09-23 06:33:08,541] [SUBPROCESS]    C488;CTX_L10_4,CTX_L8_2,CTX_L8_6;CTX_L8_39;0.229;
[2026-09-23 06:33:08,542] [SUBPROCESS]    C489;CTX_L10_4,CTX_L8_2,CTX_L8_6;FILL_L126_1;0.014;
[2026-09-23 06:33:08,543] [SUBPROCESS]    C490;CTX_L10_4,CTX_L8_2,CTX_L8_6;FILL_L126_2;0.002;
[2026-09-23 06:33:08,544] [SUBPROCESS]    C491;CTX_L10_4,CTX_L8_2,CTX_L8_6;FILL_L134_3;0.0;
[2026-09-23 06:33:08,545] [SUBPROCESS]    C492;CTX_L10_4,CTX_L8_2,CTX_L8_6;FILL_L134_4;0.0;
[2026-09-23 06:33:08,546] [SUBPROCESS]    C493;CTX_L10_4,CTX_L8_2,CTX_L8_6;FILL_L134_5;0.0;
[2026-09-23 06:33:08,547] [SUBPROCESS]    C494;CTX_L10_4,CTX_L8_2,CTX_L8_6;FILL_L30_3;0.002;
[2026-09-23 06:33:08,548] [SUBPROCESS]    C495;CTX_L10_4,CTX_L8_2,CTX_L8_6;FILL_L50_10;0.007;
[2026-09-23 06:33:08,549] [SUBPROCESS]    C496;CTX_L10_4,CTX_L8_2,CTX_L8_6;FILL_L50_2;0.004;
[2026-09-23 06:33:08,551] [SUBPROCESS]    C497;CTX_L10_4,CTX_L8_2,CTX_L8_6;FILL_L50_3;0.009;
[2026-09-23 06:33:08,552] [SUBPROCESS]    C498;CTX_L10_4,CTX_L8_2,CTX_L8_6;FILL_L50_9;0.0;
[2026-09-23 06:33:08,553] [SUBPROCESS]    C499;CTX_L10_4,CTX_L8_2,CTX_L8_6;VSUBS;0.305;
[2026-09-23 06:33:08,554] [SUBPROCESS]    C500;CTX_L10_5,CTX_L8_1,CTX_L8_9;CTX_L10_6,CTX_L8_10,CTX_L8_3;0.143;
[2026-09-23 06:33:08,555] [SUBPROCESS]    C501;CTX_L10_5,CTX_L8_1,CTX_L8_9;CTX_L8_39;0.273;
[2026-09-23 06:33:08,556] [SUBPROCESS]    C502;CTX_L10_5,CTX_L8_1,CTX_L8_9;FILL_L10_3;0.006;
[2026-09-23 06:33:08,557] [SUBPROCESS]    C503;CTX_L10_5,CTX_L8_1,CTX_L8_9;FILL_L10_4;0.021;
[2026-09-23 06:33:08,558] [SUBPROCESS]    C504;CTX_L10_5,CTX_L8_1,CTX_L8_9;FILL_L10_5;0.024;
[2026-09-23 06:33:08,559] [SUBPROCESS]    C505;CTX_L10_5,CTX_L8_1,CTX_L8_9;FILL_L126_1;0.002;
[2026-09-23 06:33:08,560] [SUBPROCESS]    C506;CTX_L10_5,CTX_L8_1,CTX_L8_9;FILL_L126_2;0.03;
[2026-09-23 06:33:08,562] [SUBPROCESS]    C507;CTX_L10_5,CTX_L8_1,CTX_L8_9;FILL_L30_3;0.0;
[2026-09-23 06:33:08,563] [SUBPROCESS]    C508;CTX_L10_5,CTX_L8_1,CTX_L8_9;FILL_L30_4;0.003;
[2026-09-23 06:33:08,564] [SUBPROCESS]    C509;CTX_L10_5,CTX_L8_1,CTX_L8_9;FILL_L30_5;0.012;
[2026-09-23 06:33:08,565] [SUBPROCESS]    C510;CTX_L10_5,CTX_L8_1,CTX_L8_9;FILL_L50_10;0.002;
[2026-09-23 06:33:08,566] [SUBPROCESS]    C511;CTX_L10_5,CTX_L8_1,CTX_L8_9;FILL_L50_11;0.001;
[2026-09-23 06:33:08,567] [SUBPROCESS]    C512;CTX_L10_5,CTX_L8_1,CTX_L8_9;FILL_L50_3;0.02;
[2026-09-23 06:33:08,568] [SUBPROCESS]    C513;CTX_L10_5,CTX_L8_1,CTX_L8_9;FILL_L50_4;0.039;
[2026-09-23 06:33:08,569] [SUBPROCESS]    C514;CTX_L10_5,CTX_L8_1,CTX_L8_9;VSUBS;0.246;
[2026-09-23 06:33:08,571] [SUBPROCESS]    C515;CTX_L10_6,CTX_L8_10,CTX_L8_3;CTX_L8_39;0.229;
[2026-09-23 06:33:08,572] [SUBPROCESS]    C516;CTX_L10_6,CTX_L8_10,CTX_L8_3;FILL_L10_5;0.002;
[2026-09-23 06:33:08,575] [SUBPROCESS]    C517;CTX_L10_6,CTX_L8_10,CTX_L8_3;FILL_L126_2;0.009;
[2026-09-23 06:33:08,576] [SUBPROCESS]    C518;CTX_L10_6,CTX_L8_10,CTX_L8_3;FILL_L30_5;0.0;
[2026-09-23 06:33:08,577] [SUBPROCESS]    C519;CTX_L10_6,CTX_L8_10,CTX_L8_3;FILL_L50_11;0.017;
[2026-09-23 06:33:08,578] [SUBPROCESS]    C520;CTX_L10_6,CTX_L8_10,CTX_L8_3;FILL_L50_3;0.002;
[2026-09-23 06:33:08,579] [SUBPROCESS]    C521;CTX_L10_6,CTX_L8_10,CTX_L8_3;FILL_L50_4;0.025;
[2026-09-23 06:33:08,580] [SUBPROCESS]    C522;CTX_L10_6,CTX_L8_10,CTX_L8_3;VSUBS;0.306;
[2026-09-23 06:33:08,582] [SUBPROCESS]    C523;CTX_L126_0;CTX_L30_1,CTX_L50_0,CTX_L67_0;1.741;
[2026-09-23 06:33:08,583] [SUBPROCESS]    C524;CTX_L126_0;CTX_L30_7;0.004;
[2026-09-23 06:33:08,584] [SUBPROCESS]    C525;CTX_L126_0;CTX_L50_1;0.284;
[2026-09-23 06:33:08,585] [SUBPROCESS]    C526;CTX_L126_0;CTX_L50_2;0.228;
[2026-09-23 06:33:08,586] [SUBPROCESS]    C527;CTX_L126_0;CTX_L50_3;0.173;
[2026-09-23 06:33:08,587] [SUBPROCESS]    C528;CTX_L126_0;CTX_L50_4;0.001;
[2026-09-23 06:33:08,588] [SUBPROCESS]    C529;CTX_L126_0;CTX_L50_5;0.001;
[2026-09-23 06:33:08,589] [SUBPROCESS]    C530;CTX_L126_0;CTX_L50_6;0.001;
[2026-09-23 06:33:08,591] [SUBPROCESS]    C531;CTX_L126_0;FILL_L10_0;0.006;
[2026-09-23 06:33:08,592] [SUBPROCESS]    C532;CTX_L126_0;FILL_L10_12;0.009;
[2026-09-23 06:33:08,593] [SUBPROCESS]    C533;CTX_L126_0;FILL_L10_14;0.01;
[2026-09-23 06:33:08,594] [SUBPROCESS]    C534;CTX_L126_0;FILL_L10_20;0.01;
[2026-09-23 06:33:08,595] [SUBPROCESS]    C535;CTX_L126_0;FILL_L10_21;0.004;
[2026-09-23 06:33:08,596] [SUBPROCESS]    C536;CTX_L126_0;FILL_L10_26;0.004;
[2026-09-23 06:33:08,597] [SUBPROCESS]    C537;CTX_L126_0;FILL_L10_30;0.009;
[2026-09-23 06:33:08,598] [SUBPROCESS]    C538;CTX_L126_0;FILL_L10_35;0.001;
[2026-09-23 06:33:08,600] [SUBPROCESS]    C539;CTX_L126_0;FILL_L10_6;0.01;
[2026-09-23 06:33:08,601] [SUBPROCESS]    C540;CTX_L126_0;FILL_L126_0;0.334;
[2026-09-23 06:33:08,602] [SUBPROCESS]    C541;CTX_L126_0;FILL_L126_4;0.346;
[2026-09-23 06:33:08,603] [SUBPROCESS]    C542;CTX_L126_0;FILL_L134_0;0.574;
[2026-09-23 06:33:08,604] [SUBPROCESS]    C543;CTX_L126_0;FILL_L134_7;0.591;
[2026-09-23 06:33:08,605] [SUBPROCESS]    C544;CTX_L126_0;FILL_L30_12;0.016;
[2026-09-23 06:33:08,606] [SUBPROCESS]    C545;CTX_L126_0;FILL_L30_17;0.025;
[2026-09-23 06:33:08,608] [SUBPROCESS]    C546;CTX_L126_0;FILL_L30_18;0.014;
[2026-09-23 06:33:08,609] [SUBPROCESS]    C547;CTX_L126_0;FILL_L30_19;0.027;
[2026-09-23 06:33:08,610] [SUBPROCESS]    C548;CTX_L126_0;FILL_L30_26;0.186;
[2026-09-23 06:33:08,611] [SUBPROCESS]    C549;CTX_L126_0;FILL_L30_27;0.028;
[2026-09-23 06:33:08,612] [SUBPROCESS]    C550;CTX_L126_0;FILL_L30_35;0.137;
[2026-09-23 06:33:08,613] [SUBPROCESS]    C551;CTX_L126_0;FILL_L30_36;0.015;
[2026-09-23 06:33:08,614] [SUBPROCESS]    C552;CTX_L126_0;FILL_L30_7;0.016;
[2026-09-23 06:33:08,615] [SUBPROCESS]    C553;CTX_L126_0;FILL_L30_8;0.019;
[2026-09-23 06:33:08,616] [SUBPROCESS]    C554;CTX_L126_0;FILL_L8_0;0.053;
[2026-09-23 06:33:08,617] [SUBPROCESS]    C555;CTX_L126_0;FILL_L8_1;0.019;
[2026-09-23 06:33:08,618] [SUBPROCESS]    C556;CTX_L126_0;FILL_L8_12;0.015;
[2026-09-23 06:33:08,619] [SUBPROCESS]    C557;CTX_L126_0;FILL_L8_13;0.027;
[2026-09-23 06:33:08,620] [SUBPROCESS]    C558;CTX_L126_0;FILL_L8_18;0.029;
[2026-09-23 06:33:08,622] [SUBPROCESS]    C559;CTX_L126_0;FILL_L8_19;0.026;
[2026-09-23 06:33:08,623] [SUBPROCESS]    C560;CTX_L126_0;FILL_L8_28;0.003;
[2026-09-23 06:33:08,624] [SUBPROCESS]    C561;CTX_L126_0;FILL_L8_5;0.055;
[2026-09-23 06:33:08,625] [SUBPROCESS]    C562;CTX_L126_0;FILL_L8_6;0.021;
[2026-09-23 06:33:08,626] [SUBPROCESS]    C563;CTX_L126_0;VSUBS;1.286;
[2026-09-23 06:33:08,627] [SUBPROCESS]    C564;CTX_L126_1;CTX_L50_10;0.297;
[2026-09-23 06:33:08,628] [SUBPROCESS]    C565;CTX_L126_1;CTX_L50_7;0.016;
[2026-09-23 06:33:08,629] [SUBPROCESS]    C566;CTX_L126_1;CTX_L50_8;0.019;
[2026-09-23 06:33:08,630] [SUBPROCESS]    C567;CTX_L126_1;CTX_L50_9;0.071;
[2026-09-23 06:33:08,632] [SUBPROCESS]    C568;CTX_L126_1;CTX_L8_38;0.042;
[2026-09-23 06:33:08,633] [SUBPROCESS]    C569;CTX_L126_1;CTX_L8_39;0.124;
[2026-09-23 06:33:08,634] [SUBPROCESS]    C570;CTX_L126_1;FILL_L10_10;0.094;
[2026-09-23 06:33:08,635] [SUBPROCESS]    C571;CTX_L126_1;FILL_L10_11;0.029;
[2026-09-23 06:33:08,636] [SUBPROCESS]    C572;CTX_L126_1;FILL_L10_17;0.032;
[2026-09-23 06:33:08,637] [SUBPROCESS]    C573;CTX_L126_1;FILL_L10_18;0.118;
[2026-09-23 06:33:08,638] [SUBPROCESS]    C574;CTX_L126_1;FILL_L10_19;0.092;
[2026-09-23 06:33:08,639] [SUBPROCESS]    C575;CTX_L126_1;FILL_L10_2;0.01;
[2026-09-23 06:33:08,641] [SUBPROCESS]    C576;CTX_L126_1;FILL_L10_26;0.001;
[2026-09-23 06:33:08,642] [SUBPROCESS]    C577;CTX_L126_1;FILL_L10_27;0.038;
[2026-09-23 06:33:08,643] [SUBPROCESS]    C578;CTX_L126_1;FILL_L10_28;0.119;
[2026-09-23 06:33:08,644] [SUBPROCESS]    C579;CTX_L126_1;FILL_L10_29;0.071;
[2026-09-23 06:33:08,645] [SUBPROCESS]    C580;CTX_L126_1;FILL_L10_33;0.003;
[2026-09-23 06:33:08,646] [SUBPROCESS]    C581;CTX_L126_1;FILL_L10_37;0.003;
[2026-09-23 06:33:08,647] [SUBPROCESS]    C582;CTX_L126_1;FILL_L10_38;0.042;
[2026-09-23 06:33:08,648] [SUBPROCESS]    C583;CTX_L126_1;FILL_L10_39;0.12;
[2026-09-23 06:33:08,650] [SUBPROCESS]    C584;CTX_L126_1;FILL_L10_41;0.061;
[2026-09-23 06:33:08,651] [SUBPROCESS]    C585;CTX_L126_1;FILL_L10_42;0.001;
[2026-09-23 06:33:08,652] [SUBPROCESS]    C586;CTX_L126_1;FILL_L10_47;0.004;
[2026-09-23 06:33:08,653] [SUBPROCESS]    C587;CTX_L126_1;FILL_L10_48;0.008;
[2026-09-23 06:33:08,654] [SUBPROCESS]    C588;CTX_L126_1;FILL_L10_8;0.001;
[2026-09-23 06:33:08,655] [SUBPROCESS]    C589;CTX_L126_1;FILL_L10_9;0.03;
[2026-09-23 06:33:08,656] [SUBPROCESS]    C590;CTX_L126_1;FILL_L126_1;0.322;
[2026-09-23 06:33:08,658] [SUBPROCESS]    C591;CTX_L126_1;FILL_L134_2;0.291;
[2026-09-23 06:33:08,659] [SUBPROCESS]    C592;CTX_L126_1;FILL_L134_3;0.837;
[2026-09-23 06:33:08,660] [SUBPROCESS]    C593;CTX_L126_1;FILL_L134_9;0.443;
[2026-09-23 06:33:08,661] [SUBPROCESS]    C594;CTX_L126_1;FILL_L30_0;0.017;
[2026-09-23 06:33:08,662] [SUBPROCESS]    C595;CTX_L126_1;FILL_L30_1;0.002;
[2026-09-23 06:33:08,663] [SUBPROCESS]    C596;CTX_L126_1;FILL_L30_10;0.015;
[2026-09-23 06:33:08,665] [SUBPROCESS]    C597;CTX_L126_1;FILL_L30_11;0.036;
[2026-09-23 06:33:08,666] [SUBPROCESS]    C598;CTX_L126_1;FILL_L30_13;0.015;
[2026-09-23 06:33:08,667] [SUBPROCESS]    C599;CTX_L126_1;FILL_L30_14;0.021;
[2026-09-23 06:33:08,668] [SUBPROCESS]    C600;CTX_L126_1;FILL_L30_16;0.036;
[2026-09-23 06:33:08,669] [SUBPROCESS]    C601;CTX_L126_1;FILL_L30_20;0.041;
[2026-09-23 06:33:08,670] [SUBPROCESS]    C602;CTX_L126_1;FILL_L30_21;0.014;
[2026-09-23 06:33:08,671] [SUBPROCESS]    C603;CTX_L126_1;FILL_L30_22;0.036;
[2026-09-23 06:33:08,672] [SUBPROCESS]    C604;CTX_L126_1;FILL_L30_23;0.014;
[2026-09-23 06:33:08,674] [SUBPROCESS]    C605;CTX_L126_1;FILL_L30_24;0.036;
[2026-09-23 06:33:08,675] [SUBPROCESS]    C606;CTX_L126_1;FILL_L30_25;0.118;
[2026-09-23 06:33:08,676] [SUBPROCESS]    C607;CTX_L126_1;FILL_L30_28;0.041;
[2026-09-23 06:33:08,677] [SUBPROCESS]    C608;CTX_L126_1;FILL_L30_29;0.015;
[2026-09-23 06:33:08,679] [SUBPROCESS]    C609;CTX_L126_1;FILL_L30_30;0.036;
[2026-09-23 06:33:08,680] [SUBPROCESS]    C610;CTX_L126_1;FILL_L30_31;0.015;
[2026-09-23 06:33:08,681] [SUBPROCESS]    C611;CTX_L126_1;FILL_L30_32;0.036;
[2026-09-23 06:33:08,682] [SUBPROCESS]    C612;CTX_L126_1;FILL_L30_33;0.118;
[2026-09-23 06:33:08,683] [SUBPROCESS]    C613;CTX_L126_1;FILL_L30_37;0.037;
[2026-09-23 06:33:08,684] [SUBPROCESS]    C614;CTX_L126_1;FILL_L30_38;0.008;
[2026-09-23 06:33:08,685] [SUBPROCESS]    C615;CTX_L126_1;FILL_L30_9;0.026;
[2026-09-23 06:33:08,686] [SUBPROCESS]    C616;CTX_L126_1;FILL_L50_1;0.06;
[2026-09-23 06:33:08,687] [SUBPROCESS]    C617;CTX_L126_1;FILL_L50_13;0.062;
[2026-09-23 06:33:08,689] [SUBPROCESS]    C618;CTX_L126_1;FILL_L50_15;0.062;
[2026-09-23 06:33:08,690] [SUBPROCESS]    C619;CTX_L126_1;FILL_L50_16;0.06;
[2026-09-23 06:33:08,691] [SUBPROCESS]    C620;CTX_L126_1;FILL_L50_2;0.016;
[2026-09-23 06:33:08,692] [SUBPROCESS]    C621;CTX_L126_1;FILL_L50_20;0.062;
[2026-09-23 06:33:08,693] [SUBPROCESS]    C622;CTX_L126_1;FILL_L50_22;0.032;
[2026-09-23 06:33:08,694] [SUBPROCESS]    C623;CTX_L126_1;FILL_L50_23;0.053;
[2026-09-23 06:33:08,695] [SUBPROCESS]    C624;CTX_L126_1;FILL_L50_6;0.062;
[2026-09-23 06:33:08,696] [SUBPROCESS]    C625;CTX_L126_1;FILL_L50_8;0.062;
[2026-09-23 06:33:08,697] [SUBPROCESS]    C626;CTX_L126_1;FILL_L50_9;0.022;
[2026-09-23 06:33:08,698] [SUBPROCESS]    C627;CTX_L126_1;FILL_L8_10;0.002;
[2026-09-23 06:33:08,699] [SUBPROCESS]    C628;CTX_L126_1;FILL_L8_17;0.006;
[2026-09-23 06:33:08,700] [SUBPROCESS]    C629;CTX_L126_1;FILL_L8_22;0.006;
[2026-09-23 06:33:08,701] [SUBPROCESS]    C630;CTX_L126_1;FILL_L8_23;0.012;
[2026-09-23 06:33:08,703] [SUBPROCESS]    C631;CTX_L126_1;FILL_L8_30;0.0;
[2026-09-23 06:33:08,704] [SUBPROCESS]    C632;CTX_L126_1;FILL_L8_9;0.006;
[2026-09-23 06:33:08,705] [SUBPROCESS]    C633;CTX_L126_1;N;0.231;
[2026-09-23 06:33:08,706] [SUBPROCESS]    C634;CTX_L126_1;P;0.399;
[2026-09-23 06:33:08,707] [SUBPROCESS]    C635;CTX_L126_1;VSUBS;1.144;
[2026-09-23 06:33:08,708] [SUBPROCESS]    C636;CTX_L30_1,CTX_L50_0,CTX_L67_0;CTX_L30_7;0.059;
[2026-09-23 06:33:08,709] [SUBPROCESS]    C637;CTX_L30_1,CTX_L50_0,CTX_L67_0;CTX_L50_1;0.222;
[2026-09-23 06:33:08,711] [SUBPROCESS]    C638;CTX_L30_1,CTX_L50_0,CTX_L67_0;CTX_L50_2;0.028;
[2026-09-23 06:33:08,712] [SUBPROCESS]    C639;CTX_L30_1,CTX_L50_0,CTX_L67_0;CTX_L50_3;0.012;
[2026-09-23 06:33:08,713] [SUBPROCESS]    C640;CTX_L30_1,CTX_L50_0,CTX_L67_0;FILL_L10_12;0.003;
[2026-09-23 06:33:08,714] [SUBPROCESS]    C641;CTX_L30_1,CTX_L50_0,CTX_L67_0;FILL_L10_14;0.004;
[2026-09-23 06:33:08,715] [SUBPROCESS]    C642;CTX_L30_1,CTX_L50_0,CTX_L67_0;FILL_L10_20;0.004;
[2026-09-23 06:33:08,716] [SUBPROCESS]    C643;CTX_L30_1,CTX_L50_0,CTX_L67_0;FILL_L10_21;0.001;
[2026-09-23 06:33:08,717] [SUBPROCESS]    C644;CTX_L30_1,CTX_L50_0,CTX_L67_0;FILL_L10_30;0.004;
[2026-09-23 06:33:08,718] [SUBPROCESS]    C645;CTX_L30_1,CTX_L50_0,CTX_L67_0;FILL_L10_31;0.001;
[2026-09-23 06:33:08,720] [SUBPROCESS]    C646;CTX_L30_1,CTX_L50_0,CTX_L67_0;FILL_L10_6;0.004;
[2026-09-23 06:33:08,721] [SUBPROCESS]    C647;CTX_L30_1,CTX_L50_0,CTX_L67_0;FILL_L10_7;0.001;
[2026-09-23 06:33:08,722] [SUBPROCESS]    C648;CTX_L30_1,CTX_L50_0,CTX_L67_0;FILL_L126_0;0.007;
[2026-09-23 06:33:08,723] [SUBPROCESS]    C649;CTX_L30_1,CTX_L50_0,CTX_L67_0;FILL_L126_4;0.009;
[2026-09-23 06:33:08,724] [SUBPROCESS]    C650;CTX_L30_1,CTX_L50_0,CTX_L67_0;FILL_L134_0;0.009;
[2026-09-23 06:33:08,725] [SUBPROCESS]    C651;CTX_L30_1,CTX_L50_0,CTX_L67_0;FILL_L134_7;0.011;
[2026-09-23 06:33:08,726] [SUBPROCESS]    C652;CTX_L30_1,CTX_L50_0,CTX_L67_0;FILL_L30_12;0.007;
[2026-09-23 06:33:08,727] [SUBPROCESS]    C653;CTX_L30_1,CTX_L50_0,CTX_L67_0;FILL_L30_17;0.044;
[2026-09-23 06:33:08,729] [SUBPROCESS]    C654;CTX_L30_1,CTX_L50_0,CTX_L67_0;FILL_L30_18;0.003;
[2026-09-23 06:33:08,730] [SUBPROCESS]    C655;CTX_L30_1,CTX_L50_0,CTX_L67_0;FILL_L30_19;0.015;
[2026-09-23 06:33:08,731] [SUBPROCESS]    C656;CTX_L30_1,CTX_L50_0,CTX_L67_0;FILL_L30_26;0.188;
[2026-09-23 06:33:08,732] [SUBPROCESS]    C657;CTX_L30_1,CTX_L50_0,CTX_L67_0;FILL_L30_27;0.013;
[2026-09-23 06:33:08,733] [SUBPROCESS]    C658;CTX_L30_1,CTX_L50_0,CTX_L67_0;FILL_L30_35;0.16;
[2026-09-23 06:33:08,734] [SUBPROCESS]    C659;CTX_L30_1,CTX_L50_0,CTX_L67_0;FILL_L30_36;0.011;
[2026-09-23 06:33:08,735] [SUBPROCESS]    C660;CTX_L30_1,CTX_L50_0,CTX_L67_0;FILL_L30_7;0.009;
[2026-09-23 06:33:08,736] [SUBPROCESS]    C661;CTX_L30_1,CTX_L50_0,CTX_L67_0;FILL_L30_8;0.004;
[2026-09-23 06:33:08,737] [SUBPROCESS]    C662;CTX_L30_1,CTX_L50_0,CTX_L67_0;FILL_L8_0;0.042;
[2026-09-23 06:33:08,739] [SUBPROCESS]    C663;CTX_L30_1,CTX_L50_0,CTX_L67_0;FILL_L8_1;0.006;
[2026-09-23 06:33:08,740] [SUBPROCESS]    C664;CTX_L30_1,CTX_L50_0,CTX_L67_0;FILL_L8_12;0.021;
[2026-09-23 06:33:08,741] [SUBPROCESS]    C665;CTX_L30_1,CTX_L50_0,CTX_L67_0;FILL_L8_13;0.013;
[2026-09-23 06:33:08,742] [SUBPROCESS]    C666;CTX_L30_1,CTX_L50_0,CTX_L67_0;FILL_L8_18;0.038;
[2026-09-23 06:33:08,743] [SUBPROCESS]    C667;CTX_L30_1,CTX_L50_0,CTX_L67_0;FILL_L8_19;0.018;
[2026-09-23 06:33:08,744] [SUBPROCESS]    C668;CTX_L30_1,CTX_L50_0,CTX_L67_0;FILL_L8_27;0.001;
[2026-09-23 06:33:08,745] [SUBPROCESS]    C669;CTX_L30_1,CTX_L50_0,CTX_L67_0;FILL_L8_28;0.002;
[2026-09-23 06:33:08,746] [SUBPROCESS]    C670;CTX_L30_1,CTX_L50_0,CTX_L67_0;FILL_L8_5;0.059;
[2026-09-23 06:33:08,747] [SUBPROCESS]    C671;CTX_L30_1,CTX_L50_0,CTX_L67_0;FILL_L8_6;0.01;
[2026-09-23 06:33:08,749] [SUBPROCESS]    C672;CTX_L30_1,CTX_L50_0,CTX_L67_0;VSUBS;0.916;
[2026-09-23 06:33:08,750] [SUBPROCESS]    C673;CTX_L30_15;CTX_L30_16;1.646;
[2026-09-23 06:33:08,751] [SUBPROCESS]    C674;CTX_L30_15;FILL_L10_23;0.0;
[2026-09-23 06:33:08,752] [SUBPROCESS]    C675;CTX_L30_15;FILL_L10_32;0.002;
[2026-09-23 06:33:08,753] [SUBPROCESS]    C676;CTX_L30_15;FILL_L10_34;0.006;
[2026-09-23 06:33:08,755] [SUBPROCESS]    C677;CTX_L30_15;FILL_L126_2;0.003;
[2026-09-23 06:33:08,756] [SUBPROCESS]    C678;CTX_L30_15;FILL_L134_5;0.003;
[2026-09-23 06:33:08,757] [SUBPROCESS]    C679;CTX_L30_15;FILL_L30_33;0.001;
[2026-09-23 06:33:08,758] [SUBPROCESS]    C680;CTX_L30_15;FILL_L50_17;0.032;
[2026-09-23 06:33:08,759] [SUBPROCESS]    C681;CTX_L30_15;FILL_L50_18;0.055;
[2026-09-23 06:33:08,760] [SUBPROCESS]    C682;CTX_L30_15;FILL_L50_24;0.005;
[2026-09-23 06:33:08,761] [SUBPROCESS]    C683;CTX_L30_15;FILL_L50_25;0.008;
[2026-09-23 06:33:08,762] [SUBPROCESS]    C684;CTX_L30_15;FILL_L8_24;0.002;
[2026-09-23 06:33:08,764] [SUBPROCESS]    C685;CTX_L30_15;FILL_L8_25;0.004;
[2026-09-23 06:33:08,765] [SUBPROCESS]    C686;CTX_L30_15;FILL_L8_26;0.001;
[2026-09-23 06:33:08,766] [SUBPROCESS]    C687;CTX_L30_15;VSUBS;0.1;
[2026-09-23 06:33:08,767] [SUBPROCESS]    C688;CTX_L30_16;CTX_L30_17;1.646;
[2026-09-23 06:33:08,768] [SUBPROCESS]    C689;CTX_L30_16;FILL_L10_32;0.0;
[2026-09-23 06:33:08,769] [SUBPROCESS]    C690;CTX_L30_16;FILL_L10_33;0.001;
[2026-09-23 06:33:08,770] [SUBPROCESS]    C691;CTX_L30_16;FILL_L10_34;0.039;
[2026-09-23 06:33:08,771] [SUBPROCESS]    C692;CTX_L30_16;FILL_L126_2;0.002;
[2026-09-23 06:33:08,772] [SUBPROCESS]    C693;CTX_L30_16;FILL_L134_5;0.003;
[2026-09-23 06:33:08,773] [SUBPROCESS]    C694;CTX_L30_16;FILL_L30_33;0.001;
[2026-09-23 06:33:08,774] [SUBPROCESS]    C695;CTX_L30_16;FILL_L50_17;0.008;
[2026-09-23 06:33:08,776] [SUBPROCESS]    C696;CTX_L30_16;FILL_L50_18;0.014;
[2026-09-23 06:33:08,777] [SUBPROCESS]    C697;CTX_L30_16;FILL_L50_24;0.01;
[2026-09-23 06:33:08,778] [SUBPROCESS]    C698;CTX_L30_16;FILL_L50_25;0.017;
[2026-09-23 06:33:08,779] [SUBPROCESS]    C699;CTX_L30_16;FILL_L8_23;0.001;
[2026-09-23 06:33:08,780] [SUBPROCESS]    C700;CTX_L30_16;FILL_L8_24;0.019;
[2026-09-23 06:33:08,781] [SUBPROCESS]    C701;CTX_L30_16;FILL_L8_25;0.024;
[2026-09-23 06:33:08,783] [SUBPROCESS]    C702;CTX_L30_16;FILL_L8_26;0.008;
[2026-09-23 06:33:08,784] [SUBPROCESS]    C703;CTX_L30_16;VSUBS;0.036;
[2026-09-23 06:33:08,785] [SUBPROCESS]    C704;CTX_L30_17;CTX_L30_18;1.646;
[2026-09-23 06:33:08,786] [SUBPROCESS]    C705;CTX_L30_17;FILL_L10_33;0.001;
[2026-09-23 06:33:08,787] [SUBPROCESS]    C706;CTX_L30_17;FILL_L10_34;0.053;
[2026-09-23 06:33:08,788] [SUBPROCESS]    C707;CTX_L30_17;FILL_L126_2;0.002;
[2026-09-23 06:33:08,789] [SUBPROCESS]    C708;CTX_L30_17;FILL_L134_5;0.003;
[2026-09-23 06:33:08,790] [SUBPROCESS]    C709;CTX_L30_17;FILL_L30_33;0.001;
[2026-09-23 06:33:08,791] [SUBPROCESS]    C710;CTX_L30_17;FILL_L50_17;0.004;
[2026-09-23 06:33:08,792] [SUBPROCESS]    C711;CTX_L30_17;FILL_L50_18;0.008;
[2026-09-23 06:33:08,793] [SUBPROCESS]    C712;CTX_L30_17;FILL_L50_24;0.02;
[2026-09-23 06:33:08,794] [SUBPROCESS]    C713;CTX_L30_17;FILL_L50_25;0.034;
[2026-09-23 06:33:08,796] [SUBPROCESS]    C714;CTX_L30_17;FILL_L8_23;0.001;
[2026-09-23 06:33:08,797] [SUBPROCESS]    C715;CTX_L30_17;FILL_L8_24;0.026;
[2026-09-23 06:33:08,798] [SUBPROCESS]    C716;CTX_L30_17;FILL_L8_25;0.034;
[2026-09-23 06:33:08,799] [SUBPROCESS]    C717;CTX_L30_17;FILL_L8_26;0.011;
[2026-09-23 06:33:08,800] [SUBPROCESS]    C718;CTX_L30_17;VSUBS;0.025;
[2026-09-23 06:33:08,801] [SUBPROCESS]    C719;CTX_L30_18;CTX_L30_19;1.646;
[2026-09-23 06:33:08,802] [SUBPROCESS]    C720;CTX_L30_18;FILL_L10_34;0.021;
[2026-09-23 06:33:08,803] [SUBPROCESS]    C721;CTX_L30_18;FILL_L10_43;0.002;
[2026-09-23 06:33:08,804] [SUBPROCESS]    C722;CTX_L30_18;FILL_L30_33;0.001;
[2026-09-23 06:33:08,805] [SUBPROCESS]    C723;CTX_L30_18;FILL_L50_17;0.0;
[2026-09-23 06:33:08,806] [SUBPROCESS]    C724;CTX_L30_18;FILL_L50_18;0.0;
[2026-09-23 06:33:08,807] [SUBPROCESS]    C725;CTX_L30_18;FILL_L50_23;0.001;
[2026-09-23 06:33:08,808] [SUBPROCESS]    C726;CTX_L30_18;FILL_L50_24;0.074;
[2026-09-23 06:33:08,810] [SUBPROCESS]    C727;CTX_L30_18;FILL_L50_25;0.115;
[2026-09-23 06:33:08,811] [SUBPROCESS]    C728;CTX_L30_18;FILL_L8_23;0.002;
[2026-09-23 06:33:08,812] [SUBPROCESS]    C729;CTX_L30_18;FILL_L8_24;0.026;
[2026-09-23 06:33:08,813] [SUBPROCESS]    C730;CTX_L30_18;FILL_L8_25;0.042;
[2026-09-23 06:33:08,814] [SUBPROCESS]    C731;CTX_L30_18;FILL_L8_26;0.011;
[2026-09-23 06:33:08,815] [SUBPROCESS]    C732;CTX_L30_18;VSUBS;0.025;
[2026-09-23 06:33:08,816] [SUBPROCESS]    C733;CTX_L30_19;CTX_L30_20;1.646;
[2026-09-23 06:33:08,817] [SUBPROCESS]    C734;CTX_L30_19;FILL_L10_34;0.005;
[2026-09-23 06:33:08,818] [SUBPROCESS]    C735;CTX_L30_19;FILL_L10_40;0.002;
[2026-09-23 06:33:08,819] [SUBPROCESS]    C736;CTX_L30_19;FILL_L10_43;0.003;
[2026-09-23 06:33:08,820] [SUBPROCESS]    C737;CTX_L30_19;FILL_L30_33;0.001;
[2026-09-23 06:33:08,821] [SUBPROCESS]    C738;CTX_L30_19;FILL_L50_23;0.001;
[2026-09-23 06:33:08,822] [SUBPROCESS]    C739;CTX_L30_19;FILL_L50_24;0.098;
[2026-09-23 06:33:08,823] [SUBPROCESS]    C740;CTX_L30_19;FILL_L50_25;0.155;
[2026-09-23 06:33:08,825] [SUBPROCESS]    C741;CTX_L30_19;FILL_L8_23;0.002;
[2026-09-23 06:33:08,826] [SUBPROCESS]    C742;CTX_L30_19;FILL_L8_24;0.026;
[2026-09-23 06:33:08,827] [SUBPROCESS]    C743;CTX_L30_19;FILL_L8_25;0.046;
[2026-09-23 06:33:08,828] [SUBPROCESS]    C744;CTX_L30_19;FILL_L8_26;0.011;
[2026-09-23 06:33:08,829] [SUBPROCESS]    C745;CTX_L30_19;VSUBS;0.024;
[2026-09-23 06:33:08,830] [SUBPROCESS]    C746;CTX_L30_20;CTX_L30_21;1.646;
[2026-09-23 06:33:08,831] [SUBPROCESS]    C747;CTX_L30_20;FILL_L10_34;0.003;
[2026-09-23 06:33:08,832] [SUBPROCESS]    C748;CTX_L30_20;FILL_L10_40;0.002;
[2026-09-23 06:33:08,833] [SUBPROCESS]    C749;CTX_L30_20;FILL_L10_43;0.006;
[2026-09-23 06:33:08,834] [SUBPROCESS]    C750;CTX_L30_20;FILL_L30_33;0.0;
[2026-09-23 06:33:08,835] [SUBPROCESS]    C751;CTX_L30_20;FILL_L30_34;0.002;
[2026-09-23 06:33:08,836] [SUBPROCESS]    C752;CTX_L30_20;FILL_L50_24;0.098;
[2026-09-23 06:33:08,837] [SUBPROCESS]    C753;CTX_L30_20;FILL_L50_25;0.155;
[2026-09-23 06:33:08,839] [SUBPROCESS]    C754;CTX_L30_20;FILL_L8_23;0.001;
[2026-09-23 06:33:08,840] [SUBPROCESS]    C755;CTX_L30_20;FILL_L8_24;0.026;
[2026-09-23 06:33:08,841] [SUBPROCESS]    C756;CTX_L30_20;FILL_L8_25;0.046;
[2026-09-23 06:33:08,842] [SUBPROCESS]    C757;CTX_L30_20;FILL_L8_26;0.011;
[2026-09-23 06:33:08,843] [SUBPROCESS]    C758;CTX_L30_20;VSUBS;0.024;
[2026-09-23 06:33:08,844] [SUBPROCESS]    C759;CTX_L30_21;CTX_L30_22;1.646;
[2026-09-23 06:33:08,845] [SUBPROCESS]    C760;CTX_L30_21;FILL_L10_34;0.0;
[2026-09-23 06:33:08,846] [SUBPROCESS]    C761;CTX_L30_21;FILL_L10_40;0.0;
[2026-09-23 06:33:08,847] [SUBPROCESS]    C762;CTX_L30_21;FILL_L10_42;0.0;
[2026-09-23 06:33:08,848] [SUBPROCESS]    C763;CTX_L30_21;FILL_L10_43;0.04;
[2026-09-23 06:33:08,849] [SUBPROCESS]    C764;CTX_L30_21;FILL_L30_34;0.003;
[2026-09-23 06:33:08,850] [SUBPROCESS]    C765;CTX_L30_21;FILL_L50_24;0.098;
[2026-09-23 06:33:08,851] [SUBPROCESS]    C766;CTX_L30_21;FILL_L50_25;0.155;
[2026-09-23 06:33:08,852] [SUBPROCESS]    C767;CTX_L30_21;FILL_L8_24;0.026;
[2026-09-23 06:33:08,854] [SUBPROCESS]    C768;CTX_L30_21;FILL_L8_25;0.038;
[2026-09-23 06:33:08,855] [SUBPROCESS]    C769;CTX_L30_21;FILL_L8_26;0.011;
[2026-09-23 06:33:08,856] [SUBPROCESS]    C770;CTX_L30_21;VSUBS;0.025;
[2026-09-23 06:33:08,857] [SUBPROCESS]    C771;CTX_L30_22;CTX_L30_23;1.646;
[2026-09-23 06:33:08,858] [SUBPROCESS]    C772;CTX_L30_22;FILL_L10_42;0.001;
[2026-09-23 06:33:08,860] [SUBPROCESS]    C773;CTX_L30_22;FILL_L10_43;0.053;
[2026-09-23 06:33:08,861] [SUBPROCESS]    C774;CTX_L30_22;FILL_L30_34;0.0;
[2026-09-23 06:33:08,862] [SUBPROCESS]    C775;CTX_L30_22;FILL_L50_23;0.001;
[2026-09-23 06:33:08,863] [SUBPROCESS]    C776;CTX_L30_22;FILL_L50_24;0.098;
[2026-09-23 06:33:08,864] [SUBPROCESS]    C777;CTX_L30_22;FILL_L50_25;0.155;
[2026-09-23 06:33:08,865] [SUBPROCESS]    C778;CTX_L30_22;FILL_L8_23;0.001;
[2026-09-23 06:33:08,866] [SUBPROCESS]    C779;CTX_L30_22;FILL_L8_24;0.026;
[2026-09-23 06:33:08,867] [SUBPROCESS]    C780;CTX_L30_22;FILL_L8_25;0.034;
[2026-09-23 06:33:08,868] [SUBPROCESS]    C781;CTX_L30_22;FILL_L8_26;0.011;
[2026-09-23 06:33:08,869] [SUBPROCESS]    C782;CTX_L30_22;VSUBS;0.026;
[2026-09-23 06:33:08,870] [SUBPROCESS]    C783;CTX_L30_23;CTX_L30_24;1.646;
[2026-09-23 06:33:08,871] [SUBPROCESS]    C784;CTX_L30_23;FILL_L10_43;0.021;
[2026-09-23 06:33:08,872] [SUBPROCESS]    C785;CTX_L30_23;FILL_L50_23;0.001;
[2026-09-23 06:33:08,873] [SUBPROCESS]    C786;CTX_L30_23;FILL_L50_24;0.098;
[2026-09-23 06:33:08,874] [SUBPROCESS]    C787;CTX_L30_23;FILL_L50_25;0.155;
[2026-09-23 06:33:08,875] [SUBPROCESS]    C788;CTX_L30_23;FILL_L8_24;0.009;
[2026-09-23 06:33:08,876] [SUBPROCESS]    C789;CTX_L30_23;FILL_L8_25;0.014;
[2026-09-23 06:33:08,877] [SUBPROCESS]    C790;CTX_L30_23;FILL_L8_26;0.004;
[2026-09-23 06:33:08,878] [SUBPROCESS]    C791;CTX_L30_23;VSUBS;0.057;
[2026-09-23 06:33:08,880] [SUBPROCESS]    C792;CTX_L30_24;CTX_L30_25;1.646;
[2026-09-23 06:33:08,881] [SUBPROCESS]    C793;CTX_L30_24;FILL_L10_43;0.005;
[2026-09-23 06:33:08,882] [SUBPROCESS]    C794;CTX_L30_24;FILL_L50_23;0.001;
[2026-09-23 06:33:08,883] [SUBPROCESS]    C795;CTX_L30_24;FILL_L50_24;0.098;
[2026-09-23 06:33:08,884] [SUBPROCESS]    C796;CTX_L30_24;FILL_L50_25;0.155;
[2026-09-23 06:33:08,885] [SUBPROCESS]    C797;CTX_L30_24;FILL_L8_24;0.002;
[2026-09-23 06:33:08,886] [SUBPROCESS]    C798;CTX_L30_24;FILL_L8_25;0.005;
[2026-09-23 06:33:08,887] [SUBPROCESS]    C799;CTX_L30_24;FILL_L8_26;0.001;
[2026-09-23 06:33:08,888] [SUBPROCESS]    C800;CTX_L30_24;VSUBS;0.069;
[2026-09-23 06:33:08,889] [SUBPROCESS]    C801;CTX_L30_25;FILL_L10_43;0.0;
[2026-09-23 06:33:08,890] [SUBPROCESS]    C802;CTX_L30_25;FILL_L50_23;0.0;
[2026-09-23 06:33:08,892] [SUBPROCESS]    C803;CTX_L30_25;FILL_L50_24;0.031;
[2026-09-23 06:33:08,893] [SUBPROCESS]    C804;CTX_L30_25;FILL_L50_25;0.05;
[2026-09-23 06:33:08,894] [SUBPROCESS]    C805;CTX_L30_25;FILL_L8_24;0.0;
[2026-09-23 06:33:08,895] [SUBPROCESS]    C806;CTX_L30_25;FILL_L8_25;0.001;
[2026-09-23 06:33:08,896] [SUBPROCESS]    C807;CTX_L30_25;FILL_L8_26;0.0;
[2026-09-23 06:33:08,897] [SUBPROCESS]    C808;CTX_L30_25;VSUBS;0.316;
[2026-09-23 06:33:08,898] [SUBPROCESS]    C809;CTX_L30_7;CTX_L50_1;0.002;
[2026-09-23 06:33:08,899] [SUBPROCESS]    C810;CTX_L30_7;CTX_L50_2;0.0;
[2026-09-23 06:33:08,900] [SUBPROCESS]    C811;CTX_L30_7;FILL_L10_12;0.001;
[2026-09-23 06:33:08,901] [SUBPROCESS]    C812;CTX_L30_7;FILL_L30_12;0.004;
[2026-09-23 06:33:08,903] [SUBPROCESS]    C813;CTX_L30_7;FILL_L30_17;0.002;
[2026-09-23 06:33:08,904] [SUBPROCESS]    C814;CTX_L30_7;FILL_L8_0;0.002;
[2026-09-23 06:33:08,905] [SUBPROCESS]    C815;CTX_L30_7;FILL_L8_5;0.013;
[2026-09-23 06:33:08,906] [SUBPROCESS]    C816;CTX_L30_7;VSUBS;0.072;
[2026-09-23 06:33:08,907] [SUBPROCESS]    C817;CTX_L50_1;CTX_L50_2;3.488;
[2026-09-23 06:33:08,908] [SUBPROCESS]    C818;CTX_L50_1;FILL_L30_12;0.002;
[2026-09-23 06:33:08,909] [SUBPROCESS]    C819;CTX_L50_1;FILL_L30_17;0.02;
[2026-09-23 06:33:08,910] [SUBPROCESS]    C820;CTX_L50_1;FILL_L30_18;0.002;
[2026-09-23 06:33:08,911] [SUBPROCESS]    C821;CTX_L50_1;FILL_L30_19;0.0;
[2026-09-23 06:33:08,912] [SUBPROCESS]    C822;CTX_L50_1;FILL_L30_26;0.268;
[2026-09-23 06:33:08,913] [SUBPROCESS]    C823;CTX_L50_1;FILL_L30_35;0.23;
[2026-09-23 06:33:08,914] [SUBPROCESS]    C824;CTX_L50_1;FILL_L30_7;0.002;
[2026-09-23 06:33:08,915] [SUBPROCESS]    C825;CTX_L50_1;FILL_L30_8;0.0;
[2026-09-23 06:33:08,916] [SUBPROCESS]    C826;CTX_L50_1;FILL_L8_0;0.041;
[2026-09-23 06:33:08,917] [SUBPROCESS]    C827;CTX_L50_1;FILL_L8_12;0.014;
[2026-09-23 06:33:08,919] [SUBPROCESS]    C828;CTX_L50_1;FILL_L8_18;0.028;
[2026-09-23 06:33:08,920] [SUBPROCESS]    C829;CTX_L50_1;FILL_L8_5;0.044;
[2026-09-23 06:33:08,921] [SUBPROCESS]    C830;CTX_L50_1;VSUBS;0.447;
[2026-09-23 06:33:08,922] [SUBPROCESS]    C831;CTX_L50_10;CTX_L50_9;0.272;
[2026-09-23 06:33:08,923] [SUBPROCESS]    C832;CTX_L50_10;CTX_L8_38;0.021;
[2026-09-23 06:33:08,924] [SUBPROCESS]    C833;CTX_L50_10;FILL_L10_10;0.1;
[2026-09-23 06:33:08,925] [SUBPROCESS]    C834;CTX_L50_10;FILL_L10_17;0.003;
[2026-09-23 06:33:08,926] [SUBPROCESS]    C835;CTX_L50_10;FILL_L10_18;0.119;
[2026-09-23 06:33:08,927] [SUBPROCESS]    C836;CTX_L50_10;FILL_L10_19;0.0;
[2026-09-23 06:33:08,928] [SUBPROCESS]    C837;CTX_L50_10;FILL_L10_27;0.004;
[2026-09-23 06:33:08,929] [SUBPROCESS]    C838;CTX_L50_10;FILL_L10_28;0.119;
[2026-09-23 06:33:08,930] [SUBPROCESS]    C839;CTX_L50_10;FILL_L10_29;0.0;
[2026-09-23 06:33:08,931] [SUBPROCESS]    C840;CTX_L50_10;FILL_L10_38;0.004;
[2026-09-23 06:33:08,932] [SUBPROCESS]    C841;CTX_L50_10;FILL_L10_39;0.12;
[2026-09-23 06:33:08,933] [SUBPROCESS]    C842;CTX_L50_10;FILL_L10_41;0.0;
[2026-09-23 06:33:08,934] [SUBPROCESS]    C843;CTX_L50_10;FILL_L10_48;0.006;
[2026-09-23 06:33:08,935] [SUBPROCESS]    C844;CTX_L50_10;FILL_L10_9;0.003;
[2026-09-23 06:33:08,936] [SUBPROCESS]    C845;CTX_L50_10;FILL_L134_2;0.023;
[2026-09-23 06:33:08,937] [SUBPROCESS]    C846;CTX_L50_10;FILL_L134_9;0.023;
[2026-09-23 06:33:08,938] [SUBPROCESS]    C847;CTX_L50_10;FILL_L30_0;0.0;
[2026-09-23 06:33:08,939] [SUBPROCESS]    C848;CTX_L50_10;FILL_L30_10;0.003;
[2026-09-23 06:33:08,940] [SUBPROCESS]    C849;CTX_L50_10;FILL_L30_11;0.001;
[2026-09-23 06:33:08,941] [SUBPROCESS]    C850;CTX_L50_10;FILL_L30_13;0.003;
[2026-09-23 06:33:08,942] [SUBPROCESS]    C851;CTX_L50_10;FILL_L30_14;0.0;
[2026-09-23 06:33:08,943] [SUBPROCESS]    C852;CTX_L50_10;FILL_L30_16;0.001;
[2026-09-23 06:33:08,945] [SUBPROCESS]    C853;CTX_L50_10;FILL_L30_20;0.0;
[2026-09-23 06:33:08,946] [SUBPROCESS]    C854;CTX_L50_10;FILL_L30_21;0.003;
[2026-09-23 06:33:08,947] [SUBPROCESS]    C855;CTX_L50_10;FILL_L30_22;0.001;
[2026-09-23 06:33:08,948] [SUBPROCESS]    C856;CTX_L50_10;FILL_L30_23;0.003;
[2026-09-23 06:33:08,949] [SUBPROCESS]    C857;CTX_L50_10;FILL_L30_24;0.001;
[2026-09-23 06:33:08,950] [SUBPROCESS]    C858;CTX_L50_10;FILL_L30_25;0.0;
[2026-09-23 06:33:08,951] [SUBPROCESS]    C859;CTX_L50_10;FILL_L30_28;0.0;
[2026-09-23 06:33:08,952] [SUBPROCESS]    C860;CTX_L50_10;FILL_L30_29;0.003;
[2026-09-23 06:33:08,953] [SUBPROCESS]    C861;CTX_L50_10;FILL_L30_30;0.001;
[2026-09-23 06:33:08,954] [SUBPROCESS]    C862;CTX_L50_10;FILL_L30_31;0.003;
[2026-09-23 06:33:08,955] [SUBPROCESS]    C863;CTX_L50_10;FILL_L30_32;0.001;
[2026-09-23 06:33:08,956] [SUBPROCESS]    C864;CTX_L50_10;FILL_L30_33;0.0;
[2026-09-23 06:33:08,957] [SUBPROCESS]    C865;CTX_L50_10;FILL_L30_37;0.0;
[2026-09-23 06:33:08,958] [SUBPROCESS]    C866;CTX_L50_10;FILL_L30_38;0.001;
[2026-09-23 06:33:08,959] [SUBPROCESS]    C867;CTX_L50_10;FILL_L30_9;0.0;
[2026-09-23 06:33:08,961] [SUBPROCESS]    C868;CTX_L50_10;N;1.296;
[2026-09-23 06:33:08,962] [SUBPROCESS]    C869;CTX_L50_10;VSUBS;0.222;
[2026-09-23 06:33:08,963] [SUBPROCESS]    C870;CTX_L50_2;CTX_L50_3;1.296;
[2026-09-23 06:33:08,964] [SUBPROCESS]    C871;CTX_L50_2;FILL_L10_0;0.004;
[2026-09-23 06:33:08,965] [SUBPROCESS]    C872;CTX_L50_2;FILL_L10_12;0.008;
[2026-09-23 06:33:08,966] [SUBPROCESS]    C873;CTX_L50_2;FILL_L10_14;0.008;
[2026-09-23 06:33:08,967] [SUBPROCESS]    C874;CTX_L50_2;FILL_L10_20;0.008;
[2026-09-23 06:33:08,968] [SUBPROCESS]    C875;CTX_L50_2;FILL_L10_30;0.008;
[2026-09-23 06:33:08,970] [SUBPROCESS]    C876;CTX_L50_2;FILL_L10_6;0.008;
[2026-09-23 06:33:08,971] [SUBPROCESS]    C877;CTX_L50_2;FILL_L30_12;0.004;
[2026-09-23 06:33:08,972] [SUBPROCESS]    C878;CTX_L50_2;FILL_L30_17;0.002;
[2026-09-23 06:33:08,973] [SUBPROCESS]    C879;CTX_L50_2;FILL_L30_18;0.004;
[2026-09-23 06:33:08,974] [SUBPROCESS]    C880;CTX_L50_2;FILL_L30_19;0.001;
[2026-09-23 06:33:08,975] [SUBPROCESS]    C881;CTX_L50_2;FILL_L30_26;0.223;
[2026-09-23 06:33:08,976] [SUBPROCESS]    C882;CTX_L50_2;FILL_L30_35;0.19;
[2026-09-23 06:33:08,977] [SUBPROCESS]    C883;CTX_L50_2;FILL_L30_7;0.004;
[2026-09-23 06:33:08,978] [SUBPROCESS]    C884;CTX_L50_2;FILL_L30_8;0.0;
[2026-09-23 06:33:08,979] [SUBPROCESS]    C885;CTX_L50_2;FILL_L8_0;0.027;
[2026-09-23 06:33:08,980] [SUBPROCESS]    C886;CTX_L50_2;FILL_L8_12;0.008;
[2026-09-23 06:33:08,981] [SUBPROCESS]    C887;CTX_L50_2;FILL_L8_18;0.018;
[2026-09-23 06:33:08,983] [SUBPROCESS]    C888;CTX_L50_2;FILL_L8_5;0.032;
[2026-09-23 06:33:08,984] [SUBPROCESS]    C889;CTX_L50_2;VSUBS;0.034;
[2026-09-23 06:33:08,985] [SUBPROCESS]    C890;CTX_L50_3;CTX_L50_4;0.164;
[2026-09-23 06:33:08,986] [SUBPROCESS]    C891;CTX_L50_3;FILL_L10_0;0.009;
[2026-09-23 06:33:08,987] [SUBPROCESS]    C892;CTX_L50_3;FILL_L10_12;0.01;
[2026-09-23 06:33:08,988] [SUBPROCESS]    C893;CTX_L50_3;FILL_L10_14;0.014;
[2026-09-23 06:33:08,989] [SUBPROCESS]    C894;CTX_L50_3;FILL_L10_20;0.016;
[2026-09-23 06:33:08,990] [SUBPROCESS]    C895;CTX_L50_3;FILL_L10_21;0.002;
[2026-09-23 06:33:08,991] [SUBPROCESS]    C896;CTX_L50_3;FILL_L10_30;0.016;
[2026-09-23 06:33:08,992] [SUBPROCESS]    C897;CTX_L50_3;FILL_L10_31;0.002;
[2026-09-23 06:33:08,993] [SUBPROCESS]    C898;CTX_L50_3;FILL_L10_35;0.001;
[2026-09-23 06:33:08,995] [SUBPROCESS]    C899;CTX_L50_3;FILL_L10_6;0.014;
[2026-09-23 06:33:08,996] [SUBPROCESS]    C900;CTX_L50_3;FILL_L10_7;0.001;
[2026-09-23 06:33:08,997] [SUBPROCESS]    C901;CTX_L50_3;FILL_L126_0;0.047;
[2026-09-23 06:33:08,998] [SUBPROCESS]    C902;CTX_L50_3;FILL_L126_4;0.049;
[2026-09-23 06:33:08,999] [SUBPROCESS]    C903;CTX_L50_3;FILL_L134_0;0.019;
[2026-09-23 06:33:09,000] [SUBPROCESS]    C904;CTX_L50_3;FILL_L134_7;0.019;
[2026-09-23 06:33:09,001] [SUBPROCESS]    C905;CTX_L50_3;FILL_L30_12;0.055;
[2026-09-23 06:33:09,002] [SUBPROCESS]    C906;CTX_L50_3;FILL_L30_18;0.055;
[2026-09-23 06:33:09,004] [SUBPROCESS]    C907;CTX_L50_3;FILL_L30_19;0.02;
[2026-09-23 06:33:09,005] [SUBPROCESS]    C908;CTX_L50_3;FILL_L30_26;0.282;
[2026-09-23 06:33:09,006] [SUBPROCESS]    C909;CTX_L50_3;FILL_L30_27;0.019;
[2026-09-23 06:33:09,007] [SUBPROCESS]    C910;CTX_L50_3;FILL_L30_35;0.243;
[2026-09-23 06:33:09,008] [SUBPROCESS]    C911;CTX_L50_3;FILL_L30_36;0.016;
[2026-09-23 06:33:09,009] [SUBPROCESS]    C912;CTX_L50_3;FILL_L30_7;0.054;
[2026-09-23 06:33:09,010] [SUBPROCESS]    C913;CTX_L50_3;FILL_L30_8;0.012;
[2026-09-23 06:33:09,011] [SUBPROCESS]    C914;CTX_L50_3;FILL_L8_0;0.017;
[2026-09-23 06:33:09,012] [SUBPROCESS]    C915;CTX_L50_3;FILL_L8_1;0.019;
[2026-09-23 06:33:09,013] [SUBPROCESS]    C916;CTX_L50_3;FILL_L8_12;0.002;
[2026-09-23 06:33:09,014] [SUBPROCESS]    C917;CTX_L50_3;FILL_L8_13;0.025;
[2026-09-23 06:33:09,015] [SUBPROCESS]    C918;CTX_L50_3;FILL_L8_18;0.013;
[2026-09-23 06:33:09,016] [SUBPROCESS]    C919;CTX_L50_3;FILL_L8_19;0.033;
[2026-09-23 06:33:09,017] [SUBPROCESS]    C920;CTX_L50_3;FILL_L8_28;0.003;
[2026-09-23 06:33:09,018] [SUBPROCESS]    C921;CTX_L50_3;FILL_L8_5;0.021;
[2026-09-23 06:33:09,019] [SUBPROCESS]    C922;CTX_L50_3;FILL_L8_6;0.019;
[2026-09-23 06:33:09,020] [SUBPROCESS]    C923;CTX_L50_3;VSUBS;0.221;
[2026-09-23 06:33:09,021] [SUBPROCESS]    C924;CTX_L50_4;CTX_L50_5;3.488;
[2026-09-23 06:33:09,022] [SUBPROCESS]    C925;CTX_L50_4;FILL_L10_0;0.0;
[2026-09-23 06:33:09,023] [SUBPROCESS]    C926;CTX_L50_4;FILL_L10_14;0.0;
[2026-09-23 06:33:09,024] [SUBPROCESS]    C927;CTX_L50_4;FILL_L10_20;0.0;
[2026-09-23 06:33:09,025] [SUBPROCESS]    C928;CTX_L50_4;FILL_L10_21;0.011;
[2026-09-23 06:33:09,026] [SUBPROCESS]    C929;CTX_L50_4;FILL_L10_26;0.001;
[2026-09-23 06:33:09,028] [SUBPROCESS]    C930;CTX_L50_4;FILL_L10_30;0.0;
[2026-09-23 06:33:09,029] [SUBPROCESS]    C931;CTX_L50_4;FILL_L10_31;0.011;
[2026-09-23 06:33:09,030] [SUBPROCESS]    C932;CTX_L50_4;FILL_L10_37;0.003;
[2026-09-23 06:33:09,031] [SUBPROCESS]    C933;CTX_L50_4;FILL_L10_6;0.0;
[2026-09-23 06:33:09,032] [SUBPROCESS]    C934;CTX_L50_4;FILL_L10_7;0.005;
[2026-09-23 06:33:09,033] [SUBPROCESS]    C935;CTX_L50_4;FILL_L10_8;0.001;
[2026-09-23 06:33:09,034] [SUBPROCESS]    C936;CTX_L50_4;FILL_L126_0;0.184;
[2026-09-23 06:33:09,035] [SUBPROCESS]    C937;CTX_L50_4;FILL_L126_4;0.19;
[2026-09-23 06:33:09,036] [SUBPROCESS]    C938;CTX_L50_4;FILL_L134_0;0.005;
[2026-09-23 06:33:09,037] [SUBPROCESS]    C939;CTX_L50_4;FILL_L134_1;0.003;
[2026-09-23 06:33:09,038] [SUBPROCESS]    C940;CTX_L50_4;FILL_L134_7;0.005;
[2026-09-23 06:33:09,039] [SUBPROCESS]    C941;CTX_L50_4;FILL_L134_8;0.003;
[2026-09-23 06:33:09,040] [SUBPROCESS]    C942;CTX_L50_4;FILL_L30_12;0.001;
[2026-09-23 06:33:09,041] [SUBPROCESS]    C943;CTX_L50_4;FILL_L30_18;0.001;
[2026-09-23 06:33:09,042] [SUBPROCESS]    C944;CTX_L50_4;FILL_L30_19;0.296;
[2026-09-23 06:33:09,043] [SUBPROCESS]    C945;CTX_L50_4;FILL_L30_26;0.002;
[2026-09-23 06:33:09,045] [SUBPROCESS]    C946;CTX_L50_4;FILL_L30_27;0.296;
[2026-09-23 06:33:09,046] [SUBPROCESS]    C947;CTX_L50_4;FILL_L30_35;0.002;
[2026-09-23 06:33:09,047] [SUBPROCESS]    C948;CTX_L50_4;FILL_L30_36;0.255;
[2026-09-23 06:33:09,048] [SUBPROCESS]    C949;CTX_L50_4;FILL_L30_7;0.001;
[2026-09-23 06:33:09,049] [SUBPROCESS]    C950;CTX_L50_4;FILL_L30_8;0.182;
[2026-09-23 06:33:09,050] [SUBPROCESS]    C951;CTX_L50_4;FILL_L8_0;0.001;
[2026-09-23 06:33:09,051] [SUBPROCESS]    C952;CTX_L50_4;FILL_L8_1;0.015;
[2026-09-23 06:33:09,052] [SUBPROCESS]    C953;CTX_L50_4;FILL_L8_13;0.021;
[2026-09-23 06:33:09,053] [SUBPROCESS]    C954;CTX_L50_4;FILL_L8_14;0.001;
[2026-09-23 06:33:09,054] [SUBPROCESS]    C955;CTX_L50_4;FILL_L8_18;0.001;
[2026-09-23 06:33:09,056] [SUBPROCESS]    C956;CTX_L50_4;FILL_L8_19;0.035;
[2026-09-23 06:33:09,057] [SUBPROCESS]    C957;CTX_L50_4;FILL_L8_2;0.0;
[2026-09-23 06:33:09,058] [SUBPROCESS]    C958;CTX_L50_4;FILL_L8_20;0.001;
[2026-09-23 06:33:09,059] [SUBPROCESS]    C959;CTX_L50_4;FILL_L8_28;0.002;
[2026-09-23 06:33:09,060] [SUBPROCESS]    C960;CTX_L50_4;FILL_L8_5;0.001;
[2026-09-23 06:33:09,061] [SUBPROCESS]    C961;CTX_L50_4;FILL_L8_6;0.013;
[2026-09-23 06:33:09,062] [SUBPROCESS]    C962;CTX_L50_4;VSUBS;0.184;
[2026-09-23 06:33:09,063] [SUBPROCESS]    C963;CTX_L50_5;CTX_L50_6;3.488;
[2026-09-23 06:33:09,064] [SUBPROCESS]    C964;CTX_L50_5;FILL_L10_16;0.01;
[2026-09-23 06:33:09,065] [SUBPROCESS]    C965;CTX_L50_5;FILL_L10_21;0.001;
[2026-09-23 06:33:09,067] [SUBPROCESS]    C966;CTX_L50_5;FILL_L10_26;0.011;
[2026-09-23 06:33:09,068] [SUBPROCESS]    C967;CTX_L50_5;FILL_L10_31;0.001;
[2026-09-23 06:33:09,069] [SUBPROCESS]    C968;CTX_L50_5;FILL_L10_37;0.013;
[2026-09-23 06:33:09,070] [SUBPROCESS]    C969;CTX_L50_5;FILL_L10_46;0.001;
[2026-09-23 06:33:09,071] [SUBPROCESS]    C970;CTX_L50_5;FILL_L10_7;0.001;
[2026-09-23 06:33:09,072] [SUBPROCESS]    C971;CTX_L50_5;FILL_L10_8;0.009;
[2026-09-23 06:33:09,073] [SUBPROCESS]    C972;CTX_L50_5;FILL_L126_0;0.074;
[2026-09-23 06:33:09,074] [SUBPROCESS]    C973;CTX_L50_5;FILL_L126_4;0.077;
[2026-09-23 06:33:09,075] [SUBPROCESS]    C974;CTX_L50_5;FILL_L134_1;0.003;
[2026-09-23 06:33:09,076] [SUBPROCESS]    C975;CTX_L50_5;FILL_L134_8;0.003;
[2026-09-23 06:33:09,077] [SUBPROCESS]    C976;CTX_L50_5;FILL_L30_19;0.126;
[2026-09-23 06:33:09,078] [SUBPROCESS]    C977;CTX_L50_5;FILL_L30_27;0.126;
[2026-09-23 06:33:09,080] [SUBPROCESS]    C978;CTX_L50_5;FILL_L30_36;0.106;
[2026-09-23 06:33:09,081] [SUBPROCESS]    C979;CTX_L50_5;FILL_L30_8;0.077;
[2026-09-23 06:33:09,082] [SUBPROCESS]    C980;CTX_L50_5;FILL_L8_1;0.0;
[2026-09-23 06:33:09,083] [SUBPROCESS]    C981;CTX_L50_5;FILL_L8_13;0.001;
[2026-09-23 06:33:09,085] [SUBPROCESS]    C982;CTX_L50_5;FILL_L8_14;0.001;
[2026-09-23 06:33:09,086] [SUBPROCESS]    C983;CTX_L50_5;FILL_L8_19;0.001;
[2026-09-23 06:33:09,087] [SUBPROCESS]    C984;CTX_L50_5;FILL_L8_2;0.0;
[2026-09-23 06:33:09,088] [SUBPROCESS]    C985;CTX_L50_5;FILL_L8_20;0.001;
[2026-09-23 06:33:09,089] [SUBPROCESS]    C986;CTX_L50_5;VSUBS;0.041;
[2026-09-23 06:33:09,090] [SUBPROCESS]    C987;CTX_L50_6;CTX_L50_7;0.11;
[2026-09-23 06:33:09,091] [SUBPROCESS]    C988;CTX_L50_6;FILL_L10_16;0.092;
[2026-09-23 06:33:09,092] [SUBPROCESS]    C989;CTX_L50_6;FILL_L10_17;0.001;
[2026-09-23 06:33:09,093] [SUBPROCESS]    C990;CTX_L50_6;FILL_L10_26;0.101;
[2026-09-23 06:33:09,094] [SUBPROCESS]    C991;CTX_L50_6;FILL_L10_27;0.004;
[2026-09-23 06:33:09,095] [SUBPROCESS]    C992;CTX_L50_6;FILL_L10_37;0.11;
[2026-09-23 06:33:09,096] [SUBPROCESS]    C993;CTX_L50_6;FILL_L10_38;0.006;
[2026-09-23 06:33:09,098] [SUBPROCESS]    C994;CTX_L50_6;FILL_L10_46;0.015;
[2026-09-23 06:33:09,099] [SUBPROCESS]    C995;CTX_L50_6;FILL_L10_8;0.081;
[2026-09-23 06:33:09,100] [SUBPROCESS]    C996;CTX_L50_6;FILL_L10_9;0.002;
[2026-09-23 06:33:09,101] [SUBPROCESS]    C997;CTX_L50_6;FILL_L126_0;0.131;
[2026-09-23 06:33:09,102] [SUBPROCESS]    C998;CTX_L50_6;FILL_L126_4;0.136;
[2026-09-23 06:33:09,103] [SUBPROCESS]    C999;CTX_L50_6;FILL_L134_1;0.003;
[2026-09-23 06:33:09,104] [SUBPROCESS]    C1000;CTX_L50_6;FILL_L134_2;0.013;
[2026-09-23 06:33:09,105] [SUBPROCESS]    C1001;CTX_L50_6;FILL_L134_8;0.003;
[2026-09-23 06:33:09,107] [SUBPROCESS]    C1002;CTX_L50_6;FILL_L134_9;0.014;
[2026-09-23 06:33:09,108] [SUBPROCESS]    C1003;CTX_L50_6;FILL_L30_19;0.034;
[2026-09-23 06:33:09,109] [SUBPROCESS]    C1004;CTX_L50_6;FILL_L30_20;0.025;
[2026-09-23 06:33:09,110] [SUBPROCESS]    C1005;CTX_L50_6;FILL_L30_27;0.034;
[2026-09-23 06:33:09,111] [SUBPROCESS]    C1006;CTX_L50_6;FILL_L30_28;0.025;
[2026-09-23 06:33:09,112] [SUBPROCESS]    C1007;CTX_L50_6;FILL_L30_36;0.03;
[2026-09-23 06:33:09,113] [SUBPROCESS]    C1008;CTX_L50_6;FILL_L30_37;0.025;
[2026-09-23 06:33:09,114] [SUBPROCESS]    C1009;CTX_L50_6;FILL_L30_8;0.021;
[2026-09-23 06:33:09,115] [SUBPROCESS]    C1010;CTX_L50_6;FILL_L30_9;0.018;
[2026-09-23 06:33:09,116] [SUBPROCESS]    C1011;CTX_L50_6;FILL_L50_0;0.031;
[2026-09-23 06:33:09,117] [SUBPROCESS]    C1012;CTX_L50_6;FILL_L50_12;0.031;
[2026-09-23 06:33:09,118] [SUBPROCESS]    C1013;CTX_L50_6;FILL_L50_14;0.031;
[2026-09-23 06:33:09,119] [SUBPROCESS]    C1014;CTX_L50_6;FILL_L50_19;0.031;
[2026-09-23 06:33:09,120] [SUBPROCESS]    C1015;CTX_L50_6;FILL_L50_21;0.016;
[2026-09-23 06:33:09,121] [SUBPROCESS]    C1016;CTX_L50_6;FILL_L50_5;0.031;
[2026-09-23 06:33:09,123] [SUBPROCESS]    C1017;CTX_L50_6;FILL_L50_7;0.031;
[2026-09-23 06:33:09,124] [SUBPROCESS]    C1018;CTX_L50_6;FILL_L8_14;0.002;
[2026-09-23 06:33:09,125] [SUBPROCESS]    C1019;CTX_L50_6;FILL_L8_2;0.001;
[2026-09-23 06:33:09,126] [SUBPROCESS]    C1020;CTX_L50_6;FILL_L8_20;0.002;
[2026-09-23 06:33:09,127] [SUBPROCESS]    C1021;CTX_L50_6;FILL_L8_29;0.001;
[2026-09-23 06:33:09,128] [SUBPROCESS]    C1022;CTX_L50_6;FILL_L8_7;0.002;
[2026-09-23 06:33:09,129] [SUBPROCESS]    C1023;CTX_L50_6;VSUBS;0.145;
[2026-09-23 06:33:09,130] [SUBPROCESS]    C1024;CTX_L50_7;CTX_L50_8;3.488;
[2026-09-23 06:33:09,131] [SUBPROCESS]    C1025;CTX_L50_7;CTX_L8_38;0.001;
[2026-09-23 06:33:09,132] [SUBPROCESS]    C1026;CTX_L50_7;FILL_L10_16;0.006;
[2026-09-23 06:33:09,133] [SUBPROCESS]    C1027;CTX_L50_7;FILL_L10_17;0.053;
[2026-09-23 06:33:09,134] [SUBPROCESS]    C1028;CTX_L50_7;FILL_L10_26;0.012;
[2026-09-23 06:33:09,135] [SUBPROCESS]    C1029;CTX_L50_7;FILL_L10_27;0.064;
[2026-09-23 06:33:09,136] [SUBPROCESS]    C1030;CTX_L50_7;FILL_L10_37;0.017;
[2026-09-23 06:33:09,137] [SUBPROCESS]    C1031;CTX_L50_7;FILL_L10_38;0.075;
[2026-09-23 06:33:09,138] [SUBPROCESS]    C1032;CTX_L50_7;FILL_L10_47;0.009;
[2026-09-23 06:33:09,139] [SUBPROCESS]    C1033;CTX_L50_7;FILL_L10_8;0.008;
[2026-09-23 06:33:09,140] [SUBPROCESS]    C1034;CTX_L50_7;FILL_L10_9;0.049;
[2026-09-23 06:33:09,141] [SUBPROCESS]    C1035;CTX_L50_7;FILL_L126_0;0.016;
[2026-09-23 06:33:09,143] [SUBPROCESS]    C1036;CTX_L50_7;FILL_L126_4;0.017;
[2026-09-23 06:33:09,144] [SUBPROCESS]    C1037;CTX_L50_7;FILL_L134_2;0.042;
[2026-09-23 06:33:09,145] [SUBPROCESS]    C1038;CTX_L50_7;FILL_L134_9;0.043;
[2026-09-23 06:33:09,146] [SUBPROCESS]    C1039;CTX_L50_7;FILL_L30_10;0.002;
[2026-09-23 06:33:09,147] [SUBPROCESS]    C1040;CTX_L50_7;FILL_L30_13;0.002;
[2026-09-23 06:33:09,148] [SUBPROCESS]    C1041;CTX_L50_7;FILL_L30_20;0.13;
[2026-09-23 06:33:09,149] [SUBPROCESS]    C1042;CTX_L50_7;FILL_L30_21;0.002;
[2026-09-23 06:33:09,150] [SUBPROCESS]    C1043;CTX_L50_7;FILL_L30_23;0.002;
[2026-09-23 06:33:09,151] [SUBPROCESS]    C1044;CTX_L50_7;FILL_L30_28;0.13;
[2026-09-23 06:33:09,152] [SUBPROCESS]    C1045;CTX_L50_7;FILL_L30_29;0.002;
[2026-09-23 06:33:09,153] [SUBPROCESS]    C1046;CTX_L50_7;FILL_L30_31;0.002;
[2026-09-23 06:33:09,154] [SUBPROCESS]    C1047;CTX_L50_7;FILL_L30_37;0.114;
[2026-09-23 06:33:09,155] [SUBPROCESS]    C1048;CTX_L50_7;FILL_L30_38;0.001;
[2026-09-23 06:33:09,156] [SUBPROCESS]    C1049;CTX_L50_7;FILL_L30_9;0.081;
[2026-09-23 06:33:09,158] [SUBPROCESS]    C1050;CTX_L50_7;FILL_L50_0;0.014;
[2026-09-23 06:33:09,159] [SUBPROCESS]    C1051;CTX_L50_7;FILL_L50_12;0.014;
[2026-09-23 06:33:09,160] [SUBPROCESS]    C1052;CTX_L50_7;FILL_L50_14;0.014;
[2026-09-23 06:33:09,161] [SUBPROCESS]    C1053;CTX_L50_7;FILL_L50_19;0.014;
[2026-09-23 06:33:09,162] [SUBPROCESS]    C1054;CTX_L50_7;FILL_L50_21;0.007;
[2026-09-23 06:33:09,163] [SUBPROCESS]    C1055;CTX_L50_7;FILL_L50_5;0.014;
[2026-09-23 06:33:09,164] [SUBPROCESS]    C1056;CTX_L50_7;FILL_L50_7;0.014;
[2026-09-23 06:33:09,165] [SUBPROCESS]    C1057;CTX_L50_7;FILL_L8_15;0.002;
[2026-09-23 06:33:09,166] [SUBPROCESS]    C1058;CTX_L50_7;FILL_L8_21;0.002;
[2026-09-23 06:33:09,167] [SUBPROCESS]    C1059;CTX_L50_7;FILL_L8_3;0.001;
[2026-09-23 06:33:09,168] [SUBPROCESS]    C1060;CTX_L50_7;FILL_L8_30;0.001;
[2026-09-23 06:33:09,169] [SUBPROCESS]    C1061;CTX_L50_7;FILL_L8_8;0.002;
[2026-09-23 06:33:09,170] [SUBPROCESS]    C1062;CTX_L50_7;VSUBS;0.136;
[2026-09-23 06:33:09,171] [SUBPROCESS]    C1063;CTX_L50_8;CTX_L50_9;1.296;
[2026-09-23 06:33:09,172] [SUBPROCESS]    C1064;CTX_L50_8;CTX_L8_38;0.001;
[2026-09-23 06:33:09,173] [SUBPROCESS]    C1065;CTX_L50_8;FILL_L10_17;0.066;
[2026-09-23 06:33:09,174] [SUBPROCESS]    C1066;CTX_L50_8;FILL_L10_27;0.066;
[2026-09-23 06:33:09,175] [SUBPROCESS]    C1067;CTX_L50_8;FILL_L10_38;0.066;
[2026-09-23 06:33:09,176] [SUBPROCESS]    C1068;CTX_L50_8;FILL_L10_47;0.011;
[2026-09-23 06:33:09,177] [SUBPROCESS]    C1069;CTX_L50_8;FILL_L10_9;0.055;
[2026-09-23 06:33:09,178] [SUBPROCESS]    C1070;CTX_L50_8;FILL_L126_0;0.005;
[2026-09-23 06:33:09,179] [SUBPROCESS]    C1071;CTX_L50_8;FILL_L126_4;0.005;
[2026-09-23 06:33:09,180] [SUBPROCESS]    C1072;CTX_L50_8;FILL_L134_2;0.028;
[2026-09-23 06:33:09,182] [SUBPROCESS]    C1073;CTX_L50_8;FILL_L134_9;0.029;
[2026-09-23 06:33:09,183] [SUBPROCESS]    C1074;CTX_L50_8;FILL_L30_10;0.003;
[2026-09-23 06:33:09,184] [SUBPROCESS]    C1075;CTX_L50_8;FILL_L30_13;0.003;
[2026-09-23 06:33:09,185] [SUBPROCESS]    C1076;CTX_L50_8;FILL_L30_20;0.01;
[2026-09-23 06:33:09,186] [SUBPROCESS]    C1077;CTX_L50_8;FILL_L30_21;0.003;
[2026-09-23 06:33:09,187] [SUBPROCESS]    C1078;CTX_L50_8;FILL_L30_23;0.003;
[2026-09-23 06:33:09,188] [SUBPROCESS]    C1079;CTX_L50_8;FILL_L30_28;0.01;
[2026-09-23 06:33:09,189] [SUBPROCESS]    C1080;CTX_L50_8;FILL_L30_29;0.003;
[2026-09-23 06:33:09,190] [SUBPROCESS]    C1081;CTX_L50_8;FILL_L30_31;0.003;
[2026-09-23 06:33:09,191] [SUBPROCESS]    C1082;CTX_L50_8;FILL_L30_37;0.009;
[2026-09-23 06:33:09,192] [SUBPROCESS]    C1083;CTX_L50_8;FILL_L30_38;0.001;
[2026-09-23 06:33:09,193] [SUBPROCESS]    C1084;CTX_L50_8;FILL_L30_9;0.006;
[2026-09-23 06:33:09,194] [SUBPROCESS]    C1085;CTX_L50_8;FILL_L8_15;0.002;
[2026-09-23 06:33:09,195] [SUBPROCESS]    C1086;CTX_L50_8;FILL_L8_21;0.002;
[2026-09-23 06:33:09,196] [SUBPROCESS]    C1087;CTX_L50_8;FILL_L8_3;0.001;
[2026-09-23 06:33:09,197] [SUBPROCESS]    C1088;CTX_L50_8;FILL_L8_30;0.001;
[2026-09-23 06:33:09,198] [SUBPROCESS]    C1089;CTX_L50_8;FILL_L8_8;0.002;
[2026-09-23 06:33:09,199] [SUBPROCESS]    C1090;CTX_L50_8;VSUBS;0.056;
[2026-09-23 06:33:09,200] [SUBPROCESS]    C1091;CTX_L50_9;CTX_L8_38;0.001;
[2026-09-23 06:33:09,201] [SUBPROCESS]    C1092;CTX_L50_9;FILL_L10_10;0.026;
[2026-09-23 06:33:09,202] [SUBPROCESS]    C1093;CTX_L50_9;FILL_L10_17;0.06;
[2026-09-23 06:33:09,203] [SUBPROCESS]    C1094;CTX_L50_9;FILL_L10_18;0.031;
[2026-09-23 06:33:09,204] [SUBPROCESS]    C1095;CTX_L50_9;FILL_L10_27;0.063;
[2026-09-23 06:33:09,205] [SUBPROCESS]    C1096;CTX_L50_9;FILL_L10_28;0.031;
[2026-09-23 06:33:09,206] [SUBPROCESS]    C1097;CTX_L50_9;FILL_L10_38;0.063;
[2026-09-23 06:33:09,207] [SUBPROCESS]    C1098;CTX_L50_9;FILL_L10_39;0.031;
[2026-09-23 06:33:09,208] [SUBPROCESS]    C1099;CTX_L50_9;FILL_L10_47;0.008;
[2026-09-23 06:33:09,209] [SUBPROCESS]    C1100;CTX_L50_9;FILL_L10_48;0.003;
[2026-09-23 06:33:09,210] [SUBPROCESS]    C1101;CTX_L50_9;FILL_L10_9;0.052;
[2026-09-23 06:33:09,211] [SUBPROCESS]    C1102;CTX_L50_9;FILL_L126_0;0.004;
[2026-09-23 06:33:09,212] [SUBPROCESS]    C1103;CTX_L50_9;FILL_L126_4;0.004;
[2026-09-23 06:33:09,213] [SUBPROCESS]    C1104;CTX_L50_9;FILL_L134_2;0.048;
[2026-09-23 06:33:09,214] [SUBPROCESS]    C1105;CTX_L50_9;FILL_L134_9;0.05;
[2026-09-23 06:33:09,215] [SUBPROCESS]    C1106;CTX_L50_9;FILL_L30_10;0.046;
[2026-09-23 06:33:09,216] [SUBPROCESS]    C1107;CTX_L50_9;FILL_L30_13;0.046;
[2026-09-23 06:33:09,217] [SUBPROCESS]    C1108;CTX_L50_9;FILL_L30_16;0.0;
[2026-09-23 06:33:09,218] [SUBPROCESS]    C1109;CTX_L50_9;FILL_L30_20;0.003;
[2026-09-23 06:33:09,219] [SUBPROCESS]    C1110;CTX_L50_9;FILL_L30_21;0.046;
[2026-09-23 06:33:09,220] [SUBPROCESS]    C1111;CTX_L50_9;FILL_L30_22;0.0;
[2026-09-23 06:33:09,221] [SUBPROCESS]    C1112;CTX_L50_9;FILL_L30_23;0.046;
[2026-09-23 06:33:09,222] [SUBPROCESS]    C1113;CTX_L50_9;FILL_L30_24;0.0;
[2026-09-23 06:33:09,223] [SUBPROCESS]    C1114;CTX_L50_9;FILL_L30_28;0.003;
[2026-09-23 06:33:09,224] [SUBPROCESS]    C1115;CTX_L50_9;FILL_L30_29;0.046;
[2026-09-23 06:33:09,225] [SUBPROCESS]    C1116;CTX_L50_9;FILL_L30_30;0.0;
[2026-09-23 06:33:09,226] [SUBPROCESS]    C1117;CTX_L50_9;FILL_L30_31;0.046;
[2026-09-23 06:33:09,228] [SUBPROCESS]    C1118;CTX_L50_9;FILL_L30_37;0.002;
[2026-09-23 06:33:09,229] [SUBPROCESS]    C1119;CTX_L50_9;FILL_L30_38;0.024;
[2026-09-23 06:33:09,230] [SUBPROCESS]    C1120;CTX_L50_9;FILL_L30_9;0.002;
[2026-09-23 06:33:09,231] [SUBPROCESS]    C1121;CTX_L50_9;FILL_L8_15;0.001;
[2026-09-23 06:33:09,232] [SUBPROCESS]    C1122;CTX_L50_9;FILL_L8_21;0.001;
[2026-09-23 06:33:09,233] [SUBPROCESS]    C1123;CTX_L50_9;FILL_L8_3;0.001;
[2026-09-23 06:33:09,234] [SUBPROCESS]    C1124;CTX_L50_9;FILL_L8_30;0.001;
[2026-09-23 06:33:09,235] [SUBPROCESS]    C1125;CTX_L50_9;FILL_L8_8;0.002;
[2026-09-23 06:33:09,236] [SUBPROCESS]    C1126;CTX_L50_9;VSUBS;0.239;
[2026-09-23 06:33:09,237] [SUBPROCESS]    C1127;CTX_L8_38;CTX_L8_39;0.181;
[2026-09-23 06:33:09,238] [SUBPROCESS]    C1128;CTX_L8_38;FILL_L10_10;0.204;
[2026-09-23 06:33:09,239] [SUBPROCESS]    C1129;CTX_L8_38;FILL_L10_11;0.0;
[2026-09-23 06:33:09,240] [SUBPROCESS]    C1130;CTX_L8_38;FILL_L10_18;0.248;
[2026-09-23 06:33:09,241] [SUBPROCESS]    C1131;CTX_L8_38;FILL_L10_19;0.0;
[2026-09-23 06:33:09,242] [SUBPROCESS]    C1132;CTX_L8_38;FILL_L10_2;0.0;
[2026-09-23 06:33:09,244] [SUBPROCESS]    C1133;CTX_L8_38;FILL_L10_28;0.248;
[2026-09-23 06:33:09,245] [SUBPROCESS]    C1134;CTX_L8_38;FILL_L10_29;0.0;
[2026-09-23 06:33:09,245] [SUBPROCESS]    C1135;CTX_L8_38;FILL_L10_39;0.249;
[2026-09-23 06:33:09,246] [SUBPROCESS]    C1136;CTX_L8_38;FILL_L10_41;0.0;
[2026-09-23 06:33:09,247] [SUBPROCESS]    C1137;CTX_L8_38;FILL_L10_48;0.007;
[2026-09-23 06:33:09,248] [SUBPROCESS]    C1138;CTX_L8_38;FILL_L134_2;0.008;
[2026-09-23 06:33:09,249] [SUBPROCESS]    C1139;CTX_L8_38;FILL_L134_9;0.008;
[2026-09-23 06:33:09,251] [SUBPROCESS]    C1140;CTX_L8_38;FILL_L30_0;0.001;
[2026-09-23 06:33:09,252] [SUBPROCESS]    C1141;CTX_L8_38;FILL_L30_10;0.001;
[2026-09-23 06:33:09,253] [SUBPROCESS]    C1142;CTX_L8_38;FILL_L30_11;0.003;
[2026-09-23 06:33:09,254] [SUBPROCESS]    C1143;CTX_L8_38;FILL_L30_13;0.001;
[2026-09-23 06:33:09,255] [SUBPROCESS]    C1144;CTX_L8_38;FILL_L30_16;0.003;
[2026-09-23 06:33:09,256] [SUBPROCESS]    C1145;CTX_L8_38;FILL_L30_20;0.001;
[2026-09-23 06:33:09,257] [SUBPROCESS]    C1146;CTX_L8_38;FILL_L30_21;0.002;
[2026-09-23 06:33:09,258] [SUBPROCESS]    C1147;CTX_L8_38;FILL_L30_22;0.004;
[2026-09-23 06:33:09,259] [SUBPROCESS]    C1148;CTX_L8_38;FILL_L30_23;0.001;
[2026-09-23 06:33:09,260] [SUBPROCESS]    C1149;CTX_L8_38;FILL_L30_24;0.003;
[2026-09-23 06:33:09,261] [SUBPROCESS]    C1150;CTX_L8_38;FILL_L30_28;0.002;
[2026-09-23 06:33:09,262] [SUBPROCESS]    C1151;CTX_L8_38;FILL_L30_29;0.003;
[2026-09-23 06:33:09,263] [SUBPROCESS]    C1152;CTX_L8_38;FILL_L30_30;0.003;
[2026-09-23 06:33:09,264] [SUBPROCESS]    C1153;CTX_L8_38;FILL_L30_31;0.001;
[2026-09-23 06:33:09,265] [SUBPROCESS]    C1154;CTX_L8_38;FILL_L30_32;0.003;
[2026-09-23 06:33:09,266] [SUBPROCESS]    C1155;CTX_L8_38;FILL_L30_37;0.003;
[2026-09-23 06:33:09,267] [SUBPROCESS]    C1156;CTX_L8_38;FILL_L30_38;0.001;
[2026-09-23 06:33:09,268] [SUBPROCESS]    C1157;CTX_L8_38;FILL_L50_1;0.002;
[2026-09-23 06:33:09,269] [SUBPROCESS]    C1158;CTX_L8_38;FILL_L50_13;0.002;
[2026-09-23 06:33:09,270] [SUBPROCESS]    C1159;CTX_L8_38;FILL_L50_15;0.002;
[2026-09-23 06:33:09,271] [SUBPROCESS]    C1160;CTX_L8_38;FILL_L50_20;0.002;
[2026-09-23 06:33:09,272] [SUBPROCESS]    C1161;CTX_L8_38;FILL_L50_22;0.001;
[2026-09-23 06:33:09,273] [SUBPROCESS]    C1162;CTX_L8_38;FILL_L50_6;0.002;
[2026-09-23 06:33:09,275] [SUBPROCESS]    C1163;CTX_L8_38;FILL_L50_8;0.002;
[2026-09-23 06:33:09,276] [SUBPROCESS]    C1164;CTX_L8_38;FILL_L8_15;0.032;
[2026-09-23 06:33:09,277] [SUBPROCESS]    C1165;CTX_L8_38;FILL_L8_21;0.032;
[2026-09-23 06:33:09,278] [SUBPROCESS]    C1166;CTX_L8_38;FILL_L8_3;0.027;
[2026-09-23 06:33:09,279] [SUBPROCESS]    C1167;CTX_L8_38;FILL_L8_30;0.005;
[2026-09-23 06:33:09,280] [SUBPROCESS]    C1168;CTX_L8_38;FILL_L8_8;0.032;
[2026-09-23 06:33:09,281] [SUBPROCESS]    C1169;CTX_L8_38;N;0.005;
[2026-09-23 06:33:09,282] [SUBPROCESS]    C1170;CTX_L8_38;P;0.003;
[2026-09-23 06:33:09,283] [SUBPROCESS]    C1171;CTX_L8_38;VSUBS;1.555;
[2026-09-23 06:33:09,283] [SUBPROCESS]    C1172;CTX_L8_39;FILL_L10_10;0.015;
[2026-09-23 06:33:09,284] [SUBPROCESS]    C1173;CTX_L8_39;FILL_L10_11;0.068;
[2026-09-23 06:33:09,285] [SUBPROCESS]    C1174;CTX_L8_39;FILL_L10_18;0.019;
[2026-09-23 06:33:09,287] [SUBPROCESS]    C1175;CTX_L8_39;FILL_L10_19;0.031;
[2026-09-23 06:33:09,288] [SUBPROCESS]    C1176;CTX_L8_39;FILL_L10_2;0.043;
[2026-09-23 06:33:09,289] [SUBPROCESS]    C1177;CTX_L8_39;FILL_L10_22;0.001;
[2026-09-23 06:33:09,290] [SUBPROCESS]    C1178;CTX_L8_39;FILL_L10_23;0.001;
[2026-09-23 06:33:09,291] [SUBPROCESS]    C1179;CTX_L8_39;FILL_L10_28;0.019;
[2026-09-23 06:33:09,292] [SUBPROCESS]    C1180;CTX_L8_39;FILL_L10_29;0.023;
[2026-09-23 06:33:09,293] [SUBPROCESS]    C1181;CTX_L8_39;FILL_L10_3;0.035;
[2026-09-23 06:33:09,294] [SUBPROCESS]    C1182;CTX_L8_39;FILL_L10_39;0.019;
[2026-09-23 06:33:09,295] [SUBPROCESS]    C1183;CTX_L8_39;FILL_L10_4;0.05;
[2026-09-23 06:33:09,296] [SUBPROCESS]    C1184;CTX_L8_39;FILL_L10_41;0.023;
[2026-09-23 06:33:09,297] [SUBPROCESS]    C1185;CTX_L8_39;FILL_L10_48;0.0;
[2026-09-23 06:33:09,298] [SUBPROCESS]    C1186;CTX_L8_39;FILL_L10_5;0.045;
[2026-09-23 06:33:09,299] [SUBPROCESS]    C1187;CTX_L8_39;FILL_L126_1;0.044;
[2026-09-23 06:33:09,300] [SUBPROCESS]    C1188;CTX_L8_39;FILL_L126_2;0.048;
[2026-09-23 06:33:09,301] [SUBPROCESS]    C1189;CTX_L8_39;FILL_L126_3;0.006;
[2026-09-23 06:33:09,302] [SUBPROCESS]    C1190;CTX_L8_39;FILL_L134_3;0.01;
[2026-09-23 06:33:09,303] [SUBPROCESS]    C1191;CTX_L8_39;FILL_L134_4;0.005;
[2026-09-23 06:33:09,304] [SUBPROCESS]    C1192;CTX_L8_39;FILL_L134_5;0.006;
[2026-09-23 06:33:09,305] [SUBPROCESS]    C1193;CTX_L8_39;FILL_L134_6;0.003;
[2026-09-23 06:33:09,306] [SUBPROCESS]    C1194;CTX_L8_39;FILL_L30_0;0.005;
[2026-09-23 06:33:09,307] [SUBPROCESS]    C1195;CTX_L8_39;FILL_L30_1;0.013;
[2026-09-23 06:33:09,308] [SUBPROCESS]    C1196;CTX_L8_39;FILL_L30_10;0.0;
[2026-09-23 06:33:09,309] [SUBPROCESS]    C1197;CTX_L8_39;FILL_L30_11;0.007;
[2026-09-23 06:33:09,310] [SUBPROCESS]    C1198;CTX_L8_39;FILL_L30_13;0.0;
[2026-09-23 06:33:09,311] [SUBPROCESS]    C1199;CTX_L8_39;FILL_L30_14;0.015;
[2026-09-23 06:33:09,312] [SUBPROCESS]    C1200;CTX_L8_39;FILL_L30_15;0.01;
[2026-09-23 06:33:09,313] [SUBPROCESS]    C1201;CTX_L8_39;FILL_L30_16;0.009;
[2026-09-23 06:33:09,314] [SUBPROCESS]    C1202;CTX_L8_39;FILL_L30_2;0.012;
[2026-09-23 06:33:09,315] [SUBPROCESS]    C1203;CTX_L8_39;FILL_L30_21;0.0;
[2026-09-23 06:33:09,316] [SUBPROCESS]    C1204;CTX_L8_39;FILL_L30_22;0.009;
[2026-09-23 06:33:09,317] [SUBPROCESS]    C1205;CTX_L8_39;FILL_L30_23;0.0;
[2026-09-23 06:33:09,318] [SUBPROCESS]    C1206;CTX_L8_39;FILL_L30_24;0.009;
[2026-09-23 06:33:09,319] [SUBPROCESS]    C1207;CTX_L8_39;FILL_L30_25;0.024;
[2026-09-23 06:33:09,320] [SUBPROCESS]    C1208;CTX_L8_39;FILL_L30_29;0.0;
[2026-09-23 06:33:09,321] [SUBPROCESS]    C1209;CTX_L8_39;FILL_L30_3;0.012;
[2026-09-23 06:33:09,322] [SUBPROCESS]    C1210;CTX_L8_39;FILL_L30_30;0.009;
[2026-09-23 06:33:09,323] [SUBPROCESS]    C1211;CTX_L8_39;FILL_L30_31;0.0;
[2026-09-23 06:33:09,324] [SUBPROCESS]    C1212;CTX_L8_39;FILL_L30_32;0.009;
[2026-09-23 06:33:09,325] [SUBPROCESS]    C1213;CTX_L8_39;FILL_L30_33;0.016;
[2026-09-23 06:33:09,326] [SUBPROCESS]    C1214;CTX_L8_39;FILL_L30_38;0.0;
[2026-09-23 06:33:09,327] [SUBPROCESS]    C1215;CTX_L8_39;FILL_L30_4;0.011;
[2026-09-23 06:33:09,328] [SUBPROCESS]    C1216;CTX_L8_39;FILL_L30_5;0.012;
[2026-09-23 06:33:09,329] [SUBPROCESS]    C1217;CTX_L8_39;FILL_L30_6;0.006;
[2026-09-23 06:33:09,330] [SUBPROCESS]    C1218;CTX_L8_39;FILL_L50_1;0.004;
[2026-09-23 06:33:09,331] [SUBPROCESS]    C1219;CTX_L8_39;FILL_L50_10;0.06;
[2026-09-23 06:33:09,332] [SUBPROCESS]    C1220;CTX_L8_39;FILL_L50_11;0.056;
[2026-09-23 06:33:09,333] [SUBPROCESS]    C1221;CTX_L8_39;FILL_L50_13;0.005;
[2026-09-23 06:33:09,334] [SUBPROCESS]    C1222;CTX_L8_39;FILL_L50_15;0.005;
[2026-09-23 06:33:09,335] [SUBPROCESS]    C1223;CTX_L8_39;FILL_L50_16;0.001;
[2026-09-23 06:33:09,336] [SUBPROCESS]    C1224;CTX_L8_39;FILL_L50_2;0.06;
[2026-09-23 06:33:09,337] [SUBPROCESS]    C1225;CTX_L8_39;FILL_L50_20;0.005;
[2026-09-23 06:33:09,338] [SUBPROCESS]    C1226;CTX_L8_39;FILL_L50_22;0.003;
[2026-09-23 06:33:09,339] [SUBPROCESS]    C1227;CTX_L8_39;FILL_L50_23;0.003;
[2026-09-23 06:33:09,340] [SUBPROCESS]    C1228;CTX_L8_39;FILL_L50_3;0.05;
[2026-09-23 06:33:09,341] [SUBPROCESS]    C1229;CTX_L8_39;FILL_L50_4;0.041;
[2026-09-23 06:33:09,342] [SUBPROCESS]    C1230;CTX_L8_39;FILL_L50_6;0.005;
[2026-09-23 06:33:09,344] [SUBPROCESS]    C1231;CTX_L8_39;FILL_L50_8;0.005;
[2026-09-23 06:33:09,345] [SUBPROCESS]    C1232;CTX_L8_39;FILL_L50_9;0.051;
[2026-09-23 06:33:09,346] [SUBPROCESS]    C1233;CTX_L8_39;FILL_L8_16;0.004;
[2026-09-23 06:33:09,347] [SUBPROCESS]    C1234;CTX_L8_39;FILL_L8_17;0.217;
[2026-09-23 06:33:09,348] [SUBPROCESS]    C1235;CTX_L8_39;FILL_L8_22;0.217;
[2026-09-23 06:33:09,349] [SUBPROCESS]    C1236;CTX_L8_39;FILL_L8_4;0.035;
[2026-09-23 06:33:09,350] [SUBPROCESS]    C1237;CTX_L8_39;FILL_L8_9;0.299;
[2026-09-23 06:33:09,351] [SUBPROCESS]    C1238;CTX_L8_39;N;0.003;
[2026-09-23 06:33:09,352] [SUBPROCESS]    C1239;CTX_L8_39;P;0.028;
[2026-09-23 06:33:09,353] [SUBPROCESS]    C1240;CTX_L8_39;VSUBS;5.132;
[2026-09-23 06:33:09,354] [SUBPROCESS]    C1241;FILL_L10_0;FILL_L10_6;0.028;
[2026-09-23 06:33:09,356] [SUBPROCESS]    C1242;FILL_L10_0;FILL_L126_0;0.001;
[2026-09-23 06:33:09,357] [SUBPROCESS]    C1243;FILL_L10_0;FILL_L134_0;0.001;
[2026-09-23 06:33:09,358] [SUBPROCESS]    C1244;FILL_L10_0;FILL_L30_7;0.005;
[2026-09-23 06:33:09,359] [SUBPROCESS]    C1245;FILL_L10_0;FILL_L30_8;0.002;
[2026-09-23 06:33:09,360] [SUBPROCESS]    C1246;FILL_L10_0;FILL_L8_0;0.082;
[2026-09-23 06:33:09,361] [SUBPROCESS]    C1247;FILL_L10_0;FILL_L8_1;0.003;
[2026-09-23 06:33:09,362] [SUBPROCESS]    C1248;FILL_L10_0;VSUBS;0.042;
[2026-09-23 06:33:09,363] [SUBPROCESS]    C1249;FILL_L10_1;FILL_L10_7;0.028;
[2026-09-23 06:33:09,364] [SUBPROCESS]    C1250;FILL_L10_1;FILL_L10_8;0.013;
[2026-09-23 06:33:09,365] [SUBPROCESS]    C1251;FILL_L10_1;FILL_L30_8;0.084;
[2026-09-23 06:33:09,367] [SUBPROCESS]    C1252;FILL_L10_1;FILL_L8_1;0.084;
[2026-09-23 06:33:09,368] [SUBPROCESS]    C1253;FILL_L10_1;VSUBS;0.042;
[2026-09-23 06:33:09,369] [SUBPROCESS]    C1254;FILL_L10_10;FILL_L10_11;0.028;
[2026-09-23 06:33:09,370] [SUBPROCESS]    C1255;FILL_L10_10;FILL_L10_18;0.098;
[2026-09-23 06:33:09,371] [SUBPROCESS]    C1256;FILL_L10_10;FILL_L10_2;0.013;
[2026-09-23 06:33:09,372] [SUBPROCESS]    C1257;FILL_L10_10;FILL_L10_9;0.083;
[2026-09-23 06:33:09,373] [SUBPROCESS]    C1258;FILL_L10_10;FILL_L134_2;0.017;
[2026-09-23 06:33:09,374] [SUBPROCESS]    C1259;FILL_L10_10;FILL_L134_3;0.015;
[2026-09-23 06:33:09,375] [SUBPROCESS]    C1260;FILL_L10_10;FILL_L30_0;0.019;
[2026-09-23 06:33:09,376] [SUBPROCESS]    C1261;FILL_L10_10;FILL_L30_10;0.02;
[2026-09-23 06:33:09,377] [SUBPROCESS]    C1262;FILL_L10_10;FILL_L30_11;0.02;
[2026-09-23 06:33:09,378] [SUBPROCESS]    C1263;FILL_L10_10;FILL_L30_9;0.004;
[2026-09-23 06:33:09,379] [SUBPROCESS]    C1264;FILL_L10_10;FILL_L50_1;0.008;
[2026-09-23 06:33:09,380] [SUBPROCESS]    C1265;FILL_L10_10;FILL_L8_3;0.015;
[2026-09-23 06:33:09,381] [SUBPROCESS]    C1266;FILL_L10_10;N;0.055;
[2026-09-23 06:33:09,382] [SUBPROCESS]    C1267;FILL_L10_10;P;0.031;
[2026-09-23 06:33:09,383] [SUBPROCESS]    C1268;FILL_L10_10;VSUBS;0.445;
[2026-09-23 06:33:09,384] [SUBPROCESS]    C1269;FILL_L10_11;FILL_L10_2;0.028;
[2026-09-23 06:33:09,385] [SUBPROCESS]    C1270;FILL_L10_11;FILL_L134_3;0.001;
[2026-09-23 06:33:09,386] [SUBPROCESS]    C1271;FILL_L10_11;FILL_L30_10;0.0;
[2026-09-23 06:33:09,387] [SUBPROCESS]    C1272;FILL_L10_11;FILL_L30_11;0.027;
[2026-09-23 06:33:09,389] [SUBPROCESS]    C1273;FILL_L10_11;FILL_L50_1;0.01;
[2026-09-23 06:33:09,390] [SUBPROCESS]    C1274;FILL_L10_11;P;0.003;
[2026-09-23 06:33:09,391] [SUBPROCESS]    C1275;FILL_L10_11;VSUBS;0.082;
[2026-09-23 06:33:09,392] [SUBPROCESS]    C1276;FILL_L10_12;FILL_L10_14;0.028;
[2026-09-23 06:33:09,393] [SUBPROCESS]    C1277;FILL_L10_12;FILL_L10_6;0.028;
[2026-09-23 06:33:09,394] [SUBPROCESS]    C1278;FILL_L10_12;FILL_L134_0;0.001;
[2026-09-23 06:33:09,395] [SUBPROCESS]    C1279;FILL_L10_12;FILL_L30_12;0.068;
[2026-09-23 06:33:09,396] [SUBPROCESS]    C1280;FILL_L10_12;FILL_L30_19;0.001;
[2026-09-23 06:33:09,397] [SUBPROCESS]    C1281;FILL_L10_12;FILL_L30_26;0.0;
[2026-09-23 06:33:09,398] [SUBPROCESS]    C1282;FILL_L10_12;FILL_L8_5;0.13;
[2026-09-23 06:33:09,399] [SUBPROCESS]    C1283;FILL_L10_12;FILL_L8_6;0.007;
[2026-09-23 06:33:09,400] [SUBPROCESS]    C1284;FILL_L10_12;VSUBS;0.028;
[2026-09-23 06:33:09,402] [SUBPROCESS]    C1285;FILL_L10_13;FILL_L10_15;0.028;
[2026-09-23 06:33:09,403] [SUBPROCESS]    C1286;FILL_L10_13;FILL_L10_16;0.028;
[2026-09-23 06:33:09,404] [SUBPROCESS]    C1287;FILL_L10_13;FILL_L10_7;0.028;
[2026-09-23 06:33:09,405] [SUBPROCESS]    C1288;FILL_L10_13;FILL_L126_0;0.003;
[2026-09-23 06:33:09,406] [SUBPROCESS]    C1289;FILL_L10_13;FILL_L30_19;0.145;
[2026-09-23 06:33:09,407] [SUBPROCESS]    C1290;FILL_L10_13;FILL_L8_6;0.134;
[2026-09-23 06:33:09,408] [SUBPROCESS]    C1291;FILL_L10_13;VSUBS;0.028;
[2026-09-23 06:33:09,409] [SUBPROCESS]    C1292;FILL_L10_14;FILL_L10_20;0.028;
[2026-09-23 06:33:09,410] [SUBPROCESS]    C1293;FILL_L10_14;FILL_L126_0;0.001;
[2026-09-23 06:33:09,412] [SUBPROCESS]    C1294;FILL_L10_14;FILL_L134_0;0.001;
[2026-09-23 06:33:09,413] [SUBPROCESS]    C1295;FILL_L10_14;FILL_L30_12;0.002;
[2026-09-23 06:33:09,414] [SUBPROCESS]    C1296;FILL_L10_14;FILL_L30_17;0.002;
[2026-09-23 06:33:09,415] [SUBPROCESS]    C1297;FILL_L10_14;FILL_L30_18;0.051;
[2026-09-23 06:33:09,416] [SUBPROCESS]    C1298;FILL_L10_14;FILL_L30_19;0.002;
[2026-09-23 06:33:09,417] [SUBPROCESS]    C1299;FILL_L10_14;FILL_L30_26;0.001;
[2026-09-23 06:33:09,418] [SUBPROCESS]    C1300;FILL_L10_14;FILL_L8_5;0.13;
[2026-09-23 06:33:09,419] [SUBPROCESS]    C1301;FILL_L10_14;FILL_L8_6;0.007;
[2026-09-23 06:33:09,420] [SUBPROCESS]    C1302;FILL_L10_14;VSUBS;0.028;
[2026-09-23 06:33:09,421] [SUBPROCESS]    C1303;FILL_L10_15;FILL_L10_16;0.028;
[2026-09-23 06:33:09,422] [SUBPROCESS]    C1304;FILL_L10_15;FILL_L10_21;0.028;
[2026-09-23 06:33:09,423] [SUBPROCESS]    C1305;FILL_L10_15;FILL_L30_19;0.16;
[2026-09-23 06:33:09,424] [SUBPROCESS]    C1306;FILL_L10_15;FILL_L8_6;0.134;
[2026-09-23 06:33:09,425] [SUBPROCESS]    C1307;FILL_L10_15;VSUBS;0.028;
[2026-09-23 06:33:09,426] [SUBPROCESS]    C1308;FILL_L10_16;FILL_L10_17;0.098;
[2026-09-23 06:33:09,427] [SUBPROCESS]    C1309;FILL_L10_16;FILL_L10_26;0.098;
[2026-09-23 06:33:09,428] [SUBPROCESS]    C1310;FILL_L10_16;FILL_L10_8;0.098;
[2026-09-23 06:33:09,429] [SUBPROCESS]    C1311;FILL_L10_16;FILL_L126_0;0.063;
[2026-09-23 06:33:09,430] [SUBPROCESS]    C1312;FILL_L10_16;FILL_L134_1;0.005;
[2026-09-23 06:33:09,431] [SUBPROCESS]    C1313;FILL_L10_16;FILL_L134_2;0.005;
[2026-09-23 06:33:09,432] [SUBPROCESS]    C1314;FILL_L10_16;FILL_L30_19;0.249;
[2026-09-23 06:33:09,433] [SUBPROCESS]    C1315;FILL_L10_16;FILL_L30_20;0.615;
[2026-09-23 06:33:09,434] [SUBPROCESS]    C1316;FILL_L10_16;FILL_L50_5;0.018;
[2026-09-23 06:33:09,435] [SUBPROCESS]    C1317;FILL_L10_16;FILL_L50_7;0.009;
[2026-09-23 06:33:09,436] [SUBPROCESS]    C1318;FILL_L10_16;FILL_L8_6;0.012;
[2026-09-23 06:33:09,437] [SUBPROCESS]    C1319;FILL_L10_16;FILL_L8_7;0.824;
[2026-09-23 06:33:09,438] [SUBPROCESS]    C1320;FILL_L10_16;VSUBS;0.196;
[2026-09-23 06:33:09,439] [SUBPROCESS]    C1321;FILL_L10_17;FILL_L10_18;0.098;
[2026-09-23 06:33:09,440] [SUBPROCESS]    C1322;FILL_L10_17;FILL_L10_27;0.098;
[2026-09-23 06:33:09,442] [SUBPROCESS]    C1323;FILL_L10_17;FILL_L10_9;0.098;
[2026-09-23 06:33:09,443] [SUBPROCESS]    C1324;FILL_L10_17;FILL_L126_0;0.024;
[2026-09-23 06:33:09,444] [SUBPROCESS]    C1325;FILL_L10_17;FILL_L134_2;0.033;
[2026-09-23 06:33:09,445] [SUBPROCESS]    C1326;FILL_L10_17;FILL_L30_13;0.109;
[2026-09-23 06:33:09,446] [SUBPROCESS]    C1327;FILL_L10_17;FILL_L30_16;0.001;
[2026-09-23 06:33:09,447] [SUBPROCESS]    C1328;FILL_L10_17;FILL_L30_20;0.494;
[2026-09-23 06:33:09,448] [SUBPROCESS]    C1329;FILL_L10_17;FILL_L30_21;0.072;
[2026-09-23 06:33:09,449] [SUBPROCESS]    C1330;FILL_L10_17;FILL_L50_5;0.002;
[2026-09-23 06:33:09,450] [SUBPROCESS]    C1331;FILL_L10_17;FILL_L50_7;0.001;
[2026-09-23 06:33:09,451] [SUBPROCESS]    C1332;FILL_L10_17;FILL_L8_8;0.824;
[2026-09-23 06:33:09,452] [SUBPROCESS]    C1333;FILL_L10_17;VSUBS;0.196;
[2026-09-23 06:33:09,454] [SUBPROCESS]    C1334;FILL_L10_18;FILL_L10_19;0.042;
[2026-09-23 06:33:09,455] [SUBPROCESS]    C1335;FILL_L10_18;FILL_L10_28;0.098;
[2026-09-23 06:33:09,456] [SUBPROCESS]    C1336;FILL_L10_18;FILL_L134_2;0.02;
[2026-09-23 06:33:09,457] [SUBPROCESS]    C1337;FILL_L10_18;FILL_L134_3;0.016;
[2026-09-23 06:33:09,458] [SUBPROCESS]    C1338;FILL_L10_18;FILL_L30_13;0.02;
[2026-09-23 06:33:09,459] [SUBPROCESS]    C1339;FILL_L10_18;FILL_L30_14;0.005;
[2026-09-23 06:33:09,460] [SUBPROCESS]    C1340;FILL_L10_18;FILL_L30_15;0.0;
[2026-09-23 06:33:09,461] [SUBPROCESS]    C1341;FILL_L10_18;FILL_L30_16;0.04;
[2026-09-23 06:33:09,462] [SUBPROCESS]    C1342;FILL_L10_18;FILL_L30_20;0.006;
[2026-09-23 06:33:09,463] [SUBPROCESS]    C1343;FILL_L10_18;FILL_L30_21;0.01;
[2026-09-23 06:33:09,464] [SUBPROCESS]    C1344;FILL_L10_18;FILL_L50_6;0.008;
[2026-09-23 06:33:09,466] [SUBPROCESS]    C1345;FILL_L10_18;FILL_L50_8;0.004;
[2026-09-23 06:33:09,467] [SUBPROCESS]    C1346;FILL_L10_18;FILL_L50_9;0.0;
[2026-09-23 06:33:09,468] [SUBPROCESS]    C1347;FILL_L10_18;FILL_L8_8;0.017;
[2026-09-23 06:33:09,469] [SUBPROCESS]    C1348;FILL_L10_18;N;0.066;
[2026-09-23 06:33:09,470] [SUBPROCESS]    C1349;FILL_L10_18;P;0.038;
[2026-09-23 06:33:09,471] [SUBPROCESS]    C1350;FILL_L10_18;VSUBS;0.426;
[2026-09-23 06:33:09,472] [SUBPROCESS]    C1351;FILL_L10_19;FILL_L10_29;0.098;
[2026-09-23 06:33:09,473] [SUBPROCESS]    C1352;FILL_L10_19;FILL_L126_1;0.023;
[2026-09-23 06:33:09,475] [SUBPROCESS]    C1353;FILL_L10_19;FILL_L134_2;0.0;
[2026-09-23 06:33:09,476] [SUBPROCESS]    C1354;FILL_L10_19;FILL_L134_3;0.019;
[2026-09-23 06:33:09,477] [SUBPROCESS]    C1355;FILL_L10_19;FILL_L134_4;0.007;
[2026-09-23 06:33:09,478] [SUBPROCESS]    C1356;FILL_L10_19;FILL_L30_14;0.068;
[2026-09-23 06:33:09,479] [SUBPROCESS]    C1357;FILL_L10_19;FILL_L30_16;0.023;
[2026-09-23 06:33:09,480] [SUBPROCESS]    C1358;FILL_L10_19;FILL_L30_21;0.0;
[2026-09-23 06:33:09,481] [SUBPROCESS]    C1359;FILL_L10_19;FILL_L30_22;0.008;
[2026-09-23 06:33:09,482] [SUBPROCESS]    C1360;FILL_L10_19;FILL_L30_25;0.294;
[2026-09-23 06:33:09,483] [SUBPROCESS]    C1361;FILL_L10_19;FILL_L50_8;0.019;
[2026-09-23 06:33:09,485] [SUBPROCESS]    C1362;FILL_L10_19;FILL_L50_9;0.041;
[2026-09-23 06:33:09,486] [SUBPROCESS]    C1363;FILL_L10_19;FILL_L8_10;0.004;
[2026-09-23 06:33:09,487] [SUBPROCESS]    C1364;FILL_L10_19;FILL_L8_4;0.004;
[2026-09-23 06:33:09,488] [SUBPROCESS]    C1365;FILL_L10_19;FILL_L8_9;0.824;
[2026-09-23 06:33:09,489] [SUBPROCESS]    C1366;FILL_L10_19;N;0.0;
[2026-09-23 06:33:09,490] [SUBPROCESS]    C1367;FILL_L10_19;P;0.016;
[2026-09-23 06:33:09,491] [SUBPROCESS]    C1368;FILL_L10_19;VSUBS;0.287;
[2026-09-23 06:33:09,492] [SUBPROCESS]    C1369;FILL_L10_2;FILL_L134_3;0.0;
[2026-09-23 06:33:09,493] [SUBPROCESS]    C1370;FILL_L10_2;FILL_L30_0;0.026;
[2026-09-23 06:33:09,495] [SUBPROCESS]    C1371;FILL_L10_2;FILL_L30_1;0.001;
[2026-09-23 06:33:09,496] [SUBPROCESS]    C1372;FILL_L10_2;FILL_L50_2;0.001;
[2026-09-23 06:33:09,497] [SUBPROCESS]    C1373;FILL_L10_2;P;0.003;
[2026-09-23 06:33:09,498] [SUBPROCESS]    C1374;FILL_L10_2;VSUBS;0.063;
[2026-09-23 06:33:09,499] [SUBPROCESS]    C1375;FILL_L10_20;FILL_L10_24;0.028;
[2026-09-23 06:33:09,500] [SUBPROCESS]    C1376;FILL_L10_20;FILL_L134_0;0.001;
[2026-09-23 06:33:09,501] [SUBPROCESS]    C1377;FILL_L10_20;FILL_L134_7;0.001;
[2026-09-23 06:33:09,502] [SUBPROCESS]    C1378;FILL_L10_20;FILL_L30_18;0.007;
[2026-09-23 06:33:09,503] [SUBPROCESS]    C1379;FILL_L10_20;FILL_L30_26;0.059;
[2026-09-23 06:33:09,504] [SUBPROCESS]    C1380;FILL_L10_20;FILL_L8_12;0.13;
[2026-09-23 06:33:09,505] [SUBPROCESS]    C1381;FILL_L10_20;FILL_L8_13;0.007;
[2026-09-23 06:33:09,506] [SUBPROCESS]    C1382;FILL_L10_20;VSUBS;0.028;
[2026-09-23 06:33:09,507] [SUBPROCESS]    C1383;FILL_L10_21;FILL_L10_25;0.028;
[2026-09-23 06:33:09,508] [SUBPROCESS]    C1384;FILL_L10_21;FILL_L10_26;0.028;
[2026-09-23 06:33:09,509] [SUBPROCESS]    C1385;FILL_L10_21;FILL_L126_0;0.007;
[2026-09-23 06:33:09,510] [SUBPROCESS]    C1386;FILL_L10_21;FILL_L126_4;0.007;
[2026-09-23 06:33:09,511] [SUBPROCESS]    C1387;FILL_L10_21;FILL_L134_1;0.005;
[2026-09-23 06:33:09,512] [SUBPROCESS]    C1388;FILL_L10_21;FILL_L134_8;0.005;
[2026-09-23 06:33:09,513] [SUBPROCESS]    C1389;FILL_L10_21;FILL_L30_19;0.014;
[2026-09-23 06:33:09,514] [SUBPROCESS]    C1390;FILL_L10_21;FILL_L30_27;0.059;
[2026-09-23 06:33:09,515] [SUBPROCESS]    C1391;FILL_L10_21;FILL_L8_13;0.134;
[2026-09-23 06:33:09,516] [SUBPROCESS]    C1392;FILL_L10_21;VSUBS;0.028;
[2026-09-23 06:33:09,517] [SUBPROCESS]    C1393;FILL_L10_22;FILL_L10_33;0.007;
[2026-09-23 06:33:09,518] [SUBPROCESS]    C1394;FILL_L10_22;FILL_L126_1;0.003;
[2026-09-23 06:33:09,520] [SUBPROCESS]    C1395;FILL_L10_22;FILL_L50_16;0.002;
[2026-09-23 06:33:09,521] [SUBPROCESS]    C1396;FILL_L10_22;FILL_L50_9;0.004;
[2026-09-23 06:33:09,522] [SUBPROCESS]    C1397;FILL_L10_22;FILL_L8_11;0.004;
[2026-09-23 06:33:09,523] [SUBPROCESS]    C1398;FILL_L10_22;VSUBS;0.095;
[2026-09-23 06:33:09,524] [SUBPROCESS]    C1399;FILL_L10_23;FILL_L10_34;0.007;
[2026-09-23 06:33:09,525] [SUBPROCESS]    C1400;FILL_L10_23;FILL_L126_2;0.005;
[2026-09-23 06:33:09,526] [SUBPROCESS]    C1401;FILL_L10_23;VSUBS;0.084;
[2026-09-23 06:33:09,527] [SUBPROCESS]    C1402;FILL_L10_24;FILL_L10_30;0.028;
[2026-09-23 06:33:09,529] [SUBPROCESS]    C1403;FILL_L10_24;FILL_L30_26;0.157;
[2026-09-23 06:33:09,530] [SUBPROCESS]    C1404;FILL_L10_24;FILL_L30_27;0.001;
[2026-09-23 06:33:09,531] [SUBPROCESS]    C1405;FILL_L10_24;FILL_L8_12;0.13;
[2026-09-23 06:33:09,532] [SUBPROCESS]    C1406;FILL_L10_24;FILL_L8_13;0.007;
[2026-09-23 06:33:09,533] [SUBPROCESS]    C1407;FILL_L10_24;VSUBS;0.028;
[2026-09-23 06:33:09,534] [SUBPROCESS]    C1408;FILL_L10_25;FILL_L10_26;0.028;
[2026-09-23 06:33:09,535] [SUBPROCESS]    C1409;FILL_L10_25;FILL_L10_31;0.028;
[2026-09-23 06:33:09,536] [SUBPROCESS]    C1410;FILL_L10_25;FILL_L30_27;0.173;
[2026-09-23 06:33:09,537] [SUBPROCESS]    C1411;FILL_L10_25;FILL_L8_13;0.134;
[2026-09-23 06:33:09,538] [SUBPROCESS]    C1412;FILL_L10_25;VSUBS;0.028;
[2026-09-23 06:33:09,539] [SUBPROCESS]    C1413;FILL_L10_26;FILL_L10_27;0.098;
[2026-09-23 06:33:09,540] [SUBPROCESS]    C1414;FILL_L10_26;FILL_L10_37;0.098;
[2026-09-23 06:33:09,541] [SUBPROCESS]    C1415;FILL_L10_26;FILL_L126_0;0.021;
[2026-09-23 06:33:09,542] [SUBPROCESS]    C1416;FILL_L10_26;FILL_L126_4;0.053;
[2026-09-23 06:33:09,543] [SUBPROCESS]    C1417;FILL_L10_26;FILL_L134_1;0.013;
[2026-09-23 06:33:09,544] [SUBPROCESS]    C1418;FILL_L10_26;FILL_L134_8;0.016;
[2026-09-23 06:33:09,545] [SUBPROCESS]    C1419;FILL_L10_26;FILL_L134_9;0.002;
[2026-09-23 06:33:09,546] [SUBPROCESS]    C1420;FILL_L10_26;FILL_L30_20;0.021;
[2026-09-23 06:33:09,547] [SUBPROCESS]    C1421;FILL_L10_26;FILL_L30_27;0.18;
[2026-09-23 06:33:09,548] [SUBPROCESS]    C1422;FILL_L10_26;FILL_L30_28;0.512;
[2026-09-23 06:33:09,549] [SUBPROCESS]    C1423;FILL_L10_26;FILL_L50_12;0.03;
[2026-09-23 06:33:09,550] [SUBPROCESS]    C1424;FILL_L10_26;FILL_L50_7;0.009;
[2026-09-23 06:33:09,552] [SUBPROCESS]    C1425;FILL_L10_26;FILL_L8_13;0.012;
[2026-09-23 06:33:09,553] [SUBPROCESS]    C1426;FILL_L10_26;FILL_L8_14;0.824;
[2026-09-23 06:33:09,554] [SUBPROCESS]    C1427;FILL_L10_26;VSUBS;0.196;
[2026-09-23 06:33:09,555] [SUBPROCESS]    C1428;FILL_L10_27;FILL_L10_28;0.098;
[2026-09-23 06:33:09,556] [SUBPROCESS]    C1429;FILL_L10_27;FILL_L10_38;0.098;
[2026-09-23 06:33:09,557] [SUBPROCESS]    C1430;FILL_L10_27;FILL_L126_4;0.012;
[2026-09-23 06:33:09,558] [SUBPROCESS]    C1431;FILL_L10_27;FILL_L134_2;0.02;
[2026-09-23 06:33:09,560] [SUBPROCESS]    C1432;FILL_L10_27;FILL_L134_9;0.037;
[2026-09-23 06:33:09,561] [SUBPROCESS]    C1433;FILL_L10_27;FILL_L30_20;0.014;
[2026-09-23 06:33:09,562] [SUBPROCESS]    C1434;FILL_L10_27;FILL_L30_21;0.007;
[2026-09-23 06:33:09,563] [SUBPROCESS]    C1435;FILL_L10_27;FILL_L30_23;0.123;
[2026-09-23 06:33:09,564] [SUBPROCESS]    C1436;FILL_L10_27;FILL_L30_24;0.001;
[2026-09-23 06:33:09,565] [SUBPROCESS]    C1437;FILL_L10_27;FILL_L30_28;0.401;
[2026-09-23 06:33:09,566] [SUBPROCESS]    C1438;FILL_L10_27;FILL_L30_29;0.017;
[2026-09-23 06:33:09,567] [SUBPROCESS]    C1439;FILL_L10_27;FILL_L50_12;0.002;
[2026-09-23 06:33:09,569] [SUBPROCESS]    C1440;FILL_L10_27;FILL_L8_15;0.824;
[2026-09-23 06:33:09,570] [SUBPROCESS]    C1441;FILL_L10_27;VSUBS;0.196;
[2026-09-23 06:33:09,571] [SUBPROCESS]    C1442;FILL_L10_28;FILL_L10_29;0.042;
[2026-09-23 06:33:09,572] [SUBPROCESS]    C1443;FILL_L10_28;FILL_L10_39;0.098;
[2026-09-23 06:33:09,573] [SUBPROCESS]    C1444;FILL_L10_28;FILL_L134_9;0.009;
[2026-09-23 06:33:09,574] [SUBPROCESS]    C1445;FILL_L10_28;FILL_L30_23;0.02;
[2026-09-23 06:33:09,575] [SUBPROCESS]    C1446;FILL_L10_28;FILL_L30_24;0.04;
[2026-09-23 06:33:09,576] [SUBPROCESS]    C1447;FILL_L10_28;FILL_L30_25;0.01;
[2026-09-23 06:33:09,577] [SUBPROCESS]    C1448;FILL_L10_28;FILL_L30_28;0.004;
[2026-09-23 06:33:09,578] [SUBPROCESS]    C1449;FILL_L10_28;FILL_L50_13;0.008;
[2026-09-23 06:33:09,579] [SUBPROCESS]    C1450;FILL_L10_28;FILL_L8_15;0.017;
[2026-09-23 06:33:09,580] [SUBPROCESS]    C1451;FILL_L10_28;N;0.066;
[2026-09-23 06:33:09,582] [SUBPROCESS]    C1452;FILL_L10_28;P;0.038;
[2026-09-23 06:33:09,583] [SUBPROCESS]    C1453;FILL_L10_28;VSUBS;0.426;
[2026-09-23 06:33:09,584] [SUBPROCESS]    C1454;FILL_L10_29;FILL_L10_41;0.098;
[2026-09-23 06:33:09,585] [SUBPROCESS]    C1455;FILL_L10_29;FILL_L134_3;0.005;
[2026-09-23 06:33:09,586] [SUBPROCESS]    C1456;FILL_L10_29;FILL_L134_9;0.005;
[2026-09-23 06:33:09,587] [SUBPROCESS]    C1457;FILL_L10_29;FILL_L30_23;0.0;
[2026-09-23 06:33:09,588] [SUBPROCESS]    C1458;FILL_L10_29;FILL_L30_24;0.017;
[2026-09-23 06:33:09,589] [SUBPROCESS]    C1459;FILL_L10_29;FILL_L30_25;0.616;
[2026-09-23 06:33:09,590] [SUBPROCESS]    C1460;FILL_L10_29;FILL_L30_29;0.0;
[2026-09-23 06:33:09,591] [SUBPROCESS]    C1461;FILL_L10_29;FILL_L30_33;0.085;
[2026-09-23 06:33:09,592] [SUBPROCESS]    C1462;FILL_L10_29;FILL_L50_13;0.014;
[2026-09-23 06:33:09,593] [SUBPROCESS]    C1463;FILL_L10_29;FILL_L50_15;0.01;
[2026-09-23 06:33:09,594] [SUBPROCESS]    C1464;FILL_L10_29;FILL_L50_16;0.026;
[2026-09-23 06:33:09,595] [SUBPROCESS]    C1465;FILL_L10_29;FILL_L8_11;0.004;
[2026-09-23 06:33:09,596] [SUBPROCESS]    C1466;FILL_L10_29;FILL_L8_16;0.017;
[2026-09-23 06:33:09,597] [SUBPROCESS]    C1467;FILL_L10_29;FILL_L8_17;0.824;
[2026-09-23 06:33:09,598] [SUBPROCESS]    C1468;FILL_L10_29;N;0.0;
[2026-09-23 06:33:09,599] [SUBPROCESS]    C1469;FILL_L10_29;P;0.012;
[2026-09-23 06:33:09,600] [SUBPROCESS]    C1470;FILL_L10_29;VSUBS;0.225;
[2026-09-23 06:33:09,601] [SUBPROCESS]    C1471;FILL_L10_3;FILL_L126_2;0.0;
[2026-09-23 06:33:09,602] [SUBPROCESS]    C1472;FILL_L10_3;FILL_L30_5;0.001;
[2026-09-23 06:33:09,603] [SUBPROCESS]    C1473;FILL_L10_3;FILL_L30_6;0.032;
[2026-09-23 06:33:09,604] [SUBPROCESS]    C1474;FILL_L10_3;FILL_L50_11;0.002;
[2026-09-23 06:33:09,605] [SUBPROCESS]    C1475;FILL_L10_3;FILL_L50_4;0.019;
[2026-09-23 06:33:09,606] [SUBPROCESS]    C1476;FILL_L10_3;VSUBS;0.092;
[2026-09-23 06:33:09,607] [SUBPROCESS]    C1477;FILL_L10_30;FILL_L10_35;0.028;
[2026-09-23 06:33:09,608] [SUBPROCESS]    C1478;FILL_L10_30;FILL_L126_4;0.002;
[2026-09-23 06:33:09,609] [SUBPROCESS]    C1479;FILL_L10_30;FILL_L134_7;0.002;
[2026-09-23 06:33:09,610] [SUBPROCESS]    C1480;FILL_L10_30;FILL_L30_26;0.059;
[2026-09-23 06:33:09,611] [SUBPROCESS]    C1481;FILL_L10_30;FILL_L30_35;0.014;
[2026-09-23 06:33:09,612] [SUBPROCESS]    C1482;FILL_L10_30;FILL_L8_18;0.13;
[2026-09-23 06:33:09,613] [SUBPROCESS]    C1483;FILL_L10_30;FILL_L8_19;0.007;
[2026-09-23 06:33:09,614] [SUBPROCESS]    C1484;FILL_L10_30;VSUBS;0.028;
[2026-09-23 06:33:09,615] [SUBPROCESS]    C1485;FILL_L10_31;FILL_L10_36;0.028;
[2026-09-23 06:33:09,617] [SUBPROCESS]    C1486;FILL_L10_31;FILL_L10_37;0.028;
[2026-09-23 06:33:09,618] [SUBPROCESS]    C1487;FILL_L10_31;FILL_L126_4;0.016;
[2026-09-23 06:33:09,619] [SUBPROCESS]    C1488;FILL_L10_31;FILL_L30_27;0.059;
[2026-09-23 06:33:09,620] [SUBPROCESS]    C1489;FILL_L10_31;FILL_L30_36;0.014;
[2026-09-23 06:33:09,620] [SUBPROCESS]    C1490;FILL_L10_31;FILL_L8_19;0.134;
[2026-09-23 06:33:09,621] [SUBPROCESS]    C1491;FILL_L10_31;VSUBS;0.028;
[2026-09-23 06:33:09,622] [SUBPROCESS]    C1492;FILL_L10_32;FILL_L10_40;0.028;
[2026-09-23 06:33:09,623] [SUBPROCESS]    C1493;FILL_L10_32;FILL_L126_1;0.003;
[2026-09-23 06:33:09,624] [SUBPROCESS]    C1494;FILL_L10_32;FILL_L134_4;0.003;
[2026-09-23 06:33:09,625] [SUBPROCESS]    C1495;FILL_L10_32;FILL_L30_33;0.001;
[2026-09-23 06:33:09,626] [SUBPROCESS]    C1496;FILL_L10_32;VSUBS;0.097;
[2026-09-23 06:33:09,627] [SUBPROCESS]    C1497;FILL_L10_33;FILL_L10_42;0.028;
[2026-09-23 06:33:09,628] [SUBPROCESS]    C1498;FILL_L10_33;FILL_L126_1;0.002;
[2026-09-23 06:33:09,629] [SUBPROCESS]    C1499;FILL_L10_33;FILL_L134_4;0.003;
[2026-09-23 06:33:09,630] [SUBPROCESS]    C1500;FILL_L10_33;FILL_L30_33;0.003;
[2026-09-23 06:33:09,631] [SUBPROCESS]    C1501;FILL_L10_33;FILL_L30_34;0.007;
[2026-09-23 06:33:09,633] [SUBPROCESS]    C1502;FILL_L10_33;FILL_L50_16;0.005;
[2026-09-23 06:33:09,634] [SUBPROCESS]    C1503;FILL_L10_33;FILL_L50_23;0.01;
[2026-09-23 06:33:09,635] [SUBPROCESS]    C1504;FILL_L10_33;FILL_L8_23;0.143;
[2026-09-23 06:33:09,636] [SUBPROCESS]    C1505;FILL_L10_33;FILL_L8_24;0.008;
[2026-09-23 06:33:09,637] [SUBPROCESS]    C1506;FILL_L10_33;VSUBS;0.036;
[2026-09-23 06:33:09,638] [SUBPROCESS]    C1507;FILL_L10_34;FILL_L10_43;0.028;
[2026-09-23 06:33:09,639] [SUBPROCESS]    C1508;FILL_L10_34;FILL_L126_2;0.0;
[2026-09-23 06:33:09,640] [SUBPROCESS]    C1509;FILL_L10_34;FILL_L134_5;0.001;
[2026-09-23 06:33:09,641] [SUBPROCESS]    C1510;FILL_L10_34;FILL_L8_25;0.147;
[2026-09-23 06:33:09,642] [SUBPROCESS]    C1511;FILL_L10_34;VSUBS;0.037;
[2026-09-23 06:33:09,643] [SUBPROCESS]    C1512;FILL_L10_35;FILL_L10_44;0.028;
[2026-09-23 06:33:09,644] [SUBPROCESS]    C1513;FILL_L10_35;FILL_L134_7;0.0;
[2026-09-23 06:33:09,645] [SUBPROCESS]    C1514;FILL_L10_35;FILL_L30_35;0.144;
[2026-09-23 06:33:09,646] [SUBPROCESS]    C1515;FILL_L10_35;FILL_L30_36;0.001;
[2026-09-23 06:33:09,647] [SUBPROCESS]    C1516;FILL_L10_35;FILL_L8_18;0.13;
[2026-09-23 06:33:09,648] [SUBPROCESS]    C1517;FILL_L10_35;FILL_L8_19;0.007;
[2026-09-23 06:33:09,649] [SUBPROCESS]    C1518;FILL_L10_35;VSUBS;0.028;
[2026-09-23 06:33:09,650] [SUBPROCESS]    C1519;FILL_L10_36;FILL_L10_37;0.028;
[2026-09-23 06:33:09,651] [SUBPROCESS]    C1520;FILL_L10_36;FILL_L10_45;0.028;
[2026-09-23 06:33:09,653] [SUBPROCESS]    C1521;FILL_L10_36;FILL_L126_4;0.002;
[2026-09-23 06:33:09,654] [SUBPROCESS]    C1522;FILL_L10_36;FILL_L30_36;0.16;
[2026-09-23 06:33:09,655] [SUBPROCESS]    C1523;FILL_L10_36;FILL_L8_19;0.134;
[2026-09-23 06:33:09,656] [SUBPROCESS]    C1524;FILL_L10_36;VSUBS;0.028;
[2026-09-23 06:33:09,657] [SUBPROCESS]    C1525;FILL_L10_37;FILL_L10_38;0.098;
[2026-09-23 06:33:09,658] [SUBPROCESS]    C1526;FILL_L10_37;FILL_L10_46;0.098;
[2026-09-23 06:33:09,659] [SUBPROCESS]    C1527;FILL_L10_37;FILL_L126_4;0.099;
[2026-09-23 06:33:09,660] [SUBPROCESS]    C1528;FILL_L10_37;FILL_L134_8;0.019;
[2026-09-23 06:33:09,661] [SUBPROCESS]    C1529;FILL_L10_37;FILL_L134_9;0.019;
[2026-09-23 06:33:09,662] [SUBPROCESS]    C1530;FILL_L10_37;FILL_L30_28;0.103;
[2026-09-23 06:33:09,663] [SUBPROCESS]    C1531;FILL_L10_37;FILL_L30_36;0.106;
[2026-09-23 06:33:09,664] [SUBPROCESS]    C1532;FILL_L10_37;FILL_L30_37;0.357;
[2026-09-23 06:33:09,665] [SUBPROCESS]    C1533;FILL_L10_37;FILL_L50_14;0.021;
[2026-09-23 06:33:09,666] [SUBPROCESS]    C1534;FILL_L10_37;FILL_L50_19;0.038;
[2026-09-23 06:33:09,667] [SUBPROCESS]    C1535;FILL_L10_37;FILL_L8_19;0.012;
[2026-09-23 06:33:09,668] [SUBPROCESS]    C1536;FILL_L10_37;FILL_L8_20;0.824;
[2026-09-23 06:33:09,669] [SUBPROCESS]    C1537;FILL_L10_37;VSUBS;0.196;
[2026-09-23 06:33:09,670] [SUBPROCESS]    C1538;FILL_L10_38;FILL_L10_39;0.098;
[2026-09-23 06:33:09,671] [SUBPROCESS]    C1539;FILL_L10_38;FILL_L10_47;0.098;
[2026-09-23 06:33:09,672] [SUBPROCESS]    C1540;FILL_L10_38;FILL_L126_4;0.036;
[2026-09-23 06:33:09,673] [SUBPROCESS]    C1541;FILL_L10_38;FILL_L134_9;0.044;
[2026-09-23 06:33:09,674] [SUBPROCESS]    C1542;FILL_L10_38;FILL_L30_28;0.068;
[2026-09-23 06:33:09,675] [SUBPROCESS]    C1543;FILL_L10_38;FILL_L30_29;0.032;
[2026-09-23 06:33:09,676] [SUBPROCESS]    C1544;FILL_L10_38;FILL_L30_30;0.001;
[2026-09-23 06:33:09,677] [SUBPROCESS]    C1545;FILL_L10_38;FILL_L30_31;0.119;
[2026-09-23 06:33:09,678] [SUBPROCESS]    C1546;FILL_L10_38;FILL_L30_32;0.001;
[2026-09-23 06:33:09,679] [SUBPROCESS]    C1547;FILL_L10_38;FILL_L30_37;0.273;
[2026-09-23 06:33:09,680] [SUBPROCESS]    C1548;FILL_L10_38;FILL_L30_38;0.002;
[2026-09-23 06:33:09,682] [SUBPROCESS]    C1549;FILL_L10_38;FILL_L50_19;0.002;
[2026-09-23 06:33:09,683] [SUBPROCESS]    C1550;FILL_L10_38;FILL_L8_21;0.824;
[2026-09-23 06:33:09,684] [SUBPROCESS]    C1551;FILL_L10_38;VSUBS;0.196;
[2026-09-23 06:33:09,685] [SUBPROCESS]    C1552;FILL_L10_39;FILL_L10_41;0.042;
[2026-09-23 06:33:09,686] [SUBPROCESS]    C1553;FILL_L10_39;FILL_L10_48;0.028;
[2026-09-23 06:33:09,687] [SUBPROCESS]    C1554;FILL_L10_39;FILL_L134_9;0.02;
[2026-09-23 06:33:09,688] [SUBPROCESS]    C1555;FILL_L10_39;FILL_L30_30;0.04;
[2026-09-23 06:33:09,689] [SUBPROCESS]    C1556;FILL_L10_39;FILL_L30_31;0.02;
[2026-09-23 06:33:09,690] [SUBPROCESS]    C1557;FILL_L10_39;FILL_L30_32;0.02;
[2026-09-23 06:33:09,691] [SUBPROCESS]    C1558;FILL_L10_39;FILL_L30_33;0.01;
[2026-09-23 06:33:09,692] [SUBPROCESS]    C1559;FILL_L10_39;FILL_L30_37;0.001;
[2026-09-23 06:33:09,693] [SUBPROCESS]    C1560;FILL_L10_39;FILL_L50_20;0.008;
[2026-09-23 06:33:09,694] [SUBPROCESS]    C1561;FILL_L10_39;FILL_L8_21;0.017;
[2026-09-23 06:33:09,695] [SUBPROCESS]    C1562;FILL_L10_39;N;0.066;
[2026-09-23 06:33:09,696] [SUBPROCESS]    C1563;FILL_L10_39;P;0.039;
[2026-09-23 06:33:09,697] [SUBPROCESS]    C1564;FILL_L10_39;VSUBS;0.477;
[2026-09-23 06:33:09,698] [SUBPROCESS]    C1565;FILL_L10_4;FILL_L126_1;0.002;
[2026-09-23 06:33:09,699] [SUBPROCESS]    C1566;FILL_L10_4;FILL_L126_2;0.004;
[2026-09-23 06:33:09,700] [SUBPROCESS]    C1567;FILL_L10_4;FILL_L30_4;0.023;
[2026-09-23 06:33:09,701] [SUBPROCESS]    C1568;FILL_L10_4;FILL_L50_10;0.003;
[2026-09-23 06:33:09,702] [SUBPROCESS]    C1569;FILL_L10_4;FILL_L50_3;0.051;
[2026-09-23 06:33:09,703] [SUBPROCESS]    C1570;FILL_L10_4;VSUBS;0.111;
[2026-09-23 06:33:09,704] [SUBPROCESS]    C1571;FILL_L10_40;FILL_L30_33;0.001;
[2026-09-23 06:33:09,705] [SUBPROCESS]    C1572;FILL_L10_40;FILL_L30_34;0.008;
[2026-09-23 06:33:09,706] [SUBPROCESS]    C1573;FILL_L10_40;FILL_L50_23;0.015;
[2026-09-23 06:33:09,707] [SUBPROCESS]    C1574;FILL_L10_40;FILL_L50_24;0.024;
[2026-09-23 06:33:09,708] [SUBPROCESS]    C1575;FILL_L10_40;FILL_L8_23;0.036;
[2026-09-23 06:33:09,709] [SUBPROCESS]    C1576;FILL_L10_40;FILL_L8_24;0.06;
[2026-09-23 06:33:09,710] [SUBPROCESS]    C1577;FILL_L10_40;VSUBS;0.072;
[2026-09-23 06:33:09,711] [SUBPROCESS]    C1578;FILL_L10_41;FILL_L134_9;0.002;
[2026-09-23 06:33:09,712] [SUBPROCESS]    C1579;FILL_L10_41;FILL_L30_31;0.0;
[2026-09-23 06:33:09,713] [SUBPROCESS]    C1580;FILL_L10_41;FILL_L30_32;0.017;
[2026-09-23 06:33:09,714] [SUBPROCESS]    C1581;FILL_L10_41;FILL_L30_33;0.789;
[2026-09-23 06:33:09,715] [SUBPROCESS]    C1582;FILL_L10_41;FILL_L50_20;0.014;
[2026-09-23 06:33:09,716] [SUBPROCESS]    C1583;FILL_L10_41;FILL_L50_23;0.012;
[2026-09-23 06:33:09,717] [SUBPROCESS]    C1584;FILL_L10_41;FILL_L8_22;0.824;
[2026-09-23 06:33:09,718] [SUBPROCESS]    C1585;FILL_L10_41;FILL_L8_23;0.013;
[2026-09-23 06:33:09,719] [SUBPROCESS]    C1586;FILL_L10_41;N;0.0;
[2026-09-23 06:33:09,720] [SUBPROCESS]    C1587;FILL_L10_41;P;0.012;
[2026-09-23 06:33:09,721] [SUBPROCESS]    C1588;FILL_L10_41;VSUBS;0.297;
[2026-09-23 06:33:09,722] [SUBPROCESS]    C1589;FILL_L10_42;FILL_L30_34;0.051;
[2026-09-23 06:33:09,723] [SUBPROCESS]    C1590;FILL_L10_42;FILL_L50_23;0.029;
[2026-09-23 06:33:09,724] [SUBPROCESS]    C1591;FILL_L10_42;FILL_L50_24;0.011;
[2026-09-23 06:33:09,725] [SUBPROCESS]    C1592;FILL_L10_42;FILL_L8_23;0.143;
[2026-09-23 06:33:09,726] [SUBPROCESS]    C1593;FILL_L10_42;FILL_L8_24;0.008;
[2026-09-23 06:33:09,727] [SUBPROCESS]    C1594;FILL_L10_42;VSUBS;0.049;
[2026-09-23 06:33:09,728] [SUBPROCESS]    C1595;FILL_L10_43;FILL_L30_34;0.0;
[2026-09-23 06:33:09,729] [SUBPROCESS]    C1596;FILL_L10_43;FILL_L50_24;0.005;
[2026-09-23 06:33:09,730] [SUBPROCESS]    C1597;FILL_L10_43;FILL_L50_25;0.015;
[2026-09-23 06:33:09,731] [SUBPROCESS]    C1598;FILL_L10_43;FILL_L8_25;0.147;
[2026-09-23 06:33:09,732] [SUBPROCESS]    C1599;FILL_L10_43;VSUBS;0.049;
[2026-09-23 06:33:09,733] [SUBPROCESS]    C1600;FILL_L10_44;FILL_L30_35;0.08;
[2026-09-23 06:33:09,734] [SUBPROCESS]    C1601;FILL_L10_44;FILL_L30_36;0.0;
[2026-09-23 06:33:09,735] [SUBPROCESS]    C1602;FILL_L10_44;FILL_L8_27;0.048;
[2026-09-23 06:33:09,736] [SUBPROCESS]    C1603;FILL_L10_44;FILL_L8_28;0.004;
[2026-09-23 06:33:09,737] [SUBPROCESS]    C1604;FILL_L10_44;VSUBS;0.056;
[2026-09-23 06:33:09,738] [SUBPROCESS]    C1605;FILL_L10_45;FILL_L10_46;0.015;
[2026-09-23 06:33:09,739] [SUBPROCESS]    C1606;FILL_L10_45;FILL_L30_36;0.089;
[2026-09-23 06:33:09,740] [SUBPROCESS]    C1607;FILL_L10_45;FILL_L8_28;0.05;
[2026-09-23 06:33:09,741] [SUBPROCESS]    C1608;FILL_L10_45;VSUBS;0.056;
[2026-09-23 06:33:09,742] [SUBPROCESS]    C1609;FILL_L10_46;FILL_L10_47;0.015;
[2026-09-23 06:33:09,743] [SUBPROCESS]    C1610;FILL_L10_46;FILL_L126_4;0.014;
[2026-09-23 06:33:09,744] [SUBPROCESS]    C1611;FILL_L10_46;FILL_L134_8;0.001;
[2026-09-23 06:33:09,745] [SUBPROCESS]    C1612;FILL_L10_46;FILL_L134_9;0.001;
[2026-09-23 06:33:09,746] [SUBPROCESS]    C1613;FILL_L10_46;FILL_L30_36;0.036;
[2026-09-23 06:33:09,747] [SUBPROCESS]    C1614;FILL_L10_46;FILL_L30_37;0.13;
[2026-09-23 06:33:09,748] [SUBPROCESS]    C1615;FILL_L10_46;FILL_L50_21;0.009;
[2026-09-23 06:33:09,749] [SUBPROCESS]    C1616;FILL_L10_46;FILL_L8_29;0.122;
[2026-09-23 06:33:09,750] [SUBPROCESS]    C1617;FILL_L10_46;VSUBS;0.185;
[2026-09-23 06:33:09,751] [SUBPROCESS]    C1618;FILL_L10_47;FILL_L10_48;0.015;
[2026-09-23 06:33:09,752] [SUBPROCESS]    C1619;FILL_L10_47;FILL_L126_4;0.003;
[2026-09-23 06:33:09,753] [SUBPROCESS]    C1620;FILL_L10_47;FILL_L134_9;0.006;
[2026-09-23 06:33:09,754] [SUBPROCESS]    C1621;FILL_L10_47;FILL_L30_37;0.098;
[2026-09-23 06:33:09,755] [SUBPROCESS]    C1622;FILL_L10_47;FILL_L30_38;0.046;
[2026-09-23 06:33:09,756] [SUBPROCESS]    C1623;FILL_L10_47;FILL_L50_21;0.001;
[2026-09-23 06:33:09,757] [SUBPROCESS]    C1624;FILL_L10_47;FILL_L8_30;0.122;
[2026-09-23 06:33:09,758] [SUBPROCESS]    C1625;FILL_L10_47;VSUBS;0.185;
[2026-09-23 06:33:09,759] [SUBPROCESS]    C1626;FILL_L10_48;FILL_L134_9;0.003;
[2026-09-23 06:33:09,760] [SUBPROCESS]    C1627;FILL_L10_48;FILL_L30_38;0.007;
[2026-09-23 06:33:09,761] [SUBPROCESS]    C1628;FILL_L10_48;FILL_L50_22;0.001;
[2026-09-23 06:33:09,762] [SUBPROCESS]    C1629;FILL_L10_48;FILL_L8_30;0.002;
[2026-09-23 06:33:09,763] [SUBPROCESS]    C1630;FILL_L10_48;N;0.0;
[2026-09-23 06:33:09,764] [SUBPROCESS]    C1631;FILL_L10_48;P;0.0;
[2026-09-23 06:33:09,765] [SUBPROCESS]    C1632;FILL_L10_48;VSUBS;0.082;
[2026-09-23 06:33:09,766] [SUBPROCESS]    C1633;FILL_L10_5;FILL_L126_2;0.001;
[2026-09-23 06:33:09,767] [SUBPROCESS]    C1634;FILL_L10_5;FILL_L126_3;0.0;
[2026-09-23 06:33:09,768] [SUBPROCESS]    C1635;FILL_L10_5;FILL_L50_11;0.002;
[2026-09-23 06:33:09,769] [SUBPROCESS]    C1636;FILL_L10_5;FILL_L50_4;0.055;
[2026-09-23 06:33:09,770] [SUBPROCESS]    C1637;FILL_L10_5;VSUBS;0.114;
[2026-09-23 06:33:09,771] [SUBPROCESS]    C1638;FILL_L10_6;FILL_L126_0;0.001;
[2026-09-23 06:33:09,772] [SUBPROCESS]    C1639;FILL_L10_6;FILL_L134_0;0.001;
[2026-09-23 06:33:09,773] [SUBPROCESS]    C1640;FILL_L10_6;FILL_L30_12;0.002;
[2026-09-23 06:33:09,774] [SUBPROCESS]    C1641;FILL_L10_6;FILL_L30_26;0.0;
[2026-09-23 06:33:09,775] [SUBPROCESS]    C1642;FILL_L10_6;FILL_L30_7;0.051;
[2026-09-23 06:33:09,776] [SUBPROCESS]    C1643;FILL_L10_6;FILL_L30_8;0.0;
[2026-09-23 06:33:09,777] [SUBPROCESS]    C1644;FILL_L10_6;FILL_L8_0;0.13;
[2026-09-23 06:33:09,778] [SUBPROCESS]    C1645;FILL_L10_6;FILL_L8_1;0.007;
[2026-09-23 06:33:09,779] [SUBPROCESS]    C1646;FILL_L10_6;VSUBS;0.028;
[2026-09-23 06:33:09,780] [SUBPROCESS]    C1647;FILL_L10_7;FILL_L10_8;0.028;
[2026-09-23 06:33:09,781] [SUBPROCESS]    C1648;FILL_L10_7;FILL_L126_0;0.01;
[2026-09-23 06:33:09,782] [SUBPROCESS]    C1649;FILL_L10_7;FILL_L30_19;0.003;
[2026-09-23 06:33:09,783] [SUBPROCESS]    C1650;FILL_L10_7;FILL_L30_8;0.106;
[2026-09-23 06:33:09,784] [SUBPROCESS]    C1651;FILL_L10_7;FILL_L8_1;0.134;
[2026-09-23 06:33:09,785] [SUBPROCESS]    C1652;FILL_L10_7;VSUBS;0.028;
[2026-09-23 06:33:09,786] [SUBPROCESS]    C1653;FILL_L10_8;FILL_L10_9;0.083;
[2026-09-23 06:33:09,787] [SUBPROCESS]    C1654;FILL_L10_8;FILL_L126_0;0.061;
[2026-09-23 06:33:09,788] [SUBPROCESS]    C1655;FILL_L10_8;FILL_L134_1;0.008;
[2026-09-23 06:33:09,789] [SUBPROCESS]    C1656;FILL_L10_8;FILL_L134_2;0.008;
[2026-09-23 06:33:09,790] [SUBPROCESS]    C1657;FILL_L10_8;FILL_L30_20;0.005;
[2026-09-23 06:33:09,791] [SUBPROCESS]    C1658;FILL_L10_8;FILL_L30_8;0.179;
[2026-09-23 06:33:09,792] [SUBPROCESS]    C1659;FILL_L10_8;FILL_L30_9;0.45;
[2026-09-23 06:33:09,793] [SUBPROCESS]    C1660;FILL_L10_8;FILL_L50_0;0.024;
[2026-09-23 06:33:09,794] [SUBPROCESS]    C1661;FILL_L10_8;FILL_L50_5;0.004;
[2026-09-23 06:33:09,795] [SUBPROCESS]    C1662;FILL_L10_8;FILL_L8_1;0.012;
[2026-09-23 06:33:09,796] [SUBPROCESS]    C1663;FILL_L10_8;FILL_L8_2;0.701;
[2026-09-23 06:33:09,797] [SUBPROCESS]    C1664;FILL_L10_8;VSUBS;0.254;
[2026-09-23 06:33:09,798] [SUBPROCESS]    C1665;FILL_L10_9;FILL_L126_0;0.024;
[2026-09-23 06:33:09,799] [SUBPROCESS]    C1666;FILL_L10_9;FILL_L134_2;0.032;
[2026-09-23 06:33:09,800] [SUBPROCESS]    C1667;FILL_L10_9;FILL_L30_0;0.001;
[2026-09-23 06:33:09,801] [SUBPROCESS]    C1668;FILL_L10_9;FILL_L30_10;0.118;
[2026-09-23 06:33:09,802] [SUBPROCESS]    C1669;FILL_L10_9;FILL_L30_11;0.001;
[2026-09-23 06:33:09,803] [SUBPROCESS]    C1670;FILL_L10_9;FILL_L30_13;0.002;
[2026-09-23 06:33:09,804] [SUBPROCESS]    C1671;FILL_L10_9;FILL_L30_20;0.003;
[2026-09-23 06:33:09,805] [SUBPROCESS]    C1672;FILL_L10_9;FILL_L30_9;0.36;
[2026-09-23 06:33:09,806] [SUBPROCESS]    C1673;FILL_L10_9;FILL_L50_0;0.002;
[2026-09-23 06:33:09,807] [SUBPROCESS]    C1674;FILL_L10_9;FILL_L8_3;0.701;
[2026-09-23 06:33:09,808] [SUBPROCESS]    C1675;FILL_L10_9;VSUBS;0.254;
[2026-09-23 06:33:09,809] [SUBPROCESS]    C1676;FILL_L126_0;FILL_L126_4;0.239;
[2026-09-23 06:33:09,810] [SUBPROCESS]    C1677;FILL_L126_0;FILL_L134_0;0.023;
[2026-09-23 06:33:09,811] [SUBPROCESS]    C1678;FILL_L126_0;FILL_L134_1;0.54;
[2026-09-23 06:33:09,812] [SUBPROCESS]    C1679;FILL_L126_0;FILL_L134_2;0.111;
[2026-09-23 06:33:09,813] [SUBPROCESS]    C1680;FILL_L126_0;FILL_L30_10;0.002;
[2026-09-23 06:33:09,814] [SUBPROCESS]    C1681;FILL_L126_0;FILL_L30_12;0.005;
[2026-09-23 06:33:09,815] [SUBPROCESS]    C1682;FILL_L126_0;FILL_L30_13;0.002;
[2026-09-23 06:33:09,816] [SUBPROCESS]    C1683;FILL_L126_0;FILL_L30_18;0.004;
[2026-09-23 06:33:09,817] [SUBPROCESS]    C1684;FILL_L126_0;FILL_L30_19;0.215;
[2026-09-23 06:33:09,818] [SUBPROCESS]    C1685;FILL_L126_0;FILL_L30_20;0.124;
[2026-09-23 06:33:09,819] [SUBPROCESS]    C1686;FILL_L126_0;FILL_L30_21;0.002;
[2026-09-23 06:33:09,820] [SUBPROCESS]    C1687;FILL_L126_0;FILL_L30_27;0.019;
[2026-09-23 06:33:09,821] [SUBPROCESS]    C1688;FILL_L126_0;FILL_L30_7;0.005;
[2026-09-23 06:33:09,822] [SUBPROCESS]    C1689;FILL_L126_0;FILL_L30_8;0.144;
[2026-09-23 06:33:09,823] [SUBPROCESS]    C1690;FILL_L126_0;FILL_L30_9;0.082;
[2026-09-23 06:33:09,824] [SUBPROCESS]    C1691;FILL_L126_0;FILL_L50_0;0.023;
[2026-09-23 06:33:09,825] [SUBPROCESS]    C1692;FILL_L126_0;FILL_L50_5;0.023;
[2026-09-23 06:33:09,826] [SUBPROCESS]    C1693;FILL_L126_0;FILL_L50_7;0.02;
[2026-09-23 06:33:09,827] [SUBPROCESS]    C1694;FILL_L126_0;FILL_L8_0;0.002;
[2026-09-23 06:33:09,828] [SUBPROCESS]    C1695;FILL_L126_0;FILL_L8_1;0.028;
[2026-09-23 06:33:09,829] [SUBPROCESS]    C1696;FILL_L126_0;FILL_L8_13;0.005;
[2026-09-23 06:33:09,830] [SUBPROCESS]    C1697;FILL_L126_0;FILL_L8_14;0.001;
[2026-09-23 06:33:09,831] [SUBPROCESS]    C1698;FILL_L126_0;FILL_L8_2;0.004;
[2026-09-23 06:33:09,832] [SUBPROCESS]    C1699;FILL_L126_0;FILL_L8_5;0.002;
[2026-09-23 06:33:09,833] [SUBPROCESS]    C1700;FILL_L126_0;FILL_L8_6;0.026;
[2026-09-23 06:33:09,834] [SUBPROCESS]    C1701;FILL_L126_0;FILL_L8_7;0.003;
[2026-09-23 06:33:09,835] [SUBPROCESS]    C1702;FILL_L126_0;VSUBS;0.421;
[2026-09-23 06:33:09,836] [SUBPROCESS]    C1703;FILL_L126_1;FILL_L126_2;0.398;
[2026-09-23 06:33:09,837] [SUBPROCESS]    C1704;FILL_L126_1;FILL_L134_3;0.028;
[2026-09-23 06:33:09,838] [SUBPROCESS]    C1705;FILL_L126_1;FILL_L134_4;0.54;
[2026-09-23 06:33:09,839] [SUBPROCESS]    C1706;FILL_L126_1;FILL_L30_11;0.0;
[2026-09-23 06:33:09,840] [SUBPROCESS]    C1707;FILL_L126_1;FILL_L30_14;0.006;
[2026-09-23 06:33:09,841] [SUBPROCESS]    C1708;FILL_L126_1;FILL_L30_15;0.004;
[2026-09-23 06:33:09,842] [SUBPROCESS]    C1709;FILL_L126_1;FILL_L30_2;0.004;
[2026-09-23 06:33:09,843] [SUBPROCESS]    C1710;FILL_L126_1;FILL_L30_25;0.003;
[2026-09-23 06:33:09,844] [SUBPROCESS]    C1711;FILL_L126_1;FILL_L30_3;0.003;
[2026-09-23 06:33:09,845] [SUBPROCESS]    C1712;FILL_L126_1;FILL_L30_33;0.001;
[2026-09-23 06:33:09,846] [SUBPROCESS]    C1713;FILL_L126_1;FILL_L50_10;0.175;
[2026-09-23 06:33:09,847] [SUBPROCESS]    C1714;FILL_L126_1;FILL_L50_16;0.063;
[2026-09-23 06:33:09,848] [SUBPROCESS]    C1715;FILL_L126_1;FILL_L50_2;0.254;
[2026-09-23 06:33:09,849] [SUBPROCESS]    C1716;FILL_L126_1;FILL_L50_3;0.113;
[2026-09-23 06:33:09,850] [SUBPROCESS]    C1717;FILL_L126_1;FILL_L50_9;0.38;
[2026-09-23 06:33:09,851] [SUBPROCESS]    C1718;FILL_L126_1;FILL_L8_10;0.003;
[2026-09-23 06:33:09,852] [SUBPROCESS]    C1719;FILL_L126_1;FILL_L8_23;0.006;
[2026-09-23 06:33:09,853] [SUBPROCESS]    C1720;FILL_L126_1;FILL_L8_4;0.0;
[2026-09-23 06:33:09,854] [SUBPROCESS]    C1721;FILL_L126_1;FILL_L8_9;0.001;
[2026-09-23 06:33:09,855] [SUBPROCESS]    C1722;FILL_L126_1;VSUBS;0.37;
[2026-09-23 06:33:09,856] [SUBPROCESS]    C1723;FILL_L126_2;FILL_L126_3;0.398;
[2026-09-23 06:33:09,857] [SUBPROCESS]    C1724;FILL_L126_2;FILL_L134_5;0.54;
[2026-09-23 06:33:09,859] [SUBPROCESS]    C1725;FILL_L126_2;FILL_L30_4;0.004;
[2026-09-23 06:33:09,860] [SUBPROCESS]    C1726;FILL_L126_2;FILL_L30_5;0.004;
[2026-09-23 06:33:09,861] [SUBPROCESS]    C1727;FILL_L126_2;FILL_L50_10;0.283;
[2026-09-23 06:33:09,862] [SUBPROCESS]    C1728;FILL_L126_2;FILL_L50_11;0.329;
[2026-09-23 06:33:09,863] [SUBPROCESS]    C1729;FILL_L126_2;FILL_L50_17;0.022;
[2026-09-23 06:33:09,864] [SUBPROCESS]    C1730;FILL_L126_2;FILL_L50_18;0.038;
[2026-09-23 06:33:09,865] [SUBPROCESS]    C1731;FILL_L126_2;FILL_L50_3;0.186;
[2026-09-23 06:33:09,866] [SUBPROCESS]    C1732;FILL_L126_2;FILL_L50_4;0.218;
[2026-09-23 06:33:09,867] [SUBPROCESS]    C1733;FILL_L126_2;FILL_L8_24;0.0;
[2026-09-23 06:33:09,868] [SUBPROCESS]    C1734;FILL_L126_2;FILL_L8_25;0.001;
[2026-09-23 06:33:09,869] [SUBPROCESS]    C1735;FILL_L126_2;VSUBS;0.358;
[2026-09-23 06:33:09,870] [SUBPROCESS]    C1736;FILL_L126_3;FILL_L134_6;0.01;
[2026-09-23 06:33:09,871] [SUBPROCESS]    C1737;FILL_L126_3;FILL_L30_6;0.0;
[2026-09-23 06:33:09,872] [SUBPROCESS]    C1738;FILL_L126_3;FILL_L50_11;0.085;
[2026-09-23 06:33:09,872] [SUBPROCESS]    C1739;FILL_L126_3;FILL_L50_4;0.055;
[2026-09-23 06:33:09,873] [SUBPROCESS]    C1740;FILL_L126_3;VSUBS;0.356;
[2026-09-23 06:33:09,874] [SUBPROCESS]    C1741;FILL_L126_4;FILL_L134_7;0.024;
[2026-09-23 06:33:09,875] [SUBPROCESS]    C1742;FILL_L126_4;FILL_L134_8;0.559;
[2026-09-23 06:33:09,876] [SUBPROCESS]    C1743;FILL_L126_4;FILL_L134_9;0.115;
[2026-09-23 06:33:09,877] [SUBPROCESS]    C1744;FILL_L126_4;FILL_L30_19;0.003;
[2026-09-23 06:33:09,879] [SUBPROCESS]    C1745;FILL_L126_4;FILL_L30_23;0.0;
[2026-09-23 06:33:09,880] [SUBPROCESS]    C1746;FILL_L126_4;FILL_L30_26;0.016;
[2026-09-23 06:33:09,881] [SUBPROCESS]    C1747;FILL_L126_4;FILL_L30_27;0.201;
[2026-09-23 06:33:09,882] [SUBPROCESS]    C1748;FILL_L126_4;FILL_L30_28;0.104;
[2026-09-23 06:33:09,883] [SUBPROCESS]    C1749;FILL_L126_4;FILL_L30_29;0.002;
[2026-09-23 06:33:09,884] [SUBPROCESS]    C1750;FILL_L126_4;FILL_L30_31;0.002;
[2026-09-23 06:33:09,885] [SUBPROCESS]    C1751;FILL_L126_4;FILL_L30_35;0.018;
[2026-09-23 06:33:09,886] [SUBPROCESS]    C1752;FILL_L126_4;FILL_L30_36;0.195;
[2026-09-23 06:33:09,887] [SUBPROCESS]    C1753;FILL_L126_4;FILL_L30_37;0.115;
[2026-09-23 06:33:09,888] [SUBPROCESS]    C1754;FILL_L126_4;FILL_L30_38;0.001;
[2026-09-23 06:33:09,888] [SUBPROCESS]    C1755;FILL_L126_4;FILL_L50_12;0.002;
[2026-09-23 06:33:09,889] [SUBPROCESS]    C1756;FILL_L126_4;FILL_L50_14;0.023;
[2026-09-23 06:33:09,890] [SUBPROCESS]    C1757;FILL_L126_4;FILL_L50_19;0.023;
[2026-09-23 06:33:09,891] [SUBPROCESS]    C1758;FILL_L126_4;FILL_L50_21;0.012;
[2026-09-23 06:33:09,892] [SUBPROCESS]    C1759;FILL_L126_4;FILL_L8_13;0.016;
[2026-09-23 06:33:09,893] [SUBPROCESS]    C1760;FILL_L126_4;FILL_L8_14;0.003;
[2026-09-23 06:33:09,894] [SUBPROCESS]    C1761;FILL_L126_4;FILL_L8_18;0.002;
[2026-09-23 06:33:09,895] [SUBPROCESS]    C1762;FILL_L126_4;FILL_L8_19;0.051;
[2026-09-23 06:33:09,896] [SUBPROCESS]    C1763;FILL_L126_4;FILL_L8_20;0.008;
[2026-09-23 06:33:09,898] [SUBPROCESS]    C1764;FILL_L126_4;FILL_L8_28;0.003;
[2026-09-23 06:33:09,899] [SUBPROCESS]    C1765;FILL_L126_4;FILL_L8_29;0.003;
[2026-09-23 06:33:09,900] [SUBPROCESS]    C1766;FILL_L126_4;VSUBS;0.398;
[2026-09-23 06:33:09,901] [SUBPROCESS]    C1767;FILL_L134_0;FILL_L134_1;0.383;
[2026-09-23 06:33:09,902] [SUBPROCESS]    C1768;FILL_L134_0;FILL_L134_7;0.212;
[2026-09-23 06:33:09,903] [SUBPROCESS]    C1769;FILL_L134_0;FILL_L30_12;0.006;
[2026-09-23 06:33:09,904] [SUBPROCESS]    C1770;FILL_L134_0;FILL_L30_18;0.005;
[2026-09-23 06:33:09,905] [SUBPROCESS]    C1771;FILL_L134_0;FILL_L30_19;0.014;
[2026-09-23 06:33:09,906] [SUBPROCESS]    C1772;FILL_L134_0;FILL_L30_26;0.002;
[2026-09-23 06:33:09,907] [SUBPROCESS]    C1773;FILL_L134_0;FILL_L30_7;0.006;
[2026-09-23 06:33:09,908] [SUBPROCESS]    C1774;FILL_L134_0;FILL_L30_8;0.009;
[2026-09-23 06:33:09,909] [SUBPROCESS]    C1775;FILL_L134_0;FILL_L8_0;0.001;
[2026-09-23 06:33:09,910] [SUBPROCESS]    C1776;FILL_L134_0;FILL_L8_1;0.014;
[2026-09-23 06:33:09,911] [SUBPROCESS]    C1777;FILL_L134_0;FILL_L8_5;0.002;
[2026-09-23 06:33:09,912] [SUBPROCESS]    C1778;FILL_L134_0;FILL_L8_6;0.016;
[2026-09-23 06:33:09,913] [SUBPROCESS]    C1779;FILL_L134_0;VSUBS;0.464;
[2026-09-23 06:33:09,914] [SUBPROCESS]    C1780;FILL_L134_1;FILL_L134_2;0.383;
[2026-09-23 06:33:09,915] [SUBPROCESS]    C1781;FILL_L134_1;FILL_L134_8;0.23;
[2026-09-23 06:33:09,916] [SUBPROCESS]    C1782;FILL_L134_1;FILL_L30_12;0.002;
[2026-09-23 06:33:09,917] [SUBPROCESS]    C1783;FILL_L134_1;FILL_L30_18;0.001;
[2026-09-23 06:33:09,918] [SUBPROCESS]    C1784;FILL_L134_1;FILL_L30_19;0.016;
[2026-09-23 06:33:09,919] [SUBPROCESS]    C1785;FILL_L134_1;FILL_L30_20;0.042;
[2026-09-23 06:33:09,920] [SUBPROCESS]    C1786;FILL_L134_1;FILL_L30_27;0.012;
[2026-09-23 06:33:09,921] [SUBPROCESS]    C1787;FILL_L134_1;FILL_L30_7;0.002;
[2026-09-23 06:33:09,922] [SUBPROCESS]    C1788;FILL_L134_1;FILL_L30_8;0.009;
[2026-09-23 06:33:09,923] [SUBPROCESS]    C1789;FILL_L134_1;FILL_L30_9;0.028;
[2026-09-23 06:33:09,924] [SUBPROCESS]    C1790;FILL_L134_1;FILL_L50_0;0.005;
[2026-09-23 06:33:09,925] [SUBPROCESS]    C1791;FILL_L134_1;FILL_L50_5;0.005;
[2026-09-23 06:33:09,926] [SUBPROCESS]    C1792;FILL_L134_1;FILL_L50_7;0.005;
[2026-09-23 06:33:09,927] [SUBPROCESS]    C1793;FILL_L134_1;FILL_L8_1;0.014;
[2026-09-23 06:33:09,928] [SUBPROCESS]    C1794;FILL_L134_1;FILL_L8_13;0.004;
[2026-09-23 06:33:09,929] [SUBPROCESS]    C1795;FILL_L134_1;FILL_L8_6;0.016;
[2026-09-23 06:33:09,930] [SUBPROCESS]    C1796;FILL_L134_1;VSUBS;0.255;
[2026-09-23 06:33:09,931] [SUBPROCESS]    C1797;FILL_L134_2;FILL_L134_3;0.383;
[2026-09-23 06:33:09,932] [SUBPROCESS]    C1798;FILL_L134_2;FILL_L134_9;0.23;
[2026-09-23 06:33:09,933] [SUBPROCESS]    C1799;FILL_L134_2;FILL_L30_0;0.002;
[2026-09-23 06:33:09,934] [SUBPROCESS]    C1800;FILL_L134_2;FILL_L30_10;0.012;
[2026-09-23 06:33:09,935] [SUBPROCESS]    C1801;FILL_L134_2;FILL_L30_11;0.003;
[2026-09-23 06:33:09,936] [SUBPROCESS]    C1802;FILL_L134_2;FILL_L30_13;0.012;
[2026-09-23 06:33:09,937] [SUBPROCESS]    C1803;FILL_L134_2;FILL_L30_14;0.001;
[2026-09-23 06:33:09,938] [SUBPROCESS]    C1804;FILL_L134_2;FILL_L30_16;0.003;
[2026-09-23 06:33:09,939] [SUBPROCESS]    C1805;FILL_L134_2;FILL_L30_20;0.082;
[2026-09-23 06:33:09,940] [SUBPROCESS]    C1806;FILL_L134_2;FILL_L30_21;0.009;
[2026-09-23 06:33:09,941] [SUBPROCESS]    C1807;FILL_L134_2;FILL_L30_23;0.004;
[2026-09-23 06:33:09,942] [SUBPROCESS]    C1808;FILL_L134_2;FILL_L30_28;0.005;
[2026-09-23 06:33:09,943] [SUBPROCESS]    C1809;FILL_L134_2;FILL_L30_9;0.055;
[2026-09-23 06:33:09,944] [SUBPROCESS]    C1810;FILL_L134_2;FILL_L50_0;0.008;
[2026-09-23 06:33:09,945] [SUBPROCESS]    C1811;FILL_L134_2;FILL_L50_5;0.008;
[2026-09-23 06:33:09,946] [SUBPROCESS]    C1812;FILL_L134_2;FILL_L50_7;0.007;
[2026-09-23 06:33:09,947] [SUBPROCESS]    C1813;FILL_L134_2;FILL_L8_15;0.0;
[2026-09-23 06:33:09,948] [SUBPROCESS]    C1814;FILL_L134_2;FILL_L8_3;0.004;
[2026-09-23 06:33:09,949] [SUBPROCESS]    C1815;FILL_L134_2;FILL_L8_8;0.005;
[2026-09-23 06:33:09,950] [SUBPROCESS]    C1816;FILL_L134_2;VSUBS;0.27;
[2026-09-23 06:33:09,951] [SUBPROCESS]    C1817;FILL_L134_3;FILL_L134_4;0.383;
[2026-09-23 06:33:09,952] [SUBPROCESS]    C1818;FILL_L134_3;FILL_L30_0;0.0;
[2026-09-23 06:33:09,953] [SUBPROCESS]    C1819;FILL_L134_3;FILL_L30_1;0.0;
[2026-09-23 06:33:09,954] [SUBPROCESS]    C1820;FILL_L134_3;FILL_L30_11;0.001;
[2026-09-23 06:33:09,955] [SUBPROCESS]    C1821;FILL_L134_3;FILL_L30_14;0.011;
[2026-09-23 06:33:09,956] [SUBPROCESS]    C1822;FILL_L134_3;FILL_L30_16;0.001;
[2026-09-23 06:33:09,957] [SUBPROCESS]    C1823;FILL_L134_3;FILL_L30_25;0.018;
[2026-09-23 06:33:09,958] [SUBPROCESS]    C1824;FILL_L134_3;FILL_L30_33;0.005;
[2026-09-23 06:33:09,959] [SUBPROCESS]    C1825;FILL_L134_3;FILL_L50_1;0.001;
[2026-09-23 06:33:09,960] [SUBPROCESS]    C1826;FILL_L134_3;FILL_L50_2;0.011;
[2026-09-23 06:33:09,961] [SUBPROCESS]    C1827;FILL_L134_3;FILL_L50_6;0.001;
[2026-09-23 06:33:09,962] [SUBPROCESS]    C1828;FILL_L134_3;FILL_L50_8;0.001;
[2026-09-23 06:33:09,963] [SUBPROCESS]    C1829;FILL_L134_3;FILL_L50_9;0.016;
[2026-09-23 06:33:09,964] [SUBPROCESS]    C1830;FILL_L134_3;FILL_L8_9;0.0;
[2026-09-23 06:33:09,965] [SUBPROCESS]    C1831;FILL_L134_3;P;0.006;
[2026-09-23 06:33:09,966] [SUBPROCESS]    C1832;FILL_L134_3;VSUBS;0.214;
[2026-09-23 06:33:09,967] [SUBPROCESS]    C1833;FILL_L134_4;FILL_L134_5;0.383;
[2026-09-23 06:33:09,968] [SUBPROCESS]    C1834;FILL_L134_4;FILL_L30_14;0.0;
[2026-09-23 06:33:09,969] [SUBPROCESS]    C1835;FILL_L134_4;FILL_L30_25;0.001;
[2026-09-23 06:33:09,970] [SUBPROCESS]    C1836;FILL_L134_4;FILL_L30_33;0.001;
[2026-09-23 06:33:09,971] [SUBPROCESS]    C1837;FILL_L134_4;FILL_L50_10;0.058;
[2026-09-23 06:33:09,972] [SUBPROCESS]    C1838;FILL_L134_4;FILL_L50_16;0.056;
[2026-09-23 06:33:09,973] [SUBPROCESS]    C1839;FILL_L134_4;FILL_L50_2;0.011;
[2026-09-23 06:33:09,974] [SUBPROCESS]    C1840;FILL_L134_4;FILL_L50_3;0.038;
[2026-09-23 06:33:09,975] [SUBPROCESS]    C1841;FILL_L134_4;FILL_L50_9;0.02;
[2026-09-23 06:33:09,976] [SUBPROCESS]    C1842;FILL_L134_4;FILL_L8_10;0.002;
[2026-09-23 06:33:09,977] [SUBPROCESS]    C1843;FILL_L134_4;FILL_L8_23;0.007;
[2026-09-23 06:33:09,978] [SUBPROCESS]    C1844;FILL_L134_4;VSUBS;0.241;
[2026-09-23 06:33:09,979] [SUBPROCESS]    C1845;FILL_L134_5;FILL_L134_6;0.383;
[2026-09-23 06:33:09,981] [SUBPROCESS]    C1846;FILL_L134_5;FILL_L50_10;0.059;
[2026-09-23 06:33:09,982] [SUBPROCESS]    C1847;FILL_L134_5;FILL_L50_11;0.044;
[2026-09-23 06:33:09,983] [SUBPROCESS]    C1848;FILL_L134_5;FILL_L50_17;0.02;
[2026-09-23 06:33:09,983] [SUBPROCESS]    C1849;FILL_L134_5;FILL_L50_18;0.034;
[2026-09-23 06:33:09,984] [SUBPROCESS]    C1850;FILL_L134_5;FILL_L50_3;0.038;
[2026-09-23 06:33:09,985] [SUBPROCESS]    C1851;FILL_L134_5;FILL_L50_4;0.028;
[2026-09-23 06:33:09,986] [SUBPROCESS]    C1852;FILL_L134_5;FILL_L8_24;0.0;
[2026-09-23 06:33:09,987] [SUBPROCESS]    C1853;FILL_L134_5;FILL_L8_25;0.002;
[2026-09-23 06:33:09,988] [SUBPROCESS]    C1854;FILL_L134_5;VSUBS;0.231;
[2026-09-23 06:33:09,989] [SUBPROCESS]    C1855;FILL_L134_6;FILL_L50_11;0.042;
[2026-09-23 06:33:09,990] [SUBPROCESS]    C1856;FILL_L134_6;FILL_L50_4;0.027;
[2026-09-23 06:33:09,991] [SUBPROCESS]    C1857;FILL_L134_6;VSUBS;0.291;
[2026-09-23 06:33:09,993] [SUBPROCESS]    C1858;FILL_L134_7;FILL_L134_8;0.396;
[2026-09-23 06:33:09,994] [SUBPROCESS]    C1859;FILL_L134_7;FILL_L30_18;0.0;
[2026-09-23 06:33:09,995] [SUBPROCESS]    C1860;FILL_L134_7;FILL_L30_26;0.015;
[2026-09-23 06:33:09,996] [SUBPROCESS]    C1861;FILL_L134_7;FILL_L30_27;0.01;
[2026-09-23 06:33:09,997] [SUBPROCESS]    C1862;FILL_L134_7;FILL_L30_35;0.015;
[2026-09-23 06:33:09,998] [SUBPROCESS]    C1863;FILL_L134_7;FILL_L30_36;0.012;
[2026-09-23 06:33:10,000] [SUBPROCESS]    C1864;FILL_L134_7;FILL_L8_13;0.007;
[2026-09-23 06:33:10,001] [SUBPROCESS]    C1865;FILL_L134_7;FILL_L8_18;0.001;
[2026-09-23 06:33:10,002] [SUBPROCESS]    C1866;FILL_L134_7;FILL_L8_19;0.02;
[2026-09-23 06:33:10,003] [SUBPROCESS]    C1867;FILL_L134_7;FILL_L8_28;0.002;
[2026-09-23 06:33:10,004] [SUBPROCESS]    C1868;FILL_L134_7;VSUBS;0.468;
[2026-09-23 06:33:10,005] [SUBPROCESS]    C1869;FILL_L134_8;FILL_L134_9;0.396;
[2026-09-23 06:33:10,006] [SUBPROCESS]    C1870;FILL_L134_8;FILL_L30_19;0.002;
[2026-09-23 06:33:10,007] [SUBPROCESS]    C1871;FILL_L134_8;FILL_L30_26;0.005;
[2026-09-23 06:33:10,008] [SUBPROCESS]    C1872;FILL_L134_8;FILL_L30_27;0.024;
[2026-09-23 06:33:10,009] [SUBPROCESS]    C1873;FILL_L134_8;FILL_L30_28;0.036;
[2026-09-23 06:33:10,010] [SUBPROCESS]    C1874;FILL_L134_8;FILL_L30_35;0.006;
[2026-09-23 06:33:10,011] [SUBPROCESS]    C1875;FILL_L134_8;FILL_L30_36;0.012;
[2026-09-23 06:33:10,012] [SUBPROCESS]    C1876;FILL_L134_8;FILL_L30_37;0.04;
[2026-09-23 06:33:10,013] [SUBPROCESS]    C1877;FILL_L134_8;FILL_L50_12;0.001;
[2026-09-23 06:33:10,014] [SUBPROCESS]    C1878;FILL_L134_8;FILL_L50_14;0.005;
[2026-09-23 06:33:10,015] [SUBPROCESS]    C1879;FILL_L134_8;FILL_L50_19;0.005;
[2026-09-23 06:33:10,017] [SUBPROCESS]    C1880;FILL_L134_8;FILL_L50_21;0.003;
[2026-09-23 06:33:10,018] [SUBPROCESS]    C1881;FILL_L134_8;FILL_L8_13;0.011;
[2026-09-23 06:33:10,019] [SUBPROCESS]    C1882;FILL_L134_8;FILL_L8_19;0.02;
[2026-09-23 06:33:10,020] [SUBPROCESS]    C1883;FILL_L134_8;FILL_L8_28;0.002;
[2026-09-23 06:33:10,021] [SUBPROCESS]    C1884;FILL_L134_8;VSUBS;0.245;
[2026-09-23 06:33:10,022] [SUBPROCESS]    C1885;FILL_L134_9;FILL_L30_20;0.001;
[2026-09-23 06:33:10,023] [SUBPROCESS]    C1886;FILL_L134_9;FILL_L30_21;0.001;
[2026-09-23 06:33:10,024] [SUBPROCESS]    C1887;FILL_L134_9;FILL_L30_23;0.007;
[2026-09-23 06:33:10,025] [SUBPROCESS]    C1888;FILL_L134_9;FILL_L30_24;0.003;
[2026-09-23 06:33:10,026] [SUBPROCESS]    C1889;FILL_L134_9;FILL_L30_25;0.003;
[2026-09-23 06:33:10,027] [SUBPROCESS]    C1890;FILL_L134_9;FILL_L30_28;0.074;
[2026-09-23 06:33:10,029] [SUBPROCESS]    C1891;FILL_L134_9;FILL_L30_29;0.012;
[2026-09-23 06:33:10,030] [SUBPROCESS]    C1892;FILL_L134_9;FILL_L30_30;0.003;
[2026-09-23 06:33:10,031] [SUBPROCESS]    C1893;FILL_L134_9;FILL_L30_31;0.012;
[2026-09-23 06:33:10,032] [SUBPROCESS]    C1894;FILL_L134_9;FILL_L30_32;0.003;
[2026-09-23 06:33:10,033] [SUBPROCESS]    C1895;FILL_L134_9;FILL_L30_33;0.011;
[2026-09-23 06:33:10,034] [SUBPROCESS]    C1896;FILL_L134_9;FILL_L30_37;0.076;
[2026-09-23 06:33:10,035] [SUBPROCESS]    C1897;FILL_L134_9;FILL_L30_38;0.006;
[2026-09-23 06:33:10,036] [SUBPROCESS]    C1898;FILL_L134_9;FILL_L50_12;0.001;
[2026-09-23 06:33:10,037] [SUBPROCESS]    C1899;FILL_L134_9;FILL_L50_14;0.008;
[2026-09-23 06:33:10,038] [SUBPROCESS]    C1900;FILL_L134_9;FILL_L50_19;0.008;
[2026-09-23 06:33:10,039] [SUBPROCESS]    C1901;FILL_L134_9;FILL_L50_21;0.004;
[2026-09-23 06:33:10,040] [SUBPROCESS]    C1902;FILL_L134_9;FILL_L8_15;0.003;
[2026-09-23 06:33:10,041] [SUBPROCESS]    C1903;FILL_L134_9;FILL_L8_20;0.0;
[2026-09-23 06:33:10,042] [SUBPROCESS]    C1904;FILL_L134_9;FILL_L8_21;0.006;
[2026-09-23 06:33:10,043] [SUBPROCESS]    C1905;FILL_L134_9;FILL_L8_30;0.002;
[2026-09-23 06:33:10,044] [SUBPROCESS]    C1906;FILL_L134_9;VSUBS;0.274;
[2026-09-23 06:33:10,045] [SUBPROCESS]    C1907;FILL_L30_0;FILL_L30_1;0.004;
[2026-09-23 06:33:10,046] [SUBPROCESS]    C1908;FILL_L30_0;FILL_L30_11;0.019;
[2026-09-23 06:33:10,047] [SUBPROCESS]    C1909;FILL_L30_0;FILL_L30_9;0.002;
[2026-09-23 06:33:10,048] [SUBPROCESS]    C1910;FILL_L30_0;FILL_L50_1;0.014;
[2026-09-23 06:33:10,060] [SUBPROCESS]    C1911;FILL_L30_0;FILL_L50_2;0.0;
[2026-09-23 06:33:10,061] [SUBPROCESS]    C1912;FILL_L30_0;N;0.001;
[2026-09-23 06:33:10,062] [SUBPROCESS]    C1913;FILL_L30_0;P;0.009;
[2026-09-23 06:33:10,063] [SUBPROCESS]    C1914;FILL_L30_0;VSUBS;0.06;
[2026-09-23 06:33:10,064] [SUBPROCESS]    C1915;FILL_L30_1;FILL_L30_2;0.009;
[2026-09-23 06:33:10,065] [SUBPROCESS]    C1916;FILL_L30_1;FILL_L50_2;0.081;
[2026-09-23 06:33:10,066] [SUBPROCESS]    C1917;FILL_L30_1;VSUBS;0.06;
[2026-09-23 06:33:10,067] [SUBPROCESS]    C1918;FILL_L30_10;FILL_L30_13;0.019;
[2026-09-23 06:33:10,068] [SUBPROCESS]    C1919;FILL_L30_10;FILL_L30_9;0.019;
[2026-09-23 06:33:10,069] [SUBPROCESS]    C1920;FILL_L30_10;FILL_L50_1;0.001;
[2026-09-23 06:33:10,070] [SUBPROCESS]    C1921;FILL_L30_10;FILL_L8_3;0.003;
[2026-09-23 06:33:10,072] [SUBPROCESS]    C1922;FILL_L30_10;N;0.0;
[2026-09-23 06:33:10,073] [SUBPROCESS]    C1923;FILL_L30_10;P;0.0;
[2026-09-23 06:33:10,074] [SUBPROCESS]    C1924;FILL_L30_10;VSUBS;0.057;
[2026-09-23 06:33:10,075] [SUBPROCESS]    C1925;FILL_L30_11;FILL_L30_16;0.019;
[2026-09-23 06:33:10,076] [SUBPROCESS]    C1926;FILL_L30_11;FILL_L50_1;0.056;
[2026-09-23 06:33:10,077] [SUBPROCESS]    C1927;FILL_L30_11;FILL_L50_6;0.017;
[2026-09-23 06:33:10,078] [SUBPROCESS]    C1928;FILL_L30_11;N;0.002;
[2026-09-23 06:33:10,079] [SUBPROCESS]    C1929;FILL_L30_11;P;0.019;
[2026-09-23 06:33:10,080] [SUBPROCESS]    C1930;FILL_L30_11;VSUBS;0.071;
[2026-09-23 06:33:10,081] [SUBPROCESS]    C1931;FILL_L30_12;FILL_L30_18;0.019;
[2026-09-23 06:33:10,082] [SUBPROCESS]    C1932;FILL_L30_12;FILL_L30_19;0.019;
[2026-09-23 06:33:10,083] [SUBPROCESS]    C1933;FILL_L30_12;FILL_L30_7;0.019;
[2026-09-23 06:33:10,084] [SUBPROCESS]    C1934;FILL_L30_12;FILL_L8_5;0.03;
[2026-09-23 06:33:10,085] [SUBPROCESS]    C1935;FILL_L30_12;FILL_L8_6;0.011;
[2026-09-23 06:33:10,086] [SUBPROCESS]    C1936;FILL_L30_12;VSUBS;0.04;
[2026-09-23 06:33:10,087] [SUBPROCESS]    C1937;FILL_L30_13;FILL_L30_14;0.005;
[2026-09-23 06:33:10,088] [SUBPROCESS]    C1938;FILL_L30_13;FILL_L30_20;0.019;
[2026-09-23 06:33:10,089] [SUBPROCESS]    C1939;FILL_L30_13;FILL_L30_21;0.019;
[2026-09-23 06:33:10,090] [SUBPROCESS]    C1940;FILL_L30_13;FILL_L50_6;0.001;
[2026-09-23 06:33:10,092] [SUBPROCESS]    C1941;FILL_L30_13;FILL_L8_8;0.003;
[2026-09-23 06:33:10,093] [SUBPROCESS]    C1942;FILL_L30_13;N;0.0;
[2026-09-23 06:33:10,094] [SUBPROCESS]    C1943;FILL_L30_13;P;0.0;
[2026-09-23 06:33:10,095] [SUBPROCESS]    C1944;FILL_L30_13;VSUBS;0.038;
[2026-09-23 06:33:10,095] [SUBPROCESS]    C1945;FILL_L30_14;FILL_L30_15;0.019;
[2026-09-23 06:33:10,096] [SUBPROCESS]    C1946;FILL_L30_14;FILL_L30_25;0.013;
[2026-09-23 06:33:10,097] [SUBPROCESS]    C1947;FILL_L30_14;FILL_L50_6;0.007;
[2026-09-23 06:33:10,098] [SUBPROCESS]    C1948;FILL_L30_14;FILL_L8_9;0.006;
[2026-09-23 06:33:10,099] [SUBPROCESS]    C1949;FILL_L30_14;N;0.0;
[2026-09-23 06:33:10,100] [SUBPROCESS]    C1950;FILL_L30_14;P;0.0;
[2026-09-23 06:33:10,101] [SUBPROCESS]    C1951;FILL_L30_14;VSUBS;0.064;
[2026-09-23 06:33:10,102] [SUBPROCESS]    C1952;FILL_L30_15;FILL_L30_25;0.013;
[2026-09-23 06:33:10,103] [SUBPROCESS]    C1953;FILL_L30_15;FILL_L50_10;0.001;
[2026-09-23 06:33:10,104] [SUBPROCESS]    C1954;FILL_L30_15;FILL_L50_9;0.139;
[2026-09-23 06:33:10,105] [SUBPROCESS]    C1955;FILL_L30_15;FILL_L8_16;0.0;
[2026-09-23 06:33:10,106] [SUBPROCESS]    C1956;FILL_L30_15;VSUBS;0.069;
[2026-09-23 06:33:10,107] [SUBPROCESS]    C1957;FILL_L30_16;FILL_L30_20;0.005;
[2026-09-23 06:33:10,108] [SUBPROCESS]    C1958;FILL_L30_16;FILL_L30_22;0.019;
[2026-09-23 06:33:10,109] [SUBPROCESS]    C1959;FILL_L30_16;FILL_L50_6;0.056;
[2026-09-23 06:33:10,110] [SUBPROCESS]    C1960;FILL_L30_16;FILL_L50_8;0.017;
[2026-09-23 06:33:10,111] [SUBPROCESS]    C1961;FILL_L30_16;FILL_L50_9;0.001;
[2026-09-23 06:33:10,112] [SUBPROCESS]    C1962;FILL_L30_16;FILL_L8_4;0.001;
[2026-09-23 06:33:10,113] [SUBPROCESS]    C1963;FILL_L30_16;N;0.002;
[2026-09-23 06:33:10,114] [SUBPROCESS]    C1964;FILL_L30_16;P;0.019;
[2026-09-23 06:33:10,115] [SUBPROCESS]    C1965;FILL_L30_16;VSUBS;0.056;
[2026-09-23 06:33:10,116] [SUBPROCESS]    C1966;FILL_L30_17;FILL_L30_18;0.019;
[2026-09-23 06:33:10,117] [SUBPROCESS]    C1967;FILL_L30_17;FILL_L30_26;0.019;
[2026-09-23 06:33:10,118] [SUBPROCESS]    C1968;FILL_L30_17;FILL_L8_0;0.004;
[2026-09-23 06:33:10,119] [SUBPROCESS]    C1969;FILL_L30_17;FILL_L8_12;0.011;
[2026-09-23 06:33:10,120] [SUBPROCESS]    C1970;FILL_L30_17;FILL_L8_5;0.048;
[2026-09-23 06:33:10,121] [SUBPROCESS]    C1971;FILL_L30_17;VSUBS;0.055;
[2026-09-23 06:33:10,122] [SUBPROCESS]    C1972;FILL_L30_18;FILL_L30_19;0.019;
[2026-09-23 06:33:10,123] [SUBPROCESS]    C1973;FILL_L30_18;FILL_L30_26;0.019;
[2026-09-23 06:33:10,124] [SUBPROCESS]    C1974;FILL_L30_18;FILL_L8_12;0.001;
[2026-09-23 06:33:10,125] [SUBPROCESS]    C1975;FILL_L30_18;FILL_L8_5;0.017;
[2026-09-23 06:33:10,126] [SUBPROCESS]    C1976;FILL_L30_18;FILL_L8_6;0.006;
[2026-09-23 06:33:10,127] [SUBPROCESS]    C1977;FILL_L30_18;VSUBS;0.041;
[2026-09-23 06:33:10,128] [SUBPROCESS]    C1978;FILL_L30_19;FILL_L30_20;0.077;
[2026-09-23 06:33:10,129] [SUBPROCESS]    C1979;FILL_L30_19;FILL_L30_27;0.077;
[2026-09-23 06:33:10,130] [SUBPROCESS]    C1980;FILL_L30_19;FILL_L30_8;0.077;
[2026-09-23 06:33:10,130] [SUBPROCESS]    C1981;FILL_L30_19;FILL_L8_1;0.005;
[2026-09-23 06:33:10,131] [SUBPROCESS]    C1982;FILL_L30_19;FILL_L8_13;0.017;
[2026-09-23 06:33:10,132] [SUBPROCESS]    C1983;FILL_L30_19;FILL_L8_5;0.017;
[2026-09-23 06:33:10,133] [SUBPROCESS]    C1984;FILL_L30_19;FILL_L8_6;0.218;
[2026-09-23 06:33:10,134] [SUBPROCESS]    C1985;FILL_L30_19;FILL_L8_7;0.028;
[2026-09-23 06:33:10,135] [SUBPROCESS]    C1986;FILL_L30_19;VSUBS;0.21;
[2026-09-23 06:33:10,136] [SUBPROCESS]    C1987;FILL_L30_2;FILL_L30_3;0.009;
[2026-09-23 06:33:10,137] [SUBPROCESS]    C1988;FILL_L30_2;FILL_L50_2;0.081;
[2026-09-23 06:33:10,139] [SUBPROCESS]    C1989;FILL_L30_2;VSUBS;0.057;
[2026-09-23 06:33:10,140] [SUBPROCESS]    C1990;FILL_L30_20;FILL_L30_21;0.019;
[2026-09-23 06:33:10,141] [SUBPROCESS]    C1991;FILL_L30_20;FILL_L30_28;0.077;
[2026-09-23 06:33:10,142] [SUBPROCESS]    C1992;FILL_L30_20;FILL_L30_9;0.077;
[2026-09-23 06:33:10,143] [SUBPROCESS]    C1993;FILL_L30_20;FILL_L50_5;0.152;
[2026-09-23 06:33:10,144] [SUBPROCESS]    C1994;FILL_L30_20;FILL_L50_7;0.152;
[2026-09-23 06:33:10,145] [SUBPROCESS]    C1995;FILL_L30_20;FILL_L8_14;0.003;
[2026-09-23 06:33:10,146] [SUBPROCESS]    C1996;FILL_L30_20;FILL_L8_15;0.002;
[2026-09-23 06:33:10,147] [SUBPROCESS]    C1997;FILL_L30_20;FILL_L8_7;0.033;
[2026-09-23 06:33:10,147] [SUBPROCESS]    C1998;FILL_L30_20;FILL_L8_8;0.031;
[2026-09-23 06:33:10,148] [SUBPROCESS]    C1999;FILL_L30_20;VSUBS;0.195;
[2026-09-23 06:33:10,149] [SUBPROCESS]    C2000;FILL_L30_21;FILL_L30_23;0.019;
[2026-09-23 06:33:10,150] [SUBPROCESS]    C2001;FILL_L30_21;FILL_L50_8;0.001;
[2026-09-23 06:33:10,151] [SUBPROCESS]    C2002;FILL_L30_21;FILL_L8_15;0.001;
[2026-09-23 06:33:10,152] [SUBPROCESS]    C2003;FILL_L30_21;FILL_L8_8;0.003;
[2026-09-23 06:33:10,153] [SUBPROCESS]    C2004;FILL_L30_21;N;0.0;
[2026-09-23 06:33:10,154] [SUBPROCESS]    C2005;FILL_L30_21;P;0.0;
[2026-09-23 06:33:10,155] [SUBPROCESS]    C2006;FILL_L30_21;VSUBS;0.052;
[2026-09-23 06:33:10,156] [SUBPROCESS]    C2007;FILL_L30_22;FILL_L30_24;0.019;
[2026-09-23 06:33:10,157] [SUBPROCESS]    C2008;FILL_L30_22;FILL_L30_25;0.019;
[2026-09-23 06:33:10,158] [SUBPROCESS]    C2009;FILL_L30_22;FILL_L50_13;0.017;
[2026-09-23 06:33:10,159] [SUBPROCESS]    C2010;FILL_L30_22;FILL_L50_8;0.056;
[2026-09-23 06:33:10,160] [SUBPROCESS]    C2011;FILL_L30_22;N;0.002;
[2026-09-23 06:33:10,161] [SUBPROCESS]    C2012;FILL_L30_22;P;0.019;
[2026-09-23 06:33:10,162] [SUBPROCESS]    C2013;FILL_L30_22;VSUBS;0.076;
[2026-09-23 06:33:10,163] [SUBPROCESS]    C2014;FILL_L30_23;FILL_L30_25;0.005;
[2026-09-23 06:33:10,164] [SUBPROCESS]    C2015;FILL_L30_23;FILL_L30_28;0.019;
[2026-09-23 06:33:10,165] [SUBPROCESS]    C2016;FILL_L30_23;FILL_L30_29;0.019;
[2026-09-23 06:33:10,166] [SUBPROCESS]    C2017;FILL_L30_23;FILL_L50_13;0.001;
[2026-09-23 06:33:10,167] [SUBPROCESS]    C2018;FILL_L30_23;FILL_L8_15;0.003;
[2026-09-23 06:33:10,168] [SUBPROCESS]    C2019;FILL_L30_23;N;0.0;
[2026-09-23 06:33:10,169] [SUBPROCESS]    C2020;FILL_L30_23;P;0.0;
[2026-09-23 06:33:10,170] [SUBPROCESS]    C2021;FILL_L30_23;VSUBS;0.036;
[2026-09-23 06:33:10,171] [SUBPROCESS]    C2022;FILL_L30_24;FILL_L30_25;0.019;
[2026-09-23 06:33:10,172] [SUBPROCESS]    C2023;FILL_L30_24;FILL_L30_28;0.005;
[2026-09-23 06:33:10,173] [SUBPROCESS]    C2024;FILL_L30_24;FILL_L30_30;0.019;
[2026-09-23 06:33:10,174] [SUBPROCESS]    C2025;FILL_L30_24;FILL_L50_13;0.056;
[2026-09-23 06:33:10,175] [SUBPROCESS]    C2026;FILL_L30_24;FILL_L50_15;0.017;
[2026-09-23 06:33:10,176] [SUBPROCESS]    C2027;FILL_L30_24;N;0.002;
[2026-09-23 06:33:10,177] [SUBPROCESS]    C2028;FILL_L30_24;P;0.019;
[2026-09-23 06:33:10,178] [SUBPROCESS]    C2029;FILL_L30_24;VSUBS;0.051;
[2026-09-23 06:33:10,179] [SUBPROCESS]    C2030;FILL_L30_25;FILL_L30_33;0.077;
[2026-09-23 06:33:10,180] [SUBPROCESS]    C2031;FILL_L30_25;FILL_L50_13;0.007;
[2026-09-23 06:33:10,181] [SUBPROCESS]    C2032;FILL_L30_25;FILL_L50_16;0.319;
[2026-09-23 06:33:10,182] [SUBPROCESS]    C2033;FILL_L30_25;FILL_L50_9;0.077;
[2026-09-23 06:33:10,183] [SUBPROCESS]    C2034;FILL_L30_25;FILL_L8_10;0.009;
[2026-09-23 06:33:10,184] [SUBPROCESS]    C2035;FILL_L30_25;FILL_L8_11;0.017;
[2026-09-23 06:33:10,185] [SUBPROCESS]    C2036;FILL_L30_25;FILL_L8_16;0.033;
[2026-09-23 06:33:10,186] [SUBPROCESS]    C2037;FILL_L30_25;FILL_L8_17;0.034;
[2026-09-23 06:33:10,187] [SUBPROCESS]    C2038;FILL_L30_25;FILL_L8_9;0.024;
[2026-09-23 06:33:10,188] [SUBPROCESS]    C2039;FILL_L30_25;N;0.0;
[2026-09-23 06:33:10,189] [SUBPROCESS]    C2040;FILL_L30_25;P;0.005;
[2026-09-23 06:33:10,190] [SUBPROCESS]    C2041;FILL_L30_25;VSUBS;0.262;
[2026-09-23 06:33:10,191] [SUBPROCESS]    C2042;FILL_L30_26;FILL_L30_27;0.077;
[2026-09-23 06:33:10,192] [SUBPROCESS]    C2043;FILL_L30_26;FILL_L30_35;0.077;
[2026-09-23 06:33:10,193] [SUBPROCESS]    C2044;FILL_L30_26;FILL_L8_0;0.001;
[2026-09-23 06:33:10,195] [SUBPROCESS]    C2045;FILL_L30_26;FILL_L8_12;0.23;
[2026-09-23 06:33:10,196] [SUBPROCESS]    C2046;FILL_L30_26;FILL_L8_13;0.028;
[2026-09-23 06:33:10,197] [SUBPROCESS]    C2047;FILL_L30_26;FILL_L8_18;0.084;
[2026-09-23 06:33:10,198] [SUBPROCESS]    C2048;FILL_L30_26;FILL_L8_5;0.016;
[2026-09-23 06:33:10,199] [SUBPROCESS]    C2049;FILL_L30_26;VSUBS;0.288;
[2026-09-23 06:33:10,200] [SUBPROCESS]    C2050;FILL_L30_27;FILL_L30_28;0.077;
[2026-09-23 06:33:10,201] [SUBPROCESS]    C2051;FILL_L30_27;FILL_L30_36;0.077;
[2026-09-23 06:33:10,202] [SUBPROCESS]    C2052;FILL_L30_27;FILL_L8_13;0.195;
[2026-09-23 06:33:10,203] [SUBPROCESS]    C2053;FILL_L30_27;FILL_L8_14;0.02;
[2026-09-23 06:33:10,205] [SUBPROCESS]    C2054;FILL_L30_27;FILL_L8_19;0.055;
[2026-09-23 06:33:10,206] [SUBPROCESS]    C2055;FILL_L30_27;VSUBS;0.22;
[2026-09-23 06:33:10,207] [SUBPROCESS]    C2056;FILL_L30_28;FILL_L30_29;0.019;
[2026-09-23 06:33:10,208] [SUBPROCESS]    C2057;FILL_L30_28;FILL_L30_37;0.077;
[2026-09-23 06:33:10,209] [SUBPROCESS]    C2058;FILL_L30_28;FILL_L50_12;0.152;
[2026-09-23 06:33:10,210] [SUBPROCESS]    C2059;FILL_L30_28;FILL_L50_14;0.152;
[2026-09-23 06:33:10,211] [SUBPROCESS]    C2060;FILL_L30_28;FILL_L8_14;0.032;
[2026-09-23 06:33:10,212] [SUBPROCESS]    C2061;FILL_L30_28;FILL_L8_15;0.028;
[2026-09-23 06:33:10,213] [SUBPROCESS]    C2062;FILL_L30_28;FILL_L8_20;0.012;
[2026-09-23 06:33:10,214] [SUBPROCESS]    C2063;FILL_L30_28;FILL_L8_21;0.008;
[2026-09-23 06:33:10,215] [SUBPROCESS]    C2064;FILL_L30_28;VSUBS;0.229;
[2026-09-23 06:33:10,216] [SUBPROCESS]    C2065;FILL_L30_29;FILL_L30_31;0.019;
[2026-09-23 06:33:10,217] [SUBPROCESS]    C2066;FILL_L30_29;FILL_L50_15;0.001;
[2026-09-23 06:33:10,219] [SUBPROCESS]    C2067;FILL_L30_29;FILL_L8_15;0.003;
[2026-09-23 06:33:10,220] [SUBPROCESS]    C2068;FILL_L30_29;FILL_L8_21;0.003;
[2026-09-23 06:33:10,221] [SUBPROCESS]    C2069;FILL_L30_29;N;0.0;
[2026-09-23 06:33:10,222] [SUBPROCESS]    C2070;FILL_L30_29;P;0.0;
[2026-09-23 06:33:10,223] [SUBPROCESS]    C2071;FILL_L30_29;VSUBS;0.068;
[2026-09-23 06:33:10,224] [SUBPROCESS]    C2072;FILL_L30_3;FILL_L30_4;0.009;
[2026-09-23 06:33:10,225] [SUBPROCESS]    C2073;FILL_L30_3;FILL_L50_3;0.081;
[2026-09-23 06:33:10,226] [SUBPROCESS]    C2074;FILL_L30_3;VSUBS;0.055;
[2026-09-23 06:33:10,227] [SUBPROCESS]    C2075;FILL_L30_30;FILL_L30_32;0.019;
[2026-09-23 06:33:10,228] [SUBPROCESS]    C2076;FILL_L30_30;FILL_L30_33;0.019;
[2026-09-23 06:33:10,229] [SUBPROCESS]    C2077;FILL_L30_30;FILL_L50_15;0.056;
[2026-09-23 06:33:10,230] [SUBPROCESS]    C2078;FILL_L30_30;FILL_L50_20;0.017;
[2026-09-23 06:33:10,231] [SUBPROCESS]    C2079;FILL_L30_30;N;0.002;
[2026-09-23 06:33:10,232] [SUBPROCESS]    C2080;FILL_L30_30;P;0.019;
[2026-09-23 06:33:10,233] [SUBPROCESS]    C2081;FILL_L30_30;VSUBS;0.057;
[2026-09-23 06:33:10,234] [SUBPROCESS]    C2082;FILL_L30_31;FILL_L30_33;0.005;
[2026-09-23 06:33:10,235] [SUBPROCESS]    C2083;FILL_L30_31;FILL_L30_37;0.019;
[2026-09-23 06:33:10,236] [SUBPROCESS]    C2084;FILL_L30_31;FILL_L30_38;0.019;
[2026-09-23 06:33:10,237] [SUBPROCESS]    C2085;FILL_L30_31;FILL_L50_20;0.001;
[2026-09-23 06:33:10,238] [SUBPROCESS]    C2086;FILL_L30_31;FILL_L8_21;0.003;
[2026-09-23 06:33:10,239] [SUBPROCESS]    C2087;FILL_L30_31;N;0.0;
[2026-09-23 06:33:10,240] [SUBPROCESS]    C2088;FILL_L30_31;P;0.0;
[2026-09-23 06:33:10,241] [SUBPROCESS]    C2089;FILL_L30_31;VSUBS;0.036;
[2026-09-23 06:33:10,242] [SUBPROCESS]    C2090;FILL_L30_32;FILL_L30_33;0.019;
[2026-09-23 06:33:10,243] [SUBPROCESS]    C2091;FILL_L30_32;FILL_L30_37;0.005;
[2026-09-23 06:33:10,244] [SUBPROCESS]    C2092;FILL_L30_32;FILL_L50_20;0.056;
[2026-09-23 06:33:10,245] [SUBPROCESS]    C2093;FILL_L30_32;FILL_L50_22;0.014;
[2026-09-23 06:33:10,246] [SUBPROCESS]    C2094;FILL_L30_32;N;0.002;
[2026-09-23 06:33:10,247] [SUBPROCESS]    C2095;FILL_L30_32;P;0.019;
[2026-09-23 06:33:10,248] [SUBPROCESS]    C2096;FILL_L30_32;VSUBS;0.08;
[2026-09-23 06:33:10,249] [SUBPROCESS]    C2097;FILL_L30_33;FILL_L30_34;0.019;
[2026-09-23 06:33:10,250] [SUBPROCESS]    C2098;FILL_L30_33;FILL_L50_16;0.074;
[2026-09-23 06:33:10,251] [SUBPROCESS]    C2099;FILL_L30_33;FILL_L50_20;0.007;
[2026-09-23 06:33:10,252] [SUBPROCESS]    C2100;FILL_L30_33;FILL_L50_23;0.333;
[2026-09-23 06:33:10,253] [SUBPROCESS]    C2101;FILL_L30_33;FILL_L50_24;0.001;
[2026-09-23 06:33:10,253] [SUBPROCESS]    C2102;FILL_L30_33;FILL_L8_16;0.012;
[2026-09-23 06:33:10,254] [SUBPROCESS]    C2103;FILL_L30_33;FILL_L8_17;0.013;
[2026-09-23 06:33:10,255] [SUBPROCESS]    C2104;FILL_L30_33;FILL_L8_22;0.039;
[2026-09-23 06:33:10,256] [SUBPROCESS]    C2105;FILL_L30_33;FILL_L8_23;0.09;
[2026-09-23 06:33:10,257] [SUBPROCESS]    C2106;FILL_L30_33;FILL_L8_24;0.006;
[2026-09-23 06:33:10,258] [SUBPROCESS]    C2107;FILL_L30_33;N;0.0;
[2026-09-23 06:33:10,259] [SUBPROCESS]    C2108;FILL_L30_33;P;0.005;
[2026-09-23 06:33:10,260] [SUBPROCESS]    C2109;FILL_L30_33;VSUBS;0.32;
[2026-09-23 06:33:10,261] [SUBPROCESS]    C2110;FILL_L30_34;FILL_L50_16;0.001;
[2026-09-23 06:33:10,262] [SUBPROCESS]    C2111;FILL_L30_34;FILL_L50_23;0.156;
[2026-09-23 06:33:10,263] [SUBPROCESS]    C2112;FILL_L30_34;FILL_L50_24;0.005;
[2026-09-23 06:33:10,264] [SUBPROCESS]    C2113;FILL_L30_34;FILL_L8_23;0.059;
[2026-09-23 06:33:10,265] [SUBPROCESS]    C2114;FILL_L30_34;FILL_L8_24;0.01;
[2026-09-23 06:33:10,266] [SUBPROCESS]    C2115;FILL_L30_34;FILL_L8_25;0.0;
[2026-09-23 06:33:10,267] [SUBPROCESS]    C2116;FILL_L30_34;VSUBS;0.042;
[2026-09-23 06:33:10,268] [SUBPROCESS]    C2117;FILL_L30_35;FILL_L30_36;0.068;
[2026-09-23 06:33:10,269] [SUBPROCESS]    C2118;FILL_L30_35;FILL_L8_18;0.183;
[2026-09-23 06:33:10,270] [SUBPROCESS]    C2119;FILL_L30_35;FILL_L8_19;0.017;
[2026-09-23 06:33:10,271] [SUBPROCESS]    C2120;FILL_L30_35;FILL_L8_27;0.056;
[2026-09-23 06:33:10,272] [SUBPROCESS]    C2121;FILL_L30_35;FILL_L8_28;0.006;
[2026-09-23 06:33:10,273] [SUBPROCESS]    C2122;FILL_L30_35;VSUBS;0.356;
[2026-09-23 06:33:10,274] [SUBPROCESS]    C2123;FILL_L30_36;FILL_L30_37;0.068;
[2026-09-23 06:33:10,275] [SUBPROCESS]    C2124;FILL_L30_36;FILL_L8_19;0.145;
[2026-09-23 06:33:10,276] [SUBPROCESS]    C2125;FILL_L30_36;FILL_L8_20;0.012;
[2026-09-23 06:33:10,277] [SUBPROCESS]    C2126;FILL_L30_36;FILL_L8_28;0.045;
[2026-09-23 06:33:10,278] [SUBPROCESS]    C2127;FILL_L30_36;FILL_L8_29;0.004;
[2026-09-23 06:33:10,279] [SUBPROCESS]    C2128;FILL_L30_36;VSUBS;0.3;
[2026-09-23 06:33:10,281] [SUBPROCESS]    C2129;FILL_L30_37;FILL_L30_38;0.01;
[2026-09-23 06:33:10,281] [SUBPROCESS]    C2130;FILL_L30_37;FILL_L50_19;0.152;
[2026-09-23 06:33:10,282] [SUBPROCESS]    C2131;FILL_L30_37;FILL_L50_21;0.099;
[2026-09-23 06:33:10,283] [SUBPROCESS]    C2132;FILL_L30_37;FILL_L8_20;0.024;
[2026-09-23 06:33:10,284] [SUBPROCESS]    C2133;FILL_L30_37;FILL_L8_21;0.02;
[2026-09-23 06:33:10,286] [SUBPROCESS]    C2134;FILL_L30_37;FILL_L8_29;0.016;
[2026-09-23 06:33:10,287] [SUBPROCESS]    C2135;FILL_L30_37;FILL_L8_30;0.012;
[2026-09-23 06:33:10,288] [SUBPROCESS]    C2136;FILL_L30_37;VSUBS;0.322;
[2026-09-23 06:33:10,289] [SUBPROCESS]    C2137;FILL_L30_38;FILL_L50_22;0.0;
[2026-09-23 06:33:10,290] [SUBPROCESS]    C2138;FILL_L30_38;FILL_L8_30;0.002;
[2026-09-23 06:33:10,291] [SUBPROCESS]    C2139;FILL_L30_38;N;0.0;
[2026-09-23 06:33:10,292] [SUBPROCESS]    C2140;FILL_L30_38;P;0.0;
[2026-09-23 06:33:10,293] [SUBPROCESS]    C2141;FILL_L30_38;VSUBS;0.058;
[2026-09-23 06:33:10,294] [SUBPROCESS]    C2142;FILL_L30_4;FILL_L30_5;0.009;
[2026-09-23 06:33:10,295] [SUBPROCESS]    C2143;FILL_L30_4;FILL_L50_3;0.081;
[2026-09-23 06:33:10,296] [SUBPROCESS]    C2144;FILL_L30_4;VSUBS;0.054;
[2026-09-23 06:33:10,297] [SUBPROCESS]    C2145;FILL_L30_5;FILL_L30_6;0.009;
[2026-09-23 06:33:10,298] [SUBPROCESS]    C2146;FILL_L30_5;FILL_L50_4;0.081;
[2026-09-23 06:33:10,299] [SUBPROCESS]    C2147;FILL_L30_5;VSUBS;0.057;
[2026-09-23 06:33:10,300] [SUBPROCESS]    C2148;FILL_L30_6;FILL_L50_4;0.081;
[2026-09-23 06:33:10,301] [SUBPROCESS]    C2149;FILL_L30_6;VSUBS;0.063;
[2026-09-23 06:33:10,302] [SUBPROCESS]    C2150;FILL_L30_7;FILL_L30_8;0.019;
[2026-09-23 06:33:10,303] [SUBPROCESS]    C2151;FILL_L30_7;FILL_L8_0;0.037;
[2026-09-23 06:33:10,304] [SUBPROCESS]    C2152;FILL_L30_7;FILL_L8_1;0.011;
[2026-09-23 06:33:10,305] [SUBPROCESS]    C2153;FILL_L30_7;VSUBS;0.062;
[2026-09-23 06:33:10,306] [SUBPROCESS]    C2154;FILL_L30_8;FILL_L30_9;0.048;
[2026-09-23 06:33:10,307] [SUBPROCESS]    C2155;FILL_L30_8;FILL_L8_0;0.012;
[2026-09-23 06:33:10,308] [SUBPROCESS]    C2156;FILL_L30_8;FILL_L8_1;0.168;
[2026-09-23 06:33:10,309] [SUBPROCESS]    C2157;FILL_L30_8;FILL_L8_2;0.02;
[2026-09-23 06:33:10,310] [SUBPROCESS]    C2158;FILL_L30_8;VSUBS;0.235;
[2026-09-23 06:33:10,311] [SUBPROCESS]    C2159;FILL_L30_9;FILL_L50_0;0.149;
[2026-09-23 06:33:10,312] [SUBPROCESS]    C2160;FILL_L30_9;FILL_L8_2;0.02;
[2026-09-23 06:33:10,313] [SUBPROCESS]    C2161;FILL_L30_9;FILL_L8_3;0.02;
[2026-09-23 06:33:10,314] [SUBPROCESS]    C2162;FILL_L30_9;VSUBS;0.224;
[2026-09-23 06:33:10,315] [SUBPROCESS]    C2163;FILL_L50_0;FILL_L50_5;0.025;
[2026-09-23 06:33:10,316] [SUBPROCESS]    C2164;FILL_L50_0;VSUBS;0.029;
[2026-09-23 06:33:10,317] [SUBPROCESS]    C2165;FILL_L50_1;FILL_L50_6;0.025;
[2026-09-23 06:33:10,318] [SUBPROCESS]    C2166;FILL_L50_1;P;0.079;
[2026-09-23 06:33:10,319] [SUBPROCESS]    C2167;FILL_L50_1;VSUBS;0.056;
[2026-09-23 06:33:10,321] [SUBPROCESS]    C2168;FILL_L50_10;FILL_L50_11;0.099;
[2026-09-23 06:33:10,322] [SUBPROCESS]    C2169;FILL_L50_10;FILL_L50_17;0.099;
[2026-09-23 06:33:10,323] [SUBPROCESS]    C2170;FILL_L50_10;FILL_L50_3;0.099;
[2026-09-23 06:33:10,324] [SUBPROCESS]    C2171;FILL_L50_10;FILL_L50_9;0.099;
[2026-09-23 06:33:10,325] [SUBPROCESS]    C2172;FILL_L50_10;FILL_L8_10;0.0;
[2026-09-23 06:33:10,326] [SUBPROCESS]    C2173;FILL_L50_10;VSUBS;0.189;
[2026-09-23 06:33:10,327] [SUBPROCESS]    C2174;FILL_L50_11;FILL_L50_18;0.099;
[2026-09-23 06:33:10,328] [SUBPROCESS]    C2175;FILL_L50_11;FILL_L50_4;0.099;
[2026-09-23 06:33:10,329] [SUBPROCESS]    C2176;FILL_L50_11;VSUBS;0.266;
[2026-09-23 06:33:10,330] [SUBPROCESS]    C2177;FILL_L50_12;FILL_L50_14;0.025;
[2026-09-23 06:33:10,331] [SUBPROCESS]    C2178;FILL_L50_12;FILL_L50_7;0.025;
[2026-09-23 06:33:10,332] [SUBPROCESS]    C2179;FILL_L50_12;VSUBS;0.005;
[2026-09-23 06:33:10,333] [SUBPROCESS]    C2180;FILL_L50_13;FILL_L50_15;0.025;
[2026-09-23 06:33:10,335] [SUBPROCESS]    C2181;FILL_L50_13;FILL_L50_8;0.025;
[2026-09-23 06:33:10,336] [SUBPROCESS]    C2182;FILL_L50_13;P;0.079;
[2026-09-23 06:33:10,337] [SUBPROCESS]    C2183;FILL_L50_13;VSUBS;0.026;
[2026-09-23 06:33:10,338] [SUBPROCESS]    C2184;FILL_L50_14;FILL_L50_19;0.025;
[2026-09-23 06:33:10,339] [SUBPROCESS]    C2185;FILL_L50_14;VSUBS;0.01;
[2026-09-23 06:33:10,340] [SUBPROCESS]    C2186;FILL_L50_15;FILL_L50_20;0.025;
[2026-09-23 06:33:10,341] [SUBPROCESS]    C2187;FILL_L50_15;P;0.079;
[2026-09-23 06:33:10,342] [SUBPROCESS]    C2188;FILL_L50_15;VSUBS;0.031;
[2026-09-23 06:33:10,343] [SUBPROCESS]    C2189;FILL_L50_16;FILL_L50_17;0.099;
[2026-09-23 06:33:10,344] [SUBPROCESS]    C2190;FILL_L50_16;FILL_L50_23;0.099;
[2026-09-23 06:33:10,345] [SUBPROCESS]    C2191;FILL_L50_16;FILL_L50_9;0.099;
[2026-09-23 06:33:10,346] [SUBPROCESS]    C2192;FILL_L50_16;FILL_L8_10;0.002;
[2026-09-23 06:33:10,348] [SUBPROCESS]    C2193;FILL_L50_16;FILL_L8_11;0.016;
[2026-09-23 06:33:10,349] [SUBPROCESS]    C2194;FILL_L50_16;FILL_L8_16;0.014;
[2026-09-23 06:33:10,350] [SUBPROCESS]    C2195;FILL_L50_16;FILL_L8_17;0.005;
[2026-09-23 06:33:10,351] [SUBPROCESS]    C2196;FILL_L50_16;FILL_L8_23;0.022;
[2026-09-23 06:33:10,352] [SUBPROCESS]    C2197;FILL_L50_16;VSUBS;0.088;
[2026-09-23 06:33:10,353] [SUBPROCESS]    C2198;FILL_L50_17;FILL_L50_18;0.099;
[2026-09-23 06:33:10,354] [SUBPROCESS]    C2199;FILL_L50_17;FILL_L50_24;0.099;
[2026-09-23 06:33:10,355] [SUBPROCESS]    C2200;FILL_L50_17;FILL_L8_24;0.019;
[2026-09-23 06:33:10,356] [SUBPROCESS]    C2201;FILL_L50_17;VSUBS;0.054;
[2026-09-23 06:33:10,357] [SUBPROCESS]    C2202;FILL_L50_18;FILL_L50_25;0.099;
[2026-09-23 06:33:10,358] [SUBPROCESS]    C2203;FILL_L50_18;FILL_L8_25;0.01;
[2026-09-23 06:33:10,359] [SUBPROCESS]    C2204;FILL_L50_18;VSUBS;0.149;
[2026-09-23 06:33:10,360] [SUBPROCESS]    C2205;FILL_L50_19;FILL_L50_21;0.025;
[2026-09-23 06:33:10,361] [SUBPROCESS]    C2206;FILL_L50_2;FILL_L50_3;0.061;
[2026-09-23 06:33:10,362] [SUBPROCESS]    C2207;FILL_L50_2;FILL_L50_9;0.099;
[2026-09-23 06:33:10,363] [SUBPROCESS]    C2208;FILL_L50_2;P;0.004;
[2026-09-23 06:33:10,364] [SUBPROCESS]    C2209;FILL_L50_2;VSUBS;0.235;
[2026-09-23 06:33:10,365] [SUBPROCESS]    C2210;FILL_L50_20;FILL_L50_22;0.025;
[2026-09-23 06:33:10,366] [SUBPROCESS]    C2211;FILL_L50_20;P;0.079;
[2026-09-23 06:33:10,367] [SUBPROCESS]    C2212;FILL_L50_20;VSUBS;0.026;
[2026-09-23 06:33:10,368] [SUBPROCESS]    C2213;FILL_L50_21;VSUBS;0.029;
[2026-09-23 06:33:10,369] [SUBPROCESS]    C2214;FILL_L50_22;P;0.041;
[2026-09-23 06:33:10,370] [SUBPROCESS]    C2215;FILL_L50_22;VSUBS;0.048;
[2026-09-23 06:33:10,371] [SUBPROCESS]    C2216;FILL_L50_23;FILL_L50_24;0.087;
[2026-09-23 06:33:10,373] [SUBPROCESS]    C2217;FILL_L50_23;FILL_L8_16;0.001;
[2026-09-23 06:33:10,374] [SUBPROCESS]    C2218;FILL_L50_23;FILL_L8_22;0.001;
[2026-09-23 06:33:10,375] [SUBPROCESS]    C2219;FILL_L50_23;FILL_L8_23;0.111;
[2026-09-23 06:33:10,376] [SUBPROCESS]    C2220;FILL_L50_23;VSUBS;0.2;
[2026-09-23 06:33:10,377] [SUBPROCESS]    C2221;FILL_L50_24;FILL_L50_25;0.087;
[2026-09-23 06:33:10,378] [SUBPROCESS]    C2222;FILL_L50_24;FILL_L8_23;0.005;
[2026-09-23 06:33:10,379] [SUBPROCESS]    C2223;FILL_L50_24;FILL_L8_24;0.113;
[2026-09-23 06:33:10,380] [SUBPROCESS]    C2224;FILL_L50_24;FILL_L8_25;0.006;
[2026-09-23 06:33:10,381] [SUBPROCESS]    C2225;FILL_L50_24;VSUBS;0.195;
[2026-09-23 06:33:10,382] [SUBPROCESS]    C2226;FILL_L50_25;FILL_L8_25;0.068;
[2026-09-23 06:33:10,383] [SUBPROCESS]    C2227;FILL_L50_25;FILL_L8_26;0.013;
[2026-09-23 06:33:10,384] [SUBPROCESS]    C2228;FILL_L50_25;VSUBS;0.261;
[2026-09-23 06:33:10,385] [SUBPROCESS]    C2229;FILL_L50_3;FILL_L50_4;0.061;
[2026-09-23 06:33:10,386] [SUBPROCESS]    C2230;FILL_L50_3;VSUBS;0.225;
[2026-09-23 06:33:10,387] [SUBPROCESS]    C2231;FILL_L50_4;VSUBS;0.275;
[2026-09-23 06:33:10,388] [SUBPROCESS]    C2232;FILL_L50_5;FILL_L50_7;0.025;
[2026-09-23 06:33:10,390] [SUBPROCESS]    C2233;FILL_L50_5;VSUBS;0.008;
[2026-09-23 06:33:10,391] [SUBPROCESS]    C2234;FILL_L50_6;FILL_L50_8;0.025;
[2026-09-23 06:33:10,392] [SUBPROCESS]    C2235;FILL_L50_6;P;0.079;
[2026-09-23 06:33:10,393] [SUBPROCESS]    C2236;FILL_L50_6;VSUBS;0.031;
[2026-09-23 06:33:10,394] [SUBPROCESS]    C2237;FILL_L50_7;VSUBS;0.01;
[2026-09-23 06:33:10,395] [SUBPROCESS]    C2238;FILL_L50_8;P;0.079;
[2026-09-23 06:33:10,396] [SUBPROCESS]    C2239;FILL_L50_8;VSUBS;0.026;
[2026-09-23 06:33:10,397] [SUBPROCESS]    C2240;FILL_L50_9;FILL_L8_10;0.016;
[2026-09-23 06:33:10,398] [SUBPROCESS]    C2241;FILL_L50_9;FILL_L8_16;0.003;
[2026-09-23 06:33:10,399] [SUBPROCESS]    C2242;FILL_L50_9;FILL_L8_23;0.001;
[2026-09-23 06:33:10,401] [SUBPROCESS]    C2243;FILL_L50_9;FILL_L8_4;0.025;
[2026-09-23 06:33:10,402] [SUBPROCESS]    C2244;FILL_L50_9;FILL_L8_9;0.016;
[2026-09-23 06:33:10,403] [SUBPROCESS]    C2245;FILL_L50_9;VSUBS;0.188;
[2026-09-23 06:33:10,404] [SUBPROCESS]    C2246;FILL_L8_0;FILL_L8_1;0.059;
[2026-09-23 06:33:10,405] [SUBPROCESS]    C2247;FILL_L8_0;FILL_L8_5;0.07;
[2026-09-23 06:33:10,406] [SUBPROCESS]    C2248;FILL_L8_0;VSUBS;0.771;
[2026-09-23 06:33:10,407] [SUBPROCESS]    C2249;FILL_L8_1;FILL_L8_2;0.059;
[2026-09-23 06:33:10,408] [SUBPROCESS]    C2250;FILL_L8_1;FILL_L8_6;0.07;
[2026-09-23 06:33:10,409] [SUBPROCESS]    C2251;FILL_L8_1;VSUBS;0.721;
[2026-09-23 06:33:10,410] [SUBPROCESS]    C2252;FILL_L8_10;FILL_L8_11;0.02;
[2026-09-23 06:33:10,411] [SUBPROCESS]    C2253;FILL_L8_10;FILL_L8_4;0.02;
[2026-09-23 06:33:10,412] [SUBPROCESS]    C2254;FILL_L8_10;FILL_L8_9;0.02;
[2026-09-23 06:33:10,413] [SUBPROCESS]    C2255;FILL_L8_10;VSUBS;0.138;
[2026-09-23 06:33:10,414] [SUBPROCESS]    C2256;FILL_L8_11;FILL_L8_17;0.02;
[2026-09-23 06:33:10,415] [SUBPROCESS]    C2257;FILL_L8_11;FILL_L8_23;0.007;
[2026-09-23 06:33:10,416] [SUBPROCESS]    C2258;FILL_L8_11;VSUBS;0.143;
[2026-09-23 06:33:10,418] [SUBPROCESS]    C2259;FILL_L8_12;FILL_L8_13;0.07;
[2026-09-23 06:33:10,419] [SUBPROCESS]    C2260;FILL_L8_12;FILL_L8_18;0.07;
[2026-09-23 06:33:10,420] [SUBPROCESS]    C2261;FILL_L8_12;FILL_L8_5;0.07;
[2026-09-23 06:33:10,421] [SUBPROCESS]    C2262;FILL_L8_12;VSUBS;0.809;
[2026-09-23 06:33:10,422] [SUBPROCESS]    C2263;FILL_L8_13;FILL_L8_14;0.07;
[2026-09-23 06:33:10,424] [SUBPROCESS]    C2264;FILL_L8_13;FILL_L8_19;0.07;
[2026-09-23 06:33:10,425] [SUBPROCESS]    C2265;FILL_L8_13;FILL_L8_6;0.07;
[2026-09-23 06:33:10,426] [SUBPROCESS]    C2266;FILL_L8_13;VSUBS;0.751;
[2026-09-23 06:33:10,427] [SUBPROCESS]    C2267;FILL_L8_14;FILL_L8_15;0.07;
[2026-09-23 06:33:10,428] [SUBPROCESS]    C2268;FILL_L8_14;FILL_L8_20;0.07;
[2026-09-23 06:33:10,429] [SUBPROCESS]    C2269;FILL_L8_14;FILL_L8_7;0.07;
[2026-09-23 06:33:10,431] [SUBPROCESS]    C2270;FILL_L8_14;VSUBS;0.751;
[2026-09-23 06:33:10,432] [SUBPROCESS]    C2271;FILL_L8_15;FILL_L8_21;0.07;
[2026-09-23 06:33:10,434] [SUBPROCESS]    C2272;FILL_L8_15;FILL_L8_8;0.07;
[2026-09-23 06:33:10,436] [SUBPROCESS]    C2273;FILL_L8_15;VSUBS;0.785;
[2026-09-23 06:33:10,437] [SUBPROCESS]    C2274;FILL_L8_16;FILL_L8_17;0.065;
[2026-09-23 06:33:10,438] [SUBPROCESS]    C2275;FILL_L8_16;VSUBS;0.156;
[2026-09-23 06:33:10,439] [SUBPROCESS]    C2276;FILL_L8_17;FILL_L8_22;0.07;
[2026-09-23 06:33:10,442] [SUBPROCESS]    C2277;FILL_L8_17;FILL_L8_9;0.07;
[2026-09-23 06:33:10,444] [SUBPROCESS]    C2278;FILL_L8_17;VSUBS;0.711;
[2026-09-23 06:33:10,446] [SUBPROCESS]    C2279;FILL_L8_18;FILL_L8_19;0.07;
[2026-09-23 06:33:10,448] [SUBPROCESS]    C2280;FILL_L8_18;FILL_L8_27;0.07;
[2026-09-23 06:33:10,449] [SUBPROCESS]    C2281;FILL_L8_18;VSUBS;0.809;
[2026-09-23 06:33:10,450] [SUBPROCESS]    C2282;FILL_L8_19;FILL_L8_20;0.07;
[2026-09-23 06:33:10,451] [SUBPROCESS]    C2283;FILL_L8_19;FILL_L8_28;0.07;
[2026-09-23 06:33:10,453] [SUBPROCESS]    C2284;FILL_L8_19;VSUBS;0.751;
[2026-09-23 06:33:10,454] [SUBPROCESS]    C2285;FILL_L8_2;FILL_L8_3;0.059;
[2026-09-23 06:33:10,455] [SUBPROCESS]    C2286;FILL_L8_2;FILL_L8_7;0.07;
[2026-09-23 06:33:10,456] [SUBPROCESS]    C2287;FILL_L8_2;VSUBS;0.721;
[2026-09-23 06:33:10,457] [SUBPROCESS]    C2288;FILL_L8_20;FILL_L8_21;0.07;
[2026-09-23 06:33:10,458] [SUBPROCESS]    C2289;FILL_L8_20;FILL_L8_29;0.07;
[2026-09-23 06:33:10,459] [SUBPROCESS]    C2290;FILL_L8_20;VSUBS;0.751;
[2026-09-23 06:33:10,461] [SUBPROCESS]    C2291;FILL_L8_21;FILL_L8_30;0.07;
[2026-09-23 06:33:10,462] [SUBPROCESS]    C2292;FILL_L8_21;VSUBS;0.785;
[2026-09-23 06:33:10,463] [SUBPROCESS]    C2293;FILL_L8_22;FILL_L8_23;0.07;
[2026-09-23 06:33:10,464] [SUBPROCESS]    C2294;FILL_L8_22;VSUBS;0.763;
[2026-09-23 06:33:10,465] [SUBPROCESS]    C2295;FILL_L8_23;FILL_L8_24;0.07;
[2026-09-23 06:33:10,466] [SUBPROCESS]    C2296;FILL_L8_23;VSUBS;0.847;
[2026-09-23 06:33:10,468] [SUBPROCESS]    C2297;FILL_L8_24;FILL_L8_25;0.07;
[2026-09-23 06:33:10,469] [SUBPROCESS]    C2298;FILL_L8_24;VSUBS;0.812;
[2026-09-23 06:33:10,470] [SUBPROCESS]    C2299;FILL_L8_25;FILL_L8_26;0.07;
[2026-09-23 06:33:10,471] [SUBPROCESS]    C2300;FILL_L8_25;VSUBS;0.812;
[2026-09-23 06:33:10,472] [SUBPROCESS]    C2301;FILL_L8_26;VSUBS;0.413;
[2026-09-23 06:33:10,473] [SUBPROCESS]    C2302;FILL_L8_27;FILL_L8_28;0.01;
[2026-09-23 06:33:10,475] [SUBPROCESS]    C2303;FILL_L8_27;VSUBS;0.315;
[2026-09-23 06:33:10,476] [SUBPROCESS]    C2304;FILL_L8_28;FILL_L8_29;0.01;
[2026-09-23 06:33:10,477] [SUBPROCESS]    C2305;FILL_L8_28;VSUBS;0.307;
[2026-09-23 06:33:10,478] [SUBPROCESS]    C2306;FILL_L8_29;FILL_L8_30;0.01;
[2026-09-23 06:33:10,479] [SUBPROCESS]    C2307;FILL_L8_29;VSUBS;0.307;
[2026-09-23 06:33:10,480] [SUBPROCESS]    C2308;FILL_L8_3;FILL_L8_8;0.07;
[2026-09-23 06:33:10,482] [SUBPROCESS]    C2309;FILL_L8_3;VSUBS;0.75;
[2026-09-23 06:33:10,483] [SUBPROCESS]    C2310;FILL_L8_30;VSUBS;0.312;
[2026-09-23 06:33:10,484] [SUBPROCESS]    C2311;FILL_L8_4;FILL_L8_9;0.02;
[2026-09-23 06:33:10,485] [SUBPROCESS]    C2312;FILL_L8_4;VSUBS;0.131;
[2026-09-23 06:33:10,486] [SUBPROCESS]    C2313;FILL_L8_5;FILL_L8_6;0.07;
[2026-09-23 06:33:10,487] [SUBPROCESS]    C2314;FILL_L8_5;VSUBS;0.809;
[2026-09-23 06:33:10,488] [SUBPROCESS]    C2315;FILL_L8_6;FILL_L8_7;0.07;
[2026-09-23 06:33:10,489] [SUBPROCESS]    C2316;FILL_L8_6;VSUBS;0.751;
[2026-09-23 06:33:10,491] [SUBPROCESS]    C2317;FILL_L8_7;FILL_L8_8;0.07;
[2026-09-23 06:33:10,492] [SUBPROCESS]    C2318;FILL_L8_7;VSUBS;0.751;
[2026-09-23 06:33:10,493] [SUBPROCESS]    C2319;FILL_L8_8;VSUBS;0.785;
[2026-09-23 06:33:10,494] [SUBPROCESS]    C2320;FILL_L8_9;VSUBS;0.726;
[2026-09-23 06:33:10,495] [SUBPROCESS]    C2321;N;P;3.488;
[2026-09-23 06:33:10,496] [SUBPROCESS]    C2322;N;VSUBS;0.058;
[2026-09-23 06:33:10,497] [SUBPROCESS]    C2323;P;VSUBS;0.208;
[2026-09-23 06:33:10,499] [SUBPROCESS]    @RESULTS@/final-remaining-contexts-20260923-r1/iptat_isense/width48/pex/actual_fill/kpex/clip__sense_fill_clip/sense_fill_clip_k25d_pex_netlist.csv
[2026-09-23 06:33:10,562] [SUBPROCESS]    Wrote expanded netlist to: @RESULTS@/final-remaining-contexts-20260923-r1/iptat_isense/width48/pex/actual_fill/kpex/clip__sense_fill_clip/sense_fill_clip_k25d_pex_netlist.spice
