
Note: No compatibility mode selected!


Circuit: * g1_trip kickback: real source (g1_sense output through the conditioning divider) and real dac tap,

Doing analysis at TEMP = 27.000000 and TNOM = 27.000000

Using SPARSE 1.3 as Direct Linear Solver
Note: Starting dynamic gmin stepping
OSDI(debug) n.xt.xr1499.nr1: WARNING: V(i1,c) voltage is greater than specified by vmax
OSDI(debug) n.xt.xr1481.nr1: WARNING: V(i2,c) voltage is greater than specified by vmax
OSDI(debug) n.xt.xr1499.nr1: WARNING: V(i1,c) voltage is greater than specified by vmax
OSDI(debug) n.xt.xr1481.nr1: WARNING: V(i2,c) voltage is greater than specified by vmax
OSDI(debug) n.xt.xr1499.nr1: WARNING: V(i1,c) voltage is greater than specified by vmax
OSDI(debug) n.xt.xr1481.nr1: WARNING: V(i2,c) voltage is greater than specified by vmax
OSDI(debug) n.xt.xr1498.nr1: WARNING: V(i1,c) voltage is greater than specified by vmax
OSDI(debug) n.xt.xr1480.nr1: WARNING: V(i2,c) voltage is greater than specified by vmax
Note: Dynamic gmin stepping completed
 Reference value :  0.00000e+00
No. of Data Rows : 1
v(xt.icmp) = 1.000113828086923e+00
v(xt.vth_soft) = 8.005178137928264e-01
v(xt.vth_hard) = 9.986838891753506e-01
QUIET 0.199596 0.00142994
Doing analysis at TEMP = 27.000000 and TNOM = 27.000000

Using SPARSE 1.3 as Direct Linear Solver
Note: Starting dynamic gmin stepping
OSDI(debug) n.xt.xr1499.nr1: WARNING: V(i1,c) voltage is greater than specified by vmax
OSDI(debug) n.xt.xr1481.nr1: WARNING: V(i2,c) voltage is greater than specified by vmax
OSDI(debug) n.xt.xr1499.nr1: WARNING: V(i1,c) voltage is greater than specified by vmax
OSDI(debug) n.xt.xr1481.nr1: WARNING: V(i2,c) voltage is greater than specified by vmax
OSDI(debug) n.xt.xr1499.nr1: WARNING: V(i1,c) voltage is greater than specified by vmax
OSDI(debug) n.xt.xr1481.nr1: WARNING: V(i2,c) voltage is greater than specified by vmax
OSDI(debug) n.xt.xr1498.nr1: WARNING: V(i1,c) voltage is greater than specified by vmax
OSDI(debug) n.xt.xr1480.nr1: WARNING: V(i2,c) voltage is greater than specified by vmax
Note: Dynamic gmin stepping completed

Initial Transient Solution
--------------------------

Node                                   Voltage
----                                   -------
vdda                                       3.3
vdd                                        1.2
vref                                      1.04
iptat                                 0.756149
shp                                  0.0500915
xs.xota_vbnc                          0.954448
xs.n_3                                  2.4607
xs.xota_vbpc                           2.19346
xs.xota_fn                             0.18783
xs.xota_mir                            2.51226
xs.xota_out1                           2.43985
xs.xota_fp                            0.187403
isense                                 2.00027
xs.xbuf_vbnc                          0.954448
xs.n_138                                2.4607
xs.xbuf_vbpc                           2.19346
xs.xbuf_fn                            0.187386
xs.xbuf_mir                            2.51154
xs.xbuf_out1                           2.47231
xs.xbuf_fp                            0.187154
vped                                    1.0006
xs.xref_vbnc                          0.954448
xs.n_244                                2.4607
xs.xref_vbpc                           2.19346
xs.xref_fn                            0.187375
xs.xref_mir                            2.51152
xs.xref_out1                           2.43811
xs.xref_fp                            0.186941
vref_buf                                1.0399
xs.n_57                                3.08128
xs.n_58                                3.08119
xs.vn                                0.0952505
xs.xota_tail                           1.62939
xs.vp                                0.0953535
xs.n_162                               3.08176
xs.n_163                               3.08171
xs.xbuf_tail                           2.30465
xs.vped_ref                            1.00065
xs.n_315                               3.08178
xs.n_316                               3.08168
xs.xref_tail                           2.33349
xs.n_8                                0.981033
xs.xr518.dt                                  0
xs.n_168                              0.961411
xs.xr519.dt                                  0
xs.n_9                                 0.94179
xs.xr520.dt                                  0
xs.n_169                              0.922169
xs.xr521.dt                                  0
xs.n_10                               0.902548
xs.xr522.dt                                  0
xs.n_170                              0.882927
xs.xr523.dt                                  0
xs.n_11                               0.863306
xs.xr524.dt                                  0
xs.n_171                              0.843685
xs.xr525.dt                                  0
xs.n_12                               0.824064
xs.xr526.dt                                  0
xs.n_172                              0.804443
xs.xr527.dt                                  0
xs.n_13                               0.784822
xs.xr528.dt                                  0
xs.n_173                              0.765201
xs.xr529.dt                                  0
xs.n_14                               0.745581
xs.xr530.dt                                  0
xs.n_15                               0.190501
xs.xr531.dt                                  0
xs.n_174                              0.285752
xs.xr532.dt                                  0
xs.n_16                               0.381002
xs.xr533.dt                                  0
xs.n_175                              0.476253
xs.xr534.dt                                  0
xs.n_17                               0.571504
xs.xr535.dt                                  0
xs.n_176                              0.666754
xs.xr536.dt                                  0
xs.n_18                               0.762005
xs.xr537.dt                                  0
xs.n_177                              0.857256
xs.xr538.dt                                  0
xs.n_19                               0.952507
xs.xr539.dt                                  0
xs.n_178                               1.04776
xs.xr540.dt                                  0
xs.xr541.dt                                  0
xs.xr542.dt                                  0
xs.n_22                               0.140616
xs.xr543.dt                                  0
xs.n_179                              0.185878
xs.xr544.dt                                  0
xs.n_23                                0.23114
xs.xr545.dt                                  0
xs.n_180                              0.276402
xs.xr546.dt                                  0
xs.n_24                               0.321664
xs.xr547.dt                                  0
xs.n_181                              0.366926
xs.xr548.dt                                  0
xs.n_25                               0.412188
xs.xr549.dt                                  0
xs.n_182                               0.45745
xs.xr550.dt                                  0
xs.n_26                               0.502712
xs.xr551.dt                                  0
xs.n_183                              0.547975
xs.xr552.dt                                  0
xs.n_27                               0.510132
xs.n_184                              0.490511
xs.xr553.dt                                  0
xs.n_185                              0.529753
xs.xr554.dt                                  0
xs.n_28                               0.549373
xs.xr555.dt                                  0
xs.n_186                              0.568994
xs.xr556.dt                                  0
xs.n_29                               0.588615
xs.xr557.dt                                  0
xs.n_187                              0.608235
xs.xr558.dt                                  0
xs.n_30                               0.627856
xs.xr559.dt                                  0
xs.n_188                              0.647477
xs.xr560.dt                                  0
xs.n_31                               0.667097
xs.xr561.dt                                  0
xs.n_189                              0.686718
xs.xr562.dt                                  0
xs.n_32                               0.706339
xs.xr563.dt                                  0
xs.n_190                               0.72596
xs.xr564.dt                                  0
xs.xr565.dt                                  0
xs.xbuf_cz                             2.47231
xs.xr566.dt                                  0
xs.xota_cz                             2.43985
xs.xr567.dt                                  0
xs.n_203                              0.255065
xs.n_351                              0.235445
xs.xr568.dt                                  0
xs.n_352                              0.274686
xs.xr569.dt                                  0
xs.n_204                              0.294306
xs.xr570.dt                                  0
xs.n_353                              0.313927
xs.xr571.dt                                  0
xs.n_205                              0.333547
xs.xr572.dt                                  0
xs.n_354                              0.353168
xs.xr573.dt                                  0
xs.n_206                              0.372788
xs.xr574.dt                                  0
xs.n_355                              0.392409
xs.xr575.dt                                  0
xs.n_207                              0.412029
xs.xr576.dt                                  0
xs.n_356                               0.43165
xs.xr577.dt                                  0
xs.n_208                               0.45127
xs.xr578.dt                                  0
xs.n_357                              0.470891
xs.xr579.dt                                  0
xs.xr580.dt                                  0
xs.n_209                              0.593237
xs.xr581.dt                                  0
xs.n_358                              0.638499
xs.xr582.dt                                  0
xs.n_210                              0.683761
xs.xr583.dt                                  0
xs.n_359                              0.729023
xs.xr584.dt                                  0
xs.n_211                              0.774286
xs.xr585.dt                                  0
xs.n_360                              0.819548
xs.xr586.dt                                  0
xs.n_212                               0.86481
xs.xr587.dt                                  0
xs.n_361                              0.910073
xs.xr588.dt                                  0
xs.n_213                              0.955335
xs.xr589.dt                                  0
xs.xr590.dt                                  0
xs.n_214                               1.02028
xs.xr591.dt                                  0
xs.xr592.dt                                  0
xs.n_215                               1.14301
xs.xr593.dt                                  0
xs.n_362                               1.23826
xs.xr594.dt                                  0
xs.n_216                               1.33351
xs.xr595.dt                                  0
xs.n_363                               1.42876
xs.xr596.dt                                  0
xs.n_217                               1.52401
xs.xr597.dt                                  0
xs.n_364                               1.61926
xs.xr598.dt                                  0
xs.n_218                               1.71452
xs.xr599.dt                                  0
xs.n_365                               1.80977
xs.xr600.dt                                  0
xs.n_219                               1.90502
xs.xr601.dt                                  0
xs.xr602.dt                                  0
xs.n_220                              0.215824
xs.xr603.dt                                  0
xs.n_366                              0.196204
xs.xr604.dt                                  0
xs.n_221                              0.176584
xs.xr605.dt                                  0
xs.n_367                              0.156963
xs.xr606.dt                                  0
xs.n_222                              0.137343
xs.xr607.dt                                  0
xs.n_368                              0.117722
xs.xr608.dt                                  0
xs.n_223                             0.0981019
xs.xr609.dt                                  0
xs.n_369                             0.0784815
xs.xr610.dt                                  0
xs.n_224                             0.0588611
xs.xr611.dt                                  0
xs.n_370                             0.0392408
xs.xr612.dt                                  0
xs.n_225                             0.0196204
xs.xr613.dt                                  0
xs.xr614.dt                                  0
xs.xref_cz                             2.43811
xs.xr615.dt                                  0
xs.xcc_xota.1                          2.43985
xs.xcc_xbuf.1                          2.47231
xs.xcc_xref.1                          2.43811
s0                                         1.2
s1                                           0
s2                                           0
s3                                         1.2
s4                                         1.2
s5                                           0
s6                                           0
s7                                         1.2
h0                                           0
h1                                         1.2
h2                                         1.2
h3                                         1.2
h4                                         1.2
h5                                         1.2
h6                                         1.2
h7                                         1.2
clk                                          0
xt.n18                             7.74615e-08
xt.n19                                     1.2
xt.n20                                     1.2
xt.n21                             7.74615e-08
xt.n22                             7.74615e-08
xt.n23                                     1.2
xt.n24                                     1.2
xt.n25                             7.74615e-08
xt.n26                                     1.2
xt.n27                             7.74615e-08
xt.n28                             7.74615e-08
xt.n29                             7.74615e-08
xt.n30                             7.74615e-08
xt.n31                             7.74615e-08
xt.n32                             7.74615e-08
xt.n33                             7.74615e-08
xt.n34                             1.04892e-09
xt.n66                                     3.3
xt.n35                                     3.3
xt.n67                             9.49542e-10
xt.n36                                     3.3
xt.n68                             1.04892e-09
xt.n37                             9.49541e-10
xt.n69                                     3.3
xt.n38                                     3.3
xt.n70                             1.04892e-09
xt.n39                             9.49541e-10
xt.n71                                     3.3
xt.n40                             1.04892e-09
xt.n72                                     3.3
xt.n41                                     3.3
xt.n73                              9.4954e-10
xt.n42                             1.04892e-09
xt.n74                                     3.3
xt.n43                                     3.3
xt.n75                              9.4954e-10
xt.n44                                     3.3
xt.n76                             1.04892e-09
xt.n45                             9.49541e-10
xt.n77                                     3.3
xt.n46                                     3.3
xt.n78                             1.04892e-09
xt.n47                             9.49541e-10
xt.n79                                     3.3
xt.n48                             1.04892e-09
xt.n80                                     3.3
xt.n49                                     3.3
xt.n81                              9.4954e-10
xt.n50                                     3.3
xt.n82                             1.04892e-09
xt.n51                              9.4954e-10
xt.n83                                     3.3
xt.n52                             1.04892e-09
xt.n84                                     3.3
xt.n53                                     3.3
xt.n85                             9.49541e-10
xt.n54                             1.04892e-09
xt.n86                                     3.3
xt.n55                                     3.3
xt.n87                              9.4954e-10
xt.n56                             1.04892e-09
xt.n88                                     3.3
xt.n57                                     3.3
xt.n89                              9.4954e-10
xt.n58                             1.04892e-09
xt.n90                                     3.3
xt.n59                                     3.3
xt.n91                              9.4954e-10
xt.n60                             1.04892e-09
xt.n92                                     3.3
xt.n61                                     3.3
xt.n93                              9.4954e-10
xt.n62                             1.04892e-09
xt.n94                                     3.3
xt.n63                                     3.3
xt.n95                              9.4954e-10
xt.n64                             1.04892e-09
xt.n96                                     3.3
xt.n65                                     3.3
xt.n97                              9.4954e-10
xt.n217                               0.510131
xt.n187                               0.508169
xt.n218                               0.510131
xt.n162                               0.506207
xt.n133                               0.504245
xt.n161                               0.506207
xt.n115                               0.502283
xt.n101                                0.50032
xt.n114                               0.502283
xt.n134                               0.502283
xt.n189                               0.510131
xt.n265                               0.514055
xt.n188                               0.502283
xt.n135                               0.749503
xt.n116                               0.749503
xt.n136                               0.747541
xt.n243                               0.741655
xt.n219                               0.741655
xt.n252                               0.739693
xt.n190                               0.745579
xt.n163                               0.745579
xt.n191                               0.743617
xt.n164                               0.745579
xt.n221                               0.737731
xt.n220                               0.737731
xt.n165                               0.757352
xt.n137                                0.75539
xt.n166                               0.757352
xt.n117                               0.753428
xt.n102                               0.751466
xt.n118                               0.753428
xt.n223                               0.761276
xt.n192                               0.759314
xt.n222                               0.761276
xt.n138                               0.753428
xt.n194                               0.761276
xt.n266                                 0.7652
xt.n193                               0.753428
xt.n244                               0.992805
xt.n224                               0.992805
xt.n254                               0.990843
xt.n139                                1.00065
xt.n119                                1.00065
xt.n140                               0.998692
xt.n195                                0.99673
xt.n167                                0.99673
xt.n196                               0.994767
xt.n168                                0.99673
xt.n225                               0.988881
xt.n226                               0.988881
xt.n232                               0.508168
xt.n202                               0.508168
xt.n233                                0.51013
xt.n175                               0.504244
xt.n145                               0.504244
xt.n174                               0.506206
xt.n124                                0.50032
xt.n107                                0.50032
xt.n125                               0.502282
xt.n203                               0.512092
xt.n146                               0.504244
xt.n204                               0.512092
xt.n205                               0.743616
xt.n176                               0.745578
xt.n206                               0.743616
xt.n245                               0.739692
xt.n234                               0.741654
xt.n261                               0.739692
xt.n148                                0.74754
xt.n126                               0.749502
xt.n147                                0.74754
xt.n177                                0.74754
xt.n235                                0.74754
xt.n236                               0.739692
xt.n237                               0.759313
xt.n207                               0.759313
xt.n238                               0.761275
xt.n178                               0.755389
xt.n149                               0.755389
xt.n179                               0.757351
xt.n128                               0.751464
xt.n108                               0.751464
xt.n127                               0.753427
xt.n208                               0.763237
xt.n150                               0.755389
xt.n209                               0.763237
xt.n268                               0.763237
xt.n151                               0.998689
xt.n129                                1.00065
xt.n152                                0.99869
xt.n246                               0.990842
xt.n239                               0.992804
xt.n263                               0.990842
xt.n210                               0.994766
xt.n180                               0.996728
xt.n211                               0.994766
xt.n181                               0.998689
xt.n240                               0.998688
xt.n241                               0.990842
xt.n267                               0.512092
xt.n251                               0.512093
xt.n273                               0.514055
xt.n288                               0.737731
xt.n253                               0.763238
xt.n275                                 0.7652
xt.n290                               0.988881
xt.n260                               0.512092
xt.n282                               0.514054
xt.n292                               0.735768
xt.n262                               0.763237
xt.n284                               0.765199
xt.n294                               0.986917
xt.n287                               0.517979
xt.n300                               0.517979
xt.n276                               0.988881
xt.n304                               0.986919
xt.n291                               0.527789
xt.n311                               0.527789
xt.n293                               0.778934
xt.n314                               0.778934
xt.n285                                0.98888
xt.n315                               0.986917
xt.n274                               0.737731
xt.n301                               0.735769
xt.n289                               0.769124
xt.n303                               0.769124
xt.n283                                0.73773
xt.n312                               0.735768
xt.n317                               0.517979
xt.n299                               0.516017
xt.n329                               0.517979
xt.n318                               0.737731
xt.n331                               0.722034
xt.n319                               0.769124
xt.n302                               0.767162
xt.n332                               0.769124
xt.n320                               0.988881
xt.n334                               0.973184
xt.n321                               0.516016
xt.n310                               0.516016
xt.n340                               0.517978
xt.n322                                0.74754
xt.n342                               0.731844
xt.n323                               0.767161
xt.n313                               0.767161
xt.n343                               0.769123
xt.n324                               0.998687
xt.n345                               0.982993
xt.n352                               0.517979
xt.n373                               0.521903
xt.n357                               0.984957
xt.n333                               0.984957
xt.n358                               0.982995
xt.n365                                0.51994
xt.n377                                0.51994
xt.n367                               0.731844
xt.n341                               0.733806
xt.n366                               0.731844
xt.n369                               0.771085
xt.n379                               0.771085
xt.n370                               0.982993
xt.n344                               0.984955
xt.n371                               0.982993
xt.n353                               0.733807
xt.n330                               0.733807
xt.n354                               0.731845
xt.n356                               0.769124
xt.n375                               0.773049
xt.n351                               0.519941
xt.n385                               0.521903
xt.n374                               0.729883
xt.n399                               0.729883
xt.n355                               0.771086
xt.n387                               0.773049
xt.n376                               0.981032
xt.n400                               0.981032
xt.n364                                0.51994
xt.n394                               0.521902
xt.n378                               0.731844
xt.n401                               0.727919
xt.n368                               0.771085
xt.n396                               0.773047
xt.n380                               0.982993
xt.n402                               0.979069
xt.n408                               0.525827
xt.n411                               0.776973
xt.n388                               0.981032
xt.n412                                0.97907
xt.n419                               0.527789
xt.n395                               0.729882
xt.n420                               0.727919
xt.n422                               0.778934
xt.n397                               0.981031
xt.n423                               0.979069
xt.n386                               0.729883
xt.n409                                0.72792
xt.n425                               0.525827
xt.n407                               0.523865
xt.n433                               0.525827
xt.n435                               0.722034
xt.n426                               0.776973
xt.n410                               0.775011
xt.n436                               0.776973
xt.n438                               0.973184
xt.n427                               0.523864
xt.n418                               0.523864
xt.n444                               0.525826
xt.n446                               0.723995
xt.n428                                0.77501
xt.n421                                0.77501
xt.n447                               0.776972
xt.n449                               0.975145
xt.n473                               0.529751
xt.n451                               0.725958
xt.n434                               0.725958
xt.n460                               0.723996
xt.n452                               0.977108
xt.n437                               0.977108
xt.n462                               0.975146
xt.n475                               0.527789
xt.n453                               0.723995
xt.n445                               0.725957
xt.n469                               0.723995
xt.n476                               0.778934
xt.n454                               0.975145
xt.n448                               0.977107
xt.n471                               0.975145
xt.n474                               0.780897
xt.n459                               0.527789
xt.n481                               0.529751
xt.n502                               0.722034
xt.n461                               0.778935
xt.n483                               0.780897
xt.n507                               0.973184
xt.n468                               0.527789
xt.n490                               0.529751
xt.n517                               0.720071
xt.n470                               0.778934
xt.n492                               0.780896
xt.n522                                0.97122
xt.n500                               0.549372
xt.n501                               0.549372
xt.n505                               0.800518
xt.n506                               0.800518
xt.n484                               0.973184
xt.n508                               0.971222
xt.n515                               0.559181
xt.n516                               0.559181
xt.n491                               0.722033
xt.n518                               0.720071
xt.n493                               0.973182
xt.n523                                0.97122
xt.n482                               0.722034
xt.n503                               0.720072
xt.n520                               0.810327
xt.n521                               0.810327
xt.n525                               0.533675
xt.n499                               0.531713
xt.n537                               0.533675
xt.n526                               0.737731
xt.n539                               0.706338
xt.n527                               0.784821
xt.n504                               0.782859
xt.n540                               0.784821
xt.n528                               0.988881
xt.n542                               0.957487
xt.n529                               0.531713
xt.n514                               0.531713
xt.n548                               0.533675
xt.n530                                0.74754
xt.n550                               0.716147
xt.n531                               0.782858
xt.n519                               0.782858
xt.n551                                0.78482
xt.n532                               0.998686
xt.n553                               0.967296
xt.n555                               0.533675
xt.n580                                 0.5376
xt.n558                                0.96926
xt.n541                                0.96926
xt.n570                               0.967298
xt.n559                               0.535637
xt.n584                               0.535637
xt.n560                               0.716147
xt.n549                               0.718109
xt.n577                               0.716147
xt.n562                               0.967296
xt.n552                               0.969258
xt.n579                               0.967296
xt.n556                                0.71811
xt.n538                                0.71811
xt.n568                               0.716148
xt.n557                               0.784821
xt.n582                               0.788745
xt.n561                               0.786782
xt.n586                               0.786782
xt.n567                               0.535637
xt.n592                                 0.5376
xt.n581                               0.714186
xt.n607                               0.714186
xt.n569                               0.786783
xt.n594                               0.788745
xt.n583                               0.965335
xt.n609                               0.965335
xt.n576                               0.535637
xt.n601                               0.537599
xt.n585                               0.716147
xt.n611                               0.712223
xt.n578                               0.786782
xt.n603                               0.788744
xt.n587                               0.967296
xt.n613                               0.963372
xt.n606                               0.533675
xt.n619                               0.541524
xt.n593                               0.714186
xt.n620                               0.712224
xt.n608                               0.784821
xt.n622                               0.792669
xt.n595                               0.965335
xt.n623                               0.963373
xt.n610                               0.543485
xt.n629                               0.543485
xt.n602                               0.714185
xt.n630                               0.712223
xt.n612                                0.79463
xt.n632                                0.79463
xt.n604                               0.965334
xt.n633                               0.963372
xt.n638                               0.541524
xt.n618                               0.539562
xt.n639                               0.541524
xt.n642                               0.706338
xt.n641                               0.706338
xt.n643                               0.792669
xt.n621                               0.790707
xt.n644                               0.792669
xt.n646                               0.957487
xt.n647                               0.957487
xt.n652                               0.539561
xt.n628                               0.539561
xt.n653                               0.541523
xt.n655                               0.716147
xt.n656                               0.708299
xt.n657                               0.790706
xt.n631                               0.790706
xt.n658                               0.792668
xt.n660                               0.967296
xt.n661                               0.959448
xt.n686                               0.545448
xt.n662                               0.710262
xt.n640                               0.710262
xt.n671                                 0.7083
xt.n663                               0.961411
xt.n645                               0.961411
xt.n673                               0.959449
xt.n697                               0.543485
xt.n664                               0.708299
xt.n654                               0.710261
xt.n679                               0.708299
xt.n700                                0.79463
xt.n665                               0.959448
xt.n659                                0.96141
xt.n681                               0.959448
xt.n689                               0.796594
xt.n670                               0.543486
xt.n687                               0.545448
xt.n702                               0.706338
xt.n672                               0.794632
xt.n690                               0.796594
xt.n703                               0.957487
xt.n678                               0.543485
xt.n696                               0.545447
xt.n704                               0.704374
xt.n680                                0.79463
xt.n699                               0.796593
xt.n705                               0.955523
xt.n711                               0.549372
xt.n688                               0.706338
xt.n712                               0.704375
xt.n714                               0.800518
xt.n691                               0.957487
xt.n715                               0.955525
xt.n721                               0.559181
xt.n698                               0.706337
xt.n722                               0.704374
xt.n724                               0.810327
xt.n701                               0.957485
xt.n725                               0.955523
xt.n731                               0.549372
xt.n710                                0.54741
xt.n730                               0.549372
xt.n733                               0.690641
xt.n734                               0.800518
xt.n713                               0.798556
xt.n735                               0.800518
xt.n736                                0.94179
xt.n742                               0.547409
xt.n720                               0.547409
xt.n741                               0.549371
xt.n744                                0.70045
xt.n745                               0.798555
xt.n723                               0.798555
xt.n746                               0.800517
xt.n748                               0.951599
xt.n749                               0.549372
xt.n779                               0.553296
xt.n753                               0.953563
xt.n752                               0.953563
xt.n765                               0.951601
xt.n754                               0.551333
xt.n790                               0.551333
xt.n755                                0.70045
xt.n743                               0.702412
xt.n771                                0.70045
xt.n756                               0.802479
xt.n794                               0.802479
xt.n750                               0.702413
xt.n732                               0.702413
xt.n763                               0.700451
xt.n751                               0.800518
xt.n783                               0.804442
xt.n757                               0.951599
xt.n747                               0.953561
xt.n773                               0.951599
xt.n762                               0.551334
xt.n778                               0.553296
xt.n781                               0.698489
xt.n798                               0.698489
xt.n764                                0.80248
xt.n782                               0.804442
xt.n785                               0.949638
xt.n799                               0.949638
xt.n770                               0.551333
xt.n791                               0.553295
xt.n793                                0.70045
xt.n800                               0.696526
xt.n772                               0.802479
xt.n795                               0.804441
xt.n797                               0.951599
xt.n801                               0.947675
xt.n807                                0.55722
xt.n780                               0.698489
xt.n808                               0.696527
xt.n784                               0.949638
xt.n811                               0.947676
xt.n817                               0.559181
xt.n792                               0.698488
xt.n818                               0.696526
xt.n820                               0.810327
xt.n796                               0.949637
xt.n821                               0.947675
xt.n810                               0.808366
xt.n826                                0.55722
xt.n806                               0.555258
xt.n825                                0.55722
xt.n828                               0.690641
xt.n829                               0.808366
xt.n809                               0.806404
xt.n830                               0.808366
xt.n832                                0.94179
xt.n837                               0.555257
xt.n816                               0.555257
xt.n838                               0.557219
xt.n840                               0.692602
xt.n842                               0.806403
xt.n819                               0.806403
xt.n841                               0.808365
xt.n844                               0.943751
xt.n866                               0.561144
xt.n846                               0.694565
xt.n827                               0.694565
xt.n855                               0.692603
xt.n867                                0.81229
xt.n868                               0.559181
xt.n848                               0.692602
xt.n839                               0.694564
xt.n863                               0.692602
xt.n869                               0.810327
xt.n849                               0.943751
xt.n843                               0.945713
xt.n865                               0.943751
xt.n847                               0.945714
xt.n831                               0.945714
xt.n857                               0.943752
xt.n854                               0.559182
xt.n873                               0.561144
xt.n887                               0.690641
xt.n856                               0.810328
xt.n875                                0.81229
xt.n889                                0.94179
xt.n862                               0.559181
xt.n881                               0.561143
xt.n891                               0.688678
xt.n864                               0.810327
xt.n883                               0.812289
xt.n893                               0.939826
xt.n886                               0.549372
xt.n1276                              0.612158
xt.n874                               0.690641
xt.n899                               0.688679
xt.n888                               0.800518
xt.n1278                              0.863305
xt.n876                                0.94179
xt.n901                               0.939828
xt.n890                               0.621967
xt.n1280                              0.621967
xt.n882                                0.69064
xt.n907                               0.688678
xt.n892                               0.873114
xt.n1282                              0.873114
xt.n884                               0.941788
xt.n909                               0.939826
xt.n914                               0.565068
xt.n898                               0.563106
xt.n915                               0.565068
xt.n917                               0.674944
xt.n1305                              0.674944
xt.n918                               0.816215
xt.n900                               0.814253
xt.n919                               0.816215
xt.n921                               0.926093
xt.n1307                              0.926093
xt.n927                               0.563106
xt.n906                               0.563106
xt.n926                               0.565068
xt.n929                                0.74754
xt.n1309                              0.684754
xt.n931                               0.814251
xt.n908                               0.814251
xt.n930                               0.816213
xt.n933                               0.998685
xt.n1311                              0.935902
xt.n934                               0.565068
xt.n962                               0.568993
xt.n935                               0.686717
xt.n916                               0.686717
xt.n947                               0.684755
xt.n936                               0.816215
xt.n964                               0.820139
xt.n937                               0.937866
xt.n920                               0.937866
xt.n949                               0.935903
xt.n938                                0.56703
xt.n970                                0.56703
xt.n940                               0.818176
xt.n974                               0.818176
xt.n941                               0.935902
xt.n932                               0.937864
xt.n957                               0.935902
xt.n939                               0.684754
xt.n928                               0.686716
xt.n955                               0.684754
xt.n946                                0.56703
xt.n961                               0.568993
xt.n963                               0.682793
xt.n985                               0.682793
xt.n948                               0.818177
xt.n965                               0.820139
xt.n966                               0.933941
xt.n987                               0.933941
xt.n954                                0.56703
xt.n971                               0.568992
xt.n973                               0.684754
xt.n989                                0.68083
xt.n956                               0.818176
xt.n975                               0.820138
xt.n977                               0.935902
xt.n991                               0.931978
xt.n967                               0.800518
xt.n978                               0.998685
xt.n984                               0.565068
xt.n997                               0.572917
xt.n981                               0.933941
xt.n1001                              0.931979
xt.n988                               0.574878
xt.n1007                              0.574878
xt.n972                               0.682792
xt.n1008                               0.68083
xt.n976                                0.93394
xt.n1011                              0.931978
xt.n980                               0.682793
xt.n998                               0.680831
xt.n986                               0.816215
xt.n1000                              0.824063
xt.n990                               0.826024
xt.n1010                              0.826024
xt.n1016                              0.572917
xt.n996                               0.570955
xt.n1017                              0.572917
xt.n1019                              0.674944
xt.n1020                              0.674944
xt.n1021                              0.824063
xt.n999                               0.822101
xt.n1022                              0.824063
xt.n1024                              0.926093
xt.n1025                              0.926093
xt.n1032                              0.570954
xt.n1006                              0.570954
xt.n1031                              0.572916
xt.n1034                              0.684754
xt.n1035                              0.676905
xt.n1036                                0.8221
xt.n1009                                0.8221
xt.n1037                              0.824062
xt.n1039                              0.935902
xt.n1040                              0.928054
xt.vth_soft                           0.800518
xt.n1049                              0.549372
xt.vth_hard                           0.998684
xt.n1059                               0.74754
xt.n1064                              0.576841
xt.n1045                              0.678868
xt.n1018                              0.678868
xt.n1046                              0.676906
xt.n1047                              0.930017
xt.n1023                              0.930017
xt.n1048                              0.928055
xt.n1066                              0.574878
xt.n1054                              0.676905
xt.n1033                              0.678867
xt.n1055                              0.676905
xt.n1067                              0.826024
xt.n1058                              0.928054
xt.n1038                              0.930016
xt.n1057                              0.928054
xt.n1065                              0.827987
xt.n1044                              0.574879
xt.n1072                              0.576841
xt.n1085                              0.674944
xt.n1062                              0.826025
xt.n1074                              0.827987
xt.n1087                              0.926093
xt.n1053                              0.574878
xt.n1080                               0.57684
xt.n1089                              0.672981
xt.n1056                              0.826024
xt.n1082                              0.827986
xt.n1091                              0.924129
xt.n1084                              0.580765
xt.n1097                              0.580765
xt.n1073                              0.674944
xt.n1098                              0.672982
xt.n1086                              0.831911
xt.n1100                              0.831911
xt.n1075                              0.926093
xt.n1101                              0.924131
xt.n1088                              0.590574
xt.n1107                              0.590574
xt.n1081                              0.674943
xt.n1108                              0.672981
xt.n1090                              0.841721
xt.n1110                              0.841721
xt.n1083                              0.926092
xt.n1111                              0.924129
xt.n1116                              0.580765
xt.n1096                              0.578803
xt.n1117                              0.580765
xt.n1119                              0.674944
xt.n1120                              0.659248
xt.n1121                              0.831911
xt.n1099                              0.829949
xt.n1122                              0.831911
xt.n1124                              0.926093
xt.n1125                              0.910396
xt.n1130                              0.578802
xt.n1106                              0.578802
xt.n1131                              0.580764
xt.n1133                              0.684754
xt.n1134                              0.669057
xt.n1135                              0.829948
xt.n1109                              0.829948
xt.n1136                               0.83191
xt.n1138                              0.935902
xt.n1139                              0.920205
xt.n1140                              0.580765
xt.n1168                              0.584689
xt.n1143                              0.922169
xt.n1123                              0.922169
xt.n1155                              0.920207
xt.n1145                              0.669057
xt.n1132                              0.671019
xt.n1161                              0.669057
xt.n1146                              0.833872
xt.n1184                              0.833872
xt.n1147                              0.920205
xt.n1137                              0.922167
xt.n1163                              0.920205
xt.n1141                               0.67102
xt.n1118                               0.67102
xt.n1153                              0.669058
xt.n1142                              0.831911
xt.n1172                              0.835836
xt.n1144                              0.582726
xt.n1180                              0.582726
xt.n1152                              0.582727
xt.n1169                              0.584689
xt.n1171                              0.667096
xt.n1188                              0.667096
xt.n1154                              0.833874
xt.n1173                              0.835836
xt.n1175                              0.918244
xt.n1189                              0.918244
xt.n1160                              0.582726
xt.n1181                              0.584688
xt.n1183                              0.669057
xt.n1190                              0.665133
xt.n1162                              0.833872
xt.n1185                              0.835834
xt.n1187                              0.920205
xt.n1191                              0.916281
xt.n1197                              0.588613
xt.n1170                              0.667096
xt.n1198                              0.665134
xt.n1200                               0.83976
xt.n1182                              0.667095
xt.n1208                              0.665133
xt.n1210                              0.841721
xt.n1186                              0.918243
xt.n1211                              0.916281
xt.n1174                              0.918244
xt.n1201                              0.916282
xt.n1207                              0.590574
xt.n1217                              0.588613
xt.n1196                              0.586651
xt.n1216                              0.588613
xt.n1219                              0.659248
xt.n1220                               0.83976
xt.n1199                              0.837798
xt.n1221                               0.83976
xt.n1223                              0.910396
xt.n1227                               0.58665
xt.n1206                               0.58665
xt.n1228                              0.588612
xt.n1230                              0.661209
xt.n1232                              0.837797
xt.n1209                              0.837797
xt.n1231                              0.839759
xt.n1234                              0.912357
xt.n1256                              0.592537
xt.n1236                               0.91432
xt.n1222                               0.91432
xt.n1247                              0.912358
xt.n1259                              0.841721
xt.n1239                              0.912357
xt.n1233                              0.914319
xt.n1255                              0.912357
xt.n1235                              0.663172
xt.n1218                              0.663172
xt.n1245                               0.66121
xt.n1257                              0.843684
xt.n1258                              0.590574
xt.n1238                              0.661209
xt.n1229                              0.663171
xt.n1253                              0.661209
xt.n1244                              0.590575
xt.n1264                              0.592537
xt.n1277                              0.659248
xt.n1246                              0.841722
xt.n1266                              0.843684
xt.n1279                              0.910396
xt.n1252                              0.590574
xt.n1272                              0.592536
xt.n1281                              0.657285
xt.n1254                              0.841721
xt.n1274                              0.843683
xt.n1283                              0.908432
xt.n1289                              0.612158
xt.n1265                              0.659248
xt.n1290                              0.657286
xt.n1292                              0.863305
xt.n1267                              0.910396
xt.n1293                              0.908434
xt.n1302                              0.873114
xt.n1275                              0.910395
xt.n1303                              0.908432
xt.n1299                              0.621967
xt.n1273                              0.659247
xt.n1300                              0.657285
xt.n1304                              0.596461
xt.n1288                              0.594499
xt.n1316                              0.596461
xt.n1318                              0.643551
xt.n1306                              0.847608
xt.n1291                              0.845646
xt.n1319                              0.847608
xt.n1321                              0.894699
xt.n1308                              0.594499
xt.n1298                              0.594499
xt.n1326                              0.596461
xt.n1328                              0.653361
xt.n1310                              0.845645
xt.n1301                              0.845645
xt.n1329                              0.847607
xt.n1331                              0.904508
xt.n1332                              0.596461
xt.n1356                              0.600386
xt.n1334                              0.847608
xt.n1358                              0.851533
xt.n1335                              0.906472
xt.n1320                              0.906472
xt.n1347                               0.90451
xt.n1336                              0.598423
xt.n1360                              0.598423
xt.n1337                              0.653361
xt.n1327                              0.655323
xt.n1353                              0.653361
xt.n1338                              0.849569
xt.n1362                              0.849569
xt.n1339                              0.904508
xt.n1330                               0.90647
xt.n1355                              0.904508
xt.n1333                              0.655324
xt.n1317                              0.655324
xt.n1345                              0.653361
xt.n1344                              0.598423
xt.n1368                              0.600386
xt.n1357                              0.651399
xt.n1381                              0.651399
xt.n1346                               0.84957
xt.n1370                              0.851533
xt.n1359                              0.902547
xt.n1383                              0.902547
xt.n1352                              0.598423
xt.n1376                              0.600385
xt.n1361                              0.653361
xt.n1385                              0.649436
xt.n1354                              0.849569
xt.n1378                              0.851531
xt.n1363                              0.904508
xt.n1387                              0.900584
xt.n1380                              0.596461
xt.n1393                               0.60431
xt.n1371                              0.902547
xt.n1397                              0.900585
xt.n1384                              0.606271
xt.n1403                              0.606271
xt.n1377                              0.651398
xt.n1404                              0.649436
xt.n1386                              0.857418
xt.n1406                              0.857418
xt.n1379                              0.902546
xt.n1407                              0.900584
xt.n1369                              0.651399
xt.n1394                              0.649437
xt.n1382                              0.847608
xt.n1396                              0.855457
xt.n1408                               0.60431
xt.n1392                              0.602348
xt.n1420                               0.60431
xt.n1409                              0.643551
xt.n1422                              0.643551
xt.n1410                              0.855457
xt.n1395                              0.853495
xt.n1423                              0.855457
xt.n1411                              0.894699
xt.n1425                              0.894699
xt.n1412                              0.602347
xt.n1402                              0.602347
xt.n1430                              0.604309
xt.n1413                              0.653361
xt.n1432                              0.645512
xt.n1414                              0.853493
xt.n1405                              0.853493
xt.n1433                              0.855456
xt.n1415                              0.904508
xt.n1435                               0.89666
xt.n1456                              0.608234
xt.n1457                              0.859381
xt.n1437                              0.898623
xt.n1424                              0.898623
xt.n1446                              0.896661
xt.n1458                              0.606271
xt.n1438                              0.645512
xt.n1431                              0.647474
xt.n1452                              0.645512
xt.n1459                              0.857418
xt.n1439                               0.89666
xt.n1434                              0.898622
xt.n1454                               0.89666
xt.n1436                              0.647475
xt.n1421                              0.647475
xt.n1444                              0.645513
xt.n1443                              0.606272
xt.n1464                              0.608234
xt.n1482                              0.643551
xt.n1445                              0.857419
xt.n1466                              0.859381
xt.n1486                              0.894699
xt.n1451                              0.606271
xt.n1472                              0.608233
xt.n1495                              0.641588
xt.n1453                              0.857418
xt.n1474                               0.85938
xt.n1498                              0.892736
xt.n1481                              0.612158
xt.n1465                              0.643551
xt.n1483                              0.641589
xt.n1467                              0.894699
xt.n1487                              0.892737
xt.n1493                              0.621967
xt.n1497                              0.873114
xt.n1475                              0.894698
xt.n1499                              0.892736
xt.n1485                              0.863305
xt.n1473                               0.64355
xt.n1494                              0.641588
xt.n1500                              0.612158
xt.n1480                              0.610196
xt.n1508                              0.612158
xt.n1510                              0.627855
xt.n1501                              0.863305
xt.n1484                              0.861343
xt.n1511                              0.863305
xt.n1513                              0.879002
xt.n1502                              0.610195
xt.n1492                              0.610195
xt.n1518                              0.612157
xt.n1520                              0.637664
xt.n1503                              0.861342
xt.n1496                              0.861342
xt.n1521                              0.863304
xt.n1523                              0.888811
xt.n1524                              0.612158
xt.n1548                              0.616082
xt.n1525                              0.639627
xt.n1509                              0.639627
xt.n1537                              0.637665
xt.n1527                              0.890775
xt.n1512                              0.890775
xt.n1539                              0.888813
xt.n1528                              0.614119
xt.n1552                              0.614119
xt.n1529                              0.637664
xt.n1519                              0.639626
xt.n1545                              0.637664
xt.n1530                              0.865266
xt.n1554                              0.865266
xt.n1531                              0.888811
xt.n1522                              0.890773
xt.n1547                              0.888811
xt.n1526                              0.863305
xt.n1550                              0.867229
xt.n1536                               0.61412
xt.n1560                              0.616082
xt.n1549                              0.635703
xt.n1572                              0.635703
xt.n1538                              0.865267
xt.n1562                              0.867229
xt.n1551                              0.886851
xt.n1573                              0.886851
xt.n1544                              0.614119
xt.n1568                              0.616081
xt.n1553                              0.637664
xt.n1574                               0.63374
xt.n1546                              0.865266
xt.n1570                              0.867228
xt.n1555                              0.888811
xt.n1575                              0.884887
xt.n1581                              0.620006
xt.n1584                              0.871154
xt.n1563                              0.886851
xt.n1585                              0.884888
xt.n1591                              0.621967
xt.n1569                              0.635702
xt.n1592                               0.63374
xt.n1594                              0.873114
xt.n1571                              0.886849
xt.n1595                              0.884887
xt.n1561                              0.635703
xt.n1582                              0.633741
xt.n1600                              0.620006
xt.n1580                              0.618044
xt.n1601                              0.620006
xt.n1603                              0.627855
xt.n1604                              0.871154
xt.n1583                              0.869192
xt.n1605                              0.871154
xt.n1607                              0.879002
xt.n1613                              0.618043
xt.n1590                              0.618043
xt.n1612                              0.620005
xt.n1615                              0.629816
xt.n1616                               0.86919
xt.n1593                               0.86919
xt.n1617                              0.871152
xt.n1619                              0.880963
xt.n1640                               0.62393
xt.n1620                              0.631779
xt.n1602                              0.631779
xt.n1629                              0.629817
xt.n1621                              0.882926
xt.n1606                              0.882926
xt.n1631                              0.880964
xt.n1642                              0.621967
xt.n1643                              0.873114
xt.n1623                              0.880963
xt.n1618                              0.882925
xt.n1639                              0.880963
xt.n1641                              0.875078
xt.n1622                              0.629816
xt.n1614                              0.631778
xt.n1637                              0.629816
xt.n1628                              0.621968
xt.n1648                               0.62393
xt.n1659                              0.627855
xt.n1630                              0.873116
xt.n1650                              0.875078
xt.n1660                              0.879002
xt.n1636                              0.621967
xt.n1655                              0.623929
xt.n1663                              0.625892
xt.n1638                              0.873114
xt.n1657                              0.875077
xt.n1664                              0.877039
xt.n1649                              0.627855
xt.n1667                              0.625892
xt.n1651                              0.879002
xt.n1668                               0.87704
xt.n1656                              0.627854
xt.n1670                              0.625892
xt.n1658                              0.879001
xt.n1671                              0.877039
xt.qb                                 0.616951
cmp_soft                              0.616951
xt.n1688                           2.87179e-08
xt.n1691                                   1.2
xt.n1693                                   1.2
xt.n1689                                   1.2
xt.n1692                                   1.2
xt.n1694                              0.931286
xt.icmp                                1.00011
xt.n1695                           2.87179e-08
xt.qb_1                            3.53614e-08
cmp_hard                                   1.2
xt.n1697                           2.92289e-08
xt.n1698                                   1.2
xt.n1700                           1.79794e-07
xt.n1690                           3.24858e-07
xt.n1699                           2.26815e-07
xt.n1701                           1.04826e-07
xt.cmp_clk_n                               1.2
xt.n1702                                   1.2
xt.n1706                               1.18192
xt.n1707                               1.18192
xt.n1705                                   1.2
xt.n1708                               1.15595
xt.n100                               0.249179
xt.n111                               0.247217
xt.xr1243.dt                                 0
xt.n112                               0.251141
xt.xr1244.dt                                 0
xt.n113                               0.498358
xt.xr1245.dt                                 0
xt.xr1246.dt                                 0
xt.xr1247.dt                                 0
xt.xr1248.dt                                 0
xt.n103                                1.00262
xt.xr1249.dt                                 0
xt.n120                                1.00458
xt.xr1250.dt                                 0
xt.n106                               0.249178
xt.n121                               0.247216
xt.xr1251.dt                                 0
xt.n122                                0.25114
xt.xr1252.dt                                 0
xt.n123                               0.498358
xt.xr1253.dt                                 0
xt.xr1254.dt                                 0
xt.xr1255.dt                                 0
xt.xr1256.dt                                 0
xt.n109                                1.00261
xt.xr1257.dt                                 0
xt.n130                                1.00458
xt.xr1258.dt                                 0
xt.n154                             0.00196203
xt.xr1259.dt                                 0
xt.n155                               0.245254
xt.xr1260.dt                                 0
xt.n131                               0.253103
xt.xr1261.dt                                 0
xt.n132                               0.496396
xt.xr1262.dt                                 0
xt.xr1263.dt                                 0
xt.xr1264.dt                                 0
xt.xr1265.dt                                 0
xt.xr1266.dt                                 0
xt.n141                                1.00654
xt.xr1267.dt                                 0
xt.n142                             0.00196203
xt.xr1268.dt                                 0
xt.n143                               0.245254
xt.xr1269.dt                                 0
xt.n144                               0.253102
xt.xr1270.dt                                 0
xt.n156                               0.496396
xt.xr1271.dt                                 0
xt.xr1272.dt                                 0
xt.xr1273.dt                                 0
xt.xr1274.dt                                 0
xt.xr1275.dt                                 0
xt.n153                                1.00654
xt.xr1276.dt                                 0
xt.n157                             0.00392407
xt.xr1277.dt                                 0
xt.n158                               0.243292
xt.xr1278.dt                                 0
xt.n159                               0.255065
xt.xr1279.dt                                 0
xt.n160                               0.494434
xt.xr1280.dt                                 0
xt.xr1281.dt                                 0
xt.xr1282.dt                                 0
xt.xr1283.dt                                 0
xt.xr1284.dt                                 0
xt.n169                                 1.0085
xt.xr1285.dt                                 0
xt.n170                             0.00392406
xt.xr1286.dt                                 0
xt.n171                               0.243292
xt.xr1287.dt                                 0
xt.n172                               0.255064
xt.xr1288.dt                                 0
xt.n173                               0.494434
xt.xr1289.dt                                 0
xt.xr1290.dt                                 0
xt.xr1291.dt                                 0
xt.xr1292.dt                                 0
xt.xr1293.dt                                 0
xt.n182                                 1.0085
xt.xr1294.dt                                 0
xt.n183                              0.0058861
xt.xr1295.dt                                 0
xt.n184                                0.24133
xt.xr1296.dt                                 0
xt.n185                               0.257027
xt.xr1297.dt                                 0
xt.n186                               0.492472
xt.xr1298.dt                                 0
xt.xr1299.dt                                 0
xt.xr1300.dt                                 0
xt.xr1301.dt                                 0
xt.xr1302.dt                                 0
xt.n197                                1.01046
xt.xr1303.dt                                 0
xt.n198                             0.00588609
xt.xr1304.dt                                 0
xt.n199                                0.24133
xt.xr1305.dt                                 0
xt.n200                               0.257026
xt.xr1306.dt                                 0
xt.n201                               0.492472
xt.xr1307.dt                                 0
xt.xr1308.dt                                 0
xt.xr1309.dt                                 0
xt.xr1310.dt                                 0
xt.xr1311.dt                                 0
xt.n212                                1.01046
xt.xr1312.dt                                 0
xt.n213                             0.00784813
xt.xr1313.dt                                 0
xt.n214                               0.239368
xt.xr1314.dt                                 0
xt.n215                               0.258989
xt.xr1315.dt                                 0
xt.n216                                0.49051
xt.xr1316.dt                                 0
xt.xr1317.dt                                 0
xt.xr1318.dt                                 0
xt.xr1319.dt                                 0
xt.xr1320.dt                                 0
xt.n227                                1.01243
xt.xr1321.dt                                 0
xt.n228                             0.00784812
xt.xr1322.dt                                 0
xt.n229                               0.239368
xt.xr1323.dt                                 0
xt.n230                               0.258988
xt.xr1324.dt                                 0
xt.n231                                0.49051
xt.xr1325.dt                                 0
xt.xr1326.dt                                 0
xt.xr1327.dt                                 0
xt.xr1328.dt                                 0
xt.xr1329.dt                                 0
xt.n242                                1.01243
xt.xr1330.dt                                 0
xt.n247                             0.00981017
xt.xr1331.dt                                 0
xt.n248                               0.237406
xt.xr1332.dt                                 0
xt.n249                               0.260951
xt.xr1333.dt                                 0
xt.n250                               0.488548
xt.xr1334.dt                                 0
xt.xr1335.dt                                 0
xt.xr1336.dt                                 0
xt.xr1337.dt                                 0
xt.xr1338.dt                                 0
xt.n255                                1.01439
xt.xr1339.dt                                 0
xt.n256                             0.00981015
xt.xr1340.dt                                 0
xt.n257                               0.237406
xt.xr1341.dt                                 0
xt.n258                                0.26095
xt.xr1342.dt                                 0
xt.n259                               0.488547
xt.xr1343.dt                                 0
xt.xr1344.dt                                 0
xt.xr1345.dt                                 0
xt.xr1346.dt                                 0
xt.xr1347.dt                                 0
xt.n264                                1.01439
xt.xr1348.dt                                 0
xt.n269                              0.0117722
xt.xr1349.dt                                 0
xt.n270                               0.235444
xt.xr1350.dt                                 0
xt.n271                               0.262913
xt.xr1351.dt                                 0
xt.n272                               0.486586
xt.xr1352.dt                                 0
xt.xr1353.dt                                 0
xt.xr1354.dt                                 0
xt.xr1355.dt                                 0
xt.xr1356.dt                                 0
xt.n277                                1.01635
xt.xr1357.dt                                 0
xt.n278                              0.0117722
xt.xr1358.dt                                 0
xt.n279                               0.235444
xt.xr1359.dt                                 0
xt.n280                               0.262912
xt.xr1360.dt                                 0
xt.n281                               0.486585
xt.xr1361.dt                                 0
xt.xr1362.dt                                 0
xt.xr1363.dt                                 0
xt.xr1364.dt                                 0
xt.xr1365.dt                                 0
xt.n286                                1.01635
xt.xr1366.dt                                 0
xt.n295                              0.0137342
xt.xr1367.dt                                 0
xt.n296                               0.233482
xt.xr1368.dt                                 0
xt.n297                               0.264875
xt.xr1369.dt                                 0
xt.n298                               0.484624
xt.xr1370.dt                                 0
xt.xr1371.dt                                 0
xt.xr1372.dt                                 0
xt.xr1373.dt                                 0
xt.xr1374.dt                                 0
xt.n305                                1.01831
xt.xr1375.dt                                 0
xt.n306                              0.0137342
xt.xr1376.dt                                 0
xt.n307                               0.233482
xt.xr1377.dt                                 0
xt.n308                               0.264874
xt.xr1378.dt                                 0
xt.n309                               0.484623
xt.xr1379.dt                                 0
xt.xr1380.dt                                 0
xt.xr1381.dt                                 0
xt.xr1382.dt                                 0
xt.xr1383.dt                                 0
xt.n316                                1.01831
xt.xr1384.dt                                 0
xt.n325                              0.0156963
xt.xr1385.dt                                 0
xt.n326                                0.23152
xt.xr1386.dt                                 0
xt.n327                               0.266837
xt.xr1387.dt                                 0
xt.n328                               0.482662
xt.xr1388.dt                                 0
xt.xr1389.dt                                 0
xt.xr1390.dt                                 0
xt.xr1391.dt                                 0
xt.xr1392.dt                                 0
xt.n335                                1.02028
xt.xr1393.dt                                 0
xt.n336                              0.0156962
xt.xr1394.dt                                 0
xt.n337                                0.23152
xt.xr1395.dt                                 0
xt.n338                               0.266837
xt.xr1396.dt                                 0
xt.n339                               0.482661
xt.xr1397.dt                                 0
xt.xr1398.dt                                 0
xt.xr1399.dt                                 0
xt.xr1400.dt                                 0
xt.xr1401.dt                                 0
xt.n346                                1.02027
xt.xr1402.dt                                 0
xt.n347                              0.0176583
xt.xr1403.dt                                 0
xt.n348                               0.229558
xt.xr1404.dt                                 0
xt.n349                               0.268799
xt.xr1405.dt                                 0
xt.n350                                 0.4807
xt.xr1406.dt                                 0
xt.xr1407.dt                                 0
xt.xr1408.dt                                 0
xt.xr1409.dt                                 0
xt.xr1410.dt                                 0
xt.n359                                1.02224
xt.xr1411.dt                                 0
xt.n360                              0.0176583
xt.xr1412.dt                                 0
xt.n361                               0.229558
xt.xr1413.dt                                 0
xt.n362                               0.268799
xt.xr1414.dt                                 0
xt.n363                               0.480699
xt.xr1415.dt                                 0
xt.xr1416.dt                                 0
xt.xr1417.dt                                 0
xt.xr1418.dt                                 0
xt.xr1419.dt                                 0
xt.n372                                1.02224
xt.xr1420.dt                                 0
xt.n381                              0.0196203
xt.xr1421.dt                                 0
xt.n382                               0.227596
xt.xr1422.dt                                 0
xt.n383                               0.270761
xt.xr1423.dt                                 0
xt.n384                               0.478738
xt.xr1424.dt                                 0
xt.xr1425.dt                                 0
xt.xr1426.dt                                 0
xt.xr1427.dt                                 0
xt.xr1428.dt                                 0
xt.n389                                 1.0242
xt.xr1429.dt                                 0
xt.n390                              0.0196203
xt.xr1430.dt                                 0
xt.n391                               0.227596
xt.xr1431.dt                                 0
xt.n392                               0.270761
xt.xr1432.dt                                 0
xt.n393                               0.478737
xt.xr1433.dt                                 0
xt.xr1434.dt                                 0
xt.xr1435.dt                                 0
xt.xr1436.dt                                 0
xt.xr1437.dt                                 0
xt.n398                                 1.0242
xt.xr1438.dt                                 0
xt.n403                              0.0215824
xt.xr1439.dt                                 0
xt.n404                               0.225634
xt.xr1440.dt                                 0
xt.n405                               0.272723
xt.xr1441.dt                                 0
xt.n406                               0.476776
xt.xr1442.dt                                 0
xt.xr1443.dt                                 0
xt.xr1444.dt                                 0
xt.xr1445.dt                                 0
xt.xr1446.dt                                 0
xt.n413                                1.02616
xt.xr1447.dt                                 0
xt.n414                              0.0215823
xt.xr1448.dt                                 0
xt.n415                               0.225634
xt.xr1449.dt                                 0
xt.n416                               0.272723
xt.xr1450.dt                                 0
xt.n417                               0.476775
xt.xr1451.dt                                 0
xt.xr1452.dt                                 0
xt.xr1453.dt                                 0
xt.xr1454.dt                                 0
xt.xr1455.dt                                 0
xt.n424                                1.02616
xt.xr1456.dt                                 0
xt.n429                              0.0235444
xt.xr1457.dt                                 0
xt.n430                               0.223672
xt.xr1458.dt                                 0
xt.n431                               0.274685
xt.xr1459.dt                                 0
xt.n432                               0.474814
xt.xr1460.dt                                 0
xt.xr1461.dt                                 0
xt.xr1462.dt                                 0
xt.xr1463.dt                                 0
xt.xr1464.dt                                 0
xt.n439                                1.02812
xt.xr1465.dt                                 0
xt.n440                              0.0235444
xt.xr1466.dt                                 0
xt.n441                               0.223672
xt.xr1467.dt                                 0
xt.n442                               0.274685
xt.xr1468.dt                                 0
xt.n443                               0.474813
xt.xr1469.dt                                 0
xt.xr1470.dt                                 0
xt.xr1471.dt                                 0
xt.xr1472.dt                                 0
xt.xr1473.dt                                 0
xt.n450                                1.02812
xt.xr1474.dt                                 0
xt.n455                              0.0255064
xt.xr1475.dt                                 0
xt.n456                                0.22171
xt.xr1476.dt                                 0
xt.n457                               0.276647
xt.xr1477.dt                                 0
xt.n458                               0.472852
xt.xr1478.dt                                 0
xt.xr1479.dt                                 0
xt.xr1480.dt                                 0
xt.xr1481.dt                                 0
xt.xr1482.dt                                 0
xt.n463                                1.03009
xt.xr1483.dt                                 0
xt.n464                              0.0255064
xt.xr1484.dt                                 0
xt.n465                                0.22171
xt.xr1485.dt                                 0
xt.n466                               0.276647
xt.xr1486.dt                                 0
xt.n467                               0.472851
xt.xr1487.dt                                 0
xt.xr1488.dt                                 0
xt.xr1489.dt                                 0
xt.xr1490.dt                                 0
xt.xr1491.dt                                 0
xt.n472                                1.03009
xt.xr1492.dt                                 0
xt.n477                              0.0274685
xt.xr1493.dt                                 0
xt.n478                               0.219748
xt.xr1494.dt                                 0
xt.n479                               0.278609
xt.xr1495.dt                                 0
xt.n480                                0.47089
xt.xr1496.dt                                 0
xt.xr1497.dt                                 0
xt.xr1498.dt                                 0
xt.xr1499.dt                                 0
xt.xr1500.dt                                 0
xt.n485                                1.03205
xt.xr1501.dt                                 0
xt.n486                              0.0274684
xt.xr1502.dt                                 0
xt.n487                               0.219748
xt.xr1503.dt                                 0
xt.n488                               0.278609
xt.xr1504.dt                                 0
xt.n489                               0.470889
xt.xr1505.dt                                 0
xt.xr1506.dt                                 0
xt.xr1507.dt                                 0
xt.xr1508.dt                                 0
xt.xr1509.dt                                 0
xt.n494                                1.03205
xt.xr1510.dt                                 0
xt.n495                              0.0294305
xt.xr1511.dt                                 0
xt.n496                               0.217786
xt.xr1512.dt                                 0
xt.n497                               0.280571
xt.xr1513.dt                                 0
xt.n498                               0.468928
xt.xr1514.dt                                 0
xt.xr1515.dt                                 0
xt.xr1516.dt                                 0
xt.xr1517.dt                                 0
xt.xr1518.dt                                 0
xt.n509                                1.03401
xt.xr1519.dt                                 0
xt.n510                              0.0294305
xt.xr1520.dt                                 0
xt.n511                               0.217786
xt.xr1521.dt                                 0
xt.n512                               0.280571
xt.xr1522.dt                                 0
xt.n513                               0.468927
xt.xr1523.dt                                 0
xt.xr1524.dt                                 0
xt.xr1525.dt                                 0
xt.xr1526.dt                                 0
xt.xr1527.dt                                 0
xt.n524                                1.03401
xt.xr1528.dt                                 0
xt.n533                              0.0313925
xt.xr1529.dt                                 0
xt.n534                               0.215824
xt.xr1530.dt                                 0
xt.n535                               0.282533
xt.xr1531.dt                                 0
xt.n536                               0.466966
xt.xr1532.dt                                 0
xt.xr1533.dt                                 0
xt.xr1534.dt                                 0
xt.xr1535.dt                                 0
xt.xr1536.dt                                 0
xt.n543                                1.03597
xt.xr1537.dt                                 0
xt.n544                              0.0313925
xt.xr1538.dt                                 0
xt.n545                               0.215824
xt.xr1539.dt                                 0
xt.n546                               0.282533
xt.xr1540.dt                                 0
xt.n547                               0.466965
xt.xr1541.dt                                 0
xt.xr1542.dt                                 0
xt.xr1543.dt                                 0
xt.xr1544.dt                                 0
xt.xr1545.dt                                 0
xt.n554                                1.03597
xt.xr1546.dt                                 0
xt.n563                              0.0333546
xt.xr1547.dt                                 0
xt.n564                               0.213862
xt.xr1548.dt                                 0
xt.n565                               0.284495
xt.xr1549.dt                                 0
xt.n566                               0.465004
xt.xr1550.dt                                 0
xt.xr1551.dt                                 0
xt.xr1552.dt                                 0
xt.xr1553.dt                                 0
xt.xr1554.dt                                 0
xt.n571                                1.03793
xt.xr1555.dt                                 0
xt.n572                              0.0333545
xt.xr1556.dt                                 0
xt.n573                               0.213862
xt.xr1557.dt                                 0
xt.n574                               0.284495
xt.xr1558.dt                                 0
xt.n575                               0.465003
xt.xr1559.dt                                 0
xt.xr1560.dt                                 0
xt.xr1561.dt                                 0
xt.xr1562.dt                                 0
xt.xr1563.dt                                 0
xt.n588                                1.03793
xt.xr1564.dt                                 0
xt.n589                              0.0353166
xt.xr1565.dt                                 0
xt.n590                                 0.2119
xt.xr1566.dt                                 0
xt.n605                               0.286457
xt.xr1567.dt                                 0
xt.n591                               0.463041
xt.xr1568.dt                                 0
xt.xr1569.dt                                 0
xt.xr1570.dt                                 0
xt.xr1571.dt                                 0
xt.xr1572.dt                                 0
xt.xr1573.dt                                 0
xt.n597                              0.0353166
xt.xr1574.dt                                 0
xt.n598                                 0.2119
xt.xr1575.dt                                 0
xt.n599                               0.286457
xt.xr1576.dt                                 0
xt.n600                               0.463041
xt.xr1577.dt                                 0
xt.xr1578.dt                                 0
xt.xr1579.dt                                 0
xt.xr1580.dt                                 0
xt.xr1581.dt                                 0
xt.xr1582.dt                                 0
xt.n614                              0.0372786
xt.xr1583.dt                                 0
xt.n615                               0.209938
xt.xr1584.dt                                 0
xt.n616                               0.288419
xt.xr1585.dt                                 0
xt.n617                               0.461079
xt.xr1586.dt                                 0
xt.xr1587.dt                                 0
xt.xr1588.dt                                 0
xt.xr1589.dt                                 0
xt.xr1590.dt                                 0
xt.n624                              0.0372786
xt.xr1591.dt                                 0
xt.n625                               0.209937
xt.xr1592.dt                                 0
xt.n626                               0.288419
xt.xr1593.dt                                 0
xt.n627                               0.461079
xt.xr1594.dt                                 0
xt.xr1595.dt                                 0
xt.xr1596.dt                                 0
xt.xr1597.dt                                 0
xt.xr1598.dt                                 0
xt.n634                              0.0392407
xt.xr1599.dt                                 0
xt.n635                               0.207976
xt.xr1600.dt                                 0
xt.n636                               0.290381
xt.xr1601.dt                                 0
xt.n637                               0.459117
xt.xr1602.dt                                 0
xt.xr1603.dt                                 0
xt.xr1604.dt                                 0
xt.xr1605.dt                                 0
xt.xr1606.dt                                 0
xt.n648                              0.0392406
xt.xr1607.dt                                 0
xt.n649                               0.207975
xt.xr1608.dt                                 0
xt.n650                               0.290381
xt.xr1609.dt                                 0
xt.n651                               0.459117
xt.xr1610.dt                                 0
xt.xr1611.dt                                 0
xt.xr1612.dt                                 0
xt.xr1613.dt                                 0
xt.xr1614.dt                                 0
xt.n666                              0.0412027
xt.xr1615.dt                                 0
xt.n667                               0.206014
xt.xr1616.dt                                 0
xt.n668                               0.292343
xt.xr1617.dt                                 0
xt.n669                               0.457155
xt.xr1618.dt                                 0
xt.xr1619.dt                                 0
xt.xr1620.dt                                 0
xt.xr1621.dt                                 0
xt.xr1622.dt                                 0
xt.n674                              0.0412027
xt.xr1623.dt                                 0
xt.n675                               0.206013
xt.xr1624.dt                                 0
xt.n676                               0.292343
xt.xr1625.dt                                 0
xt.n677                               0.457155
xt.xr1626.dt                                 0
xt.xr1627.dt                                 0
xt.xr1628.dt                                 0
xt.xr1629.dt                                 0
xt.xr1630.dt                                 0
xt.n682                              0.0431647
xt.xr1631.dt                                 0
xt.n683                               0.204052
xt.xr1632.dt                                 0
xt.n684                               0.294305
xt.xr1633.dt                                 0
xt.n685                               0.455193
xt.xr1634.dt                                 0
xt.xr1635.dt                                 0
xt.xr1636.dt                                 0
xt.xr1637.dt                                 0
xt.xr1638.dt                                 0
xt.n692                              0.0431647
xt.xr1639.dt                                 0
xt.n693                               0.204051
xt.xr1640.dt                                 0
xt.n694                               0.294305
xt.xr1641.dt                                 0
xt.n695                               0.455193
xt.xr1642.dt                                 0
xt.xr1643.dt                                 0
xt.xr1644.dt                                 0
xt.xr1645.dt                                 0
xt.xr1646.dt                                 0
xt.n706                              0.0451268
xt.xr1647.dt                                 0
xt.n707                                0.20209
xt.xr1648.dt                                 0
xt.n708                               0.296268
xt.xr1649.dt                                 0
xt.n709                               0.453231
xt.xr1650.dt                                 0
xt.xr1651.dt                                 0
xt.xr1652.dt                                 0
xt.xr1653.dt                                 0
xt.xr1654.dt                                 0
xt.n716                              0.0451267
xt.xr1655.dt                                 0
xt.n717                               0.202089
xt.xr1656.dt                                 0
xt.n718                               0.296267
xt.xr1657.dt                                 0
xt.n719                               0.453231
xt.xr1658.dt                                 0
xt.xr1659.dt                                 0
xt.xr1660.dt                                 0
xt.xr1661.dt                                 0
xt.xr1662.dt                                 0
xt.n726                              0.0470888
xt.xr1663.dt                                 0
xt.n727                               0.200128
xt.xr1664.dt                                 0
xt.n728                                0.29823
xt.xr1665.dt                                 0
xt.n729                               0.451269
xt.xr1666.dt                                 0
xt.xr1667.dt                                 0
xt.xr1668.dt                                 0
xt.xr1669.dt                                 0
xt.xr1670.dt                                 0
xt.n737                              0.0470887
xt.xr1671.dt                                 0
xt.n738                               0.200127
xt.xr1672.dt                                 0
xt.n739                               0.298229
xt.xr1673.dt                                 0
xt.n740                               0.451269
xt.xr1674.dt                                 0
xt.xr1675.dt                                 0
xt.xr1676.dt                                 0
xt.xr1677.dt                                 0
xt.xr1678.dt                                 0
xt.n758                              0.0490508
xt.xr1679.dt                                 0
xt.n759                               0.198166
xt.xr1680.dt                                 0
xt.n760                               0.300192
xt.xr1681.dt                                 0
xt.n761                               0.449307
xt.xr1682.dt                                 0
xt.xr1683.dt                                 0
xt.xr1684.dt                                 0
xt.xr1685.dt                                 0
xt.xr1686.dt                                 0
xt.n766                              0.0490508
xt.xr1687.dt                                 0
xt.n767                               0.198165
xt.xr1688.dt                                 0
xt.n768                               0.300191
xt.xr1689.dt                                 0
xt.n769                               0.449306
xt.xr1690.dt                                 0
xt.xr1691.dt                                 0
xt.xr1692.dt                                 0
xt.xr1693.dt                                 0
xt.xr1694.dt                                 0
xt.n774                              0.0510129
xt.xr1695.dt                                 0
xt.n775                               0.196204
xt.xr1696.dt                                 0
xt.n776                               0.302154
xt.xr1697.dt                                 0
xt.n777                               0.447345
xt.xr1698.dt                                 0
xt.xr1699.dt                                 0
xt.xr1700.dt                                 0
xt.xr1701.dt                                 0
xt.xr1702.dt                                 0
xt.n786                              0.0510128
xt.xr1703.dt                                 0
xt.n787                               0.196203
xt.xr1704.dt                                 0
xt.n788                               0.302153
xt.xr1705.dt                                 0
xt.n789                               0.447344
xt.xr1706.dt                                 0
xt.xr1707.dt                                 0
xt.xr1708.dt                                 0
xt.xr1709.dt                                 0
xt.xr1710.dt                                 0
xt.n802                              0.0529749
xt.xr1711.dt                                 0
xt.n803                               0.194241
xt.xr1712.dt                                 0
xt.n804                               0.304116
xt.xr1713.dt                                 0
xt.n805                               0.445383
xt.xr1714.dt                                 0
xt.xr1715.dt                                 0
xt.xr1716.dt                                 0
xt.xr1717.dt                                 0
xt.xr1718.dt                                 0
xt.n812                              0.0529748
xt.xr1719.dt                                 0
xt.n813                               0.194241
xt.xr1720.dt                                 0
xt.n814                               0.304115
xt.xr1721.dt                                 0
xt.n815                               0.445382
xt.xr1722.dt                                 0
xt.xr1723.dt                                 0
xt.xr1724.dt                                 0
xt.xr1725.dt                                 0
xt.xr1726.dt                                 0
xt.n822                              0.0549369
xt.xr1727.dt                                 0
xt.n823                               0.192279
xt.xr1728.dt                                 0
xt.n824                               0.306078
xt.xr1729.dt                                 0
xt.n845                               0.443421
xt.xr1730.dt                                 0
xt.xr1731.dt                                 0
xt.xr1732.dt                                 0
xt.xr1733.dt                                 0
xt.xr1734.dt                                 0
xt.n833                              0.0549369
xt.xr1735.dt                                 0
xt.n834                               0.192279
xt.xr1736.dt                                 0
xt.n835                               0.306077
xt.xr1737.dt                                 0
xt.n836                                0.44342
xt.xr1738.dt                                 0
xt.xr1739.dt                                 0
xt.xr1740.dt                                 0
xt.xr1741.dt                                 0
xt.xr1742.dt                                 0
xt.n850                               0.056899
xt.xr1743.dt                                 0
xt.n851                               0.190317
xt.xr1744.dt                                 0
xt.n852                                0.30804
xt.xr1745.dt                                 0
xt.n853                               0.441459
xt.xr1746.dt                                 0
xt.xr1747.dt                                 0
xt.xr1748.dt                                 0
xt.xr1749.dt                                 0
xt.xr1750.dt                                 0
xt.n858                              0.0568989
xt.xr1751.dt                                 0
xt.n859                               0.190317
xt.xr1752.dt                                 0
xt.n860                               0.308039
xt.xr1753.dt                                 0
xt.n861                               0.441458
xt.xr1754.dt                                 0
xt.xr1755.dt                                 0
xt.xr1756.dt                                 0
xt.xr1757.dt                                 0
xt.xr1758.dt                                 0
xt.n870                               0.058861
xt.xr1759.dt                                 0
xt.n871                               0.188355
xt.xr1760.dt                                 0
xt.n885                               0.310002
xt.xr1761.dt                                 0
xt.n872                               0.439497
xt.xr1762.dt                                 0
xt.xr1763.dt                                 0
xt.xr1764.dt                                 0
xt.xr1765.dt                                 0
xt.xr1766.dt                                 0
xt.n877                              0.0588609
xt.xr1767.dt                                 0
xt.n878                               0.188355
xt.xr1768.dt                                 0
xt.n879                               0.310001
xt.xr1769.dt                                 0
xt.n880                               0.439496
xt.xr1770.dt                                 0
xt.xr1771.dt                                 0
xt.xr1772.dt                                 0
xt.xr1773.dt                                 0
xt.xr1774.dt                                 0
xt.n894                              0.0608231
xt.xr1775.dt                                 0
xt.n895                               0.186393
xt.xr1776.dt                                 0
xt.n896                               0.311964
xt.xr1777.dt                                 0
xt.n897                               0.437535
xt.xr1778.dt                                 0
xt.xr1779.dt                                 0
xt.xr1780.dt                                 0
xt.xr1781.dt                                 0
xt.xr1782.dt                                 0
xt.n902                               0.060823
xt.xr1783.dt                                 0
xt.n903                               0.186393
xt.xr1784.dt                                 0
xt.n904                               0.311963
xt.xr1785.dt                                 0
xt.n905                               0.437534
xt.xr1786.dt                                 0
xt.xr1787.dt                                 0
xt.xr1788.dt                                 0
xt.xr1789.dt                                 0
xt.xr1790.dt                                 0
xt.n910                              0.0627851
xt.xr1791.dt                                 0
xt.n911                               0.184431
xt.xr1792.dt                                 0
xt.n912                               0.313926
xt.xr1793.dt                                 0
xt.n913                               0.435573
xt.xr1794.dt                                 0
xt.xr1795.dt                                 0
xt.xr1796.dt                                 0
xt.xr1797.dt                                 0
xt.xr1798.dt                                 0
xt.n922                               0.062785
xt.xr1799.dt                                 0
xt.n923                               0.184431
xt.xr1800.dt                                 0
xt.n924                               0.313925
xt.xr1801.dt                                 0
xt.n925                               0.435572
xt.xr1802.dt                                 0
xt.xr1803.dt                                 0
xt.xr1804.dt                                 0
xt.xr1805.dt                                 0
xt.xr1806.dt                                 0
xt.n942                              0.0647471
xt.xr1807.dt                                 0
xt.n943                               0.182469
xt.xr1808.dt                                 0
xt.n944                               0.315888
xt.xr1809.dt                                 0
xt.n945                               0.433611
xt.xr1810.dt                                 0
xt.xr1811.dt                                 0
xt.xr1812.dt                                 0
xt.xr1813.dt                                 0
xt.xr1814.dt                                 0
xt.n950                               0.064747
xt.xr1815.dt                                 0
xt.n951                               0.182469
xt.xr1816.dt                                 0
xt.n952                               0.315888
xt.xr1817.dt                                 0
xt.n953                                0.43361
xt.xr1818.dt                                 0
xt.xr1819.dt                                 0
xt.xr1820.dt                                 0
xt.xr1821.dt                                 0
xt.xr1822.dt                                 0
xt.n958                              0.0667092
xt.xr1823.dt                                 0
xt.n979                               0.180507
xt.xr1824.dt                                 0
xt.n959                                0.31785
xt.xr1825.dt                                 0
xt.n960                               0.431649
xt.xr1826.dt                                 0
xt.xr1827.dt                                 0
xt.xr1828.dt                                 0
xt.xr1829.dt                                 0
xt.xr1830.dt                                 0
xt.n982                              0.0667091
xt.xr1831.dt                                 0
xt.n968                               0.180507
xt.xr1832.dt                                 0
xt.n969                                0.31785
xt.xr1833.dt                                 0
xt.n983                               0.431648
xt.xr1834.dt                                 0
xt.xr1835.dt                                 0
xt.xr1836.dt                                 0
xt.xr1837.dt                                 0
xt.xr1838.dt                                 0
xt.n992                              0.0686712
xt.xr1839.dt                                 0
xt.n993                               0.178545
xt.xr1840.dt                                 0
xt.n994                               0.319812
xt.xr1841.dt                                 0
xt.n995                               0.429687
xt.xr1842.dt                                 0
xt.xr1843.dt                                 0
xt.xr1844.dt                                 0
xt.xr1845.dt                                 0
xt.xr1846.dt                                 0
xt.n1002                             0.0686711
xt.xr1847.dt                                 0
xt.n1003                              0.178545
xt.xr1848.dt                                 0
xt.n1004                              0.319812
xt.xr1849.dt                                 0
xt.n1005                              0.429686
xt.xr1850.dt                                 0
xt.xr1851.dt                                 0
xt.xr1852.dt                                 0
xt.xr1853.dt                                 0
xt.xr1854.dt                                 0
xt.n1012                             0.0706332
xt.xr1855.dt                                 0
xt.n1013                              0.176583
xt.xr1856.dt                                 0
xt.n1014                              0.321774
xt.xr1857.dt                                 0
xt.n1015                              0.427725
xt.xr1858.dt                                 0
xt.xr1859.dt                                 0
xt.xr1860.dt                                 0
xt.xr1861.dt                                 0
xt.xr1862.dt                                 0
xt.n1027                             0.0706331
xt.xr1863.dt                                 0
xt.n1028                              0.176583
xt.xr1864.dt                                 0
xt.n1029                              0.321774
xt.xr1865.dt                                 0
xt.n1030                              0.427724
xt.xr1866.dt                                 0
xt.xr1867.dt                                 0
xt.xr1868.dt                                 0
xt.xr1869.dt                                 0
xt.xr1870.dt                                 0
xt.n1060                             0.0725953
xt.xr1871.dt                                 0
xt.n1042                              0.174621
xt.xr1872.dt                                 0
xt.n1043                              0.323736
xt.xr1873.dt                                 0
xt.n1061                              0.425763
xt.xr1874.dt                                 0
xt.xr1875.dt                                 0
xt.xr1876.dt                                 0
xt.xr1877.dt                                 0
xt.xr1878.dt                                 0
xt.n1050                             0.0725952
xt.xr1879.dt                                 0
xt.n1051                              0.174621
xt.xr1880.dt                                 0
xt.n1063                              0.323736
xt.xr1881.dt                                 0
xt.n1052                              0.425762
xt.xr1882.dt                                 0
xt.xr1883.dt                                 0
xt.xr1884.dt                                 0
xt.xr1885.dt                                 0
xt.xr1886.dt                                 0
xt.n1068                             0.0745573
xt.xr1887.dt                                 0
xt.n1069                              0.172659
xt.xr1888.dt                                 0
xt.n1070                              0.325698
xt.xr1889.dt                                 0
xt.n1071                                0.4238
xt.xr1890.dt                                 0
xt.xr1891.dt                                 0
xt.xr1892.dt                                 0
xt.xr1893.dt                                 0
xt.xr1894.dt                                 0
xt.n1076                             0.0745572
xt.xr1895.dt                                 0
xt.n1077                              0.172659
xt.xr1896.dt                                 0
xt.n1078                              0.325698
xt.xr1897.dt                                 0
xt.n1079                                0.4238
xt.xr1898.dt                                 0
xt.xr1899.dt                                 0
xt.xr1900.dt                                 0
xt.xr1901.dt                                 0
xt.xr1902.dt                                 0
xt.n1092                             0.0765193
xt.xr1903.dt                                 0
xt.n1093                              0.170697
xt.xr1904.dt                                 0
xt.n1094                               0.32766
xt.xr1905.dt                                 0
xt.n1095                              0.421838
xt.xr1906.dt                                 0
xt.xr1907.dt                                 0
xt.xr1908.dt                                 0
xt.xr1909.dt                                 0
xt.xr1910.dt                                 0
xt.n1102                             0.0765192
xt.xr1911.dt                                 0
xt.n1103                              0.170697
xt.xr1912.dt                                 0
xt.n1104                               0.32766
xt.xr1913.dt                                 0
xt.n1105                              0.421838
xt.xr1914.dt                                 0
xt.xr1915.dt                                 0
xt.xr1916.dt                                 0
xt.xr1917.dt                                 0
xt.xr1918.dt                                 0
xt.n1112                             0.0784814
xt.xr1919.dt                                 0
xt.n1113                              0.168735
xt.xr1920.dt                                 0
xt.n1114                              0.329622
xt.xr1921.dt                                 0
xt.n1115                              0.419876
xt.xr1922.dt                                 0
xt.xr1923.dt                                 0
xt.xr1924.dt                                 0
xt.xr1925.dt                                 0
xt.xr1926.dt                                 0
xt.n1126                             0.0784813
xt.xr1927.dt                                 0
xt.n1127                              0.168735
xt.xr1928.dt                                 0
xt.n1128                              0.329622
xt.xr1929.dt                                 0
xt.n1129                              0.419876
xt.xr1930.dt                                 0
xt.xr1931.dt                                 0
xt.xr1932.dt                                 0
xt.xr1933.dt                                 0
xt.xr1934.dt                                 0
xt.n1148                             0.0804434
xt.xr1935.dt                                 0
xt.n1149                              0.166773
xt.xr1936.dt                                 0
xt.n1150                              0.331584
xt.xr1937.dt                                 0
xt.n1151                              0.417914
xt.xr1938.dt                                 0
xt.xr1939.dt                                 0
xt.xr1940.dt                                 0
xt.xr1941.dt                                 0
xt.xr1942.dt                                 0
xt.n1156                             0.0804433
xt.xr1943.dt                                 0
xt.n1157                              0.166773
xt.xr1944.dt                                 0
xt.n1158                              0.331584
xt.xr1945.dt                                 0
xt.n1159                              0.417914
xt.xr1946.dt                                 0
xt.xr1947.dt                                 0
xt.xr1948.dt                                 0
xt.xr1949.dt                                 0
xt.xr1950.dt                                 0
xt.n1164                             0.0824054
xt.xr1951.dt                                 0
xt.n1165                              0.164811
xt.xr1952.dt                                 0
xt.n1166                              0.333546
xt.xr1953.dt                                 0
xt.n1167                              0.415952
xt.xr1954.dt                                 0
xt.xr1955.dt                                 0
xt.xr1956.dt                                 0
xt.xr1957.dt                                 0
xt.xr1958.dt                                 0
xt.n1176                             0.0824053
xt.xr1959.dt                                 0
xt.n1177                              0.164811
xt.xr1960.dt                                 0
xt.n1178                              0.333546
xt.xr1961.dt                                 0
xt.n1179                              0.415952
xt.xr1962.dt                                 0
xt.xr1963.dt                                 0
xt.xr1964.dt                                 0
xt.xr1965.dt                                 0
xt.xr1966.dt                                 0
xt.n1192                             0.0843675
xt.xr1967.dt                                 0
xt.n1193                              0.162849
xt.xr1968.dt                                 0
xt.n1194                              0.335508
xt.xr1969.dt                                 0
xt.n1195                               0.41399
xt.xr1970.dt                                 0
xt.xr1971.dt                                 0
xt.xr1972.dt                                 0
xt.xr1973.dt                                 0
xt.xr1974.dt                                 0
xt.n1202                             0.0843673
xt.xr1975.dt                                 0
xt.n1203                              0.162849
xt.xr1976.dt                                 0
xt.n1204                              0.335508
xt.xr1977.dt                                 0
xt.n1205                               0.41399
xt.xr1978.dt                                 0
xt.xr1979.dt                                 0
xt.xr1980.dt                                 0
xt.xr1981.dt                                 0
xt.xr1982.dt                                 0
xt.n1212                             0.0863295
xt.xr1983.dt                                 0
xt.n1213                              0.160887
xt.xr1984.dt                                 0
xt.n1214                               0.33747
xt.xr1985.dt                                 0
xt.n1215                              0.412028
xt.xr1986.dt                                 0
xt.xr1987.dt                                 0
xt.xr1988.dt                                 0
xt.xr1989.dt                                 0
xt.xr1990.dt                                 0
xt.n1224                             0.0863294
xt.xr1991.dt                                 0
xt.n1237                              0.160887
xt.xr1992.dt                                 0
xt.n1225                               0.33747
xt.xr1993.dt                                 0
xt.n1226                              0.412028
xt.xr1994.dt                                 0
xt.xr1995.dt                                 0
xt.xr1996.dt                                 0
xt.xr1997.dt                                 0
xt.xr1998.dt                                 0
xt.n1240                             0.0882915
xt.xr1999.dt                                 0
xt.n1241                              0.158925
xt.xr2000.dt                                 0
xt.n1242                              0.339432
xt.xr2001.dt                                 0
xt.n1243                              0.410066
xt.xr2002.dt                                 0
xt.xr2003.dt                                 0
xt.xr2004.dt                                 0
xt.xr2005.dt                                 0
xt.xr2006.dt                                 0
xt.n1248                             0.0882914
xt.xr2007.dt                                 0
xt.n1249                              0.158925
xt.xr2008.dt                                 0
xt.n1250                              0.339432
xt.xr2009.dt                                 0
xt.n1251                              0.410066
xt.xr2010.dt                                 0
xt.xr2011.dt                                 0
xt.xr2012.dt                                 0
xt.xr2013.dt                                 0
xt.xr2014.dt                                 0
xt.n1260                             0.0902536
xt.xr2015.dt                                 0
xt.n1261                              0.156963
xt.xr2016.dt                                 0
xt.n1262                              0.341395
xt.xr2017.dt                                 0
xt.n1263                              0.408104
xt.xr2018.dt                                 0
xt.xr2019.dt                                 0
xt.xr2020.dt                                 0
xt.xr2021.dt                                 0
xt.xr2022.dt                                 0
xt.n1268                             0.0902534
xt.xr2023.dt                                 0
xt.n1269                              0.156963
xt.xr2024.dt                                 0
xt.n1270                              0.341394
xt.xr2025.dt                                 0
xt.n1271                              0.408103
xt.xr2026.dt                                 0
xt.xr2027.dt                                 0
xt.xr2028.dt                                 0
xt.xr2029.dt                                 0
xt.xr2030.dt                                 0
xt.n1284                             0.0922156
xt.xr2031.dt                                 0
xt.n1285                              0.155001
xt.xr2032.dt                                 0
xt.n1286                              0.343357
xt.xr2033.dt                                 0
xt.n1287                              0.406142
xt.xr2034.dt                                 0
xt.xr2035.dt                                 0
xt.xr2036.dt                                 0
xt.xr2037.dt                                 0
xt.xr2038.dt                                 0
xt.n1294                             0.0922155
xt.xr2039.dt                                 0
xt.n1295                              0.155001
xt.xr2040.dt                                 0
xt.n1296                              0.343356
xt.xr2041.dt                                 0
xt.n1297                              0.406141
xt.xr2042.dt                                 0
xt.xr2043.dt                                 0
xt.xr2044.dt                                 0
xt.xr2045.dt                                 0
xt.xr2046.dt                                 0
xt.n1312                             0.0941776
xt.xr2047.dt                                 0
xt.n1313                              0.153039
xt.xr2048.dt                                 0
xt.n1314                              0.345319
xt.xr2049.dt                                 0
xt.n1315                               0.40418
xt.xr2050.dt                                 0
xt.xr2051.dt                                 0
xt.xr2052.dt                                 0
xt.xr2053.dt                                 0
xt.xr2054.dt                                 0
xt.n1322                             0.0941775
xt.xr2055.dt                                 0
xt.n1323                              0.153038
xt.xr2056.dt                                 0
xt.n1324                              0.345318
xt.xr2057.dt                                 0
xt.n1325                              0.404179
xt.xr2058.dt                                 0
xt.xr2059.dt                                 0
xt.xr2060.dt                                 0
xt.xr2061.dt                                 0
xt.xr2062.dt                                 0
xt.n1340                             0.0961397
xt.xr2063.dt                                 0
xt.n1341                              0.151077
xt.xr2064.dt                                 0
xt.n1342                              0.347281
xt.xr2065.dt                                 0
xt.n1343                              0.402218
xt.xr2066.dt                                 0
xt.xr2067.dt                                 0
xt.xr2068.dt                                 0
xt.xr2069.dt                                 0
xt.xr2070.dt                                 0
xt.n1348                             0.0961395
xt.xr2071.dt                                 0
xt.n1349                              0.151076
xt.xr2072.dt                                 0
xt.n1350                               0.34728
xt.xr2073.dt                                 0
xt.n1351                              0.402217
xt.xr2074.dt                                 0
xt.xr2075.dt                                 0
xt.xr2076.dt                                 0
xt.xr2077.dt                                 0
xt.xr2078.dt                                 0
xt.n1364                             0.0981017
xt.xr2079.dt                                 0
xt.n1365                              0.149115
xt.xr2080.dt                                 0
xt.n1366                              0.349243
xt.xr2081.dt                                 0
xt.n1367                              0.400256
xt.xr2082.dt                                 0
xt.xr2083.dt                                 0
xt.xr2084.dt                                 0
xt.xr2085.dt                                 0
xt.xr2086.dt                                 0
xt.n1372                             0.0981016
xt.xr2087.dt                                 0
xt.n1373                              0.149114
xt.xr2088.dt                                 0
xt.n1374                              0.349242
xt.xr2089.dt                                 0
xt.n1375                              0.400255
xt.xr2090.dt                                 0
xt.xr2091.dt                                 0
xt.xr2092.dt                                 0
xt.xr2093.dt                                 0
xt.xr2094.dt                                 0
xt.n1388                              0.100064
xt.xr2095.dt                                 0
xt.n1389                              0.147153
xt.xr2096.dt                                 0
xt.n1390                              0.351205
xt.xr2097.dt                                 0
xt.n1391                              0.398294
xt.xr2098.dt                                 0
xt.xr2099.dt                                 0
xt.xr2100.dt                                 0
xt.xr2101.dt                                 0
xt.xr2102.dt                                 0
xt.n1398                              0.100064
xt.xr2103.dt                                 0
xt.n1399                              0.147152
xt.xr2104.dt                                 0
xt.n1400                              0.351204
xt.xr2105.dt                                 0
xt.n1401                              0.398293
xt.xr2106.dt                                 0
xt.xr2107.dt                                 0
xt.xr2108.dt                                 0
xt.xr2109.dt                                 0
xt.xr2110.dt                                 0
xt.n1416                              0.102026
xt.xr2111.dt                                 0
xt.n1417                              0.145191
xt.xr2112.dt                                 0
xt.n1418                              0.353167
xt.xr2113.dt                                 0
xt.n1419                              0.396332
xt.xr2114.dt                                 0
xt.xr2115.dt                                 0
xt.xr2116.dt                                 0
xt.xr2117.dt                                 0
xt.xr2118.dt                                 0
xt.n1426                              0.102026
xt.xr2119.dt                                 0
xt.n1427                               0.14519
xt.xr2120.dt                                 0
xt.n1428                              0.353166
xt.xr2121.dt                                 0
xt.n1429                              0.396331
xt.xr2122.dt                                 0
xt.xr2123.dt                                 0
xt.xr2124.dt                                 0
xt.xr2125.dt                                 0
xt.xr2126.dt                                 0
xt.n1440                              0.103988
xt.xr2127.dt                                 0
xt.n1441                              0.143229
xt.xr2128.dt                                 0
xt.n1442                              0.355129
xt.xr2129.dt                                 0
xt.n1455                               0.39437
xt.xr2130.dt                                 0
xt.xr2131.dt                                 0
xt.xr2132.dt                                 0
xt.xr2133.dt                                 0
xt.xr2134.dt                                 0
xt.n1447                              0.103988
xt.xr2135.dt                                 0
xt.n1448                              0.143228
xt.xr2136.dt                                 0
xt.n1449                              0.355128
xt.xr2137.dt                                 0
xt.n1450                              0.394369
xt.xr2138.dt                                 0
xt.xr2139.dt                                 0
xt.xr2140.dt                                 0
xt.xr2141.dt                                 0
xt.xr2142.dt                                 0
xt.n1460                               0.10595
xt.xr2143.dt                                 0
xt.n1461                              0.141266
xt.xr2144.dt                                 0
xt.n1462                              0.357091
xt.xr2145.dt                                 0
xt.n1463                              0.392408
xt.xr2146.dt                                 0
xt.xr2147.dt                                 0
xt.xr2148.dt                                 0
xt.xr2149.dt                                 0
xt.xr2150.dt                                 0
xt.n1468                               0.10595
xt.xr2151.dt                                 0
xt.n1469                              0.141266
xt.xr2152.dt                                 0
xt.n1470                               0.35709
xt.xr2153.dt                                 0
xt.n1471                              0.392407
xt.xr2154.dt                                 0
xt.xr2155.dt                                 0
xt.xr2156.dt                                 0
xt.xr2157.dt                                 0
xt.xr2158.dt                                 0
xt.n1476                              0.107912
xt.xr2159.dt                                 0
xt.n1477                              0.139304
xt.xr2160.dt                                 0
xt.n1478                              0.359053
xt.xr2161.dt                                 0
xt.n1479                              0.390446
xt.xr2162.dt                                 0
xt.xr2163.dt                                 0
xt.xr2164.dt                                 0
xt.xr2165.dt                                 0
xt.xr2166.dt                                 0
xt.n1488                              0.107912
xt.xr2167.dt                                 0
xt.n1489                              0.139304
xt.xr2168.dt                                 0
xt.n1490                              0.359052
xt.xr2169.dt                                 0
xt.n1491                              0.390445
xt.xr2170.dt                                 0
xt.xr2171.dt                                 0
xt.xr2172.dt                                 0
xt.xr2173.dt                                 0
xt.xr2174.dt                                 0
xt.n1504                              0.109874
xt.xr2175.dt                                 0
xt.n1505                              0.137342
xt.xr2176.dt                                 0
xt.n1506                              0.361015
xt.xr2177.dt                                 0
xt.n1507                              0.388484
xt.xr2178.dt                                 0
xt.xr2179.dt                                 0
xt.xr2180.dt                                 0
xt.xr2181.dt                                 0
xt.xr2182.dt                                 0
xt.n1514                              0.109874
xt.xr2183.dt                                 0
xt.n1515                              0.137342
xt.xr2184.dt                                 0
xt.n1516                              0.361014
xt.xr2185.dt                                 0
xt.n1517                              0.388483
xt.xr2186.dt                                 0
xt.xr2187.dt                                 0
xt.xr2188.dt                                 0
xt.xr2189.dt                                 0
xt.xr2190.dt                                 0
xt.n1532                              0.111836
xt.xr2191.dt                                 0
xt.n1533                               0.13538
xt.xr2192.dt                                 0
xt.n1534                              0.362977
xt.xr2193.dt                                 0
xt.n1535                              0.386522
xt.xr2194.dt                                 0
xt.xr2195.dt                                 0
xt.xr2196.dt                                 0
xt.xr2197.dt                                 0
xt.xr2198.dt                                 0
xt.n1540                              0.111836
xt.xr2199.dt                                 0
xt.n1541                               0.13538
xt.xr2200.dt                                 0
xt.n1542                              0.362976
xt.xr2201.dt                                 0
xt.n1543                              0.386521
xt.xr2202.dt                                 0
xt.xr2203.dt                                 0
xt.xr2204.dt                                 0
xt.xr2205.dt                                 0
xt.xr2206.dt                                 0
xt.n1556                              0.113798
xt.xr2207.dt                                 0
xt.n1557                              0.133418
xt.xr2208.dt                                 0
xt.n1558                              0.364939
xt.xr2209.dt                                 0
xt.n1559                               0.38456
xt.xr2210.dt                                 0
xt.xr2211.dt                                 0
xt.xr2212.dt                                 0
xt.xr2213.dt                                 0
xt.xr2214.dt                                 0
xt.n1564                              0.113798
xt.xr2215.dt                                 0
xt.n1565                              0.133418
xt.xr2216.dt                                 0
xt.n1566                              0.364939
xt.xr2217.dt                                 0
xt.n1567                              0.384559
xt.xr2218.dt                                 0
xt.xr2219.dt                                 0
xt.xr2220.dt                                 0
xt.xr2221.dt                                 0
xt.xr2222.dt                                 0
xt.n1576                               0.11576
xt.xr2223.dt                                 0
xt.n1577                              0.131456
xt.xr2224.dt                                 0
xt.n1578                              0.366901
xt.xr2225.dt                                 0
xt.n1579                              0.382597
xt.xr2226.dt                                 0
xt.xr2227.dt                                 0
xt.xr2228.dt                                 0
xt.xr2229.dt                                 0
xt.xr2230.dt                                 0
xt.n1586                               0.11576
xt.xr2231.dt                                 0
xt.n1587                              0.131456
xt.xr2232.dt                                 0
xt.n1588                              0.366901
xt.xr2233.dt                                 0
xt.n1589                              0.382597
xt.xr2234.dt                                 0
xt.xr2235.dt                                 0
xt.xr2236.dt                                 0
xt.xr2237.dt                                 0
xt.xr2238.dt                                 0
xt.n1596                              0.117722
xt.xr2239.dt                                 0
xt.n1597                              0.129494
xt.xr2240.dt                                 0
xt.n1598                              0.368863
xt.xr2241.dt                                 0
xt.n1599                              0.380635
xt.xr2242.dt                                 0
xt.xr2243.dt                                 0
xt.xr2244.dt                                 0
xt.xr2245.dt                                 0
xt.xr2246.dt                                 0
xt.n1608                              0.117722
xt.xr2247.dt                                 0
xt.n1609                              0.129494
xt.xr2248.dt                                 0
xt.n1610                              0.368863
xt.xr2249.dt                                 0
xt.n1611                              0.380635
xt.xr2250.dt                                 0
xt.xr2251.dt                                 0
xt.xr2252.dt                                 0
xt.xr2253.dt                                 0
xt.xr2254.dt                                 0
xt.n1624                              0.119684
xt.xr2255.dt                                 0
xt.n1625                              0.127532
xt.xr2256.dt                                 0
xt.n1626                              0.370825
xt.xr2257.dt                                 0
xt.n1627                              0.378673
xt.xr2258.dt                                 0
xt.xr2259.dt                                 0
xt.xr2260.dt                                 0
xt.xr2261.dt                                 0
xt.xr2262.dt                                 0
xt.n1632                              0.119684
xt.xr2263.dt                                 0
xt.n1633                              0.127532
xt.xr2264.dt                                 0
xt.n1634                              0.370825
xt.xr2265.dt                                 0
xt.n1635                              0.378673
xt.xr2266.dt                                 0
xt.xr2267.dt                                 0
xt.xr2268.dt                                 0
xt.xr2269.dt                                 0
xt.xr2270.dt                                 0
xt.n1644                              0.121646
xt.xr2271.dt                                 0
xt.n1645                               0.12557
xt.xr2272.dt                                 0
xt.n1646                              0.372787
xt.xr2273.dt                                 0
xt.n1647                              0.376711
xt.xr2274.dt                                 0
xt.xr2275.dt                                 0
xt.xr2276.dt                                 0
xt.xr2277.dt                                 0
xt.xr2278.dt                                 0
xt.n1652                              0.121646
xt.xr2279.dt                                 0
xt.n1653                               0.12557
xt.xr2280.dt                                 0
xt.n1654                              0.372787
xt.xr2281.dt                                 0
xt.n1662                              0.376711
xt.xr2282.dt                                 0
xt.xr2283.dt                                 0
xt.xr2284.dt                                 0
xt.xr2285.dt                                 0
xt.xr2286.dt                                 0
xt.n1665                              0.123608
xt.xr2287.dt                                 0
xt.xr2288.dt                                 0
xt.n1666                              0.374749
xt.xr2289.dt                                 0
xt.xr2290.dt                                 0
xt.xr2291.dt                                 0
xt.xr2292.dt                                 0
xt.xr2293.dt                                 0
xt.xr2294.dt                                 0
xt.n1669                              0.123608
xt.xr2295.dt                                 0
xt.xr2296.dt                                 0
xt.n1661                              0.374749
xt.xr2297.dt                                 0
xt.xr2298.dt                                 0
xt.xr2299.dt                                 0
xt.xr2300.dt                                 0
xt.xr2301.dt                                 0
xt.xr2302.dt                                 0
xt.n1709                               1.90026
xt.xr2303.dt                                 0
xt.n1674                               1.80024
xt.xr2304.dt                                 0
xt.n1710                               1.70022
xt.xr2305.dt                                 0
xt.n1675                               1.60021
xt.xr2306.dt                                 0
xt.n1711                               1.50019
xt.xr2307.dt                                 0
xt.n1676                               1.40018
xt.xr2308.dt                                 0
xt.n1712                               1.30016
xt.xr2309.dt                                 0
xt.n1677                               1.20014
xt.xr2310.dt                                 0
xt.n1713                               1.10013
xt.xr2311.dt                                 0
xt.xr2312.dt                                 0
xt.n1714                              0.900102
xt.xr2313.dt                                 0
xt.n1678                              0.800091
xt.xr2314.dt                                 0
xt.n1715                              0.700079
xt.xr2315.dt                                 0
xt.n1679                              0.600068
xt.xr2316.dt                                 0
xt.n1716                              0.500056
xt.xr2317.dt                                 0
xt.n1680                              0.400045
xt.xr2318.dt                                 0
xt.n1717                              0.300034
xt.xr2319.dt                                 0
xt.n1681                              0.200022
xt.xr2320.dt                                 0
xt.n1718                              0.100011
xt.xr2321.dt                                 0
xt.xr2322.dt                                 0
xt.xchs.1                             0.800518
xt.xchh.1                             0.998684
xt.xch.1                               1.00011
vclk#branch                        3.28768e-10
vh7#branch                        -1.77328e-11
vh6#branch                        -1.77328e-11
vh5#branch                        -1.77328e-11
vh4#branch                        -1.77328e-11
vh3#branch                        -1.77328e-11
vh2#branch                        -1.77328e-11
vh1#branch                        -1.77328e-11
vh0#branch                         1.63177e-11
vs7#branch                        -1.77328e-11
vs6#branch                         1.63177e-11
vs5#branch                         1.63177e-11
vs4#branch                        -1.77328e-11
vs3#branch                        -1.77328e-11
vs2#branch                         1.63177e-11
vs1#branch                         1.63177e-11
vs0#branch                        -1.77328e-11
vsh#branch                         4.55053e-06
vref#branch                         -1.768e-11
vdd#branch                        -7.13397e-05
vdda#branch                        -0.00104222

 Reference value :  0.00000e+00 Reference value :  3.20000e-11 Reference value :  8.56000e-10 Reference value :  2.05600e-09 Reference value :  3.25600e-09 Reference value :  4.25600e-09 Reference value :  4.65600e-09 Reference value :  5.44904e-09 Reference value :  6.24904e-09 Reference value :  7.04904e-09 Reference value :  7.84904e-09 Reference value :  8.64904e-09 Reference value :  9.64904e-09 Reference value :  1.06490e-08 Reference value :  1.18490e-08 Reference value :  1.26490e-08 Reference value :  1.34490e-08 Reference value :  1.46490e-08 Reference value :  1.58490e-08 Reference value :  1.70490e-08 Reference value :  1.82490e-08 Reference value :  1.94490e-08 Reference value :  2.00600e-08 Reference value :  2.01541e-08 Reference value :  2.02042e-08 Reference value :  2.02617e-08 Reference value :  2.04184e-08 Reference value :  2.06436e-08 Reference value :  2.07670e-08 Reference value :  2.10240e-08 Reference value :  2.19553e-08 Reference value :  2.27553e-08 Reference value :  2.37553e-08 Reference value :  2.45553e-08 Reference value :  2.55553e-08 Reference value :  2.63553e-08 Reference value :  2.73553e-08 Reference value :  2.81553e-08 Reference value :  2.91553e-08 Reference value :  3.03553e-08 Reference value :  3.17553e-08 Reference value :  3.29553e-08 Reference value :  3.41553e-08 Reference value :  3.53553e-08 Reference value :  3.65553e-08 Reference value :  3.77553e-08 Reference value :  3.89553e-08 Reference value :  4.01553e-08 Reference value :  4.15553e-08 Reference value :  4.27553e-08 Reference value :  4.39553e-08 Reference value :  4.51553e-08 Reference value :  4.63553e-08 Reference value :  4.75553e-08 Reference value :  4.85553e-08 Reference value :  4.97553e-08 Reference value :  5.09553e-08 Reference value :  5.21553e-08 Reference value :  5.33553e-08 Reference value :  5.45553e-08 Reference value :  5.57553e-08 Reference value :  5.69553e-08 Reference value :  5.81553e-08 Reference value :  5.93553e-08 Reference value :  6.03553e-08 Reference value :  6.15553e-08 Reference value :  6.27553e-08 Reference value :  6.37553e-08 Reference value :  6.47553e-08 Reference value :  6.57553e-08 Reference value :  6.67553e-08 Reference value :  6.77553e-08 Reference value :  6.87553e-08 Reference value :  6.97553e-08 Reference value :  7.02600e-08 Reference value :  7.04106e-08 Reference value :  7.04518e-08 Reference value :  7.05315e-08 Reference value :  7.06674e-08 Reference value :  7.08270e-08 Reference value :  7.10087e-08 Reference value :  7.13902e-08 Reference value :  7.21537e-08 Reference value :  7.29537e-08 Reference value :  7.37537e-08 Reference value :  7.45537e-08 Reference value :  7.53537e-08 Reference value :  7.63537e-08 Reference value :  7.73537e-08 Reference value :  7.85537e-08 Reference value :  7.95537e-08 Reference value :  8.07537e-08 Reference value :  8.19537e-08 Reference value :  8.31537e-08 Reference value :  8.43537e-08 Reference value :  8.55537e-08 Reference value :  8.65537e-08 Reference value :  8.75537e-08 Reference value :  8.87537e-08 Reference value :  8.99537e-08 Reference value :  9.11537e-08 Reference value :  9.21537e-08 Reference value :  9.31537e-08 Reference value :  9.41537e-08 Reference value :  9.51537e-08 Reference value :  9.63537e-08 Reference value :  9.73537e-08 Reference value :  9.83537e-08 Reference value :  9.93537e-08 Reference value :  1.00354e-07 Reference value :  1.01354e-07 Reference value :  1.02354e-07 Reference value :  1.03554e-07 Reference value :  1.04554e-07 Reference value :  1.05554e-07 Reference value :  1.06554e-07 Reference value :  1.07554e-07 Reference value :  1.08554e-07 Reference value :  1.09554e-07 Reference value :  1.10554e-07 Reference value :  1.11554e-07 Reference value :  1.12554e-07 Reference value :  1.13554e-07 Reference value :  1.14554e-07 Reference value :  1.15554e-07 Reference value :  1.16554e-07 Reference value :  1.17554e-07 Reference value :  1.18554e-07 Reference value :  1.19754e-07 Reference value :  1.20015e-07 Reference value :  1.20153e-07 Reference value :  1.20216e-07 Reference value :  1.20307e-07 Reference value :  1.20520e-07 Reference value :  1.20613e-07 Reference value :  1.20818e-07 Reference value :  1.21195e-07 Reference value :  1.21795e-07 Reference value :  1.22595e-07 Reference value :  1.23595e-07 Reference value :  1.24595e-07 Reference value :  1.25595e-07 Reference value :  1.26595e-07 Reference value :  1.27595e-07 Reference value :  1.28795e-07 Reference value :  1.29795e-07 Reference value :  1.30995e-07 Reference value :  1.32195e-07 Reference value :  1.33395e-07 Reference value :  1.34395e-07 Reference value :  1.35395e-07 Reference value :  1.36395e-07 Reference value :  1.37395e-07 Reference value :  1.38395e-07 Reference value :  1.39395e-07 Reference value :  1.40395e-07 Reference value :  1.41395e-07 Reference value :  1.42395e-07 Reference value :  1.43395e-07 Reference value :  1.44395e-07 Reference value :  1.45395e-07 Reference value :  1.46395e-07 Reference value :  1.47395e-07 Reference value :  1.48395e-07 Reference value :  1.49395e-07 Reference value :  1.50395e-07 Reference value :  1.51395e-07 Reference value :  1.52395e-07 Reference value :  1.53395e-07 Reference value :  1.54395e-07 Reference value :  1.55395e-07 Reference value :  1.56395e-07 Reference value :  1.57595e-07 Reference value :  1.58595e-07 Reference value :  1.59595e-07 Reference value :  1.60595e-07 Reference value :  1.61595e-07 Reference value :  1.62795e-07 Reference value :  1.63995e-07 Reference value :  1.64995e-07 Reference value :  1.65995e-07 Reference value :  1.67195e-07 Reference value :  1.68395e-07 Reference value :  1.69395e-07 Reference value :  1.70200e-07 Reference value :  1.70320e-07 Reference value :  1.70410e-07 Reference value :  1.70453e-07 Reference value :  1.70511e-07 Reference value :  1.70713e-07 Reference value :  1.70894e-07 Reference value :  1.71201e-07 Reference value :  1.71935e-07 Reference value :  1.72735e-07 Reference value :  1.73535e-07 Reference value :  1.74335e-07 Reference value :  1.75135e-07 Reference value :  1.75935e-07 Reference value :  1.76735e-07 Reference value :  1.77535e-07 Reference value :  1.78335e-07 Reference value :  1.79135e-07 Reference value :  1.79935e-07 Reference value :  1.80735e-07 Reference value :  1.81735e-07 Reference value :  1.82735e-07 Reference value :  1.83735e-07 Reference value :  1.84935e-07 Reference value :  1.86135e-07 Reference value :  1.87135e-07 Reference value :  1.88335e-07 Reference value :  1.89335e-07 Reference value :  1.90335e-07 Reference value :  1.91335e-07 Reference value :  1.92335e-07 Reference value :  1.93335e-07 Reference value :  1.94335e-07 Reference value :  1.95335e-07 Reference value :  1.96335e-07 Reference value :  1.97335e-07 Reference value :  1.98335e-07 Reference value :  1.99335e-07 Reference value :  2.00335e-07 Reference value :  2.01335e-07 Reference value :  2.02335e-07 Reference value :  2.03335e-07 Reference value :  2.04335e-07 Reference value :  2.05335e-07 Reference value :  2.06335e-07 Reference value :  2.07335e-07 Reference value :  2.08335e-07 Reference value :  2.09335e-07 Reference value :  2.10535e-07 Reference value :  2.11535e-07 Reference value :  2.12535e-07 Reference value :  2.13535e-07 Reference value :  2.14535e-07 Reference value :  2.15535e-07 Reference value :  2.16535e-07 Reference value :  2.17535e-07 Reference value :  2.18535e-07 Reference value :  2.19535e-07 Reference value :  2.20016e-07 Reference value :  2.20103e-07 Reference value :  2.20200e-07 Reference value :  2.20236e-07 Reference value :  2.20354e-07 Reference value :  2.20620e-07 Reference value :  2.20820e-07 Reference value :  2.21212e-07 Reference value :  2.22012e-07 Reference value :  2.22812e-07 Reference value :  2.23612e-07 Reference value :  2.24412e-07 Reference value :  2.25212e-07 Reference value :  2.26012e-07 Reference value :  2.26812e-07 Reference value :  2.27612e-07 Reference value :  2.28612e-07 Reference value :  2.29612e-07 Reference value :  2.30612e-07 Reference value :  2.31812e-07 Reference value :  2.33012e-07 Reference value :  2.34012e-07 Reference value :  2.35012e-07 Reference value :  2.36012e-07 Reference value :  2.37012e-07 Reference value :  2.38012e-07 Reference value :  2.39012e-07 Reference value :  2.40012e-07 Reference value :  2.41212e-07 Reference value :  2.42212e-07 Reference value :  2.43212e-07 Reference value :  2.44212e-07 Reference value :  2.45412e-07 Reference value :  2.46412e-07 Reference value :  2.47612e-07 Reference value :  2.48612e-07 Reference value :  2.49812e-07 Reference value :  2.50812e-07 Reference value :  2.51812e-07 Reference value :  2.52812e-07 Reference value :  2.53812e-07 Reference value :  2.55012e-07 Reference value :  2.56012e-07 Reference value :  2.57012e-07 Reference value :  2.58012e-07 Reference value :  2.59212e-07 Reference value :  2.60212e-07 Reference value :  2.61212e-07 Reference value :  2.62212e-07 Reference value :  2.63212e-07 Reference value :  2.64212e-07 Reference value :  2.65212e-07 Reference value :  2.66212e-07 Reference value :  2.67212e-07 Reference value :  2.68212e-07 Reference value :  2.69212e-07 Reference value :  2.70200e-07 Reference value :  2.70330e-07 Reference value :  2.70432e-07 Reference value :  2.70512e-07 Reference value :  2.70713e-07 Reference value :  2.70894e-07 Reference value :  2.71098e-07 Reference value :  2.71733e-07 Reference value :  2.72533e-07 Reference value :  2.73133e-07 Reference value :  2.73933e-07 Reference value :  2.74733e-07 Reference value :  2.75533e-07 Reference value :  2.76333e-07 Reference value :  2.77133e-07 Reference value :  2.77933e-07 Reference value :  2.78733e-07 Reference value :  2.79533e-07 Reference value :  2.80333e-07 Reference value :  2.81133e-07 Reference value :  2.81933e-07 Reference value :  2.82933e-07 Reference value :  2.83933e-07 Reference value :  2.84933e-07 Reference value :  2.85933e-07 Reference value :  2.86933e-07 Reference value :  2.87933e-07 Reference value :  2.88933e-07 Reference value :  2.89933e-07 Reference value :  2.90933e-07 Reference value :  2.91933e-07 Reference value :  2.92933e-07 Reference value :  2.93933e-07 Reference value :  2.94933e-07 Reference value :  2.95933e-07 Reference value :  2.96933e-07 Reference value :  2.97933e-07 Reference value :  2.98933e-07 Reference value :  2.99933e-07 Reference value :  3.00933e-07 Reference value :  3.01933e-07 Reference value :  3.02933e-07 Reference value :  3.04133e-07 Reference value :  3.05333e-07 Reference value :  3.06333e-07 Reference value :  3.07333e-07 Reference value :  3.08333e-07 Reference value :  3.09333e-07 Reference value :  3.10333e-07 Reference value :  3.11333e-07 Reference value :  3.12333e-07 Reference value :  3.13333e-07 Reference value :  3.14333e-07 Reference value :  3.15333e-07 Reference value :  3.16333e-07 Reference value :  3.17333e-07 Reference value :  3.18533e-07 Reference value :  3.19533e-07 Reference value :  3.20016e-07 Reference value :  3.20103e-07 Reference value :  3.20200e-07 Reference value :  3.20236e-07 Reference value :  3.20353e-07 Reference value :  3.20619e-07 Reference value :  3.20822e-07 Reference value :  3.21416e-07 Reference value :  3.22216e-07 Reference value :  3.23016e-07 Reference value :  3.23816e-07 Reference value :  3.24616e-07 Reference value :  3.25416e-07 Reference value :  3.26216e-07 Reference value :  3.27016e-07 Reference value :  3.27816e-07 Reference value :  3.29016e-07 Reference value :  3.30016e-07 Reference value :  3.31016e-07 Reference value :  3.32216e-07 Reference value :  3.33416e-07 Reference value :  3.34616e-07 Reference value :  3.35616e-07 Reference value :  3.36816e-07 Reference value :  3.37816e-07 Reference value :  3.38816e-07 Reference value :  3.39816e-07 Reference value :  3.40816e-07 Reference value :  3.41816e-07 Reference value :  3.42816e-07 Reference value :  3.44016e-07 Reference value :  3.45016e-07 Reference value :  3.46016e-07 Reference value :  3.47016e-07 Reference value :  3.48016e-07 Reference value :  3.49016e-07 Reference value :  3.50016e-07 Reference value :  3.51016e-07 Reference value :  3.52016e-07 Reference value :  3.53016e-07 Reference value :  3.54016e-07 Reference value :  3.55016e-07 Reference value :  3.56016e-07 Reference value :  3.57016e-07 Reference value :  3.58016e-07 Reference value :  3.59216e-07 Reference value :  3.60216e-07 Reference value :  3.61216e-07 Reference value :  3.62216e-07 Reference value :  3.63216e-07 Reference value :  3.64416e-07 Reference value :  3.65416e-07 Reference value :  3.66616e-07 Reference value :  3.67616e-07 Reference value :  3.68616e-07 Reference value :  3.69616e-07 Reference value :  3.70260e-07 Reference value :  3.70411e-07 Reference value :  3.70455e-07 Reference value :  3.70547e-07 Reference value :  3.70713e-07 Reference value :  3.70894e-07 Reference value :  3.71200e-07 Reference value :  3.71933e-07 Reference value :  3.72733e-07 Reference value :  3.73533e-07 Reference value :  3.74333e-07 Reference value :  3.75133e-07 Reference value :  3.75933e-07 Reference value :  3.76733e-07 Reference value :  3.77533e-07 Reference value :  3.78333e-07 Reference value :  3.79133e-07 Reference value :  3.79933e-07 Reference value :  3.80733e-07 Reference value :  3.81733e-07 Reference value :  3.82733e-07 Reference value :  3.83733e-07 Reference value :  3.84933e-07 Reference value :  3.85933e-07 Reference value :  3.86933e-07 Reference value :  3.87933e-07 Reference value :  3.88933e-07 Reference value :  3.89933e-07 Reference value :  3.91133e-07 Reference value :  3.92133e-07 Reference value :  3.93333e-07 Reference value :  3.94333e-07 Reference value :  3.95533e-07 Reference value :  3.96733e-07 Reference value :  3.97733e-07 Reference value :  3.98733e-07 Reference value :  3.99733e-07 Reference value :  4.00733e-07 Reference value :  4.01733e-07 Reference value :  4.02933e-07 Reference value :  4.03933e-07 Reference value :  4.04933e-07 Reference value :  4.05933e-07 Reference value :  4.07133e-07 Reference value :  4.08133e-07 Reference value :  4.09133e-07 Reference value :  4.10133e-07 Reference value :  4.11133e-07 Reference value :  4.12133e-07 Reference value :  4.12933e-07 Reference value :  4.13933e-07 Reference value :  4.14933e-07 Reference value :  4.15933e-07 Reference value :  4.16933e-07 Reference value :  4.17933e-07 Reference value :  4.18933e-07 Reference value :  4.19866e-07 Reference value :  4.20049e-07 Reference value :  4.20151e-07 Reference value :  4.20205e-07 Reference value :  4.20268e-07 Reference value :  4.20436e-07 Reference value :  4.20619e-07 Reference value :  4.20930e-07 Reference value :  4.21616e-07 Reference value :  4.22416e-07 Reference value :  4.23216e-07 Reference value :  4.24016e-07 Reference value :  4.24816e-07 Reference value :  4.25616e-07 Reference value :  4.26416e-07 Reference value :  4.27216e-07 Reference value :  4.28216e-07 Reference value :  4.29416e-07 Reference value :  4.30416e-07 Reference value :  4.31616e-07 Reference value :  4.32616e-07 Reference value :  4.33616e-07 Reference value :  4.34616e-07 Reference value :  4.35616e-07 Reference value :  4.36816e-07 Reference value :  4.37816e-07 Reference value :  4.38816e-07 Reference value :  4.39816e-07 Reference value :  4.41016e-07 Reference value :  4.42016e-07 Reference value :  4.43216e-07 Reference value :  4.44216e-07 Reference value :  4.45216e-07 Reference value :  4.46216e-07 Reference value :  4.47416e-07 Reference value :  4.48416e-07 Reference value :  4.49416e-07 Reference value :  4.50616e-07 Reference value :  4.51616e-07 Reference value :  4.52616e-07 Reference value :  4.53816e-07 Reference value :  4.55016e-07 Reference value :  4.56016e-07 Reference value :  4.57016e-07 Reference value :  4.58216e-07 Reference value :  4.59216e-07 Reference value :  4.60216e-07 Reference value :  4.61216e-07 Reference value :  4.62216e-07 Reference value :  4.63216e-07 Reference value :  4.64216e-07 Reference value :  4.65216e-07 Reference value :  4.66216e-07 Reference value :  4.67216e-07 Reference value :  4.68216e-07 Reference value :  4.69216e-07 Reference value :  4.70200e-07 Reference value :  4.70330e-07 Reference value :  4.70432e-07 Reference value :  4.70512e-07 Reference value :  4.70713e-07 Reference value :  4.70894e-07 Reference value :  4.71098e-07 Reference value :  4.71733e-07 Reference value :  4.72533e-07 Reference value :  4.73333e-07 Reference value :  4.73933e-07 Reference value :  4.74533e-07 Reference value :  4.75133e-07 Reference value :  4.75733e-07 Reference value :  4.76533e-07 Reference value :  4.77333e-07 Reference value :  4.78133e-07 Reference value :  4.78933e-07 Reference value :  4.79733e-07 Reference value :  4.80533e-07 Reference value :  4.81333e-07 Reference value :  4.82133e-07 Reference value :  4.83133e-07 Reference value :  4.84133e-07 Reference value :  4.85333e-07 Reference value :  4.86333e-07 Reference value :  4.87333e-07 Reference value :  4.88333e-07 Reference value :  4.89333e-07 Reference value :  4.90333e-07 Reference value :  4.91333e-07 Reference value :  4.92333e-07 Reference value :  4.93333e-07 Reference value :  4.94333e-07 Reference value :  4.95333e-07 Reference value :  4.96333e-07 Reference value :  4.97333e-07 Reference value :  4.98333e-07 Reference value :  4.99333e-07 Reference value :  5.00333e-07 Reference value :  5.01333e-07 Reference value :  5.02333e-07 Reference value :  5.03333e-07 Reference value :  5.04333e-07 Reference value :  5.05333e-07 Reference value :  5.06333e-07 Reference value :  5.07333e-07 Reference value :  5.08333e-07 Reference value :  5.09333e-07 Reference value :  5.10333e-07 Reference value :  5.11333e-07 Reference value :  5.12533e-07 Reference value :  5.13733e-07 Reference value :  5.14933e-07 Reference value :  5.15933e-07 Reference value :  5.16933e-07 Reference value :  5.17933e-07 Reference value :  5.19133e-07 Reference value :  5.20000e-07 Reference value :  5.20103e-07 Reference value :  5.20200e-07 Reference value :  5.20236e-07 Reference value :  5.20353e-07 Reference value :  5.20619e-07 Reference value :  5.20822e-07 Reference value :  5.21216e-07 Reference value :  5.21816e-07 Reference value :  5.22416e-07 Reference value :  5.23016e-07 Reference value :  5.23816e-07 Reference value :  5.24616e-07 Reference value :  5.25416e-07 Reference value :  5.26216e-07 Reference value :  5.26816e-07 Reference value :  5.27416e-07 Reference value :  5.28416e-07 Reference value :  5.29416e-07 Reference value :  5.30416e-07 Reference value :  5.31416e-07 Reference value :  5.32416e-07 Reference value :  5.33416e-07 Reference value :  5.34416e-07 Reference value :  5.35416e-07 Reference value :  5.36416e-07 Reference value :  5.37416e-07 Reference value :  5.38416e-07 Reference value :  5.39416e-07 Reference value :  5.40416e-07 Reference value :  5.41416e-07 Reference value :  5.42416e-07 Reference value :  5.43416e-07 Reference value :  5.44416e-07 Reference value :  5.45416e-07 Reference value :  5.46416e-07 Reference value :  5.47416e-07 Reference value :  5.48416e-07 Reference value :  5.49416e-07 Reference value :  5.50416e-07 Reference value :  5.51416e-07 Reference value :  5.52416e-07 Reference value :  5.53416e-07 Reference value :  5.54416e-07 Reference value :  5.55416e-07 Reference value :  5.56416e-07 Reference value :  5.57416e-07 Reference value :  5.58416e-07 Reference value :  5.59416e-07 Reference value :  5.60416e-07 Reference value :  5.61416e-07 Reference value :  5.62416e-07 Reference value :  5.63416e-07 Reference value :  5.64416e-07 Reference value :  5.65416e-07 Reference value :  5.66416e-07 Reference value :  5.67416e-07 Reference value :  5.68416e-07 Reference value :  5.69416e-07 Reference value :  5.70220e-07 Reference value :  5.70400e-07 Reference value :  5.70455e-07 Reference value :  5.70512e-07 Reference value :  5.70713e-07 Reference value :  5.70894e-07 Reference value :  5.71200e-07 Reference value :  5.71933e-07 Reference value :  5.72733e-07 Reference value :  5.73533e-07 Reference value :  5.74333e-07 Reference value :  5.75133e-07 Reference value :  5.75933e-07 Reference value :  5.76733e-07 Reference value :  5.77533e-07 Reference value :  5.78333e-07 Reference value :  5.79133e-07 Reference value :  5.79933e-07 Reference value :  5.80733e-07 Reference value :  5.81533e-07 Reference value :  5.82533e-07 Reference value :  5.83533e-07 Reference value :  5.84533e-07 Reference value :  5.85533e-07 Reference value :  5.86533e-07 Reference value :  5.87533e-07 Reference value :  5.88533e-07 Reference value :  5.89533e-07 Reference value :  5.90533e-07 Reference value :  5.91533e-07 Reference value :  5.92533e-07 Reference value :  5.93533e-07 Reference value :  5.94733e-07 Reference value :  5.95733e-07 Reference value :  5.96733e-07 Reference value :  5.97733e-07 Reference value :  5.98733e-07 Reference value :  5.99733e-07 Reference value :  6.00733e-07 Reference value :  6.01933e-07 Reference value :  6.02933e-07 Reference value :  6.03933e-07 Reference value :  6.04933e-07 Reference value :  6.05933e-07 Reference value :  6.06933e-07 Reference value :  6.07933e-07 Reference value :  6.08933e-07 Reference value :  6.09933e-07 Reference value :  6.11133e-07 Reference value :  6.12133e-07 Reference value :  6.13133e-07 Reference value :  6.14133e-07 Reference value :  6.15133e-07 Reference value :  6.16133e-07 Reference value :  6.17133e-07 Reference value :  6.18133e-07 Reference value :  6.19133e-07 Reference value :  6.20000e-07 Reference value :  6.20103e-07 Reference value :  6.20200e-07 Reference value :  6.20236e-07 Reference value :  6.20353e-07 Reference value :  6.20619e-07 Reference value :  6.20930e-07 Reference value :  6.21416e-07 Reference value :  6.22216e-07 Reference value :  6.23016e-07 Reference value :  6.23816e-07 Reference value :  6.24616e-07 Reference value :  6.25416e-07 Reference value :  6.26216e-07 Reference value :  6.27016e-07 Reference value :  6.27816e-07 Reference value :  6.29016e-07 Reference value :  6.30216e-07 Reference value :  6.31416e-07 Reference value :  6.32416e-07 Reference value :  6.33416e-07 Reference value :  6.34416e-07 Reference value :  6.35616e-07 Reference value :  6.36816e-07 Reference value :  6.38016e-07 Reference value :  6.39016e-07 Reference value :  6.40016e-07 Reference value :  6.41216e-07 Reference value :  6.42416e-07 Reference value :  6.43616e-07 Reference value :  6.44816e-07 Reference value :  6.46016e-07 Reference value :  6.47216e-07 Reference value :  6.48216e-07 Reference value :  6.49216e-07 Reference value :  6.50216e-07 Reference value :  6.51216e-07 Reference value :  6.52216e-07 Reference value :  6.53216e-07 Reference value :  6.54216e-07 Reference value :  6.55416e-07 Reference value :  6.56416e-07 Reference value :  6.57416e-07 Reference value :  6.58416e-07 Reference value :  6.59416e-07 Reference value :  6.60416e-07 Reference value :  6.61416e-07 Reference value :  6.62616e-07 Reference value :  6.63616e-07 Reference value :  6.64816e-07 Reference value :  6.66016e-07 Reference value :  6.67216e-07 Reference value :  6.68416e-07 Reference value :  6.69616e-07 Reference value :  6.70260e-07 Reference value :  6.70411e-07 Reference value :  6.70455e-07 Reference value :  6.70547e-07 Reference value :  6.70713e-07 Reference value :  6.70894e-07 Reference value :  6.71200e-07 Reference value :  6.71933e-07 Reference value :  6.72733e-07 Reference value :  6.73533e-07 Reference value :  6.74333e-07 Reference value :  6.75133e-07 Reference value :  6.75933e-07 Reference value :  6.76733e-07 Reference value :  6.77533e-07 Reference value :  6.78333e-07 Reference value :  6.79133e-07 Reference value :  6.79933e-07 Reference value :  6.80733e-07 Reference value :  6.81733e-07 Reference value :  6.82733e-07 Reference value :  6.83933e-07 Reference value :  6.85133e-07 Reference value :  6.86333e-07 Reference value :  6.87533e-07 Reference value :  6.88733e-07 Reference value :  6.89933e-07 Reference value :  6.91133e-07 Reference value :  6.92333e-07 Reference value :  6.93533e-07 Reference value :  6.94533e-07 Reference value :  6.95733e-07 Reference value :  6.96933e-07 Reference value :  6.98133e-07 Reference value :  6.99333e-07 Reference value :  7.00533e-07 Reference value :  7.01733e-07 Reference value :  7.02933e-07 Reference value :  7.04133e-07 Reference value :  7.05333e-07 Reference value :  7.06533e-07 Reference value :  7.07733e-07 Reference value :  7.08933e-07 Reference value :  7.10133e-07 Reference value :  7.11333e-07 Reference value :  7.12533e-07 Reference value :  7.13733e-07 Reference value :  7.14933e-07 Reference value :  7.16133e-07 Reference value :  7.17333e-07 Reference value :  7.18533e-07 Reference value :  7.19733e-07 Reference value :  7.20049e-07 Reference value :  7.20151e-07 Reference value :  7.20215e-07 Reference value :  7.20304e-07 Reference value :  7.20512e-07 Reference value :  7.20619e-07 Reference value :  7.20930e-07 Reference value :  7.21616e-07 Reference value :  7.22616e-07 Reference value :  7.23416e-07 Reference value :  7.24216e-07 Reference value :  7.25016e-07 Reference value :  7.25816e-07 Reference value :  7.26616e-07 Reference value :  7.27416e-07 Reference value :  7.28616e-07 Reference value :  7.29816e-07 Reference value :  7.31016e-07 Reference value :  7.32016e-07 Reference value :  7.33016e-07 Reference value :  7.34216e-07 Reference value :  7.35416e-07 Reference value :  7.36616e-07 Reference value :  7.37816e-07 Reference value :  7.39016e-07 Reference value :  7.40216e-07 Reference value :  7.41416e-07 Reference value :  7.42616e-07