[2026-09-23 06:31:33,387] [INFO]    LVSDB input file passed, bypassing LVS
[2026-09-23 06:31:33,407] [INFO]    (29, 0) -> (via2_drw)
[2026-09-23 06:31:33,408] [INFO]    (133, 0) -> (topvia2_drw)
[2026-09-23 06:31:33,410] [INFO]    (46, 0) -> (pwell pwell_sub)
[2026-09-23 06:31:33,411] [INFO]    (8, 0) -> (metal1_con)
[2026-09-23 06:31:33,412] [INFO]    (10, 0) -> (metal2_con)
[2026-09-23 06:31:33,414] [INFO]    (30, 0) -> (metal3_con)
[2026-09-23 06:31:33,415] [INFO]    (50, 0) -> (metal4_con)
[2026-09-23 06:31:33,416] [INFO]    (126, 0) -> (topmetal1_con)
[2026-09-23 06:31:33,418] [INFO]    (134, 0) -> (topmetal2_con)
[2026-09-23 06:31:33,419] [INFO]    (67, 0) -> (metal5_n_cap)
[2026-09-23 06:31:37,385] [SUBPROCESS]    Device;Net1;Net2;Capacitance [fF];Resistance [Ω]
[2026-09-23 06:31:37,387] [SUBPROCESS]    C1;CTX_L10_0,CTX_L30_15;CTX_L10_1,CTX_L30_16;0.572;
[2026-09-23 06:31:37,388] [SUBPROCESS]    C2;CTX_L10_0,CTX_L30_15;CTX_L10_2,CTX_L30_17;0.027;
[2026-09-23 06:31:37,390] [SUBPROCESS]    C3;CTX_L10_0,CTX_L30_15;CTX_L134_2;0.003;
[2026-09-23 06:31:37,391] [SUBPROCESS]    C4;CTX_L10_0,CTX_L30_15;CTX_L30_14;0.07;
[2026-09-23 06:31:37,392] [SUBPROCESS]    C5;CTX_L10_0,CTX_L30_15;CTX_L30_18;0.028;
[2026-09-23 06:31:37,393] [SUBPROCESS]    C6;CTX_L10_0,CTX_L30_15;CTX_L8_1;0.001;
[2026-09-23 06:31:37,394] [SUBPROCESS]    C7;CTX_L10_0,CTX_L30_15;FILL_L10_40;0.006;
[2026-09-23 06:31:37,395] [SUBPROCESS]    C8;CTX_L10_0,CTX_L30_15;FILL_L10_41;0.007;
[2026-09-23 06:31:37,396] [SUBPROCESS]    C9;CTX_L10_0,CTX_L30_15;FILL_L10_45;0.073;
[2026-09-23 06:31:37,397] [SUBPROCESS]    C10;CTX_L10_0,CTX_L30_15;FILL_L10_46;0.019;
[2026-09-23 06:31:37,398] [SUBPROCESS]    C11;CTX_L10_0,CTX_L30_15;FILL_L10_47;0.015;
[2026-09-23 06:31:37,399] [SUBPROCESS]    C12;CTX_L10_0,CTX_L30_15;FILL_L126_6;0.005;
[2026-09-23 06:31:37,400] [SUBPROCESS]    C13;CTX_L10_0,CTX_L30_15;FILL_L126_7;0.007;
[2026-09-23 06:31:37,401] [SUBPROCESS]    C14;CTX_L10_0,CTX_L30_15;FILL_L50_28;0.06;
[2026-09-23 06:31:37,402] [SUBPROCESS]    C15;CTX_L10_0,CTX_L30_15;FILL_L50_29;0.16;
[2026-09-23 06:31:37,403] [SUBPROCESS]    C16;CTX_L10_0,CTX_L30_15;FILL_L50_30;0.002;
[2026-09-23 06:31:37,404] [SUBPROCESS]    C17;CTX_L10_0,CTX_L30_15;FILL_L8_47;0.001;
[2026-09-23 06:31:37,405] [SUBPROCESS]    C18;CTX_L10_0,CTX_L30_15;FILL_L8_54;0.001;
[2026-09-23 06:31:37,406] [SUBPROCESS]    C19;CTX_L10_0,CTX_L30_15;FILL_L8_55;0.015;
[2026-09-23 06:31:37,408] [SUBPROCESS]    C20;CTX_L10_0,CTX_L30_15;FILL_L8_56;0.027;
[2026-09-23 06:31:37,409] [SUBPROCESS]    C21;CTX_L10_0,CTX_L30_15;VSUBS;0.228;
[2026-09-23 06:31:37,410] [SUBPROCESS]    C22;CTX_L10_1,CTX_L30_16;CTX_L10_2,CTX_L30_17;1.406;
[2026-09-23 06:31:37,411] [SUBPROCESS]    C23;CTX_L10_1,CTX_L30_16;CTX_L134_2;0.005;
[2026-09-23 06:31:37,412] [SUBPROCESS]    C24;CTX_L10_1,CTX_L30_16;CTX_L30_14;0.087;
[2026-09-23 06:31:37,413] [SUBPROCESS]    C25;CTX_L10_1,CTX_L30_16;CTX_L30_18;0.028;
[2026-09-23 06:31:37,414] [SUBPROCESS]    C26;CTX_L10_1,CTX_L30_16;CTX_L8_1;0.001;
[2026-09-23 06:31:37,415] [SUBPROCESS]    C27;CTX_L10_1,CTX_L30_16;FILL_L10_40;0.0;
[2026-09-23 06:31:37,416] [SUBPROCESS]    C28;CTX_L10_1,CTX_L30_16;FILL_L10_41;0.006;
[2026-09-23 06:31:37,417] [SUBPROCESS]    C29;CTX_L10_1,CTX_L30_16;FILL_L10_42;0.009;
[2026-09-23 06:31:37,418] [SUBPROCESS]    C30;CTX_L10_1,CTX_L30_16;FILL_L10_45;0.019;
[2026-09-23 06:31:37,419] [SUBPROCESS]    C31;CTX_L10_1,CTX_L30_16;FILL_L10_46;0.036;
[2026-09-23 06:31:37,420] [SUBPROCESS]    C32;CTX_L10_1,CTX_L30_16;FILL_L10_47;0.064;
[2026-09-23 06:31:37,421] [SUBPROCESS]    C33;CTX_L10_1,CTX_L30_16;FILL_L10_48;0.053;
[2026-09-23 06:31:37,422] [SUBPROCESS]    C34;CTX_L10_1,CTX_L30_16;FILL_L10_49;0.0;
[2026-09-23 06:31:37,423] [SUBPROCESS]    C35;CTX_L10_1,CTX_L30_16;FILL_L126_7;0.024;
[2026-09-23 06:31:37,424] [SUBPROCESS]    C36;CTX_L10_1,CTX_L30_16;FILL_L50_28;0.042;
[2026-09-23 06:31:37,425] [SUBPROCESS]    C37;CTX_L10_1,CTX_L30_16;FILL_L50_29;0.236;
[2026-09-23 06:31:37,426] [SUBPROCESS]    C38;CTX_L10_1,CTX_L30_16;FILL_L50_30;0.212;
[2026-09-23 06:31:37,427] [SUBPROCESS]    C39;CTX_L10_1,CTX_L30_16;FILL_L50_31;0.001;
[2026-09-23 06:31:37,428] [SUBPROCESS]    C40;CTX_L10_1,CTX_L30_16;FILL_L8_46;0.001;
[2026-09-23 06:31:37,430] [SUBPROCESS]    C41;CTX_L10_1,CTX_L30_16;FILL_L8_47;0.0;
[2026-09-23 06:31:37,431] [SUBPROCESS]    C42;CTX_L10_1,CTX_L30_16;FILL_L8_48;0.001;
[2026-09-23 06:31:37,432] [SUBPROCESS]    C43;CTX_L10_1,CTX_L30_16;FILL_L8_49;0.001;
[2026-09-23 06:31:37,433] [SUBPROCESS]    C44;CTX_L10_1,CTX_L30_16;FILL_L8_50;0.0;
[2026-09-23 06:31:37,435] [SUBPROCESS]    C45;CTX_L10_1,CTX_L30_16;FILL_L8_54;0.002;
[2026-09-23 06:31:37,436] [SUBPROCESS]    C46;CTX_L10_1,CTX_L30_16;FILL_L8_55;0.015;
[2026-09-23 06:31:37,438] [SUBPROCESS]    C47;CTX_L10_1,CTX_L30_16;FILL_L8_56;0.015;
[2026-09-23 06:31:37,442] [SUBPROCESS]    C48;CTX_L10_1,CTX_L30_16;FILL_L8_57;0.004;
[2026-09-23 06:31:37,444] [SUBPROCESS]    C49;CTX_L10_1,CTX_L30_16;FILL_L8_58;0.036;
[2026-09-23 06:31:37,445] [SUBPROCESS]    C50;CTX_L10_1,CTX_L30_16;FILL_L8_59;0.003;
[2026-09-23 06:31:37,446] [SUBPROCESS]    C51;CTX_L10_1,CTX_L30_16;FILL_L8_61;0.0;
[2026-09-23 06:31:37,447] [SUBPROCESS]    C52;CTX_L10_1,CTX_L30_16;VSUBS;0.264;
[2026-09-23 06:31:37,448] [SUBPROCESS]    C53;CTX_L10_2,CTX_L30_17;CTX_L134_2;0.007;
[2026-09-23 06:31:37,449] [SUBPROCESS]    C54;CTX_L10_2,CTX_L30_17;CTX_L30_14;0.073;
[2026-09-23 06:31:37,450] [SUBPROCESS]    C55;CTX_L10_2,CTX_L30_17;CTX_L30_18;2.241;
[2026-09-23 06:31:37,451] [SUBPROCESS]    C56;CTX_L10_2,CTX_L30_17;CTX_L8_1;0.001;
[2026-09-23 06:31:37,452] [SUBPROCESS]    C57;CTX_L10_2,CTX_L30_17;FILL_L10_40;0.0;
[2026-09-23 06:31:37,453] [SUBPROCESS]    C58;CTX_L10_2,CTX_L30_17;FILL_L10_41;0.001;
[2026-09-23 06:31:37,454] [SUBPROCESS]    C59;CTX_L10_2,CTX_L30_17;FILL_L10_42;0.002;
[2026-09-23 06:31:37,455] [SUBPROCESS]    C60;CTX_L10_2,CTX_L30_17;FILL_L10_43;0.005;
[2026-09-23 06:31:37,456] [SUBPROCESS]    C61;CTX_L10_2,CTX_L30_17;FILL_L10_45;0.004;
[2026-09-23 06:31:37,457] [SUBPROCESS]    C62;CTX_L10_2,CTX_L30_17;FILL_L10_46;0.036;
[2026-09-23 06:31:37,459] [SUBPROCESS]    C63;CTX_L10_2,CTX_L30_17;FILL_L10_47;0.051;
[2026-09-23 06:31:37,460] [SUBPROCESS]    C64;CTX_L10_2,CTX_L30_17;FILL_L10_48;0.056;
[2026-09-23 06:31:37,461] [SUBPROCESS]    C65;CTX_L10_2,CTX_L30_17;FILL_L10_49;0.065;
[2026-09-23 06:31:37,462] [SUBPROCESS]    C66;CTX_L10_2,CTX_L30_17;FILL_L10_50;0.012;
[2026-09-23 06:31:37,463] [SUBPROCESS]    C67;CTX_L10_2,CTX_L30_17;FILL_L126_7;0.005;
[2026-09-23 06:31:37,464] [SUBPROCESS]    C68;CTX_L10_2,CTX_L30_17;FILL_L126_8;0.022;
[2026-09-23 06:31:37,465] [SUBPROCESS]    C69;CTX_L10_2,CTX_L30_17;FILL_L50_27;0.0;
[2026-09-23 06:31:37,466] [SUBPROCESS]    C70;CTX_L10_2,CTX_L30_17;FILL_L50_28;0.035;
[2026-09-23 06:31:37,467] [SUBPROCESS]    C71;CTX_L10_2,CTX_L30_17;FILL_L50_29;0.145;
[2026-09-23 06:31:37,468] [SUBPROCESS]    C72;CTX_L10_2,CTX_L30_17;FILL_L50_30;0.177;
[2026-09-23 06:31:37,469] [SUBPROCESS]    C73;CTX_L10_2,CTX_L30_17;FILL_L50_31;0.231;
[2026-09-23 06:31:37,470] [SUBPROCESS]    C74;CTX_L10_2,CTX_L30_17;FILL_L8_46;0.0;
[2026-09-23 06:31:37,471] [SUBPROCESS]    C75;CTX_L10_2,CTX_L30_17;FILL_L8_47;0.0;
[2026-09-23 06:31:37,472] [SUBPROCESS]    C76;CTX_L10_2,CTX_L30_17;FILL_L8_48;0.0;
[2026-09-23 06:31:37,473] [SUBPROCESS]    C77;CTX_L10_2,CTX_L30_17;FILL_L8_49;0.0;
[2026-09-23 06:31:37,474] [SUBPROCESS]    C78;CTX_L10_2,CTX_L30_17;FILL_L8_50;0.0;
[2026-09-23 06:31:37,475] [SUBPROCESS]    C79;CTX_L10_2,CTX_L30_17;FILL_L8_51;0.0;
[2026-09-23 06:31:37,476] [SUBPROCESS]    C80;CTX_L10_2,CTX_L30_17;FILL_L8_52;0.0;
[2026-09-23 06:31:37,477] [SUBPROCESS]    C81;CTX_L10_2,CTX_L30_17;FILL_L8_54;0.002;
[2026-09-23 06:31:37,478] [SUBPROCESS]    C82;CTX_L10_2,CTX_L30_17;FILL_L8_55;0.015;
[2026-09-23 06:31:37,479] [SUBPROCESS]    C83;CTX_L10_2,CTX_L30_17;FILL_L8_56;0.015;
[2026-09-23 06:31:37,481] [SUBPROCESS]    C84;CTX_L10_2,CTX_L30_17;FILL_L8_57;0.004;
[2026-09-23 06:31:37,482] [SUBPROCESS]    C85;CTX_L10_2,CTX_L30_17;FILL_L8_58;0.015;
[2026-09-23 06:31:37,483] [SUBPROCESS]    C86;CTX_L10_2,CTX_L30_17;FILL_L8_59;0.004;
[2026-09-23 06:31:37,484] [SUBPROCESS]    C87;CTX_L10_2,CTX_L30_17;FILL_L8_60;0.004;
[2026-09-23 06:31:37,485] [SUBPROCESS]    C88;CTX_L10_2,CTX_L30_17;FILL_L8_61;0.033;
[2026-09-23 06:31:37,486] [SUBPROCESS]    C89;CTX_L10_2,CTX_L30_17;FILL_L8_62;0.0;
[2026-09-23 06:31:37,487] [SUBPROCESS]    C90;CTX_L10_2,CTX_L30_17;VSUBS;0.307;
[2026-09-23 06:31:37,488] [SUBPROCESS]    C91;CTX_L126_0,CTX_L134_0;CTX_L134_1;0.605;
[2026-09-23 06:31:37,489] [SUBPROCESS]    C92;CTX_L126_0,CTX_L134_0;CTX_L30_0;0.082;
[2026-09-23 06:31:37,490] [SUBPROCESS]    C93;CTX_L126_0,CTX_L134_0;CTX_L30_1;0.029;
[2026-09-23 06:31:37,491] [SUBPROCESS]    C94;CTX_L126_0,CTX_L134_0;CTX_L30_10;0.002;
[2026-09-23 06:31:37,493] [SUBPROCESS]    C95;CTX_L126_0,CTX_L134_0;CTX_L30_11;0.001;
[2026-09-23 06:31:37,494] [SUBPROCESS]    C96;CTX_L126_0,CTX_L134_0;CTX_L30_12;0.001;
[2026-09-23 06:31:37,495] [SUBPROCESS]    C97;CTX_L126_0,CTX_L134_0;CTX_L30_2;0.002;
[2026-09-23 06:31:37,496] [SUBPROCESS]    C98;CTX_L126_0,CTX_L134_0;CTX_L30_5;0.012;
[2026-09-23 06:31:37,497] [SUBPROCESS]    C99;CTX_L126_0,CTX_L134_0;CTX_L30_7;0.003;
[2026-09-23 06:31:37,498] [SUBPROCESS]    C100;CTX_L126_0,CTX_L134_0;CTX_L30_8;0.005;
[2026-09-23 06:31:37,499] [SUBPROCESS]    C101;CTX_L126_0,CTX_L134_0;CTX_L30_9;0.002;
[2026-09-23 06:31:37,500] [SUBPROCESS]    C102;CTX_L126_0,CTX_L134_0;CTX_L67_2;0.219;
[2026-09-23 06:31:37,501] [SUBPROCESS]    C103;CTX_L126_0,CTX_L134_0;CTX_L67_3;0.069;
[2026-09-23 06:31:37,502] [SUBPROCESS]    C104;CTX_L126_0,CTX_L134_0;CTX_L67_4;0.035;
[2026-09-23 06:31:37,503] [SUBPROCESS]    C105;CTX_L126_0,CTX_L134_0;CTX_L67_5;0.027;
[2026-09-23 06:31:37,504] [SUBPROCESS]    C106;CTX_L126_0,CTX_L134_0;CTX_L67_6;0.016;
[2026-09-23 06:31:37,505] [SUBPROCESS]    C107;CTX_L126_0,CTX_L134_0;CTX_L67_7;0.011;
[2026-09-23 06:31:37,506] [SUBPROCESS]    C108;CTX_L126_0,CTX_L134_0;CTX_L8_0;0.023;
[2026-09-23 06:31:37,507] [SUBPROCESS]    C109;CTX_L126_0,CTX_L134_0;FILL_L10_10;0.017;
[2026-09-23 06:31:37,508] [SUBPROCESS]    C110;CTX_L126_0,CTX_L134_0;FILL_L10_11;0.063;
[2026-09-23 06:31:37,509] [SUBPROCESS]    C111;CTX_L126_0,CTX_L134_0;FILL_L10_12;0.056;
[2026-09-23 06:31:37,511] [SUBPROCESS]    C112;CTX_L126_0,CTX_L134_0;FILL_L10_13;0.069;
[2026-09-23 06:31:37,512] [SUBPROCESS]    C113;CTX_L126_0,CTX_L134_0;FILL_L10_14;0.036;
[2026-09-23 06:31:37,513] [SUBPROCESS]    C114;CTX_L126_0,CTX_L134_0;FILL_L10_15;0.085;
[2026-09-23 06:31:37,514] [SUBPROCESS]    C115;CTX_L126_0,CTX_L134_0;FILL_L10_16;0.083;
[2026-09-23 06:31:37,515] [SUBPROCESS]    C116;CTX_L126_0,CTX_L134_0;FILL_L10_17;0.057;
[2026-09-23 06:31:37,516] [SUBPROCESS]    C117;CTX_L126_0,CTX_L134_0;FILL_L10_18;0.052;
[2026-09-23 06:31:37,517] [SUBPROCESS]    C118;CTX_L126_0,CTX_L134_0;FILL_L10_19;0.034;
[2026-09-23 06:31:37,518] [SUBPROCESS]    C119;CTX_L126_0,CTX_L134_0;FILL_L10_20;0.079;
[2026-09-23 06:31:37,519] [SUBPROCESS]    C120;CTX_L126_0,CTX_L134_0;FILL_L10_21;0.036;
[2026-09-23 06:31:37,520] [SUBPROCESS]    C121;CTX_L126_0,CTX_L134_0;FILL_L10_22;0.003;
[2026-09-23 06:31:37,521] [SUBPROCESS]    C122;CTX_L126_0,CTX_L134_0;FILL_L10_23;0.009;
[2026-09-23 06:31:37,523] [SUBPROCESS]    C123;CTX_L126_0,CTX_L134_0;FILL_L10_24;0.012;
[2026-09-23 06:31:37,524] [SUBPROCESS]    C124;CTX_L126_0,CTX_L134_0;FILL_L10_25;0.056;
[2026-09-23 06:31:37,525] [SUBPROCESS]    C125;CTX_L126_0,CTX_L134_0;FILL_L10_26;0.024;
[2026-09-23 06:31:37,526] [SUBPROCESS]    C126;CTX_L126_0,CTX_L134_0;FILL_L10_30;0.05;
[2026-09-23 06:31:37,527] [SUBPROCESS]    C127;CTX_L126_0,CTX_L134_0;FILL_L10_31;0.006;
[2026-09-23 06:31:37,528] [SUBPROCESS]    C128;CTX_L126_0,CTX_L134_0;FILL_L10_35;0.008;
[2026-09-23 06:31:37,529] [SUBPROCESS]    C129;CTX_L126_0,CTX_L134_0;FILL_L10_36;0.002;
[2026-09-23 06:31:37,530] [SUBPROCESS]    C130;CTX_L126_0,CTX_L134_0;FILL_L10_6;0.007;
[2026-09-23 06:31:37,531] [SUBPROCESS]    C131;CTX_L126_0,CTX_L134_0;FILL_L10_7;0.019;
[2026-09-23 06:31:37,532] [SUBPROCESS]    C132;CTX_L126_0,CTX_L134_0;FILL_L10_8;0.013;
[2026-09-23 06:31:37,533] [SUBPROCESS]    C133;CTX_L126_0,CTX_L134_0;FILL_L10_9;0.014;
[2026-09-23 06:31:37,534] [SUBPROCESS]    C134;CTX_L126_0,CTX_L134_0;FILL_L126_1;0.121;
[2026-09-23 06:31:37,535] [SUBPROCESS]    C135;CTX_L126_0,CTX_L134_0;FILL_L126_2;0.121;
[2026-09-23 06:31:37,536] [SUBPROCESS]    C136;CTX_L126_0,CTX_L134_0;FILL_L126_3;0.002;
[2026-09-23 06:31:37,537] [SUBPROCESS]    C137;CTX_L126_0,CTX_L134_0;FILL_L126_4;0.19;
[2026-09-23 06:31:37,538] [SUBPROCESS]    C138;CTX_L126_0,CTX_L134_0;FILL_L126_5;0.002;
[2026-09-23 06:31:37,539] [SUBPROCESS]    C139;CTX_L126_0,CTX_L134_0;FILL_L126_6;0.006;
[2026-09-23 06:31:37,540] [SUBPROCESS]    C140;CTX_L126_0,CTX_L134_0;FILL_L126_7;0.02;
[2026-09-23 06:31:37,541] [SUBPROCESS]    C141;CTX_L126_0,CTX_L134_0;FILL_L134_1;0.019;
[2026-09-23 06:31:37,542] [SUBPROCESS]    C142;CTX_L126_0,CTX_L134_0;FILL_L134_2;0.019;
[2026-09-23 06:31:37,543] [SUBPROCESS]    C143;CTX_L126_0,CTX_L134_0;FILL_L134_3;0.0;
[2026-09-23 06:31:37,544] [SUBPROCESS]    C144;CTX_L126_0,CTX_L134_0;FILL_L30_10;0.03;
[2026-09-23 06:31:37,545] [SUBPROCESS]    C145;CTX_L126_0,CTX_L134_0;FILL_L30_11;0.024;
[2026-09-23 06:31:37,547] [SUBPROCESS]    C146;CTX_L126_0,CTX_L134_0;FILL_L30_12;0.005;
[2026-09-23 06:31:37,548] [SUBPROCESS]    C147;CTX_L126_0,CTX_L134_0;FILL_L30_13;0.013;
[2026-09-23 06:31:37,549] [SUBPROCESS]    C148;CTX_L126_0,CTX_L134_0;FILL_L30_19;0.007;
[2026-09-23 06:31:37,550] [SUBPROCESS]    C149;CTX_L126_0,CTX_L134_0;FILL_L30_20;0.012;
[2026-09-23 06:31:37,551] [SUBPROCESS]    C150;CTX_L126_0,CTX_L134_0;FILL_L30_9;0.037;
[2026-09-23 06:31:37,552] [SUBPROCESS]    C151;CTX_L126_0,CTX_L134_0;FILL_L50_10;0.338;
[2026-09-23 06:31:37,553] [SUBPROCESS]    C152;CTX_L126_0,CTX_L134_0;FILL_L50_11;0.307;
[2026-09-23 06:31:37,554] [SUBPROCESS]    C153;CTX_L126_0,CTX_L134_0;FILL_L50_12;0.094;
[2026-09-23 06:31:37,555] [SUBPROCESS]    C154;CTX_L126_0,CTX_L134_0;FILL_L50_13;0.432;
[2026-09-23 06:31:37,556] [SUBPROCESS]    C155;CTX_L126_0,CTX_L134_0;FILL_L50_14;0.087;
[2026-09-23 06:31:37,557] [SUBPROCESS]    C156;CTX_L126_0,CTX_L134_0;FILL_L50_15;0.043;
[2026-09-23 06:31:37,558] [SUBPROCESS]    C157;CTX_L126_0,CTX_L134_0;FILL_L50_16;0.116;
[2026-09-23 06:31:37,559] [SUBPROCESS]    C158;CTX_L126_0,CTX_L134_0;FILL_L50_17;0.359;
[2026-09-23 06:31:37,560] [SUBPROCESS]    C159;CTX_L126_0,CTX_L134_0;FILL_L50_18;0.064;
[2026-09-23 06:31:37,561] [SUBPROCESS]    C160;CTX_L126_0,CTX_L134_0;FILL_L50_20;0.019;
[2026-09-23 06:31:37,562] [SUBPROCESS]    C161;CTX_L126_0,CTX_L134_0;FILL_L50_21;0.07;
[2026-09-23 06:31:37,563] [SUBPROCESS]    C162;CTX_L126_0,CTX_L134_0;FILL_L50_25;0.0;
[2026-09-23 06:31:37,564] [SUBPROCESS]    C163;CTX_L126_0,CTX_L134_0;FILL_L50_5;0.085;
[2026-09-23 06:31:37,565] [SUBPROCESS]    C164;CTX_L126_0,CTX_L134_0;FILL_L50_6;0.085;
[2026-09-23 06:31:37,566] [SUBPROCESS]    C165;CTX_L126_0,CTX_L134_0;FILL_L50_7;0.085;
[2026-09-23 06:31:37,568] [SUBPROCESS]    C166;CTX_L126_0,CTX_L134_0;FILL_L50_8;0.028;
[2026-09-23 06:31:37,569] [SUBPROCESS]    C167;CTX_L126_0,CTX_L134_0;FILL_L50_9;0.433;
[2026-09-23 06:31:37,570] [SUBPROCESS]    C168;CTX_L126_0,CTX_L134_0;FILL_L8_11;0.002;
[2026-09-23 06:31:37,571] [SUBPROCESS]    C169;CTX_L126_0,CTX_L134_0;FILL_L8_12;0.002;
[2026-09-23 06:31:37,572] [SUBPROCESS]    C170;CTX_L126_0,CTX_L134_0;FILL_L8_13;0.003;
[2026-09-23 06:31:37,573] [SUBPROCESS]    C171;CTX_L126_0,CTX_L134_0;FILL_L8_14;0.002;
[2026-09-23 06:31:37,574] [SUBPROCESS]    C172;CTX_L126_0,CTX_L134_0;FILL_L8_15;0.001;
[2026-09-23 06:31:37,575] [SUBPROCESS]    C173;CTX_L126_0,CTX_L134_0;FILL_L8_16;0.001;
[2026-09-23 06:31:37,576] [SUBPROCESS]    C174;CTX_L126_0,CTX_L134_0;FILL_L8_17;0.001;
[2026-09-23 06:31:37,577] [SUBPROCESS]    C175;CTX_L126_0,CTX_L134_0;FILL_L8_20;0.002;
[2026-09-23 06:31:37,579] [SUBPROCESS]    C176;CTX_L126_0,CTX_L134_0;FILL_L8_22;0.002;
[2026-09-23 06:31:37,580] [SUBPROCESS]    C177;CTX_L126_0,CTX_L134_0;FILL_L8_23;0.002;
[2026-09-23 06:31:37,581] [SUBPROCESS]    C178;CTX_L126_0,CTX_L134_0;FILL_L8_24;0.001;
[2026-09-23 06:31:37,582] [SUBPROCESS]    C179;CTX_L126_0,CTX_L134_0;FILL_L8_31;0.004;
[2026-09-23 06:31:37,583] [SUBPROCESS]    C180;CTX_L126_0,CTX_L134_0;FILL_L8_32;0.002;
[2026-09-23 06:31:37,584] [SUBPROCESS]    C181;CTX_L126_0,CTX_L134_0;FILL_L8_36;0.0;
[2026-09-23 06:31:37,585] [SUBPROCESS]    C182;CTX_L126_0,CTX_L134_0;N;0.157;
[2026-09-23 06:31:37,586] [SUBPROCESS]    C183;CTX_L126_0,CTX_L134_0;P;0.178;
[2026-09-23 06:31:37,587] [SUBPROCESS]    C184;CTX_L126_0,CTX_L134_0;VSUBS;1.442;
[2026-09-23 06:31:37,588] [SUBPROCESS]    C185;CTX_L134_1;CTX_L134_2;0.608;
[2026-09-23 06:31:37,589] [SUBPROCESS]    C186;CTX_L134_1;CTX_L30_0;0.035;
[2026-09-23 06:31:37,590] [SUBPROCESS]    C187;CTX_L134_1;CTX_L30_1;0.002;
[2026-09-23 06:31:37,591] [SUBPROCESS]    C188;CTX_L134_1;CTX_L30_10;0.015;
[2026-09-23 06:31:37,592] [SUBPROCESS]    C189;CTX_L134_1;CTX_L30_11;0.015;
[2026-09-23 06:31:37,593] [SUBPROCESS]    C190;CTX_L134_1;CTX_L30_12;0.008;
[2026-09-23 06:31:37,594] [SUBPROCESS]    C191;CTX_L134_1;CTX_L30_13;0.004;
[2026-09-23 06:31:37,595] [SUBPROCESS]    C192;CTX_L134_1;CTX_L30_14;0.011;
[2026-09-23 06:31:37,596] [SUBPROCESS]    C193;CTX_L134_1;CTX_L30_2;0.0;
[2026-09-23 06:31:37,597] [SUBPROCESS]    C194;CTX_L134_1;CTX_L30_3;0.001;
[2026-09-23 06:31:37,598] [SUBPROCESS]    C195;CTX_L134_1;CTX_L30_4;0.002;
[2026-09-23 06:31:37,599] [SUBPROCESS]    C196;CTX_L134_1;CTX_L30_5;0.022;
[2026-09-23 06:31:37,600] [SUBPROCESS]    C197;CTX_L134_1;CTX_L30_6;0.006;
[2026-09-23 06:31:37,601] [SUBPROCESS]    C198;CTX_L134_1;CTX_L30_7;0.016;
[2026-09-23 06:31:37,602] [SUBPROCESS]    C199;CTX_L134_1;CTX_L30_8;0.035;
[2026-09-23 06:31:37,603] [SUBPROCESS]    C200;CTX_L134_1;CTX_L30_9;0.023;
[2026-09-23 06:31:37,604] [SUBPROCESS]    C201;CTX_L134_1;CTX_L67_2;0.03;
[2026-09-23 06:31:37,605] [SUBPROCESS]    C202;CTX_L134_1;CTX_L67_3;0.022;
[2026-09-23 06:31:37,606] [SUBPROCESS]    C203;CTX_L134_1;CTX_L67_4;0.024;
[2026-09-23 06:31:37,607] [SUBPROCESS]    C204;CTX_L134_1;CTX_L67_5;0.029;
[2026-09-23 06:31:37,608] [SUBPROCESS]    C205;CTX_L134_1;CTX_L67_6;0.035;
[2026-09-23 06:31:37,609] [SUBPROCESS]    C206;CTX_L134_1;CTX_L67_7;0.074;
[2026-09-23 06:31:37,610] [SUBPROCESS]    C207;CTX_L134_1;CTX_L8_0;0.01;
[2026-09-23 06:31:37,611] [SUBPROCESS]    C208;CTX_L134_1;CTX_L8_1;0.001;
[2026-09-23 06:31:37,612] [SUBPROCESS]    C209;CTX_L134_1;FILL_L10_12;0.02;
[2026-09-23 06:31:37,613] [SUBPROCESS]    C210;CTX_L134_1;FILL_L10_13;0.03;
[2026-09-23 06:31:37,614] [SUBPROCESS]    C211;CTX_L134_1;FILL_L10_14;0.013;
[2026-09-23 06:31:37,615] [SUBPROCESS]    C212;CTX_L134_1;FILL_L10_16;0.01;
[2026-09-23 06:31:37,616] [SUBPROCESS]    C213;CTX_L134_1;FILL_L10_17;0.026;
[2026-09-23 06:31:37,617] [SUBPROCESS]    C214;CTX_L134_1;FILL_L10_18;0.053;
[2026-09-23 06:31:37,618] [SUBPROCESS]    C215;CTX_L134_1;FILL_L10_19;0.026;
[2026-09-23 06:31:37,619] [SUBPROCESS]    C216;CTX_L134_1;FILL_L10_21;0.011;
[2026-09-23 06:31:37,620] [SUBPROCESS]    C217;CTX_L134_1;FILL_L10_22;0.009;
[2026-09-23 06:31:37,621] [SUBPROCESS]    C218;CTX_L134_1;FILL_L10_23;0.033;
[2026-09-23 06:31:37,622] [SUBPROCESS]    C219;CTX_L134_1;FILL_L10_24;0.039;
[2026-09-23 06:31:37,623] [SUBPROCESS]    C220;CTX_L134_1;FILL_L10_26;0.009;
[2026-09-23 06:31:37,624] [SUBPROCESS]    C221;CTX_L134_1;FILL_L10_27;0.002;
[2026-09-23 06:31:37,625] [SUBPROCESS]    C222;CTX_L134_1;FILL_L10_29;0.043;
[2026-09-23 06:31:37,626] [SUBPROCESS]    C223;CTX_L134_1;FILL_L10_30;0.021;
[2026-09-23 06:31:37,628] [SUBPROCESS]    C224;CTX_L134_1;FILL_L10_31;0.026;
[2026-09-23 06:31:37,629] [SUBPROCESS]    C225;CTX_L134_1;FILL_L10_32;0.014;
[2026-09-23 06:31:37,630] [SUBPROCESS]    C226;CTX_L134_1;FILL_L10_33;0.009;
[2026-09-23 06:31:37,631] [SUBPROCESS]    C227;CTX_L134_1;FILL_L10_34;0.021;
[2026-09-23 06:31:37,632] [SUBPROCESS]    C228;CTX_L134_1;FILL_L10_35;0.019;
[2026-09-23 06:31:37,633] [SUBPROCESS]    C229;CTX_L134_1;FILL_L10_36;0.013;
[2026-09-23 06:31:37,634] [SUBPROCESS]    C230;CTX_L134_1;FILL_L10_37;0.022;
[2026-09-23 06:31:37,635] [SUBPROCESS]    C231;CTX_L134_1;FILL_L10_38;0.019;
[2026-09-23 06:31:37,636] [SUBPROCESS]    C232;CTX_L134_1;FILL_L10_39;0.017;
[2026-09-23 06:31:37,637] [SUBPROCESS]    C233;CTX_L134_1;FILL_L126_4;1.015;
[2026-09-23 06:31:37,638] [SUBPROCESS]    C234;CTX_L134_1;FILL_L126_5;0.055;
[2026-09-23 06:31:37,639] [SUBPROCESS]    C235;CTX_L134_1;FILL_L126_6;0.076;
[2026-09-23 06:31:37,640] [SUBPROCESS]    C236;CTX_L134_1;FILL_L126_7;0.344;
[2026-09-23 06:31:37,641] [SUBPROCESS]    C237;CTX_L134_1;FILL_L126_8;0.271;
[2026-09-23 06:31:37,642] [SUBPROCESS]    C238;CTX_L134_1;FILL_L126_9;0.002;
[2026-09-23 06:31:37,643] [SUBPROCESS]    C239;CTX_L134_1;FILL_L30_10;0.008;
[2026-09-23 06:31:37,644] [SUBPROCESS]    C240;CTX_L134_1;FILL_L30_11;0.006;
[2026-09-23 06:31:37,645] [SUBPROCESS]    C241;CTX_L134_1;FILL_L30_16;0.005;
[2026-09-23 06:31:37,646] [SUBPROCESS]    C242;CTX_L134_1;FILL_L30_17;0.004;
[2026-09-23 06:31:37,647] [SUBPROCESS]    C243;CTX_L134_1;FILL_L30_18;0.003;
[2026-09-23 06:31:37,648] [SUBPROCESS]    C244;CTX_L134_1;FILL_L50_10;0.043;
[2026-09-23 06:31:37,649] [SUBPROCESS]    C245;CTX_L134_1;FILL_L50_11;0.049;
[2026-09-23 06:31:37,650] [SUBPROCESS]    C246;CTX_L134_1;FILL_L50_13;0.034;
[2026-09-23 06:31:37,651] [SUBPROCESS]    C247;CTX_L134_1;FILL_L50_14;0.114;
[2026-09-23 06:31:37,652] [SUBPROCESS]    C248;CTX_L134_1;FILL_L50_15;0.162;
[2026-09-23 06:31:37,653] [SUBPROCESS]    C249;CTX_L134_1;FILL_L50_16;0.001;
[2026-09-23 06:31:37,654] [SUBPROCESS]    C250;CTX_L134_1;FILL_L50_17;0.043;
[2026-09-23 06:31:37,655] [SUBPROCESS]    C251;CTX_L134_1;FILL_L50_18;0.089;
[2026-09-23 06:31:37,656] [SUBPROCESS]    C252;CTX_L134_1;FILL_L50_19;0.091;
[2026-09-23 06:31:37,657] [SUBPROCESS]    C253;CTX_L134_1;FILL_L50_20;0.016;
[2026-09-23 06:31:37,658] [SUBPROCESS]    C254;CTX_L134_1;FILL_L50_21;0.128;
[2026-09-23 06:31:37,659] [SUBPROCESS]    C255;CTX_L134_1;FILL_L50_22;0.156;
[2026-09-23 06:31:37,660] [SUBPROCESS]    C256;CTX_L134_1;FILL_L50_23;0.122;
[2026-09-23 06:31:37,661] [SUBPROCESS]    C257;CTX_L134_1;FILL_L50_24;0.004;
[2026-09-23 06:31:37,662] [SUBPROCESS]    C258;CTX_L134_1;FILL_L50_25;0.027;
[2026-09-23 06:31:37,663] [SUBPROCESS]    C259;CTX_L134_1;FILL_L50_26;0.072;
[2026-09-23 06:31:37,664] [SUBPROCESS]    C260;CTX_L134_1;FILL_L50_27;0.027;
[2026-09-23 06:31:37,665] [SUBPROCESS]    C261;CTX_L134_1;FILL_L50_6;0.021;
[2026-09-23 06:31:37,666] [SUBPROCESS]    C262;CTX_L134_1;FILL_L50_7;0.014;
[2026-09-23 06:31:37,667] [SUBPROCESS]    C263;CTX_L134_1;FILL_L8_12;0.0;
[2026-09-23 06:31:37,668] [SUBPROCESS]    C264;CTX_L134_1;FILL_L8_13;0.0;
[2026-09-23 06:31:37,669] [SUBPROCESS]    C265;CTX_L134_1;FILL_L8_14;0.0;
[2026-09-23 06:31:37,670] [SUBPROCESS]    C266;CTX_L134_1;FILL_L8_19;0.0;
[2026-09-23 06:31:37,671] [SUBPROCESS]    C267;CTX_L134_1;FILL_L8_20;0.001;
[2026-09-23 06:31:37,672] [SUBPROCESS]    C268;CTX_L134_1;FILL_L8_21;0.0;
[2026-09-23 06:31:37,673] [SUBPROCESS]    C269;CTX_L134_1;FILL_L8_22;0.001;
[2026-09-23 06:31:37,674] [SUBPROCESS]    C270;CTX_L134_1;FILL_L8_27;0.0;
[2026-09-23 06:31:37,675] [SUBPROCESS]    C271;CTX_L134_1;FILL_L8_33;0.001;
[2026-09-23 06:31:37,676] [SUBPROCESS]    C272;CTX_L134_1;FILL_L8_38;0.0;
[2026-09-23 06:31:37,677] [SUBPROCESS]    C273;CTX_L134_1;FILL_L8_39;0.001;
[2026-09-23 06:31:37,678] [SUBPROCESS]    C274;CTX_L134_1;FILL_L8_40;0.001;
[2026-09-23 06:31:37,679] [SUBPROCESS]    C275;CTX_L134_1;FILL_L8_41;0.001;
[2026-09-23 06:31:37,680] [SUBPROCESS]    C276;CTX_L134_1;FILL_L8_42;0.001;
[2026-09-23 06:31:37,681] [SUBPROCESS]    C277;CTX_L134_1;FILL_L8_43;0.001;
[2026-09-23 06:31:37,682] [SUBPROCESS]    C278;CTX_L134_1;FILL_L8_44;0.0;
[2026-09-23 06:31:37,683] [SUBPROCESS]    C279;CTX_L134_1;N;0.079;
[2026-09-23 06:31:37,685] [SUBPROCESS]    C280;CTX_L134_1;P;0.028;
[2026-09-23 06:31:37,686] [SUBPROCESS]    C281;CTX_L134_1;VSUBS;0.743;
[2026-09-23 06:31:37,687] [SUBPROCESS]    C282;CTX_L134_2;CTX_L30_10;0.003;
[2026-09-23 06:31:37,688] [SUBPROCESS]    C283;CTX_L134_2;CTX_L30_11;0.003;
[2026-09-23 06:31:37,689] [SUBPROCESS]    C284;CTX_L134_2;CTX_L30_12;0.001;
[2026-09-23 06:31:37,690] [SUBPROCESS]    C285;CTX_L134_2;CTX_L30_13;0.003;
[2026-09-23 06:31:37,691] [SUBPROCESS]    C286;CTX_L134_2;CTX_L30_14;0.105;
[2026-09-23 06:31:37,692] [SUBPROCESS]    C287;CTX_L134_2;CTX_L30_18;0.021;
[2026-09-23 06:31:37,694] [SUBPROCESS]    C288;CTX_L134_2;CTX_L30_7;0.001;
[2026-09-23 06:31:37,695] [SUBPROCESS]    C289;CTX_L134_2;CTX_L30_8;0.005;
[2026-09-23 06:31:37,696] [SUBPROCESS]    C290;CTX_L134_2;CTX_L30_9;0.004;
[2026-09-23 06:31:37,697] [SUBPROCESS]    C291;CTX_L134_2;FILL_L10_33;0.002;
[2026-09-23 06:31:37,698] [SUBPROCESS]    C292;CTX_L134_2;FILL_L10_34;0.002;
[2026-09-23 06:31:37,699] [SUBPROCESS]    C293;CTX_L134_2;FILL_L10_35;0.005;
[2026-09-23 06:31:37,700] [SUBPROCESS]    C294;CTX_L134_2;FILL_L10_38;0.008;
[2026-09-23 06:31:37,702] [SUBPROCESS]    C295;CTX_L134_2;FILL_L10_39;0.011;
[2026-09-23 06:31:37,703] [SUBPROCESS]    C296;CTX_L134_2;FILL_L10_40;0.003;
[2026-09-23 06:31:37,704] [SUBPROCESS]    C297;CTX_L134_2;FILL_L10_44;0.003;
[2026-09-23 06:31:37,716] [SUBPROCESS]    C298;CTX_L134_2;FILL_L10_45;0.003;
[2026-09-23 06:31:37,717] [SUBPROCESS]    C299;CTX_L134_2;FILL_L10_47;0.002;
[2026-09-23 06:31:37,718] [SUBPROCESS]    C300;CTX_L134_2;FILL_L10_48;0.002;
[2026-09-23 06:31:37,719] [SUBPROCESS]    C301;CTX_L134_2;FILL_L10_50;0.001;
[2026-09-23 06:31:37,720] [SUBPROCESS]    C302;CTX_L134_2;FILL_L126_6;0.104;
[2026-09-23 06:31:37,721] [SUBPROCESS]    C303;CTX_L134_2;FILL_L126_7;0.492;
[2026-09-23 06:31:37,723] [SUBPROCESS]    C304;CTX_L134_2;FILL_L126_8;0.518;
[2026-09-23 06:31:37,724] [SUBPROCESS]    C305;CTX_L134_2;FILL_L126_9;0.052;
[2026-09-23 06:31:37,725] [SUBPROCESS]    C306;CTX_L134_2;FILL_L50_23;0.029;
[2026-09-23 06:31:37,726] [SUBPROCESS]    C307;CTX_L134_2;FILL_L50_24;0.001;
[2026-09-23 06:31:37,727] [SUBPROCESS]    C308;CTX_L134_2;FILL_L50_25;0.022;
[2026-09-23 06:31:37,728] [SUBPROCESS]    C309;CTX_L134_2;FILL_L50_26;0.065;
[2026-09-23 06:31:37,729] [SUBPROCESS]    C310;CTX_L134_2;FILL_L50_27;0.047;
[2026-09-23 06:31:37,730] [SUBPROCESS]    C311;CTX_L134_2;FILL_L50_28;0.006;
[2026-09-23 06:31:37,731] [SUBPROCESS]    C312;CTX_L134_2;FILL_L50_29;0.042;
[2026-09-23 06:31:37,732] [SUBPROCESS]    C313;CTX_L134_2;FILL_L50_30;0.079;
[2026-09-23 06:31:37,734] [SUBPROCESS]    C314;CTX_L134_2;FILL_L50_31;0.059;
[2026-09-23 06:31:37,735] [SUBPROCESS]    C315;CTX_L134_2;FILL_L8_55;0.001;
[2026-09-23 06:31:37,736] [SUBPROCESS]    C316;CTX_L134_2;VSUBS;0.497;
[2026-09-23 06:31:37,737] [SUBPROCESS]    C317;CTX_L30_0;CTX_L30_1;0.095;
[2026-09-23 06:31:37,738] [SUBPROCESS]    C318;CTX_L30_0;CTX_L8_0;0.01;
[2026-09-23 06:31:37,739] [SUBPROCESS]    C319;CTX_L30_0;FILL_L10_15;0.003;
[2026-09-23 06:31:37,740] [SUBPROCESS]    C320;CTX_L30_0;FILL_L10_16;0.004;
[2026-09-23 06:31:37,742] [SUBPROCESS]    C321;CTX_L30_0;FILL_L10_17;0.003;
[2026-09-23 06:31:37,743] [SUBPROCESS]    C322;CTX_L30_0;FILL_L10_18;0.004;
[2026-09-23 06:31:37,744] [SUBPROCESS]    C323;CTX_L30_0;FILL_L10_19;0.003;
[2026-09-23 06:31:37,745] [SUBPROCESS]    C324;CTX_L30_0;FILL_L10_20;0.16;
[2026-09-23 06:31:37,746] [SUBPROCESS]    C325;CTX_L30_0;FILL_L10_21;0.246;
[2026-09-23 06:31:37,747] [SUBPROCESS]    C326;CTX_L30_0;FILL_L10_22;0.246;
[2026-09-23 06:31:37,749] [SUBPROCESS]    C327;CTX_L30_0;FILL_L10_23;0.246;
[2026-09-23 06:31:37,750] [SUBPROCESS]    C328;CTX_L30_0;FILL_L10_24;0.086;
[2026-09-23 06:31:37,751] [SUBPROCESS]    C329;CTX_L30_0;FILL_L10_25;0.014;
[2026-09-23 06:31:37,752] [SUBPROCESS]    C330;CTX_L30_0;FILL_L10_26;0.023;
[2026-09-23 06:31:37,753] [SUBPROCESS]    C331;CTX_L30_0;FILL_L10_27;0.018;
[2026-09-23 06:31:37,755] [SUBPROCESS]    C332;CTX_L30_0;FILL_L10_28;0.023;
[2026-09-23 06:31:37,756] [SUBPROCESS]    C333;CTX_L30_0;FILL_L10_29;0.011;
[2026-09-23 06:31:37,757] [SUBPROCESS]    C334;CTX_L30_0;FILL_L126_4;0.072;
[2026-09-23 06:31:37,758] [SUBPROCESS]    C335;CTX_L30_0;FILL_L126_5;0.007;
[2026-09-23 06:31:37,759] [SUBPROCESS]    C336;CTX_L30_0;FILL_L30_10;0.012;
[2026-09-23 06:31:37,760] [SUBPROCESS]    C337;CTX_L30_0;FILL_L30_11;0.012;
[2026-09-23 06:31:37,761] [SUBPROCESS]    C338;CTX_L30_0;FILL_L30_12;0.01;
[2026-09-23 06:31:37,763] [SUBPROCESS]    C339;CTX_L30_0;FILL_L30_13;0.012;
[2026-09-23 06:31:37,764] [SUBPROCESS]    C340;CTX_L30_0;FILL_L30_14;0.012;
[2026-09-23 06:31:37,765] [SUBPROCESS]    C341;CTX_L30_0;FILL_L30_15;0.012;
[2026-09-23 06:31:37,766] [SUBPROCESS]    C342;CTX_L30_0;FILL_L30_16;0.012;
[2026-09-23 06:31:37,767] [SUBPROCESS]    C343;CTX_L30_0;FILL_L30_17;0.012;
[2026-09-23 06:31:37,768] [SUBPROCESS]    C344;CTX_L30_0;FILL_L30_18;0.012;
[2026-09-23 06:31:37,770] [SUBPROCESS]    C345;CTX_L30_0;FILL_L30_19;0.018;
[2026-09-23 06:31:37,771] [SUBPROCESS]    C346;CTX_L30_0;FILL_L30_20;0.023;
[2026-09-23 06:31:37,772] [SUBPROCESS]    C347;CTX_L30_0;FILL_L30_21;0.023;
[2026-09-23 06:31:37,773] [SUBPROCESS]    C348;CTX_L30_0;FILL_L30_22;0.023;
[2026-09-23 06:31:37,774] [SUBPROCESS]    C349;CTX_L30_0;FILL_L30_23;0.023;
[2026-09-23 06:31:37,775] [SUBPROCESS]    C350;CTX_L30_0;FILL_L30_24;0.023;
[2026-09-23 06:31:37,776] [SUBPROCESS]    C351;CTX_L30_0;FILL_L30_25;0.023;
[2026-09-23 06:31:37,778] [SUBPROCESS]    C352;CTX_L30_0;FILL_L30_9;0.012;
[2026-09-23 06:31:37,779] [SUBPROCESS]    C353;CTX_L30_0;FILL_L50_12;0.033;
[2026-09-23 06:31:37,780] [SUBPROCESS]    C354;CTX_L30_0;FILL_L50_13;0.167;
[2026-09-23 06:31:37,781] [SUBPROCESS]    C355;CTX_L30_0;FILL_L50_14;0.167;
[2026-09-23 06:31:37,782] [SUBPROCESS]    C356;CTX_L30_0;FILL_L50_15;0.167;
[2026-09-23 06:31:37,783] [SUBPROCESS]    C357;CTX_L30_0;FILL_L50_16;0.001;
[2026-09-23 06:31:37,785] [SUBPROCESS]    C358;CTX_L30_0;FILL_L50_17;0.02;
[2026-09-23 06:31:37,786] [SUBPROCESS]    C359;CTX_L30_0;FILL_L50_18;0.02;
[2026-09-23 06:31:37,787] [SUBPROCESS]    C360;CTX_L30_0;FILL_L50_19;0.02;
[2026-09-23 06:31:37,788] [SUBPROCESS]    C361;CTX_L30_0;FILL_L8_23;0.002;
[2026-09-23 06:31:37,789] [SUBPROCESS]    C362;CTX_L30_0;FILL_L8_24;0.002;
[2026-09-23 06:31:37,790] [SUBPROCESS]    C363;CTX_L30_0;FILL_L8_25;0.002;
[2026-09-23 06:31:37,791] [SUBPROCESS]    C364;CTX_L30_0;FILL_L8_26;0.002;
[2026-09-23 06:31:37,793] [SUBPROCESS]    C365;CTX_L30_0;FILL_L8_27;0.002;
[2026-09-23 06:31:37,794] [SUBPROCESS]    C366;CTX_L30_0;FILL_L8_28;0.002;
[2026-09-23 06:31:37,795] [SUBPROCESS]    C367;CTX_L30_0;FILL_L8_29;0.002;
[2026-09-23 06:31:37,796] [SUBPROCESS]    C368;CTX_L30_0;FILL_L8_30;0.002;
[2026-09-23 06:31:37,797] [SUBPROCESS]    C369;CTX_L30_0;N;0.085;
[2026-09-23 06:31:37,798] [SUBPROCESS]    C370;CTX_L30_0;P;0.031;
[2026-09-23 06:31:37,800] [SUBPROCESS]    C371;CTX_L30_0;VSUBS;0.484;
[2026-09-23 06:31:37,801] [SUBPROCESS]    C372;CTX_L30_1;CTX_L30_2;4.306;
[2026-09-23 06:31:37,802] [SUBPROCESS]    C373;CTX_L30_1;CTX_L67_2;0.033;
[2026-09-23 06:31:37,803] [SUBPROCESS]    C374;CTX_L30_1;FILL_L10_20;0.0;
[2026-09-23 06:31:37,804] [SUBPROCESS]    C375;CTX_L30_1;FILL_L10_21;0.0;
[2026-09-23 06:31:37,805] [SUBPROCESS]    C376;CTX_L30_1;FILL_L10_22;0.0;
[2026-09-23 06:31:37,807] [SUBPROCESS]    C377;CTX_L30_1;FILL_L10_23;0.0;
[2026-09-23 06:31:37,808] [SUBPROCESS]    C378;CTX_L30_1;FILL_L10_24;0.0;
[2026-09-23 06:31:37,809] [SUBPROCESS]    C379;CTX_L30_1;FILL_L10_25;0.112;
[2026-09-23 06:31:37,810] [SUBPROCESS]    C380;CTX_L30_1;FILL_L10_26;0.17;
[2026-09-23 06:31:37,811] [SUBPROCESS]    C381;CTX_L30_1;FILL_L10_27;0.169;
[2026-09-23 06:31:37,812] [SUBPROCESS]    C382;CTX_L30_1;FILL_L10_28;0.17;
[2026-09-23 06:31:37,814] [SUBPROCESS]    C383;CTX_L30_1;FILL_L10_29;0.059;
[2026-09-23 06:31:37,815] [SUBPROCESS]    C384;CTX_L30_1;FILL_L10_30;0.004;
[2026-09-23 06:31:37,816] [SUBPROCESS]    C385;CTX_L30_1;FILL_L10_31;0.006;
[2026-09-23 06:31:37,817] [SUBPROCESS]    C386;CTX_L30_1;FILL_L10_32;0.005;
[2026-09-23 06:31:37,818] [SUBPROCESS]    C387;CTX_L30_1;FILL_L10_33;0.006;
[2026-09-23 06:31:37,819] [SUBPROCESS]    C388;CTX_L30_1;FILL_L10_34;0.002;
[2026-09-23 06:31:37,820] [SUBPROCESS]    C389;CTX_L30_1;FILL_L126_4;0.032;
[2026-09-23 06:31:37,821] [SUBPROCESS]    C390;CTX_L30_1;FILL_L126_5;0.001;
[2026-09-23 06:31:37,823] [SUBPROCESS]    C391;CTX_L30_1;FILL_L30_19;0.012;
[2026-09-23 06:31:37,824] [SUBPROCESS]    C392;CTX_L30_1;FILL_L30_20;0.015;
[2026-09-23 06:31:37,825] [SUBPROCESS]    C393;CTX_L30_1;FILL_L30_21;0.015;
[2026-09-23 06:31:37,826] [SUBPROCESS]    C394;CTX_L30_1;FILL_L30_22;0.015;
[2026-09-23 06:31:37,827] [SUBPROCESS]    C395;CTX_L30_1;FILL_L30_23;0.015;
[2026-09-23 06:31:37,828] [SUBPROCESS]    C396;CTX_L30_1;FILL_L30_24;0.015;
[2026-09-23 06:31:37,829] [SUBPROCESS]    C397;CTX_L30_1;FILL_L30_25;0.015;
[2026-09-23 06:31:37,830] [SUBPROCESS]    C398;CTX_L30_1;FILL_L50_16;0.053;
[2026-09-23 06:31:37,832] [SUBPROCESS]    C399;CTX_L30_1;FILL_L50_17;0.245;
[2026-09-23 06:31:37,833] [SUBPROCESS]    C400;CTX_L30_1;FILL_L50_18;0.245;
[2026-09-23 06:31:37,834] [SUBPROCESS]    C401;CTX_L30_1;FILL_L50_19;0.244;
[2026-09-23 06:31:37,835] [SUBPROCESS]    C402;CTX_L30_1;FILL_L8_31;0.003;
[2026-09-23 06:31:37,836] [SUBPROCESS]    C403;CTX_L30_1;FILL_L8_32;0.004;
[2026-09-23 06:31:37,837] [SUBPROCESS]    C404;CTX_L30_1;FILL_L8_33;0.004;
[2026-09-23 06:31:37,838] [SUBPROCESS]    C405;CTX_L30_1;FILL_L8_34;0.004;
[2026-09-23 06:31:37,839] [SUBPROCESS]    C406;CTX_L30_1;FILL_L8_35;0.001;
[2026-09-23 06:31:37,840] [SUBPROCESS]    C407;CTX_L30_1;FILL_L8_36;0.002;
[2026-09-23 06:31:37,842] [SUBPROCESS]    C408;CTX_L30_1;FILL_L8_37;0.003;
[2026-09-23 06:31:37,843] [SUBPROCESS]    C409;CTX_L30_1;FILL_L8_38;0.003;
[2026-09-23 06:31:37,844] [SUBPROCESS]    C410;CTX_L30_1;FILL_L8_39;0.003;
[2026-09-23 06:31:37,845] [SUBPROCESS]    C411;CTX_L30_1;FILL_L8_40;0.001;
[2026-09-23 06:31:37,846] [SUBPROCESS]    C412;CTX_L30_1;N;0.004;
[2026-09-23 06:31:37,847] [SUBPROCESS]    C413;CTX_L30_1;P;0.004;
[2026-09-23 06:31:37,848] [SUBPROCESS]    C414;CTX_L30_1;VSUBS;0.275;
[2026-09-23 06:31:37,849] [SUBPROCESS]    C415;CTX_L30_10;CTX_L30_11;4.306;
[2026-09-23 06:31:37,851] [SUBPROCESS]    C416;CTX_L30_10;CTX_L30_9;4.306;
[2026-09-23 06:31:37,852] [SUBPROCESS]    C417;CTX_L30_10;CTX_L67_7;0.01;
[2026-09-23 06:31:37,853] [SUBPROCESS]    C418;CTX_L30_10;CTX_L8_1;0.001;
[2026-09-23 06:31:37,854] [SUBPROCESS]    C419;CTX_L30_10;FILL_L10_35;0.081;
[2026-09-23 06:31:37,855] [SUBPROCESS]    C420;CTX_L30_10;FILL_L10_36;0.126;
[2026-09-23 06:31:37,856] [SUBPROCESS]    C421;CTX_L30_10;FILL_L10_37;0.126;
[2026-09-23 06:31:37,857] [SUBPROCESS]    C422;CTX_L30_10;FILL_L10_38;0.126;
[2026-09-23 06:31:37,859] [SUBPROCESS]    C423;CTX_L30_10;FILL_L10_39;0.045;
[2026-09-23 06:31:37,860] [SUBPROCESS]    C424;CTX_L30_10;FILL_L126_6;0.009;
[2026-09-23 06:31:37,861] [SUBPROCESS]    C425;CTX_L30_10;FILL_L126_7;0.032;
[2026-09-23 06:31:37,862] [SUBPROCESS]    C426;CTX_L30_10;FILL_L126_8;0.032;
[2026-09-23 06:31:37,863] [SUBPROCESS]    C427;CTX_L30_10;FILL_L126_9;0.006;
[2026-09-23 06:31:37,864] [SUBPROCESS]    C428;CTX_L30_10;FILL_L50_20;0.002;
[2026-09-23 06:31:37,865] [SUBPROCESS]    C429;CTX_L30_10;FILL_L50_21;0.01;
[2026-09-23 06:31:37,866] [SUBPROCESS]    C430;CTX_L30_10;FILL_L50_22;0.01;
[2026-09-23 06:31:37,867] [SUBPROCESS]    C431;CTX_L30_10;FILL_L50_23;0.01;
[2026-09-23 06:31:37,868] [SUBPROCESS]    C432;CTX_L30_10;FILL_L50_24;0.003;
[2026-09-23 06:31:37,869] [SUBPROCESS]    C433;CTX_L30_10;FILL_L50_25;0.017;
[2026-09-23 06:31:37,870] [SUBPROCESS]    C434;CTX_L30_10;FILL_L50_26;0.017;
[2026-09-23 06:31:37,871] [SUBPROCESS]    C435;CTX_L30_10;FILL_L50_27;0.017;
[2026-09-23 06:31:37,873] [SUBPROCESS]    C436;CTX_L30_10;FILL_L8_41;0.002;
[2026-09-23 06:31:37,874] [SUBPROCESS]    C437;CTX_L30_10;FILL_L8_42;0.003;
[2026-09-23 06:31:37,875] [SUBPROCESS]    C438;CTX_L30_10;FILL_L8_43;0.003;
[2026-09-23 06:31:37,876] [SUBPROCESS]    C439;CTX_L30_10;FILL_L8_44;0.003;
[2026-09-23 06:31:37,877] [SUBPROCESS]    C440;CTX_L30_10;FILL_L8_45;0.002;
[2026-09-23 06:31:37,878] [SUBPROCESS]    C441;CTX_L30_10;VSUBS;0.045;
[2026-09-23 06:31:37,879] [SUBPROCESS]    C442;CTX_L30_11;CTX_L30_12;4.306;
[2026-09-23 06:31:37,880] [SUBPROCESS]    C443;CTX_L30_11;CTX_L67_7;0.008;
[2026-09-23 06:31:37,881] [SUBPROCESS]    C444;CTX_L30_11;CTX_L8_1;0.001;
[2026-09-23 06:31:37,882] [SUBPROCESS]    C445;CTX_L30_11;FILL_L10_35;0.081;
[2026-09-23 06:31:37,883] [SUBPROCESS]    C446;CTX_L30_11;FILL_L10_36;0.126;
[2026-09-23 06:31:37,884] [SUBPROCESS]    C447;CTX_L30_11;FILL_L10_37;0.126;
[2026-09-23 06:31:37,886] [SUBPROCESS]    C448;CTX_L30_11;FILL_L10_38;0.126;
[2026-09-23 06:31:37,887] [SUBPROCESS]    C449;CTX_L30_11;FILL_L10_39;0.045;
[2026-09-23 06:31:37,888] [SUBPROCESS]    C450;CTX_L30_11;FILL_L126_6;0.009;
[2026-09-23 06:31:37,889] [SUBPROCESS]    C451;CTX_L30_11;FILL_L126_7;0.032;
[2026-09-23 06:31:37,890] [SUBPROCESS]    C452;CTX_L30_11;FILL_L126_8;0.032;
[2026-09-23 06:31:37,892] [SUBPROCESS]    C453;CTX_L30_11;FILL_L126_9;0.006;
[2026-09-23 06:31:37,893] [SUBPROCESS]    C454;CTX_L30_11;FILL_L50_20;0.001;
[2026-09-23 06:31:37,894] [SUBPROCESS]    C455;CTX_L30_11;FILL_L50_21;0.006;
[2026-09-23 06:31:37,895] [SUBPROCESS]    C456;CTX_L30_11;FILL_L50_22;0.006;
[2026-09-23 06:31:37,896] [SUBPROCESS]    C457;CTX_L30_11;FILL_L50_23;0.006;
[2026-09-23 06:31:37,897] [SUBPROCESS]    C458;CTX_L30_11;FILL_L50_24;0.006;
[2026-09-23 06:31:37,898] [SUBPROCESS]    C459;CTX_L30_11;FILL_L50_25;0.029;
[2026-09-23 06:31:37,899] [SUBPROCESS]    C460;CTX_L30_11;FILL_L50_26;0.029;
[2026-09-23 06:31:37,900] [SUBPROCESS]    C461;CTX_L30_11;FILL_L50_27;0.029;
[2026-09-23 06:31:37,901] [SUBPROCESS]    C462;CTX_L30_11;FILL_L8_41;0.002;
[2026-09-23 06:31:37,903] [SUBPROCESS]    C463;CTX_L30_11;FILL_L8_42;0.003;
[2026-09-23 06:31:37,904] [SUBPROCESS]    C464;CTX_L30_11;FILL_L8_43;0.003;
[2026-09-23 06:31:37,905] [SUBPROCESS]    C465;CTX_L30_11;FILL_L8_44;0.003;
[2026-09-23 06:31:37,906] [SUBPROCESS]    C466;CTX_L30_11;FILL_L8_45;0.002;
[2026-09-23 06:31:37,907] [SUBPROCESS]    C467;CTX_L30_11;VSUBS;0.045;
[2026-09-23 06:31:37,908] [SUBPROCESS]    C468;CTX_L30_12;CTX_L30_13;0.742;
[2026-09-23 06:31:37,909] [SUBPROCESS]    C469;CTX_L30_12;CTX_L67_7;0.003;
[2026-09-23 06:31:37,910] [SUBPROCESS]    C470;CTX_L30_12;CTX_L8_1;0.001;
[2026-09-23 06:31:37,911] [SUBPROCESS]    C471;CTX_L30_12;FILL_L10_35;0.133;
[2026-09-23 06:31:37,912] [SUBPROCESS]    C472;CTX_L30_12;FILL_L10_36;0.204;
[2026-09-23 06:31:37,914] [SUBPROCESS]    C473;CTX_L30_12;FILL_L10_37;0.204;
[2026-09-23 06:31:37,915] [SUBPROCESS]    C474;CTX_L30_12;FILL_L10_38;0.204;
[2026-09-23 06:31:37,916] [SUBPROCESS]    C475;CTX_L30_12;FILL_L10_39;0.072;
[2026-09-23 06:31:37,917] [SUBPROCESS]    C476;CTX_L30_12;FILL_L126_6;0.005;
[2026-09-23 06:31:37,918] [SUBPROCESS]    C477;CTX_L30_12;FILL_L126_7;0.024;
[2026-09-23 06:31:37,919] [SUBPROCESS]    C478;CTX_L30_12;FILL_L126_8;0.023;
[2026-09-23 06:31:37,921] [SUBPROCESS]    C479;CTX_L30_12;FILL_L126_9;0.004;
[2026-09-23 06:31:37,922] [SUBPROCESS]    C480;CTX_L30_12;FILL_L50_20;0.0;
[2026-09-23 06:31:37,923] [SUBPROCESS]    C481;CTX_L30_12;FILL_L50_21;0.001;
[2026-09-23 06:31:37,924] [SUBPROCESS]    C482;CTX_L30_12;FILL_L50_22;0.001;
[2026-09-23 06:31:37,925] [SUBPROCESS]    C483;CTX_L30_12;FILL_L50_23;0.001;
[2026-09-23 06:31:37,926] [SUBPROCESS]    C484;CTX_L30_12;FILL_L50_24;0.037;
[2026-09-23 06:31:37,927] [SUBPROCESS]    C485;CTX_L30_12;FILL_L50_25;0.167;
[2026-09-23 06:31:37,929] [SUBPROCESS]    C486;CTX_L30_12;FILL_L50_26;0.167;
[2026-09-23 06:31:37,930] [SUBPROCESS]    C487;CTX_L30_12;FILL_L50_27;0.166;
[2026-09-23 06:31:37,931] [SUBPROCESS]    C488;CTX_L30_12;FILL_L8_41;0.002;
[2026-09-23 06:31:37,932] [SUBPROCESS]    C489;CTX_L30_12;FILL_L8_42;0.003;
[2026-09-23 06:31:37,933] [SUBPROCESS]    C490;CTX_L30_12;FILL_L8_43;0.003;
[2026-09-23 06:31:37,934] [SUBPROCESS]    C491;CTX_L30_12;FILL_L8_44;0.003;
[2026-09-23 06:31:37,935] [SUBPROCESS]    C492;CTX_L30_12;FILL_L8_45;0.002;
[2026-09-23 06:31:37,936] [SUBPROCESS]    C493;CTX_L30_12;VSUBS;0.079;
[2026-09-23 06:31:37,937] [SUBPROCESS]    C494;CTX_L30_13;CTX_L30_14;0.564;
[2026-09-23 06:31:37,939] [SUBPROCESS]    C495;CTX_L30_13;CTX_L67_7;0.002;
[2026-09-23 06:31:37,940] [SUBPROCESS]    C496;CTX_L30_13;CTX_L8_1;0.002;
[2026-09-23 06:31:37,941] [SUBPROCESS]    C497;CTX_L30_13;FILL_L10_35;0.119;
[2026-09-23 06:31:37,942] [SUBPROCESS]    C498;CTX_L30_13;FILL_L10_36;0.183;
[2026-09-23 06:31:37,943] [SUBPROCESS]    C499;CTX_L30_13;FILL_L10_37;0.183;
[2026-09-23 06:31:37,945] [SUBPROCESS]    C500;CTX_L30_13;FILL_L10_38;0.183;
[2026-09-23 06:31:37,946] [SUBPROCESS]    C501;CTX_L30_13;FILL_L10_39;0.065;
[2026-09-23 06:31:37,947] [SUBPROCESS]    C502;CTX_L30_13;FILL_L126_6;0.004;
[2026-09-23 06:31:37,948] [SUBPROCESS]    C503;CTX_L30_13;FILL_L126_7;0.027;
[2026-09-23 06:31:37,949] [SUBPROCESS]    C504;CTX_L30_13;FILL_L126_8;0.026;
[2026-09-23 06:31:37,950] [SUBPROCESS]    C505;CTX_L30_13;FILL_L126_9;0.003;
[2026-09-23 06:31:37,951] [SUBPROCESS]    C506;CTX_L30_13;FILL_L50_24;0.063;
[2026-09-23 06:31:37,953] [SUBPROCESS]    C507;CTX_L30_13;FILL_L50_25;0.29;
[2026-09-23 06:31:37,954] [SUBPROCESS]    C508;CTX_L30_13;FILL_L50_26;0.29;
[2026-09-23 06:31:37,955] [SUBPROCESS]    C509;CTX_L30_13;FILL_L50_27;0.289;
[2026-09-23 06:31:37,956] [SUBPROCESS]    C510;CTX_L30_13;FILL_L8_41;0.002;
[2026-09-23 06:31:37,957] [SUBPROCESS]    C511;CTX_L30_13;FILL_L8_42;0.003;
[2026-09-23 06:31:37,958] [SUBPROCESS]    C512;CTX_L30_13;FILL_L8_43;0.003;
[2026-09-23 06:31:37,959] [SUBPROCESS]    C513;CTX_L30_13;FILL_L8_44;0.003;
[2026-09-23 06:31:37,960] [SUBPROCESS]    C514;CTX_L30_13;FILL_L8_45;0.002;
[2026-09-23 06:31:37,962] [SUBPROCESS]    C515;CTX_L30_13;VSUBS;0.246;
[2026-09-23 06:31:37,963] [SUBPROCESS]    C516;CTX_L30_14;CTX_L30_18;0.013;
[2026-09-23 06:31:37,964] [SUBPROCESS]    C517;CTX_L30_14;CTX_L8_1;0.139;
[2026-09-23 06:31:37,965] [SUBPROCESS]    C518;CTX_L30_14;FILL_L10_35;0.005;
[2026-09-23 06:31:37,966] [SUBPROCESS]    C519;CTX_L30_14;FILL_L10_36;0.008;
[2026-09-23 06:31:37,967] [SUBPROCESS]    C520;CTX_L30_14;FILL_L10_37;0.008;
[2026-09-23 06:31:37,968] [SUBPROCESS]    C521;CTX_L30_14;FILL_L10_38;0.008;
[2026-09-23 06:31:37,969] [SUBPROCESS]    C522;CTX_L30_14;FILL_L10_39;0.003;
[2026-09-23 06:31:37,971] [SUBPROCESS]    C523;CTX_L30_14;FILL_L10_40;0.608;
[2026-09-23 06:31:37,972] [SUBPROCESS]    C524;CTX_L30_14;FILL_L10_41;0.965;
[2026-09-23 06:31:37,973] [SUBPROCESS]    C525;CTX_L30_14;FILL_L10_42;0.965;
[2026-09-23 06:31:37,974] [SUBPROCESS]    C526;CTX_L30_14;FILL_L10_43;0.965;
[2026-09-23 06:31:37,975] [SUBPROCESS]    C527;CTX_L30_14;FILL_L10_44;0.357;
[2026-09-23 06:31:37,976] [SUBPROCESS]    C528;CTX_L30_14;FILL_L10_45;0.002;
[2026-09-23 06:31:37,977] [SUBPROCESS]    C529;CTX_L30_14;FILL_L10_47;0.003;
[2026-09-23 06:31:37,979] [SUBPROCESS]    C530;CTX_L30_14;FILL_L10_48;0.005;
[2026-09-23 06:31:37,980] [SUBPROCESS]    C531;CTX_L30_14;FILL_L10_49;0.001;
[2026-09-23 06:31:37,981] [SUBPROCESS]    C532;CTX_L30_14;FILL_L10_50;0.0;
[2026-09-23 06:31:37,982] [SUBPROCESS]    C533;CTX_L30_14;FILL_L126_6;0.097;
[2026-09-23 06:31:37,983] [SUBPROCESS]    C534;CTX_L30_14;FILL_L126_7;0.315;
[2026-09-23 06:31:37,984] [SUBPROCESS]    C535;CTX_L30_14;FILL_L126_8;0.305;
[2026-09-23 06:31:37,985] [SUBPROCESS]    C536;CTX_L30_14;FILL_L126_9;0.074;
[2026-09-23 06:31:37,986] [SUBPROCESS]    C537;CTX_L30_14;FILL_L50_24;0.169;
[2026-09-23 06:31:37,988] [SUBPROCESS]    C538;CTX_L30_14;FILL_L50_25;0.7;
[2026-09-23 06:31:37,989] [SUBPROCESS]    C539;CTX_L30_14;FILL_L50_26;0.7;
[2026-09-23 06:31:37,990] [SUBPROCESS]    C540;CTX_L30_14;FILL_L50_27;0.692;
[2026-09-23 06:31:37,991] [SUBPROCESS]    C541;CTX_L30_14;FILL_L50_28;0.06;
[2026-09-23 06:31:37,992] [SUBPROCESS]    C542;CTX_L30_14;FILL_L50_29;0.305;
[2026-09-23 06:31:37,993] [SUBPROCESS]    C543;CTX_L30_14;FILL_L50_30;0.309;
[2026-09-23 06:31:37,995] [SUBPROCESS]    C544;CTX_L30_14;FILL_L50_31;0.311;
[2026-09-23 06:31:37,996] [SUBPROCESS]    C545;CTX_L30_14;FILL_L8_41;0.002;
[2026-09-23 06:31:37,997] [SUBPROCESS]    C546;CTX_L30_14;FILL_L8_42;0.003;
[2026-09-23 06:31:37,998] [SUBPROCESS]    C547;CTX_L30_14;FILL_L8_43;0.003;
[2026-09-23 06:31:37,999] [SUBPROCESS]    C548;CTX_L30_14;FILL_L8_44;0.003;
[2026-09-23 06:31:38,000] [SUBPROCESS]    C549;CTX_L30_14;FILL_L8_45;0.001;
[2026-09-23 06:31:38,001] [SUBPROCESS]    C550;CTX_L30_14;FILL_L8_46;0.004;
[2026-09-23 06:31:38,003] [SUBPROCESS]    C551;CTX_L30_14;FILL_L8_47;0.004;
[2026-09-23 06:31:38,004] [SUBPROCESS]    C552;CTX_L30_14;FILL_L8_48;0.004;
[2026-09-23 06:31:38,005] [SUBPROCESS]    C553;CTX_L30_14;FILL_L8_49;0.004;
[2026-09-23 06:31:38,006] [SUBPROCESS]    C554;CTX_L30_14;FILL_L8_50;0.004;
[2026-09-23 06:31:38,007] [SUBPROCESS]    C555;CTX_L30_14;FILL_L8_51;0.004;
[2026-09-23 06:31:38,008] [SUBPROCESS]    C556;CTX_L30_14;FILL_L8_52;0.004;
[2026-09-23 06:31:38,009] [SUBPROCESS]    C557;CTX_L30_14;FILL_L8_53;0.004;
[2026-09-23 06:31:38,011] [SUBPROCESS]    C558;CTX_L30_14;FILL_L8_55;0.002;
[2026-09-23 06:31:38,012] [SUBPROCESS]    C559;CTX_L30_14;FILL_L8_56;0.0;
[2026-09-23 06:31:38,013] [SUBPROCESS]    C560;CTX_L30_14;FILL_L8_57;0.002;
[2026-09-23 06:31:38,014] [SUBPROCESS]    C561;CTX_L30_14;FILL_L8_58;0.0;
[2026-09-23 06:31:38,015] [SUBPROCESS]    C562;CTX_L30_14;FILL_L8_59;0.002;
[2026-09-23 06:31:38,016] [SUBPROCESS]    C563;CTX_L30_14;FILL_L8_61;0.004;
[2026-09-23 06:31:38,017] [SUBPROCESS]    C564;CTX_L30_14;VSUBS;0.939;
[2026-09-23 06:31:38,018] [SUBPROCESS]    C565;CTX_L30_18;CTX_L8_1;0.001;
[2026-09-23 06:31:38,020] [SUBPROCESS]    C566;CTX_L30_18;FILL_L10_40;0.0;
[2026-09-23 06:31:38,021] [SUBPROCESS]    C567;CTX_L30_18;FILL_L10_41;0.001;
[2026-09-23 06:31:38,022] [SUBPROCESS]    C568;CTX_L30_18;FILL_L10_42;0.001;
[2026-09-23 06:31:38,023] [SUBPROCESS]    C569;CTX_L30_18;FILL_L10_43;0.001;
[2026-09-23 06:31:38,024] [SUBPROCESS]    C570;CTX_L30_18;FILL_L10_44;0.001;
[2026-09-23 06:31:38,025] [SUBPROCESS]    C571;CTX_L30_18;FILL_L10_45;0.002;
[2026-09-23 06:31:38,026] [SUBPROCESS]    C572;CTX_L30_18;FILL_L10_46;0.007;
[2026-09-23 06:31:38,027] [SUBPROCESS]    C573;CTX_L30_18;FILL_L10_47;0.009;
[2026-09-23 06:31:38,028] [SUBPROCESS]    C574;CTX_L30_18;FILL_L10_48;0.009;
[2026-09-23 06:31:38,030] [SUBPROCESS]    C575;CTX_L30_18;FILL_L10_49;0.009;
[2026-09-23 06:31:38,031] [SUBPROCESS]    C576;CTX_L30_18;FILL_L10_50;0.006;
[2026-09-23 06:31:38,032] [SUBPROCESS]    C577;CTX_L30_18;FILL_L126_6;0.002;
[2026-09-23 06:31:38,033] [SUBPROCESS]    C578;CTX_L30_18;FILL_L126_7;0.011;
[2026-09-23 06:31:38,034] [SUBPROCESS]    C579;CTX_L30_18;FILL_L126_8;0.011;
[2026-09-23 06:31:38,035] [SUBPROCESS]    C580;CTX_L30_18;FILL_L126_9;0.001;
[2026-09-23 06:31:38,036] [SUBPROCESS]    C581;CTX_L30_18;FILL_L50_28;0.009;
[2026-09-23 06:31:38,038] [SUBPROCESS]    C582;CTX_L30_18;FILL_L50_29;0.043;
[2026-09-23 06:31:38,039] [SUBPROCESS]    C583;CTX_L30_18;FILL_L50_30;0.043;
[2026-09-23 06:31:38,040] [SUBPROCESS]    C584;CTX_L30_18;FILL_L50_31;0.051;
[2026-09-23 06:31:38,041] [SUBPROCESS]    C585;CTX_L30_18;FILL_L8_46;0.0;
[2026-09-23 06:31:38,042] [SUBPROCESS]    C586;CTX_L30_18;FILL_L8_47;0.0;
[2026-09-23 06:31:38,043] [SUBPROCESS]    C587;CTX_L30_18;FILL_L8_48;0.0;
[2026-09-23 06:31:38,044] [SUBPROCESS]    C588;CTX_L30_18;FILL_L8_49;0.0;
[2026-09-23 06:31:38,045] [SUBPROCESS]    C589;CTX_L30_18;FILL_L8_50;0.0;
[2026-09-23 06:31:38,046] [SUBPROCESS]    C590;CTX_L30_18;FILL_L8_51;0.0;
[2026-09-23 06:31:38,047] [SUBPROCESS]    C591;CTX_L30_18;FILL_L8_52;0.0;
[2026-09-23 06:31:38,048] [SUBPROCESS]    C592;CTX_L30_18;FILL_L8_53;0.0;
[2026-09-23 06:31:38,050] [SUBPROCESS]    C593;CTX_L30_18;FILL_L8_54;0.001;
[2026-09-23 06:31:38,051] [SUBPROCESS]    C594;CTX_L30_18;FILL_L8_55;0.002;
[2026-09-23 06:31:38,052] [SUBPROCESS]    C595;CTX_L30_18;FILL_L8_56;0.002;
[2026-09-23 06:31:38,053] [SUBPROCESS]    C596;CTX_L30_18;FILL_L8_57;0.001;
[2026-09-23 06:31:38,054] [SUBPROCESS]    C597;CTX_L30_18;FILL_L8_58;0.002;
[2026-09-23 06:31:38,055] [SUBPROCESS]    C598;CTX_L30_18;FILL_L8_59;0.001;
[2026-09-23 06:31:38,056] [SUBPROCESS]    C599;CTX_L30_18;FILL_L8_60;0.001;
[2026-09-23 06:31:38,058] [SUBPROCESS]    C600;CTX_L30_18;FILL_L8_61;0.002;
[2026-09-23 06:31:38,059] [SUBPROCESS]    C601;CTX_L30_18;FILL_L8_62;0.0;
[2026-09-23 06:31:38,060] [SUBPROCESS]    C602;CTX_L30_18;VSUBS;0.766;
[2026-09-23 06:31:38,061] [SUBPROCESS]    C603;CTX_L30_2;CTX_L30_3;4.306;
[2026-09-23 06:31:38,062] [SUBPROCESS]    C604;CTX_L30_2;CTX_L67_3;0.087;
[2026-09-23 06:31:38,063] [SUBPROCESS]    C605;CTX_L30_2;FILL_L10_25;0.01;
[2026-09-23 06:31:38,064] [SUBPROCESS]    C606;CTX_L30_2;FILL_L10_26;0.015;
[2026-09-23 06:31:38,065] [SUBPROCESS]    C607;CTX_L30_2;FILL_L10_27;0.015;
[2026-09-23 06:31:38,067] [SUBPROCESS]    C608;CTX_L30_2;FILL_L10_28;0.015;
[2026-09-23 06:31:38,068] [SUBPROCESS]    C609;CTX_L30_2;FILL_L10_29;0.005;
[2026-09-23 06:31:38,069] [SUBPROCESS]    C610;CTX_L30_2;FILL_L10_30;0.006;
[2026-09-23 06:31:38,070] [SUBPROCESS]    C611;CTX_L30_2;FILL_L10_31;0.009;
[2026-09-23 06:31:38,072] [SUBPROCESS]    C612;CTX_L30_2;FILL_L10_32;0.009;
[2026-09-23 06:31:38,073] [SUBPROCESS]    C613;CTX_L30_2;FILL_L10_33;0.009;
[2026-09-23 06:31:38,074] [SUBPROCESS]    C614;CTX_L30_2;FILL_L10_34;0.003;
[2026-09-23 06:31:38,075] [SUBPROCESS]    C615;CTX_L30_2;FILL_L126_4;0.006;
[2026-09-23 06:31:38,076] [SUBPROCESS]    C616;CTX_L30_2;FILL_L50_16;0.014;
[2026-09-23 06:31:38,077] [SUBPROCESS]    C617;CTX_L30_2;FILL_L50_17;0.07;
[2026-09-23 06:31:38,078] [SUBPROCESS]    C618;CTX_L30_2;FILL_L50_18;0.07;
[2026-09-23 06:31:38,079] [SUBPROCESS]    C619;CTX_L30_2;FILL_L50_19;0.07;
[2026-09-23 06:31:38,080] [SUBPROCESS]    C620;CTX_L30_2;FILL_L50_20;0.001;
[2026-09-23 06:31:38,081] [SUBPROCESS]    C621;CTX_L30_2;FILL_L50_21;0.004;
[2026-09-23 06:31:38,083] [SUBPROCESS]    C622;CTX_L30_2;FILL_L50_22;0.004;
[2026-09-23 06:31:38,084] [SUBPROCESS]    C623;CTX_L30_2;FILL_L50_23;0.004;
[2026-09-23 06:31:38,085] [SUBPROCESS]    C624;CTX_L30_2;FILL_L8_31;0.003;
[2026-09-23 06:31:38,086] [SUBPROCESS]    C625;CTX_L30_2;FILL_L8_32;0.004;
[2026-09-23 06:31:38,087] [SUBPROCESS]    C626;CTX_L30_2;FILL_L8_33;0.004;
[2026-09-23 06:31:38,088] [SUBPROCESS]    C627;CTX_L30_2;FILL_L8_34;0.004;
[2026-09-23 06:31:38,089] [SUBPROCESS]    C628;CTX_L30_2;FILL_L8_35;0.001;
[2026-09-23 06:31:38,091] [SUBPROCESS]    C629;CTX_L30_2;FILL_L8_36;0.002;
[2026-09-23 06:31:38,092] [SUBPROCESS]    C630;CTX_L30_2;FILL_L8_37;0.004;
[2026-09-23 06:31:38,093] [SUBPROCESS]    C631;CTX_L30_2;FILL_L8_38;0.004;
[2026-09-23 06:31:38,094] [SUBPROCESS]    C632;CTX_L30_2;FILL_L8_39;0.004;
[2026-09-23 06:31:38,095] [SUBPROCESS]    C633;CTX_L30_2;FILL_L8_40;0.001;
[2026-09-23 06:31:38,096] [SUBPROCESS]    C634;CTX_L30_2;VSUBS;0.121;
[2026-09-23 06:31:38,097] [SUBPROCESS]    C635;CTX_L30_3;CTX_L30_4;4.306;
[2026-09-23 06:31:38,099] [SUBPROCESS]    C636;CTX_L30_3;CTX_L67_4;0.092;
[2026-09-23 06:31:38,100] [SUBPROCESS]    C637;CTX_L30_3;FILL_L10_25;0.006;
[2026-09-23 06:31:38,101] [SUBPROCESS]    C638;CTX_L30_3;FILL_L10_26;0.008;
[2026-09-23 06:31:38,102] [SUBPROCESS]    C639;CTX_L30_3;FILL_L10_27;0.008;
[2026-09-23 06:31:38,103] [SUBPROCESS]    C640;CTX_L30_3;FILL_L10_28;0.008;
[2026-09-23 06:31:38,104] [SUBPROCESS]    C641;CTX_L30_3;FILL_L10_29;0.003;
[2026-09-23 06:31:38,106] [SUBPROCESS]    C642;CTX_L30_3;FILL_L10_30;0.011;
[2026-09-23 06:31:38,107] [SUBPROCESS]    C643;CTX_L30_3;FILL_L10_31;0.016;
[2026-09-23 06:31:38,108] [SUBPROCESS]    C644;CTX_L30_3;FILL_L10_32;0.016;
[2026-09-23 06:31:38,109] [SUBPROCESS]    C645;CTX_L30_3;FILL_L10_33;0.016;
[2026-09-23 06:31:38,110] [SUBPROCESS]    C646;CTX_L30_3;FILL_L10_34;0.006;
[2026-09-23 06:31:38,111] [SUBPROCESS]    C647;CTX_L30_3;FILL_L126_4;0.009;
[2026-09-23 06:31:38,112] [SUBPROCESS]    C648;CTX_L30_3;FILL_L50_16;0.005;
[2026-09-23 06:31:38,113] [SUBPROCESS]    C649;CTX_L30_3;FILL_L50_17;0.025;
[2026-09-23 06:31:38,114] [SUBPROCESS]    C650;CTX_L30_3;FILL_L50_18;0.025;
[2026-09-23 06:31:38,116] [SUBPROCESS]    C651;CTX_L30_3;FILL_L50_19;0.025;
[2026-09-23 06:31:38,117] [SUBPROCESS]    C652;CTX_L30_3;FILL_L50_20;0.001;
[2026-09-23 06:31:38,118] [SUBPROCESS]    C653;CTX_L30_3;FILL_L50_21;0.007;
[2026-09-23 06:31:38,119] [SUBPROCESS]    C654;CTX_L30_3;FILL_L50_22;0.007;
[2026-09-23 06:31:38,120] [SUBPROCESS]    C655;CTX_L30_3;FILL_L50_23;0.007;
[2026-09-23 06:31:38,122] [SUBPROCESS]    C656;CTX_L30_3;FILL_L8_31;0.002;
[2026-09-23 06:31:38,123] [SUBPROCESS]    C657;CTX_L30_3;FILL_L8_32;0.004;
[2026-09-23 06:31:38,124] [SUBPROCESS]    C658;CTX_L30_3;FILL_L8_33;0.004;
[2026-09-23 06:31:38,125] [SUBPROCESS]    C659;CTX_L30_3;FILL_L8_34;0.004;
[2026-09-23 06:31:38,126] [SUBPROCESS]    C660;CTX_L30_3;FILL_L8_35;0.001;
[2026-09-23 06:31:38,127] [SUBPROCESS]    C661;CTX_L30_3;FILL_L8_36;0.003;
[2026-09-23 06:31:38,128] [SUBPROCESS]    C662;CTX_L30_3;FILL_L8_37;0.004;
[2026-09-23 06:31:38,130] [SUBPROCESS]    C663;CTX_L30_3;FILL_L8_38;0.004;
[2026-09-23 06:31:38,131] [SUBPROCESS]    C664;CTX_L30_3;FILL_L8_39;0.004;
[2026-09-23 06:31:38,132] [SUBPROCESS]    C665;CTX_L30_3;FILL_L8_40;0.001;
[2026-09-23 06:31:38,133] [SUBPROCESS]    C666;CTX_L30_3;VSUBS;0.121;
[2026-09-23 06:31:38,134] [SUBPROCESS]    C667;CTX_L30_4;CTX_L30_5;4.306;
[2026-09-23 06:31:38,135] [SUBPROCESS]    C668;CTX_L30_4;CTX_L67_5;0.092;
[2026-09-23 06:31:38,137] [SUBPROCESS]    C669;CTX_L30_4;FILL_L10_25;0.003;
[2026-09-23 06:31:38,138] [SUBPROCESS]    C670;CTX_L30_4;FILL_L10_26;0.005;
[2026-09-23 06:31:38,139] [SUBPROCESS]    C671;CTX_L30_4;FILL_L10_27;0.005;
[2026-09-23 06:31:38,140] [SUBPROCESS]    C672;CTX_L30_4;FILL_L10_28;0.005;
[2026-09-23 06:31:38,141] [SUBPROCESS]    C673;CTX_L30_4;FILL_L10_29;0.002;
[2026-09-23 06:31:38,142] [SUBPROCESS]    C674;CTX_L30_4;FILL_L10_30;0.039;
[2026-09-23 06:31:38,143] [SUBPROCESS]    C675;CTX_L30_4;FILL_L10_31;0.06;
[2026-09-23 06:31:38,144] [SUBPROCESS]    C676;CTX_L30_4;FILL_L10_32;0.06;
[2026-09-23 06:31:38,145] [SUBPROCESS]    C677;CTX_L30_4;FILL_L10_33;0.06;
[2026-09-23 06:31:38,146] [SUBPROCESS]    C678;CTX_L30_4;FILL_L10_34;0.021;
[2026-09-23 06:31:38,147] [SUBPROCESS]    C679;CTX_L30_4;FILL_L126_4;0.009;
[2026-09-23 06:31:38,149] [SUBPROCESS]    C680;CTX_L30_4;FILL_L50_16;0.003;
[2026-09-23 06:31:38,150] [SUBPROCESS]    C681;CTX_L30_4;FILL_L50_17;0.014;
[2026-09-23 06:31:38,151] [SUBPROCESS]    C682;CTX_L30_4;FILL_L50_18;0.014;
[2026-09-23 06:31:38,152] [SUBPROCESS]    C683;CTX_L30_4;FILL_L50_19;0.014;
[2026-09-23 06:31:38,153] [SUBPROCESS]    C684;CTX_L30_4;FILL_L50_20;0.002;
[2026-09-23 06:31:38,154] [SUBPROCESS]    C685;CTX_L30_4;FILL_L50_21;0.012;
[2026-09-23 06:31:38,155] [SUBPROCESS]    C686;CTX_L30_4;FILL_L50_22;0.012;
[2026-09-23 06:31:38,157] [SUBPROCESS]    C687;CTX_L30_4;FILL_L50_23;0.012;
[2026-09-23 06:31:38,158] [SUBPROCESS]    C688;CTX_L30_4;FILL_L8_31;0.002;
[2026-09-23 06:31:38,159] [SUBPROCESS]    C689;CTX_L30_4;FILL_L8_32;0.003;
[2026-09-23 06:31:38,160] [SUBPROCESS]    C690;CTX_L30_4;FILL_L8_33;0.003;
[2026-09-23 06:31:38,161] [SUBPROCESS]    C691;CTX_L30_4;FILL_L8_34;0.003;
[2026-09-23 06:31:38,162] [SUBPROCESS]    C692;CTX_L30_4;FILL_L8_35;0.001;
[2026-09-23 06:31:38,164] [SUBPROCESS]    C693;CTX_L30_4;FILL_L8_36;0.003;
[2026-09-23 06:31:38,165] [SUBPROCESS]    C694;CTX_L30_4;FILL_L8_37;0.004;
[2026-09-23 06:31:38,166] [SUBPROCESS]    C695;CTX_L30_4;FILL_L8_38;0.004;
[2026-09-23 06:31:38,167] [SUBPROCESS]    C696;CTX_L30_4;FILL_L8_39;0.004;
[2026-09-23 06:31:38,168] [SUBPROCESS]    C697;CTX_L30_4;FILL_L8_40;0.001;
[2026-09-23 06:31:38,169] [SUBPROCESS]    C698;CTX_L30_4;VSUBS;0.096;
[2026-09-23 06:31:38,170] [SUBPROCESS]    C699;CTX_L30_5;CTX_L30_6;4.306;
[2026-09-23 06:31:38,172] [SUBPROCESS]    C700;CTX_L30_5;CTX_L67_5;0.051;
[2026-09-23 06:31:38,173] [SUBPROCESS]    C701;CTX_L30_5;CTX_L67_6;0.051;
[2026-09-23 06:31:38,174] [SUBPROCESS]    C702;CTX_L30_5;FILL_L10_30;0.081;
[2026-09-23 06:31:38,175] [SUBPROCESS]    C703;CTX_L30_5;FILL_L10_31;0.126;
[2026-09-23 06:31:38,176] [SUBPROCESS]    C704;CTX_L30_5;FILL_L10_32;0.126;
[2026-09-23 06:31:38,177] [SUBPROCESS]    C705;CTX_L30_5;FILL_L10_33;0.126;
[2026-09-23 06:31:38,179] [SUBPROCESS]    C706;CTX_L30_5;FILL_L10_34;0.045;
[2026-09-23 06:31:38,180] [SUBPROCESS]    C707;CTX_L30_5;FILL_L126_4;0.036;
[2026-09-23 06:31:38,181] [SUBPROCESS]    C708;CTX_L30_5;FILL_L126_5;0.006;
[2026-09-23 06:31:38,182] [SUBPROCESS]    C709;CTX_L30_5;FILL_L126_6;0.001;
[2026-09-23 06:31:38,183] [SUBPROCESS]    C710;CTX_L30_5;FILL_L126_7;0.004;
[2026-09-23 06:31:38,184] [SUBPROCESS]    C711;CTX_L30_5;FILL_L50_16;0.002;
[2026-09-23 06:31:38,186] [SUBPROCESS]    C712;CTX_L30_5;FILL_L50_17;0.009;
[2026-09-23 06:31:38,187] [SUBPROCESS]    C713;CTX_L30_5;FILL_L50_18;0.009;
[2026-09-23 06:31:38,188] [SUBPROCESS]    C714;CTX_L30_5;FILL_L50_19;0.009;
[2026-09-23 06:31:38,189] [SUBPROCESS]    C715;CTX_L30_5;FILL_L50_20;0.004;
[2026-09-23 06:31:38,190] [SUBPROCESS]    C716;CTX_L30_5;FILL_L50_21;0.02;
[2026-09-23 06:31:38,191] [SUBPROCESS]    C717;CTX_L30_5;FILL_L50_22;0.02;
[2026-09-23 06:31:38,192] [SUBPROCESS]    C718;CTX_L30_5;FILL_L50_23;0.02;
[2026-09-23 06:31:38,193] [SUBPROCESS]    C719;CTX_L30_5;FILL_L8_36;0.002;
[2026-09-23 06:31:38,194] [SUBPROCESS]    C720;CTX_L30_5;FILL_L8_37;0.003;
[2026-09-23 06:31:38,196] [SUBPROCESS]    C721;CTX_L30_5;FILL_L8_38;0.003;
[2026-09-23 06:31:38,197] [SUBPROCESS]    C722;CTX_L30_5;FILL_L8_39;0.003;
[2026-09-23 06:31:38,198] [SUBPROCESS]    C723;CTX_L30_5;FILL_L8_40;0.002;
[2026-09-23 06:31:38,199] [SUBPROCESS]    C724;CTX_L30_5;VSUBS;0.045;
[2026-09-23 06:31:38,200] [SUBPROCESS]    C725;CTX_L30_6;CTX_L30_7;0.213;
[2026-09-23 06:31:38,201] [SUBPROCESS]    C726;CTX_L30_6;CTX_L67_6;0.092;
[2026-09-23 06:31:38,202] [SUBPROCESS]    C727;CTX_L30_6;CTX_L67_7;0.011;
[2026-09-23 06:31:38,203] [SUBPROCESS]    C728;CTX_L30_6;FILL_L10_30;0.159;
[2026-09-23 06:31:38,205] [SUBPROCESS]    C729;CTX_L30_6;FILL_L10_31;0.244;
[2026-09-23 06:31:38,206] [SUBPROCESS]    C730;CTX_L30_6;FILL_L10_32;0.244;
[2026-09-23 06:31:38,207] [SUBPROCESS]    C731;CTX_L30_6;FILL_L10_33;0.244;
[2026-09-23 06:31:38,208] [SUBPROCESS]    C732;CTX_L30_6;FILL_L10_34;0.085;
[2026-09-23 06:31:38,209] [SUBPROCESS]    C733;CTX_L30_6;FILL_L126_4;0.019;
[2026-09-23 06:31:38,210] [SUBPROCESS]    C734;CTX_L30_6;FILL_L126_5;0.001;
[2026-09-23 06:31:38,211] [SUBPROCESS]    C735;CTX_L30_6;FILL_L50_16;0.001;
[2026-09-23 06:31:38,212] [SUBPROCESS]    C736;CTX_L30_6;FILL_L50_17;0.005;
[2026-09-23 06:31:38,213] [SUBPROCESS]    C737;CTX_L30_6;FILL_L50_18;0.005;
[2026-09-23 06:31:38,214] [SUBPROCESS]    C738;CTX_L30_6;FILL_L50_19;0.005;
[2026-09-23 06:31:38,215] [SUBPROCESS]    C739;CTX_L30_6;FILL_L50_20;0.032;
[2026-09-23 06:31:38,216] [SUBPROCESS]    C740;CTX_L30_6;FILL_L50_21;0.16;
[2026-09-23 06:31:38,217] [SUBPROCESS]    C741;CTX_L30_6;FILL_L50_22;0.16;
[2026-09-23 06:31:38,219] [SUBPROCESS]    C742;CTX_L30_6;FILL_L50_23;0.16;
[2026-09-23 06:31:38,220] [SUBPROCESS]    C743;CTX_L30_6;FILL_L8_36;0.002;
[2026-09-23 06:31:38,221] [SUBPROCESS]    C744;CTX_L30_6;FILL_L8_37;0.003;
[2026-09-23 06:31:38,222] [SUBPROCESS]    C745;CTX_L30_6;FILL_L8_38;0.003;
[2026-09-23 06:31:38,223] [SUBPROCESS]    C746;CTX_L30_6;FILL_L8_39;0.003;
[2026-09-23 06:31:38,224] [SUBPROCESS]    C747;CTX_L30_6;FILL_L8_40;0.002;
[2026-09-23 06:31:38,225] [SUBPROCESS]    C748;CTX_L30_6;VSUBS;0.217;
[2026-09-23 06:31:38,226] [SUBPROCESS]    C749;CTX_L30_7;CTX_L30_8;1.267;
[2026-09-23 06:31:38,228] [SUBPROCESS]    C750;CTX_L30_7;CTX_L67_7;0.011;
[2026-09-23 06:31:38,229] [SUBPROCESS]    C751;CTX_L30_7;CTX_L8_1;0.001;
[2026-09-23 06:31:38,230] [SUBPROCESS]    C752;CTX_L30_7;FILL_L10_30;0.041;
[2026-09-23 06:31:38,231] [SUBPROCESS]    C753;CTX_L30_7;FILL_L10_31;0.062;
[2026-09-23 06:31:38,232] [SUBPROCESS]    C754;CTX_L30_7;FILL_L10_32;0.062;
[2026-09-23 06:31:38,233] [SUBPROCESS]    C755;CTX_L30_7;FILL_L10_33;0.062;
[2026-09-23 06:31:38,234] [SUBPROCESS]    C756;CTX_L30_7;FILL_L10_34;0.021;
[2026-09-23 06:31:38,236] [SUBPROCESS]    C757;CTX_L30_7;FILL_L10_35;0.031;
[2026-09-23 06:31:38,237] [SUBPROCESS]    C758;CTX_L30_7;FILL_L10_36;0.047;
[2026-09-23 06:31:38,238] [SUBPROCESS]    C759;CTX_L30_7;FILL_L10_37;0.047;
[2026-09-23 06:31:38,239] [SUBPROCESS]    C760;CTX_L30_7;FILL_L10_38;0.047;
[2026-09-23 06:31:38,240] [SUBPROCESS]    C761;CTX_L30_7;FILL_L10_39;0.016;
[2026-09-23 06:31:38,241] [SUBPROCESS]    C762;CTX_L30_7;FILL_L126_4;0.014;
[2026-09-23 06:31:38,242] [SUBPROCESS]    C763;CTX_L30_7;FILL_L126_5;0.001;
[2026-09-23 06:31:38,243] [SUBPROCESS]    C764;CTX_L30_7;FILL_L126_7;0.004;
[2026-09-23 06:31:38,244] [SUBPROCESS]    C765;CTX_L30_7;FILL_L126_8;0.004;
[2026-09-23 06:31:38,246] [SUBPROCESS]    C766;CTX_L30_7;FILL_L126_9;0.0;
[2026-09-23 06:31:38,247] [SUBPROCESS]    C767;CTX_L30_7;FILL_L50_20;0.058;
[2026-09-23 06:31:38,248] [SUBPROCESS]    C768;CTX_L30_7;FILL_L50_21;0.266;
[2026-09-23 06:31:38,249] [SUBPROCESS]    C769;CTX_L30_7;FILL_L50_22;0.266;
[2026-09-23 06:31:38,250] [SUBPROCESS]    C770;CTX_L30_7;FILL_L50_23;0.265;
[2026-09-23 06:31:38,251] [SUBPROCESS]    C771;CTX_L30_7;FILL_L8_36;0.002;
[2026-09-23 06:31:38,252] [SUBPROCESS]    C772;CTX_L30_7;FILL_L8_37;0.003;
[2026-09-23 06:31:38,254] [SUBPROCESS]    C773;CTX_L30_7;FILL_L8_38;0.003;
[2026-09-23 06:31:38,255] [SUBPROCESS]    C774;CTX_L30_7;FILL_L8_39;0.003;
[2026-09-23 06:31:38,256] [SUBPROCESS]    C775;CTX_L30_7;FILL_L8_40;0.001;
[2026-09-23 06:31:38,257] [SUBPROCESS]    C776;CTX_L30_7;FILL_L8_41;0.003;
[2026-09-23 06:31:38,258] [SUBPROCESS]    C777;CTX_L30_7;FILL_L8_42;0.004;
[2026-09-23 06:31:38,259] [SUBPROCESS]    C778;CTX_L30_7;FILL_L8_43;0.004;
[2026-09-23 06:31:38,261] [SUBPROCESS]    C779;CTX_L30_7;FILL_L8_44;0.004;
[2026-09-23 06:31:38,262] [SUBPROCESS]    C780;CTX_L30_7;FILL_L8_45;0.001;
[2026-09-23 06:31:38,263] [SUBPROCESS]    C781;CTX_L30_7;VSUBS;0.333;
[2026-09-23 06:31:38,264] [SUBPROCESS]    C782;CTX_L30_8;CTX_L30_9;4.306;
[2026-09-23 06:31:38,265] [SUBPROCESS]    C783;CTX_L30_8;CTX_L67_7;0.013;
[2026-09-23 06:31:38,266] [SUBPROCESS]    C784;CTX_L30_8;CTX_L8_1;0.001;
[2026-09-23 06:31:38,267] [SUBPROCESS]    C785;CTX_L30_8;FILL_L10_35;0.086;
[2026-09-23 06:31:38,268] [SUBPROCESS]    C786;CTX_L30_8;FILL_L10_36;0.134;
[2026-09-23 06:31:38,269] [SUBPROCESS]    C787;CTX_L30_8;FILL_L10_37;0.134;
[2026-09-23 06:31:38,270] [SUBPROCESS]    C788;CTX_L30_8;FILL_L10_38;0.134;
[2026-09-23 06:31:38,271] [SUBPROCESS]    C789;CTX_L30_8;FILL_L10_39;0.048;
[2026-09-23 06:31:38,272] [SUBPROCESS]    C790;CTX_L30_8;FILL_L126_4;0.007;
[2026-09-23 06:31:38,274] [SUBPROCESS]    C791;CTX_L30_8;FILL_L126_5;0.0;
[2026-09-23 06:31:38,275] [SUBPROCESS]    C792;CTX_L30_8;FILL_L126_6;0.002;
[2026-09-23 06:31:38,276] [SUBPROCESS]    C793;CTX_L30_8;FILL_L126_7;0.01;
[2026-09-23 06:31:38,277] [SUBPROCESS]    C794;CTX_L30_8;FILL_L126_8;0.01;
[2026-09-23 06:31:38,278] [SUBPROCESS]    C795;CTX_L30_8;FILL_L126_9;0.0;
[2026-09-23 06:31:38,279] [SUBPROCESS]    C796;CTX_L30_8;FILL_L50_20;0.013;
[2026-09-23 06:31:38,280] [SUBPROCESS]    C797;CTX_L30_8;FILL_L50_21;0.067;
[2026-09-23 06:31:38,281] [SUBPROCESS]    C798;CTX_L30_8;FILL_L50_22;0.067;
[2026-09-23 06:31:38,282] [SUBPROCESS]    C799;CTX_L30_8;FILL_L50_23;0.067;
[2026-09-23 06:31:38,283] [SUBPROCESS]    C800;CTX_L30_8;FILL_L50_24;0.001;
[2026-09-23 06:31:38,284] [SUBPROCESS]    C801;CTX_L30_8;FILL_L50_25;0.006;
[2026-09-23 06:31:38,285] [SUBPROCESS]    C802;CTX_L30_8;FILL_L50_26;0.006;
[2026-09-23 06:31:38,287] [SUBPROCESS]    C803;CTX_L30_8;FILL_L50_27;0.006;
[2026-09-23 06:31:38,288] [SUBPROCESS]    C804;CTX_L30_8;FILL_L8_41;0.002;
[2026-09-23 06:31:38,289] [SUBPROCESS]    C805;CTX_L30_8;FILL_L8_42;0.003;
[2026-09-23 06:31:38,290] [SUBPROCESS]    C806;CTX_L30_8;FILL_L8_43;0.003;
[2026-09-23 06:31:38,291] [SUBPROCESS]    C807;CTX_L30_8;FILL_L8_44;0.003;
[2026-09-23 06:31:38,292] [SUBPROCESS]    C808;CTX_L30_8;FILL_L8_45;0.002;
[2026-09-23 06:31:38,294] [SUBPROCESS]    C809;CTX_L30_8;VSUBS;0.097;
[2026-09-23 06:31:38,295] [SUBPROCESS]    C810;CTX_L30_9;CTX_L67_7;0.011;
[2026-09-23 06:31:38,296] [SUBPROCESS]    C811;CTX_L30_9;CTX_L8_1;0.001;
[2026-09-23 06:31:38,297] [SUBPROCESS]    C812;CTX_L30_9;FILL_L10_35;0.081;
[2026-09-23 06:31:38,298] [SUBPROCESS]    C813;CTX_L30_9;FILL_L10_36;0.126;
[2026-09-23 06:31:38,299] [SUBPROCESS]    C814;CTX_L30_9;FILL_L10_37;0.126;
[2026-09-23 06:31:38,301] [SUBPROCESS]    C815;CTX_L30_9;FILL_L10_38;0.126;
[2026-09-23 06:31:38,302] [SUBPROCESS]    C816;CTX_L30_9;FILL_L10_39;0.045;
[2026-09-23 06:31:38,303] [SUBPROCESS]    C817;CTX_L30_9;FILL_L126_4;0.003;
[2026-09-23 06:31:38,304] [SUBPROCESS]    C818;CTX_L30_9;FILL_L126_6;0.005;
[2026-09-23 06:31:38,306] [SUBPROCESS]    C819;CTX_L30_9;FILL_L126_7;0.021;
[2026-09-23 06:31:38,307] [SUBPROCESS]    C820;CTX_L30_9;FILL_L126_8;0.021;
[2026-09-23 06:31:38,308] [SUBPROCESS]    C821;CTX_L30_9;FILL_L126_9;0.003;
[2026-09-23 06:31:38,309] [SUBPROCESS]    C822;CTX_L30_9;FILL_L50_20;0.003;
[2026-09-23 06:31:38,310] [SUBPROCESS]    C823;CTX_L30_9;FILL_L50_21;0.017;
[2026-09-23 06:31:38,311] [SUBPROCESS]    C824;CTX_L30_9;FILL_L50_22;0.017;
[2026-09-23 06:31:38,312] [SUBPROCESS]    C825;CTX_L30_9;FILL_L50_23;0.017;
[2026-09-23 06:31:38,314] [SUBPROCESS]    C826;CTX_L30_9;FILL_L50_24;0.002;
[2026-09-23 06:31:38,315] [SUBPROCESS]    C827;CTX_L30_9;FILL_L50_25;0.01;
[2026-09-23 06:31:38,316] [SUBPROCESS]    C828;CTX_L30_9;FILL_L50_26;0.01;
[2026-09-23 06:31:38,317] [SUBPROCESS]    C829;CTX_L30_9;FILL_L50_27;0.01;
[2026-09-23 06:31:38,318] [SUBPROCESS]    C830;CTX_L30_9;FILL_L8_41;0.002;
[2026-09-23 06:31:38,319] [SUBPROCESS]    C831;CTX_L30_9;FILL_L8_42;0.003;
[2026-09-23 06:31:38,321] [SUBPROCESS]    C832;CTX_L30_9;FILL_L8_43;0.003;
[2026-09-23 06:31:38,322] [SUBPROCESS]    C833;CTX_L30_9;FILL_L8_44;0.003;
[2026-09-23 06:31:38,323] [SUBPROCESS]    C834;CTX_L30_9;FILL_L8_45;0.002;
[2026-09-23 06:31:38,324] [SUBPROCESS]    C835;CTX_L30_9;VSUBS;0.045;
[2026-09-23 06:31:38,325] [SUBPROCESS]    C836;CTX_L67_2;CTX_L67_3;4.409;
[2026-09-23 06:31:38,326] [SUBPROCESS]    C837;CTX_L67_2;FILL_L10_25;0.032;
[2026-09-23 06:31:38,327] [SUBPROCESS]    C838;CTX_L67_2;FILL_L10_26;0.011;
[2026-09-23 06:31:38,328] [SUBPROCESS]    C839;CTX_L67_2;FILL_L10_28;0.021;
[2026-09-23 06:31:38,329] [SUBPROCESS]    C840;CTX_L67_2;FILL_L10_29;0.026;
[2026-09-23 06:31:38,331] [SUBPROCESS]    C841;CTX_L67_2;FILL_L126_4;0.258;
[2026-09-23 06:31:38,332] [SUBPROCESS]    C842;CTX_L67_2;FILL_L126_5;0.016;
[2026-09-23 06:31:38,333] [SUBPROCESS]    C843;CTX_L67_2;FILL_L126_6;0.0;
[2026-09-23 06:31:38,334] [SUBPROCESS]    C844;CTX_L67_2;FILL_L126_7;0.001;
[2026-09-23 06:31:38,335] [SUBPROCESS]    C845;CTX_L67_2;FILL_L50_16;0.062;
[2026-09-23 06:31:38,337] [SUBPROCESS]    C846;CTX_L67_2;FILL_L50_17;0.289;
[2026-09-23 06:31:38,338] [SUBPROCESS]    C847;CTX_L67_2;FILL_L50_18;0.289;
[2026-09-23 06:31:38,339] [SUBPROCESS]    C848;CTX_L67_2;FILL_L50_19;0.288;
[2026-09-23 06:31:38,340] [SUBPROCESS]    C849;CTX_L67_2;P;0.239;
[2026-09-23 06:31:38,341] [SUBPROCESS]    C850;CTX_L67_2;VSUBS;0.125;
[2026-09-23 06:31:38,342] [SUBPROCESS]    C851;CTX_L67_3;CTX_L67_4;4.409;
[2026-09-23 06:31:38,343] [SUBPROCESS]    C852;CTX_L67_3;FILL_L126_4;0.114;
[2026-09-23 06:31:38,344] [SUBPROCESS]    C853;CTX_L67_3;FILL_L126_5;0.013;
[2026-09-23 06:31:38,345] [SUBPROCESS]    C854;CTX_L67_3;FILL_L126_6;0.0;
[2026-09-23 06:31:38,347] [SUBPROCESS]    C855;CTX_L67_3;FILL_L126_7;0.001;
[2026-09-23 06:31:38,348] [SUBPROCESS]    C856;CTX_L67_3;FILL_L50_16;0.015;
[2026-09-23 06:31:38,349] [SUBPROCESS]    C857;CTX_L67_3;FILL_L50_17;0.072;
[2026-09-23 06:31:38,350] [SUBPROCESS]    C858;CTX_L67_3;FILL_L50_18;0.072;
[2026-09-23 06:31:38,351] [SUBPROCESS]    C859;CTX_L67_3;FILL_L50_19;0.072;
[2026-09-23 06:31:38,352] [SUBPROCESS]    C860;CTX_L67_3;FILL_L50_20;0.001;
[2026-09-23 06:31:38,353] [SUBPROCESS]    C861;CTX_L67_3;FILL_L50_21;0.004;
[2026-09-23 06:31:38,355] [SUBPROCESS]    C862;CTX_L67_3;FILL_L50_22;0.004;
[2026-09-23 06:31:38,356] [SUBPROCESS]    C863;CTX_L67_3;FILL_L50_23;0.004;
[2026-09-23 06:31:38,357] [SUBPROCESS]    C864;CTX_L67_3;VSUBS;0.039;
[2026-09-23 06:31:38,358] [SUBPROCESS]    C865;CTX_L67_4;CTX_L67_5;4.409;
[2026-09-23 06:31:38,359] [SUBPROCESS]    C866;CTX_L67_4;FILL_L126_4;0.114;
[2026-09-23 06:31:38,360] [SUBPROCESS]    C867;CTX_L67_4;FILL_L126_5;0.013;
[2026-09-23 06:31:38,361] [SUBPROCESS]    C868;CTX_L67_4;FILL_L126_6;0.0;
[2026-09-23 06:31:38,363] [SUBPROCESS]    C869;CTX_L67_4;FILL_L126_7;0.001;
[2026-09-23 06:31:38,364] [SUBPROCESS]    C870;CTX_L67_4;FILL_L50_16;0.004;
[2026-09-23 06:31:38,365] [SUBPROCESS]    C871;CTX_L67_4;FILL_L50_17;0.021;
[2026-09-23 06:31:38,366] [SUBPROCESS]    C872;CTX_L67_4;FILL_L50_18;0.021;
[2026-09-23 06:31:38,367] [SUBPROCESS]    C873;CTX_L67_4;FILL_L50_19;0.021;
[2026-09-23 06:31:38,369] [SUBPROCESS]    C874;CTX_L67_4;FILL_L50_20;0.001;
[2026-09-23 06:31:38,370] [SUBPROCESS]    C875;CTX_L67_4;FILL_L50_21;0.006;
[2026-09-23 06:31:38,371] [SUBPROCESS]    C876;CTX_L67_4;FILL_L50_22;0.006;
[2026-09-23 06:31:38,372] [SUBPROCESS]    C877;CTX_L67_4;FILL_L50_23;0.006;
[2026-09-23 06:31:38,373] [SUBPROCESS]    C878;CTX_L67_4;VSUBS;0.051;
[2026-09-23 06:31:38,375] [SUBPROCESS]    C879;CTX_L67_5;CTX_L67_6;1.608;
[2026-09-23 06:31:38,376] [SUBPROCESS]    C880;CTX_L67_5;FILL_L10_30;0.008;
[2026-09-23 06:31:38,377] [SUBPROCESS]    C881;CTX_L67_5;FILL_L10_31;0.012;
[2026-09-23 06:31:38,378] [SUBPROCESS]    C882;CTX_L67_5;FILL_L10_32;0.012;
[2026-09-23 06:31:38,379] [SUBPROCESS]    C883;CTX_L67_5;FILL_L10_33;0.012;
[2026-09-23 06:31:38,381] [SUBPROCESS]    C884;CTX_L67_5;FILL_L10_34;0.004;
[2026-09-23 06:31:38,382] [SUBPROCESS]    C885;CTX_L67_5;FILL_L126_4;0.155;
[2026-09-23 06:31:38,383] [SUBPROCESS]    C886;CTX_L67_5;FILL_L126_5;0.014;
[2026-09-23 06:31:38,384] [SUBPROCESS]    C887;CTX_L67_5;FILL_L126_6;0.0;
[2026-09-23 06:31:38,385] [SUBPROCESS]    C888;CTX_L67_5;FILL_L126_7;0.002;
[2026-09-23 06:31:38,386] [SUBPROCESS]    C889;CTX_L67_5;FILL_L50_16;0.002;
[2026-09-23 06:31:38,387] [SUBPROCESS]    C890;CTX_L67_5;FILL_L50_17;0.012;
[2026-09-23 06:31:38,388] [SUBPROCESS]    C891;CTX_L67_5;FILL_L50_18;0.012;
[2026-09-23 06:31:38,389] [SUBPROCESS]    C892;CTX_L67_5;FILL_L50_19;0.012;
[2026-09-23 06:31:38,391] [SUBPROCESS]    C893;CTX_L67_5;FILL_L50_20;0.002;
[2026-09-23 06:31:38,392] [SUBPROCESS]    C894;CTX_L67_5;FILL_L50_21;0.01;
[2026-09-23 06:31:38,393] [SUBPROCESS]    C895;CTX_L67_5;FILL_L50_22;0.01;
[2026-09-23 06:31:38,394] [SUBPROCESS]    C896;CTX_L67_5;FILL_L50_23;0.01;
[2026-09-23 06:31:38,395] [SUBPROCESS]    C897;CTX_L67_5;VSUBS;0.043;
[2026-09-23 06:31:38,396] [SUBPROCESS]    C898;CTX_L67_6;CTX_L67_7;1.608;
[2026-09-23 06:31:38,397] [SUBPROCESS]    C899;CTX_L67_6;FILL_L10_30;0.016;
[2026-09-23 06:31:38,398] [SUBPROCESS]    C900;CTX_L67_6;FILL_L10_31;0.018;
[2026-09-23 06:31:38,399] [SUBPROCESS]    C901;CTX_L67_6;FILL_L10_32;0.016;
[2026-09-23 06:31:38,401] [SUBPROCESS]    C902;CTX_L67_6;FILL_L10_33;0.02;
[2026-09-23 06:31:38,402] [SUBPROCESS]    C903;CTX_L67_6;FILL_L10_34;0.01;
[2026-09-23 06:31:38,403] [SUBPROCESS]    C904;CTX_L67_6;FILL_L126_4;0.195;
[2026-09-23 06:31:38,404] [SUBPROCESS]    C905;CTX_L67_6;FILL_L126_5;0.015;
[2026-09-23 06:31:38,406] [SUBPROCESS]    C906;CTX_L67_6;FILL_L126_6;0.0;
[2026-09-23 06:31:38,407] [SUBPROCESS]    C907;CTX_L67_6;FILL_L126_7;0.002;
[2026-09-23 06:31:38,408] [SUBPROCESS]    C908;CTX_L67_6;FILL_L50_16;0.001;
[2026-09-23 06:31:38,409] [SUBPROCESS]    C909;CTX_L67_6;FILL_L50_17;0.005;
[2026-09-23 06:31:38,410] [SUBPROCESS]    C910;CTX_L67_6;FILL_L50_18;0.005;
[2026-09-23 06:31:38,411] [SUBPROCESS]    C911;CTX_L67_6;FILL_L50_19;0.005;
[2026-09-23 06:31:38,412] [SUBPROCESS]    C912;CTX_L67_6;FILL_L50_20;0.02;
[2026-09-23 06:31:38,414] [SUBPROCESS]    C913;CTX_L67_6;FILL_L50_21;0.098;
[2026-09-23 06:31:38,415] [SUBPROCESS]    C914;CTX_L67_6;FILL_L50_22;0.098;
[2026-09-23 06:31:38,416] [SUBPROCESS]    C915;CTX_L67_6;FILL_L50_23;0.098;
[2026-09-23 06:31:38,417] [SUBPROCESS]    C916;CTX_L67_6;VSUBS;0.034;
[2026-09-23 06:31:38,418] [SUBPROCESS]    C917;CTX_L67_7;FILL_L10_30;0.032;
[2026-09-23 06:31:38,419] [SUBPROCESS]    C918;CTX_L67_7;FILL_L10_31;0.015;
[2026-09-23 06:31:38,421] [SUBPROCESS]    C919;CTX_L67_7;FILL_L10_32;0.006;
[2026-09-23 06:31:38,422] [SUBPROCESS]    C920;CTX_L67_7;FILL_L10_33;0.024;
[2026-09-23 06:31:38,423] [SUBPROCESS]    C921;CTX_L67_7;FILL_L10_34;0.025;
[2026-09-23 06:31:38,424] [SUBPROCESS]    C922;CTX_L67_7;FILL_L10_35;0.012;
[2026-09-23 06:31:38,425] [SUBPROCESS]    C923;CTX_L67_7;FILL_L10_36;0.014;
[2026-09-23 06:31:38,426] [SUBPROCESS]    C924;CTX_L67_7;FILL_L10_37;0.013;
[2026-09-23 06:31:38,427] [SUBPROCESS]    C925;CTX_L67_7;FILL_L10_38;0.015;
[2026-09-23 06:31:38,429] [SUBPROCESS]    C926;CTX_L67_7;FILL_L10_39;0.007;
[2026-09-23 06:31:38,430] [SUBPROCESS]    C927;CTX_L67_7;FILL_L126_4;0.224;
[2026-09-23 06:31:38,431] [SUBPROCESS]    C928;CTX_L67_7;FILL_L126_5;0.015;
[2026-09-23 06:31:38,432] [SUBPROCESS]    C929;CTX_L67_7;FILL_L126_6;0.003;
[2026-09-23 06:31:38,433] [SUBPROCESS]    C930;CTX_L67_7;FILL_L126_7;0.02;
[2026-09-23 06:31:38,434] [SUBPROCESS]    C931;CTX_L67_7;FILL_L126_8;0.017;
[2026-09-23 06:31:38,436] [SUBPROCESS]    C932;CTX_L67_7;FILL_L126_9;0.0;
[2026-09-23 06:31:38,437] [SUBPROCESS]    C933;CTX_L67_7;FILL_L50_20;0.07;
[2026-09-23 06:31:38,438] [SUBPROCESS]    C934;CTX_L67_7;FILL_L50_21;0.328;
[2026-09-23 06:31:38,439] [SUBPROCESS]    C935;CTX_L67_7;FILL_L50_22;0.328;
[2026-09-23 06:31:38,440] [SUBPROCESS]    C936;CTX_L67_7;FILL_L50_23;0.327;
[2026-09-23 06:31:38,441] [SUBPROCESS]    C937;CTX_L67_7;FILL_L50_24;0.001;
[2026-09-23 06:31:38,443] [SUBPROCESS]    C938;CTX_L67_7;FILL_L50_25;0.006;
[2026-09-23 06:31:38,444] [SUBPROCESS]    C939;CTX_L67_7;FILL_L50_26;0.006;
[2026-09-23 06:31:38,445] [SUBPROCESS]    C940;CTX_L67_7;FILL_L50_27;0.006;
[2026-09-23 06:31:38,446] [SUBPROCESS]    C941;CTX_L67_7;FILL_L8_36;0.0;
[2026-09-23 06:31:38,447] [SUBPROCESS]    C942;CTX_L67_7;FILL_L8_37;0.001;
[2026-09-23 06:31:38,448] [SUBPROCESS]    C943;CTX_L67_7;FILL_L8_38;0.001;
[2026-09-23 06:31:38,450] [SUBPROCESS]    C944;CTX_L67_7;FILL_L8_39;0.0;
[2026-09-23 06:31:38,451] [SUBPROCESS]    C945;CTX_L67_7;VSUBS;0.14;
[2026-09-23 06:31:38,452] [SUBPROCESS]    C946;CTX_L8_0;FILL_L10_15;0.014;
[2026-09-23 06:31:38,453] [SUBPROCESS]    C947;CTX_L8_0;FILL_L10_16;0.021;
[2026-09-23 06:31:38,454] [SUBPROCESS]    C948;CTX_L8_0;FILL_L10_17;0.021;
[2026-09-23 06:31:38,455] [SUBPROCESS]    C949;CTX_L8_0;FILL_L10_18;0.021;
[2026-09-23 06:31:38,456] [SUBPROCESS]    C950;CTX_L8_0;FILL_L10_19;0.007;
[2026-09-23 06:31:38,457] [SUBPROCESS]    C951;CTX_L8_0;FILL_L10_20;0.114;
[2026-09-23 06:31:38,459] [SUBPROCESS]    C952;CTX_L8_0;FILL_L10_21;0.177;
[2026-09-23 06:31:38,460] [SUBPROCESS]    C953;CTX_L8_0;FILL_L10_22;0.177;
[2026-09-23 06:31:38,461] [SUBPROCESS]    C954;CTX_L8_0;FILL_L10_23;0.177;
[2026-09-23 06:31:38,462] [SUBPROCESS]    C955;CTX_L8_0;FILL_L10_24;0.063;
[2026-09-23 06:31:38,463] [SUBPROCESS]    C956;CTX_L8_0;FILL_L126_4;0.008;
[2026-09-23 06:31:38,464] [SUBPROCESS]    C957;CTX_L8_0;FILL_L30_10;0.004;
[2026-09-23 06:31:38,465] [SUBPROCESS]    C958;CTX_L8_0;FILL_L30_11;0.009;
[2026-09-23 06:31:38,466] [SUBPROCESS]    C959;CTX_L8_0;FILL_L30_12;0.005;
[2026-09-23 06:31:38,467] [SUBPROCESS]    C960;CTX_L8_0;FILL_L30_13;0.009;
[2026-09-23 06:31:38,468] [SUBPROCESS]    C961;CTX_L8_0;FILL_L30_14;0.006;
[2026-09-23 06:31:38,470] [SUBPROCESS]    C962;CTX_L8_0;FILL_L30_15;0.006;
[2026-09-23 06:31:38,471] [SUBPROCESS]    C963;CTX_L8_0;FILL_L30_16;0.007;
[2026-09-23 06:31:38,472] [SUBPROCESS]    C964;CTX_L8_0;FILL_L30_17;0.006;
[2026-09-23 06:31:38,473] [SUBPROCESS]    C965;CTX_L8_0;FILL_L30_18;0.009;
[2026-09-23 06:31:38,474] [SUBPROCESS]    C966;CTX_L8_0;FILL_L30_20;0.001;
[2026-09-23 06:31:38,475] [SUBPROCESS]    C967;CTX_L8_0;FILL_L30_23;0.0;
[2026-09-23 06:31:38,476] [SUBPROCESS]    C968;CTX_L8_0;FILL_L30_25;0.001;
[2026-09-23 06:31:38,477] [SUBPROCESS]    C969;CTX_L8_0;FILL_L30_8;0.001;
[2026-09-23 06:31:38,478] [SUBPROCESS]    C970;CTX_L8_0;FILL_L30_9;0.006;
[2026-09-23 06:31:38,480] [SUBPROCESS]    C971;CTX_L8_0;FILL_L50_12;0.001;
[2026-09-23 06:31:38,481] [SUBPROCESS]    C972;CTX_L8_0;FILL_L50_13;0.02;
[2026-09-23 06:31:38,482] [SUBPROCESS]    C973;CTX_L8_0;FILL_L50_14;0.016;
[2026-09-23 06:31:38,483] [SUBPROCESS]    C974;CTX_L8_0;FILL_L50_15;0.024;
[2026-09-23 06:31:38,484] [SUBPROCESS]    C975;CTX_L8_0;FILL_L50_17;0.001;
[2026-09-23 06:31:38,485] [SUBPROCESS]    C976;CTX_L8_0;FILL_L50_18;0.001;
[2026-09-23 06:31:38,486] [SUBPROCESS]    C977;CTX_L8_0;FILL_L50_19;0.003;
[2026-09-23 06:31:38,487] [SUBPROCESS]    C978;CTX_L8_0;FILL_L8_10;0.006;
[2026-09-23 06:31:38,489] [SUBPROCESS]    C979;CTX_L8_0;FILL_L8_11;0.007;
[2026-09-23 06:31:38,490] [SUBPROCESS]    C980;CTX_L8_0;FILL_L8_12;0.007;
[2026-09-23 06:31:38,491] [SUBPROCESS]    C981;CTX_L8_0;FILL_L8_13;0.007;
[2026-09-23 06:31:38,492] [SUBPROCESS]    C982;CTX_L8_0;FILL_L8_14;0.001;
[2026-09-23 06:31:38,493] [SUBPROCESS]    C983;CTX_L8_0;FILL_L8_15;0.007;
[2026-09-23 06:31:38,494] [SUBPROCESS]    C984;CTX_L8_0;FILL_L8_16;0.007;
[2026-09-23 06:31:38,496] [SUBPROCESS]    C985;CTX_L8_0;FILL_L8_17;0.007;
[2026-09-23 06:31:38,497] [SUBPROCESS]    C986;CTX_L8_0;FILL_L8_18;0.007;
[2026-09-23 06:31:38,498] [SUBPROCESS]    C987;CTX_L8_0;FILL_L8_19;0.007;
[2026-09-23 06:31:38,499] [SUBPROCESS]    C988;CTX_L8_0;FILL_L8_20;0.007;
[2026-09-23 06:31:38,500] [SUBPROCESS]    C989;CTX_L8_0;FILL_L8_21;0.007;
[2026-09-23 06:31:38,501] [SUBPROCESS]    C990;CTX_L8_0;FILL_L8_22;0.007;
[2026-09-23 06:31:38,503] [SUBPROCESS]    C991;CTX_L8_0;FILL_L8_23;0.013;
[2026-09-23 06:31:38,504] [SUBPROCESS]    C992;CTX_L8_0;FILL_L8_24;0.013;
[2026-09-23 06:31:38,505] [SUBPROCESS]    C993;CTX_L8_0;FILL_L8_25;0.013;
[2026-09-23 06:31:38,506] [SUBPROCESS]    C994;CTX_L8_0;FILL_L8_26;0.013;
[2026-09-23 06:31:38,507] [SUBPROCESS]    C995;CTX_L8_0;FILL_L8_27;0.013;
[2026-09-23 06:31:38,508] [SUBPROCESS]    C996;CTX_L8_0;FILL_L8_28;0.013;
[2026-09-23 06:31:38,509] [SUBPROCESS]    C997;CTX_L8_0;FILL_L8_29;0.013;
[2026-09-23 06:31:38,511] [SUBPROCESS]    C998;CTX_L8_0;FILL_L8_30;0.013;
[2026-09-23 06:31:38,512] [SUBPROCESS]    C999;CTX_L8_0;FILL_L8_31;0.008;
[2026-09-23 06:31:38,513] [SUBPROCESS]    C1000;CTX_L8_0;FILL_L8_32;0.009;
[2026-09-23 06:31:38,514] [SUBPROCESS]    C1001;CTX_L8_0;FILL_L8_33;0.009;
[2026-09-23 06:31:38,515] [SUBPROCESS]    C1002;CTX_L8_0;FILL_L8_34;0.009;
[2026-09-23 06:31:38,516] [SUBPROCESS]    C1003;CTX_L8_0;FILL_L8_35;0.001;
[2026-09-23 06:31:38,517] [SUBPROCESS]    C1004;CTX_L8_0;N;0.006;
[2026-09-23 06:31:38,518] [SUBPROCESS]    C1005;CTX_L8_0;P;0.003;
[2026-09-23 06:31:38,519] [SUBPROCESS]    C1006;CTX_L8_0;VSUBS;1.632;
[2026-09-23 06:31:38,520] [SUBPROCESS]    C1007;CTX_L8_1;FILL_L10_40;0.149;
[2026-09-23 06:31:38,521] [SUBPROCESS]    C1008;CTX_L8_1;FILL_L10_41;0.227;
[2026-09-23 06:31:38,523] [SUBPROCESS]    C1009;CTX_L8_1;FILL_L10_42;0.227;
[2026-09-23 06:31:38,524] [SUBPROCESS]    C1010;CTX_L8_1;FILL_L10_43;0.227;
[2026-09-23 06:31:38,525] [SUBPROCESS]    C1011;CTX_L8_1;FILL_L10_44;0.077;
[2026-09-23 06:31:38,526] [SUBPROCESS]    C1012;CTX_L8_1;FILL_L10_47;0.0;
[2026-09-23 06:31:38,527] [SUBPROCESS]    C1013;CTX_L8_1;FILL_L10_48;0.0;
[2026-09-23 06:31:38,528] [SUBPROCESS]    C1014;CTX_L8_1;FILL_L126_7;0.01;
[2026-09-23 06:31:38,529] [SUBPROCESS]    C1015;CTX_L8_1;FILL_L126_8;0.008;
[2026-09-23 06:31:38,530] [SUBPROCESS]    C1016;CTX_L8_1;FILL_L126_9;0.0;
[2026-09-23 06:31:38,531] [SUBPROCESS]    C1017;CTX_L8_1;FILL_L50_21;0.001;
[2026-09-23 06:31:38,532] [SUBPROCESS]    C1018;CTX_L8_1;FILL_L50_22;0.0;
[2026-09-23 06:31:38,534] [SUBPROCESS]    C1019;CTX_L8_1;FILL_L50_23;0.001;
[2026-09-23 06:31:38,535] [SUBPROCESS]    C1020;CTX_L8_1;FILL_L50_24;0.002;
[2026-09-23 06:31:38,536] [SUBPROCESS]    C1021;CTX_L8_1;FILL_L50_25;0.012;
[2026-09-23 06:31:38,537] [SUBPROCESS]    C1022;CTX_L8_1;FILL_L50_26;0.011;
[2026-09-23 06:31:38,538] [SUBPROCESS]    C1023;CTX_L8_1;FILL_L50_27;0.013;
[2026-09-23 06:31:38,539] [SUBPROCESS]    C1024;CTX_L8_1;FILL_L50_28;0.004;
[2026-09-23 06:31:38,540] [SUBPROCESS]    C1025;CTX_L8_1;FILL_L50_29;0.013;
[2026-09-23 06:31:38,542] [SUBPROCESS]    C1026;CTX_L8_1;FILL_L50_30;0.01;
[2026-09-23 06:31:38,543] [SUBPROCESS]    C1027;CTX_L8_1;FILL_L50_31;0.017;
[2026-09-23 06:31:38,544] [SUBPROCESS]    C1028;CTX_L8_1;FILL_L8_41;0.021;
[2026-09-23 06:31:38,545] [SUBPROCESS]    C1029;CTX_L8_1;FILL_L8_42;0.032;
[2026-09-23 06:31:38,546] [SUBPROCESS]    C1030;CTX_L8_1;FILL_L8_43;0.032;
[2026-09-23 06:31:38,547] [SUBPROCESS]    C1031;CTX_L8_1;FILL_L8_44;0.032;
[2026-09-23 06:31:38,548] [SUBPROCESS]    C1032;CTX_L8_1;FILL_L8_45;0.011;
[2026-09-23 06:31:38,549] [SUBPROCESS]    C1033;CTX_L8_1;FILL_L8_46;0.062;
[2026-09-23 06:31:38,550] [SUBPROCESS]    C1034;CTX_L8_1;FILL_L8_47;0.062;
[2026-09-23 06:31:38,551] [SUBPROCESS]    C1035;CTX_L8_1;FILL_L8_48;0.062;
[2026-09-23 06:31:38,553] [SUBPROCESS]    C1036;CTX_L8_1;FILL_L8_49;0.062;
[2026-09-23 06:31:38,554] [SUBPROCESS]    C1037;CTX_L8_1;FILL_L8_50;0.062;
[2026-09-23 06:31:38,555] [SUBPROCESS]    C1038;CTX_L8_1;FILL_L8_51;0.062;
[2026-09-23 06:31:38,556] [SUBPROCESS]    C1039;CTX_L8_1;FILL_L8_52;0.062;
[2026-09-23 06:31:38,567] [SUBPROCESS]    C1040;CTX_L8_1;FILL_L8_53;0.062;
[2026-09-23 06:31:38,569] [SUBPROCESS]    C1041;CTX_L8_1;FILL_L8_54;0.006;
[2026-09-23 06:31:38,570] [SUBPROCESS]    C1042;CTX_L8_1;FILL_L8_55;0.007;
[2026-09-23 06:31:38,571] [SUBPROCESS]    C1043;CTX_L8_1;FILL_L8_56;0.007;
[2026-09-23 06:31:38,572] [SUBPROCESS]    C1044;CTX_L8_1;FILL_L8_57;0.007;
[2026-09-23 06:31:38,573] [SUBPROCESS]    C1045;CTX_L8_1;FILL_L8_58;0.007;
[2026-09-23 06:31:38,574] [SUBPROCESS]    C1046;CTX_L8_1;FILL_L8_59;0.007;
[2026-09-23 06:31:38,575] [SUBPROCESS]    C1047;CTX_L8_1;FILL_L8_60;0.007;
[2026-09-23 06:31:38,576] [SUBPROCESS]    C1048;CTX_L8_1;FILL_L8_61;0.007;
[2026-09-23 06:31:38,578] [SUBPROCESS]    C1049;CTX_L8_1;FILL_L8_62;0.001;
[2026-09-23 06:31:38,579] [SUBPROCESS]    C1050;CTX_L8_1;VSUBS;1.416;
[2026-09-23 06:31:38,580] [SUBPROCESS]    C1051;FILL_L10_0;FILL_L10_1;0.098;
[2026-09-23 06:31:38,581] [SUBPROCESS]    C1052;FILL_L10_0;FILL_L10_5;0.064;
[2026-09-23 06:31:38,582] [SUBPROCESS]    C1053;FILL_L10_0;FILL_L126_0;0.048;
[2026-09-23 06:31:38,583] [SUBPROCESS]    C1054;FILL_L10_0;FILL_L126_1;0.036;
[2026-09-23 06:31:38,584] [SUBPROCESS]    C1055;FILL_L10_0;FILL_L134_0;0.025;
[2026-09-23 06:31:38,585] [SUBPROCESS]    C1056;FILL_L10_0;FILL_L134_1;0.024;
[2026-09-23 06:31:38,586] [SUBPROCESS]    C1057;FILL_L10_0;FILL_L30_0;0.275;
[2026-09-23 06:31:38,588] [SUBPROCESS]    C1058;FILL_L10_0;FILL_L30_1;0.085;
[2026-09-23 06:31:38,589] [SUBPROCESS]    C1059;FILL_L10_0;FILL_L50_0;0.052;
[2026-09-23 06:31:38,590] [SUBPROCESS]    C1060;FILL_L10_0;FILL_L50_1;0.036;
[2026-09-23 06:31:38,591] [SUBPROCESS]    C1061;FILL_L10_0;FILL_L8_0;0.541;
[2026-09-23 06:31:38,592] [SUBPROCESS]    C1062;FILL_L10_0;VSUBS;0.283;
[2026-09-23 06:31:38,593] [SUBPROCESS]    C1063;FILL_L10_1;FILL_L10_2;0.098;
[2026-09-23 06:31:38,594] [SUBPROCESS]    C1064;FILL_L10_1;FILL_L10_6;0.098;
[2026-09-23 06:31:38,595] [SUBPROCESS]    C1065;FILL_L10_1;FILL_L126_1;0.059;
[2026-09-23 06:31:38,596] [SUBPROCESS]    C1066;FILL_L10_1;FILL_L30_1;0.789;
[2026-09-23 06:31:38,597] [SUBPROCESS]    C1067;FILL_L10_1;FILL_L30_2;0.009;
[2026-09-23 06:31:38,598] [SUBPROCESS]    C1068;FILL_L10_1;FILL_L50_1;0.052;
[2026-09-23 06:31:38,600] [SUBPROCESS]    C1069;FILL_L10_1;FILL_L50_2;0.01;
[2026-09-23 06:31:38,601] [SUBPROCESS]    C1070;FILL_L10_1;FILL_L8_1;0.824;
[2026-09-23 06:31:38,602] [SUBPROCESS]    C1071;FILL_L10_1;VSUBS;0.269;
[2026-09-23 06:31:38,603] [SUBPROCESS]    C1072;FILL_L10_10;FILL_L10_11;0.098;
[2026-09-23 06:31:38,604] [SUBPROCESS]    C1073;FILL_L10_10;FILL_L10_15;0.064;
[2026-09-23 06:31:38,605] [SUBPROCESS]    C1074;FILL_L10_10;FILL_L10_5;0.064;
[2026-09-23 06:31:38,606] [SUBPROCESS]    C1075;FILL_L10_10;FILL_L126_0;0.006;
[2026-09-23 06:31:38,608] [SUBPROCESS]    C1076;FILL_L10_10;FILL_L134_0;0.006;
[2026-09-23 06:31:38,609] [SUBPROCESS]    C1077;FILL_L10_10;FILL_L30_4;0.146;
[2026-09-23 06:31:38,610] [SUBPROCESS]    C1078;FILL_L10_10;FILL_L30_5;0.034;
[2026-09-23 06:31:38,611] [SUBPROCESS]    C1079;FILL_L10_10;FILL_L30_8;0.1;
[2026-09-23 06:31:38,612] [SUBPROCESS]    C1080;FILL_L10_10;FILL_L30_9;0.017;
[2026-09-23 06:31:38,613] [SUBPROCESS]    C1081;FILL_L10_10;FILL_L50_4;0.033;
[2026-09-23 06:31:38,614] [SUBPROCESS]    C1082;FILL_L10_10;FILL_L50_5;0.014;
[2026-09-23 06:31:38,616] [SUBPROCESS]    C1083;FILL_L10_10;FILL_L50_8;0.025;
[2026-09-23 06:31:38,617] [SUBPROCESS]    C1084;FILL_L10_10;FILL_L50_9;0.007;
[2026-09-23 06:31:38,618] [SUBPROCESS]    C1085;FILL_L10_10;FILL_L8_10;0.541;
[2026-09-23 06:31:38,619] [SUBPROCESS]    C1086;FILL_L10_10;VSUBS;0.235;
[2026-09-23 06:31:38,620] [SUBPROCESS]    C1087;FILL_L10_11;FILL_L10_12;0.098;
[2026-09-23 06:31:38,621] [SUBPROCESS]    C1088;FILL_L10_11;FILL_L10_16;0.098;
[2026-09-23 06:31:38,622] [SUBPROCESS]    C1089;FILL_L10_11;FILL_L10_6;0.098;
[2026-09-23 06:31:38,623] [SUBPROCESS]    C1090;FILL_L10_11;FILL_L126_1;0.031;
[2026-09-23 06:31:38,625] [SUBPROCESS]    C1091;FILL_L10_11;FILL_L134_1;0.03;
[2026-09-23 06:31:38,626] [SUBPROCESS]    C1092;FILL_L10_11;FILL_L30_10;0.002;
[2026-09-23 06:31:38,627] [SUBPROCESS]    C1093;FILL_L10_11;FILL_L30_5;0.45;
[2026-09-23 06:31:38,628] [SUBPROCESS]    C1094;FILL_L10_11;FILL_L30_6;0.003;
[2026-09-23 06:31:38,629] [SUBPROCESS]    C1095;FILL_L10_11;FILL_L30_9;0.328;
[2026-09-23 06:31:38,630] [SUBPROCESS]    C1096;FILL_L10_11;FILL_L50_10;0.002;
[2026-09-23 06:31:38,632] [SUBPROCESS]    C1097;FILL_L10_11;FILL_L50_5;0.069;
[2026-09-23 06:31:38,633] [SUBPROCESS]    C1098;FILL_L10_11;FILL_L50_6;0.004;
[2026-09-23 06:31:38,634] [SUBPROCESS]    C1099;FILL_L10_11;FILL_L50_9;0.065;
[2026-09-23 06:31:38,635] [SUBPROCESS]    C1100;FILL_L10_11;FILL_L8_11;0.824;
[2026-09-23 06:31:38,636] [SUBPROCESS]    C1101;FILL_L10_11;VSUBS;0.196;
[2026-09-23 06:31:38,637] [SUBPROCESS]    C1102;FILL_L10_12;FILL_L10_13;0.098;
[2026-09-23 06:31:38,639] [SUBPROCESS]    C1103;FILL_L10_12;FILL_L10_17;0.098;
[2026-09-23 06:31:38,640] [SUBPROCESS]    C1104;FILL_L10_12;FILL_L10_7;0.098;
[2026-09-23 06:31:38,641] [SUBPROCESS]    C1105;FILL_L10_12;FILL_L126_2;0.004;
[2026-09-23 06:31:38,642] [SUBPROCESS]    C1106;FILL_L10_12;FILL_L134_2;0.004;
[2026-09-23 06:31:38,643] [SUBPROCESS]    C1107;FILL_L10_12;FILL_L30_10;0.365;
[2026-09-23 06:31:38,645] [SUBPROCESS]    C1108;FILL_L10_12;FILL_L30_6;0.49;
[2026-09-23 06:31:38,646] [SUBPROCESS]    C1109;FILL_L10_12;FILL_L50_10;0.073;
[2026-09-23 06:31:38,647] [SUBPROCESS]    C1110;FILL_L10_12;FILL_L50_6;0.073;
[2026-09-23 06:31:38,648] [SUBPROCESS]    C1111;FILL_L10_12;FILL_L8_12;0.824;
[2026-09-23 06:31:38,649] [SUBPROCESS]    C1112;FILL_L10_12;VSUBS;0.196;
[2026-09-23 06:31:38,651] [SUBPROCESS]    C1113;FILL_L10_13;FILL_L10_14;0.098;
[2026-09-23 06:31:38,652] [SUBPROCESS]    C1114;FILL_L10_13;FILL_L10_18;0.098;
[2026-09-23 06:31:38,653] [SUBPROCESS]    C1115;FILL_L10_13;FILL_L10_8;0.098;
[2026-09-23 06:31:38,654] [SUBPROCESS]    C1116;FILL_L10_13;FILL_L126_2;0.03;
[2026-09-23 06:31:38,655] [SUBPROCESS]    C1117;FILL_L10_13;FILL_L134_2;0.028;
[2026-09-23 06:31:38,656] [SUBPROCESS]    C1118;FILL_L10_13;FILL_L30_10;0.007;
[2026-09-23 06:31:38,658] [SUBPROCESS]    C1119;FILL_L10_13;FILL_L30_11;0.285;
[2026-09-23 06:31:38,659] [SUBPROCESS]    C1120;FILL_L10_13;FILL_L30_6;0.014;
[2026-09-23 06:31:38,660] [SUBPROCESS]    C1121;FILL_L10_13;FILL_L30_7;0.398;
[2026-09-23 06:31:38,661] [SUBPROCESS]    C1122;FILL_L10_13;FILL_L50_10;0.004;
[2026-09-23 06:31:38,662] [SUBPROCESS]    C1123;FILL_L10_13;FILL_L50_11;0.058;
[2026-09-23 06:31:38,663] [SUBPROCESS]    C1124;FILL_L10_13;FILL_L50_6;0.009;
[2026-09-23 06:31:38,664] [SUBPROCESS]    C1125;FILL_L10_13;FILL_L50_7;0.064;
[2026-09-23 06:31:38,666] [SUBPROCESS]    C1126;FILL_L10_13;FILL_L8_13;0.824;
[2026-09-23 06:31:38,667] [SUBPROCESS]    C1127;FILL_L10_13;VSUBS;0.196;
[2026-09-23 06:31:38,668] [SUBPROCESS]    C1128;FILL_L10_14;FILL_L10_19;0.034;
[2026-09-23 06:31:38,669] [SUBPROCESS]    C1129;FILL_L10_14;FILL_L10_9;0.034;
[2026-09-23 06:31:38,671] [SUBPROCESS]    C1130;FILL_L10_14;FILL_L126_3;0.001;
[2026-09-23 06:31:38,672] [SUBPROCESS]    C1131;FILL_L10_14;FILL_L134_3;0.001;
[2026-09-23 06:31:38,673] [SUBPROCESS]    C1132;FILL_L10_14;FILL_L30_11;0.031;
[2026-09-23 06:31:38,674] [SUBPROCESS]    C1133;FILL_L10_14;FILL_L30_7;0.062;
[2026-09-23 06:31:38,676] [SUBPROCESS]    C1134;FILL_L10_14;FILL_L50_11;0.007;
[2026-09-23 06:31:38,677] [SUBPROCESS]    C1135;FILL_L10_14;FILL_L50_7;0.014;
[2026-09-23 06:31:38,678] [SUBPROCESS]    C1136;FILL_L10_14;FILL_L8_14;0.282;
[2026-09-23 06:31:38,679] [SUBPROCESS]    C1137;FILL_L10_14;VSUBS;0.204;
[2026-09-23 06:31:38,680] [SUBPROCESS]    C1138;FILL_L10_15;FILL_L10_16;0.098;
[2026-09-23 06:31:38,682] [SUBPROCESS]    C1139;FILL_L10_15;FILL_L10_20;0.064;
[2026-09-23 06:31:38,683] [SUBPROCESS]    C1140;FILL_L10_15;FILL_L30_12;0.027;
[2026-09-23 06:31:38,684] [SUBPROCESS]    C1141;FILL_L10_15;FILL_L30_8;0.234;
[2026-09-23 06:31:38,685] [SUBPROCESS]    C1142;FILL_L10_15;FILL_L30_9;0.068;
[2026-09-23 06:31:38,687] [SUBPROCESS]    C1143;FILL_L10_15;FILL_L50_12;0.012;
[2026-09-23 06:31:38,688] [SUBPROCESS]    C1144;FILL_L10_15;FILL_L50_8;0.047;
[2026-09-23 06:31:38,689] [SUBPROCESS]    C1145;FILL_L10_15;FILL_L50_9;0.029;
[2026-09-23 06:31:38,690] [SUBPROCESS]    C1146;FILL_L10_15;FILL_L8_10;0.009;
[2026-09-23 06:31:38,692] [SUBPROCESS]    C1147;FILL_L10_15;FILL_L8_15;0.116;
[2026-09-23 06:31:38,693] [SUBPROCESS]    C1148;FILL_L10_15;N;0.011;
[2026-09-23 06:31:38,694] [SUBPROCESS]    C1149;FILL_L10_15;VSUBS;0.363;
[2026-09-23 06:31:38,695] [SUBPROCESS]    C1150;FILL_L10_16;FILL_L10_17;0.098;
[2026-09-23 06:31:38,697] [SUBPROCESS]    C1151;FILL_L10_16;FILL_L10_21;0.098;
[2026-09-23 06:31:38,698] [SUBPROCESS]    C1152;FILL_L10_16;FILL_L30_10;0.007;
[2026-09-23 06:31:38,700] [SUBPROCESS]    C1153;FILL_L10_16;FILL_L30_14;0.034;
[2026-09-23 06:31:38,701] [SUBPROCESS]    C1154;FILL_L10_16;FILL_L30_9;0.684;
[2026-09-23 06:31:38,702] [SUBPROCESS]    C1155;FILL_L10_16;FILL_L50_10;0.008;
[2026-09-23 06:31:38,703] [SUBPROCESS]    C1156;FILL_L10_16;FILL_L50_13;0.056;
[2026-09-23 06:31:38,704] [SUBPROCESS]    C1157;FILL_L10_16;FILL_L50_9;0.063;
[2026-09-23 06:31:38,706] [SUBPROCESS]    C1158;FILL_L10_16;FILL_L8_11;0.01;
[2026-09-23 06:31:38,707] [SUBPROCESS]    C1159;FILL_L10_16;FILL_L8_16;0.118;
[2026-09-23 06:31:38,708] [SUBPROCESS]    C1160;FILL_L10_16;FILL_L8_17;0.118;
[2026-09-23 06:31:38,709] [SUBPROCESS]    C1161;FILL_L10_16;N;0.013;
[2026-09-23 06:31:38,710] [SUBPROCESS]    C1162;FILL_L10_16;VSUBS;0.383;
[2026-09-23 06:31:38,712] [SUBPROCESS]    C1163;FILL_L10_17;FILL_L10_18;0.098;
[2026-09-23 06:31:38,713] [SUBPROCESS]    C1164;FILL_L10_17;FILL_L10_22;0.098;
[2026-09-23 06:31:38,714] [SUBPROCESS]    C1165;FILL_L10_17;FILL_L126_4;0.003;
[2026-09-23 06:31:38,715] [SUBPROCESS]    C1166;FILL_L10_17;FILL_L30_10;0.727;
[2026-09-23 06:31:38,717] [SUBPROCESS]    C1167;FILL_L10_17;FILL_L30_15;0.034;
[2026-09-23 06:31:38,718] [SUBPROCESS]    C1168;FILL_L10_17;FILL_L30_16;0.017;
[2026-09-23 06:31:38,719] [SUBPROCESS]    C1169;FILL_L10_17;FILL_L50_10;0.059;
[2026-09-23 06:31:38,721] [SUBPROCESS]    C1170;FILL_L10_17;FILL_L50_14;0.063;
[2026-09-23 06:31:38,722] [SUBPROCESS]    C1171;FILL_L10_17;FILL_L8_12;0.01;
[2026-09-23 06:31:38,723] [SUBPROCESS]    C1172;FILL_L10_17;FILL_L8_18;0.118;
[2026-09-23 06:31:38,724] [SUBPROCESS]    C1173;FILL_L10_17;FILL_L8_19;0.118;
[2026-09-23 06:31:38,725] [SUBPROCESS]    C1174;FILL_L10_17;N;0.011;
[2026-09-23 06:31:38,726] [SUBPROCESS]    C1175;FILL_L10_17;VSUBS;0.383;
[2026-09-23 06:31:38,727] [SUBPROCESS]    C1176;FILL_L10_18;FILL_L10_19;0.098;
[2026-09-23 06:31:38,729] [SUBPROCESS]    C1177;FILL_L10_18;FILL_L10_23;0.098;
[2026-09-23 06:31:38,730] [SUBPROCESS]    C1178;FILL_L10_18;FILL_L126_4;0.026;
[2026-09-23 06:31:38,731] [SUBPROCESS]    C1179;FILL_L10_18;FILL_L30_10;0.028;
[2026-09-23 06:31:38,733] [SUBPROCESS]    C1180;FILL_L10_18;FILL_L30_11;0.616;
[2026-09-23 06:31:38,734] [SUBPROCESS]    C1181;FILL_L10_18;FILL_L30_17;0.034;
[2026-09-23 06:31:38,735] [SUBPROCESS]    C1182;FILL_L10_18;FILL_L50_10;0.017;
[2026-09-23 06:31:38,736] [SUBPROCESS]    C1183;FILL_L10_18;FILL_L50_11;0.066;
[2026-09-23 06:31:38,738] [SUBPROCESS]    C1184;FILL_L10_18;FILL_L50_15;0.046;
[2026-09-23 06:31:38,739] [SUBPROCESS]    C1185;FILL_L10_18;FILL_L8_13;0.01;
[2026-09-23 06:31:38,740] [SUBPROCESS]    C1186;FILL_L10_18;FILL_L8_20;0.118;
[2026-09-23 06:31:38,741] [SUBPROCESS]    C1187;FILL_L10_18;FILL_L8_21;0.118;
[2026-09-23 06:31:38,742] [SUBPROCESS]    C1188;FILL_L10_18;N;0.014;
[2026-09-23 06:31:38,744] [SUBPROCESS]    C1189;FILL_L10_18;VSUBS;0.383;
[2026-09-23 06:31:38,745] [SUBPROCESS]    C1190;FILL_L10_19;FILL_L10_24;0.034;
[2026-09-23 06:31:38,746] [SUBPROCESS]    C1191;FILL_L10_19;FILL_L126_5;0.001;
[2026-09-23 06:31:38,747] [SUBPROCESS]    C1192;FILL_L10_19;FILL_L30_11;0.124;
[2026-09-23 06:31:38,749] [SUBPROCESS]    C1193;FILL_L10_19;FILL_L50_11;0.028;
[2026-09-23 06:31:38,750] [SUBPROCESS]    C1194;FILL_L10_19;FILL_L8_14;0.001;
[2026-09-23 06:31:38,751] [SUBPROCESS]    C1195;FILL_L10_19;FILL_L8_22;0.1;
[2026-09-23 06:31:38,752] [SUBPROCESS]    C1196;FILL_L10_19;N;0.007;
[2026-09-23 06:31:38,753] [SUBPROCESS]    C1197;FILL_L10_19;VSUBS;0.263;
[2026-09-23 06:31:38,755] [SUBPROCESS]    C1198;FILL_L10_2;FILL_L10_3;0.098;
[2026-09-23 06:31:38,756] [SUBPROCESS]    C1199;FILL_L10_2;FILL_L10_7;0.098;
[2026-09-23 06:31:38,757] [SUBPROCESS]    C1200;FILL_L10_2;FILL_L126_1;0.034;
[2026-09-23 06:31:38,758] [SUBPROCESS]    C1201;FILL_L10_2;FILL_L126_2;0.036;
[2026-09-23 06:31:38,759] [SUBPROCESS]    C1202;FILL_L10_2;FILL_L134_1;0.014;
[2026-09-23 06:31:38,761] [SUBPROCESS]    C1203;FILL_L10_2;FILL_L134_2;0.014;
[2026-09-23 06:31:38,762] [SUBPROCESS]    C1204;FILL_L10_2;FILL_L30_2;0.831;
[2026-09-23 06:31:38,763] [SUBPROCESS]    C1205;FILL_L10_2;FILL_L50_2;0.042;
[2026-09-23 06:31:38,764] [SUBPROCESS]    C1206;FILL_L10_2;FILL_L8_2;0.824;
[2026-09-23 06:31:38,765] [SUBPROCESS]    C1207;FILL_L10_2;VSUBS;0.269;
[2026-09-23 06:31:38,767] [SUBPROCESS]    C1208;FILL_L10_20;FILL_L10_21;0.098;
[2026-09-23 06:31:38,768] [SUBPROCESS]    C1209;FILL_L10_20;FILL_L10_25;0.064;
[2026-09-23 06:31:38,769] [SUBPROCESS]    C1210;FILL_L10_20;FILL_L30_12;0.054;
[2026-09-23 06:31:38,770] [SUBPROCESS]    C1211;FILL_L10_20;FILL_L30_19;0.001;
[2026-09-23 06:31:38,771] [SUBPROCESS]    C1212;FILL_L10_20;FILL_L50_12;0.109;
[2026-09-23 06:31:38,773] [SUBPROCESS]    C1213;FILL_L10_20;FILL_L50_13;0.063;
[2026-09-23 06:31:38,774] [SUBPROCESS]    C1214;FILL_L10_20;FILL_L50_16;0.002;
[2026-09-23 06:31:38,775] [SUBPROCESS]    C1215;FILL_L10_20;FILL_L8_23;0.116;
[2026-09-23 06:31:38,787] [SUBPROCESS]    C1216;FILL_L10_20;FILL_L8_31;0.008;
[2026-09-23 06:31:38,788] [SUBPROCESS]    C1217;FILL_L10_20;N;0.034;
[2026-09-23 06:31:38,789] [SUBPROCESS]    C1218;FILL_L10_20;P;0.002;
[2026-09-23 06:31:38,791] [SUBPROCESS]    C1219;FILL_L10_20;VSUBS;0.349;
[2026-09-23 06:31:38,792] [SUBPROCESS]    C1220;FILL_L10_21;FILL_L10_22;0.098;
[2026-09-23 06:31:38,793] [SUBPROCESS]    C1221;FILL_L10_21;FILL_L10_26;0.098;
[2026-09-23 06:31:38,794] [SUBPROCESS]    C1222;FILL_L10_21;FILL_L126_4;0.004;
[2026-09-23 06:31:38,795] [SUBPROCESS]    C1223;FILL_L10_21;FILL_L30_14;0.068;
[2026-09-23 06:31:38,797] [SUBPROCESS]    C1224;FILL_L10_21;FILL_L30_21;0.002;
[2026-09-23 06:31:38,798] [SUBPROCESS]    C1225;FILL_L10_21;FILL_L30_9;0.008;
[2026-09-23 06:31:38,799] [SUBPROCESS]    C1226;FILL_L10_21;FILL_L50_13;0.275;
[2026-09-23 06:31:38,800] [SUBPROCESS]    C1227;FILL_L10_21;FILL_L50_14;0.012;
[2026-09-23 06:31:38,801] [SUBPROCESS]    C1228;FILL_L10_21;FILL_L50_17;0.007;
[2026-09-23 06:31:38,802] [SUBPROCESS]    C1229;FILL_L10_21;FILL_L8_24;0.117;
[2026-09-23 06:31:38,804] [SUBPROCESS]    C1230;FILL_L10_21;FILL_L8_25;0.117;
[2026-09-23 06:31:38,805] [SUBPROCESS]    C1231;FILL_L10_21;FILL_L8_32;0.01;
[2026-09-23 06:31:38,806] [SUBPROCESS]    C1232;FILL_L10_21;N;0.02;
[2026-09-23 06:31:38,807] [SUBPROCESS]    C1233;FILL_L10_21;P;0.003;
[2026-09-23 06:31:38,808] [SUBPROCESS]    C1234;FILL_L10_21;VSUBS;0.359;
[2026-09-23 06:31:38,810] [SUBPROCESS]    C1235;FILL_L10_22;FILL_L10_23;0.098;
[2026-09-23 06:31:38,811] [SUBPROCESS]    C1236;FILL_L10_22;FILL_L10_27;0.098;
[2026-09-23 06:31:38,812] [SUBPROCESS]    C1237;FILL_L10_22;FILL_L126_4;0.011;
[2026-09-23 06:31:38,813] [SUBPROCESS]    C1238;FILL_L10_22;FILL_L30_10;0.008;
[2026-09-23 06:31:38,814] [SUBPROCESS]    C1239;FILL_L10_22;FILL_L30_15;0.068;
[2026-09-23 06:31:38,816] [SUBPROCESS]    C1240;FILL_L10_22;FILL_L30_16;0.034;
[2026-09-23 06:31:38,817] [SUBPROCESS]    C1241;FILL_L10_22;FILL_L30_22;0.002;
[2026-09-23 06:31:38,818] [SUBPROCESS]    C1242;FILL_L10_22;FILL_L30_23;0.001;
[2026-09-23 06:31:38,819] [SUBPROCESS]    C1243;FILL_L10_22;FILL_L50_14;0.282;
[2026-09-23 06:31:38,820] [SUBPROCESS]    C1244;FILL_L10_22;FILL_L50_18;0.008;
[2026-09-23 06:31:38,822] [SUBPROCESS]    C1245;FILL_L10_22;FILL_L8_26;0.117;
[2026-09-23 06:31:38,823] [SUBPROCESS]    C1246;FILL_L10_22;FILL_L8_27;0.117;
[2026-09-23 06:31:38,824] [SUBPROCESS]    C1247;FILL_L10_22;FILL_L8_33;0.01;
[2026-09-23 06:31:38,825] [SUBPROCESS]    C1248;FILL_L10_22;N;0.011;
[2026-09-23 06:31:38,826] [SUBPROCESS]    C1249;FILL_L10_22;P;0.003;
[2026-09-23 06:31:38,828] [SUBPROCESS]    C1250;FILL_L10_22;VSUBS;0.359;
[2026-09-23 06:31:38,829] [SUBPROCESS]    C1251;FILL_L10_23;FILL_L10_24;0.098;
[2026-09-23 06:31:38,830] [SUBPROCESS]    C1252;FILL_L10_23;FILL_L10_28;0.098;
[2026-09-23 06:31:38,832] [SUBPROCESS]    C1253;FILL_L10_23;FILL_L126_4;0.041;
[2026-09-23 06:31:38,833] [SUBPROCESS]    C1254;FILL_L10_23;FILL_L126_5;0.001;
[2026-09-23 06:31:38,834] [SUBPROCESS]    C1255;FILL_L10_23;FILL_L30_11;0.006;
[2026-09-23 06:31:38,835] [SUBPROCESS]    C1256;FILL_L10_23;FILL_L30_17;0.068;
[2026-09-23 06:31:38,836] [SUBPROCESS]    C1257;FILL_L10_23;FILL_L30_24;0.002;
[2026-09-23 06:31:38,838] [SUBPROCESS]    C1258;FILL_L10_23;FILL_L50_14;0.035;
[2026-09-23 06:31:38,839] [SUBPROCESS]    C1259;FILL_L10_23;FILL_L50_15;0.261;
[2026-09-23 06:31:38,840] [SUBPROCESS]    C1260;FILL_L10_23;FILL_L50_19;0.006;
[2026-09-23 06:31:38,841] [SUBPROCESS]    C1261;FILL_L10_23;FILL_L8_28;0.117;
[2026-09-23 06:31:38,843] [SUBPROCESS]    C1262;FILL_L10_23;FILL_L8_29;0.117;
[2026-09-23 06:31:38,844] [SUBPROCESS]    C1263;FILL_L10_23;FILL_L8_34;0.01;
[2026-09-23 06:31:38,845] [SUBPROCESS]    C1264;FILL_L10_23;N;0.029;
[2026-09-23 06:31:38,846] [SUBPROCESS]    C1265;FILL_L10_23;P;0.003;
[2026-09-23 06:31:38,847] [SUBPROCESS]    C1266;FILL_L10_23;VSUBS;0.359;
[2026-09-23 06:31:38,849] [SUBPROCESS]    C1267;FILL_L10_24;FILL_L10_29;0.034;
[2026-09-23 06:31:38,850] [SUBPROCESS]    C1268;FILL_L10_24;FILL_L126_4;0.004;
[2026-09-23 06:31:38,851] [SUBPROCESS]    C1269;FILL_L10_24;FILL_L126_5;0.008;
[2026-09-23 06:31:38,852] [SUBPROCESS]    C1270;FILL_L10_24;FILL_L50_15;0.073;
[2026-09-23 06:31:38,853] [SUBPROCESS]    C1271;FILL_L10_24;FILL_L8_30;0.099;
[2026-09-23 06:31:38,855] [SUBPROCESS]    C1272;FILL_L10_24;FILL_L8_35;0.001;
[2026-09-23 06:31:38,856] [SUBPROCESS]    C1273;FILL_L10_24;N;0.025;
[2026-09-23 06:31:38,857] [SUBPROCESS]    C1274;FILL_L10_24;P;0.001;
[2026-09-23 06:31:38,858] [SUBPROCESS]    C1275;FILL_L10_24;VSUBS;0.253;
[2026-09-23 06:31:38,859] [SUBPROCESS]    C1276;FILL_L10_25;FILL_L10_26;0.098;
[2026-09-23 06:31:38,860] [SUBPROCESS]    C1277;FILL_L10_25;FILL_L10_30;0.064;
[2026-09-23 06:31:38,861] [SUBPROCESS]    C1278;FILL_L10_25;FILL_L30_19;0.125;
[2026-09-23 06:31:38,863] [SUBPROCESS]    C1279;FILL_L10_25;FILL_L30_20;0.034;
[2026-09-23 06:31:38,864] [SUBPROCESS]    C1280;FILL_L10_25;FILL_L50_16;0.107;
[2026-09-23 06:31:38,865] [SUBPROCESS]    C1281;FILL_L10_25;FILL_L50_17;0.067;
[2026-09-23 06:31:38,866] [SUBPROCESS]    C1282;FILL_L10_25;FILL_L8_31;0.541;
[2026-09-23 06:31:38,867] [SUBPROCESS]    C1283;FILL_L10_25;N;0.002;
[2026-09-23 06:31:38,868] [SUBPROCESS]    C1284;FILL_L10_25;P;0.029;
[2026-09-23 06:31:38,870] [SUBPROCESS]    C1285;FILL_L10_25;VSUBS;0.235;
[2026-09-23 06:31:38,871] [SUBPROCESS]    C1286;FILL_L10_26;FILL_L10_27;0.098;
[2026-09-23 06:31:38,872] [SUBPROCESS]    C1287;FILL_L10_26;FILL_L10_31;0.098;
[2026-09-23 06:31:38,873] [SUBPROCESS]    C1288;FILL_L10_26;FILL_L126_4;0.008;
[2026-09-23 06:31:38,874] [SUBPROCESS]    C1289;FILL_L10_26;FILL_L126_7;0.001;
[2026-09-23 06:31:38,875] [SUBPROCESS]    C1290;FILL_L10_26;FILL_L30_20;0.064;
[2026-09-23 06:31:38,877] [SUBPROCESS]    C1291;FILL_L10_26;FILL_L30_21;0.171;
[2026-09-23 06:31:38,878] [SUBPROCESS]    C1292;FILL_L10_26;FILL_L30_22;0.003;
[2026-09-23 06:31:38,879] [SUBPROCESS]    C1293;FILL_L10_26;FILL_L50_17;0.267;
[2026-09-23 06:31:38,880] [SUBPROCESS]    C1294;FILL_L10_26;FILL_L50_18;0.014;
[2026-09-23 06:31:38,881] [SUBPROCESS]    C1295;FILL_L10_26;FILL_L8_32;0.824;
[2026-09-23 06:31:38,882] [SUBPROCESS]    C1296;FILL_L10_26;N;0.002;
[2026-09-23 06:31:38,883] [SUBPROCESS]    C1297;FILL_L10_26;P;0.012;
[2026-09-23 06:31:38,885] [SUBPROCESS]    C1298;FILL_L10_26;VSUBS;0.196;
[2026-09-23 06:31:38,886] [SUBPROCESS]    C1299;FILL_L10_27;FILL_L10_28;0.098;
[2026-09-23 06:31:38,887] [SUBPROCESS]    C1300;FILL_L10_27;FILL_L10_32;0.098;
[2026-09-23 06:31:38,888] [SUBPROCESS]    C1301;FILL_L10_27;FILL_L126_4;0.01;
[2026-09-23 06:31:38,889] [SUBPROCESS]    C1302;FILL_L10_27;FILL_L30_22;0.151;
[2026-09-23 06:31:38,890] [SUBPROCESS]    C1303;FILL_L10_27;FILL_L30_23;0.111;
[2026-09-23 06:31:38,892] [SUBPROCESS]    C1304;FILL_L10_27;FILL_L50_18;0.266;
[2026-09-23 06:31:38,893] [SUBPROCESS]    C1305;FILL_L10_27;FILL_L8_33;0.824;
[2026-09-23 06:31:38,894] [SUBPROCESS]    C1306;FILL_L10_27;N;0.002;
[2026-09-23 06:31:38,895] [SUBPROCESS]    C1307;FILL_L10_27;P;0.003;
[2026-09-23 06:31:38,897] [SUBPROCESS]    C1308;FILL_L10_27;VSUBS;0.196;
[2026-09-23 06:31:38,898] [SUBPROCESS]    C1309;FILL_L10_28;FILL_L10_29;0.098;
[2026-09-23 06:31:38,899] [SUBPROCESS]    C1310;FILL_L10_28;FILL_L10_33;0.098;
[2026-09-23 06:31:38,900] [SUBPROCESS]    C1311;FILL_L10_28;FILL_L126_4;0.052;
[2026-09-23 06:31:38,901] [SUBPROCESS]    C1312;FILL_L10_28;FILL_L30_23;0.014;
[2026-09-23 06:31:38,903] [SUBPROCESS]    C1313;FILL_L10_28;FILL_L30_24;0.179;
[2026-09-23 06:31:38,904] [SUBPROCESS]    C1314;FILL_L10_28;FILL_L30_25;0.034;
[2026-09-23 06:31:38,905] [SUBPROCESS]    C1315;FILL_L10_28;FILL_L50_18;0.038;
[2026-09-23 06:31:38,906] [SUBPROCESS]    C1316;FILL_L10_28;FILL_L50_19;0.257;
[2026-09-23 06:31:38,907] [SUBPROCESS]    C1317;FILL_L10_28;FILL_L8_34;0.824;
[2026-09-23 06:31:38,909] [SUBPROCESS]    C1318;FILL_L10_28;N;0.002;
[2026-09-23 06:31:38,910] [SUBPROCESS]    C1319;FILL_L10_28;P;0.021;
[2026-09-23 06:31:38,911] [SUBPROCESS]    C1320;FILL_L10_28;VSUBS;0.196;
[2026-09-23 06:31:38,912] [SUBPROCESS]    C1321;FILL_L10_29;FILL_L10_34;0.034;
[2026-09-23 06:31:38,913] [SUBPROCESS]    C1322;FILL_L10_29;FILL_L126_4;0.025;
[2026-09-23 06:31:38,914] [SUBPROCESS]    C1323;FILL_L10_29;FILL_L126_5;0.034;
[2026-09-23 06:31:38,915] [SUBPROCESS]    C1324;FILL_L10_29;FILL_L30_25;0.057;
[2026-09-23 06:31:38,917] [SUBPROCESS]    C1325;FILL_L10_29;FILL_L50_19;0.078;
[2026-09-23 06:31:38,918] [SUBPROCESS]    C1326;FILL_L10_29;FILL_L8_35;0.282;
[2026-09-23 06:31:38,919] [SUBPROCESS]    C1327;FILL_L10_29;N;0.001;
[2026-09-23 06:31:38,920] [SUBPROCESS]    C1328;FILL_L10_29;P;0.022;
[2026-09-23 06:31:38,921] [SUBPROCESS]    C1329;FILL_L10_29;VSUBS;0.204;
[2026-09-23 06:31:38,923] [SUBPROCESS]    C1330;FILL_L10_3;FILL_L10_4;0.098;
[2026-09-23 06:31:38,924] [SUBPROCESS]    C1331;FILL_L10_3;FILL_L10_8;0.098;
[2026-09-23 06:31:38,925] [SUBPROCESS]    C1332;FILL_L10_3;FILL_L126_2;0.069;
[2026-09-23 06:31:38,926] [SUBPROCESS]    C1333;FILL_L10_3;FILL_L126_3;0.003;
[2026-09-23 06:31:38,927] [SUBPROCESS]    C1334;FILL_L10_3;FILL_L134_2;0.002;
[2026-09-23 06:31:38,928] [SUBPROCESS]    C1335;FILL_L10_3;FILL_L134_3;0.002;
[2026-09-23 06:31:38,930] [SUBPROCESS]    C1336;FILL_L10_3;FILL_L30_2;0.035;
[2026-09-23 06:31:38,931] [SUBPROCESS]    C1337;FILL_L10_3;FILL_L30_3;0.715;
[2026-09-23 06:31:38,932] [SUBPROCESS]    C1338;FILL_L10_3;FILL_L50_2;0.022;
[2026-09-23 06:31:38,933] [SUBPROCESS]    C1339;FILL_L10_3;FILL_L50_3;0.06;
[2026-09-23 06:31:38,935] [SUBPROCESS]    C1340;FILL_L10_3;FILL_L8_3;0.824;
[2026-09-23 06:31:38,936] [SUBPROCESS]    C1341;FILL_L10_3;VSUBS;0.269;
[2026-09-23 06:31:38,937] [SUBPROCESS]    C1342;FILL_L10_30;FILL_L10_31;0.098;
[2026-09-23 06:31:38,938] [SUBPROCESS]    C1343;FILL_L10_30;FILL_L10_35;0.064;
[2026-09-23 06:31:38,939] [SUBPROCESS]    C1344;FILL_L10_30;FILL_L126_6;0.002;
[2026-09-23 06:31:38,940] [SUBPROCESS]    C1345;FILL_L10_30;FILL_L50_16;0.005;
[2026-09-23 06:31:38,941] [SUBPROCESS]    C1346;FILL_L10_30;FILL_L50_20;0.101;
[2026-09-23 06:31:38,943] [SUBPROCESS]    C1347;FILL_L10_30;FILL_L50_21;0.052;
[2026-09-23 06:31:38,944] [SUBPROCESS]    C1348;FILL_L10_30;FILL_L8_36;0.541;
[2026-09-23 06:31:38,945] [SUBPROCESS]    C1349;FILL_L10_30;VSUBS;0.235;
[2026-09-23 06:31:38,946] [SUBPROCESS]    C1350;FILL_L10_31;FILL_L10_32;0.098;
[2026-09-23 06:31:38,947] [SUBPROCESS]    C1351;FILL_L10_31;FILL_L10_36;0.098;
[2026-09-23 06:31:38,949] [SUBPROCESS]    C1352;FILL_L10_31;FILL_L126_4;0.01;
[2026-09-23 06:31:38,950] [SUBPROCESS]    C1353;FILL_L10_31;FILL_L126_7;0.015;
[2026-09-23 06:31:38,951] [SUBPROCESS]    C1354;FILL_L10_31;FILL_L50_17;0.02;
[2026-09-23 06:31:38,952] [SUBPROCESS]    C1355;FILL_L10_31;FILL_L50_21;0.256;
[2026-09-23 06:31:38,953] [SUBPROCESS]    C1356;FILL_L10_31;FILL_L50_22;0.01;
[2026-09-23 06:31:38,955] [SUBPROCESS]    C1357;FILL_L10_31;FILL_L8_37;0.824;
[2026-09-23 06:31:38,956] [SUBPROCESS]    C1358;FILL_L10_31;VSUBS;0.196;
[2026-09-23 06:31:38,957] [SUBPROCESS]    C1359;FILL_L10_32;FILL_L10_33;0.098;
[2026-09-23 06:31:38,958] [SUBPROCESS]    C1360;FILL_L10_32;FILL_L10_37;0.098;
[2026-09-23 06:31:38,959] [SUBPROCESS]    C1361;FILL_L10_32;FILL_L126_4;0.021;
[2026-09-23 06:31:38,961] [SUBPROCESS]    C1362;FILL_L10_32;FILL_L50_18;0.024;
[2026-09-23 06:31:38,962] [SUBPROCESS]    C1363;FILL_L10_32;FILL_L50_22;0.268;
[2026-09-23 06:31:38,963] [SUBPROCESS]    C1364;FILL_L10_32;FILL_L8_38;0.824;
[2026-09-23 06:31:38,964] [SUBPROCESS]    C1365;FILL_L10_32;VSUBS;0.196;
[2026-09-23 06:31:38,965] [SUBPROCESS]    C1366;FILL_L10_33;FILL_L10_34;0.098;
[2026-09-23 06:31:38,967] [SUBPROCESS]    C1367;FILL_L10_33;FILL_L10_38;0.098;
[2026-09-23 06:31:38,968] [SUBPROCESS]    C1368;FILL_L10_33;FILL_L126_4;0.048;
[2026-09-23 06:31:38,969] [SUBPROCESS]    C1369;FILL_L10_33;FILL_L126_5;0.002;
[2026-09-23 06:31:38,970] [SUBPROCESS]    C1370;FILL_L10_33;FILL_L126_8;0.005;
[2026-09-23 06:31:38,972] [SUBPROCESS]    C1371;FILL_L10_33;FILL_L50_19;0.017;
[2026-09-23 06:31:38,973] [SUBPROCESS]    C1372;FILL_L10_33;FILL_L50_22;0.029;
[2026-09-23 06:31:38,974] [SUBPROCESS]    C1373;FILL_L10_33;FILL_L50_23;0.241;
[2026-09-23 06:31:38,975] [SUBPROCESS]    C1374;FILL_L10_33;FILL_L8_39;0.824;
[2026-09-23 06:31:38,976] [SUBPROCESS]    C1375;FILL_L10_33;VSUBS;0.196;
[2026-09-23 06:31:38,978] [SUBPROCESS]    C1376;FILL_L10_34;FILL_L10_39;0.034;
[2026-09-23 06:31:38,979] [SUBPROCESS]    C1377;FILL_L10_34;FILL_L126_4;0.015;
[2026-09-23 06:31:38,980] [SUBPROCESS]    C1378;FILL_L10_34;FILL_L126_5;0.021;
[2026-09-23 06:31:38,981] [SUBPROCESS]    C1379;FILL_L10_34;FILL_L126_9;0.0;
[2026-09-23 06:31:38,983] [SUBPROCESS]    C1380;FILL_L10_34;FILL_L50_23;0.061;
[2026-09-23 06:31:38,984] [SUBPROCESS]    C1381;FILL_L10_34;FILL_L8_40;0.282;
[2026-09-23 06:31:38,985] [SUBPROCESS]    C1382;FILL_L10_34;VSUBS;0.204;
[2026-09-23 06:31:38,986] [SUBPROCESS]    C1383;FILL_L10_35;FILL_L10_36;0.098;
[2026-09-23 06:31:38,988] [SUBPROCESS]    C1384;FILL_L10_35;FILL_L10_40;0.064;
[2026-09-23 06:31:38,989] [SUBPROCESS]    C1385;FILL_L10_35;FILL_L126_6;0.029;
[2026-09-23 06:31:38,990] [SUBPROCESS]    C1386;FILL_L10_35;FILL_L126_7;0.019;
[2026-09-23 06:31:38,991] [SUBPROCESS]    C1387;FILL_L10_35;FILL_L50_20;0.017;
[2026-09-23 06:31:38,992] [SUBPROCESS]    C1388;FILL_L10_35;FILL_L50_24;0.057;
[2026-09-23 06:31:38,994] [SUBPROCESS]    C1389;FILL_L10_35;FILL_L50_25;0.024;
[2026-09-23 06:31:38,995] [SUBPROCESS]    C1390;FILL_L10_35;FILL_L8_41;0.541;
[2026-09-23 06:31:38,996] [SUBPROCESS]    C1391;FILL_L10_35;VSUBS;0.235;
[2026-09-23 06:31:38,997] [SUBPROCESS]    C1392;FILL_L10_36;FILL_L10_37;0.098;
[2026-09-23 06:31:38,998] [SUBPROCESS]    C1393;FILL_L10_36;FILL_L10_41;0.098;
[2026-09-23 06:31:39,000] [SUBPROCESS]    C1394;FILL_L10_36;FILL_L126_7;0.048;
[2026-09-23 06:31:39,001] [SUBPROCESS]    C1395;FILL_L10_36;FILL_L50_21;0.063;
[2026-09-23 06:31:39,002] [SUBPROCESS]    C1396;FILL_L10_36;FILL_L50_25;0.158;
[2026-09-23 06:31:39,003] [SUBPROCESS]    C1397;FILL_L10_36;FILL_L50_26;0.004;
[2026-09-23 06:31:39,004] [SUBPROCESS]    C1398;FILL_L10_36;FILL_L8_42;0.824;
[2026-09-23 06:31:39,006] [SUBPROCESS]    C1399;FILL_L10_36;VSUBS;0.196;
[2026-09-23 06:31:39,007] [SUBPROCESS]    C1400;FILL_L10_37;FILL_L10_38;0.098;
[2026-09-23 06:31:39,008] [SUBPROCESS]    C1401;FILL_L10_37;FILL_L10_42;0.098;
[2026-09-23 06:31:39,009] [SUBPROCESS]    C1402;FILL_L10_37;FILL_L126_4;0.001;
[2026-09-23 06:31:39,010] [SUBPROCESS]    C1403;FILL_L10_37;FILL_L126_7;0.021;
[2026-09-23 06:31:39,012] [SUBPROCESS]    C1404;FILL_L10_37;FILL_L126_8;0.024;
[2026-09-23 06:31:39,013] [SUBPROCESS]    C1405;FILL_L10_37;FILL_L50_22;0.073;
[2026-09-23 06:31:39,014] [SUBPROCESS]    C1406;FILL_L10_37;FILL_L50_26;0.171;
[2026-09-23 06:31:39,015] [SUBPROCESS]    C1407;FILL_L10_37;FILL_L8_43;0.824;
[2026-09-23 06:31:39,016] [SUBPROCESS]    C1408;FILL_L10_37;VSUBS;0.196;
[2026-09-23 06:31:39,018] [SUBPROCESS]    C1409;FILL_L10_38;FILL_L10_39;0.098;
[2026-09-23 06:31:39,019] [SUBPROCESS]    C1410;FILL_L10_38;FILL_L10_43;0.098;
[2026-09-23 06:31:39,020] [SUBPROCESS]    C1411;FILL_L10_38;FILL_L126_4;0.01;
[2026-09-23 06:31:39,021] [SUBPROCESS]    C1412;FILL_L10_38;FILL_L126_8;0.052;
[2026-09-23 06:31:39,023] [SUBPROCESS]    C1413;FILL_L10_38;FILL_L126_9;0.002;
[2026-09-23 06:31:39,024] [SUBPROCESS]    C1414;FILL_L10_38;FILL_L50_23;0.052;
[2026-09-23 06:31:39,025] [SUBPROCESS]    C1415;FILL_L10_38;FILL_L50_26;0.013;
[2026-09-23 06:31:39,026] [SUBPROCESS]    C1416;FILL_L10_38;FILL_L50_27;0.144;
[2026-09-23 06:31:39,027] [SUBPROCESS]    C1417;FILL_L10_38;FILL_L8_44;0.824;
[2026-09-23 06:31:39,029] [SUBPROCESS]    C1418;FILL_L10_38;VSUBS;0.196;
[2026-09-23 06:31:39,030] [SUBPROCESS]    C1419;FILL_L10_39;FILL_L10_44;0.034;
[2026-09-23 06:31:39,031] [SUBPROCESS]    C1420;FILL_L10_39;FILL_L126_5;0.0;
[2026-09-23 06:31:39,032] [SUBPROCESS]    C1421;FILL_L10_39;FILL_L126_8;0.013;
[2026-09-23 06:31:39,034] [SUBPROCESS]    C1422;FILL_L10_39;FILL_L126_9;0.018;
[2026-09-23 06:31:39,035] [SUBPROCESS]    C1423;FILL_L10_39;FILL_L50_27;0.028;
[2026-09-23 06:31:39,036] [SUBPROCESS]    C1424;FILL_L10_39;FILL_L8_45;0.282;
[2026-09-23 06:31:39,037] [SUBPROCESS]    C1425;FILL_L10_39;VSUBS;0.204;
[2026-09-23 06:31:39,038] [SUBPROCESS]    C1426;FILL_L10_4;FILL_L10_9;0.034;
[2026-09-23 06:31:39,039] [SUBPROCESS]    C1427;FILL_L10_4;FILL_L126_2;0.025;
[2026-09-23 06:31:39,041] [SUBPROCESS]    C1428;FILL_L10_4;FILL_L126_3;0.034;
[2026-09-23 06:31:39,042] [SUBPROCESS]    C1429;FILL_L10_4;FILL_L134_2;0.017;
[2026-09-23 06:31:39,043] [SUBPROCESS]    C1430;FILL_L10_4;FILL_L134_3;0.018;
[2026-09-23 06:31:39,044] [SUBPROCESS]    C1431;FILL_L10_4;FILL_L30_3;0.154;
[2026-09-23 06:31:39,046] [SUBPROCESS]    C1432;FILL_L10_4;FILL_L50_3;0.035;
[2026-09-23 06:31:39,047] [SUBPROCESS]    C1433;FILL_L10_4;FILL_L8_4;0.282;
[2026-09-23 06:31:39,048] [SUBPROCESS]    C1434;FILL_L10_4;VSUBS;0.229;
[2026-09-23 06:31:39,050] [SUBPROCESS]    C1435;FILL_L10_40;FILL_L10_41;0.098;
[2026-09-23 06:31:39,051] [SUBPROCESS]    C1436;FILL_L10_40;FILL_L10_45;0.028;
[2026-09-23 06:31:39,052] [SUBPROCESS]    C1437;FILL_L10_40;FILL_L10_46;0.013;
[2026-09-23 06:31:39,053] [SUBPROCESS]    C1438;FILL_L10_40;FILL_L126_6;0.006;
[2026-09-23 06:31:39,054] [SUBPROCESS]    C1439;FILL_L10_40;FILL_L126_7;0.005;
[2026-09-23 06:31:39,056] [SUBPROCESS]    C1440;FILL_L10_40;FILL_L50_24;0.007;
[2026-09-23 06:31:39,057] [SUBPROCESS]    C1441;FILL_L10_40;FILL_L50_28;0.029;
[2026-09-23 06:31:39,058] [SUBPROCESS]    C1442;FILL_L10_40;FILL_L50_29;0.01;
[2026-09-23 06:31:39,059] [SUBPROCESS]    C1443;FILL_L10_40;FILL_L8_41;0.011;
[2026-09-23 06:31:39,060] [SUBPROCESS]    C1444;FILL_L10_40;FILL_L8_46;0.102;
[2026-09-23 06:31:39,061] [SUBPROCESS]    C1445;FILL_L10_40;FILL_L8_54;0.002;
[2026-09-23 06:31:39,063] [SUBPROCESS]    C1446;FILL_L10_40;VSUBS;0.365;
[2026-09-23 06:31:39,064] [SUBPROCESS]    C1447;FILL_L10_41;FILL_L10_42;0.098;
[2026-09-23 06:31:39,065] [SUBPROCESS]    C1448;FILL_L10_41;FILL_L126_7;0.008;
[2026-09-23 06:31:39,066] [SUBPROCESS]    C1449;FILL_L10_41;FILL_L50_25;0.026;
[2026-09-23 06:31:39,068] [SUBPROCESS]    C1450;FILL_L10_41;FILL_L50_29;0.088;
[2026-09-23 06:31:39,069] [SUBPROCESS]    C1451;FILL_L10_41;FILL_L50_30;0.002;
[2026-09-23 06:31:39,070] [SUBPROCESS]    C1452;FILL_L10_41;FILL_L8_42;0.017;
[2026-09-23 06:31:39,071] [SUBPROCESS]    C1453;FILL_L10_41;FILL_L8_47;0.103;
[2026-09-23 06:31:39,072] [SUBPROCESS]    C1454;FILL_L10_41;FILL_L8_48;0.103;
[2026-09-23 06:31:39,074] [SUBPROCESS]    C1455;FILL_L10_41;FILL_L8_56;0.005;
[2026-09-23 06:31:39,075] [SUBPROCESS]    C1456;FILL_L10_41;VSUBS;0.423;
[2026-09-23 06:31:39,076] [SUBPROCESS]    C1457;FILL_L10_42;FILL_L10_43;0.098;
[2026-09-23 06:31:39,077] [SUBPROCESS]    C1458;FILL_L10_42;FILL_L126_7;0.002;
[2026-09-23 06:31:39,078] [SUBPROCESS]    C1459;FILL_L10_42;FILL_L126_8;0.001;
[2026-09-23 06:31:39,080] [SUBPROCESS]    C1460;FILL_L10_42;FILL_L50_26;0.031;
[2026-09-23 06:31:39,081] [SUBPROCESS]    C1461;FILL_L10_42;FILL_L50_30;0.099;
[2026-09-23 06:31:39,082] [SUBPROCESS]    C1462;FILL_L10_42;FILL_L8_43;0.017;
[2026-09-23 06:31:39,083] [SUBPROCESS]    C1463;FILL_L10_42;FILL_L8_49;0.103;
[2026-09-23 06:31:39,085] [SUBPROCESS]    C1464;FILL_L10_42;FILL_L8_50;0.103;
[2026-09-23 06:31:39,086] [SUBPROCESS]    C1465;FILL_L10_42;FILL_L8_58;0.005;
[2026-09-23 06:31:39,087] [SUBPROCESS]    C1466;FILL_L10_42;VSUBS;0.423;
[2026-09-23 06:31:39,088] [SUBPROCESS]    C1467;FILL_L10_43;FILL_L10_44;0.098;
[2026-09-23 06:31:39,090] [SUBPROCESS]    C1468;FILL_L10_43;FILL_L10_49;0.017;
[2026-09-23 06:31:39,091] [SUBPROCESS]    C1469;FILL_L10_43;FILL_L126_8;0.014;
[2026-09-23 06:31:39,092] [SUBPROCESS]    C1470;FILL_L10_43;FILL_L50_27;0.022;
[2026-09-23 06:31:39,093] [SUBPROCESS]    C1471;FILL_L10_43;FILL_L50_30;0.006;
[2026-09-23 06:31:39,094] [SUBPROCESS]    C1472;FILL_L10_43;FILL_L50_31;0.08;
[2026-09-23 06:31:39,096] [SUBPROCESS]    C1473;FILL_L10_43;FILL_L8_44;0.017;
[2026-09-23 06:31:39,097] [SUBPROCESS]    C1474;FILL_L10_43;FILL_L8_51;0.103;
[2026-09-23 06:31:39,098] [SUBPROCESS]    C1475;FILL_L10_43;FILL_L8_52;0.103;
[2026-09-23 06:31:39,100] [SUBPROCESS]    C1476;FILL_L10_43;FILL_L8_60;0.002;
[2026-09-23 06:31:39,101] [SUBPROCESS]    C1477;FILL_L10_43;VSUBS;0.417;
[2026-09-23 06:31:39,102] [SUBPROCESS]    C1478;FILL_L10_44;FILL_L10_50;0.003;
[2026-09-23 06:31:39,103] [SUBPROCESS]    C1479;FILL_L10_44;FILL_L126_8;0.004;
[2026-09-23 06:31:39,104] [SUBPROCESS]    C1480;FILL_L10_44;FILL_L126_9;0.006;
[2026-09-23 06:31:39,106] [SUBPROCESS]    C1481;FILL_L10_44;FILL_L50_31;0.012;
[2026-09-23 06:31:39,107] [SUBPROCESS]    C1482;FILL_L10_44;FILL_L8_45;0.006;
[2026-09-23 06:31:39,108] [SUBPROCESS]    C1483;FILL_L10_44;FILL_L8_53;0.086;
[2026-09-23 06:31:39,109] [SUBPROCESS]    C1484;FILL_L10_44;FILL_L8_62;0.0;
[2026-09-23 06:31:39,111] [SUBPROCESS]    C1485;FILL_L10_44;VSUBS;0.275;
[2026-09-23 06:31:39,112] [SUBPROCESS]    C1486;FILL_L10_45;FILL_L126_6;0.004;
[2026-09-23 06:31:39,113] [SUBPROCESS]    C1487;FILL_L10_45;FILL_L126_7;0.005;
[2026-09-23 06:31:39,114] [SUBPROCESS]    C1488;FILL_L10_45;FILL_L50_28;0.012;
[2026-09-23 06:31:39,115] [SUBPROCESS]    C1489;FILL_L10_45;FILL_L50_29;0.018;
[2026-09-23 06:31:39,117] [SUBPROCESS]    C1490;FILL_L10_45;FILL_L50_30;0.0;
[2026-09-23 06:31:39,118] [SUBPROCESS]    C1491;FILL_L10_45;FILL_L8_46;0.004;
[2026-09-23 06:31:39,119] [SUBPROCESS]    C1492;FILL_L10_45;VSUBS;0.127;
[2026-09-23 06:31:39,120] [SUBPROCESS]    C1493;FILL_L10_46;FILL_L50_28;0.02;
[2026-09-23 06:31:39,121] [SUBPROCESS]    C1494;FILL_L10_46;FILL_L50_29;0.002;
[2026-09-23 06:31:39,123] [SUBPROCESS]    C1495;FILL_L10_46;FILL_L8_54;0.054;
[2026-09-23 06:31:39,124] [SUBPROCESS]    C1496;FILL_L10_46;FILL_L8_55;0.006;
[2026-09-23 06:31:39,125] [SUBPROCESS]    C1497;FILL_L10_46;VSUBS;0.098;
[2026-09-23 06:31:39,126] [SUBPROCESS]    C1498;FILL_L10_47;FILL_L10_48;0.001;
[2026-09-23 06:31:39,127] [SUBPROCESS]    C1499;FILL_L10_47;FILL_L126_7;0.012;
[2026-09-23 06:31:39,129] [SUBPROCESS]    C1500;FILL_L10_47;FILL_L50_29;0.012;
[2026-09-23 06:31:39,130] [SUBPROCESS]    C1501;FILL_L10_47;FILL_L50_30;0.012;
[2026-09-23 06:31:39,131] [SUBPROCESS]    C1502;FILL_L10_47;FILL_L8_56;0.006;
[2026-09-23 06:31:39,132] [SUBPROCESS]    C1503;FILL_L10_47;FILL_L8_57;0.067;
[2026-09-23 06:31:39,133] [SUBPROCESS]    C1504;FILL_L10_47;FILL_L8_58;0.006;
[2026-09-23 06:31:39,135] [SUBPROCESS]    C1505;FILL_L10_47;VSUBS;0.101;
[2026-09-23 06:31:39,136] [SUBPROCESS]    C1506;FILL_L10_48;FILL_L10_49;0.028;
[2026-09-23 06:31:39,137] [SUBPROCESS]    C1507;FILL_L10_48;FILL_L126_8;0.007;
[2026-09-23 06:31:39,138] [SUBPROCESS]    C1508;FILL_L10_48;FILL_L50_26;0.0;
[2026-09-23 06:31:39,139] [SUBPROCESS]    C1509;FILL_L10_48;FILL_L50_30;0.027;
[2026-09-23 06:31:39,140] [SUBPROCESS]    C1510;FILL_L10_48;FILL_L50_31;0.003;
[2026-09-23 06:31:39,142] [SUBPROCESS]    C1511;FILL_L10_48;FILL_L8_58;0.0;
[2026-09-23 06:31:39,143] [SUBPROCESS]    C1512;FILL_L10_48;FILL_L8_59;0.067;
[2026-09-23 06:31:39,144] [SUBPROCESS]    C1513;FILL_L10_48;VSUBS;0.092;
[2026-09-23 06:31:39,145] [SUBPROCESS]    C1514;FILL_L10_49;FILL_L10_50;0.007;
[2026-09-23 06:31:39,146] [SUBPROCESS]    C1515;FILL_L10_49;FILL_L50_31;0.044;
[2026-09-23 06:31:39,148] [SUBPROCESS]    C1516;FILL_L10_49;FILL_L8_60;0.067;
[2026-09-23 06:31:39,149] [SUBPROCESS]    C1517;FILL_L10_49;FILL_L8_61;0.006;
[2026-09-23 06:31:39,150] [SUBPROCESS]    C1518;FILL_L10_49;VSUBS;0.088;
[2026-09-23 06:31:39,151] [SUBPROCESS]    C1519;FILL_L10_5;FILL_L10_6;0.098;
[2026-09-23 06:31:39,152] [SUBPROCESS]    C1520;FILL_L10_5;FILL_L126_0;0.033;
[2026-09-23 06:31:39,154] [SUBPROCESS]    C1521;FILL_L10_5;FILL_L126_1;0.017;
[2026-09-23 06:31:39,155] [SUBPROCESS]    C1522;FILL_L10_5;FILL_L134_0;0.013;
[2026-09-23 06:31:39,156] [SUBPROCESS]    C1523;FILL_L10_5;FILL_L134_1;0.012;
[2026-09-23 06:31:39,157] [SUBPROCESS]    C1524;FILL_L10_5;FILL_L30_0;0.055;
[2026-09-23 06:31:39,158] [SUBPROCESS]    C1525;FILL_L10_5;FILL_L30_4;0.191;
[2026-09-23 06:31:39,159] [SUBPROCESS]    C1526;FILL_L10_5;FILL_L30_5;0.051;
[2026-09-23 06:31:39,161] [SUBPROCESS]    C1527;FILL_L10_5;FILL_L50_0;0.017;
[2026-09-23 06:31:39,162] [SUBPROCESS]    C1528;FILL_L10_5;FILL_L50_4;0.042;
[2026-09-23 06:31:39,163] [SUBPROCESS]    C1529;FILL_L10_5;FILL_L50_5;0.022;
[2026-09-23 06:31:39,164] [SUBPROCESS]    C1530;FILL_L10_5;FILL_L8_5;0.541;
[2026-09-23 06:31:39,165] [SUBPROCESS]    C1531;FILL_L10_5;VSUBS;0.235;
[2026-09-23 06:31:39,167] [SUBPROCESS]    C1532;FILL_L10_50;FILL_L126_9;0.001;
[2026-09-23 06:31:39,168] [SUBPROCESS]    C1533;FILL_L10_50;FILL_L50_31;0.01;
[2026-09-23 06:31:39,169] [SUBPROCESS]    C1534;FILL_L10_50;FILL_L8_61;0.004;
[2026-09-23 06:31:39,170] [SUBPROCESS]    C1535;FILL_L10_50;FILL_L8_62;0.013;
[2026-09-23 06:31:39,171] [SUBPROCESS]    C1536;FILL_L10_50;VSUBS;0.064;
[2026-09-23 06:31:39,172] [SUBPROCESS]    C1537;FILL_L10_6;FILL_L10_7;0.098;
[2026-09-23 06:31:39,174] [SUBPROCESS]    C1538;FILL_L10_6;FILL_L126_1;0.076;
[2026-09-23 06:31:39,175] [SUBPROCESS]    C1539;FILL_L10_6;FILL_L134_1;0.009;
[2026-09-23 06:31:39,176] [SUBPROCESS]    C1540;FILL_L10_6;FILL_L30_1;0.205;
[2026-09-23 06:31:39,177] [SUBPROCESS]    C1541;FILL_L10_6;FILL_L30_5;0.572;
[2026-09-23 06:31:39,178] [SUBPROCESS]    C1542;FILL_L10_6;FILL_L30_6;0.005;
[2026-09-23 06:31:39,180] [SUBPROCESS]    C1543;FILL_L10_6;FILL_L50_1;0.062;
[2026-09-23 06:31:39,181] [SUBPROCESS]    C1544;FILL_L10_6;FILL_L50_5;0.072;
[2026-09-23 06:31:39,182] [SUBPROCESS]    C1545;FILL_L10_6;FILL_L50_6;0.006;
[2026-09-23 06:31:39,183] [SUBPROCESS]    C1546;FILL_L10_6;FILL_L8_6;0.824;
[2026-09-23 06:31:39,184] [SUBPROCESS]    C1547;FILL_L10_6;VSUBS;0.196;
[2026-09-23 06:31:39,185] [SUBPROCESS]    C1548;FILL_L10_7;FILL_L10_8;0.098;
[2026-09-23 06:31:39,186] [SUBPROCESS]    C1549;FILL_L10_7;FILL_L126_1;0.042;
[2026-09-23 06:31:39,188] [SUBPROCESS]    C1550;FILL_L10_7;FILL_L126_2;0.051;
[2026-09-23 06:31:39,189] [SUBPROCESS]    C1551;FILL_L10_7;FILL_L134_1;0.023;
[2026-09-23 06:31:39,190] [SUBPROCESS]    C1552;FILL_L10_7;FILL_L134_2;0.024;
[2026-09-23 06:31:39,191] [SUBPROCESS]    C1553;FILL_L10_7;FILL_L30_2;0.24;
[2026-09-23 06:31:39,192] [SUBPROCESS]    C1554;FILL_L10_7;FILL_L30_6;0.615;
[2026-09-23 06:31:39,193] [SUBPROCESS]    C1555;FILL_L10_7;FILL_L50_2;0.073;
[2026-09-23 06:31:39,195] [SUBPROCESS]    C1556;FILL_L10_7;FILL_L50_6;0.073;
[2026-09-23 06:31:39,196] [SUBPROCESS]    C1557;FILL_L10_7;FILL_L8_7;0.824;
[2026-09-23 06:31:39,197] [SUBPROCESS]    C1558;FILL_L10_7;VSUBS;0.196;
[2026-09-23 06:31:39,198] [SUBPROCESS]    C1559;FILL_L10_8;FILL_L10_9;0.098;
[2026-09-23 06:31:39,199] [SUBPROCESS]    C1560;FILL_L10_8;FILL_L126_2;0.082;
[2026-09-23 06:31:39,200] [SUBPROCESS]    C1561;FILL_L10_8;FILL_L126_3;0.005;
[2026-09-23 06:31:39,202] [SUBPROCESS]    C1562;FILL_L10_8;FILL_L134_2;0.016;
[2026-09-23 06:31:39,203] [SUBPROCESS]    C1563;FILL_L10_8;FILL_L134_3;0.003;
[2026-09-23 06:31:39,204] [SUBPROCESS]    C1564;FILL_L10_8;FILL_L30_3;0.171;
[2026-09-23 06:31:39,205] [SUBPROCESS]    C1565;FILL_L10_8;FILL_L30_6;0.021;
[2026-09-23 06:31:39,206] [SUBPROCESS]    C1566;FILL_L10_8;FILL_L30_7;0.512;
[2026-09-23 06:31:39,208] [SUBPROCESS]    C1567;FILL_L10_8;FILL_L50_3;0.052;
[2026-09-23 06:31:39,209] [SUBPROCESS]    C1568;FILL_L10_8;FILL_L50_6;0.013;
[2026-09-23 06:31:39,210] [SUBPROCESS]    C1569;FILL_L10_8;FILL_L50_7;0.07;
[2026-09-23 06:31:39,211] [SUBPROCESS]    C1570;FILL_L10_8;FILL_L8_8;0.824;
[2026-09-23 06:31:39,213] [SUBPROCESS]    C1571;FILL_L10_8;VSUBS;0.196;
[2026-09-23 06:31:39,214] [SUBPROCESS]    C1572;FILL_L10_9;FILL_L126_2;0.012;
[2026-09-23 06:31:39,215] [SUBPROCESS]    C1573;FILL_L10_9;FILL_L126_3;0.018;
[2026-09-23 06:31:39,216] [SUBPROCESS]    C1574;FILL_L10_9;FILL_L134_2;0.008;
[2026-09-23 06:31:39,217] [SUBPROCESS]    C1575;FILL_L10_9;FILL_L134_3;0.009;
[2026-09-23 06:31:39,219] [SUBPROCESS]    C1576;FILL_L10_9;FILL_L30_7;0.093;
[2026-09-23 06:31:39,220] [SUBPROCESS]    C1577;FILL_L10_9;FILL_L50_7;0.021;
[2026-09-23 06:31:39,221] [SUBPROCESS]    C1578;FILL_L10_9;FILL_L8_9;0.282;
[2026-09-23 06:31:39,222] [SUBPROCESS]    C1579;FILL_L10_9;VSUBS;0.204;
[2026-09-23 06:31:39,224] [SUBPROCESS]    C1580;FILL_L126_0;FILL_L126_1;0.326;
[2026-09-23 06:31:39,225] [SUBPROCESS]    C1581;FILL_L126_0;FILL_L134_0;0.066;
[2026-09-23 06:31:39,226] [SUBPROCESS]    C1582;FILL_L126_0;FILL_L30_0;0.008;
[2026-09-23 06:31:39,227] [SUBPROCESS]    C1583;FILL_L126_0;FILL_L30_4;0.005;
[2026-09-23 06:31:39,229] [SUBPROCESS]    C1584;FILL_L126_0;FILL_L50_0;0.076;
[2026-09-23 06:31:39,230] [SUBPROCESS]    C1585;FILL_L126_0;FILL_L50_1;0.033;
[2026-09-23 06:31:39,231] [SUBPROCESS]    C1586;FILL_L126_0;FILL_L50_4;0.036;
[2026-09-23 06:31:39,232] [SUBPROCESS]    C1587;FILL_L126_0;FILL_L50_8;0.002;
[2026-09-23 06:31:39,233] [SUBPROCESS]    C1588;FILL_L126_0;FILL_L8_0;0.0;
[2026-09-23 06:31:39,234] [SUBPROCESS]    C1589;FILL_L126_0;VSUBS;0.332;
[2026-09-23 06:31:39,236] [SUBPROCESS]    C1590;FILL_L126_1;FILL_L126_2;0.326;
[2026-09-23 06:31:39,237] [SUBPROCESS]    C1591;FILL_L126_1;FILL_L134_1;0.442;
[2026-09-23 06:31:39,238] [SUBPROCESS]    C1592;FILL_L126_1;FILL_L30_1;0.063;
[2026-09-23 06:31:39,239] [SUBPROCESS]    C1593;FILL_L126_1;FILL_L30_2;0.03;
[2026-09-23 06:31:39,240] [SUBPROCESS]    C1594;FILL_L126_1;FILL_L30_5;0.018;
[2026-09-23 06:31:39,241] [SUBPROCESS]    C1595;FILL_L126_1;FILL_L50_0;0.001;
[2026-09-23 06:31:39,243] [SUBPROCESS]    C1596;FILL_L126_1;FILL_L50_1;0.403;
[2026-09-23 06:31:39,244] [SUBPROCESS]    C1597;FILL_L126_1;FILL_L50_2;0.196;
[2026-09-23 06:31:39,245] [SUBPROCESS]    C1598;FILL_L126_1;FILL_L50_5;0.144;
[2026-09-23 06:31:39,246] [SUBPROCESS]    C1599;FILL_L126_1;FILL_L8_1;0.008;
[2026-09-23 06:31:39,247] [SUBPROCESS]    C1600;FILL_L126_1;FILL_L8_2;0.007;
[2026-09-23 06:31:39,267] [SUBPROCESS]    C1601;FILL_L126_1;FILL_L8_6;0.004;
[2026-09-23 06:31:39,269] [SUBPROCESS]    C1602;FILL_L126_1;FILL_L8_7;0.003;
[2026-09-23 06:31:39,270] [SUBPROCESS]    C1603;FILL_L126_1;VSUBS;0.356;
[2026-09-23 06:31:39,271] [SUBPROCESS]    C1604;FILL_L126_2;FILL_L126_3;0.326;
[2026-09-23 06:31:39,273] [SUBPROCESS]    C1605;FILL_L126_2;FILL_L134_2;0.442;
[2026-09-23 06:31:39,274] [SUBPROCESS]    C1606;FILL_L126_2;FILL_L30_2;0.04;
[2026-09-23 06:31:39,275] [SUBPROCESS]    C1607;FILL_L126_2;FILL_L30_3;0.052;
[2026-09-23 06:31:39,276] [SUBPROCESS]    C1608;FILL_L126_2;FILL_L30_6;0.006;
[2026-09-23 06:31:39,277] [SUBPROCESS]    C1609;FILL_L126_2;FILL_L30_7;0.012;
[2026-09-23 06:31:39,279] [SUBPROCESS]    C1610;FILL_L126_2;FILL_L50_2;0.288;
[2026-09-23 06:31:39,280] [SUBPROCESS]    C1611;FILL_L126_2;FILL_L50_3;0.357;
[2026-09-23 06:31:39,281] [SUBPROCESS]    C1612;FILL_L126_2;FILL_L50_6;0.045;
[2026-09-23 06:31:39,282] [SUBPROCESS]    C1613;FILL_L126_2;FILL_L50_7;0.098;
[2026-09-23 06:31:39,284] [SUBPROCESS]    C1614;FILL_L126_2;FILL_L8_2;0.005;
[2026-09-23 06:31:39,285] [SUBPROCESS]    C1615;FILL_L126_2;FILL_L8_3;0.008;
[2026-09-23 06:31:39,286] [SUBPROCESS]    C1616;FILL_L126_2;FILL_L8_7;0.003;
[2026-09-23 06:31:39,287] [SUBPROCESS]    C1617;FILL_L126_2;FILL_L8_8;0.005;
[2026-09-23 06:31:39,288] [SUBPROCESS]    C1618;FILL_L126_2;VSUBS;0.327;
[2026-09-23 06:31:39,290] [SUBPROCESS]    C1619;FILL_L126_3;FILL_L134_3;0.009;
[2026-09-23 06:31:39,291] [SUBPROCESS]    C1620;FILL_L126_3;FILL_L30_3;0.001;
[2026-09-23 06:31:39,301] [SUBPROCESS]    C1621;FILL_L126_3;FILL_L50_3;0.08;
[2026-09-23 06:31:39,303] [SUBPROCESS]    C1622;FILL_L126_3;FILL_L8_4;0.0;
[2026-09-23 06:31:39,304] [SUBPROCESS]    C1623;FILL_L126_3;FILL_L8_9;0.0;
[2026-09-23 06:31:39,305] [SUBPROCESS]    C1624;FILL_L126_3;VSUBS;0.295;
[2026-09-23 06:31:39,307] [SUBPROCESS]    C1625;FILL_L126_4;FILL_L126_5;0.478;
[2026-09-23 06:31:39,308] [SUBPROCESS]    C1626;FILL_L126_4;FILL_L126_8;0.239;
[2026-09-23 06:31:39,309] [SUBPROCESS]    C1627;FILL_L126_4;FILL_L30_16;0.0;
[2026-09-23 06:31:39,310] [SUBPROCESS]    C1628;FILL_L126_4;FILL_L30_17;0.0;
[2026-09-23 06:31:39,311] [SUBPROCESS]    C1629;FILL_L126_4;FILL_L30_23;0.012;
[2026-09-23 06:31:39,313] [SUBPROCESS]    C1630;FILL_L126_4;FILL_L30_24;0.012;
[2026-09-23 06:31:39,314] [SUBPROCESS]    C1631;FILL_L126_4;FILL_L50_10;0.004;
[2026-09-23 06:31:39,315] [SUBPROCESS]    C1632;FILL_L126_4;FILL_L50_11;0.009;
[2026-09-23 06:31:39,316] [SUBPROCESS]    C1633;FILL_L126_4;FILL_L50_13;0.002;
[2026-09-23 06:31:39,317] [SUBPROCESS]    C1634;FILL_L126_4;FILL_L50_14;0.065;
[2026-09-23 06:31:39,318] [SUBPROCESS]    C1635;FILL_L126_4;FILL_L50_15;0.124;
[2026-09-23 06:31:39,319] [SUBPROCESS]    C1636;FILL_L126_4;FILL_L50_17;0.02;
[2026-09-23 06:31:39,320] [SUBPROCESS]    C1637;FILL_L126_4;FILL_L50_18;0.272;
[2026-09-23 06:31:39,322] [SUBPROCESS]    C1638;FILL_L126_4;FILL_L50_19;0.337;
[2026-09-23 06:31:39,323] [SUBPROCESS]    C1639;FILL_L126_4;FILL_L50_21;0.01;
[2026-09-23 06:31:39,324] [SUBPROCESS]    C1640;FILL_L126_4;FILL_L50_22;0.141;
[2026-09-23 06:31:39,325] [SUBPROCESS]    C1641;FILL_L126_4;FILL_L50_23;0.201;
[2026-09-23 06:31:39,326] [SUBPROCESS]    C1642;FILL_L126_4;FILL_L8_27;0.002;
[2026-09-23 06:31:39,327] [SUBPROCESS]    C1643;FILL_L126_4;FILL_L8_28;0.002;
[2026-09-23 06:31:39,328] [SUBPROCESS]    C1644;FILL_L126_4;FILL_L8_29;0.001;
[2026-09-23 06:31:39,329] [SUBPROCESS]    C1645;FILL_L126_4;FILL_L8_33;0.005;
[2026-09-23 06:31:39,331] [SUBPROCESS]    C1646;FILL_L126_4;FILL_L8_34;0.011;
[2026-09-23 06:31:39,332] [SUBPROCESS]    C1647;FILL_L126_4;FILL_L8_38;0.003;
[2026-09-23 06:31:39,333] [SUBPROCESS]    C1648;FILL_L126_4;FILL_L8_39;0.005;
[2026-09-23 06:31:39,334] [SUBPROCESS]    C1649;FILL_L126_4;N;0.165;
[2026-09-23 06:31:39,335] [SUBPROCESS]    C1650;FILL_L126_4;P;0.258;
[2026-09-23 06:31:39,336] [SUBPROCESS]    C1651;FILL_L126_4;VSUBS;0.3;
[2026-09-23 06:31:39,337] [SUBPROCESS]    C1652;FILL_L126_5;FILL_L126_9;0.005;
[2026-09-23 06:31:39,338] [SUBPROCESS]    C1653;FILL_L126_5;FILL_L30_25;0.0;
[2026-09-23 06:31:39,339] [SUBPROCESS]    C1654;FILL_L126_5;FILL_L50_15;0.005;
[2026-09-23 06:31:39,340] [SUBPROCESS]    C1655;FILL_L126_5;FILL_L50_19;0.076;
[2026-09-23 06:31:39,341] [SUBPROCESS]    C1656;FILL_L126_5;FILL_L50_23;0.031;
[2026-09-23 06:31:39,343] [SUBPROCESS]    C1657;FILL_L126_5;FILL_L8_35;0.0;
[2026-09-23 06:31:39,344] [SUBPROCESS]    C1658;FILL_L126_5;N;0.014;
[2026-09-23 06:31:39,345] [SUBPROCESS]    C1659;FILL_L126_5;P;0.016;
[2026-09-23 06:31:39,346] [SUBPROCESS]    C1660;FILL_L126_5;VSUBS;0.411;
[2026-09-23 06:31:39,347] [SUBPROCESS]    C1661;FILL_L126_6;FILL_L126_7;0.478;
[2026-09-23 06:31:39,348] [SUBPROCESS]    C1662;FILL_L126_6;FILL_L50_16;0.001;
[2026-09-23 06:31:39,349] [SUBPROCESS]    C1663;FILL_L126_6;FILL_L50_20;0.029;
[2026-09-23 06:31:39,351] [SUBPROCESS]    C1664;FILL_L126_6;FILL_L50_24;0.077;
[2026-09-23 06:31:39,352] [SUBPROCESS]    C1665;FILL_L126_6;FILL_L50_25;0.033;
[2026-09-23 06:31:39,353] [SUBPROCESS]    C1666;FILL_L126_6;FILL_L50_28;0.066;
[2026-09-23 06:31:39,354] [SUBPROCESS]    C1667;FILL_L126_6;FILL_L50_29;0.023;
[2026-09-23 06:31:39,355] [SUBPROCESS]    C1668;FILL_L126_6;VSUBS;0.441;
[2026-09-23 06:31:39,356] [SUBPROCESS]    C1669;FILL_L126_7;FILL_L126_8;0.478;
[2026-09-23 06:31:39,357] [SUBPROCESS]    C1670;FILL_L126_7;FILL_L50_17;0.004;
[2026-09-23 06:31:39,358] [SUBPROCESS]    C1671;FILL_L126_7;FILL_L50_21;0.116;
[2026-09-23 06:31:39,359] [SUBPROCESS]    C1672;FILL_L126_7;FILL_L50_24;0.001;
[2026-09-23 06:31:39,360] [SUBPROCESS]    C1673;FILL_L126_7;FILL_L50_25;0.409;
[2026-09-23 06:31:39,362] [SUBPROCESS]    C1674;FILL_L126_7;FILL_L50_26;0.196;
[2026-09-23 06:31:39,363] [SUBPROCESS]    C1675;FILL_L126_7;FILL_L50_28;0.001;
[2026-09-23 06:31:39,364] [SUBPROCESS]    C1676;FILL_L126_7;FILL_L50_29;0.334;
[2026-09-23 06:31:39,365] [SUBPROCESS]    C1677;FILL_L126_7;FILL_L50_30;0.138;
[2026-09-23 06:31:39,366] [SUBPROCESS]    C1678;FILL_L126_7;FILL_L8_42;0.004;
[2026-09-23 06:31:39,367] [SUBPROCESS]    C1679;FILL_L126_7;FILL_L8_43;0.003;
[2026-09-23 06:31:39,368] [SUBPROCESS]    C1680;FILL_L126_7;FILL_L8_48;0.002;
[2026-09-23 06:31:39,370] [SUBPROCESS]    C1681;FILL_L126_7;FILL_L8_49;0.001;
[2026-09-23 06:31:39,371] [SUBPROCESS]    C1682;FILL_L126_7;FILL_L8_57;0.003;
[2026-09-23 06:31:39,372] [SUBPROCESS]    C1683;FILL_L126_7;VSUBS;0.308;
[2026-09-23 06:31:39,373] [SUBPROCESS]    C1684;FILL_L126_8;FILL_L126_9;0.478;
[2026-09-23 06:31:39,374] [SUBPROCESS]    C1685;FILL_L126_8;FILL_L50_22;0.029;
[2026-09-23 06:31:39,375] [SUBPROCESS]    C1686;FILL_L126_8;FILL_L50_23;0.063;
[2026-09-23 06:31:39,376] [SUBPROCESS]    C1687;FILL_L126_8;FILL_L50_26;0.29;
[2026-09-23 06:31:39,377] [SUBPROCESS]    C1688;FILL_L126_8;FILL_L50_27;0.361;
[2026-09-23 06:31:39,379] [SUBPROCESS]    C1689;FILL_L126_8;FILL_L50_30;0.218;
[2026-09-23 06:31:39,380] [SUBPROCESS]    C1690;FILL_L126_8;FILL_L50_31;0.286;
[2026-09-23 06:31:39,381] [SUBPROCESS]    C1691;FILL_L126_8;FILL_L8_43;0.003;
[2026-09-23 06:31:39,382] [SUBPROCESS]    C1692;FILL_L126_8;FILL_L8_44;0.004;
[2026-09-23 06:31:39,383] [SUBPROCESS]    C1693;FILL_L126_8;FILL_L8_50;0.001;
[2026-09-23 06:31:39,384] [SUBPROCESS]    C1694;FILL_L126_8;FILL_L8_51;0.004;
[2026-09-23 06:31:39,385] [SUBPROCESS]    C1695;FILL_L126_8;FILL_L8_59;0.002;
[2026-09-23 06:31:39,386] [SUBPROCESS]    C1696;FILL_L126_8;VSUBS;0.26;
[2026-09-23 06:31:39,387] [SUBPROCESS]    C1697;FILL_L126_9;FILL_L50_27;0.08;
[2026-09-23 06:31:39,388] [SUBPROCESS]    C1698;FILL_L126_9;FILL_L50_31;0.056;
[2026-09-23 06:31:39,390] [SUBPROCESS]    C1699;FILL_L126_9;FILL_L8_45;0.0;
[2026-09-23 06:31:39,391] [SUBPROCESS]    C1700;FILL_L126_9;FILL_L8_62;0.0;
[2026-09-23 06:31:39,392] [SUBPROCESS]    C1701;FILL_L126_9;VSUBS;0.408;
[2026-09-23 06:31:39,393] [SUBPROCESS]    C1702;FILL_L134_0;FILL_L134_1;0.314;
[2026-09-23 06:31:39,394] [SUBPROCESS]    C1703;FILL_L134_0;FILL_L50_0;0.001;
[2026-09-23 06:31:39,395] [SUBPROCESS]    C1704;FILL_L134_0;FILL_L50_1;0.02;
[2026-09-23 06:31:39,396] [SUBPROCESS]    C1705;FILL_L134_0;FILL_L50_4;0.015;
[2026-09-23 06:31:39,397] [SUBPROCESS]    C1706;FILL_L134_0;FILL_L50_8;0.004;
[2026-09-23 06:31:39,399] [SUBPROCESS]    C1707;FILL_L134_0;VSUBS;0.272;
[2026-09-23 06:31:39,400] [SUBPROCESS]    C1708;FILL_L134_1;FILL_L134_2;0.314;
[2026-09-23 06:31:39,401] [SUBPROCESS]    C1709;FILL_L134_1;FILL_L50_0;0.001;
[2026-09-23 06:31:39,402] [SUBPROCESS]    C1710;FILL_L134_1;FILL_L50_1;0.022;
[2026-09-23 06:31:39,403] [SUBPROCESS]    C1711;FILL_L134_1;FILL_L50_2;0.064;
[2026-09-23 06:31:39,404] [SUBPROCESS]    C1712;FILL_L134_1;FILL_L50_5;0.06;
[2026-09-23 06:31:39,406] [SUBPROCESS]    C1713;FILL_L134_1;VSUBS;0.236;
[2026-09-23 06:31:39,407] [SUBPROCESS]    C1714;FILL_L134_2;FILL_L134_3;0.314;
[2026-09-23 06:31:39,408] [SUBPROCESS]    C1715;FILL_L134_2;FILL_L50_2;0.064;
[2026-09-23 06:31:39,409] [SUBPROCESS]    C1716;FILL_L134_2;FILL_L50_3;0.042;
[2026-09-23 06:31:39,410] [SUBPROCESS]    C1717;FILL_L134_2;FILL_L50_6;0.019;
[2026-09-23 06:31:39,412] [SUBPROCESS]    C1718;FILL_L134_2;FILL_L50_7;0.041;
[2026-09-23 06:31:39,413] [SUBPROCESS]    C1719;FILL_L134_2;VSUBS;0.22;
[2026-09-23 06:31:39,414] [SUBPROCESS]    C1720;FILL_L134_3;FILL_L50_3;0.04;
[2026-09-23 06:31:39,415] [SUBPROCESS]    C1721;FILL_L134_3;VSUBS;0.242;
[2026-09-23 06:31:39,416] [SUBPROCESS]    C1722;FILL_L30_0;FILL_L30_1;0.077;
[2026-09-23 06:31:39,418] [SUBPROCESS]    C1723;FILL_L30_0;FILL_L30_4;0.015;
[2026-09-23 06:31:39,419] [SUBPROCESS]    C1724;FILL_L30_0;FILL_L50_0;0.215;
[2026-09-23 06:31:39,420] [SUBPROCESS]    C1725;FILL_L30_0;FILL_L8_0;0.006;
[2026-09-23 06:31:39,421] [SUBPROCESS]    C1726;FILL_L30_0;FILL_L8_5;0.006;
[2026-09-23 06:31:39,422] [SUBPROCESS]    C1727;FILL_L30_0;VSUBS;0.186;
[2026-09-23 06:31:39,424] [SUBPROCESS]    C1728;FILL_L30_1;FILL_L30_2;0.077;
[2026-09-23 06:31:39,425] [SUBPROCESS]    C1729;FILL_L30_1;FILL_L30_5;0.077;
[2026-09-23 06:31:39,432] [SUBPROCESS]    C1730;FILL_L30_1;FILL_L50_1;1.076;
[2026-09-23 06:31:39,434] [SUBPROCESS]    C1731;FILL_L30_1;FILL_L8_0;0.013;
[2026-09-23 06:31:39,435] [SUBPROCESS]    C1732;FILL_L30_1;FILL_L8_1;0.039;
[2026-09-23 06:31:39,436] [SUBPROCESS]    C1733;FILL_L30_1;FILL_L8_6;0.024;
[2026-09-23 06:31:39,437] [SUBPROCESS]    C1734;FILL_L30_1;VSUBS;0.291;
[2026-09-23 06:31:39,438] [SUBPROCESS]    C1735;FILL_L30_10;FILL_L30_11;0.077;
[2026-09-23 06:31:39,440] [SUBPROCESS]    C1736;FILL_L30_10;FILL_L30_15;0.019;
[2026-09-23 06:31:39,441] [SUBPROCESS]    C1737;FILL_L30_10;FILL_L30_16;0.019;
[2026-09-23 06:31:39,442] [SUBPROCESS]    C1738;FILL_L30_10;FILL_L30_6;0.077;
[2026-09-23 06:31:39,443] [SUBPROCESS]    C1739;FILL_L30_10;FILL_L30_9;0.077;
[2026-09-23 06:31:39,444] [SUBPROCESS]    C1740;FILL_L30_10;FILL_L50_10;1.076;
[2026-09-23 06:31:39,445] [SUBPROCESS]    C1741;FILL_L30_10;FILL_L50_14;0.013;
[2026-09-23 06:31:39,447] [SUBPROCESS]    C1742;FILL_L30_10;FILL_L8_12;0.03;
[2026-09-23 06:31:39,448] [SUBPROCESS]    C1743;FILL_L30_10;FILL_L8_13;0.001;
[2026-09-23 06:31:39,449] [SUBPROCESS]    C1744;FILL_L30_10;FILL_L8_18;0.008;
[2026-09-23 06:31:39,450] [SUBPROCESS]    C1745;FILL_L30_10;FILL_L8_19;0.011;
[2026-09-23 06:31:39,451] [SUBPROCESS]    C1746;FILL_L30_10;FILL_L8_20;0.002;
[2026-09-23 06:31:39,452] [SUBPROCESS]    C1747;FILL_L30_10;VSUBS;0.201;
[2026-09-23 06:31:39,453] [SUBPROCESS]    C1748;FILL_L30_11;FILL_L30_17;0.019;
[2026-09-23 06:31:39,455] [SUBPROCESS]    C1749;FILL_L30_11;FILL_L30_18;0.019;
[2026-09-23 06:31:39,456] [SUBPROCESS]    C1750;FILL_L30_11;FILL_L30_7;0.077;
[2026-09-23 06:31:39,457] [SUBPROCESS]    C1751;FILL_L30_11;FILL_L50_11;1.076;
[2026-09-23 06:31:39,458] [SUBPROCESS]    C1752;FILL_L30_11;FILL_L50_15;0.013;
[2026-09-23 06:31:39,459] [SUBPROCESS]    C1753;FILL_L30_11;FILL_L8_13;0.024;
[2026-09-23 06:31:39,460] [SUBPROCESS]    C1754;FILL_L30_11;FILL_L8_14;0.004;
[2026-09-23 06:31:39,461] [SUBPROCESS]    C1755;FILL_L30_11;FILL_L8_21;0.016;
[2026-09-23 06:31:39,463] [SUBPROCESS]    C1756;FILL_L30_11;FILL_L8_22;0.008;
[2026-09-23 06:31:39,464] [SUBPROCESS]    C1757;FILL_L30_11;VSUBS;0.317;
[2026-09-23 06:31:39,465] [SUBPROCESS]    C1758;FILL_L30_12;FILL_L30_13;0.019;
[2026-09-23 06:31:39,466] [SUBPROCESS]    C1759;FILL_L30_12;FILL_L30_8;0.015;
[2026-09-23 06:31:39,467] [SUBPROCESS]    C1760;FILL_L30_12;FILL_L50_12;0.083;
[2026-09-23 06:31:39,468] [SUBPROCESS]    C1761;FILL_L30_12;FILL_L8_10;0.001;
[2026-09-23 06:31:39,469] [SUBPROCESS]    C1762;FILL_L30_12;VSUBS;0.057;
[2026-09-23 06:31:39,470] [SUBPROCESS]    C1763;FILL_L30_13;FILL_L30_14;0.019;
[2026-09-23 06:31:39,472] [SUBPROCESS]    C1764;FILL_L30_13;FILL_L30_9;0.019;
[2026-09-23 06:31:39,473] [SUBPROCESS]    C1765;FILL_L30_13;FILL_L50_13;0.136;
[2026-09-23 06:31:39,474] [SUBPROCESS]    C1766;FILL_L30_13;VSUBS;0.067;
[2026-09-23 06:31:39,484] [SUBPROCESS]    C1767;FILL_L30_14;FILL_L30_15;0.019;
[2026-09-23 06:31:39,485] [SUBPROCESS]    C1768;FILL_L30_14;FILL_L30_9;0.019;
[2026-09-23 06:31:39,487] [SUBPROCESS]    C1769;FILL_L30_14;FILL_L50_13;0.136;
[2026-09-23 06:31:39,488] [SUBPROCESS]    C1770;FILL_L30_14;FILL_L8_11;0.0;
[2026-09-23 06:31:39,489] [SUBPROCESS]    C1771;FILL_L30_14;FILL_L8_17;0.001;
[2026-09-23 06:31:39,490] [SUBPROCESS]    C1772;FILL_L30_14;VSUBS;0.041;
[2026-09-23 06:31:39,491] [SUBPROCESS]    C1773;FILL_L30_15;FILL_L30_16;0.019;
[2026-09-23 06:31:39,493] [SUBPROCESS]    C1774;FILL_L30_15;FILL_L50_14;0.136;
[2026-09-23 06:31:39,494] [SUBPROCESS]    C1775;FILL_L30_15;FILL_L8_18;0.002;
[2026-09-23 06:31:39,495] [SUBPROCESS]    C1776;FILL_L30_15;VSUBS;0.041;
[2026-09-23 06:31:39,496] [SUBPROCESS]    C1777;FILL_L30_16;FILL_L30_17;0.019;
[2026-09-23 06:31:39,498] [SUBPROCESS]    C1778;FILL_L30_16;FILL_L50_14;0.136;
[2026-09-23 06:31:39,499] [SUBPROCESS]    C1779;FILL_L30_16;FILL_L8_19;0.001;
[2026-09-23 06:31:39,500] [SUBPROCESS]    C1780;FILL_L30_16;VSUBS;0.054;
[2026-09-23 06:31:39,501] [SUBPROCESS]    C1781;FILL_L30_17;FILL_L30_18;0.019;
[2026-09-23 06:31:39,502] [SUBPROCESS]    C1782;FILL_L30_17;FILL_L50_15;0.136;
[2026-09-23 06:31:39,504] [SUBPROCESS]    C1783;FILL_L30_17;FILL_L8_13;0.001;
[2026-09-23 06:31:39,505] [SUBPROCESS]    C1784;FILL_L30_17;VSUBS;0.041;
[2026-09-23 06:31:39,506] [SUBPROCESS]    C1785;FILL_L30_18;FILL_L50_15;0.136;
[2026-09-23 06:31:39,507] [SUBPROCESS]    C1786;FILL_L30_18;VSUBS;0.086;
[2026-09-23 06:31:39,508] [SUBPROCESS]    C1787;FILL_L30_19;FILL_L30_20;0.019;
[2026-09-23 06:31:39,509] [SUBPROCESS]    C1788;FILL_L30_19;FILL_L50_16;0.082;
[2026-09-23 06:31:39,511] [SUBPROCESS]    C1789;FILL_L30_19;N;0.001;
[2026-09-23 06:31:39,512] [SUBPROCESS]    C1790;FILL_L30_19;P;0.001;
[2026-09-23 06:31:39,513] [SUBPROCESS]    C1791;FILL_L30_19;VSUBS;0.042;
[2026-09-23 06:31:39,514] [SUBPROCESS]    C1792;FILL_L30_2;FILL_L30_3;0.077;
[2026-09-23 06:31:39,515] [SUBPROCESS]    C1793;FILL_L30_2;FILL_L30_6;0.077;
[2026-09-23 06:31:39,516] [SUBPROCESS]    C1794;FILL_L30_2;FILL_L50_2;1.076;
[2026-09-23 06:31:39,518] [SUBPROCESS]    C1795;FILL_L30_2;FILL_L8_2;0.036;
[2026-09-23 06:31:39,519] [SUBPROCESS]    C1796;FILL_L30_2;FILL_L8_3;0.006;
[2026-09-23 06:31:39,520] [SUBPROCESS]    C1797;FILL_L30_2;FILL_L8_7;0.028;
[2026-09-23 06:31:39,521] [SUBPROCESS]    C1798;FILL_L30_2;VSUBS;0.275;
[2026-09-23 06:31:39,522] [SUBPROCESS]    C1799;FILL_L30_20;FILL_L30_21;0.019;
[2026-09-23 06:31:39,523] [SUBPROCESS]    C1800;FILL_L30_20;FILL_L50_17;0.135;
[2026-09-23 06:31:39,524] [SUBPROCESS]    C1801;FILL_L30_20;FILL_L8_31;0.005;
[2026-09-23 06:31:39,525] [SUBPROCESS]    C1802;FILL_L30_20;FILL_L8_32;0.006;
[2026-09-23 06:31:39,526] [SUBPROCESS]    C1803;FILL_L30_20;N;0.001;
[2026-09-23 06:31:39,527] [SUBPROCESS]    C1804;FILL_L30_20;P;0.001;
[2026-09-23 06:31:39,528] [SUBPROCESS]    C1805;FILL_L30_20;VSUBS;0.042;
[2026-09-23 06:31:39,530] [SUBPROCESS]    C1806;FILL_L30_21;FILL_L30_22;0.019;
[2026-09-23 06:31:39,531] [SUBPROCESS]    C1807;FILL_L30_21;FILL_L50_17;0.135;
[2026-09-23 06:31:39,532] [SUBPROCESS]    C1808;FILL_L30_21;N;0.001;
[2026-09-23 06:31:39,533] [SUBPROCESS]    C1809;FILL_L30_21;P;0.001;
[2026-09-23 06:31:39,534] [SUBPROCESS]    C1810;FILL_L30_21;VSUBS;0.02;
[2026-09-23 06:31:39,535] [SUBPROCESS]    C1811;FILL_L30_22;FILL_L30_23;0.019;
[2026-09-23 06:31:39,536] [SUBPROCESS]    C1812;FILL_L30_22;FILL_L50_18;0.135;
[2026-09-23 06:31:39,537] [SUBPROCESS]    C1813;FILL_L30_22;N;0.001;
[2026-09-23 06:31:39,538] [SUBPROCESS]    C1814;FILL_L30_22;P;0.001;
[2026-09-23 06:31:39,539] [SUBPROCESS]    C1815;FILL_L30_22;VSUBS;0.02;
[2026-09-23 06:31:39,541] [SUBPROCESS]    C1816;FILL_L30_23;FILL_L30_24;0.019;
[2026-09-23 06:31:39,542] [SUBPROCESS]    C1817;FILL_L30_23;FILL_L50_18;0.135;
[2026-09-23 06:31:39,543] [SUBPROCESS]    C1818;FILL_L30_23;FILL_L8_33;0.003;
[2026-09-23 06:31:39,544] [SUBPROCESS]    C1819;FILL_L30_23;FILL_L8_34;0.002;
[2026-09-23 06:31:39,545] [SUBPROCESS]    C1820;FILL_L30_23;N;0.001;
[2026-09-23 06:31:39,546] [SUBPROCESS]    C1821;FILL_L30_23;P;0.001;
[2026-09-23 06:31:39,547] [SUBPROCESS]    C1822;FILL_L30_23;VSUBS;0.031;
[2026-09-23 06:31:39,549] [SUBPROCESS]    C1823;FILL_L30_24;FILL_L30_25;0.019;
[2026-09-23 06:31:39,550] [SUBPROCESS]    C1824;FILL_L30_24;FILL_L50_19;0.135;
[2026-09-23 06:31:39,551] [SUBPROCESS]    C1825;FILL_L30_24;N;0.001;
[2026-09-23 06:31:39,552] [SUBPROCESS]    C1826;FILL_L30_24;P;0.001;
[2026-09-23 06:31:39,553] [SUBPROCESS]    C1827;FILL_L30_24;VSUBS;0.019;
[2026-09-23 06:31:39,554] [SUBPROCESS]    C1828;FILL_L30_25;FILL_L50_19;0.135;
[2026-09-23 06:31:39,555] [SUBPROCESS]    C1829;FILL_L30_25;FILL_L8_34;0.005;
[2026-09-23 06:31:39,556] [SUBPROCESS]    C1830;FILL_L30_25;FILL_L8_35;0.006;
[2026-09-23 06:31:39,558] [SUBPROCESS]    C1831;FILL_L30_25;N;0.001;
[2026-09-23 06:31:39,559] [SUBPROCESS]    C1832;FILL_L30_25;P;0.001;
[2026-09-23 06:31:39,560] [SUBPROCESS]    C1833;FILL_L30_25;VSUBS;0.066;
[2026-09-23 06:31:39,561] [SUBPROCESS]    C1834;FILL_L30_3;FILL_L30_7;0.077;
[2026-09-23 06:31:39,562] [SUBPROCESS]    C1835;FILL_L30_3;FILL_L50_3;1.076;
[2026-09-23 06:31:39,563] [SUBPROCESS]    C1836;FILL_L30_3;FILL_L8_3;0.04;
[2026-09-23 06:31:39,565] [SUBPROCESS]    C1837;FILL_L30_3;FILL_L8_4;0.02;
[2026-09-23 06:31:39,566] [SUBPROCESS]    C1838;FILL_L30_3;FILL_L8_8;0.02;
[2026-09-23 06:31:39,567] [SUBPROCESS]    C1839;FILL_L30_3;VSUBS;0.385;
[2026-09-23 06:31:39,568] [SUBPROCESS]    C1840;FILL_L30_4;FILL_L30_5;0.077;
[2026-09-23 06:31:39,569] [SUBPROCESS]    C1841;FILL_L30_4;FILL_L30_8;0.015;
[2026-09-23 06:31:39,571] [SUBPROCESS]    C1842;FILL_L30_4;FILL_L50_4;0.215;
[2026-09-23 06:31:39,572] [SUBPROCESS]    C1843;FILL_L30_4;FILL_L8_10;0.006;
[2026-09-23 06:31:39,573] [SUBPROCESS]    C1844;FILL_L30_4;FILL_L8_5;0.006;
[2026-09-23 06:31:39,574] [SUBPROCESS]    C1845;FILL_L30_4;VSUBS;0.166;
[2026-09-23 06:31:39,575] [SUBPROCESS]    C1846;FILL_L30_5;FILL_L30_6;0.077;
[2026-09-23 06:31:39,577] [SUBPROCESS]    C1847;FILL_L30_5;FILL_L30_9;0.077;
[2026-09-23 06:31:39,578] [SUBPROCESS]    C1848;FILL_L30_5;FILL_L50_5;1.076;
[2026-09-23 06:31:39,579] [SUBPROCESS]    C1849;FILL_L30_5;FILL_L8_10;0.005;
[2026-09-23 06:31:39,580] [SUBPROCESS]    C1850;FILL_L30_5;FILL_L8_11;0.03;
[2026-09-23 06:31:39,581] [SUBPROCESS]    C1851;FILL_L30_5;FILL_L8_5;0.008;
[2026-09-23 06:31:39,583] [SUBPROCESS]    C1852;FILL_L30_5;FILL_L8_6;0.033;
[2026-09-23 06:31:39,584] [SUBPROCESS]    C1853;FILL_L30_5;VSUBS;0.198;
[2026-09-23 06:31:39,585] [SUBPROCESS]    C1854;FILL_L30_6;FILL_L30_7;0.077;
[2026-09-23 06:31:39,586] [SUBPROCESS]    C1855;FILL_L30_6;FILL_L50_6;1.076;
[2026-09-23 06:31:39,587] [SUBPROCESS]    C1856;FILL_L30_6;FILL_L8_12;0.031;
[2026-09-23 06:31:39,588] [SUBPROCESS]    C1857;FILL_L30_6;FILL_L8_13;0.002;
[2026-09-23 06:31:39,590] [SUBPROCESS]    C1858;FILL_L30_6;FILL_L8_7;0.033;
[2026-09-23 06:31:39,591] [SUBPROCESS]    C1859;FILL_L30_6;FILL_L8_8;0.003;
[2026-09-23 06:31:39,592] [SUBPROCESS]    C1860;FILL_L30_6;VSUBS;0.18;
[2026-09-23 06:31:39,593] [SUBPROCESS]    C1861;FILL_L30_7;FILL_L50_7;1.076;
[2026-09-23 06:31:39,594] [SUBPROCESS]    C1862;FILL_L30_7;FILL_L8_13;0.028;
[2026-09-23 06:31:39,595] [SUBPROCESS]    C1863;FILL_L30_7;FILL_L8_14;0.008;
[2026-09-23 06:31:39,597] [SUBPROCESS]    C1864;FILL_L30_7;FILL_L8_8;0.032;
[2026-09-23 06:31:39,598] [SUBPROCESS]    C1865;FILL_L30_7;FILL_L8_9;0.012;
[2026-09-23 06:31:39,599] [SUBPROCESS]    C1866;FILL_L30_7;VSUBS;0.295;
[2026-09-23 06:31:39,600] [SUBPROCESS]    C1867;FILL_L30_8;FILL_L30_9;0.077;
[2026-09-23 06:31:39,601] [SUBPROCESS]    C1868;FILL_L30_8;FILL_L50_8;0.215;
[2026-09-23 06:31:39,602] [SUBPROCESS]    C1869;FILL_L30_8;FILL_L8_10;0.006;
[2026-09-23 06:31:39,603] [SUBPROCESS]    C1870;FILL_L30_8;VSUBS;0.169;
[2026-09-23 06:31:39,605] [SUBPROCESS]    C1871;FILL_L30_9;FILL_L50_13;0.013;
[2026-09-23 06:31:39,606] [SUBPROCESS]    C1872;FILL_L30_9;FILL_L50_9;1.076;
[2026-09-23 06:31:39,607] [SUBPROCESS]    C1873;FILL_L30_9;FILL_L8_10;0.003;
[2026-09-23 06:31:39,608] [SUBPROCESS]    C1874;FILL_L30_9;FILL_L8_11;0.027;
[2026-09-23 06:31:39,609] [SUBPROCESS]    C1875;FILL_L30_9;FILL_L8_15;0.005;
[2026-09-23 06:31:39,610] [SUBPROCESS]    C1876;FILL_L30_9;FILL_L8_16;0.014;
[2026-09-23 06:31:39,611] [SUBPROCESS]    C1877;FILL_L30_9;FILL_L8_17;0.004;
[2026-09-23 06:31:39,612] [SUBPROCESS]    C1878;FILL_L30_9;VSUBS;0.217;
[2026-09-23 06:31:39,613] [SUBPROCESS]    C1879;FILL_L50_0;FILL_L50_1;0.099;
[2026-09-23 06:31:39,615] [SUBPROCESS]    C1880;FILL_L50_0;FILL_L50_4;0.02;
[2026-09-23 06:31:39,616] [SUBPROCESS]    C1881;FILL_L50_0;VSUBS;0.157;
[2026-09-23 06:31:39,617] [SUBPROCESS]    C1882;FILL_L50_1;FILL_L50_2;0.099;
[2026-09-23 06:31:39,618] [SUBPROCESS]    C1883;FILL_L50_1;FILL_L50_5;0.099;
[2026-09-23 06:31:39,619] [SUBPROCESS]    C1884;FILL_L50_1;VSUBS;0.168;
[2026-09-23 06:31:39,621] [SUBPROCESS]    C1885;FILL_L50_10;FILL_L50_11;0.099;
[2026-09-23 06:31:39,622] [SUBPROCESS]    C1886;FILL_L50_10;FILL_L50_14;0.099;
[2026-09-23 06:31:39,623] [SUBPROCESS]    C1887;FILL_L50_10;FILL_L50_6;0.099;
[2026-09-23 06:31:39,624] [SUBPROCESS]    C1888;FILL_L50_10;FILL_L50_9;0.099;
[2026-09-23 06:31:39,626] [SUBPROCESS]    C1889;FILL_L50_10;N;0.003;
[2026-09-23 06:31:39,627] [SUBPROCESS]    C1890;FILL_L50_10;VSUBS;0.083;
[2026-09-23 06:31:39,631] [SUBPROCESS]    C1891;FILL_L50_11;FILL_L50_15;0.099;
[2026-09-23 06:31:39,633] [SUBPROCESS]    C1892;FILL_L50_11;FILL_L50_7;0.099;
[2026-09-23 06:31:39,634] [SUBPROCESS]    C1893;FILL_L50_11;N;0.003;
[2026-09-23 06:31:39,635] [SUBPROCESS]    C1894;FILL_L50_11;VSUBS;0.166;
[2026-09-23 06:31:39,637] [SUBPROCESS]    C1895;FILL_L50_12;FILL_L50_13;0.099;
[2026-09-23 06:31:39,642] [SUBPROCESS]    C1896;FILL_L50_12;FILL_L50_16;0.02;
[2026-09-23 06:31:39,649] [SUBPROCESS]    C1897;FILL_L50_12;FILL_L50_8;0.02;
[2026-09-23 06:31:39,653] [SUBPROCESS]    C1898;FILL_L50_12;N;0.025;
[2026-09-23 06:31:39,654] [SUBPROCESS]    C1899;FILL_L50_12;P;0.002;
[2026-09-23 06:31:39,656] [SUBPROCESS]    C1900;FILL_L50_12;VSUBS;0.142;
[2026-09-23 06:31:39,657] [SUBPROCESS]    C1901;FILL_L50_13;FILL_L50_14;0.099;
[2026-09-23 06:31:39,658] [SUBPROCESS]    C1902;FILL_L50_13;FILL_L50_17;0.099;
[2026-09-23 06:31:39,659] [SUBPROCESS]    C1903;FILL_L50_13;FILL_L50_9;0.099;
[2026-09-23 06:31:39,661] [SUBPROCESS]    C1904;FILL_L50_13;FILL_L8_11;0.001;
[2026-09-23 06:31:39,662] [SUBPROCESS]    C1905;FILL_L50_13;FILL_L8_16;0.002;
[2026-09-23 06:31:39,663] [SUBPROCESS]    C1906;FILL_L50_13;FILL_L8_23;0.001;
[2026-09-23 06:31:39,664] [SUBPROCESS]    C1907;FILL_L50_13;FILL_L8_24;0.001;
[2026-09-23 06:31:39,666] [SUBPROCESS]    C1908;FILL_L50_13;N;0.125;
[2026-09-23 06:31:39,667] [SUBPROCESS]    C1909;FILL_L50_13;P;0.01;
[2026-09-23 06:31:39,668] [SUBPROCESS]    C1910;FILL_L50_13;VSUBS;0.143;
[2026-09-23 06:31:39,674] [SUBPROCESS]    C1911;FILL_L50_14;FILL_L50_15;0.099;
[2026-09-23 06:31:39,677] [SUBPROCESS]    C1912;FILL_L50_14;FILL_L50_18;0.099;
[2026-09-23 06:31:39,678] [SUBPROCESS]    C1913;FILL_L50_14;FILL_L8_12;0.001;
[2026-09-23 06:31:39,688] [SUBPROCESS]    C1914;FILL_L50_14;FILL_L8_19;0.001;
[2026-09-23 06:31:39,689] [SUBPROCESS]    C1915;FILL_L50_14;FILL_L8_27;0.001;
[2026-09-23 06:31:39,690] [SUBPROCESS]    C1916;FILL_L50_14;FILL_L8_28;0.001;
[2026-09-23 06:31:39,692] [SUBPROCESS]    C1917;FILL_L50_14;N;0.125;
[2026-09-23 06:31:39,693] [SUBPROCESS]    C1918;FILL_L50_14;P;0.01;
[2026-09-23 06:31:39,694] [SUBPROCESS]    C1919;FILL_L50_14;VSUBS;0.134;
[2026-09-23 06:31:39,695] [SUBPROCESS]    C1920;FILL_L50_15;FILL_L50_19;0.099;
[2026-09-23 06:31:39,696] [SUBPROCESS]    C1921;FILL_L50_15;FILL_L8_13;0.0;
[2026-09-23 06:31:39,698] [SUBPROCESS]    C1922;FILL_L50_15;FILL_L8_21;0.002;
[2026-09-23 06:31:39,699] [SUBPROCESS]    C1923;FILL_L50_15;FILL_L8_29;0.002;
[2026-09-23 06:31:39,701] [SUBPROCESS]    C1924;FILL_L50_15;FILL_L8_30;0.002;
[2026-09-23 06:31:39,737] [SUBPROCESS]    C1925;FILL_L50_15;N;0.125;
[2026-09-23 06:31:39,738] [SUBPROCESS]    C1926;FILL_L50_15;P;0.01;
[2026-09-23 06:31:39,739] [SUBPROCESS]    C1927;FILL_L50_15;VSUBS;0.232;
[2026-09-23 06:31:39,741] [SUBPROCESS]    C1928;FILL_L50_16;FILL_L50_17;0.099;
[2026-09-23 06:31:39,742] [SUBPROCESS]    C1929;FILL_L50_16;FILL_L50_20;0.02;
[2026-09-23 06:31:39,743] [SUBPROCESS]    C1930;FILL_L50_16;FILL_L8_31;0.0;
[2026-09-23 06:31:39,744] [SUBPROCESS]    C1931;FILL_L50_16;FILL_L8_36;0.0;
[2026-09-23 06:31:39,745] [SUBPROCESS]    C1932;FILL_L50_16;N;0.001;
[2026-09-23 06:31:39,746] [SUBPROCESS]    C1933;FILL_L50_16;P;0.017;
[2026-09-23 06:31:39,748] [SUBPROCESS]    C1934;FILL_L50_16;VSUBS;0.138;
[2026-09-23 06:31:39,749] [SUBPROCESS]    C1935;FILL_L50_17;FILL_L50_18;0.099;
[2026-09-23 06:31:39,750] [SUBPROCESS]    C1936;FILL_L50_17;FILL_L50_21;0.099;
[2026-09-23 06:31:39,751] [SUBPROCESS]    C1937;FILL_L50_17;FILL_L8_31;0.007;
[2026-09-23 06:31:39,752] [SUBPROCESS]    C1938;FILL_L50_17;FILL_L8_32;0.01;
[2026-09-23 06:31:39,753] [SUBPROCESS]    C1939;FILL_L50_17;FILL_L8_37;0.002;
[2026-09-23 06:31:39,754] [SUBPROCESS]    C1940;FILL_L50_17;N;0.007;
[2026-09-23 06:31:39,755] [SUBPROCESS]    C1941;FILL_L50_17;P;0.085;
[2026-09-23 06:31:39,756] [SUBPROCESS]    C1942;FILL_L50_17;VSUBS;0.12;
[2026-09-23 06:31:39,758] [SUBPROCESS]    C1943;FILL_L50_18;FILL_L50_19;0.099;
[2026-09-23 06:31:39,759] [SUBPROCESS]    C1944;FILL_L50_18;FILL_L50_22;0.099;
[2026-09-23 06:31:39,760] [SUBPROCESS]    C1945;FILL_L50_18;FILL_L8_33;0.006;
[2026-09-23 06:31:39,761] [SUBPROCESS]    C1946;FILL_L50_18;FILL_L8_34;0.003;
[2026-09-23 06:31:39,762] [SUBPROCESS]    C1947;FILL_L50_18;FILL_L8_38;0.002;
[2026-09-23 06:31:39,763] [SUBPROCESS]    C1948;FILL_L50_18;N;0.007;
[2026-09-23 06:31:39,764] [SUBPROCESS]    C1949;FILL_L50_18;P;0.085;
[2026-09-23 06:31:39,765] [SUBPROCESS]    C1950;FILL_L50_18;VSUBS;0.117;
[2026-09-23 06:31:39,766] [SUBPROCESS]    C1951;FILL_L50_19;FILL_L50_23;0.099;
[2026-09-23 06:31:39,767] [SUBPROCESS]    C1952;FILL_L50_19;FILL_L8_34;0.014;
[2026-09-23 06:31:39,769] [SUBPROCESS]    C1953;FILL_L50_19;FILL_L8_35;0.012;
[2026-09-23 06:31:39,770] [SUBPROCESS]    C1954;FILL_L50_19;FILL_L8_39;0.002;
[2026-09-23 06:31:39,771] [SUBPROCESS]    C1955;FILL_L50_19;N;0.007;
[2026-09-23 06:31:39,772] [SUBPROCESS]    C1956;FILL_L50_19;P;0.085;
[2026-09-23 06:31:39,773] [SUBPROCESS]    C1957;FILL_L50_19;VSUBS;0.209;
[2026-09-23 06:31:39,774] [SUBPROCESS]    C1958;FILL_L50_2;FILL_L50_3;0.099;
[2026-09-23 06:31:39,775] [SUBPROCESS]    C1959;FILL_L50_2;FILL_L50_6;0.099;
[2026-09-23 06:31:39,776] [SUBPROCESS]    C1960;FILL_L50_2;VSUBS;0.167;
[2026-09-23 06:31:39,777] [SUBPROCESS]    C1961;FILL_L50_20;FILL_L50_21;0.099;
[2026-09-23 06:31:39,778] [SUBPROCESS]    C1962;FILL_L50_20;FILL_L50_24;0.02;
[2026-09-23 06:31:39,780] [SUBPROCESS]    C1963;FILL_L50_20;FILL_L8_36;0.003;
[2026-09-23 06:31:39,781] [SUBPROCESS]    C1964;FILL_L50_20;FILL_L8_41;0.003;
[2026-09-23 06:31:39,782] [SUBPROCESS]    C1965;FILL_L50_20;VSUBS;0.147;
[2026-09-23 06:31:39,783] [SUBPROCESS]    C1966;FILL_L50_21;FILL_L50_22;0.099;
[2026-09-23 06:31:39,784] [SUBPROCESS]    C1967;FILL_L50_21;FILL_L50_25;0.099;
[2026-09-23 06:31:39,785] [SUBPROCESS]    C1968;FILL_L50_21;FILL_L8_36;0.007;
[2026-09-23 06:31:39,786] [SUBPROCESS]    C1969;FILL_L50_21;FILL_L8_37;0.019;
[2026-09-23 06:31:39,787] [SUBPROCESS]    C1970;FILL_L50_21;FILL_L8_42;0.011;
[2026-09-23 06:31:39,788] [SUBPROCESS]    C1971;FILL_L50_21;VSUBS;0.14;
[2026-09-23 06:31:39,789] [SUBPROCESS]    C1972;FILL_L50_22;FILL_L50_23;0.099;
[2026-09-23 06:31:39,790] [SUBPROCESS]    C1973;FILL_L50_22;FILL_L50_26;0.099;
[2026-09-23 06:31:39,792] [SUBPROCESS]    C1974;FILL_L50_22;FILL_L8_38;0.017;
[2026-09-23 06:31:39,793] [SUBPROCESS]    C1975;FILL_L50_22;FILL_L8_39;0.003;
[2026-09-23 06:31:39,794] [SUBPROCESS]    C1976;FILL_L50_22;FILL_L8_43;0.013;
[2026-09-23 06:31:39,795] [SUBPROCESS]    C1977;FILL_L50_22;VSUBS;0.131;
[2026-09-23 06:31:39,796] [SUBPROCESS]    C1978;FILL_L50_23;FILL_L50_27;0.099;
[2026-09-23 06:31:39,797] [SUBPROCESS]    C1979;FILL_L50_23;FILL_L8_39;0.02;
[2026-09-23 06:31:39,798] [SUBPROCESS]    C1980;FILL_L50_23;FILL_L8_40;0.011;
[2026-09-23 06:31:39,799] [SUBPROCESS]    C1981;FILL_L50_23;FILL_L8_44;0.009;
[2026-09-23 06:31:39,800] [SUBPROCESS]    C1982;FILL_L50_23;VSUBS;0.228;
[2026-09-23 06:31:39,801] [SUBPROCESS]    C1983;FILL_L50_24;FILL_L50_25;0.099;
[2026-09-23 06:31:39,802] [SUBPROCESS]    C1984;FILL_L50_24;FILL_L50_28;0.02;
[2026-09-23 06:31:39,803] [SUBPROCESS]    C1985;FILL_L50_24;FILL_L8_41;0.003;
[2026-09-23 06:31:39,805] [SUBPROCESS]    C1986;FILL_L50_24;VSUBS;0.142;
[2026-09-23 06:31:39,806] [SUBPROCESS]    C1987;FILL_L50_25;FILL_L50_26;0.099;
[2026-09-23 06:31:39,807] [SUBPROCESS]    C1988;FILL_L50_25;FILL_L50_29;0.099;
[2026-09-23 06:31:39,808] [SUBPROCESS]    C1989;FILL_L50_25;FILL_L8_41;0.003;
[2026-09-23 06:31:39,809] [SUBPROCESS]    C1990;FILL_L50_25;FILL_L8_42;0.015;
[2026-09-23 06:31:39,810] [SUBPROCESS]    C1991;FILL_L50_25;VSUBS;0.102;
[2026-09-23 06:31:39,812] [SUBPROCESS]    C1992;FILL_L50_26;FILL_L50_27;0.099;
[2026-09-23 06:31:39,813] [SUBPROCESS]    C1993;FILL_L50_26;FILL_L50_30;0.099;
[2026-09-23 06:31:39,814] [SUBPROCESS]    C1994;FILL_L50_26;FILL_L8_43;0.015;
[2026-09-23 06:31:39,815] [SUBPROCESS]    C1995;FILL_L50_26;FILL_L8_44;0.002;
[2026-09-23 06:31:39,816] [SUBPROCESS]    C1996;FILL_L50_26;VSUBS;0.097;
[2026-09-23 06:31:39,817] [SUBPROCESS]    C1997;FILL_L50_27;FILL_L50_31;0.099;
[2026-09-23 06:31:39,818] [SUBPROCESS]    C1998;FILL_L50_27;FILL_L8_44;0.014;
[2026-09-23 06:31:39,820] [SUBPROCESS]    C1999;FILL_L50_27;FILL_L8_45;0.005;
[2026-09-23 06:31:39,821] [SUBPROCESS]    C2000;FILL_L50_27;VSUBS;0.189;
[2026-09-23 06:31:39,822] [SUBPROCESS]    C2001;FILL_L50_28;FILL_L50_29;0.099;
[2026-09-23 06:31:39,823] [SUBPROCESS]    C2002;FILL_L50_28;FILL_L8_54;0.005;
[2026-09-23 06:31:39,824] [SUBPROCESS]    C2003;FILL_L50_28;FILL_L8_55;0.002;
[2026-09-23 06:31:39,826] [SUBPROCESS]    C2004;FILL_L50_28;VSUBS;0.179;
[2026-09-23 06:31:39,827] [SUBPROCESS]    C2005;FILL_L50_29;FILL_L50_30;0.099;
[2026-09-23 06:31:39,828] [SUBPROCESS]    C2006;FILL_L50_29;FILL_L8_46;0.001;
[2026-09-23 06:31:39,829] [SUBPROCESS]    C2007;FILL_L50_29;FILL_L8_47;0.008;
[2026-09-23 06:31:39,830] [SUBPROCESS]    C2008;FILL_L50_29;FILL_L8_48;0.004;
[2026-09-23 06:31:39,832] [SUBPROCESS]    C2009;FILL_L50_29;FILL_L8_55;0.011;
[2026-09-23 06:31:39,833] [SUBPROCESS]    C2010;FILL_L50_29;FILL_L8_56;0.017;
[2026-09-23 06:31:39,834] [SUBPROCESS]    C2011;FILL_L50_29;FILL_L8_57;0.001;
[2026-09-23 06:31:39,835] [SUBPROCESS]    C2012;FILL_L50_29;VSUBS;0.268;
[2026-09-23 06:31:39,836] [SUBPROCESS]    C2013;FILL_L50_3;FILL_L50_7;0.099;
[2026-09-23 06:31:39,838] [SUBPROCESS]    C2014;FILL_L50_3;VSUBS;0.247;
[2026-09-23 06:31:39,839] [SUBPROCESS]    C2015;FILL_L50_30;FILL_L50_31;0.099;
[2026-09-23 06:31:39,840] [SUBPROCESS]    C2016;FILL_L50_30;FILL_L8_49;0.007;
[2026-09-23 06:31:39,841] [SUBPROCESS]    C2017;FILL_L50_30;FILL_L8_50;0.008;
[2026-09-23 06:31:39,842] [SUBPROCESS]    C2018;FILL_L50_30;FILL_L8_51;0.001;
[2026-09-23 06:31:39,843] [SUBPROCESS]    C2019;FILL_L50_30;FILL_L8_57;0.001;
[2026-09-23 06:31:39,845] [SUBPROCESS]    C2020;FILL_L50_30;FILL_L8_58;0.018;
[2026-09-23 06:31:39,846] [SUBPROCESS]    C2021;FILL_L50_30;FILL_L8_59;0.006;
[2026-09-23 06:31:39,847] [SUBPROCESS]    C2022;FILL_L50_30;VSUBS;0.282;
[2026-09-23 06:31:39,848] [SUBPROCESS]    C2023;FILL_L50_31;FILL_L8_52;0.01;
[2026-09-23 06:31:39,849] [SUBPROCESS]    C2024;FILL_L50_31;FILL_L8_53;0.002;
[2026-09-23 06:31:39,850] [SUBPROCESS]    C2025;FILL_L50_31;FILL_L8_60;0.01;
[2026-09-23 06:31:39,852] [SUBPROCESS]    C2026;FILL_L50_31;FILL_L8_61;0.022;
[2026-09-23 06:31:39,853] [SUBPROCESS]    C2027;FILL_L50_31;FILL_L8_62;0.001;
[2026-09-23 06:31:39,854] [SUBPROCESS]    C2028;FILL_L50_31;VSUBS;0.367;
[2026-09-23 06:31:39,855] [SUBPROCESS]    C2029;FILL_L50_4;FILL_L50_5;0.099;
[2026-09-23 06:31:39,856] [SUBPROCESS]    C2030;FILL_L50_4;FILL_L50_8;0.02;
[2026-09-23 06:31:39,858] [SUBPROCESS]    C2031;FILL_L50_4;VSUBS;0.138;
[2026-09-23 06:31:39,859] [SUBPROCESS]    C2032;FILL_L50_5;FILL_L50_6;0.099;
[2026-09-23 06:31:39,860] [SUBPROCESS]    C2033;FILL_L50_5;FILL_L50_9;0.099;
[2026-09-23 06:31:39,861] [SUBPROCESS]    C2034;FILL_L50_5;VSUBS;0.078;
[2026-09-23 06:31:39,863] [SUBPROCESS]    C2035;FILL_L50_6;FILL_L50_7;0.099;
[2026-09-23 06:31:39,864] [SUBPROCESS]    C2036;FILL_L50_6;VSUBS;0.075;
[2026-09-23 06:31:39,865] [SUBPROCESS]    C2037;FILL_L50_7;VSUBS;0.16;
[2026-09-23 06:31:39,866] [SUBPROCESS]    C2038;FILL_L50_8;FILL_L50_9;0.099;
[2026-09-23 06:31:39,867] [SUBPROCESS]    C2039;FILL_L50_8;N;0.001;
[2026-09-23 06:31:39,869] [SUBPROCESS]    C2040;FILL_L50_8;VSUBS;0.14;
[2026-09-23 06:31:39,870] [SUBPROCESS]    C2041;FILL_L50_9;N;0.003;
[2026-09-23 06:31:39,871] [SUBPROCESS]    C2042;FILL_L50_9;VSUBS;0.085;
[2026-09-23 06:31:39,872] [SUBPROCESS]    C2043;FILL_L8_0;FILL_L8_1;0.07;
[2026-09-23 06:31:39,874] [SUBPROCESS]    C2044;FILL_L8_0;FILL_L8_5;0.046;
[2026-09-23 06:31:39,875] [SUBPROCESS]    C2045;FILL_L8_0;VSUBS;0.645;
[2026-09-23 06:31:39,876] [SUBPROCESS]    C2046;FILL_L8_1;FILL_L8_2;0.07;
[2026-09-23 06:31:39,878] [SUBPROCESS]    C2047;FILL_L8_1;FILL_L8_6;0.07;
[2026-09-23 06:31:39,879] [SUBPROCESS]    C2048;FILL_L8_1;VSUBS;0.809;
[2026-09-23 06:31:39,880] [SUBPROCESS]    C2049;FILL_L8_10;FILL_L8_11;0.07;
[2026-09-23 06:31:39,881] [SUBPROCESS]    C2050;FILL_L8_10;FILL_L8_15;0.02;
[2026-09-23 06:31:39,883] [SUBPROCESS]    C2051;FILL_L8_10;FILL_L8_5;0.046;
[2026-09-23 06:31:39,884] [SUBPROCESS]    C2052;FILL_L8_10;VSUBS;0.627;
[2026-09-23 06:31:39,885] [SUBPROCESS]    C2053;FILL_L8_11;FILL_L8_12;0.07;
[2026-09-23 06:31:39,886] [SUBPROCESS]    C2054;FILL_L8_11;FILL_L8_16;0.02;
[2026-09-23 06:31:39,887] [SUBPROCESS]    C2055;FILL_L8_11;FILL_L8_17;0.02;
[2026-09-23 06:31:39,888] [SUBPROCESS]    C2056;FILL_L8_11;FILL_L8_6;0.07;
[2026-09-23 06:31:39,889] [SUBPROCESS]    C2057;FILL_L8_11;VSUBS;0.774;
[2026-09-23 06:31:39,891] [SUBPROCESS]    C2058;FILL_L8_12;FILL_L8_13;0.07;
[2026-09-23 06:31:39,892] [SUBPROCESS]    C2059;FILL_L8_12;FILL_L8_18;0.02;
[2026-09-23 06:31:39,893] [SUBPROCESS]    C2060;FILL_L8_12;FILL_L8_19;0.02;
[2026-09-23 06:31:39,894] [SUBPROCESS]    C2061;FILL_L8_12;FILL_L8_7;0.07;
[2026-09-23 06:31:39,895] [SUBPROCESS]    C2062;FILL_L8_12;VSUBS;0.774;
[2026-09-23 06:31:39,897] [SUBPROCESS]    C2063;FILL_L8_13;FILL_L8_14;0.07;
[2026-09-23 06:31:39,898] [SUBPROCESS]    C2064;FILL_L8_13;FILL_L8_20;0.02;
[2026-09-23 06:31:39,899] [SUBPROCESS]    C2065;FILL_L8_13;FILL_L8_21;0.02;
[2026-09-23 06:31:39,900] [SUBPROCESS]    C2066;FILL_L8_13;FILL_L8_8;0.07;
[2026-09-23 06:31:39,902] [SUBPROCESS]    C2067;FILL_L8_13;VSUBS;0.774;
[2026-09-23 06:31:39,903] [SUBPROCESS]    C2068;FILL_L8_14;FILL_L8_22;0.02;
[2026-09-23 06:31:39,904] [SUBPROCESS]    C2069;FILL_L8_14;FILL_L8_9;0.024;
[2026-09-23 06:31:39,905] [SUBPROCESS]    C2070;FILL_L8_14;VSUBS;0.424;
[2026-09-23 06:31:39,906] [SUBPROCESS]    C2071;FILL_L8_15;FILL_L8_16;0.02;
[2026-09-23 06:31:39,908] [SUBPROCESS]    C2072;FILL_L8_15;VSUBS;0.156;
[2026-09-23 06:31:39,909] [SUBPROCESS]    C2073;FILL_L8_16;FILL_L8_17;0.02;
[2026-09-23 06:31:39,910] [SUBPROCESS]    C2074;FILL_L8_16;VSUBS;0.139;
[2026-09-23 06:31:39,911] [SUBPROCESS]    C2075;FILL_L8_17;FILL_L8_18;0.02;
[2026-09-23 06:31:39,912] [SUBPROCESS]    C2076;FILL_L8_17;VSUBS;0.139;
[2026-09-23 06:31:39,914] [SUBPROCESS]    C2077;FILL_L8_18;FILL_L8_19;0.02;
[2026-09-23 06:31:39,915] [SUBPROCESS]    C2078;FILL_L8_18;VSUBS;0.139;
[2026-09-23 06:31:39,916] [SUBPROCESS]    C2079;FILL_L8_19;FILL_L8_20;0.02;
[2026-09-23 06:31:39,917] [SUBPROCESS]    C2080;FILL_L8_19;VSUBS;0.139;
[2026-09-23 06:31:39,919] [SUBPROCESS]    C2081;FILL_L8_2;FILL_L8_3;0.07;
[2026-09-23 06:31:39,920] [SUBPROCESS]    C2082;FILL_L8_2;FILL_L8_7;0.07;
[2026-09-23 06:31:39,921] [SUBPROCESS]    C2083;FILL_L8_2;VSUBS;0.809;
[2026-09-23 06:31:39,922] [SUBPROCESS]    C2084;FILL_L8_20;FILL_L8_21;0.02;
[2026-09-23 06:31:39,923] [SUBPROCESS]    C2085;FILL_L8_20;VSUBS;0.139;
[2026-09-23 06:31:39,925] [SUBPROCESS]    C2086;FILL_L8_21;FILL_L8_22;0.02;
[2026-09-23 06:31:39,926] [SUBPROCESS]    C2087;FILL_L8_21;VSUBS;0.139;
[2026-09-23 06:31:39,927] [SUBPROCESS]    C2088;FILL_L8_22;VSUBS;0.156;
[2026-09-23 06:31:39,928] [SUBPROCESS]    C2089;FILL_L8_23;FILL_L8_24;0.02;
[2026-09-23 06:31:39,930] [SUBPROCESS]    C2090;FILL_L8_23;FILL_L8_31;0.02;
[2026-09-23 06:31:39,931] [SUBPROCESS]    C2091;FILL_L8_23;N;0.0;
[2026-09-23 06:31:39,932] [SUBPROCESS]    C2092;FILL_L8_23;P;0.0;
[2026-09-23 06:31:39,934] [SUBPROCESS]    C2093;FILL_L8_23;VSUBS;0.149;
[2026-09-23 06:31:39,935] [SUBPROCESS]    C2094;FILL_L8_24;FILL_L8_25;0.02;
[2026-09-23 06:31:39,936] [SUBPROCESS]    C2095;FILL_L8_24;FILL_L8_32;0.02;
[2026-09-23 06:31:39,937] [SUBPROCESS]    C2096;FILL_L8_24;N;0.0;
[2026-09-23 06:31:39,938] [SUBPROCESS]    C2097;FILL_L8_24;P;0.0;
[2026-09-23 06:31:39,940] [SUBPROCESS]    C2098;FILL_L8_24;VSUBS;0.132;
[2026-09-23 06:31:39,941] [SUBPROCESS]    C2099;FILL_L8_25;FILL_L8_26;0.02;
[2026-09-23 06:31:39,942] [SUBPROCESS]    C2100;FILL_L8_25;FILL_L8_32;0.02;
[2026-09-23 06:31:39,943] [SUBPROCESS]    C2101;FILL_L8_25;N;0.0;
[2026-09-23 06:31:39,944] [SUBPROCESS]    C2102;FILL_L8_25;P;0.0;
[2026-09-23 06:31:39,945] [SUBPROCESS]    C2103;FILL_L8_25;VSUBS;0.132;
[2026-09-23 06:31:39,946] [SUBPROCESS]    C2104;FILL_L8_26;FILL_L8_27;0.02;
[2026-09-23 06:31:39,948] [SUBPROCESS]    C2105;FILL_L8_26;FILL_L8_33;0.02;
[2026-09-23 06:31:39,949] [SUBPROCESS]    C2106;FILL_L8_26;N;0.0;
[2026-09-23 06:31:39,950] [SUBPROCESS]    C2107;FILL_L8_26;P;0.0;
[2026-09-23 06:31:39,951] [SUBPROCESS]    C2108;FILL_L8_26;VSUBS;0.132;
[2026-09-23 06:31:39,952] [SUBPROCESS]    C2109;FILL_L8_27;FILL_L8_28;0.02;
[2026-09-23 06:31:39,953] [SUBPROCESS]    C2110;FILL_L8_27;FILL_L8_33;0.02;
[2026-09-23 06:31:39,955] [SUBPROCESS]    C2111;FILL_L8_27;N;0.0;
[2026-09-23 06:31:39,956] [SUBPROCESS]    C2112;FILL_L8_27;P;0.0;
[2026-09-23 06:31:39,957] [SUBPROCESS]    C2113;FILL_L8_27;VSUBS;0.132;
[2026-09-23 06:31:39,958] [SUBPROCESS]    C2114;FILL_L8_28;FILL_L8_29;0.02;
[2026-09-23 06:31:39,959] [SUBPROCESS]    C2115;FILL_L8_28;FILL_L8_34;0.02;
[2026-09-23 06:31:39,960] [SUBPROCESS]    C2116;FILL_L8_28;N;0.0;
[2026-09-23 06:31:39,962] [SUBPROCESS]    C2117;FILL_L8_28;P;0.0;
[2026-09-23 06:31:39,963] [SUBPROCESS]    C2118;FILL_L8_28;VSUBS;0.132;
[2026-09-23 06:31:39,964] [SUBPROCESS]    C2119;FILL_L8_29;FILL_L8_30;0.02;
[2026-09-23 06:31:39,965] [SUBPROCESS]    C2120;FILL_L8_29;FILL_L8_34;0.02;
[2026-09-23 06:31:39,966] [SUBPROCESS]    C2121;FILL_L8_29;N;0.0;
[2026-09-23 06:31:39,967] [SUBPROCESS]    C2122;FILL_L8_29;P;0.0;
[2026-09-23 06:31:39,969] [SUBPROCESS]    C2123;FILL_L8_29;VSUBS;0.132;
[2026-09-23 06:31:39,970] [SUBPROCESS]    C2124;FILL_L8_3;FILL_L8_4;0.07;
[2026-09-23 06:31:39,971] [SUBPROCESS]    C2125;FILL_L8_3;FILL_L8_8;0.07;
[2026-09-23 06:31:39,972] [SUBPROCESS]    C2126;FILL_L8_3;VSUBS;0.809;
[2026-09-23 06:31:39,973] [SUBPROCESS]    C2127;FILL_L8_30;FILL_L8_35;0.02;
[2026-09-23 06:31:39,974] [SUBPROCESS]    C2128;FILL_L8_30;N;0.0;
[2026-09-23 06:31:39,976] [SUBPROCESS]    C2129;FILL_L8_30;P;0.0;
[2026-09-23 06:31:39,977] [SUBPROCESS]    C2130;FILL_L8_30;VSUBS;0.149;
[2026-09-23 06:31:39,978] [SUBPROCESS]    C2131;FILL_L8_31;FILL_L8_32;0.07;
[2026-09-23 06:31:39,979] [SUBPROCESS]    C2132;FILL_L8_31;FILL_L8_36;0.046;
[2026-09-23 06:31:39,980] [SUBPROCESS]    C2133;FILL_L8_31;N;0.001;
[2026-09-23 06:31:39,981] [SUBPROCESS]    C2134;FILL_L8_31;P;0.001;
[2026-09-23 06:31:39,982] [SUBPROCESS]    C2135;FILL_L8_31;VSUBS;0.624;
[2026-09-23 06:31:39,984] [SUBPROCESS]    C2136;FILL_L8_32;FILL_L8_33;0.07;
[2026-09-23 06:31:39,985] [SUBPROCESS]    C2137;FILL_L8_32;FILL_L8_37;0.07;
[2026-09-23 06:31:39,986] [SUBPROCESS]    C2138;FILL_L8_32;N;0.001;
[2026-09-23 06:31:39,987] [SUBPROCESS]    C2139;FILL_L8_32;P;0.001;
[2026-09-23 06:31:39,988] [SUBPROCESS]    C2140;FILL_L8_32;VSUBS;0.771;
[2026-09-23 06:31:39,990] [SUBPROCESS]    C2141;FILL_L8_33;FILL_L8_34;0.07;
[2026-09-23 06:31:39,991] [SUBPROCESS]    C2142;FILL_L8_33;FILL_L8_38;0.07;
[2026-09-23 06:31:39,992] [SUBPROCESS]    C2143;FILL_L8_33;N;0.001;
[2026-09-23 06:31:39,993] [SUBPROCESS]    C2144;FILL_L8_33;P;0.001;
[2026-09-23 06:31:39,995] [SUBPROCESS]    C2145;FILL_L8_33;VSUBS;0.771;
[2026-09-23 06:31:39,996] [SUBPROCESS]    C2146;FILL_L8_34;FILL_L8_35;0.07;
[2026-09-23 06:31:39,997] [SUBPROCESS]    C2147;FILL_L8_34;FILL_L8_39;0.07;
[2026-09-23 06:31:39,998] [SUBPROCESS]    C2148;FILL_L8_34;N;0.001;
[2026-09-23 06:31:39,999] [SUBPROCESS]    C2149;FILL_L8_34;P;0.001;
[2026-09-23 06:31:40,000] [SUBPROCESS]    C2150;FILL_L8_34;VSUBS;0.771;
[2026-09-23 06:31:40,002] [SUBPROCESS]    C2151;FILL_L8_35;FILL_L8_40;0.024;
[2026-09-23 06:31:40,003] [SUBPROCESS]    C2152;FILL_L8_35;N;0.0;
[2026-09-23 06:31:40,004] [SUBPROCESS]    C2153;FILL_L8_35;P;0.0;
[2026-09-23 06:31:40,005] [SUBPROCESS]    C2154;FILL_L8_35;VSUBS;0.424;
[2026-09-23 06:31:40,006] [SUBPROCESS]    C2155;FILL_L8_36;FILL_L8_37;0.07;
[2026-09-23 06:31:40,008] [SUBPROCESS]    C2156;FILL_L8_36;FILL_L8_41;0.046;
[2026-09-23 06:31:40,009] [SUBPROCESS]    C2157;FILL_L8_36;VSUBS;0.607;
[2026-09-23 06:31:40,010] [SUBPROCESS]    C2158;FILL_L8_37;FILL_L8_38;0.07;
[2026-09-23 06:31:40,011] [SUBPROCESS]    C2159;FILL_L8_37;FILL_L8_42;0.07;
[2026-09-23 06:31:40,012] [SUBPROCESS]    C2160;FILL_L8_37;VSUBS;0.751;
[2026-09-23 06:31:40,013] [SUBPROCESS]    C2161;FILL_L8_38;FILL_L8_39;0.07;
[2026-09-23 06:31:40,015] [SUBPROCESS]    C2162;FILL_L8_38;FILL_L8_43;0.07;
[2026-09-23 06:31:40,016] [SUBPROCESS]    C2163;FILL_L8_38;VSUBS;0.751;
[2026-09-23 06:31:40,017] [SUBPROCESS]    C2164;FILL_L8_39;FILL_L8_40;0.07;
[2026-09-23 06:31:40,018] [SUBPROCESS]    C2165;FILL_L8_39;FILL_L8_44;0.07;
[2026-09-23 06:31:40,019] [SUBPROCESS]    C2166;FILL_L8_39;VSUBS;0.751;
[2026-09-23 06:31:40,021] [SUBPROCESS]    C2167;FILL_L8_4;FILL_L8_9;0.024;
[2026-09-23 06:31:40,022] [SUBPROCESS]    C2168;FILL_L8_4;VSUBS;0.441;
[2026-09-23 06:31:40,023] [SUBPROCESS]    C2169;FILL_L8_40;FILL_L8_45;0.024;
[2026-09-23 06:31:40,024] [SUBPROCESS]    C2170;FILL_L8_40;VSUBS;0.421;
[2026-09-23 06:31:40,026] [SUBPROCESS]    C2171;FILL_L8_41;FILL_L8_42;0.07;
[2026-09-23 06:31:40,027] [SUBPROCESS]    C2172;FILL_L8_41;VSUBS;0.629;
[2026-09-23 06:31:40,028] [SUBPROCESS]    C2173;FILL_L8_42;FILL_L8_43;0.07;
[2026-09-23 06:31:40,036] [SUBPROCESS]    C2174;FILL_L8_42;VSUBS;0.785;
[2026-09-23 06:31:40,038] [SUBPROCESS]    C2175;FILL_L8_43;FILL_L8_44;0.07;
[2026-09-23 06:31:40,039] [SUBPROCESS]    C2176;FILL_L8_43;VSUBS;0.785;
[2026-09-23 06:31:40,040] [SUBPROCESS]    C2177;FILL_L8_44;FILL_L8_45;0.07;
[2026-09-23 06:31:40,041] [SUBPROCESS]    C2178;FILL_L8_44;VSUBS;0.785;
[2026-09-23 06:31:40,042] [SUBPROCESS]    C2179;FILL_L8_45;VSUBS;0.433;
[2026-09-23 06:31:40,044] [SUBPROCESS]    C2180;FILL_L8_46;FILL_L8_47;0.02;
[2026-09-23 06:31:40,045] [SUBPROCESS]    C2181;FILL_L8_46;VSUBS;0.147;
[2026-09-23 06:31:40,046] [SUBPROCESS]    C2182;FILL_L8_47;FILL_L8_48;0.02;
[2026-09-23 06:31:40,047] [SUBPROCESS]    C2183;FILL_L8_47;VSUBS;0.131;
[2026-09-23 06:31:40,048] [SUBPROCESS]    C2184;FILL_L8_48;FILL_L8_49;0.02;
[2026-09-23 06:31:40,050] [SUBPROCESS]    C2185;FILL_L8_48;VSUBS;0.131;
[2026-09-23 06:31:40,051] [SUBPROCESS]    C2186;FILL_L8_49;FILL_L8_50;0.02;
[2026-09-23 06:31:40,052] [SUBPROCESS]    C2187;FILL_L8_49;VSUBS;0.131;
[2026-09-23 06:31:40,053] [SUBPROCESS]    C2188;FILL_L8_5;FILL_L8_6;0.07;
[2026-09-23 06:31:40,055] [SUBPROCESS]    C2189;FILL_L8_5;VSUBS;0.607;
[2026-09-23 06:31:40,056] [SUBPROCESS]    C2190;FILL_L8_50;FILL_L8_51;0.02;
[2026-09-23 06:31:40,057] [SUBPROCESS]    C2191;FILL_L8_50;VSUBS;0.131;
[2026-09-23 06:31:40,058] [SUBPROCESS]    C2192;FILL_L8_51;FILL_L8_52;0.02;
[2026-09-23 06:31:40,060] [SUBPROCESS]    C2193;FILL_L8_51;VSUBS;0.131;
[2026-09-23 06:31:40,061] [SUBPROCESS]    C2194;FILL_L8_52;FILL_L8_53;0.02;
[2026-09-23 06:31:40,062] [SUBPROCESS]    C2195;FILL_L8_52;VSUBS;0.131;
[2026-09-23 06:31:40,063] [SUBPROCESS]    C2196;FILL_L8_53;VSUBS;0.147;
[2026-09-23 06:31:40,065] [SUBPROCESS]    C2197;FILL_L8_54;FILL_L8_55;0.02;
[2026-09-23 06:31:40,066] [SUBPROCESS]    C2198;FILL_L8_54;VSUBS;0.15;
[2026-09-23 06:31:40,067] [SUBPROCESS]    C2199;FILL_L8_55;FILL_L8_56;0.02;
[2026-09-23 06:31:40,068] [SUBPROCESS]    C2200;FILL_L8_55;VSUBS;0.156;
[2026-09-23 06:31:40,069] [SUBPROCESS]    C2201;FILL_L8_56;FILL_L8_57;0.02;
[2026-09-23 06:31:40,071] [SUBPROCESS]    C2202;FILL_L8_56;VSUBS;0.156;
[2026-09-23 06:31:40,072] [SUBPROCESS]    C2203;FILL_L8_57;FILL_L8_58;0.02;
[2026-09-23 06:31:40,073] [SUBPROCESS]    C2204;FILL_L8_57;VSUBS;0.156;
[2026-09-23 06:31:40,074] [SUBPROCESS]    C2205;FILL_L8_58;FILL_L8_59;0.02;
[2026-09-23 06:31:40,075] [SUBPROCESS]    C2206;FILL_L8_58;VSUBS;0.156;
[2026-09-23 06:31:40,077] [SUBPROCESS]    C2207;FILL_L8_59;FILL_L8_60;0.02;
[2026-09-23 06:31:40,078] [SUBPROCESS]    C2208;FILL_L8_59;VSUBS;0.156;
[2026-09-23 06:31:40,079] [SUBPROCESS]    C2209;FILL_L8_6;FILL_L8_7;0.07;
[2026-09-23 06:31:40,080] [SUBPROCESS]    C2210;FILL_L8_6;VSUBS;0.751;
[2026-09-23 06:31:40,081] [SUBPROCESS]    C2211;FILL_L8_60;FILL_L8_61;0.02;
[2026-09-23 06:31:40,083] [SUBPROCESS]    C2212;FILL_L8_60;VSUBS;0.156;
[2026-09-23 06:31:40,084] [SUBPROCESS]    C2213;FILL_L8_61;FILL_L8_62;0.02;
[2026-09-23 06:31:40,085] [SUBPROCESS]    C2214;FILL_L8_61;VSUBS;0.156;
[2026-09-23 06:31:40,086] [SUBPROCESS]    C2215;FILL_L8_62;VSUBS;0.084;
[2026-09-23 06:31:40,088] [SUBPROCESS]    C2216;FILL_L8_7;FILL_L8_8;0.07;
[2026-09-23 06:31:40,089] [SUBPROCESS]    C2217;FILL_L8_7;VSUBS;0.751;
[2026-09-23 06:31:40,090] [SUBPROCESS]    C2218;FILL_L8_8;FILL_L8_9;0.07;
[2026-09-23 06:31:40,091] [SUBPROCESS]    C2219;FILL_L8_8;VSUBS;0.751;
[2026-09-23 06:31:40,092] [SUBPROCESS]    C2220;FILL_L8_9;VSUBS;0.421;
[2026-09-23 06:31:40,094] [SUBPROCESS]    C2221;N;P;4.409;
[2026-09-23 06:31:40,095] [SUBPROCESS]    C2222;N;VSUBS;0.195;
[2026-09-23 06:31:40,096] [SUBPROCESS]    C2223;P;VSUBS;0.182;
[2026-09-23 06:31:40,098] [SUBPROCESS]    @RESULTS@/final-remaining-contexts-20260923-r1/isense_vref/width48/pex/actual_fill/kpex/clip__sense_fill_clip/sense_fill_clip_k25d_pex_netlist.csv
[2026-09-23 06:31:40,179] [SUBPROCESS]    Wrote expanded netlist to: @RESULTS@/final-remaining-contexts-20260923-r1/isense_vref/width48/pex/actual_fill/kpex/clip__sense_fill_clip/sense_fill_clip_k25d_pex_netlist.spice
