 time                   v(clk)                 v(xt.icmp)             v(xt.vth_soft)         v(xt.vth_hard)         v(cmp_soft)            v(cmp_hard)            v(isense)             
 0.000000000000000e+00  0.000000000000000e+00  7.747353905314895e-01  4.930492416072706e-01  4.932957380140575e-01  6.105027418684030e-01  3.453335261672996e-08  1.550156004995063e+00 
 2.000000000000000e-12  0.000000000000000e+00  7.747353905314919e-01  4.930492416072715e-01  4.932957380140596e-01  6.105027418683866e-01  3.453335450714565e-08  1.550156004995095e+00 
 4.000000000000001e-12  0.000000000000000e+00  7.747353905314943e-01  4.930492416072723e-01  4.932957380140615e-01  6.105027418683745e-01  3.453335284007639e-08  1.550156004995125e+00 
 8.000000000000001e-12  0.000000000000000e+00  7.747353905314980e-01  4.930492416072720e-01  4.932957380140634e-01  6.105027418683626e-01  3.453334572424069e-08  1.550156004995143e+00 
 1.600000000000000e-11  0.000000000000000e+00  7.747353905315084e-01  4.930492416072651e-01  4.932957380140565e-01  6.105027418683528e-01  3.453334791519644e-08  1.550156004995153e+00 
 3.200000000000001e-11  0.000000000000000e+00  7.747353905315226e-01  4.930492416072529e-01  4.932957380140524e-01  6.105027418684118e-01  3.453334501083566e-08  1.550156004995197e+00 
 6.400000000000001e-11  0.000000000000000e+00  7.747353905315395e-01  4.930492416072595e-01  4.932957380140302e-01  6.105027418686633e-01  3.453336166187032e-08  1.550156004995253e+00 
 1.280000000000000e-10  0.000000000000000e+00  7.747353905316233e-01  4.930492416072762e-01  4.932957380140063e-01  6.105027443552478e-01  3.453334918085255e-08  1.550156004995275e+00 
 2.560000000000000e-10  0.000000000000000e+00  7.747353905316072e-01  4.930492416073112e-01  4.932957380140547e-01  6.105027373890294e-01  3.453335324072498e-08  1.550156004994831e+00 
 4.560000000000001e-10  0.000000000000000e+00  7.747353905314269e-01  4.930492416072404e-01  4.932957380139262e-01  6.105027457182182e-01  3.453335113723632e-08  1.550156004996011e+00 
 6.560000000000001e-10  0.000000000000000e+00  7.747353905314174e-01  4.930492416071928e-01  4.932957380139881e-01  6.105027391865048e-01  3.453335087832995e-08  1.550156004996413e+00 
 8.560000000000001e-10  0.000000000000000e+00  7.747353905314590e-01  4.930492416071526e-01  4.932957380141125e-01  6.105027438345652e-01  3.453335275842850e-08  1.550156004996460e+00 
 1.056000000000000e-09  0.000000000000000e+00  7.747353905315220e-01  4.930492416071153e-01  4.932957380142525e-01  6.105027404456168e-01  3.453335282516453e-08  1.550156004996337e+00 
 1.256000000000000e-09  0.000000000000000e+00  7.747353905315911e-01  4.930492416070813e-01  4.932957380143872e-01  6.105027429010175e-01  3.453335299592981e-08  1.550156004996132e+00 
 1.456000000000000e-09  0.000000000000000e+00  7.747353905316628e-01  4.930492416070483e-01  4.932957380145129e-01  6.105027411189672e-01  3.453335428929804e-08  1.550156004995881e+00 
 1.656000000000000e-09  0.000000000000000e+00  7.747353905317328e-01  4.930492416070159e-01  4.932957380146306e-01  6.105027424120825e-01  3.453335063408562e-08  1.550156004995606e+00 
 1.856000000000000e-09  0.000000000000000e+00  7.747353905318011e-01  4.930492416069842e-01  4.932957380147416e-01  6.105027414739413e-01  3.453335308588148e-08  1.550156004995320e+00 
 2.056000000000000e-09  0.000000000000000e+00  7.747353905318669e-01  4.930492416069525e-01  4.932957380148487e-01  6.105027421542060e-01  3.453335303372845e-08  1.550156004995028e+00 
 2.256000000000000e-09  0.000000000000000e+00  7.747353905319334e-01  4.930492416069222e-01  4.932957380149449e-01  6.105027416608466e-01  3.453335245831914e-08  1.550156004994734e+00 
 2.456000000000000e-09  0.000000000000000e+00  7.747353905320046e-01  4.930492416068927e-01  4.932957380150339e-01  6.105027420188032e-01  3.453335173314798e-08  1.550156004994448e+00 
 2.656000000000000e-09  0.000000000000000e+00  7.747353905320772e-01  4.930492416068646e-01  4.932957380151152e-01  6.105027417589656e-01  3.453335248910040e-08  1.550156004994164e+00 
 2.856000000000000e-09  0.000000000000000e+00  7.747353905321412e-01  4.930492416068379e-01  4.932957380151919e-01  6.105027419477929e-01  3.453335232460750e-08  1.550156004993886e+00 
 3.056000000000001e-09  0.000000000000000e+00  7.747353905322064e-01  4.930492416068113e-01  4.932957380152662e-01  6.105027418106910e-01  3.453335244047904e-08  1.550156004993605e+00 
 3.256000000000001e-09  0.000000000000000e+00  7.747353905322658e-01  4.930492416067856e-01  4.932957380153361e-01  6.105027419102440e-01  3.453335473351507e-08  1.550156004993320e+00 
 3.456000000000001e-09  0.000000000000000e+00  7.747353905323261e-01  4.930492416067613e-01  4.932957380154038e-01  6.105027418378186e-01  3.453335059805723e-08  1.550156004993036e+00 
 3.656000000000001e-09  0.000000000000000e+00  7.747353905323844e-01  4.930492416067372e-01  4.932957380154646e-01  6.105027418904996e-01  3.453335259908937e-08  1.550156004992744e+00 
 3.856000000000001e-09  0.000000000000000e+00  7.747353905324422e-01  4.930492416067111e-01  4.932957380155222e-01  6.105027418522679e-01  3.453335188432443e-08  1.550156004992448e+00 
 4.056000000000001e-09  0.000000000000000e+00  7.747353905324985e-01  4.930492416066883e-01  4.932957380155780e-01  6.105027418800764e-01  3.453335331040183e-08  1.550156004992152e+00 
 4.256000000000001e-09  0.000000000000000e+00  7.747353905325577e-01  4.930492416066653e-01  4.932957380156283e-01  6.105027418597609e-01  3.453335179532483e-08  1.550156004991854e+00 
 4.456000000000001e-09  0.000000000000000e+00  7.747353905326166e-01  4.930492416066427e-01  4.932957380156749e-01  6.105027418745025e-01  3.453335337624062e-08  1.550156004991557e+00 
 4.656000000000001e-09  0.000000000000000e+00  7.747353905326755e-01  4.930492416066216e-01  4.932957380157194e-01  6.105027418639505e-01  3.453335312315615e-08  1.550156004991255e+00 
 4.856000000000001e-09  0.000000000000000e+00  7.747353905327304e-01  4.930492416066022e-01  4.932957380157630e-01  6.105027418714879e-01  3.453335139255296e-08  1.550156004990950e+00 
 5.056000000000002e-09  0.000000000000000e+00  7.747353905327867e-01  4.930492416065831e-01  4.932957380158045e-01  6.105027418659434e-01  3.453335262709302e-08  1.550156004990651e+00 
 5.256000000000002e-09  0.000000000000000e+00  7.747353905328430e-01  4.930492416065650e-01  4.932957380158384e-01  6.105027418699510e-01  3.453335345994174e-08  1.550156004990347e+00 
 5.456000000000002e-09  0.000000000000000e+00  7.747353905328951e-01  4.930492416065469e-01  4.932957380158676e-01  6.105027418671265e-01  3.453335183665953e-08  1.550156004990038e+00 
 5.656000000000002e-09  0.000000000000000e+00  7.747353905329404e-01  4.930492416065288e-01  4.932957380158938e-01  6.105027418691930e-01  3.453335203622833e-08  1.550156004989735e+00 
 5.856000000000002e-09  0.000000000000000e+00  7.747353905329870e-01  4.930492416065127e-01  4.932957380159214e-01  6.105027418677180e-01  3.453335492377884e-08  1.550156004989423e+00 
 6.056000000000002e-09  0.000000000000000e+00  7.747353905330316e-01  4.930492416064958e-01  4.932957380159479e-01  6.105027418687019e-01  3.453335071575010e-08  1.550156004989111e+00 
 6.256000000000002e-09  0.000000000000000e+00  7.747353905330743e-01  4.930492416064763e-01  4.932957380159698e-01  6.105027418681466e-01  3.453335310671976e-08  1.550156004988803e+00 
 6.456000000000003e-09  0.000000000000000e+00  7.747353905331176e-01  4.930492416064578e-01  4.932957380159944e-01  6.105027418686041e-01  3.453335356856149e-08  1.550156004988491e+00 
 6.656000000000003e-09  0.000000000000000e+00  7.747353905331607e-01  4.930492416064419e-01  4.932957380160164e-01  6.105027418683107e-01  3.453335128475796e-08  1.550156004988176e+00 
 6.856000000000003e-09  0.000000000000000e+00  7.747353905331892e-01  4.930492416064238e-01  4.932957380160398e-01  6.105027418684623e-01  3.453335172468948e-08  1.550156004987857e+00 
 7.056000000000003e-09  0.000000000000000e+00  7.747353905332176e-01  4.930492416064084e-01  4.932957380160614e-01  6.105027418682151e-01  3.453335573623844e-08  1.550156004987543e+00 
 7.256000000000003e-09  0.000000000000000e+00  7.747353905332409e-01  4.930492416063944e-01  4.932957380160782e-01  6.105027418685858e-01  3.453335043559777e-08  1.550156004987229e+00 
 7.456000000000002e-09  0.000000000000000e+00  7.747353905332612e-01  4.930492416063769e-01  4.932957380160945e-01  6.105027418683763e-01  3.453335250266936e-08  1.550156004986917e+00 
 7.656000000000003e-09  0.000000000000000e+00  7.747353905332849e-01  4.930492416063632e-01  4.932957380161089e-01  6.105027418684223e-01  3.453335385133258e-08  1.550156004986604e+00 
 7.856000000000003e-09  0.000000000000000e+00  7.747353905333085e-01  4.930492416063512e-01  4.932957380161178e-01  6.105027418683207e-01  3.453335141056834e-08  1.550156004986298e+00 
 8.056000000000003e-09  0.000000000000000e+00  7.747353905333300e-01  4.930492416063391e-01  4.932957380161281e-01  6.105027418684053e-01  3.453335217630209e-08  1.550156004985991e+00 
 8.256000000000003e-09  0.000000000000000e+00  7.747353905333438e-01  4.930492416063263e-01  4.932957380161389e-01  6.105027418683646e-01  3.453335217598818e-08  1.550156004985684e+00 
 8.456000000000003e-09  0.000000000000000e+00  7.747353905333620e-01  4.930492416063149e-01  4.932957380161503e-01  6.105027418682887e-01  3.453335497557263e-08  1.550156004985372e+00 
 8.656000000000003e-09  0.000000000000000e+00  7.747353905333776e-01  4.930492416063039e-01  4.932957380161603e-01  6.105027418683753e-01  3.453335027166878e-08  1.550156004985053e+00 
 8.856000000000003e-09  0.000000000000000e+00  7.747353905333920e-01  4.930492416062926e-01  4.932957380161697e-01  6.105027418683627e-01  3.453335277396081e-08  1.550156004984734e+00 
 9.056000000000003e-09  0.000000000000000e+00  7.747353905334039e-01  4.930492416062823e-01  4.932957380161774e-01  6.105027418682845e-01  3.453335268631947e-08  1.550156004984413e+00 
 9.256000000000004e-09  0.000000000000000e+00  7.747353905334157e-01  4.930492416062692e-01  4.932957380161842e-01  6.105027418683036e-01  3.453335229488847e-08  1.550156004984097e+00 
 9.456000000000004e-09  0.000000000000000e+00  7.747353905334258e-01  4.930492416062582e-01  4.932957380161887e-01  6.105027418683981e-01  3.453335287241992e-08  1.550156004983786e+00 
 9.656000000000004e-09  0.000000000000000e+00  7.747353905334393e-01  4.930492416062474e-01  4.932957380161941e-01  6.105027418683282e-01  3.453335344974201e-08  1.550156004983473e+00 
 9.856000000000004e-09  0.000000000000000e+00  7.747353905334488e-01  4.930492416062374e-01  4.932957380161968e-01  6.105027418684013e-01  3.453335067811955e-08  1.550156004983161e+00 
 1.005600000000000e-08  0.000000000000000e+00  7.747353905334572e-01  4.930492416062240e-01  4.932957380161957e-01  6.105027418682553e-01  3.453335278997680e-08  1.550156004982846e+00 
 1.025600000000000e-08  0.000000000000000e+00  7.747353905334645e-01  4.930492416062117e-01  4.932957380161974e-01  6.105027418685336e-01  3.453335297426605e-08  1.550156004982528e+00 
 1.045600000000000e-08  0.000000000000000e+00  7.747353905334743e-01  4.930492416059828e-01  4.932957380161981e-01  6.105027418684091e-01  3.453335225224608e-08  1.550156004982210e+00 
 1.065600000000000e-08  0.000000000000000e+00  7.747353905334826e-01  4.930492416056960e-01  4.932957380161982e-01  6.105027418683944e-01  3.453335221033775e-08  1.550156004981885e+00 
 1.085600000000000e-08  0.000000000000000e+00  7.747353905334874e-01  4.930492416054013e-01  4.932957380161973e-01  6.105027418682647e-01  3.453335254664133e-08  1.550156004981556e+00 
 1.105600000000000e-08  0.000000000000000e+00  7.747353905334931e-01  4.930492416051148e-01  4.932957380161954e-01  6.105027418683180e-01  3.453335292128874e-08  1.550156004981231e+00 
 1.125600000000000e-08  0.000000000000000e+00  7.747353905334988e-01  4.930492416048418e-01  4.932957380161896e-01  6.105027418683684e-01  3.453335392111402e-08  1.550156004980905e+00 
 1.145600000000001e-08  0.000000000000000e+00  7.747353905335002e-01  4.930492416045824e-01  4.932957380161852e-01  6.105027418682755e-01  3.453335160423822e-08  1.550156004980575e+00 
 1.165600000000001e-08  0.000000000000000e+00  7.747353905335005e-01  4.930492416043368e-01  4.932957380161809e-01  6.105027418684038e-01  3.453335139904798e-08  1.550156004980249e+00 
 1.185600000000001e-08  0.000000000000000e+00  7.747353905335024e-01  4.930492416041070e-01  4.932957380161747e-01  6.105027418682706e-01  3.453335512068250e-08  1.550156004979925e+00 
 1.205600000000001e-08  0.000000000000000e+00  7.747353905335007e-01  4.930492416038902e-01  4.932957380161677e-01  6.105027418683927e-01  3.453335086794903e-08  1.550156004979601e+00 
 1.225600000000001e-08  0.000000000000000e+00  7.747353905334976e-01  4.930492416036860e-01  4.932957380161602e-01  6.105027418683497e-01  3.453335342824884e-08  1.550156004979277e+00 
 1.245600000000001e-08  0.000000000000000e+00  7.747353905334938e-01  4.930492416034930e-01  4.932957380161488e-01  6.105027418683846e-01  3.453335153460385e-08  1.550156004978950e+00 
 1.265600000000001e-08  0.000000000000000e+00  7.747353905334888e-01  4.930492416033088e-01  4.932957380161394e-01  6.105027418683598e-01  3.453335368492515e-08  1.550156004978629e+00 
 1.285600000000001e-08  0.000000000000000e+00  7.747353905334855e-01  4.930492416031330e-01  4.932957380161285e-01  6.105027418682853e-01  3.453335150973652e-08  1.550156004978306e+00 
 1.305600000000001e-08  0.000000000000000e+00  7.747353905334763e-01  4.930492416029653e-01  4.932957380161183e-01  6.105027418683961e-01  3.453335304686003e-08  1.550156004977978e+00 
 1.325600000000001e-08  0.000000000000000e+00  7.747353905334700e-01  4.930492416028037e-01  4.932957380161072e-01  6.105027418683452e-01  3.453335226946653e-08  1.550156004977646e+00 
 1.345600000000001e-08  0.000000000000000e+00  7.747353905334640e-01  4.930492416026481e-01  4.932957380160941e-01  6.105027418682956e-01  3.453335320936144e-08  1.550156004977312e+00 
 1.365600000000001e-08  0.000000000000000e+00  7.747353905334567e-01  4.930492416024997e-01  4.932957380160810e-01  6.105027418684082e-01  3.453335152689516e-08  1.550156004976979e+00 
 1.385600000000001e-08  0.000000000000000e+00  7.747353905334458e-01  4.930492416023576e-01  4.932957380160674e-01  6.105027418683237e-01  3.453335234699386e-08  1.550156004976645e+00 
 1.405600000000001e-08  0.000000000000000e+00  7.747353905334352e-01  4.930492416022211e-01  4.932957380160502e-01  6.105027418683121e-01  3.453335375061656e-08  1.550156004976312e+00 
 1.425600000000001e-08  0.000000000000000e+00  7.747353905334216e-01  4.930492416020893e-01  4.932957380160293e-01  6.105027418683779e-01  3.453335123878236e-08  1.550156004975979e+00 
 1.445600000000001e-08  0.000000000000000e+00  7.747353905334063e-01  4.930492416019628e-01  4.932957380160133e-01  6.105027418683842e-01  3.453335211378232e-08  1.550156004975647e+00 
 1.465600000000001e-08  0.000000000000000e+00  7.747353905333888e-01  4.930492416018413e-01  4.932957380159980e-01  6.105027418682532e-01  3.453335358685925e-08  1.550156004975316e+00 
 1.485600000000001e-08  0.000000000000000e+00  7.747353905333694e-01  4.930492416017247e-01  4.932957380159814e-01  6.105027418685357e-01  3.453335269581103e-08  1.550156004974987e+00 
 1.505600000000001e-08  0.000000000000000e+00  7.747353905333493e-01  4.930492416016126e-01  4.932957380159638e-01  6.105027418683137e-01  3.453335243241626e-08  1.550156004974659e+00 
 1.525600000000000e-08  0.000000000000000e+00  7.747353905333294e-01  4.930492416015049e-01  4.932957380159464e-01  6.105027418684276e-01  3.453335264401656e-08  1.550156004974331e+00 
 1.545600000000000e-08  0.000000000000000e+00  7.747353905333074e-01  4.930492416014016e-01  4.932957380159277e-01  6.105027418682546e-01  3.453335144161483e-08  1.550156004974005e+00 
 1.565600000000000e-08  0.000000000000000e+00  7.747353905332834e-01  4.930492416013023e-01  4.932957380159051e-01  6.105027418683096e-01  3.453335393780583e-08  1.550156004973673e+00 
 1.585600000000000e-08  0.000000000000000e+00  7.747353905332617e-01  4.930492416012067e-01  4.932957380158826e-01  6.105027418683958e-01  3.453335112693677e-08  1.550156004973344e+00 
 1.605600000000000e-08  0.000000000000000e+00  7.747353905332341e-01  4.930492416011140e-01  4.932957380158612e-01  6.105027418683341e-01  3.453335334840082e-08  1.550156004973012e+00 
 1.625600000000000e-08  0.000000000000000e+00  7.747353905332032e-01  4.930492416010236e-01  4.932957380158374e-01  6.105027418683049e-01  3.453335209580849e-08  1.550156004972678e+00 
 1.645600000000000e-08  0.000000000000000e+00  7.747353905331746e-01  4.930492416009349e-01  4.932957380158126e-01  6.105027418684055e-01  3.453335253691692e-08  1.550156004972342e+00 
 1.665599999999999e-08  0.000000000000000e+00  7.747353905331439e-01  4.930492416008489e-01  4.932957380157870e-01  6.105027418682327e-01  3.453335274073766e-08  1.550156004972005e+00 
 1.685599999999999e-08  0.000000000000000e+00  7.747353905331167e-01  4.930492416007649e-01  4.932957380157593e-01  6.105027418685728e-01  3.453335327104855e-08  1.550156004971662e+00 
 1.705599999999999e-08  0.000000000000000e+00  7.747353905330930e-01  4.930492416006826e-01  4.932957380157386e-01  6.105027418683877e-01  3.453335190185259e-08  1.550156004971320e+00 
 1.725599999999999e-08  0.000000000000000e+00  7.747353905330725e-01  4.930492416006029e-01  4.932957380157190e-01  6.105027418683244e-01  3.453335206476807e-08  1.550156004970977e+00 
 1.745599999999999e-08  0.000000000000000e+00  7.747353905330487e-01  4.930492416005255e-01  4.932957380156993e-01  6.105027418682636e-01  3.453335518734460e-08  1.550156004970638e+00 
 1.765599999999999e-08  0.000000000000000e+00  7.747353905330295e-01  4.930492416004502e-01  4.932957380156793e-01  6.105027418684302e-01  3.453335099041504e-08  1.550156004970301e+00 
 1.785599999999998e-08  0.000000000000000e+00  7.747353905330099e-01  4.930492416003759e-01  4.932957380156580e-01  6.105027418682346e-01  3.453335248095202e-08  1.550156004969967e+00 
 1.805599999999998e-08  0.000000000000000e+00  7.747353905329912e-01  4.930492416003028e-01  4.932957380156334e-01  6.105027418685329e-01  3.453335205764198e-08  1.550156004969637e+00 
 1.825599999999998e-08  0.000000000000000e+00  7.747353905329655e-01  4.930492416002315e-01  4.932957380156098e-01  6.105027418684090e-01  3.453335359538424e-08  1.550156004969306e+00 
 1.845599999999998e-08  0.000000000000000e+00  7.747353905329408e-01  4.930492416001607e-01  4.932957380155846e-01  6.105027418683935e-01  3.453335200936304e-08  1.550156004968969e+00 
 1.865599999999998e-08  0.000000000000000e+00  7.747353905329171e-01  4.930492416000921e-01  4.932957380155598e-01  6.105027418682611e-01  3.453335380660482e-08  1.550156004968626e+00 
 1.885599999999998e-08  0.000000000000000e+00  7.747353905328933e-01  4.930492416000244e-01  4.932957380155343e-01  6.105027418684130e-01  3.453335267319409e-08  1.550156004968275e+00 
 1.905599999999998e-08  0.000000000000000e+00  7.747353905328672e-01  4.930492415999549e-01  4.932957380155114e-01  6.105027418682397e-01  3.453335103797160e-08  1.550156004967926e+00 
 1.925599999999997e-08  0.000000000000000e+00  7.747353905328364e-01  4.930492415998894e-01  4.932957380154853e-01  6.105027418684741e-01  3.453335116969819e-08  1.550156004967580e+00 
 1.945599999999997e-08  0.000000000000000e+00  7.747353905328129e-01  4.930492415998259e-01  4.932957380154603e-01  6.105027418682842e-01  3.453335558306662e-08  1.550156004967232e+00 
 1.965599999999997e-08  0.000000000000000e+00  7.747353905327892e-01  4.930492415997632e-01  4.932957380154359e-01  6.105027418684584e-01  3.453335092428199e-08  1.550156004966886e+00 
 1.982799999999998e-08  0.000000000000000e+00  7.747353905329090e-01  4.930492415997568e-01  4.932957380151510e-01  6.105027418680874e-01  3.453335366594021e-08  1.550156004964982e+00 
 2.000000000000000e-08  0.000000000000000e+00  7.747353905328969e-01  4.930492415998626e-01  4.932957380148640e-01  6.105027418682448e-01  3.453335612506783e-08  1.550156004962905e+00 
 2.000012757769685e-08  7.654661811152221e-04  7.747372862142726e-01  4.930510934840487e-01  4.932958126331407e-01  6.105068561563950e-01  1.176355012115493e-07  1.550156004962910e+00 
 2.000038273309056e-08  2.296398543345666e-03  7.747416990877651e-01  4.930554126041323e-01  4.932960100288264e-01  6.105184850289872e-01  3.220695460170314e-07  1.550156004962914e+00 
 2.000071330961798e-08  4.279857707862781e-03  7.747477575198070e-01  4.930613702837436e-01  4.932962949846429e-01  6.105340017039360e-01  5.600966169749810e-07  1.550156004962916e+00 
 2.000110688977910e-08  6.641338674612293e-03  7.747549521519445e-01  4.930684786213541e-01  4.932966246990467e-01  6.105484532129017e-01  7.694736051493123e-07  1.550156004962917e+00 
 2.000166701870740e-08  1.000211224439769e-02  7.747649574119438e-01  4.930784031501293e-01  4.932970508955953e-01  6.105609407588896e-01  9.604489677773886e-07  1.550156004962921e+00 
 2.000273951882487e-08  1.643711294919186e-02  7.747834835949767e-01  4.930968616727419e-01  4.932977534103275e-01  6.105681918068900e-01  1.119177838607502e-06  1.550156004962924e+00 
 2.000488451905980e-08  2.930711435880004e-02  7.748186304507356e-01  4.931320907478066e-01  4.932988816034239e-01  6.105559633970037e-01  1.074000481240261e-06  1.550156004962951e+00 
 2.000913320476829e-08  5.479922860973391e-02  7.748827564172175e-01  4.931968503740475e-01  4.933005140388584e-01  6.105181526762398e-01  6.762091821063340e-07  1.550156004962960e+00 
 2.001510248553156e-08  9.061491318934387e-02  7.749644440614095e-01  4.932799856944902e-01  4.933020296191857e-01  6.104883942986660e-01  2.239241579096371e-07  1.550156004963299e+00 
 2.002238528613936e-08  1.343117168361313e-01  7.750558134934675e-01  4.933735545295989e-01  4.933031499072855e-01  6.104811491481018e-01 -4.723956728103305e-08  1.550156004965422e+00 
 2.003116710543237e-08  1.870026325942028e-01  7.751592165287584e-01  4.934798556178099e-01  4.933038928342744e-01  6.104863346105729e-01 -1.609353638110621e-07  1.550156004975104e+00 
 2.004242961749739e-08  2.545777049843628e-01  7.752860229569432e-01  4.936104124173833e-01  4.933043434035043e-01  6.104939119570117e-01 -1.827702441753454e-07  1.550156005017052e+00 
 2.005020286591493e-08  3.012171954895498e-01  7.753693121908606e-01  4.936961868118811e-01  4.933044391327325e-01  6.104972635927982e-01 -1.668441620756482e-07  1.550156005080029e+00 
 2.005463550709316e-08  3.278130425589633e-01  7.754139360353537e-01  4.937421452164744e-01  4.933044182846943e-01  6.104984351179864e-01 -1.580123099177277e-07  1.550156005133712e+00 
 2.005945992521878e-08  3.567595513126891e-01  7.754571586163725e-01  4.937866834078782e-01  4.933043025890592e-01  6.104992454023976e-01 -1.589403091938925e-07  1.550156005212801e+00 
 2.006363239209665e-08  3.817943525798899e-01  7.754866030188352e-01  4.938170790955850e-01  4.933040781746292e-01  6.104996576556573e-01 -1.755770893193016e-07  1.550156005303277e+00 
 2.006773089812682e-08  4.063853887609358e-01  7.755040459355677e-01  4.938351968879487e-01  4.933036873391911e-01  6.104998742672472e-01 -2.114815721480055e-07  1.550156005416646e+00 
 2.007187749160641e-08  4.312649496384857e-01  7.755048975253930e-01  4.938363527039533e-01  4.933030545020127e-01  6.104999535540380e-01 -2.699198058306838e-07  1.550156005561251e+00 
 2.007610322350330e-08  4.566193410198087e-01  7.754821052825686e-01  4.938133286517809e-01  4.933020920771868e-01  6.104999243221706e-01 -3.524054382696672e-07  1.550156005745616e+00 
 2.008029964356916e-08  4.817978614149733e-01  7.754287048393654e-01  4.937589757636332e-01  4.933007433020917e-01  6.104998077616487e-01 -4.569242707695362e-07  1.550156005972218e+00 
 2.008438049322827e-08  5.062829593695953e-01  7.753398214599418e-01  4.936682719324817e-01  4.932989793577984e-01  6.104996230252427e-01 -5.804394348578844e-07  1.550156006241026e+00 
 2.008834119836638e-08  5.300471901982876e-01  7.752111072828118e-01  4.935367251856334e-01  4.932967667104068e-01  6.104993801136860e-01 -7.210919911893737e-07  1.550156006554489e+00 
 2.009260079634731e-08  5.556047780838843e-01  7.750168872752159e-01  4.933379914083581e-01  4.932937527785827e-01  6.104990437703002e-01 -8.939044482138801e-07  1.550156006957716e+00 
 2.009649631500571e-08  5.789778900342532e-01  7.747810287908716e-01  4.930963934490595e-01  4.932903551965512e-01  6.104986519584761e-01 -1.069323018452074e-06  1.550156007393877e+00 
 2.010063886745121e-08  6.038332047072498e-01  7.744610406224391e-01  4.927683640475234e-01  4.932860060359058e-01  6.104981240671589e-01 -1.269711186489397e-06  1.550156007936968e+00 
 2.010458901442340e-08  6.275340865403847e-01  7.740823834193395e-01  4.923809769138537e-01  4.932810996572120e-01  6.104974793337490e-01 -1.469892223874680e-06  1.550156008538722e+00 
 2.010839106071994e-08  6.503463643196377e-01  7.736358086257552e-01  4.919376879423723e-01  4.932755356752955e-01  6.104967294899600e-01 -1.679122508882903e-06  1.550156009202307e+00 
 2.010982564191237e-08  6.589538514742466e-01  7.734333635995951e-01  4.917558727198685e-01  4.932730609138251e-01  6.104965449058141e-01 -1.783265795883560e-06  1.550156009475088e+00 
 2.011097661988766e-08  6.658597193259872e-01  7.732449452518437e-01  4.916076980929209e-01  4.932707674545488e-01  6.104965722947108e-01 -1.897538530849958e-06  1.550156009703256e+00 
 2.011209374471765e-08  6.725624683058702e-01  7.730288498109701e-01  4.914650448714352e-01  4.932681386690816e-01  6.104968189260697e-01 -2.051907558177357e-06  1.550156009932896e+00 
 2.011357620778220e-08  6.814572466931923e-01  7.726774427801022e-01  4.912813780264325e-01  4.932638827883333e-01  6.104973843644599e-01 -2.335887422895595e-06  1.550156010250408e+00 
 2.011497518599043e-08  6.898511159425949e-01  7.722748083532250e-01  4.911145782262315e-01  4.932590729348406e-01  6.104978522019552e-01 -2.673504593935991e-06  1.550156010563659e+00 
 2.011638431618178e-08  6.983058970907072e-01  7.718072191512159e-01  4.909501133612971e-01  4.932536207425322e-01  6.104977596227417e-01 -3.044836900592887e-06  1.550156010892831e+00 
 2.011782997159543e-08  7.069798295725718e-01  7.712750880704700e-01  4.907806136694505e-01  4.932476286795426e-01  6.104966380808673e-01 -3.415165374639866e-06  1.550156011245017e+00 
 2.011942316782861e-08  7.165390069716713e-01  7.706419064427481e-01  4.905873179866886e-01  4.932408082266395e-01  6.104939627687734e-01 -3.771116886487104e-06  1.550156011650424e+00 
 2.012112520541122e-08  7.267512324673328e-01  7.699278631543033e-01  4.903662902027581e-01  4.932335083800739e-01  6.104894593002828e-01 -4.061445455481177e-06  1.550156012103888e+00 
 2.012281248408458e-08  7.368749045074827e-01  7.691987351217232e-01  4.901232751240445e-01  4.932264688184435e-01  6.104835142922723e-01 -4.238570350227275e-06  1.550156012574448e+00 
 2.012451379551947e-08  7.470827731168419e-01  7.684604977747503e-01  4.898417331634253e-01  4.932197718014669e-01  6.104763318227971e-01 -4.293076084213414e-06  1.550156013070296e+00 
 2.012616737711371e-08  7.570042626822409e-01  7.677568289438644e-01  4.895211130493546e-01  4.932138125036880e-01  6.104685132810054e-01 -4.222405240061899e-06  1.550156013572932e+00 
 2.012789455011212e-08  7.673673006727254e-01  7.670490025030426e-01  4.891325420546102e-01  4.932082514510657e-01  6.104597318335971e-01 -4.029775736019703e-06  1.550156014119739e+00 
 2.012988830369812e-08  7.793298221887419e-01  7.662725022600743e-01  4.886267444712758e-01  4.932026232113747e-01  6.104491096264631e-01 -3.695944236389338e-06  1.550156014778513e+00 
 2.013165467215015e-08  7.899280329009031e-01  7.656196808837602e-01  4.881446019280126e-01  4.931982214487158e-01  6.104395832190932e-01 -3.340482025197648e-06  1.550156015386545e+00 
 2.013368605579172e-08  8.021163347503194e-01  7.649067790503741e-01  4.875710549948564e-01  4.931936766992323e-01  6.104291634667879e-01 -2.906739291341255e-06  1.550156016113473e+00 
 2.013573381811830e-08  8.144029087097959e-01  7.642249082175165e-01  4.869874618097050e-01  4.931895052359723e-01  6.104198055478471e-01 -2.476417112992971e-06  1.550156016875226e+00 
 2.013799490868921e-08  8.279694521352745e-01  7.635086322528143e-01  4.863473816408677e-01  4.931852079934258e-01  6.104111702967231e-01 -2.039268370986579e-06  1.550156017748261e+00 
 2.014054862303085e-08  8.432917381850907e-01  7.627366322729547e-01  4.856357000745729e-01  4.931805452501782e-01  6.104035865247286e-01 -1.618207957070072e-06  1.550156018771179e+00 
 2.014287675577578e-08  8.572605346546501e-01  7.620587552753365e-01  4.849983869181134e-01  4.931763225945155e-01  6.103983250836537e-01 -1.312320120540160e-06  1.550156019733905e+00 
 2.014544977477890e-08  8.726986486734154e-01  7.613302924413186e-01  4.843065685296110e-01  4.931715595422723e-01  6.103922600480159e-01 -1.061362424640763e-06  1.550156020825266e+00 
 2.014798507777572e-08  8.879104666543055e-01  7.606309513975367e-01  4.836409663864406e-01  4.931667290659184e-01  6.103781071450289e-01 -8.897004840479478e-07  1.550156021921314e+00 
 2.015056182017943e-08  9.033709210765611e-01  7.599398580525225e-01  4.829875266820657e-01  4.931616987319182e-01  6.103481456826613e-01 -7.710482281229891e-07  1.550156023046751e+00 
 2.015332986544994e-08  9.199791926996325e-01  7.592206250937219e-01  4.823197547994784e-01  4.931561765466104e-01  6.103005558386929e-01 -6.867999685538154e-07  1.550156024255311e+00 
 2.015616799749502e-08  9.370079849701082e-01  7.585093901656211e-01  4.816823179361518e-01  4.931503992118312e-01  6.102416729739201e-01 -6.317408531011579e-07  1.550156025476824e+00 
 2.015908813314460e-08  9.545287988676159e-01  7.578050201795828e-01  4.810857485574765e-01  4.931443200082752e-01  6.101820462722071e-01 -5.993914176678078e-07  1.550156026692963e+00 
 2.016240099023747e-08  9.744059414247963e-01  7.570384840098058e-01  4.804855482942976e-01  4.931372304030845e-01  6.101333959315390e-01 -5.855955726241993e-07  1.550156027988247e+00 
 2.016682929211996e-08  1.000975752719745e+00  7.560734158171777e-01  4.797973426322356e-01  4.931274830785051e-01  6.101185397554185e-01 -5.836318005430531e-07  1.550156029496482e+00 
 2.017024425195606e-08  1.021465511736344e+00  7.553877347759412e-01  4.793383716757881e-01  4.931198867958244e-01  6.101451208065148e-01 -5.734653517096636e-07  1.550156030422200e+00 
 2.017351749491304e-08  1.041104969478259e+00  7.547845418901867e-01  4.789430340162691e-01  4.931125829375544e-01  6.101936318451286e-01 -5.516735025207914e-07  1.550156031052153e+00 
 2.017715207176639e-08  1.062912430598317e+00  7.541741511337997e-01  4.785434743474954e-01  4.931043551510904e-01  6.102622363459109e-01 -5.282827329903053e-07  1.550156031372595e+00 
 2.018061740226843e-08  1.083704413610585e+00  7.536439659523609e-01  4.781929851703718e-01  4.930962719274189e-01  6.103336011625867e-01 -5.222459243973618e-07  1.550156031221028e+00 
 2.018437841465657e-08  1.106270487939441e+00  7.531159393510553e-01  4.778389237385811e-01  4.930870907079928e-01  6.104146250962371e-01 -5.446091509478911e-07  1.550156030438082e+00 
 2.018813712241280e-08  1.128822734476780e+00  7.526284933678024e-01  4.775068759214129e-01  4.930773829979826e-01  6.105078012275231e-01 -5.977890888105367e-07  1.550156028884098e+00 
 2.019247188025990e-08  1.154831281559398e+00  7.521069870545861e-01  4.771454952602849e-01  4.930654437090174e-01  6.106468330397861e-01 -6.867694630464070e-07  1.550156025937267e+00 
 2.019623594012995e-08  1.177415640779705e+00  7.516850800927359e-01  4.768475797554791e-01  4.930544066458780e-01  6.108088514519128e-01 -7.767217808257211e-07  1.550156022206536e+00 
 2.020000000000000e-08  1.199999999999991e+00  7.512893763953913e-01  4.765627685684790e-01  4.930427416991862e-01  6.110282022937640e-01 -8.667911929136768e-07  1.550156017207301e+00 
 2.020020250660972e-08  1.200000000000000e+00  7.512649784003497e-01  4.765440194584574e-01  4.930419882968955e-01  6.110367969174744e-01 -9.711233504936662e-07  1.550156016899994e+00 
 2.020060751982916e-08  1.200000000000000e+00  7.512140879455832e-01  4.765044520317971e-01  4.930404053394045e-01  6.110522424107135e-01 -1.193293909389909e-06  1.550156016275178e+00 
 2.020117854764294e-08  1.200000000000000e+00  7.511419180025185e-01  4.764486988877357e-01  4.930381599416258e-01  6.110771769644062e-01 -1.389433668161355e-06  1.550156015366494e+00 
 2.020183390503077e-08  1.200000000000000e+00  7.510612955165238e-01  4.763874879869429e-01  4.930356901818718e-01  6.111130579044749e-01 -1.425734169776399e-06  1.550156014281322e+00 
 2.020281794816501e-08  1.200000000000000e+00  7.509452667836219e-01  4.763010020496675e-01  4.930322353801908e-01  6.111804163887185e-01 -1.233630029335783e-06  1.550156012563695e+00 
 2.020449673722999e-08  1.200000000000000e+00  7.507579592744449e-01  4.761633225986079e-01  4.930268712534337e-01  6.113279021045169e-01 -6.285519728458158e-07  1.550156009377833e+00 
 2.020651511152562e-08  1.200000000000000e+00  7.505459666337189e-01  4.760080035651759e-01  4.930210563733107e-01  6.115566951551726e-01  1.752872749042136e-07  1.550156005098040e+00 
 2.020909861154385e-08  1.200000000000000e+00  7.502899129813825e-01  4.758187796324860e-01  4.930143338593839e-01  6.119317945342369e-01  1.038588590972916e-06  1.550155998853127e+00 
 2.021244791526290e-08  1.200000000000000e+00  7.499751653202478e-01  4.755828196715270e-01  4.930064751223766e-01  6.125464968294349e-01  1.799872347392484e-06  1.550155989362132e+00 
 2.021641803838356e-08  1.200000000000000e+00  7.496147655035461e-01  4.753104317027395e-01  4.929980105260793e-01  6.133849859508903e-01  2.296051858166788e-06  1.550155975862127e+00 
 2.022083996599825e-08  1.200000000000000e+00  7.492136186452075e-01  4.750096775005153e-01  4.929892482332537e-01  6.143056240652780e-01  2.517700778258396e-06  1.550155957626011e+00 
 2.022522175332142e-08  1.200000000000000e+00  7.488060509648734e-01  4.747097346783091e-01  4.929809882888449e-01  6.150711390569286e-01  2.544042541110982e-06  1.550155935853863e+00 
 2.023035076907913e-08  1.200000000000000e+00  7.483174602332362e-01  4.743554528429567e-01  4.929717756547530e-01  6.156263553588111e-01  2.488495181898016e-06  1.550155905105224e+00 
 2.023598442829444e-08  1.200000000000000e+00  7.477843343562074e-01  4.739682680109408e-01  4.929624258289119e-01  6.156572114567379e-01  2.465137275870031e-06  1.550155863975740e+00 
 2.024127607402884e-08  1.200000000000000e+00  7.473057870688024e-01  4.736138504085134e-01  4.929546828971630e-01  6.150354072865867e-01  2.582324336274956e-06  1.550155817524028e+00 
 2.024686413841673e-08  1.200000000000000e+00  7.468370912993699e-01  4.732554143500739e-01  4.929480081610142e-01  6.136238519188550e-01  2.965584857786505e-06  1.550155759289406e+00 
 2.025334697527772e-08  1.200000000000000e+00  7.463451772574381e-01  4.728629853072978e-01  4.929430216918143e-01  6.109327856255331e-01  3.915416125776583e-06  1.550155678509566e+00 
 2.026011485004086e-08  1.200000000000000e+00  7.458867266134922e-01  4.724791675540270e-01  4.929425305743406e-01  6.067313640276233e-01  5.699096843540200e-06  1.550155577307688e+00 
 2.026748179315758e-08  1.200000000000000e+00  7.454405626800172e-01  4.720882345460828e-01  4.929502916684559e-01  6.001323215948507e-01  8.742258936673378e-06  1.550155445288223e+00 
 2.027443955891159e-08  1.200000000000000e+00  7.450565370642032e-01  4.717427678669827e-01  4.929687975744169e-01  5.916682104446147e-01  1.263394101775445e-05  1.550155297498250e+00 
 2.028019572158060e-08  1.200000000000000e+00  7.447588990731341e-01  4.714729018496476e-01  4.929947186957064e-01  5.830888155465305e-01  1.643770157574217e-05  1.550155156775565e+00 
 2.028565086523241e-08  1.200000000000000e+00  7.444933552355852e-01  4.712269936389539e-01  4.930302563851056e-01  5.741034635506744e-01  2.030418108773342e-05  1.550155006741123e+00 
 2.029177164879148e-08  1.200000000000000e+00  7.442191848360953e-01  4.709562542994395e-01  4.930853227436539e-01  5.642988026895038e-01  2.468875183999296e-05  1.550154817599729e+00 
 2.029750504159889e-08  1.200000000000000e+00  7.439905942677902e-01  4.707006445610556e-01  4.931535766674162e-01  5.572577134970360e-01  2.871562835724244e-05  1.550154619173719e+00 
 2.030253028777515e-08  1.200000000000000e+00  7.438165930701939e-01  4.704698793769785e-01  4.932282041094144e-01  5.546243927969213e-01  3.214029413090317e-05  1.550154427368092e+00 
 2.030719817498863e-08  1.200000000000000e+00  7.436798868074206e-01  4.702479007755800e-01  4.933111405497103e-01  5.568440873985440e-01  3.523052458570325e-05  1.550154233447693e+00 
 2.031163838406324e-08  1.200000000000000e+00  7.435743001218998e-01  4.700311011903309e-01  4.934032315805829e-01  5.647850211861924e-01  3.810992980783027e-05  1.550154034252061e+00 
 2.031588328166325e-08  1.200000000000000e+00  7.434972728708236e-01  4.698220657000931e-01  4.935042038649145e-01  5.792125529930667e-01  4.083906359758378e-05  1.550153829831945e+00 
 2.031978701138805e-08  1.200000000000000e+00  7.434481880825239e-01  4.696322152068413e-01  4.936089580417406e-01  5.993090388583285e-01  4.335922199727319e-05  1.550153629334214e+00 
 2.032420390193254e-08  1.200000000000000e+00  7.434190803285655e-01  4.694251059553886e-01  4.937421806736406e-01  6.301291376365762e-01  4.626191015971422e-05  1.550153387493025e+00 
 2.032820752229268e-08  1.200000000000000e+00  7.434177814201857e-01  4.692481777360082e-01  4.938772329896579e-01  6.646160205112843e-01  4.897942247644943e-05  1.550153154096556e+00 
 2.033189259036108e-08  1.200000000000000e+00  7.434381987240299e-01  4.690967229363530e-01  4.940142520785631e-01  7.005656646110133e-01  5.158907827134849e-05  1.550152926994906e+00 
 2.033540206883120e-08  1.200000000000000e+00  7.434772113883888e-01  4.689638322294225e-01  4.941566909035022e-01  7.371572981740533e-01  5.420366468865141e-05  1.550152699475249e+00 
 2.033906319272485e-08  1.200000000000000e+00  7.435384616231744e-01  4.688375218176195e-01  4.943183748331471e-01  7.762578503126772e-01  5.710197937247845e-05  1.550152450131392e+00 
 2.034307862854262e-08  1.200000000000000e+00  7.436300083069780e-01  4.687134515276709e-01  4.945119041249851e-01  8.186222861016652e-01  6.052979369740568e-05  1.550152162209406e+00 
 2.034717811087013e-08  1.200000000000000e+00  7.437501632325835e-01  4.686019461508581e-01  4.947278723311243e-01  8.600182828788341e-01  6.436148381879642e-05  1.550151852278370e+00 
 2.035200160745942e-08  1.200000000000000e+00  7.439269656765034e-01  4.684892072624152e-01  4.950071111490978e-01  9.051684080068325e-01  6.940433213533780e-05  1.550151466366885e+00 
 2.035760872704123e-08  1.200000000000000e+00  7.441824016415063e-01  4.683810706934518e-01  4.953677447012130e-01  9.520787512423124e-01  7.618291848195016e-05  1.550150988064455e+00 
 2.036563252183358e-08  1.200000000000000e+00  7.446461822592172e-01  4.682632640097170e-01  4.959549754421311e-01  1.008697088887593e+00  8.814736473304315e-05  1.550150246098943e+00 
 2.037379482970664e-08  1.200000000000000e+00  7.452429596196578e-01  4.681806698758900e-01  4.966391798530526e-01  1.054689714242926e+00  1.042140663089885e-04  1.550149419464957e+00 
 2.038163913263494e-08  1.200000000000000e+00  7.459405467245120e-01  4.681296189220436e-01  4.973728012848490e-01  1.089387908039836e+00  1.251251559254095e-04  1.550148554437644e+00 
 2.038983661599162e-08  1.200000000000000e+00  7.468013289020043e-01  4.680989373551327e-01  4.982005539930056e-01  1.117444439401516e+00  1.548444391572772e-04  1.550147574117178e+00 
 2.039867820180842e-08  1.200000000000000e+00  7.478726127129339e-01  4.680849089814869e-01  4.991308915800264e-01  1.140228608892643e+00  1.967084255631359e-04  1.550146426682836e+00 
 2.040737112246196e-08  1.200000000000000e+00  7.490428239002740e-01  4.680848384135545e-01  5.000628238207865e-01  1.156737770725100e+00  2.393874252987799e-04  1.550145205047808e+00 
 2.041327894792437e-08  1.200000000000000e+00  7.498808773807843e-01  4.680904499449134e-01  5.007085127024000e-01  1.165275104482002e+00  2.488291257039788e-04  1.550144320954249e+00 
 2.041977630180020e-08  1.200000000000000e+00  7.508212226516536e-01  4.681001770129266e-01  5.014317288403493e-01  1.172742874814557e+00  1.759537171493479e-04  1.550143297424222e+00 
 2.042686188432756e-08  1.200000000000000e+00  7.518623675231806e-01  4.681138309484267e-01  5.022288379329022e-01  1.179098220113928e+00 -1.261799310152737e-04  1.550142119263902e+00 
 2.043252741310775e-08  1.200000000000000e+00  7.527081692437643e-01  4.681265271619823e-01  5.028652352616699e-01  1.183094683474944e+00 -6.409145224594705e-04  1.550141130291414e+00 
 2.043694205380531e-08  1.200000000000000e+00  7.533756373254250e-01  4.681372787459998e-01  5.033570380254625e-01  1.185660685819034e+00 -1.307649451981051e-03  1.550140330570796e+00 
 2.044070068736665e-08  1.200000000000000e+00  7.539500265556389e-01  4.681469069386835e-01  5.037713446389437e-01  1.187529750445586e+00 -2.142396200590188e-03  1.550139629501273e+00 
 2.044426136624839e-08  1.200000000000000e+00  7.545001547309419e-01  4.681563642333540e-01  5.041593552554369e-01  1.189072702014301e+00 -3.238691411093312e-03  1.550138948175842e+00 
 2.044798677915443e-08  1.200000000000000e+00  7.550832483249198e-01  4.681665623151717e-01  5.045604758921063e-01  1.190483003893258e+00 -4.781450490099257e-03  1.550138217401706e+00 
 2.045214472197095e-08  1.200000000000000e+00  7.557446667621236e-01  4.681782633280789e-01  5.050025915015659e-01  1.191844802946712e+00 -7.021880335302932e-03  1.550137380112908e+00 
 2.045671514710757e-08  1.200000000000000e+00  7.564867867591615e-01  4.681914648374981e-01  5.054828906076333e-01  1.193120353872233e+00 -1.013995508199241e-02  1.550136433391337e+00 
 2.045920066028448e-08  1.200000000000000e+00  7.568979683459607e-01  4.681987849959017e-01  5.057422102096006e-01  1.193726454266822e+00 -1.205316140667957e-02  1.550135906953263e+00 
 2.046148718743825e-08  1.200000000000000e+00  7.572818182705868e-01  4.682056034984197e-01  5.059802127531073e-01  1.194235870829587e+00 -1.381987035355087e-02  1.550135415459559e+00 
 2.046383414913061e-08  1.200000000000000e+00  7.576817078840934e-01  4.682126789512116e-01  5.062243338153560e-01  1.194715520837011e+00 -1.547446659625840e-02  1.550134903808122e+00 
 2.046596862418134e-08  1.200000000000000e+00  7.580506120506844e-01  4.682191734897461e-01  5.064464461564802e-01  1.195116881275065e+00 -1.658902157950429e-02  1.550134432185356e+00 
 2.046848620395622e-08  1.200000000000000e+00  7.584919563229675e-01  4.682268949949086e-01  5.067088153162712e-01  1.195551413797267e+00 -1.690512016162052e-02  1.550133868222677e+00 
 2.047081508972459e-08  1.200000000000000e+00  7.589059021376588e-01  4.682340857911154e-01  5.069521083043225e-01  1.195918923099529e+00 -1.594938353670505e-02  1.550133339134001e+00 
 2.047223989484718e-08  1.200000000000000e+00  7.591618062305217e-01  4.682385051740109e-01  5.071013801448730e-01  1.196128441789403e+00 -1.496877737195569e-02  1.550133011941469e+00 
 2.047348904060357e-08  1.200000000000000e+00  7.593878523230300e-01  4.682423914854005e-01  5.072326259574997e-01  1.196303167143199e+00 -1.398098880445064e-02  1.550132722907404e+00 
 2.047476589461241e-08  1.200000000000000e+00  7.596206284556286e-01  4.682463755430096e-01  5.073672636377927e-01  1.196473593241542e+00 -1.290005584145323e-02  1.550132425361084e+00 
 2.047619873248652e-08  1.200000000000000e+00  7.598840551575607e-01  4.682508610667082e-01  5.075190978352613e-01  1.196655515222414e+00 -1.164305033704439e-02  1.550132088941703e+00 
 2.047773856183884e-08  1.200000000000000e+00  7.601698726244437e-01  4.682556990531782e-01  5.076833474798529e-01  1.196840603297692e+00 -1.028994764771661e-02  1.550131724432250e+00 
 2.047950780542880e-08  1.200000000000000e+00  7.605015359149421e-01  4.682612755082449e-01  5.078735878919733e-01  1.197040712043024e+00 -8.811933420325494e-03  1.550131301827757e+00 
 2.048176816798556e-08  1.200000000000000e+00  7.609289266478996e-01  4.682684062127829e-01  5.081188928159960e-01  1.197278176159144e+00 -7.170600179346798e-03  1.550130756040328e+00 
 2.048343127718200e-08  1.200000000000000e+00  7.612446305193130e-01  4.682736387996755e-01  5.083008529819752e-01  1.197440611657432e+00 -6.188906790260360e-03  1.550130350270526e+00 
 2.048515071374130e-08  1.200000000000000e+00  7.615705747412762e-01  4.682790167578918e-01  5.084900589044921e-01  1.197598332061444e+00 -5.385602238005388e-03  1.550129927031982e+00 
 2.048725538971145e-08  1.200000000000000e+00  7.619666480768030e-01  4.682855309673347e-01  5.087227904709080e-01  1.197778253960918e+00 -4.653926728194258e-03  1.550129403832106e+00 
 2.048920294731702e-08  1.200000000000000e+00  7.623282660967203e-01  4.682914722337801e-01  5.089389905010332e-01  1.197932707194291e+00 -4.166199143670920e-03  1.550128914675458e+00 
 2.049165675585294e-08  1.200000000000000e+00  7.627742129789252e-01  4.682988161800657e-01  5.092120050997663e-01  1.198112163471696e+00 -3.718604803673038e-03  1.550128291540490e+00 
 2.049415368602013e-08  1.200000000000000e+00  7.632141857182454e-01  4.683061118420258e-01  5.094898337154222e-01  1.198278821989602e+00 -3.376284993682630e-03  1.550127649685588e+00 
 2.049737050901918e-08  1.200000000000000e+00  7.637572036995488e-01  4.683152443109095e-01  5.098461520658133e-01  1.198472173012302e+00 -3.015777120593410e-03  1.550126811312399e+00 
 2.050096522439018e-08  1.200000000000000e+00  7.643306843545025e-01  4.683251264109108e-01  5.102394253208584e-01  1.198662852434524e+00 -2.661413023911990e-03  1.550125859316401e+00 
 2.050578056389156e-08  1.200000000000000e+00  7.650456354484159e-01  4.683379431861161e-01  5.107523566417743e-01  1.198882071390458e+00 -2.227518989078999e-03  1.550124559345446e+00 
 2.051174646497510e-08  1.200000000000000e+00  7.658557072531947e-01  4.683533751627197e-01  5.113578533773880e-01  1.199105471807289e+00 -1.750310522734496e-03  1.550122910180865e+00 
 2.051799094642138e-08  1.200000000000000e+00  7.666260426239844e-01  4.683692237107986e-01  5.119513203754391e-01  1.199292352459626e+00 -1.331782384726324e-03  1.550121139232760e+00 
 2.052481026334527e-08  1.200000000000000e+00  7.673901024056100e-01  4.683863751918059e-01  5.125526551545662e-01  1.199452699980881e+00 -9.709159630449367e-04  1.550119154348780e+00 
 2.053194326607611e-08  1.200000000000000e+00  7.681170850650048e-01  4.684043001164322e-01  5.131343602945808e-01  1.199582079554035e+00 -6.884780521421443e-04  1.550117023096093e+00 
 2.053983679146671e-08  1.200000000000000e+00  7.688506889236697e-01  4.684242411381528e-01  5.137294176683356e-01  1.199690339950926e+00 -4.648674908994499e-04  1.550114601570106e+00 
 2.054836738858352e-08  1.200000000000000e+00  7.695700742731884e-01  4.684459398553427e-01  5.143188633160548e-01  1.199776424272742e+00 -2.985836781269700e-04  1.550111913684080e+00 
 2.055672091214357e-08  1.200000000000000e+00  7.702029222252222e-01  4.684672753028201e-01  5.148397282518625e-01  1.199837554802064e+00 -1.895449353062198e-04  1.550109214062360e+00 
 2.056428603752691e-08  1.200000000000000e+00  7.707133979296941e-01  4.684866026300308e-01  5.152591073431079e-01  1.199878162091606e+00 -1.241930817099434e-04  1.550106714951206e+00 
 2.057281130396673e-08  1.200000000000000e+00  7.712143044936126e-01  4.685083213960305e-01  5.156668390152335e-01  1.199911808277826e+00 -7.653305924381943e-05  1.550103841294859e+00 
 2.058076196355650e-08  1.200000000000000e+00  7.716098337657031e-01  4.685284998607047e-01  5.159831169725233e-01  1.199934619858881e+00 -4.876171399471299e-05  1.550101110622660e+00 
 2.059134062754143e-08  1.200000000000000e+00  7.720349651277568e-01  4.685552836873477e-01  5.163123806453410e-01  1.199956123537390e+00 -2.642744838818431e-05  1.550097409421294e+00 
 2.060325817871106e-08  1.200000000000000e+00  7.723951257934035e-01  4.685855165496025e-01  5.165755747322973e-01  1.199972062323115e+00 -1.271886573345139e-05  1.550093158710120e+00 
 2.061256276795527e-08  1.200000000000000e+00  7.726051306876955e-01  4.686092632071797e-01  5.167167911868622e-01  1.199980195646186e+00 -7.081483672111187e-06  1.550089788242357e+00 
 2.062147263253813e-08  1.200000000000000e+00  7.727616487635366e-01  4.686321758747837e-01  5.168122986148029e-01  1.199985585548721e+00 -4.032699167977696e-06  1.550086525296111e+00 
 2.063136927166597e-08  1.200000000000000e+00  7.728981184121345e-01  4.686578426850163e-01  5.168858282879547e-01  1.199989727589817e+00 -2.136983334167044e-06  1.550082868577783e+00 
 2.064090734560285e-08  1.200000000000000e+00  7.730023773122889e-01  4.686827781390490e-01  5.169336334051426e-01  1.199992444833198e+00 -1.150312892409032e-06  1.550079319750658e+00 
 2.065218641529910e-08  1.200000000000000e+00  7.731015379064725e-01  4.687124633650032e-01  5.169706516000585e-01  1.199994588227548e+00 -5.259861008867365e-07  1.550075102997390e+00 
 2.066400574704165e-08  1.200000000000000e+00  7.731856803685609e-01  4.687437269402859e-01  5.169943173488116e-01  1.199996009000343e+00 -1.955991924881958e-07  1.550070673529777e+00 
 2.067839421530310e-08  1.200000000000000e+00  7.732694890718618e-01  4.687818888893639e-01  5.170099415595016e-01  1.199997037044296e+00 -4.829796158281260e-09  1.550065286599856e+00 
 2.069454152819431e-08  1.200000000000000e+00  7.733466669722856e-01  4.688247213702103e-01  5.170165462324023e-01  1.199997651676802e+00  8.045919097366934e-08  1.550059275709010e+00 
 2.071481676580198e-08  1.200000000000000e+00  7.734261704281591e-01  4.688783501681907e-01  5.170146494742081e-01  1.199998006140123e+00  1.110873618877565e-07  1.550051826997392e+00 
 2.073911105990376e-08  1.200000000000000e+00  7.735033932142709e-01  4.689422249052495e-01  5.170026422472768e-01  1.199998152601617e+00  1.125702617089767e-07  1.550043119195756e+00 
 2.076435389705628e-08  1.200000000000000e+00  7.735683628496502e-01  4.690080493258694e-01  5.169822485999113e-01  1.199998178359564e+00  1.068696070768743e-07  1.550034401744762e+00 
 2.079200772185591e-08  1.200000000000000e+00  7.736262829307539e-01  4.690794710925352e-01  5.169530854674038e-01  1.199998166183118e+00  1.034034236818124e-07  1.550025325647228e+00 
 2.082109527565553e-08  1.200000000000000e+00  7.736758899741831e-01  4.691538069246972e-01  5.169164822108375e-01  1.199998150110901e+00  1.030738911575652e-07  1.550016395831569e+00 
 2.085358456503173e-08  1.200000000000000e+00  7.737209607883552e-01  4.692358971054220e-01  5.168700407233718e-01  1.199998139903943e+00  1.042834353462562e-07  1.550007248875420e+00 
 2.088922123406498e-08  1.200000000000000e+00  7.737609924258579e-01  4.693248366251604e-01  5.168139144665569e-01  1.199998136193855e+00  1.056857464947920e-07  1.549998284277049e+00 
 2.093018401980520e-08  1.200000000000000e+00  7.737980782246427e-01  4.694256985574542e-01  5.167443994060492e-01  1.199998136357621e+00  1.067401971908825e-07  1.549989401630141e+00 
 2.097683975900063e-08  1.200000000000000e+00  7.738319326712892e-01  4.695388688239326e-01  5.166605253551659e-01  1.199998138259524e+00  1.073439915146664e-07  1.549981127394390e+00 
 2.103206789244664e-08  1.200000000000000e+00  7.738639284705944e-01  4.696705898205837e-01  5.165568404803940e-01  1.199998140803537e+00  1.076453705227316e-07  1.549973764157613e+00 
 2.109748268859878e-08  1.200000000000000e+00  7.738941194107398e-01  4.698236219437875e-01  5.164301529221577e-01  1.199998143693685e+00  1.077705087383885e-07  1.549968172852335e+00 
 2.117778435911460e-08  1.200000000000000e+00  7.739237124756286e-01  4.700073115454485e-01  5.162715394188752e-01  1.199998147148239e+00  1.078117052806064e-07  1.549965338190649e+00 
 2.127712895463619e-08  1.200000000000000e+00  7.739531732120219e-01  4.702286175157374e-01  5.160735869862175e-01  1.199998151422291e+00  1.078150677480662e-07  1.549966792007459e+00 
 2.140359832640061e-08  1.200000000000000e+00  7.739838279321410e-01  4.705015475177894e-01  5.158222116506771e-01  1.199998156882947e+00  1.078075077485722e-07  1.549974398237385e+00 
 2.155407678135759e-08  1.200000000000000e+00  7.740144100604095e-01  4.708144987201466e-01  5.155271049647934e-01  1.199998163364607e+00  1.078014358645865e-07  1.549988715744506e+00 
 2.174071101746142e-08  1.200000000000000e+00  7.740471236595956e-01  4.711864858760967e-01  5.151698155731674e-01  1.199998171343635e+00  1.077992402957383e-07  1.550010147698580e+00 
 2.194071101746142e-08  1.200000000000000e+00  7.740780856024781e-01  4.715671164196769e-01  5.147990846371561e-01  1.199998179811700e+00  1.077990926721422e-07  1.550033858912683e+00 
 2.214071101746142e-08  1.200000000000000e+00  7.741060327783029e-01  4.719308661064094e-01  5.144413082432961e-01  1.199998188191949e+00  1.077993722154189e-07  1.550055892729356e+00 
 2.234071101746142e-08  1.200000000000000e+00  7.741316065126483e-01  4.722792721667058e-01  5.140962923831894e-01  1.199998196486068e+00  1.077995024760543e-07  1.550074996891964e+00 
 2.254071101746142e-08  1.200000000000000e+00  7.741551796104853e-01  4.726136639725242e-01  5.137635544622966e-01  1.199998204694848e+00  1.077995272462620e-07  1.550090780028705e+00 
 2.274071101746141e-08  1.200000000000000e+00  7.741770075394128e-01  4.729351901119567e-01  5.134424907371394e-01  1.199998212820121e+00  1.077995265252384e-07  1.550103368272124e+00 
 2.294071101746141e-08  1.200000000000000e+00  7.741972913876464e-01  4.732448491259363e-01  5.131324627803555e-01  1.199998220862766e+00  1.077995309217390e-07  1.550113147254709e+00 
 2.314071101746141e-08  1.200000000000000e+00  7.742162020047600e-01  4.735435158683065e-01  5.128328402505671e-01  1.199998228824366e+00  1.077995311670600e-07  1.550120595456375e+00 
 2.334071101746141e-08  1.200000000000000e+00  7.742338887991327e-01  4.738319625434158e-01  5.125430210974179e-01  1.199998236705572e+00  1.077995377578757e-07  1.550126188458409e+00 
 2.354071101746141e-08  1.200000000000000e+00  7.742504831598639e-01  4.741108752716101e-01  5.122624401637956e-01  1.199998244508034e+00  1.077995312358827e-07  1.550130351023997e+00 
 2.374071101746141e-08  1.200000000000000e+00  7.742661003390572e-01  4.743808672327348e-01  5.119905718261197e-01  1.199998252232825e+00  1.077995398664775e-07  1.550133438590840e+00 
 2.394071101746141e-08  1.200000000000000e+00  7.742808410554878e-01  4.746424892335906e-01  5.117269296072777e-01  1.199998259881296e+00  1.077995380575514e-07  1.550135735377151e+00 
 2.414071101746140e-08  1.200000000000000e+00  7.742947931052332e-01  4.748962383235422e-01  5.114710643035206e-01  1.199998267454263e+00  1.077995361206970e-07  1.550137460892441e+00 
 2.434071101746140e-08  1.200000000000000e+00  7.743080329601529e-01  4.751425649064675e-01  5.112225614493431e-01  1.199998274953334e+00  1.077995389368227e-07  1.550138779906246e+00 
 2.454071101746140e-08  1.200000000000000e+00  7.743206272797225e-01  4.753818786714568e-01  5.109810385582501e-01  1.199998282379061e+00  1.077995413211856e-07  1.550139813081416e+00 
 2.474071101746140e-08  1.200000000000000e+00  7.743326342819107e-01  4.756145535815873e-01  5.107461423751311e-01  1.199998289732823e+00  1.077995418504665e-07  1.550140646830535e+00 
 2.494071101746140e-08  1.200000000000000e+00  7.743441049493900e-01  4.758409321019267e-01  5.105175462574871e-01  1.199998297015314e+00  1.077995366116115e-07  1.550141341766496e+00 
 2.514071101746140e-08  1.200000000000000e+00  7.743550840702246e-01  4.760613288051918e-01  5.102949477422956e-01  1.199998304227712e+00  1.077995390192273e-07  1.550141939581300e+00 
 2.534071101746139e-08  1.200000000000000e+00  7.743656111251069e-01  4.762760334642837e-01  5.100780663187692e-01  1.199998311371054e+00  1.077995431010486e-07  1.550142468431891e+00 
 2.554071101746139e-08  1.200000000000000e+00  7.743757210393070e-01  4.764853137188784e-01  5.098666414088948e-01  1.199998318446804e+00  1.077995378780811e-07  1.550142947025218e+00 
 2.574071101746139e-08  1.200000000000000e+00  7.743854448180154e-01  4.766894173849797e-01  5.096604305457144e-01  1.199998325455136e+00  1.077995386160143e-07  1.550143387630883e+00 
 2.594071101746139e-08  1.200000000000000e+00  7.743948100835202e-01  4.768885744640617e-01  5.094592077353028e-01  1.199998332397418e+00  1.077995431687674e-07  1.550143798245318e+00 
 2.614071101746139e-08  1.200000000000000e+00  7.744038415296719e-01  4.770829988982157e-01  5.092627619871506e-01  1.199998339274419e+00  1.077995379261447e-07  1.550144184106290e+00 
 2.634071101746139e-08  1.200000000000000e+00  7.744125613073694e-01  4.772728901098014e-01  5.090708959958756e-01  1.199998346087268e+00  1.077995418779197e-07  1.550144548724274e+00 
 2.654071101746139e-08  1.200000000000000e+00  7.744209893524989e-01  4.774584343564331e-01  5.088834249584515e-01  1.199998352836575e+00  1.077995421065755e-07  1.550144894564040e+00 
 2.674071101746138e-08  1.200000000000000e+00  7.744291436655346e-01  4.776398059272667e-01  5.087001755138637e-01  1.199998359523466e+00  1.077995375933208e-07  1.550145223479539e+00 
 2.694071101746138e-08  1.200000000000000e+00  7.744370405507119e-01  4.778171682038484e-01  5.085209847890705e-01  1.199998366148738e+00  1.077995416389512e-07  1.550145536979911e+00 
 2.714071101746138e-08  1.200000000000000e+00  7.744446948210180e-01  4.779906746033571e-01  5.083456995413642e-01  1.199998372713171e+00  1.077995360327486e-07  1.550145836383238e+00 
 2.734071101746138e-08  1.200000000000000e+00  7.744521199745174e-01  4.781604694185618e-01  5.081741753857166e-01  1.199998379217471e+00  1.077995414358508e-07  1.550146122898598e+00 
 2.754071101746138e-08  1.200000000000000e+00  7.744593283462415e-01  4.783266885698507e-01  5.080062760978175e-01  1.199998385662982e+00  1.077995413776815e-07  1.550146397664234e+00 
 2.774071101746138e-08  1.200000000000000e+00  7.744663312395809e-01  4.784894602792067e-01  5.078418729835740e-01  1.199998392049897e+00  1.077995416751574e-07  1.550146661760850e+00 
 2.794071101746137e-08  1.200000000000000e+00  7.744731390399063e-01  4.786489056762953e-01  5.076808443092119e-01  1.199998398379271e+00  1.077995390928778e-07  1.550146916211947e+00 
 2.814071101746137e-08  1.200000000000000e+00  7.744797613134227e-01  4.788051393442445e-01  5.075230747838232e-01  1.199998404652055e+00  1.077995439255128e-07  1.550147161978888e+00 
 2.834071101746137e-08  1.200000000000000e+00  7.744862068930769e-01  4.789582698136901e-01  5.073684550893148e-01  1.199998410868520e+00  1.077995378101877e-07  1.550147399954908e+00 
 2.854071101746137e-08  1.200000000000000e+00  7.744924839537044e-01  4.791084000083694e-01  5.072168814536059e-01  1.199998417029674e+00  1.077995418168628e-07  1.550147630960371e+00 
 2.874071101746137e-08  1.200000000000000e+00  7.744986000777370e-01  4.792556276511817e-01  5.070682552603709e-01  1.199998423136483e+00  1.077995374290521e-07  1.550147855740236e+00 
 2.894071101746137e-08  1.200000000000000e+00  7.745045623128648e-01  4.794000456316109e-01  5.069224826941919e-01  1.199998429189574e+00  1.077995434277797e-07  1.550148074963849e+00 
 2.914071101746137e-08  1.200000000000000e+00  7.745103772228786e-01  4.795417423421868e-01  5.067794744146957e-01  1.199998435189346e+00  1.077995376300443e-07  1.550148289226877e+00 
 2.934071101746136e-08  1.200000000000000e+00  7.745160509324596e-01  4.796808019838342e-01  5.066391452597619e-01  1.199998441136576e+00  1.077995429970378e-07  1.550148499054872e+00 
 2.954071101746136e-08  1.200000000000000e+00  7.745215891669205e-01  4.798173048465676e-01  5.065014139722172e-01  1.199998447032263e+00  1.077995397614195e-07  1.550148704908033e+00 
 2.974071101746136e-08  1.200000000000000e+00  7.745269972874163e-01  4.799513275648293e-01  5.063662029493547e-01  1.199998452876822e+00  1.077995403642761e-07  1.550148907186705e+00 
 2.994071101746136e-08  1.200000000000000e+00  7.745322803223708e-01  4.800829433531881e-01  5.062334380125537e-01  1.199998458671124e+00  1.077995442198535e-07  1.550149106237208e+00 
 3.014071101746136e-08  1.200000000000000e+00  7.745374429954177e-01  4.802122222216313e-01  5.061030481957463e-01  1.199998464415418e+00  1.077995359635536e-07  1.550149302357652e+00 
 3.034071101746136e-08  1.200000000000000e+00  7.745424897505445e-01  4.803392311740695e-01  5.059749655492538e-01  1.199998470110861e+00  1.077995426040640e-07  1.550149495803609e+00 
 3.054071101746137e-08  1.200000000000000e+00  7.745474247745631e-01  4.804640343915347e-01  5.058491249596406e-01  1.199998475757655e+00  1.077995388252164e-07  1.550149686793407e+00 
 3.074071101746137e-08  1.200000000000000e+00  7.745522520173271e-01  4.805866934008407e-01  5.057254639832304e-01  1.199998481356749e+00  1.077995414731717e-07  1.550149875512995e+00 
 3.094071101746137e-08  1.200000000000000e+00  7.745569752100552e-01  4.807072672297640e-01  5.056039226918171e-01  1.199998486908197e+00  1.077995425763625e-07  1.550150062120307e+00 
 3.114071101746137e-08  1.200000000000000e+00  7.745615978817810e-01  4.808258125514412e-01  5.054844435298380e-01  1.199998492413289e+00  1.077995397399070e-07  1.550150246749113e+00 
 3.134071101746137e-08  1.200000000000000e+00  7.745661233743130e-01  4.809423838174277e-01  5.053669711818533e-01  1.199998497872007e+00  1.077995426337872e-07  1.550150429512453e+00 
 3.154071101746137e-08  1.200000000000000e+00  7.745705548557901e-01  4.810570333809342e-01  5.052514524497502e-01  1.199998503285614e+00  1.077995404513638e-07  1.550150610505544e+00 
 3.174071101746138e-08  1.200000000000000e+00  7.745748953330113e-01  4.811698116117832e-01  5.051378361388448e-01  1.199998508654000e+00  1.077995395985291e-07  1.550150789808359e+00 
 3.194071101746138e-08  1.200000000000000e+00  7.745791476627527e-01  4.812807670025182e-01  5.050260729515644e-01  1.199998513977943e+00  1.077995373210995e-07  1.550150967487807e+00 
 3.214071101746138e-08  1.200000000000000e+00  7.745833145619392e-01  4.813899462676636e-01  5.049161153883215e-01  1.199998519258160e+00  1.077995402298860e-07  1.550151143599557e+00 
 3.234071101746138e-08  1.200000000000000e+00  7.745873986170894e-01  4.814973944355008e-01  5.048079176564948e-01  1.199998524495032e+00  1.077995420534965e-07  1.550151318189619e+00 
 3.254071101746138e-08  1.200000000000000e+00  7.745914022928525e-01  4.816031549339042e-01  5.047014355828997e-01  1.199998529689274e+00  1.077995410975756e-07  1.550151491295751e+00 
 3.274071101746138e-08  1.200000000000000e+00  7.745953279399715e-01  4.817072696701702e-01  5.045966265352645e-01  1.199998534841161e+00  1.077995384231657e-07  1.550151662948585e+00 
 3.294071101746139e-08  1.200000000000000e+00  7.745991778024975e-01  4.818097791060036e-01  5.044934493464935e-01  1.199998539951444e+00  1.077995426076771e-07  1.550151833172646e+00 
 3.314071101746139e-08  1.200000000000000e+00  7.746029540244475e-01  4.819107223270390e-01  5.043918642444010e-01  1.199998545020374e+00  1.077995392225094e-07  1.550152001987170e+00 
 3.334071101746139e-08  1.200000000000000e+00  7.746066586559518e-01  4.820101371080647e-01  5.042918327867006e-01  1.199998550048188e+00  1.077995422339064e-07  1.550152169406863e+00 
 3.354071101746139e-08  1.200000000000000e+00  7.746102936589409e-01  4.821080599744189e-01  5.041933177990334e-01  1.199998555036257e+00  1.077995405296327e-07  1.550152335442571e+00 
 3.374071101746139e-08  1.200000000000000e+00  7.746138609123842e-01  4.822045262591713e-01  5.040962833173265e-01  1.199998559984585e+00  1.077995393382350e-07  1.550152500101805e+00 
 3.394071101746140e-08  1.200000000000000e+00  7.746173622171622e-01  4.822995701562703e-01  5.040006945342945e-01  1.199998564893259e+00  1.077995410094645e-07  1.550152663389280e+00 
 3.414071101746140e-08  1.200000000000000e+00  7.746207993004744e-01  4.823932247718202e-01  5.039065177480880e-01  1.199998569763114e+00  1.077995408161021e-07  1.550152825307304e+00 
 3.434071101746140e-08  1.200000000000000e+00  7.746241738201132e-01  4.824855221708113e-01  5.038137203139077e-01  1.199998574594660e+00  1.077995415869487e-07  1.550152985856203e+00 
 3.454071101746140e-08  1.200000000000000e+00  7.746274873682863e-01  4.825764934214815e-01  5.037222706003250e-01  1.199998579388565e+00  1.077995391087882e-07  1.550153145034663e+00 
 3.474071101746140e-08  1.200000000000000e+00  7.746307414751777e-01  4.826661686381145e-01  5.036321379457449e-01  1.199998584144908e+00  1.077995406041779e-07  1.550153302840019e+00 
 3.494071101746140e-08  1.200000000000000e+00  7.746339376123537e-01  4.827545770201768e-01  5.035432926188037e-01  1.199998588864160e+00  1.077995446341855e-07  1.550153459268544e+00 
 3.514071101746141e-08  1.200000000000000e+00  7.746370771958846e-01  4.828417468892859e-01  5.034557057805922e-01  1.199998593546662e+00  1.077995397484988e-07  1.550153614315722e+00 
 3.534071101746141e-08  1.200000000000000e+00  7.746401615892216e-01  4.829277057245319e-01  5.033693494491133e-01  1.199998598192780e+00  1.077995354674655e-07  1.550153767976409e+00 
 3.554071101746141e-08  1.200000000000000e+00  7.746431921059310e-01  4.830124801958522e-01  5.032841964656970e-01  1.199998602803587e+00  1.077995458888451e-07  1.550153920245044e+00 
 3.574071101746141e-08  1.200000000000000e+00  7.746461700122363e-01  4.830960961955645e-01  5.032002204622779e-01  1.199998607378715e+00  1.077995405737148e-07  1.550154071115847e+00 
 3.594071101746141e-08  1.200000000000000e+00  7.746490965293257e-01  4.831785788678856e-01  5.031173958321962e-01  1.199998611919267e+00  1.077995375361310e-07  1.550154220582955e+00 
 3.614071101746142e-08  1.200000000000000e+00  7.746519728357353e-01  4.832599526374158e-01  5.030356977009320e-01  1.199998616424875e+00  1.077995417555391e-07  1.550154368640517e+00 
 3.634071101746142e-08  1.200000000000000e+00  7.746548000692732e-01  4.833402412355284e-01  5.029551018994415e-01  1.199998620896597e+00  1.077995424380257e-07  1.550154515282848e+00 
 3.654071101746142e-08  1.200000000000000e+00  7.746575793290781e-01  4.834194677260352e-01  5.028755849378586e-01  1.199998625334554e+00  1.077995410320533e-07  1.550154660504506e+00 
 3.674071101746142e-08  1.200000000000000e+00  7.746603116773901e-01  4.834976545292939e-01  5.027971239816647e-01  1.199998629739039e+00  1.077995404758270e-07  1.550154804300369e+00 
 3.694071101746142e-08  1.200000000000000e+00  7.746629981413357e-01  4.835748234446609e-01  5.027196968269644e-01  1.199998634110430e+00  1.077995391873351e-07  1.550154946665699e+00 
 3.714071101746142e-08  1.200000000000000e+00  7.746656397145246e-01  4.836509956729139e-01  5.026432818800874e-01  1.199998638449314e+00  1.077995377041831e-07  1.550155087596202e+00 
 3.734071101746143e-08  1.200000000000000e+00  7.746682373585555e-01  4.837261918364142e-01  5.025678581353410e-01  1.199998642755703e+00  1.077995424114648e-07  1.550155227088061e+00 
 3.754071101746143e-08  1.200000000000000e+00  7.746707920045002e-01  4.838004319995586e-01  5.024934051551575e-01  1.199998647030214e+00  1.077995433679596e-07  1.550155365137964e+00 
 3.774071101746143e-08  1.200000000000000e+00  7.746733045542318e-01  4.838737356870461e-01  5.024199030507892e-01  1.199998651273182e+00  1.077995373239612e-07  1.550155501743132e+00 
 3.794071101746143e-08  1.200000000000000e+00  7.746757758817141e-01  4.839461219023602e-01  5.023473324641793e-01  1.199998655485164e+00  1.077995390612276e-07  1.550155636901316e+00 
 3.814071101746143e-08  1.200000000000000e+00  7.746782068341980e-01  4.840176091443067e-01  5.022756745503102e-01  1.199998659665858e+00  1.077995410090633e-07  1.550155770610810e+00 
 3.834071101746143e-08  1.200000000000000e+00  7.746805982333771e-01  4.840882154244002e-01  5.022049109604315e-01  1.199998663816400e+00  1.077995398919509e-07  1.550155902870452e+00 
 3.854071101746144e-08  1.200000000000000e+00  7.746829508764731e-01  4.841579582817852e-01  5.021350238258310e-01  1.199998667936609e+00  1.077995430158040e-07  1.550156033679615e+00 
 3.874071101746144e-08  1.200000000000000e+00  7.746852655372718e-01  4.842268547986949e-01  5.020659957427720e-01  1.199998672026749e+00  1.077995418244750e-07  1.550156163038191e+00 
 3.894071101746144e-08  1.200000000000000e+00  7.746875429670235e-01  4.842949216148916e-01  5.019978097579938e-01  1.199998676087579e+00  1.077995369569060e-07  1.550156290946556e+00 
 3.914071101746144e-08  1.200000000000000e+00  7.746897838954354e-01  4.843621749410792e-01  5.019304493537886e-01  1.199998680118929e+00  1.077995425985417e-07  1.550156417405598e+00 
 3.934071101746144e-08  1.200000000000000e+00  7.746919890315096e-01  4.844286305730183e-01  5.018638984352353e-01  1.199998684121305e+00  1.077995413904392e-07  1.550156542416646e+00 
 3.954071101746145e-08  1.200000000000000e+00  7.746941590643338e-01  4.844943039032710e-01  5.017981413170765e-01  1.199998688095307e+00  1.077995409059968e-07  1.550156665981456e+00 
 3.974071101746145e-08  1.200000000000000e+00  7.746962946639308e-01  4.845592099343867e-01  5.017331627112562e-01  1.199998692040835e+00  1.077995381331548e-07  1.550156788102214e+00 
 3.994071101746145e-08  1.200000000000000e+00  7.746983964819389e-01  4.846233632897687e-01  5.016689477142899e-01  1.199998695958707e+00  1.077995403798985e-07  1.550156908781476e+00 
 4.014071101746145e-08  1.200000000000000e+00  7.747004651523357e-01  4.846867782256685e-01  5.016054817969269e-01  1.199998699848396e+00  1.077995406265650e-07  1.550157028022161e+00 
 4.034071101746145e-08  1.200000000000000e+00  7.747025012921335e-01  4.847494686418292e-01  5.015427507919552e-01  1.199998703710863e+00  1.077995416675110e-07  1.550157145827510e+00 
 4.054071101746145e-08  1.200000000000000e+00  7.747045055020200e-01  4.848114480923326e-01  5.014807408840621e-01  1.199998707546371e+00  1.077995449921698e-07  1.550157262201079e+00 
 4.074071101746146e-08  1.200000000000000e+00  7.747064783668950e-01  4.848727297949355e-01  5.014194385992429e-01  1.199998711354789e+00  1.077995362648521e-07  1.550157377146686e+00 
 4.094071101746146e-08  1.200000000000000e+00  7.747084204565172e-01  4.849333266411402e-01  5.013588307952210e-01  1.199998715136940e+00  1.077995391747710e-07  1.550157490668421e+00 
 4.114071101746146e-08  1.200000000000000e+00  7.747103323260275e-01  4.849932512061043e-01  5.012989046518829e-01  1.199998718892517e+00  1.077995406502184e-07  1.550157602770595e+00 
 4.134071101746146e-08  1.200000000000000e+00  7.747122145164903e-01  4.850525157571236e-01  5.012396476618104e-01  1.199998722622097e+00  1.077995409793577e-07  1.550157713457718e+00 
 4.154071101746146e-08  1.200000000000000e+00  7.747140675553512e-01  4.851111322625903e-01  5.011810476216229e-01  1.199998726326049e+00  1.077995435946315e-07  1.550157822734508e+00 
 4.174071101746147e-08  1.200000000000000e+00  7.747158919569699e-01  4.851691124003074e-01  5.011230926232809e-01  1.199998730004586e+00  1.077995416520623e-07  1.550157930605830e+00 
 4.194071101746147e-08  1.200000000000000e+00  7.747176882230499e-01  4.852264675657812e-01  5.010657710455905e-01  1.199998733657940e+00  1.077995394364433e-07  1.550158037076704e+00 
 4.214071101746147e-08  1.200000000000000e+00  7.747194568430728e-01  4.852832088799681e-01  5.010090715465780e-01  1.199998737286065e+00  1.077995370160698e-07  1.550158142152296e+00 
 4.234071101746147e-08  1.200000000000000e+00  7.747211982946888e-01  4.853393471969468e-01  5.009529830556528e-01  1.199998740889601e+00  1.077995428681228e-07  1.550158245837888e+00 
 4.254071101746147e-08  1.200000000000000e+00  7.747229130441819e-01  4.853948931118091e-01  5.008974947656020e-01  1.199998744468728e+00  1.077995446321234e-07  1.550158348138889e+00 
 4.274071101746147e-08  1.200000000000000e+00  7.747246015467673e-01  4.854498569670389e-01  5.008425961258250e-01  1.199998748023707e+00  1.077995348049368e-07  1.550158449060782e+00 
 4.294071101746148e-08  1.200000000000000e+00  7.747262642470177e-01  4.855042488596127e-01  5.007882768355063e-01  1.199998751554598e+00  1.077995411214764e-07  1.550158548609169e+00 
 4.314071101746148e-08  1.200000000000000e+00  7.747279015791856e-01  4.855580786478186e-01  5.007345268365535e-01  1.199998755061810e+00  1.077995444851745e-07  1.550158646789733e+00 
 4.334071101746148e-08  1.200000000000000e+00  7.747295139675069e-01  4.856113559578407e-01  5.006813363069283e-01  1.199998758545525e+00  1.077995384302911e-07  1.550158743608232e+00 
 4.354071101746148e-08  1.200000000000000e+00  7.747311018265980e-01  4.856640901900515e-01  5.006286956544073e-01  1.199998762006182e+00  1.077995404789565e-07  1.550158839070513e+00 
 4.374071101746148e-08  1.200000000000000e+00  7.747326655616849e-01  4.857162905249167e-01  5.005765955103572e-01  1.199998765443393e+00  1.077995427541541e-07  1.550158933182521e+00 
 4.394071101746148e-08  1.200000000000000e+00  7.747342055689516e-01  4.857679659287261e-01  5.005250267237622e-01  1.199998768857976e+00  1.077995369801649e-07  1.550159025950271e+00 
 4.414071101746149e-08  1.200000000000000e+00  7.747357222357706e-01  4.858191251596791e-01  5.004739803553884e-01  1.199998772250128e+00  1.077995417670212e-07  1.550159117379840e+00 
 4.434071101746149e-08  1.200000000000000e+00  7.747372159410165e-01  4.858697767731745e-01  5.004234476724759e-01  1.199998775619947e+00  1.077995408805133e-07  1.550159207477409e+00 
 4.454071101746149e-08  1.200000000000000e+00  7.747386870552880e-01  4.859199291276475e-01  5.003734201427341e-01  1.199998778967630e+00  1.077995410204193e-07  1.550159296249255e+00 
 4.474071101746149e-08  1.200000000000000e+00  7.747401359411987e-01  4.859695903889315e-01  5.003238894294884e-01  1.199998782293514e+00  1.077995431446183e-07  1.550159383701749e+00 
 4.494071101746149e-08  1.200000000000000e+00  7.747415629535724e-01  4.860187685362454e-01  5.002748473865185e-01  1.199998785597511e+00  1.077995380145056e-07  1.550159469841325e+00 
 4.514071101746150e-08  1.200000000000000e+00  7.747429684397018e-01  4.860674713667203e-01  5.002262860528135e-01  1.199998788880079e+00  1.077995373426254e-07  1.550159554674555e+00 
 4.534071101746150e-08  1.200000000000000e+00  7.747443527395691e-01  4.861157064999799e-01  5.001781976481818e-01  1.199998792141478e+00  1.077995438093196e-07  1.550159638208133e+00 
 4.554071101746150e-08  1.200000000000000e+00  7.747457161860293e-01  4.861634813831313e-01  5.001305745680058e-01  1.199998795381561e+00  1.077995393704308e-07  1.550159720448867e+00 
 4.574071101746150e-08  1.200000000000000e+00  7.747470591050660e-01  4.862108032948322e-01  5.000834093790909e-01  1.199998798601184e+00  1.077995392342415e-07  1.550159801403673e+00 
 4.594071101746150e-08  1.200000000000000e+00  7.747483818159365e-01  4.862576793503948e-01  5.000366948151030e-01  1.199998801799953e+00  1.077995459621613e-07  1.550159881079614e+00 
 4.614071101746150e-08  1.200000000000000e+00  7.747496846313967e-01  4.863041165053263e-01  4.999904237721416e-01  1.199998804978165e+00  1.077995364818773e-07  1.550159959483933e+00 
 4.634071101746151e-08  1.200000000000000e+00  7.747509678578312e-01  4.863501215598682e-01  4.999445893046828e-01  1.199998808136135e+00  1.077995389779011e-07  1.550160036623968e+00 
 4.654071101746151e-08  1.200000000000000e+00  7.747522317955385e-01  4.863957011624376e-01  4.998991846216882e-01  1.199998811274096e+00  1.077995420854006e-07  1.550160112507264e+00 
 4.674071101746151e-08  1.200000000000000e+00  7.747534767387875e-01  4.864408618146852e-01  4.998542030826495e-01  1.199998814392234e+00  1.077995409761052e-07  1.550160187141533e+00 
 4.694071101746151e-08  1.200000000000000e+00  7.747547029759992e-01  4.864856098736816e-01  4.998096381931553e-01  1.199998817490637e+00  1.077995407884801e-07  1.550160260534637e+00 
 4.714071101746151e-08  1.200000000000000e+00  7.747559107899925e-01  4.865299515573213e-01  4.997654836015836e-01  1.199998820569248e+00  1.077995388166769e-07  1.550160332694662e+00 
 4.734071101746152e-08  1.200000000000000e+00  7.747571004580267e-01  4.865738929465053e-01  4.997217330958758e-01  1.199998823628648e+00  1.077995430763475e-07  1.550160403629852e+00 
 4.754071101746152e-08  1.200000000000000e+00  7.747582722520132e-01  4.866174399896545e-01  4.996783805995588e-01  1.199998826669231e+00  1.077995402115427e-07  1.550160473348667e+00 
 4.774071101746152e-08  1.200000000000000e+00  7.747594264386258e-01  4.866605985053412e-01  4.996354201683898e-01  1.199998829690693e+00  1.077995411486815e-07  1.550160541859764e+00 
 4.794071101746152e-08  1.200000000000000e+00  7.747605632794835e-01  4.867033741857954e-01  4.995928459868879e-01  1.199998832693354e+00  1.077995394430966e-07  1.550160609172022e+00 
 4.814071101746152e-08  1.200000000000000e+00  7.747616830311852e-01  4.867457726004917e-01  4.995506523649706e-01  1.199998835677317e+00  1.077995435590421e-07  1.550160675294513e+00 
 4.834071101746152e-08  1.200000000000000e+00  7.747627859455761e-01  4.867877991988015e-01  4.995088337354830e-01  1.199998838643041e+00  1.077995372387176e-07  1.550160740236568e+00 
 4.854071101746153e-08  1.200000000000000e+00  7.747638722697723e-01  4.868294593132633e-01  4.994673846504555e-01  1.199998841590324e+00  1.077995417439549e-07  1.550160804007707e+00 
 4.874071101746153e-08  1.200000000000000e+00  7.747649422462984e-01  4.868707581627169e-01  4.994262997783754e-01  1.199998844519612e+00  1.077995417106770e-07  1.550160866617701e+00 
 4.894071101746153e-08  1.200000000000000e+00  7.747659961131960e-01  4.869117008544470e-01  4.993855739013266e-01  1.199998847430827e+00  1.077995376339763e-07  1.550160928076534e+00 
 4.914071101746153e-08  1.200000000000000e+00  7.747670341042006e-01  4.869522923878002e-01  4.993452019122566e-01  1.199998850324333e+00  1.077995424983303e-07  1.550160988394408e+00 
 4.934071101746153e-08  1.200000000000000e+00  7.747680564487571e-01  4.869925376566379e-01  4.993051788115348e-01  1.199998853200184e+00  1.077995381465449e-07  1.550161047581765e+00 
 4.954071101746154e-08  1.200000000000000e+00  7.747690633721805e-01  4.870324414519586e-01  4.992654997051786e-01  1.199998856058628e+00  1.077995453294151e-07  1.550161105649268e+00 
 4.974071101746154e-08  1.200000000000000e+00  7.747700550957409e-01  4.870720084640733e-01  4.992261598014735e-01  1.199998858899795e+00  1.077995368314464e-07  1.550161162607802e+00 
 4.994071101746154e-08  1.200000000000000e+00  7.747710318367578e-01  4.871112432859988e-01  4.991871544092187e-01  1.199998861723739e+00  1.077995412501076e-07  1.550161218468459e+00 
 5.014071101746154e-08  1.200000000000000e+00  7.747719938087384e-01  4.871501504149847e-01  4.991484789345850e-01  1.199998864530839e+00  1.077995410675225e-07  1.550161273242596e+00 
 5.034071101746154e-08  1.200000000000000e+00  7.747729412214247e-01  4.871887342555136e-01  4.991101288793974e-01  1.199998867320893e+00  1.077995404653873e-07  1.550161326941738e+00 
 5.054071101746154e-08  1.200000000000000e+00  7.747738742808646e-01  4.872269991211849e-01  4.990720998377834e-01  1.199998870094579e+00  1.077995427742773e-07  1.550161379577627e+00 
 5.074071101746155e-08  1.200000000000000e+00  7.747747931895343e-01  4.872649492371784e-01  4.990343874948575e-01  1.199998872851610e+00  1.077995389340554e-07  1.550161431162219e+00 
 5.094071101746155e-08  1.200000000000000e+00  7.747756981464274e-01  4.873025887426206e-01  4.989969876238502e-01  1.199998875592053e+00  1.077995392793073e-07  1.550161481707630e+00 
 5.114071101746155e-08  1.200000000000000e+00  7.747765893471424e-01  4.873399216926257e-01  4.989598960838461e-01  1.199998878316715e+00  1.077995415517114e-07  1.550161531226186e+00 
 5.134071101746155e-08  1.200000000000000e+00  7.747774669839232e-01  4.873769520597057e-01  4.989231088190230e-01  1.199998881024865e+00  1.077995399325733e-07  1.550161579730390e+00 
 5.154071101746155e-08  1.200000000000000e+00  7.747783312457284e-01  4.874136837368151e-01  4.988866218547297e-01  1.199998883717285e+00  1.077995431299226e-07  1.550161627232915e+00 
 5.174071101746155e-08  1.200000000000000e+00  7.747791823183794e-01  4.874501205389272e-01  4.988504312968875e-01  1.199998886393870e+00  1.077995378064430e-07  1.550161673746587e+00 
 5.194071101746156e-08  1.200000000000000e+00  7.747800203845625e-01  4.874862662050955e-01  4.988145333291565e-01  1.199998889054751e+00  1.077995385325956e-07  1.550161719284361e+00 
 5.214071101746156e-08  1.200000000000000e+00  7.747808456239166e-01  4.875221243995552e-01  4.987789242112966e-01  1.199998891700006e+00  1.077995430959251e-07  1.550161763859348e+00 
 5.234071101746156e-08  1.200000000000000e+00  7.747816582131170e-01  4.875576987144032e-01  4.987436002777446e-01  1.199998894330164e+00  1.077995433165162e-07  1.550161807484774e+00 
 5.254071101746156e-08  1.200000000000000e+00  7.747824583259342e-01  4.875929926706952e-01  4.987085579354120e-01  1.199998896944569e+00  1.077995392781581e-07  1.550161850173992e+00 
 5.274071101746156e-08  1.200000000000000e+00  7.747832461333035e-01  4.876280097211698e-01  4.986737936618251e-01  1.199998899544274e+00  1.077995392493998e-07  1.550161891940421e+00 
 5.294071101746157e-08  1.200000000000000e+00  7.747840218033404e-01  4.876627532508202e-01  4.986393040036043e-01  1.199998902128898e+00  1.077995394625515e-07  1.550161932797593e+00 
 5.314071101746157e-08  1.200000000000000e+00  7.747847855014873e-01  4.876972265791045e-01  4.986050855749939e-01  1.199998904698544e+00  1.077995398726078e-07  1.550161972759085e+00 
 5.334071101746157e-08  1.200000000000000e+00  7.747855373904970e-01  4.877314329615132e-01  4.985711350561002e-01  1.199998907253325e+00  1.077995430776603e-07  1.550162011838562e+00 
 5.354071101746157e-08  1.200000000000000e+00  7.747862776305352e-01  4.877653755912443e-01  4.985374491908240e-01  1.199998909793773e+00  1.077995395659902e-07  1.550162050049734e+00 
 5.374071101746157e-08  1.200000000000000e+00  7.747870063792111e-01  4.877990576003509e-01  4.985040247859956e-01  1.199998912319638e+00  1.077995404244252e-07  1.550162087406310e+00 
 5.394071101746157e-08  1.200000000000000e+00  7.747877237916447e-01  4.878324820611517e-01  4.984708587094520e-01  1.199998914831000e+00  1.077995390840188e-07  1.550162123922037e+00 
 5.414071101746158e-08  1.200000000000000e+00  7.747884300204827e-01  4.878656519879909e-01  4.984379478891467e-01  1.199998917328326e+00  1.077995426325202e-07  1.550162159610676e+00 
 5.434071101746158e-08  1.200000000000000e+00  7.747891252160115e-01  4.878985703387407e-01  4.984052893108384e-01  1.199998919811370e+00  1.077995442762721e-07  1.550162194485961e+00 
 5.454071101746158e-08  1.200000000000000e+00  7.747898095261637e-01  4.879312400156093e-01  4.983728800174781e-01  1.199998922280594e+00  1.077995364912308e-07  1.550162228561602e+00 
 5.474071101746158e-08  1.200000000000000e+00  7.747904830965778e-01  4.879636638673223e-01  4.983407171073520e-01  1.199998924735611e+00  1.077995412793666e-07  1.550162261851277e+00 
 5.494071101746158e-08  1.200000000000000e+00  7.747911460706453e-01  4.879958446891604e-01  4.983087977330077e-01  1.199998927177016e+00  1.077995390856120e-07  1.550162294368596e+00 
 5.514071101746159e-08  1.200000000000000e+00  7.747917985895552e-01  4.880277852254772e-01  4.982771191000321e-01  1.199998929604960e+00  1.077995412724907e-07  1.550162326127115e+00 
 5.534071101746159e-08  1.200000000000000e+00  7.747924407923534e-01  4.880594881703184e-01  4.982456784658483e-01  1.199998932019190e+00  1.077995395249435e-07  1.550162357140305e+00 
 5.554071101746159e-08  1.200000000000000e+00  7.747930728159615e-01  4.880909561687463e-01  4.982144731379061e-01  1.199998934419994e+00  1.077995431611377e-07  1.550162387421550e+00 
 5.574071101746159e-08  1.200000000000000e+00  7.747936947842674e-01  4.881221918337153e-01  4.981835004584675e-01  1.199998936818953e+00  1.077995401440716e-07  1.550162416984125e+00 
 5.594071101746159e-08  1.200000000000000e+00  7.747943068369468e-01  4.881531977046059e-01  4.981527578411112e-01  1.199998939195972e+00  1.077995412254759e-07  1.550162445841171e+00 
 5.614071101746159e-08  1.200000000000000e+00  7.747949091081558e-01  4.881839762816088e-01  4.981222427428975e-01  1.199998941556654e+00  1.077995364245413e-07  1.550162474005701e+00 
 5.634071101746160e-08  1.200000000000000e+00  7.747955017277328e-01  4.882145300235470e-01  4.980919526633261e-01  1.199998943904504e+00  1.077995465612730e-07  1.550162501490585e+00 
 5.654071101746160e-08  1.200000000000000e+00  7.747960848228633e-01  4.882448613465857e-01  4.980618851453662e-01  1.199998946239720e+00  1.077995345844274e-07  1.550162528308527e+00 
 5.674071101746160e-08  1.200000000000000e+00  7.747966585187008e-01  4.882749726245300e-01  4.980320377756408e-01  1.199998948562087e+00  1.077995412288673e-07  1.550162554472101e+00 
 5.694071101746160e-08  1.200000000000000e+00  7.747972229384501e-01  4.883048661899859e-01  4.980024081837300e-01  1.199998950871515e+00  1.077995407354090e-07  1.550162579993692e+00 
 5.714071101746160e-08  1.200000000000000e+00  7.747977782035154e-01  4.883345443348462e-01  4.979729940408424e-01  1.199998953168536e+00  1.077995431800670e-07  1.550162604885537e+00 
 5.734071101746160e-08  1.200000000000000e+00  7.747983244335246e-01  4.883640093113865e-01  4.979437930583927e-01  1.199998955453261e+00  1.077995373717891e-07  1.550162629159657e+00 
 5.754071101746161e-08  1.200000000000000e+00  7.747988617463814e-01  4.883932633333439e-01  4.979148029882909e-01  1.199998957725549e+00  1.077995407759231e-07  1.550162652827874e+00 
 5.774071101746161e-08  1.200000000000000e+00  7.747993902582663e-01  4.884223085764552e-01  4.978860216209921e-01  1.199998959985729e+00  1.077995458906963e-07  1.550162675901809e+00 
 5.794071101746161e-08  1.200000000000000e+00  7.747999100836639e-01  4.884511471796981e-01  4.978574467850608e-01  1.199998962233619e+00  1.077995373427628e-07  1.550162698392844e+00 
 5.814071101746161e-08  1.200000000000000e+00  7.748004213354361e-01  4.884797812460513e-01  4.978290763463444e-01  1.199998964469439e+00  1.077995421336803e-07  1.550162720312154e+00 
 5.834071101746161e-08  1.200000000000000e+00  7.748009241248137e-01  4.885082128430637e-01  4.978009082068872e-01  1.199998966693274e+00  1.077995406820352e-07  1.550162741670687e+00 
 5.854071101746162e-08  1.200000000000000e+00  7.748014185614363e-01  4.885364440038000e-01  4.977729403044446e-01  1.199998968905211e+00  1.077995360389330e-07  1.550162762479153e+00 
 5.874071101746162e-08  1.200000000000000e+00  7.748019047534028e-01  4.885644767276048e-01  4.977451706110905e-01  1.199998971105275e+00  1.077995452334091e-07  1.550162782748005e+00 
 5.894071101746162e-08  1.200000000000000e+00  7.748023828072752e-01  4.885923129812111e-01  4.977175971327004e-01  1.199998973293839e+00  1.077995374492199e-07  1.550162802487468e+00 
 5.914071101746162e-08  1.200000000000000e+00  7.748028528281008e-01  4.886199546989272e-01  4.976902179085582e-01  1.199998975470808e+00  1.077995402574618e-07  1.550162821707522e+00 
 5.934071101746162e-08  1.200000000000000e+00  7.748033149194286e-01  4.886474037836716e-01  4.976630310100794e-01  1.199998977636366e+00  1.077995417495108e-07  1.550162840417890e+00 
 5.954071101746162e-08  1.200000000000000e+00  7.748037691834087e-01  4.886746621077123e-01  4.976360345406545e-01  1.199998979790355e+00  1.077995396708649e-07  1.550162858628011e+00 
 5.974071101746163e-08  1.200000000000000e+00  7.748042157207146e-01  4.887017315134000e-01  4.976092266340837e-01  1.199998981933076e+00  1.077995448765359e-07  1.550162876347102e+00 
 5.994071101746163e-08  1.200000000000000e+00  7.748046546306362e-01  4.887286138135448e-01  4.975826054546497e-01  1.199998984064502e+00  1.077995379059851e-07  1.550162893584122e+00 
 6.014071101746163e-08  1.200000000000000e+00  7.748050860110434e-01  4.887553107922057e-01  4.975561691961176e-01  1.199998986184836e+00  1.077995396989996e-07  1.550162910347761e+00 
 6.034071101746163e-08  1.200000000000000e+00  7.748055099585257e-01  4.887818242056479e-01  4.975299160810848e-01  1.199998988293730e+00  1.077995387352930e-07  1.550162926646455e+00 
 6.054071101746163e-08  1.200000000000000e+00  7.748059265682785e-01  4.888081557826057e-01  4.975038443603290e-01  1.199998990392050e+00  1.077995416402640e-07  1.550162942488382e+00 
 6.074071101746164e-08  1.200000000000000e+00  7.748063359342168e-01  4.888343072246492e-01  4.974779523125450e-01  1.199998992479568e+00  1.077995414345306e-07  1.550162957881470e+00 
 6.094071101746164e-08  1.200000000000000e+00  7.748067381489313e-01  4.888602802076939e-01  4.974522382429287e-01  1.199998994556286e+00  1.077995399934755e-07  1.550162972833368e+00 
 6.114071101746164e-08  1.200000000000000e+00  7.748071333037857e-01  4.888860763815733e-01  4.974267004834432e-01  1.199998996622198e+00  1.077995421703880e-07  1.550162987351511e+00 
 6.134071101746164e-08  1.200000000000000e+00  7.748075214888583e-01  4.889116973711548e-01  4.974013373915931e-01  1.199998998677465e+00  1.077995388817699e-07  1.550163001443044e+00 
 6.154071101746164e-08  1.200000000000000e+00  7.748079027930191e-01  4.889371447769355e-01  4.973761473501318e-01  1.199999000722078e+00  1.077995428962676e-07  1.550163015114868e+00 
 6.174071101746164e-08  1.200000000000000e+00  7.748082773039405e-01  4.889624201749391e-01  4.973511287668343e-01  1.199999002756067e+00  1.077995365505519e-07  1.550163028373677e+00 
 6.194071101746165e-08  1.200000000000000e+00  7.748086451080883e-01  4.889875251182247e-01  4.973262800732144e-01  1.199999004780139e+00  1.077995414092746e-07  1.550163041225881e+00 
 6.214071101746165e-08  1.200000000000000e+00  7.748090062907745e-01  4.890124611365496e-01  4.973015997244946e-01  1.199999006793619e+00  1.077995414559943e-07  1.550163053677670e+00 
 6.234071101746165e-08  1.200000000000000e+00  7.748093609361424e-01  4.890372297371501e-01  4.972770861993143e-01  1.199999008796936e+00  1.077995393352262e-07  1.550163065734991e+00 
 6.254071101746165e-08  1.200000000000000e+00  7.748097091272228e-01  4.890618324056160e-01  4.972527379984960e-01  1.199999010789873e+00  1.077995437172301e-07  1.550163077403574e+00 
 6.274071101746165e-08  1.200000000000000e+00  7.748100509459385e-01  4.890862706055248e-01  4.972285536450839e-01  1.199999012773031e+00  1.077995407564110e-07  1.550163088688913e+00 
 6.294071101746166e-08  1.200000000000000e+00  7.748103864730673e-01  4.891105457799713e-01  4.972045316839321e-01  1.199999014745974e+00  1.077995365896890e-07  1.550163099596299e+00 
 6.314071101746166e-08  1.200000000000000e+00  7.748107157883564e-01  4.891346593507467e-01  4.971806706807081e-01  1.199999016709013e+00  1.077995440948690e-07  1.550163110130801e+00 
 6.334071101746166e-08  1.200000000000000e+00  7.748110389704553e-01  4.891586127198992e-01  4.971569692222538e-01  1.199999018662380e+00  1.077995379081668e-07  1.550163120297272e+00 
 6.354071101746166e-08  1.200000000000000e+00  7.748113560970189e-01  4.891824072697395e-01  4.971334259152818e-01  1.199999020605863e+00  1.077995443946232e-07  1.550163130100368e+00 
 6.374071101746166e-08  1.200000000000000e+00  7.748116672446121e-01  4.892060443631214e-01  4.971100393864431e-01  1.199999022539769e+00  1.077995368736469e-07  1.550163139544560e+00 
 6.394071101746166e-08  1.200000000000000e+00  7.748119724888238e-01  4.892295253436481e-01  4.970868082818026e-01  1.199999024463780e+00  1.077995424364886e-07  1.550163148634143e+00 
 6.414071101746167e-08  1.200000000000000e+00  7.748122719042456e-01  4.892528515368837e-01  4.970637312667913e-01  1.199999026378368e+00  1.077995384095712e-07  1.550163157373196e+00 
 6.434071101746167e-08  1.200000000000000e+00  7.748125655644337e-01  4.892760242499031e-01  4.970408070249907e-01  1.199999028283422e+00  1.077995419025279e-07  1.550163165765636e+00 
 6.454071101746167e-08  1.200000000000000e+00  7.748128535420540e-01  4.892990447720860e-01  4.970180342583638e-01  1.199999030179141e+00  1.077995398177715e-07  1.550163173815209e+00 
 6.474071101746167e-08  1.200000000000000e+00  7.748131359087806e-01  4.893219143755660e-01  4.969954116868212e-01  1.199999032065562e+00  1.077995448257313e-07  1.550163181525501e+00 
 6.494071101746167e-08  1.200000000000000e+00  7.748134127353417e-01  4.893446343152077e-01  4.969729380475919e-01  1.199999033942578e+00  1.077995348567987e-07  1.550163188899947e+00 
 6.514071101746167e-08  1.200000000000000e+00  7.748136840915649e-01  4.893672058292244e-01  4.969506120952544e-01  1.199999035810343e+00  1.077995413567511e-07  1.550163195941827e+00 
 6.534071101746168e-08  1.200000000000000e+00  7.748139500463098e-01  4.893896301395398e-01  4.969284326008262e-01  1.199999037669018e+00  1.077995459590844e-07  1.550163202654277e+00 
 6.554071101746168e-08  1.200000000000000e+00  7.748142106675922e-01  4.894119084517063e-01  4.969063983519512e-01  1.199999039518859e+00  1.077995402942249e-07  1.550163209040306e+00 
 6.574071101746168e-08  1.200000000000000e+00  7.748144660225289e-01  4.894340419558621e-01  4.968845081520825e-01  1.199999041359328e+00  1.077995364694747e-07  1.550163215102802e+00 
 6.594071101746168e-08  1.200000000000000e+00  7.748147161773765e-01  4.894560318269912e-01  4.968627608207293e-01  1.199999043190618e+00  1.077995433564250e-07  1.550163220844527e+00 
 6.614071101746168e-08  1.200000000000000e+00  7.748149611975207e-01  4.894778792245258e-01  4.968411551926825e-01  1.199999045013414e+00  1.077995394316694e-07  1.550163226268113e+00 
 6.634071101746169e-08  1.200000000000000e+00  7.748152011474982e-01  4.894995852929554e-01  4.968196901178230e-01  1.199999046827170e+00  1.077995383536300e-07  1.550163231376097e+00 
 6.654071101746169e-08  1.200000000000000e+00  7.748154360910079e-01  4.895211511630334e-01  4.967983644607176e-01  1.199999048632489e+00  1.077995440418725e-07  1.550163236170915e+00 
 6.674071101746169e-08  1.200000000000000e+00  7.748156660909530e-01  4.895425779505377e-01  4.967771771005906e-01  1.199999050429141e+00  1.077995407148253e-07  1.550163240654912e+00 
 6.694071101746169e-08  1.200000000000000e+00  7.748158912094244e-01  4.895638667576687e-01  4.967561269309509e-01  1.199999052216775e+00  1.077995421543105e-07  1.550163244830337e+00 
 6.714071101746169e-08  1.200000000000000e+00  7.748161115076729e-01  4.895850186729737e-01  4.967352128593603e-01  1.199999053996284e+00  1.077995386275113e-07  1.550163248699359e+00 
 6.734071101746169e-08  1.200000000000000e+00  7.748163270462074e-01  4.896060347715656e-01  4.967144338068576e-01  1.199999055767126e+00  1.077995397848893e-07  1.550163252264072e+00 
 6.754071101746170e-08  1.200000000000000e+00  7.748165378847431e-01  4.896269161152988e-01  4.966937887078889e-01  1.199999057529189e+00  1.077995384479260e-07  1.550163255526507e+00 
 6.774071101746170e-08  1.200000000000000e+00  7.748167440822555e-01  4.896476637532735e-01  4.966732765099971e-01  1.199999059283514e+00  1.077995439770509e-07  1.550163258488613e+00 
 6.794071101746170e-08  1.200000000000000e+00  7.748169456969407e-01  4.896682787220487e-01  4.966528961736707e-01  1.199999061028905e+00  1.077995385837791e-07  1.550163261152304e+00 
 6.814071101746170e-08  1.200000000000000e+00  7.748171427862752e-01  4.896887620455310e-01  4.966326466717905e-01  1.199999062766263e+00  1.077995421940057e-07  1.550163263519423e+00 
 6.834071101746170e-08  1.200000000000000e+00  7.748173354069868e-01  4.897091147356031e-01  4.966125269901022e-01  1.199999064495641e+00  1.077995409797004e-07  1.550163265591774e+00 
 6.854071101746171e-08  1.200000000000000e+00  7.748175236150729e-01  4.897293377921172e-01  4.965925361261898e-01  1.199999066216373e+00  1.077995392126000e-07  1.550163267371119e+00 
 6.874071101746171e-08  1.200000000000000e+00  7.748177074658504e-01  4.897494322033434e-01  4.965726730893809e-01  1.199999067929497e+00  1.077995386621378e-07  1.550163268859178e+00 
 6.894071101746171e-08  1.200000000000000e+00  7.748178870139463e-01  4.897693989460948e-01  4.965529369009274e-01  1.199999069634447e+00  1.077995417557254e-07  1.550163270057646e+00 
 6.914071101746171e-08  1.200000000000000e+00  7.748180623132689e-01  4.897892389859517e-01  4.965333265936340e-01  1.199999071331253e+00  1.077995419883463e-07  1.550163270968195e+00 
 6.934071101746171e-08  1.200000000000000e+00  7.748182334170355e-01  4.898089532773416e-01  4.965138412112486e-01  1.199999073020225e+00  1.077995380861053e-07  1.550163271592450e+00 
 6.954071101746171e-08  1.200000000000000e+00  7.748184003778458e-01  4.898285427637325e-01  4.964944798088010e-01  1.199999074701402e+00  1.077995413403099e-07  1.550163271932035e+00 
 6.974071101746172e-08  1.200000000000000e+00  7.748185632475905e-01  4.898480083778790e-01  4.964752414520257e-01  1.199999076374564e+00  1.077995415511104e-07  1.550163271988548e+00 
 6.994071101746172e-08  1.200000000000000e+00  7.748187220775583e-01  4.898673510424960e-01  4.964561252174330e-01  1.199999078040250e+00  1.077995397249600e-07  1.550163271763590e+00 
 7.007035550873086e-08  1.200000000000000e+00  7.748188228985153e-01  4.898798240749329e-01  4.964437985197107e-01  1.199999079112870e+00  1.077995441982983e-07  1.550163271467528e+00 
 7.020000000000001e-08  1.200000000000000e+00  7.748189220557602e-01  4.898922460433170e-01  4.964315225382160e-01  1.199999080184341e+00  1.077995374581842e-07  1.550163271052924e+00 
 7.020017868989058e-08  1.198927860656571e+00  7.748156572312351e-01  4.898891891199918e-01  4.964314490925190e-01  1.199995528348781e+00  4.730332832034168e-09  1.550163271052276e+00 
 7.020053606967172e-08  1.196783581969713e+00  7.748068470484236e-01  4.898811282538516e-01  4.964312690695279e-01  1.199986354503389e+00 -2.715192164853830e-07  1.550163271050977e+00 
 7.020108210624588e-08  1.193507362524733e+00  7.747917816051222e-01  4.898678034969041e-01  4.964309649220672e-01  1.199972978119849e+00 -6.506477411086231e-07  1.550163271048981e+00 
 7.020169030119307e-08  1.189858192841639e+00  7.747757179033775e-01  4.898541073757028e-01  4.964306290499509e-01  1.199961622983997e+00 -8.894592978623411e-07  1.550163271046771e+00 
 7.020260672150727e-08  1.184359670956437e+00  7.747541180759013e-01  4.898363731232780e-01  4.964301527351479e-01  1.199950552597564e+00 -9.468858936101388e-07  1.550163271043426e+00 
 7.020415312923813e-08  1.175081224571279e+00  7.747228234882836e-01  4.898115667851035e-01  4.964294155696568e-01  1.199941945527702e+00 -6.774639357987750e-07  1.550163271037776e+00 
 7.020631557627599e-08  1.162106542344129e+00  7.746861790911352e-01  4.897830036286885e-01  4.964284871357885e-01  1.199941244165301e+00 -1.613319820497477e-07  1.550163271029837e+00 
 7.020890445528278e-08  1.146573268303383e+00  7.746496677381188e-01  4.897542507871387e-01  4.964274930142485e-01  1.199948140908864e+00  2.888965428844009e-07  1.550163271020287e+00 
 7.021273172246255e-08  1.123609665224741e+00  7.746054750442940e-01  4.897182801070797e-01  4.964261917235905e-01  1.199962095733305e+00  5.513118675583642e-07  1.550163271006006e+00 
 7.021817152011042e-08  1.090970879337546e+00  7.745561600676066e-01  4.896762422812280e-01  4.964245790070188e-01  1.199979943714502e+00  5.108495346960694e-07  1.550163270984995e+00 
 7.022813321055796e-08  1.031200736652303e+00  7.744898049152730e-01  4.896167467456011e-01  4.964220357349454e-01  1.200000424204630e+00  2.415622794834987e-07  1.550163270940192e+00 
 7.023761510372002e-08  9.743093776799122e-01  7.744427931665373e-01  4.895729745106514e-01  4.964198827045522e-01  1.200008821819220e+00  8.278351206337901e-08  1.550163270881135e+00 
 7.025183937390351e-08  8.889637565789503e-01  7.743818247794177e-01  4.895163111944681e-01  4.964168231860485e-01  1.200011549744050e+00  3.447195298384841e-08  1.550163270717812e+00 
 7.026259430463219e-08  8.244341722068903e-01  7.743405173825084e-01  4.894784350328886e-01  4.964146525419638e-01  1.200011044496268e+00  7.338537942581068e-08  1.550163270490382e+00 
 7.027101219922809e-08  7.739268046315000e-01  7.743197249774036e-01  4.894589756148729e-01  4.964132699572102e-01  1.200013643169289e+00  1.434771178413039e-07  1.550163270215874e+00 
 7.028144454522722e-08  7.113327286367083e-01  7.743412366780995e-01  4.894747522772193e-01  4.964127139444293e-01  1.200028306750958e+00  2.607581898225308e-07  1.550163269696814e+00 
 7.029171824503953e-08  6.496905297628857e-01  7.744612577159412e-01  4.895733341299703e-01  4.964144573230654e-01  1.200054881011298e+00  3.546013944324532e-07  1.550163268918054e+00 
 7.030097350376301e-08  5.941589774219883e-01  7.747018052291782e-01  4.897740903154305e-01  4.964189314469262e-01  1.200084514112532e+00  4.005354438804329e-07  1.550163267920006e+00 
 7.030844185918540e-08  5.493488448876194e-01  7.750247370846539e-01  4.900456242252763e-01  4.964251817053456e-01  1.200110126437284e+00  4.165489540439420e-07  1.550163266864215e+00 
 7.031486176321507e-08  5.108294207096196e-01  7.754250072567569e-01  4.903835228947458e-01  4.964328789135285e-01  1.200133464600002e+00  4.219472342166432e-07  1.550163265747839e+00 
 7.032085504765266e-08  4.748697140840851e-01  7.759297585802525e-01  4.908101953275090e-01  4.964423518255304e-01  1.200157613327150e+00  4.232690155644286e-07  1.550163264509815e+00 
 7.032695781468355e-08  4.382531118987443e-01  7.766050653511495e-01  4.913800868292912e-01  4.964545933821344e-01  1.200186388014062e+00  4.205853736613269e-07  1.550163263037393e+00 
 7.033365227947858e-08  3.980863231285489e-01  7.775683988406646e-01  4.921879566674956e-01  4.964713681256537e-01  1.200225155532507e+00  4.075579063619623e-07  1.550163261162444e+00 
 7.034047568300194e-08  3.571459019883856e-01  7.788127362126370e-01  4.932183743008971e-01  4.964923008408823e-01  1.200274841067482e+00  3.775608851128501e-07  1.550163258968537e+00 
 7.034555981281304e-08  3.266411231217818e-01  7.799157572413000e-01  4.941170927597963e-01  4.965104845737994e-01  1.200320353115989e+00  3.484540752462118e-07  1.550163257153652e+00 
 7.035192004017186e-08  2.884797589689058e-01  7.815083593434049e-01  4.953874406440328e-01  4.965364451292401e-01  1.200390125264092e+00  3.292468276369729e-07  1.550163254689979e+00 
 7.035789206280279e-08  2.526476231833167e-01  7.832195086879504e-01  4.967038761542893e-01  4.965641746367008e-01  1.200470651200683e+00  3.327407068233739e-07  1.550163252221256e+00 
 7.036237302240936e-08  2.257618655438602e-01  7.846421896436734e-01  4.977391972526193e-01  4.965871794635277e-01  1.200534365077476e+00  3.458255646861773e-07  1.550163250302224e+00 
 7.036615783694037e-08  2.030529783577936e-01  7.859352872575154e-01  4.986177643221070e-01  4.966081107554801e-01  1.200566878615026e+00  3.600697091664211e-07  1.550163248663342e+00 
 7.037062161664633e-08  1.762703001220676e-01  7.875492378500936e-01  4.996384844778665e-01  4.966345258285257e-01  1.200508124740042e+00  3.732898698261856e-07  1.550163246752416e+00 
 7.037490067953107e-08  1.505959228136118e-01  7.891426761559344e-01  5.006083917374322e-01  4.966614575536381e-01  1.200246851103485e+00  3.778903485420447e-07  1.550163244992364e+00 
 7.037850753103681e-08  1.289548137791967e-01  7.904793835617452e-01  5.014298412790943e-01  4.966852420458538e-01  1.199731783855452e+00  3.783246565742908e-07  1.550163243604877e+00 
 7.038128023420201e-08  1.123185947879641e-01  7.914867796799799e-01  5.020645492633724e-01  4.967041584163784e-01  1.199033635750478e+00  3.835070539696256e-07  1.550163242623723e+00 
 7.038370447773316e-08  9.777313360106898e-02  7.923484241239231e-01  5.026194806655282e-01  4.967211499453619e-01  1.198110593344838e+00  3.959377326279157e-07  1.550163241845615e+00 
 7.038606749350263e-08  8.359503898423326e-02  7.931677277123583e-01  5.031586000977194e-01  4.967381228177349e-01  1.196842271966333e+00  4.139241146419032e-07  1.550163241175918e+00 
 7.038891163487339e-08  6.653019075968269e-02  7.941224463549410e-01  5.038033052545251e-01  4.967590931012432e-01  1.194744629354310e+00  4.390304015932170e-07  1.550163240512523e+00 
 7.039151740115390e-08  5.089559307665104e-02  7.949645752128086e-01  5.043883458677532e-01  4.967788331273227e-01  1.192271211801941e+00  4.635055557821594e-07  1.550163240066732e+00 
 7.039484087870857e-08  3.095472774862262e-02  7.959924467778255e-01  5.051233026971351e-01  4.968047660345903e-01  1.188372918372389e+00  4.964954729625749e-07  1.550163239771120e+00 
 7.039685251050180e-08  1.888493698920990e-02  7.965904750762346e-01  5.055609664735659e-01  4.968208881933293e-01  1.185632883972149e+00  5.178247409927395e-07  1.550163239760356e+00 
 7.039842625525091e-08  9.442468494599510e-03  7.970461646471390e-01  5.058989635022770e-01  4.968337310877985e-01  1.183432221251879e+00  5.352437049879061e-07  1.550163239851315e+00 
 7.040000000000001e-08  0.000000000000000e+00  7.974913567107512e-01  5.062325093518358e-01  4.968467792262323e-01  1.181528459893155e+00  5.529865910397849e-07  1.550163240038840e+00 
 7.040012783873800e-08  0.000000000000000e+00  7.975296595230864e-01  5.062610135267753e-01  4.968478973260342e-01  1.181396287926866e+00  6.399549426841511e-07  1.550163240058694e+00 
 7.040038351621398e-08  0.000000000000000e+00  7.976078888389174e-01  5.063181731897467e-01  4.968501524611005e-01  1.181148383507020e+00  8.647137459526916e-07  1.550163240100089e+00 
 7.040070918581968e-08  0.000000000000000e+00  7.977085043426139e-01  5.063906035501057e-01  4.968530336278121e-01  1.180865465989425e+00  1.114141657630047e-06  1.550163240156714e+00 
 7.040110139367727e-08  0.000000000000000e+00  7.978291933092974e-01  5.064771201219653e-01  4.968564940113426e-01  1.180576215259685e+00  1.274719183578035e-06  1.550163240231021e+00 
 7.040163786802051e-08  0.000000000000000e+00  7.979923894436173e-01  5.065942836336277e-01  4.968611980743304e-01  1.180285785235709e+00  1.268524778774704e-06  1.550163240343832e+00 
 7.040263044915642e-08  0.000000000000000e+00  7.982885462720400e-01  5.068076464399502e-01  4.968698145201015e-01  1.180141852982982e+00  8.692011396436994e-07  1.550163240587977e+00 
 7.040373184953993e-08  0.000000000000000e+00  7.986088581018201e-01  5.070393358554396e-01  4.968792544014332e-01  1.180643350839906e+00  1.883901299352259e-07  1.550163240914982e+00 
 7.040473453101356e-08  0.000000000000000e+00  7.988932090257748e-01  5.072457831030200e-01  4.968877455702038e-01  1.181665361828977e+00 -4.483554306416310e-07  1.550163241266301e+00 
 7.040578622026795e-08  0.000000000000000e+00  7.991843890888372e-01  5.074579379052215e-01  4.968965545518075e-01  1.183237807785415e+00 -1.019246306284069e-06  1.550163241692414e+00 
 7.040700096681904e-08  0.000000000000000e+00  7.995121609390194e-01  5.076976594296844e-01  4.969066148118135e-01  1.185564182718585e+00 -1.504874039329890e-06  1.550163242261903e+00 
 7.040818476584861e-08  0.000000000000000e+00  7.998231490338735e-01  5.079259790866374e-01  4.969163086902428e-01  1.188178104988977e+00 -1.803364282348952e-06  1.550163242900652e+00 
 7.040967650148182e-08  0.000000000000000e+00  8.002035932254606e-01  5.082063625918587e-01  4.969283801222527e-01  1.191601914574521e+00 -1.978914282789804e-06  1.550163243830553e+00 
 7.041128632801134e-08  0.000000000000000e+00  8.006000667936907e-01  5.084996410595501e-01  4.969412368320250e-01  1.195044572091190e+00 -1.985573012045286e-06  1.550163245000201e+00 
 7.041284674383080e-08  0.000000000000000e+00  8.009704895146970e-01  5.087744474608583e-01  4.969535373222526e-01  1.197855852546775e+00 -1.871736094550408e-06  1.550163246309022e+00 
 7.041439593708359e-08  0.000000000000000e+00  8.013247980315030e-01  5.090378261922321e-01  4.969655970083010e-01  1.200024786040101e+00 -1.689402339686771e-06  1.550163247789874e+00 
 7.041607023872696e-08  0.000000000000000e+00  8.016928140585370e-01  5.093117397789738e-01  4.969784635824993e-01  1.201699606983060e+00 -1.454782604388971e-06  1.550163249607108e+00 
 7.041776836498837e-08  0.000000000000000e+00  8.020505176229596e-01  5.095781344593296e-01  4.969913372840875e-01  1.202806879458596e+00 -1.205130873188805e-06  1.550163251695151e+00 
 7.041972429448838e-08  0.000000000000000e+00  8.024435753262709e-01  5.098708180420275e-01  4.970059432078591e-01  1.203540104115613e+00 -9.270323947981746e-07  1.550163254427682e+00 
 7.042186350713655e-08  0.000000000000000e+00  8.028508824910229e-01  5.101738143579804e-01  4.970216348408841e-01  1.203898538529765e+00 -6.514609253108899e-07  1.550163257847302e+00 
 7.042441705141539e-08  0.000000000000000e+00  8.033072591492842e-01  5.105125977584482e-01  4.970399472392402e-01  1.203971837918566e+00 -3.733827925031172e-07  1.550163262568510e+00 
 7.042734637692529e-08  0.000000000000000e+00  8.037924759504548e-01  5.108714914454378e-01  4.970603169443422e-01  1.203813297648994e+00 -1.260700876991316e-07  1.550163268920352e+00 
 7.043093727502194e-08  0.000000000000000e+00  8.043343091687603e-01  5.112700123701860e-01  4.970841510520435e-01  1.203480070175439e+00  8.024069159898867e-08  1.550163278218601e+00 
 7.043503813560300e-08  0.000000000000000e+00  8.048861302841733e-01  5.116726697354740e-01  4.971093658206509e-01  1.203059550173528e+00  2.042010234194411e-07  1.550163291115985e+00 
 7.043962882022359e-08  0.000000000000000e+00  8.054253131259090e-01  5.120623507174188e-01  4.971340716535312e-01  1.202617953211098e+00  2.298073784826743e-07  1.550163308810648e+00 
 7.044488338528485e-08  0.000000000000000e+00  8.059491857400959e-01  5.124374863197286e-01  4.971557762009394e-01  1.202180388118919e+00  1.532744248623069e-07  1.550163333884953e+00 
 7.045073321632828e-08  0.000000000000000e+00  8.064261387572635e-01  5.127778504591920e-01  4.971681339640063e-01  1.201776445710566e+00 -7.787885507705775e-09  1.550163368753714e+00 
 7.045683059436426e-08  0.000000000000000e+00  8.068156904240852e-01  5.130596571784090e-01  4.971629893767001e-01  1.201434126364042e+00 -1.886591689216274e-07  1.550163414056002e+00 
 7.046358125417166e-08  0.000000000000000e+00  8.071320926633184e-01  5.133014145313634e-01  4.971294713049343e-01  1.201130274408401e+00 -3.273522906008242e-07  1.550163476523855e+00 
 7.047083148832493e-08  0.000000000000000e+00  8.073511814329088e-01  5.134967556107454e-01  4.970536916447480e-01  1.200873653971474e+00 -3.835814583019303e-07  1.550163560214474e+00 
 7.047836457461803e-08  0.000000000000000e+00  8.074594048674059e-01  5.136461819823681e-01  4.969244001502126e-01  1.200667258836828e+00 -3.779946319071911e-07  1.550163668066589e+00 
 7.048612327025498e-08  0.000000000000000e+00  8.074557205006673e-01  5.137579312230894e-01  4.967319216587903e-01  1.200504680205828e+00 -3.491293934817889e-07  1.550163804555395e+00 
 7.049441724030220e-08  0.000000000000000e+00  8.073348994861089e-01  5.138433590363120e-01  4.964566153175125e-01  1.200373760592493e+00 -3.036587133320359e-07  1.550163982878453e+00 
 7.050335122617423e-08  0.000000000000000e+00  8.070802358133147e-01  5.139076085921718e-01  4.960817751494470e-01  1.200269862543852e+00 -2.000493688150305e-07  1.550164217375853e+00 
 7.050888187293506e-08  0.000000000000000e+00  8.068507155119695e-01  5.139362013340553e-01  4.958145231008034e-01  1.200221018791913e+00  2.986484961566525e-08  1.550164386497142e+00 
 7.051200852999342e-08  0.000000000000000e+00  8.066851446740665e-01  5.139492666097933e-01  4.956559353488498e-01  1.200197737246547e+00  3.986115345820662e-07  1.550164490733329e+00 
 7.051495672244985e-08  0.000000000000000e+00  8.064938747849099e-01  5.139598835704718e-01  4.955052224523919e-01  1.200178140762509e+00  8.959147146554713e-07  1.550164595066936e+00 
 7.051851769996887e-08  0.000000000000000e+00  8.062045405165337e-01  5.139707867238205e-01  4.953251739869668e-01  1.200157065796787e+00  1.440205566527030e-06  1.550164729287364e+00 
 7.052230993678673e-08  0.000000000000000e+00  8.058208929663560e-01  5.139803503457419e-01  4.951362311883232e-01  1.200137352986033e+00  1.601683266431227e-06  1.550164882491138e+00 
 7.052625537319835e-08  0.000000000000000e+00  8.053475002228783e-01  5.139883718108750e-01  4.949382903957323e-01  1.200119459989482e+00  1.054906237814290e-06  1.550165053573793e+00 
 7.053000223783007e-08  0.000000000000000e+00  8.048419352618700e-01  5.139944465095347e-01  4.947430269868436e-01  1.200104632947381e+00 -1.479851513379316e-08  1.550165227496162e+00 
 7.053428083679801e-08  0.000000000000000e+00  8.042150893494762e-01  5.139998486596852e-01  4.945042814244388e-01  1.200089926028182e+00 -1.403081855042791e-06  1.550165440287682e+00 
 7.053833937649968e-08  0.000000000000000e+00  8.035852294963730e-01  5.140036846633408e-01  4.942565843526437e-01  1.200077882189104e+00 -2.562966151253409e-06  1.550165656615388e+00 
 7.054299587814195e-08  0.000000000000000e+00  8.028331320743015e-01  5.140067708083288e-01  4.939405246626630e-01  1.200066016860058e+00 -3.515503505250456e-06  1.550165922855434e+00 
 7.054789221521463e-08  0.000000000000000e+00  8.020175127613538e-01  5.140086962349993e-01  4.935641852431646e-01  1.200055461087485e+00 -4.111218103515068e-06  1.550166224371898e+00 
 7.055382439634891e-08  0.000000000000000e+00  8.010006722778320e-01  5.140094369534615e-01  4.930361921967420e-01  1.200044864953990e+00 -4.458324331071267e-06  1.550166620496259e+00 
 7.056145166561505e-08  0.000000000000000e+00  7.996471726248108e-01  5.140081316201237e-01  4.922241507868767e-01  1.200034077152168e+00 -4.631201641276325e-06  1.550167181661992e+00 
 7.056900953357642e-08  0.000000000000000e+00  7.982540066624518e-01  5.140046219912353e-01  4.912658045180566e-01  1.200025894567727e+00 -4.627588885190281e-06  1.550167797674262e+00 
 7.057554018958704e-08  0.000000000000000e+00  7.970061976912450e-01  5.140000022560723e-01  4.903233584718971e-01  1.200020419997027e+00 -4.776126373585814e-06  1.550168379807624e+00 
 7.057977569581830e-08  0.000000000000000e+00  7.961753965538666e-01  5.139962909536132e-01  4.896661626841877e-01  1.200017523706595e+00 -7.891346817573679e-06  1.550168782713458e+00 
 7.058265748031012e-08  0.000000000000000e+00  7.956031688056913e-01  5.139934823213943e-01  4.892063742167126e-01  1.200015802781055e+00 -1.565721136957514e-05  1.550169068486588e+00 
 7.058549984333242e-08  0.000000000000000e+00  7.950362825046966e-01  5.139905183785424e-01  4.887501903140996e-01  1.200014274690022e+00 -2.860786052849909e-05  1.550169359747239e+00 
 7.058875163854155e-08  0.000000000000000e+00  7.943876970274063e-01  5.139869193575490e-01  4.882342268947070e-01  1.200012706025632e+00 -4.764797085001805e-05  1.550169704568848e+00 
 7.059273675307251e-08  0.000000000000000e+00  7.935961301753318e-01  5.139822361974963e-01  4.876265022264813e-01  1.200011011482247e+00 -7.399254886252329e-05  1.550170144262915e+00 
 7.059634068372401e-08  0.000000000000000e+00  7.928836182617121e-01  5.139777531240385e-01  4.871128631522533e-01  1.200009669879954e+00 -9.677116385120067e-05  1.550170558305047e+00 
 7.060062508070106e-08  0.000000000000000e+00  7.920445398906182e-01  5.139721494208317e-01  4.865551554501999e-01  1.200008280403513e+00 -1.163232107548795e-04  1.550171071036883e+00 
 7.060476982081909e-08  0.000000000000000e+00  7.912520481266504e-01  5.139665089403030e-01  4.860662446154594e-01  1.200007123394380e+00 -1.238472202313629e-04  1.550171588472581e+00 
 7.060967891874178e-08  0.000000000000000e+00  7.903571055113433e-01  5.139596489107117e-01  4.855366551264299e-01  1.200005955534325e+00 -1.183248578165656e-04  1.550172228853031e+00 
 7.061405566804113e-08  0.000000000000000e+00  7.896110362125980e-01  5.139534229235718e-01  4.850977762548930e-01  1.200005071918835e+00 -1.053072374519069e-04  1.550172825148942e+00 
 7.061901028563239e-08  0.000000000000000e+00  7.888279303755147e-01  5.139462544775983e-01  4.846299154444760e-01  1.200004219799395e+00 -9.138167627435094e-05  1.550173529227649e+00 
 7.062354947255008e-08  0.000000000000000e+00  7.881640563822502e-01  5.139395535595209e-01  4.842240183993484e-01  1.200003557402109e+00 -8.618369829763595e-05  1.550174201482293e+00 
 7.062876867899090e-08  0.000000000000000e+00  7.874556598278090e-01  5.139316571815151e-01  4.837805312597228e-01  1.200002914721455e+00 -9.049903487560367e-05  1.550175006720877e+00 
 7.063372034760263e-08  0.000000000000000e+00  7.868310058489340e-01  5.139239582316580e-01  4.833800433013265e-01  1.200002406386562e+00 -9.654243708736741e-05  1.550175802639778e+00 
 7.063948987915375e-08  0.000000000000000e+00  7.861549752089799e-01  5.139147328237130e-01  4.829353940466238e-01  1.200001917967851e+00 -9.335761228498971e-05  1.550176769242851e+00 
 7.064551325612436e-08  0.000000000000000e+00  7.855060282556062e-01  5.139048353593310e-01  4.824948805127708e-01  1.200001506156162e+00 -6.106624991787006e-05  1.550177823270299e+00 
 7.065241418608087e-08  0.000000000000000e+00  7.848324475368555e-01  5.138932082872216e-01  4.820193063352018e-01  1.200001131666227e+00  6.250135907631292e-05  1.550179086852732e+00 
 7.065754586514357e-08  0.000000000000000e+00  7.843756546827082e-01  5.138843708885096e-01  4.816843449099960e-01  1.200000907805466e+00  2.787355617227352e-04  1.550180064943220e+00 
 7.066211242865350e-08  0.000000000000000e+00  7.839929259702397e-01  5.138763540500190e-01  4.813968740871198e-01  1.200000739866633e+00  6.013526673832254e-04  1.550180962639827e+00 
 7.066767061377355e-08  0.000000000000000e+00  7.835387814888858e-01  5.138663506993775e-01  4.810534993958169e-01  1.200000567439528e+00  1.099597533698092e-03  1.550182089528697e+00 
 7.067273779752080e-08  0.000000000000000e+00  7.831159413563655e-01  5.138569389511253e-01  4.807384049510439e-01  1.200000436489983e+00  1.557742738811991e-03  1.550183149205585e+00 
 7.067790246469163e-08  0.000000000000000e+00  7.826602661496831e-01  5.138470297923844e-01  4.804074132364267e-01  1.200000326342008e+00  1.970489317926808e-03  1.550184260486400e+00 
 7.068402090881117e-08  0.000000000000000e+00  7.820868695727765e-01  5.138349364014088e-01  4.799994202781286e-01  1.200000223581795e+00  2.345496924886377e-03  1.550185616933633e+00 
 7.068986316586880e-08  0.000000000000000e+00  7.815230815874844e-01  5.138231594145131e-01  4.795995252493473e-01  1.200000148511397e+00  2.579902831882074e-03  1.550186951682511e+00 
 7.069605705358835e-08  0.000000000000000e+00  7.809336687226018e-01  5.138105736532702e-01  4.791754780002945e-01  1.200000085292930e+00  2.726936150350005e-03  1.550188407800662e+00 
 7.070174670938092e-08  0.000000000000000e+00  7.804163639554696e-01  5.137989990743803e-01  4.787943148726103e-01  1.200000036209741e+00  2.813729467344692e-03  1.550189781548217e+00 
 7.070910541405474e-08  0.000000000000000e+00  7.797941891389126e-01  5.137840490979431e-01  4.783214469512329e-01  1.199999981047869e+00  2.860629464886139e-03  1.550191607700687e+00 
 7.071614521122408e-08  0.000000000000000e+00  7.792491853689688e-01  5.137697506539407e-01  4.778925628045873e-01  1.199999936759249e+00  2.550961195646366e-03  1.550193404831914e+00 
 7.072378339791525e-08  0.000000000000000e+00  7.787077634726017e-01  5.137542011716907e-01  4.774520576829068e-01  1.199999898481385e+00  1.280384315980747e-03  1.550195407449376e+00 
 7.073041970808387e-08  0.000000000000000e+00  7.782736604522622e-01  5.137406340943999e-01  4.770882773687546e-01  1.199999873064762e+00 -1.229216946962484e-03  1.550197189767435e+00 
 7.073604843172453e-08  0.000000000000000e+00  7.779275493098431e-01  5.137290706236498e-01  4.767920311690395e-01  1.199999856406186e+00 -4.870547794129216e-03  1.550198730819860e+00 
 7.074134139072433e-08  0.000000000000000e+00  7.776167708097249e-01  5.137181401894910e-01  4.765228929614655e-01  1.199999843990395e+00 -9.943114769701266e-03  1.550200203249173e+00 
 7.074700202538053e-08  0.000000000000000e+00  7.772954108777259e-01  5.137063791376479e-01  4.762450732847917e-01  1.199999833314033e+00 -1.747363028278756e-02  1.550201801579906e+00 
 7.075301218234731e-08  0.000000000000000e+00  7.769595950755741e-01  5.136937945448020e-01  4.759617622180566e-01  1.199999824093540e+00 -2.775418824352207e-02  1.550203523741926e+00 
 7.075959436943074e-08  0.000000000000000e+00  7.765915285891053e-01  5.136798892895276e-01  4.756643973864023e-01  1.199999816391783e+00 -4.129645392158349e-02  1.550205437500151e+00 
 7.076614615527931e-08  0.000000000000000e+00  7.762257814309474e-01  5.136659469787599e-01  4.753782768037487e-01  1.199999811491908e+00 -5.729786058097698e-02  1.550207369015513e+00 
 7.077149462625084e-08  0.000000000000000e+00  7.759316964359728e-01  5.136545197578123e-01  4.751481339752973e-01  1.199999809079899e+00 -7.266766236612508e-02  1.550208964011347e+00 
 7.077653370661349e-08  0.000000000000000e+00  7.756619819847995e-01  5.136437378449799e-01  4.749306252128218e-01  1.199999807268199e+00 -8.905657434260682e-02  1.550210480532034e+00 
 7.078233922288165e-08  0.000000000000000e+00  7.753645910896149e-01  5.136313187832104e-01  4.746749577732283e-01  1.199999805113295e+00 -1.087285200674976e-01  1.550212242790479e+00 
 7.078643291033684e-08  0.000000000000000e+00  7.751659326137132e-01  5.136225734167540e-01  4.744891128164391e-01  1.199999803569508e+00 -1.215400752392777e-01  1.550213494401880e+00 
 7.078981491485768e-08  0.000000000000000e+00  7.750099140733306e-01  5.136153600123561e-01  4.743314481385452e-01  1.199999802240034e+00 -1.300683041845193e-01  1.550214533580262e+00 
 7.079286118139858e-08  0.000000000000000e+00  7.748762645408583e-01  5.136088732776477e-01  4.741865055017948e-01  1.199999800977830e+00 -1.348859533484352e-01  1.550215473293102e+00 
 7.079589002240776e-08  0.000000000000000e+00  7.747502192928333e-01  5.136024342158687e-01  4.740404429504821e-01  1.199999799685239e+00 -1.356423765620466e-01  1.550216410846746e+00 
 7.079910695053872e-08  0.000000000000000e+00  7.746240674692787e-01  5.135956068736822e-01  4.738845468015135e-01  1.199999798316605e+00 -1.305328435469794e-01  1.550217409862736e+00 
 7.080258825255000e-08  0.000000000000000e+00  7.744966376113960e-01  5.135882313064478e-01  4.737169961692177e-01  1.199999796883268e+00 -1.167290178893043e-01  1.550218494422750e+00 
 7.080640079542036e-08  0.000000000000000e+00  7.743678982516411e-01  5.135801680129044e-01  4.735376799812788e-01  1.199999795408503e+00 -9.124831031466493e-02  1.550219685878641e+00 
 7.081047186382221e-08  0.000000000000000e+00  7.742425990533283e-01  5.135715717668954e-01  4.733542212480759e-01  1.199999793957364e+00 -5.306185901799693e-02  1.550220961904099e+00 
 7.081385860234435e-08  0.000000000000000e+00  7.741474688335994e-01  5.135644288849130e-01  4.732098872690875e-01  1.199999792832317e+00 -1.403252030341202e-02  1.550222026057050e+00 
 7.081711246945083e-08  0.000000000000000e+00  7.740633541420725e-01  5.135575711063414e-01  4.730794935129710e-01  1.199999791839168e+00  2.822166479314670e-02  1.550223050395334e+00 
 7.082060335388375e-08  0.000000000000000e+00  7.739804334006246e-01  5.135502167302871e-01  4.729493576700742e-01  1.199999790903236e+00  7.719540826244241e-02  1.550224151121799e+00 
 7.082434096631354e-08  0.000000000000000e+00  7.738993395132984e-01  5.135423436289381e-01  4.728216113303134e-01  1.199999790080676e+00  1.323506806941205e-01  1.550225331294474e+00 
 7.082838623968351e-08  0.000000000000000e+00  7.738197671483513e-01  5.135338218291917e-01  4.726968927927636e-01  1.199999789422572e+00  1.939091338207146e-01  1.550226610062139e+00 
 7.083298516414394e-08  0.000000000000000e+00  7.737388232829434e-01  5.135241317713578e-01  4.725717623357054e-01  1.199999788955659e+00  2.650059671936505e-01  1.550228065021037e+00 
 7.083820115708585e-08  0.000000000000000e+00  7.736583625639593e-01  5.135131388845648e-01  4.724501446603731e-01  1.199999788701970e+00  3.458473469769326e-01  1.550229715786384e+00 
 7.084410686936155e-08  0.000000000000000e+00  7.735806743854496e-01  5.135006895348587e-01  4.723363012425344e-01  1.199999788608348e+00  4.361735612773682e-01  1.550231584263232e+00 
 7.085023201576689e-08  0.000000000000000e+00  7.735137523952863e-01  5.134877746911450e-01  4.722419992660295e-01  1.199999788576905e+00  5.267012478900617e-01  1.550233519970684e+00 
 7.085625319644067e-08  0.000000000000000e+00  7.734600274300146e-01  5.134750759714313e-01  4.721696977402599e-01  1.199999788541736e+00  6.115330338209070e-01  1.550235419079211e+00 
 7.086253767025686e-08  0.000000000000000e+00  7.734150504712010e-01  5.134618183364221e-01  4.721123605882313e-01  1.199999788495006e+00  6.949921669924645e-01  1.550237395560160e+00 
 7.086972359391455e-08  0.000000000000000e+00  7.733753323548568e-01  5.134466540552289e-01  4.720652363793688e-01  1.199999788447110e+00  7.826403214076679e-01  1.550239646166141e+00 
 7.087735202882894e-08  0.000000000000000e+00  7.733443515026647e-01  5.134305498982674e-01  4.720322851004061e-01  1.199999788412822e+00  8.647764828299557e-01  1.550242021710100e+00 
 7.088470020057389e-08  0.000000000000000e+00  7.733232090949834e-01  5.134150318050165e-01  4.720135054269712e-01  1.199999788400618e+00  9.323311720118928e-01  1.550244294109119e+00 
 7.089274686756443e-08  0.000000000000000e+00  7.733076087974919e-01  5.133980338121753e-01  4.720039003905772e-01  1.199999788411960e+00  9.934835588268160e-01  1.550246761586980e+00 
 7.090062099877954e-08  0.000000000000000e+00  7.732982436938236e-01  5.133813977839716e-01  4.720028347203473e-01  1.199999788433827e+00  1.041517975891918e+00  1.550249152075734e+00 
 7.090856194957826e-08  0.000000000000000e+00  7.732932877280345e-01  5.133646208463045e-01  4.720079220865724e-01  1.199999788444905e+00  1.079756621787316e+00  1.550251535850896e+00 
 7.091745083235196e-08  0.000000000000000e+00  7.732916545074895e-01  5.133458449752516e-01  4.720188656040418e-01  1.199999788427837e+00  1.112566512650291e+00  1.550254168519250e+00 
 7.092566249728734e-08  0.000000000000000e+00  7.732928306125986e-01  5.133285059162107e-01  4.720325348371467e-01  1.199999788385537e+00  1.135300640738633e+00  1.550256564213127e+00 
 7.093487488373668e-08  0.000000000000000e+00  7.732962549705669e-01  5.133090643470591e-01  4.720506565695046e-01  1.199999788319462e+00  1.154164138419159e+00  1.550259206722186e+00 
 7.094396107791413e-08  0.000000000000000e+00  7.733011172010755e-01  5.132899029554602e-01  4.720705143854127e-01  1.199999788245199e+00  1.167555610837259e+00  1.550261762985638e+00 
 7.095431162316862e-08  0.000000000000000e+00  7.733077988858146e-01  5.132680955435248e-01  4.720946970818715e-01  1.199999788157424e+00  1.178267502006013e+00  1.550264610267136e+00 
 7.096513119593675e-08  0.000000000000000e+00  7.733155824924124e-01  5.132453265112187e-01  4.721211104546214e-01  1.199999788067313e+00  1.185814629524899e+00  1.550267508546286e+00 
 7.097766822069037e-08  0.000000000000000e+00  7.733251586279543e-01  5.132189812790561e-01  4.721525706738588e-01  1.199999787970797e+00  1.191456915695509e+00  1.550270761434042e+00 
 7.099141500213717e-08  0.000000000000000e+00  7.733359757218776e-01  5.131901451057668e-01  4.721876421298390e-01  1.199999787879648e+00  1.195194955554032e+00  1.550274191490677e+00 
 7.100772654110072e-08  0.000000000000000e+00  7.733489101871242e-01  5.131560036826072e-01  4.722296059906952e-01  1.199999787794318e+00  1.197672027158610e+00  1.550278067210570e+00 
 7.102654188247255e-08  0.000000000000000e+00  7.733637047281788e-01  5.131167284548777e-01  4.722781364044900e-01  1.199999787724734e+00  1.199085981603482e+00  1.550282265397714e+00 
 7.104982116735188e-08  0.000000000000000e+00  7.733816116967205e-01  5.130683019877310e-01  4.723380704104729e-01  1.199999787671346e+00  1.199813188217093e+00  1.550287042252120e+00 
 7.107865308572892e-08  0.000000000000000e+00  7.734030339277310e-01  5.130085923627190e-01  4.724118984225584e-01  1.199999787637124e+00  1.200079088717788e+00  1.550292304989173e+00 
 7.111736104040546e-08  0.000000000000000e+00  7.734303969115832e-01  5.129289161207371e-01  4.725101107366005e-01  1.199999787618272e+00  1.200108977752059e+00  1.550298229723368e+00 
 7.117197576708446e-08  0.000000000000000e+00  7.734663200016459e-01  5.128174848226000e-01  4.726467052202926e-01  1.199999787610085e+00  1.200054426607133e+00  1.550304429794869e+00 
 7.123478913543556e-08  0.000000000000000e+00  7.735039662636012e-01  5.126908004585234e-01  4.728007815299495e-01  1.199999787607823e+00  1.200012796401942e+00  1.550308647840337e+00 
 7.130947078115535e-08  0.000000000000000e+00  7.735440838205694e-01  5.125422800260409e-01  4.729796781924684e-01  1.199999787605630e+00  1.199998241982027e+00  1.550310089262124e+00 
 7.139654027953755e-08  0.000000000000000e+00  7.735852855381558e-01  5.123720358255295e-01  4.731824623651453e-01  1.199999787602875e+00  1.199997404895899e+00  1.550307726735608e+00 
 7.150548408419289e-08  0.000000000000000e+00  7.736297896920801e-01  5.121634288435515e-01  4.734278679826341e-01  1.199999787600246e+00  1.199999046097844e+00  1.550300196682501e+00 
 7.164612422838414e-08  0.000000000000000e+00  7.736780674839346e-01  5.119012524529055e-01  4.737321088265681e-01  1.199999787598626e+00  1.199999815702773e+00  1.550285685130441e+00 
 7.184612422838414e-08  0.000000000000000e+00  7.737336472094168e-01  5.115417371117240e-01  4.741431089952779e-01  1.199999787597749e+00  1.199999888669543e+00  1.550260966491487e+00 
 7.204612422838414e-08  0.000000000000000e+00  7.737780694037453e-01  5.111970935851716e-01  4.745315370847576e-01  1.199999787597236e+00  1.199999834254940e+00  1.550235673223050e+00 
 7.224612422838414e-08  0.000000000000000e+00  7.738146106412477e-01  5.108664278022593e-01  4.748999837348408e-01  1.199999787596687e+00  1.199999818147573e+00  1.550212564940993e+00 
 7.244612422838414e-08  0.000000000000000e+00  7.738455777008793e-01  5.105488325219022e-01  4.752506136682438e-01  1.199999787596618e+00  1.199999817609858e+00  1.550192983533507e+00 
 7.264612422838414e-08  0.000000000000000e+00  7.738725357041150e-01  5.102434399732305e-01  4.755852109886528e-01  1.199999787596691e+00  1.199999818384516e+00  1.550177274774967e+00 
 7.284612422838415e-08  0.000000000000000e+00  7.738965370716637e-01  5.099494419817557e-01  4.759052614843176e-01  1.199999787596547e+00  1.199999818581525e+00  1.550165205475913e+00 
 7.304612422838415e-08  0.000000000000000e+00  7.739182936828113e-01  5.096660949170112e-01  4.762120227700629e-01  1.199999787596569e+00  1.199999818579394e+00  1.550156268884768e+00 
 7.324612422838415e-08  0.000000000000000e+00  7.739382943188480e-01  5.093927182571126e-01  4.765065754349883e-01  1.199999787596485e+00  1.199999818566823e+00  1.550149876195701e+00 
 7.344612422838415e-08  0.000000000000000e+00  7.739568816316424e-01  5.091286906157110e-01  4.767898592589234e-01  1.199999787596411e+00  1.199999818563832e+00  1.550145462240402e+00 
 7.364612422838415e-08  0.000000000000000e+00  7.739743017810629e-01  5.088734448819686e-01  4.770626993572873e-01  1.199999787596491e+00  1.199999818563554e+00  1.550142534991955e+00 
 7.384612422838415e-08  0.000000000000000e+00  7.739907363135705e-01  5.086264632118224e-01  4.773258257151628e-01  1.199999787596443e+00  1.199999818563731e+00  1.550140691684497e+00 
 7.404612422838416e-08  0.000000000000000e+00  7.740063226993816e-01  5.083872722049552e-01  4.775798882715001e-01  1.199999787596436e+00  1.199999818563609e+00  1.550139616896253e+00 
 7.424612422838416e-08  0.000000000000000e+00  7.740211676793647e-01  5.081554384210802e-01  4.778254688751887e-01  1.199999787596341e+00  1.199999818563528e+00  1.550139072119345e+00 
 7.444612422838416e-08  0.000000000000000e+00  7.740353560586346e-01  5.079305642916452e-01  4.780630909490173e-01  1.199999787596455e+00  1.199999818563292e+00  1.550138882348323e+00 
 7.464612422838416e-08  0.000000000000000e+00  7.740489566043114e-01  5.077122844380603e-01  4.782932274165128e-01  1.199999787596515e+00  1.199999818563193e+00  1.550138922672288e+00 
 7.484612422838416e-08  0.000000000000000e+00  7.740620260839273e-01  5.075002623823269e-01  4.785163072801498e-01  1.199999787596552e+00  1.199999818563159e+00  1.550139106308875e+00 
 7.504612422838417e-08  0.000000000000000e+00  7.740746120926284e-01  5.072941876200889e-01  4.787327211303058e-01  1.199999787596515e+00  1.199999818562949e+00  1.550139374622371e+00 
 7.524612422838417e-08  0.000000000000000e+00  7.740867550766984e-01  5.070937730250524e-01  4.789428257947454e-01  1.199999787596407e+00  1.199999818562978e+00  1.550139689179605e+00 
 7.544612422838417e-08  0.000000000000000e+00  7.740984898130701e-01  5.068987525471910e-01  4.791469482912196e-01  1.199999787596516e+00  1.199999818562886e+00  1.550140025654476e+00 
 7.564612422838417e-08  0.000000000000000e+00  7.741098465120270e-01  5.067088791769785e-01  4.793453892047012e-01  1.199999787596411e+00  1.199999818562767e+00  1.550140369294032e+00 
 7.584612422838417e-08  0.000000000000000e+00  7.741208516539935e-01  5.065239231372787e-01  4.795384255902523e-01  1.199999787596263e+00  1.199999818562643e+00  1.550140711640597e+00 
 7.604612422838417e-08  0.000000000000000e+00  7.741315286344413e-01  5.063436702817953e-01  4.797263134809328e-01  1.199999787596347e+00  1.199999818562592e+00  1.550141048226940e+00 
 7.624612422838418e-08  0.000000000000000e+00  7.741418982681119e-01  5.061679206709765e-01  4.799092900623647e-01  1.199999787596432e+00  1.199999818562553e+00  1.550141377002004e+00 
 7.644612422838418e-08  0.000000000000000e+00  7.741519791885069e-01  5.059964873038709e-01  4.800875755676470e-01  1.199999787596447e+00  1.199999818562518e+00  1.550141697289552e+00 
 7.664612422838418e-08  0.000000000000000e+00  7.741617881679941e-01  5.058291949891257e-01  4.802613749356531e-01  1.199999787596388e+00  1.199999818562416e+00  1.550142009125048e+00 
 7.684612422838418e-08  0.000000000000000e+00  7.741713403773706e-01  5.056658793344123e-01  4.804308792655804e-01  1.199999787596449e+00  1.199999818562608e+00  1.550142312853224e+00 
 7.704612422838418e-08  0.000000000000000e+00  7.741806495985445e-01  5.055063858431340e-01  4.805962671000230e-01  1.199999787596437e+00  1.199999818562404e+00  1.550142608899854e+00 
 7.724612422838419e-08  0.000000000000000e+00  7.741897284004942e-01  5.053505691031167e-01  4.807577055583410e-01  1.199999787596298e+00  1.199999818562369e+00  1.550142897655538e+00 
 7.744612422838419e-08  0.000000000000000e+00  7.741985882862945e-01  5.051982920571344e-01  4.809153513430775e-01  1.199999787596406e+00  1.199999818562182e+00  1.550143179428165e+00 
 7.764612422838419e-08  0.000000000000000e+00  7.742072398170512e-01  5.050494253464446e-01  4.810693516343906e-01  1.199999787596326e+00  1.199999818562188e+00  1.550143454434791e+00 
 7.784612422838419e-08  0.000000000000000e+00  7.742156927172651e-01  5.049038467178858e-01  4.812198448888934e-01  1.199999787596355e+00  1.199999818562171e+00  1.550143722813858e+00 
 7.804612422838419e-08  0.000000000000000e+00  7.742239559650039e-01  5.047614404873370e-01  4.813669615537686e-01  1.199999787596376e+00  1.199999818562152e+00  1.550143984645763e+00 
 7.824612422838419e-08  0.000000000000000e+00  7.742320378697769e-01  5.046220970537920e-01  4.815108247084526e-01  1.199999787596492e+00  1.199999818562048e+00  1.550144239974762e+00 
 7.844612422838420e-08  0.000000000000000e+00  7.742399461401204e-01  5.044857124570403e-01  4.816515506415395e-01  1.199999787596504e+00  1.199999818561981e+00  1.550144488828585e+00 
 7.864612422838420e-08  0.000000000000000e+00  7.742476879424237e-01  5.043521879766933e-01  4.817892493707007e-01  1.199999787596504e+00  1.199999818561977e+00  1.550144731234044e+00 
 7.884612422838420e-08  0.000000000000000e+00  7.742552699527759e-01  5.042214297665640e-01  4.819240251123215e-01  1.199999787596411e+00  1.199999818561849e+00  1.550144967228306e+00 
 7.904612422838420e-08  0.000000000000000e+00  7.742626984024910e-01  5.040933485198578e-01  4.820559767080174e-01  1.199999787596374e+00  1.199999818562004e+00  1.550145196866066e+00 
 7.924612422838420e-08  0.000000000000000e+00  7.742699791184916e-01  5.039678591639336e-01  4.821851980109703e-01  1.199999787596464e+00  1.199999818561900e+00  1.550145420223386e+00 
 7.944612422838421e-08  0.000000000000000e+00  7.742771175590915e-01  5.038448805806411e-01  4.823117782368389e-01  1.199999787596441e+00  1.199999818562068e+00  1.550145637398830e+00 
 7.964612422838421e-08  0.000000000000000e+00  7.742841188458432e-01  5.037243353496678e-01  4.824358022849154e-01  1.199999787596425e+00  1.199999818561807e+00  1.550145848512740e+00 
 7.984612422838421e-08  0.000000000000000e+00  7.742909877921239e-01  5.036061495124865e-01  4.825573510300721e-01  1.199999787596435e+00  1.199999818561787e+00  1.550146053705176e+00 
 8.004612422838421e-08  0.000000000000000e+00  7.742977289285567e-01  5.034902523562297e-01  4.826765015897443e-01  1.199999787596417e+00  1.199999818561572e+00  1.550146253133135e+00 
 8.024612422838421e-08  0.000000000000000e+00  7.743043465259969e-01  5.033765762135739e-01  4.827933275693035e-01  1.199999787596536e+00  1.199999818561642e+00  1.550146446967411e+00 
 8.044612422838421e-08  0.000000000000000e+00  7.743108446160578e-01  5.032650562787290e-01  4.829078992864720e-01  1.199999787596500e+00  1.199999818561730e+00  1.550146635389427e+00 
 8.064612422838422e-08  0.000000000000000e+00  7.743172270097595e-01  5.031556304374170e-01  4.830202839778263e-01  1.199999787596446e+00  1.199999818561502e+00  1.550146818588166e+00 
 8.084612422838422e-08  0.000000000000000e+00  7.743234973142785e-01  5.030482391102482e-01  4.831305459889551e-01  1.199999787596451e+00  1.199999818561513e+00  1.550146996757439e+00 
 8.104612422838422e-08  0.000000000000000e+00  7.743296589481699e-01  5.029428251063459e-01  4.832387469487875e-01  1.199999787596531e+00  1.199999818561553e+00  1.550147170093418e+00 
 8.124612422838422e-08  0.000000000000000e+00  7.743357151551479e-01  5.028393334898105e-01  4.833449459314157e-01  1.199999787596512e+00  1.199999818561527e+00  1.550147338792558e+00 
 8.144612422838422e-08  0.000000000000000e+00  7.743416690165963e-01  5.027377114539153e-01  4.834491996046925e-01  1.199999787596425e+00  1.199999818561401e+00  1.550147503049892e+00 
 8.164612422838422e-08  0.000000000000000e+00  7.743475234630232e-01  5.026379082052500e-01  4.835515623688424e-01  1.199999787596484e+00  1.199999818561276e+00  1.550147663057590e+00 
 8.184612422838423e-08  0.000000000000000e+00  7.743532812843840e-01  5.025398748564642e-01  4.836520864834477e-01  1.199999787596434e+00  1.199999818561373e+00  1.550147819003934e+00 
 8.204612422838423e-08  0.000000000000000e+00  7.743589451396630e-01  5.024435643255782e-01  4.837508221859906e-01  1.199999787596435e+00  1.199999818561384e+00  1.550147971072459e+00 
 8.224612422838423e-08  0.000000000000000e+00  7.743645175654754e-01  5.023489312425110e-01  4.838478178018638e-01  1.199999787596412e+00  1.199999818561304e+00  1.550148119441326e+00 
 8.244612422838423e-08  0.000000000000000e+00  7.743700009841198e-01  5.022559318627297e-01  4.839431198462822e-01  1.199999787596448e+00  1.199999818561239e+00  1.550148264282917e+00 
 8.264612422838423e-08  0.000000000000000e+00  7.743753977108099e-01  5.021645239851831e-01  4.840367731193701e-01  1.199999787596425e+00  1.199999818561114e+00  1.550148405763538e+00 
 8.284612422838424e-08  0.000000000000000e+00  7.743807099604200e-01  5.020746668766585e-01  4.841288207940709e-01  1.199999787596528e+00  1.199999818561069e+00  1.550148544043265e+00 
 8.304612422838424e-08  0.000000000000000e+00  7.743859398536995e-01  5.019863212018260e-01  4.842193044990218e-01  1.199999787596493e+00  1.199999818561334e+00  1.550148679275881e+00 
 8.324612422838424e-08  0.000000000000000e+00  7.743910894229259e-01  5.018994489558052e-01  4.843082643953690e-01  1.199999787596492e+00  1.199999818561240e+00  1.550148811608852e+00 
 8.344612422838424e-08  0.000000000000000e+00  7.743961606172070e-01  5.018140134026979e-01  4.843957392481915e-01  1.199999787596476e+00  1.199999818561001e+00  1.550148941183398e+00 
 8.364612422838424e-08  0.000000000000000e+00  7.744011553073512e-01  5.017299790174580e-01  4.844817664942734e-01  1.199999787596424e+00  1.199999818561016e+00  1.550149068134548e+00 
 8.384612422838424e-08  0.000000000000000e+00  7.744060752903308e-01  5.016473114309183e-01  4.845663823038168e-01  1.199999787596342e+00  1.199999818561154e+00  1.550149192591317e+00 
 8.404612422838425e-08  0.000000000000000e+00  7.744109222934936e-01  5.015659773789346e-01  4.846496216402588e-01  1.199999787596496e+00  1.199999818560850e+00  1.550149314676805e+00 
 8.424612422838425e-08  0.000000000000000e+00  7.744156979784588e-01  5.014859446537672e-01  4.847315183149518e-01  1.199999787596447e+00  1.199999818560820e+00  1.550149434508326e+00 
 8.444612422838425e-08  0.000000000000000e+00  7.744204039446301e-01  5.014071820595537e-01  4.848121050392212e-01  1.199999787596423e+00  1.199999818560875e+00  1.550149552197597e+00 
 8.464612422838425e-08  0.000000000000000e+00  7.744250417326330e-01  5.013296593691010e-01  4.848914134724993e-01  1.199999787596474e+00  1.199999818560850e+00  1.550149667850883e+00 
 8.484612422838425e-08  0.000000000000000e+00  7.744296128273906e-01  5.012533472835724e-01  4.849694742684973e-01  1.199999787596453e+00  1.199999818560916e+00  1.550149781569210e+00 
 8.504612422838426e-08  0.000000000000000e+00  7.744341186610543e-01  5.011782173953151e-01  4.850463171177954e-01  1.199999787596504e+00  1.199999818560882e+00  1.550149893448429e+00 
 8.524612422838426e-08  0.000000000000000e+00  7.744385606156768e-01  5.011042421513069e-01  4.851219707889607e-01  1.199999787596477e+00  1.199999818560941e+00  1.550150003579497e+00 
 8.544612422838426e-08  0.000000000000000e+00  7.744429400258039e-01  5.010313948194418e-01  4.851964631662035e-01  1.199999787596411e+00  1.199999818560792e+00  1.550150112048529e+00 
 8.564612422838426e-08  0.000000000000000e+00  7.744472581807721e-01  5.009596494570134e-01  4.852698212855791e-01  1.199999787596376e+00  1.199999818560591e+00  1.550150218937092e+00 
 8.584612422838426e-08  0.000000000000000e+00  7.744515163269939e-01  5.008889808804775e-01  4.853420713689799e-01  1.199999787596437e+00  1.199999818560568e+00  1.550150324322267e+00 
 8.604612422838426e-08  0.000000000000000e+00  7.744557156700081e-01  5.008193646364721e-01  4.854132388563379e-01  1.199999787596442e+00  1.199999818560491e+00  1.550150428276872e+00 
 8.624612422838427e-08  0.000000000000000e+00  7.744598573763765e-01  5.007507769742966e-01  4.854833484366540e-01  1.199999787596337e+00  1.199999818560584e+00  1.550150530869594e+00 
 8.644612422838427e-08  0.000000000000000e+00  7.744639425756336e-01  5.006831948210602e-01  4.855524240756253e-01  1.199999787596348e+00  1.199999818560546e+00  1.550150632165166e+00 
 8.664612422838427e-08  0.000000000000000e+00  7.744679723619146e-01  5.006165957566554e-01  4.856204890439865e-01  1.199999787596389e+00  1.199999818560342e+00  1.550150732224542e+00 
 8.684612422838427e-08  0.000000000000000e+00  7.744719477955534e-01  5.005509579903216e-01  4.856875659432172e-01  1.199999787596416e+00  1.199999818560400e+00  1.550150831105019e+00 
 8.704612422838427e-08  0.000000000000000e+00  7.744758699046507e-01  5.004862603388385e-01  4.857536767298458e-01  1.199999787596460e+00  1.199999818560447e+00  1.550150928860431e+00 
 8.724612422838427e-08  0.000000000000000e+00  7.744797396865026e-01  5.004224822054943e-01  4.858188427388128e-01  1.199999787596508e+00  1.199999818560509e+00  1.550151025541314e+00 
 8.744612422838428e-08  0.000000000000000e+00  7.744835581089354e-01  5.003596035594048e-01  4.858830847064808e-01  1.199999787596479e+00  1.199999818560394e+00  1.550151121195033e+00 
 8.764612422838428e-08  0.000000000000000e+00  7.744873261115578e-01  5.002976049169534e-01  4.859464227906568e-01  1.199999787596435e+00  1.199999818560231e+00  1.550151215865932e+00 
 8.784612422838428e-08  0.000000000000000e+00  7.744910446069947e-01  5.002364673237135e-01  4.860088765919103e-01  1.199999787596561e+00  1.199999818560401e+00  1.550151309595508e+00 
 8.804612422838428e-08  0.000000000000000e+00  7.744947144820005e-01  5.001761723356459e-01  4.860704651718796e-01  1.199999787596454e+00  1.199999818560498e+00  1.550151402422583e+00 
 8.824612422838428e-08  0.000000000000000e+00  7.744983365985643e-01  5.001167020040731e-01  4.861312070719652e-01  1.199999787596554e+00  1.199999818560346e+00  1.550151494383361e+00 
 8.844612422838429e-08  0.000000000000000e+00  7.745019117948632e-01  5.000580388588515e-01  4.861911203307681e-01  1.199999787596507e+00  1.199999818560222e+00  1.550151585511643e+00 
 8.864612422838429e-08  0.000000000000000e+00  7.745054408862618e-01  5.000001658928021e-01  4.862502225007679e-01  1.199999787596424e+00  1.199999818560054e+00  1.550151675838958e+00 
 8.884612422838429e-08  0.000000000000000e+00  7.745089246662629e-01  4.999430665475798e-01  4.863085306644529e-01  1.199999787596390e+00  1.199999818560178e+00  1.550151765394671e+00 
 8.904612422838429e-08  0.000000000000000e+00  7.745123639072595e-01  4.998867246995194e-01  4.863660614495566e-01  1.199999787596458e+00  1.199999818559961e+00  1.550151854206103e+00 
 8.924612422838429e-08  0.000000000000000e+00  7.745157593614658e-01  4.998311246460814e-01  4.864228310438936e-01  1.199999787596458e+00  1.199999818560183e+00  1.550151942298686e+00 
 8.944612422838429e-08  0.000000000000000e+00  7.745191117616180e-01  4.997762510928986e-01  4.864788552087625e-01  1.199999787596443e+00  1.199999818559971e+00  1.550152029696079e+00 
 8.964612422838430e-08  0.000000000000000e+00  7.745224218217277e-01  4.997220891410037e-01  4.865341492927980e-01  1.199999787596520e+00  1.199999818560039e+00  1.550152116420264e+00 
 8.984612422838430e-08  0.000000000000000e+00  7.745256902378050e-01  4.996686242760708e-01  4.865887282445228e-01  1.199999787596536e+00  1.199999818559934e+00  1.550152202491653e+00 
 9.004612422838430e-08  0.000000000000000e+00  7.745289176884897e-01  4.996158423551088e-01  4.866426066257133e-01  1.199999787596471e+00  1.199999818559793e+00  1.550152287929209e+00 
 9.024612422838430e-08  0.000000000000000e+00  7.745321048357265e-01  4.995637295969272e-01  4.866957986224876e-01  1.199999787596437e+00  1.199999818559828e+00  1.550152372750506e+00 
 9.044612422838430e-08  0.000000000000000e+00  7.745352523253425e-01  4.995122725707506e-01  4.867483180564303e-01  1.199999787596373e+00  1.199999818559812e+00  1.550152456971905e+00 
 9.064612422838431e-08  0.000000000000000e+00  7.745383607876324e-01  4.994614581861219e-01  4.868001783964074e-01  1.199999787596490e+00  1.199999818559694e+00  1.550152540608550e+00 
 9.084612422838431e-08  0.000000000000000e+00  7.745414308378830e-01  4.994112736830432e-01  4.868513927683891e-01  1.199999787596483e+00  1.199999818559614e+00  1.550152623674511e+00 
 9.104612422838431e-08  0.000000000000000e+00  7.745444630769118e-01  4.993617066224164e-01  4.869019739660498e-01  1.199999787596359e+00  1.199999818559733e+00  1.550152706182844e+00 
 9.124612422838431e-08  0.000000000000000e+00  7.745474580915632e-01  4.993127448770596e-01  4.869519344604910e-01  1.199999787596473e+00  1.199999818559680e+00  1.550152788145646e+00 
 9.144612422838431e-08  0.000000000000000e+00  7.745504164552202e-01  4.992643766219845e-01  4.870012864094371e-01  1.199999787596436e+00  1.199999818559800e+00  1.550152869574150e+00 
 9.164612422838431e-08  0.000000000000000e+00  7.745533387281799e-01  4.992165903269165e-01  4.870500416668666e-01  1.199999787596481e+00  1.199999818559631e+00  1.550152950478768e+00 
 9.184612422838432e-08  0.000000000000000e+00  7.745562254581506e-01  4.991693747471604e-01  4.870982117911309e-01  1.199999787596438e+00  1.199999818559381e+00  1.550153030869179e+00 
 9.204612422838432e-08  0.000000000000000e+00  7.745590771806387e-01  4.991227189162074e-01  4.871458080540468e-01  1.199999787596478e+00  1.199999818559379e+00  1.550153110754356e+00 
 9.224612422838432e-08  0.000000000000000e+00  7.745618944193788e-01  4.990766121374137e-01  4.871928414484519e-01  1.199999787596422e+00  1.199999818559532e+00  1.550153190142614e+00 
 9.244612422838432e-08  0.000000000000000e+00  7.745646776866577e-01  4.990310439766880e-01  4.872393226963856e-01  1.199999787596319e+00  1.199999818559552e+00  1.550153269041680e+00 
 9.264612422838432e-08  0.000000000000000e+00  7.745674274837377e-01  4.989860042557765e-01  4.872852622571101e-01  1.199999787596483e+00  1.199999818559512e+00  1.550153347458717e+00 
 9.284612422838433e-08  0.000000000000000e+00  7.745701443011384e-01  4.989414830443392e-01  4.873306703338451e-01  1.199999787596431e+00  1.199999818559460e+00  1.550153425400365e+00 
 9.304612422838433e-08  0.000000000000000e+00  7.745728286190591e-01  4.988974706537441e-01  4.873755568809102e-01  1.199999787596448e+00  1.199999818559404e+00  1.550153502872804e+00 
 9.324612422838433e-08  0.000000000000000e+00  7.745754809075908e-01  4.988539576305570e-01  4.874199316110088e-01  1.199999787596480e+00  1.199999818559312e+00  1.550153579881736e+00 
 9.344612422838433e-08  0.000000000000000e+00  7.745781016271217e-01  4.988109347494120e-01  4.874638040020880e-01  1.199999787596515e+00  1.199999818559337e+00  1.550153656432452e+00 
 9.364612422838433e-08  0.000000000000000e+00  7.745806912285582e-01  4.987683930078927e-01  4.875071833029087e-01  1.199999787596472e+00  1.199999818559266e+00  1.550153732529848e+00 
 9.384612422838433e-08  0.000000000000000e+00  7.745832501536639e-01  4.987263236192694e-01  4.875500785402702e-01  1.199999787596490e+00  1.199999818559254e+00  1.550153808178423e+00 
 9.404612422838434e-08  0.000000000000000e+00  7.745857788352944e-01  4.986847180079386e-01  4.875924985241144e-01  1.199999787596414e+00  1.199999818559229e+00  1.550153883382341e+00 
 9.424612422838434e-08  0.000000000000000e+00  7.745882776976475e-01  4.986435678030482e-01  4.876344518543019e-01  1.199999787596395e+00  1.199999818559260e+00  1.550153958145429e+00 
 9.444612422838434e-08  0.000000000000000e+00  7.745907471565828e-01  4.986028648331584e-01  4.876759469256591e-01  1.199999787596473e+00  1.199999818559007e+00  1.550154032471200e+00 
 9.464612422838434e-08  0.000000000000000e+00  7.745931876197698e-01  4.985626011208019e-01  4.877169919337886e-01  1.199999787596489e+00  1.199999818559097e+00  1.550154106362856e+00 
 9.484612422838434e-08  0.000000000000000e+00  7.745955994869561e-01  4.985227688775098e-01  4.877575948802364e-01  1.199999787596403e+00  1.199999818559170e+00  1.550154179823294e+00 
 9.504612422838434e-08  0.000000000000000e+00  7.745979831502176e-01  4.984833604990906e-01  4.877977635774272e-01  1.199999787596472e+00  1.199999818559023e+00  1.550154252855127e+00 
 9.524612422838435e-08  0.000000000000000e+00  7.746003389941498e-01  4.984443685602393e-01  4.878375056545670e-01  1.199999787596481e+00  1.199999818558892e+00  1.550154325460725e+00 
 9.544612422838435e-08  0.000000000000000e+00  7.746026673960651e-01  4.984057858099370e-01  4.878768285617010e-01  1.199999787596491e+00  1.199999818558815e+00  1.550154397642169e+00 
 9.564612422838435e-08  0.000000000000000e+00  7.746049687262180e-01  4.983676051671420e-01  4.879157395743580e-01  1.199999787596507e+00  1.199999818558875e+00  1.550154469401292e+00 
 9.584612422838435e-08  0.000000000000000e+00  7.746072433479555e-01  4.983298197160557e-01  4.879542457989101e-01  1.199999787596426e+00  1.199999818558977e+00  1.550154540739679e+00 
 9.604612422838435e-08  0.000000000000000e+00  7.746094916179286e-01  4.982924227017370e-01  4.879923541762916e-01  1.199999787596395e+00  1.199999818558873e+00  1.550154611658669e+00 
 9.624612422838436e-08  0.000000000000000e+00  7.746117138862508e-01  4.982554075263818e-01  4.880300714867598e-01  1.199999787596449e+00  1.199999818558790e+00  1.550154682159372e+00 
 9.644612422838436e-08  0.000000000000000e+00  7.746139104967078e-01  4.982187677445020e-01  4.880674043537027e-01  1.199999787596357e+00  1.199999818558768e+00  1.550154752242645e+00 
 9.664612422838436e-08  0.000000000000000e+00  7.746160817868930e-01  4.981824970596732e-01  4.881043592482269e-01  1.199999787596394e+00  1.199999818558783e+00  1.550154821909117e+00 
 9.684612422838436e-08  0.000000000000000e+00  7.746182280883800e-01  4.981465893204015e-01  4.881409424925984e-01  1.199999787596354e+00  1.199999818558778e+00  1.550154891159173e+00 
 9.704612422838436e-08  0.000000000000000e+00  7.746203497268146e-01  4.981110385158800e-01  4.881771602645737e-01  1.199999787596388e+00  1.199999818558560e+00  1.550154959993016e+00 
 9.724612422838436e-08  0.000000000000000e+00  7.746224470221819e-01  4.980758387734415e-01  4.882130186004081e-01  1.199999787596542e+00  1.199999818558476e+00  1.550155028410624e+00 
 9.744612422838437e-08  0.000000000000000e+00  7.746245202888528e-01  4.980409843537837e-01  4.882485233996307e-01  1.199999787596491e+00  1.199999818558753e+00  1.550155096411727e+00 
 9.764612422838437e-08  0.000000000000000e+00  7.746265698357615e-01  4.980064696481257e-01  4.882836804274149e-01  1.199999787596396e+00  1.199999818558579e+00  1.550155163995856e+00 
 9.784612422838437e-08  0.000000000000000e+00  7.746285959665145e-01  4.979722891749972e-01  4.883184953188575e-01  1.199999787596337e+00  1.199999818558576e+00  1.550155231162342e+00 
 9.804612422838437e-08  0.000000000000000e+00  7.746305989795217e-01  4.979384375767749e-01  4.883529735819894e-01  1.199999787596452e+00  1.199999818558483e+00  1.550155297910300e+00 
 9.824612422838437e-08  0.000000000000000e+00  7.746325791681770e-01  4.979049096163888e-01  4.883871206006886e-01  1.199999787596447e+00  1.199999818558491e+00  1.550155364238651e+00 
 9.844612422838438e-08  0.000000000000000e+00  7.746345368209253e-01  4.978717001743595e-01  4.884209416380621e-01  1.199999787596533e+00  1.199999818558378e+00  1.550155430146139e+00 
 9.864612422838438e-08  0.000000000000000e+00  7.746364722213737e-01  4.978388042460801e-01  4.884544418402310e-01  1.199999787596453e+00  1.199999818558404e+00  1.550155495631288e+00 
 9.884612422838438e-08  0.000000000000000e+00  7.746383856484149e-01  4.978062169382150e-01  4.884876262384478e-01  1.199999787596306e+00  1.199999818558379e+00  1.550155560692446e+00 
 9.904612422838438e-08  0.000000000000000e+00  7.746402773763662e-01  4.977739334662774e-01  4.885204997520906e-01  1.199999787596516e+00  1.199999818558299e+00  1.550155625327786e+00 
 9.924612422838438e-08  0.000000000000000e+00  7.746421476750548e-01  4.977419491520098e-01  4.885530671919396e-01  1.199999787596542e+00  1.199999818558322e+00  1.550155689535302e+00 
 9.944612422838438e-08  0.000000000000000e+00  7.746439968098782e-01  4.977102594206024e-01  4.885853332622154e-01  1.199999787596549e+00  1.199999818558224e+00  1.550155753312832e+00 
 9.964612422838439e-08  0.000000000000000e+00  7.746458250419898e-01  4.976788597977693e-01  4.886173025642354e-01  1.199999787596448e+00  1.199999818558281e+00  1.550155816658061e+00 
 9.984612422838439e-08  0.000000000000000e+00  7.746476326283503e-01  4.976477459073308e-01  4.886489795984867e-01  1.199999787596400e+00  1.199999818558195e+00  1.550155879568503e+00 
 1.000461242283844e-07  0.000000000000000e+00  7.746494198217858e-01  4.976169134686185e-01  4.886803687668344e-01  1.199999787596451e+00  1.199999818558216e+00  1.550155942041525e+00 
 1.002461242283844e-07  0.000000000000000e+00  7.746511868711299e-01  4.975863582945992e-01  4.887114743752326e-01  1.199999787596530e+00  1.199999818558071e+00  1.550156004074381e+00 
 1.004461242283844e-07  0.000000000000000e+00  7.746529340212683e-01  4.975560762891748e-01  4.887423006365371e-01  1.199999787596546e+00  1.199999818558139e+00  1.550156065664192e+00 
 1.006461242283844e-07  0.000000000000000e+00  7.746546615132957e-01  4.975260634446044e-01  4.887728516723625e-01  1.199999787596546e+00  1.199999818558048e+00  1.550156126807946e+00 
 1.008461242283844e-07  0.000000000000000e+00  7.746563695845224e-01  4.974963158396912e-01  4.888031315156137e-01  1.199999787596541e+00  1.199999818557850e+00  1.550156187502536e+00 
 1.010461242283844e-07  0.000000000000000e+00  7.746580584685822e-01  4.974668296376576e-01  4.888331441125118e-01  1.199999787596445e+00  1.199999818557979e+00  1.550156247744740e+00 
 1.012461242283844e-07  0.000000000000000e+00  7.746597283955238e-01  4.974376010831181e-01  4.888628933248088e-01  1.199999787596388e+00  1.199999818558011e+00  1.550156307531261e+00 
 1.014461242283844e-07  0.000000000000000e+00  7.746613795918474e-01  4.974086265015341e-01  4.888923829319214e-01  1.199999787596411e+00  1.199999818557741e+00  1.550156366858738e+00 
 1.016461242283844e-07  0.000000000000000e+00  7.746630122806554e-01  4.973799022961384e-01  4.889216166332314e-01  1.199999787596443e+00  1.199999818557757e+00  1.550156425723729e+00 
 1.018461242283844e-07  0.000000000000000e+00  7.746646266816440e-01  4.973514249462776e-01  4.889505980494572e-01  1.199999787596395e+00  1.199999818557976e+00  1.550156484122748e+00 
 1.020461242283844e-07  0.000000000000000e+00  7.746662230112221e-01  4.973231910054695e-01  4.889793307253588e-01  1.199999787596432e+00  1.199999818557848e+00  1.550156542052243e+00 
 1.022461242283844e-07  0.000000000000000e+00  7.746678014825106e-01  4.972951970993357e-01  4.890078181308886e-01  1.199999787596371e+00  1.199999818557906e+00  1.550156599508632e+00 
 1.024461242283844e-07  0.000000000000000e+00  7.746693623055000e-01  4.972674399244221e-01  4.890360636632413e-01  1.199999787596357e+00  1.199999818557872e+00  1.550156656488324e+00 
 1.026461242283844e-07  0.000000000000000e+00  7.746709056870714e-01  4.972399162462373e-01  4.890640706493804e-01  1.199999787596359e+00  1.199999818557870e+00  1.550156712987717e+00 
 1.028461242283844e-07  0.000000000000000e+00  7.746724318310458e-01  4.972126228967371e-01  4.890918423468280e-01  1.199999787596362e+00  1.199999818557801e+00  1.550156769003179e+00 
 1.030461242283844e-07  0.000000000000000e+00  7.746739409382740e-01  4.971855567736643e-01  4.891193819456459e-01  1.199999787596369e+00  1.199999818557694e+00  1.550156824531130e+00 
 1.032461242283844e-07  0.000000000000000e+00  7.746754332066604e-01  4.971587148387561e-01  4.891466925702684e-01  1.199999787596373e+00  1.199999818557688e+00  1.550156879567999e+00 
 1.034461242283844e-07  0.000000000000000e+00  7.746769088312386e-01  4.971320941156801e-01  4.891737772809752e-01  1.199999787596363e+00  1.199999818557546e+00  1.550156934110243e+00 
 1.036461242283844e-07  0.000000000000000e+00  7.746783680042431e-01  4.971056916890598e-01  4.892006390754396e-01  1.199999787596366e+00  1.199999818557497e+00  1.550156988154362e+00 
 1.038461242283844e-07  0.000000000000000e+00  7.746798109151289e-01  4.970795047025818e-01  4.892272808903881e-01  1.199999787596457e+00  1.199999818557481e+00  1.550157041696930e+00 
 1.040461242283844e-07  0.000000000000000e+00  7.746812377506721e-01  4.970535303577610e-01  4.892537056031204e-01  1.199999787596391e+00  1.199999818557413e+00  1.550157094734563e+00 
 1.042461242283844e-07  0.000000000000000e+00  7.746826486949849e-01  4.970277659122922e-01  4.892799160326188e-01  1.199999787596520e+00  1.199999818557460e+00  1.550157147263983e+00 
 1.044461242283844e-07  0.000000000000000e+00  7.746840439295501e-01  4.970022086790016e-01  4.893059149413673e-01  1.199999787596309e+00  1.199999818557474e+00  1.550157199281983e+00 
 1.046461242283844e-07  0.000000000000000e+00  7.746854236333078e-01  4.969768560242001e-01  4.893317050364652e-01  1.199999787596486e+00  1.199999818557300e+00  1.550157250785439e+00 
 1.048461242283844e-07  0.000000000000000e+00  7.746867879827091e-01  4.969517053667371e-01  4.893572889713254e-01  1.199999787596476e+00  1.199999818557293e+00  1.550157301771383e+00 
 1.050461242283844e-07  0.000000000000000e+00  7.746881371517287e-01  4.969267541759918e-01  4.893826693464386e-01  1.199999787596439e+00  1.199999818557387e+00  1.550157352236927e+00 
 1.052461242283844e-07  0.000000000000000e+00  7.746894713119223e-01  4.969019999718580e-01  4.894078487112706e-01  1.199999787596363e+00  1.199999818557264e+00  1.550157402179311e+00 
 1.054461242283844e-07  0.000000000000000e+00  7.746907906324709e-01  4.968774403222589e-01  4.894328295647533e-01  1.199999787596437e+00  1.199999818557293e+00  1.550157451595924e+00 
 1.056461242283844e-07  0.000000000000000e+00  7.746920952802379e-01  4.968530728426193e-01  4.894576143570439e-01  1.199999787596276e+00  1.199999818557104e+00  1.550157500484281e+00 
 1.058461242283844e-07  0.000000000000000e+00  7.746933854198218e-01  4.968288951946559e-01  4.894822054906950e-01  1.199999787596396e+00  1.199999818557206e+00  1.550157548842054e+00 
 1.060461242283844e-07  0.000000000000000e+00  7.746946612135731e-01  4.968049050852392e-01  4.895066053214596e-01  1.199999787596432e+00  1.199999818557140e+00  1.550157596667062e+00 
 1.062461242283844e-07  0.000000000000000e+00  7.746959228215794e-01  4.967811002650959e-01  4.895308161599315e-01  1.199999787596469e+00  1.199999818557162e+00  1.550157643957314e+00 
 1.064461242283844e-07  0.000000000000000e+00  7.746971704018398e-01  4.967574785281499e-01  4.895548402721463e-01  1.199999787596511e+00  1.199999818557072e+00  1.550157690710970e+00 
 1.066461242283844e-07  0.000000000000000e+00  7.746984041101745e-01  4.967340377102576e-01  4.895786798807136e-01  1.199999787596481e+00  1.199999818556886e+00  1.550157736926363e+00 
 1.068461242283845e-07  0.000000000000000e+00  7.746996241003605e-01  4.967107756884167e-01  4.896023371662319e-01  1.199999787596440e+00  1.199999818557048e+00  1.550157782602017e+00 
 1.070461242283845e-07  0.000000000000000e+00  7.747008305241041e-01  4.966876903793448e-01  4.896258142680932e-01  1.199999787596361e+00  1.199999818556946e+00  1.550157827736621e+00 
 1.072461242283845e-07  0.000000000000000e+00  7.747020235311037e-01  4.966647797385159e-01  4.896491132851202e-01  1.199999787596452e+00  1.199999818556941e+00  1.550157872329079e+00 
 1.074461242283845e-07  0.000000000000000e+00  7.747032032690814e-01  4.966420417598243e-01  4.896722362769156e-01  1.199999787596506e+00  1.199999818556842e+00  1.550157916378478e+00 
 1.076461242283845e-07  0.000000000000000e+00  7.747043698838045e-01  4.966194744741741e-01  4.896951852645571e-01  1.199999787596469e+00  1.199999818556852e+00  1.550157959884099e+00 
 1.078461242283845e-07  0.000000000000000e+00  7.747055235191288e-01  4.965970759493039e-01  4.897179622321208e-01  1.199999787596523e+00  1.199999818556787e+00  1.550158002845426e+00 
 1.080461242283845e-07  0.000000000000000e+00  7.747066643170145e-01  4.965748442876037e-01  4.897405691267074e-01  1.199999787596296e+00  1.199999818556773e+00  1.550158045262130e+00 
 1.082461242283845e-07  0.000000000000000e+00  7.747077924176495e-01  4.965527776262357e-01  4.897630078594946e-01  1.199999787596336e+00  1.199999818556737e+00  1.550158087134095e+00 
 1.084461242283845e-07  0.000000000000000e+00  7.747089079593507e-01  4.965308741362280e-01  4.897852803072082e-01  1.199999787596411e+00  1.199999818556738e+00  1.550158128461421e+00 
 1.086461242283845e-07  0.000000000000000e+00  7.747100110786614e-01  4.965091320217074e-01  4.898073883127146e-01  1.199999787596451e+00  1.199999818556777e+00  1.550158169244372e+00 
 1.088461242283845e-07  0.000000000000000e+00  7.747111019103543e-01  4.964875495189996e-01  4.898293336848129e-01  1.199999787596496e+00  1.199999818556724e+00  1.550158209483451e+00 
 1.090461242283845e-07  0.000000000000000e+00  7.747121805875093e-01  4.964661248957278e-01  4.898511182003692e-01  1.199999787596472e+00  1.199999818556838e+00  1.550158249179334e+00 
 1.092461242283845e-07  0.000000000000000e+00  7.747132472415018e-01  4.964448564501620e-01  4.898727436045124e-01  1.199999787596528e+00  1.199999818556502e+00  1.550158288332918e+00 
 1.094461242283845e-07  0.000000000000000e+00  7.747143020020251e-01  4.964237425108763e-01  4.898942116111002e-01  1.199999787596506e+00  1.199999818556525e+00  1.550158326945285e+00 
 1.096461242283845e-07  0.000000000000000e+00  7.747153449971623e-01  4.964027814354493e-01  4.899155239041015e-01  1.199999787596453e+00  1.199999818556526e+00  1.550158365017721e+00 
 1.098461242283845e-07  0.000000000000000e+00  7.747163763533812e-01  4.963819716100097e-01  4.899366821378845e-01  1.199999787596456e+00  1.199999818556532e+00  1.550158402551712e+00 
 1.100461242283845e-07  0.000000000000000e+00  7.747173961955515e-01  4.963613114488251e-01  4.899576879376485e-01  1.199999787596266e+00  1.199999818556481e+00  1.550158439548931e+00 
 1.102461242283845e-07  0.000000000000000e+00  7.747184046469724e-01  4.963407993934948e-01  4.899785429004730e-01  1.199999787596385e+00  1.199999818556246e+00  1.550158476011254e+00 
 1.104461242283845e-07  0.000000000000000e+00  7.747194018294378e-01  4.963204339122944e-01  4.899992485960918e-01  1.199999787596418e+00  1.199999818556268e+00  1.550158511940715e+00 
 1.106461242283845e-07  0.000000000000000e+00  7.747203878632305e-01  4.963002134995329e-01  4.900198065671602e-01  1.199999787596427e+00  1.199999818556235e+00  1.550158547339546e+00 
 1.108461242283845e-07  0.000000000000000e+00  7.747213628671412e-01  4.962801366748128e-01  4.900402183301559e-01  1.199999787596442e+00  1.199999818556332e+00  1.550158582210126e+00 
 1.110461242283845e-07  0.000000000000000e+00  7.747223269584793e-01  4.962602019824118e-01  4.900604853758616e-01  1.199999787596265e+00  1.199999818556341e+00  1.550158616555063e+00 
 1.112461242283845e-07  0.000000000000000e+00  7.747232802531451e-01  4.962404079914721e-01  4.900806091696205e-01  1.199999787596384e+00  1.199999818556291e+00  1.550158650377089e+00 
 1.114461242283845e-07  0.000000000000000e+00  7.747242228656390e-01  4.962207532945861e-01  4.901005911528552e-01  1.199999787596505e+00  1.199999818556201e+00  1.550158683679098e+00 
 1.116461242283845e-07  0.000000000000000e+00  7.747251549090479e-01  4.962012365075726e-01  4.901204327427563e-01  1.199999787596460e+00  1.199999818556337e+00  1.550158716464163e+00 
 1.118461242283845e-07  0.000000000000000e+00  7.747260764950600e-01  4.961818562689276e-01  4.901401353329364e-01  1.199999787596361e+00  1.199999818556110e+00  1.550158748735482e+00 
 1.120461242283845e-07  0.000000000000000e+00  7.747269877340632e-01  4.961626112394097e-01  4.901597002939059e-01  1.199999787596439e+00  1.199999818555965e+00  1.550158780496414e+00 
 1.122461242283845e-07  0.000000000000000e+00  7.747278887351019e-01  4.961435001014678e-01  4.901791289745017e-01  1.199999787596373e+00  1.199999818555968e+00  1.550158811750459e+00 
 1.124461242283845e-07  0.000000000000000e+00  7.747287796059128e-01  4.961245215586722e-01  4.901984227010867e-01  1.199999787596440e+00  1.199999818555979e+00  1.550158842501233e+00 
 1.126461242283845e-07  0.000000000000000e+00  7.747296604529630e-01  4.961056743353524e-01  4.902175827787976e-01  1.199999787596465e+00  1.199999818556006e+00  1.550158872752481e+00 
 1.128461242283845e-07  0.000000000000000e+00  7.747305313814240e-01  4.960869571758793e-01  4.902366104918673e-01  1.199999787596487e+00  1.199999818556081e+00  1.550158902508090e+00 
 1.130461242283845e-07  0.000000000000000e+00  7.747313924952287e-01  4.960683688445472e-01  4.902555071043884e-01  1.199999787596350e+00  1.199999818556036e+00  1.550158931772041e+00 
 1.132461242283845e-07  0.000000000000000e+00  7.747322438970738e-01  4.960499081252134e-01  4.902742738599779e-01  1.199999787596410e+00  1.199999818555952e+00  1.550158960548421e+00 
 1.134461242283845e-07  0.000000000000000e+00  7.747330856884889e-01  4.960315738201742e-01  4.902929119831474e-01  1.199999787596430e+00  1.199999818555885e+00  1.550158988841428e+00 
 1.136461242283845e-07  0.000000000000000e+00  7.747339179697662e-01  4.960133647510899e-01  4.903114226791699e-01  1.199999787596443e+00  1.199999818555708e+00  1.550159016655338e+00 
 1.138461242283845e-07  0.000000000000000e+00  7.747347408400581e-01  4.959952797567556e-01  4.903298071345568e-01  1.199999787596357e+00  1.199999818555937e+00  1.550159043994532e+00 
 1.140461242283845e-07  0.000000000000000e+00  7.747355543973286e-01  4.959773176941524e-01  4.903480665177117e-01  1.199999787596427e+00  1.199999818555801e+00  1.550159070863449e+00 
 1.142461242283845e-07  0.000000000000000e+00  7.747363587384387e-01  4.959594774374274e-01  4.903662019790186e-01  1.199999787596346e+00  1.199999818555931e+00  1.550159097266624e+00 
 1.144461242283845e-07  0.000000000000000e+00  7.747371539590930e-01  4.959417578779695e-01  4.903842146515034e-01  1.199999787596313e+00  1.199999818555788e+00  1.550159123208654e+00 
 1.146461242283845e-07  0.000000000000000e+00  7.747379401539161e-01  4.959241579235881e-01  4.904021056510820e-01  1.199999787596481e+00  1.199999818555860e+00  1.550159148694187e+00 
 1.148461242283845e-07  0.000000000000000e+00  7.747387174164085e-01  4.959066764980338e-01  4.904198760768975e-01  1.199999787596441e+00  1.199999818555849e+00  1.550159173727912e+00 
 1.150461242283845e-07  0.000000000000000e+00  7.747394858390425e-01  4.958893125413348e-01  4.904375270118053e-01  1.199999787596458e+00  1.199999818555587e+00  1.550159198314579e+00 
 1.152461242283845e-07  0.000000000000000e+00  7.747402455131974e-01  4.958720650088412e-01  4.904550595227604e-01  1.199999787596357e+00  1.199999818555585e+00  1.550159222458971e+00 
 1.154461242283845e-07  0.000000000000000e+00  7.747409965292151e-01  4.958549328709853e-01  4.904724746608916e-01  1.199999787596423e+00  1.199999818555315e+00  1.550159246165927e+00 
 1.156461242283845e-07  0.000000000000000e+00  7.747417389764586e-01  4.958379151130661e-01  4.904897734621079e-01  1.199999787596430e+00  1.199999818555396e+00  1.550159269440298e+00 
 1.158461242283845e-07  0.000000000000000e+00  7.747424729432267e-01  4.958210107352793e-01  4.905069569472150e-01  1.199999787596437e+00  1.199999818555667e+00  1.550159292286975e+00 
 1.160461242283845e-07  0.000000000000000e+00  7.747431985168372e-01  4.958042187519102e-01  4.905240261223722e-01  1.199999787596450e+00  1.199999818555346e+00  1.550159314710831e+00 
 1.162461242283845e-07  0.000000000000000e+00  7.747439157836135e-01  4.957875381910268e-01  4.905409819797404e-01  1.199999787596477e+00  1.199999818555319e+00  1.550159336716785e+00 
 1.164461242283845e-07  0.000000000000000e+00  7.747446248289134e-01  4.957709680944524e-01  4.905578254971521e-01  1.199999787596418e+00  1.199999818555314e+00  1.550159358309732e+00 
 1.166461242283845e-07  0.000000000000000e+00  7.747453257371236e-01  4.957545075172866e-01  4.905745576385749e-01  1.199999787596403e+00  1.199999818555261e+00  1.550159379494576e+00 
 1.168461242283845e-07  0.000000000000000e+00  7.747460185917044e-01  4.957381555276577e-01  4.905911793545332e-01  1.199999787596407e+00  1.199999818555325e+00  1.550159400276236e+00 
 1.170461242283845e-07  0.000000000000000e+00  7.747467034751901e-01  4.957219112065945e-01  4.906076915825636e-01  1.199999787596419e+00  1.199999818555337e+00  1.550159420659611e+00 
 1.172461242283845e-07  0.000000000000000e+00  7.747473804691913e-01  4.957057736479248e-01  4.906240952471810e-01  1.199999787596414e+00  1.199999818555137e+00  1.550159440649578e+00 
 1.174461242283845e-07  0.000000000000000e+00  7.747480496543941e-01  4.956897419573417e-01  4.906403912601714e-01  1.199999787596513e+00  1.199999818555136e+00  1.550159460250989e+00 
 1.176461242283845e-07  0.000000000000000e+00  7.747487111106182e-01  4.956738152527226e-01  4.906565805213303e-01  1.199999787596461e+00  1.199999818555258e+00  1.550159479468701e+00 
 1.178461242283845e-07  0.000000000000000e+00  7.747493649167851e-01  4.956579926640287e-01  4.906726639179266e-01  1.199999787596489e+00  1.199999818555055e+00  1.550159498307518e+00 
 1.180461242283846e-07  0.000000000000000e+00  7.747500111509542e-01  4.956422733323462e-01  4.906886423255899e-01  1.199999787596435e+00  1.199999818554851e+00  1.550159516772240e+00 
 1.182461242283846e-07  0.000000000000000e+00  7.747506498903304e-01  4.956266564100451e-01  4.907045166081854e-01  1.199999787596437e+00  1.199999818555089e+00  1.550159534867596e+00 
 1.184461242283846e-07  0.000000000000000e+00  7.747512812112617e-01  4.956111410610792e-01  4.907202876180177e-01  1.199999787596444e+00  1.199999818554735e+00  1.550159552598305e+00 
 1.186461242283846e-07  0.000000000000000e+00  7.747519051845646e-01  4.955957264540523e-01  4.907359562007836e-01  1.199999787596451e+00  1.199999818554776e+00  1.550159569969033e+00 
 1.188461242283846e-07  0.000000000000000e+00  7.747525218876934e-01  4.955804117769164e-01  4.907515231844103e-01  1.199999787596460e+00  1.199999818555032e+00  1.550159586984388e+00 
 1.190461242283846e-07  0.000000000000000e+00  7.747531313960753e-01  4.955651962274621e-01  4.907669893873789e-01  1.199999787596272e+00  1.199999818555017e+00  1.550159603648953e+00 
 1.192461242283845e-07  0.000000000000000e+00  7.747537337832305e-01  4.955500790122335e-01  4.907823556185978e-01  1.199999787596311e+00  1.199999818554922e+00  1.550159619967264e+00 
 1.194461242283845e-07  0.000000000000000e+00  7.747543291215501e-01  4.955350593471800e-01  4.907976226766205e-01  1.199999787596485e+00  1.199999818554821e+00  1.550159635943781e+00 
 1.196461242283845e-07  0.000000000000000e+00  7.747549174825877e-01  4.955201364577856e-01  4.908127913506031e-01  1.199999787596422e+00  1.199999818554587e+00  1.550159651582915e+00 
 1.198230621141923e-07  0.000000000000000e+00  7.747554322378216e-01  4.955070144285032e-01  4.908261294933285e-01  1.199999787596493e+00  1.199999818554628e+00  1.550159665141188e+00 
 1.200000000000000e-07  7.940933880509067e-14  7.747559416349163e-01  4.954939670365304e-01  4.908393917611780e-01  1.199999787596655e+00  1.199999818554716e+00  1.550159678442931e+00 
 1.200001302644995e-07  7.815869972743249e-04  7.747578868345902e-01  4.954958573740075e-01  4.908394772539200e-01  1.200003611360852e+00  1.199999889340112e+00  1.550159678452627e+00 
 1.200003907934986e-07  2.344760991822975e-03  7.747624144121219e-01  4.955002692225353e-01  4.908396959631592e-01  1.200014620267056e+00  1.200000066693269e+00  1.550159678472017e+00 
 1.200007234239818e-07  4.340543890490088e-03  7.747685363908069e-01  4.955062646387696e-01  4.908400018817895e-01  1.200029513778806e+00  1.200000284952164e+00  1.550159678496770e+00 
 1.200011217036525e-07  6.730221915043250e-03  7.747758442885903e-01  4.955134553145186e-01  4.908403556593248e-01  1.200043970880196e+00  1.200000500592985e+00  1.550159678526408e+00 
 1.200016867105928e-07  1.012026355673341e-02  7.747859729044876e-01  4.955234608215604e-01  4.908408107236895e-01  1.200057169209726e+00  1.200000732795100e+00  1.550159678568455e+00 
 1.200027784244685e-07  1.667054681126452e-02  7.748048921320848e-01  4.955422345442909e-01  4.908415675175001e-01  1.200066620935210e+00  1.200001017965967e+00  1.550159678649703e+00 
 1.200049618522201e-07  2.977111332032674e-02  7.748407592421839e-01  4.955780444671302e-01  4.908427887009029e-01  1.200057728539710e+00  1.200001216863165e+00  1.550159678812149e+00 
 1.200092660569417e-07  5.559634165031666e-02  7.749058642558750e-01  4.956435218186598e-01  4.908445970541173e-01  1.200022202623685e+00  1.200001020145076e+00  1.550159679132284e+00 
 1.200152497388063e-07  9.149843283754569e-02  7.749880004606461e-01  4.957267049079700e-01  4.908463928124897e-01  1.199992748663459e+00  1.200000449078809e+00  1.550159679577366e+00 
 1.200225969290531e-07  1.355815743183392e-01  7.750805833958035e-01  4.958209798421751e-01  4.908479375887645e-01  1.199985104374486e+00  1.199999882071426e+00  1.550159680125411e+00 
 1.200314065091478e-07  1.884390548865496e-01  7.751848534790748e-01  4.959275488093528e-01  4.908492268914701e-01  1.199989438539999e+00  1.199999529957659e+00  1.550159680789404e+00 
 1.200427864274427e-07  2.567185646562598e-01  7.753137405114919e-01  4.960595276263810e-01  4.908504003922152e-01  1.199995597178672e+00  1.199999407040070e+00  1.550159681676876e+00 
 1.200506317653187e-07  3.037905919118975e-01  7.753984170233736e-01  4.961462804708267e-01  4.908509929363502e-01  1.199998318227418e+00  1.199999430714353e+00  1.550159682323742e+00 
 1.200550874213423e-07  3.305245280540757e-01  7.754437076582512e-01  4.961926783534271e-01  4.908512542714833e-01  1.199999418577628e+00  1.199999454893256e+00  1.550159682709436e+00 
 1.200599498938883e-07  3.596993633296257e-01  7.754878959076278e-01  4.962379367567257e-01  4.908514479712460e-01  1.200000470304825e+00  1.199999467012947e+00  1.550159683151886e+00 
 1.200641690293998e-07  3.850141763986985e-01  7.755183868422197e-01  4.962691590638107e-01  4.908514934785178e-01  1.200001347023639e+00  1.199999452730065e+00  1.550159683558819e+00 
 1.200683065111818e-07  4.098390670907932e-01  7.755368992704212e-01  4.962881100664943e-01  4.908513702984014e-01  1.200002214064982e+00  1.199999407289036e+00  1.550159683983503e+00 
 1.200724723263199e-07  4.348339579195590e-01  7.755389241660990e-01  4.962901704764361e-01  4.908510137260110e-01  1.200003113158647e+00  1.199999325339355e+00  1.550159684442193e+00 
 1.200766900676896e-07  4.601404061378429e-01  7.755177229730842e-01  4.962684292940300e-01  4.908503440572118e-01  1.200004063886394e+00  1.199999204155592e+00  1.550159684944478e+00 
 1.200808616010836e-07  4.851696065016878e-01  7.754666655206823e-01  4.962160773417499e-01  4.908493015664850e-01  1.200005058044869e+00  1.199999046545655e+00  1.550159685485471e+00 
 1.200849203285090e-07  5.095219710536905e-01  7.753808018976708e-01  4.961280180300016e-01  4.908478494363671e-01  1.200006090174122e+00  1.199998857182006e+00  1.550159686060859e+00 
 1.200888740282485e-07  5.332441694911412e-01  7.752553088361342e-01  4.959992785320803e-01  4.908459477575396e-01  1.200007168167012e+00  1.199998638980901e+00  1.550159686674798e+00 
 1.200931274854582e-07  5.587649127494586e-01  7.750651602782731e-01  4.958041766327692e-01  4.908432849153910e-01  1.200008416489225e+00  1.199998369407858e+00  1.550159687402773e+00 
 1.200970350579239e-07  5.822103475434605e-01  7.748323771369087e-01  4.955655343053369e-01  4.908402111108218e-01  1.200009643368555e+00  1.199998093266709e+00  1.550159688140780e+00 
 1.201012075226239e-07  6.072451357433185e-01  7.745126436789109e-01  4.952402452421969e-01  4.908361871276185e-01  1.200011040300540e+00  1.199997771664982e+00  1.550159689010994e+00 
 1.201047913124757e-07  6.287478748540695e-01  7.741629711872079e-01  4.949010238515646e-01  4.908319521620971e-01  1.200012355995771e+00  1.199997455314146e+00  1.550159689832631e+00 
 1.201064718621184e-07  6.388311727104472e-01  7.739598661802669e-01  4.947263419891926e-01  4.908295328458246e-01  1.200013162795454e+00  1.199997261822653e+00  1.550159690242858e+00 
 1.201077525275970e-07  6.465151655816865e-01  7.737756299024073e-01  4.945897986124168e-01  4.908273451062171e-01  1.200013991714036e+00  1.199997065717704e+00  1.550159690566737e+00 
 1.201090915027671e-07  6.545490166023819e-01  7.735441971806332e-01  4.944469018666044e-01  4.908245987284917e-01  1.200015104685503e+00  1.199996788468194e+00  1.550159690916193e+00 
 1.201107636611802e-07  6.645819670812082e-01  7.731873540410181e-01  4.942712154181134e-01  4.908203940444349e-01  1.200016692939214e+00  1.199996321388274e+00  1.550159691368694e+00 
 1.201125084841520e-07  6.750509049117612e-01  7.727325389689146e-01  4.940909584344428e-01  4.908151355890710e-01  1.200018131597956e+00  1.199995718036314e+00  1.550159691860491e+00 
 1.201141439785152e-07  6.848638710913452e-01  7.722379450231087e-01  4.939214316882092e-01  4.908095821282913e-01  1.200018710826143e+00  1.199995106576304e+00  1.550159692340160e+00 
 1.201158224697394e-07  6.949348184361285e-01  7.716736080660510e-01  4.937420824165484e-01  4.908034794481302e-01  1.200018040587561e+00  1.199994507833458e+00  1.550159692851740e+00 
 1.201176182988913e-07  7.057097933478235e-01  7.710198922270739e-01  4.935383568512227e-01  4.907967209407222e-01  1.200015636243607e+00  1.199993969708645e+00  1.550159693421248e+00 
 1.201195618185692e-07  7.173709114152711e-01  7.702709321263881e-01  4.932959181460880e-01  4.907893687904937e-01  1.200011059045743e+00  1.199993561199208e+00  1.550159694064050e+00 
 1.201214070621917e-07  7.284423731501148e-01  7.695371486486642e-01  4.930338777405480e-01  4.907825605457884e-01  1.200004986509597e+00  1.199993369958167e+00  1.550159694700206e+00 
 1.201232630317436e-07  7.395781904615223e-01  7.687955079220056e-01  4.927252010863714e-01  4.907760896171296e-01  1.199997486645002e+00  1.199993384690039e+00  1.550159695365922e+00 
 1.201250426605629e-07  7.502559633775303e-01  7.680965476572696e-01  4.923763368644911e-01  4.907703923689136e-01  1.199989310683388e+00  1.199993590210865e+00  1.550159696028829e+00 
 1.201269594350341e-07  7.617566102048700e-01  7.673678603530123e-01  4.919424175425196e-01  4.907648756943773e-01  1.199979804041938e+00  1.199993988377980e+00  1.550159696769909e+00 
 1.201292359888131e-07  7.754159328786797e-01  7.665397014570255e-01  4.913658725107464e-01  4.907590897515767e-01  1.199968236763261e+00  1.199994614299939e+00  1.550159697686494e+00 
 1.201313899392001e-07  7.883396352005744e-01  7.657924052042342e-01  4.907831721894580e-01  4.907542510881325e-01  1.199957842996935e+00  1.199995271107095e+00  1.550159698589735e+00 
 1.201334482867022e-07  8.006897202133134e-01  7.651090621043286e-01  4.902111358749347e-01  4.907500881381759e-01  1.199949166161427e+00  1.199995890433287e+00  1.550159699484910e+00 
 1.201359107943776e-07  8.154647662658809e-01  7.643272766524035e-01  4.895231998579568e-01  4.907455562397027e-01  1.199941048771657e+00  1.199996558715459e+00  1.550159700595307e+00 
 1.201383657245974e-07  8.301943475841824e-01  7.635807574971647e-01  4.888424526546425e-01  4.907413778376766e-01  1.199935548669749e+00  1.199997111279731e+00  1.550159701742493e+00 
 1.201411454289207e-07  8.468725735242814e-01  7.627663658145504e-01  4.880823284003298e-01  4.907368759095310e-01  1.199932067007044e+00  1.199997583035830e+00  1.550159703085126e+00 
 1.201436698142838e-07  8.620188857028176e-01  7.620482994678082e-01  4.874032901417150e-01  4.907328732885005e-01  1.199929615462250e+00  1.199997874586813e+00  1.550159704339223e+00 
 1.201464836369777e-07  8.789018218660126e-01  7.612689177594462e-01  4.866636942879498e-01  4.907284416911122e-01  1.199918699995277e+00  1.199998076449177e+00  1.550159705767423e+00 
 1.201492742512240e-07  8.956455073438500e-01  7.605193539245657e-01  4.859569288829517e-01  4.907240812824709e-01  1.199891523591722e+00  1.199998192523525e+00  1.550159707204604e+00 
 1.201519480686900e-07  9.116884121400090e-01  7.598238298428485e-01  4.853130640360793e-01  4.907199284530279e-01  1.199854768428898e+00  1.199998257230766e+00  1.550159708588857e+00 
 1.201549181215542e-07  9.295087293253690e-01  7.590786839379786e-01  4.846476638693450e-01  4.907153342562741e-01  1.199810336739649e+00  1.199998301622029e+00  1.550159710116831e+00 
 1.201577227254178e-07  9.463363525067258e-01  7.584008816493669e-01  4.840758583283104e-01  4.907109791628918e-01  1.199773239931888e+00  1.199998325409131e+00  1.550159711531087e+00 
 1.201611688319053e-07  9.670129914320821e-01  7.576014923961187e-01  4.834520477650450e-01  4.907055572311858e-01  1.199744575514514e+00  1.199998335044735e+00  1.550159713195549e+00 
 1.201654547593576e-07  9.927285561457202e-01  7.566646869243624e-01  4.827845280315572e-01  4.906987304365623e-01  1.199738994964393e+00  1.199998338340839e+00  1.550159715079261e+00 
 1.201688565030149e-07  1.013139018089300e+00  7.559781461210805e-01  4.823234146087280e-01  4.906933568316977e-01  1.199752418226747e+00  1.199998362787229e+00  1.550159716368676e+00 
 1.201721398331736e-07  1.032838999041323e+00  7.553692409286770e-01  4.819224050664037e-01  4.906882335926110e-01  1.199771818236913e+00  1.199998411632251e+00  1.550159717380692e+00 
 1.201757831997741e-07  1.054699198644313e+00  7.547528420569737e-01  4.815166259011760e-01  4.906825193816423e-01  1.199791933882325e+00  1.199998469623413e+00  1.550159718156262e+00 
 1.201792787628111e-07  1.075672576866393e+00  7.542136485207275e-01  4.811579565197278e-01  4.906768750890898e-01  1.199804860927628e+00  1.199998498975503e+00  1.550159718473582e+00 
 1.201830605945573e-07  1.098363567343774e+00  7.536781140022116e-01  4.807964449405000e-01  4.906704339505271e-01  1.199811551014475e+00  1.199998479371666e+00  1.550159718235939e+00 
 1.201868509065971e-07  1.121105439582423e+00  7.531821783292928e-01  4.804561858193175e-01  4.906635082125234e-01  1.199818062831857e+00  1.199998404306709e+00  1.550159717266161e+00 
 1.201912104521085e-07  1.147262712651039e+00  7.526529768439435e-01  4.800866445475925e-01  4.906548582720692e-01  1.199837093557333e+00  1.199998269822807e+00  1.550159715052285e+00 
 1.201956052260543e-07  1.173631356325604e+00  7.521583828199413e-01  4.797340426394683e-01  4.906453497934757e-01  1.199880274027262e+00  1.199998113199723e+00  1.550159711401069e+00 
 1.202000000000000e-07  1.200000000000000e+00  7.516994075229643e-01  4.793991963537841e-01  4.906350252721449e-01  1.199963537543380e+00  1.199997962487409e+00  1.550159706062737e+00 
 1.202002479405119e-07  1.200000000000000e+00  7.516696219121340e-01  4.793759350794511e-01  4.906342796306669e-01  1.199963775540829e+00  1.199997848768975e+00  1.550159705707691e+00 
 1.202007438215357e-07  1.200000000000000e+00  7.516078249791250e-01  4.793272781795265e-01  4.906327094118581e-01  1.199962499909468e+00  1.199997612518036e+00  1.550159704982365e+00 
 1.202013647549499e-07  1.200000000000000e+00  7.515306622768710e-01  4.792671165235033e-01  4.906307619600141e-01  1.199964033071160e+00  1.199997418243040e+00  1.550159704039872e+00 
 1.202021077761176e-07  1.200000000000000e+00  7.514412719301886e-01  4.791986854784401e-01  4.906285777336532e-01  1.199972905734284e+00  1.199997358735284e+00  1.550159702858847e+00 
 1.202032256460720e-07  1.200000000000000e+00  7.513127524259627e-01  4.791020105333236e-01  4.906255879448599e-01  1.199999353412467e+00  1.199997526841993e+00  1.550159700968043e+00 
 1.202051740459704e-07  1.200000000000000e+00  7.511013029335364e-01  4.789446987383357e-01  4.906209654679813e-01  1.200076749677280e+00  1.199998208508494e+00  1.550159697328171e+00 
 1.202071958132221e-07  1.200000000000000e+00  7.508943482368242e-01  4.787907577451164e-01  4.906167144989519e-01  1.200193824606008e+00  1.199999136238371e+00  1.550159693063369e+00 
 1.202101460875255e-07  1.200000000000000e+00  7.506076663862049e-01  4.785754480564319e-01  4.906111551437705e-01  1.200419352256752e+00  1.200000490001524e+00  1.550159685876867e+00 
 1.202136573968702e-07  1.200000000000000e+00  7.502803949369869e-01  4.783271442426602e-01  4.906051877973752e-01  1.200736092475206e+00  1.200001833188752e+00  1.550159675698801e+00 
 1.202176442096481e-07  1.200000000000000e+00  7.499141544947804e-01  4.780495519828601e-01  4.905989134069483e-01  1.201091645125990e+00  1.200002905373958e+00  1.550159661777905e+00 
 1.202220744043767e-07  1.200000000000000e+00  7.495006600228884e-01  4.777407046877138e-01  4.905922499118398e-01  1.201427411568497e+00  1.200003591226646e+00  1.550159643024198e+00 
 1.202270309968458e-07  1.200000000000000e+00  7.490253962767778e-01  4.773918482890536e-01  4.905850180105472e-01  1.201699519336952e+00  1.200003918416029e+00  1.550159617446182e+00 
 1.202327283538427e-07  1.200000000000000e+00  7.484760832682488e-01  4.769904816808449e-01  4.905771035933632e-01  1.201870141282284e+00  1.200004011047660e+00  1.550159581270198e+00 
 1.202380030227712e-07  1.200000000000000e+00  7.479839593165305e-01  4.766257942118693e-01  4.905704020776308e-01  1.201913567358260e+00  1.200004036252824e+00  1.550159540556098e+00 
 1.202434232736308e-07  1.200000000000000e+00  7.475103578482243e-01  4.762647742993504e-01  4.905644307729511e-01  1.201886081199361e+00  1.200004161314641e+00  1.550159490624298e+00 
 1.202497181024848e-07  1.200000000000000e+00  7.470094058434884e-01  4.758674798095283e-01  4.905591420765127e-01  1.201827590956676e+00  1.200004601364132e+00  1.550159421088753e+00 
 1.202561553885323e-07  1.200000000000000e+00  7.465501492088925e-01  4.754859530276506e-01  4.905564217285666e-01  1.201806122239868e+00  1.200005571395619e+00  1.550159335689352e+00 
 1.202625303363945e-07  1.200000000000000e+00  7.461410284594074e-01  4.751309390778231e-01  4.905577290345822e-01  1.201896599139536e+00  1.200007268942290e+00  1.550159235326524e+00 
 1.202693186331445e-07  1.200000000000000e+00  7.457436577509812e-01  4.747758803089397e-01  4.905655077565699e-01  1.202107752918240e+00  1.200010050805234e+00  1.550159109326473e+00 
 1.202766077024953e-07  1.200000000000000e+00  7.453491898333675e-01  4.744187641602288e-01  4.905840538539921e-01  1.202392150577317e+00  1.200014121661347e+00  1.550158949782409e+00 
 1.202846073768296e-07  1.200000000000000e+00  7.449549746850490e-01  4.740465597443419e-01  4.906206654116554e-01  1.202791291338075e+00  1.200019563355863e+00  1.550158742795972e+00 
 1.202931995385430e-07  1.200000000000000e+00  7.445914815916669e-01  4.736503633504731e-01  4.906843072379931e-01  1.203255845087906e+00  1.200025992646634e+00  1.550158479546267e+00 
 1.203010134799197e-07  1.200000000000000e+00  7.443299634898209e-01  4.732756379855306e-01  4.907688391317017e-01  1.203530395613551e+00  1.200031939344184e+00  1.550158200054240e+00 
 1.203088948748648e-07  1.200000000000000e+00  7.441444003588658e-01  4.728807333458257e-01  4.908848392829421e-01  1.203558247143885e+00  1.200037745343348e+00  1.550157876153369e+00 
 1.203160376064515e-07  1.200000000000000e+00  7.440493994315097e-01  4.725232694564347e-01  4.910209230918900e-01  1.203394510921914e+00  1.200042789565148e+00  1.550157543549141e+00 
 1.203231367652301e-07  1.200000000000000e+00  7.440274314898642e-01  4.721899770876389e-01  4.911898270331166e-01  1.203116974594490e+00  1.200047678845619e+00  1.550157173711560e+00 
 1.203307315003404e-07  1.200000000000000e+00  7.440885706778657e-01  4.718767027313012e-01  4.914133473679071e-01  1.202755279384539e+00  1.200052966048848e+00  1.550156732013956e+00 
 1.203400015617702e-07  1.200000000000000e+00  7.442902681477653e-01  4.715676754073203e-01  4.917564627545826e-01  1.202290171087219e+00  1.200059875275473e+00  1.550156124242808e+00 
 1.203501506589898e-07  1.200000000000000e+00  7.446835300345441e-01  4.713200879640584e-01  4.922368175646470e-01  1.201806786030705e+00  1.200068595121239e+00  1.550155366963769e+00 
 1.203596618689738e-07  1.200000000000000e+00  7.452292714843635e-01  4.711627236069202e-01  4.928035311436165e-01  1.201407487671657e+00  1.200078548364398e+00  1.550154565240631e+00 
 1.203698886451687e-07  1.200000000000000e+00  7.460254983927104e-01  4.710562935157637e-01  4.935593975511083e-01  1.201049681185143e+00  1.200092089452286e+00  1.550153598379417e+00 
 1.203792581115487e-07  1.200000000000000e+00  7.469598337768437e-01  4.710015313545861e-01  4.943985745349354e-01  1.200786898200347e+00  1.200107981398776e+00  1.550152612924078e+00 
 1.203900014683560e-07  1.200000000000000e+00  7.482807865999722e-01  4.709733454707261e-01  4.955373162999149e-01  1.200553724722705e+00  1.200131190097483e+00  1.550151360508768e+00 
 1.204009330344622e-07  1.200000000000000e+00  7.498893941146553e-01  4.709700744357713e-01  4.968693062497871e-01  1.200378443359799e+00  1.200160839429478e+00  1.550149946971091e+00 
 1.204087528548054e-07  1.200000000000000e+00  7.511939017095997e-01  4.709786453365944e-01  4.979045304432547e-01  1.200284735495115e+00  1.200186360582312e+00  1.550148847473191e+00 
 1.204154130948394e-07  1.200000000000000e+00  7.523994704839087e-01  4.709907542332913e-01  4.988160601813224e-01  1.200221719759881e+00  1.200210592749242e+00  1.550147851675034e+00 
 1.204214517476436e-07  1.200000000000000e+00  7.535630941400697e-01  4.710043527630317e-01  4.996426402847940e-01  1.200175432611306e+00  1.200232031784869e+00  1.550146900893774e+00 
 1.204275820540839e-07  1.200000000000000e+00  7.548056104084727e-01  4.710198911982351e-01  5.004587911879903e-01  1.200137027065837e+00  1.200243486924227e+00  1.550145888523753e+00 
 1.204341888778675e-07  1.200000000000000e+00  7.561921147213635e-01  4.710378141306468e-01  5.013004269414429e-01  1.200103483334316e+00  1.200211548864967e+00  1.550144743811183e+00 
 1.204402796436434e-07  1.200000000000000e+00  7.574785145723411e-01  4.710547516441177e-01  5.020502471831156e-01  1.200078459622851e+00  1.200089916601916e+00  1.550143638939117e+00 
 1.204460932199559e-07  1.200000000000000e+00  7.586776872682223e-01  4.710707912343276e-01  5.027552481078447e-01  1.200058888586849e+00  1.199831498645570e+00  1.550142539846757e+00 
 1.204515321748889e-07  1.200000000000000e+00  7.597506805026624e-01  4.710854437071936e-01  5.034111916489984e-01  1.200043749026859e+00  1.199382358849039e+00  1.550141472184815e+00 
 1.204559866197101e-07  1.200000000000000e+00  7.605840665616760e-01  4.710971241119686e-01  5.039466412029381e-01  1.200033302511241e+00  1.198778280351070e+00  1.550140569435812e+00 
 1.204598055662420e-07  1.200000000000000e+00  7.612624339908057e-01  4.711069094121388e-01  5.044034469442408e-01  1.200025562304565e+00  1.198010157580357e+00  1.550139775195813e+00 
 1.204634073331124e-07  1.200000000000000e+00  7.618714963843496e-01  4.711159752044157e-01  5.048308110639619e-01  1.200019167294365e+00  1.196998389712985e+00  1.550139009016537e+00 
 1.204672895565512e-07  1.200000000000000e+00  7.624964419826653e-01  4.711256188819898e-01  5.052858176139799e-01  1.200013141606781e+00  1.195532472451495e+00  1.550138164657828e+00 
 1.204715099414616e-07  1.200000000000000e+00  7.631421364591107e-01  4.711360113600261e-01  5.057719785588584e-01  1.200007486953256e+00  1.193472059165754e+00  1.550137225070942e+00 
 1.204756937865903e-07  1.200000000000000e+00  7.637517206068098e-01  4.711462755215728e-01  5.062442713400187e-01  1.200002685961491e+00  1.190963607257121e+00  1.550136271471914e+00 
 1.204780897881619e-07  1.200000000000000e+00  7.640887512441246e-01  4.711521553145775e-01  5.065104787039165e-01  1.200000263579045e+00  1.189408712087615e+00  1.550135715487096e+00 
 1.204803641314100e-07  1.200000000000000e+00  7.644014711329865e-01  4.711577469787275e-01  5.067604453085168e-01  1.199998160278929e+00  1.188120204184991e+00  1.550135181119175e+00 
 1.204822310397129e-07  1.200000000000000e+00  7.646533009951813e-01  4.711623470120981e-01  5.069636975561181e-01  1.199996564072583e+00  1.187512622413164e+00  1.550134737690847e+00 
 1.204840528284351e-07  1.200000000000000e+00  7.648951110080346e-01  4.711668463528133e-01  5.071604271587601e-01  1.199995110390520e+00  1.187653763577152e+00  1.550134300837934e+00 
 1.204860478934505e-07  1.200000000000000e+00  7.651557781436076e-01  4.711717872305624e-01  5.073741390617336e-01  1.199993627079810e+00  1.189037096968915e+00  1.550133817766559e+00 
 1.204882386355143e-07  1.200000000000000e+00  7.654374289588772e-01  4.711772312999665e-01  5.076068836948425e-01  1.199992119207927e+00  1.192310763190663e+00  1.550133281726153e+00 
 1.204899459749582e-07  1.200000000000000e+00  7.656539820678572e-01  4.711814904450996e-01  5.077870686745850e-01  1.199991026543267e+00  1.195948935674528e+00  1.550132859931157e+00 
 1.204913140019669e-07  1.200000000000000e+00  7.658258819371260e-01  4.711849154672479e-01  5.079308234025528e-01  1.199990200374393e+00  1.199298040636349e+00  1.550132519424120e+00 
 1.204926129850706e-07  1.200000000000000e+00  7.659879629885549e-01  4.711881791603973e-01  5.080669194566557e-01  1.199989454496440e+00  1.202590950227137e+00  1.550132194022144e+00 
 1.204939196258473e-07  1.200000000000000e+00  7.661500364564312e-01  4.711914744176067e-01  5.082035129855857e-01  1.199988740375304e+00  1.205775576283178e+00  1.550131864666924e+00 
 1.204954698278513e-07  1.200000000000000e+00  7.663412289930766e-01  4.711954004251473e-01  5.083652521834843e-01  1.199987937662516e+00  1.209109340874206e+00  1.550131471285397e+00 
 1.204969143251070e-07  1.200000000000000e+00  7.665183642386825e-01  4.711990739510730e-01  5.085156511509876e-01  1.199987230733240e+00  1.211628667002628e+00  1.550131102167673e+00 
 1.204987994849978e-07  1.200000000000000e+00  7.667478984053411e-01  4.712038855804970e-01  5.087112949849952e-01  1.199986362822175e+00  1.213985947523991e+00  1.550130616754714e+00 
 1.205012666285007e-07  1.200000000000000e+00  7.670448110600692e-01  4.712101996032013e-01  5.089656157547041e-01  1.199985310552934e+00  1.215664041377706e+00  1.550129975220899e+00 
 1.205032509892538e-07  1.200000000000000e+00  7.672801901266084e-01  4.712152827615809e-01  5.091682373794808e-01  1.199984526280294e+00  1.216097652644653e+00  1.550129454109544e+00 
 1.205053934618930e-07  1.200000000000000e+00  7.675303104552539e-01  4.712207671651231e-01  5.093845366037586e-01  1.199983735198791e+00  1.215937602594093e+00  1.550128886402009e+00 
 1.205073422138581e-07  1.200000000000000e+00  7.677538740464125e-01  4.712257481713920e-01  5.095787319524586e-01  1.199983062020670e+00  1.215426330956003e+00  1.550128365488862e+00 
 1.205096170041615e-07  1.200000000000000e+00  7.680098527123979e-01  4.712315511726988e-01  5.098020580511470e-01  1.199982328501560e+00  1.214592775796366e+00  1.550127752010659e+00 
 1.205119982248487e-07  1.200000000000000e+00  7.682719437562535e-01  4.712376122693409e-01  5.100317394648589e-01  1.199981618050237e+00  1.213599307663069e+00  1.550127103647771e+00 
 1.205149575295158e-07  1.200000000000000e+00  7.685892518715369e-01  4.712451265191490e-01  5.103110608971162e-01  1.199980812435152e+00  1.212340293748456e+00  1.550126289185186e+00 
 1.205183530709182e-07  1.200000000000000e+00  7.689417780068732e-01  4.712537240401507e-01  5.106227507939631e-01  1.199979986249423e+00  1.210968169292548e+00  1.550125342965456e+00 
 1.205227862021385e-07  1.200000000000000e+00  7.693830315537409e-01  4.712649066511221e-01  5.110143898920088e-01  1.199979048868889e+00  1.209367294783573e+00  1.550124089178788e+00 
 1.205281225935740e-07  1.200000000000000e+00  7.698843421820811e-01  4.712782933549645e-01  5.114604479290266e-01  1.199978102916197e+00  1.207735354827597e+00  1.550122552969037e+00 
 1.205334903065572e-07  1.200000000000000e+00  7.703537776550023e-01  4.712916621035221e-01  5.118782155016852e-01  1.199977320761495e+00  1.206382339795330e+00  1.550120978921164e+00 
 1.205396024684972e-07  1.200000000000000e+00  7.708431397525941e-01  4.713067522755948e-01  5.123124620893623e-01  1.199976599875727e+00  1.205130076983308e+00  1.550119152709628e+00 
 1.205459841492032e-07  1.200000000000000e+00  7.713005392731535e-01  4.713223545274430e-01  5.127156893600083e-01  1.199976006696777e+00  1.204084495517759e+00  1.550117209158633e+00 
 1.205534666202656e-07  1.200000000000000e+00  7.717663257254168e-01  4.713404721235714e-01  5.131215195479789e-01  1.199975481376835e+00  1.203123109186210e+00  1.550114885085852e+00 
 1.205618348711129e-07  1.200000000000000e+00  7.722003593970901e-01  4.713605787398183e-01  5.134923221389993e-01  1.199975071735898e+00  1.202307672994668e+00  1.550112231832326e+00 
 1.205706760555427e-07  1.200000000000000e+00  7.725683739939789e-01  4.713817543827315e-01  5.137973187019820e-01  1.199974802028973e+00  1.201671570468355e+00  1.550109371568413e+00 
 1.205802520265469e-07  1.200000000000000e+00  7.728778139548214e-01  4.714047502233846e-01  5.140423625517465e-01  1.199974652127151e+00  1.201174923316283e+00  1.550106213961496e+00 
 1.205897279622843e-07  1.200000000000000e+00  7.731106049108487e-01  4.714276788442445e-01  5.142149657377403e-01  1.199974605641371e+00  1.200827072656344e+00  1.550103035247021e+00 
 1.206002243982893e-07  1.200000000000000e+00  7.733044382775373e-01  4.714533557812237e-01  5.143458334554294e-01  1.199974625218944e+00  1.200558731674022e+00  1.550099460485789e+00 
 1.206103990040432e-07  1.200000000000000e+00  7.734454789194029e-01  4.714785427393278e-01  5.144292230430119e-01  1.199974681303638e+00  1.200381231597232e+00  1.550095950448820e+00 
 1.206213199941688e-07  1.200000000000000e+00  7.735613679935106e-01  4.715058713938333e-01  5.144866110028050e-01  1.199974756242916e+00  1.200252194279062e+00  1.550092144500146e+00 
 1.206327642060832e-07  1.200000000000000e+00  7.736560893609380e-01  4.715347654382734e-01  5.145234492230762e-01  1.199974836380267e+00  1.200162860501029e+00  1.550088125680566e+00 
 1.206457778723719e-07  1.200000000000000e+00  7.737420178628197e-01  4.715678292035162e-01  5.145473977488126e-01  1.199974923161553e+00  1.200098079687623e+00  1.550083534217742e+00 
 1.206604674700048e-07  1.200000000000000e+00  7.738208424432441e-01  4.716052747825596e-01  5.145606405301614e-01  1.199975016905034e+00  1.200054228973165e+00  1.550078346308342e+00 
 1.206781062355519e-07  1.200000000000000e+00  7.738989066651806e-01  4.716502352475234e-01  5.145653157326124e-01  1.199975130298463e+00  1.200025281481141e+00  1.550072144456676e+00 
 1.206993419169682e-07  1.200000000000000e+00  7.739767141846776e-01  4.717041666406528e-01  5.145613611185329e-01  1.199975276195873e+00  1.200008599400211e+00  1.550064772670086e+00 
 1.207237615549819e-07  1.200000000000000e+00  7.740506311181123e-01  4.717657528223272e-01  5.145485832669840e-01  1.199975460360220e+00  1.200001094731609e+00  1.550056500146636e+00 
 1.207477669793609e-07  1.200000000000000e+00  7.741109581922935e-01  4.718257605019742e-01  5.145298405963897e-01  1.199975656116912e+00  1.199999023567121e+00  1.550048653878882e+00 
 1.207745232633883e-07  1.200000000000000e+00  7.741669946431013e-01  4.718919824603817e-01  5.145033911821333e-01  1.199975884999870e+00  1.199998798877620e+00  1.550040323574605e+00 
 1.208018459536769e-07  1.200000000000000e+00  7.742145060162753e-01  4.719588863768021e-01  5.144714463658279e-01  1.199976123598392e+00  1.199999123756362e+00  1.550032339534549e+00 
 1.208329232035894e-07  1.200000000000000e+00  7.742591678318032e-01  4.720341233134333e-01  5.144301962820473e-01  1.199976394606123e+00  1.199999468344481e+00  1.550023972419532e+00 
 1.208662846388968e-07  1.200000000000000e+00  7.742984578363965e-01  4.721139077471480e-01  5.143812429040924e-01  1.199976681028774e+00  1.199999676877472e+00  1.550015894402389e+00 
 1.209050295580454e-07  1.200000000000000e+00  7.743355746603021e-01  4.722053424973408e-01  5.143197068477091e-01  1.199977005595833e+00  1.199999775790987e+00  1.550007730415306e+00 
 1.209483385201299e-07  1.200000000000000e+00  7.743690239995021e-01  4.723060564491065e-01  5.142464702255461e-01  1.199977357683758e+00  1.199999805670763e+00  1.550000158161065e+00 
 1.209997931812701e-07  1.200000000000000e+00  7.744008461917493e-01  4.724237605523284e-01  5.141551503595108e-01  1.199977761939915e+00  1.199999808754540e+00  1.549993226965817e+00 
 1.210597179813107e-07  1.200000000000000e+00  7.744303301169227e-01  4.725582997116398e-01  5.140448960272506e-01  1.199978214769014e+00  1.199999805656916e+00  1.549987789582755e+00 
 1.211332410955033e-07  1.200000000000000e+00  7.744590349185627e-01  4.727198420766586e-01  5.139062715130546e-01  1.199978745757616e+00  1.199999803625586e+00  1.549984550728364e+00 
 1.212229365097099e-07  1.200000000000000e+00  7.744868536390582e-01  4.729119817834139e-01  5.137348545053576e-01  1.199979359517993e+00  1.199999803170315e+00  1.549984861256305e+00 
 1.213371803601211e-07  1.200000000000000e+00  7.745152474848102e-01  4.731494129910409e-01  5.135160318975905e-01  1.199980091737738e+00  1.199999803224579e+00  1.549990395995448e+00 
 1.214776320378252e-07  1.200000000000000e+00  7.745437190391260e-01  4.734310029516203e-01  5.132494731758828e-01  1.199980923620677e+00  1.199999803250082e+00  1.550002455335722e+00 
 1.216481961058359e-07  1.200000000000000e+00  7.745726815279529e-01  4.737590324016175e-01  5.129322938126779e-01  1.199981844709566e+00  1.199999803224309e+00  1.550021242122799e+00 
 1.218481961058359e-07  1.200000000000000e+00  7.746018576135719e-01  4.741260724076842e-01  5.125715257356714e-01  1.199982817208877e+00  1.199999803209120e+00  1.550044969420625e+00 
 1.220481961058359e-07  1.200000000000000e+00  7.746275227510957e-01  4.744758982867353e-01  5.122235385561195e-01  1.199983690137867e+00  1.199999803209090e+00  1.550067686834149e+00 
 1.222481961058359e-07  1.200000000000000e+00  7.746505495715307e-01  4.748101186538364e-01  5.118883335224357e-01  1.199984477909248e+00  1.199999803211435e+00  1.550087782313134e+00 
 1.224481961058358e-07  1.200000000000000e+00  7.746714214448742e-01  4.751301284371713e-01  5.115655198145451e-01  1.199985192387058e+00  1.199999803212331e+00  1.550104617080865e+00 
 1.226481961058358e-07  1.200000000000000e+00  7.746904475211017e-01  4.754371298874109e-01  5.112545295978791e-01  1.199985843332480e+00  1.199999803212494e+00  1.550118175007370e+00 
 1.228481961058358e-07  1.200000000000000e+00  7.747078573080495e-01  4.757321641712688e-01  5.109547321651824e-01  1.199986438850133e+00  1.199999803212549e+00  1.550128775400011e+00 
 1.230481961058358e-07  1.200000000000000e+00  7.747238389630537e-01  4.760161399723198e-01  5.106654911594575e-01  1.199986985726010e+00  1.199999803212507e+00  1.550136878023923e+00 
 1.232481961058358e-07  1.200000000000000e+00  7.747385541022543e-01  4.762898565812939e-01  5.103861922017081e-01  1.199987489682565e+00  1.199999803212440e+00  1.550142966180487e+00 
 1.234481961058358e-07  1.200000000000000e+00  7.747521436752024e-01  4.765540220399551e-01  5.101162553055874e-01  1.199987955579586e+00  1.199999803212465e+00  1.550147484848539e+00 
 1.236481961058358e-07  1.200000000000000e+00  7.747647308291241e-01  4.768092674412445e-01  5.098551394690534e-01  1.199988387569294e+00  1.199999803212431e+00  1.550150813795943e+00 
 1.238481961058358e-07  1.200000000000000e+00  7.747764229290796e-01  4.770561583447073e-01  5.096023432679451e-01  1.199988789221400e+00  1.199999803212597e+00  1.550153261083421e+00 
 1.240481961058358e-07  1.200000000000000e+00  7.747873133860674e-01  4.772952040243683e-01  5.093574034505722e-01  1.199989163621368e+00  1.199999803212492e+00  1.550155067354564e+00 
 1.242481961058357e-07  1.200000000000000e+00  7.747974834074332e-01  4.775268650601497e-01  5.091198925961822e-01  1.199989513450182e+00  1.199999803212605e+00  1.550156414992507e+00 
 1.244481961058357e-07  1.200000000000000e+00  7.748070036370845e-01  4.777515596397319e-01  5.088894164046840e-01  1.199989841047774e+00  1.199999803212616e+00  1.550157438717706e+00 
 1.246481961058357e-07  1.200000000000000e+00  7.748159356407452e-01  4.779696688406103e-01  5.086656109205199e-01  1.199990148466619e+00  1.199999803212553e+00  1.550158235793713e+00 
 1.248481961058357e-07  1.200000000000000e+00  7.748243332133975e-01  4.781815410916672e-01  5.084481398473149e-01  1.199990437514702e+00  1.199999803212498e+00  1.550158874980471e+00 
 1.250481961058357e-07  1.200000000000000e+00  7.748322435075542e-01  4.783874959674392e-01  5.082366920322632e-01  1.199990709789227e+00  1.199999803212495e+00  1.550159403939935e+00 
 1.252481961058357e-07  1.200000000000000e+00  7.748397079949370e-01  4.785878274344515e-01  5.080309791525000e-01  1.199990966708017e+00  1.199999803212550e+00  1.550159855106901e+00 
 1.254481961058357e-07  1.200000000000000e+00  7.748467632803929e-01  4.787828066442285e-01  5.078307336085908e-01  1.199991209533389e+00  1.199999803212598e+00  1.550160250188687e+00 
 1.256481961058357e-07  1.200000000000000e+00  7.748534417888004e-01  4.789726843459994e-01  5.076357066231095e-01  1.199991439393303e+00  1.199999803212505e+00  1.550160603515350e+00 
 1.258481961058357e-07  1.200000000000000e+00  7.748597723445358e-01  4.791576929835805e-01  5.074456665283512e-01  1.199991657297587e+00  1.199999803212544e+00  1.550160924468526e+00 
 1.260481961058356e-07  1.200000000000000e+00  7.748657806608363e-01  4.793380485217809e-01  5.072603972293508e-01  1.199991864155394e+00  1.199999803212652e+00  1.550161219197230e+00 
 1.262481961058356e-07  1.200000000000000e+00  7.748714897541548e-01  4.795139520471314e-01  5.070796968247158e-01  1.199992060784955e+00  1.199999803212489e+00  1.550161491798271e+00 
 1.264481961058356e-07  1.200000000000000e+00  7.748769202957572e-01  4.796855911733722e-01  5.069033763713018e-01  1.199992247925982e+00  1.199999803212593e+00  1.550161745105408e+00 
 1.266481961058356e-07  1.200000000000000e+00  7.748820909110986e-01  4.798531412813364e-01  5.067312587746972e-01  1.199992426248256e+00  1.199999803212625e+00  1.550161981200068e+00 
 1.268481961058356e-07  1.200000000000000e+00  7.748870184353334e-01  4.800167666155913e-01  5.065631777931799e-01  1.199992596360417e+00  1.199999803212599e+00  1.550162201729405e+00 
 1.270481961058356e-07  1.200000000000000e+00  7.748917181321185e-01  4.801766212588814e-01  5.063989771420407e-01  1.199992758816235e+00  1.199999803212459e+00  1.550162408094840e+00 
 1.272481961058356e-07  1.200000000000000e+00  7.748962038814149e-01  4.803328499988319e-01  5.062385096884777e-01  1.199992914120304e+00  1.199999803212536e+00  1.550162601556563e+00 
 1.274481961058356e-07  1.200000000000000e+00  7.749004883410741e-01  4.804855891029687e-01  5.060816367239998e-01  1.199993062734751e+00  1.199999803212549e+00  1.550162783285836e+00 
 1.276481961058356e-07  1.200000000000000e+00  7.749045830863560e-01  4.806349670116760e-01  5.059282273084470e-01  1.199993205082122e+00  1.199999803212464e+00  1.550162954386556e+00 
 1.278481961058355e-07  1.200000000000000e+00  7.749084987305799e-01  4.807811049610339e-01  5.057781576762985e-01  1.199993341550027e+00  1.199999803212500e+00  1.550163115900343e+00 
 1.280481961058355e-07  1.200000000000000e+00  7.749122450297532e-01  4.809241175438452e-01  5.056313106984565e-01  1.199993472495369e+00  1.199999803212434e+00  1.550163268803872e+00 
 1.282481961058355e-07  1.200000000000000e+00  7.749158309736356e-01  4.810641132152907e-01  5.054875753942580e-01  1.199993598246650e+00  1.199999803212477e+00  1.550163414004006e+00 
 1.284481961058355e-07  1.200000000000000e+00  7.749192648650740e-01  4.812011947500976e-01  5.053468464880539e-01  1.199993719105964e+00  1.199999803212594e+00  1.550163552333278e+00 
 1.286481961058355e-07  1.200000000000000e+00  7.749225543893613e-01  4.813354596575081e-01  5.052090240040158e-01  1.199993835353122e+00  1.199999803212433e+00  1.550163684547290e+00 
 1.288481961058355e-07  1.200000000000000e+00  7.749257066751085e-01  4.814670005577154e-01  5.050740128982903e-01  1.199993947247358e+00  1.199999803212402e+00  1.550163811324359e+00 
 1.290481961058355e-07  1.200000000000000e+00  7.749287283477121e-01  4.815959055248345e-01  5.049417227211729e-01  1.199994055028168e+00  1.199999803212511e+00  1.550163933267238e+00 
 1.292481961058355e-07  1.200000000000000e+00  7.749316255765334e-01  4.817222583995226e-01  5.048120673097569e-01  1.199994158918239e+00  1.199999803212421e+00  1.550164050906624e+00 
 1.294481961058354e-07  1.200000000000000e+00  7.749344041166137e-01  4.818461390742881e-01  5.046849645053929e-01  1.199994259123991e+00  1.199999803212405e+00  1.550164164705869e+00 
 1.296481961058354e-07  1.200000000000000e+00  7.749370693456715e-01  4.819676237541291e-01  5.045603358943190e-01  1.199994355837787e+00  1.199999803212417e+00  1.550164275066547e+00 
 1.298481961058354e-07  1.200000000000000e+00  7.749396262969901e-01  4.820867851964804e-01  5.044381065697228e-01  1.199994449239217e+00  1.199999803212366e+00  1.550164382334441e+00 
 1.300481961058354e-07  1.200000000000000e+00  7.749420796887551e-01  4.822036929305062e-01  5.043182049125501e-01  1.199994539494896e+00  1.199999803212500e+00  1.550164486805563e+00 
 1.302481961058354e-07  1.200000000000000e+00  7.749444339502860e-01  4.823184134590636e-01  5.042005623897988e-01  1.199994626761596e+00  1.199999803212435e+00  1.550164588731998e+00 
 1.304481961058354e-07  1.200000000000000e+00  7.749466932454845e-01  4.824310104446209e-01  5.040851133682998e-01  1.199994711184929e+00  1.199999803212344e+00  1.550164688327506e+00 
 1.306481961058354e-07  1.200000000000000e+00  7.749488614941060e-01  4.825415448802915e-01  5.039717949425805e-01  1.199994792901624e+00  1.199999803212505e+00  1.550164785772514e+00 
 1.308481961058354e-07  1.200000000000000e+00  7.749509423907019e-01  4.826500752475008e-01  5.038605467767275e-01  1.199994872038873e+00  1.199999803212518e+00  1.550164881218787e+00 
 1.310481961058354e-07  1.200000000000000e+00  7.749529394218263e-01  4.827566576632963e-01  5.037513109565239e-01  1.199994948717715e+00  1.199999803212524e+00  1.550164974793494e+00 
 1.312481961058353e-07  1.200000000000000e+00  7.749548558816263e-01  4.828613460139113e-01  5.036440318530132e-01  1.199995023050575e+00  1.199999803212537e+00  1.550165066602768e+00 
 1.314481961058353e-07  1.200000000000000e+00  7.749566948859468e-01  4.829641920809380e-01  5.035386559965372e-01  1.199995095143542e+00  1.199999803212576e+00  1.550165156734845e+00 
 1.316481961058353e-07  1.200000000000000e+00  7.749584593851145e-01  4.830652456567257e-01  5.034351319587130e-01  1.199995165095681e+00  1.199999803212472e+00  1.550165245262731e+00 
 1.318481961058353e-07  1.200000000000000e+00  7.749601521756918e-01  4.831645546523029e-01  5.033334102438770e-01  1.199995233001658e+00  1.199999803212497e+00  1.550165332246496e+00 
 1.320481961058353e-07  1.200000000000000e+00  7.749617759110539e-01  4.832621651976727e-01  5.032334431870835e-01  1.199995298949099e+00  1.199999803212487e+00  1.550165417735263e+00 
 1.322481961058353e-07  1.200000000000000e+00  7.749633331111390e-01  4.833581217346882e-01  5.031351848598218e-01  1.199995363021652e+00  1.199999803212547e+00  1.550165501768838e+00 
 1.324481961058353e-07  1.200000000000000e+00  7.749648261713988e-01  4.834524671035336e-01  5.030385909815648e-01  1.199995425298487e+00  1.199999803212473e+00  1.550165584379160e+00 
 1.326481961058353e-07  1.200000000000000e+00  7.749662573709850e-01  4.835452426237582e-01  5.029436188373664e-01  1.199995485853711e+00  1.199999803212445e+00  1.550165665591459e+00 
 1.328481961058353e-07  1.200000000000000e+00  7.749676288801139e-01  4.836364881697829e-01  5.028502272008735e-01  1.199995544757159e+00  1.199999803212430e+00  1.550165745425361e+00 
 1.330481961058352e-07  1.200000000000000e+00  7.749689427671087e-01  4.837262422408017e-01  5.027583762633633e-01  1.199995602076158e+00  1.199999803212618e+00  1.550165823895709e+00 
 1.332481961058352e-07  1.200000000000000e+00  7.749702010047212e-01  4.838145420271605e-01  5.026680275653378e-01  1.199995657873771e+00  1.199999803212505e+00  1.550165901013341e+00 
 1.334481961058352e-07  1.200000000000000e+00  7.749714054759417e-01  4.839014234718075e-01  5.025791439341369e-01  1.199995712209117e+00  1.199999803212542e+00  1.550165976785723e+00 
 1.336481961058352e-07  1.200000000000000e+00  7.749725579794697e-01  4.839869213277883e-01  5.024916894245646e-01  1.199995765139280e+00  1.199999803212411e+00  1.550166051217544e+00 
 1.338481961058352e-07  1.200000000000000e+00  7.749736602347066e-01  4.840710692123621e-01  5.024056292639180e-01  1.199995816717807e+00  1.199999803212401e+00  1.550166124311192e+00 
 1.340481961058352e-07  1.200000000000000e+00  7.749747138863311e-01  4.841538996579278e-01  5.023209297992581e-01  1.199995866996130e+00  1.199999803212399e+00  1.550166196067162e+00 
 1.342481961058352e-07  1.200000000000000e+00  7.749757205086398e-01  4.842354441596502e-01  5.022375584493518e-01  1.199995916022091e+00  1.199999803212405e+00  1.550166266484466e+00 
 1.344481961058352e-07  1.200000000000000e+00  7.749766816095824e-01  4.843157332198132e-01  5.021554836574126e-01  1.199995963842456e+00  1.199999803212426e+00  1.550166335560973e+00 
 1.346481961058352e-07  1.200000000000000e+00  7.749775986343697e-01  4.843947963908953e-01  5.020746748488406e-01  1.199996010500880e+00  1.199999803212544e+00  1.550166403293657e+00 
 1.348481961058351e-07  1.200000000000000e+00  7.749784729689744e-01  4.844726623142634e-01  5.019951023899433e-01  1.199996056039171e+00  1.199999803212534e+00  1.550166469678893e+00 
 1.350481961058351e-07  1.200000000000000e+00  7.749793059433536e-01  4.845493587585157e-01  5.019167375494085e-01  1.199996100497049e+00  1.199999803212415e+00  1.550166534712671e+00 
 1.352481961058351e-07  1.200000000000000e+00  7.749800988344115e-01  4.846249126543959e-01  5.018395524618421e-01  1.199996143912756e+00  1.199999803212342e+00  1.550166598390788e+00 
 1.354481961058351e-07  1.200000000000000e+00  7.749808528687898e-01  4.846993501280684e-01  5.017635200932409e-01  1.199996186322124e+00  1.199999803212422e+00  1.550166660709007e+00 
 1.356481961058351e-07  1.200000000000000e+00  7.749815692255049e-01  4.847726965327943e-01  5.016886142087350e-01  1.199996227760298e+00  1.199999803212591e+00  1.550166721663246e+00 
 1.358481961058351e-07  1.200000000000000e+00  7.749822490383402e-01  4.848449764787249e-01  5.016148093418710e-01  1.199996268259472e+00  1.199999803212453e+00  1.550166781249663e+00 
 1.360481961058351e-07  1.200000000000000e+00  7.749828933981616e-01  4.849162138611748e-01  5.015420807648392e-01  1.199996307851563e+00  1.199999803212501e+00  1.550166839464791e+00 
 1.362481961058351e-07  1.200000000000000e+00  7.749835033550549e-01  4.849864318875410e-01  5.014704044613965e-01  1.199996346566573e+00  1.199999803212525e+00  1.550166896305637e+00 
 1.364481961058350e-07  1.200000000000000e+00  7.749840799203511e-01  4.850556531024507e-01  5.013997571004580e-01  1.199996384433315e+00  1.199999803212529e+00  1.550166951769718e+00 
 1.366481961058350e-07  1.200000000000000e+00  7.749846240684672e-01  4.851238994122449e-01  5.013301160109929e-01  1.199996421479343e+00  1.199999803212447e+00  1.550167005855171e+00 
 1.368481961058350e-07  1.200000000000000e+00  7.749851367386584e-01  4.851911921072920e-01  5.012614591582412e-01  1.199996457731173e+00  1.199999803212515e+00  1.550167058560747e+00 
 1.370481961058350e-07  1.200000000000000e+00  7.749856188367553e-01  4.852575518848686e-01  5.011937651213392e-01  1.199996493214031e+00  1.199999803212456e+00  1.550167109885885e+00 
 1.372481961058350e-07  1.200000000000000e+00  7.749860712366911e-01  4.853229988685576e-01  5.011270130721545e-01  1.199996527951912e+00  1.199999803212451e+00  1.550167159830711e+00 
 1.374481961058350e-07  1.200000000000000e+00  7.749864947819474e-01  4.853875526291901e-01  5.010611827540951e-01  1.199996561968232e+00  1.199999803212448e+00  1.550167208396055e+00 
 1.376481961058350e-07  1.200000000000000e+00  7.749868902869547e-01  4.854512322027626e-01  5.009962544630407e-01  1.199996595284842e+00  1.199999803212444e+00  1.550167255583445e+00 
 1.378481961058350e-07  1.200000000000000e+00  7.749872585384016e-01  4.855140561092960e-01  5.009322090290669e-01  1.199996627923100e+00  1.199999803212437e+00  1.550167301395149e+00 
 1.380481961058350e-07  1.200000000000000e+00  7.749876002964977e-01  4.855760423694075e-01  5.008690277975980e-01  1.199996659903879e+00  1.199999803212521e+00  1.550167345834117e+00 
 1.382481961058349e-07  1.200000000000000e+00  7.749879162961013e-01  4.856372085207357e-01  5.008066926134443e-01  1.199996691246937e+00  1.199999803212463e+00  1.550167388903949e+00 
 1.384481961058349e-07  1.200000000000000e+00  7.749882072478212e-01  4.856975716341599e-01  5.007451858041224e-01  1.199996721970889e+00  1.199999803212568e+00  1.550167430608915e+00 
 1.386481961058349e-07  1.200000000000000e+00  7.749884738390932e-01  4.857571483280188e-01  5.006844901643110e-01  1.199996752093682e+00  1.199999803212629e+00  1.550167470953921e+00 
 1.388481961058349e-07  1.200000000000000e+00  7.749887167351017e-01  4.858159547833447e-01  5.006245889409924e-01  1.199996781632930e+00  1.199999803212539e+00  1.550167509944474e+00 
 1.390481961058349e-07  1.200000000000000e+00  7.749889365798082e-01  4.858740067573871e-01  5.005654658192012e-01  1.199996810605204e+00  1.199999803212492e+00  1.550167547586646e+00 
 1.392481961058349e-07  1.200000000000000e+00  7.749891339967542e-01  4.859313195961762e-01  5.005071049077597e-01  1.199996839027274e+00  1.199999803212544e+00  1.550167583887035e+00 
 1.394481961058349e-07  1.200000000000000e+00  7.749893095899207e-01  4.859879082481921e-01  5.004494907273348e-01  1.199996866914350e+00  1.199999803212405e+00  1.550167618852740e+00 
 1.396481961058349e-07  1.200000000000000e+00  7.749894639444918e-01  4.860437872760889e-01  5.003926081966883e-01  1.199996894280843e+00  1.199999803212398e+00  1.550167652491335e+00 
 1.398481961058349e-07  1.200000000000000e+00  7.749895976276983e-01  4.860989708685171e-01  5.003364426213011e-01  1.199996921141812e+00  1.199999803212376e+00  1.550167684810808e+00 
 1.400481961058348e-07  1.200000000000000e+00  7.749897111894596e-01  4.861534728511513e-01  5.002809796811007e-01  1.199996947510924e+00  1.199999803212469e+00  1.550167715819563e+00 
 1.402481961058348e-07  1.200000000000000e+00  7.749898051630665e-01  4.862073066976312e-01  5.002262054196326e-01  1.199996973401635e+00  1.199999803212412e+00  1.550167745526341e+00 
 1.404481961058348e-07  1.200000000000000e+00  7.749898800658578e-01  4.862604855405382e-01  5.001721062332968e-01  1.199996998826551e+00  1.199999803212523e+00  1.550167773940208e+00 
 1.406481961058348e-07  1.200000000000000e+00  7.749899363998197e-01  4.863130221804527e-01  5.001186688609723e-01  1.199997023798472e+00  1.199999803212580e+00  1.550167801070538e+00 
 1.408481961058348e-07  1.200000000000000e+00  7.749899746521602e-01  4.863649290964587e-01  5.000658803735540e-01  1.199997048329303e+00  1.199999803212463e+00  1.550167826926952e+00 
 1.410481961058348e-07  1.200000000000000e+00  7.749899952958678e-01  4.864162184551569e-01  5.000137281649002e-01  1.199997072430417e+00  1.199999803212474e+00  1.550167851519304e+00 
 1.412481961058348e-07  1.200000000000000e+00  7.749899987902770e-01  4.864669021196698e-01  4.999621999425145e-01  1.199997096113297e+00  1.199999803212394e+00  1.550167874857665e+00 
 1.414481961058348e-07  1.200000000000000e+00  7.749899855815342e-01  4.865169916584112e-01  4.999112837179440e-01  1.199997119388590e+00  1.199999803212373e+00  1.550167896952259e+00 
 1.416481961058348e-07  1.200000000000000e+00  7.749899561030813e-01  4.865664983531854e-01  4.998609677982728e-01  1.199997142266465e+00  1.199999803212478e+00  1.550167917813484e+00 
 1.418481961058347e-07  1.200000000000000e+00  7.749899107761483e-01  4.866154332077381e-01  4.998112407788782e-01  1.199997164757218e+00  1.199999803212420e+00  1.550167937451880e+00 
 1.420481961058347e-07  1.200000000000000e+00  7.749898500101761e-01  4.866638069557089e-01  4.997620915337724e-01  1.199997186870811e+00  1.199999803212451e+00  1.550167955878071e+00 
 1.422481961058347e-07  1.200000000000000e+00  7.749897742032008e-01  4.867116300673381e-01  4.997135092084117e-01  1.199997208616322e+00  1.199999803212479e+00  1.550167973102818e+00 
 1.424481961058347e-07  1.200000000000000e+00  7.749896837423179e-01  4.867589127578341e-01  4.996654832125412e-01  1.199997230002950e+00  1.199999803212419e+00  1.550167989136936e+00 
 1.426481961058347e-07  1.200000000000000e+00  7.749895790040121e-01  4.868056649939764e-01  4.996180032127425e-01  1.199997251039347e+00  1.199999803212455e+00  1.550168003991298e+00 
 1.428481961058347e-07  1.200000000000000e+00  7.749894603545400e-01  4.868518965005614e-01  4.995710591249592e-01  1.199997271734223e+00  1.199999803212401e+00  1.550168017676857e+00 
 1.430481961058347e-07  1.200000000000000e+00  7.749893281503015e-01  4.868976167674965e-01  4.995246411078691e-01  1.199997292095973e+00  1.199999803212399e+00  1.550168030204603e+00 
 1.432481961058347e-07  1.200000000000000e+00  7.749891827381512e-01  4.869428350566262e-01  4.994787395563278e-01  1.199997312132487e+00  1.199999803212402e+00  1.550168041585570e+00 
 1.434481961058346e-07  1.200000000000000e+00  7.749890244556942e-01  4.869875604070935e-01  4.994333450951611e-01  1.199997331851022e+00  1.199999803212409e+00  1.550168051830828e+00 
 1.436481961058346e-07  1.200000000000000e+00  7.749888536316818e-01  4.870318016419313e-01  4.993884485722392e-01  1.199997351259720e+00  1.199999803212628e+00  1.550168060951482e+00 
 1.438481961058346e-07  1.200000000000000e+00  7.749886705861699e-01  4.870755673741102e-01  4.993440410534006e-01  1.199997370365418e+00  1.199999803212592e+00  1.550168068958670e+00 
 1.440481961058346e-07  1.200000000000000e+00  7.749884756309460e-01  4.871188660113189e-01  4.993001138160297e-01  1.199997389175364e+00  1.199999803212409e+00  1.550168075863556e+00 
 1.442481961058346e-07  1.200000000000000e+00  7.749882690696962e-01  4.871617057624579e-01  4.992566583434885e-01  1.199997407695918e+00  1.199999803212430e+00  1.550168081677334e+00 
 1.444481961058346e-07  1.200000000000000e+00  7.749880511983246e-01  4.872040946424943e-01  4.992136663197451e-01  1.199997425934247e+00  1.199999803212561e+00  1.550168086411218e+00 
 1.446481961058346e-07  1.200000000000000e+00  7.749878223051551e-01  4.872460404774386e-01  4.991711296240433e-01  1.199997443896696e+00  1.199999803212570e+00  1.550168090076464e+00 
 1.448481961058346e-07  1.200000000000000e+00  7.749875826711949e-01  4.872875509098043e-01  4.991290403257569e-01  1.199997461589215e+00  1.199999803212465e+00  1.550168092684387e+00 
 1.450481961058346e-07  1.200000000000000e+00  7.749873325703813e-01  4.873286334030887e-01  4.990873906792113e-01  1.199997479018137e+00  1.199999803212479e+00  1.550168094246304e+00 
 1.452481961058345e-07  1.200000000000000e+00  7.749870722697556e-01  4.873692952472691e-01  4.990461731186189e-01  1.199997496189095e+00  1.199999803212424e+00  1.550168094773610e+00 
 1.454481961058345e-07  1.200000000000000e+00  7.749868020297337e-01  4.874095435620990e-01  4.990053802542077e-01  1.199997513107444e+00  1.199999803212452e+00  1.550168094277740e+00 
 1.456481961058345e-07  1.200000000000000e+00  7.749865221042600e-01  4.874493853026935e-01  4.989650048671043e-01  1.199997529779331e+00  1.199999803212408e+00  1.550168092770170e+00 
 1.458481961058345e-07  1.200000000000000e+00  7.749862327410340e-01  4.874888272634851e-01  4.989250399047557e-01  1.199997546209738e+00  1.199999803212424e+00  1.550168090262466e+00 
 1.460481961058345e-07  1.200000000000000e+00  7.749859341816623e-01  4.875278760823711e-01  4.988854784764609e-01  1.199997562403993e+00  1.199999803212485e+00  1.550168086766257e+00 
 1.462481961058345e-07  1.200000000000000e+00  7.749856266618951e-01  4.875665382447510e-01  4.988463138497845e-01  1.199997578367324e+00  1.199999803212561e+00  1.550168082293247e+00 
 1.464481961058345e-07  1.200000000000000e+00  7.749853104117695e-01  4.876048200877689e-01  4.988075394459071e-01  1.199997594104158e+00  1.199999803212571e+00  1.550168076855221e+00 
 1.466481961058345e-07  1.200000000000000e+00  7.749849856557792e-01  4.876427278040178e-01  4.987691488361192e-01  1.199997609619468e+00  1.199999803212567e+00  1.550168070464056e+00 
 1.468481961058345e-07  1.200000000000000e+00  7.749846526130375e-01  4.876802674451400e-01  4.987311357379472e-01  1.199997624918069e+00  1.199999803212572e+00  1.550168063131721e+00 
 1.470481961058344e-07  1.200000000000000e+00  7.749843114974188e-01  4.877174449256884e-01  4.986934940105167e-01  1.199997640004203e+00  1.199999803212478e+00  1.550168054870287e+00 
 1.472481961058344e-07  1.200000000000000e+00  7.749839625177239e-01  4.877542660266339e-01  4.986562176522392e-01  1.199997654882729e+00  1.199999803212417e+00  1.550168045691938e+00 
 1.474481961058344e-07  1.200000000000000e+00  7.749836058778343e-01  4.877907363986925e-01  4.986193007964145e-01  1.199997669557390e+00  1.199999803212561e+00  1.550168035608959e+00 
 1.476481961058344e-07  1.200000000000000e+00  7.749832417768810e-01  4.878268615656596e-01  4.985827377078348e-01  1.199997684032625e+00  1.199999803212672e+00  1.550168024633764e+00 
 1.478481961058344e-07  1.200000000000000e+00  7.749828704092847e-01  4.878626469279642e-01  4.985465227799329e-01  1.199997698312175e+00  1.199999803212526e+00  1.550168012778866e+00 
 1.480481961058344e-07  1.200000000000000e+00  7.749824919649929e-01  4.878980977655749e-01  4.985106505309636e-01  1.199997712400232e+00  1.199999803212403e+00  1.550168000056905e+00 
 1.482481961058344e-07  1.200000000000000e+00  7.749821066295306e-01  4.879332192414185e-01  4.984751156011659e-01  1.199997726300754e+00  1.199999803212416e+00  1.550167986480647e+00 
 1.484481961058344e-07  1.200000000000000e+00  7.749817145841674e-01  4.879680164037458e-01  4.984399127494046e-01  1.199997740017116e+00  1.199999803212455e+00  1.550167972062987e+00 
 1.486481961058343e-07  1.200000000000000e+00  7.749813160059852e-01  4.880024941897855e-01  4.984050368505260e-01  1.199997753553175e+00  1.199999803212422e+00  1.550167956816948e+00 
 1.488481961058343e-07  1.200000000000000e+00  7.749809110680632e-01  4.880366574276999e-01  4.983704828925554e-01  1.199997766912477e+00  1.199999803212488e+00  1.550167940755669e+00 
 1.490481961058343e-07  1.200000000000000e+00  7.749804999395060e-01  4.880705108405379e-01  4.983362459726634e-01  1.199997780098245e+00  1.199999803212461e+00  1.550167923892423e+00 
 1.492481961058343e-07  1.200000000000000e+00  7.749800827856570e-01  4.881040590478494e-01  4.983023212960327e-01  1.199997793113867e+00  1.199999803212430e+00  1.550167906240602e+00 
 1.494481961058343e-07  1.200000000000000e+00  7.749796597680788e-01  4.881373065686155e-01  4.982687041723055e-01  1.199997805962731e+00  1.199999803212473e+00  1.550167887813719e+00 
 1.496481961058343e-07  1.200000000000000e+00  7.749792310447303e-01  4.881702578240948e-01  4.982353900128315e-01  1.199997818647998e+00  1.199999803212526e+00  1.550167868625385e+00 
 1.498481961058343e-07  1.200000000000000e+00  7.749787967700535e-01  4.882029171398263e-01  4.982023743286346e-01  1.199997831173241e+00  1.199999803212422e+00  1.550167848689343e+00 
 1.500481961058343e-07  1.200000000000000e+00  7.749783570950488e-01  4.882352887486225e-01  4.981696527274617e-01  1.199997843540528e+00  1.199999803212553e+00  1.550167828019467e+00 
 1.502481961058343e-07  1.200000000000000e+00  7.749779121673831e-01  4.882673767924287e-01  4.981372209114737e-01  1.199997855753143e+00  1.199999803212485e+00  1.550167806629691e+00 
 1.504481961058342e-07  1.200000000000000e+00  7.749774621314331e-01  4.882991853248221e-01  4.981050746752641e-01  1.199997867814497e+00  1.199999803212557e+00  1.550167784534074e+00 
 1.506481961058342e-07  1.200000000000000e+00  7.749770071284178e-01  4.883307183127985e-01  4.980732099031879e-01  1.199997879726883e+00  1.199999803212572e+00  1.550167761746756e+00 
 1.508481961058342e-07  1.200000000000000e+00  7.749765472964992e-01  4.883619796399060e-01  4.980416225674895e-01  1.199997891493035e+00  1.199999803212481e+00  1.550167738281973e+00 
 1.510481961058342e-07  1.200000000000000e+00  7.749760827707781e-01  4.883929731073680e-01  4.980103087253666e-01  1.199997903115811e+00  1.199999803212532e+00  1.550167714154010e+00 
 1.512481961058342e-07  1.200000000000000e+00  7.749756136834589e-01  4.884237024366674e-01  4.979792645176789e-01  1.199997914597738e+00  1.199999803212437e+00  1.550167689377226e+00 
 1.514481961058342e-07  1.200000000000000e+00  7.749751401638761e-01  4.884541712713773e-01  4.979484861663804e-01  1.199997925941370e+00  1.199999803212586e+00  1.550167663966027e+00 
 1.516481961058342e-07  1.200000000000000e+00  7.749746623385724e-01  4.884843831791235e-01  4.979179699728445e-01  1.199997937149061e+00  1.199999803212528e+00  1.550167637934888e+00 
 1.518481961058342e-07  1.200000000000000e+00  7.749741803313487e-01  4.885143416531336e-01  4.978877123157723e-01  1.199997948223286e+00  1.199999803212418e+00  1.550167611298293e+00 
 1.520481961058342e-07  1.200000000000000e+00  7.749736942633813e-01  4.885440501147961e-01  4.978577096489473e-01  1.199997959166603e+00  1.199999803212477e+00  1.550167584070748e+00 
 1.522481961058341e-07  1.200000000000000e+00  7.749732042532561e-01  4.885735119149855e-01  4.978279585002968e-01  1.199997969981412e+00  1.199999803212448e+00  1.550167556266793e+00 
 1.524481961058341e-07  1.200000000000000e+00  7.749727104170422e-01  4.886027303357677e-01  4.977984554692093e-01  1.199997980669765e+00  1.199999803212507e+00  1.550167527900964e+00 
 1.526481961058341e-07  1.200000000000000e+00  7.749722128683236e-01  4.886317085921982e-01  4.977691972249714e-01  1.199997991233605e+00  1.199999803212598e+00  1.550167498987763e+00 
 1.528481961058341e-07  1.200000000000000e+00  7.749717117183181e-01  4.886604498340365e-01  4.977401805053849e-01  1.199998001675415e+00  1.199999803212526e+00  1.550167469541688e+00 
 1.530481961058341e-07  1.200000000000000e+00  7.749712070758723e-01  4.886889571473512e-01  4.977114021143894e-01  1.199998011997063e+00  1.199999803212418e+00  1.550167439577190e+00 
 1.532481961058341e-07  1.200000000000000e+00  7.749706990475550e-01  4.887172335561293e-01  4.976828589212844e-01  1.199998022200983e+00  1.199999803212457e+00  1.550167409108687e+00 
 1.534481961058341e-07  1.200000000000000e+00  7.749701877377126e-01  4.887452820234487e-01  4.976545478586658e-01  1.199998032288908e+00  1.199999803212435e+00  1.550167378150523e+00 
 1.536481961058341e-07  1.200000000000000e+00  7.749696732485107e-01  4.887731054532603e-01  4.976264659211651e-01  1.199998042262965e+00  1.199999803212499e+00  1.550167346716946e+00 
 1.538481961058341e-07  1.200000000000000e+00  7.749691556799549e-01  4.888007066921501e-01  4.975986101636462e-01  1.199998052124702e+00  1.199999803212493e+00  1.550167314822145e+00 
 1.540481961058340e-07  1.200000000000000e+00  7.749686351300287e-01  4.888280885299088e-01  4.975709776999048e-01  1.199998061876179e+00  1.199999803212563e+00  1.550167282480229e+00 
 1.542481961058340e-07  1.200000000000000e+00  7.749681116946550e-01  4.888552537018417e-01  4.975435657009685e-01  1.199998071519529e+00  1.199999803212477e+00  1.550167249705154e+00 
 1.544481961058340e-07  1.200000000000000e+00  7.749675854677522e-01  4.888822048893604e-01  4.975163713939996e-01  1.199998081056436e+00  1.199999803212531e+00  1.550167216510760e+00 
 1.546481961058340e-07  1.200000000000000e+00  7.749670565413608e-01  4.889089447218519e-01  4.974893920609619e-01  1.199998090488374e+00  1.199999803212439e+00  1.550167182910759e+00 
 1.548481961058340e-07  1.200000000000000e+00  7.749665250055735e-01  4.889354757772064e-01  4.974626250370789e-01  1.199998099817207e+00  1.199999803212590e+00  1.550167148918720e+00 
 1.550481961058340e-07  1.200000000000000e+00  7.749659909486654e-01  4.889618005839688e-01  4.974360677101455e-01  1.199998109044684e+00  1.199999803212520e+00  1.550167114548044e+00 
 1.552481961058340e-07  1.200000000000000e+00  7.749654544571055e-01  4.889879216220476e-01  4.974097175181947e-01  1.199998118172340e+00  1.199999803212503e+00  1.550167079811963e+00 
 1.554481961058340e-07  1.200000000000000e+00  7.749649156155753e-01  4.890138413238072e-01  4.973835719487105e-01  1.199998127202072e+00  1.199999803212492e+00  1.550167044723537e+00 
 1.556481961058339e-07  1.200000000000000e+00  7.749643745070474e-01  4.890395620751884e-01  4.973576285383055e-01  1.199998136135097e+00  1.199999803212472e+00  1.550167009295619e+00 
 1.558481961058339e-07  1.200000000000000e+00  7.749638312128122e-01  4.890650862172498e-01  4.973318848706385e-01  1.199998144972895e+00  1.199999803212435e+00  1.550166973540861e+00 
 1.560481961058339e-07  1.200000000000000e+00  7.749632858125030e-01  4.890904160469199e-01  4.973063385752085e-01  1.199998153717240e+00  1.199999803212586e+00  1.550166937471726e+00 
 1.562481961058339e-07  1.200000000000000e+00  7.749627383841257e-01  4.891155538181061e-01  4.972809873270445e-01  1.199998162369688e+00  1.199999803212628e+00  1.550166901100432e+00 
 1.564481961058339e-07  1.200000000000000e+00  7.749621890040983e-01  4.891405017424396e-01  4.972558288447768e-01  1.199998170931178e+00  1.199999803212489e+00  1.550166864438973e+00 
 1.566481961058339e-07  1.200000000000000e+00  7.749616377375724e-01  4.891652620009172e-01  4.972308608762182e-01  1.199998179454194e+00  1.199999803212517e+00  1.550166827499105e+00 
 1.568481961058339e-07  1.200000000000000e+00  7.749610846637560e-01  4.891898367177522e-01  4.972060812328384e-01  1.199998187849340e+00  1.199999803212471e+00  1.550166790292341e+00 
 1.570481961058339e-07  1.200000000000000e+00  7.749605298577874e-01  4.892142279818151e-01  4.971814877635943e-01  1.199998196146091e+00  1.199999803212403e+00  1.550166752829933e+00 
 1.572481961058339e-07  1.200000000000000e+00  7.749599733910221e-01  4.892384378459785e-01  4.971570783541724e-01  1.199998204357314e+00  1.199999803212510e+00  1.550166715122873e+00 
 1.574481961058338e-07  1.200000000000000e+00  7.749594153327145e-01  4.892624683262276e-01  4.971328509281654e-01  1.199998212485129e+00  1.199999803212555e+00  1.550166677181903e+00 
 1.576481961058338e-07  1.200000000000000e+00  7.749588557505707e-01  4.892863214025643e-01  4.971088034470510e-01  1.199998220530758e+00  1.199999803212619e+00  1.550166639017495e+00 
 1.578481961058338e-07  1.200000000000000e+00  7.749582947108928e-01  4.893099990194525e-01  4.970849339092500e-01  1.199998228495170e+00  1.199999803212505e+00  1.550166600639856e+00 
 1.580481961058338e-07  1.200000000000000e+00  7.749577322786345e-01  4.893335030867156e-01  4.970612403496111e-01  1.199998236379268e+00  1.199999803212448e+00  1.550166562058912e+00 
 1.582481961058338e-07  1.200000000000000e+00  7.749571685174372e-01  4.893568354801325e-01  4.970377208384434e-01  1.199998244184799e+00  1.199999803212573e+00  1.550166523284319e+00 
 1.584481961058338e-07  1.200000000000000e+00  7.749566034896785e-01  4.893799980425232e-01  4.970143734806137e-01  1.199998251912325e+00  1.199999803212441e+00  1.550166484325460e+00 
 1.586481961058338e-07  1.200000000000000e+00  7.749560372565103e-01  4.894029925847335e-01  4.969911964147624e-01  1.199998259563551e+00  1.199999803212471e+00  1.550166445191434e+00 
 1.588481961058338e-07  1.200000000000000e+00  7.749554698778170e-01  4.894258208855399e-01  4.969681878122987e-01  1.199998267139423e+00  1.199999803212406e+00  1.550166405891048e+00 
 1.590481961058338e-07  1.200000000000000e+00  7.749549014123185e-01  4.894484846930519e-01  4.969453458773270e-01  1.199998274640885e+00  1.199999803212422e+00  1.550166366432788e+00 
 1.592481961058337e-07  1.200000000000000e+00  7.749543319175386e-01  4.894709857252940e-01  4.969226688450603e-01  1.199998282069356e+00  1.199999803212449e+00  1.550166326824894e+00 
 1.594481961058337e-07  1.200000000000000e+00  7.749537614498753e-01  4.894933256709526e-01  4.969001549815844e-01  1.199998289425654e+00  1.199999803212483e+00  1.550166287075304e+00 
 1.596481961058337e-07  1.200000000000000e+00  7.749531900645802e-01  4.895155061898637e-01  4.968778025832046e-01  1.199998296710761e+00  1.199999803212514e+00  1.550166247191682e+00 
 1.598481961058337e-07  1.200000000000000e+00  7.749526178158234e-01  4.895375289141071e-01  4.968556099752148e-01  1.199998303925834e+00  1.199999803212467e+00  1.550166207181379e+00 
 1.600481961058337e-07  1.200000000000000e+00  7.749520447566721e-01  4.895593954477432e-01  4.968335755118916e-01  1.199998311071944e+00  1.199999803212401e+00  1.550166167051492e+00 
 1.602481961058337e-07  1.200000000000000e+00  7.749514709391407e-01  4.895811073684327e-01  4.968116975752930e-01  1.199998318149486e+00  1.199999803212508e+00  1.550166126808810e+00 
 1.604481961058337e-07  1.200000000000000e+00  7.749508964141718e-01  4.896026662272927e-01  4.967899745753115e-01  1.199998325160275e+00  1.199999803212552e+00  1.550166086459866e+00 
 1.606481961058337e-07  1.200000000000000e+00  7.749503212317798e-01  4.896240735502911e-01  4.967684049481363e-01  1.199998332104626e+00  1.199999803212519e+00  1.550166046010905e+00 
 1.608481961058337e-07  1.200000000000000e+00  7.749497454408663e-01  4.896453308377462e-01  4.967469871559960e-01  1.199998338984068e+00  1.199999803212473e+00  1.550166005467908e+00 
 1.610481961058336e-07  1.200000000000000e+00  7.749491690894406e-01  4.896664395662401e-01  4.967257196869101e-01  1.199998345799256e+00  1.199999803212404e+00  1.550165964836584e+00 
 1.612481961058336e-07  1.200000000000000e+00  7.749485922244986e-01  4.896874011880186e-01  4.967046010538205e-01  1.199998352550910e+00  1.199999803212421e+00  1.550165924122396e+00 
 1.614481961058336e-07  1.200000000000000e+00  7.749480148921178e-01  4.897082171319319e-01  4.966836297939478e-01  1.199998359240191e+00  1.199999803212541e+00  1.550165883330533e+00 
 1.616481961058336e-07  1.200000000000000e+00  7.749474371374280e-01  4.897288888040268e-01  4.966628044684682e-01  1.199998365867714e+00  1.199999803212510e+00  1.550165842465940e+00 
 1.618481961058336e-07  1.200000000000000e+00  7.749468590046699e-01  4.897494175879492e-01  4.966421236619329e-01  1.199998372434378e+00  1.199999803212553e+00  1.550165801533316e+00 
 1.620481961058336e-07  1.200000000000000e+00  7.749462805371973e-01  4.897698048457292e-01  4.966215859813330e-01  1.199998378940747e+00  1.199999803212523e+00  1.550165760537134e+00 
 1.622481961058336e-07  1.200000000000000e+00  7.749457017774909e-01  4.897900519180091e-01  4.966011900562458e-01  1.199998385388273e+00  1.199999803212568e+00  1.550165719481607e+00 
 1.624481961058336e-07  1.200000000000000e+00  7.749451227671629e-01  4.898101601241042e-01  4.965809345377259e-01  1.199998391777506e+00  1.199999803212435e+00  1.550165678370738e+00 
 1.626481961058335e-07  1.200000000000000e+00  7.749445435469666e-01  4.898301307634468e-01  4.965608180984392e-01  1.199998398109028e+00  1.199999803212464e+00  1.550165637208303e+00 
 1.628481961058335e-07  1.200000000000000e+00  7.749439641568444e-01  4.898499651151414e-01  4.965408394313923e-01  1.199998404383673e+00  1.199999803212598e+00  1.550165595997881e+00 
 1.630481961058335e-07  1.200000000000000e+00  7.749433846359748e-01  4.898696644389833e-01  4.965209972504713e-01  1.199998410602189e+00  1.199999803212478e+00  1.550165554742824e+00 
 1.632481961058335e-07  1.200000000000000e+00  7.749428050226970e-01  4.898892299757100e-01  4.965012902891194e-01  1.199998416765337e+00  1.199999803212414e+00  1.550165513446305e+00 
 1.634481961058335e-07  1.200000000000000e+00  7.749422253545587e-01  4.899086629469472e-01  4.964817173000295e-01  1.199998422874102e+00  1.199999803212436e+00  1.550165472111296e+00 
 1.636481961058335e-07  1.200000000000000e+00  7.749416456683585e-01  4.899279645563138e-01  4.964622770551540e-01  1.199998428929164e+00  1.199999803212563e+00  1.550165430740569e+00 
 1.638481961058335e-07  1.200000000000000e+00  7.749410660001649e-01  4.899471359894385e-01  4.964429683453799e-01  1.199998434931022e+00  1.199999803212431e+00  1.550165389336759e+00 
 1.640481961058335e-07  1.200000000000000e+00  7.749404863852789e-01  4.899661784146120e-01  4.964237899792368e-01  1.199998440880406e+00  1.199999803212458e+00  1.550165347902292e+00 
 1.642481961058335e-07  1.200000000000000e+00  7.749399068582921e-01  4.899850929828278e-01  4.964047407833053e-01  1.199998446777673e+00  1.199999803212593e+00  1.550165306439454e+00 
 1.644481961058334e-07  1.200000000000000e+00  7.749393274530822e-01  4.900038808284395e-01  4.963858196016579e-01  1.199998452624062e+00  1.199999803212473e+00  1.550165264950382e+00 
 1.646481961058334e-07  1.200000000000000e+00  7.749387482028207e-01  4.900225430691651e-01  4.963670252952064e-01  1.199998458420215e+00  1.199999803212405e+00  1.550165223437054e+00 
 1.648481961058334e-07  1.200000000000000e+00  7.749381691400034e-01  4.900410808068906e-01  4.963483567412458e-01  1.199998464166496e+00  1.199999803212513e+00  1.550165181901316e+00 
 1.650481961058334e-07  1.200000000000000e+00  7.749375902964706e-01  4.900594951275047e-01  4.963298128342327e-01  1.199998469863683e+00  1.199999803212469e+00  1.550165140344900e+00 
 1.652481961058334e-07  1.200000000000000e+00  7.749370117033665e-01  4.900777871018607e-01  4.963113924837950e-01  1.199998475512253e+00  1.199999803212400e+00  1.550165098769392e+00 
 1.654481961058334e-07  1.200000000000000e+00  7.749364333912147e-01  4.900959577853372e-01  4.962930946154908e-01  1.199998481112993e+00  1.199999803212414e+00  1.550165057176285e+00 
 1.656481961058334e-07  1.200000000000000e+00  7.749358553899058e-01  4.901140082189690e-01  4.962749181701863e-01  1.199998486666177e+00  1.199999803212437e+00  1.550165015566929e+00 
 1.658481961058334e-07  1.200000000000000e+00  7.749352777286875e-01  4.901319394290416e-01  4.962568621035139e-01  1.199998492173129e+00  1.199999803212564e+00  1.550164973942614e+00 
 1.660481961058334e-07  1.200000000000000e+00  7.749347004361909e-01  4.901497524279544e-01  4.962389253857470e-01  1.199998497633812e+00  1.199999803212433e+00  1.550164932304536e+00 
 1.662481961058333e-07  1.200000000000000e+00  7.749341235404594e-01  4.901674482139400e-01  4.962211070016230e-01  1.199998503048742e+00  1.199999803212554e+00  1.550164890653763e+00 
 1.664481961058333e-07  1.200000000000000e+00  7.749335470689422e-01  4.901850277719209e-01  4.962034059499703e-01  1.199998508418856e+00  1.199999803212620e+00  1.550164848991326e+00 
 1.666481961058333e-07  1.200000000000000e+00  7.749329710485271e-01  4.902024920736548e-01  4.961858212432420e-01  1.199998513744562e+00  1.199999803212507e+00  1.550164807318161e+00 
 1.668481961058333e-07  1.200000000000000e+00  7.749323955054912e-01  4.902198420774429e-01  4.961683519074848e-01  1.199998519026396e+00  1.199999803212547e+00  1.550164765635144e+00 
 1.670481961058333e-07  1.200000000000000e+00  7.749318204655637e-01  4.902370787289030e-01  4.961509969818154e-01  1.199998524264888e+00  1.199999803212607e+00  1.550164723943098e+00 
 1.672481961058333e-07  1.200000000000000e+00  7.749312459539521e-01  4.902542029615256e-01  4.961337555179688e-01  1.199998529460680e+00  1.199999803212579e+00  1.550164682242775e+00 
 1.674481961058333e-07  1.200000000000000e+00  7.749306719953106e-01  4.902712156964373e-01  4.961166265807547e-01  1.199998534614051e+00  1.199999803212541e+00  1.550164640534900e+00 
 1.676481961058333e-07  1.200000000000000e+00  7.749300986137495e-01  4.902881178427766e-01  4.960996092468072e-01  1.199998539725846e+00  1.199999803212505e+00  1.550164598820160e+00 
 1.678481961058333e-07  1.200000000000000e+00  7.749295258328599e-01  4.903049102976182e-01  4.960827026053002e-01  1.199998544796515e+00  1.199999803212547e+00  1.550164557099179e+00 
 1.680481961058332e-07  1.200000000000000e+00  7.749289536757266e-01  4.903215939468322e-01  4.960659057574099e-01  1.199998549826148e+00  1.199999803212514e+00  1.550164515372571e+00 
 1.682481961058332e-07  1.200000000000000e+00  7.749283821649467e-01  4.903381696646902e-01  4.960492178155396e-01  1.199998554815739e+00  1.199999803212561e+00  1.550164473640913e+00 
 1.684481961058332e-07  1.200000000000000e+00  7.749278113226366e-01  4.903546383148176e-01  4.960326379036865e-01  1.199998559765372e+00  1.199999803212518e+00  1.550164431904788e+00 
 1.686481961058332e-07  1.200000000000000e+00  7.749272411703577e-01  4.903710007498086e-01  4.960161651569005e-01  1.199998564675637e+00  1.199999803212469e+00  1.550164390164716e+00 
 1.688481961058332e-07  1.200000000000000e+00  7.749266717292767e-01  4.903872578113237e-01  4.959997987213551e-01  1.199998569546871e+00  1.199999803212497e+00  1.550164348421238e+00 
 1.690481961058332e-07  1.200000000000000e+00  7.749261030200657e-01  4.904034103311258e-01  4.959835377537262e-01  1.199998574380184e+00  1.199999803212446e+00  1.550164306674880e+00 
 1.692481961058332e-07  1.200000000000000e+00  7.749255350629494e-01  4.904194591302974e-01  4.959673814214593e-01  1.199998579175126e+00  1.199999803212483e+00  1.550164264926146e+00 
 1.694481961058332e-07  1.200000000000000e+00  7.749249678776692e-01  4.904354050200353e-01  4.959513289022149e-01  1.199998583933108e+00  1.199999803212518e+00  1.550164223175572e+00 
 1.696481961058331e-07  1.200000000000000e+00  7.749244014835496e-01  4.904512488018161e-01  4.959353793837779e-01  1.199998588653619e+00  1.199999803212567e+00  1.550164181423676e+00 
 1.698481961058331e-07  1.200000000000000e+00  7.749238358994768e-01  4.904669912673719e-01  4.959195320636040e-01  1.199998593337431e+00  1.199999803212432e+00  1.550164139671009e+00 
 1.700240980529166e-07  1.200000000000000e+00  7.749233391471402e-01  4.904807537723549e-01  4.959056780593468e-01  1.199998597423171e+00  1.199999803212577e+00  1.550164102949091e+00 
 1.702000000000000e-07  1.200000000000000e+00  7.749228430479730e-01  4.904944390210311e-01  4.958919019791115e-01  1.199998601484625e+00  1.199999803212314e+00  1.550164066225429e+00 
 1.702002339257049e-07  1.198596445770864e+00  7.749182056265511e-01  4.904901239311306e-01  4.958918043727522e-01  1.199993635396721e+00  1.199999667964615e+00  1.550164066176588e+00 
 1.702007017771146e-07  1.195789337312512e+00  7.749062151038530e-01  4.904792573984606e-01  4.958915683437283e-01  1.199981727685460e+00  1.199999323718922e+00  1.550164066078915e+00 
 1.702013066373529e-07  1.192160175882609e+00  7.748897175523936e-01  4.904648349463549e-01  4.958912414290385e-01  1.199968128112896e+00  1.199998940691920e+00  1.550164065952638e+00 
 1.702020224659880e-07  1.187865204072167e+00  7.748715741688733e-01  4.904495666350260e-01  4.958908663395534e-01  1.199956623114870e+00  1.199998684493220e+00  1.550164065803192e+00 
 1.702030971033208e-07  1.181417380075247e+00  7.748475908659818e-01  4.904301305293964e-01  4.958903422921898e-01  1.199946411480837e+00  1.199998607196601e+00  1.550164065578861e+00 
 1.702049755740402e-07  1.170146555758651e+00  7.748120166418727e-01  4.904021371310751e-01  4.958895118365249e-01  1.199940157918497e+00  1.199998855321518e+00  1.550164065186706e+00 
 1.702071447772160e-07  1.157131336703766e+00  7.747777035913014e-01  4.903753272327409e-01  4.958886540120614e-01  1.199942531576284e+00  1.199999285828572e+00  1.550164064733864e+00 
 1.702102590940253e-07  1.138445435848157e+00  7.747367990723577e-01  4.903427052621301e-01  4.958875607302832e-01  1.199952499294908e+00  1.199999763829490e+00  1.550164064083704e+00 
 1.702144042736086e-07  1.113574358348709e+00  7.746928056140646e-01  4.903062245298344e-01  4.958862876470354e-01  1.199967615666597e+00  1.200000066793281e+00  1.550164063218144e+00 
 1.702213719801229e-07  1.071768119262563e+00  7.746360644371872e-01  4.902568072793805e-01  4.958844479739811e-01  1.199987654008316e+00  1.200000142650078e+00  1.550164061761879e+00 
 1.702310996596418e-07  1.013402042149513e+00  7.745779828887479e-01  4.902037258756838e-01  4.958822368700749e-01  1.200003415901996e+00  1.200000021006536e+00  1.550164059720808e+00 
 1.702420371656175e-07  9.477770062952587e-01  7.745270987908669e-01  4.901560594889758e-01  4.958799881127671e-01  1.200009999484749e+00  1.199999895853305e+00  1.550164057399092e+00 
 1.702564456477956e-07  8.613261132261938e-01  7.744671233418403e-01  4.901004054202267e-01  4.958771747212393e-01  1.200010857624116e+00  1.199999826656288e+00  1.550164054238968e+00 
 1.702650689689782e-07  8.095861861307272e-01  7.744361051848010e-01  4.900718829048529e-01  4.958756405290035e-01  1.200010640476784e+00  1.199999845484759e+00  1.550164052260719e+00 
 1.702734340153423e-07  7.593959079460972e-01  7.744215164282572e-01  4.900576028350874e-01  4.958745604726051e-01  1.200015284536081e+00  1.199999944245689e+00  1.550164050245486e+00 
 1.702835057903446e-07  6.989652579326033e-01  7.744578274385863e-01  4.900857097961996e-01  4.958745598607108e-01  1.200032576320168e+00  1.200000152965146e+00  1.550164047636319e+00 
 1.702932396297170e-07  6.405622216980238e-01  7.745920709084319e-01  4.901962087862913e-01  4.958768347319669e-01  1.200059380354236e+00  1.200000384660473e+00  1.550164044859122e+00 
 1.703026517579452e-07  5.840894523287575e-01  7.748647509473833e-01  4.904240500131152e-01  4.958821278544318e-01  1.200089822070524e+00  1.200000594208787e+00  1.550164041863782e+00 
 1.703101686218805e-07  5.389882687169287e-01  7.752227360529360e-01  4.907253961603145e-01  4.958891812134947e-01  1.200115757347677e+00  1.200000745254782e+00  1.550164039206931e+00 
 1.703165837841523e-07  5.004972950863107e-01  7.756592127184113e-01  4.910941260276496e-01  4.958976314180277e-01  1.200139553825207e+00  1.200000861958649e+00  1.550164036723708e+00 
 1.703225667813407e-07  4.645993119558834e-01  7.762050287073032e-01  4.915555428743911e-01  4.959078794188349e-01  1.200164576254468e+00  1.200000959024436e+00  1.550164034207661e+00 
 1.703287951661843e-07  4.272290028942261e-01  7.769486222630797e-01  4.921824793159389e-01  4.959213097093137e-01  1.200195524787461e+00  1.200001043146258e+00  1.550164031366258e+00 
 1.703354534181386e-07  3.872794911687280e-01  7.779739890282531e-01  4.930403282709478e-01  4.959390894462652e-01  1.200236464738375e+00  1.200001102626111e+00  1.550164028066563e+00 
 1.703424692215836e-07  3.451846704981810e-01  7.793305647929021e-01  4.941589909275489e-01  4.959618588104350e-01  1.200290887597437e+00  1.200001121997579e+00  1.550164024297539e+00 
 1.703473343236248e-07  3.159940582511126e-01  7.804394996644788e-01  4.950575034195716e-01  4.959801371215703e-01  1.200337338187792e+00  1.200001115856578e+00  1.550164021515516e+00 
 1.703535836371460e-07  2.784981771240193e-01  7.820668708611543e-01  4.963461264379328e-01  4.960067088808183e-01  1.200410208886551e+00  1.200001116141529e+00  1.550164017766882e+00 
 1.703585165996455e-07  2.489004021271992e-01  7.835132998842578e-01  4.974500986476940e-01  4.960302102973460e-01  1.200479074213550e+00  1.200001130081509e+00  1.550164014697383e+00 
 1.703626322457706e-07  2.242065253761539e-01  7.848304460777128e-01  4.984044840809077e-01  4.960515744243422e-01  1.200537448157777e+00  1.200001151412561e+00  1.550164012087481e+00 
 1.703663860039067e-07  2.016839765599896e-01  7.861174475247842e-01  4.992769176459152e-01  4.960724782365823e-01  1.200567217886800e+00  1.200001176111768e+00  1.550164009692848e+00 
 1.703707793581211e-07  1.753238512732169e-01  7.877087943419460e-01  5.002824474577695e-01  4.960986214123169e-01  1.200503468748457e+00  1.200001204474576e+00  1.550164006913585e+00 
 1.703750298243142e-07  1.498210541150820e-01  7.892920652110342e-01  5.012469158055637e-01  4.961254898816378e-01  1.200235163170783e+00  1.200001225340787e+00  1.550164004297109e+00 
 1.703785773820559e-07  1.285357076644993e-01  7.906063691949732e-01  5.020556957316796e-01  4.961489662768616e-01  1.199720027225790e+00  1.200001239256884e+00  1.550164002207688e+00 
 1.703813243111560e-07  1.120541330640663e-01  7.916040376079337e-01  5.026850332609630e-01  4.961677620437945e-01  1.199022919127496e+00  1.200001255211853e+00  1.550164000673818e+00 
 1.703837406767238e-07  9.755593965725229e-02  7.924625661553977e-01  5.032385639016084e-01  4.961847438917609e-01  1.198098523526870e+00  1.200001278684676e+00  1.550163999403730e+00 
 1.703861053068768e-07  8.336815873945569e-02  7.932820928583691e-01  5.037783898384045e-01  4.962017724079584e-01  1.196824515452882e+00  1.200001310403915e+00  1.550163998249728e+00 
 1.703889437267189e-07  6.633763968688133e-02  7.942345070526524e-01  5.044221314228345e-01  4.962227531575983e-01  1.194725374577750e+00  1.200001356821178e+00  1.550163997006899e+00 
 1.703915576982137e-07  5.065381071772590e-02  7.950789419414099e-01  5.050092378298271e-01  4.962426043863296e-01  1.192237837132136e+00  1.200001406009643e+00  1.550163996025198e+00 
 1.703947908159302e-07  3.125510441897594e-02  7.960791426000479e-01  5.057246203048253e-01  4.962678828105461e-01  1.188433348912432e+00  1.200001475264129e+00  1.550163995072290e+00 
 1.703967970623718e-07  1.921762576913855e-02  7.966761832005549e-01  5.061614807972752e-01  4.962839855333561e-01  1.185676129889701e+00  1.200001523385768e+00  1.550163994645348e+00 
 1.703983985311859e-07  9.608812884623674e-03  7.971403076332906e-01  5.065056932567025e-01  4.962970749884810e-01  1.183397685479446e+00  1.200001564715690e+00  1.550163994406137e+00 
 1.704000000000000e-07  0.000000000000000e+00  7.975935615883154e-01  5.068452950635096e-01  4.963103769219639e-01  1.181398776727236e+00  1.200001608354945e+00  1.550163994266754e+00 
 1.704001297477712e-07  0.000000000000000e+00  7.976324579001575e-01  5.068742383471901e-01  4.963115139354710e-01  1.181258630903053e+00  1.200001690977820e+00  1.550163994260226e+00 
 1.704003892433137e-07  0.000000000000000e+00  7.977118916536151e-01  5.069322722852225e-01  4.963138070682131e-01  1.180994710315060e+00  1.200001908727763e+00  1.550163994248904e+00 
 1.704007166219686e-07  0.000000000000000e+00  7.978130572980519e-01  5.070051028931470e-01  4.963167085140279e-01  1.180693875771250e+00  1.200002162107603e+00  1.550163994238561e+00 
 1.704011122877059e-07  0.000000000000000e+00  7.979348139697028e-01  5.070924020259603e-01  4.963202053335928e-01  1.180380856734362e+00  1.200002349982436e+00  1.550163994232270e+00 
 1.704016532555077e-07  0.000000000000000e+00  7.980993625429126e-01  5.072105644244193e-01  4.963249566133274e-01  1.180057056385025e+00  1.200002399640102e+00  1.550163994235041e+00 
 1.704026614575544e-07  0.000000000000000e+00  7.984000858902364e-01  5.074272708929128e-01  4.963337222740661e-01  1.179851277592798e+00  1.200002090124220e+00  1.550163994276664e+00 
 1.704037640005480e-07  0.000000000000000e+00  7.987205723265856e-01  5.076591442263848e-01  4.963431861276128e-01  1.180284126726129e+00  1.200001448235786e+00  1.550163994378824e+00 
 1.704047683831552e-07  0.000000000000000e+00  7.990052643499850e-01  5.078658872151747e-01  4.963517047226869e-01  1.181239802658606e+00  1.200000771324820e+00  1.550163994525719e+00 
 1.704058230214244e-07  0.000000000000000e+00  7.992971109314605e-01  5.080785757624220e-01  4.963605521026173e-01  1.182745963963684e+00  1.200000086424164e+00  1.550163994737938e+00 
 1.704070349539044e-07  0.000000000000000e+00  7.996239699456047e-01  5.083176813579487e-01  4.963706050640490e-01  1.184992539176251e+00  1.199999406393613e+00  1.550163995059003e+00 
 1.704082253754721e-07  0.000000000000000e+00  7.999365540813594e-01  5.085472214204375e-01  4.963803690039693e-01  1.187559396976562e+00  1.199998872312724e+00  1.550163995458836e+00 
 1.704097301488370e-07  0.000000000000000e+00  8.003200790889089e-01  5.088299382781415e-01  4.963925652332670e-01  1.190953228737802e+00  1.199998378080710e+00  1.550163996091428e+00 
 1.704113712503280e-07  0.000000000000000e+00  8.007238003770789e-01  5.091286486093113e-01  4.964056906946576e-01  1.194412275354419e+00  1.199998030552285e+00  1.550163996953539e+00 
 1.704129143001030e-07  0.000000000000000e+00  8.010896205722686e-01  5.094000987717251e-01  4.964178716562062e-01  1.197161575506408e+00  1.199997844995547e+00  1.550163997938371e+00 
 1.704144608365265e-07  0.000000000000000e+00  8.014429307247058e-01  5.096627776869596e-01  4.964299291988010e-01  1.199315511640695e+00  1.199997759002285e+00  1.550163999105774e+00 
 1.704161276471254e-07  0.000000000000000e+00  8.018089293147712e-01  5.099352227457423e-01  4.964427587686553e-01  1.200987202024510e+00  1.199997743726364e+00  1.550164000579535e+00 
 1.704178351474380e-07  0.000000000000000e+00  8.021682250398553e-01  5.102028261622169e-01  4.964557244566383e-01  1.202117063433565e+00  1.199997783568809e+00  1.550164002336227e+00 
 1.704198018755130e-07  0.000000000000000e+00  8.025629179234577e-01  5.104967420459798e-01  4.964704336260740e-01  1.202881050163626e+00  1.199997871938872e+00  1.550164004691468e+00 
 1.704219677486356e-07  0.000000000000000e+00  8.029745241014401e-01  5.108029360971672e-01  4.964863423387986e-01  1.203278387825019e+00  1.199997998138360e+00  1.550164007726819e+00 
 1.704245526590792e-07  0.000000000000000e+00  8.034352460624135e-01  5.111449181793968e-01  4.965048979859958e-01  1.203396161809039e+00  1.199998164533657e+00  1.550164012006827e+00 
 1.704275327788602e-07  0.000000000000000e+00  8.039269187149078e-01  5.115085138687225e-01  4.965256263724425e-01  1.203285702606419e+00  1.199998355710526e+00  1.550164017912170e+00 
 1.704311879163178e-07  0.000000000000000e+00  8.044752538495300e-01  5.119116623157109e-01  4.965498558786076e-01  1.203006718873624e+00  1.199998566934613e+00  1.550164026730869e+00 
 1.704352946516683e-07  0.000000000000000e+00  8.050239025978710e-01  5.123117893387010e-01  4.965750173499402e-01  1.202648055380908e+00  1.199998752960502e+00  1.550164038956717e+00 
 1.704399450697408e-07  0.000000000000000e+00  8.055653836324850e-01  5.127028906859489e-01  4.965998341393964e-01  1.202263613756881e+00  1.199998879167511e+00  1.550164056151523e+00 
 1.704452201072780e-07  0.000000000000000e+00  8.060856551515824e-01  5.130752547005381e-01  4.966211811111675e-01  1.201885344255587e+00  1.199998902392585e+00  1.550164080573664e+00 
 1.704510905807326e-07  0.000000000000000e+00  8.065582079024998e-01  5.134125037332926e-01  4.966328006818442e-01  1.201536057564406e+00  1.199998792266241e+00  1.550164114814781e+00 
 1.704572118156008e-07  0.000000000000000e+00  8.069431661432112e-01  5.136914263822352e-01  4.966264399668166e-01  1.201239855752517e+00  1.199998582570261e+00  1.550164159620312e+00 
 1.704639926827956e-07  0.000000000000000e+00  8.072544067337155e-01  5.139304562624206e-01  4.965909476451583e-01  1.200976729961434e+00  1.199998336667993e+00  1.550164221776457e+00 
 1.704712840531251e-07  0.000000000000000e+00  8.074677678829968e-01  5.141234521811253e-01  4.965121509440880e-01  1.200754248518753e+00  1.199998125505824e+00  1.550164305531773e+00 
 1.704788042183394e-07  0.000000000000000e+00  8.075690374135662e-01  5.142698069605646e-01  4.963799636558776e-01  1.200576569967793e+00  1.199997972310865e+00  1.550164412976696e+00 
 1.704866085103873e-07  0.000000000000000e+00  8.075587207818029e-01  5.143799794896450e-01  4.961827352027827e-01  1.200435508013493e+00  1.199997862114518e+00  1.550164550292837e+00 
 1.704949155040814e-07  0.000000000000000e+00  8.074308969177493e-01  5.144636816681230e-01  4.959028420772292e-01  1.200322461933246e+00  1.199997804770420e+00  1.550164729277823e+00 
 1.705039172060864e-07  0.000000000000000e+00  8.071665673429441e-01  5.145268543277469e-01  4.955206843760219e-01  1.200232286230400e+00  1.199997881935561e+00  1.550164966483219e+00 
 1.705091047066089e-07  0.000000000000000e+00  8.069469798163602e-01  5.145530670370734e-01  4.952685580137597e-01  1.200192685175069e+00  1.199998202147353e+00  1.550165125293846e+00 
 1.705121922681335e-07  0.000000000000000e+00  8.067815187810247e-01  5.145657820363537e-01  4.951117586790305e-01  1.200172651389248e+00  1.199998722257881e+00  1.550165227993659e+00 
 1.705151510191161e-07  0.000000000000000e+00  8.065872326144795e-01  5.145762821425016e-01  4.949605187009522e-01  1.200155495663263e+00  1.199999479952166e+00  1.550165332468100e+00 
 1.705187730464744e-07  0.000000000000000e+00  8.062888547149079e-01  5.145871767004110e-01  4.947775537685998e-01  1.200136813356152e+00  1.200000462446457e+00  1.550165468820154e+00 
 1.705225791763388e-07  0.000000000000000e+00  8.058988427734812e-01  5.145965664286574e-01  4.945880064236876e-01  1.200119591186246e+00  1.200001031064021e+00  1.550165622539068e+00 
 1.705264357673222e-07  0.000000000000000e+00  8.054324649728685e-01  5.146042293589744e-01  4.943943343806790e-01  1.200104348983991e+00  1.200000599874008e+00  1.550165789634735e+00 
 1.705301723860683e-07  0.000000000000000e+00  8.049261513015411e-01  5.146101486549393e-01  4.941992314465156e-01  1.200091438709596e+00  1.199999134809327e+00  1.550165962827101e+00 
 1.705344392792709e-07  0.000000000000000e+00  8.042993035463747e-01  5.146153929042514e-01  4.939605190004497e-01  1.200078625930686e+00  1.199996624873386e+00  1.550166174730746e+00 
 1.705385117708530e-07  0.000000000000000e+00  8.036660763593388e-01  5.146191137499041e-01  4.937111840260454e-01  1.200068066215633e+00  1.199993838420375e+00  1.550166391537238e+00 
 1.705431786769969e-07  0.000000000000000e+00  8.029111968965872e-01  5.146220635193480e-01  4.933932364605991e-01  1.200057677745123e+00  1.199990636016604e+00  1.550166658146071e+00 
 1.705481018832080e-07  0.000000000000000e+00  8.020900603808874e-01  5.146238499851772e-01  4.930131865352552e-01  1.200048409697208e+00  1.199987514307838e+00  1.550166961196847e+00 
 1.705540763353532e-07  0.000000000000000e+00  8.010645385890136e-01  5.146244115615293e-01  4.924786755270261e-01  1.200039099997540e+00  1.199984226916675e+00  1.550167360247178e+00 
 1.705618335677064e-07  0.000000000000000e+00  7.996853179943979e-01  5.146228278885803e-01  4.916473007290477e-01  1.200029552904188e+00  1.199980843683683e+00  1.550167931887405e+00 
 1.705693152737388e-07  0.000000000000000e+00  7.983033055618285e-01  5.146191087540470e-01  4.906931612872789e-01  1.200022514503755e+00  1.199978704464217e+00  1.550168542878941e+00 
 1.705757026559508e-07  0.000000000000000e+00  7.970809617605882e-01  5.146144108728261e-01  4.897690682279852e-01  1.200017846019158e+00  1.199977480769825e+00  1.550169112553527e+00 
 1.705798234055254e-07  0.000000000000000e+00  7.962719855520047e-01  5.146107030895404e-01  4.891295795408794e-01  1.200015377502256e+00  1.199973534725156e+00  1.550169504172248e+00 
 1.705826738975074e-07  0.000000000000000e+00  7.957057047409160e-01  5.146078645774099e-01  4.886751028734563e-01  1.200013881776736e+00  1.199964319713677e+00  1.550169786356256e+00 
 1.705855194386550e-07  0.000000000000000e+00  7.951379764077142e-01  5.146048385187523e-01  4.882187950317529e-01  1.200012536636475e+00  1.199948853224830e+00  1.550170077414751e+00 
 1.705887841799515e-07  0.000000000000000e+00  7.944866126623232e-01  5.146011575118359e-01  4.877012942877997e-01  1.200011152030983e+00  1.199927225973127e+00  1.550170423037312e+00 
 1.705927626355356e-07  0.000000000000000e+00  7.936961387409353e-01  5.145963995828488e-01  4.870953107581790e-01  1.200009664692729e+00  1.199900612755596e+00  1.550170861317842e+00 
 1.705963768261479e-07  0.000000000000000e+00  7.929814004421420e-01  5.145918287031749e-01  4.865809740910822e-01  1.200008481599979e+00  1.199879902410799e+00  1.550171275933183e+00 
 1.706006538539515e-07  0.000000000000000e+00  7.921435806183197e-01  5.145861459980352e-01  4.860251759638742e-01  1.200007261827052e+00  1.199863197668368e+00  1.550171787077642e+00 
 1.706048041755218e-07  0.000000000000000e+00  7.913499821985335e-01  5.145804126881597e-01  4.855364766290932e-01  1.200006243091412e+00  1.199856074707974e+00  1.550172304525006e+00 
 1.706097069718916e-07  0.000000000000000e+00  7.904563517119489e-01  5.145734617643865e-01  4.850085210561017e-01  1.200005217625825e+00  1.199857736221548e+00  1.550172943276558e+00 
 1.706140848538664e-07  0.000000000000000e+00  7.897103667365007e-01  5.145671458368574e-01  4.845703197565708e-01  1.200004440311832e+00  1.199864675181303e+00  1.550173538996283e+00 
 1.706190349489118e-07  0.000000000000000e+00  7.889283952885068e-01  5.145598844980145e-01  4.841037618619174e-01  1.200003691043224e+00  1.199872519084763e+00  1.550174241600146e+00 
 1.706235770610254e-07  0.000000000000000e+00  7.882645499388379e-01  5.145530882114071e-01  4.836984094170624e-01  1.200003107254633e+00  1.199876096589476e+00  1.550174913523771e+00 
 1.706287945734750e-07  0.000000000000000e+00  7.875569935421476e-01  5.145450899204072e-01  4.832560110472748e-01  1.200002541209300e+00  1.199876717891752e+00  1.550175717631428e+00 
 1.706337485582828e-07  0.000000000000000e+00  7.869326953264045e-01  5.145372882743342e-01  4.828562510096223e-01  1.200002093189725e+00  1.199881521591479e+00  1.550176513103160e+00 
 1.706395219934529e-07  0.000000000000000e+00  7.862570724082233e-01  5.145279411878624e-01  4.824124047785974e-01  1.200001662898545e+00  1.199903990028035e+00  1.550177479432727e+00 
 1.706455386705741e-07  0.000000000000000e+00  7.856098251705870e-01  5.145179347238271e-01  4.819735585376725e-01  1.200001300987026e+00  1.199960070675741e+00  1.550178531315585e+00 
 1.706524446008080e-07  0.000000000000000e+00  7.849369478659733e-01  5.145061617438403e-01  4.814990187479709e-01  1.200000971399452e+00  1.200094198930854e+00  1.550179794695765e+00 
 1.706576085478414e-07  0.000000000000000e+00  7.844782894038775e-01  5.144971653378457e-01  4.811630339016784e-01  1.200000773340864e+00  1.200278658116803e+00  1.550180778222366e+00 
 1.706622110379059e-07  0.000000000000000e+00  7.840934695386248e-01  5.144889916708079e-01  4.808742858942806e-01  1.200000624541871e+00  1.200520671686284e+00  1.550181682537945e+00 
 1.706677930044761e-07  0.000000000000000e+00  7.836381486411217e-01  5.144788289649435e-01  4.805305061320930e-01  1.200000472258850e+00  1.200855158381357e+00  1.550182813909810e+00 
 1.706728385864330e-07  0.000000000000000e+00  7.832173713333640e-01  5.144693506080742e-01  4.802175281462824e-01  1.200000357510503e+00  1.201130216454477e+00  1.550183868765909e+00 
 1.706780221736538e-07  0.000000000000000e+00  7.827599845721780e-01  5.144592951925850e-01  4.798859567669788e-01  1.200000260391909e+00  1.201355193265522e+00  1.550184983790320e+00 
 1.706841675426468e-07  0.000000000000000e+00  7.821840004785188e-01  5.144470188082559e-01  4.794768589425109e-01  1.200000170363159e+00  1.201528591287473e+00  1.550186345967963e+00 
 1.706900004740204e-07  0.000000000000000e+00  7.816214768549132e-01  5.144351401882868e-01  4.790784111703808e-01  1.200000105529302e+00  1.201602281397949e+00  1.550187678402615e+00 
 1.706961640413592e-07  0.000000000000000e+00  7.810358040954339e-01  5.144224918913460e-01  4.786575146603350e-01  1.200000051137320e+00  1.201611747185460e+00  1.550189127048741e+00 
 1.707018710889376e-07  0.000000000000000e+00  7.805180428404922e-01  5.144107686977468e-01  4.782763548920269e-01  1.200000008191990e+00  1.201594882453542e+00  1.550190504619043e+00 
 1.707092478745594e-07  0.000000000000000e+00  7.798961502977149e-01  5.143956364159810e-01  4.778040208919792e-01  1.199999959362828e+00  1.201605368826651e+00  1.550192334877993e+00 
 1.707161374244118e-07  0.000000000000000e+00  7.793641274522741e-01  5.143815074682078e-01  4.773857077325412e-01  1.199999920651000e+00  1.201724229486384e+00  1.550194092847579e+00 
 1.707232104494690e-07  0.000000000000000e+00  7.788624411155040e-01  5.143669730157197e-01  4.769783434979005e-01  1.199999888531011e+00  1.201961458342822e+00  1.550195944198648e+00 
 1.707306461740395e-07  0.000000000000000e+00  7.783772288435187e-01  5.143516315996474e-01  4.765720851191404e-01  1.199999862859100e+00  1.202273933416385e+00  1.550197938672436e+00 
 1.707381739050911e-07  0.000000000000000e+00  7.779228532907000e-01  5.143360141518846e-01  4.761814369059407e-01  1.199999843827432e+00  1.202672317207678e+00  1.550200005186098e+00 
 1.707469341835391e-07  0.000000000000000e+00  7.774274921145413e-01  5.143176989115904e-01  4.757507715212710e-01  1.199999827831970e+00  1.203169802431848e+00  1.550202465688765e+00 
 1.707550502631975e-07  0.000000000000000e+00  7.769824014952194e-01  5.143005494789874e-01  4.753748090429421e-01  1.199999816889337e+00  1.203464633769442e+00  1.550204794573283e+00 
 1.707646875096739e-07  0.000000000000000e+00  7.764542286930495e-01  5.142799472880869e-01  4.749534358340975e-01  1.199999808409744e+00  1.203468850952299e+00  1.550207615374939e+00 
 1.707738280496983e-07  0.000000000000000e+00  7.759607085325377e-01  5.142602509356968e-01  4.745657379024378e-01  1.199999804595983e+00  1.203207979414390e+00  1.550210340424602e+00 
 1.707817453739103e-07  0.000000000000000e+00  7.755517470628692e-01  5.142431464930225e-01  4.742250095113043e-01  1.199999802801834e+00  1.202866559036690e+00  1.550212735309693e+00 
 1.707908771489447e-07  0.000000000000000e+00  7.751177010287170e-01  5.142234451510574e-01  4.738113432284293e-01  1.199999800465872e+00  1.202423809162330e+00  1.550215531435306e+00 
 1.707991086336389e-07  0.000000000000000e+00  7.747721715659257e-01  5.142057504568253e-01  4.734190277098981e-01  1.199999797904420e+00  1.202025080952938e+00  1.550218078226881e+00 
 1.708064056821042e-07  0.000000000000000e+00  7.745052774466581e-01  5.141901186941343e-01  4.730709354553388e-01  1.199999795245462e+00  1.201694174830182e+00  1.550220353149237e+00 
 1.708136658294920e-07  0.000000000000000e+00  7.742761156504469e-01  5.141746070624303e-01  4.727446885343208e-01  1.199999792716779e+00  1.201397719014189e+00  1.550222629305524e+00 
 1.708216283648908e-07  0.000000000000000e+00  7.740647915287245e-01  5.141576307609150e-01  4.724287261065517e-01  1.199999790661006e+00  1.201115791847772e+00  1.550225136420879e+00 
 1.708310268046127e-07  0.000000000000000e+00  7.738652054904003e-01  5.141376272824064e-01  4.721246373323690e-01  1.199999789185597e+00  1.200841025184272e+00  1.550228104544677e+00 
 1.708420330004278e-07  0.000000000000000e+00  7.736913120495499e-01  5.141142269923842e-01  4.718619694378926e-01  1.199999788255195e+00  1.200591208055179e+00  1.550231584205936e+00 
 1.708518815387762e-07  0.000000000000000e+00  7.735813225698198e-01  5.140932927357852e-01  4.717014670713438e-01  1.199999787857730e+00  1.200423835804218e+00  1.550234694080866e+00 
 1.708615389571894e-07  0.000000000000000e+00  7.735064626359205e-01  5.140727561835676e-01  4.715981056225751e-01  1.199999787756514e+00  1.200301348013134e+00  1.550237733269271e+00 
 1.708720722758380e-07  0.000000000000000e+00  7.734525533275269e-01  5.140503392409632e-01  4.715300472513735e-01  1.199999787855968e+00  1.200203910127110e+00  1.550241028612624e+00 
 1.708825042510104e-07  0.000000000000000e+00  7.734197669461855e-01  5.140281183204461e-01  4.714952069592299e-01  1.199999788055662e+00  1.200135396146084e+00  1.550244264700193e+00 
 1.708946149948926e-07  0.000000000000000e+00  7.733989813068900e-01  5.140023025843365e-01  4.714814564724627e-01  1.199999788287917e+00  1.200080649223356e+00  1.550247977120386e+00 
 1.709075715799464e-07  0.000000000000000e+00  7.733900389895516e-01  5.139746732085159e-01  4.714868610543264e-01  1.199999788444016e+00  1.200042441537521e+00  1.550251884333133e+00 
 1.709232026026018e-07  0.000000000000000e+00  7.733899870000961e-01  5.139413468343458e-01  4.715092766469063e-01  1.199999788476488e+00  1.200014254716281e+00  1.550256491966364e+00 
 1.709410736163971e-07  0.000000000000000e+00  7.733977138906394e-01  5.139032796617713e-01  4.715462237983998e-01  1.199999788366344e+00  1.199996474035899e+00  1.550261594426379e+00 
 1.709635983151834e-07  0.000000000000000e+00  7.734128288320075e-01  5.138553898783288e-01  4.716005327228356e-01  1.199999788145408e+00  1.199985731186066e+00  1.550267736441880e+00 
 1.709914759170147e-07  0.000000000000000e+00  7.734344545383794e-01  5.137963031751157e-01  4.716721009879690e-01  1.199999787897396e+00  1.199980796723129e+00  1.550274834893751e+00 
 1.710296049260963e-07  0.000000000000000e+00  7.734646213293209e-01  5.137158797346407e-01  4.717715284561984e-01  1.199999787693941e+00  1.199979402652815e+00  1.550283546697635e+00 
 1.710725767266952e-07  0.000000000000000e+00  7.734972750072086e-01  5.136258408286928e-01  4.718829628196843e-01  1.199999787607911e+00  1.199979866478049e+00  1.550291895631480e+00 
 1.711207487542631e-07  0.000000000000000e+00  7.735314687723130e-01  5.135257149899669e-01  4.720061820017060e-01  1.199999787592825e+00  1.199980613819371e+00  1.550299358844068e+00 
 1.711742773309670e-07  0.000000000000000e+00  7.735664704537271e-01  5.134155089620545e-01  4.721408221956083e-01  1.199999787600056e+00  1.199981172092030e+00  1.550305346476741e+00 
 1.712354864536968e-07  0.000000000000000e+00  7.736029209962491e-01  5.132908971689948e-01  4.722918231717846e-01  1.199999787605891e+00  1.199981572703278e+00  1.550309412065720e+00 
 1.713069646848591e-07  0.000000000000000e+00  7.736411512860140e-01  5.131473231018761e-01  4.724641668472714e-01  1.199999787606000e+00  1.199981935264298e+00  1.550310833735375e+00 
 1.713936018658479e-07  0.000000000000000e+00  7.736820357924625e-01  5.129761392545963e-01  4.726674130537604e-01  1.199999787603135e+00  1.199982348546127e+00  1.550308588562130e+00 
 1.715023047703915e-07  0.000000000000000e+00  7.737262772190787e-01  5.127657501949695e-01  4.729141169801924e-01  1.199999787600513e+00  1.199982856059913e+00  1.550301165233835e+00 
 1.716463850616892e-07  0.000000000000000e+00  7.737753707317589e-01  5.124942996786744e-01  4.732280481735519e-01  1.199999787598880e+00  1.199983496196819e+00  1.550286316086350e+00 
 1.718463850616892e-07  0.000000000000000e+00  7.738302746064402e-01  5.121309824430514e-01  4.736419138426829e-01  1.199999787597520e+00  1.199984312333994e+00  1.550261528362639e+00 
 1.720463850616892e-07  0.000000000000000e+00  7.738740154661035e-01  5.117825726605879e-01  4.740331893892298e-01  1.199999787597063e+00  1.199985050872691e+00  1.550236155512414e+00 
 1.722463850616892e-07  0.000000000000000e+00  7.739098805589293e-01  5.114481733580341e-01  4.744044725246783e-01  1.199999787596645e+00  1.199985722041486e+00  1.550212973962713e+00 
 1.724463850616891e-07  0.000000000000000e+00  7.739401788668308e-01  5.111268755846958e-01  4.747579289740706e-01  1.199999787596666e+00  1.199986334845998e+00  1.550193329052877e+00 
 1.726463850616891e-07  0.000000000000000e+00  7.739664753615590e-01  5.108178104487445e-01  4.750953423358617e-01  1.199999787596532e+00  1.199986896668973e+00  1.550177565454521e+00 
 1.728463850616891e-07  0.000000000000000e+00  7.739898218427917e-01  5.105201689306049e-01  4.754181977431430e-01  1.199999787596515e+00  1.199987413636105e+00  1.550165447846788e+00 
 1.730463850616891e-07  0.000000000000000e+00  7.740109295931560e-01  5.102332066968277e-01  4.757277522797452e-01  1.199999787596483e+00  1.199987890911899e+00  1.550156467521011e+00 
 1.732463850616891e-07  0.000000000000000e+00  7.740302869192298e-01  5.099562426105189e-01  4.760250861302280e-01  1.199999787596539e+00  1.199988332894568e+00  1.550150034178018e+00 
 1.734463850616891e-07  0.000000000000000e+00  7.740482361171058e-01  5.096886547327518e-01  4.763111387628008e-01  1.199999787596398e+00  1.199988743354901e+00  1.550145581599803e+00 
 1.736463850616891e-07  0.000000000000000e+00  7.740650230855454e-01  5.094298754487497e-01  4.765867350472289e-01  1.199999787596555e+00  1.199989125546575e+00  1.550142617055787e+00 
 1.738463850616891e-07  0.000000000000000e+00  7.740808291795297e-01  5.091793864506976e-01  4.768526047718254e-01  1.199999787596518e+00  1.199989482290675e+00  1.550140737324520e+00 
 1.740463850616891e-07  0.000000000000000e+00  7.740957917265330e-01  5.089367139086979e-01  4.771093977160332e-01  1.199999787596543e+00  1.199989816044776e+00  1.550139626698728e+00 
 1.742463850616890e-07  0.000000000000000e+00  7.741100173579373e-01  5.087014239812496e-01  4.773576955980454e-01  1.199999787596515e+00  1.199990128960137e+00  1.550139046498071e+00 
 1.744463850616890e-07  0.000000000000000e+00  7.741235907916814e-01  5.084731187235169e-01  4.775980217338934e-01  1.199999787596312e+00  1.199990422928065e+00  1.550138821617788e+00 
 1.746463850616890e-07  0.000000000000000e+00  7.741365807229549e-01  5.082514324026380e-01  4.778308489598809e-01  1.199999787596453e+00  1.199990699617671e+00  1.550138827093682e+00 
 1.748463850616890e-07  0.000000000000000e+00  7.741490438578070e-01  5.080360282047728e-01  4.780566062070418e-01  1.199999787596458e+00  1.199990960507081e+00  1.550138976118041e+00 
 1.750463850616890e-07  0.000000000000000e+00  7.741610277372841e-01  5.078265953064840e-01  4.782756840087301e-01  1.199999787596465e+00  1.199991206911200e+00  1.550139210046094e+00 
 1.752463850616890e-07  0.000000000000000e+00  7.741725727590129e-01  5.076228462770226e-01  4.784884391478955e-01  1.199999787596433e+00  1.199991440002949e+00  1.550139490444399e+00 
 1.754463850616890e-07  0.000000000000000e+00  7.741837136553064e-01  5.074245147762301e-01  4.786951986071334e-01  1.199999787596346e+00  1.199991660831531e+00  1.550139792990815e+00 
 1.756463850616890e-07  0.000000000000000e+00  7.741944805950063e-01  5.072313535148431e-01  4.788962629459564e-01  1.199999787596364e+00  1.199991870339136e+00  1.550140102937878e+00 
 1.758463850616890e-07  0.000000000000000e+00  7.742049000195722e-01  5.070431324481941e-01  4.790919092021736e-01  1.199999787596443e+00  1.199992069373814e+00  1.550140411833412e+00 
 1.760463850616889e-07  0.000000000000000e+00  7.742149952875341e-01  5.068596371716648e-01  4.792823933984092e-01  1.199999787596438e+00  1.199992258701181e+00  1.550140715214975e+00 
 1.762463850616889e-07  0.000000000000000e+00  7.742247871784372e-01  5.066806674962365e-01  4.794679527160713e-01  1.199999787596463e+00  1.199992439013660e+00  1.550141011035249e+00 
 1.764463850616889e-07  0.000000000000000e+00  7.742342942919717e-01  5.065060361807907e-01  4.796488073903380e-01  1.199999787596466e+00  1.199992610939347e+00  1.550141298620700e+00 
 1.766463850616889e-07  0.000000000000000e+00  7.742435333678758e-01  5.063355678001913e-01  4.798251623666485e-01  1.199999787596397e+00  1.199992775049885e+00  1.550141578008520e+00 
 1.768463850616889e-07  0.000000000000000e+00  7.742525195453822e-01  5.061690977364895e-01  4.799972087559781e-01  1.199999787596263e+00  1.199992931865206e+00  1.550141849544346e+00 
 1.770463850616889e-07  0.000000000000000e+00  7.742612665757361e-01  5.060064712730722e-01  4.801651251166198e-01  1.199999787596356e+00  1.199993081861516e+00  1.550142113654233e+00 
 1.772463850616889e-07  0.000000000000000e+00  7.742697869980344e-01  5.058475427840343e-01  4.803290785875400e-01  1.199999787596288e+00  1.199993225473070e+00  1.550142370728541e+00 
 1.774463850616889e-07  0.000000000000000e+00  7.742780922861668e-01  5.056921750048170e-01  4.804892258937153e-01  1.199999787596395e+00  1.199993363098702e+00  1.550142621074571e+00 
 1.776463850616888e-07  0.000000000000000e+00  7.742861929726786e-01  5.055402383746470e-01  4.806457142413715e-01  1.199999787596414e+00  1.199993495104858e+00  1.550142864908559e+00 
 1.778463850616888e-07  0.000000000000000e+00  7.742940987540482e-01  5.053916104426180e-01  4.807986821159218e-01  1.199999787596376e+00  1.199993621828551e+00  1.550143102367996e+00 
 1.780463850616888e-07  0.000000000000000e+00  7.743018185809102e-01  5.052461753315547e-01  4.809482599958908e-01  1.199999787596314e+00  1.199993743579692e+00  1.550143333532194e+00 
 1.782463850616888e-07  0.000000000000000e+00  7.743093607357537e-01  5.051038232523155e-01  4.810945709947206e-01  1.199999787596411e+00  1.199993860645747e+00  1.550143558444307e+00 
 1.784463850616888e-07  0.000000000000000e+00  7.743167329004603e-01  5.049644500605169e-01  4.812377314364075e-01  1.199999787596481e+00  1.199993973291616e+00  1.550143777130943e+00 
 1.786463850616888e-07  0.000000000000000e+00  7.743239422152289e-01  5.048279568558314e-01  4.813778513762914e-01  1.199999787596492e+00  1.199994081762565e+00  1.550143989617801e+00 
 1.788463850616888e-07  0.000000000000000e+00  7.743309953302873e-01  5.046942496155048e-01  4.815150350707285e-01  1.199999787596506e+00  1.199994186286305e+00  1.550144195940941e+00 
 1.790463850616888e-07  0.000000000000000e+00  7.743378984514285e-01  5.045632388601048e-01  4.816493814024063e-01  1.199999787596539e+00  1.199994287074318e+00  1.550144396153972e+00 
 1.792463850616888e-07  0.000000000000000e+00  7.743446573804033e-01  5.044348393477354e-01  4.817809842671720e-01  1.199999787596427e+00  1.199994384322923e+00  1.550144590331913e+00 
 1.794463850616887e-07  0.000000000000000e+00  7.743512775505875e-01  5.043089697935482e-01  4.819099329247571e-01  1.199999787596473e+00  1.199994478215284e+00  1.550144778572292e+00 
 1.796463850616887e-07  0.000000000000000e+00  7.743577640589676e-01  5.041855526141776e-01  4.820363123197137e-01  1.199999787596494e+00  1.199994568921851e+00  1.550144960994431e+00 
 1.798463850616887e-07  0.000000000000000e+00  7.743641216945260e-01  5.040645136909357e-01  4.821602033733530e-01  1.199999787596461e+00  1.199994656602473e+00  1.550145137737368e+00 
 1.800463850616887e-07  0.000000000000000e+00  7.743703549638051e-01  5.039457821531950e-01  4.822816832510520e-01  1.199999787596435e+00  1.199994741405224e+00  1.550145308957152e+00 
 1.802463850616887e-07  0.000000000000000e+00  7.743764681137859e-01  5.038292901788696e-01  4.824008256065719e-01  1.199999787596461e+00  1.199994823469916e+00  1.550145474823595e+00 
 1.804463850616887e-07  0.000000000000000e+00  7.743824651524824e-01  5.037149728099937e-01  4.825177008074499e-01  1.199999787596364e+00  1.199994902926397e+00  1.550145635517177e+00 
 1.806463850616887e-07  0.000000000000000e+00  7.743883498675126e-01  5.036027677825595e-01  4.826323761405032e-01  1.199999787596360e+00  1.199994979897132e+00  1.550145791225932e+00 
 1.808463850616887e-07  0.000000000000000e+00  7.743941258428806e-01  5.034926153695429e-01  4.827449160022134e-01  1.199999787596540e+00  1.199995054496914e+00  1.550145942142732e+00 
 1.810463850616887e-07  0.000000000000000e+00  7.743997964741874e-01  5.033844582351393e-01  4.828553820732318e-01  1.199999787596379e+00  1.199995126833536e+00  1.550146088462809e+00 
 1.812463850616886e-07  0.000000000000000e+00  7.744053649823748e-01  5.032782413003476e-01  4.829638334799781e-01  1.199999787596473e+00  1.199995197008345e+00  1.550146230381711e+00 
 1.814463850616886e-07  0.000000000000000e+00  7.744108344263076e-01  5.031739116174659e-01  4.830703269433338e-01  1.199999787596495e+00  1.199995265116678e+00  1.550146368093525e+00 
 1.816463850616886e-07  0.000000000000000e+00  7.744162077140805e-01  5.030714182544319e-01  4.831749169169557e-01  1.199999787596401e+00  1.199995331248283e+00  1.550146501789540e+00 
 1.818463850616886e-07  0.000000000000000e+00  7.744214876135169e-01  5.029707121870305e-01  4.832776557143484e-01  1.199999787596429e+00  1.199995395487819e+00  1.550146631657114e+00 
 1.820463850616886e-07  0.000000000000000e+00  7.744266767615808e-01  5.028717461981725e-01  4.833785936275882e-01  1.199999787596433e+00  1.199995457915790e+00  1.550146757878887e+00 
 1.822463850616886e-07  0.000000000000000e+00  7.744317776730766e-01  5.027744747847560e-01  4.834777790366603e-01  1.199999787596409e+00  1.199995518607129e+00  1.550146880632129e+00 
 1.824463850616886e-07  0.000000000000000e+00  7.744367927486637e-01  5.026788540703987e-01  4.835752585120232e-01  1.199999787596439e+00  1.199995577633397e+00  1.550147000088343e+00 
 1.826463850616886e-07  0.000000000000000e+00  7.744417242820846e-01  5.025848417245471e-01  4.836710769091442e-01  1.199999787596379e+00  1.199995635062252e+00  1.550147116412956e+00 
 1.828463850616886e-07  0.000000000000000e+00  7.744465744669431e-01  5.024923968864462e-01  4.837652774571113e-01  1.199999787596367e+00  1.199995690957447e+00  1.550147229765161e+00 
 1.830463850616885e-07  0.000000000000000e+00  7.744513454028208e-01  5.024014800936405e-01  4.838579018403665e-01  1.199999787596417e+00  1.199995745379543e+00  1.550147340297882e+00 
 1.832463850616885e-07  0.000000000000000e+00  7.744560391010685e-01  5.023120532168597e-01  4.839489902761820e-01  1.199999787596493e+00  1.199995798385827e+00  1.550147448157724e+00 
 1.834463850616885e-07  0.000000000000000e+00  7.744606574899755e-01  5.022240793967384e-01  4.840385815860856e-01  1.199999787596484e+00  1.199995850031183e+00  1.550147553485049e+00 
 1.836463850616885e-07  0.000000000000000e+00  7.744652024196824e-01  5.021375229863678e-01  4.841267132633544e-01  1.199999787596548e+00  1.199995900366873e+00  1.550147656414054e+00 
 1.838463850616885e-07  0.000000000000000e+00  7.744696756667045e-01  5.020523494962776e-01  4.842134215350312e-01  1.199999787596318e+00  1.199995949442346e+00  1.550147757072901e+00 
 1.840463850616885e-07  0.000000000000000e+00  7.744740789380483e-01  5.019685255429795e-01  4.842987414214209e-01  1.199999787596444e+00  1.199995997303993e+00  1.550147855583835e+00 
 1.842463850616885e-07  0.000000000000000e+00  7.744784138751238e-01  5.018860188015120e-01  4.843827067907689e-01  1.199999787596359e+00  1.199996043996622e+00  1.550147952063370e+00 
 1.844463850616885e-07  0.000000000000000e+00  7.744826820573105e-01  5.018047979595571e-01  4.844653504114083e-01  1.199999787596501e+00  1.199996089562282e+00  1.550148046622371e+00 
 1.846463850616884e-07  0.000000000000000e+00  7.744868850053377e-01  5.017248326748871e-01  4.845467040000232e-01  1.199999787596437e+00  1.199996134041341e+00  1.550148139366307e+00 
 1.848463850616884e-07  0.000000000000000e+00  7.744910241844005e-01  5.016460935349979e-01  4.846267982670568e-01  1.199999787596477e+00  1.199996177472146e+00  1.550148230395348e+00 
 1.850463850616884e-07  0.000000000000000e+00  7.744951010070134e-01  5.015685520193879e-01  4.847056629606489e-01  1.199999787596443e+00  1.199996219891241e+00  1.550148319804558e+00 
 1.852463850616884e-07  0.000000000000000e+00  7.744991168358040e-01  5.014921804636917e-01  4.847833269065482e-01  1.199999787596494e+00  1.199996261333197e+00  1.550148407684066e+00 
 1.854463850616884e-07  0.000000000000000e+00  7.745030729859960e-01  5.014169520258541e-01  4.848598180461585e-01  1.199999787596469e+00  1.199996301831937e+00  1.550148494119218e+00 
 1.856463850616884e-07  0.000000000000000e+00  7.745069707277532e-01  5.013428406541274e-01  4.849351634726703e-01  1.199999787596493e+00  1.199996341419050e+00  1.550148579190728e+00 
 1.858463850616884e-07  0.000000000000000e+00  7.745108112884325e-01  5.012698210570166e-01  4.850093894650052e-01  1.199999787596532e+00  1.199996380124672e+00  1.550148662974895e+00 
 1.860463850616884e-07  0.000000000000000e+00  7.745145958546638e-01  5.011978686743679e-01  4.850825215204200e-01  1.199999787596485e+00  1.199996417978264e+00  1.550148745543725e+00 
 1.862463850616884e-07  0.000000000000000e+00  7.745183255742873e-01  5.011269596502003e-01  4.851545843845741e-01  1.199999787596391e+00  1.199996455007241e+00  1.550148826965100e+00 
 1.864463850616883e-07  0.000000000000000e+00  7.745220015581619e-01  5.010570708065994e-01  4.852256020803619e-01  1.199999787596334e+00  1.199996491238802e+00  1.550148907302946e+00 
 1.866463850616883e-07  0.000000000000000e+00  7.745256248818865e-01  5.009881796198401e-01  4.852955979355046e-01  1.199999787596353e+00  1.199996526697965e+00  1.550148986617421e+00 
 1.868463850616883e-07  0.000000000000000e+00  7.745291965874921e-01  5.009202641965788e-01  4.853645946080408e-01  1.199999787596480e+00  1.199996561409457e+00  1.550149064965015e+00 
 1.870463850616883e-07  0.000000000000000e+00  7.745327176847939e-01  5.008533032522932e-01  4.854326141114331e-01  1.199999787596451e+00  1.199996595396076e+00  1.550149142398759e+00 
 1.872463850616883e-07  0.000000000000000e+00  7.745361891529662e-01  5.007872760892306e-01  4.854996778374766e-01  1.199999787596506e+00  1.199996628680843e+00  1.550149218968379e+00 
 1.874463850616883e-07  0.000000000000000e+00  7.745396119418785e-01  5.007221625771185e-01  4.855658065787592e-01  1.199999787596479e+00  1.199996661285019e+00  1.550149294720413e+00 
 1.876463850616883e-07  0.000000000000000e+00  7.745429869732425e-01  5.006579431338468e-01  4.856310205500004e-01  1.199999787596435e+00  1.199996693229316e+00  1.550149369698423e+00 
 1.878463850616883e-07  0.000000000000000e+00  7.745463151419628e-01  5.005945987067596e-01  4.856953394076426e-01  1.199999787596561e+00  1.199996724533480e+00  1.550149443943079e+00 
 1.880463850616883e-07  0.000000000000000e+00  7.745495973171977e-01  5.005321107555148e-01  4.857587822695373e-01  1.199999787596335e+00  1.199996755216378e+00  1.550149517492363e+00 
 1.882463850616882e-07  0.000000000000000e+00  7.745528343434207e-01  5.004704612351414e-01  4.858213677331844e-01  1.199999787596476e+00  1.199996785296628e+00  1.550149590381688e+00 
 1.884463850616882e-07  0.000000000000000e+00  7.745560270414497e-01  5.004096325801431e-01  4.858831138930519e-01  1.199999787596320e+00  1.199996814791798e+00  1.550149662644016e+00 
 1.886463850616882e-07  0.000000000000000e+00  7.745591762094249e-01  5.003496076894365e-01  4.859440383576299e-01  1.199999787596441e+00  1.199996843718358e+00  1.550149734310059e+00 
 1.888463850616882e-07  0.000000000000000e+00  7.745622826236712e-01  5.002903699113338e-01  4.860041582648103e-01  1.199999787596554e+00  1.199996872092811e+00  1.550149805408328e+00 
 1.890463850616882e-07  0.000000000000000e+00  7.745653470396113e-01  5.002319030296469e-01  4.860634902979463e-01  1.199999787596518e+00  1.199996899930954e+00  1.550149875965331e+00 
 1.892463850616882e-07  0.000000000000000e+00  7.745683701925331e-01  5.001741912500970e-01  4.861220507001278e-01  1.199999787596537e+00  1.199996927247847e+00  1.550149946005654e+00 
 1.894463850616882e-07  0.000000000000000e+00  7.745713527984049e-01  5.001172191871640e-01  4.861798552877907e-01  1.199999787596461e+00  1.199996954058010e+00  1.550150015552121e+00 
 1.896463850616882e-07  0.000000000000000e+00  7.745742955545727e-01  5.000609718520471e-01  4.862369194644522e-01  1.199999787596437e+00  1.199996980374891e+00  1.550150084625864e+00 
 1.898463850616882e-07  0.000000000000000e+00  7.745771991404793e-01  5.000054346408236e-01  4.862932582340311e-01  1.199999787596387e+00  1.199997006212328e+00  1.550150153246446e+00 
 1.900463850616881e-07  0.000000000000000e+00  7.745800642183958e-01  4.999505933225019e-01  4.863488862125653e-01  1.199999787596424e+00  1.199997031583499e+00  1.550150221431963e+00 
 1.902463850616881e-07  0.000000000000000e+00  7.745828914339012e-01  4.998964340276629e-01  4.864038176404923e-01  1.199999787596470e+00  1.199997056500238e+00  1.550150289199173e+00 
 1.904463850616881e-07  0.000000000000000e+00  7.745856814166284e-01  4.998429432387441e-01  4.864580663941335e-01  1.199999787596351e+00  1.199997080975476e+00  1.550150356563520e+00 
 1.906463850616881e-07  0.000000000000000e+00  7.745884347807748e-01  4.997901077790404e-01  4.865116459961363e-01  1.199999787596359e+00  1.199997105020265e+00  1.550150423539326e+00 
 1.908463850616881e-07  0.000000000000000e+00  7.745911521256368e-01  4.997379148030211e-01  4.865645696265747e-01  1.199999787596492e+00  1.199997128646012e+00  1.550150490139770e+00 
 1.910463850616881e-07  0.000000000000000e+00  7.745938340361488e-01  4.996863517869983e-01  4.866168501330739e-01  1.199999787596483e+00  1.199997151863551e+00  1.550150556377045e+00 
 1.912463850616881e-07  0.000000000000000e+00  7.745964810833840e-01  4.996354065190831e-01  4.866685000399992e-01  1.199999787596355e+00  1.199997174683380e+00  1.550150622262372e+00 
 1.914463850616881e-07  0.000000000000000e+00  7.745990938250736e-01  4.995850670913631e-01  4.867195315584988e-01  1.199999787596257e+00  1.199997197115390e+00  1.550150687806105e+00 
 1.916463850616880e-07  0.000000000000000e+00  7.746016728059393e-01  4.995353218908883e-01  4.867699565960167e-01  1.199999787596409e+00  1.199997219169964e+00  1.550150753017775e+00 
 1.918463850616880e-07  0.000000000000000e+00  7.746042185582696e-01  4.994861595910363e-01  4.868197867639118e-01  1.199999787596442e+00  1.199997240856029e+00  1.550150817906167e+00 
 1.920463850616880e-07  0.000000000000000e+00  7.746067316022417e-01  4.994375691439570e-01  4.868690333862395e-01  1.199999787596493e+00  1.199997262182824e+00  1.550150882479375e+00 
 1.922463850616880e-07  0.000000000000000e+00  7.746092124463066e-01  4.993895397721800e-01  4.869177075090738e-01  1.199999787596454e+00  1.199997283159167e+00  1.550150946744818e+00 
 1.924463850616880e-07  0.000000000000000e+00  7.746116615876256e-01  4.993420609619538e-01  4.869658199066983e-01  1.199999787596474e+00  1.199997303794137e+00  1.550151010709337e+00 
 1.926463850616880e-07  0.000000000000000e+00  7.746140795124229e-01  4.992951224553362e-01  4.870133810905226e-01  1.199999787596423e+00  1.199997324095155e+00  1.550151074379212e+00 
 1.928463850616880e-07  0.000000000000000e+00  7.746164666963065e-01  4.992487142436865e-01  4.870604013156487e-01  1.199999787596435e+00  1.199997344070617e+00  1.550151137760186e+00 
 1.930463850616880e-07  0.000000000000000e+00  7.746188236046383e-01  4.992028265602990e-01  4.871068905885785e-01  1.199999787596347e+00  1.199997363728319e+00  1.550151200857523e+00 
 1.932463850616880e-07  0.000000000000000e+00  7.746211506927799e-01  4.991574498739832e-01  4.871528586736500e-01  1.199999787596417e+00  1.199997383075761e+00  1.550151263676033e+00 
 1.934463850616879e-07  0.000000000000000e+00  7.746234484064665e-01  4.991125748829885e-01  4.871983151000687e-01  1.199999787596309e+00  1.199997402120570e+00  1.550151326220098e+00 
 1.936463850616879e-07  0.000000000000000e+00  7.746257171820825e-01  4.990681925082464e-01  4.872432691679277e-01  1.199999787596357e+00  1.199997420869160e+00  1.550151388493719e+00 
 1.938463850616879e-07  0.000000000000000e+00  7.746279574469908e-01  4.990242938878133e-01  4.872877299547432e-01  1.199999787596346e+00  1.199997439328699e+00  1.550151450500513e+00 
 1.940463850616879e-07  0.000000000000000e+00  7.746301696196687e-01  4.989808703711926e-01  4.873317063216121e-01  1.199999787596410e+00  1.199997457505768e+00  1.550151512243722e+00 
 1.942463850616879e-07  0.000000000000000e+00  7.746323541101218e-01  4.989379135128506e-01  4.873752069188134e-01  1.199999787596398e+00  1.199997475406810e+00  1.550151573726256e+00 
 1.944463850616879e-07  0.000000000000000e+00  7.746345113200155e-01  4.988954150677480e-01  4.874182401916015e-01  1.199999787596478e+00  1.199997493037861e+00  1.550151634950724e+00 
 1.946463850616879e-07  0.000000000000000e+00  7.746366416429769e-01  4.988533669854205e-01  4.874608143857907e-01  1.199999787596503e+00  1.199997510405297e+00  1.550151695919408e+00 
 1.948463850616879e-07  0.000000000000000e+00  7.746387454648399e-01  4.988117614048246e-01  4.875029375528567e-01  1.199999787596429e+00  1.199997527514945e+00  1.550151756634315e+00 
 1.950463850616879e-07  0.000000000000000e+00  7.746408231638193e-01  4.987705906494124e-01  4.875446175550813e-01  1.199999787596413e+00  1.199997544372425e+00  1.550151817097158e+00 
 1.952463850616878e-07  0.000000000000000e+00  7.746428751107142e-01  4.987298472224452e-01  4.875858620710960e-01  1.199999787596495e+00  1.199997560983182e+00  1.550151877309370e+00 
 1.954463850616878e-07  0.000000000000000e+00  7.746449016691803e-01  4.986895238019928e-01  4.876266786002550e-01  1.199999787596413e+00  1.199997577352615e+00  1.550151937272126e+00 
 1.956463850616878e-07  0.000000000000000e+00  7.746469031958773e-01  4.986496132366848e-01  4.876670744675687e-01  1.199999787596488e+00  1.199997593486064e+00  1.550151996986349e+00 
 1.958463850616878e-07  0.000000000000000e+00  7.746488800406522e-01  4.986101085407321e-01  4.877070568281154e-01  1.199999787596500e+00  1.199997609388540e+00  1.550152056452704e+00 
 1.960463850616878e-07  0.000000000000000e+00  7.746508325467617e-01  4.985710028901235e-01  4.877466326715549e-01  1.199999787596411e+00  1.199997625064688e+00  1.550152115671610e+00 
 1.962463850616878e-07  0.000000000000000e+00  7.746527610510492e-01  4.985322896181946e-01  4.877858088264743e-01  1.199999787596473e+00  1.199997640519695e+00  1.550152174643252e+00 
 1.964463850616878e-07  0.000000000000000e+00  7.746546658840515e-01  4.984939622116425e-01  4.878245919646892e-01  1.199999787596374e+00  1.199997655758022e+00  1.550152233367573e+00 
 1.966463850616878e-07  0.000000000000000e+00  7.746565473702383e-01  4.984560143057621e-01  4.878629886054113e-01  1.199999787596398e+00  1.199997670784225e+00  1.550152291844296e+00 
 1.968463850616878e-07  0.000000000000000e+00  7.746584058281154e-01  4.984184396818440e-01  4.879010051189123e-01  1.199999787596361e+00  1.199997685602795e+00  1.550152350072914e+00 
 1.970463850616877e-07  0.000000000000000e+00  7.746602415704047e-01  4.983812322627025e-01  4.879386477303386e-01  1.199999787596404e+00  1.199997700217684e+00  1.550152408052673e+00 
 1.972463850616877e-07  0.000000000000000e+00  7.746620549041993e-01  4.983443861091257e-01  4.879759225236272e-01  1.199999787596379e+00  1.199997714633491e+00  1.550152465782632e+00 
 1.974463850616877e-07  0.000000000000000e+00  7.746638461310997e-01  4.983078954163848e-01  4.880128354452681e-01  1.199999787596402e+00  1.199997728853578e+00  1.550152523261612e+00 
 1.976463850616877e-07  0.000000000000000e+00  7.746656155473201e-01  4.982717545103756e-01  4.880493923074358e-01  1.199999787596485e+00  1.199997742882956e+00  1.550152580488221e+00 
 1.978463850616877e-07  0.000000000000000e+00  7.746673634438720e-01  4.982359578449924e-01  4.880855987921072e-01  1.199999787596481e+00  1.199997756724267e+00  1.550152637460871e+00 
 1.980463850616877e-07  0.000000000000000e+00  7.746690901066560e-01  4.982004999984286e-01  4.881214604535717e-01  1.199999787596464e+00  1.199997770382060e+00  1.550152694177762e+00 
 1.982463850616877e-07  0.000000000000000e+00  7.746707958166207e-01  4.981653756699285e-01  4.881569827222546e-01  1.199999787596445e+00  1.199997783859898e+00  1.550152750636884e+00 
 1.984463850616877e-07  0.000000000000000e+00  7.746724808498044e-01  4.981305796768759e-01  4.881921709079650e-01  1.199999787596529e+00  1.199997797160844e+00  1.550152806836046e+00 
 1.986463850616876e-07  0.000000000000000e+00  7.746741454775526e-01  4.980961069514094e-01  4.882270302023616e-01  1.199999787596467e+00  1.199997810288727e+00  1.550152862772842e+00 
 1.988463850616876e-07  0.000000000000000e+00  7.746757899665933e-01  4.980619525379266e-01  4.882615656824055e-01  1.199999787596536e+00  1.199997823246807e+00  1.550152918444695e+00 
 1.990463850616876e-07  0.000000000000000e+00  7.746774145790861e-01  4.980281115903181e-01  4.882957823130741e-01  1.199999787596457e+00  1.199997836038477e+00  1.550152973848856e+00 
 1.992463850616876e-07  0.000000000000000e+00  7.746790195728387e-01  4.979945793689877e-01  4.883296849501814e-01  1.199999787596401e+00  1.199997848666836e+00  1.550153028982379e+00 
 1.994463850616876e-07  0.000000000000000e+00  7.746806052013134e-01  4.979613512377538e-01  4.883632783433252e-01  1.199999787596457e+00  1.199997861134694e+00  1.550153083842192e+00 
 1.996463850616876e-07  0.000000000000000e+00  7.746821717137808e-01  4.979284226619075e-01  4.883965671385126e-01  1.199999787596409e+00  1.199997873445536e+00  1.550153138425016e+00 
 1.998463850616876e-07  0.000000000000000e+00  7.746837193553694e-01  4.978957892051930e-01  4.884295558808602e-01  1.199999787596471e+00  1.199997885601889e+00  1.550153192727440e+00 
 2.000463850616876e-07  0.000000000000000e+00  7.746852483672197e-01  4.978634465274615e-01  4.884622490164983e-01  1.199999787596548e+00  1.199997897607080e+00  1.550153246745909e+00 
 2.002463850616876e-07  0.000000000000000e+00  7.746867589865263e-01  4.978313903823937e-01  4.884946508960843e-01  1.199999787596556e+00  1.199997909463519e+00  1.550153300476734e+00 
 2.004463850616875e-07  0.000000000000000e+00  7.746882514466148e-01  4.977996166149157e-01  4.885267657763194e-01  1.199999787596362e+00  1.199997921174206e+00  1.550153353916077e+00 
 2.006463850616875e-07  0.000000000000000e+00  7.746897259770723e-01  4.977681211592871e-01  4.885585978223261e-01  1.199999787596353e+00  1.199997932741918e+00  1.550153407059985e+00 
 2.008463850616875e-07  0.000000000000000e+00  7.746911828038044e-01  4.977369000361541e-01  4.885901511107375e-01  1.199999787596358e+00  1.199997944168922e+00  1.550153459904430e+00 
 2.010463850616875e-07  0.000000000000000e+00  7.746926221491154e-01  4.977059493509460e-01  4.886214296312897e-01  1.199999787596372e+00  1.199997955458027e+00  1.550153512445242e+00 
 2.012463850616875e-07  0.000000000000000e+00  7.746940442317984e-01  4.976752652914390e-01  4.886524372888544e-01  1.199999787596371e+00  1.199997966611550e+00  1.550153564678177e+00 
 2.014463850616875e-07  0.000000000000000e+00  7.746954492672075e-01  4.976448441262581e-01  4.886831779058056e-01  1.199999787596367e+00  1.199997977631982e+00  1.550153616598906e+00 
 2.016463850616875e-07  0.000000000000000e+00  7.746968374672991e-01  4.976146822024410e-01  4.887136552239050e-01  1.199999787596266e+00  1.199997988521524e+00  1.550153668203052e+00 
 2.018463850616875e-07  0.000000000000000e+00  7.746982090407331e-01  4.975847759434127e-01  4.887438729066506e-01  1.199999787596429e+00  1.199997999282668e+00  1.550153719486156e+00 
 2.020463850616875e-07  0.000000000000000e+00  7.746995641929381e-01  4.975551218470214e-01  4.887738345412257e-01  1.199999787596383e+00  1.199998009917826e+00  1.550153770443707e+00 
 2.022463850616874e-07  0.000000000000000e+00  7.747009031261787e-01  4.975257164840602e-01  4.888035436395947e-01  1.199999787596290e+00  1.199998020428998e+00  1.550153821071176e+00 
 2.024463850616874e-07  0.000000000000000e+00  7.747022260396370e-01  4.974965564961524e-01  4.888330036410403e-01  1.199999787596446e+00  1.199998030817961e+00  1.550153871364011e+00 
 2.026463850616874e-07  0.000000000000000e+00  7.747035331294095e-01  4.974676385939629e-01  4.888622179136792e-01  1.199999787596518e+00  1.199998041087649e+00  1.550153921317642e+00 
 2.028463850616874e-07  0.000000000000000e+00  7.747048245886708e-01  4.974389595562452e-01  4.888911897567426e-01  1.199999787596308e+00  1.199998051239424e+00  1.550153970927499e+00 
 2.030463850616874e-07  0.000000000000000e+00  7.747061006076498e-01  4.974105162269674e-01  4.889199224014911e-01  1.199999787596492e+00  1.199998061275471e+00  1.550154020189015e+00 
 2.032463850616874e-07  0.000000000000000e+00  7.747073613737155e-01  4.973823055144275e-01  4.889484190133565e-01  1.199999787596292e+00  1.199998071198070e+00  1.550154069097650e+00 
 2.034463850616874e-07  0.000000000000000e+00  7.747086070714527e-01  4.973543243894605e-01  4.889766826935152e-01  1.199999787596350e+00  1.199998081009102e+00  1.550154117648902e+00 
 2.036463850616874e-07  0.000000000000000e+00  7.747098378826857e-01  4.973265698840469e-01  4.890047164802745e-01  1.199999787596458e+00  1.199998090709876e+00  1.550154165838317e+00 
 2.038463850616873e-07  0.000000000000000e+00  7.747110539865599e-01  4.972990390902022e-01  4.890325233509019e-01  1.199999787596510e+00  1.199998100302700e+00  1.550154213661468e+00 
 2.040463850616873e-07  0.000000000000000e+00  7.747122555595634e-01  4.972717291573768e-01  4.890601062227378e-01  1.199999787596378e+00  1.199998109789192e+00  1.550154261114030e+00 
 2.042463850616873e-07  0.000000000000000e+00  7.747134427756155e-01  4.972446372917674e-01  4.890874679548658e-01  1.199999787596352e+00  1.199998119171123e+00  1.550154308191719e+00 
 2.044463850616873e-07  0.000000000000000e+00  7.747146158061006e-01  4.972177607553043e-01  4.891146113494504e-01  1.199999787596358e+00  1.199998128450213e+00  1.550154354890356e+00 
 2.046463850616873e-07  0.000000000000000e+00  7.747157748199101e-01  4.971910968637320e-01  4.891415391533614e-01  1.199999787596352e+00  1.199998137628569e+00  1.550154401205870e+00 
 2.048463850616873e-07  0.000000000000000e+00  7.747169199834726e-01  4.971646429854050e-01  4.891682540591556e-01  1.199999787596451e+00  1.199998146707060e+00  1.550154447134273e+00 
 2.050463850616873e-07  0.000000000000000e+00  7.747180514608392e-01  4.971383965398433e-01  4.891947587067278e-01  1.199999787596508e+00  1.199998155687713e+00  1.550154492671704e+00 
 2.052463850616873e-07  0.000000000000000e+00  7.747191694137197e-01  4.971123549970016e-01  4.892210556839603e-01  1.199999787596481e+00  1.199998164572291e+00  1.550154537814449e+00 
 2.054463850616873e-07  0.000000000000000e+00  7.747202740015066e-01  4.970865158756257e-01  4.892471475287956e-01  1.199999787596442e+00  1.199998173362163e+00  1.550154582558887e+00 
 2.056463850616872e-07  0.000000000000000e+00  7.747213653813350e-01  4.970608767421342e-01  4.892730367301401e-01  1.199999787596364e+00  1.199998182058438e+00  1.550154626901566e+00 
 2.058463850616872e-07  0.000000000000000e+00  7.747224437081106e-01  4.970354352093899e-01  4.892987257288408e-01  1.199999787596438e+00  1.199998190663401e+00  1.550154670839168e+00 
 2.060463850616872e-07  0.000000000000000e+00  7.747235091345706e-01  4.970101889360284e-01  4.893242169188126e-01  1.199999787596369e+00  1.199998199177706e+00  1.550154714368568e+00 
 2.062463850616872e-07  0.000000000000000e+00  7.747245618112979e-01  4.969851356250293e-01  4.893495126485842e-01  1.199999787596449e+00  1.199998207603165e+00  1.550154757486758e+00 
 2.064463850616872e-07  0.000000000000000e+00  7.747256018867904e-01  4.969602730226041e-01  4.893746152217353e-01  1.199999787596502e+00  1.199998215941125e+00  1.550154800190930e+00 
 2.066463850616872e-07  0.000000000000000e+00  7.747266295074693e-01  4.969355989171964e-01  4.893995268986947e-01  1.199999787596465e+00  1.199998224193085e+00  1.550154842478439e+00 
 2.068463850616872e-07  0.000000000000000e+00  7.747276448177378e-01  4.969111111383657e-01  4.894242498971971e-01  1.199999787596495e+00  1.199998232359942e+00  1.550154884346813e+00 
 2.070463850616872e-07  0.000000000000000e+00  7.747286479600186e-01  4.968868075560893e-01  4.894487863934072e-01  1.199999787596381e+00  1.199998240443354e+00  1.550154925793793e+00 
 2.072463850616872e-07  0.000000000000000e+00  7.747296390747698e-01  4.968626860797977e-01  4.894731385234969e-01  1.199999787596396e+00  1.199998248444321e+00  1.550154966817290e+00 
 2.074463850616871e-07  0.000000000000000e+00  7.747306183005239e-01  4.968387446573906e-01  4.894973083838084e-01  1.199999787596419e+00  1.199998256364355e+00  1.550155007415412e+00 
 2.076463850616871e-07  0.000000000000000e+00  7.747315857739722e-01  4.968149812737961e-01  4.895212980320490e-01  1.199999787596342e+00  1.199998264204314e+00  1.550155047586445e+00 
 2.078463850616871e-07  0.000000000000000e+00  7.747325416299184e-01  4.967913939506157e-01  4.895451094883154e-01  1.199999787596414e+00  1.199998271965987e+00  1.550155087328918e+00 
 2.080463850616871e-07  0.000000000000000e+00  7.747334860013385e-01  4.967679807456126e-01  4.895687447360599e-01  1.199999787596425e+00  1.199998279650288e+00  1.550155126641543e+00 
 2.082463850616871e-07  0.000000000000000e+00  7.747344190194410e-01  4.967447397511169e-01  4.895922057223364e-01  1.199999787596445e+00  1.199998287258083e+00  1.550155165523221e+00 
 2.084463850616871e-07  0.000000000000000e+00  7.747353408136773e-01  4.967216690936826e-01  4.896154943597260e-01  1.199999787596370e+00  1.199998294790855e+00  1.550155203973050e+00 
 2.086463850616871e-07  0.000000000000000e+00  7.747362515117956e-01  4.966987669328490e-01  4.896386125261474e-01  1.199999787596345e+00  1.199998302249515e+00  1.550155241990362e+00 
 2.088463850616871e-07  0.000000000000000e+00  7.747371512398002e-01  4.966760314609510e-01  4.896615620663919e-01  1.199999787596326e+00  1.199998309635509e+00  1.550155279574690e+00 
 2.090463850616871e-07  0.000000000000000e+00  7.747380401220577e-01  4.966534609017779e-01  4.896843447920117e-01  1.199999787596499e+00  1.199998316949439e+00  1.550155316725763e+00 
 2.092463850616870e-07  0.000000000000000e+00  7.747389182813009e-01  4.966310535104230e-01  4.897069624831594e-01  1.199999787596377e+00  1.199998324192600e+00  1.550155353443488e+00 
 2.094463850616870e-07  0.000000000000000e+00  7.747397858386518e-01  4.966088075719945e-01  4.897294168889201e-01  1.199999787596473e+00  1.199998331365990e+00  1.550155389728011e+00 
 2.096463850616870e-07  0.000000000000000e+00  7.747406429136409e-01  4.965867214013540e-01  4.897517097273894e-01  1.199999787596429e+00  1.199998338470328e+00  1.550155425579670e+00 
 2.098463850616870e-07  0.000000000000000e+00  7.747414896242594e-01  4.965647933420438e-01  4.897738426870943e-01  1.199999787596440e+00  1.199998345506840e+00  1.550155460998995e+00 
 2.100463850616870e-07  0.000000000000000e+00  7.747423260869540e-01  4.965430217659518e-01  4.897958174277229e-01  1.199999787596467e+00  1.199998352476532e+00  1.550155495986713e+00 
 2.102463850616870e-07  0.000000000000000e+00  7.747431524166782e-01  4.965214050727217e-01  4.898176355806441e-01  1.199999787596499e+00  1.199998359380117e+00  1.550155530543760e+00 
 2.104463850616870e-07  0.000000000000000e+00  7.747439687268997e-01  4.964999416886787e-01  4.898392987491177e-01  1.199999787596378e+00  1.199998366218899e+00  1.550155564671219e+00 
 2.106463850616870e-07  0.000000000000000e+00  7.747447751296093e-01  4.964786300665447e-01  4.898608085096329e-01  1.199999787596474e+00  1.199998372993561e+00  1.550155598370399e+00 
 2.108463850616869e-07  0.000000000000000e+00  7.747455717353895e-01  4.964574686847777e-01  4.898821664117067e-01  1.199999787596429e+00  1.199998379705178e+00  1.550155631642772e+00 
 2.110463850616869e-07  0.000000000000000e+00  7.747463586534260e-01  4.964364560469601e-01  4.899033739796934e-01  1.199999787596438e+00  1.199998386354389e+00  1.550155664489989e+00 
 2.112463850616869e-07  0.000000000000000e+00  7.747471359915451e-01  4.964155906813060e-01  4.899244327119728e-01  1.199999787596460e+00  1.199998392942147e+00  1.550155696913866e+00 
 2.114463850616869e-07  0.000000000000000e+00  7.747479038561567e-01  4.963948711401879e-01  4.899453440825935e-01  1.199999787596367e+00  1.199998399469277e+00  1.550155728916397e+00 
 2.116463850616869e-07  0.000000000000000e+00  7.747486623523472e-01  4.963742959988201e-01  4.899661095414146e-01  1.199999787596422e+00  1.199998405936807e+00  1.550155760499732e+00 
 2.118463850616869e-07  0.000000000000000e+00  7.747494115839112e-01  4.963538638561661e-01  4.899867305146877e-01  1.199999787596430e+00  1.199998412345057e+00  1.550155791666171e+00 
 2.120463850616869e-07  0.000000000000000e+00  7.747501516533135e-01  4.963335733333713e-01  4.900072084054910e-01  1.199999787596444e+00  1.199998418695525e+00  1.550155822418163e+00 
 2.122463850616869e-07  0.000000000000000e+00  7.747508826617622e-01  4.963134230730853e-01  4.900275445943465e-01  1.199999787596358e+00  1.199998424988520e+00  1.550155852758325e+00 
 2.124463850616869e-07  0.000000000000000e+00  7.747516047092152e-01  4.962934117399694e-01  4.900477404398356e-01  1.199999787596428e+00  1.199998431224910e+00  1.550155882689371e+00 
 2.126463850616868e-07  0.000000000000000e+00  7.747523178943757e-01  4.962735380190568e-01  4.900677972790195e-01  1.199999787596442e+00  1.199998437405289e+00  1.550155912214171e+00 
 2.128463850616868e-07  0.000000000000000e+00  7.747530223147496e-01  4.962538006164776e-01  4.900877164275695e-01  1.199999787596460e+00  1.199998443530689e+00  1.550155941335737e+00 
 2.130463850616868e-07  0.000000000000000e+00  7.747537180666435e-01  4.962341982579550e-01  4.901074991810107e-01  1.199999787596363e+00  1.199998449601788e+00  1.550155970057160e+00 
 2.132463850616868e-07  0.000000000000000e+00  7.747544052451814e-01  4.962147296891126e-01  4.901271468141856e-01  1.199999787596415e+00  1.199998455619389e+00  1.550155998381686e+00 
 2.134463850616868e-07  0.000000000000000e+00  7.747550839443136e-01  4.961953936745985e-01  4.901466605827577e-01  1.199999787596324e+00  1.199998461583961e+00  1.550156026312626e+00 
 2.136463850616868e-07  0.000000000000000e+00  7.747557542568584e-01  4.961761889979086e-01  4.901660417227183e-01  1.199999787596476e+00  1.199998467496025e+00  1.550156053853418e+00 
 2.138463850616868e-07  0.000000000000000e+00  7.747564162745139e-01  4.961571144608541e-01  4.901852914513767e-01  1.199999787596340e+00  1.199998473357031e+00  1.550156081007582e+00 
 2.140463850616868e-07  0.000000000000000e+00  7.747570700878726e-01  4.961381688830985e-01  4.902044109675544e-01  1.199999787596390e+00  1.199998479167083e+00  1.550156107778713e+00 
 2.142463850616868e-07  0.000000000000000e+00  7.747577157864243e-01  4.961193511020072e-01  4.902234014521397e-01  1.199999787596503e+00  1.199998484926584e+00  1.550156134170511e+00 
 2.144463850616867e-07  0.000000000000000e+00  7.747583534585974e-01  4.961006599718940e-01  4.902422640682945e-01  1.199999787596361e+00  1.199998490636894e+00  1.550156160186728e+00 
 2.146463850616867e-07  0.000000000000000e+00  7.747589831917578e-01  4.960820943640267e-01  4.902609999619917e-01  1.199999787596402e+00  1.199998496298115e+00  1.550156185831177e+00 
 2.148463850616867e-07  0.000000000000000e+00  7.747596050722508e-01  4.960636531661635e-01  4.902796102622036e-01  1.199999787596410e+00  1.199998501911014e+00  1.550156211107750e+00 
 2.150463850616867e-07  0.000000000000000e+00  7.747602191853425e-01  4.960453352820320e-01  4.902980960813708e-01  1.199999787596512e+00  1.199998507476097e+00  1.550156236020394e+00 
 2.152463850616867e-07  0.000000000000000e+00  7.747608256153313e-01  4.960271396314134e-01  4.903164585157745e-01  1.199999787596469e+00  1.199998512993991e+00  1.550156260573083e+00 
 2.154463850616867e-07  0.000000000000000e+00  7.747614244455092e-01  4.960090651488673e-01  4.903346986460391e-01  1.199999787596507e+00  1.199998518465810e+00  1.550156284769847e+00 
 2.156463850616867e-07  0.000000000000000e+00  7.747620157581802e-01  4.959911107847944e-01  4.903528175372696e-01  1.199999787596453e+00  1.199998523891529e+00  1.550156308614741e+00 
 2.158463850616867e-07  0.000000000000000e+00  7.747625996346897e-01  4.959732755040024e-01  4.903708162394123e-01  1.199999787596448e+00  1.199998529271719e+00  1.550156332111846e+00 
 2.160463850616867e-07  0.000000000000000e+00  7.747631761554158e-01  4.959555582854441e-01  4.903886957873535e-01  1.199999787596358e+00  1.199998534607273e+00  1.550156355265299e+00 
 2.162463850616866e-07  0.000000000000000e+00  7.747637453998102e-01  4.959379581228205e-01  4.904064572017163e-01  1.199999787596426e+00  1.199998539898361e+00  1.550156378079210e+00 
 2.164463850616866e-07  0.000000000000000e+00  7.747643074464193e-01  4.959204740233876e-01  4.904241014887836e-01  1.199999787596340e+00  1.199998545146165e+00  1.550156400557722e+00 
 2.166463850616866e-07  0.000000000000000e+00  7.747648623728208e-01  4.959031050079361e-01  4.904416296408319e-01  1.199999787596393e+00  1.199998550350625e+00  1.550156422704982e+00 
 2.168463850616866e-07  0.000000000000000e+00  7.747654102557390e-01  4.958858501109102e-01  4.904590426369330e-01  1.199999787596507e+00  1.199998555512627e+00  1.550156444525145e+00 
 2.170463850616866e-07  0.000000000000000e+00  7.747659511709999e-01  4.958687083792917e-01  4.904763414422392e-01  1.199999787596457e+00  1.199998560632912e+00  1.550156466022351e+00 
 2.172463850616866e-07  0.000000000000000e+00  7.747664851935248e-01  4.958516788730783e-01  4.904935270095273e-01  1.199999787596451e+00  1.199998565711256e+00  1.550156487200744e+00 
 2.174463850616866e-07  0.000000000000000e+00  7.747670123974193e-01  4.958347606647081e-01  4.905106002778606e-01  1.199999787596270e+00  1.199998570748343e+00  1.550156508064447e+00 
 2.176463850616866e-07  0.000000000000000e+00  7.747675328559340e-01  4.958179528388830e-01  4.905275621747490e-01  1.199999787596285e+00  1.199998575745103e+00  1.550156528617574e+00 
 2.178463850616865e-07  0.000000000000000e+00  7.747680466414669e-01  4.958012544922228e-01  4.905444136147289e-01  1.199999787596399e+00  1.199998580701755e+00  1.550156548864210e+00 
 2.180463850616865e-07  0.000000000000000e+00  7.747685538255638e-01  4.957846647334143e-01  4.905611555004699e-01  1.199999787596414e+00  1.199998585618619e+00  1.550156568808430e+00 
 2.182463850616865e-07  0.000000000000000e+00  7.747690544789967e-01  4.957681826821120e-01  4.905777887229253e-01  1.199999787596312e+00  1.199998590496846e+00  1.550156588454251e+00 
 2.184463850616865e-07  0.000000000000000e+00  7.747695486717185e-01  4.957518074695169e-01  4.905943141617840e-01  1.199999787596468e+00  1.199998595336209e+00  1.550156607805678e+00 
 2.186463850616865e-07  0.000000000000000e+00  7.747700364728771e-01  4.957355382383143e-01  4.906107326850048e-01  1.199999787596519e+00  1.199998600136798e+00  1.550156626866704e+00 
 2.188463850616865e-07  0.000000000000000e+00  7.747705179461771e-01  4.957193741355855e-01  4.906270451540991e-01  1.199999787596448e+00  1.199998604926099e+00  1.550156645641249e+00 
 2.190463850616865e-07  0.000000000000000e+00  7.747709931619969e-01  4.957033143284005e-01  4.906432524120090e-01  1.199999787596361e+00  1.199998609657097e+00  1.550156664133189e+00 
 2.192463850616865e-07  0.000000000000000e+00  7.747714621886594e-01  4.956873579928891e-01  4.906593552932924e-01  1.199999787596444e+00  1.199998614345669e+00  1.550156682346377e+00 
 2.194463850616865e-07  0.000000000000000e+00  7.747719250927176e-01  4.956715043139667e-01  4.906753546227177e-01  1.199999787596360e+00  1.199998618997567e+00  1.550156700284609e+00 
 2.196463850616864e-07  0.000000000000000e+00  7.747723819396372e-01  4.956557524863376e-01  4.906912512147134e-01  1.199999787596441e+00  1.199998623613647e+00  1.550156717951626e+00 
 2.198231925308432e-07  0.000000000000000e+00  7.747727808155777e-01  4.956419114920597e-01  4.907052194554216e-01  1.199999787596591e+00  1.199998627661208e+00  1.550156733346175e+00 
 2.200000000000000e-07  0.000000000000000e+00  7.747731750514234e-01  4.956281489474994e-01  4.907191085673663e-01  1.199999787596705e+00  1.199998631684203e+00  1.550156748532570e+00 
 2.200001301781911e-07  7.810691465031340e-04  7.747751186783822e-01  4.956300373253671e-01  4.907191944524895e-01  1.200003607764966e+00  1.199998701926667e+00  1.550156748543679e+00 
 2.200003905345733e-07  2.343207439668221e-03  7.747796428392963e-01  4.956344449814428e-01  4.907194139195072e-01  1.200014608389883e+00  1.199998878035121e+00  1.550156748565893e+00 
 2.200007230806366e-07  4.338483819515018e-03  7.747857630046253e-01  4.956404375198062e-01  4.907197209370661e-01  1.200029500069150e+00  1.199999094972807e+00  1.550156748594262e+00 
 2.200011212008764e-07  6.727205258526507e-03  7.747930678568627e-01  4.956476238849516e-01  4.907200760043945e-01  1.200043956238387e+00  1.199999309413623e+00  1.550156748628228e+00 
 2.200016859823169e-07  1.011589390150867e-02  7.748031923368913e-01  4.956576234446533e-01  4.907205329324330e-01  1.200057157337729e+00  1.199999540530740e+00  1.550156748676415e+00 
 2.200027768760320e-07  1.666125619218950e-02  7.748220974031991e-01  4.956763795015097e-01  4.907212931357709e-01  1.200066617794327e+00  1.199999824797924e+00  1.550156748769474e+00 
 2.200049586634622e-07  2.975198077339233e-02  7.748579385970827e-01  4.957121562713286e-01  4.907225214158281e-01  1.200057752862592e+00  1.200000024575251e+00  1.550156748955565e+00 
 2.200092600339370e-07  5.556020362174685e-02  7.749230044545913e-01  4.957775798496187e-01  4.907243444455136e-01  1.200022246192979e+00  1.199999832354939e+00  1.550156749322380e+00 
 2.200152436160131e-07  9.146169607860197e-02  7.750051434680836e-01  4.958607458199851e-01  4.907261622128505e-01  1.199992764869116e+00  1.199999266232648e+00  1.550156749832879e+00 
 2.200225877328545e-07  1.355263971271851e-01  7.750976898950718e-01  4.959549591929928e-01  4.907277333213019e-01  1.199985103970993e+00  1.199998701870550e+00  1.550156750460936e+00 
 2.200313968813563e-07  1.883812881379576e-01  7.752019548988153e-01  4.960614938292974e-01  4.907290548586045e-01  1.199989432362067e+00  1.199998349300041e+00  1.550156751221293e+00 
 2.200427716484377e-07  2.566298906258465e-01  7.753307823832374e-01  4.961933743220940e-01  4.907302693372446e-01  1.199995591044505e+00  1.199998224106214e+00  1.550156752233102e+00 
 2.200506268044275e-07  3.037608265648761e-01  7.754155649455626e-01  4.962802100857467e-01  4.907308911858602e-01  1.199998316956328e+00  1.199998246187755e+00  1.550156752966925e+00 
 2.200550790946809e-07  3.304745680852273e-01  7.754608237941681e-01  4.963265608284549e-01  4.907311684806476e-01  1.199999416691674e+00  1.199998269654490e+00  1.550156753401210e+00 
 2.200599466524930e-07  3.596799149577748e-01  7.755050626656185e-01  4.963718550784127e-01  4.907313800579028e-01  1.200000469636892e+00  1.199998281283091e+00  1.550156753897565e+00 
 2.200641676057582e-07  3.850056345493373e-01  7.755355678052627e-01  4.964030779448040e-01  4.907314408608701e-01  1.200001346733470e+00  1.199998266768354e+00  1.550156754351053e+00 
 2.200683057863445e-07  4.098347180670675e-01  7.755540832622175e-01  4.964220181815234e-01  4.907313326192967e-01  1.200002213901123e+00  1.199998221267315e+00  1.550156754821298e+00 
 2.200724714790343e-07  4.348288742057130e-01  7.755561087472375e-01  4.964240650140552e-01  4.907309911297207e-01  1.200003112954000e+00  1.199998139387428e+00  1.550156755325790e+00 
 2.200766890140177e-07  4.601340841060325e-01  7.755349119511336e-01  4.964023136679071e-01  4.907303367951139e-01  1.200004063626224e+00  1.199998018336156e+00  1.550156755874462e+00 
 2.200808604496661e-07  4.851626979966526e-01  7.754838620624950e-01  4.963499545568743e-01  4.907293095092851e-01  1.200005057751108e+00  1.199997860851823e+00  1.550156756461383e+00 
 2.200849191834279e-07  5.095151005673055e-01  7.753980070016723e-01  4.962618890371073e-01  4.907278721866968e-01  1.200006089866813e+00  1.199997671555351e+00  1.550156757081536e+00 
 2.200888729208556e-07  5.332375251336482e-01  7.752725231209213e-01  4.961331438171950e-01  4.907259849479629e-01  1.200007167850587e+00  1.199997453330125e+00  1.550156757739150e+00 
 2.200931264058947e-07  5.587584353680470e-01  7.750823864132073e-01  4.959380371134675e-01  4.907233376737343e-01  1.200008416157389e+00  1.199997183590012e+00  1.550156758514115e+00 
 2.200970340015403e-07  5.822040092414706e-01  7.748496155741998e-01  4.956993911744904e-01  4.907202781932289e-01  1.200009643022944e+00  1.199996907131383e+00  1.550156759295285e+00 
 2.201012064597879e-07  6.072387587272113e-01  7.745298989987268e-01  4.953741012886753e-01  4.907162695531541e-01  1.200011039933480e+00  1.199996584995412e+00  1.550156760211513e+00 
 2.201047903933556e-07  6.287423601333314e-01  7.741802271537245e-01  4.950348643533984e-01  4.907120476086942e-01  1.200012355664266e+00  1.199996268102261e+00  1.550156761072800e+00 
 2.201064710342068e-07  6.388262052405971e-01  7.739771178192072e-01  4.948601711035808e-01  4.907096343617773e-01  1.200013162488726e+00  1.199996074509741e+00  1.550156761501641e+00 
 2.201077517475265e-07  6.465104851586497e-01  7.737928796680026e-01  4.947236206670237e-01  4.907074512837412e-01  1.200013991414490e+00  1.199995878553340e+00  1.550156761839685e+00 
 2.201090907557960e-07  6.545445347757487e-01  7.735614469095361e-01  4.945807178447085e-01  4.907047098318156e-01  1.200015104374202e+00  1.199995601791735e+00  1.550156762203958e+00 
 2.201107629599755e-07  6.645777598527037e-01  7.732046020720656e-01  4.944050225544984e-01  4.907005113318872e-01  1.200016692602498e+00  1.199995135792591e+00  1.550156762674979e+00 
 2.201125078297627e-07  6.750469785761640e-01  7.727497839255012e-01  4.942247552980762e-01  4.906952593721030e-01  1.200018131224404e+00  1.199994533823536e+00  1.550156763186086e+00 
 2.201141433845969e-07  6.848603075813049e-01  7.722551801996547e-01  4.940552154820943e-01  4.906897119597092e-01  1.200018710420550e+00  1.199993923420742e+00  1.550156763683897e+00 
 2.201158218885346e-07  6.949313312073345e-01  7.716908482395499e-01  4.938758546757973e-01  4.906836156627020e-01  1.200018040175409e+00  1.199993325070635e+00  1.550156764214080e+00 
 2.201176176605627e-07  7.057059633759353e-01  7.710371664103671e-01  4.936721173263589e-01  4.906768642541314e-01  1.200015636039522e+00  1.199992786250419e+00  1.550156764803467e+00 
 2.201195611796796e-07  7.173670780773799e-01  7.702882285832612e-01  4.934296387348482e-01  4.906695195827234e-01  1.200011059164948e+00  1.199992375544324e+00  1.550156765467754e+00 
 2.201214062386482e-07  7.284374318893170e-01  7.695545546398356e-01  4.931675481443640e-01  4.906627192023819e-01  1.200004987778479e+00  1.199992180966611e+00  1.550156766124316e+00 
 2.201232619785598e-07  7.395718713588048e-01  7.688130615122989e-01  4.928587798587348e-01  4.906562563929313e-01  1.199997489657935e+00  1.199992191282589e+00  1.550156766810491e+00 
 2.201250414774943e-07  7.502488649655379e-01  7.681142147464931e-01  4.925097742418831e-01  4.906505665273986e-01  1.199989315122802e+00  1.199992391836797e+00  1.550156767493078e+00 
 2.201269586390738e-07  7.617518344426633e-01  7.673854401223830e-01  4.920755659393101e-01  4.906450559849170e-01  1.199979807158448e+00  1.199992784376648e+00  1.550156768255573e+00 
 2.201292365252482e-07  7.754191514890270e-01  7.665568486664383e-01  4.914984413589183e-01  4.906392748644934e-01  1.199968233505720e+00  1.199993404093860e+00  1.550156769198010e+00 
 2.201313871918668e-07  7.883231512009404e-01  7.658106817948562e-01  4.909164383433318e-01  4.906344504169649e-01  1.199957854539075e+00  1.199994054512698e+00  1.550156770123746e+00 
 2.201334465883402e-07  8.006795300409604e-01  7.651269367719706e-01  4.903439533679929e-01  4.906302912467044e-01  1.199949171591760e+00  1.199994670144726e+00  1.550156771042191e+00 
 2.201359082640833e-07  8.154495844995175e-01  7.643453300563587e-01  4.896560702269107e-01  4.906257677860496e-01  1.199941054573848e+00  1.199995335164284e+00  1.550156772179487e+00 
 2.201383628399553e-07  8.301770397317166e-01  7.635988109237620e-01  4.889752486538123e-01  4.906215967909916e-01  1.199935552065355e+00  1.199995886502144e+00  1.550156773353725e+00 
 2.201411438072209e-07  8.468628433255998e-01  7.627839233907461e-01  4.882145926339218e-01  4.906171006891696e-01  1.199932066005214e+00  1.199996359054790e+00  1.550156774727825e+00 
 2.201436679391244e-07  8.620076347465295e-01  7.620658144325644e-01  4.875354594580384e-01  4.906131058061505e-01  1.199929615557656e+00  1.199996652430308e+00  1.550156776009831e+00 
 2.201464824208175e-07  8.788945249051033e-01  7.612861162046741e-01  4.867955085983199e-01  4.906086814947654e-01  1.199918706725910e+00  1.199996857321735e+00  1.550156777469641e+00 
 2.201492725687905e-07  8.956354127431772e-01  7.605365382922928e-01  4.860886776112511e-01  4.906043302117730e-01  1.199891544607877e+00  1.199996976733630e+00  1.550156778937544e+00 
 2.201519467056696e-07  9.116802340178184e-01  7.598407913145807e-01  4.854445544736874e-01  4.906001850700273e-01  1.199854790397802e+00  1.199997044704575e+00  1.550156780351686e+00 
 2.201549163121914e-07  9.294978731483206e-01  7.590955945526441e-01  4.847790446214462e-01  4.905956007926077e-01  1.199810365441161e+00  1.199997092506969e+00  1.550156781912429e+00 
 2.201577211268050e-07  9.463267608298538e-01  7.584175813052404e-01  4.842069923622823e-01  4.905912542329275e-01  1.199773260152750e+00  1.199997119271177e+00  1.550156783358066e+00 
 2.201611663247988e-07  9.669979487929450e-01  7.576181954790036e-01  4.835830889999442e-01  4.905858448016538e-01  1.199744588745152e+00  1.199997132204033e+00  1.550156785060564e+00 
 2.201654512346476e-07  9.927074078856291e-01  7.566813277947466e-01  4.829153955974755e-01  4.905790336423768e-01  1.199738986955861e+00  1.199997138977452e+00  1.550156786991836e+00 
 2.201688517951768e-07  1.013110771060907e+00  7.559947750420113e-01  4.824541764081502e-01  4.905736731978210e-01  1.199752392585116e+00  1.199997165586717e+00  1.550156788319032e+00 
 2.201721342719670e-07  1.032805631801995e+00  7.553857700021479e-01  4.820530153380385e-01  4.905685624118895e-01  1.199771783811010e+00  1.199997216099698e+00  1.550156789367783e+00 
 2.201757779073460e-07  1.054667444075725e+00  7.547690428589643e-01  4.816469332299980e-01  4.905628604853673e-01  1.199791906221989e+00  1.199997275748225e+00  1.550156790184602e+00 
 2.201792727920652e-07  1.075636752390997e+00  7.542296960205294e-01  4.812880824982719e-01  4.905572299087086e-01  1.199804841133477e+00  1.199997306666342e+00  1.550156790541615e+00 
 2.201830551568775e-07  1.098330941264681e+00  7.536938230023605e-01  4.809262584905057e-01  4.905508019272846e-01  1.199811539052538e+00  1.199997288787277e+00  1.550156790347124e+00 
 2.201868444036645e-07  1.121066421986999e+00  7.531977779358293e-01  4.805858413701761e-01  4.905438926246997e-01  1.199818041954927e+00  1.199997215390863e+00  1.550156789421182e+00 
 2.201912037084466e-07  1.147222250679469e+00  7.526683276778672e-01  4.802160340607632e-01  4.905352602553882e-01  1.199837047254472e+00  1.199997082471415e+00  1.550156787257912e+00 
 2.201956018542233e-07  1.173611125339780e+00  7.521730966916106e-01  4.798628857669980e-01  4.905257616840441e-01  1.199880229888828e+00  1.199996926738043e+00  1.550156783654656e+00 
 2.202000000000000e-07  1.199999999999931e+00  7.517135458718552e-01  4.795275248710722e-01  4.905154460141414e-01  1.199963543886786e+00  1.199996776299678e+00  1.550156778361817e+00 
 2.202002482278016e-07  1.200000000000000e+00  7.516837130502063e-01  4.795042210221311e-01  4.905147004081092e-01  1.199963781007869e+00  1.199996663134880e+00  1.550156778009113e+00 
 2.202007446834048e-07  1.200000000000000e+00  7.516218215138473e-01  4.794554787973316e-01  4.905131302649166e-01  1.199962506629033e+00  1.199996428030621e+00  1.550156777288421e+00 
 2.202013659403037e-07  1.200000000000000e+00  7.515445938865640e-01  4.793952537689257e-01  4.905111843602129e-01  1.199964050509438e+00  1.199996234764427e+00  1.550156776352280e+00 
 2.202021095096767e-07  1.200000000000000e+00  7.514551104703631e-01  4.793267364704534e-01  4.905090017121354e-01  1.199972945840886e+00  1.199996175414277e+00  1.550156775178538e+00 
 2.202032282451179e-07  1.200000000000000e+00  7.513264523732758e-01  4.792299342926951e-01  4.905060144577231e-01  1.199999445099068e+00  1.199996342428932e+00  1.550156773298440e+00 
 2.202051782717326e-07  1.200000000000000e+00  7.511147606358872e-01  4.790723999379259e-01  4.905013965370608e-01  1.200076977886325e+00  1.199997020672166e+00  1.550156769676430e+00 
 2.202072001561162e-07  1.200000000000000e+00  7.509077243366399e-01  4.789183524625554e-01  4.904971538310523e-01  1.200194143631939e+00  1.199997943802154e+00  1.550156765432770e+00 
 2.202101526219935e-07  1.200000000000000e+00  7.506207222826077e-01  4.787027353770432e-01  4.904916023994542e-01  1.200419955184966e+00  1.199999293129899e+00  1.550156758271485e+00 
 2.202136650128026e-07  1.200000000000000e+00  7.502932112416575e-01  4.784541752772346e-01  4.904856471508813e-01  1.200736852488851e+00  1.200000633401386e+00  1.550156748125485e+00 
 2.202176532821207e-07  1.200000000000000e+00  7.499266567161532e-01  4.781762693067000e-01  4.904793857037861e-01  1.201092466109450e+00  1.200001705950992e+00  1.550156734238130e+00 
 2.202220832129427e-07  1.200000000000000e+00  7.495129712891218e-01  4.778671977992547e-01  4.904727390804336e-01  1.201428050208401e+00  1.200002395004309e+00  1.550156715527024e+00 
 2.202270438100754e-07  1.200000000000000e+00  7.490370922636226e-01  4.775177892663592e-01  4.904655198373084e-01  1.201700109865210e+00  1.200002728052759e+00  1.550156689971486e+00 
 2.202327383294081e-07  1.200000000000000e+00  7.484878380779058e-01  4.771163303230107e-01  4.904576311968804e-01  1.201870335341078e+00  1.200002827388756e+00  1.550156653860515e+00 
 2.202380152187053e-07  1.200000000000000e+00  7.479953617611271e-01  4.767512420453164e-01  4.904509477644929e-01  1.201913576249891e+00  1.200002858153952e+00  1.550156613170909e+00 
 2.202434346524954e-07  1.200000000000000e+00  7.475217178848031e-01  4.763900426279189e-01  4.904449996047003e-01  1.201885977493122e+00  1.200002987745074e+00  1.550156563286055e+00 
 2.202497351731615e-07  1.200000000000000e+00  7.470202139994871e-01  4.759921416807135e-01  4.904397341665460e-01  1.201827448549289e+00  1.200003432533203e+00  1.550156493724550e+00 
 2.202561705371199e-07  1.200000000000000e+00  7.465609925106140e-01  4.756104959450042e-01  4.904370463508964e-01  1.201806179748490e+00  1.200004406274696e+00  1.550156408379839e+00 
 2.202625431229192e-07  1.200000000000000e+00  7.461518383348630e-01  4.752553981453287e-01  4.904383859572697e-01  1.201896930705365e+00  1.200006107207137e+00  1.550156308083678e+00 
 2.202693315777250e-07  1.200000000000000e+00  7.457541025650245e-01  4.749001431676771e-01  4.904462017801426e-01  1.202108232657843e+00  1.200008894829728e+00  1.550156182109637e+00 
 2.202766253292419e-07  1.200000000000000e+00  7.453589219840022e-01  4.745425920279940e-01  4.904648094949988e-01  1.202392939633626e+00  1.200012978708448e+00  1.550156022478244e+00 
 2.202846287891124e-07  1.200000000000000e+00  7.449642434048523e-01  4.741697828278340e-01  4.905015150407914e-01  1.202792495086015e+00  1.200018442248714e+00  1.550155815382321e+00 
 2.202932170399209e-07  1.200000000000000e+00  7.446010321489737e-01  4.737728961808833e-01  4.905652260464367e-01  1.203256701082169e+00  1.200024899201087e+00  1.550155552228244e+00 
 2.203009926235082e-07  1.200000000000000e+00  7.443410757066019e-01  4.733989953736801e-01  4.906493635704759e-01  1.203530214167913e+00  1.200030853421768e+00  1.550155274187703e+00 
 2.203088885253593e-07  1.200000000000000e+00  7.441555680788049e-01  4.730025437471426e-01  4.907655563381901e-01  1.203558583387370e+00  1.200036713324124e+00  1.550154949827745e+00 
 2.203159876721775e-07  1.200000000000000e+00  7.440614192743094e-01  4.726469561424156e-01  4.909007084441721e-01  1.203396348722628e+00  1.200041769836050e+00  1.550154619459274e+00 
 2.203230951936304e-07  1.200000000000000e+00  7.440395375431141e-01  4.723133853843549e-01  4.910696080158148e-01  1.203119000329635e+00  1.200046709502039e+00  1.550154249492532e+00 
 2.203306839151238e-07  1.200000000000000e+00  7.441007411452017e-01  4.720008375336361e-01  4.912927021816377e-01  1.202757790940852e+00  1.200052039617381e+00  1.550153808473482e+00 
 2.203400224074667e-07  1.200000000000000e+00  7.443045089354408e-01  4.716906128680037e-01  4.916382936601206e-01  1.202289304958654e+00  1.200059058282063e+00  1.550153196355814e+00 
 2.203501254083100e-07  1.200000000000000e+00  7.446966730106790e-01  4.714454503606476e-01  4.921164473082207e-01  1.201808022397326e+00  1.200067800922068e+00  1.550152442570315e+00 
 2.203595770894680e-07  1.200000000000000e+00  7.452385142579622e-01  4.712897999153887e-01  4.926788578110562e-01  1.201410801450985e+00  1.200077738909905e+00  1.550151646420688e+00 
 2.203698082309635e-07  1.200000000000000e+00  7.460337517886342e-01  4.711837692769601e-01  4.934337060063015e-01  1.201052221931427e+00  1.200091325658976e+00  1.550150680050975e+00 
 2.203791514511075e-07  1.200000000000000e+00  7.469638168547940e-01  4.711294210994978e-01  4.942690385058275e-01  1.200789595203488e+00  1.200107201967961e+00  1.550149698315531e+00 
 2.203899205768915e-07  1.200000000000000e+00  7.482859364407232e-01  4.711013538424145e-01  4.954088267698016e-01  1.200555272276293e+00  1.200130501223725e+00  1.550148444020220e+00 
 2.204008438382458e-07  1.200000000000000e+00  7.498915880560778e-01  4.710982225616423e-01  4.967384604998309e-01  1.200379687556708e+00  1.200160180251372e+00  1.550147032603575e+00 
 2.204086567009286e-07  1.200000000000000e+00  7.511936767546213e-01  4.711068412263855e-01  4.977719761375482e-01  1.200285792385124e+00  1.200185721221420e+00  1.550145934912927e+00 
 2.204153162270444e-07  1.200000000000000e+00  7.523980788881470e-01  4.711189764995520e-01  4.986829799142632e-01  1.200222584071352e+00  1.200210007487655e+00  1.550144939962551e+00 
 2.204213592823000e-07  1.200000000000000e+00  7.535617182832276e-01  4.711326006465811e-01  4.995100460236885e-01  1.200176113710075e+00  1.200231597982648e+00  1.550143989147240e+00 
 2.204274833953846e-07  1.200000000000000e+00  7.548023107974681e-01  4.711481331672997e-01  5.003254976246700e-01  1.200137619951612e+00  1.200243490292900e+00  1.550142978474265e+00 
 2.204340915638636e-07  1.200000000000000e+00  7.561887904712324e-01  4.711660668593931e-01  5.011674992701936e-01  1.200103953643974e+00  1.200212923080149e+00  1.550141834274063e+00 
 2.204402072091260e-07  1.200000000000000e+00  7.574806948073044e-01  4.711830796446968e-01  5.019203908157457e-01  1.200078749362794e+00  1.200092975202046e+00  1.550140725471356e+00 
 2.204460362384092e-07  1.200000000000000e+00  7.586835871337066e-01  4.711991655182521e-01  5.026271794136944e-01  1.200059077710248e+00  1.199836688608329e+00  1.550139623856486e+00 
 2.204515056098659e-07  1.200000000000000e+00  7.597630551761270e-01  4.712138990013937e-01  5.032867109045310e-01  1.200043826639476e+00  1.199388120899350e+00  1.550138550431443e+00 
 2.204559428899327e-07  1.200000000000000e+00  7.605936487689731e-01  4.712255310529841e-01  5.038200789460741e-01  1.200033405259689e+00  1.198789984836808e+00  1.550137651287514e+00 
 2.204597418526598e-07  1.200000000000000e+00  7.612690091159935e-01  4.712352615296651e-01  5.042745323308212e-01  1.200025689563286e+00  1.198031358450855e+00  1.550136861399157e+00 
 2.204633200824547e-07  1.200000000000000e+00  7.618747587795540e-01  4.712442638157434e-01  5.046992019116648e-01  1.200019318085236e+00  1.197034067556533e+00  1.550136100507260e+00 
 2.204671631994804e-07  1.200000000000000e+00  7.624943211552253e-01  4.712538046249760e-01  5.051498310756906e-01  1.200013329076410e+00  1.195593463890110e+00  1.550135265103937e+00 
 2.204713578190003e-07  1.200000000000000e+00  7.631372174828275e-01  4.712641254810004e-01  5.056333668012821e-01  1.200007679208368e+00  1.193552609002262e+00  1.550134331910163e+00 
 2.204760314312377e-07  1.200000000000000e+00  7.638176450105612e-01  4.712755796139773e-01  5.061607552342414e-01  1.200002327151805e+00  1.190662792264676e+00  1.550133266053482e+00 
 2.204786150922861e-07  1.200000000000000e+00  7.641795716072897e-01  4.712819144261122e-01  5.064472535613339e-01  1.199999754192748e+00  1.188804357504526e+00  1.550132665084576e+00 
 2.204814238056980e-07  1.200000000000000e+00  7.645629873812629e-01  4.712888170965374e-01  5.067548535490322e-01  1.199997229145179e+00  1.186860629416618e+00  1.550132002353241e+00 
 2.204837194874331e-07  1.200000000000000e+00  7.648691809780023e-01  4.712944747028751e-01  5.070033447048977e-01  1.199995355072393e+00  1.185745484003452e+00  1.550131453434354e+00 
 2.204861299390222e-07  1.200000000000000e+00  7.651842502690777e-01  4.713004328019890e-01  5.072615313360137e-01  1.199993552360222e+00  1.185535233599881e+00  1.550130870110806e+00 
 2.204884999718408e-07  1.200000000000000e+00  7.654881130471860e-01  4.713063110445843e-01  5.075128179275598e-01  1.199991929884424e+00  1.186597493115553e+00  1.550130289660745e+00 
 2.204900478520252e-07  1.200000000000000e+00  7.656837353795068e-01  4.713101635372337e-01  5.076757306463929e-01  1.199990945476652e+00  1.187896305629217e+00  1.550129906887633e+00 
 2.204913575754466e-07  1.200000000000000e+00  7.658477848611680e-01  4.713134340079702e-01  5.078129977498349e-01  1.199990156340736e+00  1.189280841391145e+00  1.550129580749924e+00 
 2.204926828604256e-07  1.200000000000000e+00  7.660126895912064e-01  4.713167559611052e-01  5.079515338331965e-01  1.199989396846429e+00  1.190881958796859e+00  1.550129248640679e+00 
 2.204943037920693e-07  1.200000000000000e+00  7.662132985720119e-01  4.713208398255326e-01  5.081207441132723e-01  1.199988518943113e+00  1.193006165441700e+00  1.550128839591912e+00 
 2.204958049195630e-07  1.200000000000000e+00  7.663982706528938e-01  4.713246437445464e-01  5.082773667767947e-01  1.199987753714744e+00  1.195012217829989e+00  1.550128457991026e+00 
 2.204979176405534e-07  1.200000000000000e+00  7.666572126780598e-01  4.713300278991123e-01  5.084975200070085e-01  1.199986748055769e+00  1.197625972142035e+00  1.550127916410503e+00 
 2.204999266032770e-07  1.200000000000000e+00  7.669013219034403e-01  4.713351687677500e-01  5.087060105457779e-01  1.199985861223669e+00  1.199674231355785e+00  1.550127396572465e+00 
 2.205017317830939e-07  1.200000000000000e+00  7.671182529128309e-01  4.713397947587140e-01  5.088920820093776e-01  1.199985115417562e+00  1.201065922319926e+00  1.550126925456415e+00 
 2.205036279702458e-07  1.200000000000000e+00  7.673430391398715e-01  4.713446514073739e-01  5.090857080433654e-01  1.199984378037734e+00  1.202078366216536e+00  1.550126426534554e+00 
 2.205056607220716e-07  1.200000000000000e+00  7.675800474442964e-01  4.713498490169162e-01  5.092907788437806e-01  1.199983635134405e+00  1.202737833770161e+00  1.550125887103730e+00 
 2.205078531493190e-07  1.200000000000000e+00  7.678307923099089e-01  4.713554421647944e-01  5.095087517442252e-01  1.199982885584559e+00  1.203087597275778e+00  1.550125300039517e+00 
 2.205103919583398e-07  1.200000000000000e+00  7.681146939884157e-01  4.713619026179124e-01  5.097567593242210e-01  1.199982081662132e+00  1.203193771661205e+00  1.550124613475500e+00 
 2.205133369231635e-07  1.200000000000000e+00  7.684353358608492e-01  4.713693767716939e-01  5.100382881531589e-01  1.199981231547768e+00  1.203096838047448e+00  1.550123808113475e+00 
 2.205169603031174e-07  1.200000000000000e+00  7.688170998107628e-01  4.713785461825596e-01  5.103751853118460e-01  1.199980299377078e+00  1.202839581149468e+00  1.550122804223563e+00 
 2.205214734983965e-07  1.200000000000000e+00  7.692727234590344e-01  4.713899257621140e-01  5.107791243795788e-01  1.199979296235122e+00  1.202469107149274e+00  1.550121534147404e+00 
 2.205268518148470e-07  1.200000000000000e+00  7.697857211787442e-01  4.714034162764507e-01  5.112353976032944e-01  1.199978297276356e+00  1.202057112711339e+00  1.550119992877178e+00 
 2.205321617116146e-07  1.200000000000000e+00  7.702584192877963e-01  4.714166452503747e-01  5.116561941601263e-01  1.199977487096459e+00  1.201711049581773e+00  1.550118442494875e+00 
 2.205381718282916e-07  1.200000000000000e+00  7.707503175893859e-01  4.714314939447721e-01  5.120931525813502e-01  1.199976742493656e+00  1.201390152553087e+00  1.550116654509168e+00 
 2.205443892135593e-07  1.200000000000000e+00  7.712086142178191e-01  4.714467084028760e-01  5.124979918820951e-01  1.199976131024564e+00  1.201122726965470e+00  1.550114769354295e+00 
 2.205516593079414e-07  1.200000000000000e+00  7.716778457275508e-01  4.714643251306948e-01  5.129082253371737e-01  1.199975583864623e+00  1.200873924275516e+00  1.550112521608475e+00 
 2.205597357787692e-07  1.200000000000000e+00  7.721168195119578e-01  4.714837317533603e-01  5.132853644337638e-01  1.199975150305313e+00  1.200659628299270e+00  1.550109973126089e+00 
 2.205695982888934e-07  1.200000000000000e+00  7.725454697942946e-01  4.715073274586266e-01  5.136430142136209e-01  1.199974817264921e+00  1.200464778102436e+00  1.550106793783440e+00 
 2.205785158935068e-07  1.200000000000000e+00  7.728450939874031e-01  4.715286932464631e-01  5.138821956215426e-01  1.199974660586014e+00  1.200337254166822e+00  1.550103861099879e+00 
 2.205885569375389e-07  1.200000000000000e+00  7.731025720333170e-01  4.715529197414861e-01  5.140753993388276e-01  1.199974597665627e+00  1.200234011742807e+00  1.550100500936531e+00 
 2.205983695096756e-07  1.200000000000000e+00  7.732914017711487e-01  4.715768462175841e-01  5.142049142234707e-01  1.199974609462675e+00  1.200163236669938e+00  1.550097165776689e+00 
 2.206090840786234e-07  1.200000000000000e+00  7.734465037862768e-01  4.716032839162393e-01  5.142988324108251e-01  1.199974664858526e+00  1.200109746240050e+00  1.550093475885762e+00 
 2.206194368657998e-07  1.200000000000000e+00  7.735605216206854e-01  4.716291154145923e-01  5.143569782087938e-01  1.199974735451519e+00  1.200074597329673e+00  1.550089872446886e+00 
 2.206311682244289e-07  1.200000000000000e+00  7.736612120722806e-01  4.716586568368146e-01  5.143978655286052e-01  1.199974818194148e+00  1.200047891215823e+00  1.550085756594490e+00 
 2.206435508675745e-07  1.200000000000000e+00  7.737455862433227e-01  4.716900501900695e-01  5.144227806839710e-01  1.199974901699155e+00  1.200029724559020e+00  1.550081389477578e+00 
 2.206582954083401e-07  1.200000000000000e+00  7.738271179883623e-01  4.717275716270422e-01  5.144378920069529e-01  1.199974996384928e+00  1.200016464500290e+00  1.550076181160184e+00 
 2.206750901558922e-07  1.200000000000000e+00  7.739035268979265e-01  4.717703311651288e-01  5.144437365613483e-01  1.199975103917995e+00  1.200007983343492e+00  1.550070268960942e+00 
 2.206960497680486e-07  1.200000000000000e+00  7.739825332163702e-01  4.718235272536931e-01  5.144411625364169e-01  1.199975246232178e+00  1.200002720852620e+00  1.550062973728556e+00 
 2.207204461708390e-07  1.200000000000000e+00  7.740583562509086e-01  4.718850353364331e-01  5.144295167043844e-01  1.199975428019736e+00  1.200000238645901e+00  1.550054674846044e+00 
 2.207442055693787e-07  1.200000000000000e+00  7.741195876842535e-01  4.719444205945465e-01  5.144118194175235e-01  1.199975620121843e+00  1.199999524794439e+00  1.550046863869785e+00 
 2.207708435043542e-07  1.200000000000000e+00  7.741767977269859e-01  4.720103482653136e-01  5.143863104820637e-01  1.199975846989069e+00  1.199999426781915e+00  1.550038506808088e+00 
 2.207977754551802e-07  1.200000000000000e+00  7.742248448424801e-01  4.720762991687250e-01  5.143555626416987e-01  1.199976081987971e+00  1.199999530297612e+00  1.550030558668628e+00 
 2.208285194057795e-07  1.200000000000000e+00  7.742702188193726e-01  4.721507401748256e-01  5.143155194718084e-01  1.199976350547804e+00  1.199999652687532e+00  1.550022174918061e+00 
 2.208612833562908e-07  1.200000000000000e+00  7.743098844354723e-01  4.722291160690141e-01  5.142681712924726e-01  1.199976632785905e+00  1.199999733508670e+00  1.550014108939374e+00 
 2.208994229783600e-07  1.200000000000000e+00  7.743474844981783e-01  4.723191592693350e-01  5.142083477406532e-01  1.199976953660084e+00  1.199999777801750e+00  1.550005894806354e+00 
 2.209418112036937e-07  1.200000000000000e+00  7.743812055645819e-01  4.724177913424815e-01  5.141373909751304e-01  1.199977299963588e+00  1.199999795751965e+00  1.549998260262643e+00 
 2.209922100817125e-07  1.200000000000000e+00  7.744133362823231e-01  4.725331782468661e-01  5.140486732730576e-01  1.199977698106786e+00  1.199999801745655e+00  1.549991176946552e+00 
 2.210505991386088e-07  1.200000000000000e+00  7.744429622117783e-01  4.726644226516295e-01  5.139419316161148e-01  1.199978142084592e+00  1.199999803115321e+00  1.549985510242220e+00 
 2.211221859747022e-07  1.200000000000000e+00  7.744717815654951e-01  4.728219602352263e-01  5.138076050943823e-01  1.199978662837808e+00  1.199999803371861e+00  1.549981884280933e+00 
 2.212090972256243e-07  1.200000000000000e+00  7.744995481903891e-01  4.730085332485346e-01  5.136420441052301e-01  1.199979262668952e+00  1.199999803409732e+00  1.549981616848874e+00 
 2.213196863470034e-07  1.200000000000000e+00  7.745278022135708e-01  4.732390234526984e-01  5.134305663318756e-01  1.199979978835772e+00  1.199999803362646e+00  1.549986318266118e+00 
 2.214568217859253e-07  1.200000000000000e+00  7.745562668228493e-01  4.735149353291214e-01  5.131703198797577e-01  1.199980800959431e+00  1.199999803278965e+00  1.549997479542535e+00 
 2.216223867027958e-07  1.200000000000000e+00  7.745849260984183e-01  4.738347059221451e-01  5.128619952466534e-01  1.199981707625201e+00  1.199999803222913e+00  1.550015319223549e+00 
 2.218223867027957e-07  1.200000000000000e+00  7.746145381641230e-01  4.742033937229302e-01  5.125003678164419e-01  1.199982694559555e+00  1.199999803206404e+00  1.550038990981631e+00 
 2.220223867027957e-07  1.200000000000000e+00  7.746404755588939e-01  4.745546421149906e-01  5.121514653129154e-01  1.199983579784804e+00  1.199999803208115e+00  1.550061960147802e+00 
 2.222223867027957e-07  1.200000000000000e+00  7.746636899827545e-01  4.748900907195978e-01  5.118153654679124e-01  1.199984378093938e+00  1.199999803211143e+00  1.550082455676367e+00 
 2.224223867027957e-07  1.200000000000000e+00  7.746847002392214e-01  4.752111627732728e-01  5.114917142949834e-01  1.199985101671555e+00  1.199999803212287e+00  1.550099730137525e+00 
 2.226223867027957e-07  1.200000000000000e+00  7.747038311524168e-01  4.755190840995838e-01  5.111799591886343e-01  1.199985760527983e+00  1.199999803212503e+00  1.550113704396679e+00 
 2.228223867027957e-07  1.200000000000000e+00  7.747213197137380e-01  4.758149150889940e-01  5.108794737220015e-01  1.199986362965956e+00  1.199999803212538e+00  1.550124667461024e+00 
 2.230223867027957e-07  1.200000000000000e+00  7.747373583444359e-01  4.760995801599188e-01  5.105896204333424e-01  1.199986915929613e+00  1.199999803212422e+00  1.550133069319243e+00 
 2.232223867027957e-07  1.200000000000000e+00  7.747521116800755e-01  4.763738916273449e-01  5.103097813041787e-01  1.199987425270322e+00  1.199999803212534e+00  1.550139394994049e+00 
 2.234223867027956e-07  1.200000000000000e+00  7.747657231580881e-01  4.766385684472342e-01  5.100393716366336e-01  1.199987895951943e+00  1.199999803212503e+00  1.550144096751742e+00 
 2.236223867027956e-07  1.200000000000000e+00  7.747783181053943e-01  4.768942509598045e-01  5.097778453961357e-01  1.199988332212522e+00  1.199999803212473e+00  1.550147563636322e+00 
 2.238223867027956e-07  1.200000000000000e+00  7.747900058160644e-01  4.771415126333599e-01  5.095246961838956e-01  1.199988737692872e+00  1.199999803212505e+00  1.550150112991667e+00 
 2.240223867027956e-07  1.200000000000000e+00  7.748008813946754e-01  4.773808695590918e-01  5.092794560188704e-01  1.199989115537591e+00  1.199999803212544e+00  1.550151993775969e+00 
 2.242223867027956e-07  1.200000000000000e+00  7.748110275193372e-01  4.776127882320049e-01  5.090416930784550e-01  1.199989468477122e+00  1.199999803212556e+00  1.550153395340776e+00 
 2.244223867027956e-07  1.200000000000000e+00  7.748205161001971e-01  4.778376920030935e-01  5.088110090144872e-01  1.199989798892963e+00  1.199999803212501e+00  1.550154457983300e+00 
 2.246223867027956e-07  1.200000000000000e+00  7.748294097871514e-01  4.780559664799245e-01  5.085870361756306e-01  1.199990108874121e+00  1.199999803212569e+00  1.550155283274450e+00 
 2.248223867027956e-07  1.200000000000000e+00  7.748377633011468e-01  4.782679640847612e-01  5.083694349052188e-01  1.199990400257166e+00  1.199999803212670e+00  1.550155943204180e+00 
 2.250223867027956e-07  1.200000000000000e+00  7.748456245851946e-01  4.784740079276401e-01  5.081578910015033e-01  1.199990674666674e+00  1.199999803212688e+00  1.550156487793825e+00 
 2.252223867027955e-07  1.200000000000000e+00  7.748530357867013e-01  4.786743951174390e-01  5.079521133762162e-01  1.199990933541772e+00  1.199999803212576e+00  1.550156951159732e+00 
 2.254223867027955e-07  1.200000000000000e+00  7.748600340892489e-01  4.788693996090598e-01  5.077518319232468e-01  1.199991178164847e+00  1.199999803212482e+00  1.550157356179136e+00 
 2.256223867027955e-07  1.200000000000000e+00  7.748666524146636e-01  4.790592746618002e-01  5.075567955901743e-01  1.199991409680075e+00  1.199999803212676e+00  1.550157717976303e+00 
 2.258223867027955e-07  1.200000000000000e+00  7.748729200153390e-01  4.792442549737930e-01  5.073667706432039e-01  1.199991629112784e+00  1.199999803212585e+00  1.550158046458224e+00 
 2.260223867027955e-07  1.200000000000000e+00  7.748788629742540e-01  4.794245585412020e-01  5.071815391084091e-01  1.199991837383655e+00  1.199999803212549e+00  1.550158348111891e+00 
 2.262223867027955e-07  1.200000000000000e+00  7.748845046281753e-01  4.796003882855953e-01  5.070008973736360e-01  1.199992035322744e+00  1.199999803212611e+00  1.550158627245007e+00 
 2.264223867027955e-07  1.200000000000000e+00  7.748898659267712e-01  4.797719334833367e-01  5.068246549355794e-01  1.199992223679392e+00  1.199999803212568e+00  1.550158886818598e+00 
 2.266223867027955e-07  1.200000000000000e+00  7.748949657380553e-01  4.799393710253599e-01  5.066526332743722e-01  1.199992403132643e+00  1.199999803212563e+00  1.550159128988272e+00 
 2.268223867027955e-07  1.200000000000000e+00  7.748998211092307e-01  4.801028665320876e-01  5.064846648439398e-01  1.199992574298298e+00  1.199999803212677e+00  1.550159355443061e+00 
 2.270223867027954e-07  1.200000000000000e+00  7.749044474897763e-01  4.802625753412233e-01  5.063205921649808e-01  1.199992737737372e+00  1.199999803212469e+00  1.550159567607708e+00 
 2.272223867027954e-07  1.200000000000000e+00  7.749088589229290e-01  4.804186433886777e-01  5.061602670074057e-01  1.199992893960619e+00  1.199999803212513e+00  1.550159766755963e+00 
 2.274223867027954e-07  1.200000000000000e+00  7.749130682104773e-01  4.805712079941636e-01  5.060035496547287e-01  1.199993043435328e+00  1.199999803212532e+00  1.550159954068087e+00 
 2.276223867027954e-07  1.200000000000000e+00  7.749170870548348e-01  4.807203985647158e-01  5.058503082384403e-01  1.199993186589153e+00  1.199999803212515e+00  1.550160130655513e+00 
 2.278223867027954e-07  1.200000000000000e+00  7.749209261819646e-01  4.808663372255166e-01  5.057004181369406e-01  1.199993323814154e+00  1.199999803212546e+00  1.550160297567329e+00 
 2.280223867027954e-07  1.200000000000000e+00  7.749245954479462e-01  4.810091393891927e-01  5.055537614309247e-01  1.199993455470993e+00  1.199999803212468e+00  1.550160455788375e+00 
 2.282223867027954e-07  1.200000000000000e+00  7.749281039316315e-01  4.811489142672042e-01  5.054102264088041e-01  1.199993581891635e+00  1.199999803212490e+00  1.550160606234273e+00 
 2.284223867027954e-07  1.200000000000000e+00  7.749314600153857e-01  4.812857653341707e-01  5.052697071179200e-01  1.199993703382075e+00  1.199999803212609e+00  1.550160749746876e+00 
 2.286223867027954e-07  1.200000000000000e+00  7.749346714556835e-01  4.814197907475354e-01  5.051321029554998e-01  1.199993820224386e+00  1.199999803212429e+00  1.550160887091346e+00 
 2.288223867027953e-07  1.200000000000000e+00  7.749377454449312e-01  4.815510837285816e-01  5.049973182949395e-01  1.199993932680404e+00  1.199999803212583e+00  1.550161018955443e+00 
 2.290223867027953e-07  1.200000000000000e+00  7.749406886658966e-01  4.816797329099047e-01  5.048652621454299e-01  1.199994040992422e+00  1.199999803212486e+00  1.550161145951086e+00 
 2.292223867027953e-07  1.200000000000000e+00  7.749435073395912e-01  4.818058226513026e-01  5.047358478403938e-01  1.199994145384964e+00  1.199999803212459e+00  1.550161268617562e+00 
 2.294223867027953e-07  1.200000000000000e+00  7.749462072676520e-01  4.819294333285114e-01  5.046089927515405e-01  1.199994246066957e+00  1.199999803212549e+00  1.550161387426188e+00 
 2.296223867027953e-07  1.200000000000000e+00  7.749487938699536e-01  4.820506415974038e-01  5.044846180278233e-01  1.199994343232438e+00  1.199999803212422e+00  1.550161502785755e+00 
 2.298223867027953e-07  1.200000000000000e+00  7.749512722179046e-01  4.821695206364276e-01  5.043626483538007e-01  1.199994437062453e+00  1.199999803212539e+00  1.550161615048486e+00 
 2.300223867027953e-07  1.200000000000000e+00  7.749536470642798e-01  4.822861403679278e-01  5.042430117284705e-01  1.199994527725392e+00  1.199999803212472e+00  1.550161724516028e+00 
 2.302223867027953e-07  1.200000000000000e+00  7.749559228697898e-01  4.824005676627415e-01  5.041256392616231e-01  1.199994615379099e+00  1.199999803212471e+00  1.550161831445400e+00 
 2.304223867027952e-07  1.200000000000000e+00  7.749581038269506e-01  4.825128665279525e-01  5.040104649856008e-01  1.199994700170548e+00  1.199999803212500e+00  1.550161936054566e+00 
 2.306223867027952e-07  1.200000000000000e+00  7.749601938814933e-01  4.826230982795747e-01  5.038974256815208e-01  1.199994782237570e+00  1.199999803212363e+00  1.550162038527589e+00 
 2.308223867027952e-07  1.200000000000000e+00  7.749621967516748e-01  4.827313217026672e-01  5.037864607188263e-01  1.199994861709580e+00  1.199999803212489e+00  1.550162139019252e+00 
 2.310223867027952e-07  1.200000000000000e+00  7.749641159456752e-01  4.828375931989570e-01  5.036775119071552e-01  1.199994938707064e+00  1.199999803212479e+00  1.550162237659267e+00 
 2.312223867027952e-07  1.200000000000000e+00  7.749659547773530e-01  4.829419669224125e-01  5.035705233578173e-01  1.199995013344009e+00  1.199999803212485e+00  1.550162334555878e+00 
 2.314223867027952e-07  1.200000000000000e+00  7.749677163805502e-01  4.830444949068086e-01  5.034654413566645e-01  1.199995085727555e+00  1.199999803212503e+00  1.550162429799056e+00 
 2.316223867027952e-07  1.200000000000000e+00  7.749694037220687e-01  4.831452271822396e-01  5.033622142452628e-01  1.199995155957662e+00  1.199999803212459e+00  1.550162523463214e+00 
 2.318223867027952e-07  1.200000000000000e+00  7.749710196135050e-01  4.832442118835177e-01  5.032607923113481e-01  1.199995224129113e+00  1.199999803212504e+00  1.550162615609581e+00 
 2.320223867027952e-07  1.200000000000000e+00  7.749725667220039e-01  4.833414953520110e-01  5.031611276853079e-01  1.199995290330925e+00  1.199999803212591e+00  1.550162706288155e+00 
 2.322223867027951e-07  1.200000000000000e+00  7.749740475801020e-01  4.834371222289848e-01  5.030631742457292e-01  1.199995354646791e+00  1.199999803212542e+00  1.550162795539463e+00 
 2.324223867027951e-07  1.200000000000000e+00  7.749754645947653e-01  4.835311355436481e-01  5.029668875294129e-01  1.199995417157074e+00  1.199999803212543e+00  1.550162883395972e+00 
 2.326223867027951e-07  1.200000000000000e+00  7.749768200556326e-01  4.836235767937241e-01  5.028722246495424e-01  1.199995477935953e+00  1.199999803212557e+00  1.550162969883309e+00 
 2.328223867027951e-07  1.200000000000000e+00  7.749781161425968e-01  4.837144860225186e-01  5.027791442169064e-01  1.199995537054232e+00  1.199999803212397e+00  1.550163055021368e+00 
 2.330223867027951e-07  1.200000000000000e+00  7.749793549327727e-01  4.838039018895445e-01  5.026876062681087e-01  1.199995594579280e+00  1.199999803212443e+00  1.550163138825141e+00 
 2.332223867027951e-07  1.200000000000000e+00  7.749805384069415e-01  4.838918617370262e-01  5.025975721977548e-01  1.199995650574451e+00  1.199999803212547e+00  1.550163221305540e+00 
 2.334223867027951e-07  1.200000000000000e+00  7.749816684554309e-01  4.839784016513430e-01  5.025090046943054e-01  1.199995705100102e+00  1.199999803212508e+00  1.550163302470029e+00 
 2.336223867027951e-07  1.200000000000000e+00  7.749827468836452e-01  4.840635565226648e-01  5.024218676812676e-01  1.199995758212846e+00  1.199999803212544e+00  1.550163382323214e+00 
 2.338223867027951e-07  1.200000000000000e+00  7.749837754170465e-01  4.841473600980754e-01  5.023361262614324e-01  1.199995809967487e+00  1.199999803212424e+00  1.550163460867333e+00 
 2.340223867027950e-07  1.200000000000000e+00  7.749847557058845e-01  4.842298450335087e-01  5.022517466632845e-01  1.199995860414893e+00  1.199999803212405e+00  1.550163538102711e+00 
 2.342223867027950e-07  1.200000000000000e+00  7.749856893295187e-01  4.843110429412421e-01  5.021686961924925e-01  1.199995909603957e+00  1.199999803212505e+00  1.550163614028139e+00 
 2.344223867027950e-07  1.200000000000000e+00  7.749865778004191e-01  4.843909844357911e-01  5.020869431854806e-01  1.199995957581545e+00  1.199999803212581e+00  1.550163688641204e+00 
 2.346223867027950e-07  1.200000000000000e+00  7.749874225679448e-01  4.844696991759732e-01  5.020064569659257e-01  1.199996004391157e+00  1.199999803212501e+00  1.550163761938578e+00 
 2.348223867027950e-07  1.200000000000000e+00  7.749882250218030e-01  4.845472159048460e-01  5.019272078032417e-01  1.199996050075320e+00  1.199999803212567e+00  1.550163833916286e+00 
 2.350223867027950e-07  1.200000000000000e+00  7.749889864952717e-01  4.846235624874719e-01  5.018491668736597e-01  1.199996094674019e+00  1.199999803212482e+00  1.550163904569961e+00 
 2.352223867027950e-07  1.200000000000000e+00  7.749897082682571e-01  4.846987659470131e-01  5.017723062233443e-01  1.199996138225558e+00  1.199999803212451e+00  1.550163973894994e+00 
 2.354223867027950e-07  1.200000000000000e+00  7.749903915700754e-01  4.847728524977866e-01  5.016965987348682e-01  1.199996180766245e+00  1.199999803212513e+00  1.550164041886766e+00 
 2.356223867027950e-07  1.200000000000000e+00  7.749910375821054e-01  4.848458475768907e-01  5.016220180933937e-01  1.199996222330673e+00  1.199999803212424e+00  1.550164108540750e+00 
 2.358223867027949e-07  1.200000000000000e+00  7.749916474402507e-01  4.849177758750524e-01  5.015485387556918e-01  1.199996262952550e+00  1.199999803212354e+00  1.550164173852692e+00 
 2.360223867027949e-07  1.200000000000000e+00  7.749922222371994e-01  4.849886613644354e-01  5.014761359214248e-01  1.199996302662770e+00  1.199999803212571e+00  1.550164237818673e+00 
 2.362223867027949e-07  1.200000000000000e+00  7.749927630246325e-01  4.850585273260068e-01  5.014047855044239e-01  1.199996341492275e+00  1.199999803212630e+00  1.550164300435236e+00 
 2.364223867027949e-07  1.200000000000000e+00  7.749932708152425e-01  4.851273963743890e-01  5.013344641073064e-01  1.199996379469804e+00  1.199999803212487e+00  1.550164361699436e+00 
 2.366223867027949e-07  1.200000000000000e+00  7.749937465845639e-01  4.851952904832961e-01  5.012651489952030e-01  1.199996416622829e+00  1.199999803212485e+00  1.550164421608928e+00 
 2.368223867027949e-07  1.200000000000000e+00  7.749941912728564e-01  4.852622310074114e-01  5.011968180728003e-01  1.199996452978241e+00  1.199999803212592e+00  1.550164480162014e+00 
 2.370223867027949e-07  1.200000000000000e+00  7.749946057866948e-01  4.853282387053639e-01  5.011294498613491e-01  1.199996488561397e+00  1.199999803212469e+00  1.550164537357646e+00 
 2.372223867027949e-07  1.200000000000000e+00  7.749949910005641e-01  4.853933337598796e-01  5.010630234767085e-01  1.199996523396331e+00  1.199999803212537e+00  1.550164593195471e+00 
 2.374223867027948e-07  1.200000000000000e+00  7.749953477583855e-01  4.854575357981156e-01  5.009975186094048e-01  1.199996557506764e+00  1.199999803212482e+00  1.550164647675855e+00 
 2.376223867027948e-07  1.200000000000000e+00  7.749956768748691e-01  4.855208639104961e-01  5.009329155043887e-01  1.199996590914965e+00  1.199999803212595e+00  1.550164700799878e+00 
 2.378223867027948e-07  1.200000000000000e+00  7.749959791368639e-01  4.855833366687651e-01  5.008691949427293e-01  1.199996623642023e+00  1.199999803212489e+00  1.550164752569309e+00 
 2.380223867027948e-07  1.200000000000000e+00  7.749962553045417e-01  4.856449721432809e-01  5.008063382238054e-01  1.199996655708726e+00  1.199999803212517e+00  1.550164802986633e+00 
 2.382223867027948e-07  1.200000000000000e+00  7.749965061126537e-01  4.857057879197438e-01  5.007443271472491e-01  1.199996687134919e+00  1.199999803212544e+00  1.550164852055015e+00 
 2.384223867027948e-07  1.200000000000000e+00  7.749967322716047e-01  4.857658011143436e-01  5.006831439980276e-01  1.199996717939580e+00  1.199999803212393e+00  1.550164899778271e+00 
 2.386223867027948e-07  1.200000000000000e+00  7.749969344684348e-01  4.858250283897300e-01  5.006227715297433e-01  1.199996748141088e+00  1.199999803212363e+00  1.550164946160857e+00 
 2.388223867027948e-07  1.200000000000000e+00  7.749971133679269e-01  4.858834859686712e-01  5.005631929500097e-01  1.199996777756564e+00  1.199999803212433e+00  1.550164991207843e+00 
 2.390223867027948e-07  1.200000000000000e+00  7.749972696134652e-01  4.859411896487337e-01  5.005043919061670e-01  1.199996806802868e+00  1.199999803212533e+00  1.550165034924865e+00 
 2.392223867027949e-07  1.200000000000000e+00  7.749974038279395e-01  4.859981548148088e-01  5.004463524713755e-01  1.199996835296870e+00  1.199999803212498e+00  1.550165077318092e+00 
 2.394223867027949e-07  1.200000000000000e+00  7.749975166146139e-01  4.860543964524891e-01  5.003890591315492e-01  1.199996863253818e+00  1.199999803212533e+00  1.550165118394217e+00 
 2.396223867027949e-07  1.200000000000000e+00  7.749976085579153e-01  4.861099291599522e-01  5.003324967725635e-01  1.199996890688556e+00  1.199999803212493e+00  1.550165158160402e+00 
 2.398223867027949e-07  1.200000000000000e+00  7.749976802241696e-01  4.861647671601408e-01  5.002766506679810e-01  1.199996917615519e+00  1.199999803212438e+00  1.550165196624240e+00 
 2.400223867027949e-07  1.200000000000000e+00  7.749977321623527e-01  4.862189243115460e-01  5.002215064675286e-01  1.199996944049085e+00  1.199999803212537e+00  1.550165233793718e+00 
 2.402223867027949e-07  1.200000000000000e+00  7.749977649047415e-01  4.862724141195410e-01  5.001670501857634e-01  1.199996970002075e+00  1.199999803212494e+00  1.550165269677202e+00 
 2.404223867027949e-07  1.200000000000000e+00  7.749977789675893e-01  4.863252497463181e-01  5.001132681910925e-01  1.199996995487979e+00  1.199999803212542e+00  1.550165304283380e+00 
 2.406223867027950e-07  1.200000000000000e+00  7.749977748517743e-01  4.863774440215681e-01  5.000601471957078e-01  1.199997020519173e+00  1.199999803212413e+00  1.550165337621240e+00 
 2.408223867027950e-07  1.200000000000000e+00  7.749977530433191e-01  4.864290094522574e-01  5.000076742451924e-01  1.199997045107766e+00  1.199999803212424e+00  1.550165369700054e+00 
 2.410223867027950e-07  1.200000000000000e+00  7.749977140139972e-01  4.864799582315136e-01  4.999558367086916e-01  1.199997069264902e+00  1.199999803212433e+00  1.550165400529308e+00 
 2.412223867027950e-07  1.200000000000000e+00  7.749976582218495e-01  4.865303022480202e-01  4.999046222702763e-01  1.199997093002506e+00  1.199999803212457e+00  1.550165430118708e+00 
 2.414223867027950e-07  1.200000000000000e+00  7.749975861117124e-01  4.865800530946007e-01  4.998540189190254e-01  1.199997116331120e+00  1.199999803212393e+00  1.550165458478133e+00 
 2.416223867027950e-07  1.200000000000000e+00  7.749974981156720e-01  4.866292220764594e-01  4.998040149407695e-01  1.199997139261199e+00  1.199999803212377e+00  1.550165485617639e+00 
 2.418223867027950e-07  1.200000000000000e+00  7.749973946535319e-01  4.866778202200890e-01  4.997545989098354e-01  1.199997161802714e+00  1.199999803212375e+00  1.550165511547427e+00 
 2.420223867027951e-07  1.200000000000000e+00  7.749972761332931e-01  4.867258582802612e-01  4.997057596809954e-01  1.199997183965468e+00  1.199999803212481e+00  1.550165536277786e+00 
 2.422223867027951e-07  1.200000000000000e+00  7.749971429515173e-01  4.867733467477898e-01  4.996574863811798e-01  1.199997205759041e+00  1.199999803212427e+00  1.550165559819139e+00 
 2.424223867027951e-07  1.200000000000000e+00  7.749969954937863e-01  4.868202958576426e-01  4.996097684021664e-01  1.199997227192641e+00  1.199999803212540e+00  1.550165582181972e+00 
 2.426223867027951e-07  1.200000000000000e+00  7.749968341350734e-01  4.868667155950789e-01  4.995625953930000e-01  1.199997248275137e+00  1.199999803212522e+00  1.550165603376855e+00 
 2.428223867027951e-07  1.200000000000000e+00  7.749966592400890e-01  4.869126157030321e-01  4.995159572533974e-01  1.199997269014941e+00  1.199999803212585e+00  1.550165623414416e+00 
 2.430223867027951e-07  1.200000000000000e+00  7.749964711636184e-01  4.869580056891016e-01  4.994698441264277e-01  1.199997289420077e+00  1.199999803212584e+00  1.550165642305330e+00 
 2.432223867027952e-07  1.200000000000000e+00  7.749962702508951e-01  4.870028948311048e-01  4.994242463921665e-01  1.199997309498968e+00  1.199999803212484e+00  1.550165660060332e+00 
 2.434223867027952e-07  1.200000000000000e+00  7.749960568379025e-01  4.870472921840387e-01  4.993791546610357e-01  1.199997329259244e+00  1.199999803212512e+00  1.550165676690178e+00 
 2.436223867027952e-07  1.200000000000000e+00  7.749958312517321e-01  4.870912065859018e-01  4.993345597676485e-01  1.199997348708533e+00  1.199999803212399e+00  1.550165692205677e+00 
 2.438223867027952e-07  1.200000000000000e+00  7.749955938107989e-01  4.871346466637306e-01  4.992904527647972e-01  1.199997367853874e+00  1.199999803212395e+00  1.550165706617664e+00 
 2.440223867027952e-07  1.200000000000000e+00  7.749953448251632e-01  4.871776208388381e-01  4.992468249175838e-01  1.199997386702624e+00  1.199999803212397e+00  1.550165719936994e+00 
 2.442223867027952e-07  1.200000000000000e+00  7.749950845968360e-01  4.872201373331072e-01  4.992036676976064e-01  1.199997405261279e+00  1.199999803212408e+00  1.550165732174559e+00 
 2.444223867027952e-07  1.200000000000000e+00  7.749948134199621e-01  4.872622041737230e-01  4.991609727778851e-01  1.199997423536493e+00  1.199999803212428e+00  1.550165743341273e+00 
 2.446223867027953e-07  1.200000000000000e+00  7.749945315811396e-01  4.873038291986285e-01  4.991187320271320e-01  1.199997441535026e+00  1.199999803212562e+00  1.550165753448116e+00 
 2.448223867027953e-07  1.200000000000000e+00  7.749942393596361e-01  4.873450200612755e-01  4.990769375047277e-01  1.199997459263037e+00  1.199999803212570e+00  1.550165762506089e+00 
 2.450223867027953e-07  1.200000000000000e+00  7.749939370276271e-01  4.873857842357951e-01  4.990355814555110e-01  1.199997476726515e+00  1.199999803212467e+00  1.550165770526233e+00 
 2.452223867027953e-07  1.200000000000000e+00  7.749936248504025e-01  4.874261290218870e-01  4.989946563049721e-01  1.199997493931113e+00  1.199999803212397e+00  1.550165777519645e+00 
 2.454223867027953e-07  1.200000000000000e+00  7.749933030865781e-01  4.874660615489793e-01  4.989541546548785e-01  1.199997510882809e+00  1.199999803212402e+00  1.550165783497470e+00 
 2.456223867027953e-07  1.200000000000000e+00  7.749929719882974e-01  4.875055887812675e-01  4.989140692781038e-01  1.199997527586909e+00  1.199999803212421e+00  1.550165788470914e+00 
 2.458223867027953e-07  1.200000000000000e+00  7.749926318014639e-01  4.875447175213032e-01  4.988743931145913e-01  1.199997544049069e+00  1.199999803212483e+00  1.550165792451244e+00 
 2.460223867027954e-07  1.200000000000000e+00  7.749922827658943e-01  4.875834544151654e-01  4.988351192670618e-01  1.199997560274213e+00  1.199999803212443e+00  1.550165795449811e+00 
 2.462223867027954e-07  1.200000000000000e+00  7.749919251155373e-01  4.876218059555066e-01  4.987962409961288e-01  1.199997576267577e+00  1.199999803212496e+00  1.550165797478030e+00 
 2.464223867027954e-07  1.200000000000000e+00  7.749915590785741e-01  4.876597784865594e-01  4.987577517169908e-01  1.199997592034379e+00  1.199999803212470e+00  1.550165798547404e+00 
 2.466223867027954e-07  1.200000000000000e+00  7.749911848777037e-01  4.876973782073090e-01  4.987196449952158e-01  1.199997607578821e+00  1.199999803212416e+00  1.550165798669543e+00 
 2.468223867027954e-07  1.200000000000000e+00  7.749908027301878e-01  4.877346111757685e-01  4.986819145424509e-01  1.199997622905584e+00  1.199999803212465e+00  1.550165797856128e+00 
 2.470223867027954e-07  1.200000000000000e+00  7.749904128481082e-01  4.877714833121875e-01  4.986445542131418e-01  1.199997638019826e+00  1.199999803212530e+00  1.550165796118959e+00 
 2.472223867027955e-07  1.200000000000000e+00  7.749900154384268e-01  4.878080004028607e-01  4.986075580010403e-01  1.199997652925536e+00  1.199999803212427e+00  1.550165793469942e+00 
 2.474223867027955e-07  1.200000000000000e+00  7.749896107032048e-01  4.878441681035209e-01  4.985709200349612e-01  1.199997667627104e+00  1.199999803212463e+00  1.550165789921090e+00 
 2.476223867027955e-07  1.200000000000000e+00  7.749891988397036e-01  4.878799919427081e-01  4.985346345757941e-01  1.199997682128255e+00  1.199999803212525e+00  1.550165785484533e+00 
 2.478223867027955e-07  1.200000000000000e+00  7.749887800405202e-01  4.879154773249395e-01  4.984986960133480e-01  1.199997696433380e+00  1.199999803212512e+00  1.550165780172515e+00 
 2.480223867027955e-07  1.200000000000000e+00  7.749883544937515e-01  4.879506295337709e-01  4.984630988624080e-01  1.199997710546773e+00  1.199999803212414e+00  1.550165773997425e+00 
 2.482223867027955e-07  1.200000000000000e+00  7.749879223830954e-01  4.879854537358380e-01  4.984278377604836e-01  1.199997724471789e+00  1.199999803212550e+00  1.550165766971764e+00 
 2.484223867027955e-07  1.200000000000000e+00  7.749874838879792e-01  4.880199549826358e-01  4.983929074637952e-01  1.199997738212343e+00  1.199999803212568e+00  1.550165759108150e+00 
 2.486223867027956e-07  1.200000000000000e+00  7.749870391836527e-01  4.880541382139779e-01  4.983583028445662e-01  1.199997751772125e+00  1.199999803212563e+00  1.550165750419345e+00 
 2.488223867027956e-07  1.200000000000000e+00  7.749865884413342e-01  4.880880082609842e-01  4.983240188882684e-01  1.199997765154574e+00  1.199999803212666e+00  1.550165740918238e+00 
 2.490223867027956e-07  1.200000000000000e+00  7.749861318283187e-01  4.881215698486456e-01  4.982900506908498e-01  1.199997778362992e+00  1.199999803212626e+00  1.550165730617830e+00 
 2.492223867027956e-07  1.200000000000000e+00  7.749856695080972e-01  4.881548275983343e-01  4.982563934557600e-01  1.199997791401228e+00  1.199999803212463e+00  1.550165719531266e+00 
 2.494223867027956e-07  1.200000000000000e+00  7.749852016404067e-01  4.881877860307879e-01  4.982230424909883e-01  1.199997804271868e+00  1.199999803212416e+00  1.550165707671793e+00 
 2.496223867027956e-07  1.200000000000000e+00  7.749847283813825e-01  4.882204495687738e-01  4.981899932070841e-01  1.199997816978709e+00  1.199999803212476e+00  1.550165695052789e+00 
 2.498223867027956e-07  1.200000000000000e+00  7.749842498836447e-01  4.882528225390438e-01  4.981572411140726e-01  1.199997829524558e+00  1.199999803212443e+00  1.550165681687769e+00 
 2.500223867027957e-07  1.200000000000000e+00  7.749837662963580e-01  4.882849091751084e-01  4.981247818194325e-01  1.199997841912524e+00  1.199999803212396e+00  1.550165667590333e+00 
 2.502223867027957e-07  1.200000000000000e+00  7.749832777653556e-01  4.883167136198930e-01  4.980926110247923e-01  1.199997854145771e+00  1.199999803212416e+00  1.550165652774204e+00 
 2.504223867027957e-07  1.200000000000000e+00  7.749827844332172e-01  4.883482399270487e-01  4.980607245244997e-01  1.199997866226914e+00  1.199999803212460e+00  1.550165637253195e+00 
 2.506223867027957e-07  1.200000000000000e+00  7.749822864393644e-01  4.883794920640211e-01  4.980291182031255e-01  1.199997878158618e+00  1.199999803212527e+00  1.550165621041211e+00 
 2.508223867027957e-07  1.200000000000000e+00  7.749817839201102e-01  4.884104739143271e-01  4.979977880326830e-01  1.199997889943877e+00  1.199999803212432e+00  1.550165604152249e+00 
 2.510223867027957e-07  1.200000000000000e+00  7.749812770087706e-01  4.884411892786775e-01  4.979667300708334e-01  1.199997901585731e+00  1.199999803212478e+00  1.550165586600356e+00 
 2.512223867027958e-07  1.200000000000000e+00  7.749807658357430e-01  4.884716418781573e-01  4.979359404594311e-01  1.199997913086269e+00  1.199999803212540e+00  1.550165568399701e+00 
 2.514223867027958e-07  1.200000000000000e+00  7.749802505285681e-01  4.885018353556452e-01  4.979054154210253e-01  1.199997924447849e+00  1.199999803212458e+00  1.550165549564479e+00 
 2.516223867027958e-07  1.200000000000000e+00  7.749797312119756e-01  4.885317732778809e-01  4.978751512579672e-01  1.199997935673663e+00  1.199999803212421e+00  1.550165530108913e+00 
 2.518223867027958e-07  1.200000000000000e+00  7.749792080080199e-01  4.885614591370262e-01  4.978451443501605e-01  1.199997946765450e+00  1.199999803212492e+00  1.550165510047310e+00 
 2.520223867027958e-07  1.200000000000000e+00  7.749786810360907e-01  4.885908963532420e-01  4.978153911529550e-01  1.199997957725898e+00  1.199999803212476e+00  1.550165489393953e+00 
 2.522223867027958e-07  1.200000000000000e+00  7.749781504129896e-01  4.886200882760174e-01  4.977858881953501e-01  1.199997968557512e+00  1.199999803212441e+00  1.550165468163177e+00 
 2.524223867027958e-07  1.200000000000000e+00  7.749776162529781e-01  4.886490381859216e-01  4.977566320783789e-01  1.199997979262369e+00  1.199999803212391e+00  1.550165446369329e+00 
 2.526223867027959e-07  1.200000000000000e+00  7.749770786679361e-01  4.886777492961791e-01  4.977276194729828e-01  1.199997989842499e+00  1.199999803212497e+00  1.550165424026728e+00 
 2.528223867027959e-07  1.200000000000000e+00  7.749765377672665e-01  4.887062247545347e-01  4.976988471191156e-01  1.199998000300460e+00  1.199999803212490e+00  1.550165401149687e+00 
 2.530223867027959e-07  1.200000000000000e+00  7.749759936580987e-01  4.887344676449675e-01  4.976703118228354e-01  1.199998010638110e+00  1.199999803212562e+00  1.550165377752460e+00 
 2.532223867027959e-07  1.200000000000000e+00  7.749754464452684e-01  4.887624809892414e-01  4.976420104555767e-01  1.199998020857373e+00  1.199999803212475e+00  1.550165353849268e+00 
 2.534223867027959e-07  1.200000000000000e+00  7.749748962313562e-01  4.887902677479725e-01  4.976139399523098e-01  1.199998030960565e+00  1.199999803212527e+00  1.550165329454273e+00 
 2.536223867027959e-07  1.200000000000000e+00  7.749743431167884e-01  4.888178308229230e-01  4.975860973101457e-01  1.199998040949382e+00  1.199999803212433e+00  1.550165304581586e+00 
 2.538223867027959e-07  1.200000000000000e+00  7.749737871998807e-01  4.888451730579090e-01  4.975584795862388e-01  1.199998050825723e+00  1.199999803212578e+00  1.550165279245216e+00 
 2.540223867027960e-07  1.200000000000000e+00  7.749732285768802e-01  4.888722972401303e-01  4.975310838971008e-01  1.199998060591631e+00  1.199999803212513e+00  1.550165253459084e+00 
 2.542223867027960e-07  1.200000000000000e+00  7.749726673419791e-01  4.888992061015334e-01  4.975039074168096e-01  1.199998070249210e+00  1.199999803212508e+00  1.550165227236995e+00 
 2.544223867027960e-07  1.200000000000000e+00  7.749721035874048e-01  4.889259023209848e-01  4.974769473754461e-01  1.199998079800068e+00  1.199999803212498e+00  1.550165200592647e+00 
 2.546223867027960e-07  1.200000000000000e+00  7.749715374034928e-01  4.889523885244952e-01  4.974502010576242e-01  1.199998089245885e+00  1.199999803212574e+00  1.550165173539588e+00 
 2.548223867027960e-07  1.200000000000000e+00  7.749709688786555e-01  4.889786672867316e-01  4.974236658020321e-01  1.199998098588590e+00  1.199999803212502e+00  1.550165146091231e+00 
 2.550223867027960e-07  1.200000000000000e+00  7.749703980994930e-01  4.890047411330617e-01  4.973973389992604e-01  1.199998107829185e+00  1.199999803212574e+00  1.550165118260856e+00 
 2.552223867027961e-07  1.200000000000000e+00  7.749698251507608e-01  4.890306125396147e-01  4.973712180910147e-01  1.199998116970291e+00  1.199999803212502e+00  1.550165090061538e+00 
 2.554223867027961e-07  1.200000000000000e+00  7.749692501154832e-01  4.890562839354400e-01  4.973453005684519e-01  1.199998126012675e+00  1.199999803212578e+00  1.550165061506199e+00 
 2.556223867027961e-07  1.200000000000000e+00  7.749686730749850e-01  4.890817577031012e-01  4.973195839714097e-01  1.199998134958397e+00  1.199999803212512e+00  1.550165032607556e+00 
 2.558223867027961e-07  1.200000000000000e+00  7.749680941088971e-01  4.891070361796392e-01  4.972940658868011e-01  1.199998143808754e+00  1.199999803212599e+00  1.550165003378136e+00 
 2.560223867027961e-07  1.200000000000000e+00  7.749675132951731e-01  4.891321216582244e-01  4.972687439482383e-01  1.199998152565373e+00  1.199999803212437e+00  1.550164973830271e+00 
 2.562223867027961e-07  1.200000000000000e+00  7.749669307102051e-01  4.891570163889009e-01  4.972436158339770e-01  1.199998161229734e+00  1.199999803212583e+00  1.550164943976049e+00 
 2.564223867027961e-07  1.200000000000000e+00  7.749663464287802e-01  4.891817225794475e-01  4.972186792666745e-01  1.199998169803373e+00  1.199999803212525e+00  1.550164913827351e+00 
 2.566223867027962e-07  1.200000000000000e+00  7.749657605242122e-01  4.892062423968739e-01  4.971939320115283e-01  1.199998178287758e+00  1.199999803212424e+00  1.550164883395822e+00 
 2.568223867027962e-07  1.200000000000000e+00  7.749651730586086e-01  4.892305779774012e-01  4.971693718627606e-01  1.199998186733800e+00  1.199999803212535e+00  1.550164852692858e+00 
 2.570223867027962e-07  1.200000000000000e+00  7.749645841079944e-01  4.892547314018894e-01  4.971449966764686e-01  1.199998195053559e+00  1.199999803212593e+00  1.550164821729612e+00 
 2.572223867027962e-07  1.200000000000000e+00  7.749639937443966e-01  4.892787047171888e-01  4.971208043456447e-01  1.199998203276280e+00  1.199999803212559e+00  1.550164790516959e+00 
 2.574223867027962e-07  1.200000000000000e+00  7.749634020361776e-01  4.893024999343932e-01  4.970967927988180e-01  1.199998211414658e+00  1.199999803212417e+00  1.550164759065526e+00 
 2.576223867027962e-07  1.200000000000000e+00  7.749628090496198e-01  4.893261190288800e-01  4.970729600019277e-01  1.199998219471212e+00  1.199999803212527e+00  1.550164727385681e+00 
 2.578223867027962e-07  1.200000000000000e+00  7.749622148494841e-01  4.893495639406300e-01  4.970493039579051e-01  1.199998227446173e+00  1.199999803212487e+00  1.550164695487502e+00 
 2.580223867027963e-07  1.200000000000000e+00  7.749616194991819e-01  4.893728365746804e-01  4.970258227058397e-01  1.199998235341096e+00  1.199999803212426e+00  1.550164663380828e+00 
 2.582223867027963e-07  1.200000000000000e+00  7.749610230607807e-01  4.893959388023962e-01  4.970025143200971e-01  1.199998243156531e+00  1.199999803212543e+00  1.550164631075225e+00 
 2.584223867027963e-07  1.200000000000000e+00  7.749604255951166e-01  4.894188724623746e-01  4.969793769099150e-01  1.199998250894501e+00  1.199999803212510e+00  1.550164598579968e+00 
 2.586223867027963e-07  1.200000000000000e+00  7.749598271617810e-01  4.894416393603209e-01  4.969564086185518e-01  1.199998258555853e+00  1.199999803212571e+00  1.550164565904055e+00 
 2.588223867027963e-07  1.200000000000000e+00  7.749592278191495e-01  4.894642412704920e-01  4.969336076222576e-01  1.199998266141582e+00  1.199999803212437e+00  1.550164533056198e+00 
 2.590223867027963e-07  1.200000000000000e+00  7.749586276243574e-01  4.894866799363283e-01  4.969109721290528e-01  1.199998273653088e+00  1.199999803212465e+00  1.550164500044818e+00 
 2.592223867027964e-07  1.200000000000000e+00  7.749580266334423e-01  4.895089570710044e-01  4.968885003788035e-01  1.199998281091030e+00  1.199999803212601e+00  1.550164466878047e+00 
 2.594223867027964e-07  1.200000000000000e+00  7.749574249012762e-01  4.895310743581575e-01  4.968661906426119e-01  1.199998288456646e+00  1.199999803212574e+00  1.550164433563731e+00 
 2.596223867027964e-07  1.200000000000000e+00  7.749568224816199e-01  4.895530334528374e-01  4.968440412209251e-01  1.199998295751066e+00  1.199999803212440e+00  1.550164400109455e+00 
 2.598223867027964e-07  1.200000000000000e+00  7.749562194271391e-01  4.895748359818725e-01  4.968220504439358e-01  1.199998302975272e+00  1.199999803212560e+00  1.550164366522502e+00 
 2.600223867027964e-07  1.200000000000000e+00  7.749556157893898e-01  4.895964835448492e-01  4.968002166707012e-01  1.199998310130062e+00  1.199999803212534e+00  1.550164332809866e+00 
 2.602223867027964e-07  1.200000000000000e+00  7.749550116189183e-01  4.896179777142179e-01  4.967785382879505e-01  1.199998317216888e+00  1.199999803212495e+00  1.550164298978263e+00 
 2.604223867027964e-07  1.200000000000000e+00  7.749544069652267e-01  4.896393200361932e-01  4.967570137098982e-01  1.199998324236690e+00  1.199999803212438e+00  1.550164265034128e+00 
 2.606223867027965e-07  1.200000000000000e+00  7.749538018768004e-01  4.896605120313774e-01  4.967356413777083e-01  1.199998331189763e+00  1.199999803212470e+00  1.550164230983619e+00 
 2.608223867027965e-07  1.200000000000000e+00  7.749531964011237e-01  4.896815551955465e-01  4.967144197584744e-01  1.199998338077632e+00  1.199999803212406e+00  1.550164196832652e+00 
 2.610223867027965e-07  1.200000000000000e+00  7.749525905847263e-01  4.897024509995905e-01  4.966933473453871e-01  1.199998344901285e+00  1.199999803212425e+00  1.550164162586850e+00 
 2.612223867027965e-07  1.200000000000000e+00  7.749519844731680e-01  4.897232008908716e-01  4.966724226558644e-01  1.199998351661262e+00  1.199999803212547e+00  1.550164128251584e+00 
 2.614223867027965e-07  1.200000000000000e+00  7.749513781111030e-01  4.897438062930954e-01  4.966516442321422e-01  1.199998358358866e+00  1.199999803212515e+00  1.550164093831975e+00 
 2.616223867027965e-07  1.200000000000000e+00  7.749507715422455e-01  4.897642686073650e-01  4.966310106400841e-01  1.199998364994332e+00  1.199999803212469e+00  1.550164059332885e+00 
 2.618223867027965e-07  1.200000000000000e+00  7.749501648093917e-01  4.897845892119240e-01  4.966105204693327e-01  1.199998371568944e+00  1.199999803212403e+00  1.550164024758926e+00 
 2.620223867027966e-07  1.200000000000000e+00  7.749495579544901e-01  4.898047694635805e-01  4.965901723317794e-01  1.199998378083639e+00  1.199999803212512e+00  1.550163990114488e+00 
 2.622223867027966e-07  1.200000000000000e+00  7.749489510186126e-01  4.898248106975155e-01  4.965699648617131e-01  1.199998384538555e+00  1.199999803212469e+00  1.550163955403723e+00 
 2.624223867027966e-07  1.200000000000000e+00  7.749483440419723e-01  4.898447142282389e-01  4.965498967154116e-01  1.199998390935390e+00  1.199999803212404e+00  1.550163920630543e+00 
 2.626223867027966e-07  1.200000000000000e+00  7.749477370639546e-01  4.898644813496275e-01  4.965299665701306e-01  1.199998397274484e+00  1.199999803212514e+00  1.550163885798635e+00 
 2.628223867027966e-07  1.200000000000000e+00  7.749471301231543e-01  4.898841133357385e-01  4.965101731244796e-01  1.199998403556691e+00  1.199999803212471e+00  1.550163850911499e+00 
 2.630223867027966e-07  1.200000000000000e+00  7.749465232573133e-01  4.899036114409802e-01  4.964905150968116e-01  1.199998409782723e+00  1.199999803212407e+00  1.550163815972426e+00 
 2.632223867027967e-07  1.200000000000000e+00  7.749459165033999e-01  4.899229769004850e-01  4.964709912256715e-01  1.199998415953170e+00  1.199999803212519e+00  1.550163780984479e+00 
 2.634223867027967e-07  1.200000000000000e+00  7.749453098976539e-01  4.899422109309554e-01  4.964516002689419e-01  1.199998422069032e+00  1.199999803212572e+00  1.550163745950556e+00 
 2.636223867027967e-07  1.200000000000000e+00  7.749447034755258e-01  4.899613147305750e-01  4.964323410034188e-01  1.199998428131328e+00  1.199999803212438e+00  1.550163710873372e+00 
 2.638223867027967e-07  1.200000000000000e+00  7.749440972717162e-01  4.899802894797082e-01  4.964132122250412e-01  1.199998434140042e+00  1.199999803212560e+00  1.550163675755446e+00 
 2.640223867027967e-07  1.200000000000000e+00  7.749434913201868e-01  4.899991363411302e-01  4.963942127473743e-01  1.199998440096219e+00  1.199999803212425e+00  1.550163640599132e+00 
 2.642223867027967e-07  1.200000000000000e+00  7.749428856542195e-01  4.900178564605741e-01  4.963753414020982e-01  1.199998446000350e+00  1.199999803212447e+00  1.550163605406646e+00 
 2.644223867027967e-07  1.200000000000000e+00  7.749422803063744e-01  4.900364509671279e-01  4.963565970380673e-01  1.199998451853448e+00  1.199999803212578e+00  1.550163570180022e+00 
 2.646223867027968e-07  1.200000000000000e+00  7.749416753085174e-01  4.900549209733429e-01  4.963379785214096e-01  1.199998457656303e+00  1.199999803212545e+00  1.550163534921167e+00 
 2.648223867027968e-07  1.200000000000000e+00  7.749410706918387e-01  4.900732675754645e-01  4.963194847348732e-01  1.199998463409221e+00  1.199999803212512e+00  1.550163499631853e+00 
 2.650223867027968e-07  1.200000000000000e+00  7.749404664868601e-01  4.900914918543435e-01  4.963011145774021e-01  1.199998469112767e+00  1.199999803212461e+00  1.550163464313723e+00 
 2.652223867027968e-07  1.200000000000000e+00  7.749398627234809e-01  4.901095948752686e-01  4.962828669636017e-01  1.199998474767733e+00  1.199999803212504e+00  1.550163428968269e+00 
 2.654223867027968e-07  1.200000000000000e+00  7.749392594309105e-01  4.901275776884598e-01  4.962647408242306e-01  1.199998480374713e+00  1.199999803212547e+00  1.550163393596891e+00 
 2.656223867027968e-07  1.200000000000000e+00  7.749386566377853e-01  4.901454413295935e-01  4.962467351051031e-01  1.199998485934329e+00  1.199999803212516e+00  1.550163358200871e+00 
 2.658223867027968e-07  1.200000000000000e+00  7.749380543720753e-01  4.901631868196577e-01  4.962288487669994e-01  1.199998491447408e+00  1.199999803212563e+00  1.550163322781407e+00 
 2.660223867027969e-07  1.200000000000000e+00  7.749374526611673e-01  4.901808151656820e-01  4.962110807855087e-01  1.199998496914109e+00  1.199999803212428e+00  1.550163287339587e+00 
 2.662223867027969e-07  1.200000000000000e+00  7.749368515318528e-01  4.901983273604189e-01  4.961934301503782e-01  1.199998502335245e+00  1.199999803212455e+00  1.550163251876419e+00 
 2.664223867027969e-07  1.200000000000000e+00  7.749362510103336e-01  4.902157243834435e-01  4.961758958650051e-01  1.199998507711094e+00  1.199999803212497e+00  1.550163216392826e+00 
 2.666223867027969e-07  1.200000000000000e+00  7.749356511222499e-01  4.902330072012926e-01  4.961584769470236e-01  1.199998513042779e+00  1.199999803212537e+00  1.550163180889660e+00 
 2.668223867027969e-07  1.200000000000000e+00  7.749350518926548e-01  4.902501767670216e-01  4.961411724275104e-01  1.199998518330379e+00  1.199999803212501e+00  1.550163145367728e+00 
 2.670223867027969e-07  1.200000000000000e+00  7.749344533460768e-01  4.902672340211222e-01  4.961239813502124e-01  1.199998523574293e+00  1.199999803212448e+00  1.550163109827762e+00 
 2.672223867027970e-07  1.200000000000000e+00  7.749338555064895e-01  4.902841798914779e-01  4.961069027723395e-01  1.199998528775855e+00  1.199999803212578e+00  1.550163074270435e+00 
 2.674223867027970e-07  1.200000000000000e+00  7.749332583973378e-01  4.903010152937896e-01  4.960899357632095e-01  1.199998533934885e+00  1.199999803212454e+00  1.550163038696368e+00 
 2.676223867027970e-07  1.200000000000000e+00  7.749326620415457e-01  4.903177411322042e-01  4.960730794050857e-01  1.199998539052068e+00  1.199999803212580e+00  1.550163003106150e+00 
 2.678223867027970e-07  1.200000000000000e+00  7.749320664615144e-01  4.903343582984111e-01  4.960563327918531e-01  1.199998544128232e+00  1.199999803212455e+00  1.550162967500323e+00 
 2.680223867027970e-07  1.200000000000000e+00  7.749314716791248e-01  4.903508676728875e-01  4.960396950294555e-01  1.199998549163017e+00  1.199999803212585e+00  1.550162931879407e+00 
 2.682223867027970e-07  1.200000000000000e+00  7.749308777158320e-01  4.903672701252981e-01  4.960231652353779e-01  1.199998554157915e+00  1.199999803212460e+00  1.550162896243907e+00 
 2.684223867027970e-07  1.200000000000000e+00  7.749302845925363e-01  4.903835665135259e-01  4.960067425386588e-01  1.199998559112726e+00  1.199999803212500e+00  1.550162860594281e+00 
 2.686223867027971e-07  1.200000000000000e+00  7.749296923296625e-01  4.903997576846443e-01  4.959904260794651e-01  1.199998564028323e+00  1.199999803212543e+00  1.550162824931000e+00 
 2.688223867027971e-07  1.200000000000000e+00  7.749291009472318e-01  4.904158444758224e-01  4.959742150085357e-01  1.199998568904830e+00  1.199999803212511e+00  1.550162789254504e+00 
 2.690223867027971e-07  1.200000000000000e+00  7.749285104647606e-01  4.904318277130870e-01  4.959581084876948e-01  1.199998573742932e+00  1.199999803212464e+00  1.550162753565224e+00 
 2.692223867027971e-07  1.200000000000000e+00  7.749279209012797e-01  4.904477082126077e-01  4.959421056891450e-01  1.199998578543120e+00  1.199999803212505e+00  1.550162717863591e+00 
 2.694223867027971e-07  1.200000000000000e+00  7.749273322754341e-01  4.904634867801819e-01  4.959262057955147e-01  1.199998583305667e+00  1.199999803212459e+00  1.550162682150042e+00 
 2.696223867027971e-07  1.200000000000000e+00  7.749267446054099e-01  4.904791642120875e-01  4.959104079994441e-01  1.199998588030993e+00  1.199999803212499e+00  1.550162646424994e+00 
 2.698223867027971e-07  1.200000000000000e+00  7.749261579089677e-01  4.904947412950572e-01  4.958947115031089e-01  1.199998592720015e+00  1.199999803212539e+00  1.550162610688900e+00 
 2.700111933513986e-07  1.200000000000000e+00  7.749256049573436e-01  4.905093551836417e-01  4.958799857476054e-01  1.199998597111152e+00  1.199999803212824e+00  1.550162576945072e+00 
 2.702000000000000e-07  1.200000000000000e+00  7.749250529029125e-01  4.905238809718776e-01  4.958653489218022e-01  1.199998601472142e+00  1.199999803212818e+00  1.550162543190857e+00 
 2.702002493351540e-07  1.198503989076120e+00  7.749200233359009e-01  4.905192093685524e-01  4.958652437957095e-01  1.199993241342712e+00  1.199999656577551e+00  1.550162543146272e+00 
 2.702007480054620e-07  1.195511967228440e+00  7.749071599072578e-01  4.905075821522004e-01  4.958649909961448e-01  1.199980626444921e+00  1.199999291948415e+00  1.550162543057101e+00 
 2.702013700759661e-07  1.191779544203578e+00  7.748902767043830e-01  4.904928706547258e-01  4.958646558031444e-01  1.199966988522200e+00  1.199998912679671e+00  1.550162542945860e+00 
 2.702021153554860e-07  1.187307867084044e+00  7.748715999114122e-01  4.904772101096224e-01  4.958642683263292e-01  1.199955503669725e+00  1.199998668077387e+00  1.550162542812596e+00 
 2.702032359703779e-07  1.180584177732915e+00  7.748469506619815e-01  4.904573020382701e-01  4.958637273766922e-01  1.199945571142202e+00  1.199998615417768e+00  1.550162542612221e+00 
 2.702052035145949e-07  1.168778912430819e+00  7.748103339984591e-01  4.904285338911001e-01  4.958628683987523e-01  1.199940053803393e+00  1.199998898539010e+00  1.550162542260398e+00 
 2.702073912594448e-07  1.155652443331722e+00  7.747763676793844e-01  4.904019685364743e-01  4.958620151784510e-01  1.199943147578418e+00  1.199999331482404e+00  1.550162541869161e+00 
 2.702106516945523e-07  1.136089832686379e+00  7.747343956803756e-01  4.903683821651758e-01  4.958608878813973e-01  1.199953937358732e+00  1.199999807051141e+00  1.550162541286072e+00 
 2.702149108218338e-07  1.110535068997291e+00  7.746902696281464e-01  4.903316153383377e-01  4.958596021829222e-01  1.199969345801680e+00  1.200000084721829e+00  1.550162540524177e+00 
 2.702223571903363e-07  1.065856857982675e+00  7.746314757378868e-01  4.902801359452451e-01  4.958576738198809e-01  1.199989841050834e+00  1.200000135761092e+00  1.550162539190445e+00 
 2.702319330513075e-07  1.008401692155494e+00  7.745759999670583e-01  4.902292144412803e-01  4.958555331742397e-01  1.200004223070946e+00  1.200000008493416e+00  1.550162537466752e+00 
 2.702433957155969e-07  9.396257064189658e-01  7.745234584122644e-01  4.901799840676060e-01  4.958531990403710e-01  1.200010320381310e+00  1.199999884755940e+00  1.550162535371990e+00 
 2.702577845556671e-07  8.532926659976188e-01  7.744641814183056e-01  4.901250457450638e-01  4.958504199592604e-01  1.200010809298170e+00  1.199999825440250e+00  1.550162532631656e+00 
 2.702664921936076e-07  8.010468383548490e-01  7.744345523516777e-01  4.900977258810477e-01  4.958489243447531e-01  1.200011016699057e+00  1.199999854503772e+00  1.550162530879454e+00 
 2.702752512192368e-07  7.484926845795603e-01  7.744252841043160e-01  4.900878435250086e-01  4.958479490425167e-01  1.200017409467907e+00  1.199999974047739e+00  1.550162529006167e+00 
 2.702852860618597e-07  6.882836288421663e-01  7.744762862951133e-01  4.901282864024160e-01  4.958483046265136e-01  1.200036816429664e+00  1.200000194055224e+00  1.550162526663674e+00 
 2.702948737548054e-07  6.307574711677368e-01  7.746301725001911e-01  4.902553978383680e-01  4.958510366543254e-01  1.200064438621718e+00  1.200000423057446e+00  1.550162524163659e+00 
 2.703032717613664e-07  5.803694318018457e-01  7.748899284955273e-01  4.904726185482621e-01  4.958561153206471e-01  1.200092007600034e+00  1.200000609128299e+00  1.550162521707769e+00 
 2.703102927948905e-07  5.382432306573272e-01  7.752296265584399e-01  4.907585679685401e-01  4.958628173012127e-01  1.200116273283117e+00  1.200000749062341e+00  1.550162519425820e+00 
 2.703165425840071e-07  5.007444959577085e-01  7.756549733337958e-01  4.911178623808951e-01  4.958710600975057e-01  1.200139421327071e+00  1.200000861535783e+00  1.550162517192724e+00 
 2.703225321575811e-07  4.648070545137585e-01  7.762002306294861e-01  4.915788052142300e-01  4.958813064347114e-01  1.200164432769693e+00  1.200000957852505e+00  1.550162514853964e+00 
 2.703287964835880e-07  4.272210984720449e-01  7.769476075267319e-01  4.922089638559819e-01  4.958948119975773e-01  1.200195543581697e+00  1.200001042155091e+00  1.550162512183026e+00 
 2.703354569305581e-07  3.872584166514843e-01  7.779734211021512e-01  4.930672387765755e-01  4.959126051301713e-01  1.200236495370404e+00  1.200001101800350e+00  1.550162509079652e+00 
 2.703424986626341e-07  3.450080241958660e-01  7.793357110909742e-01  4.941906528544775e-01  4.959354751418605e-01  1.200291137163837e+00  1.200001121468558e+00  1.550162505504035e+00 
 2.703473675385219e-07  3.157947688688105e-01  7.804464112911528e-01  4.950905815463060e-01  4.959537853622027e-01  1.200337663610792e+00  1.200001115420436e+00  1.550162502862187e+00 
 2.703536147236384e-07  2.783116581700541e-01  7.820744147313236e-01  4.963796476012139e-01  4.959803715589049e-01  1.200410579672843e+00  1.200001115847439e+00  1.550162499296909e+00 
 2.703585434778376e-07  2.487391329746700e-01  7.835204479220994e-01  4.974832298801965e-01  4.960038702916260e-01  1.200479431132722e+00  1.200001129888156e+00  1.550162496373151e+00 
 2.703626559148757e-07  2.240645107459240e-01  7.848371653113193e-01  4.984372010370168e-01  4.960252309709447e-01  1.200537729218720e+00  1.200001151279491e+00  1.550162493884425e+00 
 2.703664095832296e-07  2.015425006228618e-01  7.861246122759248e-01  4.993098243086494e-01  4.960461457668153e-01  1.200567299921558e+00  1.200001176026363e+00  1.550162491598285e+00 
 2.703708009358919e-07  1.751943846486246e-01  7.877156626678601e-01  5.003150953697366e-01  4.960722897608978e-01  1.200503028379419e+00  1.200001204403796e+00  1.550162488946664e+00 
 2.703750483376858e-07  1.497099738852803e-01  7.892980144398302e-01  5.012790657290042e-01  4.960991497223985e-01  1.200233979165744e+00  1.200001225266793e+00  1.550162486453792e+00 
 2.703785901423077e-07  1.284591461539861e-01  7.906102773855737e-01  5.020866904850623e-01  4.961225955983862e-01  1.199718700488568e+00  1.200001239176715e+00  1.550162484468795e+00 
 2.703813346437641e-07  1.119921374157644e-01  7.916071216618050e-01  5.027155760728936e-01  4.961413797196617e-01  1.199021460984853e+00  1.200001255143028e+00  1.550162483014192e+00 
 2.703837503261756e-07  9.749804294654241e-02  7.924654514065517e-01  5.032690310998769e-01  4.961583608417459e-01  1.198096605349626e+00  1.200001278634216e+00  1.550162481812735e+00 
 2.703861151932456e-07  8.330884052661891e-02  7.932850930571573e-01  5.038089810217434e-01  4.961753950054182e-01  1.196821594644362e+00  1.200001310380618e+00  1.550162480725224e+00 
 2.703889529233925e-07  6.628245964540858e-02  7.942373080540346e-01  5.044526387212510e-01  4.961963753418320e-01  1.194721847620019e+00  1.200001356813417e+00  1.550162479562366e+00 
 2.703915680517455e-07  5.059168952754733e-02  7.950821365494418e-01  5.050400590760732e-01  4.962162397353064e-01  1.192232116979674e+00  1.200001406047935e+00  1.550162478653424e+00 
 2.703947975942119e-07  3.121443472861563e-02  7.960812703597646e-01  5.057547101635856e-01  4.962414953348915e-01  1.188430736219665e+00  1.200001475252744e+00  1.550162477791327e+00 
 2.703968038654142e-07  1.917680751486417e-02  7.966783565450112e-01  5.061916121013885e-01  4.962576011716057e-01  1.185673125791481e+00  1.200001523388133e+00  1.550162477419792e+00 
 2.703984019327072e-07  9.588403757287756e-03  7.971415357210686e-01  5.065351246785288e-01  4.962706649240041e-01  1.183399212697627e+00  1.200001564637858e+00  1.550162477224992e+00 
 2.704000000000000e-07  2.886579864025407e-14  7.975938888750220e-01  5.068740453199511e-01  4.962839402484577e-01  1.181403101617630e+00  1.200001608187704e+00  1.550162477129460e+00 
 2.704001292947804e-07  0.000000000000000e+00  7.976326524977250e-01  5.069028909114387e-01  4.962850733748632e-01  1.181263241824685e+00  1.200001690430502e+00  1.550162477126461e+00 
 2.704003878843412e-07  0.000000000000000e+00  7.977118166008156e-01  5.069607306431699e-01  4.962873586921067e-01  1.180999765442022e+00  1.200001907426585e+00  1.550162477122185e+00 
 2.704007148552511e-07  0.000000000000000e+00  7.978128713596615e-01  5.070334826475779e-01  4.962902568325842e-01  1.180698577124365e+00  1.200002160891032e+00  1.550162477120695e+00 
 2.704011097005661e-07  0.000000000000000e+00  7.979343991565793e-01  5.071206162736324e-01  4.962937468449553e-01  1.180385121203942e+00  1.200002349144215e+00  1.550162477125077e+00 
 2.704016495962940e-07  0.000000000000000e+00  7.980986583744404e-01  5.072385675584347e-01  4.962984893824494e-01  1.180060002917246e+00  1.200002399860263e+00  1.550162477142378e+00 
 2.704026540644530e-07  0.000000000000000e+00  7.983983518625798e-01  5.074545242810156e-01  4.963072240579339e-01  1.179849281293306e+00  1.200002093440049e+00  1.550162477210708e+00 
 2.704037591319232e-07  0.000000000000000e+00  7.987196658345913e-01  5.076869880322803e-01  4.963167112266327e-01  1.180276415084898e+00  1.200001451262886e+00  1.550162477342530e+00 
 2.704047634877267e-07  0.000000000000000e+00  7.990044234735950e-01  5.078937723566677e-01  4.963252309202251e-01  1.181227335974550e+00  1.200000774482318e+00  1.550162477516142e+00 
 2.704058170411953e-07  0.000000000000000e+00  7.992960471358397e-01  5.081062916677795e-01  4.963340705990652e-01  1.182727494041034e+00  1.200000089925364e+00  1.550162477756040e+00 
 2.704070296321399e-07  0.000000000000000e+00  7.996231706869787e-01  5.083455831593982e-01  4.963441306132114e-01  1.184971344307070e+00  1.199999408905309e+00  1.550162478109252e+00 
 2.704082181398259e-07  0.000000000000000e+00  7.999353387380869e-01  5.085748104547221e-01  4.963538804303456e-01  1.187532023027067e+00  1.199998874977660e+00  1.550162478539637e+00 
 2.704097207428420e-07  0.000000000000000e+00  8.003184351526637e-01  5.088572022252980e-01  4.963660612391638e-01  1.190921387351876e+00  1.199998380441040e+00  1.550162479210380e+00 
 2.704113591113728e-07  0.000000000000000e+00  8.007216416136261e-01  5.091555227585373e-01  4.963791674438270e-01  1.194379051489334e+00  1.199998032384558e+00  1.550162480113120e+00 
 2.704129038496906e-07  0.000000000000000e+00  8.010880147064574e-01  5.094273770679975e-01  4.963913642257474e-01  1.197137337803206e+00  1.199997845787201e+00  1.550162481138359e+00 
 2.704144500466429e-07  0.000000000000000e+00  8.014413932748853e-01  5.096901033079672e-01  4.964034215451673e-01  1.199296860957255e+00  1.199997759252588e+00  1.550162482344739e+00 
 2.704161170136558e-07  0.000000000000000e+00  8.018075824531306e-01  5.099626885113744e-01  4.964162549559322e-01  1.200974555426652e+00  1.199997743561198e+00  1.550162483860610e+00 
 2.704178226616480e-07  0.000000000000000e+00  8.021666529960680e-01  5.102301243460130e-01  4.964292094050037e-01  1.202108106813135e+00  1.199997783076583e+00  1.550162485657876e+00 
 2.704197876386415e-07  0.000000000000000e+00  8.025611980000840e-01  5.105239324129313e-01  4.964439090502967e-01  1.202875821704192e+00  1.199997871150494e+00  1.550162488059153e+00 
 2.704219501087134e-07  0.000000000000000e+00  8.029724028441564e-01  5.108298332211637e-01  4.964597972686890e-01  1.203275975297389e+00  1.199997997021452e+00  1.550162491141530e+00 
 2.704245315931917e-07  0.000000000000000e+00  8.034328392147786e-01  5.111716135449088e-01  4.964783348045100e-01  1.203396232751989e+00  1.199998163161349e+00  1.550162495475879e+00 
 2.704275063795436e-07  0.000000000000000e+00  8.039240495709077e-01  5.115348843731211e-01  4.964990357494252e-01  1.203287605161343e+00  1.199998354100592e+00  1.550162501436877e+00 
 2.704311552743817e-07  0.000000000000000e+00  8.044720232350757e-01  5.119377947116567e-01  4.965232407020166e-01  1.203009887030907e+00  1.199998565285387e+00  1.550162510316539e+00 
 2.704352593134416e-07  0.000000000000000e+00  8.050209897640134e-01  5.123381883061662e-01  4.965484130352234e-01  1.202651516499331e+00  1.199998751773185e+00  1.550162522613650e+00 
 2.704399027695651e-07  0.000000000000000e+00  8.055624492635616e-01  5.127293104618900e-01  4.965732404901886e-01  1.202267263143098e+00  1.199998878674134e+00  1.550162539863329e+00 
 2.704451725712087e-07  0.000000000000000e+00  8.060831295360351e-01  5.131019919451371e-01  4.965946528000890e-01  1.201888768451020e+00  1.199998903055763e+00  1.550162564338556e+00 
 2.704510410210442e-07  0.000000000000000e+00  8.065565160756746e-01  5.134398228430863e-01  4.966064106853569e-01  1.201538964416842e+00  1.199998794084430e+00  1.550162598638220e+00 
 2.704571565850027e-07  0.000000000000000e+00  8.069421142438714e-01  5.137191247771623e-01  4.966002658051417e-01  1.201242457312532e+00  1.199998585036231e+00  1.550162643455259e+00 
 2.704639332502561e-07  0.000000000000000e+00  8.072542358276364e-01  5.139586142577440e-01  4.965651095360106e-01  1.200978937801764e+00  1.199998338998119e+00  1.550162705602693e+00 
 2.704712161145822e-07  0.000000000000000e+00  8.074684853381907e-01  5.141519300216495e-01  4.964868464200548e-01  1.200756198412574e+00  1.199998127429486e+00  1.550162789250862e+00 
 2.704787396046818e-07  0.000000000000000e+00  8.075709042855210e-01  5.142987887252016e-01  4.963551303534916e-01  1.200578001322356e+00  1.199997973564863e+00  1.550162896696795e+00 
 2.704865353387965e-07  0.000000000000000e+00  8.075616690128231e-01  5.144091780818788e-01  4.961587282721920e-01  1.200436731551995e+00  1.199997863069385e+00  1.550163033768861e+00 
 2.704948412030828e-07  0.000000000000000e+00  8.074349641172787e-01  5.144931418470337e-01  4.958795717413889e-01  1.200323386487168e+00  1.199997804921208e+00  1.550163212568050e+00 
 2.705038309345838e-07  0.000000000000000e+00  8.071722456033573e-01  5.145564494063312e-01  4.954986689581069e-01  1.200233060320040e+00  1.199997879887424e+00  1.550163449194774e+00 
 2.705090733267131e-07  0.000000000000000e+00  8.069510805495200e-01  5.145830192940630e-01  4.952441222961998e-01  1.200192938657787e+00  1.199998197444409e+00  1.550163609585782e+00 
 2.705121667883776e-07  0.000000000000000e+00  8.067856711618829e-01  5.145957778174554e-01  4.950870558690212e-01  1.200172840636125e+00  1.199998715068838e+00  1.550163712476569e+00 
 2.705151229117561e-07  0.000000000000000e+00  8.065920120314676e-01  5.146062832578856e-01  4.949359439068452e-01  1.200155680136751e+00  1.199999470078798e+00  1.550163816852790e+00 
 2.705187321720035e-07  0.000000000000000e+00  8.062954906146564e-01  5.146171589897649e-01  4.947535884297123e-01  1.200137037662806e+00  1.200000451337387e+00  1.550163952693114e+00 
 2.705225346370824e-07  0.000000000000000e+00  8.059068364658395e-01  5.146265613986426e-01  4.945642104880422e-01  1.200119803039549e+00  1.200001029555779e+00  1.550164106202795e+00 
 2.705264084305726e-07  0.000000000000000e+00  8.054391017835896e-01  5.146342741965998e-01  4.943697233523097e-01  1.200104469970728e+00  1.200000609409001e+00  1.550164273996727e+00 
 2.705301467351506e-07  0.000000000000000e+00  8.049329739271772e-01  5.146402047516674e-01  4.941746234086305e-01  1.200091539028784e+00  1.199999152114721e+00  1.550164447245188e+00 
 2.705344156102565e-07  0.000000000000000e+00  8.043061586566917e-01  5.146454582602072e-01  4.939359498455825e-01  1.200078706561267e+00  1.199996645809353e+00  1.550164659223531e+00 
 2.705384849591690e-07  0.000000000000000e+00  8.036736366889440e-01  5.146491811585416e-01  4.936869968346043e-01  1.200068143659800e+00  1.199993862347094e+00  1.550164875833277e+00 
 2.705431494228839e-07  0.000000000000000e+00  8.029193406861865e-01  5.146521343335732e-01  4.933695018114241e-01  1.200057748522795e+00  1.199990660258975e+00  1.550165142251548e+00 
 2.705480669263155e-07  0.000000000000000e+00  8.020993242448827e-01  5.146539236768743e-01  4.929902952459191e-01  1.200048479170319e+00  1.199987539256385e+00  1.550165444871944e+00 
 2.705540327407707e-07  0.000000000000000e+00  8.010755126252519e-01  5.146544910362989e-01  4.924572401495829e-01  1.200039168592563e+00  1.199984252045339e+00  1.550165843197323e+00 
 2.705617642457687e-07  0.000000000000000e+00  7.997012888395646e-01  5.146529243141138e-01  4.916299667534603e-01  1.200029633264296e+00  1.199980871225959e+00  1.550166412594409e+00 
 2.705692680197250e-07  0.000000000000000e+00  7.983156254156676e-01  5.146492041976177e-01  4.906743429736144e-01  1.200022557795699e+00  1.199978715120423e+00  1.550167025018602e+00 
 2.705756883584916e-07  0.000000000000000e+00  7.970871952041256e-01  5.146444836803574e-01  4.897460912696333e-01  1.200017858404576e+00  1.199977487062582e+00  1.550167597497842e+00 
 2.705798312966929e-07  0.000000000000000e+00  7.962739027970488e-01  5.146407531273426e-01  4.891032742516638e-01  1.200015375538588e+00  1.199973535691516e+00  1.550167991262632e+00 
 2.705826876960702e-07  0.000000000000000e+00  7.957064483030076e-01  5.146379055988055e-01  4.886478761261156e-01  1.200013876964140e+00  1.199964296399803e+00  1.550168274101940e+00 
 2.705855329887969e-07  0.000000000000000e+00  7.951387669977142e-01  5.146348764649117e-01  4.881916315587821e-01  1.200012532361516e+00  1.199948820586461e+00  1.550168565214282e+00 
 2.705887952675340e-07  0.000000000000000e+00  7.944878911419488e-01  5.146311944966250e-01  4.876745589265142e-01  1.200011149196111e+00  1.199927201702127e+00  1.550168910661825e+00 
 2.705927744078197e-07  0.000000000000000e+00  7.936972785446352e-01  5.146264312908724e-01  4.870685359750003e-01  1.200009661987795e+00  1.199900580797198e+00  1.550169349118227e+00 
 2.705963867526605e-07  0.000000000000000e+00  7.929829021949388e-01  5.146218587549398e-01  4.865545284761493e-01  1.200008479787922e+00  1.199879883271666e+00  1.550169763610604e+00 
 2.706006657063468e-07  0.000000000000000e+00  7.921447114067725e-01  5.146161688376065e-01  4.859985644260977e-01  1.200007259761832e+00  1.199863179064896e+00  1.550170275090908e+00 
 2.706048147445352e-07  0.000000000000000e+00  7.913513832925346e-01  5.146104328741203e-01  4.855100947559785e-01  1.200006241605121e+00  1.199856068045143e+00  1.550170792482396e+00 
 2.706097196882368e-07  0.000000000000000e+00  7.904574187845297e-01  5.146034737818704e-01  4.849819891765547e-01  1.200005215963560e+00  1.199857739920379e+00  1.550171431639592e+00 
 2.706140994609933e-07  0.000000000000000e+00  7.897111981773920e-01  5.145971505620396e-01  4.845436739632228e-01  1.200004438569920e+00  1.199864685747796e+00  1.550172027740285e+00 
 2.706190481050223e-07  0.000000000000000e+00  7.889295624710736e-01  5.145898862091154e-01  4.840773321816197e-01  1.200003689777042e+00  1.199872524433032e+00  1.550172730279589e+00 
 2.706235917606264e-07  0.000000000000000e+00  7.882655848963668e-01  5.145830828651529e-01  4.836719107513845e-01  1.200003105989063e+00  1.199876096748066e+00  1.550173402561850e+00 
 2.706288081149245e-07  0.000000000000000e+00  7.875582891372523e-01  5.145750808730019e-01  4.832296877055934e-01  1.200002540270859e+00  1.199876717195330e+00  1.550174206642151e+00 
 2.706337631507092e-07  0.000000000000000e+00  7.869339501398523e-01  5.145672723667635e-01  4.828299131571968e-01  1.200002092316645e+00  1.199881536054232e+00  1.550175002426000e+00 
 2.706395374558934e-07  0.000000000000000e+00  7.862583394690554e-01  5.145579177920244e-01  4.823860842231200e-01  1.200001662131003e+00  1.199904044182407e+00  1.550175969075266e+00 
 2.706455518634830e-07  0.000000000000000e+00  7.856114505946833e-01  5.145479088515758e-01  4.819474886901189e-01  1.200001300493853e+00  1.199960161158034e+00  1.550177020737552e+00 
 2.706524595860424e-07  0.000000000000000e+00  7.849385269903703e-01  5.145361257093846e-01  4.814729227011971e-01  1.200000970939597e+00  1.200094440872598e+00  1.550178284645757e+00 
 2.706576217564930e-07  0.000000000000000e+00  7.844801148850319e-01  5.145271270853163e-01  4.811371233984497e-01  1.200000773019968e+00  1.200278975748952e+00  1.550179267983513e+00 
 2.706622247404252e-07  0.000000000000000e+00  7.840953141071635e-01  5.145189477834097e-01  4.808483998045508e-01  1.200000624252951e+00  1.200521117917427e+00  1.550180172525594e+00 
 2.706678059869713e-07  0.000000000000000e+00  7.836400968776550e-01  5.145087805395663e-01  4.805047206063527e-01  1.200000472037765e+00  1.200855568110598e+00  1.550181303907573e+00 
 2.706728507002124e-07  0.000000000000000e+00  7.832194078172559e-01  5.144992985005031e-01  4.801918363428779e-01  1.200000357343868e+00  1.201130525153653e+00  1.550182358718122e+00 
 2.706780349526005e-07  0.000000000000000e+00  7.827619658668792e-01  5.144892363406278e-01  4.798602563119609e-01  1.200000260245272e+00  1.201355450647935e+00  1.550183474024510e+00 
 2.706841829887852e-07  0.000000000000000e+00  7.821857411999885e-01  5.144769482107809e-01  4.794510203842712e-01  1.200000170216771e+00  1.201528790523805e+00  1.550184836969299e+00 
 2.706900149537470e-07  0.000000000000000e+00  7.816233486964521e-01  5.144650656325637e-01  4.790526872906184e-01  1.200000105424503e+00  1.201602348342192e+00  1.550186169355177e+00 
 2.706961775208595e-07  0.000000000000000e+00  7.810378418726710e-01  5.144524133101193e-01  4.786319256607026e-01  1.200000051060677e+00  1.201611744247158e+00  1.550187617940664e+00 
 2.707018856584842e-07  0.000000000000000e+00  7.805200667167383e-01  5.144406823304049e-01  4.782507654104107e-01  1.200000008117615e+00  1.201594871797427e+00  1.550188995935063e+00 
 2.707092646309743e-07  0.000000000000000e+00  7.798981180979500e-01  5.144255384030634e-01  4.777783953951397e-01  1.199999959286539e+00  1.201605463198131e+00  1.550190826955499e+00 
 2.707161533537560e-07  0.000000000000000e+00  7.793662787112469e-01  5.144114044305713e-01  4.773602305309147e-01  1.199999920592191e+00  1.201724512623721e+00  1.550192584921595e+00 
 2.707232264203127e-07  0.000000000000000e+00  7.788647005912577e-01  5.143968629517786e-01  4.769529592515928e-01  1.199999888484856e+00  1.201961853171545e+00  1.550194436492015e+00 
 2.707306647254477e-07  0.000000000000000e+00  7.783794328236330e-01  5.143815088677961e-01  4.765466580773668e-01  1.199999862817111e+00  1.202274543161621e+00  1.550196431883148e+00 
 2.707381923303450e-07  0.000000000000000e+00  7.779251753790349e-01  5.143658842256474e-01  4.761561121142150e-01  1.199999843797248e+00  1.202673062428294e+00  1.550198498594791e+00 
 2.707469516066157e-07  0.000000000000000e+00  7.774299941295842e-01  5.143475624497760e-01  4.757255928950919e-01  1.199999827813263e+00  1.203170400525507e+00  1.550200959078920e+00 
 2.707550707392648e-07  0.000000000000000e+00  7.769848575840195e-01  5.143303986213243e-01  4.753495658547889e-01  1.199999816873242e+00  1.203464923455269e+00  1.550203289084376e+00 
 2.707647042494881e-07  0.000000000000000e+00  7.764570216281782e-01  5.143097949835062e-01  4.749284462464294e-01  1.199999808399491e+00  1.203468672848003e+00  1.550206109076541e+00 
 2.707738501000341e-07  0.000000000000000e+00  7.759633034603323e-01  5.142900781279712e-01  4.745406337212841e-01  1.199999804584122e+00  1.203207374449757e+00  1.550208835976143e+00 
 2.707817670998486e-07  0.000000000000000e+00  7.755544050503890e-01  5.142729664420219e-01  4.742000495021331e-01  1.199999802792673e+00  1.202865823084066e+00  1.550211230999272e+00 
 2.707909030699085e-07  0.000000000000000e+00  7.751201806218445e-01  5.142532468108509e-01  4.737863726612199e-01  1.199999800458604e+00  1.202422825041602e+00  1.550214028681368e+00 
 2.707991350346355e-07  0.000000000000000e+00  7.747746325271914e-01  5.142355427493496e-01  4.733941791559478e-01  1.199999797899929e+00  1.202024115705651e+00  1.550216575866194e+00 
 2.708064376453598e-07  0.000000000000000e+00  7.745075393587172e-01  5.142198917179864e-01  4.730459107499392e-01  1.199999795241353e+00  1.201693052283073e+00  1.550218852738228e+00 
 2.708136978465741e-07  0.000000000000000e+00  7.742783842245149e-01  5.142043726949650e-01  4.727197108576559e-01  1.199999792713677e+00  1.201396722132409e+00  1.550221129123413e+00 
 2.708216619631926e-07  0.000000000000000e+00  7.740670207913390e-01  5.141873850581615e-01  4.724037025116745e-01  1.199999790657987e+00  1.201114890876096e+00  1.550223636960901e+00 
 2.708310552076412e-07  0.000000000000000e+00  7.738675272774324e-01  5.141673832589720e-01  4.720997507664486e-01  1.199999789183797e+00  1.200840436312042e+00  1.550226603695977e+00 
 2.708420636612666e-07  0.000000000000000e+00  7.736935603714233e-01  5.141439672173033e-01  4.718369562256822e-01  1.199999788253796e+00  1.200590721539083e+00  1.550230084350075e+00 
 2.708519158688921e-07  0.000000000000000e+00  7.735835053293156e-01  5.141230154056891e-01  4.716763444865876e-01  1.199999787856619e+00  1.200423412685759e+00  1.550233195617692e+00 
 2.708615749492487e-07  0.000000000000000e+00  7.735086168682372e-01  5.141024657935458e-01  4.715729346610067e-01  1.199999787755595e+00  1.200301012423734e+00  1.550236235542486e+00 
 2.708721104245796e-07  0.000000000000000e+00  7.734546848861503e-01  5.140800339094261e-01  4.715048422501674e-01  1.199999787855128e+00  1.200203651744643e+00  1.550239531773827e+00 
 2.708825423054133e-07  0.000000000000000e+00  7.734218905328755e-01  5.140578029745688e-01  4.714699912272741e-01  1.199999788054768e+00  1.200135212941237e+00  1.550242768025009e+00 
 2.708946535840347e-07  0.000000000000000e+00  7.734010960576710e-01  5.140319742752060e-01  4.714562330851529e-01  1.199999788287101e+00  1.200080526104594e+00  1.550246480813800e+00 
 2.709076090496999e-07  0.000000000000000e+00  7.733921477070481e-01  5.140043346729661e-01  4.714616347275589e-01  1.199999788443375e+00  1.200042366825231e+00  1.550250387889527e+00 
 2.709232395711825e-07  0.000000000000000e+00  7.733920890783309e-01  5.139709941853497e-01  4.714840510688227e-01  1.199999788475971e+00  1.200014214365082e+00  1.550254995598889e+00 
 2.709411083227075e-07  0.000000000000000e+00  7.733998092950375e-01  5.139329145100737e-01  4.715209996059404e-01  1.199999788365943e+00  1.199996456816642e+00  1.550260097657582e+00 
 2.709636307059474e-07  0.000000000000000e+00  7.734149174114513e-01  5.138850078538145e-01  4.715753145030614e-01  1.199999788145004e+00  1.199985726947902e+00  1.550266239354438e+00 
 2.709915028133916e-07  0.000000000000000e+00  7.734365342349632e-01  5.138259058563217e-01  4.716468863152886e-01  1.199999787897348e+00  1.199980798159743e+00  1.550273336849857e+00 
 2.710296234131295e-07  0.000000000000000e+00  7.734666897303477e-01  5.137454633255354e-01  4.717463184253837e-01  1.199999787694124e+00  1.199979404939018e+00  1.550282047539724e+00 
 2.710726028381529e-07  0.000000000000000e+00  7.734993445719626e-01  5.136553670551596e-01  4.718578032639915e-01  1.199999787607867e+00  1.199979867752684e+00  1.550290398882255e+00 
 2.711207713598642e-07  0.000000000000000e+00  7.735335306950493e-01  5.135552023099702e-01  4.719810477989613e-01  1.199999787592702e+00  1.199980614236596e+00  1.550297862536370e+00 
 2.711743089578839e-07  0.000000000000000e+00  7.735685323420127e-01  5.134449266109221e-01  4.721157484129310e-01  1.199999787600147e+00  1.199981172257267e+00  1.550303852208434e+00 
 2.712355162655742e-07  0.000000000000000e+00  7.736049747769868e-01  5.133202604031417e-01  4.722667876171083e-01  1.199999787605818e+00  1.199981572779615e+00  1.550307918764140e+00 
 2.713070043194029e-07  0.000000000000000e+00  7.736432019848488e-01  5.131765991311409e-01  4.724392044832629e-01  1.199999787606026e+00  1.199981935408816e+00  1.550309341876911e+00 
 2.713936418742932e-07  0.000000000000000e+00  7.736840764648261e-01  5.130053333217693e-01  4.726425111596561e-01  1.199999787603357e+00  1.199982348710146e+00  1.550307098194931e+00 
 2.715023593414327e-07  0.000000000000000e+00  7.737283110099614e-01  5.127948150089690e-01  4.728893223526851e-01  1.199999787600453e+00  1.199982856289893e+00  1.550299675912208e+00 
 2.716464474179668e-07  0.000000000000000e+00  7.737773902028898e-01  5.125232173333678e-01  4.732033678957639e-01  1.199999787598774e+00  1.199983496444126e+00  1.550284829008860e+00 
 2.718464474179668e-07  0.000000000000000e+00  7.738322715382614e-01  5.121597178663880e-01  4.736173685355619e-01  1.199999787597938e+00  1.199984312556753e+00  1.550260046556825e+00 
 2.720464474179669e-07  0.000000000000000e+00  7.738759910568853e-01  5.118111273212691e-01  4.740087792666425e-01  1.199999787597192e+00  1.199985051074406e+00  1.550234679866764e+00 
 2.722464474179669e-07  0.000000000000000e+00  7.739118356842650e-01  5.114765486421213e-01  4.743801976447946e-01  1.199999787596691e+00  1.199985722224879e+00  1.550211504941555e+00 
 2.724464474179669e-07  0.000000000000000e+00  7.739421141631952e-01  5.111550728229309e-01  4.747337892612131e-01  1.199999787596424e+00  1.199986335014167e+00  1.550191866817006e+00 
 2.726464474179669e-07  0.000000000000000e+00  7.739683913030299e-01  5.108458309335850e-01  4.750713376102905e-01  1.199999787596580e+00  1.199986896823564e+00  1.550176109982341e+00 
 2.728464474179669e-07  0.000000000000000e+00  7.739917187967003e-01  5.105480139258102e-01  4.753943277463186e-01  1.199999787596632e+00  1.199987413778388e+00  1.550163999024444e+00 
 2.730464474179669e-07  0.000000000000000e+00  7.740128078571554e-01  5.102608774437869e-01  4.757040166911564e-01  1.199999787596574e+00  1.199987891043338e+00  1.550155025200050e+00 
 2.732464474179669e-07  0.000000000000000e+00  7.740321467452395e-01  5.099837403319527e-01  4.760014845807821e-01  1.199999787596460e+00  1.199988333016534e+00  1.550148598208173e+00 
 2.734464474179670e-07  0.000000000000000e+00  7.740500777264577e-01  5.097159806348568e-01  4.762876708433684e-01  1.199999787596430e+00  1.199988743468445e+00  1.550144151845168e+00 
 2.736464474179670e-07  0.000000000000000e+00  7.740668466787325e-01  5.094570307230432e-01  4.765634003155325e-01  1.199999787596509e+00  1.199989125652463e+00  1.550141193401052e+00 
 2.738464474179670e-07  0.000000000000000e+00  7.740826349424842e-01  5.092063722749941e-01  4.768294027574878e-01  1.199999787596560e+00  1.199989482389512e+00  1.550139319675710e+00 
 2.740464474179670e-07  0.000000000000000e+00  7.740975798346419e-01  5.089635314480689e-01  4.770863279249273e-01  1.199999787596403e+00  1.199989816137335e+00  1.550138214981190e+00 
 2.742464474179670e-07  0.000000000000000e+00  7.741117879787508e-01  5.087280743886077e-01  4.773347575165373e-01  1.199999787596477e+00  1.199990129047363e+00  1.550137640653393e+00 
 2.744464474179670e-07  0.000000000000000e+00  7.741253440867579e-01  5.084996031401637e-01  4.775752148305087e-01  1.199999787596477e+00  1.199990423010079e+00  1.550137421600508e+00 
 2.746464474179670e-07  0.000000000000000e+00  7.741383168490534e-01  5.082777519585115e-01  4.778081726883073e-01  1.199999787596516e+00  1.199990699694665e+00  1.550137432868301e+00 
 2.748464474179671e-07  0.000000000000000e+00  7.741507629678149e-01  5.080621840189876e-01  4.780340600084356e-01  1.199999787596544e+00  1.199990960579713e+00  1.550137587656455e+00 
 2.750464474179671e-07  0.000000000000000e+00  7.741627299807909e-01  5.078525884875070e-01  4.782532673129222e-01  1.199999787596426e+00  1.199991206980076e+00  1.550137827325526e+00 
 2.752464474179671e-07  0.000000000000000e+00  7.741742582828620e-01  5.076486779226217e-01  4.784661513751376e-01  1.199999787596457e+00  1.199991440068052e+00  1.550138113445811e+00 
 2.754464474179671e-07  0.000000000000000e+00  7.741853826038632e-01  5.074501859738525e-01  4.786730391697956e-01  1.199999787596488e+00  1.199991660893158e+00  1.550138421697721e+00 
 2.756464474179671e-07  0.000000000000000e+00  7.741961331104696e-01  5.072568653422578e-01  4.788742312490535e-01  1.199999787596484e+00  1.199991870397716e+00  1.550138737335447e+00 
 2.758464474179671e-07  0.000000000000000e+00  7.742065362421542e-01  5.070684859730743e-01  4.790700046446381e-01  1.199999787596508e+00  1.199992069429580e+00  1.550139051907873e+00 
 2.760464474179672e-07  0.000000000000000e+00  7.742166153557053e-01  5.068848334522212e-01  4.792606153738704e-01  1.199999787596325e+00  1.199992258754082e+00  1.550139360953169e+00 
 2.762464474179672e-07  0.000000000000000e+00  7.742263912289999e-01  5.067057075814385e-01  4.794463006139955e-01  1.199999787596361e+00  1.199992439064105e+00  1.550139662424381e+00 
 2.764464474179672e-07  0.000000000000000e+00  7.742358824601143e-01  5.065309211097599e-01  4.796272805961787e-01  1.199999787596439e+00  1.199992610987408e+00  1.550139955648117e+00 
 2.766464474179672e-07  0.000000000000000e+00  7.742451057873723e-01  5.063602986033836e-01  4.798037602628862e-01  1.199999787596285e+00  1.199992775095913e+00  1.550140240661608e+00 
 2.768464474179672e-07  0.000000000000000e+00  7.742540763486202e-01  5.061936754351278e-01  4.799759307222993e-01  1.199999787596381e+00  1.199992931909406e+00  1.550140517810497e+00 
 2.770464474179672e-07  0.000000000000000e+00  7.742628078937693e-01  5.060308968798636e-01  4.801439705304115e-01  1.199999787596422e+00  1.199993081903397e+00  1.550140787520764e+00 
 2.772464474179672e-07  0.000000000000000e+00  7.742713129606400e-01  5.058718173030953e-01  4.803080468248587e-01  1.199999787596387e+00  1.199993225513297e+00  1.550141050182699e+00 
 2.774464474179673e-07  0.000000000000000e+00  7.742796030219252e-01  5.057162994313950e-01  4.804683163295216e-01  1.199999787596335e+00  1.199993363137356e+00  1.550141306103544e+00 
 2.776464474179673e-07  0.000000000000000e+00  7.742876886089818e-01  5.055642136956412e-01  4.806249262492900e-01  1.199999787596218e+00  1.199993495142105e+00  1.550141555499476e+00 
 2.778464474179673e-07  0.000000000000000e+00  7.742955794171694e-01  5.054154376368776e-01  4.807780150686627e-01  1.199999787596284e+00  1.199993621863972e+00  1.550141798507898e+00 
 2.780464474179673e-07  0.000000000000000e+00  7.743032843959693e-01  5.052698553703505e-01  4.809277132660487e-01  1.199999787596380e+00  1.199993743614062e+00  1.550142035208080e+00 
 2.782464474179673e-07  0.000000000000000e+00  7.743108118267817e-01  5.051273570982360e-01  4.810741439546465e-01  1.199999787596506e+00  1.199993860678832e+00  1.550142265643118e+00 
 2.784464474179673e-07  0.000000000000000e+00  7.743181693904371e-01  5.049878386685944e-01  4.812174234587802e-01  1.199999787596506e+00  1.199993973323306e+00  1.550142489839555e+00 
 2.786464474179673e-07  0.000000000000000e+00  7.743253642260953e-01  5.048512011735654e-01  4.813576618342470e-01  1.199999787596506e+00  1.199994081793215e+00  1.550142707823042e+00 
 2.788464474179674e-07  0.000000000000000e+00  7.743324029829810e-01  5.047173505825144e-01  4.814949633376535e-01  1.199999787596409e+00  1.199994186315561e+00  1.550142919629582e+00 
 2.790464474179674e-07  0.000000000000000e+00  7.743392918659080e-01  5.045861974085534e-01  4.816294268526470e-01  1.199999787596483e+00  1.199994287102548e+00  1.550143125312750e+00 
 2.792464474179674e-07  0.000000000000000e+00  7.743460366755827e-01  5.044576564021214e-01  4.817611462757537e-01  1.199999787596435e+00  1.199994384350118e+00  1.550143324947495e+00 
 2.794464474179674e-07  0.000000000000000e+00  7.743526428444608e-01  5.043316462713795e-01  4.818902108680429e-01  1.199999787596495e+00  1.199994478241800e+00  1.550143518631319e+00 
 2.796464474179674e-07  0.000000000000000e+00  7.743591154685382e-01  5.042080894255940e-01  4.820167055750643e-01  1.199999787596330e+00  1.199994568947473e+00  1.550143706483484e+00 
 2.798464474179674e-07  0.000000000000000e+00  7.743654593358825e-01  5.040869117390555e-01  4.821407113193450e-01  1.199999787596485e+00  1.199994656627118e+00  1.550143888643005e+00 
 2.800464474179675e-07  0.000000000000000e+00  7.743716789521440e-01  5.039680423343306e-01  4.822623052676204e-01  1.199999787596501e+00  1.199994741429149e+00  1.550144065265832e+00 
 2.802464474179675e-07  0.000000000000000e+00  7.743777785633671e-01  5.038514133823971e-01  4.823815610751075e-01  1.199999787596453e+00  1.199994823492902e+00  1.550144236521750e+00 
 2.804464474179675e-07  0.000000000000000e+00  7.743837621766729e-01  5.037369599183537e-01  4.824985491109006e-01  1.199999787596459e+00  1.199994902948707e+00  1.550144402591177e+00 
 2.806464474179675e-07  0.000000000000000e+00  7.743896335787798e-01  5.036246196715493e-01  4.826133366638484e-01  1.199999787596506e+00  1.199994979918809e+00  1.550144563662128e+00 
 2.808464474179675e-07  0.000000000000000e+00  7.743953963528180e-01  5.035143329081700e-01  4.827259881320477e-01  1.199999787596457e+00  1.199995054518038e+00  1.550144719927399e+00 
 2.810464474179675e-07  0.000000000000000e+00  7.744010538935383e-01  5.034060422858744e-01  4.828365651981009e-01  1.199999787596512e+00  1.199995126854067e+00  1.550144871582193e+00 
 2.812464474179675e-07  0.000000000000000e+00  7.744066094210225e-01  5.032996927192107e-01  4.829451269902771e-01  1.199999787596581e+00  1.199995197028061e+00  1.550145018821961e+00 
 2.814464474179676e-07  0.000000000000000e+00  7.744120659932483e-01  5.031952312540720e-01  4.830517302316984e-01  1.199999787596566e+00  1.199995265135916e+00  1.550145161840779e+00 
 2.816464474179676e-07  0.000000000000000e+00  7.744174265175029e-01  5.030926069522512e-01  4.831564293775940e-01  1.199999787596488e+00  1.199995331266802e+00  1.550145300829884e+00 
 2.818464474179676e-07  0.000000000000000e+00  7.744226937607500e-01  5.029917707828090e-01  4.832592767440950e-01  1.199999787596433e+00  1.199995395506040e+00  1.550145435976600e+00 
 2.820464474179676e-07  0.000000000000000e+00  7.744278703591648e-01  5.028926755226560e-01  4.833603226249593e-01  1.199999787596433e+00  1.199995457933351e+00  1.550145567463489e+00 
 2.822464474179676e-07  0.000000000000000e+00  7.744329588267364e-01  5.027952756624653e-01  4.834596154026338e-01  1.199999787596408e+00  1.199995518624122e+00  1.550145695467798e+00 
 2.824464474179676e-07  0.000000000000000e+00  7.744379615632654e-01  5.026995273202315e-01  4.835572016498417e-01  1.199999787596465e+00  1.199995577650092e+00  1.550145820160981e+00 
 2.826464474179676e-07  0.000000000000000e+00  7.744428808617376e-01  5.026053881593081e-01  4.836531262242390e-01  1.199999787596527e+00  1.199995635078588e+00  1.550145941708418e+00 
 2.828464474179677e-07  0.000000000000000e+00  7.744477189149509e-01  5.025128173128747e-01  4.837474323570791e-01  1.199999787596510e+00  1.199995690973067e+00  1.550146060269255e+00 
 2.830464474179677e-07  0.000000000000000e+00  7.744524778217104e-01  5.024217753126704e-01  4.838401617353615e-01  1.199999787596527e+00  1.199995745394870e+00  1.550146175996382e+00 
 2.832464474179677e-07  0.000000000000000e+00  7.744571595925795e-01  5.023322240236613e-01  4.839313545786268e-01  1.199999787596457e+00  1.199995798400908e+00  1.550146289036356e+00 
 2.834464474179677e-07  0.000000000000000e+00  7.744617661550882e-01  5.022441265805074e-01  4.840210497109386e-01  1.199999787596399e+00  1.199995850045836e+00  1.550146399529500e+00 
 2.836464474179677e-07  0.000000000000000e+00  7.744662993586151e-01  5.021574473309069e-01  4.841092846277678e-01  1.199999787596544e+00  1.199995900381291e+00  1.550146507609978e+00 
 2.838464474179677e-07  0.000000000000000e+00  7.744707609788741e-01  5.020721517794715e-01  4.841960955588648e-01  1.199999787596547e+00  1.199995949456060e+00  1.550146613405921e+00 
 2.840464474179678e-07  0.000000000000000e+00  7.744751527221313e-01  5.019882065375211e-01  4.842815175269181e-01  1.199999787596497e+00  1.199995997317979e+00  1.550146717039541e+00 
 2.842464474179678e-07  0.000000000000000e+00  7.744794762290483e-01  5.019055792744079e-01  4.843655844028692e-01  1.199999787596536e+00  1.199996044010085e+00  1.550146818627298e+00 
 2.844464474179678e-07  0.000000000000000e+00  7.744837330782787e-01  5.018242386723948e-01  4.844483289573790e-01  1.199999787596467e+00  1.199996089575349e+00  1.550146918280062e+00 
 2.846464474179678e-07  0.000000000000000e+00  7.744879247898059e-01  5.017441543838905e-01  4.845297829095392e-01  1.199999787596445e+00  1.199996134053928e+00  1.550147016103259e+00 
 2.848464474179678e-07  0.000000000000000e+00  7.744920528280813e-01  5.016652969907697e-01  4.846099769729781e-01  1.199999787596503e+00  1.199996177484323e+00  1.550147112197030e+00 
 2.850464474179678e-07  0.000000000000000e+00  7.744961186049312e-01  5.015876379677094e-01  4.846889408977862e-01  1.199999787596468e+00  1.199996219903100e+00  1.550147206656397e+00 
 2.852464474179678e-07  0.000000000000000e+00  7.745001234822405e-01  5.015111496450319e-01  4.847667035122920e-01  1.199999787596407e+00  1.199996261344832e+00  1.550147299571466e+00 
 2.854464474179679e-07  0.000000000000000e+00  7.745040687744960e-01  5.014358051754020e-01  4.848432927604284e-01  1.199999787596407e+00  1.199996301843284e+00  1.550147391027562e+00 
 2.856464474179679e-07  0.000000000000000e+00  7.745079557511766e-01  5.013615785021726e-01  4.849187357380585e-01  1.199999787596403e+00  1.199996341429987e+00  1.550147481105383e+00 
 2.858464474179679e-07  0.000000000000000e+00  7.745117856389546e-01  5.012884443283959e-01  4.849930587267891e-01  1.199999787596381e+00  1.199996380135770e+00  1.550147569881201e+00 
 2.860464474179679e-07  0.000000000000000e+00  7.745155596237597e-01  5.012163780888970e-01  4.850662872264931e-01  1.199999787596436e+00  1.199996417988979e+00  1.550147657426993e+00 
 2.862464474179679e-07  0.000000000000000e+00  7.745192788526997e-01  5.011453559227519e-01  4.851384459853956e-01  1.199999787596538e+00  1.199996455017905e+00  1.550147743810617e+00 
 2.864464474179679e-07  0.000000000000000e+00  7.745229444359838e-01  5.010753546472900e-01  4.852095590290992e-01  1.199999787596387e+00  1.199996491249113e+00  1.550147829096000e+00 
 2.866464474179679e-07  0.000000000000000e+00  7.745265574485185e-01  5.010063517335845e-01  4.852796496878075e-01  1.199999787596513e+00  1.199996526707990e+00  1.550147913343251e+00 
 2.868464474179680e-07  0.000000000000000e+00  7.745301189316336e-01  5.009383252840039e-01  4.853487406221570e-01  1.199999787596523e+00  1.199996561419227e+00  1.550147996608862e+00 
 2.870464474179680e-07  0.000000000000000e+00  7.745336298945091e-01  5.008712540086444e-01  4.854168538481633e-01  1.199999787596524e+00  1.199996595405632e+00  1.550148078945840e+00 
 2.872464474179680e-07  0.000000000000000e+00  7.745370913156505e-01  5.008051172052782e-01  4.854840107605478e-01  1.199999787596515e+00  1.199996628690302e+00  1.550148160403893e+00 
 2.874464474179680e-07  0.000000000000000e+00  7.745405041441996e-01  5.007398947389372e-01  4.855502321542490e-01  1.199999787596489e+00  1.199996661294380e+00  1.550148241029550e+00 
 2.876464474179680e-07  0.000000000000000e+00  7.745438693012926e-01  5.006755670226768e-01  4.856155382465285e-01  1.199999787596453e+00  1.199996693238359e+00  1.550148320866351e+00 
 2.878464474179680e-07  0.000000000000000e+00  7.745471876811477e-01  5.006121149991182e-01  4.856799486968022e-01  1.199999787596483e+00  1.199996724542176e+00  1.550148399954961e+00 
 2.880464474179681e-07  0.000000000000000e+00  7.745504601522929e-01  5.005495201234091e-01  4.857434826253338e-01  1.199999787596337e+00  1.199996755225117e+00  1.550148478333345e+00 
 2.882464474179681e-07  0.000000000000000e+00  7.745536875585627e-01  5.004877643460263e-01  4.858061586322377e-01  1.199999787596376e+00  1.199996785305294e+00  1.550148556036897e+00 
 2.884464474179681e-07  0.000000000000000e+00  7.745568707201080e-01  5.004268300970914e-01  4.858679948145861e-01  1.199999787596460e+00  1.199996814800253e+00  1.550148633098578e+00 
 2.886464474179681e-07  0.000000000000000e+00  7.745600104344359e-01  5.003667002708385e-01  4.859290087836382e-01  1.199999787596460e+00  1.199996843726800e+00  1.550148709549064e+00 
 2.888464474179681e-07  0.000000000000000e+00  7.745631074772590e-01  5.003073582112281e-01  4.859892176798341e-01  1.199999787596468e+00  1.199996872100807e+00  1.550148785416872e+00 
 2.890464474179681e-07  0.000000000000000e+00  7.745661626033727e-01  5.002487876974883e-01  4.860486381891700e-01  1.199999787596475e+00  1.199996899939016e+00  1.550148860728497e+00 
 2.892464474179681e-07  0.000000000000000e+00  7.745691765474386e-01  5.001909729310948e-01  4.861072865569215e-01  1.199999787596392e+00  1.199996927255681e+00  1.550148935508532e+00 
 2.894464474179682e-07  0.000000000000000e+00  7.745721500248034e-01  5.001338985224522e-01  4.861651786023608e-01  1.199999787596449e+00  1.199996954065631e+00  1.550149009779770e+00 
 2.896464474179682e-07  0.000000000000000e+00  7.745750837322100e-01  5.000775494784897e-01  4.862223297319721e-01  1.199999787596446e+00  1.199996980382511e+00  1.550149083563329e+00 
 2.898464474179682e-07  0.000000000000000e+00  7.745779783485248e-01  5.000219111905994e-01  4.862787549520057e-01  1.199999787596434e+00  1.199997006219576e+00  1.550149156878760e+00 
 2.900464474179682e-07  0.000000000000000e+00  7.745808345353542e-01  4.999669694236069e-01  4.863344688811866e-01  1.199999787596381e+00  1.199997031590510e+00  1.550149229744179e+00 
 2.902464474179682e-07  0.000000000000000e+00  7.745836529377078e-01  4.999127103041810e-01  4.863894857624886e-01  1.199999787596517e+00  1.199997056507381e+00  1.550149302176321e+00 
 2.904464474179682e-07  0.000000000000000e+00  7.745864341846436e-01  4.998591203106150e-01  4.864438194746660e-01  1.199999787596520e+00  1.199997080982427e+00  1.550149374190642e+00 
 2.906464474179682e-07  0.000000000000000e+00  7.745891788897419e-01  4.998061862619121e-01  4.864974835429285e-01  1.199999787596505e+00  1.199997105027123e+00  1.550149445801434e+00 
 2.908464474179683e-07  0.000000000000000e+00  7.745918876517179e-01  4.997538953085303e-01  4.865504911498896e-01  1.199999787596473e+00  1.199997128652586e+00  1.550149517021896e+00 
 2.910464474179683e-07  0.000000000000000e+00  7.745945610549518e-01  4.997022349223411e-01  4.866028551456643e-01  1.199999787596431e+00  1.199997151869914e+00  1.550149587864184e+00 
 2.912464474179683e-07  0.000000000000000e+00  7.745971996699229e-01  4.996511928879231e-01  4.866545880574165e-01  1.199999787596452e+00  1.199997174689929e+00  1.550149658339527e+00 
 2.914464474179683e-07  0.000000000000000e+00  7.745998040537778e-01  4.996007572935001e-01  4.867057020989404e-01  1.199999787596524e+00  1.199997197122019e+00  1.550149728458273e+00 
 2.916464474179683e-07  0.000000000000000e+00  7.746023747506832e-01  4.995509165219159e-01  4.867562091800010e-01  1.199999787596526e+00  1.199997219176362e+00  1.550149798229972e+00 
 2.918464474179683e-07  0.000000000000000e+00  7.746049122923424e-01  4.995016592423169e-01  4.868061209143316e-01  1.199999787596520e+00  1.199997240862397e+00  1.550149867663405e+00 
 2.920464474179684e-07  0.000000000000000e+00  7.746074171983885e-01  4.994529744031871e-01  4.868554486291563e-01  1.199999787596501e+00  1.199997262189047e+00  1.550149936766644e+00 
 2.922464474179684e-07  0.000000000000000e+00  7.746098899767099e-01  4.994048512232666e-01  4.869042033724176e-01  1.199999787596436e+00  1.199997283165394e+00  1.550150005547128e+00 
 2.924464474179684e-07  0.000000000000000e+00  7.746123311239091e-01  4.993572791850611e-01  4.869523959211129e-01  1.199999787596354e+00  1.199997303799786e+00  1.550150074011690e+00 
 2.926464474179684e-07  0.000000000000000e+00  7.746147411256659e-01  4.993102480268186e-01  4.870000367890903e-01  1.199999787596435e+00  1.199997324100917e+00  1.550150142166600e+00 
 2.928464474179684e-07  0.000000000000000e+00  7.746171204570816e-01  4.992637477357411e-01  4.870471362342034e-01  1.199999787596472e+00  1.199997344076297e+00  1.550150210017608e+00 
 2.930464474179684e-07  0.000000000000000e+00  7.746194695829045e-01  4.992177685416560e-01  4.870937042651026e-01  1.199999787596510e+00  1.199997363733862e+00  1.550150277569984e+00 
 2.932464474179684e-07  0.000000000000000e+00  7.746217889579897e-01  4.991723009097722e-01  4.871397506488743e-01  1.199999787596438e+00  1.199997383081326e+00  1.550150344828537e+00 
 2.934464474179685e-07  0.000000000000000e+00  7.746240790275708e-01  4.991273355343746e-01  4.871852849167448e-01  1.199999787596470e+00  1.199997402125853e+00  1.550150411797638e+00 
 2.936464474179685e-07  0.000000000000000e+00  7.746263402274763e-01  4.990828633328843e-01  4.872303163716116e-01  1.199999787596492e+00  1.199997420874326e+00  1.550150478481294e+00 
 2.938464474179685e-07  0.000000000000000e+00  7.746285729845164e-01  4.990388754400767e-01  4.872748540935330e-01  1.199999787596422e+00  1.199997439333864e+00  1.550150544883127e+00 
 2.940464474179685e-07  0.000000000000000e+00  7.746307777166854e-01  4.989953632014780e-01  4.873189069458176e-01  1.199999787596319e+00  1.199997457510758e+00  1.550150611006382e+00 
 2.942464474179685e-07  0.000000000000000e+00  7.746329548334370e-01  4.989523181681483e-01  4.873624835814139e-01  1.199999787596455e+00  1.199997475411822e+00  1.550150676853993e+00 
 2.944464474179685e-07  0.000000000000000e+00  7.746351047359411e-01  4.989097320910316e-01  4.874055924478991e-01  1.199999787596492e+00  1.199997493043008e+00  1.550150742428551e+00 
 2.946464474179686e-07  0.000000000000000e+00  7.746372278173286e-01  4.988675969162688e-01  4.874482417934627e-01  1.199999787596417e+00  1.199997510410402e+00  1.550150807732337e+00 
 2.948464474179686e-07  0.000000000000000e+00  7.746393244629078e-01  4.988259047796970e-01  4.874904396721385e-01  1.199999787596300e+00  1.199997527519700e+00  1.550150872767357e+00 
 2.950464474179686e-07  0.000000000000000e+00  7.746413950503662e-01  4.987846480011616e-01  4.875321939485253e-01  1.199999787596408e+00  1.199997544377050e+00  1.550150937535334e+00 
 2.952464474179686e-07  0.000000000000000e+00  7.746434399500342e-01  4.987438190805277e-01  4.875735123036616e-01  1.199999787596501e+00  1.199997560987879e+00  1.550151002037738e+00 
 2.954464474179686e-07  0.000000000000000e+00  7.746454595250718e-01  4.987034106926215e-01  4.876144022392684e-01  1.199999787596564e+00  1.199997577357144e+00  1.550151066275727e+00 
 2.956464474179686e-07  0.000000000000000e+00  7.746474541316157e-01  4.986634156822669e-01  4.876548710826654e-01  1.199999787596514e+00  1.199997593490570e+00  1.550151130250242e+00 
 2.958464474179686e-07  0.000000000000000e+00  7.746494241190348e-01  4.986238270605500e-01  4.876949259911617e-01  1.199999787596432e+00  1.199997609393096e+00  1.550151193961961e+00 
 2.960464474179687e-07  0.000000000000000e+00  7.746513698301301e-01  4.985846380001588e-01  4.877345739569848e-01  1.199999787596405e+00  1.199997625069263e+00  1.550151257411302e+00 
 2.962464474179687e-07  0.000000000000000e+00  7.746532916012140e-01  4.985458418307265e-01  4.877738218111045e-01  1.199999787596469e+00  1.199997640524226e+00  1.550151320598461e+00 
 2.964464474179687e-07  0.000000000000000e+00  7.746551897623662e-01  4.985074320357168e-01  4.878126762278436e-01  1.199999787596461e+00  1.199997655762360e+00  1.550151383523400e+00 
 2.966464474179687e-07  0.000000000000000e+00  7.746570646375583e-01  4.984694022474117e-01  4.878511437284420e-01  1.199999787596549e+00  1.199997670788409e+00  1.550151446185827e+00 
 2.968464474179687e-07  0.000000000000000e+00  7.746589165448446e-01  4.984317462440098e-01  4.878892306854365e-01  1.199999787596476e+00  1.199997685607115e+00  1.550151508585242e+00 
 2.970464474179687e-07  0.000000000000000e+00  7.746607457964836e-01  4.983944579448797e-01  4.879269433262696e-01  1.199999787596456e+00  1.199997700221769e+00  1.550151570720920e+00 
 2.972464474179687e-07  0.000000000000000e+00  7.746625526990951e-01  4.983575314078049e-01  4.879642877373123e-01  1.199999787596437e+00  1.199997714637417e+00  1.550151632591925e+00 
 2.974464474179688e-07  0.000000000000000e+00  7.746643375537948e-01  4.983209608245951e-01  4.880012698672645e-01  1.199999787596409e+00  1.199997728857582e+00  1.550151694197098e+00 
 2.976464474179688e-07  0.000000000000000e+00  7.746661006563605e-01  4.982847405183525e-01  4.880378955308266e-01  1.199999787596380e+00  1.199997742886870e+00  1.550151755535053e+00 
 2.978464474179688e-07  0.000000000000000e+00  7.746678422973264e-01  4.982488649395470e-01  4.880741704120824e-01  1.199999787596518e+00  1.199997756728264e+00  1.550151816604207e+00 
 2.980464474179688e-07  0.000000000000000e+00  7.746695627621569e-01  4.982133286635106e-01  4.881101000676757e-01  1.199999787596549e+00  1.199997770386027e+00  1.550151877402786e+00 
 2.982464474179688e-07  0.000000000000000e+00  7.746712623313393e-01  4.981781263860497e-01  4.881456899302235e-01  1.199999787596368e+00  1.199997783863614e+00  1.550151937928778e+00 
 2.984464474179688e-07  0.000000000000000e+00  7.746729412804960e-01  4.981432529216722e-01  4.881809453115691e-01  1.199999787596365e+00  1.199997797164442e+00  1.550151998180004e+00 
 2.986464474179689e-07  0.000000000000000e+00  7.746745998805107e-01  4.981087031996765e-01  4.882158714057675e-01  1.199999787596281e+00  1.199997810292700e+00  1.550152058154097e+00 
 2.988464474179689e-07  0.000000000000000e+00  7.746762383976413e-01  4.980744722615005e-01  4.882504732919975e-01  1.199999787596451e+00  1.199997823250573e+00  1.550152117848473e+00 
 2.990464474179689e-07  0.000000000000000e+00  7.746778570936506e-01  4.980405552576779e-01  4.882847559375485e-01  1.199999787596547e+00  1.199997836042195e+00  1.550152177260409e+00 
 2.992464474179689e-07  0.000000000000000e+00  7.746794562258927e-01  4.980069474457047e-01  4.883187242003131e-01  1.199999787596457e+00  1.199997848670395e+00  1.550152236386976e+00 
 2.994464474179689e-07  0.000000000000000e+00  7.746810360473987e-01  4.979736441866738e-01  4.883523828322701e-01  1.199999787596395e+00  1.199997861138155e+00  1.550152295225095e+00 
 2.996464474179689e-07  0.000000000000000e+00  7.746825968070189e-01  4.979406409428873e-01  4.883857364816249e-01  1.199999787596445e+00  1.199997873449230e+00  1.550152353771522e+00 
 2.998464474179689e-07  0.000000000000000e+00  7.746841387494502e-01  4.979079332750913e-01  4.884187896953642e-01  1.199999787596522e+00  1.199997885605499e+00  1.550152412022862e+00 
 3.000464474179690e-07  0.000000000000000e+00  7.746856621154018e-01  4.978755168402201e-01  4.884515469221742e-01  1.199999787596536e+00  1.199997897610548e+00  1.550152469975569e+00 
 3.002464474179690e-07  0.000000000000000e+00  7.746871671416481e-01  4.978433873893803e-01  4.884840125143591e-01  1.199999787596556e+00  1.199997909466942e+00  1.550152527625953e+00 
 3.004464474179690e-07  0.000000000000000e+00  7.746886540610938e-01  4.978115407644394e-01  4.885161907310132e-01  1.199999787596456e+00  1.199997921177572e+00  1.550152584970204e+00 
 3.006464474179690e-07  0.000000000000000e+00  7.746901231029183e-01  4.977799728965470e-01  4.885480857396084e-01  1.199999787596385e+00  1.199997932745169e+00  1.550152642004397e+00 
 3.008464474179690e-07  0.000000000000000e+00  7.746915744926368e-01  4.977486798037370e-01  4.885797016186266e-01  1.199999787596499e+00  1.199997944172238e+00  1.550152698724487e+00 
 3.010464474179690e-07  0.000000000000000e+00  7.746930084521461e-01  4.977176575886580e-01  4.886110423600766e-01  1.199999787596403e+00  1.199997955461075e+00  1.550152755126347e+00 
 3.012464474179690e-07  0.000000000000000e+00  7.746944251998152e-01  4.976869024369713e-01  4.886421118707484e-01  1.199999787596447e+00  1.199997966614622e+00  1.550152811205754e+00 
 3.014464474179691e-07  0.000000000000000e+00  7.746958249505875e-01  4.976564106139054e-01  4.886729139752189e-01  1.199999787596425e+00  1.199997977635129e+00  1.550152866958392e+00 
 3.016464474179691e-07  0.000000000000000e+00  7.746972079159981e-01  4.976261784636949e-01  4.887034524174678e-01  1.199999787596370e+00  1.199997988524480e+00  1.550152922379886e+00 
 3.018464474179691e-07  0.000000000000000e+00  7.746985743043551e-01  4.975962024070171e-01  4.887337308631495e-01  1.199999787596358e+00  1.199997999285749e+00  1.550152977465806e+00 
 3.020464474179691e-07  0.000000000000000e+00  7.746999243206796e-01  4.975664789392918e-01  4.887637529009148e-01  1.199999787596364e+00  1.199998009920597e+00  1.550153032211671e+00 
 3.022464474179691e-07  0.000000000000000e+00  7.747012581668571e-01  4.975370046288042e-01  4.887935220452029e-01  1.199999787596281e+00  1.199998020431702e+00  1.550153086612967e+00 
 3.024464474179691e-07  0.000000000000000e+00  7.747025760416419e-01  4.975077761143126e-01  4.888230417371635e-01  1.199999787596339e+00  1.199998030820834e+00  1.550153140665155e+00 
 3.026464474179692e-07  0.000000000000000e+00  7.747038781407941e-01  4.974787901040337e-01  4.888523153473921e-01  1.199999787596439e+00  1.199998041090380e+00  1.550153194363678e+00 
 3.028464474179692e-07  0.000000000000000e+00  7.747051646570894e-01  4.974500433737998e-01  4.888813461766840e-01  1.199999787596389e+00  1.199998051242253e+00  1.550153247703994e+00 
 3.030464474179692e-07  0.000000000000000e+00  7.747064357803721e-01  4.974215327648224e-01  4.889101374585871e-01  1.199999787596415e+00  1.199998061278347e+00  1.550153300681553e+00 
 3.032464474179692e-07  0.000000000000000e+00  7.747076916976424e-01  4.973932551832333e-01  4.889386923605303e-01  1.199999787596441e+00  1.199998071200844e+00  1.550153353291837e+00 
 3.034464474179692e-07  0.000000000000000e+00  7.747089325931010e-01  4.973652075972469e-01  4.889670139855919e-01  1.199999787596384e+00  1.199998081011888e+00  1.550153405530349e+00 
 3.036464474179692e-07  0.000000000000000e+00  7.747101586482017e-01  4.973373870366389e-01  4.889951053742828e-01  1.199999787596373e+00  1.199998090712568e+00  1.550153457392647e+00 
 3.038464474179692e-07  0.000000000000000e+00  7.747113700417244e-01  4.973097905900676e-01  4.890229695055097e-01  1.199999787596359e+00  1.199998100305615e+00  1.550153508874345e+00 
 3.040464474179693e-07  0.000000000000000e+00  7.747125669497922e-01  4.972824154049231e-01  4.890506092986593e-01  1.199999787596359e+00  1.199998109791907e+00  1.550153559971119e+00 
 3.042464474179693e-07  0.000000000000000e+00  7.747137495459652e-01  4.972552586851297e-01  4.890780276147059e-01  1.199999787596354e+00  1.199998119173829e+00  1.550153610678714e+00 
 3.044464474179693e-07  0.000000000000000e+00  7.747149180012282e-01  4.972283176896855e-01  4.891052272580478e-01  1.199999787596364e+00  1.199998128453047e+00  1.550153660992978e+00 
 3.046464474179693e-07  0.000000000000000e+00  7.747160724841331e-01  4.972015897319693e-01  4.891322109773982e-01  1.199999787596270e+00  1.199998137631054e+00  1.550153710909860e+00 
 3.048464474179693e-07  0.000000000000000e+00  7.747172131607691e-01  4.971750721779818e-01  4.891589814672238e-01  1.199999787596418e+00  1.199998146709600e+00  1.550153760425384e+00 
 3.050464474179693e-07  0.000000000000000e+00  7.747183401948233e-01  4.971487624449663e-01  4.891855413690430e-01  1.199999787596455e+00  1.199998155690424e+00  1.550153809535722e+00 
 3.052464474179693e-07  0.000000000000000e+00  7.747194537476532e-01  4.971226580004613e-01  4.892118932728994e-01  1.199999787596287e+00  1.199998164574731e+00  1.550153858237158e+00 
 3.054464474179694e-07  0.000000000000000e+00  7.747205539783224e-01  4.970967563604012e-01  4.892380397187845e-01  1.199999787596412e+00  1.199998173364466e+00  1.550153906526109e+00 
 3.056464474179694e-07  0.000000000000000e+00  7.747216410435854e-01  4.970710550892092e-01  4.892639831973620e-01  1.199999787596464e+00  1.199998182061040e+00  1.550153954399137e+00 
 3.058464474179694e-07  0.000000000000000e+00  7.747227150980386e-01  4.970455517976450e-01  4.892897261510866e-01  1.199999787596506e+00  1.199998190665846e+00  1.550154001852963e+00 
 3.060464474179694e-07  0.000000000000000e+00  7.747237762940720e-01  4.970202441415919e-01  4.893152709760177e-01  1.199999787596473e+00  1.199998199180224e+00  1.550154048884455e+00 
 3.062464474179694e-07  0.000000000000000e+00  7.747248247819181e-01  4.969951298218440e-01  4.893406200225437e-01  1.199999787596429e+00  1.199998207605595e+00  1.550154095490632e+00 
 3.064464474179694e-07  0.000000000000000e+00  7.747258607097499e-01  4.969702065819830e-01  4.893657755961351e-01  1.199999787596453e+00  1.199998215943493e+00  1.550154141668716e+00 
 3.066464474179695e-07  0.000000000000000e+00  7.747268842236259e-01  4.969454722086536e-01  4.893907399589156e-01  1.199999787596504e+00  1.199998224195315e+00  1.550154187416064e+00 
 3.068464474179695e-07  0.000000000000000e+00  7.747278954676454e-01  4.969209245290265e-01  4.894155153305813e-01  1.199999787596469e+00  1.199998232362187e+00  1.550154232730251e+00 
 3.070464474179695e-07  0.000000000000000e+00  7.747288945838894e-01  4.968965614108125e-01  4.894401038891092e-01  1.199999787596501e+00  1.199998240445469e+00  1.550154277609024e+00 
 3.072464474179695e-07  0.000000000000000e+00  7.747298817124761e-01  4.968723807610680e-01  4.894645077725814e-01  1.199999787596456e+00  1.199998248446574e+00  1.550154322050318e+00 
 3.074464474179695e-07  0.000000000000000e+00  7.747308569916622e-01  4.968483805251282e-01  4.894887290790178e-01  1.199999787596361e+00  1.199998256366817e+00  1.550154366052271e+00 
 3.076464474179695e-07  0.000000000000000e+00  7.747318205577706e-01  4.968245586860464e-01  4.895127698677074e-01  1.199999787596449e+00  1.199998264206600e+00  1.550154409613193e+00 
 3.078464474179695e-07  0.000000000000000e+00  7.747327725452908e-01  4.968009132633514e-01  4.895366321606585e-01  1.199999787596500e+00  1.199998271968021e+00  1.550154452731621e+00 
 3.080464474179696e-07  0.000000000000000e+00  7.747337130868975e-01  4.967774423125205e-01  4.895603179430841e-01  1.199999787596478e+00  1.199998279652541e+00  1.550154495406291e+00 
 3.082464474179696e-07  0.000000000000000e+00  7.747346423134859e-01  4.967541439236016e-01  4.895838291641147e-01  1.199999787596431e+00  1.199998287260523e+00  1.550154537636125e+00 
 3.084464474179696e-07  0.000000000000000e+00  7.747355603541944e-01  4.967310162209369e-01  4.896071677378153e-01  1.199999787596448e+00  1.199998294793169e+00  1.550154579420274e+00 
 3.086464474179696e-07  0.000000000000000e+00  7.747364673364162e-01  4.967080573619356e-01  4.896303355440196e-01  1.199999787596283e+00  1.199998302251902e+00  1.550154620758077e+00 
 3.088464474179696e-07  0.000000000000000e+00  7.747373633858838e-01  4.966852655366835e-01  4.896533344288867e-01  1.199999787596401e+00  1.199998309637709e+00  1.550154661649078e+00 
 3.090464474179696e-07  0.000000000000000e+00  7.747382486266782e-01  4.966626389669611e-01  4.896761662059429e-01  1.199999787596429e+00  1.199998316951493e+00  1.550154702093016e+00 
 3.092464474179696e-07  0.000000000000000e+00  7.747391231811998e-01  4.966401759059786e-01  4.896988326570427e-01  1.199999787596450e+00  1.199998324194677e+00  1.550154742089846e+00 
 3.094464474179697e-07  0.000000000000000e+00  7.747399871702724e-01  4.966178746366239e-01  4.897213355328409e-01  1.199999787596489e+00  1.199998331367903e+00  1.550154781639742e+00 
 3.096464474179697e-07  0.000000000000000e+00  7.747408407131354e-01  4.965957334714958e-01  4.897436765533492e-01  1.199999787596456e+00  1.199998338472093e+00  1.550154820743057e+00 
 3.098464474179697e-07  0.000000000000000e+00  7.747416839274613e-01  4.965737507523729e-01  4.897658574088478e-01  1.199999787596358e+00  1.199998345508796e+00  1.550154859400343e+00 
 3.100464474179697e-07  0.000000000000000e+00  7.747425169294057e-01  4.965519248488985e-01  4.897878797606817e-01  1.199999787596436e+00  1.199998352478547e+00  1.550154897612379e+00 
 3.102464474179697e-07  0.000000000000000e+00  7.747433398336325e-01  4.965302541584258e-01  4.898097452416020e-01  1.199999787596469e+00  1.199998359382094e+00  1.550154935380072e+00 
 3.104464474179697e-07  0.000000000000000e+00  7.747441527532943e-01  4.965087371056709e-01  4.898314554567396e-01  1.199999787596407e+00  1.199998366220821e+00  1.550154972704578e+00 
 3.106464474179698e-07  0.000000000000000e+00  7.747449558001280e-01  4.964873721411566e-01  4.898530119841581e-01  1.199999787596418e+00  1.199998372995595e+00  1.550155009587217e+00 
 3.108464474179698e-07  0.000000000000000e+00  7.747457490844570e-01  4.964661577414303e-01  4.898744163752244e-01  1.199999787596421e+00  1.199998379707273e+00  1.550155046029477e+00 
 3.110464474179698e-07  0.000000000000000e+00  7.747465327151520e-01  4.964450924078799e-01  4.898956701557391e-01  1.199999787596338e+00  1.199998386356322e+00  1.550155082033032e+00 
 3.112464474179698e-07  0.000000000000000e+00  7.747473067997447e-01  4.964241746669615e-01  4.899167748258237e-01  1.199999787596305e+00  1.199998392943938e+00  1.550155117599735e+00 
 3.114464474179698e-07  0.000000000000000e+00  7.747480714443729e-01  4.964034030687949e-01  4.899377318610711e-01  1.199999787596476e+00  1.199998399471273e+00  1.550155152731590e+00 
 3.116464474179698e-07  0.000000000000000e+00  7.747488267538349e-01  4.963827761871459e-01  4.899585427128056e-01  1.199999787596436e+00  1.199998405938715e+00  1.550155187430785e+00 
 3.118464474179698e-07  0.000000000000000e+00  7.747495728316613e-01  4.963622926184657e-01  4.899792088090761e-01  1.199999787596450e+00  1.199998412347067e+00  1.550155221699649e+00 
 3.120464474179699e-07  0.000000000000000e+00  7.747503097800358e-01  4.963419509820578e-01  4.899997315543934e-01  1.199999787596372e+00  1.199998418697332e+00  1.550155255540667e+00 
 3.122464474179699e-07  0.000000000000000e+00  7.747510376998878e-01  4.963217499191930e-01  4.900201123309988e-01  1.199999787596438e+00  1.199998424990284e+00  1.550155288956462e+00 
 3.124464474179699e-07  0.000000000000000e+00  7.747517566909173e-01  4.963016880922123e-01  4.900403524990266e-01  1.199999787596371e+00  1.199998431226513e+00  1.550155321949805e+00 
 3.126464474179699e-07  0.000000000000000e+00  7.747524668515624e-01  4.962817641842960e-01  4.900604533969884e-01  1.199999787596433e+00  1.199998437407126e+00  1.550155354523581e+00 
 3.128464474179699e-07  0.000000000000000e+00  7.747531682790600e-01  4.962619768997011e-01  4.900804163423401e-01  1.199999787596361e+00  1.199998443532635e+00  1.550155386680812e+00 
 3.130464474179699e-07  0.000000000000000e+00  7.747538610694347e-01  4.962423249625292e-01  4.901002426316121e-01  1.199999787596438e+00  1.199998449603764e+00  1.550155418424632e+00 
 3.132464474179699e-07  0.000000000000000e+00  7.747545453175405e-01  4.962228071162559e-01  4.901199335416918e-01  1.199999787596458e+00  1.199998455621121e+00  1.550155449758297e+00 
 3.134464474179700e-07  0.000000000000000e+00  7.747552211170897e-01  4.962034221237079e-01  4.901394903296574e-01  1.199999787596361e+00  1.199998461585634e+00  1.550155480685163e+00 
 3.136464474179700e-07  0.000000000000000e+00  7.747558885606302e-01  4.961841687665103e-01  4.901589142329129e-01  1.199999787596431e+00  1.199998467497985e+00  1.550155511208694e+00 
 3.138464474179700e-07  0.000000000000000e+00  7.747565477396036e-01  4.961650458446231e-01  4.901782064703476e-01  1.199999787596449e+00  1.199998473358891e+00  1.550155541332449e+00 
 3.140464474179700e-07  0.000000000000000e+00  7.747571987443387e-01  4.961460521761704e-01  4.901973682423663e-01  1.199999787596480e+00  1.199998479168734e+00  1.550155571060047e+00 
 3.142464474179700e-07  0.000000000000000e+00  7.747578416640923e-01  4.961271865964269e-01  4.902164007312031e-01  1.199999787596428e+00  1.199998484928263e+00  1.550155600395214e+00 
 3.144464474179700e-07  0.000000000000000e+00  7.747584765870391e-01  4.961084479579699e-01  4.902353051016641e-01  1.199999787596430e+00  1.199998490638278e+00  1.550155629341733e+00 
 3.146464474179701e-07  0.000000000000000e+00  7.747591036002817e-01  4.960898351304757e-01  4.902540825012046e-01  1.199999787596440e+00  1.199998496299806e+00  1.550155657903464e+00 
 3.148464474179701e-07  0.000000000000000e+00  7.747597227898876e-01  4.960713469997688e-01  4.902727340601815e-01  1.199999787596457e+00  1.199998501912514e+00  1.550155686084325e+00 
 3.150464474179701e-07  0.000000000000000e+00  7.747603342409353e-01  4.960529824680081e-01  4.902912608925941e-01  1.199999787596462e+00  1.199998507477741e+00  1.550155713888274e+00 
 3.152464474179701e-07  0.000000000000000e+00  7.747609380374536e-01  4.960347404529413e-01  4.903096640960557e-01  1.199999787596363e+00  1.199998512995862e+00  1.550155741319332e+00 
 3.154464474179701e-07  0.000000000000000e+00  7.747615342624909e-01  4.960166198878849e-01  4.903279447528425e-01  1.199999787596411e+00  1.199998518467322e+00  1.550155768381557e+00 
 3.156464474179701e-07  0.000000000000000e+00  7.747621229980960e-01  4.959986197209352e-01  4.903461039291107e-01  1.199999787596431e+00  1.199998523893116e+00  1.550155795079039e+00 
 3.158464474179701e-07  0.000000000000000e+00  7.747627043254078e-01  4.959807389154579e-01  4.903641426761148e-01  1.199999787596438e+00  1.199998529273560e+00  1.550155821415884e+00 
 3.160464474179702e-07  0.000000000000000e+00  7.747632783245655e-01  4.959629764489971e-01  4.903820620307091e-01  1.199999787596453e+00  1.199998534608541e+00  1.550155847396247e+00 
 3.162464474179702e-07  0.000000000000000e+00  7.747638450747630e-01  4.959453313133030e-01  4.903998630147635e-01  1.199999787596479e+00  1.199998539899978e+00  1.550155873024296e+00 
 3.164464474179702e-07  0.000000000000000e+00  7.747644046543061e-01  4.959278025137690e-01  4.904175466357971e-01  1.199999787596420e+00  1.199998545147751e+00  1.550155898304195e+00 
 3.166464474179702e-07  0.000000000000000e+00  7.747649571405638e-01  4.959103890698321e-01  4.904351138876791e-01  1.199999787596408e+00  1.199998550352309e+00  1.550155923240136e+00 
 3.168464474179702e-07  0.000000000000000e+00  7.747655026100345e-01  4.958930900139160e-01  4.904525657507324e-01  1.199999787596415e+00  1.199998555514088e+00  1.550155947836303e+00 
 3.170464474179702e-07  0.000000000000000e+00  7.747660411382903e-01  4.958759043917091e-01  4.904699031918532e-01  1.199999787596407e+00  1.199998560634113e+00  1.550155972096874e+00 
 3.172464474179702e-07  0.000000000000000e+00  7.747665728000528e-01  4.958588312614977e-01  4.904871271646082e-01  1.199999787596415e+00  1.199998565712536e+00  1.550155996026013e+00 
 3.174464474179703e-07  0.000000000000000e+00  7.747670976691884e-01  4.958418696939511e-01  4.905042386098053e-01  1.199999787596514e+00  1.199998570749663e+00  1.550156019627876e+00 
 3.176464474179703e-07  0.000000000000000e+00  7.747676158186995e-01  4.958250187722484e-01  4.905212384560955e-01  1.199999787596375e+00  1.199998575746468e+00  1.550156042906628e+00 
 3.178464474179703e-07  0.000000000000000e+00  7.747681273207835e-01  4.958082775913847e-01  4.905381276195940e-01  1.199999787596340e+00  1.199998580703031e+00  1.550156065866383e+00 
 3.180464474179703e-07  0.000000000000000e+00  7.747686322467674e-01  4.957916452582247e-01  4.905549070041918e-01  1.199999787596302e+00  1.199998585620063e+00  1.550156088511231e+00 
 3.182464474179703e-07  0.000000000000000e+00  7.747691306672062e-01  4.957751208912485e-01  4.905715775021368e-01  1.199999787596459e+00  1.199998590498089e+00  1.550156110845259e+00 
 3.184464474179703e-07  0.000000000000000e+00  7.747696226518176e-01  4.957587036200495e-01  4.905881399941913e-01  1.199999787596365e+00  1.199998595337470e+00  1.550156132872506e+00 
 3.186464474179704e-07  0.000000000000000e+00  7.747701082695683e-01  4.957423925854226e-01  4.906045953501312e-01  1.199999787596411e+00  1.199998600138181e+00  1.550156154596970e+00 
 3.188464474179704e-07  0.000000000000000e+00  7.747705875839276e-01  4.957261869330312e-01  4.906209444324286e-01  1.199999787596518e+00  1.199998604927271e+00  1.550156176022616e+00 
 3.190464474179704e-07  0.000000000000000e+00  7.747710606650553e-01  4.957100858285642e-01  4.906371880856294e-01  1.199999787596447e+00  1.199998609658518e+00  1.550156197153367e+00 
 3.192464474179704e-07  0.000000000000000e+00  7.747715275810717e-01  4.956940884464024e-01  4.906533271451278e-01  1.199999787596454e+00  1.199998614347221e+00  1.550156217993106e+00 
 3.194464474179704e-07  0.000000000000000e+00  7.747719883983378e-01  4.956781939701148e-01  4.906693624371194e-01  1.199999787596371e+00  1.199998618998871e+00  1.550156238545646e+00 
 3.196464474179704e-07  0.000000000000000e+00  7.747724431820872e-01  4.956624015927380e-01  4.906852947778165e-01  1.199999787596456e+00  1.199998623615011e+00  1.550156258814784e+00 
 3.198232237089853e-07  0.000000000000000e+00  7.747728401840431e-01  4.956485273962809e-01  4.906992919820869e-01  1.199999787596577e+00  1.199998627661773e+00  1.550156276495145e+00 
 3.200000000000001e-07  0.000000000000000e+00  7.747732325657741e-01  4.956347318129085e-01  4.907132099201051e-01  1.199999787596615e+00  1.199998631684080e+00  1.550156293963409e+00 
 3.200001301575580e-07  7.809453478203929e-04  7.747751758356807e-01  4.956366198194988e-01  4.907132958109068e-01  1.200003606905345e+00  1.199998701912604e+00  1.550156293976186e+00 
 3.200003904726740e-07  2.342836043778816e-03  7.747796992182784e-01  4.956410266665626e-01  4.907135152837741e-01  1.200014605550547e+00  1.199998877993135e+00  1.550156294001742e+00 
 3.200007229985584e-07  4.337991349953743e-03  7.747858189994343e-01  4.956470187628577e-01  4.907138223412121e-01  1.200029496791880e+00  1.199999094925167e+00  1.550156294034389e+00 
 3.200011210806814e-07  6.726484087846012e-03  7.747931231825546e-01  4.956542043917374e-01  4.907141774505117e-01  1.200043952738189e+00  1.199999309357636e+00  1.550156294073468e+00 
 3.200016858082242e-07  1.011484934455447e-02  7.748032467580197e-01  4.956642029476145e-01  4.907146344463588e-01  1.200057154499844e+00  1.199999540471273e+00  1.550156294128909e+00 
 3.200027765059620e-07  1.665903577176299e-02  7.748221486036728e-01  4.956829555908269e-01  4.907153947346320e-01  1.200066617042333e+00  1.199999824729777e+00  1.550156294235972e+00 
 3.200049579014378e-07  2.974740862618005e-02  7.748579839329942e-01  4.957187260562932e-01  4.907166232482491e-01  1.200057758674013e+00  1.200000024560060e+00  1.550156294450074e+00 
 3.200092585948111e-07  5.555156886607978e-02  7.749230410803863e-01  4.957841399838064e-01  4.907184468876847e-01  1.200022256607648e+00  1.199999832473519e+00  1.550156294872196e+00 
 3.200152421527813e-07  9.145291668755928e-02  7.750051816438620e-01  4.958673063166231e-01  4.907202658559069e-01  1.199992768744587e+00  1.199999266370817e+00  1.550156295459565e+00 
 3.200225855352212e-07  1.355132113265435e-01  7.750977204119627e-01  4.959615104654158e-01  4.907218382390227e-01  1.199985103875890e+00  1.199998702000460e+00  1.550156296181890e+00 
 3.200313945803464e-07  1.883674820782762e-01  7.752019854692360e-01  4.960680434858104e-01  4.907231614410495e-01  1.199989430885313e+00  1.199998349353856e+00  1.550156297055286e+00 
 3.200427681167114e-07  2.566087002679267e-01  7.753308003760223e-01  4.961999090117583e-01  4.907243779067893e-01  1.199995589578167e+00  1.199998224112769e+00  1.550156298212986e+00 
 3.200506256247187e-07  3.037537483119765e-01  7.754156094938562e-01  4.962867705431509e-01  4.907250013858078e-01  1.199998316654342e+00  1.199998246182619e+00  1.550156299047971e+00 
 3.200550771090641e-07  3.304626543840769e-01  7.754608613865585e-01  4.963331133570391e-01  4.907252794435688e-01  1.199999416242089e+00  1.199998269647678e+00  1.550156299539335e+00 
 3.200599458853659e-07  3.596753121949273e-01  7.755051131088265e-01  4.963784198792433e-01  4.907254919677259e-01  1.200000469479028e+00  1.199998281284560e+00  1.550156300098312e+00 
 3.200641672742282e-07  3.850036453690643e-01  7.755356222803859e-01  4.964096460967103e-01  4.907255535405960e-01  1.200001346666073e+00  1.199998266771531e+00  1.550156300606066e+00 
 3.200683056221263e-07  4.098337327574210e-01  7.755541390816679e-01  4.964285869393288e-01  4.907254460387652e-01  1.200002213864028e+00  1.199998221270955e+00  1.550156301129500e+00 
 3.200724712849944e-07  4.348277099660209e-01  7.755561653360152e-01  4.964306337730958e-01  4.907251053025620e-01  1.200003112907082e+00  1.199998139393553e+00  1.550156301687478e+00 
 3.200766887695787e-07  4.601326174716077e-01  7.755349702422194e-01  4.964088833583788e-01  4.907244517438147e-01  1.200004063565920e+00  1.199998018345763e+00  1.550156302290374e+00 
 3.200808601806706e-07  4.851610840234407e-01  7.754839228283341e-01  4.963565259586735e-01  4.907234252320581e-01  1.200005057682658e+00  1.199997860864403e+00  1.550156302930881e+00 
 3.200849189149955e-07  5.095134899728022e-01  7.753980704844972e-01  4.962684623964194e-01  4.907219886630697e-01  1.200006089795043e+00  1.199997671569921e+00  1.550156303603167e+00 
 3.200888726608465e-07  5.332359650784245e-01  7.752725894668134e-01  4.961397192775874e-01  4.907201021592427e-01  1.200007167776618e+00  1.199997453346105e+00  1.550156304311555e+00 
 3.200931261517695e-07  5.587569106164684e-01  7.750824563521452e-01  4.959446153227824e-01  4.907174556806957e-01  1.200008416079678e+00  1.199997183607474e+00  1.550156305141066e+00 
 3.200970337526317e-07  5.822025157898769e-01  7.748496891895941e-01  4.957059722364994e-01  4.907143969341077e-01  1.200009642941871e+00  1.199996907149922e+00  1.550156305972394e+00 
 3.201012062082677e-07  6.072372496059316e-01  7.745299777153186e-01  4.953806863188965e-01  4.907103890900353e-01  1.200011039846249e+00  1.199996585015603e+00  1.550156306942212e+00 
 3.201047902759709e-07  6.287416558252241e-01  7.741802967633905e-01  4.950414388464683e-01  4.907061676681562e-01  1.200012355617788e+00  1.199996268112854e+00  1.550156307849509e+00 
 3.201064709536598e-07  6.388257219582198e-01  7.739771843519017e-01  4.948667421130669e-01  4.907037546835615e-01  1.200013162452879e+00  1.199996074517227e+00  1.550156308299906e+00 
 3.201077516744035e-07  6.465100464204646e-01  7.737929460898002e-01  4.947301910165781e-01  4.907015718331741e-01  1.200013991377900e+00  1.199995878560617e+00  1.550156308654383e+00 
 3.201090906802349e-07  6.545440814087752e-01  7.735615149918995e-01  4.945872885153943e-01  4.906988306415293e-01  1.200015104329078e+00  1.199995601800939e+00  1.550156309035859e+00 
 3.201107628932018e-07  6.645773592106725e-01  7.732046700624601e-01  4.944115922843840e-01  4.906946324431181e-01  1.200016692557902e+00  1.199995135801478e+00  1.550156309528324e+00 
 3.201125077562790e-07  6.750465376735980e-01  7.727498557324787e-01  4.942313256350481e-01  4.906893808447312e-01  1.200018131174054e+00  1.199994533836803e+00  1.550156310061829e+00 
 3.201141433206938e-07  6.848599241626827e-01  7.722552510807037e-01  4.940617846906256e-01  4.906838337201055e-01  1.200018710382867e+00  1.199993923431950e+00  1.550156310580630e+00 
 3.201158218259705e-07  6.949309558228727e-01  7.716909205269548e-01  4.938824234816318e-01  4.906777377442106e-01  1.200018040154898e+00  1.199993325082267e+00  1.550156311132328e+00 
 3.201176175947907e-07  7.057055687437617e-01  7.710372419371990e-01  4.936786859014402e-01  4.906709866945874e-01  1.200015636054825e+00  1.199992786263344e+00  1.550156311744756e+00 
 3.201195611157107e-07  7.173666942639344e-01  7.702883059583499e-01  4.934362054694618e-01  4.906636423914367e-01  1.200011059222384e+00  1.199992375557344e+00  1.550156312434025e+00 
 3.201214061645451e-07  7.284369872702351e-01  7.695546391604562e-01  4.931741128776709e-01  4.906568424078403e-01  1.200004987926195e+00  1.199992180982121e+00  1.550156313114231e+00 
 3.201232618933195e-07  7.395713599169231e-01  7.688131545663209e-01  4.928653403547498e-01  4.906503800029645e-01  1.199997489921501e+00  1.199992191300710e+00  1.550156313824217e+00 
 3.201250413849450e-07  7.502483096698489e-01  7.681143150040541e-01  4.925163282622241e-01  4.906446905088216e-01  1.199989315488803e+00  1.199992391856965e+00  1.550156314529622e+00 
 3.201269585662269e-07  7.617513973609570e-01  7.673855371505370e-01  4.920821060014952e-01  4.906391802715552e-01  1.199979807483515e+00  1.199992784402221e+00  1.550156315316723e+00 
 3.201292365182849e-07  7.754191097089149e-01  7.665569257979620e-01  4.915049534548755e-01  4.906333993937910e-01  1.199968233541292e+00  1.199993404133954e+00  1.550156316288413e+00 
 3.201313870183527e-07  7.883221101159213e-01  7.658108175445015e-01  4.909229868774077e-01  4.906285756610775e-01  1.199957855340471e+00  1.199994054493333e+00  1.550156317241649e+00 
 3.201334464679775e-07  8.006788078646401e-01  7.651270534534166e-01  4.903504802289828e-01  4.906244166780649e-01  1.199949172091347e+00  1.199994670129271e+00  1.550156318186520e+00 
 3.201359081013712e-07  8.154486082268126e-01  7.643454574485873e-01  4.896626011641370e-01  4.906198936405549e-01  1.199941055096774e+00  1.199995335124799e+00  1.550156319355409e+00 
 3.201383626584894e-07  8.301759509362961e-01  7.635989401880641e-01  4.889817774338171e-01  4.906157230178396e-01  1.199935552467037e+00  1.199995886451487e+00  1.550156320561134e+00 
 3.201411436917592e-07  8.468621505547165e-01  7.627840288376986e-01  4.882210955244922e-01  4.906112272033065e-01  1.199932066182936e+00  1.199996359011876e+00  1.550156321970926e+00 
 3.201436678101919e-07  8.620068611510741e-01  7.620659196416822e-01  4.875419591405596e-01  4.906072327081781e-01  1.199929615858967e+00  1.199996652385690e+00  1.550156323285313e+00 
 3.201464823266789e-07  8.788939600731467e-01  7.612862068210221e-01  4.868019913110363e-01  4.906028087555521e-01  1.199918707695841e+00  1.199996857281686e+00  1.550156324781263e+00 
 3.201492724510820e-07  8.956347064914467e-01  7.605366298976475e-01  4.860951580707832e-01  4.905984579241027e-01  1.199891546707630e+00  1.199996976695411e+00  1.550156326285018e+00 
 3.201519466092220e-07  9.116796553314734e-01  7.598408719217955e-01  4.854510213419149e-01  4.905943131525548e-01  1.199854792762848e+00  1.199997044670283e+00  1.550156327733514e+00 
 3.201549161933323e-07  9.294971599935363e-01  7.590956743765678e-01  4.847855062573419e-01  4.905897293643332e-01  1.199810368302309e+00  1.199997092476307e+00  1.550156329332313e+00 
 3.201577210220829e-07  9.463261324971077e-01  7.584176514732566e-01  4.842134407697153e-01  4.905853832203635e-01  1.199773262482482e+00  1.199997119244765e+00  1.550156330813894e+00 
 3.201611661686693e-07  9.669970120155863e-01  7.576182694210775e-01  4.835895333242378e-01  4.905799744168491e-01  1.199744590424680e+00  1.199997132182325e+00  1.550156332560497e+00 
 3.201654510210544e-07  9.927061263262622e-01  7.566814022699365e-01  4.829218314319130e-01  4.905731640350436e-01  1.199738986985934e+00  1.199997138959549e+00  1.550156334546666e+00 
 3.201688515005561e-07  1.013109003336128e+00  7.559948541853359e-01  4.824606092395305e-01  4.905678042627643e-01  1.199752391270601e+00  1.199997165568970e+00  1.550156335917417e+00 
 3.201721339171782e-07  1.032803503068703e+00  7.553858473677999e-01  4.820594420294817e-01  4.905626941020789e-01  1.199771781791591e+00  1.199997216081601e+00  1.550156337008278e+00 
 3.201757775790944e-07  1.054665474566257e+00  7.547691011106189e-01  4.816533426772676e-01  4.905569927404712e-01  1.199791904667592e+00  1.199997275733449e+00  1.550156337871903e+00 
 3.201792724158367e-07  1.075634495020135e+00  7.542297481887861e-01  4.812944838513713e-01  4.905513628468866e-01  1.199804840119074e+00  1.199997306657035e+00  1.550156338273775e+00 
 3.201830548378405e-07  1.098329027042536e+00  7.536938533249798e-01  4.809326409274353e-01  4.905449354464034e-01  1.199811538603343e+00  1.199997288785648e+00  1.550156338127842e+00 
 3.201868440134276e-07  1.121064080565163e+00  7.531978046671571e-01  4.805922172720246e-01  4.905380269759077e-01  1.199818040828716e+00  1.199997215398221e+00  1.550156337250541e+00 
 3.201912033228175e-07  1.147219936904470e+00  7.526683393929773e-01  4.802223950103328e-01  4.905293954296929e-01  1.199837044371244e+00  1.199997082485262e+00  1.550156335143354e+00 
 3.201956016614088e-07  1.173609968452439e+00  7.521730733974086e-01  4.798692173147917e-01  4.905198972779912e-01  1.199880226493848e+00  1.199996926748757e+00  1.550156331596305e+00 
 3.202000000000001e-07  1.200000000000000e+00  7.517134909947575e-01  4.795338288065260e-01  4.905095819679472e-01  1.199963542299648e+00  1.199996776305877e+00  1.550156326359597e+00 
 3.202002482440607e-07  1.200000000000000e+00  7.516836555648126e-01  4.795105226437125e-01  4.905088363561175e-01  1.199963779291842e+00  1.199996663133212e+00  1.550156326010045e+00 
 3.202007447321819e-07  1.200000000000000e+00  7.516217588001343e-01  4.794617757842697e-01  4.905072662015169e-01  1.199962504815888e+00  1.199996428018735e+00  1.550156325295674e+00 
 3.202013660073921e-07  1.200000000000000e+00  7.515445276568069e-01  4.794015474134902e-01  4.905053203646815e-01  1.199964049076346e+00  1.199996234760164e+00  1.550156324367473e+00 
 3.202021096077880e-07  1.200000000000000e+00  7.514550391663845e-01  4.793330255224566e-01  4.905031377826402e-01  1.199972945396138e+00  1.199996175425647e+00  1.550156323203204e+00 
 3.202032283922364e-07  1.200000000000000e+00  7.513263735183003e-01  4.792362165703105e-01  4.905001506370763e-01  1.199999447078012e+00  1.199996342473371e+00  1.550156321337340e+00 
 3.202051785112032e-07  1.200000000000000e+00  7.511146685690228e-01  4.790786703377235e-01  4.904955329148815e-01  1.200076986583763e+00  1.199997020780158e+00  1.550156317740080e+00 
 3.202072004030372e-07  1.200000000000000e+00  7.509076281445769e-01  4.789246175491052e-01  4.904912906154018e-01  1.200194156294634e+00  1.199997943925803e+00  1.550156313522230e+00 
 3.202101529936188e-07  1.200000000000000e+00  7.506206088122969e-01  4.787089841633254e-01  4.904857395479369e-01  1.200419982271169e+00  1.199999293298029e+00  1.550156306398356e+00 
 3.202136654472199e-07  1.200000000000000e+00  7.502930852935688e-01  4.784604108599231e-01  4.904797848864682e-01  1.200736887621967e+00  1.200000633554024e+00  1.550156296296945e+00 
 3.202176537894707e-07  1.200000000000000e+00  7.499265154714121e-01  4.781824894766799e-01  4.904735240829017e-01  1.201092504139456e+00  1.200001706069186e+00  1.550156282460040e+00 
 3.202220837066956e-07  1.200000000000000e+00  7.495128210353350e-01  4.778734071251280e-01  4.904668782978099e-01  1.201428079263777e+00  1.200002395068800e+00  1.550156263805244e+00 
 3.202270444898135e-07  1.200000000000000e+00  7.490369131129901e-01  4.775239723529278e-01  4.904596596988711e-01  1.201700136370783e+00  1.200002728090084e+00  1.550156238311677e+00 
 3.202327388805319e-07  1.200000000000000e+00  7.484876609719749e-01  4.771225082309757e-01  4.904517723119267e-01  1.201870343353374e+00  1.200002827402301e+00  1.550156202273576e+00 
 3.202380158742312e-07  1.200000000000000e+00  7.479951677863328e-01  4.767574006191669e-01  4.904450897752001e-01  1.201913575634926e+00  1.200002858170814e+00  1.550156161649935e+00 
 3.202434352655942e-07  1.200000000000000e+00  7.475215219073048e-01  4.763961925136390e-01  4.904391427569676e-01  1.201885971755936e+00  1.200002987778057e+00  1.550156111833811e+00 
 3.202497360464596e-07  1.200000000000000e+00  7.470199921803220e-01  4.759982628823088e-01  4.904338784851832e-01  1.201827441192464e+00  1.200003432632094e+00  1.550156042348496e+00 
 3.202561713255026e-07  1.200000000000000e+00  7.465607714499668e-01  4.756166106079332e-01  4.904311922808575e-01  1.201806181746103e+00  1.200004406439218e+00  1.550155957085020e+00 
 3.202625438054024e-07  1.200000000000000e+00  7.461516148169857e-01  4.752615080430191e-01  4.904325335171636e-01  1.201896945490073e+00  1.200006107433257e+00  1.550155856869978e+00 
 3.202693322687413e-07  1.200000000000000e+00  7.457538610176631e-01  4.749062433122524e-01  4.904403512375308e-01  1.202108254390783e+00  1.200008895153898e+00  1.550155730980251e+00 
 3.202766262374396e-07  1.200000000000000e+00  7.453586462989198e-01  4.745486712250465e-01  4.904589620487295e-01  1.202392975742467e+00  1.200012979258031e+00  1.550155571434151e+00 
 3.202846298697559e-07  1.200000000000000e+00  7.449639460807086e-01  4.741758324996873e-01  4.904956722649535e-01  1.202792550223109e+00  1.200018443030445e+00  1.550155364431380e+00 
 3.202932179413036e-07  1.200000000000000e+00  7.446007488996913e-01  4.737789107347317e-01  4.905593869182583e-01  1.203256740262546e+00  1.200024899933230e+00  1.550155101386838e+00 
 3.203009916615591e-07  1.200000000000000e+00  7.443408694011114e-01  4.734050491900215e-01  4.906435055202835e-01  1.203530204200731e+00  1.200030852798991e+00  1.550154823512030e+00 
 3.203088882764688e-07  1.200000000000000e+00  7.441553657117497e-01  4.730085214199365e-01  4.907597080614401e-01  1.203558600015308e+00  1.200036713242687e+00  1.550154499226042e+00 
 3.203159852885111e-07  1.200000000000000e+00  7.440612597067477e-01  4.726530261793769e-01  4.908948148788824e-01  1.203396439557373e+00  1.200041768246864e+00  1.550154169053945e+00 
 3.203230932479962e-07  1.200000000000000e+00  7.440393834344290e-01  4.723194412551968e-01  4.910637153336515e-01  1.203119099710439e+00  1.200046708203300e+00  1.550153799166450e+00 
 3.203306816949639e-07  1.200000000000000e+00  7.441005920601768e-01  4.720069293972758e-01  4.912867899008471e-01  1.202757913273088e+00  1.200052038055580e+00  1.550153358272220e+00 
 3.203400236692822e-07  1.200000000000000e+00  7.443044676567587e-01  4.716966443682616e-01  4.916325091469892e-01  1.202289255581209e+00  1.200059059305104e+00  1.550152746046652e+00 
 3.203501243505432e-07  1.200000000000000e+00  7.446965797248928e-01  4.714516042508603e-01  4.921105545231977e-01  1.201808079415119e+00  1.200067799913103e+00  1.550151992559358e+00 
 3.203595730669191e-07  1.200000000000000e+00  7.452382305648514e-01  4.712960398160375e-01  4.926727535630956e-01  1.201410962698866e+00  1.200077734210070e+00  1.550151196801731e+00 
 3.203698044395896e-07  1.200000000000000e+00  7.460334244310766e-01  4.711900296666454e-01  4.934275553778881e-01  1.201052344964283e+00  1.200091320006815e+00  1.550150230579339e+00 
 3.203791463584573e-07  1.200000000000000e+00  7.469632823140414e-01  4.711357025260326e-01  4.942627005692149e-01  1.200789726662296e+00  1.200107192379169e+00  1.550149249141536e+00 
 3.203899167967514e-07  1.200000000000000e+00  7.482854691443240e-01  4.711076415418718e-01  4.954025479230642e-01  1.200555346594870e+00  1.200130492062867e+00  1.550147994879443e+00 
 3.204008396610844e-07  1.200000000000000e+00  7.498909820534886e-01  4.711045175140262e-01  4.967320701649456e-01  1.200379747295740e+00  1.200160167646576e+00  1.550146583698032e+00 
 3.204086521893175e-07  1.200000000000000e+00  7.511929564661649e-01  4.711131387210847e-01  4.977655043028217e-01  1.200285843147379e+00  1.200185705715138e+00  1.550145486189783e+00 
 3.204153116712987e-07  1.200000000000000e+00  7.523973021744488e-01  4.711252753866688e-01  4.986764814659253e-01  1.200222625671846e+00  1.200209990935138e+00  1.550144491363258e+00 
 3.204213549301269e-07  1.200000000000000e+00  7.535609417380845e-01  4.711389008330024e-01  4.995035693829483e-01  1.200176146547372e+00  1.200231584583676e+00  1.550143540621698e+00 
 3.204274787659043e-07  1.200000000000000e+00  7.548014465024819e-01  4.711544331753746e-01  5.003189892764164e-01  1.200137648419950e+00  1.200243490800007e+00  1.550142530102020e+00 
 3.204340870017905e-07  1.200000000000000e+00  7.561879249799178e-01  4.711723674181294e-01  5.011610080532641e-01  1.200103976209695e+00  1.200212972275795e+00  1.550141386006895e+00 
 3.204402037776436e-07  1.200000000000000e+00  7.574800780647341e-01  4.711893836346142e-01  5.019140388645502e-01  1.200078763484379e+00  1.200093076432755e+00  1.550140277102539e+00 
 3.204460334875724e-07  1.200000000000000e+00  7.586831335709956e-01  4.712054715387911e-01  5.026209056067756e-01  1.200059087145801e+00  1.199836850575851e+00  1.550139175450476e+00 
 3.204515038307152e-07  1.200000000000000e+00  7.597628159417907e-01  4.712202075855331e-01  5.032805501552160e-01  1.200043831909178e+00  1.199388305087523e+00  1.550138101914430e+00 
 3.204559418588023e-07  1.200000000000000e+00  7.605935628561459e-01  4.712318413871204e-01  5.038140057858954e-01  1.200033408078474e+00  1.198790147173283e+00  1.550137202678490e+00 
 3.204597411141125e-07  1.200000000000000e+00  7.612689826430170e-01  4.712415723260644e-01  5.042684930707568e-01  1.200025691419043e+00  1.198031524245082e+00  1.550136412777638e+00 
 3.204633193660582e-07  1.200000000000000e+00  7.618747415403252e-01  4.712505743308966e-01  5.046931649543943e-01  1.200019319636241e+00  1.197034290812411e+00  1.550135651925731e+00 
 3.204671623317254e-07  1.200000000000000e+00  7.624942853606672e-01  4.712601143487863e-01  5.051437768329310e-01  1.200013330601556e+00  1.195593828279412e+00  1.550134816603475e+00 
 3.204713569657362e-07  1.200000000000000e+00  7.631371899946399e-01  4.712704347327769e-01  5.056273154211441e-01  1.200007680450178e+00  1.193553071218797e+00  1.550133883459331e+00 
 3.204760303350546e-07  1.200000000000000e+00  7.638175885708666e-01  4.712818876475562e-01  5.061546783199513e-01  1.200002328399224e+00  1.190663542791154e+00  1.550132817717361e+00 
 3.204786139924055e-07  1.200000000000000e+00  7.641795180620420e-01  4.712882220828447e-01  5.064411773959335e-01  1.199999755298568e+00  1.188805154728520e+00  1.550132216782457e+00 
 3.204814226703417e-07  1.200000000000000e+00  7.645629323974152e-01  4.712951242519100e-01  5.067487747683199e-01  1.199997230137728e+00  1.186861313876045e+00  1.550131554095480e+00 
 3.204837183634201e-07  1.200000000000000e+00  7.648691300684910e-01  4.713007815384253e-01  5.069972681754877e-01  1.199995355946813e+00  1.185745835997628e+00  1.550131005203302e+00 
 3.204861285868205e-07  1.200000000000000e+00  7.651841722592490e-01  4.713067386997614e-01  5.072554315098847e-01  1.199993553293979e+00  1.185534990201328e+00  1.550130421966138e+00 
 3.204884981928973e-07  1.200000000000000e+00  7.654879833658307e-01  4.713126155047389e-01  5.075066741274883e-01  1.199991930990942e+00  1.186596265482368e+00  1.550129841652078e+00 
 3.204900465264366e-07  1.200000000000000e+00  7.656836646737876e-01  4.713164688726468e-01  5.076696352228277e-01  1.199990946221386e+00  1.187895063595024e+00  1.550129458787388e+00 
 3.204913563512005e-07  1.200000000000000e+00  7.658477277343254e-01  4.713197393804650e-01  5.078069132403880e-01  1.199990156973273e+00  1.189279496467230e+00  1.550129132641340e+00 
 3.204926816309531e-07  1.200000000000000e+00  7.660126324033684e-01  4.713230610985425e-01  5.079454488879138e-01  1.199989397433665e+00  1.190880458636700e+00  1.550128800550393e+00 
 3.204943026638869e-07  1.200000000000000e+00  7.662132542989509e-01  4.713271449430156e-01  5.081146696746800e-01  1.199988519420591e+00  1.193004708776537e+00  1.550128391496751e+00 
 3.204958035929822e-07  1.200000000000000e+00  7.663982021597339e-01  4.713309481020080e-01  5.082712715055956e-01  1.199987754244068e+00  1.195010526253696e+00  1.550128009965508e+00 
 3.204979158696050e-07  1.200000000000000e+00  7.666570905722921e-01  4.713363307612934e-01  5.084913785764190e-01  1.199986748721537e+00  1.197624002560695e+00  1.550127468526694e+00 
 3.204999258342441e-07  1.200000000000000e+00  7.669013224138355e-01  4.713414738554178e-01  5.086999734254535e-01  1.199985861390486e+00  1.199673578155292e+00  1.550126948455200e+00 
 3.205017312688691e-07  1.200000000000000e+00  7.671182843844082e-01  4.713461002015173e-01  5.088860713291545e-01  1.199985115449620e+00  1.201065621023306e+00  1.550126477294474e+00 
 3.205036274456617e-07  1.200000000000000e+00  7.673430697426530e-01  4.713509565119300e-01  5.090796965427314e-01  1.199984378049116e+00  1.202078182472266e+00  1.550125978397922e+00 
 3.205056602374021e-07  1.200000000000000e+00  7.675800831272432e-01  4.713561538881179e-01  5.092847716755200e-01  1.199983635107236e+00  1.202737760218051e+00  1.550125438980687e+00 
 3.205078524670335e-07  1.200000000000000e+00  7.678308060366505e-01  4.713617461681104e-01  5.095027254045361e-01  1.199982885598942e+00  1.203087566276440e+00  1.550124851995659e+00 
 3.205103912327934e-07  1.200000000000000e+00  7.681147038962585e-01  4.713682060871160e-01  5.097507295239958e-01  1.199982081658532e+00  1.203193798342280e+00  1.550124165474038e+00 
 3.205133359597589e-07  1.200000000000000e+00  7.684353214031296e-01  4.713756791419480e-01  5.100322368121999e-01  1.199981231574488e+00  1.203096909493530e+00  1.550123360213042e+00 
 3.205169592442773e-07  1.200000000000000e+00  7.688170777278944e-01  4.713848476982005e-01  5.103691270928064e-01  1.199980299379866e+00  1.202839677532536e+00  1.550122356394378e+00 
 3.205214720796835e-07  1.200000000000000e+00  7.692726691869174e-01  4.713962256044168e-01  5.107730375701734e-01  1.199979296257347e+00  1.202469230330342e+00  1.550121086476124e+00 
 3.205268505846304e-07  1.200000000000000e+00  7.697856905495869e-01  4.714097156767749e-01  5.112293320355977e-01  1.199978297199432e+00  1.202057206502376e+00  1.550119545219680e+00 
 3.205321602096404e-07  1.200000000000000e+00  7.702583708249671e-01  4.714229430711674e-01  5.116501132757608e-01  1.199977487008880e+00  1.201711143757634e+00  1.550117994983556e+00 
 3.205381704067098e-07  1.200000000000000e+00  7.707502842679045e-01  4.714377909449711e-01  5.120870861291210e-01  1.199976742345586e+00  1.201390224589096e+00  1.550116207049745e+00 
 3.205443874693387e-07  1.200000000000000e+00  7.712085676692604e-01  4.714530035612259e-01  5.124919151688735e-01  1.199976130863856e+00  1.201122797501762e+00  1.550114322071145e+00 
 3.205516574901149e-07  1.200000000000000e+00  7.716778091091185e-01  4.714706188790708e-01  5.129021594824098e-01  1.199975583663101e+00  1.200873981714518e+00  1.550112074440549e+00 
 3.205597335001121e-07  1.200000000000000e+00  7.721167764650972e-01  4.714900230151737e-01  5.132792961357110e-01  1.199975150082606e+00  1.200659682948440e+00  1.550109526206983e+00 
 3.205695957163082e-07  1.200000000000000e+00  7.725454385963482e-01  4.715136163044947e-01  5.136369604891859e-01  1.199974817002266e+00  1.200464822305473e+00  1.550106347086540e+00 
 3.205785134442435e-07  1.200000000000000e+00  7.728450865387561e-01  4.715349808086603e-01  5.138761655120565e-01  1.199974660286894e+00  1.200337285104834e+00  1.550103414476673e+00 
 3.205885542471168e-07  1.200000000000000e+00  7.731025761666528e-01  4.715592049151384e-01  5.140693832935689e-01  1.199974597342193e+00  1.200234035514369e+00  1.550100054521042e+00 
 3.205983668346796e-07  1.200000000000000e+00  7.732914198406974e-01  4.715831296460270e-01  5.141989130381183e-01  1.199974609124387e+00  1.200163253285152e+00  1.550096719478677e+00 
 3.206090814218060e-07  1.200000000000000e+00  7.734465327303968e-01  4.716095654409707e-01  5.142928432392585e-01  1.199974664513559e+00  1.200109757392449e+00  1.550093029712861e+00 
 3.206194340363688e-07  1.200000000000000e+00  7.735605558714382e-01  4.716353946312179e-01  5.143509965569788e-01  1.199974735104640e+00  1.200074605449513e+00  1.550089426458678e+00 
 3.206311651775893e-07  1.200000000000000e+00  7.736612503291203e-01  4.716649333894318e-01  5.143918904885962e-01  1.199974817848409e+00  1.200047896900035e+00  1.550085310821421e+00 
 3.206435473981841e-07  1.200000000000000e+00  7.737456261002517e-01  4.716963234530170e-01  5.144168108712251e-01  1.199974901354504e+00  1.200029728671188e+00  1.550080943997193e+00 
 3.206582914107150e-07  1.200000000000000e+00  7.738271589039754e-01  4.717338409264057e-01  5.144319275295289e-01  1.199974996041153e+00  1.200016467254990e+00  1.550075736032528e+00 
 3.206750853528919e-07  1.200000000000000e+00  7.739035676429824e-01  4.717765954602732e-01  5.144377774383798e-01  1.199975103572473e+00  1.200007985114018e+00  1.550069824297793e+00 
 3.206960438902433e-07  1.200000000000000e+00  7.739825735080093e-01  4.718297851761537e-01  5.144352097875411e-01  1.199975245881516e+00  1.200002721816522e+00  1.550062529648607e+00 
 3.207204408277450e-07  1.200000000000000e+00  7.740584014018191e-01  4.718912903925354e-01  5.144235702479192e-01  1.199975427674997e+00  1.200000238916690e+00  1.550054230810271e+00 
 3.207441993768584e-07  1.200000000000000e+00  7.741196329872602e-01  4.719506694405072e-01  5.144058794997453e-01  1.199975619772797e+00  1.199999524858938e+00  1.550046420315920e+00 
 3.207708375436473e-07  1.200000000000000e+00  7.741768456793681e-01  4.720165931149510e-01  5.143803767343822e-01  1.199975846646140e+00  1.199999426759528e+00  1.550038063390030e+00 
 3.207977685023908e-07  1.200000000000000e+00  7.742248927956294e-01  4.720825369784357e-01  5.143496363065613e-01  1.199976081641849e+00  1.199999530262367e+00  1.550030115733422e+00 
 3.208285122481282e-07  1.200000000000000e+00  7.742702681734428e-01  4.721569722398685e-01  5.143096004338682e-01  1.199976350206726e+00  1.199999652662705e+00  1.550021732230982e+00 
 3.208612749156593e-07  1.200000000000000e+00  7.743099337209923e-01  4.722353394893853e-01  5.142622614370672e-01  1.199976632441783e+00  1.199999733493758e+00  1.550013666745739e+00 
 3.208994138468103e-07  1.200000000000000e+00  7.743475345186869e-01  4.723253745952743e-01  5.142024473303386e-01  1.199976953319686e+00  1.199999777795542e+00  1.550005452934052e+00 
 3.209418002884387e-07  1.200000000000000e+00  7.743812554031939e-01  4.724239953707607e-01  5.141315026342004e-01  1.199977299618987e+00  1.199999795749719e+00  1.549997818866200e+00 
 3.209921977260339e-07  1.200000000000000e+00  7.744133863387699e-01  4.725393705329242e-01  5.140427980319636e-01  1.199977697762921e+00  1.199999801745286e+00  1.549990735895289e+00 
 3.210505840087310e-07  1.200000000000000e+00  7.744430118167591e-01  4.726705989946009e-01  5.139360733909468e-01  1.199978141733899e+00  1.199999803115137e+00  1.549985069587306e+00 
 3.211221679821530e-07  1.200000000000000e+00  7.744718308203300e-01  4.728281184938184e-01  5.138017665224719e-01  1.199978662483313e+00  1.199999803371837e+00  1.549981443898337e+00 
 3.212090744169931e-07  1.200000000000000e+00  7.744995964794019e-01  4.730146670387242e-01  5.136362315659239e-01  1.199979262301604e+00  1.199999803409582e+00  1.549981176653067e+00 
 3.213196579122372e-07  1.200000000000000e+00  7.745278493741714e-01  4.732451278181307e-01  5.134247853538871e-01  1.199979978458390e+00  1.199999803362635e+00  1.549985878159537e+00 
 3.214567875831968e-07  1.200000000000000e+00  7.745563127064284e-01  4.735210064616644e-01  5.131645748161560e-01  1.199980800579643e+00  1.199999803279084e+00  1.549997039704145e+00 
 3.216223446849059e-07  1.200000000000000e+00  7.745849701290921e-01  4.738407362398879e-01  5.128562939030450e-01  1.199981707239882e+00  1.199999803223074e+00  1.550014879991791e+00 
 3.218223446849060e-07  1.200000000000000e+00  7.746145812414795e-01  4.742093930960506e-01  5.124947008763489e-01  1.199982694214640e+00  1.199999803206626e+00  1.550038554190952e+00 
 3.220223446849060e-07  1.200000000000000e+00  7.746405174375818e-01  4.745606103129690e-01  5.121458323636557e-01  1.199983579474708e+00  1.199999803208227e+00  1.550061526295645e+00 
 3.222223446849060e-07  1.200000000000000e+00  7.746637305486123e-01  4.748960275660665e-01  5.118097662377487e-01  1.199984377813658e+00  1.199999803211184e+00  1.550082024990929e+00 
 3.224223446849060e-07  1.200000000000000e+00  7.746847394354542e-01  4.752170681408999e-01  5.114861485843621e-01  1.199985101416890e+00  1.199999803212215e+00  1.550099302663826e+00 
 3.226223446849060e-07  1.200000000000000e+00  7.747038689466519e-01  4.755249579020339e-01  5.111744268325902e-01  1.199985760295598e+00  1.199999803212397e+00  1.550113280074444e+00 
 3.228223446849060e-07  1.200000000000000e+00  7.747213560846887e-01  4.758207572738500e-01  5.108739745701951e-01  1.199986362753200e+00  1.199999803212490e+00  1.550124246180335e+00 
 3.230223446849060e-07  1.200000000000000e+00  7.747373932768592e-01  4.761053907020912e-01  5.105841543405110e-01  1.199986915734021e+00  1.199999803212453e+00  1.550132650955280e+00 
 3.232223446849061e-07  1.200000000000000e+00  7.747521451629327e-01  4.763796705250082e-01  5.103043481249999e-01  1.199987425089825e+00  1.199999803212577e+00  1.550138979426371e+00 
 3.234223446849061e-07  1.200000000000000e+00  7.747657551839046e-01  4.766443157178572e-01  5.100339712235404e-01  1.199987895784851e+00  1.199999803212448e+00  1.550143683873488e+00 
 3.236223446849061e-07  1.200000000000000e+00  7.747783486698209e-01  4.768999666369061e-01  5.097724775979444e-01  1.199988332057330e+00  1.199999803212568e+00  1.550147153357313e+00 
 3.238223446849061e-07  1.200000000000000e+00  7.747900349175799e-01  4.771471967644725e-01  5.095193608458847e-01  1.199988737548238e+00  1.199999803212563e+00  1.550149705238155e+00 
 3.240223446849061e-07  1.200000000000000e+00  7.748009090343105e-01  4.773865222036354e-01  5.092741529827804e-01  1.199989115402686e+00  1.199999803212450e+00  1.550151588488873e+00 
 3.242223446849061e-07  1.200000000000000e+00  7.748110537003053e-01  4.776184094599304e-01  5.090364221825445e-01  1.199989468350969e+00  1.199999803212609e+00  1.550152992473214e+00 
 3.244223446849062e-07  1.200000000000000e+00  7.748205408275362e-01  4.778432818933663e-01  5.088057700945218e-01  1.199989798774761e+00  1.199999803212493e+00  1.550154057498117e+00 
 3.246223446849062e-07  1.200000000000000e+00  7.748294330675185e-01  4.780615251195066e-01  5.085818290645412e-01  1.199990108763203e+00  1.199999803212547e+00  1.550154885141995e+00 
 3.248223446849062e-07  1.200000000000000e+00  7.748377851425282e-01  4.782734915673059e-01  5.083642594337334e-01  1.199990400152826e+00  1.199999803212443e+00  1.550155547400430e+00 
 3.250223446849062e-07  1.200000000000000e+00  7.748456449967285e-01  4.784795043529686e-01  5.081527469983488e-01  1.199990674568129e+00  1.199999803212532e+00  1.550156094298818e+00 
 3.252223446849062e-07  1.200000000000000e+00  7.748530547784651e-01  4.786798605909945e-01  5.079470006688434e-01  1.199990933448953e+00  1.199999803212650e+00  1.550156559956437e+00 
 3.254223446849062e-07  1.200000000000000e+00  7.748600516720875e-01  4.788748342407548e-01  5.077467503375832e-01  1.199991178076969e+00  1.199999803212601e+00  1.550156967252589e+00 
 3.256223446849062e-07  1.200000000000000e+00  7.748666686001106e-01  4.790646785658304e-01  5.075517449514118e-01  1.199991409596855e+00  1.199999803212632e+00  1.550157331312899e+00 
 3.258223446849063e-07  1.200000000000000e+00  7.748729348154714e-01  4.792496282677373e-01  5.073617507754546e-01  1.199991629033767e+00  1.199999803212486e+00  1.550157662045285e+00 
 3.260223446849063e-07  1.200000000000000e+00  7.748788764015880e-01  4.794299013460026e-01  5.071765498354254e-01  1.199991837308577e+00  1.199999803212599e+00  1.550157965937371e+00 
 3.262223446849063e-07  1.200000000000000e+00  7.748845166956029e-01  4.796057007250002e-01  5.069959385189137e-01  1.199992035251298e+00  1.199999803212604e+00  1.550158247297257e+00 
 3.264223446849063e-07  1.200000000000000e+00  7.748898766474834e-01  4.797772156839050e-01  5.068197263220354e-01  1.199992223611454e+00  1.199999803212555e+00  1.550158509086203e+00 
 3.266223446849063e-07  1.200000000000000e+00  7.748949751255176e-01  4.799446231159349e-01  5.066477347249573e-01  1.199992403067957e+00  1.199999803212630e+00  1.550158753459961e+00 
 3.268223446849063e-07  1.200000000000000e+00  7.748998291770995e-01  4.801080886432191e-01  5.064797961819382e-01  1.199992574236659e+00  1.199999803212606e+00  1.550158982107673e+00 
 3.270223446849063e-07  1.200000000000000e+00  7.749044542518566e-01  4.802677676055961e-01  5.063157532136794e-01  1.199992737678369e+00  1.199999803212430e+00  1.550159196454166e+00 
 3.272223446849064e-07  1.200000000000000e+00  7.749088643931690e-01  4.804238059404438e-01  5.061554575904702e-01  1.199992893904229e+00  1.199999803212462e+00  1.550159397773239e+00 
 3.274223446849064e-07  1.200000000000000e+00  7.749130724029062e-01  4.805763409687842e-01  5.059987695957012e-01  1.199993043381408e+00  1.199999803212430e+00  1.550159587245223e+00 
 3.276223446849064e-07  1.200000000000000e+00  7.749170899835489e-01  4.807255020989558e-01  5.058455573612658e-01  1.199993186537390e+00  1.199999803212448e+00  1.550159765981590e+00 
 3.278223446849064e-07  1.200000000000000e+00  7.749209278611227e-01  4.808714114573045e-01  5.056956962663666e-01  1.199993323764431e+00  1.199999803212557e+00  1.550159935031515e+00 
 3.280223446849064e-07  1.200000000000000e+00  7.749245958917197e-01  4.810141844570461e-01  5.055490683922279e-01  1.199993455423452e+00  1.199999803212400e+00  1.550160095379851e+00 
 3.282223446849064e-07  1.200000000000000e+00  7.749281031542059e-01  4.811539303109717e-01  5.054055620281079e-01  1.199993581845779e+00  1.199999803212489e+00  1.550160247942292e+00 
 3.284223446849065e-07  1.200000000000000e+00  7.749314580309082e-01  4.812907524941146e-01  5.052650712218675e-01  1.199993703337895e+00  1.199999803212523e+00  1.550160393560731e+00 
 3.286223446849065e-07  1.200000000000000e+00  7.749346682782821e-01  4.814247491643925e-01  5.051274953711464e-01  1.199993820181838e+00  1.199999803212479e+00  1.550160533000393e+00 
 3.288223446849065e-07  1.200000000000000e+00  7.749377410887427e-01  4.815560135436937e-01  5.049927388501642e-01  1.199993932639435e+00  1.199999803212560e+00  1.550160666949121e+00 
 3.290223446849065e-07  1.200000000000000e+00  7.749406831449799e-01  4.816846342649706e-01  5.048607106688305e-01  1.199994040953143e+00  1.199999803212526e+00  1.550160796018854e+00 
 3.292223446849065e-07  1.200000000000000e+00  7.749435006679778e-01  4.818106956882413e-01  5.047313241614657e-01  1.199994145347154e+00  1.199999803212403e+00  1.550160920748953e+00 
 3.294223446849065e-07  1.200000000000000e+00  7.749461994593099e-01  4.819342781897743e-01  5.046044967009388e-01  1.199994246030313e+00  1.199999803212473e+00  1.550161041610796e+00 
 3.296223446849065e-07  1.200000000000000e+00  7.749487849387823e-01  4.820554584255885e-01  5.044801494365271e-01  1.199994343197253e+00  1.199999803212498e+00  1.550161159013235e+00 
 3.298223446849066e-07  1.200000000000000e+00  7.749512621777440e-01  4.821743095741204e-01  5.043582070535315e-01  1.199994437028198e+00  1.199999803212380e+00  1.550161273308521e+00 
 3.300223446849066e-07  1.200000000000000e+00  7.749536359288821e-01  4.822909015578190e-01  5.042385975522155e-01  1.199994527692253e+00  1.199999803212396e+00  1.550161384798361e+00 
 3.302223446849066e-07  1.200000000000000e+00  7.749559106528658e-01  4.824053012476088e-01  5.041212520429279e-01  1.199994615346970e+00  1.199999803212470e+00  1.550161493739828e+00 
 3.304223446849066e-07  1.200000000000000e+00  7.749580905421065e-01  4.825175726504107e-01  5.040061045589471e-01  1.199994700139876e+00  1.199999803212597e+00  1.550161600350928e+00 
 3.306223446849066e-07  1.200000000000000e+00  7.749601795422547e-01  4.826277770825878e-01  5.038930918824303e-01  1.199994782207840e+00  1.199999803212533e+00  1.550161704815760e+00 
 3.308223446849066e-07  1.200000000000000e+00  7.749621813714811e-01  4.827359733288496e-01  5.037821533839091e-01  1.199994861680426e+00  1.199999803212523e+00  1.550161807289186e+00 
 3.310223446849066e-07  1.200000000000000e+00  7.749640995378354e-01  4.828422177905154e-01  5.036732308733842e-01  1.199994938679175e+00  1.199999803212527e+00  1.550161907900938e+00 
 3.312223446849067e-07  1.200000000000000e+00  7.749659373551392e-01  4.829465646217678e-01  5.035662684636422e-01  1.199995013316966e+00  1.199999803212446e+00  1.550162006759310e+00 
 3.314223446849067e-07  1.200000000000000e+00  7.749676979571287e-01  4.830490658561094e-01  5.034612124411952e-01  1.199995085701219e+00  1.199999803212441e+00  1.550162103954306e+00 
 3.316223446849067e-07  1.200000000000000e+00  7.749693843105165e-01  4.831497715232174e-01  5.033580111486798e-01  1.199995155932183e+00  1.199999803212546e+00  1.550162199560400e+00 
 3.318223446849067e-07  1.200000000000000e+00  7.749709992267970e-01  4.832487297578289e-01  5.032566148745216e-01  1.199995224104328e+00  1.199999803212434e+00  1.550162293638847e+00 
 3.320223446849067e-07  1.200000000000000e+00  7.749725453730154e-01  4.833459869006859e-01  5.031569757503510e-01  1.199995290306612e+00  1.199999803212459e+00  1.550162386239714e+00 
 3.322223446849067e-07  1.200000000000000e+00  7.749740252816075e-01  4.834415875931181e-01  5.030590476554805e-01  1.199995354623406e+00  1.199999803212514e+00  1.550162477403547e+00 
 3.324223446849068e-07  1.200000000000000e+00  7.749754413594500e-01  4.835355748637202e-01  5.029627861278979e-01  1.199995417134202e+00  1.199999803212523e+00  1.550162567162856e+00 
 3.326223446849068e-07  1.200000000000000e+00  7.749767958960808e-01  4.836279902100478e-01  5.028681482814112e-01  1.199995477913774e+00  1.199999803212435e+00  1.550162655543335e+00 
 3.328223446849068e-07  1.200000000000000e+00  7.749780910712941e-01  4.837188736749343e-01  5.027750927278964e-01  1.199995537032606e+00  1.199999803212511e+00  1.550162742564861e+00 
 3.330223446849068e-07  1.200000000000000e+00  7.749793289620919e-01  4.838082639175267e-01  5.026835795049689e-01  1.199995594558440e+00  1.199999803212531e+00  1.550162828242512e+00 
 3.332223446849068e-07  1.200000000000000e+00  7.749805115491696e-01  4.838961982795064e-01  5.025935700079502e-01  1.199995650553992e+00  1.199999803212480e+00  1.550162912587232e+00 
 3.334223446849068e-07  1.200000000000000e+00  7.749816407227650e-01  4.839827128474677e-01  5.025050269263369e-01  1.199995705080048e+00  1.199999803212390e+00  1.550162995606525e+00 
 3.336223446849068e-07  1.200000000000000e+00  7.749827182881406e-01  4.840678425103754e-01  5.024179141847321e-01  1.199995758193607e+00  1.199999803212465e+00  1.550163077305027e+00 
 3.338223446849069e-07  1.200000000000000e+00  7.749837459706759e-01  4.841516210151555e-01  5.023321968863874e-01  1.199995809948753e+00  1.199999803212416e+00  1.550163157685028e+00 
 3.340223446849069e-07  1.200000000000000e+00  7.749847254205237e-01  4.842340810172308e-01  5.022478412608646e-01  1.199995860396505e+00  1.199999803212630e+00  1.550163236746894e+00 
 3.342223446849069e-07  1.200000000000000e+00  7.749856582169200e-01  4.843152541286911e-01  5.021648146151138e-01  1.199995909586173e+00  1.199999803212461e+00  1.550163314489441e+00 
 3.344223446849069e-07  1.200000000000000e+00  7.749865458722656e-01  4.843951709633519e-01  5.020830852863931e-01  1.199995957563935e+00  1.199999803212409e+00  1.550163390910274e+00 
 3.346223446849069e-07  1.200000000000000e+00  7.749873898358111e-01  4.844738611793600e-01  5.020026225990434e-01  1.199996004373901e+00  1.199999803212525e+00  1.550163466006124e+00 
 3.348223446849069e-07  1.200000000000000e+00  7.749881914971569e-01  4.845513535195592e-01  5.019233968235408e-01  1.199996050058804e+00  1.199999803212519e+00  1.550163539773064e+00 
 3.350223446849069e-07  1.200000000000000e+00  7.749889521894844e-01  4.846276758485170e-01  5.018453791367981e-01  1.199996094657876e+00  1.199999803212594e+00  1.550163612206752e+00 
 3.352223446849070e-07  1.200000000000000e+00  7.749896731926070e-01  4.847028551888113e-01  5.017685415864321e-01  1.199996138209938e+00  1.199999803212428e+00  1.550163683302623e+00 
 3.354223446849070e-07  1.200000000000000e+00  7.749903557357265e-01  4.847769177539460e-01  5.016928570555201e-01  1.199996180750575e+00  1.199999803212549e+00  1.550163753056090e+00 
 3.356223446849070e-07  1.200000000000000e+00  7.749910010001383e-01  4.848498889807702e-01  5.016182992298931e-01  1.199996222315648e+00  1.199999803212564e+00  1.550163821462680e+00 
 3.358223446849070e-07  1.200000000000000e+00  7.749916101216304e-01  4.849217935595272e-01  5.015448425674504e-01  1.199996262937620e+00  1.199999803212591e+00  1.550163888518150e+00 
 3.360223446849070e-07  1.200000000000000e+00  7.749921841927857e-01  4.849926554620256e-01  5.014724622686499e-01  1.199996302648423e+00  1.199999803212530e+00  1.550163954218630e+00 
 3.362223446849070e-07  1.200000000000000e+00  7.749927242651991e-01  4.850624979682875e-01  5.014011342486396e-01  1.199996341478188e+00  1.199999803212433e+00  1.550164018560688e+00 
 3.364223446849071e-07  1.200000000000000e+00  7.749932313514543e-01  4.851313436924735e-01  5.013308351103972e-01  1.199996379455749e+00  1.199999803212589e+00  1.550164081541435e+00 
 3.366223446849071e-07  1.200000000000000e+00  7.749937064270079e-01  4.851992146075472e-01  5.012615421201928e-01  1.199996416609315e+00  1.199999803212556e+00  1.550164143158557e+00 
 3.368223446849071e-07  1.200000000000000e+00  7.749941504320127e-01  4.852661320682253e-01  5.011932331833987e-01  1.199996452965129e+00  1.199999803212567e+00  1.550164203410367e+00 
 3.370223446849071e-07  1.200000000000000e+00  7.749945642729412e-01  4.853321168321414e-01  5.011258868222147e-01  1.199996488548414e+00  1.199999803212523e+00  1.550164262295884e+00 
 3.372223446849071e-07  1.200000000000000e+00  7.749949488242057e-01  4.853971890815845e-01  5.010594821535318e-01  1.199996523383657e+00  1.199999803212436e+00  1.550164319814790e+00 
 3.374223446849071e-07  1.200000000000000e+00  7.749953049296159e-01  4.854613684432011e-01  5.009939988684182e-01  1.199996557494553e+00  1.199999803212612e+00  1.550164375967471e+00 
 3.376223446849071e-07  1.200000000000000e+00  7.749956334037855e-01  4.855246740069222e-01  5.009294172129009e-01  1.199996590902751e+00  1.199999803212594e+00  1.550164430755043e+00 
 3.378223446849072e-07  1.200000000000000e+00  7.749959350334665e-01  4.855871243437985e-01  5.008657179687996e-01  1.199996623630088e+00  1.199999803212479e+00  1.550164484179335e+00 
 3.380223446849072e-07  1.200000000000000e+00  7.749962105787457e-01  4.856487375236375e-01  5.008028824361065e-01  1.199996655697160e+00  1.199999803212479e+00  1.550164536242854e+00 
 3.382223446849072e-07  1.200000000000000e+00  7.749964607742718e-01  4.857095311312494e-01  5.007408924156820e-01  1.199996687123519e+00  1.199999803212374e+00  1.550164586948792e+00 
 3.384223446849072e-07  1.200000000000000e+00  7.749966863303369e-01  4.857695222826710e-01  5.006797301930040e-01  1.199996717928239e+00  1.199999803212533e+00  1.550164636301004e+00 
 3.386223446849072e-07  1.200000000000000e+00  7.749968879339248e-01  4.858287276395639e-01  5.006193785225885e-01  1.199996748129907e+00  1.199999803212496e+00  1.550164684303983e+00 
 3.388223446849072e-07  1.200000000000000e+00  7.749970662497088e-01  4.858871634245649e-01  5.005598206128417e-01  1.199996777745670e+00  1.199999803212439e+00  1.550164730962837e+00 
 3.390223446849072e-07  1.200000000000000e+00  7.749972219209835e-01  4.859448454342957e-01  5.005010401122665e-01  1.199996806792160e+00  1.199999803212436e+00  1.550164776283226e+00 
 3.392223446849073e-07  1.200000000000000e+00  7.749973555705595e-01  4.860017890535223e-01  5.004430210946179e-01  1.199996835286392e+00  1.199999803212442e+00  1.550164820271368e+00 
 3.394223446849073e-07  1.200000000000000e+00  7.749974678016038e-01  4.860580092670977e-01  5.003857480464200e-01  1.199996863243567e+00  1.199999803212458e+00  1.550164862933987e+00 
 3.396223446849073e-07  1.200000000000000e+00  7.749975591984503e-01  4.861135206725550e-01  5.003292058543811e-01  1.199996890678451e+00  1.199999803212472e+00  1.550164904278272e+00 
 3.398223446849073e-07  1.200000000000000e+00  7.749976303273487e-01  4.861683374919853e-01  5.002733797929181e-01  1.199996917605719e+00  1.199999803212382e+00  1.550164944311859e+00 
 3.400223446849073e-07  1.200000000000000e+00  7.749976817371697e-01  4.862224735834112e-01  5.002182555123944e-01  1.199996944039388e+00  1.199999803212449e+00  1.550164983042779e+00 
 3.402223446849073e-07  1.200000000000000e+00  7.749977139601131e-01  4.862759424516590e-01  5.001638190281140e-01  1.199996969992611e+00  1.199999803212481e+00  1.550165020479418e+00 
 3.404223446849074e-07  1.200000000000000e+00  7.749977275123521e-01  4.863287572585681e-01  5.001100567096948e-01  1.199996995478632e+00  1.199999803212405e+00  1.550165056630513e+00 
 3.406223446849074e-07  1.200000000000000e+00  7.749977228946663e-01  4.863809308331076e-01  5.000569552695485e-01  1.199997020510079e+00  1.199999803212521e+00  1.550165091505074e+00 
 3.408223446849074e-07  1.200000000000000e+00  7.749977005929972e-01  4.864324756816543e-01  5.000045017542302e-01  1.199997045098778e+00  1.199999803212494e+00  1.550165125112406e+00 
 3.410223446849074e-07  1.200000000000000e+00  7.749976610790368e-01  4.864834039967851e-01  4.999526835338990e-01  1.199997069256144e+00  1.199999803212456e+00  1.550165157462044e+00 
 3.412223446849074e-07  1.200000000000000e+00  7.749976048107252e-01  4.865337276662637e-01  4.999014882929215e-01  1.199997092993980e+00  1.199999803212474e+00  1.550165188563717e+00 
 3.414223446849074e-07  1.200000000000000e+00  7.749975322328226e-01  4.865834582825093e-01  4.998509040213386e-01  1.199997116322739e+00  1.199999803212401e+00  1.550165218427347e+00 
 3.416223446849074e-07  1.200000000000000e+00  7.749974437773219e-01  4.866326071504910e-01  4.998009190061065e-01  1.199997139253044e+00  1.199999803212391e+00  1.550165247063016e+00 
 3.418223446849075e-07  1.200000000000000e+00  7.749973398639805e-01  4.866811852956803e-01  4.997515218220536e-01  1.199997161794478e+00  1.199999803212372e+00  1.550165274480955e+00 
 3.420223446849075e-07  1.200000000000000e+00  7.749972209006740e-01  4.867292034724565e-01  4.997027013244382e-01  1.199997183957595e+00  1.199999803212464e+00  1.550165300691500e+00 
 3.422223446849075e-07  1.200000000000000e+00  7.749970872839096e-01  4.867766721712349e-01  4.996544466408867e-01  1.199997205751080e+00  1.199999803212414e+00  1.550165325705086e+00 
 3.424223446849075e-07  1.200000000000000e+00  7.749969393991852e-01  4.868236016261519e-01  4.996067471638977e-01  1.199997227184856e+00  1.199999803212446e+00  1.550165349532250e+00 
 3.426223446849075e-07  1.200000000000000e+00  7.749967776214005e-01  4.868700018219592e-01  4.995595925434765e-01  1.199997248267259e+00  1.199999803212492e+00  1.550165372183597e+00 
 3.428223446849075e-07  1.200000000000000e+00  7.749966023151692e-01  4.869158825011739e-01  4.995129726799193e-01  1.199997269007303e+00  1.199999803212649e+00  1.550165393669797e+00 
 3.430223446849075e-07  1.200000000000000e+00  7.749964138352047e-01  4.869612531706281e-01  4.994668777171207e-01  1.199997289412539e+00  1.199999803212576e+00  1.550165414001557e+00 
 3.432223446849076e-07  1.200000000000000e+00  7.749962125266668e-01  4.870061231074941e-01  4.994212980358584e-01  1.199997309491600e+00  1.199999803212564e+00  1.550165433189632e+00 
 3.434223446849076e-07  1.200000000000000e+00  7.749959987254746e-01  4.870505013663478e-01  4.993762242471695e-01  1.199997329252033e+00  1.199999803212647e+00  1.550165451244820e+00 
 3.436223446849076e-07  1.200000000000000e+00  7.749957727586091e-01  4.870943967846559e-01  4.993316471862521e-01  1.199997348701377e+00  1.199999803212478e+00  1.550165468177958e+00 
 3.438223446849076e-07  1.200000000000000e+00  7.749955349444315e-01  4.871378179886928e-01  4.992875579066773e-01  1.199997367846856e+00  1.199999803212396e+00  1.550165483999905e+00 
 3.440223446849076e-07  1.200000000000000e+00  7.749952855929244e-01  4.871807733993840e-01  4.992439476743447e-01  1.199997386695846e+00  1.199999803212393e+00  1.550165498721569e+00 
 3.442223446849076e-07  1.200000000000000e+00  7.749950250059894e-01  4.872232712378995e-01  4.992008079616491e-01  1.199997405254585e+00  1.199999803212490e+00  1.550165512353865e+00 
 3.444223446849077e-07  1.200000000000000e+00  7.749947534777362e-01  4.872653195308547e-01  4.991581304421563e-01  1.199997423529801e+00  1.199999803212548e+00  1.550165524907751e+00 
 3.446223446849077e-07  1.200000000000000e+00  7.749944712947121e-01  4.873069261154948e-01  4.991159069852433e-01  1.199997441528357e+00  1.199999803212561e+00  1.550165536394246e+00 
 3.448223446849077e-07  1.200000000000000e+00  7.749941787360749e-01  4.873480986449448e-01  4.990741296507695e-01  1.199997459256439e+00  1.199999803212537e+00  1.550165546824382e+00 
 3.450223446849077e-07  1.200000000000000e+00  7.749938760739195e-01  4.873888445927183e-01  4.990327906842101e-01  1.199997476720071e+00  1.199999803212423e+00  1.550165556209201e+00 
 3.452223446849077e-07  1.200000000000000e+00  7.749935635734552e-01  4.874291712580224e-01  4.989918825121052e-01  1.199997493924917e+00  1.199999803212445e+00  1.550165564559851e+00 
 3.454223446849077e-07  1.200000000000000e+00  7.749932414932260e-01  4.874690857696453e-01  4.989513977365522e-01  1.199997510876359e+00  1.199999803212392e+00  1.550165571887507e+00 
 3.456223446849077e-07  1.200000000000000e+00  7.749929100853431e-01  4.875085950911027e-01  4.989113291313659e-01  1.199997527580687e+00  1.199999803212398e+00  1.550165578203420e+00 
 3.458223446849078e-07  1.200000000000000e+00  7.749925695956016e-01  4.875477060247116e-01  4.988716696369386e-01  1.199997544042969e+00  1.199999803212507e+00  1.550165583518885e+00 
 3.460223446849078e-07  1.200000000000000e+00  7.749922202637731e-01  4.875864252157918e-01  4.988324123562649e-01  1.199997560268213e+00  1.199999803212502e+00  1.550165587845280e+00 
 3.462223446849078e-07  1.200000000000000e+00  7.749918623237160e-01  4.876247591565313e-01  4.987935505510663e-01  1.199997576261745e+00  1.199999803212501e+00  1.550165591194060e+00 
 3.464223446849078e-07  1.200000000000000e+00  7.749914960035753e-01  4.876627141905979e-01  4.987550776369785e-01  1.199997592028663e+00  1.199999803212473e+00  1.550165593576759e+00 
 3.466223446849078e-07  1.200000000000000e+00  7.749911215259544e-01  4.877002965166095e-01  4.987169871800347e-01  1.199997607573083e+00  1.199999803212507e+00  1.550165595005018e+00 
 3.468223446849078e-07  1.200000000000000e+00  7.749907391080643e-01  4.877375121916377e-01  4.986792728929752e-01  1.199997622899975e+00  1.199999803212497e+00  1.550165595490544e+00 
 3.470223446849078e-07  1.200000000000000e+00  7.749903489618867e-01  4.877743671354617e-01  4.986419286306120e-01  1.199997638014216e+00  1.199999803212467e+00  1.550165595045177e+00 
 3.472223446849079e-07  1.200000000000000e+00  7.749899512943575e-01  4.878108671338648e-01  4.986049483872951e-01  1.199997652920042e+00  1.199999803212499e+00  1.550165593680843e+00 
 3.474223446849079e-07  1.200000000000000e+00  7.749895463074453e-01  4.878470178418743e-01  4.985683262924803e-01  1.199997667621572e+00  1.199999803212475e+00  1.550165591409593e+00 
 3.476223446849079e-07  1.200000000000000e+00  7.749891341983578e-01  4.878828247874576e-01  4.985320566076857e-01  1.199997682122935e+00  1.199999803212427e+00  1.550165588243598e+00 
 3.478223446849079e-07  1.200000000000000e+00  7.749887151596063e-01  4.879182933746447e-01  4.984961337233258e-01  1.199997696428246e+00  1.199999803212471e+00  1.550165584195135e+00 
 3.480223446849079e-07  1.200000000000000e+00  7.749882893792348e-01  4.879534288871381e-01  4.984605521549904e-01  1.199997710541414e+00  1.199999803212424e+00  1.550165579276615e+00 
 3.482223446849079e-07  1.200000000000000e+00  7.749878570408879e-01  4.879882364904699e-01  4.984253065403902e-01  1.199997724466674e+00  1.199999803212558e+00  1.550165573500572e+00 
 3.484223446849080e-07  1.200000000000000e+00  7.749874183239187e-01  4.880227212355017e-01  4.983903916363698e-01  1.199997738207478e+00  1.199999803212581e+00  1.550165566879654e+00 
 3.486223446849080e-07  1.200000000000000e+00  7.749869734035049e-01  4.880568880617802e-01  4.983558023157194e-01  1.199997751767302e+00  1.199999803212497e+00  1.550165559426662e+00 
 3.488223446849080e-07  1.200000000000000e+00  7.749865224508328e-01  4.880907417994556e-01  4.983215335648307e-01  1.199997765149517e+00  1.199999803212463e+00  1.550165551154496e+00 
 3.490223446849080e-07  1.200000000000000e+00  7.749860656331248e-01  4.881242871734168e-01  4.982875804800207e-01  1.199997778357922e+00  1.199999803212428e+00  1.550165542076192e+00 
 3.492223446849080e-07  1.200000000000000e+00  7.749856031137988e-01  4.881575288043176e-01  4.982539382653827e-01  1.199997791396374e+00  1.199999803212475e+00  1.550165532204929e+00 
 3.494223446849080e-07  1.200000000000000e+00  7.749851350525372e-01  4.881904712126852e-01  4.982206022295811e-01  1.199997804267119e+00  1.199999803212529e+00  1.550165521554006e+00 
 3.496223446849080e-07  1.200000000000000e+00  7.749846616054237e-01  4.882231188203403e-01  4.981875677836256e-01  1.199997816973910e+00  1.199999803212522e+00  1.550165510136830e+00 
 3.498223446849081e-07  1.200000000000000e+00  7.749841829249868e-01  4.882554759539985e-01  4.981548304381512e-01  1.199997829520019e+00  1.199999803212411e+00  1.550165497966921e+00 
 3.500223446849081e-07  1.200000000000000e+00  7.749836991603429e-01  4.882875468465367e-01  4.981223858008303e-01  1.199997841908000e+00  1.199999803212549e+00  1.550165485057931e+00 
 3.502223446849081e-07  1.200000000000000e+00  7.749832104572729e-01  4.883193356398889e-01  4.980902295742183e-01  1.199997854141239e+00  1.199999803212571e+00  1.550165471423602e+00 
 3.504223446849081e-07  1.200000000000000e+00  7.749827169583046e-01  4.883508463876459e-01  4.980583575531375e-01  1.199997866222468e+00  1.199999803212484e+00  1.550165457077780e+00 
 3.506223446849081e-07  1.200000000000000e+00  7.749822188027848e-01  4.883820830564565e-01  4.980267656224614e-01  1.199997878154270e+00  1.199999803212442e+00  1.550165442034409e+00 
 3.508223446849081e-07  1.200000000000000e+00  7.749817161269899e-01  4.884130495292685e-01  4.979954497549234e-01  1.199997889939724e+00  1.199999803212393e+00  1.550165426307512e+00 
 3.510223446849081e-07  1.200000000000000e+00  7.749812090641803e-01  4.884437496064938e-01  4.979644060092093e-01  1.199997901581349e+00  1.199999803212503e+00  1.550165409911171e+00 
 3.512223446849082e-07  1.200000000000000e+00  7.749806977446875e-01  4.884741870088051e-01  4.979336305269300e-01  1.199997913081932e+00  1.199999803212495e+00  1.550165392859568e+00 
 3.514223446849082e-07  1.200000000000000e+00  7.749801822959955e-01  4.885043653784345e-01  4.979031195315612e-01  1.199997924443697e+00  1.199999803212471e+00  1.550165375166928e+00 
 3.516223446849082e-07  1.200000000000000e+00  7.749796628427742e-01  4.885342882814354e-01  4.978728693260470e-01  1.199997935669316e+00  1.199999803212520e+00  1.550165356847520e+00 
 3.518223446849082e-07  1.200000000000000e+00  7.749791395070162e-01  4.885639592098917e-01  4.978428762907828e-01  1.199997946761290e+00  1.199999803212415e+00  1.550165337915669e+00 
 3.520223446849082e-07  1.200000000000000e+00  7.749786124080669e-01  4.885933815834499e-01  4.978131368815318e-01  1.199997957721829e+00  1.199999803212467e+00  1.550165318385713e+00 
 3.522223446849082e-07  1.200000000000000e+00  7.749780816626481e-01  4.886225587507740e-01  4.977836476276835e-01  1.199997968553414e+00  1.199999803212453e+00  1.550165298272004e+00 
 3.524223446849083e-07  1.200000000000000e+00  7.749775473850187e-01  4.886514939917285e-01  4.977544051311026e-01  1.199997979258362e+00  1.199999803212513e+00  1.550165277588910e+00 
 3.526223446849083e-07  1.200000000000000e+00  7.749770096869492e-01  4.886801905195146e-01  4.977254060632141e-01  1.199997989838628e+00  1.199999803212429e+00  1.550165256350782e+00 
 3.528223446849083e-07  1.200000000000000e+00  7.749764686778595e-01  4.887086514814402e-01  4.976966471641073e-01  1.199998000296431e+00  1.199999803212478e+00  1.550165234571940e+00 
 3.530223446849083e-07  1.200000000000000e+00  7.749759244647811e-01  4.887368799607355e-01  4.976681252409860e-01  1.199998010634195e+00  1.199999803212450e+00  1.550165212266698e+00 
 3.532223446849083e-07  1.200000000000000e+00  7.749753771524912e-01  4.887648789787410e-01  4.976398371653541e-01  1.199998020853555e+00  1.199999803212507e+00  1.550165189449305e+00 
 3.534223446849083e-07  1.200000000000000e+00  7.749748268435377e-01  4.887926514957560e-01  4.976117798728297e-01  1.199998030956548e+00  1.199999803212507e+00  1.550165166133965e+00 
 3.536223446849083e-07  1.200000000000000e+00  7.749742736382866e-01  4.888202004128525e-01  4.975839503608904e-01  1.199998040945497e+00  1.199999803212501e+00  1.550165142334794e+00 
 3.538223446849084e-07  1.200000000000000e+00  7.749737176350017e-01  4.888475285732862e-01  4.975563456871696e-01  1.199998050822108e+00  1.199999803212490e+00  1.550165118065833e+00 
 3.540223446849084e-07  1.200000000000000e+00  7.749731589298765e-01  4.888746387639425e-01  4.975289629686661e-01  1.199998060588203e+00  1.199999803212558e+00  1.550165093341040e+00 
 3.542223446849084e-07  1.200000000000000e+00  7.749725976170737e-01  4.889015337163289e-01  4.975017993799448e-01  1.199998070245691e+00  1.199999803212555e+00  1.550165068174252e+00 
 3.544223446849084e-07  1.200000000000000e+00  7.749720337887583e-01  4.889282161088489e-01  4.974748521517849e-01  1.199998079796620e+00  1.199999803212575e+00  1.550165042579189e+00 
 3.546223446849084e-07  1.200000000000000e+00  7.749714675352110e-01  4.889546885668411e-01  4.974481185695466e-01  1.199998089242471e+00  1.199999803212591e+00  1.550165016569446e+00 
 3.548223446849084e-07  1.200000000000000e+00  7.749708989448051e-01  4.889809536648870e-01  4.974215959717388e-01  1.199998098585038e+00  1.199999803212521e+00  1.550164990158465e+00 
 3.550223446849085e-07  1.200000000000000e+00  7.749703281040788e-01  4.890070139276076e-01  4.973952817496464e-01  1.199998107825909e+00  1.199999803212413e+00  1.550164963359537e+00 
 3.552223446849085e-07  1.200000000000000e+00  7.749697550977611e-01  4.890328718308569e-01  4.973691733454408e-01  1.199998116966584e+00  1.199999803212450e+00  1.550164936185771e+00 
 3.554223446849085e-07  1.200000000000000e+00  7.749691800088266e-01  4.890585298030962e-01  4.973432682506874e-01  1.199998126009191e+00  1.199999803212516e+00  1.550164908650107e+00 
 3.556223446849085e-07  1.200000000000000e+00  7.749686029185445e-01  4.890839902264550e-01  4.973175640057783e-01  1.199998134955086e+00  1.199999803212509e+00  1.550164880765310e+00 
 3.558223446849085e-07  1.200000000000000e+00  7.749680239064860e-01  4.891092554376054e-01  4.972920581982729e-01  1.199998143805513e+00  1.199999803212508e+00  1.550164852543925e+00 
 3.560223446849085e-07  1.200000000000000e+00  7.749674430505843e-01  4.891343277291528e-01  4.972667484619441e-01  1.199998152562228e+00  1.199999803212593e+00  1.550164823998316e+00 
 3.562223446849085e-07  1.200000000000000e+00  7.749668604271767e-01  4.891592093505370e-01  4.972416324757344e-01  1.199998161226493e+00  1.199999803212427e+00  1.550164795140605e+00 
 3.564223446849086e-07  1.200000000000000e+00  7.749662761110169e-01  4.891839025091519e-01  4.972167079624807e-01  1.199998169800195e+00  1.199999803212564e+00  1.550164765982690e+00 
 3.566223446849086e-07  1.200000000000000e+00  7.749656901753307e-01  4.892084093714904e-01  4.971919726880402e-01  1.199998178284671e+00  1.199999803212489e+00  1.550164736536249e+00 
 3.568223446849086e-07  1.200000000000000e+00  7.749651026822071e-01  4.892327320734400e-01  4.971674244470694e-01  1.199998186730544e+00  1.199999803212517e+00  1.550164706812705e+00 
 3.570223446849086e-07  1.200000000000000e+00  7.749645137076343e-01  4.892568726956550e-01  4.971430610960342e-01  1.199998195050395e+00  1.199999803212564e+00  1.550164676823222e+00 
 3.572223446849086e-07  1.200000000000000e+00  7.749639233236086e-01  4.892808332843231e-01  4.971188805284080e-01  1.199998203273377e+00  1.199999803212427e+00  1.550164646578746e+00 
 3.574223446849086e-07  1.200000000000000e+00  7.749633315984311e-01  4.893046158501747e-01  4.970948806732182e-01  1.199998211411913e+00  1.199999803212449e+00  1.550164616089910e+00 
 3.576223446849086e-07  1.200000000000000e+00  7.749627385983335e-01  4.893282223681266e-01  4.970710594968707e-01  1.199998219468087e+00  1.199999803212575e+00  1.550164585367090e+00 
 3.578223446849087e-07  1.200000000000000e+00  7.749621443880458e-01  4.893516547776702e-01  4.970474150025495e-01  1.199998227443263e+00  1.199999803212537e+00  1.550164554420434e+00 
 3.580223446849087e-07  1.200000000000000e+00  7.749615490309228e-01  4.893749149835597e-01  4.970239452299409e-01  1.199998235338244e+00  1.199999803212496e+00  1.550164523259790e+00 
 3.582223446849087e-07  1.200000000000000e+00  7.749609525890169e-01  4.893980048569612e-01  4.970006482538862e-01  1.199998243153718e+00  1.199999803212530e+00  1.550164491894743e+00 
 3.584223446849087e-07  1.200000000000000e+00  7.749603551231029e-01  4.894209262352564e-01  4.969775221842841e-01  1.199998250891672e+00  1.199999803212489e+00  1.550164460334605e+00 
 3.586223446849087e-07  1.200000000000000e+00  7.749597566927219e-01  4.894436809243053e-01  4.969545651644006e-01  1.199998258552954e+00  1.199999803212518e+00  1.550164428588391e+00 
 3.588223446849087e-07  1.200000000000000e+00  7.749591573562219e-01  4.894662706979379e-01  4.969317753707559e-01  1.199998266138660e+00  1.199999803212562e+00  1.550164396664848e+00 
 3.590223446849088e-07  1.200000000000000e+00  7.749585571707313e-01  4.894886972989498e-01  4.969091510121404e-01  1.199998273649990e+00  1.199999803212514e+00  1.550164364572431e+00 
 3.592223446849088e-07  1.200000000000000e+00  7.749579561922124e-01  4.895109624402754e-01  4.968866903286658e-01  1.199998281088221e+00  1.199999803212464e+00  1.550164332319299e+00 
 3.594223446849088e-07  1.200000000000000e+00  7.749573544754894e-01  4.895330678050008e-01  4.968643915917291e-01  1.199998288453805e+00  1.199999803212597e+00  1.550164299913336e+00 
 3.596223446849088e-07  1.200000000000000e+00  7.749567520742998e-01  4.895550150479750e-01  4.968422531025112e-01  1.199998295748383e+00  1.199999803212566e+00  1.550164267362126e+00 
 3.598223446849088e-07  1.200000000000000e+00  7.749561490412625e-01  4.895768057955079e-01  4.968202731916284e-01  1.199998302972600e+00  1.199999803212520e+00  1.550164234672977e+00 
 3.600223446849088e-07  1.200000000000000e+00  7.749555454279140e-01  4.895984416465960e-01  4.967984502182340e-01  1.199998310127719e+00  1.199999803212473e+00  1.550164201852915e+00 
 3.602223446849088e-07  1.200000000000000e+00  7.749549412847344e-01  4.896199241733132e-01  4.967767825696962e-01  1.199998317214295e+00  1.199999803212497e+00  1.550164168908693e+00 
 3.604223446849089e-07  1.200000000000000e+00  7.749543366611957e-01  4.896412549217515e-01  4.967552686605697e-01  1.199998324234169e+00  1.199999803212443e+00  1.550164135846772e+00 
 3.606223446849089e-07  1.200000000000000e+00  7.749537316057560e-01  4.896624354120697e-01  4.967339069322766e-01  1.199998331187490e+00  1.199999803212476e+00  1.550164102673349e+00 
 3.608223446849089e-07  1.200000000000000e+00  7.749531261658728e-01  4.896834671393157e-01  4.967126958525763e-01  1.199998338075196e+00  1.199999803212415e+00  1.550164069394347e+00 
 3.610223446849089e-07  1.200000000000000e+00  7.749525203880280e-01  4.897043515744059e-01  4.966916339145480e-01  1.199998344898977e+00  1.199999803212435e+00  1.550164036015430e+00 
 3.612223446849089e-07  1.200000000000000e+00  7.749519143177550e-01  4.897250901641204e-01  4.966707196365573e-01  1.199998351658862e+00  1.199999803212468e+00  1.550164002541983e+00 
 3.614223446849089e-07  1.200000000000000e+00  7.749513079996448e-01  4.897456843316217e-01  4.966499515610244e-01  1.199998358356156e+00  1.199999803212495e+00  1.550163968979155e+00 
 3.616223446849089e-07  1.200000000000000e+00  7.749507014773901e-01  4.897661354775114e-01  4.966293282543842e-01  1.199998364991787e+00  1.199999803212442e+00  1.550163935331847e+00 
 3.618223446849090e-07  1.200000000000000e+00  7.749500947937672e-01  4.897864449799605e-01  4.966088483063061e-01  1.199998371566478e+00  1.199999803212568e+00  1.550163901604689e+00 
 3.620223446849090e-07  1.200000000000000e+00  7.749494879906669e-01  4.898066141954269e-01  4.965885103292015e-01  1.199998378081240e+00  1.199999803212437e+00  1.550163867802097e+00 
 3.622223446849090e-07  1.200000000000000e+00  7.749488811091273e-01  4.898266444586605e-01  4.965683129580156e-01  1.199998384536350e+00  1.199999803212466e+00  1.550163833928239e+00 
 3.624223446849090e-07  1.200000000000000e+00  7.749482741893394e-01  4.898465370837203e-01  4.965482548490492e-01  1.199998390933096e+00  1.199999803212512e+00  1.550163799987049e+00 
 3.626223446849090e-07  1.200000000000000e+00  7.749476672706542e-01  4.898662933640548e-01  4.965283346802485e-01  1.199998397272233e+00  1.199999803212465e+00  1.550163765982255e+00 
 3.628223446849090e-07  1.200000000000000e+00  7.749470603916132e-01  4.898859145733126e-01  4.965085511500272e-01  1.199998403554397e+00  1.199999803212508e+00  1.550163731917381e+00 
 3.630223446849091e-07  1.200000000000000e+00  7.749464535899542e-01  4.899054019654936e-01  4.964889029775554e-01  1.199998409780255e+00  1.199999803212551e+00  1.550163697795726e+00 
 3.632223446849091e-07  1.200000000000000e+00  7.749458469026106e-01  4.899247567755439e-01  4.964693889016588e-01  1.199998415950876e+00  1.199999803212614e+00  1.550163663620391e+00 
 3.634223446849091e-07  1.200000000000000e+00  7.749452403657582e-01  4.899439802196450e-01  4.964500076807102e-01  1.199998422066990e+00  1.199999803212590e+00  1.550163629394298e+00 
 3.636223446849091e-07  1.200000000000000e+00  7.749446340148222e-01  4.899630734955770e-01  4.964307580918638e-01  1.199998428128892e+00  1.199999803212464e+00  1.550163595120186e+00 
 3.638223446849091e-07  1.200000000000000e+00  7.749440278845073e-01  4.899820377835581e-01  4.964116389311466e-01  1.199998434137571e+00  1.199999803212391e+00  1.550163560800608e+00 
 3.640223446849091e-07  1.200000000000000e+00  7.749434220087165e-01  4.900008742460836e-01  4.963926490125267e-01  1.199998440093964e+00  1.199999803212404e+00  1.550163526437948e+00 
 3.642223446849091e-07  1.200000000000000e+00  7.749428164206993e-01  4.900195840283709e-01  4.963737871682111e-01  1.199998445998177e+00  1.199999803212518e+00  1.550163492034431e+00 
 3.644223446849092e-07  1.200000000000000e+00  7.749422111529852e-01  4.900381682589243e-01  4.963550522475744e-01  1.199998451851406e+00  1.199999803212475e+00  1.550163457592119e+00 
 3.646223446849092e-07  1.200000000000000e+00  7.749416062374187e-01  4.900566280499106e-01  4.963364431166104e-01  1.199998457654156e+00  1.199999803212504e+00  1.550163423112945e+00 
 3.648223446849092e-07  1.200000000000000e+00  7.749410017051529e-01  4.900749644975073e-01  4.963179586586077e-01  1.199998463407180e+00  1.199999803212549e+00  1.550163388598697e+00 
 3.650223446849092e-07  1.200000000000000e+00  7.749403975866960e-01  4.900931786821623e-01  4.962995977728073e-01  1.199998469110597e+00  1.199999803212519e+00  1.550163354051042e+00 
 3.652223446849092e-07  1.200000000000000e+00  7.749397939118771e-01  4.901112716686427e-01  4.962813593746702e-01  1.199998474765623e+00  1.199999803212566e+00  1.550163319471501e+00 
 3.654223446849092e-07  1.200000000000000e+00  7.749391907099107e-01  4.901292445068492e-01  4.962632423948911e-01  1.199998480372632e+00  1.199999803212524e+00  1.550163284861502e+00 
 3.656223446849092e-07  1.200000000000000e+00  7.749385880093770e-01  4.901470982322063e-01  4.962452457797814e-01  1.199998485932249e+00  1.199999803212573e+00  1.550163250222358e+00 
 3.658223446849093e-07  1.200000000000000e+00  7.749379858382566e-01  4.901648338654825e-01  4.962273684901427e-01  1.199998491445256e+00  1.199999803212442e+00  1.550163215555269e+00 
 3.660223446849093e-07  1.200000000000000e+00  7.749373842238705e-01  4.901824524128870e-01  4.962096095020858e-01  1.199998496911933e+00  1.199999803212473e+00  1.550163180861354e+00 
 3.662223446849093e-07  1.200000000000000e+00  7.749367831929995e-01  4.901999548672248e-01  4.961919678053701e-01  1.199998502333306e+00  1.199999803212502e+00  1.550163146141647e+00 
 3.664223446849093e-07  1.200000000000000e+00  7.749361827718054e-01  4.902173422077506e-01  4.961744424043356e-01  1.199998507709219e+00  1.199999803212453e+00  1.550163111397099e+00 
 3.666223446849093e-07  1.200000000000000e+00  7.749355829859016e-01  4.902346154003953e-01  4.961570323165003e-01  1.199998513040744e+00  1.199999803212490e+00  1.550163076628583e+00 
 3.668223446849093e-07  1.200000000000000e+00  7.749349838603362e-01  4.902517753983332e-01  4.961397365731729e-01  1.199998518328314e+00  1.199999803212529e+00  1.550163041836919e+00 
 3.670223446849094e-07  1.200000000000000e+00  7.749343854195977e-01  4.902688231411859e-01  4.961225542188640e-01  1.199998523572575e+00  1.199999803212493e+00  1.550163007022871e+00 
 3.672223446849094e-07  1.200000000000000e+00  7.749337876876238e-01  4.902857595569093e-01  4.961054843108035e-01  1.199998528773874e+00  1.199999803212526e+00  1.550162972187119e+00 
 3.674223446849094e-07  1.200000000000000e+00  7.749331906878195e-01  4.903025855609489e-01  4.960885259189894e-01  1.199998533932934e+00  1.199999803212579e+00  1.550162937330319e+00 
 3.676223446849094e-07  1.200000000000000e+00  7.749325944431064e-01  4.903193020564551e-01  4.960716781258744e-01  1.199998539050129e+00  1.199999803212452e+00  1.550162902453078e+00 
 3.678223446849094e-07  1.200000000000000e+00  7.749319989758376e-01  4.903359099354021e-01  4.960549400254007e-01  1.199998544126100e+00  1.199999803212489e+00  1.550162867555970e+00 
 3.680223446849094e-07  1.200000000000000e+00  7.749314043079014e-01  4.903524100779107e-01  4.960383107241513e-01  1.199998549161131e+00  1.199999803212432e+00  1.550162832639538e+00 
 3.682223446849094e-07  1.200000000000000e+00  7.749308104607014e-01  4.903688033528571e-01  4.960217893400053e-01  1.199998554155946e+00  1.199999803212555e+00  1.550162797704301e+00 
 3.684223446849095e-07  1.200000000000000e+00  7.749302174551156e-01  4.903850906180750e-01  4.960053750020664e-01  1.199998559111161e+00  1.199999803212532e+00  1.550162762750747e+00 
 3.686223446849095e-07  1.200000000000000e+00  7.749296253115697e-01  4.904012727206118e-01  4.959890668504908e-01  1.199998564026387e+00  1.199999803212586e+00  1.550162727779339e+00 
 3.688223446849095e-07  1.200000000000000e+00  7.749290340500083e-01  4.904173504967791e-01  4.959728640365966e-01  1.199998568902883e+00  1.199999803212553e+00  1.550162692790565e+00 
 3.690223446849095e-07  1.200000000000000e+00  7.749284436899472e-01  4.904333247725601e-01  4.959567657225559e-01  1.199998573741195e+00  1.199999803212523e+00  1.550162657784883e+00 
 3.692223446849095e-07  1.200000000000000e+00  7.749278542504143e-01  4.904491963637020e-01  4.959407710808167e-01  1.199998578541279e+00  1.199999803212477e+00  1.550162622762736e+00 
 3.694223446849095e-07  1.200000000000000e+00  7.749272657500113e-01  4.904649660758924e-01  4.959248792944279e-01  1.199998583304017e+00  1.199999803212417e+00  1.550162587724573e+00 
 3.696223446849095e-07  1.200000000000000e+00  7.749266782068972e-01  4.904806347052054e-01  4.959090895560883e-01  1.199998588029514e+00  1.199999803212442e+00  1.550162552670852e+00 
 3.698223446849096e-07  1.200000000000000e+00  7.749260916388163e-01  4.904962030377013e-01  4.958934010687583e-01  1.199998592718265e+00  1.199999803212480e+00  1.550162517602034e+00 
 3.700111723424548e-07  1.200000000000000e+00  7.749255387481291e-01  4.905108103335484e-01  4.958786811965768e-01  1.199998597109977e+00  1.199999803212683e+00  1.550162484479114e+00 
 3.702000000000001e-07  1.199999999999960e+00  7.749249867563022e-01  4.905253295556282e-01  4.958640502302477e-01  1.199998601471555e+00  1.199999803212406e+00  1.550162451342942e+00 
 3.702002493602406e-07  1.198503838556513e+00  7.749199565495405e-01  4.905206573574892e-01  4.958639451014398e-01  1.199993240701920e+00  1.199999656558627e+00  1.550162451299168e+00 
 3.702007480807218e-07  1.195511515669617e+00  7.749070917091844e-01  4.905090288817316e-01  4.958636922937777e-01  1.199980624672782e+00  1.199999291897148e+00  1.550162451211619e+00 
 3.702013701794425e-07  1.191778923345633e+00  7.748902078886694e-01  4.904943168802056e-01  4.958633571112190e-01  1.199966986696872e+00  1.199998912635121e+00  1.550162451102419e+00 
 3.702021155067452e-07  1.187306959529163e+00  7.748715302467879e-01  4.904786556614015e-01  4.958629696430718e-01  1.199955501896639e+00  1.199998668052406e+00  1.550162450971594e+00 
 3.702032361970448e-07  1.180582817731891e+00  7.748468799205287e-01  4.904587467489168e-01  4.958624287088644e-01  1.199945569838162e+00  1.199998615432962e+00  1.550162450774883e+00 
 3.702052038844412e-07  1.168776693353205e+00  7.748102616241866e-01  4.904299772536575e-01  4.958615697612045e-01  1.199940053718490e+00  1.199998898609603e+00  1.550162450429525e+00 
 3.702073916636332e-07  1.155650018201167e+00  7.747762957954493e-01  4.904034120950889e-01  4.958607166304628e-01  1.199943148626778e+00  1.199999331555818e+00  1.550162450045535e+00 
 3.702106523360530e-07  1.136085983682216e+00  7.747343221069467e-01  4.903698239938519e-01  4.958595894039951e-01  1.199953939722371e+00  1.199999807118573e+00  1.550162449473200e+00 
 3.702149116566950e-07  1.110530059830630e+00  7.746901957781458e-01  4.903330564222943e-01  4.958583038461502e-01  1.199969348623496e+00  1.200000084748707e+00  1.550162448725400e+00 
 3.702223588241278e-07  1.065847055233478e+00  7.746313985395813e-01  4.902815732958664e-01  4.958563756215615e-01  1.199989844554127e+00  1.200000135747853e+00  1.550162447416138e+00 
 3.702319344661458e-07  1.008393203125810e+00  7.745759267836074e-01  4.902306546989436e-01  4.958542354489406e-01  1.200004224388518e+00  1.200000008472862e+00  1.550162445723920e+00 
 3.702433980042462e-07  9.396119745233187e-01  7.745233825035285e-01  4.901814212717466e-01  4.958519016119616e-01  1.200010320859431e+00  1.199999884738125e+00  1.550162443666656e+00 
 3.702577868414607e-07  8.532789512359658e-01  7.744641066999259e-01  4.901264835298841e-01  4.958491231351331e-01  1.200010809240246e+00  1.199999825438956e+00  1.550162440973576e+00 
 3.702664946045505e-07  8.010323726972178e-01  7.744344804421138e-01  4.900991657006631e-01  4.958476279302878e-01  1.200011017457866e+00  1.199999854520747e+00  1.550162439249718e+00 
 3.702752544689602e-07  7.484731862391449e-01  7.744252228028754e-01  4.900892916881340e-01  4.958466531625501e-01  1.200017413622097e+00  1.199999974103519e+00  1.550162437404956e+00 
 3.702852893366027e-07  6.882639803844309e-01  7.744762536547570e-01  4.901297581647965e-01  4.958470098104733e-01  1.200036824464339e+00  1.200000194130761e+00  1.550162435095379e+00 
 3.702948767897064e-07  6.307392617619100e-01  7.746301776112204e-01  4.902569011469380e-01  4.958497430728810e-01  1.200064448051919e+00  1.200000423127677e+00  1.550162432627112e+00 
 3.703032742522425e-07  5.803544865451602e-01  7.748899617971901e-01  4.904741457560061e-01  4.958548226803744e-01  1.200092015942779e+00  1.200000609181169e+00  1.550162430198989e+00 
 3.703102949473517e-07  5.382303158901292e-01  7.752296858237196e-01  4.907601173228225e-01  4.958615254329681e-01  1.200116280901734e+00  1.200000749103695e+00  1.550162427940124e+00 
 3.703165445789708e-07  5.007325261756183e-01  7.756550651543727e-01  4.911194394549946e-01  4.958697690385877e-01  1.200139429093436e+00  1.200000861570342e+00  1.550162425727476e+00 
 3.703225341488550e-07  4.647951068706744e-01  7.762003718052302e-01  4.915804240262057e-01  4.958800164207724e-01  1.200164441748991e+00  1.200000957882686e+00  1.550162423408338e+00 
 3.703287986962815e-07  4.272078223113579e-01  7.769478412606031e-01  4.922106600578808e-01  4.958935237151427e-01  1.200195555723861e+00  1.200001042181078e+00  1.550162420757725e+00 
 3.703354591294966e-07  3.872452230206053e-01  7.779737350367232e-01  4.930689997465872e-01  4.959113182791270e-01  1.200236510491544e+00  1.200001101813545e+00  1.550162417676041e+00 
 3.703425011615601e-07  3.449930306398794e-01  7.793361788699703e-01  4.941925351751765e-01  4.959341909542805e-01  1.200291158968132e+00  1.200001121469453e+00  1.550162414123227e+00 
 3.703473699414709e-07  3.157803511747376e-01  7.804469265522519e-01  4.950924960795452e-01  4.959525020498041e-01  1.200337688485019e+00  1.200001115418969e+00  1.550162411497495e+00 
 3.703536171132344e-07  2.782973205939689e-01  7.820750132512874e-01  4.963816150034341e-01  4.959790897823343e-01  1.200410610639399e+00  1.200001115851159e+00  1.550162407952710e+00 
 3.703585455820701e-07  2.487265075795494e-01  7.835210267981231e-01  4.974851636957126e-01  4.960025883738082e-01  1.200479461872186e+00  1.200001129896874e+00  1.550162405045317e+00 
 3.703626577159100e-07  2.240537045406167e-01  7.848376931841934e-01  4.984390751299558e-01  4.960239483998248e-01  1.200537751669475e+00  1.200001151290300e+00  1.550162402570251e+00 
 3.703664114824317e-07  2.015311054102189e-01  7.861252103565347e-01  4.993117207601234e-01  4.960448645480701e-01  1.200567301001072e+00  1.200001176039123e+00  1.550162400296381e+00 
 3.703708026470541e-07  1.751841176756088e-01  7.877162215806708e-01  5.003169461854526e-01  4.960710083071815e-01  1.200502971803621e+00  1.200001204413820e+00  1.550162397659269e+00 
 3.703750497637288e-07  1.497014176273328e-01  7.892984723067777e-01  5.012808547166713e-01  4.960978671647640e-01  1.200233839021188e+00  1.200001225272901e+00  1.550162395180527e+00 
 3.703785909722307e-07  1.284541666162193e-01  7.906105078025585e-01  5.020883474749565e-01  4.961213095211730e-01  1.199718541020607e+00  1.200001239180466e+00  1.550162393207468e+00 
 3.703813352238838e-07  1.119886566978214e-01  7.916072558044153e-01  5.027171777258796e-01  4.961400921757480e-01  1.199021284325195e+00  1.200001255147724e+00  1.550162391762036e+00 
 3.703837508385814e-07  9.749496851218775e-02  7.924655566487090e-01  5.032706181866686e-01  4.961570730091149e-01  1.198096377670192e+00  1.200001278640637e+00  1.550162390568574e+00 
 3.703861157361361e-07  8.330558318365200e-02  7.932852034471319e-01  5.038105755435931e-01  4.961741075731290e-01  1.196821258297400e+00  1.200001310389241e+00  1.550162389488851e+00 
 3.703889533994181e-07  6.627960349207962e-02  7.942373891142059e-01  5.044542181986952e-01  4.961950876297597e-01  1.194721445620525e+00  1.200001356822373e+00  1.550162388335361e+00 
 3.703915686641545e-07  5.058801507336996e-02  7.950822546367150e-01  5.050416686009140e-01  4.962149532667682e-01  1.192231473807593e+00  1.200001406060644e+00  1.550162387434906e+00 
 3.703947977769131e-07  3.121333852192176e-02  7.960812494403244e-01  5.057562239701093e-01  4.962402057300341e-01  1.188430494722142e+00  1.200001475257503e+00  1.550162386583585e+00 
 3.703968039421953e-07  1.917634682873182e-02  7.966783029621156e-01  5.061931029568538e-01  4.962563108150788e-01  1.185673006719754e+00  1.200001523390658e+00  1.550162386218644e+00 
 3.703984019710977e-07  9.588173414459833e-03  7.971414706564118e-01  5.065366074718050e-01  4.962693743232948e-01  1.183399145228621e+00  1.200001564639463e+00  1.550162386029044e+00 
 3.704000000000001e-07  0.000000000000000e+00  7.975938128919889e-01  5.068755202395449e-01  4.962826493935967e-01  1.181403080868807e+00  1.200001608188247e+00  1.550162385938742e+00 
 3.704001292822819e-07  0.000000000000000e+00  7.976325726997032e-01  5.069043630613028e-01  4.962837824146253e-01  1.181263233870137e+00  1.200001690420557e+00  1.550162385936162e+00 
 3.704003878468453e-07  0.000000000000000e+00  7.977117290553095e-01  5.069621972862505e-01  4.962860675199742e-01  1.180999780355201e+00  1.200001907395826e+00  1.550162385932734e+00 
 3.704007148065153e-07  0.000000000000000e+00  7.978127803722886e-01  5.070349469377994e-01  4.962889655741050e-01  1.180698597349896e+00  1.200002160862611e+00  1.550162385932320e+00 
 3.704011096291876e-07  0.000000000000000e+00  7.979343013918436e-01  5.071220757711487e-01  4.962924554043617e-01  1.180385150204565e+00  1.200002349126242e+00  1.550162385937991e+00 
 3.704016494953652e-07  0.000000000000000e+00  7.980985520163189e-01  5.072400209311282e-01  4.962971977088239e-01  1.180060028583456e+00  1.200002399871528e+00  1.550162385957055e+00 
 3.704026538607139e-07  0.000000000000000e+00  7.983982160309314e-01  5.074559564444756e-01  4.963059315459947e-01  1.179849243600502e+00  1.200002093536680e+00  1.550162386028648e+00 
 3.704037589392763e-07  0.000000000000000e+00  7.987195348664090e-01  5.076884237037589e-01  4.963154188749953e-01  1.180276259529955e+00  1.200001451386832e+00  1.550162386164078e+00 
 3.704047632848780e-07  0.000000000000000e+00  7.990042910477041e-01  5.078952069532752e-01  4.963239385397020e-01  1.181227073601574e+00  1.200000774616771e+00  1.550162386340973e+00 
 3.704058168169640e-07  0.000000000000000e+00  7.992959103487575e-01  5.081077230508433e-01  4.963327780996834e-01  1.182727107412771e+00  1.200000090061261e+00  1.550162386584303e+00 
 3.704070294185685e-07  0.000000000000000e+00  7.996230385453896e-01  5.083470178905374e-01  4.963428382709664e-01  1.184970893668351e+00  1.199999409012510e+00  1.550162386941483e+00 
 3.704082178902968e-07  0.000000000000000e+00  7.999351989201435e-01  5.085762394940002e-01  4.963525878601097e-01  1.187531450681721e+00  1.199998875075548e+00  1.550162387375709e+00 
 3.704097204445883e-07  0.000000000000000e+00  8.003182854756115e-01  5.088586239141037e-01  4.963647683614780e-01  1.190920713070897e+00  1.199998380521146e+00  1.550162388051311e+00 
 3.704113587596147e-07  0.000000000000000e+00  8.007214820294858e-01  5.091569370346554e-01  4.963778742374946e-01  1.194378354992681e+00  1.199998032441646e+00  1.550162388959336e+00 
 3.704129035356951e-07  0.000000000000000e+00  8.010878672226397e-01  5.094288002808951e-01  4.963900714108918e-01  1.197136832444508e+00  1.199997845814367e+00  1.550162389989631e+00 
 3.704144497267209e-07  0.000000000000000e+00  8.014412474344795e-01  5.096915277447155e-01  4.964021287750733e-01  1.199296472491861e+00  1.199997759262724e+00  1.550162391201020e+00 
 3.704161166972585e-07  0.000000000000000e+00  8.018074405953426e-01  5.099641159478316e-01  4.964149623106472e-01  1.200974291275898e+00  1.199997743558436e+00  1.550162392722318e+00 
 3.704178223069655e-07  0.000000000000000e+00  8.021665064610526e-01  5.102315483638840e-01  4.964279165706404e-01  1.202107918824050e+00  1.199997783064130e+00  1.550162394525088e+00 
 3.704197872476451e-07  0.000000000000000e+00  8.025610483604014e-01  5.105253542265749e-01  4.964426160669018e-01  1.202875710763265e+00  1.199997871129767e+00  1.550162396932705e+00 
 3.704219496474701e-07  0.000000000000000e+00  8.029722448954987e-01  5.108312490166520e-01  4.964585039145639e-01  1.203275922667176e+00  1.199997996992587e+00  1.550162400022020e+00 
 3.704245310613248e-07  0.000000000000000e+00  8.034326753540629e-01  5.111730252112384e-01  4.964770411377452e-01  1.203396231655687e+00  1.199998163126405e+00  1.550162404364575e+00 
 3.704275057378642e-07  0.000000000000000e+00  8.039238761575697e-01  5.115362893633786e-01  4.964977415848722e-01  1.203287642141077e+00  1.199998354060454e+00  1.550162410334888e+00 
 3.704311545041672e-07  0.000000000000000e+00  8.044718423182984e-01  5.119391947792509e-01  4.965219461094659e-01  1.203009950427706e+00  1.199998565244426e+00  1.550162419225837e+00 
 3.704352584871973e-07  0.000000000000000e+00  8.050208152474148e-01  5.123395937643298e-01  4.965471187434226e-01  1.202651586281219e+00  1.199998751741890e+00  1.550162431535767e+00 
 3.704399017999648e-07  0.000000000000000e+00  8.055622741800160e-01  5.127307162452492e-01  4.965719464959932e-01  1.202267337064834e+00  1.199998878657357e+00  1.550162448799389e+00 
 3.704451714933971e-07  0.000000000000000e+00  8.060829626702621e-01  5.131034040921363e-01  4.965933602197821e-01  1.201888837990236e+00  1.199998903063020e+00  1.550162473290295e+00 
 3.704510399004532e-07  0.000000000000000e+00  8.065563661056230e-01  5.134412467339715e-01  4.966051210063689e-01  1.201539023552473e+00  1.199998794115932e+00  1.550162507607381e+00 
 3.704571553460347e-07  0.000000000000000e+00  8.069419771406997e-01  5.137205562100813e-01  4.965989806033519e-01  1.201242510385936e+00  1.199998585081849e+00  1.550162552441509e+00 
 3.704639319222846e-07  0.000000000000000e+00  8.072541165367699e-01  5.139600548627606e-01  4.965638312824250e-01  1.200978982971832e+00  1.199998339042033e+00  1.550162614607572e+00 
 3.704712146083543e-07  0.000000000000000e+00  8.074683840300099e-01  5.141533769189190e-01  4.964855791880404e-01  1.200756238439479e+00  1.199998127466052e+00  1.550162698273812e+00 
 3.704787381693984e-07  0.000000000000000e+00  8.075708264833017e-01  5.143002458437137e-01  4.963538727806762e-01  1.200578030649422e+00  1.199997973588341e+00  1.550162805740866e+00 
 3.704865337270470e-07  0.000000000000000e+00  8.075616132160246e-01  5.144106394275173e-01  4.961574876849597e-01  1.200436756647933e+00  1.199997863087320e+00  1.550162942829872e+00 
 3.704948395716742e-07  0.000000000000000e+00  8.074349310349835e-01  5.144946083685793e-01  4.958783461643610e-01  1.200323405410007e+00  1.199997804923255e+00  1.550163121648691e+00 
 3.705038290579704e-07  0.000000000000000e+00  8.071722452782703e-01  5.145579184374780e-01  4.954974691207557e-01  1.200233076170963e+00  1.199997879845343e+00  1.550163358288996e+00 
 3.705090726155112e-07  0.000000000000000e+00  8.069510459402124e-01  5.145844957016508e-01  4.952428709305507e-01  1.200192943533736e+00  1.199998197350965e+00  1.550163518728509e+00 
 3.705121662030015e-07  0.000000000000000e+00  8.067856368073331e-01  5.145972550241845e-01  4.950857987770627e-01  1.200172844195907e+00  1.199998714930000e+00  1.550163621632281e+00 
 3.705151222764774e-07  0.000000000000000e+00  8.065919894954328e-01  5.146077604775801e-01  4.949346892867579e-01  1.200155683608107e+00  1.199999469891090e+00  1.550163726015150e+00 
 3.705187312918218e-07  0.000000000000000e+00  8.062955033907306e-01  5.146186357352405e-01  4.947523455649631e-01  1.200137041907332e+00  1.200000451127207e+00  1.550163861856064e+00 
 3.705225336891496e-07  0.000000000000000e+00  8.059068747355673e-01  5.146280382753453e-01  4.945629708078983e-01  1.200119807041889e+00  1.200001029527901e+00  1.550164015372740e+00 
 3.705264078116393e-07  0.000000000000000e+00  8.054391139431842e-01  5.146357519093555e-01  4.943684681443399e-01  1.200104472239553e+00  1.200000609590262e+00  1.550164183191179e+00 
 3.705301461484523e-07  0.000000000000000e+00  8.049329894564429e-01  5.146416825654483e-01  4.941733683081246e-01  1.200091540907729e+00  1.199999152441649e+00  1.550164356451428e+00 
 3.705344150607798e-07  0.000000000000000e+00  8.043061747368216e-01  5.146469361204894e-01  4.939346955792096e-01  1.200078708070967e+00  1.199996646203568e+00  1.550164568443414e+00 
 3.705384843501202e-07  0.000000000000000e+00  8.036736660380911e-01  5.146506589353920e-01  4.936857498865805e-01  1.200068145111697e+00  1.199993862796600e+00  1.550164785061013e+00 
 3.705431487678990e-07  0.000000000000000e+00  8.029193809345770e-01  5.146536120352669e-01  4.933682635273360e-01  1.200057749850059e+00  1.199990660713002e+00  1.550165051489062e+00 
 3.705480661648530e-07  0.000000000000000e+00  8.020993853333571e-01  5.146554012861024e-01  4.929890729770361e-01  1.200048480472555e+00  1.199987539721960e+00  1.550165354115474e+00 
 3.705540318203961e-07  0.000000000000000e+00  8.010756050932409e-01  5.146559685758002e-01  4.924560453161613e-01  1.200039169874400e+00  1.199984252511120e+00  1.550165752444679e+00 
 3.705617628560163e-07  0.000000000000000e+00  7.997014722952555e-01  5.146544019345565e-01  4.916288480944858e-01  1.200029634754568e+00  1.199980871731089e+00  1.550166321822969e+00 
 3.705692670722153e-07  0.000000000000000e+00  7.983157346345300e-01  5.146506815545525e-01  4.906731936399930e-01  1.200022558569779e+00  1.199978715303561e+00  1.550166934298112e+00 
 3.705756880270380e-07  0.000000000000000e+00  7.970871902059318e-01  5.146459604144679e-01  4.897448649164075e-01  1.200017858607109e+00  1.199977487157751e+00  1.550167506848597e+00 
 3.705798313676191e-07  0.000000000000000e+00  7.962738193831993e-01  5.146422293193248e-01  4.891019882160354e-01  1.200015375483716e+00  1.199973535634960e+00  1.550167900664434e+00 
 3.705826878738231e-07  0.000000000000000e+00  7.957063436422931e-01  5.146393815390560e-01  4.886465739657473e-01  1.200013876859575e+00  1.199964295822047e+00  1.550168183523956e+00 
 3.705855331641663e-07  0.000000000000000e+00  7.951386628078775e-01  5.146363522594072e-01  4.881903308165346e-01  1.200012532267369e+00  1.199948819760230e+00  1.550168474645852e+00 
 3.705887953987910e-07  0.000000000000000e+00  7.944877958125464e-01  5.146326701728468e-01  4.876732666751317e-01  1.200011149129625e+00  1.199927200984750e+00  1.550168820099841e+00 
 3.705927745484442e-07  0.000000000000000e+00  7.936971815425921e-01  5.146279067532755e-01  4.870672446242689e-01  1.200009661926672e+00  1.199900579956773e+00  1.550169258570808e+00 
 3.705963868606239e-07  0.000000000000000e+00  7.929828118953323e-01  5.146233340762627e-01  4.865532441389041e-01  1.200008479744160e+00  1.199879882691633e+00  1.550169673071652e+00 
 3.706006658523173e-07  0.000000000000000e+00  7.921446142848364e-01  5.146176438941860e-01  4.859972781337730e-01  1.200007259714184e+00  1.199863178554445e+00  1.550170184570884e+00 
 3.706048148695089e-07  0.000000000000000e+00  7.913512913541754e-01  5.146119077543793e-01  4.855088137658914e-01  1.200006241568846e+00  1.199856067830349e+00  1.550170701973869e+00 
 3.706097198618222e-07  0.000000000000000e+00  7.904573201836526e-01  5.146049483531189e-01  4.849807060622826e-01  1.200005215923658e+00  1.199857739985190e+00  1.550171341154192e+00 
 3.706140996804960e-07  0.000000000000000e+00  7.897110946237941e-01  5.145986248530620e-01  4.845423890937348e-01  1.200004438527974e+00  1.199864685990704e+00  1.550171937276474e+00 
 3.706190482872656e-07  0.000000000000000e+00  7.889294682908650e-01  5.145913603134795e-01  4.840760538987581e-01  1.200003689746842e+00  1.199872524543336e+00  1.550172639827746e+00 
 3.706235919807943e-07  0.000000000000000e+00  7.882654882865763e-01  5.145845566904623e-01  4.836706318132933e-01  1.200003105958694e+00  1.199876096722427e+00  1.550173312131499e+00 
 3.706288083060980e-07  0.000000000000000e+00  7.875581999676070e-01  5.145765544869524e-01  4.832284143182818e-01  1.200002540248475e+00  1.199876717149802e+00  1.550174116225460e+00 
 3.706337633675634e-07  0.000000000000000e+00  7.869338609241570e-01  5.145687456971535e-01  4.828286405664274e-01  1.200002092295796e+00  1.199881536408269e+00  1.550174912030572e+00 
 3.706395376966651e-07  0.000000000000000e+00  7.862582513954934e-01  5.145593908000600e-01  4.823848132057657e-01  1.200001662112494e+00  1.199904045592069e+00  1.550175878704135e+00 
 3.706455520447852e-07  0.000000000000000e+00  7.856113729470710e-01  5.145493816653181e-01  4.819462255139893e-01  1.200001300482287e+00  1.199960163548376e+00  1.550176930376985e+00 
 3.706524598136748e-07  0.000000000000000e+00  7.849384494235445e-01  5.145375981092470e-01  4.814716603591538e-01  1.200000970928650e+00  1.200094447292789e+00  1.550178194317614e+00 
 3.706576219358775e-07  0.000000000000000e+00  7.844800448595948e-01  5.145285993190573e-01  4.811358671357011e-01  1.200000773012582e+00  1.200278984174027e+00  1.550179177664027e+00 
 3.706622249323250e-07  0.000000000000000e+00  7.840952454589706e-01  5.145204197713001e-01  4.808471451973991e-01  1.200000624246259e+00  1.200521129762121e+00  1.550180082224488e+00 
 3.706678061593615e-07  0.000000000000000e+00  7.836400320241231e-01  5.145102522897557e-01  4.805034698760178e-01  1.200000472032702e+00  1.200855579015664e+00  1.550181213621701e+00 
 3.706728508489380e-07  0.000000000000000e+00  7.832193462808333e-01  5.145007700474751e-01  4.801905892170891e-01  1.200000357340137e+00  1.201130533396120e+00  1.550182268444389e+00 
 3.706780351182356e-07  0.000000000000000e+00  7.827619038849468e-01  5.144907076004064e-01  4.798590101272864e-01  1.200000260241940e+00  1.201355457550507e+00  1.550183383772000e+00 
 3.706841832234037e-07  0.000000000000000e+00  7.821856741276018e-01  5.144784190323181e-01  4.794497720054545e-01  1.200000170213339e+00  1.201528795901565e+00  1.550184746753192e+00 
 3.706900151630059e-07  0.000000000000000e+00  7.816232861275396e-01  5.144665362250648e-01  4.790514432274883e-01  1.200000105422067e+00  1.201602350268915e+00  1.550186079153454e+00 
 3.706961777027299e-07  0.000000000000000e+00  7.810377848800781e-01  5.144538836670587e-01  4.786306865986957e-01  1.200000051058939e+00  1.201611744348132e+00  1.550187527753485e+00 
 3.707018858682760e-07  0.000000000000000e+00  7.805200104440033e-01  5.144421523618926e-01  4.782495276553103e-01  1.200000008115894e+00  1.201594871698509e+00  1.550188905774117e+00 
 3.707092648962906e-07  0.000000000000000e+00  7.798980618122312e-01  5.144270079743656e-01  4.777771584322824e-01  1.199999959284755e+00  1.201605465833343e+00  1.550190736833765e+00 
 3.707161535975255e-07  0.000000000000000e+00  7.793662284166928e-01  5.144128737218828e-01  4.773589989225035e-01  1.199999920590732e+00  1.201724520176231e+00  1.550192494818008e+00 
 3.707232266642788e-07  0.000000000000000e+00  7.788646543924423e-01  5.143983319087453e-01  4.769517316042079e-01  1.199999888483714e+00  1.201961863612457e+00  1.550194346412563e+00 
 3.707306650364910e-07  0.000000000000000e+00  7.783793864395704e-01  5.143829773339635e-01  4.765454308338624e-01  1.199999862816102e+00  1.202274559205274e+00  1.550196341847124e+00 
 3.707381926381976e-07  0.000000000000000e+00  7.779251333865598e-01  5.143673523415846e-01  4.761548889691263e-01  1.199999843796518e+00  1.202673082008123e+00  1.550198408583758e+00 
 3.707469518877387e-07  0.000000000000000e+00  7.774299588772956e-01  5.143490302096118e-01  4.757243750011952e-01  1.199999827812805e+00  1.203170416220861e+00  1.550200869090377e+00 
 3.707550711000831e-07  0.000000000000000e+00  7.769848238510920e-01  5.143318658354791e-01  4.753483472255616e-01  1.199999816872894e+00  1.203464931087248e+00  1.550203199146595e+00 
 3.707647045123336e-07  0.000000000000000e+00  7.764569997953132e-01  5.143112619577718e-01  4.749272356251258e-01  1.199999808399236e+00  1.203468668285173e+00  1.550206019142958e+00 
 3.707738505019550e-07  0.000000000000000e+00  7.759632780565444e-01  5.142915443670484e-01  4.745394224982193e-01  1.199999804583783e+00  1.203207358727141e+00  1.550208746115028e+00 
 3.707817673842746e-07  0.000000000000000e+00  7.755543868351371e-01  5.142744325506680e-01  4.741988502337030e-01  1.199999802792402e+00  1.202865808886845e+00  1.550211141129380e+00 
 3.707909036308781e-07  0.000000000000000e+00  7.751201482139540e-01  5.142547118725518e-01  4.737851707791979e-01  1.199999800458369e+00  1.202422796592453e+00  1.550213938927084e+00 
 3.707991355688603e-07  0.000000000000000e+00  7.747745990930014e-01  5.142370074614087e-01  4.733929861272606e-01  1.199999797899830e+00  1.202024089756614e+00  1.550216486131644e+00 
 3.708064385377930e-07  0.000000000000000e+00  7.745074911426001e-01  5.142213553035458e-01  4.730447044721909e-01  1.199999795241261e+00  1.201693013197128e+00  1.550218763140384e+00 
 3.708136987068490e-07  0.000000000000000e+00  7.742783357311913e-01  5.142058359948507e-01  4.727185070032285e-01  1.199999792713666e+00  1.201396688740682e+00  1.550221039540231e+00 
 3.708216629041632e-07  0.000000000000000e+00  7.740669684437100e-01  5.141888477983586e-01  4.724024939470974e-01  1.199999790657961e+00  1.201114859771558e+00  1.550223547429918e+00 
 3.708310557234130e-07  0.000000000000000e+00  7.738674806887293e-01  5.141688464484814e-01  4.720985507804257e-01  1.199999789183877e+00  1.200840422375543e+00  1.550226514061971e+00 
 3.708420643134019e-07  0.000000000000000e+00  7.736935070066024e-01  5.141454295848380e-01  4.718357448591293e-01  1.199999788253806e+00  1.200590708376782e+00  1.550229994795080e+00 
 3.708519167615765e-07  0.000000000000000e+00  7.735834462405297e-01  5.141244767885323e-01  4.716751236648674e-01  1.199999787856570e+00  1.200423399085291e+00  1.550233106170432e+00 
 3.708615759269604e-07  0.000000000000000e+00  7.735085550771842e-01  5.141039265338819e-01  4.715717092636109e-01  1.199999787755508e+00  1.200301001231480e+00  1.550236146152422e+00 
 3.708721115205391e-07  0.000000000000000e+00  7.734546209338925e-01  5.140814938964477e-01  4.715036134321468e-01  1.199999787854949e+00  1.200203642717462e+00  1.550239442453152e+00 
 3.708825433471635e-07  0.000000000000000e+00  7.734218256659402e-01  5.140592625820798e-01  4.714687608933261e-01  1.199999788054664e+00  1.200135206804618e+00  1.550242678718939e+00 
 3.708946546114068e-07  0.000000000000000e+00  7.734010302742935e-01  5.140334333400020e-01  4.714550014683228e-01  1.199999788286935e+00  1.200080522100470e+00  1.550246391539347e+00 
 3.709076099300609e-07  0.000000000000000e+00  7.733920813066161e-01  5.140057934390406e-01  4.714604022375867e-01  1.199999788443228e+00  1.200042364675590e+00  1.550250298609085e+00 
 3.709232403357042e-07  0.000000000000000e+00  7.733920220768615e-01  5.139724524603295e-01  4.714828179423302e-01  1.199999788475993e+00  1.200014213378600e+00  1.550254906330791e+00 
 3.709411088195676e-07  0.000000000000000e+00  7.733997417561609e-01  5.139343725116016e-01  4.715197658612778e-01  1.199999788365991e+00  1.199996456599156e+00  1.550260008367347e+00 
 3.709636308968785e-07  0.000000000000000e+00  7.734148493839449e-01  5.138864654417522e-01  4.715740803525723e-01  1.199999788145275e+00  1.199985727058752e+00  1.550266150053614e+00 
 3.709915024081977e-07  0.000000000000000e+00  7.734364656200794e-01  5.138273633887732e-01  4.716456513885366e-01  1.199999787897520e+00  1.199980798352052e+00  1.550273247496302e+00 
 3.710296220931044e-07  0.000000000000000e+00  7.734666204123782e-01  5.137469209766469e-01  4.717450823975742e-01  1.199999787694183e+00  1.199979405053214e+00  1.550281958137230e+00 
 3.710726019214851e-07  0.000000000000000e+00  7.734992756651737e-01  5.136568218179547e-01  4.718565698283319e-01  1.199999787607795e+00  1.199979867781211e+00  1.550290309749679e+00 
 3.711207698289312e-07  0.000000000000000e+00  7.735334614913533e-01  5.135566560633614e-01  4.719798145443505e-01  1.199999787592569e+00  1.199980614223924e+00  1.550297773527584e+00 
 3.711743078013888e-07  0.000000000000000e+00  7.735684635340215e-01  5.134463770551662e-01  4.721145180415753e-01  1.199999787600074e+00  1.199981172244023e+00  1.550303763487501e+00 
 3.712355144344076e-07  0.000000000000000e+00  7.736049057309184e-01  5.133217093238985e-01  4.722655577968175e-01  1.199999787605989e+00  1.199981572765032e+00  1.550307830277087e+00 
 3.713070026254838e-07  0.000000000000000e+00  7.736431332025123e-01  5.131780443945434e-01  4.724379775909665e-01  1.199999787606081e+00  1.199981935398214e+00  1.550309253716867e+00 
 3.713936392098847e-07  0.000000000000000e+00  7.736840074545958e-01  5.130067764060281e-01  4.726412851564901e-01  1.199999787603253e+00  1.199982348695744e+00  1.550307010442438e+00 
 3.715023564089052e-07  0.000000000000000e+00  7.737282421831507e-01  5.127962534673225e-01  4.728880997464580e-01  1.199999787600604e+00  1.199982856275080e+00  1.550299588639640e+00 
 3.716464426627315e-07  0.000000000000000e+00  7.737773211418740e-01  5.125246523914979e-01  4.732021466833080e-01  1.199999787598766e+00  1.199983496422455e+00  1.550284742483031e+00 
 3.718464426627315e-07  0.000000000000000e+00  7.738322029724117e-01  5.121611434498881e-01  4.736161547996881e-01  1.199999787597713e+00  1.199984312537273e+00  1.550259960704533e+00 
 3.720464426627315e-07  0.000000000000000e+00  7.738759228836511e-01  5.118125435297376e-01  4.740075729095346e-01  1.199999787597150e+00  1.199985051056639e+00  1.550234594586841e+00 
 3.722464426627315e-07  0.000000000000000e+00  7.739117678317998e-01  5.114779555736295e-01  4.743789985800451e-01  1.199999787596655e+00  1.199985722208974e+00  1.550211420179825e+00 
 3.724464426627315e-07  0.000000000000000e+00  7.739420465834419e-01  5.111564705726354e-01  4.747325974128063e-01  1.199999787596649e+00  1.199986334999408e+00  1.550191782553483e+00 
 3.726464426627316e-07  0.000000000000000e+00  7.739683239643936e-01  5.108472195930438e-01  4.750701529098921e-01  1.199999787596627e+00  1.199986896809825e+00  1.550176026217509e+00 
 3.728464426627316e-07  0.000000000000000e+00  7.739916516784533e-01  5.105493935832572e-01  4.753931501314256e-01  1.199999787596503e+00  1.199987413765700e+00  1.550163915768940e+00 
 3.730464426627316e-07  0.000000000000000e+00  7.740127409456867e-01  5.102622481842828e-01  4.757028461038566e-01  1.199999787596472e+00  1.199987891032043e+00  1.550154942468027e+00 
 3.732464426627316e-07  0.000000000000000e+00  7.740320800314896e-01  5.099851022377173e-01  4.760003209663544e-01  1.199999787596423e+00  1.199988333005910e+00  1.550148516013538e+00 
 3.734464426627316e-07  0.000000000000000e+00  7.740500112043710e-01  5.097173337854003e-01  4.762865141498329e-01  1.199999787596476e+00  1.199988743458472e+00  1.550144070199812e+00 
 3.736464426627316e-07  0.000000000000000e+00  7.740667803442162e-01  5.094583751954542e-01  4.765622504930166e-01  1.199999787596586e+00  1.199989125643343e+00  1.550141112314171e+00 
 3.738464426627316e-07  0.000000000000000e+00  7.740825687927279e-01  5.092077081440033e-01  4.768282597581960e-01  1.199999787596480e+00  1.199989482380981e+00  1.550139239153804e+00 
 3.740464426627317e-07  0.000000000000000e+00  7.740975138677428e-01  5.089648587862740e-01  4.770851917025318e-01  1.199999787596464e+00  1.199989816129310e+00  1.550138135028333e+00 
 3.742464426627317e-07  0.000000000000000e+00  7.741117221934151e-01  5.087293932669364e-01  4.773336280256139e-01  1.199999787596378e+00  1.199990129039607e+00  1.550137561271667e+00 
 3.744464426627317e-07  0.000000000000000e+00  7.741252784821375e-01  5.085009136277328e-01  4.775740920270849e-01  1.199999787596410e+00  1.199990423002742e+00  1.550137342790413e+00 
 3.746464426627317e-07  0.000000000000000e+00  7.741382514246277e-01  5.082790541227343e-01  4.778070565293074e-01  1.199999787596526e+00  1.199990699687840e+00  1.550137354629101e+00 
 3.748464426627317e-07  0.000000000000000e+00  7.741506977232662e-01  5.080634779257228e-01  4.780329504518422e-01  1.199999787596461e+00  1.199990960573328e+00  1.550137509986542e+00 
 3.750464426627317e-07  0.000000000000000e+00  7.741626649160201e-01  5.078538742014439e-01  4.782521643173246e-01  1.199999787596369e+00  1.199991206973873e+00  1.550137750222634e+00 
 3.752464426627317e-07  0.000000000000000e+00  7.741741933978697e-01  5.076499555070503e-01  4.784650548999563e-01  1.199999787596489e+00  1.199991440062183e+00  1.550138036907241e+00 
 3.754464426627318e-07  0.000000000000000e+00  7.741853178987442e-01  5.074514554909093e-01  4.786719491748929e-01  1.199999787596449e+00  1.199991660887706e+00  1.550138345720453e+00 
 3.756464426627318e-07  0.000000000000000e+00  7.741960685854269e-01  5.072581268530945e-01  4.788731476949552e-01  1.199999787596540e+00  1.199991870392660e+00  1.550138661916283e+00 
 3.758464426627318e-07  0.000000000000000e+00  7.742064718974377e-01  5.070697395375442e-01  4.790689274923613e-01  1.199999787596513e+00  1.199992069424694e+00  1.550138977043503e+00 
 3.760464426627318e-07  0.000000000000000e+00  7.742165511915983e-01  5.068860791292895e-01  4.792595445846752e-01  1.199999787596416e+00  1.199992258749569e+00  1.550139286640237e+00 
 3.762464426627318e-07  0.000000000000000e+00  7.742263272458327e-01  5.067069454291754e-01  4.794452361498582e-01  1.199999787596405e+00  1.199992439059510e+00  1.550139588659485e+00 
 3.764464426627318e-07  0.000000000000000e+00  7.742358186582610e-01  5.065321511853779e-01  4.796262224193135e-01  1.199999787596404e+00  1.199992610983219e+00  1.550139882427875e+00 
 3.766464426627319e-07  0.000000000000000e+00  7.742450421672276e-01  5.063615209632941e-01  4.798027083359777e-01  1.199999787596411e+00  1.199992775091881e+00  1.550140167982609e+00 
 3.768464426627319e-07  0.000000000000000e+00  7.742540129105624e-01  5.061948901348285e-01  4.799748850083546e-01  1.199999787596297e+00  1.199992931905378e+00  1.550140445669353e+00 
 3.770464426627319e-07  0.000000000000000e+00  7.742627446382250e-01  5.060321039741397e-01  4.801429309929162e-01  1.199999787596377e+00  1.199993081899737e+00  1.550140715914105e+00 
 3.772464426627319e-07  0.000000000000000e+00  7.742712498880305e-01  5.058730168461463e-01  4.803070134273652e-01  1.199999787596414e+00  1.199993225509810e+00  1.550140979107187e+00 
 3.774464426627319e-07  0.000000000000000e+00  7.742795401326750e-01  5.057174914768882e-01  4.804672890357560e-01  1.199999787596370e+00  1.199993363133819e+00  1.550141235555853e+00 
 3.776464426627319e-07  0.000000000000000e+00  7.742876259035119e-01  5.055653982961053e-01  4.806239050235458e-01  1.199999787596464e+00  1.199993495138577e+00  1.550141485476308e+00 
 3.778464426627319e-07  0.000000000000000e+00  7.742955168959076e-01  5.054166148444613e-01  4.807769998757394e-01  1.199999787596478e+00  1.199993621860954e+00  1.550141729005974e+00 
 3.780464426627320e-07  0.000000000000000e+00  7.743032220593326e-01  5.052710252364319e-01  4.809267040707759e-01  1.199999787596362e+00  1.199993743610921e+00  1.550141966224130e+00 
 3.782464426627320e-07  0.000000000000000e+00  7.743107496752191e-01  5.051285196737529e-01  4.810731407219506e-01  1.199999787596446e+00  1.199993860676075e+00  1.550142197173882e+00 
 3.784464426627320e-07  0.000000000000000e+00  7.743181074243582e-01  5.049889940039773e-01  4.812164261540978e-01  1.199999787596546e+00  1.199993973320653e+00  1.550142421881807e+00 
 3.786464426627320e-07  0.000000000000000e+00  7.743253024459257e-01  5.048523493184922e-01  4.813566704228418e-01  1.199999787596565e+00  1.199994081790639e+00  1.550142640373560e+00 
 3.788464426627320e-07  0.000000000000000e+00  7.743323413891408e-01  5.047184915863390e-01  4.814939777854141e-01  1.199999787596417e+00  1.199994186313124e+00  1.550142852685171e+00 
 3.790464426627320e-07  0.000000000000000e+00  7.743392304587993e-01  5.045873313199974e-01  4.816284471255204e-01  1.199999787596380e+00  1.199994287100189e+00  1.550143058870240e+00 
 3.792464426627320e-07  0.000000000000000e+00  7.743459754556254e-01  5.044587832694470e-01  4.817601723397370e-01  1.199999787596475e+00  1.199994384347978e+00  1.550143259003724e+00 
 3.794464426627321e-07  0.000000000000000e+00  7.743525818120528e-01  5.043327661422283e-01  4.818892426894086e-01  1.199999787596446e+00  1.199994478239572e+00  1.550143453183135e+00 
 3.796464426627321e-07  0.000000000000000e+00  7.743590546240861e-01  5.042092023474030e-01  4.820157431204291e-01  1.199999787596433e+00  1.199994568945305e+00  1.550143641527749e+00 
 3.798464426627321e-07  0.000000000000000e+00  7.743653986797532e-01  5.040880177585659e-01  4.821397545554564e-01  1.199999787596475e+00  1.199994656624907e+00  1.550143824176581e+00 
 3.800464426627321e-07  0.000000000000000e+00  7.743716184847024e-01  5.039691414978714e-01  4.822613541614840e-01  1.199999787596581e+00  1.199994741426922e+00  1.550144001285621e+00 
 3.802464426627321e-07  0.000000000000000e+00  7.743777182849790e-01  5.038525057358014e-01  4.823806155938507e-01  1.199999787596506e+00  1.199994823490975e+00  1.550144173024668e+00 
 3.804464426627321e-07  0.000000000000000e+00  7.743837020876831e-01  5.037380455069236e-01  4.824976092218965e-01  1.199999787596508e+00  1.199994902946832e+00  1.550144339574153e+00 
 3.806464426627322e-07  0.000000000000000e+00  7.743895736795444e-01  5.036256985403098e-01  4.826124023347957e-01  1.199999787596573e+00  1.199994979916944e+00  1.550144501122088e+00 
 3.808464426627322e-07  0.000000000000000e+00  7.743953366436864e-01  5.035154051017343e-01  4.827250593307350e-01  1.199999787596453e+00  1.199995054516036e+00  1.550144657861307e+00 
 3.810464426627322e-07  0.000000000000000e+00  7.744009943748359e-01  5.034071078484276e-01  4.828356418925419e-01  1.199999787596498e+00  1.199995126852201e+00  1.550144809987027e+00 
 3.812464426627322e-07  0.000000000000000e+00  7.744065500930646e-01  5.033007516945128e-01  4.829442091485511e-01  1.199999787596581e+00  1.199995197026394e+00  1.550144957694724e+00 
 3.814464426627322e-07  0.000000000000000e+00  7.744120068563417e-01  5.031962836856948e-01  4.830508178219058e-01  1.199999787596567e+00  1.199995265134175e+00  1.550145101178475e+00 
 3.816464426627322e-07  0.000000000000000e+00  7.744173675719420e-01  5.030936528832184e-01  4.831555223684535e-01  1.199999787596487e+00  1.199995331265217e+00  1.550145240629525e+00 
 3.818464426627322e-07  0.000000000000000e+00  7.744226350068393e-01  5.029928102559641e-01  4.832583751038875e-01  1.199999787596433e+00  1.199995395504498e+00  1.550145376235211e+00 
 3.820464426627323e-07  0.000000000000000e+00  7.744278117971760e-01  5.028937085803227e-01  4.833594263226303e-01  1.199999787596429e+00  1.199995457931777e+00  1.550145508178142e+00 
 3.822464426627323e-07  0.000000000000000e+00  7.744329004569315e-01  5.027963023468278e-01  4.834587244073208e-01  1.199999787596396e+00  1.199995518622650e+00  1.550145636635565e+00 
 3.824464426627323e-07  0.000000000000000e+00  7.744379033859208e-01  5.027005476727654e-01  4.835563159307155e-01  1.199999787596438e+00  1.199995577648678e+00  1.550145761778946e+00 
 3.826464426627323e-07  0.000000000000000e+00  7.744428228770832e-01  5.026064022212996e-01  4.836522457506634e-01  1.199999787596473e+00  1.199995635077049e+00  1.550145883773656e+00 
 3.828464426627323e-07  0.000000000000000e+00  7.744476611232228e-01  5.025138251251746e-01  4.837465570986490e-01  1.199999787596511e+00  1.199995690971761e+00  1.550146002778896e+00 
 3.830464426627323e-07  0.000000000000000e+00  7.744524202231367e-01  5.024227769160614e-01  4.838392916616864e-01  1.199999787596537e+00  1.199995745393756e+00  1.550146118947537e+00 
 3.832464426627323e-07  0.000000000000000e+00  7.744571021873817e-01  5.023332194582936e-01  4.839304896597090e-01  1.199999787596587e+00  1.199995798399682e+00  1.550146232426179e+00 
 3.834464426627324e-07  0.000000000000000e+00  7.744617089434636e-01  5.022451158864302e-01  4.840201899166383e-01  1.199999787596438e+00  1.199995850044389e+00  1.550146343355147e+00 
 3.836464426627324e-07  0.000000000000000e+00  7.744662423407453e-01  5.021584305475801e-01  4.841084299282817e-01  1.199999787596471e+00  1.199995900379856e+00  1.550146451868627e+00 
 3.838464426627324e-07  0.000000000000000e+00  7.744707041549542e-01  5.020731289465046e-01  4.841952459246397e-01  1.199999787596396e+00  1.199995949454953e+00  1.550146558094762e+00 
 3.840464426627324e-07  0.000000000000000e+00  7.744750960923288e-01  5.019891776937955e-01  4.842806729284072e-01  1.199999787596379e+00  1.199995997316543e+00  1.550146662155800e+00 
 3.842464426627324e-07  0.000000000000000e+00  7.744794197935263e-01  5.019065444587052e-01  4.843647448106927e-01  1.199999787596451e+00  1.199996044008706e+00  1.550146764168195e+00 
 3.844464426627324e-07  0.000000000000000e+00  7.744836768371941e-01  5.018251979231594e-01  4.844474943423474e-01  1.199999787596444e+00  1.199996089574054e+00  1.550146864242822e+00 
 3.846464426627325e-07  0.000000000000000e+00  7.744878687433120e-01  5.017451077391993e-01  4.845289532428622e-01  1.199999787596426e+00  1.199996134052814e+00  1.550146962485131e+00 
 3.848464426627325e-07  0.000000000000000e+00  7.744919969763087e-01  5.016662444887497e-01  4.846091522255046e-01  1.199999787596466e+00  1.199996177483283e+00  1.550147058995274e+00 
 3.850464426627325e-07  0.000000000000000e+00  7.744960629480210e-01  5.015885796455548e-01  4.846881210410227e-01  1.199999787596326e+00  1.199996219901958e+00  1.550147153868306e+00 
 3.852464426627325e-07  0.000000000000000e+00  7.745000680203102e-01  5.015120855398441e-01  4.847658885176385e-01  1.199999787596371e+00  1.199996261343873e+00  1.550147247194332e+00 
 3.854464426627325e-07  0.000000000000000e+00  7.745040135076392e-01  5.014367353242409e-01  4.848424825993972e-01  1.199999787596460e+00  1.199996301842411e+00  1.550147339058686e+00 
 3.856464426627325e-07  0.000000000000000e+00  7.745079006795020e-01  5.013625029416324e-01  4.849179303825221e-01  1.199999787596489e+00  1.199996341429042e+00  1.550147429542092e+00 
 3.858464426627325e-07  0.000000000000000e+00  7.745117307625426e-01  5.012893630951429e-01  4.849922581488384e-01  1.199999787596414e+00  1.199996380134732e+00  1.550147518720834e+00 
 3.860464426627326e-07  0.000000000000000e+00  7.745155049426775e-01  5.012172912191547e-01  4.850654913981998e-01  1.199999787596383e+00  1.199996417987955e+00  1.550147606666913e+00 
 3.862464426627326e-07  0.000000000000000e+00  7.745192243670371e-01  5.011462634524256e-01  4.851376548789301e-01  1.199999787596429e+00  1.199996455017032e+00  1.550147693448198e+00 
 3.864464426627326e-07  0.000000000000000e+00  7.745228901457983e-01  5.010762566119735e-01  4.852087726167588e-01  1.199999787596512e+00  1.199996491248300e+00  1.550147779128624e+00 
 3.866464426627326e-07  0.000000000000000e+00  7.745265033538717e-01  5.010072481688115e-01  4.852788679422538e-01  1.199999787596532e+00  1.199996526707356e+00  1.550147863768311e+00 
 3.868464426627326e-07  0.000000000000000e+00  7.745300650325548e-01  5.009392162246651e-01  4.853479635162530e-01  1.199999787596441e+00  1.199996561418582e+00  1.550147947423774e+00 
 3.870464426627326e-07  0.000000000000000e+00  7.745335761910322e-01  5.008721394896921e-01  4.854160813547282e-01  1.199999787596494e+00  1.199996595404936e+00  1.550148030148035e+00 
 3.872464426627326e-07  0.000000000000000e+00  7.745370378078023e-01  5.008059972613047e-01  4.854832428524773e-01  1.199999787596489e+00  1.199996628689584e+00  1.550148111990802e+00 
 3.874464426627327e-07  0.000000000000000e+00  7.745404508320098e-01  5.007407694042717e-01  4.855494688047619e-01  1.199999787596463e+00  1.199996661293622e+00  1.550148192998626e+00 
 3.876464426627327e-07  0.000000000000000e+00  7.745438161847704e-01  5.006764363312056e-01  4.856147794288302e-01  1.199999787596491e+00  1.199996693237517e+00  1.550148273215060e+00 
 3.878464426627327e-07  0.000000000000000e+00  7.745471347603001e-01  5.006129789849016e-01  4.856791943843775e-01  1.199999787596453e+00  1.199996724541206e+00  1.550148352680786e+00 
 3.880464426627327e-07  0.000000000000000e+00  7.745504074270683e-01  5.005503788199782e-01  4.857427327916178e-01  1.199999787596452e+00  1.199996755224193e+00  1.550148431433782e+00 
 3.882464426627327e-07  0.000000000000000e+00  7.745536350289371e-01  5.004886177868596e-01  4.858054132509533e-01  1.199999787596472e+00  1.199996785304403e+00  1.550148509509450e+00 
 3.884464426627327e-07  0.000000000000000e+00  7.745568183860688e-01  5.004276783153034e-01  4.858672538600227e-01  1.199999787596508e+00  1.199996814799458e+00  1.550148586940772e+00 
 3.886464426627328e-07  0.000000000000000e+00  7.745599582959496e-01  5.003675432993323e-01  4.859282722296910e-01  1.199999787596434e+00  1.199996843725890e+00  1.550148663758437e+00 
 3.888464426627328e-07  0.000000000000000e+00  7.745630555342664e-01  5.003081960827358e-01  4.859884855005503e-01  1.199999787596412e+00  1.199996872100391e+00  1.550148739990984e+00 
 3.890464426627328e-07  0.000000000000000e+00  7.745661108558236e-01  5.002496204446095e-01  4.860479103589140e-01  1.199999787596383e+00  1.199996899938485e+00  1.550148815664922e+00 
 3.892464426627328e-07  0.000000000000000e+00  7.745691249952753e-01  5.001918005860611e-01  4.861065630504309e-01  1.199999787596435e+00  1.199996927255064e+00  1.550148890804834e+00 
 3.894464426627328e-07  0.000000000000000e+00  7.745720986679653e-01  5.001347211171148e-01  4.861644593941103e-01  1.199999787596406e+00  1.199996954064885e+00  1.550148965433547e+00 
 3.896464426627328e-07  0.000000000000000e+00  7.745750325706093e-01  5.000783670442853e-01  4.862216147966302e-01  1.199999787596385e+00  1.199996980381585e+00  1.550149039572187e+00 
 3.898464426627328e-07  0.000000000000000e+00  7.745779273820892e-01  5.000227237594429e-01  4.862780442645225e-01  1.199999787596426e+00  1.199997006218984e+00  1.550149113240328e+00 
 3.900464426627329e-07  0.000000000000000e+00  7.745807837639959e-01  4.999677770268378e-01  4.863337624164676e-01  1.199999787596372e+00  1.199997031590083e+00  1.550149186456084e+00 
 3.902464426627329e-07  0.000000000000000e+00  7.745836023613475e-01  4.999135129729188e-01  4.863887834956785e-01  1.199999787596503e+00  1.199997056506882e+00  1.550149259236204e+00 
 3.904464426627329e-07  0.000000000000000e+00  7.745863838031546e-01  4.998599180754308e-01  4.864431213810148e-01  1.199999787596493e+00  1.199997080981835e+00  1.550149331596170e+00 
 3.906464426627329e-07  0.000000000000000e+00  7.745891287030137e-01  4.998069791536230e-01  4.864967895979565e-01  1.199999787596482e+00  1.199997105026364e+00  1.550149403550290e+00 
 3.908464426627329e-07  0.000000000000000e+00  7.745918376596476e-01  4.997546833575617e-01  4.865498013292268e-01  1.199999787596362e+00  1.199997128652063e+00  1.550149475111756e+00 
 3.910464426627329e-07  0.000000000000000e+00  7.745945112573976e-01  4.997030181592108e-01  4.866021694249953e-01  1.199999787596389e+00  1.199997151869479e+00  1.550149546292754e+00 
 3.912464426627329e-07  0.000000000000000e+00  7.745971500667501e-01  4.996519713426892e-01  4.866539064126750e-01  1.199999787596519e+00  1.199997174689371e+00  1.550149617104525e+00 
 3.914464426627330e-07  0.000000000000000e+00  7.745997546448401e-01  4.996015309956646e-01  4.867050245061545e-01  1.199999787596500e+00  1.199997197121496e+00  1.550149687557433e+00 
 3.916464426627330e-07  0.000000000000000e+00  7.746023255358345e-01  4.995516855010284e-01  4.867555356150424e-01  1.199999787596448e+00  1.199997219176026e+00  1.550149757661035e+00 
 3.918464426627330e-07  0.000000000000000e+00  7.746048632714396e-01  4.995024235281617e-01  4.868054513534659e-01  1.199999787596497e+00  1.199997240861860e+00  1.550149827424121e+00 
 3.920464426627330e-07  0.000000000000000e+00  7.746073683712362e-01  4.994537340247548e-01  4.868547830487729e-01  1.199999787596465e+00  1.199997262188451e+00  1.550149896854788e+00 
 3.922464426627330e-07  0.000000000000000e+00  7.746098413431382e-01  4.994056062097738e-01  4.869035417491677e-01  1.199999787596503e+00  1.199997283164773e+00  1.550149965960481e+00 
 3.924464426627330e-07  0.000000000000000e+00  7.746122826837709e-01  4.993580295651381e-01  4.869517382317193e-01  1.199999787596348e+00  1.199997303799335e+00  1.550150034748040e+00 
 3.926464426627331e-07  0.000000000000000e+00  7.746146928787786e-01  4.993109938291938e-01  4.869993830102951e-01  1.199999787596331e+00  1.199997324100422e+00  1.550150103223749e+00 
 3.928464426627331e-07  0.000000000000000e+00  7.746170724032234e-01  4.992644889889833e-01  4.870464863427630e-01  1.199999787596484e+00  1.199997344075819e+00  1.550150171393369e+00 
 3.930464426627331e-07  0.000000000000000e+00  7.746194217219089e-01  4.992185052738822e-01  4.870930582381828e-01  1.199999787596434e+00  1.199997363733426e+00  1.550150239262171e+00 
 3.932464426627331e-07  0.000000000000000e+00  7.746217412896542e-01  4.991730331490125e-01  4.871391084635533e-01  1.199999787596359e+00  1.199997383080953e+00  1.550150306834995e+00 
 3.934464426627331e-07  0.000000000000000e+00  7.746240315516802e-01  4.991280633086930e-01  4.871846465506816e-01  1.199999787596437e+00  1.199997402125242e+00  1.550150374116239e+00 
 3.936464426627331e-07  0.000000000000000e+00  7.746262929438225e-01  4.990835866699875e-01  4.872296818023981e-01  1.199999787596463e+00  1.199997420873745e+00  1.550150441109891e+00 
 3.938464426627331e-07  0.000000000000000e+00  7.746285258928740e-01  4.990395943671797e-01  4.872742232985162e-01  1.199999787596387e+00  1.199997439333147e+00  1.550150507819591e+00 
 3.940464426627332e-07  0.000000000000000e+00  7.746307308168273e-01  4.989960777457388e-01  4.873182799028751e-01  1.199999787596457e+00  1.199997457510426e+00  1.550150574248607e+00 
 3.942464426627332e-07  0.000000000000000e+00  7.746329081251366e-01  4.989530283567921e-01  4.873618602683460e-01  1.199999787596462e+00  1.199997475411327e+00  1.550150640399869e+00 
 3.944464426627332e-07  0.000000000000000e+00  7.746350582189763e-01  4.989104379513756e-01  4.874049728426780e-01  1.199999787596463e+00  1.199997493042648e+00  1.550150706275977e+00 
 3.946464426627332e-07  0.000000000000000e+00  7.746371814914572e-01  4.988682984752955e-01  4.874476258740724e-01  1.199999787596467e+00  1.199997510409817e+00  1.550150771879259e+00 
 3.948464426627332e-07  0.000000000000000e+00  7.746392783278681e-01  4.988266020635087e-01  4.874898274165239e-01  1.199999787596370e+00  1.199997527519400e+00  1.550150837211725e+00 
 3.950464426627332e-07  0.000000000000000e+00  7.746413491059112e-01  4.987853410361404e-01  4.875315853352308e-01  1.199999787596409e+00  1.199997544376666e+00  1.550150902275095e+00 
 3.952464426627332e-07  0.000000000000000e+00  7.746433941958968e-01  4.987445078930405e-01  4.875729073111259e-01  1.199999787596490e+00  1.199997560987309e+00  1.550150967070840e+00 
 3.954464426627333e-07  0.000000000000000e+00  7.746454139609673e-01  4.987040953084702e-01  4.876138008460960e-01  1.199999787596403e+00  1.199997577356667e+00  1.550151031600143e+00 
 3.956464426627333e-07  0.000000000000000e+00  7.746474087572869e-01  4.986640961276718e-01  4.876542732674493e-01  1.199999787596374e+00  1.199997593490273e+00  1.550151095863955e+00 
 3.958464426627333e-07  0.000000000000000e+00  7.746493789342186e-01  4.986245033612933e-01  4.876943317328543e-01  1.199999787596411e+00  1.199997609392675e+00  1.550151159862950e+00 
 3.960464426627333e-07  0.000000000000000e+00  7.746513248345260e-01  4.985853101818082e-01  4.877339832343804e-01  1.199999787596307e+00  1.199997625068846e+00  1.550151223597582e+00 
 3.962464426627333e-07  0.000000000000000e+00  7.746532467945332e-01  4.985465099189130e-01  4.877732346033229e-01  1.199999787596524e+00  1.199997640523701e+00  1.550151287068044e+00 
 3.964464426627333e-07  0.000000000000000e+00  7.746551451443391e-01  4.985080960555500e-01  4.878120925138271e-01  1.199999787596471e+00  1.199997655761995e+00  1.550151350274309e+00 
 3.966464426627334e-07  0.000000000000000e+00  7.746570202078875e-01  4.984700622242110e-01  4.878505634876576e-01  1.199999787596453e+00  1.199997670788115e+00  1.550151413216124e+00 
 3.968464426627334e-07  0.000000000000000e+00  7.746588723032314e-01  4.984324022024326e-01  4.878886538972241e-01  1.199999787596348e+00  1.199997685606539e+00  1.550151475892983e+00 
 3.970464426627334e-07  0.000000000000000e+00  7.746607017426284e-01  4.983951099097594e-01  4.879263699702783e-01  1.199999787596370e+00  1.199997700221375e+00  1.550151538304175e+00 
 3.972464426627334e-07  0.000000000000000e+00  7.746625088326847e-01  4.983581794035309e-01  4.879637177932193e-01  1.199999787596398e+00  1.199997714637098e+00  1.550151600448771e+00 
 3.974464426627334e-07  0.000000000000000e+00  7.746642938745176e-01  4.983216048756001e-01  4.880007033148737e-01  1.199999787596358e+00  1.199997728857362e+00  1.550151662325618e+00 
 3.976464426627334e-07  0.000000000000000e+00  7.746660571638805e-01  4.982853806488036e-01  4.880373323499101e-01  1.199999787596391e+00  1.199997742886360e+00  1.550151723933350e+00 
 3.978464426627334e-07  0.000000000000000e+00  7.746677989913344e-01  4.982495011737058e-01  4.880736105827345e-01  1.199999787596435e+00  1.199997756727985e+00  1.550151785270388e+00 
 3.980464426627335e-07  0.000000000000000e+00  7.746695196423314e-01  4.982139610251958e-01  4.881095435700136e-01  1.199999787596405e+00  1.199997770385716e+00  1.550151846334968e+00 
 3.982464426627335e-07  0.000000000000000e+00  7.746712193973324e-01  4.981787548991132e-01  4.881451367446680e-01  1.199999787596475e+00  1.199997783863501e+00  1.550151907125087e+00 
 3.984464426627335e-07  0.000000000000000e+00  7.746728985319750e-01  4.981438776097390e-01  4.881803954183676e-01  1.199999787596457e+00  1.199997797164380e+00  1.550151967638583e+00 
 3.986464426627335e-07  0.000000000000000e+00  7.746745573171141e-01  4.981093240862653e-01  4.882153247854198e-01  1.199999787596412e+00  1.199997810292295e+00  1.550152027873116e+00 
 3.988464426627335e-07  0.000000000000000e+00  7.746761960190363e-01  4.980750893698510e-01  4.882499299249716e-01  1.199999787596458e+00  1.199997823250206e+00  1.550152087826106e+00 
 3.990464426627335e-07  0.000000000000000e+00  7.746778148994947e-01  4.980411686111698e-01  4.882842158044309e-01  1.199999787596524e+00  1.199997836041852e+00  1.550152147494826e+00 
 3.992464426627335e-07  0.000000000000000e+00  7.746794142158313e-01  4.980075570675019e-01  4.883181872820462e-01  1.199999787596546e+00  1.199997848670112e+00  1.550152206876356e+00 
 3.994464426627336e-07  0.000000000000000e+00  7.746809942210843e-01  4.979742500996439e-01  4.883518491097781e-01  1.199999787596556e+00  1.199997861137900e+00  1.550152265967632e+00 
 3.996464426627336e-07  0.000000000000000e+00  7.746825551640846e-01  4.979412431697970e-01  4.883852059359417e-01  1.199999787596459e+00  1.199997873448829e+00  1.550152324765426e+00 
 3.998464426627336e-07  0.000000000000000e+00  7.746840972895253e-01  4.979085318382608e-01  4.884182623076372e-01  1.199999787596398e+00  1.199997885605270e+00  1.550152383266336e+00 
 4.000464426627336e-07  0.000000000000000e+00  7.746856208381108e-01  4.978761117622662e-01  4.884510226734821e-01  1.199999787596446e+00  1.199997897610284e+00  1.550152441466839e+00 
 4.002464426627336e-07  0.000000000000000e+00  7.746871260466262e-01  4.978439786923606e-01  4.884834913860640e-01  1.199999787596522e+00  1.199997909466636e+00  1.550152499363276e+00 
 4.004464426627336e-07  0.000000000000000e+00  7.746886131479694e-01  4.978121284707052e-01  4.885156727044556e-01  1.199999787596529e+00  1.199997921177276e+00  1.550152556951836e+00 
 4.006464426627337e-07  0.000000000000000e+00  7.746900823713049e-01  4.977805570281139e-01  4.885475707966039e-01  1.199999787596445e+00  1.199997932744946e+00  1.550152614228599e+00 
 4.008464426627337e-07  0.000000000000000e+00  7.746915339421535e-01  4.977492603827615e-01  4.885791897408026e-01  1.199999787596392e+00  1.199997944171995e+00  1.550152671189543e+00 
 4.010464426627337e-07  0.000000000000000e+00  7.746929680823936e-01  4.977182346371264e-01  4.886105335290797e-01  1.199999787596431e+00  1.199997955460975e+00  1.550152727830527e+00 
 4.012464426627337e-07  0.000000000000000e+00  7.746943850103871e-01  4.976874759759679e-01  4.886416060685412e-01  1.199999787596282e+00  1.199997966614455e+00  1.550152784147349e+00 
 4.014464426627337e-07  0.000000000000000e+00  7.746957849410838e-01  4.976569806651822e-01  4.886724111839049e-01  1.199999787596338e+00  1.199997977634536e+00  1.550152840135704e+00 
 4.016464426627337e-07  0.000000000000000e+00  7.746971680860472e-01  4.976267450485625e-01  4.887029526190722e-01  1.199999787596445e+00  1.199997988524327e+00  1.550152895791236e+00 
 4.018464426627337e-07  0.000000000000000e+00  7.746985346535501e-01  4.975967655467067e-01  4.887332340397516e-01  1.199999787596515e+00  1.199997999285478e+00  1.550152951109510e+00 
 4.020464426627338e-07  0.000000000000000e+00  7.746998848486304e-01  4.975670386548190e-01  4.887632590348632e-01  1.199999787596401e+00  1.199998009920467e+00  1.550153006086051e+00 
 4.022464426627338e-07  0.000000000000000e+00  7.747012188731610e-01  4.975375609409796e-01  4.887930311190145e-01  1.199999787596435e+00  1.199998020431456e+00  1.550153060716383e+00 
 4.024464426627338e-07  0.000000000000000e+00  7.747025369258815e-01  4.975083290439323e-01  4.888225537334515e-01  1.199999787596284e+00  1.199998030820704e+00  1.550153114995945e+00 
 4.026464426627338e-07  0.000000000000000e+00  7.747038392025708e-01  4.974793396717166e-01  4.888518302486575e-01  1.199999787596427e+00  1.199998041090143e+00  1.550153168920193e+00 
 4.028464426627338e-07  0.000000000000000e+00  7.747051258959794e-01  4.974505896001655e-01  4.888808639658538e-01  1.199999787596480e+00  1.199998051242084e+00  1.550153222484595e+00 
 4.030464426627338e-07  0.000000000000000e+00  7.747063971959618e-01  4.974220756703678e-01  4.889096581183466e-01  1.199999787596462e+00  1.199998061278297e+00  1.550153275684619e+00 
 4.032464426627338e-07  0.000000000000000e+00  7.747076532894955e-01  4.973937947882479e-01  4.889382158737561e-01  1.199999787596389e+00  1.199998071200632e+00  1.550153328515753e+00 
 4.034464426627339e-07  0.000000000000000e+00  7.747088943607853e-01  4.973657439217993e-01  4.889665403352710e-01  1.199999787596521e+00  1.199998081011483e+00  1.550153380973512e+00 
 4.036464426627339e-07  0.000000000000000e+00  7.747101205912917e-01  4.973379201005991e-01  4.889946345434836e-01  1.199999787596521e+00  1.199998090712229e+00  1.550153433053475e+00 
 4.038464426627339e-07  0.000000000000000e+00  7.747113321597884e-01  4.973103204135468e-01  4.890225014775780e-01  1.199999787596398e+00  1.199998100304983e+00  1.550153484751249e+00 
 4.040464426627339e-07  0.000000000000000e+00  7.747125292424089e-01  4.972829420077553e-01  4.890501440568517e-01  1.199999787596419e+00  1.199998109791635e+00  1.550153536062536e+00 
 4.042464426627339e-07  0.000000000000000e+00  7.747137120126953e-01  4.972557820869368e-01  4.890775651427020e-01  1.199999787596444e+00  1.199998119173602e+00  1.550153586983082e+00 
 4.044464426627339e-07  0.000000000000000e+00  7.747148806416547e-01  4.972288379101260e-01  4.891047675392654e-01  1.199999787596294e+00  1.199998128452714e+00  1.550153637508735e+00 
 4.046464426627340e-07  0.000000000000000e+00  7.747160352978201e-01  4.972021067905858e-01  4.891317539954063e-01  1.199999787596352e+00  1.199998137630917e+00  1.550153687635458e+00 
 4.048464426627340e-07  0.000000000000000e+00  7.747171761472665e-01  4.971755860939211e-01  4.891585272056771e-01  1.199999787596364e+00  1.199998146709454e+00  1.550153737359297e+00 
 4.050464426627340e-07  0.000000000000000e+00  7.747183033537109e-01  4.971492732373711e-01  4.891850898116636e-01  1.199999787596270e+00  1.199998155690388e+00  1.550153786676435e+00 
 4.052464426627340e-07  0.000000000000000e+00  7.747194170784630e-01  4.971231656883524e-01  4.892114444036544e-01  1.199999787596421e+00  1.199998164574760e+00  1.550153835583151e+00 
 4.054464426627340e-07  0.000000000000000e+00  7.747205174805980e-01  4.970972609628788e-01  4.892375935217368e-01  1.199999787596363e+00  1.199998173364481e+00  1.550153884075883e+00 
 4.056464426627340e-07  0.000000000000000e+00  7.747216047168882e-01  4.970715566250586e-01  4.892635396564025e-01  1.199999787596347e+00  1.199998182060827e+00  1.550153932151195e+00 
 4.058464426627340e-07  0.000000000000000e+00  7.747226789418965e-01  4.970460502854730e-01  4.892892852505066e-01  1.199999787596340e+00  1.199998190665562e+00  1.550153979805803e+00 
 4.060464426627341e-07  0.000000000000000e+00  7.747237403080108e-01  4.970207396000724e-01  4.893148327000343e-01  1.199999787596419e+00  1.199998199180061e+00  1.550154027036586e+00 
 4.062464426627341e-07  0.000000000000000e+00  7.747247889654960e-01  4.969956222693407e-01  4.893401843553488e-01  1.199999787596443e+00  1.199998207605430e+00  1.550154073840589e+00 
 4.064464426627341e-07  0.000000000000000e+00  7.747258250625018e-01  4.969706960369030e-01  4.893653425223632e-01  1.199999787596375e+00  1.199998215943486e+00  1.550154120215026e+00 
 4.066464426627341e-07  0.000000000000000e+00  7.747268487451070e-01  4.969459586891149e-01  4.893903094631208e-01  1.199999787596458e+00  1.199998224195204e+00  1.550154166157278e+00 
 4.068464426627341e-07  0.000000000000000e+00  7.747278601573755e-01  4.969214080531945e-01  4.894150873975116e-01  1.199999787596383e+00  1.199998232362167e+00  1.550154211664919e+00 
 4.070464426627341e-07  0.000000000000000e+00  7.747288594414118e-01  4.968970419963409e-01  4.894396785035462e-01  1.199999787596497e+00  1.199998240445334e+00  1.550154256735714e+00 
 4.072464426627341e-07  0.000000000000000e+00  7.747298467373372e-01  4.968728584258293e-01  4.894640849193258e-01  1.199999787596486e+00  1.199998248446414e+00  1.550154301367601e+00 
 4.074464426627342e-07  0.000000000000000e+00  7.747308221833681e-01  4.968488552869924e-01  4.894883087428817e-01  1.199999787596453e+00  1.199998256366418e+00  1.550154345558719e+00 
 4.076464426627342e-07  0.000000000000000e+00  7.747317859158497e-01  4.968250305627993e-01  4.895123520336880e-01  1.199999787596494e+00  1.199998264206471e+00  1.550154389307401e+00 
 4.078464426627342e-07  0.000000000000000e+00  7.747327380692723e-01  4.968013822726856e-01  4.895362168138324e-01  1.199999787596465e+00  1.199998271967930e+00  1.550154432612193e+00 
 4.080464426627342e-07  0.000000000000000e+00  7.747336787762913e-01  4.967779084717953e-01  4.895599050685187e-01  1.199999787596401e+00  1.199998279652278e+00  1.550154475471822e+00 
 4.082464426627342e-07  0.000000000000000e+00  7.747346081678183e-01  4.967546072502668e-01  4.895834187470822e-01  1.199999787596326e+00  1.199998287260350e+00  1.550154517885247e+00 
 4.084464426627342e-07  0.000000000000000e+00  7.747355263729905e-01  4.967314767321772e-01  4.896067597638485e-01  1.199999787596493e+00  1.199998294793138e+00  1.550154559851580e+00 
 4.086464426627343e-07  0.000000000000000e+00  7.747364335192206e-01  4.967085150750158e-01  4.896299299984991e-01  1.199999787596472e+00  1.199998302251722e+00  1.550154601370195e+00 
 4.088464426627343e-07  0.000000000000000e+00  7.747373297322095e-01  4.966857204688315e-01  4.896529312973252e-01  1.199999787596531e+00  1.199998309637498e+00  1.550154642440642e+00 
 4.090464426627343e-07  0.000000000000000e+00  7.747382151360050e-01  4.966630911351181e-01  4.896757654740848e-01  1.199999787596512e+00  1.199998316951353e+00  1.550154683062690e+00 
 4.092464426627343e-07  0.000000000000000e+00  7.747390898530634e-01  4.966406253265126e-01  4.896984343106696e-01  1.199999787596467e+00  1.199998324194575e+00  1.550154723236290e+00 
 4.094464426627343e-07  0.000000000000000e+00  7.747399540041837e-01  4.966183213261395e-01  4.897209395577338e-01  1.199999787596489e+00  1.199998331367541e+00  1.550154762961621e+00 
 4.096464426627343e-07  0.000000000000000e+00  7.747408077086130e-01  4.965961774468557e-01  4.897432829352440e-01  1.199999787596451e+00  1.199998338471970e+00  1.550154802239048e+00 
 4.098464426627343e-07  0.000000000000000e+00  7.747416510840212e-01  4.965741920300380e-01  4.897654661338549e-01  1.199999787596373e+00  1.199998345508582e+00  1.550154841069120e+00 
 4.100464426627344e-07  0.000000000000000e+00  7.747424842465549e-01  4.965523634451747e-01  4.897874908147936e-01  1.199999787596442e+00  1.199998352478292e+00  1.550154879452608e+00 
 4.102464426627344e-07  0.000000000000000e+00  7.747433073108588e-01  4.965306900897544e-01  4.898093586109348e-01  1.199999787596367e+00  1.199998359381941e+00  1.550154917390471e+00 
 4.104464426627344e-07  0.000000000000000e+00  7.747441203901314e-01  4.965091703880749e-01  4.898310711274207e-01  1.199999787596430e+00  1.199998366220823e+00  1.550154954883853e+00 
 4.106464426627344e-07  0.000000000000000e+00  7.747449235960863e-01  4.964878027907144e-01  4.898526299422707e-01  1.199999787596452e+00  1.199998372995352e+00  1.550154991934069e+00 
 4.108464426627344e-07  0.000000000000000e+00  7.747457170390306e-01  4.964665857742190e-01  4.898740366072239e-01  1.199999787596397e+00  1.199998379706715e+00  1.550155028542618e+00 
 4.110464426627344e-07  0.000000000000000e+00  7.747465008278430e-01  4.964455178401952e-01  4.898952926477321e-01  1.199999787596403e+00  1.199998386356367e+00  1.550155064711186e+00 
 4.112464426627345e-07  0.000000000000000e+00  7.747472750700598e-01  4.964245975144548e-01  4.899163995643983e-01  1.199999787596421e+00  1.199998392943750e+00  1.550155100441635e+00 
 4.114464426627345e-07  0.000000000000000e+00  7.747480398718016e-01  4.964038233471345e-01  4.899373588329102e-01  1.199999787596423e+00  1.199998399471010e+00  1.550155135735990e+00 
 4.116464426627345e-07  0.000000000000000e+00  7.747487953378910e-01  4.963831939119908e-01  4.899581719047763e-01  1.199999787596336e+00  1.199998405938482e+00  1.550155170596435e+00 
 4.118464426627345e-07  0.000000000000000e+00  7.747495415718335e-01  4.963627078052544e-01  4.899788402078217e-01  1.199999787596392e+00  1.199998412346784e+00  1.550155205025319e+00 
 4.120464426627345e-07  0.000000000000000e+00  7.747502786758238e-01  4.963423636461589e-01  4.899993651466713e-01  1.199999787596515e+00  1.199998418697029e+00  1.550155239025116e+00 
 4.122464426627345e-07  0.000000000000000e+00  7.747510067507865e-01  4.963221600759516e-01  4.900197481037388e-01  1.199999787596480e+00  1.199998424990169e+00  1.550155272598458e+00 
 4.124464426627345e-07  0.000000000000000e+00  7.747517258964116e-01  4.963020957567442e-01  4.900399904393478e-01  1.199999787596424e+00  1.199998431226464e+00  1.550155305748122e+00 
 4.126464426627346e-07  0.000000000000000e+00  7.747524362111566e-01  4.962821693718905e-01  4.900600934918126e-01  1.199999787596424e+00  1.199998437406817e+00  1.550155338477010e+00 
 4.128464426627346e-07  0.000000000000000e+00  7.747531377922398e-01  4.962623796252479e-01  4.900800585788745e-01  1.199999787596426e+00  1.199998443532207e+00  1.550155370788142e+00 
 4.130464426627346e-07  0.000000000000000e+00  7.747538307357142e-01  4.962427252410270e-01  4.900998869973129e-01  1.199999787596434e+00  1.199998449603334e+00  1.550155402684665e+00 
 4.132464426627346e-07  0.000000000000000e+00  7.747545151363896e-01  4.962232049625278e-01  4.901195800237823e-01  1.199999787596450e+00  1.199998455620792e+00  1.550155434169848e+00 
 4.134464426627346e-07  0.000000000000000e+00  7.747551910879918e-01  4.962038175527475e-01  4.901391389154466e-01  1.199999787596482e+00  1.199998461585492e+00  1.550155465247054e+00 
 4.136464426627346e-07  0.000000000000000e+00  7.747558586830963e-01  4.961845617931671e-01  4.901585649098535e-01  1.199999787596431e+00  1.199998467497828e+00  1.550155495919753e+00 
 4.138464426627346e-07  0.000000000000000e+00  7.747565180131276e-01  4.961654364835042e-01  4.901778592260831e-01  1.199999787596438e+00  1.199998473358644e+00  1.550155526191489e+00 
 4.140464426627347e-07  0.000000000000000e+00  7.747571691684120e-01  4.961464404415882e-01  4.901970230645226e-01  1.199999787596452e+00  1.199998479168543e+00  1.550155556065907e+00 
 4.142464426627347e-07  0.000000000000000e+00  7.747578122382132e-01  4.961275725026508e-01  4.902160576073102e-01  1.199999787596482e+00  1.199998484928333e+00  1.550155585546739e+00 
 4.144464426627347e-07  0.000000000000000e+00  7.747584473107065e-01  4.961088315195091e-01  4.902349640195667e-01  1.199999787596431e+00  1.199998490638462e+00  1.550155614637788e+00 
 4.146464426627347e-07  0.000000000000000e+00  7.747590744729745e-01  4.960902163614737e-01  4.902537434485482e-01  1.199999787596435e+00  1.199998496299675e+00  1.550155643342909e+00 
 4.148464426627347e-07  0.000000000000000e+00  7.747596938110947e-01  4.960717259145213e-01  4.902723970249043e-01  1.199999787596447e+00  1.199998501912307e+00  1.550155671666017e+00 
 4.150464426627347e-07  0.000000000000000e+00  7.747603054101533e-01  4.960533590804743e-01  4.902909258624107e-01  1.199999787596361e+00  1.199998507477543e+00  1.550155699611100e+00 
 4.152464426627348e-07  0.000000000000000e+00  7.747609093541649e-01  4.960351147769878e-01  4.903093310593731e-01  1.199999787596431e+00  1.199998512995623e+00  1.550155727182174e+00 
 4.154464426627348e-07  0.000000000000000e+00  7.747615057261901e-01  4.960169919374046e-01  4.903276136975493e-01  1.199999787596444e+00  1.199998518467177e+00  1.550155754383299e+00 
 4.156464426627348e-07  0.000000000000000e+00  7.747620946082722e-01  4.959989895098618e-01  4.903457748434840e-01  1.199999787596355e+00  1.199998523892914e+00  1.550155781218579e+00 
 4.158464426627348e-07  0.000000000000000e+00  7.747626760815360e-01  4.959811064573446e-01  4.903638155486668e-01  1.199999787596422e+00  1.199998529273118e+00  1.550155807692128e+00 
 4.160464426627348e-07  0.000000000000000e+00  7.747632502261301e-01  4.959633417575701e-01  4.903817368494928e-01  1.199999787596425e+00  1.199998534608710e+00  1.550155833808106e+00 
 4.162464426627348e-07  0.000000000000000e+00  7.747638171212459e-01  4.959456944021458e-01  4.903995397682392e-01  1.199999787596428e+00  1.199998539899807e+00  1.550155859570678e+00 
 4.164464426627348e-07  0.000000000000000e+00  7.747643768451791e-01  4.959281633964729e-01  4.904172253124355e-01  1.199999787596433e+00  1.199998545147576e+00  1.550155884984025e+00 
 4.166464426627349e-07  0.000000000000000e+00  7.747649294753156e-01  4.959107477598371e-01  4.904347944760609e-01  1.199999787596440e+00  1.199998550352009e+00  1.550155910052338e+00 
 4.168464426627349e-07  0.000000000000000e+00  7.747654750881334e-01  4.958934465244417e-01  4.904522482395868e-01  1.199999787596457e+00  1.199998555513977e+00  1.550155934779811e+00 
 4.170464426627349e-07  0.000000000000000e+00  7.747660137592473e-01  4.958762587359569e-01  4.904695875696176e-01  1.199999787596463e+00  1.199998560633909e+00  1.550155959170642e+00 
 4.172464426627349e-07  0.000000000000000e+00  7.747665455633400e-01  4.958591834525234e-01  4.904868134199687e-01  1.199999787596361e+00  1.199998565712189e+00  1.550155983229000e+00 
 4.174464426627349e-07  0.000000000000000e+00  7.747670705742999e-01  4.958422197448308e-01  4.905039267318108e-01  1.199999787596429e+00  1.199998570749690e+00  1.550156006959051e+00 
 4.176464426627349e-07  0.000000000000000e+00  7.747675888651240e-01  4.958253666961125e-01  4.905209284333916e-01  1.199999787596437e+00  1.199998575746416e+00  1.550156030364943e+00 
 4.178464426627349e-07  0.000000000000000e+00  7.747681005080024e-01  4.958086234010334e-01  4.905378194409872e-01  1.199999787596448e+00  1.199998580703083e+00  1.550156053450818e+00 
 4.180464426627350e-07  0.000000000000000e+00  7.747686055742713e-01  4.957919889666380e-01  4.905546006588614e-01  1.199999787596356e+00  1.199998585620029e+00  1.550156076220779e+00 
 4.182464426627350e-07  0.000000000000000e+00  7.747691041344851e-01  4.957754625112969e-01  4.905712729792447e-01  1.199999787596324e+00  1.199998590498081e+00  1.550156098678893e+00 
 4.184464426627350e-07  0.000000000000000e+00  7.747695962583563e-01  4.957590431644260e-01  4.905878372830053e-01  1.199999787596474e+00  1.199998595337291e+00  1.550156120829209e+00 
 4.186464426627350e-07  0.000000000000000e+00  7.747700820148288e-01  4.957427300666284e-01  4.906042944396032e-01  1.199999787596329e+00  1.199998600138319e+00  1.550156142675756e+00 
 4.188464426627350e-07  0.000000000000000e+00  7.747705614674084e-01  4.957265223635458e-01  4.906206453119489e-01  1.199999787596395e+00  1.199998604927047e+00  1.550156164222491e+00 
 4.190464426627350e-07  0.000000000000000e+00  7.747710346862317e-01  4.957104192208425e-01  4.906368907445460e-01  1.199999787596494e+00  1.199998609658395e+00  1.550156185473334e+00 
 4.192464426627351e-07  0.000000000000000e+00  7.747715017394291e-01  4.956944198127778e-01  4.906530315730558e-01  1.199999787596527e+00  1.199998614347007e+00  1.550156206432169e+00 
 4.194464426627351e-07  0.000000000000000e+00  7.747719626933466e-01  4.956785233229568e-01  4.906690686232034e-01  1.199999787596459e+00  1.199998618998936e+00  1.550156227102842e+00 
 4.196464426627351e-07  0.000000000000000e+00  7.747724176132350e-01  4.956627289442997e-01  4.906850027113558e-01  1.199999787596358e+00  1.199998623614897e+00  1.550156247489146e+00 
 4.198232213313676e-07  0.000000000000000e+00  7.747728147405876e-01  4.956488528027783e-01  4.906990016397698e-01  1.199999787596612e+00  1.199998627661584e+00  1.550156265275728e+00 
 4.200000000000001e-07  0.000000000000000e+00  7.747732072468936e-01  4.956350552859739e-01  4.907129212915257e-01  1.199999787596921e+00  1.199998631684070e+00  1.550156282844734e+00 
 4.200001301591298e-07  7.809547784734694e-04  7.747751505439781e-01  4.956369433177205e-01  4.907130071847484e-01  1.200003606971126e+00  1.199998701913656e+00  1.550156282857589e+00 
 4.200003904773893e-07  2.342864335420408e-03  7.747796739858206e-01  4.956413502202208e-01  4.907132266628509e-01  1.200014605767128e+00  1.199998877996312e+00  1.550156282883303e+00 
 4.200007230048093e-07  4.338028855302098e-03  7.747857937961674e-01  4.956473423423033e-01  4.907135337244760e-01  1.200029497041748e+00  1.199999094928773e+00  1.550156282916143e+00 
 4.200011210898352e-07  6.726539011156377e-03  7.747930980302030e-01  4.956545280178605e-01  4.907138888392111e-01  1.200043953005026e+00  1.199999309361878e+00  1.550156282955454e+00 
 4.200016858214773e-07  1.011492886347816e-02  7.748032216743964e-01  4.956645266367501e-01  4.907143458421290e-01  1.200057154716132e+00  1.199999540475785e+00  1.550156283011221e+00 
 4.200027765341256e-07  1.665920475324778e-02  7.748221237649389e-01  4.956832795138956e-01  4.907151061475706e-01  1.200066617099813e+00  1.199999824734955e+00  1.550156283118914e+00 
 4.200049579594221e-07  2.974775653246940e-02  7.748579595401037e-01  4.957190504073506e-01  4.907163346907473e-01  1.200057758232043e+00  1.200000024561255e+00  1.550156283334304e+00 
 4.200092587042821e-07  5.555222569248477e-02  7.749230173490472e-01  4.957844649665828e-01  4.907181583774652e-01  1.200022255815531e+00  1.199999832464619e+00  1.550156283758872e+00 
 4.200152422641183e-07  9.145358470941051e-02  7.750051577941732e-01  4.958676311297922e-01  4.907199773854896e-01  1.199992768449839e+00  1.199999266360378e+00  1.550156284349656e+00 
 4.200225857024105e-07  1.355142144624748e-01  7.750976971439191e-01  4.959618358047767e-01  4.907215498335429e-01  1.199985103883252e+00  1.199998701990489e+00  1.550156285076177e+00 
 4.200313947554323e-07  1.883685325933131e-01  7.752019621967968e-01  4.960683687378053e-01  4.907228731038590e-01  1.199989430997721e+00  1.199998349349670e+00  1.550156285954742e+00 
 4.200427683854049e-07  2.566103124290175e-01  7.753307780596889e-01  4.962002351300888e-01  4.907240896704245e-01  1.199995589689778e+00  1.199998224112120e+00  1.550156287119165e+00 
 4.200506257152456e-07  3.037542914734421e-01  7.754155851655348e-01  4.962870945218325e-01  4.907247131994721e-01  1.199998316677529e+00  1.199998246182842e+00  1.550156287958631e+00 
 4.200550772607715e-07  3.304635646285519e-01  7.754608375864636e-01  4.963334378313504e-01  4.907249912977263e-01  1.199999416276454e+00  1.199998269648041e+00  1.550156288452536e+00 
 4.200599459447720e-07  3.596756686316854e-01  7.755050883355367e-01  4.963787433074925e-01  4.907252038575589e-01  1.200000469491290e+00  1.199998281284275e+00  1.550156289014280e+00 
 4.200641673007844e-07  3.850038047061261e-01  7.755355972034021e-01  4.964099691709949e-01  4.907252654652197e-01  1.200001346671527e+00  1.199998266771152e+00  1.550156289524419e+00 
 4.200683056361343e-07  4.098338168055357e-01  7.755541139044354e-01  4.964289098684062e-01  4.907251579986246e-01  1.200002213867202e+00  1.199998221270528e+00  1.550156290050237e+00 
 4.200724713013381e-07  4.348278080279781e-01  7.755561401020532e-01  4.964309566004814e-01  4.907248172972428e-01  1.200003112911051e+00  1.199998139392951e+00  1.550156290610622e+00 
 4.200766887897403e-07  4.601327384415710e-01  7.755349448815527e-01  4.964092060108206e-01  4.907241637728140e-01  1.200004063570912e+00  1.199998018344887e+00  1.550156291215905e+00 
 4.200808602026482e-07  4.851612158886829e-01  7.754838972840283e-01  4.963568483769930e-01  4.907231372945748e-01  1.200005057688252e+00  1.199997860863280e+00  1.550156291858789e+00 
 4.200849189368922e-07  5.095136213526945e-01  7.753980447396298e-01  4.962687845629413e-01  4.907217007582429e-01  1.200006089800928e+00  1.199997671568653e+00  1.550156292533361e+00 
 4.200888726821054e-07  5.332360926320572e-01  7.752725635104873e-01  4.961400411806226e-01  4.907198142862289e-01  1.200007167782723e+00  1.199997453344725e+00  1.550156293243996e+00 
 4.200931261725822e-07  5.587570354930534e-01  7.750824301305208e-01  4.959449369019793e-01  4.907171678416015e-01  1.200008416086032e+00  1.199997183605959e+00  1.550156294075944e+00 
 4.200970337731035e-07  5.822026386208775e-01  7.748496626918968e-01  4.957062934870299e-01  4.907141091259471e-01  1.200009642948539e+00  1.199996907148312e+00  1.550156294909577e+00 
 4.201012062290762e-07  6.072373744571057e-01  7.745299508134524e-01  4.953810071406538e-01  4.907101013137661e-01  1.200011039853534e+00  1.199996585013809e+00  1.550156295881808e+00 
 4.201047902790653e-07  6.287416743914451e-01  7.741802713144262e-01  4.950417611570824e-01  4.907058799407573e-01  1.200012355619550e+00  1.199996268112362e+00  1.550156296791134e+00 
 4.201064709529089e-07  6.388257174531692e-01  7.739771593116818e-01  4.948670648211942e-01  4.907034669755574e-01  1.200013162453508e+00  1.199996074517023e+00  1.550156297242507e+00 
 4.201077516735158e-07  6.465100410943214e-01  7.737929210395487e-01  4.947305137491108e-01  4.907012841361388e-01  1.200013991378785e+00  1.199995878560306e+00  1.550156297597729e+00 
 4.201090906804840e-07  6.545440829035766e-01  7.735614896866103e-01  4.945876111398579e-01  4.906985429531764e-01  1.200015104331037e+00  1.199995601800219e+00  1.550156297979950e+00 
 4.201107628930704e-07  6.645773584222966e-01  7.732046447516301e-01  4.944119149643734e-01  4.906943447695302e-01  1.200016692559086e+00  1.199995135800673e+00  1.550156298473359e+00 
 4.201125077580190e-07  6.750465481133849e-01  7.727498298386801e-01  4.942316481274786e-01  4.906890931802415e-01  1.200018131174848e+00  1.199994533835294e+00  1.550156299007840e+00 
 4.201141433219142e-07  6.848599314848591e-01  7.722552252674532e-01  4.940621072264285e-01  4.906835460716311e-01  1.200018710380512e+00  1.199993923430728e+00  1.550156299527542e+00 
 4.201158218273226e-07  6.949309639350132e-01  7.716908946391221e-01  4.938827459724013e-01  4.906774501105436e-01  1.200018040149192e+00  1.199993325081288e+00  1.550156300080219e+00 
 4.201176175960693e-07  7.057055764153390e-01  7.710372160874216e-01  4.936790083331467e-01  4.906706990780401e-01  1.200015636045999e+00  1.199992786262799e+00  1.550156300693682e+00 
 4.201195611169795e-07  7.173667018767490e-01  7.702882801893687e-01  4.934365277542865e-01  4.906633547937443e-01  1.200011059211163e+00  1.199992375557346e+00  1.550156301384033e+00 
 4.201214061652511e-07  7.284369915065645e-01  7.695546137773338e-01  4.931744349709813e-01  4.906565548308420e-01  1.200004987916075e+00  1.199992180982816e+00  1.550156302065287e+00 
 4.201232618932384e-07  7.395713594303026e-01  7.688131297615283e-01  4.928656621381158e-01  4.906500924481660e-01  1.199997489915571e+00  1.199992191302096e+00  1.550156302776343e+00 
 4.201250413845738e-07  7.502483074425756e-01  7.681142906249021e-01  4.925166495616099e-01  4.906444029737675e-01  1.199989315486211e+00  1.199992391858942e+00  1.550156303482795e+00 
 4.201269585674427e-07  7.617514046561342e-01  7.673855125068626e-01  4.920824263224593e-01  4.906388927516508e-01  1.199979807475284e+00  1.199992784405013e+00  1.550156304270996e+00 
 4.201292365246403e-07  7.754191478412794e-01  7.665568996628530e-01  4.915052717801529e-01  4.906331118833250e-01  1.199968233510679e+00  1.199993404138239e+00  1.550156305243946e+00 
 4.201313870135936e-07  7.883220815612759e-01  7.658107954554304e-01  4.909233077339256e-01  4.906282881939508e-01  1.199957855364697e+00  1.199994054493847e+00  1.550156306198388e+00 
 4.201334464677140e-07  8.006788062837589e-01  7.651270299296348e-01  4.903507995029452e-01  4.906241292174260e-01  1.199949172097554e+00  1.199994670130403e+00  1.550156307144436e+00 
 4.201359080995376e-07  8.154485972254428e-01  7.643454344473242e-01  4.896629205371580e-01  4.906196062009209e-01  1.199941055110097e+00  1.199995335124564e+00  1.550156308314707e+00 
 4.201383626562215e-07  8.301759373283943e-01  7.635989172758264e-01  4.889820966291621e-01  4.906154355964479e-01  1.199935552481072e+00  1.199995886450399e+00  1.550156309521832e+00 
 4.201411436921813e-07  8.468621530872391e-01  7.627840050574407e-01  4.882214136790095e-01  4.906109397973310e-01  1.199932066193310e+00  1.199996359010606e+00  1.550156310933201e+00 
 4.201436678103726e-07  8.620068622354881e-01  7.620658958397978e-01  4.875422771006193e-01  4.906069453206492e-01  1.199929615872140e+00  1.199996652384025e+00  1.550156312248981e+00 
 4.201464823286533e-07  8.788939719197496e-01  7.612861824002209e-01  4.868023085156876e-01  4.906025213854899e-01  1.199918707712965e+00  1.199996857279952e+00  1.550156313746534e+00 
 4.201492724527403e-07  8.956347164414369e-01  7.605366054235944e-01  4.860954750710721e-01  4.905981705748450e-01  1.199891546743270e+00  1.199996976693614e+00  1.550156315251849e+00 
 4.201519466118958e-07  9.116796713743833e-01  7.598408470383857e-01  4.854513378157021e-01  4.905940258214276e-01  1.199854792800820e+00  1.199997044668583e+00  1.550156316701830e+00 
 4.201549161956760e-07  9.294971740556598e-01  7.590956494042758e-01  4.847858224737912e-01  4.905894420558973e-01  1.199810368360995e+00  1.199997092474695e+00  1.550156318302358e+00 
 4.201577210252966e-07  9.463261517792834e-01  7.584176261232695e-01  4.842137564771495e-01  4.905850959318491e-01  1.199773262539541e+00  1.199997119243332e+00  1.550156319785501e+00 
 4.201611661716110e-07  9.669970296657412e-01  7.576182439206547e-01  4.835898486524833e-01  4.905796871552641e-01  1.199744590484725e+00  1.199997132181130e+00  1.550156321533989e+00 
 4.201654510250697e-07  9.927061504181026e-01  7.566813762409462e-01  4.829221460398307e-01  4.905728768050036e-01  1.199738987032921e+00  1.199997138958563e+00  1.550156323522500e+00 
 4.201688515047570e-07  1.013109028541605e+00  7.559948278551457e-01  4.824609233787101e-01  4.905675170588540e-01  1.199752391306444e+00  1.199997165568090e+00  1.550156324895105e+00 
 4.201721339214906e-07  1.032803528943442e+00  7.553858207302584e-01  4.820597557185528e-01  4.905624069235168e-01  1.199771781817232e+00  1.199997216080763e+00  1.550156325987805e+00 
 4.201757775840543e-07  1.054665504325701e+00  7.547690740170784e-01  4.816536558039761e-01  4.905567055893363e-01  1.199791904687393e+00  1.199997275732620e+00  1.550156326853473e+00 
 4.201792724208552e-07  1.075634525130885e+00  7.542297207332925e-01  4.812947964973863e-01  4.905510757231621e-01  1.199804840133075e+00  1.199997306656254e+00  1.550156327257251e+00 
 4.201830548441027e-07  1.098329064615859e+00  7.536938252976980e-01  4.809329529386107e-01  4.905446483506170e-01  1.199811538615824e+00  1.199997288784900e+00  1.550156327113378e+00 
 4.201868440198628e-07  1.121064119176207e+00  7.531977762138438e-01  4.805925287507051e-01  4.905377399102541e-01  1.199818040841591e+00  1.199997215397569e+00  1.550156326238215e+00 
 4.201912033305254e-07  1.147219983152152e+00  7.526683103160831e-01  4.802227057870044e-01  4.905291083969813e-01  1.199837044395508e+00  1.199997082484719e+00  1.550156324133446e+00 
 4.201956016652627e-07  1.173609991576121e+00  7.521730442651130e-01  4.798695277963773e-01  4.905196102902004e-01  1.199880226478901e+00  1.199996926748527e+00  1.550156320588887e+00 
 4.202000000000001e-07  1.200000000000000e+00  7.517134617435410e-01  4.795341389650176e-01  4.905092950270256e-01  1.199963542165430e+00  1.199996776305943e+00  1.550156315354656e+00 
 4.202002482437330e-07  1.200000000000000e+00  7.516836263244872e-01  4.795108327984042e-01  4.905085494184225e-01  1.199963779154224e+00  1.199996663133444e+00  1.550156315005246e+00 
 4.202007447311989e-07  1.200000000000000e+00  7.516217295825329e-01  4.794620859302636e-01  4.905069792703132e-01  1.199962504667563e+00  1.199996428019185e+00  1.550156314291158e+00 
 4.202013660060391e-07  1.200000000000000e+00  7.515444984073623e-01  4.794018574991037e-01  4.905050334399848e-01  1.199964048903224e+00  1.199996234760478e+00  1.550156313363299e+00 
 4.202021096058097e-07  1.200000000000000e+00  7.514550098962396e-01  4.793333355492070e-01  4.905028508660295e-01  1.199972945180621e+00  1.199996175425672e+00  1.550156312199443e+00 
 4.202032283892616e-07  1.200000000000000e+00  7.513263442164900e-01  4.792365265098687e-01  4.904998637324131e-01  1.199999446775423e+00  1.199996342472776e+00  1.550156310334215e+00 
 4.202051785063275e-07  1.200000000000000e+00  7.511146392175964e-01  4.790789801353641e-01  4.904952460307799e-01  1.200076986066016e+00  1.199997020778346e+00  1.550156306738070e+00 
 4.202072003977340e-07  1.200000000000000e+00  7.509075985765693e-01  4.789249270827237e-01  4.904910037488876e-01  1.200194155585862e+00  1.199997943923613e+00  1.550156302521374e+00 
 4.202101529854727e-07  1.200000000000000e+00  7.506205791559478e-01  4.787092934860317e-01  4.904854527112708e-01  1.200419981111752e+00  1.199999293294942e+00  1.550156295399139e+00 
 4.202136654371402e-07  1.200000000000000e+00  7.502930554156101e-01  4.784607198393100e-01  4.904794980824160e-01  1.200736886167831e+00  1.200000633551256e+00  1.550156285299700e+00 
 4.202176537767672e-07  1.200000000000000e+00  7.499264854342995e-01  4.781827981188788e-01  4.904732373168233e-01  1.201092502571678e+00  1.200001706067162e+00  1.550156271465057e+00 
 4.202220836943479e-07  1.200000000000000e+00  7.495127905695494e-01  4.778737151877644e-01  4.904665915693282e-01  1.201428078019063e+00  1.200002395068259e+00  1.550156252812807e+00 
 4.202270444700882e-07  1.200000000000000e+00  7.490368829214792e-01  4.775242803217380e-01  4.904593730236648e-01  1.201700135215669e+00  1.200002728090090e+00  1.550156227322122e+00 
 4.202327388660452e-07  1.200000000000000e+00  7.484876297196238e-01  4.771228151079029e-01  4.904514856773105e-01  1.201870342930425e+00  1.200002827402883e+00  1.550156191287257e+00 
 4.202380158556929e-07  1.200000000000000e+00  7.479951363300678e-01  4.767577070838580e-01  4.904448031890407e-01  1.201913575554238e+00  1.200002858171120e+00  1.550156150666598e+00 
 4.202434352486180e-07  1.200000000000000e+00  7.475214896815224e-01  4.763964981538517e-01  4.904388562124912e-01  1.201885971880709e+00  1.200002987777779e+00  1.550156100853567e+00 
 4.202497360189289e-07  1.200000000000000e+00  7.470199600258925e-01  4.759985683490901e-01  4.904335919965344e-01  1.201827441382780e+00  1.200003432629497e+00  1.550156031371852e+00 
 4.202561713017418e-07  1.200000000000000e+00  7.465607382233101e-01  4.756169150206192e-01  4.904309058333587e-01  1.201806181552518e+00  1.200004406434694e+00  1.550155946112063e+00 
 4.202625437862791e-07  1.200000000000000e+00  7.461515804520341e-01  4.752618114642704e-01  4.904322471090681e-01  1.201896944773774e+00  1.200006107427022e+00  1.550155845900623e+00 
 4.202693322496031e-07  1.200000000000000e+00  7.457538255215324e-01  4.749065460836930e-01  4.904400648622025e-01  1.202108253397862e+00  1.200008895144054e+00  1.550155720014819e+00 
 4.202766262094028e-07  1.200000000000000e+00  7.453586099170908e-01  4.745489737239079e-01  4.904586756675185e-01  1.202392974140565e+00  1.200012979239640e+00  1.550155560473210e+00 
 4.202846298347002e-07  1.200000000000000e+00  7.449639089379168e-01  4.741761341315662e-01  4.904953858443676e-01  1.202792547801584e+00  1.200018443005442e+00  1.550155353475137e+00 
 4.202932179137225e-07  1.200000000000000e+00  7.446007111065817e-01  4.737792099437433e-01  4.905591005395745e-01  1.203256738494590e+00  1.200024899914434e+00  1.550155090435242e+00 
 4.203009915450003e-07  1.200000000000000e+00  7.443408346644577e-01  4.734053503622186e-01  4.906432179900893e-01  1.203530202179292e+00  1.200030852716308e+00  1.550154812568351e+00 
 4.203088881910675e-07  1.200000000000000e+00  7.441553305288204e-01  4.730088191285734e-01  4.907594206507851e-01  1.203558601687131e+00  1.200036713186157e+00  1.550154488286054e+00 
 4.203159851165968e-07  1.200000000000000e+00  7.440612257697069e-01  4.726533274079355e-01  4.908945253138955e-01  1.203396445883855e+00  1.200041768131015e+00  1.550154158122583e+00 
 4.203230930931510e-07  1.200000000000000e+00  7.440393492023538e-01  4.723197417474081e-01  4.910634254176870e-01  1.203119107362385e+00  1.200046708099068e+00  1.550153788239059e+00 
 4.203306815261214e-07  1.200000000000000e+00  7.441005573841255e-01  4.720072312904788e-01  4.912864986362439e-01  1.202757922430371e+00  1.200052037936718e+00  1.550153347350967e+00 
 4.203400236406289e-07  1.200000000000000e+00  7.443044364352638e-01  4.716969436728559e-01  4.916322223247988e-01  1.202289257821385e+00  1.200059059283986e+00  1.550152735122329e+00 
 4.203501242245971e-07  1.200000000000000e+00  7.446965451067223e-01  4.714519084517454e-01  4.921102622182846e-01  1.201808085712279e+00  1.200067799794261e+00  1.550151981648493e+00 
 4.203595728186699e-07  1.200000000000000e+00  7.452381867948541e-01  4.712963474323412e-01  4.926724514853263e-01  1.201410972732875e+00  1.200077733920858e+00  1.550151185907950e+00 
 4.203698041954576e-07  1.200000000000000e+00  7.460333767696514e-01  4.711903380739877e-01  4.934272496366400e-01  1.201052352941173e+00  1.200091319642750e+00  1.550150219693223e+00 
 4.203791460594254e-07  1.200000000000000e+00  7.469632242411546e-01  4.711360117265296e-01  4.942623856142434e-01  1.200789734427647e+00  1.200107191815797e+00  1.550149238269059e+00 
 4.203899165463987e-07  1.200000000000000e+00  7.482854110381142e-01  4.711079509430769e-01  4.954022332252159e-01  1.200555351515666e+00  1.200130491457366e+00  1.550147984010540e+00 
 4.204008393925178e-07  1.200000000000000e+00  7.498909158187433e-01  4.711048271594975e-01  4.967317492301561e-01  1.200379751133697e+00  1.200160166839675e+00  1.550146572840750e+00 
 4.204086519019229e-07  1.200000000000000e+00  7.511928832085312e-01  4.711134484360629e-01  4.977651786119271e-01  1.200285846376014e+00  1.200185704731351e+00  1.550145475342095e+00 
 4.204153113837928e-07  1.200000000000000e+00  7.523972256961926e-01  4.711255851414302e-01  4.986761546134068e-01  1.200222628292482e+00  1.200209989894576e+00  1.550144480521518e+00 
 4.204213546570968e-07  1.200000000000000e+00  7.535608654569621e-01  4.711392106409480e-01  4.995032443332206e-01  1.200176148603438e+00  1.200231583746592e+00  1.550143529783074e+00 
 4.204274784724750e-07  1.200000000000000e+00  7.548013639511444e-01  4.711547429425992e-01  5.003186620931764e-01  1.200137650219772e+00  1.200243490835153e+00  1.550142519272198e+00 
 4.204340867124679e-07  1.200000000000000e+00  7.561878421743602e-01  4.711726772052166e-01  5.011606821909339e-01  1.200103977637734e+00  1.200212975393196e+00  1.550141375182269e+00 
 4.204402035651397e-07  1.200000000000000e+00  7.574800120022047e-01  4.711896936471484e-01  5.019137226296628e-01  1.200078764359092e+00  1.200093082668918e+00  1.550140266269106e+00 
 4.204460333197927e-07  1.200000000000000e+00  7.586830780488192e-01  4.712057816829118e-01  5.026205946262379e-01  1.200059087723115e+00  1.199836860373664e+00  1.550139164613046e+00 
 4.204515037232715e-07  1.200000000000000e+00  7.597627736183470e-01  4.712205178904684e-01  5.032802462662423e-01  1.200043832230155e+00  1.199388316057489e+00  1.550138091068973e+00 
 4.204559417967547e-07  1.200000000000000e+00  7.605935297700129e-01  4.712321518010208e-01  5.038137072516160e-01  1.200033408251260e+00  1.198790156695816e+00  1.550137191826664e+00 
 4.204597410695128e-07  1.200000000000000e+00  7.612689530574643e-01  4.712418827705477e-01  5.042681965809632e-01  1.200025691534433e+00  1.198031533895767e+00  1.550136401924432e+00 
 4.204633193226212e-07  1.200000000000000e+00  7.618747124438383e-01  4.712508847616720e-01  5.046928685983364e-01  1.200019319733811e+00  1.197034303836854e+00  1.550135641074305e+00 
 4.204671622792420e-07  1.200000000000000e+00  7.624942551248084e-01  4.712604247366078e-01  5.051434794542659e-01  1.200013330697717e+00  1.195593849606346e+00  1.550134805756253e+00 
 4.204713569140231e-07  1.200000000000000e+00  7.631371602156160e-01  4.712707450974338e-01  5.056270182089961e-01  1.200007680529626e+00  1.193553098277348e+00  1.550133872614406e+00 
 4.204760302689952e-07  1.200000000000000e+00  7.638175570667078e-01  4.712821979462530e-01  5.061543796045492e-01  1.200002328478908e+00  1.190663586764223e+00  1.550132806878473e+00 
 4.204786139261089e-07  1.200000000000000e+00  7.641794867204809e-01  4.712885323627369e-01  5.064408787244459e-01  1.199999755369891e+00  1.188805201425399e+00  1.550132205945126e+00 
 4.204814226019556e-07  1.200000000000000e+00  7.645629009673442e-01  4.712954345061323e-01  5.067484759446340e-01  1.199997230202329e+00  1.186861353944164e+00  1.550131543260316e+00 
 4.204837182956901e-07  1.200000000000000e+00  7.648690988749749e-01  4.713010917770115e-01  5.069969694845493e-01  1.199995356004424e+00  1.185745856570326e+00  1.550130994369355e+00 
 4.204861285057081e-07  1.200000000000000e+00  7.651841394762198e-01  4.713070488867208e-01  5.072551314545339e-01  1.199993553354986e+00  1.185534975882651e+00  1.550130411136861e+00 
 4.204884980867903e-07  1.200000000000000e+00  7.654879475574187e-01  4.713129256108428e-01  5.075063714986637e-01  1.199991931061976e+00  1.186596193509959e+00  1.550129830830442e+00 
 4.204900464468840e-07  1.200000000000000e+00  7.656836323210193e-01  4.713167790322269e-01  5.076693354291147e-01  1.199990946271157e+00  1.187894990775078e+00  1.550129447960158e+00 
 4.204913562775743e-07  1.200000000000000e+00  7.658476961770678e-01  4.713200495440809e-01  5.078066140863576e-01  1.199990157016421e+00  1.189279417619005e+00  1.550129121813431e+00 
 4.204926815570152e-07  1.200000000000000e+00  7.660126008435251e-01  4.713233712503039e-01  5.079451497093446e-01  1.199989397474113e+00  1.190880370702414e+00  1.550128789723375e+00 
 4.204943025958750e-07  1.200000000000000e+00  7.662132234971516e-01  4.713274550959640e-01  5.081143711129092e-01  1.199988519454577e+00  1.193004623399334e+00  1.550128380669202e+00 
 4.204958035133525e-07  1.200000000000000e+00  7.663981699422930e-01  4.713312582126624e-01  5.082709717260719e-01  1.199987754281060e+00  1.195010427137811e+00  1.550127999141824e+00 
 4.204979157639682e-07  1.200000000000000e+00  7.666570552214360e-01  4.713366407875628e-01  5.084910760987569e-01  1.199986748766455e+00  1.197623887199111e+00  1.550127457710990e+00 
 4.204999257872997e-07  1.200000000000000e+00  7.669012942505889e-01  4.713417840150639e-01  5.086996770619300e-01  1.199985861406123e+00  1.199673539920295e+00  1.550126937625508e+00 
 4.205017312368403e-07  1.200000000000000e+00  7.671182580383054e-01  4.713464103846644e-01  5.088857765169391e-01  1.199985115457312e+00  1.201065603395311e+00  1.550126466461865e+00 
 4.205036274130236e-07  1.200000000000000e+00  7.673430433508929e-01  4.713512666781378e-01  5.090794016863154e-01  1.199984378055546e+00  1.202078171726566e+00  1.550125967566506e+00 
 4.205056602070962e-07  1.200000000000000e+00  7.675800570389625e-01  4.713564640437510e-01  5.092844770771348e-01  1.199983635111369e+00  1.202737755921928e+00  1.550125428149769e+00 
 4.205078524251573e-07  1.200000000000000e+00  7.678307786706994e-01  4.713620562763009e-01  5.095024296894299e-01  1.199982885605478e+00  1.203087564469807e+00  1.550124841169020e+00 
 4.205103911883859e-07  1.200000000000000e+00  7.681146763168941e-01  4.713685161679695e-01  5.097504336137560e-01  1.199982081663994e+00  1.203193799910844e+00  1.550124154649428e+00 
 4.205133359014315e-07  1.200000000000000e+00  7.684352924106838e-01  4.713759891630641e-01  5.100319396507793e-01  1.199981231581682e+00  1.203096913680870e+00  1.550123349393897e+00 
 4.205169591803708e-07  1.200000000000000e+00  7.688170483072522e-01  4.713851576749871e-01  5.103688295422253e-01  1.199980299385640e+00  1.202839683178029e+00  1.550122345578837e+00 
 4.205214719947208e-07  1.200000000000000e+00  7.692726379067025e-01  4.713965354903826e-01  5.107727383642879e-01  1.199979296264200e+00  1.202469237543119e+00  1.550121075669110e+00 
 4.205268505106649e-07  1.200000000000000e+00  7.697856606803569e-01  4.714100255452800e-01  5.112290340922838e-01  1.199978297200405e+00  1.202057211996870e+00  1.550119534412674e+00 
 4.205321601197835e-07  1.200000000000000e+00  7.702583399444377e-01  4.714232528556891e-01  5.116498144594552e-01  1.199977487009152e+00  1.201711149272942e+00  1.550117984184294e+00 
 4.205381703215538e-07  1.200000000000000e+00  7.707502543079647e-01  4.714381006909922e-01  5.120867881810932e-01  1.199976742342199e+00  1.201390228808005e+00  1.550116196252564e+00 
 4.205443873653365e-07  1.200000000000000e+00  7.712085369713190e-01  4.714533132093914e-01  5.124916166440587e-01  1.199976130859633e+00  1.201122801630692e+00  1.550114311283478e+00 
 4.205516573818224e-07  1.200000000000000e+00  7.716777790277193e-01  4.714709284562467e-01  5.129018616131789e-01  1.199975583656390e+00  1.200873985076042e+00  1.550112063658593e+00 
 4.205597333648864e-07  1.200000000000000e+00  7.721167460407803e-01  4.714903324596284e-01  5.132789981384586e-01  1.199975150074594e+00  1.200659686145794e+00  1.550109515438421e+00 
 4.205695955638682e-07  1.200000000000000e+00  7.725454088948099e-01  4.715139256229998e-01  5.136366633505964e-01  1.199974816991814e+00  1.200464824892033e+00  1.550106336329566e+00 
 4.205785132989810e-07  1.200000000000000e+00  7.728450582467856e-01  4.715352900659068e-01  5.138758697526878e-01  1.199974660274285e+00  1.200337286915715e+00  1.550103403722542e+00 
 4.205885540871776e-07  1.200000000000000e+00  7.731025485585197e-01  4.715595140469312e-01  5.140690883399384e-01  1.199974597328060e+00  1.200234036910881e+00  1.550100043777792e+00 
 4.205983666750838e-07  1.200000000000000e+00  7.732913930564502e-01  4.715834386896588e-01  5.141986189382703e-01  1.199974609109377e+00  1.200163254264994e+00  1.550096708740844e+00 
 4.206090812635770e-07  1.200000000000000e+00  7.734465066051905e-01  4.716098743907087e-01  5.142925498324173e-01  1.199974664498141e+00  1.200109758049059e+00  1.550093018980534e+00 
 4.206194338678134e-07  1.200000000000000e+00  7.735605300693382e-01  4.716357034615561e-01  5.143507035734000e-01  1.199974735089063e+00  1.200074605928079e+00  1.550089415735670e+00 
 4.206311649966761e-07  1.200000000000000e+00  7.736612247799823e-01  4.716652420832641e-01  5.143915978734588e-01  1.199974817832828e+00  1.200047897234090e+00  1.550085300109062e+00 
 4.206435471923898e-07  1.200000000000000e+00  7.737456006587647e-01  4.716966319735258e-01  5.144165185392322e-01  1.199974901338978e+00  1.200029728912775e+00  1.550080933300041e+00 
 4.206582911743310e-07  1.200000000000000e+00  7.738271335436755e-01  4.717341492392083e-01  5.144316354825396e-01  1.199974996025698e+00  1.200016467416351e+00  1.550075725353625e+00 
 4.206750850692379e-07  1.200000000000000e+00  7.739035422917731e-01  4.717769035066045e-01  5.144374856727943e-01  1.199975103556891e+00  1.200007985217687e+00  1.550069813643387e+00 
 4.206960435440564e-07  1.200000000000000e+00  7.739825481564820e-01  4.718300928839334e-01  5.144349183551059e-01  1.199975245865646e+00  1.200002721872827e+00  1.550062519025129e+00 
 4.207204405126001e-07  1.200000000000000e+00  7.740583763631849e-01  4.718915979708980e-01  5.144232791376845e-01  1.199975427659385e+00  1.200000238932486e+00  1.550054220185910e+00 
 4.207441990121658e-07  1.200000000000000e+00  7.741196079868518e-01  4.719509766938972e-01  5.144055887273102e-01  1.199975619756892e+00  1.199999524862720e+00  1.550046409716012e+00 
 4.207708371922417e-07  1.200000000000000e+00  7.741768208660880e-01  4.720169001763851e-01  5.143800862734721e-01  1.199975846630299e+00  1.199999426758287e+00  1.550038052793969e+00 
 4.207977680929841e-07  1.200000000000000e+00  7.742248680157290e-01  4.720828436710442e-01  5.143493462291507e-01  1.199976081625473e+00  1.199999530260488e+00  1.550030105161610e+00 
 4.208285118264414e-07  1.200000000000000e+00  7.742702435131852e-01  4.721572786447172e-01  5.143093107267274e-01  1.199976350190672e+00  1.199999652661439e+00  1.550021721668949e+00 
 4.208612744188773e-07  1.200000000000000e+00  7.743099090973516e-01  4.722356454406981e-01  5.142619722065692e-01  1.199976632425482e+00  1.199999733493021e+00  1.550013656207073e+00 
 4.208994133092609e-07  1.200000000000000e+00  7.743475099848407e-01  4.723256801330782e-01  5.142021585824577e-01  1.199976953303578e+00  1.199999777795174e+00  1.550005442407416e+00 
 4.209417996463979e-07  1.200000000000000e+00  7.743812309107870e-01  4.724243003148230e-01  5.141312145143577e-01  1.199977299602750e+00  1.199999795749771e+00  1.549997808360227e+00 
 4.209921969992542e-07  1.200000000000000e+00  7.744133619208334e-01  4.725396748692217e-01  5.140425105864997e-01  1.199977697746772e+00  1.199999801745333e+00  1.549990725401077e+00 
 4.210505831193285e-07  1.200000000000000e+00  7.744429874439085e-01  4.726709024904028e-01  5.139357868342316e-01  1.199978141717109e+00  1.199999803115093e+00  1.549985059105126e+00 
 4.211221669245503e-07  1.200000000000000e+00  7.744718065141895e-01  4.728284210438848e-01  5.138014809857142e-01  1.199978662465823e+00  1.199999803371929e+00  1.549981433419260e+00 
 4.212090730769591e-07  1.200000000000000e+00  7.744995722221834e-01  4.730149682939768e-01  5.136359473947120e-01  1.199979262283278e+00  1.199999803409711e+00  1.549981166168331e+00 
 4.213196562418334e-07  1.200000000000000e+00  7.745278251841996e-01  4.732454275250423e-01  5.134245028304023e-01  1.199979978439244e+00  1.199999803362719e+00  1.549985867659162e+00 
 4.214567855745558e-07  1.200000000000000e+00  7.745562886061867e-01  4.735213044400478e-01  5.131642941475237e-01  1.199980800560045e+00  1.199999803279117e+00  1.549997029193213e+00 
 4.216223422173939e-07  1.200000000000000e+00  7.745849461173430e-01  4.738410320891829e-01  5.128560154976570e-01  1.199981707219680e+00  1.199999803223097e+00  1.550014869482741e+00 
 4.218223422173939e-07  1.200000000000000e+00  7.746145574103593e-01  4.742096874503564e-01  5.124944241267637e-01  1.199982694196859e+00  1.199999803206333e+00  1.550038543784163e+00 
 4.220223422173939e-07  1.200000000000000e+00  7.746404937705319e-01  4.745609031576204e-01  5.121455572486732e-01  1.199983579458502e+00  1.199999803208071e+00  1.550061516021578e+00 
 4.222223422173939e-07  1.200000000000000e+00  7.746637070369699e-01  4.748963188893461e-01  5.118094927444169e-01  1.199984377799043e+00  1.199999803211167e+00  1.550082014863309e+00 
 4.224223422173939e-07  1.200000000000000e+00  7.746847160740651e-01  4.752173579341655e-01  5.114858767039926e-01  1.199985101403501e+00  1.199999803212303e+00  1.550099292685339e+00 
 4.226223422173940e-07  1.200000000000000e+00  7.747038457318103e-01  4.755252461592845e-01  5.111741565580320e-01  1.199985760283468e+00  1.199999803212641e+00  1.550113270241496e+00 
 4.228223422173940e-07  1.200000000000000e+00  7.747213330134021e-01  4.758210439906493e-01  5.108737058954290e-01  1.199986362741839e+00  1.199999803212559e+00  1.550124236486374e+00 
 4.230223422173940e-07  1.200000000000000e+00  7.747373703465038e-01  4.761056758755899e-01  5.105838872596186e-01  1.199986915723598e+00  1.199999803212517e+00  1.550132641392866e+00 
 4.232223422173940e-07  1.200000000000000e+00  7.747521223711523e-01  4.763799541537572e-01  5.103040826319509e-01  1.199987425080269e+00  1.199999803212582e+00  1.550138969988328e+00 
 4.234223422173940e-07  1.200000000000000e+00  7.747657325285696e-01  4.766445978013888e-01  5.100337073120834e-01  1.199987895776045e+00  1.199999803212630e+00  1.550143674553419e+00 
 4.236223422173940e-07  1.200000000000000e+00  7.747783261490092e-01  4.769002471760939e-01  5.097722152617894e-01  1.199988332049312e+00  1.199999803212656e+00  1.550147144149782e+00 
 4.238223422173940e-07  1.200000000000000e+00  7.747900125295770e-01  4.771474757607014e-01  5.095191000785361e-01  1.199988737540918e+00  1.199999803212499e+00  1.550149696138718e+00 
 4.240223422173941e-07  1.200000000000000e+00  7.748008867775109e-01  4.773867996588754e-01  5.092738937772769e-01  1.199989115395780e+00  1.199999803212446e+00  1.550151579493923e+00 
 4.242223422173941e-07  1.200000000000000e+00  7.748110315732744e-01  4.776186853769189e-01  5.090361645320749e-01  1.199989468344146e+00  1.199999803212508e+00  1.550152983579867e+00 
 4.244223422173941e-07  1.200000000000000e+00  7.748205188289506e-01  4.778435562753619e-01  5.088055139917321e-01  1.199989798768764e+00  1.199999803212559e+00  1.550154048704042e+00 
 4.246223422173941e-07  1.200000000000000e+00  7.748294111961707e-01  4.780617979701848e-01  5.085815745020109e-01  1.199990108757432e+00  1.199999803212463e+00  1.550154876445304e+00 
 4.248223422173941e-07  1.200000000000000e+00  7.748377633972942e-01  4.782737628908489e-01  5.083640064037120e-01  1.199990400147425e+00  1.199999803212584e+00  1.550155538799570e+00 
 4.250223422173941e-07  1.200000000000000e+00  7.748456233765787e-01  4.784797741536664e-01  5.081524954931257e-01  1.199990674562934e+00  1.199999803212665e+00  1.550156085792480e+00 
 4.252223422173941e-07  1.200000000000000e+00  7.748530332823991e-01  4.786801288734940e-01  5.079467506804293e-01  1.199990933444098e+00  1.199999803212539e+00  1.550156551543485e+00 
 4.254223422173942e-07  1.200000000000000e+00  7.748600302991909e-01  4.788751010101172e-01  5.077465018580655e-01  1.199991178072436e+00  1.199999803212639e+00  1.550156958932004e+00 
 4.256223422173942e-07  1.200000000000000e+00  7.748666473494940e-01  4.790649438271011e-01  5.075514979726324e-01  1.199991409592529e+00  1.199999803212543e+00  1.550157323083753e+00 
 4.258223422173942e-07  1.200000000000000e+00  7.748729136862880e-01  4.792498920264281e-01  5.073615052893675e-01  1.199991629029645e+00  1.199999803212642e+00  1.550157653906699e+00 
 4.260223422173942e-07  1.200000000000000e+00  7.748788553930417e-01  4.794301636077550e-01  5.071763058337642e-01  1.199991837304611e+00  1.199999803212563e+00  1.550157957888505e+00 
 4.262223422173942e-07  1.200000000000000e+00  7.748844958069305e-01  4.796059614957292e-01  5.069956959933467e-01  1.199992035247882e+00  1.199999803212519e+00  1.550158239337285e+00 
 4.264223422173942e-07  1.200000000000000e+00  7.748898558779587e-01  4.797774749693685e-01  5.068194852641819e-01  1.199992223608066e+00  1.199999803212724e+00  1.550158501214331e+00 
 4.266223422173943e-07  1.200000000000000e+00  7.748949544744219e-01  4.799448809224385e-01  5.066474951266635e-01  1.199992403064558e+00  1.199999803212720e+00  1.550158745675408e+00 
 4.268223422173943e-07  1.200000000000000e+00  7.748998086437398e-01  4.801083449769731e-01  5.064795580346486e-01  1.199992574233353e+00  1.199999803212729e+00  1.550158974409664e+00 
 4.270223422173943e-07  1.200000000000000e+00  7.749044338355560e-01  4.802680224727279e-01  5.063155165091875e-01  1.199992737675234e+00  1.199999803212532e+00  1.550159188841943e+00 
 4.272223422173943e-07  1.200000000000000e+00  7.749088440932826e-01  4.804240593474140e-01  5.061552223202189e-01  1.199992893901265e+00  1.199999803212515e+00  1.550159390246047e+00 
 4.274223422173943e-07  1.200000000000000e+00  7.749130522187877e-01  4.805765929222797e-01  5.059985357514870e-01  1.199993043378528e+00  1.199999803212487e+00  1.550159579802307e+00 
 4.276223422173943e-07  1.200000000000000e+00  7.749170699145695e-01  4.807257526054294e-01  5.058453249350046e-01  1.199993186534758e+00  1.199999803212533e+00  1.550159758622201e+00 
 4.278223422173943e-07  1.200000000000000e+00  7.749209079066629e-01  4.808716605232524e-01  5.056954652497905e-01  1.199993323762043e+00  1.199999803212487e+00  1.550159927754895e+00 
 4.280223422173944e-07  1.200000000000000e+00  7.749245760511732e-01  4.810144320893081e-01  5.055488387767961e-01  1.199993455420828e+00  1.199999803212368e+00  1.550160088185258e+00 
 4.282223422173944e-07  1.200000000000000e+00  7.749280834269753e-01  4.811541765161619e-01  5.054053338054526e-01  1.199993581843481e+00  1.199999803212459e+00  1.550160240828986e+00 
 4.284223422173944e-07  1.200000000000000e+00  7.749314384164097e-01  4.812909972790945e-01  5.052648443836965e-01  1.199993703335518e+00  1.199999803212555e+00  1.550160386528006e+00 
 4.286223422173944e-07  1.200000000000000e+00  7.749346487759533e-01  4.814249925359708e-01  5.051272699094285e-01  1.199993820179515e+00  1.199999803212462e+00  1.550160526047534e+00 
 4.288223422173944e-07  1.200000000000000e+00  7.749377216980026e-01  4.815562555085351e-01  5.049925147565061e-01  1.199993932637335e+00  1.199999803212348e+00  1.550160660075417e+00 
 4.290223422173944e-07  1.200000000000000e+00  7.749406638652707e-01  4.816848748299838e-01  5.048604879352183e-01  1.199994040951153e+00  1.199999803212421e+00  1.550160789223602e+00 
 4.292223422173944e-07  1.200000000000000e+00  7.749434814987299e-01  4.818109348602956e-01  5.047311027795597e-01  1.199994145345236e+00  1.199999803212376e+00  1.550160914031450e+00 
 4.294223422173945e-07  1.200000000000000e+00  7.749461803999911e-01  4.819345159757996e-01  5.046042766625483e-01  1.199994246028560e+00  1.199999803212525e+00  1.550161034970334e+00 
 4.296223422173945e-07  1.200000000000000e+00  7.749487659888570e-01  4.820556948326042e-01  5.044799307337458e-01  1.199994343195273e+00  1.199999803212589e+00  1.550161152449115e+00 
 4.298223422173945e-07  1.200000000000000e+00  7.749512433366617e-01  4.821745446088062e-01  5.043579896783144e-01  1.199994437026515e+00  1.199999803212533e+00  1.550161266820065e+00 
 4.300223422173945e-07  1.200000000000000e+00  7.749536171961245e-01  4.822911352272485e-01  5.042383814963027e-01  1.199994527690797e+00  1.199999803212537e+00  1.550161378384899e+00 
 4.302223422173945e-07  1.200000000000000e+00  7.749558920278815e-01  4.824055335588076e-01  5.041210372986453e-01  1.199994615345384e+00  1.199999803212486e+00  1.550161487400690e+00 
 4.304223422173945e-07  1.200000000000000e+00  7.749580720243674e-01  4.825178036102645e-01  5.040058911183799e-01  1.199994700138080e+00  1.199999803212413e+00  1.550161594085435e+00 
 4.306223422173946e-07  1.200000000000000e+00  7.749601611312380e-01  4.826280066979961e-01  5.038928797376157e-01  1.199994782206127e+00  1.199999803212433e+00  1.550161698623242e+00 
 4.308223422173946e-07  1.200000000000000e+00  7.749621630666590e-01  4.827362016067674e-01  5.037819425268634e-01  1.199994861678860e+00  1.199999803212368e+00  1.550161801168974e+00 
 4.310223422173946e-07  1.200000000000000e+00  7.749640813387195e-01  4.828424447379858e-01  5.036730212963570e-01  1.199994938677538e+00  1.199999803212505e+00  1.550161901852388e+00 
 4.312223422173946e-07  1.200000000000000e+00  7.749659192611995e-01  4.829467902458919e-01  5.035660601585294e-01  1.199995013315409e+00  1.199999803212554e+00  1.550162000781776e+00 
 4.314223422173946e-07  1.200000000000000e+00  7.749676799678440e-01  4.830492901636383e-01  5.034610054002464e-01  1.199995085699723e+00  1.199999803212500e+00  1.550162098047151e+00 
 4.316223422173946e-07  1.200000000000000e+00  7.749693664253906e-01  4.831499945210642e-01  5.033578053642691e-01  1.199995155930654e+00  1.199999803212453e+00  1.550162193722987e+00 
 4.318223422173946e-07  1.200000000000000e+00  7.749709814453195e-01  4.832489514527876e-01  5.032564103390736e-01  1.199995224102920e+00  1.199999803212488e+00  1.550162287870562e+00 
 4.320223422173947e-07  1.200000000000000e+00  7.749725276946812e-01  4.833462073000065e-01  5.031567724563007e-01  1.199995290305318e+00  1.199999803212441e+00  1.550162380539915e+00 
 4.322223422173947e-07  1.200000000000000e+00  7.749740077059323e-01  4.834418067035968e-01  5.030588455950304e-01  1.199995354622286e+00  1.199999803212497e+00  1.550162471771618e+00 
 4.324223422173947e-07  1.200000000000000e+00  7.749754238859358e-01  4.835357926922650e-01  5.029625852936463e-01  1.199995417133016e+00  1.199999803212473e+00  1.550162561598180e+00 
 4.326223422173947e-07  1.200000000000000e+00  7.749767785242391e-01  4.836282067634421e-01  5.028679486658800e-01  1.199995477912330e+00  1.199999803212536e+00  1.550162650045283e+00 
 4.328223422173947e-07  1.200000000000000e+00  7.749780738006118e-01  4.837190889599696e-01  5.027748943235675e-01  1.199995537031465e+00  1.199999803212475e+00  1.550162737132847e+00 
 4.330223422173947e-07  1.200000000000000e+00  7.749793117920909e-01  4.838084779412372e-01  5.026833823043143e-01  1.199995594557318e+00  1.199999803212469e+00  1.550162822875923e+00 
 4.332223422173947e-07  1.200000000000000e+00  7.749804944793608e-01  4.838964110486446e-01  5.025933740036608e-01  1.199995650553165e+00  1.199999803212473e+00  1.550162907285471e+00 
 4.334223422173948e-07  1.200000000000000e+00  7.749816237526564e-01  4.839829243685449e-01  5.025048321111677e-01  1.199995705079225e+00  1.199999803212582e+00  1.550162990368988e+00 
 4.336223422173948e-07  1.200000000000000e+00  7.749827014172632e-01  4.840680527902880e-01  5.024177205514704e-01  1.199995758192675e+00  1.199999803212470e+00  1.550163072131134e+00 
 4.338223422173948e-07  1.200000000000000e+00  7.749837291985504e-01  4.841518300607425e-01  5.023320044278166e-01  1.199995809947601e+00  1.199999803212492e+00  1.550163152574196e+00 
 4.340223422173948e-07  1.200000000000000e+00  7.749847087466704e-01  4.842342888353665e-01  5.022476499697611e-01  1.199995860395546e+00  1.199999803212645e+00  1.550163231698535e+00 
 4.342223422173948e-07  1.200000000000000e+00  7.749856416408737e-01  4.843154607258897e-01  5.021646244842239e-01  1.199995909585191e+00  1.199999803212502e+00  1.550163309502977e+00 
 4.344223422173948e-07  1.200000000000000e+00  7.749865293935548e-01  4.843953763462574e-01  5.020828963087024e-01  1.199995957563227e+00  1.199999803212459e+00  1.550163385985148e+00 
 4.346223422173949e-07  1.200000000000000e+00  7.749873734539533e-01  4.844740653547245e-01  5.020024347673642e-01  1.199996004373171e+00  1.199999803212507e+00  1.550163461141757e+00 
 4.348223422173949e-07  1.200000000000000e+00  7.749881752116838e-01  4.845515564940021e-01  5.019232101308492e-01  1.199996050057898e+00  1.199999803212500e+00  1.550163534968885e+00 
 4.350223422173949e-07  1.200000000000000e+00  7.749889359999239e-01  4.846278776286366e-01  5.018451935761146e-01  1.199996094657017e+00  1.199999803212486e+00  1.550163607462200e+00 
 4.352223422173949e-07  1.200000000000000e+00  7.749896570984895e-01  4.847030557812607e-01  5.017683571507678e-01  1.199996138208998e+00  1.199999803212355e+00  1.550163678617142e+00 
 4.354223422173949e-07  1.200000000000000e+00  7.749903397365996e-01  4.847771171654257e-01  5.016926737378833e-01  1.199996180749869e+00  1.199999803212547e+00  1.550163748429130e+00 
 4.356223422173949e-07  1.200000000000000e+00  7.749909850955422e-01  4.848500872178367e-01  5.016181170237043e-01  1.199996222314918e+00  1.199999803212475e+00  1.550163816893691e+00 
 4.358223422173949e-07  1.200000000000000e+00  7.749915943111021e-01  4.849219906285327e-01  5.015446614660167e-01  1.199996262936881e+00  1.199999803212457e+00  1.550163884006588e+00 
 4.360223422173950e-07  1.200000000000000e+00  7.749921684758806e-01  4.849928513693129e-01  5.014722822650064e-01  1.199996302647612e+00  1.199999803212431e+00  1.550163949763964e+00 
 4.362223422173950e-07  1.200000000000000e+00  7.749927086414431e-01  4.850626927202424e-01  5.014009553359511e-01  1.199996341477395e+00  1.199999803212494e+00  1.550164014162390e+00 
 4.364223422173950e-07  1.200000000000000e+00  7.749932158204045e-01  4.851315372955409e-01  5.013306572818524e-01  1.199996379455046e+00  1.199999803212513e+00  1.550164077198984e+00 
 4.366223422173950e-07  1.200000000000000e+00  7.749936909882005e-01  4.851994070684488e-01  5.012613653691794e-01  1.199996416608588e+00  1.199999803212531e+00  1.550164138871418e+00 
 4.368223422173950e-07  1.200000000000000e+00  7.749941350849844e-01  4.852663233931906e-01  5.011930575035457e-01  1.199996452964328e+00  1.199999803212456e+00  1.550164199178023e+00 
 4.370223422173950e-07  1.200000000000000e+00  7.749945490172420e-01  4.853323070275020e-01  5.011257122067848e-01  1.199996488547800e+00  1.199999803212444e+00  1.550164258117802e+00 
 4.372223422173950e-07  1.200000000000000e+00  7.749949336593930e-01  4.853973781537370e-01  5.010593085960873e-01  1.199996523383098e+00  1.199999803212515e+00  1.550164315690455e+00 
 4.374223422173951e-07  1.200000000000000e+00  7.749952898552345e-01  4.854615563984178e-01  5.009938263625966e-01  1.199996557493836e+00  1.199999803212556e+00  1.550164371896373e+00 
 4.376223422173951e-07  1.200000000000000e+00  7.749956184193900e-01  4.855248608512789e-01  5.009292457520814e-01  1.199996590902036e+00  1.199999803212609e+00  1.550164426736678e+00 
 4.378223422173951e-07  1.200000000000000e+00  7.749959201386099e-01  4.855873100835693e-01  5.008655475467126e-01  1.199996623629405e+00  1.199999803212485e+00  1.550164480213205e+00 
 4.380223422173951e-07  1.200000000000000e+00  7.749961957730124e-01  4.856489221652078e-01  5.008027130465610e-01  1.199996655696493e+00  1.199999803212598e+00  1.550164532328455e+00 
 4.382223422173951e-07  1.200000000000000e+00  7.749964460572135e-01  4.857097146808684e-01  5.007407240522518e-01  1.199996687122823e+00  1.199999803212502e+00  1.550164583085627e+00 
 4.384223422173951e-07  1.200000000000000e+00  7.749966717015085e-01  4.857697047463999e-01  5.006795628493631e-01  1.199996717927751e+00  1.199999803212533e+00  1.550164632488587e+00 
 4.386223422173952e-07  1.200000000000000e+00  7.749968733928868e-01  4.858289090236683e-01  5.006192121924206e-01  1.199996748129232e+00  1.199999803212479e+00  1.550164680541827e+00 
 4.388223422173952e-07  1.200000000000000e+00  7.749970517960300e-01  4.858873437351955e-01  5.005596552900288e-01  1.199996777745105e+00  1.199999803212376e+00  1.550164727250442e+00 
 4.390223422173952e-07  1.200000000000000e+00  7.749972075542162e-01  4.859450246776210e-01  5.005008757904830e-01  1.199996806791726e+00  1.199999803212428e+00  1.550164772620120e+00 
 4.392223422173952e-07  1.200000000000000e+00  7.749973412902692e-01  4.860019672355596e-01  5.004428577676527e-01  1.199996835285918e+00  1.199999803212431e+00  1.550164816657077e+00 
 4.394223422173952e-07  1.200000000000000e+00  7.749974536073649e-01  4.860581863936921e-01  5.003855857083049e-01  1.199996863243042e+00  1.199999803212435e+00  1.550164859368038e+00 
 4.396223422173952e-07  1.200000000000000e+00  7.749975450898221e-01  4.861136967499448e-01  5.003290444989441e-01  1.199996890677861e+00  1.199999803212537e+00  1.550164900760189e+00 
 4.398223422173952e-07  1.200000000000000e+00  7.749976163039095e-01  4.861685125261628e-01  5.002732194141136e-01  1.199996917605153e+00  1.199999803212399e+00  1.550164940841176e+00 
 4.400223422173953e-07  1.200000000000000e+00  7.749976677984960e-01  4.862226475803615e-01  5.002180961043988e-01  1.199996944038777e+00  1.199999803212391e+00  1.550164979619026e+00 
 4.402223422173953e-07  1.200000000000000e+00  7.749977001057831e-01  4.862761154172111e-01  5.001636605851087e-01  1.199996969992061e+00  1.199999803212476e+00  1.550165017102147e+00 
 4.404223422173953e-07  1.200000000000000e+00  7.749977137419382e-01  4.863289291985423e-01  5.001098992255992e-01  1.199996995478119e+00  1.199999803212495e+00  1.550165053299261e+00 
 4.406223422173953e-07  1.200000000000000e+00  7.749977092077326e-01  4.863811017533815e-01  5.000567987386020e-01  1.199997020509668e+00  1.199999803212459e+00  1.550165088219387e+00 
 4.408223422173953e-07  1.200000000000000e+00  7.749976869891293e-01  4.864326455881819e-01  5.000043461705237e-01  1.199997045098165e+00  1.199999803212477e+00  1.550165121871828e+00 
 4.410223422173953e-07  1.200000000000000e+00  7.749976475578086e-01  4.864835728951995e-01  4.999525288916340e-01  1.199997069255657e+00  1.199999803212491e+00  1.550165154266128e+00 
 4.412223422173953e-07  1.200000000000000e+00  7.749975913717266e-01  4.865338955623661e-01  4.999013345862713e-01  1.199997092993456e+00  1.199999803212632e+00  1.550165185412014e+00 
 4.414223422173954e-07  1.200000000000000e+00  7.749975188756375e-01  4.865836251821915e-01  4.998507512448708e-01  1.199997116322121e+00  1.199999803212667e+00  1.550165215319419e+00 
 4.416223422173954e-07  1.200000000000000e+00  7.749974305015469e-01  4.866327730593200e-01  4.998007671540089e-01  1.199997139252465e+00  1.199999803212590e+00  1.550165243998437e+00 
 4.418223422173954e-07  1.200000000000000e+00  7.749973266691889e-01  4.866813502194015e-01  4.997513708885583e-01  1.199997161794001e+00  1.199999803212593e+00  1.550165271459298e+00 
 4.420223422173954e-07  1.200000000000000e+00  7.749972077864570e-01  4.867293674167152e-01  4.997025513039750e-01  1.199997183956970e+00  1.199999803212499e+00  1.550165297712340e+00 
 4.422223422173954e-07  1.200000000000000e+00  7.749970742498672e-01  4.867768351417110e-01  4.996542975278941e-01  1.199997205750751e+00  1.199999803212465e+00  1.550165322768000e+00 
 4.424223422173954e-07  1.200000000000000e+00  7.749969264449040e-01  4.868237636283935e-01  4.996065989529740e-01  1.199997227184371e+00  1.199999803212498e+00  1.550165346636808e+00 
 4.426223422173955e-07  1.200000000000000e+00  7.749967647464620e-01  4.868701628615391e-01  4.995594452291984e-01  1.199997248266728e+00  1.199999803212453e+00  1.550165369329388e+00 
 4.428223422173955e-07  1.200000000000000e+00  7.749965895191615e-01  4.869160425837317e-01  4.995128262567915e-01  1.199997269006779e+00  1.199999803212390e+00  1.550165390856399e+00 
 4.430223422173955e-07  1.200000000000000e+00  7.749964011177288e-01  4.869614123014722e-01  4.994667321795906e-01  1.199997289412167e+00  1.199999803212469e+00  1.550165411228554e+00 
 4.432223422173955e-07  1.200000000000000e+00  7.749961998873047e-01  4.870062812920839e-01  4.994211533784824e-01  1.199997309490970e+00  1.199999803212525e+00  1.550165430456619e+00 
 4.434223422173955e-07  1.200000000000000e+00  7.749959861638488e-01  4.870506586102841e-01  4.993760804645121e-01  1.199997329251609e+00  1.199999803212404e+00  1.550165448551393e+00 
 4.436223422173955e-07  1.200000000000000e+00  7.749957602743131e-01  4.870945530932153e-01  4.993315042730334e-01  1.199997348700955e+00  1.199999803212401e+00  1.550165465523702e+00 
 4.438223422173955e-07  1.200000000000000e+00  7.749955225370631e-01  4.871379733675386e-01  4.992874158576083e-01  1.199997367846629e+00  1.199999803212409e+00  1.550165481384426e+00 
 4.440223422173956e-07  1.200000000000000e+00  7.749952732620998e-01  4.871809278539458e-01  4.992438064840664e-01  1.199997386695287e+00  1.199999803212539e+00  1.550165496144470e+00 
 4.442223422173956e-07  1.200000000000000e+00  7.749950127513032e-01  4.872234247733808e-01  4.992006676249318e-01  1.199997405254054e+00  1.199999803212437e+00  1.550165509814760e+00 
 4.444223422173956e-07  1.200000000000000e+00  7.749947412987908e-01  4.872654721527050e-01  4.991579909537367e-01  1.199997423529409e+00  1.199999803212475e+00  1.550165522406256e+00 
 4.446223422173956e-07  1.200000000000000e+00  7.749944591910858e-01  4.873070778290647e-01  4.991157683400146e-01  1.199997441527994e+00  1.199999803212515e+00  1.550165533929970e+00 
 4.448223422173956e-07  1.200000000000000e+00  7.749941667073906e-01  4.873482494556285e-01  4.990739918435754e-01  1.199997459256058e+00  1.199999803212590e+00  1.550165544396926e+00 
 4.450223422173956e-07  1.200000000000000e+00  7.749938641197631e-01  4.873889945057779e-01  4.990326537102692e-01  1.199997476719529e+00  1.199999803212509e+00  1.550165553818208e+00 
 4.452223422173956e-07  1.200000000000000e+00  7.749935516934640e-01  4.874293202785480e-01  4.989917463662299e-01  1.199997493924369e+00  1.199999803212502e+00  1.550165562204936e+00 
 4.454223422173957e-07  1.200000000000000e+00  7.749932296870173e-01  4.874692339027423e-01  4.989512624135781e-01  1.199997510876041e+00  1.199999803212468e+00  1.550165569568297e+00 
 4.456223422173957e-07  1.200000000000000e+00  7.749928983525098e-01  4.875087423419580e-01  4.989111946260706e-01  1.199997527580361e+00  1.199999803212409e+00  1.550165575919533e+00 
 4.458223422173957e-07  1.200000000000000e+00  7.749925579357709e-01  4.875478523984049e-01  4.988715359442422e-01  1.199997544042695e+00  1.199999803212427e+00  1.550165581269968e+00 
 4.460223422173957e-07  1.200000000000000e+00  7.749922086765600e-01  4.875865707174505e-01  4.988322794712783e-01  1.199997560268008e+00  1.199999803212562e+00  1.550165585630967e+00 
 4.462223422173957e-07  1.200000000000000e+00  7.749918508087407e-01  4.876249037913670e-01  4.987934184691042e-01  1.199997576261663e+00  1.199999803212577e+00  1.550165589013987e+00 
 4.464223422173957e-07  1.200000000000000e+00  7.749914845604544e-01  4.876628579635051e-01  4.987549463531239e-01  1.199997592028236e+00  1.199999803212575e+00  1.550165591430567e+00 
 4.466223422173958e-07  1.200000000000000e+00  7.749911101543153e-01  4.877004394324498e-01  4.987168566894317e-01  1.199997607572644e+00  1.199999803212572e+00  1.550165592892342e+00 
 4.468223422173958e-07  1.200000000000000e+00  7.749907278075300e-01  4.877376542553468e-01  4.986791431907180e-01  1.199997622899528e+00  1.199999803212562e+00  1.550165593411032e+00 
 4.470223422173958e-07  1.200000000000000e+00  7.749903377320899e-01  4.877745083520919e-01  4.986417997121244e-01  1.199997638013902e+00  1.199999803212453e+00  1.550165592998479e+00 
 4.472223422173958e-07  1.200000000000000e+00  7.749899401349070e-01  4.878110075083590e-01  4.986048202475822e-01  1.199997652919605e+00  1.199999803212396e+00  1.550165591666609e+00 
 4.474223422173958e-07  1.200000000000000e+00  7.749895352179615e-01  4.878471573792131e-01  4.985681989267865e-01  1.199997667621231e+00  1.199999803212409e+00  1.550165589427482e+00 
 4.476223422173958e-07  1.200000000000000e+00  7.749891231784486e-01  4.878829634927284e-01  4.985319300114813e-01  1.199997682122403e+00  1.199999803212641e+00  1.550165586293254e+00 
 4.478223422173958e-07  1.200000000000000e+00  7.749887042089182e-01  4.879184312528269e-01  4.984960078918346e-01  1.199997696427916e+00  1.199999803212516e+00  1.550165582276223e+00 
 4.480223422173959e-07  1.200000000000000e+00  7.749882784974143e-01  4.879535659428391e-01  4.984604270834942e-01  1.199997710541200e+00  1.199999803212498e+00  1.550165577388791e+00 
 4.482223422173959e-07  1.200000000000000e+00  7.749878462275618e-01  4.879883727282717e-01  4.984251822241110e-01  1.199997724466358e+00  1.199999803212468e+00  1.550165571643494e+00 
 4.484223422173959e-07  1.200000000000000e+00  7.749874075787073e-01  4.880228566604782e-01  4.983902680708812e-01  1.199997738207158e+00  1.199999803212409e+00  1.550165565053016e+00 
 4.486223422173959e-07  1.200000000000000e+00  7.749869627260546e-01  4.880570226783971e-01  4.983556794968099e-01  1.199997751766957e+00  1.199999803212635e+00  1.550165557630125e+00 
 4.488223422173959e-07  1.200000000000000e+00  7.749865118407812e-01  4.880908756129272e-01  4.983214114878109e-01  1.199997765149361e+00  1.199999803212509e+00  1.550165549387744e+00 
 4.490223422173959e-07  1.200000000000000e+00  7.749860550901139e-01  4.881244201881804e-01  4.982874591404449e-01  1.199997778357909e+00  1.199999803212399e+00  1.550165540338898e+00 
 4.492223422173959e-07  1.200000000000000e+00  7.749855926374611e-01  4.881576610251098e-01  4.982538176585443e-01  1.199997791396040e+00  1.199999803212504e+00  1.550165530496782e+00 
 4.494223422173960e-07  1.200000000000000e+00  7.749851246425108e-01  4.881906026441887e-01  4.982204823510740e-01  1.199997804266743e+00  1.199999803212499e+00  1.550165519874684e+00 
 4.496223422173960e-07  1.200000000000000e+00  7.749846512613280e-01  4.882232494673307e-01  4.981874486288050e-01  1.199997816973675e+00  1.199999803212572e+00  1.550165508486021e+00 
 4.498223422173960e-07  1.200000000000000e+00  7.749841726464883e-01  4.882556058209159e-01  4.981547120026649e-01  1.199997829519943e+00  1.199999803212486e+00  1.550165496344316e+00 
 4.500223422173960e-07  1.200000000000000e+00  7.749836889470831e-01  4.882876759380271e-01  4.981222680803158e-01  1.199997841908019e+00  1.199999803212557e+00  1.550165483463211e+00 
 4.502223422173960e-07  1.200000000000000e+00  7.749832003089081e-01  4.883194639603311e-01  4.980901125642211e-01  1.199997854141230e+00  1.199999803212574e+00  1.550165469856462e+00 
 4.504223422173960e-07  1.200000000000000e+00  7.749827068744902e-01  4.883509739416551e-01  4.980582412495230e-01  1.199997866222205e+00  1.199999803212581e+00  1.550165455537906e+00 
 4.506223422173961e-07  1.200000000000000e+00  7.749822087831694e-01  4.883822098485842e-01  4.980266500210966e-01  1.199997878154173e+00  1.199999803212501e+00  1.550165440521495e+00 
 4.508223422173961e-07  1.200000000000000e+00  7.749817061712326e-01  4.884131755639278e-01  4.979953348513614e-01  1.199997889939623e+00  1.199999803212478e+00  1.550165424821262e+00 
 4.510223422173961e-07  1.200000000000000e+00  7.749811991719094e-01  4.884438748883554e-01  4.979642917990281e-01  1.199997901581168e+00  1.199999803212437e+00  1.550165408451302e+00 
 4.512223422173961e-07  1.200000000000000e+00  7.749806879155593e-01  4.884743115422711e-01  4.979335170060692e-01  1.199997913081745e+00  1.199999803212499e+00  1.550165391425775e+00 
 4.514223422173961e-07  1.200000000000000e+00  7.749801725296683e-01  4.885044891679400e-01  4.979030066959734e-01  1.199997924443606e+00  1.199999803212577e+00  1.550165373758910e+00 
 4.516223422173961e-07  1.200000000000000e+00  7.749796531388999e-01  4.885344113312812e-01  4.978727571715837e-01  1.199997935669354e+00  1.199999803212592e+00  1.550165355464994e+00 
 4.518223422173961e-07  1.200000000000000e+00  7.749791298652354e-01  4.885640815244567e-01  4.978427648129330e-01  1.199997946761142e+00  1.199999803212520e+00  1.550165336558348e+00 
 4.520223422173962e-07  1.200000000000000e+00  7.749786028280452e-01  4.885935031668001e-01  4.978130260762654e-01  1.199997957721555e+00  1.199999803212406e+00  1.550165317053315e+00 
 4.522223422173962e-07  1.200000000000000e+00  7.749780721440478e-01  4.886226796074021e-01  4.977835374910143e-01  1.199997968553414e+00  1.199999803212431e+00  1.550165296964248e+00 
 4.524223422173962e-07  1.200000000000000e+00  7.749775379275219e-01  4.886516141261364e-01  4.977542956589552e-01  1.199997979258292e+00  1.199999803212493e+00  1.550165276305515e+00 
 4.526223422173962e-07  1.200000000000000e+00  7.749770002902264e-01  4.886803099358661e-01  4.977252972515831e-01  1.199997989838544e+00  1.199999803212475e+00  1.550165255091463e+00 
 4.528223422173962e-07  1.200000000000000e+00  7.749764593415773e-01  4.887087701837108e-01  4.976965390091311e-01  1.199998000296347e+00  1.199999803212441e+00  1.550165233336429e+00 
 4.530223422173962e-07  1.200000000000000e+00  7.749759151885904e-01  4.887369979533458e-01  4.976680177385258e-01  1.199998010634109e+00  1.199999803212396e+00  1.550165211054717e+00 
 4.532223422173963e-07  1.200000000000000e+00  7.749753679360541e-01  4.887649962657054e-01  4.976397303115366e-01  1.199998020853615e+00  1.199999803212423e+00  1.550165188260588e+00 
 4.534223422173963e-07  1.200000000000000e+00  7.749748176865194e-01  4.887927680814970e-01  4.976116736637479e-01  1.199998030956518e+00  1.199999803212594e+00  1.550165164968240e+00 
 4.536223422173963e-07  1.200000000000000e+00  7.749742645403627e-01  4.888203163013720e-01  4.975838447925134e-01  1.199998040945598e+00  1.199999803212532e+00  1.550165141191799e+00 
 4.538223422173963e-07  1.200000000000000e+00  7.749737085958414e-01  4.888476437687699e-01  4.975562407555493e-01  1.199998050822083e+00  1.199999803212526e+00  1.550165116945316e+00 
 4.540223422173963e-07  1.200000000000000e+00  7.749731499491389e-01  4.888747532705292e-01  4.975288586699914e-01  1.199998060588149e+00  1.199999803212426e+00  1.550165092242733e+00 
 4.542223422173963e-07  1.200000000000000e+00  7.749725886944373e-01  4.889016475382345e-01  4.975016957103555e-01  1.199998070245725e+00  1.199999803212475e+00  1.550165067097882e+00 
 4.544223422173963e-07  1.200000000000000e+00  7.749720249239056e-01  4.889283292497852e-01  4.974747491075059e-01  1.199998079796613e+00  1.199999803212542e+00  1.550165041524503e+00 
 4.546223422173964e-07  1.200000000000000e+00  7.749714587278064e-01  4.889548010308954e-01  4.974480161467080e-01  1.199998089242403e+00  1.199999803212466e+00  1.550165015536199e+00 
 4.548223422173964e-07  1.200000000000000e+00  7.749708901945395e-01  4.889810654559323e-01  4.974214941667945e-01  1.199998098584956e+00  1.199999803212416e+00  1.550164989146411e+00 
 4.550223422173964e-07  1.200000000000000e+00  7.749703194106248e-01  4.890071250497771e-01  4.973951805587947e-01  1.199998107825614e+00  1.199999803212459e+00  1.550164962368421e+00 
 4.552223422173964e-07  1.200000000000000e+00  7.749697464608012e-01  4.890329822880237e-01  4.973690727647092e-01  1.199998116966415e+00  1.199999803212439e+00  1.550164935215339e+00 
 4.554223422173964e-07  1.200000000000000e+00  7.749691714280357e-01  4.890586395991793e-01  4.973431682765988e-01  1.199998126009276e+00  1.199999803212396e+00  1.550164907700118e+00 
 4.556223422173964e-07  1.200000000000000e+00  7.749685943936147e-01  4.890840993652897e-01  4.973174646346674e-01  1.199998134954755e+00  1.199999803212423e+00  1.550164879835525e+00 
 4.558223422173964e-07  1.200000000000000e+00  7.749680154371014e-01  4.891093639232883e-01  4.972919594262932e-01  1.199998143805143e+00  1.199999803212486e+00  1.550164851634097e+00 
 4.560223422173965e-07  1.200000000000000e+00  7.749674346364351e-01  4.891344355653510e-01  4.972666502853170e-01  1.199998152561951e+00  1.199999803212474e+00  1.550164823108194e+00 
 4.562223422173965e-07  1.200000000000000e+00  7.749668520679344e-01  4.891593165411131e-01  4.972415348908129e-01  1.199998161226351e+00  1.199999803212433e+00  1.550164794269948e+00 
 4.564223422173965e-07  1.200000000000000e+00  7.749662678063676e-01  4.891840090581254e-01  4.972166109657726e-01  1.199998169799944e+00  1.199999803212585e+00  1.550164765131271e+00 
 4.566223422173965e-07  1.200000000000000e+00  7.749656819249751e-01  4.892085152826098e-01  4.971918762759696e-01  1.199998178284335e+00  1.199999803212531e+00  1.550164735703840e+00 
 4.568223422173965e-07  1.200000000000000e+00  7.749650944858295e-01  4.892328373504674e-01  4.971673286160815e-01  1.199998186730607e+00  1.199999803212580e+00  1.550164705999070e+00 
 4.570223422173965e-07  1.200000000000000e+00  7.749645055649468e-01  4.892569773423584e-01  4.971429658428835e-01  1.199998195050441e+00  1.199999803212542e+00  1.550164676028144e+00 
 4.572223422173966e-07  1.200000000000000e+00  7.749639152343017e-01  4.892809373043781e-01  4.971187858495942e-01  1.199998203273119e+00  1.199999803212595e+00  1.550164645801975e+00 
 4.574223422173966e-07  1.200000000000000e+00  7.749633235621841e-01  4.893047192473304e-01  4.970947865652564e-01  1.199998211411726e+00  1.199999803212468e+00  1.550164615331235e+00 
 4.576223422173966e-07  1.200000000000000e+00  7.749627306148483e-01  4.893283251458344e-01  4.970709659561829e-01  1.199998219468071e+00  1.199999803212487e+00  1.550164584626296e+00 
 4.578223422173966e-07  1.200000000000000e+00  7.749621364570294e-01  4.893517569396117e-01  4.970473220256032e-01  1.199998227443049e+00  1.199999803212520e+00  1.550164553697294e+00 
 4.580223422173966e-07  1.200000000000000e+00  7.749615411520737e-01  4.893750165336049e-01  4.970238528133355e-01  1.199998235338009e+00  1.199999803212568e+00  1.550164522554088e+00 
 4.582223422173966e-07  1.200000000000000e+00  7.749609447620418e-01  4.893981057987323e-01  4.970005563943752e-01  1.199998243153537e+00  1.199999803212433e+00  1.550164491206264e+00 
 4.584223422173966e-07  1.200000000000000e+00  7.749603473477048e-01  4.894210265726042e-01  4.969774308783065e-01  1.199998250891421e+00  1.199999803212460e+00  1.550164459663121e+00 
 4.586223422173967e-07  1.200000000000000e+00  7.749597489686100e-01  4.894437806606536e-01  4.969544744086373e-01  1.199998258553006e+00  1.199999803212501e+00  1.550164427933700e+00 
 4.588223422173967e-07  1.200000000000000e+00  7.749591496830889e-01  4.894663698366749e-01  4.969316851618299e-01  1.199998266138564e+00  1.199999803212543e+00  1.550164396026749e+00 
 4.590223422173967e-07  1.200000000000000e+00  7.749585495482810e-01  4.894887958437759e-01  4.969090613467499e-01  1.199998273649856e+00  1.199999803212598e+00  1.550164363950708e+00 
 4.592223422173967e-07  1.200000000000000e+00  7.749579486201235e-01  4.895110603944835e-01  4.968866012036258e-01  1.199998281087992e+00  1.199999803212475e+00  1.550164331713742e+00 
 4.594223422173967e-07  1.200000000000000e+00  7.749573469534942e-01  4.895331651722922e-01  4.968643030037780e-01  1.199998288453853e+00  1.199999803212407e+00  1.550164299323734e+00 
 4.596223422173967e-07  1.200000000000000e+00  7.749567446020965e-01  4.895551118316676e-01  4.968421650484555e-01  1.199998295748248e+00  1.199999803212425e+00  1.550164266788277e+00 
 4.598223422173967e-07  1.200000000000000e+00  7.749561416185728e-01  4.895769019993261e-01  4.968201856681568e-01  1.199998302972370e+00  1.199999803212542e+00  1.550164234114690e+00 
 4.600223422173968e-07  1.200000000000000e+00  7.749555380544434e-01  4.895985372738783e-01  4.967983632220984e-01  1.199998310127545e+00  1.199999803212603e+00  1.550164201309986e+00 
 4.602223422173968e-07  1.200000000000000e+00  7.749549339601929e-01  4.896200192273841e-01  4.967766960975535e-01  1.199998317214072e+00  1.199999803212686e+00  1.550164168380924e+00 
 4.604223422173968e-07  1.200000000000000e+00  7.749543293853214e-01  4.896413494060636e-01  4.967551827093679e-01  1.199998324233846e+00  1.199999803212490e+00  1.550164135333961e+00 
 4.606223422173968e-07  1.200000000000000e+00  7.749537243782574e-01  4.896625293300226e-01  4.967338214989111e-01  1.199998331187108e+00  1.199999803212519e+00  1.550164102175301e+00 
 4.608223422173968e-07  1.200000000000000e+00  7.749531189864739e-01  4.896835604944029e-01  4.967126109340126e-01  1.199998338075013e+00  1.199999803212473e+00  1.550164068910872e+00 
 4.610223422173968e-07  1.200000000000000e+00  7.749525132564353e-01  4.897044443698370e-01  4.966915495076426e-01  1.199998344898607e+00  1.199999803212405e+00  1.550164035546336e+00 
 4.612223422173969e-07  1.200000000000000e+00  7.749519072336853e-01  4.897251824031624e-01  4.966706357380196e-01  1.199998351658622e+00  1.199999803212512e+00  1.550164002087080e+00 
 4.614223422173969e-07  1.200000000000000e+00  7.749513009628088e-01  4.897457760178804e-01  4.966498681678140e-01  1.199998358356080e+00  1.199999803212559e+00  1.550163968538267e+00 
 4.616223422173969e-07  1.200000000000000e+00  7.749506944875125e-01  4.897662266141697e-01  4.966292453632014e-01  1.199998364991586e+00  1.199999803212422e+00  1.550163934904782e+00 
 4.618223422173969e-07  1.200000000000000e+00  7.749500878505744e-01  4.897865355704096e-01  4.966087659140830e-01  1.199998371566185e+00  1.199999803212445e+00  1.550163901191270e+00 
 4.620223422173969e-07  1.200000000000000e+00  7.749494810938916e-01  4.898067042426206e-01  4.965884284332551e-01  1.199998378080781e+00  1.199999803212574e+00  1.550163867402130e+00 
 4.622223422173969e-07  1.200000000000000e+00  7.749488742585006e-01  4.898267339657472e-01  4.965682315552110e-01  1.199998384536163e+00  1.199999803212447e+00  1.550163833541546e+00 
 4.624223422173969e-07  1.200000000000000e+00  7.749482673845883e-01  4.898466260538277e-01  4.965481739364116e-01  1.199998390932946e+00  1.199999803212481e+00  1.550163799613460e+00 
 4.626223422173970e-07  1.200000000000000e+00  7.749476605114978e-01  4.898663818006436e-01  4.965282542547324e-01  1.199998397272320e+00  1.199999803212421e+00  1.550163765621596e+00 
 4.628223422173970e-07  1.200000000000000e+00  7.749470536777768e-01  4.898860024794333e-01  4.965084712088431e-01  1.199998403554145e+00  1.199999803212649e+00  1.550163731569471e+00 
 4.630223422173970e-07  1.200000000000000e+00  7.749464469211695e-01  4.899054893443956e-01  4.964888235176641e-01  1.199998409780215e+00  1.199999803212646e+00  1.550163697460395e+00 
 4.632223422173970e-07  1.200000000000000e+00  7.749458402786231e-01  4.899248436302503e-01  4.964693099202268e-01  1.199998415950923e+00  1.199999803212524e+00  1.550163663297469e+00 
 4.634223422173970e-07  1.200000000000000e+00  7.749452337862941e-01  4.899440665534388e-01  4.964499291746354e-01  1.199998422066904e+00  1.199999803212569e+00  1.550163629083616e+00 
 4.636223422173970e-07  1.200000000000000e+00  7.749446274796224e-01  4.899631593117381e-01  4.964306800584676e-01  1.199998428128805e+00  1.199999803212528e+00  1.550163594821567e+00 
 4.638223422173970e-07  1.200000000000000e+00  7.749440213933051e-01  4.899821230850632e-01  4.964115613675298e-01  1.199998434137678e+00  1.199999803212483e+00  1.550163560513884e+00 
 4.640223422173971e-07  1.200000000000000e+00  7.749434155612680e-01  4.900009590357289e-01  4.963925719160212e-01  1.199998440093865e+00  1.199999803212515e+00  1.550163526162947e+00 
 4.642223422173971e-07  1.200000000000000e+00  7.749428100167356e-01  4.900196683092430e-01  4.963737105356444e-01  1.199998445997999e+00  1.199999803212471e+00  1.550163491771000e+00 
 4.644223422173971e-07  1.200000000000000e+00  7.749422047922286e-01  4.900382520341200e-01  4.963549760761526e-01  1.199998451851092e+00  1.199999803212407e+00  1.550163457340095e+00 
 4.646223422173971e-07  1.200000000000000e+00  7.749415999196171e-01  4.900567113224535e-01  4.963363674037407e-01  1.199998457653843e+00  1.199999803212519e+00  1.550163422872175e+00 
 4.648223422173971e-07  1.200000000000000e+00  7.749409954300611e-01  4.900750472703044e-01  4.963178834016109e-01  1.199998463406940e+00  1.199999803212572e+00  1.550163388369028e+00 
 4.650223422173971e-07  1.200000000000000e+00  7.749403913540447e-01  4.900932609582113e-01  4.962995229688336e-01  1.199998469110642e+00  1.199999803212532e+00  1.550163353832305e+00 
 4.652223422173972e-07  1.200000000000000e+00  7.749397877214215e-01  4.901113534511099e-01  4.962812850209064e-01  1.199998474765517e+00  1.199999803212584e+00  1.550163319263549e+00 
 4.654223422173972e-07  1.200000000000000e+00  7.749391845613919e-01  4.901293257986491e-01  4.962631684886092e-01  1.199998480372600e+00  1.199999803212458e+00  1.550163284664177e+00 
 4.656223422173972e-07  1.200000000000000e+00  7.749385819025418e-01  4.901471790361043e-01  4.962451723181469e-01  1.199998485932396e+00  1.199999803212498e+00  1.550163250035497e+00 
 4.658223422173972e-07  1.200000000000000e+00  7.749379797728507e-01  4.901649141841204e-01  4.962272954705828e-01  1.199998491445221e+00  1.199999803212446e+00  1.550163215378722e+00 
 4.660223422173972e-07  1.200000000000000e+00  7.749373781996675e-01  4.901825322494135e-01  4.962095369217460e-01  1.199998496911902e+00  1.199999803212484e+00  1.550163180694973e+00 
 4.662223422173972e-07  1.200000000000000e+00  7.749367772097315e-01  4.902000342246708e-01  4.961918956616209e-01  1.199998502333075e+00  1.199999803212517e+00  1.550163145985287e+00 
 4.664223422173972e-07  1.200000000000000e+00  7.749361768292344e-01  4.902174210892227e-01  4.961743706946875e-01  1.199998507709211e+00  1.199999803212474e+00  1.550163111250626e+00 
 4.666223422173973e-07  1.200000000000000e+00  7.749355770837730e-01  4.902346938085297e-01  4.961569610383554e-01  1.199998513040618e+00  1.199999803212504e+00  1.550163076491857e+00 
 4.668223422173973e-07  1.200000000000000e+00  7.749349779984072e-01  4.902518533355396e-01  4.961396657239791e-01  1.199998518328186e+00  1.199999803212456e+00  1.550163041709786e+00 
 4.670223422173973e-07  1.200000000000000e+00  7.749343795976256e-01  4.902689006105791e-01  4.961224837961586e-01  1.199998523572329e+00  1.199999803212496e+00  1.550163006905190e+00 
 4.672223422173973e-07  1.200000000000000e+00  7.749337819053673e-01  4.902858365611064e-01  4.961054143119946e-01  1.199998528773639e+00  1.199999803212444e+00  1.550162972078746e+00 
 4.674223422173973e-07  1.200000000000000e+00  7.749331849450358e-01  4.903026621027695e-01  4.960884563415192e-01  1.199998533932783e+00  1.199999803212476e+00  1.550162937231118e+00 
 4.676223422173973e-07  1.200000000000000e+00  7.749325887395582e-01  4.903193781387060e-01  4.960716089670641e-01  1.199998539049983e+00  1.199999803212509e+00  1.550162902362924e+00 
 4.678223422173973e-07  1.200000000000000e+00  7.749319933112924e-01  4.903359855608124e-01  4.960548712825901e-01  1.199998544126143e+00  1.199999803212465e+00  1.550162867474719e+00 
 4.680223422173974e-07  1.200000000000000e+00  7.749313986821136e-01  4.903524852490929e-01  4.960382423947896e-01  1.199998549161125e+00  1.199999803212509e+00  1.550162832567057e+00 
 4.682223422173974e-07  1.200000000000000e+00  7.749308048734151e-01  4.903688780725261e-01  4.960217214214162e-01  1.199998554155926e+00  1.199999803212464e+00  1.550162797640452e+00 
 4.684223422173974e-07  1.200000000000000e+00  7.749302119061097e-01  4.903851648889168e-01  4.960053074916235e-01  1.199998559110902e+00  1.199999803212506e+00  1.550162762695389e+00 
 4.686223422173974e-07  1.200000000000000e+00  7.749296198006079e-01  4.904013465454347e-01  4.959889997460769e-01  1.199998564026407e+00  1.199999803212459e+00  1.550162727732349e+00 
 4.688223422173974e-07  1.200000000000000e+00  7.749290285768554e-01  4.904174238783587e-01  4.959727973359148e-01  1.199998568902849e+00  1.199999803212499e+00  1.550162692751818e+00 
 4.690223422173974e-07  1.200000000000000e+00  7.749284382543642e-01  4.904333977133791e-01  4.959566994230680e-01  1.199998573740934e+00  1.199999803212447e+00  1.550162657754231e+00 
 4.692223422173975e-07  1.200000000000000e+00  7.749278488521746e-01  4.904492688664914e-01  4.959407051802105e-01  1.199998578541206e+00  1.199999803212485e+00  1.550162622740056e+00 
 4.694223422173975e-07  1.200000000000000e+00  7.749272603888687e-01  4.904650381434043e-01  4.959248137900934e-01  1.199998583303886e+00  1.199999803212431e+00  1.550162587709742e+00 
 4.696223422173975e-07  1.200000000000000e+00  7.749266728826402e-01  4.904807063396725e-01  4.959090244456041e-01  1.199998588029498e+00  1.199999803212462e+00  1.550162552663748e+00 
 4.698223422173975e-07  1.200000000000000e+00  7.749260863512311e-01  4.904962742417873e-01  4.958933363496340e-01  1.199998592718302e+00  1.199999803212509e+00  1.550162517602536e+00 
 4.700111711086988e-07  1.200000000000000e+00  7.749255334911545e-01  4.905108812289790e-01  4.958786167486128e-01  1.199998597109975e+00  1.199999803212431e+00  1.550162484486256e+00 
 4.702000000000001e-07  1.199999999999960e+00  7.749249815299459e-01  4.905254001437390e-01  4.958639860530006e-01  1.199998601471661e+00  1.199999803212485e+00  1.550162451356241e+00 
 4.702002493617139e-07  1.198503829716983e+00  7.749199512856413e-01  4.905207279107962e-01  4.958638809239356e-01  1.199993240664433e+00  1.199999656557623e+00  1.550162451312485e+00 
 4.702007480851415e-07  1.195511489151345e+00  7.749070863624253e-01  4.905090993613648e-01  4.958636281156047e-01  1.199980624568855e+00  1.199999291894244e+00  1.550162451224962e+00 
 4.702013701855192e-07  1.191778886885311e+00  7.748902025056882e-01  4.904943873306238e-01  4.958632929334172e-01  1.199966986589827e+00  1.199998912632616e+00  1.550162451115788e+00 
 4.702021155156279e-07  1.187306906232792e+00  7.748715248140235e-01  4.904787260727341e-01  4.958629054654904e-01  1.199955501792666e+00  1.199998668051048e+00  1.550162450984994e+00 
 4.702032362103566e-07  1.180582737861026e+00  7.748468744246356e-01  4.904588171115705e-01  4.958623645317539e-01  1.199945569761721e+00  1.199998615433954e+00  1.550162450788338e+00 
 4.702052039061616e-07  1.168776563031045e+00  7.748102560326673e-01  4.904300475384178e-01  4.958615055851092e-01  1.199940053713625e+00  1.199998898613834e+00  1.550162450443058e+00 
 4.702073916873746e-07  1.155649875752884e+00  7.747762902329968e-01  4.904034823926893e-01  4.958606524587741e-01  1.199943148688427e+00  1.199999331560206e+00  1.550162450059146e+00 
 4.702106523737303e-07  1.136085757618440e+00  7.747343164458196e-01  4.903698941918008e-01  4.958595252351816e-01  1.199953939861237e+00  1.199999807122601e+00  1.550162449486904e+00 
 4.702149117057283e-07  1.110529765630464e+00  7.746901901014595e-01  4.903331265787897e-01  4.958582396839373e-01  1.199969348789266e+00  1.200000084750324e+00  1.550162448739147e+00 
 4.702223589200565e-07  1.065846479661249e+00  7.746313926675186e-01  4.902816432368058e-01  4.958563114645907e-01  1.199989844759874e+00  1.200000135747149e+00  1.550162447430108e+00 
 4.702319345491646e-07  1.008392705012627e+00  7.745759211488027e-01  4.902307248148461e-01  4.958541713160348e-01  1.200004224465960e+00  1.200000008471793e+00  1.550162445738162e+00 
 4.702433981385415e-07  9.396111687513581e-01  7.745233767101899e-01  4.901814912129761e-01  4.958518374920624e-01  1.200010320887647e+00  1.199999884737181e+00  1.550162443681267e+00 
 4.702577869755265e-07  8.532781468412807e-01  7.744641009784241e-01  4.901265535111475e-01  4.958490590451685e-01  1.200010809236949e+00  1.199999825438928e+00  1.550162440988537e+00 
 4.702664947459491e-07  8.010315243056296e-01  7.744344748865404e-01  4.900992358049402e-01  4.958475638609999e-01  1.200011017502405e+00  1.199999854521839e+00  1.550162439265008e+00 
 4.702752546595649e-07  7.484720426109408e-01  7.744252178708902e-01  4.900893622857139e-01  4.958465891212546e-01  1.200017413865734e+00  1.199999974106825e+00  1.550162437420635e+00 
 4.702852895286847e-07  6.882628278919211e-01  7.744762504058161e-01  4.901298301513421e-01  4.958469458277197e-01  1.200036824935656e+00  1.200000194135260e+00  1.550162435111452e+00 
 4.702948769677112e-07  6.307381937333022e-01  7.746301765785031e-01  4.902569749881503e-01  4.958496791588489e-01  1.200064448605035e+00  1.200000423131879e+00  1.550162432643516e+00 
 4.703032743983960e-07  5.803536096246554e-01  7.748899624223463e-01  4.904742210044669e-01  4.958547588183687e-01  1.200092016432276e+00  1.200000609184312e+00  1.550162430215721e+00 
 4.703102950736937e-07  5.382295578384165e-01  7.752296879771106e-01  4.907601938754155e-01  4.958614616136114e-01  1.200116281348934e+00  1.200000749106169e+00  1.550162427957158e+00 
 4.703165446960999e-07  5.007318234007464e-01  7.756550692234394e-01  4.911195176380922e-01  4.958697052643801e-01  1.200139429549420e+00  1.200000861572384e+00  1.550162425744803e+00 
 4.703225342657899e-07  4.647944052612140e-01  7.762003787770226e-01  4.915805046618641e-01  4.958799527056512e-01  1.200164442276300e+00  1.200000957884515e+00  1.550162423425859e+00 
 4.703287988262521e-07  4.272070424878280e-01  7.769478536757424e-01  4.922107452401813e-01  4.958934600993932e-01  1.200195556437218e+00  1.200001042182669e+00  1.550162420775525e+00 
 4.703354592586902e-07  3.872444478593565e-01  7.779737521726222e-01  4.930690887328553e-01  4.959112547450062e-01  1.200236511380194e+00  1.200001101814371e+00  1.550162417694135e+00 
 4.703425013084173e-07  3.449921494967036e-01  7.793362050593283e-01  4.941926312890404e-01  4.959341275741054e-01  1.200291160249903e+00  1.200001121469508e+00  1.550162414141656e+00 
 4.703473700826943e-07  3.157795038348468e-01  7.804469555389019e-01  4.950925940784816e-01  4.959524387192396e-01  1.200337689947328e+00  1.200001115418887e+00  1.550162411516006e+00 
 4.703536172536970e-07  2.782964778185270e-01  7.820750471473351e-01  4.963817160963907e-01  4.959790265397868e-01  1.200410612460189e+00  1.200001115851355e+00  1.550162407971398e+00 
 4.703585457056670e-07  2.487257659986043e-01  7.835210595230039e-01  4.974852627680364e-01  4.960025251206491e-01  1.200479463678428e+00  1.200001129897333e+00  1.550162405064133e+00 
 4.703626578214710e-07  2.240530711742715e-01  7.848377228527622e-01  4.984391706085889e-01  4.960238851055579e-01  1.200537752986395e+00  1.200001151290880e+00  1.550162402589254e+00 
 4.703664115940032e-07  2.015304359812342e-01  7.861252442467688e-01  4.993118175710159e-01  4.960448013331954e-01  1.200567301064693e+00  1.200001176039833e+00  1.550162400315513e+00 
 4.703708027474788e-07  1.751835151273928e-01  7.877162531476767e-01  5.003170402523484e-01  4.960709450762618e-01  1.200502968481949e+00  1.200001204414329e+00  1.550162397678595e+00 
 4.703750498475115e-07  1.497009149312780e-01  7.892984979824088e-01  5.012809451481431e-01  4.960978038680517e-01  1.200233830782252e+00  1.200001225273187e+00  1.550162395200016e+00 
 4.703785910210396e-07  1.284538737625187e-01  7.906105201327153e-01  5.020884301442260e-01  4.961212460166481e-01  1.199718531631855e+00  1.200001239180605e+00  1.550162393227150e+00 
 4.703813352580367e-07  1.119884517804344e-01  7.916072624853905e-01  5.027172571351971e-01  4.961400285841486e-01  1.199021273908627e+00  1.200001255147936e+00  1.550162391781785e+00 
 4.703837508687570e-07  9.749478745825990e-02  7.924655616323598e-01  5.032706967289994e-01  4.961570093996542e-01  1.198096364239468e+00  1.200001278640974e+00  1.550162390588409e+00 
 4.703861157681018e-07  8.330539138976989e-02  7.932852087326945e-01  5.038106545122006e-01  4.961740439862958e-01  1.196821238462781e+00  1.200001310389696e+00  1.550162389508814e+00 
 4.703889534274470e-07  6.627943531866420e-02  7.942373926724323e-01  5.044542962707235e-01  4.961950240253591e-01  1.194721421909954e+00  1.200001356822843e+00  1.550162388355394e+00 
 4.703915687002161e-07  5.058779870356811e-02  7.950822603741027e-01  5.050417484341635e-01  4.962148897345975e-01  1.192231435884005e+00  1.200001406061349e+00  1.550162387455032e+00 
 4.703947977876220e-07  3.121327426833154e-02  7.960812469737726e-01  5.057562981471334e-01  4.962401420115400e-01  1.188430480503470e+00  1.200001475257721e+00  1.550162386603746e+00 
 4.703968039466474e-07  1.917632011574799e-02  7.966782985638379e-01  5.061931757732053e-01  4.962562470513763e-01  1.185672999737354e+00  1.200001523390749e+00  1.550162386238889e+00 
 4.703984019733238e-07  9.588160057809159e-03  7.971414655896533e-01  5.065366798170670e-01  4.962693105448693e-01  1.183399141237436e+00  1.200001564639519e+00  1.550162386049384e+00 
 4.704000000000001e-07  0.000000000000000e+00  7.975938071891604e-01  5.068755921246847e-01  4.962825855998695e-01  1.181403079599697e+00  1.200001608188243e+00  1.550162385959166e+00 
 4.704001292815498e-07  0.000000000000000e+00  7.976325667731957e-01  5.069044347839030e-01  4.962837186146777e-01  1.181263233352148e+00  1.200001690419939e+00  1.550162385956595e+00 
 4.704003878446492e-07  0.000000000000000e+00  7.977117226745718e-01  5.069622686856641e-01  4.962860037075192e-01  1.180999781180428e+00  1.200001907393990e+00  1.550162385953179e+00 
 4.704007148036610e-07  0.000000000000000e+00  7.978127737893941e-01  5.070350181985771e-01  4.962889017564711e-01  1.180698598491784e+00  1.200002160860913e+00  1.550162385952776e+00 
 4.704011096250072e-07  0.000000000000000e+00  7.979342944112852e-01  5.071221467502121e-01  4.962923915759142e-01  1.180385151868210e+00  1.200002349125153e+00  1.550162385958458e+00 
 4.704016494894543e-07  0.000000000000000e+00  7.980985445315130e-01  5.072400915501576e-01  4.962971338665284e-01  1.180060030064278e+00  1.200002399872159e+00  1.550162385977542e+00 
 4.704026538487826e-07  0.000000000000000e+00  7.983982068181730e-01  5.074560258189995e-01  4.963058676542310e-01  1.179849241399225e+00  1.200002093542311e+00  1.550162386049182e+00 
 4.704037589279726e-07  0.000000000000000e+00  7.987195259298696e-01  5.076884932764647e-01  4.963153549920180e-01  1.180276250442817e+00  1.200001451394078e+00  1.550162386184657e+00 
 4.704047632729731e-07  0.000000000000000e+00  7.990042820227801e-01  5.078952764599980e-01  4.963238746546291e-01  1.181227058269751e+00  1.200000774624636e+00  1.550162386361595e+00 
 4.704058168038101e-07  0.000000000000000e+00  7.992959010671397e-01  5.081077923676386e-01  4.963327142072840e-01  1.182727084821710e+00  1.200000090069205e+00  1.550162386604975e+00 
 4.704070294060359e-07  0.000000000000000e+00  7.996230295324853e-01  5.083470874001411e-01  4.963427743872922e-01  1.184970867334908e+00  1.199999409018781e+00  1.550162386962209e+00 
 4.704082178756648e-07  0.000000000000000e+00  7.999351894567878e-01  5.085763086688879e-01  4.963525239626918e-01  1.187531417241281e+00  1.199998875081266e+00  1.550162387396494e+00 
 4.704097204271074e-07  0.000000000000000e+00  8.003182754326362e-01  5.088586926560519e-01  4.963647044455313e-01  1.190920673671352e+00  1.199998380525803e+00  1.550162388072166e+00 
 4.704113587390083e-07  0.000000000000000e+00  8.007214714044211e-01  5.091570053402835e-01  4.963778103017523e-01  1.194378314298392e+00  1.199998032444955e+00  1.550162388980252e+00 
 4.704129035172970e-07  0.000000000000000e+00  8.010878573017657e-01  5.094288691059007e-01  4.963900074974700e-01  1.197136802923305e+00  1.199997845815918e+00  1.550162390010584e+00 
 4.704144497079771e-07  0.000000000000000e+00  8.014412376064348e-01  5.096915966382130e-01  4.964020648637018e-01  1.199296449802304e+00  1.199997759263286e+00  1.550162391222014e+00 
 4.704161166787208e-07  0.000000000000000e+00  8.018074309964713e-01  5.099641850133388e-01  4.964148984059588e-01  1.200974275850836e+00  1.199997743558246e+00  1.550162392743357e+00 
 4.704178222861907e-07  0.000000000000000e+00  8.021664965851945e-01  5.102316172262854e-01  4.964278526542820e-01  1.202107907849094e+00  1.199997783063372e+00  1.550162394546186e+00 
 4.704197872247481e-07  0.000000000000000e+00  8.025610382989319e-01  5.105254229564168e-01  4.964425521411177e-01  1.202875704290080e+00  1.199997871128548e+00  1.550162396953891e+00 
 4.704219496204681e-07  0.000000000000000e+00  8.029722343440118e-01  5.108313173908525e-01  4.964584399663318e-01  1.203275919600759e+00  1.199997996990920e+00  1.550162400043248e+00 
 4.704245310301956e-07  0.000000000000000e+00  8.034326644519598e-01  5.111730933396599e-01  4.964769771703114e-01  1.203396231599986e+00  1.199998163124389e+00  1.550162404385878e+00 
 4.704275057003178e-07  0.000000000000000e+00  8.039238646916786e-01  5.115363570968990e-01  4.964976775872867e-01  1.203287644309610e+00  1.199998354058150e+00  1.550162410356290e+00 
 4.704311544591092e-07  0.000000000000000e+00  8.044718304076772e-01  5.119392622198724e-01  4.965218820855842e-01  1.203009954139112e+00  1.199998565242096e+00  1.550162419247333e+00 
 4.704352584388673e-07  0.000000000000000e+00  8.050208037049713e-01  5.123396615151898e-01  4.965470547357089e-01  1.202651590364653e+00  1.199998751740115e+00  1.550162431557384e+00 
 4.704399017432602e-07  0.000000000000000e+00  8.055622625988499e-01  5.127307840107340e-01  4.965718825041345e-01  1.202267341389124e+00  1.199998878656447e+00  1.550162448821055e+00 
 4.704451714303744e-07  0.000000000000000e+00  8.060829515644528e-01  5.131034722259027e-01  4.965932963088875e-01  1.201888842057206e+00  1.199998903063529e+00  1.550162473312055e+00 
 4.704510398349790e-07  0.000000000000000e+00  8.065563559860968e-01  5.134413155534698e-01  4.966050572632984e-01  1.201539027008182e+00  1.199998794117870e+00  1.550162507629304e+00 
 4.704571552736923e-07  0.000000000000000e+00  8.069419677717379e-01  5.137206254699788e-01  4.965989171199465e-01  1.201242513485205e+00  1.199998585084608e+00  1.550162552463516e+00 
 4.704639318448324e-07  0.000000000000000e+00  8.072541082084548e-01  5.139601246597969e-01  4.965637682022174e-01  1.200978985606460e+00  1.199998339044690e+00  1.550162614629632e+00 
 4.704712145205850e-07  0.000000000000000e+00  8.074683767507798e-01  5.141534470847888e-01  4.964855167477717e-01  1.200756240771833e+00  1.199998127468274e+00  1.550162698295760e+00 
 4.704787380857276e-07  0.000000000000000e+00  8.075708205732911e-01  5.143003166055479e-01  4.963538109023924e-01  1.200578032358972e+00  1.199997973589775e+00  1.550162805762892e+00 
 4.704865336331322e-07  0.000000000000000e+00  8.075616085890697e-01  5.144107104380239e-01  4.961574267939982e-01  1.200436758110180e+00  1.199997863088443e+00  1.550162942851673e+00 
 4.704948394765842e-07  0.000000000000000e+00  8.074349277334558e-01  5.144946796828734e-01  4.958782861475450e-01  1.200323406512923e+00  1.199997804923315e+00  1.550163121670516e+00 
 4.705038289486341e-07  0.000000000000000e+00  8.071722438847315e-01  5.145579899014098e-01  4.954974106007011e-01  1.200233077094483e+00  1.199997879842834e+00  1.550163358310376e+00 
 4.705090725735864e-07  0.000000000000000e+00  8.069510425697781e-01  5.145845675950441e-01  4.952428094329926e-01  1.200192943821263e+00  1.199998197345464e+00  1.550163518751914e+00 
 4.705121661684104e-07  0.000000000000000e+00  8.067856334517816e-01  5.145973269656069e-01  4.950857369470571e-01  1.200172844406410e+00  1.199998714921898e+00  1.550163621655889e+00 
 4.705151222390587e-07  0.000000000000000e+00  8.065919868219878e-01  5.146078324214087e-01  4.949346275980308e-01  1.200155683812741e+00  1.199999469880156e+00  1.550163726038637e+00 
 4.705187312403267e-07  0.000000000000000e+00  8.062955027545252e-01  5.146187076536145e-01  4.947522845528977e-01  1.200137042155748e+00  1.200000451114999e+00  1.550163861879008e+00 
 4.705225336337989e-07  0.000000000000000e+00  8.059068755694869e-01  5.146281102032058e-01  4.945629099775324e-01  1.200119807275633e+00  1.200001029526207e+00  1.550164015395494e+00 
 4.705264077753175e-07  0.000000000000000e+00  8.054391132700064e-01  5.146358238873266e-01  4.943684064158003e-01  1.200104472372737e+00  1.200000609600648e+00  1.550164183214749e+00 
 4.705301461140299e-07  0.000000000000000e+00  8.049329889771523e-01  5.146417545509953e-01  4.941733065833588e-01  1.200091541017986e+00  1.199999152460466e+00  1.550164356475140e+00 
 4.705344150285505e-07  0.000000000000000e+00  8.043061742880048e-01  5.146470081106806e-01  4.939346338991059e-01  1.200078708159550e+00  1.199996646226285e+00  1.550164568467268e+00 
 4.705384843144863e-07  0.000000000000000e+00  8.036736663547419e-01  5.146507309225898e-01  4.936856886253158e-01  1.200068145196688e+00  1.199993862822548e+00  1.550164785084791e+00 
 4.705431487296465e-07  0.000000000000000e+00  8.029193818804463e-01  5.146536840201766e-01  4.933682027613344e-01  1.200057749927621e+00  1.199990660739242e+00  1.550165051512765e+00 
 4.705480661204715e-07  0.000000000000000e+00  8.020993874849983e-01  5.146554732678088e-01  4.929890131299851e-01  1.200048480548444e+00  1.199987539748893e+00  1.550165354138912e+00 
 4.705540317668277e-07  0.000000000000000e+00  8.010756090660107e-01  5.146560405560534e-01  4.924559870462894e-01  1.200039169948987e+00  1.199984252538116e+00  1.550165752467433e+00 
 4.705617627751977e-07  0.000000000000000e+00  7.997014815596879e-01  5.146544739228553e-01  4.916287942243372e-01  1.200029634841184e+00  1.199980871760481e+00  1.550166321843511e+00 
 4.705692670165042e-07  0.000000000000000e+00  7.983157397061474e-01  5.146507535311675e-01  4.906731380397293e-01  1.200022558615298e+00  1.199978715314486e+00  1.550166934320524e+00 
 4.705756880067370e-07  0.000000000000000e+00  7.970871887272701e-01  5.146460323581167e-01  4.897448048829232e-01  1.200017858619628e+00  1.199977487163776e+00  1.550167506874150e+00 
 4.705798313706769e-07  0.000000000000000e+00  7.962738133599310e-01  5.146423012334018e-01  4.891019247095998e-01  1.200015375481149e+00  1.199973535633200e+00  1.550167900692297e+00 
 4.705826878830896e-07  0.000000000000000e+00  7.957063363883370e-01  5.146394534398111e-01  4.886465095151302e-01  1.200013876854060e+00  1.199964295791494e+00  1.550168183552509e+00 
 4.705855331732632e-07  0.000000000000000e+00  7.951386555908938e-01  5.146364241530231e-01  4.881902664450703e-01  1.200012532262430e+00  1.199948819716706e+00  1.550168474674470e+00 
 4.705887954053226e-07  0.000000000000000e+00  7.944877891140090e-01  5.146327420610779e-01  4.876732027859479e-01  1.200011149126229e+00  1.199927200948370e+00  1.550168820128279e+00 
 4.705927745555691e-07  0.000000000000000e+00  7.936971747405647e-01  5.146279786308203e-01  4.870671807630997e-01  1.200009661923551e+00  1.199900579913040e+00  1.550169258599473e+00 
 4.705963868658426e-07  0.000000000000000e+00  7.929828054872227e-01  5.146234059472470e-01  4.865531806689378e-01  1.200008479742008e+00  1.199879882662456e+00  1.550169673100271e+00 
 4.706006658597062e-07  0.000000000000000e+00  7.921446074894346e-01  5.146177157517564e-01  4.859972145332168e-01  1.200007259711751e+00  1.199863178527979e+00  1.550170184599980e+00 
 4.706048148756910e-07  0.000000000000000e+00  7.913512848553658e-01  5.146119796035280e-01  4.855087504514388e-01  1.200006241567033e+00  1.199856067819391e+00  1.550170702002965e+00 
 4.706097198707493e-07  0.000000000000000e+00  7.904573133043450e-01  5.146050201865850e-01  4.849806426105782e-01  1.200005215921673e+00  1.199857739988867e+00  1.550171341183786e+00 
 4.706140996919283e-07  0.000000000000000e+00  7.897110874725520e-01  5.145986966723937e-01  4.845423255368477e-01  1.200004438525861e+00  1.199864686003891e+00  1.550171937306492e+00 
 4.706190482967141e-07  0.000000000000000e+00  7.889294616399076e-01  5.145914321238516e-01  4.840759906861509e-01  1.200003689745333e+00  1.199872524549478e+00  1.550172639857645e+00 
 4.706235919922888e-07  0.000000000000000e+00  7.882654815022414e-01  5.145846284868318e-01  4.836705685572916e-01  1.200003105957165e+00  1.199876096721319e+00  1.550173312161830e+00 
 4.706288083160312e-07  0.000000000000000e+00  7.875581935803795e-01  5.145766262731153e-01  4.832283513519611e-01  1.200002540247360e+00  1.199876717147672e+00  1.550174116255796e+00 
 4.706337633788833e-07  0.000000000000000e+00  7.869338545295569e-01  5.145688174691689e-01  4.828285776336423e-01  1.200002092294760e+00  1.199881536427570e+00  1.550174912061395e+00 
 4.706395377092577e-07  0.000000000000000e+00  7.862582450578171e-01  5.145594625560389e-01  4.823847503479053e-01  1.200001662111560e+00  1.199904045667677e+00  1.550175878735412e+00 
 4.706455520542045e-07  0.000000000000000e+00  7.856113671599867e-01  5.145494534121425e-01  4.819461630644286e-01  1.200001300481675e+00  1.199960163676051e+00  1.550176930407963e+00 
 4.706524598255802e-07  0.000000000000000e+00  7.849384436318196e-01  5.145376698353542e-01  4.814715979411056e-01  1.200000970928093e+00  1.200094447635133e+00  1.550178194349336e+00 
 4.706576219452269e-07  0.000000000000000e+00  7.844800394625078e-01  5.145286710373144e-01  4.811358050316870e-01  1.200000773012176e+00  1.200278984623238e+00  1.550179177695494e+00 
 4.706622249423511e-07  0.000000000000000e+00  7.840952401289273e-01  5.145204914773415e-01  4.808470831729145e-01  1.200000624245894e+00  1.200521130393409e+00  1.550180082256263e+00 
 4.706678061683561e-07  0.000000000000000e+00  7.836400268886474e-01  5.145103239842107e-01  4.805034080477010e-01  1.200000472032418e+00  1.200855579596311e+00  1.550181213653519e+00 
 4.706728508566648e-07  0.000000000000000e+00  7.832193413162415e-01  5.145008417321130e-01  4.801905275722124e-01  1.200000357339898e+00  1.201130533833608e+00  1.550182268476165e+00 
 4.706780351268652e-07  0.000000000000000e+00  7.827618988898378e-01  5.144907792707550e-01  4.798589485230686e-01  1.200000260241717e+00  1.201355457915912e+00  1.550183383804121e+00 
 4.706841832357038e-07  0.000000000000000e+00  7.821856688539192e-01  5.144784906805353e-01  4.794497102734597e-01  1.200000170213093e+00  1.201528796185068e+00  1.550184746786390e+00 
 4.706900151739676e-07  0.000000000000000e+00  7.816232810851531e-01  5.144666078622013e-01  4.790513817138267e-01  1.200000105421872e+00  1.201602350368476e+00  1.550186079186575e+00 
 4.706961777122154e-07  0.000000000000000e+00  7.810377801284498e-01  5.144539552928821e-01  4.786306253412244e-01  1.200000051058788e+00  1.201611744350419e+00  1.550187527786535e+00 
 4.707018858792521e-07  0.000000000000000e+00  7.805200057230073e-01  5.144422239714784e-01  4.782494664567006e-01  1.200000008115750e+00  1.201594871690272e+00  1.550188905807708e+00 
 4.707092649102027e-07  0.000000000000000e+00  7.798980570826656e-01  5.144270795609198e-01  4.777770972637213e-01  1.199999959284606e+00  1.201605465970442e+00  1.550190736868390e+00 
 4.707161536103156e-07  0.000000000000000e+00  7.793662239953391e-01  5.144129452948115e-01  4.773589380252082e-01  1.199999920590657e+00  1.201724520575054e+00  1.550192494852612e+00 
 4.707232266770755e-07  0.000000000000000e+00  7.788646501806171e-01  5.143984034652508e-01  4.769516709057737e-01  1.199999888483675e+00  1.201961864164636e+00  1.550194346447541e+00 
 4.707306650528669e-07  0.000000000000000e+00  7.783793822083406e-01  5.143830488657720e-01  4.765453701440475e-01  1.199999862816036e+00  1.202274560055793e+00  1.550196341883607e+00 
 4.707381926544129e-07  0.000000000000000e+00  7.779251293790638e-01  5.143674238561975e-01  4.761548284851727e-01  1.199999843796450e+00  1.202673083047155e+00  1.550198408620775e+00 
 4.707469519025342e-07  0.000000000000000e+00  7.774299552134988e-01  5.143491017069554e-01  4.757243147850498e-01  1.199999827812795e+00  1.203170417053644e+00  1.550200869127429e+00 
 4.707550711191176e-07  0.000000000000000e+00  7.769848202476287e-01  5.143319373052938e-01  4.753482869625879e-01  1.199999816872829e+00  1.203464931491893e+00  1.550203199185234e+00 
 4.707647045261642e-07  0.000000000000000e+00  7.764569968015730e-01  5.143113334165981e-01  4.749271757763805e-01  1.199999808399223e+00  1.203468668041825e+00  1.550206019180368e+00 
 4.707738505231739e-07  0.000000000000000e+00  7.759632748628015e-01  5.142916157885529e-01  4.745393625974830e-01  1.199999804583763e+00  1.203207357890915e+00  1.550208746155041e+00 
 4.707817674001129e-07  0.000000000000000e+00  7.755543839823573e-01  5.142745039649287e-01  4.741987909016145e-01  1.199999802792444e+00  1.202865808092631e+00  1.550211141168058e+00 
 4.707909036600262e-07  0.000000000000000e+00  7.751201446894644e-01  5.142547832359968e-01  4.737851113270188e-01  1.199999800458414e+00  1.202422795105525e+00  1.550213938970112e+00 
 4.707991355968918e-07  0.000000000000000e+00  7.747745955223895e-01  5.142370788072786e-01  4.733929270993781e-01  1.199999797899906e+00  1.202024088386948e+00  1.550216486174523e+00 
 4.708064385830418e-07  0.000000000000000e+00  7.745074868702730e-01  5.142214265949194e-01  4.730446448149146e-01  1.199999795241378e+00  1.201693011206274e+00  1.550218763188843e+00 
 4.708136987506897e-07  0.000000000000000e+00  7.742783314494048e-01  5.142059072718481e-01  4.727184474646964e-01  1.199999792713723e+00  1.201396687031080e+00  1.550221039588607e+00 
 4.708216629519729e-07  0.000000000000000e+00  7.740669639828002e-01  5.141889190478677e-01  4.724024341884284e-01  1.199999790657981e+00  1.201114858184559e+00  1.550223547479955e+00 
 4.708310557511331e-07  0.000000000000000e+00  7.738674765069173e-01  5.141689177183844e-01  4.720984914348139e-01  1.199999789183869e+00  1.200840421622811e+00  1.550226514106049e+00 
 4.708420643477319e-07  0.000000000000000e+00  7.736935025083951e-01  5.141455008145616e-01  4.718356849780997e-01  1.199999788253772e+00  1.200590707680977e+00  1.550229994841836e+00 
 4.708519168074668e-07  0.000000000000000e+00  7.735834414744293e-01  5.141245479704470e-01  4.716750633381626e-01  1.199999787856477e+00  1.200423398384014e+00  1.550233106221168e+00 
 4.708615759770298e-07  0.000000000000000e+00  7.735085501860867e-01  5.141039976842321e-01  4.715716487223078e-01  1.199999787755454e+00  1.200301000656976e+00  1.550236146204748e+00 
 4.708721115763824e-07  0.000000000000000e+00  7.734546159433199e-01  5.140815650098589e-01  4.715035527308588e-01  1.199999787854971e+00  1.200203642256688e+00  1.550239442507618e+00 
 4.708825434005902e-07  0.000000000000000e+00  7.734218206346866e-01  5.140593336763254e-01  4.714687001221227e-01  1.199999788054617e+00  1.200135206489573e+00  1.550242678772984e+00 
 4.708946546643393e-07  0.000000000000000e+00  7.734010252023299e-01  5.140335044071362e-01  4.714549406382365e-01  1.199999788286932e+00  1.200080521893972e+00  1.550246391593555e+00 
 4.709076099762202e-07  0.000000000000000e+00  7.733920762080235e-01  5.140058644905643e-01  4.714603413678704e-01  1.199999788443189e+00  1.200042364562613e+00  1.550250298661560e+00 
 4.709232403766279e-07  0.000000000000000e+00  7.733920169526642e-01  5.139725234867680e-01  4.714827570443124e-01  1.199999788475929e+00  1.200014213325310e+00  1.550254906382293e+00 
 4.709411088481023e-07  0.000000000000000e+00  7.733997366095647e-01  5.139344435230162e-01  4.715197049359059e-01  1.199999788365948e+00  1.199996456585405e+00  1.550260008415836e+00 
 4.709636309113263e-07  0.000000000000000e+00  7.734148442178791e-01  5.138865364308736e-01  4.715740194102637e-01  1.199999788145137e+00  1.199985727062695e+00  1.550266150098973e+00 
 4.709915023949388e-07  0.000000000000000e+00  7.734364604305483e-01  5.138274343718779e-01  4.716455904122334e-01  1.199999787897481e+00  1.199980798361142e+00  1.550273247535852e+00 
 4.710296220373258e-07  0.000000000000000e+00  7.734666151953929e-01  5.137469919605583e-01  4.717450213730296e-01  1.199999787694086e+00  1.199979405059076e+00  1.550281958170041e+00 
 4.710726018854228e-07  0.000000000000000e+00  7.734992704738892e-01  5.136568926603103e-01  4.718565089299646e-01  1.199999787607816e+00  1.199979867782889e+00  1.550290309790384e+00 
 4.711207697648424e-07  0.000000000000000e+00  7.735334562930626e-01  5.135567268518524e-01  4.719797536592442e-01  1.199999787592763e+00  1.199980614223536e+00  1.550297773568921e+00 
 4.711743077561025e-07  0.000000000000000e+00  7.735684583621981e-01  5.134464476804063e-01  4.721144572978196e-01  1.199999787600128e+00  1.199981172243461e+00  1.550303763536333e+00 
 4.712355143588868e-07  0.000000000000000e+00  7.736049005568233e-01  5.133217798687817e-01  4.722654970857371e-01  1.199999787605876e+00  1.199981572764227e+00  1.550307830330039e+00 
 4.713070025584322e-07  0.000000000000000e+00  7.736431280511756e-01  5.131781147569328e-01  4.724379170260128e-01  1.199999787605863e+00  1.199981935397463e+00  1.550309253775373e+00 
 4.713936391001141e-07  0.000000000000000e+00  7.736840023050230e-01  5.130068466523060e-01  4.726412246443425e-01  1.199999787603043e+00  1.199982348695373e+00  1.550307010507817e+00 
 4.715023562907573e-07  0.000000000000000e+00  7.737282370578942e-01  5.127963234781346e-01  4.728880394085898e-01  1.199999787600552e+00  1.199982856274503e+00  1.550299588712639e+00 
 4.716464424661990e-07  0.000000000000000e+00  7.737773160265204e-01  5.125247222161969e-01  4.732020864330409e-01  1.199999787598619e+00  1.199983496421590e+00  1.550284742571831e+00 
 4.718464424661990e-07  0.000000000000000e+00  7.738321979063795e-01  5.121612128116438e-01  4.736160949092331e-01  1.199999787597537e+00  1.199984312536519e+00  1.550259960803620e+00 
 4.720464424661991e-07  0.000000000000000e+00  7.738759178621075e-01  5.118126124335821e-01  4.740075133748595e-01  1.199999787597078e+00  1.199985051055845e+00  1.550234594691318e+00 
 4.722464424661991e-07  0.000000000000000e+00  7.739117628514049e-01  5.114780240241579e-01  4.743789393974900e-01  1.199999787596549e+00  1.199985722208341e+00  1.550211420287094e+00 
 4.724464424661991e-07  0.000000000000000e+00  7.739420416418938e-01  5.111565385745107e-01  4.747325385791735e-01  1.199999787596493e+00  1.199986334998984e+00  1.550191782662501e+00 
 4.726464424661991e-07  0.000000000000000e+00  7.739683190601176e-01  5.108472871504790e-01  4.750700944221555e-01  1.199999787596507e+00  1.199986896809427e+00  1.550176026328188e+00 
 4.728464424661991e-07  0.000000000000000e+00  7.739916468103339e-01  5.105494607005407e-01  4.753930919868172e-01  1.199999787596617e+00  1.199987413765329e+00  1.550163915881655e+00 
 4.730464424661991e-07  0.000000000000000e+00  7.740127361129013e-01  5.102623148653074e-01  4.757027882998109e-01  1.199999787596553e+00  1.199987891031432e+00  1.550154942583337e+00 
 4.732464424661991e-07  0.000000000000000e+00  7.740320752333906e-01  5.099851684864904e-01  4.760002635004932e-01  1.199999787596531e+00  1.199988333005351e+00  1.550148516132015e+00 
 4.734464424661992e-07  0.000000000000000e+00  7.740500064404604e-01  5.097173996055573e-01  4.762864570195400e-01  1.199999787596440e+00  1.199988743458040e+00  1.550144070321952e+00 
 4.736464424661992e-07  0.000000000000000e+00  7.740667756140845e-01  5.094584405907681e-01  4.765621936961052e-01  1.199999787596528e+00  1.199989125642875e+00  1.550141112440385e+00 
 4.738464424661992e-07  0.000000000000000e+00  7.740825640960088e-01  5.092077731181442e-01  4.768282032922846e-01  1.199999787596388e+00  1.199989482380560e+00  1.550139239284388e+00 
 4.740464424661992e-07  0.000000000000000e+00  7.740975092041253e-01  5.089649233427005e-01  4.770851355656761e-01  1.199999787596421e+00  1.199989816128856e+00  1.550138135163500e+00 
 4.742464424661992e-07  0.000000000000000e+00  7.741117175626143e-01  5.087294574091237e-01  4.773335722158772e-01  1.199999787596416e+00  1.199990129039128e+00  1.550137561411539e+00 
 4.744464424661992e-07  0.000000000000000e+00  7.741252738838847e-01  5.085009773590169e-01  4.775740365425827e-01  1.199999787596463e+00  1.199990423002312e+00  1.550137342935043e+00 
 4.746464424661992e-07  0.000000000000000e+00  7.741382468586713e-01  5.082791174464673e-01  4.778070013680299e-01  1.199999787596487e+00  1.199990699687644e+00  1.550137354778501e+00 
 4.748464424661993e-07  0.000000000000000e+00  7.741506931893620e-01  5.080635408451455e-01  4.780328956117797e-01  1.199999787596516e+00  1.199990960573055e+00  1.550137510140698e+00 
 4.750464424661993e-07  0.000000000000000e+00  7.741626604139120e-01  5.078539367193931e-01  4.782521097965521e-01  1.199999787596464e+00  1.199991206973529e+00  1.550137750381504e+00 
 4.752464424661993e-07  0.000000000000000e+00  7.741741889273343e-01  5.076500176265955e-01  4.784650006964081e-01  1.199999787596425e+00  1.199991440061821e+00  1.550138037070761e+00 
 4.754464424661993e-07  0.000000000000000e+00  7.741853134595527e-01  5.074515172150629e-01  4.786718952865104e-01  1.199999787596529e+00  1.199991660887503e+00  1.550138345888559e+00 
 4.756464424661993e-07  0.000000000000000e+00  7.741960641773424e-01  5.072581881849485e-01  4.788730941199674e-01  1.199999787596460e+00  1.199991870392443e+00  1.550138662088890e+00 
 4.758464424661993e-07  0.000000000000000e+00  7.742064675202580e-01  5.070698004801225e-01  4.790688742289358e-01  1.199999787596452e+00  1.199992069424378e+00  1.550138977220536e+00 
 4.760464424661994e-07  0.000000000000000e+00  7.742165468451087e-01  5.068861396854640e-01  4.792594916311927e-01  1.199999787596445e+00  1.199992258749133e+00  1.550139286821598e+00 
 4.762464424661994e-07  0.000000000000000e+00  7.742263229298342e-01  5.067070056016576e-01  4.794451835044061e-01  1.199999787596375e+00  1.199992439059546e+00  1.550139588845076e+00 
 4.764464424661994e-07  0.000000000000000e+00  7.742358143725466e-01  5.065322109769788e-01  4.796261700803447e-01  1.199999787596338e+00  1.199992610983014e+00  1.550139882617606e+00 
 4.766464424661994e-07  0.000000000000000e+00  7.742450379115590e-01  5.063615803767383e-01  4.798026563016843e-01  1.199999787596322e+00  1.199992775091751e+00  1.550140168176382e+00 
 4.768464424661994e-07  0.000000000000000e+00  7.742540086847733e-01  5.061949491729351e-01  4.799748332771189e-01  1.199999787596436e+00  1.199992931905311e+00  1.550140445867084e+00 
 4.770464424661994e-07  0.000000000000000e+00  7.742627404421010e-01  5.060321626394408e-01  4.801428795629887e-01  1.199999787596395e+00  1.199993081899472e+00  1.550140716115711e+00 
 4.772464424661994e-07  0.000000000000000e+00  7.742712457213796e-01  5.058730751412187e-01  4.803069622965975e-01  1.199999787596437e+00  1.199993225509563e+00  1.550140979312588e+00 
 4.774464424661994e-07  0.000000000000000e+00  7.742795359952965e-01  5.057175494042313e-01  4.804672382025389e-01  1.199999787596440e+00  1.199993363133862e+00  1.550141235764970e+00 
 4.776464424661994e-07  0.000000000000000e+00  7.742876217952209e-01  5.055654558585557e-01  4.806238544862968e-01  1.199999787596286e+00  1.199993495138526e+00  1.550141485689063e+00 
 4.778464424661994e-07  0.000000000000000e+00  7.742955128165050e-01  5.054166720446505e-01  4.807769496327067e-01  1.199999787596386e+00  1.199993621860723e+00  1.550141729222281e+00 
 4.780464424661994e-07  0.000000000000000e+00  7.743032180086397e-01  5.052710820768183e-01  4.809266541201987e-01  1.199999787596332e+00  1.199993743610938e+00  1.550141966443906e+00 
 4.782464424661995e-07  0.000000000000000e+00  7.743107456530418e-01  5.051285761566715e-01  4.810730910621245e-01  1.199999787596419e+00  1.199993860675920e+00  1.550142197397052e+00 
 4.784464424661995e-07  0.000000000000000e+00  7.743181034305143e-01  5.049890501318730e-01  4.812163767833649e-01  1.199999787596471e+00  1.199993973320409e+00  1.550142422108294e+00 
 4.786464424661995e-07  0.000000000000000e+00  7.743252984802207e-01  5.048524050937578e-01  4.813566213397938e-01  1.199999787596556e+00  1.199994081790515e+00  1.550142640603275e+00 
 4.788464424661995e-07  0.000000000000000e+00  7.743323374513952e-01  5.047185470114823e-01  4.814939289881722e-01  1.199999787596406e+00  1.199994186313088e+00  1.550142852918040e+00 
 4.790464424661995e-07  0.000000000000000e+00  7.743392265488309e-01  5.045873863972837e-01  4.816283986124747e-01  1.199999787596405e+00  1.199994287100080e+00  1.550143059106179e+00 
 4.792464424661995e-07  0.000000000000000e+00  7.743459715732431e-01  5.044588380011875e-01  4.817601241094382e-01  1.199999787596322e+00  1.199994384347883e+00  1.550143259242670e+00 
 4.794464424661996e-07  0.000000000000000e+00  7.743525779570779e-01  5.043328205311378e-01  4.818891947402669e-01  1.199999787596411e+00  1.199994478239227e+00  1.550143453425002e+00 
 4.796464424661996e-07  0.000000000000000e+00  7.743590507963198e-01  5.042092563955656e-01  4.820156954506505e-01  1.199999787596403e+00  1.199994568945225e+00  1.550143641772463e+00 
 4.798464424661996e-07  0.000000000000000e+00  7.743653948790461e-01  5.040880714682425e-01  4.821397071634379e-01  1.199999787596532e+00  1.199994656624910e+00  1.550143824424072e+00 
 4.800464424661996e-07  0.000000000000000e+00  7.743716147108753e-01  5.039691948712877e-01  4.822613070455224e-01  1.199999787596587e+00  1.199994741427092e+00  1.550144001535819e+00 
 4.802464424661996e-07  0.000000000000000e+00  7.743777145378572e-01  5.038525587751189e-01  4.823805687526463e-01  1.199999787596419e+00  1.199994823490829e+00  1.550144173277500e+00 
 4.804464424661996e-07  0.000000000000000e+00  7.743836983670931e-01  5.037380982144449e-01  4.824975626539176e-01  1.199999787596579e+00  1.199994902946620e+00  1.550144339829536e+00 
 4.806464424661996e-07  0.000000000000000e+00  7.743895699852993e-01  5.036257509182861e-01  4.826123560382569e-01  1.199999787596504e+00  1.199994979916814e+00  1.550144501379959e+00 
 4.808464424661997e-07  0.000000000000000e+00  7.743953329756061e-01  5.035154571523581e-01  4.827250133040344e-01  1.199999787596533e+00  1.199995054516162e+00  1.550144658121599e+00 
 4.810464424661997e-07  0.000000000000000e+00  7.744009907327536e-01  5.034071595739898e-01  4.828355961341759e-01  1.199999787596553e+00  1.199995126852222e+00  1.550144810249668e+00 
 4.812464424661997e-07  0.000000000000000e+00  7.744065464768050e-01  5.033008030970576e-01  4.829441636570710e-01  1.199999787596437e+00  1.199995197026264e+00  1.550144957959653e+00 
 4.814464424661997e-07  0.000000000000000e+00  7.744120032657433e-01  5.031963347673550e-01  4.830507725957324e-01  1.199999787596543e+00  1.199995265134068e+00  1.550145101445622e+00 
 4.816464424661997e-07  0.000000000000000e+00  7.744173640068501e-01  5.030937036460880e-01  4.831554774059947e-01  1.199999787596482e+00  1.199995331265130e+00  1.550145240898824e+00 
 4.818464424661997e-07  0.000000000000000e+00  7.744226314670746e-01  5.029928607020526e-01  4.832583304040002e-01  1.199999787596536e+00  1.199995395504272e+00  1.550145376506610e+00 
 4.820464424661998e-07  0.000000000000000e+00  7.744278082825674e-01  5.028937587119852e-01  4.833593818839394e-01  1.199999787596411e+00  1.199995457931806e+00  1.550145508451574e+00 
 4.822464424661998e-07  0.000000000000000e+00  7.744328969673138e-01  5.027963521660106e-01  4.834586802281922e-01  1.199999787596465e+00  1.199995518622712e+00  1.550145636910948e+00 
 4.824464424661998e-07  0.000000000000000e+00  7.744378999211170e-01  5.027005971814579e-01  4.835562720096794e-01  1.199999787596554e+00  1.199995577648757e+00  1.550145762056216e+00 
 4.826464424661998e-07  0.000000000000000e+00  7.744428194369504e-01  5.026064514214493e-01  4.836522020861335e-01  1.199999787596566e+00  1.199995635077019e+00  1.550145884052756e+00 
 4.828464424661998e-07  0.000000000000000e+00  7.744476577075945e-01  5.025138740188703e-01  4.837465136890489e-01  1.199999787596552e+00  1.199995690971616e+00  1.550146003059757e+00 
 4.830464424661998e-07  0.000000000000000e+00  7.744524168318597e-01  5.024228255053589e-01  4.838392485055013e-01  1.199999787596405e+00  1.199995745393416e+00  1.550146119230099e+00 
 4.832464424661998e-07  0.000000000000000e+00  7.744570988202871e-01  5.023332677451926e-01  4.839304467554536e-01  1.199999787596454e+00  1.199995798399514e+00  1.550146232710387e+00 
 4.834464424661999e-07  0.000000000000000e+00  7.744617056003916e-01  5.022451638728489e-01  4.840201472630913e-01  1.199999787596430e+00  1.199995850044259e+00  1.550146343640948e+00 
 4.836464424661999e-07  0.000000000000000e+00  7.744662390215379e-01  5.021584782355637e-01  4.841083875239232e-01  1.199999787596378e+00  1.199995900379856e+00  1.550146452155968e+00 
 4.838464424661999e-07  0.000000000000000e+00  7.744707008594569e-01  5.020731763376322e-01  4.841952037678804e-01  1.199999787596458e+00  1.199995949454921e+00  1.550146558383588e+00 
 4.840464424661999e-07  0.000000000000000e+00  7.744750928203852e-01  5.019892247903384e-01  4.842806310179116e-01  1.199999787596463e+00  1.199995997316407e+00  1.550146662446036e+00 
 4.842464424661999e-07  0.000000000000000e+00  7.744794165449821e-01  5.019065912626461e-01  4.843647031450161e-01  1.199999787596453e+00  1.199996044008831e+00  1.550146764459787e+00 
 4.844464424661999e-07  0.000000000000000e+00  7.744836736118844e-01  5.018252444363378e-01  4.844474529200490e-01  1.199999787596526e+00  1.199996089574059e+00  1.550146864535726e+00 
 4.846464424661999e-07  0.000000000000000e+00  7.744878655410747e-01  5.017451539633341e-01  4.845289120623391e-01  1.199999787596433e+00  1.199996134052748e+00  1.550146962779272e+00 
 4.848464424662000e-07  0.000000000000000e+00  7.744919937970040e-01  5.016662904254842e-01  4.846091112855614e-01  1.199999787596473e+00  1.199996177483222e+00  1.550147059290608e+00 
 4.850464424662000e-07  0.000000000000000e+00  7.744960597914873e-01  5.015886252969017e-01  4.846880803401940e-01  1.199999787596343e+00  1.199996219901994e+00  1.550147154164761e+00 
 4.852464424662000e-07  0.000000000000000e+00  7.745000648864050e-01  5.015121309078776e-01  4.847658480546370e-01  1.199999787596541e+00  1.199996261343898e+00  1.550147247491862e+00 
 4.854464424662000e-07  0.000000000000000e+00  7.745040103962240e-01  5.014367804105321e-01  4.848424423730211e-01  1.199999787596444e+00  1.199996301842373e+00  1.550147339357245e+00 
 4.856464424662000e-07  0.000000000000000e+00  7.745078975904035e-01  5.013625477482008e-01  4.849178903912006e-01  1.199999787596366e+00  1.199996341429105e+00  1.550147429841623e+00 
 4.858464424662000e-07  0.000000000000000e+00  7.745117276956170e-01  5.012894076236609e-01  4.849922183911493e-01  1.199999787596526e+00  1.199996380134767e+00  1.550147519021288e+00 
 4.860464424662001e-07  0.000000000000000e+00  7.745155018977751e-01  5.012173354713662e-01  4.850654518727888e-01  1.199999787596485e+00  1.199996417988018e+00  1.550147606968242e+00 
 4.862464424662001e-07  0.000000000000000e+00  7.745192213440097e-01  5.011463074300246e-01  4.851376155845145e-01  1.199999787596485e+00  1.199996455017013e+00  1.550147693750357e+00 
 4.864464424662001e-07  0.000000000000000e+00  7.745228871445082e-01  5.010763003166082e-01  4.852087335521037e-01  1.199999787596476e+00  1.199996491248175e+00  1.550147779431562e+00 
 4.866464424662001e-07  0.000000000000000e+00  7.745265003741703e-01  5.010072916022611e-01  4.852788291059686e-01  1.199999787596357e+00  1.199996526707272e+00  1.550147864071967e+00 
 4.868464424662001e-07  0.000000000000000e+00  7.745300620742920e-01  5.009392593887250e-01  4.853479249069260e-01  1.199999787596476e+00  1.199996561418342e+00  1.550147947728095e+00 
 4.870464424662001e-07  0.000000000000000e+00  7.745335732540618e-01  5.008721823858754e-01  4.854160429711915e-01  1.199999787596441e+00  1.199996595404761e+00  1.550148030452968e+00 
 4.872464424662001e-07  0.000000000000000e+00  7.745370348919832e-01  5.008060398914436e-01  4.854832046934581e-01  1.199999787596491e+00  1.199996628689475e+00  1.550148112296310e+00 
 4.874464424662002e-07  0.000000000000000e+00  7.745404479371985e-01  5.007408117702370e-01  4.855494308689992e-01  1.199999787596476e+00  1.199996661293455e+00  1.550148193304666e+00 
 4.876464424662002e-07  0.000000000000000e+00  7.745438133108253e-01  5.006764784348173e-01  4.856147417150796e-01  1.199999787596335e+00  1.199996693237403e+00  1.550148273521593e+00 
 4.878464424662002e-07  0.000000000000000e+00  7.745471319070703e-01  5.006130208276928e-01  4.856791568910295e-01  1.199999787596382e+00  1.199996724541417e+00  1.550148352987762e+00 
 4.880464424662002e-07  0.000000000000000e+00  7.745504045944333e-01  5.005504204035689e-01  4.857426955178318e-01  1.199999787596487e+00  1.199996755224441e+00  1.550148431741150e+00 
 4.882464424662002e-07  0.000000000000000e+00  7.745536322167460e-01  5.004886591128408e-01  4.858053761955085e-01  1.199999787596437e+00  1.199996785304392e+00  1.550148509817164e+00 
 4.884464424662002e-07  0.000000000000000e+00  7.745568155941869e-01  5.004277193852068e-01  4.858672170212012e-01  1.199999787596544e+00  1.199996814799154e+00  1.550148587248792e+00 
 4.886464424662002e-07  0.000000000000000e+00  7.745599555242353e-01  5.003675841148645e-01  4.859282356060950e-01  1.199999787596417e+00  1.199996843725829e+00  1.550148664066710e+00 
 4.888464424662003e-07  0.000000000000000e+00  7.745630527825972e-01  5.003082366453825e-01  4.859884490913313e-01  1.199999787596377e+00  1.199996872100265e+00  1.550148740299470e+00 
 4.890464424662003e-07  0.000000000000000e+00  7.745661081240552e-01  5.002496607559584e-01  4.860478741627817e-01  1.199999787596341e+00  1.199996899938323e+00  1.550148815973574e+00 
 4.892464424662003e-07  0.000000000000000e+00  7.745691222832651e-01  5.001918406476930e-01  4.861065270659980e-01  1.199999787596470e+00  1.199996927255083e+00  1.550148891113613e+00 
 4.894464424662003e-07  0.000000000000000e+00  7.745720959755801e-01  5.001347609307837e-01  4.861644236201902e-01  1.199999787596481e+00  1.199996954064931e+00  1.550148965742412e+00 
 4.896464424662003e-07  0.000000000000000e+00  7.745750298977344e-01  5.000784066117252e-01  4.862215792321317e-01  1.199999787596393e+00  1.199996980381798e+00  1.550149039881105e+00 
 4.898464424662003e-07  0.000000000000000e+00  7.745779247285774e-01  5.000227630819196e-01  4.862780089080290e-01  1.199999787596441e+00  1.199997006219120e+00  1.550149113549269e+00 
 4.900464424662004e-07  0.000000000000000e+00  7.745807811297140e-01  4.999678161058409e-01  4.863337272666694e-01  1.199999787596415e+00  1.199997031590003e+00  1.550149186765000e+00 
 4.902464424662004e-07  0.000000000000000e+00  7.745835997461691e-01  4.999135518099820e-01  4.863887485515598e-01  1.199999787596359e+00  1.199997056506791e+00  1.550149259545059e+00 
 4.904464424662004e-07  0.000000000000000e+00  7.745863812069514e-01  4.998599566722741e-01  4.864430866412766e-01  1.199999787596405e+00  1.199997080981647e+00  1.550149331904931e+00 
 4.906464424662004e-07  0.000000000000000e+00  7.745891261256583e-01  4.998070175117384e-01  4.864967550616477e-01  1.199999787596452e+00  1.199997105026303e+00  1.550149403858916e+00 
 4.908464424662004e-07  0.000000000000000e+00  7.745918351009884e-01  4.997547214785622e-01  4.865497669951087e-01  1.199999787596429e+00  1.199997128651864e+00  1.550149475420210e+00 
 4.910464424662004e-07  0.000000000000000e+00  7.745945087173155e-01  4.997030560442621e-01  4.866021352919897e-01  1.199999787596366e+00  1.199997151869610e+00  1.550149546600995e+00 
 4.912464424662004e-07  0.000000000000000e+00  7.745971475451138e-01  4.996520089932174e-01  4.866538724793548e-01  1.199999787596354e+00  1.199997174689475e+00  1.550149617412520e+00 
 4.914464424662005e-07  0.000000000000000e+00  7.745997521415179e-01  4.996015684133553e-01  4.867049907714521e-01  1.199999787596356e+00  1.199997197121314e+00  1.550149687865142e+00 
 4.916464424662005e-07  0.000000000000000e+00  7.746023230507147e-01  4.995517226873706e-01  4.867555020780261e-01  1.199999787596472e+00  1.199997219175741e+00  1.550149757968405e+00 
 4.918464424662005e-07  0.000000000000000e+00  7.746048608043833e-01  4.995024604843296e-01  4.868054180128469e-01  1.199999787596429e+00  1.199997240861531e+00  1.550149827731119e+00 
 4.920464424662005e-07  0.000000000000000e+00  7.746073659221311e-01  4.994537707522366e-01  4.868547499033952e-01  1.199999787596463e+00  1.199997262188315e+00  1.550149897161365e+00 
 4.922464424662005e-07  0.000000000000000e+00  7.746098389118774e-01  4.994056427101015e-01  4.869035087977482e-01  1.199999787596504e+00  1.199997283164686e+00  1.550149966266609e+00 
 4.924464424662005e-07  0.000000000000000e+00  7.746122802702231e-01  4.993580658398243e-01  4.869517054731642e-01  1.199999787596350e+00  1.199997303799298e+00  1.550150035053683e+00 
 4.926464424662005e-07  0.000000000000000e+00  7.746146904828165e-01  4.993110298796813e-01  4.869993504434121e-01  1.199999787596427e+00  1.199997324100327e+00  1.550150103528873e+00 
 4.928464424662006e-07  0.000000000000000e+00  7.746170700247247e-01  4.992645248166687e-01  4.870464539667503e-01  1.199999787596451e+00  1.199997344075643e+00  1.550150171697939e+00 
 4.930464424662006e-07  0.000000000000000e+00  7.746194193607373e-01  4.992185408803153e-01  4.870930260517719e-01  1.199999787596492e+00  1.199997363733450e+00  1.550150239566161e+00 
 4.932464424662006e-07  0.000000000000000e+00  7.746217389457025e-01  4.991730685355277e-01  4.871390764657800e-01  1.199999787596429e+00  1.199997383080766e+00  1.550150307138371e+00 
 4.934464424662006e-07  0.000000000000000e+00  7.746240292248376e-01  4.991280984765227e-01  4.871846147402786e-01  1.199999787596438e+00  1.199997402125567e+00  1.550150374418971e+00 
 4.936464424662006e-07  0.000000000000000e+00  7.746262906339673e-01  4.990836216205095e-01  4.872296501780446e-01  1.199999787596475e+00  1.199997420873749e+00  1.550150441411952e+00 
 4.938464424662006e-07  0.000000000000000e+00  7.746285235998964e-01  4.990396291017802e-01  4.872741918593355e-01  1.199999787596410e+00  1.199997439333238e+00  1.550150508120949e+00 
 4.940464424662007e-07  0.000000000000000e+00  7.746307285405998e-01  4.989961122659818e-01  4.873182486477201e-01  1.199999787596298e+00  1.199997457510373e+00  1.550150574549229e+00 
 4.942464424662007e-07  0.000000000000000e+00  7.746329058655501e-01  4.989530626638189e-01  4.873618291962364e-01  1.199999787596416e+00  1.199997475411346e+00  1.550150640699717e+00 
 4.944464424662007e-07  0.000000000000000e+00  7.746350559759003e-01  4.989104720463869e-01  4.874049419522724e-01  1.199999787596501e+00  1.199997493042429e+00  1.550150706575034e+00 
 4.946464424662007e-07  0.000000000000000e+00  7.746371792647927e-01  4.988683323594726e-01  4.874475951643965e-01  1.199999787596344e+00  1.199997510409710e+00  1.550150772177493e+00 
 4.948464424662007e-07  0.000000000000000e+00  7.746392761175130e-01  4.988266357386392e-01  4.874897968867372e-01  1.199999787596379e+00  1.199997527519264e+00  1.550150837509107e+00 
 4.950464424662007e-07  0.000000000000000e+00  7.746413469117218e-01  4.987853745035000e-01  4.875315549841242e-01  1.199999787596548e+00  1.199997544376612e+00  1.550150902571608e+00 
 4.952464424662007e-07  0.000000000000000e+00  7.746433920177567e-01  4.987445411539171e-01  4.875728771376404e-01  1.199999787596500e+00  1.199997560987467e+00  1.550150967366457e+00 
 4.954464424662008e-07  0.000000000000000e+00  7.746454117987734e-01  4.987041283641223e-01  4.876137708492328e-01  1.199999787596411e+00  1.199997577356988e+00  1.550151031894840e+00 
 4.956464424662008e-07  0.000000000000000e+00  7.746474066109230e-01  4.986641289791003e-01  4.876542434460445e-01  1.199999787596388e+00  1.199997593490390e+00  1.550151096157698e+00 
 4.958464424662008e-07  0.000000000000000e+00  7.746493768035626e-01  4.986245360096085e-01  4.876943020859502e-01  1.199999787596443e+00  1.199997609392580e+00  1.550151160155727e+00 
 4.960464424662008e-07  0.000000000000000e+00  7.746513227194800e-01  4.985853426283366e-01  4.877339537610930e-01  1.199999787596553e+00  1.199997625068711e+00  1.550151223889363e+00 
 4.962464424662008e-07  0.000000000000000e+00  7.746532446949903e-01  4.985465421648053e-01  4.877732053026105e-01  1.199999787596493e+00  1.199997640523690e+00  1.550151287358798e+00 
 4.964464424662008e-07  0.000000000000000e+00  7.746551430601905e-01  4.985081281020807e-01  4.878120633848328e-01  1.199999787596411e+00  1.199997655762020e+00  1.550151350564010e+00 
 4.966464424662008e-07  0.000000000000000e+00  7.746570181390372e-01  4.984700940726577e-01  4.878505345291845e-01  1.199999787596470e+00  1.199997670788236e+00  1.550151413504733e+00 
 4.968464424662009e-07  0.000000000000000e+00  7.746588702495588e-01  4.984324338542492e-01  4.878886251084348e-01  1.199999787596365e+00  1.199997685606569e+00  1.550151476180475e+00 
 4.970464424662009e-07  0.000000000000000e+00  7.746606997040146e-01  4.983951413661882e-01  4.879263413500430e-01  1.199999787596376e+00  1.199997700221495e+00  1.550151538590535e+00 
 4.972464424662009e-07  0.000000000000000e+00  7.746625068090278e-01  4.983582106657175e-01  4.879636893405443e-01  1.199999787596410e+00  1.199997714637181e+00  1.550151600733972e+00 
 4.974464424662009e-07  0.000000000000000e+00  7.746642918657218e-01  4.983216359448404e-01  4.880006750288490e-01  1.199999787596295e+00  1.199997728857343e+00  1.550151662609636e+00 
 4.976464424662009e-07  0.000000000000000e+00  7.746660551698518e-01  4.982854115261756e-01  4.880373042296630e-01  1.199999787596370e+00  1.199997742886387e+00  1.550151724216168e+00 
 4.978464424662009e-07  0.000000000000000e+00  7.746677970119796e-01  4.982495318604358e-01  4.880735826270286e-01  1.199999787596398e+00  1.199997756727953e+00  1.550151785551996e+00 
 4.980464424662010e-07  0.000000000000000e+00  7.746695176775227e-01  4.982139915225056e-01  4.881095157779330e-01  1.199999787596354e+00  1.199997770385609e+00  1.550151846615334e+00 
 4.982464424662010e-07  0.000000000000000e+00  7.746712174469685e-01  4.981787852081990e-01  4.881451091152296e-01  1.199999787596377e+00  1.199997783863280e+00  1.550151907404183e+00 
 4.984464424662010e-07  0.000000000000000e+00  7.746728965959482e-01  4.981439077317362e-01  4.881803679507942e-01  1.199999787596403e+00  1.199997797164130e+00  1.550151967916394e+00 
 4.986464424662010e-07  0.000000000000000e+00  7.746745553953369e-01  4.981093540222639e-01  4.882152974785977e-01  1.199999787596477e+00  1.199997810292121e+00  1.550152028149601e+00 
 4.988464424662010e-07  0.000000000000000e+00  7.746761941113883e-01  4.980751191211180e-01  4.882499027781431e-01  1.199999787596455e+00  1.199997823250162e+00  1.550152088101251e+00 
 4.990464424662010e-07  0.000000000000000e+00  7.746778130058787e-01  4.980411981787657e-01  4.882841888165368e-01  1.199999787596311e+00  1.199997836041894e+00  1.550152147768609e+00 
 4.992464424662010e-07  0.000000000000000e+00  7.746794123361560e-01  4.980075864523903e-01  4.883181604521805e-01  1.199999787596413e+00  1.199997848670071e+00  1.550152207148770e+00 
 4.994464424662011e-07  0.000000000000000e+00  7.746809923552438e-01  4.979742793029605e-01  4.883518224370949e-01  1.199999787596378e+00  1.199997861138128e+00  1.550152266238665e+00 
 4.996464424662011e-07  0.000000000000000e+00  7.746825533119656e-01  4.979412721924855e-01  4.883851794192234e-01  1.199999787596390e+00  1.199997873448896e+00  1.550152325035059e+00 
 4.998464424662011e-07  0.000000000000000e+00  7.746840954510362e-01  4.979085606818127e-01  4.884182359460215e-01  1.199999787596525e+00  1.199997885605219e+00  1.550152383534545e+00 
 5.000464424662011e-07  0.000000000000000e+00  7.746856190131598e-01  4.978761404278851e-01  4.884509964662149e-01  1.199999787596548e+00  1.199997897610264e+00  1.550152441733617e+00 
 5.002464424662011e-07  0.000000000000000e+00  7.746871242351152e-01  4.978440071810974e-01  4.884834653322465e-01  1.199999787596555e+00  1.199997909466461e+00  1.550152499628596e+00 
 5.004464424662011e-07  0.000000000000000e+00  7.746886113498016e-01  4.978121567835662e-01  4.885156468031572e-01  1.199999787596360e+00  1.199997921177274e+00  1.550152557215676e+00 
 5.006464424662011e-07  0.000000000000000e+00  7.746900805863887e-01  4.977805851662533e-01  4.885475450469225e-01  1.199999787596356e+00  1.199997932745031e+00  1.550152614490941e+00 
 5.008464424662012e-07  0.000000000000000e+00  7.746915321703871e-01  4.977492883471464e-01  4.885791641418672e-01  1.199999787596366e+00  1.199997944172069e+00  1.550152671450367e+00 
 5.010464424662012e-07  0.000000000000000e+00  7.746929663236788e-01  4.977182624286340e-01  4.886105080800518e-01  1.199999787596270e+00  1.199997955460831e+00  1.550152728089830e+00 
 5.012464424662012e-07  0.000000000000000e+00  7.746943832646381e-01  4.976875035958582e-01  4.886415807684020e-01  1.199999787596435e+00  1.199997966614340e+00  1.550152784405106e+00 
 5.014464424662012e-07  0.000000000000000e+00  7.746957832082105e-01  4.976570081143615e-01  4.886723860316246e-01  1.199999787596396e+00  1.199997977634786e+00  1.550152840391906e+00 
 5.016464424662012e-07  0.000000000000000e+00  7.746971663659702e-01  4.976267723282312e-01  4.887029276140433e-01  1.199999787596429e+00  1.199997988524325e+00  1.550152896045851e+00 
 5.018464424662012e-07  0.000000000000000e+00  7.746985329461678e-01  4.975967926578989e-01  4.887332091810971e-01  1.199999787596387e+00  1.199997999285448e+00  1.550152951362521e+00 
 5.020464424662013e-07  0.000000000000000e+00  7.746998831538642e-01  4.975670655987246e-01  4.887632343216702e-01  1.199999787596407e+00  1.199998009920447e+00  1.550153006337445e+00 
 5.022464424662013e-07  0.000000000000000e+00  7.747012171909051e-01  4.975375877183392e-01  4.887930065501497e-01  1.199999787596455e+00  1.199998020431378e+00  1.550153060966130e+00 
 5.024464424662013e-07  0.000000000000000e+00  7.747025352560365e-01  4.975083556557894e-01  4.888225293081710e-01  1.199999787596391e+00  1.199998030820688e+00  1.550153115244041e+00 
 5.026464424662013e-07  0.000000000000000e+00  7.747038375450470e-01  4.974793661191812e-01  4.888518059661409e-01  1.199999787596420e+00  1.199998041090238e+00  1.550153169166631e+00 
 5.028464424662013e-07  0.000000000000000e+00  7.747051242506851e-01  4.974506158841199e-01  4.888808398250912e-01  1.199999787596453e+00  1.199998051242231e+00  1.550153222729360e+00 
 5.030464424662013e-07  0.000000000000000e+00  7.747063955627874e-01  4.974221017920114e-01  4.889096341187000e-01  1.199999787596518e+00  1.199998061278489e+00  1.550153275927693e+00 
 5.032464424662013e-07  0.000000000000000e+00  7.747076516683834e-01  4.973938207486291e-01  4.889381920143173e-01  1.199999787596396e+00  1.199998071200610e+00  1.550153328757116e+00 
 5.034464424662014e-07  0.000000000000000e+00  7.747088927516547e-01  4.973657697218979e-01  4.889665166154672e-01  1.199999787596420e+00  1.199998081011443e+00  1.550153381213159e+00 
 5.036464424662014e-07  0.000000000000000e+00  7.747101189940472e-01  4.973379457415716e-01  4.889946109624436e-01  1.199999787596451e+00  1.199998090712228e+00  1.550153433291387e+00 
 5.038464424662014e-07  0.000000000000000e+00  7.747113305743381e-01  4.973103458961265e-01  4.890224780343664e-01  1.199999787596420e+00  1.199998100305032e+00  1.550153484987417e+00 
 5.040464424662014e-07  0.000000000000000e+00  7.747125276686559e-01  4.972829673329556e-01  4.890501207507575e-01  1.199999787596444e+00  1.199998109791645e+00  1.550153536296934e+00 
 5.042464424662014e-07  0.000000000000000e+00  7.747137104505547e-01  4.972558072556068e-01  4.890775419728982e-01  1.199999787596291e+00  1.199998119173591e+00  1.550153587215709e+00 
 5.044464424662014e-07  0.000000000000000e+00  7.747148790910449e-01  4.972288629232661e-01  4.891047445048992e-01  1.199999787596346e+00  1.199998128452660e+00  1.550153637739582e+00 
 5.046464424662014e-07  0.000000000000000e+00  7.747160337586543e-01  4.972021316492097e-01  4.891317310956513e-01  1.199999787596446e+00  1.199998137630883e+00  1.550153687864503e+00 
 5.048464424662015e-07  0.000000000000000e+00  7.747171746194605e-01  4.971756107990290e-01  4.891585044397214e-01  1.199999787596502e+00  1.199998146709349e+00  1.550153737586536e+00 
 5.050464424662015e-07  0.000000000000000e+00  7.747183018371721e-01  4.971492977899233e-01  4.891850671787323e-01  1.199999787596469e+00  1.199998155690359e+00  1.550153786901852e+00 
 5.052464424662015e-07  0.000000000000000e+00  7.747194155731136e-01  4.971231900890382e-01  4.892114219030010e-01  1.199999787596504e+00  1.199998164574717e+00  1.550153835806736e+00 
 5.054464424662015e-07  0.000000000000000e+00  7.747205159863508e-01  4.970972852127456e-01  4.892375711524343e-01  1.199999787596469e+00  1.199998173364341e+00  1.550153884297625e+00 
 5.056464424662015e-07  0.000000000000000e+00  7.747216032336609e-01  4.970715807250116e-01  4.892635174179168e-01  1.199999787596413e+00  1.199998182060822e+00  1.550153932371092e+00 
 5.058464424662015e-07  0.000000000000000e+00  7.747226774696278e-01  4.970460742363398e-01  4.892892631422214e-01  1.199999787596422e+00  1.199998190665683e+00  1.550153980023850e+00 
 5.060464424662016e-07  0.000000000000000e+00  7.747237388466138e-01  4.970207634028543e-01  4.893148107213353e-01  1.199999787596350e+00  1.199998199179800e+00  1.550154027252765e+00 
 5.062464424662016e-07  0.000000000000000e+00  7.747247875148772e-01  4.969956459250586e-01  4.893401625052267e-01  1.199999787596435e+00  1.199998207605309e+00  1.550154074054903e+00 
 5.064464424662016e-07  0.000000000000000e+00  7.747258236225939e-01  4.969707195465539e-01  4.893653207998954e-01  1.199999787596365e+00  1.199998215943443e+00  1.550154120427456e+00 
 5.066464424662016e-07  0.000000000000000e+00  7.747268473158088e-01  4.969459820534379e-01  4.893902878676537e-01  1.199999787596434e+00  1.199998224195096e+00  1.550154166367819e+00 
 5.068464424662016e-07  0.000000000000000e+00  7.747278587386386e-01  4.969214312730562e-01  4.894150659280739e-01  1.199999787596378e+00  1.199998232361944e+00  1.550154211873554e+00 
 5.070464424662016e-07  0.000000000000000e+00  7.747288580331432e-01  4.968970650728376e-01  4.894396571595341e-01  1.199999787596260e+00  1.199998240445414e+00  1.550154256942429e+00 
 5.072464424662016e-07  0.000000000000000e+00  7.747298453394602e-01  4.968728813598883e-01  4.894640636998375e-01  1.199999787596300e+00  1.199998248446472e+00  1.550154301572385e+00 
 5.074464424662017e-07  0.000000000000000e+00  7.747308207958234e-01  4.968488780794379e-01  4.894882876473727e-01  1.199999787596485e+00  1.199998256366394e+00  1.550154345761561e+00 
 5.076464424662017e-07  0.000000000000000e+00  7.747317845385642e-01  4.968250532144122e-01  4.895123310615337e-01  1.199999787596466e+00  1.199998264206300e+00  1.550154389508298e+00 
 5.078464424662017e-07  0.000000000000000e+00  7.747327367021699e-01  4.968014047842078e-01  4.895361959643721e-01  1.199999787596406e+00  1.199998271968064e+00  1.550154432811137e+00 
 5.080464424662017e-07  0.000000000000000e+00  7.747336774192960e-01  4.967779308441837e-01  4.895598843411242e-01  1.199999787596333e+00  1.199998279652335e+00  1.550154475668809e+00 
 5.082464424662017e-07  0.000000000000000e+00  7.747346068208451e-01  4.967546294842661e-01  4.895833981409349e-01  1.199999787596505e+00  1.199998287260167e+00  1.550154518080246e+00 
 5.084464424662017e-07  0.000000000000000e+00  7.747355250359603e-01  4.967314988286674e-01  4.896067392780843e-01  1.199999787596382e+00  1.199998294792909e+00  1.550154560044603e+00 
 5.086464424662017e-07  0.000000000000000e+00  7.747364321920569e-01  4.967085370346723e-01  4.896299096322729e-01  1.199999787596486e+00  1.199998302251857e+00  1.550154601561248e+00 
 5.088464424662018e-07  0.000000000000000e+00  7.747373284148350e-01  4.966857422924820e-01  4.896529110500288e-01  1.199999787596366e+00  1.199998309637270e+00  1.550154642629723e+00 
 5.090464424662018e-07  0.000000000000000e+00  7.747382138283564e-01  4.966631128236120e-01  4.896757453449923e-01  1.199999787596428e+00  1.199998316951212e+00  1.550154683249788e+00 
 5.092464424662018e-07  0.000000000000000e+00  7.747390885550550e-01  4.966406468811184e-01  4.896984142990437e-01  1.199999787596360e+00  1.199998324194536e+00  1.550154723421404e+00 
 5.094464424662018e-07  0.000000000000000e+00  7.747399527157398e-01  4.966183427477748e-01  4.897209196628428e-01  1.199999787596354e+00  1.199998331367869e+00  1.550154763144723e+00 
 5.096464424662018e-07  0.000000000000000e+00  7.747408064296544e-01  4.965961987360744e-01  4.897432631566006e-01  1.199999787596439e+00  1.199998338471990e+00  1.550154802420132e+00 
 5.098464424662018e-07  0.000000000000000e+00  7.747416498144811e-01  4.965742131874984e-01  4.897654464706374e-01  1.199999787596272e+00  1.199998345508628e+00  1.550154841248189e+00 
 5.100464424662019e-07  0.000000000000000e+00  7.747424829863669e-01  4.965523844719840e-01  4.897874712663012e-01  1.199999787596489e+00  1.199998352478199e+00  1.550154879629660e+00 
 5.102464424662019e-07  0.000000000000000e+00  7.747433060599823e-01  4.965307109866784e-01  4.898093391765255e-01  1.199999787596470e+00  1.199998359381893e+00  1.550154917565492e+00 
 5.104464424662019e-07  0.000000000000000e+00  7.747441191484862e-01  4.965091911557585e-01  4.898310518064851e-01  1.199999787596523e+00  1.199998366220564e+00  1.550154955056836e+00 
 5.106464424662019e-07  0.000000000000000e+00  7.747449223635914e-01  4.964878234299808e-01  4.898526107342352e-01  1.199999787596380e+00  1.199998372995386e+00  1.550154992105006e+00 
 5.108464424662019e-07  0.000000000000000e+00  7.747457158156206e-01  4.964666062859200e-01  4.898740175111180e-01  1.199999787596473e+00  1.199998379706966e+00  1.550155028711504e+00 
 5.110464424662019e-07  0.000000000000000e+00  7.747464996134343e-01  4.964455382249269e-01  4.898952736631187e-01  1.199999787596427e+00  1.199998386356171e+00  1.550155064878024e+00 
 5.112464424662019e-07  0.000000000000000e+00  7.747472738645719e-01  4.964246177731673e-01  4.899163806905983e-01  1.199999787596431e+00  1.199998392943926e+00  1.550155100606421e+00 
 5.114464424662020e-07  0.000000000000000e+00  7.747480386751860e-01  4.964038434806477e-01  4.899373400691915e-01  1.199999787596447e+00  1.199998399470900e+00  1.550155135898718e+00 
 5.116464424662020e-07  0.000000000000000e+00  7.747487941500641e-01  4.963832139210637e-01  4.899581532503960e-01  1.199999787596367e+00  1.199998405938723e+00  1.550155170757108e+00 
 5.118464424662020e-07  0.000000000000000e+00  7.747495403927304e-01  4.963627276908218e-01  4.899788216622864e-01  1.199999787596427e+00  1.199998412346966e+00  1.550155205183926e+00 
 5.120464424662020e-07  0.000000000000000e+00  7.747502775054033e-01  4.963423834089549e-01  4.899993467095495e-01  1.199999787596346e+00  1.199998418697185e+00  1.550155239181640e+00 
 5.122464424662020e-07  0.000000000000000e+00  7.747510055889855e-01  4.963221797166183e-01  4.900197297744232e-01  1.199999787596413e+00  1.199998424990163e+00  1.550155272752899e+00 
 5.124464424662020e-07  0.000000000000000e+00  7.747517247431652e-01  4.963021152758859e-01  4.900399722170001e-01  1.199999787596441e+00  1.199998431226644e+00  1.550155305900461e+00 
 5.126464424662020e-07  0.000000000000000e+00  7.747524350663980e-01  4.962821887703088e-01  4.900600753757421e-01  1.199999787596463e+00  1.199998437406917e+00  1.550155338627257e+00 
 5.128464424662021e-07  0.000000000000000e+00  7.747531366558954e-01  4.962623989037779e-01  4.900800405682565e-01  1.199999787596390e+00  1.199998443532392e+00  1.550155370936295e+00 
 5.130464424662021e-07  0.000000000000000e+00  7.747538296076981e-01  4.962427444002633e-01  4.900998690917279e-01  1.199999787596491e+00  1.199998449603398e+00  1.550155402830732e+00 
 5.132464424662021e-07  0.000000000000000e+00  7.747545140166650e-01  4.962232240034292e-01  4.901195622227316e-01  1.199999787596455e+00  1.199998455621064e+00  1.550155434313814e+00 
 5.134464424662021e-07  0.000000000000000e+00  7.747551899764954e-01  4.962038364757007e-01  4.901391212182111e-01  1.199999787596456e+00  1.199998461585408e+00  1.550155465388921e+00 
 5.136464424662021e-07  0.000000000000000e+00  7.747558575797595e-01  4.961845805988012e-01  4.901585473158727e-01  1.199999787596461e+00  1.199998467497621e+00  1.550155496059521e+00 
 5.138464424662021e-07  0.000000000000000e+00  7.747565169178869e-01  4.961654551727216e-01  4.901778417346562e-01  1.199999787596364e+00  1.199998473358681e+00  1.550155526329157e+00 
 5.140464424662022e-07  0.000000000000000e+00  7.747571680812081e-01  4.961464590149252e-01  4.901970056749222e-01  1.199999787596415e+00  1.199998479168799e+00  1.550155556201486e+00 
 5.142464424662022e-07  0.000000000000000e+00  7.747578111589775e-01  4.961275909611573e-01  4.902160403192375e-01  1.199999787596413e+00  1.199998484928279e+00  1.550155585680217e+00 
 5.144464424662022e-07  0.000000000000000e+00  7.747584462393704e-01  4.961088498636933e-01  4.902349468322478e-01  1.199999787596514e+00  1.199998490638242e+00  1.550155614769156e+00 
 5.146464424662022e-07  0.000000000000000e+00  7.747590734094804e-01  4.960902345921244e-01  4.902537263615019e-01  1.199999787596472e+00  1.199998496299495e+00  1.550155643472177e+00 
 5.148464424662022e-07  0.000000000000000e+00  7.747596927553779e-01  4.960717440324847e-01  4.902723800375242e-01  1.199999787596516e+00  1.199998501912555e+00  1.550155671793184e+00 
 5.150464424662022e-07  0.000000000000000e+00  7.747603043621407e-01  4.960533770863717e-01  4.902909089742832e-01  1.199999787596378e+00  1.199998507477591e+00  1.550155699736149e+00 
 5.152464424662022e-07  0.000000000000000e+00  7.747609083138067e-01  4.960351326715712e-01  4.903093142695413e-01  1.199999787596369e+00  1.199998512995604e+00  1.550155727305109e+00 
 5.154464424662023e-07  0.000000000000000e+00  7.747615046934265e-01  4.960170097212249e-01  4.903275970055304e-01  1.199999787596430e+00  1.199998518467135e+00  1.550155754504119e+00 
 5.156464424662023e-07  0.000000000000000e+00  7.747620935830655e-01  4.959990071836174e-01  4.903457582489620e-01  1.199999787596438e+00  1.199998523893036e+00  1.550155781337284e+00 
 5.158464424662023e-07  0.000000000000000e+00  7.747626750638147e-01  4.959811240217554e-01  4.903637990509488e-01  1.199999787596452e+00  1.199998529273166e+00  1.550155807808723e+00 
 5.160464424662023e-07  0.000000000000000e+00  7.747632492158284e-01  4.959633592131188e-01  4.903817204480070e-01  1.199999787596387e+00  1.199998534608543e+00  1.550155833922585e+00 
 5.162464424662023e-07  0.000000000000000e+00  7.747638161183037e-01  4.959457117494470e-01  4.903995234622626e-01  1.199999787596482e+00  1.199998539899775e+00  1.550155859683048e+00 
 5.164464424662023e-07  0.000000000000000e+00  7.747643758495436e-01  4.959281806364051e-01  4.904172091016466e-01  1.199999787596432e+00  1.199998545147594e+00  1.550155885094293e+00 
 5.166464424662023e-07  0.000000000000000e+00  7.747649284869340e-01  4.959107648928704e-01  4.904347783598363e-01  1.199999787596435e+00  1.199998550352092e+00  1.550155910160502e+00 
 5.168464424662024e-07  0.000000000000000e+00  7.747654741069441e-01  4.958934635513514e-01  4.904522322170155e-01  1.199999787596353e+00  1.199998555513855e+00  1.550155934885868e+00 
 5.170464424662024e-07  0.000000000000000e+00  7.747660127851873e-01  4.958762756573669e-01  4.904695716403704e-01  1.199999787596415e+00  1.199998560633876e+00  1.550155959274585e+00 
 5.172464424662024e-07  0.000000000000000e+00  7.747665445963752e-01  4.958592002692144e-01  4.904867975836859e-01  1.199999787596320e+00  1.199998565712439e+00  1.550155983330827e+00 
 5.174464424662024e-07  0.000000000000000e+00  7.747670696143728e-01  4.958422364576098e-01  4.905039109877141e-01  1.199999787596464e+00  1.199998570749543e+00  1.550156007058748e+00 
 5.176464424662024e-07  0.000000000000000e+00  7.747675879121679e-01  4.958253833053438e-01  4.905209127810054e-01  1.199999787596488e+00  1.199998575746409e+00  1.550156030462526e+00 
 5.178464424662024e-07  0.000000000000000e+00  7.747680995619579e-01  4.958086399075896e-01  4.905378038797535e-01  1.199999787596340e+00  1.199998580703079e+00  1.550156053546286e+00 
 5.180464424662025e-07  0.000000000000000e+00  7.747686046350792e-01  4.957920053710762e-01  4.905545851881977e-01  1.199999787596494e+00  1.199998585619995e+00  1.550156076314125e+00 
 5.182464424662025e-07  0.000000000000000e+00  7.747691032020906e-01  4.957754788140750e-01  4.905712575987942e-01  1.199999787596459e+00  1.199998590497933e+00  1.550156098770107e+00 
 5.184464424662025e-07  0.000000000000000e+00  7.747695953327151e-01  4.957590593661694e-01  4.905878219922597e-01  1.199999787596458e+00  1.199998595337240e+00  1.550156120918288e+00 
 5.186464424662025e-07  0.000000000000000e+00  7.747700810958942e-01  4.957427461679924e-01  4.906042792380475e-01  1.199999787596460e+00  1.199998600138015e+00  1.550156142762700e+00 
 5.188464424662025e-07  0.000000000000000e+00  7.747705605551197e-01  4.957265383653785e-01  4.906206301988532e-01  1.199999787596270e+00  1.199998604927125e+00  1.550156164307298e+00 
 5.190464424662025e-07  0.000000000000000e+00  7.747710337805397e-01  4.957104351234061e-01  4.906368757193292e-01  1.199999787596327e+00  1.199998609658479e+00  1.550156185556008e+00 
 5.192464424662025e-07  0.000000000000000e+00  7.747715008402770e-01  4.956944356167885e-01  4.906530166352099e-01  1.199999787596401e+00  1.199998614346861e+00  1.550156206512721e+00 
 5.194464424662026e-07  0.000000000000000e+00  7.747719618006752e-01  4.956785390288300e-01  4.906690537722629e-01  1.199999787596411e+00  1.199998618998699e+00  1.550156227181275e+00 
 5.196464424662026e-07  0.000000000000000e+00  7.747724167270141e-01  4.956627445525576e-01  4.906849879466595e-01  1.199999787596404e+00  1.199998623614963e+00  1.550156247565458e+00 
 5.198232212331013e-07  0.000000000000000e+00  7.747728138599795e-01  4.956488683178547e-01  4.906989869583913e-01  1.199999787596791e+00  1.199998627661621e+00  1.550156265348884e+00 
 5.200000000000000e-07  0.000000000000000e+00  7.747732063720522e-01  4.956350707083605e-01  4.907129066932191e-01  1.199999787596613e+00  1.199998631683999e+00  1.550156282914144e+00 
