-6.00000000e-02 -6.00000000e-02 -6.00000000e-02 -2.12746580e-01 -6.00000000e-02 -2.33056261e-03 
-5.99000000e-02 -5.99000000e-02 -5.99000000e-02 -2.12309815e-01 -5.99000000e-02 -2.33056297e-03 
-5.98000000e-02 -5.98000000e-02 -5.98000000e-02 -2.11804960e-01 -5.98000000e-02 -2.33056357e-03 
-5.97000000e-02 -5.97000000e-02 -5.97000000e-02 -2.11327628e-01 -5.97000000e-02 -2.33056406e-03 
-5.96000000e-02 -5.96000000e-02 -5.96000000e-02 -2.10843258e-01 -5.96000000e-02 -2.33056459e-03 
-5.95000000e-02 -5.95000000e-02 -5.95000000e-02 -2.10361436e-01 -5.95000000e-02 -2.33056511e-03 
-5.94000000e-02 -5.94000000e-02 -5.94000000e-02 -2.09878754e-01 -5.94000000e-02 -2.33056563e-03 
-5.93000000e-02 -5.93000000e-02 -5.93000000e-02 -2.09396139e-01 -5.93000000e-02 -2.33056615e-03 
-5.92000000e-02 -5.92000000e-02 -5.92000000e-02 -2.08913262e-01 -5.92000000e-02 -2.33056667e-03 
-5.91000000e-02 -5.91000000e-02 -5.91000000e-02 -2.08430214e-01 -5.91000000e-02 -2.33056718e-03 
-5.90000000e-02 -5.90000000e-02 -5.90000000e-02 -2.07946962e-01 -5.90000000e-02 -2.33056770e-03 
-5.89000000e-02 -5.89000000e-02 -5.89000000e-02 -2.07463517e-01 -5.89000000e-02 -2.33056821e-03 
-5.88000000e-02 -5.88000000e-02 -5.88000000e-02 -2.06979876e-01 -5.88000000e-02 -2.33056873e-03 
-5.87000000e-02 -5.87000000e-02 -5.87000000e-02 -2.06496039e-01 -5.87000000e-02 -2.33056924e-03 
-5.86000000e-02 -5.86000000e-02 -5.86000000e-02 -2.06012008e-01 -5.86000000e-02 -2.33056975e-03 
-5.85000000e-02 -5.85000000e-02 -5.85000000e-02 -2.05527782e-01 -5.85000000e-02 -2.33057027e-03 
-5.84000000e-02 -5.84000000e-02 -5.84000000e-02 -2.05043363e-01 -5.84000000e-02 -2.33057078e-03 
-5.83000000e-02 -5.83000000e-02 -5.83000000e-02 -2.04558751e-01 -5.83000000e-02 -2.33057129e-03 
-5.82000000e-02 -5.82000000e-02 -5.82000000e-02 -2.04073946e-01 -5.82000000e-02 -2.33057180e-03 
-5.81000000e-02 -5.81000000e-02 -5.81000000e-02 -2.03588949e-01 -5.81000000e-02 -2.33057231e-03 
-5.80000000e-02 -5.80000000e-02 -5.80000000e-02 -2.03103761e-01 -5.80000000e-02 -2.33057281e-03 
-5.79000000e-02 -5.79000000e-02 -5.79000000e-02 -2.02618381e-01 -5.79000000e-02 -2.33057332e-03 
-5.78000000e-02 -5.78000000e-02 -5.78000000e-02 -2.02132810e-01 -5.78000000e-02 -2.33057383e-03 
-5.77000000e-02 -5.77000000e-02 -5.77000000e-02 -2.01647050e-01 -5.77000000e-02 -2.33057434e-03 
-5.76000000e-02 -5.76000000e-02 -5.76000000e-02 -2.01161099e-01 -5.76000000e-02 -2.33057484e-03 
-5.75000000e-02 -5.75000000e-02 -5.75000000e-02 -2.00674960e-01 -5.75000000e-02 -2.33057535e-03 
-5.74000000e-02 -5.74000000e-02 -5.74000000e-02 -2.00188632e-01 -5.74000000e-02 -2.33057585e-03 
-5.73000000e-02 -5.73000000e-02 -5.73000000e-02 -1.99702116e-01 -5.73000000e-02 -2.33057635e-03 
-5.72000000e-02 -5.72000000e-02 -5.72000000e-02 -1.99215413e-01 -5.72000000e-02 -2.33057686e-03 
-5.71000000e-02 -5.71000000e-02 -5.71000000e-02 -1.98728522e-01 -5.71000000e-02 -2.33057736e-03 
-5.70000000e-02 -5.70000000e-02 -5.70000000e-02 -1.98241445e-01 -5.70000000e-02 -2.33057786e-03 
-5.69000000e-02 -5.69000000e-02 -5.69000000e-02 -1.97754181e-01 -5.69000000e-02 -2.33057836e-03 
-5.68000000e-02 -5.68000000e-02 -5.68000000e-02 -1.97266732e-01 -5.68000000e-02 -2.33057886e-03 
-5.67000000e-02 -5.67000000e-02 -5.67000000e-02 -1.96779099e-01 -5.67000000e-02 -2.33057936e-03 
-5.66000000e-02 -5.66000000e-02 -5.66000000e-02 -1.96291280e-01 -5.66000000e-02 -2.33057986e-03 
-5.65000000e-02 -5.65000000e-02 -5.65000000e-02 -1.95803278e-01 -5.65000000e-02 -2.33058036e-03 
-5.64000000e-02 -5.64000000e-02 -5.64000000e-02 -1.95315092e-01 -5.64000000e-02 -2.33058086e-03 
-5.63000000e-02 -5.63000000e-02 -5.63000000e-02 -1.94883896e-01 -5.63000000e-02 -2.33058126e-03 
-5.62000000e-02 -5.62000000e-02 -5.62000000e-02 -1.94336473e-01 -5.62000000e-02 -2.33058187e-03 
-5.61000000e-02 -5.61000000e-02 -5.61000000e-02 -1.93856479e-01 -5.61000000e-02 -2.33058231e-03 
-5.60000000e-02 -5.60000000e-02 -5.60000000e-02 -1.93417312e-01 -5.60000000e-02 -2.33058275e-03 
-5.59000000e-02 -5.59000000e-02 -5.59000000e-02 -1.92870451e-01 -5.59000000e-02 -2.33058335e-03 
-5.58000000e-02 -5.58000000e-02 -5.58000000e-02 -1.92389121e-01 -5.58000000e-02 -2.33058379e-03 
-5.57000000e-02 -5.57000000e-02 -5.57000000e-02 -1.91892612e-01 -5.57000000e-02 -2.33058432e-03 
-5.56000000e-02 -5.56000000e-02 -5.56000000e-02 -1.91403733e-01 -5.56000000e-02 -2.33058481e-03 
-5.55000000e-02 -5.55000000e-02 -5.55000000e-02 -1.90913231e-01 -5.55000000e-02 -2.33058531e-03 
-5.54000000e-02 -5.54000000e-02 -5.54000000e-02 -1.90423316e-01 -5.54000000e-02 -2.33058580e-03 
-5.53000000e-02 -5.53000000e-02 -5.53000000e-02 -1.89933075e-01 -5.53000000e-02 -2.33058629e-03 
-5.52000000e-02 -5.52000000e-02 -5.52000000e-02 -1.89442734e-01 -5.52000000e-02 -2.33058678e-03 
-5.51000000e-02 -5.51000000e-02 -5.51000000e-02 -1.88952201e-01 -5.51000000e-02 -2.33058727e-03 
-5.50000000e-02 -5.50000000e-02 -5.50000000e-02 -1.88461500e-01 -5.50000000e-02 -2.33058776e-03 
-5.49000000e-02 -5.49000000e-02 -5.49000000e-02 -1.87970620e-01 -5.49000000e-02 -2.33058825e-03 
-5.48000000e-02 -5.48000000e-02 -5.48000000e-02 -1.87479567e-01 -5.48000000e-02 -2.33058874e-03 
-5.47000000e-02 -5.47000000e-02 -5.47000000e-02 -1.86988338e-01 -5.47000000e-02 -2.33058922e-03 
-5.46000000e-02 -5.46000000e-02 -5.46000000e-02 -1.86496934e-01 -5.46000000e-02 -2.33058971e-03 
-5.45000000e-02 -5.45000000e-02 -5.45000000e-02 -1.86005357e-01 -5.45000000e-02 -2.33059020e-03 
-5.44000000e-02 -5.44000000e-02 -5.44000000e-02 -1.85513606e-01 -5.44000000e-02 -2.33059068e-03 
-5.43000000e-02 -5.43000000e-02 -5.43000000e-02 -1.85021682e-01 -5.43000000e-02 -2.33059117e-03 
-5.42000000e-02 -5.42000000e-02 -5.42000000e-02 -1.84529586e-01 -5.42000000e-02 -2.33059165e-03 
-5.41000000e-02 -5.41000000e-02 -5.41000000e-02 -1.84037318e-01 -5.41000000e-02 -2.33059214e-03 
-5.40000000e-02 -5.40000000e-02 -5.40000000e-02 -1.83544878e-01 -5.40000000e-02 -2.33059262e-03 
-5.39000000e-02 -5.39000000e-02 -5.39000000e-02 -1.83052268e-01 -5.39000000e-02 -2.33059310e-03 
-5.38000000e-02 -5.38000000e-02 -5.38000000e-02 -1.82559487e-01 -5.38000000e-02 -2.33059358e-03 
-5.37000000e-02 -5.37000000e-02 -5.37000000e-02 -1.82066536e-01 -5.37000000e-02 -2.33059407e-03 
-5.36000000e-02 -5.36000000e-02 -5.36000000e-02 -1.81573415e-01 -5.36000000e-02 -2.33059455e-03 
-5.35000000e-02 -5.35000000e-02 -5.35000000e-02 -1.81080126e-01 -5.35000000e-02 -2.33059503e-03 
-5.34000000e-02 -5.34000000e-02 -5.34000000e-02 -1.80586668e-01 -5.34000000e-02 -2.33059551e-03 
-5.33000000e-02 -5.33000000e-02 -5.33000000e-02 -1.80093042e-01 -5.33000000e-02 -2.33059599e-03 
-5.32000000e-02 -5.32000000e-02 -5.32000000e-02 -1.79599249e-01 -5.32000000e-02 -2.33059647e-03 
-5.31000000e-02 -5.31000000e-02 -5.31000000e-02 -1.79105288e-01 -5.31000000e-02 -2.33059695e-03 
-5.30000000e-02 -5.30000000e-02 -5.30000000e-02 -1.78611162e-01 -5.30000000e-02 -2.33059742e-03 
-5.29000000e-02 -5.29000000e-02 -5.29000000e-02 -1.78116869e-01 -5.29000000e-02 -2.33059790e-03 
-5.28000000e-02 -5.28000000e-02 -5.28000000e-02 -1.77622411e-01 -5.28000000e-02 -2.33059838e-03 
-5.27000000e-02 -5.27000000e-02 -5.27000000e-02 -1.77127788e-01 -5.27000000e-02 -2.33059886e-03 
-5.26000000e-02 -5.26000000e-02 -5.26000000e-02 -1.76633000e-01 -5.26000000e-02 -2.33059933e-03 
-5.25000000e-02 -5.25000000e-02 -5.25000000e-02 -1.76138049e-01 -5.25000000e-02 -2.33059981e-03 
-5.24000000e-02 -5.24000000e-02 -5.24000000e-02 -1.75642934e-01 -5.24000000e-02 -2.33060028e-03 
-5.23000000e-02 -5.23000000e-02 -5.23000000e-02 -1.75147656e-01 -5.23000000e-02 -2.33060076e-03 
-5.22000000e-02 -5.22000000e-02 -5.22000000e-02 -1.74652215e-01 -5.22000000e-02 -2.33060123e-03 
-5.21000000e-02 -5.21000000e-02 -5.21000000e-02 -1.74156613e-01 -5.21000000e-02 -2.33060170e-03 
-5.20000000e-02 -5.20000000e-02 -5.20000000e-02 -1.73660849e-01 -5.20000000e-02 -2.33060218e-03 
-5.19000000e-02 -5.19000000e-02 -5.19000000e-02 -1.73164924e-01 -5.19000000e-02 -2.33060265e-03 
-5.18000000e-02 -5.18000000e-02 -5.18000000e-02 -1.72668838e-01 -5.18000000e-02 -2.33060312e-03 
-5.17000000e-02 -5.17000000e-02 -5.17000000e-02 -1.72172593e-01 -5.17000000e-02 -2.33060359e-03 
-5.16000000e-02 -5.16000000e-02 -5.16000000e-02 -1.71676188e-01 -5.16000000e-02 -2.33060407e-03 
-5.15000000e-02 -5.15000000e-02 -5.15000000e-02 -1.71179624e-01 -5.15000000e-02 -2.33060454e-03 
-5.14000000e-02 -5.14000000e-02 -5.14000000e-02 -1.70682901e-01 -5.14000000e-02 -2.33060501e-03 
-5.13000000e-02 -5.13000000e-02 -5.13000000e-02 -1.70186021e-01 -5.13000000e-02 -2.33060548e-03 
-5.12000000e-02 -5.12000000e-02 -5.12000000e-02 -1.69688983e-01 -5.12000000e-02 -2.33060595e-03 
-5.11000000e-02 -5.11000000e-02 -5.11000000e-02 -1.69191788e-01 -5.11000000e-02 -2.33060642e-03 
-5.10000000e-02 -5.10000000e-02 -5.10000000e-02 -1.68694436e-01 -5.10000000e-02 -2.33060689e-03 
-5.09000000e-02 -5.09000000e-02 -5.09000000e-02 -1.68196929e-01 -5.09000000e-02 -2.33060735e-03 
-5.08000000e-02 -5.08000000e-02 -5.08000000e-02 -1.67699266e-01 -5.08000000e-02 -2.33060782e-03 
-5.07000000e-02 -5.07000000e-02 -5.07000000e-02 -1.67201447e-01 -5.07000000e-02 -2.33060829e-03 
-5.06000000e-02 -5.06000000e-02 -5.06000000e-02 -1.66703475e-01 -5.06000000e-02 -2.33060876e-03 
-5.05000000e-02 -5.05000000e-02 -5.05000000e-02 -1.66205348e-01 -5.05000000e-02 -2.33060922e-03 
-5.04000000e-02 -5.04000000e-02 -5.04000000e-02 -1.65707068e-01 -5.04000000e-02 -2.33060969e-03 
-5.03000000e-02 -5.03000000e-02 -5.03000000e-02 -1.65208634e-01 -5.03000000e-02 -2.33061016e-03 
-5.02000000e-02 -5.02000000e-02 -5.02000000e-02 -1.64710048e-01 -5.02000000e-02 -2.33061062e-03 
-5.01000000e-02 -5.01000000e-02 -5.01000000e-02 -1.64211310e-01 -5.01000000e-02 -2.33061109e-03 
-5.00000000e-02 -5.00000000e-02 -5.00000000e-02 -1.63712420e-01 -5.00000000e-02 -2.33061155e-03 
-4.99000000e-02 -4.99000000e-02 -4.99000000e-02 -1.63213379e-01 -4.99000000e-02 -2.33061201e-03 
-4.98000000e-02 -4.98000000e-02 -4.98000000e-02 -1.62714188e-01 -4.98000000e-02 -2.33061248e-03 
-4.97000000e-02 -4.97000000e-02 -4.97000000e-02 -1.62214846e-01 -4.97000000e-02 -2.33061294e-03 
-4.96000000e-02 -4.96000000e-02 -4.96000000e-02 -1.61715355e-01 -4.96000000e-02 -2.33061341e-03 
-4.95000000e-02 -4.95000000e-02 -4.95000000e-02 -1.61215715e-01 -4.95000000e-02 -2.33061387e-03 
-4.94000000e-02 -4.94000000e-02 -4.94000000e-02 -1.60715926e-01 -4.94000000e-02 -2.33061433e-03 
-4.93000000e-02 -4.93000000e-02 -4.93000000e-02 -1.60215989e-01 -4.93000000e-02 -2.33061479e-03 
-4.92000000e-02 -4.92000000e-02 -4.92000000e-02 -1.59715904e-01 -4.92000000e-02 -2.33061525e-03 
-4.91000000e-02 -4.91000000e-02 -4.91000000e-02 -1.59215672e-01 -4.91000000e-02 -2.33061572e-03 
-4.90000000e-02 -4.90000000e-02 -4.90000000e-02 -1.58715293e-01 -4.90000000e-02 -2.33061618e-03 
-4.89000000e-02 -4.89000000e-02 -4.89000000e-02 -1.58214768e-01 -4.89000000e-02 -2.33061664e-03 
-4.88000000e-02 -4.88000000e-02 -4.88000000e-02 -1.57714098e-01 -4.88000000e-02 -2.33061710e-03 
-4.87000000e-02 -4.87000000e-02 -4.87000000e-02 -1.57213282e-01 -4.87000000e-02 -2.33061756e-03 
-4.86000000e-02 -4.86000000e-02 -4.86000000e-02 -1.56712322e-01 -4.86000000e-02 -2.33061802e-03 
-4.85000000e-02 -4.85000000e-02 -4.85000000e-02 -1.56211217e-01 -4.85000000e-02 -2.33061848e-03 
-4.84000000e-02 -4.84000000e-02 -4.84000000e-02 -1.55709968e-01 -4.84000000e-02 -2.33061894e-03 
-4.83000000e-02 -4.83000000e-02 -4.83000000e-02 -1.55208577e-01 -4.83000000e-02 -2.33061939e-03 
-4.82000000e-02 -4.82000000e-02 -4.82000000e-02 -1.54707042e-01 -4.82000000e-02 -2.33061985e-03 
-4.81000000e-02 -4.81000000e-02 -4.81000000e-02 -1.54205365e-01 -4.81000000e-02 -2.33062031e-03 
-4.80000000e-02 -4.80000000e-02 -4.80000000e-02 -1.53703547e-01 -4.80000000e-02 -2.33062077e-03 
-4.79000000e-02 -4.79000000e-02 -4.79000000e-02 -1.53201587e-01 -4.79000000e-02 -2.33062123e-03 
-4.78000000e-02 -4.78000000e-02 -4.78000000e-02 -1.52699486e-01 -4.78000000e-02 -2.33062168e-03 
-4.77000000e-02 -4.77000000e-02 -4.77000000e-02 -1.52197245e-01 -4.77000000e-02 -2.33062214e-03 
-4.76000000e-02 -4.76000000e-02 -4.76000000e-02 -1.51694864e-01 -4.76000000e-02 -2.33062260e-03 
-4.75000000e-02 -4.75000000e-02 -4.75000000e-02 -1.51192344e-01 -4.75000000e-02 -2.33062305e-03 
-4.74000000e-02 -4.74000000e-02 -4.74000000e-02 -1.50689685e-01 -4.74000000e-02 -2.33062351e-03 
-4.73000000e-02 -4.73000000e-02 -4.73000000e-02 -1.50186888e-01 -4.73000000e-02 -2.33062397e-03 
-4.72000000e-02 -4.72000000e-02 -4.72000000e-02 -1.49683952e-01 -4.72000000e-02 -2.33062442e-03 
-4.71000000e-02 -4.71000000e-02 -4.71000000e-02 -1.49180880e-01 -4.71000000e-02 -2.33062488e-03 
-4.70000000e-02 -4.70000000e-02 -4.70000000e-02 -1.48677670e-01 -4.70000000e-02 -2.33062533e-03 
-4.69000000e-02 -4.69000000e-02 -4.69000000e-02 -1.48174324e-01 -4.69000000e-02 -2.33062579e-03 
-4.68000000e-02 -4.68000000e-02 -4.68000000e-02 -1.47670842e-01 -4.68000000e-02 -2.33062624e-03 
-4.67000000e-02 -4.67000000e-02 -4.67000000e-02 -1.47167225e-01 -4.67000000e-02 -2.33062669e-03 
-4.66000000e-02 -4.66000000e-02 -4.66000000e-02 -1.46663472e-01 -4.66000000e-02 -2.33062715e-03 
-4.65000000e-02 -4.65000000e-02 -4.65000000e-02 -1.46159585e-01 -4.65000000e-02 -2.33062760e-03 
-4.64000000e-02 -4.64000000e-02 -4.64000000e-02 -1.45655564e-01 -4.64000000e-02 -2.33062806e-03 
-4.63000000e-02 -4.63000000e-02 -4.63000000e-02 -1.45151410e-01 -4.63000000e-02 -2.33062851e-03 
-4.62000000e-02 -4.62000000e-02 -4.62000000e-02 -1.44647122e-01 -4.62000000e-02 -2.33062896e-03 
-4.61000000e-02 -4.61000000e-02 -4.61000000e-02 -1.44142702e-01 -4.61000000e-02 -2.33062941e-03 
-4.60000000e-02 -4.60000000e-02 -4.60000000e-02 -1.43638150e-01 -4.60000000e-02 -2.33062987e-03 
-4.59000000e-02 -4.59000000e-02 -4.59000000e-02 -1.43133466e-01 -4.59000000e-02 -2.33063032e-03 
-4.58000000e-02 -4.58000000e-02 -4.58000000e-02 -1.42628652e-01 -4.58000000e-02 -2.33063077e-03 
-4.57000000e-02 -4.57000000e-02 -4.57000000e-02 -1.42123706e-01 -4.57000000e-02 -2.33063122e-03 
-4.56000000e-02 -4.56000000e-02 -4.56000000e-02 -1.41618631e-01 -4.56000000e-02 -2.33063168e-03 
-4.55000000e-02 -4.55000000e-02 -4.55000000e-02 -1.41113426e-01 -4.55000000e-02 -2.33063213e-03 
-4.54000000e-02 -4.54000000e-02 -4.54000000e-02 -1.40608091e-01 -4.54000000e-02 -2.33063258e-03 
-4.53000000e-02 -4.53000000e-02 -4.53000000e-02 -1.40102628e-01 -4.53000000e-02 -2.33063303e-03 
-4.52000000e-02 -4.52000000e-02 -4.52000000e-02 -1.39597037e-01 -4.52000000e-02 -2.33063348e-03 
-4.51000000e-02 -4.51000000e-02 -4.51000000e-02 -1.39091318e-01 -4.51000000e-02 -2.33063393e-03 
-4.50000000e-02 -4.50000000e-02 -4.50000000e-02 -1.38585472e-01 -4.50000000e-02 -2.33063438e-03 
-4.49000000e-02 -4.49000000e-02 -4.49000000e-02 -1.38079499e-01 -4.49000000e-02 -2.33063483e-03 
-4.48000000e-02 -4.48000000e-02 -4.48000000e-02 -1.37573400e-01 -4.48000000e-02 -2.33063528e-03 
-4.47000000e-02 -4.47000000e-02 -4.47000000e-02 -1.37067175e-01 -4.47000000e-02 -2.33063573e-03 
-4.46000000e-02 -4.46000000e-02 -4.46000000e-02 -1.36560825e-01 -4.46000000e-02 -2.33063618e-03 
-4.45000000e-02 -4.45000000e-02 -4.45000000e-02 -1.36054350e-01 -4.45000000e-02 -2.33063663e-03 
-4.44000000e-02 -4.44000000e-02 -4.44000000e-02 -1.35547751e-01 -4.44000000e-02 -2.33063708e-03 
-4.43000000e-02 -4.43000000e-02 -4.43000000e-02 -1.35041028e-01 -4.43000000e-02 -2.33063753e-03 
-4.42000000e-02 -4.42000000e-02 -4.42000000e-02 -1.34534181e-01 -4.42000000e-02 -2.33063798e-03 
-4.41000000e-02 -4.41000000e-02 -4.41000000e-02 -1.34027212e-01 -4.41000000e-02 -2.33063843e-03 
-4.40000000e-02 -4.40000000e-02 -4.40000000e-02 -1.33520120e-01 -4.40000000e-02 -2.33063888e-03 
-4.39000000e-02 -4.39000000e-02 -4.39000000e-02 -1.33012906e-01 -4.39000000e-02 -2.33063933e-03 
-4.38000000e-02 -4.38000000e-02 -4.38000000e-02 -1.32505571e-01 -4.38000000e-02 -2.33063978e-03 
-4.37000000e-02 -4.37000000e-02 -4.37000000e-02 -1.31998114e-01 -4.37000000e-02 -2.33064022e-03 
-4.36000000e-02 -4.36000000e-02 -4.36000000e-02 -1.31490538e-01 -4.36000000e-02 -2.33064067e-03 
-4.35000000e-02 -4.35000000e-02 -4.35000000e-02 -1.30982841e-01 -4.35000000e-02 -2.33064112e-03 
-4.34000000e-02 -4.34000000e-02 -4.34000000e-02 -1.30475025e-01 -4.34000000e-02 -2.33064157e-03 
-4.33000000e-02 -4.33000000e-02 -4.33000000e-02 -1.29967089e-01 -4.33000000e-02 -2.33064202e-03 
-4.32000000e-02 -4.32000000e-02 -4.32000000e-02 -1.29459035e-01 -4.32000000e-02 -2.33064247e-03 
-4.31000000e-02 -4.31000000e-02 -4.31000000e-02 -1.28950863e-01 -4.31000000e-02 -2.33064291e-03 
-4.30000000e-02 -4.30000000e-02 -4.30000000e-02 -1.28442574e-01 -4.30000000e-02 -2.33064336e-03 
-4.29000000e-02 -4.29000000e-02 -4.29000000e-02 -1.27934167e-01 -4.29000000e-02 -2.33064381e-03 
-4.28000000e-02 -4.28000000e-02 -4.28000000e-02 -1.27425644e-01 -4.28000000e-02 -2.33064426e-03 
-4.27000000e-02 -4.27000000e-02 -4.27000000e-02 -1.26917004e-01 -4.27000000e-02 -2.33064470e-03 
-4.26000000e-02 -4.26000000e-02 -4.26000000e-02 -1.26408249e-01 -4.26000000e-02 -2.33064515e-03 
-4.25000000e-02 -4.25000000e-02 -4.25000000e-02 -1.25899378e-01 -4.25000000e-02 -2.33064560e-03 
-4.24000000e-02 -4.24000000e-02 -4.24000000e-02 -1.25390393e-01 -4.24000000e-02 -2.33064605e-03 
-4.23000000e-02 -4.23000000e-02 -4.23000000e-02 -1.24881294e-01 -4.23000000e-02 -2.33064649e-03 
-4.22000000e-02 -4.22000000e-02 -4.22000000e-02 -1.24372081e-01 -4.22000000e-02 -2.33064694e-03 
-4.21000000e-02 -4.21000000e-02 -4.21000000e-02 -1.23862754e-01 -4.21000000e-02 -2.33064739e-03 
-4.20000000e-02 -4.20000000e-02 -4.20000000e-02 -1.23353315e-01 -4.20000000e-02 -2.33064784e-03 
-4.19000000e-02 -4.19000000e-02 -4.19000000e-02 -1.22843763e-01 -4.19000000e-02 -2.33064828e-03 
-4.18000000e-02 -4.18000000e-02 -4.18000000e-02 -1.22334099e-01 -4.18000000e-02 -2.33064873e-03 
-4.17000000e-02 -4.17000000e-02 -4.17000000e-02 -1.21824324e-01 -4.17000000e-02 -2.33064918e-03 
-4.16000000e-02 -4.16000000e-02 -4.16000000e-02 -1.21314438e-01 -4.16000000e-02 -2.33064962e-03 
-4.15000000e-02 -4.15000000e-02 -4.15000000e-02 -1.20804442e-01 -4.15000000e-02 -2.33065007e-03 
-4.14000000e-02 -4.14000000e-02 -4.14000000e-02 -1.20294335e-01 -4.14000000e-02 -2.33065052e-03 
-4.13000000e-02 -4.13000000e-02 -4.13000000e-02 -1.19784119e-01 -4.13000000e-02 -2.33065096e-03 
-4.12000000e-02 -4.12000000e-02 -4.12000000e-02 -1.19273794e-01 -4.12000000e-02 -2.33065141e-03 
-4.11000000e-02 -4.11000000e-02 -4.11000000e-02 -1.18763361e-01 -4.11000000e-02 -2.33065186e-03 
-4.10000000e-02 -4.10000000e-02 -4.10000000e-02 -1.18252819e-01 -4.10000000e-02 -2.33065230e-03 
-4.09000000e-02 -4.09000000e-02 -4.09000000e-02 -1.17742170e-01 -4.09000000e-02 -2.33065275e-03 
-4.08000000e-02 -4.08000000e-02 -4.08000000e-02 -1.17231414e-01 -4.08000000e-02 -2.33065320e-03 
-4.07000000e-02 -4.07000000e-02 -4.07000000e-02 -1.16720551e-01 -4.07000000e-02 -2.33065364e-03 
-4.06000000e-02 -4.06000000e-02 -4.06000000e-02 -1.16209582e-01 -4.06000000e-02 -2.33065409e-03 
-4.05000000e-02 -4.05000000e-02 -4.05000000e-02 -1.15698507e-01 -4.05000000e-02 -2.33065454e-03 
-4.04000000e-02 -4.04000000e-02 -4.04000000e-02 -1.15187327e-01 -4.04000000e-02 -2.33065498e-03 
-4.03000000e-02 -4.03000000e-02 -4.03000000e-02 -1.14676042e-01 -4.03000000e-02 -2.33065543e-03 
-4.02000000e-02 -4.02000000e-02 -4.02000000e-02 -1.14164653e-01 -4.02000000e-02 -2.33065588e-03 
-4.01000000e-02 -4.01000000e-02 -4.01000000e-02 -1.13653161e-01 -4.01000000e-02 -2.33065633e-03 
-4.00000000e-02 -4.00000000e-02 -4.00000000e-02 -1.13141565e-01 -4.00000000e-02 -2.33065677e-03 
-3.99000000e-02 -3.99000000e-02 -3.99000000e-02 -1.12629866e-01 -3.99000000e-02 -2.33065722e-03 
-3.98000000e-02 -3.98000000e-02 -3.98000000e-02 -1.12118064e-01 -3.98000000e-02 -2.33065767e-03 
-3.97000000e-02 -3.97000000e-02 -3.97000000e-02 -1.11606161e-01 -3.97000000e-02 -2.33065811e-03 
-3.96000000e-02 -3.96000000e-02 -3.96000000e-02 -1.11094156e-01 -3.96000000e-02 -2.33065856e-03 
-3.95000000e-02 -3.95000000e-02 -3.95000000e-02 -1.10582051e-01 -3.95000000e-02 -2.33065901e-03 
-3.94000000e-02 -3.94000000e-02 -3.94000000e-02 -1.10069844e-01 -3.94000000e-02 -2.33065945e-03 
-3.93000000e-02 -3.93000000e-02 -3.93000000e-02 -1.09557538e-01 -3.93000000e-02 -2.33065990e-03 
-3.92000000e-02 -3.92000000e-02 -3.92000000e-02 -1.09045133e-01 -3.92000000e-02 -2.33066035e-03 
-3.91000000e-02 -3.91000000e-02 -3.91000000e-02 -1.08532628e-01 -3.91000000e-02 -2.33066079e-03 
-3.90000000e-02 -3.90000000e-02 -3.90000000e-02 -1.08020024e-01 -3.90000000e-02 -2.33066124e-03 
-3.89000000e-02 -3.89000000e-02 -3.89000000e-02 -1.07507323e-01 -3.89000000e-02 -2.33066169e-03 
-3.88000000e-02 -3.88000000e-02 -3.88000000e-02 -1.06994524e-01 -3.88000000e-02 -2.33066214e-03 
-3.87000000e-02 -3.87000000e-02 -3.87000000e-02 -1.06481627e-01 -3.87000000e-02 -2.33066258e-03 
-3.86000000e-02 -3.86000000e-02 -3.86000000e-02 -1.05968634e-01 -3.86000000e-02 -2.33066303e-03 
-3.85000000e-02 -3.85000000e-02 -3.85000000e-02 -1.05455545e-01 -3.85000000e-02 -2.33066348e-03 
-3.84000000e-02 -3.84000000e-02 -3.84000000e-02 -1.04942360e-01 -3.84000000e-02 -2.33066393e-03 
-3.83000000e-02 -3.83000000e-02 -3.83000000e-02 -1.04429080e-01 -3.83000000e-02 -2.33066437e-03 
-3.82000000e-02 -3.82000000e-02 -3.82000000e-02 -1.03915705e-01 -3.82000000e-02 -2.33066482e-03 
-3.81000000e-02 -3.81000000e-02 -3.81000000e-02 -1.03402235e-01 -3.81000000e-02 -2.33066527e-03 
-3.80000000e-02 -3.80000000e-02 -3.80000000e-02 -1.02888672e-01 -3.80000000e-02 -2.33066572e-03 
-3.79000000e-02 -3.79000000e-02 -3.79000000e-02 -1.02375015e-01 -3.79000000e-02 -2.33066617e-03 
-3.78000000e-02 -3.78000000e-02 -3.78000000e-02 -1.01861265e-01 -3.78000000e-02 -2.33066661e-03 
-3.77000000e-02 -3.77000000e-02 -3.77000000e-02 -1.01347423e-01 -3.77000000e-02 -2.33066706e-03 
-3.76000000e-02 -3.76000000e-02 -3.76000000e-02 -1.00833489e-01 -3.76000000e-02 -2.33066751e-03 
-3.75000000e-02 -3.75000000e-02 -3.75000000e-02 -1.00319463e-01 -3.75000000e-02 -2.33066796e-03 
-3.74000000e-02 -3.74000000e-02 -3.74000000e-02 -9.98053463e-02 -3.74000000e-02 -2.33066841e-03 
-3.73000000e-02 -3.73000000e-02 -3.73000000e-02 -9.92911390e-02 -3.73000000e-02 -2.33066886e-03 
-3.72000000e-02 -3.72000000e-02 -3.72000000e-02 -9.87768415e-02 -3.72000000e-02 -2.33066931e-03 
-3.71000000e-02 -3.71000000e-02 -3.71000000e-02 -9.82624543e-02 -3.71000000e-02 -2.33066975e-03 
-3.70000000e-02 -3.70000000e-02 -3.70000000e-02 -9.77479779e-02 -3.70000000e-02 -2.33067020e-03 
-3.69000000e-02 -3.69000000e-02 -3.69000000e-02 -9.72334129e-02 -3.69000000e-02 -2.33067065e-03 
-3.68000000e-02 -3.68000000e-02 -3.68000000e-02 -9.67187596e-02 -3.68000000e-02 -2.33067110e-03 
-3.67000000e-02 -3.67000000e-02 -3.67000000e-02 -9.62040185e-02 -3.67000000e-02 -2.33067155e-03 
-3.66000000e-02 -3.66000000e-02 -3.66000000e-02 -9.56891901e-02 -3.66000000e-02 -2.33067200e-03 
-3.65000000e-02 -3.65000000e-02 -3.65000000e-02 -9.51742749e-02 -3.65000000e-02 -2.33067245e-03 
-3.64000000e-02 -3.64000000e-02 -3.64000000e-02 -9.46592733e-02 -3.64000000e-02 -2.33067290e-03 
-3.63000000e-02 -3.63000000e-02 -3.63000000e-02 -9.41441858e-02 -3.63000000e-02 -2.33067335e-03 
-3.62000000e-02 -3.62000000e-02 -3.62000000e-02 -9.36290129e-02 -3.62000000e-02 -2.33067380e-03 
-3.61000000e-02 -3.61000000e-02 -3.61000000e-02 -9.31137550e-02 -3.61000000e-02 -2.33067425e-03 
-3.60000000e-02 -3.60000000e-02 -3.60000000e-02 -9.25984126e-02 -3.60000000e-02 -2.33067470e-03 
-3.59000000e-02 -3.59000000e-02 -3.59000000e-02 -9.20829861e-02 -3.59000000e-02 -2.33067515e-03 
-3.58000000e-02 -3.58000000e-02 -3.58000000e-02 -9.15674761e-02 -3.58000000e-02 -2.33067561e-03 
-3.57000000e-02 -3.57000000e-02 -3.57000000e-02 -9.10518831e-02 -3.57000000e-02 -2.33067606e-03 
-3.56000000e-02 -3.56000000e-02 -3.56000000e-02 -9.05362073e-02 -3.56000000e-02 -2.33067651e-03 
-3.55000000e-02 -3.55000000e-02 -3.55000000e-02 -9.00204495e-02 -3.55000000e-02 -2.33067696e-03 
-3.54000000e-02 -3.54000000e-02 -3.54000000e-02 -8.95046099e-02 -3.54000000e-02 -2.33067741e-03 
-3.53000000e-02 -3.53000000e-02 -3.53000000e-02 -8.89886891e-02 -3.53000000e-02 -2.33067786e-03 
-3.52000000e-02 -3.52000000e-02 -3.52000000e-02 -8.84726875e-02 -3.52000000e-02 -2.33067832e-03 
-3.51000000e-02 -3.51000000e-02 -3.51000000e-02 -8.79566057e-02 -3.51000000e-02 -2.33067877e-03 
-3.50000000e-02 -3.50000000e-02 -3.50000000e-02 -8.74404440e-02 -3.50000000e-02 -2.33067922e-03 
-3.49000000e-02 -3.49000000e-02 -3.49000000e-02 -8.69242029e-02 -3.49000000e-02 -2.33067967e-03 
-3.48000000e-02 -3.48000000e-02 -3.48000000e-02 -8.64078830e-02 -3.48000000e-02 -2.33068013e-03 
-3.47000000e-02 -3.47000000e-02 -3.47000000e-02 -8.58914846e-02 -3.47000000e-02 -2.33068058e-03 
-3.46000000e-02 -3.46000000e-02 -3.46000000e-02 -8.53750083e-02 -3.46000000e-02 -2.33068103e-03 
-3.45000000e-02 -3.45000000e-02 -3.45000000e-02 -8.48584544e-02 -3.45000000e-02 -2.33068149e-03 
-3.44000000e-02 -3.44000000e-02 -3.44000000e-02 -8.43418236e-02 -3.44000000e-02 -2.33068194e-03 
-3.43000000e-02 -3.43000000e-02 -3.43000000e-02 -8.38251161e-02 -3.43000000e-02 -2.33068239e-03 
-3.42000000e-02 -3.42000000e-02 -3.42000000e-02 -8.33083326e-02 -3.42000000e-02 -2.33068285e-03 
-3.41000000e-02 -3.41000000e-02 -3.41000000e-02 -8.27914735e-02 -3.41000000e-02 -2.33068330e-03 
-3.40000000e-02 -3.40000000e-02 -3.40000000e-02 -8.22745391e-02 -3.40000000e-02 -2.33068376e-03 
-3.39000000e-02 -3.39000000e-02 -3.39000000e-02 -8.17575301e-02 -3.39000000e-02 -2.33068421e-03 
-3.38000000e-02 -3.38000000e-02 -3.38000000e-02 -8.12404468e-02 -3.38000000e-02 -2.33068467e-03 
-3.37000000e-02 -3.37000000e-02 -3.37000000e-02 -8.07232897e-02 -3.37000000e-02 -2.33068512e-03 
-3.36000000e-02 -3.36000000e-02 -3.36000000e-02 -8.02060594e-02 -3.36000000e-02 -2.33068558e-03 
-3.35000000e-02 -3.35000000e-02 -3.35000000e-02 -7.96887561e-02 -3.35000000e-02 -2.33068604e-03 
-3.34000000e-02 -3.34000000e-02 -3.34000000e-02 -7.91713806e-02 -3.34000000e-02 -2.33068649e-03 
-3.33000000e-02 -3.33000000e-02 -3.33000000e-02 -7.86539330e-02 -3.33000000e-02 -2.33068695e-03 
-3.32000000e-02 -3.32000000e-02 -3.32000000e-02 -7.81364141e-02 -3.32000000e-02 -2.33068741e-03 
-3.31000000e-02 -3.31000000e-02 -3.31000000e-02 -7.76188241e-02 -3.31000000e-02 -2.33068786e-03 
-3.30000000e-02 -3.30000000e-02 -3.30000000e-02 -7.71011636e-02 -3.30000000e-02 -2.33068832e-03 
-3.29000000e-02 -3.29000000e-02 -3.29000000e-02 -7.65834331e-02 -3.29000000e-02 -2.33068878e-03 
-3.28000000e-02 -3.28000000e-02 -3.28000000e-02 -7.60656330e-02 -3.28000000e-02 -2.33068923e-03 
-3.27000000e-02 -3.27000000e-02 -3.27000000e-02 -7.55477637e-02 -3.27000000e-02 -2.33068969e-03 
-3.26000000e-02 -3.26000000e-02 -3.26000000e-02 -7.50298257e-02 -3.26000000e-02 -2.33069015e-03 
-3.25000000e-02 -3.25000000e-02 -3.25000000e-02 -7.45118196e-02 -3.25000000e-02 -2.33069061e-03 
-3.24000000e-02 -3.24000000e-02 -3.24000000e-02 -7.39937457e-02 -3.24000000e-02 -2.33069107e-03 
-3.23000000e-02 -3.23000000e-02 -3.23000000e-02 -7.34756045e-02 -3.23000000e-02 -2.33069153e-03 
-3.22000000e-02 -3.22000000e-02 -3.22000000e-02 -7.29573966e-02 -3.22000000e-02 -2.33069199e-03 
-3.21000000e-02 -3.21000000e-02 -3.21000000e-02 -7.24391222e-02 -3.21000000e-02 -2.33069245e-03 
-3.20000000e-02 -3.20000000e-02 -3.20000000e-02 -7.19207820e-02 -3.20000000e-02 -2.33069291e-03 
-3.19000000e-02 -3.19000000e-02 -3.19000000e-02 -7.14023763e-02 -3.19000000e-02 -2.33069337e-03 
-3.18000000e-02 -3.18000000e-02 -3.18000000e-02 -7.08839057e-02 -3.18000000e-02 -2.33069383e-03 
-3.17000000e-02 -3.17000000e-02 -3.17000000e-02 -7.03653706e-02 -3.17000000e-02 -2.33069429e-03 
-3.16000000e-02 -3.16000000e-02 -3.16000000e-02 -6.98467714e-02 -3.16000000e-02 -2.33069475e-03 
-3.15000000e-02 -3.15000000e-02 -3.15000000e-02 -6.93281087e-02 -3.15000000e-02 -2.33069521e-03 
-3.14000000e-02 -3.14000000e-02 -3.14000000e-02 -6.88093828e-02 -3.14000000e-02 -2.33069568e-03 
-3.13000000e-02 -3.13000000e-02 -3.13000000e-02 -6.82905943e-02 -3.13000000e-02 -2.33069614e-03 
-3.12000000e-02 -3.12000000e-02 -3.12000000e-02 -6.77717436e-02 -3.12000000e-02 -2.33069660e-03 
-3.11000000e-02 -3.11000000e-02 -3.11000000e-02 -6.72528311e-02 -3.11000000e-02 -2.33069706e-03 
-3.10000000e-02 -3.10000000e-02 -3.10000000e-02 -6.67338574e-02 -3.10000000e-02 -2.33069753e-03 
-3.09000000e-02 -3.09000000e-02 -3.09000000e-02 -6.62148229e-02 -3.09000000e-02 -2.33069799e-03 
-3.08000000e-02 -3.08000000e-02 -3.08000000e-02 -6.56957281e-02 -3.08000000e-02 -2.33069845e-03 
-3.07000000e-02 -3.07000000e-02 -3.07000000e-02 -6.51765733e-02 -3.07000000e-02 -2.33069892e-03 
-3.06000000e-02 -3.06000000e-02 -3.06000000e-02 -6.46573592e-02 -3.06000000e-02 -2.33069938e-03 
-3.05000000e-02 -3.05000000e-02 -3.05000000e-02 -6.41380860e-02 -3.05000000e-02 -2.33069985e-03 
-3.04000000e-02 -3.04000000e-02 -3.04000000e-02 -6.36187544e-02 -3.04000000e-02 -2.33070031e-03 
-3.03000000e-02 -3.03000000e-02 -3.03000000e-02 -6.30993648e-02 -3.03000000e-02 -2.33070078e-03 
-3.02000000e-02 -3.02000000e-02 -3.02000000e-02 -6.25799175e-02 -3.02000000e-02 -2.33070124e-03 
-3.01000000e-02 -3.01000000e-02 -3.01000000e-02 -6.20604132e-02 -3.01000000e-02 -2.33070171e-03 
-3.00000000e-02 -3.00000000e-02 -3.00000000e-02 -6.15408522e-02 -3.00000000e-02 -2.33070218e-03 
-2.99000000e-02 -2.99000000e-02 -2.99000000e-02 -6.10212350e-02 -2.99000000e-02 -2.33070264e-03 
-2.98000000e-02 -2.98000000e-02 -2.98000000e-02 -6.05015621e-02 -2.98000000e-02 -2.33070311e-03 
-2.97000000e-02 -2.97000000e-02 -2.97000000e-02 -5.99818339e-02 -2.97000000e-02 -2.33070358e-03 
-2.96000000e-02 -2.96000000e-02 -2.96000000e-02 -5.94620509e-02 -2.96000000e-02 -2.33070405e-03 
-2.95000000e-02 -2.95000000e-02 -2.95000000e-02 -5.89422135e-02 -2.95000000e-02 -2.33070452e-03 
-2.94000000e-02 -2.94000000e-02 -2.94000000e-02 -5.84223222e-02 -2.94000000e-02 -2.33070499e-03 
-2.93000000e-02 -2.93000000e-02 -2.93000000e-02 -5.79023775e-02 -2.93000000e-02 -2.33070545e-03 
-2.92000000e-02 -2.92000000e-02 -2.92000000e-02 -5.73823799e-02 -2.92000000e-02 -2.33070592e-03 
-2.91000000e-02 -2.91000000e-02 -2.91000000e-02 -5.68623297e-02 -2.91000000e-02 -2.33070639e-03 
-2.90000000e-02 -2.90000000e-02 -2.90000000e-02 -5.63422275e-02 -2.90000000e-02 -2.33070686e-03 
-2.89000000e-02 -2.89000000e-02 -2.89000000e-02 -5.58220737e-02 -2.89000000e-02 -2.33070734e-03 
-2.88000000e-02 -2.88000000e-02 -2.88000000e-02 -5.53018687e-02 -2.88000000e-02 -2.33070781e-03 
-2.87000000e-02 -2.87000000e-02 -2.87000000e-02 -5.47816131e-02 -2.87000000e-02 -2.33070828e-03 
-2.86000000e-02 -2.86000000e-02 -2.86000000e-02 -5.42613073e-02 -2.86000000e-02 -2.33070875e-03 
-2.85000000e-02 -2.85000000e-02 -2.85000000e-02 -5.37409517e-02 -2.85000000e-02 -2.33070922e-03 
-2.84000000e-02 -2.84000000e-02 -2.84000000e-02 -5.32205469e-02 -2.84000000e-02 -2.33070970e-03 
-2.83000000e-02 -2.83000000e-02 -2.83000000e-02 -5.27000932e-02 -2.83000000e-02 -2.33071017e-03 
-2.82000000e-02 -2.82000000e-02 -2.82000000e-02 -5.21795911e-02 -2.82000000e-02 -2.33071064e-03 
-2.81000000e-02 -2.81000000e-02 -2.81000000e-02 -5.16590411e-02 -2.81000000e-02 -2.33071112e-03 
-2.80000000e-02 -2.80000000e-02 -2.80000000e-02 -5.11384436e-02 -2.80000000e-02 -2.33071159e-03 
-2.79000000e-02 -2.79000000e-02 -2.79000000e-02 -5.06177992e-02 -2.79000000e-02 -2.33071206e-03 
-2.78000000e-02 -2.78000000e-02 -2.78000000e-02 -5.00971082e-02 -2.78000000e-02 -2.33071254e-03 
-2.77000000e-02 -2.77000000e-02 -2.77000000e-02 -4.95763712e-02 -2.77000000e-02 -2.33071302e-03 
-2.76000000e-02 -2.76000000e-02 -2.76000000e-02 -4.90555885e-02 -2.76000000e-02 -2.33071349e-03 
-2.75000000e-02 -2.75000000e-02 -2.75000000e-02 -4.85347607e-02 -2.75000000e-02 -2.33071397e-03 
-2.74000000e-02 -2.74000000e-02 -2.74000000e-02 -4.80138881e-02 -2.74000000e-02 -2.33071444e-03 
-2.73000000e-02 -2.73000000e-02 -2.73000000e-02 -4.74720765e-02 -2.73000000e-02 -2.33071496e-03 
-2.72000000e-02 -2.72000000e-02 -2.72000000e-02 -4.69511506e-02 -2.72000000e-02 -2.33071544e-03 
-2.71000000e-02 -2.71000000e-02 -2.71000000e-02 -4.64488088e-02 -2.71000000e-02 -2.33071588e-03 
-2.70000000e-02 -2.70000000e-02 -2.70000000e-02 -4.59276575e-02 -2.70000000e-02 -2.33071636e-03 
-2.69000000e-02 -2.69000000e-02 -2.69000000e-02 -4.53878814e-02 -2.69000000e-02 -2.33071687e-03 
-2.68000000e-02 -2.68000000e-02 -2.68000000e-02 -4.48667772e-02 -2.68000000e-02 -2.33071735e-03 
-2.67000000e-02 -2.67000000e-02 -2.67000000e-02 -4.43643576e-02 -2.67000000e-02 -2.33071780e-03 
-2.66000000e-02 -2.66000000e-02 -2.66000000e-02 -4.38430384e-02 -2.66000000e-02 -2.33071828e-03 
-2.65000000e-02 -2.65000000e-02 -2.65000000e-02 -4.33030904e-02 -2.65000000e-02 -2.33071879e-03 
-2.64000000e-02 -2.64000000e-02 -2.64000000e-02 -4.27818232e-02 -2.64000000e-02 -2.33071927e-03 
-2.63000000e-02 -2.63000000e-02 -2.63000000e-02 -4.22792577e-02 -2.63000000e-02 -2.33071972e-03 
-2.62000000e-02 -2.62000000e-02 -2.62000000e-02 -4.17577794e-02 -2.62000000e-02 -2.33072020e-03 
-2.61000000e-02 -2.61000000e-02 -2.61000000e-02 -4.12176588e-02 -2.61000000e-02 -2.33072072e-03 
-2.60000000e-02 -2.60000000e-02 -2.60000000e-02 -4.06962357e-02 -2.60000000e-02 -2.33072120e-03 
-2.59000000e-02 -2.59000000e-02 -2.59000000e-02 -4.01935308e-02 -2.59000000e-02 -2.33072165e-03 
-2.58000000e-02 -2.58000000e-02 -2.58000000e-02 -3.96719007e-02 -2.58000000e-02 -2.33072213e-03 
-2.57000000e-02 -2.57000000e-02 -2.57000000e-02 -3.91316153e-02 -2.57000000e-02 -2.33072265e-03 
-2.56000000e-02 -2.56000000e-02 -2.56000000e-02 -3.86100438e-02 -2.56000000e-02 -2.33072314e-03 
-2.55000000e-02 -2.55000000e-02 -2.55000000e-02 -3.81072060e-02 -2.55000000e-02 -2.33072359e-03 
-2.54000000e-02 -2.54000000e-02 -2.54000000e-02 -3.75854315e-02 -2.54000000e-02 -2.33072407e-03 
-2.53000000e-02 -2.53000000e-02 -2.53000000e-02 -3.70449895e-02 -2.53000000e-02 -2.33072459e-03 
-2.52000000e-02 -2.52000000e-02 -2.52000000e-02 -3.65232767e-02 -2.52000000e-02 -2.33072508e-03 
-2.51000000e-02 -2.51000000e-02 -2.51000000e-02 -3.60008212e-02 -2.51000000e-02 -2.33072557e-03 
-2.50000000e-02 -2.50000000e-02 -2.50000000e-02 -3.54790116e-02 -2.50000000e-02 -2.33072606e-03 
-2.49000000e-02 -2.49000000e-02 -2.49000000e-02 -3.49571417e-02 -2.49000000e-02 -2.33072654e-03 
-2.48000000e-02 -2.48000000e-02 -2.48000000e-02 -3.44352638e-02 -2.48000000e-02 -2.33072703e-03 
-2.47000000e-02 -2.47000000e-02 -2.47000000e-02 -3.39133526e-02 -2.47000000e-02 -2.33072752e-03 
-2.46000000e-02 -2.46000000e-02 -2.46000000e-02 -3.33914104e-02 -2.46000000e-02 -2.33072801e-03 
-2.45000000e-02 -2.45000000e-02 -2.45000000e-02 -3.28694369e-02 -2.45000000e-02 -2.33072850e-03 
-2.44000000e-02 -2.44000000e-02 -2.44000000e-02 -3.23474325e-02 -2.44000000e-02 -2.33072899e-03 
-2.43000000e-02 -2.43000000e-02 -2.43000000e-02 -3.18253976e-02 -2.43000000e-02 -2.33072948e-03 
-2.42000000e-02 -2.42000000e-02 -2.42000000e-02 -3.13033327e-02 -2.42000000e-02 -2.33072997e-03 
-2.41000000e-02 -2.41000000e-02 -2.41000000e-02 -3.07812382e-02 -2.41000000e-02 -2.33073046e-03 
-2.40000000e-02 -2.40000000e-02 -2.40000000e-02 -3.02591147e-02 -2.40000000e-02 -2.33073095e-03 
-2.39000000e-02 -2.39000000e-02 -2.39000000e-02 -2.97369626e-02 -2.39000000e-02 -2.33073145e-03 
-2.38000000e-02 -2.38000000e-02 -2.38000000e-02 -2.92147823e-02 -2.38000000e-02 -2.33073194e-03 
-2.37000000e-02 -2.37000000e-02 -2.37000000e-02 -2.86925742e-02 -2.37000000e-02 -2.33073243e-03 
-2.36000000e-02 -2.36000000e-02 -2.36000000e-02 -2.81703389e-02 -2.36000000e-02 -2.33073293e-03 
-2.35000000e-02 -2.35000000e-02 -2.35000000e-02 -2.76480768e-02 -2.35000000e-02 -2.33073342e-03 
-2.34000000e-02 -2.34000000e-02 -2.34000000e-02 -2.71257884e-02 -2.34000000e-02 -2.33073392e-03 
-2.33000000e-02 -2.33000000e-02 -2.33000000e-02 -2.66034741e-02 -2.33000000e-02 -2.33073441e-03 
-2.32000000e-02 -2.32000000e-02 -2.32000000e-02 -2.60811343e-02 -2.32000000e-02 -2.33073491e-03 
-2.31000000e-02 -2.31000000e-02 -2.31000000e-02 -2.55587696e-02 -2.31000000e-02 -2.33073540e-03 
-2.30000000e-02 -2.30000000e-02 -2.30000000e-02 -2.50363803e-02 -2.30000000e-02 -2.33073590e-03 
-2.29000000e-02 -2.29000000e-02 -2.29000000e-02 -2.45139670e-02 -2.29000000e-02 -2.33073640e-03 
-2.28000000e-02 -2.28000000e-02 -2.28000000e-02 -2.39915301e-02 -2.28000000e-02 -2.33073690e-03 
-2.27000000e-02 -2.27000000e-02 -2.27000000e-02 -2.34690700e-02 -2.27000000e-02 -2.33073739e-03 
-2.26000000e-02 -2.26000000e-02 -2.26000000e-02 -2.29402350e-02 -2.26000000e-02 -2.33073790e-03 
-2.25000000e-02 -2.25000000e-02 -2.25000000e-02 -2.24177328e-02 -2.25000000e-02 -2.33073840e-03 
-2.24000000e-02 -2.24000000e-02 -2.24000000e-02 -2.18951296e-02 -2.24000000e-02 -2.33073890e-03 
-2.23000000e-02 -2.23000000e-02 -2.23000000e-02 -2.13725804e-02 -2.23000000e-02 -2.33073940e-03 
-2.22000000e-02 -2.22000000e-02 -2.22000000e-02 -2.08500094e-02 -2.22000000e-02 -2.33073990e-03 
-2.21000000e-02 -2.21000000e-02 -2.21000000e-02 -2.03274189e-02 -2.21000000e-02 -2.33074040e-03 
-2.20000000e-02 -2.20000000e-02 -2.20000000e-02 -1.98048085e-02 -2.20000000e-02 -2.33074090e-03 
-2.19000000e-02 -2.19000000e-02 -2.19000000e-02 -1.92821785e-02 -2.19000000e-02 -2.33074141e-03 
-2.18000000e-02 -2.18000000e-02 -2.18000000e-02 -1.87575066e-02 -2.18000000e-02 -2.33074191e-03 
-2.17000000e-02 -2.17000000e-02 -2.17000000e-02 -1.82348390e-02 -2.17000000e-02 -2.33074242e-03 
-2.16000000e-02 -2.16000000e-02 -2.16000000e-02 -1.77121451e-02 -2.16000000e-02 -2.33074292e-03 
-2.15000000e-02 -2.15000000e-02 -2.15000000e-02 -1.71887869e-02 -2.15000000e-02 -2.33074343e-03 
-2.14000000e-02 -2.14000000e-02 -2.14000000e-02 -1.66658525e-02 -2.14000000e-02 -2.33074393e-03 
-2.13000000e-02 -2.13000000e-02 -2.13000000e-02 -1.61439804e-02 -2.13000000e-02 -2.33074443e-03 
-2.12000000e-02 -2.12000000e-02 -2.12000000e-02 -1.56212254e-02 -2.12000000e-02 -2.33074494e-03 
-2.11000000e-02 -2.11000000e-02 -2.11000000e-02 -1.50984590e-02 -2.11000000e-02 -2.33074545e-03 
-2.10000000e-02 -2.10000000e-02 -2.10000000e-02 -1.45756739e-02 -2.10000000e-02 -2.33074595e-03 
-2.09000000e-02 -2.09000000e-02 -2.09000000e-02 -1.40548851e-02 -2.09000000e-02 -2.33074646e-03 
-2.08000000e-02 -2.08000000e-02 -2.08000000e-02 -1.35320698e-02 -2.08000000e-02 -2.33074697e-03 
-2.07000000e-02 -2.07000000e-02 -2.07000000e-02 -1.30092655e-02 -2.07000000e-02 -2.33074748e-03 
-2.06000000e-02 -2.06000000e-02 -2.06000000e-02 -1.24864238e-02 -2.06000000e-02 -2.33074798e-03 
-2.05000000e-02 -2.05000000e-02 -2.05000000e-02 -1.19635693e-02 -2.05000000e-02 -2.33074849e-03 
-2.04000000e-02 -2.04000000e-02 -2.04000000e-02 -1.14407018e-02 -2.04000000e-02 -2.33074900e-03 
-2.03000000e-02 -2.03000000e-02 -2.03000000e-02 -1.09178222e-02 -2.03000000e-02 -2.33074952e-03 
-2.02000000e-02 -2.02000000e-02 -2.02000000e-02 -1.03949309e-02 -2.02000000e-02 -2.33075003e-03 
-2.01000000e-02 -2.01000000e-02 -2.01000000e-02 -9.87202821e-03 -2.01000000e-02 -2.33075054e-03 
-2.00000000e-02 -2.00000000e-02 -2.00000000e-02 -9.34911475e-03 -2.00000000e-02 -2.33075105e-03 
-1.99000000e-02 -1.99000000e-02 -1.99000000e-02 -8.82619092e-03 -1.99000000e-02 -2.33075156e-03 
-1.98000000e-02 -1.98000000e-02 -1.98000000e-02 -8.30325718e-03 -1.98000000e-02 -2.33075208e-03 
-1.97000000e-02 -1.97000000e-02 -1.97000000e-02 -7.78031399e-03 -1.97000000e-02 -2.33075259e-03 
-1.96000000e-02 -1.96000000e-02 -1.96000000e-02 -7.25736181e-03 -1.96000000e-02 -2.33075310e-03 
-1.95000000e-02 -1.95000000e-02 -1.95000000e-02 -6.73440107e-03 -1.95000000e-02 -2.33075362e-03 
-1.94000000e-02 -1.94000000e-02 -1.94000000e-02 -6.21143226e-03 -1.94000000e-02 -2.33075414e-03 
-1.93000000e-02 -1.93000000e-02 -1.93000000e-02 -5.68845581e-03 -1.93000000e-02 -2.33075465e-03 
-1.92000000e-02 -1.92000000e-02 -1.92000000e-02 -5.16547219e-03 -1.92000000e-02 -2.33075517e-03 
-1.91000000e-02 -1.91000000e-02 -1.91000000e-02 -4.64248184e-03 -1.91000000e-02 -2.33075568e-03 
-1.90000000e-02 -1.90000000e-02 -1.90000000e-02 -4.11948524e-03 -1.90000000e-02 -2.33075620e-03 
-1.89000000e-02 -1.89000000e-02 -1.89000000e-02 -3.59648282e-03 -1.89000000e-02 -2.33075672e-03 
-1.88000000e-02 -1.88000000e-02 -1.88000000e-02 -3.07347506e-03 -1.88000000e-02 -2.33075724e-03 
-1.87000000e-02 -1.87000000e-02 -1.87000000e-02 -2.55046239e-03 -1.87000000e-02 -2.33075776e-03 
-1.86000000e-02 -1.86000000e-02 -1.86000000e-02 -2.02744529e-03 -1.86000000e-02 -2.33075828e-03 
-1.85000000e-02 -1.85000000e-02 -1.85000000e-02 -1.50442420e-03 -1.85000000e-02 -2.33075880e-03 
-1.84000000e-02 -1.84000000e-02 -1.84000000e-02 -9.81399578e-04 -1.84000000e-02 -2.33075932e-03 
-1.83000000e-02 -1.83000000e-02 -1.83000000e-02 -4.58371884e-04 -1.83000000e-02 -2.33075984e-03 
-1.82000000e-02 -1.82000000e-02 -1.82000000e-02  5.84249124e-05 -1.82000000e-02 -2.33076036e-03 
-1.81000000e-02 -1.81000000e-02 -1.81000000e-02  5.81467502e-04 -1.81000000e-02 -2.33076088e-03 
-1.80000000e-02 -1.80000000e-02 -1.80000000e-02  1.10427412e-03 -1.80000000e-02 -2.33076140e-03 
-1.79000000e-02 -1.79000000e-02 -1.79000000e-02  1.62731001e-03 -1.79000000e-02 -2.33076192e-03 
-1.78000000e-02 -1.78000000e-02 -1.78000000e-02  2.15033768e-03 -1.78000000e-02 -2.33076245e-03 
-1.77000000e-02 -1.77000000e-02 -1.77000000e-02  2.67337403e-03 -1.77000000e-02 -2.33076297e-03 
-1.76000000e-02 -1.76000000e-02 -1.76000000e-02  3.19640994e-03 -1.76000000e-02 -2.33076350e-03 
-1.75000000e-02 -1.75000000e-02 -1.75000000e-02  3.69988670e-03 -1.75000000e-02 -2.33076400e-03 
-1.74000000e-02 -1.74000000e-02 -1.74000000e-02  4.22301492e-03 -1.74000000e-02 -2.33076452e-03 
-1.73000000e-02 -1.73000000e-02 -1.73000000e-02  4.74386947e-03 -1.73000000e-02 -2.33076505e-03 
-1.72000000e-02 -1.72000000e-02 -1.72000000e-02  5.26692129e-03 -1.72000000e-02 -2.33076558e-03 
-1.71000000e-02 -1.71000000e-02 -1.71000000e-02  5.78970775e-03 -1.71000000e-02 -2.33076610e-03 
-1.70000000e-02 -1.70000000e-02 -1.70000000e-02  6.31273754e-03 -1.70000000e-02 -2.33076663e-03 
-1.69000000e-02 -1.69000000e-02 -1.69000000e-02  6.83573370e-03 -1.69000000e-02 -2.33076716e-03 
-1.68000000e-02 -1.68000000e-02 -1.68000000e-02  7.35875371e-03 -1.68000000e-02 -2.33076769e-03 
-1.67000000e-02 -1.67000000e-02 -1.67000000e-02  7.88176608e-03 -1.67000000e-02 -2.33076822e-03 
-1.66000000e-02 -1.66000000e-02 -1.66000000e-02  8.40477693e-03 -1.66000000e-02 -2.33076875e-03 
-1.65000000e-02 -1.65000000e-02 -1.65000000e-02  8.92778232e-03 -1.65000000e-02 -2.33076928e-03 
-1.64000000e-02 -1.64000000e-02 -1.64000000e-02  9.45078254e-03 -1.64000000e-02 -2.33076981e-03 
-1.63000000e-02 -1.63000000e-02 -1.63000000e-02  9.97377675e-03 -1.63000000e-02 -2.33077035e-03 
-1.62000000e-02 -1.62000000e-02 -1.62000000e-02  1.04967646e-02 -1.62000000e-02 -2.33077088e-03 
-1.61000000e-02 -1.61000000e-02 -1.61000000e-02  1.10197455e-02 -1.61000000e-02 -2.33077141e-03 
-1.60000000e-02 -1.60000000e-02 -1.60000000e-02  1.15427191e-02 -1.60000000e-02 -2.33077195e-03 
-1.59000000e-02 -1.59000000e-02 -1.59000000e-02  1.20656850e-02 -1.59000000e-02 -2.33077248e-03 
-1.58000000e-02 -1.58000000e-02 -1.58000000e-02  1.25886426e-02 -1.58000000e-02 -2.33077302e-03 
-1.57000000e-02 -1.57000000e-02 -1.57000000e-02  1.31115914e-02 -1.57000000e-02 -2.33077355e-03 
-1.56000000e-02 -1.56000000e-02 -1.56000000e-02  1.36345312e-02 -1.56000000e-02 -2.33077409e-03 
-1.55000000e-02 -1.55000000e-02 -1.55000000e-02  1.41574613e-02 -1.55000000e-02 -2.33077462e-03 
-1.54000000e-02 -1.54000000e-02 -1.54000000e-02  1.46803813e-02 -1.54000000e-02 -2.33077516e-03 
-1.53000000e-02 -1.53000000e-02 -1.53000000e-02  1.52032908e-02 -1.53000000e-02 -2.33077570e-03 
-1.52000000e-02 -1.52000000e-02 -1.52000000e-02  1.57261893e-02 -1.52000000e-02 -2.33077624e-03 
-1.51000000e-02 -1.51000000e-02 -1.51000000e-02  1.62490764e-02 -1.51000000e-02 -2.33077678e-03 
-1.50000000e-02 -1.50000000e-02 -1.50000000e-02  1.67719516e-02 -1.50000000e-02 -2.33077732e-03 
-1.49000000e-02 -1.49000000e-02 -1.49000000e-02  1.72948145e-02 -1.49000000e-02 -2.33077785e-03 
-1.48000000e-02 -1.48000000e-02 -1.48000000e-02  1.78176645e-02 -1.48000000e-02 -2.33077840e-03 
-1.47000000e-02 -1.47000000e-02 -1.47000000e-02  1.83405013e-02 -1.47000000e-02 -2.33077894e-03 
-1.46000000e-02 -1.46000000e-02 -1.46000000e-02  1.88633243e-02 -1.46000000e-02 -2.33077948e-03 
-1.45000000e-02 -1.45000000e-02 -1.45000000e-02  1.93861332e-02 -1.45000000e-02 -2.33078002e-03 
-1.44000000e-02 -1.44000000e-02 -1.44000000e-02  1.99089274e-02 -1.44000000e-02 -2.33078056e-03 
-1.43000000e-02 -1.43000000e-02 -1.43000000e-02  2.04317066e-02 -1.43000000e-02 -2.33078111e-03 
-1.42000000e-02 -1.42000000e-02 -1.42000000e-02  2.09544702e-02 -1.42000000e-02 -2.33078165e-03 
-1.41000000e-02 -1.41000000e-02 -1.41000000e-02  2.14772177e-02 -1.41000000e-02 -2.33078219e-03 
-1.40000000e-02 -1.40000000e-02 -1.40000000e-02  2.19999489e-02 -1.40000000e-02 -2.33078274e-03 
-1.39000000e-02 -1.39000000e-02 -1.39000000e-02  2.25226631e-02 -1.39000000e-02 -2.33078328e-03 
-1.38000000e-02 -1.38000000e-02 -1.38000000e-02  2.30453599e-02 -1.38000000e-02 -2.33078383e-03 
-1.37000000e-02 -1.37000000e-02 -1.37000000e-02  2.35680389e-02 -1.37000000e-02 -2.33078438e-03 
-1.36000000e-02 -1.36000000e-02 -1.36000000e-02  2.40906997e-02 -1.36000000e-02 -2.33078492e-03 
-1.35000000e-02 -1.35000000e-02 -1.35000000e-02  2.46133416e-02 -1.35000000e-02 -2.33078547e-03 
-1.34000000e-02 -1.34000000e-02 -1.34000000e-02  2.51359644e-02 -1.34000000e-02 -2.33078602e-03 
-1.33000000e-02 -1.33000000e-02 -1.33000000e-02  2.56585675e-02 -1.33000000e-02 -2.33078657e-03 
-1.32000000e-02 -1.32000000e-02 -1.32000000e-02  2.61811505e-02 -1.32000000e-02 -2.33078711e-03 
-1.31000000e-02 -1.31000000e-02 -1.31000000e-02  2.67037129e-02 -1.31000000e-02 -2.33078766e-03 
-1.30000000e-02 -1.30000000e-02 -1.30000000e-02  2.72262543e-02 -1.30000000e-02 -2.33078821e-03 
-1.29000000e-02 -1.29000000e-02 -1.29000000e-02  2.77487742e-02 -1.29000000e-02 -2.33078876e-03 
-1.28000000e-02 -1.28000000e-02 -1.28000000e-02  2.82712722e-02 -1.28000000e-02 -2.33078932e-03 
-1.27000000e-02 -1.27000000e-02 -1.27000000e-02  2.87937477e-02 -1.27000000e-02 -2.33078987e-03 
-1.26000000e-02 -1.26000000e-02 -1.26000000e-02  2.93162004e-02 -1.26000000e-02 -2.33079042e-03 
-1.25000000e-02 -1.25000000e-02 -1.25000000e-02  2.98386298e-02 -1.25000000e-02 -2.33079097e-03 
-1.24000000e-02 -1.24000000e-02 -1.24000000e-02  3.03610354e-02 -1.24000000e-02 -2.33079153e-03 
-1.23000000e-02 -1.23000000e-02 -1.23000000e-02  3.08834168e-02 -1.23000000e-02 -2.33079208e-03 
-1.22000000e-02 -1.22000000e-02 -1.22000000e-02  3.14057735e-02 -1.22000000e-02 -2.33079263e-03 
-1.21000000e-02 -1.21000000e-02 -1.21000000e-02  3.19281050e-02 -1.21000000e-02 -2.33079319e-03 
-1.20000000e-02 -1.20000000e-02 -1.20000000e-02  3.24504110e-02 -1.20000000e-02 -2.33079374e-03 
-1.19000000e-02 -1.19000000e-02 -1.19000000e-02  3.29726908e-02 -1.19000000e-02 -2.33079430e-03 
-1.18000000e-02 -1.18000000e-02 -1.18000000e-02  3.34949442e-02 -1.18000000e-02 -2.33079486e-03 
-1.17000000e-02 -1.17000000e-02 -1.17000000e-02  3.40171705e-02 -1.17000000e-02 -2.33079541e-03 
-1.16000000e-02 -1.16000000e-02 -1.16000000e-02  3.45393695e-02 -1.16000000e-02 -2.33079597e-03 
-1.15000000e-02 -1.15000000e-02 -1.15000000e-02  3.50615405e-02 -1.15000000e-02 -2.33079653e-03 
-1.14000000e-02 -1.14000000e-02 -1.14000000e-02  3.55836832e-02 -1.14000000e-02 -2.33079709e-03 
-1.13000000e-02 -1.13000000e-02 -1.13000000e-02  3.61057971e-02 -1.13000000e-02 -2.33079764e-03 
-1.12000000e-02 -1.12000000e-02 -1.12000000e-02  3.66278817e-02 -1.12000000e-02 -2.33079820e-03 
-1.11000000e-02 -1.11000000e-02 -1.11000000e-02  3.71499365e-02 -1.11000000e-02 -2.33079876e-03 
-1.10000000e-02 -1.10000000e-02 -1.10000000e-02  3.76719612e-02 -1.10000000e-02 -2.33079932e-03 
-1.09000000e-02 -1.09000000e-02 -1.09000000e-02  3.81939553e-02 -1.09000000e-02 -2.33079989e-03 
-1.08000000e-02 -1.08000000e-02 -1.08000000e-02  3.87159182e-02 -1.08000000e-02 -2.33080045e-03 
-1.07000000e-02 -1.07000000e-02 -1.07000000e-02  3.92378496e-02 -1.07000000e-02 -2.33080101e-03 
-1.06000000e-02 -1.06000000e-02 -1.06000000e-02  3.97597489e-02 -1.06000000e-02 -2.33080157e-03 
-1.05000000e-02 -1.05000000e-02 -1.05000000e-02  4.02816158e-02 -1.05000000e-02 -2.33080213e-03 
-1.04000000e-02 -1.04000000e-02 -1.04000000e-02  4.08034498e-02 -1.04000000e-02 -2.33080270e-03 
-1.03000000e-02 -1.03000000e-02 -1.03000000e-02  4.13252503e-02 -1.03000000e-02 -2.33080326e-03 
-1.02000000e-02 -1.02000000e-02 -1.02000000e-02  4.18470170e-02 -1.02000000e-02 -2.33080383e-03 
-1.01000000e-02 -1.01000000e-02 -1.01000000e-02  4.23687494e-02 -1.01000000e-02 -2.33080439e-03 
-1.00000000e-02 -1.00000000e-02 -1.00000000e-02  4.28904470e-02 -1.00000000e-02 -2.33080496e-03 
-9.90000000e-03 -9.90000000e-03 -9.90000000e-03  4.34121094e-02 -9.90000000e-03 -2.33080552e-03 
-9.80000000e-03 -9.80000000e-03 -9.80000000e-03  4.39337360e-02 -9.80000000e-03 -2.33080609e-03 
-9.70000000e-03 -9.70000000e-03 -9.70000000e-03  4.44553266e-02 -9.70000000e-03 -2.33080666e-03 
-9.60000000e-03 -9.60000000e-03 -9.60000000e-03  4.49768805e-02 -9.60000000e-03 -2.33080722e-03 
-9.50000000e-03 -9.50000000e-03 -9.50000000e-03  4.54983973e-02 -9.50000000e-03 -2.33080779e-03 
-9.40000000e-03 -9.40000000e-03 -9.40000000e-03  4.60198766e-02 -9.40000000e-03 -2.33080836e-03 
-9.30000000e-03 -9.30000000e-03 -9.30000000e-03  4.65413179e-02 -9.30000000e-03 -2.33080893e-03 
-9.20000000e-03 -9.20000000e-03 -9.20000000e-03  4.69987044e-02 -9.20000000e-03 -2.33080948e-03 
-9.10000000e-03 -9.10000000e-03 -9.10000000e-03  4.75210851e-02 -9.10000000e-03 -2.33081002e-03 
-9.00000000e-03 -9.00000000e-03 -9.00000000e-03  4.80984334e-02 -9.00000000e-03 -2.33081063e-03 
-8.90000000e-03 -8.90000000e-03 -8.90000000e-03  4.86197903e-02 -8.90000000e-03 -2.33081120e-03 
-8.80000000e-03 -8.80000000e-03 -8.80000000e-03  4.90817052e-02 -8.80000000e-03 -2.33081176e-03 
-8.70000000e-03 -8.70000000e-03 -8.70000000e-03  4.96038592e-02 -8.70000000e-03 -2.33081230e-03 
-8.60000000e-03 -8.60000000e-03 -8.60000000e-03  5.01831018e-02 -8.60000000e-03 -2.33081292e-03 
-8.50000000e-03 -8.50000000e-03 -8.50000000e-03  5.07042724e-02 -8.50000000e-03 -2.33081349e-03 
-8.40000000e-03 -8.40000000e-03 -8.40000000e-03  5.11662610e-02 -8.40000000e-03 -2.33081405e-03 
-8.30000000e-03 -8.30000000e-03 -8.30000000e-03  5.16882025e-02 -8.30000000e-03 -2.33081460e-03 
-8.20000000e-03 -8.20000000e-03 -8.20000000e-03  5.22673351e-02 -8.20000000e-03 -2.33081521e-03 
-8.10000000e-03 -8.10000000e-03 -8.10000000e-03  5.27883291e-02 -8.10000000e-03 -2.33081579e-03 
-8.00000000e-03 -8.00000000e-03 -8.00000000e-03  5.32502135e-02 -8.00000000e-03 -2.33081635e-03 
-7.90000000e-03 -7.90000000e-03 -7.90000000e-03  5.37719419e-02 -7.90000000e-03 -2.33081690e-03 
-7.80000000e-03 -7.80000000e-03 -7.80000000e-03  5.43508806e-02 -7.80000000e-03 -2.33081751e-03 
-7.70000000e-03 -7.70000000e-03 -7.70000000e-03  5.48716917e-02 -7.70000000e-03 -2.33081809e-03 
-7.60000000e-03 -7.60000000e-03 -7.60000000e-03  5.53334599e-02 -7.60000000e-03 -2.33081865e-03 
-7.50000000e-03 -7.50000000e-03 -7.50000000e-03  5.58549684e-02 -7.50000000e-03 -2.33081921e-03 
-7.40000000e-03 -7.40000000e-03 -7.40000000e-03  5.64337009e-02 -7.40000000e-03 -2.33081982e-03 
-7.30000000e-03 -7.30000000e-03 -7.30000000e-03  5.69543221e-02 -7.30000000e-03 -2.33082040e-03 
-7.20000000e-03 -7.20000000e-03 -7.20000000e-03  5.74159680e-02 -7.20000000e-03 -2.33082096e-03 
-7.10000000e-03 -7.10000000e-03 -7.10000000e-03  5.79372497e-02 -7.10000000e-03 -2.33082152e-03 
-7.00000000e-03 -7.00000000e-03 -7.00000000e-03  5.85157661e-02 -7.00000000e-03 -2.33082214e-03 
-6.90000000e-03 -6.90000000e-03 -6.90000000e-03  5.90361903e-02 -6.90000000e-03 -2.33082272e-03 
-6.80000000e-03 -6.80000000e-03 -6.80000000e-03  5.94977082e-02 -6.80000000e-03 -2.33082329e-03 
-6.70000000e-03 -6.70000000e-03 -6.70000000e-03  6.00187562e-02 -6.70000000e-03 -2.33082384e-03 
-6.60000000e-03 -6.60000000e-03 -6.60000000e-03  6.05970468e-02 -6.60000000e-03 -2.33082446e-03 
-6.50000000e-03 -6.50000000e-03 -6.50000000e-03  6.10390619e-02 -6.50000000e-03 -2.33082502e-03 
-6.40000000e-03 -6.40000000e-03 -6.40000000e-03  6.15795770e-02 -6.40000000e-03 -2.33082558e-03 
-6.30000000e-03 -6.30000000e-03 -6.30000000e-03  6.21553015e-02 -6.30000000e-03 -2.33082620e-03 
-6.20000000e-03 -6.20000000e-03 -6.20000000e-03  6.25995712e-02 -6.20000000e-03 -2.33082677e-03 
-6.10000000e-03 -6.10000000e-03 -6.10000000e-03  6.31389186e-02 -6.10000000e-03 -2.33082734e-03 
-6.00000000e-03 -6.00000000e-03 -6.00000000e-03  6.37153193e-02 -6.00000000e-03 -2.33082796e-03 
-5.90000000e-03 -5.90000000e-03 -5.90000000e-03  6.41591244e-02 -5.90000000e-03 -2.33082852e-03 
-5.80000000e-03 -5.80000000e-03 -5.80000000e-03  6.46986331e-02 -5.80000000e-03 -2.33082909e-03 
-5.70000000e-03 -5.70000000e-03 -5.70000000e-03  6.51922558e-02 -5.70000000e-03 -2.33082971e-03 
-5.60000000e-03 -5.60000000e-03 -5.60000000e-03  6.57196390e-02 -5.60000000e-03 -2.33083024e-03 
-5.50000000e-03 -5.50000000e-03 -5.50000000e-03  6.63133211e-02 -5.50000000e-03 -2.33083088e-03 
-5.40000000e-03 -5.40000000e-03 -5.40000000e-03  6.67518590e-02 -5.40000000e-03 -2.33083144e-03 
-5.30000000e-03 -5.30000000e-03 -5.30000000e-03  6.72966054e-02 -5.30000000e-03 -2.33083203e-03 
-5.20000000e-03 -5.20000000e-03 -5.20000000e-03  6.77886533e-02 -5.20000000e-03 -2.33083263e-03 
-5.10000000e-03 -5.10000000e-03 -5.10000000e-03  6.83170816e-02 -5.10000000e-03 -2.33083319e-03 
-5.00000000e-03 -5.00000000e-03 -5.00000000e-03  6.88266208e-02 -5.00000000e-03 -2.33083382e-03 
-4.90000000e-03 -4.90000000e-03 -4.90000000e-03  6.93498938e-02 -4.90000000e-03 -2.33083435e-03 
-4.80000000e-03 -4.80000000e-03 -4.80000000e-03  6.98646647e-02 -4.80000000e-03 -2.33083502e-03 
-4.70000000e-03 -4.70000000e-03 -4.70000000e-03  7.03868264e-02 -4.70000000e-03 -2.33083550e-03 
-4.60000000e-03 -4.60000000e-03 -4.60000000e-03  7.09871929e-02 -4.60000000e-03 -2.33083617e-03 
-4.50000000e-03 -4.50000000e-03 -4.50000000e-03  7.14236261e-02 -4.50000000e-03 -2.33083672e-03 
-4.40000000e-03 -4.40000000e-03 -4.40000000e-03  7.19696411e-02 -4.40000000e-03 -2.33083735e-03 
-4.30000000e-03 -4.30000000e-03 -4.30000000e-03  7.24613149e-02 -4.30000000e-03 -2.33083791e-03 
-4.20000000e-03 -4.20000000e-03 -4.20000000e-03  7.29889081e-02 -4.20000000e-03 -2.33083853e-03 
-4.10000000e-03 -4.10000000e-03 -4.10000000e-03  7.34991118e-02 -4.10000000e-03 -2.33083909e-03 
-4.00000000e-03 -4.00000000e-03 -4.00000000e-03  7.40202224e-02 -4.00000000e-03 -2.33083973e-03 
-3.90000000e-03 -3.90000000e-03 -3.90000000e-03  7.45368438e-02 -3.90000000e-03 -2.33084026e-03 
-3.80000000e-03 -3.80000000e-03 -3.80000000e-03  7.50552747e-02 -3.80000000e-03 -2.33084093e-03 
-3.70000000e-03 -3.70000000e-03 -3.70000000e-03  7.55745206e-02 -3.70000000e-03 -2.33084142e-03 
-3.60000000e-03 -3.60000000e-03 -3.60000000e-03  7.60912164e-02 -3.60000000e-03 -2.33084215e-03 
-3.50000000e-03 -3.50000000e-03 -3.50000000e-03  7.66122488e-02 -3.50000000e-03 -2.33084257e-03 
-3.40000000e-03 -3.40000000e-03 -3.40000000e-03  7.72118501e-02 -3.40000000e-03 -2.33084327e-03 
-3.30000000e-03 -3.30000000e-03 -3.30000000e-03  7.76483179e-02 -3.30000000e-03 -2.33084381e-03 
-3.20000000e-03 -3.20000000e-03 -3.20000000e-03  7.81927549e-02 -3.20000000e-03 -2.33084449e-03 
-3.10000000e-03 -3.10000000e-03 -3.10000000e-03  7.86848454e-02 -3.10000000e-03 -2.33084499e-03 
-3.00000000e-03 -3.00000000e-03 -3.00000000e-03  7.92102104e-02 -3.00000000e-03 -2.33084571e-03 
-2.90000000e-03 -2.90000000e-03 -2.90000000e-03  7.97215442e-02 -2.90000000e-03 -2.33084615e-03 
-2.80000000e-03 -2.80000000e-03 -2.80000000e-03  8.03218586e-02 -2.80000000e-03 -2.33084684e-03 
-2.70000000e-03 -2.70000000e-03 -2.70000000e-03  8.07568752e-02 -2.70000000e-03 -2.33084739e-03 
-2.60000000e-03 -2.60000000e-03 -2.60000000e-03  8.13013711e-02 -2.60000000e-03 -2.33084807e-03 
-2.50000000e-03 -2.50000000e-03 -2.50000000e-03  8.17925764e-02 -2.50000000e-03 -2.33084858e-03 
-2.40000000e-03 -2.40000000e-03 -2.40000000e-03  8.23179166e-02 -2.40000000e-03 -2.33084929e-03 
-2.30000000e-03 -2.30000000e-03 -2.30000000e-03  8.28283690e-02 -2.30000000e-03 -2.33084975e-03 
-2.20000000e-03 -2.20000000e-03 -2.20000000e-03  8.34284166e-02 -2.20000000e-03 -2.33085043e-03 
-2.10000000e-03 -2.10000000e-03 -2.10000000e-03  8.38629490e-02 -2.10000000e-03 -2.33085099e-03 
-2.00000000e-03 -2.00000000e-03 -2.00000000e-03  8.44071660e-02 -2.00000000e-03 -2.33085165e-03 
-1.90000000e-03 -1.90000000e-03 -1.90000000e-03  8.48977935e-02 -1.90000000e-03 -2.33085218e-03 
-1.80000000e-03 -1.80000000e-03 -1.80000000e-03  8.54229896e-02 -1.80000000e-03 -2.33085287e-03 
-1.70000000e-03 -1.70000000e-03 -1.70000000e-03  8.59326450e-02 -1.70000000e-03 -2.33085336e-03 
-1.60000000e-03 -1.60000000e-03 -1.60000000e-03  8.64507419e-02 -1.60000000e-03 -2.33085411e-03 
-1.50000000e-03 -1.50000000e-03 -1.50000000e-03  8.69675293e-02 -1.50000000e-03 -2.33085451e-03 
-1.40000000e-03 -1.40000000e-03 -1.40000000e-03  8.75654918e-02 -1.40000000e-03 -2.33085522e-03 
-1.30000000e-03 -1.30000000e-03 -1.30000000e-03  8.80010020e-02 -1.30000000e-03 -2.33085577e-03 
-1.20000000e-03 -1.20000000e-03 -1.20000000e-03  8.85435428e-02 -1.20000000e-03 -2.33085648e-03 
-1.10000000e-03 -1.10000000e-03 -1.10000000e-03  8.90347475e-02 -1.10000000e-03 -2.33085696e-03 
-1.00000000e-03 -1.00000000e-03 -1.00000000e-03  8.95581529e-02 -1.00000000e-03 -2.33085773e-03 
-9.00000000e-04 -9.00000000e-04 -9.00000000e-04  9.00686520e-02 -9.00000000e-04 -2.33085811e-03 
-8.00000000e-04 -8.00000000e-04 -8.00000000e-04  9.06664188e-02 -8.00000000e-04 -2.33085884e-03 
-7.00000000e-04 -7.00000000e-04 -7.00000000e-04  9.11012324e-02 -7.00000000e-04 -2.33085937e-03 
-6.00000000e-04 -6.00000000e-04 -6.00000000e-04  9.16431489e-02 -6.00000000e-04 -2.33086011e-03 
-5.00000000e-04 -5.00000000e-04 -5.00000000e-04  9.21340713e-02 -5.00000000e-04 -2.33086056e-03 
-4.00000000e-04 -4.00000000e-04 -4.00000000e-04  9.27339667e-02 -4.00000000e-04 -2.33086126e-03 
-3.00000000e-04 -3.00000000e-04 -3.00000000e-04  9.31660394e-02 -3.00000000e-04 -2.33086181e-03 
-2.00000000e-04 -2.00000000e-04 -2.00000000e-04  9.37087985e-02 -2.00000000e-04 -2.33086251e-03 
-1.00000000e-04 -1.00000000e-04 -1.00000000e-04  9.41981709e-02 -1.00000000e-04 -2.33086300e-03 
 6.90175998e-16  8.88178420e-16  6.90175998e-16  9.47214545e-02  6.90175998e-16 -2.33086376e-03 
 1.00000000e-04  1.00000000e-04  1.00000000e-04  9.52303570e-02  1.00000000e-04 -2.33086417e-03 
 2.00000000e-04  2.00000000e-04  2.00000000e-04  9.58274813e-02  2.00000000e-04 -2.33086488e-03 
 3.00000000e-04  3.00000000e-04  3.00000000e-04  9.62614658e-02  3.00000000e-04 -2.33086543e-03 
 4.00000000e-04  4.00000000e-04  4.00000000e-04  9.68027544e-02  4.00000000e-04 -2.33086615e-03 
 5.00000000e-04  5.00000000e-04  5.00000000e-04  9.72926545e-02  5.00000000e-04 -2.33086662e-03 
 6.00000000e-04  6.00000000e-04  6.00000000e-04  9.78916773e-02  6.00000000e-04 -2.33086731e-03 
 7.00000000e-04  7.00000000e-04  7.00000000e-04  9.83231100e-02  7.00000000e-04 -2.33086787e-03 
 8.00000000e-04  8.00000000e-04  8.00000000e-04  9.88650430e-02  8.00000000e-04 -2.33086857e-03 
 9.00000000e-04  9.00000000e-04  9.00000000e-04  9.93535670e-02  9.00000000e-04 -2.33086907e-03 
 1.00000000e-03  1.00000000e-03  1.00000000e-03  9.98762264e-02  1.00000000e-03 -2.33086982e-03 
 1.10000000e-03  1.10000000e-03  1.10000000e-03  1.00383985e-01  1.10000000e-03 -2.33087025e-03 
 1.20000000e-03  1.20000000e-03  1.20000000e-03  1.00980205e-01  1.20000000e-03 -2.33087095e-03 
 1.30000000e-03  1.30000000e-03  1.30000000e-03  1.01413515e-01  1.30000000e-03 -2.33087151e-03 
 1.40000000e-03  1.40000000e-03  1.40000000e-03  1.01953947e-01  1.40000000e-03 -2.33087222e-03 
 1.50000000e-03  1.50000000e-03  1.50000000e-03  1.02442966e-01  1.50000000e-03 -2.33087270e-03 
 1.60000000e-03  1.60000000e-03  1.60000000e-03  1.03040902e-01  1.60000000e-03 -2.33087339e-03 
 1.70000000e-03  1.70000000e-03  1.70000000e-03  1.03471794e-01  1.70000000e-03 -2.33087395e-03 
 1.80000000e-03  1.80000000e-03  1.80000000e-03  1.04012708e-01  1.80000000e-03 -2.33087465e-03 
 1.90000000e-03  1.90000000e-03  1.90000000e-03  1.04500482e-01  1.90000000e-03 -2.33087516e-03 
 2.00000000e-03  2.00000000e-03  2.00000000e-03  1.05022291e-01  2.00000000e-03 -2.33087591e-03 
 2.10000000e-03  2.10000000e-03  2.10000000e-03  1.05529072e-01  2.10000000e-03 -2.33087633e-03 
 2.20000000e-03  2.20000000e-03  2.20000000e-03  1.06124146e-01  2.20000000e-03 -2.33087704e-03 
 2.30000000e-03  2.30000000e-03  2.30000000e-03  1.06556912e-01  2.30000000e-03 -2.33087760e-03 
 2.40000000e-03  2.40000000e-03  2.40000000e-03  1.07096262e-01  2.40000000e-03 -2.33087832e-03 
 2.50000000e-03  2.50000000e-03  2.50000000e-03  1.07584537e-01  2.50000000e-03 -2.33087879e-03 
 2.60000000e-03  2.60000000e-03  2.60000000e-03  1.08181168e-01  2.60000000e-03 -2.33087948e-03 
 2.70000000e-03  2.70000000e-03  2.70000000e-03  1.08611619e-01  2.70000000e-03 -2.33088005e-03 
 2.80000000e-03  2.80000000e-03  2.80000000e-03  1.09151321e-01  2.80000000e-03 -2.33088076e-03 
 2.90000000e-03  2.90000000e-03  2.90000000e-03  1.09638444e-01  2.90000000e-03 -2.33088125e-03 
 3.00000000e-03  3.00000000e-03  3.00000000e-03  1.10159176e-01  3.00000000e-03 -2.33088203e-03 
 3.10000000e-03  3.10000000e-03  3.10000000e-03  1.10665144e-01  3.10000000e-03 -2.33088242e-03 
 3.20000000e-03  3.20000000e-03  3.20000000e-03  1.11258829e-01  3.20000000e-03 -2.33088314e-03 
 3.30000000e-03  3.30000000e-03  3.30000000e-03  1.11691183e-01  3.30000000e-03 -2.33088370e-03 
 3.40000000e-03  3.40000000e-03  3.40000000e-03  1.12229229e-01  3.40000000e-03 -2.33088445e-03 
 3.50000000e-03  3.50000000e-03  3.50000000e-03  1.12716887e-01  3.50000000e-03 -2.33088489e-03 
 3.60000000e-03  3.60000000e-03  3.60000000e-03  1.13312000e-01  3.60000000e-03 -2.33088559e-03 
 3.70000000e-03  3.70000000e-03  3.70000000e-03  1.13742107e-01  3.70000000e-03 -2.33088615e-03 
 3.80000000e-03  3.80000000e-03  3.80000000e-03  1.14280412e-01  3.80000000e-03 -2.33088689e-03 
 3.90000000e-03  3.90000000e-03  3.90000000e-03  1.14766968e-01  3.90000000e-03 -2.33088735e-03 
 4.00000000e-03  4.00000000e-03  4.00000000e-03  1.15361715e-01  4.00000000e-03 -2.33088804e-03 
 4.10000000e-03  4.10000000e-03  4.10000000e-03  1.15791429e-01  4.10000000e-03 -2.33088861e-03 
 4.20000000e-03  4.20000000e-03  4.20000000e-03  1.16329382e-01  4.20000000e-03 -2.33088934e-03 
 4.30000000e-03  4.30000000e-03  4.30000000e-03  1.16815461e-01  4.30000000e-03 -2.33088980e-03 
 4.40000000e-03  4.40000000e-03  4.40000000e-03  1.17409748e-01  4.40000000e-03 -2.33089050e-03 
 4.50000000e-03  4.50000000e-03  4.50000000e-03  1.17839152e-01  4.50000000e-03 -2.33089106e-03 
 4.60000000e-03  4.60000000e-03  4.60000000e-03  1.18376696e-01  4.60000000e-03 -2.33089179e-03 
 4.70000000e-03  4.70000000e-03  4.70000000e-03  1.18862344e-01  4.70000000e-03 -2.33089226e-03 
 4.80000000e-03  4.80000000e-03  4.80000000e-03  1.19456130e-01  4.80000000e-03 -2.33089295e-03 
 4.90000000e-03  4.90000000e-03  4.90000000e-03  1.19885248e-01  4.90000000e-03 -2.33089352e-03 
 5.00000000e-03  5.00000000e-03  5.00000000e-03  1.20422346e-01  5.00000000e-03 -2.33089424e-03 
 5.10000000e-03  5.10000000e-03  5.10000000e-03  1.20907585e-01  5.10000000e-03 -2.33089472e-03 
 5.20000000e-03  5.20000000e-03  5.20000000e-03  1.21500835e-01  5.20000000e-03 -2.33089540e-03 
 5.30000000e-03  5.30000000e-03  5.30000000e-03  1.21929683e-01  5.30000000e-03 -2.33089598e-03 
 5.40000000e-03  5.40000000e-03  5.40000000e-03  1.22466303e-01  5.40000000e-03 -2.33089669e-03 
 5.50000000e-03  5.50000000e-03  5.50000000e-03  1.22951150e-01  5.50000000e-03 -2.33089718e-03 
 5.60000000e-03  5.60000000e-03  5.60000000e-03  1.23543833e-01  5.60000000e-03 -2.33089786e-03 
 5.70000000e-03  5.70000000e-03  5.70000000e-03  1.23972422e-01  5.70000000e-03 -2.33089843e-03 
 5.80000000e-03  5.80000000e-03  5.80000000e-03  1.24508539e-01  5.80000000e-03 -2.33089915e-03 
 5.90000000e-03  5.90000000e-03  5.90000000e-03  1.24993003e-01  5.90000000e-03 -2.33089964e-03 
 6.00000000e-03  6.00000000e-03  6.00000000e-03  1.25585094e-01  6.00000000e-03 -2.33090031e-03 
 6.10000000e-03  6.10000000e-03  6.10000000e-03  1.26013432e-01  6.10000000e-03 -2.33090089e-03 
 6.20000000e-03  6.20000000e-03  6.20000000e-03  1.26549025e-01  6.20000000e-03 -2.33090161e-03 
 6.30000000e-03  6.30000000e-03  6.30000000e-03  1.27033109e-01  6.30000000e-03 -2.33090209e-03 
 6.40000000e-03  6.40000000e-03  6.40000000e-03  1.27624589e-01  6.40000000e-03 -2.33090277e-03 
 6.50000000e-03  6.50000000e-03  6.50000000e-03  1.28052678e-01  6.50000000e-03 -2.33090335e-03 
 6.60000000e-03  6.60000000e-03  6.60000000e-03  1.28587732e-01  6.60000000e-03 -2.33090407e-03 
 6.70000000e-03  6.70000000e-03  6.70000000e-03  1.29071436e-01  6.70000000e-03 -2.33090454e-03 
 6.80000000e-03  6.80000000e-03  6.80000000e-03  1.29662287e-01  6.80000000e-03 -2.33090523e-03 
 6.90000000e-03  6.90000000e-03  6.90000000e-03  1.30090127e-01  6.90000000e-03 -2.33090580e-03 
 7.00000000e-03  7.00000000e-03  7.00000000e-03  1.30624631e-01  7.00000000e-03 -2.33090653e-03 
 7.10000000e-03  7.10000000e-03  7.10000000e-03  1.31107947e-01  7.10000000e-03 -2.33090700e-03 
 7.20000000e-03  7.20000000e-03  7.20000000e-03  1.31698160e-01  7.20000000e-03 -2.33090768e-03 
 7.30000000e-03  7.30000000e-03  7.30000000e-03  1.32125745e-01  7.30000000e-03 -2.33090825e-03 
 7.40000000e-03  7.40000000e-03  7.40000000e-03  1.32659692e-01  7.40000000e-03 -2.33090899e-03 
 7.50000000e-03  7.50000000e-03  7.50000000e-03  1.33142610e-01  7.50000000e-03 -2.33090945e-03 
 7.60000000e-03  7.60000000e-03  7.60000000e-03  1.33732177e-01  7.60000000e-03 -2.33091014e-03 
 7.70000000e-03  7.70000000e-03  7.70000000e-03  1.34159498e-01  7.70000000e-03 -2.33091071e-03 
 7.80000000e-03  7.80000000e-03  7.80000000e-03  1.34692886e-01  7.80000000e-03 -2.33091145e-03 
 7.90000000e-03  7.90000000e-03  7.90000000e-03  1.35175391e-01  7.90000000e-03 -2.33091190e-03 
 8.00000000e-03  8.00000000e-03  8.00000000e-03  1.35764308e-01  8.00000000e-03 -2.33091259e-03 
 8.10000000e-03  8.10000000e-03  8.10000000e-03  1.36191353e-01  8.10000000e-03 -2.33091316e-03 
 8.20000000e-03  8.20000000e-03  8.20000000e-03  1.36724183e-01  8.20000000e-03 -2.33091391e-03 
 8.30000000e-03  8.30000000e-03  8.30000000e-03  1.37206254e-01  8.30000000e-03 -2.33091434e-03 
 8.40000000e-03  8.40000000e-03  8.40000000e-03  1.37794523e-01  8.40000000e-03 -2.33091504e-03 
 8.50000000e-03  8.50000000e-03  8.50000000e-03  1.38221277e-01  8.50000000e-03 -2.33091560e-03 
 8.60000000e-03  8.60000000e-03  8.60000000e-03  1.38753554e-01  8.60000000e-03 -2.33091637e-03 
 8.70000000e-03  8.70000000e-03  8.70000000e-03  1.39235168e-01  8.70000000e-03 -2.33091679e-03 
 8.80000000e-03  8.80000000e-03  8.80000000e-03  1.39822791e-01  8.80000000e-03 -2.33091749e-03 
 8.90000000e-03  8.90000000e-03  8.90000000e-03  1.40249237e-01  8.90000000e-03 -2.33091805e-03 
 9.00000000e-03  9.00000000e-03  9.00000000e-03  1.40780967e-01  9.00000000e-03 -2.33091883e-03 
 9.10000000e-03  9.10000000e-03  9.10000000e-03  1.41262099e-01  9.10000000e-03 -2.33091923e-03 
 9.20000000e-03  9.20000000e-03  9.20000000e-03  1.41849082e-01  9.20000000e-03 -2.33091994e-03 
 9.30000000e-03  9.30000000e-03  9.30000000e-03  1.42275199e-01  9.30000000e-03 -2.33092049e-03 
 9.40000000e-03  9.40000000e-03  9.40000000e-03  1.42806394e-01  9.40000000e-03 -2.33092129e-03 
 9.50000000e-03  9.50000000e-03  9.50000000e-03  1.43287013e-01  9.50000000e-03 -2.33092167e-03 
 9.60000000e-03  9.60000000e-03  9.60000000e-03  1.43873365e-01  9.60000000e-03 -2.33092239e-03 
 9.70000000e-03  9.70000000e-03  9.70000000e-03  1.44299130e-01  9.70000000e-03 -2.33092294e-03 
 9.80000000e-03  9.80000000e-03  9.80000000e-03  1.44829804e-01  9.80000000e-03 -2.33092374e-03 
 9.90000000e-03  9.90000000e-03  9.90000000e-03  1.45309877e-01  9.90000000e-03 -2.33092410e-03 
 1.00000000e-02  1.00000000e-02  1.00000000e-02  1.45895610e-01  1.00000000e-02 -2.33092483e-03 
 1.01000000e-02  1.01000000e-02  1.01000000e-02  1.46320998e-01  1.01000000e-02 -2.33092537e-03 
 1.02000000e-02  1.02000000e-02  1.02000000e-02  1.46851167e-01  1.02000000e-02 -2.33092620e-03 
 1.03000000e-02  1.03000000e-02  1.03000000e-02  1.47330657e-01  1.03000000e-02 -2.33092654e-03 
 1.04000000e-02  1.04000000e-02  1.04000000e-02  1.47915785e-01  1.04000000e-02 -2.33092728e-03 
 1.05000000e-02  1.05000000e-02  1.05000000e-02  1.48340769e-01  1.05000000e-02 -2.33092781e-03 
 1.06000000e-02  1.06000000e-02  1.06000000e-02  1.48870452e-01  1.06000000e-02 -2.33092865e-03 
 1.07000000e-02  1.07000000e-02  1.07000000e-02  1.49426946e-01  1.07000000e-02 -2.33092917e-03 
 1.08000000e-02  1.08000000e-02  1.08000000e-02  1.49862719e-01  1.08000000e-02 -2.33092983e-03 
 1.09000000e-02  1.09000000e-02  1.09000000e-02  1.50382290e-01  1.09000000e-02 -2.33093032e-03 
 1.10000000e-02  1.10000000e-02  1.10000000e-02  1.50940429e-01  1.10000000e-02 -2.33093096e-03 
 1.11000000e-02  1.11000000e-02  1.11000000e-02  1.51374375e-01  1.11000000e-02 -2.33093156e-03 
 1.12000000e-02  1.12000000e-02  1.12000000e-02  1.51894668e-01  1.12000000e-02 -2.33093224e-03 
 1.13000000e-02  1.13000000e-02  1.13000000e-02  1.52376255e-01  1.13000000e-02 -2.33093275e-03 
 1.14000000e-02  1.14000000e-02  1.14000000e-02  1.52956799e-01  1.14000000e-02 -2.33093340e-03 
 1.15000000e-02  1.15000000e-02  1.15000000e-02  1.53382090e-01  1.15000000e-02 -2.33093398e-03 
 1.16000000e-02  1.16000000e-02  1.16000000e-02  1.53909000e-01  1.16000000e-02 -2.33093469e-03 
 1.17000000e-02  1.17000000e-02  1.17000000e-02  1.54387445e-01  1.17000000e-02 -2.33093517e-03 
 1.18000000e-02  1.18000000e-02  1.18000000e-02  1.54969501e-01  1.18000000e-02 -2.33093583e-03 
 1.19000000e-02  1.19000000e-02  1.19000000e-02  1.55393661e-01  1.19000000e-02 -2.33093640e-03 
 1.20000000e-02  1.20000000e-02  1.20000000e-02  1.55920745e-01  1.20000000e-02 -2.33093714e-03 
 1.21000000e-02  1.21000000e-02  1.21000000e-02  1.56398295e-01  1.21000000e-02 -2.33093757e-03 
 1.22000000e-02  1.22000000e-02  1.22000000e-02  1.56979963e-01  1.22000000e-02 -2.33093825e-03 
 1.23000000e-02  1.23000000e-02  1.23000000e-02  1.57403576e-01  1.23000000e-02 -2.33093882e-03 
 1.24000000e-02  1.24000000e-02  1.24000000e-02  1.57930272e-01  1.24000000e-02 -2.33093958e-03 
 1.25000000e-02  1.25000000e-02  1.25000000e-02  1.58407059e-01  1.25000000e-02 -2.33093998e-03 
 1.26000000e-02  1.26000000e-02  1.26000000e-02  1.58988186e-01  1.26000000e-02 -2.33094067e-03 
 1.27000000e-02  1.27000000e-02  1.27000000e-02  1.59411267e-01  1.27000000e-02 -2.33094122e-03 
 1.28000000e-02  1.28000000e-02  1.28000000e-02  1.59937555e-01  1.28000000e-02 -2.33094202e-03 
 1.29000000e-02  1.29000000e-02  1.29000000e-02  1.60413540e-01  1.29000000e-02 -2.33094238e-03 
 1.30000000e-02  1.30000000e-02  1.30000000e-02  1.60994140e-01  1.30000000e-02 -2.33094309e-03 
 1.31000000e-02  1.31000000e-02  1.31000000e-02  1.61416651e-01  1.31000000e-02 -2.33094363e-03 
 1.32000000e-02  1.32000000e-02  1.32000000e-02  1.61942561e-01  1.32000000e-02 -2.33094446e-03 
 1.33000000e-02  1.33000000e-02  1.33000000e-02  1.62417687e-01  1.33000000e-02 -2.33094477e-03 
 1.34000000e-02  1.34000000e-02  1.34000000e-02  1.62997792e-01  1.34000000e-02 -2.33094550e-03 
 1.35000000e-02  1.35000000e-02  1.35000000e-02  1.63419690e-01  1.35000000e-02 -2.33094603e-03 
 1.36000000e-02  1.36000000e-02  1.36000000e-02  1.64003965e-01  1.36000000e-02 -2.33094672e-03 
 1.37000000e-02  1.37000000e-02  1.37000000e-02  1.64420840e-01  1.37000000e-02 -2.33094726e-03 
 1.38000000e-02  1.38000000e-02  1.38000000e-02  1.64947194e-01  1.38000000e-02 -2.33094808e-03 
 1.39000000e-02  1.39000000e-02  1.39000000e-02  1.65419914e-01  1.39000000e-02 -2.33094840e-03 
 1.40000000e-02  1.40000000e-02  1.40000000e-02  1.65998961e-01  1.40000000e-02 -2.33094912e-03 
 1.41000000e-02  1.41000000e-02  1.41000000e-02  1.66420114e-01  1.41000000e-02 -2.33094965e-03 
 1.42000000e-02  1.42000000e-02  1.42000000e-02  1.67003145e-01  1.42000000e-02 -2.33095033e-03 
 1.43000000e-02  1.43000000e-02  1.43000000e-02  1.67419478e-01  1.43000000e-02 -2.33095087e-03 
 1.44000000e-02  1.44000000e-02  1.44000000e-02  1.67944842e-01  1.44000000e-02 -2.33095169e-03 
 1.45000000e-02  1.45000000e-02  1.45000000e-02  1.68416665e-01  1.45000000e-02 -2.33095201e-03 
 1.46000000e-02  1.46000000e-02  1.46000000e-02  1.68994590e-01  1.46000000e-02 -2.33095272e-03 
 1.47000000e-02  1.47000000e-02  1.47000000e-02  1.69415088e-01  1.47000000e-02 -2.33095325e-03 
 1.48000000e-02  1.48000000e-02  1.48000000e-02  1.69996897e-01  1.48000000e-02 -2.33095393e-03 
 1.49000000e-02  1.49000000e-02  1.49000000e-02  1.70412653e-01  1.49000000e-02 -2.33095447e-03 
 1.50000000e-02  1.50000000e-02  1.50000000e-02  1.70937051e-01  1.50000000e-02 -2.33095528e-03 
 1.51000000e-02  1.51000000e-02  1.51000000e-02  1.71407917e-01  1.51000000e-02 -2.33095560e-03 
 1.52000000e-02  1.52000000e-02  1.52000000e-02  1.71984740e-01  1.52000000e-02 -2.33095631e-03 
 1.53000000e-02  1.53000000e-02  1.53000000e-02  1.72404534e-01  1.53000000e-02 -2.33095684e-03 
 1.54000000e-02  1.54000000e-02  1.54000000e-02  1.72985129e-01  1.54000000e-02 -2.33095752e-03 
 1.55000000e-02  1.55000000e-02  1.55000000e-02  1.73400270e-01  1.55000000e-02 -2.33095805e-03 
 1.56000000e-02  1.56000000e-02  1.56000000e-02  1.73980414e-01  1.56000000e-02 -2.33095871e-03 
 1.57000000e-02  1.57000000e-02  1.57000000e-02  1.74395184e-01  1.57000000e-02 -2.33095926e-03 
 1.58000000e-02  1.58000000e-02  1.58000000e-02  1.74918053e-01  1.58000000e-02 -2.33096005e-03 
 1.59000000e-02  1.59000000e-02  1.59000000e-02  1.75387804e-01  1.59000000e-02 -2.33096038e-03 
 1.60000000e-02  1.60000000e-02  1.60000000e-02  1.75962843e-01  1.60000000e-02 -2.33096108e-03 
 1.61000000e-02  1.61000000e-02  1.61000000e-02  1.76381900e-01  1.61000000e-02 -2.33096161e-03 
 1.62000000e-02  1.62000000e-02  1.62000000e-02  1.76960634e-01  1.62000000e-02 -2.33096228e-03 
 1.63000000e-02  1.63000000e-02  1.63000000e-02  1.77375094e-01  1.63000000e-02 -2.33096281e-03 
 1.64000000e-02  1.64000000e-02  1.64000000e-02  1.77953367e-01  1.64000000e-02 -2.33096346e-03 
 1.65000000e-02  1.65000000e-02  1.65000000e-02  1.78367448e-01  1.65000000e-02 -2.33096401e-03 
 1.66000000e-02  1.66000000e-02  1.66000000e-02  1.78888823e-01  1.66000000e-02 -2.33096479e-03 
 1.67000000e-02  1.67000000e-02  1.67000000e-02  1.79357385e-01  1.67000000e-02 -2.33096513e-03 
 1.68000000e-02  1.68000000e-02  1.68000000e-02  1.79930755e-01  1.68000000e-02 -2.33096582e-03 
 1.69000000e-02  1.69000000e-02  1.69000000e-02  1.80348930e-01  1.69000000e-02 -2.33096635e-03 
 1.70000000e-02  1.70000000e-02  1.70000000e-02  1.80925881e-01  1.70000000e-02 -2.33096701e-03 
 1.71000000e-02  1.71000000e-02  1.71000000e-02  1.81339542e-01  1.71000000e-02 -2.33096754e-03 
 1.72000000e-02  1.72000000e-02  1.72000000e-02  1.81915996e-01  1.72000000e-02 -2.33096818e-03 
 1.73000000e-02  1.73000000e-02  1.73000000e-02  1.82329287e-01  1.73000000e-02 -2.33096873e-03 
 1.74000000e-02  1.74000000e-02  1.74000000e-02  1.82849237e-01  1.74000000e-02 -2.33096951e-03 
 1.75000000e-02  1.75000000e-02  1.75000000e-02  1.83316465e-01  1.75000000e-02 -2.33096983e-03 
 1.76000000e-02  1.76000000e-02  1.76000000e-02  1.83888225e-01  1.76000000e-02 -2.33097052e-03 
 1.77000000e-02  1.77000000e-02  1.77000000e-02  1.84305405e-01  1.77000000e-02 -2.33097105e-03 
 1.78000000e-02  1.78000000e-02  1.78000000e-02  1.84880609e-01  1.78000000e-02 -2.33097170e-03 
 1.79000000e-02  1.79000000e-02  1.79000000e-02  1.85293383e-01  1.79000000e-02 -2.33097223e-03 
 1.80000000e-02  1.80000000e-02  1.80000000e-02  1.85868039e-01  1.80000000e-02 -2.33097287e-03 
 1.81000000e-02  1.81000000e-02  1.81000000e-02  1.86280465e-01  1.81000000e-02 -2.33097341e-03 
 1.82000000e-02  1.82000000e-02  1.82000000e-02  1.86854379e-01  1.82000000e-02 -2.33097404e-03 
 1.83000000e-02  1.83000000e-02  1.83000000e-02  1.87266762e-01  1.83000000e-02 -2.33097458e-03 
 1.84000000e-02  1.84000000e-02  1.84000000e-02  1.87784705e-01  1.84000000e-02 -2.33097535e-03 
 1.85000000e-02  1.85000000e-02  1.85000000e-02  1.88250389e-01  1.85000000e-02 -2.33097568e-03 
 1.86000000e-02  1.86000000e-02  1.86000000e-02  1.88819922e-01  1.86000000e-02 -2.33097636e-03 
 1.87000000e-02  1.87000000e-02  1.87000000e-02  1.89235953e-01  1.87000000e-02 -2.33097688e-03 
 1.88000000e-02  1.88000000e-02  1.88000000e-02  1.89808803e-01  1.88000000e-02 -2.33097752e-03 
 1.89000000e-02  1.89000000e-02  1.89000000e-02  1.90220519e-01  1.89000000e-02 -2.33097805e-03 
 1.90000000e-02  1.90000000e-02  1.90000000e-02  1.90792789e-01  1.90000000e-02 -2.33097868e-03 
 1.91000000e-02  1.91000000e-02  1.91000000e-02  1.91204161e-01  1.91000000e-02 -2.33097922e-03 
 1.92000000e-02  1.92000000e-02  1.92000000e-02  1.91775676e-01  1.92000000e-02 -2.33097984e-03 
 1.93000000e-02  1.93000000e-02  1.93000000e-02  1.92186994e-01  1.93000000e-02 -2.33098038e-03 
 1.94000000e-02  1.94000000e-02  1.94000000e-02  1.92757827e-01  1.94000000e-02 -2.33098099e-03 
 1.95000000e-02  1.95000000e-02  1.95000000e-02  1.93169064e-01  1.95000000e-02 -2.33098153e-03 
 1.96000000e-02  1.96000000e-02  1.96000000e-02  1.93684588e-01  1.96000000e-02 -2.33098230e-03 
 1.97000000e-02  1.97000000e-02  1.97000000e-02  1.94148300e-01  1.97000000e-02 -2.33098262e-03 
 1.98000000e-02  1.98000000e-02  1.98000000e-02  1.94715137e-01  1.98000000e-02 -2.33098328e-03 
 1.99000000e-02  1.99000000e-02  1.99000000e-02  1.95129686e-01  1.99000000e-02 -2.33098380e-03 
 2.00000000e-02  2.00000000e-02  2.00000000e-02  1.95699675e-01  2.00000000e-02 -2.33098443e-03 
 2.01000000e-02  2.01000000e-02  2.01000000e-02  1.96110028e-01  2.01000000e-02 -2.33098495e-03 
 2.02000000e-02  2.02000000e-02  2.02000000e-02  1.96679392e-01  2.02000000e-02 -2.33098558e-03 
 2.03000000e-02  2.03000000e-02  2.03000000e-02  1.97089411e-01  2.03000000e-02 -2.33098610e-03 
 2.04000000e-02  2.04000000e-02  2.04000000e-02  1.97657999e-01  2.04000000e-02 -2.33098672e-03 
 2.05000000e-02  2.05000000e-02  2.05000000e-02  1.98067954e-01  2.05000000e-02 -2.33098725e-03 
 2.06000000e-02  2.06000000e-02  2.06000000e-02  1.98635847e-01  2.06000000e-02 -2.33098786e-03 
 2.07000000e-02  2.07000000e-02  2.07000000e-02  1.99045709e-01  2.07000000e-02 -2.33098839e-03 
 2.08000000e-02  2.08000000e-02  2.08000000e-02  1.99612966e-01  2.08000000e-02 -2.33098899e-03 
 2.09000000e-02  2.09000000e-02  2.09000000e-02  2.00022696e-01  2.09000000e-02 -2.33098953e-03 
 2.10000000e-02  2.10000000e-02  2.10000000e-02  2.00589353e-01  2.10000000e-02 -2.33099012e-03 
 2.11000000e-02  2.11000000e-02  2.11000000e-02  2.00998921e-01  2.11000000e-02 -2.33099066e-03 
 2.12000000e-02  2.12000000e-02  2.12000000e-02  2.01565003e-01  2.12000000e-02 -2.33099125e-03 
 2.13000000e-02  2.13000000e-02  2.13000000e-02  2.01974386e-01  2.13000000e-02 -2.33099179e-03 
 2.14000000e-02  2.14000000e-02  2.14000000e-02  2.02539911e-01  2.14000000e-02 -2.33099238e-03 
 2.15000000e-02  2.15000000e-02  2.15000000e-02  2.02949094e-01  2.15000000e-02 -2.33099291e-03 
 2.16000000e-02  2.16000000e-02  2.16000000e-02  2.03514074e-01  2.16000000e-02 -2.33099350e-03 
 2.17000000e-02  2.17000000e-02  2.17000000e-02  2.03923042e-01  2.17000000e-02 -2.33099404e-03 
 2.18000000e-02  2.18000000e-02  2.18000000e-02  2.04487485e-01  2.18000000e-02 -2.33099462e-03 
 2.19000000e-02  2.19000000e-02  2.19000000e-02  2.04896229e-01  2.19000000e-02 -2.33099516e-03 
 2.20000000e-02  2.20000000e-02  2.20000000e-02  2.05460141e-01  2.20000000e-02 -2.33099574e-03 
 2.21000000e-02  2.21000000e-02  2.21000000e-02  2.05868652e-01  2.21000000e-02 -2.33099627e-03 
 2.22000000e-02  2.22000000e-02  2.22000000e-02  2.06432038e-01  2.22000000e-02 -2.33099686e-03 
 2.23000000e-02  2.23000000e-02  2.23000000e-02  2.06840309e-01  2.23000000e-02 -2.33099739e-03 
 2.24000000e-02  2.24000000e-02  2.24000000e-02  2.07403171e-01  2.24000000e-02 -2.33099797e-03 
 2.25000000e-02  2.25000000e-02  2.25000000e-02  2.07811197e-01  2.25000000e-02 -2.33099850e-03 
 2.26000000e-02  2.26000000e-02  2.26000000e-02  2.08373535e-01  2.26000000e-02 -2.33099908e-03 
 2.27000000e-02  2.27000000e-02  2.27000000e-02  2.08781312e-01  2.27000000e-02 -2.33099960e-03 
 2.28000000e-02  2.28000000e-02  2.28000000e-02  2.09343127e-01  2.28000000e-02 -2.33100018e-03 
 2.29000000e-02  2.29000000e-02  2.29000000e-02  2.09750650e-01  2.29000000e-02 -2.33100071e-03 
 2.30000000e-02  2.30000000e-02  2.30000000e-02  2.10311942e-01  2.30000000e-02 -2.33100128e-03 
 2.31000000e-02  2.31000000e-02  2.31000000e-02  2.10719208e-01  2.31000000e-02 -2.33100181e-03 
 2.32000000e-02  2.32000000e-02  2.32000000e-02  2.11279977e-01  2.32000000e-02 -2.33100238e-03 
 2.33000000e-02  2.33000000e-02  2.33000000e-02  2.11686982e-01  2.33000000e-02 -2.33100291e-03 
 2.34000000e-02  2.34000000e-02  2.34000000e-02  2.12247226e-01  2.34000000e-02 -2.33100348e-03 
 2.35000000e-02  2.35000000e-02  2.35000000e-02  2.12653968e-01  2.35000000e-02 -2.33100400e-03 
 2.36000000e-02  2.36000000e-02  2.36000000e-02  2.13213686e-01  2.36000000e-02 -2.33100457e-03 
 2.37000000e-02  2.37000000e-02  2.37000000e-02  2.13620161e-01  2.37000000e-02 -2.33100509e-03 
 2.38000000e-02  2.38000000e-02  2.38000000e-02  2.14179352e-01  2.38000000e-02 -2.33100566e-03 
 2.39000000e-02  2.39000000e-02  2.39000000e-02  2.14585559e-01  2.39000000e-02 -2.33100618e-03 
 2.40000000e-02  2.40000000e-02  2.40000000e-02  2.15144221e-01  2.40000000e-02 -2.33100675e-03 
 2.41000000e-02  2.41000000e-02  2.41000000e-02  2.15550157e-01  2.41000000e-02 -2.33100726e-03 
 2.42000000e-02  2.42000000e-02  2.42000000e-02  2.16108288e-01  2.42000000e-02 -2.33100783e-03 
 2.43000000e-02  2.43000000e-02  2.43000000e-02  2.16513950e-01  2.43000000e-02 -2.33100834e-03 
 2.44000000e-02  2.44000000e-02  2.44000000e-02  2.17071549e-01  2.44000000e-02 -2.33100891e-03 
 2.45000000e-02  2.45000000e-02  2.45000000e-02  2.17476935e-01  2.45000000e-02 -2.33100942e-03 
 2.46000000e-02  2.46000000e-02  2.46000000e-02  2.18034000e-01  2.46000000e-02 -2.33100998e-03 
 2.47000000e-02  2.47000000e-02  2.47000000e-02  2.18439107e-01  2.47000000e-02 -2.33101050e-03 
 2.48000000e-02  2.48000000e-02  2.48000000e-02  2.18995636e-01  2.48000000e-02 -2.33101105e-03 
 2.49000000e-02  2.49000000e-02  2.49000000e-02  2.19400463e-01  2.49000000e-02 -2.33101157e-03 
 2.50000000e-02  2.50000000e-02  2.50000000e-02  2.19956454e-01  2.50000000e-02 -2.33101212e-03 
 2.51000000e-02  2.51000000e-02  2.51000000e-02  2.20360997e-01  2.51000000e-02 -2.33101263e-03 
 2.52000000e-02  2.52000000e-02  2.52000000e-02  2.20916448e-01  2.52000000e-02 -2.33101319e-03 
 2.53000000e-02  2.53000000e-02  2.53000000e-02  2.21320707e-01  2.53000000e-02 -2.33101370e-03 
 2.54000000e-02  2.54000000e-02  2.54000000e-02  2.21875616e-01  2.54000000e-02 -2.33101425e-03 
 2.55000000e-02  2.55000000e-02  2.55000000e-02  2.22279588e-01  2.55000000e-02 -2.33101476e-03 
 2.56000000e-02  2.56000000e-02  2.56000000e-02  2.22833953e-01  2.56000000e-02 -2.33101531e-03 
 2.57000000e-02  2.57000000e-02  2.57000000e-02  2.23237635e-01  2.57000000e-02 -2.33101581e-03 
 2.58000000e-02  2.58000000e-02  2.58000000e-02  2.23791454e-01  2.58000000e-02 -2.33101636e-03 
 2.59000000e-02  2.59000000e-02  2.59000000e-02  2.24194844e-01  2.59000000e-02 -2.33101686e-03 
 2.60000000e-02  2.60000000e-02  2.60000000e-02  2.24748116e-01  2.60000000e-02 -2.33101741e-03 
 2.61000000e-02  2.61000000e-02  2.61000000e-02  2.25151212e-01  2.61000000e-02 -2.33101791e-03 
 2.62000000e-02  2.62000000e-02  2.62000000e-02  2.25703933e-01  2.62000000e-02 -2.33101846e-03 
 2.63000000e-02  2.63000000e-02  2.63000000e-02  2.26106733e-01  2.63000000e-02 -2.33101896e-03 
 2.64000000e-02  2.64000000e-02  2.64000000e-02  2.26658903e-01  2.64000000e-02 -2.33101950e-03 
 2.65000000e-02  2.65000000e-02  2.65000000e-02  2.27061405e-01  2.65000000e-02 -2.33102000e-03 
 2.66000000e-02  2.66000000e-02  2.66000000e-02  2.27613020e-01  2.66000000e-02 -2.33102054e-03 
 2.67000000e-02  2.67000000e-02  2.67000000e-02  2.28015222e-01  2.67000000e-02 -2.33102104e-03 
 2.68000000e-02  2.68000000e-02  2.68000000e-02  2.28566281e-01  2.68000000e-02 -2.33102157e-03 
 2.69000000e-02  2.69000000e-02  2.69000000e-02  2.28968180e-01  2.69000000e-02 -2.33102207e-03 
 2.70000000e-02  2.70000000e-02  2.70000000e-02  2.29518682e-01  2.70000000e-02 -2.33102261e-03 
 2.71000000e-02  2.71000000e-02  2.71000000e-02  2.29920276e-01  2.71000000e-02 -2.33102310e-03 
 2.72000000e-02  2.72000000e-02  2.72000000e-02  2.30470217e-01  2.72000000e-02 -2.33102363e-03 
 2.73000000e-02  2.73000000e-02  2.73000000e-02  2.30871504e-01  2.73000000e-02 -2.33102412e-03 
 2.74000000e-02  2.74000000e-02  2.74000000e-02  2.31420883e-01  2.74000000e-02 -2.33102466e-03 
 2.75000000e-02  2.75000000e-02  2.75000000e-02  2.31821862e-01  2.75000000e-02 -2.33102514e-03 
 2.76000000e-02  2.76000000e-02  2.76000000e-02  2.32370676e-01  2.76000000e-02 -2.33102568e-03 
 2.77000000e-02  2.77000000e-02  2.77000000e-02  2.32771343e-01  2.77000000e-02 -2.33102616e-03 
 2.78000000e-02  2.78000000e-02  2.78000000e-02  2.33319591e-01  2.78000000e-02 -2.33102669e-03 
 2.79000000e-02  2.79000000e-02  2.79000000e-02  2.33719945e-01  2.79000000e-02 -2.33102717e-03 
 2.80000000e-02  2.80000000e-02  2.80000000e-02  2.34267624e-01  2.80000000e-02 -2.33102770e-03 
 2.81000000e-02  2.81000000e-02  2.81000000e-02  2.34667663e-01  2.81000000e-02 -2.33102818e-03 
 2.82000000e-02  2.82000000e-02  2.82000000e-02  2.35214772e-01  2.82000000e-02 -2.33102871e-03 
 2.83000000e-02  2.83000000e-02  2.83000000e-02  2.35614493e-01  2.83000000e-02 -2.33102919e-03 
 2.84000000e-02  2.84000000e-02  2.84000000e-02  2.36161029e-01  2.84000000e-02 -2.33102971e-03 
 2.85000000e-02  2.85000000e-02  2.85000000e-02  2.36626536e-01  2.85000000e-02 -2.33103026e-03 
 2.86000000e-02  2.86000000e-02  2.86000000e-02  2.37056319e-01  2.86000000e-02 -2.33103077e-03 
 2.87000000e-02  2.87000000e-02  2.87000000e-02  2.37526057e-01  2.87000000e-02 -2.33103131e-03 
 2.88000000e-02  2.88000000e-02  2.88000000e-02  2.38045629e-01  2.88000000e-02 -2.33103174e-03 
 2.89000000e-02  2.89000000e-02  2.89000000e-02  2.38518020e-01  2.89000000e-02 -2.33103223e-03 
 2.90000000e-02  2.90000000e-02  2.90000000e-02  2.38943282e-01  2.90000000e-02 -2.33103276e-03 
 2.91000000e-02  2.91000000e-02  2.91000000e-02  2.39413981e-01  2.91000000e-02 -2.33103329e-03 
 2.92000000e-02  2.92000000e-02  2.92000000e-02  2.39931771e-01  2.92000000e-02 -2.33103371e-03 
 2.93000000e-02  2.93000000e-02  2.93000000e-02  2.40403381e-01  2.93000000e-02 -2.33103420e-03 
 2.94000000e-02  2.94000000e-02  2.94000000e-02  2.40827877e-01  2.94000000e-02 -2.33103473e-03 
 2.95000000e-02  2.95000000e-02  2.95000000e-02  2.41297704e-01  2.95000000e-02 -2.33103525e-03 
 2.96000000e-02  2.96000000e-02  2.96000000e-02  2.41814343e-01  2.96000000e-02 -2.33103567e-03 
 2.97000000e-02  2.97000000e-02  2.97000000e-02  2.42285052e-01  2.97000000e-02 -2.33103615e-03 
 2.98000000e-02  2.98000000e-02  2.98000000e-02  2.42708833e-01  2.98000000e-02 -2.33103668e-03 
 2.99000000e-02  2.99000000e-02  2.99000000e-02  2.43177745e-01  2.99000000e-02 -2.33103720e-03 
 3.00000000e-02  3.00000000e-02  3.00000000e-02  2.43693238e-01  3.00000000e-02 -2.33103761e-03 
 3.01000000e-02  3.01000000e-02  3.01000000e-02  2.44163033e-01  3.01000000e-02 -2.33103809e-03 
 3.02000000e-02  3.02000000e-02  3.02000000e-02  2.44586092e-01  3.02000000e-02 -2.33103861e-03 
 3.03000000e-02  3.03000000e-02  3.03000000e-02  2.45054081e-01  3.03000000e-02 -2.33103913e-03 
 3.04000000e-02  3.04000000e-02  3.04000000e-02  2.45568417e-01  3.04000000e-02 -2.33103953e-03 
 3.05000000e-02  3.05000000e-02  3.05000000e-02  2.46037290e-01  3.05000000e-02 -2.33104001e-03 
 3.06000000e-02  3.06000000e-02  3.06000000e-02  2.46459621e-01  3.06000000e-02 -2.33104053e-03 
 3.07000000e-02  3.07000000e-02  3.07000000e-02  2.46976686e-01  3.07000000e-02 -2.33104095e-03 
 3.08000000e-02  3.08000000e-02  3.08000000e-02  2.47440455e-01  3.08000000e-02 -2.33104144e-03 
 3.09000000e-02  3.09000000e-02  3.09000000e-02  2.47863462e-01  3.09000000e-02 -2.33104195e-03 
 3.10000000e-02  3.10000000e-02  3.10000000e-02  2.48378485e-01  3.10000000e-02 -2.33104237e-03 
 3.11000000e-02  3.11000000e-02  3.11000000e-02  2.48841650e-01  3.11000000e-02 -2.33104286e-03 
 3.12000000e-02  3.12000000e-02  3.12000000e-02  2.49264006e-01  3.12000000e-02 -2.33104336e-03 
 3.13000000e-02  3.13000000e-02  3.13000000e-02  2.49778141e-01  3.13000000e-02 -2.33104378e-03 
 3.14000000e-02  3.14000000e-02  3.14000000e-02  2.50240603e-01  3.14000000e-02 -2.33104426e-03 
 3.15000000e-02  3.15000000e-02  3.15000000e-02  2.50662398e-01  3.15000000e-02 -2.33104476e-03 
 3.16000000e-02  3.16000000e-02  3.16000000e-02  2.51175636e-01  3.16000000e-02 -2.33104517e-03 
 3.17000000e-02  3.17000000e-02  3.17000000e-02  2.51637399e-01  3.17000000e-02 -2.33104566e-03 
 3.18000000e-02  3.18000000e-02  3.18000000e-02  2.52106720e-01  3.18000000e-02 -2.33104611e-03 
 3.19000000e-02  3.19000000e-02  3.19000000e-02  2.52571345e-01  3.19000000e-02 -2.33104657e-03 
 3.20000000e-02  3.20000000e-02  3.20000000e-02  2.53036321e-01  3.20000000e-02 -2.33104703e-03 
 3.21000000e-02  3.21000000e-02  3.21000000e-02  2.53500687e-01  3.21000000e-02 -2.33104749e-03 
 3.22000000e-02  3.22000000e-02  3.22000000e-02  2.53964854e-01  3.22000000e-02 -2.33104794e-03 
 3.23000000e-02  3.23000000e-02  3.23000000e-02  2.54428747e-01  3.23000000e-02 -2.33104840e-03 
 3.24000000e-02  3.24000000e-02  3.24000000e-02  2.54892399e-01  3.24000000e-02 -2.33104886e-03 
 3.25000000e-02  3.25000000e-02  3.25000000e-02  2.55355804e-01  3.25000000e-02 -2.33104931e-03 
 3.26000000e-02  3.26000000e-02  3.26000000e-02  2.55818963e-01  3.26000000e-02 -2.33104976e-03 
 3.27000000e-02  3.27000000e-02  3.27000000e-02  2.56281875e-01  3.27000000e-02 -2.33105022e-03 
 3.28000000e-02  3.28000000e-02  3.28000000e-02  2.56744542e-01  3.28000000e-02 -2.33105067e-03 
 3.29000000e-02  3.29000000e-02  3.29000000e-02  2.57206960e-01  3.29000000e-02 -2.33105112e-03 
 3.30000000e-02  3.30000000e-02  3.30000000e-02  2.57669132e-01  3.30000000e-02 -2.33105156e-03 
 3.31000000e-02  3.31000000e-02  3.31000000e-02  2.58131054e-01  3.31000000e-02 -2.33105201e-03 
 3.32000000e-02  3.32000000e-02  3.32000000e-02  2.58592729e-01  3.32000000e-02 -2.33105246e-03 
 3.33000000e-02  3.33000000e-02  3.33000000e-02  2.59054153e-01  3.33000000e-02 -2.33105290e-03 
 3.34000000e-02  3.34000000e-02  3.34000000e-02  2.59515328e-01  3.34000000e-02 -2.33105334e-03 
 3.35000000e-02  3.35000000e-02  3.35000000e-02  2.59976253e-01  3.35000000e-02 -2.33105378e-03 
 3.36000000e-02  3.36000000e-02  3.36000000e-02  2.60436926e-01  3.36000000e-02 -2.33105422e-03 
 3.37000000e-02  3.37000000e-02  3.37000000e-02  2.60897348e-01  3.37000000e-02 -2.33105466e-03 
 3.38000000e-02  3.38000000e-02  3.38000000e-02  2.61357518e-01  3.38000000e-02 -2.33105510e-03 
 3.39000000e-02  3.39000000e-02  3.39000000e-02  2.61817435e-01  3.39000000e-02 -2.33105554e-03 
 3.40000000e-02  3.40000000e-02  3.40000000e-02  2.62277099e-01  3.40000000e-02 -2.33105597e-03 
 3.41000000e-02  3.41000000e-02  3.41000000e-02  2.62736510e-01  3.41000000e-02 -2.33105641e-03 
 3.42000000e-02  3.42000000e-02  3.42000000e-02  2.63195666e-01  3.42000000e-02 -2.33105684e-03 
 3.43000000e-02  3.43000000e-02  3.43000000e-02  2.63654568e-01  3.43000000e-02 -2.33105727e-03 
 3.44000000e-02  3.44000000e-02  3.44000000e-02  2.64113214e-01  3.44000000e-02 -2.33105770e-03 
 3.45000000e-02  3.45000000e-02  3.45000000e-02  2.64571605e-01  3.45000000e-02 -2.33105813e-03 
 3.46000000e-02  3.46000000e-02  3.46000000e-02  2.65029739e-01  3.46000000e-02 -2.33105856e-03 
 3.47000000e-02  3.47000000e-02  3.47000000e-02  2.65487616e-01  3.47000000e-02 -2.33105899e-03 
 3.48000000e-02  3.48000000e-02  3.48000000e-02  2.65945236e-01  3.48000000e-02 -2.33105941e-03 
 3.49000000e-02  3.49000000e-02  3.49000000e-02  2.66402598e-01  3.49000000e-02 -2.33105983e-03 
 3.50000000e-02  3.50000000e-02  3.50000000e-02  2.66859702e-01  3.50000000e-02 -2.33106026e-03 
 3.51000000e-02  3.51000000e-02  3.51000000e-02  2.67316546e-01  3.51000000e-02 -2.33106068e-03 
 3.52000000e-02  3.52000000e-02  3.52000000e-02  2.67773131e-01  3.52000000e-02 -2.33106110e-03 
 3.53000000e-02  3.53000000e-02  3.53000000e-02  2.68229455e-01  3.53000000e-02 -2.33106152e-03 
 3.54000000e-02  3.54000000e-02  3.54000000e-02  2.68685519e-01  3.54000000e-02 -2.33106193e-03 
 3.55000000e-02  3.55000000e-02  3.55000000e-02  2.69141322e-01  3.55000000e-02 -2.33106235e-03 
 3.56000000e-02  3.56000000e-02  3.56000000e-02  2.69596863e-01  3.56000000e-02 -2.33106276e-03 
 3.57000000e-02  3.57000000e-02  3.57000000e-02  2.70052141e-01  3.57000000e-02 -2.33106318e-03 
 3.58000000e-02  3.58000000e-02  3.58000000e-02  2.70507157e-01  3.58000000e-02 -2.33106359e-03 
 3.59000000e-02  3.59000000e-02  3.59000000e-02  2.70961909e-01  3.59000000e-02 -2.33106400e-03 
 3.60000000e-02  3.60000000e-02  3.60000000e-02  2.71416398e-01  3.60000000e-02 -2.33106441e-03 
 3.61000000e-02  3.61000000e-02  3.61000000e-02  2.71870622e-01  3.61000000e-02 -2.33106482e-03 
 3.62000000e-02  3.62000000e-02  3.62000000e-02  2.72324581e-01  3.62000000e-02 -2.33106522e-03 
 3.63000000e-02  3.63000000e-02  3.63000000e-02  2.72778274e-01  3.63000000e-02 -2.33106563e-03 
 3.64000000e-02  3.64000000e-02  3.64000000e-02  2.73231702e-01  3.64000000e-02 -2.33106603e-03 
 3.65000000e-02  3.65000000e-02  3.65000000e-02  2.73684862e-01  3.65000000e-02 -2.33106643e-03 
 3.66000000e-02  3.66000000e-02  3.66000000e-02  2.74137756e-01  3.66000000e-02 -2.33106683e-03 
 3.67000000e-02  3.67000000e-02  3.67000000e-02  2.74590382e-01  3.67000000e-02 -2.33106723e-03 
 3.68000000e-02  3.68000000e-02  3.68000000e-02  2.75042739e-01  3.68000000e-02 -2.33106763e-03 
 3.69000000e-02  3.69000000e-02  3.69000000e-02  2.75494828e-01  3.69000000e-02 -2.33106803e-03 
 3.70000000e-02  3.70000000e-02  3.70000000e-02  2.75946648e-01  3.70000000e-02 -2.33106842e-03 
 3.71000000e-02  3.71000000e-02  3.71000000e-02  2.76398197e-01  3.71000000e-02 -2.33106882e-03 
 3.72000000e-02  3.72000000e-02  3.72000000e-02  2.76849476e-01  3.72000000e-02 -2.33106921e-03 
 3.73000000e-02  3.73000000e-02  3.73000000e-02  2.77300484e-01  3.73000000e-02 -2.33106960e-03 
 3.74000000e-02  3.74000000e-02  3.74000000e-02  2.77751221e-01  3.74000000e-02 -2.33106999e-03 
 3.75000000e-02  3.75000000e-02  3.75000000e-02  2.78201686e-01  3.75000000e-02 -2.33107038e-03 
 3.76000000e-02  3.76000000e-02  3.76000000e-02  2.78651878e-01  3.76000000e-02 -2.33107077e-03 
 3.77000000e-02  3.77000000e-02  3.77000000e-02  2.79101796e-01  3.77000000e-02 -2.33107115e-03 
 3.78000000e-02  3.78000000e-02  3.78000000e-02  2.79551442e-01  3.78000000e-02 -2.33107154e-03 
 3.79000000e-02  3.79000000e-02  3.79000000e-02  2.80000812e-01  3.79000000e-02 -2.33107192e-03 
 3.80000000e-02  3.80000000e-02  3.80000000e-02  2.80449909e-01  3.80000000e-02 -2.33107230e-03 
 3.81000000e-02  3.81000000e-02  3.81000000e-02  2.80898730e-01  3.81000000e-02 -2.33107268e-03 
 3.82000000e-02  3.82000000e-02  3.82000000e-02  2.81347275e-01  3.82000000e-02 -2.33107306e-03 
 3.83000000e-02  3.83000000e-02  3.83000000e-02  2.81795543e-01  3.83000000e-02 -2.33107344e-03 
 3.84000000e-02  3.84000000e-02  3.84000000e-02  2.82243535e-01  3.84000000e-02 -2.33107381e-03 
 3.85000000e-02  3.85000000e-02  3.85000000e-02  2.82691249e-01  3.85000000e-02 -2.33107419e-03 
 3.86000000e-02  3.86000000e-02  3.86000000e-02  2.83138685e-01  3.86000000e-02 -2.33107456e-03 
 3.87000000e-02  3.87000000e-02  3.87000000e-02  2.83585843e-01  3.87000000e-02 -2.33107493e-03 
 3.88000000e-02  3.88000000e-02  3.88000000e-02  2.84032721e-01  3.88000000e-02 -2.33107530e-03 
 3.89000000e-02  3.89000000e-02  3.89000000e-02  2.84479320e-01  3.89000000e-02 -2.33107567e-03 
 3.90000000e-02  3.90000000e-02  3.90000000e-02  2.84925639e-01  3.90000000e-02 -2.33107604e-03 
 3.91000000e-02  3.91000000e-02  3.91000000e-02  2.85371677e-01  3.91000000e-02 -2.33107640e-03 
 3.92000000e-02  3.92000000e-02  3.92000000e-02  2.85817434e-01  3.92000000e-02 -2.33107677e-03 
 3.93000000e-02  3.93000000e-02  3.93000000e-02  2.86262909e-01  3.93000000e-02 -2.33107713e-03 
 3.94000000e-02  3.94000000e-02  3.94000000e-02  2.86708101e-01  3.94000000e-02 -2.33107749e-03 
 3.95000000e-02  3.95000000e-02  3.95000000e-02  2.87153011e-01  3.95000000e-02 -2.33107785e-03 
 3.96000000e-02  3.96000000e-02  3.96000000e-02  2.87597637e-01  3.96000000e-02 -2.33107821e-03 
 3.97000000e-02  3.97000000e-02  3.97000000e-02  2.88041979e-01  3.97000000e-02 -2.33107857e-03 
 3.98000000e-02  3.98000000e-02  3.98000000e-02  2.88486036e-01  3.98000000e-02 -2.33107893e-03 
 3.99000000e-02  3.99000000e-02  3.99000000e-02  2.88929809e-01  3.99000000e-02 -2.33107928e-03 
 4.00000000e-02  4.00000000e-02  4.00000000e-02  2.89373296e-01  4.00000000e-02 -2.33107963e-03 
 4.01000000e-02  4.01000000e-02  4.01000000e-02  2.89816497e-01  4.01000000e-02 -2.33107998e-03 
 4.02000000e-02  4.02000000e-02  4.02000000e-02  2.90259411e-01  4.02000000e-02 -2.33108033e-03 
 4.03000000e-02  4.03000000e-02  4.03000000e-02  2.90702038e-01  4.03000000e-02 -2.33108068e-03 
 4.04000000e-02  4.04000000e-02  4.04000000e-02  2.91144377e-01  4.04000000e-02 -2.33108103e-03 
 4.05000000e-02  4.05000000e-02  4.05000000e-02  2.91586427e-01  4.05000000e-02 -2.33108137e-03 
 4.06000000e-02  4.06000000e-02  4.06000000e-02  2.92028189e-01  4.06000000e-02 -2.33108172e-03 
 4.07000000e-02  4.07000000e-02  4.07000000e-02  2.92469662e-01  4.07000000e-02 -2.33108206e-03 
 4.08000000e-02  4.08000000e-02  4.08000000e-02  2.92910844e-01  4.08000000e-02 -2.33108240e-03 
 4.09000000e-02  4.09000000e-02  4.09000000e-02  2.93364446e-01  4.09000000e-02 -2.33108270e-03 
 4.10000000e-02  4.10000000e-02  4.10000000e-02  2.93805086e-01  4.10000000e-02 -2.33108304e-03 
 4.11000000e-02  4.11000000e-02  4.11000000e-02  2.94245664e-01  4.11000000e-02 -2.33108338e-03 
 4.12000000e-02  4.12000000e-02  4.12000000e-02  2.94685658e-01  4.12000000e-02 -2.33108371e-03 
 4.13000000e-02  4.13000000e-02  4.13000000e-02  2.95125363e-01  4.13000000e-02 -2.33108405e-03 
 4.14000000e-02  4.14000000e-02  4.14000000e-02  2.95564769e-01  4.14000000e-02 -2.33108438e-03 
 4.15000000e-02  4.15000000e-02  4.15000000e-02  2.96003880e-01  4.15000000e-02 -2.33108471e-03 
 4.16000000e-02  4.16000000e-02  4.16000000e-02  2.96442697e-01  4.16000000e-02 -2.33108504e-03 
 4.17000000e-02  4.17000000e-02  4.17000000e-02  2.96881220e-01  4.17000000e-02 -2.33108537e-03 
 4.18000000e-02  4.18000000e-02  4.18000000e-02  2.97319447e-01  4.18000000e-02 -2.33108569e-03 
 4.19000000e-02  4.19000000e-02  4.19000000e-02  2.97757378e-01  4.19000000e-02 -2.33108602e-03 
 4.20000000e-02  4.20000000e-02  4.20000000e-02  2.98195012e-01  4.20000000e-02 -2.33108634e-03 
 4.21000000e-02  4.21000000e-02  4.21000000e-02  2.98632350e-01  4.21000000e-02 -2.33108666e-03 
 4.22000000e-02  4.22000000e-02  4.22000000e-02  2.99069390e-01  4.22000000e-02 -2.33108698e-03 
 4.23000000e-02  4.23000000e-02  4.23000000e-02  2.99506131e-01  4.23000000e-02 -2.33108730e-03 
 4.24000000e-02  4.24000000e-02  4.24000000e-02  2.99942575e-01  4.24000000e-02 -2.33108762e-03 
 4.25000000e-02  4.25000000e-02  4.25000000e-02  3.00378719e-01  4.25000000e-02 -2.33108793e-03 
 4.26000000e-02  4.26000000e-02  4.26000000e-02  3.00814563e-01  4.26000000e-02 -2.33108825e-03 
 4.27000000e-02  4.27000000e-02  4.27000000e-02  3.01250107e-01  4.27000000e-02 -2.33108856e-03 
 4.28000000e-02  4.28000000e-02  4.28000000e-02  3.01685350e-01  4.28000000e-02 -2.33108887e-03 
 4.29000000e-02  4.29000000e-02  4.29000000e-02  3.02120292e-01  4.29000000e-02 -2.33108918e-03 
 4.30000000e-02  4.30000000e-02  4.30000000e-02  3.02554932e-01  4.30000000e-02 -2.33108949e-03 
 4.31000000e-02  4.31000000e-02  4.31000000e-02  3.02989269e-01  4.31000000e-02 -2.33108979e-03 
 4.32000000e-02  4.32000000e-02  4.32000000e-02  3.03426728e-01  4.32000000e-02 -2.33109009e-03 
 4.33000000e-02  4.33000000e-02  4.33000000e-02  3.03860456e-01  4.33000000e-02 -2.33109039e-03 
 4.34000000e-02  4.34000000e-02  4.34000000e-02  3.04293898e-01  4.34000000e-02 -2.33109070e-03 
 4.35000000e-02  4.35000000e-02  4.35000000e-02  3.04727012e-01  4.35000000e-02 -2.33109100e-03 
 4.36000000e-02  4.36000000e-02  4.36000000e-02  3.05159821e-01  4.36000000e-02 -2.33109129e-03 
 4.37000000e-02  4.37000000e-02  4.37000000e-02  3.05592324e-01  4.37000000e-02 -2.33109159e-03 
 4.38000000e-02  4.38000000e-02  4.38000000e-02  3.06025517e-01  4.38000000e-02 -2.33109189e-03 
 4.39000000e-02  4.39000000e-02  4.39000000e-02  3.06457405e-01  4.39000000e-02 -2.33109218e-03 
 4.40000000e-02  4.40000000e-02  4.40000000e-02  3.06888987e-01  4.40000000e-02 -2.33109247e-03 
 4.41000000e-02  4.41000000e-02  4.41000000e-02  3.07319277e-01  4.41000000e-02 -2.33109277e-03 
 4.42000000e-02  4.42000000e-02  4.42000000e-02  3.07750242e-01  4.42000000e-02 -2.33109306e-03 
 4.43000000e-02  4.43000000e-02  4.43000000e-02  3.08180894e-01  4.43000000e-02 -2.33109334e-03 
 4.44000000e-02  4.44000000e-02  4.44000000e-02  3.08611242e-01  4.44000000e-02 -2.33109363e-03 
 4.45000000e-02  4.45000000e-02  4.45000000e-02  3.09041280e-01  4.45000000e-02 -2.33109392e-03 
 4.46000000e-02  4.46000000e-02  4.46000000e-02  3.09471008e-01  4.46000000e-02 -2.33109420e-03 
 4.47000000e-02  4.47000000e-02  4.47000000e-02  3.09897188e-01  4.47000000e-02 -2.33109449e-03 
 4.48000000e-02  4.48000000e-02  4.48000000e-02  3.10326284e-01  4.48000000e-02 -2.33109477e-03 
 4.49000000e-02  4.49000000e-02  4.49000000e-02  3.10755014e-01  4.49000000e-02 -2.33109505e-03 
 4.50000000e-02  4.50000000e-02  4.50000000e-02  3.11183502e-01  4.50000000e-02 -2.33109533e-03 
 4.51000000e-02  4.51000000e-02  4.51000000e-02  3.11611676e-01  4.51000000e-02 -2.33109560e-03 
 4.52000000e-02  4.52000000e-02  4.52000000e-02  3.12039538e-01  4.52000000e-02 -2.33109588e-03 
 4.53000000e-02  4.53000000e-02  4.53000000e-02  3.12467085e-01  4.53000000e-02 -2.33109615e-03 
 4.54000000e-02  4.54000000e-02  4.54000000e-02  3.12894318e-01  4.54000000e-02 -2.33109642e-03 
 4.55000000e-02  4.55000000e-02  4.55000000e-02  3.13321235e-01  4.55000000e-02 -2.33109669e-03 
 4.56000000e-02  4.56000000e-02  4.56000000e-02  3.13747836e-01  4.56000000e-02 -2.33109696e-03 
 4.57000000e-02  4.57000000e-02  4.57000000e-02  3.14174121e-01  4.57000000e-02 -2.33109722e-03 
 4.58000000e-02  4.58000000e-02  4.58000000e-02  3.14600088e-01  4.58000000e-02 -2.33109749e-03 
 4.59000000e-02  4.59000000e-02  4.59000000e-02  3.15025739e-01  4.59000000e-02 -2.33109775e-03 
 4.60000000e-02  4.60000000e-02  4.60000000e-02  3.15451071e-01  4.60000000e-02 -2.33109801e-03 
 4.61000000e-02  4.61000000e-02  4.61000000e-02  3.15876084e-01  4.61000000e-02 -2.33109827e-03 
 4.62000000e-02  4.62000000e-02  4.62000000e-02  3.16300779e-01  4.62000000e-02 -2.33109853e-03 
 4.63000000e-02  4.63000000e-02  4.63000000e-02  3.16725153e-01  4.63000000e-02 -2.33109879e-03 
 4.64000000e-02  4.64000000e-02  4.64000000e-02  3.17138609e-01  4.64000000e-02 -2.33109908e-03 
 4.65000000e-02  4.65000000e-02  4.65000000e-02  3.17562166e-01  4.65000000e-02 -2.33109934e-03 
 4.66000000e-02  4.66000000e-02  4.66000000e-02  3.17984859e-01  4.66000000e-02 -2.33109959e-03 
 4.67000000e-02  4.67000000e-02  4.67000000e-02  3.18407947e-01  4.67000000e-02 -2.33109984e-03 
 4.68000000e-02  4.68000000e-02  4.68000000e-02  3.18830689e-01  4.68000000e-02 -2.33110009e-03 
 4.69000000e-02  4.69000000e-02  4.69000000e-02  3.19253158e-01  4.69000000e-02 -2.33110034e-03 
 4.70000000e-02  4.70000000e-02  4.70000000e-02  3.19675303e-01  4.70000000e-02 -2.33110059e-03 
 4.71000000e-02  4.71000000e-02  4.71000000e-02  3.20097127e-01  4.71000000e-02 -2.33110083e-03 
 4.72000000e-02  4.72000000e-02  4.72000000e-02  3.20518627e-01  4.72000000e-02 -2.33110108e-03 
 4.73000000e-02  4.73000000e-02  4.73000000e-02  3.20939802e-01  4.73000000e-02 -2.33110132e-03 
 4.74000000e-02  4.74000000e-02  4.74000000e-02  3.21360652e-01  4.74000000e-02 -2.33110156e-03 
 4.75000000e-02  4.75000000e-02  4.75000000e-02  3.21781175e-01  4.75000000e-02 -2.33110180e-03 
 4.76000000e-02  4.76000000e-02  4.76000000e-02  3.22201372e-01  4.76000000e-02 -2.33110203e-03 
 4.77000000e-02  4.77000000e-02  4.77000000e-02  3.22621241e-01  4.77000000e-02 -2.33110227e-03 
 4.78000000e-02  4.78000000e-02  4.78000000e-02  3.23040783e-01  4.78000000e-02 -2.33110250e-03 
 4.79000000e-02  4.79000000e-02  4.79000000e-02  3.23459997e-01  4.79000000e-02 -2.33110273e-03 
 4.80000000e-02  4.80000000e-02  4.80000000e-02  3.23878882e-01  4.80000000e-02 -2.33110297e-03 
 4.81000000e-02  4.81000000e-02  4.81000000e-02  3.24297438e-01  4.81000000e-02 -2.33110319e-03 
 4.82000000e-02  4.82000000e-02  4.82000000e-02  3.24715664e-01  4.82000000e-02 -2.33110342e-03 
 4.83000000e-02  4.83000000e-02  4.83000000e-02  3.25133559e-01  4.83000000e-02 -2.33110365e-03 
 4.84000000e-02  4.84000000e-02  4.84000000e-02  3.25551124e-01  4.84000000e-02 -2.33110387e-03 
 4.85000000e-02  4.85000000e-02  4.85000000e-02  3.25968357e-01  4.85000000e-02 -2.33110410e-03 
 4.86000000e-02  4.86000000e-02  4.86000000e-02  3.26385258e-01  4.86000000e-02 -2.33110432e-03 
 4.87000000e-02  4.87000000e-02  4.87000000e-02  3.26801827e-01  4.87000000e-02 -2.33110454e-03 
 4.88000000e-02  4.88000000e-02  4.88000000e-02  3.27218063e-01  4.88000000e-02 -2.33110475e-03 
 4.89000000e-02  4.89000000e-02  4.89000000e-02  3.27633966e-01  4.89000000e-02 -2.33110497e-03 
 4.90000000e-02  4.90000000e-02  4.90000000e-02  3.28049534e-01  4.90000000e-02 -2.33110519e-03 
 4.91000000e-02  4.91000000e-02  4.91000000e-02  3.28464768e-01  4.91000000e-02 -2.33110540e-03 
 4.92000000e-02  4.92000000e-02  4.92000000e-02  3.28879666e-01  4.92000000e-02 -2.33110561e-03 
 4.93000000e-02  4.93000000e-02  4.93000000e-02  3.29294229e-01  4.93000000e-02 -2.33110582e-03 
 4.94000000e-02  4.94000000e-02  4.94000000e-02  3.29708456e-01  4.94000000e-02 -2.33110603e-03 
 4.95000000e-02  4.95000000e-02  4.95000000e-02  3.30122346e-01  4.95000000e-02 -2.33110624e-03 
 4.96000000e-02  4.96000000e-02  4.96000000e-02  3.30535899e-01  4.96000000e-02 -2.33110644e-03 
 4.97000000e-02  4.97000000e-02  4.97000000e-02  3.30949114e-01  4.97000000e-02 -2.33110665e-03 
 4.98000000e-02  4.98000000e-02  4.98000000e-02  3.31361991e-01  4.98000000e-02 -2.33110685e-03 
 4.99000000e-02  4.99000000e-02  4.99000000e-02  3.31774529e-01  4.99000000e-02 -2.33110705e-03 
 5.00000000e-02  5.00000000e-02  5.00000000e-02  3.32186728e-01  5.00000000e-02 -2.33110725e-03 
 5.01000000e-02  5.01000000e-02  5.01000000e-02  3.32598587e-01  5.01000000e-02 -2.33110745e-03 
 5.02000000e-02  5.02000000e-02  5.02000000e-02  3.33010105e-01  5.02000000e-02 -2.33110765e-03 
 5.03000000e-02  5.03000000e-02  5.03000000e-02  3.33421283e-01  5.03000000e-02 -2.33110784e-03 
 5.04000000e-02  5.04000000e-02  5.04000000e-02  3.33832119e-01  5.04000000e-02 -2.33110803e-03 
 5.05000000e-02  5.05000000e-02  5.05000000e-02  3.34242613e-01  5.05000000e-02 -2.33110823e-03 
 5.06000000e-02  5.06000000e-02  5.06000000e-02  3.34652765e-01  5.06000000e-02 -2.33110842e-03 
 5.07000000e-02  5.07000000e-02  5.07000000e-02  3.35062574e-01  5.07000000e-02 -2.33110860e-03 
 5.08000000e-02  5.08000000e-02  5.08000000e-02  3.35472039e-01  5.08000000e-02 -2.33110879e-03 
 5.09000000e-02  5.09000000e-02  5.09000000e-02  3.35881160e-01  5.09000000e-02 -2.33110898e-03 
 5.10000000e-02  5.10000000e-02  5.10000000e-02  3.36254757e-01  5.10000000e-02 -2.33110924e-03 
 5.11000000e-02  5.11000000e-02  5.11000000e-02  3.36698182e-01  5.11000000e-02 -2.33110934e-03 
 5.12000000e-02  5.12000000e-02  5.12000000e-02  3.37103688e-01  5.12000000e-02 -2.33110954e-03 
 5.13000000e-02  5.13000000e-02  5.13000000e-02  3.37478928e-01  5.13000000e-02 -2.33110978e-03 
 5.14000000e-02  5.14000000e-02  5.14000000e-02  3.37885844e-01  5.14000000e-02 -2.33111001e-03 
 5.15000000e-02  5.15000000e-02  5.15000000e-02  3.38325158e-01  5.15000000e-02 -2.33111007e-03 
 5.16000000e-02  5.16000000e-02  5.16000000e-02  3.38732933e-01  5.16000000e-02 -2.33111024e-03 
 5.17000000e-02  5.17000000e-02  5.17000000e-02  3.39106063e-01  5.17000000e-02 -2.33111049e-03 
 5.18000000e-02  5.18000000e-02  5.18000000e-02  3.39512250e-01  5.18000000e-02 -2.33111070e-03 
 5.19000000e-02  5.19000000e-02  5.19000000e-02  3.39949857e-01  5.19000000e-02 -2.33111076e-03 
 5.20000000e-02  5.20000000e-02  5.20000000e-02  3.40315897e-01  5.20000000e-02 -2.33111101e-03 
 5.21000000e-02  5.21000000e-02  5.21000000e-02  3.40728214e-01  5.21000000e-02 -2.33111122e-03 
 5.22000000e-02  5.22000000e-02  5.22000000e-02  3.41164011e-01  5.22000000e-02 -2.33111127e-03 
 5.23000000e-02  5.23000000e-02  5.23000000e-02  3.41530357e-01  5.23000000e-02 -2.33111152e-03 
 5.24000000e-02  5.24000000e-02  5.24000000e-02  3.41940728e-01  5.24000000e-02 -2.33111171e-03 
 5.25000000e-02  5.25000000e-02  5.25000000e-02  3.42331652e-01  5.25000000e-02 -2.33111183e-03 
 5.26000000e-02  5.26000000e-02  5.26000000e-02  3.42780880e-01  5.26000000e-02 -2.33111189e-03 
 5.27000000e-02  5.27000000e-02  5.27000000e-02  3.43137325e-01  5.27000000e-02 -2.33111212e-03 
 5.28000000e-02  5.28000000e-02  5.28000000e-02  3.43588681e-01  5.28000000e-02 -2.33111219e-03 
 5.29000000e-02  5.29000000e-02  5.29000000e-02  3.43940650e-01  5.29000000e-02 -2.33111241e-03 
 5.30000000e-02  5.30000000e-02  5.30000000e-02  3.44393018e-01  5.30000000e-02 -2.33111249e-03 
 5.31000000e-02  5.31000000e-02  5.31000000e-02  3.44742608e-01  5.31000000e-02 -2.33111270e-03 
 5.32000000e-02  5.32000000e-02  5.32000000e-02  3.45195726e-01  5.32000000e-02 -2.33111279e-03 
 5.33000000e-02  5.33000000e-02  5.33000000e-02  3.45543436e-01  5.33000000e-02 -2.33111300e-03 
 5.34000000e-02  5.34000000e-02  5.34000000e-02  3.45996944e-01  5.34000000e-02 -2.33111308e-03 
 5.35000000e-02  5.35000000e-02  5.35000000e-02  3.46343112e-01  5.35000000e-02 -2.33111328e-03 
 5.36000000e-02  5.36000000e-02  5.36000000e-02  3.46796694e-01  5.36000000e-02 -2.33111337e-03 
 5.37000000e-02  5.37000000e-02  5.37000000e-02  3.47141570e-01  5.37000000e-02 -2.33111357e-03 
 5.38000000e-02  5.38000000e-02  5.38000000e-02  3.47594980e-01  5.38000000e-02 -2.33111365e-03 
 5.39000000e-02  5.39000000e-02  5.39000000e-02  3.47938753e-01  5.39000000e-02 -2.33111384e-03 
 5.40000000e-02  5.40000000e-02  5.40000000e-02  3.48391808e-01  5.40000000e-02 -2.33111393e-03 
 5.41000000e-02  5.41000000e-02  5.41000000e-02  3.48734616e-01  5.41000000e-02 -2.33111412e-03 
 5.42000000e-02  5.42000000e-02  5.42000000e-02  3.49187178e-01  5.42000000e-02 -2.33111420e-03 
 5.43000000e-02  5.43000000e-02  5.43000000e-02  3.49529122e-01  5.43000000e-02 -2.33111438e-03 
 5.44000000e-02  5.44000000e-02  5.44000000e-02  3.49981091e-01  5.44000000e-02 -2.33111446e-03 
 5.45000000e-02  5.45000000e-02  5.45000000e-02  3.50322245e-01  5.45000000e-02 -2.33111464e-03 
 5.46000000e-02  5.46000000e-02  5.46000000e-02  3.50773545e-01  5.46000000e-02 -2.33111472e-03 
 5.47000000e-02  5.47000000e-02  5.47000000e-02  3.51113964e-01  5.47000000e-02 -2.33111490e-03 
 5.48000000e-02  5.48000000e-02  5.48000000e-02  3.51564538e-01  5.48000000e-02 -2.33111498e-03 
 5.49000000e-02  5.49000000e-02  5.49000000e-02  3.51904262e-01  5.49000000e-02 -2.33111515e-03 
 5.50000000e-02  5.50000000e-02  5.50000000e-02  3.52354069e-01  5.50000000e-02 -2.33111522e-03 
 5.51000000e-02  5.51000000e-02  5.51000000e-02  3.52693127e-01  5.51000000e-02 -2.33111540e-03 
 5.52000000e-02  5.52000000e-02  5.52000000e-02  3.53142134e-01  5.52000000e-02 -2.33111546e-03 
 5.53000000e-02  5.53000000e-02  5.53000000e-02  3.53480547e-01  5.53000000e-02 -2.33111563e-03 
 5.54000000e-02  5.54000000e-02  5.54000000e-02  3.53928731e-01  5.54000000e-02 -2.33111570e-03 
 5.55000000e-02  5.55000000e-02  5.55000000e-02  3.54266513e-01  5.55000000e-02 -2.33111587e-03 
 5.56000000e-02  5.56000000e-02  5.56000000e-02  3.54713855e-01  5.56000000e-02 -2.33111593e-03 
 5.57000000e-02  5.57000000e-02  5.57000000e-02  3.55051018e-01  5.57000000e-02 -2.33111609e-03 
 5.58000000e-02  5.58000000e-02  5.58000000e-02  3.55497504e-01  5.58000000e-02 -2.33111615e-03 
 5.59000000e-02  5.59000000e-02  5.59000000e-02  3.55834054e-01  5.59000000e-02 -2.33111632e-03 
 5.60000000e-02  5.60000000e-02  5.60000000e-02  3.56279673e-01  5.60000000e-02 -2.33111637e-03 
 5.61000000e-02  5.61000000e-02  5.61000000e-02  3.56615617e-01  5.61000000e-02 -2.33111653e-03 
 5.62000000e-02  5.62000000e-02  5.62000000e-02  3.57060360e-01  5.62000000e-02 -2.33111658e-03 
 5.63000000e-02  5.63000000e-02  5.63000000e-02  3.57395699e-01  5.63000000e-02 -2.33111674e-03 
 5.64000000e-02  5.64000000e-02  5.64000000e-02  3.57839560e-01  5.64000000e-02 -2.33111679e-03 
 5.65000000e-02  5.65000000e-02  5.65000000e-02  3.58174297e-01  5.65000000e-02 -2.33111694e-03 
 5.66000000e-02  5.66000000e-02  5.66000000e-02  3.58617270e-01  5.66000000e-02 -2.33111699e-03 
 5.67000000e-02  5.67000000e-02  5.67000000e-02  3.58951406e-01  5.67000000e-02 -2.33111714e-03 
 5.68000000e-02  5.68000000e-02  5.68000000e-02  3.59393485e-01  5.68000000e-02 -2.33111718e-03 
 5.69000000e-02  5.69000000e-02  5.69000000e-02  3.59727021e-01  5.69000000e-02 -2.33111733e-03 
 5.70000000e-02  5.70000000e-02  5.70000000e-02  3.60168202e-01  5.70000000e-02 -2.33111737e-03 
 5.71000000e-02  5.71000000e-02  5.71000000e-02  3.60501138e-01  5.71000000e-02 -2.33111752e-03 
 5.72000000e-02  5.72000000e-02  5.72000000e-02  3.60941417e-01  5.72000000e-02 -2.33111755e-03 
 5.73000000e-02  5.73000000e-02  5.73000000e-02  3.61273752e-01  5.73000000e-02 -2.33111770e-03 
 5.74000000e-02  5.74000000e-02  5.74000000e-02  3.61713127e-01  5.74000000e-02 -2.33111773e-03 
 5.75000000e-02  5.75000000e-02  5.75000000e-02  3.62044859e-01  5.75000000e-02 -2.33111787e-03 
 5.76000000e-02  5.76000000e-02  5.76000000e-02  3.62483327e-01  5.76000000e-02 -2.33111790e-03 
 5.77000000e-02  5.77000000e-02  5.77000000e-02  3.62814456e-01  5.77000000e-02 -2.33111804e-03 
 5.78000000e-02  5.78000000e-02  5.78000000e-02  3.63252013e-01  5.78000000e-02 -2.33111806e-03 
 5.79000000e-02  5.79000000e-02  5.79000000e-02  3.63582538e-01  5.79000000e-02 -2.33111821e-03 
 5.80000000e-02  5.80000000e-02  5.80000000e-02  3.64019182e-01  5.80000000e-02 -2.33111822e-03 
 5.81000000e-02  5.81000000e-02  5.81000000e-02  3.64349101e-01  5.81000000e-02 -2.33111836e-03 
 5.82000000e-02  5.82000000e-02  5.82000000e-02  3.64784830e-01  5.82000000e-02 -2.33111838e-03 
 5.83000000e-02  5.83000000e-02  5.83000000e-02  3.65114142e-01  5.83000000e-02 -2.33111852e-03 
 5.84000000e-02  5.84000000e-02  5.84000000e-02  3.65548953e-01  5.84000000e-02 -2.33111853e-03 
 5.85000000e-02  5.85000000e-02  5.85000000e-02  3.65877657e-01  5.85000000e-02 -2.33111866e-03 
 5.86000000e-02  5.86000000e-02  5.86000000e-02  3.66311547e-01  5.86000000e-02 -2.33111867e-03 
 5.87000000e-02  5.87000000e-02  5.87000000e-02  3.66639641e-01  5.87000000e-02 -2.33111880e-03 
 5.88000000e-02  5.88000000e-02  5.88000000e-02  3.67072608e-01  5.88000000e-02 -2.33111881e-03 
 5.89000000e-02  5.89000000e-02  5.89000000e-02  3.67400091e-01  5.89000000e-02 -2.33111894e-03 
 5.90000000e-02  5.90000000e-02  5.90000000e-02  3.67832133e-01  5.90000000e-02 -2.33111894e-03 
 5.91000000e-02  5.91000000e-02  5.91000000e-02  3.68159003e-01  5.91000000e-02 -2.33111907e-03 
 5.92000000e-02  5.92000000e-02  5.92000000e-02  3.68590118e-01  5.92000000e-02 -2.33111906e-03 
 5.93000000e-02  5.93000000e-02  5.93000000e-02  3.68916374e-01  5.93000000e-02 -2.33111919e-03 
 5.94000000e-02  5.94000000e-02  5.94000000e-02  3.69346559e-01  5.94000000e-02 -2.33111918e-03 
 5.95000000e-02  5.95000000e-02  5.95000000e-02  3.69672199e-01  5.95000000e-02 -2.33111931e-03 
 5.96000000e-02  5.96000000e-02  5.96000000e-02  3.70101453e-01  5.96000000e-02 -2.33111930e-03 
 5.97000000e-02  5.97000000e-02  5.97000000e-02  3.70426475e-01  5.97000000e-02 -2.33111942e-03 
 5.98000000e-02  5.98000000e-02  5.98000000e-02  3.70854795e-01  5.98000000e-02 -2.33111941e-03 
 5.99000000e-02  5.99000000e-02  5.99000000e-02  3.71179198e-01  5.99000000e-02 -2.33111953e-03 
 6.00000000e-02  6.00000000e-02  6.00000000e-02  3.71606582e-01  6.00000000e-02 -2.33111951e-03 
