-6.00000000e-02 -6.00000000e-02 -6.00000000e-02 -2.65449348e-01 -6.00000000e-02 -2.32886193e-03 
-5.99000000e-02 -5.99000000e-02 -5.99000000e-02 -2.64984255e-01 -5.99000000e-02 -2.32886251e-03 
-5.98000000e-02 -5.98000000e-02 -5.98000000e-02 -2.64518741e-01 -5.98000000e-02 -2.32886309e-03 
-5.97000000e-02 -5.97000000e-02 -5.97000000e-02 -2.64053868e-01 -5.97000000e-02 -2.32886366e-03 
-5.96000000e-02 -5.96000000e-02 -5.96000000e-02 -2.63587666e-01 -5.96000000e-02 -2.32886424e-03 
-5.95000000e-02 -5.95000000e-02 -5.95000000e-02 -2.63121197e-01 -5.95000000e-02 -2.32886481e-03 
-5.94000000e-02 -5.94000000e-02 -5.94000000e-02 -2.62654448e-01 -5.94000000e-02 -2.32886538e-03 
-5.93000000e-02 -5.93000000e-02 -5.93000000e-02 -2.62187427e-01 -5.93000000e-02 -2.32886595e-03 
-5.92000000e-02 -5.92000000e-02 -5.92000000e-02 -2.61720135e-01 -5.92000000e-02 -2.32886652e-03 
-5.91000000e-02 -5.91000000e-02 -5.91000000e-02 -2.61256253e-01 -5.91000000e-02 -2.32886707e-03 
-5.90000000e-02 -5.90000000e-02 -5.90000000e-02 -2.60788431e-01 -5.90000000e-02 -2.32886764e-03 
-5.89000000e-02 -5.89000000e-02 -5.89000000e-02 -2.60320426e-01 -5.89000000e-02 -2.32886820e-03 
-5.88000000e-02 -5.88000000e-02 -5.88000000e-02 -2.59852062e-01 -5.88000000e-02 -2.32886876e-03 
-5.87000000e-02 -5.87000000e-02 -5.87000000e-02 -2.59383432e-01 -5.87000000e-02 -2.32886932e-03 
-5.86000000e-02 -5.86000000e-02 -5.86000000e-02 -2.58914531e-01 -5.86000000e-02 -2.32886988e-03 
-5.85000000e-02 -5.85000000e-02 -5.85000000e-02 -2.58445364e-01 -5.85000000e-02 -2.32887043e-03 
-5.84000000e-02 -5.84000000e-02 -5.84000000e-02 -2.57975930e-01 -5.84000000e-02 -2.32887099e-03 
-5.83000000e-02 -5.83000000e-02 -5.83000000e-02 -2.57506229e-01 -5.83000000e-02 -2.32887154e-03 
-5.82000000e-02 -5.82000000e-02 -5.82000000e-02 -2.57036263e-01 -5.82000000e-02 -2.32887209e-03 
-5.81000000e-02 -5.81000000e-02 -5.81000000e-02 -2.56566032e-01 -5.81000000e-02 -2.32887264e-03 
-5.80000000e-02 -5.80000000e-02 -5.80000000e-02 -2.56095536e-01 -5.80000000e-02 -2.32887319e-03 
-5.79000000e-02 -5.79000000e-02 -5.79000000e-02 -2.55624776e-01 -5.79000000e-02 -2.32887373e-03 
-5.78000000e-02 -5.78000000e-02 -5.78000000e-02 -2.55153753e-01 -5.78000000e-02 -2.32887428e-03 
-5.77000000e-02 -5.77000000e-02 -5.77000000e-02 -2.54682467e-01 -5.77000000e-02 -2.32887482e-03 
-5.76000000e-02 -5.76000000e-02 -5.76000000e-02 -2.54210919e-01 -5.76000000e-02 -2.32887536e-03 
-5.75000000e-02 -5.75000000e-02 -5.75000000e-02 -2.53739110e-01 -5.75000000e-02 -2.32887590e-03 
-5.74000000e-02 -5.74000000e-02 -5.74000000e-02 -2.53267039e-01 -5.74000000e-02 -2.32887643e-03 
-5.73000000e-02 -5.73000000e-02 -5.73000000e-02 -2.52794708e-01 -5.73000000e-02 -2.32887697e-03 
-5.72000000e-02 -5.72000000e-02 -5.72000000e-02 -2.52322116e-01 -5.72000000e-02 -2.32887750e-03 
-5.71000000e-02 -5.71000000e-02 -5.71000000e-02 -2.51849266e-01 -5.71000000e-02 -2.32887803e-03 
-5.70000000e-02 -5.70000000e-02 -5.70000000e-02 -2.51376156e-01 -5.70000000e-02 -2.32887856e-03 
-5.69000000e-02 -5.69000000e-02 -5.69000000e-02 -2.50915989e-01 -5.69000000e-02 -2.32887904e-03 
-5.68000000e-02 -5.68000000e-02 -5.68000000e-02 -2.50442452e-01 -5.68000000e-02 -2.32887957e-03 
-5.67000000e-02 -5.67000000e-02 -5.67000000e-02 -2.49969680e-01 -5.67000000e-02 -2.32888009e-03 
-5.66000000e-02 -5.66000000e-02 -5.66000000e-02 -2.49495576e-01 -5.66000000e-02 -2.32888061e-03 
-5.65000000e-02 -5.65000000e-02 -5.65000000e-02 -2.49021294e-01 -5.65000000e-02 -2.32888113e-03 
-5.64000000e-02 -5.64000000e-02 -5.64000000e-02 -2.48546668e-01 -5.64000000e-02 -2.32888165e-03 
-5.63000000e-02 -5.63000000e-02 -5.63000000e-02 -2.48071793e-01 -5.63000000e-02 -2.32888217e-03 
-5.62000000e-02 -5.62000000e-02 -5.62000000e-02 -2.47596656e-01 -5.62000000e-02 -2.32888269e-03 
-5.61000000e-02 -5.61000000e-02 -5.61000000e-02 -2.47121266e-01 -5.61000000e-02 -2.32888320e-03 
-5.60000000e-02 -5.60000000e-02 -5.60000000e-02 -2.46645622e-01 -5.60000000e-02 -2.32888371e-03 
-5.59000000e-02 -5.59000000e-02 -5.59000000e-02 -2.46169726e-01 -5.59000000e-02 -2.32888422e-03 
-5.58000000e-02 -5.58000000e-02 -5.58000000e-02 -2.45693577e-01 -5.58000000e-02 -2.32888473e-03 
-5.57000000e-02 -5.57000000e-02 -5.57000000e-02 -2.45217177e-01 -5.57000000e-02 -2.32888524e-03 
-5.56000000e-02 -5.56000000e-02 -5.56000000e-02 -2.44740526e-01 -5.56000000e-02 -2.32888575e-03 
-5.55000000e-02 -5.55000000e-02 -5.55000000e-02 -2.44263624e-01 -5.55000000e-02 -2.32888625e-03 
-5.54000000e-02 -5.54000000e-02 -5.54000000e-02 -2.43786473e-01 -5.54000000e-02 -2.32888676e-03 
-5.53000000e-02 -5.53000000e-02 -5.53000000e-02 -2.43309072e-01 -5.53000000e-02 -2.32888726e-03 
-5.52000000e-02 -5.52000000e-02 -5.52000000e-02 -2.42831423e-01 -5.52000000e-02 -2.32888776e-03 
-5.51000000e-02 -5.51000000e-02 -5.51000000e-02 -2.42353526e-01 -5.51000000e-02 -2.32888826e-03 
-5.50000000e-02 -5.50000000e-02 -5.50000000e-02 -2.41875381e-01 -5.50000000e-02 -2.32888875e-03 
-5.49000000e-02 -5.49000000e-02 -5.49000000e-02 -2.41396988e-01 -5.49000000e-02 -2.32888925e-03 
-5.48000000e-02 -5.48000000e-02 -5.48000000e-02 -2.40918350e-01 -5.48000000e-02 -2.32888974e-03 
-5.47000000e-02 -5.47000000e-02 -5.47000000e-02 -2.40439465e-01 -5.47000000e-02 -2.32889023e-03 
-5.46000000e-02 -5.46000000e-02 -5.46000000e-02 -2.39960336e-01 -5.46000000e-02 -2.32889072e-03 
-5.45000000e-02 -5.45000000e-02 -5.45000000e-02 -2.39480961e-01 -5.45000000e-02 -2.32889121e-03 
-5.44000000e-02 -5.44000000e-02 -5.44000000e-02 -2.39001342e-01 -5.44000000e-02 -2.32889170e-03 
-5.43000000e-02 -5.43000000e-02 -5.43000000e-02 -2.38521480e-01 -5.43000000e-02 -2.32889218e-03 
-5.42000000e-02 -5.42000000e-02 -5.42000000e-02 -2.38041375e-01 -5.42000000e-02 -2.32889267e-03 
-5.41000000e-02 -5.41000000e-02 -5.41000000e-02 -2.37561027e-01 -5.41000000e-02 -2.32889315e-03 
-5.40000000e-02 -5.40000000e-02 -5.40000000e-02 -2.37080437e-01 -5.40000000e-02 -2.32889363e-03 
-5.39000000e-02 -5.39000000e-02 -5.39000000e-02 -2.36599605e-01 -5.39000000e-02 -2.32889411e-03 
-5.38000000e-02 -5.38000000e-02 -5.38000000e-02 -2.36118533e-01 -5.38000000e-02 -2.32889458e-03 
-5.37000000e-02 -5.37000000e-02 -5.37000000e-02 -2.35637221e-01 -5.37000000e-02 -2.32889506e-03 
-5.36000000e-02 -5.36000000e-02 -5.36000000e-02 -2.35155669e-01 -5.36000000e-02 -2.32889553e-03 
-5.35000000e-02 -5.35000000e-02 -5.35000000e-02 -2.34673877e-01 -5.35000000e-02 -2.32889601e-03 
-5.34000000e-02 -5.34000000e-02 -5.34000000e-02 -2.34191847e-01 -5.34000000e-02 -2.32889648e-03 
-5.33000000e-02 -5.33000000e-02 -5.33000000e-02 -2.33709579e-01 -5.33000000e-02 -2.32889695e-03 
-5.32000000e-02 -5.32000000e-02 -5.32000000e-02 -2.33227074e-01 -5.32000000e-02 -2.32889741e-03 
-5.31000000e-02 -5.31000000e-02 -5.31000000e-02 -2.32744332e-01 -5.31000000e-02 -2.32889788e-03 
-5.30000000e-02 -5.30000000e-02 -5.30000000e-02 -2.32261353e-01 -5.30000000e-02 -2.32889834e-03 
-5.29000000e-02 -5.29000000e-02 -5.29000000e-02 -2.31778139e-01 -5.29000000e-02 -2.32889881e-03 
-5.28000000e-02 -5.28000000e-02 -5.28000000e-02 -2.31294689e-01 -5.28000000e-02 -2.32889927e-03 
-5.27000000e-02 -5.27000000e-02 -5.27000000e-02 -2.30811005e-01 -5.27000000e-02 -2.32889973e-03 
-5.26000000e-02 -5.26000000e-02 -5.26000000e-02 -2.30327086e-01 -5.26000000e-02 -2.32890019e-03 
-5.25000000e-02 -5.25000000e-02 -5.25000000e-02 -2.29842934e-01 -5.25000000e-02 -2.32890064e-03 
-5.24000000e-02 -5.24000000e-02 -5.24000000e-02 -2.29358549e-01 -5.24000000e-02 -2.32890110e-03 
-5.23000000e-02 -5.23000000e-02 -5.23000000e-02 -2.28873932e-01 -5.23000000e-02 -2.32890155e-03 
-5.22000000e-02 -5.22000000e-02 -5.22000000e-02 -2.28389083e-01 -5.22000000e-02 -2.32890200e-03 
-5.21000000e-02 -5.21000000e-02 -5.21000000e-02 -2.27904002e-01 -5.21000000e-02 -2.32890245e-03 
-5.20000000e-02 -5.20000000e-02 -5.20000000e-02 -2.27418691e-01 -5.20000000e-02 -2.32890290e-03 
-5.19000000e-02 -5.19000000e-02 -5.19000000e-02 -2.26933149e-01 -5.19000000e-02 -2.32890335e-03 
-5.18000000e-02 -5.18000000e-02 -5.18000000e-02 -2.26447378e-01 -5.18000000e-02 -2.32890380e-03 
-5.17000000e-02 -5.17000000e-02 -5.17000000e-02 -2.25961378e-01 -5.17000000e-02 -2.32890424e-03 
-5.16000000e-02 -5.16000000e-02 -5.16000000e-02 -2.25475149e-01 -5.16000000e-02 -2.32890468e-03 
-5.15000000e-02 -5.15000000e-02 -5.15000000e-02 -2.24988692e-01 -5.15000000e-02 -2.32890513e-03 
-5.14000000e-02 -5.14000000e-02 -5.14000000e-02 -2.24502008e-01 -5.14000000e-02 -2.32890557e-03 
-5.13000000e-02 -5.13000000e-02 -5.13000000e-02 -2.24015097e-01 -5.13000000e-02 -2.32890600e-03 
-5.12000000e-02 -5.12000000e-02 -5.12000000e-02 -2.23527960e-01 -5.12000000e-02 -2.32890644e-03 
-5.11000000e-02 -5.11000000e-02 -5.11000000e-02 -2.23040597e-01 -5.11000000e-02 -2.32890688e-03 
-5.10000000e-02 -5.10000000e-02 -5.10000000e-02 -2.22553009e-01 -5.10000000e-02 -2.32890731e-03 
-5.09000000e-02 -5.09000000e-02 -5.09000000e-02 -2.22065196e-01 -5.09000000e-02 -2.32890774e-03 
-5.08000000e-02 -5.08000000e-02 -5.08000000e-02 -2.21577160e-01 -5.08000000e-02 -2.32890817e-03 
-5.07000000e-02 -5.07000000e-02 -5.07000000e-02 -2.21088899e-01 -5.07000000e-02 -2.32890860e-03 
-5.06000000e-02 -5.06000000e-02 -5.06000000e-02 -2.20600416e-01 -5.06000000e-02 -2.32890903e-03 
-5.05000000e-02 -5.05000000e-02 -5.05000000e-02 -2.20111711e-01 -5.05000000e-02 -2.32890946e-03 
-5.04000000e-02 -5.04000000e-02 -5.04000000e-02 -2.19622783e-01 -5.04000000e-02 -2.32890988e-03 
-5.03000000e-02 -5.03000000e-02 -5.03000000e-02 -2.19133634e-01 -5.03000000e-02 -2.32891031e-03 
-5.02000000e-02 -5.02000000e-02 -5.02000000e-02 -2.18644265e-01 -5.02000000e-02 -2.32891073e-03 
-5.01000000e-02 -5.01000000e-02 -5.01000000e-02 -2.18154676e-01 -5.01000000e-02 -2.32891115e-03 
-5.00000000e-02 -5.00000000e-02 -5.00000000e-02 -2.17664866e-01 -5.00000000e-02 -2.32891157e-03 
-4.99000000e-02 -4.99000000e-02 -4.99000000e-02 -2.17174838e-01 -4.99000000e-02 -2.32891199e-03 
-4.98000000e-02 -4.98000000e-02 -4.98000000e-02 -2.16684591e-01 -4.98000000e-02 -2.32891240e-03 
-4.97000000e-02 -4.97000000e-02 -4.97000000e-02 -2.16194127e-01 -4.97000000e-02 -2.32891282e-03 
-4.96000000e-02 -4.96000000e-02 -4.96000000e-02 -2.15703445e-01 -4.96000000e-02 -2.32891323e-03 
-4.95000000e-02 -4.95000000e-02 -4.95000000e-02 -2.15212546e-01 -4.95000000e-02 -2.32891364e-03 
-4.94000000e-02 -4.94000000e-02 -4.94000000e-02 -2.14721431e-01 -4.94000000e-02 -2.32891405e-03 
-4.93000000e-02 -4.93000000e-02 -4.93000000e-02 -2.14230100e-01 -4.93000000e-02 -2.32891446e-03 
-4.92000000e-02 -4.92000000e-02 -4.92000000e-02 -2.13738554e-01 -4.92000000e-02 -2.32891487e-03 
-4.91000000e-02 -4.91000000e-02 -4.91000000e-02 -2.13246794e-01 -4.91000000e-02 -2.32891528e-03 
-4.90000000e-02 -4.90000000e-02 -4.90000000e-02 -2.12754819e-01 -4.90000000e-02 -2.32891568e-03 
-4.89000000e-02 -4.89000000e-02 -4.89000000e-02 -2.12262631e-01 -4.89000000e-02 -2.32891608e-03 
-4.88000000e-02 -4.88000000e-02 -4.88000000e-02 -2.11770230e-01 -4.88000000e-02 -2.32891649e-03 
-4.87000000e-02 -4.87000000e-02 -4.87000000e-02 -2.11277616e-01 -4.87000000e-02 -2.32891689e-03 
-4.86000000e-02 -4.86000000e-02 -4.86000000e-02 -2.10784791e-01 -4.86000000e-02 -2.32891729e-03 
-4.85000000e-02 -4.85000000e-02 -4.85000000e-02 -2.10291754e-01 -4.85000000e-02 -2.32891768e-03 
-4.84000000e-02 -4.84000000e-02 -4.84000000e-02 -2.09798507e-01 -4.84000000e-02 -2.32891808e-03 
-4.83000000e-02 -4.83000000e-02 -4.83000000e-02 -2.09357922e-01 -4.83000000e-02 -2.32891831e-03 
-4.82000000e-02 -4.82000000e-02 -4.82000000e-02 -2.08810556e-01 -4.82000000e-02 -2.32891888e-03 
-4.81000000e-02 -4.81000000e-02 -4.81000000e-02 -2.08323155e-01 -4.81000000e-02 -2.32891924e-03 
-4.80000000e-02 -4.80000000e-02 -4.80000000e-02 -2.07876341e-01 -4.80000000e-02 -2.32891949e-03 
-4.79000000e-02 -4.79000000e-02 -4.79000000e-02 -2.07328812e-01 -4.79000000e-02 -2.32892005e-03 
-4.78000000e-02 -4.78000000e-02 -4.78000000e-02 -2.06840277e-01 -4.78000000e-02 -2.32892041e-03 
-4.77000000e-02 -4.77000000e-02 -4.77000000e-02 -2.06393135e-01 -4.77000000e-02 -2.32892066e-03 
-4.76000000e-02 -4.76000000e-02 -4.76000000e-02 -2.05844697e-01 -4.76000000e-02 -2.32892121e-03 
-4.75000000e-02 -4.75000000e-02 -4.75000000e-02 -2.05355570e-01 -4.75000000e-02 -2.32892157e-03 
-4.74000000e-02 -4.74000000e-02 -4.74000000e-02 -2.04907921e-01 -4.74000000e-02 -2.32892181e-03 
-4.73000000e-02 -4.73000000e-02 -4.73000000e-02 -2.04410831e-01 -4.73000000e-02 -2.32892221e-03 
-4.72000000e-02 -4.72000000e-02 -4.72000000e-02 -2.03869163e-01 -4.72000000e-02 -2.32892271e-03 
-4.71000000e-02 -4.71000000e-02 -4.71000000e-02 -2.03372064e-01 -4.71000000e-02 -2.32892310e-03 
-4.70000000e-02 -4.70000000e-02 -4.70000000e-02 -2.02926475e-01 -4.70000000e-02 -2.32892332e-03 
-4.69000000e-02 -4.69000000e-02 -4.69000000e-02 -2.02426631e-01 -4.69000000e-02 -2.32892373e-03 
-4.68000000e-02 -4.68000000e-02 -4.68000000e-02 -2.01884392e-01 -4.68000000e-02 -2.32892422e-03 
-4.67000000e-02 -4.67000000e-02 -4.67000000e-02 -2.01386293e-01 -4.67000000e-02 -2.32892460e-03 
-4.66000000e-02 -4.66000000e-02 -4.66000000e-02 -2.00940143e-01 -4.66000000e-02 -2.32892482e-03 
-4.65000000e-02 -4.65000000e-02 -4.65000000e-02 -2.00439471e-01 -4.65000000e-02 -2.32892522e-03 
-4.64000000e-02 -4.64000000e-02 -4.64000000e-02 -1.99896233e-01 -4.64000000e-02 -2.32892571e-03 
-4.63000000e-02 -4.63000000e-02 -4.63000000e-02 -1.99397342e-01 -4.63000000e-02 -2.32892608e-03 
-4.62000000e-02 -4.62000000e-02 -4.62000000e-02 -1.98950558e-01 -4.62000000e-02 -2.32892630e-03 
-4.61000000e-02 -4.61000000e-02 -4.61000000e-02 -1.98449126e-01 -4.61000000e-02 -2.32892669e-03 
-4.60000000e-02 -4.60000000e-02 -4.60000000e-02 -1.97904881e-01 -4.60000000e-02 -2.32892718e-03 
-4.59000000e-02 -4.59000000e-02 -4.59000000e-02 -1.97405215e-01 -4.59000000e-02 -2.32892755e-03 
-4.58000000e-02 -4.58000000e-02 -4.58000000e-02 -1.96957800e-01 -4.58000000e-02 -2.32892776e-03 
-4.57000000e-02 -4.57000000e-02 -4.57000000e-02 -1.96455620e-01 -4.57000000e-02 -2.32892815e-03 
-4.56000000e-02 -4.56000000e-02 -4.56000000e-02 -1.95910378e-01 -4.56000000e-02 -2.32892862e-03 
-4.55000000e-02 -4.55000000e-02 -4.55000000e-02 -1.95409945e-01 -4.55000000e-02 -2.32892899e-03 
-4.54000000e-02 -4.54000000e-02 -4.54000000e-02 -1.94961906e-01 -4.54000000e-02 -2.32892920e-03 
-4.53000000e-02 -4.53000000e-02 -4.53000000e-02 -1.94458986e-01 -4.53000000e-02 -2.32892958e-03 
-4.52000000e-02 -4.52000000e-02 -4.52000000e-02 -1.93912758e-01 -4.52000000e-02 -2.32893005e-03 
-4.51000000e-02 -4.51000000e-02 -4.51000000e-02 -1.93411568e-01 -4.51000000e-02 -2.32893041e-03 
-4.50000000e-02 -4.50000000e-02 -4.50000000e-02 -1.92962911e-01 -4.50000000e-02 -2.32893062e-03 
-4.49000000e-02 -4.49000000e-02 -4.49000000e-02 -1.92459261e-01 -4.49000000e-02 -2.32893099e-03 
-4.48000000e-02 -4.48000000e-02 -4.48000000e-02 -1.91912056e-01 -4.48000000e-02 -2.32893146e-03 
-4.47000000e-02 -4.47000000e-02 -4.47000000e-02 -1.91410118e-01 -4.47000000e-02 -2.32893181e-03 
-4.46000000e-02 -4.46000000e-02 -4.46000000e-02 -1.90960851e-01 -4.46000000e-02 -2.32893202e-03 
-4.45000000e-02 -4.45000000e-02 -4.45000000e-02 -1.90456479e-01 -4.45000000e-02 -2.32893239e-03 
-4.44000000e-02 -4.44000000e-02 -4.44000000e-02 -1.89908307e-01 -4.44000000e-02 -2.32893285e-03 
-4.43000000e-02 -4.43000000e-02 -4.43000000e-02 -1.89405630e-01 -4.43000000e-02 -2.32893320e-03 
-4.42000000e-02 -4.42000000e-02 -4.42000000e-02 -1.88955760e-01 -4.42000000e-02 -2.32893340e-03 
-4.41000000e-02 -4.41000000e-02 -4.41000000e-02 -1.88450675e-01 -4.41000000e-02 -2.32893376e-03 
-4.40000000e-02 -4.40000000e-02 -4.40000000e-02 -1.87901547e-01 -4.40000000e-02 -2.32893422e-03 
-4.39000000e-02 -4.39000000e-02 -4.39000000e-02 -1.87398139e-01 -4.39000000e-02 -2.32893456e-03 
-4.38000000e-02 -4.38000000e-02 -4.38000000e-02 -1.86947674e-01 -4.38000000e-02 -2.32893476e-03 
-4.37000000e-02 -4.37000000e-02 -4.37000000e-02 -1.86441883e-01 -4.37000000e-02 -2.32893512e-03 
-4.36000000e-02 -4.36000000e-02 -4.36000000e-02 -1.85891810e-01 -4.36000000e-02 -2.32893557e-03 
-4.35000000e-02 -4.35000000e-02 -4.35000000e-02 -1.85387680e-01 -4.35000000e-02 -2.32893591e-03 
-4.34000000e-02 -4.34000000e-02 -4.34000000e-02 -1.84936626e-01 -4.34000000e-02 -2.32893610e-03 
-4.33000000e-02 -4.33000000e-02 -4.33000000e-02 -1.84430140e-01 -4.33000000e-02 -2.32893645e-03 
-4.32000000e-02 -4.32000000e-02 -4.32000000e-02 -1.83879131e-01 -4.32000000e-02 -2.32893690e-03 
-4.31000000e-02 -4.31000000e-02 -4.31000000e-02 -1.83374288e-01 -4.31000000e-02 -2.32893723e-03 
-4.30000000e-02 -4.30000000e-02 -4.30000000e-02 -1.82922652e-01 -4.30000000e-02 -2.32893742e-03 
-4.29000000e-02 -4.29000000e-02 -4.29000000e-02 -1.82415478e-01 -4.29000000e-02 -2.32893777e-03 
-4.28000000e-02 -4.28000000e-02 -4.28000000e-02 -1.81863544e-01 -4.28000000e-02 -2.32893821e-03 
-4.27000000e-02 -4.27000000e-02 -4.27000000e-02 -1.81357997e-01 -4.27000000e-02 -2.32893854e-03 
-4.26000000e-02 -4.26000000e-02 -4.26000000e-02 -1.80849016e-01 -4.26000000e-02 -2.32893888e-03 
-4.25000000e-02 -4.25000000e-02 -4.25000000e-02 -1.80400767e-01 -4.25000000e-02 -2.32893905e-03 
-4.24000000e-02 -4.24000000e-02 -4.24000000e-02 -1.79891669e-01 -4.24000000e-02 -2.32893940e-03 
-4.23000000e-02 -4.23000000e-02 -4.23000000e-02 -1.79340040e-01 -4.23000000e-02 -2.32893983e-03 
-4.22000000e-02 -4.22000000e-02 -4.22000000e-02 -1.78833447e-01 -4.22000000e-02 -2.32894016e-03 
-4.21000000e-02 -4.21000000e-02 -4.21000000e-02 -1.78323705e-01 -4.21000000e-02 -2.32894049e-03 
-4.20000000e-02 -4.20000000e-02 -4.20000000e-02 -1.77817987e-01 -4.20000000e-02 -2.32894080e-03 
-4.19000000e-02 -4.19000000e-02 -4.19000000e-02 -1.77367694e-01 -4.19000000e-02 -2.32894098e-03 
-4.18000000e-02 -4.18000000e-02 -4.18000000e-02 -1.76858974e-01 -4.18000000e-02 -2.32894131e-03 
-4.17000000e-02 -4.17000000e-02 -4.17000000e-02 -1.76305823e-01 -4.17000000e-02 -2.32894174e-03 
-4.16000000e-02 -4.16000000e-02 -4.16000000e-02 -1.75798389e-01 -4.16000000e-02 -2.32894205e-03 
-4.15000000e-02 -4.15000000e-02 -4.15000000e-02 -1.75287523e-01 -4.15000000e-02 -2.32894238e-03 
-4.14000000e-02 -4.14000000e-02 -4.14000000e-02 -1.74780781e-01 -4.14000000e-02 -2.32894269e-03 
-4.13000000e-02 -4.13000000e-02 -4.13000000e-02 -1.74329684e-01 -4.13000000e-02 -2.32894286e-03 
-4.12000000e-02 -4.12000000e-02 -4.12000000e-02 -1.73819983e-01 -4.12000000e-02 -2.32894319e-03 
-4.11000000e-02 -4.11000000e-02 -4.11000000e-02 -1.73265521e-01 -4.11000000e-02 -2.32894360e-03 
-4.10000000e-02 -4.10000000e-02 -4.10000000e-02 -1.72757082e-01 -4.10000000e-02 -2.32894392e-03 
-4.09000000e-02 -4.09000000e-02 -4.09000000e-02 -1.72245146e-01 -4.09000000e-02 -2.32894423e-03 
-4.08000000e-02 -4.08000000e-02 -4.08000000e-02 -1.71737383e-01 -4.08000000e-02 -2.32894454e-03 
-4.07000000e-02 -4.07000000e-02 -4.07000000e-02 -1.71285503e-01 -4.07000000e-02 -2.32894470e-03 
-4.06000000e-02 -4.06000000e-02 -4.06000000e-02 -1.70774836e-01 -4.06000000e-02 -2.32894503e-03 
-4.05000000e-02 -4.05000000e-02 -4.05000000e-02 -1.70219086e-01 -4.05000000e-02 -2.32894543e-03 
-4.04000000e-02 -4.04000000e-02 -4.04000000e-02 -1.69709661e-01 -4.04000000e-02 -2.32894574e-03 
-4.03000000e-02 -4.03000000e-02 -4.03000000e-02 -1.69196676e-01 -4.03000000e-02 -2.32894605e-03 
-4.02000000e-02 -4.02000000e-02 -4.02000000e-02 -1.68687910e-01 -4.02000000e-02 -2.32894635e-03 
-4.01000000e-02 -4.01000000e-02 -4.01000000e-02 -1.68178656e-01 -4.01000000e-02 -2.32894665e-03 
-4.00000000e-02 -4.00000000e-02 -4.00000000e-02 -1.67669652e-01 -4.00000000e-02 -2.32894695e-03 
-3.99000000e-02 -3.99000000e-02 -3.99000000e-02 -1.67160453e-01 -3.99000000e-02 -2.32894724e-03 
-3.98000000e-02 -3.98000000e-02 -3.98000000e-02 -1.66651130e-01 -3.98000000e-02 -2.32894754e-03 
-3.97000000e-02 -3.97000000e-02 -3.97000000e-02 -1.66141641e-01 -3.97000000e-02 -2.32894783e-03 
-3.96000000e-02 -3.96000000e-02 -3.96000000e-02 -1.65631992e-01 -3.96000000e-02 -2.32894813e-03 
-3.95000000e-02 -3.95000000e-02 -3.95000000e-02 -1.65122182e-01 -3.95000000e-02 -2.32894842e-03 
-3.94000000e-02 -3.94000000e-02 -3.94000000e-02 -1.64612209e-01 -3.94000000e-02 -2.32894871e-03 
-3.93000000e-02 -3.93000000e-02 -3.93000000e-02 -1.64102076e-01 -3.93000000e-02 -2.32894900e-03 
-3.92000000e-02 -3.92000000e-02 -3.92000000e-02 -1.63591781e-01 -3.92000000e-02 -2.32894929e-03 
-3.91000000e-02 -3.91000000e-02 -3.91000000e-02 -1.63081327e-01 -3.91000000e-02 -2.32894958e-03 
-3.90000000e-02 -3.90000000e-02 -3.90000000e-02 -1.62570713e-01 -3.90000000e-02 -2.32894987e-03 
-3.89000000e-02 -3.89000000e-02 -3.89000000e-02 -1.62059940e-01 -3.89000000e-02 -2.32895016e-03 
-3.88000000e-02 -3.88000000e-02 -3.88000000e-02 -1.61549009e-01 -3.88000000e-02 -2.32895044e-03 
-3.87000000e-02 -3.87000000e-02 -3.87000000e-02 -1.61037919e-01 -3.87000000e-02 -2.32895073e-03 
-3.86000000e-02 -3.86000000e-02 -3.86000000e-02 -1.60526672e-01 -3.86000000e-02 -2.32895101e-03 
-3.85000000e-02 -3.85000000e-02 -3.85000000e-02 -1.60015268e-01 -3.85000000e-02 -2.32895130e-03 
-3.84000000e-02 -3.84000000e-02 -3.84000000e-02 -1.59503708e-01 -3.84000000e-02 -2.32895158e-03 
-3.83000000e-02 -3.83000000e-02 -3.83000000e-02 -1.58991991e-01 -3.83000000e-02 -2.32895186e-03 
-3.82000000e-02 -3.82000000e-02 -3.82000000e-02 -1.58480120e-01 -3.82000000e-02 -2.32895214e-03 
-3.81000000e-02 -3.81000000e-02 -3.81000000e-02 -1.57968093e-01 -3.81000000e-02 -2.32895242e-03 
-3.80000000e-02 -3.80000000e-02 -3.80000000e-02 -1.57455913e-01 -3.80000000e-02 -2.32895270e-03 
-3.79000000e-02 -3.79000000e-02 -3.79000000e-02 -1.56943578e-01 -3.79000000e-02 -2.32895298e-03 
-3.78000000e-02 -3.78000000e-02 -3.78000000e-02 -1.56431090e-01 -3.78000000e-02 -2.32895326e-03 
-3.77000000e-02 -3.77000000e-02 -3.77000000e-02 -1.55918450e-01 -3.77000000e-02 -2.32895353e-03 
-3.76000000e-02 -3.76000000e-02 -3.76000000e-02 -1.55405658e-01 -3.76000000e-02 -2.32895381e-03 
-3.75000000e-02 -3.75000000e-02 -3.75000000e-02 -1.54892713e-01 -3.75000000e-02 -2.32895408e-03 
-3.74000000e-02 -3.74000000e-02 -3.74000000e-02 -1.54379618e-01 -3.74000000e-02 -2.32895436e-03 
-3.73000000e-02 -3.73000000e-02 -3.73000000e-02 -1.53866372e-01 -3.73000000e-02 -2.32895463e-03 
-3.72000000e-02 -3.72000000e-02 -3.72000000e-02 -1.53352977e-01 -3.72000000e-02 -2.32895490e-03 
-3.71000000e-02 -3.71000000e-02 -3.71000000e-02 -1.52839431e-01 -3.71000000e-02 -2.32895517e-03 
-3.70000000e-02 -3.70000000e-02 -3.70000000e-02 -1.52325737e-01 -3.70000000e-02 -2.32895544e-03 
-3.69000000e-02 -3.69000000e-02 -3.69000000e-02 -1.51811894e-01 -3.69000000e-02 -2.32895571e-03 
-3.68000000e-02 -3.68000000e-02 -3.68000000e-02 -1.51297904e-01 -3.68000000e-02 -2.32895598e-03 
-3.67000000e-02 -3.67000000e-02 -3.67000000e-02 -1.50783766e-01 -3.67000000e-02 -2.32895625e-03 
-3.66000000e-02 -3.66000000e-02 -3.66000000e-02 -1.50269481e-01 -3.66000000e-02 -2.32895652e-03 
-3.65000000e-02 -3.65000000e-02 -3.65000000e-02 -1.49755050e-01 -3.65000000e-02 -2.32895679e-03 
-3.64000000e-02 -3.64000000e-02 -3.64000000e-02 -1.49240473e-01 -3.64000000e-02 -2.32895705e-03 
-3.63000000e-02 -3.63000000e-02 -3.63000000e-02 -1.48725751e-01 -3.63000000e-02 -2.32895732e-03 
-3.62000000e-02 -3.62000000e-02 -3.62000000e-02 -1.48210884e-01 -3.62000000e-02 -2.32895758e-03 
-3.61000000e-02 -3.61000000e-02 -3.61000000e-02 -1.47695873e-01 -3.61000000e-02 -2.32895784e-03 
-3.60000000e-02 -3.60000000e-02 -3.60000000e-02 -1.47180718e-01 -3.60000000e-02 -2.32895811e-03 
-3.59000000e-02 -3.59000000e-02 -3.59000000e-02 -1.46665420e-01 -3.59000000e-02 -2.32895837e-03 
-3.58000000e-02 -3.58000000e-02 -3.58000000e-02 -1.46149979e-01 -3.58000000e-02 -2.32895863e-03 
-3.57000000e-02 -3.57000000e-02 -3.57000000e-02 -1.45634397e-01 -3.57000000e-02 -2.32895889e-03 
-3.56000000e-02 -3.56000000e-02 -3.56000000e-02 -1.45118672e-01 -3.56000000e-02 -2.32895915e-03 
-3.55000000e-02 -3.55000000e-02 -3.55000000e-02 -1.44602807e-01 -3.55000000e-02 -2.32895941e-03 
-3.54000000e-02 -3.54000000e-02 -3.54000000e-02 -1.44086801e-01 -3.54000000e-02 -2.32895966e-03 
-3.53000000e-02 -3.53000000e-02 -3.53000000e-02 -1.43570656e-01 -3.53000000e-02 -2.32895992e-03 
-3.52000000e-02 -3.52000000e-02 -3.52000000e-02 -1.43054370e-01 -3.52000000e-02 -2.32896018e-03 
-3.51000000e-02 -3.51000000e-02 -3.51000000e-02 -1.42537946e-01 -3.51000000e-02 -2.32896043e-03 
-3.50000000e-02 -3.50000000e-02 -3.50000000e-02 -1.42021384e-01 -3.50000000e-02 -2.32896069e-03 
-3.49000000e-02 -3.49000000e-02 -3.49000000e-02 -1.41504683e-01 -3.49000000e-02 -2.32896094e-03 
-3.48000000e-02 -3.48000000e-02 -3.48000000e-02 -1.40987846e-01 -3.48000000e-02 -2.32896120e-03 
-3.47000000e-02 -3.47000000e-02 -3.47000000e-02 -1.40470871e-01 -3.47000000e-02 -2.32896145e-03 
-3.46000000e-02 -3.46000000e-02 -3.46000000e-02 -1.39953760e-01 -3.46000000e-02 -2.32896170e-03 
-3.45000000e-02 -3.45000000e-02 -3.45000000e-02 -1.39436514e-01 -3.45000000e-02 -2.32896195e-03 
-3.44000000e-02 -3.44000000e-02 -3.44000000e-02 -1.38919132e-01 -3.44000000e-02 -2.32896220e-03 
-3.43000000e-02 -3.43000000e-02 -3.43000000e-02 -1.38401615e-01 -3.43000000e-02 -2.32896245e-03 
-3.42000000e-02 -3.42000000e-02 -3.42000000e-02 -1.37883964e-01 -3.42000000e-02 -2.32896270e-03 
-3.41000000e-02 -3.41000000e-02 -3.41000000e-02 -1.37366180e-01 -3.41000000e-02 -2.32896295e-03 
-3.40000000e-02 -3.40000000e-02 -3.40000000e-02 -1.36848262e-01 -3.40000000e-02 -2.32896320e-03 
-3.39000000e-02 -3.39000000e-02 -3.39000000e-02 -1.36330212e-01 -3.39000000e-02 -2.32896345e-03 
-3.38000000e-02 -3.38000000e-02 -3.38000000e-02 -1.35812030e-01 -3.38000000e-02 -2.32896369e-03 
-3.37000000e-02 -3.37000000e-02 -3.37000000e-02 -1.35293716e-01 -3.37000000e-02 -2.32896394e-03 
-3.36000000e-02 -3.36000000e-02 -3.36000000e-02 -1.34775271e-01 -3.36000000e-02 -2.32896419e-03 
-3.35000000e-02 -3.35000000e-02 -3.35000000e-02 -1.34256695e-01 -3.35000000e-02 -2.32896443e-03 
-3.34000000e-02 -3.34000000e-02 -3.34000000e-02 -1.33737990e-01 -3.34000000e-02 -2.32896467e-03 
-3.33000000e-02 -3.33000000e-02 -3.33000000e-02 -1.33219155e-01 -3.33000000e-02 -2.32896492e-03 
-3.32000000e-02 -3.32000000e-02 -3.32000000e-02 -1.32700191e-01 -3.32000000e-02 -2.32896516e-03 
-3.31000000e-02 -3.31000000e-02 -3.31000000e-02 -1.32181098e-01 -3.31000000e-02 -2.32896540e-03 
-3.30000000e-02 -3.30000000e-02 -3.30000000e-02 -1.31661878e-01 -3.30000000e-02 -2.32896564e-03 
-3.29000000e-02 -3.29000000e-02 -3.29000000e-02 -1.31142530e-01 -3.29000000e-02 -2.32896588e-03 
-3.28000000e-02 -3.28000000e-02 -3.28000000e-02 -1.30623056e-01 -3.28000000e-02 -2.32896612e-03 
-3.27000000e-02 -3.27000000e-02 -3.27000000e-02 -1.30103455e-01 -3.27000000e-02 -2.32896636e-03 
-3.26000000e-02 -3.26000000e-02 -3.26000000e-02 -1.29583728e-01 -3.26000000e-02 -2.32896660e-03 
-3.25000000e-02 -3.25000000e-02 -3.25000000e-02 -1.29063876e-01 -3.25000000e-02 -2.32896684e-03 
-3.24000000e-02 -3.24000000e-02 -3.24000000e-02 -1.28543899e-01 -3.24000000e-02 -2.32896708e-03 
-3.23000000e-02 -3.23000000e-02 -3.23000000e-02 -1.28023798e-01 -3.23000000e-02 -2.32896732e-03 
-3.22000000e-02 -3.22000000e-02 -3.22000000e-02 -1.27503573e-01 -3.22000000e-02 -2.32896755e-03 
-3.21000000e-02 -3.21000000e-02 -3.21000000e-02 -1.26983225e-01 -3.21000000e-02 -2.32896779e-03 
-3.20000000e-02 -3.20000000e-02 -3.20000000e-02 -1.26462754e-01 -3.20000000e-02 -2.32896802e-03 
-3.19000000e-02 -3.19000000e-02 -3.19000000e-02 -1.25942161e-01 -3.19000000e-02 -2.32896826e-03 
-3.18000000e-02 -3.18000000e-02 -3.18000000e-02 -1.25421447e-01 -3.18000000e-02 -2.32896849e-03 
-3.17000000e-02 -3.17000000e-02 -3.17000000e-02 -1.24900611e-01 -3.17000000e-02 -2.32896873e-03 
-3.16000000e-02 -3.16000000e-02 -3.16000000e-02 -1.24379655e-01 -3.16000000e-02 -2.32896896e-03 
-3.15000000e-02 -3.15000000e-02 -3.15000000e-02 -1.23858578e-01 -3.15000000e-02 -2.32896919e-03 
-3.14000000e-02 -3.14000000e-02 -3.14000000e-02 -1.23337382e-01 -3.14000000e-02 -2.32896942e-03 
-3.13000000e-02 -3.13000000e-02 -3.13000000e-02 -1.22816067e-01 -3.13000000e-02 -2.32896965e-03 
-3.12000000e-02 -3.12000000e-02 -3.12000000e-02 -1.22294634e-01 -3.12000000e-02 -2.32896989e-03 
-3.11000000e-02 -3.11000000e-02 -3.11000000e-02 -1.21773082e-01 -3.11000000e-02 -2.32897012e-03 
-3.10000000e-02 -3.10000000e-02 -3.10000000e-02 -1.21251413e-01 -3.10000000e-02 -2.32897035e-03 
-3.09000000e-02 -3.09000000e-02 -3.09000000e-02 -1.20729627e-01 -3.09000000e-02 -2.32897057e-03 
-3.08000000e-02 -3.08000000e-02 -3.08000000e-02 -1.20207724e-01 -3.08000000e-02 -2.32897080e-03 
-3.07000000e-02 -3.07000000e-02 -3.07000000e-02 -1.19685706e-01 -3.07000000e-02 -2.32897103e-03 
-3.06000000e-02 -3.06000000e-02 -3.06000000e-02 -1.19163572e-01 -3.06000000e-02 -2.32897126e-03 
-3.05000000e-02 -3.05000000e-02 -3.05000000e-02 -1.18641323e-01 -3.05000000e-02 -2.32897149e-03 
-3.04000000e-02 -3.04000000e-02 -3.04000000e-02 -1.18118959e-01 -3.04000000e-02 -2.32897171e-03 
-3.03000000e-02 -3.03000000e-02 -3.03000000e-02 -1.17596482e-01 -3.03000000e-02 -2.32897194e-03 
-3.02000000e-02 -3.02000000e-02 -3.02000000e-02 -1.17073892e-01 -3.02000000e-02 -2.32897216e-03 
-3.01000000e-02 -3.01000000e-02 -3.01000000e-02 -1.16551188e-01 -3.01000000e-02 -2.32897239e-03 
-3.00000000e-02 -3.00000000e-02 -3.00000000e-02 -1.16028373e-01 -3.00000000e-02 -2.32897261e-03 
-2.99000000e-02 -2.99000000e-02 -2.99000000e-02 -1.15505445e-01 -2.99000000e-02 -2.32897284e-03 
-2.98000000e-02 -2.98000000e-02 -2.98000000e-02 -1.14982406e-01 -2.98000000e-02 -2.32897306e-03 
-2.97000000e-02 -2.97000000e-02 -2.97000000e-02 -1.14459257e-01 -2.97000000e-02 -2.32897328e-03 
-2.96000000e-02 -2.96000000e-02 -2.96000000e-02 -1.13935997e-01 -2.96000000e-02 -2.32897351e-03 
-2.95000000e-02 -2.95000000e-02 -2.95000000e-02 -1.13412628e-01 -2.95000000e-02 -2.32897373e-03 
-2.94000000e-02 -2.94000000e-02 -2.94000000e-02 -1.12889149e-01 -2.94000000e-02 -2.32897395e-03 
-2.93000000e-02 -2.93000000e-02 -2.93000000e-02 -1.12365561e-01 -2.93000000e-02 -2.32897417e-03 
-2.92000000e-02 -2.92000000e-02 -2.92000000e-02 -1.11841866e-01 -2.92000000e-02 -2.32897439e-03 
-2.91000000e-02 -2.91000000e-02 -2.91000000e-02 -1.11318062e-01 -2.91000000e-02 -2.32897461e-03 
-2.90000000e-02 -2.90000000e-02 -2.90000000e-02 -1.10794152e-01 -2.90000000e-02 -2.32897483e-03 
-2.89000000e-02 -2.89000000e-02 -2.89000000e-02 -1.10270135e-01 -2.89000000e-02 -2.32897505e-03 
-2.88000000e-02 -2.88000000e-02 -2.88000000e-02 -1.09746012e-01 -2.88000000e-02 -2.32897527e-03 
-2.87000000e-02 -2.87000000e-02 -2.87000000e-02 -1.09221783e-01 -2.87000000e-02 -2.32897549e-03 
-2.86000000e-02 -2.86000000e-02 -2.86000000e-02 -1.08697449e-01 -2.86000000e-02 -2.32897571e-03 
-2.85000000e-02 -2.85000000e-02 -2.85000000e-02 -1.08173010e-01 -2.85000000e-02 -2.32897592e-03 
-2.84000000e-02 -2.84000000e-02 -2.84000000e-02 -1.07648467e-01 -2.84000000e-02 -2.32897614e-03 
-2.83000000e-02 -2.83000000e-02 -2.83000000e-02 -1.07123821e-01 -2.83000000e-02 -2.32897636e-03 
-2.82000000e-02 -2.82000000e-02 -2.82000000e-02 -1.06599072e-01 -2.82000000e-02 -2.32897657e-03 
-2.81000000e-02 -2.81000000e-02 -2.81000000e-02 -1.06074220e-01 -2.81000000e-02 -2.32897679e-03 
-2.80000000e-02 -2.80000000e-02 -2.80000000e-02 -1.05549266e-01 -2.80000000e-02 -2.32897700e-03 
-2.79000000e-02 -2.79000000e-02 -2.79000000e-02 -1.05024211e-01 -2.79000000e-02 -2.32897722e-03 
-2.78000000e-02 -2.78000000e-02 -2.78000000e-02 -1.04499055e-01 -2.78000000e-02 -2.32897743e-03 
-2.77000000e-02 -2.77000000e-02 -2.77000000e-02 -1.03973798e-01 -2.77000000e-02 -2.32897765e-03 
-2.76000000e-02 -2.76000000e-02 -2.76000000e-02 -1.03448441e-01 -2.76000000e-02 -2.32897786e-03 
-2.75000000e-02 -2.75000000e-02 -2.75000000e-02 -1.02922985e-01 -2.75000000e-02 -2.32897808e-03 
-2.74000000e-02 -2.74000000e-02 -2.74000000e-02 -1.02397430e-01 -2.74000000e-02 -2.32897829e-03 
-2.73000000e-02 -2.73000000e-02 -2.73000000e-02 -1.01871777e-01 -2.73000000e-02 -2.32897850e-03 
-2.72000000e-02 -2.72000000e-02 -2.72000000e-02 -1.01346025e-01 -2.72000000e-02 -2.32897871e-03 
-2.71000000e-02 -2.71000000e-02 -2.71000000e-02 -1.00820176e-01 -2.71000000e-02 -2.32897893e-03 
-2.70000000e-02 -2.70000000e-02 -2.70000000e-02 -1.00294230e-01 -2.70000000e-02 -2.32897914e-03 
-2.69000000e-02 -2.69000000e-02 -2.69000000e-02 -9.97681884e-02 -2.69000000e-02 -2.32897935e-03 
-2.68000000e-02 -2.68000000e-02 -2.68000000e-02 -9.92420504e-02 -2.68000000e-02 -2.32897956e-03 
-2.67000000e-02 -2.67000000e-02 -2.67000000e-02 -9.87158171e-02 -2.67000000e-02 -2.32897977e-03 
-2.66000000e-02 -2.66000000e-02 -2.66000000e-02 -9.81894889e-02 -2.66000000e-02 -2.32897998e-03 
-2.65000000e-02 -2.65000000e-02 -2.65000000e-02 -9.76630665e-02 -2.65000000e-02 -2.32898019e-03 
-2.64000000e-02 -2.64000000e-02 -2.64000000e-02 -9.71365502e-02 -2.64000000e-02 -2.32898040e-03 
-2.63000000e-02 -2.63000000e-02 -2.63000000e-02 -9.66099406e-02 -2.63000000e-02 -2.32898061e-03 
-2.62000000e-02 -2.62000000e-02 -2.62000000e-02 -9.60832382e-02 -2.62000000e-02 -2.32898082e-03 
-2.61000000e-02 -2.61000000e-02 -2.61000000e-02 -9.55564435e-02 -2.61000000e-02 -2.32898102e-03 
-2.60000000e-02 -2.60000000e-02 -2.60000000e-02 -9.50295570e-02 -2.60000000e-02 -2.32898123e-03 
-2.59000000e-02 -2.59000000e-02 -2.59000000e-02 -9.45025793e-02 -2.59000000e-02 -2.32898144e-03 
-2.58000000e-02 -2.58000000e-02 -2.58000000e-02 -9.39755108e-02 -2.58000000e-02 -2.32898165e-03 
-2.57000000e-02 -2.57000000e-02 -2.57000000e-02 -9.34483521e-02 -2.57000000e-02 -2.32898185e-03 
-2.56000000e-02 -2.56000000e-02 -2.56000000e-02 -9.29211037e-02 -2.56000000e-02 -2.32898206e-03 
-2.55000000e-02 -2.55000000e-02 -2.55000000e-02 -9.23937660e-02 -2.55000000e-02 -2.32898227e-03 
-2.54000000e-02 -2.54000000e-02 -2.54000000e-02 -9.18663396e-02 -2.54000000e-02 -2.32898247e-03 
-2.53000000e-02 -2.53000000e-02 -2.53000000e-02 -9.13388251e-02 -2.53000000e-02 -2.32898268e-03 
-2.52000000e-02 -2.52000000e-02 -2.52000000e-02 -9.08112228e-02 -2.52000000e-02 -2.32898289e-03 
-2.51000000e-02 -2.51000000e-02 -2.51000000e-02 -9.02835333e-02 -2.51000000e-02 -2.32898309e-03 
-2.50000000e-02 -2.50000000e-02 -2.50000000e-02 -8.97557572e-02 -2.50000000e-02 -2.32898330e-03 
-2.49000000e-02 -2.49000000e-02 -2.49000000e-02 -8.92278949e-02 -2.49000000e-02 -2.32898350e-03 
-2.48000000e-02 -2.48000000e-02 -2.48000000e-02 -8.86999470e-02 -2.48000000e-02 -2.32898370e-03 
-2.47000000e-02 -2.47000000e-02 -2.47000000e-02 -8.81719139e-02 -2.47000000e-02 -2.32898391e-03 
-2.46000000e-02 -2.46000000e-02 -2.46000000e-02 -8.76437961e-02 -2.46000000e-02 -2.32898411e-03 
-2.45000000e-02 -2.45000000e-02 -2.45000000e-02 -8.71155943e-02 -2.45000000e-02 -2.32898432e-03 
-2.44000000e-02 -2.44000000e-02 -2.44000000e-02 -8.65873088e-02 -2.44000000e-02 -2.32898452e-03 
-2.43000000e-02 -2.43000000e-02 -2.43000000e-02 -8.60589402e-02 -2.43000000e-02 -2.32898472e-03 
-2.42000000e-02 -2.42000000e-02 -2.42000000e-02 -8.55304890e-02 -2.42000000e-02 -2.32898492e-03 
-2.41000000e-02 -2.41000000e-02 -2.41000000e-02 -8.50019557e-02 -2.41000000e-02 -2.32898513e-03 
-2.40000000e-02 -2.40000000e-02 -2.40000000e-02 -8.44733408e-02 -2.40000000e-02 -2.32898533e-03 
-2.39000000e-02 -2.39000000e-02 -2.39000000e-02 -8.39446449e-02 -2.39000000e-02 -2.32898553e-03 
-2.38000000e-02 -2.38000000e-02 -2.38000000e-02 -8.34158683e-02 -2.38000000e-02 -2.32898573e-03 
-2.37000000e-02 -2.37000000e-02 -2.37000000e-02 -8.28870117e-02 -2.37000000e-02 -2.32898593e-03 
-2.36000000e-02 -2.36000000e-02 -2.36000000e-02 -8.23580756e-02 -2.36000000e-02 -2.32898614e-03 
-2.35000000e-02 -2.35000000e-02 -2.35000000e-02 -8.18290604e-02 -2.35000000e-02 -2.32898634e-03 
-2.34000000e-02 -2.34000000e-02 -2.34000000e-02 -8.12999666e-02 -2.34000000e-02 -2.32898654e-03 
-2.33000000e-02 -2.33000000e-02 -2.33000000e-02 -8.07707948e-02 -2.33000000e-02 -2.32898674e-03 
-2.32000000e-02 -2.32000000e-02 -2.32000000e-02 -8.02415455e-02 -2.32000000e-02 -2.32898694e-03 
-2.31000000e-02 -2.31000000e-02 -2.31000000e-02 -7.97122191e-02 -2.31000000e-02 -2.32898714e-03 
-2.30000000e-02 -2.30000000e-02 -2.30000000e-02 -7.91828163e-02 -2.30000000e-02 -2.32898734e-03 
-2.29000000e-02 -2.29000000e-02 -2.29000000e-02 -7.86533374e-02 -2.29000000e-02 -2.32898754e-03 
-2.28000000e-02 -2.28000000e-02 -2.28000000e-02 -7.81237830e-02 -2.28000000e-02 -2.32898774e-03 
-2.27000000e-02 -2.27000000e-02 -2.27000000e-02 -7.75941537e-02 -2.27000000e-02 -2.32898794e-03 
-2.26000000e-02 -2.26000000e-02 -2.26000000e-02 -7.70644498e-02 -2.26000000e-02 -2.32898814e-03 
-2.25000000e-02 -2.25000000e-02 -2.25000000e-02 -7.65346719e-02 -2.25000000e-02 -2.32898833e-03 
-2.24000000e-02 -2.24000000e-02 -2.24000000e-02 -7.60048206e-02 -2.24000000e-02 -2.32898853e-03 
-2.23000000e-02 -2.23000000e-02 -2.23000000e-02 -7.54748963e-02 -2.23000000e-02 -2.32898873e-03 
-2.22000000e-02 -2.22000000e-02 -2.22000000e-02 -7.49448995e-02 -2.22000000e-02 -2.32898893e-03 
-2.21000000e-02 -2.21000000e-02 -2.21000000e-02 -7.44148308e-02 -2.21000000e-02 -2.32898913e-03 
-2.20000000e-02 -2.20000000e-02 -2.20000000e-02 -7.38846906e-02 -2.20000000e-02 -2.32898932e-03 
-2.19000000e-02 -2.19000000e-02 -2.19000000e-02 -7.33544795e-02 -2.19000000e-02 -2.32898952e-03 
-2.18000000e-02 -2.18000000e-02 -2.18000000e-02 -7.28241979e-02 -2.18000000e-02 -2.32898972e-03 
-2.17000000e-02 -2.17000000e-02 -2.17000000e-02 -7.22938463e-02 -2.17000000e-02 -2.32898992e-03 
-2.16000000e-02 -2.16000000e-02 -2.16000000e-02 -7.17634254e-02 -2.16000000e-02 -2.32899011e-03 
-2.15000000e-02 -2.15000000e-02 -2.15000000e-02 -7.12329355e-02 -2.15000000e-02 -2.32899031e-03 
-2.14000000e-02 -2.14000000e-02 -2.14000000e-02 -7.07023771e-02 -2.14000000e-02 -2.32899051e-03 
-2.13000000e-02 -2.13000000e-02 -2.13000000e-02 -7.01717509e-02 -2.13000000e-02 -2.32899070e-03 
-2.12000000e-02 -2.12000000e-02 -2.12000000e-02 -6.96410572e-02 -2.12000000e-02 -2.32899090e-03 
-2.11000000e-02 -2.11000000e-02 -2.11000000e-02 -6.91102966e-02 -2.11000000e-02 -2.32899110e-03 
-2.10000000e-02 -2.10000000e-02 -2.10000000e-02 -6.85794696e-02 -2.10000000e-02 -2.32899129e-03 
-2.09000000e-02 -2.09000000e-02 -2.09000000e-02 -6.80485767e-02 -2.09000000e-02 -2.32899149e-03 
-2.08000000e-02 -2.08000000e-02 -2.08000000e-02 -6.75176184e-02 -2.08000000e-02 -2.32899168e-03 
-2.07000000e-02 -2.07000000e-02 -2.07000000e-02 -6.69865952e-02 -2.07000000e-02 -2.32899188e-03 
-2.06000000e-02 -2.06000000e-02 -2.06000000e-02 -6.64555076e-02 -2.06000000e-02 -2.32899208e-03 
-2.05000000e-02 -2.05000000e-02 -2.05000000e-02 -6.59243561e-02 -2.05000000e-02 -2.32899227e-03 
-2.04000000e-02 -2.04000000e-02 -2.04000000e-02 -6.53931412e-02 -2.04000000e-02 -2.32899247e-03 
-2.03000000e-02 -2.03000000e-02 -2.03000000e-02 -6.48618635e-02 -2.03000000e-02 -2.32899266e-03 
-2.02000000e-02 -2.02000000e-02 -2.02000000e-02 -6.43305234e-02 -2.02000000e-02 -2.32899286e-03 
-2.01000000e-02 -2.01000000e-02 -2.01000000e-02 -6.37991213e-02 -2.01000000e-02 -2.32899305e-03 
-2.00000000e-02 -2.00000000e-02 -2.00000000e-02 -6.32676580e-02 -2.00000000e-02 -2.32899325e-03 
-1.99000000e-02 -1.99000000e-02 -1.99000000e-02 -6.27361337e-02 -1.99000000e-02 -2.32899344e-03 
-1.98000000e-02 -1.98000000e-02 -1.98000000e-02 -6.22045491e-02 -1.98000000e-02 -2.32899364e-03 
-1.97000000e-02 -1.97000000e-02 -1.97000000e-02 -6.16729046e-02 -1.97000000e-02 -2.32899383e-03 
-1.96000000e-02 -1.96000000e-02 -1.96000000e-02 -6.11412007e-02 -1.96000000e-02 -2.32899402e-03 
-1.95000000e-02 -1.95000000e-02 -1.95000000e-02 -6.06094380e-02 -1.95000000e-02 -2.32899422e-03 
-1.94000000e-02 -1.94000000e-02 -1.94000000e-02 -6.00776170e-02 -1.94000000e-02 -2.32899441e-03 
-1.93000000e-02 -1.93000000e-02 -1.93000000e-02 -5.95457380e-02 -1.93000000e-02 -2.32899461e-03 
-1.92000000e-02 -1.92000000e-02 -1.92000000e-02 -5.90138018e-02 -1.92000000e-02 -2.32899480e-03 
-1.91000000e-02 -1.91000000e-02 -1.91000000e-02 -5.84818086e-02 -1.91000000e-02 -2.32899499e-03 
-1.90000000e-02 -1.90000000e-02 -1.90000000e-02 -5.79497592e-02 -1.90000000e-02 -2.32899519e-03 
-1.89000000e-02 -1.89000000e-02 -1.89000000e-02 -5.74176539e-02 -1.89000000e-02 -2.32899538e-03 
-1.88000000e-02 -1.88000000e-02 -1.88000000e-02 -5.68854932e-02 -1.88000000e-02 -2.32899557e-03 
-1.87000000e-02 -1.87000000e-02 -1.87000000e-02 -5.63532777e-02 -1.87000000e-02 -2.32899577e-03 
-1.86000000e-02 -1.86000000e-02 -1.86000000e-02 -5.58210079e-02 -1.86000000e-02 -2.32899596e-03 
-1.85000000e-02 -1.85000000e-02 -1.85000000e-02 -5.52886842e-02 -1.85000000e-02 -2.32899615e-03 
-1.84000000e-02 -1.84000000e-02 -1.84000000e-02 -5.47563072e-02 -1.84000000e-02 -2.32899635e-03 
-1.83000000e-02 -1.83000000e-02 -1.83000000e-02 -5.42238773e-02 -1.83000000e-02 -2.32899654e-03 
-1.82000000e-02 -1.82000000e-02 -1.82000000e-02 -5.36913952e-02 -1.82000000e-02 -2.32899673e-03 
-1.81000000e-02 -1.81000000e-02 -1.81000000e-02 -5.31588612e-02 -1.81000000e-02 -2.32899692e-03 
-1.80000000e-02 -1.80000000e-02 -1.80000000e-02 -5.26262758e-02 -1.80000000e-02 -2.32899712e-03 
-1.79000000e-02 -1.79000000e-02 -1.79000000e-02 -5.20936397e-02 -1.79000000e-02 -2.32899731e-03 
-1.78000000e-02 -1.78000000e-02 -1.78000000e-02 -5.15609532e-02 -1.78000000e-02 -2.32899750e-03 
-1.77000000e-02 -1.77000000e-02 -1.77000000e-02 -5.10282168e-02 -1.77000000e-02 -2.32899770e-03 
-1.76000000e-02 -1.76000000e-02 -1.76000000e-02 -5.04954312e-02 -1.76000000e-02 -2.32899789e-03 
-1.75000000e-02 -1.75000000e-02 -1.75000000e-02 -4.99625967e-02 -1.75000000e-02 -2.32899808e-03 
-1.74000000e-02 -1.74000000e-02 -1.74000000e-02 -4.94297139e-02 -1.74000000e-02 -2.32899827e-03 
-1.73000000e-02 -1.73000000e-02 -1.73000000e-02 -4.88769058e-02 -1.73000000e-02 -2.32899849e-03 
-1.72000000e-02 -1.72000000e-02 -1.72000000e-02 -4.83439303e-02 -1.72000000e-02 -2.32899868e-03 
-1.71000000e-02 -1.71000000e-02 -1.71000000e-02 -4.78287458e-02 -1.71000000e-02 -2.32899885e-03 
-1.70000000e-02 -1.70000000e-02 -1.70000000e-02 -4.72956537e-02 -1.70000000e-02 -2.32899904e-03 
-1.69000000e-02 -1.69000000e-02 -1.69000000e-02 -4.67446282e-02 -1.69000000e-02 -2.32899926e-03 
-1.68000000e-02 -1.68000000e-02 -1.68000000e-02 -4.62114672e-02 -1.68000000e-02 -2.32899945e-03 
-1.67000000e-02 -1.67000000e-02 -1.67000000e-02 -4.56961785e-02 -1.67000000e-02 -2.32899962e-03 
-1.66000000e-02 -1.66000000e-02 -1.66000000e-02 -4.51629058e-02 -1.66000000e-02 -2.32899981e-03 
-1.65000000e-02 -1.65000000e-02 -1.65000000e-02 -4.46116926e-02 -1.65000000e-02 -2.32900002e-03 
-1.64000000e-02 -1.64000000e-02 -1.64000000e-02 -4.40981481e-02 -1.64000000e-02 -2.32900019e-03 
-1.63000000e-02 -1.63000000e-02 -1.63000000e-02 -4.35628855e-02 -1.63000000e-02 -2.32900039e-03 
-1.62000000e-02 -1.62000000e-02 -1.62000000e-02 -4.30315157e-02 -1.62000000e-02 -2.32900058e-03 
-1.61000000e-02 -1.61000000e-02 -1.61000000e-02 -4.24978530e-02 -1.61000000e-02 -2.32900077e-03 
-1.60000000e-02 -1.60000000e-02 -1.60000000e-02 -4.19645594e-02 -1.60000000e-02 -2.32900096e-03 
-1.59000000e-02 -1.59000000e-02 -1.59000000e-02 -4.14309911e-02 -1.59000000e-02 -2.32900115e-03 
-1.58000000e-02 -1.58000000e-02 -1.58000000e-02 -4.08974253e-02 -1.58000000e-02 -2.32900134e-03 
-1.57000000e-02 -1.57000000e-02 -1.57000000e-02 -4.03637954e-02 -1.57000000e-02 -2.32900154e-03 
-1.56000000e-02 -1.56000000e-02 -1.56000000e-02 -3.98101733e-02 -1.56000000e-02 -2.32900175e-03 
-1.55000000e-02 -1.55000000e-02 -1.55000000e-02 -3.92764707e-02 -1.55000000e-02 -2.32900194e-03 
-1.54000000e-02 -1.54000000e-02 -1.54000000e-02 -3.87420589e-02 -1.54000000e-02 -2.32900213e-03 
-1.53000000e-02 -1.53000000e-02 -1.53000000e-02 -3.82082730e-02 -1.53000000e-02 -2.32900232e-03 
-1.52000000e-02 -1.52000000e-02 -1.52000000e-02 -3.76744272e-02 -1.52000000e-02 -2.32900251e-03 
-1.51000000e-02 -1.51000000e-02 -1.51000000e-02 -3.71405668e-02 -1.51000000e-02 -2.32900271e-03 
-1.50000000e-02 -1.50000000e-02 -1.50000000e-02 -3.66066693e-02 -1.50000000e-02 -2.32900290e-03 
-1.49000000e-02 -1.49000000e-02 -1.49000000e-02 -3.60727368e-02 -1.49000000e-02 -2.32900309e-03 
-1.48000000e-02 -1.48000000e-02 -1.48000000e-02 -3.55387690e-02 -1.48000000e-02 -2.32900328e-03 
-1.47000000e-02 -1.47000000e-02 -1.47000000e-02 -3.50047665e-02 -1.47000000e-02 -2.32900347e-03 
-1.46000000e-02 -1.46000000e-02 -1.46000000e-02 -3.44707296e-02 -1.46000000e-02 -2.32900366e-03 
-1.45000000e-02 -1.45000000e-02 -1.45000000e-02 -3.39366590e-02 -1.45000000e-02 -2.32900385e-03 
-1.44000000e-02 -1.44000000e-02 -1.44000000e-02 -3.34025552e-02 -1.44000000e-02 -2.32900405e-03 
-1.43000000e-02 -1.43000000e-02 -1.43000000e-02 -3.28684185e-02 -1.43000000e-02 -2.32900424e-03 
-1.42000000e-02 -1.42000000e-02 -1.42000000e-02 -3.23342496e-02 -1.42000000e-02 -2.32900443e-03 
-1.41000000e-02 -1.41000000e-02 -1.41000000e-02 -3.18000489e-02 -1.41000000e-02 -2.32900462e-03 
-1.40000000e-02 -1.40000000e-02 -1.40000000e-02 -3.12658169e-02 -1.40000000e-02 -2.32900481e-03 
-1.39000000e-02 -1.39000000e-02 -1.39000000e-02 -3.07315541e-02 -1.39000000e-02 -2.32900500e-03 
-1.38000000e-02 -1.38000000e-02 -1.38000000e-02 -3.01972610e-02 -1.38000000e-02 -2.32900519e-03 
-1.37000000e-02 -1.37000000e-02 -1.37000000e-02 -2.96629382e-02 -1.37000000e-02 -2.32900539e-03 
-1.36000000e-02 -1.36000000e-02 -1.36000000e-02 -2.91285861e-02 -1.36000000e-02 -2.32900558e-03 
-1.35000000e-02 -1.35000000e-02 -1.35000000e-02 -2.85942051e-02 -1.35000000e-02 -2.32900577e-03 
-1.34000000e-02 -1.34000000e-02 -1.34000000e-02 -2.80597959e-02 -1.34000000e-02 -2.32900596e-03 
-1.33000000e-02 -1.33000000e-02 -1.33000000e-02 -2.75253589e-02 -1.33000000e-02 -2.32900615e-03 
-1.32000000e-02 -1.32000000e-02 -1.32000000e-02 -2.69908946e-02 -1.32000000e-02 -2.32900634e-03 
-1.31000000e-02 -1.31000000e-02 -1.31000000e-02 -2.64564035e-02 -1.31000000e-02 -2.32900654e-03 
-1.30000000e-02 -1.30000000e-02 -1.30000000e-02 -2.59159204e-02 -1.30000000e-02 -2.32900673e-03 
-1.29000000e-02 -1.29000000e-02 -1.29000000e-02 -2.53813769e-02 -1.29000000e-02 -2.32900692e-03 
-1.28000000e-02 -1.28000000e-02 -1.28000000e-02 -2.48467434e-02 -1.28000000e-02 -2.32900712e-03 
-1.27000000e-02 -1.27000000e-02 -1.27000000e-02 -2.43121490e-02 -1.27000000e-02 -2.32900731e-03 
-1.26000000e-02 -1.26000000e-02 -1.26000000e-02 -2.37775297e-02 -1.26000000e-02 -2.32900750e-03 
-1.25000000e-02 -1.25000000e-02 -1.25000000e-02 -2.32428872e-02 -1.25000000e-02 -2.32900769e-03 
-1.24000000e-02 -1.24000000e-02 -1.24000000e-02 -2.27082215e-02 -1.24000000e-02 -2.32900788e-03 
-1.23000000e-02 -1.23000000e-02 -1.23000000e-02 -2.21735329e-02 -1.23000000e-02 -2.32900807e-03 
-1.22000000e-02 -1.22000000e-02 -1.22000000e-02 -2.16369487e-02 -1.22000000e-02 -2.32900827e-03 
-1.21000000e-02 -1.21000000e-02 -1.21000000e-02 -2.11022158e-02 -1.21000000e-02 -2.32900846e-03 
-1.20000000e-02 -1.20000000e-02 -1.20000000e-02 -2.05668580e-02 -1.20000000e-02 -2.32900865e-03 
-1.19000000e-02 -1.19000000e-02 -1.19000000e-02 -2.00320828e-02 -1.19000000e-02 -2.32900884e-03 
-1.18000000e-02 -1.18000000e-02 -1.18000000e-02 -1.94978825e-02 -1.18000000e-02 -2.32900903e-03 
-1.17000000e-02 -1.17000000e-02 -1.17000000e-02 -1.89630673e-02 -1.17000000e-02 -2.32900923e-03 
-1.16000000e-02 -1.16000000e-02 -1.16000000e-02 -1.84282349e-02 -1.16000000e-02 -2.32900942e-03 
-1.15000000e-02 -1.15000000e-02 -1.15000000e-02 -1.78933816e-02 -1.15000000e-02 -2.32900961e-03 
-1.14000000e-02 -1.14000000e-02 -1.14000000e-02 -1.73603726e-02 -1.14000000e-02 -2.32900980e-03 
-1.13000000e-02 -1.13000000e-02 -1.13000000e-02 -1.68254832e-02 -1.13000000e-02 -2.32900999e-03 
-1.12000000e-02 -1.12000000e-02 -1.12000000e-02 -1.62905968e-02 -1.12000000e-02 -2.32901019e-03 
-1.11000000e-02 -1.11000000e-02 -1.11000000e-02 -1.57556736e-02 -1.11000000e-02 -2.32901038e-03 
-1.10000000e-02 -1.10000000e-02 -1.10000000e-02 -1.52207342e-02 -1.10000000e-02 -2.32901057e-03 
-1.09000000e-02 -1.09000000e-02 -1.09000000e-02 -1.46857789e-02 -1.09000000e-02 -2.32901076e-03 
-1.08000000e-02 -1.08000000e-02 -1.08000000e-02 -1.41508082e-02 -1.08000000e-02 -2.32901096e-03 
-1.07000000e-02 -1.07000000e-02 -1.07000000e-02 -1.36158226e-02 -1.07000000e-02 -2.32901115e-03 
-1.06000000e-02 -1.06000000e-02 -1.06000000e-02 -1.30808227e-02 -1.06000000e-02 -2.32901134e-03 
-1.05000000e-02 -1.05000000e-02 -1.05000000e-02 -1.25458090e-02 -1.05000000e-02 -2.32901153e-03 
-1.04000000e-02 -1.04000000e-02 -1.04000000e-02 -1.20107820e-02 -1.04000000e-02 -2.32901173e-03 
-1.03000000e-02 -1.03000000e-02 -1.03000000e-02 -1.14757421e-02 -1.03000000e-02 -2.32901192e-03 
-1.02000000e-02 -1.02000000e-02 -1.02000000e-02 -1.09406898e-02 -1.02000000e-02 -2.32901211e-03 
-1.01000000e-02 -1.01000000e-02 -1.01000000e-02 -1.04056257e-02 -1.01000000e-02 -2.32901230e-03 
-1.00000000e-02 -1.00000000e-02 -1.00000000e-02 -9.87055029e-03 -1.00000000e-02 -2.32901250e-03 
-9.90000000e-03 -9.90000000e-03 -9.90000000e-03 -9.33546400e-03 -9.90000000e-03 -2.32901269e-03 
-9.80000000e-03 -9.80000000e-03 -9.80000000e-03 -8.80036735e-03 -9.80000000e-03 -2.32901288e-03 
-9.70000000e-03 -9.70000000e-03 -9.70000000e-03 -8.26526084e-03 -9.70000000e-03 -2.32901308e-03 
-9.60000000e-03 -9.60000000e-03 -9.60000000e-03 -7.73014498e-03 -9.60000000e-03 -2.32901327e-03 
-9.50000000e-03 -9.50000000e-03 -9.50000000e-03 -7.19502024e-03 -9.50000000e-03 -2.32901346e-03 
-9.40000000e-03 -9.40000000e-03 -9.40000000e-03 -6.65988714e-03 -9.40000000e-03 -2.32901365e-03 
-9.30000000e-03 -9.30000000e-03 -9.30000000e-03 -6.12474617e-03 -9.30000000e-03 -2.32901385e-03 
-9.20000000e-03 -9.20000000e-03 -9.20000000e-03 -5.58959783e-03 -9.20000000e-03 -2.32901404e-03 
-9.10000000e-03 -9.10000000e-03 -9.10000000e-03 -5.05444261e-03 -9.10000000e-03 -2.32901423e-03 
-9.00000000e-03 -9.00000000e-03 -9.00000000e-03 -4.51928102e-03 -9.00000000e-03 -2.32901443e-03 
-8.90000000e-03 -8.90000000e-03 -8.90000000e-03 -3.98997197e-03 -8.90000000e-03 -2.32901462e-03 
-8.80000000e-03 -8.80000000e-03 -8.80000000e-03 -3.45479745e-03 -8.80000000e-03 -2.32901481e-03 
-8.70000000e-03 -8.70000000e-03 -8.70000000e-03 -2.91981621e-03 -8.70000000e-03 -2.32901500e-03 
-8.60000000e-03 -8.60000000e-03 -8.60000000e-03 -2.38463423e-03 -8.60000000e-03 -2.32901520e-03 
-8.50000000e-03 -8.50000000e-03 -8.50000000e-03 -1.84945503e-03 -8.50000000e-03 -2.32901539e-03 
-8.40000000e-03 -8.40000000e-03 -8.40000000e-03 -1.31426585e-03 -8.40000000e-03 -2.32901559e-03 
-8.30000000e-03 -8.30000000e-03 -8.30000000e-03 -7.79073970e-04 -8.30000000e-03 -2.32901578e-03 
-8.20000000e-03 -8.20000000e-03 -8.20000000e-03 -2.62543162e-04 -8.20000000e-03 -2.32901596e-03 
-8.10000000e-03 -8.10000000e-03 -8.10000000e-03  2.72670888e-04 -8.10000000e-03 -2.32901615e-03 
-8.00000000e-03 -8.00000000e-03 -8.00000000e-03  8.05924070e-04 -8.00000000e-03 -2.32901635e-03 
-7.90000000e-03 -7.90000000e-03 -7.90000000e-03  1.34112633e-03 -7.90000000e-03 -2.32901654e-03 
-7.80000000e-03 -7.80000000e-03 -7.80000000e-03  1.87612291e-03 -7.80000000e-03 -2.32901674e-03 
-7.70000000e-03 -7.70000000e-03 -7.70000000e-03  2.41132262e-03 -7.70000000e-03 -2.32901693e-03 
-7.60000000e-03 -7.60000000e-03 -7.60000000e-03  2.94650017e-03 -7.60000000e-03 -2.32901712e-03 
-7.50000000e-03 -7.50000000e-03 -7.50000000e-03  3.48169790e-03 -7.50000000e-03 -2.32901732e-03 
-7.40000000e-03 -7.40000000e-03 -7.40000000e-03  4.01689186e-03 -7.40000000e-03 -2.32901751e-03 
-7.30000000e-03 -7.30000000e-03 -7.30000000e-03  4.55208603e-03 -7.30000000e-03 -2.32901771e-03 
-7.20000000e-03 -7.20000000e-03 -7.20000000e-03  5.08727747e-03 -7.20000000e-03 -2.32901790e-03 
-7.10000000e-03 -7.10000000e-03 -7.10000000e-03  5.62246614e-03 -7.10000000e-03 -2.32901810e-03 
-7.00000000e-03 -7.00000000e-03 -7.00000000e-03  6.15765131e-03 -7.00000000e-03 -2.32901829e-03 
-6.90000000e-03 -6.90000000e-03 -6.90000000e-03  6.69283251e-03 -6.90000000e-03 -2.32901849e-03 
-6.80000000e-03 -6.80000000e-03 -6.80000000e-03  7.22800923e-03 -6.80000000e-03 -2.32901868e-03 
-6.70000000e-03 -6.70000000e-03 -6.70000000e-03  7.76318097e-03 -6.70000000e-03 -2.32901888e-03 
-6.60000000e-03 -6.60000000e-03 -6.60000000e-03  8.29834723e-03 -6.60000000e-03 -2.32901907e-03 
-6.50000000e-03 -6.50000000e-03 -6.50000000e-03  8.83350752e-03 -6.50000000e-03 -2.32901927e-03 
-6.40000000e-03 -6.40000000e-03 -6.40000000e-03  9.36866133e-03 -6.40000000e-03 -2.32901946e-03 
-6.30000000e-03 -6.30000000e-03 -6.30000000e-03  9.90380818e-03 -6.30000000e-03 -2.32901966e-03 
-6.20000000e-03 -6.20000000e-03 -6.20000000e-03  1.04389476e-02 -6.20000000e-03 -2.32901985e-03 
-6.10000000e-03 -6.10000000e-03 -6.10000000e-03  1.09740790e-02 -6.10000000e-03 -2.32902005e-03 
-6.00000000e-03 -6.00000000e-03 -6.00000000e-03  1.15092019e-02 -6.00000000e-03 -2.32902024e-03 
-5.90000000e-03 -5.90000000e-03 -5.90000000e-03  1.20443159e-02 -5.90000000e-03 -2.32902044e-03 
-5.80000000e-03 -5.80000000e-03 -5.80000000e-03  1.25794205e-02 -5.80000000e-03 -2.32902063e-03 
-5.70000000e-03 -5.70000000e-03 -5.70000000e-03  1.31145151e-02 -5.70000000e-03 -2.32902083e-03 
-5.60000000e-03 -5.60000000e-03 -5.60000000e-03  1.36495992e-02 -5.60000000e-03 -2.32902103e-03 
-5.50000000e-03 -5.50000000e-03 -5.50000000e-03  1.41846724e-02 -5.50000000e-03 -2.32902122e-03 
-5.40000000e-03 -5.40000000e-03 -5.40000000e-03  1.47197341e-02 -5.40000000e-03 -2.32902142e-03 
-5.30000000e-03 -5.30000000e-03 -5.30000000e-03  1.52547839e-02 -5.30000000e-03 -2.32902161e-03 
-5.20000000e-03 -5.20000000e-03 -5.20000000e-03  1.57898213e-02 -5.20000000e-03 -2.32902181e-03 
-5.10000000e-03 -5.10000000e-03 -5.10000000e-03  1.63248457e-02 -5.10000000e-03 -2.32902200e-03 
-5.00000000e-03 -5.00000000e-03 -5.00000000e-03  1.68598567e-02 -5.00000000e-03 -2.32902220e-03 
-4.90000000e-03 -4.90000000e-03 -4.90000000e-03  1.73948537e-02 -4.90000000e-03 -2.32902240e-03 
-4.80000000e-03 -4.80000000e-03 -4.80000000e-03  1.79298363e-02 -4.80000000e-03 -2.32902259e-03 
-4.70000000e-03 -4.70000000e-03 -4.70000000e-03  1.84648040e-02 -4.70000000e-03 -2.32902279e-03 
-4.60000000e-03 -4.60000000e-03 -4.60000000e-03  1.89997563e-02 -4.60000000e-03 -2.32902298e-03 
-4.50000000e-03 -4.50000000e-03 -4.50000000e-03  1.95346926e-02 -4.50000000e-03 -2.32902318e-03 
-4.40000000e-03 -4.40000000e-03 -4.40000000e-03  2.00696125e-02 -4.40000000e-03 -2.32902338e-03 
-4.30000000e-03 -4.30000000e-03 -4.30000000e-03  2.06045155e-02 -4.30000000e-03 -2.32902357e-03 
-4.20000000e-03 -4.20000000e-03 -4.20000000e-03  2.11394011e-02 -4.20000000e-03 -2.32902377e-03 
-4.10000000e-03 -4.10000000e-03 -4.10000000e-03  2.16742687e-02 -4.10000000e-03 -2.32902397e-03 
-4.00000000e-03 -4.00000000e-03 -4.00000000e-03  2.22091180e-02 -4.00000000e-03 -2.32902416e-03 
-3.90000000e-03 -3.90000000e-03 -3.90000000e-03  2.27439483e-02 -3.90000000e-03 -2.32902436e-03 
-3.80000000e-03 -3.80000000e-03 -3.80000000e-03  2.32787592e-02 -3.80000000e-03 -2.32902456e-03 
-3.70000000e-03 -3.70000000e-03 -3.70000000e-03  2.38135502e-02 -3.70000000e-03 -2.32902475e-03 
-3.60000000e-03 -3.60000000e-03 -3.60000000e-03  2.43483208e-02 -3.60000000e-03 -2.32902495e-03 
-3.50000000e-03 -3.50000000e-03 -3.50000000e-03  2.48830705e-02 -3.50000000e-03 -2.32902515e-03 
-3.40000000e-03 -3.40000000e-03 -3.40000000e-03  2.54177987e-02 -3.40000000e-03 -2.32902534e-03 
-3.30000000e-03 -3.30000000e-03 -3.30000000e-03  2.59525051e-02 -3.30000000e-03 -2.32902554e-03 
-3.20000000e-03 -3.20000000e-03 -3.20000000e-03  2.64871891e-02 -3.20000000e-03 -2.32902574e-03 
-3.10000000e-03 -3.10000000e-03 -3.10000000e-03  2.70218502e-02 -3.10000000e-03 -2.32902593e-03 
-3.00000000e-03 -3.00000000e-03 -3.00000000e-03  2.75564878e-02 -3.00000000e-03 -2.32902613e-03 
-2.90000000e-03 -2.90000000e-03 -2.90000000e-03  2.80911016e-02 -2.90000000e-03 -2.32902633e-03 
-2.80000000e-03 -2.80000000e-03 -2.80000000e-03  2.86256910e-02 -2.80000000e-03 -2.32902652e-03 
-2.70000000e-03 -2.70000000e-03 -2.70000000e-03  2.91602555e-02 -2.70000000e-03 -2.32902672e-03 
-2.60000000e-03 -2.60000000e-03 -2.60000000e-03  2.96947946e-02 -2.60000000e-03 -2.32902692e-03 
-2.50000000e-03 -2.50000000e-03 -2.50000000e-03  3.02293078e-02 -2.50000000e-03 -2.32902712e-03 
-2.40000000e-03 -2.40000000e-03 -2.40000000e-03  3.07637946e-02 -2.40000000e-03 -2.32902731e-03 
-2.30000000e-03 -2.30000000e-03 -2.30000000e-03  3.12982546e-02 -2.30000000e-03 -2.32902751e-03 
-2.20000000e-03 -2.20000000e-03 -2.20000000e-03  3.18326871e-02 -2.20000000e-03 -2.32902771e-03 
-2.10000000e-03 -2.10000000e-03 -2.10000000e-03  3.23670918e-02 -2.10000000e-03 -2.32902791e-03 
-2.00000000e-03 -2.00000000e-03 -2.00000000e-03  3.29014680e-02 -2.00000000e-03 -2.32902810e-03 
-1.90000000e-03 -1.90000000e-03 -1.90000000e-03  3.34358154e-02 -1.90000000e-03 -2.32902830e-03 
-1.80000000e-03 -1.80000000e-03 -1.80000000e-03  3.39701334e-02 -1.80000000e-03 -2.32902850e-03 
-1.70000000e-03 -1.70000000e-03 -1.70000000e-03  3.45044215e-02 -1.70000000e-03 -2.32902869e-03 
-1.60000000e-03 -1.60000000e-03 -1.60000000e-03  3.50386793e-02 -1.60000000e-03 -2.32902889e-03 
-1.50000000e-03 -1.50000000e-03 -1.50000000e-03  3.55729061e-02 -1.50000000e-03 -2.32902909e-03 
-1.40000000e-03 -1.40000000e-03 -1.40000000e-03  3.61071016e-02 -1.40000000e-03 -2.32902929e-03 
-1.30000000e-03 -1.30000000e-03 -1.30000000e-03  3.66412652e-02 -1.30000000e-03 -2.32902948e-03 
-1.20000000e-03 -1.20000000e-03 -1.20000000e-03  3.71753964e-02 -1.20000000e-03 -2.32902968e-03 
-1.10000000e-03 -1.10000000e-03 -1.10000000e-03  3.77094947e-02 -1.10000000e-03 -2.32902988e-03 
-1.00000000e-03 -1.00000000e-03 -1.00000000e-03  3.82435597e-02 -1.00000000e-03 -2.32903008e-03 
-9.00000000e-04 -9.00000000e-04 -9.00000000e-04  3.87775908e-02 -9.00000000e-04 -2.32903027e-03 
-8.00000000e-04 -8.00000000e-04 -8.00000000e-04  3.93115874e-02 -8.00000000e-04 -2.32903047e-03 
-7.00000000e-04 -7.00000000e-04 -7.00000000e-04  3.98455493e-02 -7.00000000e-04 -2.32903067e-03 
-6.00000000e-04 -6.00000000e-04 -6.00000000e-04  4.03794757e-02 -6.00000000e-04 -2.32903087e-03 
-5.00000000e-04 -5.00000000e-04 -5.00000000e-04  4.09133663e-02 -5.00000000e-04 -2.32903107e-03 
-4.00000000e-04 -4.00000000e-04 -4.00000000e-04  4.14472204e-02 -4.00000000e-04 -2.32903126e-03 
-3.00000000e-04 -3.00000000e-04 -3.00000000e-04  4.19188681e-02 -3.00000000e-04 -2.32903145e-03 
-2.00000000e-04 -2.00000000e-04 -2.00000000e-04  4.24527286e-02 -2.00000000e-04 -2.32903164e-03 
-1.00000000e-04 -1.00000000e-04 -1.00000000e-04  4.30421366e-02 -1.00000000e-04 -2.32903185e-03 
 6.90175998e-16  8.88178420e-16  6.90175998e-16  4.35758476e-02  6.90175998e-16 -2.32903205e-03 
 1.00000000e-04  1.00000000e-04  1.00000000e-04  4.40517433e-02  1.00000000e-04 -2.32903224e-03 
 2.00000000e-04  2.00000000e-04  2.00000000e-04  4.45854344e-02  2.00000000e-04 -2.32903243e-03 
 3.00000000e-04  3.00000000e-04  3.00000000e-04  4.51765102e-02  3.00000000e-04 -2.32903264e-03 
 4.00000000e-04  4.00000000e-04  4.00000000e-04  4.57100628e-02  4.00000000e-04 -2.32903284e-03 
 5.00000000e-04  5.00000000e-04  5.00000000e-04  4.61859886e-02  5.00000000e-04 -2.32903303e-03 
 6.00000000e-04  6.00000000e-04  6.00000000e-04  4.67195039e-02  6.00000000e-04 -2.32903323e-03 
 7.00000000e-04  7.00000000e-04  7.00000000e-04  4.73104441e-02  7.00000000e-04 -2.32903344e-03 
 8.00000000e-04  8.00000000e-04  8.00000000e-04  4.78438311e-02  8.00000000e-04 -2.32903363e-03 
 9.00000000e-04  9.00000000e-04  9.00000000e-04  4.83196403e-02  9.00000000e-04 -2.32903382e-03 
 1.00000000e-03  1.00000000e-03  1.00000000e-03  4.88529723e-02  1.00000000e-03 -2.32903402e-03 
 1.10000000e-03  1.10000000e-03  1.10000000e-03  4.94437068e-02  1.10000000e-03 -2.32903423e-03 
 1.20000000e-03  1.20000000e-03  1.20000000e-03  4.99769205e-02  1.20000000e-03 -2.32903442e-03 
 1.30000000e-03  1.30000000e-03  1.30000000e-03  5.04526021e-02  1.30000000e-03 -2.32903461e-03 
 1.40000000e-03  1.40000000e-03  1.40000000e-03  5.09857432e-02  1.40000000e-03 -2.32903481e-03 
 1.50000000e-03  1.50000000e-03  1.50000000e-03  5.15762597e-02  1.50000000e-03 -2.32903502e-03 
 1.60000000e-03  1.60000000e-03  1.60000000e-03  5.21092923e-02  1.60000000e-03 -2.32903521e-03 
 1.70000000e-03  1.70000000e-03  1.70000000e-03  5.25848399e-02  1.70000000e-03 -2.32903540e-03 
 1.80000000e-03  1.80000000e-03  1.80000000e-03  5.31177825e-02  1.80000000e-03 -2.32903560e-03 
 1.90000000e-03  1.90000000e-03  1.90000000e-03  5.37080705e-02  1.90000000e-03 -2.32903581e-03 
 2.00000000e-03  2.00000000e-03  2.00000000e-03  5.42409143e-02  2.00000000e-03 -2.32903600e-03 
 2.10000000e-03  2.10000000e-03  2.10000000e-03  5.47163216e-02  2.10000000e-03 -2.32903620e-03 
 2.20000000e-03  2.20000000e-03  2.20000000e-03  5.52490579e-02  2.20000000e-03 -2.32903639e-03 
 2.30000000e-03  2.30000000e-03  2.30000000e-03  5.57633560e-02  2.30000000e-03 -2.32903659e-03 
 2.40000000e-03  2.40000000e-03  2.40000000e-03  5.62959949e-02  2.40000000e-03 -2.32903678e-03 
 2.50000000e-03  2.50000000e-03  2.50000000e-03  5.69024252e-02  2.50000000e-03 -2.32903699e-03 
 2.60000000e-03  2.60000000e-03  2.60000000e-03  5.74349788e-02  2.60000000e-03 -2.32903719e-03 
 2.70000000e-03  2.70000000e-03  2.70000000e-03  5.79114457e-02  2.70000000e-03 -2.32903738e-03 
 2.80000000e-03  2.80000000e-03  2.80000000e-03  5.84438618e-02  2.80000000e-03 -2.32903757e-03 
 2.90000000e-03  2.90000000e-03  2.90000000e-03  5.89583108e-02  2.90000000e-03 -2.32903777e-03 
 3.00000000e-03  3.00000000e-03  3.00000000e-03  5.94906254e-02  3.00000000e-03 -2.32903797e-03 
 3.10000000e-03  3.10000000e-03  3.10000000e-03  6.00171733e-02  3.10000000e-03 -2.32903817e-03 
 3.20000000e-03  3.20000000e-03  3.20000000e-03  6.05493909e-02  3.20000000e-03 -2.32903836e-03 
 3.30000000e-03  3.30000000e-03  3.30000000e-03  6.10797387e-02  3.30000000e-03 -2.32903856e-03 
 3.40000000e-03  3.40000000e-03  3.40000000e-03  6.16118531e-02  3.40000000e-03 -2.32903876e-03 
 3.50000000e-03  3.50000000e-03  3.50000000e-03  6.21433416e-02  3.50000000e-03 -2.32903895e-03 
 3.60000000e-03  3.60000000e-03  3.60000000e-03  6.26753472e-02  3.60000000e-03 -2.32903915e-03 
 3.70000000e-03  3.70000000e-03  3.70000000e-03  6.32071228e-02  3.70000000e-03 -2.32903935e-03 
 3.80000000e-03  3.80000000e-03  3.80000000e-03  6.37390175e-02  3.80000000e-03 -2.32903954e-03 
 3.90000000e-03  3.90000000e-03  3.90000000e-03  6.42708026e-02  3.90000000e-03 -2.32903974e-03 
 4.00000000e-03  4.00000000e-03  4.00000000e-03  6.48025887e-02  4.00000000e-03 -2.32903993e-03 
 4.10000000e-03  4.10000000e-03  4.10000000e-03  6.53342862e-02  4.10000000e-03 -2.32904014e-03 
 4.20000000e-03  4.20000000e-03  4.20000000e-03  6.58659735e-02  4.20000000e-03 -2.32904032e-03 
 4.30000000e-03  4.30000000e-03  4.30000000e-03  6.63975350e-02  4.30000000e-03 -2.32904053e-03 
 4.40000000e-03  4.40000000e-03  4.40000000e-03  6.69291487e-02  4.40000000e-03 -2.32904071e-03 
 4.50000000e-03  4.50000000e-03  4.50000000e-03  6.74605236e-02  4.50000000e-03 -2.32904093e-03 
 4.60000000e-03  4.60000000e-03  4.60000000e-03  6.80731583e-02  4.60000000e-03 -2.32904111e-03 
 4.70000000e-03  4.70000000e-03  4.70000000e-03  6.85234431e-02  4.70000000e-03 -2.32904133e-03 
 4.80000000e-03  4.80000000e-03  4.80000000e-03  6.90806270e-02  4.80000000e-03 -2.32904149e-03 
 4.90000000e-03  4.90000000e-03  4.90000000e-03  6.95858899e-02  4.90000000e-03 -2.32904172e-03 
 5.00000000e-03  5.00000000e-03  5.00000000e-03  7.01254998e-02  5.00000000e-03 -2.32904188e-03 
 5.10000000e-03  5.10000000e-03  5.10000000e-03  7.06480071e-02  5.10000000e-03 -2.32904212e-03 
 5.20000000e-03  5.20000000e-03  5.20000000e-03  7.12611288e-02  5.20000000e-03 -2.32904227e-03 
 5.30000000e-03  5.30000000e-03  5.30000000e-03  7.17101758e-02  5.30000000e-03 -2.32904251e-03 
 5.40000000e-03  5.40000000e-03  5.40000000e-03  7.22673968e-02  5.40000000e-03 -2.32904266e-03 
 5.50000000e-03  5.50000000e-03  5.50000000e-03  7.27717689e-02  5.50000000e-03 -2.32904291e-03 
 5.60000000e-03  5.60000000e-03  5.60000000e-03  7.33863961e-02  5.60000000e-03 -2.32904305e-03 
 5.70000000e-03  5.70000000e-03  5.70000000e-03  7.38334008e-02  5.70000000e-03 -2.32904330e-03 
 5.80000000e-03  5.80000000e-03  5.80000000e-03  7.43909757e-02  5.80000000e-03 -2.32904344e-03 
 5.90000000e-03  5.90000000e-03  5.90000000e-03  7.48944123e-02  5.90000000e-03 -2.32904369e-03 
 6.00000000e-03  6.00000000e-03  6.00000000e-03  7.55088324e-02  6.00000000e-03 -2.32904383e-03 
 6.10000000e-03  6.10000000e-03  6.10000000e-03  7.59555183e-02  6.10000000e-03 -2.32904407e-03 
 6.20000000e-03  6.20000000e-03  6.20000000e-03  7.65129126e-02  6.20000000e-03 -2.32904421e-03 
 6.30000000e-03  6.30000000e-03  6.30000000e-03  7.70969739e-02  6.30000000e-03 -2.32904443e-03 
 6.40000000e-03  6.40000000e-03  6.40000000e-03  7.75555131e-02  6.40000000e-03 -2.32904461e-03 
 6.50000000e-03  6.50000000e-03  6.50000000e-03  7.81022748e-02  6.50000000e-03 -2.32904482e-03 
 6.60000000e-03  6.60000000e-03  6.60000000e-03  7.86099920e-02  6.60000000e-03 -2.32904499e-03 
 6.70000000e-03  6.70000000e-03  6.70000000e-03  7.91447091e-02  6.70000000e-03 -2.32904522e-03 
 6.80000000e-03  6.80000000e-03  6.80000000e-03  7.97477823e-02  6.80000000e-03 -2.32904538e-03 
 6.90000000e-03  6.90000000e-03  6.90000000e-03  8.01992101e-02  6.90000000e-03 -2.32904561e-03 
 7.00000000e-03  7.00000000e-03  7.00000000e-03  8.07524202e-02  7.00000000e-03 -2.32904577e-03 
 7.10000000e-03  7.10000000e-03  7.10000000e-03  8.12567591e-02  7.10000000e-03 -2.32904600e-03 
 7.20000000e-03  7.20000000e-03  7.20000000e-03  8.18690448e-02  7.20000000e-03 -2.32904615e-03 
 7.30000000e-03  7.30000000e-03  7.30000000e-03  8.23156143e-02  7.30000000e-03 -2.32904638e-03 
 7.40000000e-03  7.40000000e-03  7.40000000e-03  8.28716166e-02  7.40000000e-03 -2.32904653e-03 
 7.50000000e-03  7.50000000e-03  7.50000000e-03  8.33740720e-02  7.50000000e-03 -2.32904677e-03 
 7.60000000e-03  7.60000000e-03  7.60000000e-03  8.39868895e-02  7.60000000e-03 -2.32904691e-03 
 7.70000000e-03  7.70000000e-03  7.70000000e-03  8.44328344e-02  7.70000000e-03 -2.32904715e-03 
 7.80000000e-03  7.80000000e-03  7.80000000e-03  8.49889094e-02  7.80000000e-03 -2.32904730e-03 
 7.90000000e-03  7.90000000e-03  7.90000000e-03  8.54907813e-02  7.90000000e-03 -2.32904754e-03 
 8.00000000e-03  8.00000000e-03  8.00000000e-03  8.61034364e-02  8.00000000e-03 -2.32904767e-03 
 8.10000000e-03  8.10000000e-03  8.10000000e-03  8.65489970e-02  8.10000000e-03 -2.32904792e-03 
 8.20000000e-03  8.20000000e-03  8.20000000e-03  8.71049448e-02  8.20000000e-03 -2.32904806e-03 
 8.30000000e-03  8.30000000e-03  8.30000000e-03  8.76062724e-02  8.30000000e-03 -2.32904830e-03 
 8.40000000e-03  8.40000000e-03  8.40000000e-03  8.82187216e-02  8.40000000e-03 -2.32904843e-03 
 8.50000000e-03  8.50000000e-03  8.50000000e-03  8.86638846e-02  8.50000000e-03 -2.32904868e-03 
 8.60000000e-03  8.60000000e-03  8.60000000e-03  8.92197118e-02  8.60000000e-03 -2.32904881e-03 
 8.70000000e-03  8.70000000e-03  8.70000000e-03  8.98011396e-02  8.70000000e-03 -2.32904902e-03 
 8.80000000e-03  8.80000000e-03  8.80000000e-03  9.02589360e-02  8.80000000e-03 -2.32904920e-03 
 8.90000000e-03  8.90000000e-03  8.90000000e-03  9.08031107e-02  8.90000000e-03 -2.32904941e-03 
 9.00000000e-03  9.00000000e-03  9.00000000e-03  9.13097438e-02  9.00000000e-03 -2.32904958e-03 
 9.10000000e-03  9.10000000e-03  9.10000000e-03  9.18419205e-02  9.10000000e-03 -2.32904980e-03 
 9.20000000e-03  9.20000000e-03  9.20000000e-03  9.24428521e-02  9.20000000e-03 -2.32904995e-03 
 9.30000000e-03  9.30000000e-03  9.30000000e-03  9.28928403e-02  9.30000000e-03 -2.32905018e-03 
 9.40000000e-03  9.40000000e-03  9.40000000e-03  9.34441249e-02  9.40000000e-03 -2.32905033e-03 
 9.50000000e-03  9.50000000e-03  9.50000000e-03  9.39464266e-02  9.50000000e-03 -2.32905056e-03 
 9.60000000e-03  9.60000000e-03  9.60000000e-03  9.45563665e-02  9.60000000e-03 -2.32905069e-03 
 9.70000000e-03  9.70000000e-03  9.70000000e-03  9.50014816e-02  9.70000000e-03 -2.32905093e-03 
 9.80000000e-03  9.80000000e-03  9.80000000e-03  9.55555749e-02  9.80000000e-03 -2.32905107e-03 
 9.90000000e-03  9.90000000e-03  9.90000000e-03  9.60557901e-02  9.90000000e-03 -2.32905131e-03 
 1.00000000e-02  1.00000000e-02  1.00000000e-02  9.66663526e-02  1.00000000e-02 -2.32905143e-03 
 1.01000000e-02  1.01000000e-02  1.01000000e-02  9.71106521e-02  1.01000000e-02 -2.32905168e-03 
 1.02000000e-02  1.02000000e-02  1.02000000e-02  9.76649643e-02  1.02000000e-02 -2.32905181e-03 
 1.03000000e-02  1.03000000e-02  1.03000000e-02  9.81643123e-02  1.03000000e-02 -2.32905206e-03 
 1.04000000e-02  1.04000000e-02  1.04000000e-02  9.87748521e-02  1.04000000e-02 -2.32905217e-03 
 1.05000000e-02  1.05000000e-02  1.05000000e-02  9.92185490e-02  1.05000000e-02 -2.32905243e-03 
 1.06000000e-02  1.06000000e-02  1.06000000e-02  9.97729063e-02  1.06000000e-02 -2.32905255e-03 
 1.07000000e-02  1.07000000e-02  1.07000000e-02  1.00351795e-01  1.07000000e-02 -2.32905275e-03 
 1.08000000e-02  1.08000000e-02  1.08000000e-02  1.00808886e-01  1.08000000e-02 -2.32905293e-03 
 1.09000000e-02  1.09000000e-02  1.09000000e-02  1.01350596e-01  1.09000000e-02 -2.32905313e-03 
 1.10000000e-02  1.10000000e-02  1.10000000e-02  1.01856179e-01  1.10000000e-02 -2.32905330e-03 
 1.11000000e-02  1.11000000e-02  1.11000000e-02  1.02385954e-01  1.11000000e-02 -2.32905351e-03 
 1.12000000e-02  1.12000000e-02  1.12000000e-02  1.02984835e-01  1.12000000e-02 -2.32905364e-03 
 1.13000000e-02  1.13000000e-02  1.13000000e-02  1.03433445e-01  1.13000000e-02 -2.32905388e-03 
 1.14000000e-02  1.14000000e-02  1.14000000e-02  1.03982926e-01  1.14000000e-02 -2.32905402e-03 
 1.15000000e-02  1.15000000e-02  1.15000000e-02  1.04483246e-01  1.15000000e-02 -2.32905425e-03 
 1.16000000e-02  1.16000000e-02  1.16000000e-02  1.05091003e-01  1.16000000e-02 -2.32905437e-03 
 1.17000000e-02  1.17000000e-02  1.17000000e-02  1.05534679e-01  1.17000000e-02 -2.32905461e-03 
 1.18000000e-02  1.18000000e-02  1.18000000e-02  1.06087046e-01  1.18000000e-02 -2.32905474e-03 
 1.19000000e-02  1.19000000e-02  1.19000000e-02  1.06585032e-01  1.19000000e-02 -2.32905498e-03 
 1.20000000e-02  1.20000000e-02  1.20000000e-02  1.07193555e-01  1.20000000e-02 -2.32905508e-03 
 1.21000000e-02  1.21000000e-02  1.21000000e-02  1.07636195e-01  1.21000000e-02 -2.32905534e-03 
 1.22000000e-02  1.22000000e-02  1.22000000e-02  1.08188974e-01  1.22000000e-02 -2.32905545e-03 
 1.23000000e-02  1.23000000e-02  1.23000000e-02  1.08765767e-01  1.23000000e-02 -2.32905564e-03 
 1.24000000e-02  1.24000000e-02  1.24000000e-02  1.09222085e-01  1.24000000e-02 -2.32905582e-03 
 1.25000000e-02  1.25000000e-02  1.25000000e-02  1.09761782e-01  1.25000000e-02 -2.32905601e-03 
 1.26000000e-02  1.26000000e-02  1.26000000e-02  1.10266248e-01  1.26000000e-02 -2.32905618e-03 
 1.27000000e-02  1.27000000e-02  1.27000000e-02  1.10794147e-01  1.27000000e-02 -2.32905638e-03 
 1.28000000e-02  1.28000000e-02  1.28000000e-02  1.11391047e-01  1.28000000e-02 -2.32905651e-03 
 1.29000000e-02  1.29000000e-02  1.29000000e-02  1.11838591e-01  1.29000000e-02 -2.32905674e-03 
 1.30000000e-02  1.30000000e-02  1.30000000e-02  1.12386318e-01  1.30000000e-02 -2.32905688e-03 
 1.31000000e-02  1.31000000e-02  1.31000000e-02  1.12885069e-01  1.31000000e-02 -2.32905710e-03 
 1.32000000e-02  1.32000000e-02  1.32000000e-02  1.13490760e-01  1.32000000e-02 -2.32905721e-03 
 1.33000000e-02  1.33000000e-02  1.33000000e-02  1.13933285e-01  1.33000000e-02 -2.32905746e-03 
 1.34000000e-02  1.34000000e-02  1.34000000e-02  1.14484000e-01  1.34000000e-02 -2.32905757e-03 
 1.35000000e-02  1.35000000e-02  1.35000000e-02  1.14980168e-01  1.35000000e-02 -2.32905781e-03 
 1.36000000e-02  1.36000000e-02  1.36000000e-02  1.15586782e-01  1.36000000e-02 -2.32905790e-03 
 1.37000000e-02  1.37000000e-02  1.37000000e-02  1.16028056e-01  1.37000000e-02 -2.32905816e-03 
 1.38000000e-02  1.38000000e-02  1.38000000e-02  1.16579382e-01  1.38000000e-02 -2.32905826e-03 
 1.39000000e-02  1.39000000e-02  1.39000000e-02  1.17153761e-01  1.39000000e-02 -2.32905844e-03 
 1.40000000e-02  1.40000000e-02  1.40000000e-02  1.17609361e-01  1.40000000e-02 -2.32905862e-03 
 1.41000000e-02  1.41000000e-02  1.41000000e-02  1.18146753e-01  1.41000000e-02 -2.32905880e-03 
 1.42000000e-02  1.42000000e-02  1.42000000e-02  1.18650138e-01  1.42000000e-02 -2.32905897e-03 
 1.43000000e-02  1.43000000e-02  1.43000000e-02  1.19175832e-01  1.43000000e-02 -2.32905916e-03 
 1.44000000e-02  1.44000000e-02  1.44000000e-02  1.19770712e-01  1.44000000e-02 -2.32905927e-03 
 1.45000000e-02  1.45000000e-02  1.45000000e-02  1.20216974e-01  1.45000000e-02 -2.32905951e-03 
 1.46000000e-02  1.46000000e-02  1.46000000e-02  1.20762957e-01  1.46000000e-02 -2.32905963e-03 
 1.47000000e-02  1.47000000e-02  1.47000000e-02  1.21259830e-01  1.47000000e-02 -2.32905985e-03 
 1.48000000e-02  1.48000000e-02  1.48000000e-02  1.21863439e-01  1.48000000e-02 -2.32905994e-03 
 1.49000000e-02  1.49000000e-02  1.49000000e-02  1.22304576e-01  1.49000000e-02 -2.32906019e-03 
 1.50000000e-02  1.50000000e-02  1.50000000e-02  1.22853681e-01  1.50000000e-02 -2.32906030e-03 
 1.51000000e-02  1.51000000e-02  1.51000000e-02  1.23347685e-01  1.51000000e-02 -2.32906053e-03 
 1.52000000e-02  1.52000000e-02  1.52000000e-02  1.23952407e-01  1.52000000e-02 -2.32906061e-03 
 1.53000000e-02  1.53000000e-02  1.53000000e-02  1.24392048e-01  1.53000000e-02 -2.32906087e-03 
 1.54000000e-02  1.54000000e-02  1.54000000e-02  1.24941998e-01  1.54000000e-02 -2.32906095e-03 
 1.55000000e-02  1.55000000e-02  1.55000000e-02  1.25513663e-01  1.55000000e-02 -2.32906113e-03 
 1.56000000e-02  1.56000000e-02  1.56000000e-02  1.25968579e-01  1.56000000e-02 -2.32906130e-03 
 1.57000000e-02  1.57000000e-02  1.57000000e-02  1.26503395e-01  1.57000000e-02 -2.32906148e-03 
 1.58000000e-02  1.58000000e-02  1.58000000e-02  1.27005712e-01  1.58000000e-02 -2.32906163e-03 
 1.59000000e-02  1.59000000e-02  1.59000000e-02  1.27528900e-01  1.59000000e-02 -2.32906182e-03 
 1.60000000e-02  1.60000000e-02  1.60000000e-02  1.28121701e-01  1.60000000e-02 -2.32906192e-03 
 1.61000000e-02  1.61000000e-02  1.61000000e-02  1.28566483e-01  1.61000000e-02 -2.32906216e-03 
 1.62000000e-02  1.62000000e-02  1.62000000e-02  1.29110706e-01  1.62000000e-02 -2.32906227e-03 
 1.63000000e-02  1.63000000e-02  1.63000000e-02  1.29605422e-01  1.63000000e-02 -2.32906249e-03 
 1.64000000e-02  1.64000000e-02  1.64000000e-02  1.30206908e-01  1.64000000e-02 -2.32906256e-03 
 1.65000000e-02  1.65000000e-02  1.65000000e-02  1.30646440e-01  1.65000000e-02 -2.32906281e-03 
 1.66000000e-02  1.66000000e-02  1.66000000e-02  1.31193949e-01  1.66000000e-02 -2.32906290e-03 
 1.67000000e-02  1.67000000e-02  1.67000000e-02  1.31685475e-01  1.67000000e-02 -2.32906314e-03 
 1.68000000e-02  1.68000000e-02  1.68000000e-02  1.32288295e-01  1.68000000e-02 -2.32906319e-03 
 1.69000000e-02  1.69000000e-02  1.69000000e-02  1.32726060e-01  1.69000000e-02 -2.32906345e-03 
 1.70000000e-02  1.70000000e-02  1.70000000e-02  1.33333011e-01  1.70000000e-02 -2.32906350e-03 
 1.71000000e-02  1.71000000e-02  1.71000000e-02  1.33766048e-01  1.71000000e-02 -2.32906376e-03 
 1.72000000e-02  1.72000000e-02  1.72000000e-02  1.34315414e-01  1.72000000e-02 -2.32906383e-03 
 1.73000000e-02  1.73000000e-02  1.73000000e-02  1.34882448e-01  1.73000000e-02 -2.32906399e-03 
 1.74000000e-02  1.74000000e-02  1.74000000e-02  1.35336811e-01  1.74000000e-02 -2.32906416e-03 
 1.75000000e-02  1.75000000e-02  1.75000000e-02  1.35868224e-01  1.75000000e-02 -2.32906433e-03 
 1.76000000e-02  1.76000000e-02  1.76000000e-02  1.36369179e-01  1.76000000e-02 -2.32906447e-03 
 1.77000000e-02  1.77000000e-02  1.77000000e-02  1.36889442e-01  1.77000000e-02 -2.32906465e-03 
 1.78000000e-02  1.78000000e-02  1.78000000e-02  1.37479561e-01  1.78000000e-02 -2.32906473e-03 
 1.79000000e-02  1.79000000e-02  1.79000000e-02  1.37922686e-01  1.79000000e-02 -2.32906497e-03 
 1.80000000e-02  1.80000000e-02  1.80000000e-02  1.38464618e-01  1.80000000e-02 -2.32906506e-03 
 1.81000000e-02  1.81000000e-02  1.81000000e-02  1.38956897e-01  1.81000000e-02 -2.32906528e-03 
 1.82000000e-02  1.82000000e-02  1.82000000e-02  1.39555669e-01  1.82000000e-02 -2.32906533e-03 
 1.83000000e-02  1.83000000e-02  1.83000000e-02  1.39993378e-01  1.83000000e-02 -2.32906558e-03 
 1.84000000e-02  1.84000000e-02  1.84000000e-02  1.40538817e-01  1.84000000e-02 -2.32906565e-03 
 1.85000000e-02  1.85000000e-02  1.85000000e-02  1.41105745e-01  1.85000000e-02 -2.32906579e-03 
 1.86000000e-02  1.86000000e-02  1.86000000e-02  1.41558400e-01  1.86000000e-02 -2.32906596e-03 
 1.87000000e-02  1.87000000e-02  1.87000000e-02  1.42088757e-01  1.87000000e-02 -2.32906612e-03 
 1.88000000e-02  1.88000000e-02  1.88000000e-02  1.42587877e-01  1.88000000e-02 -2.32906626e-03 
 1.89000000e-02  1.89000000e-02  1.89000000e-02  1.43107142e-01  1.89000000e-02 -2.32906643e-03 
 1.90000000e-02  1.90000000e-02  1.90000000e-02  1.43620947e-01  1.90000000e-02 -2.32906655e-03 
 1.91000000e-02  1.91000000e-02  1.91000000e-02  1.44135742e-01  1.91000000e-02 -2.32906673e-03 
 1.92000000e-02  1.92000000e-02  1.92000000e-02  1.44728800e-01  1.92000000e-02 -2.32906678e-03 
 1.93000000e-02  1.93000000e-02  1.93000000e-02  1.45168802e-01  1.93000000e-02 -2.32906702e-03 
 1.94000000e-02  1.94000000e-02  1.94000000e-02  1.45710890e-01  1.94000000e-02 -2.32906710e-03 
 1.95000000e-02  1.95000000e-02  1.95000000e-02  1.46200019e-01  1.95000000e-02 -2.32906731e-03 
 1.96000000e-02  1.96000000e-02  1.96000000e-02  1.46797650e-01  1.96000000e-02 -2.32906734e-03 
 1.97000000e-02  1.97000000e-02  1.97000000e-02  1.47233123e-01  1.97000000e-02 -2.32906760e-03 
 1.98000000e-02  1.98000000e-02  1.98000000e-02  1.47834857e-01  1.98000000e-02 -2.32906762e-03 
 1.99000000e-02  1.99000000e-02  1.99000000e-02  1.48265552e-01  1.99000000e-02 -2.32906787e-03 
 2.00000000e-02  2.00000000e-02  2.00000000e-02  1.48867082e-01  2.00000000e-02 -2.32906789e-03 
 2.01000000e-02  2.01000000e-02  2.01000000e-02  1.49297282e-01  2.01000000e-02 -2.32906815e-03 
 2.02000000e-02  2.02000000e-02  2.02000000e-02  1.49842378e-01  2.02000000e-02 -2.32906819e-03 
 2.03000000e-02  2.03000000e-02  2.03000000e-02  1.50403981e-01  2.03000000e-02 -2.32906832e-03 
 2.04000000e-02  2.04000000e-02  2.04000000e-02  1.50856149e-01  2.04000000e-02 -2.32906848e-03 
 2.05000000e-02  2.05000000e-02  2.05000000e-02  1.51382529e-01  2.05000000e-02 -2.32906863e-03 
 2.06000000e-02  2.06000000e-02  2.06000000e-02  1.51880297e-01  2.06000000e-02 -2.32906876e-03 
 2.07000000e-02  2.07000000e-02  2.07000000e-02  1.52396006e-01  2.07000000e-02 -2.32906891e-03 
 2.08000000e-02  2.08000000e-02  2.08000000e-02  1.52980794e-01  2.08000000e-02 -2.32906896e-03 
 2.09000000e-02  2.09000000e-02  2.09000000e-02  1.53421235e-01  2.09000000e-02 -2.32906919e-03 
 2.10000000e-02  2.10000000e-02  2.10000000e-02  1.53958589e-01  2.10000000e-02 -2.32906926e-03 
 2.11000000e-02  2.11000000e-02  2.11000000e-02  1.54446814e-01  2.11000000e-02 -2.32906946e-03 
 2.12000000e-02  2.12000000e-02  2.12000000e-02  1.55040276e-01  2.12000000e-02 -2.32906947e-03 
 2.13000000e-02  2.13000000e-02  2.13000000e-02  1.55474919e-01  2.13000000e-02 -2.32906972e-03 
 2.14000000e-02  2.14000000e-02  2.14000000e-02  1.56016241e-01  2.14000000e-02 -2.32906976e-03 
 2.15000000e-02  2.15000000e-02  2.15000000e-02  1.56577382e-01  2.15000000e-02 -2.32906987e-03 
 2.16000000e-02  2.16000000e-02  2.16000000e-02  1.57027860e-01  2.16000000e-02 -2.32907003e-03 
 2.17000000e-02  2.17000000e-02  2.17000000e-02  1.57552838e-01  2.17000000e-02 -2.32907016e-03 
 2.18000000e-02  2.18000000e-02  2.18000000e-02  1.58048751e-01  2.18000000e-02 -2.32907029e-03 
 2.19000000e-02  2.19000000e-02  2.19000000e-02  1.58563079e-01  2.19000000e-02 -2.32907043e-03 
 2.20000000e-02  2.20000000e-02  2.20000000e-02  1.59073179e-01  2.20000000e-02 -2.32907053e-03 
 2.21000000e-02  2.21000000e-02  2.21000000e-02  1.59583157e-01  2.21000000e-02 -2.32907069e-03 
 2.22000000e-02  2.22000000e-02  2.22000000e-02  1.60170622e-01  2.22000000e-02 -2.32907071e-03 
 2.23000000e-02  2.23000000e-02  2.23000000e-02  1.60607640e-01  2.23000000e-02 -2.32907094e-03 
 2.24000000e-02  2.24000000e-02  2.24000000e-02  1.61145114e-01  2.24000000e-02 -2.32907098e-03 
 2.25000000e-02  2.25000000e-02  2.25000000e-02  1.61629669e-01  2.25000000e-02 -2.32907118e-03 
 2.26000000e-02  2.26000000e-02  2.26000000e-02  1.62221969e-01  2.26000000e-02 -2.32907117e-03 
 2.27000000e-02  2.27000000e-02  2.27000000e-02  1.62653955e-01  2.27000000e-02 -2.32907142e-03 
 2.28000000e-02  2.28000000e-02  2.28000000e-02  1.63250059e-01  2.28000000e-02 -2.32907140e-03 
 2.29000000e-02  2.29000000e-02  2.29000000e-02  1.63677450e-01  2.29000000e-02 -2.32907165e-03 
 2.30000000e-02  2.30000000e-02  2.30000000e-02  1.64273321e-01  2.30000000e-02 -2.32907162e-03 
 2.31000000e-02  2.31000000e-02  2.31000000e-02  1.64700167e-01  2.31000000e-02 -2.32907187e-03 
 2.32000000e-02  2.32000000e-02  2.32000000e-02  1.65295555e-01  2.32000000e-02 -2.32907184e-03 
 2.33000000e-02  2.33000000e-02  2.33000000e-02  1.65722188e-01  2.33000000e-02 -2.32907210e-03 
 2.34000000e-02  2.34000000e-02  2.34000000e-02  1.66317118e-01  2.34000000e-02 -2.32907206e-03 
 2.35000000e-02  2.35000000e-02  2.35000000e-02  1.66743545e-01  2.35000000e-02 -2.32907231e-03 
 2.36000000e-02  2.36000000e-02  2.36000000e-02  1.67338041e-01  2.36000000e-02 -2.32907228e-03 
 2.37000000e-02  2.37000000e-02  2.37000000e-02  1.67764246e-01  2.37000000e-02 -2.32907253e-03 
 2.38000000e-02  2.38000000e-02  2.38000000e-02  1.68358322e-01  2.38000000e-02 -2.32907249e-03 
 2.39000000e-02  2.39000000e-02  2.39000000e-02  1.68784294e-01  2.39000000e-02 -2.32907274e-03 
 2.40000000e-02  2.40000000e-02  2.40000000e-02  1.69377956e-01  2.40000000e-02 -2.32907270e-03 
 2.41000000e-02  2.41000000e-02  2.41000000e-02  1.69803685e-01  2.41000000e-02 -2.32907295e-03 
 2.42000000e-02  2.42000000e-02  2.42000000e-02  1.70396938e-01  2.42000000e-02 -2.32907290e-03 
 2.43000000e-02  2.43000000e-02  2.43000000e-02  1.70822419e-01  2.43000000e-02 -2.32907315e-03 
 2.44000000e-02  2.44000000e-02  2.44000000e-02  1.71415265e-01  2.44000000e-02 -2.32907310e-03 
 2.45000000e-02  2.45000000e-02  2.45000000e-02  1.71840491e-01  2.45000000e-02 -2.32907335e-03 
 2.46000000e-02  2.46000000e-02  2.46000000e-02  1.72432932e-01  2.46000000e-02 -2.32907330e-03 
 2.47000000e-02  2.47000000e-02  2.47000000e-02  1.72857899e-01  2.47000000e-02 -2.32907354e-03 
 2.48000000e-02  2.48000000e-02  2.48000000e-02  1.73449934e-01  2.48000000e-02 -2.32907349e-03 
 2.49000000e-02  2.49000000e-02  2.49000000e-02  1.73874638e-01  2.49000000e-02 -2.32907374e-03 
 2.50000000e-02  2.50000000e-02  2.50000000e-02  1.74466267e-01  2.50000000e-02 -2.32907368e-03 
 2.51000000e-02  2.51000000e-02  2.51000000e-02  1.74890704e-01  2.51000000e-02 -2.32907392e-03 
 2.52000000e-02  2.52000000e-02  2.52000000e-02  1.75481927e-01  2.52000000e-02 -2.32907386e-03 
 2.53000000e-02  2.53000000e-02  2.53000000e-02  1.75906094e-01  2.53000000e-02 -2.32907411e-03 
 2.54000000e-02  2.54000000e-02  2.54000000e-02  1.76496909e-01  2.54000000e-02 -2.32907404e-03 
 2.55000000e-02  2.55000000e-02  2.55000000e-02  1.76920803e-01  2.55000000e-02 -2.32907429e-03 
 2.56000000e-02  2.56000000e-02  2.56000000e-02  1.77511208e-01  2.56000000e-02 -2.32907422e-03 
 2.57000000e-02  2.57000000e-02  2.57000000e-02  1.77934827e-01  2.57000000e-02 -2.32907446e-03 
 2.58000000e-02  2.58000000e-02  2.58000000e-02  1.78524821e-01  2.58000000e-02 -2.32907439e-03 
 2.59000000e-02  2.59000000e-02  2.59000000e-02  1.78948162e-01  2.59000000e-02 -2.32907464e-03 
 2.60000000e-02  2.60000000e-02  2.60000000e-02  1.79537744e-01  2.60000000e-02 -2.32907456e-03 
 2.61000000e-02  2.61000000e-02  2.61000000e-02  1.79960804e-01  2.61000000e-02 -2.32907480e-03 
 2.62000000e-02  2.62000000e-02  2.62000000e-02  1.80549971e-01  2.62000000e-02 -2.32907472e-03 
 2.63000000e-02  2.63000000e-02  2.63000000e-02  1.80972748e-01  2.63000000e-02 -2.32907497e-03 
 2.64000000e-02  2.64000000e-02  2.64000000e-02  1.81561498e-01  2.64000000e-02 -2.32907488e-03 
 2.65000000e-02  2.65000000e-02  2.65000000e-02  1.81983991e-01  2.65000000e-02 -2.32907513e-03 
 2.66000000e-02  2.66000000e-02  2.66000000e-02  1.82572321e-01  2.66000000e-02 -2.32907504e-03 
 2.67000000e-02  2.67000000e-02  2.67000000e-02  1.82994527e-01  2.67000000e-02 -2.32907528e-03 
 2.68000000e-02  2.68000000e-02  2.68000000e-02  1.83582436e-01  2.68000000e-02 -2.32907519e-03 
 2.69000000e-02  2.69000000e-02  2.69000000e-02  1.84004353e-01  2.69000000e-02 -2.32907543e-03 
 2.70000000e-02  2.70000000e-02  2.70000000e-02  1.84591838e-01  2.70000000e-02 -2.32907534e-03 
 2.71000000e-02  2.71000000e-02  2.71000000e-02  1.85013464e-01  2.71000000e-02 -2.32907558e-03 
 2.72000000e-02  2.72000000e-02  2.72000000e-02  1.85600523e-01  2.72000000e-02 -2.32907548e-03 
 2.73000000e-02  2.73000000e-02  2.73000000e-02  1.86021856e-01  2.73000000e-02 -2.32907572e-03 
 2.74000000e-02  2.74000000e-02  2.74000000e-02  1.86608487e-01  2.74000000e-02 -2.32907562e-03 
 2.75000000e-02  2.75000000e-02  2.75000000e-02  1.87029524e-01  2.75000000e-02 -2.32907586e-03 
 2.76000000e-02  2.76000000e-02  2.76000000e-02  1.87615724e-01  2.76000000e-02 -2.32907575e-03 
 2.77000000e-02  2.77000000e-02  2.77000000e-02  1.88036464e-01  2.77000000e-02 -2.32907599e-03 
 2.78000000e-02  2.78000000e-02  2.78000000e-02  1.88622232e-01  2.78000000e-02 -2.32907588e-03 
 2.79000000e-02  2.79000000e-02  2.79000000e-02  1.89042672e-01  2.79000000e-02 -2.32907612e-03 
 2.80000000e-02  2.80000000e-02  2.80000000e-02  1.89628004e-01  2.80000000e-02 -2.32907600e-03 
 2.81000000e-02  2.81000000e-02  2.81000000e-02  1.90048143e-01  2.81000000e-02 -2.32907624e-03 
 2.82000000e-02  2.82000000e-02  2.82000000e-02  1.90633038e-01  2.82000000e-02 -2.32907612e-03 
 2.83000000e-02  2.83000000e-02  2.83000000e-02  1.91052873e-01  2.83000000e-02 -2.32907636e-03 
 2.84000000e-02  2.84000000e-02  2.84000000e-02  1.91637328e-01  2.84000000e-02 -2.32907624e-03 
 2.85000000e-02  2.85000000e-02  2.85000000e-02  1.92056857e-01  2.85000000e-02 -2.32907648e-03 
 2.86000000e-02  2.86000000e-02  2.86000000e-02  1.92640870e-01  2.86000000e-02 -2.32907635e-03 
 2.87000000e-02  2.87000000e-02  2.87000000e-02  1.93060092e-01  2.87000000e-02 -2.32907659e-03 
 2.88000000e-02  2.88000000e-02  2.88000000e-02  1.93643661e-01  2.88000000e-02 -2.32907646e-03 
 2.89000000e-02  2.89000000e-02  2.89000000e-02  1.94062572e-01  2.89000000e-02 -2.32907669e-03 
 2.90000000e-02  2.90000000e-02  2.90000000e-02  1.94645694e-01  2.90000000e-02 -2.32907656e-03 
 2.91000000e-02  2.91000000e-02  2.91000000e-02  1.95064294e-01  2.91000000e-02 -2.32907679e-03 
 2.92000000e-02  2.92000000e-02  2.92000000e-02  1.95646966e-01  2.92000000e-02 -2.32907665e-03 
 2.93000000e-02  2.93000000e-02  2.93000000e-02  1.96065253e-01  2.93000000e-02 -2.32907689e-03 
 2.94000000e-02  2.94000000e-02  2.94000000e-02  1.96647473e-01  2.94000000e-02 -2.32907674e-03 
 2.95000000e-02  2.95000000e-02  2.95000000e-02  1.97065444e-01  2.95000000e-02 -2.32907698e-03 
 2.96000000e-02  2.96000000e-02  2.96000000e-02  1.97647211e-01  2.96000000e-02 -2.32907683e-03 
 2.97000000e-02  2.97000000e-02  2.97000000e-02  1.98064863e-01  2.97000000e-02 -2.32907706e-03 
 2.98000000e-02  2.98000000e-02  2.98000000e-02  1.98646173e-01  2.98000000e-02 -2.32907691e-03 
 2.99000000e-02  2.99000000e-02  2.99000000e-02  1.99063506e-01  2.99000000e-02 -2.32907714e-03 
 3.00000000e-02  3.00000000e-02  3.00000000e-02  1.99644357e-01  3.00000000e-02 -2.32907699e-03 
 3.01000000e-02  3.01000000e-02  3.01000000e-02  2.00061369e-01  3.01000000e-02 -2.32907722e-03 
 3.02000000e-02  3.02000000e-02  3.02000000e-02  2.00641758e-01  3.02000000e-02 -2.32907706e-03 
 3.03000000e-02  3.03000000e-02  3.03000000e-02  2.01058446e-01  3.03000000e-02 -2.32907729e-03 
 3.04000000e-02  3.04000000e-02  3.04000000e-02  2.01638372e-01  3.04000000e-02 -2.32907713e-03 
 3.05000000e-02  3.05000000e-02  3.05000000e-02  2.02054733e-01  3.05000000e-02 -2.32907736e-03 
 3.06000000e-02  3.06000000e-02  3.06000000e-02  2.02634193e-01  3.06000000e-02 -2.32907719e-03 
 3.07000000e-02  3.07000000e-02  3.07000000e-02  2.03050227e-01  3.07000000e-02 -2.32907742e-03 
 3.08000000e-02  3.08000000e-02  3.08000000e-02  2.03629218e-01  3.08000000e-02 -2.32907725e-03 
 3.09000000e-02  3.09000000e-02  3.09000000e-02  2.04044922e-01  3.09000000e-02 -2.32907747e-03 
 3.10000000e-02  3.10000000e-02  3.10000000e-02  2.04623443e-01  3.10000000e-02 -2.32907730e-03 
 3.11000000e-02  3.11000000e-02  3.11000000e-02  2.05038815e-01  3.11000000e-02 -2.32907752e-03 
 3.12000000e-02  3.12000000e-02  3.12000000e-02  2.05616862e-01  3.12000000e-02 -2.32907734e-03 
 3.13000000e-02  3.13000000e-02  3.13000000e-02  2.06031900e-01  3.13000000e-02 -2.32907757e-03 
 3.14000000e-02  3.14000000e-02  3.14000000e-02  2.06609471e-01  3.14000000e-02 -2.32907738e-03 
 3.15000000e-02  3.15000000e-02  3.15000000e-02  2.07024173e-01  3.15000000e-02 -2.32907761e-03 
 3.16000000e-02  3.16000000e-02  3.16000000e-02  2.07601266e-01  3.16000000e-02 -2.32907742e-03 
 3.17000000e-02  3.17000000e-02  3.17000000e-02  2.08015631e-01  3.17000000e-02 -2.32907764e-03 
 3.18000000e-02  3.18000000e-02  3.18000000e-02  2.08592242e-01  3.18000000e-02 -2.32907745e-03 
 3.19000000e-02  3.19000000e-02  3.19000000e-02  2.09006267e-01  3.19000000e-02 -2.32907767e-03 
 3.20000000e-02  3.20000000e-02  3.20000000e-02  2.09582396e-01  3.20000000e-02 -2.32907747e-03 
 3.21000000e-02  3.21000000e-02  3.21000000e-02  2.09996079e-01  3.21000000e-02 -2.32907769e-03 
 3.22000000e-02  3.22000000e-02  3.22000000e-02  2.10571721e-01  3.22000000e-02 -2.32907749e-03 
 3.23000000e-02  3.23000000e-02  3.23000000e-02  2.10985061e-01  3.23000000e-02 -2.32907771e-03 
 3.24000000e-02  3.24000000e-02  3.24000000e-02  2.11560215e-01  3.24000000e-02 -2.32907751e-03 
 3.25000000e-02  3.25000000e-02  3.25000000e-02  2.11973209e-01  3.25000000e-02 -2.32907773e-03 
 3.26000000e-02  3.26000000e-02  3.26000000e-02  2.12547873e-01  3.26000000e-02 -2.32907752e-03 
 3.27000000e-02  3.27000000e-02  3.27000000e-02  2.12960519e-01  3.27000000e-02 -2.32907773e-03 
 3.28000000e-02  3.28000000e-02  3.28000000e-02  2.13534689e-01  3.28000000e-02 -2.32907752e-03 
 3.29000000e-02  3.29000000e-02  3.29000000e-02  2.13946985e-01  3.29000000e-02 -2.32907773e-03 
 3.30000000e-02  3.30000000e-02  3.30000000e-02  2.14520660e-01  3.30000000e-02 -2.32907752e-03 
 3.31000000e-02  3.31000000e-02  3.31000000e-02  2.14932605e-01  3.31000000e-02 -2.32907773e-03 
 3.32000000e-02  3.32000000e-02  3.32000000e-02  2.15505781e-01  3.32000000e-02 -2.32907751e-03 
 3.33000000e-02  3.33000000e-02  3.33000000e-02  2.15917372e-01  3.33000000e-02 -2.32907772e-03 
 3.34000000e-02  3.34000000e-02  3.34000000e-02  2.16490048e-01  3.34000000e-02 -2.32907749e-03 
 3.35000000e-02  3.35000000e-02  3.35000000e-02  2.16901284e-01  3.35000000e-02 -2.32907771e-03 
 3.36000000e-02  3.36000000e-02  3.36000000e-02  2.17473456e-01  3.36000000e-02 -2.32907747e-03 
 3.37000000e-02  3.37000000e-02  3.37000000e-02  2.17884334e-01  3.37000000e-02 -2.32907768e-03 
 3.38000000e-02  3.38000000e-02  3.38000000e-02  2.18456001e-01  3.38000000e-02 -2.32907745e-03 
 3.39000000e-02  3.39000000e-02  3.39000000e-02  2.18866519e-01  3.39000000e-02 -2.32907766e-03 
 3.40000000e-02  3.40000000e-02  3.40000000e-02  2.19437678e-01  3.40000000e-02 -2.32907742e-03 
 3.41000000e-02  3.41000000e-02  3.41000000e-02  2.19918517e-01  3.41000000e-02 -2.32907744e-03 
 3.42000000e-02  3.42000000e-02  3.42000000e-02  2.20366597e-01  3.42000000e-02 -2.32907749e-03 
 3.43000000e-02  3.43000000e-02  3.43000000e-02  2.20854553e-01  3.43000000e-02 -2.32907746e-03 
 3.44000000e-02  3.44000000e-02  3.44000000e-02  2.21391984e-01  3.44000000e-02 -2.32907736e-03 
 3.45000000e-02  3.45000000e-02  3.45000000e-02  2.21882262e-01  3.45000000e-02 -2.32907734e-03 
 3.46000000e-02  3.46000000e-02  3.46000000e-02  2.22324271e-01  3.46000000e-02 -2.32907741e-03 
 3.47000000e-02  3.47000000e-02  3.47000000e-02  2.22813735e-01  3.47000000e-02 -2.32907737e-03 
 3.48000000e-02  3.48000000e-02  3.48000000e-02  2.23349107e-01  3.48000000e-02 -2.32907726e-03 
 3.49000000e-02  3.49000000e-02  3.49000000e-02  2.23838640e-01  3.49000000e-02 -2.32907723e-03 
 3.50000000e-02  3.50000000e-02  3.50000000e-02  2.24279872e-01  3.50000000e-02 -2.32907729e-03 
 3.51000000e-02  3.51000000e-02  3.51000000e-02  2.24768505e-01  3.51000000e-02 -2.32907724e-03 
 3.52000000e-02  3.52000000e-02  3.52000000e-02  2.25302741e-01  3.52000000e-02 -2.32907713e-03 
 3.53000000e-02  3.53000000e-02  3.53000000e-02  2.25791398e-01  3.53000000e-02 -2.32907709e-03 
 3.54000000e-02  3.54000000e-02  3.54000000e-02  2.26231917e-01  3.54000000e-02 -2.32907715e-03 
 3.55000000e-02  3.55000000e-02  3.55000000e-02  2.26719670e-01  3.55000000e-02 -2.32907710e-03 
 3.56000000e-02  3.56000000e-02  3.56000000e-02  2.27252782e-01  3.56000000e-02 -2.32907698e-03 
 3.57000000e-02  3.57000000e-02  3.57000000e-02  2.27740547e-01  3.57000000e-02 -2.32907694e-03 
 3.58000000e-02  3.58000000e-02  3.58000000e-02  2.28180350e-01  3.58000000e-02 -2.32907699e-03 
 3.59000000e-02  3.59000000e-02  3.59000000e-02  2.28667212e-01  3.59000000e-02 -2.32907693e-03 
 3.60000000e-02  3.60000000e-02  3.60000000e-02  2.29199191e-01  3.60000000e-02 -2.32907680e-03 
 3.61000000e-02  3.61000000e-02  3.61000000e-02  2.29686054e-01  3.61000000e-02 -2.32907675e-03 
 3.62000000e-02  3.62000000e-02  3.62000000e-02  2.30125133e-01  3.62000000e-02 -2.32907680e-03 
 3.63000000e-02  3.63000000e-02  3.63000000e-02  2.30661318e-01  3.63000000e-02 -2.32907664e-03 
 3.64000000e-02  3.64000000e-02  3.64000000e-02  2.31142427e-01  3.64000000e-02 -2.32907660e-03 
 3.65000000e-02  3.65000000e-02  3.65000000e-02  2.31582538e-01  3.65000000e-02 -2.32907664e-03 
 3.66000000e-02  3.66000000e-02  3.66000000e-02  2.32116616e-01  3.66000000e-02 -2.32907648e-03 
 3.67000000e-02  3.67000000e-02  3.67000000e-02  2.32597157e-01  3.67000000e-02 -2.32907644e-03 
 3.68000000e-02  3.68000000e-02  3.68000000e-02  2.33036612e-01  3.68000000e-02 -2.32907647e-03 
 3.69000000e-02  3.69000000e-02  3.69000000e-02  2.33569839e-01  3.69000000e-02 -2.32907630e-03 
 3.70000000e-02  3.70000000e-02  3.70000000e-02  2.34049685e-01  3.70000000e-02 -2.32907626e-03 
 3.71000000e-02  3.71000000e-02  3.71000000e-02  2.34488585e-01  3.71000000e-02 -2.32907629e-03 
 3.72000000e-02  3.72000000e-02  3.72000000e-02  2.35020943e-01  3.72000000e-02 -2.32907611e-03 
 3.73000000e-02  3.73000000e-02  3.73000000e-02  2.35500098e-01  3.73000000e-02 -2.32907606e-03 
 3.74000000e-02  3.74000000e-02  3.74000000e-02  2.35987513e-01  3.74000000e-02 -2.32907598e-03 
 3.75000000e-02  3.75000000e-02  3.75000000e-02  2.36469992e-01  3.75000000e-02 -2.32907591e-03 
 3.76000000e-02  3.76000000e-02  3.76000000e-02  2.36952869e-01  3.76000000e-02 -2.32907584e-03 
 3.77000000e-02  3.77000000e-02  3.77000000e-02  2.37435128e-01  3.77000000e-02 -2.32907576e-03 
 3.78000000e-02  3.78000000e-02  3.78000000e-02  2.37917196e-01  3.78000000e-02 -2.32907569e-03 
 3.79000000e-02  3.79000000e-02  3.79000000e-02  2.38398995e-01  3.79000000e-02 -2.32907561e-03 
 3.80000000e-02  3.80000000e-02  3.80000000e-02  2.38880557e-01  3.80000000e-02 -2.32907553e-03 
 3.81000000e-02  3.81000000e-02  3.81000000e-02  2.39361875e-01  3.81000000e-02 -2.32907545e-03 
 3.82000000e-02  3.82000000e-02  3.82000000e-02  2.39842953e-01  3.82000000e-02 -2.32907537e-03 
 3.83000000e-02  3.83000000e-02  3.83000000e-02  2.40323789e-01  3.83000000e-02 -2.32907529e-03 
 3.84000000e-02  3.84000000e-02  3.84000000e-02  2.40804382e-01  3.84000000e-02 -2.32907520e-03 
 3.85000000e-02  3.85000000e-02  3.85000000e-02  2.41284733e-01  3.85000000e-02 -2.32907512e-03 
 3.86000000e-02  3.86000000e-02  3.86000000e-02  2.41764840e-01  3.86000000e-02 -2.32907503e-03 
 3.87000000e-02  3.87000000e-02  3.87000000e-02  2.42244703e-01  3.87000000e-02 -2.32907494e-03 
 3.88000000e-02  3.88000000e-02  3.88000000e-02  2.42724321e-01  3.88000000e-02 -2.32907485e-03 
 3.89000000e-02  3.89000000e-02  3.89000000e-02  2.43203695e-01  3.89000000e-02 -2.32907475e-03 
 3.90000000e-02  3.90000000e-02  3.90000000e-02  2.43682822e-01  3.90000000e-02 -2.32907466e-03 
 3.91000000e-02  3.91000000e-02  3.91000000e-02  2.44161703e-01  3.91000000e-02 -2.32907456e-03 
 3.92000000e-02  3.92000000e-02  3.92000000e-02  2.44640337e-01  3.92000000e-02 -2.32907446e-03 
 3.93000000e-02  3.93000000e-02  3.93000000e-02  2.45118724e-01  3.93000000e-02 -2.32907436e-03 
 3.94000000e-02  3.94000000e-02  3.94000000e-02  2.45596863e-01  3.94000000e-02 -2.32907426e-03 
 3.95000000e-02  3.95000000e-02  3.95000000e-02  2.46074753e-01  3.95000000e-02 -2.32907416e-03 
 3.96000000e-02  3.96000000e-02  3.96000000e-02  2.46552394e-01  3.96000000e-02 -2.32907405e-03 
 3.97000000e-02  3.97000000e-02  3.97000000e-02  2.47029785e-01  3.97000000e-02 -2.32907395e-03 
 3.98000000e-02  3.98000000e-02  3.98000000e-02  2.47506926e-01  3.98000000e-02 -2.32907384e-03 
 3.99000000e-02  3.99000000e-02  3.99000000e-02  2.47983816e-01  3.99000000e-02 -2.32907373e-03 
 4.00000000e-02  4.00000000e-02  4.00000000e-02  2.48460454e-01  4.00000000e-02 -2.32907362e-03 
 4.01000000e-02  4.01000000e-02  4.01000000e-02  2.48936841e-01  4.01000000e-02 -2.32907350e-03 
 4.02000000e-02  4.02000000e-02  4.02000000e-02  2.49412975e-01  4.02000000e-02 -2.32907339e-03 
 4.03000000e-02  4.03000000e-02  4.03000000e-02  2.49888855e-01  4.03000000e-02 -2.32907327e-03 
 4.04000000e-02  4.04000000e-02  4.04000000e-02  2.50364482e-01  4.04000000e-02 -2.32907315e-03 
 4.05000000e-02  4.05000000e-02  4.05000000e-02  2.50839855e-01  4.05000000e-02 -2.32907303e-03 
 4.06000000e-02  4.06000000e-02  4.06000000e-02  2.51314973e-01  4.06000000e-02 -2.32907291e-03 
 4.07000000e-02  4.07000000e-02  4.07000000e-02  2.51789835e-01  4.07000000e-02 -2.32907278e-03 
 4.08000000e-02  4.08000000e-02  4.08000000e-02  2.52264442e-01  4.08000000e-02 -2.32907266e-03 
 4.09000000e-02  4.09000000e-02  4.09000000e-02  2.52738791e-01  4.09000000e-02 -2.32907253e-03 
 4.10000000e-02  4.10000000e-02  4.10000000e-02  2.53212884e-01  4.10000000e-02 -2.32907240e-03 
 4.11000000e-02  4.11000000e-02  4.11000000e-02  2.53686719e-01  4.11000000e-02 -2.32907227e-03 
 4.12000000e-02  4.12000000e-02  4.12000000e-02  2.54160295e-01  4.12000000e-02 -2.32907214e-03 
 4.13000000e-02  4.13000000e-02  4.13000000e-02  2.54633613e-01  4.13000000e-02 -2.32907200e-03 
 4.14000000e-02  4.14000000e-02  4.14000000e-02  2.55106671e-01  4.14000000e-02 -2.32907187e-03 
 4.15000000e-02  4.15000000e-02  4.15000000e-02  2.55579469e-01  4.15000000e-02 -2.32907173e-03 
 4.16000000e-02  4.16000000e-02  4.16000000e-02  2.56052007e-01  4.16000000e-02 -2.32907159e-03 
 4.17000000e-02  4.17000000e-02  4.17000000e-02  2.56524283e-01  4.17000000e-02 -2.32907144e-03 
 4.18000000e-02  4.18000000e-02  4.18000000e-02  2.56996298e-01  4.18000000e-02 -2.32907130e-03 
 4.19000000e-02  4.19000000e-02  4.19000000e-02  2.57468051e-01  4.19000000e-02 -2.32907116e-03 
 4.20000000e-02  4.20000000e-02  4.20000000e-02  2.57939540e-01  4.20000000e-02 -2.32907101e-03 
 4.21000000e-02  4.21000000e-02  4.21000000e-02  2.58410766e-01  4.21000000e-02 -2.32907086e-03 
 4.22000000e-02  4.22000000e-02  4.22000000e-02  2.58881728e-01  4.22000000e-02 -2.32907071e-03 
 4.23000000e-02  4.23000000e-02  4.23000000e-02  2.59352426e-01  4.23000000e-02 -2.32907056e-03 
 4.24000000e-02  4.24000000e-02  4.24000000e-02  2.59822858e-01  4.24000000e-02 -2.32907040e-03 
 4.25000000e-02  4.25000000e-02  4.25000000e-02  2.60293025e-01  4.25000000e-02 -2.32907024e-03 
 4.26000000e-02  4.26000000e-02  4.26000000e-02  2.60762925e-01  4.26000000e-02 -2.32907009e-03 
 4.27000000e-02  4.27000000e-02  4.27000000e-02  2.61232558e-01  4.27000000e-02 -2.32906993e-03 
 4.28000000e-02  4.28000000e-02  4.28000000e-02  2.61701924e-01  4.28000000e-02 -2.32906976e-03 
 4.29000000e-02  4.29000000e-02  4.29000000e-02  2.62171022e-01  4.29000000e-02 -2.32906960e-03 
 4.30000000e-02  4.30000000e-02  4.30000000e-02  2.62639852e-01  4.30000000e-02 -2.32906944e-03 
 4.31000000e-02  4.31000000e-02  4.31000000e-02  2.63108412e-01  4.31000000e-02 -2.32906927e-03 
 4.32000000e-02  4.32000000e-02  4.32000000e-02  2.63576702e-01  4.32000000e-02 -2.32906910e-03 
 4.33000000e-02  4.33000000e-02  4.33000000e-02  2.64044722e-01  4.33000000e-02 -2.32906893e-03 
 4.34000000e-02  4.34000000e-02  4.34000000e-02  2.64512472e-01  4.34000000e-02 -2.32906875e-03 
 4.35000000e-02  4.35000000e-02  4.35000000e-02  2.64979949e-01  4.35000000e-02 -2.32906858e-03 
 4.36000000e-02  4.36000000e-02  4.36000000e-02  2.65447155e-01  4.36000000e-02 -2.32906840e-03 
 4.37000000e-02  4.37000000e-02  4.37000000e-02  2.65914088e-01  4.37000000e-02 -2.32906822e-03 
 4.38000000e-02  4.38000000e-02  4.38000000e-02  2.66380748e-01  4.38000000e-02 -2.32906804e-03 
 4.39000000e-02  4.39000000e-02  4.39000000e-02  2.66847134e-01  4.39000000e-02 -2.32906786e-03 
 4.40000000e-02  4.40000000e-02  4.40000000e-02  2.67313246e-01  4.40000000e-02 -2.32906768e-03 
 4.41000000e-02  4.41000000e-02  4.41000000e-02  2.67779083e-01  4.41000000e-02 -2.32906749e-03 
 4.42000000e-02  4.42000000e-02  4.42000000e-02  2.68244644e-01  4.42000000e-02 -2.32906730e-03 
 4.43000000e-02  4.43000000e-02  4.43000000e-02  2.68709930e-01  4.43000000e-02 -2.32906711e-03 
 4.44000000e-02  4.44000000e-02  4.44000000e-02  2.69174939e-01  4.44000000e-02 -2.32906692e-03 
 4.45000000e-02  4.45000000e-02  4.45000000e-02  2.69639670e-01  4.45000000e-02 -2.32906673e-03 
 4.46000000e-02  4.46000000e-02  4.46000000e-02  2.70104124e-01  4.46000000e-02 -2.32906653e-03 
 4.47000000e-02  4.47000000e-02  4.47000000e-02  2.70568299e-01  4.47000000e-02 -2.32906634e-03 
 4.48000000e-02  4.48000000e-02  4.48000000e-02  2.71032196e-01  4.48000000e-02 -2.32906614e-03 
 4.49000000e-02  4.49000000e-02  4.49000000e-02  2.71495813e-01  4.49000000e-02 -2.32906594e-03 
 4.50000000e-02  4.50000000e-02  4.50000000e-02  2.71959150e-01  4.50000000e-02 -2.32906573e-03 
 4.51000000e-02  4.51000000e-02  4.51000000e-02  2.72422206e-01  4.51000000e-02 -2.32906553e-03 
 4.52000000e-02  4.52000000e-02  4.52000000e-02  2.72884982e-01  4.52000000e-02 -2.32906532e-03 
 4.53000000e-02  4.53000000e-02  4.53000000e-02  2.73347475e-01  4.53000000e-02 -2.32906511e-03 
 4.54000000e-02  4.54000000e-02  4.54000000e-02  2.73809686e-01  4.54000000e-02 -2.32906490e-03 
 4.55000000e-02  4.55000000e-02  4.55000000e-02  2.74271614e-01  4.55000000e-02 -2.32906469e-03 
 4.56000000e-02  4.56000000e-02  4.56000000e-02  2.74733259e-01  4.56000000e-02 -2.32906447e-03 
 4.57000000e-02  4.57000000e-02  4.57000000e-02  2.75194619e-01  4.57000000e-02 -2.32906426e-03 
 4.58000000e-02  4.58000000e-02  4.58000000e-02  2.75668663e-01  4.58000000e-02 -2.32906400e-03 
 4.59000000e-02  4.59000000e-02  4.59000000e-02  2.76129481e-01  4.59000000e-02 -2.32906378e-03 
 4.60000000e-02  4.60000000e-02  4.60000000e-02  2.76578144e-01  4.60000000e-02 -2.32906359e-03 
 4.61000000e-02  4.61000000e-02  4.61000000e-02  2.77050403e-01  4.61000000e-02 -2.32906334e-03 
 4.62000000e-02  4.62000000e-02  4.62000000e-02  2.77510093e-01  4.62000000e-02 -2.32906311e-03 
 4.63000000e-02  4.63000000e-02  4.63000000e-02  2.77969982e-01  4.63000000e-02 -2.32906288e-03 
 4.64000000e-02  4.64000000e-02  4.64000000e-02  2.78429310e-01  4.64000000e-02 -2.32906265e-03 
 4.65000000e-02  4.65000000e-02  4.65000000e-02  2.78888358e-01  4.65000000e-02 -2.32906242e-03 
 4.66000000e-02  4.66000000e-02  4.66000000e-02  2.79347112e-01  4.66000000e-02 -2.32906218e-03 
 4.67000000e-02  4.67000000e-02  4.67000000e-02  2.79805575e-01  4.67000000e-02 -2.32906195e-03 
 4.68000000e-02  4.68000000e-02  4.68000000e-02  2.80263749e-01  4.68000000e-02 -2.32906171e-03 
 4.69000000e-02  4.69000000e-02  4.69000000e-02  2.80721631e-01  4.69000000e-02 -2.32906147e-03 
 4.70000000e-02  4.70000000e-02  4.70000000e-02  2.81179221e-01  4.70000000e-02 -2.32906123e-03 
 4.71000000e-02  4.71000000e-02  4.71000000e-02  2.81636520e-01  4.71000000e-02 -2.32906099e-03 
 4.72000000e-02  4.72000000e-02  4.72000000e-02  2.82093526e-01  4.72000000e-02 -2.32906074e-03 
 4.73000000e-02  4.73000000e-02  4.73000000e-02  2.82550238e-01  4.73000000e-02 -2.32906049e-03 
 4.74000000e-02  4.74000000e-02  4.74000000e-02  2.83006657e-01  4.74000000e-02 -2.32906024e-03 
 4.75000000e-02  4.75000000e-02  4.75000000e-02  2.83462781e-01  4.75000000e-02 -2.32905999e-03 
 4.76000000e-02  4.76000000e-02  4.76000000e-02  2.83918610e-01  4.76000000e-02 -2.32905974e-03 
 4.77000000e-02  4.77000000e-02  4.77000000e-02  2.84374144e-01  4.77000000e-02 -2.32905948e-03 
 4.78000000e-02  4.78000000e-02  4.78000000e-02  2.84829381e-01  4.78000000e-02 -2.32905922e-03 
 4.79000000e-02  4.79000000e-02  4.79000000e-02  2.85284322e-01  4.79000000e-02 -2.32905896e-03 
 4.80000000e-02  4.80000000e-02  4.80000000e-02  2.85738966e-01  4.80000000e-02 -2.32905870e-03 
 4.81000000e-02  4.81000000e-02  4.81000000e-02  2.86196756e-01  4.81000000e-02 -2.32905843e-03 
 4.82000000e-02  4.82000000e-02  4.82000000e-02  2.86650799e-01  4.82000000e-02 -2.32905817e-03 
 4.83000000e-02  4.83000000e-02  4.83000000e-02  2.87104562e-01  4.83000000e-02 -2.32905790e-03 
 4.84000000e-02  4.84000000e-02  4.84000000e-02  2.87558003e-01  4.84000000e-02 -2.32905763e-03 
 4.85000000e-02  4.85000000e-02  4.85000000e-02  2.88011144e-01  4.85000000e-02 -2.32905736e-03 
 4.86000000e-02  4.86000000e-02  4.86000000e-02  2.88463984e-01  4.86000000e-02 -2.32905708e-03 
 4.87000000e-02  4.87000000e-02  4.87000000e-02  2.88917508e-01  4.87000000e-02 -2.32905681e-03 
 4.88000000e-02  4.88000000e-02  4.88000000e-02  2.89369742e-01  4.88000000e-02 -2.32905653e-03 
 4.89000000e-02  4.89000000e-02  4.89000000e-02  2.89821676e-01  4.89000000e-02 -2.32905625e-03 
 4.90000000e-02  4.90000000e-02  4.90000000e-02  2.90272333e-01  4.90000000e-02 -2.32905597e-03 
 4.91000000e-02  4.91000000e-02  4.91000000e-02  2.90723660e-01  4.91000000e-02 -2.32905569e-03 
 4.92000000e-02  4.92000000e-02  4.92000000e-02  2.91174677e-01  4.92000000e-02 -2.32905540e-03 
 4.93000000e-02  4.93000000e-02  4.93000000e-02  2.91625396e-01  4.93000000e-02 -2.32905511e-03 
 4.94000000e-02  4.94000000e-02  4.94000000e-02  2.92075810e-01  4.94000000e-02 -2.32905482e-03 
 4.95000000e-02  4.95000000e-02  4.95000000e-02  2.92522643e-01  4.95000000e-02 -2.32905454e-03 
 4.96000000e-02  4.96000000e-02  4.96000000e-02  2.92972439e-01  4.96000000e-02 -2.32905425e-03 
 4.97000000e-02  4.97000000e-02  4.97000000e-02  2.93421871e-01  4.97000000e-02 -2.32905395e-03 
 4.98000000e-02  4.98000000e-02  4.98000000e-02  2.93871065e-01  4.98000000e-02 -2.32905365e-03 
 4.99000000e-02  4.99000000e-02  4.99000000e-02  2.94319950e-01  4.99000000e-02 -2.32905336e-03 
 5.00000000e-02  5.00000000e-02  5.00000000e-02  2.94768528e-01  5.00000000e-02 -2.32905305e-03 
 5.01000000e-02  5.01000000e-02  5.01000000e-02  2.95216796e-01  5.01000000e-02 -2.32905275e-03 
 5.02000000e-02  5.02000000e-02  5.02000000e-02  2.95664755e-01  5.02000000e-02 -2.32905244e-03 
 5.03000000e-02  5.03000000e-02  5.03000000e-02  2.96112403e-01  5.03000000e-02 -2.32905214e-03 
 5.04000000e-02  5.04000000e-02  5.04000000e-02  2.96559741e-01  5.04000000e-02 -2.32905183e-03 
 5.05000000e-02  5.05000000e-02  5.05000000e-02  2.97006766e-01  5.05000000e-02 -2.32905151e-03 
 5.06000000e-02  5.06000000e-02  5.06000000e-02  2.97453480e-01  5.06000000e-02 -2.32905120e-03 
 5.07000000e-02  5.07000000e-02  5.07000000e-02  2.97899881e-01  5.07000000e-02 -2.32905089e-03 
 5.08000000e-02  5.08000000e-02  5.08000000e-02  2.98345969e-01  5.08000000e-02 -2.32905057e-03 
 5.09000000e-02  5.09000000e-02  5.09000000e-02  2.98791742e-01  5.09000000e-02 -2.32905025e-03 
 5.10000000e-02  5.10000000e-02  5.10000000e-02  2.99237202e-01  5.10000000e-02 -2.32904993e-03 
 5.11000000e-02  5.11000000e-02  5.11000000e-02  2.99682346e-01  5.11000000e-02 -2.32904960e-03 
 5.12000000e-02  5.12000000e-02  5.12000000e-02  3.00116228e-01  5.12000000e-02 -2.32904931e-03 
 5.13000000e-02  5.13000000e-02  5.13000000e-02  3.00560599e-01  5.13000000e-02 -2.32904898e-03 
 5.14000000e-02  5.14000000e-02  5.14000000e-02  3.01004046e-01  5.14000000e-02 -2.32904866e-03 
 5.15000000e-02  5.15000000e-02  5.15000000e-02  3.01447925e-01  5.15000000e-02 -2.32904833e-03 
 5.16000000e-02  5.16000000e-02  5.16000000e-02  3.01891457e-01  5.16000000e-02 -2.32904799e-03 
 5.17000000e-02  5.17000000e-02  5.17000000e-02  3.02334722e-01  5.17000000e-02 -2.32904766e-03 
 5.18000000e-02  5.18000000e-02  5.18000000e-02  3.02777667e-01  5.18000000e-02 -2.32904732e-03 
 5.19000000e-02  5.19000000e-02  5.19000000e-02  3.03220296e-01  5.19000000e-02 -2.32904698e-03 
 5.20000000e-02  5.20000000e-02  5.20000000e-02  3.03662605e-01  5.20000000e-02 -2.32904663e-03 
 5.21000000e-02  5.21000000e-02  5.21000000e-02  3.04104594e-01  5.21000000e-02 -2.32904629e-03 
 5.22000000e-02  5.22000000e-02  5.22000000e-02  3.04546261e-01  5.22000000e-02 -2.32904594e-03 
 5.23000000e-02  5.23000000e-02  5.23000000e-02  3.04987607e-01  5.23000000e-02 -2.32904559e-03 
 5.24000000e-02  5.24000000e-02  5.24000000e-02  3.05428630e-01  5.24000000e-02 -2.32904524e-03 
 5.25000000e-02  5.25000000e-02  5.25000000e-02  3.05869330e-01  5.25000000e-02 -2.32904489e-03 
 5.26000000e-02  5.26000000e-02  5.26000000e-02  3.06309707e-01  5.26000000e-02 -2.32904454e-03 
 5.27000000e-02  5.27000000e-02  5.27000000e-02  3.06749760e-01  5.27000000e-02 -2.32904418e-03 
 5.28000000e-02  5.28000000e-02  5.28000000e-02  3.07189488e-01  5.28000000e-02 -2.32904382e-03 
 5.29000000e-02  5.29000000e-02  5.29000000e-02  3.07628890e-01  5.29000000e-02 -2.32904346e-03 
 5.30000000e-02  5.30000000e-02  5.30000000e-02  3.08067968e-01  5.30000000e-02 -2.32904310e-03 
 5.31000000e-02  5.31000000e-02  5.31000000e-02  3.08506718e-01  5.31000000e-02 -2.32904273e-03 
 5.32000000e-02  5.32000000e-02  5.32000000e-02  3.08945142e-01  5.32000000e-02 -2.32904237e-03 
 5.33000000e-02  5.33000000e-02  5.33000000e-02  3.09383239e-01  5.33000000e-02 -2.32904200e-03 
 5.34000000e-02  5.34000000e-02  5.34000000e-02  3.09821007e-01  5.34000000e-02 -2.32904162e-03 
 5.35000000e-02  5.35000000e-02  5.35000000e-02  3.10258447e-01  5.35000000e-02 -2.32904125e-03 
 5.36000000e-02  5.36000000e-02  5.36000000e-02  3.10695557e-01  5.36000000e-02 -2.32904088e-03 
 5.37000000e-02  5.37000000e-02  5.37000000e-02  3.11132338e-01  5.37000000e-02 -2.32904050e-03 
 5.38000000e-02  5.38000000e-02  5.38000000e-02  3.11568789e-01  5.38000000e-02 -2.32904012e-03 
 5.39000000e-02  5.39000000e-02  5.39000000e-02  3.12004909e-01  5.39000000e-02 -2.32903974e-03 
 5.40000000e-02  5.40000000e-02  5.40000000e-02  3.12440697e-01  5.40000000e-02 -2.32903935e-03 
 5.41000000e-02  5.41000000e-02  5.41000000e-02  3.12876153e-01  5.41000000e-02 -2.32903897e-03 
 5.42000000e-02  5.42000000e-02  5.42000000e-02  3.13311277e-01  5.42000000e-02 -2.32903858e-03 
 5.43000000e-02  5.43000000e-02  5.43000000e-02  3.13746068e-01  5.43000000e-02 -2.32903819e-03 
 5.44000000e-02  5.44000000e-02  5.44000000e-02  3.14180525e-01  5.44000000e-02 -2.32903780e-03 
 5.45000000e-02  5.45000000e-02  5.45000000e-02  3.14614648e-01  5.45000000e-02 -2.32903740e-03 
 5.46000000e-02  5.46000000e-02  5.46000000e-02  3.15048436e-01  5.46000000e-02 -2.32903701e-03 
 5.47000000e-02  5.47000000e-02  5.47000000e-02  3.15481889e-01  5.47000000e-02 -2.32903661e-03 
 5.48000000e-02  5.48000000e-02  5.48000000e-02  3.15915006e-01  5.48000000e-02 -2.32903621e-03 
 5.49000000e-02  5.49000000e-02  5.49000000e-02  3.16347786e-01  5.49000000e-02 -2.32903581e-03 
 5.50000000e-02  5.50000000e-02  5.50000000e-02  3.16780229e-01  5.50000000e-02 -2.32903540e-03 
 5.51000000e-02  5.51000000e-02  5.51000000e-02  3.17212335e-01  5.51000000e-02 -2.32903500e-03 
 5.52000000e-02  5.52000000e-02  5.52000000e-02  3.17644103e-01  5.52000000e-02 -2.32903459e-03 
 5.53000000e-02  5.53000000e-02  5.53000000e-02  3.18075532e-01  5.53000000e-02 -2.32903418e-03 
 5.54000000e-02  5.54000000e-02  5.54000000e-02  3.18506621e-01  5.54000000e-02 -2.32903377e-03 
 5.55000000e-02  5.55000000e-02  5.55000000e-02  3.18937371e-01  5.55000000e-02 -2.32903335e-03 
 5.56000000e-02  5.56000000e-02  5.56000000e-02  3.19367781e-01  5.56000000e-02 -2.32903293e-03 
 5.57000000e-02  5.57000000e-02  5.57000000e-02  3.19797849e-01  5.57000000e-02 -2.32903252e-03 
 5.58000000e-02  5.58000000e-02  5.58000000e-02  3.20227576e-01  5.58000000e-02 -2.32903209e-03 
 5.59000000e-02  5.59000000e-02  5.59000000e-02  3.20619679e-01  5.59000000e-02 -2.32903183e-03 
 5.60000000e-02  5.60000000e-02  5.60000000e-02  3.21086177e-01  5.60000000e-02 -2.32903124e-03 
 5.61000000e-02  5.61000000e-02  5.61000000e-02  3.21511539e-01  5.61000000e-02 -2.32903083e-03 
 5.62000000e-02  5.62000000e-02  5.62000000e-02  3.21905755e-01  5.62000000e-02 -2.32903055e-03 
 5.63000000e-02  5.63000000e-02  5.63000000e-02  3.22334510e-01  5.63000000e-02 -2.32903009e-03 
 5.64000000e-02  5.64000000e-02  5.64000000e-02  3.22795005e-01  5.64000000e-02 -2.32902954e-03 
 5.65000000e-02  5.65000000e-02  5.65000000e-02  3.23223566e-01  5.65000000e-02 -2.32902910e-03 
 5.66000000e-02  5.66000000e-02  5.66000000e-02  3.23615243e-01  5.66000000e-02 -2.32902882e-03 
 5.67000000e-02  5.67000000e-02  5.67000000e-02  3.24043484e-01  5.67000000e-02 -2.32902835e-03 
 5.68000000e-02  5.68000000e-02  5.68000000e-02  3.24502191e-01  5.68000000e-02 -2.32902779e-03 
 5.69000000e-02  5.69000000e-02  5.69000000e-02  3.24886525e-01  5.69000000e-02 -2.32902753e-03 
 5.70000000e-02  5.70000000e-02  5.70000000e-02  3.25321618e-01  5.70000000e-02 -2.32902701e-03 
 5.71000000e-02  5.71000000e-02  5.71000000e-02  3.25778104e-01  5.71000000e-02 -2.32902646e-03 
 5.72000000e-02  5.72000000e-02  5.72000000e-02  3.26163158e-01  5.72000000e-02 -2.32902618e-03 
 5.73000000e-02  5.73000000e-02  5.73000000e-02  3.26595851e-01  5.73000000e-02 -2.32902567e-03 
 5.74000000e-02  5.74000000e-02  5.74000000e-02  3.27004392e-01  5.74000000e-02 -2.32902532e-03 
 5.75000000e-02  5.75000000e-02  5.75000000e-02  3.27478497e-01  5.75000000e-02 -2.32902462e-03 
 5.76000000e-02  5.76000000e-02  5.76000000e-02  3.27849852e-01  5.76000000e-02 -2.32902444e-03 
 5.77000000e-02  5.77000000e-02  5.77000000e-02  3.28327861e-01  5.77000000e-02 -2.32902369e-03 
 5.78000000e-02  5.78000000e-02  5.78000000e-02  3.28693316e-01  5.78000000e-02 -2.32902355e-03 
 5.79000000e-02  5.79000000e-02  5.79000000e-02  3.29173656e-01  5.79000000e-02 -2.32902276e-03 
 5.80000000e-02  5.80000000e-02  5.80000000e-02  3.29535697e-01  5.80000000e-02 -2.32902264e-03 
 5.81000000e-02  5.81000000e-02  5.81000000e-02  3.30017788e-01  5.81000000e-02 -2.32902182e-03 
 5.82000000e-02  5.82000000e-02  5.82000000e-02  3.30377161e-01  5.82000000e-02 -2.32902172e-03 
 5.83000000e-02  5.83000000e-02  5.83000000e-02  3.30860409e-01  5.83000000e-02 -2.32902088e-03 
 5.84000000e-02  5.84000000e-02  5.84000000e-02  3.31217636e-01  5.84000000e-02 -2.32902078e-03 
 5.85000000e-02  5.85000000e-02  5.85000000e-02  3.31701546e-01  5.85000000e-02 -2.32901992e-03 
 5.86000000e-02  5.86000000e-02  5.86000000e-02  3.32057018e-01  5.86000000e-02 -2.32901984e-03 
 5.87000000e-02  5.87000000e-02  5.87000000e-02  3.32541211e-01  5.87000000e-02 -2.32901896e-03 
 5.88000000e-02  5.88000000e-02  5.88000000e-02  3.32895221e-01  5.88000000e-02 -2.32901888e-03 
 5.89000000e-02  5.89000000e-02  5.89000000e-02  3.33379410e-01  5.89000000e-02 -2.32901799e-03 
 5.90000000e-02  5.90000000e-02  5.90000000e-02  3.33787934e-01  5.90000000e-02 -2.32901758e-03 
 5.91000000e-02  5.91000000e-02  5.91000000e-02  3.34178043e-01  5.91000000e-02 -2.32901721e-03 
 5.92000000e-02  5.92000000e-02  5.92000000e-02  3.34596070e-01  5.92000000e-02 -2.32901669e-03 
 5.93000000e-02  5.93000000e-02  5.93000000e-02  3.35000547e-01  5.93000000e-02 -2.32901629e-03 
 5.94000000e-02  5.94000000e-02  5.94000000e-02  3.35464019e-01  5.94000000e-02 -2.32901557e-03 
 5.95000000e-02  5.95000000e-02  5.95000000e-02  3.35831242e-01  5.95000000e-02 -2.32901534e-03 
 5.96000000e-02  5.96000000e-02  5.96000000e-02  3.36299752e-01  5.96000000e-02 -2.32901455e-03 
 5.97000000e-02  5.97000000e-02  5.97000000e-02  3.36660678e-01  5.97000000e-02 -2.32901438e-03 
 5.98000000e-02  5.98000000e-02  5.98000000e-02  3.37131946e-01  5.98000000e-02 -2.32901355e-03 
 5.99000000e-02  5.99000000e-02  5.99000000e-02  3.37489191e-01  5.99000000e-02 -2.32901339e-03 
 6.00000000e-02  6.00000000e-02  6.00000000e-02  3.37962441e-01  6.00000000e-02 -2.32901253e-03 
