-6.00000000e-02 -6.00000000e-02 -6.00000000e-02 -3.13483498e-01 -6.00000000e-02 -2.33335767e-03 
-5.99000000e-02 -5.99000000e-02 -5.99000000e-02 -3.13057431e-01 -5.99000000e-02 -2.33335795e-03 
-5.98000000e-02 -5.98000000e-02 -5.98000000e-02 -3.12612649e-01 -5.98000000e-02 -2.33335830e-03 
-5.97000000e-02 -5.97000000e-02 -5.97000000e-02 -3.12159039e-01 -5.97000000e-02 -2.33335868e-03 
-5.96000000e-02 -5.96000000e-02 -5.96000000e-02 -3.11707019e-01 -5.96000000e-02 -2.33335906e-03 
-5.95000000e-02 -5.95000000e-02 -5.95000000e-02 -3.11244995e-01 -5.95000000e-02 -2.33335945e-03 
-5.94000000e-02 -5.94000000e-02 -5.94000000e-02 -3.10792115e-01 -5.94000000e-02 -2.33335983e-03 
-5.93000000e-02 -5.93000000e-02 -5.93000000e-02 -3.10324953e-01 -5.93000000e-02 -2.33336023e-03 
-5.92000000e-02 -5.92000000e-02 -5.92000000e-02 -3.09874228e-01 -5.92000000e-02 -2.33336061e-03 
-5.91000000e-02 -5.91000000e-02 -5.91000000e-02 -3.09361716e-01 -5.91000000e-02 -2.33336117e-03 
-5.90000000e-02 -5.90000000e-02 -5.90000000e-02 -3.08952989e-01 -5.90000000e-02 -2.33336139e-03 
-5.89000000e-02 -5.89000000e-02 -5.89000000e-02 -3.08435101e-01 -5.89000000e-02 -2.33336196e-03 
-5.88000000e-02 -5.88000000e-02 -5.88000000e-02 -3.08031748e-01 -5.88000000e-02 -2.33336215e-03 
-5.87000000e-02 -5.87000000e-02 -5.87000000e-02 -3.07509596e-01 -5.87000000e-02 -2.33336273e-03 
-5.86000000e-02 -5.86000000e-02 -5.86000000e-02 -3.07108616e-01 -5.86000000e-02 -2.33336291e-03 
-5.85000000e-02 -5.85000000e-02 -5.85000000e-02 -3.06582831e-01 -5.85000000e-02 -2.33336349e-03 
-5.84000000e-02 -5.84000000e-02 -5.84000000e-02 -3.06183329e-01 -5.84000000e-02 -2.33336366e-03 
-5.83000000e-02 -5.83000000e-02 -5.83000000e-02 -3.05654630e-01 -5.83000000e-02 -2.33336424e-03 
-5.82000000e-02 -5.82000000e-02 -5.82000000e-02 -3.05255999e-01 -5.82000000e-02 -2.33336441e-03 
-5.81000000e-02 -5.81000000e-02 -5.81000000e-02 -3.04724962e-01 -5.81000000e-02 -2.33336499e-03 
-5.80000000e-02 -5.80000000e-02 -5.80000000e-02 -3.04269458e-01 -5.80000000e-02 -2.33336528e-03 
-5.79000000e-02 -5.79000000e-02 -5.79000000e-02 -3.03833146e-01 -5.79000000e-02 -2.33336559e-03 
-5.78000000e-02 -5.78000000e-02 -5.78000000e-02 -3.03366320e-01 -5.78000000e-02 -2.33336593e-03 
-5.77000000e-02 -5.77000000e-02 -5.77000000e-02 -3.02913657e-01 -5.77000000e-02 -2.33336628e-03 
-5.76000000e-02 -5.76000000e-02 -5.76000000e-02 -3.02398685e-01 -5.76000000e-02 -2.33336680e-03 
-5.75000000e-02 -5.75000000e-02 -5.75000000e-02 -3.01983682e-01 -5.75000000e-02 -2.33336700e-03 
-5.74000000e-02 -5.74000000e-02 -5.74000000e-02 -3.01461089e-01 -5.74000000e-02 -2.33336753e-03 
-5.73000000e-02 -5.73000000e-02 -5.73000000e-02 -3.00999680e-01 -5.73000000e-02 -2.33336784e-03 
-5.72000000e-02 -5.72000000e-02 -5.72000000e-02 -3.00563098e-01 -5.72000000e-02 -2.33336812e-03 
-5.71000000e-02 -5.71000000e-02 -5.71000000e-02 -3.00093228e-01 -5.71000000e-02 -2.33336846e-03 
-5.70000000e-02 -5.70000000e-02 -5.70000000e-02 -2.99591693e-01 -5.70000000e-02 -2.33336892e-03 
-5.69000000e-02 -5.69000000e-02 -5.69000000e-02 -2.99121044e-01 -5.69000000e-02 -2.33336928e-03 
-5.68000000e-02 -5.68000000e-02 -5.68000000e-02 -2.98686880e-01 -5.68000000e-02 -2.33336953e-03 
-5.67000000e-02 -5.67000000e-02 -5.67000000e-02 -2.98214236e-01 -5.67000000e-02 -2.33336987e-03 
-5.66000000e-02 -5.66000000e-02 -5.66000000e-02 -2.97711583e-01 -5.66000000e-02 -2.33337032e-03 
-5.65000000e-02 -5.65000000e-02 -5.65000000e-02 -2.97239337e-01 -5.65000000e-02 -2.33337068e-03 
-5.64000000e-02 -5.64000000e-02 -5.64000000e-02 -2.96803981e-01 -5.64000000e-02 -2.33337091e-03 
-5.63000000e-02 -5.63000000e-02 -5.63000000e-02 -2.96293726e-01 -5.63000000e-02 -2.33337138e-03 
-5.62000000e-02 -5.62000000e-02 -5.62000000e-02 -2.95825063e-01 -5.62000000e-02 -2.33337169e-03 
-5.61000000e-02 -5.61000000e-02 -5.61000000e-02 -2.95349499e-01 -5.61000000e-02 -2.33337205e-03 
-5.60000000e-02 -5.60000000e-02 -5.60000000e-02 -2.94876803e-01 -5.60000000e-02 -2.33337239e-03 
-5.59000000e-02 -5.59000000e-02 -5.59000000e-02 -2.94403430e-01 -5.59000000e-02 -2.33337272e-03 
-5.58000000e-02 -5.58000000e-02 -5.58000000e-02 -2.93929872e-01 -5.58000000e-02 -2.33337306e-03 
-5.57000000e-02 -5.57000000e-02 -5.57000000e-02 -2.93455930e-01 -5.57000000e-02 -2.33337339e-03 
-5.56000000e-02 -5.56000000e-02 -5.56000000e-02 -2.92981634e-01 -5.56000000e-02 -2.33337372e-03 
-5.55000000e-02 -5.55000000e-02 -5.55000000e-02 -2.92506971e-01 -5.55000000e-02 -2.33337405e-03 
-5.54000000e-02 -5.54000000e-02 -5.54000000e-02 -2.92031945e-01 -5.54000000e-02 -2.33337438e-03 
-5.53000000e-02 -5.53000000e-02 -5.53000000e-02 -2.91556554e-01 -5.53000000e-02 -2.33337470e-03 
-5.52000000e-02 -5.52000000e-02 -5.52000000e-02 -2.91080801e-01 -5.52000000e-02 -2.33337503e-03 
-5.51000000e-02 -5.51000000e-02 -5.51000000e-02 -2.90604685e-01 -5.51000000e-02 -2.33337535e-03 
-5.50000000e-02 -5.50000000e-02 -5.50000000e-02 -2.90128207e-01 -5.50000000e-02 -2.33337567e-03 
-5.49000000e-02 -5.49000000e-02 -5.49000000e-02 -2.89651368e-01 -5.49000000e-02 -2.33337599e-03 
-5.48000000e-02 -5.48000000e-02 -5.48000000e-02 -2.89174169e-01 -5.48000000e-02 -2.33337631e-03 
-5.47000000e-02 -5.47000000e-02 -5.47000000e-02 -2.88696610e-01 -5.47000000e-02 -2.33337663e-03 
-5.46000000e-02 -5.46000000e-02 -5.46000000e-02 -2.88218691e-01 -5.46000000e-02 -2.33337694e-03 
-5.45000000e-02 -5.45000000e-02 -5.45000000e-02 -2.87740415e-01 -5.45000000e-02 -2.33337726e-03 
-5.44000000e-02 -5.44000000e-02 -5.44000000e-02 -2.87261780e-01 -5.44000000e-02 -2.33337757e-03 
-5.43000000e-02 -5.43000000e-02 -5.43000000e-02 -2.86782788e-01 -5.43000000e-02 -2.33337788e-03 
-5.42000000e-02 -5.42000000e-02 -5.42000000e-02 -2.86303440e-01 -5.42000000e-02 -2.33337819e-03 
-5.41000000e-02 -5.41000000e-02 -5.41000000e-02 -2.85823735e-01 -5.41000000e-02 -2.33337849e-03 
-5.40000000e-02 -5.40000000e-02 -5.40000000e-02 -2.85343676e-01 -5.40000000e-02 -2.33337880e-03 
-5.39000000e-02 -5.39000000e-02 -5.39000000e-02 -2.84863262e-01 -5.39000000e-02 -2.33337910e-03 
-5.38000000e-02 -5.38000000e-02 -5.38000000e-02 -2.84382495e-01 -5.38000000e-02 -2.33337940e-03 
-5.37000000e-02 -5.37000000e-02 -5.37000000e-02 -2.83901374e-01 -5.37000000e-02 -2.33337970e-03 
-5.36000000e-02 -5.36000000e-02 -5.36000000e-02 -2.83419901e-01 -5.36000000e-02 -2.33338000e-03 
-5.35000000e-02 -5.35000000e-02 -5.35000000e-02 -2.82938076e-01 -5.35000000e-02 -2.33338030e-03 
-5.34000000e-02 -5.34000000e-02 -5.34000000e-02 -2.82455900e-01 -5.34000000e-02 -2.33338059e-03 
-5.33000000e-02 -5.33000000e-02 -5.33000000e-02 -2.81973373e-01 -5.33000000e-02 -2.33338089e-03 
-5.32000000e-02 -5.32000000e-02 -5.32000000e-02 -2.81490497e-01 -5.32000000e-02 -2.33338118e-03 
-5.31000000e-02 -5.31000000e-02 -5.31000000e-02 -2.81007272e-01 -5.31000000e-02 -2.33338147e-03 
-5.30000000e-02 -5.30000000e-02 -5.30000000e-02 -2.80523698e-01 -5.30000000e-02 -2.33338176e-03 
-5.29000000e-02 -5.29000000e-02 -5.29000000e-02 -2.80039776e-01 -5.29000000e-02 -2.33338205e-03 
-5.28000000e-02 -5.28000000e-02 -5.28000000e-02 -2.79555508e-01 -5.28000000e-02 -2.33338234e-03 
-5.27000000e-02 -5.27000000e-02 -5.27000000e-02 -2.79070893e-01 -5.27000000e-02 -2.33338262e-03 
-5.26000000e-02 -5.26000000e-02 -5.26000000e-02 -2.78585932e-01 -5.26000000e-02 -2.33338290e-03 
-5.25000000e-02 -5.25000000e-02 -5.25000000e-02 -2.78100626e-01 -5.25000000e-02 -2.33338318e-03 
-5.24000000e-02 -5.24000000e-02 -5.24000000e-02 -2.77614976e-01 -5.24000000e-02 -2.33338346e-03 
-5.23000000e-02 -5.23000000e-02 -5.23000000e-02 -2.77128983e-01 -5.23000000e-02 -2.33338374e-03 
-5.22000000e-02 -5.22000000e-02 -5.22000000e-02 -2.76642646e-01 -5.22000000e-02 -2.33338402e-03 
-5.21000000e-02 -5.21000000e-02 -5.21000000e-02 -2.76155967e-01 -5.21000000e-02 -2.33338429e-03 
-5.20000000e-02 -5.20000000e-02 -5.20000000e-02 -2.75668946e-01 -5.20000000e-02 -2.33338457e-03 
-5.19000000e-02 -5.19000000e-02 -5.19000000e-02 -2.75181584e-01 -5.19000000e-02 -2.33338484e-03 
-5.18000000e-02 -5.18000000e-02 -5.18000000e-02 -2.74682913e-01 -5.18000000e-02 -2.33338515e-03 
-5.17000000e-02 -5.17000000e-02 -5.17000000e-02 -2.74194811e-01 -5.17000000e-02 -2.33338542e-03 
-5.16000000e-02 -5.16000000e-02 -5.16000000e-02 -2.73706214e-01 -5.16000000e-02 -2.33338569e-03 
-5.15000000e-02 -5.15000000e-02 -5.15000000e-02 -2.73217471e-01 -5.15000000e-02 -2.33338595e-03 
-5.14000000e-02 -5.14000000e-02 -5.14000000e-02 -2.72728388e-01 -5.14000000e-02 -2.33338622e-03 
-5.13000000e-02 -5.13000000e-02 -5.13000000e-02 -2.72238972e-01 -5.13000000e-02 -2.33338648e-03 
-5.12000000e-02 -5.12000000e-02 -5.12000000e-02 -2.71749219e-01 -5.12000000e-02 -2.33338674e-03 
-5.11000000e-02 -5.11000000e-02 -5.11000000e-02 -2.71259131e-01 -5.11000000e-02 -2.33338700e-03 
-5.10000000e-02 -5.10000000e-02 -5.10000000e-02 -2.70768708e-01 -5.10000000e-02 -2.33338726e-03 
-5.09000000e-02 -5.09000000e-02 -5.09000000e-02 -2.70277951e-01 -5.09000000e-02 -2.33338751e-03 
-5.08000000e-02 -5.08000000e-02 -5.08000000e-02 -2.69786861e-01 -5.08000000e-02 -2.33338777e-03 
-5.07000000e-02 -5.07000000e-02 -5.07000000e-02 -2.69295437e-01 -5.07000000e-02 -2.33338802e-03 
-5.06000000e-02 -5.06000000e-02 -5.06000000e-02 -2.68803682e-01 -5.06000000e-02 -2.33338827e-03 
-5.05000000e-02 -5.05000000e-02 -5.05000000e-02 -2.68311595e-01 -5.05000000e-02 -2.33338852e-03 
-5.04000000e-02 -5.04000000e-02 -5.04000000e-02 -2.67819177e-01 -5.04000000e-02 -2.33338877e-03 
-5.03000000e-02 -5.03000000e-02 -5.03000000e-02 -2.67326430e-01 -5.03000000e-02 -2.33338902e-03 
-5.02000000e-02 -5.02000000e-02 -5.02000000e-02 -2.66830383e-01 -5.02000000e-02 -2.33338927e-03 
-5.01000000e-02 -5.01000000e-02 -5.01000000e-02 -2.66336967e-01 -5.01000000e-02 -2.33338952e-03 
-5.00000000e-02 -5.00000000e-02 -5.00000000e-02 -2.65843211e-01 -5.00000000e-02 -2.33338976e-03 
-4.99000000e-02 -4.99000000e-02 -4.99000000e-02 -2.65349143e-01 -4.99000000e-02 -2.33339000e-03 
-4.98000000e-02 -4.98000000e-02 -4.98000000e-02 -2.64853927e-01 -4.98000000e-02 -2.33339024e-03 
-4.97000000e-02 -4.97000000e-02 -4.97000000e-02 -2.64359204e-01 -4.97000000e-02 -2.33339048e-03 
-4.96000000e-02 -4.96000000e-02 -4.96000000e-02 -2.63864977e-01 -4.96000000e-02 -2.33339072e-03 
-4.95000000e-02 -4.95000000e-02 -4.95000000e-02 -2.63369607e-01 -4.95000000e-02 -2.33339095e-03 
-4.94000000e-02 -4.94000000e-02 -4.94000000e-02 -2.62873917e-01 -4.94000000e-02 -2.33339119e-03 
-4.93000000e-02 -4.93000000e-02 -4.93000000e-02 -2.62377899e-01 -4.93000000e-02 -2.33339142e-03 
-4.92000000e-02 -4.92000000e-02 -4.92000000e-02 -2.61881559e-01 -4.92000000e-02 -2.33339165e-03 
-4.91000000e-02 -4.91000000e-02 -4.91000000e-02 -2.61387894e-01 -4.91000000e-02 -2.33339187e-03 
-4.90000000e-02 -4.90000000e-02 -4.90000000e-02 -2.60890927e-01 -4.90000000e-02 -2.33339210e-03 
-4.89000000e-02 -4.89000000e-02 -4.89000000e-02 -2.60393686e-01 -4.89000000e-02 -2.33339232e-03 
-4.88000000e-02 -4.88000000e-02 -4.88000000e-02 -2.59896070e-01 -4.88000000e-02 -2.33339255e-03 
-4.87000000e-02 -4.87000000e-02 -4.87000000e-02 -2.59398135e-01 -4.87000000e-02 -2.33339277e-03 
-4.86000000e-02 -4.86000000e-02 -4.86000000e-02 -2.58899881e-01 -4.86000000e-02 -2.33339299e-03 
-4.85000000e-02 -4.85000000e-02 -4.85000000e-02 -2.58401309e-01 -4.85000000e-02 -2.33339322e-03 
-4.84000000e-02 -4.84000000e-02 -4.84000000e-02 -2.57902420e-01 -4.84000000e-02 -2.33339343e-03 
-4.83000000e-02 -4.83000000e-02 -4.83000000e-02 -2.57403215e-01 -4.83000000e-02 -2.33339365e-03 
-4.82000000e-02 -4.82000000e-02 -4.82000000e-02 -2.56903694e-01 -4.82000000e-02 -2.33339387e-03 
-4.81000000e-02 -4.81000000e-02 -4.81000000e-02 -2.56403858e-01 -4.81000000e-02 -2.33339408e-03 
-4.80000000e-02 -4.80000000e-02 -4.80000000e-02 -2.55903708e-01 -4.80000000e-02 -2.33339430e-03 
-4.79000000e-02 -4.79000000e-02 -4.79000000e-02 -2.55403244e-01 -4.79000000e-02 -2.33339451e-03 
-4.78000000e-02 -4.78000000e-02 -4.78000000e-02 -2.54902467e-01 -4.78000000e-02 -2.33339472e-03 
-4.77000000e-02 -4.77000000e-02 -4.77000000e-02 -2.54401378e-01 -4.77000000e-02 -2.33339493e-03 
-4.76000000e-02 -4.76000000e-02 -4.76000000e-02 -2.53899977e-01 -4.76000000e-02 -2.33339513e-03 
-4.75000000e-02 -4.75000000e-02 -4.75000000e-02 -2.53398266e-01 -4.75000000e-02 -2.33339534e-03 
-4.74000000e-02 -4.74000000e-02 -4.74000000e-02 -2.52907489e-01 -4.74000000e-02 -2.33339551e-03 
-4.73000000e-02 -4.73000000e-02 -4.73000000e-02 -2.52405311e-01 -4.73000000e-02 -2.33339571e-03 
-4.72000000e-02 -4.72000000e-02 -4.72000000e-02 -2.51903449e-01 -4.72000000e-02 -2.33339591e-03 
-4.71000000e-02 -4.71000000e-02 -4.71000000e-02 -2.51400542e-01 -4.71000000e-02 -2.33339611e-03 
-4.70000000e-02 -4.70000000e-02 -4.70000000e-02 -2.50897359e-01 -4.70000000e-02 -2.33339631e-03 
-4.69000000e-02 -4.69000000e-02 -4.69000000e-02 -2.50393821e-01 -4.69000000e-02 -2.33339651e-03 
-4.68000000e-02 -4.68000000e-02 -4.68000000e-02 -2.49889979e-01 -4.68000000e-02 -2.33339670e-03 
-4.67000000e-02 -4.67000000e-02 -4.67000000e-02 -2.49385828e-01 -4.67000000e-02 -2.33339690e-03 
-4.66000000e-02 -4.66000000e-02 -4.66000000e-02 -2.48881372e-01 -4.66000000e-02 -2.33339709e-03 
-4.65000000e-02 -4.65000000e-02 -4.65000000e-02 -2.48376612e-01 -4.65000000e-02 -2.33339728e-03 
-4.64000000e-02 -4.64000000e-02 -4.64000000e-02 -2.47871548e-01 -4.64000000e-02 -2.33339747e-03 
-4.63000000e-02 -4.63000000e-02 -4.63000000e-02 -2.47366182e-01 -4.63000000e-02 -2.33339766e-03 
-4.62000000e-02 -4.62000000e-02 -4.62000000e-02 -2.46860514e-01 -4.62000000e-02 -2.33339785e-03 
-4.61000000e-02 -4.61000000e-02 -4.61000000e-02 -2.46354545e-01 -4.61000000e-02 -2.33339804e-03 
-4.60000000e-02 -4.60000000e-02 -4.60000000e-02 -2.45848275e-01 -4.60000000e-02 -2.33339822e-03 
-4.59000000e-02 -4.59000000e-02 -4.59000000e-02 -2.45341705e-01 -4.59000000e-02 -2.33339841e-03 
-4.58000000e-02 -4.58000000e-02 -4.58000000e-02 -2.44834837e-01 -4.58000000e-02 -2.33339859e-03 
-4.57000000e-02 -4.57000000e-02 -4.57000000e-02 -2.44327669e-01 -4.57000000e-02 -2.33339877e-03 
-4.56000000e-02 -4.56000000e-02 -4.56000000e-02 -2.43820204e-01 -4.56000000e-02 -2.33339895e-03 
-4.55000000e-02 -4.55000000e-02 -4.55000000e-02 -2.43312442e-01 -4.55000000e-02 -2.33339913e-03 
-4.54000000e-02 -4.54000000e-02 -4.54000000e-02 -2.42804383e-01 -4.54000000e-02 -2.33339930e-03 
-4.53000000e-02 -4.53000000e-02 -4.53000000e-02 -2.42296029e-01 -4.53000000e-02 -2.33339948e-03 
-4.52000000e-02 -4.52000000e-02 -4.52000000e-02 -2.41787380e-01 -4.52000000e-02 -2.33339965e-03 
-4.51000000e-02 -4.51000000e-02 -4.51000000e-02 -2.41278436e-01 -4.51000000e-02 -2.33339983e-03 
-4.50000000e-02 -4.50000000e-02 -4.50000000e-02 -2.40769198e-01 -4.50000000e-02 -2.33340000e-03 
-4.49000000e-02 -4.49000000e-02 -4.49000000e-02 -2.40259668e-01 -4.49000000e-02 -2.33340017e-03 
-4.48000000e-02 -4.48000000e-02 -4.48000000e-02 -2.39749845e-01 -4.48000000e-02 -2.33340034e-03 
-4.47000000e-02 -4.47000000e-02 -4.47000000e-02 -2.39239731e-01 -4.47000000e-02 -2.33340050e-03 
-4.46000000e-02 -4.46000000e-02 -4.46000000e-02 -2.38729326e-01 -4.46000000e-02 -2.33340067e-03 
-4.45000000e-02 -4.45000000e-02 -4.45000000e-02 -2.38218631e-01 -4.45000000e-02 -2.33340083e-03 
-4.44000000e-02 -4.44000000e-02 -4.44000000e-02 -2.37707646e-01 -4.44000000e-02 -2.33340100e-03 
-4.43000000e-02 -4.43000000e-02 -4.43000000e-02 -2.37196372e-01 -4.43000000e-02 -2.33340116e-03 
-4.42000000e-02 -4.42000000e-02 -4.42000000e-02 -2.36684811e-01 -4.42000000e-02 -2.33340132e-03 
-4.41000000e-02 -4.41000000e-02 -4.41000000e-02 -2.36172961e-01 -4.41000000e-02 -2.33340148e-03 
-4.40000000e-02 -4.40000000e-02 -4.40000000e-02 -2.35660825e-01 -4.40000000e-02 -2.33340164e-03 
-4.39000000e-02 -4.39000000e-02 -4.39000000e-02 -2.35148403e-01 -4.39000000e-02 -2.33340179e-03 
-4.38000000e-02 -4.38000000e-02 -4.38000000e-02 -2.34635696e-01 -4.38000000e-02 -2.33340195e-03 
-4.37000000e-02 -4.37000000e-02 -4.37000000e-02 -2.34122704e-01 -4.37000000e-02 -2.33340210e-03 
-4.36000000e-02 -4.36000000e-02 -4.36000000e-02 -2.33609428e-01 -4.36000000e-02 -2.33340226e-03 
-4.35000000e-02 -4.35000000e-02 -4.35000000e-02 -2.33095869e-01 -4.35000000e-02 -2.33340241e-03 
-4.34000000e-02 -4.34000000e-02 -4.34000000e-02 -2.32582027e-01 -4.34000000e-02 -2.33340256e-03 
-4.33000000e-02 -4.33000000e-02 -4.33000000e-02 -2.32067903e-01 -4.33000000e-02 -2.33340271e-03 
-4.32000000e-02 -4.32000000e-02 -4.32000000e-02 -2.31553498e-01 -4.32000000e-02 -2.33340286e-03 
-4.31000000e-02 -4.31000000e-02 -4.31000000e-02 -2.31038812e-01 -4.31000000e-02 -2.33340300e-03 
-4.30000000e-02 -4.30000000e-02 -4.30000000e-02 -2.30523847e-01 -4.30000000e-02 -2.33340315e-03 
-4.29000000e-02 -4.29000000e-02 -4.29000000e-02 -2.30008602e-01 -4.29000000e-02 -2.33340329e-03 
-4.28000000e-02 -4.28000000e-02 -4.28000000e-02 -2.29493079e-01 -4.28000000e-02 -2.33340344e-03 
-4.27000000e-02 -4.27000000e-02 -4.27000000e-02 -2.28977279e-01 -4.27000000e-02 -2.33340358e-03 
-4.26000000e-02 -4.26000000e-02 -4.26000000e-02 -2.28461201e-01 -4.26000000e-02 -2.33340372e-03 
-4.25000000e-02 -4.25000000e-02 -4.25000000e-02 -2.27944847e-01 -4.25000000e-02 -2.33340386e-03 
-4.24000000e-02 -4.24000000e-02 -4.24000000e-02 -2.27428217e-01 -4.24000000e-02 -2.33340400e-03 
-4.23000000e-02 -4.23000000e-02 -4.23000000e-02 -2.26911312e-01 -4.23000000e-02 -2.33340413e-03 
-4.22000000e-02 -4.22000000e-02 -4.22000000e-02 -2.26394132e-01 -4.22000000e-02 -2.33340427e-03 
-4.21000000e-02 -4.21000000e-02 -4.21000000e-02 -2.25876680e-01 -4.21000000e-02 -2.33340440e-03 
-4.20000000e-02 -4.20000000e-02 -4.20000000e-02 -2.25358954e-01 -4.20000000e-02 -2.33340454e-03 
-4.19000000e-02 -4.19000000e-02 -4.19000000e-02 -2.24840956e-01 -4.19000000e-02 -2.33340467e-03 
-4.18000000e-02 -4.18000000e-02 -4.18000000e-02 -2.24322686e-01 -4.18000000e-02 -2.33340480e-03 
-4.17000000e-02 -4.17000000e-02 -4.17000000e-02 -2.23804146e-01 -4.17000000e-02 -2.33340493e-03 
-4.16000000e-02 -4.16000000e-02 -4.16000000e-02 -2.23285336e-01 -4.16000000e-02 -2.33340506e-03 
-4.15000000e-02 -4.15000000e-02 -4.15000000e-02 -2.22766256e-01 -4.15000000e-02 -2.33340519e-03 
-4.14000000e-02 -4.14000000e-02 -4.14000000e-02 -2.22246907e-01 -4.14000000e-02 -2.33340531e-03 
-4.13000000e-02 -4.13000000e-02 -4.13000000e-02 -2.21727290e-01 -4.13000000e-02 -2.33340544e-03 
-4.12000000e-02 -4.12000000e-02 -4.12000000e-02 -2.21207406e-01 -4.12000000e-02 -2.33340556e-03 
-4.11000000e-02 -4.11000000e-02 -4.11000000e-02 -2.20687255e-01 -4.11000000e-02 -2.33340568e-03 
-4.10000000e-02 -4.10000000e-02 -4.10000000e-02 -2.20166838e-01 -4.10000000e-02 -2.33340580e-03 
-4.09000000e-02 -4.09000000e-02 -4.09000000e-02 -2.19646156e-01 -4.09000000e-02 -2.33340592e-03 
-4.08000000e-02 -4.08000000e-02 -4.08000000e-02 -2.19125209e-01 -4.08000000e-02 -2.33340604e-03 
-4.07000000e-02 -4.07000000e-02 -4.07000000e-02 -2.18603998e-01 -4.07000000e-02 -2.33340616e-03 
-4.06000000e-02 -4.06000000e-02 -4.06000000e-02 -2.18082524e-01 -4.06000000e-02 -2.33340628e-03 
-4.05000000e-02 -4.05000000e-02 -4.05000000e-02 -2.17560787e-01 -4.05000000e-02 -2.33340639e-03 
-4.04000000e-02 -4.04000000e-02 -4.04000000e-02 -2.17038789e-01 -4.04000000e-02 -2.33340651e-03 
-4.03000000e-02 -4.03000000e-02 -4.03000000e-02 -2.16516529e-01 -4.03000000e-02 -2.33340662e-03 
-4.02000000e-02 -4.02000000e-02 -4.02000000e-02 -2.15994009e-01 -4.02000000e-02 -2.33340673e-03 
-4.01000000e-02 -4.01000000e-02 -4.01000000e-02 -2.15471229e-01 -4.01000000e-02 -2.33340685e-03 
-4.00000000e-02 -4.00000000e-02 -4.00000000e-02 -2.14948190e-01 -4.00000000e-02 -2.33340696e-03 
-3.99000000e-02 -3.99000000e-02 -3.99000000e-02 -2.14472019e-01 -3.99000000e-02 -2.33340698e-03 
-3.98000000e-02 -3.98000000e-02 -3.98000000e-02 -2.13901228e-01 -3.98000000e-02 -2.33340718e-03 
-3.97000000e-02 -3.97000000e-02 -3.97000000e-02 -2.13381519e-01 -3.97000000e-02 -2.33340727e-03 
-3.96000000e-02 -3.96000000e-02 -3.96000000e-02 -2.12900904e-01 -3.96000000e-02 -2.33340731e-03 
-3.95000000e-02 -3.95000000e-02 -3.95000000e-02 -2.12329319e-01 -3.95000000e-02 -2.33340749e-03 
-3.94000000e-02 -3.94000000e-02 -3.94000000e-02 -2.11808575e-01 -3.94000000e-02 -2.33340758e-03 
-3.93000000e-02 -3.93000000e-02 -3.93000000e-02 -2.11327397e-01 -3.93000000e-02 -2.33340762e-03 
-3.92000000e-02 -3.92000000e-02 -3.92000000e-02 -2.10754828e-01 -3.92000000e-02 -2.33340780e-03 
-3.91000000e-02 -3.91000000e-02 -3.91000000e-02 -2.10233336e-01 -3.91000000e-02 -2.33340788e-03 
-3.90000000e-02 -3.90000000e-02 -3.90000000e-02 -2.09751533e-01 -3.90000000e-02 -2.33340792e-03 
-3.89000000e-02 -3.89000000e-02 -3.89000000e-02 -2.09225874e-01 -3.89000000e-02 -2.33340800e-03 
-3.88000000e-02 -3.88000000e-02 -3.88000000e-02 -2.08656275e-01 -3.88000000e-02 -2.33340818e-03 
-3.87000000e-02 -3.87000000e-02 -3.87000000e-02 -2.08129040e-01 -3.87000000e-02 -2.33340828e-03 
-3.86000000e-02 -3.86000000e-02 -3.86000000e-02 -2.07647887e-01 -3.86000000e-02 -2.33340830e-03 
-3.85000000e-02 -3.85000000e-02 -3.85000000e-02 -2.07120168e-01 -3.85000000e-02 -2.33340838e-03 
-3.84000000e-02 -3.84000000e-02 -3.84000000e-02 -2.06549505e-01 -3.84000000e-02 -2.33340856e-03 
-3.83000000e-02 -3.83000000e-02 -3.83000000e-02 -2.06021197e-01 -3.83000000e-02 -2.33340865e-03 
-3.82000000e-02 -3.82000000e-02 -3.82000000e-02 -2.05539261e-01 -3.82000000e-02 -2.33340867e-03 
-3.81000000e-02 -3.81000000e-02 -3.81000000e-02 -2.05010565e-01 -3.81000000e-02 -2.33340875e-03 
-3.80000000e-02 -3.80000000e-02 -3.80000000e-02 -2.04438697e-01 -3.80000000e-02 -2.33340892e-03 
-3.79000000e-02 -3.79000000e-02 -3.79000000e-02 -2.03909414e-01 -3.79000000e-02 -2.33340901e-03 
-3.78000000e-02 -3.78000000e-02 -3.78000000e-02 -2.03426677e-01 -3.78000000e-02 -2.33340903e-03 
-3.77000000e-02 -3.77000000e-02 -3.77000000e-02 -2.02897037e-01 -3.77000000e-02 -2.33340910e-03 
-3.76000000e-02 -3.76000000e-02 -3.76000000e-02 -2.02323973e-01 -3.76000000e-02 -2.33340926e-03 
-3.75000000e-02 -3.75000000e-02 -3.75000000e-02 -2.01793729e-01 -3.75000000e-02 -2.33340935e-03 
-3.74000000e-02 -3.74000000e-02 -3.74000000e-02 -2.01310200e-01 -3.74000000e-02 -2.33340937e-03 
-3.73000000e-02 -3.73000000e-02 -3.73000000e-02 -2.00779626e-01 -3.73000000e-02 -2.33340943e-03 
-3.72000000e-02 -3.72000000e-02 -3.72000000e-02 -2.00205380e-01 -3.72000000e-02 -2.33340960e-03 
-3.71000000e-02 -3.71000000e-02 -3.71000000e-02 -1.99674185e-01 -3.71000000e-02 -2.33340968e-03 
-3.70000000e-02 -3.70000000e-02 -3.70000000e-02 -1.99189873e-01 -3.70000000e-02 -2.33340969e-03 
-3.69000000e-02 -3.69000000e-02 -3.69000000e-02 -1.98658378e-01 -3.69000000e-02 -2.33340975e-03 
-3.68000000e-02 -3.68000000e-02 -3.68000000e-02 -1.98082961e-01 -3.68000000e-02 -2.33340991e-03 
-3.67000000e-02 -3.67000000e-02 -3.67000000e-02 -1.97550827e-01 -3.67000000e-02 -2.33340999e-03 
-3.66000000e-02 -3.66000000e-02 -3.66000000e-02 -1.97065742e-01 -3.66000000e-02 -2.33341000e-03 
-3.65000000e-02 -3.65000000e-02 -3.65000000e-02 -1.96533334e-01 -3.65000000e-02 -2.33341006e-03 
-3.64000000e-02 -3.64000000e-02 -3.64000000e-02 -1.95956760e-01 -3.64000000e-02 -2.33341021e-03 
-3.63000000e-02 -3.63000000e-02 -3.63000000e-02 -1.95423698e-01 -3.63000000e-02 -2.33341029e-03 
-3.62000000e-02 -3.62000000e-02 -3.62000000e-02 -1.94937849e-01 -3.62000000e-02 -2.33341029e-03 
-3.61000000e-02 -3.61000000e-02 -3.61000000e-02 -1.94404541e-01 -3.61000000e-02 -2.33341034e-03 
-3.60000000e-02 -3.60000000e-02 -3.60000000e-02 -1.93826822e-01 -3.60000000e-02 -2.33341049e-03 
-3.59000000e-02 -3.59000000e-02 -3.59000000e-02 -1.93292843e-01 -3.59000000e-02 -2.33341057e-03 
-3.58000000e-02 -3.58000000e-02 -3.58000000e-02 -1.92806239e-01 -3.58000000e-02 -2.33341057e-03 
-3.57000000e-02 -3.57000000e-02 -3.57000000e-02 -1.92272041e-01 -3.57000000e-02 -2.33341062e-03 
-3.56000000e-02 -3.56000000e-02 -3.56000000e-02 -1.91693191e-01 -3.56000000e-02 -2.33341077e-03 
-3.55000000e-02 -3.55000000e-02 -3.55000000e-02 -1.91158306e-01 -3.55000000e-02 -2.33341083e-03 
-3.54000000e-02 -3.54000000e-02 -3.54000000e-02 -1.90670955e-01 -3.54000000e-02 -2.33341083e-03 
-3.53000000e-02 -3.53000000e-02 -3.53000000e-02 -1.90135879e-01 -3.53000000e-02 -2.33341088e-03 
-3.52000000e-02 -3.52000000e-02 -3.52000000e-02 -1.89555910e-01 -3.52000000e-02 -2.33341102e-03 
-3.51000000e-02 -3.51000000e-02 -3.51000000e-02 -1.89020130e-01 -3.51000000e-02 -2.33341109e-03 
-3.50000000e-02 -3.50000000e-02 -3.50000000e-02 -1.88532043e-01 -3.50000000e-02 -2.33341108e-03 
-3.49000000e-02 -3.49000000e-02 -3.49000000e-02 -1.87996098e-01 -3.49000000e-02 -2.33341113e-03 
-3.48000000e-02 -3.48000000e-02 -3.48000000e-02 -1.87415023e-01 -3.48000000e-02 -2.33341126e-03 
-3.47000000e-02 -3.47000000e-02 -3.47000000e-02 -1.86878360e-01 -3.47000000e-02 -2.33341133e-03 
-3.46000000e-02 -3.46000000e-02 -3.46000000e-02 -1.86389546e-01 -3.46000000e-02 -2.33341132e-03 
-3.45000000e-02 -3.45000000e-02 -3.45000000e-02 -1.85852744e-01 -3.45000000e-02 -2.33341136e-03 
-3.44000000e-02 -3.44000000e-02 -3.44000000e-02 -1.85270575e-01 -3.44000000e-02 -2.33341149e-03 
-3.43000000e-02 -3.43000000e-02 -3.43000000e-02 -1.84733039e-01 -3.43000000e-02 -2.33341155e-03 
-3.42000000e-02 -3.42000000e-02 -3.42000000e-02 -1.84243507e-01 -3.42000000e-02 -2.33341155e-03 
-3.41000000e-02 -3.41000000e-02 -3.41000000e-02 -1.83705858e-01 -3.41000000e-02 -2.33341158e-03 
-3.40000000e-02 -3.40000000e-02 -3.40000000e-02 -1.83122610e-01 -3.40000000e-02 -2.33341171e-03 
-3.39000000e-02 -3.39000000e-02 -3.39000000e-02 -1.82584211e-01 -3.39000000e-02 -2.33341177e-03 
-3.38000000e-02 -3.38000000e-02 -3.38000000e-02 -1.82093970e-01 -3.38000000e-02 -2.33341176e-03 
-3.37000000e-02 -3.37000000e-02 -3.37000000e-02 -1.81555486e-01 -3.37000000e-02 -2.33341179e-03 
-3.36000000e-02 -3.36000000e-02 -3.36000000e-02 -1.80971170e-01 -3.36000000e-02 -2.33341192e-03 
-3.35000000e-02 -3.35000000e-02 -3.35000000e-02 -1.80431921e-01 -3.35000000e-02 -2.33341197e-03 
-3.34000000e-02 -3.34000000e-02 -3.34000000e-02 -1.79940981e-01 -3.34000000e-02 -2.33341196e-03 
-3.33000000e-02 -3.33000000e-02 -3.33000000e-02 -1.79401671e-01 -3.33000000e-02 -2.33341199e-03 
-3.32000000e-02 -3.32000000e-02 -3.32000000e-02 -1.78816301e-01 -3.32000000e-02 -2.33341211e-03 
-3.31000000e-02 -3.31000000e-02 -3.31000000e-02 -1.78276212e-01 -3.31000000e-02 -2.33341216e-03 
-3.30000000e-02 -3.30000000e-02 -3.30000000e-02 -1.77784581e-01 -3.30000000e-02 -2.33341214e-03 
-3.29000000e-02 -3.29000000e-02 -3.29000000e-02 -1.77244457e-01 -3.29000000e-02 -2.33341217e-03 
-3.28000000e-02 -3.28000000e-02 -3.28000000e-02 -1.76658046e-01 -3.28000000e-02 -2.33341229e-03 
-3.27000000e-02 -3.27000000e-02 -3.27000000e-02 -1.76117128e-01 -3.27000000e-02 -2.33341233e-03 
-3.26000000e-02 -3.26000000e-02 -3.26000000e-02 -1.75624815e-01 -3.26000000e-02 -2.33341232e-03 
-3.25000000e-02 -3.25000000e-02 -3.25000000e-02 -1.75083888e-01 -3.25000000e-02 -2.33341234e-03 
-3.24000000e-02 -3.24000000e-02 -3.24000000e-02 -1.74496448e-01 -3.24000000e-02 -2.33341246e-03 
-3.23000000e-02 -3.23000000e-02 -3.23000000e-02 -1.73954712e-01 -3.23000000e-02 -2.33341250e-03 
-3.22000000e-02 -3.22000000e-02 -3.22000000e-02 -1.73461728e-01 -3.22000000e-02 -2.33341248e-03 
-3.21000000e-02 -3.21000000e-02 -3.21000000e-02 -1.72920008e-01 -3.21000000e-02 -2.33341250e-03 
-3.20000000e-02 -3.20000000e-02 -3.20000000e-02 -1.72331552e-01 -3.20000000e-02 -2.33341261e-03 
-3.19000000e-02 -3.19000000e-02 -3.19000000e-02 -1.71789009e-01 -3.19000000e-02 -2.33341265e-03 
-3.18000000e-02 -3.18000000e-02 -3.18000000e-02 -1.71295362e-01 -3.18000000e-02 -2.33341263e-03 
-3.17000000e-02 -3.17000000e-02 -3.17000000e-02 -1.70752860e-01 -3.17000000e-02 -2.33341265e-03 
-3.16000000e-02 -3.16000000e-02 -3.16000000e-02 -1.70163402e-01 -3.16000000e-02 -2.33341276e-03 
-3.15000000e-02 -3.15000000e-02 -3.15000000e-02 -1.69620062e-01 -3.15000000e-02 -2.33341280e-03 
-3.14000000e-02 -3.14000000e-02 -3.14000000e-02 -1.69125761e-01 -3.14000000e-02 -2.33341277e-03 
-3.13000000e-02 -3.13000000e-02 -3.13000000e-02 -1.68582488e-01 -3.13000000e-02 -2.33341279e-03 
-3.12000000e-02 -3.12000000e-02 -3.12000000e-02 -1.67992040e-01 -3.12000000e-02 -2.33341289e-03 
-3.11000000e-02 -3.11000000e-02 -3.11000000e-02 -1.67447915e-01 -3.11000000e-02 -2.33341293e-03 
-3.10000000e-02 -3.10000000e-02 -3.10000000e-02 -1.66952969e-01 -3.10000000e-02 -2.33341291e-03 
-3.09000000e-02 -3.09000000e-02 -3.09000000e-02 -1.66408935e-01 -3.09000000e-02 -2.33341292e-03 
-3.08000000e-02 -3.08000000e-02 -3.08000000e-02 -1.65817510e-01 -3.08000000e-02 -2.33341302e-03 
-3.07000000e-02 -3.07000000e-02 -3.07000000e-02 -1.65272612e-01 -3.07000000e-02 -2.33341305e-03 
-3.06000000e-02 -3.06000000e-02 -3.06000000e-02 -1.64777030e-01 -3.06000000e-02 -2.33341303e-03 
-3.05000000e-02 -3.05000000e-02 -3.05000000e-02 -1.64232245e-01 -3.05000000e-02 -2.33341304e-03 
-3.04000000e-02 -3.04000000e-02 -3.04000000e-02 -1.63639857e-01 -3.04000000e-02 -2.33341314e-03 
-3.03000000e-02 -3.03000000e-02 -3.03000000e-02 -1.63094195e-01 -3.03000000e-02 -2.33341317e-03 
-3.02000000e-02 -3.02000000e-02 -3.02000000e-02 -1.62597986e-01 -3.02000000e-02 -2.33341314e-03 
-3.01000000e-02 -3.01000000e-02 -3.01000000e-02 -1.62052463e-01 -3.01000000e-02 -2.33341315e-03 
-3.00000000e-02 -3.00000000e-02 -3.00000000e-02 -1.61459124e-01 -3.00000000e-02 -2.33341324e-03 
-2.99000000e-02 -2.99000000e-02 -2.99000000e-02 -1.60912709e-01 -2.99000000e-02 -2.33341327e-03 
-2.98000000e-02 -2.98000000e-02 -2.98000000e-02 -1.60415883e-01 -2.98000000e-02 -2.33341324e-03 
-2.97000000e-02 -2.97000000e-02 -2.97000000e-02 -1.59869630e-01 -2.97000000e-02 -2.33341325e-03 
-2.96000000e-02 -2.96000000e-02 -2.96000000e-02 -1.59275353e-01 -2.96000000e-02 -2.33341334e-03 
-2.95000000e-02 -2.95000000e-02 -2.95000000e-02 -1.58728197e-01 -2.95000000e-02 -2.33341337e-03 
-2.94000000e-02 -2.94000000e-02 -2.94000000e-02 -1.58230762e-01 -2.94000000e-02 -2.33341334e-03 
-2.93000000e-02 -2.93000000e-02 -2.93000000e-02 -1.57683792e-01 -2.93000000e-02 -2.33341334e-03 
-2.92000000e-02 -2.92000000e-02 -2.92000000e-02 -1.57088590e-01 -2.92000000e-02 -2.33341343e-03 
-2.91000000e-02 -2.91000000e-02 -2.91000000e-02 -1.56540703e-01 -2.91000000e-02 -2.33341345e-03 
-2.90000000e-02 -2.90000000e-02 -2.90000000e-02 -1.56042668e-01 -2.90000000e-02 -2.33341342e-03 
-2.89000000e-02 -2.89000000e-02 -2.89000000e-02 -1.55494990e-01 -2.89000000e-02 -2.33341342e-03 
-2.88000000e-02 -2.88000000e-02 -2.88000000e-02 -1.54898877e-01 -2.88000000e-02 -2.33341351e-03 
-2.87000000e-02 -2.87000000e-02 -2.87000000e-02 -1.54350270e-01 -2.87000000e-02 -2.33341353e-03 
-2.86000000e-02 -2.86000000e-02 -2.86000000e-02 -1.53851644e-01 -2.86000000e-02 -2.33341350e-03 
-2.85000000e-02 -2.85000000e-02 -2.85000000e-02 -1.53303270e-01 -2.85000000e-02 -2.33341350e-03 
-2.84000000e-02 -2.84000000e-02 -2.84000000e-02 -1.52706257e-01 -2.84000000e-02 -2.33341358e-03 
-2.83000000e-02 -2.83000000e-02 -2.83000000e-02 -1.52156942e-01 -2.83000000e-02 -2.33341360e-03 
-2.82000000e-02 -2.82000000e-02 -2.82000000e-02 -1.51657734e-01 -2.82000000e-02 -2.33341357e-03 
-2.81000000e-02 -2.81000000e-02 -2.81000000e-02 -1.51108673e-01 -2.81000000e-02 -2.33341357e-03 
-2.80000000e-02 -2.80000000e-02 -2.80000000e-02 -1.50510775e-01 -2.80000000e-02 -2.33341365e-03 
-2.79000000e-02 -2.79000000e-02 -2.79000000e-02 -1.49960761e-01 -2.79000000e-02 -2.33341366e-03 
-2.78000000e-02 -2.78000000e-02 -2.78000000e-02 -1.49460981e-01 -2.78000000e-02 -2.33341363e-03 
-2.77000000e-02 -2.77000000e-02 -2.77000000e-02 -1.48911244e-01 -2.77000000e-02 -2.33341363e-03 
-2.76000000e-02 -2.76000000e-02 -2.76000000e-02 -1.48312473e-01 -2.76000000e-02 -2.33341370e-03 
-2.75000000e-02 -2.75000000e-02 -2.75000000e-02 -1.47761772e-01 -2.75000000e-02 -2.33341372e-03 
-2.74000000e-02 -2.74000000e-02 -2.74000000e-02 -1.47261427e-01 -2.74000000e-02 -2.33341368e-03 
-2.73000000e-02 -2.73000000e-02 -2.73000000e-02 -1.46711025e-01 -2.73000000e-02 -2.33341368e-03 
-2.72000000e-02 -2.72000000e-02 -2.72000000e-02 -1.46111395e-01 -2.72000000e-02 -2.33341375e-03 
-2.71000000e-02 -2.71000000e-02 -2.71000000e-02 -1.45560017e-01 -2.71000000e-02 -2.33341377e-03 
-2.70000000e-02 -2.70000000e-02 -2.70000000e-02 -1.45059117e-01 -2.70000000e-02 -2.33341373e-03 
-2.69000000e-02 -2.69000000e-02 -2.69000000e-02 -1.44508061e-01 -2.69000000e-02 -2.33341373e-03 
-2.68000000e-02 -2.68000000e-02 -2.68000000e-02 -1.43907583e-01 -2.68000000e-02 -2.33341380e-03 
-2.67000000e-02 -2.67000000e-02 -2.67000000e-02 -1.43355540e-01 -2.67000000e-02 -2.33341381e-03 
-2.66000000e-02 -2.66000000e-02 -2.66000000e-02 -1.42854094e-01 -2.66000000e-02 -2.33341377e-03 
-2.65000000e-02 -2.65000000e-02 -2.65000000e-02 -1.42302393e-01 -2.65000000e-02 -2.33341377e-03 
-2.64000000e-02 -2.64000000e-02 -2.64000000e-02 -1.41701082e-01 -2.64000000e-02 -2.33341383e-03 
-2.63000000e-02 -2.63000000e-02 -2.63000000e-02 -1.41148384e-01 -2.63000000e-02 -2.33341384e-03 
-2.62000000e-02 -2.62000000e-02 -2.62000000e-02 -1.40646401e-01 -2.62000000e-02 -2.33341381e-03 
-2.61000000e-02 -2.61000000e-02 -2.61000000e-02 -1.40094066e-01 -2.61000000e-02 -2.33341380e-03 
-2.60000000e-02 -2.60000000e-02 -2.60000000e-02 -1.39491935e-01 -2.60000000e-02 -2.33341387e-03 
-2.59000000e-02 -2.59000000e-02 -2.59000000e-02 -1.38938592e-01 -2.59000000e-02 -2.33341387e-03 
-2.58000000e-02 -2.58000000e-02 -2.58000000e-02 -1.38436080e-01 -2.58000000e-02 -2.33341384e-03 
-2.57000000e-02 -2.57000000e-02 -2.57000000e-02 -1.37883123e-01 -2.57000000e-02 -2.33341383e-03 
-2.56000000e-02 -2.56000000e-02 -2.56000000e-02 -1.37280184e-01 -2.56000000e-02 -2.33341389e-03 
-2.55000000e-02 -2.55000000e-02 -2.55000000e-02 -1.36726207e-01 -2.55000000e-02 -2.33341390e-03 
-2.54000000e-02 -2.54000000e-02 -2.54000000e-02 -1.36223176e-01 -2.54000000e-02 -2.33341386e-03 
-2.53000000e-02 -2.53000000e-02 -2.53000000e-02 -1.35669606e-01 -2.53000000e-02 -2.33341385e-03 
-2.52000000e-02 -2.52000000e-02 -2.52000000e-02 -1.35065872e-01 -2.52000000e-02 -2.33341391e-03 
-2.51000000e-02 -2.51000000e-02 -2.51000000e-02 -1.34511273e-01 -2.51000000e-02 -2.33341392e-03 
-2.50000000e-02 -2.50000000e-02 -2.50000000e-02 -1.34007731e-01 -2.50000000e-02 -2.33341388e-03 
-2.49000000e-02 -2.49000000e-02 -2.49000000e-02 -1.33453558e-01 -2.49000000e-02 -2.33341387e-03 
-2.48000000e-02 -2.48000000e-02 -2.48000000e-02 -1.32849044e-01 -2.48000000e-02 -2.33341393e-03 
-2.47000000e-02 -2.47000000e-02 -2.47000000e-02 -1.32293832e-01 -2.47000000e-02 -2.33341393e-03 
-2.46000000e-02 -2.46000000e-02 -2.46000000e-02 -1.31789788e-01 -2.46000000e-02 -2.33341389e-03 
-2.45000000e-02 -2.45000000e-02 -2.45000000e-02 -1.31235024e-01 -2.45000000e-02 -2.33341388e-03 
-2.44000000e-02 -2.44000000e-02 -2.44000000e-02 -1.30629741e-01 -2.44000000e-02 -2.33341394e-03 
-2.43000000e-02 -2.43000000e-02 -2.43000000e-02 -1.30073927e-01 -2.43000000e-02 -2.33341394e-03 
-2.42000000e-02 -2.42000000e-02 -2.42000000e-02 -1.29569391e-01 -2.42000000e-02 -2.33341390e-03 
-2.41000000e-02 -2.41000000e-02 -2.41000000e-02 -1.29014045e-01 -2.41000000e-02 -2.33341389e-03 
-2.40000000e-02 -2.40000000e-02 -2.40000000e-02 -1.28408007e-01 -2.40000000e-02 -2.33341395e-03 
-2.39000000e-02 -2.39000000e-02 -2.39000000e-02 -1.27851602e-01 -2.39000000e-02 -2.33341395e-03 
-2.38000000e-02 -2.38000000e-02 -2.38000000e-02 -1.27346582e-01 -2.38000000e-02 -2.33341391e-03 
-2.37000000e-02 -2.37000000e-02 -2.37000000e-02 -1.26735491e-01 -2.37000000e-02 -2.33341396e-03 
-2.36000000e-02 -2.36000000e-02 -2.36000000e-02 -1.26183469e-01 -2.36000000e-02 -2.33341395e-03 
-2.35000000e-02 -2.35000000e-02 -2.35000000e-02 -1.25676674e-01 -2.35000000e-02 -2.33341391e-03 
-2.34000000e-02 -2.34000000e-02 -2.34000000e-02 -1.25066296e-01 -2.34000000e-02 -2.33341396e-03 
-2.33000000e-02 -2.33000000e-02 -2.33000000e-02 -1.24513734e-01 -2.33000000e-02 -2.33341395e-03 
-2.32000000e-02 -2.32000000e-02 -2.32000000e-02 -1.24006691e-01 -2.32000000e-02 -2.33341391e-03 
-2.31000000e-02 -2.31000000e-02 -2.31000000e-02 -1.23395781e-01 -2.31000000e-02 -2.33341396e-03 
-2.30000000e-02 -2.30000000e-02 -2.30000000e-02 -1.22842801e-01 -2.30000000e-02 -2.33341395e-03 
-2.29000000e-02 -2.29000000e-02 -2.29000000e-02 -1.22335411e-01 -2.29000000e-02 -2.33341391e-03 
-2.28000000e-02 -2.28000000e-02 -2.28000000e-02 -1.21723987e-01 -2.28000000e-02 -2.33341396e-03 
-2.27000000e-02 -2.27000000e-02 -2.27000000e-02 -1.21170584e-01 -2.27000000e-02 -2.33341394e-03 
-2.26000000e-02 -2.26000000e-02 -2.26000000e-02 -1.20608271e-01 -2.26000000e-02 -2.33341395e-03 
-2.25000000e-02 -2.25000000e-02 -2.25000000e-02 -1.20050739e-01 -2.25000000e-02 -2.33341395e-03 
-2.24000000e-02 -2.24000000e-02 -2.24000000e-02 -1.19492393e-01 -2.24000000e-02 -2.33341395e-03 
-2.23000000e-02 -2.23000000e-02 -2.23000000e-02 -1.18934306e-01 -2.23000000e-02 -2.33341394e-03 
-2.22000000e-02 -2.22000000e-02 -2.22000000e-02 -1.18376030e-01 -2.22000000e-02 -2.33341394e-03 
-2.21000000e-02 -2.21000000e-02 -2.21000000e-02 -1.17817648e-01 -2.21000000e-02 -2.33341394e-03 
-2.20000000e-02 -2.20000000e-02 -2.20000000e-02 -1.17259125e-01 -2.20000000e-02 -2.33341394e-03 
-2.19000000e-02 -2.19000000e-02 -2.19000000e-02 -1.16700470e-01 -2.19000000e-02 -2.33341393e-03 
-2.18000000e-02 -2.18000000e-02 -2.18000000e-02 -1.16141678e-01 -2.18000000e-02 -2.33341393e-03 
-2.17000000e-02 -2.17000000e-02 -2.17000000e-02 -1.15582753e-01 -2.17000000e-02 -2.33341393e-03 
-2.16000000e-02 -2.16000000e-02 -2.16000000e-02 -1.15023694e-01 -2.16000000e-02 -2.33341392e-03 
-2.15000000e-02 -2.15000000e-02 -2.15000000e-02 -1.14464501e-01 -2.15000000e-02 -2.33341392e-03 
-2.14000000e-02 -2.14000000e-02 -2.14000000e-02 -1.13905176e-01 -2.14000000e-02 -2.33341392e-03 
-2.13000000e-02 -2.13000000e-02 -2.13000000e-02 -1.13345719e-01 -2.13000000e-02 -2.33341391e-03 
-2.12000000e-02 -2.12000000e-02 -2.12000000e-02 -1.12786131e-01 -2.12000000e-02 -2.33341391e-03 
-2.11000000e-02 -2.11000000e-02 -2.11000000e-02 -1.12226412e-01 -2.11000000e-02 -2.33341391e-03 
-2.10000000e-02 -2.10000000e-02 -2.10000000e-02 -1.11666564e-01 -2.10000000e-02 -2.33341390e-03 
-2.09000000e-02 -2.09000000e-02 -2.09000000e-02 -1.11106586e-01 -2.09000000e-02 -2.33341390e-03 
-2.08000000e-02 -2.08000000e-02 -2.08000000e-02 -1.10546480e-01 -2.08000000e-02 -2.33341389e-03 
-2.07000000e-02 -2.07000000e-02 -2.07000000e-02 -1.09986246e-01 -2.07000000e-02 -2.33341389e-03 
-2.06000000e-02 -2.06000000e-02 -2.06000000e-02 -1.09425884e-01 -2.06000000e-02 -2.33341389e-03 
-2.05000000e-02 -2.05000000e-02 -2.05000000e-02 -1.08865396e-01 -2.05000000e-02 -2.33341388e-03 
-2.04000000e-02 -2.04000000e-02 -2.04000000e-02 -1.08304783e-01 -2.04000000e-02 -2.33341388e-03 
-2.03000000e-02 -2.03000000e-02 -2.03000000e-02 -1.07744044e-01 -2.03000000e-02 -2.33341387e-03 
-2.02000000e-02 -2.02000000e-02 -2.02000000e-02 -1.07183180e-01 -2.02000000e-02 -2.33341387e-03 
-2.01000000e-02 -2.01000000e-02 -2.01000000e-02 -1.06622193e-01 -2.01000000e-02 -2.33341386e-03 
-2.00000000e-02 -2.00000000e-02 -2.00000000e-02 -1.06061082e-01 -2.00000000e-02 -2.33341386e-03 
-1.99000000e-02 -1.99000000e-02 -1.99000000e-02 -1.05499849e-01 -1.99000000e-02 -2.33341385e-03 
-1.98000000e-02 -1.98000000e-02 -1.98000000e-02 -1.04938494e-01 -1.98000000e-02 -2.33341385e-03 
-1.97000000e-02 -1.97000000e-02 -1.97000000e-02 -1.04377018e-01 -1.97000000e-02 -2.33341384e-03 
-1.96000000e-02 -1.96000000e-02 -1.96000000e-02 -1.03815421e-01 -1.96000000e-02 -2.33341384e-03 
-1.95000000e-02 -1.95000000e-02 -1.95000000e-02 -1.03253705e-01 -1.95000000e-02 -2.33341383e-03 
-1.94000000e-02 -1.94000000e-02 -1.94000000e-02 -1.02691869e-01 -1.94000000e-02 -2.33341383e-03 
-1.93000000e-02 -1.93000000e-02 -1.93000000e-02 -1.02129915e-01 -1.93000000e-02 -2.33341383e-03 
-1.92000000e-02 -1.92000000e-02 -1.92000000e-02 -1.01567842e-01 -1.92000000e-02 -2.33341382e-03 
-1.91000000e-02 -1.91000000e-02 -1.91000000e-02 -1.01005653e-01 -1.91000000e-02 -2.33341382e-03 
-1.90000000e-02 -1.90000000e-02 -1.90000000e-02 -1.00443347e-01 -1.90000000e-02 -2.33341381e-03 
-1.89000000e-02 -1.89000000e-02 -1.89000000e-02 -9.98809248e-02 -1.89000000e-02 -2.33341381e-03 
-1.88000000e-02 -1.88000000e-02 -1.88000000e-02 -9.93183876e-02 -1.88000000e-02 -2.33341380e-03 
-1.87000000e-02 -1.87000000e-02 -1.87000000e-02 -9.87557358e-02 -1.87000000e-02 -2.33341380e-03 
-1.86000000e-02 -1.86000000e-02 -1.86000000e-02 -9.81929701e-02 -1.86000000e-02 -2.33341379e-03 
-1.85000000e-02 -1.85000000e-02 -1.85000000e-02 -9.76300912e-02 -1.85000000e-02 -2.33341379e-03 
-1.84000000e-02 -1.84000000e-02 -1.84000000e-02 -9.70670997e-02 -1.84000000e-02 -2.33341378e-03 
-1.83000000e-02 -1.83000000e-02 -1.83000000e-02 -9.65039963e-02 -1.83000000e-02 -2.33341378e-03 
-1.82000000e-02 -1.82000000e-02 -1.82000000e-02 -9.59407816e-02 -1.82000000e-02 -2.33341377e-03 
-1.81000000e-02 -1.81000000e-02 -1.81000000e-02 -9.53774563e-02 -1.81000000e-02 -2.33341377e-03 
-1.80000000e-02 -1.80000000e-02 -1.80000000e-02 -9.48140211e-02 -1.80000000e-02 -2.33341376e-03 
-1.79000000e-02 -1.79000000e-02 -1.79000000e-02 -9.42504766e-02 -1.79000000e-02 -2.33341376e-03 
-1.78000000e-02 -1.78000000e-02 -1.78000000e-02 -9.36868235e-02 -1.78000000e-02 -2.33341375e-03 
-1.77000000e-02 -1.77000000e-02 -1.77000000e-02 -9.31230625e-02 -1.77000000e-02 -2.33341375e-03 
-1.76000000e-02 -1.76000000e-02 -1.76000000e-02 -9.25591941e-02 -1.76000000e-02 -2.33341374e-03 
-1.75000000e-02 -1.75000000e-02 -1.75000000e-02 -9.19952192e-02 -1.75000000e-02 -2.33341374e-03 
-1.74000000e-02 -1.74000000e-02 -1.74000000e-02 -9.14311383e-02 -1.74000000e-02 -2.33341373e-03 
-1.73000000e-02 -1.73000000e-02 -1.73000000e-02 -9.08669520e-02 -1.73000000e-02 -2.33341373e-03 
-1.72000000e-02 -1.72000000e-02 -1.72000000e-02 -9.03026612e-02 -1.72000000e-02 -2.33341372e-03 
-1.71000000e-02 -1.71000000e-02 -1.71000000e-02 -8.97382663e-02 -1.71000000e-02 -2.33341372e-03 
-1.70000000e-02 -1.70000000e-02 -1.70000000e-02 -8.91737682e-02 -1.70000000e-02 -2.33341372e-03 
-1.69000000e-02 -1.69000000e-02 -1.69000000e-02 -8.86091674e-02 -1.69000000e-02 -2.33341371e-03 
-1.68000000e-02 -1.68000000e-02 -1.68000000e-02 -8.80444646e-02 -1.68000000e-02 -2.33341371e-03 
-1.67000000e-02 -1.67000000e-02 -1.67000000e-02 -8.74796604e-02 -1.67000000e-02 -2.33341370e-03 
-1.66000000e-02 -1.66000000e-02 -1.66000000e-02 -8.69147556e-02 -1.66000000e-02 -2.33341370e-03 
-1.65000000e-02 -1.65000000e-02 -1.65000000e-02 -8.63497508e-02 -1.65000000e-02 -2.33341370e-03 
-1.64000000e-02 -1.64000000e-02 -1.64000000e-02 -8.57846466e-02 -1.64000000e-02 -2.33341369e-03 
-1.63000000e-02 -1.63000000e-02 -1.63000000e-02 -8.52194437e-02 -1.63000000e-02 -2.33341369e-03 
-1.62000000e-02 -1.62000000e-02 -1.62000000e-02 -8.46541428e-02 -1.62000000e-02 -2.33341368e-03 
-1.61000000e-02 -1.61000000e-02 -1.61000000e-02 -8.40887445e-02 -1.61000000e-02 -2.33341368e-03 
-1.60000000e-02 -1.60000000e-02 -1.60000000e-02 -8.35232495e-02 -1.60000000e-02 -2.33341368e-03 
-1.59000000e-02 -1.59000000e-02 -1.59000000e-02 -8.29576584e-02 -1.59000000e-02 -2.33341367e-03 
-1.58000000e-02 -1.58000000e-02 -1.58000000e-02 -8.23919720e-02 -1.58000000e-02 -2.33341367e-03 
-1.57000000e-02 -1.57000000e-02 -1.57000000e-02 -8.18261908e-02 -1.57000000e-02 -2.33341367e-03 
-1.56000000e-02 -1.56000000e-02 -1.56000000e-02 -8.12603155e-02 -1.56000000e-02 -2.33341367e-03 
-1.55000000e-02 -1.55000000e-02 -1.55000000e-02 -8.06943468e-02 -1.55000000e-02 -2.33341366e-03 
-1.54000000e-02 -1.54000000e-02 -1.54000000e-02 -8.01282853e-02 -1.54000000e-02 -2.33341366e-03 
-1.53000000e-02 -1.53000000e-02 -1.53000000e-02 -7.95621318e-02 -1.53000000e-02 -2.33341366e-03 
-1.52000000e-02 -1.52000000e-02 -1.52000000e-02 -7.89958868e-02 -1.52000000e-02 -2.33341366e-03 
-1.51000000e-02 -1.51000000e-02 -1.51000000e-02 -7.84295510e-02 -1.51000000e-02 -2.33341365e-03 
-1.50000000e-02 -1.50000000e-02 -1.50000000e-02 -7.78631251e-02 -1.50000000e-02 -2.33341365e-03 
-1.49000000e-02 -1.49000000e-02 -1.49000000e-02 -7.72966098e-02 -1.49000000e-02 -2.33341365e-03 
-1.48000000e-02 -1.48000000e-02 -1.48000000e-02 -7.67300056e-02 -1.48000000e-02 -2.33341365e-03 
-1.47000000e-02 -1.47000000e-02 -1.47000000e-02 -7.61633133e-02 -1.47000000e-02 -2.33341365e-03 
-1.46000000e-02 -1.46000000e-02 -1.46000000e-02 -7.55965335e-02 -1.46000000e-02 -2.33341365e-03 
-1.45000000e-02 -1.45000000e-02 -1.45000000e-02 -7.50296669e-02 -1.45000000e-02 -2.33341364e-03 
-1.44000000e-02 -1.44000000e-02 -1.44000000e-02 -7.44627140e-02 -1.44000000e-02 -2.33341364e-03 
-1.43000000e-02 -1.43000000e-02 -1.43000000e-02 -7.38956757e-02 -1.43000000e-02 -2.33341364e-03 
-1.42000000e-02 -1.42000000e-02 -1.42000000e-02 -7.33285525e-02 -1.42000000e-02 -2.33341364e-03 
-1.41000000e-02 -1.41000000e-02 -1.41000000e-02 -7.27613451e-02 -1.41000000e-02 -2.33341364e-03 
-1.40000000e-02 -1.40000000e-02 -1.40000000e-02 -7.21940542e-02 -1.40000000e-02 -2.33341364e-03 
-1.39000000e-02 -1.39000000e-02 -1.39000000e-02 -7.16266804e-02 -1.39000000e-02 -2.33341364e-03 
-1.38000000e-02 -1.38000000e-02 -1.38000000e-02 -7.10592243e-02 -1.38000000e-02 -2.33341364e-03 
-1.37000000e-02 -1.37000000e-02 -1.37000000e-02 -7.04916867e-02 -1.37000000e-02 -2.33341364e-03 
-1.36000000e-02 -1.36000000e-02 -1.36000000e-02 -6.99240681e-02 -1.36000000e-02 -2.33341364e-03 
-1.35000000e-02 -1.35000000e-02 -1.35000000e-02 -6.93563693e-02 -1.35000000e-02 -2.33341364e-03 
-1.34000000e-02 -1.34000000e-02 -1.34000000e-02 -6.87885909e-02 -1.34000000e-02 -2.33341364e-03 
-1.33000000e-02 -1.33000000e-02 -1.33000000e-02 -6.82207336e-02 -1.33000000e-02 -2.33341364e-03 
-1.32000000e-02 -1.32000000e-02 -1.32000000e-02 -6.76527980e-02 -1.32000000e-02 -2.33341365e-03 
-1.31000000e-02 -1.31000000e-02 -1.31000000e-02 -6.70847847e-02 -1.31000000e-02 -2.33341365e-03 
-1.30000000e-02 -1.30000000e-02 -1.30000000e-02 -6.65166945e-02 -1.30000000e-02 -2.33341365e-03 
-1.29000000e-02 -1.29000000e-02 -1.29000000e-02 -6.59485279e-02 -1.29000000e-02 -2.33341365e-03 
-1.28000000e-02 -1.28000000e-02 -1.28000000e-02 -6.53802857e-02 -1.28000000e-02 -2.33341365e-03 
-1.27000000e-02 -1.27000000e-02 -1.27000000e-02 -6.48119684e-02 -1.27000000e-02 -2.33341366e-03 
-1.26000000e-02 -1.26000000e-02 -1.26000000e-02 -6.42435769e-02 -1.26000000e-02 -2.33341366e-03 
-1.25000000e-02 -1.25000000e-02 -1.25000000e-02 -6.36751116e-02 -1.25000000e-02 -2.33341366e-03 
-1.24000000e-02 -1.24000000e-02 -1.24000000e-02 -6.31065733e-02 -1.24000000e-02 -2.33341366e-03 
-1.23000000e-02 -1.23000000e-02 -1.23000000e-02 -6.25379626e-02 -1.23000000e-02 -2.33341367e-03 
-1.22000000e-02 -1.22000000e-02 -1.22000000e-02 -6.19692801e-02 -1.22000000e-02 -2.33341367e-03 
-1.21000000e-02 -1.21000000e-02 -1.21000000e-02 -6.14005266e-02 -1.21000000e-02 -2.33341367e-03 
-1.20000000e-02 -1.20000000e-02 -1.20000000e-02 -6.08317027e-02 -1.20000000e-02 -2.33341368e-03 
-1.19000000e-02 -1.19000000e-02 -1.19000000e-02 -6.02628090e-02 -1.19000000e-02 -2.33341368e-03 
-1.18000000e-02 -1.18000000e-02 -1.18000000e-02 -5.96938463e-02 -1.18000000e-02 -2.33341369e-03 
-1.17000000e-02 -1.17000000e-02 -1.17000000e-02 -5.91248150e-02 -1.17000000e-02 -2.33341369e-03 
-1.16000000e-02 -1.16000000e-02 -1.16000000e-02 -5.85557160e-02 -1.16000000e-02 -2.33341370e-03 
-1.15000000e-02 -1.15000000e-02 -1.15000000e-02 -5.79865498e-02 -1.15000000e-02 -2.33341370e-03 
-1.14000000e-02 -1.14000000e-02 -1.14000000e-02 -5.74173171e-02 -1.14000000e-02 -2.33341371e-03 
-1.13000000e-02 -1.13000000e-02 -1.13000000e-02 -5.68480187e-02 -1.13000000e-02 -2.33341371e-03 
-1.12000000e-02 -1.12000000e-02 -1.12000000e-02 -5.62786550e-02 -1.12000000e-02 -2.33341372e-03 
-1.11000000e-02 -1.11000000e-02 -1.11000000e-02 -5.57092268e-02 -1.11000000e-02 -2.33341373e-03 
-1.10000000e-02 -1.10000000e-02 -1.10000000e-02 -5.51397347e-02 -1.10000000e-02 -2.33341373e-03 
-1.09000000e-02 -1.09000000e-02 -1.09000000e-02 -5.45701795e-02 -1.09000000e-02 -2.33341374e-03 
-1.08000000e-02 -1.08000000e-02 -1.08000000e-02 -5.40005616e-02 -1.08000000e-02 -2.33341375e-03 
-1.07000000e-02 -1.07000000e-02 -1.07000000e-02 -5.34308819e-02 -1.07000000e-02 -2.33341376e-03 
-1.06000000e-02 -1.06000000e-02 -1.06000000e-02 -5.28611409e-02 -1.06000000e-02 -2.33341376e-03 
-1.05000000e-02 -1.05000000e-02 -1.05000000e-02 -5.22913393e-02 -1.05000000e-02 -2.33341377e-03 
-1.04000000e-02 -1.04000000e-02 -1.04000000e-02 -5.17214778e-02 -1.04000000e-02 -2.33341378e-03 
-1.03000000e-02 -1.03000000e-02 -1.03000000e-02 -5.11515570e-02 -1.03000000e-02 -2.33341379e-03 
-1.02000000e-02 -1.02000000e-02 -1.02000000e-02 -5.05815776e-02 -1.02000000e-02 -2.33341380e-03 
-1.01000000e-02 -1.01000000e-02 -1.01000000e-02 -5.00115401e-02 -1.01000000e-02 -2.33341381e-03 
-1.00000000e-02 -1.00000000e-02 -1.00000000e-02 -4.94414454e-02 -1.00000000e-02 -2.33341382e-03 
-9.90000000e-03 -9.90000000e-03 -9.90000000e-03 -4.88712940e-02 -9.90000000e-03 -2.33341383e-03 
-9.80000000e-03 -9.80000000e-03 -9.80000000e-03 -4.83010865e-02 -9.80000000e-03 -2.33341384e-03 
-9.70000000e-03 -9.70000000e-03 -9.70000000e-03 -4.77308237e-02 -9.70000000e-03 -2.33341385e-03 
-9.60000000e-03 -9.60000000e-03 -9.60000000e-03 -4.71605062e-02 -9.60000000e-03 -2.33341386e-03 
-9.50000000e-03 -9.50000000e-03 -9.50000000e-03 -4.65901346e-02 -9.50000000e-03 -2.33341387e-03 
-9.40000000e-03 -9.40000000e-03 -9.40000000e-03 -4.60197096e-02 -9.40000000e-03 -2.33341388e-03 
-9.30000000e-03 -9.30000000e-03 -9.30000000e-03 -4.54492319e-02 -9.30000000e-03 -2.33341389e-03 
-9.20000000e-03 -9.20000000e-03 -9.20000000e-03 -4.48787020e-02 -9.20000000e-03 -2.33341390e-03 
-9.10000000e-03 -9.10000000e-03 -9.10000000e-03 -4.43081207e-02 -9.10000000e-03 -2.33341392e-03 
-9.00000000e-03 -9.00000000e-03 -9.00000000e-03 -4.37374887e-02 -9.00000000e-03 -2.33341393e-03 
-8.90000000e-03 -8.90000000e-03 -8.90000000e-03 -4.31668064e-02 -8.90000000e-03 -2.33341394e-03 
-8.80000000e-03 -8.80000000e-03 -8.80000000e-03 -4.25960747e-02 -8.80000000e-03 -2.33341396e-03 
-8.70000000e-03 -8.70000000e-03 -8.70000000e-03 -4.20252942e-02 -8.70000000e-03 -2.33341397e-03 
-8.60000000e-03 -8.60000000e-03 -8.60000000e-03 -4.14544654e-02 -8.60000000e-03 -2.33341398e-03 
-8.50000000e-03 -8.50000000e-03 -8.50000000e-03 -4.08835892e-02 -8.50000000e-03 -2.33341400e-03 
-8.40000000e-03 -8.40000000e-03 -8.40000000e-03 -4.03126661e-02 -8.40000000e-03 -2.33341401e-03 
-8.30000000e-03 -8.30000000e-03 -8.30000000e-03 -3.97416967e-02 -8.30000000e-03 -2.33341403e-03 
-8.20000000e-03 -8.20000000e-03 -8.20000000e-03 -3.91706818e-02 -8.20000000e-03 -2.33341404e-03 
-8.10000000e-03 -8.10000000e-03 -8.10000000e-03 -3.85996219e-02 -8.10000000e-03 -2.33341406e-03 
-8.00000000e-03 -8.00000000e-03 -8.00000000e-03 -3.80285178e-02 -8.00000000e-03 -2.33341408e-03 
-7.90000000e-03 -7.90000000e-03 -7.90000000e-03 -3.74573701e-02 -7.90000000e-03 -2.33341409e-03 
-7.80000000e-03 -7.80000000e-03 -7.80000000e-03 -3.68861794e-02 -7.80000000e-03 -2.33341411e-03 
-7.70000000e-03 -7.70000000e-03 -7.70000000e-03 -3.63149464e-02 -7.70000000e-03 -2.33341413e-03 
-7.60000000e-03 -7.60000000e-03 -7.60000000e-03 -3.57436717e-02 -7.60000000e-03 -2.33341414e-03 
-7.50000000e-03 -7.50000000e-03 -7.50000000e-03 -3.51723560e-02 -7.50000000e-03 -2.33341416e-03 
-7.40000000e-03 -7.40000000e-03 -7.40000000e-03 -3.46010000e-02 -7.40000000e-03 -2.33341418e-03 
-7.30000000e-03 -7.30000000e-03 -7.30000000e-03 -3.40296043e-02 -7.30000000e-03 -2.33341420e-03 
-7.20000000e-03 -7.20000000e-03 -7.20000000e-03 -3.34581695e-02 -7.20000000e-03 -2.33341422e-03 
-7.10000000e-03 -7.10000000e-03 -7.10000000e-03 -3.28866963e-02 -7.10000000e-03 -2.33341424e-03 
-7.00000000e-03 -7.00000000e-03 -7.00000000e-03 -3.23151854e-02 -7.00000000e-03 -2.33341426e-03 
-6.90000000e-03 -6.90000000e-03 -6.90000000e-03 -3.17261699e-02 -6.90000000e-03 -2.33341428e-03 
-6.80000000e-03 -6.80000000e-03 -6.80000000e-03 -3.11545488e-02 -6.80000000e-03 -2.33341430e-03 
-6.70000000e-03 -6.70000000e-03 -6.70000000e-03 -3.05824665e-02 -6.70000000e-03 -2.33341432e-03 
-6.60000000e-03 -6.60000000e-03 -6.60000000e-03 -3.00108061e-02 -6.60000000e-03 -2.33341434e-03 
-6.50000000e-03 -6.50000000e-03 -6.50000000e-03 -2.94391009e-02 -6.50000000e-03 -2.33341437e-03 
-6.40000000e-03 -6.40000000e-03 -6.40000000e-03 -2.88673739e-02 -6.40000000e-03 -2.33341439e-03 
-6.30000000e-03 -6.30000000e-03 -6.30000000e-03 -2.82956135e-02 -6.30000000e-03 -2.33341441e-03 
-6.20000000e-03 -6.20000000e-03 -6.20000000e-03 -2.77238210e-02 -6.20000000e-03 -2.33341443e-03 
-6.10000000e-03 -6.10000000e-03 -6.10000000e-03 -2.71519966e-02 -6.10000000e-03 -2.33341445e-03 
-6.00000000e-03 -6.00000000e-03 -6.00000000e-03 -2.65801411e-02 -6.00000000e-03 -2.33341448e-03 
-5.90000000e-03 -5.90000000e-03 -5.90000000e-03 -2.60082550e-02 -5.90000000e-03 -2.33341450e-03 
-5.80000000e-03 -5.80000000e-03 -5.80000000e-03 -2.54363391e-02 -5.80000000e-03 -2.33341453e-03 
-5.70000000e-03 -5.70000000e-03 -5.70000000e-03 -2.48643940e-02 -5.70000000e-03 -2.33341455e-03 
-5.60000000e-03 -5.60000000e-03 -5.60000000e-03 -2.42924203e-02 -5.60000000e-03 -2.33341457e-03 
-5.50000000e-03 -5.50000000e-03 -5.50000000e-03 -2.37204187e-02 -5.50000000e-03 -2.33341460e-03 
-5.40000000e-03 -5.40000000e-03 -5.40000000e-03 -2.31483898e-02 -5.40000000e-03 -2.33341463e-03 
-5.30000000e-03 -5.30000000e-03 -5.30000000e-03 -2.25763343e-02 -5.30000000e-03 -2.33341465e-03 
-5.20000000e-03 -5.20000000e-03 -5.20000000e-03 -2.20042529e-02 -5.20000000e-03 -2.33341468e-03 
-5.10000000e-03 -5.10000000e-03 -5.10000000e-03 -2.14321462e-02 -5.10000000e-03 -2.33341470e-03 
-5.00000000e-03 -5.00000000e-03 -5.00000000e-03 -2.08600147e-02 -5.00000000e-03 -2.33341473e-03 
-4.90000000e-03 -4.90000000e-03 -4.90000000e-03 -2.02878593e-02 -4.90000000e-03 -2.33341476e-03 
-4.80000000e-03 -4.80000000e-03 -4.80000000e-03 -1.97156805e-02 -4.80000000e-03 -2.33341479e-03 
-4.70000000e-03 -4.70000000e-03 -4.70000000e-03 -1.91384971e-02 -4.70000000e-03 -2.33341482e-03 
-4.60000000e-03 -4.60000000e-03 -4.60000000e-03 -1.85662700e-02 -4.60000000e-03 -2.33341484e-03 
-4.50000000e-03 -4.50000000e-03 -4.50000000e-03 -1.79939844e-02 -4.50000000e-03 -2.33341487e-03 
-4.40000000e-03 -4.40000000e-03 -4.40000000e-03 -1.74217180e-02 -4.40000000e-03 -2.33341490e-03 
-4.30000000e-03 -4.30000000e-03 -4.30000000e-03 -1.68494312e-02 -4.30000000e-03 -2.33341493e-03 
-4.20000000e-03 -4.20000000e-03 -4.20000000e-03 -1.62771254e-02 -4.20000000e-03 -2.33341496e-03 
-4.10000000e-03 -4.10000000e-03 -4.10000000e-03 -1.57033125e-02 -4.10000000e-03 -2.33341499e-03 
-4.00000000e-03 -4.00000000e-03 -4.00000000e-03 -1.51309692e-02 -4.00000000e-03 -2.33341503e-03 
-3.90000000e-03 -3.90000000e-03 -3.90000000e-03 -1.45581545e-02 -3.90000000e-03 -2.33341506e-03 
-3.80000000e-03 -3.80000000e-03 -3.80000000e-03 -1.39857771e-02 -3.80000000e-03 -2.33341509e-03 
-3.70000000e-03 -3.70000000e-03 -3.70000000e-03 -1.34138332e-02 -3.70000000e-03 -2.33341512e-03 
-3.60000000e-03 -3.60000000e-03 -3.60000000e-03 -1.28414243e-02 -3.60000000e-03 -2.33341515e-03 
-3.50000000e-03 -3.50000000e-03 -3.50000000e-03 -1.22690015e-02 -3.50000000e-03 -2.33341519e-03 
-3.40000000e-03 -3.40000000e-03 -3.40000000e-03 -1.16980440e-02 -3.40000000e-03 -2.33341522e-03 
-3.30000000e-03 -3.30000000e-03 -3.30000000e-03 -1.11255934e-02 -3.30000000e-03 -2.33341525e-03 
-3.20000000e-03 -3.20000000e-03 -3.20000000e-03 -1.05531408e-02 -3.20000000e-03 -2.33341529e-03 
-3.10000000e-03 -3.10000000e-03 -3.10000000e-03 -9.98066415e-03 -3.10000000e-03 -2.33341532e-03 
-3.00000000e-03 -3.00000000e-03 -3.00000000e-03 -9.40817592e-03 -3.00000000e-03 -2.33341536e-03 
-2.90000000e-03 -2.90000000e-03 -2.90000000e-03 -8.83567663e-03 -2.90000000e-03 -2.33341539e-03 
-2.80000000e-03 -2.80000000e-03 -2.80000000e-03 -8.26316700e-03 -2.80000000e-03 -2.33341543e-03 
-2.70000000e-03 -2.70000000e-03 -2.70000000e-03 -7.69064771e-03 -2.70000000e-03 -2.33341546e-03 
-2.60000000e-03 -2.60000000e-03 -2.60000000e-03 -7.11811938e-03 -2.60000000e-03 -2.33341550e-03 
-2.50000000e-03 -2.50000000e-03 -2.50000000e-03 -6.54558269e-03 -2.50000000e-03 -2.33341554e-03 
-2.40000000e-03 -2.40000000e-03 -2.40000000e-03 -5.97303827e-03 -2.40000000e-03 -2.33341558e-03 
-2.30000000e-03 -2.30000000e-03 -2.30000000e-03 -5.40048678e-03 -2.30000000e-03 -2.33341561e-03 
-2.20000000e-03 -2.20000000e-03 -2.20000000e-03 -4.82792886e-03 -2.20000000e-03 -2.33341565e-03 
-2.10000000e-03 -2.10000000e-03 -2.10000000e-03 -4.25536517e-03 -2.10000000e-03 -2.33341569e-03 
-2.00000000e-03 -2.00000000e-03 -2.00000000e-03 -3.68279636e-03 -2.00000000e-03 -2.33341573e-03 
-1.90000000e-03 -1.90000000e-03 -1.90000000e-03 -3.11022308e-03 -1.90000000e-03 -2.33341577e-03 
-1.80000000e-03 -1.80000000e-03 -1.80000000e-03 -2.53764598e-03 -1.80000000e-03 -2.33341581e-03 
-1.70000000e-03 -1.70000000e-03 -1.70000000e-03 -1.96506571e-03 -1.70000000e-03 -2.33341585e-03 
-1.60000000e-03 -1.60000000e-03 -1.60000000e-03 -1.39248291e-03 -1.60000000e-03 -2.33341589e-03 
-1.50000000e-03 -1.50000000e-03 -1.50000000e-03 -8.19898248e-04 -1.50000000e-03 -2.33341593e-03 
-1.40000000e-03 -1.40000000e-03 -1.40000000e-03 -2.47312364e-04 -1.40000000e-03 -2.33341597e-03 
-1.30000000e-03 -1.30000000e-03 -1.30000000e-03  3.25274089e-04 -1.30000000e-03 -2.33341601e-03 
-1.20000000e-03 -1.20000000e-03 -1.20000000e-03  8.97860462e-04 -1.20000000e-03 -2.33341606e-03 
-1.10000000e-03 -1.10000000e-03 -1.10000000e-03  1.46555085e-03 -1.10000000e-03 -2.33341610e-03 
-1.00000000e-03 -1.00000000e-03 -1.00000000e-03  2.03812583e-03 -1.00000000e-03 -2.33341614e-03 
-9.00000000e-04 -9.00000000e-04 -9.00000000e-04  2.61057897e-03 -9.00000000e-04 -2.33341619e-03 
-8.00000000e-04 -8.00000000e-04 -8.00000000e-04  3.18315808e-03 -8.00000000e-04 -2.33341623e-03 
-7.00000000e-04 -7.00000000e-04 -7.00000000e-04  3.75573097e-03 -7.00000000e-04 -2.33341627e-03 
-6.00000000e-04 -6.00000000e-04 -6.00000000e-04  4.32830327e-03 -6.00000000e-04 -2.33341632e-03 
-5.00000000e-04 -5.00000000e-04 -5.00000000e-04  4.90087090e-03 -5.00000000e-04 -2.33341636e-03 
-4.00000000e-04 -4.00000000e-04 -4.00000000e-04  5.45704001e-03 -4.00000000e-04 -2.33341641e-03 
-3.00000000e-04 -3.00000000e-04 -3.00000000e-04  6.02949482e-03 -3.00000000e-04 -2.33341645e-03 
-2.00000000e-04 -2.00000000e-04 -2.00000000e-04  6.60062560e-03 -2.00000000e-04 -2.33341650e-03 
-1.00000000e-04 -1.00000000e-04 -1.00000000e-04  7.17315129e-03 -1.00000000e-04 -2.33341655e-03 
 6.90175998e-16  8.88178420e-16  6.90175998e-16  7.74556390e-03  6.90175998e-16 -2.33341660e-03 
 1.00000000e-04  1.00000000e-04  1.00000000e-04  8.31808875e-03  1.00000000e-04 -2.33341664e-03 
 2.00000000e-04  2.00000000e-04  2.00000000e-04  8.89059615e-03  2.00000000e-04 -2.33341669e-03 
 3.00000000e-04  3.00000000e-04  3.00000000e-04  9.46310418e-03  3.00000000e-04 -2.33341674e-03 
 4.00000000e-04  4.00000000e-04  4.00000000e-04  1.00356011e-02  4.00000000e-04 -2.33341679e-03 
 5.00000000e-04  5.00000000e-04  5.00000000e-04  1.06080880e-02  5.00000000e-04 -2.33341684e-03 
 6.00000000e-04  6.00000000e-04  6.00000000e-04  1.11805630e-02  6.00000000e-04 -2.33341689e-03 
 7.00000000e-04  7.00000000e-04  7.00000000e-04  1.17530258e-02  7.00000000e-04 -2.33341694e-03 
 8.00000000e-04  8.00000000e-04  8.00000000e-04  1.23254755e-02  8.00000000e-04 -2.33341699e-03 
 9.00000000e-04  9.00000000e-04  9.00000000e-04  1.28979116e-02  9.00000000e-04 -2.33341704e-03 
 1.00000000e-03  1.00000000e-03  1.00000000e-03  1.34703334e-02  1.00000000e-03 -2.33341709e-03 
 1.10000000e-03  1.10000000e-03  1.10000000e-03  1.40427402e-02  1.10000000e-03 -2.33341714e-03 
 1.20000000e-03  1.20000000e-03  1.20000000e-03  1.46151315e-02  1.20000000e-03 -2.33341720e-03 
 1.30000000e-03  1.30000000e-03  1.30000000e-03  1.51875064e-02  1.30000000e-03 -2.33341725e-03 
 1.40000000e-03  1.40000000e-03  1.40000000e-03  1.57598645e-02  1.40000000e-03 -2.33341730e-03 
 1.50000000e-03  1.50000000e-03  1.50000000e-03  1.63322050e-02  1.50000000e-03 -2.33341735e-03 
 1.60000000e-03  1.60000000e-03  1.60000000e-03  1.69045272e-02  1.60000000e-03 -2.33341741e-03 
 1.70000000e-03  1.70000000e-03  1.70000000e-03  1.74768306e-02  1.70000000e-03 -2.33341746e-03 
 1.80000000e-03  1.80000000e-03  1.80000000e-03  1.80491145e-02  1.80000000e-03 -2.33341752e-03 
 1.90000000e-03  1.90000000e-03  1.90000000e-03  1.86213782e-02  1.90000000e-03 -2.33341757e-03 
 2.00000000e-03  2.00000000e-03  2.00000000e-03  1.91936212e-02  2.00000000e-03 -2.33341763e-03 
 2.10000000e-03  2.10000000e-03  2.10000000e-03  1.97658426e-02  2.10000000e-03 -2.33341768e-03 
 2.20000000e-03  2.20000000e-03  2.20000000e-03  2.03380419e-02  2.20000000e-03 -2.33341774e-03 
 2.30000000e-03  2.30000000e-03  2.30000000e-03  2.09102185e-02  2.30000000e-03 -2.33341780e-03 
 2.40000000e-03  2.40000000e-03  2.40000000e-03  2.14823716e-02  2.40000000e-03 -2.33341785e-03 
 2.50000000e-03  2.50000000e-03  2.50000000e-03  2.20545006e-02  2.50000000e-03 -2.33341791e-03 
 2.60000000e-03  2.60000000e-03  2.60000000e-03  2.26266050e-02  2.60000000e-03 -2.33341797e-03 
 2.70000000e-03  2.70000000e-03  2.70000000e-03  2.31986839e-02  2.70000000e-03 -2.33341803e-03 
 2.80000000e-03  2.80000000e-03  2.80000000e-03  2.37707369e-02  2.80000000e-03 -2.33341808e-03 
 2.90000000e-03  2.90000000e-03  2.90000000e-03  2.43427631e-02  2.90000000e-03 -2.33341814e-03 
 3.00000000e-03  3.00000000e-03  3.00000000e-03  2.49147620e-02  3.00000000e-03 -2.33341820e-03 
 3.10000000e-03  3.10000000e-03  3.10000000e-03  2.54867330e-02  3.10000000e-03 -2.33341826e-03 
 3.20000000e-03  3.20000000e-03  3.20000000e-03  2.60586753e-02  3.20000000e-03 -2.33341832e-03 
 3.30000000e-03  3.30000000e-03  3.30000000e-03  2.66305883e-02  3.30000000e-03 -2.33341838e-03 
 3.40000000e-03  3.40000000e-03  3.40000000e-03  2.72024714e-02  3.40000000e-03 -2.33341844e-03 
 3.50000000e-03  3.50000000e-03  3.50000000e-03  2.77743239e-02  3.50000000e-03 -2.33341850e-03 
 3.60000000e-03  3.60000000e-03  3.60000000e-03  2.83461452e-02  3.60000000e-03 -2.33341857e-03 
 3.70000000e-03  3.70000000e-03  3.70000000e-03  2.89179346e-02  3.70000000e-03 -2.33341863e-03 
 3.80000000e-03  3.80000000e-03  3.80000000e-03  2.94896914e-02  3.80000000e-03 -2.33341869e-03 
 3.90000000e-03  3.90000000e-03  3.90000000e-03  3.00614151e-02  3.90000000e-03 -2.33341875e-03 
 4.00000000e-03  4.00000000e-03  4.00000000e-03  3.06331049e-02  4.00000000e-03 -2.33341882e-03 
 4.10000000e-03  4.10000000e-03  4.10000000e-03  3.12047602e-02  4.10000000e-03 -2.33341888e-03 
 4.20000000e-03  4.20000000e-03  4.20000000e-03  3.17763804e-02  4.20000000e-03 -2.33341894e-03 
 4.30000000e-03  4.30000000e-03  4.30000000e-03  3.23479648e-02  4.30000000e-03 -2.33341901e-03 
 4.40000000e-03  4.40000000e-03  4.40000000e-03  3.29195127e-02  4.40000000e-03 -2.33341907e-03 
 4.50000000e-03  4.50000000e-03  4.50000000e-03  3.34910235e-02  4.50000000e-03 -2.33341914e-03 
 4.60000000e-03  4.60000000e-03  4.60000000e-03  3.40624965e-02  4.60000000e-03 -2.33341920e-03 
 4.70000000e-03  4.70000000e-03  4.70000000e-03  3.46339312e-02  4.70000000e-03 -2.33341927e-03 
 4.80000000e-03  4.80000000e-03  4.80000000e-03  3.52053268e-02  4.80000000e-03 -2.33341933e-03 
 4.90000000e-03  4.90000000e-03  4.90000000e-03  3.57766827e-02  4.90000000e-03 -2.33341940e-03 
 5.00000000e-03  5.00000000e-03  5.00000000e-03  3.63479982e-02  5.00000000e-03 -2.33341947e-03 
 5.10000000e-03  5.10000000e-03  5.10000000e-03  3.69192727e-02  5.10000000e-03 -2.33341953e-03 
 5.20000000e-03  5.20000000e-03  5.20000000e-03  3.74905055e-02  5.20000000e-03 -2.33341960e-03 
 5.30000000e-03  5.30000000e-03  5.30000000e-03  3.80616960e-02  5.30000000e-03 -2.33341967e-03 
 5.40000000e-03  5.40000000e-03  5.40000000e-03  3.86328436e-02  5.40000000e-03 -2.33341974e-03 
 5.50000000e-03  5.50000000e-03  5.50000000e-03  3.92039475e-02  5.50000000e-03 -2.33341981e-03 
 5.60000000e-03  5.60000000e-03  5.60000000e-03  3.97750071e-02  5.60000000e-03 -2.33341987e-03 
 5.70000000e-03  5.70000000e-03  5.70000000e-03  4.03460218e-02  5.70000000e-03 -2.33341994e-03 
 5.80000000e-03  5.80000000e-03  5.80000000e-03  4.09169909e-02  5.80000000e-03 -2.33342001e-03 
 5.90000000e-03  5.90000000e-03  5.90000000e-03  4.14879138e-02  5.90000000e-03 -2.33342008e-03 
 6.00000000e-03  6.00000000e-03  6.00000000e-03  4.20587898e-02  6.00000000e-03 -2.33342015e-03 
 6.10000000e-03  6.10000000e-03  6.10000000e-03  4.26296182e-02  6.10000000e-03 -2.33342022e-03 
 6.20000000e-03  6.20000000e-03  6.20000000e-03  4.31431389e-02  6.20000000e-03 -2.33342030e-03 
 6.30000000e-03  6.30000000e-03  6.30000000e-03  4.37127383e-02  6.30000000e-03 -2.33342038e-03 
 6.40000000e-03  6.40000000e-03  6.40000000e-03  4.43364986e-02  6.40000000e-03 -2.33342044e-03 
 6.50000000e-03  6.50000000e-03  6.50000000e-03  4.49073915e-02  6.50000000e-03 -2.33342051e-03 
 6.60000000e-03  6.60000000e-03  6.60000000e-03  4.54242020e-02  6.60000000e-03 -2.33342059e-03 
 6.70000000e-03  6.70000000e-03  6.70000000e-03  4.59937501e-02  6.70000000e-03 -2.33342067e-03 
 6.80000000e-03  6.80000000e-03  6.80000000e-03  4.66185750e-02  6.80000000e-03 -2.33342073e-03 
 6.90000000e-03  6.90000000e-03  6.90000000e-03  4.71892850e-02  6.90000000e-03 -2.33342080e-03 
 7.00000000e-03  7.00000000e-03  7.00000000e-03  4.77060114e-02  7.00000000e-03 -2.33342088e-03 
 7.10000000e-03  7.10000000e-03  7.10000000e-03  4.82753604e-02  7.10000000e-03 -2.33342096e-03 
 7.20000000e-03  7.20000000e-03  7.20000000e-03  4.88999510e-02  7.20000000e-03 -2.33342102e-03 
 7.30000000e-03  7.30000000e-03  7.30000000e-03  4.94704481e-02  7.30000000e-03 -2.33342109e-03 
 7.40000000e-03  7.40000000e-03  7.40000000e-03  4.99870013e-02  7.40000000e-03 -2.33342118e-03 
 7.50000000e-03  7.50000000e-03  7.50000000e-03  5.05561338e-02  7.50000000e-03 -2.33342126e-03 
 7.60000000e-03  7.60000000e-03  7.60000000e-03  5.11804450e-02  7.60000000e-03 -2.33342132e-03 
 7.70000000e-03  7.70000000e-03  7.70000000e-03  5.17507181e-02  7.70000000e-03 -2.33342139e-03 
 7.80000000e-03  7.80000000e-03  7.80000000e-03  5.22670878e-02  7.80000000e-03 -2.33342148e-03 
 7.90000000e-03  7.90000000e-03  7.90000000e-03  5.28359935e-02  7.90000000e-03 -2.33342156e-03 
 8.00000000e-03  8.00000000e-03  8.00000000e-03  5.34600114e-02  8.00000000e-03 -2.33342162e-03 
 8.10000000e-03  8.10000000e-03  8.10000000e-03  5.40300501e-02  8.10000000e-03 -2.33342170e-03 
 8.20000000e-03  8.20000000e-03  8.20000000e-03  5.45462278e-02  8.20000000e-03 -2.33342179e-03 
 8.30000000e-03  8.30000000e-03  8.30000000e-03  5.51148966e-02  8.30000000e-03 -2.33342187e-03 
 8.40000000e-03  8.40000000e-03  8.40000000e-03  5.56691606e-02  8.40000000e-03 -2.33342195e-03 
 8.50000000e-03  8.50000000e-03  8.50000000e-03  5.62383237e-02  8.50000000e-03 -2.33342203e-03 
 8.60000000e-03  8.60000000e-03  8.60000000e-03  5.68760108e-02  8.60000000e-03 -2.33342209e-03 
 8.70000000e-03  8.70000000e-03  8.70000000e-03  5.73740545e-02  8.70000000e-03 -2.33342218e-03 
 8.80000000e-03  8.80000000e-03  8.80000000e-03  5.79612112e-02  8.80000000e-03 -2.33342226e-03 
 8.90000000e-03  8.90000000e-03  8.90000000e-03  5.85837211e-02  8.90000000e-03 -2.33342232e-03 
 9.00000000e-03  9.00000000e-03  9.00000000e-03  5.90859809e-02  9.00000000e-03 -2.33342242e-03 
 9.10000000e-03  9.10000000e-03  9.10000000e-03  5.96687813e-02  9.10000000e-03 -2.33342250e-03 
 9.20000000e-03  9.20000000e-03  9.20000000e-03  6.02189888e-02  9.20000000e-03 -2.33342258e-03 
 9.30000000e-03  9.30000000e-03  9.30000000e-03  6.07918152e-02  9.30000000e-03 -2.33342267e-03 
 9.40000000e-03  9.40000000e-03  9.40000000e-03  6.13549636e-02  9.40000000e-03 -2.33342273e-03 
 9.50000000e-03  9.50000000e-03  9.50000000e-03  6.19254611e-02  9.50000000e-03 -2.33342284e-03 
 9.60000000e-03  9.60000000e-03  9.60000000e-03  6.24917654e-02  9.60000000e-03 -2.33342289e-03 
 9.70000000e-03  9.70000000e-03  9.70000000e-03  6.30619960e-02  9.70000000e-03 -2.33342300e-03 
 9.80000000e-03  9.80000000e-03  9.80000000e-03  6.36285681e-02  9.80000000e-03 -2.33342305e-03 
 9.90000000e-03  9.90000000e-03  9.90000000e-03  6.41992729e-02  9.90000000e-03 -2.33342318e-03 
 1.00000000e-02  1.00000000e-02  1.00000000e-02  6.47650245e-02  1.00000000e-02 -2.33342320e-03 
 1.01000000e-02  1.01000000e-02  1.01000000e-02  6.54092792e-02  1.01000000e-02 -2.33342328e-03 
 1.02000000e-02  1.02000000e-02  1.02000000e-02  6.59034876e-02  1.02000000e-02 -2.33342337e-03 
 1.03000000e-02  1.03000000e-02  1.03000000e-02  6.64933046e-02  1.03000000e-02 -2.33342350e-03 
 1.04000000e-02  1.04000000e-02  1.04000000e-02  6.70388349e-02  1.04000000e-02 -2.33342352e-03 
 1.05000000e-02  1.05000000e-02  1.05000000e-02  6.76838903e-02  1.05000000e-02 -2.33342361e-03 
 1.06000000e-02  1.06000000e-02  1.06000000e-02  6.81761704e-02  1.06000000e-02 -2.33342370e-03 
 1.07000000e-02  1.07000000e-02  1.07000000e-02  6.87662028e-02  1.07000000e-02 -2.33342383e-03 
 1.08000000e-02  1.08000000e-02  1.08000000e-02  6.93106710e-02  1.08000000e-02 -2.33342385e-03 
 1.09000000e-02  1.09000000e-02  1.09000000e-02  6.99555933e-02  1.09000000e-02 -2.33342394e-03 
 1.10000000e-02  1.10000000e-02  1.10000000e-02  7.04473642e-02  1.10000000e-02 -2.33342403e-03 
 1.11000000e-02  1.11000000e-02  1.11000000e-02  7.10373707e-02  1.11000000e-02 -2.33342417e-03 
 1.12000000e-02  1.12000000e-02  1.12000000e-02  7.15811701e-02  1.12000000e-02 -2.33342419e-03 
 1.13000000e-02  1.13000000e-02  1.13000000e-02  7.22259795e-02  1.13000000e-02 -2.33342427e-03 
 1.14000000e-02  1.14000000e-02  1.14000000e-02  7.27172569e-02  1.14000000e-02 -2.33342437e-03 
 1.15000000e-02  1.15000000e-02  1.15000000e-02  7.33072321e-02  1.15000000e-02 -2.33342451e-03 
 1.16000000e-02  1.16000000e-02  1.16000000e-02  7.38503634e-02  1.16000000e-02 -2.33342452e-03 
 1.17000000e-02  1.17000000e-02  1.17000000e-02  7.44950480e-02  1.17000000e-02 -2.33342461e-03 
 1.18000000e-02  1.18000000e-02  1.18000000e-02  7.49858266e-02  1.18000000e-02 -2.33342471e-03 
 1.19000000e-02  1.19000000e-02  1.19000000e-02  7.55757577e-02  1.19000000e-02 -2.33342485e-03 
 1.20000000e-02  1.20000000e-02  1.20000000e-02  7.61182131e-02  1.20000000e-02 -2.33342486e-03 
 1.21000000e-02  1.21000000e-02  1.21000000e-02  7.67627582e-02  1.21000000e-02 -2.33342495e-03 
 1.22000000e-02  1.22000000e-02  1.22000000e-02  7.72530313e-02  1.22000000e-02 -2.33342505e-03 
 1.23000000e-02  1.23000000e-02  1.23000000e-02  7.78429067e-02  1.23000000e-02 -2.33342520e-03 
 1.24000000e-02  1.24000000e-02  1.24000000e-02  7.84594679e-02  1.24000000e-02 -2.33342524e-03 
 1.25000000e-02  1.25000000e-02  1.25000000e-02  7.89619995e-02  1.25000000e-02 -2.33342535e-03 
 1.26000000e-02  1.26000000e-02  1.26000000e-02  7.95397777e-02  1.26000000e-02 -2.33342542e-03 
 1.27000000e-02  1.27000000e-02  1.27000000e-02  8.00893725e-02  1.27000000e-02 -2.33342553e-03 
 1.28000000e-02  1.28000000e-02  1.28000000e-02  8.06571490e-02  1.28000000e-02 -2.33342559e-03 
 1.29000000e-02  1.29000000e-02  1.29000000e-02  8.12199896e-02  1.29000000e-02 -2.33342571e-03 
 1.30000000e-02  1.30000000e-02  1.30000000e-02  8.17846206e-02  1.30000000e-02 -2.33342576e-03 
 1.31000000e-02  1.31000000e-02  1.31000000e-02  8.23517176e-02  1.31000000e-02 -2.33342589e-03 
 1.32000000e-02  1.32000000e-02  1.32000000e-02  8.29145018e-02  1.32000000e-02 -2.33342593e-03 
 1.33000000e-02  1.33000000e-02  1.33000000e-02  8.35551615e-02  1.33000000e-02 -2.33342600e-03 
 1.34000000e-02  1.34000000e-02  1.34000000e-02  8.40472276e-02  1.34000000e-02 -2.33342611e-03 
 1.35000000e-02  1.35000000e-02  1.35000000e-02  8.46344531e-02  1.35000000e-02 -2.33342624e-03 
 1.36000000e-02  1.36000000e-02  1.36000000e-02  8.51767041e-02  1.36000000e-02 -2.33342627e-03 
 1.37000000e-02  1.37000000e-02  1.37000000e-02  8.58187640e-02  1.37000000e-02 -2.33342635e-03 
 1.38000000e-02  1.38000000e-02  1.38000000e-02  8.63084421e-02  1.38000000e-02 -2.33342646e-03 
 1.39000000e-02  1.39000000e-02  1.39000000e-02  8.68962977e-02  1.39000000e-02 -2.33342659e-03 
 1.40000000e-02  1.40000000e-02  1.40000000e-02  8.74369476e-02  1.40000000e-02 -2.33342662e-03 
 1.41000000e-02  1.41000000e-02  1.41000000e-02  8.80791725e-02  1.41000000e-02 -2.33342670e-03 
 1.42000000e-02  1.42000000e-02  1.42000000e-02  8.85679594e-02  1.42000000e-02 -2.33342681e-03 
 1.43000000e-02  1.43000000e-02  1.43000000e-02  8.91560732e-02  1.43000000e-02 -2.33342695e-03 
 1.44000000e-02  1.44000000e-02  1.44000000e-02  8.96955900e-02  1.44000000e-02 -2.33342697e-03 
 1.45000000e-02  1.45000000e-02  1.45000000e-02  9.03379162e-02  1.45000000e-02 -2.33342705e-03 
 1.46000000e-02  1.46000000e-02  1.46000000e-02  9.08258836e-02  1.46000000e-02 -2.33342716e-03 
 1.47000000e-02  1.47000000e-02  1.47000000e-02  9.14141846e-02  1.47000000e-02 -2.33342731e-03 
 1.48000000e-02  1.48000000e-02  1.48000000e-02  9.20272953e-02  1.48000000e-02 -2.33342735e-03 
 1.49000000e-02  1.49000000e-02  1.49000000e-02  9.25287360e-02  1.49000000e-02 -2.33342747e-03 
 1.50000000e-02  1.50000000e-02  1.50000000e-02  9.31034609e-02  1.50000000e-02 -2.33342753e-03 
 1.51000000e-02  1.51000000e-02  1.51000000e-02  9.36512983e-02  1.51000000e-02 -2.33342765e-03 
 1.52000000e-02  1.52000000e-02  1.52000000e-02  9.42162647e-02  1.52000000e-02 -2.33342771e-03 
 1.53000000e-02  1.53000000e-02  1.53000000e-02  9.47770987e-02  1.53000000e-02 -2.33342783e-03 
 1.54000000e-02  1.54000000e-02  1.54000000e-02  9.53389342e-02  1.54000000e-02 -2.33342789e-03 
 1.55000000e-02  1.55000000e-02  1.55000000e-02  9.59040107e-02  1.55000000e-02 -2.33342802e-03 
 1.56000000e-02  1.56000000e-02  1.56000000e-02  9.64638646e-02  1.56000000e-02 -2.33342806e-03 
 1.57000000e-02  1.57000000e-02  1.57000000e-02  9.71016197e-02  1.57000000e-02 -2.33342813e-03 
 1.58000000e-02  1.58000000e-02  1.58000000e-02  9.75916399e-02  1.58000000e-02 -2.33342824e-03 
 1.59000000e-02  1.59000000e-02  1.59000000e-02  9.81766062e-02  1.59000000e-02 -2.33342837e-03 
 1.60000000e-02  1.60000000e-02  1.60000000e-02  9.87158503e-02  1.60000000e-02 -2.33342841e-03 
 1.61000000e-02  1.61000000e-02  1.61000000e-02  9.93552183e-02  1.61000000e-02 -2.33342848e-03 
 1.62000000e-02  1.62000000e-02  1.62000000e-02  9.98425192e-02  1.62000000e-02 -2.33342859e-03 
 1.63000000e-02  1.63000000e-02  1.63000000e-02  1.00428416e-01  1.63000000e-02 -2.33342874e-03 
 1.64000000e-02  1.64000000e-02  1.64000000e-02  1.00965597e-01  1.64000000e-02 -2.33342876e-03 
 1.65000000e-02  1.65000000e-02  1.65000000e-02  1.01605393e-01  1.65000000e-02 -2.33342883e-03 
 1.66000000e-02  1.66000000e-02  1.66000000e-02  1.02091470e-01  1.66000000e-02 -2.33342895e-03 
 1.67000000e-02  1.67000000e-02  1.67000000e-02  1.02677891e-01  1.67000000e-02 -2.33342910e-03 
 1.68000000e-02  1.68000000e-02  1.68000000e-02  1.03287895e-01  1.68000000e-02 -2.33342914e-03 
 1.69000000e-02  1.69000000e-02  1.69000000e-02  1.03788107e-01  1.69000000e-02 -2.33342926e-03 
 1.70000000e-02  1.70000000e-02  1.70000000e-02  1.04360091e-01  1.70000000e-02 -2.33342932e-03 
 1.71000000e-02  1.71000000e-02  1.71000000e-02  1.04906062e-01  1.71000000e-02 -2.33342944e-03 
 1.72000000e-02  1.72000000e-02  1.72000000e-02  1.05468568e-01  1.72000000e-02 -2.33342951e-03 
 1.73000000e-02  1.73000000e-02  1.73000000e-02  1.06027226e-01  1.73000000e-02 -2.33342962e-03 
 1.74000000e-02  1.74000000e-02  1.74000000e-02  1.06586718e-01  1.74000000e-02 -2.33342968e-03 
 1.75000000e-02  1.75000000e-02  1.75000000e-02  1.07149474e-01  1.75000000e-02 -2.33342981e-03 
 1.76000000e-02  1.76000000e-02  1.76000000e-02  1.07707030e-01  1.76000000e-02 -2.33342985e-03 
 1.77000000e-02  1.77000000e-02  1.77000000e-02  1.08272039e-01  1.77000000e-02 -2.33343000e-03 
 1.78000000e-02  1.78000000e-02  1.78000000e-02  1.08827271e-01  1.78000000e-02 -2.33343002e-03 
 1.79000000e-02  1.79000000e-02  1.79000000e-02  1.09463366e-01  1.79000000e-02 -2.33343008e-03 
 1.80000000e-02  1.80000000e-02  1.80000000e-02  1.09950206e-01  1.80000000e-02 -2.33343020e-03 
 1.81000000e-02  1.81000000e-02  1.81000000e-02  1.10533951e-01  1.81000000e-02 -2.33343034e-03 
 1.82000000e-02  1.82000000e-02  1.82000000e-02  1.11068907e-01  1.82000000e-02 -2.33343036e-03 
 1.83000000e-02  1.83000000e-02  1.83000000e-02  1.11706394e-01  1.83000000e-02 -2.33343043e-03 
 1.84000000e-02  1.84000000e-02  1.84000000e-02  1.12190440e-01  1.84000000e-02 -2.33343055e-03 
 1.85000000e-02  1.85000000e-02  1.85000000e-02  1.12775154e-01  1.85000000e-02 -2.33343070e-03 
 1.86000000e-02  1.86000000e-02  1.86000000e-02  1.13381974e-01  1.86000000e-02 -2.33343073e-03 
 1.87000000e-02  1.87000000e-02  1.87000000e-02  1.13881021e-01  1.87000000e-02 -2.33343086e-03 
 1.88000000e-02  1.88000000e-02  1.88000000e-02  1.14450196e-01  1.88000000e-02 -2.33343092e-03 
 1.89000000e-02  1.89000000e-02  1.89000000e-02  1.14994374e-01  1.89000000e-02 -2.33343103e-03 
 1.90000000e-02  1.90000000e-02  1.90000000e-02  1.15554322e-01  1.90000000e-02 -2.33343110e-03 
 1.91000000e-02  1.91000000e-02  1.91000000e-02  1.16110926e-01  1.91000000e-02 -2.33343121e-03 
 1.92000000e-02  1.92000000e-02  1.92000000e-02  1.16667923e-01  1.92000000e-02 -2.33343127e-03 
 1.93000000e-02  1.93000000e-02  1.93000000e-02  1.17228557e-01  1.93000000e-02 -2.33343140e-03 
 1.94000000e-02  1.94000000e-02  1.94000000e-02  1.17783573e-01  1.94000000e-02 -2.33343144e-03 
 1.95000000e-02  1.95000000e-02  1.95000000e-02  1.18346487e-01  1.95000000e-02 -2.33343158e-03 
 1.96000000e-02  1.96000000e-02  1.96000000e-02  1.18899068e-01  1.96000000e-02 -2.33343160e-03 
 1.97000000e-02  1.97000000e-02  1.97000000e-02  1.19532276e-01  1.97000000e-02 -2.33343166e-03 
 1.98000000e-02  1.98000000e-02  1.98000000e-02  1.20017237e-01  1.98000000e-02 -2.33343178e-03 
 1.99000000e-02  1.99000000e-02  1.99000000e-02  1.20598734e-01  1.99000000e-02 -2.33343192e-03 
 2.00000000e-02  2.00000000e-02  2.00000000e-02  1.21130914e-01  2.00000000e-02 -2.33343194e-03 
 2.01000000e-02  2.01000000e-02  2.01000000e-02  1.21765762e-01  2.01000000e-02 -2.33343200e-03 
 2.02000000e-02  2.02000000e-02  2.02000000e-02  1.22247600e-01  2.02000000e-02 -2.33343212e-03 
 2.03000000e-02  2.03000000e-02  2.03000000e-02  1.22830382e-01  2.03000000e-02 -2.33343227e-03 
 2.04000000e-02  2.04000000e-02  2.04000000e-02  1.23433728e-01  2.04000000e-02 -2.33343229e-03 
 2.05000000e-02  2.05000000e-02  2.05000000e-02  1.23931469e-01  2.05000000e-02 -2.33343242e-03 
 2.06000000e-02  2.06000000e-02  2.06000000e-02  1.24497591e-01  2.06000000e-02 -2.33343248e-03 
 2.07000000e-02  2.07000000e-02  2.07000000e-02  1.25039779e-01  2.07000000e-02 -2.33343259e-03 
 2.08000000e-02  2.08000000e-02  2.08000000e-02  1.25596950e-01  2.08000000e-02 -2.33343266e-03 
 2.09000000e-02  2.09000000e-02  2.09000000e-02  1.26151282e-01  2.09000000e-02 -2.33343276e-03 
 2.10000000e-02  2.10000000e-02  2.10000000e-02  1.26705575e-01  2.10000000e-02 -2.33343282e-03 
 2.11000000e-02  2.11000000e-02  2.11000000e-02  1.27263859e-01  2.11000000e-02 -2.33343294e-03 
 2.12000000e-02  2.12000000e-02  2.12000000e-02  1.27816134e-01  2.12000000e-02 -2.33343298e-03 
 2.13000000e-02  2.13000000e-02  2.13000000e-02  1.28376718e-01  2.13000000e-02 -2.33343312e-03 
 2.14000000e-02  2.14000000e-02  2.14000000e-02  1.28926455e-01  2.14000000e-02 -2.33343314e-03 
 2.15000000e-02  2.15000000e-02  2.15000000e-02  1.29556480e-01  2.15000000e-02 -2.33343319e-03 
 2.16000000e-02  2.16000000e-02  2.16000000e-02  1.30039414e-01  2.16000000e-02 -2.33343331e-03 
 2.17000000e-02  2.17000000e-02  2.17000000e-02  1.30618429e-01  2.17000000e-02 -2.33343344e-03 
 2.18000000e-02  2.18000000e-02  2.18000000e-02  1.31147617e-01  2.18000000e-02 -2.33343346e-03 
 2.19000000e-02  2.19000000e-02  2.19000000e-02  1.31779562e-01  2.19000000e-02 -2.33343351e-03 
 2.20000000e-02  2.20000000e-02  2.20000000e-02  1.32259016e-01  2.20000000e-02 -2.33343363e-03 
 2.21000000e-02  2.21000000e-02  2.21000000e-02  1.32839665e-01  2.21000000e-02 -2.33343377e-03 
 2.22000000e-02  2.22000000e-02  2.22000000e-02  1.33439252e-01  2.22000000e-02 -2.33343379e-03 
 2.23000000e-02  2.23000000e-02  2.23000000e-02  1.33935545e-01  2.23000000e-02 -2.33343391e-03 
 2.24000000e-02  2.24000000e-02  2.24000000e-02  1.34498369e-01  2.24000000e-02 -2.33343397e-03 
 2.25000000e-02  2.25000000e-02  2.25000000e-02  1.35038374e-01  2.25000000e-02 -2.33343408e-03 
 2.26000000e-02  2.26000000e-02  2.26000000e-02  1.35592542e-01  2.26000000e-02 -2.33343414e-03 
 2.27000000e-02  2.27000000e-02  2.27000000e-02  1.36144391e-01  2.27000000e-02 -2.33343424e-03 
 2.28000000e-02  2.28000000e-02  2.28000000e-02  1.36695759e-01  2.28000000e-02 -2.33343430e-03 
 2.29000000e-02  2.29000000e-02  2.29000000e-02  1.37251479e-01  2.29000000e-02 -2.33343441e-03 
 2.30000000e-02  2.30000000e-02  2.30000000e-02  1.37800793e-01  2.30000000e-02 -2.33343445e-03 
 2.31000000e-02  2.31000000e-02  2.31000000e-02  1.38358833e-01  2.31000000e-02 -2.33343457e-03 
 2.32000000e-02  2.32000000e-02  2.32000000e-02  1.38905501e-01  2.32000000e-02 -2.33343459e-03 
 2.33000000e-02  2.33000000e-02  2.33000000e-02  1.39532070e-01  2.33000000e-02 -2.33343463e-03 
 2.34000000e-02  2.34000000e-02  2.34000000e-02  1.40012808e-01  2.34000000e-02 -2.33343475e-03 
 2.35000000e-02  2.35000000e-02  2.35000000e-02  1.40589127e-01  2.35000000e-02 -2.33343487e-03 
 2.36000000e-02  2.36000000e-02  2.36000000e-02  1.41115087e-01  2.36000000e-02 -2.33343489e-03 
 2.37000000e-02  2.37000000e-02  2.37000000e-02  1.41743881e-01  2.37000000e-02 -2.33343493e-03 
 2.38000000e-02  2.38000000e-02  2.38000000e-02  1.42220760e-01  2.38000000e-02 -2.33343505e-03 
 2.39000000e-02  2.39000000e-02  2.39000000e-02  1.42851351e-01  2.39000000e-02 -2.33343508e-03 
 2.40000000e-02  2.40000000e-02  2.40000000e-02  1.43325066e-01  2.40000000e-02 -2.33343520e-03 
 2.41000000e-02  2.41000000e-02  2.41000000e-02  1.43903301e-01  2.41000000e-02 -2.33343533e-03 
 2.42000000e-02  2.42000000e-02  2.42000000e-02  1.44497627e-01  2.42000000e-02 -2.33343534e-03 
 2.43000000e-02  2.43000000e-02  2.43000000e-02  1.44992204e-01  2.43000000e-02 -2.33343546e-03 
 2.44000000e-02  2.44000000e-02  2.44000000e-02  1.45550973e-01  2.44000000e-02 -2.33343551e-03 
 2.45000000e-02  2.45000000e-02  2.45000000e-02  1.46088237e-01  2.45000000e-02 -2.33343561e-03 
 2.46000000e-02  2.46000000e-02  2.46000000e-02  1.46638901e-01  2.46000000e-02 -2.33343566e-03 
 2.47000000e-02  2.47000000e-02  2.47000000e-02  1.47187571e-01  2.47000000e-02 -2.33343576e-03 
 2.48000000e-02  2.48000000e-02  2.48000000e-02  1.47735641e-01  2.48000000e-02 -2.33343581e-03 
 2.49000000e-02  2.49000000e-02  2.49000000e-02  1.48287984e-01  2.49000000e-02 -2.33343591e-03 
 2.50000000e-02  2.50000000e-02  2.50000000e-02  1.48834089e-01  2.50000000e-02 -2.33343595e-03 
 2.51000000e-02  2.51000000e-02  2.51000000e-02  1.49388620e-01  2.51000000e-02 -2.33343606e-03 
 2.52000000e-02  2.52000000e-02  2.52000000e-02  1.49932154e-01  2.52000000e-02 -2.33343608e-03 
 2.53000000e-02  2.53000000e-02  2.53000000e-02  1.50554163e-01  2.53000000e-02 -2.33343609e-03 
 2.54000000e-02  2.54000000e-02  2.54000000e-02  1.51032607e-01  2.54000000e-02 -2.33343622e-03 
 2.55000000e-02  2.55000000e-02  2.55000000e-02  1.51605293e-01  2.55000000e-02 -2.33343632e-03 
 2.56000000e-02  2.56000000e-02  2.56000000e-02  1.52127791e-01  2.56000000e-02 -2.33343633e-03 
 2.57000000e-02  2.57000000e-02  2.57000000e-02  1.52752459e-01  2.57000000e-02 -2.33343636e-03 
 2.58000000e-02  2.58000000e-02  2.58000000e-02  1.53226525e-01  2.58000000e-02 -2.33343648e-03 
 2.59000000e-02  2.59000000e-02  2.59000000e-02  1.53852928e-01  2.59000000e-02 -2.33343649e-03 
 2.60000000e-02  2.60000000e-02  2.60000000e-02  1.54323826e-01  2.60000000e-02 -2.33343661e-03 
 2.61000000e-02  2.61000000e-02  2.61000000e-02  1.54949483e-01  2.61000000e-02 -2.33343662e-03 
 2.62000000e-02  2.62000000e-02  2.62000000e-02  1.55420057e-01  2.62000000e-02 -2.33343674e-03 
 2.63000000e-02  2.63000000e-02  2.63000000e-02  1.56045060e-01  2.63000000e-02 -2.33343675e-03 
 2.64000000e-02  2.64000000e-02  2.64000000e-02  1.56515434e-01  2.64000000e-02 -2.33343687e-03 
 2.65000000e-02  2.65000000e-02  2.65000000e-02  1.57139890e-01  2.65000000e-02 -2.33343688e-03 
 2.66000000e-02  2.66000000e-02  2.66000000e-02  1.57610024e-01  2.66000000e-02 -2.33343700e-03 
 2.67000000e-02  2.67000000e-02  2.67000000e-02  1.58233987e-01  2.67000000e-02 -2.33343700e-03 
 2.68000000e-02  2.68000000e-02  2.68000000e-02  1.58703850e-01  2.68000000e-02 -2.33343712e-03 
 2.69000000e-02  2.69000000e-02  2.69000000e-02  1.59327345e-01  2.69000000e-02 -2.33343713e-03 
 2.70000000e-02  2.70000000e-02  2.70000000e-02  1.59796916e-01  2.70000000e-02 -2.33343725e-03 
 2.71000000e-02  2.71000000e-02  2.71000000e-02  1.60419959e-01  2.71000000e-02 -2.33343725e-03 
 2.72000000e-02  2.72000000e-02  2.72000000e-02  1.60889223e-01  2.72000000e-02 -2.33343737e-03 
 2.73000000e-02  2.73000000e-02  2.73000000e-02  1.61511822e-01  2.73000000e-02 -2.33343737e-03 
 2.74000000e-02  2.74000000e-02  2.74000000e-02  1.61980769e-01  2.74000000e-02 -2.33343748e-03 
 2.75000000e-02  2.75000000e-02  2.75000000e-02  1.62602929e-01  2.75000000e-02 -2.33343748e-03 
 2.76000000e-02  2.76000000e-02  2.76000000e-02  1.63071550e-01  2.76000000e-02 -2.33343760e-03 
 2.77000000e-02  2.77000000e-02  2.77000000e-02  1.63693273e-01  2.77000000e-02 -2.33343760e-03 
 2.78000000e-02  2.78000000e-02  2.78000000e-02  1.64161563e-01  2.78000000e-02 -2.33343771e-03 
 2.79000000e-02  2.79000000e-02  2.79000000e-02  1.64782850e-01  2.79000000e-02 -2.33343771e-03 
 2.80000000e-02  2.80000000e-02  2.80000000e-02  1.65250804e-01  2.80000000e-02 -2.33343782e-03 
 2.81000000e-02  2.81000000e-02  2.81000000e-02  1.65871654e-01  2.81000000e-02 -2.33343782e-03 
 2.82000000e-02  2.82000000e-02  2.82000000e-02  1.66339266e-01  2.82000000e-02 -2.33343793e-03 
 2.83000000e-02  2.83000000e-02  2.83000000e-02  1.66959678e-01  2.83000000e-02 -2.33343792e-03 
 2.84000000e-02  2.84000000e-02  2.84000000e-02  1.67426947e-01  2.84000000e-02 -2.33343804e-03 
 2.85000000e-02  2.85000000e-02  2.85000000e-02  1.68046918e-01  2.85000000e-02 -2.33343803e-03 
 2.86000000e-02  2.86000000e-02  2.86000000e-02  1.68513840e-01  2.86000000e-02 -2.33343814e-03 
 2.87000000e-02  2.87000000e-02  2.87000000e-02  1.69133369e-01  2.87000000e-02 -2.33343813e-03 
 2.88000000e-02  2.88000000e-02  2.88000000e-02  1.69599940e-01  2.88000000e-02 -2.33343824e-03 
 2.89000000e-02  2.89000000e-02  2.89000000e-02  1.70219024e-01  2.89000000e-02 -2.33343823e-03 
 2.90000000e-02  2.90000000e-02  2.90000000e-02  1.70685241e-01  2.90000000e-02 -2.33343834e-03 
 2.91000000e-02  2.91000000e-02  2.91000000e-02  1.71303878e-01  2.91000000e-02 -2.33343832e-03 
 2.92000000e-02  2.92000000e-02  2.92000000e-02  1.71769740e-01  2.92000000e-02 -2.33343844e-03 
 2.93000000e-02  2.93000000e-02  2.93000000e-02  1.72387925e-01  2.93000000e-02 -2.33343842e-03 
 2.94000000e-02  2.94000000e-02  2.94000000e-02  1.72853429e-01  2.94000000e-02 -2.33343853e-03 
 2.95000000e-02  2.95000000e-02  2.95000000e-02  1.73471161e-01  2.95000000e-02 -2.33343851e-03 
 2.96000000e-02  2.96000000e-02  2.96000000e-02  1.73936304e-01  2.96000000e-02 -2.33343862e-03 
 2.97000000e-02  2.97000000e-02  2.97000000e-02  1.74553579e-01  2.97000000e-02 -2.33343860e-03 
 2.98000000e-02  2.98000000e-02  2.98000000e-02  1.75018359e-01  2.98000000e-02 -2.33343871e-03 
 2.99000000e-02  2.99000000e-02  2.99000000e-02  1.75635175e-01  2.99000000e-02 -2.33343868e-03 
 3.00000000e-02  3.00000000e-02  3.00000000e-02  1.76099589e-01  3.00000000e-02 -2.33343879e-03 
 3.01000000e-02  3.01000000e-02  3.01000000e-02  1.76715942e-01  3.01000000e-02 -2.33343876e-03 
 3.02000000e-02  3.02000000e-02  3.02000000e-02  1.77179989e-01  3.02000000e-02 -2.33343887e-03 
 3.03000000e-02  3.03000000e-02  3.03000000e-02  1.77795875e-01  3.03000000e-02 -2.33343884e-03 
 3.04000000e-02  3.04000000e-02  3.04000000e-02  1.78259552e-01  3.04000000e-02 -2.33343895e-03 
 3.05000000e-02  3.05000000e-02  3.05000000e-02  1.78874970e-01  3.05000000e-02 -2.33343892e-03 
 3.06000000e-02  3.06000000e-02  3.06000000e-02  1.79338274e-01  3.06000000e-02 -2.33343903e-03 
 3.07000000e-02  3.07000000e-02  3.07000000e-02  1.79953219e-01  3.07000000e-02 -2.33343899e-03 
 3.08000000e-02  3.08000000e-02  3.08000000e-02  1.80416148e-01  3.08000000e-02 -2.33343910e-03 
 3.09000000e-02  3.09000000e-02  3.09000000e-02  1.81030618e-01  3.09000000e-02 -2.33343906e-03 
 3.10000000e-02  3.10000000e-02  3.10000000e-02  1.81493170e-01  3.10000000e-02 -2.33343917e-03 
 3.11000000e-02  3.11000000e-02  3.11000000e-02  1.82107161e-01  3.11000000e-02 -2.33343913e-03 
 3.12000000e-02  3.12000000e-02  3.12000000e-02  1.82569334e-01  3.12000000e-02 -2.33343924e-03 
 3.13000000e-02  3.13000000e-02  3.13000000e-02  1.83182843e-01  3.13000000e-02 -2.33343919e-03 
 3.14000000e-02  3.14000000e-02  3.14000000e-02  1.83644634e-01  3.14000000e-02 -2.33343930e-03 
 3.15000000e-02  3.15000000e-02  3.15000000e-02  1.84257658e-01  3.15000000e-02 -2.33343926e-03 
 3.16000000e-02  3.16000000e-02  3.16000000e-02  1.84719065e-01  3.16000000e-02 -2.33343936e-03 
 3.17000000e-02  3.17000000e-02  3.17000000e-02  1.85331601e-01  3.17000000e-02 -2.33343931e-03 
 3.18000000e-02  3.18000000e-02  3.18000000e-02  1.85792621e-01  3.18000000e-02 -2.33343942e-03 
 3.19000000e-02  3.19000000e-02  3.19000000e-02  1.86404667e-01  3.19000000e-02 -2.33343937e-03 
 3.20000000e-02  3.20000000e-02  3.20000000e-02  1.86865298e-01  3.20000000e-02 -2.33343947e-03 
 3.21000000e-02  3.21000000e-02  3.21000000e-02  1.87476849e-01  3.21000000e-02 -2.33343942e-03 
 3.22000000e-02  3.22000000e-02  3.22000000e-02  1.87937089e-01  3.22000000e-02 -2.33343952e-03 
 3.23000000e-02  3.23000000e-02  3.23000000e-02  1.88548142e-01  3.23000000e-02 -2.33343947e-03 
 3.24000000e-02  3.24000000e-02  3.24000000e-02  1.89007988e-01  3.24000000e-02 -2.33343957e-03 
 3.25000000e-02  3.25000000e-02  3.25000000e-02  1.89618541e-01  3.25000000e-02 -2.33343951e-03 
 3.26000000e-02  3.26000000e-02  3.26000000e-02  1.90077991e-01  3.26000000e-02 -2.33343961e-03 
 3.27000000e-02  3.27000000e-02  3.27000000e-02  1.90688040e-01  3.27000000e-02 -2.33343955e-03 
 3.28000000e-02  3.28000000e-02  3.28000000e-02  1.91147093e-01  3.28000000e-02 -2.33343965e-03 
 3.29000000e-02  3.29000000e-02  3.29000000e-02  1.91756634e-01  3.29000000e-02 -2.33343959e-03 
 3.30000000e-02  3.30000000e-02  3.30000000e-02  1.92215286e-01  3.30000000e-02 -2.33343969e-03 
 3.31000000e-02  3.31000000e-02  3.31000000e-02  1.92824317e-01  3.31000000e-02 -2.33343962e-03 
 3.32000000e-02  3.32000000e-02  3.32000000e-02  1.93282566e-01  3.32000000e-02 -2.33343972e-03 
 3.33000000e-02  3.33000000e-02  3.33000000e-02  1.93891083e-01  3.33000000e-02 -2.33343965e-03 
 3.34000000e-02  3.34000000e-02  3.34000000e-02  1.94348928e-01  3.34000000e-02 -2.33343975e-03 
 3.35000000e-02  3.35000000e-02  3.35000000e-02  1.94956928e-01  3.35000000e-02 -2.33343968e-03 
 3.36000000e-02  3.36000000e-02  3.36000000e-02  1.95414366e-01  3.36000000e-02 -2.33343977e-03 
 3.37000000e-02  3.37000000e-02  3.37000000e-02  1.96021845e-01  3.37000000e-02 -2.33343970e-03 
 3.38000000e-02  3.38000000e-02  3.38000000e-02  1.96478874e-01  3.38000000e-02 -2.33343980e-03 
 3.39000000e-02  3.39000000e-02  3.39000000e-02  1.97085830e-01  3.39000000e-02 -2.33343972e-03 
 3.40000000e-02  3.40000000e-02  3.40000000e-02  1.97542446e-01  3.40000000e-02 -2.33343981e-03 
 3.41000000e-02  3.41000000e-02  3.41000000e-02  1.98148876e-01  3.41000000e-02 -2.33343974e-03 
 3.42000000e-02  3.42000000e-02  3.42000000e-02  1.98605079e-01  3.42000000e-02 -2.33343983e-03 
 3.43000000e-02  3.43000000e-02  3.43000000e-02  1.99210978e-01  3.43000000e-02 -2.33343975e-03 
 3.44000000e-02  3.44000000e-02  3.44000000e-02  1.99666764e-01  3.44000000e-02 -2.33343984e-03 
 3.45000000e-02  3.45000000e-02  3.45000000e-02  2.00272131e-01  3.45000000e-02 -2.33343976e-03 
 3.46000000e-02  3.46000000e-02  3.46000000e-02  2.00727499e-01  3.46000000e-02 -2.33343985e-03 
 3.47000000e-02  3.47000000e-02  3.47000000e-02  2.01332329e-01  3.47000000e-02 -2.33343976e-03 
 3.48000000e-02  3.48000000e-02  3.48000000e-02  2.01787275e-01  3.48000000e-02 -2.33343985e-03 
 3.49000000e-02  3.49000000e-02  3.49000000e-02  2.02391566e-01  3.49000000e-02 -2.33343976e-03 
 3.50000000e-02  3.50000000e-02  3.50000000e-02  2.02846090e-01  3.50000000e-02 -2.33343985e-03 
 3.51000000e-02  3.51000000e-02  3.51000000e-02  2.03449838e-01  3.51000000e-02 -2.33343975e-03 
 3.52000000e-02  3.52000000e-02  3.52000000e-02  2.03903935e-01  3.52000000e-02 -2.33343984e-03 
 3.53000000e-02  3.53000000e-02  3.53000000e-02  2.04507137e-01  3.53000000e-02 -2.33343975e-03 
 3.54000000e-02  3.54000000e-02  3.54000000e-02  2.05027119e-01  3.54000000e-02 -2.33343979e-03 
 3.55000000e-02  3.55000000e-02  3.55000000e-02  2.05514293e-01  3.55000000e-02 -2.33343982e-03 
 3.56000000e-02  3.56000000e-02  3.56000000e-02  2.06040583e-01  3.56000000e-02 -2.33343984e-03 
 3.57000000e-02  3.57000000e-02  3.57000000e-02  2.06613145e-01  3.57000000e-02 -2.33343975e-03 
 3.58000000e-02  3.58000000e-02  3.58000000e-02  2.07141219e-01  3.58000000e-02 -2.33343973e-03 
 3.59000000e-02  3.59000000e-02  3.59000000e-02  2.07623021e-01  3.59000000e-02 -2.33343979e-03 
 3.60000000e-02  3.60000000e-02  3.60000000e-02  2.08150223e-01  3.60000000e-02 -2.33343979e-03 
 3.61000000e-02  3.61000000e-02  3.61000000e-02  2.08720781e-01  3.61000000e-02 -2.33343970e-03 
 3.62000000e-02  3.62000000e-02  3.62000000e-02  2.09247978e-01  3.62000000e-02 -2.33343969e-03 
 3.63000000e-02  3.63000000e-02  3.63000000e-02  2.09728904e-01  3.63000000e-02 -2.33343974e-03 
 3.64000000e-02  3.64000000e-02  3.64000000e-02  2.10255163e-01  3.64000000e-02 -2.33343974e-03 
 3.65000000e-02  3.65000000e-02  3.65000000e-02  2.10824481e-01  3.65000000e-02 -2.33343964e-03 
 3.66000000e-02  3.66000000e-02  3.66000000e-02  2.11350684e-01  3.66000000e-02 -2.33343962e-03 
 3.67000000e-02  3.67000000e-02  3.67000000e-02  2.11830784e-01  3.67000000e-02 -2.33343967e-03 
 3.68000000e-02  3.68000000e-02  3.68000000e-02  2.12356063e-01  3.68000000e-02 -2.33343966e-03 
 3.69000000e-02  3.69000000e-02  3.69000000e-02  2.12924141e-01  3.69000000e-02 -2.33343956e-03 
 3.70000000e-02  3.70000000e-02  3.70000000e-02  2.13449336e-01  3.70000000e-02 -2.33343954e-03 
 3.71000000e-02  3.71000000e-02  3.71000000e-02  2.13928602e-01  3.71000000e-02 -2.33343958e-03 
 3.72000000e-02  3.72000000e-02  3.72000000e-02  2.14452889e-01  3.72000000e-02 -2.33343957e-03 
 3.73000000e-02  3.73000000e-02  3.73000000e-02  2.15019716e-01  3.73000000e-02 -2.33343946e-03 
 3.74000000e-02  3.74000000e-02  3.74000000e-02  2.15543892e-01  3.74000000e-02 -2.33343943e-03 
 3.75000000e-02  3.75000000e-02  3.75000000e-02  2.16022315e-01  3.75000000e-02 -2.33343947e-03 
 3.76000000e-02  3.76000000e-02  3.76000000e-02  2.16592839e-01  3.76000000e-02 -2.33343936e-03 
 3.77000000e-02  3.77000000e-02  3.77000000e-02  2.17111676e-01  3.77000000e-02 -2.33343935e-03 
 3.78000000e-02  3.78000000e-02  3.78000000e-02  2.17590846e-01  3.78000000e-02 -2.33343938e-03 
 3.79000000e-02  3.79000000e-02  3.79000000e-02  2.18159446e-01  3.79000000e-02 -2.33343927e-03 
 3.80000000e-02  3.80000000e-02  3.80000000e-02  2.18677595e-01  3.80000000e-02 -2.33343925e-03 
 3.81000000e-02  3.81000000e-02  3.81000000e-02  2.19202781e-01  3.81000000e-02 -2.33343921e-03 
 3.82000000e-02  3.82000000e-02  3.82000000e-02  2.19723744e-01  3.82000000e-02 -2.33343917e-03 
 3.83000000e-02  3.83000000e-02  3.83000000e-02  2.20244898e-01  3.83000000e-02 -2.33343913e-03 
 3.84000000e-02  3.84000000e-02  3.84000000e-02  2.20765513e-01  3.84000000e-02 -2.33343909e-03 
 3.85000000e-02  3.85000000e-02  3.85000000e-02  2.21285891e-01  3.85000000e-02 -2.33343905e-03 
 3.86000000e-02  3.86000000e-02  3.86000000e-02  2.21805984e-01  3.86000000e-02 -2.33343901e-03 
 3.87000000e-02  3.87000000e-02  3.87000000e-02  2.22325812e-01  3.87000000e-02 -2.33343897e-03 
 3.88000000e-02  3.88000000e-02  3.88000000e-02  2.22845370e-01  3.88000000e-02 -2.33343893e-03 
 3.89000000e-02  3.89000000e-02  3.89000000e-02  2.23364661e-01  3.89000000e-02 -2.33343888e-03 
 3.90000000e-02  3.90000000e-02  3.90000000e-02  2.23883681e-01  3.90000000e-02 -2.33343884e-03 
 3.91000000e-02  3.91000000e-02  3.91000000e-02  2.24402432e-01  3.91000000e-02 -2.33343879e-03 
 3.92000000e-02  3.92000000e-02  3.92000000e-02  2.24920913e-01  3.92000000e-02 -2.33343874e-03 
 3.93000000e-02  3.93000000e-02  3.93000000e-02  2.25439122e-01  3.93000000e-02 -2.33343869e-03 
 3.94000000e-02  3.94000000e-02  3.94000000e-02  2.25957059e-01  3.94000000e-02 -2.33343864e-03 
 3.95000000e-02  3.95000000e-02  3.95000000e-02  2.26474723e-01  3.95000000e-02 -2.33343859e-03 
 3.96000000e-02  3.96000000e-02  3.96000000e-02  2.26992114e-01  3.96000000e-02 -2.33343854e-03 
 3.97000000e-02  3.97000000e-02  3.97000000e-02  2.27509231e-01  3.97000000e-02 -2.33343848e-03 
 3.98000000e-02  3.98000000e-02  3.98000000e-02  2.28026073e-01  3.98000000e-02 -2.33343843e-03 
 3.99000000e-02  3.99000000e-02  3.99000000e-02  2.28542640e-01  3.99000000e-02 -2.33343837e-03 
 4.00000000e-02  4.00000000e-02  4.00000000e-02  2.29058931e-01  4.00000000e-02 -2.33343831e-03 
 4.01000000e-02  4.01000000e-02  4.01000000e-02  2.29574945e-01  4.01000000e-02 -2.33343825e-03 
 4.02000000e-02  4.02000000e-02  4.02000000e-02  2.30090681e-01  4.02000000e-02 -2.33343819e-03 
 4.03000000e-02  4.03000000e-02  4.03000000e-02  2.30606139e-01  4.03000000e-02 -2.33343813e-03 
 4.04000000e-02  4.04000000e-02  4.04000000e-02  2.31121318e-01  4.04000000e-02 -2.33343807e-03 
 4.05000000e-02  4.05000000e-02  4.05000000e-02  2.31636218e-01  4.05000000e-02 -2.33343800e-03 
 4.06000000e-02  4.06000000e-02  4.06000000e-02  2.32150837e-01  4.06000000e-02 -2.33343794e-03 
 4.07000000e-02  4.07000000e-02  4.07000000e-02  2.32665175e-01  4.07000000e-02 -2.33343787e-03 
 4.08000000e-02  4.08000000e-02  4.08000000e-02  2.33179232e-01  4.08000000e-02 -2.33343780e-03 
 4.09000000e-02  4.09000000e-02  4.09000000e-02  2.33693006e-01  4.09000000e-02 -2.33343773e-03 
 4.10000000e-02  4.10000000e-02  4.10000000e-02  2.34206497e-01  4.10000000e-02 -2.33343766e-03 
 4.11000000e-02  4.11000000e-02  4.11000000e-02  2.34719704e-01  4.11000000e-02 -2.33343759e-03 
 4.12000000e-02  4.12000000e-02  4.12000000e-02  2.35232627e-01  4.12000000e-02 -2.33343752e-03 
 4.13000000e-02  4.13000000e-02  4.13000000e-02  2.35745265e-01  4.13000000e-02 -2.33343744e-03 
 4.14000000e-02  4.14000000e-02  4.14000000e-02  2.36257617e-01  4.14000000e-02 -2.33343737e-03 
 4.15000000e-02  4.15000000e-02  4.15000000e-02  2.36769682e-01  4.15000000e-02 -2.33343729e-03 
 4.16000000e-02  4.16000000e-02  4.16000000e-02  2.37281460e-01  4.16000000e-02 -2.33343721e-03 
 4.17000000e-02  4.17000000e-02  4.17000000e-02  2.37792950e-01  4.17000000e-02 -2.33343713e-03 
 4.18000000e-02  4.18000000e-02  4.18000000e-02  2.38304152e-01  4.18000000e-02 -2.33343705e-03 
 4.19000000e-02  4.19000000e-02  4.19000000e-02  2.38815064e-01  4.19000000e-02 -2.33343697e-03 
 4.20000000e-02  4.20000000e-02  4.20000000e-02  2.39325686e-01  4.20000000e-02 -2.33343688e-03 
 4.21000000e-02  4.21000000e-02  4.21000000e-02  2.39836018e-01  4.21000000e-02 -2.33343680e-03 
 4.22000000e-02  4.22000000e-02  4.22000000e-02  2.40346058e-01  4.22000000e-02 -2.33343671e-03 
 4.23000000e-02  4.23000000e-02  4.23000000e-02  2.40855806e-01  4.23000000e-02 -2.33343662e-03 
 4.24000000e-02  4.24000000e-02  4.24000000e-02  2.41365261e-01  4.24000000e-02 -2.33343653e-03 
 4.25000000e-02  4.25000000e-02  4.25000000e-02  2.41874423e-01  4.25000000e-02 -2.33343644e-03 
 4.26000000e-02  4.26000000e-02  4.26000000e-02  2.42383291e-01  4.26000000e-02 -2.33343635e-03 
 4.27000000e-02  4.27000000e-02  4.27000000e-02  2.42891864e-01  4.27000000e-02 -2.33343626e-03 
 4.28000000e-02  4.28000000e-02  4.28000000e-02  2.43400141e-01  4.28000000e-02 -2.33343616e-03 
 4.29000000e-02  4.29000000e-02  4.29000000e-02  2.43908122e-01  4.29000000e-02 -2.33343607e-03 
 4.30000000e-02  4.30000000e-02  4.30000000e-02  2.44415806e-01  4.30000000e-02 -2.33343597e-03 
 4.31000000e-02  4.31000000e-02  4.31000000e-02  2.44923193e-01  4.31000000e-02 -2.33343587e-03 
 4.32000000e-02  4.32000000e-02  4.32000000e-02  2.45430281e-01  4.32000000e-02 -2.33343577e-03 
 4.33000000e-02  4.33000000e-02  4.33000000e-02  2.45937070e-01  4.33000000e-02 -2.33343567e-03 
 4.34000000e-02  4.34000000e-02  4.34000000e-02  2.46443559e-01  4.34000000e-02 -2.33343556e-03 
 4.35000000e-02  4.35000000e-02  4.35000000e-02  2.46949748e-01  4.35000000e-02 -2.33343546e-03 
 4.36000000e-02  4.36000000e-02  4.36000000e-02  2.47455636e-01  4.36000000e-02 -2.33343535e-03 
 4.37000000e-02  4.37000000e-02  4.37000000e-02  2.47961223e-01  4.37000000e-02 -2.33343525e-03 
 4.38000000e-02  4.38000000e-02  4.38000000e-02  2.48466506e-01  4.38000000e-02 -2.33343514e-03 
 4.39000000e-02  4.39000000e-02  4.39000000e-02  2.48971487e-01  4.39000000e-02 -2.33343503e-03 
 4.40000000e-02  4.40000000e-02  4.40000000e-02  2.49476164e-01  4.40000000e-02 -2.33343492e-03 
 4.41000000e-02  4.41000000e-02  4.41000000e-02  2.49980536e-01  4.41000000e-02 -2.33343480e-03 
 4.42000000e-02  4.42000000e-02  4.42000000e-02  2.50484603e-01  4.42000000e-02 -2.33343469e-03 
 4.43000000e-02  4.43000000e-02  4.43000000e-02  2.50988364e-01  4.43000000e-02 -2.33343457e-03 
 4.44000000e-02  4.44000000e-02  4.44000000e-02  2.51491818e-01  4.44000000e-02 -2.33343445e-03 
 4.45000000e-02  4.45000000e-02  4.45000000e-02  2.51994965e-01  4.45000000e-02 -2.33343434e-03 
 4.46000000e-02  4.46000000e-02  4.46000000e-02  2.52497804e-01  4.46000000e-02 -2.33343422e-03 
 4.47000000e-02  4.47000000e-02  4.47000000e-02  2.53000335e-01  4.47000000e-02 -2.33343409e-03 
 4.48000000e-02  4.48000000e-02  4.48000000e-02  2.53502556e-01  4.48000000e-02 -2.33343397e-03 
 4.49000000e-02  4.49000000e-02  4.49000000e-02  2.54004467e-01  4.49000000e-02 -2.33343385e-03 
 4.50000000e-02  4.50000000e-02  4.50000000e-02  2.54506067e-01  4.50000000e-02 -2.33343372e-03 
 4.51000000e-02  4.51000000e-02  4.51000000e-02  2.55007356e-01  4.51000000e-02 -2.33343359e-03 
 4.52000000e-02  4.52000000e-02  4.52000000e-02  2.55508333e-01  4.52000000e-02 -2.33343346e-03 
 4.53000000e-02  4.53000000e-02  4.53000000e-02  2.56008996e-01  4.53000000e-02 -2.33343333e-03 
 4.54000000e-02  4.54000000e-02  4.54000000e-02  2.56509347e-01  4.54000000e-02 -2.33343320e-03 
 4.55000000e-02  4.55000000e-02  4.55000000e-02  2.57021178e-01  4.55000000e-02 -2.33343303e-03 
 4.56000000e-02  4.56000000e-02  4.56000000e-02  2.57520921e-01  4.56000000e-02 -2.33343290e-03 
 4.57000000e-02  4.57000000e-02  4.57000000e-02  2.58020524e-01  4.57000000e-02 -2.33343276e-03 
 4.58000000e-02  4.58000000e-02  4.58000000e-02  2.58519592e-01  4.58000000e-02 -2.33343262e-03 
 4.59000000e-02  4.59000000e-02  4.59000000e-02  2.59018346e-01  4.59000000e-02 -2.33343248e-03 
 4.60000000e-02  4.60000000e-02  4.60000000e-02  2.59516778e-01  4.60000000e-02 -2.33343234e-03 
 4.61000000e-02  4.61000000e-02  4.61000000e-02  2.60014892e-01  4.61000000e-02 -2.33343220e-03 
 4.62000000e-02  4.62000000e-02  4.62000000e-02  2.60512687e-01  4.62000000e-02 -2.33343205e-03 
 4.63000000e-02  4.63000000e-02  4.63000000e-02  2.61010162e-01  4.63000000e-02 -2.33343191e-03 
 4.64000000e-02  4.64000000e-02  4.64000000e-02  2.61507316e-01  4.64000000e-02 -2.33343176e-03 
 4.65000000e-02  4.65000000e-02  4.65000000e-02  2.62004150e-01  4.65000000e-02 -2.33343161e-03 
 4.66000000e-02  4.66000000e-02  4.66000000e-02  2.62500661e-01  4.66000000e-02 -2.33343146e-03 
 4.67000000e-02  4.67000000e-02  4.67000000e-02  2.62996850e-01  4.67000000e-02 -2.33343131e-03 
 4.68000000e-02  4.68000000e-02  4.68000000e-02  2.63492716e-01  4.68000000e-02 -2.33343116e-03 
 4.69000000e-02  4.69000000e-02  4.69000000e-02  2.63988258e-01  4.69000000e-02 -2.33343100e-03 
 4.70000000e-02  4.70000000e-02  4.70000000e-02  2.64483476e-01  4.70000000e-02 -2.33343085e-03 
 4.71000000e-02  4.71000000e-02  4.71000000e-02  2.64978368e-01  4.71000000e-02 -2.33343069e-03 
 4.72000000e-02  4.72000000e-02  4.72000000e-02  2.65472935e-01  4.72000000e-02 -2.33343053e-03 
 4.73000000e-02  4.73000000e-02  4.73000000e-02  2.65970178e-01  4.73000000e-02 -2.33343036e-03 
 4.74000000e-02  4.74000000e-02  4.74000000e-02  2.66464087e-01  4.74000000e-02 -2.33343020e-03 
 4.75000000e-02  4.75000000e-02  4.75000000e-02  2.66957680e-01  4.75000000e-02 -2.33343004e-03 
 4.76000000e-02  4.76000000e-02  4.76000000e-02  2.67450929e-01  4.76000000e-02 -2.33342987e-03 
 4.77000000e-02  4.77000000e-02  4.77000000e-02  2.67943848e-01  4.77000000e-02 -2.33342970e-03 
 4.78000000e-02  4.78000000e-02  4.78000000e-02  2.68437253e-01  4.78000000e-02 -2.33342953e-03 
 4.79000000e-02  4.79000000e-02  4.79000000e-02  2.68929509e-01  4.79000000e-02 -2.33342936e-03 
 4.80000000e-02  4.80000000e-02  4.80000000e-02  2.69420629e-01  4.80000000e-02 -2.33342919e-03 
 4.81000000e-02  4.81000000e-02  4.81000000e-02  2.69912223e-01  4.81000000e-02 -2.33342902e-03 
 4.82000000e-02  4.82000000e-02  4.82000000e-02  2.70403482e-01  4.82000000e-02 -2.33342885e-03 
 4.83000000e-02  4.83000000e-02  4.83000000e-02  2.70894411e-01  4.83000000e-02 -2.33342867e-03 
 4.84000000e-02  4.84000000e-02  4.84000000e-02  2.71382124e-01  4.84000000e-02 -2.33342850e-03 
 4.85000000e-02  4.85000000e-02  4.85000000e-02  2.71872381e-01  4.85000000e-02 -2.33342832e-03 
 4.86000000e-02  4.86000000e-02  4.86000000e-02  2.72362260e-01  4.86000000e-02 -2.33342814e-03 
 4.87000000e-02  4.87000000e-02  4.87000000e-02  2.72851855e-01  4.87000000e-02 -2.33342796e-03 
 4.88000000e-02  4.88000000e-02  4.88000000e-02  2.73341113e-01  4.88000000e-02 -2.33342777e-03 
 4.89000000e-02  4.89000000e-02  4.89000000e-02  2.73830034e-01  4.89000000e-02 -2.33342759e-03 
 4.90000000e-02  4.90000000e-02  4.90000000e-02  2.74318617e-01  4.90000000e-02 -2.33342740e-03 
 4.91000000e-02  4.91000000e-02  4.91000000e-02  2.74806861e-01  4.91000000e-02 -2.33342721e-03 
 4.92000000e-02  4.92000000e-02  4.92000000e-02  2.75294765e-01  4.92000000e-02 -2.33342702e-03 
 4.93000000e-02  4.93000000e-02  4.93000000e-02  2.75782329e-01  4.93000000e-02 -2.33342683e-03 
 4.94000000e-02  4.94000000e-02  4.94000000e-02  2.76269552e-01  4.94000000e-02 -2.33342663e-03 
 4.95000000e-02  4.95000000e-02  4.95000000e-02  2.76756433e-01  4.95000000e-02 -2.33342644e-03 
 4.96000000e-02  4.96000000e-02  4.96000000e-02  2.77242972e-01  4.96000000e-02 -2.33342624e-03 
 4.97000000e-02  4.97000000e-02  4.97000000e-02  2.77729168e-01  4.97000000e-02 -2.33342604e-03 
 4.98000000e-02  4.98000000e-02  4.98000000e-02  2.78215021e-01  4.98000000e-02 -2.33342584e-03 
 4.99000000e-02  4.99000000e-02  4.99000000e-02  2.78690322e-01  4.99000000e-02 -2.33342567e-03 
 5.00000000e-02  5.00000000e-02  5.00000000e-02  2.79175364e-01  5.00000000e-02 -2.33342547e-03 
 5.01000000e-02  5.01000000e-02  5.01000000e-02  2.79659565e-01  5.01000000e-02 -2.33342527e-03 
 5.02000000e-02  5.02000000e-02  5.02000000e-02  2.80144040e-01  5.02000000e-02 -2.33342506e-03 
 5.03000000e-02  5.03000000e-02  5.03000000e-02  2.80628147e-01  5.03000000e-02 -2.33342485e-03 
 5.04000000e-02  5.04000000e-02  5.04000000e-02  2.81111945e-01  5.04000000e-02 -2.33342464e-03 
 5.05000000e-02  5.05000000e-02  5.05000000e-02  2.81595393e-01  5.05000000e-02 -2.33342443e-03 
 5.06000000e-02  5.06000000e-02  5.06000000e-02  2.82078495e-01  5.06000000e-02 -2.33342422e-03 
 5.07000000e-02  5.07000000e-02  5.07000000e-02  2.82561247e-01  5.07000000e-02 -2.33342400e-03 
 5.08000000e-02  5.08000000e-02  5.08000000e-02  2.83043649e-01  5.08000000e-02 -2.33342379e-03 
 5.09000000e-02  5.09000000e-02  5.09000000e-02  2.83525699e-01  5.09000000e-02 -2.33342357e-03 
 5.10000000e-02  5.10000000e-02  5.10000000e-02  2.84007398e-01  5.10000000e-02 -2.33342335e-03 
 5.11000000e-02  5.11000000e-02  5.11000000e-02  2.84488745e-01  5.11000000e-02 -2.33342313e-03 
 5.12000000e-02  5.12000000e-02  5.12000000e-02  2.84969738e-01  5.12000000e-02 -2.33342291e-03 
 5.13000000e-02  5.13000000e-02  5.13000000e-02  2.85450377e-01  5.13000000e-02 -2.33342268e-03 
 5.14000000e-02  5.14000000e-02  5.14000000e-02  2.85930662e-01  5.14000000e-02 -2.33342246e-03 
 5.15000000e-02  5.15000000e-02  5.15000000e-02  2.86410592e-01  5.15000000e-02 -2.33342223e-03 
 5.16000000e-02  5.16000000e-02  5.16000000e-02  2.86890166e-01  5.16000000e-02 -2.33342200e-03 
 5.17000000e-02  5.17000000e-02  5.17000000e-02  2.87369383e-01  5.17000000e-02 -2.33342177e-03 
 5.18000000e-02  5.18000000e-02  5.18000000e-02  2.87848243e-01  5.18000000e-02 -2.33342153e-03 
 5.19000000e-02  5.19000000e-02  5.19000000e-02  2.88326746e-01  5.19000000e-02 -2.33342130e-03 
 5.20000000e-02  5.20000000e-02  5.20000000e-02  2.88804889e-01  5.20000000e-02 -2.33342106e-03 
 5.21000000e-02  5.21000000e-02  5.21000000e-02  2.89282674e-01  5.21000000e-02 -2.33342083e-03 
 5.22000000e-02  5.22000000e-02  5.22000000e-02  2.89760099e-01  5.22000000e-02 -2.33342059e-03 
 5.23000000e-02  5.23000000e-02  5.23000000e-02  2.90237163e-01  5.23000000e-02 -2.33342035e-03 
 5.24000000e-02  5.24000000e-02  5.24000000e-02  2.90713866e-01  5.24000000e-02 -2.33342010e-03 
 5.25000000e-02  5.25000000e-02  5.25000000e-02  2.91190207e-01  5.25000000e-02 -2.33341986e-03 
 5.26000000e-02  5.26000000e-02  5.26000000e-02  2.91666186e-01  5.26000000e-02 -2.33341961e-03 
 5.27000000e-02  5.27000000e-02  5.27000000e-02  2.92141801e-01  5.27000000e-02 -2.33341937e-03 
 5.28000000e-02  5.28000000e-02  5.28000000e-02  2.92617052e-01  5.28000000e-02 -2.33341912e-03 
 5.29000000e-02  5.29000000e-02  5.29000000e-02  2.93091939e-01  5.29000000e-02 -2.33341887e-03 
 5.30000000e-02  5.30000000e-02  5.30000000e-02  2.93566461e-01  5.30000000e-02 -2.33341861e-03 
 5.31000000e-02  5.31000000e-02  5.31000000e-02  2.94040617e-01  5.31000000e-02 -2.33341836e-03 
 5.32000000e-02  5.32000000e-02  5.32000000e-02  2.94514406e-01  5.32000000e-02 -2.33341810e-03 
 5.33000000e-02  5.33000000e-02  5.33000000e-02  2.94987828e-01  5.33000000e-02 -2.33341784e-03 
 5.34000000e-02  5.34000000e-02  5.34000000e-02  2.95460882e-01  5.34000000e-02 -2.33341759e-03 
 5.35000000e-02  5.35000000e-02  5.35000000e-02  2.95933567e-01  5.35000000e-02 -2.33341732e-03 
 5.36000000e-02  5.36000000e-02  5.36000000e-02  2.96405884e-01  5.36000000e-02 -2.33341706e-03 
 5.37000000e-02  5.37000000e-02  5.37000000e-02  2.96877830e-01  5.37000000e-02 -2.33341680e-03 
 5.38000000e-02  5.38000000e-02  5.38000000e-02  2.97349406e-01  5.38000000e-02 -2.33341653e-03 
 5.39000000e-02  5.39000000e-02  5.39000000e-02  2.97820611e-01  5.39000000e-02 -2.33341626e-03 
 5.40000000e-02  5.40000000e-02  5.40000000e-02  2.98291444e-01  5.40000000e-02 -2.33341599e-03 
 5.41000000e-02  5.41000000e-02  5.41000000e-02  2.98761904e-01  5.41000000e-02 -2.33341572e-03 
 5.42000000e-02  5.42000000e-02  5.42000000e-02  2.99231991e-01  5.42000000e-02 -2.33341545e-03 
 5.43000000e-02  5.43000000e-02  5.43000000e-02  2.99664886e-01  5.43000000e-02 -2.33341528e-03 
 5.44000000e-02  5.44000000e-02  5.44000000e-02  3.00171312e-01  5.44000000e-02 -2.33341489e-03 
 5.45000000e-02  5.45000000e-02  5.45000000e-02  3.00637100e-01  5.45000000e-02 -2.33341464e-03 
 5.46000000e-02  5.46000000e-02  5.46000000e-02  3.01071802e-01  5.46000000e-02 -2.33341445e-03 
 5.47000000e-02  5.47000000e-02  5.47000000e-02  3.01541156e-01  5.47000000e-02 -2.33341418e-03 
 5.48000000e-02  5.48000000e-02  5.48000000e-02  3.02041294e-01  5.48000000e-02 -2.33341379e-03 
 5.49000000e-02  5.49000000e-02  5.49000000e-02  3.02509883e-01  5.49000000e-02 -2.33341350e-03 
 5.50000000e-02  5.50000000e-02  5.50000000e-02  3.02941978e-01  5.50000000e-02 -2.33341332e-03 
 5.51000000e-02  5.51000000e-02  5.51000000e-02  3.03410639e-01  5.51000000e-02 -2.33341304e-03 
 5.52000000e-02  5.52000000e-02  5.52000000e-02  3.03908822e-01  5.52000000e-02 -2.33341265e-03 
 5.53000000e-02  5.53000000e-02  5.53000000e-02  3.04333742e-01  5.53000000e-02 -2.33341247e-03 
 5.54000000e-02  5.54000000e-02  5.54000000e-02  3.04809016e-01  5.54000000e-02 -2.33341217e-03 
 5.55000000e-02  5.55000000e-02  5.55000000e-02  3.05304687e-01  5.55000000e-02 -2.33341177e-03 
 5.56000000e-02  5.56000000e-02  5.56000000e-02  3.05730298e-01  5.56000000e-02 -2.33341159e-03 
 5.57000000e-02  5.57000000e-02  5.57000000e-02  3.06202971e-01  5.57000000e-02 -2.33341128e-03 
 5.58000000e-02  5.58000000e-02  5.58000000e-02  3.06651268e-01  5.58000000e-02 -2.33341101e-03 
 5.59000000e-02  5.59000000e-02  5.59000000e-02  3.07164489e-01  5.59000000e-02 -2.33341055e-03 
 5.60000000e-02  5.60000000e-02  5.60000000e-02  3.07576235e-01  5.60000000e-02 -2.33341040e-03 
 5.61000000e-02  5.61000000e-02  5.61000000e-02  3.08093078e-01  5.61000000e-02 -2.33340993e-03 
 5.62000000e-02  5.62000000e-02  5.62000000e-02  3.08499149e-01  5.62000000e-02 -2.33340980e-03 
 5.63000000e-02  5.63000000e-02  5.63000000e-02  3.09018165e-01  5.63000000e-02 -2.33340931e-03 
 5.64000000e-02  5.64000000e-02  5.64000000e-02  3.09420987e-01  5.64000000e-02 -2.33340918e-03 
 5.65000000e-02  5.65000000e-02  5.65000000e-02  3.09941478e-01  5.65000000e-02 -2.33340869e-03 
 5.66000000e-02  5.66000000e-02  5.66000000e-02  3.10341841e-01  5.66000000e-02 -2.33340856e-03 
 5.67000000e-02  5.67000000e-02  5.67000000e-02  3.10863149e-01  5.67000000e-02 -2.33340806e-03 
 5.68000000e-02  5.68000000e-02  5.68000000e-02  3.11261582e-01  5.68000000e-02 -2.33340793e-03 
 5.69000000e-02  5.69000000e-02  5.69000000e-02  3.11783204e-01  5.69000000e-02 -2.33340742e-03 
 5.70000000e-02  5.70000000e-02  5.70000000e-02  3.12180082e-01  5.70000000e-02 -2.33340730e-03 
 5.71000000e-02  5.71000000e-02  5.71000000e-02  3.12701654e-01  5.71000000e-02 -2.33340678e-03 
 5.72000000e-02  5.72000000e-02  5.72000000e-02  3.13097241e-01  5.72000000e-02 -2.33340665e-03 
 5.73000000e-02  5.73000000e-02  5.73000000e-02  3.13618507e-01  5.73000000e-02 -2.33340613e-03 
 5.74000000e-02  5.74000000e-02  5.74000000e-02  3.14012988e-01  5.74000000e-02 -2.33340600e-03 
 5.75000000e-02  5.75000000e-02  5.75000000e-02  3.14533764e-01  5.75000000e-02 -2.33340547e-03 
 5.76000000e-02  5.76000000e-02  5.76000000e-02  3.14927270e-01  5.76000000e-02 -2.33340535e-03 
 5.77000000e-02  5.77000000e-02  5.77000000e-02  3.15447426e-01  5.77000000e-02 -2.33340481e-03 
 5.78000000e-02  5.78000000e-02  5.78000000e-02  3.15840049e-01  5.78000000e-02 -2.33340468e-03 
 5.79000000e-02  5.79000000e-02  5.79000000e-02  3.16359492e-01  5.79000000e-02 -2.33340414e-03 
 5.80000000e-02  5.80000000e-02  5.80000000e-02  3.16751295e-01  5.80000000e-02 -2.33340401e-03 
 5.81000000e-02  5.81000000e-02  5.81000000e-02  3.17269960e-01  5.81000000e-02 -2.33340347e-03 
 5.82000000e-02  5.82000000e-02  5.82000000e-02  3.17660987e-01  5.82000000e-02 -2.33340333e-03 
 5.83000000e-02  5.83000000e-02  5.83000000e-02  3.18178827e-01  5.83000000e-02 -2.33340278e-03 
 5.84000000e-02  5.84000000e-02  5.84000000e-02  3.18569108e-01  5.84000000e-02 -2.33340265e-03 
 5.85000000e-02  5.85000000e-02  5.85000000e-02  3.19086088e-01  5.85000000e-02 -2.33340209e-03 
 5.86000000e-02  5.86000000e-02  5.86000000e-02  3.19475645e-01  5.86000000e-02 -2.33340196e-03 
 5.87000000e-02  5.87000000e-02  5.87000000e-02  3.19991740e-01  5.87000000e-02 -2.33340140e-03 
 5.88000000e-02  5.88000000e-02  5.88000000e-02  3.20380587e-01  5.88000000e-02 -2.33340126e-03 
 5.89000000e-02  5.89000000e-02  5.89000000e-02  3.20895779e-01  5.89000000e-02 -2.33340070e-03 
 5.90000000e-02  5.90000000e-02  5.90000000e-02  3.21283925e-01  5.90000000e-02 -2.33340056e-03 
 5.91000000e-02  5.91000000e-02  5.91000000e-02  3.21798199e-01  5.91000000e-02 -2.33339999e-03 
 5.92000000e-02  5.92000000e-02  5.92000000e-02  3.22185651e-01  5.92000000e-02 -2.33339984e-03 
 5.93000000e-02  5.93000000e-02  5.93000000e-02  3.22698997e-01  5.93000000e-02 -2.33339927e-03 
 5.94000000e-02  5.94000000e-02  5.94000000e-02  3.23085758e-01  5.94000000e-02 -2.33339913e-03 
 5.95000000e-02  5.95000000e-02  5.95000000e-02  3.23598166e-01  5.95000000e-02 -2.33339855e-03 
 5.96000000e-02  5.96000000e-02  5.96000000e-02  3.23984240e-01  5.96000000e-02 -2.33339840e-03 
 5.97000000e-02  5.97000000e-02  5.97000000e-02  3.24495703e-01  5.97000000e-02 -2.33339782e-03 
 5.98000000e-02  5.98000000e-02  5.98000000e-02  3.24881090e-01  5.98000000e-02 -2.33339767e-03 
 5.99000000e-02  5.99000000e-02  5.99000000e-02  3.25391603e-01  5.99000000e-02 -2.33339708e-03 
 6.00000000e-02  6.00000000e-02  6.00000000e-02  3.25776303e-01  6.00000000e-02 -2.33339693e-03 
