-6.00000000e-02 -6.00000000e-02 -6.00000000e-02 -2.84533882e-01 -6.00000000e-02 -2.32880322e-03 
-5.99000000e-02 -5.99000000e-02 -5.99000000e-02 -2.84083395e-01 -5.99000000e-02 -2.32880371e-03 
-5.98000000e-02 -5.98000000e-02 -5.98000000e-02 -2.83626848e-01 -5.98000000e-02 -2.32880422e-03 
-5.97000000e-02 -5.97000000e-02 -5.97000000e-02 -2.83166017e-01 -5.97000000e-02 -2.32880474e-03 
-5.96000000e-02 -5.96000000e-02 -5.96000000e-02 -2.82704385e-01 -5.96000000e-02 -2.32880527e-03 
-5.95000000e-02 -5.95000000e-02 -5.95000000e-02 -2.82242163e-01 -5.95000000e-02 -2.32880579e-03 
-5.94000000e-02 -5.94000000e-02 -5.94000000e-02 -2.81779592e-01 -5.94000000e-02 -2.32880632e-03 
-5.93000000e-02 -5.93000000e-02 -5.93000000e-02 -2.81316692e-01 -5.93000000e-02 -2.32880684e-03 
-5.92000000e-02 -5.92000000e-02 -5.92000000e-02 -2.80853481e-01 -5.92000000e-02 -2.32880735e-03 
-5.91000000e-02 -5.91000000e-02 -5.91000000e-02 -2.80389960e-01 -5.91000000e-02 -2.32880787e-03 
-5.90000000e-02 -5.90000000e-02 -5.90000000e-02 -2.79926132e-01 -5.90000000e-02 -2.32880839e-03 
-5.89000000e-02 -5.89000000e-02 -5.89000000e-02 -2.79461996e-01 -5.89000000e-02 -2.32880890e-03 
-5.88000000e-02 -5.88000000e-02 -5.88000000e-02 -2.78997555e-01 -5.88000000e-02 -2.32880941e-03 
-5.87000000e-02 -5.87000000e-02 -5.87000000e-02 -2.78532808e-01 -5.87000000e-02 -2.32880992e-03 
-5.86000000e-02 -5.86000000e-02 -5.86000000e-02 -2.78055534e-01 -5.86000000e-02 -2.32881048e-03 
-5.85000000e-02 -5.85000000e-02 -5.85000000e-02 -2.77590124e-01 -5.85000000e-02 -2.32881098e-03 
-5.84000000e-02 -5.84000000e-02 -5.84000000e-02 -2.77124183e-01 -5.84000000e-02 -2.32881149e-03 
-5.83000000e-02 -5.83000000e-02 -5.83000000e-02 -2.76658195e-01 -5.83000000e-02 -2.32881199e-03 
-5.82000000e-02 -5.82000000e-02 -5.82000000e-02 -2.76191900e-01 -5.82000000e-02 -2.32881249e-03 
-5.81000000e-02 -5.81000000e-02 -5.81000000e-02 -2.75725308e-01 -5.81000000e-02 -2.32881299e-03 
-5.80000000e-02 -5.80000000e-02 -5.80000000e-02 -2.75258415e-01 -5.80000000e-02 -2.32881348e-03 
-5.79000000e-02 -5.79000000e-02 -5.79000000e-02 -2.74791221e-01 -5.79000000e-02 -2.32881398e-03 
-5.78000000e-02 -5.78000000e-02 -5.78000000e-02 -2.74323728e-01 -5.78000000e-02 -2.32881447e-03 
-5.77000000e-02 -5.77000000e-02 -5.77000000e-02 -2.73855935e-01 -5.77000000e-02 -2.32881496e-03 
-5.76000000e-02 -5.76000000e-02 -5.76000000e-02 -2.73387842e-01 -5.76000000e-02 -2.32881545e-03 
-5.75000000e-02 -5.75000000e-02 -5.75000000e-02 -2.72919452e-01 -5.75000000e-02 -2.32881594e-03 
-5.74000000e-02 -5.74000000e-02 -5.74000000e-02 -2.72450764e-01 -5.74000000e-02 -2.32881642e-03 
-5.73000000e-02 -5.73000000e-02 -5.73000000e-02 -2.71981778e-01 -5.73000000e-02 -2.32881691e-03 
-5.72000000e-02 -5.72000000e-02 -5.72000000e-02 -2.71512496e-01 -5.72000000e-02 -2.32881739e-03 
-5.71000000e-02 -5.71000000e-02 -5.71000000e-02 -2.71042918e-01 -5.71000000e-02 -2.32881787e-03 
-5.70000000e-02 -5.70000000e-02 -5.70000000e-02 -2.70573045e-01 -5.70000000e-02 -2.32881835e-03 
-5.69000000e-02 -5.69000000e-02 -5.69000000e-02 -2.70102877e-01 -5.69000000e-02 -2.32881883e-03 
-5.68000000e-02 -5.68000000e-02 -5.68000000e-02 -2.69632415e-01 -5.68000000e-02 -2.32881930e-03 
-5.67000000e-02 -5.67000000e-02 -5.67000000e-02 -2.69158223e-01 -5.67000000e-02 -2.32881978e-03 
-5.66000000e-02 -5.66000000e-02 -5.66000000e-02 -2.68687165e-01 -5.66000000e-02 -2.32882026e-03 
-5.65000000e-02 -5.65000000e-02 -5.65000000e-02 -2.68215795e-01 -5.65000000e-02 -2.32882072e-03 
-5.64000000e-02 -5.64000000e-02 -5.64000000e-02 -2.67744154e-01 -5.64000000e-02 -2.32882119e-03 
-5.63000000e-02 -5.63000000e-02 -5.63000000e-02 -2.67272223e-01 -5.63000000e-02 -2.32882166e-03 
-5.62000000e-02 -5.62000000e-02 -5.62000000e-02 -2.66799014e-01 -5.62000000e-02 -2.32882213e-03 
-5.61000000e-02 -5.61000000e-02 -5.61000000e-02 -2.66326499e-01 -5.61000000e-02 -2.32882259e-03 
-5.60000000e-02 -5.60000000e-02 -5.60000000e-02 -2.65853693e-01 -5.60000000e-02 -2.32882305e-03 
-5.59000000e-02 -5.59000000e-02 -5.59000000e-02 -2.65381590e-01 -5.59000000e-02 -2.32882350e-03 
-5.58000000e-02 -5.58000000e-02 -5.58000000e-02 -2.64908212e-01 -5.58000000e-02 -2.32882396e-03 
-5.57000000e-02 -5.57000000e-02 -5.57000000e-02 -2.64434552e-01 -5.57000000e-02 -2.32882442e-03 
-5.56000000e-02 -5.56000000e-02 -5.56000000e-02 -2.63960599e-01 -5.56000000e-02 -2.32882487e-03 
-5.55000000e-02 -5.55000000e-02 -5.55000000e-02 -2.63486360e-01 -5.55000000e-02 -2.32882532e-03 
-5.54000000e-02 -5.54000000e-02 -5.54000000e-02 -2.63015305e-01 -5.54000000e-02 -2.32882576e-03 
-5.53000000e-02 -5.53000000e-02 -5.53000000e-02 -2.62540508e-01 -5.53000000e-02 -2.32882621e-03 
-5.52000000e-02 -5.52000000e-02 -5.52000000e-02 -2.62065499e-01 -5.52000000e-02 -2.32882665e-03 
-5.51000000e-02 -5.51000000e-02 -5.51000000e-02 -2.61590127e-01 -5.51000000e-02 -2.32882710e-03 
-5.50000000e-02 -5.50000000e-02 -5.50000000e-02 -2.61114474e-01 -5.50000000e-02 -2.32882754e-03 
-5.49000000e-02 -5.49000000e-02 -5.49000000e-02 -2.60638536e-01 -5.49000000e-02 -2.32882798e-03 
-5.48000000e-02 -5.48000000e-02 -5.48000000e-02 -2.60162316e-01 -5.48000000e-02 -2.32882842e-03 
-5.47000000e-02 -5.47000000e-02 -5.47000000e-02 -2.59685815e-01 -5.47000000e-02 -2.32882886e-03 
-5.46000000e-02 -5.46000000e-02 -5.46000000e-02 -2.59209032e-01 -5.46000000e-02 -2.32882930e-03 
-5.45000000e-02 -5.45000000e-02 -5.45000000e-02 -2.58731969e-01 -5.45000000e-02 -2.32882973e-03 
-5.44000000e-02 -5.44000000e-02 -5.44000000e-02 -2.58254626e-01 -5.44000000e-02 -2.32883016e-03 
-5.43000000e-02 -5.43000000e-02 -5.43000000e-02 -2.57777004e-01 -5.43000000e-02 -2.32883059e-03 
-5.42000000e-02 -5.42000000e-02 -5.42000000e-02 -2.57299103e-01 -5.42000000e-02 -2.32883102e-03 
-5.41000000e-02 -5.41000000e-02 -5.41000000e-02 -2.56820924e-01 -5.41000000e-02 -2.32883145e-03 
-5.40000000e-02 -5.40000000e-02 -5.40000000e-02 -2.56342468e-01 -5.40000000e-02 -2.32883187e-03 
-5.39000000e-02 -5.39000000e-02 -5.39000000e-02 -2.55863735e-01 -5.39000000e-02 -2.32883230e-03 
-5.38000000e-02 -5.38000000e-02 -5.38000000e-02 -2.55384726e-01 -5.38000000e-02 -2.32883272e-03 
-5.37000000e-02 -5.37000000e-02 -5.37000000e-02 -2.54905441e-01 -5.37000000e-02 -2.32883314e-03 
-5.36000000e-02 -5.36000000e-02 -5.36000000e-02 -2.54425881e-01 -5.36000000e-02 -2.32883356e-03 
-5.35000000e-02 -5.35000000e-02 -5.35000000e-02 -2.53946047e-01 -5.35000000e-02 -2.32883398e-03 
-5.34000000e-02 -5.34000000e-02 -5.34000000e-02 -2.53478513e-01 -5.34000000e-02 -2.32883435e-03 
-5.33000000e-02 -5.33000000e-02 -5.33000000e-02 -2.52998250e-01 -5.33000000e-02 -2.32883476e-03 
-5.32000000e-02 -5.32000000e-02 -5.32000000e-02 -2.52518594e-01 -5.32000000e-02 -2.32883517e-03 
-5.31000000e-02 -5.31000000e-02 -5.31000000e-02 -2.52037707e-01 -5.31000000e-02 -2.32883558e-03 
-5.30000000e-02 -5.30000000e-02 -5.30000000e-02 -2.51556608e-01 -5.30000000e-02 -2.32883599e-03 
-5.29000000e-02 -5.29000000e-02 -5.29000000e-02 -2.51075165e-01 -5.29000000e-02 -2.32883639e-03 
-5.28000000e-02 -5.28000000e-02 -5.28000000e-02 -2.50593455e-01 -5.28000000e-02 -2.32883680e-03 
-5.27000000e-02 -5.27000000e-02 -5.27000000e-02 -2.50111470e-01 -5.27000000e-02 -2.32883720e-03 
-5.26000000e-02 -5.26000000e-02 -5.26000000e-02 -2.49629216e-01 -5.26000000e-02 -2.32883760e-03 
-5.25000000e-02 -5.25000000e-02 -5.25000000e-02 -2.49146692e-01 -5.25000000e-02 -2.32883800e-03 
-5.24000000e-02 -5.24000000e-02 -5.24000000e-02 -2.48663901e-01 -5.24000000e-02 -2.32883840e-03 
-5.23000000e-02 -5.23000000e-02 -5.23000000e-02 -2.48180843e-01 -5.23000000e-02 -2.32883880e-03 
-5.22000000e-02 -5.22000000e-02 -5.22000000e-02 -2.47697518e-01 -5.22000000e-02 -2.32883919e-03 
-5.21000000e-02 -5.21000000e-02 -5.21000000e-02 -2.47213927e-01 -5.21000000e-02 -2.32883959e-03 
-5.20000000e-02 -5.20000000e-02 -5.20000000e-02 -2.46730070e-01 -5.20000000e-02 -2.32883998e-03 
-5.19000000e-02 -5.19000000e-02 -5.19000000e-02 -2.46245949e-01 -5.19000000e-02 -2.32884037e-03 
-5.18000000e-02 -5.18000000e-02 -5.18000000e-02 -2.45761563e-01 -5.18000000e-02 -2.32884076e-03 
-5.17000000e-02 -5.17000000e-02 -5.17000000e-02 -2.45276913e-01 -5.17000000e-02 -2.32884114e-03 
-5.16000000e-02 -5.16000000e-02 -5.16000000e-02 -2.44792001e-01 -5.16000000e-02 -2.32884153e-03 
-5.15000000e-02 -5.15000000e-02 -5.15000000e-02 -2.44306825e-01 -5.15000000e-02 -2.32884191e-03 
-5.14000000e-02 -5.14000000e-02 -5.14000000e-02 -2.43821388e-01 -5.14000000e-02 -2.32884230e-03 
-5.13000000e-02 -5.13000000e-02 -5.13000000e-02 -2.43335690e-01 -5.13000000e-02 -2.32884268e-03 
-5.12000000e-02 -5.12000000e-02 -5.12000000e-02 -2.42849730e-01 -5.12000000e-02 -2.32884305e-03 
-5.11000000e-02 -5.11000000e-02 -5.11000000e-02 -2.42363511e-01 -5.11000000e-02 -2.32884343e-03 
-5.10000000e-02 -5.10000000e-02 -5.10000000e-02 -2.41877032e-01 -5.10000000e-02 -2.32884381e-03 
-5.09000000e-02 -5.09000000e-02 -5.09000000e-02 -2.41390294e-01 -5.09000000e-02 -2.32884418e-03 
-5.08000000e-02 -5.08000000e-02 -5.08000000e-02 -2.40903298e-01 -5.08000000e-02 -2.32884455e-03 
-5.07000000e-02 -5.07000000e-02 -5.07000000e-02 -2.40416044e-01 -5.07000000e-02 -2.32884492e-03 
-5.06000000e-02 -5.06000000e-02 -5.06000000e-02 -2.39928532e-01 -5.06000000e-02 -2.32884529e-03 
-5.05000000e-02 -5.05000000e-02 -5.05000000e-02 -2.39440765e-01 -5.05000000e-02 -2.32884566e-03 
-5.04000000e-02 -5.04000000e-02 -5.04000000e-02 -2.38952741e-01 -5.04000000e-02 -2.32884603e-03 
-5.03000000e-02 -5.03000000e-02 -5.03000000e-02 -2.38464462e-01 -5.03000000e-02 -2.32884639e-03 
-5.02000000e-02 -5.02000000e-02 -5.02000000e-02 -2.37975928e-01 -5.02000000e-02 -2.32884675e-03 
-5.01000000e-02 -5.01000000e-02 -5.01000000e-02 -2.37487140e-01 -5.01000000e-02 -2.32884711e-03 
-5.00000000e-02 -5.00000000e-02 -5.00000000e-02 -2.36998098e-01 -5.00000000e-02 -2.32884747e-03 
-4.99000000e-02 -4.99000000e-02 -4.99000000e-02 -2.36508803e-01 -4.99000000e-02 -2.32884783e-03 
-4.98000000e-02 -4.98000000e-02 -4.98000000e-02 -2.36019256e-01 -4.98000000e-02 -2.32884819e-03 
-4.97000000e-02 -4.97000000e-02 -4.97000000e-02 -2.35529457e-01 -4.97000000e-02 -2.32884854e-03 
-4.96000000e-02 -4.96000000e-02 -4.96000000e-02 -2.35039407e-01 -4.96000000e-02 -2.32884889e-03 
-4.95000000e-02 -4.95000000e-02 -4.95000000e-02 -2.34549106e-01 -4.95000000e-02 -2.32884925e-03 
-4.94000000e-02 -4.94000000e-02 -4.94000000e-02 -2.34058556e-01 -4.94000000e-02 -2.32884960e-03 
-4.93000000e-02 -4.93000000e-02 -4.93000000e-02 -2.33567755e-01 -4.93000000e-02 -2.32884994e-03 
-4.92000000e-02 -4.92000000e-02 -4.92000000e-02 -2.33076706e-01 -4.92000000e-02 -2.32885029e-03 
-4.91000000e-02 -4.91000000e-02 -4.91000000e-02 -2.32585409e-01 -4.91000000e-02 -2.32885064e-03 
-4.90000000e-02 -4.90000000e-02 -4.90000000e-02 -2.32093864e-01 -4.90000000e-02 -2.32885098e-03 
-4.89000000e-02 -4.89000000e-02 -4.89000000e-02 -2.31602072e-01 -4.89000000e-02 -2.32885132e-03 
-4.88000000e-02 -4.88000000e-02 -4.88000000e-02 -2.31110034e-01 -4.88000000e-02 -2.32885166e-03 
-4.87000000e-02 -4.87000000e-02 -4.87000000e-02 -2.30617750e-01 -4.87000000e-02 -2.32885200e-03 
-4.86000000e-02 -4.86000000e-02 -4.86000000e-02 -2.30125220e-01 -4.86000000e-02 -2.32885234e-03 
-4.85000000e-02 -4.85000000e-02 -4.85000000e-02 -2.29632446e-01 -4.85000000e-02 -2.32885268e-03 
-4.84000000e-02 -4.84000000e-02 -4.84000000e-02 -2.29139427e-01 -4.84000000e-02 -2.32885301e-03 
-4.83000000e-02 -4.83000000e-02 -4.83000000e-02 -2.28646166e-01 -4.83000000e-02 -2.32885334e-03 
-4.82000000e-02 -4.82000000e-02 -4.82000000e-02 -2.28152661e-01 -4.82000000e-02 -2.32885368e-03 
-4.81000000e-02 -4.81000000e-02 -4.81000000e-02 -2.27658914e-01 -4.81000000e-02 -2.32885401e-03 
-4.80000000e-02 -4.80000000e-02 -4.80000000e-02 -2.27164925e-01 -4.80000000e-02 -2.32885433e-03 
-4.79000000e-02 -4.79000000e-02 -4.79000000e-02 -2.26670695e-01 -4.79000000e-02 -2.32885466e-03 
-4.78000000e-02 -4.78000000e-02 -4.78000000e-02 -2.26176225e-01 -4.78000000e-02 -2.32885499e-03 
-4.77000000e-02 -4.77000000e-02 -4.77000000e-02 -2.25681515e-01 -4.77000000e-02 -2.32885531e-03 
-4.76000000e-02 -4.76000000e-02 -4.76000000e-02 -2.25186565e-01 -4.76000000e-02 -2.32885563e-03 
-4.75000000e-02 -4.75000000e-02 -4.75000000e-02 -2.24691377e-01 -4.75000000e-02 -2.32885595e-03 
-4.74000000e-02 -4.74000000e-02 -4.74000000e-02 -2.24195950e-01 -4.74000000e-02 -2.32885627e-03 
-4.73000000e-02 -4.73000000e-02 -4.73000000e-02 -2.23700286e-01 -4.73000000e-02 -2.32885659e-03 
-4.72000000e-02 -4.72000000e-02 -4.72000000e-02 -2.23204385e-01 -4.72000000e-02 -2.32885691e-03 
-4.71000000e-02 -4.71000000e-02 -4.71000000e-02 -2.22708247e-01 -4.71000000e-02 -2.32885722e-03 
-4.70000000e-02 -4.70000000e-02 -4.70000000e-02 -2.22211874e-01 -4.70000000e-02 -2.32885754e-03 
-4.69000000e-02 -4.69000000e-02 -4.69000000e-02 -2.21715266e-01 -4.69000000e-02 -2.32885785e-03 
-4.68000000e-02 -4.68000000e-02 -4.68000000e-02 -2.21218423e-01 -4.68000000e-02 -2.32885816e-03 
-4.67000000e-02 -4.67000000e-02 -4.67000000e-02 -2.20721346e-01 -4.67000000e-02 -2.32885847e-03 
-4.66000000e-02 -4.66000000e-02 -4.66000000e-02 -2.20224035e-01 -4.66000000e-02 -2.32885878e-03 
-4.65000000e-02 -4.65000000e-02 -4.65000000e-02 -2.19726492e-01 -4.65000000e-02 -2.32885909e-03 
-4.64000000e-02 -4.64000000e-02 -4.64000000e-02 -2.19228716e-01 -4.64000000e-02 -2.32885939e-03 
-4.63000000e-02 -4.63000000e-02 -4.63000000e-02 -2.18730709e-01 -4.63000000e-02 -2.32885969e-03 
-4.62000000e-02 -4.62000000e-02 -4.62000000e-02 -2.18232471e-01 -4.62000000e-02 -2.32886000e-03 
-4.61000000e-02 -4.61000000e-02 -4.61000000e-02 -2.17734002e-01 -4.61000000e-02 -2.32886030e-03 
-4.60000000e-02 -4.60000000e-02 -4.60000000e-02 -2.17235304e-01 -4.60000000e-02 -2.32886060e-03 
-4.59000000e-02 -4.59000000e-02 -4.59000000e-02 -2.16736376e-01 -4.59000000e-02 -2.32886090e-03 
-4.58000000e-02 -4.58000000e-02 -4.58000000e-02 -2.16237219e-01 -4.58000000e-02 -2.32886119e-03 
-4.57000000e-02 -4.57000000e-02 -4.57000000e-02 -2.15737835e-01 -4.57000000e-02 -2.32886149e-03 
-4.56000000e-02 -4.56000000e-02 -4.56000000e-02 -2.15238222e-01 -4.56000000e-02 -2.32886178e-03 
-4.55000000e-02 -4.55000000e-02 -4.55000000e-02 -2.14738383e-01 -4.55000000e-02 -2.32886207e-03 
-4.54000000e-02 -4.54000000e-02 -4.54000000e-02 -2.14238318e-01 -4.54000000e-02 -2.32886236e-03 
-4.53000000e-02 -4.53000000e-02 -4.53000000e-02 -2.13738027e-01 -4.53000000e-02 -2.32886265e-03 
-4.52000000e-02 -4.52000000e-02 -4.52000000e-02 -2.13237510e-01 -4.52000000e-02 -2.32886294e-03 
-4.51000000e-02 -4.51000000e-02 -4.51000000e-02 -2.12787761e-01 -4.51000000e-02 -2.32886309e-03 
-4.50000000e-02 -4.50000000e-02 -4.50000000e-02 -2.12235274e-01 -4.50000000e-02 -2.32886352e-03 
-4.49000000e-02 -4.49000000e-02 -4.49000000e-02 -2.11739684e-01 -4.49000000e-02 -2.32886378e-03 
-4.48000000e-02 -4.48000000e-02 -4.48000000e-02 -2.11284369e-01 -4.48000000e-02 -2.32886395e-03 
-4.47000000e-02 -4.47000000e-02 -4.47000000e-02 -2.10731472e-01 -4.47000000e-02 -2.32886437e-03 
-4.46000000e-02 -4.46000000e-02 -4.46000000e-02 -2.10234799e-01 -4.46000000e-02 -2.32886463e-03 
-4.45000000e-02 -4.45000000e-02 -4.45000000e-02 -2.09779073e-01 -4.45000000e-02 -2.32886479e-03 
-4.44000000e-02 -4.44000000e-02 -4.44000000e-02 -2.09225251e-01 -4.44000000e-02 -2.32886521e-03 
-4.43000000e-02 -4.43000000e-02 -4.43000000e-02 -2.08727939e-01 -4.43000000e-02 -2.32886546e-03 
-4.42000000e-02 -4.42000000e-02 -4.42000000e-02 -2.08271674e-01 -4.42000000e-02 -2.32886562e-03 
-4.41000000e-02 -4.41000000e-02 -4.41000000e-02 -2.07767878e-01 -4.41000000e-02 -2.32886590e-03 
-4.40000000e-02 -4.40000000e-02 -4.40000000e-02 -2.07219374e-01 -4.40000000e-02 -2.32886628e-03 
-4.39000000e-02 -4.39000000e-02 -4.39000000e-02 -2.06714944e-01 -4.39000000e-02 -2.32886656e-03 
-4.38000000e-02 -4.38000000e-02 -4.38000000e-02 -2.06260196e-01 -4.38000000e-02 -2.32886670e-03 
-4.37000000e-02 -4.37000000e-02 -4.37000000e-02 -2.05753939e-01 -4.37000000e-02 -2.32886698e-03 
-4.36000000e-02 -4.36000000e-02 -4.36000000e-02 -2.05204669e-01 -4.36000000e-02 -2.32886736e-03 
-4.35000000e-02 -4.35000000e-02 -4.35000000e-02 -2.04699233e-01 -4.35000000e-02 -2.32886763e-03 
-4.34000000e-02 -4.34000000e-02 -4.34000000e-02 -2.04243851e-01 -4.34000000e-02 -2.32886777e-03 
-4.33000000e-02 -4.33000000e-02 -4.33000000e-02 -2.03736726e-01 -4.33000000e-02 -2.32886805e-03 
-4.32000000e-02 -4.32000000e-02 -4.32000000e-02 -2.03186391e-01 -4.32000000e-02 -2.32886841e-03 
-4.31000000e-02 -4.31000000e-02 -4.31000000e-02 -2.02680110e-01 -4.31000000e-02 -2.32886868e-03 
-4.30000000e-02 -4.30000000e-02 -4.30000000e-02 -2.02224045e-01 -4.30000000e-02 -2.32886881e-03 
-4.29000000e-02 -4.29000000e-02 -4.29000000e-02 -2.01716103e-01 -4.29000000e-02 -2.32886909e-03 
-4.28000000e-02 -4.28000000e-02 -4.28000000e-02 -2.01164704e-01 -4.28000000e-02 -2.32886945e-03 
-4.27000000e-02 -4.27000000e-02 -4.27000000e-02 -2.00657591e-01 -4.27000000e-02 -2.32886971e-03 
-4.26000000e-02 -4.26000000e-02 -4.26000000e-02 -2.00200849e-01 -4.26000000e-02 -2.32886984e-03 
-4.25000000e-02 -4.25000000e-02 -4.25000000e-02 -1.99692102e-01 -4.25000000e-02 -2.32887011e-03 
-4.24000000e-02 -4.24000000e-02 -4.24000000e-02 -1.99139649e-01 -4.24000000e-02 -2.32887046e-03 
-4.23000000e-02 -4.23000000e-02 -4.23000000e-02 -1.98631715e-01 -4.23000000e-02 -2.32887072e-03 
-4.22000000e-02 -4.22000000e-02 -4.22000000e-02 -1.98174302e-01 -4.22000000e-02 -2.32887084e-03 
-4.21000000e-02 -4.21000000e-02 -4.21000000e-02 -1.97664759e-01 -4.21000000e-02 -2.32887111e-03 
-4.20000000e-02 -4.20000000e-02 -4.20000000e-02 -1.97111263e-01 -4.20000000e-02 -2.32887145e-03 
-4.19000000e-02 -4.19000000e-02 -4.19000000e-02 -1.96602517e-01 -4.19000000e-02 -2.32887171e-03 
-4.18000000e-02 -4.18000000e-02 -4.18000000e-02 -1.96144442e-01 -4.18000000e-02 -2.32887183e-03 
-4.17000000e-02 -4.17000000e-02 -4.17000000e-02 -1.95634112e-01 -4.17000000e-02 -2.32887209e-03 
-4.16000000e-02 -4.16000000e-02 -4.16000000e-02 -1.95079585e-01 -4.16000000e-02 -2.32887243e-03 
-4.15000000e-02 -4.15000000e-02 -4.15000000e-02 -1.94570036e-01 -4.15000000e-02 -2.32887268e-03 
-4.14000000e-02 -4.14000000e-02 -4.14000000e-02 -1.94111306e-01 -4.14000000e-02 -2.32887280e-03 
-4.13000000e-02 -4.13000000e-02 -4.13000000e-02 -1.93600199e-01 -4.13000000e-02 -2.32887305e-03 
-4.12000000e-02 -4.12000000e-02 -4.12000000e-02 -1.93044650e-01 -4.12000000e-02 -2.32887339e-03 
-4.11000000e-02 -4.11000000e-02 -4.11000000e-02 -1.92534308e-01 -4.11000000e-02 -2.32887363e-03 
-4.10000000e-02 -4.10000000e-02 -4.10000000e-02 -1.92074932e-01 -4.10000000e-02 -2.32887374e-03 
-4.09000000e-02 -4.09000000e-02 -4.09000000e-02 -1.91563056e-01 -4.09000000e-02 -2.32887399e-03 
-4.08000000e-02 -4.08000000e-02 -4.08000000e-02 -1.91006497e-01 -4.08000000e-02 -2.32887432e-03 
-4.07000000e-02 -4.07000000e-02 -4.07000000e-02 -1.90495371e-01 -4.07000000e-02 -2.32887456e-03 
-4.06000000e-02 -4.06000000e-02 -4.06000000e-02 -1.90035356e-01 -4.06000000e-02 -2.32887467e-03 
-4.05000000e-02 -4.05000000e-02 -4.05000000e-02 -1.89522720e-01 -4.05000000e-02 -2.32887492e-03 
-4.04000000e-02 -4.04000000e-02 -4.04000000e-02 -1.88965163e-01 -4.04000000e-02 -2.32887524e-03 
-4.03000000e-02 -4.03000000e-02 -4.03000000e-02 -1.88453262e-01 -4.03000000e-02 -2.32887547e-03 
-4.02000000e-02 -4.02000000e-02 -4.02000000e-02 -1.87992615e-01 -4.02000000e-02 -2.32887558e-03 
-4.01000000e-02 -4.01000000e-02 -4.01000000e-02 -1.87479230e-01 -4.01000000e-02 -2.32887582e-03 
-4.00000000e-02 -4.00000000e-02 -4.00000000e-02 -1.86920685e-01 -4.00000000e-02 -2.32887614e-03 
-3.99000000e-02 -3.99000000e-02 -3.99000000e-02 -1.86408019e-01 -3.99000000e-02 -2.32887637e-03 
-3.98000000e-02 -3.98000000e-02 -3.98000000e-02 -1.85946748e-01 -3.98000000e-02 -2.32887648e-03 
-3.97000000e-02 -3.97000000e-02 -3.97000000e-02 -1.85432622e-01 -3.97000000e-02 -2.32887671e-03 
-3.96000000e-02 -3.96000000e-02 -3.96000000e-02 -1.84873100e-01 -3.96000000e-02 -2.32887702e-03 
-3.95000000e-02 -3.95000000e-02 -3.95000000e-02 -1.84359678e-01 -3.95000000e-02 -2.32887725e-03 
-3.94000000e-02 -3.94000000e-02 -3.94000000e-02 -1.83897791e-01 -3.94000000e-02 -2.32887735e-03 
-3.93000000e-02 -3.93000000e-02 -3.93000000e-02 -1.83382933e-01 -3.93000000e-02 -2.32887758e-03 
-3.92000000e-02 -3.92000000e-02 -3.92000000e-02 -1.82822445e-01 -3.92000000e-02 -2.32887789e-03 
-3.91000000e-02 -3.91000000e-02 -3.91000000e-02 -1.82308276e-01 -3.91000000e-02 -2.32887811e-03 
-3.90000000e-02 -3.90000000e-02 -3.90000000e-02 -1.81845780e-01 -3.90000000e-02 -2.32887821e-03 
-3.89000000e-02 -3.89000000e-02 -3.89000000e-02 -1.81330200e-01 -3.89000000e-02 -2.32887843e-03 
-3.88000000e-02 -3.88000000e-02 -3.88000000e-02 -1.80768758e-01 -3.88000000e-02 -2.32887874e-03 
-3.87000000e-02 -3.87000000e-02 -3.87000000e-02 -1.80253852e-01 -3.87000000e-02 -2.32887895e-03 
-3.86000000e-02 -3.86000000e-02 -3.86000000e-02 -1.79790754e-01 -3.86000000e-02 -2.32887905e-03 
-3.85000000e-02 -3.85000000e-02 -3.85000000e-02 -1.79274461e-01 -3.85000000e-02 -2.32887927e-03 
-3.84000000e-02 -3.84000000e-02 -3.84000000e-02 -1.78712075e-01 -3.84000000e-02 -2.32887957e-03 
-3.83000000e-02 -3.83000000e-02 -3.83000000e-02 -1.78196440e-01 -3.83000000e-02 -2.32887978e-03 
-3.82000000e-02 -3.82000000e-02 -3.82000000e-02 -1.77732749e-01 -3.82000000e-02 -2.32887987e-03 
-3.81000000e-02 -3.81000000e-02 -3.81000000e-02 -1.77215752e-01 -3.81000000e-02 -2.32888009e-03 
-3.80000000e-02 -3.80000000e-02 -3.80000000e-02 -1.76652433e-01 -3.80000000e-02 -2.32888038e-03 
-3.79000000e-02 -3.79000000e-02 -3.79000000e-02 -1.76136079e-01 -3.79000000e-02 -2.32888059e-03 
-3.78000000e-02 -3.78000000e-02 -3.78000000e-02 -1.75671802e-01 -3.78000000e-02 -2.32888068e-03 
-3.77000000e-02 -3.77000000e-02 -3.77000000e-02 -1.75154110e-01 -3.77000000e-02 -2.32888089e-03 
-3.76000000e-02 -3.76000000e-02 -3.76000000e-02 -1.74589869e-01 -3.76000000e-02 -2.32888118e-03 
-3.75000000e-02 -3.75000000e-02 -3.75000000e-02 -1.74072806e-01 -3.75000000e-02 -2.32888138e-03 
-3.74000000e-02 -3.74000000e-02 -3.74000000e-02 -1.73607949e-01 -3.74000000e-02 -2.32888147e-03 
-3.73000000e-02 -3.73000000e-02 -3.73000000e-02 -1.73089571e-01 -3.73000000e-02 -2.32888168e-03 
-3.72000000e-02 -3.72000000e-02 -3.72000000e-02 -1.72524420e-01 -3.72000000e-02 -2.32888196e-03 
-3.71000000e-02 -3.71000000e-02 -3.71000000e-02 -1.72006657e-01 -3.71000000e-02 -2.32888216e-03 
-3.70000000e-02 -3.70000000e-02 -3.70000000e-02 -1.71541229e-01 -3.70000000e-02 -2.32888225e-03 
-3.69000000e-02 -3.69000000e-02 -3.69000000e-02 -1.71022174e-01 -3.69000000e-02 -2.32888245e-03 
-3.68000000e-02 -3.68000000e-02 -3.68000000e-02 -1.70456123e-01 -3.68000000e-02 -2.32888273e-03 
-3.67000000e-02 -3.67000000e-02 -3.67000000e-02 -1.69937668e-01 -3.67000000e-02 -2.32888292e-03 
-3.66000000e-02 -3.66000000e-02 -3.66000000e-02 -1.69471677e-01 -3.66000000e-02 -2.32888301e-03 
-3.65000000e-02 -3.65000000e-02 -3.65000000e-02 -1.68951954e-01 -3.65000000e-02 -2.32888320e-03 
-3.64000000e-02 -3.64000000e-02 -3.64000000e-02 -1.68385014e-01 -3.64000000e-02 -2.32888348e-03 
-3.63000000e-02 -3.63000000e-02 -3.63000000e-02 -1.67865878e-01 -3.63000000e-02 -2.32888367e-03 
-3.62000000e-02 -3.62000000e-02 -3.62000000e-02 -1.67343076e-01 -3.62000000e-02 -2.32888386e-03 
-3.61000000e-02 -3.61000000e-02 -3.61000000e-02 -1.66880504e-01 -3.61000000e-02 -2.32888393e-03 
-3.60000000e-02 -3.60000000e-02 -3.60000000e-02 -1.66358905e-01 -3.60000000e-02 -2.32888413e-03 
-3.59000000e-02 -3.59000000e-02 -3.59000000e-02 -1.65792233e-01 -3.59000000e-02 -2.32888440e-03 
-3.58000000e-02 -3.58000000e-02 -3.58000000e-02 -1.65272111e-01 -3.58000000e-02 -2.32888458e-03 
-3.57000000e-02 -3.57000000e-02 -3.57000000e-02 -1.64748562e-01 -3.57000000e-02 -2.32888477e-03 
-3.56000000e-02 -3.56000000e-02 -3.56000000e-02 -1.64229042e-01 -3.56000000e-02 -2.32888495e-03 
-3.55000000e-02 -3.55000000e-02 -3.55000000e-02 -1.63764487e-01 -3.55000000e-02 -2.32888502e-03 
-3.54000000e-02 -3.54000000e-02 -3.54000000e-02 -1.63243221e-01 -3.54000000e-02 -2.32888521e-03 
-3.53000000e-02 -3.53000000e-02 -3.53000000e-02 -1.62675126e-01 -3.53000000e-02 -2.32888547e-03 
-3.52000000e-02 -3.52000000e-02 -3.52000000e-02 -1.62154170e-01 -3.52000000e-02 -2.32888565e-03 
-3.51000000e-02 -3.51000000e-02 -3.51000000e-02 -1.61629549e-01 -3.51000000e-02 -2.32888583e-03 
-3.50000000e-02 -3.50000000e-02 -3.50000000e-02 -1.61109041e-01 -3.50000000e-02 -2.32888601e-03 
-3.49000000e-02 -3.49000000e-02 -3.49000000e-02 -1.60643709e-01 -3.49000000e-02 -2.32888607e-03 
-3.48000000e-02 -3.48000000e-02 -3.48000000e-02 -1.60121494e-01 -3.48000000e-02 -2.32888626e-03 
-3.47000000e-02 -3.47000000e-02 -3.47000000e-02 -1.59552145e-01 -3.47000000e-02 -2.32888651e-03 
-3.46000000e-02 -3.46000000e-02 -3.46000000e-02 -1.59030221e-01 -3.46000000e-02 -2.32888668e-03 
-3.45000000e-02 -3.45000000e-02 -3.45000000e-02 -1.58504574e-01 -3.45000000e-02 -2.32888686e-03 
-3.44000000e-02 -3.44000000e-02 -3.44000000e-02 -1.57983083e-01 -3.44000000e-02 -2.32888703e-03 
-3.43000000e-02 -3.43000000e-02 -3.43000000e-02 -1.57516998e-01 -3.43000000e-02 -2.32888710e-03 
-3.42000000e-02 -3.42000000e-02 -3.42000000e-02 -1.56993849e-01 -3.42000000e-02 -2.32888727e-03 
-3.41000000e-02 -3.41000000e-02 -3.41000000e-02 -1.56423271e-01 -3.41000000e-02 -2.32888752e-03 
-3.40000000e-02 -3.40000000e-02 -3.40000000e-02 -1.55900399e-01 -3.40000000e-02 -2.32888769e-03 
-3.39000000e-02 -3.39000000e-02 -3.39000000e-02 -1.55373747e-01 -3.39000000e-02 -2.32888786e-03 
-3.38000000e-02 -3.38000000e-02 -3.38000000e-02 -1.54851294e-01 -3.38000000e-02 -2.32888803e-03 
-3.37000000e-02 -3.37000000e-02 -3.37000000e-02 -1.54384470e-01 -3.37000000e-02 -2.32888809e-03 
-3.36000000e-02 -3.36000000e-02 -3.36000000e-02 -1.53860408e-01 -3.36000000e-02 -2.32888826e-03 
-3.35000000e-02 -3.35000000e-02 -3.35000000e-02 -1.53288626e-01 -3.35000000e-02 -2.32888850e-03 
-3.34000000e-02 -3.34000000e-02 -3.34000000e-02 -1.52764827e-01 -3.34000000e-02 -2.32888867e-03 
-3.33000000e-02 -3.33000000e-02 -3.33000000e-02 -1.52237190e-01 -3.33000000e-02 -2.32888883e-03 
-3.32000000e-02 -3.32000000e-02 -3.32000000e-02 -1.51713797e-01 -3.32000000e-02 -2.32888899e-03 
-3.31000000e-02 -3.31000000e-02 -3.31000000e-02 -1.51189922e-01 -3.31000000e-02 -2.32888915e-03 
-3.30000000e-02 -3.30000000e-02 -3.30000000e-02 -1.50666294e-01 -3.30000000e-02 -2.32888931e-03 
-3.29000000e-02 -3.29000000e-02 -3.29000000e-02 -1.50142484e-01 -3.29000000e-02 -2.32888947e-03 
-3.28000000e-02 -3.28000000e-02 -3.28000000e-02 -1.49618558e-01 -3.28000000e-02 -2.32888962e-03 
-3.27000000e-02 -3.27000000e-02 -3.27000000e-02 -1.49094476e-01 -3.27000000e-02 -2.32888978e-03 
-3.26000000e-02 -3.26000000e-02 -3.26000000e-02 -1.48570245e-01 -3.26000000e-02 -2.32888993e-03 
-3.25000000e-02 -3.25000000e-02 -3.25000000e-02 -1.48045862e-01 -3.25000000e-02 -2.32889009e-03 
-3.24000000e-02 -3.24000000e-02 -3.24000000e-02 -1.47521328e-01 -3.24000000e-02 -2.32889024e-03 
-3.23000000e-02 -3.23000000e-02 -3.23000000e-02 -1.46996643e-01 -3.23000000e-02 -2.32889039e-03 
-3.22000000e-02 -3.22000000e-02 -3.22000000e-02 -1.46471809e-01 -3.22000000e-02 -2.32889054e-03 
-3.21000000e-02 -3.21000000e-02 -3.21000000e-02 -1.45946825e-01 -3.21000000e-02 -2.32889069e-03 
-3.20000000e-02 -3.20000000e-02 -3.20000000e-02 -1.45421691e-01 -3.20000000e-02 -2.32889084e-03 
-3.19000000e-02 -3.19000000e-02 -3.19000000e-02 -1.44896410e-01 -3.19000000e-02 -2.32889099e-03 
-3.18000000e-02 -3.18000000e-02 -3.18000000e-02 -1.44370981e-01 -3.18000000e-02 -2.32889114e-03 
-3.17000000e-02 -3.17000000e-02 -3.17000000e-02 -1.43845404e-01 -3.17000000e-02 -2.32889129e-03 
-3.16000000e-02 -3.16000000e-02 -3.16000000e-02 -1.43319681e-01 -3.16000000e-02 -2.32889144e-03 
-3.15000000e-02 -3.15000000e-02 -3.15000000e-02 -1.42793812e-01 -3.15000000e-02 -2.32889158e-03 
-3.14000000e-02 -3.14000000e-02 -3.14000000e-02 -1.42267797e-01 -3.14000000e-02 -2.32889173e-03 
-3.13000000e-02 -3.13000000e-02 -3.13000000e-02 -1.41741637e-01 -3.13000000e-02 -2.32889188e-03 
-3.12000000e-02 -3.12000000e-02 -3.12000000e-02 -1.41215333e-01 -3.12000000e-02 -2.32889202e-03 
-3.11000000e-02 -3.11000000e-02 -3.11000000e-02 -1.40688884e-01 -3.11000000e-02 -2.32889216e-03 
-3.10000000e-02 -3.10000000e-02 -3.10000000e-02 -1.40162293e-01 -3.10000000e-02 -2.32889231e-03 
-3.09000000e-02 -3.09000000e-02 -3.09000000e-02 -1.39635559e-01 -3.09000000e-02 -2.32889245e-03 
-3.08000000e-02 -3.08000000e-02 -3.08000000e-02 -1.39108682e-01 -3.08000000e-02 -2.32889259e-03 
-3.07000000e-02 -3.07000000e-02 -3.07000000e-02 -1.38581664e-01 -3.07000000e-02 -2.32889273e-03 
-3.06000000e-02 -3.06000000e-02 -3.06000000e-02 -1.38054505e-01 -3.06000000e-02 -2.32889288e-03 
-3.05000000e-02 -3.05000000e-02 -3.05000000e-02 -1.37527205e-01 -3.05000000e-02 -2.32889302e-03 
-3.04000000e-02 -3.04000000e-02 -3.04000000e-02 -1.36999766e-01 -3.04000000e-02 -2.32889315e-03 
-3.03000000e-02 -3.03000000e-02 -3.03000000e-02 -1.36472187e-01 -3.03000000e-02 -2.32889329e-03 
-3.02000000e-02 -3.02000000e-02 -3.02000000e-02 -1.35944469e-01 -3.02000000e-02 -2.32889343e-03 
-3.01000000e-02 -3.01000000e-02 -3.01000000e-02 -1.35416613e-01 -3.01000000e-02 -2.32889357e-03 
-3.00000000e-02 -3.00000000e-02 -3.00000000e-02 -1.34888620e-01 -3.00000000e-02 -2.32889371e-03 
-2.99000000e-02 -2.99000000e-02 -2.99000000e-02 -1.34360489e-01 -2.99000000e-02 -2.32889384e-03 
-2.98000000e-02 -2.98000000e-02 -2.98000000e-02 -1.33832221e-01 -2.98000000e-02 -2.32889398e-03 
-2.97000000e-02 -2.97000000e-02 -2.97000000e-02 -1.33303818e-01 -2.97000000e-02 -2.32889411e-03 
-2.96000000e-02 -2.96000000e-02 -2.96000000e-02 -1.32775279e-01 -2.96000000e-02 -2.32889425e-03 
-2.95000000e-02 -2.95000000e-02 -2.95000000e-02 -1.32246605e-01 -2.95000000e-02 -2.32889438e-03 
-2.94000000e-02 -2.94000000e-02 -2.94000000e-02 -1.31717797e-01 -2.94000000e-02 -2.32889452e-03 
-2.93000000e-02 -2.93000000e-02 -2.93000000e-02 -1.31188856e-01 -2.93000000e-02 -2.32889465e-03 
-2.92000000e-02 -2.92000000e-02 -2.92000000e-02 -1.30659781e-01 -2.92000000e-02 -2.32889478e-03 
-2.91000000e-02 -2.91000000e-02 -2.91000000e-02 -1.30130573e-01 -2.91000000e-02 -2.32889491e-03 
-2.90000000e-02 -2.90000000e-02 -2.90000000e-02 -1.29601233e-01 -2.90000000e-02 -2.32889504e-03 
-2.89000000e-02 -2.89000000e-02 -2.89000000e-02 -1.29071762e-01 -2.89000000e-02 -2.32889517e-03 
-2.88000000e-02 -2.88000000e-02 -2.88000000e-02 -1.28542160e-01 -2.88000000e-02 -2.32889530e-03 
-2.87000000e-02 -2.87000000e-02 -2.87000000e-02 -1.28012427e-01 -2.87000000e-02 -2.32889543e-03 
-2.86000000e-02 -2.86000000e-02 -2.86000000e-02 -1.27482564e-01 -2.86000000e-02 -2.32889556e-03 
-2.85000000e-02 -2.85000000e-02 -2.85000000e-02 -1.26952573e-01 -2.85000000e-02 -2.32889569e-03 
-2.84000000e-02 -2.84000000e-02 -2.84000000e-02 -1.26422452e-01 -2.84000000e-02 -2.32889582e-03 
-2.83000000e-02 -2.83000000e-02 -2.83000000e-02 -1.25892203e-01 -2.83000000e-02 -2.32889595e-03 
-2.82000000e-02 -2.82000000e-02 -2.82000000e-02 -1.25361827e-01 -2.82000000e-02 -2.32889607e-03 
-2.81000000e-02 -2.81000000e-02 -2.81000000e-02 -1.24831323e-01 -2.81000000e-02 -2.32889620e-03 
-2.80000000e-02 -2.80000000e-02 -2.80000000e-02 -1.24300693e-01 -2.80000000e-02 -2.32889633e-03 
-2.79000000e-02 -2.79000000e-02 -2.79000000e-02 -1.23769938e-01 -2.79000000e-02 -2.32889645e-03 
-2.78000000e-02 -2.78000000e-02 -2.78000000e-02 -1.23239056e-01 -2.78000000e-02 -2.32889658e-03 
-2.77000000e-02 -2.77000000e-02 -2.77000000e-02 -1.22708050e-01 -2.77000000e-02 -2.32889670e-03 
-2.76000000e-02 -2.76000000e-02 -2.76000000e-02 -1.22176920e-01 -2.76000000e-02 -2.32889682e-03 
-2.75000000e-02 -2.75000000e-02 -2.75000000e-02 -1.21645666e-01 -2.75000000e-02 -2.32889695e-03 
-2.74000000e-02 -2.74000000e-02 -2.74000000e-02 -1.21114288e-01 -2.74000000e-02 -2.32889707e-03 
-2.73000000e-02 -2.73000000e-02 -2.73000000e-02 -1.20582788e-01 -2.73000000e-02 -2.32889719e-03 
-2.72000000e-02 -2.72000000e-02 -2.72000000e-02 -1.20051166e-01 -2.72000000e-02 -2.32889731e-03 
-2.71000000e-02 -2.71000000e-02 -2.71000000e-02 -1.19519423e-01 -2.71000000e-02 -2.32889744e-03 
-2.70000000e-02 -2.70000000e-02 -2.70000000e-02 -1.18987559e-01 -2.70000000e-02 -2.32889756e-03 
-2.69000000e-02 -2.69000000e-02 -2.69000000e-02 -1.18455574e-01 -2.69000000e-02 -2.32889768e-03 
-2.68000000e-02 -2.68000000e-02 -2.68000000e-02 -1.17923469e-01 -2.68000000e-02 -2.32889780e-03 
-2.67000000e-02 -2.67000000e-02 -2.67000000e-02 -1.17391245e-01 -2.67000000e-02 -2.32889792e-03 
-2.66000000e-02 -2.66000000e-02 -2.66000000e-02 -1.16858903e-01 -2.66000000e-02 -2.32889804e-03 
-2.65000000e-02 -2.65000000e-02 -2.65000000e-02 -1.16326442e-01 -2.65000000e-02 -2.32889815e-03 
-2.64000000e-02 -2.64000000e-02 -2.64000000e-02 -1.15793863e-01 -2.64000000e-02 -2.32889827e-03 
-2.63000000e-02 -2.63000000e-02 -2.63000000e-02 -1.15261168e-01 -2.63000000e-02 -2.32889839e-03 
-2.62000000e-02 -2.62000000e-02 -2.62000000e-02 -1.14728356e-01 -2.62000000e-02 -2.32889851e-03 
-2.61000000e-02 -2.61000000e-02 -2.61000000e-02 -1.14195428e-01 -2.61000000e-02 -2.32889862e-03 
-2.60000000e-02 -2.60000000e-02 -2.60000000e-02 -1.13662385e-01 -2.60000000e-02 -2.32889874e-03 
-2.59000000e-02 -2.59000000e-02 -2.59000000e-02 -1.13129226e-01 -2.59000000e-02 -2.32889886e-03 
-2.58000000e-02 -2.58000000e-02 -2.58000000e-02 -1.12595954e-01 -2.58000000e-02 -2.32889897e-03 
-2.57000000e-02 -2.57000000e-02 -2.57000000e-02 -1.12062568e-01 -2.57000000e-02 -2.32889909e-03 
-2.56000000e-02 -2.56000000e-02 -2.56000000e-02 -1.11529068e-01 -2.56000000e-02 -2.32889920e-03 
-2.55000000e-02 -2.55000000e-02 -2.55000000e-02 -1.10995456e-01 -2.55000000e-02 -2.32889932e-03 
-2.54000000e-02 -2.54000000e-02 -2.54000000e-02 -1.10461732e-01 -2.54000000e-02 -2.32889943e-03 
-2.53000000e-02 -2.53000000e-02 -2.53000000e-02 -1.09927897e-01 -2.53000000e-02 -2.32889954e-03 
-2.52000000e-02 -2.52000000e-02 -2.52000000e-02 -1.09393950e-01 -2.52000000e-02 -2.32889966e-03 
-2.51000000e-02 -2.51000000e-02 -2.51000000e-02 -1.08859893e-01 -2.51000000e-02 -2.32889977e-03 
-2.50000000e-02 -2.50000000e-02 -2.50000000e-02 -1.08325726e-01 -2.50000000e-02 -2.32889988e-03 
-2.49000000e-02 -2.49000000e-02 -2.49000000e-02 -1.07791450e-01 -2.49000000e-02 -2.32890000e-03 
-2.48000000e-02 -2.48000000e-02 -2.48000000e-02 -1.07257065e-01 -2.48000000e-02 -2.32890011e-03 
-2.47000000e-02 -2.47000000e-02 -2.47000000e-02 -1.06722572e-01 -2.47000000e-02 -2.32890022e-03 
-2.46000000e-02 -2.46000000e-02 -2.46000000e-02 -1.06187971e-01 -2.46000000e-02 -2.32890033e-03 
-2.45000000e-02 -2.45000000e-02 -2.45000000e-02 -1.05653263e-01 -2.45000000e-02 -2.32890044e-03 
-2.44000000e-02 -2.44000000e-02 -2.44000000e-02 -1.05118449e-01 -2.44000000e-02 -2.32890055e-03 
-2.43000000e-02 -2.43000000e-02 -2.43000000e-02 -1.04583528e-01 -2.43000000e-02 -2.32890066e-03 
-2.42000000e-02 -2.42000000e-02 -2.42000000e-02 -1.04048502e-01 -2.42000000e-02 -2.32890077e-03 
-2.41000000e-02 -2.41000000e-02 -2.41000000e-02 -1.03513371e-01 -2.41000000e-02 -2.32890088e-03 
-2.40000000e-02 -2.40000000e-02 -2.40000000e-02 -1.02978136e-01 -2.40000000e-02 -2.32890099e-03 
-2.39000000e-02 -2.39000000e-02 -2.39000000e-02 -1.02442797e-01 -2.39000000e-02 -2.32890110e-03 
-2.38000000e-02 -2.38000000e-02 -2.38000000e-02 -1.01907355e-01 -2.38000000e-02 -2.32890121e-03 
-2.37000000e-02 -2.37000000e-02 -2.37000000e-02 -1.01371810e-01 -2.37000000e-02 -2.32890131e-03 
-2.36000000e-02 -2.36000000e-02 -2.36000000e-02 -1.00836163e-01 -2.36000000e-02 -2.32890142e-03 
-2.35000000e-02 -2.35000000e-02 -2.35000000e-02 -1.00300414e-01 -2.35000000e-02 -2.32890153e-03 
-2.34000000e-02 -2.34000000e-02 -2.34000000e-02 -9.97645642e-02 -2.34000000e-02 -2.32890164e-03 
-2.33000000e-02 -2.33000000e-02 -2.33000000e-02 -9.92286139e-02 -2.33000000e-02 -2.32890174e-03 
-2.32000000e-02 -2.32000000e-02 -2.32000000e-02 -9.86925637e-02 -2.32000000e-02 -2.32890185e-03 
-2.31000000e-02 -2.31000000e-02 -2.31000000e-02 -9.81564141e-02 -2.31000000e-02 -2.32890195e-03 
-2.30000000e-02 -2.30000000e-02 -2.30000000e-02 -9.76201656e-02 -2.30000000e-02 -2.32890206e-03 
-2.29000000e-02 -2.29000000e-02 -2.29000000e-02 -9.70838188e-02 -2.29000000e-02 -2.32890217e-03 
-2.28000000e-02 -2.28000000e-02 -2.28000000e-02 -9.65473742e-02 -2.28000000e-02 -2.32890227e-03 
-2.27000000e-02 -2.27000000e-02 -2.27000000e-02 -9.60108324e-02 -2.27000000e-02 -2.32890238e-03 
-2.26000000e-02 -2.26000000e-02 -2.26000000e-02 -9.54741940e-02 -2.26000000e-02 -2.32890248e-03 
-2.25000000e-02 -2.25000000e-02 -2.25000000e-02 -9.49374594e-02 -2.25000000e-02 -2.32890258e-03 
-2.24000000e-02 -2.24000000e-02 -2.24000000e-02 -9.44006293e-02 -2.24000000e-02 -2.32890269e-03 
-2.23000000e-02 -2.23000000e-02 -2.23000000e-02 -9.38637042e-02 -2.23000000e-02 -2.32890279e-03 
-2.22000000e-02 -2.22000000e-02 -2.22000000e-02 -9.33266846e-02 -2.22000000e-02 -2.32890290e-03 
-2.21000000e-02 -2.21000000e-02 -2.21000000e-02 -9.27895711e-02 -2.21000000e-02 -2.32890300e-03 
-2.20000000e-02 -2.20000000e-02 -2.20000000e-02 -9.22523642e-02 -2.20000000e-02 -2.32890310e-03 
-2.19000000e-02 -2.19000000e-02 -2.19000000e-02 -9.17150645e-02 -2.19000000e-02 -2.32890321e-03 
-2.18000000e-02 -2.18000000e-02 -2.18000000e-02 -9.11776725e-02 -2.18000000e-02 -2.32890331e-03 
-2.17000000e-02 -2.17000000e-02 -2.17000000e-02 -9.06401887e-02 -2.17000000e-02 -2.32890341e-03 
-2.16000000e-02 -2.16000000e-02 -2.16000000e-02 -9.01026138e-02 -2.16000000e-02 -2.32890351e-03 
-2.15000000e-02 -2.15000000e-02 -2.15000000e-02 -8.95649483e-02 -2.15000000e-02 -2.32890361e-03 
-2.14000000e-02 -2.14000000e-02 -2.14000000e-02 -8.90271926e-02 -2.14000000e-02 -2.32890372e-03 
-2.13000000e-02 -2.13000000e-02 -2.13000000e-02 -8.84893475e-02 -2.13000000e-02 -2.32890382e-03 
-2.12000000e-02 -2.12000000e-02 -2.12000000e-02 -8.79514133e-02 -2.12000000e-02 -2.32890392e-03 
-2.11000000e-02 -2.11000000e-02 -2.11000000e-02 -8.74133907e-02 -2.11000000e-02 -2.32890402e-03 
-2.10000000e-02 -2.10000000e-02 -2.10000000e-02 -8.68752801e-02 -2.10000000e-02 -2.32890412e-03 
-2.09000000e-02 -2.09000000e-02 -2.09000000e-02 -8.63370822e-02 -2.09000000e-02 -2.32890422e-03 
-2.08000000e-02 -2.08000000e-02 -2.08000000e-02 -8.57987975e-02 -2.08000000e-02 -2.32890432e-03 
-2.07000000e-02 -2.07000000e-02 -2.07000000e-02 -8.52604266e-02 -2.07000000e-02 -2.32890442e-03 
-2.06000000e-02 -2.06000000e-02 -2.06000000e-02 -8.47219699e-02 -2.06000000e-02 -2.32890452e-03 
-2.05000000e-02 -2.05000000e-02 -2.05000000e-02 -8.41834280e-02 -2.05000000e-02 -2.32890462e-03 
-2.04000000e-02 -2.04000000e-02 -2.04000000e-02 -8.36448015e-02 -2.04000000e-02 -2.32890472e-03 
-2.03000000e-02 -2.03000000e-02 -2.03000000e-02 -8.31060909e-02 -2.03000000e-02 -2.32890482e-03 
-2.02000000e-02 -2.02000000e-02 -2.02000000e-02 -8.25672968e-02 -2.02000000e-02 -2.32890492e-03 
-2.01000000e-02 -2.01000000e-02 -2.01000000e-02 -8.20284197e-02 -2.01000000e-02 -2.32890502e-03 
-2.00000000e-02 -2.00000000e-02 -2.00000000e-02 -8.14894601e-02 -2.00000000e-02 -2.32890512e-03 
-1.99000000e-02 -1.99000000e-02 -1.99000000e-02 -8.09504187e-02 -1.99000000e-02 -2.32890522e-03 
-1.98000000e-02 -1.98000000e-02 -1.98000000e-02 -8.04112958e-02 -1.98000000e-02 -2.32890531e-03 
-1.97000000e-02 -1.97000000e-02 -1.97000000e-02 -7.98720922e-02 -1.97000000e-02 -2.32890541e-03 
-1.96000000e-02 -1.96000000e-02 -1.96000000e-02 -7.93328083e-02 -1.96000000e-02 -2.32890551e-03 
-1.95000000e-02 -1.95000000e-02 -1.95000000e-02 -7.87934446e-02 -1.95000000e-02 -2.32890561e-03 
-1.94000000e-02 -1.94000000e-02 -1.94000000e-02 -7.82540018e-02 -1.94000000e-02 -2.32890571e-03 
-1.93000000e-02 -1.93000000e-02 -1.93000000e-02 -7.77144804e-02 -1.93000000e-02 -2.32890580e-03 
-1.92000000e-02 -1.92000000e-02 -1.92000000e-02 -7.71748808e-02 -1.92000000e-02 -2.32890590e-03 
-1.91000000e-02 -1.91000000e-02 -1.91000000e-02 -7.66352037e-02 -1.91000000e-02 -2.32890600e-03 
-1.90000000e-02 -1.90000000e-02 -1.90000000e-02 -7.60954496e-02 -1.90000000e-02 -2.32890610e-03 
-1.89000000e-02 -1.89000000e-02 -1.89000000e-02 -7.55556190e-02 -1.89000000e-02 -2.32890619e-03 
-1.88000000e-02 -1.88000000e-02 -1.88000000e-02 -7.50157125e-02 -1.88000000e-02 -2.32890629e-03 
-1.87000000e-02 -1.87000000e-02 -1.87000000e-02 -7.44757306e-02 -1.87000000e-02 -2.32890639e-03 
-1.86000000e-02 -1.86000000e-02 -1.86000000e-02 -7.39356739e-02 -1.86000000e-02 -2.32890648e-03 
-1.85000000e-02 -1.85000000e-02 -1.85000000e-02 -7.33955429e-02 -1.85000000e-02 -2.32890658e-03 
-1.84000000e-02 -1.84000000e-02 -1.84000000e-02 -7.28553382e-02 -1.84000000e-02 -2.32890668e-03 
-1.83000000e-02 -1.83000000e-02 -1.83000000e-02 -7.23150602e-02 -1.83000000e-02 -2.32890677e-03 
-1.82000000e-02 -1.82000000e-02 -1.82000000e-02 -7.17747096e-02 -1.82000000e-02 -2.32890687e-03 
-1.81000000e-02 -1.81000000e-02 -1.81000000e-02 -7.12342869e-02 -1.81000000e-02 -2.32890696e-03 
-1.80000000e-02 -1.80000000e-02 -1.80000000e-02 -7.06937925e-02 -1.80000000e-02 -2.32890706e-03 
-1.79000000e-02 -1.79000000e-02 -1.79000000e-02 -7.01532272e-02 -1.79000000e-02 -2.32890716e-03 
-1.78000000e-02 -1.78000000e-02 -1.78000000e-02 -6.96125914e-02 -1.78000000e-02 -2.32890725e-03 
-1.77000000e-02 -1.77000000e-02 -1.77000000e-02 -6.90718856e-02 -1.77000000e-02 -2.32890735e-03 
-1.76000000e-02 -1.76000000e-02 -1.76000000e-02 -6.85311104e-02 -1.76000000e-02 -2.32890744e-03 
-1.75000000e-02 -1.75000000e-02 -1.75000000e-02 -6.79902663e-02 -1.75000000e-02 -2.32890754e-03 
-1.74000000e-02 -1.74000000e-02 -1.74000000e-02 -6.74493539e-02 -1.74000000e-02 -2.32890763e-03 
-1.73000000e-02 -1.73000000e-02 -1.73000000e-02 -6.69083737e-02 -1.73000000e-02 -2.32890773e-03 
-1.72000000e-02 -1.72000000e-02 -1.72000000e-02 -6.63673263e-02 -1.72000000e-02 -2.32890782e-03 
-1.71000000e-02 -1.71000000e-02 -1.71000000e-02 -6.58262122e-02 -1.71000000e-02 -2.32890792e-03 
-1.70000000e-02 -1.70000000e-02 -1.70000000e-02 -6.52850319e-02 -1.70000000e-02 -2.32890801e-03 
-1.69000000e-02 -1.69000000e-02 -1.69000000e-02 -6.47437860e-02 -1.69000000e-02 -2.32890811e-03 
-1.68000000e-02 -1.68000000e-02 -1.68000000e-02 -6.42024750e-02 -1.68000000e-02 -2.32890820e-03 
-1.67000000e-02 -1.67000000e-02 -1.67000000e-02 -6.36610995e-02 -1.67000000e-02 -2.32890830e-03 
-1.66000000e-02 -1.66000000e-02 -1.66000000e-02 -6.31196600e-02 -1.66000000e-02 -2.32890839e-03 
-1.65000000e-02 -1.65000000e-02 -1.65000000e-02 -6.25781571e-02 -1.65000000e-02 -2.32890849e-03 
-1.64000000e-02 -1.64000000e-02 -1.64000000e-02 -6.20365912e-02 -1.64000000e-02 -2.32890858e-03 
-1.63000000e-02 -1.63000000e-02 -1.63000000e-02 -6.14949630e-02 -1.63000000e-02 -2.32890868e-03 
-1.62000000e-02 -1.62000000e-02 -1.62000000e-02 -6.09532729e-02 -1.62000000e-02 -2.32890877e-03 
-1.61000000e-02 -1.61000000e-02 -1.61000000e-02 -6.04115215e-02 -1.61000000e-02 -2.32890887e-03 
-1.60000000e-02 -1.60000000e-02 -1.60000000e-02 -5.98697094e-02 -1.60000000e-02 -2.32890896e-03 
-1.59000000e-02 -1.59000000e-02 -1.59000000e-02 -5.93278371e-02 -1.59000000e-02 -2.32890905e-03 
-1.58000000e-02 -1.58000000e-02 -1.58000000e-02 -5.87859051e-02 -1.58000000e-02 -2.32890915e-03 
-1.57000000e-02 -1.57000000e-02 -1.57000000e-02 -5.82439140e-02 -1.57000000e-02 -2.32890924e-03 
-1.56000000e-02 -1.56000000e-02 -1.56000000e-02 -5.77018643e-02 -1.56000000e-02 -2.32890934e-03 
-1.55000000e-02 -1.55000000e-02 -1.55000000e-02 -5.71597565e-02 -1.55000000e-02 -2.32890943e-03 
-1.54000000e-02 -1.54000000e-02 -1.54000000e-02 -5.66175912e-02 -1.54000000e-02 -2.32890953e-03 
-1.53000000e-02 -1.53000000e-02 -1.53000000e-02 -5.60753690e-02 -1.53000000e-02 -2.32890962e-03 
-1.52000000e-02 -1.52000000e-02 -1.52000000e-02 -5.55330903e-02 -1.52000000e-02 -2.32890971e-03 
-1.51000000e-02 -1.51000000e-02 -1.51000000e-02 -5.49907557e-02 -1.51000000e-02 -2.32890981e-03 
-1.50000000e-02 -1.50000000e-02 -1.50000000e-02 -5.44483658e-02 -1.50000000e-02 -2.32890990e-03 
-1.49000000e-02 -1.49000000e-02 -1.49000000e-02 -5.39059210e-02 -1.49000000e-02 -2.32891000e-03 
-1.48000000e-02 -1.48000000e-02 -1.48000000e-02 -5.33634220e-02 -1.48000000e-02 -2.32891009e-03 
-1.47000000e-02 -1.47000000e-02 -1.47000000e-02 -5.28208693e-02 -1.47000000e-02 -2.32891018e-03 
-1.46000000e-02 -1.46000000e-02 -1.46000000e-02 -5.22782633e-02 -1.46000000e-02 -2.32891028e-03 
-1.45000000e-02 -1.45000000e-02 -1.45000000e-02 -5.17356047e-02 -1.45000000e-02 -2.32891037e-03 
-1.44000000e-02 -1.44000000e-02 -1.44000000e-02 -5.11928940e-02 -1.44000000e-02 -2.32891046e-03 
-1.43000000e-02 -1.43000000e-02 -1.43000000e-02 -5.06501317e-02 -1.43000000e-02 -2.32891056e-03 
-1.42000000e-02 -1.42000000e-02 -1.42000000e-02 -5.01073184e-02 -1.42000000e-02 -2.32891065e-03 
-1.41000000e-02 -1.41000000e-02 -1.41000000e-02 -4.95644545e-02 -1.41000000e-02 -2.32891075e-03 
-1.40000000e-02 -1.40000000e-02 -1.40000000e-02 -4.90215407e-02 -1.40000000e-02 -2.32891084e-03 
-1.39000000e-02 -1.39000000e-02 -1.39000000e-02 -4.84785775e-02 -1.39000000e-02 -2.32891093e-03 
-1.38000000e-02 -1.38000000e-02 -1.38000000e-02 -4.79355654e-02 -1.38000000e-02 -2.32891103e-03 
-1.37000000e-02 -1.37000000e-02 -1.37000000e-02 -4.73925049e-02 -1.37000000e-02 -2.32891112e-03 
-1.36000000e-02 -1.36000000e-02 -1.36000000e-02 -4.68493966e-02 -1.36000000e-02 -2.32891122e-03 
-1.35000000e-02 -1.35000000e-02 -1.35000000e-02 -4.63062411e-02 -1.35000000e-02 -2.32891131e-03 
-1.34000000e-02 -1.34000000e-02 -1.34000000e-02 -4.57630388e-02 -1.34000000e-02 -2.32891140e-03 
-1.33000000e-02 -1.33000000e-02 -1.33000000e-02 -4.52197903e-02 -1.33000000e-02 -2.32891150e-03 
-1.32000000e-02 -1.32000000e-02 -1.32000000e-02 -4.46764962e-02 -1.32000000e-02 -2.32891159e-03 
-1.31000000e-02 -1.31000000e-02 -1.31000000e-02 -4.41331569e-02 -1.31000000e-02 -2.32891168e-03 
-1.30000000e-02 -1.30000000e-02 -1.30000000e-02 -4.35897731e-02 -1.30000000e-02 -2.32891178e-03 
-1.29000000e-02 -1.29000000e-02 -1.29000000e-02 -4.30463452e-02 -1.29000000e-02 -2.32891187e-03 
-1.28000000e-02 -1.28000000e-02 -1.28000000e-02 -4.25028738e-02 -1.28000000e-02 -2.32891197e-03 
-1.27000000e-02 -1.27000000e-02 -1.27000000e-02 -4.19593595e-02 -1.27000000e-02 -2.32891206e-03 
-1.26000000e-02 -1.26000000e-02 -1.26000000e-02 -4.14158027e-02 -1.26000000e-02 -2.32891215e-03 
-1.25000000e-02 -1.25000000e-02 -1.25000000e-02 -4.08722040e-02 -1.25000000e-02 -2.32891225e-03 
-1.24000000e-02 -1.24000000e-02 -1.24000000e-02 -4.03285640e-02 -1.24000000e-02 -2.32891234e-03 
-1.23000000e-02 -1.23000000e-02 -1.23000000e-02 -3.97848831e-02 -1.23000000e-02 -2.32891244e-03 
-1.22000000e-02 -1.22000000e-02 -1.22000000e-02 -3.92411620e-02 -1.22000000e-02 -2.32891253e-03 
-1.21000000e-02 -1.21000000e-02 -1.21000000e-02 -3.86974011e-02 -1.21000000e-02 -2.32891263e-03 
-1.20000000e-02 -1.20000000e-02 -1.20000000e-02 -3.81536010e-02 -1.20000000e-02 -2.32891272e-03 
-1.19000000e-02 -1.19000000e-02 -1.19000000e-02 -3.76097622e-02 -1.19000000e-02 -2.32891281e-03 
-1.18000000e-02 -1.18000000e-02 -1.18000000e-02 -3.70658853e-02 -1.18000000e-02 -2.32891291e-03 
-1.17000000e-02 -1.17000000e-02 -1.17000000e-02 -3.65219709e-02 -1.17000000e-02 -2.32891300e-03 
-1.16000000e-02 -1.16000000e-02 -1.16000000e-02 -3.59780193e-02 -1.16000000e-02 -2.32891310e-03 
-1.15000000e-02 -1.15000000e-02 -1.15000000e-02 -3.54340312e-02 -1.15000000e-02 -2.32891319e-03 
-1.14000000e-02 -1.14000000e-02 -1.14000000e-02 -3.48900072e-02 -1.14000000e-02 -2.32891329e-03 
-1.13000000e-02 -1.13000000e-02 -1.13000000e-02 -3.43459476e-02 -1.13000000e-02 -2.32891338e-03 
-1.12000000e-02 -1.12000000e-02 -1.12000000e-02 -3.38018532e-02 -1.12000000e-02 -2.32891348e-03 
-1.11000000e-02 -1.11000000e-02 -1.11000000e-02 -3.32577244e-02 -1.11000000e-02 -2.32891357e-03 
-1.10000000e-02 -1.10000000e-02 -1.10000000e-02 -3.27135618e-02 -1.10000000e-02 -2.32891366e-03 
-1.09000000e-02 -1.09000000e-02 -1.09000000e-02 -3.21693658e-02 -1.09000000e-02 -2.32891376e-03 
-1.08000000e-02 -1.08000000e-02 -1.08000000e-02 -3.16251371e-02 -1.08000000e-02 -2.32891385e-03 
-1.07000000e-02 -1.07000000e-02 -1.07000000e-02 -3.10615556e-02 -1.07000000e-02 -2.32891396e-03 
-1.06000000e-02 -1.06000000e-02 -1.06000000e-02 -3.05172525e-02 -1.06000000e-02 -2.32891406e-03 
-1.05000000e-02 -1.05000000e-02 -1.05000000e-02 -2.99903256e-02 -1.05000000e-02 -2.32891414e-03 
-1.04000000e-02 -1.04000000e-02 -1.04000000e-02 -2.94279692e-02 -1.04000000e-02 -2.32891425e-03 
-1.03000000e-02 -1.03000000e-02 -1.03000000e-02 -2.88841194e-02 -1.03000000e-02 -2.32891434e-03 
-1.02000000e-02 -1.02000000e-02 -1.02000000e-02 -2.83391388e-02 -1.02000000e-02 -2.32891444e-03 
-1.01000000e-02 -1.01000000e-02 -1.01000000e-02 -2.77947092e-02 -1.01000000e-02 -2.32891453e-03 
-1.00000000e-02 -1.00000000e-02 -1.00000000e-02 -2.72502169e-02 -1.00000000e-02 -2.32891463e-03 
-9.90000000e-03 -9.90000000e-03 -9.90000000e-03 -2.67057148e-02 -9.90000000e-03 -2.32891472e-03 
-9.80000000e-03 -9.80000000e-03 -9.80000000e-03 -2.61611844e-02 -9.80000000e-03 -2.32891482e-03 
-9.70000000e-03 -9.70000000e-03 -9.70000000e-03 -2.56166277e-02 -9.70000000e-03 -2.32891491e-03 
-9.60000000e-03 -9.60000000e-03 -9.60000000e-03 -2.50720446e-02 -9.60000000e-03 -2.32891501e-03 
-9.50000000e-03 -9.50000000e-03 -9.50000000e-03 -2.45274359e-02 -9.50000000e-03 -2.32891511e-03 
-9.40000000e-03 -9.40000000e-03 -9.40000000e-03 -2.39828020e-02 -9.40000000e-03 -2.32891520e-03 
-9.30000000e-03 -9.30000000e-03 -9.30000000e-03 -2.34381434e-02 -9.30000000e-03 -2.32891530e-03 
-9.20000000e-03 -9.20000000e-03 -9.20000000e-03 -2.28934606e-02 -9.20000000e-03 -2.32891539e-03 
-9.10000000e-03 -9.10000000e-03 -9.10000000e-03 -2.23487543e-02 -9.10000000e-03 -2.32891549e-03 
-9.00000000e-03 -9.00000000e-03 -9.00000000e-03 -2.18040249e-02 -9.00000000e-03 -2.32891559e-03 
-8.90000000e-03 -8.90000000e-03 -8.90000000e-03 -2.12592730e-02 -8.90000000e-03 -2.32891568e-03 
-8.80000000e-03 -8.80000000e-03 -8.80000000e-03 -2.07144991e-02 -8.80000000e-03 -2.32891578e-03 
-8.70000000e-03 -8.70000000e-03 -8.70000000e-03 -2.01697037e-02 -8.70000000e-03 -2.32891587e-03 
-8.60000000e-03 -8.60000000e-03 -8.60000000e-03 -1.96248874e-02 -8.60000000e-03 -2.32891597e-03 
-8.50000000e-03 -8.50000000e-03 -8.50000000e-03 -1.90800508e-02 -8.50000000e-03 -2.32891607e-03 
-8.40000000e-03 -8.40000000e-03 -8.40000000e-03 -1.85351942e-02 -8.40000000e-03 -2.32891616e-03 
-8.30000000e-03 -8.30000000e-03 -8.30000000e-03 -1.79903184e-02 -8.30000000e-03 -2.32891626e-03 
-8.20000000e-03 -8.20000000e-03 -8.20000000e-03 -1.74397192e-02 -8.20000000e-03 -2.32891636e-03 
-8.10000000e-03 -8.10000000e-03 -8.10000000e-03 -1.68948050e-02 -8.10000000e-03 -2.32891646e-03 
-8.00000000e-03 -8.00000000e-03 -8.00000000e-03 -1.63498170e-02 -8.00000000e-03 -2.32891655e-03 
-7.90000000e-03 -7.90000000e-03 -7.90000000e-03 -1.58048686e-02 -7.90000000e-03 -2.32891665e-03 
-7.80000000e-03 -7.80000000e-03 -7.80000000e-03 -1.52599030e-02 -7.80000000e-03 -2.32891675e-03 
-7.70000000e-03 -7.70000000e-03 -7.70000000e-03 -1.47149219e-02 -7.70000000e-03 -2.32891685e-03 
-7.60000000e-03 -7.60000000e-03 -7.60000000e-03 -1.41699252e-02 -7.60000000e-03 -2.32891694e-03 
-7.50000000e-03 -7.50000000e-03 -7.50000000e-03 -1.36231447e-02 -7.50000000e-03 -2.32891704e-03 
-7.40000000e-03 -7.40000000e-03 -7.40000000e-03 -1.30781183e-02 -7.40000000e-03 -2.32891714e-03 
-7.30000000e-03 -7.30000000e-03 -7.30000000e-03 -1.25330724e-02 -7.30000000e-03 -2.32891724e-03 
-7.20000000e-03 -7.20000000e-03 -7.20000000e-03 -1.19872297e-02 -7.20000000e-03 -2.32891734e-03 
-7.10000000e-03 -7.10000000e-03 -7.10000000e-03 -1.14423953e-02 -7.10000000e-03 -2.32891743e-03 
-7.00000000e-03 -7.00000000e-03 -7.00000000e-03 -1.08978707e-02 -7.00000000e-03 -2.32891753e-03 
-6.90000000e-03 -6.90000000e-03 -6.90000000e-03 -1.03527808e-02 -6.90000000e-03 -2.32891763e-03 
-6.80000000e-03 -6.80000000e-03 -6.80000000e-03 -9.80768061e-03 -6.80000000e-03 -2.32891773e-03 
-6.70000000e-03 -6.70000000e-03 -6.70000000e-03 -9.26432621e-03 -6.70000000e-03 -2.32891783e-03 
-6.60000000e-03 -6.60000000e-03 -6.60000000e-03 -8.71920377e-03 -6.60000000e-03 -2.32891792e-03 
-6.50000000e-03 -6.50000000e-03 -6.50000000e-03 -8.17408895e-03 -6.50000000e-03 -2.32891802e-03 
-6.40000000e-03 -6.40000000e-03 -6.40000000e-03 -7.62894750e-03 -6.40000000e-03 -2.32891812e-03 
-6.30000000e-03 -6.30000000e-03 -6.30000000e-03 -7.08379763e-03 -6.30000000e-03 -2.32891822e-03 
-6.20000000e-03 -6.20000000e-03 -6.20000000e-03 -6.53863954e-03 -6.20000000e-03 -2.32891832e-03 
-6.10000000e-03 -6.10000000e-03 -6.10000000e-03 -5.99347393e-03 -6.10000000e-03 -2.32891842e-03 
-6.00000000e-03 -6.00000000e-03 -6.00000000e-03 -5.44830133e-03 -6.00000000e-03 -2.32891852e-03 
-5.90000000e-03 -5.90000000e-03 -5.90000000e-03 -4.90312229e-03 -5.90000000e-03 -2.32891862e-03 
-5.80000000e-03 -5.80000000e-03 -5.80000000e-03 -4.35793733e-03 -5.80000000e-03 -2.32891872e-03 
-5.70000000e-03 -5.70000000e-03 -5.70000000e-03 -3.81274699e-03 -5.70000000e-03 -2.32891882e-03 
-5.60000000e-03 -5.60000000e-03 -5.60000000e-03 -3.26755181e-03 -5.60000000e-03 -2.32891891e-03 
-5.50000000e-03 -5.50000000e-03 -5.50000000e-03 -2.72235232e-03 -5.50000000e-03 -2.32891901e-03 
-5.40000000e-03 -5.40000000e-03 -5.40000000e-03 -2.17714906e-03 -5.40000000e-03 -2.32891911e-03 
-5.30000000e-03 -5.30000000e-03 -5.30000000e-03 -1.63194256e-03 -5.30000000e-03 -2.32891921e-03 
-5.20000000e-03 -5.20000000e-03 -5.20000000e-03 -1.08673335e-03 -5.20000000e-03 -2.32891931e-03 
-5.10000000e-03 -5.10000000e-03 -5.10000000e-03 -5.41521980e-04 -5.10000000e-03 -2.32891941e-03 
-5.00000000e-03 -5.00000000e-03 -5.00000000e-03  3.69102653e-06 -5.00000000e-03 -2.32891951e-03 
-4.90000000e-03 -4.90000000e-03 -4.90000000e-03  5.48905132e-04 -4.90000000e-03 -2.32891962e-03 
-4.80000000e-03 -4.80000000e-03 -4.80000000e-03  1.09411980e-03 -4.80000000e-03 -2.32891972e-03 
-4.70000000e-03 -4.70000000e-03 -4.70000000e-03  1.63933450e-03 -4.70000000e-03 -2.32891982e-03 
-4.60000000e-03 -4.60000000e-03 -4.60000000e-03  2.18454869e-03 -4.60000000e-03 -2.32891992e-03 
-4.50000000e-03 -4.50000000e-03 -4.50000000e-03  2.72976184e-03 -4.50000000e-03 -2.32892002e-03 
-4.40000000e-03 -4.40000000e-03 -4.40000000e-03  3.27497342e-03 -4.40000000e-03 -2.32892012e-03 
-4.30000000e-03 -4.30000000e-03 -4.30000000e-03  3.82018288e-03 -4.30000000e-03 -2.32892022e-03 
-4.20000000e-03 -4.20000000e-03 -4.20000000e-03  4.35979696e-03 -4.20000000e-03 -2.32892032e-03 
-4.10000000e-03 -4.10000000e-03 -4.10000000e-03  4.90499830e-03 -4.10000000e-03 -2.32892042e-03 
-4.00000000e-03 -4.00000000e-03 -4.00000000e-03  5.45002248e-03 -4.00000000e-03 -2.32892052e-03 
-3.90000000e-03 -3.90000000e-03 -3.90000000e-03  5.99521809e-03 -3.90000000e-03 -2.32892062e-03 
-3.80000000e-03 -3.80000000e-03 -3.80000000e-03  6.54040355e-03 -3.80000000e-03 -2.32892073e-03 
-3.70000000e-03 -3.70000000e-03 -3.70000000e-03  7.08558922e-03 -3.70000000e-03 -2.32892083e-03 
-3.60000000e-03 -3.60000000e-03 -3.60000000e-03  7.63076890e-03 -3.60000000e-03 -2.32892093e-03 
-3.50000000e-03 -3.50000000e-03 -3.50000000e-03  8.15790437e-03 -3.50000000e-03 -2.32892103e-03 
-3.40000000e-03 -3.40000000e-03 -3.40000000e-03  8.70304713e-03 -3.40000000e-03 -2.32892113e-03 
-3.30000000e-03 -3.30000000e-03 -3.30000000e-03  9.24641891e-03 -3.30000000e-03 -2.32892123e-03 
-3.20000000e-03 -3.20000000e-03 -3.20000000e-03  9.79156601e-03 -3.20000000e-03 -2.32892133e-03 
-3.10000000e-03 -3.10000000e-03 -3.10000000e-03  1.03365323e-02 -3.10000000e-03 -2.32892143e-03 
-3.00000000e-03 -3.00000000e-03 -3.00000000e-03  1.08816662e-02 -3.00000000e-03 -2.32892154e-03 
-2.90000000e-03 -2.90000000e-03 -2.90000000e-03  1.14267736e-02 -2.90000000e-03 -2.32892164e-03 
-2.80000000e-03 -2.80000000e-03 -2.80000000e-03  1.19718885e-02 -2.80000000e-03 -2.32892174e-03 
-2.70000000e-03 -2.70000000e-03 -2.70000000e-03  1.25169912e-02 -2.70000000e-03 -2.32892185e-03 
-2.60000000e-03 -2.60000000e-03 -2.60000000e-03  1.30620844e-02 -2.60000000e-03 -2.32892195e-03 
-2.50000000e-03 -2.50000000e-03 -2.50000000e-03  1.36071658e-02 -2.50000000e-03 -2.32892205e-03 
-2.40000000e-03 -2.40000000e-03 -2.40000000e-03  1.41522352e-02 -2.40000000e-03 -2.32892216e-03 
-2.30000000e-03 -2.30000000e-03 -2.30000000e-03  1.46972919e-02 -2.30000000e-03 -2.32892226e-03 
-2.20000000e-03 -2.20000000e-03 -2.20000000e-03  1.52423353e-02 -2.20000000e-03 -2.32892236e-03 
-2.10000000e-03 -2.10000000e-03 -2.10000000e-03  1.57873649e-02 -2.10000000e-03 -2.32892247e-03 
-2.00000000e-03 -2.00000000e-03 -2.00000000e-03  1.63323801e-02 -2.00000000e-03 -2.32892257e-03 
-1.90000000e-03 -1.90000000e-03 -1.90000000e-03  1.68773805e-02 -1.90000000e-03 -2.32892267e-03 
-1.80000000e-03 -1.80000000e-03 -1.80000000e-03  1.74223654e-02 -1.80000000e-03 -2.32892278e-03 
-1.70000000e-03 -1.70000000e-03 -1.70000000e-03  1.79673344e-02 -1.70000000e-03 -2.32892288e-03 
-1.60000000e-03 -1.60000000e-03 -1.60000000e-03  1.85122869e-02 -1.60000000e-03 -2.32892299e-03 
-1.50000000e-03 -1.50000000e-03 -1.50000000e-03  1.90572224e-02 -1.50000000e-03 -2.32892309e-03 
-1.40000000e-03 -1.40000000e-03 -1.40000000e-03  1.96021404e-02 -1.40000000e-03 -2.32892319e-03 
-1.30000000e-03 -1.30000000e-03 -1.30000000e-03  2.01470402e-02 -1.30000000e-03 -2.32892330e-03 
-1.20000000e-03 -1.20000000e-03 -1.20000000e-03  2.06919214e-02 -1.20000000e-03 -2.32892340e-03 
-1.10000000e-03 -1.10000000e-03 -1.10000000e-03  2.12367835e-02 -1.10000000e-03 -2.32892351e-03 
-1.00000000e-03 -1.00000000e-03 -1.00000000e-03  2.17816258e-02 -1.00000000e-03 -2.32892361e-03 
-9.00000000e-04 -9.00000000e-04 -9.00000000e-04  2.23264480e-02 -9.00000000e-04 -2.32892372e-03 
-8.00000000e-04 -8.00000000e-04 -8.00000000e-04  2.28712493e-02 -8.00000000e-04 -2.32892382e-03 
-7.00000000e-04 -7.00000000e-04 -7.00000000e-04  2.34160294e-02 -7.00000000e-04 -2.32892393e-03 
-6.00000000e-04 -6.00000000e-04 -6.00000000e-04  2.39607876e-02 -6.00000000e-04 -2.32892403e-03 
-5.00000000e-04 -5.00000000e-04 -5.00000000e-04  2.45055234e-02 -5.00000000e-04 -2.32892414e-03 
-4.00000000e-04 -4.00000000e-04 -4.00000000e-04  2.50502363e-02 -4.00000000e-04 -2.32892424e-03 
-3.00000000e-04 -3.00000000e-04 -3.00000000e-04  2.55949258e-02 -3.00000000e-04 -2.32892435e-03 
-2.00000000e-04 -2.00000000e-04 -2.00000000e-04  2.61395913e-02 -2.00000000e-04 -2.32892445e-03 
-1.00000000e-04 -1.00000000e-04 -1.00000000e-04  2.66842322e-02 -1.00000000e-04 -2.32892456e-03 
 6.90175998e-16  8.88178420e-16  6.90175998e-16  2.72288481e-02  6.90175998e-16 -2.32892467e-03 
 1.00000000e-04  1.00000000e-04  1.00000000e-04  2.77734384e-02  1.00000000e-04 -2.32892477e-03 
 2.00000000e-04  2.00000000e-04  2.00000000e-04  2.83180026e-02  2.00000000e-04 -2.32892488e-03 
 3.00000000e-04  3.00000000e-04  3.00000000e-04  2.88625401e-02  3.00000000e-04 -2.32892498e-03 
 4.00000000e-04  4.00000000e-04  4.00000000e-04  2.94070504e-02  4.00000000e-04 -2.32892509e-03 
 5.00000000e-04  5.00000000e-04  5.00000000e-04  2.99515330e-02  5.00000000e-04 -2.32892520e-03 
 6.00000000e-04  6.00000000e-04  6.00000000e-04  3.04959873e-02  6.00000000e-04 -2.32892530e-03 
 7.00000000e-04  7.00000000e-04  7.00000000e-04  3.10404127e-02  7.00000000e-04 -2.32892541e-03 
 8.00000000e-04  8.00000000e-04  8.00000000e-04  3.15848088e-02  8.00000000e-04 -2.32892551e-03 
 9.00000000e-04  9.00000000e-04  9.00000000e-04  3.21291751e-02  9.00000000e-04 -2.32892562e-03 
 1.00000000e-03  1.00000000e-03  1.00000000e-03  3.26735109e-02  1.00000000e-03 -2.32892573e-03 
 1.10000000e-03  1.10000000e-03  1.10000000e-03  3.32178157e-02  1.10000000e-03 -2.32892583e-03 
 1.20000000e-03  1.20000000e-03  1.20000000e-03  3.37620891e-02  1.20000000e-03 -2.32892594e-03 
 1.30000000e-03  1.30000000e-03  1.30000000e-03  3.43063304e-02  1.30000000e-03 -2.32892605e-03 
 1.40000000e-03  1.40000000e-03  1.40000000e-03  3.48505391e-02  1.40000000e-03 -2.32892615e-03 
 1.50000000e-03  1.50000000e-03  1.50000000e-03  3.53947148e-02  1.50000000e-03 -2.32892626e-03 
 1.60000000e-03  1.60000000e-03  1.60000000e-03  3.59388568e-02  1.60000000e-03 -2.32892637e-03 
 1.70000000e-03  1.70000000e-03  1.70000000e-03  3.64829646e-02  1.70000000e-03 -2.32892647e-03 
 1.80000000e-03  1.80000000e-03  1.80000000e-03  3.70270376e-02  1.80000000e-03 -2.32892658e-03 
 1.90000000e-03  1.90000000e-03  1.90000000e-03  3.75710755e-02  1.90000000e-03 -2.32892669e-03 
 2.00000000e-03  2.00000000e-03  2.00000000e-03  3.81150775e-02  2.00000000e-03 -2.32892680e-03 
 2.10000000e-03  2.10000000e-03  2.10000000e-03  3.86590432e-02  2.10000000e-03 -2.32892690e-03 
 2.20000000e-03  2.20000000e-03  2.20000000e-03  3.92029720e-02  2.20000000e-03 -2.32892701e-03 
 2.30000000e-03  2.30000000e-03  2.30000000e-03  3.97468635e-02  2.30000000e-03 -2.32892712e-03 
 2.40000000e-03  2.40000000e-03  2.40000000e-03  4.02907169e-02  2.40000000e-03 -2.32892723e-03 
 2.50000000e-03  2.50000000e-03  2.50000000e-03  4.08345319e-02  2.50000000e-03 -2.32892733e-03 
 2.60000000e-03  2.60000000e-03  2.60000000e-03  4.13783079e-02  2.60000000e-03 -2.32892744e-03 
 2.70000000e-03  2.70000000e-03  2.70000000e-03  4.19220443e-02  2.70000000e-03 -2.32892755e-03 
 2.80000000e-03  2.80000000e-03  2.80000000e-03  4.24657406e-02  2.80000000e-03 -2.32892766e-03 
 2.90000000e-03  2.90000000e-03  2.90000000e-03  4.30093963e-02  2.90000000e-03 -2.32892776e-03 
 3.00000000e-03  3.00000000e-03  3.00000000e-03  4.35530108e-02  3.00000000e-03 -2.32892787e-03 
 3.10000000e-03  3.10000000e-03  3.10000000e-03  4.40965836e-02  3.10000000e-03 -2.32892798e-03 
 3.20000000e-03  3.20000000e-03  3.20000000e-03  4.46401142e-02  3.20000000e-03 -2.32892809e-03 
 3.30000000e-03  3.30000000e-03  3.30000000e-03  4.51836020e-02  3.30000000e-03 -2.32892820e-03 
 3.40000000e-03  3.40000000e-03  3.40000000e-03  4.57270464e-02  3.40000000e-03 -2.32892830e-03 
 3.50000000e-03  3.50000000e-03  3.50000000e-03  4.62704470e-02  3.50000000e-03 -2.32892841e-03 
 3.60000000e-03  3.60000000e-03  3.60000000e-03  4.68138031e-02  3.60000000e-03 -2.32892852e-03 
 3.70000000e-03  3.70000000e-03  3.70000000e-03  4.73571144e-02  3.70000000e-03 -2.32892863e-03 
 3.80000000e-03  3.80000000e-03  3.80000000e-03  4.79003801e-02  3.80000000e-03 -2.32892874e-03 
 3.90000000e-03  3.90000000e-03  3.90000000e-03  4.84435998e-02  3.90000000e-03 -2.32892884e-03 
 4.00000000e-03  4.00000000e-03  4.00000000e-03  4.89260794e-02  4.00000000e-03 -2.32892896e-03 
 4.10000000e-03  4.10000000e-03  4.10000000e-03  4.94688687e-02  4.10000000e-03 -2.32892906e-03 
 4.20000000e-03  4.20000000e-03  4.20000000e-03  5.00668940e-02  4.20000000e-03 -2.32892917e-03 
 4.30000000e-03  4.30000000e-03  4.30000000e-03  5.06100038e-02  4.30000000e-03 -2.32892928e-03 
 4.40000000e-03  4.40000000e-03  4.40000000e-03  5.10964242e-02  4.40000000e-03 -2.32892939e-03 
 4.50000000e-03  4.50000000e-03  4.50000000e-03  5.16390644e-02  4.50000000e-03 -2.32892950e-03 
 4.60000000e-03  4.60000000e-03  4.60000000e-03  5.22385341e-02  4.60000000e-03 -2.32892960e-03 
 4.70000000e-03  4.70000000e-03  4.70000000e-03  5.27814574e-02  4.70000000e-03 -2.32892971e-03 
 4.80000000e-03  4.80000000e-03  4.80000000e-03  5.32678502e-02  4.80000000e-03 -2.32892983e-03 
 4.90000000e-03  4.90000000e-03  4.90000000e-03  5.38102877e-02  4.90000000e-03 -2.32892993e-03 
 5.00000000e-03  5.00000000e-03  5.00000000e-03  5.44095562e-02  5.00000000e-03 -2.32893003e-03 
 5.10000000e-03  5.10000000e-03  5.10000000e-03  5.49522766e-02  5.10000000e-03 -2.32893014e-03 
 5.20000000e-03  5.20000000e-03  5.20000000e-03  5.54385150e-02  5.20000000e-03 -2.32893026e-03 
 5.30000000e-03  5.30000000e-03  5.30000000e-03  5.59807385e-02  5.30000000e-03 -2.32893037e-03 
 5.40000000e-03  5.40000000e-03  5.40000000e-03  5.65797446e-02  5.40000000e-03 -2.32893047e-03 
 5.50000000e-03  5.50000000e-03  5.50000000e-03  5.71222532e-02  5.50000000e-03 -2.32893058e-03 
 5.60000000e-03  5.60000000e-03  5.60000000e-03  5.76083268e-02  5.60000000e-03 -2.32893069e-03 
 5.70000000e-03  5.70000000e-03  5.70000000e-03  5.81503278e-02  5.70000000e-03 -2.32893080e-03 
 5.80000000e-03  5.80000000e-03  5.80000000e-03  5.87490589e-02  5.80000000e-03 -2.32893090e-03 
 5.90000000e-03  5.90000000e-03  5.90000000e-03  5.92913474e-02  5.90000000e-03 -2.32893101e-03 
 6.00000000e-03  6.00000000e-03  6.00000000e-03  5.97772491e-02  6.00000000e-03 -2.32893113e-03 
 6.10000000e-03  6.10000000e-03  6.10000000e-03  6.03190194e-02  6.10000000e-03 -2.32893123e-03 
 6.20000000e-03  6.20000000e-03  6.20000000e-03  6.09174644e-02  6.20000000e-03 -2.32893133e-03 
 6.30000000e-03  6.30000000e-03  6.30000000e-03  6.13858769e-02  6.30000000e-03 -2.32893146e-03 
 6.40000000e-03  6.40000000e-03  6.40000000e-03  6.19447873e-02  6.40000000e-03 -2.32893156e-03 
 6.50000000e-03  6.50000000e-03  6.50000000e-03  6.25414417e-02  6.50000000e-03 -2.32893166e-03 
 6.60000000e-03  6.60000000e-03  6.60000000e-03  6.30114052e-02  6.60000000e-03 -2.32893178e-03 
 6.70000000e-03  6.70000000e-03  6.70000000e-03  6.35696187e-02  6.70000000e-03 -2.32893188e-03 
 6.80000000e-03  6.80000000e-03  6.80000000e-03  6.41665833e-02  6.80000000e-03 -2.32893198e-03 
 6.90000000e-03  6.90000000e-03  6.90000000e-03  6.46362624e-02  6.90000000e-03 -2.32893211e-03 
 7.00000000e-03  7.00000000e-03  7.00000000e-03  6.51944354e-02  7.00000000e-03 -2.32893221e-03 
 7.10000000e-03  7.10000000e-03  7.10000000e-03  6.57137155e-02  7.10000000e-03 -2.32893233e-03 
 7.20000000e-03  7.20000000e-03  7.20000000e-03  6.62602674e-02  7.20000000e-03 -2.32893243e-03 
 7.30000000e-03  7.30000000e-03  7.30000000e-03  6.67945836e-02  7.30000000e-03 -2.32893254e-03 
 7.40000000e-03  7.40000000e-03  7.40000000e-03  6.73377171e-02  7.40000000e-03 -2.32893265e-03 
 7.50000000e-03  7.50000000e-03  7.50000000e-03  6.78763746e-02  7.50000000e-03 -2.32893276e-03 
 7.60000000e-03  7.60000000e-03  7.60000000e-03  6.84186386e-02  7.60000000e-03 -2.32893286e-03 
 7.70000000e-03  7.70000000e-03  7.70000000e-03  6.89582197e-02  7.70000000e-03 -2.32893298e-03 
 7.80000000e-03  7.80000000e-03  7.80000000e-03  6.95005515e-02  7.80000000e-03 -2.32893307e-03 
 7.90000000e-03  7.90000000e-03  7.90000000e-03  7.00397698e-02  7.90000000e-03 -2.32893320e-03 
 8.00000000e-03  8.00000000e-03  8.00000000e-03  7.06608848e-02  8.00000000e-03 -2.32893326e-03 
 8.10000000e-03  8.10000000e-03  8.10000000e-03  7.11221146e-02  8.10000000e-03 -2.32893342e-03 
 8.20000000e-03  8.20000000e-03  8.20000000e-03  7.16881003e-02  8.20000000e-03 -2.32893350e-03 
 8.30000000e-03  8.30000000e-03  8.30000000e-03  7.22030383e-02  8.30000000e-03 -2.32893363e-03 
 8.40000000e-03  8.40000000e-03  8.40000000e-03  7.28260568e-02  8.40000000e-03 -2.32893369e-03 
 8.50000000e-03  8.50000000e-03  8.50000000e-03  7.32846701e-02  8.50000000e-03 -2.32893385e-03 
 8.60000000e-03  8.60000000e-03  8.60000000e-03  7.38512279e-02  8.60000000e-03 -2.32893392e-03 
 8.70000000e-03  8.70000000e-03  8.70000000e-03  7.43648972e-02  8.70000000e-03 -2.32893406e-03 
 8.80000000e-03  8.80000000e-03  8.80000000e-03  7.49878515e-02  8.80000000e-03 -2.32893412e-03 
 8.90000000e-03  8.90000000e-03  8.90000000e-03  7.54459644e-02  8.90000000e-03 -2.32893428e-03 
 9.00000000e-03  9.00000000e-03  9.00000000e-03  7.60125222e-02  9.00000000e-03 -2.32893435e-03 
 9.10000000e-03  9.10000000e-03  9.10000000e-03  7.66051839e-02  9.10000000e-03 -2.32893446e-03 
 9.20000000e-03  9.20000000e-03  9.20000000e-03  7.70758589e-02  9.20000000e-03 -2.32893457e-03 
 9.30000000e-03  9.30000000e-03  9.30000000e-03  7.76306776e-02  9.30000000e-03 -2.32893468e-03 
 9.40000000e-03  9.40000000e-03  9.40000000e-03  7.81501299e-02  9.40000000e-03 -2.32893479e-03 
 9.50000000e-03  9.50000000e-03  9.50000000e-03  7.86932942e-02  9.50000000e-03 -2.32893490e-03 
 9.60000000e-03  9.60000000e-03  9.60000000e-03  7.92280813e-02  9.60000000e-03 -2.32893500e-03 
 9.70000000e-03  9.70000000e-03  9.70000000e-03  7.97670008e-02  9.70000000e-03 -2.32893512e-03 
 9.80000000e-03  9.80000000e-03  9.80000000e-03  8.03844911e-02  9.80000000e-03 -2.32893518e-03 
 9.90000000e-03  9.90000000e-03  9.90000000e-03  8.08451875e-02  9.90000000e-03 -2.32893534e-03 
 1.00000000e-02  1.00000000e-02  1.00000000e-02  8.14093554e-02  1.00000000e-02 -2.32893541e-03 
 1.01000000e-02  1.01000000e-02  1.01000000e-02  8.19227937e-02  1.01000000e-02 -2.32893555e-03 
 1.02000000e-02  1.02000000e-02  1.02000000e-02  8.25441936e-02  1.02000000e-02 -2.32893560e-03 
 1.03000000e-02  1.03000000e-02  1.03000000e-02  8.30016080e-02  1.03000000e-02 -2.32893576e-03 
 1.04000000e-02  1.04000000e-02  1.04000000e-02  8.35670579e-02  1.04000000e-02 -2.32893583e-03 
 1.05000000e-02  1.05000000e-02  1.05000000e-02  8.40788435e-02  1.05000000e-02 -2.32893597e-03 
 1.06000000e-02  1.06000000e-02  1.06000000e-02  8.47004873e-02  1.06000000e-02 -2.32893601e-03 
 1.07000000e-02  1.07000000e-02  1.07000000e-02  8.51571668e-02  1.07000000e-02 -2.32893619e-03 
 1.08000000e-02  1.08000000e-02  1.08000000e-02  8.57228162e-02  1.08000000e-02 -2.32893625e-03 
 1.09000000e-02  1.09000000e-02  1.09000000e-02  8.63132594e-02  1.09000000e-02 -2.32893635e-03 
 1.10000000e-02  1.10000000e-02  1.10000000e-02  8.67834578e-02  1.10000000e-02 -2.32893646e-03 
 1.11000000e-02  1.11000000e-02  1.11000000e-02  8.73361822e-02  1.11000000e-02 -2.32893657e-03 
 1.12000000e-02  1.12000000e-02  1.12000000e-02  8.78548399e-02  1.12000000e-02 -2.32893667e-03 
 1.13000000e-02  1.13000000e-02  1.13000000e-02  8.83959539e-02  1.13000000e-02 -2.32893679e-03 
 1.14000000e-02  1.14000000e-02  1.14000000e-02  8.89299241e-02  1.14000000e-02 -2.32893688e-03 
 1.15000000e-02  1.15000000e-02  1.15000000e-02  8.94666134e-02  1.15000000e-02 -2.32893701e-03 
 1.16000000e-02  1.16000000e-02  1.16000000e-02  9.00826155e-02  1.16000000e-02 -2.32893705e-03 
 1.17000000e-02  1.17000000e-02  1.17000000e-02  9.05418983e-02  1.17000000e-02 -2.32893722e-03 
 1.18000000e-02  1.18000000e-02  1.18000000e-02  9.11048997e-02  1.18000000e-02 -2.32893728e-03 
 1.19000000e-02  1.19000000e-02  1.19000000e-02  9.16162865e-02  1.19000000e-02 -2.32893742e-03 
 1.20000000e-02  1.20000000e-02  1.20000000e-02  9.22362226e-02  1.20000000e-02 -2.32893746e-03 
 1.21000000e-02  1.21000000e-02  1.21000000e-02  9.26920941e-02  1.21000000e-02 -2.32893763e-03 
 1.22000000e-02  1.22000000e-02  1.22000000e-02  9.32565121e-02  1.22000000e-02 -2.32893769e-03 
 1.23000000e-02  1.23000000e-02  1.23000000e-02  9.38452834e-02  1.23000000e-02 -2.32893778e-03 
 1.24000000e-02  1.24000000e-02  1.24000000e-02  9.43148516e-02  1.24000000e-02 -2.32893790e-03 
 1.25000000e-02  1.25000000e-02  1.25000000e-02  9.48659972e-02  1.25000000e-02 -2.32893800e-03 
 1.26000000e-02  1.26000000e-02  1.26000000e-02  9.53837216e-02  1.26000000e-02 -2.32893810e-03 
 1.27000000e-02  1.27000000e-02  1.27000000e-02  9.59233868e-02  1.27000000e-02 -2.32893822e-03 
 1.28000000e-02  1.28000000e-02  1.28000000e-02  9.64562589e-02  1.28000000e-02 -2.32893830e-03 
 1.29000000e-02  1.29000000e-02  1.29000000e-02  9.69915475e-02  1.29000000e-02 -2.32893842e-03 
 1.30000000e-02  1.30000000e-02  1.30000000e-02  9.76058810e-02  1.30000000e-02 -2.32893846e-03 
 1.31000000e-02  1.31000000e-02  1.31000000e-02  9.80642997e-02  1.31000000e-02 -2.32893863e-03 
 1.32000000e-02  1.32000000e-02  1.32000000e-02  9.86259018e-02  1.32000000e-02 -2.32893869e-03 
 1.33000000e-02  1.33000000e-02  1.33000000e-02  9.91359619e-02  1.33000000e-02 -2.32893883e-03 
 1.34000000e-02  1.34000000e-02  1.34000000e-02  9.97542809e-02  1.34000000e-02 -2.32893886e-03 
 1.35000000e-02  1.35000000e-02  1.35000000e-02  1.00209137e-01  1.35000000e-02 -2.32893903e-03 
 1.36000000e-02  1.36000000e-02  1.36000000e-02  1.00772311e-01  1.36000000e-02 -2.32893908e-03 
 1.37000000e-02  1.37000000e-02  1.37000000e-02  1.01359223e-01  1.37000000e-02 -2.32893917e-03 
 1.38000000e-02  1.38000000e-02  1.38000000e-02  1.01828127e-01  1.38000000e-02 -2.32893929e-03 
 1.39000000e-02  1.39000000e-02  1.39000000e-02  1.02377542e-01  1.39000000e-02 -2.32893939e-03 
 1.40000000e-02  1.40000000e-02  1.40000000e-02  1.02894262e-01  1.40000000e-02 -2.32893949e-03 
 1.41000000e-02  1.41000000e-02  1.41000000e-02  1.03432342e-01  1.41000000e-02 -2.32893960e-03 
 1.42000000e-02  1.42000000e-02  1.42000000e-02  1.03964038e-01  1.42000000e-02 -2.32893968e-03 
 1.43000000e-02  1.43000000e-02  1.43000000e-02  1.04497785e-01  1.43000000e-02 -2.32893980e-03 
 1.44000000e-02  1.44000000e-02  1.44000000e-02  1.05110330e-01  1.44000000e-02 -2.32893983e-03 
 1.45000000e-02  1.45000000e-02  1.45000000e-02  1.05567788e-01  1.45000000e-02 -2.32893999e-03 
 1.46000000e-02  1.46000000e-02  1.46000000e-02  1.06127906e-01  1.46000000e-02 -2.32894005e-03 
 1.47000000e-02  1.47000000e-02  1.47000000e-02  1.06636492e-01  1.47000000e-02 -2.32894019e-03 
 1.48000000e-02  1.48000000e-02  1.48000000e-02  1.07253095e-01  1.48000000e-02 -2.32894020e-03 
 1.49000000e-02  1.49000000e-02  1.49000000e-02  1.07706818e-01  1.49000000e-02 -2.32894038e-03 
 1.50000000e-02  1.50000000e-02  1.50000000e-02  1.08268689e-01  1.50000000e-02 -2.32894042e-03 
 1.51000000e-02  1.51000000e-02  1.51000000e-02  1.08853570e-01  1.51000000e-02 -2.32894051e-03 
 1.52000000e-02  1.52000000e-02  1.52000000e-02  1.09321771e-01  1.52000000e-02 -2.32894062e-03 
 1.53000000e-02  1.53000000e-02  1.53000000e-02  1.09869303e-01  1.53000000e-02 -2.32894072e-03 
 1.54000000e-02  1.54000000e-02  1.54000000e-02  1.10384955e-01  1.54000000e-02 -2.32894082e-03 
 1.55000000e-02  1.55000000e-02  1.55000000e-02  1.10921301e-01  1.55000000e-02 -2.32894092e-03 
 1.56000000e-02  1.56000000e-02  1.56000000e-02  1.11451757e-01  1.56000000e-02 -2.32894100e-03 
 1.57000000e-02  1.57000000e-02  1.57000000e-02  1.11983802e-01  1.57000000e-02 -2.32894111e-03 
 1.58000000e-02  1.58000000e-02  1.58000000e-02  1.12594452e-01  1.58000000e-02 -2.32894113e-03 
 1.59000000e-02  1.59000000e-02  1.59000000e-02  1.13050841e-01  1.59000000e-02 -2.32894130e-03 
 1.60000000e-02  1.60000000e-02  1.60000000e-02  1.13609405e-01  1.60000000e-02 -2.32894135e-03 
 1.61000000e-02  1.61000000e-02  1.61000000e-02  1.14116353e-01  1.61000000e-02 -2.32894148e-03 
 1.62000000e-02  1.62000000e-02  1.62000000e-02  1.14731152e-01  1.62000000e-02 -2.32894149e-03 
 1.63000000e-02  1.63000000e-02  1.63000000e-02  1.15183614e-01  1.63000000e-02 -2.32894167e-03 
 1.64000000e-02  1.64000000e-02  1.64000000e-02  1.15744137e-01  1.64000000e-02 -2.32894170e-03 
 1.65000000e-02  1.65000000e-02  1.65000000e-02  1.16326806e-01  1.65000000e-02 -2.32894178e-03 
 1.66000000e-02  1.66000000e-02  1.66000000e-02  1.16794272e-01  1.66000000e-02 -2.32894189e-03 
 1.67000000e-02  1.67000000e-02  1.67000000e-02  1.17339761e-01  1.67000000e-02 -2.32894198e-03 
 1.68000000e-02  1.68000000e-02  1.68000000e-02  1.17854286e-01  1.68000000e-02 -2.32894207e-03 
 1.69000000e-02  1.69000000e-02  1.69000000e-02  1.18388743e-01  1.69000000e-02 -2.32894217e-03 
 1.70000000e-02  1.70000000e-02  1.70000000e-02  1.18917904e-01  1.70000000e-02 -2.32894225e-03 
 1.71000000e-02  1.71000000e-02  1.71000000e-02  1.19448072e-01  1.71000000e-02 -2.32894235e-03 
 1.72000000e-02  1.72000000e-02  1.72000000e-02  1.20056733e-01  1.72000000e-02 -2.32894236e-03 
 1.73000000e-02  1.73000000e-02  1.73000000e-02  1.20511931e-01  1.73000000e-02 -2.32894253e-03 
 1.74000000e-02  1.74000000e-02  1.74000000e-02  1.21068882e-01  1.74000000e-02 -2.32894257e-03 
 1.75000000e-02  1.75000000e-02  1.75000000e-02  1.21574015e-01  1.75000000e-02 -2.32894270e-03 
 1.76000000e-02  1.76000000e-02  1.76000000e-02  1.22186934e-01  1.76000000e-02 -2.32894269e-03 
 1.77000000e-02  1.77000000e-02  1.77000000e-02  1.22637998e-01  1.77000000e-02 -2.32894287e-03 
 1.78000000e-02  1.78000000e-02  1.78000000e-02  1.23197134e-01  1.78000000e-02 -2.32894290e-03 
 1.79000000e-02  1.79000000e-02  1.79000000e-02  1.23777406e-01  1.79000000e-02 -2.32894297e-03 
 1.80000000e-02  1.80000000e-02  1.80000000e-02  1.24244108e-01  1.80000000e-02 -2.32894308e-03 
 1.81000000e-02  1.81000000e-02  1.81000000e-02  1.24787392e-01  1.81000000e-02 -2.32894316e-03 
 1.82000000e-02  1.82000000e-02  1.82000000e-02  1.25300732e-01  1.82000000e-02 -2.32894325e-03 
 1.83000000e-02  1.83000000e-02  1.83000000e-02  1.25833140e-01  1.83000000e-02 -2.32894334e-03 
 1.84000000e-02  1.84000000e-02  1.84000000e-02  1.26360958e-01  1.84000000e-02 -2.32894341e-03 
 1.85000000e-02  1.85000000e-02  1.85000000e-02  1.26889064e-01  1.85000000e-02 -2.32894351e-03 
 1.86000000e-02  1.86000000e-02  1.86000000e-02  1.27495648e-01  1.86000000e-02 -2.32894351e-03 
 1.87000000e-02  1.87000000e-02  1.87000000e-02  1.27949525e-01  1.87000000e-02 -2.32894368e-03 
 1.88000000e-02  1.88000000e-02  1.88000000e-02  1.28504812e-01  1.88000000e-02 -2.32894371e-03 
 1.89000000e-02  1.89000000e-02  1.89000000e-02  1.29007946e-01  1.89000000e-02 -2.32894384e-03 
 1.90000000e-02  1.90000000e-02  1.90000000e-02  1.29618914e-01  1.90000000e-02 -2.32894381e-03 
 1.91000000e-02  1.91000000e-02  1.91000000e-02  1.30068436e-01  1.91000000e-02 -2.32894399e-03 
 1.92000000e-02  1.92000000e-02  1.92000000e-02  1.30626153e-01  1.92000000e-02 -2.32894401e-03 
 1.93000000e-02  1.93000000e-02  1.93000000e-02  1.31203840e-01  1.93000000e-02 -2.32894407e-03 
 1.94000000e-02  1.94000000e-02  1.94000000e-02  1.31669751e-01  1.94000000e-02 -2.32894417e-03 
 1.95000000e-02  1.95000000e-02  1.95000000e-02  1.32210664e-01  1.95000000e-02 -2.32894425e-03 
 1.96000000e-02  1.96000000e-02  1.96000000e-02  1.32722766e-01  1.96000000e-02 -2.32894433e-03 
 1.97000000e-02  1.97000000e-02  1.97000000e-02  1.33252956e-01  1.97000000e-02 -2.32894442e-03 
 1.98000000e-02  1.98000000e-02  1.98000000e-02  1.33779390e-01  1.98000000e-02 -2.32894448e-03 
 1.99000000e-02  1.99000000e-02  1.99000000e-02  1.34305240e-01  1.99000000e-02 -2.32894457e-03 
 2.00000000e-02  2.00000000e-02  2.00000000e-02  1.34909665e-01  2.00000000e-02 -2.32894456e-03 
 2.01000000e-02  2.01000000e-02  2.01000000e-02  1.35362087e-01  2.01000000e-02 -2.32894472e-03 
 2.02000000e-02  2.02000000e-02  2.02000000e-02  1.35915663e-01  2.02000000e-02 -2.32894474e-03 
 2.03000000e-02  2.03000000e-02  2.03000000e-02  1.36416607e-01  2.03000000e-02 -2.32894487e-03 
 2.04000000e-02  2.04000000e-02  2.04000000e-02  1.37025558e-01  2.04000000e-02 -2.32894483e-03 
 2.05000000e-02  2.05000000e-02  2.05000000e-02  1.37473390e-01  2.05000000e-02 -2.32894501e-03 
 2.06000000e-02  2.06000000e-02  2.06000000e-02  1.38086071e-01  2.06000000e-02 -2.32894497e-03 
 2.07000000e-02  2.07000000e-02  2.07000000e-02  1.38529423e-01  2.07000000e-02 -2.32894515e-03 
 2.08000000e-02  2.08000000e-02  2.08000000e-02  1.39086435e-01  2.08000000e-02 -2.32894515e-03 
 2.09000000e-02  2.09000000e-02  2.09000000e-02  1.39659698e-01  2.09000000e-02 -2.32894520e-03 
 2.10000000e-02  2.10000000e-02  2.10000000e-02  1.40124961e-01  2.10000000e-02 -2.32894530e-03 
 2.11000000e-02  2.11000000e-02  2.11000000e-02  1.40662645e-01  2.11000000e-02 -2.32894537e-03 
 2.12000000e-02  2.12000000e-02  2.12000000e-02  1.41173302e-01  2.12000000e-02 -2.32894544e-03 
 2.13000000e-02  2.13000000e-02  2.13000000e-02  1.41700719e-01  2.13000000e-02 -2.32894552e-03 
 2.14000000e-02  2.14000000e-02  2.14000000e-02  1.42225455e-01  2.14000000e-02 -2.32894557e-03 
 2.15000000e-02  2.15000000e-02  2.15000000e-02  1.42748572e-01  2.15000000e-02 -2.32894565e-03 
 2.16000000e-02  2.16000000e-02  2.16000000e-02  1.43350346e-01  2.16000000e-02 -2.32894562e-03 
 2.17000000e-02  2.17000000e-02  2.17000000e-02  1.43801013e-01  2.17000000e-02 -2.32894578e-03 
 2.18000000e-02  2.18000000e-02  2.18000000e-02  1.44352488e-01  2.18000000e-02 -2.32894579e-03 
 2.19000000e-02  2.19000000e-02  2.19000000e-02  1.44850792e-01  2.19000000e-02 -2.32894591e-03 
 2.20000000e-02  2.20000000e-02  2.20000000e-02  1.45457272e-01  2.20000000e-02 -2.32894585e-03 
 2.21000000e-02  2.21000000e-02  2.21000000e-02  1.45903063e-01  2.21000000e-02 -2.32894604e-03 
 2.22000000e-02  2.22000000e-02  2.22000000e-02  1.46513094e-01  2.22000000e-02 -2.32894597e-03 
 2.23000000e-02  2.23000000e-02  2.23000000e-02  1.46954529e-01  2.23000000e-02 -2.32894615e-03 
 2.24000000e-02  2.24000000e-02  2.24000000e-02  1.47564261e-01  2.24000000e-02 -2.32894608e-03 
 2.25000000e-02  2.25000000e-02  2.25000000e-02  1.48005227e-01  2.25000000e-02 -2.32894626e-03 
 2.26000000e-02  2.26000000e-02  2.26000000e-02  1.48614462e-01  2.26000000e-02 -2.32894619e-03 
 2.27000000e-02  2.27000000e-02  2.27000000e-02  1.49055251e-01  2.27000000e-02 -2.32894637e-03 
 2.28000000e-02  2.28000000e-02  2.28000000e-02  1.49664033e-01  2.28000000e-02 -2.32894630e-03 
 2.29000000e-02  2.29000000e-02  2.29000000e-02  1.50104638e-01  2.29000000e-02 -2.32894648e-03 
 2.30000000e-02  2.30000000e-02  2.30000000e-02  1.50713000e-01  2.30000000e-02 -2.32894641e-03 
 2.31000000e-02  2.31000000e-02  2.31000000e-02  1.51153399e-01  2.31000000e-02 -2.32894659e-03 
 2.32000000e-02  2.32000000e-02  2.32000000e-02  1.51761362e-01  2.32000000e-02 -2.32894651e-03 
 2.33000000e-02  2.33000000e-02  2.33000000e-02  1.52201538e-01  2.33000000e-02 -2.32894669e-03 
 2.34000000e-02  2.34000000e-02  2.34000000e-02  1.52809112e-01  2.34000000e-02 -2.32894661e-03 
 2.35000000e-02  2.35000000e-02  2.35000000e-02  1.53249054e-01  2.35000000e-02 -2.32894679e-03 
 2.36000000e-02  2.36000000e-02  2.36000000e-02  1.53856247e-01  2.36000000e-02 -2.32894670e-03 
 2.37000000e-02  2.37000000e-02  2.37000000e-02  1.54295945e-01  2.37000000e-02 -2.32894688e-03 
 2.38000000e-02  2.38000000e-02  2.38000000e-02  1.54902762e-01  2.38000000e-02 -2.32894680e-03 
 2.39000000e-02  2.39000000e-02  2.39000000e-02  1.55342208e-01  2.39000000e-02 -2.32894698e-03 
 2.40000000e-02  2.40000000e-02  2.40000000e-02  1.55948651e-01  2.40000000e-02 -2.32894689e-03 
 2.41000000e-02  2.41000000e-02  2.41000000e-02  1.56387840e-01  2.41000000e-02 -2.32894707e-03 
 2.42000000e-02  2.42000000e-02  2.42000000e-02  1.56993910e-01  2.42000000e-02 -2.32894698e-03 
 2.43000000e-02  2.43000000e-02  2.43000000e-02  1.57432836e-01  2.43000000e-02 -2.32894715e-03 
 2.44000000e-02  2.44000000e-02  2.44000000e-02  1.58038534e-01  2.44000000e-02 -2.32894706e-03 
 2.45000000e-02  2.45000000e-02  2.45000000e-02  1.58477194e-01  2.45000000e-02 -2.32894724e-03 
 2.46000000e-02  2.46000000e-02  2.46000000e-02  1.59082519e-01  2.46000000e-02 -2.32894714e-03 
 2.47000000e-02  2.47000000e-02  2.47000000e-02  1.59520909e-01  2.47000000e-02 -2.32894732e-03 
 2.48000000e-02  2.48000000e-02  2.48000000e-02  1.60125859e-01  2.48000000e-02 -2.32894722e-03 
 2.49000000e-02  2.49000000e-02  2.49000000e-02  1.60563976e-01  2.49000000e-02 -2.32894740e-03 
 2.50000000e-02  2.50000000e-02  2.50000000e-02  1.61168551e-01  2.50000000e-02 -2.32894729e-03 
 2.51000000e-02  2.51000000e-02  2.51000000e-02  1.61606392e-01  2.51000000e-02 -2.32894747e-03 
 2.52000000e-02  2.52000000e-02  2.52000000e-02  1.62210590e-01  2.52000000e-02 -2.32894737e-03 
 2.53000000e-02  2.53000000e-02  2.53000000e-02  1.62648152e-01  2.53000000e-02 -2.32894754e-03 
 2.54000000e-02  2.54000000e-02  2.54000000e-02  1.63251970e-01  2.54000000e-02 -2.32894743e-03 
 2.55000000e-02  2.55000000e-02  2.55000000e-02  1.63689252e-01  2.55000000e-02 -2.32894761e-03 
 2.56000000e-02  2.56000000e-02  2.56000000e-02  1.64292689e-01  2.56000000e-02 -2.32894750e-03 
 2.57000000e-02  2.57000000e-02  2.57000000e-02  1.64729687e-01  2.57000000e-02 -2.32894767e-03 
 2.58000000e-02  2.58000000e-02  2.58000000e-02  1.65332740e-01  2.58000000e-02 -2.32894756e-03 
 2.59000000e-02  2.59000000e-02  2.59000000e-02  1.65769452e-01  2.59000000e-02 -2.32894773e-03 
 2.60000000e-02  2.60000000e-02  2.60000000e-02  1.66372119e-01  2.60000000e-02 -2.32894762e-03 
 2.61000000e-02  2.61000000e-02  2.61000000e-02  1.66808543e-01  2.61000000e-02 -2.32894779e-03 
 2.62000000e-02  2.62000000e-02  2.62000000e-02  1.67410822e-01  2.62000000e-02 -2.32894767e-03 
 2.63000000e-02  2.63000000e-02  2.63000000e-02  1.67846956e-01  2.63000000e-02 -2.32894785e-03 
 2.64000000e-02  2.64000000e-02  2.64000000e-02  1.68448844e-01  2.64000000e-02 -2.32894772e-03 
 2.65000000e-02  2.65000000e-02  2.65000000e-02  1.68884685e-01  2.65000000e-02 -2.32894790e-03 
 2.66000000e-02  2.66000000e-02  2.66000000e-02  1.69486180e-01  2.66000000e-02 -2.32894777e-03 
 2.67000000e-02  2.67000000e-02  2.67000000e-02  1.69921727e-01  2.67000000e-02 -2.32894794e-03 
 2.68000000e-02  2.68000000e-02  2.68000000e-02  1.70522827e-01  2.68000000e-02 -2.32894781e-03 
 2.69000000e-02  2.69000000e-02  2.69000000e-02  1.70958076e-01  2.69000000e-02 -2.32894799e-03 
 2.70000000e-02  2.70000000e-02  2.70000000e-02  1.71558778e-01  2.70000000e-02 -2.32894785e-03 
 2.71000000e-02  2.71000000e-02  2.71000000e-02  1.71993729e-01  2.71000000e-02 -2.32894803e-03 
 2.72000000e-02  2.72000000e-02  2.72000000e-02  1.72594030e-01  2.72000000e-02 -2.32894789e-03 
 2.73000000e-02  2.73000000e-02  2.73000000e-02  1.73028680e-01  2.73000000e-02 -2.32894806e-03 
 2.74000000e-02  2.74000000e-02  2.74000000e-02  1.73628578e-01  2.74000000e-02 -2.32894792e-03 
 2.75000000e-02  2.75000000e-02  2.75000000e-02  1.74062925e-01  2.75000000e-02 -2.32894809e-03 
 2.76000000e-02  2.76000000e-02  2.76000000e-02  1.74662418e-01  2.76000000e-02 -2.32894795e-03 
 2.77000000e-02  2.77000000e-02  2.77000000e-02  1.75096459e-01  2.77000000e-02 -2.32894812e-03 
 2.78000000e-02  2.78000000e-02  2.78000000e-02  1.75695544e-01  2.78000000e-02 -2.32894797e-03 
 2.79000000e-02  2.79000000e-02  2.79000000e-02  1.76129278e-01  2.79000000e-02 -2.32894815e-03 
 2.80000000e-02  2.80000000e-02  2.80000000e-02  1.76727952e-01  2.80000000e-02 -2.32894800e-03 
 2.81000000e-02  2.81000000e-02  2.81000000e-02  1.77161377e-01  2.81000000e-02 -2.32894817e-03 
 2.82000000e-02  2.82000000e-02  2.82000000e-02  1.77759638e-01  2.82000000e-02 -2.32894801e-03 
 2.83000000e-02  2.83000000e-02  2.83000000e-02  1.78192752e-01  2.83000000e-02 -2.32894818e-03 
 2.84000000e-02  2.84000000e-02  2.84000000e-02  1.78790597e-01  2.84000000e-02 -2.32894803e-03 
 2.85000000e-02  2.85000000e-02  2.85000000e-02  1.79223397e-01  2.85000000e-02 -2.32894819e-03 
 2.86000000e-02  2.86000000e-02  2.86000000e-02  1.79820824e-01  2.86000000e-02 -2.32894803e-03 
 2.87000000e-02  2.87000000e-02  2.87000000e-02  1.80253308e-01  2.87000000e-02 -2.32894820e-03 
 2.88000000e-02  2.88000000e-02  2.88000000e-02  1.80850314e-01  2.88000000e-02 -2.32894804e-03 
 2.89000000e-02  2.89000000e-02  2.89000000e-02  1.81282481e-01  2.89000000e-02 -2.32894821e-03 
 2.90000000e-02  2.90000000e-02  2.90000000e-02  1.81879063e-01  2.90000000e-02 -2.32894804e-03 
 2.91000000e-02  2.91000000e-02  2.91000000e-02  1.82310910e-01  2.91000000e-02 -2.32894821e-03 
 2.92000000e-02  2.92000000e-02  2.92000000e-02  1.82907067e-01  2.92000000e-02 -2.32894804e-03 
 2.93000000e-02  2.93000000e-02  2.93000000e-02  1.83338592e-01  2.93000000e-02 -2.32894820e-03 
 2.94000000e-02  2.94000000e-02  2.94000000e-02  1.83934320e-01  2.94000000e-02 -2.32894803e-03 
 2.95000000e-02  2.95000000e-02  2.95000000e-02  1.84365522e-01  2.95000000e-02 -2.32894820e-03 
 2.96000000e-02  2.96000000e-02  2.96000000e-02  1.84960819e-01  2.96000000e-02 -2.32894802e-03 
 2.97000000e-02  2.97000000e-02  2.97000000e-02  1.85391694e-01  2.97000000e-02 -2.32894818e-03 
 2.98000000e-02  2.98000000e-02  2.98000000e-02  1.85986557e-01  2.98000000e-02 -2.32894800e-03 
 2.99000000e-02  2.99000000e-02  2.99000000e-02  1.86417105e-01  2.99000000e-02 -2.32894817e-03 
 3.00000000e-02  3.00000000e-02  3.00000000e-02  1.87011531e-01  3.00000000e-02 -2.32894798e-03 
 3.01000000e-02  3.01000000e-02  3.01000000e-02  1.87441749e-01  3.01000000e-02 -2.32894814e-03 
 3.02000000e-02  3.02000000e-02  3.02000000e-02  1.88035737e-01  3.02000000e-02 -2.32894796e-03 
 3.03000000e-02  3.03000000e-02  3.03000000e-02  1.88465622e-01  3.03000000e-02 -2.32894812e-03 
 3.04000000e-02  3.04000000e-02  3.04000000e-02  1.89059168e-01  3.04000000e-02 -2.32894793e-03 
 3.05000000e-02  3.05000000e-02  3.05000000e-02  1.89488720e-01  3.05000000e-02 -2.32894809e-03 
 3.06000000e-02  3.06000000e-02  3.06000000e-02  1.90081821e-01  3.06000000e-02 -2.32894789e-03 
 3.07000000e-02  3.07000000e-02  3.07000000e-02  1.90511037e-01  3.07000000e-02 -2.32894806e-03 
 3.08000000e-02  3.08000000e-02  3.08000000e-02  1.91103692e-01  3.08000000e-02 -2.32894786e-03 
 3.09000000e-02  3.09000000e-02  3.09000000e-02  1.91532569e-01  3.09000000e-02 -2.32894802e-03 
 3.10000000e-02  3.10000000e-02  3.10000000e-02  1.92124774e-01  3.10000000e-02 -2.32894781e-03 
 3.11000000e-02  3.11000000e-02  3.11000000e-02  1.92553311e-01  3.11000000e-02 -2.32894797e-03 
 3.12000000e-02  3.12000000e-02  3.12000000e-02  1.93145064e-01  3.12000000e-02 -2.32894777e-03 
 3.13000000e-02  3.13000000e-02  3.13000000e-02  1.93573259e-01  3.13000000e-02 -2.32894793e-03 
 3.14000000e-02  3.14000000e-02  3.14000000e-02  1.94164557e-01  3.14000000e-02 -2.32894771e-03 
 3.15000000e-02  3.15000000e-02  3.15000000e-02  1.94592407e-01  3.15000000e-02 -2.32894787e-03 
 3.16000000e-02  3.16000000e-02  3.16000000e-02  1.95183249e-01  3.16000000e-02 -2.32894766e-03 
 3.17000000e-02  3.17000000e-02  3.17000000e-02  1.95610752e-01  3.17000000e-02 -2.32894782e-03 
 3.18000000e-02  3.18000000e-02  3.18000000e-02  1.96201134e-01  3.18000000e-02 -2.32894760e-03 
 3.19000000e-02  3.19000000e-02  3.19000000e-02  1.96628289e-01  3.19000000e-02 -2.32894775e-03 
 3.20000000e-02  3.20000000e-02  3.20000000e-02  1.97218207e-01  3.20000000e-02 -2.32894753e-03 
 3.21000000e-02  3.21000000e-02  3.21000000e-02  1.97645012e-01  3.21000000e-02 -2.32894769e-03 
 3.22000000e-02  3.22000000e-02  3.22000000e-02  1.98234465e-01  3.22000000e-02 -2.32894746e-03 
 3.23000000e-02  3.23000000e-02  3.23000000e-02  1.98660918e-01  3.23000000e-02 -2.32894762e-03 
 3.24000000e-02  3.24000000e-02  3.24000000e-02  1.99249903e-01  3.24000000e-02 -2.32894739e-03 
 3.25000000e-02  3.25000000e-02  3.25000000e-02  1.99676001e-01  3.25000000e-02 -2.32894754e-03 
 3.26000000e-02  3.26000000e-02  3.26000000e-02  2.00264515e-01  3.26000000e-02 -2.32894731e-03 
 3.27000000e-02  3.27000000e-02  3.27000000e-02  2.00690257e-01  3.27000000e-02 -2.32894746e-03 
 3.28000000e-02  3.28000000e-02  3.28000000e-02  2.01278297e-01  3.28000000e-02 -2.32894722e-03 
 3.29000000e-02  3.29000000e-02  3.29000000e-02  2.01703681e-01  3.29000000e-02 -2.32894737e-03 
 3.30000000e-02  3.30000000e-02  3.30000000e-02  2.02291245e-01  3.30000000e-02 -2.32894713e-03 
 3.31000000e-02  3.31000000e-02  3.31000000e-02  2.02716268e-01  3.31000000e-02 -2.32894728e-03 
 3.32000000e-02  3.32000000e-02  3.32000000e-02  2.03303354e-01  3.32000000e-02 -2.32894703e-03 
 3.33000000e-02  3.33000000e-02  3.33000000e-02  2.03728014e-01  3.33000000e-02 -2.32894718e-03 
 3.34000000e-02  3.34000000e-02  3.34000000e-02  2.04314618e-01  3.34000000e-02 -2.32894693e-03 
 3.35000000e-02  3.35000000e-02  3.35000000e-02  2.04738913e-01  3.35000000e-02 -2.32894708e-03 
 3.36000000e-02  3.36000000e-02  3.36000000e-02  2.05325034e-01  3.36000000e-02 -2.32894683e-03 
 3.37000000e-02  3.37000000e-02  3.37000000e-02  2.05748962e-01  3.37000000e-02 -2.32894698e-03 
 3.38000000e-02  3.38000000e-02  3.38000000e-02  2.06334596e-01  3.38000000e-02 -2.32894672e-03 
 3.39000000e-02  3.39000000e-02  3.39000000e-02  2.06758156e-01  3.39000000e-02 -2.32894687e-03 
 3.40000000e-02  3.40000000e-02  3.40000000e-02  2.07343300e-01  3.40000000e-02 -2.32894660e-03 
 3.41000000e-02  3.41000000e-02  3.41000000e-02  2.07766489e-01  3.41000000e-02 -2.32894675e-03 
 3.42000000e-02  3.42000000e-02  3.42000000e-02  2.08351141e-01  3.42000000e-02 -2.32894648e-03 
 3.43000000e-02  3.43000000e-02  3.43000000e-02  2.08773958e-01  3.43000000e-02 -2.32894663e-03 
 3.44000000e-02  3.44000000e-02  3.44000000e-02  2.09358114e-01  3.44000000e-02 -2.32894636e-03 
 3.45000000e-02  3.45000000e-02  3.45000000e-02  2.09780557e-01  3.45000000e-02 -2.32894650e-03 
 3.46000000e-02  3.46000000e-02  3.46000000e-02  2.10364215e-01  3.46000000e-02 -2.32894623e-03 
 3.47000000e-02  3.47000000e-02  3.47000000e-02  2.10786281e-01  3.47000000e-02 -2.32894637e-03 
 3.48000000e-02  3.48000000e-02  3.48000000e-02  2.11369439e-01  3.48000000e-02 -2.32894609e-03 
 3.49000000e-02  3.49000000e-02  3.49000000e-02  2.11791126e-01  3.49000000e-02 -2.32894623e-03 
 3.50000000e-02  3.50000000e-02  3.50000000e-02  2.12373781e-01  3.50000000e-02 -2.32894595e-03 
 3.51000000e-02  3.51000000e-02  3.51000000e-02  2.12865807e-01  3.51000000e-02 -2.32894592e-03 
 3.52000000e-02  3.52000000e-02  3.52000000e-02  2.13325505e-01  3.52000000e-02 -2.32894591e-03 
 3.53000000e-02  3.53000000e-02  3.53000000e-02  2.13824996e-01  3.53000000e-02 -2.32894584e-03 
 3.54000000e-02  3.54000000e-02  3.54000000e-02  2.14373316e-01  3.54000000e-02 -2.32894568e-03 
 3.55000000e-02  3.55000000e-02  3.55000000e-02  2.14874963e-01  3.55000000e-02 -2.32894559e-03 
 3.56000000e-02  3.56000000e-02  3.56000000e-02  2.15328464e-01  3.56000000e-02 -2.32894561e-03 
 3.57000000e-02  3.57000000e-02  3.57000000e-02  2.15829443e-01  3.57000000e-02 -2.32894552e-03 
 3.58000000e-02  3.58000000e-02  3.58000000e-02  2.16375664e-01  3.58000000e-02 -2.32894535e-03 
 3.59000000e-02  3.59000000e-02  3.59000000e-02  2.16876554e-01  3.59000000e-02 -2.32894527e-03 
 3.60000000e-02  3.60000000e-02  3.60000000e-02  2.17329255e-01  3.60000000e-02 -2.32894528e-03 
 3.61000000e-02  3.61000000e-02  3.61000000e-02  2.17829391e-01  3.61000000e-02 -2.32894518e-03 
 3.62000000e-02  3.62000000e-02  3.62000000e-02  2.18374462e-01  3.62000000e-02 -2.32894501e-03 
 3.63000000e-02  3.63000000e-02  3.63000000e-02  2.18874458e-01  3.63000000e-02 -2.32894492e-03 
 3.64000000e-02  3.64000000e-02  3.64000000e-02  2.19326428e-01  3.64000000e-02 -2.32894492e-03 
 3.65000000e-02  3.65000000e-02  3.65000000e-02  2.19825672e-01  3.65000000e-02 -2.32894482e-03 
 3.66000000e-02  3.66000000e-02  3.66000000e-02  2.20369603e-01  3.66000000e-02 -2.32894464e-03 
 3.67000000e-02  3.67000000e-02  3.67000000e-02  2.20868691e-01  3.67000000e-02 -2.32894455e-03 
 3.68000000e-02  3.68000000e-02  3.68000000e-02  2.21319923e-01  3.68000000e-02 -2.32894455e-03 
 3.69000000e-02  3.69000000e-02  3.69000000e-02  2.21818266e-01  3.69000000e-02 -2.32894444e-03 
 3.70000000e-02  3.70000000e-02  3.70000000e-02  2.22361046e-01  3.70000000e-02 -2.32894426e-03 
 3.71000000e-02  3.71000000e-02  3.71000000e-02  2.22859215e-01  3.71000000e-02 -2.32894415e-03 
 3.72000000e-02  3.72000000e-02  3.72000000e-02  2.23309703e-01  3.72000000e-02 -2.32894415e-03 
 3.73000000e-02  3.73000000e-02  3.73000000e-02  2.23856861e-01  3.73000000e-02 -2.32894393e-03 
 3.74000000e-02  3.74000000e-02  3.74000000e-02  2.24349238e-01  3.74000000e-02 -2.32894384e-03 
 3.75000000e-02  3.75000000e-02  3.75000000e-02  2.24800769e-01  3.75000000e-02 -2.32894383e-03 
 3.76000000e-02  3.76000000e-02  3.76000000e-02  2.25345848e-01  3.76000000e-02 -2.32894361e-03 
 3.77000000e-02  3.77000000e-02  3.77000000e-02  2.25837643e-01  3.77000000e-02 -2.32894352e-03 
 3.78000000e-02  3.78000000e-02  3.78000000e-02  2.26288506e-01  3.78000000e-02 -2.32894350e-03 
 3.79000000e-02  3.79000000e-02  3.79000000e-02  2.26832726e-01  3.79000000e-02 -2.32894328e-03 
 3.80000000e-02  3.80000000e-02  3.80000000e-02  2.27323810e-01  3.80000000e-02 -2.32894318e-03 
 3.81000000e-02  3.81000000e-02  3.81000000e-02  2.27774104e-01  3.81000000e-02 -2.32894316e-03 
 3.82000000e-02  3.82000000e-02  3.82000000e-02  2.28317446e-01  3.82000000e-02 -2.32894293e-03 
 3.83000000e-02  3.83000000e-02  3.83000000e-02  2.28807822e-01  3.83000000e-02 -2.32894283e-03 
 3.84000000e-02  3.84000000e-02  3.84000000e-02  2.29306326e-01  3.84000000e-02 -2.32894270e-03 
 3.85000000e-02  3.85000000e-02  3.85000000e-02  2.29800005e-01  3.85000000e-02 -2.32894258e-03 
 3.86000000e-02  3.86000000e-02  3.86000000e-02  2.30294043e-01  3.86000000e-02 -2.32894245e-03 
 3.87000000e-02  3.87000000e-02  3.87000000e-02  2.30787480e-01  3.87000000e-02 -2.32894233e-03 
 3.88000000e-02  3.88000000e-02  3.88000000e-02  2.31280719e-01  3.88000000e-02 -2.32894220e-03 
 3.89000000e-02  3.89000000e-02  3.89000000e-02  2.31773685e-01  3.89000000e-02 -2.32894207e-03 
 3.90000000e-02  3.90000000e-02  3.90000000e-02  2.32266410e-01  3.90000000e-02 -2.32894194e-03 
 3.91000000e-02  3.91000000e-02  3.91000000e-02  2.32758887e-01  3.91000000e-02 -2.32894181e-03 
 3.92000000e-02  3.92000000e-02  3.92000000e-02  2.33251118e-01  3.92000000e-02 -2.32894168e-03 
 3.93000000e-02  3.93000000e-02  3.93000000e-02  2.33743102e-01  3.93000000e-02 -2.32894155e-03 
 3.94000000e-02  3.94000000e-02  3.94000000e-02  2.34234839e-01  3.94000000e-02 -2.32894141e-03 
 3.95000000e-02  3.95000000e-02  3.95000000e-02  2.34726328e-01  3.95000000e-02 -2.32894127e-03 
 3.96000000e-02  3.96000000e-02  3.96000000e-02  2.35217569e-01  3.96000000e-02 -2.32894113e-03 
 3.97000000e-02  3.97000000e-02  3.97000000e-02  2.35708560e-01  3.97000000e-02 -2.32894099e-03 
 3.98000000e-02  3.98000000e-02  3.98000000e-02  2.36199302e-01  3.98000000e-02 -2.32894085e-03 
 3.99000000e-02  3.99000000e-02  3.99000000e-02  2.36689794e-01  3.99000000e-02 -2.32894071e-03 
 4.00000000e-02  4.00000000e-02  4.00000000e-02  2.37180035e-01  4.00000000e-02 -2.32894056e-03 
 4.01000000e-02  4.01000000e-02  4.01000000e-02  2.37670024e-01  4.01000000e-02 -2.32894042e-03 
 4.02000000e-02  4.02000000e-02  4.02000000e-02  2.38159761e-01  4.02000000e-02 -2.32894027e-03 
 4.03000000e-02  4.03000000e-02  4.03000000e-02  2.38649246e-01  4.03000000e-02 -2.32894012e-03 
 4.04000000e-02  4.04000000e-02  4.04000000e-02  2.39138477e-01  4.04000000e-02 -2.32893997e-03 
 4.05000000e-02  4.05000000e-02  4.05000000e-02  2.39627455e-01  4.05000000e-02 -2.32893982e-03 
 4.06000000e-02  4.06000000e-02  4.06000000e-02  2.40116178e-01  4.06000000e-02 -2.32893966e-03 
 4.07000000e-02  4.07000000e-02  4.07000000e-02  2.40604646e-01  4.07000000e-02 -2.32893951e-03 
 4.08000000e-02  4.08000000e-02  4.08000000e-02  2.41092858e-01  4.08000000e-02 -2.32893935e-03 
 4.09000000e-02  4.09000000e-02  4.09000000e-02  2.41580814e-01  4.09000000e-02 -2.32893919e-03 
 4.10000000e-02  4.10000000e-02  4.10000000e-02  2.42068514e-01  4.10000000e-02 -2.32893903e-03 
 4.11000000e-02  4.11000000e-02  4.11000000e-02  2.42555956e-01  4.11000000e-02 -2.32893886e-03 
 4.12000000e-02  4.12000000e-02  4.12000000e-02  2.43043139e-01  4.12000000e-02 -2.32893870e-03 
 4.13000000e-02  4.13000000e-02  4.13000000e-02  2.43530065e-01  4.13000000e-02 -2.32893853e-03 
 4.14000000e-02  4.14000000e-02  4.14000000e-02  2.44016731e-01  4.14000000e-02 -2.32893837e-03 
 4.15000000e-02  4.15000000e-02  4.15000000e-02  2.44503137e-01  4.15000000e-02 -2.32893820e-03 
 4.16000000e-02  4.16000000e-02  4.16000000e-02  2.44989282e-01  4.16000000e-02 -2.32893803e-03 
 4.17000000e-02  4.17000000e-02  4.17000000e-02  2.45475167e-01  4.17000000e-02 -2.32893785e-03 
 4.18000000e-02  4.18000000e-02  4.18000000e-02  2.45960790e-01  4.18000000e-02 -2.32893768e-03 
 4.19000000e-02  4.19000000e-02  4.19000000e-02  2.46446150e-01  4.19000000e-02 -2.32893750e-03 
 4.20000000e-02  4.20000000e-02  4.20000000e-02  2.46931248e-01  4.20000000e-02 -2.32893733e-03 
 4.21000000e-02  4.21000000e-02  4.21000000e-02  2.47416082e-01  4.21000000e-02 -2.32893715e-03 
 4.22000000e-02  4.22000000e-02  4.22000000e-02  2.47900653e-01  4.22000000e-02 -2.32893697e-03 
 4.23000000e-02  4.23000000e-02  4.23000000e-02  2.48384958e-01  4.23000000e-02 -2.32893678e-03 
 4.24000000e-02  4.24000000e-02  4.24000000e-02  2.48868999e-01  4.24000000e-02 -2.32893660e-03 
 4.25000000e-02  4.25000000e-02  4.25000000e-02  2.49352773e-01  4.25000000e-02 -2.32893641e-03 
 4.26000000e-02  4.26000000e-02  4.26000000e-02  2.49836281e-01  4.26000000e-02 -2.32893623e-03 
 4.27000000e-02  4.27000000e-02  4.27000000e-02  2.50319522e-01  4.27000000e-02 -2.32893604e-03 
 4.28000000e-02  4.28000000e-02  4.28000000e-02  2.50802495e-01  4.28000000e-02 -2.32893585e-03 
 4.29000000e-02  4.29000000e-02  4.29000000e-02  2.51285200e-01  4.29000000e-02 -2.32893565e-03 
 4.30000000e-02  4.30000000e-02  4.30000000e-02  2.51767636e-01  4.30000000e-02 -2.32893546e-03 
 4.31000000e-02  4.31000000e-02  4.31000000e-02  2.52249803e-01  4.31000000e-02 -2.32893526e-03 
 4.32000000e-02  4.32000000e-02  4.32000000e-02  2.52731700e-01  4.32000000e-02 -2.32893507e-03 
 4.33000000e-02  4.33000000e-02  4.33000000e-02  2.53213326e-01  4.33000000e-02 -2.32893487e-03 
 4.34000000e-02  4.34000000e-02  4.34000000e-02  2.53694680e-01  4.34000000e-02 -2.32893466e-03 
 4.35000000e-02  4.35000000e-02  4.35000000e-02  2.54175763e-01  4.35000000e-02 -2.32893446e-03 
 4.36000000e-02  4.36000000e-02  4.36000000e-02  2.54656573e-01  4.36000000e-02 -2.32893426e-03 
 4.37000000e-02  4.37000000e-02  4.37000000e-02  2.55137111e-01  4.37000000e-02 -2.32893405e-03 
 4.38000000e-02  4.38000000e-02  4.38000000e-02  2.55617374e-01  4.38000000e-02 -2.32893384e-03 
 4.39000000e-02  4.39000000e-02  4.39000000e-02  2.56097363e-01  4.39000000e-02 -2.32893363e-03 
 4.40000000e-02  4.40000000e-02  4.40000000e-02  2.56577078e-01  4.40000000e-02 -2.32893342e-03 
 4.41000000e-02  4.41000000e-02  4.41000000e-02  2.57056517e-01  4.41000000e-02 -2.32893321e-03 
 4.42000000e-02  4.42000000e-02  4.42000000e-02  2.57535679e-01  4.42000000e-02 -2.32893299e-03 
 4.43000000e-02  4.43000000e-02  4.43000000e-02  2.58014565e-01  4.43000000e-02 -2.32893278e-03 
 4.44000000e-02  4.44000000e-02  4.44000000e-02  2.58493174e-01  4.44000000e-02 -2.32893256e-03 
 4.45000000e-02  4.45000000e-02  4.45000000e-02  2.58971505e-01  4.45000000e-02 -2.32893234e-03 
 4.46000000e-02  4.46000000e-02  4.46000000e-02  2.59449557e-01  4.46000000e-02 -2.32893211e-03 
 4.47000000e-02  4.47000000e-02  4.47000000e-02  2.59927331e-01  4.47000000e-02 -2.32893189e-03 
 4.48000000e-02  4.48000000e-02  4.48000000e-02  2.60404824e-01  4.48000000e-02 -2.32893166e-03 
 4.49000000e-02  4.49000000e-02  4.49000000e-02  2.60882038e-01  4.49000000e-02 -2.32893144e-03 
 4.50000000e-02  4.50000000e-02  4.50000000e-02  2.61358970e-01  4.50000000e-02 -2.32893121e-03 
 4.51000000e-02  4.51000000e-02  4.51000000e-02  2.61835621e-01  4.51000000e-02 -2.32893098e-03 
 4.52000000e-02  4.52000000e-02  4.52000000e-02  2.62311989e-01  4.52000000e-02 -2.32893074e-03 
 4.53000000e-02  4.53000000e-02  4.53000000e-02  2.62788075e-01  4.53000000e-02 -2.32893051e-03 
 4.54000000e-02  4.54000000e-02  4.54000000e-02  2.63263878e-01  4.54000000e-02 -2.32893027e-03 
 4.55000000e-02  4.55000000e-02  4.55000000e-02  2.63739397e-01  4.55000000e-02 -2.32893003e-03 
 4.56000000e-02  4.56000000e-02  4.56000000e-02  2.64214631e-01  4.56000000e-02 -2.32892979e-03 
 4.57000000e-02  4.57000000e-02  4.57000000e-02  2.64689580e-01  4.57000000e-02 -2.32892955e-03 
 4.58000000e-02  4.58000000e-02  4.58000000e-02  2.65164244e-01  4.58000000e-02 -2.32892931e-03 
 4.59000000e-02  4.59000000e-02  4.59000000e-02  2.65638621e-01  4.59000000e-02 -2.32892906e-03 
 4.60000000e-02  4.60000000e-02  4.60000000e-02  2.66112711e-01  4.60000000e-02 -2.32892882e-03 
 4.61000000e-02  4.61000000e-02  4.61000000e-02  2.66586513e-01  4.61000000e-02 -2.32892857e-03 
 4.62000000e-02  4.62000000e-02  4.62000000e-02  2.67060028e-01  4.62000000e-02 -2.32892832e-03 
 4.63000000e-02  4.63000000e-02  4.63000000e-02  2.67533253e-01  4.63000000e-02 -2.32892806e-03 
 4.64000000e-02  4.64000000e-02  4.64000000e-02  2.68006190e-01  4.64000000e-02 -2.32892781e-03 
 4.65000000e-02  4.65000000e-02  4.65000000e-02  2.68491596e-01  4.65000000e-02 -2.32892752e-03 
 4.66000000e-02  4.66000000e-02  4.66000000e-02  2.68963976e-01  4.66000000e-02 -2.32892726e-03 
 4.67000000e-02  4.67000000e-02  4.67000000e-02  2.69436293e-01  4.67000000e-02 -2.32892700e-03 
 4.68000000e-02  4.68000000e-02  4.68000000e-02  2.69908044e-01  4.68000000e-02 -2.32892673e-03 
 4.69000000e-02  4.69000000e-02  4.69000000e-02  2.70379507e-01  4.69000000e-02 -2.32892647e-03 
 4.70000000e-02  4.70000000e-02  4.70000000e-02  2.70850671e-01  4.70000000e-02 -2.32892620e-03 
 4.71000000e-02  4.71000000e-02  4.71000000e-02  2.71321541e-01  4.71000000e-02 -2.32892594e-03 
 4.72000000e-02  4.72000000e-02  4.72000000e-02  2.71792117e-01  4.72000000e-02 -2.32892567e-03 
 4.73000000e-02  4.73000000e-02  4.73000000e-02  2.72262398e-01  4.73000000e-02 -2.32892540e-03 
 4.74000000e-02  4.74000000e-02  4.74000000e-02  2.72732383e-01  4.74000000e-02 -2.32892512e-03 
 4.75000000e-02  4.75000000e-02  4.75000000e-02  2.73202073e-01  4.75000000e-02 -2.32892485e-03 
 4.76000000e-02  4.76000000e-02  4.76000000e-02  2.73671466e-01  4.76000000e-02 -2.32892457e-03 
 4.77000000e-02  4.77000000e-02  4.77000000e-02  2.74140562e-01  4.77000000e-02 -2.32892429e-03 
 4.78000000e-02  4.78000000e-02  4.78000000e-02  2.74609360e-01  4.78000000e-02 -2.32892401e-03 
 4.79000000e-02  4.79000000e-02  4.79000000e-02  2.75077860e-01  4.79000000e-02 -2.32892373e-03 
 4.80000000e-02  4.80000000e-02  4.80000000e-02  2.75546061e-01  4.80000000e-02 -2.32892345e-03 
 4.81000000e-02  4.81000000e-02  4.81000000e-02  2.76013962e-01  4.81000000e-02 -2.32892316e-03 
 4.82000000e-02  4.82000000e-02  4.82000000e-02  2.76481563e-01  4.82000000e-02 -2.32892287e-03 
 4.83000000e-02  4.83000000e-02  4.83000000e-02  2.76948863e-01  4.83000000e-02 -2.32892258e-03 
 4.84000000e-02  4.84000000e-02  4.84000000e-02  2.77415862e-01  4.84000000e-02 -2.32892229e-03 
 4.85000000e-02  4.85000000e-02  4.85000000e-02  2.77882559e-01  4.85000000e-02 -2.32892200e-03 
 4.86000000e-02  4.86000000e-02  4.86000000e-02  2.78352311e-01  4.86000000e-02 -2.32892169e-03 
 4.87000000e-02  4.87000000e-02  4.87000000e-02  2.78818398e-01  4.87000000e-02 -2.32892140e-03 
 4.88000000e-02  4.88000000e-02  4.88000000e-02  2.79284198e-01  4.88000000e-02 -2.32892110e-03 
 4.89000000e-02  4.89000000e-02  4.89000000e-02  2.79749673e-01  4.89000000e-02 -2.32892080e-03 
 4.90000000e-02  4.90000000e-02  4.90000000e-02  2.80214844e-01  4.90000000e-02 -2.32892049e-03 
 4.91000000e-02  4.91000000e-02  4.91000000e-02  2.80679708e-01  4.91000000e-02 -2.32892019e-03 
 4.92000000e-02  4.92000000e-02  4.92000000e-02  2.81145213e-01  4.92000000e-02 -2.32891988e-03 
 4.93000000e-02  4.93000000e-02  4.93000000e-02  2.81609462e-01  4.93000000e-02 -2.32891957e-03 
 4.94000000e-02  4.94000000e-02  4.94000000e-02  2.82073406e-01  4.94000000e-02 -2.32891926e-03 
 4.95000000e-02  4.95000000e-02  4.95000000e-02  2.82536105e-01  4.95000000e-02 -2.32891895e-03 
 4.96000000e-02  4.96000000e-02  4.96000000e-02  2.82999431e-01  4.96000000e-02 -2.32891864e-03 
 4.97000000e-02  4.97000000e-02  4.97000000e-02  2.83462444e-01  4.97000000e-02 -2.32891832e-03 
 4.98000000e-02  4.98000000e-02  4.98000000e-02  2.83925153e-01  4.98000000e-02 -2.32891800e-03 
 4.99000000e-02  4.99000000e-02  4.99000000e-02  2.84387551e-01  4.99000000e-02 -2.32891768e-03 
 5.00000000e-02  5.00000000e-02  5.00000000e-02  2.84846442e-01  5.00000000e-02 -2.32891737e-03 
 5.01000000e-02  5.01000000e-02  5.01000000e-02  2.85308213e-01  5.01000000e-02 -2.32891704e-03 
 5.02000000e-02  5.02000000e-02  5.02000000e-02  2.85769618e-01  5.02000000e-02 -2.32891672e-03 
 5.03000000e-02  5.03000000e-02  5.03000000e-02  2.86230775e-01  5.03000000e-02 -2.32891639e-03 
 5.04000000e-02  5.04000000e-02  5.04000000e-02  2.86691618e-01  5.04000000e-02 -2.32891606e-03 
 5.05000000e-02  5.05000000e-02  5.05000000e-02  2.87152149e-01  5.05000000e-02 -2.32891573e-03 
 5.06000000e-02  5.06000000e-02  5.06000000e-02  2.87612365e-01  5.06000000e-02 -2.32891540e-03 
 5.07000000e-02  5.07000000e-02  5.07000000e-02  2.88072266e-01  5.07000000e-02 -2.32891506e-03 
 5.08000000e-02  5.08000000e-02  5.08000000e-02  2.88531851e-01  5.08000000e-02 -2.32891472e-03 
 5.09000000e-02  5.09000000e-02  5.09000000e-02  2.88991120e-01  5.09000000e-02 -2.32891438e-03 
 5.10000000e-02  5.10000000e-02  5.10000000e-02  2.89450072e-01  5.10000000e-02 -2.32891404e-03 
 5.11000000e-02  5.11000000e-02  5.11000000e-02  2.89908706e-01  5.11000000e-02 -2.32891370e-03 
 5.12000000e-02  5.12000000e-02  5.12000000e-02  2.90367022e-01  5.12000000e-02 -2.32891335e-03 
 5.13000000e-02  5.13000000e-02  5.13000000e-02  2.90825019e-01  5.13000000e-02 -2.32891301e-03 
 5.14000000e-02  5.14000000e-02  5.14000000e-02  2.91282697e-01  5.14000000e-02 -2.32891266e-03 
 5.15000000e-02  5.15000000e-02  5.15000000e-02  2.91740054e-01  5.15000000e-02 -2.32891231e-03 
 5.16000000e-02  5.16000000e-02  5.16000000e-02  2.92186228e-01  5.16000000e-02 -2.32891199e-03 
 5.17000000e-02  5.17000000e-02  5.17000000e-02  2.92642813e-01  5.17000000e-02 -2.32891164e-03 
 5.18000000e-02  5.18000000e-02  5.18000000e-02  2.93098482e-01  5.18000000e-02 -2.32891128e-03 
 5.19000000e-02  5.19000000e-02  5.19000000e-02  2.93554556e-01  5.19000000e-02 -2.32891092e-03 
 5.20000000e-02  5.20000000e-02  5.20000000e-02  2.94010278e-01  5.20000000e-02 -2.32891056e-03 
 5.21000000e-02  5.21000000e-02  5.21000000e-02  2.94465725e-01  5.21000000e-02 -2.32891020e-03 
 5.22000000e-02  5.22000000e-02  5.22000000e-02  2.94920848e-01  5.22000000e-02 -2.32890984e-03 
 5.23000000e-02  5.23000000e-02  5.23000000e-02  2.95375649e-01  5.23000000e-02 -2.32890947e-03 
 5.24000000e-02  5.24000000e-02  5.24000000e-02  2.95830125e-01  5.24000000e-02 -2.32890910e-03 
 5.25000000e-02  5.25000000e-02  5.25000000e-02  2.96284275e-01  5.25000000e-02 -2.32890873e-03 
 5.26000000e-02  5.26000000e-02  5.26000000e-02  2.96738098e-01  5.26000000e-02 -2.32890836e-03 
 5.27000000e-02  5.27000000e-02  5.27000000e-02  2.97191594e-01  5.27000000e-02 -2.32890798e-03 
 5.28000000e-02  5.28000000e-02  5.28000000e-02  2.97644763e-01  5.28000000e-02 -2.32890761e-03 
 5.29000000e-02  5.29000000e-02  5.29000000e-02  2.98097603e-01  5.29000000e-02 -2.32890723e-03 
 5.30000000e-02  5.30000000e-02  5.30000000e-02  2.98550115e-01  5.30000000e-02 -2.32890685e-03 
 5.31000000e-02  5.31000000e-02  5.31000000e-02  2.99002297e-01  5.31000000e-02 -2.32890647e-03 
 5.32000000e-02  5.32000000e-02  5.32000000e-02  2.99454148e-01  5.32000000e-02 -2.32890608e-03 
 5.33000000e-02  5.33000000e-02  5.33000000e-02  2.99905669e-01  5.33000000e-02 -2.32890570e-03 
 5.34000000e-02  5.34000000e-02  5.34000000e-02  3.00356859e-01  5.34000000e-02 -2.32890531e-03 
 5.35000000e-02  5.35000000e-02  5.35000000e-02  3.00807717e-01  5.35000000e-02 -2.32890492e-03 
 5.36000000e-02  5.36000000e-02  5.36000000e-02  3.01258243e-01  5.36000000e-02 -2.32890452e-03 
 5.37000000e-02  5.37000000e-02  5.37000000e-02  3.01708435e-01  5.37000000e-02 -2.32890413e-03 
 5.38000000e-02  5.38000000e-02  5.38000000e-02  3.02158294e-01  5.38000000e-02 -2.32890373e-03 
 5.39000000e-02  5.39000000e-02  5.39000000e-02  3.02607818e-01  5.39000000e-02 -2.32890334e-03 
 5.40000000e-02  5.40000000e-02  5.40000000e-02  3.03057008e-01  5.40000000e-02 -2.32890294e-03 
 5.41000000e-02  5.41000000e-02  5.41000000e-02  3.03505862e-01  5.41000000e-02 -2.32890253e-03 
 5.42000000e-02  5.42000000e-02  5.42000000e-02  3.03954381e-01  5.42000000e-02 -2.32890213e-03 
 5.43000000e-02  5.43000000e-02  5.43000000e-02  3.04402562e-01  5.43000000e-02 -2.32890172e-03 
 5.44000000e-02  5.44000000e-02  5.44000000e-02  3.04850407e-01  5.44000000e-02 -2.32890132e-03 
 5.45000000e-02  5.45000000e-02  5.45000000e-02  3.05297913e-01  5.45000000e-02 -2.32890091e-03 
 5.46000000e-02  5.46000000e-02  5.46000000e-02  3.05745082e-01  5.46000000e-02 -2.32890049e-03 
 5.47000000e-02  5.47000000e-02  5.47000000e-02  3.06191911e-01  5.47000000e-02 -2.32890008e-03 
 5.48000000e-02  5.48000000e-02  5.48000000e-02  3.06638401e-01  5.48000000e-02 -2.32889966e-03 
 5.49000000e-02  5.49000000e-02  5.49000000e-02  3.07084550e-01  5.49000000e-02 -2.32889925e-03 
 5.50000000e-02  5.50000000e-02  5.50000000e-02  3.07530359e-01  5.50000000e-02 -2.32889883e-03 
 5.51000000e-02  5.51000000e-02  5.51000000e-02  3.07975827e-01  5.51000000e-02 -2.32889840e-03 
 5.52000000e-02  5.52000000e-02  5.52000000e-02  3.08420952e-01  5.52000000e-02 -2.32889798e-03 
 5.53000000e-02  5.53000000e-02  5.53000000e-02  3.08865735e-01  5.53000000e-02 -2.32889755e-03 
 5.54000000e-02  5.54000000e-02  5.54000000e-02  3.09310175e-01  5.54000000e-02 -2.32889713e-03 
 5.55000000e-02  5.55000000e-02  5.55000000e-02  3.09754272e-01  5.55000000e-02 -2.32889670e-03 
 5.56000000e-02  5.56000000e-02  5.56000000e-02  3.10198024e-01  5.56000000e-02 -2.32889626e-03 
 5.57000000e-02  5.57000000e-02  5.57000000e-02  3.10641431e-01  5.57000000e-02 -2.32889583e-03 
 5.58000000e-02  5.58000000e-02  5.58000000e-02  3.11084493e-01  5.58000000e-02 -2.32889540e-03 
 5.59000000e-02  5.59000000e-02  5.59000000e-02  3.11527209e-01  5.59000000e-02 -2.32889496e-03 
 5.60000000e-02  5.60000000e-02  5.60000000e-02  3.11969578e-01  5.60000000e-02 -2.32889452e-03 
 5.61000000e-02  5.61000000e-02  5.61000000e-02  3.12411600e-01  5.61000000e-02 -2.32889408e-03 
 5.62000000e-02  5.62000000e-02  5.62000000e-02  3.12815637e-01  5.62000000e-02 -2.32889379e-03 
 5.63000000e-02  5.63000000e-02  5.63000000e-02  3.13294859e-01  5.63000000e-02 -2.32889318e-03 
 5.64000000e-02  5.64000000e-02  5.64000000e-02  3.13732389e-01  5.64000000e-02 -2.32889275e-03 
 5.65000000e-02  5.65000000e-02  5.65000000e-02  3.14138570e-01  5.65000000e-02 -2.32889244e-03 
 5.66000000e-02  5.66000000e-02  5.66000000e-02  3.14579896e-01  5.66000000e-02 -2.32889197e-03 
 5.67000000e-02  5.67000000e-02  5.67000000e-02  3.15052707e-01  5.67000000e-02 -2.32889140e-03 
 5.68000000e-02  5.68000000e-02  5.68000000e-02  3.15493530e-01  5.68000000e-02 -2.32889094e-03 
 5.69000000e-02  5.69000000e-02  5.69000000e-02  3.15897077e-01  5.69000000e-02 -2.32889063e-03 
 5.70000000e-02  5.70000000e-02  5.70000000e-02  3.16337901e-01  5.70000000e-02 -2.32889014e-03 
 5.71000000e-02  5.71000000e-02  5.71000000e-02  3.16808869e-01  5.71000000e-02 -2.32888956e-03 
 5.72000000e-02  5.72000000e-02  5.72000000e-02  3.17205051e-01  5.72000000e-02 -2.32888928e-03 
 5.73000000e-02  5.73000000e-02  5.73000000e-02  3.17652827e-01  5.73000000e-02 -2.32888875e-03 
 5.74000000e-02  5.74000000e-02  5.74000000e-02  3.18121435e-01  5.74000000e-02 -2.32888817e-03 
 5.75000000e-02  5.75000000e-02  5.75000000e-02  3.18518415e-01  5.75000000e-02 -2.32888787e-03 
 5.76000000e-02  5.76000000e-02  5.76000000e-02  3.18963661e-01  5.76000000e-02 -2.32888734e-03 
 5.77000000e-02  5.77000000e-02  5.77000000e-02  3.19383794e-01  5.77000000e-02 -2.32888697e-03 
 5.78000000e-02  5.78000000e-02  5.78000000e-02  3.19870822e-01  5.78000000e-02 -2.32888626e-03 
 5.79000000e-02  5.79000000e-02  5.79000000e-02  3.20253338e-01  5.79000000e-02 -2.32888605e-03 
 5.80000000e-02  5.80000000e-02  5.80000000e-02  3.20744550e-01  5.80000000e-02 -2.32888529e-03 
 5.81000000e-02  5.81000000e-02  5.81000000e-02  3.21120941e-01  5.81000000e-02 -2.32888511e-03 
 5.82000000e-02  5.82000000e-02  5.82000000e-02  3.21614702e-01  5.82000000e-02 -2.32888432e-03 
 5.83000000e-02  5.83000000e-02  5.83000000e-02  3.21987519e-01  5.83000000e-02 -2.32888416e-03 
 5.84000000e-02  5.84000000e-02  5.84000000e-02  3.22483162e-01  5.84000000e-02 -2.32888334e-03 
 5.85000000e-02  5.85000000e-02  5.85000000e-02  3.22853211e-01  5.85000000e-02 -2.32888320e-03 
 5.86000000e-02  5.86000000e-02  5.86000000e-02  3.23350082e-01  5.86000000e-02 -2.32888236e-03 
 5.87000000e-02  5.87000000e-02  5.87000000e-02  3.23717922e-01  5.87000000e-02 -2.32888223e-03 
 5.88000000e-02  5.88000000e-02  5.88000000e-02  3.24215489e-01  5.88000000e-02 -2.32888137e-03 
 5.89000000e-02  5.89000000e-02  5.89000000e-02  3.24581537e-01  5.89000000e-02 -2.32888124e-03 
 5.90000000e-02  5.90000000e-02  5.90000000e-02  3.25079396e-01  5.90000000e-02 -2.32888037e-03 
 5.91000000e-02  5.91000000e-02  5.91000000e-02  3.25500631e-01  5.91000000e-02 -2.32887994e-03 
 5.92000000e-02  5.92000000e-02  5.92000000e-02  3.25903136e-01  5.92000000e-02 -2.32887955e-03 
 5.93000000e-02  5.93000000e-02  5.93000000e-02  3.26334213e-01  5.93000000e-02 -2.32887903e-03 
 5.94000000e-02  5.94000000e-02  5.94000000e-02  3.26751127e-01  5.94000000e-02 -2.32887861e-03 
 5.95000000e-02  5.95000000e-02  5.95000000e-02  3.27228104e-01  5.95000000e-02 -2.32887787e-03 
 5.96000000e-02  5.96000000e-02  5.96000000e-02  3.27607123e-01  5.96000000e-02 -2.32887762e-03 
 5.97000000e-02  5.97000000e-02  5.97000000e-02  3.28089481e-01  5.97000000e-02 -2.32887683e-03 
 5.98000000e-02  5.98000000e-02  5.98000000e-02  3.28461900e-01  5.98000000e-02 -2.32887662e-03 
 5.99000000e-02  5.99000000e-02  5.99000000e-02  3.28947272e-01  5.99000000e-02 -2.32887579e-03 
 6.00000000e-02  6.00000000e-02  6.00000000e-02  3.29315815e-01  6.00000000e-02 -2.32887561e-03 
